0	Q0	59628#4	1
0	Q0	23174#3	0
0	Q0	30723#0	0
0	Q0	18862#0	0
0	Q0	55818#35	0
0	Q0	53281#0	0
0	Q0	38742#0	0
0	Q0	37737#2	0
0	Q0	61016#0	0
0	Q0	40216#0	0
0	Q0	41209#1	0
1	Q0	28055#0	1
1	Q0	53706#1	0
1	Q0	35219#19	0
1	Q0	26977#5	0
1	Q0	29285#1	0
1	Q0	20743#1	0
1	Q0	52308#5	0
1	Q0	8620#1	0
1	Q0	22794#1	0
1	Q0	7551#1	0
3	Q0	22304#1	1
3	Q0	33816#1	0
3	Q0	32198#13	0
3	Q0	19516#2	0
3	Q0	57097#3	0
3	Q0	19145#2	0
3	Q0	57171#2	0
3	Q0	9387#1	0
3	Q0	22939#3	0
4	Q0	52074#0	1
5	Q0	49315#0	1
6	Q0	47347#1	1
7	Q0	267710#2	1
8	Q0	32975#4	1
9	Q0	2475#5	1
11	Q0	57942#0	1
11	Q0	36633#0	0
11	Q0	32354#0	0
11	Q0	15602#0	0
11	Q0	9318#0	0
11	Q0	21901#1	0
11	Q0	29175#4	0
11	Q0	52674#4	0
11	Q0	36364#0	0
11	Q0	33813#0	0
12	Q0	34233#0	1
12	Q0	53595#0	0
12	Q0	37712#0	0
12	Q0	52563#0	0
12	Q0	17255#0	0
12	Q0	28183#0	0
12	Q0	28102#0	0
12	Q0	17045#0	0
12	Q0	16741#0	0
12	Q0	27590#0	0
13	Q0	1525#32	1
13	Q0	1525#3	1
13	Q0	1525#27	0
13	Q0	1525#26	0
13	Q0	1525#2	0
13	Q0	1525#24	0
13	Q0	1525#72	0
13	Q0	1525#42	0
13	Q0	1525#28	0
13	Q0	1525#58	0
16	Q0	135570#0	1
16	Q0	38417#6	0
16	Q0	39192#27	0
16	Q0	38314#5	0
16	Q0	20797#20	0
16	Q0	4827#2	0
16	Q0	34054#23	0
16	Q0	34120#23	0
16	Q0	5908#6	0
16	Q0	4827#1	0
18	Q0	1487#19	1
18	Q0	172292#3	0
18	Q0	4509#0	0
18	Q0	1487#18	0
18	Q0	4432#3	0
18	Q0	6984#6	0
18	Q0	4247#21	0
18	Q0	4247#19	0
18	Q0	19085#20	0
18	Q0	1487#31	0
18	Q0	4247#1	0
19	Q0	3083#1	1
19	Q0	3083#0	1
19	Q0	3083#10	0
19	Q0	11355#0	0
19	Q0	3083#7	0
19	Q0	1161#0	0
19	Q0	3083#2	0
19	Q0	38348#0	0
19	Q0	3310#12	0
19	Q0	3083#3	0
20	Q0	57899#0	1
20	Q0	34157#14	0
20	Q0	53706#1	0
20	Q0	49727#13	0
20	Q0	52859#0	0
20	Q0	36330#0	0
20	Q0	17113#0	0
20	Q0	16705#0	0
20	Q0	26029#1	0
22	Q0	71101#0	1
22	Q0	40017#6	0
22	Q0	54969#2	0
22	Q0	39240#7	0
22	Q0	6108#2	0
22	Q0	47170#4	0
22	Q0	32014#2	0
22	Q0	10183#3	0
22	Q0	4024#6	0
23	Q0	36931#0	1
23	Q0	21848#0	0
23	Q0	47932#5	0
23	Q0	24103#0	0
23	Q0	47382#6	0
23	Q0	47932#0	0
23	Q0	47382#0	0
23	Q0	36886#0	0
23	Q0	19041#0	0
23	Q0	36931#4	0
24	Q0	9520#2	1
24	Q0	9520#8	0
24	Q0	9520#26	0
24	Q0	9520#7	0
24	Q0	9520#23	0
24	Q0	9520#3	0
24	Q0	9520#18	0
24	Q0	76374#2	0
24	Q0	54582#11	0
24	Q0	37177#0	0
24	Q0	13816#2	0
25	Q0	32130#0	1
25	Q0	26977#5	0
25	Q0	32095#7	0
25	Q0	27160#0	0
25	Q0	34202#13	0
25	Q0	22026#0	0
25	Q0	21406#0	0
25	Q0	32387#11	0
25	Q0	35020#16	0
25	Q0	32130#14	0
26	Q0	127235#22	1
26	Q0	127235#32	0
26	Q0	127235#29	0
26	Q0	127235#31	0
26	Q0	31396#1	0
26	Q0	127235#3	0
26	Q0	127235#20	0
26	Q0	1532#32	0
26	Q0	127235#13	0
26	Q0	127235#0	0
27	Q0	9537#1	1
27	Q0	9537#20	0
27	Q0	26977#5	0
27	Q0	1685#3	0
27	Q0	32421#11	0
27	Q0	27096#1	0
27	Q0	57101#2	0
27	Q0	26658#6	0
27	Q0	26561#5	0
27	Q0	1306#17	0
29	Q0	4618#0	1
29	Q0	4618#1	0
29	Q0	4618#25	0
29	Q0	11574#6	0
29	Q0	28904#38	0
29	Q0	3708#0	0
29	Q0	32049#1	0
29	Q0	4618#10	0
29	Q0	4618#13	0
29	Q0	6663#1	0
30	Q0	87697#2	1
30	Q0	87697#6	1
30	Q0	48600#18	0
30	Q0	787#11	0
30	Q0	1570#0	0
30	Q0	55087#33	0
30	Q0	47327#1	0
30	Q0	48602#0	0
30	Q0	1530#26	0
30	Q0	1294#19	0
30	Q0	35675#36	0
31	Q0	153297#0	1
32	Q0	227219#0	1
33	Q0	254974#6	1
36	Q0	47072#4	1
39	Q0	22268#0	1
40	Q0	39204#0	1
42	Q0	17713#0	1
45	Q0	82470#1	1
46	Q0	32133#0	1
47	Q0	245980#2	1
53	Q0	78313#4	1
54	Q0	85267#1	1
56	Q0	21765#0	1
57	Q0	1119#0	1
59	Q0	209491#0	1
60	Q0	165493#1	1
61	Q0	108413#0	1
62	Q0	60289#4	1
63	Q0	104037#0	1
64	Q0	93331#0	1
67	Q0	39589#0	1
69	Q0	65450#0	1
70	Q0	103425#0	1
71	Q0	108204#2	1
72	Q0	35804#0	1
73	Q0	220236#1	1
74	Q0	103235#26	1
76	Q0	34227#0	1
77	Q0	105046#2	1
79	Q0	99026#1	1
80	Q0	16716#3	1
81	Q0	29246#0	1
82	Q0	24537#0	1
84	Q0	40609#0	1
85	Q0	229391#1	1
86	Q0	53281#0	1
87	Q0	55934#0	1
89	Q0	39192#0	1
92	Q0	57164#2	1
93	Q0	1358#0	1
95	Q0	57900#0	1
98	Q0	81942#2	1
99	Q0	57166#1	1
100	Q0	77368#0	1
100	Q0	31323#4	0
100	Q0	64952#3	0
100	Q0	43757#0	0
100	Q0	1912#1	0
100	Q0	31323#5	0
100	Q0	2469#28	0
100	Q0	40189#17	0
100	Q0	56042#3	0
100	Q0	38037#0	0
102	Q0	17392#2	1
102	Q0	32202#11	0
102	Q0	32311#9	0
102	Q0	35219#19	0
102	Q0	26983#9	0
102	Q0	26846#1	0
102	Q0	50238#20	0
102	Q0	26749#2	0
102	Q0	26011#0	0
102	Q0	57031#3	0
104	Q0	28763#15	1
104	Q0	28763#1	1
104	Q0	28763#0	1
104	Q0	60437#1	1
104	Q0	60437#5	0
104	Q0	27881#0	0
104	Q0	28763#6	0
104	Q0	56358#1	0
104	Q0	28763#8	0
104	Q0	41157#21	0
105	Q0	142799#0	1
105	Q0	45240#8	0
105	Q0	56014#15	0
105	Q0	40368#40	0
105	Q0	26640#7	0
105	Q0	47505#8	0
105	Q0	40368#83	0
105	Q0	2509#8	0
105	Q0	16481#3	0
105	Q0	4531#11	0
106	Q0	1298#5	1
106	Q0	34743#4	1
106	Q0	1298#26	1
106	Q0	852#15	0
106	Q0	3730#6	0
106	Q0	1300#6	0
106	Q0	852#24	0
106	Q0	53466#0	0
106	Q0	4413#2	0
106	Q0	38432#2	0
108	Q0	210412#0	1
108	Q0	5996#5	0
108	Q0	8726#0	0
108	Q0	210412#1	0
108	Q0	13638#0	0
108	Q0	39078#7	0
108	Q0	37207#3	0
108	Q0	50556#0	0
108	Q0	38356#4	0
108	Q0	38093#0	0
108	Q0	5996#0	0
109	Q0	8708#3	1
109	Q0	17888#1	0
109	Q0	37774#1	0
109	Q0	50269#13	0
109	Q0	18066#1	0
109	Q0	51364#1	0
109	Q0	26983#9	0
109	Q0	32311#9	0
109	Q0	32198#13	0
109	Q0	26661#6	0
110	Q0	20623#2	1
110	Q0	20623#1	0
110	Q0	32698#17	0
110	Q0	20623#0	0
110	Q0	9373#4	0
110	Q0	21041#1	0
110	Q0	32698#11	0
110	Q0	7551#1	0
110	Q0	50573#0	0
110	Q0	26239#0	0
110	Q0	33589#1	0
111	Q0	29537#0	1
111	Q0	20676#2	0
111	Q0	32312#8	0
111	Q0	32284#19	0
111	Q0	53707#20	0
111	Q0	32388#17	0
111	Q0	32264#21	0
111	Q0	57174#1	0
111	Q0	22016#1	0
111	Q0	38513#9	0
112	Q0	8209#0	1
112	Q0	271985#0	1
112	Q0	8209#1	0
112	Q0	8213#2	0
112	Q0	1360#29	0
112	Q0	5769#3	0
112	Q0	23107#1	0
112	Q0	271985#1	0
112	Q0	21947#1	0
112	Q0	34212#2	0
113	Q0	34848#25	1
113	Q0	10277#19	1
113	Q0	34848#17	1
113	Q0	12667#0	0
113	Q0	53303#1	0
113	Q0	23662#19	0
113	Q0	47236#6	0
113	Q0	12667#36	0
113	Q0	18302#20	0
113	Q0	10277#67	0
114	Q0	32700#0	1
114	Q0	32700#15	0
114	Q0	27097#1	0
114	Q0	27105#1	0
114	Q0	51050#3	0
114	Q0	26191#1	0
114	Q0	26934#0	0
114	Q0	46982#11	0
114	Q0	51000#20	0
114	Q0	49405#2	0
115	Q0	222178#5	1
115	Q0	34894#15	0
115	Q0	34894#0	0
115	Q0	2505#50	0
115	Q0	38658#1	0
115	Q0	222178#4	0
115	Q0	4531#28	0
115	Q0	34894#11	0
115	Q0	1397#19	0
115	Q0	34894#12	0
115	Q0	222178#0	0
116	Q0	205402#0	1
116	Q0	4567#4	0
116	Q0	1152#1	0
116	Q0	4567#38	0
116	Q0	38981#1	0
116	Q0	4567#2	0
116	Q0	38981#0	0
116	Q0	7043#1	0
116	Q0	39085#2	0
116	Q0	7797#1	0
118	Q0	37465#2	1
118	Q0	3418#119	1
118	Q0	98898#0	1
118	Q0	37465#12	0
118	Q0	3488#21	0
118	Q0	1909#0	0
118	Q0	3852#1	0
118	Q0	31323#1	0
118	Q0	3543#7	0
118	Q0	37465#11	0
118	Q0	3598#0	0
119	Q0	111748#5	1
119	Q0	111748#6	1
119	Q0	105970#20	1
119	Q0	35677#13	0
119	Q0	37099#0	0
119	Q0	47587#11	0
119	Q0	4906#8	0
119	Q0	48440#3	0
119	Q0	11820#36	0
119	Q0	55092#10	0
119	Q0	55818#23	0
121	Q0	108284#0	1
121	Q0	1591#27	0
121	Q0	1591#0	0
121	Q0	4831#5	0
121	Q0	34998#0	0
121	Q0	1603#0	0
121	Q0	31410#0	0
121	Q0	31396#22	0
121	Q0	108284#20	0
121	Q0	1573#2	0
122	Q0	30017#0	1
122	Q0	50222#11	0
122	Q0	37889#1	0
122	Q0	54448#10	0
122	Q0	6663#0	0
122	Q0	49846#10	0
122	Q0	54047#9	0
122	Q0	18716#1	0
122	Q0	50853#10	0
122	Q0	28669#0	0
123	Q0	59628#0	1
123	Q0	55818#35	0
123	Q0	59628#7	0
123	Q0	3770#7	0
123	Q0	59628#5	0
123	Q0	115319#0	0
123	Q0	7364#5	0
123	Q0	129238#8	0
123	Q0	29459#0	0
123	Q0	37686#2	0
124	Q0	125965#5	1
124	Q0	40995#2	0
124	Q0	5891#1	0
124	Q0	6476#1	0
124	Q0	9783#1	0
124	Q0	2495#1	0
124	Q0	5348#1	0
124	Q0	34159#16	0
124	Q0	41404#2	0
124	Q0	39944#1	0
125	Q0	59579#4	1
125	Q0	40147#4	0
125	Q0	59579#0	0
125	Q0	35210#2	0
125	Q0	6122#1	0
125	Q0	39058#0	0
125	Q0	40147#13	0
125	Q0	5457#33	0
125	Q0	54592#1	0
125	Q0	1685#35	0
127	Q0	34880#1	1
127	Q0	34880#0	1
127	Q0	9150#5	0
127	Q0	18627#6	0
127	Q0	37188#1	0
127	Q0	2482#9	0
127	Q0	37267#8	0
127	Q0	18627#0	0
127	Q0	7060#5	0
127	Q0	53152#6	0
128	Q0	56116#4	1
128	Q0	56116#1	1
128	Q0	35649#7	0
128	Q0	53092#2	0
128	Q0	56116#3	0
128	Q0	51948#20	0
128	Q0	53092#3	0
128	Q0	55371#1	0
128	Q0	1590#19	0
128	Q0	4872#0	0
128	Q0	55371#4	0
129	Q0	248723#2	1
129	Q0	248723#3	0
129	Q0	3401#3	0
129	Q0	248723#0	0
129	Q0	251451#1	0
129	Q0	8210#13	0
129	Q0	39216#0	0
129	Q0	26375#35	0
129	Q0	1191#1	0
129	Q0	48600#88	0
130	Q0	51982#0	1
130	Q0	51978#0	1
130	Q0	51979#0	0
130	Q0	27022#12	0
130	Q0	35020#16	0
130	Q0	15602#0	0
130	Q0	52050#1	0
130	Q0	26977#5	0
130	Q0	18282#1	0
130	Q0	26691#21	0
132	Q0	81730#1	1
132	Q0	5935#6	0
132	Q0	29741#3	0
132	Q0	2624#6	0
132	Q0	39196#12	0
132	Q0	38817#3	0
132	Q0	7531#23	0
132	Q0	1718#1	0
135	Q0	4934#0	1
135	Q0	45454#3	1
135	Q0	92991#3	1
135	Q0	45454#5	0
135	Q0	6942#0	0
135	Q0	1294#12	0
135	Q0	45454#4	0
135	Q0	34905#0	0
135	Q0	787#14	0
135	Q0	4921#3	0
136	Q0	71780#0	1
136	Q0	74634#8	1
136	Q0	1193#5	0
136	Q0	106660#9	0
136	Q0	55377#1	0
136	Q0	41040#2	0
136	Q0	55376#1	0
136	Q0	40068#6	0
136	Q0	13457#0	0
136	Q0	23174#2	0
136	Q0	106395#18	0
137	Q0	65647#5	1
137	Q0	113095#27	0
137	Q0	3404#2	0
137	Q0	55376#4	0
137	Q0	65647#6	0
137	Q0	792#29	0
137	Q0	1191#5	0
137	Q0	7881#12	0
137	Q0	114733#1	0
137	Q0	1205#17	0
137	Q0	60863#3	0
139	Q0	237816#0	1
139	Q0	39959#8	0
139	Q0	53329#2	0
139	Q0	6153#2	0
139	Q0	10993#1	0
139	Q0	12965#2	0
139	Q0	11073#2	0
139	Q0	39385#1	0
139	Q0	10625#0	0
140	Q0	48409#0	1
141	Q0	21422#0	1
141	Q0	17934#1	0
141	Q0	48716#0	0
141	Q0	21646#0	0
141	Q0	39651#1	0
141	Q0	48318#1	0
141	Q0	48725#0	0
141	Q0	17802#1	0
141	Q0	18932#2	0
141	Q0	37815#4	0
142	Q0	47907#2	1
142	Q0	47912#0	1
142	Q0	47895#0	1
142	Q0	47914#0	1
142	Q0	47904#0	1
142	Q0	47905#3	0
142	Q0	47911#1	0
142	Q0	20689#1	0
142	Q0	47913#1	0
142	Q0	51947#2	0
142	Q0	52145#2	0
143	Q0	153411#0	1
143	Q0	49815#0	0
143	Q0	19399#2	0
143	Q0	20871#2	0
143	Q0	17424#0	0
143	Q0	26723#0	0
143	Q0	17379#0	0
143	Q0	26069#1	0
143	Q0	26869#0	0
143	Q0	50398#0	0
144	Q0	129361#0	1
144	Q0	39078#7	0
144	Q0	8726#0	0
144	Q0	39031#30	0
144	Q0	34852#2	0
144	Q0	47505#3	0
144	Q0	47327#75	0
144	Q0	40037#0	0
144	Q0	13584#0	0
144	Q0	39031#34	0
144	Q0	13638#0	0
145	Q0	34130#0	1
145	Q0	34130#13	0
145	Q0	33952#11	0
145	Q0	26806#11	0
145	Q0	32687#19	0
145	Q0	32047#17	0
145	Q0	37055#15	0
145	Q0	26882#3	0
145	Q0	51000#20	0
145	Q0	26693#18	0
146	Q0	61087#0	1
146	Q0	16136#0	0
146	Q0	34407#12	0
146	Q0	31989#19	0
146	Q0	26983#9	0
146	Q0	36374#0	0
146	Q0	49830#7	0
146	Q0	26982#7	0
146	Q0	17681#0	0
146	Q0	51050#3	0
147	Q0	34672#46	1
147	Q0	7448#0	0
147	Q0	34672#53	0
147	Q0	11964#10	0
147	Q0	34672#50	0
147	Q0	49574#4	0
147	Q0	34672#42	0
147	Q0	34672#43	0
147	Q0	49577#3	0
147	Q0	1867#13	0
148	Q0	108497#0	1
148	Q0	38037#0	0
148	Q0	108497#4	0
148	Q0	2518#1	0
148	Q0	108497#8	0
148	Q0	9835#4	0
148	Q0	39930#0	0
148	Q0	38865#0	0
148	Q0	39058#0	0
148	Q0	9835#3	0
149	Q0	106112#3	1
149	Q0	106112#0	0
149	Q0	47249#1	0
149	Q0	106112#24	0
149	Q0	38541#4	0
149	Q0	106112#6	0
149	Q0	106112#1	0
149	Q0	38865#0	0
149	Q0	106112#8	0
149	Q0	2502#2	0
150	Q0	22341#1	1
150	Q0	32640#19	0
150	Q0	16025#0	0
150	Q0	21503#0	0
150	Q0	22341#2	0
150	Q0	32632#9	0
150	Q0	35219#19	0
150	Q0	32641#16	0
150	Q0	21821#1	0
150	Q0	52308#5	0
151	Q0	102123#1	1
151	Q0	3894#4	1
151	Q0	178352#1	1
151	Q0	102123#9	1
151	Q0	2416#8	0
151	Q0	28904#38	0
151	Q0	1357#13	0
151	Q0	1357#14	0
151	Q0	1332#1	0
151	Q0	1357#8	0
151	Q0	54561#2	0
152	Q0	34326#0	1
152	Q0	17147#0	0
152	Q0	16026#0	0
152	Q0	26079#1	0
152	Q0	17162#1	0
152	Q0	15723#0	0
152	Q0	34326#13	0
152	Q0	50896#0	0
152	Q0	29441#0	0
152	Q0	22379#0	0
154	Q0	34905#0	1
154	Q0	1586#4	0
154	Q0	1294#19	0
154	Q0	27383#1	0
154	Q0	787#0	0
154	Q0	51040#4	0
154	Q0	3418#146	0
154	Q0	27393#0	0
154	Q0	35675#36	0
154	Q0	4921#13	0
154	Q0	1580#0	0
155	Q0	78709#0	1
155	Q0	1351#20	0
155	Q0	32671#7	0
155	Q0	47018#38	0
155	Q0	40354#1	0
155	Q0	1517#2	0
155	Q0	5297#34	0
155	Q0	1510#14	0
155	Q0	3730#26	0
155	Q0	2451#26	0
157	Q0	2736#1	1
158	Q0	57998#0	1
158	Q0	32014#0	0
158	Q0	28154#0	0
158	Q0	26322#6	0
158	Q0	32014#7	0
158	Q0	26118#0	0
158	Q0	1810#1	0
158	Q0	28168#0	0
158	Q0	15613#0	0
158	Q0	28775#0	0
159	Q0	249927#0	1
159	Q0	39810#13	0
159	Q0	40368#12	0
159	Q0	40368#86	0
159	Q0	249927#5	0
159	Q0	40368#38	0
159	Q0	38675#4	0
159	Q0	13455#10	0
159	Q0	40368#129	0
159	Q0	40368#99	0
160	Q0	24706#0	1
160	Q0	47939#3	0
160	Q0	191418#0	0
160	Q0	24996#0	0
160	Q0	24408#0	0
160	Q0	21735#0	0
160	Q0	28359#0	0
160	Q0	17952#1	0
160	Q0	49233#1	0
160	Q0	24925#0	0
161	Q0	24209#0	1
161	Q0	52308#5	0
161	Q0	34242#17	0
161	Q0	32633#6	0
161	Q0	26886#1	0
161	Q0	32307#13	0
161	Q0	26862#4	0
161	Q0	27130#3	0
161	Q0	23207#28	0
161	Q0	50433#1	0
162	Q0	105681#1	1
162	Q0	35890#3	0
162	Q0	47587#11	0
162	Q0	40206#2	0
162	Q0	39196#21	0
162	Q0	31396#34	0
162	Q0	97989#7	0
162	Q0	45309#18	0
162	Q0	157685#26	0
162	Q0	7662#13	0
163	Q0	226913#0	1
163	Q0	57156#2	0
163	Q0	26865#14	0
163	Q0	35219#19	0
163	Q0	1395#13	0
163	Q0	32619#13	0
163	Q0	31515#24	0
163	Q0	49088#11	0
163	Q0	18341#3	0
163	Q0	29403#1	0
163	Q0	32429#9	0
164	Q0	172292#3	1
164	Q0	39390#6	1
164	Q0	34784#0	1
164	Q0	787#1	1
164	Q0	4509#0	1
164	Q0	787#5	1
164	Q0	1487#19	1
164	Q0	4342#6	0
164	Q0	786#7	0
165	Q0	75371#0	1
165	Q0	185365#2	0
165	Q0	3451#10	0
165	Q0	37829#5	0
165	Q0	37829#4	0
165	Q0	37829#2	0
165	Q0	1149#65	0
165	Q0	56358#22	0
165	Q0	47327#66	0
165	Q0	3451#5	0
166	Q0	1358#0	1
166	Q0	1359#5	1
166	Q0	1358#1	1
166	Q0	786#7	0
166	Q0	1918#1	0
166	Q0	34445#1	0
166	Q0	38407#2	0
166	Q0	34445#2	0
166	Q0	1392#4	0
166	Q0	1358#34	0
167	Q0	72749#0	1
167	Q0	1692#2	1
167	Q0	1692#4	0
167	Q0	1692#13	0
167	Q0	1692#3	0
167	Q0	9421#3	0
167	Q0	47236#5	0
167	Q0	26582#3	0
167	Q0	72749#4	0
167	Q0	1692#5	0
167	Q0	7918#0	0
171	Q0	9835#8	1
171	Q0	9835#27	0
171	Q0	39085#15	0
171	Q0	39726#14	0
171	Q0	39085#12	0
171	Q0	9835#1	0
171	Q0	26783#11	0
171	Q0	26647#5	0
171	Q0	9835#10	0
171	Q0	32205#16	0
171	Q0	4893#4	0
172	Q0	23508#1	1
172	Q0	50222#11	0
172	Q0	23511#9	0
172	Q0	22939#2	0
172	Q0	4618#13	0
172	Q0	1782#12	0
172	Q0	1547#24	0
172	Q0	8253#2	0
172	Q0	25597#10	0
172	Q0	8258#3	0
172	Q0	1145#18	0
173	Q0	21399#0	1
173	Q0	24206#0	0
173	Q0	24207#0	0
173	Q0	16207#0	0
173	Q0	10223#0	0
173	Q0	26039#0	0
173	Q0	48653#4	0
173	Q0	16559#0	0
173	Q0	36483#0	0
173	Q0	21500#0	0
174	Q0	108736#0	1
174	Q0	40616#4	0
174	Q0	23174#1	0
174	Q0	31324#3	0
174	Q0	40396#7	0
174	Q0	1192#0	0
174	Q0	18862#0	0
174	Q0	1583#13	0
174	Q0	1190#6	0
174	Q0	45247#16	0
174	Q0	41209#1	0
175	Q0	23850#1	1
175	Q0	27105#1	0
175	Q0	23850#14	0
175	Q0	32682#19	0
175	Q0	51209#19	0
175	Q0	32046#15	0
175	Q0	55107#0	0
175	Q0	27097#1	0
175	Q0	32710#8	0
175	Q0	26882#3	0
176	Q0	2625#1	1
176	Q0	53911#5	1
176	Q0	2625#4	0
176	Q0	53115#1	0
176	Q0	3581#0	0
176	Q0	2625#7	0
176	Q0	4652#11	0
176	Q0	2625#11	0
176	Q0	2625#12	0
176	Q0	53911#2	0
176	Q0	53911#0	0
177	Q0	60028#0	1
177	Q0	82056#3	0
177	Q0	3451#7	0
177	Q0	82056#0	0
177	Q0	60058#0	0
177	Q0	116305#2	0
177	Q0	82056#4	0
177	Q0	82056#5	0
177	Q0	82056#8	0
177	Q0	54598#5	0
179	Q0	233389#1	1
179	Q0	40995#2	0
179	Q0	5891#1	0
179	Q0	6476#1	0
179	Q0	2505#4	0
179	Q0	6303#2	0
179	Q0	39298#3	0
179	Q0	9783#1	0
179	Q0	39944#1	0
179	Q0	9462#1	0
180	Q0	229421#0	1
180	Q0	229421#1	1
180	Q0	6122#1	0
180	Q0	54592#1	0
180	Q0	4567#4	0
180	Q0	1152#1	0
180	Q0	48710#1	0
180	Q0	2518#1	0
180	Q0	38759#0	0
180	Q0	5457#33	0
180	Q0	2468#1	0
181	Q0	103635#0	1
181	Q0	103635#18	0
181	Q0	103635#15	0
181	Q0	39619#0	0
181	Q0	38705#3	0
181	Q0	40368#27	0
181	Q0	10085#3	0
181	Q0	54582#29	0
181	Q0	11230#0	0
181	Q0	47018#93	0
183	Q0	118488#0	1
183	Q0	6476#1	0
183	Q0	54936#3	0
183	Q0	2541#1	0
183	Q0	2518#1	0
183	Q0	2502#2	0
183	Q0	31880#1	0
183	Q0	7797#1	0
183	Q0	40110#1	0
183	Q0	46924#8	0
184	Q0	132671#0	1
184	Q0	9841#10	0
184	Q0	5527#10	0
184	Q0	1684#82	0
184	Q0	9841#8	0
184	Q0	6273#2	0
184	Q0	34672#73	0
184	Q0	49576#31	0
184	Q0	7894#2	0
184	Q0	9841#9	0
185	Q0	22528#0	1
185	Q0	22528#5	0
185	Q0	15602#0	0
185	Q0	34261#0	0
185	Q0	16926#0	0
185	Q0	15595#0	0
185	Q0	51545#6	0
185	Q0	15603#0	0
185	Q0	51383#5	0
185	Q0	10223#0	0
186	Q0	50915#0	1
186	Q0	50915#22	0
186	Q0	50915#10	0
186	Q0	50915#15	0
186	Q0	26412#0	0
186	Q0	4809#0	0
186	Q0	29145#4	0
186	Q0	16008#1	0
186	Q0	35962#8	0
186	Q0	24157#0	0
188	Q0	58544#1	1
188	Q0	32682#19	0
188	Q0	26532#3	0
188	Q0	27105#1	0
188	Q0	27097#1	0
188	Q0	26892#1	0
188	Q0	26412#16	0
188	Q0	32046#15	0
188	Q0	34157#14	0
188	Q0	26983#9	0
188	Q0	31967#11	0
190	Q0	179147#0	1
190	Q0	1497#3	0
190	Q0	24030#0	0
190	Q0	24030#6	0
190	Q0	40967#15	0
190	Q0	3768#16	0
190	Q0	39390#36	0
190	Q0	38407#4	0
190	Q0	3768#2	0
190	Q0	6479#23	0
191	Q0	107071#1	1
191	Q0	107071#17	0
191	Q0	2475#8	0
191	Q0	39249#8	0
191	Q0	6111#3	0
191	Q0	6108#8	0
191	Q0	39594#2	0
191	Q0	10673#0	0
191	Q0	11426#0	0
191	Q0	9457#4	0
191	Q0	3890#0	0
193	Q0	26773#0	1
193	Q0	26773#10	1
193	Q0	34431#12	0
193	Q0	41385#7	0
193	Q0	32214#19	0
193	Q0	32547#8	0
193	Q0	49000#10	0
193	Q0	37880#0	0
193	Q0	32626#7	0
193	Q0	32749#1	0
193	Q0	31608#22	0
194	Q0	2495#0	1
194	Q0	2495#10	1
194	Q0	64175#0	0
194	Q0	2495#11	0
194	Q0	2522#5	0
194	Q0	2468#0	0
194	Q0	2512#0	0
194	Q0	2520#10	0
194	Q0	4432#0	0
194	Q0	2502#0	0
194	Q0	39192#23	0
195	Q0	91020#0	1
195	Q0	10227#2	1
195	Q0	4531#7	1
195	Q0	2521#2	1
195	Q0	93910#20	1
195	Q0	4531#3	0
195	Q0	39240#4	0
195	Q0	5388#3	0
195	Q0	48847#1	0
195	Q0	30259#7	0
195	Q0	28842#1	0
196	Q0	105383#1	1
196	Q0	54592#1	0
196	Q0	35210#2	0
196	Q0	13823#2	0
196	Q0	11962#1	0
196	Q0	105383#3	0
196	Q0	2502#2	0
196	Q0	41404#2	0
196	Q0	40995#2	0
196	Q0	2518#1	0
197	Q0	34441#0	1
197	Q0	53662#3	0
197	Q0	26945#5	0
197	Q0	49360#19	0
197	Q0	26401#18	0
197	Q0	54059#6	0
197	Q0	37028#14	0
197	Q0	22227#5	0
197	Q0	38042#17	0
197	Q0	31044#1	0
197	Q0	26500#17	0
199	Q0	79578#0	1
199	Q0	109886#0	1
199	Q0	108033#12	1
199	Q0	84671#0	1
199	Q0	5908#6	0
199	Q0	5756#0	0
199	Q0	1429#1	0
199	Q0	39298#0	0
199	Q0	5890#0	0
199	Q0	7918#10	0
199	Q0	167056#1	0
201	Q0	185723#0	1
201	Q0	53283#44	0
201	Q0	185723#1	0
201	Q0	35675#10	0
201	Q0	4531#23	0
201	Q0	6989#3	0
201	Q0	54918#16	0
201	Q0	56106#11	0
201	Q0	56106#22	0
201	Q0	55600#2	0
202	Q0	40823#0	1
202	Q0	110817#0	1
202	Q0	110817#1	0
202	Q0	1395#4	0
202	Q0	110817#3	0
202	Q0	6185#3	0
202	Q0	168488#0	0
202	Q0	5373#50	0
202	Q0	112824#41	0
202	Q0	9247#0	0
203	Q0	100741#0	1
203	Q0	27383#1	1
203	Q0	31318#3	1
203	Q0	1294#19	1
203	Q0	1598#0	1
203	Q0	27223#0	1
203	Q0	31318#0	0
203	Q0	4497#0	0
203	Q0	39390#0	0
203	Q0	224540#2	0
203	Q0	787#11	0
204	Q0	47160#27	1
204	Q0	47160#0	1
204	Q0	47160#2	0
204	Q0	47160#29	0
204	Q0	47160#31	0
204	Q0	47160#30	0
204	Q0	47160#1	0
204	Q0	47160#25	0
204	Q0	47160#26	0
204	Q0	47160#23	0
205	Q0	23425#1	1
205	Q0	53707#20	0
205	Q0	37123#18	0
205	Q0	53706#1	0
205	Q0	53731#18	0
205	Q0	22489#12	0
205	Q0	32264#21	0
205	Q0	53739#96	0
205	Q0	1484#17	0
205	Q0	49990#1	0
206	Q0	102625#0	1
206	Q0	13455#6	0
206	Q0	102625#1	0
206	Q0	106425#16	0
206	Q0	12382#0	0
206	Q0	12328#0	0
206	Q0	106425#25	0
206	Q0	102625#13	0
206	Q0	23948#1	0
206	Q0	106363#31	0
208	Q0	57527#1	1
208	Q0	49453#18	0
208	Q0	34296#9	0
208	Q0	53739#96	0
208	Q0	49575#25	0
208	Q0	32282#19	0
208	Q0	26665#6	0
208	Q0	26977#5	0
208	Q0	53707#20	0
208	Q0	32234#22	0
208	Q0	5903#12	0
209	Q0	23262#1	1
209	Q0	23262#12	0
209	Q0	49265#32	0
209	Q0	32044#18	0
209	Q0	49088#11	0
209	Q0	31515#24	0
209	Q0	22227#5	0
209	Q0	49360#19	0
209	Q0	57156#2	0
209	Q0	32619#13	0
210	Q0	5264#0	1
210	Q0	50369#0	0
210	Q0	21579#0	0
210	Q0	50955#0	0
210	Q0	19532#8	0
210	Q0	21588#1	0
210	Q0	50369#1	0
210	Q0	48064#0	0
210	Q0	5268#2	0
210	Q0	21588#0	0
212	Q0	7407#0	1
212	Q0	1393#19	0
212	Q0	48024#2	0
212	Q0	37872#0	0
212	Q0	37887#1	0
212	Q0	19145#2	0
212	Q0	9210#1	0
212	Q0	37089#2	0
212	Q0	25392#2	0
212	Q0	51203#1	0
213	Q0	21690#0	1
213	Q0	21690#5	0
213	Q0	17788#0	0
213	Q0	32130#0	0
213	Q0	32130#4	0
213	Q0	21690#3	0
213	Q0	27528#0	0
213	Q0	38191#10	0
213	Q0	24908#0	0
213	Q0	21730#4	0
215	Q0	111748#3	1
215	Q0	55818#23	0
215	Q0	5527#2	0
215	Q0	4906#8	0
215	Q0	1692#4	0
215	Q0	48440#3	0
215	Q0	66205#0	0
215	Q0	111748#5	0
215	Q0	111748#6	0
215	Q0	47236#6	0
215	Q0	1692#2	0
216	Q0	175513#1	1
216	Q0	175513#3	1
216	Q0	45463#4	0
216	Q0	75439#5	0
216	Q0	34672#9	0
216	Q0	1193#9	0
216	Q0	9279#1	0
216	Q0	1591#16	0
216	Q0	34669#6	0
217	Q0	94341#3	1
217	Q0	3418#4	1
217	Q0	1294#7	1
217	Q0	3418#152	0
217	Q0	1525#17	0
217	Q0	3418#163	0
217	Q0	3418#134	0
217	Q0	3418#147	0
217	Q0	47018#32	0
217	Q0	3418#158	0
217	Q0	3418#155	0
219	Q0	92453#0	1
219	Q0	34672#9	0
219	Q0	39216#0	0
219	Q0	13260#9	0
219	Q0	54561#2	0
219	Q0	109643#4	0
219	Q0	48846#2	0
219	Q0	53255#0	0
219	Q0	39373#0	0
219	Q0	5935#0	0
220	Q0	10367#0	1
220	Q0	13248#0	0
220	Q0	10497#0	0
220	Q0	10806#0	0
220	Q0	10673#0	0
220	Q0	13320#0	0
220	Q0	10509#0	0
220	Q0	11430#0	0
220	Q0	10827#1	0
220	Q0	10729#0	0
221	Q0	59475#0	1
221	Q0	150940#0	0
221	Q0	268071#2	0
221	Q0	268071#4	0
221	Q0	185734#0	0
221	Q0	3401#1	0
221	Q0	3401#0	0
221	Q0	252985#0	0
221	Q0	9286#0	0
221	Q0	124936#1	0
221	Q0	22938#8	0
222	Q0	243129#0	1
222	Q0	102815#16	0
222	Q0	6153#6	0
222	Q0	11762#2	0
222	Q0	11769#0	0
222	Q0	39623#0	0
222	Q0	3427#2	0
222	Q0	11069#0	0
222	Q0	16379#22	0
222	Q0	10827#1	0
222	Q0	102118#45	0
223	Q0	75676#1	1
223	Q0	39726#3	0
223	Q0	33995#4	0
223	Q0	12272#2	0
223	Q0	12778#1	0
223	Q0	5897#10	0
223	Q0	13414#1	0
223	Q0	38444#20	0
223	Q0	4929#1	0
223	Q0	40007#0	0
224	Q0	6468#1	1
224	Q0	6468#4	1
224	Q0	6468#0	1
224	Q0	6468#9	1
224	Q0	6468#6	1
224	Q0	6468#7	1
224	Q0	3489#25	0
224	Q0	3489#28	0
224	Q0	6468#10	0
224	Q0	39083#3	0
226	Q0	3581#0	1
226	Q0	3581#5	0
226	Q0	3581#4	0
226	Q0	7043#1	0
226	Q0	1152#1	0
226	Q0	9457#1	0
226	Q0	7043#0	0
226	Q0	34145#19	0
226	Q0	3581#29	0
226	Q0	3581#2	0
227	Q0	155638#3	1
227	Q0	37976#4	0
227	Q0	12778#1	0
227	Q0	155638#0	0
227	Q0	155638#24	0
227	Q0	37976#25	0
227	Q0	1185#1	0
227	Q0	37976#2	0
227	Q0	39726#3	0
227	Q0	155638#1	0
228	Q0	39810#6	1
228	Q0	40368#5	1
228	Q0	40368#148	0
228	Q0	39810#8	0
228	Q0	40368#134	0
228	Q0	40368#7	0
228	Q0	39810#0	0
228	Q0	40368#143	0
228	Q0	40368#118	0
228	Q0	40368#11	0
229	Q0	75653#1	1
229	Q0	13444#10	0
229	Q0	11691#2	0
229	Q0	38761#16	0
229	Q0	55013#0	0
229	Q0	3077#4	0
229	Q0	53138#16	0
229	Q0	13444#9	0
230	Q0	37465#0	1
230	Q0	131921#11	0
230	Q0	106660#41	0
230	Q0	101917#12	0
230	Q0	51173#3	0
230	Q0	16117#5	0
230	Q0	14305#7	0
230	Q0	51191#5	0
230	Q0	51174#5	0
230	Q0	9254#0	0
230	Q0	1474#23	0
231	Q0	139561#0	1
231	Q0	9457#1	0
231	Q0	5348#1	0
231	Q0	54608#1	0
231	Q0	9457#0	0
231	Q0	5891#1	0
231	Q0	13177#0	0
231	Q0	39944#1	0
231	Q0	39224#2	0
231	Q0	39123#1	0
232	Q0	9520#0	1
232	Q0	9520#7	0
232	Q0	9520#8	0
232	Q0	210088#1	0
232	Q0	211350#0	0
232	Q0	9520#23	0
232	Q0	243137#0	0
232	Q0	76374#2	0
232	Q0	38407#13	0
232	Q0	37177#0	0
233	Q0	24605#0	1
233	Q0	32705#0	0
233	Q0	20732#1	0
233	Q0	20801#0	0
233	Q0	15554#0	0
233	Q0	1814#0	0
233	Q0	22269#0	0
233	Q0	25092#11	0
233	Q0	20732#9	0
233	Q0	24142#0	0
234	Q0	23803#0	1
234	Q0	23815#0	0
234	Q0	26139#1	0
234	Q0	29403#1	0
234	Q0	47962#0	0
234	Q0	29772#0	0
234	Q0	23815#5	0
234	Q0	34184#14	0
234	Q0	32000#9	0
234	Q0	23815#2	0
236	Q0	60524#0	1
236	Q0	40396#8	0
236	Q0	11616#0	0
236	Q0	40396#7	0
236	Q0	6040#24	0
236	Q0	10300#14	0
236	Q0	6046#49	0
236	Q0	7881#8	0
236	Q0	53138#24	0
236	Q0	53138#15	0
236	Q0	53071#7	0
237	Q0	92453#0	1
237	Q0	39216#0	0
237	Q0	48846#2	0
237	Q0	53255#0	0
237	Q0	54561#2	0
237	Q0	40407#0	0
237	Q0	13260#31	0
237	Q0	13260#9	0
237	Q0	55057#36	0
237	Q0	5935#0	0
239	Q0	173851#1	1
239	Q0	173851#4	0
239	Q0	173851#3	0
239	Q0	173851#6	0
239	Q0	39192#20	0
239	Q0	53312#20	0
239	Q0	173851#2	0
239	Q0	1351#20	0
239	Q0	48600#87	0
239	Q0	182018#2	0
240	Q0	155170#1	1
240	Q0	875#16	0
240	Q0	40007#0	0
240	Q0	5871#1	0
240	Q0	39726#3	0
240	Q0	38415#1	0
240	Q0	10560#2	0
240	Q0	5897#10	0
240	Q0	6303#2	0
240	Q0	6001#1	0
241	Q0	102875#7	1
241	Q0	55328#3	1
241	Q0	3451#7	0
241	Q0	1145#22	0
241	Q0	53326#16	0
241	Q0	55245#6	0
241	Q0	55226#0	0
241	Q0	31324#3	0
241	Q0	11373#0	0
241	Q0	40463#1	0
241	Q0	56358#22	0
242	Q0	231340#1	1
242	Q0	1393#3	1
242	Q0	1393#11	1
242	Q0	1390#4	0
242	Q0	1487#5	0
242	Q0	1487#1	0
242	Q0	54999#0	0
242	Q0	1487#41	0
242	Q0	7479#2	0
242	Q0	48600#14	0
242	Q0	2413#0	0
243	Q0	75516#1	1
243	Q0	3418#147	0
243	Q0	47236#7	0
243	Q0	1526#7	0
243	Q0	13260#35	0
243	Q0	3418#27	0
243	Q0	39192#16	0
243	Q0	2509#6	0
243	Q0	48440#3	0
243	Q0	47236#6	0
243	Q0	1294#6	0
244	Q0	106952#8	1
244	Q0	1351#21	0
244	Q0	1589#39	0
244	Q0	1306#21	0
244	Q0	1589#32	0
244	Q0	32374#19	0
244	Q0	106952#15	0
244	Q0	1345#2	0
244	Q0	1589#11	0
244	Q0	2411#9	0
245	Q0	1374#1	1
245	Q0	48872#21	1
245	Q0	12272#2	0
245	Q0	1374#2	0
245	Q0	1374#4	0
245	Q0	38892#2	0
245	Q0	1374#5	0
245	Q0	38508#0	0
245	Q0	10560#2	0
245	Q0	3581#4	0
246	Q0	58075#0	1
246	Q0	29080#0	1
246	Q0	26141#1	0
246	Q0	26354#0	0
246	Q0	32325#22	0
246	Q0	31989#19	0
246	Q0	51370#2	0
246	Q0	57061#1	0
246	Q0	51590#9	0
246	Q0	48178#3	0
247	Q0	21519#0	1
247	Q0	50809#31	0
247	Q0	50269#13	0
247	Q0	34133#19	0
247	Q0	26862#4	0
247	Q0	34092#7	0
247	Q0	32309#17	0
247	Q0	32357#8	0
247	Q0	23231#26	0
247	Q0	32489#11	0
248	Q0	47086#1	1
248	Q0	47085#0	1
248	Q0	47086#5	0
248	Q0	17091#1	0
248	Q0	26066#1	0
248	Q0	47939#3	0
248	Q0	26317#0	0
248	Q0	18928#2	0
248	Q0	47086#8	0
248	Q0	47086#6	0
249	Q0	23028#1	1
249	Q0	23028#18	0
249	Q0	34026#10	0
249	Q0	32393#11	0
249	Q0	28759#0	0
249	Q0	26982#7	0
249	Q0	34073#19	0
249	Q0	22018#1	0
249	Q0	26751#1	0
249	Q0	40670#14	0
250	Q0	107698#4	1
250	Q0	54937#0	0
250	Q0	11233#2	0
250	Q0	40191#1	0
250	Q0	13815#0	0
250	Q0	40524#0	0
250	Q0	23955#4	0
250	Q0	5314#0	0
250	Q0	5457#33	0
250	Q0	35948#0	0
250	Q0	54937#1	0
252	Q0	226227#0	1
252	Q0	41040#5	0
252	Q0	35287#3	0
252	Q0	41040#4	0
252	Q0	55376#4	0
252	Q0	41040#3	0
252	Q0	37912#0	0
252	Q0	832#3	0
252	Q0	56358#51	0
252	Q0	34672#18	0
253	Q0	172292#0	1
253	Q0	32059#7	0
253	Q0	27182#15	0
253	Q0	9421#4	0
253	Q0	3488#29	0
253	Q0	4349#0	0
253	Q0	3488#34	0
253	Q0	31952#8	0
253	Q0	4342#18	0
253	Q0	4342#4	0
254	Q0	33973#0	1
254	Q0	33973#14	0
254	Q0	31976#19	0
254	Q0	32046#15	0
254	Q0	34407#12	0
254	Q0	32641#16	0
254	Q0	22489#12	0
254	Q0	32858#1	0
254	Q0	32110#16	0
254	Q0	32710#8	0
255	Q0	786#0	1
255	Q0	786#8	0
255	Q0	2391#7	0
255	Q0	786#17	0
255	Q0	786#15	0
255	Q0	786#13	0
255	Q0	37210#1	0
255	Q0	786#10	0
255	Q0	786#9	0
255	Q0	1392#5	0
256	Q0	35788#0	1
256	Q0	157934#3	0
256	Q0	16495#0	0
256	Q0	1714#0	0
256	Q0	157688#4	0
256	Q0	9255#1	0
256	Q0	36582#0	0
256	Q0	2754#0	0
256	Q0	1146#6	0
256	Q0	158023#2	0
257	Q0	6493#0	1
257	Q0	1395#1	1
257	Q0	6493#2	1
257	Q0	6493#10	1
257	Q0	6394#0	1
257	Q0	6493#6	0
257	Q0	6493#4	0
257	Q0	6493#3	0
257	Q0	6493#5	0
257	Q0	6493#1	0
258	Q0	137477#1	1
258	Q0	34669#6	0
258	Q0	34669#7	0
258	Q0	34669#0	0
258	Q0	55245#6	0
258	Q0	55297#8	0
258	Q0	2718#7	0
258	Q0	1589#32	0
258	Q0	40068#4	0
258	Q0	8210#13	0
258	Q0	9319#1	0
259	Q0	111749#0	1
259	Q0	60315#27	0
259	Q0	13245#18	0
259	Q0	111749#15	0
259	Q0	31410#0	0
259	Q0	1591#0	0
259	Q0	111749#6	0
259	Q0	1522#33	0
259	Q0	248538#30	0
259	Q0	54109#0	0
261	Q0	66901#2	1
261	Q0	2549#3	0
261	Q0	38302#7	0
261	Q0	40394#5	0
261	Q0	46849#0	0
261	Q0	38285#3	0
261	Q0	2495#11	0
261	Q0	40147#13	0
261	Q0	5893#0	0
261	Q0	5756#0	0
261	Q0	5859#0	0
263	Q0	10586#0	1
263	Q0	47249#2	0
263	Q0	8726#0	0
263	Q0	12430#0	0
263	Q0	39078#7	0
263	Q0	13638#0	0
263	Q0	10730#1	0
263	Q0	45289#0	0
263	Q0	34852#2	0
263	Q0	31768#3	0
263	Q0	53152#4	0
266	Q0	226735#3	1
266	Q0	39726#1	0
266	Q0	39726#3	0
266	Q0	226735#0	0
266	Q0	226735#8	0
266	Q0	3581#4	0
266	Q0	226735#1	0
266	Q0	40524#2	0
266	Q0	12778#1	0
266	Q0	226735#4	0
267	Q0	215833#0	1
267	Q0	216027#3	0
267	Q0	5930#5	0
267	Q0	26582#3	0
267	Q0	53312#18	0
267	Q0	5740#3	0
267	Q0	1395#14	0
267	Q0	48440#3	0
267	Q0	39192#17	0
267	Q0	9421#3	0
268	Q0	170463#0	1
268	Q0	2519#1	1
268	Q0	35210#2	1
268	Q0	2502#2	0
268	Q0	47249#1	0
268	Q0	2519#2	0
268	Q0	6476#1	0
268	Q0	46924#8	0
270	Q0	67642#0	1
270	Q0	38356#5	1
270	Q0	1149#36	1
270	Q0	39192#27	1
270	Q0	101481#1	0
270	Q0	6312#35	0
270	Q0	101481#9	0
270	Q0	105812#29	0
270	Q0	120316#11	0
270	Q0	38314#5	0
271	Q0	110727#0	1
271	Q0	110727#5	0
271	Q0	47327#66	0
271	Q0	55092#44	0
271	Q0	53283#78	0
271	Q0	1529#19	0
271	Q0	41157#11	0
271	Q0	47327#64	0
271	Q0	53283#43	0
271	Q0	13816#2	0
271	Q0	4540#0	0
272	Q0	41157#12	1
272	Q0	41157#33	1
272	Q0	6046#46	1
272	Q0	41157#26	0
272	Q0	41157#22	0
272	Q0	55733#0	0
272	Q0	41157#0	0
272	Q0	1397#10	0
272	Q0	1764#11	0
272	Q0	34669#6	0
272	Q0	13735#14	0
274	Q0	248723#0	1
274	Q0	5740#4	1
274	Q0	45309#9	1
274	Q0	40140#2	0
274	Q0	40368#86	0
274	Q0	39192#27	0
274	Q0	40368#84	0
274	Q0	13455#8	0
274	Q0	6046#9	0
274	Q0	1684#79	0
275	Q0	24102#0	1
275	Q0	8650#8	1
275	Q0	36084#1	0
275	Q0	36080#0	0
275	Q0	16726#3	0
275	Q0	49450#0	0
275	Q0	28277#0	0
275	Q0	28201#0	0
275	Q0	26421#13	0
275	Q0	33448#1	0
276	Q0	121617#0	1
276	Q0	11426#0	1
276	Q0	27319#0	0
276	Q0	3427#2	0
276	Q0	31768#3	0
276	Q0	38444#19	0
276	Q0	3890#0	0
276	Q0	12512#0	0
276	Q0	10823#0	0
276	Q0	11061#0	0
278	Q0	88724#5	1
279	Q0	13206#1	1
279	Q0	53152#4	0
279	Q0	39331#0	0
279	Q0	45289#0	0
279	Q0	38764#0	0
279	Q0	10240#0	0
279	Q0	13206#3	0
279	Q0	31880#5	0
279	Q0	8726#0	0
279	Q0	9770#0	0
279	Q0	7901#0	0
280	Q0	4631#0	1
280	Q0	48578#0	1
280	Q0	48576#0	1
280	Q0	48579#0	1
280	Q0	48579#21	0
280	Q0	23852#0	0
280	Q0	48574#19	0
280	Q0	26705#3	0
280	Q0	26705#2	0
280	Q0	48575#1	0
281	Q0	41157#0	1
281	Q0	41157#13	1
281	Q0	41157#54	0
281	Q0	41157#12	0
281	Q0	41157#6	0
281	Q0	41157#49	0
281	Q0	26375#0	0
281	Q0	41157#14	0
281	Q0	38583#0	0
281	Q0	41157#2	0
283	Q0	32045#0	1
283	Q0	32045#18	0
283	Q0	32044#18	0
283	Q0	27130#3	0
283	Q0	50663#7	0
283	Q0	51712#6	0
283	Q0	32643#20	0
283	Q0	32641#16	0
283	Q0	1790#21	0
283	Q0	22693#0	0
285	Q0	5868#0	1
285	Q0	5868#2	0
285	Q0	5868#1	0
285	Q0	5868#4	0
285	Q0	2610#4	0
285	Q0	5868#5	0
285	Q0	5868#6	0
285	Q0	2541#9	0
285	Q0	2610#3	0
286	Q0	16144#0	1
286	Q0	32285#17	0
286	Q0	32397#17	0
286	Q0	32375#21	0
286	Q0	36114#14	0
286	Q0	1393#19	0
286	Q0	32146#7	0
286	Q0	32633#6	0
286	Q0	32641#16	0
286	Q0	39092#27	0
286	Q0	1790#21	0
287	Q0	146004#8	1
287	Q0	146004#0	1
287	Q0	40368#151	0
287	Q0	146004#5	0
287	Q0	146004#6	0
287	Q0	53195#2	0
287	Q0	4531#12	0
287	Q0	2514#19	0
288	Q0	3427#2	1
288	Q0	2475#8	0
288	Q0	9457#4	0
288	Q0	35084#14	0
288	Q0	39249#8	0
288	Q0	11426#0	0
288	Q0	3831#0	0
288	Q0	11762#2	0
288	Q0	3841#0	0
288	Q0	53283#95	0
289	Q0	138155#1	1
289	Q0	1538#5	1
289	Q0	34132#19	0
289	Q0	40893#8	0
289	Q0	32322#7	0
289	Q0	32287#6	0
289	Q0	3707#5	0
289	Q0	41157#61	0
289	Q0	31515#16	0
292	Q0	39216#0	1
292	Q0	39216#8	0
292	Q0	39216#9	0
292	Q0	39216#5	0
292	Q0	2475#11	0
292	Q0	13455#10	0
292	Q0	39216#2	0
292	Q0	39959#0	0
294	Q0	64952#3	1
294	Q0	27284#0	0
294	Q0	64952#2	0
294	Q0	1908#2	0
294	Q0	110211#8	0
294	Q0	170524#3	0
294	Q0	37465#1	0
294	Q0	9631#1	0
294	Q0	39078#13	0
295	Q0	27859#0	1
295	Q0	28748#4	1
295	Q0	8238#8	0
295	Q0	27881#1	0
295	Q0	7657#11	0
295	Q0	29688#0	0
295	Q0	9319#1	0
295	Q0	28723#0	0
295	Q0	27622#0	0
295	Q0	28630#2	0
297	Q0	4809#0	1
297	Q0	22534#0	1
297	Q0	4809#16	0
297	Q0	22540#0	0
297	Q0	22538#0	0
297	Q0	22536#0	0
297	Q0	50033#0	0
297	Q0	22533#0	0
297	Q0	22539#0	0
297	Q0	22537#0	0
298	Q0	252826#0	1
298	Q0	6091#0	0
298	Q0	38782#4	0
298	Q0	3834#0	0
298	Q0	39502#0	0
298	Q0	39249#7	0
298	Q0	11328#0	0
298	Q0	16381#2	0
298	Q0	39623#0	0
298	Q0	12846#0	0
299	Q0	39192#13	1
299	Q0	39192#0	1
299	Q0	39192#37	0
299	Q0	39192#7	0
299	Q0	39192#9	0
299	Q0	39192#38	0
299	Q0	39192#23	0
299	Q0	39192#27	0
299	Q0	39192#5	0
302	Q0	111566#0	1
303	Q0	111183#0	1
305	Q0	78441#0	1
307	Q0	34880#0	1
308	Q0	229968#0	1
309	Q0	6220#3	1
310	Q0	141339#1	1
311	Q0	47438#0	1
312	Q0	68548#0	1
313	Q0	247467#0	1
315	Q0	1298#5	1
316	Q0	4754#0	1
317	Q0	60289#4	1
319	Q0	51964#1	1
320	Q0	34254#0	1
321	Q0	24719#0	1
322	Q0	105992#5	1
323	Q0	228932#1	1
324	Q0	73401#18	1
325	Q0	5536#2	1
327	Q0	103425#0	1
329	Q0	17857#1	1
331	Q0	36404#0	1
335	Q0	120939#1	1
337	Q0	25283#2	1
341	Q0	36919#0	1
344	Q0	1570#0	1
345	Q0	34113#0	1
347	Q0	2610#1	1
349	Q0	34178#1	1
350	Q0	38758#3	1
352	Q0	222777#1	1
353	Q0	1570#0	1
354	Q0	57155#2	1
356	Q0	10288#2	1
358	Q0	158708#3	1
359	Q0	32499#0	1
360	Q0	91345#0	1
364	Q0	73090#0	1
365	Q0	27028#0	1
366	Q0	787#1	1
368	Q0	39085#2	1
369	Q0	23646#1	1
370	Q0	9506#1	1
371	Q0	83319#3	1
372	Q0	272058#0	1
375	Q0	41157#0	1
377	Q0	106200#8	1
378	Q0	233145#0	1
379	Q0	129348#0	1
380	Q0	98644#1	1
381	Q0	6479#0	1
382	Q0	10277#19	1
383	Q0	82056#3	1
384	Q0	18969#2	1
386	Q0	177962#4	1
388	Q0	226735#6	1
389	Q0	35675#5	1
390	Q0	36979#0	1
391	Q0	32241#0	1
393	Q0	9783#0	1
394	Q0	4756#0	1
396	Q0	95281#0	1
397	Q0	108903#5	1
398	Q0	24756#0	1
399	Q0	219788#1	1
402	Q0	224777#0	1
403	Q0	43757#1	1
404	Q0	106918#4	1
405	Q0	34078#0	1
406	Q0	102390#3	1
407	Q0	58556#0	1
410	Q0	47346#2	1
411	Q0	74348#0	1
413	Q0	79185#0	1
415	Q0	106200#0	1
416	Q0	13457#1	1
417	Q0	82007#0	1
418	Q0	36197#0	1
422	Q0	157000#5	1
423	Q0	205547#0	1
424	Q0	105708#0	1
428	Q0	41040#4	1
429	Q0	68281#0	1
430	Q0	81942#2	1
433	Q0	2475#5	1
434	Q0	40068#8	1
443	Q0	2498#0	1
444	Q0	103321#10	1
447	Q0	23119#0	1
448	Q0	140765#0	1
449	Q0	6185#8	1
450	Q0	6479#3	1
451	Q0	72076#0	1
452	Q0	5727#1	1
457	Q0	233389#1	1
458	Q0	39719#2	1
459	Q0	29241#0	1
460	Q0	113583#20	1
463	Q0	34433#0	1
464	Q0	58145#0	1
465	Q0	27073#0	1
466	Q0	272625#2	1
467	Q0	2443#0	1
468	Q0	246289#54	1
469	Q0	32494#0	1
470	Q0	227319#0	1
473	Q0	22409#0	1
474	Q0	58075#0	1
475	Q0	105605#2	1
477	Q0	49149#0	1
480	Q0	36500#0	1
481	Q0	226361#0	1
488	Q0	85842#0	1
490	Q0	26026#4	1
492	Q0	46924#8	1
493	Q0	37449#1	1
494	Q0	113611#1	1
495	Q0	80355#0	1
496	Q0	138486#1	1
500	Q0	29134#0	1
501	Q0	58046#0	1
502	Q0	174022#0	1
506	Q0	36486#0	1
508	Q0	8707#2	1
509	Q0	224638#0	1
511	Q0	13986#2	1
512	Q0	1591#0	1
513	Q0	126178#1	1
514	Q0	102041#0	1
515	Q0	1393#2	1
517	Q0	6273#0	1
518	Q0	24262#0	1
519	Q0	65192#2	1
520	Q0	52401#0	1
521	Q0	36717#0	1
524	Q0	34153#0	1
526	Q0	40368#5	1
527	Q0	51040#0	1
528	Q0	108205#0	1
529	Q0	92976#0	1
530	Q0	13739#1	1
534	Q0	81926#1	1
535	Q0	34355#0	1
536	Q0	1877#0	1
537	Q0	13735#0	1
541	Q0	109661#0	1
542	Q0	1355#0	1
543	Q0	1344#1	1
544	Q0	52486#0	1
545	Q0	36268#0	1
546	Q0	36803#0	1
548	Q0	47249#2	1
549	Q0	68281#0	1
550	Q0	51545#0	1
552	Q0	1142#0	1
553	Q0	106793#0	1
554	Q0	4356#0	1
555	Q0	22782#1	1
556	Q0	105713#0	1
561	Q0	61168#2	1
563	Q0	112938#2	1
566	Q0	24447#0	1
568	Q0	64917#0	1
572	Q0	36521#0	1
573	Q0	34163#0	1
574	Q0	238267#1	1
576	Q0	5763#0	1
577	Q0	63425#1	1
579	Q0	57781#0	1
580	Q0	34087#0	1
581	Q0	4531#1	1
582	Q0	2560#0	1
584	Q0	71780#0	1
586	Q0	27015#0	1
589	Q0	73202#0	1
590	Q0	52527#1	1
591	Q0	1306#1	1
592	Q0	25893#0	1
593	Q0	53930#0	1
597	Q0	111573#7	1
598	Q0	103997#1	1
599	Q0	6373#0	1
600	Q0	113462#0	1
601	Q0	116543#1	1
602	Q0	112815#2	1
603	Q0	10277#25	1
604	Q0	36581#0	1
606	Q0	22572#0	1
607	Q0	11820#0	1
608	Q0	90492#1	1
611	Q0	80627#0	1
612	Q0	256412#0	1
614	Q0	247950#0	1
615	Q0	54724#7	1
617	Q0	49407#1	1
618	Q0	72719#0	1
619	Q0	37271#0	1
620	Q0	110576#4	1
623	Q0	24433#0	1
624	Q0	14904#1	1
626	Q0	108205#0	1
627	Q0	111366#2	1
630	Q0	9369#3	1
631	Q0	36343#0	1
632	Q0	1362#2	1
634	Q0	46722#0	1
635	Q0	230518#0	1
636	Q0	113374#1	1
637	Q0	34135#0	1
638	Q0	57707#0	1
641	Q0	2730#4	1
644	Q0	107068#5	1
645	Q0	110845#1	1
647	Q0	35846#0	1
648	Q0	23050#0	1
651	Q0	107805#4	1
653	Q0	37019#0	1
656	Q0	24725#0	1
661	Q0	105681#1	1
662	Q0	267710#4	1
666	Q0	1685#9	1
667	Q0	95934#1	1
668	Q0	4567#2	1
670	Q0	23652#1	1
671	Q0	1532#21	1
672	Q0	53303#4	1
673	Q0	99026#1	1
675	Q0	1349#0	1
676	Q0	1119#0	1
677	Q0	48129#17	1
678	Q0	14781#1	1
680	Q0	50137#1	1
681	Q0	110959#1	1
684	Q0	786#0	1
685	Q0	108496#4	1
687	Q0	228922#1	1
689	Q0	5762#0	1
691	Q0	22473#0	1
692	Q0	40368#0	1
693	Q0	15777#0	1
694	Q0	38981#8	1
695	Q0	34359#0	1
699	Q0	22126#0	1
700	Q0	9369#3	1
701	Q0	7918#0	1
702	Q0	1181#2	1
703	Q0	106786#0	1
705	Q0	216141#0	1
706	Q0	110105#1	1
707	Q0	57638#0	1
710	Q0	36715#0	1
711	Q0	32493#0	1
712	Q0	231340#0	1
713	Q0	21507#0	1
715	Q0	77208#0	1
716	Q0	137533#0	1
717	Q0	15566#0	1
718	Q0	4548#0	1
721	Q0	23647#1	1
722	Q0	208082#2	1
723	Q0	16865#1	1
725	Q0	26507#0	1
726	Q0	58369#0	1
728	Q0	7543#0	1
729	Q0	253925#0	1
730	Q0	78467#0	1
731	Q0	22522#0	1
732	Q0	32593#0	1
733	Q0	90470#0	1
735	Q0	240326#0	1
737	Q0	105714#0	1
739	Q0	34340#0	1
740	Q0	36900#0	1
741	Q0	22506#0	1
743	Q0	84051#0	1
744	Q0	166106#0	1
745	Q0	2549#5	1
746	Q0	29150#0	1
748	Q0	4674#1	1
751	Q0	47327#2	1
752	Q0	5895#1	1
753	Q0	1392#0	1
754	Q0	141446#0	1
757	Q0	4955#0	1
759	Q0	203981#9	1
761	Q0	1874#0	1
762	Q0	258939#0	1
763	Q0	22271#0	1
765	Q0	34077#0	1
767	Q0	173718#0	1
768	Q0	37171#1	1
769	Q0	102007#0	1
770	Q0	1256#0	1
771	Q0	12225#0	1
773	Q0	2473#1	1
775	Q0	32307#0	1
776	Q0	127113#15	1
777	Q0	210275#0	1
778	Q0	50572#0	1
779	Q0	2951#0	1
780	Q0	15777#0	1
782	Q0	61430#0	1
783	Q0	26461#0	1
784	Q0	91756#0	1
785	Q0	7102#2	1
786	Q0	71589#0	1
787	Q0	93331#2	1
788	Q0	21793#0	1
789	Q0	137511#1	1
790	Q0	22289#0	1
792	Q0	88671#0	1
793	Q0	140645#0	1
794	Q0	217775#0	1
795	Q0	21415#0	1
796	Q0	21360#0	1
797	Q0	239507#0	1
798	Q0	57441#1	1
800	Q0	208928#0	1
802	Q0	58739#0	1
805	Q0	75371#0	1
806	Q0	51867#2	1
807	Q0	48905#1	1
811	Q0	55934#0	1
813	Q0	78557#1	1
814	Q0	109944#1	1
816	Q0	37465#0	1
817	Q0	9520#0	1
818	Q0	22176#0	1
820	Q0	8726#1	1
821	Q0	48600#14	1
822	Q0	109019#1	1
823	Q0	6468#1	1
824	Q0	78297#0	1
825	Q0	28001#0	1
827	Q0	231213#1	1
829	Q0	10300#3	1
830	Q0	22558#0	1
831	Q0	273343#0	1
832	Q0	38480#1	1
833	Q0	108024#1	1
836	Q0	60233#1	1
837	Q0	28320#0	1
839	Q0	49001#0	1
840	Q0	23390#1	1
841	Q0	106531#0	1
843	Q0	65087#0	1
844	Q0	32497#0	1
845	Q0	22334#0	1
846	Q0	54724#7	1
847	Q0	102008#2	1
848	Q0	1306#0	1
849	Q0	209699#0	1
850	Q0	1555#1	1
851	Q0	22905#1	1
853	Q0	51628#1	1
854	Q0	6046#0	1
855	Q0	38782#0	1
856	Q0	205045#1	1
857	Q0	73751#1	1
860	Q0	93687#1	1
861	Q0	28045#0	1
862	Q0	76763#2	1
863	Q0	65192#0	1
864	Q0	231096#0	1
865	Q0	3475#2	1
866	Q0	106532#0	1
867	Q0	80327#1	1
868	Q0	32281#0	1
870	Q0	22380#0	1
873	Q0	9108#6	1
875	Q0	75155#0	1
876	Q0	39064#2	1
877	Q0	95281#0	1
879	Q0	180294#0	1
881	Q0	26905#0	1
882	Q0	17596#0	1
884	Q0	149963#0	1
885	Q0	1355#5	1
886	Q0	9520#0	1
887	Q0	34672#0	1
888	Q0	21472#0	1
889	Q0	105403#2	1
891	Q0	108023#1	1
894	Q0	105186#0	1
895	Q0	106784#4	1
896	Q0	34316#0	1
897	Q0	41383#0	1
898	Q0	205109#1	1
900	Q0	54724#4	1
901	Q0	5897#1	1
904	Q0	7918#0	1
905	Q0	204551#1	1
908	Q0	11612#3	1
909	Q0	22553#0	1
911	Q0	7836#2	1
912	Q0	106581#0	1
913	Q0	227075#0	1
915	Q0	53152#0	1
916	Q0	107696#0	1
917	Q0	8507#1	1
918	Q0	5497#2	1
919	Q0	132671#0	1
921	Q0	232764#0	1
922	Q0	47998#1	1
923	Q0	40189#3	1
925	Q0	142788#0	1
926	Q0	177400#1	1
927	Q0	46739#1	1
928	Q0	163311#0	1
929	Q0	21644#0	1
930	Q0	186362#1	1
932	Q0	73756#0	1
933	Q0	6472#1	1
934	Q0	36607#0	1
935	Q0	64946#0	1
937	Q0	21674#1	1
938	Q0	22592#0	1
939	Q0	786#0	1
941	Q0	47949#1	1
942	Q0	118374#0	1
943	Q0	9394#3	1
944	Q0	21513#0	1
947	Q0	129297#0	1
950	Q0	23213#1	1
951	Q0	32532#0	1
954	Q0	1394#0	1
955	Q0	13455#0	1
956	Q0	787#1	1
958	Q0	227399#0	1
960	Q0	13455#0	1
961	Q0	82056#2	1
962	Q0	1582#0	1
963	Q0	233665#0	1
964	Q0	39896#2	1
965	Q0	26467#0	1
966	Q0	2355#0	1
967	Q0	24577#0	1
968	Q0	52407#0	1
970	Q0	182965#0	1
975	Q0	95281#0	1
976	Q0	77394#1	1
978	Q0	51923#0	1
980	Q0	65695#2	1
981	Q0	53281#1	1
982	Q0	36654#0	1
984	Q0	61162#0	1
985	Q0	51232#0	1
986	Q0	29321#0	1
987	Q0	226735#3	1
989	Q0	27727#0	1
990	Q0	29129#0	1
991	Q0	93492#1	1
992	Q0	84671#1	1
993	Q0	105511#0	1
995	Q0	7142#1	1
997	Q0	98289#0	1
998	Q0	241887#2	1
1000	Q0	27642#0	1
1000	Q0	28747#0	0
1000	Q0	47932#0	0
1000	Q0	36525#1	0
1000	Q0	14324#0	0
1000	Q0	51883#5	0
1000	Q0	36711#4	0
1000	Q0	27547#0	0
1000	Q0	29907#0	0
1000	Q0	54280#5	0
1001	Q0	39390#19	1
1001	Q0	98961#2	1
1001	Q0	56424#17	0
1001	Q0	39390#2	0
1001	Q0	27408#9	0
1001	Q0	3557#2	0
1001	Q0	54168#9	0
1001	Q0	3418#151	0
1001	Q0	48596#35	0
1001	Q0	4778#3	0
1002	Q0	15623#1	1
1002	Q0	26865#14	0
1002	Q0	35219#19	0
1002	Q0	26503#11	0
1002	Q0	29403#1	0
1002	Q0	50082#9	0
1002	Q0	18341#3	0
1002	Q0	50492#6	0
1002	Q0	34157#14	0
1002	Q0	32052#11	0
1002	Q0	34208#20	0
1003	Q0	251838#1	1
1003	Q0	251838#0	1
1003	Q0	39810#6	0
1003	Q0	40368#5	0
1003	Q0	47249#1	0
1003	Q0	2502#2	0
1003	Q0	141697#1	0
1003	Q0	39192#1	0
1003	Q0	39192#0	0
1003	Q0	10237#1	0
1003	Q0	7018#1	0
1004	Q0	101605#0	1
1004	Q0	5891#12	0
1004	Q0	4872#3	0
1004	Q0	38441#6	0
1004	Q0	37267#7	0
1004	Q0	47505#8	0
1004	Q0	45240#8	0
1004	Q0	35741#4	0
1004	Q0	16481#3	0
1004	Q0	2541#10	0
1004	Q0	1504#10	0
1005	Q0	57609#0	1
1005	Q0	19022#1	0
1005	Q0	51209#19	0
1005	Q0	34431#12	0
1005	Q0	32688#16	0
1005	Q0	29576#0	0
1005	Q0	28639#0	0
1005	Q0	54033#1	0
1005	Q0	21483#0	0
1005	Q0	36977#0	0
1006	Q0	60236#2	1
1006	Q0	60236#7	0
1006	Q0	1583#0	0
1006	Q0	60236#4	0
1006	Q0	60236#1	0
1006	Q0	60236#0	0
1006	Q0	60236#16	0
1006	Q0	60236#15	0
1006	Q0	60236#8	0
1006	Q0	31396#22	0
1008	Q0	106265#0	1
1008	Q0	9773#7	0
1008	Q0	5996#6	0
1008	Q0	16379#18	0
1008	Q0	106265#6	0
1008	Q0	100042#1	0
1008	Q0	7828#0	0
1008	Q0	11126#2	0
1008	Q0	106265#4	0
1008	Q0	40140#3	0
1009	Q0	34360#0	1
1009	Q0	34360#10	0
1009	Q0	50896#0	0
1009	Q0	34393#0	0
1009	Q0	50745#0	0
1009	Q0	31450#3	0
1009	Q0	21840#4	0
1009	Q0	50808#0	0
1009	Q0	50898#1	0
1009	Q0	37064#0	0
1010	Q0	38302#4	1
1010	Q0	2475#1	0
1010	Q0	38302#0	0
1010	Q0	39944#1	0
1010	Q0	9712#1	0
1010	Q0	54592#1	0
1010	Q0	40860#9	0
1010	Q0	38302#7	0
1010	Q0	13910#0	0
1010	Q0	40217#1	0
1011	Q0	51040#0	1
1011	Q0	51040#2	1
1011	Q0	35675#5	0
1011	Q0	5756#5	0
1011	Q0	39616#2	0
1011	Q0	5742#1	0
1011	Q0	39196#15	0
1011	Q0	35675#8	0
1011	Q0	35675#4	0
1011	Q0	47327#5	0
1012	Q0	6493#0	1
1012	Q0	6493#1	1
1012	Q0	6493#7	0
1012	Q0	6493#2	0
1012	Q0	9631#1	0
1012	Q0	6493#4	0
1012	Q0	6394#2	0
1012	Q0	26375#4	0
1012	Q0	2624#0	0
1012	Q0	43757#12	0
1013	Q0	136605#2	1
1013	Q0	38444#19	0
1013	Q0	7894#2	0
1013	Q0	53152#5	0
1013	Q0	2514#21	0
1013	Q0	2514#29	0
1013	Q0	2514#38	0
1013	Q0	7894#0	0
1013	Q0	39594#7	0
1013	Q0	38444#5	0
1014	Q0	227810#0	1
1014	Q0	32046#15	0
1014	Q0	9202#2	0
1014	Q0	56993#1	0
1014	Q0	18741#1	0
1014	Q0	8687#2	0
1014	Q0	5461#4	0
1014	Q0	34313#7	0
1014	Q0	18559#1	0
1014	Q0	32710#8	0
1014	Q0	18932#2	0
1015	Q0	99026#1	1
1015	Q0	2520#1	0
1015	Q0	2502#2	0
1015	Q0	39944#1	0
1015	Q0	39192#1	0
1015	Q0	39630#0	0
1015	Q0	2505#4	0
1015	Q0	2495#1	0
1015	Q0	6476#1	0
1015	Q0	31428#1	0
1016	Q0	32272#0	1
1016	Q0	36368#0	0
1016	Q0	9214#0	0
1016	Q0	20907#0	0
1016	Q0	32272#2	0
1016	Q0	17143#0	0
1016	Q0	36368#5	0
1016	Q0	25009#0	0
1016	Q0	15392#1	0
1016	Q0	36362#5	0
1017	Q0	36263#0	1
1017	Q0	36263#12	0
1017	Q0	34037#21	0
1017	Q0	50663#7	0
1017	Q0	26843#16	0
1017	Q0	32765#1	0
1017	Q0	31608#22	0
1017	Q0	33952#11	0
1017	Q0	26747#1	0
1017	Q0	34337#16	0
1018	Q0	8244#0	1
1018	Q0	27022#0	1
1018	Q0	272128#0	1
1018	Q0	34330#0	1
1018	Q0	54512#1	0
1018	Q0	54513#6	0
1018	Q0	23681#1	0
1018	Q0	8206#0	0
1018	Q0	51985#0	0
1018	Q0	54513#1	0
1019	Q0	128758#0	1
1019	Q0	39078#7	0
1019	Q0	8726#0	0
1019	Q0	13638#0	0
1019	Q0	40037#0	0
1019	Q0	50556#0	0
1019	Q0	12151#1	0
1019	Q0	45289#0	0
1019	Q0	12530#2	0
1019	Q0	38318#1	0
1020	Q0	66014#0	1
1020	Q0	66014#1	0
1020	Q0	9835#3	0
1020	Q0	39085#7	0
1020	Q0	39085#2	0
1020	Q0	9835#6	0
1020	Q0	2495#1	0
1020	Q0	9835#4	0
1020	Q0	39192#2	0
1020	Q0	66014#5	0
1022	Q0	49114#0	1
1022	Q0	49113#0	1
1022	Q0	49114#12	0
1022	Q0	35219#19	0
1022	Q0	26686#3	0
1022	Q0	26456#0	0
1022	Q0	57156#2	0
1022	Q0	16696#0	0
1022	Q0	32202#11	0
1022	Q0	26628#0	0
1023	Q0	32337#0	1
1023	Q0	32337#26	0
1023	Q0	50700#0	0
1023	Q0	17961#0	0
1023	Q0	50832#1	0
1023	Q0	9232#6	0
1023	Q0	21701#0	0
1023	Q0	9255#1	0
1023	Q0	54228#1	0
1023	Q0	27587#0	0
1027	Q0	98590#1	1
1027	Q0	27160#0	1
1027	Q0	34429#1	0
1027	Q0	37043#14	0
1027	Q0	34346#2	0
1027	Q0	21861#0	0
1027	Q0	34133#19	0
1027	Q0	21406#0	0
1027	Q0	26602#1	0
1027	Q0	9389#1	0
1027	Q0	9203#3	0
1028	Q0	36881#0	1
1028	Q0	57702#0	1
1028	Q0	56810#0	0
1028	Q0	22263#0	0
1028	Q0	15807#0	0
1028	Q0	16222#1	0
1028	Q0	36336#0	0
1028	Q0	22263#6	0
1028	Q0	26103#1	0
1028	Q0	36525#1	0
1030	Q0	1557#0	1
1030	Q0	31396#1	0
1030	Q0	1306#16	0
1030	Q0	1395#13	0
1030	Q0	1557#8	0
1030	Q0	48600#14	0
1030	Q0	41157#52	0
1030	Q0	1557#2	0
1030	Q0	1306#21	0
1030	Q0	1764#11	0
1031	Q0	146711#0	1
1031	Q0	32146#7	0
1031	Q0	5915#17	0
1031	Q0	49265#32	0
1031	Q0	48900#10	0
1031	Q0	7144#3	0
1031	Q0	29403#1	0
1031	Q0	32280#17	0
1031	Q0	8242#16	0
1031	Q0	22939#3	0
1032	Q0	29053#0	1
1032	Q0	36584#0	0
1032	Q0	29796#0	0
1032	Q0	36585#0	0
1032	Q0	36584#6	0
1032	Q0	30202#0	0
1032	Q0	18932#2	0
1032	Q0	27455#0	0
1032	Q0	19099#2	0
1032	Q0	36837#0	0
1033	Q0	94341#6	1
1033	Q0	3418#163	0
1033	Q0	3418#69	0
1033	Q0	3418#160	0
1033	Q0	3418#152	0
1033	Q0	39196#15	0
1033	Q0	3418#155	0
1033	Q0	3418#167	0
1033	Q0	1525#17	0
1033	Q0	13457#6	0
1033	Q0	11167#7	0
1034	Q0	100045#1	1
1034	Q0	108618#2	0
1034	Q0	108618#52	0
1034	Q0	108618#31	0
1034	Q0	108618#25	0
1034	Q0	108618#24	0
1034	Q0	105821#10	0
1035	Q0	29288#0	1
1035	Q0	32687#19	0
1035	Q0	26882#3	0
1035	Q0	41385#7	0
1035	Q0	31567#22	0
1035	Q0	17526#0	0
1035	Q0	29482#0	0
1035	Q0	48310#13	0
1035	Q0	37055#15	0
1035	Q0	26806#11	0
1037	Q0	13697#0	1
1037	Q0	4884#0	0
1037	Q0	49312#2	0
1037	Q0	4866#0	0
1037	Q0	34062#0	0
1037	Q0	41294#0	0
1037	Q0	24682#0	0
1037	Q0	33364#1	0
1037	Q0	51639#0	0
1037	Q0	28538#0	0
1038	Q0	73756#0	1
1038	Q0	7894#0	0
1038	Q0	38981#0	0
1038	Q0	54846#1	0
1038	Q0	2502#2	0
1038	Q0	38444#1	0
1038	Q0	55982#0	0
1038	Q0	34852#1	0
1038	Q0	31880#1	0
1038	Q0	73756#2	0
1039	Q0	32206#5	1
1039	Q0	32206#1	0
1039	Q0	35306#7	0
1039	Q0	1208#8	0
1039	Q0	875#12	0
1039	Q0	35813#2	0
1039	Q0	3730#19	0
1039	Q0	47018#14	0
1039	Q0	223823#1	0
1039	Q0	32206#2	0
1040	Q0	22959#1	1
1040	Q0	22959#18	0
1040	Q0	35219#19	0
1040	Q0	34208#20	0
1040	Q0	32393#11	0
1040	Q0	32619#13	0
1040	Q0	37047#16	0
1040	Q0	32329#18	0
1040	Q0	34407#12	0
1040	Q0	50082#9	0
1041	Q0	22005#0	1
1041	Q0	26982#7	0
1041	Q0	32691#16	0
1041	Q0	26751#1	0
1041	Q0	41385#7	0
1041	Q0	26600#0	0
1041	Q0	26762#21	0
1041	Q0	51000#20	0
1041	Q0	36274#14	0
1041	Q0	50379#12	0
1042	Q0	1685#38	1
1042	Q0	34445#5	0
1042	Q0	1392#33	0
1042	Q0	1358#39	0
1042	Q0	1393#23	0
1042	Q0	2432#1	0
1042	Q0	1685#2	0
1042	Q0	9227#6	0
1042	Q0	2454#1	0
1042	Q0	47721#1	0
1043	Q0	1487#1	1
1043	Q0	1487#0	1
1043	Q0	1487#19	1
1043	Q0	787#0	1
1043	Q0	1487#5	0
1043	Q0	1487#18	0
1043	Q0	19231#2	0
1043	Q0	7495#0	0
1043	Q0	7222#3	0
1043	Q0	1487#21	0
1044	Q0	237076#0	1
1044	Q0	54846#10	0
1044	Q0	39726#3	0
1044	Q0	12272#2	0
1044	Q0	38981#17	0
1044	Q0	3613#6	0
1044	Q0	39726#5	0
1044	Q0	12364#1	0
1044	Q0	5348#1	0
1044	Q0	12778#1	0
1044	Q0	39058#3	0
1045	Q0	21409#0	1
1045	Q0	51209#19	0
1045	Q0	32547#8	0
1045	Q0	23246#32	0
1045	Q0	26575#8	0
1045	Q0	26813#14	0
1045	Q0	34271#10	0
1045	Q0	41385#7	0
1045	Q0	32616#10	0
1045	Q0	26401#18	0
1048	Q0	110164#1	1
1048	Q0	40368#100	0
1048	Q0	40368#95	0
1048	Q0	110164#0	0
1048	Q0	40368#67	0
1048	Q0	40368#86	0
1048	Q0	47160#25	0
1048	Q0	48710#2	0
1048	Q0	204664#6	0
1048	Q0	12305#0	0
1048	Q0	10412#0	0
1049	Q0	75604#0	1
1049	Q0	47438#26	0
1049	Q0	48129#17	0
1049	Q0	111749#4	0
1049	Q0	54097#2	0
1049	Q0	39630#11	0
1049	Q0	1532#22	0
1049	Q0	47327#23	0
1049	Q0	40068#8	0
1049	Q0	1554#0	0
1049	Q0	1525#35	0
1051	Q0	36384#0	1
1051	Q0	28775#0	0
1051	Q0	21511#0	0
1051	Q0	22478#0	0
1051	Q0	24999#0	0
1051	Q0	53821#6	0
1051	Q0	36818#0	0
1051	Q0	28551#0	0
1051	Q0	36384#5	0
1051	Q0	36384#2	0
1052	Q0	28671#0	1
1052	Q0	26185#1	0
1052	Q0	20773#1	0
1052	Q0	21639#4	0
1052	Q0	49371#5	0
1052	Q0	15675#0	0
1052	Q0	49370#0	0
1052	Q0	49371#0	0
1052	Q0	15660#1	0
1052	Q0	22124#5	0
1053	Q0	22345#0	1
1053	Q0	27719#1	0
1053	Q0	22941#1	0
1053	Q0	22133#0	0
1053	Q0	51662#0	0
1053	Q0	40226#0	0
1053	Q0	4661#0	0
1053	Q0	30202#0	0
1053	Q0	26018#1	0
1053	Q0	4811#0	0
1056	Q0	32600#0	1
1056	Q0	32600#20	0
1056	Q0	53707#20	0
1056	Q0	32385#15	0
1056	Q0	35219#19	0
1056	Q0	26977#5	0
1056	Q0	53706#1	0
1056	Q0	32198#13	0
1056	Q0	49679#1	0
1056	Q0	32234#22	0
1057	Q0	36657#0	1
1057	Q0	36959#0	1
1057	Q0	36657#5	0
1057	Q0	36707#6	0
1057	Q0	36369#0	0
1057	Q0	50329#0	0
1057	Q0	21355#0	0
1057	Q0	24411#0	0
1057	Q0	21511#0	0
1057	Q0	29486#0	0
1059	Q0	108125#1	1
1059	Q0	13455#7	0
1059	Q0	3427#2	0
1059	Q0	11426#0	0
1059	Q0	6108#8	0
1059	Q0	39249#8	0
1059	Q0	39486#0	0
1059	Q0	2475#8	0
1059	Q0	10809#0	0
1059	Q0	6111#3	0
1059	Q0	3889#0	0
1060	Q0	4531#0	1
1060	Q0	4531#15	0
1060	Q0	4531#21	0
1060	Q0	34894#15	0
1060	Q0	4531#20	0
1060	Q0	4531#27	0
1060	Q0	4531#3	0
1060	Q0	4531#8	0
1060	Q0	4531#5	0
1060	Q0	4531#11	0
1061	Q0	34445#3	1
1061	Q0	34445#1	0
1061	Q0	34445#7	0
1061	Q0	34445#0	0
1061	Q0	1487#21	0
1061	Q0	34445#5	0
1061	Q0	1393#2	0
1061	Q0	1393#3	0
1061	Q0	1685#1	0
1061	Q0	2402#4	0
1061	Q0	34445#2	0
1062	Q0	23129#0	1
1062	Q0	23129#26	0
1062	Q0	32641#16	0
1062	Q0	26747#1	0
1062	Q0	32640#19	0
1062	Q0	32398#12	0
1062	Q0	32268#16	0
1062	Q0	51706#20	0
1062	Q0	32375#21	0
1062	Q0	32632#9	0
1062	Q0	26825#5	0
1063	Q0	60315#0	1
1063	Q0	4831#5	0
1063	Q0	48600#19	0
1063	Q0	26375#0	0
1063	Q0	1780#8	0
1063	Q0	34998#0	0
1063	Q0	47019#0	0
1063	Q0	1573#2	0
1063	Q0	206472#0	0
1063	Q0	1515#1	0
1064	Q0	34114#0	1
1064	Q0	15678#0	0
1064	Q0	5467#9	0
1064	Q0	24191#0	0
1064	Q0	53682#4	0
1064	Q0	48242#10	0
1064	Q0	8547#0	0
1064	Q0	27075#0	0
1064	Q0	34114#13	0
1064	Q0	5467#0	0
1066	Q0	64944#0	1
1066	Q0	40776#14	0
1066	Q0	116305#2	0
1066	Q0	48800#0	0
1066	Q0	55733#0	0
1066	Q0	55376#4	0
1066	Q0	35660#10	0
1066	Q0	64944#7	0
1066	Q0	82056#3	0
1066	Q0	3451#6	0
1067	Q0	32542#0	1
1067	Q0	21368#0	1
1067	Q0	32096#9	0
1067	Q0	26435#5	0
1067	Q0	39092#27	0
1067	Q0	26461#25	0
1067	Q0	27130#3	0
1067	Q0	20756#1	0
1067	Q0	22489#12	0
1067	Q0	22911#1	0
1068	Q0	8196#0	1
1068	Q0	51449#0	0
1068	Q0	17380#0	0
1068	Q0	17376#0	0
1068	Q0	9232#6	0
1068	Q0	17377#0	0
1068	Q0	26931#1	0
1068	Q0	17383#0	0
1068	Q0	1431#4	0
1068	Q0	17379#0	0
1070	Q0	132295#0	1
1070	Q0	35210#4	0
1070	Q0	38093#0	0
1070	Q0	35210#6	0
1070	Q0	39959#8	0
1070	Q0	41955#6	0
1070	Q0	12504#1	0
1070	Q0	33979#18	0
1070	Q0	12965#2	0
1070	Q0	10993#1	0
1071	Q0	68339#0	1
1071	Q0	88913#0	0
1071	Q0	9631#2	0
1071	Q0	27187#1	0
1071	Q0	74519#6	0
1071	Q0	4934#14	0
1071	Q0	7725#0	0
1071	Q0	53252#7	0
1071	Q0	47236#6	0
1071	Q0	47236#4	0
1071	Q0	7448#3	0
1073	Q0	95281#0	1
1073	Q0	54560#0	0
1073	Q0	1355#5	0
1073	Q0	1583#0	0
1073	Q0	36361#0	0
1073	Q0	30202#0	0
1073	Q0	47999#0	0
1073	Q0	14320#0	0
1073	Q0	4859#0	0
1073	Q0	3708#0	0
1073	Q0	1355#12	0
1074	Q0	32206#5	1
1074	Q0	6050#11	0
1074	Q0	1775#2	0
1074	Q0	111140#6	0
1074	Q0	40743#4	0
1074	Q0	35287#1	0
1074	Q0	38675#4	0
1074	Q0	108899#10	0
1074	Q0	108899#11	0
1074	Q0	108899#30	0
1074	Q0	103048#9	0
1075	Q0	34158#0	1
1075	Q0	34158#15	0
1075	Q0	34158#7	0
1075	Q0	34158#13	0
1075	Q0	34158#14	0
1075	Q0	25935#0	0
1075	Q0	16604#0	0
1075	Q0	26926#0	0
1075	Q0	8215#0	0
1075	Q0	21391#0	0
1076	Q0	59817#0	1
1076	Q0	10560#2	1
1076	Q0	16489#1	0
1076	Q0	11874#5	0
1076	Q0	16489#2	0
1076	Q0	39249#7	0
1076	Q0	12065#1	0
1076	Q0	1159#0	0
1076	Q0	38830#1	0
1076	Q0	39216#0	0
1076	Q0	34173#1	0
1077	Q0	176233#14	1
1077	Q0	9520#24	0
1077	Q0	83827#1	0
1077	Q0	83827#0	0
1077	Q0	9520#19	0
1077	Q0	1395#14	0
1077	Q0	1351#20	0
1077	Q0	232579#2	0
1077	Q0	9656#0	0
1077	Q0	79522#2	0
1078	Q0	55161#0	1
1078	Q0	55161#22	0
1078	Q0	34407#12	0
1078	Q0	32413#13	0
1078	Q0	23230#27	0
1078	Q0	51142#10	0
1078	Q0	26447#6	0
1078	Q0	34232#28	0
1078	Q0	49301#12	0
1079	Q0	53281#0	1
1079	Q0	53281#1	1
1079	Q0	37898#1	0
1079	Q0	31662#4	0
1079	Q0	30723#2	0
1079	Q0	3401#3	0
1079	Q0	39216#0	0
1079	Q0	1196#6	0
1079	Q0	8210#13	0
1079	Q0	37737#0	0
1079	Q0	37898#2	0
1080	Q0	26658#5	1
1080	Q0	1306#1	0
1080	Q0	1306#13	0
1080	Q0	1306#19	0
1080	Q0	2416#10	0
1080	Q0	47988#19	0
1080	Q0	52584#20	0
1080	Q0	1306#10	0
1080	Q0	1306#18	0
1081	Q0	37122#0	1
1081	Q0	37121#0	1
1081	Q0	37121#15	0
1081	Q0	31989#19	0
1081	Q0	50082#9	0
1081	Q0	21419#0	0
1081	Q0	1782#0	0
1081	Q0	26597#0	0
1081	Q0	1306#17	0
1081	Q0	26745#1	0
1083	Q0	93910#3	1
1083	Q0	93910#0	0
1083	Q0	93910#18	0
1083	Q0	35084#1	0
1083	Q0	46831#0	0
1083	Q0	23948#0	0
1083	Q0	38981#17	0
1083	Q0	39726#3	0
1083	Q0	41411#1	0
1083	Q0	6122#1	0
1086	Q0	103778#1	1
1086	Q0	2475#8	0
1086	Q0	12885#0	0
1086	Q0	12846#0	0
1086	Q0	53283#95	0
1086	Q0	10809#0	0
1086	Q0	6108#8	0
1086	Q0	45240#9	0
1086	Q0	13308#0	0
1086	Q0	11678#0	0
1086	Q0	27319#0	0
1087	Q0	163255#0	1
1087	Q0	136215#0	1
1087	Q0	213461#0	0
1087	Q0	48710#1	0
1087	Q0	48194#1	0
1087	Q0	10300#3	0
1087	Q0	9770#1	0
1087	Q0	54592#1	0
1087	Q0	5388#1	0
1087	Q0	39593#1	0
1087	Q0	34145#19	0
1088	Q0	5293#1	1
1088	Q0	5293#5	0
1088	Q0	5293#0	0
1088	Q0	5293#3	0
1088	Q0	34159#16	0
1088	Q0	38273#0	0
1088	Q0	5293#2	0
1088	Q0	5293#8	0
1088	Q0	34612#1	0
1088	Q0	5293#7	0
1089	Q0	76156#0	1
1089	Q0	1577#5	1
1089	Q0	2411#3	0
1089	Q0	3730#21	0
1089	Q0	54097#6	0
1089	Q0	9841#8	0
1089	Q0	34998#1	0
1089	Q0	11820#36	0
1089	Q0	6273#2	0
1089	Q0	11820#27	0
1089	Q0	39240#4	0
1091	Q0	29814#0	1
1091	Q0	32066#0	0
1091	Q0	26039#4	0
1091	Q0	26039#0	0
1091	Q0	16535#0	0
1091	Q0	36247#10	0
1091	Q0	21376#0	0
1091	Q0	16652#1	0
1091	Q0	21851#0	0
1091	Q0	10223#0	0
1092	Q0	21515#0	1
1092	Q0	51449#0	0
1092	Q0	16802#1	0
1092	Q0	36861#0	0
1092	Q0	9798#0	0
1092	Q0	24208#0	0
1092	Q0	17373#0	0
1092	Q0	33364#1	0
1092	Q0	22635#0	0
1092	Q0	17719#0	0
1094	Q0	7827#7	1
1094	Q0	7827#5	0
1094	Q0	7827#1	0
1094	Q0	7827#4	0
1094	Q0	7827#3	0
1094	Q0	7827#0	0
1094	Q0	12996#2	0
1094	Q0	7827#6	0
1094	Q0	7827#8	0
1094	Q0	7827#2	0
1096	Q0	4492#7	1
1096	Q0	4492#1	1
1096	Q0	4492#3	0
1096	Q0	4492#10	0
1096	Q0	4492#9	0
1096	Q0	4492#20	0
1096	Q0	40017#6	0
1096	Q0	54969#2	0
1096	Q0	11646#1	0
1096	Q0	32014#2	0
1098	Q0	11612#3	1
1098	Q0	38241#0	0
1098	Q0	11612#0	0
1098	Q0	11612#19	0
1098	Q0	70935#2	0
1098	Q0	35773#10	0
1098	Q0	99588#24	0
1098	Q0	52595#0	0
1098	Q0	1193#18	0
1098	Q0	36834#5	0
1098	Q0	24663#1	0
1100	Q0	51040#2	1
1100	Q0	51040#0	1
1100	Q0	2505#45	0
1100	Q0	6984#13	0
1100	Q0	4921#4	0
1100	Q0	59631#0	0
1100	Q0	34672#72	0
1100	Q0	39196#15	0
1100	Q0	1294#14	0
1100	Q0	51040#10	0
1101	Q0	1580#1	1
1101	Q0	1580#0	1
1101	Q0	1574#1	0
1101	Q0	787#0	0
1101	Q0	1580#2	0
1101	Q0	787#11	0
1101	Q0	1570#0	0
1101	Q0	1586#0	0
1101	Q0	1580#5	0
1101	Q0	1580#4	0
1102	Q0	49860#0	1
1102	Q0	49861#0	1
1102	Q0	32198#13	0
1102	Q0	52244#12	0
1102	Q0	26819#11	0
1102	Q0	22939#3	0
1102	Q0	26429#1	0
1102	Q0	26437#5	0
1102	Q0	50269#13	0
1102	Q0	26495#1	0
1103	Q0	21646#0	1
1103	Q0	32046#15	0
1103	Q0	31981#1	0
1103	Q0	31957#14	0
1103	Q0	32175#6	0
1103	Q0	31993#14	0
1103	Q0	32297#17	0
1103	Q0	32682#19	0
1103	Q0	31956#18	0
1103	Q0	27097#1	0
1105	Q0	103792#0	1
1105	Q0	38037#0	0
1105	Q0	9457#1	0
1105	Q0	34852#1	0
1105	Q0	9520#24	0
1105	Q0	47587#0	0
1105	Q0	1152#1	0
1105	Q0	9520#21	0
1105	Q0	7797#1	0
1105	Q0	5893#1	0
1107	Q0	34088#0	1
1107	Q0	34088#9	0
1107	Q0	50693#4	0
1107	Q0	53993#9	0
1107	Q0	49172#5	0
1107	Q0	17433#3	0
1107	Q0	23707#6	0
1107	Q0	32007#4	0
1107	Q0	34088#17	0
1107	Q0	34088#10	0
1109	Q0	107698#4	1
1109	Q0	1762#11	0
1109	Q0	13439#12	0
1109	Q0	4337#0	0
1109	Q0	35105#0	0
1109	Q0	45305#2	0
1109	Q0	18862#0	0
1109	Q0	38742#0	0
1109	Q0	53066#0	0
1109	Q0	55023#0	0
1109	Q0	56358#22	0
1112	Q0	1359#2	1
1112	Q0	80991#1	1
1112	Q0	1217#6	0
1112	Q0	4467#1	0
1112	Q0	6061#16	0
1112	Q0	9319#6	0
1112	Q0	54657#7	0
1112	Q0	55818#24	0
1112	Q0	31976#17	0
1112	Q0	52865#16	0
1113	Q0	91227#1	1
1113	Q0	9520#2	0
1113	Q0	53283#76	0
1113	Q0	9841#8	0
1113	Q0	5527#11	0
1113	Q0	235357#0	0
1113	Q0	1684#82	0
1113	Q0	1395#14	0
1113	Q0	4906#8	0
1113	Q0	235357#5	0
1113	Q0	9520#8	0
1114	Q0	129349#0	1
1114	Q0	45289#0	0
1114	Q0	53152#4	0
1114	Q0	39078#7	0
1114	Q0	38764#0	0
1114	Q0	41270#3	0
1114	Q0	31880#0	0
1114	Q0	8726#0	0
1114	Q0	9773#7	0
1114	Q0	13638#0	0
1114	Q0	129349#1	0
1115	Q0	4531#1	1
1115	Q0	4531#15	0
1115	Q0	4531#0	0
1115	Q0	4531#19	0
1115	Q0	2502#2	0
1115	Q0	39944#1	0
1115	Q0	6476#1	0
1115	Q0	9462#1	0
1115	Q0	31880#1	0
1115	Q0	161532#0	0
1116	Q0	132304#2	1
1116	Q0	132304#0	1
1116	Q0	132304#4	0
1116	Q0	132304#7	0
1116	Q0	40524#2	0
1116	Q0	132304#5	0
1116	Q0	54592#1	0
1116	Q0	162587#0	0
1116	Q0	6122#1	0
1116	Q0	13806#0	0
1117	Q0	22587#0	1
1117	Q0	22587#11	0
1117	Q0	21743#0	0
1117	Q0	21743#6	0
1117	Q0	51934#0	0
1117	Q0	15785#4	0
1117	Q0	21743#1	0
1117	Q0	21366#0	0
1117	Q0	29858#0	0
1117	Q0	22587#5	0
1118	Q0	50922#0	1
1118	Q0	50919#1	1
1118	Q0	50920#0	1
1118	Q0	50919#8	0
1118	Q0	50922#16	0
1118	Q0	38178#0	0
1118	Q0	50919#16	0
1118	Q0	51074#4	0
1118	Q0	10223#0	0
1118	Q0	56821#0	0
1119	Q0	219087#2	1
1119	Q0	221853#3	1
1119	Q0	219087#4	0
1119	Q0	9520#9	0
1119	Q0	211823#1	0
1119	Q0	218875#5	0
1119	Q0	9520#12	0
1119	Q0	219087#0	0
1119	Q0	219087#6	0
1119	Q0	223376#5	0
1120	Q0	106363#2	1
1120	Q0	106363#22	0
1120	Q0	106363#51	0
1120	Q0	106363#0	0
1120	Q0	106363#10	0
1120	Q0	106363#81	0
1120	Q0	106363#16	0
1120	Q0	106363#38	0
1120	Q0	39192#1	0
1120	Q0	106363#49	0
1121	Q0	258316#4	1
1121	Q0	158647#2	1
1121	Q0	84264#0	1
1121	Q0	158646#6	1
1121	Q0	249850#2	1
1121	Q0	258321#1	1
1121	Q0	256814#1	1
1121	Q0	186771#1	0
1121	Q0	1692#4	0
1121	Q0	53312#19	0
1122	Q0	172631#1	1
1122	Q0	172631#0	1
1122	Q0	2482#1	0
1122	Q0	6969#1	0
1122	Q0	7027#1	0
1122	Q0	48710#1	0
1122	Q0	40206#0	0
1122	Q0	37267#1	0
1122	Q0	5314#1	0
1122	Q0	35846#0	0
1124	Q0	57942#0	1
1124	Q0	27097#1	0
1124	Q0	18863#2	0
1124	Q0	21901#1	0
1124	Q0	36633#0	0
1124	Q0	2762#1	0
1124	Q0	26461#25	0
1124	Q0	22018#1	0
1124	Q0	32393#11	0
1124	Q0	20934#2	0
1126	Q0	6365#2	1
1126	Q0	92184#0	1
1126	Q0	4509#1	0
1126	Q0	4509#21	0
1126	Q0	4509#3	0
1126	Q0	5891#4	0
1126	Q0	4432#1	0
1126	Q0	4509#0	0
1126	Q0	4509#11	0
1126	Q0	4432#4	0
1126	Q0	4349#1	0
1127	Q0	249165#0	1
1127	Q0	3884#0	0
1127	Q0	38782#4	0
1127	Q0	12641#0	0
1127	Q0	38782#5	0
1127	Q0	5996#7	0
1127	Q0	6091#3	0
1127	Q0	12578#0	0
1127	Q0	12885#0	0
1127	Q0	3859#0	0
1127	Q0	3834#0	0
1128	Q0	107066#3	1
1128	Q0	2502#86	0
1128	Q0	12778#1	0
1128	Q0	5897#10	0
1128	Q0	2502#66	0
1128	Q0	40147#6	0
1128	Q0	2502#82	0
1128	Q0	38222#1	0
1128	Q0	875#16	0
1128	Q0	11447#0	0
1130	Q0	39196#5	1
1130	Q0	35675#0	1
1130	Q0	35675#6	1
1130	Q0	85707#0	1
1130	Q0	35675#5	0
1130	Q0	39196#15	0
1130	Q0	35675#8	0
1130	Q0	35675#4	0
1130	Q0	35675#39	0
1130	Q0	35675#7	0
1131	Q0	109011#5	1
1131	Q0	109011#1	0
1131	Q0	6479#42	0
1131	Q0	38441#6	0
1131	Q0	5891#12	0
1131	Q0	4567#37	0
1131	Q0	45240#8	0
1131	Q0	32634#10	0
1131	Q0	39064#12	0
1131	Q0	46822#2	0
1131	Q0	26500#16	0
1132	Q0	31515#0	1
1132	Q0	31515#24	0
1132	Q0	31515#15	0
1132	Q0	49088#11	0
1132	Q0	32287#18	0
1132	Q0	34313#7	0
1132	Q0	32619#13	0
1132	Q0	49030#13	0
1132	Q0	36184#19	0
1132	Q0	49265#32	0
1133	Q0	45309#32	1
1133	Q0	75419#0	1
1133	Q0	27167#3	0
1133	Q0	56106#5	0
1133	Q0	110045#35	0
1133	Q0	40310#2	0
1133	Q0	75416#0	0
1133	Q0	1488#7	0
1133	Q0	22960#8	0
1133	Q0	10046#1	0
1133	Q0	21065#14	0
1134	Q0	29109#0	1
1134	Q0	28702#0	1
1134	Q0	22482#0	0
1134	Q0	15815#0	0
1134	Q0	19041#0	0
1134	Q0	36388#0	0
1134	Q0	49977#0	0
1134	Q0	17088#1	0
1134	Q0	29208#0	0
1134	Q0	36643#0	0
1134	Q0	50044#6	0
1135	Q0	70816#1	1
1135	Q0	45309#11	0
1135	Q0	1487#26	0
1135	Q0	8636#1	0
1135	Q0	45309#9	0
1135	Q0	131775#5	0
1135	Q0	1707#2	0
1135	Q0	23918#1	0
1135	Q0	39320#3	0
1135	Q0	94459#23	0
1135	Q0	111274#8	0
1136	Q0	221601#0	1
1136	Q0	222400#0	1
1136	Q0	221439#0	1
1136	Q0	221825#0	0
1136	Q0	221601#4	0
1136	Q0	222242#0	0
1136	Q0	221740#0	0
1136	Q0	221601#5	0
1136	Q0	221601#2	0
1136	Q0	222427#0	0
1137	Q0	60028#0	1
1137	Q0	82056#3	1
1137	Q0	3451#7	0
1137	Q0	116305#2	0
1137	Q0	60058#0	0
1137	Q0	128940#1	0
1137	Q0	56358#22	0
1137	Q0	35660#0	0
1137	Q0	82056#0	0
1137	Q0	82056#1	0
1138	Q0	17056#0	1
1138	Q0	26500#17	0
1138	Q0	50569#0	0
1138	Q0	26944#2	0
1138	Q0	31044#1	0
1138	Q0	26529#1	0
1138	Q0	26032#1	0
1138	Q0	26575#8	0
1138	Q0	27093#1	0
1138	Q0	50325#0	0
1140	Q0	252542#1	1
1140	Q0	54582#6	0
1140	Q0	6046#38	0
1140	Q0	4266#9	0
1140	Q0	45309#3	0
1140	Q0	56106#7	0
1140	Q0	102873#111	0
1140	Q0	45243#8	0
1140	Q0	56106#5	0
1140	Q0	45548#2	0
1140	Q0	1192#4	0
1141	Q0	34125#0	1
1141	Q0	34125#18	0
1141	Q0	34125#8	0
1141	Q0	5453#0	0
1141	Q0	38817#3	0
1141	Q0	34271#0	0
1141	Q0	26039#4	0
1141	Q0	24136#0	0
1141	Q0	34434#0	0
1141	Q0	24137#0	0
1142	Q0	40068#1	1
1142	Q0	40068#0	1
1142	Q0	40068#4	0
1142	Q0	3730#0	0
1142	Q0	3387#1	0
1142	Q0	40068#2	0
1142	Q0	3730#3	0
1142	Q0	40068#8	0
1142	Q0	1526#5	0
1142	Q0	34672#30	0
1143	Q0	1591#28	1
1143	Q0	61976#0	1
1143	Q0	1555#18	0
1143	Q0	1591#47	0
1143	Q0	6185#19	0
1143	Q0	225739#58	0
1143	Q0	47018#108	0
1143	Q0	38597#2	0
1143	Q0	53335#3	0
1143	Q0	38597#10	0
1144	Q0	39216#0	1
1144	Q0	39216#8	0
1144	Q0	39216#1	0
1144	Q0	39216#5	0
1144	Q0	37898#1	0
1144	Q0	1191#1	0
1144	Q0	8210#13	0
1144	Q0	3401#3	0
1144	Q0	5453#3	0
1144	Q0	1397#10	0
1145	Q0	8726#3	1
1145	Q0	8726#4	0
1145	Q0	8726#15	0
1145	Q0	2475#8	0
1145	Q0	8726#13	0
1145	Q0	12505#2	0
1145	Q0	12504#0	0
1145	Q0	8726#5	0
1145	Q0	39594#2	0
1145	Q0	13350#0	0
1146	Q0	270507#1	1
1146	Q0	270507#0	0
1146	Q0	2497#0	0
1146	Q0	1848#3	0
1146	Q0	39944#1	0
1146	Q0	13763#7	0
1146	Q0	53195#1	0
1146	Q0	39617#1	0
1146	Q0	5871#1	0
1146	Q0	2522#1	0
1148	Q0	93085#0	1
1148	Q0	31410#4	0
1148	Q0	1294#1	0
1148	Q0	47438#24	0
1148	Q0	55080#0	0
1148	Q0	1764#11	0
1148	Q0	55087#19	0
1148	Q0	39390#8	0
1148	Q0	1535#0	0
1148	Q0	1534#10	0
1148	Q0	31396#22	0
1149	Q0	63425#1	1
1149	Q0	12272#2	0
1149	Q0	63425#3	0
1149	Q0	38981#17	0
1149	Q0	34159#16	0
1149	Q0	39726#3	0
1149	Q0	9462#2	0
1149	Q0	34612#1	0
1149	Q0	38342#1	0
1149	Q0	5897#10	0
1149	Q0	50648#3	0
1150	Q0	270955#2	1
1150	Q0	34306#3	0
1150	Q0	20962#0	0
1150	Q0	33359#4	0
1150	Q0	48619#1	0
1150	Q0	15986#1	0
1150	Q0	270955#3	0
1150	Q0	51194#0	0
1150	Q0	270955#1	0
1150	Q0	47932#0	0
1150	Q0	33342#2	0
1151	Q0	2541#1	1
1151	Q0	12272#2	0
1151	Q0	2541#0	0
1151	Q0	2541#9	0
1151	Q0	2541#5	0
1151	Q0	2541#3	0
1151	Q0	2541#8	0
1151	Q0	2541#6	0
1151	Q0	2541#4	0
1151	Q0	2541#10	0
1152	Q0	79559#0	1
1152	Q0	4492#10	0
1152	Q0	45240#2	0
1152	Q0	79559#3	0
1152	Q0	79559#2	0
1152	Q0	10183#3	0
1152	Q0	7918#0	0
1152	Q0	40017#6	0
1152	Q0	32014#2	0
1152	Q0	38978#0	0
1154	Q0	21673#0	1
1154	Q0	32590#19	0
1154	Q0	21673#8	0
1154	Q0	34039#0	0
1154	Q0	34039#16	0
1154	Q0	22715#12	0
1154	Q0	6663#1	0
1154	Q0	48175#1	0
1154	Q0	47946#8	0
1154	Q0	32356#2	0
1154	Q0	47086#1	0
1155	Q0	90062#1	1
1155	Q0	90062#0	1
1155	Q0	38865#0	0
1155	Q0	41404#2	0
1155	Q0	6122#1	0
1155	Q0	35701#1	0
1155	Q0	54592#1	0
1155	Q0	39930#0	0
1155	Q0	41412#2	0
1155	Q0	38981#0	0
1157	Q0	29212#0	1
1157	Q0	16207#0	0
1157	Q0	29212#3	0
1157	Q0	28336#0	0
1157	Q0	11772#9	0
1157	Q0	30389#0	0
1157	Q0	24273#0	0
1157	Q0	16559#0	0
1157	Q0	5915#4	0
1157	Q0	16243#0	0
1158	Q0	104116#3	1
1158	Q0	3451#8	0
1158	Q0	1201#4	0
1158	Q0	224086#0	0
1158	Q0	1201#0	0
1158	Q0	1201#5	0
1158	Q0	41040#3	0
1158	Q0	3451#7	0
1158	Q0	1201#3	0
1158	Q0	40068#6	0
1158	Q0	1201#9	0
1161	Q0	2938#5	1
1161	Q0	115035#20	1
1161	Q0	875#2	1
1161	Q0	10414#7	0
1161	Q0	2938#47	0
1161	Q0	12668#43	0
1161	Q0	39083#7	0
1161	Q0	24001#5	0
1161	Q0	12667#34	0
1161	Q0	12668#57	0
1161	Q0	53303#7	0
1162	Q0	15867#0	1
1162	Q0	17227#0	0
1162	Q0	1257#25	0
1162	Q0	53252#8	0
1162	Q0	8631#1	0
1162	Q0	38407#15	0
1162	Q0	56005#5	0
1162	Q0	3775#3	0
1162	Q0	22956#20	0
1162	Q0	16979#1	0
1163	Q0	1512#0	1
1163	Q0	1512#5	0
1163	Q0	31257#17	0
1163	Q0	1918#1	0
1163	Q0	34784#0	0
1163	Q0	1511#4	0
1163	Q0	2399#5	0
1163	Q0	7222#1	0
1163	Q0	1512#4	0
1163	Q0	1512#8	0
1164	Q0	24505#0	1
1164	Q0	24505#6	0
1164	Q0	47961#0	0
1164	Q0	24505#4	0
1164	Q0	34184#14	0
1164	Q0	47962#0	0
1164	Q0	24505#5	0
1164	Q0	24505#1	0
1164	Q0	34346#2	0
1164	Q0	29403#1	0
1166	Q0	179552#0	1
1166	Q0	11878#0	0
1166	Q0	12383#0	0
1166	Q0	3810#0	0
1166	Q0	53438#0	0
1166	Q0	10729#0	0
1166	Q0	53368#0	0
1166	Q0	3884#0	0
1166	Q0	10874#0	0
1166	Q0	179552#2	0
1167	Q0	108999#27	1
1167	Q0	2443#4	0
1167	Q0	108999#23	0
1167	Q0	108999#0	0
1167	Q0	108999#20	0
1167	Q0	2443#7	0
1167	Q0	2443#0	0
1167	Q0	108999#81	0
1167	Q0	18532#1	0
1167	Q0	108999#39	0
1167	Q0	108999#14	0
1168	Q0	1487#19	1
1168	Q0	787#7	1
1168	Q0	31257#17	0
1168	Q0	4509#0	0
1168	Q0	2355#0	0
1168	Q0	1487#0	0
1168	Q0	7495#0	0
1168	Q0	3488#34	0
1168	Q0	4243#0	0
1168	Q0	1487#18	0
1170	Q0	23195#1	1
1170	Q0	23195#28	0
1170	Q0	26977#5	0
1170	Q0	53707#20	0
1170	Q0	53706#1	0
1170	Q0	32387#11	0
1170	Q0	49504#2	0
1170	Q0	53739#96	0
1170	Q0	53731#18	0
1170	Q0	49453#18	0
1172	Q0	28420#0	1
1172	Q0	16657#1	1
1172	Q0	27105#1	0
1172	Q0	23000#28	0
1172	Q0	51000#20	0
1172	Q0	51209#19	0
1172	Q0	32688#16	0
1172	Q0	51208#5	0
1172	Q0	52613#1	0
1172	Q0	21865#0	0
1173	Q0	51040#0	1
1173	Q0	51040#2	1
1173	Q0	47327#5	0
1173	Q0	51040#3	0
1173	Q0	47017#32	0
1173	Q0	51040#4	0
1173	Q0	51040#8	0
1173	Q0	34672#72	0
1173	Q0	112844#23	0
1173	Q0	35675#38	0
1174	Q0	137529#0	1
1174	Q0	130481#8	1
1174	Q0	265652#1	0
1174	Q0	126999#0	0
1174	Q0	128636#0	0
1174	Q0	27182#15	0
1174	Q0	265483#0	0
1174	Q0	55600#3	0
1174	Q0	32059#7	0
1174	Q0	1532#61	0
1175	Q0	257589#1	1
1175	Q0	257589#0	1
1175	Q0	2495#1	0
1175	Q0	38273#0	0
1175	Q0	39630#0	0
1175	Q0	39192#1	0
1175	Q0	6108#0	0
1175	Q0	54936#3	0
1175	Q0	9783#1	0
1175	Q0	31576#0	0
1176	Q0	3418#123	1
1176	Q0	43757#0	1
1176	Q0	110769#0	1
1176	Q0	3418#125	0
1176	Q0	3418#126	0
1176	Q0	1591#12	0
1176	Q0	3418#135	0
1176	Q0	3418#120	0
1176	Q0	1581#7	0
1176	Q0	1591#11	0
1176	Q0	3418#122	0
1177	Q0	29166#1	1
1177	Q0	50326#0	0
1177	Q0	18337#0	0
1177	Q0	47939#3	0
1177	Q0	22095#0	0
1177	Q0	17006#0	0
1177	Q0	21355#0	0
1177	Q0	50323#1	0
1177	Q0	25760#1	0
1177	Q0	32366#0	0
1178	Q0	100550#0	1
1178	Q0	4778#3	0
1178	Q0	47732#1	0
1178	Q0	55818#30	0
1178	Q0	56424#17	0
1178	Q0	29741#4	0
1178	Q0	20967#22	0
1178	Q0	10615#20	0
1178	Q0	36526#1	0
1178	Q0	21640#4	0
1178	Q0	32458#8	0
1179	Q0	103834#10	1
1179	Q0	100840#91	0
1179	Q0	40412#1	0
1179	Q0	47160#29	0
1179	Q0	39216#0	0
1179	Q0	41040#4	0
1179	Q0	7448#3	0
1179	Q0	47160#30	0
1179	Q0	47160#27	0
1179	Q0	31768#10	0
1179	Q0	2624#12	0
1180	Q0	37270#0	1
1180	Q0	37270#7	0
1180	Q0	52585#7	0
1180	Q0	33960#16	0
1180	Q0	34427#16	0
1180	Q0	34427#1	0
1180	Q0	26744#0	0
1180	Q0	34238#15	0
1180	Q0	51304#5	0
1180	Q0	39092#27	0
1181	Q0	1146#15	1
1181	Q0	1146#0	1
1181	Q0	7121#16	0
1181	Q0	6479#23	0
1181	Q0	1146#13	0
1181	Q0	26644#6	0
1181	Q0	10211#14	0
1181	Q0	1146#11	0
1181	Q0	5284#2	0
1181	Q0	1916#8	0
1182	Q0	106861#0	1
1182	Q0	165200#3	0
1182	Q0	36267#15	0
1182	Q0	5756#2	0
1182	Q0	5890#2	0
1182	Q0	6471#8	0
1182	Q0	5859#5	0
1182	Q0	37951#6	0
1182	Q0	4906#1	0
1182	Q0	2469#9	0
1182	Q0	244279#3	0
1183	Q0	34198#0	1
1183	Q0	50218#2	0
1183	Q0	50227#16	0
1183	Q0	50269#13	0
1183	Q0	26749#2	0
1183	Q0	32311#9	0
1183	Q0	26595#2	0
1183	Q0	26864#11	0
1183	Q0	50238#20	0
1183	Q0	50082#9	0
1184	Q0	1591#28	1
1184	Q0	1555#18	1
1184	Q0	61976#0	1
1184	Q0	38597#10	0
1184	Q0	6185#19	0
1184	Q0	47018#108	0
1184	Q0	45262#6	0
1184	Q0	1525#71	0
1184	Q0	38597#2	0
1184	Q0	46904#5	0
1185	Q0	201820#15	1
1185	Q0	225108#0	1
1185	Q0	26375#21	0
1185	Q0	45311#3	0
1185	Q0	109860#8	0
1185	Q0	9520#2	0
1185	Q0	29741#4	0
1185	Q0	2512#11	0
1185	Q0	1487#26	0
1185	Q0	5527#2	0
1186	Q0	58010#0	1
1186	Q0	49700#0	0
1186	Q0	29915#0	0
1186	Q0	26248#0	0
1186	Q0	52866#0	0
1186	Q0	30174#0	0
1186	Q0	47945#5	0
1186	Q0	32471#4	0
1186	Q0	16019#0	0
1186	Q0	10223#0	0
1186	Q0	27921#0	0
1187	Q0	213814#0	1
1187	Q0	124773#0	1
1187	Q0	41955#2	0
1187	Q0	6153#6	0
1187	Q0	11854#0	0
1187	Q0	8726#13	0
1187	Q0	10908#0	0
1187	Q0	124773#1	0
1187	Q0	12427#0	0
1187	Q0	38782#4	0
1188	Q0	17768#0	1
1188	Q0	26977#5	0
1188	Q0	51050#3	0
1188	Q0	1781#16	0
1188	Q0	23230#27	0
1188	Q0	32640#19	0
1188	Q0	26745#1	0
1188	Q0	32415#0	0
1188	Q0	31967#11	0
1188	Q0	32047#17	0
1189	Q0	49781#1	1
1189	Q0	49781#18	0
1189	Q0	49782#1	0
1189	Q0	49781#10	0
1189	Q0	49782#7	0
1189	Q0	49764#0	0
1189	Q0	49780#1	0
1189	Q0	24330#0	0
1189	Q0	49721#0	0
1189	Q0	5266#0	0
1190	Q0	34412#12	1
1190	Q0	34413#0	1
1190	Q0	34413#12	0
1190	Q0	32198#13	0
1190	Q0	53706#1	0
1190	Q0	49504#2	0
1190	Q0	8620#1	0
1190	Q0	53707#20	0
1190	Q0	53731#18	0
1190	Q0	26605#0	0
1190	Q0	49679#1	0
1192	Q0	146312#0	1
1192	Q0	204521#16	0
1192	Q0	57031#3	0
1192	Q0	146312#17	0
1192	Q0	34014#0	0
1192	Q0	32044#18	0
1192	Q0	23231#26	0
1192	Q0	9230#1	0
1192	Q0	26600#0	0
1192	Q0	26982#7	0
1192	Q0	21412#0	0
1193	Q0	240953#1	1
1193	Q0	54936#3	0
1193	Q0	240953#0	0
1193	Q0	240953#2	0
1193	Q0	6476#1	0
1193	Q0	24030#12	0
1193	Q0	2541#1	0
1193	Q0	39944#1	0
1193	Q0	2518#1	0
1193	Q0	46924#8	0
1194	Q0	2520#10	1
1194	Q0	2521#5	1
1194	Q0	2512#0	0
1194	Q0	2502#0	0
1194	Q0	39192#23	0
1194	Q0	2522#5	0
1194	Q0	2495#11	0
1194	Q0	39190#0	0
1194	Q0	3418#52	0
1194	Q0	5891#0	0
1195	Q0	24605#0	1
1195	Q0	20732#1	0
1195	Q0	32705#0	0
1195	Q0	32314#11	0
1195	Q0	26981#7	0
1195	Q0	17931#1	0
1195	Q0	33806#0	0
1195	Q0	31957#14	0
1195	Q0	32382#13	0
1195	Q0	34158#15	0
1196	Q0	110219#13	1
1196	Q0	64653#0	1
1196	Q0	38570#0	0
1196	Q0	805#0	0
1196	Q0	72288#1	0
1196	Q0	38570#5	0
1196	Q0	792#22	0
1196	Q0	23918#5	0
1196	Q0	3451#1	0
1196	Q0	47327#41	0
1196	Q0	53283#75	0
1197	Q0	91276#1	1
1197	Q0	1684#77	0
1197	Q0	863#3	0
1197	Q0	56106#34	0
1197	Q0	18627#7	0
1197	Q0	6303#27	0
1197	Q0	46740#1	0
1197	Q0	38632#4	0
1197	Q0	45309#29	0
1197	Q0	100746#6	0
1197	Q0	124231#12	0
1199	Q0	245463#11	1
1199	Q0	3852#0	0
1199	Q0	39352#0	0
1199	Q0	852#9	0
1199	Q0	3598#16	0
1199	Q0	4024#22	0
1199	Q0	2482#9	0
1199	Q0	9424#9	0
1199	Q0	3852#17	0
1199	Q0	7032#1	0
1199	Q0	35846#4	0
1200	Q0	69850#0	1
1200	Q0	1217#22	0
1200	Q0	32059#7	0
1200	Q0	1684#157	0
1200	Q0	17197#1	0
1200	Q0	27393#0	0
1200	Q0	47018#116	0
1200	Q0	60235#61	0
1200	Q0	35675#38	0
1200	Q0	1684#158	0
1200	Q0	3775#3	0
1201	Q0	41955#2	1
1201	Q0	3427#2	0
1201	Q0	2475#8	0
1201	Q0	6111#3	0
1201	Q0	10907#1	0
1201	Q0	9457#4	0
1201	Q0	39249#8	0
1201	Q0	35084#14	0
1201	Q0	27176#2	0
1201	Q0	10809#0	0
1202	Q0	28859#0	1
1202	Q0	25935#0	0
1202	Q0	22040#0	0
1202	Q0	34158#0	0
1202	Q0	25795#0	0
1202	Q0	16178#1	0
1202	Q0	17404#0	0
1202	Q0	49721#0	0
1202	Q0	27060#0	0
1202	Q0	36595#0	0
1203	Q0	36445#0	1
1203	Q0	36147#6	0
1203	Q0	36481#5	0
1203	Q0	53682#4	0
1203	Q0	53681#5	0
1203	Q0	21460#2	0
1203	Q0	48877#5	0
1203	Q0	15871#1	0
1203	Q0	36369#0	0
1203	Q0	30002#0	0
1205	Q0	17200#0	1
1205	Q0	34080#15	0
1205	Q0	37076#13	0
1205	Q0	26491#1	0
1205	Q0	50238#20	0
1205	Q0	15887#0	0
1205	Q0	1781#16	0
1205	Q0	50227#16	0
1205	Q0	50082#9	0
1205	Q0	17306#1	0
1206	Q0	57852#0	1
1206	Q0	38817#3	0
1206	Q0	21379#0	0
1206	Q0	21848#0	0
1206	Q0	36749#0	0
1206	Q0	54253#2	0
1206	Q0	21464#0	0
1206	Q0	24157#0	0
1206	Q0	23790#6	0
1206	Q0	29134#0	0
1207	Q0	230367#1	1
1207	Q0	10300#3	0
1207	Q0	6790#4	0
1207	Q0	9770#1	0
1207	Q0	38782#0	0
1207	Q0	7027#1	0
1207	Q0	43757#1	0
1207	Q0	5498#1	0
1207	Q0	40995#2	0
1207	Q0	35846#0	0
1208	Q0	45448#8	1
1208	Q0	13449#3	1
1208	Q0	13444#3	0
1208	Q0	13444#1	0
1208	Q0	55733#0	0
1208	Q0	13458#0	0
1208	Q0	13450#0	0
1208	Q0	13444#4	0
1208	Q0	13444#10	0
1208	Q0	13444#9	0
1210	Q0	9520#2	1
1210	Q0	9520#8	0
1210	Q0	9520#26	0
1210	Q0	9520#7	0
1210	Q0	9520#23	0
1210	Q0	9520#3	0
1210	Q0	9520#18	0
1210	Q0	113616#3	0
1210	Q0	13816#2	0
1210	Q0	54582#11	0
1210	Q0	9520#0	0
1211	Q0	49235#0	1
1211	Q0	49235#1	0
1211	Q0	24125#0	0
1211	Q0	48733#0	0
1211	Q0	17409#0	0
1211	Q0	38817#3	0
1211	Q0	26913#0	0
1211	Q0	1539#0	0
1211	Q0	24771#0	0
1211	Q0	16586#0	0
1212	Q0	30400#0	1
1212	Q0	49736#13	0
1212	Q0	32198#13	0
1212	Q0	32234#22	0
1212	Q0	27100#1	0
1212	Q0	49727#13	0
1212	Q0	26495#1	0
1212	Q0	32710#8	0
1212	Q0	29133#0	0
1212	Q0	1540#18	0
1214	Q0	26873#0	1
1214	Q0	26873#13	0
1214	Q0	14413#1	0
1214	Q0	38480#1	0
1214	Q0	38480#21	0
1214	Q0	18647#1	0
1214	Q0	32632#9	0
1214	Q0	52244#12	0
1214	Q0	26873#12	0
1214	Q0	32395#13	0
1215	Q0	49837#0	1
1215	Q0	49838#0	1
1215	Q0	49838#10	0
1215	Q0	32198#13	0
1215	Q0	34035#2	0
1215	Q0	32309#17	0
1215	Q0	26990#1	0
1215	Q0	49936#19	0
1215	Q0	49832#0	0
1215	Q0	26491#1	0
1215	Q0	26696#0	0
1216	Q0	29976#0	1
1216	Q0	51985#0	0
1216	Q0	52219#1	0
1216	Q0	51985#6	0
1216	Q0	23556#6	0
1216	Q0	52012#6	0
1216	Q0	52077#0	0
1216	Q0	52224#0	0
1216	Q0	52209#0	0
1216	Q0	52011#6	0
1220	Q0	36896#0	1
1220	Q0	32264#21	0
1220	Q0	34206#26	0
1220	Q0	56973#1	0
1220	Q0	32700#15	0
1220	Q0	50035#22	0
1220	Q0	19026#0	0
1220	Q0	49990#1	0
1220	Q0	26862#4	0
1220	Q0	32710#8	0
1221	Q0	40839#0	1
1221	Q0	47019#1	0
1221	Q0	47326#0	0
1221	Q0	37263#0	0
1221	Q0	47327#17	0
1221	Q0	35677#26	0
1221	Q0	35705#2	0
1221	Q0	1535#18	0
1221	Q0	35677#48	0
1221	Q0	53283#68	0
1222	Q0	204677#1	1
1222	Q0	2468#1	0
1222	Q0	7018#1	0
1222	Q0	5348#1	0
1222	Q0	5891#1	0
1222	Q0	10523#1	0
1222	Q0	204677#0	0
1222	Q0	9457#1	0
1222	Q0	5897#2	0
1222	Q0	48710#1	0
1222	Q0	10300#3	0
1223	Q0	61168#2	1
1223	Q0	35219#19	0
1223	Q0	8229#17	0
1223	Q0	6046#46	0
1223	Q0	53818#2	0
1223	Q0	61168#0	0
1223	Q0	23501#0	0
1223	Q0	1431#7	0
1223	Q0	1389#12	0
1223	Q0	1431#4	0
1223	Q0	8202#2	0
1224	Q0	26790#0	1
1224	Q0	26790#19	0
1224	Q0	46982#11	0
1224	Q0	49946#17	0
1224	Q0	53707#20	0
1224	Q0	32325#22	0
1224	Q0	32234#22	0
1224	Q0	34177#1	0
1224	Q0	23244#25	0
1224	Q0	32689#16	0
1225	Q0	33023#0	1
1225	Q0	1392#7	1
1225	Q0	1360#24	0
1225	Q0	1392#17	0
1225	Q0	1392#9	0
1225	Q0	1392#8	0
1225	Q0	1363#3	0
1225	Q0	21919#0	0
1225	Q0	1392#16	0
1225	Q0	1360#20	0
1226	Q0	37263#0	1
1226	Q0	40839#0	1
1226	Q0	40839#1	0
1226	Q0	47327#1	0
1226	Q0	47327#17	0
1226	Q0	47018#40	0
1226	Q0	51040#4	0
1226	Q0	1684#0	0
1226	Q0	107915#6	0
1226	Q0	47017#47	0
1230	Q0	13739#1	1
1230	Q0	3077#4	0
1230	Q0	34672#29	0
1230	Q0	49574#4	0
1230	Q0	38402#41	0
1230	Q0	40068#0	0
1230	Q0	3077#2	0
1230	Q0	52185#2	0
1230	Q0	1119#1	0
1230	Q0	3081#2	0
1230	Q0	48409#18	0
1231	Q0	26955#0	1
1231	Q0	52413#10	0
1231	Q0	50269#13	0
1231	Q0	52414#0	0
1231	Q0	26955#16	0
1231	Q0	26705#3	0
1231	Q0	48579#21	0
1231	Q0	26661#6	0
1231	Q0	26848#1	0
1231	Q0	52591#2	0
1234	Q0	258646#0	1
1234	Q0	5930#5	0
1234	Q0	2451#24	0
1234	Q0	47236#6	0
1234	Q0	258700#0	0
1234	Q0	49265#51	0
1234	Q0	47236#7	0
1234	Q0	39192#17	0
1234	Q0	5527#11	0
1234	Q0	259851#0	0
1236	Q0	64935#7	1
1236	Q0	211408#0	1
1236	Q0	34672#9	0
1236	Q0	106420#36	0
1236	Q0	55092#15	0
1236	Q0	34672#51	0
1236	Q0	55092#37	0
1236	Q0	5453#3	0
1236	Q0	55092#0	0
1236	Q0	54036#4	0
1237	Q0	33162#0	1
1237	Q0	26461#0	1
1237	Q0	34384#1	0
1237	Q0	33162#21	0
1237	Q0	24456#0	0
1237	Q0	21864#0	0
1237	Q0	26461#25	0
1237	Q0	21795#0	0
1237	Q0	33162#9	0
1237	Q0	34043#0	0
1240	Q0	47170#0	1
1240	Q0	47170#1	0
1240	Q0	54969#1	0
1240	Q0	40217#4	0
1240	Q0	40217#1	0
1240	Q0	2475#1	0
1240	Q0	5891#1	0
1240	Q0	39240#1	0
1240	Q0	54936#3	0
1240	Q0	9457#1	0
1241	Q0	221601#1	1
1241	Q0	34672#18	0
1241	Q0	221601#2	0
1241	Q0	56358#41	0
1241	Q0	56358#24	0
1241	Q0	221439#1	0
1241	Q0	53283#37	0
1241	Q0	34672#23	0
1241	Q0	221601#0	0
1241	Q0	221285#0	0
1242	Q0	206433#1	1
1242	Q0	206433#15	0
1242	Q0	47732#1	0
1242	Q0	34429#17	0
1242	Q0	105383#3	0
1242	Q0	15311#11	0
1242	Q0	51821#11	0
1242	Q0	24255#3	0
1242	Q0	51587#3	0
1242	Q0	19928#9	0
1242	Q0	24490#5	0
1244	Q0	230906#0	1
1244	Q0	3195#10	0
1244	Q0	24030#11	0
1244	Q0	4474#0	0
1244	Q0	1222#0	0
1244	Q0	1522#37	0
1244	Q0	10129#3	0
1244	Q0	1224#9	0
1244	Q0	210463#2	0
1244	Q0	4474#9	0
1246	Q0	34525#5	1
1246	Q0	34525#10	1
1246	Q0	34525#0	0
1246	Q0	34525#3	0
1246	Q0	34525#18	0
1246	Q0	34525#14	0
1246	Q0	34525#8	0
1246	Q0	1567#7	0
1246	Q0	269034#33	0
1246	Q0	5871#9	0
1247	Q0	1389#6	1
1247	Q0	2624#8	1
1247	Q0	52865#16	0
1247	Q0	2624#6	0
1247	Q0	5666#7	0
1247	Q0	2624#18	0
1247	Q0	5890#4	0
1247	Q0	2469#38	0
1247	Q0	2624#17	0
1247	Q0	32322#7	0
1247	Q0	38042#11	0
1249	Q0	71713#6	1
1249	Q0	39726#1	0
1249	Q0	24001#4	0
1249	Q0	5871#1	0
1249	Q0	875#16	0
1249	Q0	41411#1	0
1249	Q0	12778#1	0
1249	Q0	54584#0	0
1249	Q0	38981#17	0
1249	Q0	47072#3	0
1249	Q0	6001#1	0
1250	Q0	6303#9	1
1250	Q0	203773#0	1
1250	Q0	6303#4	1
1250	Q0	56262#2	0
1250	Q0	29741#3	0
1250	Q0	6303#0	0
1250	Q0	7528#3	0
1250	Q0	5496#0	0
1250	Q0	4917#0	0
1250	Q0	39196#12	0
1251	Q0	10560#2	1
1251	Q0	10560#0	1
1251	Q0	12783#0	0
1251	Q0	12778#1	0
1251	Q0	27347#0	0
1251	Q0	11644#1	0
1251	Q0	31240#2	0
1251	Q0	12272#2	0
1251	Q0	11995#0	0
1251	Q0	16385#0	0
1252	Q0	99985#3	1
1252	Q0	99985#6	0
1252	Q0	99985#0	0
1252	Q0	1149#105	0
1252	Q0	101992#37	0
1252	Q0	102516#2	0
1252	Q0	101481#2	0
1252	Q0	40368#86	0
1252	Q0	39100#3	0
1252	Q0	99985#4	0
1252	Q0	99985#2	0
1253	Q0	3730#0	1
1253	Q0	3730#1	0
1253	Q0	3730#3	0
1253	Q0	3730#24	0
1253	Q0	40068#0	0
1253	Q0	3730#4	0
1253	Q0	3730#26	0
1253	Q0	3730#6	0
1253	Q0	3730#18	0
1253	Q0	3730#16	0
1254	Q0	71101#0	1
1254	Q0	40017#6	0
1254	Q0	6553#7	0
1254	Q0	54969#2	0
1254	Q0	10183#3	0
1254	Q0	6108#22	0
1254	Q0	47170#4	0
1254	Q0	32014#2	0
1254	Q0	54969#0	0
1254	Q0	4432#10	0
1255	Q0	37465#0	1
1255	Q0	31323#1	0
1255	Q0	3418#121	0
1255	Q0	3418#120	0
1255	Q0	3418#101	0
1255	Q0	1512#6	0
1255	Q0	3418#46	0
1255	Q0	37465#12	0
1255	Q0	37465#2	0
1255	Q0	3418#67	0
1256	Q0	28863#0	1
1256	Q0	28863#1	0
1256	Q0	33952#11	0
1256	Q0	47961#0	0
1256	Q0	17109#1	0
1256	Q0	22888#26	0
1256	Q0	29403#1	0
1256	Q0	34207#20	0
1256	Q0	33964#11	0
1256	Q0	23663#12	0
1257	Q0	36249#0	1
1257	Q0	36250#0	1
1257	Q0	36249#9	0
1257	Q0	36246#0	0
1257	Q0	50032#0	0
1257	Q0	31044#1	0
1257	Q0	21590#0	0
1257	Q0	36246#13	0
1257	Q0	36250#20	0
1257	Q0	36394#0	0
1258	Q0	29423#0	1
1258	Q0	49356#0	1
1258	Q0	29420#0	0
1258	Q0	49360#0	0
1258	Q0	28225#0	0
1258	Q0	28184#0	0
1258	Q0	28211#0	0
1258	Q0	51720#0	0
1258	Q0	28106#0	0
1258	Q0	28190#0	0
1259	Q0	162790#0	1
1259	Q0	162790#2	1
1259	Q0	39630#1	0
1259	Q0	39630#0	0
1259	Q0	39192#1	0
1259	Q0	2502#2	0
1259	Q0	39630#2	0
1259	Q0	34612#1	0
1259	Q0	9462#2	0
1259	Q0	39192#0	0
1259	Q0	6122#1	0
1260	Q0	1487#19	1
1260	Q0	4283#16	1
1260	Q0	172292#3	1
1260	Q0	1487#1	0
1260	Q0	4509#0	0
1260	Q0	1487#18	0
1260	Q0	141310#6	0
1260	Q0	1487#0	0
1260	Q0	4432#3	0
1260	Q0	34784#0	0
1260	Q0	1487#31	0
1262	Q0	96584#4	1
1262	Q0	96584#2	1
1262	Q0	96584#0	1
1262	Q0	1133#6	0
1262	Q0	40368#86	0
1262	Q0	6046#9	0
1262	Q0	96584#1	0
1262	Q0	804#7	0
1262	Q0	40368#73	0
1262	Q0	40368#115	0
1262	Q0	56106#34	0
1263	Q0	105833#52	1
1263	Q0	112940#0	1
1263	Q0	112940#1	0
1263	Q0	47327#2	0
1263	Q0	2411#1	0
1263	Q0	40163#1	0
1263	Q0	53324#3	0
1263	Q0	2416#4	0
1263	Q0	28904#1	0
1263	Q0	4831#5	0
1263	Q0	1583#0	0
1264	Q0	231321#0	1
1264	Q0	3800#0	0
1264	Q0	3834#0	0
1264	Q0	35084#17	0
1264	Q0	39623#0	0
1264	Q0	3840#0	0
1264	Q0	3860#0	0
1264	Q0	3810#0	0
1264	Q0	3831#0	0
1264	Q0	3830#0	0
1264	Q0	11659#0	0
1265	Q0	27627#0	1
1265	Q0	23601#1	0
1265	Q0	27585#1	0
1265	Q0	50256#1	0
1265	Q0	17392#2	0
1265	Q0	26915#0	0
1265	Q0	18035#1	0
1265	Q0	1597#7	0
1265	Q0	2391#4	0
1265	Q0	28423#0	0
1268	Q0	230319#1	1
1268	Q0	40743#3	0
1268	Q0	1360#13	0
1268	Q0	40368#80	0
1268	Q0	3418#142	0
1268	Q0	1360#14	0
1268	Q0	38341#1	0
1268	Q0	1525#18	0
1268	Q0	26375#4	0
1268	Q0	2495#8	0
1269	Q0	2495#0	1
1269	Q0	1397#0	1
1269	Q0	2522#5	0
1269	Q0	2495#11	0
1269	Q0	2468#0	0
1269	Q0	4696#0	0
1269	Q0	2512#0	0
1269	Q0	4696#15	0
1269	Q0	39196#18	0
1269	Q0	2502#0	0
1269	Q0	64175#0	0
1270	Q0	2502#0	1
1270	Q0	99026#0	1
1270	Q0	5891#0	0
1270	Q0	39192#0	0
1270	Q0	2495#0	0
1270	Q0	2469#27	0
1270	Q0	39190#0	0
1270	Q0	2512#0	0
1270	Q0	4838#6	0
1270	Q0	2469#0	0
1270	Q0	4838#0	0
1271	Q0	28616#0	1
1271	Q0	5915#17	0
1271	Q0	26290#13	0
1271	Q0	34407#12	0
1271	Q0	53831#1	0
1271	Q0	47327#50	0
1271	Q0	23231#26	0
1271	Q0	40738#4	0
1271	Q0	50046#6	0
1271	Q0	32467#5	0
1272	Q0	17563#0	1
1272	Q0	37047#16	0
1272	Q0	35219#19	0
1272	Q0	38149#14	0
1272	Q0	52244#12	0
1272	Q0	49088#11	0
1272	Q0	32047#17	0
1272	Q0	57156#2	0
1272	Q0	22227#5	0
1272	Q0	32696#17	0
1273	Q0	106186#0	1
1273	Q0	106186#23	0
1273	Q0	38705#3	0
1273	Q0	46759#5	0
1273	Q0	106186#24	0
1273	Q0	106186#44	0
1273	Q0	106186#3	0
1273	Q0	106186#2	0
1273	Q0	35773#1	0
1273	Q0	54582#29	0
1274	Q0	178352#1	1
1274	Q0	28904#38	0
1274	Q0	1357#13	0
1274	Q0	9232#6	0
1274	Q0	23220#1	0
1274	Q0	49265#31	0
1274	Q0	1598#10	0
1274	Q0	231683#6	0
1274	Q0	171007#0	0
1274	Q0	2416#10	0
1275	Q0	109525#1	1
1275	Q0	1554#9	0
1275	Q0	53281#1	0
1275	Q0	37737#0	0
1275	Q0	37898#1	0
1275	Q0	31662#4	0
1275	Q0	1190#1	0
1275	Q0	35705#0	0
1275	Q0	11820#51	0
1275	Q0	13836#2	0
1275	Q0	37898#12	0
1276	Q0	32040#0	1
1276	Q0	32040#17	0
1276	Q0	34040#17	0
1276	Q0	1484#17	0
1276	Q0	40670#14	0
1276	Q0	15713#0	0
1276	Q0	32040#11	0
1276	Q0	53706#1	0
1276	Q0	32040#3	0
1276	Q0	2734#5	0
1277	Q0	38761#0	1
1277	Q0	38761#1	0
1277	Q0	39630#1	0
1277	Q0	7018#1	0
1277	Q0	38761#23	0
1277	Q0	39630#0	0
1277	Q0	68521#1	0
1277	Q0	6479#3	0
1277	Q0	39137#0	0
1277	Q0	7662#1	0
1278	Q0	23573#1	1
1278	Q0	20822#0	1
1278	Q0	24662#0	0
1278	Q0	32297#17	0
1278	Q0	9315#0	0
1278	Q0	51000#20	0
1278	Q0	32307#13	0
1278	Q0	24619#0	0
1278	Q0	16206#0	0
1278	Q0	19041#0	0
1279	Q0	99956#0	1
1279	Q0	99956#3	1
1279	Q0	99956#74	0
1279	Q0	99956#68	0
1279	Q0	99956#64	0
1279	Q0	99956#61	0
1279	Q0	99956#59	0
1279	Q0	13455#8	0
1279	Q0	99956#48	0
1279	Q0	99956#44	0
1282	Q0	134813#4	1
1282	Q0	1181#2	0
1282	Q0	134813#0	0
1282	Q0	34852#1	0
1282	Q0	9520#21	0
1282	Q0	39207#1	0
1282	Q0	47327#42	0
1282	Q0	46903#0	0
1282	Q0	39100#1	0
1282	Q0	48710#1	0
1283	Q0	34894#7	1
1283	Q0	34894#11	0
1283	Q0	34894#12	0
1283	Q0	34894#9	0
1283	Q0	34894#14	0
1283	Q0	34894#13	0
1283	Q0	2522#5	0
1283	Q0	34894#8	0
1283	Q0	53152#0	0
1283	Q0	34894#0	0
1284	Q0	13457#0	1
1284	Q0	13448#0	1
1284	Q0	13457#6	0
1284	Q0	4921#13	0
1284	Q0	13457#8	0
1284	Q0	13457#2	0
1284	Q0	13457#15	0
1284	Q0	13457#12	0
1284	Q0	13457#4	0
1284	Q0	13457#14	0
1286	Q0	153557#0	1
1286	Q0	100473#1	0
1286	Q0	100473#55	0
1286	Q0	100473#58	0
1286	Q0	100473#12	0
1286	Q0	100473#15	0
1286	Q0	100473#21	0
1286	Q0	804#7	0
1286	Q0	100473#61	0
1286	Q0	56135#1	0
1286	Q0	100473#60	0
1288	Q0	56517#2	1
1288	Q0	18741#1	0
1288	Q0	5915#17	0
1288	Q0	19516#2	0
1288	Q0	48424#3	0
1288	Q0	7544#1	0
1288	Q0	56909#1	0
1288	Q0	18944#2	0
1288	Q0	19145#2	0
1288	Q0	33816#1	0
1289	Q0	261871#0	1
1289	Q0	35701#1	0
1289	Q0	39106#0	0
1289	Q0	2469#35	0
1289	Q0	32407#11	0
1289	Q0	37976#2	0
1289	Q0	264078#8	0
1289	Q0	264078#1	0
1289	Q0	5388#1	0
1289	Q0	4024#0	0
1291	Q0	39245#0	1
1291	Q0	39244#1	1
1291	Q0	39243#2	0
1291	Q0	39239#1	0
1291	Q0	51751#0	0
1291	Q0	27038#19	0
1291	Q0	37870#1	0
1291	Q0	51706#20	0
1291	Q0	32606#18	0
1291	Q0	50059#0	0
1291	Q0	32660#14	0
1292	Q0	105673#2	1
1292	Q0	105673#7	1
1292	Q0	105673#27	1
1292	Q0	105673#15	0
1292	Q0	105673#30	0
1292	Q0	105673#28	0
1292	Q0	105673#21	0
1292	Q0	105673#6	0
1292	Q0	105673#3	0
1292	Q0	105673#5	0
1293	Q0	4952#0	1
1293	Q0	21432#0	0
1293	Q0	21422#0	0
1293	Q0	21438#0	0
1293	Q0	21433#0	0
1293	Q0	16616#1	0
1293	Q0	21423#0	0
1293	Q0	49906#0	0
1293	Q0	21426#0	0
1293	Q0	9319#19	0
1295	Q0	264653#0	1
1295	Q0	1208#0	0
1295	Q0	40310#0	0
1295	Q0	23174#0	0
1295	Q0	1196#0	0
1295	Q0	40616#4	0
1295	Q0	23174#1	0
1295	Q0	1200#1	0
1295	Q0	55750#0	0
1295	Q0	29847#0	0
1296	Q0	21749#0	1
1296	Q0	4467#0	0
1296	Q0	4467#5	0
1296	Q0	21732#0	0
1296	Q0	38193#0	0
1296	Q0	21747#0	0
1296	Q0	5253#0	0
1296	Q0	52342#0	0
1296	Q0	16860#1	0
1296	Q0	5268#2	0
1297	Q0	58046#0	1
1297	Q0	38817#3	0
1297	Q0	36203#0	0
1297	Q0	16501#0	0
1297	Q0	36337#0	0
1297	Q0	27648#0	0
1297	Q0	25991#1	0
1297	Q0	53830#1	0
1297	Q0	14953#1	0
1297	Q0	24447#0	0
1298	Q0	27025#0	1
1298	Q0	32626#7	0
1298	Q0	32503#19	0
1298	Q0	32214#19	0
1298	Q0	25778#0	0
1298	Q0	26813#14	0
1298	Q0	32547#8	0
1298	Q0	18473#1	0
1298	Q0	26414#0	0
1298	Q0	47667#0	0
1299	Q0	53739#93	1
1299	Q0	1510#0	0
1299	Q0	32774#18	0
1299	Q0	48216#14	0
1299	Q0	1510#11	0
1299	Q0	49452#0	0
1299	Q0	26394#12	0
1299	Q0	28339#0	0
1299	Q0	32338#13	0
1299	Q0	48886#15	0
1300	Q0	110662#0	1
1300	Q0	110662#1	0
1300	Q0	5457#33	0
1300	Q0	26385#1	0
1300	Q0	10240#0	0
1300	Q0	34894#14	0
1300	Q0	55491#1	0
1300	Q0	2518#1	0
1300	Q0	6001#0	0
1300	Q0	112758#0	0
1303	Q0	103462#57	1
1303	Q0	103462#56	1
1303	Q0	103462#53	0
1303	Q0	47236#7	0
1303	Q0	35675#4	0
1303	Q0	45311#2	0
1303	Q0	103462#91	0
1303	Q0	9108#2	0
1303	Q0	2624#7	0
1303	Q0	6108#7	0
1304	Q0	241794#3	1
1304	Q0	1535#2	0
1304	Q0	1888#0	0
1304	Q0	1529#25	0
1304	Q0	1591#36	0
1304	Q0	1597#3	0
1304	Q0	1535#27	0
1304	Q0	1764#19	0
1304	Q0	39390#18	0
1304	Q0	829#0	0
1304	Q0	1603#7	0
1305	Q0	38782#5	1
1305	Q0	65843#0	1
1305	Q0	1934#0	0
1305	Q0	211587#2	0
1305	Q0	3427#2	0
1305	Q0	12424#0	0
1305	Q0	12838#0	0
1305	Q0	11678#0	0
1305	Q0	13455#7	0
1305	Q0	45318#0	0
1305	Q0	11283#0	0
1306	Q0	163923#1	1
1306	Q0	34169#16	0
1306	Q0	10625#0	0
1306	Q0	35701#2	0
1306	Q0	13258#5	0
1306	Q0	12778#1	0
1306	Q0	39726#3	0
1306	Q0	10993#1	0
1306	Q0	41955#6	0
1306	Q0	27341#2	0
1306	Q0	9182#11	0
1307	Q0	227044#0	1
1307	Q0	36373#0	0
1307	Q0	32695#19	0
1307	Q0	18924#1	0
1307	Q0	5903#12	0
1307	Q0	1504#9	0
1307	Q0	32695#0	0
1307	Q0	36552#0	0
1307	Q0	28272#0	0
1307	Q0	29583#0	0
1307	Q0	22808#1	0
1309	Q0	57298#1	1
1309	Q0	51209#19	0
1309	Q0	7223#2	0
1309	Q0	54033#1	0
1309	Q0	57063#1	0
1309	Q0	34431#12	0
1309	Q0	32626#7	0
1309	Q0	46968#0	0
1309	Q0	32547#8	0
1309	Q0	6314#1	0
1310	Q0	105167#0	1
1310	Q0	34612#1	0
1310	Q0	40860#9	0
1310	Q0	2475#1	0
1310	Q0	54592#1	0
1310	Q0	37976#2	0
1310	Q0	2475#0	0
1310	Q0	5498#1	0
1310	Q0	6472#1	0
1310	Q0	40217#1	0
1311	Q0	13315#0	1
1311	Q0	8726#3	0
1311	Q0	13836#1	0
1311	Q0	39058#7	0
1311	Q0	5727#2	0
1311	Q0	5996#6	0
1311	Q0	16339#2	0
1311	Q0	47505#3	0
1311	Q0	45289#0	0
1311	Q0	7828#0	0
1314	Q0	24157#0	1
1314	Q0	8240#29	0
1314	Q0	32109#15	0
1314	Q0	34407#12	0
1314	Q0	32710#8	0
1314	Q0	34092#7	0
1314	Q0	34207#20	0
1314	Q0	26882#3	0
1314	Q0	26983#9	0
1314	Q0	26862#4	0
1315	Q0	72077#0	1
1315	Q0	12272#2	0
1315	Q0	11574#2	0
1315	Q0	46703#2	0
1315	Q0	11925#0	0
1315	Q0	10527#0	0
1315	Q0	55818#7	0
1315	Q0	23422#2	0
1315	Q0	39726#3	0
1315	Q0	34612#1	0
1315	Q0	7364#5	0
1316	Q0	23115#1	1
1316	Q0	23115#12	0
1316	Q0	35219#19	0
1316	Q0	32626#7	0
1316	Q0	1819#19	0
1316	Q0	32547#8	0
1316	Q0	18863#2	0
1316	Q0	27130#3	0
1316	Q0	18745#1	0
1316	Q0	23115#7	0
1317	Q0	110978#8	1
1317	Q0	7544#16	0
1317	Q0	243955#35	0
1317	Q0	6394#6	0
1317	Q0	8245#20	0
1317	Q0	48600#45	0
1317	Q0	106426#38	0
1317	Q0	21509#0	0
1317	Q0	9395#21	0
1317	Q0	4899#0	0
1317	Q0	34090#20	0
1318	Q0	34142#0	1
1318	Q0	32595#17	0
1318	Q0	49088#11	0
1318	Q0	8240#29	0
1318	Q0	32706#8	0
1318	Q0	50492#6	0
1318	Q0	35219#19	0
1318	Q0	32121#17	0
1319	Q0	34358#0	1
1321	Q0	2468#1	1
1321	Q0	2468#0	1
1321	Q0	2468#3	0
1321	Q0	2468#6	0
1321	Q0	2468#2	0
1321	Q0	5348#1	0
1321	Q0	2468#5	0
1321	Q0	2468#4	0
1321	Q0	9457#1	0
1321	Q0	48982#6	0
1322	Q0	161194#0	1
1322	Q0	2541#10	0
1322	Q0	4872#3	0
1322	Q0	5891#12	0
1322	Q0	47505#8	0
1322	Q0	38441#6	0
1322	Q0	1504#10	0
1322	Q0	13165#3	0
1322	Q0	16481#3	0
1322	Q0	32634#10	0
1322	Q0	4567#37	0
1325	Q0	27869#0	1
1325	Q0	27477#1	0
1325	Q0	16911#0	0
1325	Q0	29315#0	0
1325	Q0	54651#0	0
1325	Q0	28630#2	0
1325	Q0	21356#1	0
1325	Q0	36667#0	0
1325	Q0	23600#1	0
1325	Q0	23614#1	0
1326	Q0	29709#0	1
1326	Q0	29541#0	1
1326	Q0	32862#1	0
1326	Q0	29625#0	0
1326	Q0	28224#0	0
1326	Q0	29698#0	0
1326	Q0	8620#1	0
1326	Q0	29708#0	0
1326	Q0	29704#0	0
1326	Q0	29306#1	0
1328	Q0	39021#1	1
1328	Q0	31475#1	0
1328	Q0	39959#1	0
1328	Q0	54936#3	0
1328	Q0	2502#2	0
1328	Q0	40414#1	0
1328	Q0	41411#1	0
1328	Q0	46924#8	0
1328	Q0	5871#1	0
1328	Q0	40524#2	0
1329	Q0	35705#2	1
1329	Q0	35705#4	0
1329	Q0	35705#0	0
1329	Q0	49698#16	0
1329	Q0	35705#5	0
1329	Q0	35705#3	0
1329	Q0	53138#27	0
1329	Q0	1587#2	0
1329	Q0	41157#22	0
1329	Q0	53283#105	0
1332	Q0	91756#0	1
1332	Q0	91756#2	1
1332	Q0	6553#8	0
1332	Q0	48440#13	0
1332	Q0	48440#2	0
1332	Q0	40368#98	0
1332	Q0	6984#6	0
1332	Q0	109516#23	0
1332	Q0	40368#77	0
1332	Q0	55087#41	0
1333	Q0	107006#2	1
1333	Q0	33995#4	0
1333	Q0	107006#0	0
1333	Q0	13070#1	0
1333	Q0	39726#3	0
1333	Q0	6790#4	0
1333	Q0	12272#2	0
1333	Q0	6790#3	0
1333	Q0	2475#1	0
1333	Q0	38782#1	0
1334	Q0	37003#0	1
1334	Q0	7405#2	0
1334	Q0	57122#1	0
1334	Q0	37872#0	0
1334	Q0	51203#1	0
1334	Q0	37887#1	0
1334	Q0	19145#2	0
1334	Q0	7230#2	0
1334	Q0	53775#1	0
1334	Q0	25392#2	0
1335	Q0	100836#0	1
1335	Q0	1187#0	1
1335	Q0	59974#0	1
1335	Q0	56538#0	0
1335	Q0	34672#69	0
1335	Q0	3451#1	0
1335	Q0	39115#3	0
1335	Q0	35846#4	0
1335	Q0	3419#0	0
1335	Q0	11275#6	0
1335	Q0	53092#2	0
1336	Q0	58100#0	1
1336	Q0	17563#0	0
1336	Q0	17473#0	0
1336	Q0	53595#0	0
1336	Q0	32266#0	0
1336	Q0	9798#0	0
1336	Q0	21876#0	0
1336	Q0	17309#0	0
1336	Q0	17486#0	0
1336	Q0	17747#0	0
1337	Q0	875#11	1
1337	Q0	12252#1	0
1337	Q0	875#8	0
1337	Q0	1152#1	0
1337	Q0	875#16	0
1337	Q0	54592#1	0
1337	Q0	1142#16	0
1337	Q0	875#22	0
1337	Q0	875#20	0
1337	Q0	5457#33	0
1339	Q0	6493#1	1
1339	Q0	6493#0	1
1339	Q0	6493#4	0
1339	Q0	6493#10	0
1339	Q0	6493#2	0
1339	Q0	6394#4	0
1339	Q0	6394#0	0
1339	Q0	6493#6	0
1339	Q0	6493#5	0
1339	Q0	3730#3	0
1340	Q0	84671#1	1
1340	Q0	40007#0	0
1340	Q0	7060#1	0
1340	Q0	47295#1	0
1340	Q0	5871#1	0
1340	Q0	2519#2	0
1340	Q0	53328#1	0
1340	Q0	1182#1	0
1340	Q0	11652#1	0
1340	Q0	35718#8	0
1340	Q0	18627#1	0
1341	Q0	22197#0	1
1341	Q0	22197#5	0
1341	Q0	34313#7	0
1341	Q0	27130#3	0
1341	Q0	50663#7	0
1341	Q0	32045#18	0
1341	Q0	26741#5	0
1341	Q0	32643#20	0
1341	Q0	36263#12	0
1341	Q0	32620#5	0
1341	Q0	50648#4	0
1342	Q0	38314#0	1
1342	Q0	38314#18	0
1342	Q0	32198#13	0
1342	Q0	8620#1	0
1342	Q0	22939#3	0
1342	Q0	26495#1	0
1342	Q0	57079#1	0
1342	Q0	57171#2	0
1342	Q0	33816#1	0
1342	Q0	37123#18	0
1343	Q0	8209#0	1
1343	Q0	271985#0	1
1343	Q0	8209#1	0
1343	Q0	8213#2	0
1343	Q0	23107#1	0
1343	Q0	1360#29	0
1343	Q0	34212#2	0
1343	Q0	21947#1	0
1343	Q0	271985#1	0
1344	Q0	1358#2	1
1344	Q0	1358#0	0
1344	Q0	1392#5	0
1344	Q0	1358#27	0
1344	Q0	2391#7	0
1344	Q0	1358#7	0
1344	Q0	1358#39	0
1344	Q0	1764#11	0
1344	Q0	1358#34	0
1344	Q0	1358#20	0
1345	Q0	50239#0	1
1345	Q0	50238#0	1
1345	Q0	50239#1	0
1345	Q0	50239#7	0
1345	Q0	50238#6	0
1345	Q0	33753#9	0
1345	Q0	22216#3	0
1345	Q0	36274#7	0
1345	Q0	34215#10	0
1345	Q0	32747#1	0
1346	Q0	63140#0	1
1346	Q0	63140#9	0
1346	Q0	39893#2	0
1346	Q0	12668#58	0
1346	Q0	53115#2	0
1346	Q0	2473#8	0
1346	Q0	91791#9	0
1346	Q0	1142#12	0
1346	Q0	46822#2	0
1346	Q0	257908#0	0
1346	Q0	9129#0	0
1347	Q0	78594#0	1
1347	Q0	829#15	1
1347	Q0	1561#6	0
1347	Q0	11612#9	0
1347	Q0	54598#5	0
1347	Q0	829#12	0
1347	Q0	54597#0	0
1347	Q0	39909#2	0
1347	Q0	1564#8	0
1347	Q0	3310#13	0
1347	Q0	4557#0	0
1348	Q0	32047#0	1
1348	Q0	32047#17	0
1348	Q0	32121#17	0
1349	Q0	91020#0	1
1349	Q0	48444#11	0
1350	Q0	49204#0	1
1350	Q0	49205#0	1
1350	Q0	49205#15	0
1350	Q0	34312#15	0
1350	Q0	26561#5	0
1350	Q0	32220#22	0
1350	Q0	32387#11	0
1350	Q0	23054#28	0
1350	Q0	23193#27	0
1350	Q0	32284#19	0
1351	Q0	1359#5	1
1351	Q0	1358#0	1
1351	Q0	1358#1	0
1351	Q0	1391#4	0
1351	Q0	1685#15	0
1351	Q0	786#7	0
1351	Q0	1357#6	0
1351	Q0	9400#4	0
1351	Q0	9393#5	0
1351	Q0	1487#19	0
1352	Q0	32306#0	1
1352	Q0	26977#5	0
1352	Q0	27096#1	0
1352	Q0	26833#2	0
1352	Q0	26561#5	0
1352	Q0	1779#11	0
1352	Q0	32046#15	0
1352	Q0	32321#11	0
1352	Q0	32306#13	0
1352	Q0	22016#1	0
1353	Q0	67785#0	1
1353	Q0	39106#0	0
1353	Q0	55392#1	0
1353	Q0	2544#1	0
1353	Q0	7894#3	0
1353	Q0	40368#5	0
1353	Q0	39810#6	0
1353	Q0	56106#35	0
1353	Q0	54936#3	0
1353	Q0	2502#2	0
1355	Q0	13457#0	1
1355	Q0	13448#0	1
1355	Q0	13457#6	0
1355	Q0	4921#13	0
1355	Q0	10277#67	0
1355	Q0	30265#6	0
1355	Q0	55328#3	0
1355	Q0	40616#1	0
1355	Q0	129161#0	0
1355	Q0	10426#2	0
1355	Q0	11820#6	0
1356	Q0	23240#0	1
1356	Q0	23240#26	0
1356	Q0	17006#0	0
1356	Q0	16990#0	0
1356	Q0	32011#0	0
1356	Q0	32683#10	0
1356	Q0	32011#5	0
1356	Q0	32683#0	0
1356	Q0	56005#5	0
1356	Q0	21958#0	0
1357	Q0	87608#1	1
1357	Q0	4257#1	0
1357	Q0	39944#1	0
1357	Q0	24030#12	0
1357	Q0	39192#1	0
1357	Q0	87608#3	0
1357	Q0	43757#1	0
1357	Q0	2488#1	0
1357	Q0	39617#1	0
1357	Q0	32845#20	0
1358	Q0	36336#0	1
1358	Q0	32626#7	0
1358	Q0	36336#7	0
1358	Q0	36336#6	0
1358	Q0	54033#1	0
1358	Q0	36426#0	0
1358	Q0	26813#14	0
1358	Q0	51209#19	0
1358	Q0	36336#5	0
1358	Q0	57063#1	0
1360	Q0	141476#0	1
1360	Q0	12778#1	0
1360	Q0	12412#1	0
1360	Q0	55818#7	0
1360	Q0	38782#1	0
1360	Q0	2514#1	0
1360	Q0	12272#2	0
1360	Q0	47249#7	0
1360	Q0	2505#36	0
1360	Q0	12783#0	0
1361	Q0	142799#4	1
1361	Q0	142799#0	0
1361	Q0	11820#21	0
1361	Q0	56014#4	0
1361	Q0	45240#1	0
1361	Q0	39192#1	0
1361	Q0	39617#1	0
1361	Q0	7827#1	0
1361	Q0	6971#1	0
1361	Q0	6969#1	0
1361	Q0	11820#20	0
1362	Q0	34672#45	1
1362	Q0	7448#0	1
1362	Q0	34672#0	1
1362	Q0	34672#46	0
1362	Q0	34672#13	0
1362	Q0	34672#43	0
1362	Q0	34672#49	0
1362	Q0	34672#50	0
1362	Q0	34672#51	0
1362	Q0	34672#4	0
1363	Q0	102982#1	1
1363	Q0	40037#0	0
1363	Q0	39105#0	0
1363	Q0	39204#2	0
1363	Q0	1396#0	0
1363	Q0	1169#1	0
1363	Q0	13910#0	0
1363	Q0	39944#1	0
1363	Q0	7027#1	0
1363	Q0	9783#1	0
1363	Q0	40014#0	0
1364	Q0	31323#4	1
1364	Q0	6476#1	0
1364	Q0	31323#1	0
1364	Q0	43757#15	0
1364	Q0	31257#7	0
1364	Q0	31323#5	0
1364	Q0	31323#2	0
1364	Q0	40995#2	0
1364	Q0	9242#1	0
1364	Q0	1904#22	0
1365	Q0	108125#2	1
1365	Q0	5321#1	0
1365	Q0	6275#0	0
1365	Q0	2468#1	0
1365	Q0	108125#3	0
1365	Q0	108125#0	0
1365	Q0	39240#1	0
1365	Q0	34159#16	0
1365	Q0	38037#0	0
1365	Q0	5348#1	0
1366	Q0	253096#3	1
1366	Q0	9462#2	0
1366	Q0	40274#1	0
1366	Q0	253096#0	0
1366	Q0	38981#17	0
1366	Q0	53329#2	0
1366	Q0	33979#18	0
1366	Q0	39630#2	0
1366	Q0	40189#6	0
1366	Q0	9841#4	0
1366	Q0	34120#22	0
1367	Q0	51554#0	1
1367	Q0	24681#0	1
1367	Q0	29382#0	0
1367	Q0	15603#0	0
1367	Q0	51554#4	0
1367	Q0	24647#0	0
1367	Q0	15419#0	0
1367	Q0	51777#0	0
1367	Q0	36098#4	0
1367	Q0	36098#0	0
1369	Q0	84935#0	1
1369	Q0	84935#4	1
1369	Q0	75567#0	1
1369	Q0	84935#12	0
1369	Q0	84935#16	0
1369	Q0	84935#13	0
1369	Q0	84935#85	0
1369	Q0	84935#44	0
1369	Q0	84935#69	0
1369	Q0	84935#31	0
1370	Q0	55882#1	1
1370	Q0	40410#1	0
1370	Q0	55297#8	0
1370	Q0	11612#9	0
1370	Q0	56358#18	0
1370	Q0	56358#34	0
1370	Q0	3195#39	0
1370	Q0	1346#1	0
1370	Q0	55328#3	0
1370	Q0	41040#4	0
1372	Q0	21525#0	1
1372	Q0	36550#0	0
1372	Q0	21393#0	0
1372	Q0	21525#6	0
1372	Q0	16681#0	0
1372	Q0	21771#4	0
1372	Q0	31745#0	0
1372	Q0	21679#3	0
1372	Q0	16975#0	0
1372	Q0	21679#0	0
1374	Q0	6472#2	1
1374	Q0	6472#4	0
1374	Q0	40136#5	0
1374	Q0	6472#16	0
1374	Q0	6472#6	0
1374	Q0	6472#13	0
1374	Q0	7364#7	0
1374	Q0	5908#6	0
1374	Q0	6472#14	0
1374	Q0	1396#5	0
1375	Q0	36357#0	1
1375	Q0	49010#0	0
1375	Q0	4752#0	0
1375	Q0	36359#0	0
1375	Q0	24323#0	0
1375	Q0	49011#0	0
1375	Q0	5307#7	0
1375	Q0	49233#1	0
1375	Q0	16987#0	0
1375	Q0	15650#1	0
1376	Q0	10277#13	1
1376	Q0	10277#0	1
1376	Q0	1183#1	0
1376	Q0	853#8	0
1376	Q0	1183#0	0
1376	Q0	1182#3	0
1376	Q0	99800#3	0
1376	Q0	2483#0	0
1376	Q0	38356#5	0
1376	Q0	38348#0	0
1377	Q0	1525#18	1
1377	Q0	2512#0	0
1377	Q0	5891#0	0
1377	Q0	2502#0	0
1377	Q0	1525#22	0
1377	Q0	4838#6	0
1377	Q0	39192#0	0
1377	Q0	39196#6	0
1377	Q0	2495#0	0
1377	Q0	44504#0	0
1378	Q0	110790#0	1
1378	Q0	3770#51	0
1378	Q0	47018#86	0
1378	Q0	1532#51	0
1378	Q0	3418#111	0
1378	Q0	26375#2	0
1378	Q0	24030#11	0
1378	Q0	3418#91	0
1378	Q0	39390#34	0
1378	Q0	39390#33	0
1379	Q0	61168#0	1
1379	Q0	61168#2	1
1379	Q0	4732#0	0
1379	Q0	48373#0	0
1379	Q0	4611#0	0
1379	Q0	33961#12	0
1379	Q0	21386#0	0
1379	Q0	7168#0	0
1379	Q0	24233#0	0
1379	Q0	20901#0	0
1379	Q0	33961#0	0
1380	Q0	27046#0	1
1380	Q0	27046#14	0
1380	Q0	27046#6	0
1380	Q0	21858#0	0
1380	Q0	34535#0	0
1380	Q0	26447#2	0
1380	Q0	50690#6	0
1380	Q0	21465#0	0
1380	Q0	17262#0	0
1380	Q0	50673#0	0
1382	Q0	29796#0	1
1382	Q0	32717#1	0
1382	Q0	18932#2	0
1382	Q0	32687#19	0
1382	Q0	48310#13	0
1382	Q0	26892#1	0
1382	Q0	32450#17	0
1382	Q0	26882#3	0
1382	Q0	33572#1	0
1382	Q0	57168#1	0
1384	Q0	105307#1	1
1384	Q0	53092#3	0
1384	Q0	53283#75	0
1384	Q0	804#7	0
1384	Q0	35649#7	0
1384	Q0	1684#78	0
1384	Q0	2489#3	0
1384	Q0	53283#88	0
1384	Q0	47018#63	0
1384	Q0	1684#79	0
1384	Q0	53092#2	0
1386	Q0	5886#3	1
1386	Q0	5273#6	0
1386	Q0	1257#9	0
1386	Q0	4618#13	0
1386	Q0	269389#6	0
1386	Q0	1257#10	0
1386	Q0	1257#11	0
1386	Q0	25123#1	0
1386	Q0	53911#1	0
1386	Q0	50521#1	0
1387	Q0	111370#0	1
1387	Q0	40368#27	0
1387	Q0	38705#3	0
1387	Q0	3852#36	0
1387	Q0	111370#12	0
1387	Q0	111370#14	0
1387	Q0	12882#2	0
1387	Q0	111370#1	0
1387	Q0	3852#28	0
1387	Q0	111370#29	0
1388	Q0	34019#0	1
1388	Q0	32121#17	0
1390	Q0	110078#0	1
1390	Q0	53438#0	0
1390	Q0	3472#0	0
1390	Q0	40616#4	0
1390	Q0	5935#0	0
1390	Q0	41209#1	0
1390	Q0	18862#0	0
1390	Q0	875#4	0
1390	Q0	53281#0	0
1390	Q0	133902#1	0
1390	Q0	35945#7	0
1391	Q0	21737#0	1
1391	Q0	32691#16	0
1391	Q0	26982#7	0
1391	Q0	26751#1	0
1391	Q0	26600#0	0
1391	Q0	21737#5	0
1391	Q0	26604#0	0
1391	Q0	32047#17	0
1391	Q0	50238#20	0
1391	Q0	36274#14	0
1394	Q0	26377#1	1
1394	Q0	51000#20	0
1394	Q0	26982#7	0
1394	Q0	41385#7	0
1394	Q0	49830#7	0
1394	Q0	54657#12	0
1394	Q0	51050#3	0
1394	Q0	34080#15	0
1394	Q0	52881#17	0
1394	Q0	26655#10	0
1395	Q0	36614#0	1
1395	Q0	4803#0	0
1395	Q0	21464#0	0
1395	Q0	24745#0	0
1395	Q0	15687#4	0
1395	Q0	36822#0	0
1395	Q0	15687#0	0
1395	Q0	36614#7	0
1395	Q0	9264#0	0
1395	Q0	4803#6	0
1396	Q0	829#15	1
1396	Q0	78594#0	1
1396	Q0	1561#6	0
1396	Q0	54598#5	0
1396	Q0	54597#0	0
1396	Q0	1564#8	0
1396	Q0	11612#9	0
1396	Q0	3125#0	0
1396	Q0	829#12	0
1396	Q0	32906#20	0
1397	Q0	7568#0	1
1397	Q0	4058#0	0
1397	Q0	4060#0	0
1397	Q0	4064#0	0
1397	Q0	4079#0	0
1397	Q0	4059#0	0
1397	Q0	4063#0	0
1397	Q0	4068#0	0
1397	Q0	5626#0	0
1397	Q0	7571#0	0
1398	Q0	111749#2	1
1398	Q0	34486#2	0
1398	Q0	40368#76	0
1398	Q0	39192#23	0
1398	Q0	34490#3	0
1398	Q0	2521#5	0
1398	Q0	3707#3	0
1398	Q0	53152#0	0
1398	Q0	5894#3	0
1398	Q0	2488#2	0
1398	Q0	54846#3	0
1399	Q0	24623#0	1
1399	Q0	47946#8	0
1399	Q0	32121#17	0
1400	Q0	56358#1	1
1400	Q0	56358#3	1
1400	Q0	56358#13	1
1400	Q0	56358#24	0
1400	Q0	56358#20	0
1400	Q0	56358#33	0
1400	Q0	11845#3	0
1400	Q0	31324#3	0
1400	Q0	56358#0	0
1400	Q0	45247#24	0
1400	Q0	40320#2	0
1401	Q0	98974#1	1
1401	Q0	40138#1	0
1401	Q0	2502#2	0
1401	Q0	2469#35	0
1401	Q0	38342#1	0
1401	Q0	34612#1	0
1401	Q0	5891#1	0
1401	Q0	41404#2	0
1401	Q0	35701#1	0
1401	Q0	2514#1	0
1402	Q0	103456#3	1
1402	Q0	40854#4	1
1402	Q0	40854#1	0
1402	Q0	55032#1	0
1402	Q0	38573#1	0
1402	Q0	55328#3	0
1402	Q0	35718#13	0
1402	Q0	55032#0	0
1402	Q0	845#13	0
1402	Q0	40854#9	0
1402	Q0	30273#4	0
1406	Q0	34059#0	1
1406	Q0	39092#27	0
1406	Q0	19516#2	0
1406	Q0	26429#1	0
1406	Q0	35219#19	0
1406	Q0	34407#12	0
1406	Q0	31977#8	0
1406	Q0	55107#0	0
1406	Q0	26744#0	0
1406	Q0	8238#2	0
1407	Q0	60276#6	1
1407	Q0	111679#60	0
1407	Q0	60276#35	0
1407	Q0	60276#19	0
1407	Q0	60276#1	0
1407	Q0	60276#17	0
1407	Q0	60276#2	0
1407	Q0	60276#0	0
1407	Q0	60276#10	0
1407	Q0	60276#27	0
1408	Q0	51729#1	1
1408	Q0	7558#0	1
1408	Q0	21732#0	1
1408	Q0	32702#0	1
1408	Q0	34201#0	1
1408	Q0	51730#0	1
1408	Q0	26596#0	1
1408	Q0	33192#1	0
1408	Q0	7558#2	0
1408	Q0	49208#0	0
1408	Q0	51730#9	0
1409	Q0	6488#0	1
1409	Q0	6488#1	0
1409	Q0	41423#0	0
1409	Q0	39387#5	0
1409	Q0	6488#2	0
1409	Q0	6488#6	0
1409	Q0	1591#4	0
1409	Q0	6488#3	0
1409	Q0	12593#1	0
1409	Q0	39387#4	0
1410	Q0	22755#0	1
1410	Q0	32632#9	0
1410	Q0	22755#12	0
1410	Q0	32640#19	0
1410	Q0	52244#12	0
1410	Q0	27038#19	0
1410	Q0	32000#9	0
1410	Q0	26977#5	0
1410	Q0	34272#11	0
1410	Q0	32641#16	0
1410	Q0	34146#16	0
1411	Q0	40839#0	1
1411	Q0	47327#22	0
1411	Q0	47327#59	0
1411	Q0	3730#3	0
1411	Q0	34669#6	0
1411	Q0	27632#21	0
1411	Q0	1764#11	0
1411	Q0	47438#26	0
1411	Q0	1532#23	0
1411	Q0	39283#0	0
1412	Q0	100979#3	1
1412	Q0	31257#13	0
1412	Q0	40017#6	0
1412	Q0	5314#0	0
1412	Q0	39099#0	0
1412	Q0	55491#0	0
1412	Q0	9520#22	0
1412	Q0	49576#31	0
1412	Q0	39617#0	0
1412	Q0	4906#8	0
1412	Q0	5457#33	0
1413	Q0	32652#0	1
1413	Q0	26977#5	0
1413	Q0	26421#13	0
1413	Q0	49504#2	0
1413	Q0	53731#18	0
1413	Q0	53707#20	0
1413	Q0	49453#18	0
1413	Q0	53739#96	0
1413	Q0	1484#17	0
1413	Q0	49903#1	0
1415	Q0	24477#0	1
1415	Q0	24477#4	0
1415	Q0	21848#0	0
1415	Q0	34158#7	0
1415	Q0	25471#1	0
1415	Q0	50594#1	0
1415	Q0	15554#0	0
1415	Q0	24477#1	0
1415	Q0	48716#0	0
1415	Q0	24728#0	0
1417	Q0	28748#0	1
1417	Q0	5277#0	1
1417	Q0	21848#0	0
1417	Q0	48885#0	0
1417	Q0	21846#0	0
1417	Q0	52595#0	0
1417	Q0	21858#0	0
1417	Q0	21865#0	0
1417	Q0	50896#0	0
1417	Q0	36072#0	0
1417	Q0	24447#0	0
1418	Q0	33887#2	1
1418	Q0	33887#7	0
1418	Q0	33887#0	0
1418	Q0	20940#1	0
1418	Q0	33888#1	0
1418	Q0	33585#1	0
1418	Q0	18472#1	0
1418	Q0	47942#0	0
1418	Q0	24994#0	0
1418	Q0	17790#0	0
1418	Q0	33888#9	0
1419	Q0	46924#0	1
1419	Q0	69999#23	1
1419	Q0	46924#28	0
1419	Q0	46924#17	0
1419	Q0	46924#11	0
1419	Q0	46924#23	0
1419	Q0	46924#27	0
1419	Q0	46924#24	0
1419	Q0	46924#25	0
1419	Q0	46924#32	0
1419	Q0	46924#31	0
1422	Q0	75542#0	1
1422	Q0	75542#2	1
1422	Q0	75542#4	1
1422	Q0	15333#0	0
1422	Q0	75542#3	0
1422	Q0	7551#1	0
1422	Q0	54641#0	0
1422	Q0	1580#6	0
1422	Q0	36925#0	0
1422	Q0	54647#0	0
1422	Q0	54649#0	0
1424	Q0	38978#0	1
1424	Q0	38978#1	0
1424	Q0	4492#10	0
1424	Q0	32014#2	0
1424	Q0	40017#6	0
1424	Q0	79559#3	0
1424	Q0	45240#2	0
1424	Q0	54969#2	0
1424	Q0	10183#3	0
1424	Q0	4024#6	0
1425	Q0	106552#2	1
1425	Q0	106552#16	1
1425	Q0	106552#17	0
1425	Q0	2505#37	0
1425	Q0	41955#6	0
1425	Q0	2475#2	0
1425	Q0	106552#0	0
1425	Q0	41955#5	0
1425	Q0	53329#2	0
1425	Q0	106552#4	0
1425	Q0	2505#35	0
1428	Q0	231096#0	1
1428	Q0	3427#1	1
1428	Q0	72604#0	1
1428	Q0	3465#1	0
1428	Q0	12215#3	0
1428	Q0	12412#1	0
1428	Q0	2519#2	0
1428	Q0	12778#1	0
1428	Q0	45322#0	0
1428	Q0	10625#0	0
1429	Q0	34894#2	1
1429	Q0	38658#1	1
1429	Q0	34894#0	1
1429	Q0	34894#15	0
1429	Q0	34894#3	0
1429	Q0	34894#5	0
1429	Q0	34894#1	0
1429	Q0	34894#4	0
1429	Q0	34894#13	0
1429	Q0	34894#12	0
1431	Q0	184108#0	1
1431	Q0	6476#1	0
1431	Q0	40995#2	0
1431	Q0	54592#1	0
1431	Q0	9462#1	0
1431	Q0	5891#1	0
1431	Q0	5348#1	0
1431	Q0	40840#0	0
1431	Q0	43757#1	0
1431	Q0	31880#1	0
1433	Q0	101095#0	1
1433	Q0	101095#11	1
1433	Q0	101095#12	1
1433	Q0	101095#16	0
1433	Q0	101095#18	0
1433	Q0	41412#4	0
1433	Q0	8726#0	0
1433	Q0	5996#6	0
1433	Q0	101095#10	0
1433	Q0	101095#17	0
1434	Q0	25628#2	1
1434	Q0	11976#0	1
1434	Q0	11976#2	0
1434	Q0	48620#2	0
1434	Q0	32115#0	0
1434	Q0	32687#19	0
1434	Q0	50269#13	0
1434	Q0	26806#11	0
1434	Q0	21544#0	0
1434	Q0	32544#5	0
1434	Q0	21827#2	0
1436	Q0	27072#0	1
1436	Q0	27072#6	0
1436	Q0	21544#7	0
1436	Q0	48422#10	0
1436	Q0	50269#13	0
1436	Q0	21544#0	0
1436	Q0	26806#11	0
1436	Q0	32096#9	0
1436	Q0	32544#5	0
1436	Q0	32687#19	0
1437	Q0	111516#3	1
1437	Q0	111516#0	0
1437	Q0	111516#39	0
1437	Q0	38658#0	0
1437	Q0	39944#1	0
1437	Q0	111516#40	0
1437	Q0	40368#5	0
1437	Q0	111516#14	0
1437	Q0	111516#27	0
1437	Q0	39192#1	0
1438	Q0	239358#0	1
1438	Q0	39944#1	0
1438	Q0	39240#1	0
1438	Q0	54936#3	0
1438	Q0	54969#1	0
1438	Q0	35923#2	0
1438	Q0	5891#1	0
1438	Q0	9108#1	0
1438	Q0	40995#2	0
1438	Q0	6108#0	0
1440	Q0	172292#3	1
1440	Q0	1487#19	1
1440	Q0	4509#0	0
1440	Q0	1487#18	0
1440	Q0	4432#3	0
1440	Q0	1487#31	0
1440	Q0	6984#6	0
1440	Q0	19085#20	0
1440	Q0	4247#21	0
1440	Q0	4247#1	0
1440	Q0	4283#16	0
1441	Q0	28897#0	1
1441	Q0	34366#0	0
1441	Q0	51065#3	0
1441	Q0	34535#0	0
1441	Q0	51065#0	0
1441	Q0	51064#4	0
1441	Q0	51009#11	0
1441	Q0	51332#5	0
1441	Q0	32682#4	0
1441	Q0	50997#0	0
1442	Q0	217999#1	1
1442	Q0	217999#0	0
1442	Q0	6122#1	0
1442	Q0	39192#1	0
1442	Q0	2495#1	0
1442	Q0	40147#4	0
1442	Q0	217999#2	0
1442	Q0	39085#7	0
1442	Q0	5891#1	0
1442	Q0	55491#1	0
1443	Q0	105337#0	1
1443	Q0	39553#1	0
1443	Q0	10572#9	0
1443	Q0	34672#38	0
1443	Q0	10572#26	0
1443	Q0	11575#2	0
1443	Q0	10572#12	0
1443	Q0	34672#26	0
1443	Q0	53138#14	0
1443	Q0	56358#22	0
1444	Q0	55057#0	1
1444	Q0	13229#17	0
1444	Q0	48409#15	0
1444	Q0	53196#3	0
1444	Q0	53466#0	0
1444	Q0	1228#13	0
1444	Q0	39732#0	0
1444	Q0	3659#8	0
1444	Q0	52185#3	0
1444	Q0	47236#2	0
1444	Q0	3730#17	0
1445	Q0	134813#0	1
1445	Q0	47505#8	0
1445	Q0	39196#23	0
1445	Q0	5891#12	0
1445	Q0	134813#5	0
1445	Q0	2469#30	0
1445	Q0	40368#129	0
1445	Q0	6470#1	0
1445	Q0	38441#6	0
1445	Q0	1848#6	0
1448	Q0	68458#4	1
1448	Q0	53283#101	0
1448	Q0	47259#5	0
1448	Q0	47017#81	0
1448	Q0	1790#16	0
1448	Q0	1684#155	0
1448	Q0	2505#42	0
1448	Q0	47327#59	0
1448	Q0	256746#3	0
1448	Q0	1522#41	0
1448	Q0	7919#9	0
1449	Q0	37465#0	1
1449	Q0	1429#1	0
1449	Q0	3418#123	0
1449	Q0	2512#0	0
1449	Q0	5756#0	0
1449	Q0	39298#0	0
1449	Q0	1913#0	0
1449	Q0	37465#5	0
1449	Q0	10517#1	0
1449	Q0	6470#1	0
1450	Q0	49950#0	1
1450	Q0	49951#0	1
1450	Q0	40670#14	0
1450	Q0	51209#19	0
1450	Q0	51208#5	0
1450	Q0	27898#0	0
1450	Q0	32309#17	0
1450	Q0	33281#0	0
1450	Q0	19626#2	0
1450	Q0	49946#17	0
1451	Q0	204664#1	1
1451	Q0	204664#2	0
1451	Q0	40007#0	0
1451	Q0	12272#2	0
1451	Q0	7060#1	0
1451	Q0	27270#1	0
1451	Q0	875#16	0
1451	Q0	204664#0	0
1451	Q0	13414#1	0
1451	Q0	38759#0	0
1453	Q0	102514#0	1
1453	Q0	5996#5	0
1453	Q0	102514#8	0
1453	Q0	102514#13	0
1453	Q0	102514#18	0
1453	Q0	102514#17	0
1453	Q0	31247#0	0
1453	Q0	38318#1	0
1453	Q0	11126#2	0
1453	Q0	10907#1	0
1454	Q0	24636#0	1
1454	Q0	16642#2	0
1454	Q0	17486#0	0
1454	Q0	53765#0	0
1454	Q0	50004#0	0
1454	Q0	9798#0	0
1454	Q0	17088#1	0
1454	Q0	17577#0	0
1454	Q0	28348#0	0
1454	Q0	17437#0	0
1455	Q0	184755#0	1
1455	Q0	38415#1	0
1455	Q0	38415#0	0
1455	Q0	48982#6	0
1455	Q0	34427#13	0
1455	Q0	54657#9	0
1455	Q0	46703#2	0
1455	Q0	34612#1	0
1455	Q0	5891#1	0
1455	Q0	10523#1	0
1456	Q0	16144#0	1
1456	Q0	32285#17	0
1456	Q0	26747#1	0
1456	Q0	32398#12	0
1456	Q0	26870#11	0
1456	Q0	32633#6	0
1456	Q0	1790#21	0
1456	Q0	36114#14	0
1456	Q0	52308#5	0
1456	Q0	26886#1	0
1456	Q0	32316#7	0
1457	Q0	58430#0	1
1457	Q0	50126#0	1
1457	Q0	58429#1	1
1457	Q0	37076#13	0
1457	Q0	26491#1	0
1457	Q0	50227#16	0
1457	Q0	50238#20	0
1457	Q0	34080#15	0
1457	Q0	50082#9	0
1457	Q0	22939#3	0
1457	Q0	21864#0	0
1460	Q0	64929#0	1
1460	Q0	40776#14	0
1460	Q0	116305#2	0
1460	Q0	48800#0	0
1460	Q0	2718#7	0
1460	Q0	35660#10	0
1460	Q0	35287#3	0
1460	Q0	55376#4	0
1460	Q0	64929#4	0
1460	Q0	82056#3	0
1461	Q0	89309#2	1
1461	Q0	8726#13	0
1461	Q0	5908#6	0
1461	Q0	1397#13	0
1461	Q0	89309#0	0
1461	Q0	38417#6	0
1461	Q0	31768#2	0
1461	Q0	35084#10	0
1461	Q0	103640#5	0
1461	Q0	13652#0	0
1461	Q0	89309#41	0
1462	Q0	78313#4	1
1462	Q0	3758#4	0
1462	Q0	3768#6	0
1462	Q0	9169#2	0
1462	Q0	3768#2	0
1462	Q0	3418#22	0
1462	Q0	28904#39	0
1462	Q0	3764#0	0
1462	Q0	55818#21	0
1462	Q0	5719#6	0
1464	Q0	43757#0	1
1464	Q0	43757#1	1
1464	Q0	39316#0	0
1464	Q0	39630#0	0
1464	Q0	9457#1	0
1464	Q0	39192#1	0
1464	Q0	2495#1	0
1464	Q0	40147#4	0
1464	Q0	2468#1	0
1464	Q0	7018#1	0
1465	Q0	40068#8	1
1465	Q0	85143#0	1
1465	Q0	53436#0	0
1465	Q0	34672#29	0
1465	Q0	3730#3	0
1465	Q0	40068#0	0
1465	Q0	40068#4	0
1465	Q0	40068#2	0
1465	Q0	3730#0	0
1465	Q0	10572#16	0
1467	Q0	21893#0	1
1467	Q0	32198#13	0
1467	Q0	57097#3	0
1467	Q0	26990#1	0
1467	Q0	23059#27	0
1467	Q0	38314#18	0
1467	Q0	32593#18	0
1467	Q0	57171#2	0
1467	Q0	49836#8	0
1467	Q0	49763#4	0
1468	Q0	248482#0	1
1468	Q0	47327#2	0
1468	Q0	105229#24	0
1468	Q0	4831#5	0
1468	Q0	248482#40	0
1468	Q0	41577#2	0
1468	Q0	47160#2	0
1468	Q0	1586#5	0
1468	Q0	248482#20	0
1468	Q0	34998#0	0
1471	Q0	105922#33	1
1471	Q0	105922#10	0
1471	Q0	38705#3	0
1471	Q0	40368#27	0
1471	Q0	6303#10	0
1471	Q0	38675#0	0
1471	Q0	105922#24	0
1471	Q0	54582#29	0
1471	Q0	4548#4	0
1471	Q0	40006#1	0
1471	Q0	7042#3	0
1472	Q0	5457#33	1
1472	Q0	5457#0	0
1472	Q0	5457#21	0
1472	Q0	5457#24	0
1472	Q0	48600#66	0
1472	Q0	5457#15	0
1472	Q0	5457#11	0
1472	Q0	5457#26	0
1472	Q0	5457#18	0
1472	Q0	5457#1	0
1473	Q0	38675#0	1
1473	Q0	38705#3	0
1473	Q0	38675#8	0
1473	Q0	54582#29	0
1473	Q0	40368#27	0
1473	Q0	1181#4	0
1473	Q0	38675#7	0
1473	Q0	7042#3	0
1473	Q0	7325#0	0
1473	Q0	35846#1	0
1474	Q0	158708#0	1
1474	Q0	32059#7	0
1474	Q0	158708#2	0
1474	Q0	158708#15	0
1474	Q0	34347#1	0
1474	Q0	1684#157	0
1474	Q0	158708#11	0
1474	Q0	5725#16	0
1474	Q0	5942#4	0
1475	Q0	50056#1	1
1475	Q0	50055#27	0
1475	Q0	34080#15	0
1475	Q0	26510#12	0
1475	Q0	34407#12	0
1475	Q0	50055#1	0
1475	Q0	50082#9	0
1475	Q0	5535#0	0
1475	Q0	26491#1	0
1475	Q0	34043#0	0
1476	Q0	1877#0	1
1476	Q0	3730#3	0
1476	Q0	8210#13	0
1476	Q0	39630#11	0
1476	Q0	47160#27	0
1476	Q0	1526#5	0
1476	Q0	1867#1	0
1476	Q0	47160#29	0
1476	Q0	13836#2	0
1476	Q0	37898#1	0
1477	Q0	72281#0	1
1477	Q0	1684#34	0
1477	Q0	4531#9	0
1477	Q0	39810#2	0
1477	Q0	3418#158	0
1477	Q0	47017#17	0
1477	Q0	35677#18	0
1477	Q0	1529#8	0
1477	Q0	51040#1	0
1477	Q0	55057#14	0
1478	Q0	1144#0	1
1478	Q0	4467#0	0
1478	Q0	24456#0	0
1478	Q0	21724#0	0
1478	Q0	15724#0	0
1478	Q0	15918#1	0
1478	Q0	17582#0	0
1478	Q0	8560#0	0
1478	Q0	53818#0	0
1478	Q0	8569#0	0
1480	Q0	7836#1	1
1480	Q0	7836#6	0
1480	Q0	110936#8	0
1480	Q0	7836#8	0
1480	Q0	7836#5	0
1480	Q0	207848#1	0
1480	Q0	7836#0	0
1480	Q0	109110#7	0
1480	Q0	7836#4	0
1480	Q0	107805#46	0
1481	Q0	29575#0	1
1481	Q0	19022#1	0
1481	Q0	53739#96	0
1481	Q0	53707#20	0
1481	Q0	32234#22	0
1481	Q0	26977#5	0
1481	Q0	53731#18	0
1481	Q0	53706#1	0
1481	Q0	26514#11	0
1481	Q0	32388#17	0
1482	Q0	159756#0	1
1482	Q0	2502#2	0
1482	Q0	9841#0	0
1482	Q0	39959#1	0
1482	Q0	159756#2	0
1482	Q0	40147#4	0
1482	Q0	35210#2	0
1482	Q0	34056#28	0
1482	Q0	40524#2	0
1482	Q0	41116#2	0
1483	Q0	227456#0	1
1483	Q0	7230#2	0
1483	Q0	7144#3	0
1483	Q0	7389#3	0
1483	Q0	41157#52	0
1483	Q0	2443#7	0
1483	Q0	1598#17	0
1483	Q0	32285#17	0
1483	Q0	1591#35	0
1483	Q0	26290#13	0
1483	Q0	9157#1	0
1484	Q0	254974#3	1
1484	Q0	254974#1	1
1484	Q0	254974#13	1
1484	Q0	34233#22	0
1484	Q0	254974#0	0
1484	Q0	4906#8	0
1484	Q0	39593#3	0
1484	Q0	254974#2	0
1484	Q0	35890#3	0
1484	Q0	5913#9	0
1485	Q0	107760#0	1
1485	Q0	2495#1	0
1485	Q0	54981#1	0
1485	Q0	38417#1	0
1485	Q0	5348#1	0
1485	Q0	39630#0	0
1485	Q0	2610#1	0
1485	Q0	9835#3	0
1485	Q0	38759#0	0
1485	Q0	39085#7	0
1487	Q0	8232#1	1
1487	Q0	8232#15	0
1487	Q0	22860#1	0
1487	Q0	52024#0	0
1487	Q0	26691#21	0
1487	Q0	27022#12	0
1487	Q0	35020#16	0
1487	Q0	23643#1	0
1487	Q0	53891#1	0
1487	Q0	50560#1	0
1487	Q0	27096#1	0
1488	Q0	46740#0	1
1488	Q0	1144#1	1
1488	Q0	875#2	0
1488	Q0	1144#3	0
1488	Q0	3081#0	0
1488	Q0	7717#13	0
1488	Q0	1222#0	0
1488	Q0	11119#2	0
1488	Q0	46740#5	0
1488	Q0	32997#2	0
1488	Q0	12254#2	0
1489	Q0	60484#0	1
1489	Q0	48800#0	0
1489	Q0	116305#2	0
1489	Q0	129441#0	0
1489	Q0	35660#10	0
1489	Q0	40068#4	0
1489	Q0	34672#13	0
1489	Q0	38407#15	0
1489	Q0	1123#0	0
1489	Q0	5833#3	0
1491	Q0	23126#0	1
1491	Q0	23126#27	0
1491	Q0	50269#13	0
1491	Q0	33388#1	0
1491	Q0	32311#9	0
1491	Q0	26983#9	0
1491	Q0	21141#1	0
1491	Q0	26819#11	0
1491	Q0	26749#2	0
1491	Q0	32198#13	0
1492	Q0	106552#0	1
1492	Q0	106552#3	0
1492	Q0	106552#16	0
1492	Q0	106552#5	0
1492	Q0	106552#4	0
1492	Q0	106552#11	0
1492	Q0	106552#17	0
1492	Q0	106552#14	0
1492	Q0	106552#7	0
1492	Q0	106552#1	0
1493	Q0	38892#4	1
1493	Q0	6185#2	0
1493	Q0	47505#3	0
1493	Q0	11678#0	0
1493	Q0	12846#0	0
1493	Q0	10673#0	0
1493	Q0	2475#7	0
1493	Q0	6111#5	0
1493	Q0	2475#8	0
1493	Q0	39429#0	0
1493	Q0	2475#6	0
1494	Q0	1867#1	1
1494	Q0	1867#2	0
1494	Q0	3384#24	0
1494	Q0	1870#0	0
1494	Q0	1119#0	0
1494	Q0	1871#1	0
1494	Q0	1867#15	0
1494	Q0	1867#20	0
1494	Q0	1867#0	0
1494	Q0	5699#0	0
1495	Q0	2469#1	1
1495	Q0	2469#0	1
1495	Q0	2469#2	0
1495	Q0	2469#35	0
1495	Q0	2469#11	0
1495	Q0	2469#45	0
1495	Q0	2469#8	0
1495	Q0	2469#53	0
1495	Q0	39630#0	0
1495	Q0	2469#46	0
1496	Q0	32234#0	1
1496	Q0	32234#22	0
1496	Q0	19022#1	0
1496	Q0	17067#1	0
1496	Q0	34431#12	0
1496	Q0	8620#1	0
1496	Q0	28166#0	0
1496	Q0	45238#0	0
1496	Q0	26641#1	0
1496	Q0	29133#0	0
1497	Q0	142208#1	1
1497	Q0	38981#17	0
1497	Q0	5871#1	0
1497	Q0	33979#18	0
1497	Q0	12778#1	0
1497	Q0	32695#17	0
1497	Q0	38782#1	0
1497	Q0	41294#25	0
1497	Q0	7894#1	0
1497	Q0	4663#15	0
1499	Q0	213922#0	1
1499	Q0	34181#16	0
1499	Q0	6960#14	0
1499	Q0	2482#6	0
1499	Q0	2482#9	0
1499	Q0	861#5	0
1499	Q0	35846#1	0
1499	Q0	6471#11	0
1499	Q0	2482#5	0
1499	Q0	1152#9	0
1499	Q0	45240#3	0
1500	Q0	8726#3	1
1500	Q0	34931#3	0
1500	Q0	3427#2	0
1500	Q0	8726#13	0
1500	Q0	38444#19	0
1500	Q0	11426#0	0
1500	Q0	34933#2	0
1500	Q0	2475#8	0
1500	Q0	39594#2	0
1500	Q0	5996#7	0
1500	Q0	13332#0	0
1501	Q0	21644#0	1
1501	Q0	48045#12	0
1501	Q0	47882#2	0
1501	Q0	2725#1	0
1501	Q0	47382#21	0
1501	Q0	18182#2	0
1501	Q0	25990#0	0
1501	Q0	7478#3	0
1501	Q0	25742#0	0
1501	Q0	32638#17	0
1502	Q0	37465#0	1
1502	Q0	3418#118	1
1502	Q0	37465#2	0
1502	Q0	3418#123	0
1502	Q0	31323#1	0
1502	Q0	3418#120	0
1502	Q0	3418#121	0
1502	Q0	43757#0	0
1502	Q0	37465#11	0
1502	Q0	7086#4	0
1504	Q0	63140#4	1
1504	Q0	39726#3	0
1504	Q0	39064#18	0
1504	Q0	12778#1	0
1504	Q0	40007#0	0
1504	Q0	12272#2	0
1504	Q0	10625#0	0
1504	Q0	33995#4	0
1504	Q0	3699#3	0
1504	Q0	34490#1	0
1504	Q0	37976#2	0
1507	Q0	21454#0	1
1507	Q0	50082#9	0
1507	Q0	22939#3	0
1507	Q0	57097#3	0
1507	Q0	57171#2	0
1507	Q0	35219#19	0
1507	Q0	26437#5	0
1507	Q0	32385#15	0
1507	Q0	32706#8	0
1507	Q0	49903#1	0
1509	Q0	786#0	1
1509	Q0	786#13	0
1509	Q0	17564#1	0
1509	Q0	786#8	0
1509	Q0	54634#0	0
1509	Q0	53911#1	0
1509	Q0	2747#4	0
1509	Q0	1392#14	0
1509	Q0	9259#0	0
1509	Q0	5375#0	0
1509	Q0	75185#4	0
1511	Q0	40068#1	1
1511	Q0	40068#0	1
1511	Q0	3730#0	0
1511	Q0	40068#2	0
1511	Q0	1298#5	0
1511	Q0	11373#0	0
1511	Q0	3387#1	0
1511	Q0	7804#1	0
1511	Q0	3730#6	0
1511	Q0	3387#0	0
1512	Q0	38570#1	1
1512	Q0	47327#41	0
1512	Q0	804#9	0
1512	Q0	804#10	0
1512	Q0	38570#2	0
1512	Q0	53283#75	0
1512	Q0	38570#0	0
1512	Q0	9520#22	0
1512	Q0	47327#42	0
1512	Q0	45309#2	0
1513	Q0	34894#0	1
1513	Q0	221973#0	1
1513	Q0	34894#2	1
1513	Q0	34894#3	0
1513	Q0	2505#49	0
1513	Q0	2505#10	0
1513	Q0	34894#15	0
1513	Q0	2505#28	0
1513	Q0	40368#68	0
1513	Q0	34894#8	0
1515	Q0	22680#0	1
1515	Q0	16559#0	0
1515	Q0	48905#9	0
1515	Q0	22680#5	0
1515	Q0	24204#0	0
1515	Q0	16789#6	0
1515	Q0	10223#0	0
1515	Q0	17373#0	0
1515	Q0	22679#0	0
1515	Q0	17259#0	0
1516	Q0	46703#1	1
1516	Q0	46703#2	0
1516	Q0	46703#0	0
1516	Q0	46703#5	0
1516	Q0	46703#4	0
1516	Q0	46703#3	0
1516	Q0	10523#1	0
1516	Q0	5348#1	0
1516	Q0	54592#1	0
1516	Q0	49817#9	0
1517	Q0	38502#0	1
1517	Q0	32641#16	0
1517	Q0	38502#20	0
1517	Q0	50925#5	0
1517	Q0	32486#11	0
1517	Q0	205184#13	0
1517	Q0	32640#19	0
1517	Q0	21897#1	0
1517	Q0	32375#21	0
1517	Q0	51706#20	0
1519	Q0	109163#5	1
1519	Q0	106855#48	0
1519	Q0	45309#9	0
1519	Q0	109163#12	0
1519	Q0	6220#2	0
1519	Q0	27632#9	0
1519	Q0	37275#1	0
1519	Q0	109163#25	0
1519	Q0	23918#1	0
1519	Q0	47587#11	0
1521	Q0	206256#0	1
1521	Q0	6303#9	1
1521	Q0	6303#4	1
1521	Q0	56262#2	0
1521	Q0	6303#0	0
1521	Q0	6303#27	0
1521	Q0	6303#29	0
1521	Q0	6303#10	0
1521	Q0	6303#14	0
1521	Q0	6303#16	0
1521	Q0	6303#13	0
1522	Q0	36336#0	1
1522	Q0	17566#1	0
1522	Q0	18472#1	0
1522	Q0	47939#3	0
1522	Q0	16120#1	0
1522	Q0	52946#1	0
1522	Q0	14272#1	0
1522	Q0	16115#1	0
1522	Q0	51278#1	0
1522	Q0	24855#0	0
1523	Q0	184572#1	1
1523	Q0	184572#0	0
1523	Q0	40738#2	0
1523	Q0	7152#2	0
1523	Q0	184572#5	0
1523	Q0	51868#0	0
1523	Q0	1360#29	0
1523	Q0	6314#1	0
1523	Q0	51919#11	0
1523	Q0	22356#0	0
1523	Q0	34060#0	0
1524	Q0	34418#0	1
1524	Q0	17162#1	0
1524	Q0	17550#0	0
1524	Q0	17810#1	0
1524	Q0	26079#1	0
1524	Q0	17509#0	0
1524	Q0	16726#6	0
1524	Q0	17040#0	0
1524	Q0	17313#0	0
1524	Q0	17802#1	0
1525	Q0	23742#0	1
1525	Q0	36553#0	0
1525	Q0	27571#0	0
1525	Q0	54533#4	0
1525	Q0	27859#0	0
1525	Q0	17352#4	0
1525	Q0	16206#0	0
1525	Q0	54533#0	0
1525	Q0	15602#0	0
1525	Q0	36553#5	0
1526	Q0	21500#0	1
1526	Q0	15675#0	0
1526	Q0	27578#0	0
1526	Q0	15678#0	0
1526	Q0	16207#0	0
1526	Q0	15671#0	0
1526	Q0	34307#0	0
1526	Q0	34261#0	0
1526	Q0	191418#0	0
1526	Q0	53597#0	0
1527	Q0	29313#0	1
1527	Q0	32364#0	0
1527	Q0	28343#0	0
1527	Q0	28107#0	0
1527	Q0	29911#0	0
1527	Q0	49779#1	0
1527	Q0	32381#0	0
1527	Q0	23559#1	0
1527	Q0	28134#0	0
1527	Q0	28454#0	0
1529	Q0	253283#0	1
1529	Q0	253283#4	0
1529	Q0	253283#3	0
1529	Q0	39192#20	0
1529	Q0	9520#12	0
1529	Q0	26840#10	0
1529	Q0	38314#5	0
1529	Q0	51948#20	0
1529	Q0	9520#14	0
1529	Q0	5913#9	0
1530	Q0	47438#0	1
1530	Q0	47438#5	0
1530	Q0	53553#0	0
1530	Q0	47438#7	0
1530	Q0	47438#2	0
1530	Q0	48600#12	0
1530	Q0	47438#14	0
1530	Q0	47438#6	0
1530	Q0	53951#0	0
1530	Q0	47438#4	0
1531	Q0	74351#0	1
1531	Q0	38035#3	0
1531	Q0	875#17	0
1531	Q0	3581#4	0
1531	Q0	39726#5	0
1531	Q0	12593#1	0
1531	Q0	39726#3	0
1531	Q0	875#16	0
1531	Q0	53329#2	0
1531	Q0	35701#2	0
1531	Q0	10993#1	0
1532	Q0	35111#0	1
1532	Q0	39183#3	0
1532	Q0	6189#0	0
1532	Q0	40414#1	0
1532	Q0	31475#1	0
1532	Q0	34616#2	0
1532	Q0	39959#1	0
1532	Q0	41411#1	0
1532	Q0	45490#2	0
1532	Q0	47295#1	0
1533	Q0	52369#0	1
1533	Q0	26744#0	0
1533	Q0	26982#7	0
1533	Q0	29912#0	0
1533	Q0	34407#12	0
1533	Q0	52514#0	0
1533	Q0	28775#0	0
1533	Q0	26118#0	0
1533	Q0	22019#0	0
1533	Q0	19516#2	0
1534	Q0	51751#0	1
1534	Q0	51965#16	0
1534	Q0	32268#16	0
1534	Q0	51750#1	0
1534	Q0	32633#6	0
1534	Q0	52308#5	0
1534	Q0	51754#0	0
1534	Q0	32641#16	0
1534	Q0	32092#7	0
1534	Q0	26747#1	0
1535	Q0	66956#1	1
1535	Q0	39571#0	0
1535	Q0	34616#2	0
1535	Q0	66956#0	0
1535	Q0	46703#1	0
1535	Q0	46703#2	0
1535	Q0	40840#0	0
1535	Q0	54592#1	0
1535	Q0	11964#2	0
1535	Q0	14940#17	0
1535	Q0	35788#5	0
1537	Q0	21724#0	1
1537	Q0	26500#17	0
1537	Q0	27095#0	0
1537	Q0	50227#16	0
1537	Q0	50082#9	0
1537	Q0	34272#11	0
1537	Q0	37078#16	0
1537	Q0	26575#8	0
1537	Q0	22939#3	0
1537	Q0	26977#5	0
1538	Q0	171095#0	1
1538	Q0	48380#1	0
1538	Q0	45309#7	0
1538	Q0	48380#24	0
1538	Q0	48380#0	0
1538	Q0	171095#4	0
1538	Q0	6046#54	0
1538	Q0	48380#18	0
1538	Q0	48380#26	0
1538	Q0	40368#68	0
1539	Q0	115692#0	1
1539	Q0	53281#8	1
1539	Q0	35287#3	0
1539	Q0	34672#18	0
1539	Q0	53281#7	0
1539	Q0	1191#4	0
1539	Q0	53138#17	0
1539	Q0	55353#5	0
1539	Q0	53281#2	0
1539	Q0	124069#6	0
1539	Q0	35095#0	0
1543	Q0	790#1	1
1543	Q0	6040#5	1
1543	Q0	6040#3	0
1543	Q0	6040#1	0
1543	Q0	6040#12	0
1543	Q0	1487#5	0
1543	Q0	2560#0	0
1543	Q0	6040#6	0
1543	Q0	2739#2	0
1543	Q0	790#3	0
1545	Q0	6472#1	1
1545	Q0	6472#13	0
1545	Q0	6472#0	0
1545	Q0	6472#16	0
1545	Q0	6472#14	0
1545	Q0	6472#6	0
1545	Q0	6472#11	0
1545	Q0	6472#12	0
1545	Q0	6472#17	0
1545	Q0	6472#3	0
1546	Q0	74425#0	1
1546	Q0	74425#4	1
1546	Q0	855#34	0
1546	Q0	39192#27	0
1546	Q0	12821#2	0
1546	Q0	11838#4	0
1546	Q0	3195#22	0
1546	Q0	12668#19	0
1546	Q0	13325#2	0
1546	Q0	34151#19	0
1546	Q0	23419#2	0
1547	Q0	21086#1	1
1547	Q0	32398#12	0
1547	Q0	51715#16	0
1547	Q0	26747#1	0
1547	Q0	32641#16	0
1547	Q0	32285#17	0
1547	Q0	52308#5	0
1547	Q0	27038#19	0
1547	Q0	31608#22	0
1547	Q0	32633#6	0
1547	Q0	34097#7	0
1548	Q0	36295#1	1
1548	Q0	36295#0	1
1548	Q0	36295#14	0
1548	Q0	36295#18	0
1548	Q0	36295#13	0
1548	Q0	36295#15	0
1548	Q0	36295#9	0
1548	Q0	36295#17	0
1548	Q0	9365#3	0
1548	Q0	51245#23	0
1550	Q0	48046#0	1
1550	Q0	48045#12	0
1550	Q0	48046#16	0
1550	Q0	48046#13	0
1550	Q0	26269#0	0
1550	Q0	21279#15	0
1550	Q0	37042#14	0
1550	Q0	34278#1	0
1550	Q0	17239#0	0
1552	Q0	28391#0	1
1552	Q0	28775#0	0
1552	Q0	51874#0	0
1552	Q0	24440#0	0
1552	Q0	48216#0	0
1552	Q0	21902#0	0
1552	Q0	32678#7	0
1552	Q0	52518#1	0
1552	Q0	29006#0	0
1552	Q0	24320#0	0
1553	Q0	266393#0	1
1553	Q0	29719#0	0
1553	Q0	26769#0	0
1553	Q0	16501#0	0
1553	Q0	17392#2	0
1553	Q0	29270#0	0
1553	Q0	34378#7	0
1553	Q0	24510#0	0
1553	Q0	26011#5	0
1553	Q0	27648#0	0
1554	Q0	20542#1	1
1554	Q0	49096#2	0
1554	Q0	25392#2	0
1554	Q0	49206#1	0
1554	Q0	2740#3	0
1554	Q0	26429#1	0
1554	Q0	57167#2	0
1554	Q0	22996#27	0
1554	Q0	50269#13	0
1554	Q0	20747#0	0
1554	Q0	9187#2	0
1555	Q0	52028#0	1
1555	Q0	52027#0	1
1555	Q0	52045#5	0
1555	Q0	16232#0	0
1555	Q0	26658#6	0
1555	Q0	19741#2	0
1555	Q0	33529#17	0
1555	Q0	52021#0	0
1555	Q0	51969#0	0
1555	Q0	52664#0	0
1556	Q0	226999#0	1
1556	Q0	49096#2	0
1556	Q0	19492#3	0
1556	Q0	51572#3	0
1556	Q0	32121#17	0
1556	Q0	32053#6	0
1556	Q0	34092#7	0
1556	Q0	8240#29	0
1557	Q0	99342#0	1
1557	Q0	99342#3	0
1557	Q0	99342#21	0
1557	Q0	39183#3	0
1557	Q0	99342#5	0
1557	Q0	40147#4	0
1557	Q0	41404#2	0
1557	Q0	6122#1	0
1557	Q0	39810#6	0
1557	Q0	2518#1	0
1560	Q0	62494#0	1
1560	Q0	47327#83	0
1560	Q0	47327#82	0
1560	Q0	47018#109	0
1560	Q0	47018#110	0
1560	Q0	7919#7	0
1560	Q0	47259#5	0
1560	Q0	47327#84	0
1560	Q0	47327#81	0
1560	Q0	2390#14	0
1561	Q0	36825#0	1
1561	Q0	27105#1	0
1561	Q0	51000#20	0
1561	Q0	31967#11	0
1561	Q0	26982#7	0
1561	Q0	52413#10	0
1561	Q0	54657#12	0
1561	Q0	51050#3	0
1561	Q0	26118#0	0
1561	Q0	34080#15	0
1562	Q0	132671#0	1
1562	Q0	9841#10	0
1562	Q0	5527#10	0
1562	Q0	1684#82	0
1562	Q0	6273#2	0
1562	Q0	7894#2	0
1562	Q0	9841#8	0
1562	Q0	13898#1	0
1562	Q0	9841#9	0
1562	Q0	11972#5	0
1563	Q0	34119#0	1
1563	Q0	27100#1	0
1563	Q0	32628#6	0
1563	Q0	34132#24	0
1563	Q0	26990#1	0
1563	Q0	1540#18	0
1563	Q0	32385#15	0
1563	Q0	26490#1	0
1563	Q0	32387#11	0
1563	Q0	49909#17	0
1563	Q0	46982#11	0
1565	Q0	26716#0	1
1565	Q0	53804#1	0
1565	Q0	32028#7	0
1565	Q0	53803#4	0
1565	Q0	5903#12	0
1565	Q0	52101#17	0
1565	Q0	23824#25	0
1565	Q0	32121#17	0
1567	Q0	36093#0	1
1568	Q0	34042#0	1
1570	Q0	6475#3	1
1570	Q0	7364#6	0
1570	Q0	2468#2	0
1570	Q0	56267#2	0
1570	Q0	46107#1	0
1570	Q0	6475#0	0
1570	Q0	6475#6	0
1570	Q0	6475#4	0
1571	Q0	21749#0	1
1571	Q0	32632#9	0
1571	Q0	21749#6	0
1571	Q0	18382#1	0
1571	Q0	27130#3	0
1571	Q0	32376#9	0
1571	Q0	17858#1	0
1571	Q0	21749#7	0
1571	Q0	21749#1	0
1571	Q0	32285#17	0
1572	Q0	6108#7	1
1572	Q0	7918#0	1
1572	Q0	6108#24	0
1572	Q0	9457#6	0
1572	Q0	40006#4	0
1572	Q0	11212#3	0
1572	Q0	11240#0	0
1572	Q0	35890#3	0
1572	Q0	6303#9	0
1572	Q0	7918#10	0
1573	Q0	222453#0	1
1573	Q0	9108#1	0
1573	Q0	1374#1	0
1573	Q0	2610#1	0
1573	Q0	9783#1	0
1573	Q0	4548#4	0
1573	Q0	2495#1	0
1573	Q0	53195#1	0
1573	Q0	5868#1	0
1574	Q0	41040#4	1
1574	Q0	56339#5	0
1574	Q0	56358#34	0
1574	Q0	55297#8	0
1574	Q0	6273#9	0
1574	Q0	55781#0	0
1574	Q0	55376#6	0
1574	Q0	5297#31	0
1574	Q0	40326#4	0
1574	Q0	40463#1	0
1575	Q0	7827#1	1
1575	Q0	12996#2	0
1575	Q0	7827#5	0
1575	Q0	7827#8	0
1575	Q0	7827#3	0
1575	Q0	7827#14	0
1575	Q0	7827#7	0
1575	Q0	7827#0	0
1575	Q0	7827#6	0
1575	Q0	7827#10	0
1577	Q0	45454#0	1
1577	Q0	47236#1	0
1577	Q0	1294#1	0
1577	Q0	1585#0	0
1577	Q0	1351#20	0
1577	Q0	1580#1	0
1577	Q0	2451#33	0
1577	Q0	1522#29	0
1577	Q0	26375#24	0
1577	Q0	1294#16	0
1577	Q0	24025#2	0
1578	Q0	27894#0	1
1578	Q0	49605#0	0
1578	Q0	25730#1	0
1578	Q0	51006#0	0
1578	Q0	16975#0	0
1578	Q0	17269#0	0
1578	Q0	16586#0	0
1578	Q0	21393#0	0
1578	Q0	16993#0	0
1578	Q0	16637#1	0
1578	Q0	32548#5	0
1579	Q0	207816#1	1
1579	Q0	207816#0	0
1579	Q0	56358#9	0
1579	Q0	207816#12	0
1579	Q0	207816#15	0
1579	Q0	207816#13	0
1579	Q0	45309#29	0
1579	Q0	207816#4	0
1579	Q0	56358#22	0
1579	Q0	207816#5	0
1580	Q0	29884#0	1
1580	Q0	17810#1	0
1580	Q0	17802#1	0
1580	Q0	48716#0	0
1580	Q0	21646#0	0
1580	Q0	16921#0	0
1580	Q0	17162#1	0
1580	Q0	17049#1	0
1580	Q0	17165#0	0
1580	Q0	16587#1	0
1581	Q0	101066#0	1
1581	Q0	101066#26	1
1581	Q0	41209#1	0
1581	Q0	38501#1	0
1581	Q0	55080#0	0
1581	Q0	1201#0	0
1581	Q0	53281#0	0
1581	Q0	55087#0	0
1581	Q0	47019#0	0
1581	Q0	101066#5	0
1581	Q0	35677#3	0
1583	Q0	93088#1	1
1583	Q0	1535#2	0
1583	Q0	1535#27	0
1583	Q0	1529#25	0
1583	Q0	27393#3	0
1583	Q0	47017#58	0
1583	Q0	1591#36	0
1583	Q0	55091#25	0
1583	Q0	55087#44	0
1583	Q0	27393#6	0
1583	Q0	27393#1	0
1584	Q0	93718#3	1
1584	Q0	93718#4	0
1584	Q0	35142#1	0
1584	Q0	8224#0	0
1584	Q0	32669#3	0
1584	Q0	32287#1	0
1584	Q0	8210#1	0
1584	Q0	8229#1	0
1584	Q0	6312#3	0
1584	Q0	21122#16	0
1584	Q0	9319#1	0
1586	Q0	40320#0	1
1586	Q0	55376#2	0
1586	Q0	40320#13	0
1586	Q0	40320#2	0
1586	Q0	40320#3	0
1586	Q0	40320#7	0
1586	Q0	40320#11	0
1586	Q0	40320#12	0
1586	Q0	7686#8	0
1586	Q0	40320#9	0
1586	Q0	40320#5	0
1587	Q0	171095#0	1
1587	Q0	48380#1	0
1587	Q0	171095#5	0
1587	Q0	45309#7	0
1587	Q0	171095#4	0
1587	Q0	48380#0	0
1587	Q0	48380#24	0
1587	Q0	48380#18	0
1587	Q0	171095#2	0
1587	Q0	40368#68	0
1590	Q0	231382#3	1
1590	Q0	2950#1	0
1590	Q0	34145#19	0
1590	Q0	40166#1	0
1590	Q0	54592#1	0
1590	Q0	862#0	0
1590	Q0	5395#1	0
1590	Q0	34850#2	0
1590	Q0	9150#1	0
1590	Q0	31542#18	0
1591	Q0	5897#2	1
1591	Q0	5897#0	1
1591	Q0	5897#11	0
1591	Q0	5897#1	0
1591	Q0	7828#0	0
1591	Q0	4432#18	0
1591	Q0	9457#1	0
1591	Q0	5897#7	0
1591	Q0	5897#3	0
1591	Q0	5897#10	0
1592	Q0	105525#4	1
1592	Q0	138155#0	0
1592	Q0	32291#7	0
1592	Q0	1538#5	0
1592	Q0	138155#3	0
1592	Q0	3707#5	0
1592	Q0	22485#0	0
1592	Q0	34132#19	0
1592	Q0	32287#6	0
1592	Q0	32322#7	0
1592	Q0	41157#61	0
1594	Q0	192823#1	1
1594	Q0	32707#10	0
1594	Q0	32059#7	0
1594	Q0	55600#3	0
1594	Q0	32184#8	0
1594	Q0	31952#8	0
1594	Q0	19367#18	0
1594	Q0	40738#14	0
1594	Q0	5724#17	0
1594	Q0	859#55	0
1595	Q0	28345#0	1
1595	Q0	49736#13	0
1595	Q0	26751#1	0
1595	Q0	49727#13	0
1595	Q0	53707#20	0
1595	Q0	53706#1	0
1595	Q0	22867#1	0
1595	Q0	49600#1	0
1595	Q0	29600#0	0
1595	Q0	26974#7	0
1596	Q0	230319#2	1
1596	Q0	230319#1	1
1596	Q0	7018#1	0
1596	Q0	1181#2	0
1596	Q0	49003#1	0
1596	Q0	40140#1	0
1596	Q0	40773#1	0
1596	Q0	5321#1	0
1596	Q0	9520#21	0
1596	Q0	39617#1	0
1597	Q0	13677#0	1
1597	Q0	41304#0	1
1597	Q0	787#17	1
1597	Q0	41304#1	1
1597	Q0	13677#11	0
1597	Q0	13677#4	0
1597	Q0	37345#2	0
1597	Q0	13677#5	0
1597	Q0	47824#1	0
1597	Q0	13677#1	0
1599	Q0	1590#3	1
1599	Q0	1590#1	1
1599	Q0	1584#12	1
1599	Q0	1590#4	0
1599	Q0	1590#9	0
1599	Q0	53283#20	0
1599	Q0	1590#13	0
1599	Q0	47160#2	0
1599	Q0	11167#7	0
1599	Q0	53283#11	0
1600	Q0	92184#2	1
1600	Q0	92184#0	1
1600	Q0	9783#1	0
1600	Q0	5314#1	0
1600	Q0	2546#0	0
1600	Q0	48710#1	0
1600	Q0	39240#1	0
1600	Q0	32845#20	0
1600	Q0	39944#1	0
1600	Q0	38301#0	0
1601	Q0	95744#0	1
1601	Q0	54445#8	0
1601	Q0	47460#9	0
1601	Q0	34331#5	0
1601	Q0	34334#9	0
1601	Q0	22518#6	0
1601	Q0	51672#5	0
1601	Q0	17243#4	0
1601	Q0	32021#8	0
1601	Q0	54468#5	0
1601	Q0	36528#6	0
1602	Q0	2624#8	1
1602	Q0	5890#4	1
1602	Q0	2624#1	0
1602	Q0	2624#6	0
1602	Q0	1389#7	0
1602	Q0	5921#1	0
1602	Q0	2624#18	0
1602	Q0	1389#6	0
1602	Q0	2624#17	0
1602	Q0	2624#9	0
1602	Q0	2624#10	0
1603	Q0	110763#16	1
1603	Q0	55091#21	0
1603	Q0	110763#18	0
1603	Q0	1395#13	0
1603	Q0	110763#20	0
1603	Q0	110763#7	0
1603	Q0	110763#0	0
1603	Q0	55091#10	0
1603	Q0	17886#1	0
1603	Q0	55091#22	0
1604	Q0	78594#0	1
1604	Q0	1561#6	0
1604	Q0	829#15	0
1604	Q0	11612#9	0
1604	Q0	54598#5	0
1604	Q0	54597#0	0
1604	Q0	39909#2	0
1604	Q0	1564#8	0
1604	Q0	829#12	0
1604	Q0	32906#20	0
1604	Q0	3125#0	0
1605	Q0	5727#0	1
1605	Q0	27234#1	0
1605	Q0	223720#0	0
1605	Q0	5727#2	0
1605	Q0	6389#0	0
1605	Q0	5727#6	0
1605	Q0	5727#4	0
1605	Q0	40524#0	0
1605	Q0	34056#28	0
1605	Q0	13414#1	0
1605	Q0	13237#1	0
1606	Q0	227432#0	1
1606	Q0	32633#6	0
1606	Q0	32397#17	0
1606	Q0	26758#9	0
1606	Q0	32092#7	0
1606	Q0	40896#9	0
1606	Q0	27130#3	0
1606	Q0	52308#5	0
1606	Q0	32220#22	0
1606	Q0	32632#9	0
1606	Q0	32505#21	0
1609	Q0	170751#0	1
1609	Q0	38441#6	0
1609	Q0	5891#12	0
1609	Q0	32634#10	0
1609	Q0	16481#3	0
1609	Q0	1504#10	0
1609	Q0	7827#5	0
1609	Q0	2541#10	0
1609	Q0	4872#3	0
1609	Q0	37267#7	0
1610	Q0	36854#0	1
1610	Q0	4618#25	0
1610	Q0	17514#1	0
1610	Q0	32701#16	0
1610	Q0	36567#0	0
1610	Q0	26707#3	0
1610	Q0	26769#11	0
1610	Q0	17492#0	0
1610	Q0	7230#2	0
1610	Q0	28914#0	0
1611	Q0	49356#0	1
1611	Q0	49357#11	1
1611	Q0	49360#19	0
1611	Q0	49358#13	0
1611	Q0	49356#11	0
1611	Q0	53662#3	0
1611	Q0	38042#17	0
1611	Q0	23245#22	0
1611	Q0	37028#14	0
1611	Q0	26807#12	0
1611	Q0	22227#5	0
1612	Q0	107760#6	1
1612	Q0	107760#11	0
1612	Q0	39577#2	0
1612	Q0	111290#88	0
1612	Q0	107760#10	0
1612	Q0	40524#9	0
1612	Q0	107760#8	0
1612	Q0	111290#81	0
1614	Q0	10277#13	1
1614	Q0	10277#0	1
1614	Q0	1183#0	0
1614	Q0	1183#1	0
1614	Q0	1182#3	0
1614	Q0	853#8	0
1614	Q0	99800#3	0
1614	Q0	10277#17	0
1614	Q0	1225#2	0
1614	Q0	21275#4	0
1618	Q0	32609#0	1
1618	Q0	51050#3	0
1618	Q0	34080#15	0
1618	Q0	49360#19	0
1618	Q0	31967#11	0
1618	Q0	31450#16	0
1618	Q0	51000#20	0
1618	Q0	26807#12	0
1618	Q0	26982#7	0
1618	Q0	34232#28	0
1619	Q0	70816#1	1
1619	Q0	53092#3	0
1619	Q0	4872#0	0
1619	Q0	39240#4	0
1619	Q0	6479#4	0
1619	Q0	39074#0	0
1619	Q0	9520#3	0
1619	Q0	53283#76	0
1619	Q0	6479#0	0
1619	Q0	804#7	0
1619	Q0	34894#11	0
1620	Q0	31971#0	1
1620	Q0	31971#7	0
1620	Q0	52611#0	0
1620	Q0	49830#3	0
1620	Q0	51000#4	0
1620	Q0	50997#0	0
1620	Q0	50997#4	0
1620	Q0	36890#0	0
1620	Q0	49595#9	0
1620	Q0	52595#0	0
1621	Q0	99687#1	1
1621	Q0	34612#1	0
1621	Q0	54657#9	0
1621	Q0	39726#3	0
1621	Q0	7060#1	0
1621	Q0	40007#0	0
1621	Q0	37171#1	0
1621	Q0	38981#17	0
1621	Q0	12272#2	0
1621	Q0	10625#0	0
1622	Q0	22451#0	1
1622	Q0	50082#9	0
1622	Q0	34080#15	0
1622	Q0	37076#13	0
1622	Q0	53706#1	0
1622	Q0	26491#1	0
1622	Q0	50238#20	0
1622	Q0	22451#2	0
1622	Q0	34407#12	0
1622	Q0	26744#0	0
1622	Q0	26495#1	0
1624	Q0	169593#0	1
1624	Q0	53152#4	0
1624	Q0	45289#0	0
1624	Q0	53152#3	0
1624	Q0	169593#11	0
1624	Q0	10304#0	0
1624	Q0	12883#0	0
1624	Q0	39078#7	0
1624	Q0	8726#0	0
1624	Q0	9770#0	0
1624	Q0	31880#0	0
1625	Q0	23072#1	1
1625	Q0	52413#10	0
1625	Q0	22988#1	0
1625	Q0	26747#1	0
1625	Q0	31967#11	0
1625	Q0	32634#11	0
1625	Q0	32640#19	0
1625	Q0	32309#17	0
1625	Q0	32294#17	0
1625	Q0	23679#22	0
1625	Q0	26982#7	0
1626	Q0	15946#0	1
1626	Q0	26983#9	0
1626	Q0	26813#14	0
1626	Q0	26882#3	0
1626	Q0	32503#19	0
1626	Q0	53662#3	0
1626	Q0	26965#2	0
1626	Q0	26636#1	0
1626	Q0	32592#16	0
1626	Q0	26593#5	0
1628	Q0	66790#0	1
1628	Q0	26705#1	0
1628	Q0	26672#1	0
1628	Q0	33971#15	0
1628	Q0	50222#11	0
1628	Q0	26690#12	0
1628	Q0	34729#2	0
1628	Q0	20030#7	0
1628	Q0	18331#1	0
1628	Q0	31815#16	0
1628	Q0	54109#7	0
1629	Q0	71101#0	1
1629	Q0	54969#2	0
1629	Q0	46909#1	0
1629	Q0	40017#6	0
1629	Q0	45240#2	0
1629	Q0	6108#2	0
1629	Q0	47170#5	0
1629	Q0	10183#3	0
1629	Q0	4492#10	0
1630	Q0	47382#0	1
1630	Q0	47932#0	0
1630	Q0	47382#6	0
1630	Q0	47932#5	0
1630	Q0	36886#0	0
1630	Q0	14196#7	0
1630	Q0	15751#0	0
1630	Q0	8252#1	0
1630	Q0	8252#0	0
1630	Q0	18490#1	0
1632	Q0	21821#1	1
1632	Q0	21821#0	0
1632	Q0	32641#16	0
1632	Q0	32407#12	0
1632	Q0	26983#9	0
1632	Q0	35219#19	0
1632	Q0	32393#11	0
1632	Q0	32346#0	0
1632	Q0	21821#7	0
1632	Q0	21396#0	0
1633	Q0	172292#0	1
1633	Q0	172292#1	1
1633	Q0	32059#7	0
1633	Q0	27182#15	0
1633	Q0	31952#8	0
1633	Q0	1532#61	0
1633	Q0	859#55	0
1633	Q0	5942#4	0
1633	Q0	52577#10	0
1633	Q0	40381#7	0
1634	Q0	24485#0	1
1634	Q0	21458#0	0
1634	Q0	34261#0	0
1634	Q0	32066#0	0
1634	Q0	34441#8	0
1634	Q0	16559#0	0
1634	Q0	8544#0	0
1634	Q0	16987#0	0
1634	Q0	21427#0	0
1634	Q0	24485#4	0
1635	Q0	11964#0	1
1635	Q0	11964#3	1
1635	Q0	11964#2	0
1635	Q0	11964#12	0
1635	Q0	11964#14	0
1635	Q0	53195#1	0
1635	Q0	11964#1	0
1635	Q0	853#3	0
1635	Q0	6960#1	0
1635	Q0	11964#9	0
1636	Q0	39092#0	1
1636	Q0	39092#27	0
1636	Q0	49088#11	0
1636	Q0	34427#16	0
1636	Q0	26429#1	0
1636	Q0	23682#19	0
1636	Q0	52591#2	0
1636	Q0	26938#1	0
1636	Q0	35621#0	0
1636	Q0	39092#8	0
1637	Q0	57859#0	1
1637	Q0	35108#16	0
1637	Q0	41385#7	0
1637	Q0	26982#7	0
1637	Q0	26747#1	0
1637	Q0	32214#19	0
1637	Q0	51000#20	0
1637	Q0	26805#10	0
1637	Q0	51004#16	0
1637	Q0	50934#0	0
1637	Q0	26733#19	0
1638	Q0	22402#0	1
1638	Q0	37082#0	0
1638	Q0	7405#2	0
1638	Q0	22402#12	0
1638	Q0	19516#2	0
1638	Q0	28379#0	0
1638	Q0	7145#2	0
1638	Q0	16544#0	0
1638	Q0	18563#1	0
1638	Q0	25392#2	0
1640	Q0	34158#0	1
1640	Q0	34158#15	0
1640	Q0	23234#24	0
1640	Q0	23840#28	0
1640	Q0	31957#14	0
1640	Q0	26666#7	0
1640	Q0	32096#9	0
1640	Q0	23255#28	0
1640	Q0	1496#7	0
1640	Q0	32357#8	0
1642	Q0	173519#0	1
1642	Q0	39726#1	0
1642	Q0	12778#1	0
1642	Q0	40010#2	0
1642	Q0	27347#0	0
1642	Q0	24001#4	0
1642	Q0	4872#1	0
1642	Q0	45322#0	0
1642	Q0	3465#1	0
1642	Q0	10625#0	0
1642	Q0	16354#1	0
1643	Q0	244175#1	1
1643	Q0	13533#1	0
1643	Q0	9462#1	0
1643	Q0	39207#1	0
1643	Q0	54592#1	0
1643	Q0	5891#1	0
1643	Q0	34612#1	0
1643	Q0	35846#0	0
1643	Q0	11212#1	0
1643	Q0	5348#1	0
1645	Q0	31131#1	1
1645	Q0	113095#27	0
1645	Q0	3404#2	0
1645	Q0	1191#5	0
1645	Q0	34672#18	0
1645	Q0	1205#17	0
1645	Q0	29459#1	0
1645	Q0	110820#1	0
1645	Q0	35095#13	0
1645	Q0	7881#12	0
1646	Q0	27751#0	1
1646	Q0	37082#0	0
1646	Q0	19145#2	0
1646	Q0	19524#2	0
1646	Q0	32121#17	0
1647	Q0	108572#2	1
1647	Q0	35890#3	0
1647	Q0	108572#10	0
1647	Q0	108572#8	0
1647	Q0	108572#6	0
1647	Q0	108572#7	0
1647	Q0	108572#3	0
1647	Q0	1144#4	0
1647	Q0	108572#4	0
1648	Q0	62043#6	1
1648	Q0	1193#5	0
1648	Q0	13677#5	0
1648	Q0	13448#0	0
1648	Q0	55715#2	0
1648	Q0	55328#3	0
1648	Q0	29459#3	0
1648	Q0	62043#8	0
1648	Q0	7686#1	0
1648	Q0	11691#1	0
1649	Q0	228917#1	1
1649	Q0	1390#11	1
1649	Q0	1360#29	0
1649	Q0	1351#15	0
1649	Q0	1391#9	0
1649	Q0	1393#9	0
1649	Q0	786#20	0
1649	Q0	1685#17	0
1649	Q0	8507#0	0
1649	Q0	1515#1	0
1650	Q0	142536#0	1
1650	Q0	55600#3	0
1650	Q0	32059#7	0
1650	Q0	265652#1	0
1650	Q0	142536#1	0
1650	Q0	32707#10	0
1650	Q0	92107#16	0
1650	Q0	92107#17	0
1650	Q0	32458#11	0
1650	Q0	5942#4	0
1652	Q0	49977#0	1
1652	Q0	49978#0	1
1652	Q0	5903#12	0
1652	Q0	51230#15	0
1652	Q0	52101#17	0
1652	Q0	32028#7	0
1652	Q0	49669#17	0
1652	Q0	26467#19	0
1652	Q0	26665#6	0
1652	Q0	5903#10	0
1653	Q0	129292#0	1
1653	Q0	53152#3	0
1653	Q0	53152#4	0
1653	Q0	8726#0	0
1653	Q0	10730#1	0
1653	Q0	6153#3	0
1653	Q0	45289#0	0
1653	Q0	34852#2	0
1653	Q0	2514#13	0
1653	Q0	110854#4	0
1653	Q0	12151#1	0
1654	Q0	3418#158	1
1654	Q0	55057#14	1
1654	Q0	72281#2	0
1654	Q0	4531#9	0
1654	Q0	39810#2	0
1654	Q0	47327#14	0
1654	Q0	53283#13	0
1654	Q0	1684#34	0
1654	Q0	47018#5	0
1654	Q0	47018#30	0
1654	Q0	47017#17	0
1656	Q0	21302#1	1
1656	Q0	16662#1	0
1656	Q0	15678#0	0
1656	Q0	21302#10	0
1656	Q0	23704#0	0
1656	Q0	22611#0	0
1656	Q0	16004#0	0
1656	Q0	16559#0	0
1656	Q0	17219#0	0
1656	Q0	16016#1	0
1658	Q0	38675#0	1
1658	Q0	68548#1	1
1658	Q0	111365#7	0
1658	Q0	109646#1	0
1658	Q0	38675#9	0
1658	Q0	109646#7	0
1658	Q0	102007#3	0
1658	Q0	38675#4	0
1658	Q0	38675#6	0
1658	Q0	38675#10	0
1659	Q0	12999#0	1
1659	Q0	8726#0	0
1659	Q0	27280#2	0
1659	Q0	37207#2	0
1659	Q0	34852#2	0
1659	Q0	5996#6	0
1659	Q0	13638#0	0
1659	Q0	5996#5	0
1659	Q0	39078#7	0
1659	Q0	38318#1	0
1660	Q0	7580#0	1
1660	Q0	38564#2	0
1660	Q0	7802#1	0
1660	Q0	10348#5	0
1660	Q0	38253#4	0
1660	Q0	47236#3	0
1660	Q0	56358#34	0
1660	Q0	5373#59	0
1660	Q0	34672#50	0
1660	Q0	34672#45	0
1661	Q0	110662#1	1
1661	Q0	4929#1	0
1661	Q0	10240#0	0
1661	Q0	5871#1	0
1661	Q0	33995#4	0
1661	Q0	39726#3	0
1661	Q0	2519#2	0
1661	Q0	53328#1	0
1661	Q0	26385#1	0
1661	Q0	12412#1	0
1662	Q0	271100#0	1
1662	Q0	5891#1	0
1662	Q0	5321#1	0
1662	Q0	34612#1	0
1662	Q0	9783#1	0
1662	Q0	39240#1	0
1662	Q0	39719#2	0
1662	Q0	5348#1	0
1662	Q0	40995#2	0
1662	Q0	6108#0	0
1663	Q0	106266#2	1
1663	Q0	106266#1	1
1663	Q0	106266#0	0
1663	Q0	106266#70	0
1663	Q0	106266#56	0
1663	Q0	106266#17	0
1663	Q0	5527#2	0
1663	Q0	106266#15	0
1663	Q0	47327#78	0
1663	Q0	106266#73	0
1663	Q0	3315#4	0
1665	Q0	22407#0	1
1665	Q0	50997#0	0
1665	Q0	34360#10	0
1665	Q0	31450#3	0
1665	Q0	50997#4	0
1665	Q0	50745#0	0
1665	Q0	34080#9	0
1665	Q0	50999#1	0
1665	Q0	10223#0	0
1665	Q0	24159#0	0
1666	Q0	47327#2	1
1666	Q0	47327#31	0
1666	Q0	47327#4	0
1666	Q0	48476#0	0
1666	Q0	47327#58	0
1666	Q0	47327#1	0
1666	Q0	47326#0	0
1666	Q0	1529#1	0
1666	Q0	47019#1	0
1666	Q0	1530#1	0
1668	Q0	6493#4	1
1668	Q0	6394#4	1
1668	Q0	172625#0	1
1668	Q0	6493#0	0
1668	Q0	6493#1	0
1668	Q0	6493#5	0
1668	Q0	39630#11	0
1668	Q0	24030#6	0
1668	Q0	1522#36	0
1668	Q0	26375#35	0
1669	Q0	58430#0	1
1669	Q0	50126#0	1
1669	Q0	58429#1	0
1669	Q0	48213#6	0
1669	Q0	50077#0	0
1669	Q0	34327#5	0
1669	Q0	34327#0	0
1669	Q0	34256#0	0
1669	Q0	16178#1	0
1669	Q0	34222#8	0
1669	Q0	15813#5	0
1670	Q0	21667#0	1
1670	Q0	26100#0	0
1670	Q0	26815#0	0
1670	Q0	32753#0	0
1670	Q0	22426#0	0
1670	Q0	21728#0	0
1670	Q0	25736#1	0
1670	Q0	52916#1	0
1670	Q0	51922#1	0
1670	Q0	17159#0	0
1671	Q0	4452#0	1
1671	Q0	9833#7	0
1671	Q0	1336#3	0
1671	Q0	4452#3	0
1671	Q0	222201#2	0
1671	Q0	7042#0	0
1671	Q0	1184#4	0
1671	Q0	10195#0	0
1671	Q0	5871#17	0
1671	Q0	847#5	0
1673	Q0	56014#15	1
1673	Q0	56014#0	1
1673	Q0	56014#10	0
1673	Q0	56014#11	0
1673	Q0	56014#4	0
1673	Q0	56014#13	0
1673	Q0	38441#6	0
1673	Q0	56014#3	0
1673	Q0	56014#8	0
1673	Q0	47505#8	0
1674	Q0	75604#0	1
1674	Q0	107440#40	1
1674	Q0	48129#17	0
1674	Q0	13836#2	0
1674	Q0	55087#20	0
1674	Q0	105653#23	0
1674	Q0	47438#26	0
1674	Q0	6046#31	0
1674	Q0	47327#23	0
1674	Q0	47160#29	0
1674	Q0	34672#32	0
1675	Q0	23734#0	1
1675	Q0	32052#11	0
1675	Q0	49736#13	0
1675	Q0	26979#6	0
1675	Q0	22489#12	0
1675	Q0	26628#0	0
1675	Q0	32471#14	0
1675	Q0	1794#18	0
1675	Q0	50492#6	0
1675	Q0	49990#1	0
1675	Q0	32356#2	0
1682	Q0	65468#0	1
1682	Q0	3712#1	0
1682	Q0	7364#5	0
1682	Q0	11659#0	0
1682	Q0	13910#3	0
1682	Q0	47327#7	0
1682	Q0	11275#1	0
1682	Q0	5727#7	0
1682	Q0	35660#13	0
1682	Q0	2610#5	0
1683	Q0	67179#6	1
1683	Q0	38035#6	0
1683	Q0	32458#11	0
1683	Q0	53302#24	0
1683	Q0	7894#3	0
1683	Q0	5297#31	0
1683	Q0	2475#11	0
1683	Q0	16379#3	0
1683	Q0	1144#10	0
1683	Q0	37976#13	0
1685	Q0	1865#0	1
1685	Q0	56375#4	0
1685	Q0	56375#18	0
1685	Q0	34669#6	0
1685	Q0	6989#4	0
1685	Q0	1764#11	0
1685	Q0	1865#1	0
1685	Q0	1865#3	0
1685	Q0	1597#7	0
1686	Q0	34056#28	1
1686	Q0	100898#0	1
1686	Q0	39726#7	0
1686	Q0	35084#8	0
1686	Q0	6001#4	0
1686	Q0	35084#14	0
1686	Q0	16379#15	0
1686	Q0	34056#26	0
1686	Q0	39959#5	0
1686	Q0	23948#1	0
1687	Q0	1529#1	1
1687	Q0	1529#7	0
1687	Q0	1529#4	0
1687	Q0	1529#20	0
1687	Q0	1529#5	0
1687	Q0	1529#9	0
1687	Q0	1529#10	0
1687	Q0	1529#0	0
1687	Q0	1529#3	0
1687	Q0	1529#15	0
1688	Q0	224874#0	1
1688	Q0	38832#1	0
1688	Q0	39249#17	0
1688	Q0	38318#1	0
1688	Q0	8726#0	0
1688	Q0	10718#0	0
1688	Q0	10719#0	0
1688	Q0	12898#0	0
1688	Q0	39031#34	0
1688	Q0	10719#1	0
1690	Q0	170701#1	1
1690	Q0	787#0	1
1690	Q0	787#11	0
1690	Q0	1570#0	0
1690	Q0	1580#0	0
1690	Q0	39390#6	0
1690	Q0	1549#0	0
1690	Q0	1585#0	0
1690	Q0	5300#3	0
1690	Q0	3785#0	0
1691	Q0	4612#0	1
1691	Q0	13256#0	1
1691	Q0	53747#0	1
1691	Q0	53750#1	0
1691	Q0	53749#1	0
1691	Q0	32741#1	0
1691	Q0	13256#15	0
1691	Q0	49946#17	0
1691	Q0	33988#12	0
1691	Q0	32280#17	0
1692	Q0	15760#0	1
1692	Q0	36771#0	0
1692	Q0	15760#8	0
1692	Q0	57156#2	0
1692	Q0	49817#11	0
1692	Q0	35219#19	0
1692	Q0	38149#14	0
1692	Q0	50488#1	0
1692	Q0	51706#20	0
1692	Q0	32619#13	0
1693	Q0	35675#0	1
1693	Q0	35675#6	1
1693	Q0	35675#8	0
1693	Q0	39196#15	0
1693	Q0	35675#4	0
1693	Q0	35675#7	0
1693	Q0	35675#39	0
1693	Q0	39196#5	0
1693	Q0	35675#45	0
1695	Q0	104585#0	1
1695	Q0	48742#0	0
1695	Q0	48472#0	0
1695	Q0	48599#0	0
1695	Q0	48600#0	0
1695	Q0	1591#0	0
1695	Q0	48602#0	0
1695	Q0	104585#39	0
1695	Q0	31410#4	0
1695	Q0	31410#0	0
1696	Q0	24821#0	1
1696	Q0	32121#17	0
1696	Q0	32234#22	0
1696	Q0	18728#3	0
1696	Q0	49836#8	0
1696	Q0	33816#1	0
1696	Q0	32198#13	0
1698	Q0	25694#17	1
1698	Q0	25694#0	1
1698	Q0	52308#5	0
1698	Q0	33952#11	0
1698	Q0	26747#1	0
1698	Q0	51715#16	0
1698	Q0	34276#12	0
1698	Q0	33649#1	0
1698	Q0	34242#17	0
1698	Q0	37872#0	0
1700	Q0	141476#0	1
1700	Q0	39106#0	0
1700	Q0	2502#2	0
1700	Q0	2514#1	0
1700	Q0	39298#3	0
1700	Q0	54592#1	0
1700	Q0	40860#9	0
1700	Q0	6476#1	0
1700	Q0	46924#8	0
1700	Q0	2518#1	0
1701	Q0	102875#7	1
1701	Q0	55328#3	1
1701	Q0	1473#12	0
1701	Q0	3451#7	0
1701	Q0	1145#22	0
1701	Q0	55328#2	0
1701	Q0	55655#0	0
1701	Q0	55328#0	0
1701	Q0	2412#6	0
1701	Q0	40326#3	0
1701	Q0	1193#1	0
1702	Q0	37354#4	1
1702	Q0	6550#3	0
1702	Q0	1359#18	0
1702	Q0	31952#8	0
1702	Q0	5527#5	0
1702	Q0	52577#10	0
1702	Q0	4492#10	0
1702	Q0	37354#8	0
1702	Q0	38035#5	0
1703	Q0	22840#1	1
1703	Q0	26734#12	0
1703	Q0	52244#12	0
1703	Q0	34161#16	0
1703	Q0	32307#13	0
1703	Q0	26805#10	0
1703	Q0	32632#9	0
1703	Q0	34272#11	0
1703	Q0	32398#12	0
1703	Q0	32633#6	0
1707	Q0	105923#1	1
1707	Q0	105923#24	1
1707	Q0	105923#23	1
1707	Q0	105923#28	0
1707	Q0	105923#0	0
1707	Q0	105923#21	0
1707	Q0	10729#0	0
1707	Q0	12383#0	0
1707	Q0	11762#0	0
1707	Q0	105923#25	0
1707	Q0	11061#0	0
1708	Q0	225221#0	1
1708	Q0	5897#10	0
1708	Q0	33978#24	0
1708	Q0	55161#20	0
1708	Q0	38675#10	0
1708	Q0	39196#22	0
1708	Q0	26707#2	0
1708	Q0	54657#9	0
1708	Q0	5897#2	0
1708	Q0	12778#1	0
1710	Q0	106427#1	1
1710	Q0	106427#0	0
1710	Q0	35890#0	0
1710	Q0	34616#2	0
1710	Q0	35788#5	0
1710	Q0	39298#3	0
1710	Q0	863#1	0
1710	Q0	1848#3	0
1710	Q0	11964#2	0
1710	Q0	106427#10	0
1713	Q0	52101#0	1
1713	Q0	1685#3	0
1713	Q0	26977#5	0
1713	Q0	27096#1	0
1713	Q0	47882#2	0
1713	Q0	32421#11	0
1713	Q0	26862#4	0
1713	Q0	32378#19	0
1713	Q0	9176#4	0
1715	Q0	10785#0	1
1715	Q0	38782#4	0
1715	Q0	38782#5	0
1715	Q0	39623#0	0
1715	Q0	3834#0	0
1715	Q0	3427#2	0
1715	Q0	12778#0	0
1715	Q0	10759#0	0
1715	Q0	10827#1	0
1715	Q0	10726#1	0
1719	Q0	101575#15	1
1719	Q0	101575#9	1
1719	Q0	101575#0	1
1719	Q0	101575#1	0
1719	Q0	101575#14	0
1719	Q0	101575#19	0
1719	Q0	101575#11	0
1719	Q0	13188#1	0
1719	Q0	31247#0	0
1719	Q0	13318#0	0
1720	Q0	15920#0	1
1720	Q0	49736#13	0
1720	Q0	27100#1	0
1720	Q0	1794#18	0
1720	Q0	32198#13	0
1720	Q0	49727#13	0
1720	Q0	1540#18	0
1720	Q0	53767#18	0
1720	Q0	26523#0	0
1720	Q0	52413#10	0
1720	Q0	32234#22	0
1721	Q0	24739#0	1
1721	Q0	32207#12	0
1721	Q0	37047#16	0
1721	Q0	32503#19	0
1721	Q0	37028#14	0
1721	Q0	21191#1	0
1721	Q0	52244#12	0
1721	Q0	18924#1	0
1721	Q0	49757#2	0
1721	Q0	18942#1	0
1722	Q0	57929#0	1
1722	Q0	16117#1	0
1722	Q0	19622#2	0
1722	Q0	53664#2	0
1722	Q0	15139#1	0
1722	Q0	8238#2	0
1722	Q0	22637#0	0
1722	Q0	19604#1	0
1722	Q0	23119#0	0
1722	Q0	20651#1	0
1723	Q0	22043#0	1
1723	Q0	16559#0	0
1723	Q0	49721#0	0
1723	Q0	36534#0	0
1723	Q0	16917#0	0
1723	Q0	49889#2	0
1723	Q0	21580#0	0
1723	Q0	16084#0	0
1723	Q0	53767#0	0
1723	Q0	32548#5	0
1724	Q0	111068#1	1
1724	Q0	111068#0	1
1724	Q0	2517#1	0
1724	Q0	40110#1	0
1724	Q0	2517#0	0
1724	Q0	24030#12	0
1724	Q0	111068#17	0
1724	Q0	7797#1	0
1724	Q0	7018#1	0
1724	Q0	5893#1	0
1725	Q0	65198#16	1
1725	Q0	65198#11	0
1725	Q0	65198#21	0
1725	Q0	11678#0	0
1725	Q0	65198#20	0
1725	Q0	45309#9	0
1725	Q0	35084#3	0
1725	Q0	40991#2	0
1725	Q0	40368#155	0
1725	Q0	47505#3	0
1725	Q0	45309#29	0
1727	Q0	138798#0	1
1727	Q0	7797#1	0
1727	Q0	54969#1	0
1727	Q0	5893#1	0
1727	Q0	2475#1	0
1727	Q0	41404#2	0
1727	Q0	5348#1	0
1727	Q0	9457#1	0
1727	Q0	5896#1	0
1728	Q0	24962#0	1
1728	Q0	50573#0	0
1728	Q0	54217#0	0
1728	Q0	33589#1	0
1728	Q0	9373#4	0
1728	Q0	54218#1	0
1728	Q0	54215#1	0
1728	Q0	17028#1	0
1728	Q0	36729#0	0
1728	Q0	50589#1	0
1729	Q0	79578#0	1
1729	Q0	2517#10	0
1729	Q0	47505#8	0
1729	Q0	84671#5	0
1729	Q0	4531#11	0
1729	Q0	39199#18	0
1729	Q0	5756#6	0
1729	Q0	37267#7	0
1729	Q0	853#4	0
1729	Q0	38300#11	0
1729	Q0	38441#6	0
1730	Q0	21771#0	1
1730	Q0	49504#2	0
1730	Q0	53739#96	0
1730	Q0	26977#5	0
1730	Q0	49679#1	0
1730	Q0	37153#15	0
1730	Q0	37043#14	0
1730	Q0	49453#18	0
1730	Q0	53707#20	0
1730	Q0	53706#1	0
1730	Q0	32387#11	0
1731	Q0	24525#0	1
1731	Q0	17269#0	0
1731	Q0	9798#0	0
1731	Q0	34309#0	0
1731	Q0	16832#0	0
1731	Q0	16636#1	0
1731	Q0	16975#0	0
1731	Q0	50923#0	0
1731	Q0	21411#0	0
1731	Q0	52901#0	0
1732	Q0	107357#1	1
1732	Q0	107357#0	1
1732	Q0	107357#3	0
1732	Q0	39107#0	0
1732	Q0	107357#6	0
1732	Q0	40524#2	0
1732	Q0	39106#0	0
1732	Q0	54592#1	0
1732	Q0	2514#1	0
1732	Q0	39959#1	0
1733	Q0	171728#1	1
1733	Q0	5891#1	0
1733	Q0	10523#1	0
1733	Q0	9462#1	0
1733	Q0	34612#1	0
1733	Q0	5348#1	0
1733	Q0	37976#4	0
1733	Q0	54608#1	0
1733	Q0	39944#1	0
1733	Q0	34159#16	0
1734	Q0	23045#0	1
1734	Q0	32640#19	0
1734	Q0	32407#12	0
1734	Q0	35219#19	0
1734	Q0	32393#11	0
1734	Q0	32641#16	0
1734	Q0	31515#24	0
1734	Q0	32316#7	0
1734	Q0	36057#5	0
1734	Q0	32268#16	0
1735	Q0	48476#6	1
1735	Q0	47327#59	0
1735	Q0	48476#0	0
1735	Q0	48476#4	0
1735	Q0	48476#16	0
1735	Q0	48476#14	0
1735	Q0	48476#8	0
1735	Q0	47327#31	0
1735	Q0	48476#9	0
1735	Q0	41157#52	0
1736	Q0	26689#0	1
1736	Q0	26689#15	0
1736	Q0	51712#6	0
1736	Q0	51209#19	0
1736	Q0	26688#17	0
1736	Q0	52308#5	0
1736	Q0	32044#18	0
1736	Q0	22072#4	0
1736	Q0	26689#6	0
1736	Q0	19749#1	0
1737	Q0	236447#1	1
1737	Q0	56823#1	0
1737	Q0	56830#1	0
1737	Q0	8504#1	0
1737	Q0	51363#1	0
1737	Q0	14624#2	0
1737	Q0	56828#1	0
1737	Q0	56827#1	0
1737	Q0	26865#14	0
1737	Q0	37778#0	0
1739	Q0	38035#2	1
1739	Q0	33801#16	1
1739	Q0	38035#3	0
1739	Q0	12289#1	0
1739	Q0	39726#5	0
1739	Q0	875#17	0
1739	Q0	3581#4	0
1739	Q0	875#16	0
1739	Q0	53329#2	0
1739	Q0	39726#6	0
1739	Q0	10993#1	0
1740	Q0	34100#0	1
1740	Q0	34100#13	0
1740	Q0	27105#1	0
1740	Q0	31970#0	0
1740	Q0	31970#12	0
1740	Q0	26751#1	0
1740	Q0	32624#11	0
1740	Q0	26862#4	0
1740	Q0	17512#0	0
1740	Q0	16657#1	0
1741	Q0	65283#0	1
1741	Q0	804#7	0
1741	Q0	55376#7	0
1741	Q0	3451#1	0
1741	Q0	47587#3	0
1741	Q0	40146#0	0
1741	Q0	34672#69	0
1741	Q0	55376#3	0
1741	Q0	55376#6	0
1741	Q0	56538#0	0
1741	Q0	55376#5	0
1742	Q0	61173#0	1
1742	Q0	111509#1	0
1742	Q0	3315#0	0
1742	Q0	61173#2	0
1742	Q0	48219#1	0
1742	Q0	37099#1	0
1742	Q0	1806#3	0
1742	Q0	6553#5	0
1742	Q0	39333#1	0
1742	Q0	36274#4	0
1744	Q0	1355#5	1
1744	Q0	1355#4	0
1744	Q0	1360#29	0
1744	Q0	1570#0	0
1744	Q0	1355#8	0
1744	Q0	16886#0	0
1744	Q0	17228#0	0
1744	Q0	1355#3	0
1744	Q0	24386#0	0
1744	Q0	25773#0	0
1745	Q0	22991#1	1
1745	Q0	21804#0	1
1745	Q0	22991#30	0
1745	Q0	50269#13	0
1745	Q0	48045#12	0
1745	Q0	29095#0	0
1745	Q0	26558#0	0
1745	Q0	26558#18	0
1745	Q0	35219#19	0
1745	Q0	17208#0	0
1746	Q0	29872#0	1
1746	Q0	15986#1	0
1746	Q0	24044#0	0
1746	Q0	54771#1	0
1746	Q0	29802#0	0
1746	Q0	36759#0	0
1746	Q0	29734#0	0
1746	Q0	52829#0	0
1746	Q0	47939#3	0
1746	Q0	24045#0	0
1747	Q0	1532#28	1
1747	Q0	1532#45	0
1747	Q0	1532#4	0
1747	Q0	1532#73	0
1747	Q0	1532#0	0
1747	Q0	1532#8	0
1747	Q0	1532#71	0
1747	Q0	1532#29	0
1747	Q0	1532#11	0
1747	Q0	1532#17	0
1748	Q0	209970#3	1
1748	Q0	40200#0	0
1748	Q0	5868#1	0
1748	Q0	6108#0	0
1748	Q0	41047#1	0
1748	Q0	6971#1	0
1748	Q0	209970#0	0
1748	Q0	39192#1	0
1748	Q0	9783#1	0
1748	Q0	2495#1	0
1749	Q0	30193#0	1
1749	Q0	57156#2	0
1749	Q0	30193#4	0
1749	Q0	30193#5	0
1749	Q0	16622#1	0
1749	Q0	32309#17	0
1749	Q0	31044#1	0
1749	Q0	41304#11	0
1749	Q0	32634#11	0
1749	Q0	26401#18	0
1750	Q0	140598#0	1
1750	Q0	47611#3	0
1750	Q0	9457#1	0
1750	Q0	5897#2	0
1750	Q0	39249#1	0
1750	Q0	31880#1	0
1750	Q0	1396#0	0
1750	Q0	6108#0	0
1750	Q0	7018#1	0
1750	Q0	7797#1	0
1750	Q0	5893#1	0
1751	Q0	34392#0	1
1751	Q0	17401#0	0
1751	Q0	34392#7	0
1751	Q0	51911#1	0
1751	Q0	17404#0	0
1751	Q0	26444#0	0
1751	Q0	34392#2	0
1751	Q0	51875#0	0
1751	Q0	8603#1	0
1751	Q0	48629#0	0
1753	Q0	1870#0	1
1753	Q0	1870#1	0
1753	Q0	1867#1	0
1753	Q0	56375#4	0
1753	Q0	1871#3	0
1753	Q0	3730#3	0
1753	Q0	56375#18	0
1753	Q0	3384#24	0
1753	Q0	1870#2	0
1753	Q0	8210#13	0
1755	Q0	3581#4	1
1755	Q0	875#17	0
1755	Q0	39726#5	0
1755	Q0	3613#6	0
1755	Q0	3581#2	0
1755	Q0	38035#3	0
1755	Q0	53329#2	0
1755	Q0	54846#10	0
1755	Q0	3581#31	0
1755	Q0	12593#1	0
1756	Q0	28449#0	1
1756	Q0	26751#1	0
1756	Q0	26510#12	0
1756	Q0	32691#16	0
1756	Q0	26982#7	0
1756	Q0	26413#11	0
1756	Q0	41385#7	0
1756	Q0	32356#2	0
1756	Q0	36274#14	0
1756	Q0	22453#13	0
1756	Q0	50254#11	0
1757	Q0	103322#3	1
1757	Q0	103322#0	0
1757	Q0	1181#2	0
1757	Q0	40110#1	0
1757	Q0	34894#14	0
1757	Q0	34756#0	0
1757	Q0	39298#3	0
1757	Q0	34852#1	0
1757	Q0	40140#1	0
1757	Q0	40995#2	0
1758	Q0	2355#0	1
1758	Q0	787#10	0
1758	Q0	6984#6	0
1758	Q0	35675#5	0
1758	Q0	6984#2	0
1758	Q0	40394#6	0
1758	Q0	35676#0	0
1758	Q0	39616#2	0
1758	Q0	40394#2	0
1758	Q0	39192#5	0
1759	Q0	41112#1	1
1759	Q0	41112#2	0
1759	Q0	53911#1	0
1759	Q0	55376#4	0
1759	Q0	53911#8	0
1759	Q0	112334#48	0
1759	Q0	41112#7	0
1759	Q0	112334#1	0
1759	Q0	112334#58	0
1759	Q0	41112#10	0
1761	Q0	32225#0	1
1763	Q0	253071#0	1
1763	Q0	7828#0	0
1763	Q0	47505#3	0
1763	Q0	9773#7	0
1763	Q0	5996#6	0
1763	Q0	39058#7	0
1763	Q0	83909#8	0
1763	Q0	13823#3	0
1763	Q0	38444#15	0
1763	Q0	45289#0	0
1764	Q0	10397#0	1
1764	Q0	10397#1	0
1764	Q0	16400#0	0
1764	Q0	10395#1	0
1764	Q0	11432#0	0
1764	Q0	10822#0	0
1764	Q0	38223#0	0
1764	Q0	10678#0	0
1764	Q0	10673#0	0
1764	Q0	11678#0	0
1765	Q0	60294#12	1
1765	Q0	60290#0	1
1765	Q0	2416#2	0
1765	Q0	1574#1	0
1765	Q0	1580#4	0
1765	Q0	60294#0	0
1765	Q0	1573#2	0
1765	Q0	1580#1	0
1765	Q0	7662#7	0
1765	Q0	26375#8	0
1765	Q0	1580#0	0
1766	Q0	111127#0	1
1766	Q0	111127#5	1
1766	Q0	111127#7	0
1766	Q0	111127#67	0
1766	Q0	111127#73	0
1766	Q0	111127#8	0
1766	Q0	111127#33	0
1766	Q0	111127#68	0
1766	Q0	2495#1	0
1766	Q0	40037#0	0
1767	Q0	130073#1	1
1767	Q0	34672#46	1
1767	Q0	34672#53	0
1767	Q0	3195#22	0
1767	Q0	13841#3	0
1767	Q0	49577#1	0
1767	Q0	49574#4	0
1767	Q0	7448#0	0
1767	Q0	49577#3	0
1767	Q0	34672#55	0
1767	Q0	1775#5	0
1768	Q0	78478#1	1
1768	Q0	35675#5	1
1768	Q0	35675#6	1
1768	Q0	35675#0	1
1768	Q0	39196#15	0
1768	Q0	35675#4	0
1768	Q0	35675#8	0
1768	Q0	39616#2	0
1768	Q0	39192#13	0
1768	Q0	35675#7	0
1768	Q0	39196#5	0
1769	Q0	111469#1	1
1769	Q0	111469#0	0
1769	Q0	5457#33	0
1769	Q0	34852#1	0
1769	Q0	48710#1	0
1769	Q0	34616#2	0
1769	Q0	54592#1	0
1769	Q0	2468#1	0
1769	Q0	35890#0	0
1769	Q0	111469#6	0
1771	Q0	64588#0	1
1771	Q0	4618#12	0
1771	Q0	39944#1	0
1771	Q0	34145#19	0
1771	Q0	9783#1	0
1771	Q0	5498#1	0
1771	Q0	53195#1	0
1771	Q0	6960#1	0
1771	Q0	7027#1	0
1771	Q0	32407#11	0
1774	Q0	50034#0	1
1774	Q0	50033#0	1
1774	Q0	50032#0	1
1774	Q0	50034#4	0
1774	Q0	50033#11	0
1774	Q0	32709#6	0
1774	Q0	34415#14	0
1774	Q0	32280#17	0
1774	Q0	5915#17	0
1774	Q0	53739#96	0
1775	Q0	32122#0	1
1775	Q0	32358#10	0
1775	Q0	26977#5	0
1775	Q0	32387#11	0
1775	Q0	32122#6	0
1775	Q0	49679#1	0
1775	Q0	32640#19	0
1775	Q0	53706#1	0
1775	Q0	33988#12	0
1775	Q0	48310#13	0
1776	Q0	23684#1	1
1776	Q0	23684#14	0
1776	Q0	23684#19	0
1776	Q0	31974#0	0
1776	Q0	28646#0	0
1776	Q0	48217#1	0
1776	Q0	24618#0	0
1776	Q0	24457#0	0
1776	Q0	18472#1	0
1776	Q0	23684#8	0
1779	Q0	41383#0	1
1779	Q0	41385#7	0
1779	Q0	32214#19	0
1779	Q0	34041#17	0
1779	Q0	51209#19	0
1779	Q0	26982#7	0
1779	Q0	51000#20	0
1779	Q0	32547#8	0
1779	Q0	37026#11	0
1779	Q0	34080#15	0
1780	Q0	5719#0	1
1780	Q0	34141#1	0
1780	Q0	34144#0	0
1780	Q0	34141#0	0
1780	Q0	1548#1	0
1780	Q0	34147#0	0
1780	Q0	34143#0	0
1780	Q0	34145#0	0
1780	Q0	34142#0	0
1780	Q0	7397#0	0
1781	Q0	112078#29	1
1781	Q0	112078#0	0
1781	Q0	55328#3	0
1781	Q0	112078#27	0
1781	Q0	112078#64	0
1781	Q0	112078#58	0
1781	Q0	112078#45	0
1781	Q0	112078#24	0
1781	Q0	112078#61	0
1781	Q0	1145#22	0
1782	Q0	22189#0	1
1782	Q0	22189#4	0
1782	Q0	16681#0	0
1782	Q0	21850#0	0
1782	Q0	49588#0	0
1782	Q0	34415#0	0
1782	Q0	49596#0	0
1782	Q0	16017#1	0
1782	Q0	26931#1	0
1782	Q0	32886#1	0
1784	Q0	11577#0	1
1784	Q0	2938#26	1
1784	Q0	11373#7	0
1784	Q0	11373#0	0
1784	Q0	31324#3	0
1784	Q0	40463#1	0
1784	Q0	53326#16	0
1784	Q0	38203#15	0
1784	Q0	54918#16	0
1784	Q0	7804#1	0
1784	Q0	11566#11	0
1785	Q0	21740#0	1
1785	Q0	53707#20	0
1785	Q0	26665#6	0
1785	Q0	49504#2	0
1785	Q0	53706#1	0
1785	Q0	22254#0	0
1785	Q0	32282#19	0
1785	Q0	26034#0	0
1785	Q0	34415#14	0
1785	Q0	21392#0	0
1787	Q0	22013#0	1
1787	Q0	52250#1	0
1787	Q0	23422#22	0
1787	Q0	27154#22	0
1787	Q0	27163#3	0
1787	Q0	32321#7	0
1787	Q0	9227#8	0
1787	Q0	4809#20	0
1787	Q0	51245#16	0
1787	Q0	2390#17	0
1788	Q0	227484#0	1
1788	Q0	36853#0	0
1788	Q0	32632#9	0
1788	Q0	32633#6	0
1788	Q0	1507#2	0
1788	Q0	23828#0	0
1788	Q0	52308#5	0
1788	Q0	22798#1	0
1788	Q0	32641#16	0
1788	Q0	40896#9	0
1788	Q0	32505#21	0
1789	Q0	786#7	1
1789	Q0	1306#0	0
1789	Q0	1306#4	0
1789	Q0	2391#7	0
1789	Q0	1306#9	0
1789	Q0	1392#5	0
1789	Q0	1306#3	0
1789	Q0	1306#21	0
1789	Q0	1306#16	0
1789	Q0	1306#13	0
1789	Q0	1392#25	0
1790	Q0	27393#0	1
1790	Q0	27393#3	1
1790	Q0	27393#6	1
1790	Q0	254150#0	1
1790	Q0	27393#4	0
1790	Q0	27393#7	0
1790	Q0	829#0	0
1790	Q0	1294#28	0
1790	Q0	10524#3	0
1790	Q0	39390#18	0
1792	Q0	7752#2	1
1792	Q0	1391#9	0
1792	Q0	32255#9	0
1792	Q0	1391#8	0
1792	Q0	1393#13	0
1792	Q0	7752#0	0
1792	Q0	8494#0	0
1792	Q0	7752#9	0
1792	Q0	7752#6	0
1792	Q0	2432#1	0
1793	Q0	75218#1	1
1793	Q0	1182#1	0
1793	Q0	5871#1	0
1793	Q0	39021#1	0
1793	Q0	38300#1	0
1793	Q0	4929#1	0
1793	Q0	4531#1	0
1793	Q0	38782#1	0
1793	Q0	75218#0	0
1793	Q0	13763#1	0
1795	Q0	103321#9	1
1795	Q0	53283#95	0
1795	Q0	2475#8	0
1795	Q0	6111#3	0
1795	Q0	38812#5	0
1795	Q0	1133#6	0
1795	Q0	13264#0	0
1795	Q0	35602#4	0
1795	Q0	100042#12	0
1795	Q0	10865#0	0
1795	Q0	13049#0	0
1796	Q0	1874#0	1
1796	Q0	1874#1	1
1796	Q0	6090#2	0
1796	Q0	1256#0	0
1796	Q0	875#11	0
1796	Q0	2560#1	0
1796	Q0	1874#4	0
1796	Q0	56141#0	0
1796	Q0	38605#0	0
1797	Q0	111543#1	1
1797	Q0	40524#2	0
1797	Q0	40206#0	0
1797	Q0	34114#26	0
1797	Q0	6790#4	0
1797	Q0	9783#1	0
1797	Q0	24210#1	0
1797	Q0	40524#0	0
1797	Q0	6108#0	0
1797	Q0	6971#1	0
1800	Q0	81942#2	1
1800	Q0	34672#11	0
1800	Q0	34672#13	0
1800	Q0	37829#4	0
1800	Q0	53138#8	0
1800	Q0	34672#39	0
1800	Q0	76725#1	0
1800	Q0	71780#1	0
1800	Q0	11807#4	0
1800	Q0	34672#50	0
1800	Q0	34672#34	0
1802	Q0	268682#1	1
1802	Q0	1393#19	0
1802	Q0	49007#2	0
1802	Q0	19449#2	0
1802	Q0	51365#2	0
1802	Q0	19439#0	0
1802	Q0	19448#2	0
1802	Q0	18824#2	0
1802	Q0	1685#3	0
1802	Q0	19487#3	0
1803	Q0	84559#0	1
1803	Q0	53283#31	0
1803	Q0	47160#27	0
1803	Q0	1764#11	0
1803	Q0	47327#22	0
1803	Q0	84559#21	0
1803	Q0	1529#1	0
1803	Q0	47160#29	0
1803	Q0	34669#6	0
1803	Q0	35677#26	0
1804	Q0	1393#11	1
1804	Q0	1393#9	0
1804	Q0	1393#18	0
1804	Q0	1393#13	0
1804	Q0	1393#23	0
1804	Q0	19641#1	0
1804	Q0	2680#0	0
1804	Q0	1393#20	0
1804	Q0	1393#19	0
1804	Q0	1393#6	0
1805	Q0	50688#0	1
1805	Q0	150970#0	1
1805	Q0	1824#0	0
1805	Q0	29966#0	0
1805	Q0	21413#0	0
1805	Q0	21413#5	0
1805	Q0	36178#7	0
1805	Q0	9255#0	0
1805	Q0	47945#5	0
1805	Q0	21589#0	0
1806	Q0	9380#3	1
1806	Q0	30363#0	1
1806	Q0	37763#0	0
1806	Q0	27121#1	0
1806	Q0	26983#9	0
1806	Q0	20778#1	0
1806	Q0	53662#3	0
1806	Q0	25656#2	0
1806	Q0	26601#0	0
1806	Q0	20758#0	0
1807	Q0	864#0	1
1807	Q0	864#11	0
1807	Q0	7804#1	0
1807	Q0	10563#2	0
1807	Q0	66000#6	0
1807	Q0	869#12	0
1807	Q0	869#5	0
1807	Q0	875#8	0
1807	Q0	2938#9	0
1807	Q0	3086#5	0
1807	Q0	865#3	0
1808	Q0	76331#1	1
1808	Q0	76331#3	0
1808	Q0	24030#9	0
1808	Q0	40368#100	0
1808	Q0	1598#14	0
1808	Q0	34090#19	0
1808	Q0	11820#35	0
1808	Q0	1504#7	0
1808	Q0	76331#8	0
1808	Q0	112304#10	0
1809	Q0	111271#0	1
1809	Q0	111271#15	0
1809	Q0	111271#8	0
1809	Q0	4531#24	0
1809	Q0	56106#34	0
1809	Q0	111271#11	0
1809	Q0	7543#10	0
1809	Q0	111271#10	0
1809	Q0	6475#6	0
1809	Q0	5871#7	0
1810	Q0	194026#3	1
1810	Q0	1909#2	0
1810	Q0	37465#11	0
1810	Q0	55080#13	0
1810	Q0	1909#0	0
1810	Q0	3543#3	0
1810	Q0	193981#0	0
1810	Q0	194027#0	0
1810	Q0	194027#8	0
1810	Q0	37465#14	0
1810	Q0	43757#0	0
1812	Q0	35675#5	1
1812	Q0	35675#6	1
1812	Q0	35675#0	1
1812	Q0	35675#8	0
1812	Q0	39196#15	0
1812	Q0	35675#7	0
1812	Q0	35675#4	0
1812	Q0	35675#45	0
1812	Q0	35675#1	0
1812	Q0	39196#5	0
1813	Q0	148661#0	1
1813	Q0	3418#145	1
1813	Q0	77431#8	1
1813	Q0	164645#1	1
1813	Q0	5935#5	0
1813	Q0	39192#18	0
1813	Q0	1530#11	0
1813	Q0	111372#18	0
1813	Q0	4567#22	0
1813	Q0	7662#8	0
1813	Q0	47438#11	0
1814	Q0	28493#0	1
1814	Q0	19022#1	0
1814	Q0	45238#0	0
1814	Q0	8620#1	0
1814	Q0	32234#22	0
1814	Q0	53706#1	0
1814	Q0	15782#0	0
1814	Q0	15783#0	0
1814	Q0	16997#0	0
1814	Q0	8586#0	0
1815	Q0	34043#0	1
1815	Q0	52413#10	0
1815	Q0	37076#13	0
1815	Q0	32307#13	0
1815	Q0	50082#9	0
1815	Q0	34080#15	0
1815	Q0	26707#3	0
1815	Q0	50227#16	0
1815	Q0	40670#14	0
1815	Q0	32683#0	0
1816	Q0	9520#0	1
1816	Q0	9520#22	0
1816	Q0	9520#2	0
1816	Q0	9520#19	0
1816	Q0	9520#18	0
1816	Q0	9520#1	0
1816	Q0	9520#7	0
1816	Q0	9520#3	0
1816	Q0	26840#10	0
1816	Q0	2402#0	0
1819	Q0	99342#3	1
1819	Q0	40147#4	0
1819	Q0	38981#17	0
1819	Q0	12272#2	0
1819	Q0	6122#1	0
1819	Q0	39726#1	0
1819	Q0	99342#0	0
1819	Q0	41411#1	0
1819	Q0	12412#1	0
1819	Q0	99342#21	0
1822	Q0	256281#0	1
1822	Q0	23955#0	0
1822	Q0	23955#5	0
1822	Q0	1397#17	0
1822	Q0	1555#14	0
1822	Q0	1685#24	0
1822	Q0	2521#3	0
1822	Q0	5893#0	0
1822	Q0	5894#0	0
1822	Q0	1555#15	0
1823	Q0	1570#0	1
1823	Q0	1511#0	1
1823	Q0	1511#2	0
1823	Q0	787#11	0
1823	Q0	1511#14	0
1823	Q0	36764#0	0
1823	Q0	1685#2	0
1823	Q0	6311#4	0
1823	Q0	1360#29	0
1823	Q0	787#1	0
1825	Q0	1374#0	1
1825	Q0	53005#0	0
1825	Q0	1374#1	0
1825	Q0	6475#0	0
1825	Q0	1374#9	0
1825	Q0	35718#6	0
1825	Q0	54545#0	0
1825	Q0	7042#0	0
1825	Q0	1301#0	0
1828	Q0	210086#0	1
1828	Q0	54592#1	0
1828	Q0	41404#2	0
1828	Q0	9783#1	0
1828	Q0	35210#2	0
1828	Q0	9108#1	0
1828	Q0	40110#1	0
1828	Q0	31880#1	0
1828	Q0	40136#1	0
1828	Q0	2468#1	0
1829	Q0	33668#1	1
1829	Q0	33668#10	0
1829	Q0	21390#1	0
1829	Q0	17810#1	0
1829	Q0	15554#0	0
1829	Q0	30380#0	0
1829	Q0	21848#0	0
1829	Q0	48350#0	0
1829	Q0	24919#0	0
1829	Q0	1814#0	0
1832	Q0	127357#0	1
1832	Q0	6275#0	0
1832	Q0	38444#3	0
1832	Q0	6111#3	0
1832	Q0	11289#0	0
1832	Q0	11283#0	0
1832	Q0	127357#1	0
1832	Q0	24599#2	0
1832	Q0	16379#19	0
1832	Q0	13264#0	0
1833	Q0	33697#2	1
1833	Q0	22631#0	0
1833	Q0	51232#9	0
1833	Q0	51883#5	0
1833	Q0	47667#0	0
1833	Q0	24811#0	0
1833	Q0	47675#0	0
1833	Q0	33697#7	0
1833	Q0	33697#0	0
1833	Q0	24140#0	0
1835	Q0	32232#0	1
1835	Q0	32232#4	0
1835	Q0	38042#17	0
1835	Q0	26807#12	0
1835	Q0	34080#15	0
1835	Q0	51000#20	0
1835	Q0	34041#17	0
1835	Q0	26882#3	0
1835	Q0	26982#7	0
1835	Q0	19743#1	0
1836	Q0	23253#1	1
1836	Q0	21824#0	1
1836	Q0	23253#0	1
1836	Q0	23253#30	0
1836	Q0	27097#1	0
1836	Q0	26977#5	0
1836	Q0	53706#1	0
1836	Q0	34407#12	0
1836	Q0	29403#1	0
1836	Q0	32358#10	0
1836	Q0	39092#27	0
1837	Q0	32853#2	1
1837	Q0	51203#1	0
1837	Q0	39788#0	0
1837	Q0	19145#2	0
1837	Q0	53775#1	0
1837	Q0	15992#0	0
1837	Q0	26628#0	0
1837	Q0	9387#2	0
1837	Q0	13696#1	0
1837	Q0	46972#0	0
1837	Q0	9342#2	0
1838	Q0	17096#0	1
1838	Q0	51267#3	0
1838	Q0	9421#6	0
1838	Q0	48334#1	0
1838	Q0	36822#0	0
1838	Q0	21848#0	0
1838	Q0	52593#2	0
1838	Q0	50814#2	0
1838	Q0	29341#0	0
1838	Q0	50294#4	0
1839	Q0	266393#0	1
1839	Q0	29719#0	0
1839	Q0	29609#0	0
1839	Q0	29721#0	0
1839	Q0	35219#19	0
1839	Q0	17392#2	0
1839	Q0	28970#0	0
1839	Q0	29270#0	0
1839	Q0	26983#9	0
1839	Q0	34407#12	0
1840	Q0	35602#4	1
1840	Q0	35602#3	0
1840	Q0	4929#2	0
1840	Q0	35602#0	0
1840	Q0	38782#2	0
1840	Q0	40995#3	0
1840	Q0	23948#1	0
1840	Q0	40008#2	0
1840	Q0	48194#1	0
1840	Q0	38782#3	0
1840	Q0	41955#2	0
1842	Q0	31815#0	1
1842	Q0	5274#0	1
1842	Q0	5941#0	1
1842	Q0	31815#15	0
1842	Q0	51000#20	0
1842	Q0	32044#18	0
1842	Q0	36059#1	0
1842	Q0	26427#0	0
1842	Q0	21419#0	0
1842	Q0	32008#0	0
1843	Q0	35705#0	1
1843	Q0	13836#2	0
1843	Q0	37898#1	0
1843	Q0	53281#1	0
1843	Q0	31662#4	0
1843	Q0	37737#0	0
1843	Q0	2390#11	0
1843	Q0	30723#2	0
1843	Q0	1196#6	0
1843	Q0	1190#1	0
1844	Q0	32857#1	1
1844	Q0	32387#11	0
1844	Q0	1685#3	0
1844	Q0	32121#17	0
1845	Q0	10470#0	1
1845	Q0	3800#0	0
1845	Q0	3860#0	0
1845	Q0	3427#2	0
1847	Q0	6220#3	1
1847	Q0	55750#2	0
1847	Q0	47147#0	0
1847	Q0	6220#0	0
1847	Q0	56123#2	0
1847	Q0	6220#14	0
1847	Q0	111509#21	0
1847	Q0	7686#8	0
1847	Q0	7676#2	0
1847	Q0	6220#17	0
1848	Q0	51431#0	1
1848	Q0	51430#0	1
1848	Q0	51429#0	1
1848	Q0	51706#20	0
1848	Q0	1393#19	0
1848	Q0	26290#13	0
1848	Q0	52308#5	0
1848	Q0	32632#9	0
1848	Q0	33598#1	0
1848	Q0	26862#4	0
1849	Q0	267710#0	1
1849	Q0	40738#4	0
1849	Q0	267710#9	0
1849	Q0	267710#7	0
1849	Q0	267710#6	0
1849	Q0	267710#4	0
1849	Q0	267710#1	0
1849	Q0	40408#0	0
1849	Q0	38407#15	0
1849	Q0	38822#20	0
1850	Q0	110785#0	1
1850	Q0	110785#16	1
1850	Q0	110785#9	0
1850	Q0	110785#2	0
1850	Q0	110785#22	0
1850	Q0	110785#3	0
1850	Q0	1133#6	0
1850	Q0	1133#8	0
1850	Q0	110785#1	0
1850	Q0	23918#1	0
1850	Q0	56106#34	0
1852	Q0	57638#0	1
1852	Q0	2747#4	0
1852	Q0	84798#11	0
1852	Q0	28630#2	0
1852	Q0	28904#45	0
1852	Q0	41112#2	0
1852	Q0	4880#12	0
1852	Q0	2395#17	0
1852	Q0	41157#54	0
1852	Q0	2412#0	0
1853	Q0	110907#9	1
1853	Q0	55934#1	0
1853	Q0	110907#6	0
1853	Q0	110907#1	0
1853	Q0	6046#31	0
1853	Q0	110907#0	0
1853	Q0	110907#30	0
1853	Q0	1526#5	0
1853	Q0	110907#32	0
1853	Q0	110907#25	0
1854	Q0	231520#0	1
1854	Q0	8726#0	0
1854	Q0	39078#7	0
1854	Q0	47327#75	0
1854	Q0	53152#4	0
1854	Q0	39031#30	0
1854	Q0	45289#0	0
1854	Q0	39031#34	0
1854	Q0	13638#0	0
1854	Q0	40037#0	0
1854	Q0	39031#38	0
1855	Q0	16797#2	1
1855	Q0	16049#1	0
1855	Q0	22715#12	0
1855	Q0	16797#12	0
1855	Q0	26066#1	0
1855	Q0	16766#2	0
1855	Q0	16661#1	0
1855	Q0	15028#0	0
1855	Q0	15973#1	0
1855	Q0	15977#1	0
1856	Q0	241945#1	1
1856	Q0	54608#1	0
1856	Q0	39944#1	0
1856	Q0	9783#1	0
1856	Q0	5395#1	0
1856	Q0	24030#12	0
1856	Q0	34850#2	0
1856	Q0	53195#1	0
1856	Q0	48710#1	0
1856	Q0	37976#4	0
1857	Q0	147649#0	1
1857	Q0	45243#14	0
1857	Q0	5996#6	0
1857	Q0	47505#3	0
1857	Q0	9773#7	0
1857	Q0	38597#7	0
1857	Q0	45243#18	0
1857	Q0	39078#5	0
1857	Q0	48600#57	0
1857	Q0	16379#16	0
1857	Q0	37171#28	0
1858	Q0	102538#0	1
1858	Q0	38782#0	0
1858	Q0	12008#0	0
1858	Q0	11768#1	0
1858	Q0	40524#6	0
1858	Q0	11818#1	0
1858	Q0	27234#1	0
1858	Q0	31741#0	0
1858	Q0	10174#0	0
1858	Q0	6790#8	0
1858	Q0	12882#1	0
1859	Q0	3400#4	1
1859	Q0	3400#9	0
1859	Q0	3400#6	0
1859	Q0	3400#2	0
1859	Q0	3400#8	0
1859	Q0	3400#10	0
1859	Q0	1190#5	0
1859	Q0	35705#2	0
1859	Q0	1190#3	0
1859	Q0	3400#5	0
1860	Q0	1512#0	1
1860	Q0	2409#0	1
1860	Q0	2401#7	0
1860	Q0	1511#4	0
1860	Q0	1589#0	0
1860	Q0	2397#0	0
1860	Q0	2401#0	0
1860	Q0	1512#5	0
1860	Q0	1918#1	0
1860	Q0	2413#1	0
1861	Q0	49759#0	1
1861	Q0	49757#2	0
1861	Q0	49731#0	0
1861	Q0	26819#11	0
1861	Q0	32198#13	0
1861	Q0	37628#20	0
1861	Q0	26641#1	0
1861	Q0	32593#18	0
1861	Q0	50269#13	0
1861	Q0	36201#1	0
1862	Q0	32267#0	1
1862	Q0	32267#13	0
1862	Q0	29403#1	0
1862	Q0	33964#0	0
1862	Q0	47962#0	0
1862	Q0	33461#2	0
1862	Q0	35219#19	0
1862	Q0	26139#1	0
1862	Q0	25881#0	0
1862	Q0	34184#14	0
1863	Q0	16900#1	1
1863	Q0	8620#1	1
1863	Q0	16899#0	0
1863	Q0	16900#0	0
1863	Q0	16771#11	0
1863	Q0	56005#4	0
1863	Q0	54448#10	0
1863	Q0	54047#9	0
1863	Q0	8660#21	0
1863	Q0	25597#10	0
1864	Q0	46918#0	1
1864	Q0	54724#19	0
1864	Q0	46918#40	0
1864	Q0	46918#5	0
1864	Q0	46918#23	0
1864	Q0	46918#1	0
1864	Q0	54724#15	0
1864	Q0	34525#7	0
1864	Q0	46918#44	0
1864	Q0	1762#24	0
1865	Q0	1874#1	1
1865	Q0	1874#0	1
1865	Q0	38605#0	0
1865	Q0	1256#0	0
1865	Q0	786#13	0
1865	Q0	6090#2	0
1865	Q0	2629#0	0
1865	Q0	31976#17	0
1865	Q0	1708#1	0
1865	Q0	1142#6	0
1866	Q0	99985#1	1
1866	Q0	40368#86	0
1866	Q0	40368#151	0
1866	Q0	40368#38	0
1866	Q0	40368#84	0
1866	Q0	40368#68	0
1866	Q0	40140#2	0
1866	Q0	1684#79	0
1866	Q0	40368#100	0
1866	Q0	40368#27	0
1866	Q0	6046#9	0
1867	Q0	1557#7	1
1867	Q0	1562#2	0
1867	Q0	1562#0	0
1867	Q0	27393#3	0
1867	Q0	1535#2	0
1867	Q0	40381#1	0
1867	Q0	31396#31	0
1867	Q0	1535#27	0
1867	Q0	1892#0	0
1867	Q0	104558#5	0
1868	Q0	4631#0	1
1868	Q0	48578#0	1
1868	Q0	48572#0	1
1868	Q0	48576#0	1
1868	Q0	48579#0	1
1868	Q0	39898#0	0
1868	Q0	18767#0	0
1868	Q0	47934#0	0
1868	Q0	26705#1	0
1868	Q0	48576#4	0
1869	Q0	219489#0	1
1869	Q0	5921#7	0
1869	Q0	5666#5	0
1869	Q0	53252#6	0
1869	Q0	8481#2	0
1869	Q0	1817#16	0
1869	Q0	32354#12	0
1869	Q0	3894#22	0
1869	Q0	34233#22	0
1869	Q0	1306#10	0
1870	Q0	75542#16	1
1870	Q0	48476#4	0
1870	Q0	1685#3	0
1870	Q0	9227#5	0
1870	Q0	7551#1	0
1870	Q0	41157#52	0
1870	Q0	1395#13	0
1870	Q0	26375#16	0
1870	Q0	26375#0	0
1870	Q0	1395#22	0
1873	Q0	59817#0	1
1873	Q0	10560#2	1
1873	Q0	12272#2	0
1873	Q0	3581#4	0
1873	Q0	12845#1	0
1873	Q0	4567#1	0
1873	Q0	10625#0	0
1873	Q0	5871#1	0
1873	Q0	7060#1	0
1873	Q0	13414#1	0
1873	Q0	55818#7	0
1875	Q0	35084#1	1
1875	Q0	35084#3	0
1875	Q0	35084#0	0
1875	Q0	35084#7	0
1875	Q0	35084#20	0
1875	Q0	35084#5	0
1875	Q0	35084#9	0
1875	Q0	35084#2	0
1875	Q0	23948#0	0
1875	Q0	13815#0	0
1876	Q0	15107#1	1
1876	Q0	51706#20	0
1876	Q0	32632#9	0
1876	Q0	51533#1	0
1876	Q0	51534#3	0
1876	Q0	51531#1	0
1876	Q0	51523#12	0
1876	Q0	51532#1	0
1876	Q0	57156#2	0
1876	Q0	52244#12	0
1876	Q0	54433#1	0
1877	Q0	104476#6	1
1877	Q0	11011#1	0
1877	Q0	2512#12	0
1877	Q0	13260#32	0
1877	Q0	29741#2	0
1877	Q0	37275#6	0
1877	Q0	1585#5	0
1877	Q0	48440#3	0
1877	Q0	39058#7	0
1877	Q0	47236#6	0
1878	Q0	29767#0	1
1878	Q0	50222#11	0
1878	Q0	19532#8	0
1878	Q0	25597#10	0
1878	Q0	18716#1	0
1878	Q0	1782#12	0
1878	Q0	25325#12	0
1878	Q0	26761#17	0
1878	Q0	22939#2	0
1878	Q0	23422#23	0
1879	Q0	107013#2	1
1879	Q0	31396#34	0
1879	Q0	35890#3	0
1879	Q0	47587#11	0
1879	Q0	5740#3	0
1879	Q0	45309#29	0
1879	Q0	2469#15	0
1879	Q0	48440#2	0
1879	Q0	48440#3	0
1879	Q0	54561#5	0
1879	Q0	47160#25	0
1880	Q0	94408#5	1
1880	Q0	40368#148	0
1880	Q0	40368#5	0
1880	Q0	33995#4	0
1880	Q0	12272#2	0
1880	Q0	54657#9	0
1880	Q0	40743#4	0
1880	Q0	40368#7	0
1880	Q0	41411#1	0
1880	Q0	34120#22	0
1880	Q0	33979#18	0
1881	Q0	6984#0	1
1881	Q0	4509#5	1
1881	Q0	4243#0	1
1881	Q0	4247#1	0
1881	Q0	4509#23	0
1881	Q0	1487#16	0
1881	Q0	1487#31	0
1881	Q0	4432#3	0
1881	Q0	1487#19	0
1881	Q0	1487#17	0
1882	Q0	21462#0	1
1882	Q0	32641#16	0
1882	Q0	26747#1	0
1882	Q0	32633#6	0
1882	Q0	52308#5	0
1882	Q0	51706#20	0
1882	Q0	32640#19	0
1882	Q0	32632#9	0
1882	Q0	33952#11	0
1882	Q0	52244#12	0
1882	Q0	26983#9	0
1883	Q0	1512#0	1
1883	Q0	1512#4	0
1883	Q0	787#11	0
1883	Q0	1591#0	0
1883	Q0	3894#0	0
1883	Q0	3418#15	0
1883	Q0	53324#3	0
1883	Q0	41157#0	0
1883	Q0	3894#32	0
1883	Q0	53312#0	0
1884	Q0	27393#1	1
1884	Q0	27393#3	1
1884	Q0	2469#14	0
1884	Q0	27393#0	0
1884	Q0	38939#0	0
1884	Q0	27393#6	0
1884	Q0	1294#28	0
1884	Q0	47327#55	0
1884	Q0	1403#0	0
1884	Q0	1535#2	0
1885	Q0	17236#0	1
1885	Q0	17236#6	0
1885	Q0	41385#7	0
1885	Q0	26751#1	0
1885	Q0	51209#19	0
1885	Q0	32547#8	0
1885	Q0	26982#7	0
1885	Q0	26575#8	0
1885	Q0	8620#1	0
1885	Q0	26983#9	0
1886	Q0	6468#4	1
1886	Q0	6468#6	1
1886	Q0	6468#1	0
1886	Q0	6468#0	0
1886	Q0	6468#9	0
1886	Q0	3489#28	0
1886	Q0	3083#1	0
1886	Q0	3489#18	0
1886	Q0	139754#0	0
1886	Q0	33966#2	0
1887	Q0	26952#0	1
1887	Q0	37047#16	0
1887	Q0	26952#19	0
1887	Q0	52244#12	0
1887	Q0	26983#9	0
1887	Q0	49088#11	0
1887	Q0	32207#12	0
1887	Q0	57156#2	0
1887	Q0	32503#19	0
1887	Q0	18942#1	0
1888	Q0	153240#0	1
1888	Q0	9820#0	0
1888	Q0	40967#15	0
1888	Q0	7916#0	0
1888	Q0	5373#50	0
1888	Q0	39058#0	0
1888	Q0	27154#24	0
1888	Q0	32635#5	0
1888	Q0	160044#0	0
1888	Q0	48345#1	0
1889	Q0	45240#1	1
1889	Q0	45240#7	0
1889	Q0	45240#8	0
1889	Q0	45240#0	0
1889	Q0	45240#9	0
1889	Q0	7060#1	0
1889	Q0	45240#3	0
1889	Q0	45240#6	0
1889	Q0	45240#2	0
1889	Q0	39719#2	0
1890	Q0	33799#0	1
1890	Q0	26977#5	0
1890	Q0	57101#2	0
1890	Q0	17942#1	0
1890	Q0	18924#1	0
1890	Q0	52005#1	0
1890	Q0	29919#0	0
1890	Q0	52009#0	0
1890	Q0	50269#13	0
1890	Q0	52218#1	0
1893	Q0	8485#2	1
1893	Q0	14454#1	0
1893	Q0	8504#1	0
1893	Q0	14135#1	0
1893	Q0	14142#1	0
1893	Q0	54215#1	0
1893	Q0	7107#2	0
1893	Q0	54619#3	0
1893	Q0	50663#7	0
1894	Q0	56390#0	1
1894	Q0	1144#3	0
1894	Q0	875#2	0
1894	Q0	111361#12	0
1894	Q0	53242#0	0
1894	Q0	1332#21	0
1894	Q0	32997#2	0
1894	Q0	10883#2	0
1894	Q0	47072#1	0
1894	Q0	13841#0	0
1894	Q0	1222#0	0
1896	Q0	22383#0	1
1896	Q0	22383#4	0
1896	Q0	32640#19	0
1896	Q0	32336#19	0
1896	Q0	7144#3	0
1896	Q0	32280#17	0
1896	Q0	32316#7	0
1896	Q0	7117#2	0
1896	Q0	9369#2	0
1896	Q0	32146#7	0
1897	Q0	29555#0	1
1897	Q0	36373#0	0
1897	Q0	28153#0	0
1897	Q0	52736#0	0
1897	Q0	16215#0	0
1897	Q0	36676#0	0
1897	Q0	36552#0	0
1897	Q0	32364#7	0
1897	Q0	24941#0	0
1897	Q0	24941#3	0
1898	Q0	2502#2	1
1898	Q0	2502#0	0
1898	Q0	2502#15	0
1898	Q0	2502#18	0
1898	Q0	2502#86	0
1898	Q0	2502#71	0
1898	Q0	2502#16	0
1898	Q0	2502#19	0
1898	Q0	2524#0	0
1898	Q0	34616#2	0
1900	Q0	34308#0	1
1900	Q0	34308#12	0
1900	Q0	27097#1	0
1900	Q0	1781#16	0
1900	Q0	52244#12	0
1900	Q0	49405#2	0
1900	Q0	34407#12	0
1900	Q0	35219#19	0
1900	Q0	34080#15	0
1900	Q0	31976#19	0
1901	Q0	159707#0	1
1901	Q0	159707#1	1
1901	Q0	35675#5	0
1901	Q0	35675#4	0
1901	Q0	39196#5	0
1901	Q0	35675#8	0
1901	Q0	39192#5	0
1901	Q0	39196#15	0
1901	Q0	55982#1	0
1901	Q0	39192#13	0
1901	Q0	35675#6	0
1902	Q0	34248#0	1
1902	Q0	34248#15	0
1902	Q0	32212#12	0
1902	Q0	26977#5	0
1902	Q0	52416#0	0
1902	Q0	26500#17	0
1902	Q0	26734#12	0
1902	Q0	52424#2	0
1902	Q0	32698#17	0
1902	Q0	31251#0	0
1904	Q0	28859#0	1
1904	Q0	49721#0	0
1904	Q0	22039#0	0
1904	Q0	25795#0	0
1904	Q0	37712#0	0
1904	Q0	15613#0	0
1904	Q0	37880#0	0
1904	Q0	25935#0	0
1904	Q0	17379#0	0
1904	Q0	16775#2	0
1905	Q0	96138#6	1
1905	Q0	96138#1	0
1905	Q0	96138#0	0
1905	Q0	35890#3	0
1905	Q0	7919#10	0
1905	Q0	47327#84	0
1905	Q0	7919#7	0
1905	Q0	108299#49	0
1905	Q0	108299#48	0
1905	Q0	8503#4	0
1907	Q0	11972#0	1
1907	Q0	1123#0	1
1907	Q0	1126#0	1
1907	Q0	1120#0	1
1907	Q0	83849#2	0
1907	Q0	35773#10	0
1907	Q0	70935#2	0
1907	Q0	52595#0	0
1907	Q0	21865#0	0
1907	Q0	34669#6	0
1907	Q0	36411#0	0
1909	Q0	105812#1	1
1909	Q0	23918#1	0
1909	Q0	105812#32	0
1909	Q0	45309#29	0
1909	Q0	1150#2	0
1909	Q0	40773#3	0
1909	Q0	38772#2	0
1909	Q0	105812#36	0
1909	Q0	105812#37	0
1909	Q0	1133#6	0
1910	Q0	67991#1	1
1910	Q0	67991#0	0
1910	Q0	67991#2	0
1910	Q0	1555#26	0
1910	Q0	67991#3	0
1910	Q0	39060#1	0
1910	Q0	34119#19	0
1910	Q0	32017#2	0
1910	Q0	35104#6	0
1910	Q0	52413#4	0
1914	Q0	5924#0	1
1914	Q0	24813#0	0
1914	Q0	9227#7	0
1914	Q0	24542#0	0
1914	Q0	17060#0	0
1914	Q0	9227#1	0
1914	Q0	2734#3	0
1914	Q0	17547#0	0
1914	Q0	52115#0	0
1914	Q0	17174#0	0
1915	Q0	53505#0	1
1915	Q0	53505#1	0
1915	Q0	39471#0	0
1915	Q0	35921#10	0
1915	Q0	35921#8	0
1915	Q0	35921#0	0
1915	Q0	35921#6	0
1915	Q0	35921#12	0
1915	Q0	12970#1	0
1915	Q0	31768#3	0
1917	Q0	31663#0	1
1917	Q0	31663#14	0
1917	Q0	1781#16	0
1917	Q0	52244#12	0
1917	Q0	49405#2	0
1917	Q0	34407#12	0
1917	Q0	34080#15	0
1917	Q0	32706#8	0
1917	Q0	26983#9	0
1917	Q0	32047#17	0
1918	Q0	87967#0	1
1918	Q0	47438#26	0
1918	Q0	48600#16	0
1918	Q0	1522#32	0
1918	Q0	1596#0	0
1918	Q0	39216#0	0
1918	Q0	40839#0	0
1918	Q0	40068#13	0
1918	Q0	48600#14	0
1918	Q0	24030#6	0
1919	Q0	34412#0	1
1919	Q0	35219#19	0
1919	Q0	49225#0	0
1919	Q0	28290#0	0
1919	Q0	16730#1	0
1919	Q0	17218#0	0
1919	Q0	16726#6	0
1919	Q0	17276#0	0
1919	Q0	17047#1	0
1919	Q0	17695#0	0
1920	Q0	37049#0	1
1920	Q0	37050#0	1
1920	Q0	37044#0	1
1920	Q0	37050#23	0
1920	Q0	37044#15	0
1920	Q0	53707#20	0
1920	Q0	53706#1	0
1920	Q0	33988#12	0
1920	Q0	32388#17	0
1920	Q0	35219#19	0
1921	Q0	40839#1	1
1921	Q0	37263#0	0
1921	Q0	40839#0	0
1921	Q0	47327#17	0
1921	Q0	47327#1	0
1921	Q0	35677#26	0
1921	Q0	47327#5	0
1921	Q0	47018#40	0
1921	Q0	55087#27	0
1921	Q0	1228#15	0
1922	Q0	7807#0	1
1922	Q0	55208#0	0
1922	Q0	1599#0	0
1922	Q0	106820#41	0
1922	Q0	7919#0	0
1922	Q0	229951#45	0
1922	Q0	2451#4	0
1922	Q0	4805#10	0
1922	Q0	2403#0	0
1922	Q0	7919#5	0
1923	Q0	99314#0	1
1923	Q0	99314#69	0
1923	Q0	2495#1	0
1923	Q0	40773#1	0
1923	Q0	1181#2	0
1923	Q0	39204#2	0
1923	Q0	10524#1	0
1923	Q0	99314#5	0
1923	Q0	5868#1	0
1923	Q0	5897#2	0
1925	Q0	1563#0	1
1925	Q0	1563#2	0
1925	Q0	1522#12	0
1925	Q0	1522#11	0
1925	Q0	1563#1	0
1925	Q0	27393#6	0
1925	Q0	245980#5	0
1925	Q0	27393#4	0
1925	Q0	245980#1	0
1925	Q0	27393#1	0
1927	Q0	72517#0	1
1927	Q0	1867#1	0
1927	Q0	1517#0	0
1927	Q0	108190#13	0
1927	Q0	8210#13	0
1927	Q0	108190#1	0
1927	Q0	3384#24	0
1927	Q0	37898#1	0
1927	Q0	56375#18	0
1927	Q0	1430#1	0
1930	Q0	133842#4	1
1930	Q0	4024#7	0
1930	Q0	4024#3	0
1930	Q0	40007#0	0
1930	Q0	12778#1	0
1930	Q0	39726#3	0
1930	Q0	32623#6	0
1930	Q0	38415#1	0
1930	Q0	133842#0	0
1930	Q0	33995#4	0
1934	Q0	2443#4	1
1934	Q0	1591#27	0
1934	Q0	2443#6	0
1934	Q0	1591#42	0
1934	Q0	2443#0	0
1934	Q0	1430#1	0
1934	Q0	85143#0	0
1934	Q0	1430#2	0
1934	Q0	84047#0	0
1934	Q0	1591#40	0
1935	Q0	162853#0	1
1935	Q0	5373#10	0
1935	Q0	1257#4	0
1935	Q0	13457#2	0
1935	Q0	3730#26	0
1935	Q0	26375#24	0
1935	Q0	3418#79	0
1935	Q0	39192#20	0
1935	Q0	46984#12	0
1935	Q0	39616#2	0
1935	Q0	32134#2	0
1936	Q0	1142#2	1
1936	Q0	3125#2	0
1936	Q0	3125#4	0
1936	Q0	32906#22	0
1936	Q0	32906#18	0
1936	Q0	32906#23	0
1936	Q0	3125#3	0
1936	Q0	23662#20	0
1936	Q0	39390#35	0
1937	Q0	1874#0	1
1937	Q0	1874#1	1
1937	Q0	1871#3	0
1937	Q0	786#13	0
1937	Q0	1142#6	0
1937	Q0	38605#0	0
1937	Q0	1256#0	0
1937	Q0	5666#4	0
1937	Q0	31976#17	0
1937	Q0	6090#2	0
1938	Q0	60311#12	1
1938	Q0	47160#27	0
1938	Q0	1764#11	0
1938	Q0	1589#11	0
1938	Q0	55087#20	0
1938	Q0	60311#15	0
1938	Q0	1522#8	0
1938	Q0	26375#10	0
1938	Q0	40068#4	0
1938	Q0	47160#29	0
1941	Q0	229295#0	1
1941	Q0	54936#3	0
1941	Q0	46924#8	0
1941	Q0	47587#0	0
1941	Q0	40995#2	0
1941	Q0	2505#36	0
1941	Q0	47587#5	0
1941	Q0	39298#3	0
1941	Q0	11820#30	0
1941	Q0	40110#1	0
1942	Q0	106424#0	1
1942	Q0	55934#0	0
1942	Q0	1684#54	0
1942	Q0	5307#0	0
1942	Q0	9382#3	0
1942	Q0	9319#23	0
1942	Q0	1684#164	0
1942	Q0	23657#2	0
1942	Q0	1392#14	0
1942	Q0	234994#0	0
1944	Q0	139444#0	1
1944	Q0	51025#1	0
1944	Q0	29741#3	0
1944	Q0	5908#5	0
1944	Q0	32580#5	0
1944	Q0	4548#2	0
1944	Q0	1598#14	0
1944	Q0	34018#6	0
1944	Q0	36267#15	0
1944	Q0	9424#7	0
1947	Q0	40995#0	1
1947	Q0	40995#2	1
1947	Q0	40995#4	0
1947	Q0	40995#3	0
1947	Q0	40995#7	0
1947	Q0	40013#0	0
1947	Q0	132254#0	0
1947	Q0	27267#0	0
1947	Q0	103730#0	0
1947	Q0	38300#1	0
1948	Q0	1119#0	1
1948	Q0	1867#1	0
1948	Q0	1392#21	0
1948	Q0	47327#43	0
1948	Q0	37898#1	0
1948	Q0	34669#6	0
1948	Q0	1392#5	0
1948	Q0	3730#3	0
1948	Q0	2731#2	0
1948	Q0	1874#2	0
1949	Q0	29266#0	1
1949	Q0	32557#0	0
1949	Q0	38817#3	0
1949	Q0	29262#0	0
1949	Q0	27010#0	0
1949	Q0	28114#0	0
1949	Q0	29693#0	0
1949	Q0	32710#0	0
1949	Q0	27010#5	0
1949	Q0	36749#0	0
1950	Q0	4492#1	1
1950	Q0	4492#10	0
1950	Q0	4492#7	0
1950	Q0	4492#9	0
1950	Q0	4492#11	0
1950	Q0	11646#1	0
1950	Q0	4492#20	0
1950	Q0	44504#4	0
1950	Q0	4492#0	0
1950	Q0	40017#6	0
1951	Q0	162950#0	1
1951	Q0	32121#17	0
1953	Q0	23213#1	1
1953	Q0	9798#0	0
1953	Q0	16758#0	0
1953	Q0	17773#0	0
1953	Q0	16726#6	0
1953	Q0	17646#0	0
1953	Q0	49626#0	0
1953	Q0	17699#0	0
1953	Q0	37712#0	0
1953	Q0	17584#1	0
1954	Q0	24344#0	1
1954	Q0	17404#0	0
1954	Q0	55107#0	0
1954	Q0	22814#1	0
1954	Q0	34407#12	0
1954	Q0	49721#0	0
1954	Q0	5725#3	0
1954	Q0	32096#9	0
1954	Q0	17409#0	0
1954	Q0	26602#1	0
1955	Q0	110943#10	1
1955	Q0	110859#25	0
1955	Q0	31497#9	0
1955	Q0	40524#9	0
1955	Q0	110859#0	0
1955	Q0	31497#0	0
1955	Q0	110943#0	0
1955	Q0	110859#17	0
1955	Q0	110943#11	0
1955	Q0	110859#4	0
1955	Q0	110859#11	0
1957	Q0	1584#0	1
1957	Q0	3418#37	1
1957	Q0	1584#12	0
1957	Q0	35675#44	0
1957	Q0	1584#8	0
1957	Q0	2517#8	0
1957	Q0	1573#2	0
1957	Q0	2390#0	0
1957	Q0	1590#3	0
1957	Q0	39192#9	0
1957	Q0	1584#1	0
1958	Q0	32235#0	1
1958	Q0	49984#0	1
1958	Q0	32235#9	0
1958	Q0	21742#0	0
1958	Q0	32258#8	0
1958	Q0	26691#0	0
1958	Q0	16215#0	0
1958	Q0	49984#4	0
1958	Q0	32327#7	0
1958	Q0	27141#3	0
1960	Q0	24445#0	1
1960	Q0	36124#16	0
1960	Q0	34092#7	0
1960	Q0	23231#26	0
1960	Q0	57031#3	0
1960	Q0	7227#2	0
1960	Q0	34145#20	0
1960	Q0	48178#3	0
1960	Q0	7229#2	0
1960	Q0	21412#0	0
1961	Q0	219788#0	1
1961	Q0	219788#1	0
1961	Q0	2502#2	0
1961	Q0	11962#1	0
1961	Q0	39192#1	0
1961	Q0	2518#1	0
1961	Q0	219788#3	0
1961	Q0	54592#1	0
1961	Q0	219788#2	0
1961	Q0	13823#2	0
1963	Q0	38402#4	1
1963	Q0	12272#2	0
1963	Q0	38402#9	0
1963	Q0	38402#11	0
1963	Q0	38402#0	0
1963	Q0	38402#30	0
1963	Q0	55818#7	0
1963	Q0	10560#2	0
1963	Q0	12667#34	0
1963	Q0	12667#11	0
1963	Q0	13414#1	0
1966	Q0	115966#5	1
1966	Q0	1190#1	0
1966	Q0	53281#1	0
1966	Q0	37898#1	0
1966	Q0	1196#6	0
1966	Q0	30723#2	0
1966	Q0	39216#0	0
1966	Q0	3400#1	0
1966	Q0	1193#9	0
1966	Q0	3401#3	0
1968	Q0	231340#1	1
1968	Q0	1487#1	1
1968	Q0	1487#5	0
1968	Q0	1487#41	0
1968	Q0	1487#0	0
1968	Q0	1390#1	0
1968	Q0	1685#1	0
1968	Q0	1393#3	0
1968	Q0	1487#21	0
1968	Q0	1487#4	0
1968	Q0	7752#9	0
1969	Q0	38570#0	1
1969	Q0	805#0	1
1969	Q0	804#10	0
1969	Q0	38570#1	0
1969	Q0	38570#2	0
1969	Q0	53283#75	0
1969	Q0	38570#5	0
1969	Q0	792#13	0
1969	Q0	132673#0	0
1969	Q0	1403#2	0
1970	Q0	260212#1	1
1970	Q0	260212#0	1
1970	Q0	13823#2	0
1970	Q0	54592#1	0
1970	Q0	24030#12	0
1970	Q0	40110#1	0
1970	Q0	54936#3	0
1970	Q0	31880#1	0
1970	Q0	5457#33	0
1970	Q0	5655#1	0
1972	Q0	26823#0	1
1972	Q0	26823#8	0
1972	Q0	37047#16	0
1972	Q0	31960#15	0
1972	Q0	32632#9	0
1972	Q0	32207#12	0
1972	Q0	52244#12	0
1972	Q0	50269#13	0
1972	Q0	32503#19	0
1972	Q0	32696#17	0
1972	Q0	26500#17	0
1973	Q0	225622#2	1
1973	Q0	51238#1	0
1973	Q0	8691#1	0
1973	Q0	26575#8	0
1973	Q0	17306#1	0
1973	Q0	9358#3	0
1973	Q0	34271#10	0
1973	Q0	8620#1	0
1973	Q0	26983#9	0
1973	Q0	22601#0	0
1973	Q0	32503#19	0
1974	Q0	1355#5	1
1974	Q0	1355#6	0
1974	Q0	1710#2	0
1974	Q0	1306#6	0
1974	Q0	1685#11	0
1974	Q0	1355#4	0
1974	Q0	55091#13	0
1974	Q0	1487#2	0
1974	Q0	1355#11	0
1974	Q0	47021#5	0
1976	Q0	35675#5	1
1976	Q0	35675#0	1
1976	Q0	35675#6	1
1976	Q0	35675#8	0
1976	Q0	39196#15	0
1976	Q0	39196#5	0
1976	Q0	35675#4	0
1976	Q0	35675#7	0
1976	Q0	85707#0	0
1976	Q0	35675#39	0
1977	Q0	47167#5	1
1977	Q0	47167#1	0
1977	Q0	47167#8	0
1977	Q0	47167#12	0
1977	Q0	2473#8	0
1977	Q0	869#12	0
1977	Q0	54579#3	0
1977	Q0	7676#2	0
1977	Q0	865#3	0
1977	Q0	54724#27	0
1977	Q0	12668#5	0
1978	Q0	37047#0	1
1978	Q0	37045#0	1
1978	Q0	37047#16	0
1978	Q0	37045#16	0
1978	Q0	52244#12	0
1978	Q0	32632#9	0
1978	Q0	33349#1	0
1978	Q0	32198#13	0
1978	Q0	26759#1	0
1978	Q0	21097#1	0
1979	Q0	24104#0	1
1979	Q0	24103#0	0
1979	Q0	24103#2	0
1979	Q0	24110#0	0
1979	Q0	24104#1	0
1979	Q0	24922#0	0
1979	Q0	24103#1	0
1979	Q0	24109#0	0
1979	Q0	24922#1	0
1979	Q0	24115#0	0
1980	Q0	131775#2	1
1980	Q0	54846#3	0
1980	Q0	54582#11	0
1980	Q0	1525#57	0
1980	Q0	5527#5	0
1980	Q0	5527#2	0
1980	Q0	5527#10	0
1980	Q0	45309#17	0
1980	Q0	131775#6	0
1980	Q0	1684#82	0
1980	Q0	6960#14	0
1981	Q0	28980#0	1
1981	Q0	34407#12	0
1981	Q0	32467#5	0
1981	Q0	40738#4	0
1981	Q0	19253#3	0
1981	Q0	113130#66	0
1981	Q0	22939#3	0
1981	Q0	34080#15	0
1981	Q0	48276#15	0
1981	Q0	47327#50	0
1982	Q0	76244#0	1
1982	Q0	76244#3	1
1982	Q0	4287#0	0
1982	Q0	13829#1	0
1982	Q0	3427#1	0
1982	Q0	3427#0	0
1982	Q0	54936#3	0
1982	Q0	10984#0	0
1982	Q0	40017#3	0
1982	Q0	39751#0	0
1982	Q0	231096#0	0
1983	Q0	84051#0	1
1983	Q0	1294#7	1
1983	Q0	1596#9	1
1983	Q0	244076#16	1
1983	Q0	3418#4	1
1983	Q0	1525#17	0
1983	Q0	3418#163	0
1983	Q0	3418#144	0
1983	Q0	3418#152	0
1983	Q0	3418#145	0
1983	Q0	4344#2	0
1985	Q0	26766#0	1
1985	Q0	26766#12	0
1985	Q0	34080#15	0
1985	Q0	37076#13	0
1985	Q0	26491#1	0
1985	Q0	50238#20	0
1985	Q0	50227#16	0
1985	Q0	34133#19	0
1985	Q0	36274#14	0
1985	Q0	41385#7	0
1985	Q0	33520#1	0
1986	Q0	9394#3	1
1986	Q0	228922#1	1
1986	Q0	6040#13	0
1986	Q0	1351#15	0
1986	Q0	21137#1	0
1986	Q0	21137#3	0
1986	Q0	9392#4	0
1986	Q0	8667#3	0
1986	Q0	9393#5	0
1986	Q0	9393#0	0
1987	Q0	87967#0	1
1987	Q0	35773#10	1
1987	Q0	111361#17	0
1987	Q0	229489#3	0
1987	Q0	14018#5	0
1987	Q0	52595#0	0
1987	Q0	22445#2	0
1987	Q0	24791#2	0
1987	Q0	11251#0	0
1987	Q0	56814#2	0
1991	Q0	32133#0	1
1991	Q0	32133#10	0
1991	Q0	26669#0	0
1991	Q0	15738#1	0
1991	Q0	27097#1	0
1991	Q0	31977#8	0
1991	Q0	27100#1	0
1991	Q0	32358#10	0
1991	Q0	32700#15	0
1991	Q0	26500#17	0
1992	Q0	1391#0	1
1992	Q0	123850#1	1
1992	Q0	170701#1	0
1992	Q0	8714#0	0
1992	Q0	48476#0	0
1992	Q0	1487#43	0
1992	Q0	1530#1	0
1992	Q0	1395#0	0
1992	Q0	34998#0	0
1992	Q0	6365#2	0
1992	Q0	1487#41	0
1993	Q0	118384#1	1
1993	Q0	11962#1	1
1993	Q0	11962#3	0
1993	Q0	40110#1	0
1993	Q0	11966#1	0
1993	Q0	2520#1	0
1993	Q0	34852#1	0
1993	Q0	54592#1	0
1993	Q0	13823#2	0
1993	Q0	7797#1	0
1995	Q0	34366#0	1
1995	Q0	34366#8	0
1995	Q0	34366#16	0
1995	Q0	34366#24	0
1995	Q0	24806#0	0
1995	Q0	32046#2	0
1995	Q0	16501#0	0
1995	Q0	21393#0	0
1995	Q0	26447#2	0
1995	Q0	38780#0	0
1996	Q0	225097#0	1
1996	Q0	2502#2	0
1996	Q0	4531#1	0
1996	Q0	40524#2	0
1996	Q0	40037#0	0
1996	Q0	34113#15	0
1996	Q0	39204#2	0
1996	Q0	2475#1	0
1996	Q0	39240#1	0
1996	Q0	31880#1	0
1997	Q0	98974#1	1
1997	Q0	13644#1	0
1997	Q0	40138#1	0
1997	Q0	27270#1	0
1997	Q0	12778#1	0
1997	Q0	38981#17	0
1997	Q0	16354#1	0
1997	Q0	10625#0	0
1997	Q0	52244#10	0
1997	Q0	35701#2	0
1998	Q0	78594#0	1
1998	Q0	829#15	1
1998	Q0	829#26	0
1998	Q0	54598#3	0
1998	Q0	829#13	0
1998	Q0	54597#0	0
1998	Q0	32906#10	0
1998	Q0	32906#8	0
1998	Q0	829#30	0
1998	Q0	39909#2	0
1998	Q0	2558#0	0
1999	Q0	786#0	1
1999	Q0	2391#7	0
1999	Q0	1392#5	0
1999	Q0	786#8	0
1999	Q0	1392#25	0
1999	Q0	786#17	0
1999	Q0	28904#19	0
1999	Q0	37210#1	0
1999	Q0	1360#17	0
1999	Q0	1392#10	0
2000	Q0	6220#3	1
2000	Q0	55750#2	0
2000	Q0	6220#0	0
2000	Q0	56123#2	0
2000	Q0	111509#21	0
2000	Q0	6220#16	0
2000	Q0	55750#0	0
2000	Q0	6220#5	0
2000	Q0	6220#8	0
2000	Q0	6220#21	0
2001	Q0	787#1	1
2001	Q0	173842#1	1
2001	Q0	173842#4	1
2001	Q0	6984#6	0
2001	Q0	5890#2	0
2001	Q0	787#10	0
2001	Q0	1487#19	0
2001	Q0	1487#31	0
2001	Q0	5880#0	0
2001	Q0	40394#5	0
2001	Q0	1487#17	0
2002	Q0	37879#0	1
2002	Q0	37879#25	0
2002	Q0	37878#1	0
2002	Q0	32641#16	0
2002	Q0	50938#15	0
2002	Q0	26747#1	0
2002	Q0	32640#19	0
2002	Q0	51050#3	0
2002	Q0	36106#3	0
2002	Q0	37877#6	0
2003	Q0	52250#0	1
2003	Q0	52253#0	1
2003	Q0	52248#0	1
2003	Q0	52251#0	1
2003	Q0	27030#0	0
2003	Q0	52249#1	0
2003	Q0	27030#10	0
2003	Q0	52250#12	0
2003	Q0	52249#8	0
2003	Q0	52249#18	0
2005	Q0	21916#0	1
2005	Q0	26977#5	0
2005	Q0	52901#10	0
2005	Q0	52900#13	0
2005	Q0	32597#15	0
2005	Q0	26949#14	0
2005	Q0	26892#1	0
2005	Q0	52893#14	0
2005	Q0	27129#1	0
2005	Q0	26557#9	0
2006	Q0	7740#0	1
2006	Q0	7740#2	0
2006	Q0	7740#1	0
2006	Q0	51866#5	0
2006	Q0	23292#1	0
2006	Q0	48432#6	0
2006	Q0	52156#0	0
2006	Q0	27055#0	0
2006	Q0	52611#0	0
2006	Q0	25945#5	0
2009	Q0	107171#0	1
2009	Q0	107171#2	0
2009	Q0	38037#0	0
2009	Q0	107171#1	0
2009	Q0	34852#1	0
2009	Q0	2468#1	0
2009	Q0	48710#1	0
2009	Q0	107171#4	0
2009	Q0	39326#0	0
2009	Q0	1152#1	0
2010	Q0	34672#45	1
2010	Q0	34672#0	1
2010	Q0	34672#46	0
2010	Q0	34672#13	0
2010	Q0	34672#50	0
2010	Q0	7448#0	0
2010	Q0	34672#11	0
2010	Q0	34672#43	0
2010	Q0	34672#51	0
2010	Q0	37829#4	0
2011	Q0	17754#0	1
2011	Q0	17304#1	0
2011	Q0	31044#1	0
2011	Q0	17427#1	0
2011	Q0	15678#0	0
2011	Q0	17219#0	0
2011	Q0	32679#6	0
2011	Q0	9232#6	0
2011	Q0	17337#0	0
2011	Q0	17011#0	0
2013	Q0	142064#0	1
2013	Q0	38417#1	0
2013	Q0	38981#1	0
2013	Q0	2495#1	0
2013	Q0	38981#0	0
2013	Q0	39630#0	0
2013	Q0	861#3	0
2013	Q0	34159#16	0
2013	Q0	34612#1	0
2013	Q0	9150#1	0
2014	Q0	18068#1	1
2014	Q0	35020#16	0
2014	Q0	26977#5	0
2014	Q0	52308#5	0
2014	Q0	54518#1	0
2014	Q0	26691#21	0
2014	Q0	22016#1	0
2014	Q0	18282#1	0
2014	Q0	18068#4	0
2014	Q0	18068#2	0
2014	Q0	27557#0	0
2015	Q0	211007#0	1
2015	Q0	211007#8	0
2015	Q0	9520#12	0
2015	Q0	9520#3	0
2015	Q0	37177#0	0
2015	Q0	9520#11	0
2015	Q0	9520#6	0
2015	Q0	1684#82	0
2015	Q0	211007#5	0
2015	Q0	40967#13	0
2017	Q0	111569#4	1
2017	Q0	111569#5	0
2017	Q0	111569#41	0
2017	Q0	111569#6	0
2017	Q0	45309#9	0
2017	Q0	111569#44	0
2017	Q0	111569#13	0
2017	Q0	1149#21	0
2017	Q0	1684#79	0
2017	Q0	111569#42	0
2018	Q0	35660#0	1
2018	Q0	35660#10	0
2018	Q0	35660#3	0
2018	Q0	35660#4	0
2018	Q0	35660#11	0
2018	Q0	56339#3	0
2018	Q0	48800#0	0
2018	Q0	116305#2	0
2018	Q0	1397#10	0
2018	Q0	35660#8	0
2019	Q0	114208#0	1
2019	Q0	114208#2	1
2019	Q0	3311#8	1
2019	Q0	114208#4	0
2019	Q0	151661#0	0
2019	Q0	3311#5	0
2019	Q0	35948#5	0
2019	Q0	10085#4	0
2019	Q0	35846#1	0
2019	Q0	54936#2	0
2019	Q0	26376#5	0
2020	Q0	88403#5	1
2020	Q0	1570#0	1
2020	Q0	4276#0	0
2020	Q0	33979#17	0
2020	Q0	787#0	0
2020	Q0	88403#1	0
2020	Q0	33978#25	0
2020	Q0	4468#1	0
2020	Q0	787#11	0
2020	Q0	1585#9	0
2020	Q0	787#6	0
2021	Q0	177335#3	1
2021	Q0	2718#7	0
2021	Q0	47327#59	0
2021	Q0	47327#54	0
2021	Q0	47018#81	0
2021	Q0	177335#5	0
2021	Q0	11574#14	0
2021	Q0	48800#0	0
2021	Q0	47018#58	0
2021	Q0	116305#2	0
2022	Q0	75218#1	1
2022	Q0	75218#0	1
2022	Q0	40189#20	0
2022	Q0	39199#7	0
2022	Q0	6472#13	0
2022	Q0	9462#2	0
2022	Q0	39199#1	0
2022	Q0	39630#0	0
2022	Q0	34054#23	0
2022	Q0	39207#1	0
2023	Q0	50073#0	1
2023	Q0	50074#1	0
2023	Q0	16178#1	0
2023	Q0	33192#1	0
2023	Q0	52578#0	0
2023	Q0	50073#4	0
2023	Q0	52611#0	0
2023	Q0	50074#6	0
2023	Q0	50073#3	0
2023	Q0	15800#3	0
2024	Q0	34244#0	1
2024	Q0	34244#18	0
2024	Q0	32052#11	0
2024	Q0	35219#19	0
2024	Q0	29403#1	0
2024	Q0	24065#0	0
2024	Q0	5915#17	0
2024	Q0	22489#12	0
2024	Q0	57156#2	0
2024	Q0	20697#1	0
2025	Q0	50718#0	1
2025	Q0	50970#6	0
2025	Q0	16057#0	0
2025	Q0	34164#0	0
2025	Q0	50970#1	0
2025	Q0	52429#4	0
2025	Q0	34360#10	0
2025	Q0	16057#4	0
2025	Q0	50773#5	0
2025	Q0	10223#0	0
2027	Q0	11000#0	1
2027	Q0	38812#3	0
2027	Q0	11061#0	0
2027	Q0	3890#0	0
2027	Q0	11077#0	0
2027	Q0	10874#0	0
2027	Q0	11069#0	0
2027	Q0	12554#0	0
2027	Q0	3800#0	0
2027	Q0	10729#0	0
2029	Q0	13735#7	1
2029	Q0	11612#9	0
2029	Q0	3086#7	0
2029	Q0	11373#0	0
2029	Q0	11612#12	0
2029	Q0	53326#14	0
2029	Q0	53068#0	0
2029	Q0	1856#5	0
2029	Q0	1298#5	0
2029	Q0	53242#2	0
2029	Q0	41060#11	0
2030	Q0	107294#0	1
2030	Q0	1865#5	0
2030	Q0	53327#0	0
2030	Q0	34151#17	0
2030	Q0	1529#36	0
2030	Q0	5373#15	0
2030	Q0	1431#15	0
2030	Q0	23842#27	0
2030	Q0	2434#3	0
2030	Q0	32276#13	0
2030	Q0	35442#19	0
2032	Q0	36532#0	1
2032	Q0	53706#1	0
2032	Q0	32358#10	0
2032	Q0	35219#19	0
2032	Q0	53707#20	0
2032	Q0	49453#18	0
2032	Q0	36033#8	0
2032	Q0	32387#11	0
2032	Q0	49679#1	0
2032	Q0	34407#12	0
2033	Q0	76684#0	1
2033	Q0	12650#1	0
2033	Q0	38782#1	0
2033	Q0	53328#1	0
2033	Q0	6476#1	0
2033	Q0	39298#3	0
2033	Q0	2505#4	0
2033	Q0	11167#2	0
2033	Q0	40995#2	0
2033	Q0	33995#4	0
2033	Q0	12650#0	0
2034	Q0	13444#3	1
2034	Q0	13444#1	1
2034	Q0	45448#8	1
2034	Q0	55733#0	0
2034	Q0	13449#3	0
2034	Q0	13458#0	0
2034	Q0	13450#0	0
2034	Q0	13444#10	0
2034	Q0	53252#8	0
2034	Q0	34672#50	0
2036	Q0	34390#0	1
2036	Q0	32198#13	0
2036	Q0	26495#1	0
2036	Q0	53706#1	0
2036	Q0	26491#1	0
2036	Q0	26990#1	0
2036	Q0	34208#20	0
2036	Q0	22939#3	0
2036	Q0	8620#1	0
2036	Q0	53707#20	0
2037	Q0	233145#0	1
2037	Q0	38782#6	0
2037	Q0	13836#0	0
2037	Q0	35697#0	0
2037	Q0	39623#0	0
2037	Q0	39249#7	0
2037	Q0	10759#0	0
2037	Q0	10729#0	0
2037	Q0	12289#0	0
2037	Q0	10726#1	0
2039	Q0	29330#0	1
2039	Q0	28224#0	0
2039	Q0	29330#2	0
2039	Q0	52712#0	0
2039	Q0	52710#0	0
2039	Q0	52711#0	0
2039	Q0	34407#12	0
2039	Q0	27160#0	0
2039	Q0	34202#13	0
2039	Q0	32622#16	0
2040	Q0	22299#0	1
2040	Q0	22299#6	0
2040	Q0	22386#10	0
2040	Q0	32705#0	0
2040	Q0	22357#10	0
2040	Q0	32590#19	0
2040	Q0	31815#15	0
2040	Q0	22662#0	0
2040	Q0	8620#1	0
2040	Q0	17208#0	0
2041	Q0	163111#0	1
2041	Q0	163111#1	0
2041	Q0	163111#2	0
2041	Q0	1487#0	0
2041	Q0	6984#5	0
2041	Q0	48444#2	0
2041	Q0	138800#12	0
2041	Q0	1487#1	0
2041	Q0	1487#12	0
2041	Q0	1487#18	0
2042	Q0	118192#0	1
2042	Q0	13332#0	0
2042	Q0	11678#0	0
2042	Q0	12846#0	0
2042	Q0	3802#0	0
2042	Q0	13285#0	0
2042	Q0	12424#0	0
2042	Q0	35084#17	0
2042	Q0	10678#0	0
2042	Q0	13350#0	0
2043	Q0	178340#0	1
2043	Q0	178340#1	1
2043	Q0	1823#6	0
2043	Q0	38202#5	0
2043	Q0	6054#6	0
2043	Q0	6061#9	0
2043	Q0	4934#14	0
2043	Q0	33039#28	0
2043	Q0	40470#22	0
2043	Q0	1820#25	0
2045	Q0	4852#0	1
2045	Q0	52948#0	0
2045	Q0	50670#0	0
2045	Q0	51011#0	0
2045	Q0	50351#0	0
2045	Q0	24055#0	0
2045	Q0	3708#0	0
2045	Q0	24068#0	0
2045	Q0	23888#0	0
2045	Q0	24065#0	0
2046	Q0	48476#0	1
2046	Q0	48476#6	1
2046	Q0	48476#12	1
2046	Q0	48476#16	0
2046	Q0	106820#41	0
2046	Q0	48476#14	0
2046	Q0	48476#11	0
2046	Q0	106820#0	0
2046	Q0	48476#8	0
2046	Q0	47327#31	0
2047	Q0	38672#1	1
2047	Q0	1344#1	1
2047	Q0	1258#9	1
2047	Q0	38668#1	1
2047	Q0	1258#10	0
2047	Q0	47327#70	0
2047	Q0	45247#2	0
2047	Q0	38671#1	0
2047	Q0	38669#3	0
2047	Q0	38672#2	0
2048	Q0	103365#0	1
2048	Q0	103365#42	0
2048	Q0	103365#52	0
2048	Q0	103365#5	0
2048	Q0	40368#5	0
2048	Q0	39630#0	0
2048	Q0	39810#6	0
2048	Q0	103365#3	0
2048	Q0	5314#1	0
2048	Q0	103365#22	0
2049	Q0	1358#39	1
2049	Q0	34445#5	0
2049	Q0	1685#38	0
2049	Q0	1392#33	0
2049	Q0	47721#1	0
2049	Q0	2432#1	0
2049	Q0	1685#2	0
2049	Q0	2454#1	0
2049	Q0	1393#23	0
2049	Q0	9227#6	0
2050	Q0	25004#0	1
2050	Q0	48045#12	0
2050	Q0	23234#24	0
2050	Q0	23840#28	0
2050	Q0	6663#1	0
2050	Q0	27140#9	0
2050	Q0	32382#13	0
2050	Q0	32634#11	0
2050	Q0	4618#25	0
2050	Q0	49727#13	0
2051	Q0	28797#0	1
2051	Q0	4738#0	0
2051	Q0	15805#0	0
2051	Q0	27786#0	0
2051	Q0	27786#2	0
2051	Q0	36519#0	0
2051	Q0	29623#0	0
2051	Q0	24862#0	0
2051	Q0	16247#1	0
2051	Q0	49217#6	0
2052	Q0	53993#0	1
2052	Q0	53993#17	0
2052	Q0	27105#1	0
2052	Q0	32682#19	0
2052	Q0	27097#1	0
2052	Q0	34157#14	0
2052	Q0	32316#7	0
2052	Q0	26412#16	0
2052	Q0	51000#20	0
2052	Q0	16522#0	0
2052	Q0	32700#15	0
2053	Q0	50225#0	1
2053	Q0	50218#2	0
2053	Q0	50227#16	0
2053	Q0	37076#13	0
2053	Q0	50220#1	0
2053	Q0	26595#2	0
2053	Q0	50269#13	0
2053	Q0	37078#16	0
2053	Q0	50220#13	0
2053	Q0	26491#1	0
2054	Q0	137434#1	1
2054	Q0	40860#9	0
2054	Q0	1142#16	0
2054	Q0	11964#2	0
2054	Q0	24030#12	0
2054	Q0	2502#2	0
2054	Q0	5498#1	0
2054	Q0	37976#4	0
2054	Q0	34616#2	0
2054	Q0	2488#1	0
2054	Q0	7042#0	0
2055	Q0	210412#0	1
2055	Q0	27360#0	0
2055	Q0	6153#6	0
2055	Q0	11164#0	0
2055	Q0	11061#0	0
2055	Q0	12074#0	0
2055	Q0	31240#0	0
2055	Q0	12383#0	0
2055	Q0	3799#0	0
2055	Q0	13836#5	0
2056	Q0	58069#0	1
2056	Q0	32691#16	0
2056	Q0	26982#7	0
2056	Q0	26762#21	0
2056	Q0	32723#1	0
2056	Q0	32295#16	0
2056	Q0	30177#0	0
2056	Q0	50238#20	0
2056	Q0	26600#0	0
2056	Q0	36274#14	0
2057	Q0	87967#0	1
2057	Q0	34672#6	0
2057	Q0	34672#2	0
2057	Q0	34672#64	0
2057	Q0	40839#0	0
2057	Q0	161208#1	0
2057	Q0	10572#30	0
2057	Q0	34672#3	0
2057	Q0	34672#32	0
2057	Q0	34672#60	0
2058	Q0	107399#0	1
2058	Q0	107399#14	1
2058	Q0	107399#51	0
2058	Q0	107399#40	0
2058	Q0	107399#21	0
2058	Q0	107399#92	0
2058	Q0	107399#30	0
2058	Q0	107399#18	0
2058	Q0	107399#58	0
2058	Q0	107399#60	0
2058	Q0	107399#62	0
2059	Q0	1874#0	1
2059	Q0	37898#1	0
2059	Q0	1142#6	0
2059	Q0	8210#13	0
2059	Q0	3401#3	0
2059	Q0	1591#16	0
2059	Q0	786#8	0
2059	Q0	13836#2	0
2059	Q0	786#13	0
2059	Q0	53707#13	0
2060	Q0	74290#4	1
2060	Q0	1599#2	0
2060	Q0	74290#25	0
2060	Q0	1395#20	0
2060	Q0	74290#18	0
2060	Q0	1530#19	0
2060	Q0	74290#11	0
2060	Q0	1530#2	0
2060	Q0	1395#13	0
2060	Q0	1764#11	0
2060	Q0	1598#10	0
2062	Q0	31131#1	1
2062	Q0	41209#1	0
2062	Q0	53066#0	0
2062	Q0	40638#1	0
2062	Q0	804#7	0
2062	Q0	53281#0	0
2062	Q0	56106#19	0
2062	Q0	38322#7	0
2062	Q0	18862#0	0
2062	Q0	112260#39	0
2063	Q0	110923#0	1
2063	Q0	40967#15	0
2063	Q0	110923#25	0
2063	Q0	110923#2	0
2063	Q0	110923#22	0
2063	Q0	3418#87	0
2063	Q0	39574#0	0
2063	Q0	110923#47	0
2063	Q0	2469#41	0
2063	Q0	9150#6	0
2064	Q0	31960#0	1
2064	Q0	31960#15	0
2064	Q0	37047#16	0
2064	Q0	26823#8	0
2064	Q0	32207#12	0
2064	Q0	32632#9	0
2064	Q0	32696#17	0
2064	Q0	32503#19	0
2064	Q0	50508#9	0
2064	Q0	52244#12	0
2066	Q0	72770#2	1
2066	Q0	47327#2	0
2066	Q0	53951#0	0
2066	Q0	47327#0	0
2066	Q0	47018#19	0
2066	Q0	47326#0	0
2066	Q0	109493#109	0
2066	Q0	47019#0	0
2066	Q0	47327#1	0
2066	Q0	109493#37	0
2066	Q0	787#11	0
2067	Q0	228932#1	1
2067	Q0	8698#4	1
2067	Q0	8706#4	1
2067	Q0	9356#5	1
2067	Q0	8707#4	1
2067	Q0	18612#3	1
2067	Q0	1357#6	1
2067	Q0	21313#3	1
2067	Q0	34445#1	0
2067	Q0	228932#2	0
2067	Q0	1685#15	0
2068	Q0	50580#0	1
2068	Q0	50580#9	0
2068	Q0	26741#5	0
2068	Q0	50663#7	0
2068	Q0	50648#4	0
2068	Q0	50492#6	0
2068	Q0	51706#20	0
2068	Q0	50488#1	0
2068	Q0	32698#17	0
2068	Q0	23123#28	0
2069	Q0	10585#1	1
2069	Q0	10585#2	0
2069	Q0	8726#0	0
2069	Q0	13638#0	0
2069	Q0	27280#2	0
2069	Q0	38223#0	0
2069	Q0	12338#1	0
2069	Q0	5996#5	0
2069	Q0	39078#7	0
2069	Q0	37207#3	0
2070	Q0	1530#1	1
2070	Q0	1294#25	0
2070	Q0	1530#32	0
2070	Q0	1530#38	0
2070	Q0	35677#48	0
2070	Q0	2451#4	0
2070	Q0	89331#0	0
2070	Q0	1530#46	0
2070	Q0	2438#0	0
2070	Q0	1530#39	0
2071	Q0	36604#0	1
2071	Q0	16178#1	1
2071	Q0	36604#10	0
2071	Q0	36478#0	0
2071	Q0	28760#0	0
2071	Q0	21776#4	0
2071	Q0	28360#0	0
2071	Q0	10223#0	0
2071	Q0	24433#0	0
2071	Q0	17338#5	0
2072	Q0	76793#1	1
2072	Q0	39216#0	0
2072	Q0	40410#1	0
2072	Q0	10572#15	0
2072	Q0	47438#26	0
2072	Q0	11275#1	0
2072	Q0	48600#16	0
2072	Q0	48600#23	0
2072	Q0	24030#6	0
2072	Q0	34669#6	0
2072	Q0	1684#3	0
2073	Q0	148365#0	1
2073	Q0	52308#5	0
2073	Q0	32632#9	0
2073	Q0	32633#6	0
2073	Q0	32641#16	0
2073	Q0	32268#16	0
2073	Q0	26825#5	0
2073	Q0	1507#2	0
2073	Q0	33952#11	0
2073	Q0	32395#13	0
2073	Q0	32279#12	0
2075	Q0	13206#3	1
2075	Q0	13206#4	0
2075	Q0	11432#1	0
2075	Q0	10590#0	0
2075	Q0	13206#0	0
2075	Q0	13206#2	0
2075	Q0	39331#0	0
2075	Q0	13188#1	0
2075	Q0	13206#1	0
2075	Q0	39954#0	0
2075	Q0	38415#0	0
2076	Q0	266393#0	1
2076	Q0	26915#0	0
2076	Q0	17392#2	0
2076	Q0	16501#0	0
2076	Q0	17783#0	0
2076	Q0	29719#0	0
2076	Q0	53252#8	0
2076	Q0	29270#0	0
2076	Q0	1715#2	0
2076	Q0	24510#0	0
2077	Q0	108887#1	1
2077	Q0	6046#45	0
2077	Q0	35705#2	0
2077	Q0	17901#19	0
2077	Q0	207875#21	0
2077	Q0	35677#31	0
2077	Q0	37898#3	0
2077	Q0	26485#1	0
2077	Q0	40616#2	0
2077	Q0	1522#40	0
2077	Q0	1685#10	0
2078	Q0	22873#0	1
2078	Q0	51050#3	0
2078	Q0	26747#1	0
2078	Q0	1781#16	0
2078	Q0	26682#0	0
2078	Q0	51000#20	0
2078	Q0	34080#15	0
2078	Q0	26882#3	0
2078	Q0	53662#3	0
2078	Q0	49360#19	0
2079	Q0	224831#0	1
2079	Q0	1294#7	1
2079	Q0	3418#4	1
2079	Q0	1596#9	1
2079	Q0	1525#17	0
2079	Q0	1525#31	0
2079	Q0	3418#163	0
2079	Q0	2469#22	0
2079	Q0	2512#9	0
2079	Q0	2502#21	0
2079	Q0	3418#144	0
2080	Q0	17426#0	1
2080	Q0	51209#19	0
2080	Q0	17426#7	0
2080	Q0	32547#8	0
2080	Q0	32688#16	0
2080	Q0	32214#19	0
2080	Q0	34431#12	0
2080	Q0	51208#5	0
2080	Q0	51230#15	0
2080	Q0	41385#7	0
2081	Q0	4599#1	1
2081	Q0	53848#0	1
2081	Q0	26982#7	0
2081	Q0	39092#27	0
2081	Q0	23231#26	0
2081	Q0	34427#16	0
2081	Q0	34132#24	0
2081	Q0	26639#7	0
2081	Q0	21637#6	0
2081	Q0	9227#5	0
2082	Q0	24212#0	1
2082	Q0	205362#0	1
2082	Q0	24212#4	0
2082	Q0	48213#6	0
2082	Q0	34327#0	0
2082	Q0	16178#1	0
2082	Q0	34327#5	0
2082	Q0	50077#0	0
2082	Q0	21864#0	0
2082	Q0	5534#0	0
2084	Q0	221798#0	1
2084	Q0	38356#4	0
2084	Q0	3427#2	0
2084	Q0	11328#0	0
2084	Q0	39594#2	0
2084	Q0	39249#8	0
2084	Q0	9457#4	0
2084	Q0	47505#6	0
2084	Q0	3832#0	0
2084	Q0	6111#3	0
2084	Q0	12846#0	0
2085	Q0	73086#1	1
2085	Q0	73086#0	1
2085	Q0	55091#1	0
2085	Q0	48602#0	0
2085	Q0	47018#19	0
2085	Q0	53553#0	0
2085	Q0	73086#22	0
2085	Q0	73086#35	0
2085	Q0	1532#8	0
2085	Q0	55091#0	0
2085	Q0	55091#3	0
2086	Q0	108772#0	1
2086	Q0	108772#3	0
2086	Q0	108772#27	0
2086	Q0	108772#10	0
2086	Q0	108772#6	0
2086	Q0	108772#4	0
2086	Q0	108772#7	0
2086	Q0	2502#2	0
2086	Q0	6476#1	0
2086	Q0	108772#8	0
2087	Q0	8694#2	1
2087	Q0	50302#0	0
2087	Q0	50372#1	0
2087	Q0	9342#2	0
2087	Q0	37776#0	0
2087	Q0	18038#1	0
2087	Q0	52138#1	0
2087	Q0	32121#17	0
2088	Q0	102878#0	1
2088	Q0	1181#2	0
2088	Q0	34852#1	0
2088	Q0	2495#1	0
2088	Q0	40995#2	0
2088	Q0	9520#21	0
2088	Q0	40140#1	0
2088	Q0	40368#101	0
2088	Q0	6108#0	0
2089	Q0	91297#19	1
2089	Q0	91297#0	0
2089	Q0	47327#9	0
2089	Q0	47327#2	0
2089	Q0	47327#0	0
2089	Q0	91297#29	0
2089	Q0	91297#28	0
2089	Q0	1601#1	0
2089	Q0	47019#0	0
2089	Q0	2451#9	0
2089	Q0	1529#5	0
2090	Q0	51121#0	1
2090	Q0	51119#0	1
2090	Q0	51120#0	1
2090	Q0	51121#2	0
2090	Q0	50797#2	0
2090	Q0	48024#2	0
2090	Q0	32121#17	0
2094	Q0	171136#2	1
2094	Q0	54592#1	0
2094	Q0	24030#12	0
2094	Q0	54608#1	0
2094	Q0	39944#1	0
2094	Q0	5395#1	0
2094	Q0	39630#0	0
2094	Q0	40110#1	0
2094	Q0	9462#1	0
2094	Q0	2502#2	0
2094	Q0	55491#1	0
2095	Q0	231340#1	1
2095	Q0	1487#1	1
2095	Q0	1393#11	1
2095	Q0	1393#3	0
2095	Q0	1487#5	0
2095	Q0	1487#41	0
2095	Q0	1685#1	0
2095	Q0	1487#21	0
2095	Q0	1391#9	0
2095	Q0	1390#1	0
2095	Q0	1390#11	0
2098	Q0	81942#2	1
2098	Q0	34672#11	0
2098	Q0	34672#13	0
2098	Q0	34672#51	0
2098	Q0	37829#4	0
2098	Q0	81942#0	0
2098	Q0	34672#50	0
2098	Q0	34672#49	0
2098	Q0	34672#39	0
2098	Q0	34672#46	0
2098	Q0	34672#55	0
2099	Q0	48696#1	1
2099	Q0	22494#4	0
2099	Q0	31957#14	0
2099	Q0	26892#1	0
2099	Q0	32314#11	0
2099	Q0	20732#1	0
2099	Q0	32356#2	0
2099	Q0	32264#21	0
2099	Q0	4618#25	0
2099	Q0	32382#13	0
2100	Q0	239298#0	1
2100	Q0	13216#0	0
2100	Q0	13216#1	0
2100	Q0	54969#5	0
2100	Q0	37267#6	0
2100	Q0	239298#3	0
2100	Q0	45240#4	0
2100	Q0	10559#5	0
2100	Q0	34850#5	0
2100	Q0	13216#2	0
2101	Q0	6488#1	1
2101	Q0	6488#0	1
2101	Q0	39726#3	0
2101	Q0	12778#1	0
2101	Q0	875#17	0
2101	Q0	12272#2	0
2101	Q0	6488#7	0
2101	Q0	27270#1	0
2101	Q0	24001#4	0
2101	Q0	41423#0	0
2102	Q0	26818#0	1
2102	Q0	50492#6	0
2102	Q0	50493#10	0
2102	Q0	26697#12	0
2102	Q0	26734#12	0
2102	Q0	53731#18	0
2102	Q0	26741#5	0
2102	Q0	18367#1	0
2102	Q0	8620#1	0
2102	Q0	34037#21	0
2103	Q0	4024#10	1
2103	Q0	44504#0	1
2103	Q0	44504#15	0
2103	Q0	5408#0	0
2103	Q0	2541#8	0
2103	Q0	44504#12	0
2103	Q0	38752#9	0
2103	Q0	44504#14	0
2103	Q0	5891#12	0
2103	Q0	2544#4	0
2103	Q0	38441#6	0
2104	Q0	9223#1	1
2104	Q0	9223#2	0
2104	Q0	9227#11	0
2104	Q0	57185#12	0
2104	Q0	57188#12	0
2104	Q0	57181#11	0
2104	Q0	56005#4	0
2104	Q0	57192#9	0
2104	Q0	57144#11	0
2104	Q0	57286#12	0
2104	Q0	57182#11	0
2105	Q0	77454#2	1
2105	Q0	3730#3	0
2105	Q0	37898#1	0
2105	Q0	47438#26	0
2105	Q0	3730#1	0
2105	Q0	47160#27	0
2105	Q0	1526#5	0
2105	Q0	1525#33	0
2105	Q0	1764#11	0
2105	Q0	55087#20	0
2105	Q0	48600#22	0
2106	Q0	220271#0	1
2106	Q0	211823#1	0
2106	Q0	9520#9	0
2106	Q0	221853#3	0
2106	Q0	219087#2	0
2106	Q0	9520#12	0
2106	Q0	223376#5	0
2106	Q0	211823#0	0
2106	Q0	211031#1	0
2106	Q0	223376#2	0
2108	Q0	32376#0	1
2108	Q0	32376#9	0
2108	Q0	32376#15	0
2108	Q0	32285#17	0
2108	Q0	32640#19	0
2108	Q0	32641#16	0
2108	Q0	32632#9	0
2108	Q0	32698#17	0
2108	Q0	32590#19	0
2108	Q0	51706#20	0
2109	Q0	66725#1	1
2109	Q0	12272#2	0
2109	Q0	12778#1	0
2109	Q0	12412#1	0
2109	Q0	41955#6	0
2109	Q0	11315#0	0
2109	Q0	55818#7	0
2109	Q0	38782#1	0
2109	Q0	10625#0	0
2109	Q0	53328#1	0
2109	Q0	11925#0	0
2111	Q0	21503#0	1
2111	Q0	32640#19	0
2111	Q0	26734#12	0
2111	Q0	26402#12	0
2111	Q0	52308#5	0
2111	Q0	26747#1	0
2111	Q0	32641#16	0
2111	Q0	32398#12	0
2111	Q0	26945#5	0
2111	Q0	32316#7	0
2112	Q0	24150#0	1
2112	Q0	32044#18	0
2112	Q0	32640#19	0
2112	Q0	49088#11	0
2112	Q0	32316#7	0
2112	Q0	21700#0	0
2112	Q0	32595#17	0
2112	Q0	32393#11	0
2112	Q0	22489#12	0
2112	Q0	32641#16	0
2116	Q0	67785#0	1
2116	Q0	12412#1	0
2116	Q0	39810#6	0
2116	Q0	12778#1	0
2116	Q0	45322#0	0
2116	Q0	12272#2	0
2116	Q0	40368#5	0
2116	Q0	40368#148	0
2116	Q0	2519#2	0
2116	Q0	31655#3	0
2116	Q0	39726#1	0
2117	Q0	23681#1	1
2117	Q0	41089#29	0
2117	Q0	23681#20	0
2117	Q0	7144#3	0
2117	Q0	6821#2	0
2117	Q0	6839#3	0
2117	Q0	9236#0	0
2117	Q0	26290#13	0
2117	Q0	41096#0	0
2117	Q0	41097#0	0
2119	Q0	205949#4	1
2119	Q0	55328#3	0
2119	Q0	53326#16	0
2119	Q0	31324#3	0
2119	Q0	205949#6	0
2119	Q0	56358#22	0
2119	Q0	55245#6	0
2119	Q0	56375#5	0
2119	Q0	56358#48	0
2119	Q0	40326#3	0
2119	Q0	55245#2	0
2120	Q0	1874#0	1
2120	Q0	1874#1	1
2120	Q0	3384#24	0
2120	Q0	1487#2	0
2120	Q0	38605#0	0
2120	Q0	1708#1	0
2120	Q0	1867#2	0
2120	Q0	2560#6	0
2120	Q0	1868#1	0
2120	Q0	1256#0	0
2121	Q0	112320#1	1
2121	Q0	1535#15	0
2121	Q0	47160#27	0
2121	Q0	1587#2	0
2121	Q0	1530#2	0
2121	Q0	1764#11	0
2121	Q0	1530#19	0
2121	Q0	34669#6	0
2121	Q0	47327#22	0
2121	Q0	112320#42	0
2121	Q0	2451#2	0
2122	Q0	230577#1	1
2122	Q0	230577#2	1
2122	Q0	211823#1	0
2122	Q0	221853#3	0
2122	Q0	9520#9	0
2122	Q0	230577#0	0
2122	Q0	219087#2	0
2122	Q0	223376#2	0
2122	Q0	211823#0	0
2122	Q0	223376#5	0
2122	Q0	211031#1	0
2125	Q0	57533#2	1
2125	Q0	26819#11	0
2125	Q0	19626#2	0
2125	Q0	53706#1	0
2125	Q0	26495#1	0
2125	Q0	26431#0	0
2125	Q0	26437#5	0
2125	Q0	57171#2	0
2125	Q0	57090#1	0
2125	Q0	8620#1	0
2125	Q0	49835#9	0
2126	Q0	102805#0	1
2126	Q0	102805#4	0
2126	Q0	55982#0	0
2126	Q0	102805#41	0
2126	Q0	102805#7	0
2126	Q0	102805#48	0
2126	Q0	102805#16	0
2126	Q0	102805#19	0
2126	Q0	102805#2	0
2126	Q0	40147#4	0
2127	Q0	138925#0	1
2127	Q0	138936#0	1
2127	Q0	5763#22	0
2127	Q0	19027#18	0
2127	Q0	46701#1	0
2127	Q0	55133#0	0
2127	Q0	138936#2	0
2127	Q0	8229#6	0
2127	Q0	16726#2	0
2127	Q0	7472#14	0
2127	Q0	19281#18	0
2129	Q0	60287#16	1
2129	Q0	60287#0	1
2129	Q0	1587#0	0
2129	Q0	41157#52	0
2129	Q0	31410#1	0
2129	Q0	1764#11	0
2129	Q0	47160#27	0
2129	Q0	1522#8	0
2129	Q0	60287#30	0
2129	Q0	31410#4	0
2130	Q0	51207#1	1
2130	Q0	51203#1	0
2130	Q0	54033#1	0
2130	Q0	32547#8	0
2130	Q0	1819#19	0
2130	Q0	51205#1	0
2130	Q0	51209#19	0
2130	Q0	33285#0	0
2130	Q0	2727#1	0
2130	Q0	32688#16	0
2133	Q0	100630#0	1
2133	Q0	100630#48	0
2133	Q0	34429#17	0
2133	Q0	39593#3	0
2133	Q0	35890#0	0
2133	Q0	100630#7	0
2133	Q0	100630#45	0
2133	Q0	39192#27	0
2133	Q0	35890#3	0
2133	Q0	39196#14	0
2134	Q0	110979#1	1
2134	Q0	72933#1	0
2134	Q0	110943#5	0
2134	Q0	40524#9	0
2134	Q0	39577#1	0
2134	Q0	47327#84	0
2134	Q0	100627#42	0
2134	Q0	110943#4	0
2134	Q0	55087#56	0
2134	Q0	110943#14	0
2134	Q0	55087#55	0
2136	Q0	104005#1	1
2136	Q0	35219#19	0
2136	Q0	49990#1	0
2136	Q0	21151#1	0
2136	Q0	32052#11	0
2136	Q0	31044#1	0
2136	Q0	32234#22	0
2136	Q0	32629#8	0
2136	Q0	34407#12	0
2136	Q0	30193#0	0
2136	Q0	52308#5	0
2137	Q0	34094#0	1
2137	Q0	34094#20	0
2137	Q0	32282#19	0
2137	Q0	19022#1	0
2137	Q0	49453#18	0
2137	Q0	34296#9	0
2137	Q0	32121#17	0
2138	Q0	58166#0	1
2139	Q0	153762#5	1
2139	Q0	2507#4	0
2139	Q0	5293#2	0
2139	Q0	38675#0	0
2140	Q0	164394#0	1
2140	Q0	32624#11	0
2140	Q0	27105#1	0
2140	Q0	23001#27	0
2140	Q0	55107#0	0
2140	Q0	23389#1	0
2140	Q0	32015#0	0
2140	Q0	38048#1	0
2140	Q0	22038#0	0
2140	Q0	32688#16	0
2140	Q0	55801#0	0
2141	Q0	52742#0	1
2141	Q0	52743#0	1
2141	Q0	52740#0	1
2141	Q0	52741#0	1
2141	Q0	52733#0	0
2141	Q0	54766#0	0
2141	Q0	52743#4	0
2141	Q0	54765#0	0
2141	Q0	52901#0	0
2141	Q0	21762#0	0
2143	Q0	106421#0	1
2143	Q0	47019#1	0
2143	Q0	1530#1	0
2143	Q0	48476#0	0
2143	Q0	48742#0	0
2143	Q0	26375#8	0
2143	Q0	26375#9	0
2143	Q0	106421#76	0
2143	Q0	106421#34	0
2143	Q0	3418#15	0
2143	Q0	26375#7	0
2144	Q0	245718#0	1
2144	Q0	3427#2	0
2144	Q0	35084#14	0
2144	Q0	2475#8	0
2144	Q0	9457#4	0
2144	Q0	3889#0	0
2144	Q0	39249#8	0
2144	Q0	6111#3	0
2144	Q0	16379#15	0
2144	Q0	12778#0	0
2144	Q0	113218#1	0
2145	Q0	26899#0	1
2145	Q0	26899#11	1
2145	Q0	50269#13	0
2145	Q0	50269#0	0
2145	Q0	26983#9	0
2145	Q0	50267#0	0
2145	Q0	32311#9	0
2145	Q0	50272#0	0
2145	Q0	21058#0	0
2145	Q0	36370#0	0
2147	Q0	39802#2	1
2147	Q0	35084#14	0
2147	Q0	9457#4	0
2147	Q0	3832#0	0
2147	Q0	16379#15	0
2147	Q0	3427#2	0
2147	Q0	39726#8	0
2147	Q0	3831#0	0
2147	Q0	10174#0	0
2147	Q0	12778#0	0
2147	Q0	31768#3	0
2148	Q0	2624#0	1
2148	Q0	1389#7	0
2148	Q0	2624#1	0
2148	Q0	1543#3	0
2148	Q0	2624#2	0
2148	Q0	2624#16	0
2148	Q0	6394#2	0
2148	Q0	1389#6	0
2148	Q0	1389#8	0
2148	Q0	2624#11	0
2149	Q0	216510#0	1
2149	Q0	7807#9	0
2149	Q0	256180#0	0
2149	Q0	212509#3	0
2149	Q0	5930#5	0
2149	Q0	8237#18	0
2149	Q0	49265#51	0
2149	Q0	1257#11	0
2149	Q0	53312#20	0
2149	Q0	26375#24	0
2150	Q0	31131#1	1
2150	Q0	113095#27	0
2150	Q0	1191#5	0
2150	Q0	34672#18	0
2150	Q0	3404#2	0
2150	Q0	31131#2	0
2150	Q0	29459#1	0
2150	Q0	35287#3	0
2150	Q0	56119#5	0
2150	Q0	56375#15	0
2152	Q0	103792#6	1
2152	Q0	53283#95	0
2152	Q0	2475#8	0
2152	Q0	39249#8	0
2152	Q0	39594#2	0
2152	Q0	13332#0	0
2152	Q0	11426#0	0
2152	Q0	12504#0	0
2152	Q0	6108#8	0
2152	Q0	37565#3	0
2152	Q0	3427#2	0
2153	Q0	21927#0	1
2153	Q0	21927#7	0
2153	Q0	34157#14	0
2153	Q0	32316#7	0
2153	Q0	32393#11	0
2153	Q0	32590#19	0
2153	Q0	22489#12	0
2153	Q0	32413#13	0
2153	Q0	32620#5	0
2153	Q0	1790#21	0
2154	Q0	136519#0	1
2154	Q0	7018#1	0
2154	Q0	5891#1	0
2154	Q0	2495#1	0
2154	Q0	5348#1	0
2154	Q0	39224#3	0
2154	Q0	5314#1	0
2154	Q0	6108#0	0
2154	Q0	2502#2	0
2154	Q0	10237#1	0
2155	Q0	21537#0	1
2155	Q0	52493#26	0
2155	Q0	57031#3	0
2155	Q0	23230#27	0
2155	Q0	35020#16	0
2155	Q0	26785#0	0
2155	Q0	32048#16	0
2155	Q0	26141#1	0
2155	Q0	21412#0	0
2155	Q0	2762#1	0
2156	Q0	4531#1	1
2156	Q0	2502#2	0
2156	Q0	4531#21	0
2156	Q0	4531#19	0
2156	Q0	255384#1	0
2156	Q0	55818#7	0
2156	Q0	4531#15	0
2156	Q0	40147#4	0
2156	Q0	4531#20	0
2157	Q0	105923#0	1
2157	Q0	105923#24	0
2157	Q0	53283#96	0
2157	Q0	8726#0	0
2157	Q0	38318#1	0
2157	Q0	45289#0	0
2157	Q0	11818#1	0
2157	Q0	47327#75	0
2157	Q0	5727#5	0
2157	Q0	50556#0	0
2158	Q0	194028#0	1
2158	Q0	39192#1	0
2158	Q0	39106#0	0
2158	Q0	5655#1	0
2158	Q0	24030#12	0
2158	Q0	47249#1	0
2158	Q0	2520#1	0
2158	Q0	1848#3	0
2158	Q0	39630#0	0
2158	Q0	2502#2	0
2159	Q0	46924#8	1
2159	Q0	46924#23	0
2159	Q0	12783#0	0
2159	Q0	46924#11	0
2159	Q0	46924#32	0
2159	Q0	46924#22	0
2159	Q0	46924#17	0
2159	Q0	27270#1	0
2159	Q0	12272#2	0
2159	Q0	27347#0	0
2160	Q0	30165#0	1
2160	Q0	30185#0	1
2160	Q0	24802#0	0
2160	Q0	24151#0	0
2160	Q0	47939#3	0
2160	Q0	40226#0	0
2160	Q0	21464#0	0
2160	Q0	21848#0	0
2160	Q0	22133#0	0
2160	Q0	24209#0	0
2160	Q0	29544#1	0
2161	Q0	864#0	1
2161	Q0	36624#13	0
2161	Q0	13730#2	0
2161	Q0	36624#21	0
2161	Q0	13730#4	0
2161	Q0	2951#6	0
2161	Q0	871#0	0
2161	Q0	13421#12	0
2161	Q0	25451#3	0
2161	Q0	36624#14	0
2161	Q0	56050#7	0
2162	Q0	49781#1	1
2162	Q0	49781#18	1
2162	Q0	32309#17	0
2162	Q0	49782#15	0
2162	Q0	26696#0	0
2162	Q0	32198#13	0
2162	Q0	34035#2	0
2162	Q0	49782#1	0
2162	Q0	31769#0	0
2162	Q0	17263#0	0
2164	Q0	52365#1	1
2164	Q0	52365#27	0
2164	Q0	52366#1	0
2164	Q0	9232#3	0
2164	Q0	6801#1	0
2164	Q0	7551#1	0
2164	Q0	32121#17	0
2165	Q0	29139#0	1
2166	Q0	98727#3	1
2166	Q0	5321#1	0
2166	Q0	51304#4	0
2166	Q0	55987#1	0
2166	Q0	40007#0	0
2166	Q0	30259#0	0
2166	Q0	54657#10	0
2167	Q0	31131#1	1
2167	Q0	53138#17	0
2167	Q0	40294#3	0
2167	Q0	34672#18	0
2167	Q0	105819#25	0
2167	Q0	40294#2	0
2167	Q0	129431#5	0
2167	Q0	115547#12	0
2167	Q0	48600#29	0
2167	Q0	40294#4	0
2167	Q0	35287#3	0
2168	Q0	48242#0	1
2168	Q0	48241#0	1
2168	Q0	48243#10	0
2168	Q0	34407#12	0
2168	Q0	26983#9	0
2168	Q0	27097#1	0
2168	Q0	36749#0	0
2168	Q0	26524#3	0
2168	Q0	32710#8	0
2168	Q0	31976#19	0
2168	Q0	52413#10	0
2169	Q0	125029#0	1
2169	Q0	53281#1	0
2169	Q0	37737#0	0
2169	Q0	37898#1	0
2169	Q0	1196#6	0
2169	Q0	35705#0	0
2169	Q0	1554#9	0
2169	Q0	11820#51	0
2169	Q0	31662#4	0
2169	Q0	30723#0	0
2170	Q0	31981#0	1
2170	Q0	34251#8	0
2170	Q0	31981#8	0
2170	Q0	37816#3	0
2170	Q0	32233#9	0
2170	Q0	15986#5	0
2170	Q0	34535#0	0
2170	Q0	48303#7	0
2170	Q0	34310#9	0
2170	Q0	23522#5	0
2172	Q0	205442#0	1
2172	Q0	34158#14	0
2172	Q0	5534#6	0
2172	Q0	37047#15	0
2172	Q0	57269#20	0
2172	Q0	5908#6	0
2172	Q0	9392#5	0
2172	Q0	32481#4	0
2172	Q0	6471#5	0
2172	Q0	6048#8	0
2173	Q0	78594#0	1
2173	Q0	829#15	0
2173	Q0	54597#0	0
2173	Q0	54598#5	0
2173	Q0	1561#6	0
2173	Q0	829#12	0
2173	Q0	32906#20	0
2173	Q0	32906#11	0
2173	Q0	54598#0	0
2173	Q0	54600#0	0
2173	Q0	3770#39	0
2174	Q0	49235#0	1
2174	Q0	49235#1	0
2174	Q0	35219#19	0
2174	Q0	22489#12	0
2174	Q0	24125#0	0
2174	Q0	17409#0	0
2174	Q0	17304#1	0
2174	Q0	17404#0	0
2174	Q0	24771#0	0
2174	Q0	48733#0	0
2175	Q0	172292#3	1
2175	Q0	1487#1	0
2175	Q0	8661#20	0
2175	Q0	1487#0	0
2175	Q0	7127#16	0
2175	Q0	9229#19	0
2175	Q0	172292#4	0
2175	Q0	1487#18	0
2175	Q0	18635#15	0
2175	Q0	9171#17	0
2175	Q0	7227#18	0
2177	Q0	1784#0	1
2177	Q0	52865#0	0
2177	Q0	48376#0	0
2177	Q0	1784#13	0
2177	Q0	26897#0	0
2177	Q0	26904#0	0
2177	Q0	26898#0	0
2177	Q0	36063#0	0
2177	Q0	26899#0	0
2177	Q0	26895#0	0
2180	Q0	119947#0	1
2180	Q0	35921#6	0
2180	Q0	11275#1	0
2180	Q0	792#10	0
2180	Q0	1473#20	0
2180	Q0	45247#32	0
2180	Q0	7364#5	0
2180	Q0	84572#8	0
2180	Q0	108262#10	0
2180	Q0	1851#0	0
2182	Q0	224086#0	1
2182	Q0	804#7	0
2182	Q0	66185#23	0
2182	Q0	40638#4	0
2182	Q0	39115#3	0
2182	Q0	66185#0	0
2182	Q0	66185#17	0
2182	Q0	40638#5	0
2182	Q0	66185#20	0
2182	Q0	40638#1	0
2183	Q0	6550#2	1
2183	Q0	37686#1	1
2183	Q0	6550#9	0
2183	Q0	6550#3	0
2183	Q0	6550#7	0
2183	Q0	11710#5	0
2183	Q0	6550#13	0
2183	Q0	6550#1	0
2183	Q0	36295#0	0
2183	Q0	35442#17	0
2187	Q0	231515#0	1
2187	Q0	231515#3	1
2187	Q0	40147#4	0
2187	Q0	2502#2	0
2187	Q0	46924#8	0
2187	Q0	16379#15	0
2187	Q0	13806#0	0
2187	Q0	35210#2	0
2187	Q0	231515#7	0
2187	Q0	39959#1	0
2189	Q0	89354#0	1
2189	Q0	1601#13	0
2189	Q0	1764#11	0
2189	Q0	1431#4	0
2189	Q0	47160#29	0
2189	Q0	89354#4	0
2191	Q0	60235#11	1
2191	Q0	60235#19	1
2191	Q0	39192#0	0
2191	Q0	2502#0	0
2191	Q0	4838#6	0
2191	Q0	2495#0	0
2191	Q0	2469#0	0
2191	Q0	2469#27	0
2191	Q0	2495#11	0
2191	Q0	2512#0	0
2191	Q0	39192#23	0
2192	Q0	47438#0	1
2192	Q0	48600#12	0
2192	Q0	48600#14	0
2192	Q0	47438#6	0
2192	Q0	47438#1	0
2192	Q0	31410#0	0
2192	Q0	47438#4	0
2192	Q0	47327#59	0
2192	Q0	47438#24	0
2192	Q0	47438#12	0
2193	Q0	53071#0	1
2193	Q0	10277#67	0
2193	Q0	2938#9	0
2193	Q0	53071#7	0
2193	Q0	53242#2	0
2193	Q0	11707#0	0
2193	Q0	52861#0	0
2193	Q0	1762#41	0
2193	Q0	56965#0	0
2193	Q0	11612#9	0
2196	Q0	6066#0	1
2196	Q0	21461#0	0
2196	Q0	15678#0	0
2196	Q0	52451#0	0
2196	Q0	21415#0	0
2196	Q0	15675#0	0
2196	Q0	50382#0	0
2196	Q0	32524#4	0
2196	Q0	15671#0	0
2196	Q0	32072#0	0
2197	Q0	49356#0	1
2197	Q0	49359#0	1
2197	Q0	49361#0	1
2197	Q0	49360#0	1
2197	Q0	49357#0	1
2197	Q0	49700#0	0
2197	Q0	49358#0	0
2197	Q0	49588#0	0
2197	Q0	21497#0	0
2197	Q0	21398#0	0
2198	Q0	72445#1	1
2198	Q0	9457#1	0
2198	Q0	10625#0	0
2198	Q0	31497#4	0
2198	Q0	5498#1	0
2198	Q0	38981#17	0
2198	Q0	40007#0	0
2198	Q0	13070#1	0
2198	Q0	39726#3	0
2198	Q0	39719#2	0
2201	Q0	111357#5	1
2201	Q0	3418#154	0
2201	Q0	1596#9	0
2201	Q0	1684#40	0
2201	Q0	1522#3	0
2201	Q0	4531#7	0
2201	Q0	1522#4	0
2201	Q0	1537#19	0
2201	Q0	39100#2	0
2201	Q0	39192#17	0
2201	Q0	869#12	0
2202	Q0	23629#1	1
2202	Q0	23363#18	0
2202	Q0	35108#8	0
2202	Q0	7558#1	0
2202	Q0	19532#8	0
2202	Q0	41112#2	0
2202	Q0	8207#0	0
2202	Q0	25597#10	0
2202	Q0	52865#14	0
2202	Q0	8224#0	0
2205	Q0	21500#0	1
2205	Q0	35219#19	0
2205	Q0	37047#16	0
2205	Q0	31960#15	0
2205	Q0	53324#1	0
2205	Q0	32329#18	0
2205	Q0	8240#29	0
2205	Q0	32696#17	0
2205	Q0	32640#19	0
2205	Q0	32121#17	0
2206	Q0	787#0	1
2208	Q0	33919#0	1
2208	Q0	26815#0	0
2208	Q0	32753#0	0
2208	Q0	36892#0	0
2208	Q0	48247#1	0
2208	Q0	21728#0	0
2208	Q0	52016#2	0
2208	Q0	24616#0	0
2208	Q0	17771#0	0
2208	Q0	36877#0	0
2210	Q0	2355#0	1
2210	Q0	787#10	0
2210	Q0	6984#6	0
2210	Q0	40394#2	0
2210	Q0	6984#2	0
2210	Q0	35676#0	0
2210	Q0	2549#3	0
2210	Q0	40394#6	0
2210	Q0	39192#5	0
2210	Q0	18736#18	0
2211	Q0	102541#5	1
2211	Q0	102541#17	0
2211	Q0	53283#95	0
2211	Q0	16379#15	0
2211	Q0	6111#3	0
2211	Q0	102541#0	0
2211	Q0	102541#18	0
2211	Q0	23948#1	0
2211	Q0	40414#2	0
2211	Q0	35084#14	0
2211	Q0	102541#9	0
2212	Q0	7580#0	1
2212	Q0	13260#1	0
2212	Q0	13260#16	0
2212	Q0	1193#15	0
2212	Q0	1205#0	0
2212	Q0	70935#2	0
2212	Q0	35773#10	0
2212	Q0	135082#17	0
2212	Q0	14596#4	0
2212	Q0	34871#193	0
2213	Q0	47438#0	1
2213	Q0	47438#6	0
2213	Q0	47438#5	0
2213	Q0	47438#2	0
2213	Q0	47438#26	0
2213	Q0	47438#19	0
2213	Q0	47438#3	0
2213	Q0	47438#15	0
2213	Q0	47438#4	0
2213	Q0	47438#20	0
2214	Q0	105511#4	1
2214	Q0	105511#0	0
2214	Q0	105511#5	0
2214	Q0	105511#3	0
2214	Q0	105511#6	0
2214	Q0	105511#16	0
2214	Q0	105511#15	0
2214	Q0	2544#1	0
2214	Q0	2502#2	0
2214	Q0	2522#1	0
2215	Q0	87814#2	1
2215	Q0	3418#140	0
2215	Q0	1555#9	0
2215	Q0	1577#7	0
2215	Q0	1294#6	0
2215	Q0	1598#1	0
2215	Q0	1598#7	0
2215	Q0	1196#3	0
2215	Q0	55934#3	0
2215	Q0	3730#17	0
2217	Q0	61987#0	1
2217	Q0	61987#21	1
2217	Q0	61987#8	0
2217	Q0	68492#4	0
2217	Q0	56358#22	0
2217	Q0	1193#5	0
2217	Q0	53071#7	0
2217	Q0	56358#29	0
2217	Q0	56358#48	0
2217	Q0	56358#40	0
2217	Q0	23849#7	0
2218	Q0	4024#9	1
2218	Q0	44504#0	1
2218	Q0	1306#22	1
2218	Q0	44504#15	0
2218	Q0	5408#0	0
2218	Q0	44504#14	0
2218	Q0	38752#9	0
2218	Q0	2541#8	0
2218	Q0	5408#4	0
2218	Q0	44504#9	0
2218	Q0	5890#1	0
2219	Q0	68426#9	1
2219	Q0	13000#1	0
2219	Q0	9462#2	0
2219	Q0	38348#0	0
2219	Q0	12783#0	0
2219	Q0	38356#5	0
2219	Q0	38222#1	0
2219	Q0	35846#1	0
2219	Q0	10993#1	0
2219	Q0	12001#2	0
2219	Q0	32634#10	0
2220	Q0	98372#0	1
2220	Q0	2473#6	0
2220	Q0	39196#15	0
2220	Q0	5388#3	0
2220	Q0	39192#16	0
2220	Q0	35675#6	0
2220	Q0	4531#7	0
2220	Q0	98961#51	0
2220	Q0	9520#2	0
2220	Q0	11167#7	0
2221	Q0	32041#0	1
2221	Q0	36095#0	1
2221	Q0	32041#18	0
2221	Q0	36095#1	0
2221	Q0	49504#2	0
2221	Q0	34413#12	0
2221	Q0	40670#14	0
2221	Q0	53707#20	0
2221	Q0	8620#1	0
2221	Q0	53706#1	0
2223	Q0	22030#0	1
2223	Q0	26892#1	0
2223	Q0	32382#13	0
2223	Q0	32314#11	0
2223	Q0	32450#17	0
2223	Q0	32312#8	0
2223	Q0	26418#16	0
2223	Q0	48948#0	0
2223	Q0	26666#7	0
2223	Q0	48276#15	0
2224	Q0	23984#0	1
2224	Q0	23984#2	0
2224	Q0	37047#15	0
2224	Q0	23984#3	0
2224	Q0	23984#6	0
2224	Q0	40136#5	0
2224	Q0	5908#6	0
2224	Q0	20797#20	0
2224	Q0	34095#14	0
2224	Q0	23984#4	0
2226	Q0	5886#0	1
2226	Q0	5886#1	1
2226	Q0	5886#3	0
2226	Q0	32368#0	0
2226	Q0	52849#3	0
2226	Q0	32377#3	0
2226	Q0	36128#3	0
2226	Q0	32375#0	0
2226	Q0	32377#0	0
2226	Q0	4901#0	0
2226	Q0	32379#0	0
2230	Q0	57168#0	1
2230	Q0	57168#7	0
2230	Q0	20962#0	0
2230	Q0	48615#0	0
2230	Q0	20962#5	0
2230	Q0	48322#1	0
2230	Q0	20962#12	0
2230	Q0	48261#0	0
2230	Q0	32115#0	0
2230	Q0	57168#4	0
2231	Q0	4466#0	1
2231	Q0	4466#20	0
2231	Q0	53993#17	0
2231	Q0	34073#19	0
2231	Q0	32710#8	0
2231	Q0	57031#3	0
2231	Q0	9230#1	0
2231	Q0	32264#21	0
2231	Q0	9363#1	0
2231	Q0	37606#18	0
2232	Q0	56014#6	1
2232	Q0	56014#14	0
2232	Q0	56014#4	0
2232	Q0	56014#13	0
2232	Q0	56014#9	0
2232	Q0	56014#10	0
2232	Q0	56014#8	0
2232	Q0	56014#5	0
2232	Q0	38981#17	0
2232	Q0	35701#2	0
2233	Q0	29344#0	1
2233	Q0	35219#19	0
2233	Q0	49736#13	0
2233	Q0	26862#4	0
2233	Q0	22534#11	0
2233	Q0	32266#0	0
2233	Q0	49990#1	0
2233	Q0	26979#6	0
2233	Q0	26510#12	0
2233	Q0	49360#19	0
2236	Q0	3706#0	1
2236	Q0	3706#4	0
2236	Q0	1431#7	0
2236	Q0	1431#4	0
2236	Q0	7543#5	0
2236	Q0	6046#46	0
2236	Q0	3708#0	0
2236	Q0	1306#21	0
2236	Q0	3706#3	0
2236	Q0	11574#6	0
2237	Q0	125965#5	1
2237	Q0	10625#0	0
2237	Q0	38981#17	0
2237	Q0	12272#2	0
2237	Q0	53328#1	0
2237	Q0	2519#2	0
2237	Q0	2469#35	0
2237	Q0	33979#18	0
2237	Q0	41955#6	0
2237	Q0	54846#10	0
2238	Q0	53283#2	1
2238	Q0	53283#1	0
2238	Q0	53283#106	0
2238	Q0	53283#38	0
2238	Q0	53283#0	0
2238	Q0	53283#11	0
2238	Q0	53283#20	0
2238	Q0	53283#49	0
2238	Q0	53283#83	0
2238	Q0	53283#25	0
2239	Q0	52101#0	1
2239	Q0	52101#17	0
2239	Q0	33579#1	0
2239	Q0	52101#16	0
2239	Q0	21211#1	0
2239	Q0	17860#1	0
2239	Q0	18390#1	0
2239	Q0	21152#1	0
2239	Q0	17836#1	0
2239	Q0	21096#1	0
2240	Q0	59993#0	1
2240	Q0	116305#2	0
2240	Q0	2718#7	0
2240	Q0	82056#3	0
2240	Q0	48800#0	0
2240	Q0	1123#0	0
2240	Q0	35660#10	0
2240	Q0	1125#0	0
2240	Q0	35660#0	0
2240	Q0	55032#3	0
2241	Q0	124549#0	1
2241	Q0	124549#1	1
2241	Q0	10625#0	0
2241	Q0	38981#17	0
2241	Q0	39726#3	0
2241	Q0	6122#1	0
2241	Q0	12272#2	0
2241	Q0	2518#1	0
2241	Q0	12778#1	0
2241	Q0	34061#24	0
2241	Q0	31355#2	0
2244	Q0	71713#1	1
2244	Q0	13414#1	0
2244	Q0	54584#0	0
2244	Q0	5871#1	0
2244	Q0	13567#1	0
2244	Q0	875#16	0
2244	Q0	3659#13	0
2244	Q0	55649#1	0
2244	Q0	38300#1	0
2244	Q0	11107#0	0
2244	Q0	11233#2	0
2245	Q0	106775#0	1
2245	Q0	106775#6	0
2245	Q0	106775#102	0
2245	Q0	106775#95	0
2245	Q0	39630#0	0
2245	Q0	106775#63	0
2245	Q0	9841#0	0
2245	Q0	106775#60	0
2245	Q0	34612#1	0
2245	Q0	35701#1	0
2246	Q0	4679#0	1
2246	Q0	32121#17	0
2246	Q0	51572#3	0
2246	Q0	53731#18	0
2246	Q0	31995#12	0
2247	Q0	137434#1	1
2247	Q0	12272#2	0
2247	Q0	46703#2	0
2247	Q0	11574#2	0
2247	Q0	40007#0	0
2247	Q0	39726#3	0
2247	Q0	10625#0	0
2247	Q0	55818#7	0
2247	Q0	5498#1	0
2247	Q0	35718#8	0
2247	Q0	40860#9	0
2248	Q0	146002#0	1
2248	Q0	146002#5	0
2248	Q0	1684#79	0
2248	Q0	40368#86	0
2248	Q0	1360#8	0
2248	Q0	13260#35	0
2248	Q0	6479#4	0
2248	Q0	146002#2	0
2249	Q0	61011#2	1
2249	Q0	53281#1	0
2249	Q0	37737#0	0
2249	Q0	37898#1	0
2249	Q0	1196#6	0
2249	Q0	1554#9	0
2249	Q0	35705#0	0
2249	Q0	30723#0	0
2249	Q0	31662#4	0
2249	Q0	30723#2	0
2251	Q0	98898#0	1
2251	Q0	37465#2	1
2251	Q0	37465#12	1
2251	Q0	3418#119	1
2251	Q0	1909#0	0
2251	Q0	6470#1	0
2251	Q0	37465#11	0
2251	Q0	76476#0	0
2251	Q0	31323#1	0
2251	Q0	3543#7	0
2251	Q0	3598#0	0
2252	Q0	1257#0	1
2252	Q0	1257#23	0
2252	Q0	1257#14	0
2252	Q0	1257#5	0
2252	Q0	1257#3	0
2252	Q0	32671#5	0
2252	Q0	53739#94	0
2252	Q0	53911#1	0
2252	Q0	1257#6	0
2252	Q0	40738#2	0
2253	Q0	51229#1	1
2253	Q0	51209#0	1
2253	Q0	51230#15	0
2253	Q0	32688#16	0
2253	Q0	51209#19	0
2253	Q0	19749#1	0
2253	Q0	51230#0	0
2253	Q0	51208#5	0
2253	Q0	32688#0	0
2253	Q0	34041#17	0
2254	Q0	31323#4	1
2254	Q0	31323#1	0
2254	Q0	31323#0	0
2254	Q0	31323#2	0
2254	Q0	31323#5	0
2254	Q0	43757#15	0
2254	Q0	31323#8	0
2254	Q0	6476#1	0
2254	Q0	31323#7	0
2254	Q0	12272#2	0
2257	Q0	32124#0	1
2257	Q0	37047#16	0
2257	Q0	21097#1	0
2257	Q0	32207#12	0
2257	Q0	26983#9	0
2257	Q0	35219#19	0
2257	Q0	52244#12	0
2257	Q0	32632#9	0
2257	Q0	32047#17	0
2257	Q0	32124#2	0
2258	Q0	108451#0	1
2258	Q0	34756#0	0
2258	Q0	2516#0	0
2258	Q0	2502#2	0
2258	Q0	43757#1	0
2258	Q0	54937#0	0
2258	Q0	39101#0	0
2258	Q0	108451#1	0
2258	Q0	2495#1	0
2258	Q0	46722#1	0
2261	Q0	104105#0	1
2261	Q0	35890#3	0
2261	Q0	47160#25	0
2261	Q0	48440#2	0
2261	Q0	47587#11	0
2261	Q0	2469#15	0
2261	Q0	48440#3	0
2261	Q0	11167#7	0
2261	Q0	29741#3	0
2261	Q0	48440#13	0
2262	Q0	4667#1	1
2262	Q0	26977#5	0
2262	Q0	52664#0	0
2262	Q0	51346#0	0
2262	Q0	27096#1	0
2262	Q0	26369#0	0
2262	Q0	52060#0	0
2262	Q0	35020#16	0
2262	Q0	52068#1	0
2262	Q0	51965#16	0
2262	Q0	17860#1	0
2264	Q0	7836#1	1
2264	Q0	11167#7	0
2264	Q0	5740#3	0
2264	Q0	6476#4	0
2264	Q0	29741#3	0
2264	Q0	55818#23	0
2264	Q0	54561#5	0
2264	Q0	7836#8	0
2264	Q0	7543#13	0
2264	Q0	9108#2	0
2265	Q0	98172#1	1
2265	Q0	17879#1	0
2265	Q0	50269#13	0
2265	Q0	98172#2	0
2265	Q0	24618#0	0
2265	Q0	50218#2	0
2265	Q0	34140#0	0
2265	Q0	8687#2	0
2265	Q0	26429#1	0
2265	Q0	34146#16	0
2265	Q0	26864#11	0
2266	Q0	157685#1	1
2266	Q0	157685#9	0
2266	Q0	157685#0	0
2266	Q0	157685#34	0
2266	Q0	157685#3	0
2266	Q0	157685#35	0
2266	Q0	21256#0	0
2266	Q0	157685#4	0
2266	Q0	53324#2	0
2266	Q0	26375#7	0
2267	Q0	2502#0	1
2267	Q0	5891#0	0
2267	Q0	2495#0	0
2267	Q0	4838#6	0
2267	Q0	39192#0	0
2267	Q0	2469#10	0
2267	Q0	2469#27	0
2267	Q0	2524#0	0
2267	Q0	1525#18	0
2267	Q0	2502#30	0
2269	Q0	76143#0	1
2269	Q0	1360#4	0
2269	Q0	38402#4	0
2269	Q0	31542#0	0
2269	Q0	3581#5	0
2269	Q0	39083#3	0
2269	Q0	3418#52	0
2269	Q0	3581#0	0
2269	Q0	875#10	0
2269	Q0	6488#3	0
2269	Q0	13841#1	0
2270	Q0	28061#0	1
2270	Q0	29911#0	0
2270	Q0	28199#0	0
2270	Q0	28396#0	0
2270	Q0	23096#1	0
2270	Q0	28343#0	0
2270	Q0	49779#1	0
2270	Q0	22788#0	0
2270	Q0	29632#0	0
2270	Q0	28454#0	0
2271	Q0	21357#0	1
2271	Q0	26806#11	0
2271	Q0	48422#10	0
2271	Q0	32687#19	0
2271	Q0	23070#1	0
2271	Q0	50269#13	0
2271	Q0	22386#10	0
2271	Q0	4618#25	0
2271	Q0	18174#1	0
2271	Q0	32544#5	0
2272	Q0	93928#0	1
2272	Q0	11426#0	0
2272	Q0	2475#8	0
2272	Q0	9457#4	0
2272	Q0	38444#19	0
2272	Q0	6381#0	0
2272	Q0	6108#8	0
2272	Q0	12891#0	0
2272	Q0	6111#3	0
2272	Q0	3427#2	0
2273	Q0	21517#0	1
2273	Q0	27105#1	0
2273	Q0	32682#19	0
2273	Q0	26882#3	0
2273	Q0	27097#1	0
2273	Q0	26983#9	0
2273	Q0	34080#15	0
2273	Q0	51000#20	0
2273	Q0	34407#12	0
2273	Q0	36443#0	0
2273	Q0	32622#16	0
2275	Q0	8647#0	1
2275	Q0	54074#0	0
2275	Q0	17401#0	0
2275	Q0	32710#8	0
2275	Q0	17391#0	0
2275	Q0	34392#0	0
2275	Q0	17390#0	0
2275	Q0	49065#0	0
2275	Q0	17403#0	0
2275	Q0	17386#0	0
2276	Q0	53736#0	1
2276	Q0	16681#0	0
2276	Q0	49632#5	0
2276	Q0	16559#0	0
2276	Q0	53736#14	0
2276	Q0	53737#9	0
2276	Q0	53739#68	0
2276	Q0	53736#9	0
2276	Q0	53739#0	0
2276	Q0	21393#0	0
2280	Q0	105713#10	1
2280	Q0	105713#13	0
2280	Q0	105713#1	0
2280	Q0	105713#14	0
2280	Q0	105713#11	0
2280	Q0	105713#54	0
2280	Q0	105713#8	0
2280	Q0	105713#29	0
2280	Q0	105713#26	0
2280	Q0	105713#24	0
2280	Q0	105713#23	0
2281	Q0	22968#1	1
2281	Q0	22939#3	0
2281	Q0	7145#2	0
2281	Q0	22968#20	0
2281	Q0	57101#2	0
2281	Q0	32083#9	0
2281	Q0	26290#13	0
2281	Q0	52921#1	0
2281	Q0	9394#5	0
2281	Q0	32121#17	0
2283	Q0	34329#0	1
2283	Q0	49990#1	0
2283	Q0	34329#13	0
2283	Q0	49991#12	0
2283	Q0	34329#3	0
2283	Q0	34329#8	0
2283	Q0	34329#2	0
2283	Q0	34329#6	0
2283	Q0	34329#5	0
2283	Q0	34329#1	0
2285	Q0	22924#1	1
2285	Q0	22924#20	0
2285	Q0	53707#20	0
2285	Q0	32387#11	0
2285	Q0	53706#1	0
2285	Q0	32284#19	0
2285	Q0	1484#17	0
2285	Q0	26977#5	0
2285	Q0	53731#18	0
2285	Q0	53739#96	0
2286	Q0	38407#0	1
2286	Q0	38407#5	1
2286	Q0	1354#0	1
2286	Q0	268466#7	1
2286	Q0	268466#0	1
2286	Q0	38407#2	0
2286	Q0	38407#17	0
2286	Q0	38407#19	0
2286	Q0	17454#0	0
2286	Q0	38407#3	0
2287	Q0	117625#0	1
2287	Q0	35677#13	1
2287	Q0	26375#1	1
2287	Q0	1555#9	0
2287	Q0	1525#12	0
2287	Q0	47587#11	0
2287	Q0	15375#3	0
2287	Q0	15375#0	0
2287	Q0	1692#2	0
2287	Q0	100125#2	0
2288	Q0	1684#77	1
2288	Q0	60028#0	0
2288	Q0	1684#79	0
2288	Q0	56106#34	0
2288	Q0	6479#4	0
2288	Q0	804#7	0
2288	Q0	1133#6	0
2288	Q0	40368#86	0
2288	Q0	40616#5	0
2288	Q0	109668#11	0
2288	Q0	228653#12	0
2289	Q0	36728#0	1
2289	Q0	16629#1	0
2289	Q0	4715#3	0
2289	Q0	36891#0	0
2289	Q0	26039#0	0
2289	Q0	16912#0	0
2289	Q0	37794#5	0
2289	Q0	26039#4	0
2289	Q0	22517#6	0
2289	Q0	34328#6	0
2291	Q0	10277#0	1
2291	Q0	10277#13	1
2291	Q0	853#8	0
2291	Q0	1183#1	0
2291	Q0	2483#0	0
2291	Q0	99800#3	0
2291	Q0	1183#0	0
2291	Q0	1182#3	0
2291	Q0	21275#4	0
2291	Q0	38348#0	0
2291	Q0	56267#6	0
2292	Q0	110943#3	1
2292	Q0	110859#4	0
2292	Q0	110859#0	0
2292	Q0	107400#2	0
2292	Q0	111286#5	0
2292	Q0	110859#2	0
2292	Q0	55057#47	0
2292	Q0	110859#25	0
2292	Q0	55057#50	0
2292	Q0	110859#7	0
2292	Q0	110859#3	0
2293	Q0	263394#1	1
2293	Q0	52187#5	0
2293	Q0	263394#0	0
2293	Q0	32623#6	0
2293	Q0	32392#13	0
2293	Q0	52308#4	0
2293	Q0	38415#1	0
2293	Q0	37086#4	0
2293	Q0	34191#5	0
2293	Q0	5537#3	0
2294	Q0	34078#0	1
2294	Q0	51390#0	1
2294	Q0	34078#13	0
2294	Q0	51390#6	0
2294	Q0	32632#9	0
2294	Q0	32641#16	0
2294	Q0	52244#12	0
2294	Q0	18341#3	0
2294	Q0	21043#1	0
2294	Q0	32633#6	0
2296	Q0	786#20	1
2296	Q0	34038#1	1
2296	Q0	191422#0	0
2296	Q0	1360#29	0
2296	Q0	786#0	0
2296	Q0	786#2	0
2296	Q0	5477#4	0
2296	Q0	5773#1	0
2296	Q0	2560#7	0
2296	Q0	34038#0	0
2296	Q0	1393#13	0
2302	Q0	1570#0	1
2302	Q0	787#0	0
2302	Q0	787#11	0
2302	Q0	1479#2	0
2302	Q0	170701#1	0
2302	Q0	787#6	0
2302	Q0	1358#0	0
2302	Q0	1257#0	0
2302	Q0	787#1	0
2302	Q0	1394#0	0
2304	Q0	1762#30	1
2304	Q0	11612#3	0
2304	Q0	11612#19	0
2304	Q0	11612#0	0
2304	Q0	38241#0	0
2304	Q0	1193#5	0
2304	Q0	2938#117	0
2304	Q0	34672#37	0
2304	Q0	1762#1	0
2304	Q0	11612#22	0
2304	Q0	63710#9	0
2306	Q0	1487#1	1
2306	Q0	1393#11	1
2306	Q0	231340#1	0
2306	Q0	1393#3	0
2306	Q0	1487#5	0
2306	Q0	1487#41	0
2306	Q0	1487#21	0
2306	Q0	1685#1	0
2306	Q0	1487#0	0
2306	Q0	1391#9	0
2306	Q0	1390#1	0
2308	Q0	3562#0	1
2308	Q0	3562#3	0
2308	Q0	3562#4	0
2308	Q0	3562#9	0
2308	Q0	3562#10	0
2308	Q0	3562#1	0
2308	Q0	3562#6	0
2308	Q0	3562#2	0
2308	Q0	3562#8	0
2308	Q0	3562#11	0
2309	Q0	75676#0	1
2309	Q0	39207#1	1
2309	Q0	75676#1	1
2309	Q0	1152#1	0
2309	Q0	3562#0	0
2309	Q0	4567#4	0
2309	Q0	2489#0	0
2309	Q0	48710#1	0
2309	Q0	2488#1	0
2309	Q0	43757#1	0
2309	Q0	5388#1	0
2310	Q0	24400#0	1
2310	Q0	49088#11	0
2310	Q0	52413#10	0
2310	Q0	34407#12	0
2310	Q0	22489#12	0
2310	Q0	31976#19	0
2310	Q0	21369#0	0
2310	Q0	26862#4	0
2310	Q0	29152#0	0
2310	Q0	52581#1	0
2311	Q0	24593#0	1
2311	Q0	22780#0	0
2311	Q0	22780#5	0
2311	Q0	8703#0	0
2311	Q0	17713#0	0
2311	Q0	27762#0	0
2311	Q0	4650#0	0
2311	Q0	21009#0	0
2311	Q0	31981#0	0
2311	Q0	27154#0	0
2313	Q0	227768#0	1
2313	Q0	50532#1	0
2313	Q0	56595#1	0
2313	Q0	9255#1	0
2313	Q0	1522#8	0
2313	Q0	17918#1	0
2313	Q0	31396#1	0
2313	Q0	19676#2	0
2313	Q0	47160#27	0
2313	Q0	9344#2	0
2315	Q0	106201#0	1
2315	Q0	106201#3	0
2315	Q0	106201#7	0
2315	Q0	106201#5	0
2315	Q0	106201#2	0
2315	Q0	106201#8	0
2315	Q0	2451#34	0
2315	Q0	106201#6	0
2315	Q0	106201#18	0
2315	Q0	106201#22	0
2317	Q0	34110#0	1
2317	Q0	34110#13	0
2317	Q0	26658#6	0
2317	Q0	52341#0	0
2317	Q0	7551#1	0
2317	Q0	26977#5	0
2317	Q0	52244#12	0
2317	Q0	52308#5	0
2317	Q0	27096#1	0
2317	Q0	7231#1	0
2318	Q0	106446#0	1
2318	Q0	106446#1	0
2318	Q0	106446#2	0
2318	Q0	106446#12	0
2318	Q0	38037#0	0
2318	Q0	13455#10	0
2318	Q0	106446#4	0
2318	Q0	106446#10	0
2318	Q0	106446#3	0
2318	Q0	106446#16	0
2321	Q0	21580#0	1
2321	Q0	26977#5	0
2321	Q0	35219#19	0
2321	Q0	50356#6	0
2321	Q0	32198#13	0
2321	Q0	32358#10	0
2321	Q0	26819#11	0
2321	Q0	53706#1	0
2321	Q0	49679#1	0
2321	Q0	26945#5	0
2321	Q0	49746#0	0
2322	Q0	1392#0	1
2322	Q0	1119#0	1
2322	Q0	1392#13	0
2322	Q0	1392#4	0
2322	Q0	39390#9	0
2322	Q0	1119#4	0
2322	Q0	1392#14	0
2322	Q0	1487#2	0
2322	Q0	5666#3	0
2322	Q0	1360#31	0
2323	Q0	1392#0	1
2323	Q0	1392#4	0
2323	Q0	1392#33	0
2323	Q0	1392#5	0
2323	Q0	1392#25	0
2323	Q0	1360#24	0
2323	Q0	1360#18	0
2323	Q0	1392#24	0
2323	Q0	1360#22	0
2323	Q0	1392#2	0
2324	Q0	4666#0	1
2324	Q0	19516#2	0
2324	Q0	26306#1	0
2324	Q0	49464#1	0
2324	Q0	41092#1	0
2324	Q0	26429#1	0
2324	Q0	57167#2	0
2324	Q0	54033#1	0
2324	Q0	26303#1	0
2324	Q0	52489#0	0
2325	Q0	89262#3	1
2325	Q0	89262#0	0
2325	Q0	34616#2	0
2325	Q0	863#1	0
2325	Q0	89262#2	0
2325	Q0	89262#5	0
2325	Q0	26435#4	0
2325	Q0	11964#2	0
2325	Q0	35788#5	0
2325	Q0	54592#1	0
2328	Q0	165795#1	1
2328	Q0	9783#1	0
2328	Q0	2610#1	0
2328	Q0	1374#1	0
2328	Q0	38981#1	0
2328	Q0	47611#3	0
2328	Q0	5891#1	0
2328	Q0	7018#1	0
2328	Q0	34114#26	0
2328	Q0	4567#1	0
2328	Q0	39944#1	0
2329	Q0	252664#6	1
2329	Q0	66106#0	0
2329	Q0	56358#48	0
2329	Q0	13448#0	0
2329	Q0	11820#6	0
2329	Q0	7686#1	0
2329	Q0	1193#5	0
2329	Q0	1474#1	0
2329	Q0	55328#3	0
2329	Q0	13457#12	0
2329	Q0	11820#0	0
2330	Q0	66035#0	1
2330	Q0	45247#37	0
2330	Q0	34847#2	0
2330	Q0	41209#1	0
2330	Q0	47587#13	0
2330	Q0	3472#0	0
2330	Q0	1762#11	0
2330	Q0	18862#0	0
2330	Q0	245463#11	0
2330	Q0	53281#0	0
2331	Q0	28745#0	1
2331	Q0	14314#0	0
2331	Q0	49458#1	0
2331	Q0	17983#1	0
2331	Q0	36077#11	0
2331	Q0	34038#6	0
2331	Q0	5477#0	0
2331	Q0	37050#0	0
2331	Q0	16559#0	0
2331	Q0	21393#0	0
2332	Q0	5871#1	1
2332	Q0	154551#0	0
2332	Q0	7797#1	0
2332	Q0	6108#0	0
2332	Q0	5996#1	0
2332	Q0	9457#1	0
2332	Q0	9783#1	0
2332	Q0	47611#3	0
2332	Q0	5891#1	0
2332	Q0	40995#2	0
2332	Q0	41047#1	0
2333	Q0	253961#1	1
2333	Q0	9833#8	0
2333	Q0	9833#1	0
2333	Q0	9833#0	0
2333	Q0	9833#6	0
2333	Q0	9833#5	0
2333	Q0	9833#2	0
2333	Q0	9833#3	0
2333	Q0	9833#4	0
2333	Q0	9813#0	0
2333	Q0	222562#0	0
2334	Q0	9520#0	1
2334	Q0	9520#2	0
2334	Q0	9520#22	0
2334	Q0	9520#19	0
2334	Q0	9520#7	0
2334	Q0	9520#18	0
2334	Q0	9520#1	0
2334	Q0	9520#21	0
2334	Q0	9520#20	0
2334	Q0	9520#16	0
2335	Q0	21774#0	1
2335	Q0	32212#12	0
2335	Q0	50797#2	0
2335	Q0	34407#12	0
2335	Q0	32698#11	0
2335	Q0	26658#6	0
2335	Q0	27096#1	0
2335	Q0	32698#17	0
2335	Q0	26977#5	0
2335	Q0	26561#5	0
2337	Q0	6471#1	1
2337	Q0	6471#0	0
2337	Q0	6471#15	0
2337	Q0	1511#9	0
2337	Q0	6471#2	0
2337	Q0	6471#4	0
2337	Q0	6471#13	0
2337	Q0	9783#1	0
2337	Q0	6471#3	0
2337	Q0	6471#8	0
2338	Q0	4257#6	1
2338	Q0	4257#0	0
2338	Q0	6969#10	0
2338	Q0	4257#8	0
2338	Q0	60190#1	0
2338	Q0	39114#0	0
2338	Q0	4257#4	0
2338	Q0	56626#1	0
2338	Q0	46722#10	0
2338	Q0	18627#6	0
2340	Q0	26375#0	1
2340	Q0	1512#0	0
2340	Q0	57163#0	0
2340	Q0	1487#1	0
2340	Q0	26375#7	0
2340	Q0	1589#0	0
2340	Q0	8547#0	0
2340	Q0	48742#0	0
2340	Q0	26375#8	0
2340	Q0	1350#0	0
2341	Q0	251668#0	1
2341	Q0	251668#1	0
2341	Q0	5996#6	0
2341	Q0	7828#0	0
2341	Q0	53282#0	0
2341	Q0	6153#2	0
2341	Q0	10907#1	0
2341	Q0	47505#3	0
2341	Q0	11038#1	0
2341	Q0	11054#0	0
2341	Q0	37207#3	0
2345	Q0	1359#0	1
2345	Q0	1359#6	1
2345	Q0	1359#1	0
2345	Q0	1488#0	0
2345	Q0	53911#16	0
2345	Q0	53911#1	0
2345	Q0	7906#1	0
2345	Q0	1257#27	0
2345	Q0	5528#9	0
2346	Q0	93100#0	1
2346	Q0	47327#14	1
2346	Q0	53283#13	1
2346	Q0	47017#17	0
2346	Q0	47018#5	0
2346	Q0	35677#16	0
2346	Q0	39810#1	0
2346	Q0	3418#156	0
2346	Q0	4531#9	0
2346	Q0	1692#5	0
2347	Q0	107726#3	1
2347	Q0	107726#0	0
2347	Q0	107726#6	0
2347	Q0	107726#8	0
2347	Q0	107726#14	0
2347	Q0	107726#7	0
2347	Q0	107726#48	0
2347	Q0	107726#9	0
2347	Q0	107726#46	0
2347	Q0	107726#28	0
2348	Q0	36186#1	1
2348	Q0	36188#0	1
2348	Q0	36184#19	0
2348	Q0	5915#17	0
2348	Q0	32287#18	0
2348	Q0	31515#24	0
2348	Q0	32619#13	0
2348	Q0	5915#18	0
2348	Q0	49265#32	0
2348	Q0	52413#10	0
2348	Q0	26452#0	0
2349	Q0	227154#0	1
2349	Q0	47021#15	0
2349	Q0	7551#1	0
2349	Q0	2423#0	0
2349	Q0	31815#15	0
2349	Q0	19682#2	0
2349	Q0	57168#1	0
2349	Q0	36727#0	0
2349	Q0	14334#1	0
2349	Q0	57156#2	0
2350	Q0	5699#0	1
2350	Q0	5699#2	1
2350	Q0	38817#3	0
2350	Q0	31976#17	0
2350	Q0	5930#5	0
2350	Q0	7919#10	0
2350	Q0	29741#3	0
2350	Q0	40893#8	0
2350	Q0	4906#8	0
2350	Q0	257265#2	0
2351	Q0	34026#0	1
2351	Q0	26915#0	0
2351	Q0	34026#6	0
2351	Q0	34026#10	0
2351	Q0	16236#0	0
2351	Q0	16501#0	0
2351	Q0	28775#0	0
2351	Q0	22096#0	0
2351	Q0	24411#0	0
2351	Q0	28759#0	0
2352	Q0	1522#12	1
2352	Q0	1563#0	1
2352	Q0	1522#11	0
2352	Q0	1563#2	0
2352	Q0	1535#2	0
2352	Q0	1591#36	0
2352	Q0	1563#1	0
2352	Q0	1580#6	0
2352	Q0	829#0	0
2352	Q0	1529#25	0
2354	Q0	48728#1	1
2354	Q0	32687#19	0
2354	Q0	26882#3	0
2354	Q0	26806#11	0
2354	Q0	48310#13	0
2354	Q0	50269#13	0
2354	Q0	32047#17	0
2354	Q0	17934#1	0
2354	Q0	16533#0	0
2354	Q0	32682#19	0
2354	Q0	21646#0	0
2355	Q0	108970#9	1
2355	Q0	108970#2	0
2355	Q0	1889#1	0
2355	Q0	1764#19	0
2355	Q0	829#0	0
2355	Q0	47327#55	0
2355	Q0	53283#62	0
2355	Q0	1581#15	0
2355	Q0	35753#26	0
2355	Q0	1565#1	0
2355	Q0	88112#82	0
2356	Q0	9835#0	1
2356	Q0	9835#7	1
2356	Q0	9835#27	0
2356	Q0	9835#5	0
2356	Q0	39085#12	0
2356	Q0	39085#15	0
2356	Q0	9835#1	0
2356	Q0	9835#10	0
2356	Q0	39726#14	0
2356	Q0	39085#10	0
2356	Q0	40189#17	0
2358	Q0	103793#1	1
2358	Q0	103793#74	1
2358	Q0	103793#72	0
2358	Q0	53283#100	0
2358	Q0	103793#75	0
2358	Q0	1684#154	0
2358	Q0	103793#73	0
2358	Q0	45463#4	0
2358	Q0	49698#16	0
2358	Q0	55376#4	0
2359	Q0	34672#9	1
2359	Q0	64215#1	0
2359	Q0	45309#9	0
2359	Q0	13245#0	0
2359	Q0	13245#10	0
2359	Q0	19747#23	0
2359	Q0	83620#0	0
2359	Q0	48596#33	0
2359	Q0	47160#23	0
2359	Q0	47160#24	0
2359	Q0	47160#22	0
2360	Q0	24725#0	1
2360	Q0	24725#4	0
2360	Q0	24938#0	0
2360	Q0	24725#8	0
2360	Q0	24725#7	0
2360	Q0	24725#5	0
2360	Q0	24935#0	0
2360	Q0	24725#2	0
2360	Q0	24725#9	0
2360	Q0	24937#0	0
2361	Q0	132116#0	1
2361	Q0	132116#2	0
2361	Q0	132116#5	0
2361	Q0	132185#0	0
2361	Q0	1684#79	0
2361	Q0	5740#4	0
2361	Q0	27632#9	0
2361	Q0	40743#13	0
2361	Q0	40368#75	0
2361	Q0	23918#1	0
2362	Q0	82810#0	1
2362	Q0	47160#26	1
2362	Q0	40839#0	0
2362	Q0	47018#39	0
2362	Q0	47326#0	0
2362	Q0	47327#23	0
2362	Q0	55165#3	0
2362	Q0	53283#26	0
2362	Q0	3894#5	0
2362	Q0	47327#0	0
2362	Q0	47327#22	0
2364	Q0	20545#1	1
2364	Q0	57156#2	0
2364	Q0	9197#2	0
2364	Q0	20691#1	0
2364	Q0	17966#1	0
2364	Q0	18289#0	0
2364	Q0	35219#19	0
2364	Q0	50488#1	0
2364	Q0	17928#1	0
2364	Q0	57090#1	0
2365	Q0	34134#0	1
2365	Q0	48903#5	0
2365	Q0	15565#0	0
2365	Q0	52619#3	0
2365	Q0	21729#0	0
2365	Q0	48903#0	0
2365	Q0	34134#2	0
2365	Q0	40535#0	0
2365	Q0	25707#5	0
2365	Q0	52619#0	0
2366	Q0	7100#2	1
2366	Q0	54707#0	1
2366	Q0	54710#0	1
2366	Q0	54711#11	0
2366	Q0	54710#14	0
2366	Q0	26429#1	0
2366	Q0	26819#11	0
2366	Q0	23412#15	0
2366	Q0	18326#1	0
2366	Q0	57167#2	0
2366	Q0	52518#1	0
2367	Q0	227792#0	1
2367	Q0	48359#20	0
2367	Q0	26734#12	0
2367	Q0	23207#28	0
2367	Q0	27130#3	0
2367	Q0	47382#21	0
2367	Q0	32634#11	0
2367	Q0	32640#19	0
2367	Q0	48359#0	0
2367	Q0	32294#17	0
2368	Q0	34004#0	1
2368	Q0	34004#7	0
2368	Q0	34004#12	0
2368	Q0	34004#1	0
2368	Q0	34004#13	0
2368	Q0	34004#10	0
2368	Q0	34004#4	0
2368	Q0	34004#5	0
2368	Q0	34004#6	0
2368	Q0	34004#8	0
2370	Q0	150007#0	1
2370	Q0	23948#0	0
2370	Q0	39726#3	0
2370	Q0	46831#0	0
2370	Q0	50683#0	0
2370	Q0	39726#1	0
2370	Q0	41411#1	0
2370	Q0	6122#1	0
2370	Q0	38224#1	0
2371	Q0	7836#1	1
2371	Q0	7836#2	0
2371	Q0	110936#8	0
2371	Q0	100456#14	0
2371	Q0	8536#10	0
2371	Q0	106820#41	0
2371	Q0	109687#0	0
2371	Q0	107805#46	0
2371	Q0	109687#16	0
2371	Q0	1717#3	0
2372	Q0	82056#6	1
2372	Q0	60028#0	1
2372	Q0	3451#7	0
2372	Q0	82056#0	0
2372	Q0	82056#5	0
2372	Q0	82056#3	0
2372	Q0	60058#0	0
2372	Q0	82056#4	0
2372	Q0	54598#5	0
2372	Q0	53242#2	0
2372	Q0	11612#9	0
2373	Q0	50140#0	1
2373	Q0	50141#0	1
2373	Q0	17980#1	0
2373	Q0	26605#0	0
2373	Q0	33523#1	0
2373	Q0	34080#15	0
2373	Q0	50142#1	0
2373	Q0	50140#1	0
2373	Q0	52244#12	0
2373	Q0	26491#1	0
2376	Q0	214665#40	1
2376	Q0	110769#0	0
2376	Q0	43757#0	0
2376	Q0	3418#123	0
2376	Q0	1591#6	0
2376	Q0	39316#0	0
2376	Q0	43757#1	0
2376	Q0	43757#7	0
2376	Q0	43757#12	0
2376	Q0	43757#27	0
2376	Q0	3418#125	0
2377	Q0	84896#4	1
2377	Q0	39630#0	0
2377	Q0	5891#1	0
2377	Q0	9462#1	0
2377	Q0	2517#1	0
2377	Q0	2495#1	0
2377	Q0	39101#0	0
2377	Q0	34612#1	0
2377	Q0	39192#1	0
2377	Q0	13533#1	0
2379	Q0	82810#0	1
2379	Q0	47327#6	0
2379	Q0	47327#3	0
2379	Q0	47327#9	0
2379	Q0	47327#0	0
2379	Q0	47327#15	0
2379	Q0	47327#1	0
2379	Q0	47326#0	0
2379	Q0	47327#2	0
2379	Q0	27383#4	0
2380	Q0	26375#0	1
2380	Q0	1592#3	0
2380	Q0	1592#0	0
2380	Q0	1592#7	0
2380	Q0	1765#2	0
2380	Q0	1592#2	0
2380	Q0	1592#1	0
2380	Q0	1592#6	0
2380	Q0	1573#2	0
2380	Q0	1592#5	0
2381	Q0	5296#0	1
2381	Q0	27038#19	0
2381	Q0	32044#18	0
2381	Q0	32335#20	0
2381	Q0	51835#3	0
2381	Q0	51706#20	0
2381	Q0	1790#21	0
2381	Q0	49088#11	0
2381	Q0	26610#0	0
2381	Q0	32395#13	0
2381	Q0	32660#14	0
2383	Q0	8619#3	1
2383	Q0	268466#4	0
2383	Q0	38407#24	0
2383	Q0	7916#0	0
2383	Q0	38407#4	0
2383	Q0	50466#0	0
2383	Q0	20662#2	0
2383	Q0	16847#0	0
2383	Q0	49734#0	0
2383	Q0	41157#61	0
2383	Q0	1351#26	0
2385	Q0	73219#5	1
2385	Q0	1133#6	1
2385	Q0	16379#19	0
2385	Q0	47018#63	0
2385	Q0	804#7	0
2385	Q0	269848#2	0
2385	Q0	126159#0	0
2385	Q0	45309#9	0
2385	Q0	254974#9	0
2385	Q0	38839#1	0
2385	Q0	23918#1	0
2387	Q0	78655#0	1
2387	Q0	40814#2	1
2387	Q0	39078#7	0
2387	Q0	8726#0	0
2387	Q0	5727#2	0
2387	Q0	39058#7	0
2387	Q0	13638#0	0
2387	Q0	45289#0	0
2387	Q0	37171#49	0
2387	Q0	11928#2	0
2387	Q0	13188#1	0
2388	Q0	29051#0	1
2388	Q0	52959#4	0
2388	Q0	34358#11	0
2388	Q0	49632#5	0
2388	Q0	52958#4	0
2388	Q0	22124#5	0
2388	Q0	34358#0	0
2388	Q0	34370#5	0
2388	Q0	15976#1	0
2388	Q0	28835#0	0
2389	Q0	37049#0	1
2389	Q0	37050#0	1
2389	Q0	37044#0	1
2389	Q0	8577#1	1
2389	Q0	16726#6	0
2389	Q0	15827#1	0
2389	Q0	15822#1	0
2389	Q0	15825#1	0
2389	Q0	16559#0	0
2389	Q0	53765#0	0
2390	Q0	1393#2	1
2390	Q0	1685#38	1
2390	Q0	2432#1	0
2390	Q0	34445#5	0
2390	Q0	2396#13	0
2390	Q0	1393#18	0
2390	Q0	2454#1	0
2390	Q0	1685#2	0
2390	Q0	7235#10	0
2390	Q0	1393#30	0
2391	Q0	7836#1	1
2391	Q0	110936#8	1
2391	Q0	107805#2	0
2391	Q0	7836#7	0
2391	Q0	5740#3	0
2391	Q0	9108#2	0
2391	Q0	55818#23	0
2391	Q0	7836#8	0
2391	Q0	109110#7	0
2391	Q0	11167#7	0
2392	Q0	31981#0	1
2392	Q0	31957#14	0
2392	Q0	34158#15	0
2392	Q0	32687#19	0
2392	Q0	5915#17	0
2392	Q0	1496#7	0
2392	Q0	34040#17	0
2392	Q0	48310#13	0
2392	Q0	32314#11	0
2392	Q0	1496#3	0
2393	Q0	34525#3	1
2393	Q0	34525#2	0
2393	Q0	34525#10	0
2393	Q0	34525#5	0
2393	Q0	35813#1	0
2393	Q0	11820#35	0
2393	Q0	34525#0	0
2393	Q0	34525#7	0
2393	Q0	11820#29	0
2393	Q0	34525#18	0
2395	Q0	15902#0	1
2395	Q0	8620#1	0
2395	Q0	50938#15	0
2395	Q0	53662#3	0
2395	Q0	17229#0	0
2395	Q0	22288#0	0
2395	Q0	21290#1	0
2395	Q0	26945#5	0
2395	Q0	26805#10	0
2395	Q0	17598#0	0
2396	Q0	58424#0	1
2396	Q0	58423#0	1
2396	Q0	27097#1	0
2396	Q0	50082#9	0
2396	Q0	34407#12	0
2396	Q0	53706#1	0
2396	Q0	35219#19	0
2396	Q0	32046#15	0
2396	Q0	50238#20	0
2396	Q0	26491#1	0
2396	Q0	32295#16	0
2398	Q0	117701#0	1
2398	Q0	12816#2	0
2398	Q0	38444#19	0
2398	Q0	10490#0	0
2398	Q0	10578#0	0
2398	Q0	10605#0	0
2398	Q0	11106#0	0
2398	Q0	53152#5	0
2398	Q0	10568#0	0
2398	Q0	13857#0	0
2399	Q0	49195#0	1
2399	Q0	32268#16	0
2399	Q0	32640#19	0
2399	Q0	27130#3	0
2399	Q0	15962#1	0
2399	Q0	26076#1	0
2399	Q0	35219#19	0
2399	Q0	51523#12	0
2399	Q0	51706#20	0
2399	Q0	34391#0	0
2400	Q0	139444#0	1
2400	Q0	34324#16	0
2400	Q0	51025#1	0
2400	Q0	51025#0	0
2400	Q0	50824#0	0
2400	Q0	32397#9	0
2400	Q0	8641#0	0
2400	Q0	1307#15	0
2400	Q0	26447#2	0
2400	Q0	9252#0	0
2401	Q0	48886#0	1
2401	Q0	48885#0	1
2401	Q0	48886#16	0
2401	Q0	32052#11	0
2401	Q0	32471#14	0
2401	Q0	26947#18	0
2401	Q0	26862#4	0
2401	Q0	41157#52	0
2401	Q0	2733#3	0
2401	Q0	8242#16	0
2402	Q0	39034#0	1
2402	Q0	9108#13	0
2402	Q0	11038#1	0
2402	Q0	11912#0	0
2402	Q0	11129#0	0
2402	Q0	38455#6	0
2402	Q0	39034#4	0
2402	Q0	13303#2	0
2402	Q0	16379#18	0
2402	Q0	13223#0	0
2403	Q0	132527#0	1
2403	Q0	34894#15	0
2403	Q0	34894#9	0
2403	Q0	34894#4	0
2403	Q0	2505#50	0
2403	Q0	34894#0	0
2403	Q0	1397#19	0
2403	Q0	38314#5	0
2403	Q0	34894#11	0
2403	Q0	39192#38	0
2404	Q0	23045#0	1
2404	Q0	34010#0	0
2404	Q0	54083#0	0
2404	Q0	21503#0	0
2404	Q0	10223#0	0
2404	Q0	17484#0	0
2404	Q0	22635#0	0
2404	Q0	16025#0	0
2404	Q0	16559#0	0
2404	Q0	24149#0	0
2405	Q0	103831#2	1
2405	Q0	103831#0	1
2405	Q0	103831#15	0
2405	Q0	103831#6	0
2405	Q0	35890#3	0
2405	Q0	103831#7	0
2405	Q0	103831#28	0
2405	Q0	103831#3	0
2405	Q0	103831#9	0
2405	Q0	104477#2	0
2405	Q0	103831#11	0
2406	Q0	34437#0	1
2406	Q0	34356#17	0
2406	Q0	34437#2	0
2406	Q0	21566#2	0
2406	Q0	32647#0	0
2406	Q0	54632#1	0
2406	Q0	34435#3	0
2406	Q0	47283#0	0
2406	Q0	10223#0	0
2406	Q0	54047#9	0
2407	Q0	99075#0	1
2407	Q0	47505#8	0
2407	Q0	2475#22	0
2407	Q0	32975#4	0
2407	Q0	2517#10	0
2407	Q0	40132#3	0
2407	Q0	5891#12	0
2407	Q0	32634#10	0
2407	Q0	2541#10	0
2407	Q0	2469#28	0
2408	Q0	102872#44	1
2408	Q0	102872#0	0
2408	Q0	31410#4	0
2408	Q0	102872#34	0
2408	Q0	31410#0	0
2408	Q0	102872#4	0
2408	Q0	102872#65	0
2408	Q0	3730#16	0
2408	Q0	56255#1	0
2408	Q0	48742#0	0
2410	Q0	108821#0	1
2410	Q0	54582#6	0
2410	Q0	108821#2	0
2410	Q0	9520#3	0
2410	Q0	54582#11	0
2410	Q0	9520#14	0
2410	Q0	37177#0	0
2410	Q0	9520#12	0
2410	Q0	9520#9	0
2410	Q0	252086#1	0
2411	Q0	74408#0	1
2411	Q0	3489#28	0
2411	Q0	3489#15	0
2411	Q0	50133#16	0
2411	Q0	3489#13	0
2411	Q0	35896#3	0
2411	Q0	3055#0	0
2411	Q0	3489#14	0
2411	Q0	3048#11	0
2411	Q0	3581#0	0
2412	Q0	72077#0	1
2412	Q0	12272#2	0
2412	Q0	13414#1	0
2412	Q0	7364#5	0
2412	Q0	16379#10	0
2412	Q0	39726#3	0
2412	Q0	55818#7	0
2412	Q0	10560#2	0
2412	Q0	3613#6	0
2412	Q0	3581#4	0
2412	Q0	27258#1	0
2413	Q0	74840#0	1
2413	Q0	1848#3	0
2413	Q0	39192#1	0
2413	Q0	5655#1	0
2413	Q0	39298#3	0
2413	Q0	41047#1	0
2413	Q0	2502#2	0
2413	Q0	4531#1	0
2413	Q0	74840#1	0
2413	Q0	34850#2	0
2414	Q0	1487#1	1
2414	Q0	1487#0	0
2414	Q0	31396#1	0
2414	Q0	2391#7	0
2414	Q0	1393#3	0
2414	Q0	47160#27	0
2414	Q0	48129#1	0
2414	Q0	9219#1	0
2414	Q0	2731#2	0
2414	Q0	47327#22	0
2414	Q0	1599#2	0
2415	Q0	21493#0	1
2415	Q0	21493#5	0
2415	Q0	21493#6	0
2415	Q0	21493#7	0
2415	Q0	34346#2	0
2415	Q0	21493#1	0
2415	Q0	23020#1	0
2415	Q0	36885#0	0
2415	Q0	36798#0	0
2415	Q0	33615#0	0
2416	Q0	75230#21	1
2416	Q0	47160#27	0
2416	Q0	1764#11	0
2416	Q0	1530#2	0
2416	Q0	1530#19	0
2416	Q0	55087#20	0
2416	Q0	47327#24	0
2416	Q0	1684#56	0
2416	Q0	55092#15	0
2416	Q0	1535#15	0
2417	Q0	33493#1	1
2417	Q0	37043#14	0
2417	Q0	53739#96	0
2417	Q0	53739#94	0
2417	Q0	53706#1	0
2417	Q0	16681#0	0
2417	Q0	34309#11	0
2417	Q0	52514#0	0
2417	Q0	32345#0	0
2417	Q0	34271#10	0
2417	Q0	53707#20	0
2418	Q0	51040#0	1
2418	Q0	51040#4	0
2418	Q0	40839#1	0
2418	Q0	37263#0	0
2418	Q0	47327#5	0
2418	Q0	47327#17	0
2418	Q0	47327#1	0
2418	Q0	7662#12	0
2418	Q0	51040#3	0
2418	Q0	35677#26	0
2419	Q0	32206#5	1
2419	Q0	38402#45	0
2419	Q0	47636#4	0
2419	Q0	35306#7	0
2419	Q0	55876#1	0
2419	Q0	12065#3	0
2419	Q0	32206#1	0
2419	Q0	49574#4	0
2419	Q0	35705#1	0
2419	Q0	1775#5	0
2419	Q0	12668#35	0
2420	Q0	105836#3	1
2420	Q0	105836#4	0
2420	Q0	35890#3	0
2420	Q0	105836#15	0
2420	Q0	55092#10	0
2420	Q0	105836#21	0
2420	Q0	105836#17	0
2420	Q0	105836#0	0
2420	Q0	105836#32	0
2420	Q0	55092#36	0
2421	Q0	9386#1	1
2421	Q0	26510#12	0
2421	Q0	32356#2	0
2421	Q0	26413#11	0
2421	Q0	26751#1	0
2421	Q0	53993#17	0
2421	Q0	26982#7	0
2421	Q0	22489#12	0
2421	Q0	50144#1	0
2421	Q0	26665#6	0
2423	Q0	54972#1	1
2423	Q0	2495#1	1
2423	Q0	5348#1	0
2423	Q0	2468#1	0
2423	Q0	2495#7	0
2423	Q0	54981#1	0
2423	Q0	39630#0	0
2423	Q0	38417#1	0
2423	Q0	2469#1	0
2423	Q0	2488#1	0
2424	Q0	174507#2	1
2424	Q0	174514#1	0
2424	Q0	6470#1	0
2424	Q0	2505#49	0
2424	Q0	40368#80	0
2424	Q0	1912#0	0
2424	Q0	13763#7	0
2424	Q0	1904#24	0
2424	Q0	1360#14	0
2424	Q0	174514#3	0
2424	Q0	1525#18	0
2425	Q0	47347#1	1
2425	Q0	10625#0	0
2425	Q0	38981#17	0
2425	Q0	12272#2	0
2425	Q0	39726#3	0
2425	Q0	40138#1	0
2425	Q0	12778#1	0
2425	Q0	6275#0	0
2425	Q0	47347#0	0
2425	Q0	40147#4	0
2426	Q0	8726#1	1
2426	Q0	38981#1	0
2426	Q0	2610#1	0
2426	Q0	40136#1	0
2426	Q0	8726#0	0
2426	Q0	9108#1	0
2426	Q0	34933#2	0
2426	Q0	38417#1	0
2426	Q0	27012#15	0
2426	Q0	9150#1	0
2427	Q0	105167#0	1
2427	Q0	40007#0	0
2427	Q0	10625#0	0
2427	Q0	40860#9	0
2427	Q0	1160#1	0
2427	Q0	1169#2	0
2427	Q0	2475#1	0
2427	Q0	3699#3	0
2427	Q0	6472#1	0
2427	Q0	39726#3	0
2428	Q0	55371#0	1
2428	Q0	37207#3	0
2428	Q0	875#2	0
2428	Q0	7804#1	0
2428	Q0	11119#2	0
2428	Q0	47055#1	0
2428	Q0	4438#0	0
2428	Q0	1226#3	0
2428	Q0	3077#4	0
2428	Q0	76155#6	0
2430	Q0	24767#0	1
2430	Q0	32691#16	0
2430	Q0	50369#1	0
2430	Q0	19026#0	0
2430	Q0	32622#16	0
2430	Q0	32264#21	0
2430	Q0	18924#1	0
2430	Q0	18482#1	0
2430	Q0	32362#7	0
2430	Q0	49575#25	0
2431	Q0	9384#1	1
2431	Q0	50727#8	0
2431	Q0	54228#9	0
2431	Q0	52391#1	0
2431	Q0	54229#2	0
2431	Q0	52235#1	0
2431	Q0	17961#0	0
2431	Q0	50699#4	0
2431	Q0	50727#0	0
2431	Q0	38817#3	0
2432	Q0	51729#1	1
2432	Q0	51730#0	1
2432	Q0	26596#7	0
2432	Q0	50227#16	0
2432	Q0	22866#1	0
2432	Q0	22651#5	0
2432	Q0	37076#13	0
2432	Q0	34080#15	0
2432	Q0	49208#6	0
2432	Q0	22651#0	0
2432	Q0	34133#19	0
2433	Q0	132317#2	1
2433	Q0	3427#2	0
2433	Q0	2475#8	0
2433	Q0	9457#4	0
2433	Q0	35084#14	0
2433	Q0	39726#8	0
2433	Q0	3832#0	0
2433	Q0	39249#8	0
2433	Q0	13248#0	0
2433	Q0	3841#0	0
2433	Q0	3831#0	0
2434	Q0	107177#2	1
2434	Q0	107177#8	0
2434	Q0	1307#18	0
2434	Q0	4906#8	0
2434	Q0	40006#4	0
2434	Q0	1598#14	0
2434	Q0	29741#3	0
2434	Q0	107177#7	0
2434	Q0	6108#7	0
2434	Q0	6108#6	0
2435	Q0	65442#0	1
2435	Q0	65442#1	0
2435	Q0	35602#1	0
2435	Q0	52308#4	0
2435	Q0	35602#2	0
2435	Q0	51706#11	0
2435	Q0	49491#18	0
2435	Q0	5537#3	0
2435	Q0	40007#0	0
2435	Q0	12778#1	0
2436	Q0	13457#1	1
2436	Q0	5321#3	1
2436	Q0	13457#7	1
2436	Q0	247578#2	0
2436	Q0	5913#9	0
2436	Q0	40823#0	0
2436	Q0	2512#12	0
2436	Q0	51948#20	0
2436	Q0	34233#22	0
2436	Q0	27182#5	0
2436	Q0	13457#9	0
2438	Q0	1574#1	1
2438	Q0	1574#2	0
2438	Q0	1574#5	0
2438	Q0	1580#1	0
2438	Q0	1580#4	0
2438	Q0	1580#0	0
2438	Q0	1578#0	0
2438	Q0	2416#2	0
2438	Q0	1581#3	0
2440	Q0	2443#4	1
2440	Q0	2443#7	0
2440	Q0	2443#15	0
2440	Q0	2443#0	0
2440	Q0	2443#20	0
2440	Q0	2443#8	0
2440	Q0	34334#2	0
2440	Q0	1395#13	0
2440	Q0	157919#4	0
2440	Q0	1764#11	0
2441	Q0	169187#1	1
2441	Q0	5891#1	0
2441	Q0	5348#1	0
2441	Q0	13533#1	0
2441	Q0	54657#10	0
2441	Q0	9462#1	0
2441	Q0	34159#16	0
2441	Q0	54657#9	0
2441	Q0	169187#3	0
2441	Q0	2610#1	0
2443	Q0	34848#12	1
2443	Q0	34848#22	1
2443	Q0	34848#18	1
2443	Q0	34848#3	1
2443	Q0	34848#2	0
2443	Q0	34848#24	0
2443	Q0	34848#28	0
2443	Q0	34848#23	0
2443	Q0	34848#19	0
2443	Q0	34848#11	0
2445	Q0	34420#0	1
2445	Q0	8620#1	0
2445	Q0	32626#7	0
2445	Q0	50269#13	0
2445	Q0	52244#12	0
2445	Q0	26819#11	0
2445	Q0	53739#96	0
2445	Q0	34431#12	0
2445	Q0	18924#1	0
2445	Q0	51209#19	0
2445	Q0	1819#19	0
2446	Q0	27393#0	1
2446	Q0	1294#28	1
2446	Q0	27393#3	1
2446	Q0	27393#4	0
2446	Q0	27393#1	0
2446	Q0	55091#25	0
2446	Q0	829#3	0
2446	Q0	39390#17	0
2446	Q0	1530#47	0
2446	Q0	38939#0	0
2448	Q0	106784#4	1
2448	Q0	106784#16	0
2448	Q0	106784#15	0
2448	Q0	106784#7	0
2448	Q0	2469#2	0
2448	Q0	4929#1	0
2448	Q0	40147#6	0
2448	Q0	39192#1	0
2448	Q0	38444#20	0
2448	Q0	33995#4	0
2449	Q0	61162#0	1
2449	Q0	47478#0	0
2449	Q0	6061#16	0
2449	Q0	6822#25	0
2449	Q0	170090#0	0
2449	Q0	19501#5	0
2449	Q0	2395#14	0
2449	Q0	53911#10	0
2449	Q0	54210#14	0
2449	Q0	23420#18	0
2450	Q0	100750#4	1
2450	Q0	6989#1	0
2450	Q0	6989#5	0
2450	Q0	2475#11	0
2450	Q0	61058#4	0
2450	Q0	55600#2	0
2450	Q0	1403#27	0
2450	Q0	39424#1	0
2450	Q0	9820#3	0
2450	Q0	1205#6	0
2453	Q0	4413#1	1
2453	Q0	32268#6	0
2453	Q0	1874#4	0
2453	Q0	32406#2	0
2453	Q0	6741#7	0
2453	Q0	2394#5	0
2453	Q0	2395#11	0
2453	Q0	51025#1	0
2453	Q0	2395#9	0
2453	Q0	29862#0	0
2455	Q0	26079#1	1
2455	Q0	41060#19	0
2455	Q0	50028#5	0
2455	Q0	15687#4	0
2455	Q0	10223#0	0
2455	Q0	49099#6	0
2455	Q0	34423#8	0
2455	Q0	50803#5	0
2455	Q0	49858#5	0
2455	Q0	54530#1	0
2457	Q0	205109#1	1
2457	Q0	12272#2	0
2457	Q0	46703#2	0
2457	Q0	2519#2	0
2457	Q0	1169#2	0
2457	Q0	12895#1	0
2457	Q0	9462#1	0
2457	Q0	31542#9	0
2457	Q0	11574#2	0
2457	Q0	40007#0	0
2458	Q0	142799#4	1
2458	Q0	142799#19	0
2458	Q0	142799#6	0
2458	Q0	39192#1	0
2458	Q0	142799#20	0
2458	Q0	142799#25	0
2458	Q0	39617#1	0
2458	Q0	5314#1	0
2458	Q0	142799#5	0
2458	Q0	7827#1	0
2459	Q0	64914#0	1
2459	Q0	64914#9	1
2459	Q0	64914#15	0
2459	Q0	1395#13	0
2459	Q0	83661#20	0
2459	Q0	64914#12	0
2459	Q0	7551#1	0
2459	Q0	110465#4	0
2459	Q0	106855#51	0
2459	Q0	47327#22	0
2461	Q0	17506#0	1
2461	Q0	49265#32	0
2461	Q0	49088#11	0
2461	Q0	35219#19	0
2461	Q0	31515#24	0
2461	Q0	32619#13	0
2461	Q0	26505#0	0
2461	Q0	34208#20	0
2461	Q0	8242#16	0
2461	Q0	22237#0	0
2462	Q0	5261#0	1
2462	Q0	34080#15	0
2462	Q0	50238#20	0
2462	Q0	37076#13	0
2462	Q0	21864#0	0
2462	Q0	50227#16	0
2462	Q0	26491#1	0
2462	Q0	34133#19	0
2462	Q0	50209#0	0
2462	Q0	34327#13	0
2465	Q0	24553#0	1
2465	Q0	53707#20	0
2465	Q0	53739#96	0
2465	Q0	37153#15	0
2465	Q0	37043#14	0
2465	Q0	26819#11	0
2465	Q0	49504#2	0
2465	Q0	26605#0	0
2465	Q0	48310#13	0
2465	Q0	34415#14	0
2465	Q0	26641#1	0
2468	Q0	47438#0	1
2468	Q0	47438#5	0
2468	Q0	47438#24	0
2468	Q0	47438#4	0
2468	Q0	47438#6	0
2468	Q0	47438#7	0
2468	Q0	47438#2	0
2468	Q0	48599#0	0
2468	Q0	48600#12	0
2468	Q0	47438#26	0
2469	Q0	22759#0	1
2469	Q0	22759#5	0
2469	Q0	33678#7	0
2469	Q0	22759#3	0
2469	Q0	52662#0	0
2469	Q0	22759#6	0
2469	Q0	36551#7	0
2469	Q0	16121#6	0
2469	Q0	24503#0	0
2469	Q0	22759#2	0
2471	Q0	40839#0	1
2471	Q0	34669#6	0
2471	Q0	1764#11	0
2471	Q0	47327#22	0
2471	Q0	47327#24	0
2471	Q0	47327#59	0
2471	Q0	47438#26	0
2471	Q0	47160#27	0
2471	Q0	48600#24	0
2471	Q0	3730#3	0
2472	Q0	5727#0	1
2472	Q0	5727#3	0
2472	Q0	12120#0	0
2472	Q0	10237#8	0
2472	Q0	27234#1	0
2472	Q0	16354#1	0
2472	Q0	13414#1	0
2472	Q0	34056#28	0
2472	Q0	40524#0	0
2472	Q0	13237#1	0
2472	Q0	13986#0	0
2474	Q0	258282#0	1
2474	Q0	47505#8	0
2474	Q0	39726#14	0
2474	Q0	2512#14	0
2474	Q0	47613#9	0
2474	Q0	2505#38	0
2474	Q0	6303#5	0
2474	Q0	40132#3	0
2474	Q0	39565#7	0
2474	Q0	2514#2	0
2475	Q0	103620#32	1
2475	Q0	103620#0	0
2475	Q0	40189#20	0
2475	Q0	13455#10	0
2475	Q0	103620#7	0
2475	Q0	103620#14	0
2475	Q0	103620#3	0
2475	Q0	103620#2	0
2475	Q0	10300#6	0
2475	Q0	103620#10	0
2475	Q0	104162#14	0
2476	Q0	1601#0	1
2476	Q0	1601#1	0
2476	Q0	1601#9	0
2476	Q0	1601#2	0
2476	Q0	1601#6	0
2476	Q0	1601#13	0
2476	Q0	41157#54	0
2476	Q0	1573#2	0
2476	Q0	3418#104	0
2476	Q0	1599#0	0
2476	Q0	31318#3	0
2478	Q0	5897#2	1
2478	Q0	7797#1	0
2478	Q0	54981#1	0
2478	Q0	38981#1	0
2478	Q0	48710#1	0
2478	Q0	5348#1	0
2478	Q0	47611#3	0
2478	Q0	38417#1	0
2478	Q0	2468#1	0
2478	Q0	1152#1	0
2480	Q0	110978#1	1
2480	Q0	110978#8	0
2480	Q0	253013#2	0
2480	Q0	34429#17	0
2480	Q0	253013#1	0
2480	Q0	34233#22	0
2480	Q0	110978#17	0
2480	Q0	4906#8	0
2480	Q0	40368#44	0
2480	Q0	110978#24	0
2481	Q0	65695#3	1
2481	Q0	65695#7	0
2481	Q0	65695#9	0
2481	Q0	65695#16	0
2481	Q0	65695#4	0
2481	Q0	40368#97	0
2481	Q0	39790#8	0
2481	Q0	65695#11	0
2481	Q0	48440#11	0
2482	Q0	7899#0	1
2482	Q0	7899#14	0
2482	Q0	40477#0	0
2482	Q0	24868#0	0
2482	Q0	26805#10	0
2482	Q0	41065#1	0
2482	Q0	19016#0	0
2482	Q0	4677#0	0
2482	Q0	5903#12	0
2482	Q0	50938#15	0
2483	Q0	94341#3	1
2483	Q0	4384#0	1
2483	Q0	1294#7	1
2483	Q0	3418#4	1
2483	Q0	267498#21	1
2483	Q0	1525#17	0
2483	Q0	1865#4	0
2483	Q0	3418#163	0
2483	Q0	3418#164	0
2483	Q0	3418#158	0
2483	Q0	4391#0	0
2484	Q0	32307#0	1
2484	Q0	32307#13	0
2484	Q0	52413#7	0
2484	Q0	11968#3	0
2484	Q0	32307#7	0
2484	Q0	52579#5	0
2484	Q0	21532#0	0
2484	Q0	24014#1	0
2484	Q0	54676#6	0
2485	Q0	15867#0	1
2485	Q0	17227#0	0
2485	Q0	26082#1	0
2485	Q0	26342#1	0
2485	Q0	52857#0	0
2485	Q0	8631#1	0
2485	Q0	47939#3	0
2485	Q0	33192#1	0
2485	Q0	26204#1	0
2485	Q0	36369#0	0
2486	Q0	29997#0	1
2486	Q0	47327#50	0
2486	Q0	40738#4	0
2486	Q0	26290#13	0
2486	Q0	113130#66	0
2486	Q0	53283#53	0
2486	Q0	22939#3	0
2486	Q0	26429#1	0
2486	Q0	57097#3	0
2486	Q0	34407#12	0
2487	Q0	52527#1	1
2487	Q0	20845#1	0
2487	Q0	17535#0	0
2487	Q0	34113#16	0
2487	Q0	1499#4	0
2487	Q0	32884#0	0
2487	Q0	8608#1	0
2487	Q0	26669#0	0
2487	Q0	27595#0	0
2487	Q0	26509#12	0
2488	Q0	10560#0	1
2488	Q0	10560#2	1
2488	Q0	13260#31	0
2488	Q0	13260#10	0
2488	Q0	13260#30	0
2488	Q0	40412#1	0
2488	Q0	37512#1	0
2488	Q0	32466#1	0
2488	Q0	34407#12	0
2488	Q0	55297#8	0
2489	Q0	29767#0	1
2489	Q0	29049#0	0
2489	Q0	50081#0	0
2489	Q0	36620#0	0
2489	Q0	16141#4	0
2489	Q0	22474#0	0
2489	Q0	27521#0	0
2489	Q0	30202#0	0
2489	Q0	24053#0	0
2489	Q0	8247#11	0
2490	Q0	4024#2	1
2490	Q0	4024#0	1
2490	Q0	4024#3	0
2490	Q0	4024#27	0
2490	Q0	13533#1	0
2490	Q0	4024#14	0
2490	Q0	4024#18	0
2490	Q0	4024#7	0
2490	Q0	4024#26	0
2490	Q0	4024#25	0
2492	Q0	3581#3	1
2492	Q0	5373#15	0
2492	Q0	3581#2	0
2492	Q0	1516#1	0
2492	Q0	5528#7	0
2492	Q0	1786#4	0
2492	Q0	23662#17	0
2493	Q0	1570#0	1
2493	Q0	787#0	0
2493	Q0	4276#0	0
2493	Q0	4468#1	0
2493	Q0	1393#3	0
2493	Q0	787#11	0
2493	Q0	1306#4	0
2493	Q0	1394#0	0
2493	Q0	1257#0	0
2493	Q0	1306#0	0
2494	Q0	115095#0	1
2494	Q0	115095#1	1
2494	Q0	12778#1	0
2494	Q0	33979#18	0
2494	Q0	12272#2	0
2494	Q0	11079#2	0
2494	Q0	39726#3	0
2494	Q0	40007#0	0
2494	Q0	11380#1	0
2494	Q0	39385#1	0
2495	Q0	228917#1	1
2495	Q0	1351#15	0
2495	Q0	1360#29	0
2495	Q0	1391#9	0
2495	Q0	1393#9	0
2495	Q0	1515#1	0
2495	Q0	1479#3	0
2495	Q0	1390#11	0
2495	Q0	1146#6	0
2495	Q0	53324#2	0
2496	Q0	1358#2	1
2496	Q0	1358#0	0
2496	Q0	1358#39	0
2496	Q0	1358#20	0
2496	Q0	1358#27	0
2496	Q0	1358#34	0
2496	Q0	1358#35	0
2496	Q0	1358#1	0
2496	Q0	1358#10	0
2496	Q0	1358#19	0
2497	Q0	225658#2	1
2497	Q0	19212#0	1
2497	Q0	26741#5	0
2497	Q0	50534#0	0
2497	Q0	23127#26	0
2497	Q0	27130#3	0
2497	Q0	52308#5	0
2497	Q0	50535#1	0
2497	Q0	50492#6	0
2497	Q0	50532#1	0
2497	Q0	7551#1	0
2498	Q0	76378#48	1
2498	Q0	59793#0	0
2498	Q0	47018#49	0
2498	Q0	13260#10	0
2498	Q0	1684#58	0
2498	Q0	11820#0	0
2498	Q0	2390#11	0
2498	Q0	35176#2	0
2498	Q0	111663#75	0
2498	Q0	1589#16	0
2498	Q0	37898#11	0
2499	Q0	54724#0	1
2499	Q0	54724#4	0
2499	Q0	54724#19	0
2499	Q0	54724#5	0
2499	Q0	46918#48	0
2499	Q0	54724#27	0
2499	Q0	54724#2	0
2499	Q0	54724#1	0
2499	Q0	54724#17	0
2499	Q0	54724#7	0
2501	Q0	40424#0	1
2501	Q0	40424#1	0
2501	Q0	40424#6	0
2501	Q0	40424#2	0
2501	Q0	40424#3	0
2501	Q0	40424#4	0
2501	Q0	40424#5	0
2501	Q0	40422#0	0
2501	Q0	2502#2	0
2501	Q0	39192#1	0
2504	Q0	44504#0	1
2504	Q0	4024#2	0
2504	Q0	38752#9	0
2504	Q0	13533#1	0
2504	Q0	5891#1	0
2504	Q0	1306#0	0
2504	Q0	44504#15	0
2504	Q0	5348#1	0
2504	Q0	34159#16	0
2504	Q0	5293#1	0
2505	Q0	38501#0	1
2505	Q0	38501#1	1
2505	Q0	38501#2	0
2505	Q0	38501#8	0
2505	Q0	45309#9	0
2505	Q0	38501#4	0
2505	Q0	38501#9	0
2505	Q0	38501#3	0
2505	Q0	40368#77	0
2505	Q0	40368#100	0
2506	Q0	60235#17	1
2506	Q0	60235#32	1
2506	Q0	74203#5	1
2506	Q0	4921#4	0
2506	Q0	1590#3	0
2506	Q0	3418#163	0
2506	Q0	35675#6	0
2506	Q0	55092#12	0
2506	Q0	3418#164	0
2506	Q0	3418#142	0
2508	Q0	32206#5	1
2508	Q0	35813#2	0
2508	Q0	39617#1	0
2508	Q0	875#12	0
2508	Q0	38761#0	0
2508	Q0	54724#4	0
2508	Q0	11964#0	0
2508	Q0	31434#1	0
2508	Q0	53195#1	0
2508	Q0	7018#1	0
2508	Q0	35741#1	0
2509	Q0	1821#0	1
2509	Q0	52171#0	0
2509	Q0	1821#17	0
2509	Q0	50723#0	0
2509	Q0	49412#0	0
2509	Q0	49326#6	0
2509	Q0	1821#6	0
2509	Q0	26580#0	0
2509	Q0	48249#0	0
2509	Q0	37677#0	0
2510	Q0	222097#10	1
2510	Q0	222097#11	1
2510	Q0	222097#18	0
2510	Q0	222097#14	0
2510	Q0	27266#1	0
2510	Q0	222097#1	0
2510	Q0	12412#1	0
2510	Q0	222097#17	0
2510	Q0	12778#1	0
2510	Q0	53329#2	0
2511	Q0	227468#0	1
2511	Q0	18382#1	0
2511	Q0	2443#7	0
2511	Q0	7551#1	0
2511	Q0	57083#1	0
2511	Q0	20779#1	0
2511	Q0	227468#14	0
2511	Q0	7485#2	0
2511	Q0	1357#3	0
2511	Q0	1507#2	0
2512	Q0	229116#0	1
2512	Q0	5348#1	0
2512	Q0	39630#0	0
2512	Q0	6972#1	0
2512	Q0	9462#1	0
2512	Q0	34612#1	0
2512	Q0	39224#3	0
2512	Q0	5891#1	0
2512	Q0	54592#1	0
2512	Q0	27394#1	0
2513	Q0	222882#0	1
2513	Q0	34672#20	0
2513	Q0	45309#7	0
2513	Q0	222882#2	0
2513	Q0	222882#3	0
2513	Q0	34672#12	0
2513	Q0	55376#4	0
2513	Q0	53138#10	0
2513	Q0	1191#2	0
2513	Q0	37912#0	0
2514	Q0	100284#0	1
2514	Q0	47017#14	1
2514	Q0	47017#18	0
2514	Q0	112244#12	0
2514	Q0	47017#83	0
2514	Q0	53283#14	0
2514	Q0	47017#16	0
2514	Q0	53283#9	0
2514	Q0	47327#13	0
2514	Q0	100284#25	0
2515	Q0	10412#0	1
2515	Q0	45289#0	0
2515	Q0	41270#2	0
2515	Q0	41270#3	0
2515	Q0	53152#4	0
2515	Q0	10240#0	0
2515	Q0	39954#0	0
2515	Q0	6275#0	0
2515	Q0	9783#5	0
2515	Q0	31880#5	0
2516	Q0	51015#1	1
2516	Q0	27105#1	0
2516	Q0	32700#15	0
2516	Q0	31967#11	0
2516	Q0	51000#20	0
2516	Q0	32682#19	0
2516	Q0	26934#0	0
2516	Q0	26982#7	0
2516	Q0	34080#15	0
2516	Q0	49405#2	0
2516	Q0	26882#3	0
2517	Q0	21814#0	1
2517	Q0	34080#15	0
2517	Q0	26491#1	0
2517	Q0	34133#19	0
2517	Q0	50238#20	0
2517	Q0	21864#0	0
2517	Q0	37076#13	0
2517	Q0	33643#1	0
2517	Q0	50227#16	0
2517	Q0	29378#0	0
2518	Q0	35861#1	1
2518	Q0	22834#23	0
2518	Q0	22834#1	0
2518	Q0	21970#0	0
2518	Q0	9230#1	0
2518	Q0	57031#3	0
2518	Q0	23498#1	0
2518	Q0	32407#12	0
2518	Q0	1685#3	0
2518	Q0	26862#4	0
2519	Q0	21776#0	1
2519	Q0	50082#9	0
2519	Q0	26744#0	0
2519	Q0	34407#12	0
2519	Q0	26491#1	0
2519	Q0	37076#13	0
2519	Q0	53706#1	0
2519	Q0	50238#20	0
2519	Q0	34157#14	0
2519	Q0	32295#16	0
2519	Q0	22939#3	0
2521	Q0	35705#0	1
2521	Q0	35705#5	0
2521	Q0	3472#0	0
2521	Q0	18862#0	0
2521	Q0	30723#0	0
2521	Q0	13730#3	0
2521	Q0	41209#1	0
2521	Q0	804#9	0
2521	Q0	35705#4	0
2521	Q0	53066#0	0
2523	Q0	36540#0	1
2523	Q0	36540#7	0
2523	Q0	36540#1	0
2523	Q0	26342#1	0
2523	Q0	15808#4	0
2523	Q0	30202#0	0
2523	Q0	36540#8	0
2523	Q0	47939#3	0
2523	Q0	36540#5	0
2523	Q0	16291#1	0
2524	Q0	1187#0	1
2524	Q0	48748#2	0
2524	Q0	56538#0	0
2524	Q0	3451#2	0
2524	Q0	56358#1	0
2524	Q0	53092#9	0
2524	Q0	53092#5	0
2524	Q0	53092#8	0
2524	Q0	3451#1	0
2524	Q0	3451#12	0
2525	Q0	26666#5	1
2525	Q0	21327#12	0
2525	Q0	5276#3	0
2525	Q0	16980#4	0
2525	Q0	27139#20	0
2525	Q0	16980#1	0
2525	Q0	26666#4	0
2525	Q0	55818#38	0
2525	Q0	14173#3	0
2525	Q0	49576#25	0
2526	Q0	7448#0	1
2526	Q0	7448#3	1
2526	Q0	34672#45	1
2526	Q0	7571#1	0
2526	Q0	6926#0	0
2526	Q0	11972#1	0
2526	Q0	38564#2	0
2526	Q0	47236#3	0
2526	Q0	7579#0	0
2526	Q0	1346#1	0
2527	Q0	108727#0	1
2527	Q0	40189#20	0
2527	Q0	5756#6	0
2527	Q0	2469#30	0
2527	Q0	39726#14	0
2527	Q0	5457#17	0
2527	Q0	4531#11	0
2527	Q0	1848#6	0
2527	Q0	2502#85	0
2527	Q0	16481#3	0
2527	Q0	38300#11	0
2529	Q0	40991#1	1
2529	Q0	40991#2	1
2529	Q0	40991#0	0
2529	Q0	112389#1	0
2529	Q0	5527#5	0
2529	Q0	3809#0	0
2529	Q0	5527#11	0
2529	Q0	5527#6	0
2529	Q0	5527#2	0
2529	Q0	45240#2	0
2529	Q0	4492#10	0
2530	Q0	56116#3	1
2530	Q0	55376#7	0
2530	Q0	56116#0	0
2530	Q0	53092#9	0
2530	Q0	56123#8	0
2530	Q0	55376#5	0
2530	Q0	55376#2	0
2530	Q0	1590#19	0
2530	Q0	31016#7	0
2530	Q0	11775#2	0
2531	Q0	110817#0	1
2531	Q0	25981#1	0
2531	Q0	45311#5	0
2531	Q0	26432#1	0
2531	Q0	45311#4	0
2531	Q0	1395#4	0
2531	Q0	52900#12	0
2531	Q0	56358#22	0
2531	Q0	26687#16	0
2531	Q0	48600#25	0
2532	Q0	36295#1	1
2532	Q0	36295#9	0
2532	Q0	36295#14	0
2532	Q0	36295#18	0
2532	Q0	36295#13	0
2532	Q0	36295#0	0
2532	Q0	36295#15	0
2532	Q0	36295#16	0
2532	Q0	9365#3	0
2532	Q0	51245#23	0
2533	Q0	88369#1	1
2533	Q0	9108#1	0
2533	Q0	5891#1	0
2533	Q0	9783#1	0
2533	Q0	54592#1	0
2533	Q0	39944#1	0
2533	Q0	34612#1	0
2533	Q0	38981#0	0
2533	Q0	38981#1	0
2533	Q0	39719#2	0
2533	Q0	10237#1	0
2534	Q0	3581#1	1
2534	Q0	2951#0	1
2534	Q0	2951#2	1
2534	Q0	1785#33	1
2534	Q0	11964#2	0
2534	Q0	2951#7	0
2534	Q0	1509#5	0
2534	Q0	2951#8	0
2534	Q0	1160#2	0
2534	Q0	6479#15	0
2534	Q0	13027#0	0
2536	Q0	222990#0	1
2536	Q0	6104#4	0
2536	Q0	47647#1	0
2536	Q0	40274#1	0
2536	Q0	222990#1	0
2536	Q0	222990#2	0
2536	Q0	31247#0	0
2536	Q0	2507#0	0
2536	Q0	34852#2	0
2536	Q0	11432#1	0
2537	Q0	239209#1	1
2537	Q0	10625#0	0
2537	Q0	239209#0	0
2537	Q0	12272#2	0
2537	Q0	39192#1	0
2537	Q0	39726#3	0
2537	Q0	2519#2	0
2537	Q0	4872#1	0
2537	Q0	10237#1	0
2537	Q0	56262#1	0
2538	Q0	37045#0	1
2538	Q0	37047#0	1
2538	Q0	37047#6	0
2538	Q0	18701#0	0
2538	Q0	15678#0	0
2538	Q0	37046#8	0
2538	Q0	37045#10	0
2538	Q0	37047#16	0
2538	Q0	49069#0	0
2538	Q0	16209#0	0
2539	Q0	109011#1	1
2539	Q0	56014#5	0
2539	Q0	9169#2	0
2539	Q0	48345#1	0
2539	Q0	7500#3	0
2539	Q0	4872#2	0
2539	Q0	6969#2	0
2539	Q0	32468#5	0
2539	Q0	33404#17	0
2540	Q0	223477#1	1
2540	Q0	12778#1	0
2540	Q0	12272#2	0
2540	Q0	39726#3	0
2540	Q0	38981#17	0
2540	Q0	10625#0	0
2540	Q0	32325#20	0
2540	Q0	40007#0	0
2540	Q0	6972#1	0
2540	Q0	10237#1	0
2540	Q0	5321#1	0
2541	Q0	260235#0	1
2541	Q0	260235#5	1
2541	Q0	260235#8	0
2541	Q0	39192#17	0
2541	Q0	260235#4	0
2541	Q0	260235#9	0
2541	Q0	1598#14	0
2541	Q0	7919#10	0
2541	Q0	35699#3	0
2541	Q0	2469#40	0
2542	Q0	71013#1	1
2542	Q0	9783#1	0
2542	Q0	5314#1	0
2542	Q0	2468#1	0
2542	Q0	1374#1	0
2542	Q0	48710#1	0
2542	Q0	37267#1	0
2542	Q0	7797#1	0
2542	Q0	2546#0	0
2542	Q0	47611#3	0
2543	Q0	1298#4	1
2543	Q0	852#24	1
2543	Q0	1298#5	1
2543	Q0	852#15	0
2543	Q0	3730#6	0
2543	Q0	10572#16	0
2543	Q0	10572#9	0
2543	Q0	853#11	0
2543	Q0	10572#6	0
2543	Q0	52185#2	0
2543	Q0	1300#6	0
2544	Q0	34077#0	1
2544	Q0	51054#0	0
2544	Q0	34077#8	0
2544	Q0	34077#1	0
2544	Q0	50791#0	0
2544	Q0	18592#1	0
2544	Q0	34077#2	0
2544	Q0	50956#7	0
2544	Q0	50779#0	0
2544	Q0	50780#0	0
2546	Q0	7100#2	1
2546	Q0	54707#0	1
2546	Q0	54711#11	0
2546	Q0	26819#11	0
2546	Q0	54710#14	0
2546	Q0	26429#1	0
2546	Q0	57167#2	0
2546	Q0	18326#1	0
2546	Q0	52312#1	0
2546	Q0	52518#1	0
2546	Q0	4623#0	0
2548	Q0	1391#0	1
2548	Q0	1391#10	0
2548	Q0	8714#0	0
2548	Q0	1391#4	0
2548	Q0	1391#9	0
2548	Q0	1391#2	0
2548	Q0	1391#13	0
2548	Q0	1391#8	0
2548	Q0	1391#7	0
2548	Q0	1389#6	0
2549	Q0	204689#1	1
2549	Q0	46822#2	0
2549	Q0	10177#1	0
2549	Q0	87803#1	0
2549	Q0	204689#0	0
2549	Q0	32489#10	0
2549	Q0	244275#4	0
2549	Q0	53739#51	0
2549	Q0	11618#2	0
2549	Q0	13730#9	0
2549	Q0	32062#9	0
2550	Q0	60236#9	1
2550	Q0	1535#2	0
2550	Q0	1529#25	0
2550	Q0	1597#3	0
2550	Q0	1591#36	0
2550	Q0	27393#6	0
2550	Q0	1535#27	0
2550	Q0	1563#0	0
2550	Q0	60236#26	0
2550	Q0	829#0	0
2550	Q0	1603#7	0
2551	Q0	60294#0	1
2551	Q0	2451#9	0
2551	Q0	60294#12	0
2551	Q0	2450#0	0
2551	Q0	60290#31	0
2551	Q0	1581#3	0
2551	Q0	3418#37	0
2551	Q0	1573#2	0
2551	Q0	1583#7	0
2551	Q0	4831#5	0
2552	Q0	24517#0	1
2552	Q0	27493#0	0
2552	Q0	48187#5	0
2552	Q0	17802#1	0
2552	Q0	16014#0	0
2552	Q0	15986#1	0
2552	Q0	27621#0	0
2552	Q0	48716#0	0
2552	Q0	47086#1	0
2552	Q0	24132#0	0
2553	Q0	36553#0	1
2553	Q0	32665#0	0
2553	Q0	27105#1	0
2553	Q0	32465#9	0
2553	Q0	34407#12	0
2553	Q0	32231#18	0
2553	Q0	32307#13	0
2553	Q0	31977#8	0
2553	Q0	39092#27	0
2554	Q0	1573#2	1
2554	Q0	1573#0	0
2554	Q0	1573#1	0
2554	Q0	1573#3	0
2554	Q0	31428#0	0
2554	Q0	1580#0	0
2554	Q0	1573#4	0
2554	Q0	1585#0	0
2554	Q0	1575#0	0
2554	Q0	36268#4	0
2555	Q0	16820#0	1
2555	Q0	26977#5	0
2555	Q0	27096#1	0
2555	Q0	52308#5	0
2555	Q0	26867#12	0
2555	Q0	25983#0	0
2555	Q0	26862#4	0
2555	Q0	32640#19	0
2555	Q0	35219#19	0
2555	Q0	26561#5	0
2557	Q0	147547#4	1
2557	Q0	147547#15	0
2557	Q0	147547#7	0
2557	Q0	56358#41	0
2557	Q0	147547#3	0
2557	Q0	56358#45	0
2557	Q0	147547#5	0
2557	Q0	144811#6	0
2557	Q0	147547#1	0
2557	Q0	147547#6	0
2557	Q0	53138#17	0
2558	Q0	108903#1	1
2558	Q0	108903#12	1
2558	Q0	108903#5	1
2558	Q0	108903#23	0
2558	Q0	108903#2	0
2558	Q0	108903#13	0
2558	Q0	46740#1	0
2558	Q0	40368#67	0
2558	Q0	40424#6	0
2558	Q0	108903#26	0
2558	Q0	1684#79	0
2559	Q0	26953#0	1
2559	Q0	26953#14	0
2559	Q0	37153#15	0
2559	Q0	53707#20	0
2559	Q0	36033#8	0
2559	Q0	50238#20	0
2559	Q0	34415#14	0
2559	Q0	26953#12	0
2559	Q0	48310#13	0
2559	Q0	53739#96	0
2560	Q0	58158#0	1
2560	Q0	26819#11	0
2560	Q0	32323#5	0
2560	Q0	52613#1	0
2560	Q0	51000#20	0
2560	Q0	47382#21	0
2560	Q0	32638#17	0
2560	Q0	32357#8	0
2560	Q0	32624#11	0
2560	Q0	32307#13	0
2560	Q0	54294#11	0
2561	Q0	231340#0	1
2561	Q0	1487#4	1
2561	Q0	1487#5	0
2561	Q0	1487#0	0
2561	Q0	1487#41	0
2561	Q0	1593#17	0
2561	Q0	1570#0	0
2561	Q0	1580#5	0
2561	Q0	1391#9	0
2561	Q0	1685#15	0
2561	Q0	1393#9	0
2563	Q0	25007#0	1
2563	Q0	35219#19	0
2563	Q0	26983#9	0
2563	Q0	34208#20	0
2563	Q0	57156#2	0
2563	Q0	16696#0	0
2563	Q0	27097#1	0
2563	Q0	32109#15	0
2563	Q0	34407#12	0
2563	Q0	29403#1	0
2565	Q0	52732#1	1
2565	Q0	52731#1	0
2565	Q0	23636#1	0
2565	Q0	52626#1	0
2565	Q0	23636#16	0
2565	Q0	41092#6	0
2565	Q0	52724#0	0
2565	Q0	52724#4	0
2565	Q0	52626#7	0
2565	Q0	16705#0	0
2566	Q0	27151#0	1
2566	Q0	26680#0	0
2566	Q0	27151#21	0
2566	Q0	37076#13	0
2566	Q0	50227#16	0
2566	Q0	50082#9	0
2566	Q0	26491#1	0
2566	Q0	34133#19	0
2566	Q0	26595#2	0
2566	Q0	8620#1	0
2567	Q0	161777#0	1
2567	Q0	4418#1	0
2567	Q0	11574#8	0
2567	Q0	32173#7	0
2567	Q0	34566#0	0
2567	Q0	19116#10	0
2567	Q0	8229#8	0
2567	Q0	1786#4	0
2567	Q0	1391#22	0
2567	Q0	1537#9	0
2568	Q0	113462#1	1
2568	Q0	113462#6	1
2568	Q0	1133#6	0
2568	Q0	113462#2	0
2568	Q0	113462#3	0
2568	Q0	40206#1	0
2568	Q0	34429#17	0
2568	Q0	34233#22	0
2568	Q0	3315#6	0
2568	Q0	1684#79	0
2568	Q0	38318#0	0
2569	Q0	101751#20	1
2569	Q0	23918#4	0
2569	Q0	38835#3	0
2569	Q0	804#10	0
2569	Q0	38570#2	0
2569	Q0	38200#0	0
2569	Q0	804#9	0
2569	Q0	11587#2	0
2569	Q0	105771#10	0
2569	Q0	38570#4	0
2569	Q0	1403#17	0
2570	Q0	213005#0	1
2570	Q0	6303#2	0
2570	Q0	10300#4	0
2570	Q0	39298#4	0
2570	Q0	39565#3	0
2570	Q0	40015#1	0
2570	Q0	41294#25	0
2570	Q0	40110#1	0
2570	Q0	53573#7	0
2570	Q0	9169#2	0
2571	Q0	21382#1	1
2571	Q0	36116#0	0
2571	Q0	21382#0	0
2571	Q0	36117#0	0
2571	Q0	36118#0	0
2571	Q0	48350#0	0
2571	Q0	35621#0	0
2571	Q0	36124#0	0
2571	Q0	36117#9	0
2571	Q0	36123#1	0
2572	Q0	66391#0	1
2572	Q0	55818#23	0
2572	Q0	46984#12	0
2572	Q0	2451#34	0
2572	Q0	34095#6	0
2572	Q0	249295#0	0
2572	Q0	1351#20	0
2572	Q0	34440#15	0
2572	Q0	66391#1	0
2572	Q0	1217#17	0
2573	Q0	31988#0	1
2573	Q0	51048#8	0
2573	Q0	50845#7	0
2573	Q0	51048#1	0
2573	Q0	31988#5	0
2573	Q0	23571#6	0
2573	Q0	23230#0	0
2573	Q0	51049#0	0
2573	Q0	41288#5	0
2573	Q0	51046#4	0
2575	Q0	32030#0	1
2575	Q0	32030#13	0
2575	Q0	40738#4	0
2575	Q0	5915#17	0
2575	Q0	57155#3	0
2575	Q0	57092#3	0
2575	Q0	49301#12	0
2575	Q0	23127#26	0
2575	Q0	49265#32	0
2575	Q0	7389#3	0
2576	Q0	32397#0	1
2576	Q0	32397#17	0
2576	Q0	51474#5	0
2576	Q0	15606#0	0
2576	Q0	15796#1	0
2576	Q0	41293#9	0
2576	Q0	8236#0	0
2576	Q0	21462#0	0
2576	Q0	36057#10	0
2576	Q0	32397#9	0
2577	Q0	111250#2	1
2577	Q0	111250#83	0
2577	Q0	41955#6	0
2577	Q0	38892#2	0
2577	Q0	11079#2	0
2577	Q0	12412#1	0
2577	Q0	10625#0	0
2577	Q0	38981#17	0
2577	Q0	16354#1	0
2577	Q0	38342#1	0
2579	Q0	32498#0	1
2579	Q0	32497#0	0
2579	Q0	32497#21	0
2579	Q0	57156#2	0
2579	Q0	35219#19	0
2579	Q0	34271#10	0
2579	Q0	17306#1	0
2579	Q0	8620#1	0
2579	Q0	37123#18	0
2579	Q0	54033#1	0
2579	Q0	16670#2	0
2580	Q0	23651#1	1
2580	Q0	23651#13	0
2580	Q0	50269#13	0
2580	Q0	50279#0	0
2580	Q0	23157#25	0
2580	Q0	35219#19	0
2580	Q0	23001#27	0
2580	Q0	23231#26	0
2580	Q0	50280#0	0
2580	Q0	9344#2	0
2583	Q0	20623#0	1
2583	Q0	20623#1	0
2583	Q0	57104#13	0
2583	Q0	25602#11	0
2583	Q0	20578#0	0
2583	Q0	54707#1	0
2583	Q0	7411#4	0
2583	Q0	25320#12	0
2583	Q0	25607#10	0
2583	Q0	54220#1	0
2584	Q0	241428#0	1
2584	Q0	10711#0	0
2584	Q0	241428#2	0
2584	Q0	10730#1	0
2584	Q0	31768#3	0
2584	Q0	47249#2	0
2584	Q0	5996#6	0
2584	Q0	13223#0	0
2584	Q0	7894#0	0
2584	Q0	5996#5	0
2586	Q0	159608#0	1
2586	Q0	159608#1	1
2586	Q0	159608#3	0
2586	Q0	1488#7	0
2586	Q0	37261#3	0
2586	Q0	40616#6	0
2586	Q0	4467#4	0
2586	Q0	55032#0	0
2586	Q0	45309#6	0
2586	Q0	47327#7	0
2588	Q0	35868#1	1
2588	Q0	32632#9	0
2588	Q0	32641#16	0
2588	Q0	32640#19	0
2588	Q0	32590#19	0
2588	Q0	27038#19	0
2588	Q0	51706#20	0
2588	Q0	32398#12	0
2588	Q0	52244#12	0
2588	Q0	26747#1	0
2589	Q0	22534#0	1
2589	Q0	22534#11	0
2589	Q0	22540#0	0
2589	Q0	22762#0	0
2589	Q0	22776#0	0
2589	Q0	22776#9	0
2589	Q0	17312#0	0
2589	Q0	8620#1	0
2589	Q0	22762#9	0
2589	Q0	49817#11	0
2590	Q0	70816#0	1
2590	Q0	159317#6	0
2590	Q0	45309#11	0
2590	Q0	45309#32	0
2590	Q0	157692#1	0
2590	Q0	45309#1	0
2590	Q0	45309#27	0
2590	Q0	34083#3	0
2590	Q0	1525#50	0
2590	Q0	47018#43	0
2591	Q0	22271#0	1
2591	Q0	4940#6	0
2591	Q0	17584#1	0
2591	Q0	17417#0	0
2591	Q0	16715#1	0
2591	Q0	33529#17	0
2591	Q0	34191#4	0
2591	Q0	49926#1	0
2591	Q0	17151#0	0
2591	Q0	16766#2	0
2593	Q0	23638#1	1
2593	Q0	29674#0	0
2593	Q0	29693#0	0
2593	Q0	27105#1	0
2593	Q0	29682#0	0
2593	Q0	52413#10	0
2593	Q0	36339#0	0
2593	Q0	31977#8	0
2593	Q0	29466#0	0
2593	Q0	52371#0	0
2594	Q0	51233#1	1
2594	Q0	51233#28	0
2594	Q0	51234#28	0
2594	Q0	34271#10	0
2594	Q0	51234#0	0
2594	Q0	16670#2	0
2594	Q0	34431#12	0
2594	Q0	51232#13	0
2594	Q0	47675#0	0
2594	Q0	32547#8	0
2595	Q0	10300#3	1
2595	Q0	10300#4	0
2595	Q0	10300#5	0
2595	Q0	39726#3	0
2595	Q0	9108#1	0
2595	Q0	1707#4	0
2595	Q0	40007#0	0
2595	Q0	38981#18	0
2595	Q0	32097#8	0
2597	Q0	33954#0	1
2597	Q0	33954#12	0
2597	Q0	49504#2	0
2597	Q0	49453#18	0
2597	Q0	33378#1	0
2597	Q0	57186#16	0
2597	Q0	28386#0	0
2597	Q0	27152#0	0
2597	Q0	8231#0	0
2597	Q0	27080#12	0
2599	Q0	242908#0	1
2599	Q0	8726#0	0
2599	Q0	39078#7	0
2599	Q0	39240#15	0
2599	Q0	38764#0	0
2599	Q0	13638#0	0
2599	Q0	47505#3	0
2599	Q0	5996#5	0
2599	Q0	45289#0	0
2599	Q0	11315#0	0
2599	Q0	40814#2	0
2600	Q0	1346#0	1
2600	Q0	29562#0	0
2600	Q0	55003#1	0
2600	Q0	21418#0	0
2600	Q0	21221#19	0
2600	Q0	178378#1	0
2600	Q0	35773#10	0
2600	Q0	13998#1	0
2600	Q0	21887#0	0
2600	Q0	9300#0	0
2600	Q0	52156#0	0
2601	Q0	231340#0	1
2601	Q0	1487#4	1
2601	Q0	1389#0	1
2601	Q0	1487#5	0
2601	Q0	1487#21	0
2601	Q0	236446#0	0
2601	Q0	6040#12	0
2601	Q0	1487#41	0
2601	Q0	1393#13	0
2601	Q0	1391#9	0
2601	Q0	1487#23	0
2602	Q0	34349#1	1
2602	Q0	52611#0	0
2602	Q0	31971#0	0
2602	Q0	11968#0	0
2602	Q0	16182#1	0
2602	Q0	4623#0	0
2602	Q0	29861#0	0
2602	Q0	17464#2	0
2602	Q0	33192#1	0
2602	Q0	52573#0	0
2603	Q0	75427#9	1
2603	Q0	1684#82	0
2603	Q0	6273#2	0
2603	Q0	9841#10	0
2603	Q0	1228#13	0
2603	Q0	13260#35	0
2603	Q0	13001#0	0
2603	Q0	11820#36	0
2603	Q0	5527#10	0
2603	Q0	11972#5	0
2603	Q0	47019#12	0
2604	Q0	14133#1	1
2604	Q0	9202#2	0
2604	Q0	51706#20	0
2604	Q0	50488#1	0
2604	Q0	9202#1	0
2604	Q0	32698#17	0
2604	Q0	19189#3	0
2604	Q0	21145#1	0
2604	Q0	23123#28	0
2604	Q0	54194#1	0
2604	Q0	20953#1	0
2605	Q0	227750#0	1
2605	Q0	32641#16	0
2605	Q0	32640#19	0
2605	Q0	18384#1	0
2605	Q0	21897#1	0
2605	Q0	14130#1	0
2605	Q0	1395#13	0
2605	Q0	57156#2	0
2605	Q0	57083#1	0
2605	Q0	54521#2	0
2606	Q0	36688#0	1
2606	Q0	36252#0	1
2606	Q0	16559#0	0
2606	Q0	32066#0	0
2606	Q0	26074#1	0
2606	Q0	34261#0	0
2606	Q0	10223#0	0
2606	Q0	16662#1	0
2606	Q0	21503#0	0
2606	Q0	36688#5	0
2607	Q0	26290#0	1
2607	Q0	26290#13	0
2607	Q0	31608#22	0
2607	Q0	32307#13	0
2607	Q0	17632#0	0
2607	Q0	26862#4	0
2607	Q0	32316#7	0
2607	Q0	4618#25	0
2607	Q0	32620#5	0
2607	Q0	26981#7	0
2608	Q0	91879#0	1
2608	Q0	2502#2	0
2608	Q0	40368#127	0
2608	Q0	40140#1	0
2608	Q0	47018#28	0
2608	Q0	38658#0	0
2608	Q0	38541#4	0
2608	Q0	2505#4	0
2608	Q0	40368#5	0
2608	Q0	2505#36	0
2609	Q0	107805#0	1
2609	Q0	107805#3	1
2609	Q0	107805#46	0
2609	Q0	107805#2	0
2609	Q0	107805#54	0
2609	Q0	111444#5	0
2609	Q0	107805#20	0
2609	Q0	107805#1	0
2609	Q0	107805#37	0
2609	Q0	7919#10	0
2609	Q0	111444#21	0
2611	Q0	103713#3	1
2611	Q0	7018#1	0
2611	Q0	39192#1	0
2611	Q0	39101#0	0
2611	Q0	103713#0	0
2611	Q0	39630#0	0
2611	Q0	5891#1	0
2611	Q0	2469#1	0
2611	Q0	40147#4	0
2611	Q0	11167#2	0
2612	Q0	54055#0	1
2612	Q0	54059#6	0
2612	Q0	32641#16	0
2612	Q0	32044#18	0
2612	Q0	52308#5	0
2612	Q0	32397#17	0
2612	Q0	54081#11	0
2612	Q0	36050#10	0
2612	Q0	33972#0	0
2612	Q0	31515#24	0
2612	Q0	32092#7	0
2613	Q0	153762#3	1
2613	Q0	40147#4	0
2613	Q0	53368#2	0
2613	Q0	10625#0	0
2613	Q0	12272#2	0
2613	Q0	12412#1	0
2613	Q0	12778#1	0
2613	Q0	13070#1	0
2613	Q0	13525#0	0
2613	Q0	6122#1	0
2614	Q0	40823#0	1
2614	Q0	4492#1	0
2614	Q0	9712#1	0
2614	Q0	54592#1	0
2614	Q0	34616#2	0
2614	Q0	35890#0	0
2614	Q0	24210#1	0
2614	Q0	7894#3	0
2614	Q0	39944#1	0
2614	Q0	5897#2	0
2615	Q0	24298#0	1
2615	Q0	49088#11	0
2615	Q0	32052#11	0
2615	Q0	32629#8	0
2615	Q0	26865#14	0
2615	Q0	36963#0	0
2615	Q0	32706#8	0
2615	Q0	35219#19	0
2615	Q0	32619#13	0
2615	Q0	57156#2	0
2616	Q0	210412#0	1
2616	Q0	5996#5	0
2616	Q0	5996#6	0
2616	Q0	210412#1	0
2616	Q0	16379#18	0
2616	Q0	11164#0	0
2616	Q0	38356#4	0
2616	Q0	2507#0	0
2616	Q0	37207#3	0
2616	Q0	6104#4	0
2616	Q0	10907#1	0
2618	Q0	68548#1	1
2618	Q0	38675#0	1
2618	Q0	38675#8	1
2618	Q0	111408#8	1
2618	Q0	38675#4	0
2618	Q0	38675#3	0
2618	Q0	38675#9	0
2618	Q0	38675#1	0
2618	Q0	38675#6	0
2618	Q0	111371#14	0
2618	Q0	109646#1	0
2620	Q0	17680#0	1
2620	Q0	32052#11	0
2620	Q0	26862#4	0
2620	Q0	32706#8	0
2620	Q0	32629#8	0
2620	Q0	32282#19	0
2620	Q0	16630#1	0
2620	Q0	26290#13	0
2620	Q0	32407#12	0
2620	Q0	35219#19	0
2622	Q0	1525#3	1
2622	Q0	1525#0	0
2622	Q0	225558#0	0
2622	Q0	1525#26	0
2622	Q0	1525#27	0
2622	Q0	1525#2	0
2622	Q0	225558#3	0
2622	Q0	1525#1	0
2622	Q0	1525#24	0
2622	Q0	1525#32	0
2623	Q0	51224#1	1
2623	Q0	51225#1	0
2623	Q0	51223#7	0
2623	Q0	51225#10	0
2623	Q0	51223#0	0
2623	Q0	51223#1	0
2623	Q0	51163#0	0
2623	Q0	51168#8	0
2623	Q0	51163#9	0
2623	Q0	51224#0	0
2625	Q0	52344#2	1
2625	Q0	52346#1	0
2625	Q0	52345#1	0
2625	Q0	52343#2	0
2625	Q0	7231#1	0
2625	Q0	52244#12	0
2625	Q0	57101#2	0
2625	Q0	26658#6	0
2625	Q0	7551#1	0
2625	Q0	15418#0	0
2628	Q0	75457#0	1
2628	Q0	39390#36	0
2628	Q0	13745#8	0
2628	Q0	1762#37	0
2628	Q0	48409#7	0
2628	Q0	2403#23	0
2628	Q0	24030#6	0
2628	Q0	24030#0	0
2628	Q0	10347#9	0
2628	Q0	3418#111	0
2630	Q0	72671#1	1
2630	Q0	53152#0	0
2630	Q0	40524#9	0
2630	Q0	7894#2	0
2630	Q0	72671#8	0
2630	Q0	40854#2	0
2630	Q0	102512#8	0
2630	Q0	72671#5	0
2630	Q0	48846#4	0
2630	Q0	72671#3	0
2632	Q0	83619#0	1
2632	Q0	108625#21	0
2632	Q0	1684#67	0
2632	Q0	1684#68	0
2632	Q0	27632#21	0
2632	Q0	108625#1	0
2632	Q0	1764#14	0
2632	Q0	47017#46	0
2632	Q0	108625#16	0
2632	Q0	108625#8	0
2632	Q0	1532#38	0
2634	Q0	17169#1	1
2634	Q0	31981#0	0
2634	Q0	33968#0	0
2634	Q0	17802#1	0
2634	Q0	17006#0	0
2634	Q0	48716#0	0
2634	Q0	17482#0	0
2634	Q0	17049#1	0
2634	Q0	27154#0	0
2634	Q0	15871#1	0
2635	Q0	234514#0	1
2635	Q0	234514#1	1
2635	Q0	1487#16	0
2635	Q0	40394#6	0
2635	Q0	6984#6	0
2635	Q0	48444#10	0
2635	Q0	2355#0	0
2635	Q0	4247#1	0
2635	Q0	6984#13	0
2635	Q0	39196#12	0
2637	Q0	184087#0	1
2637	Q0	54582#29	0
2637	Q0	38705#3	0
2637	Q0	54969#5	0
2637	Q0	13332#0	0
2637	Q0	38348#0	0
2637	Q0	6471#11	0
2637	Q0	45240#4	0
2637	Q0	38705#2	0
2637	Q0	3311#10	0
2637	Q0	5996#15	0
2638	Q0	63230#0	1
2638	Q0	63230#9	1
2638	Q0	1392#35	0
2638	Q0	5897#1	0
2638	Q0	39565#5	0
2638	Q0	5890#3	0
2638	Q0	5891#7	0
2638	Q0	38415#0	0
2638	Q0	6471#8	0
2638	Q0	19200#18	0
2638	Q0	30259#8	0
2639	Q0	50232#0	1
2639	Q0	50232#5	0
2639	Q0	37076#13	0
2639	Q0	50227#16	0
2639	Q0	50218#2	0
2639	Q0	34133#19	0
2639	Q0	50082#9	0
2639	Q0	26491#1	0
2639	Q0	37078#16	0
2639	Q0	26205#1	0
2640	Q0	108851#5	1
2640	Q0	2502#41	0
2640	Q0	45309#17	0
2640	Q0	47438#2	0
2640	Q0	37275#6	0
2640	Q0	37263#0	0
2640	Q0	47438#14	0
2640	Q0	1228#15	0
2640	Q0	13245#8	0
2640	Q0	27632#33	0
2640	Q0	2502#37	0
2641	Q0	6207#4	1
2641	Q0	6207#5	1
2641	Q0	6207#6	1
2641	Q0	6207#0	1
2641	Q0	6207#1	0
2641	Q0	6207#3	0
2641	Q0	56014#9	0
2641	Q0	11830#0	0
2641	Q0	6207#2	0
2641	Q0	6207#7	0
2642	Q0	98988#0	1
2642	Q0	34871#0	0
2642	Q0	39352#0	0
2642	Q0	1152#22	0
2642	Q0	128111#2	0
2642	Q0	881#14	0
2642	Q0	2482#9	0
2642	Q0	3792#4	0
2642	Q0	1174#0	0
2642	Q0	39114#0	0
2644	Q0	51047#1	1
2644	Q0	51049#13	1
2644	Q0	51049#0	1
2644	Q0	51050#3	0
2644	Q0	51051#1	0
2644	Q0	23230#27	0
2644	Q0	31988#0	0
2644	Q0	51048#1	0
2644	Q0	32240#14	0
2644	Q0	27097#1	0
2644	Q0	32415#0	0
2645	Q0	32508#0	1
2645	Q0	32508#15	0
2645	Q0	32377#15	0
2645	Q0	26977#5	0
2645	Q0	52109#0	0
2645	Q0	52110#0	0
2645	Q0	35020#16	0
2645	Q0	26691#21	0
2645	Q0	27096#1	0
2645	Q0	23588#1	0
2645	Q0	52112#0	0
2648	Q0	106531#0	1
2648	Q0	7018#1	0
2648	Q0	34852#1	0
2648	Q0	39630#0	0
2648	Q0	38037#0	0
2648	Q0	38705#4	0
2648	Q0	39192#1	0
2648	Q0	54592#1	0
2648	Q0	13823#2	0
2648	Q0	40189#3	0
2649	Q0	65695#0	1
2649	Q0	64793#1	0
2649	Q0	6984#13	0
2649	Q0	4921#4	0
2649	Q0	1692#4	0
2649	Q0	39196#12	0
2649	Q0	35675#4	0
2649	Q0	13457#7	0
2649	Q0	5742#1	0
2649	Q0	4432#10	0
2649	Q0	47236#11	0
2651	Q0	17149#0	1
2651	Q0	35219#19	0
2651	Q0	32573#6	0
2651	Q0	49405#2	0
2651	Q0	32706#8	0
2651	Q0	57120#0	0
2651	Q0	32144#6	0
2651	Q0	21399#0	0
2651	Q0	57156#2	0
2651	Q0	7531#26	0
2652	Q0	100812#2	1
2652	Q0	41955#2	0
2652	Q0	53152#0	0
2652	Q0	34429#17	0
2652	Q0	40147#27	0
2652	Q0	38314#5	0
2652	Q0	38417#6	0
2652	Q0	55087#57	0
2652	Q0	35890#0	0
2652	Q0	6050#16	0
2653	Q0	16379#16	1
2653	Q0	6153#5	0
2653	Q0	38873#1	0
2653	Q0	41270#2	0
2653	Q0	8726#0	0
2653	Q0	39078#7	0
2653	Q0	35215#5	0
2653	Q0	6153#8	0
2653	Q0	6153#0	0
2653	Q0	37171#28	0
2655	Q0	102831#2	1
2655	Q0	4947#1	0
2655	Q0	1822#14	0
2655	Q0	53324#3	0
2655	Q0	5477#1	0
2655	Q0	39083#3	0
2655	Q0	33271#2	0
2655	Q0	3488#14	0
2655	Q0	36555#4	0
2655	Q0	7086#0	0
2656	Q0	55080#0	1
2656	Q0	55080#26	0
2656	Q0	55080#31	0
2656	Q0	55080#1	0
2656	Q0	47326#0	0
2656	Q0	55080#9	0
2656	Q0	55080#21	0
2656	Q0	55080#18	0
2656	Q0	55080#29	0
2656	Q0	55080#3	0
2657	Q0	78745#0	1
2657	Q0	30259#2	1
2657	Q0	6478#1	1
2657	Q0	6478#0	1
2657	Q0	6478#3	0
2657	Q0	32014#2	0
2657	Q0	9506#3	0
2657	Q0	40206#0	0
2657	Q0	40823#0	0
2657	Q0	78745#3	0
2658	Q0	87811#1	1
2658	Q0	87811#47	1
2658	Q0	87811#46	1
2658	Q0	40368#105	0
2658	Q0	1586#0	0
2658	Q0	87811#58	0
2658	Q0	87811#39	0
2658	Q0	87811#104	0
2658	Q0	87811#37	0
2658	Q0	24025#2	0
2659	Q0	103104#1	1
2659	Q0	37275#6	1
2659	Q0	126854#0	1
2659	Q0	47236#6	0
2659	Q0	47236#7	0
2659	Q0	41157#20	0
2659	Q0	47236#5	0
2659	Q0	26375#21	0
2659	Q0	47236#1	0
2659	Q0	47236#0	0
2659	Q0	1351#10	0
2660	Q0	34905#2	1
2660	Q0	254707#7	1
2660	Q0	35675#24	0
2660	Q0	34061#24	0
2660	Q0	6950#0	0
2660	Q0	37976#13	0
2660	Q0	32052#10	0
2660	Q0	47985#18	0
2660	Q0	1525#4	0
2660	Q0	32083#6	0
2662	Q0	105978#2	1
2662	Q0	38541#4	0
2662	Q0	13644#1	0
2662	Q0	38981#17	0
2662	Q0	40368#148	0
2662	Q0	38675#10	0
2662	Q0	38342#1	0
2662	Q0	39726#1	0
2662	Q0	52244#10	0
2662	Q0	40138#1	0
2662	Q0	2502#2	0
2664	Q0	36979#0	1
2664	Q0	21458#0	0
2664	Q0	36576#5	0
2664	Q0	16019#0	0
2664	Q0	36576#0	0
2664	Q0	29182#2	0
2664	Q0	9278#0	0
2664	Q0	27879#0	0
2664	Q0	49236#9	0
2664	Q0	16559#0	0
2665	Q0	10277#0	1
2665	Q0	6960#7	0
2665	Q0	6969#9	0
2665	Q0	1183#1	0
2665	Q0	7364#18	0
2665	Q0	1225#2	0
2665	Q0	6471#11	0
2665	Q0	829#27	0
2665	Q0	6303#7	0
2665	Q0	10277#17	0
2666	Q0	29411#0	1
2666	Q0	17765#0	0
2666	Q0	50576#1	0
2666	Q0	22406#0	0
2666	Q0	28819#0	0
2666	Q0	38817#3	0
2666	Q0	52664#0	0
2666	Q0	52140#0	0
2666	Q0	52138#1	0
2666	Q0	28879#0	0
2668	Q0	142753#0	1
2668	Q0	21503#0	0
2668	Q0	29605#0	0
2668	Q0	16622#1	0
2668	Q0	33904#1	0
2668	Q0	49535#1	0
2668	Q0	49163#0	0
2668	Q0	28180#0	0
2668	Q0	16025#0	0
2668	Q0	18299#0	0
2669	Q0	11558#0	1
2669	Q0	11558#11	0
2669	Q0	11558#10	0
2669	Q0	11558#12	0
2669	Q0	25866#1	0
2669	Q0	26269#0	0
2669	Q0	11558#19	0
2669	Q0	33811#1	0
2669	Q0	21390#1	0
2669	Q0	15707#0	0
2670	Q0	40068#1	1
2670	Q0	40068#0	1
2670	Q0	3730#0	0
2670	Q0	3387#1	0
2670	Q0	40068#2	0
2670	Q0	40068#4	0
2670	Q0	3387#0	0
2670	Q0	34672#29	0
2670	Q0	3730#24	0
2670	Q0	3730#3	0
2671	Q0	52409#0	1
2671	Q0	52408#0	1
2671	Q0	52413#10	0
2671	Q0	22298#0	0
2671	Q0	52413#0	0
2671	Q0	52410#1	0
2671	Q0	18280#1	0
2671	Q0	32307#13	0
2671	Q0	17808#0	0
2671	Q0	17933#1	0
2672	Q0	105557#0	1
2672	Q0	105557#5	0
2672	Q0	1395#14	0
2672	Q0	105557#6	0
2672	Q0	105557#1	0
2672	Q0	9236#3	0
2672	Q0	1351#20	0
2672	Q0	1487#28	0
2672	Q0	32975#7	0
2672	Q0	2443#19	0
2673	Q0	26722#0	1
2673	Q0	26722#4	0
2673	Q0	5704#6	0
2673	Q0	24155#0	0
2673	Q0	21723#5	0
2673	Q0	5704#0	0
2673	Q0	16101#6	0
2673	Q0	26097#0	0
2673	Q0	24582#0	0
2673	Q0	32336#6	0
2675	Q0	11167#2	1
2675	Q0	106571#0	1
2675	Q0	12424#0	0
2675	Q0	10288#2	0
2675	Q0	1374#1	0
2675	Q0	7018#1	0
2675	Q0	41047#1	0
2675	Q0	39224#3	0
2675	Q0	6108#0	0
2675	Q0	5655#1	0
2676	Q0	48476#0	1
2676	Q0	48476#6	1
2676	Q0	48472#0	1
2676	Q0	48476#12	1
2676	Q0	47327#31	1
2676	Q0	48476#8	1
2676	Q0	48476#3	0
2676	Q0	48476#1	0
2676	Q0	48476#11	0
2676	Q0	35120#0	0
2677	Q0	125649#0	1
2677	Q0	227448#0	0
2677	Q0	30202#0	0
2677	Q0	1583#0	0
2677	Q0	227440#0	0
2677	Q0	227517#0	0
2677	Q0	54560#0	0
2677	Q0	227609#0	0
2677	Q0	227488#0	0
2677	Q0	227748#0	0
2677	Q0	227521#0	0
2678	Q0	258282#3	1
2678	Q0	258282#0	1
2678	Q0	38892#2	0
2678	Q0	27270#1	0
2678	Q0	2505#36	0
2678	Q0	53328#1	0
2678	Q0	7060#1	0
2678	Q0	41955#6	0
2678	Q0	256472#5	0
2678	Q0	10573#0	0
2678	Q0	40138#1	0
2679	Q0	24677#0	1
2679	Q0	32356#2	0
2679	Q0	32590#19	0
2679	Q0	17627#0	0
2679	Q0	22357#10	0
2679	Q0	22386#10	0
2679	Q0	26862#4	0
2679	Q0	47946#8	0
2679	Q0	26806#11	0
2679	Q0	26837#0	0
2680	Q0	2489#0	1
2680	Q0	191337#1	0
2680	Q0	38759#0	0
2680	Q0	39249#1	0
2680	Q0	38300#1	0
2680	Q0	45289#0	0
2680	Q0	34894#11	0
2680	Q0	47611#3	0
2680	Q0	6275#0	0
2680	Q0	5457#33	0
2681	Q0	77392#0	1
2681	Q0	204035#0	1
2681	Q0	48602#0	0
2681	Q0	1583#0	0
2681	Q0	39652#0	0
2681	Q0	48600#13	0
2681	Q0	77392#1	0
2681	Q0	5461#0	0
2681	Q0	787#11	0
2681	Q0	4750#0	0
2682	Q0	40839#0	1
2682	Q0	47327#59	0
2682	Q0	37263#0	0
2682	Q0	1294#23	0
2682	Q0	47018#67	0
2682	Q0	27632#21	0
2682	Q0	47019#1	0
2682	Q0	47327#54	0
2682	Q0	47018#81	0
2682	Q0	27223#2	0
2684	Q0	36729#0	1
2684	Q0	32698#17	0
2684	Q0	51965#16	0
2684	Q0	51067#18	0
2684	Q0	26506#12	0
2684	Q0	32339#18	0
2684	Q0	51706#20	0
2684	Q0	32268#16	0
2684	Q0	27130#3	0
2684	Q0	50648#4	0
2684	Q0	26977#5	0
2686	Q0	31016#1	1
2686	Q0	31016#3	0
2686	Q0	31016#4	0
2686	Q0	6273#11	0
2686	Q0	56375#9	0
2686	Q0	31016#8	0
2686	Q0	81232#2	0
2686	Q0	13260#25	0
2686	Q0	12509#2	0
2686	Q0	11710#5	0
2686	Q0	266084#1	0
2687	Q0	60485#0	1
2687	Q0	34672#31	0
2687	Q0	60485#3	0
2687	Q0	45309#7	0
2687	Q0	27632#15	0
2687	Q0	60485#4	0
2687	Q0	34672#2	0
2687	Q0	34672#13	0
2687	Q0	34672#12	0
2687	Q0	60485#1	0
2687	Q0	63411#8	0
2688	Q0	55750#2	1
2688	Q0	2475#11	0
2688	Q0	11646#1	0
2688	Q0	10300#6	0
2688	Q0	45243#7	0
2688	Q0	39424#1	0
2688	Q0	9230#2	0
2688	Q0	859#55	0
2688	Q0	1163#0	0
2688	Q0	11477#3	0
2688	Q0	37354#15	0
2689	Q0	859#0	1
2689	Q0	860#0	1
2689	Q0	1374#10	0
2689	Q0	53005#0	0
2689	Q0	2951#7	0
2689	Q0	9589#2	0
2689	Q0	9589#11	0
2689	Q0	7378#3	0
2689	Q0	37188#2	0
2689	Q0	1185#1	0
2690	Q0	28024#0	1
2690	Q0	28140#0	0
2690	Q0	51187#0	0
2690	Q0	37154#9	0
2690	Q0	51188#0	0
2690	Q0	51295#5	0
2690	Q0	24091#0	0
2690	Q0	20700#0	0
2690	Q0	29879#0	0
2690	Q0	36336#0	0
2691	Q0	7445#0	1
2691	Q0	7571#1	0
2691	Q0	5626#0	0
2691	Q0	7571#0	0
2691	Q0	4131#0	0
2691	Q0	4156#0	0
2691	Q0	3973#0	0
2691	Q0	4144#0	0
2691	Q0	4154#0	0
2691	Q0	4126#0	0
2692	Q0	36343#0	1
2692	Q0	32641#16	0
2692	Q0	32632#9	0
2692	Q0	32640#19	0
2692	Q0	26825#5	0
2692	Q0	1507#2	0
2692	Q0	15738#1	0
2692	Q0	37879#25	0
2692	Q0	32376#9	0
2692	Q0	27130#3	0
2694	Q0	22104#0	1
2694	Q0	24151#0	0
2694	Q0	27593#0	0
2694	Q0	15871#1	0
2694	Q0	9279#0	0
2694	Q0	17006#0	0
2694	Q0	21848#0	0
2694	Q0	23691#1	0
2694	Q0	15916#0	0
2694	Q0	8235#1	0
2695	Q0	875#11	1
2695	Q0	39726#1	0
2695	Q0	39726#3	0
2695	Q0	39726#6	0
2695	Q0	39726#5	0
2695	Q0	10625#0	0
2695	Q0	12272#2	0
2695	Q0	6122#1	0
2695	Q0	3581#4	0
2695	Q0	34056#28	0
2695	Q0	41411#1	0
2697	Q0	112781#2	1
2697	Q0	5935#5	1
2697	Q0	5930#5	1
2697	Q0	1535#32	0
2697	Q0	6153#6	0
2697	Q0	40368#29	0
2697	Q0	32707#10	0
2697	Q0	3315#4	0
2697	Q0	32244#5	0
2698	Q0	32501#7	1
2698	Q0	32536#8	1
2698	Q0	26459#1	0
2698	Q0	32524#4	0
2698	Q0	54109#7	0
2698	Q0	32082#0	0
2698	Q0	49265#27	0
2698	Q0	32051#5	0
2698	Q0	49265#2	0
2698	Q0	10437#3	0
2699	Q0	248482#10	1
2699	Q0	35142#1	1
2699	Q0	7906#1	1
2699	Q0	1537#8	0
2699	Q0	46739#2	0
2699	Q0	1774#1	0
2699	Q0	162664#0	0
2699	Q0	47327#23	0
2699	Q0	32469#1	0
2699	Q0	32469#2	0
2699	Q0	1363#6	0
2700	Q0	99988#0	1
2700	Q0	34169#16	0
2700	Q0	35701#2	0
2700	Q0	39726#3	0
2700	Q0	35701#1	0
2700	Q0	10993#1	0
2700	Q0	39959#8	0
2700	Q0	10625#0	0
2700	Q0	41955#6	0
2700	Q0	12778#1	0
2700	Q0	5897#10	0
2701	Q0	17151#0	1
2701	Q0	8620#1	0
2701	Q0	17306#1	0
2701	Q0	32547#8	0
2701	Q0	37880#0	0
2701	Q0	49088#11	0
2701	Q0	57120#0	0
2701	Q0	34271#10	0
2701	Q0	32626#7	0
2701	Q0	26977#5	0
2702	Q0	52329#0	1
2702	Q0	5266#0	0
2702	Q0	1496#4	0
2702	Q0	21576#0	0
2702	Q0	21575#0	0
2702	Q0	21546#0	0
2702	Q0	21571#0	0
2702	Q0	21558#0	0
2702	Q0	21562#0	0
2702	Q0	21556#0	0
2702	Q0	51064#0	0
2703	Q0	1591#0	1
2703	Q0	1591#35	1
2703	Q0	1591#31	0
2703	Q0	1591#27	0
2703	Q0	1591#24	0
2703	Q0	1591#32	0
2703	Q0	2443#0	0
2703	Q0	1591#3	0
2703	Q0	1598#0	0
2703	Q0	1591#12	0
2704	Q0	68548#1	1
2704	Q0	38675#0	0
2704	Q0	102007#3	0
2704	Q0	109646#1	0
2704	Q0	111365#7	0
2704	Q0	38675#4	0
2704	Q0	109646#8	0
2704	Q0	111365#10	0
2704	Q0	38675#6	0
2704	Q0	38675#1	0
2705	Q0	98681#0	1
2705	Q0	5458#23	1
2705	Q0	39199#2	1
2705	Q0	5897#4	0
2705	Q0	15262#18	0
2705	Q0	111543#3	0
2705	Q0	47611#5	0
2705	Q0	240630#1	0
2705	Q0	5897#1	0
2705	Q0	5892#2	0
2706	Q0	12162#13	1
2706	Q0	12162#0	1
2706	Q0	12162#16	1
2706	Q0	12162#2	1
2706	Q0	35921#12	0
2706	Q0	12162#23	0
2706	Q0	12162#14	0
2706	Q0	12162#4	0
2706	Q0	72198#6	0
2706	Q0	53505#1	0
2707	Q0	75427#0	1
2707	Q0	9520#22	1
2707	Q0	1525#57	0
2707	Q0	1684#82	0
2707	Q0	54582#11	0
2707	Q0	9520#6	0
2707	Q0	9520#13	0
2707	Q0	9520#1	0
2707	Q0	9520#9	0
2707	Q0	2512#11	0
2707	Q0	9520#10	0
2708	Q0	233283#1	1
2708	Q0	1538#5	1
2708	Q0	28904#46	1
2708	Q0	7543#11	1
2708	Q0	1391#23	0
2708	Q0	7410#8	0
2708	Q0	41157#61	0
2708	Q0	2416#3	0
2708	Q0	8202#2	0
2708	Q0	1431#2	0
2708	Q0	2390#6	0
2709	Q0	1487#41	1
2709	Q0	1355#0	0
2709	Q0	1685#10	0
2709	Q0	28904#26	0
2709	Q0	1390#5	0
2709	Q0	49265#31	0
2709	Q0	50279#15	0
2709	Q0	28904#27	0
2709	Q0	26813#12	0
2709	Q0	157683#7	0
2710	Q0	52015#1	1
2710	Q0	26977#5	1
2710	Q0	1685#3	0
2710	Q0	52015#6	0
2710	Q0	34157#14	0
2710	Q0	26985#1	0
2710	Q0	26561#5	0
2710	Q0	32378#19	0
2710	Q0	26862#4	0
2710	Q0	26687#23	0
2711	Q0	66052#1	1
2711	Q0	39577#2	1
2711	Q0	39577#3	1
2711	Q0	32042#6	0
2711	Q0	39577#0	0
2711	Q0	66052#0	0
2711	Q0	66052#3	0
2711	Q0	39577#1	0
2711	Q0	66052#4	0
2711	Q0	35649#9	0
2712	Q0	240326#5	1
2712	Q0	3384#24	0
2712	Q0	47160#29	0
2712	Q0	1543#1	0
2712	Q0	26931#1	0
2712	Q0	47018#38	0
2712	Q0	240326#0	0
2712	Q0	47160#27	0
2712	Q0	3730#3	0
2713	Q0	24371#0	1
2713	Q0	22937#1	1
2713	Q0	8620#1	1
2713	Q0	26325#1	0
2713	Q0	37153#1	0
2713	Q0	24371#6	0
2713	Q0	24371#4	0
2713	Q0	24371#5	0
2713	Q0	31044#1	0
2714	Q0	35813#0	1
2714	Q0	35846#4	0
2714	Q0	34525#0	0
2714	Q0	3852#0	0
2714	Q0	35813#1	0
2714	Q0	3852#26	0
2714	Q0	39346#0	0
2714	Q0	4024#22	0
2714	Q0	1403#23	0
2714	Q0	39346#1	0
2715	Q0	24262#0	1
2715	Q0	24142#0	0
2715	Q0	21390#1	0
2715	Q0	21848#0	0
2715	Q0	33977#10	0
2715	Q0	26821#7	0
2715	Q0	15554#0	0
2715	Q0	22173#0	0
2715	Q0	20728#0	0
2715	Q0	17810#1	0
2717	Q0	160730#0	1
2717	Q0	161257#0	1
2717	Q0	35602#4	0
2717	Q0	39959#4	0
2717	Q0	23948#1	0
2717	Q0	11432#1	0
2717	Q0	6111#3	0
2717	Q0	35084#9	0
2717	Q0	16381#2	0
2717	Q0	6082#3	0
2717	Q0	35084#8	0
2718	Q0	223406#0	1
2718	Q0	48800#0	1
2718	Q0	6273#9	0
2718	Q0	56358#22	0
2718	Q0	40463#1	0
2718	Q0	177415#0	0
2718	Q0	108944#3	0
2718	Q0	56358#9	0
2718	Q0	210269#0	0
2718	Q0	42575#1	0
2718	Q0	3451#12	0
2719	Q0	11570#0	1
2719	Q0	11570#1	1
2719	Q0	875#19	1
2719	Q0	3581#4	0
2719	Q0	875#17	0
2719	Q0	38035#3	0
2719	Q0	875#16	0
2719	Q0	12593#1	0
2719	Q0	3195#21	0
2719	Q0	39726#5	0
2720	Q0	216141#0	1
2720	Q0	18627#1	0
2720	Q0	9108#1	0
2720	Q0	2468#1	0
2720	Q0	2488#1	0
2720	Q0	5314#1	0
2720	Q0	48710#1	0
2720	Q0	6969#1	0
2720	Q0	5868#1	0
2720	Q0	1152#1	0
2721	Q0	87967#0	1
2721	Q0	40463#1	1
2721	Q0	35677#26	0
2721	Q0	1530#46	0
2721	Q0	40839#0	0
2721	Q0	13260#31	0
2721	Q0	55297#8	0
2721	Q0	51040#4	0
2721	Q0	47160#26	0
2721	Q0	53242#2	0
2722	Q0	23577#1	1
2722	Q0	26813#14	1
2722	Q0	34407#12	0
2722	Q0	22939#3	0
2722	Q0	6314#1	0
2722	Q0	40738#4	0
2722	Q0	23576#4	0
2722	Q0	33529#17	0
2722	Q0	32109#15	0
2723	Q0	52292#1	1
2723	Q0	52244#12	0
2723	Q0	52294#1	0
2723	Q0	26658#6	0
2723	Q0	51706#20	0
2723	Q0	21199#0	0
2723	Q0	52278#0	0
2723	Q0	54150#1	0
2723	Q0	18679#0	0
2723	Q0	52293#1	0
2725	Q0	61173#0	1
2725	Q0	35677#38	1
2725	Q0	110733#0	1
2725	Q0	111509#1	0
2725	Q0	61173#2	0
2725	Q0	37099#1	0
2725	Q0	61173#3	0
2725	Q0	110733#2	0
2725	Q0	1806#4	0
2725	Q0	1794#15	0
2727	Q0	34525#2	1
2727	Q0	34525#5	1
2727	Q0	34525#14	1
2727	Q0	34525#3	0
2727	Q0	34525#0	0
2727	Q0	34525#7	0
2727	Q0	34525#10	0
2727	Q0	34525#15	0
2727	Q0	35813#1	0
2727	Q0	46918#1	0
2728	Q0	875#11	1
2728	Q0	10444#0	1
2728	Q0	12305#1	1
2728	Q0	30943#4	0
2728	Q0	30265#2	0
2728	Q0	6479#3	0
2728	Q0	875#16	0
2728	Q0	23363#20	0
2728	Q0	40310#5	0
2728	Q0	53411#2	0
2728	Q0	875#17	0
2729	Q0	110105#0	1
2729	Q0	2475#8	0
2729	Q0	110105#3	0
2729	Q0	53283#95	0
2729	Q0	6108#8	0
2729	Q0	10809#0	0
2729	Q0	12846#0	0
2729	Q0	10865#0	0
2729	Q0	3427#2	0
2729	Q0	12851#0	0
2729	Q0	39249#5	0
2730	Q0	36715#0	1
2730	Q0	36102#16	0
2730	Q0	7551#1	0
2730	Q0	36680#0	0
2730	Q0	52308#5	0
2730	Q0	36823#0	0
2730	Q0	34242#17	0
2730	Q0	19046#2	0
2730	Q0	32634#11	0
2730	Q0	50433#1	0
2732	Q0	40050#0	1
2732	Q0	7531#10	1
2732	Q0	7531#26	1
2732	Q0	40050#1	0
2732	Q0	7531#0	0
2732	Q0	24206#0	0
2732	Q0	40050#9	0
2732	Q0	11772#9	0
2732	Q0	4831#3	0
2732	Q0	24207#0	0
2732	Q0	49027#0	0
2733	Q0	110862#1	1
2733	Q0	45247#2	1
2733	Q0	39061#6	1
2733	Q0	13260#3	0
2733	Q0	45247#32	0
2733	Q0	105028#3	0
2733	Q0	109152#7	0
2733	Q0	39553#0	0
2733	Q0	1895#3	0
2733	Q0	47017#4	0
2737	Q0	227379#0	1
2737	Q0	9230#1	1
2737	Q0	30202#0	0
2737	Q0	15157#1	0
2737	Q0	36369#0	0
2737	Q0	1597#7	0
2737	Q0	56811#0	0
2737	Q0	227488#0	0
2737	Q0	22018#1	0
2737	Q0	18419#0	0
2737	Q0	50339#0	0
2738	Q0	106089#2	1
2738	Q0	106089#0	0
2738	Q0	38705#4	0
2738	Q0	55982#0	0
2738	Q0	5537#4	0
2738	Q0	34894#14	0
2738	Q0	7018#1	0
2738	Q0	2506#1	0
2738	Q0	38981#1	0
2738	Q0	54846#1	0
2740	Q0	104925#2	1
2740	Q0	104925#0	1
2740	Q0	55818#23	1
2740	Q0	104925#8	0
2740	Q0	35890#3	0
2740	Q0	11167#7	0
2740	Q0	104925#23	0
2740	Q0	2469#15	0
2740	Q0	47327#19	0
2740	Q0	47587#11	0
2740	Q0	104925#14	0
2741	Q0	1685#9	1
2741	Q0	1685#3	1
2741	Q0	1685#14	0
2741	Q0	1685#15	0
2741	Q0	1685#2	0
2741	Q0	1685#5	0
2741	Q0	1685#1	0
2741	Q0	1685#38	0
2741	Q0	7223#2	0
2741	Q0	1685#17	0
2744	Q0	105794#1	1
2744	Q0	105794#48	0
2744	Q0	105794#3	0
2744	Q0	105794#0	0
2744	Q0	6553#11	0
2744	Q0	105794#42	0
2744	Q0	105794#15	0
2744	Q0	105794#4	0
2744	Q0	105794#2	0
2744	Q0	105794#16	0
2744	Q0	105794#41	0
2745	Q0	231321#0	1
2745	Q0	27234#1	1
2745	Q0	45289#0	0
2745	Q0	39078#7	0
2745	Q0	13638#0	0
2745	Q0	39954#0	0
2745	Q0	34852#0	0
2745	Q0	8726#0	0
2745	Q0	53434#0	0
2745	Q0	38318#1	0
2745	Q0	39058#7	0
2746	Q0	59579#7	1
2746	Q0	39058#2	1
2746	Q0	40147#25	0
2746	Q0	59579#17	0
2746	Q0	59579#18	0
2746	Q0	59579#45	0
2746	Q0	59579#1	0
2746	Q0	1684#94	0
2746	Q0	59579#40	0
2746	Q0	59579#13	0
2747	Q0	91297#0	1
2747	Q0	47327#23	1
2747	Q0	91297#60	1
2747	Q0	47327#50	1
2747	Q0	47327#22	0
2747	Q0	1529#1	0
2747	Q0	91297#50	0
2747	Q0	1529#20	0
2747	Q0	1529#14	0
2747	Q0	47327#24	0
2748	Q0	47642#11	1
2748	Q0	4467#1	1
2748	Q0	1217#6	1
2748	Q0	47642#8	0
2748	Q0	47642#9	0
2748	Q0	47642#6	0
2748	Q0	47642#2	0
2748	Q0	47642#10	0
2748	Q0	52865#16	0
2748	Q0	47642#13	0
2750	Q0	182682#1	1
2750	Q0	47021#28	1
2750	Q0	186771#1	1
2750	Q0	48551#0	0
2750	Q0	84264#0	0
2750	Q0	8536#10	0
2750	Q0	113725#0	0
2750	Q0	258321#1	0
2750	Q0	211122#0	0
2750	Q0	158646#6	0
2750	Q0	113730#1	0
2751	Q0	106112#2	1
2751	Q0	47249#7	1
2751	Q0	106112#9	1
2751	Q0	106112#23	1
2751	Q0	106112#24	0
2751	Q0	106112#3	0
2751	Q0	41955#6	0
2751	Q0	106112#4	0
2751	Q0	106112#0	0
2751	Q0	12412#1	0
2751	Q0	10993#1	0
2753	Q0	23016#1	1
2753	Q0	29099#0	1
2753	Q0	11558#10	1
2753	Q0	23016#16	0
2753	Q0	23016#8	0
2753	Q0	9421#6	0
2753	Q0	19194#17	0
2753	Q0	37816#3	0
2753	Q0	36361#0	0
2753	Q0	47953#5	0
2754	Q0	9182#3	1
2754	Q0	18477#1	0
2754	Q0	32294#17	0
2754	Q0	35219#19	0
2754	Q0	49286#0	0
2754	Q0	9182#4	0
2754	Q0	23231#26	0
2754	Q0	31044#1	0
2754	Q0	32052#11	0
2754	Q0	18341#3	0
2755	Q0	1374#1	1
2755	Q0	2475#1	1
2755	Q0	54592#1	1
2755	Q0	48872#21	0
2755	Q0	41047#1	0
2755	Q0	40217#1	0
2755	Q0	9462#1	0
2755	Q0	9712#1	0
2755	Q0	9783#1	0
2755	Q0	9242#1	0
2756	Q0	21513#0	1
2756	Q0	24668#4	1
2756	Q0	34370#0	1
2756	Q0	21513#4	0
2756	Q0	21513#9	0
2756	Q0	21513#2	0
2756	Q0	34261#0	0
2756	Q0	17810#1	0
2756	Q0	37726#0	0
2756	Q0	15554#0	0
2757	Q0	24768#0	1
2757	Q0	31515#24	1
2757	Q0	31044#1	1
2757	Q0	26865#14	0
2757	Q0	57156#2	0
2757	Q0	22484#0	0
2757	Q0	34208#20	0
2757	Q0	37028#14	0
2757	Q0	49088#11	0
2757	Q0	21471#0	0
2758	Q0	8561#1	1
2758	Q0	48372#0	0
2758	Q0	50797#6	0
2758	Q0	16921#0	0
2758	Q0	24938#0	0
2758	Q0	51120#4	0
2758	Q0	15986#1	0
2758	Q0	26039#4	0
2758	Q0	16080#0	0
2758	Q0	16612#1	0
2759	Q0	29321#0	1
2759	Q0	51299#0	1
2759	Q0	8620#1	1
2759	Q0	16670#2	1
2759	Q0	23136#1	0
2759	Q0	34271#10	0
2759	Q0	32641#16	0
2759	Q0	27544#0	0
2759	Q0	34157#14	0
2759	Q0	32626#7	0
2760	Q0	85003#0	1
2760	Q0	85003#4	0
2760	Q0	53778#1	0
2760	Q0	16733#0	0
2760	Q0	17251#0	0
2760	Q0	8564#0	0
2760	Q0	17574#0	0
2760	Q0	16608#0	0
2760	Q0	17326#0	0
2760	Q0	26375#0	0
2761	Q0	111192#0	1
2761	Q0	111192#16	0
2761	Q0	40006#4	0
2761	Q0	111192#3	0
2761	Q0	5740#3	0
2761	Q0	111192#49	0
2761	Q0	47587#11	0
2761	Q0	29741#3	0
2761	Q0	111192#4	0
2761	Q0	111192#45	0
2762	Q0	34852#1	1
2762	Q0	47587#0	1
2762	Q0	137612#0	0
2762	Q0	7018#1	0
2762	Q0	38519#0	0
2762	Q0	9520#21	0
2762	Q0	54592#1	0
2762	Q0	102878#1	0
2762	Q0	39192#1	0
2762	Q0	39630#0	0
2763	Q0	41040#4	1
2763	Q0	55226#0	1
2763	Q0	39216#0	0
2763	Q0	55351#0	0
2763	Q0	56339#5	0
2763	Q0	40410#1	0
2763	Q0	42575#4	0
2763	Q0	1205#6	0
2763	Q0	55297#8	0
2763	Q0	1196#6	0
2764	Q0	98437#1	1
2764	Q0	223335#6	1
2764	Q0	2410#6	0
2764	Q0	5891#12	0
2764	Q0	853#4	0
2764	Q0	38441#6	0
2764	Q0	139152#3	0
2764	Q0	45240#8	0
2764	Q0	4872#3	0
2764	Q0	38223#0	0
2764	Q0	2541#10	0
2766	Q0	160860#1	1
2766	Q0	45322#0	1
2766	Q0	12778#1	0
2766	Q0	4567#1	0
2766	Q0	39726#3	0
2766	Q0	12272#2	0
2766	Q0	10625#0	0
2766	Q0	38981#17	0
2766	Q0	5871#1	0
2766	Q0	10237#1	0
2768	Q0	23135#0	1
2768	Q0	21431#0	1
2768	Q0	23135#1	0
2768	Q0	17542#0	0
2768	Q0	21788#0	0
2768	Q0	50847#0	0
2768	Q0	4611#0	0
2768	Q0	28445#0	0
2768	Q0	21418#0	0
2768	Q0	36582#0	0
2769	Q0	1253#0	1
2769	Q0	1253#3	0
2769	Q0	1253#2	0
2769	Q0	1403#0	0
2769	Q0	1253#1	0
2769	Q0	1403#24	0
2769	Q0	1403#40	0
2769	Q0	1403#51	0
2769	Q0	1403#25	0
2769	Q0	1403#23	0
2770	Q0	32206#5	1
2770	Q0	35813#2	0
2770	Q0	32206#2	0
2770	Q0	32206#0	0
2770	Q0	32206#4	0
2770	Q0	32206#1	0
2770	Q0	32206#9	0
2770	Q0	35306#9	0
2770	Q0	32206#12	0
2770	Q0	223823#0	0
2771	Q0	22304#1	1
2771	Q0	22304#5	0
2771	Q0	32198#13	0
2771	Q0	33816#1	0
2771	Q0	16898#0	0
2771	Q0	35219#19	0
2771	Q0	22939#3	0
2771	Q0	8620#1	0
2771	Q0	26495#1	0
2771	Q0	57171#2	0
2772	Q0	159317#0	1
2772	Q0	45309#29	0
2772	Q0	3315#4	0
2772	Q0	37829#1	0
2772	Q0	39553#1	0
2772	Q0	53092#4	0
2772	Q0	37829#4	0
2772	Q0	37829#5	0
2772	Q0	159317#1	0
2772	Q0	3451#10	0
2773	Q0	47438#0	1
2773	Q0	47438#6	0
2773	Q0	47438#18	0
2773	Q0	47438#17	0
2773	Q0	47438#22	0
2773	Q0	47438#7	0
2773	Q0	47438#5	0
2773	Q0	47327#5	0
2773	Q0	47438#2	0
2773	Q0	47438#3	0
2773	Q0	55087#26	0
2774	Q0	786#0	1
2774	Q0	1306#4	0
2774	Q0	1392#0	0
2774	Q0	2560#0	0
2774	Q0	786#8	0
2774	Q0	1393#2	0
2774	Q0	1360#18	0
2774	Q0	2411#5	0
2774	Q0	786#7	0
2774	Q0	786#3	0
2775	Q0	7686#4	1
2775	Q0	5297#31	0
2775	Q0	109641#0	0
2775	Q0	53138#8	0
2775	Q0	7686#13	0
2775	Q0	1201#4	0
2775	Q0	7675#0	0
2775	Q0	109641#15	0
2775	Q0	111467#4	0
2775	Q0	1228#16	0
2775	Q0	55876#1	0
2776	Q0	106984#10	1
2776	Q0	106984#0	0
2776	Q0	106984#5	0
2776	Q0	106984#28	0
2776	Q0	40012#3	0
2776	Q0	106984#3	0
2776	Q0	13836#4	0
2776	Q0	106984#6	0
2776	Q0	106984#12	0
2776	Q0	11998#1	0
2779	Q0	110201#5	1
2780	Q0	58449#0	1
2781	Q0	41040#4	1
2781	Q0	39216#0	0
2781	Q0	40410#1	0
2781	Q0	56358#34	0
2781	Q0	55351#0	0
2781	Q0	1196#6	0
2781	Q0	56339#5	0
2781	Q0	55297#8	0
2781	Q0	42575#4	0
2781	Q0	1205#6	0
2782	Q0	221285#0	1
2782	Q0	237570#0	0
2782	Q0	221285#1	0
2782	Q0	221740#0	0
2782	Q0	221825#0	0
2782	Q0	237632#0	0
2782	Q0	222242#0	0
2782	Q0	221285#4	0
2782	Q0	34672#18	0
2782	Q0	221601#0	0
2783	Q0	92932#0	1
2783	Q0	92932#5	0
2783	Q0	56619#2	0
2783	Q0	20907#0	0
2783	Q0	56881#0	0
2783	Q0	52644#0	0
2783	Q0	1573#2	0
2783	Q0	52688#0	0
2783	Q0	51363#1	0
2783	Q0	17143#0	0
2784	Q0	114613#1	1
2784	Q0	17888#1	0
2784	Q0	18066#1	0
2784	Q0	33607#1	0
2784	Q0	50269#13	0
2784	Q0	32545#5	0
2784	Q0	34271#10	0
2784	Q0	31960#15	0
2784	Q0	7145#2	0
2784	Q0	51360#1	0
2784	Q0	51365#2	0
2785	Q0	1581#2	1
2785	Q0	787#11	0
2785	Q0	1570#0	0
2785	Q0	1580#5	0
2785	Q0	1581#0	0
2785	Q0	787#6	0
2785	Q0	1573#2	0
2785	Q0	1581#8	0
2785	Q0	1555#28	0
2785	Q0	1585#9	0
2786	Q0	37399#0	1
2786	Q0	37401#0	1
2786	Q0	37400#0	1
2786	Q0	37399#5	0
2786	Q0	37400#5	0
2786	Q0	37401#5	0
2786	Q0	36885#0	0
2786	Q0	52877#5	0
2786	Q0	52876#0	0
2786	Q0	52877#1	0
2788	Q0	170406#0	1
2788	Q0	4467#1	0
2788	Q0	3598#15	0
2788	Q0	6061#16	0
2788	Q0	1256#4	0
2788	Q0	2624#1	0
2788	Q0	1256#3	0
2788	Q0	5528#9	0
2788	Q0	3418#91	0
2788	Q0	5373#11	0
2790	Q0	250398#1	1
2790	Q0	250398#0	1
2790	Q0	38541#4	0
2790	Q0	40140#1	0
2790	Q0	39810#6	0
2790	Q0	40368#5	0
2790	Q0	2502#2	0
2790	Q0	35890#0	0
2790	Q0	39630#0	0
2790	Q0	39192#1	0
2790	Q0	39101#0	0
2792	Q0	170701#2	1
2792	Q0	1359#0	1
2792	Q0	1359#9	0
2792	Q0	1359#11	0
2792	Q0	787#11	0
2792	Q0	3894#32	0
2792	Q0	1359#4	0
2792	Q0	36268#4	0
2792	Q0	38407#4	0
2792	Q0	1257#0	0
2794	Q0	17457#0	1
2794	Q0	32309#17	0
2794	Q0	57171#2	0
2794	Q0	24577#0	0
2794	Q0	36059#1	0
2794	Q0	17774#0	0
2794	Q0	16039#1	0
2794	Q0	49926#1	0
2794	Q0	49832#0	0
2794	Q0	25012#0	0
2798	Q0	78938#4	1
2798	Q0	1685#9	0
2798	Q0	52060#0	0
2798	Q0	22016#1	0
2798	Q0	52016#2	0
2798	Q0	52068#1	0
2798	Q0	78938#6	0
2798	Q0	24025#0	0
2798	Q0	1685#3	0
2798	Q0	21096#1	0
2799	Q0	93715#0	1
2799	Q0	40166#1	0
2799	Q0	34145#19	0
2799	Q0	41047#1	0
2799	Q0	5321#1	0
2799	Q0	5891#1	0
2799	Q0	2950#1	0
2799	Q0	34612#1	0
2799	Q0	6960#1	0
2799	Q0	39944#1	0
2800	Q0	29321#0	1
2800	Q0	29321#3	0
2800	Q0	29879#0	0
2800	Q0	27544#0	0
2800	Q0	23136#1	0
2800	Q0	51299#0	0
2800	Q0	29321#1	0
2800	Q0	28295#0	0
2800	Q0	51296#0	0
2800	Q0	28307#0	0
2801	Q0	1306#1	1
2801	Q0	26658#5	1
2801	Q0	1306#13	0
2801	Q0	1351#10	0
2801	Q0	1306#19	0
2801	Q0	2416#10	0
2801	Q0	47988#19	0
2801	Q0	52584#20	0
2801	Q0	8513#0	0
2801	Q0	1306#18	0
2802	Q0	66391#2	1
2802	Q0	55818#23	0
2802	Q0	35890#3	0
2802	Q0	48440#3	0
2802	Q0	1692#4	0
2802	Q0	39196#14	0
2802	Q0	11167#7	0
2802	Q0	73156#13	0
2802	Q0	1692#2	0
2802	Q0	3418#160	0
2804	Q0	22348#0	1
2804	Q0	26983#9	1
2804	Q0	51000#20	0
2804	Q0	34407#12	0
2804	Q0	32046#15	0
2804	Q0	21532#0	0
2804	Q0	26605#0	0
2804	Q0	21403#0	0
2804	Q0	15730#0	0
2805	Q0	114208#4	1
2805	Q0	2483#6	0
2805	Q0	3311#0	0
2805	Q0	46689#2	0
2805	Q0	6303#21	0
2805	Q0	3852#35	0
2805	Q0	106225#16	0
2805	Q0	55032#6	0
2805	Q0	3311#5	0
2805	Q0	39346#1	0
2806	Q0	127880#1	1
2806	Q0	38981#17	0
2806	Q0	127880#7	0
2806	Q0	10625#0	0
2806	Q0	38892#2	0
2806	Q0	39726#3	0
2806	Q0	40007#0	0
2806	Q0	7060#1	0
2806	Q0	53328#1	0
2806	Q0	9108#1	0
2806	Q0	6303#2	0
2807	Q0	107287#1	1
2807	Q0	39630#0	0
2807	Q0	39192#1	0
2807	Q0	2495#1	0
2807	Q0	39630#1	0
2807	Q0	54592#1	0
2807	Q0	9712#1	0
2807	Q0	9520#21	0
2807	Q0	2469#1	0
2807	Q0	2468#1	0
2808	Q0	135570#1	1
2808	Q0	38417#1	0
2808	Q0	9783#1	0
2808	Q0	39944#1	0
2808	Q0	2610#1	0
2808	Q0	9242#1	0
2808	Q0	135570#0	0
2808	Q0	39192#1	0
2808	Q0	9712#1	0
2808	Q0	9108#1	0
2809	Q0	36834#0	1
2809	Q0	36117#9	0
2809	Q0	38817#3	0
2809	Q0	30291#1	0
2809	Q0	36116#0	0
2809	Q0	21892#0	0
2809	Q0	52483#7	0
2809	Q0	52488#4	0
2809	Q0	36834#5	0
2809	Q0	52566#7	0
2810	Q0	48424#2	1
2810	Q0	48422#0	1
2810	Q0	48422#10	0
2810	Q0	48421#1	0
2810	Q0	48424#3	0
2810	Q0	48421#3	0
2810	Q0	48423#0	0
2810	Q0	48420#1	0
2810	Q0	31974#0	0
2810	Q0	9319#19	0
2812	Q0	8240#0	1
2812	Q0	1360#22	0
2812	Q0	1360#32	0
2812	Q0	1360#0	0
2812	Q0	1360#18	0
2812	Q0	1392#0	0
2812	Q0	1392#4	0
2812	Q0	1360#31	0
2812	Q0	1360#17	0
2812	Q0	1392#5	0
2812	Q0	1360#16	0
2813	Q0	47327#2	1
2813	Q0	47327#0	1
2813	Q0	27383#4	1
2813	Q0	47327#3	0
2813	Q0	47327#10	0
2813	Q0	3418#146	0
2813	Q0	4831#5	0
2813	Q0	3418#135	0
2814	Q0	92125#1	1
2814	Q0	46703#2	1
2814	Q0	40007#0	0
2814	Q0	37976#4	0
2814	Q0	7554#4	0
2814	Q0	34612#1	0
2814	Q0	39726#3	0
2814	Q0	38981#1	0
2814	Q0	4024#3	0
2814	Q0	38206#1	0
2815	Q0	32641#16	1
2815	Q0	32375#21	1
2815	Q0	32640#19	1
2815	Q0	32146#7	1
2815	Q0	32044#18	0
2815	Q0	32486#11	0
2815	Q0	1790#21	0
2815	Q0	31515#24	0
2815	Q0	53312#13	0
2815	Q0	36115#5	0
2816	Q0	6040#0	1
2816	Q0	6040#12	1
2816	Q0	6040#16	1
2816	Q0	1487#5	0
2816	Q0	6040#5	0
2816	Q0	790#1	0
2816	Q0	6040#3	0
2816	Q0	6040#6	0
2816	Q0	790#3	0
2816	Q0	2745#1	0
2817	Q0	47769#0	1
2817	Q0	47769#9	1
2817	Q0	21820#8	0
2817	Q0	32706#8	0
2817	Q0	32619#13	0
2817	Q0	35219#19	0
2817	Q0	49088#11	0
2817	Q0	57156#2	0
2817	Q0	50082#9	0
2817	Q0	32573#6	0
2817	Q0	37082#0	0
2818	Q0	34276#0	1
2818	Q0	34276#12	0
2818	Q0	52308#5	0
2818	Q0	33952#11	0
2818	Q0	50663#7	0
2818	Q0	26825#5	0
2818	Q0	32285#17	0
2818	Q0	31608#22	0
2818	Q0	51715#16	0
2818	Q0	26747#1	0
2820	Q0	105606#0	1
2820	Q0	105606#77	0
2820	Q0	105606#52	0
2820	Q0	105606#3	0
2820	Q0	105606#44	0
2820	Q0	105606#61	0
2820	Q0	105606#13	0
2820	Q0	105606#58	0
2820	Q0	105606#47	0
2820	Q0	105606#8	0
2821	Q0	105970#3	1
2821	Q0	105970#54	0
2821	Q0	105970#0	0
2821	Q0	105970#16	0
2821	Q0	47587#11	0
2821	Q0	105970#58	0
2821	Q0	105970#57	0
2821	Q0	55092#10	0
2821	Q0	37153#14	0
2821	Q0	105970#68	0
2822	Q0	107726#0	1
2822	Q0	107726#2	1
2822	Q0	107726#46	1
2822	Q0	107726#32	0
2822	Q0	107726#27	0
2822	Q0	107726#18	0
2822	Q0	107726#42	0
2822	Q0	107726#17	0
2822	Q0	107726#14	0
2822	Q0	107726#47	0
2822	Q0	107726#15	0
2824	Q0	57156#2	1
2824	Q0	34271#10	0
2824	Q0	14193#1	0
2824	Q0	54033#1	0
2824	Q0	56920#0	0
2824	Q0	51160#1	0
2824	Q0	51365#2	0
2824	Q0	51377#21	0
2824	Q0	34431#12	0
2824	Q0	51363#1	0
2825	Q0	50279#15	1
2825	Q0	1355#0	0
2825	Q0	1685#10	0
2825	Q0	49265#31	0
2825	Q0	1390#5	0
2825	Q0	41185#0	0
2825	Q0	49265#37	0
2825	Q0	26813#12	0
2825	Q0	28904#27	0
2825	Q0	4809#20	0
2827	Q0	58130#0	1
2827	Q0	49504#2	0
2827	Q0	53706#1	0
2827	Q0	21850#0	0
2827	Q0	36550#0	0
2827	Q0	26665#6	0
2827	Q0	24873#0	0
2827	Q0	16546#0	0
2827	Q0	25839#0	0
2827	Q0	26553#16	0
2827	Q0	35219#19	0
2828	Q0	24779#0	1
2828	Q0	24779#2	0
2828	Q0	24779#1	0
2828	Q0	24965#0	0
2828	Q0	24232#0	0
2828	Q0	25793#6	0
2828	Q0	34384#8	0
2828	Q0	16996#0	0
2828	Q0	16040#0	0
2828	Q0	34384#1	0
2830	Q0	1685#15	1
2830	Q0	1685#2	0
2830	Q0	1393#9	0
2830	Q0	1685#38	0
2830	Q0	1685#17	0
2830	Q0	1685#13	0
2830	Q0	1685#12	0
2830	Q0	1685#6	0
2830	Q0	1685#10	0
2830	Q0	34445#1	0
2832	Q0	34022#0	1
2832	Q0	27097#1	0
2832	Q0	26490#1	0
2832	Q0	37628#20	0
2832	Q0	32567#1	0
2832	Q0	34157#14	0
2832	Q0	53707#20	0
2832	Q0	1540#18	0
2832	Q0	40670#14	0
2832	Q0	50238#20	0
2833	Q0	13444#0	1
2833	Q0	13444#10	1
2833	Q0	13449#3	1
2833	Q0	13449#4	0
2833	Q0	13449#9	0
2833	Q0	55328#3	0
2833	Q0	56358#22	0
2833	Q0	13449#5	0
2833	Q0	160811#3	0
2833	Q0	13449#7	0
2834	Q0	23851#1	1
2834	Q0	23851#14	0
2834	Q0	23851#7	0
2834	Q0	24436#4	0
2834	Q0	4705#3	0
2834	Q0	34275#7	0
2834	Q0	38991#6	0
2834	Q0	17352#4	0
2834	Q0	50632#5	0
2834	Q0	54468#5	0
2836	Q0	21741#0	1
2836	Q0	32285#17	1
2836	Q0	21741#5	0
2836	Q0	21741#6	0
2836	Q0	21741#1	0
2836	Q0	21741#3	0
2836	Q0	31608#22	0
2836	Q0	21741#7	0
2836	Q0	32285#0	0
2836	Q0	21741#4	0
2837	Q0	10397#1	1
2837	Q0	12338#1	1
2837	Q0	10395#1	0
2837	Q0	10397#0	0
2837	Q0	27280#2	0
2837	Q0	78272#0	0
2837	Q0	12895#1	0
2837	Q0	16400#0	0
2837	Q0	39331#0	0
2837	Q0	37207#3	0
2841	Q0	224279#1	1
2841	Q0	3427#2	0
2841	Q0	39726#8	0
2841	Q0	2475#8	0
2841	Q0	9457#4	0
2841	Q0	11426#0	0
2841	Q0	31768#3	0
2841	Q0	3832#0	0
2841	Q0	6108#8	0
2841	Q0	7894#2	0
2841	Q0	35084#14	0
2843	Q0	34672#0	1
2843	Q0	34672#45	1
2843	Q0	7448#0	1
2843	Q0	34672#46	0
2843	Q0	34672#50	0
2843	Q0	34672#13	0
2843	Q0	34672#43	0
2843	Q0	34672#51	0
2843	Q0	34672#11	0
2843	Q0	11964#10	0
2843	Q0	34672#12	0
2844	Q0	52865#0	1
2844	Q0	26501#12	0
2844	Q0	52863#0	0
2844	Q0	37482#3	0
2844	Q0	4752#11	0
2844	Q0	26949#14	0
2844	Q0	26893#13	0
2844	Q0	34407#12	0
2844	Q0	52864#0	0
2844	Q0	26364#0	0
2845	Q0	103426#0	1
2845	Q0	5756#5	0
2845	Q0	2541#7	0
2845	Q0	2624#7	0
2845	Q0	39196#15	0
2845	Q0	103427#2	0
2845	Q0	55982#1	0
2845	Q0	7662#13	0
2845	Q0	21941#11	0
2845	Q0	7662#18	0
2846	Q0	9286#0	1
2846	Q0	28748#2	0
2846	Q0	138915#32	0
2846	Q0	47983#0	0
2846	Q0	27777#0	0
2846	Q0	28748#4	0
2846	Q0	28748#0	0
2846	Q0	37618#0	0
2846	Q0	68026#0	0
2846	Q0	27789#0	0
2847	Q0	7409#1	1
2847	Q0	34445#7	0
2847	Q0	9158#3	0
2847	Q0	1685#3	0
2847	Q0	7543#3	0
2847	Q0	9184#1	0
2847	Q0	9342#2	0
2847	Q0	35219#19	0
2847	Q0	9227#5	0
2847	Q0	1393#19	0
2849	Q0	7836#1	1
2849	Q0	164251#10	1
2849	Q0	110936#8	1
2849	Q0	7836#7	0
2849	Q0	107805#2	0
2849	Q0	5740#3	0
2849	Q0	11167#7	0
2849	Q0	55818#23	0
2849	Q0	109110#7	0
2849	Q0	7836#8	0
2850	Q0	1874#0	1
2850	Q0	1874#1	1
2850	Q0	38605#0	0
2850	Q0	875#11	0
2850	Q0	1256#0	0
2850	Q0	56141#0	0
2850	Q0	2560#6	0
2850	Q0	2560#0	0
2850	Q0	172375#1	0
2850	Q0	875#12	0
2851	Q0	100836#9	1
2851	Q0	11820#36	0
2851	Q0	6220#2	0
2851	Q0	53092#3	0
2851	Q0	9520#22	0
2851	Q0	100836#11	0
2851	Q0	4872#0	0
2851	Q0	39085#22	0
2851	Q0	53092#2	0
2852	Q0	204980#0	1
2852	Q0	27270#1	1
2852	Q0	40524#2	0
2852	Q0	5871#1	0
2852	Q0	38981#17	0
2852	Q0	12778#1	0
2852	Q0	40524#0	0
2852	Q0	39726#3	0
2852	Q0	12272#2	0
2852	Q0	6001#0	0
2853	Q0	116543#0	1
2853	Q0	96717#3	0
2853	Q0	2475#2	0
2853	Q0	3613#6	0
2853	Q0	45322#0	0
2853	Q0	35701#2	0
2853	Q0	2482#2	0
2853	Q0	47072#10	0
2853	Q0	859#9	0
2853	Q0	47167#3	0
2853	Q0	11275#8	0
2854	Q0	81291#0	1
2854	Q0	39064#20	0
2854	Q0	39064#25	0
2854	Q0	39196#15	0
2854	Q0	39196#12	0
2854	Q0	7918#10	0
2854	Q0	47236#7	0
2854	Q0	29741#3	0
2855	Q0	238698#5	1
2855	Q0	65198#9	1
2855	Q0	224086#0	0
2855	Q0	804#7	0
2855	Q0	35660#0	0
2855	Q0	39115#3	0
2855	Q0	238698#0	0
2855	Q0	238698#9	0
2855	Q0	35660#3	0
2856	Q0	109134#4	1
2856	Q0	109134#0	0
2856	Q0	54846#1	0
2856	Q0	35210#2	0
2856	Q0	54592#1	0
2856	Q0	54981#1	0
2856	Q0	40147#4	0
2856	Q0	2502#2	0
2856	Q0	7043#1	0
2856	Q0	2517#1	0
2856	Q0	40140#1	0
2858	Q0	41150#1	1
2858	Q0	1867#12	0
2858	Q0	1867#13	0
2858	Q0	1867#11	0
2858	Q0	1786#5	0
2858	Q0	11972#5	0
2858	Q0	10224#1	0
2858	Q0	1867#15	0
2858	Q0	2412#1	0
2859	Q0	60235#14	1
2859	Q0	60235#37	1
2859	Q0	4831#5	0
2859	Q0	3418#37	0
2859	Q0	1765#2	0
2859	Q0	2512#4	0
2859	Q0	1586#0	0
2859	Q0	1586#5	0
2859	Q0	1581#3	0
2859	Q0	1591#14	0
2859	Q0	1765#3	0
2860	Q0	110581#0	1
2860	Q0	6046#31	0
2860	Q0	6394#4	0
2860	Q0	6493#4	0
2860	Q0	39630#11	0
2860	Q0	100522#8	0
2860	Q0	26375#35	0
2860	Q0	40068#8	0
2860	Q0	5699#0	0
2860	Q0	53708#1	0
2860	Q0	47327#43	0
2863	Q0	53281#0	1
2863	Q0	30723#0	0
2863	Q0	53281#4	0
2863	Q0	53281#1	0
2863	Q0	23174#3	0
2863	Q0	18862#0	0
2863	Q0	65959#7	0
2863	Q0	38742#0	0
2863	Q0	40216#0	0
2863	Q0	37737#2	0
2864	Q0	253096#1	1
2864	Q0	253096#0	0
2864	Q0	38519#0	0
2864	Q0	1181#2	0
2864	Q0	2468#1	0
2864	Q0	39944#1	0
2864	Q0	39630#0	0
2864	Q0	39204#2	0
2864	Q0	2495#1	0
2864	Q0	39224#3	0
2864	Q0	34894#14	0
2865	Q0	36357#0	1
2865	Q0	49010#0	0
2865	Q0	15650#1	0
2865	Q0	21393#0	0
2865	Q0	26039#4	0
2865	Q0	17961#0	0
2865	Q0	49010#5	0
2865	Q0	16987#0	0
2865	Q0	49332#0	0
2867	Q0	105918#0	1
2867	Q0	105918#1	1
2867	Q0	105918#30	0
2867	Q0	105918#8	0
2867	Q0	32845#20	0
2867	Q0	13986#0	0
2867	Q0	45257#0	0
2868	Q0	106445#0	1
2868	Q0	39101#0	0
2868	Q0	106445#37	0
2868	Q0	106445#23	0
2868	Q0	7018#1	0
2868	Q0	106445#39	0
2868	Q0	106445#36	0
2868	Q0	2488#1	0
2868	Q0	39207#1	0
2868	Q0	2502#2	0
2869	Q0	56016#3	1
2869	Q0	56016#0	0
2869	Q0	40147#4	0
2869	Q0	5457#33	0
2869	Q0	56016#4	0
2869	Q0	5537#4	0
2869	Q0	5457#31	0
2869	Q0	34616#2	0
2869	Q0	6122#1	0
2869	Q0	32975#6	0
2871	Q0	1392#5	1
2871	Q0	1392#25	0
2871	Q0	1392#0	0
2871	Q0	1392#8	0
2871	Q0	1392#33	0
2871	Q0	1360#24	0
2871	Q0	1392#16	0
2871	Q0	1392#7	0
2871	Q0	1392#26	0
2871	Q0	1392#10	0
2873	Q0	106240#4	1
2873	Q0	89133#4	1
2873	Q0	12778#1	0
2873	Q0	10625#0	0
2873	Q0	12412#1	0
2873	Q0	27266#1	0
2873	Q0	41955#6	0
2873	Q0	53329#2	0
2873	Q0	39630#2	0
2873	Q0	12272#2	0
2873	Q0	39726#5	0
2874	Q0	110943#1	1
2874	Q0	100930#1	0
2874	Q0	100930#14	0
2874	Q0	55087#55	0
2874	Q0	1294#39	0
2874	Q0	40524#9	0
2874	Q0	55087#56	0
2874	Q0	111285#3	0
2874	Q0	1684#152	0
2874	Q0	1684#148	0
2875	Q0	205045#1	1
2875	Q0	205045#5	0
2875	Q0	34672#20	0
2875	Q0	205045#4	0
2875	Q0	34672#34	0
2875	Q0	205045#2	0
2875	Q0	64929#4	0
2875	Q0	35287#3	0
2876	Q0	225950#2	1
2876	Q0	32503#19	0
2876	Q0	32547#8	0
2876	Q0	32214#19	0
2876	Q0	31954#13	0
2876	Q0	18173#1	0
2876	Q0	37086#5	0
2876	Q0	18423#1	0
2877	Q0	59703#0	1
2877	Q0	1555#9	1
2877	Q0	1525#12	0
2877	Q0	3418#4	0
2877	Q0	251208#2	0
2877	Q0	40533#0	0
2877	Q0	194030#1	0
2877	Q0	2392#2	0
2877	Q0	117625#0	0
2877	Q0	1512#6	0
2878	Q0	147649#0	1
2878	Q0	45243#18	0
2878	Q0	45243#14	0
2878	Q0	39078#7	0
2878	Q0	8726#0	0
2878	Q0	39078#5	0
2878	Q0	38597#7	0
2878	Q0	47249#2	0
2878	Q0	45289#0	0
2878	Q0	16379#15	0
2878	Q0	47505#3	0
2879	Q0	30202#0	1
2879	Q0	36361#0	0
2879	Q0	4618#25	0
2879	Q0	47021#15	0
2879	Q0	16761#2	0
2879	Q0	16683#0	0
2879	Q0	34334#2	0
2879	Q0	1395#13	0
2879	Q0	29509#0	0
2879	Q0	48000#1	0
2880	Q0	1359#0	1
2880	Q0	3894#17	0
2880	Q0	47018#59	0
2880	Q0	5921#0	0
2880	Q0	3730#26	0
2880	Q0	170701#2	0
2880	Q0	5465#1	0
2880	Q0	1395#18	0
2881	Q0	15777#0	1
2881	Q0	17154#0	0
2881	Q0	21646#0	0
2881	Q0	36892#0	0
2881	Q0	52236#2	0
2881	Q0	16232#0	0
2881	Q0	33919#0	0
2881	Q0	15639#1	0
2881	Q0	22622#0	0
2881	Q0	16233#0	0
2882	Q0	100263#1	1
2882	Q0	7364#18	0
2882	Q0	6971#1	0
2882	Q0	40147#4	0
2882	Q0	43757#1	0
2882	Q0	5457#33	0
2882	Q0	18627#1	0
2882	Q0	9242#1	0
2882	Q0	48710#1	0
2882	Q0	54592#1	0
2886	Q0	39085#2	1
2886	Q0	39085#7	1
2886	Q0	9835#3	0
2886	Q0	40995#2	0
2886	Q0	5871#1	0
2886	Q0	2495#1	0
2886	Q0	39085#12	0
2886	Q0	39085#15	0
2887	Q0	36645#0	1
2887	Q0	7899#14	0
2887	Q0	26805#10	0
2887	Q0	50938#15	0
2887	Q0	35108#16	0
2887	Q0	26506#12	0
2887	Q0	23347#19	0
2887	Q0	26707#3	0
2887	Q0	22278#12	0
2888	Q0	40326#1	1
2888	Q0	40326#0	1
2888	Q0	55226#0	0
2888	Q0	55297#8	0
2888	Q0	40326#3	0
2888	Q0	40326#2	0
2888	Q0	55328#3	0
2888	Q0	56358#34	0
2888	Q0	40396#7	0
2888	Q0	55245#6	0
2889	Q0	58163#0	1
2889	Q0	54530#1	0
2889	Q0	25816#1	0
2889	Q0	18394#1	0
2889	Q0	36717#0	0
2889	Q0	54533#0	0
2889	Q0	34346#2	0
2889	Q0	18464#1	0
2890	Q0	32206#5	1
2890	Q0	35813#2	0
2890	Q0	32206#0	0
2890	Q0	32206#2	0
2890	Q0	32206#4	0
2890	Q0	32206#1	0
2890	Q0	105654#2	0
2890	Q0	40755#0	0
2890	Q0	32206#7	0
2890	Q0	11167#2	0
2891	Q0	37354#2	1
2891	Q0	37354#19	1
2891	Q0	48787#0	1
2891	Q0	37354#17	0
2891	Q0	37354#15	0
2891	Q0	48787#1	0
2891	Q0	37354#4	0
2891	Q0	37354#9	0
2891	Q0	37354#12	0
2891	Q0	37354#8	0
2892	Q0	224191#0	1
2892	Q0	224191#1	0
2892	Q0	2469#40	0
2892	Q0	47021#14	0
2892	Q0	39192#16	0
2892	Q0	1359#8	0
2892	Q0	9520#22	0
2892	Q0	9520#25	0
2892	Q0	5276#2	0
2892	Q0	48552#1	0
2893	Q0	55934#0	1
2893	Q0	80171#37	0
2893	Q0	55934#1	0
2893	Q0	4901#0	0
2893	Q0	4861#0	0
2893	Q0	4880#0	0
2893	Q0	4880#12	0
2893	Q0	4882#0	0
2893	Q0	26931#1	0
2893	Q0	24965#0	0
2894	Q0	167764#1	1
2894	Q0	6162#0	1
2894	Q0	40007#0	0
2894	Q0	38981#17	0
2894	Q0	39726#3	0
2894	Q0	3699#3	0
2894	Q0	32406#14	0
2894	Q0	54657#9	0
2894	Q0	6472#1	0
2894	Q0	38981#1	0
2894	Q0	55987#1	0
2895	Q0	76919#0	1
2895	Q0	45263#7	0
2895	Q0	1228#14	0
2895	Q0	55934#0	0
2895	Q0	36624#21	0
2895	Q0	38001#0	0
2895	Q0	35442#5	0
2895	Q0	792#23	0
2895	Q0	45263#9	0
2895	Q0	53436#0	0
2896	Q0	27038#0	1
2896	Q0	27038#19	0
2896	Q0	32641#16	0
2896	Q0	32632#9	0
2896	Q0	32395#13	0
2896	Q0	26610#0	0
2896	Q0	1817#17	0
2896	Q0	16545#0	0
2896	Q0	32640#19	0
2896	Q0	35219#19	0
2898	Q0	106103#0	1
2898	Q0	106103#3	0
2898	Q0	47505#3	0
2898	Q0	40037#0	0
2898	Q0	38455#8	0
2898	Q0	1532#68	0
2898	Q0	111083#13	0
2898	Q0	39031#34	0
2898	Q0	16339#2	0
2898	Q0	37221#0	0
2898	Q0	9242#6	0
2900	Q0	2482#1	1
2900	Q0	2482#0	0
2900	Q0	2482#7	0
2900	Q0	2482#8	0
2900	Q0	2482#4	0
2900	Q0	2482#3	0
2900	Q0	40007#0	0
2900	Q0	2482#2	0
2900	Q0	2482#9	0
2900	Q0	2482#17	0
2901	Q0	34026#0	1
2901	Q0	34026#10	1
2901	Q0	26751#1	0
2901	Q0	26982#7	0
2901	Q0	26915#0	0
2901	Q0	32393#11	0
2901	Q0	57031#3	0
2901	Q0	6061#17	0
2901	Q0	32691#16	0
2901	Q0	28759#0	0
2902	Q0	105712#0	1
2902	Q0	105712#22	0
2902	Q0	105712#14	0
2902	Q0	105712#29	0
2902	Q0	105712#6	0
2902	Q0	39424#1	0
2902	Q0	105712#19	0
2902	Q0	106425#22	0
2902	Q0	40368#128	0
2902	Q0	53329#0	0
2902	Q0	111194#41	0
2903	Q0	82056#2	1
2903	Q0	1684#77	1
2903	Q0	3451#7	0
2903	Q0	60058#0	0
2903	Q0	82056#0	0
2903	Q0	804#7	0
2904	Q0	230730#1	1
2904	Q0	230730#0	1
2904	Q0	2502#2	0
2904	Q0	13650#1	0
2904	Q0	39192#1	0
2904	Q0	34616#2	0
2904	Q0	1848#3	0
2904	Q0	39106#0	0
2904	Q0	40368#5	0
2904	Q0	39298#3	0
2909	Q0	220112#1	1
2909	Q0	220112#0	0
2909	Q0	55376#4	0
2909	Q0	56375#4	0
2909	Q0	31662#4	0
2909	Q0	53258#1	0
2910	Q0	21821#1	1
2910	Q0	32393#11	0
2910	Q0	32633#6	0
2910	Q0	32641#16	0
2910	Q0	26983#9	0
2910	Q0	35219#19	0
2910	Q0	49088#11	0
2910	Q0	32285#17	0
2911	Q0	60087#0	1
2911	Q0	1360#24	0
2911	Q0	22782#1	0
2911	Q0	1360#20	0
2911	Q0	22009#0	0
2911	Q0	2416#10	0
2911	Q0	23841#28	0
2911	Q0	55081#0	0
2911	Q0	56363#0	0
2911	Q0	21566#0	0
2911	Q0	8245#20	0
2912	Q0	61056#0	1
2912	Q0	54608#1	0
2912	Q0	5891#1	0
2912	Q0	39944#1	0
2912	Q0	9783#1	0
2912	Q0	41404#2	0
2912	Q0	8189#1	0
2913	Q0	34220#0	1
2913	Q0	34220#13	0
2913	Q0	34445#7	0
2913	Q0	23243#25	0
2913	Q0	32285#17	0
2913	Q0	50433#1	0
2913	Q0	23058#29	0
2913	Q0	1393#19	0
2913	Q0	26290#13	0
2913	Q0	32447#13	0
2914	Q0	7686#1	1
2914	Q0	7686#0	0
2914	Q0	7686#7	0
2914	Q0	7686#6	0
2914	Q0	7686#8	0
2914	Q0	7676#1	0
2914	Q0	7686#2	0
2914	Q0	7686#10	0
2914	Q0	7686#12	0
2915	Q0	107129#6	1
2915	Q0	35890#3	0
2915	Q0	107129#14	0
2915	Q0	107129#66	0
2915	Q0	55092#10	0
2915	Q0	107129#64	0
2915	Q0	107129#81	0
2915	Q0	107129#53	0
2915	Q0	78186#5	0
2916	Q0	46740#0	1
2916	Q0	6479#23	1
2916	Q0	1865#5	0
2916	Q0	55123#24	0
2916	Q0	9319#10	0
2916	Q0	23432#3	0
2916	Q0	48956#15	0
2916	Q0	26090#2	0
2916	Q0	23837#29	0
2917	Q0	5935#0	1
2917	Q0	5935#1	1
2917	Q0	5935#3	0
2917	Q0	5935#11	0
2917	Q0	5935#2	0
2917	Q0	5935#10	0
2917	Q0	41209#1	0
2917	Q0	18862#0	0
2917	Q0	5935#5	0
2917	Q0	3472#0	0
2918	Q0	98644#0	1
2918	Q0	98644#17	0
2918	Q0	98644#1	0
2918	Q0	6122#1	0
2918	Q0	40147#4	0
2918	Q0	2518#1	0
2918	Q0	98644#2	0
2918	Q0	35084#1	0
2920	Q0	75625#2	1
2920	Q0	1517#2	0
2920	Q0	1867#15	0
2920	Q0	1119#0	0
2920	Q0	1543#0	0
2920	Q0	1867#0	0
2920	Q0	1332#1	0
2920	Q0	1867#1	0
2924	Q0	105254#0	1
2924	Q0	105254#10	0
2924	Q0	105254#5	0
2924	Q0	40967#15	0
2924	Q0	105254#60	0
2924	Q0	105254#24	0
2924	Q0	39574#0	0
2924	Q0	105254#15	0
2924	Q0	2469#41	0
2924	Q0	9150#6	0
2928	Q0	228925#1	1
2928	Q0	34346#2	1
2928	Q0	21793#0	1
2928	Q0	24992#0	1
2928	Q0	25009#0	0
2928	Q0	36787#0	0
2928	Q0	15426#0	0
2928	Q0	52750#1	0
2928	Q0	14268#1	0
2929	Q0	97111#0	1
2929	Q0	97111#11	1
2929	Q0	97111#6	0
2929	Q0	97111#7	0
2929	Q0	32059#7	0
2929	Q0	27182#15	0
2929	Q0	140679#0	0
2929	Q0	97111#12	0
2929	Q0	97111#4	0
2930	Q0	133875#0	1
2930	Q0	103758#0	1
2930	Q0	54936#3	0
2930	Q0	7018#1	0
2930	Q0	6108#0	0
2930	Q0	39240#1	0
2930	Q0	39249#1	0
2933	Q0	233426#0	1
2933	Q0	9506#10	0
2933	Q0	39249#17	0
2933	Q0	47505#3	0
2933	Q0	8726#3	0
2933	Q0	37171#38	0
2933	Q0	47505#7	0
2933	Q0	12163#5	0
2933	Q0	39031#34	0
2933	Q0	6790#24	0
2934	Q0	23844#1	1
2934	Q0	32633#6	0
2934	Q0	32220#22	0
2934	Q0	50046#6	0
2934	Q0	26500#17	0
2934	Q0	23840#28	0
2934	Q0	35219#19	0
2934	Q0	32387#11	0
2934	Q0	41157#52	0
2937	Q0	66391#0	1
2937	Q0	66391#2	1
2937	Q0	1692#4	0
2937	Q0	55818#23	0
2937	Q0	1692#2	0
2937	Q0	48440#3	0
2937	Q0	1692#3	0
2937	Q0	35890#3	0
2937	Q0	249295#1	0
2937	Q0	4906#8	0
2937	Q0	35675#6	0
2938	Q0	132825#0	1
2938	Q0	2475#8	0
2938	Q0	53283#95	0
2938	Q0	3427#2	0
2938	Q0	12504#0	0
2938	Q0	39249#5	0
2938	Q0	12838#0	0
2938	Q0	6108#8	0
2938	Q0	10809#0	0
2938	Q0	37565#3	0
2938	Q0	39249#8	0
2939	Q0	39373#0	1
2939	Q0	42575#0	0
2939	Q0	27184#1	0
2939	Q0	47147#0	0
2939	Q0	56116#0	0
2939	Q0	7686#8	0
2939	Q0	7686#3	0
2940	Q0	24938#0	1
2940	Q0	24725#4	0
2940	Q0	24207#1	0
2940	Q0	24725#9	0
2940	Q0	24725#7	0
2940	Q0	24935#0	0
2940	Q0	24725#0	0
2940	Q0	24937#0	0
2940	Q0	24725#5	0
2940	Q0	24725#2	0
2941	Q0	1874#0	1
2941	Q0	1874#1	0
2941	Q0	38605#0	0
2941	Q0	875#11	0
2941	Q0	1256#0	0
2941	Q0	56141#0	0
2941	Q0	2560#6	0
2941	Q0	2560#0	0
2941	Q0	172375#1	0
2941	Q0	875#12	0
2943	Q0	875#11	1
2943	Q0	875#16	1
2943	Q0	6479#3	0
2943	Q0	875#17	0
2943	Q0	3581#4	0
2943	Q0	54724#4	0
2943	Q0	24001#4	0
2943	Q0	47072#3	0
2943	Q0	3581#5	0
2943	Q0	23363#20	0
2945	Q0	23804#0	1
2945	Q0	16522#0	0
2945	Q0	15582#0	0
2945	Q0	34929#16	0
2945	Q0	24935#0	0
2945	Q0	26593#2	0
2945	Q0	38817#3	0
2945	Q0	15946#0	0
2945	Q0	18935#1	0
2945	Q0	26447#2	0
2946	Q0	126701#1	1
2946	Q0	48710#1	0
2946	Q0	38444#1	0
2946	Q0	39630#0	0
2946	Q0	2469#1	0
2946	Q0	9242#1	0
2946	Q0	38981#0	0
2946	Q0	2502#2	0
2946	Q0	7797#1	0
2946	Q0	39630#1	0
2947	Q0	253096#1	1
2947	Q0	2518#1	0
2947	Q0	40368#5	0
2947	Q0	253096#0	0
2947	Q0	2468#1	0
2947	Q0	9462#2	0
2947	Q0	38981#17	0
2947	Q0	33979#18	0
2947	Q0	31355#2	0
2948	Q0	92453#0	1
2948	Q0	34672#9	0
2948	Q0	109643#4	0
2948	Q0	154162#1	0
2948	Q0	53255#0	0
2948	Q0	13260#16	0
2948	Q0	39216#0	0
2949	Q0	108328#1	1
2949	Q0	48710#1	0
2949	Q0	9783#1	0
2949	Q0	37976#4	0
2949	Q0	2546#0	0
2949	Q0	40014#0	0
2949	Q0	40840#0	0
2949	Q0	38206#0	0
2949	Q0	34145#19	0
2949	Q0	37976#2	0
2949	Q0	40166#0	0
2951	Q0	48476#6	1
2951	Q0	110788#1	0
2951	Q0	48476#0	0
2951	Q0	48476#4	0
2951	Q0	47327#59	0
2951	Q0	48476#8	0
2951	Q0	48476#14	0
2951	Q0	2443#4	0
2951	Q0	48476#9	0
2952	Q0	106905#0	1
2952	Q0	106905#13	0
2952	Q0	26375#35	0
2952	Q0	8210#13	0
2952	Q0	3401#3	0
2952	Q0	37898#1	0
2952	Q0	1191#1	0
2952	Q0	13836#2	0
2953	Q0	6550#1	1
2953	Q0	6550#7	1
2953	Q0	6550#3	1
2953	Q0	3770#37	1
2953	Q0	6550#2	0
2953	Q0	37686#1	0
2953	Q0	6550#9	0
2953	Q0	10177#1	0
2953	Q0	6550#10	0
2953	Q0	4953#2	0
2953	Q0	48409#2	0
2954	Q0	28627#0	1
2954	Q0	52062#6	0
2954	Q0	51985#6	0
2954	Q0	17253#3	0
2954	Q0	18663#9	0
2954	Q0	16221#1	0
2954	Q0	50954#1	0
2954	Q0	21728#0	0
2954	Q0	14194#1	0
2954	Q0	52227#8	0
2955	Q0	29682#0	1
2955	Q0	52371#6	0
2955	Q0	28276#0	0
2955	Q0	28167#0	0
2955	Q0	23072#7	0
2955	Q0	10223#0	0
2955	Q0	21464#0	0
2956	Q0	31968#0	1
2956	Q0	8238#2	0
2956	Q0	34176#1	0
2956	Q0	7544#1	0
2956	Q0	34029#12	0
2956	Q0	52871#7	0
2956	Q0	36860#0	0
2956	Q0	34202#13	0
2956	Q0	52871#0	0
2956	Q0	37082#0	0
2957	Q0	167904#0	1
2957	Q0	12272#2	0
2957	Q0	39726#3	0
2957	Q0	875#16	0
2957	Q0	10625#0	0
2957	Q0	40007#0	0
2957	Q0	10560#2	0
2957	Q0	41294#25	0
2957	Q0	4929#1	0
2958	Q0	23020#1	1
2958	Q0	23020#17	0
2958	Q0	20722#0	0
2958	Q0	21493#0	0
2958	Q0	32095#7	0
2958	Q0	18554#3	0
2958	Q0	8630#0	0
2958	Q0	36798#0	0
2958	Q0	26290#13	0
2959	Q0	22983#1	1
2959	Q0	9166#1	0
2959	Q0	5915#17	0
2959	Q0	57126#2	0
2959	Q0	23235#28	0
2959	Q0	9166#2	0
2959	Q0	32393#11	0
2959	Q0	38407#20	0
2959	Q0	7156#2	0
2959	Q0	7144#3	0
2960	Q0	253351#13	1
2960	Q0	253351#0	0
2960	Q0	16379#22	0
2960	Q0	3840#0	0
2960	Q0	3860#0	0
2960	Q0	35084#17	0
2960	Q0	3800#0	0
2960	Q0	16381#2	0
2961	Q0	26806#0	1
2961	Q0	26806#11	0
2961	Q0	32047#17	0
2961	Q0	26882#3	0
2961	Q0	26693#18	0
2961	Q0	32687#19	0
2961	Q0	37055#15	0
2961	Q0	26491#1	0
2961	Q0	41385#7	0
2962	Q0	7686#0	1
2962	Q0	35753#26	0
2962	Q0	35677#26	0
2962	Q0	1762#48	0
2962	Q0	47018#81	0
2962	Q0	7686#1	0
2962	Q0	111509#29	0
2962	Q0	39085#3	0
2962	Q0	1589#36	0
2962	Q0	6220#11	0
2962	Q0	1525#63	0
2963	Q0	2475#1	1
2963	Q0	2549#3	0
2963	Q0	2475#0	0
2963	Q0	35701#0	0
2963	Q0	2475#5	0
2963	Q0	4432#10	0
2963	Q0	2475#2	0
2963	Q0	2475#3	0
2963	Q0	2475#4	0
2963	Q0	6548#9	0
2964	Q0	10288#6	1
2964	Q0	10288#0	1
2964	Q0	10288#12	0
2964	Q0	11167#8	0
2964	Q0	10288#1	0
2964	Q0	11167#1	0
2964	Q0	2469#28	0
2964	Q0	10288#7	0
2964	Q0	10288#2	0
2965	Q0	23099#1	1
2965	Q0	47283#0	1
2965	Q0	23099#29	0
2965	Q0	35219#19	0
2965	Q0	23099#22	0
2965	Q0	32358#10	0
2965	Q0	24058#0	0
2965	Q0	29410#0	0
2965	Q0	23099#24	0
2965	Q0	53706#1	0
2966	Q0	34309#0	1
2966	Q0	53739#0	0
2966	Q0	21393#0	0
2966	Q0	53739#68	0
2966	Q0	16681#0	0
2966	Q0	34261#0	0
2966	Q0	49632#5	0
2966	Q0	16975#0	0
2968	Q0	4672#0	1
2968	Q0	49925#0	0
2968	Q0	50518#0	0
2968	Q0	9227#5	0
2968	Q0	27100#1	0
2968	Q0	25879#0	0
2968	Q0	34132#24	0
2969	Q0	29408#0	1
2969	Q0	23597#1	1
2969	Q0	26882#3	0
2969	Q0	26945#5	0
2969	Q0	32382#13	0
2969	Q0	26500#17	0
2969	Q0	47946#8	0
2969	Q0	26805#10	0
2970	Q0	227831#0	1
2970	Q0	50833#1	0
2970	Q0	52244#12	0
2970	Q0	5284#8	0
2970	Q0	7551#1	0
2970	Q0	32682#19	0
2970	Q0	9195#3	0
2970	Q0	1781#16	0
2970	Q0	18695#1	0
2971	Q0	2495#0	1
2971	Q0	2495#11	0
2971	Q0	2468#0	0
2971	Q0	2522#5	0
2971	Q0	2495#10	0
2971	Q0	2512#0	0
2971	Q0	1397#0	0
2971	Q0	5897#4	0
2971	Q0	6553#10	0
2971	Q0	2488#6	0
2973	Q0	22556#0	1
2973	Q0	22556#4	0
2973	Q0	7533#1	0
2973	Q0	23539#1	0
2973	Q0	18429#2	0
2973	Q0	26290#13	0
2973	Q0	22556#2	0
2973	Q0	8643#0	0
2973	Q0	26435#5	0
2973	Q0	21536#0	0
2974	Q0	154551#0	1
2974	Q0	5871#1	0
2974	Q0	38981#17	0
2974	Q0	12272#2	0
2974	Q0	5897#10	0
2974	Q0	5996#1	0
2974	Q0	12778#1	0
2974	Q0	10625#0	0
2974	Q0	5497#2	0
2974	Q0	9457#1	0
2974	Q0	39726#3	0
2975	Q0	34672#0	1
2975	Q0	34672#45	1
2975	Q0	7448#0	1
2975	Q0	34672#46	0
2975	Q0	34672#43	0
2975	Q0	34672#50	0
2975	Q0	34672#49	0
2975	Q0	34672#4	0
2975	Q0	34672#12	0
2975	Q0	34672#51	0
2978	Q0	247221#0	1
2978	Q0	247221#1	0
2978	Q0	2502#2	0
2978	Q0	2469#1	0
2978	Q0	40995#2	0
2978	Q0	39298#3	0
2978	Q0	46924#8	0
2978	Q0	2495#1	0
2978	Q0	39630#0	0
2978	Q0	6476#1	0
2978	Q0	2520#1	0
2979	Q0	26897#0	1
2979	Q0	48350#0	0
2979	Q0	17006#0	0
2979	Q0	51883#5	0
2979	Q0	48250#0	0
2979	Q0	24811#0	0
2979	Q0	4953#0	0
2979	Q0	26835#0	0
2979	Q0	15799#5	0
2979	Q0	26108#0	0
2980	Q0	63771#0	1
2980	Q0	111591#19	0
2980	Q0	34672#26	0
2980	Q0	10572#8	0
2980	Q0	10572#9	0
2980	Q0	112896#10	0
2980	Q0	53138#8	0
2980	Q0	63771#17	0
2980	Q0	56106#27	0
2981	Q0	24385#0	1
2981	Q0	24385#1	0
2981	Q0	24385#2	0
2981	Q0	24234#0	0
2981	Q0	26926#0	0
2981	Q0	27139#0	0
2981	Q0	24097#0	0
2981	Q0	32687#0	0
2981	Q0	4750#0	0
2981	Q0	48688#0	0
2983	Q0	22759#0	1
2983	Q0	24503#0	0
2983	Q0	22713#0	0
2983	Q0	10739#1	0
2983	Q0	16200#0	0
2983	Q0	36337#0	0
2983	Q0	52662#0	0
2983	Q0	36314#0	0
2985	Q0	36752#0	1
2985	Q0	32121#17	0
2985	Q0	51572#3	0
2985	Q0	26983#9	0
2985	Q0	19492#3	0
2985	Q0	49096#2	0
2985	Q0	32641#16	0
2986	Q0	1391#1	1
2986	Q0	1391#0	0
2986	Q0	1391#4	0
2986	Q0	7479#3	0
2986	Q0	5465#1	0
2986	Q0	1391#5	0
2986	Q0	129587#5	0
2986	Q0	1391#23	0
2986	Q0	1865#6	0
2988	Q0	100741#0	1
2988	Q0	34905#0	1
2988	Q0	45454#3	0
2988	Q0	6942#0	0
2988	Q0	1586#4	0
2988	Q0	45454#6	0
2988	Q0	1580#2	0
2988	Q0	27383#1	0
2988	Q0	4695#1	0
2988	Q0	4695#3	0
2989	Q0	102875#7	1
2989	Q0	55328#3	1
2989	Q0	1145#22	0
2989	Q0	1473#12	0
2989	Q0	3451#7	0
2989	Q0	55328#2	0
2989	Q0	55655#0	0
2989	Q0	55328#0	0
2989	Q0	2412#6	0
2990	Q0	52191#2	1
2990	Q0	52192#13	0
2990	Q0	52192#0	0
2990	Q0	54519#11	0
2990	Q0	54517#0	0
2990	Q0	17352#4	0
2990	Q0	24436#4	0
2990	Q0	4782#0	0
2990	Q0	51923#4	0
2990	Q0	52192#6	0
2992	Q0	72770#2	1
2992	Q0	27383#4	0
2992	Q0	47019#0	0
2992	Q0	47327#0	0
2992	Q0	47018#19	0
2992	Q0	47327#1	0
2992	Q0	47438#7	0
2992	Q0	4831#5	0
2992	Q0	47327#2	0
2992	Q0	1529#9	0
2992	Q0	53951#0	0
2993	Q0	23542#1	1
2993	Q0	15601#0	0
2993	Q0	35219#19	0
2993	Q0	34407#12	0
2993	Q0	26273#0	0
2993	Q0	26983#9	0
2993	Q0	26805#0	0
2993	Q0	17380#0	0
2993	Q0	29720#0	0
2994	Q0	252950#0	1
2994	Q0	13260#3	0
2994	Q0	11603#1	0
2994	Q0	47643#0	0
2994	Q0	829#11	0
2994	Q0	54597#0	0
2994	Q0	40638#7	0
2994	Q0	55286#1	0
2994	Q0	32906#1	0
2994	Q0	48440#12	0
2995	Q0	34363#0	1
2995	Q0	49088#11	0
2995	Q0	34363#14	0
2995	Q0	22939#3	0
2995	Q0	33816#1	0
2995	Q0	8620#1	0
2995	Q0	32706#8	0
2995	Q0	38314#18	0
2995	Q0	31044#1	0
2995	Q0	37123#18	0
2998	Q0	29640#0	1
2998	Q0	53707#20	0
2998	Q0	53706#1	0
2998	Q0	49504#2	0
2998	Q0	32863#1	0
2998	Q0	35219#19	0
2998	Q0	32282#19	0
2998	Q0	22489#12	0
2998	Q0	26898#13	0
2998	Q0	40565#0	0
2999	Q0	79128#2	1
2999	Q0	11566#2	1
2999	Q0	1387#2	0
2999	Q0	79128#1	0
2999	Q0	2938#9	0
2999	Q0	2938#136	0
2999	Q0	79228#34	0
2999	Q0	34848#25	0
3000	Q0	32508#0	1
3000	Q0	32377#0	1
3000	Q0	38192#0	0
3000	Q0	52112#0	0
3000	Q0	32377#15	0
3000	Q0	52110#0	0
3000	Q0	32508#15	0
3000	Q0	52109#0	0
3000	Q0	38191#1	0
3000	Q0	23588#1	0
3001	Q0	5896#1	1
3001	Q0	5896#4	0
3001	Q0	5896#0	0
3001	Q0	12778#1	0
3001	Q0	10625#0	0
3001	Q0	12272#2	0
3001	Q0	45322#0	0
3001	Q0	5897#10	0
3001	Q0	35701#2	0
3001	Q0	39726#3	0
3002	Q0	5742#0	1
3002	Q0	5742#3	1
3002	Q0	5742#1	0
3002	Q0	40017#2	0
3002	Q0	5742#2	0
3002	Q0	248585#0	0
3002	Q0	4342#11	0
3002	Q0	4342#19	0
3002	Q0	4567#22	0
3003	Q0	3581#0	1
3003	Q0	38892#1	1
3003	Q0	33966#2	0
3003	Q0	3418#46	0
3003	Q0	1591#4	0
3003	Q0	1360#4	0
3003	Q0	2625#5	0
3003	Q0	2625#13	0
3003	Q0	3418#115	0
3005	Q0	224783#0	1
3005	Q0	37267#1	0
3005	Q0	56014#4	0
3005	Q0	9783#1	0
3005	Q0	5891#1	0
3005	Q0	41047#1	0
3005	Q0	2468#1	0
3005	Q0	7027#1	0
3005	Q0	38981#1	0
3006	Q0	225672#0	1
3006	Q0	40743#10	0
3006	Q0	39565#3	0
3006	Q0	40368#8	0
3006	Q0	13816#2	0
3006	Q0	39117#2	0
3006	Q0	225672#1	0
3006	Q0	47790#6	0
3006	Q0	8189#2	0
3006	Q0	38314#5	0
3006	Q0	3419#3	0
3007	Q0	111068#6	1
3007	Q0	34169#16	0
3007	Q0	41955#6	0
3007	Q0	38035#3	0
3007	Q0	35701#2	0
3007	Q0	10993#1	0
3007	Q0	41955#5	0
3007	Q0	39959#8	0
3007	Q0	35701#1	0
3007	Q0	5457#12	0
3009	Q0	111121#1	1
3009	Q0	111121#9	1
3009	Q0	111121#89	0
3009	Q0	47327#10	0
3009	Q0	47327#13	0
3009	Q0	111121#68	0
3009	Q0	111121#74	0
3009	Q0	47327#12	0
3011	Q0	82929#0	1
3011	Q0	829#15	1
3011	Q0	54598#3	0
3011	Q0	39909#2	0
3011	Q0	3310#13	0
3011	Q0	82929#1	0
3011	Q0	54597#0	0
3011	Q0	829#12	0
3011	Q0	54598#5	0
3011	Q0	829#13	0
3011	Q0	35948#2	0
3012	Q0	1870#0	1
3012	Q0	1870#1	1
3012	Q0	3384#0	0
3012	Q0	1714#0	0
3012	Q0	1256#0	0
3012	Q0	5528#9	0
3012	Q0	1715#0	0
3012	Q0	1870#2	0
3012	Q0	1867#2	0
3014	Q0	39085#2	1
3014	Q0	39085#7	1
3014	Q0	9835#3	0
3014	Q0	2495#1	0
3014	Q0	39085#9	0
3014	Q0	5871#1	0
3014	Q0	114245#11	0
3014	Q0	56006#1	0
3014	Q0	39117#1	0
3015	Q0	27925#0	1
3015	Q0	21848#0	0
3015	Q0	47939#3	0
3015	Q0	34261#0	0
3015	Q0	27924#0	0
3015	Q0	49149#11	0
3015	Q0	49149#0	0
3015	Q0	14469#0	0
3015	Q0	34039#8	0
3018	Q0	110936#1	1
3019	Q0	23848#0	1
3021	Q0	5293#2	1
3022	Q0	156611#0	1
3024	Q0	22695#0	1
3025	Q0	40839#0	1
3027	Q0	140523#4	1
3028	Q0	34118#0	1
3029	Q0	132116#0	1
3031	Q0	136587#0	1
3032	Q0	155511#0	1
3033	Q0	36875#0	1
3035	Q0	22478#0	1
3036	Q0	72922#4	1
3039	Q0	10277#19	1
3040	Q0	22479#0	1
3043	Q0	98727#3	1
3044	Q0	36186#1	1
3045	Q0	2938#9	1
3049	Q0	26066#1	1
3050	Q0	41157#12	1
3053	Q0	29164#0	1
3054	Q0	102120#0	1
3055	Q0	104105#0	1
3057	Q0	59805#1	1
3060	Q0	23840#1	1
3061	Q0	39115#1	1
3063	Q0	76339#0	1
3064	Q0	22146#0	1
3065	Q0	23730#0	1
3066	Q0	38658#0	1
3068	Q0	9314#0	1
3072	Q0	106917#0	1
3074	Q0	9227#8	1
3075	Q0	155638#0	1
3076	Q0	228927#0	1
3077	Q0	15252#1	1
3079	Q0	57872#0	1
3081	Q0	104920#3	1
3082	Q0	80142#0	1
3083	Q0	132320#1	1
3085	Q0	50841#0	1
3087	Q0	109659#1	1
3088	Q0	875#11	1
3091	Q0	170463#0	1
3093	Q0	2482#1	1
3096	Q0	108624#9	1
3097	Q0	58000#0	1
3098	Q0	111471#0	1
3100	Q0	34833#2	1
3101	Q0	4467#0	1
3102	Q0	75460#0	1
3103	Q0	10586#0	1
3104	Q0	48444#5	1
3105	Q0	40991#2	1
3106	Q0	82588#0	1
3107	Q0	107059#2	1
3108	Q0	157931#6	1
3111	Q0	47541#3	1
3112	Q0	22257#0	1
3113	Q0	173718#0	1
3114	Q0	40136#0	1
3115	Q0	27468#0	1
3116	Q0	106989#0	1
3117	Q0	102239#3	1
3118	Q0	227770#0	1
3119	Q0	55186#0	1
3120	Q0	2610#1	1
3121	Q0	59093#1	1
3122	Q0	109733#1	1
3123	Q0	122990#0	1
3124	Q0	16611#1	1
3125	Q0	80090#0	1
3126	Q0	25822#0	1
3127	Q0	9150#0	1
3128	Q0	1479#0	1
3129	Q0	25085#2	1
3130	Q0	102028#0	1
3134	Q0	233385#1	1
3135	Q0	90492#1	1
3136	Q0	1564#0	1
3137	Q0	137601#1	1
3138	Q0	21449#0	1
3139	Q0	65450#1	1
3140	Q0	2950#1	1
3141	Q0	135216#0	1
3142	Q0	98994#20	1
3143	Q0	127357#1	1
3145	Q0	1152#1	1
3146	Q0	266880#0	1
3150	Q0	217775#0	1
3151	Q0	23691#1	1
3153	Q0	100820#0	1
3154	Q0	78297#1	1
3155	Q0	40166#1	1
3156	Q0	49781#1	1
3158	Q0	237221#1	1
3159	Q0	250242#1	1
3161	Q0	236058#1	1
3162	Q0	226975#0	1
3166	Q0	266716#1	1
3167	Q0	23221#1	1
3168	Q0	105225#0	1
3171	Q0	23028#1	1
3172	Q0	21441#0	1
3174	Q0	22479#0	1
3177	Q0	110700#1	1
3178	Q0	1874#0	1
3180	Q0	34309#0	1
3182	Q0	157558#2	1
3184	Q0	230518#0	1
3186	Q0	109429#1	1
3187	Q0	91246#0	1
3188	Q0	57732#0	1
3189	Q0	110576#1	1
3190	Q0	14899#1	1
3192	Q0	21924#0	1
3193	Q0	35084#4	1
3194	Q0	31016#1	1
3196	Q0	875#11	1
3200	Q0	54055#0	1
3201	Q0	83384#0	1
3203	Q0	1570#0	1
3204	Q0	34322#0	1
3207	Q0	141310#1	1
3208	Q0	21379#0	1
3209	Q0	100284#11	1
3210	Q0	53283#2	1
3211	Q0	105317#2	1
3212	Q0	50643#0	1
3213	Q0	23311#1	1
3214	Q0	37831#1	1
3215	Q0	108033#1	1
3216	Q0	6550#1	1
3217	Q0	59817#0	1
3221	Q0	170791#0	1
3222	Q0	78594#0	1
3223	Q0	132450#1	1
3224	Q0	103694#4	1
3227	Q0	7918#0	1
3228	Q0	12200#0	1
3229	Q0	49698#1	1
3230	Q0	4452#0	1
3231	Q0	47947#0	1
3233	Q0	47236#0	1
3234	Q0	26404#0	1
3236	Q0	27393#0	1
3238	Q0	7797#0	1
3240	Q0	227823#0	1
3241	Q0	29200#0	1
3243	Q0	27010#0	1
3246	Q0	253351#0	1
3247	Q0	227243#0	1
3248	Q0	105254#0	1
3249	Q0	9229#2	1
3250	Q0	36294#0	1
3251	Q0	89335#0	1
3252	Q0	70413#0	1
3253	Q0	111570#0	1
3254	Q0	29459#1	1
3255	Q0	46918#1	1
3256	Q0	72028#1	1
3257	Q0	107005#4	1
3258	Q0	221285#0	1
3259	Q0	36721#0	1
3260	Q0	29284#0	1
3261	Q0	108572#0	1
3262	Q0	27393#0	1
3263	Q0	4612#0	1
3264	Q0	142549#0	1
3265	Q0	4854#0	1
3267	Q0	5897#4	1
3269	Q0	64977#0	1
3270	Q0	205370#0	1
3271	Q0	59819#0	1
3272	Q0	126068#1	1
3274	Q0	15785#0	1
3275	Q0	4672#0	1
3276	Q0	55328#3	1
3277	Q0	34004#0	1
3279	Q0	76331#1	1
3280	Q0	232755#0	1
3281	Q0	74084#1	1
3283	Q0	111543#0	1
3289	Q0	21415#0	1
3291	Q0	53736#0	1
3292	Q0	50580#0	1
3293	Q0	165200#2	1
3295	Q0	251572#0	1
3296	Q0	23209#1	1
3299	Q0	51608#1	1
3300	Q0	38407#0	1
3301	Q0	228932#1	1
3304	Q0	23170#1	1
3305	Q0	1392#5	1
3306	Q0	22939#1	1
3308	Q0	78655#0	1
3310	Q0	6273#2	1
3311	Q0	18405#1	1
3314	Q0	100423#1	1
3317	Q0	99314#5	1
3318	Q0	65192#4	1
3319	Q0	7102#2	1
3320	Q0	14784#1	1
3321	Q0	165128#0	1
3322	Q0	27393#0	1
3323	Q0	118012#0	1
3325	Q0	50355#0	1
3326	Q0	65061#2	1
3327	Q0	1871#1	1
3329	Q0	225348#0	1
3330	Q0	55376#0	1
3331	Q0	172292#3	1
3332	Q0	109879#0	1
3333	Q0	119564#0	1
3335	Q0	33962#0	1
3336	Q0	21736#0	1
3337	Q0	39810#0	1
3338	Q0	121114#4	1
3339	Q0	1392#0	1
3341	Q0	101575#0	1
3342	Q0	268500#1	1
3343	Q0	32282#0	1
3347	Q0	164375#2	1
3348	Q0	38981#0	1
3352	Q0	7445#0	1
3353	Q0	5926#1	1
3354	Q0	57166#1	1
3356	Q0	130271#3	1
3360	Q0	34128#0	1
3361	Q0	35267#2	1
3364	Q0	26410#0	1
3365	Q0	54724#14	1
3370	Q0	22322#0	1
3374	Q0	37361#0	1
3376	Q0	16900#2	1
3377	Q0	143678#1	1
3378	Q0	13457#0	1
3382	Q0	96707#5	1
3384	Q0	68038#0	1
3385	Q0	243573#0	1
3386	Q0	194023#0	1
3387	Q0	22009#0	1
3390	Q0	229951#11	1
3391	Q0	10277#19	1
3392	Q0	106444#1	1
3393	Q0	34103#0	1
3394	Q0	50803#0	1
3395	Q0	37724#1	1
3397	Q0	29139#0	1
3398	Q0	5373#0	1
3399	Q0	110959#1	1
3400	Q0	102217#1	1
3404	Q0	225348#0	1
3405	Q0	34037#0	1
3406	Q0	8207#0	1
3407	Q0	23775#0	1
3408	Q0	39387#0	1
3409	Q0	104116#3	1
3410	Q0	74490#2	1
3411	Q0	235378#0	1
3412	Q0	98372#0	1
3413	Q0	26728#0	1
3414	Q0	249842#1	1
3417	Q0	23553#1	1
3418	Q0	230126#1	1
3419	Q0	4567#2	1
3421	Q0	1487#0	1
3422	Q0	22232#0	1
3424	Q0	172292#3	1
3425	Q0	29254#0	1
3426	Q0	57347#2	1
3428	Q0	57104#2	1
3430	Q0	39078#1	1
3431	Q0	41157#0	1
3432	Q0	232544#0	1
3434	Q0	111365#0	1
3436	Q0	75371#0	1
3439	Q0	231949#1	1
3440	Q0	111387#0	1
3443	Q0	88724#0	1
3444	Q0	161194#0	1
3445	Q0	6493#0	1
3451	Q0	81926#1	1
3452	Q0	57622#0	1
3455	Q0	262585#1	1
3456	Q0	39462#0	1
3458	Q0	32585#0	1
3459	Q0	35602#4	1
3460	Q0	223618#0	1
3461	Q0	1359#5	1
3462	Q0	141425#1	1
3463	Q0	24082#0	1
3465	Q0	71713#6	1
3466	Q0	23695#0	1
3467	Q0	129357#0	1
3468	Q0	108496#1	1
3471	Q0	30368#0	1
3472	Q0	97735#1	1
3475	Q0	138798#0	1
3477	Q0	228927#0	1
3478	Q0	2951#0	1
3480	Q0	60289#4	1
3482	Q0	22707#0	1
3483	Q0	260300#0	1
3484	Q0	1848#3	1
3485	Q0	26790#0	1
3489	Q0	57921#0	1
3490	Q0	248488#0	1
3491	Q0	113616#2	1
3492	Q0	154349#0	1
3493	Q0	35660#0	1
3494	Q0	5761#0	1
3496	Q0	108778#0	1
3497	Q0	7807#0	1
3498	Q0	138893#1	1
3500	Q0	35020#0	1
3503	Q0	157996#0	1
3504	Q0	32698#0	1
3507	Q0	55600#3	1
3510	Q0	54724#14	1
3511	Q0	161436#1	1
3514	Q0	117955#1	1
3515	Q0	4567#2	1
3516	Q0	47938#1	1
3517	Q0	226977#0	1
3521	Q0	21790#0	1
3522	Q0	29140#1	1
3525	Q0	6220#3	1
3526	Q0	32380#0	1
3527	Q0	220271#0	1
3529	Q0	55392#1	1
3530	Q0	131909#1	1
3531	Q0	2505#4	1
3532	Q0	22384#0	1
3533	Q0	1257#0	1
3534	Q0	74515#0	1
3535	Q0	71911#2	1
3536	Q0	137529#0	1
3537	Q0	9386#1	1
3538	Q0	68339#0	1
3539	Q0	36916#0	1
3540	Q0	32494#0	1
3544	Q0	113616#3	1
3545	Q0	1144#0	1
3546	Q0	227407#0	1
3549	Q0	106088#0	1
3550	Q0	172292#0	1
3552	Q0	105228#6	1
3553	Q0	17256#0	1
3554	Q0	37005#0	1
3555	Q0	3659#3	1
3558	Q0	21327#0	1
3560	Q0	253559#0	1
3563	Q0	111061#0	1
3564	Q0	2541#1	1
3565	Q0	192861#0	1
3566	Q0	251208#2	1
3567	Q0	231520#0	1
3568	Q0	57742#0	1
3570	Q0	141452#0	1
3571	Q0	54846#1	1
3572	Q0	50923#0	1
3573	Q0	26237#0	1
3574	Q0	1362#2	1
3575	Q0	39810#3	1
3576	Q0	5031#0	1
3577	Q0	100423#1	1
3579	Q0	34161#0	1
3580	Q0	106793#6	1
3583	Q0	110811#2	1
3584	Q0	91756#0	1
3585	Q0	103636#1	1
3586	Q0	40524#1	1
3587	Q0	4688#0	1
3589	Q0	114456#0	1
3591	Q0	15683#0	1
3594	Q0	29243#0	1
3596	Q0	1510#0	1
3598	Q0	34073#0	1
3600	Q0	108033#1	1
3601	Q0	1821#0	1
3602	Q0	1574#1	1
3603	Q0	1298#4	1
3604	Q0	205547#0	1
3605	Q0	68095#3	1
3606	Q0	61162#0	1
3607	Q0	34218#0	1
3608	Q0	270465#0	1
3609	Q0	84671#0	1
3610	Q0	51040#0	1
3611	Q0	57841#0	1
3612	Q0	24270#0	1
3613	Q0	106578#4	1
3614	Q0	105681#0	1
3615	Q0	14997#1	1
3616	Q0	52239#0	1
3619	Q0	859#8	1
3621	Q0	6804#2	1
3622	Q0	248528#1	1
3623	Q0	58621#2	1
3624	Q0	20864#1	1
3625	Q0	8196#0	1
3626	Q0	92991#4	1
3627	Q0	26422#0	1
3628	Q0	17208#0	1
3629	Q0	48409#0	1
3630	Q0	2549#0	1
3631	Q0	27859#0	1
3633	Q0	1504#4	1
3634	Q0	1530#3	1
3636	Q0	71169#0	1
3637	Q0	209537#0	1
3638	Q0	250923#0	1
3639	Q0	204664#0	1
3640	Q0	146497#0	1
3641	Q0	77314#6	1
3642	Q0	32217#0	1
3643	Q0	34372#0	1
3644	Q0	57716#0	1
3648	Q0	257181#1	1
3649	Q0	23260#1	1
3650	Q0	52015#1	1
3652	Q0	157000#5	1
3653	Q0	264750#0	1
3654	Q0	40839#0	1
3656	Q0	82056#6	1
3657	Q0	108033#1	1
3658	Q0	13529#0	1
3660	Q0	1392#0	1
3662	Q0	192861#0	1
3665	Q0	1393#11	1
3666	Q0	51952#1	1
3669	Q0	39630#0	1
3670	Q0	11612#4	1
3671	Q0	5897#0	1
3672	Q0	32048#0	1
3673	Q0	81926#0	1
3674	Q0	76368#0	1
3675	Q0	44504#0	1
3677	Q0	26804#0	1
3678	Q0	230730#2	1
3679	Q0	23424#1	1
3680	Q0	2475#0	1
3682	Q0	245266#0	1
3683	Q0	244046#0	1
3684	Q0	2625#4	1
3687	Q0	105141#1	1
3688	Q0	17067#1	1
3689	Q0	141530#0	1
3690	Q0	9150#5	1
3692	Q0	55392#1	1
3693	Q0	172631#0	1
3695	Q0	106429#1	1
3697	Q0	21530#0	1
3699	Q0	33957#0	1
3700	Q0	21745#0	1
3703	Q0	22387#0	1
3705	Q0	229288#0	1
3706	Q0	50355#0	1
3707	Q0	91062#0	1
3710	Q0	1257#0	1
3712	Q0	102006#3	1
3714	Q0	51867#2	1
3717	Q0	177421#0	1
3718	Q0	1397#0	1
3722	Q0	1142#0	1
3724	Q0	125622#3	1
3725	Q0	58687#2	1
3726	Q0	223237#0	1
3727	Q0	37814#1	1
3728	Q0	76796#0	1
3730	Q0	8209#0	1
3731	Q0	101994#3	1
3732	Q0	43757#0	1
3734	Q0	5644#0	1
3735	Q0	33741#1	1
3736	Q0	106203#0	1
3738	Q0	71169#1	1
3742	Q0	108570#2	1
3743	Q0	2503#0	1
3747	Q0	4936#0	1
3748	Q0	158017#5	1
3749	Q0	93458#0	1
3751	Q0	33942#0	1
3752	Q0	26695#0	1
3754	Q0	206256#1	1
3755	Q0	257181#3	1
3756	Q0	23796#0	1
3758	Q0	229116#0	1
3760	Q0	65668#1	1
3761	Q0	1393#2	1
3763	Q0	105186#0	1
3764	Q0	160827#0	1
3766	Q0	36767#0	1
3767	Q0	34672#15	1
3768	Q0	22945#1	1
3769	Q0	84051#0	1
3770	Q0	118310#0	1
3771	Q0	21527#0	1
3773	Q0	1590#1	1
3774	Q0	10560#0	1
3775	Q0	88403#1	1
3776	Q0	7686#5	1
3777	Q0	11450#0	1
3783	Q0	68524#0	1
3784	Q0	16810#0	1
3785	Q0	22352#0	1
3786	Q0	28098#0	1
3788	Q0	22795#1	1
3789	Q0	7119#3	1
3790	Q0	786#0	1
3792	Q0	106241#1	1
3794	Q0	5763#0	1
3795	Q0	24401#0	1
3797	Q0	1581#0	1
3799	Q0	70515#1	1
3801	Q0	47072#10	1
3802	Q0	1355#5	1
3803	Q0	4567#2	1
3804	Q0	10559#2	1
3805	Q0	3852#0	1
3806	Q0	26376#1	1
3807	Q0	266391#0	1
3808	Q0	24940#0	1
3810	Q0	25967#1	1
3811	Q0	23309#1	1
3812	Q0	47438#0	1
3813	Q0	228617#0	1
3814	Q0	159992#0	1
3815	Q0	106083#0	1
3818	Q0	74628#0	1
3819	Q0	2495#1	1
3820	Q0	21525#0	1
3822	Q0	39240#1	1
3823	Q0	58551#0	1
3826	Q0	65419#4	1
3827	Q0	117701#2	1
3829	Q0	254255#0	1
3830	Q0	100126#0	1
3831	Q0	130132#0	1
3832	Q0	2625#5	1
3833	Q0	211179#1	1
3834	Q0	103668#0	1
3836	Q0	231752#0	1
3837	Q0	254635#1	1
3838	Q0	2502#2	1
3840	Q0	204740#0	1
3841	Q0	110167#2	1
3842	Q0	98994#0	1
3843	Q0	1570#0	1
3845	Q0	137601#1	1
3847	Q0	60235#17	1
3848	Q0	108903#5	1
3849	Q0	115549#1	1
3850	Q0	234407#2	1
3854	Q0	205445#0	1
3855	Q0	30179#0	1
3856	Q0	248017#2	1
3857	Q0	4696#7	1
3858	Q0	250923#0	1
3859	Q0	81942#2	1
3860	Q0	32230#0	1
3861	Q0	57768#0	1
3863	Q0	236607#1	1
3864	Q0	34343#0	1
3865	Q0	33985#1	1
3866	Q0	227103#0	1
3867	Q0	36512#0	1
3869	Q0	265391#0	1
3872	Q0	1144#0	1
3873	Q0	22215#0	1
3874	Q0	99334#0	1
3875	Q0	32980#0	1
3876	Q0	26755#0	1
3877	Q0	56521#1	1
3878	Q0	91246#0	1
3879	Q0	128642#3	1
3880	Q0	4531#7	1
3882	Q0	22447#0	1
3884	Q0	106952#8	1
3885	Q0	159707#1	1
3886	Q0	5724#0	1
3887	Q0	1818#0	1
3888	Q0	146058#0	1
3889	Q0	53283#9	1
3892	Q0	26794#0	1
3894	Q0	93458#0	1
3895	Q0	24437#0	1
3896	Q0	29087#0	1
3899	Q0	1396#0	1
3901	Q0	40995#4	1
3902	Q0	84051#0	1
3904	Q0	61387#2	1
3905	Q0	88677#0	1
3906	Q0	26761#0	1
3907	Q0	23100#1	1
3908	Q0	78594#0	1
3909	Q0	21786#0	1
3911	Q0	218324#1	1
3912	Q0	13885#1	1
3913	Q0	1601#0	1
3914	Q0	59866#1	1
3915	Q0	32206#3	1
3916	Q0	256412#1	1
3917	Q0	229044#1	1
3919	Q0	32606#0	1
3920	Q0	75240#0	1
3921	Q0	106249#0	1
3922	Q0	214038#1	1
3923	Q0	10070#0	1
3925	Q0	227845#0	1
3926	Q0	22129#0	1
3928	Q0	172292#0	1
3930	Q0	1119#0	1
3931	Q0	224588#0	1
3932	Q0	93381#2	1
3933	Q0	60287#0	1
3934	Q0	13457#5	1
3935	Q0	98212#1	1
3936	Q0	9770#0	1
3937	Q0	138800#1	1
3939	Q0	40839#0	1
3940	Q0	57638#0	1
3941	Q0	266438#0	1
3942	Q0	23079#1	1
3943	Q0	13885#1	1
3945	Q0	4492#1	1
3946	Q0	7727#0	1
3948	Q0	22998#1	1
3949	Q0	241273#0	1
3952	Q0	32374#0	1
3953	Q0	33986#1	1
3954	Q0	111386#1	1
3958	Q0	93699#1	1
3959	Q0	4531#1	1
3960	Q0	105878#0	1
3961	Q0	23629#1	1
3962	Q0	122123#0	1
3963	Q0	102007#2	1
3964	Q0	102241#1	1
3965	Q0	21449#0	1
3968	Q0	226304#0	1
3969	Q0	35602#1	1
3970	Q0	110929#0	1
3971	Q0	16911#0	1
3972	Q0	9182#3	1
3973	Q0	22712#0	1
3974	Q0	17678#0	1
3975	Q0	102365#1	1
3977	Q0	36392#0	1
3978	Q0	73219#2	1
3979	Q0	9520#2	1
3981	Q0	4750#0	1
3982	Q0	87814#2	1
3983	Q0	59845#3	1
3984	Q0	271100#0	1
3985	Q0	102006#1	1
3988	Q0	36577#0	1
3989	Q0	105055#1	1
3993	Q0	227500#0	1
3994	Q0	66515#0	1
3995	Q0	26512#0	1
3997	Q0	22299#0	1
3998	Q0	93257#14	1
3999	Q0	1512#0	1
4002	Q0	250622#0	1
4004	Q0	41040#4	1
4005	Q0	36825#0	1
4007	Q0	1358#0	1
4009	Q0	68458#0	1
4011	Q0	13738#0	1
4012	Q0	4418#0	1
4013	Q0	23984#1	1
4015	Q0	31967#0	1
4016	Q0	213662#1	1
4017	Q0	111623#3	1
4018	Q0	230756#1	1
4019	Q0	54530#1	1
4021	Q0	4722#0	1
4022	Q0	38038#0	1
4023	Q0	40776#1	1
4024	Q0	23599#1	1
4025	Q0	26375#7	1
4026	Q0	106927#1	1
4027	Q0	256619#0	1
4028	Q0	39085#2	1
4029	Q0	231213#2	1
4031	Q0	75218#0	1
4032	Q0	124603#1	1
4033	Q0	5028#0	1
4034	Q0	21419#0	1
4035	Q0	4936#0	1
4036	Q0	28098#0	1
4037	Q0	106489#1	1
4038	Q0	4350#0	1
4042	Q0	239954#1	1
4044	Q0	32373#0	1
4045	Q0	31857#0	1
4047	Q0	82684#1	1
4048	Q0	57350#2	1
4049	Q0	168044#0	1
4050	Q0	16524#0	1
4051	Q0	212200#0	1
4053	Q0	93125#0	1
4054	Q0	103778#1	1
4055	Q0	40839#0	1
4056	Q0	61823#1	1
4058	Q0	7686#0	1
4061	Q0	21538#0	1
4062	Q0	227835#0	1
4064	Q0	55908#0	1
4065	Q0	22151#0	1
4066	Q0	36357#0	1
4067	Q0	143810#4	1
4068	Q0	34014#0	1
4069	Q0	26870#0	1
4071	Q0	110062#3	1
4073	Q0	36219#0	1
4075	Q0	60955#0	1
4076	Q0	103463#2	1
4077	Q0	21351#0	1
4078	Q0	24446#0	1
4080	Q0	34290#0	1
4081	Q0	103905#7	1
4082	Q0	26375#0	1
4084	Q0	33985#1	1
4085	Q0	35602#4	1
4087	Q0	2625#4	1
4088	Q0	49925#0	1
4089	Q0	1392#4	1
4090	Q0	106061#1	1
4091	Q0	2624#0	1
4092	Q0	22387#0	1
4093	Q0	7227#1	1
4094	Q0	31355#2	1
4095	Q0	8726#0	1
4096	Q0	76658#22	1
4097	Q0	49883#0	1
4098	Q0	18813#3	1
4099	Q0	26401#0	1
4101	Q0	51999#1	1
4102	Q0	99026#1	1
4103	Q0	110852#0	1
4104	Q0	23984#1	1
4105	Q0	105508#2	1
4107	Q0	33432#1	1
4108	Q0	26866#0	1
4110	Q0	93100#0	1
4111	Q0	40854#1	1
4112	Q0	17092#0	1
4113	Q0	263790#1	1
4116	Q0	32496#0	1
4117	Q0	106011#1	1
4118	Q0	10560#1	1
4121	Q0	160716#0	1
4122	Q0	111780#2	1
4124	Q0	152807#1	1
4125	Q0	51374#0	1
4126	Q0	105602#1	1
4128	Q0	156938#1	1
4129	Q0	72922#0	1
4130	Q0	24385#0	1
4135	Q0	99956#0	1
4136	Q0	101685#3	1
4137	Q0	21442#0	1
4138	Q0	78594#0	1
4139	Q0	106422#1	1
4142	Q0	112815#2	1
4143	Q0	110817#0	1
4144	Q0	227727#0	1
4145	Q0	99911#1	1
4147	Q0	22889#1	1
4148	Q0	9783#1	1
4149	Q0	109798#1	1
4150	Q0	259345#2	1
4151	Q0	50037#1	1
4153	Q0	48600#19	1
4155	Q0	27859#0	1
4156	Q0	9182#3	1
4157	Q0	109940#3	1
4158	Q0	24082#0	1
4159	Q0	23170#0	1
4160	Q0	7572#0	1
4161	Q0	13315#0	1
4162	Q0	61162#0	1
4164	Q0	261341#0	1
4165	Q0	24452#0	1
4167	Q0	107876#10	1
4168	Q0	852#0	1
4169	Q0	172292#0	1
4174	Q0	9270#0	1
4175	Q0	102452#3	1
4177	Q0	66391#0	1
4178	Q0	2495#1	1
4179	Q0	37465#0	1
4180	Q0	106424#0	1
4181	Q0	50628#0	1
4183	Q0	2560#0	1
4185	Q0	110171#1	1
4186	Q0	31857#0	1
4187	Q0	84051#0	1
4195	Q0	111106#0	1
4196	Q0	32367#0	1
4197	Q0	108577#0	1
4199	Q0	79968#4	1
4200	Q0	6001#1	1
4201	Q0	49803#0	1
4205	Q0	61430#2	1
4206	Q0	2473#1	1
4207	Q0	24949#0	1
4208	Q0	39192#1	1
4209	Q0	143810#4	1
4210	Q0	108016#3	1
4211	Q0	13457#1	1
4213	Q0	24944#0	1
4214	Q0	56116#0	1
4215	Q0	32121#0	1
4216	Q0	29974#0	1
4217	Q0	16642#2	1
4218	Q0	65442#0	1
4219	Q0	68095#3	1
4220	Q0	110930#1	1
4222	Q0	49195#0	1
4223	Q0	786#2	1
4228	Q0	48990#0	1
4229	Q0	36447#0	1
4231	Q0	49258#0	1
4232	Q0	65210#3	1
4234	Q0	104116#11	1
4237	Q0	27031#0	1
4238	Q0	57966#0	1
4239	Q0	247268#1	1
4242	Q0	75197#0	1
4243	Q0	23170#1	1
4244	Q0	67991#1	1
4246	Q0	266880#0	1
4247	Q0	13457#1	1
4249	Q0	7901#1	1
4251	Q0	25916#1	1
4253	Q0	4257#1	1
4254	Q0	34237#0	1
4255	Q0	111069#5	1
4256	Q0	22380#0	1
4257	Q0	2475#5	1
4258	Q0	49748#0	1
4260	Q0	211710#0	1
4261	Q0	9129#0	1
4264	Q0	41040#2	1
4265	Q0	37465#0	1
4267	Q0	50930#0	1
4268	Q0	34268#0	1
4269	Q0	99026#39	1
4271	Q0	108997#2	1
4272	Q0	57674#0	1
4273	Q0	76244#3	1
4274	Q0	152739#1	1
4276	Q0	225097#0	1
4278	Q0	7827#2	1
4279	Q0	130527#0	1
4281	Q0	3475#2	1
4282	Q0	258362#0	1
4283	Q0	38501#0	1
4284	Q0	21870#0	1
4285	Q0	65781#1	1
4286	Q0	67991#0	1
4288	Q0	233145#0	1
4289	Q0	161003#0	1
4290	Q0	34415#0	1
4293	Q0	251122#0	1
4294	Q0	787#1	1
4295	Q0	21531#0	1
4296	Q0	48129#0	1
4298	Q0	237893#1	1
4300	Q0	30179#0	1
4301	Q0	110219#18	1
4302	Q0	12999#0	1
4305	Q0	39064#2	1
4306	Q0	72749#3	1
4307	Q0	5859#0	1
4309	Q0	24279#0	1
4310	Q0	83622#0	1
4314	Q0	227851#0	1
4315	Q0	78594#0	1
4316	Q0	15252#1	1
4317	Q0	39204#2	1
4318	Q0	1874#1	1
4319	Q0	106424#0	1
4320	Q0	29204#0	1
4321	Q0	36373#0	1
4323	Q0	105225#0	1
4325	Q0	41209#1	1
4326	Q0	34439#0	1
4327	Q0	35267#1	1
4328	Q0	57676#0	1
4330	Q0	105673#6	1
4331	Q0	4356#0	1
4332	Q0	39945#1	1
4333	Q0	251134#0	1
4334	Q0	49913#1	1
4335	Q0	76244#2	1
4338	Q0	211179#1	1
4339	Q0	5027#0	1
4342	Q0	92548#0	1
4343	Q0	22528#0	1
4344	Q0	108123#4	1
4345	Q0	236607#1	1
4346	Q0	78348#2	1
4348	Q0	8211#0	1
4349	Q0	107724#2	1
4350	Q0	93088#1	1
4352	Q0	31131#1	1
4353	Q0	9773#4	1
4354	Q0	69999#1	1
4356	Q0	226304#0	1
4357	Q0	22639#0	1
4359	Q0	136981#1	1
4360	Q0	2625#1	1
4362	Q0	102852#0	1
4364	Q0	226714#1	1
4365	Q0	105605#9	1
4368	Q0	87967#0	1
4370	Q0	21892#0	1
4371	Q0	79968#0	1
4372	Q0	79968#6	1
4375	Q0	88082#1	1
4376	Q0	172292#3	1
4377	Q0	4952#0	1
4378	Q0	7102#1	1
4380	Q0	8232#1	1
4381	Q0	1874#0	1
4382	Q0	60309#0	1
4384	Q0	155170#1	1
4385	Q0	165795#1	1
4388	Q0	72933#6	1
4389	Q0	1358#0	1
4390	Q0	41040#4	1
4392	Q0	1874#1	1
4393	Q0	108208#0	1
4394	Q0	32282#0	1
4395	Q0	172503#0	1
4397	Q0	99026#3	1
4400	Q0	41313#0	1
4401	Q0	36916#0	1
4402	Q0	1396#0	1
4403	Q0	37123#0	1
4404	Q0	27393#1	1
4405	Q0	17287#0	1
4406	Q0	34612#1	1
4407	Q0	223653#0	1
4409	Q0	232510#1	1
4411	Q0	100990#0	1
4412	Q0	53708#0	1
4414	Q0	112154#4	1
4415	Q0	151658#0	1
4416	Q0	49698#1	1
4417	Q0	17644#0	1
4418	Q0	23294#1	1
4419	Q0	228897#1	1
4422	Q0	93358#0	1
4425	Q0	786#0	1
4427	Q0	24676#0	1
4428	Q0	5307#0	1
4429	Q0	54724#14	1
4430	Q0	51040#0	1
4431	Q0	227788#0	1
4432	Q0	135583#0	1
4433	Q0	227101#0	1
4434	Q0	92184#2	1
4435	Q0	47947#0	1
4436	Q0	23121#0	1
4438	Q0	32857#1	1
4439	Q0	6177#0	1
4440	Q0	61336#0	1
4441	Q0	106773#0	1
4442	Q0	53283#2	1
4443	Q0	91020#0	1
4444	Q0	87697#0	1
4445	Q0	111569#4	1
4446	Q0	13213#0	1
4447	Q0	3792#0	1
4448	Q0	82470#0	1
4451	Q0	2624#4	1
4452	Q0	36948#0	1
4454	Q0	108834#2	1
4455	Q0	39896#2	1
4456	Q0	32535#0	1
4457	Q0	34023#0	1
4458	Q0	251451#0	1
4460	Q0	58049#0	1
4461	Q0	1359#0	1
4462	Q0	59996#0	1
4463	Q0	30360#0	1
4464	Q0	34208#0	1
4465	Q0	217775#0	1
4466	Q0	105712#1	1
4467	Q0	54773#1	1
4468	Q0	7570#0	1
4471	Q0	5924#0	1
4472	Q0	109699#4	1
4473	Q0	89335#0	1
4475	Q0	106820#0	1
4477	Q0	36722#0	1
4478	Q0	7543#0	1
4480	Q0	111623#0	1
4481	Q0	37814#1	1
4483	Q0	240845#1	1
4484	Q0	219167#1	1
4485	Q0	111623#3	1
4486	Q0	8619#3	1
4487	Q0	26538#0	1
4489	Q0	78467#0	1
4490	Q0	17549#0	1
4492	Q0	5833#2	1
4495	Q0	66920#2	1
4496	Q0	72770#2	1
4497	Q0	25283#2	1
4499	Q0	7448#0	1
4501	Q0	21441#0	1
4504	Q0	211599#1	1
4505	Q0	111749#0	1
4506	Q0	34394#0	1
4508	Q0	69780#4	1
4509	Q0	37121#0	1
4510	Q0	235209#0	1
4513	Q0	131023#0	1
4514	Q0	1874#0	1
4516	Q0	23395#1	1
4517	Q0	70515#1	1
4520	Q0	7580#0	1
4521	Q0	227200#0	1
4522	Q0	26401#0	1
4523	Q0	22664#0	1
4524	Q0	37465#0	1
4525	Q0	41040#4	1
4526	Q0	27010#0	1
4527	Q0	1522#12	1
4528	Q0	34188#0	1
4529	Q0	239372#1	1
4530	Q0	17934#1	1
4531	Q0	1867#1	1
4532	Q0	13213#0	1
4535	Q0	36324#0	1
4536	Q0	4852#0	1
4537	Q0	231236#0	1
4538	Q0	165305#0	1
4539	Q0	97332#0	1
4540	Q0	52427#0	1
4541	Q0	32116#0	1
4543	Q0	102041#3	1
4545	Q0	34307#0	1
4548	Q0	50635#0	1
4551	Q0	57972#0	1
4553	Q0	20540#1	1
4554	Q0	105306#5	1
4555	Q0	38861#0	1
4556	Q0	111516#3	1
4557	Q0	39810#2	1
4558	Q0	254456#0	1
4559	Q0	105676#0	1
4561	Q0	1374#1	1
4562	Q0	108921#0	1
4564	Q0	105651#2	1
4565	Q0	32235#0	1
4566	Q0	59817#0	1
4570	Q0	59628#4	1
4574	Q0	787#1	1
4576	Q0	9359#0	1
4577	Q0	24353#0	1
4578	Q0	231340#1	1
4579	Q0	105555#4	1
4580	Q0	93910#0	1
4581	Q0	5833#1	1
4582	Q0	21745#0	1
4583	Q0	34165#0	1
4584	Q0	24401#0	1
4585	Q0	31956#0	1
4586	Q0	11570#0	1
4587	Q0	83981#1	1
4588	Q0	65843#0	1
4589	Q0	36608#0	1
4592	Q0	88024#0	1
4593	Q0	93100#0	1
4596	Q0	48135#0	1
4598	Q0	1581#2	1
4601	Q0	57096#1	1
4604	Q0	84051#0	1
4605	Q0	9384#1	1
4607	Q0	23187#0	1
4608	Q0	26414#0	1
4609	Q0	230717#1	1
4610	Q0	92184#0	1
4611	Q0	39074#0	1
4613	Q0	34102#0	1
4614	Q0	5321#0	1
4615	Q0	108624#0	1
4616	Q0	22568#0	1
4617	Q0	61545#1	1
4618	Q0	36717#0	1
4619	Q0	2502#0	1
4620	Q0	1818#0	1
4621	Q0	102216#0	1
4622	Q0	1788#0	1
4623	Q0	98590#1	1
4624	Q0	65712#1	1
4625	Q0	58621#2	1
4627	Q0	26949#0	1
4629	Q0	1257#0	1
4631	Q0	34535#0	1
4632	Q0	253896#0	1
4633	Q0	57998#0	1
4634	Q0	118192#0	1
4635	Q0	227798#0	1
4638	Q0	172292#3	1
4639	Q0	107399#0	1
4640	Q0	105409#0	1
4641	Q0	6185#3	1
4642	Q0	65476#1	1
4644	Q0	49909#0	1
4645	Q0	21815#0	1
4646	Q0	60741#2	1
4647	Q0	113323#1	1
4651	Q0	244531#0	1
4652	Q0	252468#2	1
4655	Q0	210275#0	1
4656	Q0	140523#1	1
4658	Q0	34848#0	1
4659	Q0	4688#0	1
4661	Q0	212200#0	1
4662	Q0	51040#0	1
4663	Q0	22512#0	1
4664	Q0	6942#0	1
4666	Q0	106581#0	1
4667	Q0	115302#1	1
4669	Q0	105254#0	1
4670	Q0	2938#1	1
4673	Q0	230480#0	1
4676	Q0	9108#1	1
4677	Q0	34672#17	1
4678	Q0	49070#0	1
4679	Q0	2473#1	1
4681	Q0	204689#1	1
4682	Q0	4531#1	1
4683	Q0	57877#0	1
4684	Q0	241273#0	1
4685	Q0	50110#1	1
4686	Q0	107837#2	1
4689	Q0	24265#0	1
4691	Q0	59651#0	1
4692	Q0	56014#4	1
4695	Q0	34436#0	1
4696	Q0	72719#0	1
4697	Q0	66515#3	1
4698	Q0	206256#0	1
4699	Q0	23405#0	1
4700	Q0	1864#0	1
4701	Q0	1362#2	1
4702	Q0	7487#4	1
4703	Q0	48350#0	1
4706	Q0	111069#1	1
4709	Q0	5268#0	1
4710	Q0	1355#6	1
4712	Q0	191502#0	1
4713	Q0	204522#0	1
4714	Q0	33998#0	1
4715	Q0	102123#1	1
4716	Q0	27046#0	1
4717	Q0	51040#0	1
4718	Q0	1868#0	1
4719	Q0	68095#1	1
4720	Q0	27751#0	1
4722	Q0	52344#2	1
4723	Q0	108939#0	1
4724	Q0	157949#0	1
4725	Q0	10585#1	1
4726	Q0	227481#0	1
4727	Q0	66515#0	1
4728	Q0	140349#0	1
4729	Q0	5833#2	1
4730	Q0	53283#2	1
4731	Q0	114937#0	1
4732	Q0	37267#1	1
4734	Q0	1791#0	1
4735	Q0	58265#0	1
4737	Q0	110978#1	1
4738	Q0	106043#0	1
4740	Q0	63465#0	1
4741	Q0	231096#0	1
4744	Q0	184785#0	1
4745	Q0	165200#1	1
4748	Q0	24423#0	1
4749	Q0	266444#0	1
4751	Q0	13677#0	1
4753	Q0	171728#1	1
4754	Q0	112860#0	1
4755	Q0	34144#0	1
4756	Q0	105425#0	1
4758	Q0	35957#0	1
4759	Q0	170701#1	1
4760	Q0	32975#1	1
4765	Q0	32658#0	1
4766	Q0	16765#5	1
4768	Q0	7824#1	1
4769	Q0	2560#0	1
4770	Q0	99985#1	1
4771	Q0	191967#1	1
4772	Q0	243066#1	1
4773	Q0	4632#0	1
4774	Q0	6046#0	1
4775	Q0	51120#0	1
4779	Q0	21211#1	1
4780	Q0	1574#1	1
4782	Q0	21774#0	1
4784	Q0	29200#0	1
4785	Q0	50498#0	1
4787	Q0	11612#3	1
4790	Q0	75653#1	1
4791	Q0	251568#1	1
4792	Q0	104546#3	1
4794	Q0	84664#0	1
4795	Q0	52185#0	1
4796	Q0	4418#1	1
4797	Q0	154202#1	1
4798	Q0	2629#0	1
4800	Q0	165493#4	1
4801	Q0	61421#2	1
4802	Q0	22659#0	1
4803	Q0	61162#0	1
4806	Q0	100741#0	1
4810	Q0	157711#0	1
4813	Q0	58075#0	1
4816	Q0	34163#0	1
4818	Q0	231949#1	1
4819	Q0	103365#3	1
4821	Q0	7572#0	1
4822	Q0	21583#0	1
4823	Q0	234141#2	1
4824	Q0	138155#1	1
4825	Q0	36574#0	1
4827	Q0	102008#0	1
4828	Q0	259507#0	1
4829	Q0	75306#0	1
4830	Q0	106446#2	1
4833	Q0	29133#0	1
4834	Q0	6040#16	1
4835	Q0	69960#0	1
4837	Q0	21250#2	1
4838	Q0	46924#0	1
4839	Q0	55934#0	1
4840	Q0	87967#0	1
4843	Q0	20967#1	1
4844	Q0	178570#1	1
4845	Q0	64120#1	1
4846	Q0	50130#0	1
4847	Q0	82346#2	1
4848	Q0	1504#0	1
4850	Q0	41955#0	1
4851	Q0	102488#0	1
4852	Q0	253170#0	1
4853	Q0	228926#0	1
4854	Q0	110171#1	1
4855	Q0	244293#1	1
4856	Q0	234556#0	1
4857	Q0	4809#0	1
4858	Q0	226041#7	1
4859	Q0	71780#0	1
4860	Q0	106489#0	1
4861	Q0	102040#5	1
4862	Q0	110044#0	1
4863	Q0	204524#0	1
4867	Q0	109661#0	1
