10000698#0	Q0	541735#4	1
10000698#0	Q0	541735#17	1
10000698#0	Q0	541735#2	1
10000698#0	Q0	9069067#8	1
10000698#0	Q0	541735#1	1
10000698#0	Q0	541735#24	1
10000698#0	Q0	541735#15	1
10000698#0	Q0	541735#3	1
10000698#0	Q0	541735#9	1
10000698#0	Q0	6383339#7	0
10004529#0	Q0	191732#1	1
10004529#0	Q0	191732#8	0
10004529#0	Q0	167788#1	0
10004529#0	Q0	6457021#1	0
10004529#0	Q0	9579405#1	0
10004529#0	Q0	5063942#1	0
10004529#0	Q0	1858700#0	0
10004529#0	Q0	5698464#0	0
10004529#0	Q0	4735412#0	0
10004529#0	Q0	150028#2	0
10005601#0	Q0	3129639#5	1
10005601#0	Q0	154530#1	1
10005601#0	Q0	3129639#6	1
10005601#0	Q0	3129639#0	0
10005601#0	Q0	154530#0	0
10005601#0	Q0	154530#3	0
10005601#0	Q0	134445#3	0
10005601#0	Q0	3090759#0	0
10005601#0	Q0	154530#2	0
10005601#0	Q0	10643#90	0
10012076#0	Q0	4440330#32	1
10012076#0	Q0	362918#21	1
10012076#0	Q0	9230149#4	1
10012076#0	Q0	8358956#0	1
10012076#0	Q0	5308465#2	1
10012076#0	Q0	7870466#1	1
10012076#0	Q0	7028488#4	1
10012076#0	Q0	6141362#1	1
10012076#0	Q0	9129275#2	0
10012076#0	Q0	8453696#1	0
10012701#0	Q0	4829070#0	1
10012701#0	Q0	4829048#0	1
10012701#0	Q0	2331332#1	0
10012701#0	Q0	6213216#77	0
10012701#0	Q0	6213216#70	0
10012701#0	Q0	8798#10	0
10012701#0	Q0	2331332#15	0
10012701#0	Q0	4829070#2	0
10012701#0	Q0	9088316#4	0
10012701#0	Q0	1243063#4	0
10016087#0	Q0	333601#5	1
10016087#0	Q0	333601#1	1
10016087#0	Q0	7262411#9	1
10016087#0	Q0	333601#6	0
10016087#0	Q0	333601#2	0
10016087#0	Q0	333601#3	0
10016087#0	Q0	379627#0	0
10016087#0	Q0	6908781#8	0
10016087#0	Q0	323401#5	0
10016087#0	Q0	772744#10	0
10017322#0	Q0	6593761#0	1
10017322#0	Q0	6593761#5	1
10017322#0	Q0	6593761#8	1
10017322#0	Q0	6593761#6	1
10017322#0	Q0	6593761#9	1
10017322#0	Q0	6593761#4	1
10017322#0	Q0	6593761#3	1
10017322#0	Q0	6593761#2	0
10017322#0	Q0	90313#1	0
10017322#0	Q0	4960945#2	0
10032482#0	Q0	3027798#3	1
10032482#0	Q0	10032482#2	1
10032482#0	Q0	3027798#5	1
10032482#0	Q0	452218#5	1
10032482#0	Q0	227491#24	1
10032482#0	Q0	3027798#4	1
10032482#0	Q0	143576#4	1
10032482#0	Q0	9991901#0	1
10032482#0	Q0	452218#0	1
10032482#0	Q0	3027798#30	0
100362#0	Q0	5376295#49	1
100362#0	Q0	100362#0	0
100362#0	Q0	7204833#15	0
100362#0	Q0	373493#32	0
100362#0	Q0	4070919#2	0
100362#0	Q0	8565936#14	0
100362#0	Q0	1353806#83	0
100362#0	Q0	2399699#7	0
100362#0	Q0	6097267#24	0
100362#0	Q0	7204833#16	0
10037842#0	Q0	9634581#3	1
10037842#0	Q0	2763883#1	1
10037842#0	Q0	1219062#10	1
10037842#0	Q0	8329485#4	0
10037842#0	Q0	1219062#1	0
10037842#0	Q0	8321255#0	0
10037842#0	Q0	840477#3	0
10037842#0	Q0	1995996#6	0
10037842#0	Q0	295050#3	0
10037842#0	Q0	801847#3	0
10040081#0	Q0	5816006#3	1
10040081#0	Q0	972082#102	1
10040081#0	Q0	5896890#5	1
10040081#0	Q0	972082#101	1
10040081#0	Q0	5698#204	1
10040081#0	Q0	197209#1	0
10040081#0	Q0	21592#18	0
10040081#0	Q0	197209#21	0
10040081#0	Q0	510699#11	0
10040081#0	Q0	197209#15	0
10041918#0	Q0	10041918#4	1
10041918#0	Q0	10041918#2	1
10041918#0	Q0	10041918#24	1
10041918#0	Q0	10041918#18	1
10041918#0	Q0	10041918#39	1
10041918#0	Q0	10041918#0	0
10041918#0	Q0	10041918#3	0
10041918#0	Q0	10041918#26	0
10041918#0	Q0	10041918#10	0
10041918#0	Q0	10041918#14	0
10042353#0	Q0	9696359#0	1
10042353#0	Q0	10040826#0	1
10042353#0	Q0	10045158#0	1
10042353#0	Q0	10043596#8	1
10042353#0	Q0	10077835#0	0
10042353#0	Q0	10049024#0	0
10042353#0	Q0	10038276#0	0
10042353#0	Q0	10043654#6	0
10042353#0	Q0	10051739#0	0
10042353#0	Q0	10043596#7	0
10044007#0	Q0	2305796#0	1
10044007#0	Q0	491616#24	1
10044007#0	Q0	3990#134	1
10044007#0	Q0	9647416#17	1
10044007#0	Q0	3990#111	0
10044007#0	Q0	4359988#3	0
10044007#0	Q0	316770#17	0
10044007#0	Q0	6066400#5	0
10044007#0	Q0	1459501#9	0
10044007#0	Q0	41663#23	0
1004461#0	Q0	6268472#0	1
1004461#0	Q0	6268472#5	1
1004461#0	Q0	6268472#3	1
1004461#0	Q0	4682371#3	0
1004461#0	Q0	6268472#2	0
1004461#0	Q0	5917947#10	0
1004461#0	Q0	4638017#2	0
1004461#0	Q0	6637324#4	0
1004461#0	Q0	6268472#7	0
1004461#0	Q0	5301517#7	0
10048437#0	Q0	3196010#0	1
10048437#0	Q0	7826981#6	1
10048437#0	Q0	7826981#5	0
10048437#0	Q0	1425670#10	0
10048437#0	Q0	7825647#7	0
10048437#0	Q0	2291521#5	0
10048437#0	Q0	7825647#14	0
10048437#0	Q0	7825647#6	0
10048437#0	Q0	7826981#4	0
10048437#0	Q0	32713#2	0
10051764#0	Q0	965778#41	1
10051764#0	Q0	2730#25	1
10051764#0	Q0	965778#38	1
10051764#0	Q0	2730#2	1
10051764#0	Q0	1567479#7	1
10051764#0	Q0	4038246#1	1
10051764#0	Q0	30742#1	1
10051764#0	Q0	965778#42	1
100528#0	Q0	4693#0	1
100528#0	Q0	5242#0	1
100528#0	Q0	5242#1	1
100528#0	Q0	5242#14	1
100528#0	Q0	5242#36	0
100528#0	Q0	7001386#0	0
100528#0	Q0	5242#37	0
100528#0	Q0	4693#24	0
100528#0	Q0	42207#0	0
100528#0	Q0	669048#0	0
10055606#0	Q0	10055606#2	1
10055606#0	Q0	10055606#3	1
10055606#0	Q0	10055606#0	0
10055606#0	Q0	10055606#1	0
10055606#0	Q0	1117726#1	0
10055606#0	Q0	10055606#9	0
10055606#0	Q0	8841816#1	0
10055606#0	Q0	938447#1	0
10055606#0	Q0	8656664#2	0
10055606#0	Q0	7826492#3	0
10060198#0	Q0	9883160#0	1
10060198#0	Q0	9883160#1	1
10060198#0	Q0	8829193#0	1
10060198#0	Q0	9883160#7	1
10060198#0	Q0	8829193#7	0
10060198#0	Q0	9883160#6	0
10060198#0	Q0	1363725#0	0
10060198#0	Q0	8504213#0	0
10060198#0	Q0	1823258#0	0
10060198#0	Q0	8829193#3	0
10063617#0	Q0	566637#2	1
10063617#0	Q0	8090352#0	0
10063617#0	Q0	8389207#4	0
10063617#0	Q0	8081368#15	0
10063617#0	Q0	8108006#2	0
10063617#0	Q0	508106#28	0
10063617#0	Q0	7082732#6	0
10063617#0	Q0	601318#13	0
10063617#0	Q0	9232#10	0
10063617#0	Q0	4941853#3	0
10068268#0	Q0	417796#35	1
10068268#0	Q0	8018960#2	0
10068268#0	Q0	417796#33	0
10068268#0	Q0	2710834#0	0
10068268#0	Q0	8018960#12	0
10068268#0	Q0	9387495#3	0
10068268#0	Q0	4892049#2	0
10068268#0	Q0	1107795#3	0
10068268#0	Q0	9509190#4	0
10068268#0	Q0	7303024#1	0
10079261#0	Q0	9445#0	1
10079261#0	Q0	7698#4	1
10079261#0	Q0	36882#0	1
10079261#0	Q0	916129#0	1
10079261#0	Q0	870241#0	1
10079261#0	Q0	8922501#16	1
10079261#0	Q0	6518055#10	1
10079261#0	Q0	10099167#0	1
10079261#0	Q0	376420#0	0
10079261#0	Q0	9796301#0	0
10081252#0	Q0	2444645#52	1
10081252#0	Q0	7215919#0	1
10081252#0	Q0	6014123#4	0
10081252#0	Q0	4683697#0	0
10081252#0	Q0	2844952#0	0
10081252#0	Q0	32210#26	0
10081252#0	Q0	2844952#2	0
10081252#0	Q0	7215919#9	0
10081252#0	Q0	31947#28	0
10081252#0	Q0	2834408#0	0
10084677#0	Q0	3327508#10	1
10084677#0	Q0	31943#0	1
10084677#0	Q0	386373#0	1
10084677#0	Q0	386373#5	1
10084677#0	Q0	72540#0	1
10084677#0	Q0	2398#14	1
10084677#0	Q0	72540#4	1
10084677#0	Q0	3327508#11	1
10084677#0	Q0	31943#1	0
10084677#0	Q0	646425#106	0
10085469#0	Q0	472518#4	1
10085469#0	Q0	10085469#3	0
10085469#0	Q0	6109209#0	0
10085469#0	Q0	10085480#1	0
10085469#0	Q0	6936740#6	0
10085469#0	Q0	6089171#1	0
10085469#0	Q0	44546#23	0
10085469#0	Q0	6596155#1	0
10085469#0	Q0	6936740#4	0
10085469#0	Q0	6072500#1	0
10091775#0	Q0	10091775#0	1
10091775#0	Q0	10091775#5	0
10091775#0	Q0	10091775#4	0
10091775#0	Q0	10091775#1	0
10091775#0	Q0	4252186#3	0
10091775#0	Q0	5884795#33	0
10091775#0	Q0	8519360#4	0
10091775#0	Q0	9955209#8	0
10091775#0	Q0	285365#8	0
10091775#0	Q0	7433236#1	0
10094940#0	Q0	8787046#8	1
10094940#0	Q0	8787046#6	1
10094940#0	Q0	87496#8	1
10094940#0	Q0	9212734#0	0
10094940#0	Q0	87496#1	0
10094940#0	Q0	8787046#3	0
10094940#0	Q0	9212734#3	0
10094940#0	Q0	9212734#2	0
10094940#0	Q0	87496#5	0
10094940#0	Q0	8440058#58	0
10095423#0	Q0	704471#0	1
10095423#0	Q0	9730829#2	1
10095423#0	Q0	2060905#3	1
10095423#0	Q0	704471#2	0
10095423#0	Q0	152061#21	0
10095423#0	Q0	4389816#16	0
10095423#0	Q0	704471#1	0
10095423#0	Q0	254853#8	0
10095423#0	Q0	7503677#5	0
10095423#0	Q0	19469#70	0
1009591#0	Q0	2255975#1	1
1009591#0	Q0	8837396#12	1
1009591#0	Q0	5020386#5	1
1009591#0	Q0	1418350#0	1
1009591#0	Q0	205942#15	1
1009591#0	Q0	319464#2	0
1009591#0	Q0	9100024#1	0
1009591#0	Q0	6883474#2	0
1009591#0	Q0	9100024#0	0
1009591#0	Q0	2874963#0	0
10096#0	Q0	8313474#4	1
10096#0	Q0	8313474#2	1
10096#0	Q0	5307321#0	1
10096#0	Q0	5307336#0	0
10096#0	Q0	8313474#15	0
10096#0	Q0	5307321#3	0
10096#0	Q0	5307321#2	0
10096#0	Q0	615040#1	0
10096#0	Q0	160866#1	0
10096#0	Q0	7884#4	0
10099710#0	Q0	9839475#3	1
10099710#0	Q0	900254#31	1
10099710#0	Q0	10099710#0	1
10099710#0	Q0	9379070#2	1
10099710#0	Q0	7514547#0	1
10099710#0	Q0	900254#25	1
10099710#0	Q0	9466043#1	1
10099710#0	Q0	1333219#3	1
10099710#0	Q0	9378453#0	1
10099710#0	Q0	9844052#0	1
10100693#0	Q0	10100693#0	1
10100693#0	Q0	2333337#0	1
10100693#0	Q0	10100693#1	0
10100693#0	Q0	890902#9	0
10100693#0	Q0	1221545#8	0
10100693#0	Q0	1293945#2	0
10100693#0	Q0	7469577#2	0
10100693#0	Q0	584754#4	0
10100693#0	Q0	7915494#2	0
10100693#0	Q0	8607864#1	0
10101619#0	Q0	34810#67	1
10101619#0	Q0	4404061#23	0
10101619#0	Q0	9474625#1	0
10101619#0	Q0	34810#59	0
10101619#0	Q0	34810#2	0
10101619#0	Q0	7251467#7	0
10101619#0	Q0	1661044#25	0
10101619#0	Q0	1060947#107	0
10101619#0	Q0	7237521#35	0
10101619#0	Q0	3406546#16	0
10103305#0	Q0	6551714#0	1
10103305#0	Q0	952794#4	1
10103305#0	Q0	1328767#4	1
10103305#0	Q0	2285463#2	0
10103305#0	Q0	6842993#8	0
10103305#0	Q0	291669#24	0
10103305#0	Q0	1575#0	0
10103305#0	Q0	5401152#8	0
10103305#0	Q0	8064176#0	0
10103305#0	Q0	4257265#2	0
10103709#0	Q0	1786960#0	1
10103709#0	Q0	1786960#1	1
10103709#0	Q0	1786960#2	1
10103709#0	Q0	3328953#97	1
10103709#0	Q0	1786960#18	1
10103709#0	Q0	1786960#3	0
10103709#0	Q0	1786960#34	0
10103709#0	Q0	1786960#16	0
10103709#0	Q0	5942660#17	0
10103709#0	Q0	1786960#7	0
10105501#0	Q0	300792#6	1
10105501#0	Q0	300792#10	1
10105501#0	Q0	9819554#12	0
10105501#0	Q0	8908265#0	0
10105501#0	Q0	10017732#11	0
10105501#0	Q0	300792#21	0
10105501#0	Q0	8505122#5	0
10105501#0	Q0	8251#6	0
10105501#0	Q0	1314190#3	0
10105501#0	Q0	69558#6	0
1011184#0	Q0	8181288#2	1
1011184#0	Q0	5356104#60	0
1011184#0	Q0	1361892#1	0
1011184#0	Q0	2253699#0	0
1011184#0	Q0	8181288#5	0
1011184#0	Q0	5356104#59	0
1011184#0	Q0	41708#0	0
1011184#0	Q0	11533#2	0
10111960#0	Q0	7532416#2	1
10111960#0	Q0	9609313#0	1
10111960#0	Q0	9609313#1	1
10111960#0	Q0	4589252#1	1
10111960#0	Q0	10109789#6	1
10111960#0	Q0	615419#3	1
10111960#0	Q0	722330#0	1
10111960#0	Q0	9772832#8	1
10111960#0	Q0	4589252#3	0
10111960#0	Q0	50309#6	0
10112719#0	Q0	1052958#19	1
10112719#0	Q0	1762331#13	1
10112719#0	Q0	7307529#1	1
10112719#0	Q0	644185#4	0
10112719#0	Q0	644185#5	0
10112719#0	Q0	644185#12	0
10112719#0	Q0	1889137#138	0
10112719#0	Q0	8788414#17	0
10112719#0	Q0	6173917#3	0
10112719#0	Q0	44255#44	0
10113490#0	Q0	9887844#11	1
10113490#0	Q0	9374953#11	1
10113490#0	Q0	2111743#1	0
10113490#0	Q0	317034#5	0
10113490#0	Q0	6327883#1	0
10113490#0	Q0	7007540#4	0
10113490#0	Q0	4280596#5	0
10113490#0	Q0	7350984#1	0
10113490#0	Q0	6268532#1	0
10113490#0	Q0	6617682#0	0
10115777#0	Q0	41462#3	1
10115777#0	Q0	41462#7	1
10115777#0	Q0	41462#0	1
10115777#0	Q0	41462#2	1
10115777#0	Q0	35247#35	1
10115777#0	Q0	10115777#0	1
10115777#0	Q0	18908#8	1
10115777#0	Q0	9075678#9	1
10115777#0	Q0	10115777#3	1
10115777#0	Q0	10115777#1	1
10117143#0	Q0	1740709#4	1
10117143#0	Q0	1740709#0	1
10117143#0	Q0	1740709#6	0
10117143#0	Q0	1740709#7	0
10117143#0	Q0	861654#85	0
10117143#0	Q0	2144227#1	0
10117143#0	Q0	6251382#5	0
10117143#0	Q0	2024328#14	0
10117143#0	Q0	6251382#4	0
10117143#0	Q0	1740709#22	0
10122#0	Q0	8779306#2	1
10122#0	Q0	5412048#26	1
10122#0	Q0	5412048#0	1
10122#0	Q0	10122#80	1
10122#0	Q0	10051723#0	1
10122#0	Q0	8779306#13	1
10122#0	Q0	637730#3	1
10122#0	Q0	31691#6	1
10122#0	Q0	9059842#7	1
10122#0	Q0	5412048#25	0
10126617#0	Q0	49784#0	1
10126617#0	Q0	49784#8	1
10126617#0	Q0	3782013#21	1
10126617#0	Q0	3782013#9	1
10126617#0	Q0	49784#15	1
10126617#0	Q0	49784#9	1
10126617#0	Q0	49784#10	1
10126617#0	Q0	49784#12	1
10126617#0	Q0	49784#2	1
10126617#0	Q0	1975729#4	0
10136460#0	Q0	306854#0	1
10136460#0	Q0	10106355#13	1
10136460#0	Q0	133363#8	1
10136460#0	Q0	8720910#10	1
10136460#0	Q0	9368#10	1
10136460#0	Q0	9829310#3	1
10136460#0	Q0	3035492#12	1
10136460#0	Q0	1406937#42	1
10136460#0	Q0	306854#16	0
10136460#0	Q0	306854#15	0
10139375#0	Q0	2863822#1	1
10139375#0	Q0	839225#14	1
10139375#0	Q0	2503450#17	1
10139375#0	Q0	1352003#20	1
10139375#0	Q0	2863822#0	0
10139375#0	Q0	2863822#12	0
10139375#0	Q0	620674#1	0
10139375#0	Q0	9621331#1	0
10139375#0	Q0	620749#1	0
10139375#0	Q0	5080233#8	0
10143065#0	Q0	72097#0	1
10143065#0	Q0	1618#2	1
10143065#0	Q0	51723#1	1
10143065#0	Q0	375822#6	1
10143065#0	Q0	6443#33	1
10143065#0	Q0	7281#13	0
10143065#0	Q0	1067417#29	0
10143065#0	Q0	1949699#4	0
10143065#0	Q0	16601#23	0
10143065#0	Q0	335718#3	0
10143316#0	Q0	84907#0	1
10143316#0	Q0	84907#5	1
10143316#0	Q0	84907#4	1
10143316#0	Q0	84904#0	1
10143316#0	Q0	33669#0	1
10143316#0	Q0	84907#1	1
10143316#0	Q0	84907#6	0
10143316#0	Q0	33669#3	0
10143316#0	Q0	33669#33	0
10143316#0	Q0	84907#3	0
1015206#0	Q0	1363435#0	1
1015206#0	Q0	1219#13	1
1015206#0	Q0	1015206#0	1
1015206#0	Q0	1363443#0	1
1015206#0	Q0	1015259#2	0
1015206#0	Q0	742606#0	0
1015206#0	Q0	1363443#6	0
1015206#0	Q0	1829589#6	0
1015206#0	Q0	1363443#4	0
1015206#0	Q0	2418643#1	0
10157899#0	Q0	132705#6	1
10157899#0	Q0	9280186#5	0
10157899#0	Q0	7820533#0	0
10157899#0	Q0	9495934#8	0
10157899#0	Q0	9280186#3	0
10157899#0	Q0	9634607#0	0
10157899#0	Q0	1295799#0	0
10157899#0	Q0	4599820#9	0
10157899#0	Q0	2024088#15	0
10157899#0	Q0	9162843#4	0
10160776#0	Q0	86443#10	1
10160776#0	Q0	367525#3	0
10160776#0	Q0	66518#6	0
10160776#0	Q0	719902#35	0
10160776#0	Q0	367525#2	0
10160776#0	Q0	718683#7	0
10160776#0	Q0	81384#18	0
10160776#0	Q0	112536#30	0
10160776#0	Q0	66518#3	0
10160776#0	Q0	778207#1	0
10163016#0	Q0	531300#0	1
10163016#0	Q0	9489285#13	0
10163016#0	Q0	5688414#55	0
10163016#0	Q0	8108495#9	0
10163016#0	Q0	246095#0	0
10163016#0	Q0	6527572#4	0
10163016#0	Q0	410273#18	0
10163016#0	Q0	6527572#3	0
10163016#0	Q0	531300#18	0
10163016#0	Q0	35#69	0
10167975#0	Q0	65089#15	1
10167975#0	Q0	9875759#1	1
10167975#0	Q0	23556#10	1
10167975#0	Q0	1226859#4	1
10167975#0	Q0	105927#13	1
10167975#0	Q0	9607270#8	1
10167975#0	Q0	684561#11	0
10167975#0	Q0	2239678#1	0
10167975#0	Q0	151890#4	0
10167975#0	Q0	1947325#9	0
10168788#0	Q0	373654#3	1
10168788#0	Q0	8742297#3	1
10168788#0	Q0	2564172#67	1
10168788#0	Q0	373654#5	1
10168788#0	Q0	2564172#68	0
10168788#0	Q0	2564172#54	0
10168788#0	Q0	4802405#4	0
10168788#0	Q0	153550#5	0
10168788#0	Q0	743502#15	0
10168788#0	Q0	10166922#38	0
10168876#0	Q0	7399264#0	1
10168876#0	Q0	7399264#1	1
10168876#0	Q0	401649#7	1
10168876#0	Q0	7219117#0	1
10168876#0	Q0	10087577#0	1
10168876#0	Q0	10087412#0	1
10168876#0	Q0	9620466#0	1
10168876#0	Q0	9383726#0	0
10168876#0	Q0	9383726#1	0
10168876#0	Q0	6605702#0	0
10169684#0	Q0	9168475#0	1
10169684#0	Q0	6877376#4	0
10169684#0	Q0	5444861#1	0
10169684#0	Q0	7898613#4	0
10169684#0	Q0	9675779#0	0
10169684#0	Q0	6257832#0	0
10169684#0	Q0	10092497#4	0
10169684#0	Q0	9168475#1	0
10169684#0	Q0	6257828#0	0
10169684#0	Q0	5076536#0	0
102070#0	Q0	102070#9	1
102070#0	Q0	102070#1	1
102070#0	Q0	4765905#2	1
102070#0	Q0	4156945#9	1
102070#0	Q0	2305426#1	1
102070#0	Q0	227361#0	0
102070#0	Q0	2821391#14	0
102070#0	Q0	58160#1	0
102070#0	Q0	3057550#3	0
102070#0	Q0	907830#3	0
1021527#0	Q0	5794707#1	1
1021527#0	Q0	5794707#2	1
1021527#0	Q0	4694348#0	1
1021527#0	Q0	5794707#0	0
1021527#0	Q0	5794707#5	0
1021527#0	Q0	5794707#4	0
1021527#0	Q0	6011775#2	0
1021527#0	Q0	5794707#3	0
1021527#0	Q0	180745#1	0
1021527#0	Q0	4012193#3	0
1027467#0	Q0	1316032#1	1
1027467#0	Q0	425045#14	1
1027467#0	Q0	2340329#60	0
1027467#0	Q0	25559#33	0
1027467#0	Q0	9339809#0	0
1027467#0	Q0	7946573#1	0
1027467#0	Q0	1803193#17	0
1027467#0	Q0	7946618#5	0
1027467#0	Q0	9495125#4	0
1027467#0	Q0	9295689#5	0
102787#0	Q0	292936#32	1
102787#0	Q0	248#40	1
102787#0	Q0	109652#7	0
102787#0	Q0	7053186#6	0
102787#0	Q0	2891209#22	0
102787#0	Q0	4861417#18	0
102787#0	Q0	6856934#9	0
102787#0	Q0	7209453#0	0
102787#0	Q0	9112784#7	0
102787#0	Q0	7452366#12	0
102803#0	Q0	1248129#1	1
102803#0	Q0	8470687#3	1
102803#0	Q0	4456#35	1
102803#0	Q0	4456#14	1
102803#0	Q0	4098314#7	1
102803#0	Q0	148864#58	1
102803#0	Q0	10064020#1	0
102803#0	Q0	770494#4	0
102803#0	Q0	6478631#7	0
102803#0	Q0	1248129#4	0
103041#0	Q0	836838#3	1
103041#0	Q0	2145#113	1
103041#0	Q0	819#42	1
103041#0	Q0	2957681#12	1
103041#0	Q0	266041#9	0
103041#0	Q0	8826167#7	0
103041#0	Q0	175130#45	0
103041#0	Q0	7138254#1	0
103041#0	Q0	1553621#61	0
103041#0	Q0	830815#10	0
1030601#0	Q0	170835#5	1
1030601#0	Q0	170835#49	1
1030601#0	Q0	170835#9	1
1030601#0	Q0	170835#3	1
1030601#0	Q0	170835#79	1
1030601#0	Q0	170835#0	1
1030601#0	Q0	170835#26	1
1030601#0	Q0	9947415#2	1
1030601#0	Q0	170835#39	1
1030601#0	Q0	362458#29	1
103707#0	Q0	9593319#2	1
103707#0	Q0	9327104#15	1
103707#0	Q0	9327104#12	1
103707#0	Q0	9332259#25	1
103707#0	Q0	9332259#46	0
103707#0	Q0	9327104#88	0
103707#0	Q0	2559962#36	0
103707#0	Q0	9332259#65	0
103707#0	Q0	106942#150	0
103707#0	Q0	9636767#16	0
1040602#0	Q0	8858099#4	1
1040602#0	Q0	10127#0	1
1040602#0	Q0	9615214#9	1
1040602#0	Q0	24043#0	1
1040602#0	Q0	8393048#3	1
1040602#0	Q0	9602404#1	0
1040602#0	Q0	152184#3	0
1040602#0	Q0	1239557#3	0
1040602#0	Q0	7348930#0	0
1040602#0	Q0	1384279#1	0
1042558#0	Q0	830959#83	1
1042558#0	Q0	5592243#4	1
1042558#0	Q0	5592243#1	0
1042558#0	Q0	13448#1	0
1042558#0	Q0	10871#72	0
1042558#0	Q0	41441#0	0
1042558#0	Q0	159104#43	0
1042558#0	Q0	41441#2	0
1042558#0	Q0	5592243#0	0
1042558#0	Q0	13448#3	0
1048795#0	Q0	714862#7	1
1048795#0	Q0	5278357#0	1
1048795#0	Q0	714862#15	0
1048795#0	Q0	714862#20	0
1048795#0	Q0	714862#11	0
1048795#0	Q0	8444182#0	0
1048795#0	Q0	1869280#3	0
1048795#0	Q0	4183108#11	0
1048795#0	Q0	34529#9	0
1048795#0	Q0	702384#18	0
1049393#0	Q0	516446#7	1
1049393#0	Q0	516446#18	1
1049393#0	Q0	516446#11	1
1049393#0	Q0	516446#9	1
1049393#0	Q0	516446#10	1
1049393#0	Q0	516446#8	1
1049393#0	Q0	516446#19	0
1049393#0	Q0	516446#6	0
1049393#0	Q0	516446#22	0
1049393#0	Q0	8186438#3	0
1049671#0	Q0	35#3	1
1049671#0	Q0	8829772#1	1
1049671#0	Q0	1715796#1	1
1049671#0	Q0	9434755#5	1
1049671#0	Q0	9167431#2	0
1049671#0	Q0	80#60	0
1049671#0	Q0	1715796#2	0
1049671#0	Q0	9434755#0	0
1049671#0	Q0	4322447#0	0
1049671#0	Q0	80#87	0
1050455#0	Q0	1427730#0	1
1050455#0	Q0	1427730#31	1
1050455#0	Q0	1427730#12	1
1050455#0	Q0	1427730#13	1
1050455#0	Q0	1427730#22	1
1050455#0	Q0	1427730#36	1
1050455#0	Q0	1427730#17	1
1050455#0	Q0	1427730#24	1
1050455#0	Q0	1427730#34	1
1050455#0	Q0	1427730#44	0
1051734#0	Q0	147217#8	1
1051734#0	Q0	8393992#16	1
1051734#0	Q0	5507836#9	1
1051734#0	Q0	602504#1	1
1051734#0	Q0	10674#12	1
1051734#0	Q0	2524373#2	1
1051734#0	Q0	8340612#4	0
1051734#0	Q0	45965#152	0
1051734#0	Q0	8393992#26	0
1051734#0	Q0	191750#9	0
1052177#0	Q0	546391#2	1
1052177#0	Q0	4952183#0	1
1052177#0	Q0	9155093#0	0
1052177#0	Q0	6421816#44	0
1052177#0	Q0	9674691#15	0
1052177#0	Q0	7764179#0	0
1052177#0	Q0	84977#2	0
1052177#0	Q0	1412027#33	0
1052177#0	Q0	846165#22	0
1052177#0	Q0	84977#10	0
1062080#0	Q0	531218#1	1
1062080#0	Q0	15348#0	1
1062080#0	Q0	7454657#10	1
1062080#0	Q0	15348#3	1
1062080#0	Q0	7454657#14	1
1062080#0	Q0	15348#6	0
1062080#0	Q0	15348#8	0
1062080#0	Q0	15348#7	0
1062080#0	Q0	15348#19	0
1062080#0	Q0	15348#5	0
1065519#0	Q0	1411825#10	1
1065519#0	Q0	6042154#20	1
1065519#0	Q0	1862336#15	1
1065519#0	Q0	6466588#6	1
1065519#0	Q0	952967#4	1
1065519#0	Q0	5767481#2	1
1065519#0	Q0	1862336#9	1
1065519#0	Q0	9908334#13	1
1065519#0	Q0	20#3	0
1065519#0	Q0	388036#31	0
1066704#0	Q0	4378871#0	1
1066704#0	Q0	9621487#0	1
1066704#0	Q0	8475886#6	1
1066704#0	Q0	3527802#2	0
1066704#0	Q0	8239360#7	0
1066704#0	Q0	5493275#4	0
1066704#0	Q0	6488141#45	0
1066704#0	Q0	3030875#0	0
1066704#0	Q0	7290596#0	0
1066704#0	Q0	509242#15	0
106685#0	Q0	2571142#12	1
106685#0	Q0	8321154#1	1
106685#0	Q0	2571142#1	1
106685#0	Q0	1342032#0	1
106685#0	Q0	47428#18	1
106685#0	Q0	949673#9	1
106685#0	Q0	2658410#30	1
106685#0	Q0	2571142#25	1
106685#0	Q0	796950#1	1
106685#0	Q0	456#1	0
1068033#0	Q0	8482106#0	1
1068033#0	Q0	655875#0	1
1068033#0	Q0	655875#2	1
1068033#0	Q0	655875#4	0
1068033#0	Q0	8482106#6	0
1068033#0	Q0	655875#23	0
1068033#0	Q0	8482106#5	0
1068033#0	Q0	655875#24	0
1068033#0	Q0	675127#16	0
1068033#0	Q0	1176611#3	0
1069523#0	Q0	56749#0	1
1069523#0	Q0	5567439#0	0
1069523#0	Q0	1740919#0	0
1069523#0	Q0	1074260#10	0
1069523#0	Q0	1725077#0	0
1069523#0	Q0	593473#0	0
1069523#0	Q0	5326386#0	0
1069523#0	Q0	83276#0	0
1069523#0	Q0	4595773#5	0
1069523#0	Q0	1956776#0	0
1072903#0	Q0	168634#11	1
1072903#0	Q0	1304408#19	1
1072903#0	Q0	68680#8	1
1072903#0	Q0	168634#12	0
1072903#0	Q0	168634#13	0
1072903#0	Q0	5794377#1	0
1072903#0	Q0	68680#7	0
1072903#0	Q0	9977283#3	0
1072903#0	Q0	1319402#18	0
1072903#0	Q0	5794377#0	0
107381#0	Q0	4254217#8	1
107381#0	Q0	8359817#4	1
107381#0	Q0	8922870#11	1
107381#0	Q0	8690556#5	1
107381#0	Q0	2255336#11	1
107381#0	Q0	9487846#1	0
107381#0	Q0	8359817#3	0
107381#0	Q0	6884728#1	0
107381#0	Q0	2310214#8	0
107381#0	Q0	148297#42	0
1074399#0	Q0	8377698#1	1
1074399#0	Q0	8377698#0	1
1074399#0	Q0	163626#2	0
1074399#0	Q0	1349828#1	0
1074399#0	Q0	5475809#1	0
1074399#0	Q0	2087267#2	0
1074399#0	Q0	2285117#1	0
1074399#0	Q0	10131061#1	0
1074399#0	Q0	8658207#1	0
1074399#0	Q0	6854017#0	0
1074762#0	Q0	195170#0	1
1074762#0	Q0	195170#2	1
1074762#0	Q0	195170#1	1
1074762#0	Q0	105202#0	1
1074762#0	Q0	9645999#0	1
1074762#0	Q0	5294957#0	0
1074762#0	Q0	629395#6	0
1074762#0	Q0	1310351#0	0
1074762#0	Q0	4484260#1	0
1074762#0	Q0	4221525#0	0
1075388#0	Q0	4109406#20	1
1075388#0	Q0	92700#45	1
1075388#0	Q0	627371#23	1
1075388#0	Q0	92700#107	1
1075388#0	Q0	2758#83	1
1075388#0	Q0	92700#4	0
1075388#0	Q0	7361188#15	0
1075388#0	Q0	9674691#13	0
1075388#0	Q0	1895723#3	0
1075388#0	Q0	505185#35	0
1075652#0	Q0	6312879#0	1
1075652#0	Q0	9825608#0	0
1075652#0	Q0	7342905#0	0
1075652#0	Q0	6625314#0	0
1075652#0	Q0	639868#1	0
1075652#0	Q0	6177291#11	0
1075652#0	Q0	9977960#0	0
1075652#0	Q0	7531083#0	0
1075652#0	Q0	2733112#0	0
1075652#0	Q0	2791188#0	0
107797#0	Q0	186081#5	1
107797#0	Q0	186081#1	1
107797#0	Q0	10143770#0	1
107797#0	Q0	186081#0	1
107797#0	Q0	714793#8	1
107797#0	Q0	186081#3	1
107797#0	Q0	186081#6	1
107797#0	Q0	10143770#1	1
107797#0	Q0	186081#2	0
107797#0	Q0	186081#9	0
1078576#0	Q0	5266468#24	1
1078576#0	Q0	7353820#0	0
1078576#0	Q0	8884948#0	0
1078576#0	Q0	7616168#1	0
1078576#0	Q0	6995910#0	0
1078576#0	Q0	995404#0	0
1078576#0	Q0	7566342#1	0
1078576#0	Q0	5589467#1	0
1078576#0	Q0	8798211#1	0
1078576#0	Q0	5860872#1	0
1086665#0	Q0	1086665#1	1
1086665#0	Q0	722685#6	1
1086665#0	Q0	7975169#2	1
1086665#0	Q0	1086665#0	0
1086665#0	Q0	7329267#1	0
1086665#0	Q0	6340288#2	0
1086665#0	Q0	3537498#5	0
1086665#0	Q0	170072#16	0
1086665#0	Q0	9919740#2	0
1086665#0	Q0	551112#1	0
1087030#0	Q0	7491723#2	1
1087030#0	Q0	6626#6	1
1087030#0	Q0	6626#10	1
1087030#0	Q0	6626#17	1
1087030#0	Q0	1001411#3	1
1087030#0	Q0	7062538#37	1
1087030#0	Q0	31957#20	1
1087030#0	Q0	195458#0	1
1087030#0	Q0	4115550#10	0
1087030#0	Q0	3226398#3	0
1101707#0	Q0	8393673#4	1
1101707#0	Q0	100534#0	1
1101707#0	Q0	9532012#19	1
1101707#0	Q0	7355291#2	0
1101707#0	Q0	65778#0	0
1101707#0	Q0	2474945#5	0
1101707#0	Q0	9750293#7	0
1101707#0	Q0	655923#11	0
1101707#0	Q0	104981#17	0
1101707#0	Q0	4080912#8	0
1105606#0	Q0	14540#6	1
1105606#0	Q0	8503244#1	0
1105606#0	Q0	83158#0	0
1105606#0	Q0	2764489#14	0
1105606#0	Q0	5892522#1	0
1105606#0	Q0	4715546#3	0
1106486#0	Q0	1107748#0	1
1106486#0	Q0	24068#2	1
1106486#0	Q0	312274#0	1
1106486#0	Q0	9076401#15	0
1106486#0	Q0	312274#3	0
1106486#0	Q0	1146893#1	0
1106486#0	Q0	24068#12	0
1106486#0	Q0	9048244#6	0
1106486#0	Q0	9060398#10	0
1106486#0	Q0	24068#10	0
1106489#0	Q0	180769#11	1
1106489#0	Q0	32318#17	1
1106489#0	Q0	2168#0	1
1106489#0	Q0	9801334#20	0
1106489#0	Q0	34903#70	0
1106489#0	Q0	180769#35	0
1106489#0	Q0	1171535#2	0
1106489#0	Q0	7440825#11	0
1106489#0	Q0	2127#65	0
1106489#0	Q0	1245239#15	0
1107082#0	Q0	2393930#0	1
1107082#0	Q0	2393930#11	1
1107082#0	Q0	2393930#12	1
1107082#0	Q0	2732631#4	0
1107082#0	Q0	2732631#8	0
1107082#0	Q0	2732631#6	0
1107082#0	Q0	2732631#3	0
1107082#0	Q0	2732631#1	0
1107082#0	Q0	2732631#9	0
1107082#0	Q0	2732631#12	0
1109187#0	Q0	1588895#1	1
1109187#0	Q0	5583545#0	1
1109187#0	Q0	3204494#0	1
1109187#0	Q0	10058505#0	1
1109187#0	Q0	715597#0	0
1109187#0	Q0	1001917#3	0
1109187#0	Q0	466285#4	0
1109187#0	Q0	10121182#0	0
1109187#0	Q0	3201899#27	0
1109187#0	Q0	715597#1	0
1122429#0	Q0	2157584#1	1
1122429#0	Q0	4440445#0	1
1122429#0	Q0	4440445#3	1
1122429#0	Q0	6320823#0	1
1122429#0	Q0	4440445#4	1
1122429#0	Q0	8439317#0	1
1122429#0	Q0	4440445#2	1
1122429#0	Q0	4440445#1	0
1122429#0	Q0	1388099#0	0
1122429#0	Q0	6220062#1	0
1122535#0	Q0	10098066#20	1
1122535#0	Q0	1492#6	1
1122535#0	Q0	5408336#9	1
1122535#0	Q0	3199901#0	1
1122535#0	Q0	1492#0	1
1122535#0	Q0	336330#1	0
1122535#0	Q0	462578#0	0
1122535#0	Q0	5492298#0	0
1122535#0	Q0	336330#4	0
1122535#0	Q0	30892#0	0
1141269#0	Q0	368522#11	1
1141269#0	Q0	127199#39	0
1141269#0	Q0	127199#18	0
1141269#0	Q0	127199#60	0
1141269#0	Q0	127199#46	0
1141269#0	Q0	127199#30	0
1141269#0	Q0	127199#15	0
1141269#0	Q0	127199#42	0
1141269#0	Q0	127199#14	0
1141269#0	Q0	598960#28	0
1143393#0	Q0	2472357#0	1
1143393#0	Q0	2829383#1	1
1143393#0	Q0	2829383#6	0
1143393#0	Q0	2829383#0	0
1143393#0	Q0	2472357#3	0
1143393#0	Q0	161691#15	0
1143393#0	Q0	17768#271	0
1143393#0	Q0	345862#195	0
1143393#0	Q0	2829383#3	0
1143393#0	Q0	9376145#0	0
1149205#0	Q0	907056#0	1
1149205#0	Q0	183229#2	1
1149205#0	Q0	83518#6	0
1149205#0	Q0	5618509#0	0
1149205#0	Q0	3288998#2	0
1149205#0	Q0	516936#2	0
1149205#0	Q0	9004560#15	0
1149205#0	Q0	9004560#33	0
1149205#0	Q0	9988655#0	0
1149205#0	Q0	9004560#29	0
1153124#0	Q0	9363658#17	1
1153124#0	Q0	7607355#15	1
1153124#0	Q0	9549743#18	1
1153124#0	Q0	1417404#6	1
1153124#0	Q0	88606#93	1
1153124#0	Q0	88606#69	1
1153124#0	Q0	8938991#47	0
1153124#0	Q0	88606#84	0
1153124#0	Q0	964239#67	0
1153124#0	Q0	826469#2	0
115614#0	Q0	5545403#1	1
115614#0	Q0	10145372#2	1
115614#0	Q0	10145372#1	1
115614#0	Q0	1356298#0	1
115614#0	Q0	5545403#47	1
115614#0	Q0	8433915#5	1
115614#0	Q0	9137018#1	1
115614#0	Q0	3306807#2	1
115614#0	Q0	988#19	1
115614#0	Q0	4596#7	1
1158957#0	Q0	2428883#0	1
1158957#0	Q0	6886294#0	1
1158957#0	Q0	1107241#0	1
1158957#0	Q0	473530#23	1
1158957#0	Q0	10171186#5	1
1158957#0	Q0	1107241#1	0
1158957#0	Q0	1107241#3	0
1158957#0	Q0	1107241#2	0
1158957#0	Q0	2428883#2	0
1158957#0	Q0	2428883#1	0
1159072#0	Q0	108654#22	1
1159072#0	Q0	293142#21	1
1159072#0	Q0	9165464#3	1
1159072#0	Q0	293142#22	1
1159072#0	Q0	108654#21	0
1159072#0	Q0	8224483#4	0
1159072#0	Q0	108654#19	0
1159072#0	Q0	5767625#2	0
1159072#0	Q0	372255#5	0
1159072#0	Q0	7689230#0	0
116074#0	Q0	208064#7	1
116074#0	Q0	49030#44	1
116074#0	Q0	2094233#3	1
116074#0	Q0	108076#2	1
116074#0	Q0	208064#1	1
116074#0	Q0	4989160#3	1
116074#0	Q0	4989160#18	0
116074#0	Q0	1079823#4	0
116074#0	Q0	208064#6	0
116074#0	Q0	26044#72	0
1162740#0	Q0	9853#11	1
1162740#0	Q0	13284#5	1
1162740#0	Q0	1995682#1	0
1162740#0	Q0	9853#8	0
1162740#0	Q0	481490#20	0
1162740#0	Q0	9853#39	0
1162740#0	Q0	9853#16	0
1162740#0	Q0	91278#9	0
1162740#0	Q0	4533931#2	0
1162740#0	Q0	9503#1	0
1166707#0	Q0	2575631#28	1
1166707#0	Q0	2504957#9	1
1166707#0	Q0	2575631#30	1
1166707#0	Q0	175834#1	1
1166707#0	Q0	662582#0	1
1166707#0	Q0	2504957#10	1
1166707#0	Q0	8805750#16	0
1166707#0	Q0	7375085#8	0
1166707#0	Q0	2575631#82	0
1166707#0	Q0	57873#41	0
1167865#0	Q0	736338#2	1
1167865#0	Q0	658154#9	1
1167865#0	Q0	2104958#1	1
1167865#0	Q0	295266#41	0
1167865#0	Q0	18055#7	0
1167865#0	Q0	9288401#16	0
1167865#0	Q0	295266#63	0
1167865#0	Q0	437394#0	0
1167865#0	Q0	7788972#22	0
1167865#0	Q0	9804439#0	0
1174285#0	Q0	37504#37	1
1174285#0	Q0	37504#36	1
1174285#0	Q0	37504#2	1
1174285#0	Q0	267004#0	1
1174285#0	Q0	491440#0	1
1174285#0	Q0	139191#13	1
1174285#0	Q0	183323#0	1
1174285#0	Q0	491440#2	1
1174285#0	Q0	6977136#0	0
1174285#0	Q0	484530#2	0
1177296#0	Q0	4398824#1	1
1177296#0	Q0	4398824#12	1
1177296#0	Q0	4398824#28	1
1177296#0	Q0	3043354#1	1
1177296#0	Q0	4398824#71	1
1177296#0	Q0	4398824#11	1
1177296#0	Q0	4398824#22	1
1177296#0	Q0	4398824#8	1
1177296#0	Q0	4394261#2	1
1177296#0	Q0	4398824#27	1
1177414#0	Q0	1177414#0	1
1177414#0	Q0	1177414#1	1
1177414#0	Q0	1177414#3	0
1177414#0	Q0	1177414#2	0
1177414#0	Q0	2555319#4	0
1177414#0	Q0	465522#2	0
1177414#0	Q0	2010487#19	0
1177414#0	Q0	7520538#0	0
1177414#0	Q0	465522#12	0
1177414#0	Q0	276092#2	0
1182182#0	Q0	1042601#0	1
1182182#0	Q0	9991901#0	1
1182182#0	Q0	10069165#41	1
1182182#0	Q0	452218#0	1
1182182#0	Q0	9991901#2	0
1182182#0	Q0	10032482#1	0
1182182#0	Q0	9991901#8	0
1182182#0	Q0	10032482#2	0
1182182#0	Q0	9991901#12	0
1182182#0	Q0	9991901#5	0
119827#0	Q0	798066#0	1
119827#0	Q0	11253#89	0
119827#0	Q0	7922664#1	0
119827#0	Q0	82443#30	0
119827#0	Q0	82443#31	0
119827#0	Q0	556446#7	0
119827#0	Q0	282678#7	0
119827#0	Q0	4610984#2	0
119827#0	Q0	168466#64	0
119827#0	Q0	2043035#13	0
1204530#0	Q0	612902#0	1
1204530#0	Q0	612902#4	0
1204530#0	Q0	9497943#0	0
1204530#0	Q0	9497943#1	0
1204530#0	Q0	4159354#3	0
1204530#0	Q0	9497943#3	0
1204530#0	Q0	9487661#24	0
1204530#0	Q0	612902#3	0
1204530#0	Q0	2481523#18	0
1204530#0	Q0	4159354#17	0
1214096#0	Q0	167801#14	1
1214096#0	Q0	167801#10	1
1214096#0	Q0	895303#2	1
1214096#0	Q0	5091368#1	0
1214096#0	Q0	7942055#8	0
1214096#0	Q0	2908309#37	0
1214096#0	Q0	9941194#11	0
1214096#0	Q0	5073913#1	0
1214096#0	Q0	167801#8	0
1214096#0	Q0	9941194#1	0
1214739#0	Q0	122262#10	1
1214739#0	Q0	7379737#7	1
1214739#0	Q0	9813087#2	1
1214739#0	Q0	5688761#7	1
1214739#0	Q0	4929448#10	1
1214739#0	Q0	17097#27	0
1214739#0	Q0	8448561#5	0
1214739#0	Q0	1335027#7	0
1214739#0	Q0	1293688#23	0
1214739#0	Q0	241460#11	0
1217393#0	Q0	152157#11	1
1217393#0	Q0	152157#8	1
1217393#0	Q0	152157#3	1
1217393#0	Q0	3153861#1	1
1217393#0	Q0	399859#12	0
1217393#0	Q0	823513#0	0
1217393#0	Q0	3585323#0	0
1217393#0	Q0	9936960#2	0
1217393#0	Q0	10010606#1	0
1217393#0	Q0	2155279#14	0
1219941#0	Q0	230473#7	1
1219941#0	Q0	230473#11	1
1219941#0	Q0	1254452#9	1
1219941#0	Q0	230473#3	0
1219941#0	Q0	230473#0	0
1219941#0	Q0	6467481#1	0
1219941#0	Q0	5269231#0	0
1219941#0	Q0	3473267#1	0
1219941#0	Q0	1268020#2	0
1219941#0	Q0	230473#8	0
1220657#0	Q0	1098191#11	1
1220657#0	Q0	4550420#0	0
1220657#0	Q0	5484262#0	0
1220657#0	Q0	6587612#0	0
1220657#0	Q0	56227#0	0
1220657#0	Q0	405569#0	0
1220657#0	Q0	8769970#0	0
1220657#0	Q0	4318835#4	0
1220657#0	Q0	10081276#1	0
1220657#0	Q0	7107005#0	0
1221460#0	Q0	6448445#0	1
1221460#0	Q0	412469#5	1
1221460#0	Q0	6098982#4	1
1221460#0	Q0	6448445#3	1
1221460#0	Q0	6448445#17	1
1221460#0	Q0	7183#24	1
1221460#0	Q0	6448445#95	1
1221460#0	Q0	6098982#0	1
1221460#0	Q0	73179#4	1
1221460#0	Q0	6448445#91	0
1223683#0	Q0	1257#4	1
1223683#0	Q0	4357#109	1
1223683#0	Q0	207224#2	1
1223683#0	Q0	36#44	1
1223683#0	Q0	1257#2	1
1223683#0	Q0	29740#6	0
1223683#0	Q0	4357#0	0
1223683#0	Q0	83128#36	0
1223683#0	Q0	8131718#26	0
1223683#0	Q0	31710#24	0
1227420#0	Q0	18489#7	1
1227420#0	Q0	3779769#7	1
1227420#0	Q0	1043044#1	1
1227420#0	Q0	9914774#5	1
1227420#0	Q0	16394#2	1
1227420#0	Q0	16394#4	1
1227420#0	Q0	295172#1	0
1227420#0	Q0	155949#10	0
1227420#0	Q0	3779769#38	0
1227420#0	Q0	3779769#1	0
1236430#0	Q0	6004205#9	1
1236430#0	Q0	22096#1	1
1236430#0	Q0	14841#15	1
1236430#0	Q0	1658851#43	1
1236430#0	Q0	25172#9	1
1236430#0	Q0	22096#4	1
1236430#0	Q0	9122099#3	1
1236430#0	Q0	25172#10	1
1236430#0	Q0	22096#0	0
1236430#0	Q0	573367#8	0
1237488#0	Q0	48599#66	1
1237488#0	Q0	251383#13	1
1237488#0	Q0	61893#6	1
1237488#0	Q0	55697#14	0
1237488#0	Q0	5239076#3	0
1237488#0	Q0	61893#4	0
1237488#0	Q0	61893#5	0
1237488#0	Q0	280677#2	0
1237488#0	Q0	725330#57	0
1237488#0	Q0	61893#0	0
1239892#0	Q0	2725609#2	1
1239892#0	Q0	2725609#3	1
1239892#0	Q0	2442885#5	1
1239892#0	Q0	4553742#16	1
1239892#0	Q0	3357333#1	0
1239892#0	Q0	2442885#2	0
1239892#0	Q0	2725609#4	0
1239892#0	Q0	2725609#0	0
1239892#0	Q0	8709765#4	0
1239892#0	Q0	5256207#5	0
1244126#0	Q0	972331#6	1
1244126#0	Q0	9861231#1	1
1244126#0	Q0	750369#23	1
1244126#0	Q0	73592#4	1
1244126#0	Q0	2550918#2	0
1244126#0	Q0	17315#142	0
1244126#0	Q0	972331#25	0
1244126#0	Q0	8478832#3	0
1244126#0	Q0	750369#29	0
1244126#0	Q0	77392#2	0
1245800#0	Q0	84114#4	1
1245800#0	Q0	84114#5	1
1245800#0	Q0	84114#0	1
1245800#0	Q0	84114#1	1
1245800#0	Q0	84114#6	0
1245800#0	Q0	84114#2	0
1245800#0	Q0	1967322#1	0
1245800#0	Q0	722216#2	0
1245800#0	Q0	1795314#12	0
1245800#0	Q0	1866917#5	0
1246923#0	Q0	276558#4	1
1246923#0	Q0	276558#40	1
1246923#0	Q0	276558#32	1
1246923#0	Q0	276558#6	1
1246923#0	Q0	276558#35	1
1246923#0	Q0	276558#0	1
1246923#0	Q0	276558#36	1
1246923#0	Q0	276558#39	1
1246923#0	Q0	9425795#0	0
1246923#0	Q0	5484692#3	0
1247087#0	Q0	381273#6	1
1247087#0	Q0	381273#3	1
1247087#0	Q0	381273#1	1
1247087#0	Q0	381273#0	1
1247087#0	Q0	593763#0	0
1247087#0	Q0	381273#10	0
1247087#0	Q0	381273#4	0
1247087#0	Q0	593763#1	0
1247087#0	Q0	381273#8	0
1247087#0	Q0	381273#5	0
1251399#0	Q0	2987881#1	1
1251399#0	Q0	2987881#0	1
1251399#0	Q0	9741656#0	0
1251399#0	Q0	2987881#2	0
1251399#0	Q0	8704527#1	0
1251399#0	Q0	2987867#0	0
1251399#0	Q0	1138706#3	0
1251399#0	Q0	2987881#4	0
1251399#0	Q0	2987881#3	0
1251399#0	Q0	4490339#6	0
125265#0	Q0	933441#11	1
125265#0	Q0	66584#10	0
125265#0	Q0	180624#13	0
125265#0	Q0	367231#27	0
125265#0	Q0	2419181#0	0
125265#0	Q0	7639747#7	0
125265#0	Q0	1350658#20	0
125265#0	Q0	1112012#25	0
125265#0	Q0	9940353#3	0
125265#0	Q0	747939#31	0
1254045#0	Q0	361329#0	1
1254045#0	Q0	361329#4	1
1254045#0	Q0	31120#68	1
1254045#0	Q0	5904033#0	0
1254045#0	Q0	1254045#0	0
1254045#0	Q0	6914494#3	0
1254045#0	Q0	1254045#23	0
1254045#0	Q0	1254045#16	0
1254045#0	Q0	361329#2	0
1254045#0	Q0	1358458#2	0
1262003#0	Q0	984#8	1
1262003#0	Q0	89722#11	1
1262003#0	Q0	15284#14	1
1262003#0	Q0	984#10	0
1262003#0	Q0	194813#1	0
1262003#0	Q0	3285#10	0
1262003#0	Q0	3896#80	0
1262003#0	Q0	194813#42	0
1262003#0	Q0	1887491#2	0
1262003#0	Q0	3285#6	0
1262541#0	Q0	4412947#6	1
1262541#0	Q0	70170#0	1
1262541#0	Q0	4412947#8	1
1262541#0	Q0	4412947#13	1
1262541#0	Q0	4412947#11	1
1262541#0	Q0	4412947#9	1
1262541#0	Q0	2379548#0	1
1262541#0	Q0	4925872#0	1
1262541#0	Q0	5252417#0	1
1262541#0	Q0	4412947#5	0
1268375#0	Q0	897485#40	1
1268375#0	Q0	305690#4	1
1268375#0	Q0	9375832#0	1
1268375#0	Q0	202378#13	0
1268375#0	Q0	305690#3	0
1268375#0	Q0	15162#25	0
1268375#0	Q0	662929#40	0
1268375#0	Q0	15162#103	0
1268375#0	Q0	858338#5	0
1268375#0	Q0	8944268#7	0
1270223#0	Q0	5865005#33	1
1270223#0	Q0	169401#19	1
1270223#0	Q0	1642089#19	1
1270223#0	Q0	459277#15	0
1270223#0	Q0	6353393#6	0
1270223#0	Q0	424550#2	0
1270223#0	Q0	544490#14	0
1270223#0	Q0	997016#1	0
1270223#0	Q0	169401#24	0
1270223#0	Q0	5898387#27	0
127503#0	Q0	6177841#3	1
127503#0	Q0	6388505#2	1
127503#0	Q0	3123865#2	1
127503#0	Q0	8399386#18	1
127503#0	Q0	173149#4	1
127503#0	Q0	1082284#7	1
127503#0	Q0	107310#6	1
127503#0	Q0	5859550#2	0
127503#0	Q0	6376829#15	0
127503#0	Q0	8386691#5	0
1275801#0	Q0	137875#19	1
1275801#0	Q0	29521#0	1
1275801#0	Q0	1218687#1	1
1275801#0	Q0	29523#0	1
1275801#0	Q0	29522#0	1
1275801#0	Q0	40466#14	1
1275801#0	Q0	40506#0	0
1275801#0	Q0	1254441#0	0
1275801#0	Q0	1533831#2	0
1275801#0	Q0	1353781#28	0
1280318#0	Q0	88434#8	1
1280318#0	Q0	7695917#5	1
1280318#0	Q0	4953913#6	1
1280318#0	Q0	1304834#76	1
1280318#0	Q0	55606#25	0
1280318#0	Q0	26965#1	0
1280318#0	Q0	5082704#3	0
1280318#0	Q0	9846719#1	0
1280318#0	Q0	615853#3	0
1280318#0	Q0	1207739#12	0
1280757#0	Q0	38633#2	1
1280757#0	Q0	79562#111	1
1280757#0	Q0	8165#126	1
1280757#0	Q0	548814#0	1
1280757#0	Q0	854#8	1
1280757#0	Q0	548814#1	0
1280757#0	Q0	47979#1	0
1280757#0	Q0	345235#1	0
1280757#0	Q0	2199767#9	0
1280757#0	Q0	4177296#19	0
1282511#0	Q0	917742#17	1
1282511#0	Q0	134597#8	1
1282511#0	Q0	328928#0	1
1282511#0	Q0	328554#0	1
1282511#0	Q0	5920933#1	1
1282511#0	Q0	2630885#1	0
1282511#0	Q0	71#11	0
1282511#0	Q0	71#0	0
1282511#0	Q0	29877#2	0
1282511#0	Q0	9762524#12	0
1288322#0	Q0	6968265#0	1
1288322#0	Q0	6969134#2	1
1288322#0	Q0	234540#3	1
1288322#0	Q0	4951782#9	1
1288322#0	Q0	394349#16	0
1288322#0	Q0	7490383#0	0
1288322#0	Q0	6968265#1	0
1288322#0	Q0	2802731#0	0
1288322#0	Q0	6968265#6	0
1288322#0	Q0	767891#23	0
1289072#0	Q0	31535#0	1
1289072#0	Q0	39610#1	1
1289072#0	Q0	276780#93	1
1289072#0	Q0	31535#13	1
1289072#0	Q0	31535#2	1
1289072#0	Q0	31535#1	1
1289072#0	Q0	31535#18	0
1289072#0	Q0	31535#27	0
1289072#0	Q0	31535#11	0
1289072#0	Q0	31535#5	0
1289770#0	Q0	2252188#5	1
1289770#0	Q0	97842#5	1
1289770#0	Q0	3516478#2	1
1289770#0	Q0	381071#11	1
1289770#0	Q0	97842#2	1
1289770#0	Q0	3516610#1	0
1289770#0	Q0	7065549#4	0
1289770#0	Q0	5376713#2	0
1289770#0	Q0	381071#8	0
1289770#0	Q0	1007725#2	0
1293653#0	Q0	6988490#0	1
1293653#0	Q0	6988490#15	1
1293653#0	Q0	1108042#16	1
1293653#0	Q0	6832404#2	1
1293653#0	Q0	6988490#10	1
1293653#0	Q0	6988490#2	0
1293653#0	Q0	6988490#6	0
1293653#0	Q0	1108042#17	0
1293653#0	Q0	6988490#12	0
1293653#0	Q0	6988490#13	0
1294031#0	Q0	1249708#1	1
1294031#0	Q0	1249708#0	0
1294031#0	Q0	4137842#5	0
1294031#0	Q0	7813476#1	0
1294031#0	Q0	1164115#0	0
1294031#0	Q0	6379104#19	0
1294031#0	Q0	6932304#0	0
1294031#0	Q0	137288#2	0
1294031#0	Q0	137288#0	0
1294031#0	Q0	534045#9	0
1299377#0	Q0	1363366#5	1
1299377#0	Q0	27090#93	1
1299377#0	Q0	27090#97	1
1299377#0	Q0	375855#0	1
1299377#0	Q0	1363366#10	1
1299377#0	Q0	6454772#0	0
1299377#0	Q0	10065709#5	0
1299377#0	Q0	6454772#9	0
1299377#0	Q0	7053186#9	0
1299377#0	Q0	27090#101	0
130005#0	Q0	130005#0	1
130005#0	Q0	1771144#0	0
130005#0	Q0	239543#0	0
130005#0	Q0	3444941#1	0
130005#0	Q0	5155232#12	0
130005#0	Q0	4014439#10	0
130005#0	Q0	1771144#1	0
130005#0	Q0	10043430#5	0
130005#0	Q0	4494279#0	0
130005#0	Q0	1771144#4	0
1301332#0	Q0	4050588#19	1
1301332#0	Q0	4050588#0	1
1301332#0	Q0	788468#4	1
1301332#0	Q0	4526913#6	1
1301332#0	Q0	1601763#4	0
1301332#0	Q0	388168#9	0
1301332#0	Q0	4050588#5	0
1301332#0	Q0	7070929#2	0
1301332#0	Q0	334018#0	0
1301332#0	Q0	4353378#9	0
1302875#0	Q0	179492#3	1
1302875#0	Q0	212589#3	1
1302875#0	Q0	2182769#0	0
1302875#0	Q0	179492#0	0
1302875#0	Q0	6159791#0	0
1302875#0	Q0	179492#10	0
1302875#0	Q0	1302875#0	0
1302875#0	Q0	179492#1	0
1302875#0	Q0	305382#6	0
1302875#0	Q0	179492#6	0
130298#0	Q0	62310#0	1
130298#0	Q0	918386#0	1
130298#0	Q0	7565010#0	1
130298#0	Q0	62310#10	1
130298#0	Q0	62310#3	1
130298#0	Q0	6134988#0	1
130298#0	Q0	62310#2	1
130298#0	Q0	9935253#0	1
130298#0	Q0	62310#7	0
130298#0	Q0	62310#16	0
1303846#0	Q0	31111#12	1
1303846#0	Q0	2361624#56	1
1303846#0	Q0	9377902#5	1
1303846#0	Q0	153827#15	1
1303846#0	Q0	153827#6	1
1303846#0	Q0	3872372#1	0
1303846#0	Q0	7345214#6	0
1303846#0	Q0	5856162#5	0
1303846#0	Q0	768380#6	0
1303846#0	Q0	43393#2	0
1306573#0	Q0	5222223#1	1
1306573#0	Q0	163511#5	1
1306573#0	Q0	7233073#2	1
1306573#0	Q0	163511#1	1
1306573#0	Q0	6427620#1	1
1306573#0	Q0	163511#4	0
1306573#0	Q0	9144133#4	0
1306573#0	Q0	8150927#6	0
1306573#0	Q0	3316339#0	0
1306573#0	Q0	3957644#2	0
1315068#0	Q0	8892263#0	1
1315068#0	Q0	5408115#6	1
1315068#0	Q0	5072440#0	1
1315068#0	Q0	1310119#17	1
1315068#0	Q0	8841322#59	1
1315068#0	Q0	8892191#34	1
1315068#0	Q0	822894#70	1
1315068#0	Q0	3973174#32	1
1315068#0	Q0	15716#74	1
1315068#0	Q0	8894397#5	0
132171#0	Q0	414464#3	1
132171#0	Q0	1004694#18	1
132171#0	Q0	3965431#2	0
132171#0	Q0	13284#113	0
132171#0	Q0	166119#4	0
132171#0	Q0	8810240#1	0
132171#0	Q0	3608311#5	0
132171#0	Q0	9784056#33	0
13284#0	Q0	86293#1	1
13284#0	Q0	86293#4	1
13284#0	Q0	827#70	1
13284#0	Q0	86293#35	1
13284#0	Q0	908#28	1
13284#0	Q0	4372511#0	1
13284#0	Q0	393585#27	1
13284#0	Q0	183232#1	0
13284#0	Q0	5665995#0	0
13284#0	Q0	7487983#22	0
1334058#0	Q0	8737776#10	1
1334058#0	Q0	377169#6	1
1334058#0	Q0	8708980#1	1
1334058#0	Q0	377169#0	0
1334058#0	Q0	1493086#0	0
1334058#0	Q0	377169#12	0
1334058#0	Q0	1185416#3	0
1334058#0	Q0	377169#10	0
1334058#0	Q0	2427825#16	0
1334058#0	Q0	8798994#10	0
1335201#0	Q0	9658030#0	1
1335201#0	Q0	9319585#0	1
1335201#0	Q0	2207486#0	1
1335201#0	Q0	9610546#11	1
1335201#0	Q0	10012494#20	1
1335201#0	Q0	7771957#0	1
1335201#0	Q0	4945866#2	0
1335201#0	Q0	1560405#1	0
1335201#0	Q0	7383268#11	0
1335201#0	Q0	7383268#7	0
1340768#0	Q0	1371142#43	1
1340768#0	Q0	1371142#30	1
1340768#0	Q0	9804460#4	1
1340768#0	Q0	9803373#0	1
1340768#0	Q0	1371142#36	1
1340768#0	Q0	1371142#17	1
1340768#0	Q0	9804460#0	1
1340768#0	Q0	337977#59	1
1340768#0	Q0	9803373#5	1
1340768#0	Q0	1340768#0	1
1341092#0	Q0	2825039#20	1
1341092#0	Q0	2825039#1	1
1341092#0	Q0	2825039#100	1
1341092#0	Q0	2825039#101	1
1341092#0	Q0	2825039#89	1
1341092#0	Q0	2825039#91	1
1341092#0	Q0	2825039#71	1
1341092#0	Q0	2825039#87	1
1341092#0	Q0	2825039#69	1
1341092#0	Q0	2825039#0	0
1349459#0	Q0	89162#1	1
1349459#0	Q0	88384#34	1
1349459#0	Q0	88384#35	1
1349459#0	Q0	89162#0	0
1349459#0	Q0	510471#29	0
1349459#0	Q0	165176#2	0
1349459#0	Q0	88384#36	0
1349459#0	Q0	165176#11	0
1349459#0	Q0	1046775#3	0
1349459#0	Q0	1046775#0	0
1350015#0	Q0	1712594#4	1
1350015#0	Q0	1659267#9	1
1350015#0	Q0	1712594#1	1
1350015#0	Q0	9386708#6	1
1350015#0	Q0	1659267#42	1
1350015#0	Q0	1659267#1	1
1350015#0	Q0	1712594#5	0
1350015#0	Q0	1712594#12	0
1350015#0	Q0	1712594#18	0
1350015#0	Q0	1712594#2	0
1362417#0	Q0	195109#0	1
1362417#0	Q0	2809900#0	0
1362417#0	Q0	6448668#0	0
1362417#0	Q0	445813#16	0
1362417#0	Q0	4734431#0	0
1362417#0	Q0	1178878#3	0
1362417#0	Q0	1353781#28	0
1362417#0	Q0	1178878#0	0
1362417#0	Q0	40466#0	0
1362417#0	Q0	445813#4	0
1363435#0	Q0	1037#0	1
1363435#0	Q0	1037#1	1
1363435#0	Q0	1037#3	1
1363435#0	Q0	8938537#28	1
1363435#0	Q0	4936451#44	1
1363435#0	Q0	1037#8	1
1363435#0	Q0	1037#2	1
1363435#0	Q0	8014637#0	1
1363435#0	Q0	1037#11	0
1363435#0	Q0	1113#0	0
137107#0	Q0	75892#43	1
137107#0	Q0	75892#45	1
137107#0	Q0	858974#9	1
137107#0	Q0	75892#42	0
137107#0	Q0	75892#38	0
137107#0	Q0	75892#46	0
137107#0	Q0	75892#41	0
137107#0	Q0	89694#0	0
137107#0	Q0	75892#22	0
137107#0	Q0	3773754#7	0
1373546#0	Q0	499#0	1
1373546#0	Q0	15458#2	0
1373546#0	Q0	15468#1	0
1373546#0	Q0	271352#3	0
1373546#0	Q0	473271#8	0
1373546#0	Q0	2788680#1	0
1373546#0	Q0	1565694#8	0
1373546#0	Q0	499#6	0
1373546#0	Q0	271352#10	0
1373546#0	Q0	1974477#6	0
1376897#0	Q0	1445469#0	1
1376897#0	Q0	6623560#9	1
1376897#0	Q0	10066301#13	1
1376897#0	Q0	6408434#1	0
1376897#0	Q0	4383411#14	0
1376897#0	Q0	6408434#0	0
1376897#0	Q0	1103980#13	0
1376897#0	Q0	430721#0	0
1376897#0	Q0	8803186#1	0
1376897#0	Q0	2036297#6	0
1381335#0	Q0	858971#23	1
1381335#0	Q0	1349344#29	1
1381335#0	Q0	8904588#1	0
1381335#0	Q0	9928610#11	0
1381335#0	Q0	2857097#4	0
1381335#0	Q0	177264#0	0
1381335#0	Q0	9868088#0	0
1381335#0	Q0	1700099#0	0
1381335#0	Q0	769678#9	0
1381335#0	Q0	5083330#0	0
1385683#0	Q0	2497832#5	1
1385683#0	Q0	889179#32	1
1385683#0	Q0	303351#19	1
1385683#0	Q0	889179#0	1
1385683#0	Q0	1121408#1	1
1385683#0	Q0	1755231#6	0
1385683#0	Q0	11899#91	0
1385683#0	Q0	9414127#8	0
1385683#0	Q0	4649910#3	0
1385683#0	Q0	353010#3	0
1386180#0	Q0	5189863#52	1
1386180#0	Q0	142839#7	1
1386180#0	Q0	5800538#6	1
1386180#0	Q0	3423149#8	1
1386180#0	Q0	2730#61	1
1386180#0	Q0	5189863#53	1
1386180#0	Q0	2730#63	1
1386180#0	Q0	76323#48	1
1386180#0	Q0	22227#44	1
1386180#0	Q0	541458#46	0
1390156#0	Q0	7233553#0	1
1390156#0	Q0	32485#55	1
1390156#0	Q0	210257#9	1
1390156#0	Q0	52879#80	1
1390156#0	Q0	7233553#2	1
1390156#0	Q0	53787#2	1
1390156#0	Q0	52879#43	0
1390156#0	Q0	2427707#7	0
1390156#0	Q0	15819#35	0
1390156#0	Q0	5333449#12	0
139621#0	Q0	1414992#0	1
139621#0	Q0	181992#8	1
139621#0	Q0	5159811#1	1
139621#0	Q0	1415081#0	1
139621#0	Q0	1357021#11	1
139621#0	Q0	8424500#1	0
139621#0	Q0	126349#41	0
139621#0	Q0	3973714#9	0
139621#0	Q0	6183775#0	0
139621#0	Q0	1415081#16	0
1402462#0	Q0	7045017#17	1
1402462#0	Q0	10020710#10	1
1402462#0	Q0	7045017#48	1
1402462#0	Q0	7045017#21	1
1402462#0	Q0	7045017#28	1
1402462#0	Q0	6623751#25	1
1402462#0	Q0	7045017#20	1
1402462#0	Q0	9391044#26	1
1402462#0	Q0	7045017#14	1
1402462#0	Q0	7045017#92	0
1408598#0	Q0	765#121	1
1408598#0	Q0	810764#30	1
1408598#0	Q0	765#8	0
1408598#0	Q0	1046736#23	0
1408598#0	Q0	8848658#0	0
1408598#0	Q0	1032868#7	0
1408598#0	Q0	1660079#35	0
1408598#0	Q0	1046736#21	0
1408598#0	Q0	765#115	0
1408598#0	Q0	18943#0	0
140862#0	Q0	782785#6	1
140862#0	Q0	1435165#11	1
140862#0	Q0	41986#22	1
140862#0	Q0	140862#0	0
140862#0	Q0	41986#21	0
140862#0	Q0	140862#7	0
140862#0	Q0	8500190#33	0
140862#0	Q0	140862#47	0
140862#0	Q0	457909#20	0
140862#0	Q0	7489109#1	0
140930#0	Q0	9164150#0	1
140930#0	Q0	568366#5	1
140930#0	Q0	9164150#8	1
140930#0	Q0	7695669#0	1
140930#0	Q0	9164172#9	1
140930#0	Q0	2278033#47	1
140930#0	Q0	7695669#3	1
140930#0	Q0	155591#5	0
140930#0	Q0	345484#15	0
140930#0	Q0	1064645#1	0
141348#0	Q0	5865187#28	1
141348#0	Q0	3108515#3	1
141348#0	Q0	5865187#1	1
141348#0	Q0	5698#120	1
141348#0	Q0	5894893#3	0
141348#0	Q0	5698#65	0
141348#0	Q0	5894893#67	0
141348#0	Q0	8005#195	0
141348#0	Q0	33705#43	0
141348#0	Q0	5894893#70	0
1427884#0	Q0	958741#3	1
1427884#0	Q0	454013#21	1
1427884#0	Q0	958741#4	1
1427884#0	Q0	9356669#1	1
1427884#0	Q0	681266#2	1
1427884#0	Q0	958741#2	1
1427884#0	Q0	5556249#3	0
1427884#0	Q0	9398919#2	0
1427884#0	Q0	9356669#4	0
1427884#0	Q0	8851425#16	0
1427887#0	Q0	417402#0	1
1427887#0	Q0	1427887#0	1
1427887#0	Q0	7574845#0	1
1427887#0	Q0	2646732#0	1
1427887#0	Q0	7574845#3	1
1427887#0	Q0	7574845#1	1
1427887#0	Q0	899173#3	1
1427887#0	Q0	4237207#3	0
1427887#0	Q0	4606927#13	0
1427887#0	Q0	7248084#2	0
1435763#0	Q0	359802#15	1
1435763#0	Q0	1438941#0	1
1435763#0	Q0	359802#12	0
1435763#0	Q0	1404773#0	0
1435763#0	Q0	359802#0	0
1435763#0	Q0	1395950#11	0
1435763#0	Q0	1435019#0	0
1435763#0	Q0	1420841#0	0
1435763#0	Q0	1438829#0	0
1435763#0	Q0	359802#11	0
1442752#0	Q0	86293#6	1
1442752#0	Q0	86293#8	1
1442752#0	Q0	86293#60	1
1442752#0	Q0	4372511#2	1
1442752#0	Q0	86293#9	1
1442752#0	Q0	1210284#1	1
1442752#0	Q0	908#28	1
1442752#0	Q0	86293#67	1
1442752#0	Q0	86293#4	1
1442752#0	Q0	1210284#2	0
1443927#0	Q0	227442#0	1
1443927#0	Q0	227442#12	1
1443927#0	Q0	227442#9	1
1443927#0	Q0	9847329#0	1
1443927#0	Q0	227442#21	1
1443927#0	Q0	736492#4	1
1443927#0	Q0	50431#0	1
1443927#0	Q0	51814#12	1
1443927#0	Q0	227442#2	0
1443927#0	Q0	227442#4	0
1450065#0	Q0	241303#18	1
1450065#0	Q0	8579#1	1
1450065#0	Q0	687429#1	1
1450065#0	Q0	9449254#21	1
1450065#0	Q0	9449254#37	1
1450065#0	Q0	310037#23	1
1450065#0	Q0	8582#0	0
1450065#0	Q0	144665#4	0
1450065#0	Q0	320241#0	0
1450065#0	Q0	9449254#24	0
1452873#0	Q0	1452873#0	1
1452873#0	Q0	1452873#5	0
1452873#0	Q0	7256974#1	0
1452873#0	Q0	8773638#2	0
1452873#0	Q0	1452873#2	0
1452873#0	Q0	1452873#1	0
1452873#0	Q0	1061968#5	0
1452873#0	Q0	9587512#1	0
1452873#0	Q0	4329805#3	0
1452873#0	Q0	8484501#2	0
145709#0	Q0	319627#36	1
145709#0	Q0	10090291#3	0
145709#0	Q0	11630#92	0
145709#0	Q0	6528419#3	0
145709#0	Q0	319627#34	0
145709#0	Q0	8361700#21	0
145709#0	Q0	1084609#2	0
145709#0	Q0	6526963#23	0
145709#0	Q0	2349785#8	0
145709#0	Q0	9161520#0	0
1457250#0	Q0	3489#3	1
1457250#0	Q0	3489#0	1
1457250#0	Q0	3489#23	1
1457250#0	Q0	6488#9	1
1457250#0	Q0	3489#26	1
1457250#0	Q0	6125082#14	1
1457250#0	Q0	1554797#9	1
1457250#0	Q0	9563752#2	1
1457250#0	Q0	3489#30	0
1457250#0	Q0	3489#2	0
1460279#0	Q0	444410#6	1
1460279#0	Q0	444410#0	1
1460279#0	Q0	4136532#1	1
1460279#0	Q0	26451#13	1
1460279#0	Q0	600339#8	0
1460279#0	Q0	1152#62	0
1460279#0	Q0	4976815#5	0
1460279#0	Q0	4976815#4	0
1460279#0	Q0	444410#1	0
1460279#0	Q0	4136524#4	0
1460959#0	Q0	59143#2	1
1460959#0	Q0	9618630#94	1
1460959#0	Q0	59143#0	1
1460959#0	Q0	643565#15	1
1460959#0	Q0	556609#94	1
1460959#0	Q0	643565#0	1
1460959#0	Q0	9709806#2	1
1460959#0	Q0	882488#0	1
1460959#0	Q0	1460959#0	0
1460959#0	Q0	9966599#12	0
1468331#0	Q0	25590#0	1
1468331#0	Q0	4750355#1	0
1468331#0	Q0	25590#3	0
1468331#0	Q0	8732882#5	0
1468331#0	Q0	25590#2	0
1468331#0	Q0	4646296#12	0
1468331#0	Q0	1253368#15	0
1468331#0	Q0	9919695#3	0
1468331#0	Q0	25590#25	0
1468331#0	Q0	719#135	0
1470727#0	Q0	249554#23	1
1470727#0	Q0	6527273#25	1
1470727#0	Q0	7443738#15	1
1470727#0	Q0	698094#6	1
1470727#0	Q0	6527273#31	1
1470727#0	Q0	15515#32	1
1470727#0	Q0	6887117#21	0
1470727#0	Q0	9150450#22	0
1470727#0	Q0	5084540#1	0
1470727#0	Q0	299679#50	0
148005#0	Q0	9473808#0	1
148005#0	Q0	9473808#2	0
148005#0	Q0	5881624#1	0
148005#0	Q0	359737#0	0
148005#0	Q0	9473808#1	0
148005#0	Q0	9735902#1	0
148005#0	Q0	358843#3	0
148005#0	Q0	800721#19	0
148005#0	Q0	744380#10	0
148005#0	Q0	695821#0	0
1480180#0	Q0	23597#1	1
1480180#0	Q0	23597#38	0
1480180#0	Q0	23597#2	0
1480180#0	Q0	23597#7	0
1480180#0	Q0	23597#27	0
1480180#0	Q0	23597#9	0
1480180#0	Q0	23597#18	0
1480180#0	Q0	23597#30	0
1480180#0	Q0	23597#19	0
1480180#0	Q0	611242#1	0
1480981#0	Q0	8424325#0	1
1480981#0	Q0	8424325#4	1
1480981#0	Q0	8424325#1	1
1480981#0	Q0	684225#1	1
1480981#0	Q0	836655#8	0
1480981#0	Q0	484748#5	0
1480981#0	Q0	5809380#2	0
1480981#0	Q0	543085#15	0
1480981#0	Q0	7708697#2	0
1480981#0	Q0	543085#9	0
1483883#0	Q0	734396#43	1
1483883#0	Q0	3585753#1	1
1483883#0	Q0	2013883#6	1
1483883#0	Q0	2013883#3	1
1483883#0	Q0	314142#23	1
1483883#0	Q0	35763#36	0
1483883#0	Q0	3585753#12	0
1483883#0	Q0	1845645#1	0
1483883#0	Q0	13583#34	0
1483883#0	Q0	35785#64	0
1487957#0	Q0	9124199#11	1
1487957#0	Q0	149042#0	1
1487957#0	Q0	747915#12	1
1487957#0	Q0	15806#18	1
1487957#0	Q0	6905717#0	1
1487957#0	Q0	824040#13	1
1487957#0	Q0	288527#2	1
1487957#0	Q0	149042#29	1
1487957#0	Q0	253#41	0
1487957#0	Q0	31946#13	0
1489165#0	Q0	26869#1	1
1489165#0	Q0	26869#0	1
1489165#0	Q0	26869#31	1
1489165#0	Q0	26869#55	1
1489165#0	Q0	26869#62	1
1489165#0	Q0	1444#11	1
1489165#0	Q0	26869#49	1
1489165#0	Q0	26869#45	0
1489165#0	Q0	10041613#15	0
1489165#0	Q0	26869#63	0
1490337#0	Q0	5849158#8	1
1490337#0	Q0	9486277#1	0
1490337#0	Q0	4349406#2	0
1490337#0	Q0	322258#0	0
1490337#0	Q0	298700#43	0
1490337#0	Q0	6956819#0	0
1490337#0	Q0	135904#261	0
1490337#0	Q0	5813405#8	0
1490337#0	Q0	7591441#7	0
1490337#0	Q0	504685#1	0
1490780#0	Q0	3991#18	1
1490780#0	Q0	5061327#32	1
1490780#0	Q0	656215#9	1
1490780#0	Q0	2492524#19	1
1490780#0	Q0	7228000#2	1
1490780#0	Q0	1640268#40	1
1490780#0	Q0	1298688#7	1
1490780#0	Q0	66956#4	1
1490780#0	Q0	656245#0	1
1490780#0	Q0	1479058#1	1
1494020#0	Q0	7992106#2	1
1494020#0	Q0	7992106#3	1
1494020#0	Q0	556804#7	1
1494020#0	Q0	11634#8	1
1494020#0	Q0	556804#8	0
1494020#0	Q0	1376176#1	0
1494020#0	Q0	556804#3	0
1494020#0	Q0	165654#3	0
1494020#0	Q0	515544#0	0
1494020#0	Q0	1270743#6	0
1494705#0	Q0	2990032#5	1
1494705#0	Q0	4683697#24	1
1494705#0	Q0	18489#9	1
1494705#0	Q0	2138338#7	0
1494705#0	Q0	13445#24	0
1494705#0	Q0	4683697#23	0
1494705#0	Q0	3009957#27	0
1494705#0	Q0	4683697#29	0
1494705#0	Q0	4683697#25	0
1494705#0	Q0	4683697#14	0
1495854#0	Q0	11879#2	1
1495854#0	Q0	2286205#0	0
1495854#0	Q0	1493135#1	0
1495854#0	Q0	1197039#1	0
1495854#0	Q0	5101090#0	0
1495854#0	Q0	9786790#0	0
1495854#0	Q0	4210523#4	0
1495854#0	Q0	4210523#9	0
1495854#0	Q0	4210523#2	0
1495854#0	Q0	240162#8	0
1498284#0	Q0	11346#3	1
1498284#0	Q0	6150289#33	1
1498284#0	Q0	9714631#7	1
1498284#0	Q0	11346#27	0
1498284#0	Q0	8169936#41	0
1498284#0	Q0	9906608#2	0
1498284#0	Q0	6150289#66	0
1498284#0	Q0	6150289#11	0
1498284#0	Q0	9795614#0	0
1498284#0	Q0	11346#10	0
1499190#0	Q0	1336237#26	1
1499190#0	Q0	5509134#19	1
1499190#0	Q0	8784878#1	1
1499190#0	Q0	1336237#14	0
1499190#0	Q0	1336237#32	0
1499190#0	Q0	1336237#25	0
1499190#0	Q0	1336237#21	0
1499190#0	Q0	3587#217	0
1499190#0	Q0	2127#61	0
1499190#0	Q0	843975#0	0
1503004#0	Q0	43005#2	1
1503004#0	Q0	43005#36	1
1503004#0	Q0	20930#0	1
1503004#0	Q0	47003#21	1
1503004#0	Q0	3964447#0	0
1503004#0	Q0	9152758#7	0
1503004#0	Q0	81200#5	0
1503004#0	Q0	4875846#0	0
1503004#0	Q0	7675181#3	0
1503004#0	Q0	20930#48	0
150433#0	Q0	482824#0	1
150433#0	Q0	300806#1	1
150433#0	Q0	3204444#0	1
150433#0	Q0	3204444#1	0
150433#0	Q0	5230354#2	0
150433#0	Q0	3204444#2	0
150433#0	Q0	264260#2	0
150433#0	Q0	1044673#1	0
150433#0	Q0	150433#0	0
150433#0	Q0	2565636#6	0
1504368#0	Q0	1504368#0	1
1504368#0	Q0	10363#0	0
1504368#0	Q0	481342#3	0
1504368#0	Q0	5514151#24	0
1504368#0	Q0	2478475#0	0
1504368#0	Q0	8754720#0	0
1504368#0	Q0	6485268#6	0
1504368#0	Q0	7676232#0	0
1504368#0	Q0	980594#5	0
1504368#0	Q0	8828133#5	0
150467#0	Q0	199176#8	1
150467#0	Q0	1387699#45	1
150467#0	Q0	6100286#47	1
150467#0	Q0	6100286#14	1
150467#0	Q0	8274424#7	1
150467#0	Q0	8736621#6	1
150467#0	Q0	270874#4	1
150467#0	Q0	286609#3	0
150467#0	Q0	8556851#19	0
150467#0	Q0	4473#53	0
1505523#0	Q0	8261052#4	1
1505523#0	Q0	8261052#18	1
1505523#0	Q0	587324#26	0
1505523#0	Q0	1528378#18	0
1505523#0	Q0	3978356#9	0
1505523#0	Q0	55204#31	0
1505523#0	Q0	601656#38	0
1505523#0	Q0	2358839#8	0
1505523#0	Q0	160836#7	0
1505523#0	Q0	134597#14	0
1511029#0	Q0	7591662#1	1
1511029#0	Q0	2003865#10	1
1511029#0	Q0	2034571#3	1
1511029#0	Q0	7606084#0	1
1511029#0	Q0	8988638#19	1
1511029#0	Q0	4836506#22	0
1511029#0	Q0	9618466#3	0
1511029#0	Q0	9618466#0	0
1511029#0	Q0	7080797#0	0
1511029#0	Q0	919223#2	0
1521000#0	Q0	31880#0	1
1521000#0	Q0	1576926#1	1
1521000#0	Q0	268533#28	0
1521000#0	Q0	268533#34	0
1521000#0	Q0	268533#49	0
1521000#0	Q0	268533#35	0
1521000#0	Q0	10004#14	0
1521000#0	Q0	104876#15	0
1521000#0	Q0	125773#26	0
1521000#0	Q0	187745#35	0
1529503#0	Q0	7434571#6	1
1529503#0	Q0	276780#198	1
1529503#0	Q0	6964415#6	1
1529503#0	Q0	6827367#6	1
1529503#0	Q0	6864521#7	1
1529503#0	Q0	43164#36	1
1529503#0	Q0	8040460#3	1
1529503#0	Q0	3232874#66	0
1529503#0	Q0	4039406#7	0
1529503#0	Q0	6335851#29	0
1530111#0	Q0	8601158#19	1
1530111#0	Q0	47455#18	1
1530111#0	Q0	4464793#3	1
1530111#0	Q0	440009#24	1
1530111#0	Q0	7558428#2	1
1530111#0	Q0	4656455#80	1
1530111#0	Q0	6395664#2	1
1530111#0	Q0	1902114#2	0
1530111#0	Q0	15502#4	0
1530111#0	Q0	194218#11	0
1537476#0	Q0	692478#71	1
1537476#0	Q0	270024#20	1
1537476#0	Q0	268533#27	1
1537476#0	Q0	15343#0	1
1537476#0	Q0	19112#22	1
1537476#0	Q0	9417358#8	1
1537476#0	Q0	5090542#111	1
1537476#0	Q0	926382#23	0
1537476#0	Q0	6130558#1	0
1537476#0	Q0	7717851#8	0
1539470#0	Q0	94580#0	1
1539470#0	Q0	94580#3	1
1539470#0	Q0	94580#10	1
1539470#0	Q0	94580#20	1
1539470#0	Q0	94580#12	1
1539470#0	Q0	94580#26	1
1539470#0	Q0	94580#25	1
1539470#0	Q0	94580#27	1
1539470#0	Q0	94580#21	0
1539470#0	Q0	94580#28	0
154239#0	Q0	5345#27	1
154239#0	Q0	5345#23	1
154239#0	Q0	10038928#9	1
154239#0	Q0	17097#4	0
154239#0	Q0	5990610#9	0
154239#0	Q0	10115408#0	0
154239#0	Q0	10115408#10	0
154239#0	Q0	544553#10	0
154239#0	Q0	10115408#4	0
154239#0	Q0	6027909#10	0
1545165#0	Q0	539900#43	1
1545165#0	Q0	539900#0	1
1545165#0	Q0	7914522#35	1
1545165#0	Q0	539900#56	1
1545165#0	Q0	539900#9	1
1545165#0	Q0	539900#44	1
1545165#0	Q0	539900#8	1
1545165#0	Q0	539900#28	0
1545165#0	Q0	539900#1	0
1545165#0	Q0	539900#11	0
1545421#0	Q0	661355#0	1
1545421#0	Q0	881731#26	1
1545421#0	Q0	661355#7	1
1545421#0	Q0	661355#9	1
1545421#0	Q0	9145601#10	1
1545421#0	Q0	6449169#19	1
1545421#0	Q0	661355#16	0
1545421#0	Q0	661355#17	0
1545421#0	Q0	661355#1	0
1545421#0	Q0	661355#12	0
1546242#0	Q0	9876014#0	1
1546242#0	Q0	9094870#2	0
1546242#0	Q0	9503607#0	0
1546242#0	Q0	9094433#2	0
1546242#0	Q0	9876014#2	0
1546242#0	Q0	9274445#0	0
1546242#0	Q0	8528252#2	0
1546242#0	Q0	9972449#0	0
1546242#0	Q0	8779785#3	0
1546242#0	Q0	9730571#1	0
1547407#0	Q0	738179#4	1
1547407#0	Q0	721933#0	1
1547407#0	Q0	8613580#29	1
1547407#0	Q0	8613580#18	1
1547407#0	Q0	173553#63	0
1547407#0	Q0	5956858#1	0
1547407#0	Q0	5264090#6	0
1547407#0	Q0	10060845#5	0
1547407#0	Q0	9793311#31	0
1547407#0	Q0	1433675#17	0
1548136#0	Q0	4639142#13	1
1548136#0	Q0	8604855#6	1
1548136#0	Q0	4858667#13	1
1548136#0	Q0	8957870#3	1
1548136#0	Q0	5387823#11	0
1548136#0	Q0	5310699#4	0
1548136#0	Q0	8957870#16	0
1548136#0	Q0	4511949#15	0
1548136#0	Q0	4476960#4	0
1548136#0	Q0	5367840#6	0
1557751#0	Q0	4039235#0	1
1557751#0	Q0	4039235#4	1
1557751#0	Q0	4039235#6	1
1557751#0	Q0	5511#50	1
1557751#0	Q0	11215#124	1
1557751#0	Q0	4039235#5	1
1557751#0	Q0	4931998#6	1
1557751#0	Q0	6616268#48	1
1557751#0	Q0	4039235#3	0
1557751#0	Q0	4039235#2	0
1565551#0	Q0	9440296#3	1
1565551#0	Q0	9486561#22	0
1565551#0	Q0	3587351#51	0
1565551#0	Q0	9336423#18	0
1565551#0	Q0	9333598#6	0
1565551#0	Q0	4155277#9	0
1565551#0	Q0	2196587#2	0
1565551#0	Q0	509337#62	0
1565551#0	Q0	6511501#31	0
1565551#0	Q0	189658#3	0
156682#0	Q0	1201915#0	1
156682#0	Q0	5019884#1	1
156682#0	Q0	5019884#17	1
156682#0	Q0	240781#1	1
156682#0	Q0	240781#0	0
156682#0	Q0	240781#24	0
156682#0	Q0	240781#11	0
156682#0	Q0	5019884#35	0
156682#0	Q0	7628388#0	0
156682#0	Q0	5019884#0	0
1569992#0	Q0	872985#0	1
1569992#0	Q0	6065562#3	1
1569992#0	Q0	632220#2	1
1569992#0	Q0	872985#8	1
1569992#0	Q0	872985#33	0
1569992#0	Q0	872985#2	0
1569992#0	Q0	872985#14	0
1569992#0	Q0	7787133#3	0
1569992#0	Q0	872985#23	0
1569992#0	Q0	872985#32	0
1571407#0	Q0	917507#0	1
1571407#0	Q0	71#9	1
1571407#0	Q0	6041780#0	1
1571407#0	Q0	1647310#0	1
1571407#0	Q0	917507#1	1
1571407#0	Q0	1423071#6	1
1571407#0	Q0	94054#24	1
1571407#0	Q0	1423071#12	1
1571407#0	Q0	71#29	0
1571407#0	Q0	94063#3	0
1578015#0	Q0	1578015#116	1
1578015#0	Q0	1578015#39	0
1578015#0	Q0	1578015#35	0
1578015#0	Q0	1578015#5	0
1578015#0	Q0	1578015#28	0
1578015#0	Q0	6623751#17	0
1578015#0	Q0	80#76	0
1578015#0	Q0	4284929#5	0
1578015#0	Q0	1578015#37	0
1578015#0	Q0	1578015#101	0
1580652#0	Q0	270382#0	1
1580652#0	Q0	270382#3	1
1580652#0	Q0	2469109#1	0
1580652#0	Q0	26744#0	0
1580652#0	Q0	9917842#0	0
1580652#0	Q0	447874#0	0
1580652#0	Q0	5079605#2	0
1580652#0	Q0	270382#6	0
1580652#0	Q0	2863488#0	0
1580652#0	Q0	7843811#1	0
1584321#0	Q0	9595636#16	1
1584321#0	Q0	111097#3	0
1584321#0	Q0	218948#18	0
1584321#0	Q0	86293#25	0
1584321#0	Q0	870196#2	0
1584321#0	Q0	374009#1	0
1584321#0	Q0	9477606#18	0
1584321#0	Q0	276062#4	0
1584321#0	Q0	6567033#5	0
1584321#0	Q0	10077391#4	0
158449#0	Q0	52292#0	1
158449#0	Q0	142128#34	1
158449#0	Q0	9237#7	0
158449#0	Q0	2464806#2	0
158449#0	Q0	142128#37	0
158449#0	Q0	1134609#4	0
158449#0	Q0	7773705#11	0
158449#0	Q0	1804608#4	0
158449#0	Q0	3947150#2	0
158449#0	Q0	4622529#1	0
1586767#0	Q0	3964568#0	1
1586767#0	Q0	129656#0	1
1586767#0	Q0	859403#33	1
1586767#0	Q0	3634661#115	0
1586767#0	Q0	3964576#0	0
1586767#0	Q0	3964568#1	0
1586767#0	Q0	129656#5	0
1586767#0	Q0	129656#2	0
1586767#0	Q0	619442#25	0
1586767#0	Q0	3964576#1	0
1591585#0	Q0	26799#19	1
1591585#0	Q0	26799#20	1
1591585#0	Q0	39724#5	1
1591585#0	Q0	445333#6	0
1591585#0	Q0	8309079#1	0
1591585#0	Q0	10151584#2	0
1591585#0	Q0	26799#26	0
1591585#0	Q0	39726#9	0
1591585#0	Q0	432869#2	0
1591585#0	Q0	885361#4	0
15951#0	Q0	9127326#17	1
15951#0	Q0	7271#3	1
15951#0	Q0	2204#45	1
15951#0	Q0	392486#40	1
15951#0	Q0	6645440#3	1
15951#0	Q0	7271#18	1
15951#0	Q0	7271#22	1
15951#0	Q0	3327508#35	1
15951#0	Q0	646425#73	0
15951#0	Q0	707102#4	0
1599691#0	Q0	1560557#7	1
1599691#0	Q0	9847349#9	1
1599691#0	Q0	1298028#5	1
1599691#0	Q0	9986481#24	1
1599691#0	Q0	9125148#0	1
1599691#0	Q0	10016349#20	1
1599691#0	Q0	1560557#9	0
1599691#0	Q0	6340377#1	0
1599691#0	Q0	1560557#6	0
1599691#0	Q0	10026572#1	0
1603332#0	Q0	743296#2	1
1603332#0	Q0	63379#4	1
1603332#0	Q0	743296#10	1
1603332#0	Q0	743296#0	1
1603332#0	Q0	2275285#3	1
1603332#0	Q0	9740685#5	1
1603332#0	Q0	6617523#11	1
1603332#0	Q0	743296#12	0
1603332#0	Q0	8739#136	0
1603332#0	Q0	63379#5	0
16045#0	Q0	4647398#0	1
16045#0	Q0	144857#9	1
16045#0	Q0	6365784#0	1
16045#0	Q0	6995543#0	1
16045#0	Q0	1196510#1	1
16045#0	Q0	4065976#0	0
16045#0	Q0	4065976#1	0
16045#0	Q0	9456178#0	0
16045#0	Q0	9456178#1	0
16045#0	Q0	4065976#2	0
1606001#0	Q0	1459671#2	1
1606001#0	Q0	238055#0	1
1606001#0	Q0	551790#5	1
1606001#0	Q0	238055#6	1
1606001#0	Q0	310737#4	0
1606001#0	Q0	4898848#7	0
1606001#0	Q0	1829329#12	0
1606001#0	Q0	238055#15	0
1606001#0	Q0	3095689#2	0
1606001#0	Q0	238055#9	0
1611742#0	Q0	3099989#0	1
1611742#0	Q0	53263#2	1
1611742#0	Q0	6424270#9	1
1611742#0	Q0	53263#0	1
1611742#0	Q0	910666#73	1
1611742#0	Q0	53263#60	0
1611742#0	Q0	7937307#0	0
1611742#0	Q0	834162#9	0
1611742#0	Q0	80612#7	0
1611742#0	Q0	100228#44	0
1612037#0	Q0	7012572#4	1
1612037#0	Q0	3158839#11	1
1612037#0	Q0	7012572#0	1
1612037#0	Q0	6881722#20	1
1612037#0	Q0	7012572#1	1
1612037#0	Q0	227172#25	0
1612037#0	Q0	227172#19	0
1612037#0	Q0	227172#18	0
1612037#0	Q0	227172#0	0
1612037#0	Q0	8916776#3	0
1616562#0	Q0	12822#0	1
1616562#0	Q0	220087#0	0
1616562#0	Q0	5356104#144	0
1616562#0	Q0	1065521#7	0
1616562#0	Q0	130459#0	0
1616562#0	Q0	8984410#0	0
1616562#0	Q0	1106044#0	0
1616562#0	Q0	7792782#12	0
1616562#0	Q0	40463#0	0
1616562#0	Q0	2811#0	0
1616637#0	Q0	9530002#1	1
1616637#0	Q0	6551445#1	0
1616637#0	Q0	5460382#1	0
1616637#0	Q0	1616637#0	0
1616637#0	Q0	4695663#1	0
1616637#0	Q0	6096635#0	0
1616637#0	Q0	1479354#1	0
1616637#0	Q0	471601#1	0
1616637#0	Q0	6970556#0	0
1616637#0	Q0	9112535#1	0
162099#0	Q0	162099#0	1
162099#0	Q0	73640#9	1
162099#0	Q0	162099#6	1
162099#0	Q0	63970#46	1
162099#0	Q0	6548768#2	1
162099#0	Q0	10077352#12	1
162099#0	Q0	9481714#13	1
162099#0	Q0	162099#4	0
162099#0	Q0	9716358#10	0
162099#0	Q0	6957428#0	0
1621412#0	Q0	54298#6	1
1621412#0	Q0	825930#13	1
1621412#0	Q0	9051126#0	1
1621412#0	Q0	4468478#7	1
1621412#0	Q0	5609529#0	0
1621412#0	Q0	218487#19	0
1621412#0	Q0	9299497#3	0
1621412#0	Q0	9299497#4	0
1621412#0	Q0	6064159#5	0
1621412#0	Q0	6064159#3	0
162646#0	Q0	5472883#0	1
162646#0	Q0	603866#0	1
162646#0	Q0	323100#9	1
162646#0	Q0	9233040#0	1
162646#0	Q0	603866#1	1
162646#0	Q0	4772452#0	1
162646#0	Q0	323100#8	1
162646#0	Q0	1183908#5	0
162646#0	Q0	5472883#1	0
162646#0	Q0	603866#2	0
1629678#0	Q0	293#9	1
1629678#0	Q0	2060396#0	1
1629678#0	Q0	2060396#1	1
1629678#0	Q0	293#19	1
1629678#0	Q0	2060396#2	1
1629678#0	Q0	2060588#0	0
1629678#0	Q0	293#10	0
1629678#0	Q0	2060242#0	0
1629678#0	Q0	293#11	0
1629678#0	Q0	293#50	0
1638902#0	Q0	7486838#7	1
1638902#0	Q0	7486838#1	1
1638902#0	Q0	7486838#23	1
1638902#0	Q0	7486838#0	1
1638902#0	Q0	7486838#2	1
1638902#0	Q0	4785909#10	1
1638902#0	Q0	7486838#5	1
1638902#0	Q0	889150#3	1
1638902#0	Q0	7486838#70	0
1638902#0	Q0	7486838#68	0
163974#0	Q0	6423305#4	1
163974#0	Q0	2460766#1	0
163974#0	Q0	6423305#0	0
163974#0	Q0	7471778#0	0
163974#0	Q0	7412601#14	0
163974#0	Q0	2245492#1	0
163974#0	Q0	672530#7	0
163974#0	Q0	1089880#0	0
163974#0	Q0	7412662#1	0
163974#0	Q0	1087380#3	0
164416#0	Q0	7788#3	1
164416#0	Q0	116427#2	1
164416#0	Q0	116427#0	1
164416#0	Q0	116427#3	1
164416#0	Q0	998334#1	1
164416#0	Q0	7788#60	1
164416#0	Q0	2843485#3	1
164416#0	Q0	439917#32	1
164416#0	Q0	713491#3	1
164416#0	Q0	527878#10	0
1646502#0	Q0	8208245#16	1
1646502#0	Q0	9082346#35	1
1646502#0	Q0	247148#9	1
1646502#0	Q0	8208245#14	1
1646502#0	Q0	6877045#36	1
1646502#0	Q0	2214066#6	0
1646502#0	Q0	9503648#2	0
1646502#0	Q0	6877045#63	0
1646502#0	Q0	5015064#27	0
1646502#0	Q0	8210948#0	0
164698#0	Q0	584664#30	1
164698#0	Q0	4430#35	1
164698#0	Q0	1839712#7	0
164698#0	Q0	1891402#10	0
164698#0	Q0	584664#5	0
164698#0	Q0	4484851#2	0
164698#0	Q0	4776065#88	0
164698#0	Q0	4100136#2	0
164698#0	Q0	4724603#25	0
164698#0	Q0	5109097#7	0
16483#0	Q0	3809032#4	1
16483#0	Q0	46238#2	1
16483#0	Q0	650617#0	1
16483#0	Q0	2476004#62	1
16483#0	Q0	278165#9	1
16483#0	Q0	8931309#21	1
16483#0	Q0	105927#11	1
16483#0	Q0	252647#8	0
16483#0	Q0	8174351#1	0
16483#0	Q0	6806#0	0
1652456#0	Q0	35#36	1
1652456#0	Q0	9924281#2	1
1652456#0	Q0	47428#5	0
1652456#0	Q0	1840538#0	0
1652456#0	Q0	8964960#0	0
1652456#0	Q0	8488482#12	0
1652456#0	Q0	1388515#2	0
1652456#0	Q0	5988225#29	0
1652456#0	Q0	229770#44	0
1655886#0	Q0	62547#0	1
1655886#0	Q0	6555661#0	0
1655886#0	Q0	413048#0	0
1655886#0	Q0	4875178#0	0
1655886#0	Q0	6519884#0	0
1655886#0	Q0	6537238#0	0
1655886#0	Q0	2426155#0	0
1655886#0	Q0	2378407#0	0
1655886#0	Q0	6317708#2	0
1655886#0	Q0	6537255#0	0
1661441#0	Q0	189857#10	1
1661441#0	Q0	498723#6	1
1661441#0	Q0	498723#0	1
1661441#0	Q0	580245#1	1
1661441#0	Q0	189857#50	1
1661441#0	Q0	189857#23	0
1661441#0	Q0	189857#9	0
1661441#0	Q0	649404#2	0
1661441#0	Q0	6838232#4	0
1661441#0	Q0	337989#12	0
166149#0	Q0	6001264#2	1
166149#0	Q0	6001264#0	1
166149#0	Q0	6001264#5	1
166149#0	Q0	6001264#13	1
166149#0	Q0	6001264#6	1
166149#0	Q0	6001264#19	1
166149#0	Q0	6001264#21	0
166149#0	Q0	6001264#3	0
166149#0	Q0	6001264#23	0
166149#0	Q0	6001264#11	0
16633#0	Q0	394999#0	1
16633#0	Q0	3839#4	1
16633#0	Q0	5356104#102	1
16633#0	Q0	967#0	1
16633#0	Q0	119518#1	1
16633#0	Q0	62664#0	1
16633#0	Q0	5356104#101	1
16633#0	Q0	518014#0	0
16633#0	Q0	967#5	0
16633#0	Q0	1495532#5	0
1663433#0	Q0	170152#17	1
1663433#0	Q0	184472#15	0
1663433#0	Q0	796469#1	0
1663433#0	Q0	184472#0	0
1663433#0	Q0	184472#9	0
1663433#0	Q0	184472#13	0
1663433#0	Q0	17784#0	0
1663433#0	Q0	184472#12	0
1663433#0	Q0	184472#1	0
1663433#0	Q0	184472#39	0
1665627#0	Q0	33#2	1
1665627#0	Q0	3022#1	1
1665627#0	Q0	218948#10	1
1665627#0	Q0	17163#0	1
1665627#0	Q0	80#4	1
1665627#0	Q0	10301#67	1
1665627#0	Q0	6538#5	1
1665627#0	Q0	965778#33	1
1665627#0	Q0	6538#3	0
1665627#0	Q0	2054#2	0
1678731#0	Q0	3221417#0	1
1678731#0	Q0	5534638#0	1
1678731#0	Q0	3221417#1	1
1678731#0	Q0	709714#7	1
1678731#0	Q0	1241799#5	1
1678731#0	Q0	461601#14	1
1678731#0	Q0	658903#4	1
1678731#0	Q0	709714#2	1
1678731#0	Q0	7213565#6	1
1678731#0	Q0	709714#8	1
1681203#0	Q0	4185912#24	1
1681203#0	Q0	1041448#41	1
1681203#0	Q0	7416320#7	1
1681203#0	Q0	385719#21	1
1681203#0	Q0	1041448#5	0
1681203#0	Q0	6057509#39	0
1681203#0	Q0	7416320#1	0
1681203#0	Q0	622737#2	0
1681203#0	Q0	4294820#23	0
1681203#0	Q0	6513217#3	0
1686789#0	Q0	4121986#0	1
1686789#0	Q0	2281850#0	0
1686789#0	Q0	10054734#1	0
1686789#0	Q0	2281850#5	0
1686789#0	Q0	1051682#32	0
1686789#0	Q0	7742738#0	0
1686789#0	Q0	2281850#77	0
1686789#0	Q0	952701#50	0
1686789#0	Q0	210358#22	0
1686789#0	Q0	4903115#0	0
1688#0	Q0	265833#0	1
1688#0	Q0	494828#0	1
1688#0	Q0	10097972#0	1
1688#0	Q0	9438035#0	1
1688#0	Q0	265833#2	1
1688#0	Q0	306073#0	1
1688#0	Q0	265833#4	1
1688#0	Q0	461782#0	1
1688#0	Q0	4386400#0	1
1688#0	Q0	476303#0	1
1689169#0	Q0	631017#2	1
1689169#0	Q0	4992117#1	1
1689169#0	Q0	4992117#4	1
1689169#0	Q0	12819#13	1
1689169#0	Q0	70358#3	0
1689169#0	Q0	281999#4	0
1689169#0	Q0	115380#2	0
1689169#0	Q0	1159132#110	0
1689169#0	Q0	293627#1	0
1689169#0	Q0	13213#16	0
1689810#0	Q0	75919#19	1
1689810#0	Q0	7790#34	0
1689810#0	Q0	958479#3	0
1689810#0	Q0	4873606#1	0
1689810#0	Q0	324287#2	0
1689810#0	Q0	778639#4	0
1689810#0	Q0	856138#0	0
1689810#0	Q0	956093#6	0
1689810#0	Q0	75474#32	0
1689810#0	Q0	1271565#1	0
1692190#0	Q0	10167237#19	1
1692190#0	Q0	133363#3	1
1692190#0	Q0	309219#9	0
1692190#0	Q0	10355#31	0
1692190#0	Q0	2772683#0	0
1692190#0	Q0	10167237#18	0
1692190#0	Q0	1370808#28	0
1692190#0	Q0	1217185#2	0
1692190#0	Q0	1217185#0	0
1692190#0	Q0	306826#0	0
1693886#0	Q0	552416#2	1
1693886#0	Q0	4708024#1	1
1693886#0	Q0	710782#3	1
1693886#0	Q0	48495#10	1
1693886#0	Q0	710782#0	1
1693886#0	Q0	48495#0	1
1693886#0	Q0	757598#0	1
1693886#0	Q0	757598#1	1
1693886#0	Q0	3135286#3	1
1693886#0	Q0	1093210#21	1
1695674#0	Q0	354829#7	1
1695674#0	Q0	3154168#2	0
1695674#0	Q0	475113#12	0
1695674#0	Q0	5923256#2	0
1695674#0	Q0	176863#45	0
1695674#0	Q0	9365436#8	0
1695674#0	Q0	135904#261	0
1695674#0	Q0	7222068#3	0
1695674#0	Q0	505142#16	0
1695674#0	Q0	535064#8	0
1701816#0	Q0	211022#0	1
1701816#0	Q0	7487851#5	1
1701816#0	Q0	211022#2	1
1701816#0	Q0	6396#75	1
1701816#0	Q0	9742840#0	1
1701816#0	Q0	6205#9	1
1701816#0	Q0	211022#4	0
1701816#0	Q0	9742840#1	0
1701816#0	Q0	211022#7	0
1701816#0	Q0	211022#5	0
1704934#0	Q0	9461849#8	1
1704934#0	Q0	2307378#6	1
1704934#0	Q0	10074648#8	0
1704934#0	Q0	4438701#5	0
1704934#0	Q0	10013346#4	0
1704934#0	Q0	8657070#4	0
1704934#0	Q0	9519444#16	0
1704934#0	Q0	4685375#0	0
1704934#0	Q0	1573977#5	0
1704934#0	Q0	71744#30	0
1705032#0	Q0	240390#2	1
1705032#0	Q0	240390#0	1
1705032#0	Q0	634458#2	1
1705032#0	Q0	79866#17	0
1705032#0	Q0	54263#0	0
1705032#0	Q0	5063538#18	0
1705032#0	Q0	5436042#0	0
1705032#0	Q0	7092878#5	0
1705032#0	Q0	54263#5	0
1705032#0	Q0	4235345#3	0
1709822#0	Q0	14142#36	1
1709822#0	Q0	9096393#1	1
1709822#0	Q0	14142#15	1
1709822#0	Q0	981616#41	1
1709822#0	Q0	14142#4	1
1709822#0	Q0	14142#0	1
1709822#0	Q0	14142#13	1
1709822#0	Q0	1011789#0	1
1709822#0	Q0	14142#37	0
1709822#0	Q0	351766#4	0
171898#0	Q0	1023659#1	1
171898#0	Q0	9338160#15	1
171898#0	Q0	12923#2	1
171898#0	Q0	131126#10	1
171898#0	Q0	6251662#2	1
171898#0	Q0	13170#31	1
171898#0	Q0	8004576#3	0
171898#0	Q0	135948#42	0
171898#0	Q0	1381622#1	0
171898#0	Q0	7127243#9	0
1723989#0	Q0	3848#10	1
1723989#0	Q0	8067429#5	1
1723989#0	Q0	1263423#2	0
1723989#0	Q0	1722693#2	0
1723989#0	Q0	1263423#3	0
1723989#0	Q0	5721384#4	0
1723989#0	Q0	9300060#18	0
1723989#0	Q0	5638466#1	0
1723989#0	Q0	5721384#0	0
1723989#0	Q0	1729121#0	0
1726027#0	Q0	2528194#11	1
1726027#0	Q0	122661#21	1
1726027#0	Q0	603662#57	1
1726027#0	Q0	1103862#10	1
1726027#0	Q0	78186#34	1
1726027#0	Q0	890548#7	1
1726027#0	Q0	445710#13	0
1726027#0	Q0	420603#3	0
1726027#0	Q0	162093#0	0
1726027#0	Q0	78186#38	0
1726333#0	Q0	43333#0	1
1726333#0	Q0	43333#1	1
1726333#0	Q0	43333#2	1
1726333#0	Q0	43333#4	1
1726333#0	Q0	43333#3	1
1726333#0	Q0	2204#84	1
1726333#0	Q0	46189#6	0
1726333#0	Q0	46189#0	0
1726333#0	Q0	829877#2	0
1726333#0	Q0	46189#7	0
1728886#0	Q0	8487510#25	1
1728886#0	Q0	8487510#43	1
1728886#0	Q0	43005#42	1
1728886#0	Q0	98434#85	1
1728886#0	Q0	43005#15	0
1728886#0	Q0	8487510#49	0
1728886#0	Q0	8487510#34	0
1728886#0	Q0	10106603#0	0
1728886#0	Q0	8487510#35	0
1728886#0	Q0	9961641#2	0
1731015#0	Q0	41500#2	1
1731015#0	Q0	28627#0	1
1731015#0	Q0	41501#3	1
1731015#0	Q0	28627#1	1
1731015#0	Q0	4625193#9	1
1731015#0	Q0	41501#4	1
1731015#0	Q0	41501#0	1
1731015#0	Q0	41500#7	1
1731015#0	Q0	41500#17	1
1731015#0	Q0	41500#0	1
1740657#0	Q0	2594856#6	1
1740657#0	Q0	9522269#10	0
1740657#0	Q0	76158#6	0
1740657#0	Q0	76158#0	0
1740657#0	Q0	76158#3	0
1740657#0	Q0	1386593#1	0
1740657#0	Q0	76158#9	0
1740657#0	Q0	76158#7	0
1740657#0	Q0	9522269#0	0
1740657#0	Q0	9522269#3	0
1745856#0	Q0	1051908#0	1
1745856#0	Q0	1052394#0	1
1745856#0	Q0	1052406#0	1
1745856#0	Q0	1052430#0	1
1745856#0	Q0	1049972#0	1
1745856#0	Q0	1735253#1	1
1745856#0	Q0	1053532#0	1
1745856#0	Q0	544068#4	1
1745856#0	Q0	528625#1	1
1745856#0	Q0	9422278#0	1
1747828#0	Q0	2411423#0	1
1747828#0	Q0	1112661#17	1
1747828#0	Q0	6629298#4	1
1747828#0	Q0	7445098#2	1
1747828#0	Q0	19140#59	0
1747828#0	Q0	880673#19	0
1747828#0	Q0	1331011#8	0
1747828#0	Q0	5428075#2	0
1747828#0	Q0	8080463#4	0
1747828#0	Q0	1704844#0	0
1747936#0	Q0	4276478#0	1
1747936#0	Q0	4276478#7	1
1747936#0	Q0	4276478#9	1
1747936#0	Q0	4276478#10	1
1747936#0	Q0	661185#6	0
1747936#0	Q0	1756134#129	0
1747936#0	Q0	661185#11	0
1747936#0	Q0	1756134#259	0
1747936#0	Q0	5200127#16	0
1747936#0	Q0	813#41	0
1753104#0	Q0	159223#3	1
1753104#0	Q0	6604#50	1
1753104#0	Q0	7364#21	1
1753104#0	Q0	4104483#2	1
1753104#0	Q0	159308#0	1
1753104#0	Q0	159308#2	1
1753104#0	Q0	3595082#3	1
1753104#0	Q0	8746104#9	1
1753104#0	Q0	7364#17	1
1753104#0	Q0	160024#8	1
1754795#0	Q0	290743#6	1
1754795#0	Q0	6364472#2	1
1754795#0	Q0	579387#3	1
1754795#0	Q0	43032#58	1
1754795#0	Q0	1754795#0	0
1754795#0	Q0	57442#0	0
1754795#0	Q0	299383#3	0
1754795#0	Q0	57442#58	0
1754795#0	Q0	579387#2	0
1754795#0	Q0	57442#1	0
1756322#0	Q0	5698#242	1
1756322#0	Q0	194420#11	0
1756322#0	Q0	237742#4	0
1756322#0	Q0	477858#19	0
1756322#0	Q0	35#129	0
1756322#0	Q0	2931162#6	0
1756322#0	Q0	9677125#6	0
1756322#0	Q0	410#80	0
1756322#0	Q0	543884#0	0
1756322#0	Q0	1364386#3	0
1760033#0	Q0	27246#0	1
1760033#0	Q0	5383546#3	1
1760033#0	Q0	7059267#6	1
1760033#0	Q0	1479662#26	0
1760033#0	Q0	1443581#2	0
1760033#0	Q0	47098#4	0
1760033#0	Q0	1479662#38	0
1760033#0	Q0	7059267#3	0
1760033#0	Q0	107980#42	0
1760033#0	Q0	674732#1	0
1760063#0	Q0	5425#1	1
1760063#0	Q0	4075853#22	1
1760063#0	Q0	5425#3	1
1760063#0	Q0	2787781#1	1
1760063#0	Q0	7645141#0	1
1760063#0	Q0	240262#0	1
1760063#0	Q0	5425#0	0
1760063#0	Q0	239934#0	0
1760063#0	Q0	5425#5	0
1760063#0	Q0	763813#7	0
1769696#0	Q0	2306873#0	1
1769696#0	Q0	847061#0	1
1769696#0	Q0	1989407#0	1
1769696#0	Q0	249471#0	0
1769696#0	Q0	1186#1	0
1769696#0	Q0	1182#0	0
1769696#0	Q0	121445#7	0
1769696#0	Q0	43312#16	0
1769696#0	Q0	70549#1	0
1769696#0	Q0	530857#42	0
1770312#0	Q0	43312#13	1
1770312#0	Q0	460632#2	0
1770312#0	Q0	534531#3	0
1770312#0	Q0	644574#3	0
1770312#0	Q0	2203505#1	0
1770312#0	Q0	6955420#0	0
1770312#0	Q0	9575250#2	0
1770312#0	Q0	916937#2	0
1770312#0	Q0	4862023#1	0
1770312#0	Q0	1067223#2	0
1770528#0	Q0	7688547#14	1
1770528#0	Q0	9062400#7	1
1770528#0	Q0	3383933#158	1
1770528#0	Q0	7222#24	1
1770528#0	Q0	3383933#12	1
1770528#0	Q0	645953#218	0
1770528#0	Q0	469947#12	0
1770528#0	Q0	366109#10	0
1770528#0	Q0	58845#19	0
1770528#0	Q0	1891723#17	0
1772284#0	Q0	130505#5	1
1772284#0	Q0	123721#0	0
1772284#0	Q0	23050#33	0
1772284#0	Q0	9046220#5	0
1772284#0	Q0	123721#8	0
1772284#0	Q0	165408#19	0
1772284#0	Q0	123721#1	0
1772284#0	Q0	123721#5	0
1772284#0	Q0	73004#19	0
1772284#0	Q0	123721#2	0
1773280#0	Q0	2015435#2	1
1773280#0	Q0	2015435#3	1
1773280#0	Q0	314#20	1
1773280#0	Q0	2015435#9	1
1773280#0	Q0	268287#11	1
1773280#0	Q0	31835#3	0
1773280#0	Q0	268287#12	0
1773280#0	Q0	744621#0	0
1773280#0	Q0	268287#39	0
1773280#0	Q0	744621#7	0
177459#0	Q0	252940#2	1
177459#0	Q0	10046828#6	1
177459#0	Q0	8966482#0	0
177459#0	Q0	6070435#1	0
177459#0	Q0	1992977#15	0
177459#0	Q0	2755659#1	0
177459#0	Q0	1952333#6	0
177459#0	Q0	148407#36	0
177459#0	Q0	2755659#0	0
177459#0	Q0	656058#5	0
1774659#0	Q0	37865#7	1
1774659#0	Q0	37865#1	1
1774659#0	Q0	77653#7	1
1774659#0	Q0	77653#2	0
1774659#0	Q0	74368#2	0
1774659#0	Q0	5231097#1	0
1774659#0	Q0	7576422#1	0
1774659#0	Q0	314276#6	0
1774659#0	Q0	1450503#13	0
1774659#0	Q0	237388#4	0
1782244#0	Q0	2648513#1	1
1782244#0	Q0	2648513#3	1
1782244#0	Q0	6120747#4	1
1782244#0	Q0	15939#13	1
1782244#0	Q0	2648513#5	1
1782244#0	Q0	9166878#20	1
1782244#0	Q0	852510#1	1
1782244#0	Q0	7774077#3	1
1782244#0	Q0	2635624#5	0
1782244#0	Q0	8670329#11	0
1785967#0	Q0	5777177#2	1
1785967#0	Q0	7230412#19	1
1785967#0	Q0	116617#2	0
1785967#0	Q0	4778766#4	0
1785967#0	Q0	7916461#4	0
1785967#0	Q0	7151550#18	0
1785967#0	Q0	1140083#0	0
1785967#0	Q0	7230412#15	0
1785967#0	Q0	7916461#0	0
1785967#0	Q0	1009792#5	0
1787671#0	Q0	7792#30	1
1787671#0	Q0	226879#6	1
1787671#0	Q0	226879#1	1
1787671#0	Q0	258115#20	1
1787671#0	Q0	226879#5	0
1787671#0	Q0	226879#0	0
1787671#0	Q0	226879#4	0
1787671#0	Q0	1354322#1	0
1787671#0	Q0	7873590#0	0
1787671#0	Q0	5867819#0	0
178811#0	Q0	2309269#4	1
178811#0	Q0	31823#19	1
178811#0	Q0	122118#70	1
178811#0	Q0	1277563#3	1
178811#0	Q0	27073#89	1
178811#0	Q0	297503#0	1
178811#0	Q0	10657#114	1
178811#0	Q0	31823#27	0
178811#0	Q0	761979#6	0
178811#0	Q0	31823#17	0
1791114#0	Q0	6526972#0	1
1791114#0	Q0	845007#3	1
1791114#0	Q0	6968325#3	1
1791114#0	Q0	3258909#9	1
1791114#0	Q0	845007#0	1
1791114#0	Q0	304595#0	0
1791114#0	Q0	4563286#2	0
1791114#0	Q0	4563286#3	0
1791114#0	Q0	8824938#0	0
1791114#0	Q0	891851#0	0
1791872#0	Q0	1826#4	1
1791872#0	Q0	5833#24	0
1791872#0	Q0	204579#16	0
1791872#0	Q0	2952446#1	0
1791872#0	Q0	5066286#5	0
1791872#0	Q0	7280452#5	0
1791872#0	Q0	104257#7	0
1791872#0	Q0	5066286#6	0
1791872#0	Q0	7887293#1	0
1791872#0	Q0	7473611#1	0
1800895#0	Q0	39314#4	1
1800895#0	Q0	1360683#3	1
1800895#0	Q0	6218733#4	1
1800895#0	Q0	1360683#0	1
1800895#0	Q0	113089#18	1
1800895#0	Q0	57873#33	1
1800895#0	Q0	39314#8	1
1800895#0	Q0	261#29	1
1800895#0	Q0	39314#23	1
1800895#0	Q0	1360683#1	0
1806611#0	Q0	4403112#18	1
1806611#0	Q0	286157#20	1
1806611#0	Q0	48495#7	1
1806611#0	Q0	504457#31	1
1806611#0	Q0	231504#113	1
1806611#0	Q0	1436456#55	1
1806611#0	Q0	5183985#16	1
1806611#0	Q0	5206790#1	1
1806611#0	Q0	161686#39	1
1806611#0	Q0	97845#4	1
1810830#0	Q0	2466593#0	1
1810830#0	Q0	1386377#0	1
1810830#0	Q0	274171#0	1
1810830#0	Q0	274171#1	1
1810830#0	Q0	274171#6	1
1810830#0	Q0	274171#2	1
1810830#0	Q0	3980245#0	1
1810830#0	Q0	1387455#0	0
1810830#0	Q0	1475388#2	0
1810830#0	Q0	8565914#0	0
1812614#0	Q0	719387#19	1
1812614#0	Q0	4545657#2	1
1812614#0	Q0	2924185#5	1
1812614#0	Q0	4288834#0	1
1812614#0	Q0	5640452#70	1
1812614#0	Q0	2830552#7	1
1812614#0	Q0	667684#1	0
1812614#0	Q0	5640452#72	0
1812614#0	Q0	4586691#1	0
1812614#0	Q0	6271044#9	0
1813414#0	Q0	34526#13	1
1813414#0	Q0	1177312#3	1
1813414#0	Q0	2607958#0	1
1813414#0	Q0	34526#16	1
1813414#0	Q0	4013956#0	0
1813414#0	Q0	359379#11	0
1813414#0	Q0	1177312#18	0
1813414#0	Q0	1373370#6	0
1813414#0	Q0	11919#40	0
1813414#0	Q0	359379#14	0
1814385#0	Q0	562018#1	1
1814385#0	Q0	10757#79	1
1814385#0	Q0	10757#88	0
1814385#0	Q0	1046357#16	0
1814385#0	Q0	10757#27	0
1814385#0	Q0	10757#54	0
1814385#0	Q0	10757#90	0
1814385#0	Q0	10757#32	0
1814385#0	Q0	10757#100	0
1814385#0	Q0	10757#124	0
1815028#0	Q0	4692906#13	1
1815028#0	Q0	4692906#23	1
1815028#0	Q0	4692906#48	1
1815028#0	Q0	4692906#17	1
1815028#0	Q0	4692906#24	1
1815028#0	Q0	4692906#32	1
1815028#0	Q0	4692906#30	1
1815028#0	Q0	4692906#29	1
1815028#0	Q0	4692906#31	0
1815028#0	Q0	4692906#40	0
1815766#0	Q0	117109#0	1
1815766#0	Q0	441060#0	1
1815766#0	Q0	2829383#6	1
1815766#0	Q0	6998042#4	0
1815766#0	Q0	9842679#0	0
1815766#0	Q0	8509797#1	0
1815766#0	Q0	117109#3	0
1815766#0	Q0	8808179#0	0
1815766#0	Q0	4870659#9	0
1815766#0	Q0	1558540#3	0
1816851#0	Q0	7021004#1	1
1816851#0	Q0	1026989#4	1
1816851#0	Q0	1026989#5	1
1816851#0	Q0	1026989#0	1
1816851#0	Q0	1728305#1	1
1816851#0	Q0	1879590#5	0
1816851#0	Q0	7615646#51	0
1816851#0	Q0	853269#5	0
1816851#0	Q0	1885166#3	0
1816851#0	Q0	7022656#0	0
1819038#0	Q0	1819038#1	1
1819038#0	Q0	1819038#0	0
1819038#0	Q0	1819038#3	0
1819038#0	Q0	1819038#4	0
1819038#0	Q0	1819038#9	0
1819038#0	Q0	1819038#10	0
1819038#0	Q0	1819038#2	0
1819038#0	Q0	1819038#7	0
1819038#0	Q0	8896684#3	0
1819038#0	Q0	1819038#5	0
1820312#0	Q0	225435#7	1
1820312#0	Q0	2054808#0	1
1820312#0	Q0	1488506#0	1
1820312#0	Q0	225435#5	1
1820312#0	Q0	1924775#0	1
1820312#0	Q0	225435#30	1
1820312#0	Q0	329400#0	1
1820312#0	Q0	225435#6	1
1820312#0	Q0	1905288#12	1
1820312#0	Q0	4680941#5	0
182217#0	Q0	2216480#1	1
182217#0	Q0	166043#3	1
182217#0	Q0	510529#5	1
182217#0	Q0	81099#2	1
182217#0	Q0	69883#4	1
182217#0	Q0	239152#24	1
182217#0	Q0	174680#0	1
182217#0	Q0	510529#0	0
182217#0	Q0	921033#8	0
182217#0	Q0	8806412#1	0
1824409#0	Q0	2791904#0	1
1824409#0	Q0	2791904#3	1
1824409#0	Q0	2732863#0	0
1824409#0	Q0	2791904#49	0
1824409#0	Q0	102146#0	0
1824409#0	Q0	4162609#0	0
1824409#0	Q0	2806781#7	0
1824409#0	Q0	2791904#77	0
1824409#0	Q0	3549189#2	0
1824409#0	Q0	2791904#61	0
1828013#0	Q0	9321563#19	1
1828013#0	Q0	9405707#5	1
1828013#0	Q0	9405707#0	1
1828013#0	Q0	10015382#1	0
1828013#0	Q0	9362571#9	0
1828013#0	Q0	9753766#0	0
1828013#0	Q0	10091750#2	0
1828013#0	Q0	9321563#18	0
1828013#0	Q0	8227039#3	0
1828013#0	Q0	10091750#0	0
1833396#0	Q0	8933894#6	1
1833396#0	Q0	984780#4	0
1833396#0	Q0	36#49	0
1833396#0	Q0	7219619#26	0
1833396#0	Q0	3653759#6	0
1833396#0	Q0	5048408#0	0
1833396#0	Q0	3653759#2	0
1833396#0	Q0	7603383#0	0
1833396#0	Q0	984780#0	0
1833396#0	Q0	36#50	0
183411#0	Q0	8806046#12	1
183411#0	Q0	8806046#11	0
183411#0	Q0	183411#1	0
183411#0	Q0	9356486#16	0
183411#0	Q0	8215163#9	0
183411#0	Q0	8215163#8	0
183411#0	Q0	674571#3	0
183411#0	Q0	1449168#9	0
183411#0	Q0	6422401#1	0
183411#0	Q0	8128071#1	0
183667#0	Q0	448588#2	1
183667#0	Q0	448588#0	1
183667#0	Q0	1598307#15	1
183667#0	Q0	2507433#10	1
183667#0	Q0	2493513#5	1
183667#0	Q0	448588#3	1
183667#0	Q0	2507433#17	1
183667#0	Q0	2507433#8	1
183667#0	Q0	7385857#0	1
183667#0	Q0	2507433#1	1
1844630#0	Q0	471427#0	1
1844630#0	Q0	471427#1	0
1844630#0	Q0	9185691#1	0
1844630#0	Q0	9185691#0	0
1844630#0	Q0	232477#7	0
1844630#0	Q0	9879315#4	0
1844630#0	Q0	839266#2	0
1844630#0	Q0	232477#0	0
1844630#0	Q0	115829#28	0
1844630#0	Q0	625584#59	0
184555#0	Q0	15140#0	1
184555#0	Q0	15140#4	1
184555#0	Q0	15140#14	1
184555#0	Q0	15140#15	1
184555#0	Q0	4765#2	1
184555#0	Q0	4765#0	1
184555#0	Q0	135544#1	1
184555#0	Q0	15140#2	1
184555#0	Q0	261#0	1
184555#0	Q0	15140#1	1
1856366#0	Q0	98434#16	1
1856366#0	Q0	38552#64	1
1856366#0	Q0	3179271#4	1
1856366#0	Q0	276780#59	1
1856366#0	Q0	439637#8	1
1856366#0	Q0	2814404#3	1
1856366#0	Q0	1950218#0	1
1856366#0	Q0	3179271#5	1
1856366#0	Q0	38552#61	1
1856366#0	Q0	531714#1	1
185762#0	Q0	206514#19	1
185762#0	Q0	1403432#8	0
185762#0	Q0	46297#9	0
185762#0	Q0	2760371#12	0
185762#0	Q0	46297#16	0
185762#0	Q0	6305697#0	0
185762#0	Q0	4941781#11	0
185762#0	Q0	5962133#8	0
185762#0	Q0	8417490#1	0
185762#0	Q0	6470964#16	0
1857732#0	Q0	2998176#0	1
1857732#0	Q0	9166781#44	1
1857732#0	Q0	129549#14	1
1857732#0	Q0	9243548#3	1
1857732#0	Q0	2998176#17	0
1857732#0	Q0	7961857#10	0
1857732#0	Q0	473481#15	0
1857732#0	Q0	155916#3	0
1857732#0	Q0	2300110#7	0
1857732#0	Q0	2998176#7	0
1860236#0	Q0	1860236#2	1
1860236#0	Q0	1860236#1	1
1860236#0	Q0	1860236#0	1
1860236#0	Q0	5510195#1	0
1860236#0	Q0	1000783#3	0
1860236#0	Q0	808417#5	0
1860236#0	Q0	851682#5	0
1860236#0	Q0	7379850#4	0
1860236#0	Q0	6540240#14	0
1860236#0	Q0	3249497#4	0
186469#0	Q0	9398529#3	1
186469#0	Q0	9398529#6	1
186469#0	Q0	9398529#24	1
186469#0	Q0	1349124#4	1
186469#0	Q0	1837695#0	1
186469#0	Q0	1474585#11	1
186469#0	Q0	459513#11	1
186469#0	Q0	1837695#10	0
186469#0	Q0	4363700#1	0
186469#0	Q0	9398529#110	0
1878172#0	Q0	7659189#4	1
1878172#0	Q0	10013564#1	0
1878172#0	Q0	7373868#1	0
1878172#0	Q0	175492#18	0
1878172#0	Q0	175492#13	0
1878172#0	Q0	4604642#5	0
1878172#0	Q0	5956767#5	0
1878172#0	Q0	175492#33	0
1878172#0	Q0	3428606#76	0
1878172#0	Q0	2253454#2	0
188027#0	Q0	78430#12	1
188027#0	Q0	78430#2	1
188027#0	Q0	2051604#32	1
188027#0	Q0	2051604#34	1
188027#0	Q0	35363#24	1
188027#0	Q0	35363#34	0
188027#0	Q0	7673385#2	0
188027#0	Q0	80944#0	0
188027#0	Q0	5313459#1	0
188027#0	Q0	80461#0	0
1881708#0	Q0	326084#4	1
1881708#0	Q0	9670011#6	1
1881708#0	Q0	326084#5	1
1881708#0	Q0	326084#0	1
1881708#0	Q0	54707#0	1
1881708#0	Q0	7667156#8	1
1881708#0	Q0	54707#23	1
1881708#0	Q0	784332#11	0
1881708#0	Q0	38687#15	0
1881708#0	Q0	1057864#0	0
1884292#0	Q0	1737621#9	1
1884292#0	Q0	1737621#8	0
1884292#0	Q0	1737621#7	0
1884292#0	Q0	1737621#3	0
1884292#0	Q0	1737621#6	0
1884292#0	Q0	1737621#5	0
1884292#0	Q0	616961#10	0
1884292#0	Q0	1248680#11	0
1884292#0	Q0	1737621#10	0
1884292#0	Q0	716411#9	0
188583#0	Q0	1640658#9	1
188583#0	Q0	35493#3	1
188583#0	Q0	4266463#4	1
188583#0	Q0	1255269#1	1
188583#0	Q0	5221995#5	1
188583#0	Q0	7160925#2	1
188583#0	Q0	6285016#21	1
188583#0	Q0	10153913#5	1
188583#0	Q0	6438050#2	1
188583#0	Q0	5661813#3	1
188626#0	Q0	331480#16	1
188626#0	Q0	4992104#19	1
188626#0	Q0	4992104#12	1
188626#0	Q0	623678#2	1
188626#0	Q0	4992104#11	1
188626#0	Q0	355088#0	1
188626#0	Q0	271#64	1
188626#0	Q0	4992104#5	1
188626#0	Q0	623678#11	1
188626#0	Q0	1117237#0	1
1887004#0	Q0	1549093#17	1
1887004#0	Q0	1319435#8	1
1887004#0	Q0	3225925#0	1
1887004#0	Q0	1387145#8	0
1887004#0	Q0	185074#4	0
1887004#0	Q0	9268661#10	0
1887004#0	Q0	3618773#1	0
1887004#0	Q0	687273#1	0
1887004#0	Q0	5872988#7	0
1887004#0	Q0	1528886#1	0
1891158#0	Q0	659151#4	1
1891158#0	Q0	350327#7	1
1891158#0	Q0	7349#6	1
1891158#0	Q0	151252#53	1
1891158#0	Q0	653713#0	1
1891158#0	Q0	660338#2	0
1891158#0	Q0	660338#0	0
1891158#0	Q0	8562260#4	0
1891158#0	Q0	138014#23	0
1891158#0	Q0	1175772#5	0
1891388#0	Q0	11271#0	1
1891388#0	Q0	2730#69	1
1891388#0	Q0	11271#1	1
1891388#0	Q0	11271#2	1
1891388#0	Q0	175533#26	1
1891388#0	Q0	1010#23	1
1891388#0	Q0	2034#19	1
1891388#0	Q0	5950560#9	1
1891388#0	Q0	1117304#0	1
1891388#0	Q0	6038169#1	1
1897037#0	Q0	76529#53	1
1897037#0	Q0	76529#52	1
1897037#0	Q0	6207871#3	0
1897037#0	Q0	313829#4	0
1897037#0	Q0	76529#18	0
1897037#0	Q0	75474#37	0
1897037#0	Q0	1259458#3	0
1897037#0	Q0	885102#14	0
1897037#0	Q0	76529#31	0
1897037#0	Q0	746859#8	0
1901815#0	Q0	11343#0	1
1901815#0	Q0	11343#6	1
1901815#0	Q0	981705#0	1
1901815#0	Q0	1489493#8	0
1901815#0	Q0	1489493#0	0
1901815#0	Q0	202703#0	0
1901815#0	Q0	9851384#0	0
1901815#0	Q0	11343#69	0
1901815#0	Q0	7303137#13	0
1901815#0	Q0	11343#48	0
1906881#0	Q0	837274#21	1
1906881#0	Q0	837274#22	1
1906881#0	Q0	1615527#1	1
1906881#0	Q0	82700#2	0
1906881#0	Q0	10006430#27	0
1906881#0	Q0	8060395#49	0
1906881#0	Q0	10078277#2	0
1906881#0	Q0	9898017#0	0
1906881#0	Q0	10092316#3	0
1906881#0	Q0	10092316#0	0
1914238#0	Q0	108766#0	1
1914238#0	Q0	8118104#12	1
1914238#0	Q0	3020903#5	1
1914238#0	Q0	3020816#3	1
1914238#0	Q0	483877#0	1
1914238#0	Q0	6156567#5	0
1914238#0	Q0	859534#23	0
1914238#0	Q0	108766#11	0
1914238#0	Q0	10876#16	0
1914238#0	Q0	108766#26	0
1920853#0	Q0	6199322#0	1
1920853#0	Q0	4780#2	1
1920853#0	Q0	113132#4	1
1920853#0	Q0	4780#7	1
1920853#0	Q0	4780#0	0
1920853#0	Q0	9244727#0	0
1920853#0	Q0	4780#24	0
1920853#0	Q0	6013747#0	0
1920853#0	Q0	9244727#1	0
1920853#0	Q0	1147951#1	0
1924938#0	Q0	6341359#0	1
1924938#0	Q0	4015#142	1
1924938#0	Q0	8680420#1	1
1924938#0	Q0	9876439#0	1
1924938#0	Q0	644708#0	1
1924938#0	Q0	7035761#3	1
1924938#0	Q0	4015#139	1
1924938#0	Q0	5209469#0	0
1924938#0	Q0	206964#0	0
1924938#0	Q0	7035761#0	0
1926993#0	Q0	713557#9	1
1926993#0	Q0	4528458#0	1
1926993#0	Q0	9301101#1	1
1926993#0	Q0	524770#2	1
1926993#0	Q0	9301101#3	1
1926993#0	Q0	8883546#2	1
1926993#0	Q0	258117#6	1
1926993#0	Q0	4528458#3	1
1926993#0	Q0	9899643#1	1
1926993#0	Q0	267312#15	1
19337#0	Q0	1271366#3	1
19337#0	Q0	1271366#0	1
19337#0	Q0	1271366#5	1
19337#0	Q0	60172#5	0
19337#0	Q0	9832690#0	0
19337#0	Q0	1271366#84	0
19337#0	Q0	1271366#15	0
19337#0	Q0	4648593#1	0
19337#0	Q0	1271366#63	0
19337#0	Q0	5491428#3	0
1937594#0	Q0	3090759#0	1
1937594#0	Q0	508268#0	1
1937594#0	Q0	11982#1	1
1937594#0	Q0	9568411#4	1
1937594#0	Q0	11982#0	1
1937594#0	Q0	11982#66	1
1937594#0	Q0	7079831#0	0
1937594#0	Q0	9870772#0	0
1937594#0	Q0	508268#3	0
1937594#0	Q0	508268#4	0
1939633#0	Q0	39890#0	1
1939633#0	Q0	8868522#6	1
1939633#0	Q0	387413#8	1
1939633#0	Q0	6591067#5	1
1939633#0	Q0	6415246#6	0
1939633#0	Q0	9992115#0	0
1939633#0	Q0	2271658#6	0
1939633#0	Q0	98235#4	0
1939633#0	Q0	98235#9	0
1939633#0	Q0	39890#2	0
1947706#0	Q0	678062#0	1
1947706#0	Q0	678062#4	1
1947706#0	Q0	82089#5	1
1947706#0	Q0	678062#6	1
1947706#0	Q0	72401#2	1
1947706#0	Q0	82089#0	0
1947706#0	Q0	82089#15	0
1947706#0	Q0	2414144#7	0
1947706#0	Q0	83186#3	0
1947706#0	Q0	1233482#3	0
1948391#0	Q0	48883#0	1
1948391#0	Q0	48883#7	0
1948391#0	Q0	48883#9	0
1948391#0	Q0	4512721#0	0
1948391#0	Q0	9967782#0	0
1948391#0	Q0	2073196#0	0
1948391#0	Q0	9867342#0	0
1948391#0	Q0	8794779#0	0
1948391#0	Q0	4532112#0	0
1948391#0	Q0	4864585#0	0
19625#0	Q0	16352#5	1
19625#0	Q0	334062#0	1
19625#0	Q0	15988#19	1
19625#0	Q0	8100666#0	0
19625#0	Q0	334062#16	0
19625#0	Q0	15988#18	0
19625#0	Q0	110229#188	0
19625#0	Q0	15988#20	0
19625#0	Q0	16352#42	0
19625#0	Q0	178362#10	0
1971825#0	Q0	494828#0	1
1971825#0	Q0	461782#0	1
1971825#0	Q0	265833#2	1
1971825#0	Q0	265833#0	1
1971825#0	Q0	265833#4	1
1971825#0	Q0	7561399#2	1
1971825#0	Q0	10097972#0	1
1971825#0	Q0	1673#0	0
1971825#0	Q0	494828#3	0
1971825#0	Q0	494828#5	0
1972984#0	Q0	183508#42	1
1972984#0	Q0	639698#41	1
1972984#0	Q0	6538096#2	1
1972984#0	Q0	5685804#99	1
1972984#0	Q0	8442197#4	1
1972984#0	Q0	3585753#14	1
1972984#0	Q0	624257#0	1
1972984#0	Q0	5685804#66	1
1972984#0	Q0	3585753#6	1
1972984#0	Q0	624257#5	1
1975122#0	Q0	56832#0	1
1975122#0	Q0	56832#1	1
1975122#0	Q0	56832#2	0
1975122#0	Q0	11176#3	0
1975122#0	Q0	7174502#1	0
1975122#0	Q0	3413425#4	0
1975122#0	Q0	83697#1	0
1975122#0	Q0	640330#3	0
1975122#0	Q0	1896621#15	0
1975122#0	Q0	12476#79	0
1977560#0	Q0	52721#38	1
1977560#0	Q0	52721#41	1
1977560#0	Q0	52721#0	1
1977560#0	Q0	52721#37	1
1977560#0	Q0	52721#22	1
1977560#0	Q0	231126#1	1
1977560#0	Q0	52721#39	0
1977560#0	Q0	4977889#0	0
1977560#0	Q0	52721#40	0
1977560#0	Q0	52721#28	0
1979003#0	Q0	1979003#0	1
1979003#0	Q0	1989423#1	0
1979003#0	Q0	1989423#2	0
1979003#0	Q0	1979003#1	0
1979003#0	Q0	1556332#5	0
1979003#0	Q0	259536#1	0
1979003#0	Q0	2492489#2	0
1979003#0	Q0	2117643#1	0
1979003#0	Q0	170103#5	0
1979003#0	Q0	1363128#1	0
1988061#0	Q0	245337#0	1
1988061#0	Q0	7437#8	1
1988061#0	Q0	9614937#2	1
1988061#0	Q0	245337#12	0
1988061#0	Q0	245337#4	0
1988061#0	Q0	245337#10	0
1988061#0	Q0	245337#11	0
1988061#0	Q0	4065933#22	0
1988061#0	Q0	245337#5	0
1988061#0	Q0	3732212#4	0
199564#0	Q0	7221#0	1
199564#0	Q0	7221#34	1
199564#0	Q0	7221#24	1
199564#0	Q0	7221#3	1
199564#0	Q0	7221#58	1
199564#0	Q0	7221#1	1
199564#0	Q0	7221#20	1
199564#0	Q0	7221#2	1
199564#0	Q0	2525713#43	1
199564#0	Q0	7970065#3	0
199648#0	Q0	322483#3	1
199648#0	Q0	226305#34	1
199648#0	Q0	1480834#4	1
199648#0	Q0	2102431#8	1
199648#0	Q0	1480834#3	1
199648#0	Q0	1482235#3	1
199648#0	Q0	226305#25	1
199648#0	Q0	5323147#0	0
199648#0	Q0	1480834#84	0
1998061#0	Q0	149041#18	1
1998061#0	Q0	505142#7	0
1998061#0	Q0	344736#5	0
1998061#0	Q0	9162410#0	0
1998061#0	Q0	6623337#1	0
1998061#0	Q0	2450765#0	0
1998061#0	Q0	4668667#1	0
1998061#0	Q0	7637319#7	0
1998061#0	Q0	78739#16	0
1998061#0	Q0	4865106#13	0
2016178#0	Q0	6423670#52	1
2016178#0	Q0	6423670#0	1
2016178#0	Q0	6423670#37	1
2016178#0	Q0	6423670#27	1
2016178#0	Q0	6423670#47	1
2016178#0	Q0	6423670#7	1
2016178#0	Q0	6423670#69	1
2016178#0	Q0	6423670#1	1
2016178#0	Q0	6423670#57	0
2016178#0	Q0	6423670#29	0
2025710#0	Q0	796888#6	1
2025710#0	Q0	7790#17	1
2025710#0	Q0	9237661#16	1
2025710#0	Q0	1903639#0	1
2025710#0	Q0	9460218#0	1
2025710#0	Q0	8170871#1	1
2025710#0	Q0	7146253#0	0
2025710#0	Q0	5222190#28	0
2025710#0	Q0	9460218#5	0
2025710#0	Q0	4348286#11	0
2028034#0	Q0	5412928#8	1
2028034#0	Q0	5812331#0	1
2028034#0	Q0	10126035#3	1
2028034#0	Q0	2487243#18	1
2028034#0	Q0	9729#12	0
2028034#0	Q0	187#1	0
2028034#0	Q0	4328069#0	0
2028034#0	Q0	522629#11	0
2028034#0	Q0	8480008#1	0
2028034#0	Q0	1239#0	0
2031228#0	Q0	151742#9	1
2031228#0	Q0	1155102#13	1
2031228#0	Q0	17617#17	1
2031228#0	Q0	7307560#13	1
2031228#0	Q0	339424#1	1
2031228#0	Q0	151742#8	1
2031228#0	Q0	339424#4	1
2031228#0	Q0	17617#15	1
2031228#0	Q0	639074#1	0
2031228#0	Q0	570070#45	0
203978#0	Q0	3174664#25	1
203978#0	Q0	31860#22	1
203978#0	Q0	3174664#0	1
203978#0	Q0	3174664#1	1
203978#0	Q0	168331#29	1
203978#0	Q0	3174664#17	1
203978#0	Q0	3156690#6	1
203978#0	Q0	3174664#20	1
203978#0	Q0	3174664#4	1
203978#0	Q0	3174664#37	1
2043255#0	Q0	938404#2	1
2043255#0	Q0	938404#9	1
2043255#0	Q0	938404#5	1
2043255#0	Q0	749262#23	1
2043255#0	Q0	938404#0	1
2043255#0	Q0	938404#3	1
2043255#0	Q0	938404#1	1
2043255#0	Q0	938404#12	0
2043255#0	Q0	938404#6	0
2043255#0	Q0	8263712#20	0
2048771#0	Q0	5825428#0	1
2048771#0	Q0	33757#14	1
2048771#0	Q0	1288980#7	0
2048771#0	Q0	7604732#2	0
2048771#0	Q0	163058#3	0
2048771#0	Q0	6994498#3	0
2048771#0	Q0	6833517#3	0
2048771#0	Q0	4824979#8	0
2048771#0	Q0	882368#6	0
2048771#0	Q0	1255005#4	0
2049861#0	Q0	72355#0	1
2049861#0	Q0	64232#45	1
2049861#0	Q0	74498#6	1
2049861#0	Q0	64232#44	1
2049861#0	Q0	50885#14	1
2049861#0	Q0	8939232#3	1
2049861#0	Q0	2024066#7	1
2049861#0	Q0	250494#16	1
2049861#0	Q0	2024066#0	1
2049861#0	Q0	72355#2	0
2050279#0	Q0	996811#11	1
2050279#0	Q0	996811#5	1
2050279#0	Q0	996811#14	1
2050279#0	Q0	924356#38	1
2050279#0	Q0	8255#3	0
2050279#0	Q0	996811#3	0
2050279#0	Q0	31823#0	0
2050279#0	Q0	996811#9	0
2050279#0	Q0	1832#8	0
2050279#0	Q0	1277563#3	0
2054241#0	Q0	11903#35	1
2054241#0	Q0	73004#2	1
2054241#0	Q0	18993#0	1
2054241#0	Q0	36799#28	1
2054241#0	Q0	18993#3	1
2054241#0	Q0	72661#12	1
2054241#0	Q0	11903#8	1
2054241#0	Q0	4609443#0	1
2054241#0	Q0	1965902#0	1
2054241#0	Q0	18993#8	0
2054866#0	Q0	1251318#6	1
2054866#0	Q0	26183#51	1
2054866#0	Q0	199961#3	1
2054866#0	Q0	199661#16	0
2054866#0	Q0	134274#43	0
2054866#0	Q0	6434389#23	0
2054866#0	Q0	2309269#6	0
2054866#0	Q0	1159102#6	0
2057512#0	Q0	3607656#52	1
2057512#0	Q0	6186038#2	1
2057512#0	Q0	1628667#68	1
2057512#0	Q0	1313#16	1
2057512#0	Q0	10166960#1	1
2057512#0	Q0	5309002#3	1
2057512#0	Q0	128693#95	0
2057512#0	Q0	1313#9	0
2057512#0	Q0	9747357#6	0
2057512#0	Q0	1313#3	0
205973#0	Q0	205973#4	1
205973#0	Q0	205973#3	1
205973#0	Q0	205973#2	1
205973#0	Q0	205973#0	0
205973#0	Q0	5578741#1	0
205973#0	Q0	10075438#0	0
205973#0	Q0	10030779#2	0
205973#0	Q0	10023526#0	0
205973#0	Q0	432563#2	0
205973#0	Q0	3552211#1	0
2060399#0	Q0	1873199#4	1
2060399#0	Q0	335293#0	1
2060399#0	Q0	335293#2	1
2060399#0	Q0	3111694#0	1
2060399#0	Q0	335293#8	0
2060399#0	Q0	335293#6	0
2060399#0	Q0	335293#4	0
2060399#0	Q0	335293#3	0
2060399#0	Q0	335293#7	0
2060399#0	Q0	38566#9	0
206443#0	Q0	86974#0	1
206443#0	Q0	86945#33	1
206443#0	Q0	86974#10	1
206443#0	Q0	86945#0	1
206443#0	Q0	8557470#0	1
206443#0	Q0	86974#1	1
206443#0	Q0	6216668#0	1
206443#0	Q0	86974#7	0
206443#0	Q0	86974#6	0
206443#0	Q0	86945#21	0
2065215#0	Q0	478407#0	1
2065215#0	Q0	478407#1	1
2065215#0	Q0	284041#1	1
2065215#0	Q0	98043#9	1
2065215#0	Q0	31704#1	0
2065215#0	Q0	174220#20	0
2065215#0	Q0	2557463#0	0
2065215#0	Q0	9803098#2	0
2065215#0	Q0	1278374#0	0
2065215#0	Q0	7289313#5	0
2068760#0	Q0	11343#6	1
2068760#0	Q0	111195#3	1
2068760#0	Q0	1309590#12	1
2068760#0	Q0	11343#69	1
2068760#0	Q0	2369984#22	1
2068760#0	Q0	11343#79	0
2068760#0	Q0	1547277#0	0
2068760#0	Q0	952701#31	0
2068760#0	Q0	2368009#71	0
2068760#0	Q0	952701#23	0
2076721#0	Q0	2080252#1	1
2076721#0	Q0	855458#1	1
2076721#0	Q0	2080252#2	1
2076721#0	Q0	446044#34	1
2076721#0	Q0	271784#0	1
2076721#0	Q0	271784#7	1
2076721#0	Q0	9483973#2	0
2076721#0	Q0	858332#1	0
2076721#0	Q0	459088#22	0
2076721#0	Q0	812692#2	0
2080108#0	Q0	193479#0	1
2080108#0	Q0	193479#7	0
2080108#0	Q0	60765#9	0
2080108#0	Q0	439159#1	0
2080108#0	Q0	4942087#1	0
2080108#0	Q0	60765#31	0
2080108#0	Q0	60765#11	0
2080108#0	Q0	4942087#0	0
2080108#0	Q0	1791#31	0
2080108#0	Q0	193479#40	0
208376#0	Q0	3285#4	1
208376#0	Q0	2962413#0	1
208376#0	Q0	3285#0	1
208376#0	Q0	3285#64	1
208376#0	Q0	3285#27	1
208376#0	Q0	3285#25	1
208376#0	Q0	5294424#78	1
208376#0	Q0	3285#15	1
208376#0	Q0	90031#0	1
208376#0	Q0	5350283#0	0
2084123#0	Q0	1100611#0	1
2084123#0	Q0	1379209#10	1
2084123#0	Q0	1100611#2	1
2084123#0	Q0	1316676#43	1
2084123#0	Q0	248655#16	1
2084123#0	Q0	153836#12	1
2084123#0	Q0	1100611#4	1
2084123#0	Q0	2189888#2	0
2084123#0	Q0	1126002#6	0
2084123#0	Q0	411707#23	0
2085064#0	Q0	2199104#10	1
2085064#0	Q0	66321#0	1
2085064#0	Q0	1563552#3	1
2085064#0	Q0	1547868#1	1
2085064#0	Q0	2463665#3	0
2085064#0	Q0	1004602#2	0
2085064#0	Q0	6334525#19	0
2085064#0	Q0	6334525#22	0
2085064#0	Q0	66321#12	0
2085064#0	Q0	217057#29	0
2087348#0	Q0	34342#18	1
2087348#0	Q0	34342#53	1
2087348#0	Q0	34342#67	1
2087348#0	Q0	34342#55	1
2087348#0	Q0	4149587#1	1
2087348#0	Q0	34342#69	1
2087348#0	Q0	208138#5	0
2087348#0	Q0	217607#6	0
2087348#0	Q0	7234357#2	0
2087348#0	Q0	34342#6	0
209695#0	Q0	9137631#6	1
209695#0	Q0	9137631#2	0
209695#0	Q0	9137631#1	0
209695#0	Q0	9137631#9	0
209695#0	Q0	1597179#25	0
209695#0	Q0	9137631#7	0
209695#0	Q0	9137631#5	0
209695#0	Q0	9137631#4	0
209695#0	Q0	9279190#33	0
209695#0	Q0	705947#0	0
2108099#0	Q0	205821#3	1
2108099#0	Q0	1002041#12	1
2108099#0	Q0	1002041#11	1
2108099#0	Q0	2108099#2	1
2108099#0	Q0	1095090#3	1
2108099#0	Q0	2443233#2	1
2108099#0	Q0	3095125#3	1
2108099#0	Q0	2124867#1	1
2108099#0	Q0	450000#10	1
2108099#0	Q0	2108099#49	1
2130756#0	Q0	13201#11	1
2130756#0	Q0	13201#9	1
2130756#0	Q0	13201#1	0
2130756#0	Q0	663932#12	0
2130756#0	Q0	6874945#11	0
2130756#0	Q0	13201#13	0
2130756#0	Q0	4206106#14	0
2130756#0	Q0	6496567#2	0
2130756#0	Q0	1952241#2	0
2130756#0	Q0	13201#14	0
2135992#0	Q0	4210034#0	1
2135992#0	Q0	4225875#0	1
2135992#0	Q0	4225868#0	1
2135992#0	Q0	269954#7	1
2135992#0	Q0	2006834#0	0
2135992#0	Q0	4209999#0	0
2135992#0	Q0	4225322#0	0
2135992#0	Q0	626235#0	0
2135992#0	Q0	8552694#0	0
2135992#0	Q0	9743696#0	0
2144253#0	Q0	788831#6	1
2144253#0	Q0	1409362#0	1
2144253#0	Q0	3729#21	1
2144253#0	Q0	135400#0	1
2144253#0	Q0	209854#18	1
2144253#0	Q0	415487#127	1
2144253#0	Q0	135400#9	1
2144253#0	Q0	7752230#40	1
2144253#0	Q0	386130#2	1
2144253#0	Q0	229820#3	0
2144377#0	Q0	78430#3	1
2144377#0	Q0	933260#1	1
2144377#0	Q0	35363#5	1
2144377#0	Q0	933260#0	1
2144377#0	Q0	7209982#0	1
2144377#0	Q0	1631640#4	1
2144377#0	Q0	933260#21	0
2144377#0	Q0	933260#20	0
2144377#0	Q0	933260#11	0
2144377#0	Q0	933260#30	0
2148141#0	Q0	129534#1	1
2148141#0	Q0	1474313#1	1
2148141#0	Q0	347248#20	1
2148141#0	Q0	129534#9	1
2148141#0	Q0	129534#3	1
2148141#0	Q0	129534#4	0
2148141#0	Q0	67397#0	0
2148141#0	Q0	289992#12	0
2148141#0	Q0	6001358#1	0
2148141#0	Q0	129534#33	0
2151128#0	Q0	56227#33	1
2151128#0	Q0	56227#36	1
2151128#0	Q0	1830649#0	0
2151128#0	Q0	2151146#1	0
2151128#0	Q0	4278375#6	0
2151128#0	Q0	7079544#5	0
2151128#0	Q0	9572397#5	0
2151128#0	Q0	56227#46	0
2151128#0	Q0	56227#99	0
2151128#0	Q0	7079544#4	0
2154622#0	Q0	197259#0	1
2154622#0	Q0	2432787#9	1
2154622#0	Q0	7367129#2	1
2154622#0	Q0	2432787#29	1
2154622#0	Q0	4408#21	1
2154622#0	Q0	4408#0	1
2154622#0	Q0	278806#0	1
2154622#0	Q0	1319465#1	1
2154622#0	Q0	358275#0	1
2154622#0	Q0	4930980#10	1
2163609#0	Q0	2074608#14	1
2163609#0	Q0	2074608#0	1
2163609#0	Q0	2074608#2	1
2163609#0	Q0	2074608#15	1
2163609#0	Q0	237060#4	1
2163609#0	Q0	2074608#13	0
2163609#0	Q0	510361#24	0
2163609#0	Q0	9255904#4	0
2163609#0	Q0	2074608#22	0
2163609#0	Q0	4508805#85	0
216767#0	Q0	9965388#2	1
216767#0	Q0	6413361#4	1
216767#0	Q0	8777407#15	1
216767#0	Q0	2210324#6	1
216767#0	Q0	7310760#13	1
216767#0	Q0	105828#5	1
216767#0	Q0	9856747#31	1
216767#0	Q0	8902304#24	1
216767#0	Q0	31928#2	0
216767#0	Q0	5327506#3	0
2175221#0	Q0	168271#15	1
2175221#0	Q0	6612634#8	1
2175221#0	Q0	8243132#1	1
2175221#0	Q0	168271#9	1
2175221#0	Q0	8157071#142	0
2175221#0	Q0	168271#2	0
2175221#0	Q0	317875#46	0
2175221#0	Q0	168271#26	0
2175221#0	Q0	168271#14	0
2175221#0	Q0	168271#37	0
2177742#0	Q0	2177742#4	1
2177742#0	Q0	2177742#2	1
2177742#0	Q0	2177742#60	1
2177742#0	Q0	2177742#57	1
2177742#0	Q0	2177742#62	1
2177742#0	Q0	2177742#61	1
2177742#0	Q0	2177742#5	1
2177742#0	Q0	2177742#32	1
2177742#0	Q0	2177742#25	1
2177742#0	Q0	2196678#11	0
2190765#0	Q0	5548#0	1
2190765#0	Q0	4106#1	1
2190765#0	Q0	1830#76	1
2190765#0	Q0	5548#3	1
2190765#0	Q0	122118#81	0
2190765#0	Q0	4690315#55	0
2190765#0	Q0	227195#13	0
2190765#0	Q0	1830#95	0
2190765#0	Q0	5548#24	0
2190765#0	Q0	5548#7	0
2198484#0	Q0	14962#3	1
2198484#0	Q0	14962#0	1
2198484#0	Q0	9214949#0	1
2198484#0	Q0	450738#0	1
2198484#0	Q0	14962#4	1
2198484#0	Q0	14962#18	1
2198484#0	Q0	14962#9	1
2198484#0	Q0	89722#0	1
2198484#0	Q0	1549384#0	1
2198484#0	Q0	14962#5	1
220116#0	Q0	1046149#5	1
220116#0	Q0	1046149#2	1
220116#0	Q0	1046149#4	1
220116#0	Q0	1046149#0	1
220116#0	Q0	1046149#6	0
220116#0	Q0	1046149#3	0
220116#0	Q0	9127170#0	0
220116#0	Q0	3608267#1	0
220116#0	Q0	6875284#4	0
220116#0	Q0	9127170#5	0
221741#0	Q0	8535#0	1
221741#0	Q0	9606#74	1
221741#0	Q0	854570#3	1
221741#0	Q0	1463917#8	1
221741#0	Q0	138790#7	1
221741#0	Q0	15842#0	1
221741#0	Q0	529909#3	1
221741#0	Q0	1448222#104	1
221741#0	Q0	1005496#0	1
221741#0	Q0	7421469#6	0
2221567#0	Q0	9437466#19	1
2221567#0	Q0	1992936#0	1
2221567#0	Q0	6453457#1	1
2221567#0	Q0	4859#0	1
2221567#0	Q0	4859#1	1
2221567#0	Q0	4859#17	1
2221567#0	Q0	4508805#51	0
2221567#0	Q0	4508805#30	0
2221567#0	Q0	177129#14	0
2221567#0	Q0	177129#8	0
222230#0	Q0	31079#22	1
222230#0	Q0	302802#25	0
222230#0	Q0	52964#49	0
222230#0	Q0	7213219#2	0
222230#0	Q0	278619#77	0
222230#0	Q0	1596910#5	0
222230#0	Q0	3709362#2	0
222230#0	Q0	283002#1	0
222230#0	Q0	278619#78	0
222230#0	Q0	349119#0	0
2234124#0	Q0	5110758#4	1
2234124#0	Q0	189948#0	1
2234124#0	Q0	5044880#2	1
2234124#0	Q0	5122760#3	0
2234124#0	Q0	5155447#4	0
2234124#0	Q0	7216347#2	0
2234124#0	Q0	48256#17	0
2234124#0	Q0	6225855#2	0
2234124#0	Q0	7216347#9	0
2234124#0	Q0	4476117#5	0
224530#0	Q0	12084#8	1
224530#0	Q0	4837394#33	1
224530#0	Q0	4837394#14	1
224530#0	Q0	9865589#3	1
224530#0	Q0	4837394#25	1
224530#0	Q0	4837394#17	1
224530#0	Q0	4837394#18	1
224530#0	Q0	4837394#0	0
224530#0	Q0	4837394#12	0
224530#0	Q0	224530#15	0
2254017#0	Q0	580051#2	1
2254017#0	Q0	395107#0	1
2254017#0	Q0	4869320#0	1
2254017#0	Q0	4869320#2	1
2254017#0	Q0	4869320#1	1
2254017#0	Q0	2196742#1	1
2254017#0	Q0	301025#5	1
2254017#0	Q0	751207#2	1
2254017#0	Q0	1105381#8	0
2254017#0	Q0	395107#3	0
225435#0	Q0	10130748#94	1
225435#0	Q0	6209636#117	0
225435#0	Q0	10130748#119	0
225435#0	Q0	639783#21	0
225435#0	Q0	1920957#44	0
225435#0	Q0	10130748#7	0
225435#0	Q0	9855857#5	0
225435#0	Q0	10168390#32	0
225435#0	Q0	10130748#6	0
225435#0	Q0	10130748#139	0
2255590#0	Q0	171568#0	1
2255590#0	Q0	171568#30	1
2255590#0	Q0	18855#67	1
2255590#0	Q0	5292591#22	1
2255590#0	Q0	170529#54	1
2255590#0	Q0	74405#15	1
2255590#0	Q0	9962396#5	1
2255590#0	Q0	6513681#64	1
2255590#0	Q0	1053132#34	0
2255590#0	Q0	1084841#0	0
2256637#0	Q0	10103679#0	1
2256637#0	Q0	1626951#4	1
2256637#0	Q0	3135757#1	1
2256637#0	Q0	2958801#3	1
2256637#0	Q0	1626951#0	1
2256637#0	Q0	2958801#4	0
2256637#0	Q0	2958801#0	0
2256637#0	Q0	10103679#1	0
2256637#0	Q0	3135757#0	0
2256637#0	Q0	4303711#0	0
2266462#0	Q0	167196#0	1
2266462#0	Q0	2108178#9	1
2266462#0	Q0	2108254#9	1
2266462#0	Q0	786371#12	1
2266462#0	Q0	270490#20	1
2266462#0	Q0	167196#1	0
2266462#0	Q0	4234166#18	0
2266462#0	Q0	4645026#4	0
2266462#0	Q0	175635#19	0
2266462#0	Q0	150716#10	0
2271168#0	Q0	1121987#2	1
2271168#0	Q0	7216705#1	0
2271168#0	Q0	10144994#0	0
2271168#0	Q0	2971076#36	0
2271168#0	Q0	8864907#44	0
2271168#0	Q0	2434839#0	0
2271168#0	Q0	2358587#60	0
2271168#0	Q0	6984985#26	0
2271168#0	Q0	2358587#63	0
2271168#0	Q0	135904#258	0
2272343#0	Q0	2165479#13	1
2272343#0	Q0	4670#11	1
2272343#0	Q0	2165479#15	1
2272343#0	Q0	6444845#21	1
2272343#0	Q0	4464646#4	1
2272343#0	Q0	4670#0	1
2272343#0	Q0	2165479#0	1
2272343#0	Q0	112978#51	1
2272343#0	Q0	4464646#0	1
2272343#0	Q0	126411#3	1
2282384#0	Q0	6303925#9	1
2282384#0	Q0	6303925#5	1
2282384#0	Q0	6303925#2	1
2282384#0	Q0	2282384#31	0
2282384#0	Q0	6303925#0	0
2282384#0	Q0	2282384#0	0
2282384#0	Q0	10039969#1	0
2282384#0	Q0	3188544#1	0
2282384#0	Q0	6303925#1	0
2282384#0	Q0	2282384#26	0
228454#0	Q0	435525#2	1
228454#0	Q0	2989333#6	0
228454#0	Q0	8983028#7	0
228454#0	Q0	9925677#2	0
228454#0	Q0	2775975#0	0
228454#0	Q0	9925677#3	0
228454#0	Q0	435525#5	0
228454#0	Q0	6087595#6	0
228454#0	Q0	435525#3	0
228454#0	Q0	221462#35	0
2302052#0	Q0	2577203#9	1
2302052#0	Q0	475147#1	1
2302052#0	Q0	4048690#0	0
2302052#0	Q0	475147#33	0
2302052#0	Q0	475147#12	0
2302052#0	Q0	475147#19	0
2302052#0	Q0	475147#15	0
2302052#0	Q0	4329738#0	0
2302052#0	Q0	4093479#0	0
2302052#0	Q0	475147#6	0
2306738#0	Q0	6438032#1	1
2306738#0	Q0	6930068#2	1
2306738#0	Q0	556645#28	1
2306738#0	Q0	5865477#1	0
2306738#0	Q0	700889#6	0
2306738#0	Q0	5051228#9	0
2306738#0	Q0	576#38	0
2306738#0	Q0	8851953#0	0
2306738#0	Q0	3104#6	0
2306738#0	Q0	90990#3	0
2313381#0	Q0	71663#1	1
2313381#0	Q0	71663#0	1
2313381#0	Q0	71663#4	1
2313381#0	Q0	71663#5	0
2313381#0	Q0	1045759#0	0
2313381#0	Q0	4393534#2	0
2313381#0	Q0	6934043#0	0
2313381#0	Q0	9870996#1	0
2313381#0	Q0	1045759#1	0
2313381#0	Q0	924769#0	0
2318760#0	Q0	15818#0	1
2318760#0	Q0	12075#1	1
2318760#0	Q0	12075#25	1
2318760#0	Q0	416835#0	1
2318760#0	Q0	15818#5	1
2318760#0	Q0	185096#0	0
2318760#0	Q0	4782900#0	0
2318760#0	Q0	15818#13	0
2318760#0	Q0	185096#15	0
2318760#0	Q0	148381#0	0
2319839#0	Q0	498000#1	1
2319839#0	Q0	498000#0	1
2319839#0	Q0	498000#10	0
2319839#0	Q0	356056#40	0
2319839#0	Q0	498000#7	0
2319839#0	Q0	206337#9	0
2319839#0	Q0	498000#9	0
2319839#0	Q0	513620#8	0
2319839#0	Q0	7228000#3	0
2319839#0	Q0	2876180#3	0
2322255#0	Q0	7059973#7	1
2322255#0	Q0	7262411#0	1
2322255#0	Q0	1908829#8	1
2322255#0	Q0	3073788#26	1
2322255#0	Q0	2673316#5	0
2322255#0	Q0	9974665#6	0
2322255#0	Q0	2732539#11	0
2322255#0	Q0	2673316#11	0
2322255#0	Q0	9738783#19	0
2322255#0	Q0	3196820#0	0
2330859#0	Q0	274065#7	1
2330859#0	Q0	5396416#2	0
2330859#0	Q0	1132601#9	0
2330859#0	Q0	1129143#2	0
2330859#0	Q0	4205465#23	0
2330859#0	Q0	2180590#18	0
2330859#0	Q0	3471631#6	0
2330859#0	Q0	791753#4	0
2330859#0	Q0	4188336#8	0
2330859#0	Q0	40867#86	0
2331269#0	Q0	2148158#5	1
2331269#0	Q0	15318#9	0
2331269#0	Q0	6590392#1	0
2331269#0	Q0	16785#35	0
2331269#0	Q0	15318#37	0
2331269#0	Q0	9551#31	0
2331269#0	Q0	15318#23	0
2331269#0	Q0	969491#5	0
2331269#0	Q0	15318#12	0
2331269#0	Q0	15318#25	0
2333136#0	Q0	2332947#0	1
2333136#0	Q0	1916764#6	1
2333136#0	Q0	3309986#5	1
2333136#0	Q0	1407257#45	1
2333136#0	Q0	1916764#8	1
2333136#0	Q0	703739#2	1
2333136#0	Q0	2333136#0	1
2333136#0	Q0	2333237#0	0
2333136#0	Q0	6959616#3	0
2333136#0	Q0	1812450#3	0
235404#0	Q0	3587#5	1
235404#0	Q0	3587#216	1
235404#0	Q0	1068019#32	1
235404#0	Q0	3587#205	1
235404#0	Q0	3246#11	0
235404#0	Q0	177565#43	0
235404#0	Q0	1579380#3	0
235404#0	Q0	3587#212	0
235404#0	Q0	6077752#1	0
235404#0	Q0	3587#110	0
2354722#0	Q0	234146#1	1
2354722#0	Q0	129557#0	1
2354722#0	Q0	234146#0	1
2354722#0	Q0	234146#3	1
2354722#0	Q0	413114#3	1
2354722#0	Q0	129557#2	1
2354722#0	Q0	196088#3	0
2354722#0	Q0	129557#15	0
2354722#0	Q0	234146#5	0
2354722#0	Q0	129557#17	0
2355656#0	Q0	1522339#11	1
2355656#0	Q0	3171215#0	0
2355656#0	Q0	1522339#0	0
2355656#0	Q0	383775#0	0
2355656#0	Q0	459944#1	0
2355656#0	Q0	1522339#4	0
2355656#0	Q0	8524997#10	0
2355656#0	Q0	9702210#0	0
2355656#0	Q0	1570488#0	0
2355656#0	Q0	588356#9	0
2366197#0	Q0	75722#14	1
2366197#0	Q0	9442637#1	1
2366197#0	Q0	1748940#8	1
2366197#0	Q0	673471#24	1
2366197#0	Q0	3894#47	1
2366197#0	Q0	5231915#131	1
2366197#0	Q0	581885#26	0
2366197#0	Q0	594280#9	0
2370515#0	Q0	2937#6	1
2370515#0	Q0	2937#0	1
2370515#0	Q0	3390713#0	1
2370515#0	Q0	4962636#0	1
2370515#0	Q0	3390713#1	0
2370515#0	Q0	5077921#0	0
2370515#0	Q0	8681106#46	0
2370515#0	Q0	5077921#4	0
2370515#0	Q0	61156#0	0
2370515#0	Q0	2937#2	0
2374581#0	Q0	185511#6	1
2374581#0	Q0	456#7	1
2374581#0	Q0	2647312#3	1
2374581#0	Q0	1043074#3	1
2374581#0	Q0	491457#8	1
2374581#0	Q0	185511#7	1
2374581#0	Q0	2514467#8	0
2374581#0	Q0	5167#8	0
2374581#0	Q0	944062#5	0
2374581#0	Q0	4740445#31	0
2381132#0	Q0	56408#0	1
2381132#0	Q0	94586#0	1
2381132#0	Q0	94628#0	1
2381132#0	Q0	171328#0	1
2381132#0	Q0	29877#46	1
2381132#0	Q0	1831008#2	1
2381132#0	Q0	113397#0	1
2381132#0	Q0	29877#2	1
2381132#0	Q0	94590#0	1
2381132#0	Q0	763291#0	0
239059#0	Q0	797282#6	1
239059#0	Q0	9875219#4	1
239059#0	Q0	4586817#14	1
239059#0	Q0	7924608#9	1
239059#0	Q0	174796#3	1
239059#0	Q0	5109097#10	1
239059#0	Q0	7786325#3	0
239059#0	Q0	401954#8	0
239059#0	Q0	7205692#10	0
239059#0	Q0	1665241#14	0
2391019#0	Q0	154239#0	1
2391019#0	Q0	154239#3	1
2391019#0	Q0	8435699#0	1
2391019#0	Q0	154239#2	1
2391019#0	Q0	17097#0	1
2391019#0	Q0	154239#12	1
2391019#0	Q0	1985630#2	1
2391019#0	Q0	2390953#0	0
2391019#0	Q0	154239#22	0
2391019#0	Q0	2531012#1	0
2393039#0	Q0	2452102#13	1
2393039#0	Q0	7512010#1	1
2393039#0	Q0	4814149#18	1
2393039#0	Q0	7393895#3	1
2393039#0	Q0	8762558#14	1
2393039#0	Q0	9414052#17	1
2393039#0	Q0	604634#18	1
2393039#0	Q0	7512010#17	0
2393039#0	Q0	1363435#0	0
2393039#0	Q0	4589#10	0
239895#0	Q0	121359#15	1
239895#0	Q0	121359#12	1
239895#0	Q0	121359#17	0
239895#0	Q0	121359#9	0
239895#0	Q0	121359#32	0
239895#0	Q0	671727#10	0
239895#0	Q0	671727#13	0
239895#0	Q0	9546974#1	0
239895#0	Q0	2537418#0	0
239895#0	Q0	671727#4	0
2399762#0	Q0	2486690#0	1
2399762#0	Q0	1747011#12	1
2399762#0	Q0	2486690#3	1
2399762#0	Q0	9649867#0	0
2399762#0	Q0	2486690#1	0
2399762#0	Q0	1241439#1	0
2399762#0	Q0	2488329#1	0
2399762#0	Q0	2488329#0	0
2399762#0	Q0	2486690#5	0
2399762#0	Q0	9618630#70	0
240033#0	Q0	240033#4	1
240033#0	Q0	240033#0	1
240033#0	Q0	240033#5	0
240033#0	Q0	240033#8	0
240033#0	Q0	37294#1	0
240033#0	Q0	2067708#5	0
240033#0	Q0	4081#4	0
240033#0	Q0	240033#2	0
240033#0	Q0	31928#68	0
240033#0	Q0	7557616#0	0
2408668#0	Q0	2408668#0	1
2408668#0	Q0	2408668#3	0
2408668#0	Q0	1257177#1	0
2408668#0	Q0	17561#19	0
2408668#0	Q0	8923438#91	0
2408668#0	Q0	9692712#4	0
2408668#0	Q0	1707654#6	0
2408668#0	Q0	8773908#10	0
2408668#0	Q0	562774#5	0
2408668#0	Q0	53548#3	0
2415096#0	Q0	45926#16	1
2415096#0	Q0	2844183#0	1
2415096#0	Q0	1407332#0	1
2415096#0	Q0	5983138#2	1
2415096#0	Q0	87979#28	1
2415096#0	Q0	216426#23	1
2415096#0	Q0	87979#67	1
2415096#0	Q0	11675#18	1
2415096#0	Q0	216426#0	1
2415096#0	Q0	1640821#8	0
2418806#0	Q0	49425#0	1
2418806#0	Q0	41450#23	1
2418806#0	Q0	268533#56	1
2418806#0	Q0	49425#11	1
2418806#0	Q0	49425#23	0
2418806#0	Q0	7369943#3	0
2418806#0	Q0	8858053#27	0
2418806#0	Q0	49425#51	0
2418806#0	Q0	41480#53	0
2418806#0	Q0	49425#5	0
2420520#0	Q0	1060583#1	1
2420520#0	Q0	267158#2	1
2420520#0	Q0	267158#0	0
2420520#0	Q0	2282237#0	0
2420520#0	Q0	267158#1	0
2420520#0	Q0	4877490#0	0
2420520#0	Q0	213164#16	0
2420520#0	Q0	7503698#0	0
2420520#0	Q0	239278#0	0
2420520#0	Q0	2419473#0	0
2434048#0	Q0	527371#10	1
2434048#0	Q0	237426#41	1
2434048#0	Q0	237426#36	1
2434048#0	Q0	527371#11	1
2434048#0	Q0	237426#34	0
2434048#0	Q0	237426#54	0
2434048#0	Q0	2434048#0	0
2434048#0	Q0	237426#72	0
2434048#0	Q0	561073#2	0
2434048#0	Q0	237426#53	0
2437691#0	Q0	271127#11	1
2437691#0	Q0	271127#15	1
2437691#0	Q0	271127#13	1
2437691#0	Q0	271127#18	1
2437691#0	Q0	271127#1	1
2437691#0	Q0	271127#21	1
2437691#0	Q0	271127#22	1
2437691#0	Q0	271127#17	1
2437691#0	Q0	271127#10	1
2437691#0	Q0	9884104#1	0
2443576#0	Q0	450451#7	1
2443576#0	Q0	4304760#1	1
2443576#0	Q0	2902332#3	1
2443576#0	Q0	2902332#18	1
2443576#0	Q0	2902332#9	1
2443576#0	Q0	2902332#14	0
2443576#0	Q0	2902332#15	0
2443576#0	Q0	104667#7	0
2443576#0	Q0	2902332#19	0
2443576#0	Q0	2902332#10	0
244410#0	Q0	4331489#1	1
244410#0	Q0	4331489#16	1
244410#0	Q0	4331489#8	1
244410#0	Q0	4331489#0	1
244410#0	Q0	4331489#10	1
244410#0	Q0	2558699#2	0
244410#0	Q0	2523805#0	0
244410#0	Q0	4331489#11	0
244410#0	Q0	9313547#26	0
244410#0	Q0	7369801#6	0
2445947#0	Q0	26599#0	1
2445947#0	Q0	10012106#0	1
2445947#0	Q0	26599#12	1
2445947#0	Q0	6100286#37	1
2445947#0	Q0	26599#5	1
2445947#0	Q0	10012106#14	1
2445947#0	Q0	67012#1	1
2445947#0	Q0	5661#56	1
2445947#0	Q0	23505#70	1
2445947#0	Q0	36962#0	1
245097#0	Q0	88395#7	1
245097#0	Q0	233828#23	0
245097#0	Q0	4190749#10	0
245097#0	Q0	6832536#96	0
245097#0	Q0	33335#4	0
245097#0	Q0	211140#22	0
245097#0	Q0	7474695#1	0
245097#0	Q0	211140#5	0
245097#0	Q0	2368337#12	0
245097#0	Q0	884068#38	0
2463322#0	Q0	48342#60	1
2463322#0	Q0	48342#63	1
2463322#0	Q0	9985908#3	0
2463322#0	Q0	4193075#7	0
2463322#0	Q0	130611#103	0
2463322#0	Q0	4698953#16	0
2463322#0	Q0	10160796#2	0
2463322#0	Q0	111575#2	0
2463322#0	Q0	2016349#34	0
2463322#0	Q0	9573068#0	0
2466965#0	Q0	3894#76	1
2466965#0	Q0	3894#75	1
2466965#0	Q0	4583874#5	0
2466965#0	Q0	9838489#1	0
2466965#0	Q0	8555315#0	0
2466965#0	Q0	4179129#0	0
2466965#0	Q0	3756975#4	0
2466965#0	Q0	205993#10	0
2466965#0	Q0	2466965#0	0
2466965#0	Q0	25102#60	0
2468462#0	Q0	1503032#0	1
2468462#0	Q0	5061547#2	0
2468462#0	Q0	177785#8	0
2468462#0	Q0	1503032#1	0
2468462#0	Q0	5510754#4	0
2468462#0	Q0	153301#48	0
2468462#0	Q0	9872292#4	0
2468462#0	Q0	7040019#4	0
2468462#0	Q0	9872292#2	0
2468462#0	Q0	6353393#6	0
247179#0	Q0	9835489#45	1
247179#0	Q0	9835489#0	1
247179#0	Q0	9835496#0	1
247179#0	Q0	9835489#27	1
247179#0	Q0	9835489#26	1
247179#0	Q0	9835489#55	1
247179#0	Q0	9835489#4	1
247179#0	Q0	2931#16	0
247179#0	Q0	7642059#3	0
247179#0	Q0	9835489#13	0
2472039#0	Q0	241672#21	1
2472039#0	Q0	152356#13	1
2472039#0	Q0	16041#4	1
2472039#0	Q0	792130#14	1
2472039#0	Q0	551990#17	1
2472039#0	Q0	26129#14	1
2472039#0	Q0	191851#42	1
2472039#0	Q0	359084#7	1
2472039#0	Q0	241672#23	1
2472039#0	Q0	1021272#34	0
2475404#0	Q0	6539886#3	1
2475404#0	Q0	7281781#4	0
2475404#0	Q0	1269553#0	0
2475404#0	Q0	8437312#2	0
2475404#0	Q0	8592544#0	0
2475404#0	Q0	6586727#1	0
2475404#0	Q0	8592544#2	0
2475404#0	Q0	16363#25	0
2475404#0	Q0	6539886#2	0
2475404#0	Q0	16363#26	0
2483358#0	Q0	7646186#1	1
2483358#0	Q0	8398110#3	1
2483358#0	Q0	6620901#1	1
2483358#0	Q0	6274629#1	1
2483358#0	Q0	9312576#0	1
2483358#0	Q0	1544350#2	1
2483358#0	Q0	5535742#0	1
2483358#0	Q0	185692#7	0
2483358#0	Q0	2401885#2	0
2483358#0	Q0	8871211#13	0
2488176#0	Q0	82308#26	1
2488176#0	Q0	46532#0	1
2488176#0	Q0	3013505#6	1
2488176#0	Q0	5319490#2	1
2488176#0	Q0	4943500#10	1
2488176#0	Q0	165097#1	0
2488176#0	Q0	6287892#1	0
2488176#0	Q0	7916669#1	0
2488176#0	Q0	165097#5	0
2488176#0	Q0	46532#64	0
2498687#0	Q0	162541#6	1
2498687#0	Q0	2781240#4	1
2498687#0	Q0	2781240#2	1
2498687#0	Q0	162541#0	0
2498687#0	Q0	4600429#0	0
2498687#0	Q0	162541#21	0
2498687#0	Q0	7980366#2	0
2498687#0	Q0	1157168#39	0
2498687#0	Q0	9486666#2	0
2498687#0	Q0	162541#16	0
2504881#0	Q0	11899#69	1
2504881#0	Q0	718629#2	1
2504881#0	Q0	9196411#6	0
2504881#0	Q0	76030#4	0
2504881#0	Q0	236011#11	0
2504881#0	Q0	6123783#1	0
2504881#0	Q0	11899#67	0
2504881#0	Q0	76030#7	0
2504881#0	Q0	76030#15	0
2504881#0	Q0	76030#8	0
2511159#0	Q0	2026734#3	1
2511159#0	Q0	360981#0	0
2511159#0	Q0	490206#1	0
2511159#0	Q0	2579860#0	0
2511159#0	Q0	727004#38	0
2511159#0	Q0	5269#0	0
2511159#0	Q0	55365#0	0
2511159#0	Q0	360981#2	0
2511159#0	Q0	122365#0	0
2511159#0	Q0	3147321#0	0
2517815#0	Q0	1000832#4	1
2517815#0	Q0	1000832#2	1
2517815#0	Q0	5005502#13	1
2517815#0	Q0	1000832#3	0
2517815#0	Q0	1000832#0	0
2517815#0	Q0	9236400#2	0
2517815#0	Q0	10090950#1	0
2517815#0	Q0	9236400#0	0
2517815#0	Q0	6972586#8	0
2517815#0	Q0	6972586#0	0
2529598#0	Q0	374185#1	1
2529598#0	Q0	6008841#0	0
2529598#0	Q0	7604095#2	0
2529598#0	Q0	128982#60	0
2529598#0	Q0	5088764#0	0
2529598#0	Q0	5356104#70	0
2529598#0	Q0	1106708#0	0
2529598#0	Q0	320#17	0
2529598#0	Q0	1060180#7	0
2529598#0	Q0	5659974#0	0
2530592#0	Q0	9671544#0	1
2530592#0	Q0	10086389#29	1
2530592#0	Q0	1646916#4	1
2530592#0	Q0	57410#1	1
2530592#0	Q0	1646916#0	1
2530592#0	Q0	658486#15	1
2530592#0	Q0	7129025#3	1
2530592#0	Q0	29069#0	0
2530592#0	Q0	1646916#14	0
2530592#0	Q0	1646916#5	0
2534787#0	Q0	30900#6	1
2534787#0	Q0	2966509#5	1
2534787#0	Q0	9695551#2	1
2534787#0	Q0	1182360#9	1
2534787#0	Q0	17705#22	1
2534787#0	Q0	1372199#0	0
2534787#0	Q0	18363#10	0
2534787#0	Q0	1432937#0	0
2534787#0	Q0	18363#40	0
2534787#0	Q0	95529#2	0
254208#0	Q0	254208#0	1
254208#0	Q0	10149026#11	1
254208#0	Q0	9059940#2	1
254208#0	Q0	254208#3	1
254208#0	Q0	4441634#16	1
254208#0	Q0	466644#10	1
254208#0	Q0	254208#2	0
254208#0	Q0	7463333#2	0
254208#0	Q0	254208#4	0
254208#0	Q0	997016#1	0
2542698#0	Q0	2117933#0	1
2542698#0	Q0	3446913#1	1
2542698#0	Q0	5063538#0	1
2542698#0	Q0	1803193#16	0
2542698#0	Q0	4197958#4	0
2542698#0	Q0	1803193#13	0
2542698#0	Q0	136406#1	0
2542698#0	Q0	5063538#14	0
2542698#0	Q0	7567052#4	0
2542698#0	Q0	6921142#1	0
2543600#0	Q0	11436#7	1
2543600#0	Q0	421051#27	0
2543600#0	Q0	421051#1	0
2543600#0	Q0	8765194#2	0
2543600#0	Q0	259270#6	0
2543600#0	Q0	571889#15	0
2543600#0	Q0	11584#43	0
2543600#0	Q0	421051#0	0
2543600#0	Q0	19368#66	0
2543600#0	Q0	3545#24	0
254388#0	Q0	5056667#18	1
254388#0	Q0	5177675#8	1
254388#0	Q0	720781#0	0
254388#0	Q0	536017#5	0
254388#0	Q0	7353904#4	0
254388#0	Q0	536017#4	0
254388#0	Q0	5161517#1	0
254388#0	Q0	1862336#7	0
254388#0	Q0	58428#1	0
254388#0	Q0	5061334#1	0
2547236#0	Q0	5796041#2	1
2547236#0	Q0	5796041#1	1
2547236#0	Q0	5796041#3	1
2547236#0	Q0	972082#26	1
2547236#0	Q0	736860#3	1
2547236#0	Q0	5794573#17	1
2547236#0	Q0	1340801#4	0
2547236#0	Q0	5463780#3	0
2547236#0	Q0	5796041#5	0
2547236#0	Q0	5488690#7	0
255092#0	Q0	7789438#12	1
255092#0	Q0	6633230#2	1
255092#0	Q0	5710#19	1
255092#0	Q0	32525#14	1
255092#0	Q0	7106774#1	1
255092#0	Q0	32525#19	0
255092#0	Q0	7789438#20	0
255092#0	Q0	53461#15	0
255092#0	Q0	397713#1	0
255092#0	Q0	646405#3	0
2553366#0	Q0	9065630#8	1
2553366#0	Q0	7546411#7	1
2553366#0	Q0	8831747#3	1
2553366#0	Q0	5096183#7	1
2553366#0	Q0	1626112#18	1
2553366#0	Q0	9076688#4	1
2553366#0	Q0	715420#5	1
2553366#0	Q0	9911517#4	0
2553366#0	Q0	4999312#0	0
2553366#0	Q0	603491#27	0
2555612#0	Q0	561642#17	1
2555612#0	Q0	1763390#8	1
2555612#0	Q0	300100#65	1
2555612#0	Q0	510366#22	1
2555612#0	Q0	796930#51	1
2555612#0	Q0	8498883#4	0
2555612#0	Q0	4404685#22	0
2555612#0	Q0	884833#29	0
2555612#0	Q0	993783#4	0
2555612#0	Q0	1228709#1	0
2570581#0	Q0	83294#46	1
2570581#0	Q0	83294#93	0
2570581#0	Q0	83294#26	0
2570581#0	Q0	93770#3	0
2570581#0	Q0	83294#9	0
2570581#0	Q0	83294#34	0
2570581#0	Q0	177538#3	0
2570581#0	Q0	83294#38	0
2570581#0	Q0	83294#138	0
2570581#0	Q0	83294#72	0
2573039#0	Q0	10904#2	1
2573039#0	Q0	10904#6	1
2573039#0	Q0	651#2	1
2573039#0	Q0	522169#13	1
2573039#0	Q0	10904#9	0
2573039#0	Q0	327947#19	0
2573039#0	Q0	10904#0	0
2573039#0	Q0	8537292#6	0
2573039#0	Q0	10904#7	0
2573039#0	Q0	886975#3	0
2579608#0	Q0	321784#14	1
2579608#0	Q0	321784#13	0
2579608#0	Q0	9290354#7	0
2579608#0	Q0	7140308#2	0
2579608#0	Q0	949377#7	0
2579608#0	Q0	1927120#6	0
2579608#0	Q0	5331885#0	0
2579608#0	Q0	8435977#5	0
2579608#0	Q0	6514700#4	0
2579608#0	Q0	251202#30	0
25803#0	Q0	2516855#0	1
25803#0	Q0	8645391#10	1
25803#0	Q0	56985#2	1
25803#0	Q0	36363#0	0
25803#0	Q0	36363#1	0
25803#0	Q0	2516855#6	0
25803#0	Q0	36363#4	0
25803#0	Q0	6138717#0	0
25803#0	Q0	36637#6	0
25803#0	Q0	8868339#3	0
2587494#0	Q0	1560405#0	1
2587494#0	Q0	3329283#0	1
2587494#0	Q0	1747263#0	1
2587494#0	Q0	3184481#0	0
2587494#0	Q0	3184481#1	0
2587494#0	Q0	2196254#0	0
2587494#0	Q0	1747111#0	0
2587494#0	Q0	1612924#0	0
2587494#0	Q0	1752088#0	0
2587494#0	Q0	3134488#0	0
2588320#0	Q0	3724#27	1
2588320#0	Q0	3744#14	1
2588320#0	Q0	9883186#2	1
2588320#0	Q0	662008#1	0
2588320#0	Q0	44741#61	0
2588320#0	Q0	10146394#10	0
2588320#0	Q0	4379685#41	0
2588320#0	Q0	3724#167	0
2588320#0	Q0	90566#194	0
2588320#0	Q0	3744#10	0
2601092#0	Q0	500816#0	1
2601092#0	Q0	81210#0	0
2601092#0	Q0	344319#0	0
2601092#0	Q0	33229#0	0
2601092#0	Q0	344319#5	0
2601092#0	Q0	4223995#0	0
2601092#0	Q0	1840333#0	0
2601092#0	Q0	432181#11	0
2601092#0	Q0	8257221#5	0
2601092#0	Q0	231977#1	0
2609701#0	Q0	694856#0	1
2609701#0	Q0	6078585#0	1
2609701#0	Q0	694856#7	1
2609701#0	Q0	1237151#0	1
2609701#0	Q0	694856#1	0
2609701#0	Q0	2760026#0	0
2609701#0	Q0	8532897#0	0
2609701#0	Q0	694856#3	0
2609701#0	Q0	694856#12	0
2609701#0	Q0	694900#1	0
2620364#0	Q0	1220081#0	1
2620364#0	Q0	1220081#8	1
2620364#0	Q0	1220081#3	1
2620364#0	Q0	1220081#7	0
2620364#0	Q0	1220081#14	0
2620364#0	Q0	1220081#6	0
2620364#0	Q0	1220081#1	0
2620364#0	Q0	1220081#17	0
2620364#0	Q0	1220081#9	0
2620364#0	Q0	1220081#10	0
2621244#0	Q0	9101731#4	1
2621244#0	Q0	3187250#2	1
2621244#0	Q0	140431#5	1
2621244#0	Q0	7558151#7	1
2621244#0	Q0	140431#7	0
2621244#0	Q0	140431#0	0
2621244#0	Q0	628769#0	0
2621244#0	Q0	140431#34	0
2621244#0	Q0	4255015#1	0
2621244#0	Q0	2462410#1	0
262248#0	Q0	5717#1	1
262248#0	Q0	5717#0	1
262248#0	Q0	271#158	1
262248#0	Q0	1843144#25	1
262248#0	Q0	947433#27	1
262248#0	Q0	5717#9	1
262248#0	Q0	5840155#1	1
262248#0	Q0	2519982#0	0
262248#0	Q0	2957979#1	0
262248#0	Q0	3838702#2	0
2633020#0	Q0	314209#4	1
2633020#0	Q0	49309#45	1
2633020#0	Q0	314201#0	1
2633020#0	Q0	314201#6	1
2633020#0	Q0	912170#11	1
2633020#0	Q0	912170#10	1
2633020#0	Q0	646224#28	1
2633020#0	Q0	314201#10	1
2633020#0	Q0	4383007#5	1
2633020#0	Q0	646224#1	0
2637251#0	Q0	8330236#3	1
2637251#0	Q0	1689063#15	0
2637251#0	Q0	4275587#3	0
2637251#0	Q0	118808#1	0
2637251#0	Q0	7491360#1	0
2637251#0	Q0	1689063#19	0
2637251#0	Q0	5681071#2	0
2637251#0	Q0	1815517#4	0
2637251#0	Q0	1689063#0	0
2637251#0	Q0	216106#0	0
2639464#0	Q0	103680#0	1
2639464#0	Q0	101236#10	0
2639464#0	Q0	3927102#0	0
2639464#0	Q0	2640012#60	0
2639464#0	Q0	6949491#1	0
2639464#0	Q0	7263935#1	0
2639464#0	Q0	101236#11	0
2639464#0	Q0	8236025#0	0
2639464#0	Q0	5155087#0	0
2639464#0	Q0	8043451#0	0
264067#0	Q0	164051#57	1
264067#0	Q0	6523755#8	0
264067#0	Q0	9857921#5	0
264067#0	Q0	164051#6	0
264067#0	Q0	164051#8	0
264067#0	Q0	166489#7	0
264067#0	Q0	761418#0	0
264067#0	Q0	164051#0	0
264067#0	Q0	9612957#4	0
264067#0	Q0	5012760#5	0
264369#0	Q0	438194#37	1
264369#0	Q0	2045075#0	1
264369#0	Q0	799948#1	1
264369#0	Q0	7655844#2	0
264369#0	Q0	5348910#17	0
264369#0	Q0	5751950#0	0
264369#0	Q0	9705597#2	0
264369#0	Q0	89384#9	0
264369#0	Q0	405342#0	0
264369#0	Q0	8122866#3	0
2646428#0	Q0	273455#1	1
2646428#0	Q0	273455#0	1
2646428#0	Q0	273455#6	1
2646428#0	Q0	273455#7	1
2646428#0	Q0	273455#8	1
2646428#0	Q0	273455#4	1
2646428#0	Q0	273455#5	1
2646428#0	Q0	273455#3	1
2646428#0	Q0	4589#0	1
2646428#0	Q0	9980843#4	0
264838#0	Q0	373408#0	1
264838#0	Q0	973254#0	1
264838#0	Q0	375422#2	1
264838#0	Q0	7958#72	1
264838#0	Q0	279320#1	1
264838#0	Q0	3013622#0	1
264838#0	Q0	7958#108	1
264838#0	Q0	49265#3	0
264838#0	Q0	3006537#0	0
264838#0	Q0	2117307#0	0
265642#0	Q0	13391#12	1
265642#0	Q0	39072#6	0
265642#0	Q0	16517#0	0
265642#0	Q0	16517#8	0
265642#0	Q0	7487983#28	0
265642#0	Q0	7487983#41	0
265642#0	Q0	16517#10	0
265642#0	Q0	6499405#12	0
265642#0	Q0	4510#100	0
265642#0	Q0	6499405#11	0
265721#0	Q0	7400876#20	1
265721#0	Q0	7400876#33	1
265721#0	Q0	7400876#1	1
265721#0	Q0	8368930#2	1
265721#0	Q0	7400876#16	1
265721#0	Q0	7400876#13	0
265721#0	Q0	7400876#10	0
265721#0	Q0	7400876#12	0
265721#0	Q0	8272150#2	0
265721#0	Q0	7400876#0	0
266418#0	Q0	5896286#16	1
266418#0	Q0	3623078#29	0
266418#0	Q0	5896286#17	0
266418#0	Q0	5306122#1	0
266418#0	Q0	3623078#57	0
266418#0	Q0	4121#64	0
266418#0	Q0	5896286#0	0
266418#0	Q0	4963474#3	0
266418#0	Q0	42604#75	0
266418#0	Q0	1426951#13	0
2668079#0	Q0	5941329#12	1
2668079#0	Q0	5941329#9	1
2668079#0	Q0	4253639#4	1
2668079#0	Q0	5428040#1	1
2668079#0	Q0	9575961#10	0
2668079#0	Q0	5459648#7	0
2668079#0	Q0	5941329#15	0
2668079#0	Q0	5941329#20	0
2668079#0	Q0	5931322#13	0
2668079#0	Q0	5459648#6	0
267146#0	Q0	41576#20	1
267146#0	Q0	49669#1	1
267146#0	Q0	653087#2	1
267146#0	Q0	41576#7	1
267146#0	Q0	90860#21	0
267146#0	Q0	41576#14	0
267146#0	Q0	653087#22	0
267146#0	Q0	6839929#28	0
267146#0	Q0	41576#0	0
267146#0	Q0	41576#25	0
26894#0	Q0	7563553#4	1
26894#0	Q0	7563553#2	0
26894#0	Q0	7606633#1	0
26894#0	Q0	325728#11	0
26894#0	Q0	6991290#22	0
26894#0	Q0	6991290#19	0
26894#0	Q0	6991290#6	0
26894#0	Q0	7565835#6	0
26894#0	Q0	8048184#0	0
26894#0	Q0	255274#0	0
269799#0	Q0	13456#0	1
269799#0	Q0	9647503#1	0
269799#0	Q0	252432#38	0
269799#0	Q0	435990#22	0
269799#0	Q0	435990#27	0
269799#0	Q0	7793785#0	0
269799#0	Q0	1559057#0	0
269799#0	Q0	435990#30	0
269799#0	Q0	2175163#2	0
269799#0	Q0	435990#28	0
269833#0	Q0	9889086#0	1
269833#0	Q0	5701701#0	0
269833#0	Q0	7801865#0	0
269833#0	Q0	10111009#1	0
269833#0	Q0	47301#9	0
269833#0	Q0	197759#0	0
269833#0	Q0	1879163#0	0
269833#0	Q0	5397912#0	0
269833#0	Q0	9909087#0	0
269833#0	Q0	109728#2	0
270986#0	Q0	4225756#0	1
270986#0	Q0	646425#49	1
270986#0	Q0	14666#47	1
270986#0	Q0	4756833#6	1
270986#0	Q0	63423#7	1
270986#0	Q0	6884#15	1
270986#0	Q0	1606650#0	1
270986#0	Q0	446100#4	1
270986#0	Q0	334277#5	1
270986#0	Q0	346375#3	1
2724389#0	Q0	2507445#9	1
2724389#0	Q0	1737621#4	0
2724389#0	Q0	2269298#2	0
2724389#0	Q0	2469554#0	0
2724389#0	Q0	6920184#1	0
2724389#0	Q0	6973006#5	0
2724389#0	Q0	6895799#3	0
2724389#0	Q0	4255312#5	0
2724389#0	Q0	2018810#0	0
2724389#0	Q0	5155116#2	0
27307#0	Q0	349416#16	1
27307#0	Q0	7692965#0	1
27307#0	Q0	5343#16	1
27307#0	Q0	994508#9	0
27307#0	Q0	396431#7	0
27307#0	Q0	994508#4	0
27307#0	Q0	994508#7	0
27307#0	Q0	994508#1	0
27307#0	Q0	7887077#99	0
27307#0	Q0	5343#3	0
274263#0	Q0	10113162#11	1
274263#0	Q0	15735#24	1
274263#0	Q0	9999930#34	1
274263#0	Q0	10113162#10	0
274263#0	Q0	761588#4	0
274263#0	Q0	5794385#9	0
274263#0	Q0	25237#8	0
274263#0	Q0	1692156#2	0
274263#0	Q0	1480#17	0
274263#0	Q0	7659072#10	0
2744140#0	Q0	889487#1	1
2744140#0	Q0	278672#5	1
2744140#0	Q0	11451#26	1
2744140#0	Q0	894384#2	1
2744140#0	Q0	11451#25	1
2744140#0	Q0	176223#7	1
2744140#0	Q0	7216997#18	1
2744140#0	Q0	9885831#8	1
2744140#0	Q0	1166080#2	1
2744140#0	Q0	6852#31	0
2745156#0	Q0	6412343#2	1
2745156#0	Q0	6412343#0	0
2745156#0	Q0	2722752#5	0
2745156#0	Q0	3101656#3	0
2745156#0	Q0	6412343#1	0
2745156#0	Q0	7862015#5	0
2745156#0	Q0	8786132#0	0
2745156#0	Q0	6160274#1	0
2745156#0	Q0	7979660#4	0
2745156#0	Q0	6195082#5	0
2766334#0	Q0	9238663#1	1
2766334#0	Q0	9238663#36	1
2766334#0	Q0	9368648#5	0
2766334#0	Q0	7659998#3	0
2766334#0	Q0	9710851#0	0
2766334#0	Q0	9238663#65	0
2766334#0	Q0	9700570#7	0
2766334#0	Q0	8368879#16	0
2766334#0	Q0	717841#7	0
2766334#0	Q0	9868579#25	0
2766737#0	Q0	76352#2	1
2766737#0	Q0	76352#0	1
2766737#0	Q0	1463017#0	1
2766737#0	Q0	76352#1	1
2766737#0	Q0	76352#5	0
2766737#0	Q0	76352#3	0
2766737#0	Q0	76352#7	0
2766737#0	Q0	8288630#0	0
2766737#0	Q0	9876864#3	0
2766737#0	Q0	161303#0	0
2770988#0	Q0	428683#0	1
2770988#0	Q0	6215942#3	0
2770988#0	Q0	6215942#0	0
2770988#0	Q0	428683#3	0
2770988#0	Q0	3998815#0	0
2770988#0	Q0	6215942#4	0
2770988#0	Q0	6215942#5	0
2770988#0	Q0	428683#4	0
2770988#0	Q0	10091695#37	0
2770988#0	Q0	10091695#40	0
277841#0	Q0	1414992#0	1
277841#0	Q0	489383#0	1
277841#0	Q0	3313#6	1
277841#0	Q0	1640170#0	1
277841#0	Q0	556944#2	1
277841#0	Q0	3973714#9	0
277841#0	Q0	6159519#1	0
277841#0	Q0	324241#0	0
277841#0	Q0	1349290#5	0
277841#0	Q0	9763518#2	0
278#0	Q0	31994#1	1
278#0	Q0	5236661#5	1
278#0	Q0	31994#0	1
278#0	Q0	7792782#29	1
278#0	Q0	8552145#5	0
278#0	Q0	11462#6	0
278#0	Q0	4553048#0	0
278#0	Q0	4553195#4	0
278#0	Q0	6966174#5	0
278#0	Q0	4553195#0	0
2783319#0	Q0	68959#0	1
2783319#0	Q0	11249#0	1
2783319#0	Q0	1857154#39	1
2783319#0	Q0	68959#74	1
2783319#0	Q0	266204#0	1
2783319#0	Q0	149652#0	1
2783319#0	Q0	68959#38	1
2783319#0	Q0	68959#2	0
2783319#0	Q0	1864472#0	0
2783319#0	Q0	5860982#0	0
27840#0	Q0	117108#42	1
27840#0	Q0	8566569#0	1
27840#0	Q0	6638270#0	1
27840#0	Q0	117108#4	0
27840#0	Q0	117108#39	0
27840#0	Q0	8565851#0	0
27840#0	Q0	117108#38	0
27840#0	Q0	117108#40	0
27840#0	Q0	3191098#1	0
27840#0	Q0	117108#41	0
2793335#0	Q0	8856695#5	1
2793335#0	Q0	686427#4	1
2793335#0	Q0	54126#27	1
2793335#0	Q0	6245276#30	0
2793335#0	Q0	6490047#1	0
2793335#0	Q0	4489092#9	0
2793335#0	Q0	717572#30	0
2793335#0	Q0	9827565#11	0
2793335#0	Q0	9839543#28	0
2793335#0	Q0	8678177#32	0
2795642#0	Q0	634728#95	1
2795642#0	Q0	634728#82	1
2795642#0	Q0	634728#10	1
2795642#0	Q0	634728#12	1
2795642#0	Q0	634728#7	1
2795642#0	Q0	634728#40	0
2795642#0	Q0	3181036#0	0
2795642#0	Q0	634728#84	0
2795642#0	Q0	634728#18	0
2795642#0	Q0	634728#33	0
281170#0	Q0	9733397#0	1
281170#0	Q0	9874861#63	1
281170#0	Q0	8549302#0	0
281170#0	Q0	6085602#1	0
281170#0	Q0	8549302#1	0
281170#0	Q0	9874861#77	0
281170#0	Q0	9874861#49	0
281170#0	Q0	9605044#9	0
281170#0	Q0	7032466#6	0
281170#0	Q0	1187730#0	0
2813787#0	Q0	539869#0	1
2813787#0	Q0	539869#2	1
2813787#0	Q0	697153#0	1
2813787#0	Q0	697153#8	1
2813787#0	Q0	11821#3	1
2813787#0	Q0	549276#2	0
2813787#0	Q0	3146159#2	0
2813787#0	Q0	7812397#1	0
2813787#0	Q0	40717#12	0
2813787#0	Q0	2493363#6	0
2816333#0	Q0	65746#70	1
2816333#0	Q0	1832#56	1
2816333#0	Q0	4093300#41	1
2816333#0	Q0	4683307#0	1
2816333#0	Q0	2539794#0	1
2816333#0	Q0	517111#1	1
2816333#0	Q0	78952#24	0
2816333#0	Q0	3001159#35	0
2816333#0	Q0	1832#60	0
2816333#0	Q0	1737621#2	0
2816678#0	Q0	196307#2	1
2816678#0	Q0	196307#6	1
2816678#0	Q0	196307#5	1
2816678#0	Q0	196307#7	1
2816678#0	Q0	5150313#0	1
2816678#0	Q0	196307#8	1
2816678#0	Q0	196307#0	1
2816678#0	Q0	126313#0	0
2816678#0	Q0	196307#19	0
2816678#0	Q0	196307#10	0
28262#0	Q0	525417#0	1
28262#0	Q0	525417#1	1
28262#0	Q0	3103#17	1
28262#0	Q0	2992373#0	1
28262#0	Q0	525417#2	0
28262#0	Q0	525417#4	0
28262#0	Q0	2992373#61	0
28262#0	Q0	525417#3	0
28262#0	Q0	6357226#10	0
28262#0	Q0	7819053#5	0
2831384#0	Q0	315214#2	1
2831384#0	Q0	6192061#0	1
2831384#0	Q0	300#75	1
2831384#0	Q0	6192061#1	1
2831384#0	Q0	26632#72	1
2831384#0	Q0	6192061#2	1
2831384#0	Q0	300#81	1
2831384#0	Q0	26632#75	1
2831384#0	Q0	6192061#3	1
2831384#0	Q0	1364528#2	1
2834404#0	Q0	1219476#30	1
2834404#0	Q0	2834404#31	1
2834404#0	Q0	2834404#0	1
2834404#0	Q0	1219476#0	1
2834404#0	Q0	2832499#21	1
2834404#0	Q0	1219476#5	1
2834404#0	Q0	1219476#16	1
2834404#0	Q0	2834404#23	1
2834404#0	Q0	1219476#7	0
2834404#0	Q0	1219476#12	0
2836889#0	Q0	3201328#0	1
2836889#0	Q0	9709637#5	1
2836889#0	Q0	3201328#2	1
2836889#0	Q0	1716607#11	1
2836889#0	Q0	3201328#4	1
2836889#0	Q0	9709637#0	1
2836889#0	Q0	3201390#0	1
2836889#0	Q0	6459370#3	1
2836889#0	Q0	919933#7	0
2836889#0	Q0	3201328#1	0
284036#0	Q0	6846157#0	1
284036#0	Q0	6846157#31	1
284036#0	Q0	6846157#13	1
284036#0	Q0	6846157#18	1
284036#0	Q0	6846157#15	0
284036#0	Q0	6846157#19	0
284036#0	Q0	6256866#12	0
284036#0	Q0	2641773#7	0
284036#0	Q0	6846157#2	0
284036#0	Q0	10141472#1	0
284219#0	Q0	4087933#2	1
284219#0	Q0	1830#203	0
284219#0	Q0	2742167#6	0
284219#0	Q0	27073#87	0
284219#0	Q0	166087#11	0
284219#0	Q0	4403806#1	0
284219#0	Q0	8017520#1	0
284219#0	Q0	26183#16	0
284219#0	Q0	1830#202	0
284219#0	Q0	167977#24	0
2847203#0	Q0	2931#29	1
2847203#0	Q0	3232535#1	0
2847203#0	Q0	7839141#11	0
2847203#0	Q0	10085235#2	0
2847203#0	Q0	772744#2	0
2847203#0	Q0	5315871#0	0
2847203#0	Q0	131973#18	0
2847203#0	Q0	5943941#0	0
2847203#0	Q0	5347880#6	0
2847203#0	Q0	9415159#0	0
2852423#0	Q0	124691#3	1
2852423#0	Q0	3875586#5	1
2852423#0	Q0	8125#42	1
2852423#0	Q0	31990#17	1
2852423#0	Q0	8125#4	1
2852423#0	Q0	8125#50	1
2852423#0	Q0	248664#6	1
2852423#0	Q0	350579#5	1
2852423#0	Q0	10116022#11	0
2852423#0	Q0	8125#33	0
2859251#0	Q0	25116#28	1
2859251#0	Q0	786016#18	1
2859251#0	Q0	144803#3	0
2859251#0	Q0	25116#35	0
2859251#0	Q0	780069#1	0
2859251#0	Q0	3079988#16	0
2859251#0	Q0	786016#12	0
2859251#0	Q0	25116#5	0
2859251#0	Q0	25116#26	0
2859251#0	Q0	7989#10	0
2860772#0	Q0	533425#0	1
2860772#0	Q0	8603141#6	1
2860772#0	Q0	1356803#2	1
2860772#0	Q0	8931829#2	1
2860772#0	Q0	149830#11	1
2860772#0	Q0	1168798#4	1
2860772#0	Q0	5165684#24	1
2860772#0	Q0	2217646#0	0
2860772#0	Q0	149830#16	0
2860772#0	Q0	2217646#3	0
2863822#0	Q0	104924#0	1
2863822#0	Q0	104924#3	1
2863822#0	Q0	104924#1	0
2863822#0	Q0	104924#32	0
2863822#0	Q0	104924#6	0
2863822#0	Q0	104924#7	0
2863822#0	Q0	3204844#0	0
2863822#0	Q0	104924#21	0
2863822#0	Q0	104924#8	0
2863822#0	Q0	104924#29	0
2872024#0	Q0	6452787#0	1
2872024#0	Q0	591700#3	1
2872024#0	Q0	6452787#1	1
2872024#0	Q0	1064777#0	0
2872024#0	Q0	1718197#0	0
2872024#0	Q0	1191964#3	0
2872024#0	Q0	5642018#3	0
2872024#0	Q0	278558#0	0
2872024#0	Q0	3521671#1	0
2872024#0	Q0	1471515#2	0
287784#0	Q0	189253#0	1
287784#0	Q0	189253#4	1
287784#0	Q0	189253#3	1
287784#0	Q0	189253#19	1
287784#0	Q0	189253#20	1
287784#0	Q0	189253#17	1
287784#0	Q0	189253#36	0
287784#0	Q0	189253#13	0
287784#0	Q0	189253#5	0
287784#0	Q0	189253#40	0
2884536#0	Q0	848135#17	1
2884536#0	Q0	1105179#5	1
2884536#0	Q0	14067#58	1
2884536#0	Q0	50908#27	1
2884536#0	Q0	4928558#17	0
2884536#0	Q0	4928558#40	0
2884536#0	Q0	49437#40	0
2884536#0	Q0	39411#29	0
2884536#0	Q0	4921590#9	0
2884536#0	Q0	573716#17	0
289498#0	Q0	7893#27	1
289498#0	Q0	7893#1	1
289498#0	Q0	7893#0	1
289498#0	Q0	1395134#4	1
289498#0	Q0	2935#10	1
289498#0	Q0	3327508#16	1
289498#0	Q0	6858#29	1
289498#0	Q0	9768#3	1
289498#0	Q0	138985#4	1
289498#0	Q0	1138158#8	0
289653#0	Q0	7054318#0	1
289653#0	Q0	187865#11	1
289653#0	Q0	3412613#0	1
289653#0	Q0	3412613#4	1
289653#0	Q0	187865#10	1
289653#0	Q0	187865#2	1
289653#0	Q0	267031#0	1
289653#0	Q0	187865#0	0
289653#0	Q0	4038628#0	0
289653#0	Q0	2182860#6	0
2911583#0	Q0	7782#99	1
2911583#0	Q0	1044680#11	0
2911583#0	Q0	1044680#9	0
2911583#0	Q0	4243651#44	0
2911583#0	Q0	1044680#0	0
2911583#0	Q0	1044680#1	0
2911583#0	Q0	1044680#10	0
2911583#0	Q0	1044680#3	0
2911583#0	Q0	1044680#8	0
2911583#0	Q0	4090967#2	0
2913154#0	Q0	97082#0	1
2913154#0	Q0	97082#7	1
2913154#0	Q0	2043427#0	0
2913154#0	Q0	10887#93	0
2913154#0	Q0	2995531#0	0
2913154#0	Q0	5174195#2	0
2913154#0	Q0	3950750#0	0
2913154#0	Q0	97082#3	0
2913154#0	Q0	1112772#2	0
2913154#0	Q0	1366820#4	0
291459#0	Q0	275756#51	1
291459#0	Q0	2485333#0	1
291459#0	Q0	189862#20	1
291459#0	Q0	2477106#0	0
291459#0	Q0	2485333#1	0
291459#0	Q0	189862#14	0
291459#0	Q0	189862#1	0
291459#0	Q0	2477106#15	0
291459#0	Q0	9731976#6	0
291459#0	Q0	2485333#2	0
2919311#0	Q0	4964147#15	1
2919311#0	Q0	4742701#8	1
2919311#0	Q0	7073828#3	1
2919311#0	Q0	5433920#5	1
2919311#0	Q0	4742701#5	1
2919311#0	Q0	4752778#5	1
2919311#0	Q0	2412812#0	1
2919311#0	Q0	56049#0	0
291977#0	Q0	40494#5	1
291977#0	Q0	1903462#5	1
291977#0	Q0	7605083#0	1
291977#0	Q0	40494#39	1
291977#0	Q0	5997975#20	0
291977#0	Q0	5997975#22	0
291977#0	Q0	5997975#23	0
291977#0	Q0	14821#79	0
291977#0	Q0	47455#153	0
291977#0	Q0	14821#76	0
2949408#0	Q0	2285872#62	1
2949408#0	Q0	1009397#1	1
2949408#0	Q0	69430#80	1
2949408#0	Q0	365576#14	0
2949408#0	Q0	6339052#4	0
2949408#0	Q0	2127546#13	0
2949408#0	Q0	6339052#53	0
2949408#0	Q0	2034755#34	0
2949408#0	Q0	23479#9	0
2949408#0	Q0	56069#67	0
2951372#0	Q0	16064#154	1
2951372#0	Q0	6057509#29	0
2951372#0	Q0	437125#2	0
2951372#0	Q0	3081946#1	0
2951372#0	Q0	972082#15	0
2951372#0	Q0	2201003#9	0
2951372#0	Q0	299805#2	0
2951372#0	Q0	2204718#9	0
2951372#0	Q0	6057509#1	0
2951372#0	Q0	6718#45	0
295172#0	Q0	9904320#3	1
295172#0	Q0	2808316#1	1
295172#0	Q0	6507819#7	1
295172#0	Q0	735513#17	1
295172#0	Q0	6348289#1	0
295172#0	Q0	4283340#36	0
295172#0	Q0	811420#1	0
295172#0	Q0	6419790#5	0
295172#0	Q0	3137986#2	0
295172#0	Q0	987369#2	0
2953848#0	Q0	205370#0	1
2953848#0	Q0	1965186#5	1
2953848#0	Q0	7653360#0	1
2953848#0	Q0	10332#37	1
2953848#0	Q0	1124181#4	1
2953848#0	Q0	205370#8	1
2953848#0	Q0	8789732#16	1
2953848#0	Q0	4178065#33	0
2953848#0	Q0	5188879#4	0
2953848#0	Q0	10332#2	0
29689#0	Q0	10697#8	1
29689#0	Q0	148557#9	1
29689#0	Q0	349132#0	1
29689#0	Q0	388622#2	0
29689#0	Q0	361037#2	0
29689#0	Q0	1162002#3	0
29689#0	Q0	10697#9	0
29689#0	Q0	6460947#5	0
29689#0	Q0	273158#2	0
29689#0	Q0	1757834#1	0
2970241#0	Q0	5080674#2	1
2970241#0	Q0	5080674#0	1
2970241#0	Q0	9776437#0	1
2970241#0	Q0	2719554#0	1
2970241#0	Q0	5250690#6	1
2970241#0	Q0	2807382#8	1
2970241#0	Q0	5080674#3	1
2970241#0	Q0	5080674#1	1
2970241#0	Q0	5080674#6	1
2970241#0	Q0	5080674#7	0
297941#0	Q0	2465583#64	1
297941#0	Q0	9574239#4	1
297941#0	Q0	2824774#18	0
297941#0	Q0	9510248#15	0
297941#0	Q0	7229058#53	0
297941#0	Q0	2824774#17	0
297941#0	Q0	9899497#135	0
297941#0	Q0	9471813#46	0
297941#0	Q0	1266432#2	0
297941#0	Q0	9926868#31	0
29830#0	Q0	10127579#16	1
29830#0	Q0	474928#17	1
29830#0	Q0	4088282#3	1
29830#0	Q0	6337935#2	1
29830#0	Q0	2897517#3	0
29830#0	Q0	67299#66	0
29830#0	Q0	915148#2	0
29830#0	Q0	4292366#26	0
29830#0	Q0	4474659#3	0
29830#0	Q0	915148#1	0
2993280#0	Q0	412289#0	1
2993280#0	Q0	4377953#2	0
2993280#0	Q0	7141982#1	0
2993280#0	Q0	524738#2	0
2993280#0	Q0	10155124#1	0
2993280#0	Q0	4798212#0	0
2993280#0	Q0	288441#4	0
2993280#0	Q0	341093#2	0
2993280#0	Q0	1058728#3	0
2993280#0	Q0	2061509#17	0
3014#0	Q0	1839#11	1
3014#0	Q0	226324#57	1
3014#0	Q0	226324#8	1
3014#0	Q0	4510#133	1
3014#0	Q0	624413#10	1
3014#0	Q0	11758#0	1
3014#0	Q0	11758#3	1
3014#0	Q0	227514#44	1
3014#0	Q0	7063118#9	1
3014#0	Q0	5708540#1	1
301468#0	Q0	1734856#4	1
301468#0	Q0	9001251#6	1
301468#0	Q0	8810361#0	1
301468#0	Q0	5347470#5	0
301468#0	Q0	5003533#9	0
301468#0	Q0	8582919#1	0
301468#0	Q0	5868796#0	0
301468#0	Q0	5768206#48	0
301468#0	Q0	2145#161	0
301468#0	Q0	5768206#44	0
3017402#0	Q0	422844#2	1
3017402#0	Q0	422844#3	1
3017402#0	Q0	422844#10	1
3017402#0	Q0	6856385#4	1
3017402#0	Q0	422844#6	0
3017402#0	Q0	674131#0	0
3017402#0	Q0	7454641#10	0
3017402#0	Q0	502553#0	0
3017402#0	Q0	422824#32	0
3017402#0	Q0	1838570#5	0
302975#0	Q0	9722296#2	1
302975#0	Q0	53531#0	1
302975#0	Q0	53531#3	1
302975#0	Q0	53531#2	0
302975#0	Q0	9305227#1	0
302975#0	Q0	234457#9	0
302975#0	Q0	53531#9	0
302975#0	Q0	234457#1	0
302975#0	Q0	8491591#6	0
302975#0	Q0	9722296#0	0
303152#0	Q0	2467193#23	1
303152#0	Q0	1298709#9	1
303152#0	Q0	696707#7	1
303152#0	Q0	44179#55	1
303152#0	Q0	6884728#6	0
303152#0	Q0	466403#1	0
303152#0	Q0	88760#65	0
303152#0	Q0	77950#6	0
303152#0	Q0	1133280#36	0
303152#0	Q0	755451#5	0
3037151#0	Q0	36154#19	1
3037151#0	Q0	6970#4	1
3037151#0	Q0	36154#0	1
3037151#0	Q0	36154#4	1
3037151#0	Q0	39408#2	1
3037151#0	Q0	6970#6	1
3037151#0	Q0	9348306#5	1
3037151#0	Q0	9656453#7	0
3037151#0	Q0	70794#4	0
3037151#0	Q0	9992115#2	0
3038258#0	Q0	7608#0	1
3038258#0	Q0	7608#15	1
3038258#0	Q0	859095#60	1
3038258#0	Q0	7608#17	1
3038258#0	Q0	7608#3	1
3038258#0	Q0	7608#8	1
3038258#0	Q0	7608#6	1
3038258#0	Q0	7608#18	1
3038258#0	Q0	7608#7	1
3038258#0	Q0	7608#1	1
304056#0	Q0	82308#26	1
304056#0	Q0	5129#271	1
304056#0	Q0	46532#4	1
304056#0	Q0	6630992#46	1
304056#0	Q0	46532#145	0
304056#0	Q0	82308#209	0
304056#0	Q0	73924#43	0
304056#0	Q0	46532#32	0
304056#0	Q0	46532#63	0
304056#0	Q0	5116027#7	0
3071970#0	Q0	2816974#1	1
3071970#0	Q0	5203199#15	0
3071970#0	Q0	2914#38	0
3071970#0	Q0	5525697#7	0
3071970#0	Q0	685273#11	0
3071970#0	Q0	3172467#3	0
3071970#0	Q0	2914#17	0
3071970#0	Q0	5203199#6	0
3071970#0	Q0	2816974#7	0
3071970#0	Q0	481843#10	0
307547#0	Q0	6574406#2	1
307547#0	Q0	8767676#8	1
307547#0	Q0	7710162#9	1
307547#0	Q0	9895064#4	1
307547#0	Q0	12819#13	0
307547#0	Q0	2486184#0	0
307547#0	Q0	249554#23	0
307547#0	Q0	611722#1	0
307547#0	Q0	1235711#7	0
307547#0	Q0	4932891#2	0
3077454#0	Q0	34606#21	1
3077454#0	Q0	10129473#25	0
3077454#0	Q0	10129473#1	0
3077454#0	Q0	10129473#9	0
3077454#0	Q0	10129473#10	0
3077454#0	Q0	10129473#0	0
3077454#0	Q0	10129473#18	0
3077454#0	Q0	10129473#11	0
3077454#0	Q0	34606#4	0
3077454#0	Q0	10129473#57	0
3081785#0	Q0	31890#0	1
3081785#0	Q0	31890#16	1
3081785#0	Q0	31890#6	1
3081785#0	Q0	255433#38	1
3081785#0	Q0	1912733#22	1
3081785#0	Q0	255433#32	1
3081785#0	Q0	1325972#27	0
3081785#0	Q0	31890#3	0
3091635#0	Q0	167801#17	1
3091635#0	Q0	136528#110	0
3091635#0	Q0	555373#8	0
3091635#0	Q0	9867764#19	0
3091635#0	Q0	1772787#7	0
3091635#0	Q0	1714145#38	0
3091635#0	Q0	677822#15	0
3091635#0	Q0	132509#9	0
3091635#0	Q0	6434124#5	0
3091635#0	Q0	10146498#17	0
3094304#0	Q0	257842#21	1
3094304#0	Q0	266#41	0
3094304#0	Q0	257842#8	0
3094304#0	Q0	1471710#0	0
3094304#0	Q0	798319#6	0
3094304#0	Q0	257842#7	0
3094304#0	Q0	9184195#5	0
3094304#0	Q0	133665#3	0
3094304#0	Q0	1467540#0	0
3094304#0	Q0	26130#75	0
3097372#0	Q0	73290#0	1
3097372#0	Q0	2695563#0	1
3097372#0	Q0	732604#11	1
3097372#0	Q0	1260499#3	1
3097372#0	Q0	2695563#2	1
3097372#0	Q0	8769739#0	0
3097372#0	Q0	1740811#0	0
3097372#0	Q0	4405608#2	0
3097372#0	Q0	8085261#0	0
3097372#0	Q0	12610#0	0
3098719#0	Q0	81912#2	1
3098719#0	Q0	81912#0	1
3098719#0	Q0	1105622#0	1
3098719#0	Q0	10001602#1	1
3098719#0	Q0	319211#0	1
3098719#0	Q0	2749902#4	1
3098719#0	Q0	81912#5	1
3098719#0	Q0	4227277#6	1
3098719#0	Q0	7245928#2	1
3098719#0	Q0	6600345#5	0
3098939#0	Q0	6820164#6	1
3098939#0	Q0	168466#90	1
3098939#0	Q0	168466#66	1
3098939#0	Q0	6820164#58	1
3098939#0	Q0	6820164#9	1
3098939#0	Q0	142520#71	0
3098939#0	Q0	142520#0	0
3098939#0	Q0	6820164#14	0
3098939#0	Q0	6319573#0	0
3098939#0	Q0	168466#36	0
3100402#0	Q0	1041019#0	1
3100402#0	Q0	8806840#3	0
3100402#0	Q0	1235851#30	0
3100402#0	Q0	4974339#2	0
3100402#0	Q0	4877967#0	0
3100402#0	Q0	2340402#8	0
3100402#0	Q0	213933#14	0
3100402#0	Q0	2340402#11	0
3100402#0	Q0	6868683#0	0
3100402#0	Q0	529287#18	0
3104725#0	Q0	4858667#11	1
3104725#0	Q0	1055412#1	1
3104725#0	Q0	4353711#7	1
3104725#0	Q0	4858667#12	0
3104725#0	Q0	1238279#9	0
3104725#0	Q0	9197330#0	0
3104725#0	Q0	4858667#8	0
3104725#0	Q0	4858667#2	0
3104725#0	Q0	7376161#13	0
3104725#0	Q0	6116118#0	0
3127270#0	Q0	861596#28	1
3127270#0	Q0	175134#13	1
3127270#0	Q0	861596#30	1
3127270#0	Q0	861596#2	1
3127270#0	Q0	683678#1	1
3127270#0	Q0	198207#27	0
3127270#0	Q0	530811#6	0
3127270#0	Q0	9756606#10	0
3127270#0	Q0	5895976#2	0
3127270#0	Q0	9769387#6	0
3133141#0	Q0	3665593#0	1
3133141#0	Q0	3665593#4	1
3133141#0	Q0	3665593#12	1
3133141#0	Q0	51412#0	1
3133141#0	Q0	1529662#4	1
3133141#0	Q0	3665593#3	1
3133141#0	Q0	3665593#2	0
3133141#0	Q0	3665593#7	0
3133141#0	Q0	3665593#1	0
3133141#0	Q0	1138144#8	0
3133592#0	Q0	1237123#2	1
3133592#0	Q0	1237123#1	1
3133592#0	Q0	4443554#10	1
3133592#0	Q0	16065#3	1
3133592#0	Q0	115380#224	1
3133592#0	Q0	1237123#49	1
3133592#0	Q0	97837#82	1
3133592#0	Q0	8490730#6	1
3133592#0	Q0	8490730#1	1
3133592#0	Q0	1204168#136	1
3143968#0	Q0	656114#0	1
3143968#0	Q0	656114#20	1
3143968#0	Q0	656114#21	1
3143968#0	Q0	656114#11	1
3143968#0	Q0	9684389#51	1
3143968#0	Q0	656114#1	1
3143968#0	Q0	624281#7	1
3143968#0	Q0	656114#23	0
3143968#0	Q0	656114#8	0
3143968#0	Q0	10069165#48	0
3147171#0	Q0	140794#26	1
3147171#0	Q0	69096#22	1
3147171#0	Q0	69096#20	1
3147171#0	Q0	69096#23	1
3147171#0	Q0	476119#1	0
3147171#0	Q0	45852#1	0
3147171#0	Q0	426205#7	0
3147171#0	Q0	4766537#0	0
3147171#0	Q0	5393312#9	0
3147171#0	Q0	45852#4	0
3158118#0	Q0	88743#0	1
3158118#0	Q0	6860125#9	1
3158118#0	Q0	88743#2	1
3158118#0	Q0	76007#13	1
3158118#0	Q0	58218#1	1
3158118#0	Q0	147442#0	0
3158118#0	Q0	5145335#4	0
3158118#0	Q0	88743#5	0
3158118#0	Q0	9427709#0	0
3158118#0	Q0	147442#1	0
3169206#0	Q0	327857#4	1
3169206#0	Q0	31990#17	1
3169206#0	Q0	1581391#0	1
3169206#0	Q0	1858419#2	1
3169206#0	Q0	5802872#8	0
3169206#0	Q0	38840#27	0
3169206#0	Q0	4659025#2	0
3169206#0	Q0	210549#30	0
3169206#0	Q0	31990#16	0
3169206#0	Q0	2551203#9	0
3169700#0	Q0	5525131#11	1
3169700#0	Q0	10030640#9	0
3169700#0	Q0	5525131#33	0
3169700#0	Q0	5525131#39	0
3169700#0	Q0	5698#269	0
3169700#0	Q0	9682413#15	0
3169700#0	Q0	5525131#36	0
3169700#0	Q0	1936#40	0
3169700#0	Q0	68717#2	0
3169700#0	Q0	529368#1	0
3173643#0	Q0	282483#33	1
3173643#0	Q0	6496622#0	1
3173643#0	Q0	282483#1	1
3173643#0	Q0	282483#0	1
3173643#0	Q0	4210052#32	1
3173643#0	Q0	8877266#3	0
3173643#0	Q0	282483#44	0
3173643#0	Q0	6012950#1	0
3173643#0	Q0	282483#25	0
3173643#0	Q0	8245587#11	0
3173963#0	Q0	737627#0	1
3173963#0	Q0	781375#20	1
3173963#0	Q0	737627#21	1
3173963#0	Q0	8740559#18	1
3173963#0	Q0	255890#20	1
3173963#0	Q0	861187#5	1
3173963#0	Q0	737627#27	1
3173963#0	Q0	255890#23	1
3173963#0	Q0	737627#19	0
3173963#0	Q0	3173963#1	0
3175723#0	Q0	5995947#1	1
3175723#0	Q0	6916447#1	1
3175723#0	Q0	3557374#48	0
3175723#0	Q0	20913#0	0
3175723#0	Q0	30673#1	0
3175723#0	Q0	2100958#1	0
3175723#0	Q0	3656215#1	0
3175723#0	Q0	1398333#4	0
3175723#0	Q0	2760004#0	0
3175723#0	Q0	93670#11	0
317687#0	Q0	154663#0	1
317687#0	Q0	316035#11	1
317687#0	Q0	342964#0	1
317687#0	Q0	5252380#1	1
317687#0	Q0	16001#65	1
317687#0	Q0	7766594#8	0
317687#0	Q0	7684820#8	0
317687#0	Q0	4059#12	0
317687#0	Q0	997422#13	0
317687#0	Q0	58087#8	0
3183918#0	Q0	51278#4	1
3183918#0	Q0	8884#56	1
3183918#0	Q0	1788671#5	0
3183918#0	Q0	4553978#0	0
3183918#0	Q0	8884#35	0
3183918#0	Q0	1788671#4	0
3183918#0	Q0	1788671#0	0
3183918#0	Q0	8884#44	0
3183918#0	Q0	4490581#2	0
3183918#0	Q0	372103#7	0
3190278#0	Q0	17510#54	1
3190278#0	Q0	4189375#4	1
3190278#0	Q0	1974551#14	1
3190278#0	Q0	689178#0	0
3190278#0	Q0	2002106#0	0
3190278#0	Q0	17510#10	0
3190278#0	Q0	1494244#5	0
3190278#0	Q0	693800#0	0
3190278#0	Q0	17510#9	0
3190278#0	Q0	5226863#2	0
31965#0	Q0	7217619#4	1
31965#0	Q0	7217619#0	1
31965#0	Q0	245202#3	1
31965#0	Q0	1345251#5	1
31965#0	Q0	245202#22	1
31965#0	Q0	1349925#5	1
31965#0	Q0	1349925#2	1
31965#0	Q0	9406877#2	0
31965#0	Q0	2627267#3	0
31965#0	Q0	2819248#0	0
320083#0	Q0	85740#17	1
320083#0	Q0	532837#1	1
320083#0	Q0	85740#5	0
320083#0	Q0	1347404#27	0
320083#0	Q0	85740#19	0
320083#0	Q0	9835563#7	0
320083#0	Q0	416130#0	0
320083#0	Q0	8661987#2	0
320083#0	Q0	1292902#0	0
320083#0	Q0	717056#9	0
3205956#0	Q0	47455#18	1
3205956#0	Q0	5395617#9	0
3205956#0	Q0	7558428#2	0
3205956#0	Q0	444517#5	0
3205956#0	Q0	7558428#4	0
3205956#0	Q0	4093833#1	0
3205956#0	Q0	6288537#0	0
3205956#0	Q0	5395617#4	0
3205956#0	Q0	4464793#3	0
3205956#0	Q0	6288537#3	0
3205989#0	Q0	114769#5	1
3205989#0	Q0	488012#8	1
3205989#0	Q0	318729#85	1
3205989#0	Q0	152177#29	1
3205989#0	Q0	4449701#98	1
3205989#0	Q0	564627#4	1
3205989#0	Q0	6532589#3	1
3205989#0	Q0	318729#7	0
3205989#0	Q0	304633#24	0
3205989#0	Q0	7599892#2	0
3206072#0	Q0	18868#0	1
3206072#0	Q0	18868#59	1
3206072#0	Q0	11921#9	1
3206072#0	Q0	46730#25	1
3206072#0	Q0	46730#1	1
3206072#0	Q0	34432#20	1
3206072#0	Q0	46730#8	1
3206072#0	Q0	7298524#0	0
3206072#0	Q0	18868#54	0
3206072#0	Q0	635659#2	0
3212116#0	Q0	1376393#37	1
3212116#0	Q0	4502259#47	1
3212116#0	Q0	6871129#4	1
3212116#0	Q0	8852490#3	0
3212116#0	Q0	8852490#0	0
3212116#0	Q0	1005919#15	0
3212116#0	Q0	1376393#35	0
3212116#0	Q0	8994#9	0
3212116#0	Q0	7624#10	0
3212116#0	Q0	10058#44	0
3212423#0	Q0	8358675#0	1
3212423#0	Q0	1033704#78	1
3212423#0	Q0	7631456#67	1
3212423#0	Q0	1033704#0	0
3212423#0	Q0	1033704#80	0
3212423#0	Q0	1033704#81	0
3212423#0	Q0	1033704#76	0
3212423#0	Q0	1033704#105	0
3212423#0	Q0	8578551#51	0
3212423#0	Q0	2728173#9	0
3223780#0	Q0	257461#6	1
3223780#0	Q0	19291#2	1
3223780#0	Q0	2332713#3	1
3223780#0	Q0	257461#7	1
3223780#0	Q0	7593406#1	0
3223780#0	Q0	986627#11	0
3223780#0	Q0	9373954#5	0
3223780#0	Q0	19291#5	0
3223780#0	Q0	9373954#7	0
3223780#0	Q0	7677991#53	0
322802#0	Q0	9948235#6	1
322802#0	Q0	11433#13	1
322802#0	Q0	6640832#2	1
322802#0	Q0	669149#8	1
322802#0	Q0	11432#58	1
322802#0	Q0	9180383#6	1
322802#0	Q0	3080307#0	1
322802#0	Q0	370847#2	1
322802#0	Q0	5088145#3	1
322802#0	Q0	8847241#4	1
3231787#0	Q0	65796#0	1
3231787#0	Q0	3616384#8	1
3231787#0	Q0	142520#50	0
3231787#0	Q0	7352648#10	0
3231787#0	Q0	5793057#63	0
3231787#0	Q0	3195820#4	0
3231787#0	Q0	142520#46	0
3231787#0	Q0	5512931#1	0
3231787#0	Q0	5793057#53	0
3231787#0	Q0	5793057#33	0
3232238#0	Q0	39007#0	1
3232238#0	Q0	1631#4	1
3232238#0	Q0	39007#10	1
3232238#0	Q0	39007#2	1
3232238#0	Q0	39007#16	1
3232238#0	Q0	39007#1	1
3232238#0	Q0	9482407#0	0
3232238#0	Q0	39007#13	0
3232238#0	Q0	39007#14	0
3232238#0	Q0	8480273#1	0
3249078#0	Q0	43696#0	1
3249078#0	Q0	43696#5	1
3249078#0	Q0	43696#83	1
3249078#0	Q0	43696#1	1
3249078#0	Q0	43696#95	1
3249078#0	Q0	43696#2	1
3249078#0	Q0	43696#51	1
3249078#0	Q0	43696#9	1
3249078#0	Q0	4968007#158	0
3249078#0	Q0	5159329#15	0
326461#0	Q0	1008#4	1
326461#0	Q0	17532#3	1
326461#0	Q0	17532#0	1
326461#0	Q0	17532#7	1
326461#0	Q0	7539728#4	1
326461#0	Q0	18788#5	1
326461#0	Q0	184575#14	1
326461#0	Q0	17532#52	1
326461#0	Q0	17532#6	1
326461#0	Q0	6527273#0	0
32700#0	Q0	3629578#18	1
32700#0	Q0	3629578#19	1
32700#0	Q0	3629578#5	1
32700#0	Q0	3629578#6	1
32700#0	Q0	3629578#2	1
32700#0	Q0	3629578#12	1
32700#0	Q0	1056580#0	0
32700#0	Q0	650097#1	0
32700#0	Q0	1056580#2	0
32700#0	Q0	1056580#1	0
32730#0	Q0	53991#1	1
32730#0	Q0	32804#13	1
32730#0	Q0	32804#10	1
32730#0	Q0	53991#0	1
32730#0	Q0	8999837#0	0
32730#0	Q0	9899974#0	0
32730#0	Q0	3016441#36	0
32730#0	Q0	97186#1	0
32730#0	Q0	10029993#1	0
32730#0	Q0	8999837#1	0
3275354#0	Q0	8982#1	1
3275354#0	Q0	1625280#20	1
3275354#0	Q0	8982#0	1
3275354#0	Q0	25450#8	1
3275354#0	Q0	8157#18	1
3275354#0	Q0	8982#7	1
3275354#0	Q0	8982#4	1
3275354#0	Q0	1625280#19	1
3275354#0	Q0	4356377#23	0
3275354#0	Q0	36694#28	0
327671#0	Q0	4306500#2	1
327671#0	Q0	5031145#3	1
327671#0	Q0	5088873#0	1
327671#0	Q0	4308024#1	1
327671#0	Q0	4403058#1	1
327671#0	Q0	4528701#1	1
327671#0	Q0	313824#0	0
327671#0	Q0	313824#11	0
327671#0	Q0	4755564#12	0
327671#0	Q0	313824#2	0
3277757#0	Q0	9605691#16	1
3277757#0	Q0	9605691#17	1
3277757#0	Q0	10098805#34	1
3277757#0	Q0	8079718#5	1
3277757#0	Q0	9605691#19	0
3277757#0	Q0	6077475#88	0
3277757#0	Q0	1459599#1	0
3277757#0	Q0	8488032#7	0
3277757#0	Q0	9605691#10	0
3277757#0	Q0	10089775#30	0
3292174#0	Q0	7510#3	1
3292174#0	Q0	136300#19	1
3292174#0	Q0	2444645#4	1
3292174#0	Q0	2154448#4	1
3292174#0	Q0	550286#8	1
3292174#0	Q0	1966463#0	1
3292174#0	Q0	9200633#18	1
3292174#0	Q0	528756#9	1
3292174#0	Q0	33092#0	1
3292174#0	Q0	9197032#28	0
3301090#0	Q0	434432#5	1
3301090#0	Q0	115841#72	0
3301090#0	Q0	9432274#1	0
3301090#0	Q0	9511182#65	0
3301090#0	Q0	1590652#11	0
3301090#0	Q0	9511182#63	0
3301090#0	Q0	28725#3	0
3301090#0	Q0	6009489#13	0
3301090#0	Q0	57781#58	0
3301090#0	Q0	6541051#4	0
33173#0	Q0	233439#2	1
33173#0	Q0	3193993#3	1
33173#0	Q0	410#55	1
33173#0	Q0	550107#3	1
33173#0	Q0	2400700#48	1
33173#0	Q0	2651169#6	0
33173#0	Q0	411300#1	0
33173#0	Q0	6133029#14	0
33173#0	Q0	411300#12	0
33173#0	Q0	267428#3	0
332304#0	Q0	736388#0	1
332304#0	Q0	736388#33	0
332304#0	Q0	736388#26	0
332304#0	Q0	6205#0	0
332304#0	Q0	7740812#18	0
332304#0	Q0	9034168#1	0
332304#0	Q0	659440#1	0
332304#0	Q0	698403#1	0
332304#0	Q0	736388#40	0
332304#0	Q0	6205#30	0
3331096#0	Q0	11305#44	1
3331096#0	Q0	11305#0	1
3331096#0	Q0	11305#76	0
3331096#0	Q0	937943#0	0
3331096#0	Q0	11305#3	0
3331096#0	Q0	11305#1	0
3331096#0	Q0	11305#80	0
3331096#0	Q0	11305#53	0
3331096#0	Q0	11305#54	0
3331096#0	Q0	11305#52	0
3356055#0	Q0	2317226#11	1
3356055#0	Q0	69085#2	1
3356055#0	Q0	58123#0	1
3356055#0	Q0	78617#15	1
3356055#0	Q0	312042#9	1
3356055#0	Q0	58132#0	1
3356055#0	Q0	8755016#1	1
3356055#0	Q0	1715888#4	1
3356055#0	Q0	903014#10	0
3356055#0	Q0	78617#14	0
33633#0	Q0	9308033#6	1
33633#0	Q0	6527273#16	1
33633#0	Q0	4507055#9	1
33633#0	Q0	9423321#4	1
33633#0	Q0	8772058#0	1
33633#0	Q0	325611#11	1
33633#0	Q0	988541#1	1
33633#0	Q0	4109#1	0
33633#0	Q0	3091424#1	0
33633#0	Q0	6148502#12	0
3365326#0	Q0	4392910#0	1
3365326#0	Q0	4392910#1	1
3365326#0	Q0	4392910#5	1
3365326#0	Q0	202986#18	1
3365326#0	Q0	9164172#7	1
3365326#0	Q0	4392910#3	1
3365326#0	Q0	5010039#0	1
3365326#0	Q0	155591#8	1
3365326#0	Q0	155591#19	0
3365326#0	Q0	4392910#4	0
3373184#0	Q0	140824#0	1
3373184#0	Q0	1347012#0	1
3373184#0	Q0	5902190#0	0
3373184#0	Q0	3624651#0	0
3373184#0	Q0	9223262#25	0
3373184#0	Q0	6177114#0	0
3373184#0	Q0	140824#36	0
3373184#0	Q0	9012341#0	0
3373184#0	Q0	9012341#14	0
3373184#0	Q0	9012341#4	0
338913#0	Q0	1112719#4	1
338913#0	Q0	2681#7	1
338913#0	Q0	2593#17	1
338913#0	Q0	5497468#3	1
338913#0	Q0	1112719#8	1
338913#0	Q0	5497468#8	1
338913#0	Q0	156770#2	1
338913#0	Q0	5489133#4	1
338913#0	Q0	7553740#1	1
338913#0	Q0	5497468#6	0
339#0	Q0	6645#4	1
339#0	Q0	34575#55	1
339#0	Q0	1107820#1	0
339#0	Q0	2450638#0	0
339#0	Q0	5356104#228	0
339#0	Q0	85#14	0
339#0	Q0	1107816#3	0
339#0	Q0	1151135#2	0
339#0	Q0	89219#73	0
339#0	Q0	96958#3	0
340341#0	Q0	933523#2	1
340341#0	Q0	933523#0	0
340341#0	Q0	933523#5	0
340341#0	Q0	933523#3	0
340341#0	Q0	4238763#11	0
340341#0	Q0	321440#7	0
340341#0	Q0	6550010#4	0
340341#0	Q0	4427647#1	0
340341#0	Q0	5489508#3	0
340341#0	Q0	5395827#8	0
341322#0	Q0	7416432#1	1
341322#0	Q0	4811#0	1
341322#0	Q0	4811#4	1
341322#0	Q0	7416432#0	1
341322#0	Q0	4811#7	1
341322#0	Q0	56199#0	1
341322#0	Q0	7670538#1	1
341322#0	Q0	7131287#5	1
341322#0	Q0	7131287#17	1
341322#0	Q0	129544#4	1
343266#0	Q0	1308593#5	1
343266#0	Q0	582176#5	1
343266#0	Q0	1148643#14	1
343266#0	Q0	736388#60	1
343266#0	Q0	139158#6	1
343266#0	Q0	6396#16	1
343266#0	Q0	255950#2	1
343266#0	Q0	141345#46	0
343266#0	Q0	9220593#4	0
343266#0	Q0	141345#68	0
343554#0	Q0	280781#0	1
343554#0	Q0	11253#66	1
343554#0	Q0	2547144#0	1
343554#0	Q0	11253#0	1
343554#0	Q0	502952#0	1
343554#0	Q0	507482#0	1
343554#0	Q0	149821#0	1
343554#0	Q0	11253#87	0
343554#0	Q0	11253#67	0
343554#0	Q0	11253#8	0
3444186#0	Q0	6116118#0	1
3444186#0	Q0	1524404#0	1
3444186#0	Q0	31203#8	1
3444186#0	Q0	23512#2	1
3444186#0	Q0	138944#3	1
3444186#0	Q0	8957870#4	1
3444186#0	Q0	23512#12	1
3444186#0	Q0	5390538#1	0
3444186#0	Q0	5192882#11	0
3444186#0	Q0	5097825#1	0
344797#0	Q0	95660#0	1
344797#0	Q0	118357#0	1
344797#0	Q0	4913054#23	1
344797#0	Q0	652292#0	1
344797#0	Q0	294350#3	1
344797#0	Q0	832670#0	1
344797#0	Q0	234457#13	1
344797#0	Q0	1744786#9	1
344797#0	Q0	1583165#10	1
344797#0	Q0	1137962#17	0
346621#0	Q0	1002073#0	1
346621#0	Q0	1596971#1	1
346621#0	Q0	675436#0	0
346621#0	Q0	3906662#0	0
346621#0	Q0	1413556#0	0
346621#0	Q0	675436#6	0
346621#0	Q0	9130200#0	0
346621#0	Q0	440429#0	0
346621#0	Q0	3787808#0	0
346621#0	Q0	1516061#0	0
34683#0	Q0	697244#2	1
34683#0	Q0	69701#0	1
34683#0	Q0	460806#0	1
34683#0	Q0	9079829#0	1
34683#0	Q0	270466#0	1
34683#0	Q0	268162#0	1
34683#0	Q0	3767631#1	0
34683#0	Q0	265893#3	0
34683#0	Q0	2437567#4	0
34683#0	Q0	4116381#1	0
3477463#0	Q0	4473#129	1
3477463#0	Q0	72529#28	1
3477463#0	Q0	8395953#58	0
3477463#0	Q0	8395953#51	0
3477463#0	Q0	9127708#9	0
3477463#0	Q0	276780#28	0
3477463#0	Q0	77912#34	0
3477463#0	Q0	53812#31	0
3477463#0	Q0	553690#0	0
3477463#0	Q0	317068#13	0
3492591#0	Q0	9427461#10	1
3492591#0	Q0	6461032#32	1
3492591#0	Q0	3935821#3	1
3492591#0	Q0	891951#33	1
3492591#0	Q0	9268950#1	1
3492591#0	Q0	891951#31	1
3492591#0	Q0	891951#29	0
3492591#0	Q0	9100703#2	0
3492591#0	Q0	891951#0	0
3492591#0	Q0	6245845#54	0
3498311#0	Q0	9410923#3	1
3498311#0	Q0	9410923#0	1
3498311#0	Q0	8828769#42	0
3498311#0	Q0	8828769#0	0
3498311#0	Q0	7983559#0	0
3498311#0	Q0	8828769#19	0
3498311#0	Q0	8828769#36	0
3498311#0	Q0	8828769#23	0
3498311#0	Q0	8828769#26	0
3498311#0	Q0	9201291#2	0
3507554#0	Q0	163338#5	1
3507554#0	Q0	728864#10	1
3507554#0	Q0	728864#2	1
3507554#0	Q0	728864#5	1
3507554#0	Q0	728864#9	1
3507554#0	Q0	728864#0	1
3507554#0	Q0	728864#17	0
3507554#0	Q0	728864#6	0
3507554#0	Q0	728864#1	0
3507554#0	Q0	728864#8	0
351192#0	Q0	36520#0	1
351192#0	Q0	48271#0	1
351192#0	Q0	48271#66	1
351192#0	Q0	48271#116	1
351192#0	Q0	1543164#0	0
351192#0	Q0	139759#6	0
351192#0	Q0	139759#0	0
351192#0	Q0	152800#1	0
351192#0	Q0	6364802#0	0
351192#0	Q0	151466#0	0
3514413#0	Q0	10097728#0	1
3514413#0	Q0	7275276#19	1
3514413#0	Q0	2360351#0	1
3514413#0	Q0	339665#5	0
3514413#0	Q0	39933#5	0
3514413#0	Q0	1159132#33	0
3514413#0	Q0	545671#24	0
3514413#0	Q0	39933#21	0
3514413#0	Q0	8690#49	0
3514413#0	Q0	55349#1	0
3518948#0	Q0	88037#3	1
3518948#0	Q0	88037#0	1
3518948#0	Q0	68146#27	1
3518948#0	Q0	1102447#11	0
3518948#0	Q0	4254310#1	0
3518948#0	Q0	4222306#1	0
3518948#0	Q0	364423#0	0
3518948#0	Q0	6445829#0	0
3518948#0	Q0	8187658#6	0
3518948#0	Q0	860234#1	0
3523463#0	Q0	530170#0	1
3523463#0	Q0	7261742#0	0
3523463#0	Q0	393970#0	0
3523463#0	Q0	531987#1	0
3523463#0	Q0	775394#1	0
3523463#0	Q0	123602#0	0
3523463#0	Q0	530170#1	0
3523463#0	Q0	1458584#0	0
3523463#0	Q0	697275#1	0
3523463#0	Q0	530170#3	0
352562#0	Q0	7592#1	1
352562#0	Q0	694175#1	1
352562#0	Q0	4778#1	0
352562#0	Q0	3955677#1	0
352562#0	Q0	694175#0	0
352562#0	Q0	7861515#9	0
352562#0	Q0	263700#5	0
352562#0	Q0	23635#20	0
352562#0	Q0	694175#3	0
352562#0	Q0	4778#50	0
35353#0	Q0	1540#41	1
35353#0	Q0	34080#2	1
35353#0	Q0	1540#37	0
35353#0	Q0	3016441#14	0
35353#0	Q0	6915675#1	0
35353#0	Q0	5868358#21	0
35353#0	Q0	4756833#0	0
35353#0	Q0	419212#44	0
35353#0	Q0	7502230#19	0
35353#0	Q0	1634394#3	0
3542938#0	Q0	5203735#28	1
3542938#0	Q0	7616725#8	1
3542938#0	Q0	5539251#40	1
3542938#0	Q0	5539251#39	0
3542938#0	Q0	7616725#4	0
3542938#0	Q0	9411#25	0
3542938#0	Q0	6494227#7	0
3542938#0	Q0	561483#13	0
3542938#0	Q0	5539251#38	0
3542938#0	Q0	8364499#1	0
354858#0	Q0	156543#0	1
354858#0	Q0	31137#0	1
354858#0	Q0	8081426#14	1
354858#0	Q0	31137#8	1
354858#0	Q0	8940#0	1
354858#0	Q0	6838510#0	1
354858#0	Q0	31137#2	1
354858#0	Q0	4913537#0	1
354858#0	Q0	1554295#20	1
354858#0	Q0	5816086#0	0
3553422#0	Q0	151128#0	1
3553422#0	Q0	9303158#16	1
3553422#0	Q0	233439#2	1
3553422#0	Q0	151128#1	1
3553422#0	Q0	6541002#5	1
3553422#0	Q0	41800#4	0
3553422#0	Q0	522679#1	0
3553422#0	Q0	257461#16	0
3553422#0	Q0	986201#1	0
3553422#0	Q0	275811#2	0
3559389#0	Q0	629129#39	1
3559389#0	Q0	15796#36	1
3559389#0	Q0	629129#19	0
3559389#0	Q0	629129#41	0
3559389#0	Q0	629129#21	0
3559389#0	Q0	4323513#1	0
3559389#0	Q0	1382473#1	0
3559389#0	Q0	1382473#2	0
3559389#0	Q0	636435#2	0
3559389#0	Q0	6969300#4	0
3559955#0	Q0	4793116#1	1
3559955#0	Q0	4793116#2	1
3559955#0	Q0	15770#0	1
3559955#0	Q0	862155#4	1
3559955#0	Q0	11758#10	1
3559955#0	Q0	4793116#0	0
3559955#0	Q0	4793116#3	0
3559955#0	Q0	178811#0	0
3559955#0	Q0	178811#21	0
3559955#0	Q0	4793116#6	0
3568586#0	Q0	10145784#7	1
3568586#0	Q0	6354097#0	1
3568586#0	Q0	841#13	0
3568586#0	Q0	3681905#9	0
3568586#0	Q0	107544#4	0
3568586#0	Q0	557540#2	0
3568586#0	Q0	56821#21	0
3568586#0	Q0	59599#15	0
3568586#0	Q0	9356880#16	0
3568586#0	Q0	7626524#16	0
357049#0	Q0	26209#1	1
357049#0	Q0	5183#2	1
357049#0	Q0	26209#42	1
357049#0	Q0	2332518#36	1
357049#0	Q0	81055#26	1
357049#0	Q0	26209#0	1
357049#0	Q0	229851#24	1
357049#0	Q0	26209#32	0
357049#0	Q0	26209#39	0
357049#0	Q0	26209#30	0
357534#0	Q0	9997031#0	1
357534#0	Q0	8148603#0	0
357534#0	Q0	9697880#0	0
357534#0	Q0	6864645#0	0
357534#0	Q0	8916104#0	0
357534#0	Q0	7818069#0	0
357534#0	Q0	8015374#0	0
357534#0	Q0	8957362#0	0
357534#0	Q0	8988351#6	0
357534#0	Q0	4612930#0	0
3586797#0	Q0	16516#12	1
3586797#0	Q0	16516#0	1
3586797#0	Q0	16516#9	1
3586797#0	Q0	16516#1	1
3586797#0	Q0	16516#8	1
3586797#0	Q0	16516#13	0
3586797#0	Q0	3586797#0	0
3586797#0	Q0	16516#7	0
3586797#0	Q0	16516#5	0
3586797#0	Q0	16516#3	0
3595384#0	Q0	8953777#1	1
3595384#0	Q0	9132776#1	1
3595384#0	Q0	9370037#6	1
3595384#0	Q0	7953646#0	0
3595384#0	Q0	8907847#0	0
3595384#0	Q0	8476619#0	0
3595384#0	Q0	7953646#1	0
3595384#0	Q0	7949817#0	0
3595384#0	Q0	8655241#0	0
3595384#0	Q0	9132821#1	0
3602283#0	Q0	5304056#0	1
3602283#0	Q0	5967181#1	1
3602283#0	Q0	381816#9	1
3602283#0	Q0	8622632#0	1
3602283#0	Q0	2349282#0	1
3602283#0	Q0	777973#0	0
3602283#0	Q0	904201#4	0
3602283#0	Q0	5707742#0	0
3602283#0	Q0	791352#6	0
3602283#0	Q0	381816#7	0
3609695#0	Q0	385701#1	1
3609695#0	Q0	23564#99	1
3609695#0	Q0	385701#3	1
3609695#0	Q0	385701#0	1
3609695#0	Q0	182808#1	1
3609695#0	Q0	7975920#2	1
3609695#0	Q0	385701#2	1
3609695#0	Q0	3268633#16	1
3609695#0	Q0	6851630#0	0
3609695#0	Q0	3838570#0	0
361657#0	Q0	6872061#0	1
361657#0	Q0	6872061#1	1
361657#0	Q0	3612096#1	1
361657#0	Q0	167714#16	1
361657#0	Q0	6872061#3	0
361657#0	Q0	6872061#2	0
361657#0	Q0	15473#8	0
361657#0	Q0	624327#2	0
361657#0	Q0	7584730#11	0
361657#0	Q0	746191#7	0
361936#0	Q0	29252#0	1
361936#0	Q0	1555191#0	1
361936#0	Q0	8837780#1	1
361936#0	Q0	1555191#2	0
361936#0	Q0	361936#0	0
361936#0	Q0	1555191#4	0
361936#0	Q0	797036#0	0
361936#0	Q0	29252#18	0
362196#0	Q0	6222#4	1
362196#0	Q0	6222#24	1
362196#0	Q0	624413#41	1
362196#0	Q0	7428024#51	1
362196#0	Q0	468562#2	0
362196#0	Q0	7290892#10	0
362196#0	Q0	7428024#50	0
362196#0	Q0	684926#16	0
362196#0	Q0	8387513#8	0
362196#0	Q0	7290892#5	0
3624357#0	Q0	1979108#42	1
3624357#0	Q0	2062148#10	1
3624357#0	Q0	1090122#0	1
3624357#0	Q0	9849116#6	1
3624357#0	Q0	9718565#5	1
3624357#0	Q0	1979108#37	1
3624357#0	Q0	28725#8	1
3624357#0	Q0	1979108#41	1
3624357#0	Q0	3268059#36	1
3624357#0	Q0	1979108#36	0
3624530#0	Q0	2311810#11	1
3624530#0	Q0	240366#20	1
3624530#0	Q0	4834940#34	1
3624530#0	Q0	2311810#12	1
3624530#0	Q0	4909401#2	1
3624530#0	Q0	2310437#0	1
3624530#0	Q0	8462587#1	1
3624530#0	Q0	488905#9	1
3624530#0	Q0	6963112#1	1
3624530#0	Q0	488905#22	1
3624788#0	Q0	7238009#9	1
3624788#0	Q0	9108399#0	0
3624788#0	Q0	537573#0	0
3624788#0	Q0	537573#5	0
3624788#0	Q0	9108399#2	0
3624788#0	Q0	8664037#0	0
3624788#0	Q0	39254#25	0
3624788#0	Q0	8382232#12	0
3624788#0	Q0	5986257#0	0
3624788#0	Q0	6458266#3	0
3631107#0	Q0	1056265#0	1
3631107#0	Q0	1056265#5	0
3631107#0	Q0	606702#42	0
3631107#0	Q0	1056265#2	0
3631107#0	Q0	1056265#8	0
3631107#0	Q0	606702#76	0
3631107#0	Q0	245697#7	0
3631107#0	Q0	606702#68	0
3631107#0	Q0	1056265#7	0
3631107#0	Q0	1838691#1	0
363269#0	Q0	363269#2	1
363269#0	Q0	363278#5	1
363269#0	Q0	363278#1	1
363269#0	Q0	363269#0	1
363269#0	Q0	9439055#10	1
363269#0	Q0	534253#28	1
363269#0	Q0	363278#2	0
363269#0	Q0	315717#9	0
363269#0	Q0	3646138#10	0
363269#0	Q0	9365481#2	0
363371#0	Q0	189598#25	1
363371#0	Q0	1368596#51	1
363371#0	Q0	189598#20	0
363371#0	Q0	771660#3	0
363371#0	Q0	1974861#6	0
363371#0	Q0	4478610#2	0
363371#0	Q0	43033#20	0
363371#0	Q0	556733#7	0
363371#0	Q0	3007126#36	0
363371#0	Q0	860717#9	0
364051#0	Q0	33543#149	1
364051#0	Q0	3111424#25	0
364051#0	Q0	3111424#67	0
364051#0	Q0	3111424#68	0
364051#0	Q0	33543#0	0
364051#0	Q0	7342447#86	0
364051#0	Q0	4160403#5	0
364051#0	Q0	3111424#22	0
364051#0	Q0	33543#156	0
364051#0	Q0	7342447#65	0
3645573#0	Q0	37867#13	1
3645573#0	Q0	37867#0	1
3645573#0	Q0	565116#0	1
3645573#0	Q0	37867#14	1
3645573#0	Q0	37867#1	1
3645573#0	Q0	4382562#0	1
3645573#0	Q0	5179741#0	0
3645573#0	Q0	37867#25	0
3645573#0	Q0	115755#4	0
3645573#0	Q0	7254287#0	0
3653517#0	Q0	2311031#0	1
3653517#0	Q0	2311029#0	1
3653517#0	Q0	11444#0	1
3653517#0	Q0	11444#3	1
3653517#0	Q0	2311026#0	1
3653517#0	Q0	11444#2	1
3653517#0	Q0	81681#4	1
3653517#0	Q0	265789#10	1
3653517#0	Q0	11444#5	0
3653517#0	Q0	2311026#1	0
3654199#0	Q0	3654199#2	1
3654199#0	Q0	3654199#4	1
3654199#0	Q0	1499439#3	1
3654199#0	Q0	1499439#9	1
3654199#0	Q0	1499439#1	0
3654199#0	Q0	244285#81	0
3654199#0	Q0	1499439#13	0
3654199#0	Q0	3654199#0	0
3654199#0	Q0	1499439#10	0
3654199#0	Q0	1499439#7	0
3656215#0	Q0	698521#0	1
3656215#0	Q0	5390204#9	1
3656215#0	Q0	23783#20	1
3656215#0	Q0	4776374#21	1
3656215#0	Q0	698521#11	0
3656215#0	Q0	698521#10	0
3656215#0	Q0	698521#8	0
3656215#0	Q0	698521#5	0
3656215#0	Q0	698521#1	0
3656215#0	Q0	9466963#32	0
3658583#0	Q0	18985#1	1
3658583#0	Q0	66256#13	1
3658583#0	Q0	9805679#1	1
3658583#0	Q0	13648#15	0
3658583#0	Q0	9390092#7	0
3658583#0	Q0	9957368#1	0
3658583#0	Q0	7604677#4	0
3658583#0	Q0	1022385#2	0
3658583#0	Q0	201387#18	0
3658583#0	Q0	6453017#7	0
3659534#0	Q0	9898050#1	1
3659534#0	Q0	164913#0	1
3659534#0	Q0	8661987#0	1
3659534#0	Q0	85740#9	1
3659534#0	Q0	85740#32	1
3659534#0	Q0	5698#133	1
3659534#0	Q0	85740#12	1
3659534#0	Q0	734409#0	1
3659534#0	Q0	164913#2	1
3659534#0	Q0	6422059#26	0
366298#0	Q0	249466#0	1
366298#0	Q0	249466#4	0
366298#0	Q0	249466#26	0
366298#0	Q0	2466160#0	0
366298#0	Q0	249466#23	0
366298#0	Q0	249466#7	0
366298#0	Q0	4800926#2	0
366298#0	Q0	249466#15	0
366298#0	Q0	404214#0	0
366298#0	Q0	269013#17	0
3678790#0	Q0	328877#12	1
3678790#0	Q0	124980#50	0
3678790#0	Q0	180312#11	0
3678790#0	Q0	8501350#26	0
3678790#0	Q0	861520#33	0
3678790#0	Q0	9869748#29	0
3678790#0	Q0	96662#9	0
3678790#0	Q0	36#38	0
3678790#0	Q0	9916643#9	0
3678790#0	Q0	7432669#3	0
3680659#0	Q0	8991045#3	1
3680659#0	Q0	9117068#6	1
3680659#0	Q0	8976287#2	1
3680659#0	Q0	8580#63	0
3680659#0	Q0	48201#13	0
3680659#0	Q0	206760#9	0
3680659#0	Q0	342607#9	0
3680659#0	Q0	29780#39	0
3680659#0	Q0	8832504#11	0
3680659#0	Q0	9739101#4	0
3685482#0	Q0	5616001#5	1
3685482#0	Q0	2570383#1	0
3685482#0	Q0	1869793#216	0
3685482#0	Q0	2521964#0	0
3685482#0	Q0	2521964#6	0
3685482#0	Q0	8085448#4	0
3685482#0	Q0	7713581#8	0
3685482#0	Q0	8947489#0	0
3685482#0	Q0	7713581#18	0
3685482#0	Q0	8357926#2	0
36871#0	Q0	6596617#40	1
36871#0	Q0	36871#50	1
36871#0	Q0	1052699#25	1
36871#0	Q0	6968276#14	1
36871#0	Q0	6968276#13	1
36871#0	Q0	36871#14	0
36871#0	Q0	11680#35	0
36871#0	Q0	36871#2	0
36871#0	Q0	1052699#0	0
36871#0	Q0	8161622#12	0
3690200#0	Q0	147916#0	1
3690200#0	Q0	13328#2	1
3690200#0	Q0	8192972#2	1
3690200#0	Q0	13328#11	1
3690200#0	Q0	9548778#3	1
3690200#0	Q0	6834548#11	1
3690200#0	Q0	13328#1	1
3690200#0	Q0	1719116#0	1
3690200#0	Q0	35910#0	0
3690200#0	Q0	1419780#5	0
369796#0	Q0	821844#0	1
369796#0	Q0	10036901#3	1
369796#0	Q0	369796#0	1
369796#0	Q0	9305#12	1
369796#0	Q0	9305#17	0
369796#0	Q0	10036901#0	0
369796#0	Q0	9305#0	0
369796#0	Q0	10036901#1	0
369796#0	Q0	9305#14	0
369796#0	Q0	9305#11	0
3703386#0	Q0	1313069#2	1
3703386#0	Q0	6968727#3	0
3703386#0	Q0	3287344#4	0
3703386#0	Q0	8478153#3	0
3703386#0	Q0	514625#25	0
3703386#0	Q0	335149#2	0
3703386#0	Q0	4365860#38	0
3703386#0	Q0	57244#8	0
3703386#0	Q0	3297572#2	0
3703386#0	Q0	3296304#1	0
370654#0	Q0	31656#6	1
370654#0	Q0	603620#0	1
370654#0	Q0	19409#34	1
370654#0	Q0	31656#23	1
370654#0	Q0	40384#0	1
370654#0	Q0	6801#26	1
370654#0	Q0	1640268#21	1
370654#0	Q0	6072928#0	1
370654#0	Q0	259420#0	0
370654#0	Q0	31656#11	0
3709291#0	Q0	124980#25	1
3709291#0	Q0	276780#92	0
3709291#0	Q0	39610#18	0
3709291#0	Q0	5301#166	0
3709291#0	Q0	9132320#4	0
3709291#0	Q0	9738229#46	0
3709291#0	Q0	3548600#0	0
3709291#0	Q0	9132320#1	0
3709291#0	Q0	11428#28	0
3709291#0	Q0	6131188#8	0
371474#0	Q0	29856#63	1
371474#0	Q0	1202568#1	1
371474#0	Q0	29856#0	1
371474#0	Q0	44462#0	1
371474#0	Q0	333970#19	1
371474#0	Q0	530882#4	1
371474#0	Q0	88154#0	0
371474#0	Q0	29856#6	0
371474#0	Q0	29856#74	0
371474#0	Q0	88154#21	0
371625#0	Q0	56625#0	1
371625#0	Q0	56625#13	1
371625#0	Q0	5830362#5	1
371625#0	Q0	5835292#26	1
371625#0	Q0	5526102#3	1
371625#0	Q0	28844#5	0
371625#0	Q0	1066513#3	0
371625#0	Q0	120007#5	0
371625#0	Q0	101938#14	0
371625#0	Q0	185772#5	0
3718624#0	Q0	667698#0	1
3718624#0	Q0	667684#0	1
3718624#0	Q0	2909585#0	1
3718624#0	Q0	4288834#0	1
3718624#0	Q0	965682#0	1
3718624#0	Q0	5129341#0	1
3718624#0	Q0	2830552#0	1
3718624#0	Q0	2924185#0	1
3718624#0	Q0	2684716#0	1
3718624#0	Q0	965039#0	1
372103#0	Q0	665098#1	1
372103#0	Q0	665098#0	1
372103#0	Q0	665098#5	1
372103#0	Q0	100341#9	0
372103#0	Q0	665098#4	0
372103#0	Q0	665098#2	0
372103#0	Q0	4086213#1	0
372103#0	Q0	272293#1	0
372103#0	Q0	5175663#0	0
372103#0	Q0	9650128#1	0
373408#0	Q0	7958#112	1
373408#0	Q0	2138877#8	1
373408#0	Q0	7958#113	1
373408#0	Q0	2253061#31	1
373408#0	Q0	3111531#14	1
373408#0	Q0	1616274#12	1
373408#0	Q0	2253061#27	0
373408#0	Q0	250035#8	0
373408#0	Q0	1301691#7	0
373408#0	Q0	7958#110	0
374885#0	Q0	1920957#7	1
374885#0	Q0	33#4	1
374885#0	Q0	33#0	1
374885#0	Q0	218948#35	1
374885#0	Q0	553571#12	1
374885#0	Q0	5267403#0	0
374885#0	Q0	8000#39	0
374885#0	Q0	80#74	0
374885#0	Q0	7208115#3	0
374885#0	Q0	7208115#7	0
3749472#0	Q0	7514962#50	1
3749472#0	Q0	9101563#7	1
3749472#0	Q0	8778869#46	1
3749472#0	Q0	1101240#0	1
3749472#0	Q0	2450718#6	0
3749472#0	Q0	10062694#1	0
3749472#0	Q0	6879473#1	0
3749472#0	Q0	347500#2	0
3749472#0	Q0	6879917#11	0
3749472#0	Q0	43099#11	0
3757550#0	Q0	41663#39	1
3757550#0	Q0	9776141#4	1
3757550#0	Q0	260776#10	1
3757550#0	Q0	8432224#35	1
3757550#0	Q0	260776#0	1
3757550#0	Q0	27284#14	1
3757550#0	Q0	382451#3	1
3757550#0	Q0	15432#31	0
3757550#0	Q0	9221423#2	0
3757550#0	Q0	260776#12	0
375905#0	Q0	375905#6	1
375905#0	Q0	375905#0	1
375905#0	Q0	10032515#19	1
375905#0	Q0	375905#1	1
375905#0	Q0	375905#8	1
375905#0	Q0	375905#5	1
375905#0	Q0	8459580#14	0
375905#0	Q0	375905#7	0
375905#0	Q0	3607451#0	0
375905#0	Q0	133010#9	0
3764220#0	Q0	308962#5	1
3764220#0	Q0	318736#16	1
3764220#0	Q0	39438#1	1
3764220#0	Q0	2361263#8	0
3764220#0	Q0	9999081#3	0
3764220#0	Q0	4284352#1	0
3764220#0	Q0	1062697#16	0
3764220#0	Q0	242639#7	0
3764220#0	Q0	5356104#36	0
3764220#0	Q0	58632#6	0
3768944#0	Q0	1328#13	1
3768944#0	Q0	1328#0	1
3768944#0	Q0	7605032#0	1
3768944#0	Q0	6202717#7	1
3768944#0	Q0	8833973#26	1
3768944#0	Q0	7605032#16	1
3768944#0	Q0	8996001#0	1
3768944#0	Q0	1328#14	1
3768944#0	Q0	8833973#28	0
3768944#0	Q0	7605032#17	0
377036#0	Q0	516985#12	1
377036#0	Q0	516985#9	1
377036#0	Q0	61787#3	0
377036#0	Q0	9853802#12	0
377036#0	Q0	61787#9	0
377036#0	Q0	235994#16	0
377036#0	Q0	355398#0	0
377036#0	Q0	5685380#8	0
377036#0	Q0	516985#7	0
377036#0	Q0	9854136#47	0
3773783#0	Q0	8105972#12	1
3773783#0	Q0	2160895#3	1
3773783#0	Q0	8549225#1	1
3773783#0	Q0	7422296#0	1
3773783#0	Q0	97519#0	0
3773783#0	Q0	8105972#0	0
3773783#0	Q0	4968938#0	0
3773783#0	Q0	10100300#9	0
3773783#0	Q0	2776458#0	0
3773783#0	Q0	660298#0	0
3787889#0	Q0	3030345#0	1
3787889#0	Q0	3938627#0	1
3787889#0	Q0	1911032#40	1
3787889#0	Q0	3947823#0	1
3787889#0	Q0	19206#54	0
3787889#0	Q0	2937758#58	0
3787889#0	Q0	4966212#0	0
3787889#0	Q0	10092776#1	0
3787889#0	Q0	1910789#5	0
3787889#0	Q0	2728041#0	0
379859#0	Q0	266877#0	1
379859#0	Q0	266877#2	1
379859#0	Q0	266877#1	1
379859#0	Q0	266877#4	1
379859#0	Q0	346223#12	1
379859#0	Q0	674732#8	1
379859#0	Q0	346223#7	1
379859#0	Q0	5176191#2	0
379859#0	Q0	5176191#1	0
379859#0	Q0	4962750#14	0
3804512#0	Q0	189948#0	1
3804512#0	Q0	9363586#1	0
3804512#0	Q0	189948#9	0
3804512#0	Q0	141345#88	0
3804512#0	Q0	189948#4	0
3804512#0	Q0	189948#6	0
3804512#0	Q0	35423#5	0
3804512#0	Q0	9363586#0	0
3804512#0	Q0	189948#7	0
3804512#0	Q0	5154726#1	0
381059#0	Q0	73868#15	1
381059#0	Q0	1861508#66	1
381059#0	Q0	1861508#64	1
381059#0	Q0	534785#62	1
381059#0	Q0	534785#63	1
381059#0	Q0	73868#12	1
381059#0	Q0	8552098#9	1
381059#0	Q0	1861508#62	1
381059#0	Q0	9586553#4	1
381059#0	Q0	5031094#64	1
3819873#0	Q0	4241099#6	1
3819873#0	Q0	5240445#0	0
3819873#0	Q0	295376#0	0
3819873#0	Q0	771880#10	0
3819873#0	Q0	771880#6	0
3819873#0	Q0	8572821#4	0
3819873#0	Q0	296501#17	0
3819873#0	Q0	73179#47	0
3819873#0	Q0	3175344#50	0
3819873#0	Q0	7183#29	0
3825550#0	Q0	613398#24	1
3825550#0	Q0	5344685#2	1
3825550#0	Q0	4772164#0	0
3825550#0	Q0	9689658#0	0
3825550#0	Q0	9753583#28	0
3825550#0	Q0	7800349#7	0
3825550#0	Q0	36986#3	0
3825550#0	Q0	36329#102	0
3825550#0	Q0	6437301#8	0
3825550#0	Q0	3041788#3	0
384473#0	Q0	4185912#15	1
384473#0	Q0	9993680#1	1
384473#0	Q0	4185912#29	1
384473#0	Q0	4185912#27	0
384473#0	Q0	2428204#1	0
384473#0	Q0	5369658#0	0
384473#0	Q0	9993680#11	0
384473#0	Q0	8255150#1	0
384473#0	Q0	4185912#20	0
384473#0	Q0	4185912#19	0
3855934#0	Q0	5010059#31	1
3855934#0	Q0	3132706#1	1
3855934#0	Q0	7430133#0	1
3855934#0	Q0	7430133#1	1
3855934#0	Q0	7430133#35	1
3855934#0	Q0	141345#114	1
3855934#0	Q0	141345#124	1
3855934#0	Q0	7430133#25	0
3855934#0	Q0	7430133#49	0
3855934#0	Q0	7430133#29	0
3858778#0	Q0	9874861#37	1
3858778#0	Q0	9874861#57	1
3858778#0	Q0	9874861#42	1
3858778#0	Q0	9874861#69	1
3858778#0	Q0	9874861#61	0
3858778#0	Q0	7837521#7	0
3858778#0	Q0	9874861#75	0
3858778#0	Q0	9874861#76	0
3858778#0	Q0	9908731#45	0
3858778#0	Q0	9874861#35	0
3861921#0	Q0	1308271#0	1
3861921#0	Q0	1308271#5	1
3861921#0	Q0	1308271#14	1
3861921#0	Q0	3438353#23	1
3861921#0	Q0	1308271#2	1
3861921#0	Q0	3438353#14	0
3861921#0	Q0	5651676#0	0
3861921#0	Q0	1308271#3	0
3861921#0	Q0	7027150#7	0
3861921#0	Q0	9426654#5	0
3873658#0	Q0	3873658#0	1
3873658#0	Q0	4896527#5	0
3873658#0	Q0	4988339#2	0
3873658#0	Q0	6328437#1	0
3873658#0	Q0	4287374#2	0
3873658#0	Q0	719601#7	0
3873658#0	Q0	4504754#2	0
3873658#0	Q0	5544073#2	0
3873658#0	Q0	5555859#1	0
3873658#0	Q0	2282479#2	0
388322#0	Q0	7485185#3	1
388322#0	Q0	3091719#0	0
388322#0	Q0	7162313#4	0
388322#0	Q0	75532#10	0
388322#0	Q0	7229688#1	0
388322#0	Q0	899209#1	0
388322#0	Q0	37196#29	0
388322#0	Q0	5817587#0	0
388322#0	Q0	61956#26	0
388322#0	Q0	98380#11	0
3884246#0	Q0	4355814#0	1
3884246#0	Q0	2473389#0	1
3884246#0	Q0	4356402#0	1
3884246#0	Q0	290740#0	0
3884246#0	Q0	102953#0	0
3884246#0	Q0	4355859#0	0
3884246#0	Q0	2594109#0	0
3884246#0	Q0	1591506#0	0
3884246#0	Q0	290741#0	0
3884246#0	Q0	2475404#0	0
390052#0	Q0	7360#1	1
390052#0	Q0	5103864#39	1
390052#0	Q0	7360#0	1
390052#0	Q0	2501874#18	1
390052#0	Q0	7360#5	1
390052#0	Q0	7360#7	1
390052#0	Q0	10085677#16	1
390052#0	Q0	7360#27	1
390052#0	Q0	10325#0	1
390052#0	Q0	7360#11	1
3902711#0	Q0	3902711#0	1
3902711#0	Q0	8607998#18	0
3902711#0	Q0	4399353#18	0
3902711#0	Q0	9572416#26	0
3902711#0	Q0	639783#17	0
3902711#0	Q0	8607998#0	0
3902711#0	Q0	8607998#2	0
3902711#0	Q0	8607998#26	0
3902711#0	Q0	4713979#1	0
3902711#0	Q0	8861444#9	0
3905008#0	Q0	7531#0	1
3905008#0	Q0	7531#63	1
3905008#0	Q0	1105346#1	1
3905008#0	Q0	7530#1	1
3905008#0	Q0	568145#4	1
3905008#0	Q0	31264#3	1
3905008#0	Q0	1354156#5	1
3905008#0	Q0	1105346#0	0
3905008#0	Q0	7531#64	0
3905008#0	Q0	7531#32	0
3930193#0	Q0	7034170#45	1
3930193#0	Q0	391487#0	0
3930193#0	Q0	95431#0	0
3930193#0	Q0	10178#13	0
3930193#0	Q0	14026#1	0
3930193#0	Q0	6019695#1	0
3930193#0	Q0	12294#1	0
3930193#0	Q0	9248492#1	0
3930193#0	Q0	791248#0	0
3930193#0	Q0	10323#1	0
3930995#0	Q0	132397#5	1
3930995#0	Q0	132397#3	0
3930995#0	Q0	504626#0	0
3930995#0	Q0	51440#18	0
3930995#0	Q0	2325407#2	0
3930995#0	Q0	1680#0	0
3930995#0	Q0	139850#0	0
3930995#0	Q0	132397#2	0
3930995#0	Q0	3065470#0	0
3930995#0	Q0	51440#1	0
3931136#0	Q0	5835411#3	1
3931136#0	Q0	92657#2	1
3931136#0	Q0	3446914#44	1
3931136#0	Q0	376779#0	1
3931136#0	Q0	5835411#1	1
3931136#0	Q0	5835411#21	1
3931136#0	Q0	6206347#0	1
3931136#0	Q0	91577#3	1
3931136#0	Q0	91577#5	1
3931136#0	Q0	1075306#2	1
3938531#0	Q0	4048690#0	1
3938531#0	Q0	4111637#5	1
3938531#0	Q0	8711895#0	0
3938531#0	Q0	7292549#0	0
3938531#0	Q0	475147#15	0
3938531#0	Q0	4093479#0	0
3938531#0	Q0	4212462#0	0
3938531#0	Q0	4111637#0	0
3938531#0	Q0	475147#12	0
3938531#0	Q0	475147#39	0
3947554#0	Q0	9412275#0	1
3947554#0	Q0	1918042#13	0
3947554#0	Q0	653619#19	0
3947554#0	Q0	1918042#14	0
3947554#0	Q0	274803#9	0
3947554#0	Q0	653619#27	0
3947554#0	Q0	10021122#141	0
3947554#0	Q0	653619#28	0
3947554#0	Q0	9412275#8	0
3947554#0	Q0	653619#22	0
3947946#0	Q0	3194995#4	1
3947946#0	Q0	410#29	1
3947946#0	Q0	141345#181	1
3947946#0	Q0	281246#26	1
3947946#0	Q0	9903569#5	1
3947946#0	Q0	2060592#82	1
3947946#0	Q0	8776613#0	0
3947946#0	Q0	8774029#4	0
3947946#0	Q0	2060592#4	0
3947946#0	Q0	8776613#2	0
3963903#0	Q0	32991#5	1
3963903#0	Q0	10657#103	0
3963903#0	Q0	110229#100	0
3963903#0	Q0	373818#19	0
3963903#0	Q0	1306461#17	0
3963903#0	Q0	1263304#5	0
3963903#0	Q0	6504133#11	0
3963903#0	Q0	5600#2	0
3963903#0	Q0	1353806#171	0
3963903#0	Q0	5552638#30	0
3973285#0	Q0	569553#30	1
3973285#0	Q0	2546035#0	1
3973285#0	Q0	45217#43	1
3973285#0	Q0	1063240#4	0
3973285#0	Q0	7579458#0	0
3973285#0	Q0	2931162#8	0
3973285#0	Q0	8166868#4	0
3973285#0	Q0	6883448#11	0
3973285#0	Q0	2931162#9	0
3973285#0	Q0	1748815#37	0
4004223#0	Q0	4953412#6	1
4004223#0	Q0	40028#8	1
4004223#0	Q0	79570#6	1
4004223#0	Q0	40028#1	1
4004223#0	Q0	4953412#12	0
4004223#0	Q0	79570#1	0
4004223#0	Q0	28936#8	0
4004223#0	Q0	2234183#21	0
4004223#0	Q0	3904973#68	0
4004223#0	Q0	7929112#1	0
400920#0	Q0	13709#1	1
400920#0	Q0	7454185#1	0
400920#0	Q0	157337#25	0
400920#0	Q0	5211585#1	0
400920#0	Q0	47001#35	0
400920#0	Q0	6036135#72	0
400920#0	Q0	365900#1	0
400920#0	Q0	138125#10	0
400920#0	Q0	146570#0	0
400920#0	Q0	53678#18	0
4014220#0	Q0	11770#50	1
4014220#0	Q0	1204109#1	1
4014220#0	Q0	4995419#2	1
4014220#0	Q0	1219720#0	1
4014220#0	Q0	129305#12	1
4014220#0	Q0	8161443#1	1
4014220#0	Q0	39890#10	1
4014220#0	Q0	3024957#5	1
4014220#0	Q0	4080678#2	0
4014220#0	Q0	4080678#11	0
401644#0	Q0	62338#1	1
401644#0	Q0	5159786#0	1
401644#0	Q0	62338#0	1
401644#0	Q0	617447#4	1
401644#0	Q0	98493#0	1
401644#0	Q0	62338#6	1
401644#0	Q0	98493#2	1
401644#0	Q0	6001777#6	0
401644#0	Q0	594010#7	0
401644#0	Q0	594010#0	0
4033121#0	Q0	345862#93	1
4033121#0	Q0	599264#30	1
4033121#0	Q0	31947#28	0
4033121#0	Q0	31947#34	0
4033121#0	Q0	2400685#2	0
4033121#0	Q0	31947#41	0
4033121#0	Q0	31947#49	0
4033121#0	Q0	31947#3	0
4033121#0	Q0	31947#5	0
4033121#0	Q0	9635831#1	0
40334#0	Q0	2348452#0	1
40334#0	Q0	30089#0	1
40334#0	Q0	2348452#15	1
40334#0	Q0	4417512#0	1
40334#0	Q0	33929#0	0
40334#0	Q0	527878#37	0
40334#0	Q0	2348452#9	0
40334#0	Q0	2348452#3	0
40334#0	Q0	2348452#8	0
40334#0	Q0	7388162#1	0
4039398#0	Q0	4444588#58	1
4039398#0	Q0	85618#2	1
4039398#0	Q0	4607975#15	1
4039398#0	Q0	1850344#16	1
4039398#0	Q0	85618#1	1
4039398#0	Q0	85618#8	1
4039398#0	Q0	48912#6	0
4039398#0	Q0	85618#0	0
4039398#0	Q0	9837455#4	0
4039398#0	Q0	85618#13	0
405128#0	Q0	5022914#0	1
405128#0	Q0	693069#13	1
405128#0	Q0	1086127#7	1
405128#0	Q0	1086127#0	1
405128#0	Q0	199028#11	1
405128#0	Q0	4713637#3	1
405128#0	Q0	164338#10	0
405128#0	Q0	747709#5	0
405128#0	Q0	1086127#2	0
405128#0	Q0	7086894#7	0
40580#0	Q0	689592#0	1
40580#0	Q0	2231334#15	1
40580#0	Q0	689592#17	1
40580#0	Q0	689592#1	1
40580#0	Q0	89338#13	1
40580#0	Q0	726751#5	0
40580#0	Q0	61736#0	0
40580#0	Q0	9065758#6	0
40580#0	Q0	25559#3	0
40580#0	Q0	86479#3	0
4058186#0	Q0	1384678#11	1
4058186#0	Q0	7510503#13	1
4058186#0	Q0	1005244#11	0
4058186#0	Q0	7510536#17	0
4058186#0	Q0	8772506#2	0
4058186#0	Q0	1384678#12	0
4058186#0	Q0	6153324#10	0
4058186#0	Q0	8252605#3	0
4058186#0	Q0	9203953#2	0
4058186#0	Q0	8252605#1	0
406222#0	Q0	6417631#0	1
406222#0	Q0	9368859#1	1
406222#0	Q0	6417631#2	1
406222#0	Q0	6417631#4	1
406222#0	Q0	3762938#17	1
406222#0	Q0	6417631#3	0
406222#0	Q0	252#37	0
406222#0	Q0	9391268#3	0
406222#0	Q0	15419#55	0
406222#0	Q0	58633#1	0
4065588#0	Q0	4065588#4	1
4065588#0	Q0	4065588#7	1
4065588#0	Q0	4065588#6	1
4065588#0	Q0	4065588#0	0
4065588#0	Q0	4065588#5	0
4065588#0	Q0	4065588#3	0
4065588#0	Q0	8697225#9	0
4065588#0	Q0	4065588#2	0
4065588#0	Q0	5839420#0	0
4065588#0	Q0	2061141#5	0
4065702#0	Q0	200797#2	1
4065702#0	Q0	200797#9	1
4065702#0	Q0	200797#13	0
4065702#0	Q0	10130#3	0
4065702#0	Q0	200797#7	0
4065702#0	Q0	10130#10	0
4065702#0	Q0	200797#1	0
4065702#0	Q0	200797#22	0
4065702#0	Q0	35691#52	0
4065702#0	Q0	200797#17	0
4070323#0	Q0	145690#36	1
4070323#0	Q0	2400722#65	1
4070323#0	Q0	6205747#1	1
4070323#0	Q0	693338#0	1
4070323#0	Q0	693338#1	1
4070323#0	Q0	35#151	0
4070323#0	Q0	27073#90	0
4070323#0	Q0	8000#46	0
4070323#0	Q0	5439694#30	0
4070323#0	Q0	693338#6	0
4073404#0	Q0	2525464#0	1
4073404#0	Q0	1438888#0	1
4073404#0	Q0	1438888#1	1
4073404#0	Q0	16369#16	0
4073404#0	Q0	46297#16	0
4073404#0	Q0	8344493#0	0
4073404#0	Q0	1061672#14	0
4073404#0	Q0	282727#28	0
4073404#0	Q0	46297#9	0
4073404#0	Q0	2132257#0	0
4079754#0	Q0	18108#0	1
4079754#0	Q0	713491#17	0
4079754#0	Q0	8000#39	0
4079754#0	Q0	713491#33	0
4079754#0	Q0	8000#17	0
4079754#0	Q0	8000#0	0
4079754#0	Q0	5698#131	0
4079754#0	Q0	17618#0	0
4079754#0	Q0	1078352#0	0
4079754#0	Q0	8000#48	0
4080360#0	Q0	10997#39	1
4080360#0	Q0	581198#11	0
4080360#0	Q0	16529#8	0
4080360#0	Q0	9551817#3	0
4080360#0	Q0	2603293#12	0
4080360#0	Q0	1263304#5	0
4080360#0	Q0	200797#16	0
4080360#0	Q0	295941#6	0
4080360#0	Q0	613634#16	0
4080360#0	Q0	830959#47	0
4080934#0	Q0	429490#0	1
4080934#0	Q0	1796318#31	1
4080934#0	Q0	1007388#0	1
4080934#0	Q0	1493704#0	1
4080934#0	Q0	429490#2	0
4080934#0	Q0	1365697#11	0
4080934#0	Q0	429490#4	0
4080934#0	Q0	323100#0	0
4080934#0	Q0	429490#3	0
4080934#0	Q0	429490#1	0
4081882#0	Q0	620484#0	1
4081882#0	Q0	9732696#6	1
4081882#0	Q0	4104438#3	1
4081882#0	Q0	9732696#26	0
4081882#0	Q0	620484#1	0
4081882#0	Q0	620484#2	0
4081882#0	Q0	2689#4	0
4081882#0	Q0	9732696#23	0
4081882#0	Q0	620484#3	0
4081882#0	Q0	41026#51	0
4081989#0	Q0	5613687#0	1
4081989#0	Q0	14026#20	1
4081989#0	Q0	7051697#6	1
4081989#0	Q0	5303088#0	1
4081989#0	Q0	5613687#4	1
4081989#0	Q0	3035435#0	1
4081989#0	Q0	14026#0	1
4081989#0	Q0	8869264#13	0
4081989#0	Q0	8188661#3	0
4081989#0	Q0	5303088#1	0
4082014#0	Q0	483646#1	1
4082014#0	Q0	10130#2	1
4082014#0	Q0	10130#10	1
4082014#0	Q0	10130#3	1
4082014#0	Q0	59296#0	1
4082014#0	Q0	9371#34	1
4082014#0	Q0	629357#17	1
4082014#0	Q0	200797#4	1
4082014#0	Q0	9371#33	0
4082014#0	Q0	10139776#3	0
4083057#0	Q0	1889774#9	1
4083057#0	Q0	9728755#7	1
4083057#0	Q0	9579838#2	1
4083057#0	Q0	3201899#48	1
4083057#0	Q0	972#142	1
4083057#0	Q0	6965467#7	0
4083057#0	Q0	4280295#54	0
4083057#0	Q0	1830#303	0
4083057#0	Q0	8412940#19	0
4083057#0	Q0	5495779#1	0
40867#0	Q0	222627#0	1
40867#0	Q0	222627#11	1
40867#0	Q0	222627#36	1
40867#0	Q0	222627#47	1
40867#0	Q0	222627#39	1
40867#0	Q0	222627#13	1
40867#0	Q0	222627#43	1
40867#0	Q0	4162718#0	1
40867#0	Q0	222627#38	1
40867#0	Q0	4162740#0	1
4087192#0	Q0	116355#0	1
4087192#0	Q0	6841512#0	1
4087192#0	Q0	439427#3	1
4087192#0	Q0	332735#0	0
4087192#0	Q0	5310115#0	0
4087192#0	Q0	5064208#0	0
4087192#0	Q0	5118475#0	0
4087192#0	Q0	763385#24	0
4087192#0	Q0	1212404#3	0
4087192#0	Q0	556990#0	0
4090844#0	Q0	128089#230	1
4090844#0	Q0	128089#0	1
4090844#0	Q0	143744#0	0
4090844#0	Q0	128089#6	0
4090844#0	Q0	128089#281	0
4090844#0	Q0	128089#278	0
4090844#0	Q0	128089#255	0
4090844#0	Q0	8819806#2	0
4090844#0	Q0	128089#275	0
4090844#0	Q0	6334551#0	0
4091823#0	Q0	5343#90	1
4091823#0	Q0	2648513#3	1
4091823#0	Q0	83185#56	0
4091823#0	Q0	5343#42	0
4091823#0	Q0	2635624#1	0
4091823#0	Q0	8670329#19	0
4091823#0	Q0	3044608#1	0
4091823#0	Q0	157966#14	0
4091823#0	Q0	3044608#3	0
4091823#0	Q0	86117#24	0
4100094#0	Q0	171321#0	1
4100094#0	Q0	171321#4	1
4100094#0	Q0	2295374#1	0
4100094#0	Q0	2591052#0	0
4100094#0	Q0	1274766#1	0
4100094#0	Q0	4454691#1	0
4100094#0	Q0	9687218#2	0
4100094#0	Q0	6454630#0	0
4100094#0	Q0	2731882#0	0
4100094#0	Q0	7386625#1	0
4101597#0	Q0	32976#29	1
4101597#0	Q0	32976#0	1
4101597#0	Q0	895824#2	1
4101597#0	Q0	32976#38	1
4101597#0	Q0	32976#2	1
4101597#0	Q0	7091821#6	1
4101597#0	Q0	32976#37	1
4101597#0	Q0	5600#195	1
4101597#0	Q0	32976#1	0
4101597#0	Q0	31991#6	0
4103211#0	Q0	1492378#6	1
4103211#0	Q0	1492378#30	0
4103211#0	Q0	1492378#11	0
4103211#0	Q0	9368669#1	0
4103211#0	Q0	7003413#4	0
4103211#0	Q0	1492378#14	0
4103211#0	Q0	1492378#4	0
4103211#0	Q0	9437818#2	0
4103211#0	Q0	1492378#22	0
4103211#0	Q0	5476899#0	0
410329#0	Q0	5588855#6	1
410329#0	Q0	31872#67	1
410329#0	Q0	6095672#32	1
410329#0	Q0	72844#12	0
410329#0	Q0	8910357#0	0
410329#0	Q0	4903249#9	0
410329#0	Q0	8471106#14	0
410329#0	Q0	5883941#13	0
410329#0	Q0	4852276#7	0
410329#0	Q0	5588855#7	0
4105782#0	Q0	5686358#0	1
4105782#0	Q0	2242682#1	1
4105782#0	Q0	37504#3	1
4105782#0	Q0	5804722#0	0
4105782#0	Q0	491440#2	0
4105782#0	Q0	252330#4	0
4105782#0	Q0	205985#5	0
4105782#0	Q0	37504#11	0
4105782#0	Q0	1283810#2	0
4105782#0	Q0	3644496#3	0
410873#0	Q0	375058#3	1
410873#0	Q0	890242#0	1
410873#0	Q0	615#4	1
410873#0	Q0	375058#2	0
410873#0	Q0	2708055#7	0
410873#0	Q0	2708055#1	0
410873#0	Q0	2708055#8	0
410873#0	Q0	21347#55	0
410873#0	Q0	73858#2	0
410873#0	Q0	3644253#4	0
410893#0	Q0	382802#2	1
410893#0	Q0	382802#0	1
410893#0	Q0	224288#20	1
410893#0	Q0	4988569#13	1
410893#0	Q0	382802#1	0
410893#0	Q0	382802#10	0
410893#0	Q0	6544895#0	0
410893#0	Q0	382802#7	0
410893#0	Q0	1001905#0	0
410893#0	Q0	7893657#0	0
4121983#0	Q0	5588344#0	1
4121983#0	Q0	28836#1	1
4121983#0	Q0	5588344#53	1
4121983#0	Q0	5588344#28	1
4121983#0	Q0	898110#24	1
4121983#0	Q0	5588344#4	0
4121983#0	Q0	5588344#2	0
4121983#0	Q0	5588344#19	0
4121983#0	Q0	5588344#65	0
4121983#0	Q0	5588344#1	0
41248#0	Q0	1085997#7	1
41248#0	Q0	997770#1	0
41248#0	Q0	1085997#8	0
41248#0	Q0	3606733#0	0
41248#0	Q0	87552#0	0
41248#0	Q0	4881856#8	0
41248#0	Q0	41555#1	0
41248#0	Q0	4636204#11	0
41248#0	Q0	6484494#32	0
41248#0	Q0	1603866#3	0
4139099#0	Q0	4139099#9	1
4139099#0	Q0	4139099#8	1
4139099#0	Q0	7264763#0	1
4139099#0	Q0	41822#19	0
4139099#0	Q0	5444247#5	0
4139099#0	Q0	6631594#1	0
4139099#0	Q0	202567#3	0
4139099#0	Q0	8408337#24	0
4139099#0	Q0	45023#18	0
4139099#0	Q0	10098770#11	0
4160423#0	Q0	5356104#51	1
4160423#0	Q0	43312#10	1
4160423#0	Q0	115266#3	0
4160423#0	Q0	4834485#0	0
4160423#0	Q0	660499#3	0
4160423#0	Q0	1477568#1	0
4160423#0	Q0	3394829#0	0
4160423#0	Q0	9822376#8	0
4160423#0	Q0	1212761#1	0
4160423#0	Q0	10004617#0	0
4161863#0	Q0	1798472#4	1
4161863#0	Q0	7915263#13	0
4161863#0	Q0	4121#80	0
4161863#0	Q0	102814#0	0
4161863#0	Q0	645953#381	0
4161863#0	Q0	58532#47	0
4161863#0	Q0	6404983#8	0
4161863#0	Q0	7392190#27	0
4161863#0	Q0	68578#0	0
4161863#0	Q0	408229#8	0
4168511#0	Q0	41800#95	1
4168511#0	Q0	10031263#32	0
4168511#0	Q0	4849119#0	0
4168511#0	Q0	41800#96	0
4168511#0	Q0	7433997#22	0
4168511#0	Q0	5599602#2	0
4168511#0	Q0	9908182#2	0
4168511#0	Q0	347297#5	0
4168511#0	Q0	2021773#1	0
4168511#0	Q0	7916718#3	0
4169040#0	Q0	8148518#2	1
4169040#0	Q0	168152#1	1
4169040#0	Q0	9503785#1	1
4169040#0	Q0	167354#0	1
4169040#0	Q0	274490#2	1
4169040#0	Q0	3328953#27	1
4169040#0	Q0	257860#0	1
4169040#0	Q0	170027#0	1
4169040#0	Q0	165938#0	1
4169040#0	Q0	1724921#31	0
4175421#0	Q0	69540#13	1
4175421#0	Q0	69540#4	1
4175421#0	Q0	5115208#18	0
4175421#0	Q0	5382519#0	0
4175421#0	Q0	46675#59	0
4175421#0	Q0	5099708#107	0
4175421#0	Q0	9718785#0	0
417572#0	Q0	19304#0	1
417572#0	Q0	19304#4	1
417572#0	Q0	19304#6	1
417572#0	Q0	19304#18	1
417572#0	Q0	5876452#1	1
417572#0	Q0	19304#2	1
417572#0	Q0	5876452#13	1
417572#0	Q0	19304#8	1
417572#0	Q0	5033047#0	0
417572#0	Q0	19304#5	0
4177973#0	Q0	8232228#8	1
4177973#0	Q0	6511501#2	1
4177973#0	Q0	8232228#18	1
4177973#0	Q0	8232228#15	1
4177973#0	Q0	6511501#5	1
4177973#0	Q0	8232228#11	1
4177973#0	Q0	6511501#59	0
4177973#0	Q0	6511501#64	0
4177973#0	Q0	6511501#21	0
4177973#0	Q0	4665#43	0
4192433#0	Q0	19440#24	1
4192433#0	Q0	47230#2	1
4192433#0	Q0	218790#22	1
4192433#0	Q0	19440#0	1
4192433#0	Q0	712170#2	0
4192433#0	Q0	2295264#0	0
4192433#0	Q0	712170#4	0
4192433#0	Q0	262460#1	0
4192433#0	Q0	19440#2	0
4192433#0	Q0	1077124#0	0
4193172#0	Q0	480815#0	1
4193172#0	Q0	582654#3	1
4193172#0	Q0	9684389#156	1
4193172#0	Q0	9127007#17	1
4193172#0	Q0	1718166#7	1
4193172#0	Q0	9164114#0	1
4193172#0	Q0	9868759#3	1
4193172#0	Q0	480815#2	0
4193172#0	Q0	480815#1	0
4193172#0	Q0	582654#2	0
4196900#0	Q0	216821#9	1
4196900#0	Q0	2554080#15	1
4196900#0	Q0	632343#43	1
4196900#0	Q0	1812762#31	1
4196900#0	Q0	1812762#33	1
4196900#0	Q0	167977#20	1
4196900#0	Q0	7429628#0	1
4196900#0	Q0	167977#21	1
4196900#0	Q0	110311#24	1
4196900#0	Q0	632343#67	1
421239#0	Q0	131604#55	1
421239#0	Q0	131604#5	1
421239#0	Q0	60985#170	1
421239#0	Q0	131604#28	0
421239#0	Q0	60985#156	0
421239#0	Q0	9834575#0	0
421239#0	Q0	4181734#1	0
421239#0	Q0	5512785#3	0
421239#0	Q0	3107706#5	0
421239#0	Q0	131604#7	0
421301#0	Q0	1984#7	1
421301#0	Q0	2141#14	1
421301#0	Q0	409747#12	1
421301#0	Q0	8064892#6	1
421301#0	Q0	1984#8	1
421301#0	Q0	7308941#8	1
421301#0	Q0	554761#14	1
421301#0	Q0	336590#27	0
4217327#0	Q0	9705235#0	1
4217327#0	Q0	9705235#2	1
4217327#0	Q0	7577400#55	1
4217327#0	Q0	8864405#0	1
4217327#0	Q0	7714560#1	1
4217327#0	Q0	9705235#4	1
4217327#0	Q0	8022786#3	1
4217327#0	Q0	8022786#1	1
4217327#0	Q0	7714560#0	1
4217327#0	Q0	8022786#2	1
4225019#0	Q0	68597#45	1
4225019#0	Q0	3741766#2	1
4225019#0	Q0	8665671#13	0
4225019#0	Q0	3521705#11	0
4225019#0	Q0	73750#23	0
4225019#0	Q0	959092#15	0
4225019#0	Q0	2100958#17	0
4225019#0	Q0	9558951#19	0
4225019#0	Q0	7895613#9	0
4225019#0	Q0	164993#25	0
4226267#0	Q0	4226267#0	1
4226267#0	Q0	4226267#1	1
4226267#0	Q0	6553791#1	0
4226267#0	Q0	6552747#0	0
4226267#0	Q0	6552158#0	0
4226267#0	Q0	6552791#1	0
4226267#0	Q0	6553114#1	0
4226267#0	Q0	6552190#0	0
4226267#0	Q0	6553779#1	0
4226267#0	Q0	6551929#0	0
4261211#0	Q0	231526#0	1
4261211#0	Q0	231280#0	1
4261211#0	Q0	231526#20	0
4261211#0	Q0	7641258#0	0
4261211#0	Q0	231526#19	0
4261211#0	Q0	7090739#0	0
4261211#0	Q0	5361992#0	0
4261211#0	Q0	6031711#1	0
4261211#0	Q0	7076925#2	0
4261211#0	Q0	6031711#0	0
426131#0	Q0	1834672#106	1
426131#0	Q0	2469624#26	1
426131#0	Q0	9695721#9	1
426131#0	Q0	5698#278	1
426131#0	Q0	1271892#27	1
426131#0	Q0	5832#17	1
426131#0	Q0	5698#267	0
426131#0	Q0	8772#63	0
426131#0	Q0	8937662#4	0
426131#0	Q0	9597932#4	0
4263363#0	Q0	215142#0	1
4263363#0	Q0	215142#3	1
4263363#0	Q0	215142#13	1
4263363#0	Q0	4872723#1	1
4263363#0	Q0	4950906#0	1
4263363#0	Q0	570376#0	0
4263363#0	Q0	9724423#0	0
4263363#0	Q0	215142#10	0
4263363#0	Q0	4157628#2	0
4263363#0	Q0	190600#9	0
4272594#0	Q0	53#31	1
4272594#0	Q0	43747#4	1
4272594#0	Q0	53#48	1
4272594#0	Q0	53#39	1
4272594#0	Q0	53#2	1
4272594#0	Q0	53#46	1
4272594#0	Q0	9509113#4	1
4272594#0	Q0	4598#5	1
4272594#0	Q0	53#49	0
4272594#0	Q0	53#1	0
4272772#0	Q0	96214#2	1
4272772#0	Q0	96214#1	1
4272772#0	Q0	96214#0	0
4272772#0	Q0	5025512#8	0
4272772#0	Q0	96214#5	0
4272772#0	Q0	6922681#0	0
4272772#0	Q0	574391#1	0
4272772#0	Q0	4210240#0	0
4272772#0	Q0	96214#3	0
4272772#0	Q0	96214#6	0
4272849#0	Q0	301309#16	1
4272849#0	Q0	301309#11	1
4272849#0	Q0	301309#12	1
4272849#0	Q0	301309#6	1
4272849#0	Q0	301309#15	1
4272849#0	Q0	301309#0	1
4272849#0	Q0	6536662#14	0
4272849#0	Q0	1971457#3	0
4272849#0	Q0	793343#3	0
4272849#0	Q0	3241249#4	0
4283382#0	Q0	19409#2	1
4283382#0	Q0	19409#36	1
4283382#0	Q0	5656897#3	1
4283382#0	Q0	2077179#6	1
4283382#0	Q0	980#0	1
4283382#0	Q0	972#80	1
4283382#0	Q0	179825#16	1
4283382#0	Q0	980#29	0
4283382#0	Q0	1838174#0	0
4283382#0	Q0	2142160#19	0
4287963#0	Q0	1387398#2	1
4287963#0	Q0	1387398#4	1
4287963#0	Q0	1387398#0	1
4287963#0	Q0	8660086#0	1
4287963#0	Q0	8660086#1	1
4287963#0	Q0	1387398#5	1
4287963#0	Q0	8660086#2	1
4287963#0	Q0	1387398#3	1
4287963#0	Q0	2244515#0	0
4287963#0	Q0	1387398#8	0
4288875#0	Q0	517105#4	1
4288875#0	Q0	9256797#0	1
4288875#0	Q0	517105#2	1
4288875#0	Q0	9683551#5	0
4288875#0	Q0	4315865#17	0
4288875#0	Q0	3678370#31	0
4288875#0	Q0	111060#7	0
4290109#0	Q0	7579070#0	1
4290109#0	Q0	8783019#11	1
4290109#0	Q0	4290109#0	1
4290109#0	Q0	8783019#14	1
4290109#0	Q0	8181288#41	1
4290109#0	Q0	4290109#3	0
4290109#0	Q0	6646#0	0
4290109#0	Q0	1535724#0	0
4290109#0	Q0	1623066#2	0
4290109#0	Q0	4290109#2	0
4303449#0	Q0	9536779#27	1
4303449#0	Q0	459946#3	1
4303449#0	Q0	4313992#11	0
4303449#0	Q0	76412#0	0
4303449#0	Q0	1964569#9	0
4303449#0	Q0	43333#3	0
4303449#0	Q0	34575#86	0
4303449#0	Q0	77902#12	0
4303449#0	Q0	530857#39	0
4303449#0	Q0	2219#2	0
4306277#0	Q0	115380#126	1
4306277#0	Q0	115380#120	1
4306277#0	Q0	115380#138	1
4306277#0	Q0	1237123#62	1
4306277#0	Q0	115380#90	1
4306277#0	Q0	134043#27	1
4306277#0	Q0	16065#3	1
4306277#0	Q0	851077#0	1
4306277#0	Q0	75368#15	0
4306277#0	Q0	115380#125	0
4318580#0	Q0	1859429#18	1
4318580#0	Q0	82609#4	1
4318580#0	Q0	5024683#9	1
4318580#0	Q0	82609#1	1
4318580#0	Q0	6622778#29	1
4318580#0	Q0	82609#37	0
4318580#0	Q0	82609#3	0
4318580#0	Q0	9861101#4	0
4318580#0	Q0	8401318#35	0
4318580#0	Q0	6496035#0	0
4320234#0	Q0	8596#42	1
4320234#0	Q0	1537896#5	1
4320234#0	Q0	82603#22	1
4320234#0	Q0	416811#9	1
4320234#0	Q0	119187#27	1
4320234#0	Q0	430490#34	1
4320234#0	Q0	1146853#10	0
4320234#0	Q0	519686#36	0
4320234#0	Q0	4403662#22	0
4320234#0	Q0	6339468#3	0
4340157#0	Q0	542637#0	1
4340157#0	Q0	542637#3	1
4340157#0	Q0	542637#1	1
4340157#0	Q0	542637#2	0
4340157#0	Q0	1097834#0	0
4340157#0	Q0	1251239#8	0
4340157#0	Q0	1168710#10	0
4340157#0	Q0	542637#19	0
4340157#0	Q0	542637#18	0
4340157#0	Q0	542637#15	0
4342272#0	Q0	209854#20	1
4342272#0	Q0	788831#1	1
4342272#0	Q0	1159132#34	1
4342272#0	Q0	85113#130	1
4342272#0	Q0	79892#10	0
4342272#0	Q0	1235851#7	0
4342272#0	Q0	79890#7	0
4342272#0	Q0	317856#25	0
4342272#0	Q0	615999#1	0
4342272#0	Q0	10093084#22	0
4343042#0	Q0	436382#6	1
4343042#0	Q0	436369#0	1
4343042#0	Q0	220326#37	1
4343042#0	Q0	1523096#0	1
4343042#0	Q0	3542100#8	1
4343042#0	Q0	100182#26	1
4343042#0	Q0	2538951#2	1
4343042#0	Q0	9873196#0	1
4343042#0	Q0	5598055#0	1
4343042#0	Q0	184643#1	0
4344160#0	Q0	56069#30	1
4344160#0	Q0	331229#11	1
4344160#0	Q0	139158#0	1
4344160#0	Q0	30356#26	1
4344160#0	Q0	2286756#7	1
4344160#0	Q0	1660006#2	1
4344160#0	Q0	211787#15	0
4344160#0	Q0	6215769#20	0
4344160#0	Q0	5348933#2	0
4344160#0	Q0	141345#57	0
4345844#0	Q0	2840#0	1
4345844#0	Q0	941292#5	1
4345844#0	Q0	2840#11	1
4345844#0	Q0	9966530#5	1
4345844#0	Q0	2840#37	1
4345844#0	Q0	9185987#10	1
4345844#0	Q0	9966530#0	1
4345844#0	Q0	941292#17	0
4345844#0	Q0	9966530#30	0
4345844#0	Q0	4663450#12	0
4346199#0	Q0	9595382#3	1
4346199#0	Q0	4369035#34	0
4346199#0	Q0	6507#2	0
4346199#0	Q0	238797#4	0
4346199#0	Q0	81479#6	0
4346199#0	Q0	165006#6	0
4346199#0	Q0	405110#14	0
4346199#0	Q0	405110#1	0
4346199#0	Q0	416323#2	0
4346199#0	Q0	5257677#48	0
4354571#0	Q0	123425#0	1
4354571#0	Q0	2256061#0	1
4354571#0	Q0	9062681#2	1
4354571#0	Q0	1495387#1	0
4354571#0	Q0	9416968#13	0
4354571#0	Q0	1546355#3	0
4354571#0	Q0	10158413#0	0
4354571#0	Q0	5783783#3	0
4354571#0	Q0	7232827#5	0
4354571#0	Q0	1728432#11	0
4358016#0	Q0	41602#1	1
4358016#0	Q0	41602#0	1
4358016#0	Q0	4576021#2	1
4358016#0	Q0	41602#4	1
4358016#0	Q0	2465979#3	1
4358016#0	Q0	5583933#7	1
4358016#0	Q0	5583933#8	1
4358016#0	Q0	6445277#9	1
4358016#0	Q0	2465979#1	1
4358016#0	Q0	2465979#31	0
4359974#0	Q0	4764793#3	1
4359974#0	Q0	1938453#2	1
4359974#0	Q0	107950#15	0
4359974#0	Q0	1555850#7	0
4359974#0	Q0	6581127#1	0
4359974#0	Q0	7026654#1	0
4359974#0	Q0	10090362#1	0
4359974#0	Q0	10059581#2	0
4359974#0	Q0	107950#5	0
4359974#0	Q0	4398832#2	0
4361713#0	Q0	44470#0	1
4361713#0	Q0	44470#4	1
4361713#0	Q0	44470#5	1
4361713#0	Q0	1991510#48	1
4361713#0	Q0	3306807#5	1
4361713#0	Q0	44470#2	1
4361713#0	Q0	1004908#19	1
4361713#0	Q0	44470#1	1
4361713#0	Q0	821681#4	1
4361713#0	Q0	9474681#0	0
4368634#0	Q0	78817#2	1
4368634#0	Q0	485027#1	1
4368634#0	Q0	8985#12	1
4368634#0	Q0	128500#13	1
4368634#0	Q0	128500#63	1
4368634#0	Q0	120158#5	1
4368634#0	Q0	4793361#12	1
4368634#0	Q0	8801248#5	1
4368634#0	Q0	4378471#1	1
4368634#0	Q0	9239951#13	1
4369159#0	Q0	4319032#10	1
4369159#0	Q0	4319032#3	1
4369159#0	Q0	4319032#0	1
4369159#0	Q0	4319032#8	1
4369159#0	Q0	4319032#5	1
4369159#0	Q0	478567#34	1
4369159#0	Q0	4319032#4	1
4369159#0	Q0	4319032#1	1
4369159#0	Q0	4319032#11	1
4369159#0	Q0	4319032#13	1
4371384#0	Q0	5114239#0	1
4371384#0	Q0	5114239#3	1
4371384#0	Q0	6991#31	1
4371384#0	Q0	5549560#1	1
4371384#0	Q0	8363827#20	1
4371384#0	Q0	5114239#1	1
4371384#0	Q0	5110226#20	1
4371384#0	Q0	124672#86	1
4371384#0	Q0	5110226#21	1
4371384#0	Q0	725330#5	1
4375702#0	Q0	455019#1	1
4375702#0	Q0	7278671#0	0
4375702#0	Q0	7278671#3	0
4375702#0	Q0	6533113#0	0
4375702#0	Q0	456215#50	0
4375702#0	Q0	646641#4	0
4375702#0	Q0	456215#0	0
4375702#0	Q0	774452#0	0
4375702#0	Q0	1793312#0	0
4375702#0	Q0	496720#2	0
4375810#0	Q0	101606#0	1
4375810#0	Q0	101606#39	1
4375810#0	Q0	101606#1	1
4375810#0	Q0	101606#37	1
4375810#0	Q0	101606#24	1
4375810#0	Q0	101606#32	1
4375810#0	Q0	101606#8	1
4375810#0	Q0	101606#21	1
4375810#0	Q0	101606#42	1
4375810#0	Q0	101606#43	0
4378471#0	Q0	1561218#10	1
4378471#0	Q0	7221070#10	0
4378471#0	Q0	164051#6	0
4378471#0	Q0	1561218#15	0
4378471#0	Q0	761418#0	0
4378471#0	Q0	9311010#1	0
4378471#0	Q0	4743427#21	0
4378471#0	Q0	1561218#11	0
4378471#0	Q0	9857921#1	0
4378471#0	Q0	42621#3	0
437967#0	Q0	85451#14	1
437967#0	Q0	85451#17	1
437967#0	Q0	7455602#2	1
437967#0	Q0	8516242#4	0
437967#0	Q0	437967#30	0
437967#0	Q0	9991395#6	0
437967#0	Q0	31360#22	0
437967#0	Q0	485897#14	0
437967#0	Q0	5106172#1	0
437967#0	Q0	65285#9	0
438398#0	Q0	2173856#0	1
438398#0	Q0	6021886#1	0
438398#0	Q0	3391895#1	0
438398#0	Q0	1569618#1	0
438398#0	Q0	7364086#1	0
438398#0	Q0	6086554#4	0
438398#0	Q0	4786435#1	0
438398#0	Q0	7346895#2	0
438398#0	Q0	4697691#0	0
438398#0	Q0	4794642#1	0
4384463#0	Q0	13421#0	1
4384463#0	Q0	150754#11	1
4384463#0	Q0	2316906#7	1
4384463#0	Q0	13421#2	1
4384463#0	Q0	5026269#6	1
4384463#0	Q0	150754#7	1
4384463#0	Q0	150754#9	1
4384463#0	Q0	327567#11	1
4384463#0	Q0	150754#15	0
4384463#0	Q0	150754#0	0
4387622#0	Q0	279889#6	1
4387622#0	Q0	603347#0	0
4387622#0	Q0	434367#75	0
4387622#0	Q0	884691#5	0
4387622#0	Q0	98111#4	0
4387622#0	Q0	455776#1	0
4387622#0	Q0	6254168#1	0
4387622#0	Q0	7491360#4	0
4387622#0	Q0	2595817#8	0
4387622#0	Q0	132096#2	0
4390612#0	Q0	2100#30	1
4390612#0	Q0	213359#0	1
4390612#0	Q0	213359#4	1
4390612#0	Q0	2100#29	1
4390612#0	Q0	575573#0	1
4390612#0	Q0	2100#90	1
4390612#0	Q0	213359#1	1
4390612#0	Q0	16391#11	1
4390612#0	Q0	79252#0	1
4390612#0	Q0	2100#32	1
439331#0	Q0	6289096#41	1
439331#0	Q0	1253368#0	1
439331#0	Q0	1253368#12	1
439331#0	Q0	6463106#14	1
439331#0	Q0	3856973#13	0
439331#0	Q0	3929458#3	0
439331#0	Q0	9910394#7	0
439331#0	Q0	2633660#6	0
439331#0	Q0	5640452#91	0
439331#0	Q0	8883993#0	0
4398160#0	Q0	10093879#0	1
4398160#0	Q0	4272771#7	1
4398160#0	Q0	428400#14	1
4398160#0	Q0	10093879#1	0
4398160#0	Q0	5559561#0	0
4398160#0	Q0	1308573#9	0
4398160#0	Q0	9900690#3	0
4398160#0	Q0	1308573#0	0
4398160#0	Q0	742434#2	0
4398160#0	Q0	1076824#111	0
4398328#0	Q0	8988455#2	1
4398328#0	Q0	8864464#3	1
4398328#0	Q0	73372#15	1
4398328#0	Q0	3214838#13	1
4398328#0	Q0	8858316#8	1
4398328#0	Q0	3214838#17	1
4398328#0	Q0	98818#0	1
4398328#0	Q0	7386578#0	0
4398328#0	Q0	8596859#14	0
4398328#0	Q0	7130372#11	0
4399453#0	Q0	1797972#4	1
4399453#0	Q0	8629695#8	1
4399453#0	Q0	48666#116	0
4399453#0	Q0	51705#20	0
4399453#0	Q0	2572051#5	0
4399453#0	Q0	7541408#4	0
4399453#0	Q0	5051577#26	0
4399453#0	Q0	1900110#8	0
4399453#0	Q0	8699629#2	0
4399453#0	Q0	9638618#2	0
4401157#0	Q0	4718#76	1
4401157#0	Q0	10095442#2	0
4401157#0	Q0	1985847#0	0
4401157#0	Q0	492264#11	0
4401157#0	Q0	1985847#3	0
4401157#0	Q0	9081118#0	0
4401157#0	Q0	4718#90	0
4401157#0	Q0	4691372#7	0
4401157#0	Q0	163244#12	0
4401157#0	Q0	9081118#10	0
4408#0	Q0	7723156#0	1
4408#0	Q0	7723156#2	1
4408#0	Q0	321641#4	1
4408#0	Q0	4082897#0	0
4408#0	Q0	6206250#5	0
4408#0	Q0	925023#10	0
4408#0	Q0	6206250#15	0
4408#0	Q0	9090889#0	0
4408#0	Q0	6447866#1	0
4408#0	Q0	5529943#13	0
4414072#0	Q0	567059#1	1
4414072#0	Q0	53555#3	1
4414072#0	Q0	84657#39	1
4414072#0	Q0	6298922#0	1
4414072#0	Q0	80#37	1
4414072#0	Q0	7554029#0	0
4414072#0	Q0	4272365#1	0
4414072#0	Q0	5051793#0	0
4414072#0	Q0	6916891#1	0
4414072#0	Q0	6916447#1	0
4416467#0	Q0	4416467#0	1
4416467#0	Q0	4416467#1	1
4416467#0	Q0	4416467#3	1
4416467#0	Q0	4416467#2	1
4416467#0	Q0	468925#5	1
4416467#0	Q0	5807102#7	0
4416467#0	Q0	2654124#0	0
4416467#0	Q0	1312378#12	0
4416467#0	Q0	9558855#19	0
4416467#0	Q0	7869109#0	0
4417497#0	Q0	10162629#0	1
4417497#0	Q0	10162629#8	1
4417497#0	Q0	10162629#10	1
4417497#0	Q0	39442#23	1
4417497#0	Q0	990839#0	1
4417497#0	Q0	9362150#35	1
4417497#0	Q0	39442#22	1
4417497#0	Q0	68924#5	1
4417497#0	Q0	10162629#3	0
4417497#0	Q0	10162629#4	0
4431657#0	Q0	187197#1	1
4431657#0	Q0	7267#10	1
4431657#0	Q0	205399#0	0
4431657#0	Q0	4493065#11	0
4431657#0	Q0	7745794#19	0
4431657#0	Q0	4442773#0	0
4431657#0	Q0	1158944#2	0
4431657#0	Q0	148409#18	0
4431657#0	Q0	3174378#2	0
4431657#0	Q0	7753564#0	0
443571#0	Q0	610002#3	1
443571#0	Q0	48820#0	0
443571#0	Q0	9322190#1	0
443571#0	Q0	2724695#0	0
443571#0	Q0	230171#0	0
443571#0	Q0	350963#1	0
443571#0	Q0	9062187#0	0
443571#0	Q0	5024844#19	0
443571#0	Q0	9973128#4	0
443571#0	Q0	637167#0	0
4437386#0	Q0	634952#7	1
4437386#0	Q0	5635863#0	1
4437386#0	Q0	601391#110	1
4437386#0	Q0	2724963#1	0
4437386#0	Q0	367646#41	0
4437386#0	Q0	5582675#0	0
4437386#0	Q0	4573890#3	0
4437386#0	Q0	5066944#0	0
4437386#0	Q0	5066944#1	0
4437386#0	Q0	1094424#0	0
4447732#0	Q0	8712401#3	1
4447732#0	Q0	3546660#5	1
4447732#0	Q0	1444#16	1
4447732#0	Q0	645953#81	0
4447732#0	Q0	8712401#6	0
4447732#0	Q0	13169#48	0
4447732#0	Q0	2606802#12	0
4447732#0	Q0	8712401#1	0
4447732#0	Q0	7354110#0	0
4447732#0	Q0	645953#78	0
4457819#0	Q0	5174937#4	1
4457819#0	Q0	5314312#5	1
4457819#0	Q0	3717893#5	1
4457819#0	Q0	6348707#0	1
4457819#0	Q0	291576#2	1
4457819#0	Q0	91301#7	1
4457819#0	Q0	6092574#2	0
4457819#0	Q0	2498480#1	0
4457819#0	Q0	5588097#0	0
4457819#0	Q0	1128#3	0
446002#0	Q0	6871918#84	1
446002#0	Q0	45604#28	1
446002#0	Q0	85748#21	1
446002#0	Q0	6871918#49	1
446002#0	Q0	85748#9	0
446002#0	Q0	42197#31	0
446002#0	Q0	6423703#10	0
446002#0	Q0	6871918#87	0
446002#0	Q0	1145716#12	0
446002#0	Q0	786851#1	0
4463165#0	Q0	5337333#10	1
4463165#0	Q0	2282852#6	1
4463165#0	Q0	7435099#4	1
4463165#0	Q0	6577093#3	1
4463165#0	Q0	983443#4	0
4463165#0	Q0	5912549#4	0
4463165#0	Q0	5090542#45	0
4463165#0	Q0	4580995#20	0
4463165#0	Q0	205248#16	0
4463165#0	Q0	7209977#2	0
446486#0	Q0	761414#29	1
446486#0	Q0	5327420#4	1
446486#0	Q0	307605#5	1
446486#0	Q0	105383#15	1
446486#0	Q0	92061#22	0
446486#0	Q0	90434#0	0
446486#0	Q0	3491#0	0
446486#0	Q0	761517#3	0
446486#0	Q0	9992652#13	0
446486#0	Q0	1036238#1	0
4468303#0	Q0	2204#92	1
4468303#0	Q0	236888#0	1
4468303#0	Q0	6238756#1	1
4468303#0	Q0	1716169#0	0
4468303#0	Q0	176863#36	0
4468303#0	Q0	5965570#2	0
4468303#0	Q0	1610805#1	0
4468303#0	Q0	5061287#0	0
4468303#0	Q0	1948637#2	0
4468303#0	Q0	3337950#0	0
447371#0	Q0	1581980#5	1
447371#0	Q0	569964#2	1
447371#0	Q0	1580544#3	1
447371#0	Q0	1060947#16	1
447371#0	Q0	2315109#4	1
447371#0	Q0	2155632#40	1
447371#0	Q0	68289#61	1
447371#0	Q0	516840#12	0
447371#0	Q0	1584565#22	0
447371#0	Q0	1581980#2	0
4475470#0	Q0	1116823#20	1
4475470#0	Q0	510371#11	1
4475470#0	Q0	207208#9	1
4475470#0	Q0	4479429#6	1
4475470#0	Q0	8370892#23	0
4475470#0	Q0	7262544#5	0
4475470#0	Q0	1081746#31	0
4475470#0	Q0	6062875#3	0
4475470#0	Q0	9481837#15	0
4475470#0	Q0	412930#2	0
447593#0	Q0	4270601#1	1
447593#0	Q0	4270601#0	0
447593#0	Q0	4270601#3	0
447593#0	Q0	932309#2	0
447593#0	Q0	448408#4	0
447593#0	Q0	4214494#6	0
447593#0	Q0	8773521#1	0
447593#0	Q0	4485554#0	0
447593#0	Q0	1255697#0	0
447593#0	Q0	7550205#0	0
4487920#0	Q0	1393115#0	1
4487920#0	Q0	122118#74	1
4487920#0	Q0	8781436#4	1
4487920#0	Q0	7810549#0	1
4487920#0	Q0	5912645#0	1
4487920#0	Q0	2149243#0	1
4487920#0	Q0	811174#0	1
4487920#0	Q0	7346740#0	1
4487920#0	Q0	408663#0	1
4487920#0	Q0	6633677#7	0
4494504#0	Q0	4125159#0	1
4494504#0	Q0	4125159#2	1
4494504#0	Q0	4862479#3	0
4494504#0	Q0	4862479#5	0
4494504#0	Q0	4862479#4	0
4494504#0	Q0	9587745#3	0
4494504#0	Q0	4459937#29	0
4494504#0	Q0	3625456#1	0
4494504#0	Q0	10066777#1	0
4494504#0	Q0	755214#1	0
450263#0	Q0	355512#1	1
450263#0	Q0	6702#4	1
450263#0	Q0	585651#8	1
450263#0	Q0	25766#6	1
450263#0	Q0	355512#7	0
450263#0	Q0	258539#8	0
450263#0	Q0	926382#63	0
450263#0	Q0	585651#2	0
450263#0	Q0	10172122#10	0
450263#0	Q0	188028#4	0
4505989#0	Q0	279978#22	1
4505989#0	Q0	279978#24	1
4505989#0	Q0	279978#0	1
4505989#0	Q0	139669#9	1
4505989#0	Q0	10078334#1	1
4505989#0	Q0	299090#4	1
4505989#0	Q0	279978#3	0
4505989#0	Q0	168258#54	0
4505989#0	Q0	4718#80	0
4505989#0	Q0	279978#23	0
4507315#0	Q0	8313602#4	1
4507315#0	Q0	8313602#2	1
4507315#0	Q0	543346#4	0
4507315#0	Q0	8313602#9	0
4507315#0	Q0	543346#7	0
4507315#0	Q0	549232#0	0
4507315#0	Q0	27212#63	0
4507315#0	Q0	2361966#0	0
4507315#0	Q0	543346#14	0
4507315#0	Q0	10002574#8	0
4512350#0	Q0	123851#27	1
4512350#0	Q0	123851#24	1
4512350#0	Q0	192529#19	1
4512350#0	Q0	123851#21	1
4512350#0	Q0	9728275#0	1
4512350#0	Q0	7142587#18	0
4512350#0	Q0	7217468#6	0
4512350#0	Q0	123851#29	0
4512350#0	Q0	8471771#2	0
4512350#0	Q0	8471771#3	0
4516851#0	Q0	420877#0	1
4516851#0	Q0	17510#101	1
4516851#0	Q0	8879759#1	0
4516851#0	Q0	420877#1	0
4516851#0	Q0	4677520#1	0
4516851#0	Q0	420877#2	0
4516851#0	Q0	1682763#2	0
4516851#0	Q0	9342193#0	0
4516851#0	Q0	145100#59	0
4516851#0	Q0	2439587#11	0
452149#0	Q0	2895#0	1
452149#0	Q0	2895#5	1
452149#0	Q0	2895#6	1
452149#0	Q0	2895#3	1
452149#0	Q0	2895#13	1
452149#0	Q0	2895#11	1
452149#0	Q0	2895#45	1
452149#0	Q0	7081752#3	0
452149#0	Q0	6563011#1	0
452149#0	Q0	1181158#1	0
4531298#0	Q0	4531298#9	1
4531298#0	Q0	6834499#2	0
4531298#0	Q0	6834499#5	0
4531298#0	Q0	318820#0	0
4531298#0	Q0	8611666#1	0
4531298#0	Q0	1384124#0	0
4531298#0	Q0	5196817#1	0
4531298#0	Q0	1012802#0	0
4531298#0	Q0	6834499#0	0
4531298#0	Q0	4165959#0	0
4537387#0	Q0	4423098#4	1
4537387#0	Q0	1360339#10	1
4537387#0	Q0	1585349#14	1
4537387#0	Q0	624413#10	1
4537387#0	Q0	226324#40	0
4537387#0	Q0	7129408#41	0
4537387#0	Q0	102040#20	0
4537387#0	Q0	3014#160	0
4537387#0	Q0	1566541#4	0
4537387#0	Q0	102040#45	0
4540432#0	Q0	4540432#19	1
4540432#0	Q0	4540432#0	0
4540432#0	Q0	4540432#4	0
4540432#0	Q0	4540432#16	0
4540432#0	Q0	4540432#5	0
4540432#0	Q0	4540432#7	0
4540432#0	Q0	4540432#3	0
4540432#0	Q0	4540432#15	0
4540432#0	Q0	4540432#21	0
4540432#0	Q0	4540432#2	0
4542193#0	Q0	478829#4	1
4542193#0	Q0	478829#0	1
4542193#0	Q0	478829#5	1
4542193#0	Q0	478829#13	1
4542193#0	Q0	478829#8	0
4542193#0	Q0	478829#44	0
4542193#0	Q0	478829#60	0
4542193#0	Q0	8853314#1	0
4542193#0	Q0	6007596#0	0
4542193#0	Q0	478829#1	0
45463#0	Q0	789925#42	1
45463#0	Q0	1116873#0	1
45463#0	Q0	263332#3	1
45463#0	Q0	1042#13	1
45463#0	Q0	789925#25	1
45463#0	Q0	1042#10	1
45463#0	Q0	789925#1	1
45463#0	Q0	1042#28	1
45463#0	Q0	972#2	1
45463#0	Q0	1067644#22	0
454742#0	Q0	744779#2	1
454742#0	Q0	32814#5	0
454742#0	Q0	7795375#0	0
454742#0	Q0	5337416#3	0
454742#0	Q0	8010132#0	0
454742#0	Q0	32814#3	0
454742#0	Q0	4649860#0	0
454742#0	Q0	32814#4	0
454742#0	Q0	1341147#1	0
454742#0	Q0	4459856#1	0
4548246#0	Q0	267072#13	1
4548246#0	Q0	267072#10	0
4548246#0	Q0	267072#12	0
4548246#0	Q0	267072#8	0
4548246#0	Q0	267072#14	0
4548246#0	Q0	267072#0	0
4548246#0	Q0	267072#9	0
4548246#0	Q0	267072#11	0
4548246#0	Q0	1147838#4	0
4548246#0	Q0	267072#1	0
4552468#0	Q0	1603184#4	1
4552468#0	Q0	5477946#0	1
4552468#0	Q0	7435099#1	1
4552468#0	Q0	6154121#2	1
4552468#0	Q0	226305#10	1
4552468#0	Q0	6724#5	0
4552468#0	Q0	9797204#1	0
4552468#0	Q0	5477946#2	0
4552468#0	Q0	10012483#1	0
4552468#0	Q0	60130#37	0
4556315#0	Q0	1956637#0	1
4556315#0	Q0	1956702#0	1
4556315#0	Q0	9881668#0	0
4556315#0	Q0	1956637#2	0
4556315#0	Q0	1958606#1	0
4556315#0	Q0	1956637#1	0
4556315#0	Q0	1220032#2	0
4556315#0	Q0	9555180#7	0
4556315#0	Q0	8836297#0	0
4556315#0	Q0	1956091#0	0
4566100#0	Q0	83186#4	1
4566100#0	Q0	9641272#0	1
4566100#0	Q0	82089#8	1
4566100#0	Q0	9945679#6	0
4566100#0	Q0	9945679#0	0
4566100#0	Q0	87786#7	0
4566100#0	Q0	87786#6	0
4566100#0	Q0	6207228#18	0
4566100#0	Q0	9790709#0	0
4566100#0	Q0	9945679#2	0
4572963#0	Q0	877245#1	1
4572963#0	Q0	4133118#1	1
4572963#0	Q0	4135941#3	1
4572963#0	Q0	3588169#3	1
4572963#0	Q0	635064#1	0
4572963#0	Q0	896709#1	0
4572963#0	Q0	885361#0	0
4572963#0	Q0	4349889#1	0
4572963#0	Q0	4349889#0	0
4572963#0	Q0	366567#0	0
4583890#0	Q0	70523#0	1
4583890#0	Q0	70523#5	1
4583890#0	Q0	8211408#0	1
4583890#0	Q0	620287#8	1
4583890#0	Q0	70523#1	1
4583890#0	Q0	70523#16	1
4583890#0	Q0	70523#10	1
4583890#0	Q0	8211408#1	0
4583890#0	Q0	70523#15	0
4583890#0	Q0	70523#2	0
4583912#0	Q0	785669#6	1
4583912#0	Q0	785669#1	1
4583912#0	Q0	556673#18	0
4583912#0	Q0	785669#0	0
4583912#0	Q0	1531710#16	0
4583912#0	Q0	358404#5	0
4583912#0	Q0	785669#4	0
4583912#0	Q0	785669#7	0
4583912#0	Q0	60260#13	0
4583912#0	Q0	6477#15	0
459308#0	Q0	29791#0	1
459308#0	Q0	29791#2	1
459308#0	Q0	29791#5	0
459308#0	Q0	10004765#1	0
459308#0	Q0	6266#20	0
459308#0	Q0	8499051#14	0
459308#0	Q0	29791#6	0
459308#0	Q0	36468#0	0
459308#0	Q0	29791#3	0
459308#0	Q0	9808857#0	0
4596363#0	Q0	2360508#0	1
4596363#0	Q0	2360508#1	1
4596363#0	Q0	4087123#20	1
4596363#0	Q0	5780991#2	1
4596363#0	Q0	4895394#32	1
4596363#0	Q0	7837212#1	1
4596363#0	Q0	5909896#2	1
4596363#0	Q0	9588922#1	0
4596363#0	Q0	5059#2	0
4596363#0	Q0	37835#12	0
459653#0	Q0	2566853#1	1
459653#0	Q0	142217#20	1
459653#0	Q0	459653#4	0
459653#0	Q0	9996750#67	0
459653#0	Q0	9996750#68	0
459653#0	Q0	459653#1	0
459653#0	Q0	9797084#0	0
459653#0	Q0	6344646#3	0
459653#0	Q0	3178738#0	0
459653#0	Q0	142217#34	0
4598481#0	Q0	6189601#5	1
4598481#0	Q0	790341#24	1
4598481#0	Q0	428375#0	1
4598481#0	Q0	512657#3	1
4598481#0	Q0	2130170#8	1
4598481#0	Q0	1823#22	1
4598481#0	Q0	156696#1	1
4598481#0	Q0	136383#27	1
4598481#0	Q0	287833#16	0
4598481#0	Q0	1573192#7	0
4599382#0	Q0	6095458#9	1
4599382#0	Q0	26065#124	1
4599382#0	Q0	632390#3	1
4599382#0	Q0	632390#6	1
4599382#0	Q0	7751859#21	1
4599382#0	Q0	6095458#7	0
4599382#0	Q0	632390#0	0
4599382#0	Q0	6095458#0	0
4599382#0	Q0	6095458#8	0
4599382#0	Q0	26065#108	0
4606061#0	Q0	21412#0	1
4606061#0	Q0	471913#0	1
4606061#0	Q0	39083#1	0
4606061#0	Q0	345659#85	0
4606061#0	Q0	2174891#11	0
4606061#0	Q0	820#15	0
4606061#0	Q0	422480#5	0
4606061#0	Q0	14118#2	0
4606061#0	Q0	9297841#1	0
4606061#0	Q0	2174891#20	0
4608998#0	Q0	9558983#1	1
4608998#0	Q0	3344550#14	1
4608998#0	Q0	116129#13	1
4608998#0	Q0	238251#14	1
4608998#0	Q0	4624115#0	1
4608998#0	Q0	284097#2	1
4608998#0	Q0	6094541#0	1
4608998#0	Q0	116129#26	1
4608998#0	Q0	1110336#33	1
4608998#0	Q0	4572175#1	1
4610563#0	Q0	7827#21	1
4610563#0	Q0	250282#1	1
4610563#0	Q0	7827#2	0
4610563#0	Q0	7827#7	0
4610563#0	Q0	7827#0	0
4610563#0	Q0	7827#1	0
4610563#0	Q0	396527#0	0
4610563#0	Q0	765356#0	0
4610563#0	Q0	396527#1	0
4610563#0	Q0	6996872#0	0
4613643#0	Q0	510820#4	1
4613643#0	Q0	6937551#4	1
4613643#0	Q0	5538409#0	1
4613643#0	Q0	510820#0	1
4613643#0	Q0	2646049#0	0
4613643#0	Q0	8621861#2	0
4613643#0	Q0	153769#0	0
4613643#0	Q0	510820#36	0
4613643#0	Q0	5277270#0	0
4613643#0	Q0	563245#0	0
4614492#0	Q0	219935#0	1
4614492#0	Q0	9711586#0	1
4614492#0	Q0	219935#6	1
4614492#0	Q0	6894580#1	1
4614492#0	Q0	219935#13	1
4614492#0	Q0	73834#8	1
4614492#0	Q0	2007449#4	1
4614492#0	Q0	219935#5	0
4614492#0	Q0	4673727#1	0
4614492#0	Q0	4673727#33	0
4617569#0	Q0	2142#87	1
4617569#0	Q0	9950614#1	1
4617569#0	Q0	5478#16	1
4617569#0	Q0	5182115#4	1
4617569#0	Q0	5182115#0	1
4617569#0	Q0	5182115#7	0
4617569#0	Q0	5182115#3	0
4617569#0	Q0	2142#21	0
4617569#0	Q0	5182115#9	0
4617569#0	Q0	5182115#2	0
4620941#0	Q0	601856#2	1
4620941#0	Q0	274912#6	1
4620941#0	Q0	128693#110	1
4620941#0	Q0	190625#8	1
4620941#0	Q0	319061#6	1
4620941#0	Q0	74709#48	1
4620941#0	Q0	3077252#5	1
4620941#0	Q0	9237015#1	0
4620941#0	Q0	7634#50	0
4620941#0	Q0	3564461#12	0
4622511#0	Q0	9937575#6	1
4622511#0	Q0	8221#46	1
4622511#0	Q0	5433092#1	1
4622511#0	Q0	8221#15	0
4622511#0	Q0	2127255#20	0
4622511#0	Q0	4470713#6	0
4622511#0	Q0	8608002#3	0
4622511#0	Q0	29495#15	0
4622511#0	Q0	23489#13	0
4622511#0	Q0	9938866#16	0
4623154#0	Q0	15986#6	1
4623154#0	Q0	15986#3	1
4623154#0	Q0	15986#5	1
4623154#0	Q0	2103643#1	1
4623154#0	Q0	4339788#14	1
4623154#0	Q0	15986#26	1
4623154#0	Q0	339850#0	1
4623154#0	Q0	15986#0	1
4623154#0	Q0	1159385#0	0
4623154#0	Q0	15986#7	0
4624784#0	Q0	2466191#5	1
4624784#0	Q0	1204168#78	1
4624784#0	Q0	8757288#1	1
4624784#0	Q0	8264526#1	0
4624784#0	Q0	5326613#0	0
4624784#0	Q0	161045#19	0
4624784#0	Q0	2745578#1	0
4624784#0	Q0	437125#3	0
4624784#0	Q0	7749268#6	0
4624784#0	Q0	282483#12	0
462574#0	Q0	4318178#0	1
462574#0	Q0	31932#3	0
462574#0	Q0	1045991#15	0
462574#0	Q0	3422053#24	0
462574#0	Q0	1045991#12	0
462574#0	Q0	40994#41	0
462574#0	Q0	40994#42	0
462574#0	Q0	31932#0	0
462574#0	Q0	4318178#9	0
462574#0	Q0	4318178#8	0
4626054#0	Q0	31402#0	1
4626054#0	Q0	1523654#22	1
4626054#0	Q0	1000949#0	1
4626054#0	Q0	4675792#14	1
4626054#0	Q0	409610#1	1
4626054#0	Q0	31402#2	1
4626054#0	Q0	31402#3	1
4626054#0	Q0	1783259#0	1
4626054#0	Q0	122690#1	1
4626054#0	Q0	32349#5	0
4626867#0	Q0	592456#0	1
4626867#0	Q0	1842810#2	1
4626867#0	Q0	1842810#7	1
4626867#0	Q0	209536#15	0
4626867#0	Q0	209536#19	0
4626867#0	Q0	510565#1	0
4626867#0	Q0	715139#3	0
4626867#0	Q0	209536#37	0
4626867#0	Q0	6209680#16	0
4626867#0	Q0	26432#0	0
4631266#0	Q0	202210#2	1
4631266#0	Q0	202210#1	1
4631266#0	Q0	202210#0	1
4631266#0	Q0	202210#5	1
4631266#0	Q0	202210#10	1
4631266#0	Q0	362655#5	1
4631266#0	Q0	202210#4	1
4631266#0	Q0	8330813#7	1
4631266#0	Q0	202210#20	0
4631266#0	Q0	202210#17	0
4634280#0	Q0	249604#2	1
4634280#0	Q0	9516235#0	1
4634280#0	Q0	17618#13	1
4634280#0	Q0	5423204#6	1
4634280#0	Q0	1514009#27	0
4634280#0	Q0	17616#15	0
4634280#0	Q0	1444542#0	0
4634280#0	Q0	5879802#0	0
4634280#0	Q0	17618#0	0
4634280#0	Q0	5246984#6	0
4641258#0	Q0	5186305#2	1
4641258#0	Q0	7997606#9	1
4641258#0	Q0	9878018#15	1
4641258#0	Q0	11901#1	1
4641258#0	Q0	9878018#12	1
4641258#0	Q0	9878018#11	0
4641258#0	Q0	7406770#3	0
4641258#0	Q0	5186305#14	0
4641258#0	Q0	5186305#3	0
4641258#0	Q0	17768#177	0
4645717#0	Q0	1159150#0	1
4645717#0	Q0	1142976#0	1
4645717#0	Q0	68771#20	1
4645717#0	Q0	1159150#13	1
4645717#0	Q0	1155460#2	1
4645717#0	Q0	1796318#47	1
4645717#0	Q0	6336562#0	1
4645717#0	Q0	6243144#0	1
4645717#0	Q0	1267219#0	1
4645717#0	Q0	6336562#1	0
464976#0	Q0	46117#0	1
464976#0	Q0	261#1	1
464976#0	Q0	266893#1	1
464976#0	Q0	261#36	1
464976#0	Q0	1780300#16	0
464976#0	Q0	266#59	0
464976#0	Q0	9231162#1	0
464976#0	Q0	6395669#1	0
464976#0	Q0	2201022#18	0
464976#0	Q0	1994135#17	0
4658584#0	Q0	141697#1	1
4658584#0	Q0	141697#7	1
4658584#0	Q0	141697#0	1
4658584#0	Q0	276100#4	0
4658584#0	Q0	1251727#6	0
4658584#0	Q0	108627#0	0
4658584#0	Q0	1472051#3	0
4658584#0	Q0	1338513#46	0
4658584#0	Q0	6980507#3	0
4658584#0	Q0	33850#0	0
465981#0	Q0	236485#55	1
465981#0	Q0	236485#59	1
465981#0	Q0	3183372#2	1
465981#0	Q0	381885#37	1
465981#0	Q0	9365497#62	1
465981#0	Q0	2849854#9	1
465981#0	Q0	2954713#6	1
465981#0	Q0	31815#60	1
465981#0	Q0	109500#15	1
465981#0	Q0	1147018#6	1
4663842#0	Q0	17952#0	1
4663842#0	Q0	10256#53	0
4663842#0	Q0	165689#0	0
4663842#0	Q0	8745646#1	0
4663842#0	Q0	18774#5	0
4663842#0	Q0	423961#3	0
4663842#0	Q0	328012#0	0
4663842#0	Q0	8594021#6	0
4663842#0	Q0	5302123#0	0
4663842#0	Q0	2913973#2	0
4664932#0	Q0	6823850#0	1
4664932#0	Q0	3678123#0	1
4664932#0	Q0	867156#0	1
4664932#0	Q0	4909627#0	1
4664932#0	Q0	2465991#0	0
4664932#0	Q0	5737#3	0
4664932#0	Q0	6823850#1	0
4664932#0	Q0	54161#16	0
4664932#0	Q0	282192#4	0
4664932#0	Q0	4316302#1	0
4665655#0	Q0	9158981#0	1
4665655#0	Q0	8925828#10	1
4665655#0	Q0	12919#30	1
4665655#0	Q0	870636#10	1
4665655#0	Q0	870636#6	1
4665655#0	Q0	870636#0	1
4665655#0	Q0	870636#2	1
4665655#0	Q0	7364832#24	0
4665655#0	Q0	870636#3	0
4665655#0	Q0	12919#34	0
466916#0	Q0	1230284#1	1
466916#0	Q0	1647704#4	0
466916#0	Q0	390905#14	0
466916#0	Q0	4617492#1	0
466916#0	Q0	406#17	0
466916#0	Q0	22184#4	0
466916#0	Q0	62312#14	0
466916#0	Q0	42311#7	0
466916#0	Q0	1610894#0	0
466916#0	Q0	1366891#0	0
4673696#0	Q0	119344#13	1
4673696#0	Q0	623259#0	0
4673696#0	Q0	34422#10	0
4673696#0	Q0	4383194#0	0
4673696#0	Q0	6956#26	0
4673696#0	Q0	6159519#1	0
4673696#0	Q0	4221373#0	0
4673696#0	Q0	32121#3	0
4673696#0	Q0	52160#7	0
4673696#0	Q0	4924247#0	0
4686362#0	Q0	149155#3	1
4686362#0	Q0	149155#4	1
4686362#0	Q0	7662205#7	1
4686362#0	Q0	4093283#1	1
4686362#0	Q0	489441#1	1
4686362#0	Q0	2018727#6	1
4686362#0	Q0	9279#23	1
4686362#0	Q0	48030#3	1
4686362#0	Q0	2196988#1	1
4686362#0	Q0	9715398#20	1
4687091#0	Q0	639965#2	1
4687091#0	Q0	9626288#1	1
4687091#0	Q0	1114727#1	1
4687091#0	Q0	639965#0	1
4687091#0	Q0	1187849#41	1
4687091#0	Q0	1981772#3	1
4687091#0	Q0	8425256#16	0
4687091#0	Q0	8773908#7	0
4687091#0	Q0	14007#66	0
4687091#0	Q0	1701657#3	0
4690704#0	Q0	9760754#2	1
4690704#0	Q0	6427551#10	0
4690704#0	Q0	9551#52	0
4690704#0	Q0	6427551#0	0
4690704#0	Q0	6427551#5	0
4690704#0	Q0	8702794#2	0
4690704#0	Q0	9760754#0	0
4690704#0	Q0	6935333#0	0
4690704#0	Q0	6427551#14	0
4690704#0	Q0	6427551#9	0
4706298#0	Q0	10042481#5	1
4706298#0	Q0	531188#9	1
4706298#0	Q0	34432#11	1
4706298#0	Q0	9300163#3	0
4706298#0	Q0	8858466#2	0
4706298#0	Q0	9101248#9	0
4706298#0	Q0	8299145#2	0
4706298#0	Q0	8103062#1	0
4706298#0	Q0	9300163#6	0
4706298#0	Q0	661614#3	0
4706470#0	Q0	11879#0	1
4706470#0	Q0	11872#25	1
4706470#0	Q0	11879#1	1
4706470#0	Q0	311760#38	1
4706470#0	Q0	11879#17	1
4706470#0	Q0	7671166#0	1
4706470#0	Q0	523792#58	1
4706470#0	Q0	645953#206	1
4706470#0	Q0	7671166#6	1
4706470#0	Q0	6985107#2	0
473802#0	Q0	199873#7	1
473802#0	Q0	199873#0	1
473802#0	Q0	199873#3	1
473802#0	Q0	199873#5	1
473802#0	Q0	4371543#13	1
473802#0	Q0	199873#6	1
473802#0	Q0	199873#4	0
473802#0	Q0	199873#2	0
473802#0	Q0	138985#10	0
473802#0	Q0	6235840#1	0
4750929#0	Q0	2499051#2	1
4750929#0	Q0	489792#11	0
4750929#0	Q0	7806299#4	0
4750929#0	Q0	2303320#6	0
4750929#0	Q0	8878049#6	0
4750929#0	Q0	5056195#14	0
4750929#0	Q0	5890428#1	0
4750929#0	Q0	1994135#17	0
4750929#0	Q0	2489151#3	0
4750929#0	Q0	9096435#6	0
4760384#0	Q0	63231#0	1
4760384#0	Q0	63231#46	1
4760384#0	Q0	63231#9	1
4760384#0	Q0	63231#35	1
4760384#0	Q0	63231#47	1
4760384#0	Q0	63231#17	1
4760384#0	Q0	63231#3	1
4760384#0	Q0	63231#28	1
4760384#0	Q0	63231#11	1
4760384#0	Q0	63231#21	1
4764233#0	Q0	4505978#15	1
4764233#0	Q0	54619#57	1
4764233#0	Q0	4505978#12	1
4764233#0	Q0	4505978#0	1
4764233#0	Q0	4926946#11	1
4764233#0	Q0	4505978#16	1
4764233#0	Q0	4505978#17	1
4764233#0	Q0	4505978#3	1
4764233#0	Q0	4505978#2	1
4764233#0	Q0	4505978#6	1
4764976#0	Q0	14525#1	1
4764976#0	Q0	14525#6	1
4764976#0	Q0	5861793#2	1
4764976#0	Q0	5861793#10	1
4764976#0	Q0	5861793#1	1
4764976#0	Q0	1599533#1	1
4764976#0	Q0	76056#15	1
4764976#0	Q0	14525#8	1
4764976#0	Q0	5861793#0	0
4764976#0	Q0	14525#0	0
4771701#0	Q0	6612966#10	1
4771701#0	Q0	23069#9	1
4771701#0	Q0	220973#5	1
4771701#0	Q0	220973#14	1
4771701#0	Q0	8776310#30	1
4771701#0	Q0	7830#1	0
4771701#0	Q0	7830#0	0
4771701#0	Q0	1058894#0	0
4771701#0	Q0	82177#4	0
4771701#0	Q0	1791296#10	0
477222#0	Q0	1345152#11	1
477222#0	Q0	4115589#5	1
477222#0	Q0	5273654#8	1
477222#0	Q0	7149640#12	1
477222#0	Q0	4136825#0	1
477222#0	Q0	435815#6	1
477222#0	Q0	7705856#15	0
477222#0	Q0	5375197#3	0
477222#0	Q0	345065#20	0
477222#0	Q0	1801532#3	0
477511#0	Q0	27587#0	1
477511#0	Q0	6392781#3	1
477511#0	Q0	4464912#0	1
477511#0	Q0	7215758#1	1
477511#0	Q0	27587#1	1
477511#0	Q0	5688790#39	1
477511#0	Q0	97842#8	1
477511#0	Q0	1756151#0	0
477511#0	Q0	3275629#0	0
477511#0	Q0	4937450#1	0
477514#0	Q0	33896#0	1
477514#0	Q0	4135981#1	1
477514#0	Q0	9229429#1	0
477514#0	Q0	1550381#1	0
477514#0	Q0	101967#8	0
477514#0	Q0	33896#12	0
477514#0	Q0	666455#19	0
477514#0	Q0	10038696#2	0
477514#0	Q0	101967#1	0
477514#0	Q0	9130358#2	0
4779063#0	Q0	1382968#7	1
4779063#0	Q0	6645#5	1
4779063#0	Q0	1532680#0	1
4779063#0	Q0	1022881#6	0
4779063#0	Q0	34575#55	0
4779063#0	Q0	7117976#2	0
4779063#0	Q0	663560#0	0
4779063#0	Q0	6645#4	0
4779063#0	Q0	893031#5	0
4779063#0	Q0	1469278#0	0
4783805#0	Q0	3683#5	1
4783805#0	Q0	39072#7	1
4783805#0	Q0	3683#0	1
4783805#0	Q0	3683#27	0
4783805#0	Q0	553571#15	0
4783805#0	Q0	3683#1	0
4783805#0	Q0	2866582#1	0
4783805#0	Q0	3683#29	0
4783805#0	Q0	6852#5	0
4783805#0	Q0	80#0	0
4787408#0	Q0	112978#59	1
4787408#0	Q0	15099#39	1
4787408#0	Q0	15099#7	1
4787408#0	Q0	15099#49	1
4787408#0	Q0	6172468#4	1
4787408#0	Q0	5039989#52	1
4787408#0	Q0	15099#2	1
4787408#0	Q0	15099#26	0
4787408#0	Q0	15099#20	0
4787408#0	Q0	15099#27	0
4793073#0	Q0	41736#6	1
4793073#0	Q0	3165777#2	1
4793073#0	Q0	41736#1	1
4793073#0	Q0	139792#1	0
4793073#0	Q0	4300912#1	0
4793073#0	Q0	1056581#1	0
4793073#0	Q0	987362#14	0
4793073#0	Q0	218128#34	0
4793073#0	Q0	15055#1	0
4793073#0	Q0	1815889#1	0
480384#0	Q0	201769#52	1
480384#0	Q0	48790#27	1
480384#0	Q0	419569#2	1
480384#0	Q0	5129#74	1
480384#0	Q0	6560#0	1
480384#0	Q0	9174177#13	1
480384#0	Q0	2235041#2	0
480384#0	Q0	201769#46	0
480384#0	Q0	550720#5	0
480384#0	Q0	428370#17	0
4809420#0	Q0	2934053#0	1
4809420#0	Q0	307709#1	1
4809420#0	Q0	10058698#3	1
4809420#0	Q0	6136202#0	0
4809420#0	Q0	1404#5	0
4809420#0	Q0	307709#2	0
4809420#0	Q0	101930#0	0
4809420#0	Q0	3365578#0	0
4809420#0	Q0	3151685#0	0
4809420#0	Q0	339357#1	0
4810007#0	Q0	4810007#0	1
4810007#0	Q0	4810007#2	1
4810007#0	Q0	3476036#27	1
4810007#0	Q0	834748#5	1
4810007#0	Q0	3476036#51	1
4810007#0	Q0	3476036#0	1
4810007#0	Q0	88154#13	0
4810007#0	Q0	4810007#8	0
4810007#0	Q0	4810007#6	0
4810007#0	Q0	334414#17	0
4811444#0	Q0	5388499#0	1
4811444#0	Q0	1539438#2	0
4811444#0	Q0	8197476#19	0
4811444#0	Q0	7691622#8	0
4811444#0	Q0	1349344#25	0
4811444#0	Q0	6191958#0	0
4811444#0	Q0	9965276#6	0
4811444#0	Q0	1191490#12	0
4811444#0	Q0	433406#0	0
4811444#0	Q0	1349344#39	0
481202#0	Q0	3065930#1	1
481202#0	Q0	5356104#207	1
481202#0	Q0	3065930#0	1
481202#0	Q0	4854610#1	0
481202#0	Q0	1745100#2	0
481202#0	Q0	2416412#2	0
481202#0	Q0	374185#1	0
481202#0	Q0	7236131#10	0
481202#0	Q0	4538886#0	0
481202#0	Q0	176835#2	0
4813934#0	Q0	2371176#0	1
4813934#0	Q0	472160#8	1
4813934#0	Q0	2371176#8	1
4813934#0	Q0	9236570#1	1
4813934#0	Q0	2371176#15	1
4813934#0	Q0	1063233#0	0
4813934#0	Q0	1063240#3	0
4813934#0	Q0	1063233#3	0
4813934#0	Q0	5486366#7	0
4813934#0	Q0	1063233#13	0
4813946#0	Q0	321565#0	1
4813946#0	Q0	210525#24	1
4813946#0	Q0	717800#45	1
4813946#0	Q0	8877658#8	1
4813946#0	Q0	4643308#2	0
4813946#0	Q0	394349#17	0
4813946#0	Q0	323452#181	0
4813946#0	Q0	323452#4	0
4813946#0	Q0	321565#87	0
4813946#0	Q0	6613907#36	0
4819162#0	Q0	7229492#1	1
4819162#0	Q0	1026968#36	1
4819162#0	Q0	1078335#33	1
4819162#0	Q0	7229492#3	1
4819162#0	Q0	2044441#28	1
4819162#0	Q0	6868599#12	1
4819162#0	Q0	102414#4	1
4819162#0	Q0	7229492#2	1
4819162#0	Q0	10130#24	1
4819162#0	Q0	1026968#2	1
4823776#0	Q0	432982#2	1
4823776#0	Q0	4655269#17	1
4823776#0	Q0	687336#0	1
4823776#0	Q0	2861868#1	1
4823776#0	Q0	2861868#0	1
4823776#0	Q0	4655269#0	1
4823776#0	Q0	3651660#16	1
4823776#0	Q0	3651660#22	1
4823776#0	Q0	2654062#5	0
4823776#0	Q0	2861868#34	0
4826509#0	Q0	33785#16	1
4826509#0	Q0	33785#19	1
4826509#0	Q0	4306936#9	0
4826509#0	Q0	456093#0	0
4826509#0	Q0	4658641#0	0
4826509#0	Q0	33785#21	0
4826509#0	Q0	4651057#0	0
4826509#0	Q0	4640523#1	0
4826509#0	Q0	1103535#29	0
4826509#0	Q0	4616972#3	0
4829594#0	Q0	1345319#1	1
4829594#0	Q0	10008467#1	0
4829594#0	Q0	6615808#9	0
4829594#0	Q0	1843059#48	0
4829594#0	Q0	238626#3	0
4829594#0	Q0	1843059#31	0
4829594#0	Q0	597616#3	0
4829594#0	Q0	883055#21	0
48296#0	Q0	48296#1	1
48296#0	Q0	48296#0	0
48296#0	Q0	6365176#0	0
48296#0	Q0	48296#5	0
48296#0	Q0	4860439#0	0
48296#0	Q0	8450474#0	0
48296#0	Q0	35318#0	0
48296#0	Q0	4980843#0	0
48296#0	Q0	343266#32	0
48296#0	Q0	4595010#0	0
4834402#0	Q0	1782316#48	1
4834402#0	Q0	8739#155	1
4834402#0	Q0	115895#0	1
4834402#0	Q0	18425#0	1
4834402#0	Q0	18425#60	1
4834402#0	Q0	8739#154	0
4834402#0	Q0	856683#5	0
4834402#0	Q0	589263#18	0
4834402#0	Q0	99561#27	0
4834402#0	Q0	4893277#7	0
4836778#0	Q0	16377#3	1
4836778#0	Q0	152724#2	1
4836778#0	Q0	2968088#4	1
4836778#0	Q0	9348873#3	1
4836778#0	Q0	34575#24	1
4836778#0	Q0	88442#2	1
4836778#0	Q0	9359477#3	1
4836778#0	Q0	3838#1	1
4836778#0	Q0	9350504#3	1
4836778#0	Q0	4688952#2	1
4840560#0	Q0	76529#0	1
4840560#0	Q0	46869#42	1
4840560#0	Q0	1524350#0	1
4840560#0	Q0	1935331#2	0
4840560#0	Q0	1503499#1	0
4840560#0	Q0	5119903#3	0
4840560#0	Q0	369042#0	0
4840560#0	Q0	76529#40	0
4840560#0	Q0	76529#30	0
4840560#0	Q0	7386268#1	0
4842046#0	Q0	2859290#9	1
4842046#0	Q0	2859290#10	1
4842046#0	Q0	2859290#8	1
4842046#0	Q0	381547#17	1
4842046#0	Q0	381583#12	1
4842046#0	Q0	4842046#0	0
4842046#0	Q0	4842046#2	0
4842046#0	Q0	4842046#1	0
4842046#0	Q0	7233938#4	0
4842046#0	Q0	4372155#10	0
4843572#0	Q0	83385#0	1
4843572#0	Q0	532561#6	1
4843572#0	Q0	1466814#10	1
4843572#0	Q0	3530332#27	1
4843572#0	Q0	83385#1	1
4843572#0	Q0	83385#2	1
4843572#0	Q0	8013690#0	0
4843572#0	Q0	7746180#0	0
4843572#0	Q0	8766363#1	0
4843572#0	Q0	4461973#0	0
4844512#0	Q0	35364#6	1
4844512#0	Q0	35364#117	1
4844512#0	Q0	35364#0	1
4844512#0	Q0	10#4	1
4844512#0	Q0	4039328#1	1
4844512#0	Q0	8642721#1	1
4844512#0	Q0	35364#127	0
4844512#0	Q0	35364#116	0
4844512#0	Q0	35364#19	0
4844512#0	Q0	35364#128	0
4849368#0	Q0	1367862#21	1
4849368#0	Q0	261752#2	1
4849368#0	Q0	3446978#0	1
4849368#0	Q0	2642712#1	1
4849368#0	Q0	1279553#4	0
4849368#0	Q0	1367862#20	0
4849368#0	Q0	1367862#22	0
4849368#0	Q0	7889739#2	0
4849368#0	Q0	10154351#1	0
4849368#0	Q0	1367862#18	0
4854915#0	Q0	6433096#6	1
4854915#0	Q0	8555419#2	1
4854915#0	Q0	177588#23	1
4854915#0	Q0	139225#20	1
4854915#0	Q0	9573601#2	0
4854915#0	Q0	177588#22	0
4854915#0	Q0	177588#36	0
4854915#0	Q0	3579384#25	0
4854915#0	Q0	177588#25	0
4854915#0	Q0	177588#34	0
4855031#0	Q0	693277#0	1
4855031#0	Q0	693277#4	1
4855031#0	Q0	10332#4	0
4855031#0	Q0	6581065#5	0
4855031#0	Q0	693277#10	0
4855031#0	Q0	693277#17	0
4855031#0	Q0	1865096#2	0
4855031#0	Q0	378353#2	0
4855031#0	Q0	355666#6	0
4855031#0	Q0	8799408#1	0
4856282#0	Q0	40570#164	1
4856282#0	Q0	40570#144	1
4856282#0	Q0	40570#62	1
4856282#0	Q0	40570#52	1
4856282#0	Q0	40570#76	1
4856282#0	Q0	40570#21	1
4856282#0	Q0	40570#0	1
4856282#0	Q0	40570#34	1
4856282#0	Q0	40570#80	1
4856282#0	Q0	40570#120	0
4872460#0	Q0	5675700#28	1
4872460#0	Q0	6127568#2	0
4872460#0	Q0	1996893#0	0
4872460#0	Q0	3428606#123	0
4872460#0	Q0	5410620#4	0
4872460#0	Q0	424581#11	0
4872460#0	Q0	7226941#10	0
4872460#0	Q0	9756847#0	0
4872460#0	Q0	1828291#8	0
4872460#0	Q0	781858#46	0
4873770#0	Q0	48701#1	1
4873770#0	Q0	60785#5	1
4873770#0	Q0	5207#1	1
4873770#0	Q0	3643043#4	0
4873770#0	Q0	1700243#79	0
4873770#0	Q0	9357023#3	0
4873770#0	Q0	9357023#2	0
4873770#0	Q0	6208586#4	0
4873770#0	Q0	8318649#14	0
4873770#0	Q0	60785#14	0
4876977#0	Q0	710531#5	1
4876977#0	Q0	8258546#1	0
4876977#0	Q0	8258546#0	0
4876977#0	Q0	710531#4	0
4876977#0	Q0	710531#0	0
4876977#0	Q0	265895#3	0
4876977#0	Q0	710531#1	0
4876977#0	Q0	710531#3	0
4876977#0	Q0	8749360#13	0
4876977#0	Q0	6848957#12	0
4882144#0	Q0	279111#0	1
4882144#0	Q0	279111#2	1
4882144#0	Q0	279111#5	1
4882144#0	Q0	279111#3	0
4882144#0	Q0	279111#6	0
4882144#0	Q0	279111#7	0
4882144#0	Q0	6012251#1	0
4882144#0	Q0	4049225#0	0
4882144#0	Q0	7617805#3	0
4882144#0	Q0	362824#2	0
4890774#0	Q0	43650#0	1
4890774#0	Q0	43650#4	1
4890774#0	Q0	339424#0	1
4890774#0	Q0	339424#5	1
4890774#0	Q0	339424#3	1
4890774#0	Q0	17617#15	1
4890774#0	Q0	43650#8	1
4890774#0	Q0	43650#1	1
4890774#0	Q0	1330202#36	1
4890774#0	Q0	43650#2	0
4895921#0	Q0	4793116#1	1
4895921#0	Q0	4793116#3	1
4895921#0	Q0	4793116#2	1
4895921#0	Q0	178811#0	1
4895921#0	Q0	862155#4	1
4895921#0	Q0	11758#10	1
4895921#0	Q0	2309269#14	1
4895921#0	Q0	15770#0	1
4895921#0	Q0	4793116#0	0
4895921#0	Q0	6250753#4	0
4900531#0	Q0	4900531#1	1
4900531#0	Q0	4900531#0	1
4900531#0	Q0	4900531#2	1
4900531#0	Q0	311129#11	1
4900531#0	Q0	1558511#1	0
4900531#0	Q0	163012#35	0
4900531#0	Q0	7230026#7	0
4900531#0	Q0	5630866#2	0
4900531#0	Q0	2097664#4	0
4900531#0	Q0	5370457#3	0
4901057#0	Q0	48405#0	1
4901057#0	Q0	9332296#1	1
4901057#0	Q0	48405#17	1
4901057#0	Q0	999984#7	1
4901057#0	Q0	173001#13	1
4901057#0	Q0	48405#2	0
4901057#0	Q0	48405#15	0
4901057#0	Q0	48405#28	0
4901057#0	Q0	48405#14	0
490112#0	Q0	1244011#1	1
490112#0	Q0	2448355#14	1
490112#0	Q0	11647#49	1
490112#0	Q0	8003179#4	1
490112#0	Q0	2487431#4	1
490112#0	Q0	408245#1	0
490112#0	Q0	2721364#2	0
490112#0	Q0	5851187#2	0
490112#0	Q0	2395440#23	0
490112#0	Q0	1245785#0	0
4902288#0	Q0	72999#66	1
4902288#0	Q0	5333402#11	1
4902288#0	Q0	334729#1	1
4902288#0	Q0	72999#32	1
4902288#0	Q0	6212504#14	1
4902288#0	Q0	7040738#3	1
4902288#0	Q0	3779784#0	1
4902288#0	Q0	72999#2	1
4902288#0	Q0	5708656#28	1
4902288#0	Q0	8127577#4	0
4906285#0	Q0	646425#203	1
4906285#0	Q0	16696#5	1
4906285#0	Q0	1882196#1	1
4906285#0	Q0	765#72	0
4906285#0	Q0	926382#1	0
4906285#0	Q0	6406208#9	0
4906285#0	Q0	7693852#4	0
4906285#0	Q0	1444#6	0
4906285#0	Q0	1512#1	0
4906285#0	Q0	101496#43	0
4906462#0	Q0	62300#5	1
4906462#0	Q0	44756#41	1
4906462#0	Q0	44756#36	1
4906462#0	Q0	44756#2	1
4906462#0	Q0	44756#33	1
4906462#0	Q0	44756#26	1
4906462#0	Q0	44756#39	1
4906462#0	Q0	44756#25	0
4906462#0	Q0	122497#18	0
4906462#0	Q0	44756#57	0
4907585#0	Q0	498677#6	1
4907585#0	Q0	1536125#1	1
4907585#0	Q0	118631#0	1
4907585#0	Q0	498677#15	1
4907585#0	Q0	5913131#6	1
4907585#0	Q0	9194768#2	1
4907585#0	Q0	9213244#2	0
4907585#0	Q0	498633#9	0
4907585#0	Q0	4403218#3	0
4907585#0	Q0	4307463#9	0
4911576#0	Q0	1521098#1	1
4911576#0	Q0	1521263#2	1
4911576#0	Q0	10104384#2	0
4911576#0	Q0	7334950#4	0
4911576#0	Q0	419709#18	0
4911576#0	Q0	7130479#15	0
4911576#0	Q0	3562125#2	0
4911576#0	Q0	1999072#3	0
4911576#0	Q0	1521263#9	0
4911576#0	Q0	850739#0	0
4917817#0	Q0	328901#0	1
4917817#0	Q0	542737#12	1
4917817#0	Q0	5113#0	1
4917817#0	Q0	5106822#31	1
4917817#0	Q0	2799719#3	1
4917817#0	Q0	5944645#36	1
4917817#0	Q0	5113#10	1
4917817#0	Q0	813728#20	1
4917817#0	Q0	250199#23	1
4917817#0	Q0	9066633#2	0
4918828#0	Q0	4859440#0	1
4918828#0	Q0	5946322#0	1
4918828#0	Q0	4925134#0	1
4918828#0	Q0	4925134#1	1
4918828#0	Q0	4859440#2	1
4918828#0	Q0	5946322#1	1
4918828#0	Q0	6153893#0	0
4918828#0	Q0	9360805#0	0
4918828#0	Q0	4925134#3	0
4918828#0	Q0	5530695#1	0
4920445#0	Q0	2239658#1	1
4920445#0	Q0	430434#36	1
4920445#0	Q0	2239658#0	1
4920445#0	Q0	2225323#0	1
4920445#0	Q0	2239658#36	1
4920445#0	Q0	2400722#27	0
4920445#0	Q0	2239658#2	0
4920445#0	Q0	9941915#7	0
4920445#0	Q0	430434#0	0
4920445#0	Q0	2239658#34	0
4920795#0	Q0	4330219#5	1
4920795#0	Q0	26709#22	1
4920795#0	Q0	6094080#9	1
4920795#0	Q0	6132948#2	1
4920795#0	Q0	7760580#0	1
4920795#0	Q0	1203666#9	0
4920795#0	Q0	26709#17	0
4920795#0	Q0	1802906#2	0
4920795#0	Q0	4330219#3	0
4920795#0	Q0	6132948#1	0
49238#0	Q0	16120#3	1
49238#0	Q0	9571620#0	1
49238#0	Q0	9562976#0	1
49238#0	Q0	17801#38	1
49238#0	Q0	9572546#0	1
49238#0	Q0	5971542#0	1
49238#0	Q0	2457022#15	1
49238#0	Q0	93662#0	1
49238#0	Q0	16120#8	0
49238#0	Q0	16120#2	0
492501#0	Q0	133621#0	1
492501#0	Q0	876430#6	1
492501#0	Q0	21375#83	1
492501#0	Q0	4590756#10	1
492501#0	Q0	9287906#0	1
492501#0	Q0	133621#12	1
492501#0	Q0	4590756#8	1
492501#0	Q0	8149321#0	1
492501#0	Q0	133621#2	0
492501#0	Q0	2253644#0	0
4928365#0	Q0	77346#0	1
4928365#0	Q0	77346#4	1
4928365#0	Q0	77346#5	1
4928365#0	Q0	77346#2	1
4928365#0	Q0	77346#16	1
4928365#0	Q0	77346#11	1
4928365#0	Q0	5242522#2	1
4928365#0	Q0	2802158#0	0
4928365#0	Q0	5407420#3	0
4928365#0	Q0	5242522#0	0
4928506#0	Q0	1433081#1	1
4928506#0	Q0	1433081#2	1
4928506#0	Q0	625189#11	1
4928506#0	Q0	1433081#5	1
4928506#0	Q0	1433081#6	1
4928506#0	Q0	1433081#4	1
4928506#0	Q0	1433081#3	1
4928506#0	Q0	79497#101	1
4928506#0	Q0	2447467#3	1
4928506#0	Q0	9698219#12	1
4932562#0	Q0	48938#0	1
4932562#0	Q0	508864#0	1
4932562#0	Q0	48938#4	1
4932562#0	Q0	48938#5	1
4932562#0	Q0	48938#3	1
4932562#0	Q0	56172#30	1
4932562#0	Q0	3549117#0	1
4932562#0	Q0	372078#0	0
4932562#0	Q0	918314#0	0
4932562#0	Q0	621618#0	0
4932637#0	Q0	4724148#24	1
4932637#0	Q0	3802513#31	1
4932637#0	Q0	1555478#0	0
4932637#0	Q0	4917294#0	0
4932637#0	Q0	139094#57	0
4932637#0	Q0	99207#0	0
4932637#0	Q0	319044#0	0
4932637#0	Q0	99179#0	0
4932637#0	Q0	139094#97	0
4932637#0	Q0	139094#50	0
4933521#0	Q0	110229#0	1
4933521#0	Q0	7337894#11	1
4933521#0	Q0	5251#82	1
4933521#0	Q0	2282852#19	1
4933521#0	Q0	9419654#12	0
4933521#0	Q0	110229#67	0
4933521#0	Q0	110229#182	0
4933521#0	Q0	3715167#6	0
4933521#0	Q0	3390604#1	0
4933521#0	Q0	376307#2	0
4933883#0	Q0	1751221#8	1
4933883#0	Q0	484307#9	1
4933883#0	Q0	1751221#9	1
4933883#0	Q0	49799#9	1
4933883#0	Q0	164797#4	1
4933883#0	Q0	484307#0	0
4933883#0	Q0	26400#15	0
4933883#0	Q0	26302#7	0
4933883#0	Q0	484307#55	0
4933883#0	Q0	243939#29	0
49362#0	Q0	2282852#19	1
49362#0	Q0	6468040#3	1
49362#0	Q0	5383592#1	1
49362#0	Q0	110229#0	1
49362#0	Q0	9696285#9	1
49362#0	Q0	110229#71	1
49362#0	Q0	8109153#23	1
49362#0	Q0	35579#3	1
49362#0	Q0	3337804#0	0
49362#0	Q0	48782#0	0
49390#0	Q0	497261#0	1
49390#0	Q0	497261#1	1
49390#0	Q0	7331365#3	1
49390#0	Q0	497605#0	0
49390#0	Q0	497271#0	0
49390#0	Q0	278321#1	0
49390#0	Q0	426237#0	0
49390#0	Q0	6137141#1	0
49390#0	Q0	49390#0	0
49390#0	Q0	497905#0	0
4956314#0	Q0	156543#0	1
4956314#0	Q0	8819760#3	0
4956314#0	Q0	53230#12	0
4956314#0	Q0	4644108#0	0
4956314#0	Q0	5997957#0	0
4956314#0	Q0	31137#0	0
4956314#0	Q0	9062797#5	0
4956314#0	Q0	9796266#0	0
4956314#0	Q0	31137#8	0
4956314#0	Q0	4173980#1	0
495947#0	Q0	8582#0	1
495947#0	Q0	8579#1	1
495947#0	Q0	392586#0	1
495947#0	Q0	4664248#4	1
495947#0	Q0	241303#18	1
495947#0	Q0	310037#23	1
495947#0	Q0	9262#7	1
495947#0	Q0	9258#12	1
495947#0	Q0	144665#4	0
495947#0	Q0	8582#19	0
4960912#0	Q0	71546#2	1
4960912#0	Q0	3030847#14	1
4960912#0	Q0	71546#7	1
4960912#0	Q0	3030847#10	1
4960912#0	Q0	8936035#6	1
4960912#0	Q0	71546#6	1
4960912#0	Q0	3030847#15	1
4960912#0	Q0	3030847#22	1
4960912#0	Q0	3030847#25	1
4960912#0	Q0	3030847#9	0
4964783#0	Q0	1353781#54	1
4964783#0	Q0	1885346#0	0
4964783#0	Q0	1126029#0	0
4964783#0	Q0	937304#6	0
4964783#0	Q0	998477#0	0
4964783#0	Q0	5442136#0	0
4964783#0	Q0	4189702#0	0
4964783#0	Q0	2255554#5	0
4964783#0	Q0	1275982#0	0
4964783#0	Q0	2328007#13	0
4965018#0	Q0	13858#2	1
4965018#0	Q0	10039450#21	1
4965018#0	Q0	5040110#9	1
4965018#0	Q0	1330972#0	0
4965018#0	Q0	1050910#2	0
4965018#0	Q0	1624363#33	0
4965018#0	Q0	5291811#1	0
4965018#0	Q0	9893400#1	0
4965018#0	Q0	7594497#0	0
4965018#0	Q0	6157158#3	0
4971923#0	Q0	96318#0	1
4971923#0	Q0	96318#2	1
4971923#0	Q0	88780#0	1
4971923#0	Q0	96318#1	1
4971923#0	Q0	3065930#0	0
4971923#0	Q0	3065930#1	0
4971923#0	Q0	4478772#1	0
4971923#0	Q0	5895519#1	0
4971923#0	Q0	9676277#4	0
4971923#0	Q0	259263#0	0
4976979#0	Q0	107830#40	1
4976979#0	Q0	4156398#0	1
4976979#0	Q0	1047660#0	1
4976979#0	Q0	1116330#0	1
4976979#0	Q0	2536619#0	0
4976979#0	Q0	1830#103	0
4976979#0	Q0	8005683#2	0
4976979#0	Q0	2742167#3	0
4976979#0	Q0	2228568#0	0
4976979#0	Q0	7681663#7	0
498048#0	Q0	1560004#1	1
498048#0	Q0	124641#116	1
498048#0	Q0	124641#125	1
498048#0	Q0	124641#35	1
498048#0	Q0	1353960#133	1
498048#0	Q0	124641#47	0
498048#0	Q0	1353960#74	0
498048#0	Q0	124641#49	0
498048#0	Q0	124641#70	0
498048#0	Q0	124641#2	0
4982408#0	Q0	578943#0	1
4982408#0	Q0	578943#6	1
4982408#0	Q0	347478#2	1
4982408#0	Q0	8905624#45	1
4982408#0	Q0	578943#9	1
4982408#0	Q0	578943#7	1
4982408#0	Q0	578943#16	1
4982408#0	Q0	760569#6	0
4982408#0	Q0	76993#0	0
4982408#0	Q0	4987658#6	0
498260#0	Q0	64165#49	1
498260#0	Q0	2611960#2	1
498260#0	Q0	3011951#1	1
498260#0	Q0	64165#51	1
498260#0	Q0	64165#57	1
498260#0	Q0	1359754#3	1
498260#0	Q0	64165#55	1
498260#0	Q0	64165#56	1
498260#0	Q0	8344213#2	0
498260#0	Q0	5073960#0	0
4991638#0	Q0	528243#0	1
4991638#0	Q0	9869084#1	1
4991638#0	Q0	77302#18	1
4991638#0	Q0	5877397#4	0
4991638#0	Q0	5797126#3	0
4991638#0	Q0	5278891#3	0
4991638#0	Q0	6984059#5	0
4991638#0	Q0	6572393#3	0
4993408#0	Q0	439271#14	1
4993408#0	Q0	7696342#2	0
4993408#0	Q0	1302065#10	0
4993408#0	Q0	3174686#16	0
4993408#0	Q0	6241126#21	0
4993408#0	Q0	9931945#2	0
4993408#0	Q0	53359#22	0
4993408#0	Q0	9648968#5	0
4993408#0	Q0	4342191#0	0
4993408#0	Q0	6978568#4	0
4995306#0	Q0	72027#50	1
4995306#0	Q0	7529404#1	1
4995306#0	Q0	1513166#16	1
4995306#0	Q0	711020#2	1
4995306#0	Q0	133634#6	1
4995306#0	Q0	5144817#2	1
4995306#0	Q0	5144817#17	1
4995306#0	Q0	133634#18	1
4995306#0	Q0	250494#15	0
4995306#0	Q0	1066633#1	0
4998402#0	Q0	1360923#0	1
4998402#0	Q0	1006881#22	0
4998402#0	Q0	5130744#0	0
4998402#0	Q0	6955697#0	0
4998402#0	Q0	7038717#8	0
4998402#0	Q0	4165234#0	0
4998402#0	Q0	6862905#0	0
4998402#0	Q0	10171832#1	0
4998402#0	Q0	6823968#7	0
4998402#0	Q0	1831668#3	0
5000679#0	Q0	525720#3	1
5000679#0	Q0	1896256#4	1
5000679#0	Q0	655364#1	1
5000679#0	Q0	599319#3	0
5000679#0	Q0	7377039#4	0
5000679#0	Q0	145726#13	0
5000679#0	Q0	202319#17	0
5000679#0	Q0	629195#2	0
5000679#0	Q0	7626046#22	0
5000679#0	Q0	724774#8	0
5001575#0	Q0	8962794#0	1
5001575#0	Q0	50561#14	1
5001575#0	Q0	396181#3	1
5001575#0	Q0	50561#3	1
5001575#0	Q0	50561#0	1
5001575#0	Q0	8962538#6	1
5001575#0	Q0	50561#1	1
5001575#0	Q0	50561#5	1
5001575#0	Q0	1743543#51	0
5001575#0	Q0	76641#11	0
5002528#0	Q0	9216220#1	1
5002528#0	Q0	8874719#3	1
5002528#0	Q0	9034011#5	1
5002528#0	Q0	9339141#0	0
5002528#0	Q0	210077#90	0
5002528#0	Q0	2859449#9	0
5002528#0	Q0	1305152#1	0
5002528#0	Q0	9917196#4	0
5002528#0	Q0	9339863#20	0
5002528#0	Q0	9817718#8	0
500379#0	Q0	356056#38	1
500379#0	Q0	854415#33	1
500379#0	Q0	109510#1	1
500379#0	Q0	9793161#17	1
500379#0	Q0	4575813#7	1
500379#0	Q0	837976#2	1
500379#0	Q0	28784#9	1
500379#0	Q0	227442#0	0
500379#0	Q0	7427215#1	0
500379#0	Q0	17761#83	0
501355#0	Q0	92813#3	1
501355#0	Q0	370609#1	1
501355#0	Q0	268487#13	0
501355#0	Q0	528109#1	0
501355#0	Q0	1906396#168	0
501355#0	Q0	15461#50	0
501355#0	Q0	507255#1	0
501355#0	Q0	880979#134	0
501355#0	Q0	17049#99	0
501355#0	Q0	2303062#1	0
501453#0	Q0	8978308#0	1
501453#0	Q0	8978308#20	1
501453#0	Q0	8978308#21	1
501453#0	Q0	8978308#13	1
501453#0	Q0	8978308#19	1
501453#0	Q0	8978308#18	1
501453#0	Q0	8978308#1	1
501453#0	Q0	8978308#12	1
501453#0	Q0	2986712#0	0
501453#0	Q0	4126768#0	0
5014695#0	Q0	5111216#3	1
5014695#0	Q0	2142162#8	1
5014695#0	Q0	29840#80	1
5014695#0	Q0	9938878#2	1
5014695#0	Q0	47367#12	1
5014695#0	Q0	505134#7	0
5014695#0	Q0	7515607#37	0
5014695#0	Q0	159558#21	0
5014695#0	Q0	611669#5	0
5014695#0	Q0	41753#9	0
5027066#0	Q0	199647#0	1
5027066#0	Q0	2400700#11	1
5027066#0	Q0	4614405#0	1
5027066#0	Q0	199647#1	1
5027066#0	Q0	4836506#0	1
5027066#0	Q0	4605045#0	1
5027066#0	Q0	1159637#0	1
5027066#0	Q0	199647#22	1
5027066#0	Q0	4614405#1	1
5027066#0	Q0	199647#6	0
5031584#0	Q0	39416#117	1
5031584#0	Q0	273284#0	1
5031584#0	Q0	39416#46	1
5031584#0	Q0	151205#64	1
5031584#0	Q0	39416#35	1
5031584#0	Q0	39416#29	1
5031584#0	Q0	273284#2	1
5031584#0	Q0	78550#38	1
5031584#0	Q0	39416#0	1
5031584#0	Q0	6216#281	1
504432#0	Q0	2570#10	1
504432#0	Q0	2570#60	1
504432#0	Q0	2562#41	1
504432#0	Q0	2562#39	1
504432#0	Q0	261#42	1
504432#0	Q0	2570#9	1
504432#0	Q0	45140#7	1
504432#0	Q0	2570#5	0
504432#0	Q0	5189863#9	0
504432#0	Q0	239893#1	0
5055612#0	Q0	5045358#0	1
5055612#0	Q0	5056851#0	1
5055612#0	Q0	981328#0	1
5055612#0	Q0	4784909#3	0
5055612#0	Q0	10130418#2	0
5055612#0	Q0	5055685#0	0
5055612#0	Q0	10130418#6	0
5055612#0	Q0	9970807#8	0
5055612#0	Q0	9966120#4	0
5055612#0	Q0	7004054#2	0
5064335#0	Q0	4279117#6	1
5064335#0	Q0	12068#78	1
5064335#0	Q0	4279117#5	1
5064335#0	Q0	4144144#9	1
5064335#0	Q0	4966212#0	1
5064335#0	Q0	9306469#0	1
5064335#0	Q0	9263667#0	1
5064335#0	Q0	1033610#7	1
5064335#0	Q0	9442637#1	1
5064335#0	Q0	1064461#3	0
506667#0	Q0	9879914#0	1
506667#0	Q0	9958148#1	1
506667#0	Q0	9879914#4	1
506667#0	Q0	8421010#1	0
506667#0	Q0	9879914#2	0
506667#0	Q0	8810307#0	0
506667#0	Q0	8421010#14	0
506667#0	Q0	9353611#0	0
506667#0	Q0	9603009#0	0
506667#0	Q0	9353611#1	0
5073337#0	Q0	5127036#14	1
5073337#0	Q0	5127036#1	1
5073337#0	Q0	5127036#9	1
5073337#0	Q0	551375#15	1
5073337#0	Q0	6121090#6	1
5073337#0	Q0	5127036#2	0
5073337#0	Q0	4939248#7	0
5073337#0	Q0	1144279#0	0
5073337#0	Q0	389441#63	0
5073337#0	Q0	3541140#47	0
5076287#0	Q0	729478#0	1
5076287#0	Q0	729478#3	1
5076287#0	Q0	68597#39	1
5076287#0	Q0	9501122#4	0
5076287#0	Q0	68597#75	0
5076287#0	Q0	5076287#0	0
5076287#0	Q0	500379#17	0
5076287#0	Q0	9501122#0	0
5076287#0	Q0	729478#5	0
5076287#0	Q0	722216#1	0
5087194#0	Q0	1737621#4	1
5087194#0	Q0	4628169#0	0
5087194#0	Q0	6583207#0	0
5087194#0	Q0	7014214#0	0
5087194#0	Q0	8733104#0	0
5087194#0	Q0	5914075#0	0
5087194#0	Q0	2876360#0	0
5087194#0	Q0	6646527#4	0
5087194#0	Q0	8868462#0	0
5087194#0	Q0	7692366#0	0
508901#0	Q0	89793#32	1
508901#0	Q0	2001705#9	1
508901#0	Q0	674689#84	1
508901#0	Q0	7302#1	1
508901#0	Q0	6110863#1	1
508901#0	Q0	306504#50	0
508901#0	Q0	919260#12	0
508901#0	Q0	3135696#0	0
508901#0	Q0	571358#2	0
508901#0	Q0	59350#2	0
509002#0	Q0	1399165#0	1
509002#0	Q0	159503#0	0
509002#0	Q0	431080#0	0
509002#0	Q0	84686#0	0
509002#0	Q0	2479585#0	0
509002#0	Q0	63970#23	0
509002#0	Q0	364278#0	0
509002#0	Q0	1727685#33	0
509002#0	Q0	509002#0	0
509002#0	Q0	2154633#5	0
5090919#0	Q0	2549066#1	1
5090919#0	Q0	472795#49	1
5090919#0	Q0	472795#47	0
5090919#0	Q0	8655001#5	0
5090919#0	Q0	48857#8	0
5090919#0	Q0	138082#4	0
5090919#0	Q0	472795#61	0
5090919#0	Q0	20919#31	0
5090919#0	Q0	1636355#2	0
5090919#0	Q0	507698#1	0
5092946#0	Q0	958039#13	1
5092946#0	Q0	53203#4	1
5092946#0	Q0	4867463#6	1
5092946#0	Q0	951368#55	1
5092946#0	Q0	1511509#2	1
5092946#0	Q0	53203#20	1
5092946#0	Q0	4694670#3	1
5092946#0	Q0	53203#18	1
5092946#0	Q0	2483677#8	1
5092946#0	Q0	958039#14	0
5101944#0	Q0	837821#4	1
5101944#0	Q0	62818#30	1
5101944#0	Q0	837821#0	1
5101944#0	Q0	62818#16	1
5101944#0	Q0	62818#0	1
5101944#0	Q0	837821#16	1
5101944#0	Q0	837821#23	1
5101944#0	Q0	837821#1	1
5101944#0	Q0	837821#22	0
5101944#0	Q0	62818#18	0
5107483#0	Q0	35#28	1
5107483#0	Q0	107857#1	0
5107483#0	Q0	236298#31	0
5107483#0	Q0	8622794#0	0
5107483#0	Q0	9000922#4	0
5107483#0	Q0	9018587#1	0
5107483#0	Q0	2303586#4	0
5107483#0	Q0	1509983#2	0
5107483#0	Q0	1969427#5	0
5107483#0	Q0	2152#9	0
510846#0	Q0	6061439#2	1
510846#0	Q0	4338250#1	0
510846#0	Q0	6111097#2	0
510846#0	Q0	5388709#1	0
510846#0	Q0	9132427#1	0
510846#0	Q0	340543#44	0
510846#0	Q0	4159773#0	0
510846#0	Q0	4730286#4	0
510846#0	Q0	496450#0	0
510846#0	Q0	6718#114	0
5118327#0	Q0	15564#28	1
5118327#0	Q0	15564#36	1
5118327#0	Q0	23506#14	1
5118327#0	Q0	71910#3	1
5118327#0	Q0	721234#6	1
5118327#0	Q0	23506#65	1
5118327#0	Q0	194219#1	0
5118327#0	Q0	71910#64	0
512401#0	Q0	8243354#1	1
512401#0	Q0	8243354#3	1
512401#0	Q0	8243354#2	1
512401#0	Q0	8243354#0	1
512401#0	Q0	8243354#5	1
512401#0	Q0	8243354#9	1
512401#0	Q0	8243354#7	1
512401#0	Q0	8243354#4	1
512401#0	Q0	8243354#8	1
512401#0	Q0	6488181#0	0
5124940#0	Q0	1855398#17	1
5124940#0	Q0	1576022#15	1
5124940#0	Q0	511276#25	1
5124940#0	Q0	1855398#8	0
5124940#0	Q0	9587326#38	0
5124940#0	Q0	219745#21	0
5124940#0	Q0	6957808#18	0
5124940#0	Q0	499#32	0
5124940#0	Q0	2194094#11	0
5124940#0	Q0	518625#27	0
513257#0	Q0	293197#6	1
513257#0	Q0	293197#4	1
513257#0	Q0	293197#0	1
513257#0	Q0	293197#3	1
513257#0	Q0	8233373#20	1
513257#0	Q0	293197#2	1
513257#0	Q0	293197#1	1
513257#0	Q0	8281813#10	1
513257#0	Q0	293197#7	1
513257#0	Q0	694631#2	0
5136112#0	Q0	7043#34	1
5136112#0	Q0	2562#11	1
5136112#0	Q0	7854261#0	1
5136112#0	Q0	6604#62	0
5136112#0	Q0	126525#39	0
5136112#0	Q0	6604#64	0
5136112#0	Q0	6830860#8	0
5136112#0	Q0	2570#4	0
5136112#0	Q0	4309467#5	0
5136112#0	Q0	3016441#16	0
5141094#0	Q0	5141094#3	1
5141094#0	Q0	5278125#4	1
5141094#0	Q0	5141094#0	0
5141094#0	Q0	7233340#2	0
5141094#0	Q0	509823#11	0
5141094#0	Q0	173594#85	0
5141094#0	Q0	41223#2	0
5141094#0	Q0	6879103#1	0
5141094#0	Q0	19469#135	0
5141094#0	Q0	5053877#3	0
5141233#0	Q0	5459434#25	1
5141233#0	Q0	8251#121	1
5141233#0	Q0	44736#20	1
5141233#0	Q0	1800520#8	0
5141233#0	Q0	5734#4	0
5141233#0	Q0	3631045#24	0
5141233#0	Q0	8251#53	0
5141233#0	Q0	8251#108	0
5141233#0	Q0	8251#73	0
5141233#0	Q0	6173963#28	0
5141663#0	Q0	42649#1	1
5141663#0	Q0	42649#5	1
5141663#0	Q0	42649#7	1
5141663#0	Q0	42649#6	1
5141663#0	Q0	702684#10	1
5141663#0	Q0	42649#8	0
5141663#0	Q0	42649#0	0
5141663#0	Q0	42649#4	0
5141663#0	Q0	42649#12	0
5141663#0	Q0	451#14	0
5143760#0	Q0	63393#0	1
5143760#0	Q0	8499380#8	1
5143760#0	Q0	219307#4	1
5143760#0	Q0	63393#27	0
5143760#0	Q0	63393#2	0
5143760#0	Q0	3675372#7	0
5143760#0	Q0	3675372#1	0
5143760#0	Q0	219307#21	0
5143760#0	Q0	2502943#3	0
5143760#0	Q0	9427461#2	0
5150196#0	Q0	160#12	1
5150196#0	Q0	2415562#5	1
5150196#0	Q0	2415562#15	1
5150196#0	Q0	1042#90	1
5150196#0	Q0	114828#1	1
5150196#0	Q0	8091087#3	1
5150196#0	Q0	8166825#5	1
5150196#0	Q0	905874#7	1
5150196#0	Q0	1039#5	0
5150196#0	Q0	41471#23	0
516582#0	Q0	1344011#43	1
516582#0	Q0	1344011#41	1
516582#0	Q0	9785251#1	1
516582#0	Q0	147287#0	1
516582#0	Q0	7449248#1	1
516582#0	Q0	1035523#7	1
516582#0	Q0	1810626#19	1
516582#0	Q0	1253562#19	0
516582#0	Q0	1102173#4	0
516582#0	Q0	89959#36	0
517010#0	Q0	6859093#21	1
517010#0	Q0	12862#153	1
517010#0	Q0	12722#31	1
517010#0	Q0	2345782#0	1
517010#0	Q0	2218660#50	1
517010#0	Q0	86621#0	0
517010#0	Q0	6332685#1	0
517010#0	Q0	26834#1	0
517010#0	Q0	4702070#0	0
517010#0	Q0	7999443#2	0
5176531#0	Q0	9784#8	1
5176531#0	Q0	2192942#2	0
5176531#0	Q0	1602875#2	0
5176531#0	Q0	29157#1	0
5176531#0	Q0	29157#6	0
5176531#0	Q0	1602875#16	0
5176531#0	Q0	29157#5	0
5176531#0	Q0	29157#0	0
5176531#0	Q0	1602875#1	0
5176531#0	Q0	7296#1	0
5181445#0	Q0	5181445#0	1
5181445#0	Q0	7877802#6	0
5181445#0	Q0	5181445#2	0
5181445#0	Q0	55435#38	0
5181445#0	Q0	5181445#3	0
5181445#0	Q0	5181445#4	0
5181445#0	Q0	5181445#1	0
5181445#0	Q0	5181445#6	0
5181445#0	Q0	55435#35	0
5181445#0	Q0	5181445#5	0
5190806#0	Q0	45#1	1
5190806#0	Q0	226#4	1
5190806#0	Q0	226#3	1
5190806#0	Q0	4386751#59	1
5190806#0	Q0	35125#3	1
5190806#0	Q0	45#0	1
5190806#0	Q0	15375#21	1
5190806#0	Q0	45#4	1
5190806#0	Q0	802869#42	1
5190806#0	Q0	802869#24	0
5191624#0	Q0	2328007#7	1
5191624#0	Q0	1446051#92	1
5191624#0	Q0	1353781#54	1
5191624#0	Q0	9597272#1	1
5191624#0	Q0	1353781#0	0
5191624#0	Q0	345353#2	0
5191624#0	Q0	1336937#8	0
5191624#0	Q0	6505440#1	0
5191624#0	Q0	1353781#2	0
5191624#0	Q0	2475267#6	0
5193708#0	Q0	7705767#5	1
5193708#0	Q0	6449197#5	1
5193708#0	Q0	7705767#4	1
5193708#0	Q0	6449197#3	0
5193708#0	Q0	7705767#2	0
5193708#0	Q0	2204#47	0
5193708#0	Q0	7468376#27	0
5193708#0	Q0	2015435#1	0
5193708#0	Q0	268287#13	0
5193708#0	Q0	268287#10	0
5196402#0	Q0	443014#11	1
5196402#0	Q0	443014#12	1
5196402#0	Q0	2400700#55	1
5196402#0	Q0	443014#28	1
5196402#0	Q0	443014#20	1
5196402#0	Q0	443014#4	1
5196402#0	Q0	443014#15	1
5196402#0	Q0	443014#0	1
5196402#0	Q0	199647#4	0
5196402#0	Q0	8197906#1	0
5201933#0	Q0	10083514#34	1
5201933#0	Q0	104444#14	1
5201933#0	Q0	218128#29	0
5201933#0	Q0	2437314#0	0
5201933#0	Q0	520918#8	0
5201933#0	Q0	9970869#14	0
5201933#0	Q0	6632843#19	0
5201933#0	Q0	9970869#6	0
5201933#0	Q0	9016521#11	0
5201933#0	Q0	277600#34	0
5211025#0	Q0	710984#7	1
5211025#0	Q0	5680432#0	1
5211025#0	Q0	1011155#0	1
5211025#0	Q0	6450413#0	1
5211025#0	Q0	26825#29	0
5211025#0	Q0	718294#3	0
5211025#0	Q0	6160526#0	0
5211025#0	Q0	4494924#1	0
5211025#0	Q0	1747532#2	0
5211025#0	Q0	1747532#0	0
5211062#0	Q0	28702#4	1
5211062#0	Q0	28702#6	0
5211062#0	Q0	1002206#5	0
5211062#0	Q0	28702#89	0
5211062#0	Q0	28702#8	0
5211062#0	Q0	28702#86	0
5211062#0	Q0	8430464#62	0
5211062#0	Q0	875597#1	0
5211062#0	Q0	7328975#3	0
5211062#0	Q0	28702#65	0
5213329#0	Q0	304716#5	1
5213329#0	Q0	2185932#8	0
5213329#0	Q0	2185932#0	0
5213329#0	Q0	144#12	0
5213329#0	Q0	3150629#35	0
5213329#0	Q0	8874196#21	0
5213329#0	Q0	144#24	0
5213329#0	Q0	828651#13	0
5213329#0	Q0	4869566#10	0
5213329#0	Q0	828651#12	0
5215496#0	Q0	276062#43	1
5215496#0	Q0	7526311#2	1
5215496#0	Q0	7526311#10	1
5215496#0	Q0	3060761#4	1
5215496#0	Q0	7526311#16	1
5215496#0	Q0	4484811#4	1
5215496#0	Q0	7526311#8	1
5215496#0	Q0	4484811#5	0
5215496#0	Q0	7526311#14	0
5215496#0	Q0	276062#53	0
5218787#0	Q0	229691#19	1
5218787#0	Q0	229691#20	1
5218787#0	Q0	229691#22	1
5218787#0	Q0	229691#23	1
5218787#0	Q0	229691#18	0
5218787#0	Q0	229691#17	0
5218787#0	Q0	9745337#5	0
5218787#0	Q0	5483712#8	0
5218787#0	Q0	7386531#1	0
5218787#0	Q0	6119947#2	0
522032#0	Q0	8763639#3	1
522032#0	Q0	2322950#12	0
522032#0	Q0	64197#14	0
522032#0	Q0	64197#7	0
522032#0	Q0	64197#31	0
522032#0	Q0	64197#1	0
522032#0	Q0	4596814#4	0
522032#0	Q0	277613#10	0
522032#0	Q0	7081458#2	0
522032#0	Q0	169069#39	0
52266#0	Q0	9327104#91	1
52266#0	Q0	9521954#63	1
52266#0	Q0	2342009#2	0
52266#0	Q0	9672689#23	0
52266#0	Q0	1759279#15	0
52266#0	Q0	26477#15	0
52266#0	Q0	708031#10	0
52266#0	Q0	52266#0	0
52266#0	Q0	6459571#7	0
52266#0	Q0	6238130#9	0
522679#0	Q0	1731364#45	1
522679#0	Q0	9190752#6	1
522679#0	Q0	10041647#5	1
522679#0	Q0	12974#14	1
522679#0	Q0	9190752#2	1
522679#0	Q0	12974#12	1
522679#0	Q0	87270#60	1
522679#0	Q0	12974#13	0
522679#0	Q0	12974#27	0
522679#0	Q0	5853656#0	0
5232564#0	Q0	924356#1	1
5232564#0	Q0	668674#1	1
5232564#0	Q0	31823#6	1
5232564#0	Q0	1830#2	1
5232564#0	Q0	178811#12	0
5232564#0	Q0	31823#8	0
5232564#0	Q0	31823#2	0
5232564#0	Q0	31823#13	0
5232564#0	Q0	1830#233	0
5232564#0	Q0	1832#8	0
5233480#0	Q0	3525457#16	1
5233480#0	Q0	10089072#3	0
5233480#0	Q0	1813502#17	0
5233480#0	Q0	453354#8	0
5233480#0	Q0	40505#26	0
5233480#0	Q0	6028579#0	0
5233480#0	Q0	8215435#54	0
5233480#0	Q0	10089072#9	0
5233480#0	Q0	10089072#6	0
5233480#0	Q0	34101#2	0
5240309#0	Q0	9240732#9	1
5240309#0	Q0	3151557#5	1
5240309#0	Q0	2346986#0	0
5240309#0	Q0	59226#0	0
5240309#0	Q0	4438328#1	0
5240309#0	Q0	270781#7	0
5240309#0	Q0	6942601#0	0
5240309#0	Q0	3143207#68	0
5240309#0	Q0	4643194#3	0
5240309#0	Q0	2292362#0	0
5242211#0	Q0	6130584#3	1
5242211#0	Q0	8590#16	1
5242211#0	Q0	4764083#0	1
5242211#0	Q0	9406128#22	1
5242211#0	Q0	3624833#59	1
5242211#0	Q0	9702549#0	1
5242211#0	Q0	3549288#44	1
5242211#0	Q0	4764083#78	1
5242211#0	Q0	4868510#56	1
5242211#0	Q0	4579269#1	1
52447#0	Q0	60363#29	1
52447#0	Q0	1752649#2	1
52447#0	Q0	111311#6	1
52447#0	Q0	5889198#0	1
52447#0	Q0	6872612#0	0
52447#0	Q0	1245849#1	0
52447#0	Q0	1245849#2	0
52447#0	Q0	238603#11	0
52447#0	Q0	111311#14	0
52447#0	Q0	8720849#3	0
5249118#0	Q0	60156#0	1
5249118#0	Q0	60156#3	1
5249118#0	Q0	60156#5	1
5249118#0	Q0	60156#4	1
5249118#0	Q0	60156#1	1
5249118#0	Q0	64770#0	0
5249118#0	Q0	10086156#0	0
5249118#0	Q0	64770#50	0
5249118#0	Q0	8010111#0	0
5249118#0	Q0	7633414#0	0
525052#0	Q0	6289096#10	1
525052#0	Q0	6289096#3	1
525052#0	Q0	452524#3	1
525052#0	Q0	6289096#9	1
525052#0	Q0	8165#125	1
525052#0	Q0	547221#2	1
525052#0	Q0	547221#1	0
525052#0	Q0	6289096#7	0
525052#0	Q0	548837#2	0
525052#0	Q0	9823069#0	0
5252230#0	Q0	8157#62	1
5252230#0	Q0	108093#4	1
5252230#0	Q0	8157#6	1
5252230#0	Q0	1710471#1	1
5252230#0	Q0	2219#12	1
5252230#0	Q0	8157#66	1
5252230#0	Q0	8157#58	1
5252230#0	Q0	1710471#5	1
5252230#0	Q0	290485#11	1
5252230#0	Q0	7454223#5	0
5253918#0	Q0	14057#6	1
5253918#0	Q0	13527#0	1
5253918#0	Q0	339505#4	1
5253918#0	Q0	4762427#33	1
5253918#0	Q0	1575#58	1
5253918#0	Q0	13527#23	1
5253918#0	Q0	49933#18	0
5253918#0	Q0	390193#0	0
5253918#0	Q0	360603#1	0
5253918#0	Q0	2424669#0	0
5257884#0	Q0	1013038#33	1
5257884#0	Q0	6905895#3	1
5257884#0	Q0	1013038#40	0
5257884#0	Q0	1013038#12	0
5257884#0	Q0	1013038#31	0
5257884#0	Q0	1280928#3	0
5257884#0	Q0	60491#5	0
5257884#0	Q0	1013038#39	0
5257884#0	Q0	1013038#46	0
5257884#0	Q0	399580#28	0
5260394#0	Q0	7573655#20	1
5260394#0	Q0	622568#2	1
5260394#0	Q0	431507#6	1
5260394#0	Q0	6639955#6	1
5260394#0	Q0	622560#2	1
5260394#0	Q0	7573655#17	1
5260394#0	Q0	137862#12	0
5260394#0	Q0	7573655#0	0
5263266#0	Q0	660583#0	1
5263266#0	Q0	10129397#0	0
5263266#0	Q0	495807#1	0
5263266#0	Q0	9471489#1	0
5263266#0	Q0	5370142#1	0
5263266#0	Q0	10077964#0	0
5263266#0	Q0	9962083#1	0
5263266#0	Q0	502007#5	0
5263266#0	Q0	9238179#1	0
5263266#0	Q0	8788639#1	0
5265178#0	Q0	12068#67	1
5265178#0	Q0	439332#90	1
5265178#0	Q0	439332#91	1
5265178#0	Q0	9207374#16	1
5265178#0	Q0	9439917#0	1
5265178#0	Q0	1864780#8	1
5265178#0	Q0	9886324#1	1
5265178#0	Q0	94452#0	0
5265178#0	Q0	33286#40	0
5265178#0	Q0	6891142#2	0
5266527#0	Q0	279101#0	1
5266527#0	Q0	2145#55	1
5266527#0	Q0	2145#56	1
5266527#0	Q0	264311#2	1
5266527#0	Q0	2145#54	1
5266527#0	Q0	264311#0	1
5266527#0	Q0	264311#1	1
5266527#0	Q0	243502#1	1
5266527#0	Q0	2153#43	1
5266527#0	Q0	243502#3	0
5277285#0	Q0	552590#0	1
5277285#0	Q0	4088982#0	1
5277285#0	Q0	5365738#0	0
5277285#0	Q0	562740#5	0
5277285#0	Q0	173289#0	0
5277285#0	Q0	5356104#8	0
5277285#0	Q0	7891723#1	0
5277285#0	Q0	8186259#1	0
5277285#0	Q0	5277285#0	0
5277285#0	Q0	9579727#1	0
5291349#0	Q0	6934895#5	1
5291349#0	Q0	3676345#2	1
5291349#0	Q0	4477709#3	1
5291349#0	Q0	6934895#25	1
5291349#0	Q0	7720678#3	0
5291349#0	Q0	4477709#9	0
5291349#0	Q0	7720678#5	0
5291349#0	Q0	371591#1	0
5291349#0	Q0	7720678#4	0
5291349#0	Q0	10058511#1	0
5297421#0	Q0	7318477#47	1
5297421#0	Q0	7318477#49	1
5297421#0	Q0	7318477#50	1
5297421#0	Q0	9592130#9	1
5297421#0	Q0	9592130#7	1
5297421#0	Q0	7318477#9	1
5297421#0	Q0	7318477#4	1
5297421#0	Q0	7318477#11	1
5297421#0	Q0	7318477#40	0
5297421#0	Q0	9572884#0	0
5300642#0	Q0	779283#8	1
5300642#0	Q0	2018539#3	1
5300642#0	Q0	779283#9	0
5300642#0	Q0	5053197#4	0
5300642#0	Q0	433131#24	0
5300642#0	Q0	7081650#3	0
5300642#0	Q0	3577185#3	0
5301#0	Q0	523187#0	1
5301#0	Q0	5301#0	1
5301#0	Q0	2755559#0	1
5301#0	Q0	13445#24	1
5301#0	Q0	5301#114	1
5301#0	Q0	8191251#0	1
5301#0	Q0	5301#116	0
5301#0	Q0	6391262#0	0
5301#0	Q0	5301#126	0
5301#0	Q0	13445#21	0
5301518#0	Q0	385749#0	1
5301518#0	Q0	507357#127	1
5301518#0	Q0	507357#125	1
5301518#0	Q0	507357#78	1
5301518#0	Q0	507357#126	1
5301518#0	Q0	507357#130	1
5301518#0	Q0	507357#3	1
5301518#0	Q0	385749#2	1
5301518#0	Q0	385749#5	0
5301518#0	Q0	7648725#8	0
5306525#0	Q0	82308#100	1
5306525#0	Q0	82308#84	0
5306525#0	Q0	7715686#18	0
5306525#0	Q0	82308#83	0
5306525#0	Q0	82308#254	0
5306525#0	Q0	6566073#1	0
5306525#0	Q0	82308#240	0
5306525#0	Q0	82308#218	0
5306525#0	Q0	82308#51	0
5306525#0	Q0	4679787#120	0
5310146#0	Q0	91805#0	1
5310146#0	Q0	91805#52	1
5310146#0	Q0	91805#23	1
5310146#0	Q0	204612#29	1
5310146#0	Q0	91805#35	1
5310146#0	Q0	91805#19	1
5310146#0	Q0	91805#27	1
5310146#0	Q0	91805#15	1
5310146#0	Q0	91805#10	0
5310146#0	Q0	91805#37	0
5315634#0	Q0	3028444#0	1
5315634#0	Q0	3561351#5	1
5315634#0	Q0	3028444#12	1
5315634#0	Q0	2196976#1	1
5315634#0	Q0	2196932#0	1
5315634#0	Q0	3028444#8	1
5315634#0	Q0	2100#28	1
5315634#0	Q0	1261020#3	1
5315634#0	Q0	3028444#27	1
5315634#0	Q0	2197002#0	1
5317841#0	Q0	95819#0	1
5317841#0	Q0	38425#45	1
5317841#0	Q0	737055#4	1
5317841#0	Q0	2281091#1	0
5317841#0	Q0	2282069#1	0
5317841#0	Q0	5301995#5	0
5317841#0	Q0	3214857#6	0
5317841#0	Q0	9246056#1	0
5317841#0	Q0	9246056#0	0
5317841#0	Q0	38425#34	0
5318939#0	Q0	10076071#0	1
5318939#0	Q0	9785565#3	1
5318939#0	Q0	10101218#0	1
5318939#0	Q0	10096003#0	1
5318939#0	Q0	10077050#0	0
5318939#0	Q0	4401921#0	0
5318939#0	Q0	7255815#48	0
5318939#0	Q0	31767#7	0
5318939#0	Q0	10096047#0	0
5318939#0	Q0	1092238#1	0
5320026#0	Q0	8578548#2	1
5320026#0	Q0	187196#4	1
5320026#0	Q0	845992#1	0
5320026#0	Q0	4263250#0	0
5320026#0	Q0	5141281#5	0
5320026#0	Q0	3194118#0	0
5320026#0	Q0	134490#16	0
5320026#0	Q0	49725#26	0
5320026#0	Q0	4263250#4	0
5320026#0	Q0	6821310#4	0
5320078#0	Q0	9948948#11	1
5320078#0	Q0	9949230#10	1
5320078#0	Q0	9988294#14	0
5320078#0	Q0	9326898#0	0
5320078#0	Q0	9333598#15	0
5320078#0	Q0	9326898#5	0
5320078#0	Q0	9988294#1	0
5320078#0	Q0	9259143#32	0
5320078#0	Q0	9416419#0	0
5320078#0	Q0	9403173#18	0
5323372#0	Q0	5278345#29	1
5323372#0	Q0	466246#4	1
5323372#0	Q0	5268210#5	1
5323372#0	Q0	5769894#2	1
5323372#0	Q0	5278345#24	0
5323372#0	Q0	5278345#30	0
5323372#0	Q0	5278345#28	0
5323372#0	Q0	9043340#1	0
5323372#0	Q0	5278345#18	0
5323372#0	Q0	14027#38	0
5323601#0	Q0	28012#32	1
5323601#0	Q0	28012#10	1
5323601#0	Q0	15896#7	1
5323601#0	Q0	8590#48	1
5323601#0	Q0	8459890#50	1
5323601#0	Q0	339753#27	0
5323601#0	Q0	1478#2	0
5323601#0	Q0	4920854#45	0
5323601#0	Q0	4531597#10	0
5323601#0	Q0	731415#25	0
5327259#0	Q0	719105#15	1
5327259#0	Q0	726299#17	1
5327259#0	Q0	72493#10	1
5327259#0	Q0	9891709#1	1
5327259#0	Q0	9891709#0	1
5327259#0	Q0	719105#13	1
5327259#0	Q0	719105#11	0
5327259#0	Q0	386796#9	0
5327259#0	Q0	8079#201	0
5334190#0	Q0	5278285#0	1
5334190#0	Q0	5281497#0	0
5334190#0	Q0	5278285#2	0
5334190#0	Q0	6947465#1	0
5334190#0	Q0	6947465#2	0
5334190#0	Q0	7645184#1	0
5334190#0	Q0	5278285#4	0
5334190#0	Q0	5278285#8	0
5334190#0	Q0	1890094#1	0
5334190#0	Q0	9732868#1	0
5337093#0	Q0	141157#0	1
5337093#0	Q0	141157#2	0
5337093#0	Q0	5876158#0	0
5337093#0	Q0	8511388#6	0
5337093#0	Q0	4501424#1	0
5337093#0	Q0	141157#3	0
5337093#0	Q0	141157#5	0
5337093#0	Q0	141157#1	0
5337093#0	Q0	945984#9	0
5337093#0	Q0	4501424#5	0
5338102#0	Q0	51359#1	1
5338102#0	Q0	51359#0	1
5338102#0	Q0	459513#1	1
5338102#0	Q0	327409#0	0
5338102#0	Q0	1240162#31	0
5338102#0	Q0	1316189#1	0
5338102#0	Q0	7238629#2	0
5338102#0	Q0	1240162#32	0
5338102#0	Q0	1240162#36	0
5338102#0	Q0	1240162#2	0
5343996#0	Q0	5080972#4	1
5343996#0	Q0	8908285#6	1
5343996#0	Q0	5080972#6	1
5343996#0	Q0	4907453#6	1
5343996#0	Q0	5080972#10	1
5343996#0	Q0	4988268#10	1
5343996#0	Q0	5080972#12	1
5343996#0	Q0	5080972#0	0
5343996#0	Q0	5080972#7	0
5343996#0	Q0	5080972#3	0
5345332#0	Q0	9620674#3	1
5345332#0	Q0	9620674#10	1
5345332#0	Q0	9620674#6	1
5345332#0	Q0	9620674#19	0
5345332#0	Q0	9620674#2	0
5345332#0	Q0	10051429#9	0
5345332#0	Q0	9620674#18	0
5345332#0	Q0	9620674#11	0
5345332#0	Q0	9620674#1	0
5345332#0	Q0	1080402#2	0
5346600#0	Q0	5683#1	1
5346600#0	Q0	5683#3	1
5346600#0	Q0	8930981#0	0
5346600#0	Q0	1815517#0	0
5346600#0	Q0	2295084#5	0
5346600#0	Q0	3497843#1	0
5346600#0	Q0	9490021#1	0
5346600#0	Q0	8504953#0	0
5346600#0	Q0	6193941#0	0
5346600#0	Q0	6193935#0	0
5346616#0	Q0	5346616#0	1
5346616#0	Q0	5346616#1	1
5346616#0	Q0	2489385#3	0
5346616#0	Q0	8455860#3	0
5346616#0	Q0	8964865#1	0
5346616#0	Q0	9602171#6	0
5346616#0	Q0	8810575#1	0
5346616#0	Q0	8155170#1	0
5346616#0	Q0	4271497#2	0
5346616#0	Q0	247859#4	0
534710#0	Q0	322939#28	1
534710#0	Q0	110229#218	1
534710#0	Q0	4959891#0	1
534710#0	Q0	6278969#0	1
534710#0	Q0	322939#26	0
534710#0	Q0	5245#6	0
534710#0	Q0	1188496#1	0
534710#0	Q0	3570958#1	0
534710#0	Q0	322939#35	0
534710#0	Q0	5889347#2	0
5350090#0	Q0	8908285#0	1
5350090#0	Q0	4988268#10	1
5350090#0	Q0	119231#36	1
5350090#0	Q0	5080972#0	1
5350090#0	Q0	5080972#4	1
5350090#0	Q0	111195#4	1
5350090#0	Q0	43153#33	1
5350090#0	Q0	3666920#1	1
5350090#0	Q0	3041339#10	1
5350090#0	Q0	5077750#2	1
5350407#0	Q0	1035153#0	1
5350407#0	Q0	526128#10	1
5350407#0	Q0	768493#0	1
5350407#0	Q0	4233498#0	1
5350407#0	Q0	768453#0	1
5350407#0	Q0	1035153#1	0
5350407#0	Q0	516428#18	0
5350407#0	Q0	526128#1	0
5350407#0	Q0	340724#23	0
5350407#0	Q0	526152#0	0
535044#0	Q0	367337#0	1
535044#0	Q0	367337#27	1
535044#0	Q0	367337#28	1
535044#0	Q0	367337#1	1
535044#0	Q0	367337#34	1
535044#0	Q0	367337#29	1
535044#0	Q0	367337#18	1
535044#0	Q0	367337#2	1
535044#0	Q0	367337#10	1
535044#0	Q0	367337#25	1
5352135#0	Q0	159803#12	1
5352135#0	Q0	1452782#43	1
5352135#0	Q0	159803#1	1
5352135#0	Q0	4763469#1	1
5352135#0	Q0	159803#17	1
5352135#0	Q0	159803#3	1
5352135#0	Q0	159803#0	0
5352135#0	Q0	239706#5	0
5352135#0	Q0	159803#9	0
5352135#0	Q0	4763260#0	0
5362050#0	Q0	9578909#8	1
5362050#0	Q0	2856732#0	1
5362050#0	Q0	9918603#14	1
5362050#0	Q0	2856732#3	1
5362050#0	Q0	2856732#2	1
5362050#0	Q0	5512164#1	1
5362050#0	Q0	2856732#4	0
5362050#0	Q0	2856732#1	0
5362050#0	Q0	316526#4	0
5362050#0	Q0	1078036#15	0
5367381#0	Q0	81157#1	1
5367381#0	Q0	4880760#2	1
5367381#0	Q0	5314184#1	0
5367381#0	Q0	9940716#4	0
5367381#0	Q0	349314#20	0
5367381#0	Q0	8123295#6	0
5367381#0	Q0	515340#31	0
5367381#0	Q0	1792420#2	0
5367381#0	Q0	3513812#1	0
5367381#0	Q0	4535590#1	0
5368760#0	Q0	5477043#0	1
5368760#0	Q0	5477043#4	1
5368760#0	Q0	5511416#12	1
5368760#0	Q0	148592#1	1
5368760#0	Q0	5161472#0	1
5368760#0	Q0	148592#0	1
5368760#0	Q0	5511416#2	1
5368760#0	Q0	5511416#0	1
5368760#0	Q0	148592#5	0
5368760#0	Q0	5477043#1	0
5370794#0	Q0	14057#48	1
5370794#0	Q0	14057#5	1
5370794#0	Q0	1575#58	1
5370794#0	Q0	14057#10	1
5370794#0	Q0	13527#23	0
5370794#0	Q0	5754269#1	0
5370794#0	Q0	14057#3	0
5370794#0	Q0	1575#1	0
5370794#0	Q0	14057#15	0
5370794#0	Q0	740351#2	0
5370878#0	Q0	7972153#0	1
5370878#0	Q0	9050004#0	0
5370878#0	Q0	8932122#0	0
5370878#0	Q0	7972155#0	0
5370878#0	Q0	7972152#0	0
5370878#0	Q0	10085369#0	0
5370878#0	Q0	8749221#0	0
5370878#0	Q0	8749220#0	0
5370878#0	Q0	7006610#0	0
5370878#0	Q0	7972153#1	0
5374399#0	Q0	193397#28	1
5374399#0	Q0	131839#106	1
5374399#0	Q0	1002291#2	1
5374399#0	Q0	5374399#0	0
5374399#0	Q0	71548#30	0
5374399#0	Q0	3719903#0	0
5374399#0	Q0	1774630#33	0
5374399#0	Q0	1774630#22	0
5374399#0	Q0	4667130#8	0
5374399#0	Q0	6056389#3	0
5385278#0	Q0	3604#155	1
5385278#0	Q0	1791#174	1
5385278#0	Q0	1791#178	1
5385278#0	Q0	3604#158	1
5385278#0	Q0	3604#154	1
5385278#0	Q0	1791#177	1
5385278#0	Q0	7720953#3	0
5385278#0	Q0	4718#98	0
5385278#0	Q0	1791#182	0
5385278#0	Q0	10627#154	0
5392041#0	Q0	2902490#32	1
5392041#0	Q0	2902490#35	1
5392041#0	Q0	9475296#11	0
5392041#0	Q0	6382782#0	0
5392041#0	Q0	5887158#0	0
5392041#0	Q0	9902187#1	0
5392041#0	Q0	188657#2	0
5392041#0	Q0	5246376#1	0
5392041#0	Q0	2902490#43	0
5392041#0	Q0	957610#1	0
5394630#0	Q0	972331#1	1
5394630#0	Q0	308131#3	1
5394630#0	Q0	10403#56	1
5394630#0	Q0	1644820#5	1
5394630#0	Q0	35#174	1
5394630#0	Q0	3528534#90	1
5394630#0	Q0	3764324#11	1
5394630#0	Q0	750369#30	1
5394630#0	Q0	10139400#26	0
5394630#0	Q0	972331#82	0
5395594#0	Q0	1090679#2	1
5395594#0	Q0	1090679#7	1
5395594#0	Q0	76395#8	1
5395594#0	Q0	5500812#7	0
5395594#0	Q0	177893#13	0
5395594#0	Q0	4443569#19	0
5395594#0	Q0	76395#0	0
5395594#0	Q0	48568#45	0
5395594#0	Q0	10492#18	0
5395594#0	Q0	7193#26	0
5396745#0	Q0	193329#12	1
5396745#0	Q0	699695#0	1
5396745#0	Q0	1776662#1	1
5396745#0	Q0	1463108#9	1
5396745#0	Q0	6599421#3	1
5396745#0	Q0	624915#3	1
5396745#0	Q0	193329#31	0
5396745#0	Q0	1507936#16	0
5396745#0	Q0	951739#0	0
5396745#0	Q0	5994169#1	0
5401509#0	Q0	605437#0	1
5401509#0	Q0	605437#9	1
5401509#0	Q0	605437#2	1
5401509#0	Q0	605437#3	1
5401509#0	Q0	2525001#14	1
5401509#0	Q0	435686#15	1
5401509#0	Q0	605437#12	1
5401509#0	Q0	605437#11	1
5401509#0	Q0	5395031#0	1
5401509#0	Q0	605437#8	0
5407194#0	Q0	8300950#12	1
5407194#0	Q0	73132#0	1
5407194#0	Q0	73132#71	1
5407194#0	Q0	73132#74	1
5407194#0	Q0	73132#80	0
5407194#0	Q0	73132#50	0
5407194#0	Q0	73132#76	0
5407194#0	Q0	73132#33	0
5407194#0	Q0	259080#16	0
5407194#0	Q0	73132#18	0
5411058#0	Q0	206587#0	1
5411058#0	Q0	9884663#10	1
5411058#0	Q0	85#14	0
5411058#0	Q0	4038938#2	0
5411058#0	Q0	1635701#0	0
5411058#0	Q0	518014#0	0
5411058#0	Q0	128982#52	0
5411058#0	Q0	5356104#172	0
5411058#0	Q0	78760#0	0
5411058#0	Q0	10091328#4	0
5411711#0	Q0	4210845#1	1
5411711#0	Q0	237470#15	1
5411711#0	Q0	130731#2	1
5411711#0	Q0	4236413#2	1
5411711#0	Q0	8147188#2	1
5411711#0	Q0	4236413#0	0
5411711#0	Q0	4210845#0	0
5411711#0	Q0	3214224#3	0
5411711#0	Q0	4236413#1	0
5411711#0	Q0	537162#3	0
5412861#0	Q0	4136524#5	1
5412861#0	Q0	1152#62	0
5412861#0	Q0	444410#0	0
5412861#0	Q0	3044045#12	0
5412861#0	Q0	4136532#1	0
5412861#0	Q0	26451#13	0
5412861#0	Q0	600339#8	0
5412861#0	Q0	4201571#0	0
5412861#0	Q0	8199972#1	0
5412861#0	Q0	4205663#1	0
54161#0	Q0	996429#58	1
54161#0	Q0	4353351#8	1
54161#0	Q0	786569#38	1
54161#0	Q0	252432#44	1
54161#0	Q0	6010530#11	0
54161#0	Q0	7690340#10	0
54161#0	Q0	3954862#3	0
54161#0	Q0	996429#14	0
54161#0	Q0	54944#0	0
54161#0	Q0	1122814#1	0
5420185#0	Q0	5420185#0	1
5420185#0	Q0	9303158#24	1
5420185#0	Q0	2035026#5	1
5420185#0	Q0	11452#1	0
5420185#0	Q0	840387#8	0
5420185#0	Q0	5787208#6	0
5420185#0	Q0	8319319#125	0
5420185#0	Q0	840387#7	0
5420185#0	Q0	151640#28	0
5420185#0	Q0	1814004#116	0
5421811#0	Q0	11244#18	1
5421811#0	Q0	110948#0	1
5421811#0	Q0	96725#1	1
5421811#0	Q0	96725#0	1
5421811#0	Q0	203929#7	1
5421811#0	Q0	110962#0	1
5421811#0	Q0	110958#0	1
5421811#0	Q0	1485260#4	1
5421811#0	Q0	112772#0	1
5421811#0	Q0	1220282#46	1
5437137#0	Q0	149407#289	1
5437137#0	Q0	5550787#3	1
5437137#0	Q0	9100124#14	1
5437137#0	Q0	44970#9	1
5437137#0	Q0	7958011#49	1
5437137#0	Q0	3194995#16	1
5437137#0	Q0	687985#25	0
5437137#0	Q0	8443087#14	0
5437137#0	Q0	222799#33	0
5437137#0	Q0	1020373#43	0
5439909#0	Q0	271913#3	1
5439909#0	Q0	9188748#7	1
5439909#0	Q0	210921#0	1
5439909#0	Q0	271913#6	0
5439909#0	Q0	108627#0	0
5439909#0	Q0	271913#5	0
5439909#0	Q0	9188748#8	0
5439909#0	Q0	7079715#0	0
5439909#0	Q0	9182867#0	0
5439909#0	Q0	268476#4	0
5441890#0	Q0	2136190#2	1
5441890#0	Q0	9345067#1	0
5441890#0	Q0	9631973#1	0
5441890#0	Q0	8809596#1	0
5441890#0	Q0	26378#14	0
5441890#0	Q0	195435#7	0
5441890#0	Q0	3027095#2	0
5441890#0	Q0	503629#4	0
5441890#0	Q0	6445764#1	0
5441890#0	Q0	1363281#0	0
5442629#0	Q0	5243483#1	1
5442629#0	Q0	299869#2	1
5442629#0	Q0	7712574#11	1
5442629#0	Q0	2075690#4	1
5442629#0	Q0	3007008#21	1
5442629#0	Q0	934033#4	1
5442629#0	Q0	1445498#53	0
5442629#0	Q0	258044#7	0
5442629#0	Q0	3032703#25	0
5442629#0	Q0	7909434#1	0
5446127#0	Q0	33076#0	1
5446127#0	Q0	31253#2	0
5446127#0	Q0	5251891#3	0
5446127#0	Q0	33077#4	0
5446127#0	Q0	5252007#3	0
5446127#0	Q0	1849157#2	0
5446127#0	Q0	31253#1	0
5446127#0	Q0	33077#3	0
5446127#0	Q0	1450543#2	0
5446127#0	Q0	6515198#2	0
544741#0	Q0	10038928#1	1
544741#0	Q0	8043802#5	1
544741#0	Q0	10014170#2	0
544741#0	Q0	1841255#3	0
544741#0	Q0	7780305#3	0
544741#0	Q0	10021122#112	0
544741#0	Q0	149407#190	0
544741#0	Q0	10014170#1	0
544741#0	Q0	4969756#46	0
544741#0	Q0	5641205#5	0
5448390#0	Q0	2062#17	1
5448390#0	Q0	1316874#2	1
5448390#0	Q0	105777#2	1
5448390#0	Q0	2062#2	1
5448390#0	Q0	6932479#7	1
5448390#0	Q0	163040#2	1
5448390#0	Q0	89219#17	1
5448390#0	Q0	2448911#60	1
5448390#0	Q0	127753#1	0
5448390#0	Q0	134937#5	0
5449858#0	Q0	7433997#22	1
5449858#0	Q0	424613#11	1
5449858#0	Q0	9455176#22	1
5449858#0	Q0	424613#10	1
5449858#0	Q0	8112298#43	1
5449858#0	Q0	41800#54	1
5449858#0	Q0	7449142#8	1
5449858#0	Q0	4348286#8	1
5449858#0	Q0	6528269#25	1
5449858#0	Q0	1489830#13	1
5449923#0	Q0	5449923#1	1
5449923#0	Q0	1606689#0	0
5449923#0	Q0	5331518#0	0
5449923#0	Q0	1597282#0	0
5449923#0	Q0	8160927#0	0
5449923#0	Q0	1052582#2	0
5449923#0	Q0	5922542#0	0
5449923#0	Q0	4391184#0	0
5449923#0	Q0	6118237#2	0
5449923#0	Q0	1240906#0	0
5453547#0	Q0	2375931#10	1
5453547#0	Q0	411795#25	1
5453547#0	Q0	525904#6	1
5453547#0	Q0	525904#12	0
5453547#0	Q0	5163208#10	0
5453547#0	Q0	9566942#2	0
5453547#0	Q0	9562687#2	0
5453547#0	Q0	9089591#12	0
5453547#0	Q0	1310747#4	0
5453547#0	Q0	525904#9	0
54569#0	Q0	9842930#20	1
54569#0	Q0	54569#17	1
54569#0	Q0	54569#18	1
54569#0	Q0	54569#1	1
54569#0	Q0	9842930#6	1
54569#0	Q0	2256537#11	0
54569#0	Q0	9842930#23	0
54569#0	Q0	54569#0	0
54569#0	Q0	7350#15	0
54569#0	Q0	9182960#2	0
546008#0	Q0	1567420#2	1
546008#0	Q0	75919#19	1
546008#0	Q0	106758#3	1
546008#0	Q0	915352#6	1
546008#0	Q0	1235085#4	1
546008#0	Q0	6194693#7	0
546008#0	Q0	301366#11	0
546008#0	Q0	1050697#4	0
546008#0	Q0	6296796#1	0
546008#0	Q0	1011864#3	0
5463362#0	Q0	8365450#0	1
5463362#0	Q0	4878526#1	1
5463362#0	Q0	774642#18	1
5463362#0	Q0	6286608#0	1
5463362#0	Q0	1511089#2	0
5463362#0	Q0	2076733#2	0
5463362#0	Q0	2076733#16	0
5463362#0	Q0	2175024#1	0
5463362#0	Q0	338849#21	0
5463362#0	Q0	1163622#1	0
546353#0	Q0	843023#0	1
546353#0	Q0	5030154#2	0
546353#0	Q0	3441653#0	0
546353#0	Q0	3838982#1	0
546353#0	Q0	843029#0	0
546353#0	Q0	924356#47	0
546353#0	Q0	8794779#1	0
546353#0	Q0	4707322#6	0
546353#0	Q0	5702988#0	0
546353#0	Q0	4864585#0	0
5464639#0	Q0	12918#12	1
5464639#0	Q0	2067416#7	1
5464639#0	Q0	537864#50	1
5464639#0	Q0	2067416#1	1
5464639#0	Q0	12918#13	1
5464639#0	Q0	314220#13	1
5464639#0	Q0	2067416#0	1
5464639#0	Q0	2067416#4	1
5464639#0	Q0	537864#41	1
5464639#0	Q0	280174#22	1
5467041#0	Q0	499300#0	1
5467041#0	Q0	10090982#2	1
5467041#0	Q0	1368019#10	1
5467041#0	Q0	499300#3	0
5467041#0	Q0	8776312#2	0
5467041#0	Q0	6329308#58	0
5467041#0	Q0	1367954#0	0
5467041#0	Q0	7976374#0	0
5470957#0	Q0	7455794#1	1
5470957#0	Q0	1394389#9	1
5470957#0	Q0	7455794#2	1
5470957#0	Q0	7455794#0	1
5470957#0	Q0	675474#13	1
5470957#0	Q0	676945#16	0
5470957#0	Q0	8411182#23	0
5470957#0	Q0	135427#1	0
5470957#0	Q0	135427#7	0
5470957#0	Q0	135427#0	0
547305#0	Q0	1276293#0	1
547305#0	Q0	1430717#33	0
547305#0	Q0	90098#57	0
547305#0	Q0	257455#1	0
547305#0	Q0	2514255#7	0
547305#0	Q0	81893#45	0
547305#0	Q0	81701#7	0
547305#0	Q0	9821392#0	0
547305#0	Q0	6149254#0	0
547305#0	Q0	418850#19	0
5483279#0	Q0	4108935#1	1
5483279#0	Q0	5069661#0	1
5483279#0	Q0	8806722#1	1
5483279#0	Q0	1776841#0	0
5483279#0	Q0	9526979#2	0
5483279#0	Q0	7615679#0	0
5483279#0	Q0	5246445#0	0
5483279#0	Q0	2876969#0	0
5483279#0	Q0	5615988#0	0
5483279#0	Q0	191620#6	0
5490545#0	Q0	117080#28	1
5490545#0	Q0	10086389#27	1
5490545#0	Q0	9792582#9	1
5490545#0	Q0	9892573#9	1
5490545#0	Q0	117080#32	0
5490545#0	Q0	117080#29	0
5490545#0	Q0	5397405#2	0
5490545#0	Q0	5397405#7	0
5490545#0	Q0	117080#33	0
5490545#0	Q0	7694113#1	0
5492166#0	Q0	176804#50	1
5492166#0	Q0	5394868#1	1
5492166#0	Q0	531093#42	1
5492166#0	Q0	9537871#0	1
5492166#0	Q0	6409524#1	1
5492166#0	Q0	9339681#9	1
5492166#0	Q0	324787#7	1
5492166#0	Q0	531093#4	1
5492166#0	Q0	1013719#10	0
5492166#0	Q0	1639652#65	0
549587#0	Q0	32923#1	1
549587#0	Q0	8438468#32	1
549587#0	Q0	32923#31	1
549587#0	Q0	32923#32	1
549587#0	Q0	1491617#2	1
549587#0	Q0	32923#4	1
549587#0	Q0	9204545#11	1
549587#0	Q0	32924#3	1
549587#0	Q0	853427#3	1
549587#0	Q0	32923#20	0
5498419#0	Q0	1287088#1	1
5498419#0	Q0	145321#3	1
5498419#0	Q0	2601119#23	1
5498419#0	Q0	372413#2	1
5498419#0	Q0	8577905#6	0
5498419#0	Q0	8867319#2	0
5498419#0	Q0	1074579#11	0
5498419#0	Q0	9223479#3	0
5498419#0	Q0	417914#2	0
5498419#0	Q0	6103201#3	0
5499692#0	Q0	600674#21	1
5499692#0	Q0	5405371#8	1
5499692#0	Q0	4751704#23	1
5499692#0	Q0	6588536#7	1
5499692#0	Q0	5405371#6	1
5499692#0	Q0	1862336#24	1
5499692#0	Q0	5394805#17	1
5499692#0	Q0	4535507#9	0
5499692#0	Q0	696001#46	0
5499692#0	Q0	7823153#12	0
5500139#0	Q0	589551#1	1
5500139#0	Q0	619708#20	1
5500139#0	Q0	4855820#0	0
5500139#0	Q0	619708#34	0
5500139#0	Q0	550107#7	0
5500139#0	Q0	4702577#1	0
5500139#0	Q0	1340793#6	0
5500139#0	Q0	12095#23	0
5500139#0	Q0	764040#10	0
5500139#0	Q0	9795592#2	0
550759#0	Q0	415664#61	1
550759#0	Q0	6197241#5	1
550759#0	Q0	8389871#64	1
550759#0	Q0	8443087#7	0
550759#0	Q0	1020373#45	0
550759#0	Q0	7610529#13	0
550759#0	Q0	79311#9	0
550759#0	Q0	8443087#14	0
550759#0	Q0	44301#41	0
550759#0	Q0	415664#92	0
5512639#0	Q0	11090#1	1
5512639#0	Q0	1558611#0	0
5512639#0	Q0	483808#13	0
5512639#0	Q0	6117940#0	0
5512639#0	Q0	7798683#8	0
5512639#0	Q0	5440809#14	0
5512639#0	Q0	59112#21	0
5512639#0	Q0	6484494#32	0
5512639#0	Q0	6076753#19	0
5512639#0	Q0	2021198#5	0
5521963#0	Q0	1017135#0	1
5521963#0	Q0	127750#4	1
5521963#0	Q0	10415#53	1
5521963#0	Q0	8237582#7	1
5521963#0	Q0	2137676#3	1
5521963#0	Q0	297391#1	0
5521963#0	Q0	152762#0	0
5521963#0	Q0	4734129#4	0
5521963#0	Q0	3883#48	0
5521963#0	Q0	267709#4	0
552782#0	Q0	28111#16	1
552782#0	Q0	28089#1	1
552782#0	Q0	290421#13	1
552782#0	Q0	28111#19	1
552782#0	Q0	352452#2	1
552782#0	Q0	19422#210	1
552782#0	Q0	28111#5	1
552782#0	Q0	28111#8	0
552782#0	Q0	28111#3	0
552782#0	Q0	28111#20	0
5527940#0	Q0	25186#2	1
5527940#0	Q0	1697963#4	1
5527940#0	Q0	174059#3	0
5527940#0	Q0	179857#7	0
5527940#0	Q0	76502#13	0
5527940#0	Q0	84115#2	0
5527940#0	Q0	436063#24	0
5527940#0	Q0	45300#19	0
5527940#0	Q0	2751920#2	0
5527940#0	Q0	930919#2	0
55352#0	Q0	542737#13	1
55352#0	Q0	5357116#9	1
55352#0	Q0	10005#30	1
55352#0	Q0	9127645#1	1
55352#0	Q0	90566#131	1
55352#0	Q0	90566#111	0
55352#0	Q0	9772733#44	0
55352#0	Q0	9772733#4	0
55352#0	Q0	1060321#5	0
55352#0	Q0	90566#96	0
5544911#0	Q0	92321#23	1
5544911#0	Q0	3580042#0	1
5544911#0	Q0	2821626#1	1
5544911#0	Q0	8173388#2	1
5544911#0	Q0	3580042#8	1
5544911#0	Q0	2310698#11	1
5544911#0	Q0	1723962#0	1
5544911#0	Q0	281584#42	0
5544911#0	Q0	92321#19	0
5544911#0	Q0	9241266#17	0
5548119#0	Q0	5548119#1	1
5548119#0	Q0	5548119#0	0
5548119#0	Q0	5548119#2	0
5548119#0	Q0	6403118#0	0
5548119#0	Q0	842233#0	0
5548119#0	Q0	2283370#2	0
5548119#0	Q0	6155777#1	0
5548119#0	Q0	7087965#2	0
5548119#0	Q0	121913#13	0
5548119#0	Q0	1375744#8	0
555242#0	Q0	7584738#0	1
555242#0	Q0	75976#2	1
555242#0	Q0	75976#43	1
555242#0	Q0	7584738#7	1
555242#0	Q0	1782757#7	1
555242#0	Q0	75976#0	1
555242#0	Q0	1782757#22	1
555242#0	Q0	75976#20	1
555242#0	Q0	1782757#3	1
555242#0	Q0	1782757#25	0
5557352#0	Q0	10141078#5	1
5557352#0	Q0	2908981#0	1
5557352#0	Q0	157214#145	1
5557352#0	Q0	160794#3	1
5557352#0	Q0	639598#4	0
5557352#0	Q0	548979#3	0
5557352#0	Q0	485#26	0
5557352#0	Q0	7315658#13	0
5557352#0	Q0	533055#11	0
5557352#0	Q0	232056#18	0
5558348#0	Q0	89896#0	1
5558348#0	Q0	297245#14	1
5558348#0	Q0	26461#4	1
5558348#0	Q0	5685241#24	1
5558348#0	Q0	6630992#83	1
5558348#0	Q0	1857154#54	1
5558348#0	Q0	8725247#1	1
5558348#0	Q0	26461#12	1
5558348#0	Q0	3625950#21	1
5558348#0	Q0	23488#10	0
5559524#0	Q0	1016868#0	1
5559524#0	Q0	7008319#5	1
5559524#0	Q0	6437749#3	1
5559524#0	Q0	702330#2	0
5559524#0	Q0	1016868#1	0
5559524#0	Q0	995659#7	0
5559524#0	Q0	1016868#5	0
5559524#0	Q0	4964030#1	0
5559524#0	Q0	1016868#2	0
5559524#0	Q0	365467#1	0
5560023#0	Q0	9206517#66	1
5560023#0	Q0	47367#12	1
5560023#0	Q0	2164924#4	1
5560023#0	Q0	2164924#5	1
5560023#0	Q0	8680893#6	0
5560023#0	Q0	8680893#5	0
5560023#0	Q0	4949460#2	0
5560023#0	Q0	2651181#3	0
5560023#0	Q0	337036#1	0
5560023#0	Q0	8968288#2	0
556310#0	Q0	9237578#5	1
556310#0	Q0	367661#1	1
556310#0	Q0	9237578#1	1
556310#0	Q0	258115#29	1
556310#0	Q0	6528048#0	1
556310#0	Q0	1423450#0	0
556310#0	Q0	482658#4	0
556310#0	Q0	7792#26	0
556310#0	Q0	6980340#2	0
556310#0	Q0	6118437#9	0
5574416#0	Q0	3434070#104	1
5574416#0	Q0	3434070#159	1
5574416#0	Q0	3076655#15	1
5574416#0	Q0	185692#44	1
5574416#0	Q0	110328#0	0
5574416#0	Q0	5574416#72	0
5574416#0	Q0	3434070#74	0
5574416#0	Q0	5574416#59	0
5574416#0	Q0	3434070#27	0
5574416#0	Q0	3434070#148	0
5579951#0	Q0	5356104#190	1
5579951#0	Q0	5356104#116	0
5579951#0	Q0	5356104#44	0
5579951#0	Q0	4260717#0	0
5579951#0	Q0	126781#0	0
5579951#0	Q0	1527166#3	0
5579951#0	Q0	1401426#0	0
5579951#0	Q0	4260717#1	0
5579951#0	Q0	905091#0	0
5579951#0	Q0	1401426#1	0
5582006#0	Q0	9126325#4	1
5582006#0	Q0	9126325#2	1
5582006#0	Q0	9126325#1	1
5582006#0	Q0	8123601#0	0
5582006#0	Q0	1054941#9	0
5582006#0	Q0	7#12	0
5582006#0	Q0	2675006#0	0
5582006#0	Q0	4896841#0	0
5582006#0	Q0	7#106	0
5582006#0	Q0	1905905#0	0
5583789#0	Q0	9599453#4	1
5583789#0	Q0	2648866#0	1
5583789#0	Q0	7822173#0	1
5583789#0	Q0	507770#0	1
5583789#0	Q0	9599453#0	1
5583789#0	Q0	455452#20	1
5583789#0	Q0	3179058#0	1
5583789#0	Q0	455452#13	1
5583789#0	Q0	7822173#3	1
5583789#0	Q0	455452#11	0
5586452#0	Q0	2350718#0	1
5586452#0	Q0	200566#0	1
5586452#0	Q0	505558#1	1
5586452#0	Q0	9154355#0	1
5586452#0	Q0	468072#4	1
5586452#0	Q0	7241311#1	1
5586452#0	Q0	678822#19	0
5586452#0	Q0	200566#4	0
5586452#0	Q0	4689167#0	0
5586452#0	Q0	200566#5	0
5589853#0	Q0	9530818#5	1
5589853#0	Q0	9270864#16	0
5589853#0	Q0	9453670#0	0
5589853#0	Q0	9649561#1	0
5589853#0	Q0	9142320#2	0
5589853#0	Q0	283656#1	0
5589853#0	Q0	18860#8	0
5589853#0	Q0	8538934#22	0
5589853#0	Q0	7761890#20	0
5589853#0	Q0	8538934#3	0
55919#0	Q0	4692925#0	1
55919#0	Q0	147067#22	1
55919#0	Q0	62929#0	1
55919#0	Q0	4692925#11	1
55919#0	Q0	4692925#3	1
55919#0	Q0	8577119#7	1
55919#0	Q0	64987#13	1
55919#0	Q0	520547#33	0
55919#0	Q0	4692925#9	0
55919#0	Q0	643588#0	0
5595160#0	Q0	5595160#2	1
5595160#0	Q0	5595160#6	1
5595160#0	Q0	5595160#12	1
5595160#0	Q0	7185#93	1
5595160#0	Q0	5595160#8	1
5595160#0	Q0	5595160#16	1
5595160#0	Q0	5595160#0	0
5595160#0	Q0	5595160#1	0
5595160#0	Q0	5595160#10	0
5595160#0	Q0	5595160#7	0
5615309#0	Q0	6249088#1	1
5615309#0	Q0	2589#85	1
5615309#0	Q0	6249088#10	1
5615309#0	Q0	41471#3	1
5615309#0	Q0	41471#0	1
5615309#0	Q0	29653#19	1
5615309#0	Q0	30831#16	1
5615309#0	Q0	685918#27	1
5615309#0	Q0	29653#17	1
5615309#0	Q0	29653#5	0
5616972#0	Q0	3490595#1	1
5616972#0	Q0	5496486#11	1
5616972#0	Q0	28338#99	1
5616972#0	Q0	9746003#11	1
5616972#0	Q0	29824#47	1
5616972#0	Q0	558974#7	1
5616972#0	Q0	28338#45	1
5616972#0	Q0	28338#43	1
5616972#0	Q0	28338#5	1
5616972#0	Q0	673654#13	0
5618480#0	Q0	160187#0	1
5618480#0	Q0	1763348#10	0
5618480#0	Q0	1186293#3	0
5618480#0	Q0	5282453#11	0
5618480#0	Q0	4672845#12	0
5618480#0	Q0	2087980#7	0
5618480#0	Q0	1763348#0	0
5618480#0	Q0	89261#29	0
5618480#0	Q0	5439867#0	0
5618480#0	Q0	252763#15	0
5620153#0	Q0	110328#0	1
5620153#0	Q0	110328#6	1
5620153#0	Q0	378130#38	1
5620153#0	Q0	3434070#19	0
5620153#0	Q0	110328#39	0
5620153#0	Q0	3434070#27	0
5620153#0	Q0	5620153#0	0
5620153#0	Q0	110328#16	0
5620153#0	Q0	3434070#148	0
5620153#0	Q0	3434070#104	0
5621997#0	Q0	6643#0	1
5621997#0	Q0	5356104#231	1
5621997#0	Q0	1319922#1	0
5621997#0	Q0	893#1	0
5621997#0	Q0	6120172#0	0
5621997#0	Q0	822663#9	0
5621997#0	Q0	1319922#0	0
5621997#0	Q0	6120172#8	0
5621997#0	Q0	844179#3	0
5621997#0	Q0	5356104#145	0
562343#0	Q0	4414432#16	1
562343#0	Q0	3715252#4	1
562343#0	Q0	142664#13	0
562343#0	Q0	105121#101	0
562343#0	Q0	3374#3	0
562343#0	Q0	3354#22	0
562343#0	Q0	291568#0	0
562343#0	Q0	55606#12	0
562343#0	Q0	55606#18	0
562343#0	Q0	15327#5	0
5626774#0	Q0	31571#0	1
5626774#0	Q0	6587370#1	1
5626774#0	Q0	31571#23	1
5626774#0	Q0	3052257#0	1
5626774#0	Q0	31571#25	1
5626774#0	Q0	31571#10	1
5626774#0	Q0	31571#22	1
5626774#0	Q0	6271406#0	1
5626774#0	Q0	5356104#134	1
5626774#0	Q0	3193993#0	1
5628662#0	Q0	363213#4	1
5628662#0	Q0	6872036#3	1
5628662#0	Q0	6872036#0	1
5628662#0	Q0	9964297#12	1
5628662#0	Q0	363213#5	1
5628662#0	Q0	363213#0	0
5628662#0	Q0	5926656#2	0
5628662#0	Q0	363213#3	0
5628662#0	Q0	8624748#0	0
5628662#0	Q0	2364857#3	0
5631369#0	Q0	62828#0	1
5631369#0	Q0	62828#2	1
5631369#0	Q0	4609824#0	1
5631369#0	Q0	7814049#0	1
5631369#0	Q0	2029656#0	1
5631369#0	Q0	120349#3	1
5631369#0	Q0	7340982#0	0
5631369#0	Q0	7083832#0	0
5631369#0	Q0	7539917#0	0
5631369#0	Q0	7898909#0	0
5638048#0	Q0	48812#28	1
5638048#0	Q0	410#92	0
5638048#0	Q0	18055#51	0
5638048#0	Q0	4257308#9	0
5638048#0	Q0	10114859#5	0
5638048#0	Q0	5244712#11	0
5638048#0	Q0	9058808#10	0
5638048#0	Q0	9481327#32	0
5638048#0	Q0	4296726#8	0
5638048#0	Q0	10114859#3	0
5650166#0	Q0	3625#40	1
5650166#0	Q0	21413#1	0
5650166#0	Q0	5296326#2	0
5650166#0	Q0	1228206#23	0
5650166#0	Q0	3035847#0	0
5650166#0	Q0	5514455#8	0
5650166#0	Q0	6855787#1	0
5650166#0	Q0	68381#15	0
5650166#0	Q0	8270458#1	0
5650166#0	Q0	7551054#1	0
5652746#0	Q0	6511501#2	1
5652746#0	Q0	6511501#5	1
5652746#0	Q0	8232228#15	1
5652746#0	Q0	6511501#59	0
5652746#0	Q0	4665#43	0
5652746#0	Q0	6511501#21	0
5652746#0	Q0	6511501#64	0
5652746#0	Q0	6511501#26	0
5652746#0	Q0	4177973#0	0
5652746#0	Q0	7631456#98	0
5664150#0	Q0	187789#0	1
5664150#0	Q0	187789#2	1
5664150#0	Q0	187789#7	1
5664150#0	Q0	187789#5	1
5664150#0	Q0	187789#1	0
5664150#0	Q0	7177675#7	0
5664150#0	Q0	9669371#4	0
5664150#0	Q0	187789#6	0
5664150#0	Q0	2454919#0	0
5664150#0	Q0	74452#14	0
566499#0	Q0	9581502#2	1
566499#0	Q0	9939112#2	1
566499#0	Q0	9551145#2	1
566499#0	Q0	9574702#2	1
566499#0	Q0	9551475#2	1
566499#0	Q0	9573601#2	1
566499#0	Q0	9551990#2	1
566499#0	Q0	9555495#2	1
566499#0	Q0	9550228#2	1
566499#0	Q0	9551548#3	1
567021#0	Q0	567021#0	1
567021#0	Q0	2435242#1	0
567021#0	Q0	8520020#0	0
567021#0	Q0	144111#5	0
567021#0	Q0	85090#15	0
567021#0	Q0	7872244#12	0
567021#0	Q0	7956806#0	0
567021#0	Q0	8520020#5	0
567021#0	Q0	473753#8	0
567021#0	Q0	1369839#11	0
5672720#0	Q0	8382769#0	1
5672720#0	Q0	7826424#6	1
5672720#0	Q0	8382769#8	0
5672720#0	Q0	17677#30	0
5672720#0	Q0	9104002#1	0
5672720#0	Q0	4959482#34	0
5672720#0	Q0	9185679#3	0
5672720#0	Q0	9867181#3	0
5672720#0	Q0	3579020#0	0
5672720#0	Q0	233652#17	0
567539#0	Q0	2330#11	1
567539#0	Q0	4825013#0	1
567539#0	Q0	4825013#2	1
567539#0	Q0	9166913#0	1
567539#0	Q0	2330#23	1
567539#0	Q0	6560187#0	0
567539#0	Q0	6560187#11	0
567539#0	Q0	8680194#1	0
567539#0	Q0	2330#8	0
567539#0	Q0	6560187#1	0
5684058#0	Q0	230#64	1
5684058#0	Q0	230#63	1
5684058#0	Q0	1104897#8	0
5684058#0	Q0	9606592#1	0
5684058#0	Q0	9606592#2	0
5684058#0	Q0	8254473#3	0
5684058#0	Q0	8334955#0	0
5684058#0	Q0	9842979#8	0
5684058#0	Q0	9553404#0	0
5684058#0	Q0	281549#2	0
5684450#0	Q0	5327#7	1
5684450#0	Q0	10166922#8	0
5684450#0	Q0	2004418#12	0
5684450#0	Q0	5327#10	0
5684450#0	Q0	566745#4	0
5684450#0	Q0	5327#8	0
5684450#0	Q0	269217#3	0
5684450#0	Q0	27246#12	0
5684450#0	Q0	250868#13	0
5684450#0	Q0	5827169#8	0
5684641#0	Q0	4842043#3	1
5684641#0	Q0	165479#3	1
5684641#0	Q0	165479#17	1
5684641#0	Q0	8005#131	0
5684641#0	Q0	9159846#3	0
5684641#0	Q0	9159846#1	0
5684641#0	Q0	8756797#3	0
5684641#0	Q0	9159846#0	0
5684641#0	Q0	8743588#4	0
5684641#0	Q0	8758993#4	0
5686111#0	Q0	1230585#0	1
5686111#0	Q0	1230585#20	1
5686111#0	Q0	8245004#0	1
5686111#0	Q0	2232273#2	1
5686111#0	Q0	6835968#11	0
5686111#0	Q0	9637886#0	0
5686111#0	Q0	9637886#5	0
5686111#0	Q0	81776#73	0
5686111#0	Q0	1230585#18	0
5686111#0	Q0	6835968#0	0
568638#0	Q0	82413#0	1
568638#0	Q0	82413#9	1
568638#0	Q0	314892#3	1
568638#0	Q0	82413#11	1
568638#0	Q0	944806#74	1
568638#0	Q0	82413#6	1
568638#0	Q0	82413#10	0
568638#0	Q0	82413#2	0
568638#0	Q0	860979#7	0
568638#0	Q0	82413#12	0
5687366#0	Q0	1036328#1	1
5687366#0	Q0	688292#0	1
5687366#0	Q0	94521#2	1
5687366#0	Q0	39772#10	1
5687366#0	Q0	1688886#1	1
5687366#0	Q0	9596513#0	1
5687366#0	Q0	688292#1	0
5687366#0	Q0	3841055#3	0
5687366#0	Q0	1104934#0	0
5687366#0	Q0	36694#26	0
5690958#0	Q0	40816#20	1
5690958#0	Q0	40816#18	0
5690958#0	Q0	40816#17	0
5690958#0	Q0	7134691#17	0
5690958#0	Q0	40816#16	0
5690958#0	Q0	40816#64	0
5690958#0	Q0	9563752#9	0
5690958#0	Q0	40816#37	0
5690958#0	Q0	40816#65	0
5690958#0	Q0	1400141#19	0
5692553#0	Q0	144507#12	1
5692553#0	Q0	144507#10	1
5692553#0	Q0	4348#26	1
5692553#0	Q0	144507#0	1
5692553#0	Q0	144507#5	1
5692553#0	Q0	2819868#69	1
5692553#0	Q0	144507#8	1
5692553#0	Q0	144507#2	1
5692553#0	Q0	144507#3	1
5692553#0	Q0	144507#16	0
5693307#0	Q0	4510#0	1
5693307#0	Q0	306578#50	1
5693307#0	Q0	306578#5	1
5693307#0	Q0	4510#19	1
5693307#0	Q0	6069362#9	0
5693307#0	Q0	4510#30	0
5693307#0	Q0	27073#3	0
5693307#0	Q0	2113878#44	0
5693307#0	Q0	27073#25	0
5693307#0	Q0	6499405#5	0
5693379#0	Q0	14027#16	1
5693379#0	Q0	5278345#10	1
5693379#0	Q0	14027#12	1
5693379#0	Q0	14027#17	1
5693379#0	Q0	6352951#1	1
5693379#0	Q0	2639848#2	1
5693379#0	Q0	121983#2	1
5693379#0	Q0	14027#14	0
5693379#0	Q0	5278345#9	0
5693379#0	Q0	8664327#1	0
5694263#0	Q0	6598105#2	1
5694263#0	Q0	5703#0	1
5694263#0	Q0	5059#2	1
5694263#0	Q0	184575#206	1
5694263#0	Q0	9748754#7	1
5694263#0	Q0	2360508#0	1
5694263#0	Q0	266237#2	1
5694263#0	Q0	5703#13	1
5694263#0	Q0	10363#0	0
5694263#0	Q0	8955074#1	0
5698158#0	Q0	6884#0	1
5698158#0	Q0	17666#40	1
5698158#0	Q0	6884#9	1
5698158#0	Q0	6884#2	1
5698158#0	Q0	5127495#11	1
5698158#0	Q0	6884#6	0
5698158#0	Q0	16223#2	0
5698158#0	Q0	6884#1	0
5698158#0	Q0	16223#3	0
5698158#0	Q0	62182#0	0
5704275#0	Q0	5370618#1	1
5704275#0	Q0	3819077#3	1
5704275#0	Q0	5370618#9	1
5704275#0	Q0	3819077#0	1
5704275#0	Q0	5113317#0	0
5704275#0	Q0	6119387#1	0
5704275#0	Q0	5370618#20	0
5704275#0	Q0	4192057#0	0
5704275#0	Q0	6027719#0	0
5704275#0	Q0	5370618#12	0
5708656#0	Q0	105382#30	1
5708656#0	Q0	1455697#5	0
5708656#0	Q0	2112248#17	0
5708656#0	Q0	6505653#2	0
5708656#0	Q0	6857127#40	0
5708656#0	Q0	105382#0	0
5708656#0	Q0	2112248#1	0
5708656#0	Q0	105382#2	0
5708656#0	Q0	2112248#0	0
5708656#0	Q0	9072909#1	0
5710635#0	Q0	6291574#5	1
5710635#0	Q0	4792683#4	1
5710635#0	Q0	6291574#4	1
5710635#0	Q0	1173164#18	0
5710635#0	Q0	6291574#17	0
5710635#0	Q0	6291574#22	0
5710635#0	Q0	1378489#26	0
5710635#0	Q0	6291574#13	0
5710635#0	Q0	5989159#6	0
5710635#0	Q0	6291574#7	0
571363#0	Q0	272104#0	1
571363#0	Q0	23972#1	1
571363#0	Q0	9578021#3	0
571363#0	Q0	4354709#1	0
571363#0	Q0	184947#0	0
571363#0	Q0	5129029#9	0
571363#0	Q0	1862336#22	0
571363#0	Q0	10007997#0	0
571363#0	Q0	261440#4	0
571363#0	Q0	9779647#4	0
572194#0	Q0	572194#3	1
572194#0	Q0	227903#35	1
572194#0	Q0	227903#34	0
572194#0	Q0	1570818#1	0
572194#0	Q0	106299#19	0
572194#0	Q0	8125#34	0
572194#0	Q0	105#74	0
572194#0	Q0	8701810#18	0
572194#0	Q0	105#76	0
572194#0	Q0	4745328#10	0
5722438#0	Q0	5266392#3	1
5722438#0	Q0	5266392#2	1
5722438#0	Q0	5266392#4	0
5722438#0	Q0	5266392#1	0
5722438#0	Q0	5266392#0	0
5722438#0	Q0	8444067#9	0
5722438#0	Q0	6944383#12	0
5722438#0	Q0	210921#27	0
5722438#0	Q0	210921#21	0
5722438#0	Q0	1095250#0	0
573524#0	Q0	22873#15	1
573524#0	Q0	1699970#0	1
573524#0	Q0	1662650#17	1
573524#0	Q0	9155766#1	1
573524#0	Q0	699468#0	1
573524#0	Q0	2163374#22	1
573524#0	Q0	699468#1	1
573524#0	Q0	791#28	1
573524#0	Q0	9402378#6	0
573524#0	Q0	9444867#11	0
5740853#0	Q0	8269947#1	1
5740853#0	Q0	138441#0	1
5740853#0	Q0	138441#1	1
5740853#0	Q0	9367198#3	1
5740853#0	Q0	179677#4	1
5740853#0	Q0	56181#4	1
5740853#0	Q0	9366540#1	0
5740853#0	Q0	1020856#1	0
5740853#0	Q0	5221118#1	0
5740853#0	Q0	345909#2	0
5769219#0	Q0	8454178#1	1
5769219#0	Q0	8454178#2	1
5769219#0	Q0	556074#2	1
5769219#0	Q0	265508#200	0
5769219#0	Q0	8408169#0	0
5769219#0	Q0	8455061#1	0
5769219#0	Q0	116293#4	0
5769219#0	Q0	8464974#0	0
5769219#0	Q0	758371#23	0
5769219#0	Q0	6465814#39	0
5775225#0	Q0	1536910#0	1
5775225#0	Q0	5571451#0	1
5775225#0	Q0	1536910#2	1
5775225#0	Q0	1536910#1	1
5775225#0	Q0	16390#2	1
5775225#0	Q0	1878606#1	0
5775225#0	Q0	2403#0	0
5775225#0	Q0	800#45	0
5775225#0	Q0	1536910#3	0
5775225#0	Q0	6075189#3	0
5777841#0	Q0	5790982#1	1
5777841#0	Q0	914613#0	0
5777841#0	Q0	8725213#38	0
5777841#0	Q0	6177653#2	0
5777841#0	Q0	5785486#0	0
5777841#0	Q0	5332909#3	0
5777841#0	Q0	6331813#9	0
5777841#0	Q0	5801892#0	0
5777841#0	Q0	6254285#11	0
5777841#0	Q0	2054920#0	0
5786257#0	Q0	16372#0	1
5786257#0	Q0	6292833#45	1
5786257#0	Q0	16372#1	1
5786257#0	Q0	516428#14	0
5786257#0	Q0	57984#17	0
5786257#0	Q0	16372#13	0
5786257#0	Q0	778686#0	0
5786257#0	Q0	16372#26	0
5786257#0	Q0	2204705#0	0
5786257#0	Q0	778686#2	0
5793720#0	Q0	247004#30	1
5793720#0	Q0	8939825#2	1
5793720#0	Q0	139216#80	1
5793720#0	Q0	57787#13	1
5793720#0	Q0	2236130#1	1
5793720#0	Q0	9754640#16	1
5793720#0	Q0	2331450#11	1
5793720#0	Q0	415664#84	1
5793720#0	Q0	433147#8	1
5793720#0	Q0	6395896#4	0
5793978#0	Q0	1383572#14	1
5793978#0	Q0	1383572#11	1
5793978#0	Q0	1383572#8	1
5793978#0	Q0	1383572#9	1
5793978#0	Q0	1383572#2	1
5793978#0	Q0	1383572#0	1
5793978#0	Q0	1383572#4	1
5793978#0	Q0	1383572#13	1
5793978#0	Q0	1383572#12	1
5793978#0	Q0	1383572#17	1
5795970#0	Q0	3920#36	1
5795970#0	Q0	871608#0	1
5795970#0	Q0	3920#41	1
5795970#0	Q0	767260#72	1
5795970#0	Q0	3920#43	1
5795970#0	Q0	48556#12	1
5795970#0	Q0	294475#20	1
5795970#0	Q0	1216964#37	1
5795970#0	Q0	2247332#5	1
5795970#0	Q0	1216964#39	1
5799868#0	Q0	327321#57	1
5799868#0	Q0	2758#66	0
5799868#0	Q0	9674691#12	0
5799868#0	Q0	126206#5	0
5799868#0	Q0	9073536#5	0
5799868#0	Q0	7361188#54	0
5799868#0	Q0	92700#4	0
5799868#0	Q0	6842962#8	0
5799868#0	Q0	7361188#15	0
5799868#0	Q0	270698#9	0
5801111#0	Q0	81791#1	1
5801111#0	Q0	9896044#8	1
5801111#0	Q0	200520#1	0
5801111#0	Q0	52171#32	0
5801111#0	Q0	52171#14	0
5801111#0	Q0	17303#5	0
5801111#0	Q0	9610419#2	0
5801111#0	Q0	5291862#2	0
5801111#0	Q0	711924#14	0
5801111#0	Q0	11630#54	0
5810974#0	Q0	236889#2	1
5810974#0	Q0	4162339#3	1
5810974#0	Q0	7670506#38	1
5810974#0	Q0	234710#25	1
5810974#0	Q0	9772599#18	0
5810974#0	Q0	351006#8	0
5810974#0	Q0	8140#49	0
5810974#0	Q0	2735#49	0
5810974#0	Q0	8140#7	0
5810974#0	Q0	8140#54	0
5817141#0	Q0	7630637#0	1
5817141#0	Q0	685663#0	1
5817141#0	Q0	613926#30	1
5817141#0	Q0	7141820#1	1
5817141#0	Q0	7615948#3	1
5817141#0	Q0	7038039#1	1
5817141#0	Q0	3894033#1	0
5817141#0	Q0	2228035#10	0
5817141#0	Q0	94403#14	0
5817141#0	Q0	7882849#4	0
5821856#0	Q0	52230#17	1
5821856#0	Q0	52230#5	1
5821856#0	Q0	52230#23	1
5821856#0	Q0	52230#3	1
5821856#0	Q0	52230#39	1
5821856#0	Q0	52230#7	1
5821856#0	Q0	3388058#3	1
5821856#0	Q0	1579380#2	0
5821856#0	Q0	52230#18	0
5821856#0	Q0	52230#19	0
5825409#0	Q0	5825409#22	1
5825409#0	Q0	5825409#0	1
5825409#0	Q0	5825409#34	0
5825409#0	Q0	8866016#13	0
5825409#0	Q0	5825409#13	0
5825409#0	Q0	5825409#23	0
5825409#0	Q0	5825409#35	0
5825409#0	Q0	5825409#24	0
5825409#0	Q0	5825409#29	0
5825409#0	Q0	5825409#20	0
5840046#0	Q0	4161487#39	1
5840046#0	Q0	9023764#6	0
5840046#0	Q0	98030#34	0
5840046#0	Q0	98030#4	0
5840046#0	Q0	4199950#7	0
5840046#0	Q0	9023764#10	0
5840046#0	Q0	345689#0	0
5840046#0	Q0	8644700#5	0
5840046#0	Q0	28508#35	0
5840046#0	Q0	3514321#3	0
5848024#0	Q0	7459076#0	1
5848024#0	Q0	261729#2	1
5848024#0	Q0	41041#1	1
5848024#0	Q0	5343#1	1
5848024#0	Q0	694620#0	1
5848024#0	Q0	5425#3	1
5848024#0	Q0	5425#0	1
5848024#0	Q0	5343#0	1
5848024#0	Q0	41041#0	1
5848024#0	Q0	5343#5	0
5863804#0	Q0	3168229#0	1
5863804#0	Q0	3168229#1	1
5863804#0	Q0	3168229#16	1
5863804#0	Q0	3168229#5	1
5863804#0	Q0	5863804#0	0
5863804#0	Q0	1378112#0	0
5863804#0	Q0	1706639#1	0
5863804#0	Q0	8069433#0	0
5863804#0	Q0	5857409#0	0
5863804#0	Q0	6042825#1	0
5865862#0	Q0	5865862#0	1
5865862#0	Q0	1443906#19	1
5865862#0	Q0	1443906#18	1
5865862#0	Q0	1443906#16	0
5865862#0	Q0	5145335#0	0
5865862#0	Q0	1443906#20	0
5865862#0	Q0	1308648#6	0
5865862#0	Q0	4139099#6	0
5865862#0	Q0	5840811#0	0
5865862#0	Q0	3961415#0	0
5870091#0	Q0	10650#6	1
5870091#0	Q0	10650#0	1
5870091#0	Q0	10650#24	1
5870091#0	Q0	10650#1	1
5870091#0	Q0	10650#4	1
5870091#0	Q0	10650#19	1
5870091#0	Q0	10650#5	1
5870091#0	Q0	5077339#0	0
5870091#0	Q0	8016681#0	0
5870091#0	Q0	10133409#0	0
5872357#0	Q0	426011#0	1
5872357#0	Q0	426011#1	1
5872357#0	Q0	4306640#0	0
5872357#0	Q0	129324#0	0
5872357#0	Q0	7402275#0	0
5872357#0	Q0	1085024#0	0
5872357#0	Q0	7402113#0	0
5872357#0	Q0	4902723#0	0
5872357#0	Q0	6472261#0	0
5872357#0	Q0	462239#0	0
5873117#0	Q0	2582889#0	1
5873117#0	Q0	5102826#0	0
5873117#0	Q0	5104006#0	0
5873117#0	Q0	5102826#4	0
5873117#0	Q0	4504182#1	0
5873117#0	Q0	7345591#0	0
5873117#0	Q0	5103951#0	0
5873117#0	Q0	6032987#11	0
5873117#0	Q0	5289764#6	0
5873117#0	Q0	5102826#2	0
5873398#0	Q0	372923#3	1
5873398#0	Q0	8401236#1	0
5873398#0	Q0	372923#0	0
5873398#0	Q0	403758#0	0
5873398#0	Q0	8579598#7	0
5873398#0	Q0	372923#1	0
5873398#0	Q0	8401236#0	0
5873398#0	Q0	372923#2	0
5873398#0	Q0	3176453#3	0
5873398#0	Q0	403758#4	0
5873584#0	Q0	118812#15	1
5873584#0	Q0	12106#3	0
5873584#0	Q0	118812#24	0
5873584#0	Q0	6612965#13	0
5873584#0	Q0	12106#38	0
5873584#0	Q0	998907#12	0
5873584#0	Q0	6213216#110	0
5873584#0	Q0	12106#43	0
5873584#0	Q0	39406#21	0
5873584#0	Q0	8680467#4	0
587464#0	Q0	6132335#6	1
587464#0	Q0	238020#0	0
587464#0	Q0	207514#21	0
587464#0	Q0	4382797#2	0
587464#0	Q0	3856694#2	0
587464#0	Q0	2374581#4	0
587464#0	Q0	308847#4	0
587464#0	Q0	528517#2	0
587464#0	Q0	252243#2	0
587464#0	Q0	4382797#27	0
5875471#0	Q0	4972054#3	1
5875471#0	Q0	6660#0	0
5875471#0	Q0	1049799#0	0
5875471#0	Q0	5777203#3	0
5875471#0	Q0	16377#0	0
5875471#0	Q0	1103472#0	0
5875471#0	Q0	374185#1	0
5875471#0	Q0	808871#0	0
5875471#0	Q0	7229728#6	0
5875471#0	Q0	8151438#0	0
5879095#0	Q0	5909437#4	1
5879095#0	Q0	4488864#0	1
5879095#0	Q0	5909437#3	1
5879095#0	Q0	55326#39	1
5879095#0	Q0	471604#1	0
5879095#0	Q0	9651369#7	0
5879095#0	Q0	1832#37	0
5879095#0	Q0	9224411#16	0
5879095#0	Q0	471604#24	0
5879095#0	Q0	1880954#28	0
588155#0	Q0	753135#0	1
588155#0	Q0	880707#1	0
588155#0	Q0	583585#3	0
588155#0	Q0	617302#0	0
588155#0	Q0	4302881#0	0
588155#0	Q0	3605154#1	0
588155#0	Q0	316095#1	0
588155#0	Q0	2607321#1	0
588155#0	Q0	4092260#1	0
588155#0	Q0	583585#0	0
5896007#0	Q0	1249708#0	1
5896007#0	Q0	562214#1	1
5896007#0	Q0	7336284#0	0
5896007#0	Q0	8787025#0	0
5896007#0	Q0	7813476#1	0
5896007#0	Q0	10117168#0	0
5896007#0	Q0	164806#4	0
5896007#0	Q0	6309702#1	0
5896007#0	Q0	6629640#3	0
5896007#0	Q0	4441874#0	0
5897042#0	Q0	7799#95	1
5897042#0	Q0	261857#1	1
5897042#0	Q0	9162081#7	1
5897042#0	Q0	10081242#9	1
5897042#0	Q0	4400093#14	1
5897042#0	Q0	4111874#10	1
5897042#0	Q0	10133882#12	1
5897042#0	Q0	5568156#0	1
5897042#0	Q0	1401759#35	1
5897042#0	Q0	10125#71	0
5903455#0	Q0	1722976#1	1
5903455#0	Q0	1140#17	0
5903455#0	Q0	2121740#2	0
5903455#0	Q0	457705#83	0
5903455#0	Q0	457705#114	0
5903455#0	Q0	156418#19	0
5903455#0	Q0	56069#15	0
5903455#0	Q0	503138#47	0
5903455#0	Q0	15610#14	0
5903455#0	Q0	228373#19	0
5906332#0	Q0	123591#7	1
5906332#0	Q0	1847651#4	1
5906332#0	Q0	1847651#22	1
5906332#0	Q0	9298883#4	1
5906332#0	Q0	149930#4	1
5906332#0	Q0	149929#7	1
5906332#0	Q0	11250#0	0
5906332#0	Q0	7646008#0	0
5906332#0	Q0	7304198#0	0
5906332#0	Q0	1847651#43	0
5906614#0	Q0	122108#2	1
5906614#0	Q0	122108#0	1
5906614#0	Q0	16139#50	1
5906614#0	Q0	125352#47	1
5906614#0	Q0	122108#9	1
5906614#0	Q0	16139#49	0
5906614#0	Q0	4446867#0	0
5906614#0	Q0	2038153#1	0
5906614#0	Q0	1005597#4	0
5906614#0	Q0	155499#70	0
5907236#0	Q0	5907236#1	1
5907236#0	Q0	5907236#0	1
5907236#0	Q0	476194#4	0
5907236#0	Q0	565427#1	0
5907236#0	Q0	5681872#37	0
5907236#0	Q0	2817002#26	0
5907236#0	Q0	11485#167	0
5907236#0	Q0	8502861#6	0
5907236#0	Q0	10156770#17	0
5907236#0	Q0	6211699#7	0
59120#0	Q0	2293331#4	1
59120#0	Q0	23599#32	1
59120#0	Q0	8606247#1	0
59120#0	Q0	8606247#2	0
59120#0	Q0	1085471#8	0
59120#0	Q0	952794#3	0
59120#0	Q0	4478055#10	0
59120#0	Q0	5330078#1	0
59120#0	Q0	10005997#8	0
59120#0	Q0	1699583#50	0
5914419#0	Q0	6931695#2	1
5914419#0	Q0	1298259#13	1
5914419#0	Q0	399#22	1
5914419#0	Q0	399#32	1
5914419#0	Q0	18662#1	1
5914419#0	Q0	6949706#2	1
5914419#0	Q0	399#43	1
5914419#0	Q0	399#14	1
5914419#0	Q0	7369242#8	1
5914419#0	Q0	399#13	1
5914699#0	Q0	7862587#0	1
5914699#0	Q0	290855#48	1
5914699#0	Q0	290855#52	1
5914699#0	Q0	7862587#1	1
5914699#0	Q0	6590020#1	1
5914699#0	Q0	2396607#7	1
5914699#0	Q0	290855#58	1
5914699#0	Q0	290855#35	0
5914699#0	Q0	7862587#6	0
5914699#0	Q0	6590020#0	0
5917411#0	Q0	4173065#0	1
5917411#0	Q0	440734#64	0
5917411#0	Q0	2424211#7	0
5917411#0	Q0	440734#63	0
5917411#0	Q0	48651#8	0
5917411#0	Q0	172298#14	0
5917411#0	Q0	172298#16	0
5917411#0	Q0	5651688#3	0
5917411#0	Q0	5651688#5	0
5917411#0	Q0	4173065#2	0
5918825#0	Q0	1463583#2	1
5918825#0	Q0	32011#39	0
5918825#0	Q0	9543412#0	0
5918825#0	Q0	5700490#9	0
5918825#0	Q0	9632581#55	0
5918825#0	Q0	32011#65	0
5918825#0	Q0	9378877#10	0
5918825#0	Q0	9543412#7	0
5918825#0	Q0	9543412#3	0
5918825#0	Q0	9543412#2	0
5919069#0	Q0	251215#7	1
5919069#0	Q0	1176577#0	0
5919069#0	Q0	769075#0	0
5919069#0	Q0	4672505#4	0
5919069#0	Q0	3227815#0	0
5919069#0	Q0	3113705#1	0
5919069#0	Q0	866933#1	0
5919069#0	Q0	6270213#5	0
5919069#0	Q0	4723656#12	0
5919069#0	Q0	2388518#0	0
5919152#0	Q0	49265#23	1
5919152#0	Q0	1056649#1	1
5919152#0	Q0	49265#22	0
5919152#0	Q0	742947#2	0
5919152#0	Q0	1042086#1	0
5919152#0	Q0	163886#0	0
5919152#0	Q0	49265#24	0
5919152#0	Q0	6547565#2	0
5919152#0	Q0	49265#20	0
5919152#0	Q0	49265#0	0
5921730#0	Q0	9237578#5	1
5921730#0	Q0	6528048#0	0
5921730#0	Q0	482658#4	0
5921730#0	Q0	259946#1	0
5921730#0	Q0	437016#5	0
5921730#0	Q0	6118437#6	0
5921730#0	Q0	367661#1	0
5921730#0	Q0	4096026#1	0
5921730#0	Q0	2198743#9	0
5921730#0	Q0	6528048#21	0
5923458#0	Q0	2011795#12	1
5923458#0	Q0	2011795#0	1
5923458#0	Q0	541173#24	1
5923458#0	Q0	8015688#16	0
5923458#0	Q0	4479187#0	0
5923458#0	Q0	9607317#0	0
5923458#0	Q0	296588#11	0
5923458#0	Q0	1636342#1	0
5923458#0	Q0	10080008#0	0
5923458#0	Q0	8484505#3	0
5925181#0	Q0	6645#0	1
5925181#0	Q0	5356104#128	1
5925181#0	Q0	6645#10	1
5925181#0	Q0	5356104#124	0
5925181#0	Q0	8187121#37	0
5925181#0	Q0	8187121#38	0
5925181#0	Q0	5356104#122	0
5925181#0	Q0	5356104#126	0
5925181#0	Q0	8187121#36	0
5925181#0	Q0	8187121#40	0
5932832#0	Q0	4706#5	1
5932832#0	Q0	2066749#0	1
5932832#0	Q0	905106#0	1
5932832#0	Q0	2066749#1	0
5932832#0	Q0	4706#10	0
5932832#0	Q0	533417#3	0
5932832#0	Q0	4706#9	0
5932832#0	Q0	4706#14	0
5932832#0	Q0	647531#4	0
5932832#0	Q0	9715462#2	0
5938788#0	Q0	4393788#0	1
5938788#0	Q0	745235#1	0
5938788#0	Q0	4393788#1	0
5938788#0	Q0	4927884#1	0
5938788#0	Q0	4393788#8	0
5938788#0	Q0	10037421#1	0
5938788#0	Q0	5031975#2	0
5938788#0	Q0	5657780#1	0
5938788#0	Q0	4393788#3	0
5938788#0	Q0	9162507#2	0
5940207#0	Q0	2436677#13	1
5940207#0	Q0	2436677#0	1
5940207#0	Q0	11176#6	1
5940207#0	Q0	2436677#7	1
5940207#0	Q0	2436677#2	1
5940207#0	Q0	11176#0	1
5940207#0	Q0	11176#3	1
5940207#0	Q0	2436677#4	0
5940207#0	Q0	2436677#18	0
5940207#0	Q0	11176#16	0
5942998#0	Q0	1264920#0	1
5942998#0	Q0	1264920#5	1
5942998#0	Q0	1264920#13	1
5942998#0	Q0	8706377#3	0
5942998#0	Q0	9078342#2	0
5942998#0	Q0	4410888#0	0
5942998#0	Q0	9078342#1	0
5942998#0	Q0	7230890#3	0
5942998#0	Q0	996116#0	0
5942998#0	Q0	5184225#0	0
5943917#0	Q0	218718#3	1
5943917#0	Q0	40773#29	1
5943917#0	Q0	1796318#55	1
5943917#0	Q0	307503#29	0
5943917#0	Q0	16298#19	0
5943917#0	Q0	16298#15	0
5943917#0	Q0	16529#11	0
5943917#0	Q0	410#102	0
5943917#0	Q0	16298#17	0
5943917#0	Q0	282547#4	0
5961173#0	Q0	36069#10	1
5961173#0	Q0	33669#10	1
5961173#0	Q0	33669#11	0
5961173#0	Q0	3883#1	0
5961173#0	Q0	319433#0	0
5961173#0	Q0	8554689#1	0
5961173#0	Q0	379896#71	0
5961173#0	Q0	8554607#1	0
5961173#0	Q0	36069#35	0
5961173#0	Q0	869583#0	0
5963477#0	Q0	15392#6	1
5963477#0	Q0	719#127	0
5963477#0	Q0	4624923#4	0
5963477#0	Q0	5925922#5	0
5963477#0	Q0	7648537#0	0
5963477#0	Q0	8419207#6	0
5963477#0	Q0	6092516#0	0
5963477#0	Q0	71504#25	0
5963477#0	Q0	4414323#5	0
5963477#0	Q0	2992373#74	0
5968840#0	Q0	32211#1	1
5968840#0	Q0	32211#8	1
5968840#0	Q0	32211#0	1
5968840#0	Q0	32211#2	1
5968840#0	Q0	32211#5	1
5968840#0	Q0	9331763#8	1
5968840#0	Q0	32212#2	1
5968840#0	Q0	32211#4	1
5968840#0	Q0	4782159#3	0
5968840#0	Q0	803147#2	0
5981040#0	Q0	80850#6	1
5981040#0	Q0	5254364#0	0
5981040#0	Q0	10130948#1	0
5981040#0	Q0	1903617#5	0
5981040#0	Q0	150843#3	0
5981040#0	Q0	41594#25	0
5981040#0	Q0	6346549#3	0
5981040#0	Q0	84839#5	0
5981040#0	Q0	520632#3	0
5981040#0	Q0	9074026#9	0
5981493#0	Q0	8718244#0	1
5981493#0	Q0	8718244#15	1
5981493#0	Q0	2640942#0	0
5981493#0	Q0	8718244#5	0
5981493#0	Q0	4961281#0	0
5981493#0	Q0	2776625#0	0
5981493#0	Q0	7274455#0	0
5981493#0	Q0	9938417#1	0
5981493#0	Q0	9938417#0	0
5981493#0	Q0	1824876#9	0
5982436#0	Q0	31350#33	1
5982436#0	Q0	5342607#0	1
5982436#0	Q0	897748#4	0
5982436#0	Q0	31350#35	0
5982436#0	Q0	5342607#11	0
5982436#0	Q0	410#51	0
5982436#0	Q0	5342607#2	0
5982436#0	Q0	5342607#20	0
5982436#0	Q0	5342607#17	0
5982436#0	Q0	5342607#22	0
5984016#0	Q0	41546#1	1
5984016#0	Q0	7393951#1	1
5984016#0	Q0	9593#103	1
5984016#0	Q0	162660#68	1
5984016#0	Q0	26705#2	1
5984016#0	Q0	84901#17	0
5984016#0	Q0	9593#102	0
5984016#0	Q0	9593#4	0
5984016#0	Q0	1203666#20	0
5984016#0	Q0	20889#0	0
5984458#0	Q0	4712850#7	1
5984458#0	Q0	29152#82	1
5984458#0	Q0	6025398#21	1
5984458#0	Q0	545337#1	1
5984458#0	Q0	135798#2	1
5984458#0	Q0	9428882#55	1
5984458#0	Q0	713557#3	1
5984458#0	Q0	6485052#0	0
5984458#0	Q0	1080679#2	0
5984458#0	Q0	5121194#0	0
5993120#0	Q0	5714027#0	1
5993120#0	Q0	380635#30	1
5993120#0	Q0	380635#31	1
5993120#0	Q0	5008589#13	1
5993120#0	Q0	5008589#1	1
5993120#0	Q0	8791544#1	1
5993120#0	Q0	432863#6	1
5993120#0	Q0	6015503#0	1
5993120#0	Q0	3778653#1	1
5993120#0	Q0	5008589#12	1
6001252#0	Q0	554497#3	1
6001252#0	Q0	4860821#3	1
6001252#0	Q0	11140#0	1
6001252#0	Q0	11140#27	1
6001252#0	Q0	492011#0	0
6001252#0	Q0	9886630#1	0
6001252#0	Q0	1468999#3	0
6001252#0	Q0	492011#1	0
6001252#0	Q0	554497#10	0
6001252#0	Q0	6227820#0	0
6003117#0	Q0	8943455#0	1
6003117#0	Q0	10042481#0	1
6003117#0	Q0	10042453#0	1
6003117#0	Q0	8944101#0	1
6003117#0	Q0	8941063#0	1
6003117#0	Q0	8944072#0	1
6003117#0	Q0	46875#0	0
6003117#0	Q0	115069#0	0
6003117#0	Q0	8944112#0	0
6003117#0	Q0	9633309#0	0
6006984#0	Q0	1539813#17	1
6006984#0	Q0	3312715#0	0
6006984#0	Q0	5543163#6	0
6006984#0	Q0	5471812#0	0
6006984#0	Q0	9937515#4	0
6006984#0	Q0	5207083#0	0
6006984#0	Q0	4805686#0	0
6006984#0	Q0	1539813#3	0
6006984#0	Q0	1101036#13	0
6006984#0	Q0	5948540#0	0
6012346#0	Q0	7704767#7	1
6012346#0	Q0	138476#0	0
6012346#0	Q0	7103220#60	0
6012346#0	Q0	7605979#1	0
6012346#0	Q0	7223536#1	0
6012346#0	Q0	3316031#3	0
6012346#0	Q0	7456818#14	0
6012346#0	Q0	99872#3	0
6012346#0	Q0	157214#100	0
6012346#0	Q0	994660#3	0
6013382#0	Q0	3025901#3	1
6013382#0	Q0	483011#4	0
6013382#0	Q0	5075969#0	0
6013382#0	Q0	8947445#4	0
6013382#0	Q0	7429624#5	0
6013382#0	Q0	84163#0	0
6013382#0	Q0	3838346#16	0
6013382#0	Q0	6205089#3	0
6013382#0	Q0	9578853#0	0
6013382#0	Q0	483011#5	0
6014228#0	Q0	883269#3	1
6014228#0	Q0	883269#0	1
6014228#0	Q0	29671#31	1
6014228#0	Q0	173885#3	0
6014228#0	Q0	173885#2	0
6014228#0	Q0	2415720#29	0
6014228#0	Q0	24043#19	0
6014228#0	Q0	36283#18	0
6014228#0	Q0	9797204#9	0
6014228#0	Q0	1384279#19	0
6018228#0	Q0	8213371#0	1
6018228#0	Q0	1862305#2	1
6018228#0	Q0	3745#13	1
6018228#0	Q0	3715585#24	1
6018228#0	Q0	136672#13	1
6018228#0	Q0	10082472#2	1
6018228#0	Q0	7849671#0	0
6018228#0	Q0	7479156#11	0
6018228#0	Q0	8432426#0	0
6018228#0	Q0	10082472#0	0
6028574#0	Q0	9958073#0	1
6028574#0	Q0	9958073#9	1
6028574#0	Q0	9958073#6	1
6028574#0	Q0	9958073#4	1
6028574#0	Q0	9958073#7	1
6028574#0	Q0	9958073#8	0
6028574#0	Q0	9958073#1	0
6028574#0	Q0	256703#2	0
6028574#0	Q0	13068#7	0
6028574#0	Q0	264369#14	0
6031635#0	Q0	9871608#2	1
6031635#0	Q0	1891132#2	1
6031635#0	Q0	737688#0	1
6031635#0	Q0	6295367#0	0
6031635#0	Q0	435259#5	0
6031635#0	Q0	860386#1	0
6031635#0	Q0	255311#8	0
6031635#0	Q0	366#37	0
6031635#0	Q0	7414149#12	0
6031635#0	Q0	70165#7	0
6039622#0	Q0	9860516#6	1
6039622#0	Q0	7270045#4	1
6039622#0	Q0	5696201#18	0
6039622#0	Q0	1387742#3	0
6039622#0	Q0	6140163#5	0
6039622#0	Q0	10107874#18	0
6039622#0	Q0	5798329#1	0
6039622#0	Q0	8630062#19	0
6039622#0	Q0	132809#4	0
6039622#0	Q0	177750#38	0
6041785#0	Q0	1085742#14	1
6041785#0	Q0	9956186#0	1
6041785#0	Q0	34918#0	1
6041785#0	Q0	1470076#1	1
6041785#0	Q0	6724#27	1
6041785#0	Q0	41574#0	1
6041785#0	Q0	2974903#0	1
6041785#0	Q0	1470076#2	0
6041785#0	Q0	1470076#0	0
6041785#0	Q0	41574#2	0
6051636#0	Q0	2322235#0	1
6051636#0	Q0	2325980#10	0
6051636#0	Q0	4123922#1	0
6051636#0	Q0	144206#0	0
6051636#0	Q0	382757#0	0
6051636#0	Q0	8755422#3	0
6051636#0	Q0	1078240#7	0
6051636#0	Q0	8162970#0	0
6051636#0	Q0	5451836#1	0
6051636#0	Q0	8361273#2	0
6064583#0	Q0	42620#8	1
6064583#0	Q0	1718969#3	1
6064583#0	Q0	6944220#2	1
6064583#0	Q0	5225372#4	1
6064583#0	Q0	409938#12	1
6064583#0	Q0	2186#4	0
6064583#0	Q0	5234951#1	0
6064583#0	Q0	4105875#4	0
6064583#0	Q0	40877#23	0
6064583#0	Q0	85451#3	0
6065502#0	Q0	75467#0	1
6065502#0	Q0	4747908#0	1
6065502#0	Q0	75467#2	1
6065502#0	Q0	75467#7	1
6065502#0	Q0	75467#11	1
6065502#0	Q0	75467#9	1
6065502#0	Q0	75467#3	1
6065502#0	Q0	75467#1	0
6065502#0	Q0	912068#0	0
6065502#0	Q0	75467#5	0
6066157#0	Q0	1828080#5	1
6066157#0	Q0	8206739#4	1
6066157#0	Q0	12562#7	0
6066157#0	Q0	422824#11	0
6066157#0	Q0	12562#8	0
6066157#0	Q0	392449#3	0
6066157#0	Q0	67406#11	0
6066157#0	Q0	3294530#9	0
6066157#0	Q0	4559444#10	0
6066157#0	Q0	6865395#16	0
6066483#0	Q0	13058#8	1
6066483#0	Q0	9942168#3	0
6066483#0	Q0	6066483#5	0
6066483#0	Q0	6255998#2	0
6066483#0	Q0	2703334#18	0
6066483#0	Q0	6255998#0	0
6066483#0	Q0	7385456#2	0
6066483#0	Q0	332765#3	0
6066483#0	Q0	1497049#5	0
6066483#0	Q0	2155362#3	0
6073062#0	Q0	18192#0	1
6073062#0	Q0	6443893#0	1
6073062#0	Q0	6268137#9	1
6073062#0	Q0	18192#30	1
6073062#0	Q0	18192#25	1
6073062#0	Q0	18192#22	1
6073062#0	Q0	18192#28	0
6073062#0	Q0	18192#5	0
6073062#0	Q0	18192#6	0
6073062#0	Q0	1429299#0	0
6075974#0	Q0	35633#2	1
6075974#0	Q0	35633#7	1
6075974#0	Q0	334388#6	1
6075974#0	Q0	334388#10	1
6075974#0	Q0	334388#0	1
6075974#0	Q0	35633#8	0
6075974#0	Q0	334388#9	0
6075974#0	Q0	361308#26	0
6075974#0	Q0	79411#13	0
6075974#0	Q0	83311#22	0
6078643#0	Q0	266092#0	1
6078643#0	Q0	266092#5	1
6078643#0	Q0	97842#8	1
6078643#0	Q0	381071#4	1
6078643#0	Q0	266092#12	1
6078643#0	Q0	9863561#0	0
6078643#0	Q0	8746645#0	0
6078643#0	Q0	9552040#0	0
6083185#0	Q0	1550#0	1
6083185#0	Q0	1550#15	1
6083185#0	Q0	1550#24	1
6083185#0	Q0	1550#11	1
6083185#0	Q0	1550#19	1
6083185#0	Q0	1550#17	1
6083185#0	Q0	1550#13	1
6083185#0	Q0	1550#18	1
6083185#0	Q0	1550#25	0
6083185#0	Q0	1550#29	0
6088517#0	Q0	85612#20	1
6088517#0	Q0	2316295#25	1
6088517#0	Q0	2571156#56	1
6088517#0	Q0	2316295#32	1
6088517#0	Q0	8038#10	1
6088517#0	Q0	4868905#11	1
6088517#0	Q0	6380456#0	0
6088517#0	Q0	8718244#24	0
6088517#0	Q0	6380456#5	0
6088517#0	Q0	2314779#26	0
6093458#0	Q0	6093458#10	1
6093458#0	Q0	6093458#1	1
6093458#0	Q0	6093458#0	1
6093458#0	Q0	6004819#7	1
6093458#0	Q0	6093458#2	0
6093458#0	Q0	5614021#7	0
6093458#0	Q0	8497203#3	0
6093458#0	Q0	4663860#0	0
6093458#0	Q0	6244549#15	0
6093458#0	Q0	10146537#2	0
6097018#0	Q0	752758#50	1
6097018#0	Q0	752758#27	1
6097018#0	Q0	8899334#2	1
6097018#0	Q0	8820629#3	1
6097018#0	Q0	752758#52	1
6097018#0	Q0	752758#3	1
6097018#0	Q0	5561251#31	0
6097018#0	Q0	752758#0	0
6097018#0	Q0	752758#43	0
6097018#0	Q0	9408564#24	0
6100928#0	Q0	2776635#8	1
6100928#0	Q0	6155248#3	0
6100928#0	Q0	8775944#2	0
6100928#0	Q0	1094922#0	0
6100928#0	Q0	1832843#0	0
6100928#0	Q0	2776635#0	0
6100928#0	Q0	391709#11	0
6100928#0	Q0	1281251#1	0
6100928#0	Q0	8776310#87	0
6100928#0	Q0	8776310#19	0
6102954#0	Q0	8455244#1	1
6102954#0	Q0	8455352#2	1
6102954#0	Q0	6852#38	0
6102954#0	Q0	1113256#4	0
6102954#0	Q0	8424500#15	0
6102954#0	Q0	3905049#1	0
6102954#0	Q0	44038#41	0
6102954#0	Q0	9261792#2	0
6102954#0	Q0	161455#92	0
6102954#0	Q0	9798575#66	0
6102981#0	Q0	1322965#0	1
6102981#0	Q0	1322965#3	1
6102981#0	Q0	1322965#1	1
6102981#0	Q0	7959743#3	1
6102981#0	Q0	6102981#16	1
6102981#0	Q0	7088012#19	1
6102981#0	Q0	7959743#1	1
6102981#0	Q0	3329051#8	1
6102981#0	Q0	8840203#0	1
6102981#0	Q0	1322965#2	0
6103493#0	Q0	1480834#0	1
6103493#0	Q0	2145016#0	1
6103493#0	Q0	2459032#0	1
6103493#0	Q0	1741303#1	1
6103493#0	Q0	1522072#1	1
6103493#0	Q0	1480834#72	1
6103493#0	Q0	1480834#61	1
6103493#0	Q0	1741303#2	0
6103493#0	Q0	1741303#3	0
6103493#0	Q0	10036437#1	0
6111685#0	Q0	2543#5	1
6111685#0	Q0	5908599#25	1
6111685#0	Q0	2543#2	1
6111685#0	Q0	2543#15	0
6111685#0	Q0	441823#3	0
6111685#0	Q0	768354#2	0
6111685#0	Q0	2543#13	0
6111685#0	Q0	600160#10	0
6111685#0	Q0	222843#0	0
6111685#0	Q0	7435461#1	0
6118916#0	Q0	9582760#4	1
6118916#0	Q0	7843948#0	0
6118916#0	Q0	4214411#0	0
6118916#0	Q0	1131623#0	0
6118916#0	Q0	10022359#0	0
6118916#0	Q0	8893870#0	0
6118916#0	Q0	1395014#0	0
6118916#0	Q0	10140742#0	0
6118916#0	Q0	1387492#0	0
6118916#0	Q0	6312369#134	0
6130941#0	Q0	99988#1	1
6130941#0	Q0	217091#2	1
6130941#0	Q0	87832#2	1
6130941#0	Q0	219143#8	1
6130941#0	Q0	1082341#52	1
6130941#0	Q0	1082341#50	1
6130941#0	Q0	1082341#79	1
6130941#0	Q0	87832#1	1
6130941#0	Q0	1082341#62	1
6130941#0	Q0	87832#0	1
6137746#0	Q0	425733#4	1
6137746#0	Q0	947519#2	0
6137746#0	Q0	141511#2	0
6137746#0	Q0	6275375#0	0
6137746#0	Q0	1415781#2	0
6137746#0	Q0	386285#2	0
6137746#0	Q0	1392089#2	0
6137746#0	Q0	6972130#1	0
6137746#0	Q0	3338632#2	0
6137746#0	Q0	255447#1	0
6137864#0	Q0	8345036#1	1
6137864#0	Q0	6137864#0	0
6137864#0	Q0	6137864#5	0
6137864#0	Q0	6137864#3	0
6137864#0	Q0	6137864#4	0
6137864#0	Q0	6137864#2	0
6137864#0	Q0	6373597#4	0
6137864#0	Q0	6947953#10	0
6137864#0	Q0	6947953#11	0
6137864#0	Q0	8118612#2	0
6140495#0	Q0	22292#14	1
6140495#0	Q0	1173#110	1
6140495#0	Q0	75600#0	1
6140495#0	Q0	6963014#31	1
6140495#0	Q0	22292#53	0
6140495#0	Q0	383645#2	0
6140495#0	Q0	390400#0	0
6140495#0	Q0	3586019#43	0
6140495#0	Q0	219654#2	0
6140495#0	Q0	222568#23	0
6145392#0	Q0	64810#60	1
6145392#0	Q0	147067#8	1
6145392#0	Q0	1911#33	1
6145392#0	Q0	1911#35	1
6145392#0	Q0	64987#0	1
6145392#0	Q0	5156021#3	1
6145392#0	Q0	147067#6	1
6145392#0	Q0	90072#0	1
6145392#0	Q0	64987#5	1
6145392#0	Q0	5156021#0	0
6149698#0	Q0	28334#48	1
6149698#0	Q0	5303537#16	1
6149698#0	Q0	5191166#13	1
6149698#0	Q0	40476#22	1
6149698#0	Q0	40476#18	1
6149698#0	Q0	40476#20	1
6149698#0	Q0	40476#24	1
6149698#0	Q0	9040917#11	1
6149698#0	Q0	5191166#0	1
6149698#0	Q0	28334#60	0
6150228#0	Q0	1903424#9	1
6150228#0	Q0	4975791#1	1
6150228#0	Q0	1903446#9	1
6150228#0	Q0	1903446#6	1
6150228#0	Q0	428193#3	0
6150228#0	Q0	1377170#1	0
6150228#0	Q0	32492#11	0
6150228#0	Q0	9473264#18	0
6150228#0	Q0	4222341#8	0
6150228#0	Q0	5615843#0	0
6152045#0	Q0	133151#11	1
6152045#0	Q0	133151#9	1
6152045#0	Q0	1699323#7	1
6152045#0	Q0	133151#4	1
6152045#0	Q0	133151#6	1
6152045#0	Q0	9623018#3	1
6152045#0	Q0	1130295#20	1
6152045#0	Q0	1130295#16	1
6152045#0	Q0	133151#12	0
6152045#0	Q0	10227#7	0
6152228#0	Q0	615536#3	1
6152228#0	Q0	185163#30	1
6152228#0	Q0	852945#3	1
6152228#0	Q0	5621278#8	1
6152228#0	Q0	3215445#2	1
6152228#0	Q0	149171#14	1
6152228#0	Q0	6027345#33	1
6152228#0	Q0	8151881#5	1
6152228#0	Q0	615536#1	1
6152228#0	Q0	862670#4	0
6154250#0	Q0	171785#0	1
6154250#0	Q0	7466503#0	1
6154250#0	Q0	9080015#0	1
6154250#0	Q0	8400796#1	0
6154250#0	Q0	7466503#2	0
6154250#0	Q0	266247#1	0
6154250#0	Q0	8241636#1	0
6154250#0	Q0	6579262#0	0
6154250#0	Q0	5887452#2	0
6154250#0	Q0	8851465#1	0
6155140#0	Q0	6155140#0	1
6155140#0	Q0	6155140#1	1
6155140#0	Q0	3261005#1	0
6155140#0	Q0	2541758#2	0
6155140#0	Q0	6221857#3	0
6155140#0	Q0	2541758#4	0
6155140#0	Q0	2541758#6	0
6155140#0	Q0	448406#4	0
6155140#0	Q0	1480584#4	0
6155140#0	Q0	125313#4	0
6156125#0	Q0	484022#6	1
6156125#0	Q0	111263#9	1
6156125#0	Q0	484022#5	1
6156125#0	Q0	933495#23	1
6156125#0	Q0	484022#9	1
6156125#0	Q0	68959#69	1
6156125#0	Q0	4879183#20	1
6156125#0	Q0	18112#7	1
6156125#0	Q0	2142#31	0
6156125#0	Q0	6843152#2	0
6157926#0	Q0	8808271#20	1
6157926#0	Q0	293667#0	1
6157926#0	Q0	68991#21	0
6157926#0	Q0	9289737#5	0
6157926#0	Q0	293667#9	0
6157926#0	Q0	5157665#13	0
6157926#0	Q0	9289737#8	0
6157926#0	Q0	7751473#61	0
6157926#0	Q0	9161139#1	0
6157926#0	Q0	8816295#40	0
6158383#0	Q0	173262#0	1
6158383#0	Q0	173262#1	1
6158383#0	Q0	6921068#0	1
6158383#0	Q0	465410#0	0
6158383#0	Q0	287649#0	0
6158383#0	Q0	288377#15	0
6158383#0	Q0	16139#45	0
6158383#0	Q0	16139#46	0
6158383#0	Q0	16139#25	0
6158383#0	Q0	8996898#0	0
6160305#0	Q0	7719944#8	1
6160305#0	Q0	1486636#11	1
6160305#0	Q0	7719944#2	1
6160305#0	Q0	3778955#4	1
6160305#0	Q0	7719944#11	1
6160305#0	Q0	7719944#14	1
6160305#0	Q0	1793623#7	1
6160305#0	Q0	172306#1	0
6160305#0	Q0	7719944#17	0
6160305#0	Q0	1486636#8	0
6161591#0	Q0	8903183#0	1
6161591#0	Q0	8903183#3	1
6161591#0	Q0	8903183#5	1
6161591#0	Q0	8903183#4	1
6161591#0	Q0	8903183#6	1
6161591#0	Q0	8903183#12	1
6161591#0	Q0	8903183#2	1
6161591#0	Q0	8903183#8	0
6161591#0	Q0	10114617#0	0
6161591#0	Q0	10114617#2	0
6161652#0	Q0	1135268#0	1
6161652#0	Q0	1135268#2	1
6161652#0	Q0	1135268#4	0
6161652#0	Q0	1135268#3	0
6161652#0	Q0	1135268#1	0
6161652#0	Q0	363602#10	0
6161652#0	Q0	5931103#0	0
6161652#0	Q0	6952900#3	0
6161652#0	Q0	4281980#0	0
6161652#0	Q0	4223990#2	0
616306#0	Q0	9924832#10	1
616306#0	Q0	2233724#1	1
616306#0	Q0	110229#154	0
616306#0	Q0	110229#152	0
616306#0	Q0	362105#6	0
616306#0	Q0	362105#7	0
616306#0	Q0	5009731#78	0
616306#0	Q0	110229#155	0
616306#0	Q0	110229#153	0
616306#0	Q0	48259#3	0
6163847#0	Q0	6163847#0	1
6163847#0	Q0	880064#24	0
6163847#0	Q0	4920881#3	0
6163847#0	Q0	6362675#3	0
6163847#0	Q0	5129029#4	0
6163847#0	Q0	9610468#4	0
6163847#0	Q0	8857591#6	0
6163847#0	Q0	4718511#9	0
6163847#0	Q0	7878405#0	0
6163847#0	Q0	7729093#0	0
6164989#0	Q0	1724860#0	1
6164989#0	Q0	4768064#0	1
6164989#0	Q0	58223#16	1
6164989#0	Q0	1721334#0	0
6164989#0	Q0	1318051#8	0
6164989#0	Q0	58223#37	0
6164989#0	Q0	6165556#0	0
6164989#0	Q0	694939#27	0
6164989#0	Q0	1722512#0	0
6164989#0	Q0	1721639#0	0
616681#0	Q0	2976480#72	1
616681#0	Q0	109363#0	1
616681#0	Q0	4348#31	1
616681#0	Q0	7607503#1	1
616681#0	Q0	7260398#5	1
616681#0	Q0	4348#33	1
616681#0	Q0	7560156#5	0
616681#0	Q0	3780167#8	0
6167896#0	Q0	7314888#6	1
6167896#0	Q0	7846281#10	1
6167896#0	Q0	7859365#11	1
6167896#0	Q0	744257#9	1
6167896#0	Q0	484977#15	1
6167896#0	Q0	8255#29	1
6167896#0	Q0	25593#60	1
6167896#0	Q0	1912125#78	0
6167896#0	Q0	9803115#0	0
6167896#0	Q0	9803115#2	0
6169171#0	Q0	4490744#0	1
6169171#0	Q0	6912154#0	0
6169171#0	Q0	83060#60	0
6169171#0	Q0	4297132#5	0
6169171#0	Q0	9389890#9	0
6169171#0	Q0	4553948#2	0
6169171#0	Q0	4195945#5	0
6169171#0	Q0	1889697#69	0
6169171#0	Q0	1400647#0	0
6169171#0	Q0	4195945#6	0
6171375#0	Q0	1093#18	1
6171375#0	Q0	1093#0	1
6171375#0	Q0	1093#5	1
6171375#0	Q0	1093#24	1
6171375#0	Q0	1093#19	1
6171375#0	Q0	1093#20	1
6171375#0	Q0	1093#21	1
6171375#0	Q0	1093#23	1
6171375#0	Q0	8324181#6	1
6171375#0	Q0	7142357#0	1
6180169#0	Q0	11257#0	1
6180169#0	Q0	118097#1	1
6180169#0	Q0	11257#53	1
6180169#0	Q0	5813911#0	1
6180169#0	Q0	3096674#2	1
6180169#0	Q0	3096674#50	1
6180169#0	Q0	3096674#8	1
6180169#0	Q0	3096674#51	0
6180169#0	Q0	3096674#20	0
6180169#0	Q0	3096674#0	0
6180452#0	Q0	6036663#2	1
6180452#0	Q0	177750#23	1
6180452#0	Q0	7765308#5	1
6180452#0	Q0	81848#7	1
6180452#0	Q0	9784077#0	1
6180452#0	Q0	62823#15	0
6180452#0	Q0	5525979#23	0
6180452#0	Q0	62823#5	0
6180452#0	Q0	68337#24	0
6180452#0	Q0	2206582#0	0
6180505#0	Q0	31865#39	1
6180505#0	Q0	31865#1	1
6180505#0	Q0	31865#19	0
6180505#0	Q0	31865#40	0
6180505#0	Q0	541035#8	0
6180505#0	Q0	547237#7	0
6180505#0	Q0	31865#33	0
6180505#0	Q0	3246404#4	0
6180505#0	Q0	31865#11	0
6180505#0	Q0	31865#0	0
6181550#0	Q0	45459#11	1
6181550#0	Q0	759566#8	1
6181550#0	Q0	252#1	1
6181550#0	Q0	4939734#0	1
6181550#0	Q0	45459#7	1
6181550#0	Q0	759566#7	1
6181550#0	Q0	45459#14	1
6181550#0	Q0	45459#9	1
6181550#0	Q0	15795#5	1
6181550#0	Q0	9219048#9	0
61816#0	Q0	8696357#87	1
61816#0	Q0	480149#16	1
61816#0	Q0	480149#12	1
61816#0	Q0	1042#60	0
61816#0	Q0	3227611#13	0
61816#0	Q0	2273730#20	0
61816#0	Q0	439917#46	0
61816#0	Q0	82603#178	0
61816#0	Q0	453080#9	0
61816#0	Q0	6147219#4	0
6184118#0	Q0	372362#7	1
6184118#0	Q0	58632#6	1
6184118#0	Q0	5356104#8	1
6184118#0	Q0	58632#23	1
6184118#0	Q0	6110895#0	1
6184118#0	Q0	58632#5	1
6184118#0	Q0	372362#19	0
6184118#0	Q0	5356104#15	0
6184118#0	Q0	5356104#31	0
6184118#0	Q0	6219243#15	0
6184627#0	Q0	2586895#15	1
6184627#0	Q0	1713196#15	1
6184627#0	Q0	2586895#69	1
6184627#0	Q0	2586895#0	0
6184627#0	Q0	2586895#39	0
6184627#0	Q0	3687001#0	0
6184627#0	Q0	724173#48	0
6184627#0	Q0	2586895#63	0
6189428#0	Q0	2400#1	1
6189428#0	Q0	2400#0	1
6189428#0	Q0	231342#7	1
6189428#0	Q0	2400#6	1
6189428#0	Q0	231342#9	1
6189428#0	Q0	9817403#3	0
6189428#0	Q0	920454#0	0
6189428#0	Q0	5368037#2	0
6189428#0	Q0	2832610#0	0
6189428#0	Q0	1660741#3	0
619411#0	Q0	9340663#0	1
619411#0	Q0	619411#0	1
619411#0	Q0	9340663#1	1
619411#0	Q0	9340663#6	1
619411#0	Q0	9340663#4	1
619411#0	Q0	9340663#13	1
619411#0	Q0	9340663#2	0
619411#0	Q0	9340663#24	0
619411#0	Q0	9340663#5	0
619411#0	Q0	9340663#14	0
6194135#0	Q0	8127619#0	1
6194135#0	Q0	8127619#2	1
6194135#0	Q0	8127619#1	1
6194135#0	Q0	2268367#45	0
6194135#0	Q0	2268367#0	0
6194135#0	Q0	8968857#3	0
6194135#0	Q0	81138#29	0
6194135#0	Q0	2268367#24	0
6194135#0	Q0	2268367#46	0
6194135#0	Q0	2268367#47	0
6196960#0	Q0	7530650#1	1
6196960#0	Q0	67476#6	1
6196960#0	Q0	270520#7	1
6196960#0	Q0	32718#1	1
6196960#0	Q0	3524843#2	1
6196960#0	Q0	1744644#50	1
6196960#0	Q0	5295593#12	1
6196960#0	Q0	402611#7	1
6196960#0	Q0	11451#42	1
6196960#0	Q0	8362230#3	0
6198710#0	Q0	8733068#21	1
6198710#0	Q0	9429267#6	1
6198710#0	Q0	2364451#1	1
6198710#0	Q0	9429267#2	1
6198710#0	Q0	407896#5	0
6198710#0	Q0	7873637#5	0
6198710#0	Q0	407896#8	0
6198710#0	Q0	407896#20	0
6198710#0	Q0	407896#14	0
6198710#0	Q0	407896#17	0
62#0	Q0	316331#13	1
62#0	Q0	1903966#2	1
62#0	Q0	62#3	1
62#0	Q0	316331#14	1
62#0	Q0	316331#0	1
62#0	Q0	8849064#2	0
62#0	Q0	1903966#3	0
62#0	Q0	1385859#3	0
62#0	Q0	668746#0	0
62#0	Q0	62#1	0
6209215#0	Q0	7323947#0	1
6209215#0	Q0	3214857#6	1
6209215#0	Q0	106681#1	1
6209215#0	Q0	9618630#90	1
6209215#0	Q0	3447982#0	1
6209215#0	Q0	436536#2	1
6209215#0	Q0	8249734#12	1
6209215#0	Q0	106681#2	0
6209215#0	Q0	9618630#0	0
6209215#0	Q0	106681#0	0
6211238#0	Q0	4826779#19	1
6211238#0	Q0	4944836#1	1
6211238#0	Q0	10074753#1	1
6211238#0	Q0	6212499#5	1
6211238#0	Q0	6476522#2	1
6211238#0	Q0	185567#13	1
6211238#0	Q0	6644042#3	0
6211238#0	Q0	377323#5	0
6211238#0	Q0	1596159#21	0
6211238#0	Q0	271912#3	0
6216668#0	Q0	2315109#0	1
6216668#0	Q0	1581980#9	1
6216668#0	Q0	4561735#1	1
6216668#0	Q0	650728#32	1
6216668#0	Q0	1580544#2	1
6216668#0	Q0	4561735#2	1
6216668#0	Q0	41041#0	1
6216668#0	Q0	5343#0	1
6216668#0	Q0	2315109#1	0
6216668#0	Q0	2315109#4	0
6217031#0	Q0	2119256#0	1
6217031#0	Q0	2119256#5	1
6217031#0	Q0	7417163#0	0
6217031#0	Q0	1930#47	0
6217031#0	Q0	82277#12	0
6217031#0	Q0	1930#51	0
6217031#0	Q0	1609730#17	0
6217031#0	Q0	439332#90	0
6217031#0	Q0	1609730#16	0
6217031#0	Q0	248305#0	0
6217153#0	Q0	6217174#0	1
6217153#0	Q0	8528288#0	1
6217153#0	Q0	10164118#0	1
6217153#0	Q0	63067#32	1
6217153#0	Q0	94202#33	1
6217153#0	Q0	6217164#0	1
6217153#0	Q0	1688346#14	1
6217153#0	Q0	6217153#0	1
6217153#0	Q0	3544#4	0
6217153#0	Q0	3544#70	0
6221877#0	Q0	15964#0	1
6221877#0	Q0	9030996#5	1
6221877#0	Q0	30458#2	1
6221877#0	Q0	6825930#25	1
6221877#0	Q0	5165437#15	1
6221877#0	Q0	10119458#4	1
6221877#0	Q0	45766#0	0
6221877#0	Q0	30458#4	0
6221877#0	Q0	777215#0	0
6221877#0	Q0	683530#0	0
6225040#0	Q0	1965852#0	1
6225040#0	Q0	28365#13	1
6225040#0	Q0	106629#1	1
6225040#0	Q0	28365#0	1
6225040#0	Q0	292174#1	1
6225040#0	Q0	28365#1	1
6225040#0	Q0	5052066#0	1
6225040#0	Q0	6987367#0	1
6225040#0	Q0	444499#0	0
6225040#0	Q0	88531#3	0
6225125#0	Q0	2750205#1	1
6225125#0	Q0	2750205#0	1
6225125#0	Q0	7934414#0	0
6225125#0	Q0	1583344#0	0
6225125#0	Q0	382757#0	0
6225125#0	Q0	2190279#1	0
6225125#0	Q0	6298073#1	0
6225125#0	Q0	10239#6	0
6225125#0	Q0	837361#0	0
6225125#0	Q0	5565751#1	0
6230270#0	Q0	5854890#0	1
6230270#0	Q0	6036135#65	1
6230270#0	Q0	6230270#0	0
6230270#0	Q0	567104#4	0
6230270#0	Q0	1488264#4	0
6230270#0	Q0	6230247#0	0
6230270#0	Q0	4964383#0	0
6230270#0	Q0	10115094#14	0
6230270#0	Q0	347941#26	0
6230270#0	Q0	365900#54	0
6232298#0	Q0	160543#0	1
6232298#0	Q0	160543#7	1
6232298#0	Q0	700376#0	1
6232298#0	Q0	7070091#3	0
6232298#0	Q0	281147#12	0
6232298#0	Q0	2917997#0	0
6232298#0	Q0	77750#2	0
6232298#0	Q0	685563#7	0
6232298#0	Q0	9733082#5	0
6232298#0	Q0	9774958#28	0
6233661#0	Q0	662199#10	1
6233661#0	Q0	6537653#8	1
6233661#0	Q0	9558839#34	1
6233661#0	Q0	7431752#0	1
6233661#0	Q0	32340#2	1
6233661#0	Q0	1697178#33	1
6233661#0	Q0	3432053#101	1
6233661#0	Q0	2928130#1	0
6233661#0	Q0	9027270#0	0
6233661#0	Q0	5254512#1	0
6238591#0	Q0	3635598#2	1
6238591#0	Q0	8716418#1	1
6238591#0	Q0	3635598#36	1
6238591#0	Q0	5868695#1	1
6238591#0	Q0	2449719#1	1
6238591#0	Q0	6641539#9	1
6238591#0	Q0	10143739#11	1
6238591#0	Q0	851737#11	1
6238591#0	Q0	3635598#20	1
6238591#0	Q0	6225646#4	1
6242548#0	Q0	4109299#8	1
6242548#0	Q0	7036530#31	1
6242548#0	Q0	6527112#4	0
6242548#0	Q0	9844511#45	0
6242548#0	Q0	7529986#0	0
6242548#0	Q0	1190319#8	0
6242548#0	Q0	5000299#50	0
6242548#0	Q0	9844511#20	0
6242548#0	Q0	53421#22	0
6242548#0	Q0	54514#9	0
6246241#0	Q0	5688790#90	1
6246241#0	Q0	22295#5	1
6246241#0	Q0	120605#6	1
6246241#0	Q0	11444#1	0
6246241#0	Q0	6269685#1	0
6246241#0	Q0	7767114#6	0
6246241#0	Q0	866437#48	0
6246241#0	Q0	5301#1	0
6246241#0	Q0	8350660#1	0
6246241#0	Q0	1425411#4	0
6248130#0	Q0	5640452#49	1
6248130#0	Q0	386670#0	1
6248130#0	Q0	965039#1	1
6248130#0	Q0	2684716#0	1
6248130#0	Q0	5640452#72	1
6248130#0	Q0	667698#0	1
6248130#0	Q0	1932507#5	1
6248130#0	Q0	736324#0	1
6248130#0	Q0	4288834#0	1
6248130#0	Q0	5434393#1	0
6250898#0	Q0	9956186#0	1
6250898#0	Q0	6724#27	1
6250898#0	Q0	78151#12	1
6250898#0	Q0	41574#0	1
6250898#0	Q0	84612#0	1
6250898#0	Q0	5514343#4	1
6250898#0	Q0	41574#2	0
6250898#0	Q0	7738642#19	0
6250898#0	Q0	7525219#3	0
6250898#0	Q0	3504005#7	0
6254374#0	Q0	182492#8	1
6254374#0	Q0	2770176#1	0
6254374#0	Q0	2647270#4	0
6254374#0	Q0	4228905#4	0
6254374#0	Q0	2647270#0	0
6254374#0	Q0	37373#71	0
6254374#0	Q0	7130372#7	0
6254374#0	Q0	6892140#2	0
6254374#0	Q0	207572#41	0
6254374#0	Q0	8176199#2	0
6254880#0	Q0	7386694#0	1
6254880#0	Q0	7386694#10	1
6254880#0	Q0	9655497#0	1
6254880#0	Q0	7386694#5	0
6254880#0	Q0	371865#0	0
6254880#0	Q0	1327557#0	0
6254880#0	Q0	7386694#6	0
6254880#0	Q0	8238039#2	0
6254880#0	Q0	7386694#9	0
6254880#0	Q0	7386694#12	0
625873#0	Q0	8876484#0	1
625873#0	Q0	9999316#1	1
625873#0	Q0	33682#8	1
625873#0	Q0	8773740#17	1
625873#0	Q0	1101961#2	0
625873#0	Q0	747926#1	0
625873#0	Q0	1101961#0	0
625873#0	Q0	1577300#5	0
625873#0	Q0	613205#0	0
625873#0	Q0	8876484#8	0
626774#0	Q0	5813441#0	1
626774#0	Q0	519477#0	1
626774#0	Q0	4791163#6	0
626774#0	Q0	1009397#1	0
626774#0	Q0	981#7	0
626774#0	Q0	1018383#3	0
626774#0	Q0	981#0	0
626774#0	Q0	4791163#36	0
626774#0	Q0	981#39	0
626774#0	Q0	5186963#3	0
6279600#0	Q0	2861868#44	1
6279600#0	Q0	34276#1	1
6279600#0	Q0	4291250#6	0
6279600#0	Q0	34184#23	0
6279600#0	Q0	34184#0	0
6279600#0	Q0	354476#2	0
6279600#0	Q0	2861868#45	0
6279600#0	Q0	1824982#6	0
6279600#0	Q0	2433328#109	0
6279600#0	Q0	8739#171	0
628079#0	Q0	8569560#2	1
628079#0	Q0	4730354#0	1
628079#0	Q0	4641678#1	1
628079#0	Q0	349482#0	1
628079#0	Q0	2744343#0	1
628079#0	Q0	9730943#29	1
628079#0	Q0	8569560#3	1
628079#0	Q0	4730354#1	1
628079#0	Q0	746348#24	1
628079#0	Q0	30642#30	1
6283766#0	Q0	1189408#0	1
6283766#0	Q0	79497#11	1
6283766#0	Q0	79497#21	1
6283766#0	Q0	79497#13	1
6283766#0	Q0	752744#0	0
6283766#0	Q0	3715215#13	0
6283766#0	Q0	1641908#1	0
6283766#0	Q0	136770#33	0
6283766#0	Q0	752744#6	0
6283766#0	Q0	5065681#2	0
6288577#0	Q0	9806708#37	1
6288577#0	Q0	5269839#0	1
6288577#0	Q0	9806708#1	1
6288577#0	Q0	8773353#0	1
6288577#0	Q0	6176919#3	1
6288577#0	Q0	9806708#34	1
6288577#0	Q0	9806708#0	1
6288577#0	Q0	9016649#3	0
6288577#0	Q0	843284#3	0
6288577#0	Q0	9016649#62	0
6290199#0	Q0	2416873#1	1
6290199#0	Q0	2416873#2	0
6290199#0	Q0	1860102#8	0
6290199#0	Q0	2416873#49	0
6290199#0	Q0	772355#61	0
6290199#0	Q0	8777511#4	0
6290199#0	Q0	2416873#43	0
6290199#0	Q0	1860102#19	0
6290199#0	Q0	4908118#4	0
6290199#0	Q0	2416873#0	0
6299012#0	Q0	140081#6	1
6299012#0	Q0	140081#19	1
6299012#0	Q0	140081#0	1
6299012#0	Q0	6455418#3	1
6299012#0	Q0	140081#1	1
6299012#0	Q0	140081#13	0
6299012#0	Q0	140081#12	0
6299012#0	Q0	140081#2	0
6299012#0	Q0	8104272#0	0
6299012#0	Q0	140081#25	0
6304299#0	Q0	7810923#0	1
6304299#0	Q0	8439186#0	1
6304299#0	Q0	8432754#0	1
6304299#0	Q0	2335382#0	0
6304299#0	Q0	4449701#64	0
6304299#0	Q0	4449701#9	0
6304299#0	Q0	2285637#0	0
6304299#0	Q0	4646644#0	0
6304299#0	Q0	667494#0	0
6304299#0	Q0	2132266#0	0
6304754#0	Q0	968117#67	1
6304754#0	Q0	9483466#11	1
6304754#0	Q0	880824#30	1
6304754#0	Q0	9483466#1	1
6304754#0	Q0	41856#29	1
6304754#0	Q0	9483466#2	1
6304754#0	Q0	35046#15	1
6304754#0	Q0	315801#10	1
6304754#0	Q0	503224#2	1
6304754#0	Q0	9483466#14	1
6307791#0	Q0	7007072#19	1
6307791#0	Q0	267336#3	1
6307791#0	Q0	95344#84	1
6307791#0	Q0	703762#7	1
6307791#0	Q0	5123126#9	1
6307791#0	Q0	95526#11	1
6307791#0	Q0	4447791#1	0
6307791#0	Q0	106681#20	0
6307791#0	Q0	2028152#2	0
6307791#0	Q0	9618630#114	0
6309359#0	Q0	9106711#8	1
6309359#0	Q0	9106711#7	1
6309359#0	Q0	9106711#6	0
6309359#0	Q0	9106711#1	0
6309359#0	Q0	9106711#12	0
6309359#0	Q0	9106711#14	0
6309359#0	Q0	9106711#29	0
6309359#0	Q0	9106711#4	0
6309359#0	Q0	9106711#18	0
6309359#0	Q0	9106711#11	0
6309522#0	Q0	9976702#1	1
6309522#0	Q0	8373913#1	1
6309522#0	Q0	8940635#1	1
6309522#0	Q0	8886308#1	1
6309522#0	Q0	1312024#1	1
6309522#0	Q0	5111317#1	0
6309522#0	Q0	9344485#1	0
6309522#0	Q0	82604#2	0
6309522#0	Q0	10126612#2	0
6309522#0	Q0	684766#1	0
6311034#0	Q0	6311034#0	1
6311034#0	Q0	5648283#34	0
6311034#0	Q0	6836232#7	0
6311034#0	Q0	278429#10	0
6311034#0	Q0	9098207#7	0
6311034#0	Q0	859004#13	0
6311034#0	Q0	6634654#7	0
6311034#0	Q0	9332882#7	0
6311034#0	Q0	81209#20	0
6311034#0	Q0	5648283#10	0
6313233#0	Q0	2211795#1	1
6313233#0	Q0	207189#1	1
6313233#0	Q0	207189#0	1
6313233#0	Q0	2211795#2	1
6313233#0	Q0	207189#19	1
6313233#0	Q0	4392977#3	0
6313233#0	Q0	207189#79	0
6313233#0	Q0	2211795#0	0
6313233#0	Q0	9788409#1	0
6313233#0	Q0	5819030#0	0
6317760#0	Q0	9940577#4	1
6317760#0	Q0	410081#4	1
6317760#0	Q0	138350#1	1
6317760#0	Q0	9939828#5	1
6317760#0	Q0	410081#3	1
6317760#0	Q0	122690#15	0
6317760#0	Q0	73139#4	0
6317760#0	Q0	122690#5	0
6317760#0	Q0	122690#14	0
6317760#0	Q0	3865#14	0
632209#0	Q0	792034#5	1
632209#0	Q0	682131#6	1
632209#0	Q0	682131#1	1
632209#0	Q0	5190415#20	1
632209#0	Q0	166195#21	1
632209#0	Q0	166195#28	1
632209#0	Q0	166195#29	0
632209#0	Q0	166195#3	0
632209#0	Q0	9764#16	0
632209#0	Q0	9809794#3	0
6325287#0	Q0	8762558#1	1
6325287#0	Q0	8762558#0	1
6325287#0	Q0	8762558#30	1
6325287#0	Q0	8762558#14	1
6325287#0	Q0	7039143#5	1
6325287#0	Q0	271659#2	1
6325287#0	Q0	228009#8	1
6325287#0	Q0	9440904#2	1
6325287#0	Q0	2590635#37	0
6325287#0	Q0	8762558#9	0
632795#0	Q0	2826411#0	1
632795#0	Q0	2826411#16	1
632795#0	Q0	2826411#2	1
632795#0	Q0	6128763#0	0
632795#0	Q0	7947707#0	0
632795#0	Q0	1238759#31	0
632795#0	Q0	841#7	0
632795#0	Q0	5599458#0	0
632795#0	Q0	312144#0	0
632795#0	Q0	4994880#0	0
6331404#0	Q0	160066#9	1
6331404#0	Q0	4306#41	1
6331404#0	Q0	9829056#24	1
6331404#0	Q0	821478#1	1
6331404#0	Q0	1811005#30	0
6331404#0	Q0	6615487#1	0
6331404#0	Q0	4933821#11	0
6331404#0	Q0	472022#24	0
6331404#0	Q0	142855#56	0
6331404#0	Q0	32574#5	0
6333446#0	Q0	34356#0	1
6333446#0	Q0	34356#42	1
6333446#0	Q0	34356#33	1
6333446#0	Q0	1493910#0	1
6333446#0	Q0	34356#2	1
6333446#0	Q0	29187#22	1
6333446#0	Q0	1493910#3	1
6333446#0	Q0	1493910#14	1
6333446#0	Q0	34356#13	1
6333446#0	Q0	1501146#0	0
6336027#0	Q0	6336027#2	1
6336027#0	Q0	6336027#0	0
6336027#0	Q0	6336027#1	0
6336027#0	Q0	9522069#2	0
6336027#0	Q0	9862916#16	0
6336027#0	Q0	152581#0	0
6336027#0	Q0	4179966#0	0
6336027#0	Q0	5705075#1	0
6336027#0	Q0	2446311#1	0
6336027#0	Q0	151791#3	0
6362462#0	Q0	800#84	1
6362462#0	Q0	6230671#0	1
6362462#0	Q0	1025531#6	1
6362462#0	Q0	6230671#2	1
6362462#0	Q0	288205#88	1
6362462#0	Q0	6230671#41	0
6362462#0	Q0	1108042#16	0
6362462#0	Q0	39602#64	0
6362462#0	Q0	6230671#30	0
6362462#0	Q0	800#86	0
6364605#0	Q0	4962750#8	1
6364605#0	Q0	346223#2	1
6364605#0	Q0	346223#0	1
6364605#0	Q0	3945473#1	1
6364605#0	Q0	346223#3	1
6364605#0	Q0	2564172#56	0
6364605#0	Q0	4962750#14	0
6364605#0	Q0	7434955#1	0
6364605#0	Q0	346223#17	0
6364605#0	Q0	2456#18	0
6370135#0	Q0	8000#37	1
6370135#0	Q0	8000#39	0
6370135#0	Q0	713491#17	0
6370135#0	Q0	713491#31	0
6370135#0	Q0	98047#1	0
6370135#0	Q0	5698#131	0
6370135#0	Q0	8000#17	0
6370135#0	Q0	713491#32	0
6370135#0	Q0	17768#1	0
6370135#0	Q0	8000#0	0
6372857#0	Q0	6372857#1	1
6372857#0	Q0	6372857#0	0
6372857#0	Q0	6026058#3	0
6372857#0	Q0	1355157#1	0
6372857#0	Q0	248309#4	0
6372857#0	Q0	293040#3	0
6372857#0	Q0	27061#4	0
6372857#0	Q0	865495#3	0
6372857#0	Q0	2477459#1	0
6372857#0	Q0	4770348#3	0
6374683#0	Q0	8552439#0	1
6374683#0	Q0	9872071#2	1
6374683#0	Q0	8552439#18	1
6374683#0	Q0	9816565#7	1
6374683#0	Q0	8552439#7	1
6374683#0	Q0	4029090#50	1
6374683#0	Q0	33#8	1
6374683#0	Q0	537464#5	1
6374683#0	Q0	6374683#0	0
6374683#0	Q0	8902304#28	0
6374785#0	Q0	745294#6	1
6374785#0	Q0	1489908#0	1
6374785#0	Q0	32011#70	1
6374785#0	Q0	1489908#4	1
6374785#0	Q0	32011#2	1
6374785#0	Q0	32011#8	0
6374785#0	Q0	499388#0	0
6374785#0	Q0	1489908#39	0
6374785#0	Q0	4238918#0	0
6374785#0	Q0	1489908#66	0
6375266#0	Q0	4828217#7	1
6375266#0	Q0	4828217#0	1
6375266#0	Q0	4828217#6	1
6375266#0	Q0	4828217#17	1
6375266#0	Q0	7034038#3	1
6375266#0	Q0	99042#5	0
6375266#0	Q0	4828217#18	0
6375266#0	Q0	722835#5	0
6375266#0	Q0	1236#8	0
6375266#0	Q0	19247#36	0
6377897#0	Q0	38846#0	1
6377897#0	Q0	38846#11	1
6377897#0	Q0	38846#24	1
6377897#0	Q0	38846#17	1
6377897#0	Q0	6160785#0	1
6377897#0	Q0	38846#6	1
6377897#0	Q0	30532#27	1
6377897#0	Q0	38846#8	1
6377897#0	Q0	38846#26	1
6377897#0	Q0	38846#15	1
6377999#0	Q0	133363#3	1
6377999#0	Q0	1406937#57	1
6377999#0	Q0	6586325#1	1
6377999#0	Q0	8512387#6	1
6377999#0	Q0	1217185#2	0
6377999#0	Q0	872131#0	0
6377999#0	Q0	8896422#13	0
6377999#0	Q0	2393871#0	0
6377999#0	Q0	1217185#0	0
6377999#0	Q0	9706353#1	0
6379404#0	Q0	86448#0	1
6379404#0	Q0	6296796#0	1
6379404#0	Q0	86448#1	1
6379404#0	Q0	969811#1	1
6379404#0	Q0	900044#1	1
6379404#0	Q0	8321976#2	0
6379404#0	Q0	2416865#3	0
6380696#0	Q0	54718#0	1
6380696#0	Q0	7701060#0	1
6380696#0	Q0	9073776#0	1
6380696#0	Q0	8545745#7	1
6380696#0	Q0	4369046#0	1
6380696#0	Q0	4641678#1	1
6380696#0	Q0	349482#0	1
6380696#0	Q0	9714574#7	1
6380696#0	Q0	9714574#1	1
6380696#0	Q0	8661987#28	0
6382445#0	Q0	8732770#12	1
6382445#0	Q0	31133#1	1
6382445#0	Q0	9917994#0	1
6382445#0	Q0	31133#0	1
6382445#0	Q0	4234140#3	1
6382445#0	Q0	31133#10	0
6382445#0	Q0	31133#16	0
6382445#0	Q0	31133#17	0
6382445#0	Q0	130153#9	0
6382445#0	Q0	8732770#0	0
6389974#0	Q0	6906615#2	1
6389974#0	Q0	16687#50	0
6389974#0	Q0	4041961#2	0
6389974#0	Q0	7555149#32	0
6389974#0	Q0	5649861#3	0
6389974#0	Q0	3784807#40	0
6389974#0	Q0	6081753#20	0
6389974#0	Q0	7555149#21	0
6389974#0	Q0	852289#14	0
6389974#0	Q0	41613#51	0
6391722#0	Q0	54596#14	1
6391722#0	Q0	8520440#13	0
6391722#0	Q0	3507883#32	0
6391722#0	Q0	3624833#4	0
6391722#0	Q0	56418#35	0
6391722#0	Q0	8244085#4	0
6391722#0	Q0	7932429#2	0
6391722#0	Q0	4730354#1	0
6391722#0	Q0	73000#8	0
6391722#0	Q0	4617062#16	0
6399488#0	Q0	2914#2	1
6399488#0	Q0	637999#4	1
6399488#0	Q0	2914#40	0
6399488#0	Q0	4596156#1	0
6399488#0	Q0	1814033#9	0
6399488#0	Q0	4505977#0	0
6399488#0	Q0	3558207#49	0
6399488#0	Q0	2914#1	0
6399488#0	Q0	685273#11	0
6399488#0	Q0	2914#45	0
6402798#0	Q0	3007561#16	1
6402798#0	Q0	810362#7	1
6402798#0	Q0	5439732#3	1
6402798#0	Q0	285137#0	0
6402798#0	Q0	6217807#1	0
6402798#0	Q0	6056667#2	0
6402798#0	Q0	6553624#11	0
6402798#0	Q0	380326#3	0
6402798#0	Q0	2468041#4	0
6402798#0	Q0	4608094#1	0
6405747#0	Q0	89978#3	1
6405747#0	Q0	89978#0	1
6405747#0	Q0	89978#2	1
6405747#0	Q0	3671393#2	1
6405747#0	Q0	1224202#7	1
6405747#0	Q0	3656573#1	1
6405747#0	Q0	5005509#1	0
6405747#0	Q0	724490#2	0
6405747#0	Q0	7687972#0	0
6405747#0	Q0	723716#6	0
6407043#0	Q0	7267072#0	1
6407043#0	Q0	70953#0	1
6407043#0	Q0	133517#4	1
6407043#0	Q0	282138#0	0
6407043#0	Q0	414778#15	0
6407043#0	Q0	87496#3	0
6407043#0	Q0	70953#2	0
6407043#0	Q0	9555808#1	0
6407043#0	Q0	122088#0	0
6407043#0	Q0	414778#12	0
6408395#0	Q0	9845#0	1
6408395#0	Q0	125758#3	1
6408395#0	Q0	9845#1	1
6408395#0	Q0	43588#0	1
6408395#0	Q0	978#14	1
6408395#0	Q0	1003#26	1
6408395#0	Q0	978#3	1
6408395#0	Q0	978#20	0
6408395#0	Q0	969#2	0
6408395#0	Q0	1778#87	0
6413737#0	Q0	390905#152	1
6413737#0	Q0	98557#2	1
6413737#0	Q0	9978446#0	0
6413737#0	Q0	9978446#27	0
6413737#0	Q0	9978446#47	0
6413737#0	Q0	9978446#1	0
6413737#0	Q0	43257#0	0
6413737#0	Q0	214399#4	0
6413737#0	Q0	9978446#41	0
6413737#0	Q0	43257#4	0
6417083#0	Q0	31350#27	1
6417083#0	Q0	9789113#17	1
6417083#0	Q0	7529986#34	1
6417083#0	Q0	3880354#7	1
6417083#0	Q0	7529986#38	1
6417083#0	Q0	5297694#0	1
6417083#0	Q0	7529986#35	1
6417083#0	Q0	7529986#45	1
6417083#0	Q0	7522159#7	0
6417083#0	Q0	7529986#48	0
6422090#0	Q0	322939#5	1
6422090#0	Q0	5245#6	1
6422090#0	Q0	322939#25	1
6422090#0	Q0	3340170#24	1
6422090#0	Q0	322939#29	1
6422090#0	Q0	1603305#0	1
6422090#0	Q0	332390#1	1
6422090#0	Q0	322939#0	0
6422090#0	Q0	322939#2	0
6422090#0	Q0	322939#27	0
642259#0	Q0	311806#44	1
642259#0	Q0	27755#18	1
642259#0	Q0	9803115#2	1
642259#0	Q0	9803115#0	1
642259#0	Q0	9803115#6	1
642259#0	Q0	8255#48	1
642259#0	Q0	4724800#0	1
642259#0	Q0	8255#32	1
642259#0	Q0	42600#140	1
642259#0	Q0	1832#2	1
6425028#0	Q0	276089#4	1
6425028#0	Q0	276089#0	1
6425028#0	Q0	276089#3	1
6425028#0	Q0	76116#1	0
6425028#0	Q0	276089#2	0
6425028#0	Q0	846396#3	0
6425028#0	Q0	312118#5	0
6425028#0	Q0	7036562#2	0
6434651#0	Q0	136850#17	1
6434651#0	Q0	136850#5	1
6434651#0	Q0	136850#19	0
6434651#0	Q0	136850#18	0
6434651#0	Q0	136850#22	0
6434651#0	Q0	136850#20	0
6434651#0	Q0	136850#21	0
6434651#0	Q0	136850#2	0
6434651#0	Q0	5513356#10	0
6434651#0	Q0	38370#1	0
6435910#0	Q0	8842331#0	1
6435910#0	Q0	8842331#3	1
6435910#0	Q0	8221336#20	1
6435910#0	Q0	8842331#5	1
6435910#0	Q0	9143737#0	0
6435910#0	Q0	3354#1	0
6435910#0	Q0	8842331#6	0
6435910#0	Q0	4689128#0	0
6435910#0	Q0	3354#0	0
6435910#0	Q0	8221336#17	0
6436548#0	Q0	493963#6	1
6436548#0	Q0	4080637#0	1
6436548#0	Q0	16298#16	1
6436548#0	Q0	16298#18	1
6436548#0	Q0	68761#0	0
6436548#0	Q0	16298#14	0
6436548#0	Q0	16298#12	0
6436548#0	Q0	1748940#0	0
6436548#0	Q0	581885#1	0
6436548#0	Q0	48256#0	0
644389#0	Q0	9593#112	1
644389#0	Q0	1780280#2	1
644389#0	Q0	4206287#7	1
644389#0	Q0	29152#13	0
644389#0	Q0	713557#6	0
644389#0	Q0	5942818#5	0
644389#0	Q0	1781787#0	0
644389#0	Q0	9134742#6	0
644389#0	Q0	713557#5	0
644389#0	Q0	713557#54	0
6444225#0	Q0	3214324#1	1
6444225#0	Q0	97397#7	1
6444225#0	Q0	6081753#18	1
6444225#0	Q0	694121#4	0
6444225#0	Q0	6081753#23	0
6444225#0	Q0	6081753#71	0
6444225#0	Q0	9964983#6	0
6444225#0	Q0	9881663#12	0
6444225#0	Q0	6081753#7	0
6444225#0	Q0	1277666#12	0
644462#0	Q0	1530523#14	1
644462#0	Q0	97530#0	1
644462#0	Q0	97530#11	1
644462#0	Q0	482160#0	0
644462#0	Q0	1530523#35	0
644462#0	Q0	482160#1	0
644462#0	Q0	1530523#0	0
644462#0	Q0	1530523#25	0
644462#0	Q0	1530523#2	0
644462#0	Q0	482160#33	0
6445698#0	Q0	7712574#11	1
6445698#0	Q0	5449463#33	1
6445698#0	Q0	9213521#20	1
6445698#0	Q0	5449463#2	1
6445698#0	Q0	5449463#105	0
6445698#0	Q0	8065909#15	0
6445698#0	Q0	5449463#99	0
6445698#0	Q0	1494963#2	0
6445698#0	Q0	5449463#129	0
6445698#0	Q0	5449463#106	0
6456560#0	Q0	333340#5	1
6456560#0	Q0	333340#0	1
6456560#0	Q0	10052883#1	1
6456560#0	Q0	4519962#1	1
6456560#0	Q0	10052883#0	1
6456560#0	Q0	333340#2	1
6456560#0	Q0	333340#6	1
6456560#0	Q0	1853788#4	1
6456560#0	Q0	333340#3	1
6456560#0	Q0	1853788#1	1
6458035#0	Q0	3549394#5	1
6458035#0	Q0	688752#0	1
6458035#0	Q0	7014865#3	1
6458035#0	Q0	8923498#0	1
6458035#0	Q0	1077976#0	1
6458035#0	Q0	4421137#2	1
6458035#0	Q0	9260769#3	0
6458035#0	Q0	9260760#0	0
6458035#0	Q0	9048615#52	0
6458035#0	Q0	9260747#1	0
6463839#0	Q0	675592#0	1
6463839#0	Q0	5192523#19	1
6463839#0	Q0	94321#22	0
6463839#0	Q0	675592#4	0
6463839#0	Q0	675592#3	0
6463839#0	Q0	809517#7	0
6463839#0	Q0	7665160#7	0
6463839#0	Q0	4014208#2	0
6463839#0	Q0	585729#5	0
6463839#0	Q0	679369#49	0
6467485#0	Q0	4116372#3	1
6467485#0	Q0	2018705#9	1
6467485#0	Q0	252243#8	1
6467485#0	Q0	9455716#1	1
6467485#0	Q0	285312#14	1
6467485#0	Q0	5837198#10	1
6467485#0	Q0	662545#16	1
6467485#0	Q0	189303#16	1
6467485#0	Q0	7214601#2	0
6467485#0	Q0	7736875#5	0
646933#0	Q0	646933#0	1
646933#0	Q0	646933#10	1
646933#0	Q0	646933#11	1
646933#0	Q0	646933#8	1
646933#0	Q0	646933#1	1
646933#0	Q0	646933#9	1
646933#0	Q0	646933#6	1
646933#0	Q0	3184508#1	1
646933#0	Q0	646933#2	0
646933#0	Q0	448418#8	0
6470834#0	Q0	9878230#0	1
6470834#0	Q0	2453772#1	0
6470834#0	Q0	19235#0	0
6470834#0	Q0	19235#7	0
6470834#0	Q0	19235#6	0
6470834#0	Q0	9670011#85	0
6470834#0	Q0	2471435#0	0
6470834#0	Q0	2356513#0	0
6470834#0	Q0	19235#1	0
6470834#0	Q0	6156410#0	0
647313#0	Q0	9525058#1	1
647313#0	Q0	222920#5	1
647313#0	Q0	229964#1	0
647313#0	Q0	9525058#3	0
647313#0	Q0	198664#0	0
647313#0	Q0	10024943#1	0
647313#0	Q0	229964#3	0
647313#0	Q0	4870035#0	0
647313#0	Q0	314220#5	0
647313#0	Q0	1911569#0	0
6480189#0	Q0	3261#0	1
6480189#0	Q0	3252#3	1
6480189#0	Q0	2731822#15	1
6480189#0	Q0	2731822#17	1
6480189#0	Q0	3261#6	1
6480189#0	Q0	54955#15	1
6480189#0	Q0	3261#2	1
6480189#0	Q0	3261#5	1
6480189#0	Q0	3841055#1	1
6480189#0	Q0	646425#132	1
6499242#0	Q0	7884#4	1
6499242#0	Q0	496102#2	0
6499242#0	Q0	21881#0	0
6499242#0	Q0	21881#2	0
6499242#0	Q0	7740#1	0
6499242#0	Q0	7884#0	0
6499242#0	Q0	111801#37	0
6499242#0	Q0	99733#2	0
6499242#0	Q0	2730#57	0
6499242#0	Q0	7740#4	0
6500217#0	Q0	177459#0	1
6500217#0	Q0	177459#1	1
6500217#0	Q0	3980300#0	1
6500217#0	Q0	177459#3	1
6500217#0	Q0	177459#2	1
6500217#0	Q0	177459#8	1
6500217#0	Q0	177459#18	1
6500217#0	Q0	3980317#0	1
6500217#0	Q0	1952333#9	0
6500217#0	Q0	1952333#3	0
650342#0	Q0	485#130	1
650342#0	Q0	4158453#6	1
650342#0	Q0	4664450#6	1
650342#0	Q0	4664450#18	1
650342#0	Q0	4664450#16	1
650342#0	Q0	1633723#56	1
650342#0	Q0	66887#26	0
650342#0	Q0	459461#0	0
650342#0	Q0	4664450#1	0
650342#0	Q0	12516#25	0
6505546#0	Q0	2893282#0	1
6505546#0	Q0	73256#3	1
6505546#0	Q0	621256#4	1
6505546#0	Q0	621256#0	1
6505546#0	Q0	621256#5	1
6505546#0	Q0	33198#16	1
6505546#0	Q0	937133#0	1
6505546#0	Q0	2968551#0	0
6505546#0	Q0	6622519#2	0
6505546#0	Q0	111077#0	0
650620#0	Q0	1325592#43	1
650620#0	Q0	2653414#15	1
650620#0	Q0	25286#5	1
650620#0	Q0	5951007#5	1
650620#0	Q0	7010861#5	1
650620#0	Q0	9319224#12	1
650620#0	Q0	9956004#23	1
650620#0	Q0	50503#14	1
650620#0	Q0	43729#40	1
650620#0	Q0	475536#8	0
6510488#0	Q0	393312#10	1
6510488#0	Q0	2830688#5	1
6510488#0	Q0	5394444#1	0
6510488#0	Q0	394349#16	0
6510488#0	Q0	9072909#2	0
6510488#0	Q0	394349#13	0
6510488#0	Q0	6963642#1	0
6510488#0	Q0	394349#6	0
6510488#0	Q0	9950897#2	0
6510488#0	Q0	2830688#6	0
6510823#0	Q0	8436568#12	1
6510823#0	Q0	1335002#25	0
6510823#0	Q0	8436568#13	0
6510823#0	Q0	489792#10	0
6510823#0	Q0	5196013#4	0
6510823#0	Q0	206459#3	0
6510823#0	Q0	1104384#17	0
6510823#0	Q0	5422423#7	0
6510823#0	Q0	9798564#11	0
6510823#0	Q0	6304385#6	0
6515581#0	Q0	160#1	1
6515581#0	Q0	1850344#9	1
6515581#0	Q0	1257#8	1
6515581#0	Q0	76#0	0
6515581#0	Q0	76#18	0
6515581#0	Q0	39442#12	0
6515581#0	Q0	9336554#2	0
6515581#0	Q0	76#5	0
6515581#0	Q0	1850344#11	0
6515581#0	Q0	9336554#0	0
6520377#0	Q0	5192523#19	1
6520377#0	Q0	88848#5	1
6520377#0	Q0	88848#7	1
6520377#0	Q0	88848#4	0
6520377#0	Q0	7435157#5	0
6520377#0	Q0	68305#4	0
6520377#0	Q0	40505#42	0
6520377#0	Q0	88848#9	0
6520377#0	Q0	88848#3	0
6520377#0	Q0	88848#6	0
6526247#0	Q0	38552#64	1
6526247#0	Q0	98434#16	1
6526247#0	Q0	38552#57	1
6526247#0	Q0	178097#11	1
6526247#0	Q0	38552#59	1
6526247#0	Q0	1133498#42	1
6526247#0	Q0	17618#11	1
6526247#0	Q0	38552#74	1
6526247#0	Q0	8279293#1	1
6526247#0	Q0	22063#37	0
6527446#0	Q0	369987#0	1
6527446#0	Q0	89275#10	1
6527446#0	Q0	784583#24	1
6527446#0	Q0	369987#9	1
6527446#0	Q0	5368741#14	1
6527446#0	Q0	5368741#0	1
6527446#0	Q0	369987#11	1
6527446#0	Q0	369987#10	0
6527446#0	Q0	5368741#29	0
6527446#0	Q0	3102468#3	0
6527588#0	Q0	612608#0	1
6527588#0	Q0	612608#10	1
6527588#0	Q0	612608#2	1
6527588#0	Q0	1045991#9	1
6527588#0	Q0	612608#8	1
6527588#0	Q0	9924844#10	1
6527588#0	Q0	61405#16	1
6527588#0	Q0	2285525#28	1
6527588#0	Q0	63104#84	1
6527588#0	Q0	612608#11	0
6530639#0	Q0	131920#13	1
6530639#0	Q0	4365524#1	0
6530639#0	Q0	5010958#1	0
6530639#0	Q0	3465033#1	0
6530639#0	Q0	131920#12	0
6530639#0	Q0	1384085#0	0
6530639#0	Q0	5486913#10	0
6530639#0	Q0	131920#10	0
6530639#0	Q0	131920#5	0
6530639#0	Q0	131920#14	0
6536269#0	Q0	8800988#6	1
6536269#0	Q0	10110778#0	1
6536269#0	Q0	3607007#10	1
6536269#0	Q0	6102620#10	1
6536269#0	Q0	9648427#0	1
6536269#0	Q0	6526889#7	1
6536269#0	Q0	8554962#1	1
6536269#0	Q0	5549295#33	1
6536269#0	Q0	5931019#16	0
6536269#0	Q0	5803773#9	0
6541051#0	Q0	4189501#4	1
6541051#0	Q0	7343894#2	1
6541051#0	Q0	1523285#2	1
6541051#0	Q0	4267039#1	1
6541051#0	Q0	4189501#6	0
6541051#0	Q0	4189501#0	0
6541051#0	Q0	4189501#7	0
6541051#0	Q0	529011#17	0
6541051#0	Q0	4189501#8	0
6541051#0	Q0	5189867#1	0
654122#0	Q0	5211025#36	1
654122#0	Q0	3012420#28	1
654122#0	Q0	3012420#27	1
654122#0	Q0	6869163#6	1
654122#0	Q0	3012420#14	0
654122#0	Q0	718283#9	0
654122#0	Q0	678988#4	0
654122#0	Q0	3018049#4	0
654122#0	Q0	6869163#5	0
654122#0	Q0	776897#6	0
6542432#0	Q0	792130#0	1
6542432#0	Q0	792130#1	1
6542432#0	Q0	99959#4	1
6542432#0	Q0	4950554#74	1
6542432#0	Q0	4348#24	1
6542432#0	Q0	792130#2	1
6542432#0	Q0	99959#6	1
6542432#0	Q0	99959#1	1
6542432#0	Q0	108806#0	0
6542432#0	Q0	4348#57	0
654245#0	Q0	5583336#7	1
654245#0	Q0	267205#5	1
654245#0	Q0	654245#0	1
654245#0	Q0	1186846#5	0
654245#0	Q0	3335177#6	0
654245#0	Q0	5461537#23	0
654245#0	Q0	9119636#3	0
654245#0	Q0	277714#6	0
654245#0	Q0	9254200#2	0
654245#0	Q0	8619261#5	0
6549667#0	Q0	2872857#0	1
6549667#0	Q0	2872857#12	1
6549667#0	Q0	2872857#4	1
6549667#0	Q0	3120980#1	1
6549667#0	Q0	2872857#18	1
6549667#0	Q0	2872857#6	1
6549667#0	Q0	161084#7	1
6549667#0	Q0	11282#54	0
6549667#0	Q0	2872857#17	0
6549667#0	Q0	2872857#1	0
655050#0	Q0	621310#0	1
655050#0	Q0	621310#4	1
655050#0	Q0	621310#11	1
655050#0	Q0	621310#15	1
655050#0	Q0	621310#12	0
655050#0	Q0	636575#8	0
655050#0	Q0	621310#10	0
655050#0	Q0	654103#2	0
655050#0	Q0	1216111#7	0
655050#0	Q0	636620#2	0
6553117#0	Q0	2600545#2	1
6553117#0	Q0	13804#11	1
6553117#0	Q0	899601#0	0
6553117#0	Q0	2761943#4	0
6553117#0	Q0	710479#0	0
6553117#0	Q0	979450#0	0
6553117#0	Q0	8766078#0	0
6553117#0	Q0	1236078#0	0
6553117#0	Q0	234138#0	0
6553117#0	Q0	387325#15	0
6555102#0	Q0	290829#2	1
6555102#0	Q0	253649#2	1
6555102#0	Q0	290829#64	1
6555102#0	Q0	8360415#1	0
6555102#0	Q0	290829#71	0
6555102#0	Q0	2753631#0	0
6555102#0	Q0	2449150#0	0
6555102#0	Q0	290829#5	0
6555102#0	Q0	290829#73	0
6555102#0	Q0	3059113#0	0
6557581#0	Q0	52331#9	1
6557581#0	Q0	52331#29	1
6557581#0	Q0	52331#1	0
6557581#0	Q0	87947#34	0
6557581#0	Q0	1960618#3	0
6557581#0	Q0	87947#35	0
6557581#0	Q0	52331#27	0
6557581#0	Q0	261289#7	0
6557581#0	Q0	52331#26	0
6557581#0	Q0	87947#32	0
656205#0	Q0	16450#0	1
656205#0	Q0	3116436#0	1
656205#0	Q0	2876168#0	1
656205#0	Q0	754844#0	1
656205#0	Q0	16450#29	0
656205#0	Q0	1037922#0	0
656205#0	Q0	859188#0	0
656205#0	Q0	1286329#0	0
656205#0	Q0	1072577#0	0
656205#0	Q0	861298#2	0
6571986#0	Q0	6860257#0	1
6571986#0	Q0	98308#19	1
6571986#0	Q0	6860257#5	1
6571986#0	Q0	8896780#20	1
6571986#0	Q0	4904297#21	0
6571986#0	Q0	8240757#1	0
6571986#0	Q0	4254217#12	0
6571986#0	Q0	6863415#2	0
6571986#0	Q0	8881221#11	0
6571986#0	Q0	2003357#5	0
6574#0	Q0	125896#0	1
6574#0	Q0	925680#2	1
6574#0	Q0	925680#0	1
6574#0	Q0	125896#1	0
6574#0	Q0	125896#3	0
6574#0	Q0	40570#17	0
6574#0	Q0	125896#6	0
6574#0	Q0	8517116#0	0
6574#0	Q0	5638675#0	0
6574#0	Q0	4108705#0	0
6575378#0	Q0	4497961#1	1
6575378#0	Q0	2048014#2	1
6575378#0	Q0	4497961#0	1
6575378#0	Q0	1121252#1	1
6575378#0	Q0	601299#1	1
6575378#0	Q0	601299#0	1
6575378#0	Q0	1364520#1	0
6575378#0	Q0	601299#3	0
6575378#0	Q0	2338306#0	0
6575378#0	Q0	4497961#2	0
6576792#0	Q0	22187#3	1
6576792#0	Q0	132405#34	1
6576792#0	Q0	132405#44	1
6576792#0	Q0	132405#18	1
6576792#0	Q0	981268#9	1
6576792#0	Q0	5637537#3	1
6576792#0	Q0	132405#29	1
6576792#0	Q0	8226858#9	1
6576792#0	Q0	11343#133	0
6576792#0	Q0	132405#102	0
6581948#0	Q0	3939#0	1
6581948#0	Q0	8913193#0	1
6581948#0	Q0	3939#169	1
6581948#0	Q0	3939#5	1
6581948#0	Q0	5960269#12	1
6581948#0	Q0	613512#0	1
6581948#0	Q0	1761146#26	1
6581948#0	Q0	439437#4	0
6581948#0	Q0	923512#0	0
6581948#0	Q0	9452129#0	0
658816#0	Q0	2064943#3	1
658816#0	Q0	2064943#4	1
658816#0	Q0	9190170#2	0
658816#0	Q0	6910615#2	0
658816#0	Q0	519078#2	0
658816#0	Q0	3107887#2	0
658816#0	Q0	4519969#1	0
658816#0	Q0	7491541#0	0
658816#0	Q0	9845419#3	0
658816#0	Q0	27304#17	0
6588660#0	Q0	9081#0	1
6588660#0	Q0	51404#3	1
6588660#0	Q0	2514502#11	1
6588660#0	Q0	78817#2	0
6588660#0	Q0	16785#11	0
6588660#0	Q0	4941558#6	0
6588660#0	Q0	4378471#12	0
6588660#0	Q0	4793361#5	0
6588660#0	Q0	4378471#2	0
6588660#0	Q0	128500#74	0
6589910#0	Q0	8083#22	1
6589910#0	Q0	158257#4	1
6589910#0	Q0	186903#8	1
6589910#0	Q0	1586457#0	1
6589910#0	Q0	98899#1	1
6589910#0	Q0	2348818#16	0
6589910#0	Q0	98899#12	0
6589910#0	Q0	293688#4	0
6589910#0	Q0	128134#3	0
6589910#0	Q0	293597#4	0
6597732#0	Q0	69833#67	1
6597732#0	Q0	6091902#7	1
6597732#0	Q0	69833#68	1
6597732#0	Q0	6343587#2	1
6597732#0	Q0	384303#33	1
6597732#0	Q0	4096974#7	1
6597732#0	Q0	407253#4	1
6597732#0	Q0	4863029#1	1
6597732#0	Q0	69833#28	1
6597732#0	Q0	2631173#7	0
660165#0	Q0	113902#0	1
660165#0	Q0	677412#20	1
660165#0	Q0	113902#1	1
660165#0	Q0	677412#19	1
660165#0	Q0	113902#13	1
660165#0	Q0	113902#3	1
660165#0	Q0	113902#2	1
660165#0	Q0	7676700#31	1
660165#0	Q0	7676700#0	1
660165#0	Q0	7676700#1	1
660519#0	Q0	152356#36	1
660519#0	Q0	8841221#36	1
660519#0	Q0	110933#14	1
660519#0	Q0	9646050#10	1
660519#0	Q0	1521#10	1
660519#0	Q0	4599666#6	1
660519#0	Q0	6316186#3	1
660519#0	Q0	110933#16	1
660519#0	Q0	9041747#11	0
660519#0	Q0	1819807#4	0
6611043#0	Q0	8026#163	1
6611043#0	Q0	693771#0	1
6611043#0	Q0	6404673#0	0
6611043#0	Q0	2034738#1	0
6611043#0	Q0	663843#1	0
6611043#0	Q0	6996286#1	0
6611043#0	Q0	663843#9	0
6611043#0	Q0	1149#64	0
6611043#0	Q0	8452411#4	0
6611043#0	Q0	31756#10	0
6611274#0	Q0	13574#93	1
6611274#0	Q0	5534610#3	1
6611274#0	Q0	13574#22	1
6611274#0	Q0	580027#4	0
6611274#0	Q0	1354490#1	0
6611274#0	Q0	2026121#1	0
6611274#0	Q0	4842434#2	0
6611274#0	Q0	4482800#0	0
6611274#0	Q0	13574#34	0
6611274#0	Q0	6110834#0	0
661328#0	Q0	9359776#0	1
661328#0	Q0	9076124#2	1
661328#0	Q0	6627548#15	1
661328#0	Q0	8764877#10	1
661328#0	Q0	9359776#9	1
661328#0	Q0	263375#10	1
661328#0	Q0	4437552#15	1
661328#0	Q0	9629554#14	1
661328#0	Q0	5127010#2	1
661328#0	Q0	7644585#2	0
6622777#0	Q0	38150#0	1
6622777#0	Q0	301117#8	1
6622777#0	Q0	6450039#1	1
6622777#0	Q0	38150#30	0
6622777#0	Q0	38150#34	0
6622777#0	Q0	6999900#0	0
6622777#0	Q0	38150#33	0
6622777#0	Q0	38150#41	0
6622777#0	Q0	38150#31	0
6622777#0	Q0	38150#36	0
662701#0	Q0	72771#1	1
662701#0	Q0	9589569#3	1
662701#0	Q0	3622016#3	1
662701#0	Q0	72771#8	1
662701#0	Q0	72771#6	1
662701#0	Q0	298818#22	1
662701#0	Q0	729477#4	1
662701#0	Q0	3787321#2	1
662701#0	Q0	1902342#5	1
662701#0	Q0	72771#12	1
663#0	Q0	80424#0	1
663#0	Q0	682865#0	1
663#0	Q0	822894#8	1
663#0	Q0	16785#1	0
663#0	Q0	4386751#40	0
663#0	Q0	15163#14	0
663#0	Q0	710962#6	0
663#0	Q0	128500#74	0
663#0	Q0	13681#2	0
663#0	Q0	16785#11	0
6633189#0	Q0	683211#11	1
6633189#0	Q0	683211#2	1
6633189#0	Q0	5706842#1	1
6633189#0	Q0	9448665#17	0
6633189#0	Q0	5458906#7	0
6633189#0	Q0	5458906#10	0
6633189#0	Q0	482068#3	0
6633189#0	Q0	180334#63	0
6633189#0	Q0	9761099#0	0
6633189#0	Q0	59001#46	0
6636963#0	Q0	612389#37	1
6636963#0	Q0	7060526#3	1
6636963#0	Q0	935496#16	1
6636963#0	Q0	1096490#0	1
6636963#0	Q0	612389#43	1
6636963#0	Q0	80215#6	1
6636963#0	Q0	1805885#2	1
6636963#0	Q0	1390055#5	1
6636963#0	Q0	111171#32	0
6636963#0	Q0	612389#32	0
6639000#0	Q0	830959#5	1
6639000#0	Q0	186846#2	1
6639000#0	Q0	186846#0	1
6639000#0	Q0	8490295#2	1
6639000#0	Q0	2491064#51	1
6639000#0	Q0	46036#4	0
6639000#0	Q0	9071259#1	0
6639000#0	Q0	10056747#2	0
6639000#0	Q0	8490295#7	0
6639000#0	Q0	186846#5	0
6642410#0	Q0	9169968#0	1
6642410#0	Q0	328705#0	0
6642410#0	Q0	328705#2	0
6642410#0	Q0	298223#0	0
6642410#0	Q0	2804410#0	0
6642410#0	Q0	8351288#10	0
6642410#0	Q0	8808153#0	0
6642410#0	Q0	1168340#1	0
6642410#0	Q0	2804410#5	0
6642410#0	Q0	8362190#0	0
6642989#0	Q0	274252#0	1
6642989#0	Q0	274252#5	1
6642989#0	Q0	274252#2	1
6642989#0	Q0	2248514#0	0
6642989#0	Q0	8478176#6	0
6642989#0	Q0	274252#1	0
6642989#0	Q0	531295#2	0
6642989#0	Q0	7018336#9	0
6642989#0	Q0	1752024#0	0
6642989#0	Q0	766765#4	0
6643333#0	Q0	6247881#2	1
6643333#0	Q0	6247881#0	1
6643333#0	Q0	4835725#0	1
6643333#0	Q0	651988#6	1
6643333#0	Q0	6247881#1	1
6643333#0	Q0	320#19	1
6643333#0	Q0	1245119#1	0
6643333#0	Q0	6188395#8	0
6643333#0	Q0	519468#4	0
6643333#0	Q0	208029#0	0
6643428#0	Q0	33703#9	1
6643428#0	Q0	33713#3	1
6643428#0	Q0	33703#8	1
6643428#0	Q0	70171#11	1
6643428#0	Q0	33216#16	1
6643428#0	Q0	33216#23	1
6643428#0	Q0	33216#5	1
6643428#0	Q0	33703#1	0
6643428#0	Q0	33216#6	0
6643428#0	Q0	15718#29	0
6644561#0	Q0	3518#0	1
6644561#0	Q0	745323#0	1
6644561#0	Q0	237318#8	1
6644561#0	Q0	6130584#3	0
6644561#0	Q0	9313734#12	0
6644561#0	Q0	1509#13	0
6644561#0	Q0	390905#152	0
6644561#0	Q0	198982#38	0
6644561#0	Q0	1509#8	0
6644561#0	Q0	98557#0	0
664798#0	Q0	7717207#110	1
664798#0	Q0	2422714#17	1
664798#0	Q0	7622767#0	1
664798#0	Q0	466531#7	0
664798#0	Q0	1007536#3	0
664798#0	Q0	140263#9	0
664798#0	Q0	9867360#9	0
664798#0	Q0	9505618#3	0
664798#0	Q0	6074281#2	0
664798#0	Q0	8927323#3	0
667891#0	Q0	9641535#1	1
667891#0	Q0	9641535#2	1
667891#0	Q0	1148709#0	1
667891#0	Q0	1148709#7	1
667891#0	Q0	1148709#6	1
667891#0	Q0	1148709#5	1
667891#0	Q0	1148709#3	1
667891#0	Q0	9641535#0	1
667891#0	Q0	9641535#3	0
667891#0	Q0	1148709#4	0
6722#0	Q0	1079857#5	1
6722#0	Q0	1079857#0	1
6722#0	Q0	27090#49	1
6722#0	Q0	27090#2	1
6722#0	Q0	1079857#10	1
6722#0	Q0	1079857#2	1
6722#0	Q0	1079857#8	1
6722#0	Q0	560899#6	1
6722#0	Q0	560899#4	0
6722#0	Q0	1079857#4	0
672553#0	Q0	9955774#6	1
672553#0	Q0	1595103#0	0
672553#0	Q0	1595103#4	0
672553#0	Q0	9690475#6	0
672553#0	Q0	10142026#2	0
672553#0	Q0	1595103#1	0
672553#0	Q0	1550788#1	0
672553#0	Q0	6962494#1	0
672553#0	Q0	4680898#1	0
672553#0	Q0	2233333#1	0
67469#0	Q0	2105262#11	1
67469#0	Q0	2105262#3	1
67469#0	Q0	2105262#8	1
67469#0	Q0	10481#20	1
67469#0	Q0	2105262#2	1
67469#0	Q0	2105262#6	1
67469#0	Q0	2105262#13	0
67469#0	Q0	2105262#9	0
67469#0	Q0	6215314#3	0
67469#0	Q0	2105262#10	0
67716#0	Q0	6562554#20	1
67716#0	Q0	6562554#12	1
67716#0	Q0	6562554#7	1
67716#0	Q0	6562554#26	1
67716#0	Q0	129854#17	1
67716#0	Q0	489663#15	1
67716#0	Q0	2930684#2	1
67716#0	Q0	129854#19	0
67716#0	Q0	6562554#9	0
67716#0	Q0	6562554#29	0
680085#0	Q0	2120424#1	1
680085#0	Q0	906754#0	1
680085#0	Q0	2120424#0	1
680085#0	Q0	906754#4	1
680085#0	Q0	7562969#0	0
680085#0	Q0	4637665#1	0
680085#0	Q0	4637665#0	0
680085#0	Q0	7562969#8	0
680085#0	Q0	8953367#0	0
680085#0	Q0	2581189#1	0
680566#0	Q0	332735#0	1
680566#0	Q0	5106959#14	0
680566#0	Q0	116355#7	0
680566#0	Q0	8864821#1	0
680566#0	Q0	5586890#21	0
680566#0	Q0	6484494#32	0
680566#0	Q0	9173571#8	0
680566#0	Q0	303507#0	0
680566#0	Q0	1816609#20	0
680566#0	Q0	265751#3	0
6819091#0	Q0	9511524#1	1
6819091#0	Q0	9511524#0	1
6819091#0	Q0	703037#0	1
6819091#0	Q0	9511524#16	1
6819091#0	Q0	9511524#6	1
6819091#0	Q0	9511524#22	1
6819091#0	Q0	9511524#19	1
6819091#0	Q0	9511524#15	1
6819091#0	Q0	9936158#10	1
6819091#0	Q0	9511524#20	1
6823597#0	Q0	6823597#0	1
6823597#0	Q0	6823440#0	1
6823597#0	Q0	7141246#5	0
6823597#0	Q0	7141437#4	0
6823597#0	Q0	5354986#0	0
6823597#0	Q0	5354973#0	0
6823597#0	Q0	6153271#0	0
6823597#0	Q0	6153271#1	0
6823597#0	Q0	1879147#0	0
6823597#0	Q0	1879147#2	0
682740#0	Q0	86945#52	1
682740#0	Q0	456008#6	1
682740#0	Q0	456008#41	1
682740#0	Q0	10166174#17	1
682740#0	Q0	576797#0	0
682740#0	Q0	549579#4	0
682740#0	Q0	9538466#18	0
682740#0	Q0	549579#2	0
682740#0	Q0	459012#48	0
682740#0	Q0	3395000#5	0
6828402#0	Q0	8829772#1	1
6828402#0	Q0	4322447#0	1
6828402#0	Q0	9434755#5	1
6828402#0	Q0	80#60	1
6828402#0	Q0	35#3	0
6828402#0	Q0	1715796#1	0
6828402#0	Q0	9167431#2	0
6828402#0	Q0	11442#37	0
6828402#0	Q0	9434755#0	0
6828402#0	Q0	1715796#2	0
6828925#0	Q0	71003#9	1
6828925#0	Q0	8861210#36	1
6828925#0	Q0	613139#26	1
6828925#0	Q0	64165#8	1
6828925#0	Q0	7102#10	1
6828925#0	Q0	51135#58	0
6828925#0	Q0	68740#25	0
6828925#0	Q0	2145#113	0
6828925#0	Q0	762501#8	0
6828925#0	Q0	4610384#3	0
6831981#0	Q0	209003#15	1
6831981#0	Q0	6090659#1	1
6831981#0	Q0	4135682#1	1
6831981#0	Q0	7767372#0	1
6831981#0	Q0	4784801#1	1
6831981#0	Q0	1982156#4	1
6831981#0	Q0	109368#1	1
6831981#0	Q0	9095795#1	1
6831981#0	Q0	4121286#1	1
6831981#0	Q0	209003#0	0
6835144#0	Q0	4695290#0	1
6835144#0	Q0	45937#0	1
6835144#0	Q0	10136509#0	1
6835144#0	Q0	8666636#0	1
6835144#0	Q0	10136499#0	1
6835144#0	Q0	6213736#0	1
6835144#0	Q0	10136536#0	1
6835144#0	Q0	2419028#0	0
6837735#0	Q0	1408191#0	1
6837735#0	Q0	1408191#2	1
6837735#0	Q0	394932#3	0
6837735#0	Q0	6116163#4	0
6837735#0	Q0	319564#25	0
6837735#0	Q0	164561#5	0
6837735#0	Q0	247737#2	0
6837735#0	Q0	6618010#7	0
6837735#0	Q0	7144727#1	0
6837735#0	Q0	415058#3	0
6837773#0	Q0	3212309#3	1
6837773#0	Q0	3212309#5	0
6837773#0	Q0	3212309#0	0
6837773#0	Q0	3212309#7	0
6837773#0	Q0	89352#78	0
6837773#0	Q0	269120#5	0
6837773#0	Q0	7496517#3	0
6837773#0	Q0	140952#0	0
6837773#0	Q0	1223994#2	0
6837773#0	Q0	6300831#6	0
6839295#0	Q0	2268367#21	1
6839295#0	Q0	2268367#8	1
6839295#0	Q0	2268367#18	1
6839295#0	Q0	2268367#7	1
6839295#0	Q0	4270211#11	1
6839295#0	Q0	2268367#19	1
6839295#0	Q0	2268367#34	1
6839295#0	Q0	2268367#1	1
6839295#0	Q0	9177703#6	0
6839295#0	Q0	2268367#48	0
6841750#0	Q0	42578#18	1
6841750#0	Q0	4084351#2	0
6841750#0	Q0	7899407#7	0
6841750#0	Q0	7722645#34	0
6841750#0	Q0	42578#51	0
6841750#0	Q0	223596#8	0
6841750#0	Q0	4761966#17	0
6841750#0	Q0	362760#76	0
6841750#0	Q0	5233099#18	0
6841750#0	Q0	1577893#3	0
6842418#0	Q0	1462846#3	1
6842418#0	Q0	8358732#26	0
6842418#0	Q0	1700099#1	0
6842418#0	Q0	2765334#2	0
6842418#0	Q0	942630#1	0
6842418#0	Q0	9182469#24	0
6842418#0	Q0	4616#38	0
6842418#0	Q0	1788392#9	0
6842418#0	Q0	5345#56	0
6842418#0	Q0	2245280#20	0
6843541#0	Q0	31832#20	1
6843541#0	Q0	8455097#0	0
6843541#0	Q0	874304#16	0
6843541#0	Q0	3630848#10	0
6843541#0	Q0	3238523#14	0
6843541#0	Q0	31832#21	0
6843541#0	Q0	173033#11	0
6843541#0	Q0	1982#135	0
6843541#0	Q0	209494#4	0
6843541#0	Q0	1514009#27	0
6846803#0	Q0	5635#31	1
6846803#0	Q0	9369719#5	1
6846803#0	Q0	6189617#5	1
6846803#0	Q0	9844114#2	1
6846803#0	Q0	5635#29	1
6846803#0	Q0	9844114#3	1
6846803#0	Q0	5635#36	1
6846803#0	Q0	5919293#0	1
6846803#0	Q0	9781181#6	1
6846803#0	Q0	7325443#2	0
6853855#0	Q0	8884#51	1
6853855#0	Q0	215211#6	1
6853855#0	Q0	3715996#2	1
6853855#0	Q0	8768347#1	1
6853855#0	Q0	9877874#2	0
6853855#0	Q0	1196693#1	0
6853855#0	Q0	1005919#33	0
6853855#0	Q0	10113162#11	0
6853855#0	Q0	1179331#8	0
6853855#0	Q0	1005919#28	0
6862120#0	Q0	264622#0	1
6862120#0	Q0	4098472#2	1
6862120#0	Q0	4098472#3	1
6862120#0	Q0	934677#0	1
6862120#0	Q0	4098472#0	1
6862120#0	Q0	278384#74	0
6862120#0	Q0	264622#7	0
6862120#0	Q0	1545538#0	0
6862120#0	Q0	320307#1	0
6862120#0	Q0	1695556#1	0
6865357#0	Q0	305769#0	1
6865357#0	Q0	7784987#0	1
6865357#0	Q0	305769#3	0
6865357#0	Q0	7784987#1	0
6865357#0	Q0	6128807#0	0
6865357#0	Q0	5945658#0	0
6865357#0	Q0	8681775#0	0
6865357#0	Q0	305769#9	0
6865357#0	Q0	8681775#1	0
6865357#0	Q0	305769#2	0
6865598#0	Q0	6865598#0	1
6865598#0	Q0	9580050#1	0
6865598#0	Q0	6598675#4	0
6865598#0	Q0	6865598#4	0
6865598#0	Q0	319618#0	0
6865598#0	Q0	396511#2	0
6865598#0	Q0	658486#16	0
6865598#0	Q0	1177455#1	0
6865598#0	Q0	6525293#0	0
6865598#0	Q0	68381#17	0
6865768#0	Q0	492#70	1
6865768#0	Q0	5204250#2	1
6865768#0	Q0	5454979#10	1
6865768#0	Q0	5783997#11	1
6865768#0	Q0	523457#13	1
6865768#0	Q0	174049#37	1
6865768#0	Q0	5204250#0	1
6865768#0	Q0	5204250#13	1
6865768#0	Q0	7043#58	0
6865768#0	Q0	492#2	0
6868923#0	Q0	194531#0	1
6868923#0	Q0	785365#1	1
6868923#0	Q0	697018#0	1
6868923#0	Q0	695625#2	1
6868923#0	Q0	697018#2	1
6868923#0	Q0	695625#0	0
6868923#0	Q0	504826#0	0
6868923#0	Q0	504826#5	0
6868923#0	Q0	695625#1	0
6868923#0	Q0	9578531#0	0
687964#0	Q0	10066019#7	1
687964#0	Q0	10066019#3	0
687964#0	Q0	7752632#0	0
687964#0	Q0	7131308#7	0
687964#0	Q0	678369#23	0
687964#0	Q0	26653#0	0
687964#0	Q0	6463715#0	0
687964#0	Q0	678369#29	0
687964#0	Q0	6898014#0	0
687964#0	Q0	3127768#0	0
6883353#0	Q0	790526#0	1
6883353#0	Q0	790526#8	0
6883353#0	Q0	1391043#6	0
6883353#0	Q0	790526#2	0
6883353#0	Q0	1391043#0	0
6883353#0	Q0	1586616#1	0
6883353#0	Q0	3856376#27	0
6883353#0	Q0	790526#5	0
6883353#0	Q0	790526#9	0
6883353#0	Q0	790526#7	0
6886216#0	Q0	9828336#8	1
6886216#0	Q0	6886216#0	1
6886216#0	Q0	1778278#1	1
6886216#0	Q0	134581#3	0
6886216#0	Q0	2211269#29	0
6886216#0	Q0	6886216#3	0
6886216#0	Q0	99251#17	0
6886216#0	Q0	1712889#15	0
6886216#0	Q0	9023921#31	0
6886216#0	Q0	147544#14	0
6889525#0	Q0	1806519#7	1
6889525#0	Q0	9029670#6	1
6889525#0	Q0	404644#22	1
6889525#0	Q0	86951#37	1
6889525#0	Q0	2887403#2	1
6889525#0	Q0	392869#3	0
6889525#0	Q0	7031298#6	0
6889525#0	Q0	2887403#1	0
6889525#0	Q0	7237910#0	0
6889525#0	Q0	8804119#2	0
6892391#0	Q0	4523156#0	1
6892391#0	Q0	351430#12	1
6892391#0	Q0	64242#15	1
6892391#0	Q0	64242#19	1
6892391#0	Q0	6033185#0	0
6892391#0	Q0	6033185#8	0
6892391#0	Q0	6033185#12	0
6892391#0	Q0	6033185#10	0
6892391#0	Q0	6033185#1	0
6892391#0	Q0	6033185#6	0
689517#0	Q0	17551#16	1
689517#0	Q0	6479043#1	0
689517#0	Q0	283656#0	0
689517#0	Q0	6479043#2	0
689517#0	Q0	6479043#0	0
689517#0	Q0	17551#17	0
689517#0	Q0	17551#6	0
689517#0	Q0	5157297#0	0
689517#0	Q0	2168024#4	0
689517#0	Q0	6479043#3	0
6896626#0	Q0	4353707#0	1
6896626#0	Q0	5019765#0	1
6896626#0	Q0	4643436#0	1
6896626#0	Q0	4673515#0	1
6896626#0	Q0	3155868#0	1
6896626#0	Q0	8318142#0	1
6896626#0	Q0	5940631#0	1
6896626#0	Q0	3810715#0	1
6896626#0	Q0	6520646#0	1
6896626#0	Q0	2600202#0	0
6906346#0	Q0	9328615#116	1
6906346#0	Q0	9328615#126	1
6906346#0	Q0	9328615#30	1
6906346#0	Q0	9328615#117	1
6906346#0	Q0	9323186#16	1
6906346#0	Q0	9328615#18	1
6906346#0	Q0	9362571#22	0
6906346#0	Q0	9328615#36	0
6906346#0	Q0	9328615#74	0
6906346#0	Q0	9328615#20	0
6919987#0	Q0	1618006#1	1
6919987#0	Q0	155219#31	1
6919987#0	Q0	616362#14	1
6919987#0	Q0	1618006#6	0
6919987#0	Q0	8466514#5	0
6919987#0	Q0	378676#9	0
6919987#0	Q0	2061545#1	0
6919987#0	Q0	6195257#1	0
6919987#0	Q0	9590915#10	0
6919987#0	Q0	2040728#4	0
6922206#0	Q0	3784807#7	1
6922206#0	Q0	3784807#46	1
6922206#0	Q0	3784807#48	1
6922206#0	Q0	1916927#17	1
6922206#0	Q0	3784807#30	1
6922206#0	Q0	3784807#11	1
6922206#0	Q0	41613#0	1
6922206#0	Q0	1916927#18	1
6922206#0	Q0	1916927#26	1
6922206#0	Q0	7038225#9	0
6924745#0	Q0	4476961#0	1
6924745#0	Q0	82536#18	0
6924745#0	Q0	492671#2	0
6924745#0	Q0	1641#7	0
6924745#0	Q0	7175947#4	0
6924745#0	Q0	5015985#7	0
6924745#0	Q0	157168#7	0
6924745#0	Q0	908#43	0
6924745#0	Q0	5010#51	0
6924745#0	Q0	8474635#1	0
6929#0	Q0	9336554#0	1
6929#0	Q0	9336554#2	1
6929#0	Q0	1322594#5	1
6929#0	Q0	76#0	0
6929#0	Q0	76#19	0
6929#0	Q0	5981277#6	0
6929#0	Q0	1257#8	0
6929#0	Q0	9336554#1	0
6929#0	Q0	47138#14	0
6929#0	Q0	1850344#11	0
693624#0	Q0	972768#0	1
693624#0	Q0	10027623#3	1
693624#0	Q0	149041#47	1
693624#0	Q0	972768#16	1
693624#0	Q0	9509407#5	0
693624#0	Q0	7741181#15	0
693624#0	Q0	6465783#0	0
693624#0	Q0	4181#170	0
693624#0	Q0	1006881#4	0
693624#0	Q0	8394942#5	0
6937985#0	Q0	7803#44	1
6937985#0	Q0	156570#24	1
6937985#0	Q0	69796#0	1
6937985#0	Q0	9998669#5	1
6937985#0	Q0	7803#42	1
6937985#0	Q0	670955#0	1
6937985#0	Q0	7778423#0	1
6937985#0	Q0	69796#2	1
6937985#0	Q0	7789607#0	0
6937985#0	Q0	7767625#5	0
6939235#0	Q0	1345341#0	1
6939235#0	Q0	1217773#6	0
6939235#0	Q0	8825409#0	0
6939235#0	Q0	7162640#2	0
6939235#0	Q0	7887077#59	0
6939235#0	Q0	7162640#0	0
6939235#0	Q0	7162640#5	0
6939235#0	Q0	8726717#0	0
6939235#0	Q0	4359081#0	0
6939235#0	Q0	57279#17	0
6939405#0	Q0	377161#1	1
6939405#0	Q0	617719#0	1
6939405#0	Q0	439609#0	0
6939405#0	Q0	128123#8	0
6939405#0	Q0	8236834#5	0
6939405#0	Q0	8236834#0	0
6939405#0	Q0	412653#0	0
6939405#0	Q0	439609#3	0
6939405#0	Q0	3669378#3	0
6939405#0	Q0	54691#30	0
694151#0	Q0	390905#79	1
694151#0	Q0	390905#82	1
694151#0	Q0	390905#101	1
694151#0	Q0	9398172#6	1
694151#0	Q0	9313734#10	1
694151#0	Q0	53126#0	1
694151#0	Q0	9035928#11	1
694151#0	Q0	1725177#67	1
694151#0	Q0	390905#83	0
694151#0	Q0	5722#23	0
6944347#0	Q0	229852#41	1
6944347#0	Q0	744699#4	1
6944347#0	Q0	60731#15	1
6944347#0	Q0	744699#0	1
6944347#0	Q0	98550#0	0
6944347#0	Q0	314841#3	0
6944347#0	Q0	62817#1	0
6944347#0	Q0	128846#1	0
6944347#0	Q0	165105#14	0
6944347#0	Q0	314841#17	0
6947941#0	Q0	9815420#9	1
6947941#0	Q0	9816038#11	1
6947941#0	Q0	4048683#62	1
6947941#0	Q0	3236574#6	1
6947941#0	Q0	4048683#6	1
6947941#0	Q0	7772054#2	0
6947941#0	Q0	587531#3	0
6947941#0	Q0	533575#15	0
6947941#0	Q0	6855573#2	0
6947941#0	Q0	8455244#1	0
6947977#0	Q0	686865#9	1
6947977#0	Q0	2434336#0	1
6947977#0	Q0	606560#2	1
6947977#0	Q0	8476681#13	0
6947977#0	Q0	9336456#4	0
6947977#0	Q0	8656746#3	0
6947977#0	Q0	579186#9	0
6947977#0	Q0	8476681#19	0
6947977#0	Q0	9739227#1	0
6947977#0	Q0	8655704#2	0
6948269#0	Q0	579372#2	1
6948269#0	Q0	2958619#24	1
6948269#0	Q0	289212#5	1
6948269#0	Q0	476988#3	1
6948269#0	Q0	2209867#4	1
6948269#0	Q0	8433640#15	0
6948269#0	Q0	10003703#3	0
6948269#0	Q0	3167144#0	0
6959432#0	Q0	4004#3	1
6959432#0	Q0	4004#6	1
6959432#0	Q0	4004#27	1
6959432#0	Q0	522715#6	1
6959432#0	Q0	82983#3	1
6959432#0	Q0	4004#2	1
6959432#0	Q0	7578710#5	1
6959432#0	Q0	46482#6	0
6959432#0	Q0	4004#16	0
6959432#0	Q0	46482#5	0
6961541#0	Q0	16689#2	1
6961541#0	Q0	89318#0	0
6961541#0	Q0	184953#43	0
6961541#0	Q0	184953#100	0
6961541#0	Q0	184953#121	0
6961541#0	Q0	2281392#1	0
6961541#0	Q0	5081123#0	0
6961541#0	Q0	184953#79	0
6961541#0	Q0	184953#80	0
6961541#0	Q0	184953#51	0
6962775#0	Q0	5212236#2	1
6962775#0	Q0	717883#0	1
6962775#0	Q0	160216#37	1
6962775#0	Q0	2807382#2	0
6962775#0	Q0	353949#27	0
6962775#0	Q0	2807382#0	0
6962775#0	Q0	994703#2	0
6962775#0	Q0	996715#0	0
6962775#0	Q0	8795616#0	0
6962775#0	Q0	7692225#3	0
6964097#0	Q0	1560004#1	1
6964097#0	Q0	1402804#1	1
6964097#0	Q0	4646644#15	1
6964097#0	Q0	4845700#2	0
6964097#0	Q0	4847971#1	0
6964097#0	Q0	120046#31	0
6964097#0	Q0	4850138#1	0
6964097#0	Q0	668701#75	0
6964097#0	Q0	1011977#28	0
6964097#0	Q0	5769894#9	0
6969702#0	Q0	1555383#0	1
6969702#0	Q0	936593#0	1
6969702#0	Q0	4603033#3	0
6969702#0	Q0	2420868#3	0
6969702#0	Q0	2420798#0	0
6969702#0	Q0	936593#2	0
6969702#0	Q0	169905#5	0
6969702#0	Q0	2420798#2	0
6969702#0	Q0	241448#22	0
6969702#0	Q0	704592#1	0
6970232#0	Q0	2965026#2	1
6970232#0	Q0	4322447#0	1
6970232#0	Q0	2658410#31	1
6970232#0	Q0	45219#1	1
6970232#0	Q0	3001756#0	1
6970232#0	Q0	2658410#22	1
6970232#0	Q0	1888798#0	1
6970232#0	Q0	7237527#0	1
6970232#0	Q0	135050#8	0
6970232#0	Q0	9434755#5	0
6976420#0	Q0	6397785#2	1
6976420#0	Q0	1848877#5	1
6976420#0	Q0	7614#40	1
6976420#0	Q0	482116#8	1
6976420#0	Q0	1848877#7	1
6976420#0	Q0	6397785#0	1
6976420#0	Q0	854245#36	1
6976420#0	Q0	1351870#84	1
6976420#0	Q0	7694#7	1
6976420#0	Q0	117167#3	0
6977098#0	Q0	38150#0	1
6977098#0	Q0	38150#28	0
6977098#0	Q0	38150#7	0
6977098#0	Q0	9872629#0	0
6977098#0	Q0	1297319#7	0
6977098#0	Q0	38150#2	0
6977098#0	Q0	6230403#1	0
6977098#0	Q0	1309012#1	0
6977098#0	Q0	445218#0	0
6977098#0	Q0	9857130#18	0
6989487#0	Q0	6989487#0	1
6989487#0	Q0	1676693#0	0
6989487#0	Q0	1107774#0	0
6989487#0	Q0	644696#0	0
6989487#0	Q0	1100250#0	0
6989487#0	Q0	1096349#0	0
6989487#0	Q0	937108#0	0
6989487#0	Q0	1100494#0	0
6989487#0	Q0	1090140#0	0
6989487#0	Q0	3690094#0	0
6995826#0	Q0	127997#27	1
6995826#0	Q0	127997#6	0
6995826#0	Q0	127997#17	0
6995826#0	Q0	127997#15	0
6995826#0	Q0	127997#12	0
6995826#0	Q0	127997#2	0
6995826#0	Q0	5632688#10	0
6995826#0	Q0	127997#0	0
6995826#0	Q0	127997#3	0
6995826#0	Q0	4680831#1	0
6997976#0	Q0	1247599#33	1
6997976#0	Q0	7782#85	1
6997976#0	Q0	789827#12	1
6997976#0	Q0	7782#5	1
6997976#0	Q0	789827#1	1
6997976#0	Q0	789827#4	1
6997976#0	Q0	5166823#3	1
6997976#0	Q0	7521154#0	0
6997976#0	Q0	1794125#3	0
6997976#0	Q0	25868#3	0
700441#0	Q0	8470441#18	1
700441#0	Q0	8003#0	1
700441#0	Q0	8824288#0	1
700441#0	Q0	8003#30	1
700441#0	Q0	8829667#8	1
700441#0	Q0	145266#8	1
700441#0	Q0	8021257#12	1
700441#0	Q0	8003#70	1
700441#0	Q0	145266#0	1
700441#0	Q0	8829667#1	0
7017775#0	Q0	6963745#0	1
7017775#0	Q0	6963745#3	1
7017775#0	Q0	6963745#6	1
7017775#0	Q0	6963745#4	1
7017775#0	Q0	6963745#5	1
7017775#0	Q0	6963745#2	1
7017775#0	Q0	6963745#1	1
7017775#0	Q0	6963745#10	1
7017775#0	Q0	6963745#7	0
7017775#0	Q0	9605176#0	0
7021103#0	Q0	9785345#7	1
7021103#0	Q0	4578192#25	0
7021103#0	Q0	4188154#7	0
7021103#0	Q0	1525126#1	0
7021103#0	Q0	3772758#7	0
7021103#0	Q0	145603#0	0
7021103#0	Q0	353486#15	0
7021103#0	Q0	100720#0	0
7021103#0	Q0	328689#2	0
7027895#0	Q0	4840803#0	1
7027895#0	Q0	54927#0	1
7027895#0	Q0	976421#0	0
7027895#0	Q0	133255#5	0
7027895#0	Q0	161834#2	0
7027895#0	Q0	2955685#0	0
7027895#0	Q0	6015002#4	0
7027895#0	Q0	1935976#0	0
7027895#0	Q0	4561325#0	0
7027895#0	Q0	441086#2	0
7028398#0	Q0	5232588#0	1
7028398#0	Q0	1979167#45	1
7028398#0	Q0	128099#32	1
7028398#0	Q0	5232588#4	1
7028398#0	Q0	87663#4	1
7028398#0	Q0	3894#55	0
7028398#0	Q0	5232588#1	0
7028398#0	Q0	733352#8	0
7028398#0	Q0	2574388#7	0
7028398#0	Q0	206369#39	0
7035758#0	Q0	6874123#3	1
7035758#0	Q0	665629#0	0
7035758#0	Q0	65292#0	0
7035758#0	Q0	40430#0	0
7035758#0	Q0	1597#0	0
7035758#0	Q0	7746368#1	0
7035758#0	Q0	1766#3	0
7035758#0	Q0	19268#4	0
7035758#0	Q0	9559374#11	0
7035758#0	Q0	4612718#3	0
7036314#0	Q0	2582555#6	1
7036314#0	Q0	9764103#0	1
7036314#0	Q0	2582555#11	1
7036314#0	Q0	8615738#1	0
7036314#0	Q0	9630185#19	0
7036314#0	Q0	749596#18	0
7036314#0	Q0	2001705#3	0
7036314#0	Q0	10152846#1	0
7036314#0	Q0	2020220#5	0
7036314#0	Q0	14035#1	0
7036385#0	Q0	8609#5	1
7036385#0	Q0	2212276#12	1
7036385#0	Q0	8502889#4	1
7036385#0	Q0	8582479#12	0
7036385#0	Q0	3904973#24	0
7036385#0	Q0	7509550#8	0
7036385#0	Q0	7367876#48	0
7036385#0	Q0	9779561#23	0
7036385#0	Q0	1304914#15	0
7036385#0	Q0	10086319#16	0
7040004#0	Q0	325620#4	1
7040004#0	Q0	325620#0	1
7040004#0	Q0	325620#5	1
7040004#0	Q0	325620#3	1
7040004#0	Q0	325620#19	0
7040004#0	Q0	325620#13	0
7040004#0	Q0	325620#8	0
7040004#0	Q0	325620#18	0
7040004#0	Q0	325620#14	0
7040004#0	Q0	325620#15	0
7046713#0	Q0	5266392#3	1
7046713#0	Q0	5266392#2	1
7046713#0	Q0	210921#27	1
7046713#0	Q0	1090751#10	1
7046713#0	Q0	249546#8	0
7046713#0	Q0	5266392#4	0
7046713#0	Q0	5266392#0	0
7046713#0	Q0	5266392#1	0
7046713#0	Q0	1502057#0	0
7046713#0	Q0	6944383#12	0
7060329#0	Q0	4535158#1	1
7060329#0	Q0	6573425#1	0
7060329#0	Q0	3589357#1	0
7060329#0	Q0	2971657#1	0
7060329#0	Q0	2487153#0	0
7060329#0	Q0	6573425#3	0
7060329#0	Q0	9320754#1	0
7060329#0	Q0	5211957#3	0
7060329#0	Q0	1236395#1	0
7060329#0	Q0	696108#11	0
7062333#0	Q0	262378#1	1
7062333#0	Q0	218240#32	1
7062333#0	Q0	9999448#5	1
7062333#0	Q0	2475#28	1
7062333#0	Q0	2475#3	0
7062333#0	Q0	2010272#0	0
7062333#0	Q0	9637309#1	0
7062333#0	Q0	226535#46	0
7062333#0	Q0	612608#8	0
7062333#0	Q0	111911#37	0
7062645#0	Q0	6119846#8	1
7062645#0	Q0	3328953#8	0
7062645#0	Q0	82536#7	0
7062645#0	Q0	2917866#7	0
7062645#0	Q0	8676425#1	0
7062645#0	Q0	1240956#1	0
7062645#0	Q0	9580884#1	0
7062645#0	Q0	4406629#2	0
7062645#0	Q0	5909236#3	0
7062645#0	Q0	4948240#4	0
7084705#0	Q0	1462608#0	1
7084705#0	Q0	43441#13	1
7084705#0	Q0	623261#31	1
7084705#0	Q0	9346558#3	0
7084705#0	Q0	7456479#70	0
7084705#0	Q0	10067769#4	0
7084705#0	Q0	246775#12	0
7084705#0	Q0	10150428#5	0
7084705#0	Q0	8149673#6	0
7084705#0	Q0	9327811#3	0
708603#0	Q0	2730693#2	1
708603#0	Q0	2730693#1	1
708603#0	Q0	2730693#0	1
708603#0	Q0	340672#2	1
708603#0	Q0	2730693#5	1
708603#0	Q0	21390#22	1
708603#0	Q0	2730693#6	1
708603#0	Q0	477681#1	0
708603#0	Q0	399186#0	0
708603#0	Q0	3916331#0	0
7091003#0	Q0	94527#2	1
7091003#0	Q0	1713299#5	1
7091003#0	Q0	94527#7	1
7091003#0	Q0	94527#3	1
7091003#0	Q0	94527#0	0
7091003#0	Q0	2732064#0	0
7091003#0	Q0	4261484#0	0
7091003#0	Q0	436511#0	0
7091003#0	Q0	94527#1	0
7091003#0	Q0	383599#6	0
7092906#0	Q0	4825910#1	1
7092906#0	Q0	1817266#2	0
7092906#0	Q0	2256357#1	0
7092906#0	Q0	1645921#13	0
7092906#0	Q0	2590225#4	0
7092906#0	Q0	362760#33	0
7092906#0	Q0	9594067#1	0
7092906#0	Q0	7742031#2	0
7092906#0	Q0	7746375#1	0
7092906#0	Q0	5366400#23	0
7095933#0	Q0	9681314#32	1
7095933#0	Q0	4027098#3	1
7095933#0	Q0	577096#35	0
7095933#0	Q0	295360#2	0
7095933#0	Q0	1674494#0	0
7095933#0	Q0	433354#2	0
7095933#0	Q0	1674494#2	0
7095933#0	Q0	9940353#7	0
7095933#0	Q0	9159208#4	0
7095933#0	Q0	1835465#3	0
711005#0	Q0	186743#2	1
711005#0	Q0	10104423#3	1
711005#0	Q0	623174#9	1
711005#0	Q0	186743#13	1
711005#0	Q0	58471#157	1
711005#0	Q0	1222750#1	0
711005#0	Q0	188588#17	0
711005#0	Q0	186743#0	0
711005#0	Q0	17801#125	0
711005#0	Q0	186743#7	0
7113381#0	Q0	7113381#2	1
7113381#0	Q0	7113381#1	1
7113381#0	Q0	7113381#4	0
7113381#0	Q0	839269#7	0
7113381#0	Q0	7724738#5	0
7113381#0	Q0	4192882#39	0
7113381#0	Q0	9892418#3	0
7113381#0	Q0	426821#8	0
7113381#0	Q0	4438701#3	0
7113381#0	Q0	9899953#1	0
7125014#0	Q0	1509#117	1
7125014#0	Q0	2802247#6	0
7125014#0	Q0	562284#7	0
7125014#0	Q0	9972885#0	0
7125014#0	Q0	4868510#44	0
7125014#0	Q0	4456#19	0
7125014#0	Q0	36#44	0
7125014#0	Q0	4567853#12	0
7128152#0	Q0	5129#268	1
7128152#0	Q0	4372639#80	1
7128152#0	Q0	4372639#55	1
7128152#0	Q0	4372639#67	1
7128152#0	Q0	7036530#21	1
7128152#0	Q0	4372639#104	1
7128152#0	Q0	4372639#73	1
7128152#0	Q0	4372639#81	1
7128152#0	Q0	4372639#7	0
7128152#0	Q0	9355572#10	0
7130546#0	Q0	21892#6	1
7130546#0	Q0	19247#16	1
7130546#0	Q0	6988259#18	1
7130546#0	Q0	19247#1	1
7130546#0	Q0	1619#0	1
7130546#0	Q0	1236#8	1
7130546#0	Q0	2887#11	1
7130546#0	Q0	722835#5	1
7130546#0	Q0	191786#0	0
7130546#0	Q0	8070#14	0
7141623#0	Q0	5127960#2	1
7141623#0	Q0	5127960#3	1
7141623#0	Q0	4308173#0	1
7141623#0	Q0	130385#2	1
7141623#0	Q0	5127960#1	0
7141623#0	Q0	130385#0	0
7141623#0	Q0	301467#0	0
7141623#0	Q0	130385#15	0
7141623#0	Q0	856761#13	0
7141623#0	Q0	32340#0	0
7145996#0	Q0	995485#16	1
7145996#0	Q0	6997387#0	1
7145996#0	Q0	995485#0	1
7145996#0	Q0	6997387#6	1
7145996#0	Q0	128679#3	0
7145996#0	Q0	995485#2	0
7145996#0	Q0	995485#9	0
7145996#0	Q0	6997387#2	0
7145996#0	Q0	995485#13	0
7145996#0	Q0	5054673#3	0
7158449#0	Q0	7158449#0	1
7158449#0	Q0	7158449#1	1
7158449#0	Q0	258654#2	1
7158449#0	Q0	258654#25	0
7158449#0	Q0	258654#24	0
7158449#0	Q0	316111#2	0
7158449#0	Q0	258654#19	0
7158449#0	Q0	368741#17	0
7158449#0	Q0	841886#6	0
7158449#0	Q0	5162244#10	0
717800#0	Q0	9981210#10	1
717800#0	Q0	94540#5	0
717800#0	Q0	5452055#13	0
717800#0	Q0	1041217#17	0
717800#0	Q0	42913#6	0
717800#0	Q0	3325833#6	0
717800#0	Q0	5988225#51	0
717800#0	Q0	1611369#0	0
717800#0	Q0	42913#7	0
717800#0	Q0	49719#0	0
7180397#0	Q0	8590#35	1
7180397#0	Q0	6849281#9	1
7180397#0	Q0	25474#39	1
7180397#0	Q0	10005#10	1
7180397#0	Q0	147283#3	1
7180397#0	Q0	3423145#1	0
7180397#0	Q0	9406128#0	0
7180397#0	Q0	9971434#2	0
7180397#0	Q0	7356814#0	0
7180397#0	Q0	7140923#16	0
718121#0	Q0	9423396#1	1
718121#0	Q0	6671#0	1
718121#0	Q0	6671#11	1
718121#0	Q0	6671#113	1
718121#0	Q0	4561499#0	1
718121#0	Q0	6671#8	1
718121#0	Q0	6671#43	1
718121#0	Q0	9423396#0	0
718121#0	Q0	266705#0	0
718121#0	Q0	6671#1	0
7195669#0	Q0	1076824#110	1
7195669#0	Q0	1076824#34	1
7195669#0	Q0	7886808#22	1
7195669#0	Q0	7006537#21	1
7195669#0	Q0	6993929#0	1
7195669#0	Q0	7965022#7	1
7195669#0	Q0	1076824#21	0
7195669#0	Q0	1076824#105	0
7195669#0	Q0	1076824#95	0
7195669#0	Q0	1076824#71	0
7196832#0	Q0	45926#16	1
7196832#0	Q0	2844183#0	1
7196832#0	Q0	9857241#4	1
7196832#0	Q0	603616#20	1
7196832#0	Q0	9857241#5	1
7196832#0	Q0	8885463#5	0
7196832#0	Q0	7722#33	0
7196832#0	Q0	9409710#1	0
7196832#0	Q0	2332726#4	0
7196832#0	Q0	2791028#43	0
720005#0	Q0	3297868#11	1
720005#0	Q0	720005#0	1
720005#0	Q0	3297868#0	1
720005#0	Q0	720005#8	1
720005#0	Q0	720005#1	0
720005#0	Q0	720005#5	0
720005#0	Q0	901833#21	0
720005#0	Q0	6051123#22	0
720005#0	Q0	9884410#7	0
720005#0	Q0	306921#2	0
7201444#0	Q0	58836#11	1
7201444#0	Q0	58836#16	1
7201444#0	Q0	58836#4	1
7201444#0	Q0	58836#1	1
7201444#0	Q0	1875625#4	1
7201444#0	Q0	58836#2	1
7201444#0	Q0	10027888#4	1
7201444#0	Q0	58836#8	1
7201444#0	Q0	1337057#1	0
7201444#0	Q0	58836#17	0
72027#0	Q0	76#0	1
72027#0	Q0	76#19	1
72027#0	Q0	9336554#0	1
72027#0	Q0	7556211#20	1
72027#0	Q0	7556211#21	1
72027#0	Q0	76#3	1
72027#0	Q0	1850344#9	1
72027#0	Q0	1257#0	1
72027#0	Q0	1850344#11	0
72027#0	Q0	318470#1	0
7203394#0	Q0	579387#0	1
7203394#0	Q0	4595625#1	1
7203394#0	Q0	579387#4	1
7203394#0	Q0	1710929#19	1
7203394#0	Q0	1710929#41	1
7203394#0	Q0	1408068#16	0
7203394#0	Q0	5782795#0	0
7203394#0	Q0	290554#4	0
7203394#0	Q0	5590474#2	0
7203394#0	Q0	579387#5	0
7203944#0	Q0	6101748#1	1
7203944#0	Q0	198164#0	1
7203944#0	Q0	23506#65	1
7203944#0	Q0	624413#7	1
7203944#0	Q0	7289377#1	1
7203944#0	Q0	4357#3	0
7203944#0	Q0	23506#0	0
7203944#0	Q0	520547#34	0
7203944#0	Q0	71910#27	0
7203944#0	Q0	13001#7	0
7207083#0	Q0	92360#10	1
7207083#0	Q0	3166249#49	1
7207083#0	Q0	92360#12	1
7207083#0	Q0	3633225#5	0
7207083#0	Q0	4430214#2	0
7207083#0	Q0	92360#0	0
7207083#0	Q0	92360#1	0
7207083#0	Q0	92360#11	0
7207083#0	Q0	92360#3	0
7207083#0	Q0	92360#15	0
7208619#0	Q0	4360000#9	1
7208619#0	Q0	3561785#0	1
7208619#0	Q0	3795336#28	0
7208619#0	Q0	2462778#0	0
7208619#0	Q0	5994368#15	0
7208619#0	Q0	2593821#0	0
7208619#0	Q0	1040584#11	0
7208619#0	Q0	3383927#0	0
7208619#0	Q0	1148291#0	0
7208619#0	Q0	2119362#0	0
7212242#0	Q0	8803978#9	1
7212242#0	Q0	3823#7	1
7212242#0	Q0	233863#0	1
7212242#0	Q0	579961#43	1
7212242#0	Q0	3091946#0	1
7212242#0	Q0	3823#69	0
7212242#0	Q0	8384654#32	0
7212242#0	Q0	233863#81	0
7212242#0	Q0	1408399#8	0
7212242#0	Q0	580125#32	0
7217962#0	Q0	17768#3	1
7217962#0	Q0	7304983#4	1
7217962#0	Q0	10484#76	1
7217962#0	Q0	4316903#39	1
7217962#0	Q0	8025397#6	0
7217962#0	Q0	4631793#3	0
7217962#0	Q0	214182#6	0
7217962#0	Q0	7304983#2	0
7217962#0	Q0	6107108#13	0
7217962#0	Q0	1172878#4	0
7218763#0	Q0	6893351#42	1
7218763#0	Q0	5270230#1	1
7218763#0	Q0	2770552#5	1
7218763#0	Q0	2218424#0	1
7218763#0	Q0	10010384#0	1
7218763#0	Q0	4294816#3	1
7218763#0	Q0	9964437#0	1
7218763#0	Q0	57657#8	1
7218763#0	Q0	5288141#1	1
7218763#0	Q0	4289599#1	1
7221650#0	Q0	194109#2	1
7221650#0	Q0	194109#3	1
7221650#0	Q0	194109#0	1
7221650#0	Q0	341756#1	1
7221650#0	Q0	194109#5	1
7221650#0	Q0	194109#4	0
7221650#0	Q0	194109#1	0
7221650#0	Q0	341756#0	0
7221650#0	Q0	7349519#1	0
7221650#0	Q0	7349525#1	0
7226120#0	Q0	61056#55	1
7226120#0	Q0	7805922#3	1
7226120#0	Q0	61056#32	1
7226120#0	Q0	8498732#1	1
7226120#0	Q0	7782838#0	1
7226120#0	Q0	61056#51	0
7226120#0	Q0	5510170#12	0
7226120#0	Q0	7375#1	0
7226120#0	Q0	271#151	0
7226120#0	Q0	6516#23	0
7227735#0	Q0	27973#9	1
7227735#0	Q0	27973#2	1
7227735#0	Q0	3446237#1	1
7227735#0	Q0	27973#8	1
7227735#0	Q0	27973#6	1
7227735#0	Q0	125484#3	0
7227735#0	Q0	125484#13	0
7227735#0	Q0	140676#3	0
7227735#0	Q0	8597254#13	0
7227735#0	Q0	129968#14	0
7228760#0	Q0	1013980#0	1
7228760#0	Q0	2986606#1	1
7228760#0	Q0	5451836#1	1
7228760#0	Q0	4844996#1	0
7228760#0	Q0	1675976#1	0
7228760#0	Q0	382757#0	0
7228760#0	Q0	751424#3	0
7228760#0	Q0	6977315#1	0
7228760#0	Q0	2423792#5	0
7228760#0	Q0	1253146#1	0
7228954#0	Q0	3015038#5	1
7228954#0	Q0	243312#0	1
7228954#0	Q0	3015038#0	1
7228954#0	Q0	243312#3	1
7228954#0	Q0	243312#1	1
7228954#0	Q0	3015038#4	0
7228954#0	Q0	21280#11	0
7228954#0	Q0	8277989#2	0
7228954#0	Q0	8277989#1	0
7228954#0	Q0	1289098#0	0
7229581#0	Q0	9978446#27	1
7229581#0	Q0	182540#13	1
7229581#0	Q0	9978446#47	0
7229581#0	Q0	214399#4	0
7229581#0	Q0	43257#63	0
7229581#0	Q0	43257#2	0
7229581#0	Q0	9978446#45	0
7229581#0	Q0	61576#21	0
7229581#0	Q0	43257#0	0
7229581#0	Q0	9978446#5	0
7232113#0	Q0	1624734#0	1
7232113#0	Q0	4914784#0	0
7232113#0	Q0	4115384#3	0
7232113#0	Q0	1624734#4	0
7232113#0	Q0	4115384#4	0
7232113#0	Q0	1624734#63	0
7232113#0	Q0	1624734#61	0
7232113#0	Q0	1624734#43	0
7232113#0	Q0	1624734#19	0
7232113#0	Q0	1624734#59	0
7232827#0	Q0	1339763#0	1
7232827#0	Q0	1353781#30	1
7232827#0	Q0	345353#40	1
7232827#0	Q0	1339763#2	1
7232827#0	Q0	4786843#0	1
7232827#0	Q0	1339763#6	0
7232827#0	Q0	1339763#1	0
7232827#0	Q0	1339763#4	0
7232827#0	Q0	1339763#17	0
7232827#0	Q0	1339763#3	0
7240155#0	Q0	246341#11	1
7240155#0	Q0	235279#12	1
7240155#0	Q0	235279#5	1
7240155#0	Q0	5216559#4	0
7240155#0	Q0	954380#2	0
7240155#0	Q0	5301985#5	0
7240155#0	Q0	246341#10	0
7240155#0	Q0	1319302#7	0
7240155#0	Q0	521031#5	0
7240155#0	Q0	235279#1	0
7240701#0	Q0	135710#1	1
7240701#0	Q0	135710#9	1
7240701#0	Q0	135710#13	1
7240701#0	Q0	135710#0	1
7240701#0	Q0	135710#10	1
7240701#0	Q0	135710#6	1
7240701#0	Q0	135710#12	1
7240701#0	Q0	705407#3	1
7240701#0	Q0	705407#6	1
7240701#0	Q0	8477513#9	1
7249029#0	Q0	4374646#1	1
7249029#0	Q0	4374646#0	1
7249029#0	Q0	36512#6	1
7249029#0	Q0	5138941#3	1
7249029#0	Q0	4374646#2	1
7249029#0	Q0	206927#34	1
7249029#0	Q0	27713#3	1
7249029#0	Q0	97860#26	0
7249029#0	Q0	36518#5	0
7249029#0	Q0	165876#1	0
725249#0	Q0	9699#0	1
725249#0	Q0	564#33	1
725249#0	Q0	8671679#1	1
725249#0	Q0	9699#10	1
725249#0	Q0	2630664#15	1
725249#0	Q0	9025265#2	1
725249#0	Q0	564#37	1
725249#0	Q0	9699#7	1
725249#0	Q0	8671679#0	0
725249#0	Q0	9699#38	0
7253369#0	Q0	1665#30	1
7253369#0	Q0	1521017#7	1
7253369#0	Q0	338312#0	1
7253369#0	Q0	42367#9	1
7253369#0	Q0	614572#1	1
7253369#0	Q0	338312#8	1
7253369#0	Q0	6820986#0	1
7253369#0	Q0	614572#3	1
7253369#0	Q0	8833587#7	1
7253369#0	Q0	294584#1	0
725831#0	Q0	10148329#4	1
725831#0	Q0	3007451#0	1
725831#0	Q0	10148329#0	0
725831#0	Q0	10148329#3	0
725831#0	Q0	4760971#3	0
725831#0	Q0	10148329#2	0
725831#0	Q0	6859797#3	0
725831#0	Q0	8930959#2	0
725831#0	Q0	2048584#0	0
725831#0	Q0	7946676#5	0
7258925#0	Q0	10033279#9	1
7258925#0	Q0	6826926#0	1
7258925#0	Q0	9484744#1	1
7258925#0	Q0	45477#0	1
7258925#0	Q0	6905072#6	0
7258925#0	Q0	7929900#5	0
7258925#0	Q0	3962073#1	0
7258925#0	Q0	2191350#1	0
7258925#0	Q0	2467545#1	0
7258925#0	Q0	2496697#15	0
7263715#0	Q0	6927074#1	1
7263715#0	Q0	6927074#8	1
7263715#0	Q0	459001#28	1
7263715#0	Q0	6927074#14	1
7263715#0	Q0	6927074#2	1
7263715#0	Q0	171420#1	1
7263715#0	Q0	41537#0	1
7263715#0	Q0	475142#4	0
7263715#0	Q0	8458646#3	0
7263715#0	Q0	4464793#3	0
7266965#0	Q0	174186#47	1
7266965#0	Q0	8998010#6	1
7266965#0	Q0	8064647#4	0
7266965#0	Q0	8064647#0	0
7266965#0	Q0	7528699#0	0
7266965#0	Q0	8217562#0	0
7266965#0	Q0	8064582#3	0
7266965#0	Q0	148239#10	0
7266965#0	Q0	3195340#0	0
7266965#0	Q0	7528699#1	0
7267155#0	Q0	5059#23	1
7267155#0	Q0	2054#19	1
7267155#0	Q0	1008#32	1
7267155#0	Q0	80#75	1
7267155#0	Q0	228184#12	1
7267155#0	Q0	226305#5	1
7267155#0	Q0	9987945#17	1
7267155#0	Q0	5277812#0	0
7267155#0	Q0	5059#0	0
7267155#0	Q0	226305#1	0
7277179#0	Q0	1354376#9	1
7277179#0	Q0	1354376#2	1
7277179#0	Q0	1354376#7	1
7277179#0	Q0	2393068#6	1
7277179#0	Q0	1354376#0	0
7277179#0	Q0	5635698#3	0
7277179#0	Q0	437079#33	0
7277179#0	Q0	437079#22	0
7277179#0	Q0	437079#1	0
7277179#0	Q0	1354376#3	0
7281240#0	Q0	4729#16	1
7281240#0	Q0	823134#26	1
7281240#0	Q0	4729#10	1
7281240#0	Q0	4729#15	0
7281240#0	Q0	9574219#2	0
7281240#0	Q0	4729#122	0
7281240#0	Q0	823134#21	0
7281240#0	Q0	6331138#6	0
7281240#0	Q0	4891295#6	0
7281240#0	Q0	823134#23	0
7288391#0	Q0	51876#0	1
7288391#0	Q0	51876#5	1
7288391#0	Q0	10010194#4	1
7288391#0	Q0	51876#1	1
7288391#0	Q0	51876#8	1
7288391#0	Q0	51876#12	1
7288391#0	Q0	51876#27	1
7288391#0	Q0	51876#19	1
7288391#0	Q0	156729#10	0
7288391#0	Q0	1240149#0	0
729096#0	Q0	248358#0	1
729096#0	Q0	290703#0	1
729096#0	Q0	290703#2	1
729096#0	Q0	248358#4	1
729096#0	Q0	290703#3	1
729096#0	Q0	1594901#0	0
729096#0	Q0	290703#6	0
729096#0	Q0	1598582#0	0
729096#0	Q0	248358#3	0
729096#0	Q0	7958#63	0
730078#0	Q0	4799073#1	1
730078#0	Q0	4799073#64	1
730078#0	Q0	503228#0	1
730078#0	Q0	8778869#3	1
730078#0	Q0	4799073#0	1
730078#0	Q0	8778869#4	1
730078#0	Q0	8778869#1	1
730078#0	Q0	8778869#16	1
730078#0	Q0	4799073#19	1
730078#0	Q0	4799073#60	1
7309380#0	Q0	3947484#6	1
7309380#0	Q0	8374115#3	1
7309380#0	Q0	48641#16	1
7309380#0	Q0	8802196#9	1
7309380#0	Q0	5972649#1	1
7309380#0	Q0	3947484#1	0
7309380#0	Q0	8920720#1	0
7309380#0	Q0	7759361#1	0
7309380#0	Q0	7888768#5	0
7309380#0	Q0	8113141#2	0
7316862#0	Q0	7214757#29	1
7316862#0	Q0	283355#1	0
7316862#0	Q0	10122738#0	0
7316862#0	Q0	5867815#2	0
7316862#0	Q0	4953929#16	0
7316862#0	Q0	10122738#4	0
7316862#0	Q0	10081242#9	0
7316862#0	Q0	33#38	0
7316862#0	Q0	10125056#1	0
7316862#0	Q0	305438#6	0
7318202#0	Q0	5157655#13	1
7318202#0	Q0	5693333#2	1
7318202#0	Q0	8574324#4	0
7318202#0	Q0	5693333#1	0
7318202#0	Q0	4288011#29	0
7318202#0	Q0	6614739#2	0
7318202#0	Q0	6893825#0	0
7318202#0	Q0	6893825#6	0
7318202#0	Q0	6474966#6	0
7318202#0	Q0	6474966#0	0
7336427#0	Q0	7336499#0	1
7336427#0	Q0	8184132#3	1
7336427#0	Q0	9674163#2	1
7336427#0	Q0	2192099#8	1
7336427#0	Q0	48592#14	1
7336427#0	Q0	6940647#45	1
7336427#0	Q0	2192099#0	0
7336427#0	Q0	1559173#0	0
7336427#0	Q0	8184132#4	0
7336427#0	Q0	8184132#7	0
7341195#0	Q0	7803644#0	1
7341195#0	Q0	7801075#2	0
7341195#0	Q0	5704216#0	0
7341195#0	Q0	7341181#1	0
7341195#0	Q0	7340969#0	0
7341195#0	Q0	7340982#0	0
7341195#0	Q0	7340012#0	0
7341195#0	Q0	7803662#0	0
7341195#0	Q0	7340982#1	0
7341195#0	Q0	9581885#5	0
7343592#0	Q0	549711#6	1
7343592#0	Q0	1535208#29	0
7343592#0	Q0	102076#12	0
7343592#0	Q0	3914663#1	0
7343592#0	Q0	7858003#18	0
7343592#0	Q0	8915#59	0
7343592#0	Q0	5698908#7	0
7343592#0	Q0	6142587#10	0
7343592#0	Q0	7306692#5	0
7343592#0	Q0	107207#7	0
7344627#0	Q0	666034#10	1
7344627#0	Q0	7042424#2	1
7344627#0	Q0	6217363#41	1
7344627#0	Q0	9850410#0	1
7344627#0	Q0	5673295#14	1
7344627#0	Q0	6336925#22	1
7344627#0	Q0	6217363#39	0
7344627#0	Q0	9928610#7	0
7344627#0	Q0	450263#18	0
7344627#0	Q0	9882364#4	0
7347#0	Q0	7348#3	1
7347#0	Q0	7348#27	1
7347#0	Q0	3096630#1	1
7347#0	Q0	1713868#5	1
7347#0	Q0	7348#35	1
7347#0	Q0	7348#41	1
7347#0	Q0	7348#39	1
7347#0	Q0	7348#42	1
7347#0	Q0	3096630#2	1
7347#0	Q0	2332180#0	1
7353479#0	Q0	16373#13	1
7353479#0	Q0	112191#4	1
7353479#0	Q0	112191#1	1
7353479#0	Q0	112191#5	1
7353479#0	Q0	7255815#101	1
7353479#0	Q0	262#47	1
7353479#0	Q0	112191#0	1
7353479#0	Q0	112191#10	1
7353479#0	Q0	112191#43	0
7353479#0	Q0	1378616#7	0
7362546#0	Q0	95347#9	1
7362546#0	Q0	1327741#0	1
7362546#0	Q0	95347#0	1
7362546#0	Q0	429062#35	1
7362546#0	Q0	1641063#8	1
7362546#0	Q0	66605#33	1
7362546#0	Q0	327577#21	0
7362546#0	Q0	1327741#25	0
7362546#0	Q0	1373352#8	0
7362546#0	Q0	461552#0	0
7368168#0	Q0	428903#73	1
7368168#0	Q0	1144189#1	0
7368168#0	Q0	667178#17	0
7368168#0	Q0	552283#20	0
7368168#0	Q0	10171428#5	0
7368168#0	Q0	863814#4	0
7368168#0	Q0	9340132#2	0
7368168#0	Q0	4264397#16	0
7368168#0	Q0	9435956#13	0
7368168#0	Q0	3302383#20	0
7368452#0	Q0	634955#7	1
7368452#0	Q0	10648#0	1
7368452#0	Q0	178492#1	1
7368452#0	Q0	1251579#8	1
7368452#0	Q0	4193159#4	1
7368452#0	Q0	5680146#22	1
7368452#0	Q0	682249#14	0
7368452#0	Q0	77954#40	0
7368452#0	Q0	634955#5	0
7368452#0	Q0	825697#5	0
737069#0	Q0	11451#14	1
737069#0	Q0	3805251#1	1
737069#0	Q0	3805251#4	1
737069#0	Q0	2444645#47	1
737069#0	Q0	7568991#3	1
737069#0	Q0	8768924#3	1
737069#0	Q0	9532018#0	1
737069#0	Q0	3805251#2	1
737069#0	Q0	11451#0	1
737069#0	Q0	2730#6	1
7376178#0	Q0	788003#0	1
7376178#0	Q0	788003#3	1
7376178#0	Q0	68381#30	1
7376178#0	Q0	834599#0	1
7376178#0	Q0	834636#0	1
7376178#0	Q0	68381#20	1
7376178#0	Q0	68381#12	1
7376178#0	Q0	68381#11	1
7376178#0	Q0	832068#0	1
7376178#0	Q0	68381#0	0
7379449#0	Q0	695019#2	1
7379449#0	Q0	695019#0	1
7379449#0	Q0	2110173#9	1
7379449#0	Q0	695019#34	1
7379449#0	Q0	3293839#0	1
7379449#0	Q0	563471#26	0
7379449#0	Q0	7593166#10	0
7379449#0	Q0	4946268#3	0
7379449#0	Q0	9909277#0	0
7379449#0	Q0	9734473#25	0
7379685#0	Q0	2604724#3	1
7379685#0	Q0	1045293#23	1
7379685#0	Q0	2604724#0	0
7379685#0	Q0	2604724#4	0
7379685#0	Q0	2370456#20	0
7379685#0	Q0	2604724#1	0
7379685#0	Q0	2604724#2	0
7379685#0	Q0	2388342#3	0
7379685#0	Q0	8113278#3	0
7379685#0	Q0	8111038#7	0
7380296#0	Q0	4172016#33	1
7380296#0	Q0	4172016#36	1
7380296#0	Q0	5373#11	1
7380296#0	Q0	5374#7	1
7380296#0	Q0	1305051#54	0
7380296#0	Q0	5373#8	0
7380296#0	Q0	4186787#4	0
7380296#0	Q0	1823965#4	0
7380296#0	Q0	70130#4	0
7380296#0	Q0	1823965#5	0
7383765#0	Q0	308017#0	1
7383765#0	Q0	407896#28	1
7383765#0	Q0	277611#11	1
7383765#0	Q0	9676170#10	1
7383765#0	Q0	1564221#0	1
7383765#0	Q0	6893490#15	1
7383765#0	Q0	4694348#0	1
7383765#0	Q0	39933#3	1
7383765#0	Q0	4694348#1	0
7383765#0	Q0	8159907#0	0
7391555#0	Q0	7391555#5	1
7391555#0	Q0	7391555#1	0
7391555#0	Q0	7391555#0	0
7391555#0	Q0	7391555#7	0
7391555#0	Q0	7391555#4	0
7391555#0	Q0	7391555#11	0
7391555#0	Q0	7391555#2	0
7391555#0	Q0	7391555#8	0
7391555#0	Q0	7391555#12	0
7391555#0	Q0	7391555#3	0
7391598#0	Q0	1068485#4	1
7391598#0	Q0	1068485#0	1
7391598#0	Q0	7289368#7	1
7391598#0	Q0	1068485#1	1
7391598#0	Q0	11636#30	1
7391598#0	Q0	11636#46	1
7391598#0	Q0	11636#31	1
7391598#0	Q0	59001#25	0
7391598#0	Q0	5353309#0	0
7391598#0	Q0	1028075#3	0
7395826#0	Q0	5087615#0	1
7395826#0	Q0	5116796#17	1
7395826#0	Q0	5639498#8	1
7395826#0	Q0	87656#33	1
7395826#0	Q0	87656#3	1
7395826#0	Q0	5002547#29	1
7395826#0	Q0	87656#6	1
7395826#0	Q0	9328440#1	0
7395826#0	Q0	6846863#10	0
7395826#0	Q0	78189#41	0
7398630#0	Q0	130331#0	1
7398630#0	Q0	1772162#12	1
7398630#0	Q0	331848#0	1
7398630#0	Q0	130331#2	1
7398630#0	Q0	2154904#4	1
7398630#0	Q0	8163455#1	1
7398630#0	Q0	32937#3	0
7398630#0	Q0	9201461#0	0
7398630#0	Q0	2154904#5	0
7398630#0	Q0	331848#9	0
7399107#0	Q0	8932016#9	1
7399107#0	Q0	8932016#0	1
7399107#0	Q0	8932016#20	1
7399107#0	Q0	8932016#37	0
7399107#0	Q0	8932016#36	0
7399107#0	Q0	9328713#0	0
7399107#0	Q0	9328713#10	0
7399107#0	Q0	544731#12	0
7399107#0	Q0	544731#0	0
7399107#0	Q0	3176567#14	0
7399685#0	Q0	196256#2	1
7399685#0	Q0	196256#0	1
7399685#0	Q0	7201529#1	1
7399685#0	Q0	196256#1	1
7399685#0	Q0	1076751#0	1
7399685#0	Q0	1076751#3	1
7399685#0	Q0	3612926#1	0
7399685#0	Q0	9869462#0	0
7399685#0	Q0	4123418#1	0
7399685#0	Q0	1076751#2	0
7403814#0	Q0	9999793#21	1
7403814#0	Q0	4677664#4	1
7403814#0	Q0	2156009#6	1
7403814#0	Q0	9994702#4	1
7403814#0	Q0	9999793#10	1
7403814#0	Q0	8607998#26	1
7403814#0	Q0	7176333#0	1
7403814#0	Q0	11770#0	1
7403814#0	Q0	154214#2	0
7406049#0	Q0	12092#0	1
7406049#0	Q0	392173#0	1
7406049#0	Q0	360398#4	1
7406049#0	Q0	360398#5	1
7406049#0	Q0	360398#0	1
7406049#0	Q0	1055726#0	1
7406049#0	Q0	12092#33	0
7406049#0	Q0	12092#31	0
7406049#0	Q0	12092#35	0
7406049#0	Q0	360398#3	0
740927#0	Q0	38552#8	1
740927#0	Q0	38552#31	1
740927#0	Q0	8805750#8	1
740927#0	Q0	270520#0	1
740927#0	Q0	9894652#1	1
740927#0	Q0	306067#15	1
740927#0	Q0	803204#1	1
740927#0	Q0	5297285#5	1
740927#0	Q0	38552#56	0
740927#0	Q0	38552#0	0
7412075#0	Q0	8663#22	1
7412075#0	Q0	57237#1	1
7412075#0	Q0	57237#6	1
7412075#0	Q0	905812#3	0
7412075#0	Q0	905812#21	0
7412075#0	Q0	5799994#6	0
7412075#0	Q0	8702927#30	0
7412075#0	Q0	7412075#5	0
7412075#0	Q0	255886#10	0
7412075#0	Q0	5200413#2	0
7412245#0	Q0	7683947#11	1
7412245#0	Q0	9836150#18	1
7412245#0	Q0	6543029#7	1
7412245#0	Q0	351745#5	1
7412245#0	Q0	7966421#5	1
7412245#0	Q0	9685540#1	1
7412245#0	Q0	133434#38	1
7412245#0	Q0	596041#0	1
7412245#0	Q0	800#59	1
7412245#0	Q0	800#55	1
7414890#0	Q0	3111423#4	1
7414890#0	Q0	3111423#1	1
7414890#0	Q0	3111423#27	1
7414890#0	Q0	140149#29	1
7414890#0	Q0	3111423#25	1
7414890#0	Q0	3111423#24	1
7414890#0	Q0	3111423#3	1
7414890#0	Q0	3111423#23	1
7414890#0	Q0	3111423#0	1
7414890#0	Q0	79177#16	0
742646#0	Q0	398041#16	1
742646#0	Q0	8995092#6	1
742646#0	Q0	67892#5	1
742646#0	Q0	1704101#21	1
742646#0	Q0	1704101#19	1
742646#0	Q0	54049#10	1
742646#0	Q0	10654#1	0
742646#0	Q0	8304782#10	0
742646#0	Q0	5645394#3	0
742646#0	Q0	399820#4	0
7427008#0	Q0	8949598#5	1
7427008#0	Q0	7798#11	1
7427008#0	Q0	8929248#1	0
7427008#0	Q0	8948696#0	0
7427008#0	Q0	8948820#0	0
7427008#0	Q0	4151655#0	0
7427008#0	Q0	8948736#0	0
7427008#0	Q0	8847735#1	0
7427008#0	Q0	8497351#10	0
7427008#0	Q0	291862#4	0
7427010#0	Q0	30831#15	1
7427010#0	Q0	1814222#2	1
7427010#0	Q0	41471#14	1
7427010#0	Q0	875424#2	1
7427010#0	Q0	84901#17	1
7427010#0	Q0	41471#0	1
7427010#0	Q0	41471#4	1
7427010#0	Q0	6249088#12	0
7427010#0	Q0	41471#20	0
7427010#0	Q0	5654298#0	0
74401#0	Q0	1687642#33	1
74401#0	Q0	21288#8	1
74401#0	Q0	3991040#0	0
74401#0	Q0	656058#17	0
74401#0	Q0	1739574#9	0
74401#0	Q0	3990994#0	0
74401#0	Q0	656058#4	0
74401#0	Q0	1739574#1	0
74401#0	Q0	1739574#12	0
74401#0	Q0	2163272#61	0
7444046#0	Q0	3068019#3	1
7444046#0	Q0	236015#105	1
7444046#0	Q0	672105#22	1
7444046#0	Q0	5904477#5	1
7444046#0	Q0	6262698#20	0
7444046#0	Q0	672105#24	0
7444046#0	Q0	1282561#7	0
7444046#0	Q0	1282561#2	0
7444046#0	Q0	3719859#4	0
7444046#0	Q0	4111478#2	0
7449603#0	Q0	1880383#8	1
7449603#0	Q0	89965#4	1
7449603#0	Q0	8690962#10	1
7449603#0	Q0	10161632#0	1
7449603#0	Q0	89965#0	1
7449603#0	Q0	470569#4	1
7449603#0	Q0	10161632#1	1
7449603#0	Q0	5622673#5	1
7449603#0	Q0	470569#0	1
7449603#0	Q0	6834410#2	0
7451208#0	Q0	2876199#0	1
7451208#0	Q0	5697293#0	0
7451208#0	Q0	6140854#0	0
7451208#0	Q0	6156992#0	0
7451208#0	Q0	592256#0	0
7451208#0	Q0	6129320#0	0
7451208#0	Q0	6156939#0	0
7451208#0	Q0	5705532#0	0
7451208#0	Q0	1559858#5	0
7451208#0	Q0	6158329#0	0
7452907#0	Q0	151205#2	1
7452907#0	Q0	151205#90	1
7452907#0	Q0	1204168#152	1
7452907#0	Q0	309208#11	1
7452907#0	Q0	839653#2	1
7452907#0	Q0	151205#23	0
7452907#0	Q0	718936#15	0
7452907#0	Q0	151205#98	0
7452907#0	Q0	537905#4	0
7452907#0	Q0	5466269#31	0
7453186#0	Q0	5356104#193	1
7453186#0	Q0	55439#3	0
7453186#0	Q0	1991202#0	0
7453186#0	Q0	2412223#3	0
7453186#0	Q0	92000#4	0
7453186#0	Q0	4133434#1	0
7453186#0	Q0	4145790#1	0
7453186#0	Q0	2253948#3	0
7453186#0	Q0	5463837#1	0
7453186#0	Q0	4729652#2	0
7459773#0	Q0	10103792#17	1
7459773#0	Q0	273695#49	0
7459773#0	Q0	16696#46	0
7459773#0	Q0	184575#120	0
7459773#0	Q0	1368596#0	0
7459773#0	Q0	273695#47	0
7459773#0	Q0	1368596#50	0
7459773#0	Q0	57293#44	0
7459773#0	Q0	57293#1	0
7459773#0	Q0	6947010#0	0
7460021#0	Q0	913731#0	1
7460021#0	Q0	913731#1	1
7460021#0	Q0	913731#2	1
7460021#0	Q0	913731#3	1
7460021#0	Q0	4012569#0	0
7460021#0	Q0	6014107#7	0
7460021#0	Q0	7977173#0	0
7460021#0	Q0	8803714#0	0
7460021#0	Q0	7941969#0	0
7460021#0	Q0	8452025#0	0
7491841#0	Q0	44808#20	1
7491841#0	Q0	270316#1	1
7491841#0	Q0	241352#3	0
7491841#0	Q0	4248598#18	0
7491841#0	Q0	1103535#25	0
7491841#0	Q0	19293#25	0
7491841#0	Q0	126349#40	0
7491841#0	Q0	6852#41	0
7491841#0	Q0	6852#42	0
7491841#0	Q0	4121841#5	0
7501580#0	Q0	777892#14	1
7501580#0	Q0	832494#2	1
7501580#0	Q0	7519152#3	1
7501580#0	Q0	826447#3	1
7501580#0	Q0	1870722#4	1
7501580#0	Q0	1117295#2	1
7501580#0	Q0	2040495#16	1
7501580#0	Q0	3212656#0	0
7501580#0	Q0	3212656#2	0
7501580#0	Q0	3212656#1	0
7505929#0	Q0	1830#237	1
7505929#0	Q0	26193#15	1
7505929#0	Q0	151316#89	1
7505929#0	Q0	5528230#3	1
7505929#0	Q0	631890#3	0
7505929#0	Q0	5528230#11	0
7505929#0	Q0	5528230#6	0
7505929#0	Q0	7561960#3	0
7505929#0	Q0	933444#23	0
7505929#0	Q0	244075#16	0
7509388#0	Q0	2352898#12	1
7509388#0	Q0	9382188#0	1
7509388#0	Q0	1631#0	1
7509388#0	Q0	1693568#2	1
7509388#0	Q0	38846#21	1
7509388#0	Q0	5555285#2	0
7509388#0	Q0	5480468#0	0
7509388#0	Q0	39277#12	0
7509388#0	Q0	8718232#1	0
7509388#0	Q0	9133253#2	0
7512986#0	Q0	4628#0	1
7512986#0	Q0	4628#3	1
7512986#0	Q0	2386928#46	1
7512986#0	Q0	4628#1	1
7512986#0	Q0	7745794#0	1
7512986#0	Q0	2982752#0	0
7512986#0	Q0	6702#4	0
7512986#0	Q0	6377955#9	0
7512986#0	Q0	959941#0	0
7512986#0	Q0	6377955#24	0
751305#0	Q0	5994840#9	1
751305#0	Q0	2433328#130	1
751305#0	Q0	5066162#0	1
751305#0	Q0	5994840#7	0
751305#0	Q0	4103890#7	0
751305#0	Q0	5994840#23	0
751305#0	Q0	343102#1	0
751305#0	Q0	797356#26	0
751305#0	Q0	343102#14	0
751305#0	Q0	1371042#1	0
7524710#0	Q0	1903290#0	1
7524710#0	Q0	152877#27	1
7524710#0	Q0	1903290#6	1
7524710#0	Q0	2015002#0	1
7524710#0	Q0	1891526#0	1
7524710#0	Q0	2824600#1	1
7524710#0	Q0	1903290#1	0
7524710#0	Q0	1903290#4	0
7524710#0	Q0	8363028#3	0
7524710#0	Q0	8569249#0	0
7535327#0	Q0	7454649#55	1
7535327#0	Q0	7454649#66	1
7535327#0	Q0	7454649#57	1
7535327#0	Q0	7454649#71	1
7535327#0	Q0	7454649#54	1
7535327#0	Q0	7454649#68	1
7535327#0	Q0	7454649#35	1
7535327#0	Q0	7454649#84	1
7535327#0	Q0	7454649#2	1
7535327#0	Q0	7454649#10	0
7548438#0	Q0	10038193#4	1
7548438#0	Q0	54569#19	1
7548438#0	Q0	2931#39	0
7548438#0	Q0	8317376#0	0
7548438#0	Q0	9802734#15	0
7548438#0	Q0	713545#23	0
7548438#0	Q0	112368#0	0
7548438#0	Q0	5809991#1	0
7548438#0	Q0	154380#3	0
7548438#0	Q0	31583#19	0
7550245#0	Q0	17100#2	1
7550245#0	Q0	10878#11	1
7550245#0	Q0	10058#0	1
7550245#0	Q0	17029#9	1
7550245#0	Q0	3337#13	1
7550245#0	Q0	5264810#0	1
7550245#0	Q0	17100#13	1
7550245#0	Q0	7624#12	1
7550245#0	Q0	6596617#32	1
7550245#0	Q0	4330178#0	1
7551896#0	Q0	266834#2	1
7551896#0	Q0	266834#0	1
7551896#0	Q0	5857777#0	1
7551896#0	Q0	1616429#0	1
7551896#0	Q0	1616429#6	0
7551896#0	Q0	5863181#0	0
7551896#0	Q0	5857777#1	0
7551896#0	Q0	3180715#2	0
7551896#0	Q0	3883#44	0
7551896#0	Q0	3883#70	0
7552863#0	Q0	4232108#2	1
7552863#0	Q0	2630294#1	1
7552863#0	Q0	317749#42	1
7552863#0	Q0	4879650#1	1
7552863#0	Q0	810024#7	0
7552863#0	Q0	165785#6	0
7552863#0	Q0	1168186#4	0
7552863#0	Q0	6431280#7	0
7552863#0	Q0	2596#9	0
7552863#0	Q0	1367862#20	0
7564539#0	Q0	17417#5	1
7564539#0	Q0	430490#51	1
7564539#0	Q0	9746857#1	0
7564539#0	Q0	53593#18	0
7564539#0	Q0	1587643#0	0
7564539#0	Q0	4965274#4	0
7564539#0	Q0	496065#71	0
7564539#0	Q0	496065#11	0
7564539#0	Q0	17417#0	0
7564539#0	Q0	113009#4	0
7564877#0	Q0	5983138#4	1
7564877#0	Q0	187745#84	1
7564877#0	Q0	5588746#3	1
7564877#0	Q0	2434742#1	0
7564877#0	Q0	1302098#6	0
7564877#0	Q0	8753870#3	0
7564877#0	Q0	8327854#0	0
7564877#0	Q0	216426#6	0
7564877#0	Q0	29498#12	0
7564877#0	Q0	216426#0	0
7565669#0	Q0	4288637#0	1
7565669#0	Q0	4184074#19	0
7565669#0	Q0	9468280#0	0
7565669#0	Q0	6589286#0	0
7565669#0	Q0	4657501#0	0
7565669#0	Q0	4184074#1	0
7565669#0	Q0	4010886#13	0
7565669#0	Q0	4288741#2	0
7565669#0	Q0	2793856#1	0
7565669#0	Q0	8412658#4	0
7573091#0	Q0	272632#4	1
7573091#0	Q0	7887077#87	1
7573091#0	Q0	1615527#52	1
7573091#0	Q0	5674241#15	1
7573091#0	Q0	7236822#0	1
7573091#0	Q0	11903#13	0
7573091#0	Q0	10124304#23	0
7573091#0	Q0	6893773#1	0
7573091#0	Q0	3635953#13	0
7573091#0	Q0	56418#17	0
7574251#0	Q0	1186483#0	1
7574251#0	Q0	1187860#0	1
7574251#0	Q0	131745#0	0
7574251#0	Q0	4871221#19	0
7574251#0	Q0	4871221#32	0
7574251#0	Q0	4026021#0	0
7574251#0	Q0	360983#0	0
7574251#0	Q0	1448771#1	0
7574251#0	Q0	8190567#3	0
7574251#0	Q0	1436677#1	0
7576513#0	Q0	5818512#0	1
7576513#0	Q0	6862397#4	1
7576513#0	Q0	9389876#1	0
7576513#0	Q0	2449462#0	0
7576513#0	Q0	7384311#1	0
7576513#0	Q0	8858559#46	0
7576513#0	Q0	9708826#63	0
7576513#0	Q0	8871526#17	0
7576513#0	Q0	5842218#1	0
7576513#0	Q0	391758#0	0
7586520#0	Q0	7586520#0	1
7586520#0	Q0	7586520#15	0
7586520#0	Q0	7586520#2	0
7586520#0	Q0	497524#21	0
7586520#0	Q0	7586520#5	0
7586520#0	Q0	7586520#7	0
7586520#0	Q0	452914#22	0
7586520#0	Q0	452914#23	0
7586520#0	Q0	7586520#4	0
7586520#0	Q0	2633495#10	0
7593936#0	Q0	9184389#36	1
7593936#0	Q0	769779#1	1
7593936#0	Q0	71#8	1
7593936#0	Q0	29877#1	1
7593936#0	Q0	44864#31	0
7593936#0	Q0	769779#2	0
7593936#0	Q0	628053#0	0
7593936#0	Q0	771989#47	0
7593936#0	Q0	139418#8	0
7593936#0	Q0	769779#3	0
7601580#0	Q0	4266535#0	1
7601580#0	Q0	4266535#1	1
7601580#0	Q0	9574260#1	1
7601580#0	Q0	4266535#2	1
7601580#0	Q0	4266535#3	1
7601580#0	Q0	5787445#4	1
7601580#0	Q0	7058311#0	1
7601580#0	Q0	358485#1	0
7601580#0	Q0	434463#24	0
7601580#0	Q0	1445356#0	0
76060#0	Q0	10129#4	1
76060#0	Q0	83654#0	1
76060#0	Q0	53032#8	1
76060#0	Q0	351176#6	1
76060#0	Q0	29920#1	1
76060#0	Q0	311406#11	1
76060#0	Q0	466173#10	1
76060#0	Q0	325650#2	0
76060#0	Q0	6119233#3	0
76060#0	Q0	82474#6	0
7606397#0	Q0	15461#50	1
7606397#0	Q0	26193#25	1
7606397#0	Q0	2881723#10	1
7606397#0	Q0	180624#63	1
7606397#0	Q0	5126835#22	1
7606397#0	Q0	2881723#9	0
7606397#0	Q0	54203#24	0
7606397#0	Q0	193250#0	0
7606397#0	Q0	26193#26	0
7606397#0	Q0	688599#8	0
7608115#0	Q0	10061411#1	1
7608115#0	Q0	6450274#17	1
7608115#0	Q0	6450274#1	1
7608115#0	Q0	10061411#6	1
7608115#0	Q0	9793311#6	1
7608115#0	Q0	9793311#2	1
7608115#0	Q0	9793311#11	1
7608115#0	Q0	6450274#57	1
7608115#0	Q0	9793311#20	1
7608115#0	Q0	9793311#22	0
7612076#0	Q0	170305#23	1
7612076#0	Q0	2348#8	0
7612076#0	Q0	708632#5	0
7612076#0	Q0	7279481#3	0
7612076#0	Q0	1401595#4	0
7612076#0	Q0	317079#38	0
7612076#0	Q0	69037#8	0
7612076#0	Q0	317079#36	0
7612076#0	Q0	1401595#5	0
7612076#0	Q0	317079#8	0
7612910#0	Q0	2379289#41	1
7612910#0	Q0	3174664#40	1
7612910#0	Q0	4660#13	1
7612910#0	Q0	4660#10	1
7612910#0	Q0	7606320#1	1
7612910#0	Q0	197209#10	0
7612910#0	Q0	972082#102	0
7612910#0	Q0	427102#9	0
7612910#0	Q0	197209#20	0
7612910#0	Q0	197209#8	0
761456#0	Q0	679944#0	1
761456#0	Q0	828814#0	1
761456#0	Q0	2543992#2	1
761456#0	Q0	432168#8	1
761456#0	Q0	944768#0	1
761456#0	Q0	972331#55	0
761456#0	Q0	598107#4	0
761456#0	Q0	9959183#10	0
761456#0	Q0	7263458#0	0
761456#0	Q0	5328#6	0
7618775#0	Q0	5554964#0	1
7618775#0	Q0	5554964#3	1
7618775#0	Q0	5554964#2	1
7618775#0	Q0	5554964#8	1
7618775#0	Q0	5554964#5	1
7618775#0	Q0	5554964#1	1
7618775#0	Q0	5554964#6	1
7618775#0	Q0	5554964#4	1
7618775#0	Q0	1220860#1	0
7618775#0	Q0	721712#0	0
761981#0	Q0	429524#0	1
761981#0	Q0	429524#5	1
761981#0	Q0	429524#6	1
761981#0	Q0	429524#1	1
761981#0	Q0	429524#3	0
761981#0	Q0	429524#8	0
761981#0	Q0	515266#2	0
761981#0	Q0	3685553#2	0
761981#0	Q0	1687705#15	0
761981#0	Q0	429524#9	0
7622767#0	Q0	9729451#0	1
7622767#0	Q0	7622767#12	1
7622767#0	Q0	9730978#0	1
7622767#0	Q0	9732456#1	1
7622767#0	Q0	9727562#0	1
7622767#0	Q0	9730567#0	1
7622767#0	Q0	9731700#0	1
7622767#0	Q0	4674634#4	1
7622767#0	Q0	4696643#1	0
7622767#0	Q0	9260201#3	0
7623167#0	Q0	8436027#14	1
7623167#0	Q0	9367473#0	0
7623167#0	Q0	9367473#1	0
7623167#0	Q0	6450721#0	0
7623167#0	Q0	264552#134	0
7623167#0	Q0	264552#316	0
7623167#0	Q0	9432487#8	0
7623167#0	Q0	20694#0	0
7623167#0	Q0	6450721#2	0
7623167#0	Q0	264552#31	0
7625907#0	Q0	9743367#2	1
7625907#0	Q0	9743367#0	1
7625907#0	Q0	5971024#0	0
7625907#0	Q0	9381059#1	0
7625907#0	Q0	7804858#0	0
7625907#0	Q0	8815738#0	0
7625907#0	Q0	1427120#0	0
7625907#0	Q0	1888307#0	0
7625907#0	Q0	9698680#44	0
7625907#0	Q0	145176#13	0
762692#0	Q0	762692#0	1
762692#0	Q0	762692#3	1
762692#0	Q0	762692#5	0
762692#0	Q0	171535#4	0
762692#0	Q0	394177#1	0
762692#0	Q0	762692#6	0
762692#0	Q0	5683850#36	0
762692#0	Q0	2748656#1	0
762692#0	Q0	394177#10	0
762692#0	Q0	394177#21	0
7631624#0	Q0	8325966#4	1
7631624#0	Q0	7961525#0	1
7631624#0	Q0	3963415#3	1
7631624#0	Q0	3578587#0	1
7631624#0	Q0	4644864#0	1
7631624#0	Q0	9670011#30	1
7631624#0	Q0	4644864#3	0
7631624#0	Q0	4644864#1	0
7631624#0	Q0	4944050#0	0
7631624#0	Q0	3578587#14	0
763510#0	Q0	7765204#1	1
763510#0	Q0	7765204#52	1
763510#0	Q0	6042179#1	1
763510#0	Q0	975664#5	0
763510#0	Q0	499651#0	0
763510#0	Q0	499651#9	0
763510#0	Q0	255725#0	0
763510#0	Q0	1598659#0	0
763510#0	Q0	321052#0	0
763510#0	Q0	557537#11	0
7646148#0	Q0	1976122#2	1
7646148#0	Q0	5126071#7	0
7646148#0	Q0	8766261#2	0
7646148#0	Q0	10133073#4	0
7646148#0	Q0	6552334#5	0
7646148#0	Q0	6561181#7	0
7646148#0	Q0	1976122#5	0
7646148#0	Q0	8329535#29	0
7646148#0	Q0	16369#38	0
7646148#0	Q0	15644#28	0
7646160#0	Q0	552883#0	1
7646160#0	Q0	770263#14	0
7646160#0	Q0	5717#50	0
7646160#0	Q0	2519982#0	0
7646160#0	Q0	558029#1	0
7646160#0	Q0	6306210#5	0
7646160#0	Q0	3193488#1	0
7646160#0	Q0	5717#57	0
7646160#0	Q0	620041#4	0
7646160#0	Q0	6845390#2	0
76537#0	Q0	1221860#0	1
76537#0	Q0	1221860#11	1
76537#0	Q0	1221860#8	1
76537#0	Q0	9589664#1	1
76537#0	Q0	1221860#1	1
76537#0	Q0	1221860#4	1
76537#0	Q0	9589664#0	0
76537#0	Q0	1221860#2	0
76537#0	Q0	1221860#12	0
76537#0	Q0	1221860#5	0
7658537#0	Q0	313898#0	1
7658537#0	Q0	9836665#0	0
7658537#0	Q0	350562#18	0
7658537#0	Q0	313898#5	0
7658537#0	Q0	313608#0	0
7658537#0	Q0	7543653#0	0
7658537#0	Q0	3238134#0	0
7658537#0	Q0	350562#0	0
7658537#0	Q0	2398981#0	0
7658537#0	Q0	2395407#0	0
7669854#0	Q0	8733581#1	1
7669854#0	Q0	8733581#3	1
7669854#0	Q0	639783#13	1
7669854#0	Q0	8733581#7	1
7669854#0	Q0	9129275#46	1
7669854#0	Q0	8079451#0	0
7669854#0	Q0	8733581#6	0
7669854#0	Q0	5497063#12	0
7669854#0	Q0	8641366#20	0
7669854#0	Q0	14007#14	0
767516#0	Q0	1182571#1	1
767516#0	Q0	6998581#0	1
767516#0	Q0	5607501#12	1
767516#0	Q0	996568#1	1
767516#0	Q0	1700243#63	1
767516#0	Q0	1700243#31	1
767516#0	Q0	8419569#10	1
767516#0	Q0	5792961#3	0
767516#0	Q0	4504379#1	0
767516#0	Q0	1192604#0	0
7675910#0	Q0	56124#0	1
7675910#0	Q0	3363860#2	1
7675910#0	Q0	3363860#0	1
7675910#0	Q0	56124#13	1
7675910#0	Q0	56124#1	1
7675910#0	Q0	1469875#2	1
7675910#0	Q0	56124#18	1
7675910#0	Q0	10103199#0	0
7675910#0	Q0	2189227#0	0
7675910#0	Q0	56124#27	0
7678538#0	Q0	3523563#3	1
7678538#0	Q0	3523563#2	1
7678538#0	Q0	3523563#11	1
7678538#0	Q0	3523563#0	1
7678538#0	Q0	2908449#0	1
7678538#0	Q0	42196#2	1
7678538#0	Q0	3523563#6	1
7678538#0	Q0	42196#1	1
7678538#0	Q0	615120#0	0
7678538#0	Q0	3523563#7	0
7684820#0	Q0	26354#9	1
7684820#0	Q0	6934529#9	1
7684820#0	Q0	48268#3	1
7684820#0	Q0	9771989#1	1
7684820#0	Q0	6822#61	1
7684820#0	Q0	6934529#2	1
7684820#0	Q0	6822#2	1
7684820#0	Q0	6822#17	1
7684820#0	Q0	6822#10	1
7684820#0	Q0	5688790#101	0
7690123#0	Q0	4564835#3	1
7690123#0	Q0	4564835#0	1
7690123#0	Q0	4564835#2	1
7690123#0	Q0	4564835#7	1
7690123#0	Q0	4564835#6	1
7690123#0	Q0	4564835#4	1
7690123#0	Q0	4564835#9	1
7690123#0	Q0	849561#4	1
7690123#0	Q0	4564835#1	0
7690123#0	Q0	4564835#5	0
76916#0	Q0	1876315#1	1
76916#0	Q0	655364#1	0
76916#0	Q0	8392622#0	0
76916#0	Q0	1652161#1	0
76916#0	Q0	33779#1	0
76916#0	Q0	4408#28	0
76916#0	Q0	2049611#18	0
76916#0	Q0	496217#9	0
76916#0	Q0	494666#12	0
76916#0	Q0	464758#1	0
7697352#0	Q0	1333328#2	1
7697352#0	Q0	2154633#3	0
7697352#0	Q0	9163472#0	0
7697352#0	Q0	112993#17	0
7697352#0	Q0	9252217#8	0
7697352#0	Q0	148969#7	0
7697352#0	Q0	63970#54	0
7697352#0	Q0	121852#4	0
7697352#0	Q0	8505327#59	0
7697352#0	Q0	2154633#5	0
7701023#0	Q0	1194491#2	1
7701023#0	Q0	262460#36	1
7701023#0	Q0	228823#29	1
7701023#0	Q0	1132480#20	1
7701023#0	Q0	1132480#2	1
7701023#0	Q0	1132480#12	0
7701023#0	Q0	1532169#15	0
7701023#0	Q0	9851374#4	0
7701023#0	Q0	3509407#2	0
7701023#0	Q0	7281477#11	0
7707227#0	Q0	635001#1	1
7707227#0	Q0	635001#0	1
7707227#0	Q0	8479363#14	1
7707227#0	Q0	13516#5	1
7707227#0	Q0	955824#100	1
7707227#0	Q0	4788260#0	1
7707227#0	Q0	755859#13	1
7707227#0	Q0	635001#2	1
7707227#0	Q0	635001#10	0
7707227#0	Q0	5392#24	0
7712470#0	Q0	530320#0	1
7712470#0	Q0	530320#1	1
7712470#0	Q0	530320#14	1
7712470#0	Q0	530320#4	1
7712470#0	Q0	530320#8	1
7712470#0	Q0	530320#6	1
7712470#0	Q0	9387652#0	0
7712470#0	Q0	9372196#0	0
7712470#0	Q0	4931295#0	0
7712470#0	Q0	6621259#0	0
7713082#0	Q0	283080#0	1
7713082#0	Q0	283080#5	1
7713082#0	Q0	4755#2	1
7713082#0	Q0	6387541#28	0
7713082#0	Q0	2121285#0	0
7713082#0	Q0	283080#13	0
7713082#0	Q0	283080#7	0
7713082#0	Q0	5706215#1	0
7713082#0	Q0	283080#2	0
7713082#0	Q0	279365#6	0
7718180#0	Q0	4357#122	1
7718180#0	Q0	4188401#2	1
7718180#0	Q0	3825997#0	0
7718180#0	Q0	9059591#1	0
7718180#0	Q0	4944240#3	0
7718180#0	Q0	4892186#1	0
7718180#0	Q0	6241826#0	0
7718180#0	Q0	129055#24	0
7718180#0	Q0	6270966#2	0
7718180#0	Q0	2527#30	0
7721868#0	Q0	32617#14	1
7721868#0	Q0	2040488#15	1
7721868#0	Q0	793174#21	1
7721868#0	Q0	234459#12	1
7721868#0	Q0	32617#0	1
7721868#0	Q0	32617#12	1
7721868#0	Q0	6832536#34	1
7721868#0	Q0	34715#0	1
7721868#0	Q0	32617#10	1
7721868#0	Q0	777870#1	1
7723228#0	Q0	3275617#15	1
7723228#0	Q0	7715646#10	1
7723228#0	Q0	5894893#2	0
7723228#0	Q0	5698#125	0
7723228#0	Q0	37177#27	0
7723228#0	Q0	7554114#55	0
7723228#0	Q0	6216#6	0
7723228#0	Q0	5698#124	0
7723228#0	Q0	5698#64	0
7723228#0	Q0	8205#53	0
772669#0	Q0	332991#0	1
772669#0	Q0	44478#110	0
772669#0	Q0	332991#5	0
772669#0	Q0	332991#11	0
772669#0	Q0	424822#7	0
772669#0	Q0	332991#10	0
772669#0	Q0	57221#60	0
772669#0	Q0	4629523#2	0
772669#0	Q0	332991#4	0
772669#0	Q0	332991#9	0
7729995#0	Q0	1480834#3	1
7729995#0	Q0	4815645#4	1
7729995#0	Q0	2102431#8	1
7729995#0	Q0	8407031#2	1
7729995#0	Q0	7788531#11	1
7729995#0	Q0	88502#64	1
7729995#0	Q0	1480834#1	1
7729995#0	Q0	1480834#54	1
7729995#0	Q0	1482235#37	1
7729995#0	Q0	4815645#1	0
7732204#0	Q0	1965378#0	1
7732204#0	Q0	3166783#1	1
7732204#0	Q0	7732204#0	0
7732204#0	Q0	196665#12	0
7732204#0	Q0	107914#1	0
7732204#0	Q0	877430#0	0
7732204#0	Q0	5836816#3	0
7732204#0	Q0	5345108#0	0
7732204#0	Q0	1903989#0	0
7732204#0	Q0	6228766#0	0
77360#0	Q0	2732722#2	1
77360#0	Q0	2732722#0	1
77360#0	Q0	2732722#3	1
77360#0	Q0	2554080#18	0
77360#0	Q0	2732722#4	0
77360#0	Q0	8807103#1	0
77360#0	Q0	8976743#8	0
77360#0	Q0	205691#6	0
77360#0	Q0	2542612#5	0
77360#0	Q0	2555#86	0
77362#0	Q0	8743045#0	1
77362#0	Q0	4619463#9	0
77362#0	Q0	5846534#0	0
77362#0	Q0	1931181#1	0
77362#0	Q0	8801509#0	0
77362#0	Q0	8470546#13	0
77362#0	Q0	3355697#0	0
77362#0	Q0	9702210#0	0
77362#0	Q0	7112328#27	0
77362#0	Q0	4298334#36	0
776078#0	Q0	442856#0	1
776078#0	Q0	15284#1	1
776078#0	Q0	789925#32	0
776078#0	Q0	984#15	0
776078#0	Q0	837721#0	0
776078#0	Q0	15284#0	0
776078#0	Q0	15284#95	0
776078#0	Q0	9776462#19	0
776078#0	Q0	9776462#3	0
776078#0	Q0	76144#28	0
7761344#0	Q0	254333#1	1
7761344#0	Q0	192643#96	1
7761344#0	Q0	254333#0	1
7761344#0	Q0	254333#3	0
7761344#0	Q0	192643#95	0
7761344#0	Q0	254333#2	0
7761344#0	Q0	254333#9	0
7761344#0	Q0	254333#12	0
7761344#0	Q0	254333#15	0
7761344#0	Q0	254333#7	0
7779738#0	Q0	2121797#10	1
7779738#0	Q0	2355661#1	1
7779738#0	Q0	1575#48	1
7779738#0	Q0	4931348#2	1
7779738#0	Q0	8770719#25	1
7779738#0	Q0	2003899#3	1
7779738#0	Q0	4428999#11	1
7779738#0	Q0	9239836#17	1
7779738#0	Q0	9368#92	0
7779738#0	Q0	7371098#8	0
7780076#0	Q0	705407#5	1
7780076#0	Q0	705407#6	1
7780076#0	Q0	705407#0	0
7780076#0	Q0	3465191#0	0
7780076#0	Q0	6135836#1	0
7780076#0	Q0	705407#8	0
7780076#0	Q0	705407#9	0
7780076#0	Q0	3465191#3	0
7780076#0	Q0	705407#7	0
7780076#0	Q0	2136205#0	0
778885#0	Q0	778885#0	1
778885#0	Q0	56038#5	1
778885#0	Q0	56038#26	1
778885#0	Q0	56038#29	1
778885#0	Q0	778885#2	1
778885#0	Q0	56682#10	1
778885#0	Q0	56038#27	0
778885#0	Q0	778885#20	0
778885#0	Q0	258664#10	0
778885#0	Q0	778686#2	0
7789969#0	Q0	192002#0	1
7789969#0	Q0	192002#6	1
7789969#0	Q0	192002#2	1
7789969#0	Q0	192002#1	1
7789969#0	Q0	192002#7	1
7789969#0	Q0	192002#3	1
7789969#0	Q0	192002#8	0
7789969#0	Q0	2605730#0	0
7789969#0	Q0	7729354#0	0
7789969#0	Q0	10016167#0	0
7801170#0	Q0	7801170#4	1
7801170#0	Q0	179932#0	1
7801170#0	Q0	179932#2	1
7801170#0	Q0	6089711#1	1
7801170#0	Q0	179932#7	1
7801170#0	Q0	179932#15	1
7801170#0	Q0	179932#16	1
7801170#0	Q0	179932#17	1
7801170#0	Q0	971643#1	1
7801170#0	Q0	179932#13	1
7801302#0	Q0	4408#6	1
7801302#0	Q0	261775#1	1
7801302#0	Q0	4408#8	1
7801302#0	Q0	4408#5	1
7801302#0	Q0	4408#23	1
7801302#0	Q0	4408#3	0
7801302#0	Q0	4408#0	0
7801302#0	Q0	197259#0	0
7801302#0	Q0	1548116#0	0
7801302#0	Q0	4408#20	0
7806638#0	Q0	10650#24	1
7806638#0	Q0	876430#5	1
7806638#0	Q0	10650#0	1
7806638#0	Q0	10650#1	1
7806638#0	Q0	10650#5	1
7806638#0	Q0	10650#7	1
7806638#0	Q0	2781240#9	1
7806638#0	Q0	10650#22	0
7806638#0	Q0	10648#2	0
7806638#0	Q0	9271414#4	0
7807941#0	Q0	407102#0	1
7807941#0	Q0	407102#1	1
7807941#0	Q0	8834675#1	1
7807941#0	Q0	1835574#3	1
7807941#0	Q0	1835574#11	1
7807941#0	Q0	407102#6	1
7807941#0	Q0	407102#3	1
7807941#0	Q0	345047#5	1
7807941#0	Q0	407102#2	0
7807941#0	Q0	407102#4	0
7811748#0	Q0	8038354#10	1
7811748#0	Q0	8038354#8	1
7811748#0	Q0	8038354#0	1
7811748#0	Q0	8038354#3	1
7811748#0	Q0	8038354#11	1
7811748#0	Q0	538230#18	1
7811748#0	Q0	8038354#1	1
7811748#0	Q0	8038354#9	1
7811748#0	Q0	8038354#5	1
7811748#0	Q0	538230#24	1
7812295#0	Q0	3023813#29	1
7812295#0	Q0	7577153#1	1
7812295#0	Q0	1369326#24	1
7812295#0	Q0	82931#25	1
7812295#0	Q0	9327990#14	1
7812295#0	Q0	8627723#3	0
7812295#0	Q0	158205#11	0
7812295#0	Q0	149072#8	0
7812295#0	Q0	82931#26	0
7812295#0	Q0	3395238#2	0
7818582#0	Q0	603678#0	1
7818582#0	Q0	603678#5	1
7818582#0	Q0	603678#3	1
7818582#0	Q0	603678#4	1
7818582#0	Q0	3348521#3	1
7818582#0	Q0	603678#2	1
7818582#0	Q0	3348521#4	0
7818582#0	Q0	603678#1	0
7818582#0	Q0	3348521#0	0
7818582#0	Q0	603678#9	0
7820256#0	Q0	7844199#2	1
7820256#0	Q0	1862374#7	1
7820256#0	Q0	1862374#10	1
7820256#0	Q0	10697#3	0
7820256#0	Q0	10697#36	0
7820256#0	Q0	10697#2	0
7820256#0	Q0	3156475#0	0
7820256#0	Q0	9023921#14	0
7820256#0	Q0	6181910#1	0
7820256#0	Q0	7529904#2	0
7822367#0	Q0	107612#0	1
7822367#0	Q0	9465958#0	0
7822367#0	Q0	6887932#2	0
7822367#0	Q0	3470#0	0
7822367#0	Q0	583364#0	0
7822367#0	Q0	42981#0	0
7822367#0	Q0	8780447#0	0
7822367#0	Q0	4634168#6	0
7822367#0	Q0	2443833#0	0
7822367#0	Q0	1580924#0	0
7823091#0	Q0	248#25	1
7823091#0	Q0	4861131#35	1
7823091#0	Q0	9329036#18	1
7823091#0	Q0	7672688#1	0
7823091#0	Q0	742509#5	0
7823091#0	Q0	439892#26	0
7823091#0	Q0	194362#4	0
7823091#0	Q0	262056#5	0
7823091#0	Q0	2863967#0	0
7823091#0	Q0	13637#9	0
7827476#0	Q0	7710#8	1
7827476#0	Q0	7710#2	0
7827476#0	Q0	7710#3	0
7827476#0	Q0	1751264#0	0
7827476#0	Q0	7710#6	0
7827476#0	Q0	7827476#1	0
7827476#0	Q0	1751264#13	0
7827476#0	Q0	6409469#1	0
7827476#0	Q0	7710#0	0
7827476#0	Q0	2113624#6	0
7827519#0	Q0	7827519#0	1
7827519#0	Q0	1561691#6	0
7827519#0	Q0	2290439#3	0
7827519#0	Q0	9705596#0	0
7827519#0	Q0	931603#24	0
7827519#0	Q0	1308729#3	0
7827519#0	Q0	362285#1	0
7827519#0	Q0	9519178#3	0
7827519#0	Q0	6875022#1	0
7827519#0	Q0	1143233#3	0
7830303#0	Q0	1043#1	1
7830303#0	Q0	1043#0	1
7830303#0	Q0	1043#3	1
7830303#0	Q0	3030#0	1
7830303#0	Q0	1935846#1	1
7830303#0	Q0	820#5	1
7830303#0	Q0	345659#121	0
7830303#0	Q0	1043#2	0
7830303#0	Q0	603958#16	0
7830303#0	Q0	7327584#4	0
7830714#0	Q0	8573770#44	1
7830714#0	Q0	2889125#30	1
7830714#0	Q0	8668159#19	0
7830714#0	Q0	6296683#4	0
7830714#0	Q0	1628467#93	0
7830714#0	Q0	3240710#30	0
7830714#0	Q0	855001#21	0
7830714#0	Q0	9455711#20	0
7830714#0	Q0	9039054#0	0
7830714#0	Q0	8400909#10	0
7832575#0	Q0	2881629#0	1
7832575#0	Q0	8949977#3	0
7832575#0	Q0	8949977#0	0
7832575#0	Q0	8949977#4	0
7832575#0	Q0	2881629#1	0
7832575#0	Q0	8543545#3	0
7832575#0	Q0	2295146#1	0
7832575#0	Q0	7825186#12	0
7832575#0	Q0	8949977#1	0
7832575#0	Q0	2293760#3	0
7833566#0	Q0	69553#38	1
7833566#0	Q0	829487#11	1
7833566#0	Q0	69553#36	1
7833566#0	Q0	1453779#0	1
7833566#0	Q0	1453779#9	1
7833566#0	Q0	69553#37	0
7833566#0	Q0	7019660#21	0
7833566#0	Q0	69553#24	0
7833566#0	Q0	1412027#66	0
7833566#0	Q0	6964470#0	0
7838378#0	Q0	6259269#1	1
7838378#0	Q0	427956#0	1
7838378#0	Q0	755361#5	1
7838378#0	Q0	2009932#0	1
7838378#0	Q0	9036206#0	1
7838378#0	Q0	2010123#0	0
7838378#0	Q0	2009932#3	0
7838378#0	Q0	2745143#1	0
7838378#0	Q0	9874573#7	0
7838378#0	Q0	1014302#66	0
7842336#0	Q0	5778479#8	1
7842336#0	Q0	5778384#9	1
7842336#0	Q0	2157148#3	1
7842336#0	Q0	37951#12	0
7842336#0	Q0	4040803#5	0
7842336#0	Q0	3991273#4	0
7842336#0	Q0	3630070#10	0
7842336#0	Q0	4192548#1	0
7842336#0	Q0	3072190#5	0
7842336#0	Q0	3958979#7	0
784519#0	Q0	65405#5	1
784519#0	Q0	65405#0	1
784519#0	Q0	65405#2	1
784519#0	Q0	65405#3	1
784519#0	Q0	7231142#1	1
784519#0	Q0	6522996#5	1
784519#0	Q0	27685#8	0
784519#0	Q0	10025564#0	0
784519#0	Q0	7920425#1	0
784519#0	Q0	9165296#3	0
7845960#0	Q0	3734658#12	1
7845960#0	Q0	847338#2	1
7845960#0	Q0	7286533#2	1
7845960#0	Q0	847338#29	1
7845960#0	Q0	3734658#13	1
7845960#0	Q0	847338#47	1
7845960#0	Q0	3153416#2	1
7845960#0	Q0	847338#13	1
7845960#0	Q0	847338#22	1
7845960#0	Q0	847338#0	1
7846692#0	Q0	4532250#1	1
7846692#0	Q0	4374654#0	1
7846692#0	Q0	1173#70	1
7846692#0	Q0	88534#1	1
7846692#0	Q0	3546229#20	0
7846692#0	Q0	3546229#24	0
7846692#0	Q0	4375495#2	0
7846692#0	Q0	3546229#1	0
7846692#0	Q0	1143528#1	0
7846692#0	Q0	2480882#7	0
7849850#0	Q0	3351#57	1
7849850#0	Q0	7673244#7	1
7849850#0	Q0	1062350#3	1
7849850#0	Q0	188537#0	1
7849850#0	Q0	232684#188	1
7849850#0	Q0	515827#12	1
7849850#0	Q0	8669267#35	0
7849850#0	Q0	188537#4	0
7849850#0	Q0	188537#2	0
7849850#0	Q0	188537#1	0
785308#0	Q0	7039910#0	1
785308#0	Q0	2809111#1	1
785308#0	Q0	2536813#6	1
785308#0	Q0	712740#19	1
785308#0	Q0	8397645#38	1
785308#0	Q0	2536813#5	1
785308#0	Q0	5478449#10	1
785308#0	Q0	8397645#31	1
785308#0	Q0	8397645#40	1
785308#0	Q0	6128640#3	1
7855521#0	Q0	7855521#1	1
7855521#0	Q0	7223322#7	1
7855521#0	Q0	7855521#0	0
7855521#0	Q0	8109#32	0
7855521#0	Q0	1380411#24	0
7855521#0	Q0	10061333#16	0
7855521#0	Q0	642259#10	0
7855521#0	Q0	9563284#8	0
7855521#0	Q0	80#45	0
7855521#0	Q0	7223259#8	0
7863404#0	Q0	7411201#4	1
7863404#0	Q0	183764#1	1
7863404#0	Q0	183764#0	1
7863404#0	Q0	6351745#3	1
7863404#0	Q0	183764#5	0
7863404#0	Q0	183764#6	0
7863404#0	Q0	7897916#3	0
7863404#0	Q0	6007332#1	0
7863404#0	Q0	183764#3	0
7863404#0	Q0	8682329#1	0
7864768#0	Q0	45875#0	1
7864768#0	Q0	45875#1	1
7864768#0	Q0	45875#15	1
7864768#0	Q0	45875#21	1
7864768#0	Q0	45875#45	1
7864768#0	Q0	45875#44	1
7864768#0	Q0	45875#22	1
7864768#0	Q0	45875#7	0
7864768#0	Q0	45875#11	0
7864768#0	Q0	8215073#0	0
7865095#0	Q0	175994#0	1
7865095#0	Q0	4699990#7	1
7865095#0	Q0	6392411#5	1
7865095#0	Q0	6392411#11	0
7865095#0	Q0	154194#51	0
7865095#0	Q0	12924#43	0
7865095#0	Q0	9935598#4	0
7865095#0	Q0	7764174#5	0
7865095#0	Q0	9935598#1	0
7865095#0	Q0	3905910#0	0
7867474#0	Q0	28831#3	1
7867474#0	Q0	7439417#0	0
7867474#0	Q0	41248#2	0
7867474#0	Q0	41248#4	0
7867474#0	Q0	7248909#3	0
7867474#0	Q0	654827#2	0
7867474#0	Q0	3749472#6	0
7867474#0	Q0	6555785#0	0
7867474#0	Q0	184634#8	0
7867474#0	Q0	7402077#3	0
7878646#0	Q0	7663726#0	1
7878646#0	Q0	7663692#0	1
7878646#0	Q0	7663726#1	1
7878646#0	Q0	8846967#3	1
7878646#0	Q0	8765329#4	0
7878646#0	Q0	6855120#1	0
7878646#0	Q0	6852756#0	0
7878646#0	Q0	12089#14	0
7878646#0	Q0	12089#12	0
7878646#0	Q0	91675#64	0
791325#0	Q0	9554542#1	1
791325#0	Q0	252#5	1
791325#0	Q0	9554542#0	1
791325#0	Q0	9955640#1	1
791325#0	Q0	20888#0	0
791325#0	Q0	252#1	0
791325#0	Q0	252#7	0
791325#0	Q0	43549#15	0
791325#0	Q0	35357#0	0
791325#0	Q0	416055#14	0
7929489#0	Q0	5174#27	1
7929489#0	Q0	679369#46	1
7929489#0	Q0	5174#13	1
7929489#0	Q0	5993489#0	1
7929489#0	Q0	6446646#0	1
7929489#0	Q0	5174#20	1
7929489#0	Q0	5174#3	1
7929489#0	Q0	5174#0	1
7929489#0	Q0	9854099#10	1
7929489#0	Q0	97362#3	1
7931252#0	Q0	28458#0	1
7931252#0	Q0	4601641#0	1
7931252#0	Q0	52106#0	1
7931252#0	Q0	28458#1	1
7931252#0	Q0	7528521#4	1
7931252#0	Q0	14819#66	1
7931252#0	Q0	52106#39	1
7931252#0	Q0	52106#63	0
7931252#0	Q0	4602991#0	0
7931252#0	Q0	1103696#0	0
7935437#0	Q0	1019630#0	1
7935437#0	Q0	1019630#6	1
7935437#0	Q0	7634#43	1
7935437#0	Q0	1019630#2	1
7935437#0	Q0	1394934#0	1
7935437#0	Q0	7063698#0	1
7935437#0	Q0	1173279#0	1
7935437#0	Q0	1019630#1	0
7935437#0	Q0	1173279#1	0
7935437#0	Q0	1403683#14	0
7939927#0	Q0	12092#27	1
7939927#0	Q0	392189#2	1
7939927#0	Q0	9959712#2	0
7939927#0	Q0	10009323#1	0
7939927#0	Q0	392189#4	0
7939927#0	Q0	7939797#0	0
7939927#0	Q0	9959712#0	0
7939927#0	Q0	7941003#0	0
7939927#0	Q0	7943045#0	0
7939927#0	Q0	7786646#0	0
7941862#0	Q0	7941862#0	1
7941862#0	Q0	7941862#2	1
7941862#0	Q0	7941862#3	1
7941862#0	Q0	7941862#1	1
7941862#0	Q0	7941862#9	0
7941862#0	Q0	5798598#6	0
7941862#0	Q0	4944985#0	0
7941862#0	Q0	3647398#0	0
7941862#0	Q0	1854000#3	0
7941862#0	Q0	10110237#12	0
7950354#0	Q0	78039#13	1
7950354#0	Q0	4967881#3	1
7950354#0	Q0	4967881#0	0
7950354#0	Q0	4967881#11	0
7950354#0	Q0	7584259#3	0
7950354#0	Q0	4967881#9	0
7950354#0	Q0	4967881#7	0
7950354#0	Q0	4967881#15	0
7950354#0	Q0	173369#6	0
7950354#0	Q0	4967881#13	0
7953377#0	Q0	789827#12	1
7953377#0	Q0	7782#85	1
7953377#0	Q0	5166823#3	1
7953377#0	Q0	789827#1	1
7953377#0	Q0	1247599#33	0
7953377#0	Q0	789827#4	0
7953377#0	Q0	1794125#3	0
7953377#0	Q0	7726274#2	0
7953377#0	Q0	2224821#3	0
7953377#0	Q0	2282646#5	0
7954759#0	Q0	1647#1	1
7954759#0	Q0	6562#30	1
7954759#0	Q0	572374#22	1
7954759#0	Q0	9133818#2	1
7954759#0	Q0	34953#8	0
7954759#0	Q0	1184760#1	0
7954759#0	Q0	3660795#2	0
7954759#0	Q0	710837#0	0
7954759#0	Q0	388050#2	0
7954759#0	Q0	7249409#5	0
7959278#0	Q0	224295#57	1
7959278#0	Q0	7580320#3	0
7959278#0	Q0	342832#26	0
7959278#0	Q0	6480392#3	0
7959278#0	Q0	4894787#14	0
7959278#0	Q0	971874#1	0
7959278#0	Q0	5633767#74	0
7959278#0	Q0	4709954#2	0
7959278#0	Q0	1125294#4	0
7959278#0	Q0	5873593#35	0
7969842#0	Q0	55117#20	1
7969842#0	Q0	4213666#4	1
7969842#0	Q0	10153515#24	1
7969842#0	Q0	12349#9	1
7969842#0	Q0	5931484#1	1
7969842#0	Q0	10153515#5	1
7969842#0	Q0	7879139#4	0
7969842#0	Q0	182141#8	0
7969842#0	Q0	9825666#10	0
7969842#0	Q0	8431217#5	0
7975888#0	Q0	9277797#11	1
7975888#0	Q0	1140388#12	1
7975888#0	Q0	9277797#0	1
7975888#0	Q0	9277797#10	1
7975888#0	Q0	1140388#13	1
7975888#0	Q0	655010#0	0
7975888#0	Q0	5787643#17	0
7975888#0	Q0	6211641#4	0
7986777#0	Q0	915868#7	1
7986777#0	Q0	920217#1	1
7986777#0	Q0	773404#4	1
7986777#0	Q0	1818377#5	1
7986777#0	Q0	3497921#6	1
7986777#0	Q0	563603#15	1
7986777#0	Q0	53998#37	1
7986777#0	Q0	37722#49	1
7986777#0	Q0	358682#27	0
7986777#0	Q0	326779#8	0
7988564#0	Q0	7634#6	1
7988564#0	Q0	7634#4	0
7988564#0	Q0	6871455#0	0
7988564#0	Q0	6871455#1	0
7988564#0	Q0	1361077#2	0
7988564#0	Q0	336968#5	0
7988564#0	Q0	1228657#4	0
7988564#0	Q0	3281679#2	0
7988564#0	Q0	7634#0	0
7988564#0	Q0	10111232#11	0
7991043#0	Q0	7300510#6	1
7991043#0	Q0	1804713#4	1
7991043#0	Q0	7965428#54	1
7991043#0	Q0	9668102#7	0
7991043#0	Q0	8805871#2	0
7991043#0	Q0	7965428#21	0
7991043#0	Q0	8805871#0	0
7991043#0	Q0	1237404#47	0
7991043#0	Q0	7221723#6	0
7991043#0	Q0	8892682#4	0
7993445#0	Q0	180213#0	1
7993445#0	Q0	681175#5	1
7993445#0	Q0	8864948#0	0
7993445#0	Q0	539900#29	0
7993445#0	Q0	19621#39	0
7993445#0	Q0	9227545#1	0
7993445#0	Q0	624413#24	0
7993445#0	Q0	17476#45	0
7993445#0	Q0	5078195#15	0
7993445#0	Q0	11152#10	0
7993959#0	Q0	3546660#0	1
7993959#0	Q0	6859093#23	1
7993959#0	Q0	4275968#4	1
7993959#0	Q0	1448222#8	1
7993959#0	Q0	7998521#3	0
7993959#0	Q0	645953#141	0
7993959#0	Q0	1027809#0	0
7993959#0	Q0	423722#45	0
7993959#0	Q0	4740880#0	0
7993959#0	Q0	1756134#161	0
7997999#0	Q0	789264#5	1
7997999#0	Q0	789264#7	1
7997999#0	Q0	789264#8	1
7997999#0	Q0	789264#0	0
7997999#0	Q0	9892223#34	0
7997999#0	Q0	789264#6	0
7997999#0	Q0	789264#4	0
7997999#0	Q0	1915720#12	0
7997999#0	Q0	789264#2	0
7997999#0	Q0	789264#10	0
7998162#0	Q0	5538718#0	1
7998162#0	Q0	10168973#6	1
7998162#0	Q0	421492#0	1
7998162#0	Q0	2596991#15	1
7998162#0	Q0	1640781#0	1
7998162#0	Q0	177576#1	1
7998162#0	Q0	16538#15	1
7998162#0	Q0	654827#2	0
7998162#0	Q0	624688#3	0
7998162#0	Q0	833191#0	0
8000371#0	Q0	3159505#3	1
8000371#0	Q0	1909308#1	1
8000371#0	Q0	6496364#1	1
8000371#0	Q0	2050207#4	1
8000371#0	Q0	2050207#9	1
8000371#0	Q0	8739134#1	0
8000371#0	Q0	8266562#0	0
8000371#0	Q0	3963732#89	0
8000371#0	Q0	3202961#0	0
8000371#0	Q0	4804055#0	0
8005045#0	Q0	32213#20	1
8005045#0	Q0	5066807#33	1
8005045#0	Q0	39548#80	1
8005045#0	Q0	5066807#6	1
8005045#0	Q0	5066807#35	1
8005045#0	Q0	459334#4	1
8005045#0	Q0	32213#44	1
8005045#0	Q0	223749#8	1
8005045#0	Q0	10071062#13	1
8005045#0	Q0	1394895#8	0
800561#0	Q0	4866775#0	1
800561#0	Q0	465168#54	1
800561#0	Q0	6906358#1	1
800561#0	Q0	780157#0	1
800561#0	Q0	1027099#4	1
800561#0	Q0	1877654#37	1
800561#0	Q0	9568257#1	0
800561#0	Q0	8355775#25	0
800561#0	Q0	301798#3	0
800561#0	Q0	454571#31	0
8011091#0	Q0	8011091#1	1
8011091#0	Q0	8011091#0	0
8011091#0	Q0	8012263#1	0
8011091#0	Q0	9127170#11	0
8011091#0	Q0	8010019#7	0
8011091#0	Q0	9132485#1	0
8011091#0	Q0	9890420#1	0
8011091#0	Q0	9117098#2	0
8011091#0	Q0	8562185#1	0
8011091#0	Q0	8221498#3	0
8014249#0	Q0	7677369#0	1
8014249#0	Q0	3022#20	1
8014249#0	Q0	444499#4	1
8014249#0	Q0	48504#39	1
8014249#0	Q0	4397135#0	1
8014249#0	Q0	343081#10	0
8014249#0	Q0	3022#27	0
8014249#0	Q0	3022#22	0
8014249#0	Q0	3022#39	0
8014249#0	Q0	5230020#5	0
801470#0	Q0	92344#0	1
801470#0	Q0	5124651#0	1
801470#0	Q0	3955517#0	1
801470#0	Q0	3509602#0	1
801470#0	Q0	3514380#0	1
801470#0	Q0	3955517#12	1
801470#0	Q0	3161097#0	1
801470#0	Q0	3517021#0	1
801470#0	Q0	770065#0	1
801470#0	Q0	6576320#2	0
8023951#0	Q0	9727784#0	1
8023951#0	Q0	4410365#3	1
8023951#0	Q0	8186815#0	1
8023951#0	Q0	3091839#0	1
8023951#0	Q0	10049198#0	0
8023951#0	Q0	8368536#0	0
8023951#0	Q0	3122788#1	0
8023951#0	Q0	6133539#22	0
8023951#0	Q0	9976136#3	0
8023951#0	Q0	74846#40	0
8033843#0	Q0	421496#0	1
8033843#0	Q0	151605#0	0
8033843#0	Q0	5836716#0	0
8033843#0	Q0	7673614#2	0
8033843#0	Q0	7673338#2	0
8033843#0	Q0	99251#1	0
8033843#0	Q0	8194059#0	0
8033843#0	Q0	331183#3	0
8033843#0	Q0	331183#0	0
8033843#0	Q0	151605#2	0
8043005#0	Q0	8957870#0	1
8043005#0	Q0	138944#1	1
8043005#0	Q0	8957870#15	1
8043005#0	Q0	4638621#0	1
8043005#0	Q0	4476960#4	0
8043005#0	Q0	8957870#16	0
8043005#0	Q0	8957870#10	0
8043005#0	Q0	4858667#13	0
8043005#0	Q0	8957870#26	0
8043005#0	Q0	8957870#1	0
8043258#0	Q0	1654395#6	1
8043258#0	Q0	9174041#0	1
8043258#0	Q0	2720498#2	1
8043258#0	Q0	6611035#2	0
8043258#0	Q0	1296482#70	0
8043258#0	Q0	7914522#7	0
8043258#0	Q0	1846554#9	0
8043258#0	Q0	9869472#2	0
8043258#0	Q0	1296482#76	0
8043258#0	Q0	8922747#13	0
8043528#0	Q0	8043528#1	1
8043528#0	Q0	8043528#13	1
8043528#0	Q0	948568#24	1
8043528#0	Q0	516112#87	1
8043528#0	Q0	847428#70	1
8043528#0	Q0	8021817#2	0
8043528#0	Q0	122514#91	0
8043528#0	Q0	122514#59	0
8043528#0	Q0	239252#63	0
8043528#0	Q0	167794#1	0
8047731#0	Q0	4348#72	1
8047731#0	Q0	3733865#4	1
8047731#0	Q0	2268031#1	1
8047731#0	Q0	390905#193	1
8047731#0	Q0	6343177#12	0
8047731#0	Q0	392920#1	0
8047731#0	Q0	8938909#65	0
8047731#0	Q0	896951#5	0
8047731#0	Q0	8938909#66	0
8047731#0	Q0	1152030#46	0
8071851#0	Q0	31947#37	1
8071851#0	Q0	9809442#4	1
8071851#0	Q0	3744338#2	1
8071851#0	Q0	477200#37	0
8071851#0	Q0	35#36	0
8071851#0	Q0	1031144#19	0
8071851#0	Q0	7268935#4	0
8071851#0	Q0	6133029#14	0
8071851#0	Q0	1830#119	0
8071851#0	Q0	150963#5	0
8078791#0	Q0	1367862#22	1
8078791#0	Q0	5091443#1	1
8078791#0	Q0	9786608#15	1
8078791#0	Q0	1367862#23	1
8078791#0	Q0	8552173#0	1
8078791#0	Q0	4408#16	1
8078791#0	Q0	278806#0	1
8078791#0	Q0	9060628#2	1
8078791#0	Q0	371641#8	1
8078791#0	Q0	4408#17	0
8080247#0	Q0	685918#0	1
8080247#0	Q0	685918#1	1
8080247#0	Q0	2804331#3	1
8080247#0	Q0	685918#3	1
8080247#0	Q0	685918#7	0
8080247#0	Q0	685918#19	0
8080247#0	Q0	5840768#1	0
8080247#0	Q0	685918#17	0
8080247#0	Q0	685918#20	0
8080247#0	Q0	685918#28	0
8092396#0	Q0	54026#2	1
8092396#0	Q0	1787#0	1
8092396#0	Q0	1787#84	1
8092396#0	Q0	1787#116	1
8092396#0	Q0	54026#12	1
8092396#0	Q0	704022#17	1
8092396#0	Q0	54026#1	1
8092396#0	Q0	698743#0	0
8092396#0	Q0	6888364#19	0
8092396#0	Q0	111265#27	0
8095388#0	Q0	248731#3	1
8095388#0	Q0	4276909#1	1
8095388#0	Q0	807857#1	1
8095388#0	Q0	45034#1	1
8095388#0	Q0	3535407#1	1
8095388#0	Q0	1053816#1	1
8095388#0	Q0	636498#2	0
8095388#0	Q0	45034#51	0
8095388#0	Q0	248731#1	0
8095388#0	Q0	628564#7	0
8103122#0	Q0	1032866#0	1
8103122#0	Q0	1032866#2	1
8103122#0	Q0	29653#0	1
8103122#0	Q0	1032866#1	1
8103122#0	Q0	29653#1	1
8103122#0	Q0	9113447#2	1
8103122#0	Q0	8764799#1	1
8103122#0	Q0	8764799#15	0
8103122#0	Q0	29653#24	0
8103122#0	Q0	9330672#0	0
8103374#0	Q0	99450#10	1
8103374#0	Q0	5703915#11	1
8103374#0	Q0	99450#0	1
8103374#0	Q0	8477695#27	0
8103374#0	Q0	443738#0	0
8103374#0	Q0	353104#1	0
8103374#0	Q0	99450#3	0
8103374#0	Q0	8477695#0	0
8103374#0	Q0	99450#85	0
8103374#0	Q0	9912430#0	0
8105207#0	Q0	4481134#65	1
8105207#0	Q0	1553639#1	1
8105207#0	Q0	173594#2	1
8105207#0	Q0	4653484#20	1
8105207#0	Q0	2460166#116	0
8105207#0	Q0	9486402#1	0
8105207#0	Q0	2460166#24	0
8105207#0	Q0	4481134#144	0
8105207#0	Q0	5489630#1	0
8105207#0	Q0	538650#3	0
8107587#0	Q0	143839#49	1
8107587#0	Q0	8459890#18	0
8107587#0	Q0	8459890#75	0
8107587#0	Q0	8459890#53	0
8107587#0	Q0	8459890#43	0
8107587#0	Q0	8761794#13	0
8107587#0	Q0	8459890#45	0
8107587#0	Q0	1723180#20	0
8107587#0	Q0	698977#4	0
8107587#0	Q0	8657805#1	0
8108211#0	Q0	8108211#0	1
8108211#0	Q0	2276009#9	0
8108211#0	Q0	8752517#2	0
8108211#0	Q0	9555832#3	0
8108211#0	Q0	7160142#4	0
8108211#0	Q0	7207911#8	0
8108211#0	Q0	9281833#15	0
8108211#0	Q0	6448756#6	0
8108211#0	Q0	5469033#0	0
8108211#0	Q0	7899147#3	0
810994#0	Q0	23564#0	1
810994#0	Q0	5656897#20	1
810994#0	Q0	352532#0	1
810994#0	Q0	23564#68	1
810994#0	Q0	23564#116	0
810994#0	Q0	1427030#0	0
810994#0	Q0	3268633#16	0
810994#0	Q0	48629#23	0
810994#0	Q0	352532#3	0
810994#0	Q0	1309666#0	0
8112132#0	Q0	33848#0	1
8112132#0	Q0	372552#0	1
8112132#0	Q0	1821248#0	1
8112132#0	Q0	3947819#0	1
8112132#0	Q0	9569822#0	1
8112132#0	Q0	238949#0	1
8112132#0	Q0	682528#0	0
8112132#0	Q0	33848#4	0
8112132#0	Q0	33848#2	0
8112132#0	Q0	465659#0	0
8119814#0	Q0	617194#1	1
8119814#0	Q0	31756#37	1
8119814#0	Q0	8432704#1	1
8119814#0	Q0	256642#1	1
8119814#0	Q0	617194#6	0
8119814#0	Q0	3555915#18	0
8119814#0	Q0	1319684#7	0
8119814#0	Q0	7261656#0	0
8119814#0	Q0	3555915#17	0
8119814#0	Q0	3555915#19	0
812283#0	Q0	284140#1	1
812283#0	Q0	284140#11	1
812283#0	Q0	5401409#1	1
812283#0	Q0	7011341#9	1
812283#0	Q0	284140#0	1
812283#0	Q0	284140#10	1
812283#0	Q0	284140#5	1
812283#0	Q0	2631820#1	1
812283#0	Q0	1431053#20	0
812283#0	Q0	10024882#1	0
8147306#0	Q0	372204#0	1
8147306#0	Q0	372204#8	1
8147306#0	Q0	9871294#0	1
8147306#0	Q0	372204#11	1
8147306#0	Q0	3064845#6	1
8147306#0	Q0	3214114#0	0
8147306#0	Q0	249466#6	0
8147306#0	Q0	372204#7	0
8147306#0	Q0	1468480#4	0
8147306#0	Q0	3205007#0	0
8154541#0	Q0	108331#34	1
8154541#0	Q0	299805#0	0
8154541#0	Q0	8739#86	0
8154541#0	Q0	299805#1	0
8154541#0	Q0	299805#11	0
8154541#0	Q0	3611429#15	0
8154541#0	Q0	241675#16	0
8154541#0	Q0	8739#4	0
8154541#0	Q0	8739#80	0
8154541#0	Q0	3685697#0	0
8160167#0	Q0	8301757#0	1
8160167#0	Q0	5899938#2	1
8160167#0	Q0	8301757#1	0
8160167#0	Q0	5231068#0	0
8160167#0	Q0	181860#4	0
8160167#0	Q0	8188698#6	0
8160167#0	Q0	80748#13	0
8160167#0	Q0	188453#0	0
8160167#0	Q0	7805262#0	0
8160167#0	Q0	7805262#1	0
8162107#0	Q0	1266629#19	1
8162107#0	Q0	7416116#3	1
8162107#0	Q0	10021982#2	1
8162107#0	Q0	10054130#21	1
8162107#0	Q0	7440436#15	1
8162107#0	Q0	9658276#4	1
8162107#0	Q0	717572#119	1
8162107#0	Q0	7440436#0	1
8162107#0	Q0	8598216#32	0
8162107#0	Q0	717572#3	0
8193191#0	Q0	1325786#5	1
8193191#0	Q0	642428#8	1
8193191#0	Q0	642428#7	1
8193191#0	Q0	10095125#4	1
8193191#0	Q0	406570#6	1
8193191#0	Q0	642428#4	1
8193191#0	Q0	642428#5	1
8193191#0	Q0	642428#0	1
8193191#0	Q0	210921#37	1
8193191#0	Q0	2398452#6	1
8203688#0	Q0	5029734#11	1
8203688#0	Q0	5657963#3	0
8203688#0	Q0	1064187#4	0
8203688#0	Q0	56883#25	0
8203688#0	Q0	3695092#17	0
8203688#0	Q0	6872612#4	0
8203688#0	Q0	5029734#28	0
8203688#0	Q0	3114122#26	0
8203688#0	Q0	3450105#5	0
8203688#0	Q0	8495220#24	0
8204309#0	Q0	2317364#14	1
8204309#0	Q0	6081288#1	1
8204309#0	Q0	9289909#1	1
8204309#0	Q0	6081288#0	1
8204309#0	Q0	38106#8	1
8204309#0	Q0	6080163#2	1
8204309#0	Q0	6081269#0	1
8204309#0	Q0	2317364#0	1
8204309#0	Q0	8682743#14	1
8204309#0	Q0	16589#13	0
8208464#0	Q0	706336#2	1
8208464#0	Q0	4246464#2	1
8208464#0	Q0	213969#7	0
8208464#0	Q0	10158051#1	0
8208464#0	Q0	213969#4	0
8208464#0	Q0	128123#67	0
8208464#0	Q0	1302#6	0
8208464#0	Q0	213969#0	0
8208464#0	Q0	10158051#4	0
8208464#0	Q0	2819947#11	0
8211635#0	Q0	8862407#1	1
8211635#0	Q0	9582770#0	0
8211635#0	Q0	7613842#0	0
8211635#0	Q0	11903#4	0
8211635#0	Q0	8862407#0	0
8211635#0	Q0	8102991#0	0
8211635#0	Q0	8606282#2	0
8211635#0	Q0	8536654#0	0
8211635#0	Q0	9582770#3	0
8211635#0	Q0	7518993#0	0
8220837#0	Q0	4528821#16	1
8220837#0	Q0	5213213#1	1
8220837#0	Q0	1650115#3	1
8220837#0	Q0	355962#56	1
8220837#0	Q0	1835577#1	1
8220837#0	Q0	355962#29	1
8220837#0	Q0	7993551#32	1
8220837#0	Q0	232875#3	0
8220837#0	Q0	7936928#17	0
8220837#0	Q0	4528821#24	0
8244557#0	Q0	178115#0	1
8244557#0	Q0	178115#18	1
8244557#0	Q0	178115#5	1
8244557#0	Q0	70713#4	1
8244557#0	Q0	178115#6	1
8244557#0	Q0	178115#15	1
8244557#0	Q0	178115#7	0
8244557#0	Q0	9856220#0	0
8244557#0	Q0	178115#14	0
8244557#0	Q0	178115#10	0
8245594#0	Q0	9699626#5	1
8245594#0	Q0	9382657#1	1
8245594#0	Q0	9699626#0	1
8245594#0	Q0	4728708#0	1
8245594#0	Q0	9699626#10	1
8245594#0	Q0	6440167#12	1
8245594#0	Q0	9382657#2	1
8245594#0	Q0	1271418#7	0
8245594#0	Q0	1271418#5	0
8245594#0	Q0	1271418#58	0
8266717#0	Q0	968303#1	1
8266717#0	Q0	8025#21	1
8266717#0	Q0	2727514#7	1
8266717#0	Q0	35493#22	1
8266717#0	Q0	61032#6	1
8266717#0	Q0	9558493#8	0
8266717#0	Q0	9162507#14	0
8266717#0	Q0	6915182#1	0
8266717#0	Q0	4077890#24	0
8266717#0	Q0	6980507#1	0
8266781#0	Q0	4507055#9	1
8266781#0	Q0	9605691#0	1
8266781#0	Q0	6527273#16	1
8266781#0	Q0	6275208#1	0
8266781#0	Q0	8272273#1	0
8266781#0	Q0	299679#7	0
8266781#0	Q0	7147156#2	0
8266781#0	Q0	9270901#0	0
8266781#0	Q0	6275208#0	0
8266781#0	Q0	1034040#3	0
8268916#0	Q0	6427924#24	1
8268916#0	Q0	784990#0	1
8268916#0	Q0	562458#21	0
8268916#0	Q0	34811#0	0
8268916#0	Q0	2212183#1	0
8268916#0	Q0	829426#11	0
8268916#0	Q0	4439020#5	0
8268916#0	Q0	7731132#14	0
8268916#0	Q0	2377627#5	0
8268916#0	Q0	562458#4	0
8270183#0	Q0	5199740#28	1
8270183#0	Q0	8382769#5	1
8270183#0	Q0	10020052#4	1
8270183#0	Q0	115841#37	1
8270183#0	Q0	9389986#31	0
8270183#0	Q0	7734716#4	0
8270183#0	Q0	10020052#5	0
8270183#0	Q0	9529411#9	0
8270183#0	Q0	2489424#1	0
8270183#0	Q0	2489424#6	0
8272548#0	Q0	3512314#2	1
8272548#0	Q0	7443738#3	1
8272548#0	Q0	7443738#13	0
8272548#0	Q0	5045665#24	0
8272548#0	Q0	5045665#26	0
8272548#0	Q0	698094#19	0
8272548#0	Q0	6180191#23	0
8272548#0	Q0	8689960#10	0
8272548#0	Q0	82211#12	0
8272548#0	Q0	6837695#7	0
8279363#0	Q0	4144144#139	1
8279363#0	Q0	4144144#130	0
8279363#0	Q0	4144144#107	0
8279363#0	Q0	4144144#59	0
8279363#0	Q0	4144144#135	0
8279363#0	Q0	4144144#133	0
8279363#0	Q0	13704#128	0
8279363#0	Q0	13704#127	0
8279363#0	Q0	4144144#78	0
8279363#0	Q0	4144144#30	0
8281249#0	Q0	8101793#0	1
8281249#0	Q0	8101793#3	1
8281249#0	Q0	8101793#1	1
8281249#0	Q0	2558793#0	0
8281249#0	Q0	5147709#0	0
8281249#0	Q0	5595334#17	0
8281249#0	Q0	2720150#35	0
8281249#0	Q0	9516283#0	0
8281249#0	Q0	14120#120	0
8281249#0	Q0	9134559#4	0
8281362#0	Q0	1119638#0	1
8281362#0	Q0	1119638#16	1
8281362#0	Q0	39189#1	0
8281362#0	Q0	8281356#0	0
8281362#0	Q0	8281356#6	0
8281362#0	Q0	8281356#5	0
8281362#0	Q0	1119638#1	0
8281362#0	Q0	39189#26	0
8281362#0	Q0	39189#9	0
8281362#0	Q0	6909311#2	0
8291073#0	Q0	865143#1	1
8291073#0	Q0	865143#0	1
8291073#0	Q0	939299#3	1
8291073#0	Q0	34630#0	0
8291073#0	Q0	939299#4	0
8291073#0	Q0	12077#29	0
8291073#0	Q0	12077#30	0
8291073#0	Q0	8354947#0	0
8291073#0	Q0	358997#0	0
8291073#0	Q0	358997#3	0
8298777#0	Q0	362918#12	1
8298777#0	Q0	2816952#0	1
8298777#0	Q0	322755#10	1
8298777#0	Q0	1142804#4	0
8298777#0	Q0	362918#11	0
8298777#0	Q0	1088910#0	0
8298777#0	Q0	4467483#5	0
8298777#0	Q0	140428#5	0
8298777#0	Q0	8498617#0	0
8298777#0	Q0	6549009#52	0
8301419#0	Q0	2400929#2	1
8301419#0	Q0	110229#109	1
8301419#0	Q0	5036168#12	1
8301419#0	Q0	5036168#9	1
8301419#0	Q0	8699191#1	1
8301419#0	Q0	5036168#0	1
8301419#0	Q0	2442993#0	1
8301419#0	Q0	2400929#0	1
8301419#0	Q0	8699191#0	0
8301419#0	Q0	110229#104	0
8308044#0	Q0	364278#2	1
8308044#0	Q0	48671#7	1
8308044#0	Q0	63970#59	1
8308044#0	Q0	8157071#68	0
8308044#0	Q0	123108#0	0
8308044#0	Q0	84196#0	0
8308044#0	Q0	63970#23	0
8308044#0	Q0	48671#14	0
8308044#0	Q0	84686#0	0
8308044#0	Q0	8157071#30	0
8311554#0	Q0	35#30	1
8311554#0	Q0	9011615#9	0
8311554#0	Q0	32730#42	0
8311554#0	Q0	1841629#11	0
8311554#0	Q0	9006461#4	0
8311554#0	Q0	48519#11	0
8311554#0	Q0	8624459#2	0
8311554#0	Q0	10053610#2	0
8311554#0	Q0	735065#7	0
8311554#0	Q0	27591#33	0
832243#0	Q0	794394#9	1
832243#0	Q0	390431#13	1
832243#0	Q0	95606#3	1
832243#0	Q0	9992495#2	1
832243#0	Q0	95607#11	0
832243#0	Q0	48097#36	0
832243#0	Q0	390431#9	0
832243#0	Q0	5667#0	0
832243#0	Q0	4615943#1	0
832243#0	Q0	194111#20	0
8343874#0	Q0	9097937#1	1
8343874#0	Q0	230981#31	1
8343874#0	Q0	447294#1	1
8343874#0	Q0	595676#19	0
8343874#0	Q0	122847#2	0
8343874#0	Q0	6367846#1	0
8343874#0	Q0	230981#35	0
8343874#0	Q0	7626107#1	0
8343874#0	Q0	1779534#3	0
8343874#0	Q0	2275730#1	0
8345132#0	Q0	8330509#32	1
8345132#0	Q0	7928462#44	1
8345132#0	Q0	8670261#48	1
8345132#0	Q0	141993#77	1
8345132#0	Q0	8511530#32	0
8345132#0	Q0	8330509#53	0
8345132#0	Q0	8330509#2	0
8345132#0	Q0	2013320#10	0
8345132#0	Q0	10023667#5	0
8345132#0	Q0	6527273#28	0
8352529#0	Q0	2138353#20	1
8352529#0	Q0	2138353#21	1
8352529#0	Q0	6577910#17	1
8352529#0	Q0	25438#29	1
8352529#0	Q0	2138353#18	1
8352529#0	Q0	2138353#15	1
8352529#0	Q0	8096825#59	1
8352529#0	Q0	2138353#22	0
8352529#0	Q0	8096825#58	0
8352529#0	Q0	8096825#55	0
8352840#0	Q0	181045#0	1
8352840#0	Q0	425405#20	1
8352840#0	Q0	1415754#5	1
8352840#0	Q0	8678360#1	1
8352840#0	Q0	425405#2	1
8352840#0	Q0	425405#5	1
8352840#0	Q0	425405#4	1
8352840#0	Q0	65733#30	0
8352840#0	Q0	9108145#4	0
8352840#0	Q0	4159157#15	0
8356586#0	Q0	50309#1	1
8356586#0	Q0	50309#44	0
8356586#0	Q0	50309#2	0
8356586#0	Q0	50309#32	0
8356586#0	Q0	50309#6	0
8356586#0	Q0	9442570#0	0
8356586#0	Q0	50309#45	0
8356586#0	Q0	9343713#1	0
8356586#0	Q0	739566#1	0
8356586#0	Q0	9346114#1	0
8371108#0	Q0	100403#0	1
8371108#0	Q0	1047514#0	1
8371108#0	Q0	5001203#0	1
8371108#0	Q0	197623#4	1
8371108#0	Q0	59921#0	1
8371108#0	Q0	143509#0	1
8371108#0	Q0	201405#1	1
8371108#0	Q0	3006770#0	0
8371108#0	Q0	6541569#34	0
8371108#0	Q0	6278213#1	0
8371242#0	Q0	8370726#3	1
8371242#0	Q0	8371242#0	1
8371242#0	Q0	9337132#11	0
8371242#0	Q0	1054882#42	0
8371242#0	Q0	7455677#9	0
8371242#0	Q0	2602998#6	0
8371242#0	Q0	8260455#3	0
8371242#0	Q0	6250261#3	0
8371242#0	Q0	4709435#7	0
8371242#0	Q0	1610857#3	0
8377698#0	Q0	2932145#0	1
8377698#0	Q0	5883263#2	1
8377698#0	Q0	8617322#12	0
8377698#0	Q0	9559150#0	0
8377698#0	Q0	8189419#8	0
8377698#0	Q0	7837595#2	0
8377698#0	Q0	2932145#2	0
8377698#0	Q0	8918234#2	0
8377698#0	Q0	1999704#140	0
8377698#0	Q0	682102#2	0
8384050#0	Q0	2207989#2	1
8384050#0	Q0	8384050#3	1
8384050#0	Q0	1667#2	1
8384050#0	Q0	3111423#63	0
8384050#0	Q0	1667#14	0
8384050#0	Q0	1667#0	0
8384050#0	Q0	7591#4	0
8384050#0	Q0	122359#1	0
8384050#0	Q0	1667#1	0
8384050#0	Q0	1095111#0	0
8387840#0	Q0	7244265#0	1
8387840#0	Q0	2400700#81	1
8387840#0	Q0	6079164#0	1
8387840#0	Q0	6228518#0	1
8387840#0	Q0	6098830#19	1
8387840#0	Q0	6079164#14	1
8387840#0	Q0	2054#73	1
8387840#0	Q0	9135515#4	1
8387840#0	Q0	678822#2	0
8387840#0	Q0	6228518#5	0
8390981#0	Q0	5497063#1	1
8390981#0	Q0	1187849#2	1
8390981#0	Q0	4453191#9	1
8390981#0	Q0	4453191#72	1
8390981#0	Q0	7870466#4	1
8390981#0	Q0	4453191#70	1
8390981#0	Q0	164231#4	0
8390981#0	Q0	14007#51	0
8390981#0	Q0	4453191#13	0
8390981#0	Q0	5969154#31	0
839261#0	Q0	48405#20	1
839261#0	Q0	9332296#1	1
839261#0	Q0	48405#15	1
839261#0	Q0	9774320#12	0
839261#0	Q0	3024351#6	0
839261#0	Q0	48405#4	0
839261#0	Q0	158079#2	0
839261#0	Q0	48405#12	0
839261#0	Q0	4212829#1	0
839261#0	Q0	48405#26	0
84010#0	Q0	7698955#20	1
84010#0	Q0	477628#32	0
84010#0	Q0	10065165#7	0
84010#0	Q0	6393158#1	0
84010#0	Q0	9152786#1	0
84010#0	Q0	9368178#6	0
84010#0	Q0	2031959#13	0
84010#0	Q0	5957443#1	0
84010#0	Q0	8304861#0	0
84010#0	Q0	141993#52	0
8402604#0	Q0	593756#22	1
8402604#0	Q0	5135161#16	1
8402604#0	Q0	6081874#34	1
8402604#0	Q0	10054505#8	1
8402604#0	Q0	38985#0	1
8402604#0	Q0	4376156#232	1
8402604#0	Q0	10054505#36	1
8402604#0	Q0	4376156#151	1
8402604#0	Q0	330915#25	1
8402604#0	Q0	8746596#2	1
8408962#0	Q0	4886224#0	1
8408962#0	Q0	9894453#6	0
8408962#0	Q0	206480#1	0
8408962#0	Q0	4087746#0	0
8408962#0	Q0	531295#2	0
8408962#0	Q0	3947330#2	0
8408962#0	Q0	4870778#1	0
8408962#0	Q0	8192785#0	0
8408962#0	Q0	4870778#4	0
8408962#0	Q0	4870778#0	0
84121#0	Q0	650717#9	1
84121#0	Q0	8823288#3	1
84121#0	Q0	26974#59	1
84121#0	Q0	19139#0	1
84121#0	Q0	33595#14	0
84121#0	Q0	9363688#4	0
84121#0	Q0	60131#40	0
84121#0	Q0	127#4	0
84121#0	Q0	8827660#9	0
84121#0	Q0	60131#31	0
841360#0	Q0	9272173#17	1
841360#0	Q0	238210#0	1
841360#0	Q0	2645047#1	1
841360#0	Q0	238210#1	1
841360#0	Q0	238210#4	1
841360#0	Q0	93871#63	0
841360#0	Q0	9765017#12	0
841360#0	Q0	238210#2	0
841360#0	Q0	7686054#19	0
841360#0	Q0	238210#8	0
8416758#0	Q0	3311#89	1
8416758#0	Q0	9240794#55	1
8416758#0	Q0	9240794#56	1
8416758#0	Q0	2927940#1	1
8416758#0	Q0	2927940#0	1
8416758#0	Q0	9240794#58	1
8416758#0	Q0	52084#8	0
8416758#0	Q0	3980629#1	0
8416758#0	Q0	9240794#0	0
8416758#0	Q0	9240794#9	0
8418996#0	Q0	8418996#0	1
8418996#0	Q0	8071400#3	1
8418996#0	Q0	8420787#3	0
8418996#0	Q0	8420787#21	0
8418996#0	Q0	3819126#0	0
8418996#0	Q0	8419030#0	0
8418996#0	Q0	266522#7	0
8418996#0	Q0	19469#59	0
8418996#0	Q0	3819126#2	0
8418996#0	Q0	8419053#0	0
8420848#0	Q0	590779#8	1
8420848#0	Q0	9370045#35	1
8420848#0	Q0	6823904#5	0
8420848#0	Q0	6587218#5	0
8420848#0	Q0	9812118#29	0
8420848#0	Q0	6404675#5	0
8420848#0	Q0	4923359#24	0
8420848#0	Q0	8369109#25	0
8420848#0	Q0	7892611#5	0
8420848#0	Q0	9339019#26	0
8424151#0	Q0	1217708#0	1
8424151#0	Q0	7025493#18	0
8424151#0	Q0	8981785#2	0
8424151#0	Q0	800370#1	0
8424151#0	Q0	8981785#4	0
8424151#0	Q0	8981785#0	0
8424151#0	Q0	8414221#0	0
8424151#0	Q0	7786938#1	0
8424151#0	Q0	4292734#39	0
8424151#0	Q0	5786433#11	0
8428197#0	Q0	623678#3	1
8428197#0	Q0	470583#30	1
8428197#0	Q0	11238#1	1
8428197#0	Q0	6843058#1	1
8428197#0	Q0	8949262#4	1
8428197#0	Q0	237766#24	1
8428197#0	Q0	347398#2	1
8428197#0	Q0	1387699#64	0
8428197#0	Q0	636007#9	0
8428197#0	Q0	23479#4	0
8429424#0	Q0	102370#0	1
8429424#0	Q0	6702#5	1
8429424#0	Q0	7696621#10	1
8429424#0	Q0	6913355#0	1
8429424#0	Q0	2178694#0	1
8429424#0	Q0	7882661#4	1
8429424#0	Q0	10234#70	1
8429424#0	Q0	8591266#22	1
8429424#0	Q0	8802190#10	1
8429424#0	Q0	7329320#2	1
8446188#0	Q0	740261#0	1
8446188#0	Q0	853265#21	1
8446188#0	Q0	740261#6	0
8446188#0	Q0	198329#5	0
8446188#0	Q0	29911#14	0
8446188#0	Q0	139250#48	0
8446188#0	Q0	5434636#0	0
8446188#0	Q0	853265#23	0
8446188#0	Q0	1938453#2	0
8446188#0	Q0	2757972#5	0
8449817#0	Q0	2201373#10	1
8449817#0	Q0	2201373#0	1
8449817#0	Q0	522574#10	1
8449817#0	Q0	36#63	1
8449817#0	Q0	1554743#2	1
8449817#0	Q0	2198335#0	1
8449817#0	Q0	2201373#20	0
8449817#0	Q0	2201373#12	0
8449817#0	Q0	7914522#1	0
8449817#0	Q0	2201373#14	0
8451846#0	Q0	128196#17	1
8451846#0	Q0	128196#3	0
8451846#0	Q0	7828978#0	0
8451846#0	Q0	4296618#0	0
8451846#0	Q0	1747457#0	0
8451846#0	Q0	8458359#0	0
8451846#0	Q0	4436882#0	0
8451846#0	Q0	352391#0	0
8451846#0	Q0	8432299#0	0
8451846#0	Q0	8451846#0	0
8459969#0	Q0	361727#0	1
8459969#0	Q0	361727#3	1
8459969#0	Q0	361727#1	1
8459969#0	Q0	361727#2	1
8459969#0	Q0	361727#7	1
8459969#0	Q0	4383784#3	1
8459969#0	Q0	361727#4	1
8459969#0	Q0	3223990#0	1
8459969#0	Q0	1318802#9	1
8459969#0	Q0	9836332#3	0
8462923#0	Q0	3541534#0	1
8462923#0	Q0	5813967#6	1
8462923#0	Q0	9307533#2	1
8462923#0	Q0	326835#6	1
8462923#0	Q0	7084828#3	1
8462923#0	Q0	326835#40	1
8462923#0	Q0	3541534#3	1
8462923#0	Q0	1146014#2	1
8462923#0	Q0	95794#0	0
8462923#0	Q0	5813967#10	0
8465334#0	Q0	204711#4	1
8465334#0	Q0	6864645#0	0
8465334#0	Q0	16393#7	0
8465334#0	Q0	800#33	0
8465334#0	Q0	800#32	0
8465334#0	Q0	9728661#14	0
8465334#0	Q0	800#36	0
8465334#0	Q0	10057541#1	0
8465334#0	Q0	16393#3	0
8465334#0	Q0	8533737#8	0
8475838#0	Q0	4722736#2	1
8475838#0	Q0	4733636#2	1
8475838#0	Q0	3682296#2	0
8475838#0	Q0	6480668#5	0
8475838#0	Q0	1569358#10	0
8475838#0	Q0	4181#114	0
8475838#0	Q0	3682296#3	0
8475838#0	Q0	4134695#1	0
8475838#0	Q0	1060321#91	0
8475838#0	Q0	6889487#26	0
8477364#0	Q0	144457#19	1
8477364#0	Q0	144457#8	1
8477364#0	Q0	144457#9	1
8477364#0	Q0	1401965#43	1
8477364#0	Q0	144457#11	1
8477364#0	Q0	144457#56	0
8477364#0	Q0	6257142#1	0
8477364#0	Q0	144457#55	0
8477364#0	Q0	144457#58	0
8477364#0	Q0	7586949#6	0
848193#0	Q0	3649512#36	1
848193#0	Q0	26183#25	1
848193#0	Q0	4417207#0	0
848193#0	Q0	27073#48	0
848193#0	Q0	37865#30	0
848193#0	Q0	1821410#56	0
848193#0	Q0	1129098#11	0
848193#0	Q0	127043#27	0
8483531#0	Q0	129701#22	1
8483531#0	Q0	9889770#17	1
8483531#0	Q0	189991#7	1
8483531#0	Q0	6396#21	0
8483531#0	Q0	90330#11	0
8483531#0	Q0	96061#0	0
8483531#0	Q0	9256531#29	0
8483531#0	Q0	749604#5	0
8483531#0	Q0	763925#2	0
8483531#0	Q0	4325278#27	0
8486148#0	Q0	8109#15	1
8486148#0	Q0	6568252#0	0
8486148#0	Q0	7971035#1	0
8486148#0	Q0	8064718#0	0
8486148#0	Q0	71612#11	0
8486148#0	Q0	9177927#0	0
8486148#0	Q0	10089271#0	0
8486148#0	Q0	9178476#0	0
8486148#0	Q0	8753628#7	0
8486148#0	Q0	8109#43	0
8496115#0	Q0	6554138#7	1
8496115#0	Q0	1472423#1	1
8496115#0	Q0	7578773#126	1
8496115#0	Q0	148617#22	1
8496115#0	Q0	1472423#14	1
8496115#0	Q0	118084#33	1
8496115#0	Q0	9018100#8	1
8496115#0	Q0	90566#155	1
8496115#0	Q0	90566#133	0
8496115#0	Q0	1472423#2	0
8502861#0	Q0	9904822#4	1
8502861#0	Q0	9901181#1	1
8502861#0	Q0	1259028#2	1
8502861#0	Q0	9910133#3	1
8502861#0	Q0	557582#8	1
8502861#0	Q0	10005#72	1
8502861#0	Q0	1259028#1	0
8502861#0	Q0	9910133#20	0
8502861#0	Q0	8429871#1	0
8502861#0	Q0	733325#22	0
8505122#0	Q0	158999#12	1
8505122#0	Q0	8251#10	1
8505122#0	Q0	1877667#3	1
8505122#0	Q0	5734#12	1
8505122#0	Q0	14821#186	1
8505122#0	Q0	9508217#34	1
8505122#0	Q0	405189#0	1
8505122#0	Q0	8572177#3	1
8505122#0	Q0	405189#1	1
8505122#0	Q0	52182#1	0
8511278#0	Q0	4124048#2	1
8511278#0	Q0	2831792#0	1
8511278#0	Q0	9511228#10	1
8511278#0	Q0	53217#0	0
8511278#0	Q0	266893#5	0
8511278#0	Q0	2831792#94	0
8511278#0	Q0	131709#2	0
8511278#0	Q0	2831792#31	0
8511278#0	Q0	261#64	0
8511278#0	Q0	4332636#9	0
8512057#0	Q0	41339#5	1
8512057#0	Q0	112603#22	1
8512057#0	Q0	50045#14	0
8512057#0	Q0	6932#45	0
8512057#0	Q0	41338#98	0
8512057#0	Q0	112603#21	0
8512057#0	Q0	485#16	0
8512057#0	Q0	41338#1	0
8512057#0	Q0	786017#7	0
8512057#0	Q0	4017#16	0
8512921#0	Q0	9814430#13	1
8512921#0	Q0	1095501#2	0
8512921#0	Q0	1095501#3	0
8512921#0	Q0	7416892#2	0
8512921#0	Q0	8616412#7	0
8512921#0	Q0	7416764#18	0
8512921#0	Q0	2117596#2	0
8512921#0	Q0	9884045#6	0
8512921#0	Q0	9409842#2	0
8512921#0	Q0	7768319#8	0
8513344#0	Q0	8422902#31	1
8513344#0	Q0	8422902#30	1
8513344#0	Q0	72899#0	1
8513344#0	Q0	10066839#9	1
8513344#0	Q0	10066839#3	1
8513344#0	Q0	141188#7	1
8513344#0	Q0	8404734#9	1
8513344#0	Q0	10066839#8	1
8513344#0	Q0	1237831#0	1
8513344#0	Q0	8422902#9	0
8517764#0	Q0	137413#4	1
8517764#0	Q0	6487735#0	1
8517764#0	Q0	137413#3	1
8517764#0	Q0	137413#5	1
8517764#0	Q0	59996#9	1
8517764#0	Q0	1462721#2	1
8517764#0	Q0	137413#0	0
8517764#0	Q0	1334570#1	0
8517764#0	Q0	287298#27	0
8517764#0	Q0	137413#1	0
852289#0	Q0	6081753#4	1
852289#0	Q0	75212#10	1
852289#0	Q0	8690962#10	1
852289#0	Q0	89965#0	1
852289#0	Q0	5006346#0	0
852289#0	Q0	292738#4	0
852289#0	Q0	9952348#0	0
852289#0	Q0	1711786#0	0
852289#0	Q0	704308#6	0
852289#0	Q0	512254#2	0
852379#0	Q0	126869#2	1
852379#0	Q0	60076#5	1
852379#0	Q0	79339#10	1
852379#0	Q0	121899#2	0
852379#0	Q0	2384152#4	0
852379#0	Q0	693641#26	0
852379#0	Q0	273447#0	0
852379#0	Q0	542237#0	0
852379#0	Q0	126869#0	0
852379#0	Q0	693641#25	0
8523808#0	Q0	8025225#0	1
8523808#0	Q0	8025225#3	1
8523808#0	Q0	8025225#1	1
8523808#0	Q0	6332286#432	1
8523808#0	Q0	5978905#62	1
8523808#0	Q0	6332286#434	1
8523808#0	Q0	6332286#26	1
8523808#0	Q0	6332286#0	1
8523808#0	Q0	6332286#91	1
8523808#0	Q0	6332286#66	1
8535133#0	Q0	8535133#3	1
8535133#0	Q0	8535133#0	1
8535133#0	Q0	78915#9	1
8535133#0	Q0	7703081#4	1
8535133#0	Q0	8535133#1	1
8535133#0	Q0	1130992#2	1
8535133#0	Q0	25390#34	1
8535133#0	Q0	1546083#88	0
8535133#0	Q0	169788#56	0
8535133#0	Q0	11298#38	0
853631#0	Q0	84029#0	1
853631#0	Q0	2198847#4	1
853631#0	Q0	6143867#0	1
853631#0	Q0	84029#9	1
853631#0	Q0	2198847#6	1
853631#0	Q0	6371928#4	1
853631#0	Q0	84029#11	1
853631#0	Q0	2198847#5	1
853631#0	Q0	84029#6	0
853631#0	Q0	84029#10	0
8537133#0	Q0	4201688#4	1
8537133#0	Q0	4201688#0	1
8537133#0	Q0	8692260#13	1
8537133#0	Q0	4201688#2	1
8537133#0	Q0	6472531#5	1
8537133#0	Q0	6375950#3	0
8537133#0	Q0	6366000#1	0
8537133#0	Q0	48625#0	0
8537133#0	Q0	5284563#37	0
8537133#0	Q0	2018125#30	0
8538246#0	Q0	322444#0	1
8538246#0	Q0	8169936#11	1
8538246#0	Q0	1547452#7	1
8538246#0	Q0	322444#8	1
8538246#0	Q0	7234601#1	1
8538246#0	Q0	1227609#2	1
8538246#0	Q0	322900#8	1
8538246#0	Q0	322444#7	1
8538246#0	Q0	322444#10	1
8538246#0	Q0	322900#0	1
8539963#0	Q0	17510#54	1
8539963#0	Q0	4189375#4	1
8539963#0	Q0	1974551#14	1
8539963#0	Q0	689178#0	0
8539963#0	Q0	2002106#0	0
8539963#0	Q0	17510#10	0
8539963#0	Q0	1494244#5	0
8539963#0	Q0	693800#0	0
8539963#0	Q0	17510#9	0
8539963#0	Q0	5226863#2	0
8545298#0	Q0	4173528#0	1
8545298#0	Q0	4501364#0	1
8545298#0	Q0	7970652#2	1
8545298#0	Q0	74707#16	1
8545298#0	Q0	669254#1	1
8545298#0	Q0	32730#42	1
8545298#0	Q0	189158#1	0
8545298#0	Q0	6401165#3	0
8551489#0	Q0	8720344#0	1
8551489#0	Q0	7823358#61	1
8551489#0	Q0	5064747#0	1
8551489#0	Q0	269906#51	1
8551489#0	Q0	382787#46	0
8551489#0	Q0	121432#29	0
8551489#0	Q0	225673#0	0
8551489#0	Q0	6065750#6	0
8551489#0	Q0	631312#2	0
8551489#0	Q0	10001939#4	0
8552145#0	Q0	31994#0	1
8552145#0	Q0	8552145#5	1
8552145#0	Q0	31994#1	1
8552145#0	Q0	279325#3	1
8552145#0	Q0	5236661#4	1
8552145#0	Q0	4553195#7	0
8552145#0	Q0	4553195#0	0
8552145#0	Q0	279325#1	0
8552145#0	Q0	279325#0	0
8552145#0	Q0	4553195#4	0
8557167#0	Q0	84209#1	1
8557167#0	Q0	1130356#0	1
8557167#0	Q0	64636#0	1
8557167#0	Q0	64636#20	1
8557167#0	Q0	84209#0	0
8557167#0	Q0	7246377#20	0
8557167#0	Q0	64636#14	0
8557167#0	Q0	7246377#33	0
8557167#0	Q0	7905756#2	0
8557167#0	Q0	64636#4	0
8559702#0	Q0	285175#18	1
8559702#0	Q0	150828#2	1
8559702#0	Q0	77396#2	0
8559702#0	Q0	3507660#5	0
8559702#0	Q0	748490#7	0
8559702#0	Q0	7846894#21	0
8559702#0	Q0	6445277#18	0
8559702#0	Q0	8559702#3	0
8559702#0	Q0	5423830#6	0
8559702#0	Q0	8290155#1	0
8572321#0	Q0	206924#0	1
8572321#0	Q0	485#0	1
8572321#0	Q0	7640#0	1
8572321#0	Q0	1087442#2	1
8572321#0	Q0	50749#0	1
8572321#0	Q0	817#1	1
8572321#0	Q0	485#47	1
8572321#0	Q0	7640#23	0
8572321#0	Q0	7640#48	0
8572321#0	Q0	860770#0	0
8575836#0	Q0	11832#10	1
8575836#0	Q0	55551#5	1
8575836#0	Q0	11832#5	1
8575836#0	Q0	55551#7	1
8575836#0	Q0	11832#11	1
8575836#0	Q0	55551#8	1
8575836#0	Q0	5095277#9	0
8575836#0	Q0	6385903#0	0
8575836#0	Q0	11832#12	0
8575836#0	Q0	6385903#4	0
8586821#0	Q0	33218#10	1
8586821#0	Q0	4449545#10	1
8586821#0	Q0	1216964#113	1
8586821#0	Q0	8396707#12	1
8586821#0	Q0	5085645#5	1
8586821#0	Q0	6007667#13	1
8586821#0	Q0	8810931#4	1
8586821#0	Q0	80010#1	1
8586821#0	Q0	6702#48	1
8586821#0	Q0	8767485#34	0
859153#0	Q0	2870555#0	1
859153#0	Q0	2880165#0	1
859153#0	Q0	859153#0	1
859153#0	Q0	2880165#1	1
859153#0	Q0	2748220#17	0
859153#0	Q0	4650232#0	0
859153#0	Q0	539856#0	0
859153#0	Q0	48497#0	0
859153#0	Q0	8535947#1	0
859153#0	Q0	1188115#0	0
8598581#0	Q0	362593#0	1
8598581#0	Q0	522574#3	1
8598581#0	Q0	6452021#11	1
8598581#0	Q0	9057#6	1
8598581#0	Q0	9964718#3	1
8598581#0	Q0	9057#4	1
8598581#0	Q0	5840768#16	1
8598581#0	Q0	182748#0	0
8598581#0	Q0	3301752#5	0
8598581#0	Q0	3253466#0	0
8604730#0	Q0	8908486#2	1
8604730#0	Q0	5657016#3	1
8604730#0	Q0	6925457#1	1
8604730#0	Q0	5657016#0	1
8604730#0	Q0	5061384#0	1
8604730#0	Q0	7412345#47	0
8604730#0	Q0	1040949#9	0
8604730#0	Q0	2308052#2	0
8604730#0	Q0	8918407#2	0
8604730#0	Q0	8413022#2	0
8612919#0	Q0	342900#0	1
8612919#0	Q0	164290#0	1
8612919#0	Q0	224052#4	1
8612919#0	Q0	6166541#2	1
8612919#0	Q0	5801996#14	1
8612919#0	Q0	5018584#15	1
8612919#0	Q0	5801996#12	0
8612919#0	Q0	5831533#1	0
8612919#0	Q0	2770042#78	0
8612919#0	Q0	6193314#0	0
861675#0	Q0	337977#59	1
861675#0	Q0	1371142#0	1
861675#0	Q0	8506730#12	1
861675#0	Q0	1371142#34	1
861675#0	Q0	9803373#3	1
861675#0	Q0	1371142#35	1
861675#0	Q0	8506730#0	0
861675#0	Q0	1371142#33	0
861675#0	Q0	1371142#39	0
861675#0	Q0	9556676#31	0
8620993#0	Q0	1908740#18	1
8620993#0	Q0	4709076#2	1
8620993#0	Q0	3651981#11	1
8620993#0	Q0	457258#8	0
8620993#0	Q0	457258#5	0
8620993#0	Q0	457258#0	0
8620993#0	Q0	457258#4	0
8620993#0	Q0	457258#1	0
8620993#0	Q0	457258#7	0
8620993#0	Q0	4706552#3	0
8624570#0	Q0	1877355#2	1
8624570#0	Q0	182848#33	0
8624570#0	Q0	182848#9	0
8624570#0	Q0	182848#5	0
8624570#0	Q0	388036#2	0
8624570#0	Q0	919933#2	0
8624570#0	Q0	4460041#10	0
8624570#0	Q0	3084711#1	0
8624570#0	Q0	746611#54	0
8624570#0	Q0	6876101#2	0
8630436#0	Q0	19213#5	1
8630436#0	Q0	1550641#7	1
8630436#0	Q0	19213#1	1
8630436#0	Q0	555593#0	1
8630436#0	Q0	19213#4	1
8630436#0	Q0	1739349#0	1
8630436#0	Q0	8753543#0	1
8630436#0	Q0	1975991#0	1
8630436#0	Q0	713182#0	1
8630436#0	Q0	4512721#0	0
8641916#0	Q0	697538#0	1
8641916#0	Q0	418008#0	1
8641916#0	Q0	7446382#0	1
8641916#0	Q0	725174#0	1
8641916#0	Q0	4121307#0	1
8641916#0	Q0	8385439#0	1
8641916#0	Q0	8741028#0	1
8641916#0	Q0	8734889#0	1
8641916#0	Q0	8707483#0	1
8641916#0	Q0	5085151#0	1
8650320#0	Q0	7714426#2	1
8650320#0	Q0	6315613#2	1
8650320#0	Q0	98434#13	1
8650320#0	Q0	3438353#7	1
8650320#0	Q0	568220#0	1
8650320#0	Q0	3438353#22	0
8650320#0	Q0	4793634#4	0
8650320#0	Q0	8221#48	0
8650320#0	Q0	3438353#18	0
8650320#0	Q0	3438353#6	0
8650599#0	Q0	577084#8	1
8650599#0	Q0	8838665#3	1
8650599#0	Q0	2427781#1	1
8650599#0	Q0	8848299#7	1
8650599#0	Q0	8838665#1	1
8650599#0	Q0	8818629#3	1
8650599#0	Q0	577084#12	1
8650599#0	Q0	577084#9	0
8650599#0	Q0	1760163#7	0
8650599#0	Q0	2789248#0	0
865176#0	Q0	49818#1	1
865176#0	Q0	49818#0	1
865176#0	Q0	49818#57	1
865176#0	Q0	49818#29	1
865176#0	Q0	6295748#1	1
865176#0	Q0	49818#30	1
865176#0	Q0	49818#3	1
865176#0	Q0	49818#70	1
865176#0	Q0	49818#56	1
865176#0	Q0	8204861#34	1
8654744#0	Q0	6103421#18	1
8654744#0	Q0	8727788#17	1
8654744#0	Q0	10165327#14	1
8654744#0	Q0	6103421#0	0
8654744#0	Q0	7434191#16	0
8654744#0	Q0	6103421#19	0
8654744#0	Q0	6103421#25	0
8654744#0	Q0	6103421#17	0
8654744#0	Q0	8729979#18	0
8654744#0	Q0	7147418#8	0
8655386#0	Q0	8655386#0	1
8655386#0	Q0	8655388#0	1
8655386#0	Q0	8655380#0	1
8655386#0	Q0	210350#4	1
8655386#0	Q0	174551#7	0
8655386#0	Q0	1344332#1	0
8655386#0	Q0	1344332#2	0
8655386#0	Q0	2971378#0	0
8655386#0	Q0	1344433#0	0
8655386#0	Q0	1344332#0	0
8656676#0	Q0	17169#15	1
8656676#0	Q0	17162#21	1
8656676#0	Q0	51825#0	1
8656676#0	Q0	6423781#4	1
8656676#0	Q0	946811#2	1
8656676#0	Q0	3522387#0	1
8656676#0	Q0	6423781#1	1
8656676#0	Q0	17169#0	1
8656676#0	Q0	17169#4	1
8656676#0	Q0	946811#1	0
8658294#0	Q0	221512#0	1
8658294#0	Q0	221512#110	1
8658294#0	Q0	221512#62	1
8658294#0	Q0	276780#170	1
8658294#0	Q0	64185#5	1
8658294#0	Q0	221512#53	0
8658294#0	Q0	221512#8	0
8658294#0	Q0	5300#21	0
8658294#0	Q0	268232#105	0
8658294#0	Q0	3809#40	0
8659678#0	Q0	6385333#2	1
8659678#0	Q0	4903115#6	1
8659678#0	Q0	10113821#4	1
8659678#0	Q0	444359#2	1
8659678#0	Q0	1869757#9	0
8659678#0	Q0	30960#1	0
8659678#0	Q0	4903115#0	0
8659678#0	Q0	226000#21	0
8659678#0	Q0	107331#61	0
8659678#0	Q0	393162#5	0
8672230#0	Q0	8672230#0	1
8672230#0	Q0	8672230#9	1
8672230#0	Q0	8672230#6	1
8672230#0	Q0	8672230#10	1
8672230#0	Q0	8672230#4	1
8672230#0	Q0	8672230#5	1
8672230#0	Q0	763738#4	0
8672230#0	Q0	6274926#4	0
8672230#0	Q0	1673352#9	0
8672230#0	Q0	8329478#2	0
8672408#0	Q0	6956#33	1
8672408#0	Q0	6956#37	1
8672408#0	Q0	6956#38	1
8672408#0	Q0	9740859#0	1
8672408#0	Q0	6033209#0	1
8672408#0	Q0	6956#2	1
8672408#0	Q0	1836459#1	1
8672408#0	Q0	10094427#3	1
8672408#0	Q0	4876886#0	1
8672408#0	Q0	77339#10	1
8676139#0	Q0	8676139#0	1
8676139#0	Q0	445813#0	1
8676139#0	Q0	8676139#1	1
8676139#0	Q0	445813#33	1
8676139#0	Q0	8651908#0	0
8676139#0	Q0	8004139#0	0
8676139#0	Q0	445813#17	0
8676139#0	Q0	449792#1	0
8676139#0	Q0	1353781#9	0
8676139#0	Q0	445813#31	0
8683747#0	Q0	9554645#9	1
8683747#0	Q0	10156678#9	1
8683747#0	Q0	8565478#2	0
8683747#0	Q0	5388499#19	0
8683747#0	Q0	10030297#18	0
8683747#0	Q0	10024109#17	0
8683747#0	Q0	10030297#2	0
8683747#0	Q0	5912606#5	0
8683747#0	Q0	458704#3	0
8683747#0	Q0	5388499#16	0
8685029#0	Q0	121172#0	1
8685029#0	Q0	1060476#7	1
8685029#0	Q0	5267708#4	1
8685029#0	Q0	117404#0	1
8685029#0	Q0	4967411#1	1
8685029#0	Q0	121172#4	1
8685029#0	Q0	8605#10	1
8685029#0	Q0	121172#2	1
8685029#0	Q0	7200810#2	1
8685029#0	Q0	121172#1	1
869455#0	Q0	120663#1	1
869455#0	Q0	488130#11	1
869455#0	Q0	31528#31	1
869455#0	Q0	5602671#3	1
869455#0	Q0	735513#42	1
869455#0	Q0	1711091#8	1
869455#0	Q0	476740#24	1
869455#0	Q0	81701#9	1
869455#0	Q0	5635002#21	1
869455#0	Q0	784445#7	1
8695067#0	Q0	43743#1	1
8695067#0	Q0	1857147#3	1
8695067#0	Q0	43743#0	1
8695067#0	Q0	43743#16	1
8695067#0	Q0	975#8	1
8695067#0	Q0	129678#2	1
8695067#0	Q0	3745#2	1
8695067#0	Q0	40580#6	1
8695067#0	Q0	9746094#6	0
8695067#0	Q0	43743#19	0
8697622#0	Q0	1177178#0	1
8697622#0	Q0	8905343#2	0
8697622#0	Q0	4663778#0	0
8697622#0	Q0	4284064#0	0
8697622#0	Q0	558030#0	0
8697622#0	Q0	1177178#4	0
8697622#0	Q0	6039484#0	0
8697622#0	Q0	2830412#0	0
8697622#0	Q0	4227391#0	0
8697622#0	Q0	6293524#2	0
869783#0	Q0	869783#19	1
869783#0	Q0	8322149#2	0
869783#0	Q0	5542903#1	0
869783#0	Q0	2321815#8	0
869783#0	Q0	8362335#3	0
869783#0	Q0	869783#9	0
869783#0	Q0	869783#0	0
869783#0	Q0	700909#9	0
869783#0	Q0	1479221#2	0
869783#0	Q0	869783#4	0
8699984#0	Q0	8699984#2	1
8699984#0	Q0	8699984#1	1
8699984#0	Q0	23797#7	1
8699984#0	Q0	8699984#6	1
8699984#0	Q0	7256718#0	1
8699984#0	Q0	23797#26	1
8699984#0	Q0	7475261#12	1
8699984#0	Q0	23797#12	0
8699984#0	Q0	8699984#3	0
8699984#0	Q0	6976999#40	0
87#0	Q0	6899#33	1
87#0	Q0	3612996#14	1
87#0	Q0	9306530#2	1
87#0	Q0	9306530#0	1
87#0	Q0	88922#17	1
87#0	Q0	3612996#5	1
87#0	Q0	9302332#4	1
87#0	Q0	4569018#2	1
87#0	Q0	6899#30	1
87#0	Q0	9306530#1	0
8709578#0	Q0	471836#2	1
8709578#0	Q0	4210034#2	1
8709578#0	Q0	9750849#1	1
8709578#0	Q0	601662#1	1
8709578#0	Q0	6451801#5	1
8709578#0	Q0	281246#27	1
8709578#0	Q0	3194995#35	1
8709578#0	Q0	281246#10	0
8709578#0	Q0	10043319#2	0
8709578#0	Q0	4267465#0	0
87315#0	Q0	890833#4	1
87315#0	Q0	890833#1	1
87315#0	Q0	890833#9	1
87315#0	Q0	890833#0	0
87315#0	Q0	890833#17	0
87315#0	Q0	9200662#1	0
87315#0	Q0	890833#18	0
87315#0	Q0	4251825#0	0
87315#0	Q0	890833#6	0
87315#0	Q0	3946023#0	0
8743867#0	Q0	39275#6	1
8743867#0	Q0	2302612#4	1
8743867#0	Q0	7992714#1	0
8743867#0	Q0	9615330#23	0
8743867#0	Q0	169264#5	0
8743867#0	Q0	546949#9	0
8743867#0	Q0	6182087#0	0
8743867#0	Q0	8819516#1	0
8743867#0	Q0	1039715#6	0
8743867#0	Q0	7732735#2	0
8746063#0	Q0	148926#19	1
8746063#0	Q0	226166#5	0
8746063#0	Q0	157320#0	0
8746063#0	Q0	226166#7	0
8746063#0	Q0	101064#131	0
8746063#0	Q0	162786#11	0
8746063#0	Q0	6183164#0	0
8746063#0	Q0	1395258#1	0
8746063#0	Q0	9621158#0	0
8746063#0	Q0	7616209#0	0
8750008#0	Q0	9075#8	1
8750008#0	Q0	13419#46	1
8750008#0	Q0	9075#1	1
8750008#0	Q0	3254193#0	1
8750008#0	Q0	3805514#0	1
8750008#0	Q0	9075#0	0
8750008#0	Q0	4656778#1	0
8750008#0	Q0	4644897#1	0
8750008#0	Q0	604806#0	0
8750008#0	Q0	4665201#1	0
8752062#0	Q0	1466974#0	1
8752062#0	Q0	68736#51	1
8752062#0	Q0	457596#0	1
8752062#0	Q0	40867#39	1
8752062#0	Q0	1305143#0	1
8752062#0	Q0	6250715#0	0
8752062#0	Q0	4110691#11	0
8752062#0	Q0	1466974#1	0
8752062#0	Q0	164643#0	0
8752062#0	Q0	753494#0	0
8753893#0	Q0	147659#0	1
8753893#0	Q0	147659#2	1
8753893#0	Q0	147659#5	1
8753893#0	Q0	8976743#13	1
8753893#0	Q0	147659#9	1
8753893#0	Q0	147659#8	0
8753893#0	Q0	2100#89	0
8753893#0	Q0	1248584#8	0
8753893#0	Q0	147659#1	0
8753893#0	Q0	147659#4	0
8759849#0	Q0	500543#15	1
8759849#0	Q0	500543#6	1
8759849#0	Q0	500543#16	1
8759849#0	Q0	500543#7	1
8759849#0	Q0	500543#17	1
8759849#0	Q0	500543#12	1
8759849#0	Q0	500543#20	1
8759849#0	Q0	500543#19	1
8759849#0	Q0	56288#16	1
8759849#0	Q0	500543#10	0
8760566#0	Q0	8543197#1	1
8760566#0	Q0	8541631#1	1
8760566#0	Q0	8550222#1	1
8760566#0	Q0	8670971#1	1
8760566#0	Q0	8540115#1	1
8760566#0	Q0	8535481#5	0
8760566#0	Q0	8507922#3	0
8760566#0	Q0	731708#1	0
8760566#0	Q0	8507922#2	0
8760566#0	Q0	8958545#5	0
8769025#0	Q0	796868#1	1
8769025#0	Q0	796868#10	1
8769025#0	Q0	796868#3	1
8769025#0	Q0	796868#9	1
8769025#0	Q0	796868#19	1
8769025#0	Q0	796868#11	0
8769025#0	Q0	2322536#0	0
8769025#0	Q0	796868#15	0
8769025#0	Q0	796868#0	0
8769025#0	Q0	796868#16	0
8777887#0	Q0	40476#7	1
8777887#0	Q0	8808676#21	1
8777887#0	Q0	803365#8	1
8777887#0	Q0	6111492#6	1
8777887#0	Q0	187234#27	1
8777887#0	Q0	40476#24	1
8777887#0	Q0	40476#27	1
8777887#0	Q0	2597757#13	0
8777887#0	Q0	59996#20	0
8777887#0	Q0	28338#43	0
8778201#0	Q0	78096#14	1
8778201#0	Q0	78423#0	1
8778201#0	Q0	258#3	1
8778201#0	Q0	254462#0	1
8778201#0	Q0	258#0	1
8778201#0	Q0	19481#22	1
8778201#0	Q0	65300#0	0
8778201#0	Q0	78421#1	0
8778201#0	Q0	78533#0	0
8778201#0	Q0	258#57	0
8778833#0	Q0	9494567#5	1
8778833#0	Q0	9494567#4	1
8778833#0	Q0	9494567#3	1
8778833#0	Q0	9494567#0	1
8778833#0	Q0	84010#16	0
8778833#0	Q0	2307433#24	0
8778833#0	Q0	2420577#1	0
8778833#0	Q0	1782757#10	0
8778833#0	Q0	9817086#1	0
8778833#0	Q0	9362571#82	0
8779839#0	Q0	4120082#20	1
8779839#0	Q0	4635666#26	1
8779839#0	Q0	260088#2	1
8779839#0	Q0	4635666#17	1
8779839#0	Q0	40#6	1
8779839#0	Q0	40#1	1
8779839#0	Q0	40#40	1
8779839#0	Q0	40#5	1
8779839#0	Q0	975643#8	1
8779839#0	Q0	975643#0	0
8780275#0	Q0	12092#111	1
8780275#0	Q0	360398#3	0
8780275#0	Q0	12092#0	0
8780275#0	Q0	360398#0	0
8780275#0	Q0	403495#2	0
8780275#0	Q0	1055726#0	0
8780275#0	Q0	395842#0	0
8780275#0	Q0	2307691#9	0
8780275#0	Q0	360398#5	0
8780275#0	Q0	12092#31	0
878286#0	Q0	168080#1	1
878286#0	Q0	949673#19	1
878286#0	Q0	11262#0	1
878286#0	Q0	11262#1	0
878286#0	Q0	11262#20	0
878286#0	Q0	11262#22	0
878286#0	Q0	11262#27	0
878286#0	Q0	11262#2	0
878286#0	Q0	11262#28	0
878286#0	Q0	2152#8	0
8785644#0	Q0	459817#2	1
8785644#0	Q0	459817#10	1
8785644#0	Q0	536018#0	1
8785644#0	Q0	459817#1	1
8785644#0	Q0	459817#5	1
8785644#0	Q0	173318#31	1
8785644#0	Q0	10018947#50	0
8785644#0	Q0	10018947#52	0
8785644#0	Q0	12145#38	0
8785644#0	Q0	1174513#9	0
8787510#0	Q0	202826#39	1
8787510#0	Q0	8104359#1	1
8787510#0	Q0	9433319#66	1
8787510#0	Q0	3311#153	1
8787510#0	Q0	5895610#35	1
8787510#0	Q0	1335568#0	1
8787510#0	Q0	1335568#2	1
8787510#0	Q0	9132472#20	1
8787510#0	Q0	553340#3	0
8787510#0	Q0	119347#32	0
8789739#0	Q0	6264766#6	1
8789739#0	Q0	7799#106	1
8789739#0	Q0	236160#3	1
8789739#0	Q0	7799#136	1
8789739#0	Q0	80208#52	1
8789739#0	Q0	7799#108	1
8789739#0	Q0	2456569#1	1
8789739#0	Q0	126599#0	0
8789739#0	Q0	7799#0	0
8789739#0	Q0	8687632#38	0
8795829#0	Q0	48633#108	1
8795829#0	Q0	969213#0	1
8795829#0	Q0	1225949#10	1
8795829#0	Q0	43153#24	1
8795829#0	Q0	43153#47	1
8795829#0	Q0	969213#7	0
8795829#0	Q0	7237540#7	0
8795829#0	Q0	2478563#46	0
8795829#0	Q0	42768#110	0
8795829#0	Q0	6943930#2	0
8796029#0	Q0	8422902#0	1
8796029#0	Q0	8422902#9	1
8796029#0	Q0	72899#0	1
8796029#0	Q0	8422902#2	1
8796029#0	Q0	141188#7	1
8796029#0	Q0	8422902#31	1
8796029#0	Q0	1286438#0	0
8796029#0	Q0	8422902#13	0
8796029#0	Q0	8422902#19	0
8796029#0	Q0	8422902#5	0
8805915#0	Q0	154720#1	1
8805915#0	Q0	154720#7	1
8805915#0	Q0	154720#31	1
8805915#0	Q0	154720#11	1
8805915#0	Q0	154720#2	1
8805915#0	Q0	154720#0	1
8805915#0	Q0	154720#12	1
8805915#0	Q0	154720#3	0
8805915#0	Q0	6858883#14	0
8805915#0	Q0	9302213#19	0
8808264#0	Q0	10104#15	1
8808264#0	Q0	6317531#2	0
8808264#0	Q0	6317531#0	0
8808264#0	Q0	6025270#0	0
8808264#0	Q0	15813#7	0
8808264#0	Q0	6317531#4	0
8808264#0	Q0	6693#10	0
8808264#0	Q0	15813#3	0
8808264#0	Q0	15813#0	0
8808264#0	Q0	15813#21	0
8809372#0	Q0	8853476#24	1
8809372#0	Q0	4329165#3	1
8809372#0	Q0	7595125#11	1
8809372#0	Q0	1005919#36	0
8809372#0	Q0	1766708#10	0
8809372#0	Q0	8852490#3	0
8809372#0	Q0	8397949#7	0
8809372#0	Q0	9244313#2	0
8809372#0	Q0	1005919#8	0
8809372#0	Q0	916665#2	0
8810257#0	Q0	7744745#1	1
8810257#0	Q0	34810#59	1
8810257#0	Q0	7744745#4	1
8810257#0	Q0	902135#12	1
8810257#0	Q0	5698#278	1
8810257#0	Q0	8871990#8	0
8810257#0	Q0	92185#1	0
8810257#0	Q0	7320240#22	0
8810257#0	Q0	8772#62	0
8810257#0	Q0	10031263#26	0
881029#0	Q0	1085974#2	1
881029#0	Q0	6035990#2	1
881029#0	Q0	226047#7	1
881029#0	Q0	7890931#2	1
881029#0	Q0	868416#12	1
881029#0	Q0	111195#25	1
881029#0	Q0	8910967#0	1
881029#0	Q0	8077093#5	1
881029#0	Q0	5166957#2	1
881029#0	Q0	1042601#43	0
88171#0	Q0	6839929#27	1
88171#0	Q0	2386928#39	0
88171#0	Q0	1585432#7	0
88171#0	Q0	5429206#11	0
88171#0	Q0	100569#13	0
88171#0	Q0	9420#36	0
88171#0	Q0	4576961#2	0
88171#0	Q0	108806#18	0
88171#0	Q0	1581155#0	0
88171#0	Q0	1984284#3	0
8828027#0	Q0	6193598#1	1
8828027#0	Q0	7347#9	1
8828027#0	Q0	7347#0	0
8828027#0	Q0	4483348#26	0
8828027#0	Q0	1249779#23	0
8828027#0	Q0	955824#25	0
8828027#0	Q0	534785#74	0
8828027#0	Q0	1249779#63	0
8828027#0	Q0	1249779#109	0
8828027#0	Q0	7440825#16	0
88294#0	Q0	6478866#3	1
88294#0	Q0	6479877#4	1
88294#0	Q0	6478259#0	1
88294#0	Q0	22261#5	1
88294#0	Q0	6478259#39	1
88294#0	Q0	1326914#1	1
88294#0	Q0	6478259#34	1
88294#0	Q0	4675605#16	1
88294#0	Q0	6478259#1	0
88294#0	Q0	6479877#3	0
8835463#0	Q0	647467#0	1
8835463#0	Q0	6496537#14	1
8835463#0	Q0	843738#32	1
8835463#0	Q0	613879#11	1
8835463#0	Q0	8621881#30	1
8835463#0	Q0	726451#24	1
8835463#0	Q0	5359007#7	1
8835463#0	Q0	6872101#3	1
8835463#0	Q0	6872101#0	1
8835463#0	Q0	718154#21	0
884563#0	Q0	34529#49	1
884563#0	Q0	85948#26	1
884563#0	Q0	9740#34	1
884563#0	Q0	9740#12	1
884563#0	Q0	9740#31	1
884563#0	Q0	743238#6	1
884563#0	Q0	9740#45	1
884563#0	Q0	238433#3	0
884563#0	Q0	9740#3	0
884563#0	Q0	2542682#5	0
8847858#0	Q0	6590752#2	1
8847858#0	Q0	851904#29	1
8847858#0	Q0	851904#31	1
8847858#0	Q0	6590752#0	1
8847858#0	Q0	4687816#2	1
8847858#0	Q0	6590752#6	1
8847858#0	Q0	6590752#4	1
8847858#0	Q0	5705846#0	1
8847858#0	Q0	6590752#1	1
8847858#0	Q0	4687816#0	1
8850430#0	Q0	536469#0	1
8850430#0	Q0	9781951#1	1
8850430#0	Q0	536469#28	1
8850430#0	Q0	534129#12	1
8850430#0	Q0	536469#45	0
8850430#0	Q0	36082#0	0
8850430#0	Q0	538014#9	0
8850430#0	Q0	542677#3	0
8850430#0	Q0	36082#22	0
8850430#0	Q0	534080#0	0
8852842#0	Q0	10089792#10	1
8852842#0	Q0	10089792#0	1
8852842#0	Q0	9533645#3	1
8852842#0	Q0	9536340#3	1
8852842#0	Q0	10089792#12	1
8852842#0	Q0	10089792#4	1
8852842#0	Q0	10097337#22	1
8852842#0	Q0	9372469#55	0
8852842#0	Q0	10089792#13	0
8852842#0	Q0	10089792#1	0
8853663#0	Q0	8853663#9	1
8853663#0	Q0	8853663#1	1
8853663#0	Q0	8853663#10	1
8853663#0	Q0	8853663#12	1
8853663#0	Q0	8853663#0	0
8853663#0	Q0	8853663#4	0
8853663#0	Q0	8853663#5	0
8853663#0	Q0	8853663#7	0
8853663#0	Q0	8853663#8	0
8853663#0	Q0	8853663#2	0
8857231#0	Q0	76575#0	1
8857231#0	Q0	76575#7	1
8857231#0	Q0	4532294#0	1
8857231#0	Q0	4136209#1	1
8857231#0	Q0	6558514#0	1
8857231#0	Q0	88534#1	1
8857231#0	Q0	88534#10	1
8857231#0	Q0	6513329#0	0
8857231#0	Q0	1463970#0	0
8857231#0	Q0	315073#0	0
8864479#0	Q0	9367#6	1
8864479#0	Q0	4633618#0	1
8864479#0	Q0	362303#4	1
8864479#0	Q0	527688#4	0
8864479#0	Q0	199160#2	0
8864479#0	Q0	287214#3	0
8864479#0	Q0	2622060#0	0
8864479#0	Q0	8774306#1	0
8864479#0	Q0	9367#0	0
8864479#0	Q0	9366#2	0
8864660#0	Q0	5396416#2	1
8864660#0	Q0	1326608#4	1
8864660#0	Q0	300#75	0
8864660#0	Q0	315214#12	0
8864660#0	Q0	8864660#0	0
8864660#0	Q0	738894#44	0
8864660#0	Q0	6192061#0	0
8864660#0	Q0	898483#0	0
8864660#0	Q0	1358999#159	0
8864660#0	Q0	929739#7	0
8866040#0	Q0	2411423#1	1
8866040#0	Q0	19140#59	0
8866040#0	Q0	2411423#0	0
8866040#0	Q0	7445098#2	0
8866040#0	Q0	5428075#2	0
8866040#0	Q0	3972978#6	0
8866040#0	Q0	1704844#0	0
8866040#0	Q0	4680666#33	0
8866040#0	Q0	121054#47	0
8866040#0	Q0	3490122#19	0
8876941#0	Q0	9622445#17	1
8876941#0	Q0	9180131#1	1
8876941#0	Q0	39#65	0
8876941#0	Q0	9622445#20	0
8876941#0	Q0	39#63	0
8876941#0	Q0	9622445#0	0
8876941#0	Q0	357330#18	0
8876941#0	Q0	165373#2	0
8876941#0	Q0	39#0	0
8876941#0	Q0	165408#9	0
8882943#0	Q0	1850344#19	1
8882943#0	Q0	8856639#0	1
8882943#0	Q0	5088145#3	0
8882943#0	Q0	2050479#5	0
8882943#0	Q0	11433#13	0
8882943#0	Q0	4707322#11	0
8882943#0	Q0	6473837#2	0
8882943#0	Q0	139650#4	0
8882943#0	Q0	11433#2	0
8882943#0	Q0	2050479#6	0
8885481#0	Q0	18400#0	1
8885481#0	Q0	786871#4	1
8885481#0	Q0	101967#20	1
8885481#0	Q0	165727#20	1
8885481#0	Q0	706959#1	1
8885481#0	Q0	9946023#18	0
8885481#0	Q0	18400#1	0
8885481#0	Q0	7986260#3	0
8885481#0	Q0	1004663#32	0
8885481#0	Q0	709909#1	0
8885800#0	Q0	4541609#2	1
8885800#0	Q0	34347#2	1
8885800#0	Q0	1605814#0	1
8885800#0	Q0	9391278#9	0
8885800#0	Q0	675144#56	0
8885800#0	Q0	7234790#41	0
8885800#0	Q0	318898#7	0
8885800#0	Q0	7031741#1	0
8885800#0	Q0	6987350#1	0
8885800#0	Q0	2918592#1	0
8897637#0	Q0	382795#0	1
8897637#0	Q0	382795#1	0
8897637#0	Q0	382795#4	0
8897637#0	Q0	5164667#0	0
8897637#0	Q0	4987096#0	0
8897637#0	Q0	302664#0	0
8897637#0	Q0	10113070#2	0
8897637#0	Q0	531308#0	0
8897637#0	Q0	4808467#0	0
8897637#0	Q0	775853#1	0
8902149#0	Q0	8902149#0	1
8902149#0	Q0	5021311#42	1
8902149#0	Q0	8440526#25	1
8902149#0	Q0	3865316#1	1
8902149#0	Q0	3877818#1	1
8902149#0	Q0	8440526#7	0
8902149#0	Q0	8440526#2	0
8902149#0	Q0	8458876#0	0
8902149#0	Q0	1681588#10	0
8902149#0	Q0	1863329#0	0
8905868#0	Q0	9604159#3	1
8905868#0	Q0	5776606#6	1
8905868#0	Q0	249905#1	1
8905868#0	Q0	136406#12	1
8905868#0	Q0	8980447#4	1
8905868#0	Q0	8264692#8	1
8905868#0	Q0	7522331#1	1
8905868#0	Q0	8436572#0	1
8905868#0	Q0	5330758#1	0
8905868#0	Q0	9882199#1	0
8906585#0	Q0	8906585#6	1
8906585#0	Q0	8906585#9	1
8906585#0	Q0	8906585#10	1
8906585#0	Q0	8906585#5	1
8906585#0	Q0	8906585#1	1
8906585#0	Q0	8906585#12	1
8906585#0	Q0	6836926#12	1
8906585#0	Q0	8906585#8	0
8906585#0	Q0	9026920#11	0
8906585#0	Q0	10166052#7	0
8910021#0	Q0	13436#0	1
8910021#0	Q0	1640#76	1
8910021#0	Q0	25223#8	1
8910021#0	Q0	108321#28	1
8910021#0	Q0	769104#33	0
8910021#0	Q0	236731#13	0
8910021#0	Q0	402000#0	0
8910021#0	Q0	401871#9	0
8910021#0	Q0	401913#6	0
8910021#0	Q0	122762#3	0
8916560#0	Q0	340298#0	1
8916560#0	Q0	43009#61	1
8916560#0	Q0	499#219	1
8916560#0	Q0	499#272	1
8916560#0	Q0	219745#27	1
8916560#0	Q0	665629#10	1
8916560#0	Q0	143105#0	1
8916560#0	Q0	43009#64	0
8916560#0	Q0	2453270#0	0
8916560#0	Q0	762162#0	0
8927365#0	Q0	8858173#15	1
8927365#0	Q0	9393727#83	1
8927365#0	Q0	19422#136	1
8927365#0	Q0	8858173#16	1
8927365#0	Q0	133458#22	1
8927365#0	Q0	9409941#12	1
8927365#0	Q0	951884#5	1
8927365#0	Q0	3528534#30	1
8927365#0	Q0	246253#3	1
8927365#0	Q0	9409941#3	1
8934822#0	Q0	1488231#10	1
8934822#0	Q0	7036530#103	1
8934822#0	Q0	2775656#2	1
8934822#0	Q0	2775656#0	0
8934822#0	Q0	4985880#0	0
8934822#0	Q0	6166166#0	0
8934822#0	Q0	7720693#1	0
8934822#0	Q0	6565477#0	0
8934822#0	Q0	2420593#1	0
8934822#0	Q0	4985880#1	0
89404#0	Q0	89404#3	1
89404#0	Q0	39100#22	0
89404#0	Q0	89404#13	0
89404#0	Q0	89404#16	0
89404#0	Q0	4979083#3	0
89404#0	Q0	23809#11	0
89404#0	Q0	89404#15	0
89404#0	Q0	1114374#12	0
89404#0	Q0	89404#10	0
89404#0	Q0	792973#9	0
894105#0	Q0	797253#0	1
894105#0	Q0	9849930#0	1
894105#0	Q0	797253#1	0
894105#0	Q0	6592261#0	0
894105#0	Q0	6592261#1	0
894105#0	Q0	7207505#0	0
894105#0	Q0	7151146#0	0
894105#0	Q0	797253#9	0
894105#0	Q0	797253#7	0
894105#0	Q0	5977946#0	0
8948794#0	Q0	92539#6	1
8948794#0	Q0	4336569#0	1
8948794#0	Q0	8869509#6	0
8948794#0	Q0	8873180#7	0
8948794#0	Q0	8872286#4	0
8948794#0	Q0	8466297#10	0
8948794#0	Q0	8540115#8	0
8948794#0	Q0	8670971#13	0
8948794#0	Q0	8397187#8	0
8948794#0	Q0	758107#35	0
8948854#0	Q0	2275285#22	1
8948854#0	Q0	699269#6	1
8948854#0	Q0	699269#0	1
8948854#0	Q0	699269#13	1
8948854#0	Q0	699269#9	1
8948854#0	Q0	10031057#8	1
8948854#0	Q0	699269#11	1
8948854#0	Q0	5428#29	1
8948854#0	Q0	699269#7	1
8948854#0	Q0	10031057#6	1
8956258#0	Q0	3211973#0	1
8956258#0	Q0	3211973#9	1
8956258#0	Q0	6603491#0	1
8956258#0	Q0	3211973#2	1
8956258#0	Q0	9242523#0	1
8956258#0	Q0	8893016#0	1
8956258#0	Q0	10063173#1	0
8956258#0	Q0	1339367#0	0
8956258#0	Q0	5734#10	0
8956258#0	Q0	3211973#6	0
8960700#0	Q0	223878#0	1
8960700#0	Q0	12081#0	1
8960700#0	Q0	12081#24	1
8960700#0	Q0	158352#2	1
8960700#0	Q0	155970#0	1
8960700#0	Q0	158165#0	1
8960700#0	Q0	223878#1	1
8960700#0	Q0	158314#0	1
8960700#0	Q0	12075#25	0
8960700#0	Q0	5096881#0	0
8962690#0	Q0	44861#0	1
8962690#0	Q0	44861#5	1
8962690#0	Q0	44861#7	1
8962690#0	Q0	7804#209	1
8962690#0	Q0	44861#3	1
8962690#0	Q0	44861#1	1
8962690#0	Q0	44861#6	1
8962690#0	Q0	3802513#38	1
8962690#0	Q0	44861#4	0
8962690#0	Q0	44861#2	0
8964236#0	Q0	9747682#1	1
8964236#0	Q0	7809323#4	0
8964236#0	Q0	7709657#2	0
8964236#0	Q0	578298#43	0
8964236#0	Q0	4453191#74	0
8964236#0	Q0	7025864#1	0
8964236#0	Q0	2187381#7	0
8964236#0	Q0	7709657#0	0
8964236#0	Q0	7025864#6	0
8964236#0	Q0	7870466#7	0
8970120#0	Q0	737055#1	1
8970120#0	Q0	7091278#0	1
8970120#0	Q0	737055#8	1
8970120#0	Q0	5303015#0	0
8970120#0	Q0	6456735#7	0
8970120#0	Q0	9584879#0	0
8970120#0	Q0	5548890#5	0
8970120#0	Q0	7082732#4	0
8970120#0	Q0	9879387#10	0
8970120#0	Q0	8536240#1	0
8981256#0	Q0	207224#12	1
8981256#0	Q0	4567853#12	1
8981256#0	Q0	7736289#10	1
8981256#0	Q0	10157623#1	1
8981256#0	Q0	4559824#2	1
8981256#0	Q0	1884599#8	0
8981256#0	Q0	4837080#3	0
8981256#0	Q0	91064#12	0
8981256#0	Q0	9560#9	0
8981256#0	Q0	5890882#1	0
8986085#0	Q0	17822#6	1
8986085#0	Q0	9503285#0	1
8986085#0	Q0	17822#4	1
8986085#0	Q0	1222998#35	1
8986085#0	Q0	146449#29	1
8986085#0	Q0	9503285#2	0
8986085#0	Q0	5478199#1	0
8986085#0	Q0	9503285#9	0
8986085#0	Q0	17822#7	0
8986085#0	Q0	9503285#11	0
8988985#0	Q0	8979288#0	1
8988985#0	Q0	9262425#0	1
8988985#0	Q0	8979593#0	1
8988985#0	Q0	8980695#0	1
8988985#0	Q0	9331144#4	1
8988985#0	Q0	8997413#0	1
8988985#0	Q0	8988985#0	1
8988985#0	Q0	97837#77	0
8988985#0	Q0	502213#4	0
8988985#0	Q0	502213#0	0
8990751#0	Q0	27295#13	1
8990751#0	Q0	203258#0	0
8990751#0	Q0	27295#16	0
8990751#0	Q0	203258#42	0
8990751#0	Q0	2593573#5	0
8990751#0	Q0	4244551#0	0
8990751#0	Q0	9375396#11	0
8990751#0	Q0	9393764#5	0
8990751#0	Q0	753388#4	0
8990751#0	Q0	203258#36	0
8993297#0	Q0	496236#3	1
8993297#0	Q0	5002077#3	1
8993297#0	Q0	81204#2	0
8993297#0	Q0	81204#74	0
8993297#0	Q0	6617564#9	0
8993297#0	Q0	81204#81	0
8993297#0	Q0	81204#16	0
8993297#0	Q0	4954280#2	0
8993297#0	Q0	496236#1	0
8993297#0	Q0	747188#3	0
9002770#0	Q0	2737#10	1
9002770#0	Q0	236888#14	1
9002770#0	Q0	550965#3	1
9002770#0	Q0	3143852#0	1
9002770#0	Q0	276876#2	1
9002770#0	Q0	661980#6	1
9002770#0	Q0	829329#0	1
9002770#0	Q0	7734#1	1
9002770#0	Q0	1143330#3	0
9002770#0	Q0	1396281#22	0
9006653#0	Q0	2194948#0	1
9006653#0	Q0	9537548#0	1
9006653#0	Q0	19364#0	1
9006653#0	Q0	31865#25	1
9006653#0	Q0	2194948#1	1
9006653#0	Q0	19364#7	1
9006653#0	Q0	19364#14	1
9006653#0	Q0	5615535#0	1
9006653#0	Q0	901556#22	0
9006653#0	Q0	5500069#1	0
901740#0	Q0	249380#0	1
901740#0	Q0	249380#1	1
901740#0	Q0	5050303#3	1
901740#0	Q0	182540#11	1
901740#0	Q0	1751395#0	1
901740#0	Q0	10141877#1	1
901740#0	Q0	9072255#0	1
901740#0	Q0	43153#7	0
901740#0	Q0	1749583#0	0
901740#0	Q0	5050303#0	0
9017626#0	Q0	4928744#2	1
9017626#0	Q0	1375684#21	0
9017626#0	Q0	5171917#3	0
9017626#0	Q0	6639000#3	0
9017626#0	Q0	5158037#13	0
9017626#0	Q0	1297259#14	0
9017626#0	Q0	57142#12	0
9017626#0	Q0	77701#28	0
9017626#0	Q0	6631997#1	0
9017626#0	Q0	10087442#19	0
9020336#0	Q0	553246#6	1
9020336#0	Q0	172156#3	1
9020336#0	Q0	1738087#5	1
9020336#0	Q0	2689#46	0
9020336#0	Q0	129808#2	0
9020336#0	Q0	8433680#3	0
9020336#0	Q0	3547843#0	0
9020336#0	Q0	3546229#25	0
9020336#0	Q0	16783#1	0
9020336#0	Q0	203228#50	0
9022215#0	Q0	204564#0	1
9022215#0	Q0	204564#1	1
9022215#0	Q0	204564#3	1
9022215#0	Q0	3113378#6	1
9022215#0	Q0	10121993#0	1
9022215#0	Q0	204564#4	1
9022215#0	Q0	2476739#11	0
9022215#0	Q0	9555808#24	0
9022215#0	Q0	9555808#32	0
9022215#0	Q0	7508291#0	0
9022301#0	Q0	8165#126	1
9022301#0	Q0	1064992#0	0
9022301#0	Q0	591514#3	0
9022301#0	Q0	7072219#2	0
9022301#0	Q0	10083502#4	0
9022301#0	Q0	10115844#5	0
9022301#0	Q0	2660614#1	0
9022301#0	Q0	4413561#0	0
9022301#0	Q0	460994#0	0
9022301#0	Q0	6589161#0	0
9023178#0	Q0	8634291#12	1
9023178#0	Q0	9304168#47	1
9023178#0	Q0	318413#14	1
9023178#0	Q0	1221821#10	1
9023178#0	Q0	1436045#31	1
9023178#0	Q0	703524#2	1
9023178#0	Q0	805985#8	0
9023178#0	Q0	9847528#4	0
9023178#0	Q0	277313#7	0
9023178#0	Q0	4509882#4	0
9025740#0	Q0	354630#1	1
9025740#0	Q0	8590164#4	1
9025740#0	Q0	53231#2	1
9025740#0	Q0	6383339#7	0
9025740#0	Q0	284044#0	0
9025740#0	Q0	9781371#0	0
9025740#0	Q0	622063#3	0
9025740#0	Q0	53231#5	0
9025740#0	Q0	284044#9	0
9025740#0	Q0	8590164#0	0
9030190#0	Q0	2410237#59	1
9030190#0	Q0	9690156#6	1
9030190#0	Q0	21387#47	0
9030190#0	Q0	2410237#0	0
9030190#0	Q0	187245#8	0
9030190#0	Q0	2410237#34	0
9030190#0	Q0	2410237#51	0
9030190#0	Q0	6315710#4	0
9030190#0	Q0	16178#5	0
9030190#0	Q0	1721807#62	0
9030715#0	Q0	23811#65	1
9030715#0	Q0	23811#1	1
9030715#0	Q0	158884#39	1
9030715#0	Q0	85026#37	1
9030715#0	Q0	7217744#0	0
9030715#0	Q0	1993128#1	0
9030715#0	Q0	166268#0	0
9030715#0	Q0	23811#48	0
9030715#0	Q0	23811#42	0
9030715#0	Q0	7995116#0	0
9035322#0	Q0	8313602#2	1
9035322#0	Q0	8313602#4	1
9035322#0	Q0	10009277#3	1
9035322#0	Q0	9035322#0	0
9035322#0	Q0	4350076#13	0
9035322#0	Q0	234793#6	0
9035322#0	Q0	543346#4	0
9035322#0	Q0	4350076#2	0
9035322#0	Q0	234793#5	0
9035322#0	Q0	8313602#9	0
9038633#0	Q0	8472396#14	1
9038633#0	Q0	8447185#7	1
9038633#0	Q0	8572536#14	1
9038633#0	Q0	8578481#19	1
9038633#0	Q0	8526824#26	1
9038633#0	Q0	8472396#1	0
9038633#0	Q0	8472396#0	0
9038633#0	Q0	8472396#3	0
9038633#0	Q0	8472396#2	0
9038633#0	Q0	8472396#12	0
9043126#0	Q0	309371#8	1
9043126#0	Q0	7366088#0	0
9043126#0	Q0	714170#3	0
9043126#0	Q0	8412256#0	0
9043126#0	Q0	7551811#1	0
9043126#0	Q0	45764#3	0
9043126#0	Q0	7827937#0	0
9043126#0	Q0	5647225#10	0
9043126#0	Q0	6013940#14	0
9043126#0	Q0	6013940#13	0
9047410#0	Q0	568781#0	1
9047410#0	Q0	568781#1	1
9047410#0	Q0	5911731#0	0
9047410#0	Q0	4508929#0	0
9047410#0	Q0	30085#1	0
9047410#0	Q0	4345211#4	0
9047410#0	Q0	9967102#3	0
9047410#0	Q0	9967102#19	0
9047410#0	Q0	6869586#0	0
9047410#0	Q0	9967102#14	0
9049652#0	Q0	171888#6	1
9049652#0	Q0	171888#2	1
9049652#0	Q0	171888#4	1
9049652#0	Q0	171888#3	1
9049652#0	Q0	171888#1	0
9049652#0	Q0	8005#141	0
9049652#0	Q0	5137183#0	0
9049652#0	Q0	171888#5	0
9049652#0	Q0	8005#115	0
9049652#0	Q0	171888#0	0
9054608#0	Q0	4472310#69	1
9054608#0	Q0	4472310#43	1
9054608#0	Q0	4472310#88	1
9054608#0	Q0	4472310#70	1
9054608#0	Q0	4472310#3	1
9054608#0	Q0	7635597#2	0
9054608#0	Q0	6617437#2	0
9054608#0	Q0	565498#21	0
9054608#0	Q0	9587206#10	0
9054608#0	Q0	6332510#10	0
907252#0	Q0	5251#53	1
907252#0	Q0	316424#63	1
907252#0	Q0	371593#16	1
907252#0	Q0	8191501#1	1
907252#0	Q0	363646#35	1
907252#0	Q0	15898#4	1
907252#0	Q0	6163835#6	0
907252#0	Q0	7072742#2	0
907252#0	Q0	569234#82	0
907252#0	Q0	2633419#16	0
9078714#0	Q0	5399494#15	1
9078714#0	Q0	5399494#0	0
9078714#0	Q0	5399494#23	0
9078714#0	Q0	5399494#2	0
9078714#0	Q0	5399494#21	0
9078714#0	Q0	4249688#2	0
9078714#0	Q0	5399494#20	0
9078714#0	Q0	5399494#24	0
9078714#0	Q0	5399494#11	0
9078714#0	Q0	5399494#3	0
907910#0	Q0	2457481#10	1
907910#0	Q0	5741251#2	1
907910#0	Q0	2457481#5	1
907910#0	Q0	5741251#4	1
907910#0	Q0	4569512#2	1
907910#0	Q0	5741251#6	1
907910#0	Q0	59001#16	1
907910#0	Q0	11634#8	1
907910#0	Q0	3183039#0	0
907910#0	Q0	4569512#28	0
9095561#0	Q0	58438#18	1
9095561#0	Q0	605901#0	1
9095561#0	Q0	252#123	0
9095561#0	Q0	4017087#2	0
9095561#0	Q0	340724#1	0
9095561#0	Q0	9446650#17	0
9095561#0	Q0	2469930#3	0
9095561#0	Q0	781375#10	0
9095561#0	Q0	351343#3	0
9095561#0	Q0	7728318#36	0
9099652#0	Q0	1729954#21	1
9099652#0	Q0	197176#1	1
9099652#0	Q0	5609307#29	1
9099652#0	Q0	9653113#1	1
9099652#0	Q0	9852400#4	1
9099652#0	Q0	59209#40	1
9099652#0	Q0	9049991#0	0
9099652#0	Q0	5609307#30	0
9099652#0	Q0	8436878#3	0
9099652#0	Q0	9085697#3	0
910176#0	Q0	8201164#3	1
910176#0	Q0	8201164#4	1
910176#0	Q0	8199972#1	0
910176#0	Q0	5811786#4	0
910176#0	Q0	7412662#1	0
910176#0	Q0	7459758#4	0
910176#0	Q0	2245492#1	0
910176#0	Q0	7461071#7	0
910176#0	Q0	7412601#1	0
910176#0	Q0	5900891#22	0
9108399#0	Q0	97960#4	1
9108399#0	Q0	97960#0	1
9108399#0	Q0	7486840#5	1
9108399#0	Q0	276578#15	1
9108399#0	Q0	276578#14	1
9108399#0	Q0	7486840#1	0
9108399#0	Q0	97960#33	0
9108399#0	Q0	187457#15	0
9108399#0	Q0	97960#27	0
9108399#0	Q0	10008363#1	0
9109522#0	Q0	811376#3	1
9109522#0	Q0	9120119#0	1
9109522#0	Q0	826004#0	0
9109522#0	Q0	826004#10	0
9109522#0	Q0	826004#3	0
9109522#0	Q0	826004#9	0
9109522#0	Q0	826004#7	0
9109522#0	Q0	10055643#29	0
9109522#0	Q0	826004#6	0
9109522#0	Q0	826004#11	0
911005#0	Q0	139984#3	1
911005#0	Q0	139984#5	0
911005#0	Q0	3111759#2	0
911005#0	Q0	5892064#1	0
911005#0	Q0	3178537#1	0
911005#0	Q0	139984#6	0
911005#0	Q0	531947#1	0
911005#0	Q0	9770371#1	0
911005#0	Q0	431489#1	0
911005#0	Q0	911005#0	0
9110318#0	Q0	15133#0	1
9110318#0	Q0	8763404#7	1
9110318#0	Q0	7963554#4	1
9110318#0	Q0	15133#18	1
9110318#0	Q0	390251#36	1
9110318#0	Q0	416112#60	1
9110318#0	Q0	15133#6	0
9110318#0	Q0	4724374#0	0
9110318#0	Q0	9047014#1	0
9110318#0	Q0	131065#9	0
9112829#0	Q0	424253#1	1
9112829#0	Q0	23577#0	0
9112829#0	Q0	23577#5	0
9112829#0	Q0	2449659#9	0
9112829#0	Q0	469868#0	0
9112829#0	Q0	9831440#4	0
9112829#0	Q0	23577#4	0
9112829#0	Q0	333443#2	0
9112829#0	Q0	1063454#24	0
9112829#0	Q0	261394#0	0
9122818#0	Q0	365194#26	1
9122818#0	Q0	4144144#80	1
9122818#0	Q0	365194#9	1
9122818#0	Q0	365194#8	1
9122818#0	Q0	365194#27	1
9122818#0	Q0	365194#11	0
9122818#0	Q0	365194#2	0
9122818#0	Q0	365194#10	0
9122818#0	Q0	9384718#8	0
9122818#0	Q0	78712#12	0
9123689#0	Q0	1884934#0	1
9123689#0	Q0	4939734#3	0
9123689#0	Q0	2038346#3	0
9123689#0	Q0	691477#50	0
9123689#0	Q0	8258800#3	0
9123689#0	Q0	4939734#4	0
9123689#0	Q0	7756600#6	0
9123689#0	Q0	45459#26	0
9123689#0	Q0	21280#3	0
9123689#0	Q0	82603#47	0
9126589#0	Q0	197259#0	1
9126589#0	Q0	4408#0	1
9126589#0	Q0	1298214#5	1
9126589#0	Q0	96731#8	1
9126589#0	Q0	297282#3	1
9126589#0	Q0	107845#8	1
9126589#0	Q0	374575#1	0
9126589#0	Q0	4134673#3	0
9126589#0	Q0	7367129#2	0
9126589#0	Q0	2432787#29	0
9129459#0	Q0	139783#8	1
9129459#0	Q0	139783#36	0
9129459#0	Q0	252258#6	0
9129459#0	Q0	4793701#0	0
9129459#0	Q0	252258#5	0
9129459#0	Q0	134274#72	0
9129459#0	Q0	1996648#54	0
9129459#0	Q0	134274#65	0
9129459#0	Q0	139505#23	0
9129459#0	Q0	252258#1	0
9136382#0	Q0	924034#0	1
9136382#0	Q0	8670790#0	1
9136382#0	Q0	924034#1	1
9136382#0	Q0	924034#2	1
9136382#0	Q0	924034#5	1
9136382#0	Q0	924034#7	0
9136382#0	Q0	8302730#0	0
9136382#0	Q0	9946404#0	0
9136382#0	Q0	2895421#0	0
9136382#0	Q0	579652#0	0
914132#0	Q0	40976#0	1
914132#0	Q0	1045991#25	1
914132#0	Q0	40976#5	1
914132#0	Q0	302012#8	1
914132#0	Q0	40976#23	1
914132#0	Q0	40994#43	1
914132#0	Q0	685918#13	1
914132#0	Q0	40976#10	1
914132#0	Q0	40976#4	0
914132#0	Q0	613061#2	0
914792#0	Q0	2449016#0	1
914792#0	Q0	3530332#19	1
914792#0	Q0	131999#52	1
914792#0	Q0	898628#0	0
914792#0	Q0	2449016#11	0
914792#0	Q0	4895825#0	0
914792#0	Q0	718796#0	0
914792#0	Q0	256735#0	0
914792#0	Q0	5343570#0	0
914792#0	Q0	332662#0	0
9150808#0	Q0	5688414#18	1
9150808#0	Q0	9175149#7	1
9150808#0	Q0	5688414#23	1
9150808#0	Q0	5839526#3	1
9150808#0	Q0	9180731#6	1
9150808#0	Q0	456#46	1
9150808#0	Q0	9180731#3	1
9150808#0	Q0	9180731#0	1
9150808#0	Q0	77878#29	0
9150808#0	Q0	149407#170	0
9152000#0	Q0	6106704#7	1
9152000#0	Q0	2850#1	1
9152000#0	Q0	860#0	1
9152000#0	Q0	79870#32	1
9152000#0	Q0	2850#6	1
9152000#0	Q0	860#22	1
9152000#0	Q0	860#34	1
9152000#0	Q0	860#61	0
9152000#0	Q0	860#62	0
9152000#0	Q0	3221051#1	0
91550#0	Q0	12530#1	1
91550#0	Q0	239152#2	1
91550#0	Q0	4523655#8	1
91550#0	Q0	741712#0	1
91550#0	Q0	56351#10	0
91550#0	Q0	12530#0	0
91550#0	Q0	662875#2	0
91550#0	Q0	142839#4	0
91550#0	Q0	367716#13	0
91550#0	Q0	5189863#18	0
916218#0	Q0	9150589#43	1
916218#0	Q0	8744684#8	1
916218#0	Q0	42755#31	1
916218#0	Q0	8554755#0	1
916218#0	Q0	8720651#56	1
916218#0	Q0	9316175#2	1
916218#0	Q0	640008#21	1
916218#0	Q0	9928610#10	1
916218#0	Q0	640008#24	1
916218#0	Q0	42754#41	1
9165691#0	Q0	761472#45	1
9165691#0	Q0	4744937#6	1
9165691#0	Q0	293271#23	0
9165691#0	Q0	761472#46	0
9165691#0	Q0	6464567#40	0
9165691#0	Q0	500621#36	0
9165691#0	Q0	15984#2	0
9165691#0	Q0	35907#19	0
9165691#0	Q0	4831276#6	0
9165691#0	Q0	53456#25	0
9166977#0	Q0	5992508#20	1
9166977#0	Q0	9872621#9	1
9166977#0	Q0	74268#1	1
9166977#0	Q0	74268#3	1
9166977#0	Q0	6523781#22	1
9166977#0	Q0	74268#18	1
9166977#0	Q0	74268#0	1
9166977#0	Q0	74268#15	1
9166977#0	Q0	74268#2	0
9166977#0	Q0	9214725#9	0
9169471#0	Q0	218948#29	1
9169471#0	Q0	218948#24	1
9169471#0	Q0	218948#21	1
9169471#0	Q0	218948#28	1
9169471#0	Q0	218948#27	1
9169471#0	Q0	218948#22	1
9169471#0	Q0	218948#36	0
9169471#0	Q0	321177#13	0
9169471#0	Q0	4729577#0	0
9169471#0	Q0	2196590#0	0
9170589#0	Q0	9697#5	1
9170589#0	Q0	8027509#3	1
9170589#0	Q0	9697#4	1
9170589#0	Q0	9697#0	1
9170589#0	Q0	9697#6	1
9170589#0	Q0	9697#9	1
9170589#0	Q0	9697#10	1
9170589#0	Q0	9697#8	1
9170589#0	Q0	5557496#0	0
9170589#0	Q0	512149#1	0
9173140#0	Q0	675027#0	1
9173140#0	Q0	1103759#37	1
9173140#0	Q0	8794100#2	0
9173140#0	Q0	7607311#5	0
9173140#0	Q0	60504#9	0
9173140#0	Q0	5463803#0	0
9173140#0	Q0	9769853#3	0
9173140#0	Q0	56997#16	0
9173140#0	Q0	1790917#4	0
9173140#0	Q0	38402#86	0
9175998#0	Q0	168173#6	1
9175998#0	Q0	709911#7	0
9175998#0	Q0	8141906#6	0
9175998#0	Q0	2253417#1	0
9175998#0	Q0	1061185#7	0
9175998#0	Q0	18500#1	0
9175998#0	Q0	5029232#20	0
9175998#0	Q0	4013932#1	0
9175998#0	Q0	5306885#0	0
9175998#0	Q0	6051315#2	0
9177177#0	Q0	4194604#6	1
9177177#0	Q0	4194604#3	1
9177177#0	Q0	4194604#0	1
9177177#0	Q0	4194604#1	1
9177177#0	Q0	4194604#5	0
9177177#0	Q0	4194604#2	0
9177177#0	Q0	4194604#7	0
9177177#0	Q0	4194604#10	0
9177177#0	Q0	4194604#4	0
9177177#0	Q0	4380936#51	0
9186585#0	Q0	9935595#0	1
9186585#0	Q0	9935595#2	1
9186585#0	Q0	8768505#17	1
9186585#0	Q0	9935595#3	0
9186585#0	Q0	6846814#6	0
9186585#0	Q0	530549#8	0
9186585#0	Q0	6846814#0	0
9186585#0	Q0	1008602#6	0
9186585#0	Q0	5287612#1	0
9186585#0	Q0	1008602#0	0
9192992#0	Q0	1980683#24	1
9192992#0	Q0	1273789#2	1
9192992#0	Q0	1573573#27	1
9192992#0	Q0	8005#206	0
9192992#0	Q0	8466159#12	0
9192992#0	Q0	172880#46	0
9192992#0	Q0	141348#44	0
9192992#0	Q0	956542#1	0
9192992#0	Q0	1980683#31	0
9192992#0	Q0	34961#45	0
919762#0	Q0	17725#1	1
919762#0	Q0	544740#1	1
919762#0	Q0	7967208#1	1
919762#0	Q0	5908193#0	1
919762#0	Q0	43959#5	1
919762#0	Q0	1173908#0	0
919762#0	Q0	5424444#1	0
919762#0	Q0	459034#0	0
919762#0	Q0	43959#0	0
919762#0	Q0	3143790#1	0
919900#0	Q0	6292833#45	1
919900#0	Q0	16372#7	1
919900#0	Q0	5498142#1	0
919900#0	Q0	1445310#1	0
919900#0	Q0	1516150#0	0
919900#0	Q0	76117#90	0
919900#0	Q0	76117#0	0
919900#0	Q0	1689189#1	0
919900#0	Q0	1689189#0	0
919900#0	Q0	1523313#3	0
9200650#0	Q0	9651489#8	1
9200650#0	Q0	248758#41	1
9200650#0	Q0	484714#3	1
9200650#0	Q0	1891268#8	1
9200650#0	Q0	10016576#27	1
9200650#0	Q0	851906#11	1
9200650#0	Q0	10016576#10	1
9200650#0	Q0	9241036#11	0
9200650#0	Q0	2609603#0	0
9200650#0	Q0	5905810#12	0
9203164#0	Q0	9682153#18	1
9203164#0	Q0	7078900#6	1
9203164#0	Q0	9682726#50	0
9203164#0	Q0	2521935#0	0
9203164#0	Q0	9682726#19	0
9203164#0	Q0	9925112#0	0
9203164#0	Q0	9682726#8	0
9203164#0	Q0	9682726#10	0
9203164#0	Q0	9682726#0	0
9203164#0	Q0	9682726#16	0
9204482#0	Q0	2252039#9	1
9204482#0	Q0	7335778#3	1
9204482#0	Q0	967637#14	1
9204482#0	Q0	1042480#8	1
9204482#0	Q0	2252039#8	1
9204482#0	Q0	1494375#1	0
9204482#0	Q0	8680893#5	0
9204482#0	Q0	6457381#8	0
9204482#0	Q0	6987476#3	0
9204482#0	Q0	1975376#18	0
9205925#0	Q0	270683#30	1
9205925#0	Q0	1258876#3	1
9205925#0	Q0	295813#10	0
9205925#0	Q0	6618639#0	0
9205925#0	Q0	1224378#1	0
9205925#0	Q0	678067#4	0
9205925#0	Q0	1224378#13	0
9205925#0	Q0	678067#1	0
9205925#0	Q0	572374#8	0
9205925#0	Q0	98500#1	0
9206515#0	Q0	8705758#25	1
9206515#0	Q0	587963#2	0
9206515#0	Q0	4373206#0	0
9206515#0	Q0	1373#7	0
9206515#0	Q0	618462#12	0
9206515#0	Q0	4911977#1	0
9206515#0	Q0	587963#3	0
9206515#0	Q0	587963#6	0
9206515#0	Q0	587963#1	0
9206515#0	Q0	6118399#25	0
9219155#0	Q0	522574#52	1
9219155#0	Q0	34755#14	1
9219155#0	Q0	522574#54	1
9219155#0	Q0	1367313#18	1
9219155#0	Q0	522574#53	1
9219155#0	Q0	7722#63	1
9219155#0	Q0	6010883#14	1
9219155#0	Q0	4111526#1	1
9219155#0	Q0	6245009#0	1
9219155#0	Q0	522574#56	0
9220351#0	Q0	4447316#17	1
9220351#0	Q0	115315#8	1
9220351#0	Q0	1008#61	1
9220351#0	Q0	9220351#20	1
9220351#0	Q0	8993559#16	0
9220351#0	Q0	10095238#12	0
9220351#0	Q0	2285525#6	0
9220351#0	Q0	333851#3	0
9220351#0	Q0	273608#50	0
9220351#0	Q0	10095238#15	0
9222436#0	Q0	9796796#0	1
9222436#0	Q0	1272010#0	1
9222436#0	Q0	6210955#0	0
9222436#0	Q0	6964502#0	0
9222436#0	Q0	9811074#0	0
9222436#0	Q0	4550954#1	0
9222436#0	Q0	165699#2	0
9222436#0	Q0	30673#34	0
9222436#0	Q0	2177852#0	0
9222436#0	Q0	9811074#2	0
9229337#0	Q0	462216#183	1
9229337#0	Q0	10107071#5	1
9229337#0	Q0	10107071#8	1
9229337#0	Q0	10107071#4	1
9229337#0	Q0	10107071#6	1
9229337#0	Q0	128089#232	1
9229337#0	Q0	10107071#3	0
9229337#0	Q0	10107071#7	0
9229337#0	Q0	7211062#10	0
9229337#0	Q0	204222#164	0
9231888#0	Q0	4379012#0	1
9231888#0	Q0	4379012#2	1
9231888#0	Q0	9791286#1	0
9231888#0	Q0	8689332#0	0
9231888#0	Q0	252419#0	0
9231888#0	Q0	8689332#1	0
9231888#0	Q0	8298829#0	0
9231888#0	Q0	4975424#2	0
9231888#0	Q0	8284319#0	0
9231888#0	Q0	6317252#10	0
923212#0	Q0	301#44	1
923212#0	Q0	10090814#2	1
923212#0	Q0	8502335#6	1
923212#0	Q0	1075067#2	1
923212#0	Q0	703524#5	0
923212#0	Q0	5722347#8	0
923212#0	Q0	7000#19	0
923212#0	Q0	1964151#4	0
923212#0	Q0	339545#33	0
923212#0	Q0	3196010#43	0
9237015#0	Q0	566010#7	1
9237015#0	Q0	566010#4	1
9237015#0	Q0	566010#0	1
9237015#0	Q0	566010#10	1
9237015#0	Q0	6446379#86	1
9237015#0	Q0	566010#1	1
9237015#0	Q0	566010#6	1
9237015#0	Q0	566010#2	1
9237015#0	Q0	10095238#16	1
9237015#0	Q0	566010#5	1
9237497#0	Q0	96214#2	1
9237497#0	Q0	478875#4	0
9237497#0	Q0	93932#22	0
9237497#0	Q0	7524860#3	0
9237497#0	Q0	9717838#0	0
9237497#0	Q0	1806167#1	0
9237497#0	Q0	9430439#1	0
9237497#0	Q0	1806167#2	0
9237497#0	Q0	340481#1	0
9237497#0	Q0	9717838#2	0
9239447#0	Q0	758#0	1
9239447#0	Q0	8143082#13	1
9239447#0	Q0	758#52	1
9239447#0	Q0	6534556#2	1
9239447#0	Q0	42829#17	1
9239447#0	Q0	8143082#12	1
9239447#0	Q0	8707349#4	1
9239447#0	Q0	758#18	1
9239447#0	Q0	758#49	1
9239447#0	Q0	132091#2	1
9243700#0	Q0	1460573#14	1
9243700#0	Q0	4913839#1	1
9243700#0	Q0	1762072#17	1
9243700#0	Q0	1460573#9	1
9243700#0	Q0	73108#14	1
9243700#0	Q0	274368#2	1
9243700#0	Q0	1460573#8	1
9243700#0	Q0	73108#6	1
9243700#0	Q0	4465348#0	1
9243700#0	Q0	7728772#12	1
9243771#0	Q0	9977507#0	1
9243771#0	Q0	9977507#2	1
9243771#0	Q0	9977507#1	1
9243771#0	Q0	7249664#4	0
9243771#0	Q0	9977507#3	0
9243771#0	Q0	520559#1	0
9243771#0	Q0	6552334#2	0
9243771#0	Q0	16369#6	0
9243771#0	Q0	31991#15	0
9243771#0	Q0	520559#2	0
9244727#0	Q0	4780#0	1
9244727#0	Q0	6199322#0	1
9244727#0	Q0	1147951#1	1
9244727#0	Q0	4780#24	1
9244727#0	Q0	9244727#0	0
9244727#0	Q0	721144#0	0
9244727#0	Q0	6013747#0	0
9244727#0	Q0	4995886#0	0
9244727#0	Q0	4780#7	0
9244727#0	Q0	4995886#1	0
9248130#0	Q0	8425517#0	1
9248130#0	Q0	8425517#1	1
9248130#0	Q0	8425517#2	1
9248130#0	Q0	6207505#9	0
9248130#0	Q0	5606107#0	0
9248130#0	Q0	8788219#0	0
9248130#0	Q0	9379215#0	0
9248130#0	Q0	153039#0	0
9248130#0	Q0	6605842#0	0
9248130#0	Q0	5606107#3	0
9248608#0	Q0	2833#26	1
9248608#0	Q0	10105313#10	0
9248608#0	Q0	2833#28	0
9248608#0	Q0	11328#42	0
9248608#0	Q0	2833#24	0
9248608#0	Q0	1102189#2	0
9248632#0	Q0	99819#48	1
9248632#0	Q0	99819#45	1
9248632#0	Q0	99811#18	1
9248632#0	Q0	119067#23	1
9248632#0	Q0	152061#19	0
9248632#0	Q0	49938#25	0
9248632#0	Q0	6033523#7	0
9248632#0	Q0	99804#19	0
9248632#0	Q0	9794451#3	0
9248632#0	Q0	4532199#66	0
9253122#0	Q0	3176510#17	1
9253122#0	Q0	72420#4	1
9253122#0	Q0	4995259#7	1
9253122#0	Q0	453413#1	1
9253122#0	Q0	19328#3	1
9253122#0	Q0	72420#15	0
9253122#0	Q0	4995259#0	0
9253122#0	Q0	80060#24	0
9253122#0	Q0	585202#18	0
9253122#0	Q0	35096#19	0
9254357#0	Q0	8405292#9	1
9254357#0	Q0	386878#8	1
9254357#0	Q0	8193564#4	1
9254357#0	Q0	8193564#0	1
9254357#0	Q0	8089858#1	0
9254357#0	Q0	87270#215	0
9254357#0	Q0	2559962#36	0
9254357#0	Q0	5479156#0	0
9254357#0	Q0	8089858#49	0
9254357#0	Q0	9003291#0	0
9256379#0	Q0	6454601#31	1
9256379#0	Q0	88279#18	1
9256379#0	Q0	699695#2	1
9256379#0	Q0	2460867#7	0
9256379#0	Q0	1417556#3	0
9256379#0	Q0	9750293#7	0
9256379#0	Q0	15169#8	0
9256379#0	Q0	3904973#5	0
9256379#0	Q0	146040#4	0
9256379#0	Q0	655923#11	0
9257595#0	Q0	5346866#0	1
9257595#0	Q0	766657#22	1
9257595#0	Q0	684966#2	1
9257595#0	Q0	3334962#1	1
9257595#0	Q0	766657#13	0
9257595#0	Q0	5611470#1	0
9257595#0	Q0	766657#5	0
9257595#0	Q0	766657#0	0
9257595#0	Q0	766657#30	0
9257595#0	Q0	766657#26	0
9263215#0	Q0	271#146	1
9263215#0	Q0	2976613#15	1
9263215#0	Q0	4789930#2	1
9263215#0	Q0	861356#0	1
9263215#0	Q0	2976613#18	1
9263215#0	Q0	743267#35	1
9263215#0	Q0	4973732#7	1
9263215#0	Q0	299913#0	0
9265132#0	Q0	67283#19	1
9265132#0	Q0	67283#0	1
9265132#0	Q0	5527826#25	1
9265132#0	Q0	8990586#0	1
9265132#0	Q0	2013567#2	1
9265132#0	Q0	43515#0	1
9265132#0	Q0	6289772#0	0
9265132#0	Q0	431087#1	0
9265132#0	Q0	2990959#3	0
9265132#0	Q0	8881335#48	0
9268482#0	Q0	4838085#0	1
9268482#0	Q0	4838085#2	1
9268482#0	Q0	4838085#4	0
9268482#0	Q0	9972583#1	0
9268482#0	Q0	4838085#5	0
9268482#0	Q0	1781131#1	0
9268482#0	Q0	4838085#7	0
9268482#0	Q0	6197265#1	0
9268482#0	Q0	6906989#1	0
9268482#0	Q0	9381090#1	0
9269082#0	Q0	70589#10	1
9269082#0	Q0	1178438#10	1
9269082#0	Q0	251974#1	1
9269082#0	Q0	1178438#8	1
9269082#0	Q0	31132#35	0
9269082#0	Q0	15821#1	0
9269082#0	Q0	9321621#0	0
9269082#0	Q0	1789064#3	0
9269082#0	Q0	2418284#7	0
9269082#0	Q0	718683#1	0
9271716#0	Q0	874476#14	1
9271716#0	Q0	874476#15	1
9271716#0	Q0	494653#13	1
9271716#0	Q0	630615#17	0
9271716#0	Q0	5503050#8	0
9271716#0	Q0	871907#1	0
9271716#0	Q0	5611070#10	0
9271716#0	Q0	2943387#13	0
9271716#0	Q0	871907#0	0
9271716#0	Q0	874476#0	0
9271979#0	Q0	180253#3	1
9271979#0	Q0	1935207#7	1
9271979#0	Q0	8938918#19	1
9271979#0	Q0	1575#16	1
9271979#0	Q0	352452#2	1
9271979#0	Q0	1575#2	1
9271979#0	Q0	7385822#3	1
9271979#0	Q0	19422#181	1
9271979#0	Q0	19422#126	1
9271979#0	Q0	1935207#1	0
9272066#0	Q0	2619829#0	1
9272066#0	Q0	6861763#5	1
9272066#0	Q0	6861763#1	1
9272066#0	Q0	37115#5	0
9272066#0	Q0	2619829#5	0
9272066#0	Q0	5541358#6	0
9272066#0	Q0	6861763#4	0
9272066#0	Q0	9688172#14	0
9272066#0	Q0	389862#4	0
9272066#0	Q0	5561796#3	0
9274122#0	Q0	4322827#10	1
9274122#0	Q0	8802823#2	1
9274122#0	Q0	7440825#4	1
9274122#0	Q0	4322827#14	1
9274122#0	Q0	1220570#35	1
9274122#0	Q0	1220570#6	1
9274122#0	Q0	72819#48	0
9274122#0	Q0	300363#9	0
9274122#0	Q0	1483345#3	0
9274122#0	Q0	93336#11	0
9288157#0	Q0	4395621#1	1
9288157#0	Q0	854245#1	0
9288157#0	Q0	8100421#2	0
9288157#0	Q0	95275#12	0
9288157#0	Q0	4850368#1	0
9288157#0	Q0	1514119#8	0
9288157#0	Q0	2351928#3	0
9288157#0	Q0	6438242#1	0
9288157#0	Q0	731656#35	0
9288157#0	Q0	13540#0	0
9288413#0	Q0	3120058#0	1
9288413#0	Q0	3120058#2	1
9288413#0	Q0	3120058#5	1
9288413#0	Q0	7164562#0	1
9288413#0	Q0	3120058#11	0
9288413#0	Q0	3120058#10	0
9288413#0	Q0	3120058#6	0
9288413#0	Q0	8493979#2	0
9288413#0	Q0	8492838#7	0
9288413#0	Q0	3120058#7	0
9293540#0	Q0	83404#12	1
9293540#0	Q0	83404#3	1
9293540#0	Q0	1265334#1	1
9293540#0	Q0	1039356#10	1
9293540#0	Q0	83404#24	0
9293540#0	Q0	83404#7	0
9293540#0	Q0	83404#0	0
9293540#0	Q0	5649300#0	0
9293540#0	Q0	83404#20	0
9293540#0	Q0	1014111#0	0
9295685#0	Q0	36#59	1
9295685#0	Q0	17801#85	1
9295685#0	Q0	9295685#0	0
9295685#0	Q0	36#0	0
9295685#0	Q0	5698#93	0
9295685#0	Q0	36#60	0
9295685#0	Q0	35#86	0
9295685#0	Q0	5894893#16	0
9295685#0	Q0	8087959#7	0
9295685#0	Q0	972#116	0
9299394#0	Q0	153782#15	1
9299394#0	Q0	732344#7	1
9299394#0	Q0	9994160#2	1
9299394#0	Q0	689592#19	1
9299394#0	Q0	63630#49	1
9299394#0	Q0	2001705#7	1
9299394#0	Q0	131633#4	1
9299394#0	Q0	382027#12	1
9299394#0	Q0	2968418#8	0
9299394#0	Q0	81776#42	0
9303413#0	Q0	9303413#7	1
9303413#0	Q0	9303413#0	1
9303413#0	Q0	9303413#17	1
9303413#0	Q0	9303413#8	1
9303413#0	Q0	9303413#5	1
9303413#0	Q0	9303413#4	1
9303413#0	Q0	9303413#13	1
9303413#0	Q0	9303413#10	0
9303413#0	Q0	9303413#15	0
9303413#0	Q0	9303413#6	0
9305851#0	Q0	6485935#3	1
9305851#0	Q0	1162581#2	1
9305851#0	Q0	326779#8	1
9305851#0	Q0	614052#17	1
9305851#0	Q0	6649#1	0
9305851#0	Q0	2891209#17	0
9305851#0	Q0	1046636#5	0
9305851#0	Q0	326845#15	0
9305851#0	Q0	326845#4	0
9305851#0	Q0	6485935#0	0
9314372#0	Q0	20888#4	1
9314372#0	Q0	4778#50	1
9314372#0	Q0	4305160#3	1
9314372#0	Q0	1849624#4	1
9314372#0	Q0	62577#64	1
9314372#0	Q0	432742#40	1
9314372#0	Q0	18111#11	1
9314372#0	Q0	18111#7	1
9314372#0	Q0	8693593#2	0
9314372#0	Q0	8693593#1	0
9329994#0	Q0	17756#0	1
9329994#0	Q0	525993#1	1
9329994#0	Q0	2382115#0	1
9329994#0	Q0	17756#6	1
9329994#0	Q0	79859#0	1
9329994#0	Q0	2444645#39	1
9329994#0	Q0	525993#3	1
9329994#0	Q0	17756#16	0
9329994#0	Q0	161455#14	0
9329994#0	Q0	2382115#2	0
9331713#0	Q0	9324186#2	1
9331713#0	Q0	2286556#4	1
9331713#0	Q0	8492483#3	1
9331713#0	Q0	9665#15	1
9331713#0	Q0	826213#4	1
9331713#0	Q0	680548#4	1
9331713#0	Q0	9665#0	1
9331713#0	Q0	9559#54	1
9331713#0	Q0	9665#1	1
9331713#0	Q0	8626636#8	1
9339346#0	Q0	337#0	1
9339346#0	Q0	349417#0	1
9339346#0	Q0	9444867#0	1
9339346#0	Q0	337#2	1
9339346#0	Q0	9799189#0	1
9339346#0	Q0	8813548#3	1
9339346#0	Q0	8081426#2	0
9339346#0	Q0	701#11	0
9339346#0	Q0	337#1	0
9339346#0	Q0	4372306#3	0
9357506#0	Q0	314818#0	1
9357506#0	Q0	9684389#73	1
9357506#0	Q0	9684389#47	1
9357506#0	Q0	9199748#9	1
9357506#0	Q0	4745#3	1
9357506#0	Q0	72424#12	1
9357506#0	Q0	314818#1	0
9357506#0	Q0	9684389#67	0
9357506#0	Q0	314818#4	0
9357506#0	Q0	22283#35	0
9362817#0	Q0	728479#0	1
9362817#0	Q0	1704248#1	1
9362817#0	Q0	43101#28	1
9362817#0	Q0	3349278#0	0
9362817#0	Q0	3349278#11	0
9362817#0	Q0	10104#33	0
9362817#0	Q0	729778#1	0
9362817#0	Q0	3349278#15	0
9362817#0	Q0	221673#56	0
9362817#0	Q0	728479#3	0
9363519#0	Q0	9363519#4	1
9363519#0	Q0	9363519#2	1
9363519#0	Q0	9363519#1	1
9363519#0	Q0	9363519#3	0
9363519#0	Q0	9363519#5	0
9363519#0	Q0	7737229#4	0
9363519#0	Q0	7491541#0	0
9363519#0	Q0	2620846#0	0
9363519#0	Q0	9363519#0	0
9363519#0	Q0	4884056#4	0
9371107#0	Q0	155#3	1
9371107#0	Q0	140794#8	1
9371107#0	Q0	140794#1	1
9371107#0	Q0	58119#12	1
9371107#0	Q0	140794#7	1
9371107#0	Q0	140794#11	1
9371107#0	Q0	9072111#6	0
9371107#0	Q0	68410#18	0
9371107#0	Q0	11604#1	0
9371107#0	Q0	58119#7	0
9371935#0	Q0	6350#0	1
9371935#0	Q0	6350#12	1
9371935#0	Q0	43454#3	1
9371935#0	Q0	9329036#83	1
9371935#0	Q0	104419#5	1
9371935#0	Q0	1427076#46	1
9371935#0	Q0	36871#38	1
9371935#0	Q0	6350#2	1
9371935#0	Q0	742207#2	0
9371935#0	Q0	3597#1	0
9376016#0	Q0	231869#16	1
9376016#0	Q0	2591824#1	0
9376016#0	Q0	4280111#6	0
9376016#0	Q0	2215070#2	0
9376016#0	Q0	7634123#15	0
9376016#0	Q0	299805#65	0
9376016#0	Q0	1144768#12	0
9376016#0	Q0	5930183#0	0
9376016#0	Q0	687376#84	0
9376016#0	Q0	211439#15	0
9388174#0	Q0	8446851#3	1
9388174#0	Q0	1381604#0	0
9388174#0	Q0	5926061#0	0
9388174#0	Q0	828182#0	0
9388174#0	Q0	1580320#32	0
9388174#0	Q0	7969665#0	0
9388174#0	Q0	1381604#2	0
9388174#0	Q0	50897#33	0
9388174#0	Q0	3027782#5	0
9388174#0	Q0	50897#39	0
9390717#0	Q0	3809934#0	1
9390717#0	Q0	3809934#27	1
9390717#0	Q0	3809934#26	1
9390717#0	Q0	3809934#1	1
9390717#0	Q0	3809934#25	1
9390717#0	Q0	3809934#20	1
9390717#0	Q0	3809934#21	1
9390717#0	Q0	3809934#12	0
9390717#0	Q0	3809934#11	0
9390717#0	Q0	3809934#38	0
9391391#0	Q0	1203666#0	1
9391391#0	Q0	1203666#1	1
9391391#0	Q0	1203666#3	1
9391391#0	Q0	9593#94	1
9391391#0	Q0	26709#8	1
9391391#0	Q0	26710#3	1
9391391#0	Q0	6022789#1	1
9391391#0	Q0	9957248#6	0
9391391#0	Q0	26710#9	0
9391391#0	Q0	9593#4	0
9391490#0	Q0	87086#42	1
9391490#0	Q0	8979207#13	1
9391490#0	Q0	87086#41	1
9391490#0	Q0	9365972#14	1
9391490#0	Q0	297883#7	1
9391490#0	Q0	87086#22	1
9391490#0	Q0	7206630#13	1
9391490#0	Q0	9882098#5	1
9391490#0	Q0	10038190#5	0
9391490#0	Q0	87086#29	0
9392427#0	Q0	4938130#4	1
9392427#0	Q0	4938130#7	1
9392427#0	Q0	4938130#9	1
9392427#0	Q0	4938130#17	1
9392427#0	Q0	4938130#2	1
9392427#0	Q0	4938130#18	1
9392427#0	Q0	4938130#8	1
9392427#0	Q0	4938130#10	1
9392427#0	Q0	4938130#23	1
9392427#0	Q0	4324913#5	0
9393469#0	Q0	1687642#19	1
9393469#0	Q0	2163272#59	1
9393469#0	Q0	2163272#30	1
9393469#0	Q0	1687642#47	1
9393469#0	Q0	1149#111	0
9393469#0	Q0	2163272#33	0
9393469#0	Q0	1687642#16	0
9393469#0	Q0	661868#1	0
9393469#0	Q0	2163272#32	0
9393469#0	Q0	2160119#18	0
939535#0	Q0	583589#4	1
939535#0	Q0	2486690#4	1
939535#0	Q0	106681#2	1
939535#0	Q0	3214857#6	1
939535#0	Q0	9618630#55	0
939535#0	Q0	3214857#16	0
939535#0	Q0	4447791#1	0
939535#0	Q0	203462#11	0
939535#0	Q0	106681#10	0
939535#0	Q0	9618630#53	0
939593#0	Q0	939593#3	1
939593#0	Q0	2193235#4	1
939593#0	Q0	9563441#0	0
939593#0	Q0	2193235#12	0
939593#0	Q0	6873650#11	0
939593#0	Q0	7628944#0	0
939593#0	Q0	2065189#3	0
939593#0	Q0	1620267#5	0
939593#0	Q0	2193235#3	0
939593#0	Q0	9563441#1	0
9398130#0	Q0	9398130#2	1
9398130#0	Q0	9398130#0	1
9398130#0	Q0	8329530#12	1
9398130#0	Q0	394175#28	1
9398130#0	Q0	9398130#3	0
9398130#0	Q0	663656#5	0
9398130#0	Q0	10097030#0	0
9398130#0	Q0	9344483#1	0
9398130#0	Q0	7614820#2	0
9398130#0	Q0	394175#26	0
939965#0	Q0	664522#5	1
939965#0	Q0	681101#2	1
939965#0	Q0	55931#7	1
939965#0	Q0	1141796#1	1
939965#0	Q0	23599#41	0
939965#0	Q0	7789517#6	0
939965#0	Q0	8656213#0	0
939965#0	Q0	2077513#2	0
939965#0	Q0	7789517#0	0
939965#0	Q0	1345692#1	0
9400954#0	Q0	237986#12	1
9400954#0	Q0	9907290#5	0
9400954#0	Q0	2006177#3	0
9400954#0	Q0	11919#50	0
9400954#0	Q0	9907290#9	0
9400954#0	Q0	9907290#6	0
9400954#0	Q0	613910#0	0
9400954#0	Q0	6239779#10	0
9400954#0	Q0	6924651#3	0
9400954#0	Q0	226842#59	0
940416#0	Q0	68822#7	1
940416#0	Q0	9524163#1	0
940416#0	Q0	3144060#2	0
940416#0	Q0	10105514#1	0
940416#0	Q0	4015707#0	0
940416#0	Q0	3955774#1	0
940416#0	Q0	5774675#1	0
940416#0	Q0	2940463#1	0
940416#0	Q0	10054753#15	0
940416#0	Q0	768221#4	0
9407991#0	Q0	176108#10	1
9407991#0	Q0	1905071#14	1
9407991#0	Q0	5389073#0	0
9407991#0	Q0	9712677#0	0
9407991#0	Q0	6217363#13	0
9407991#0	Q0	176108#11	0
9407991#0	Q0	9812177#0	0
9407991#0	Q0	597501#7	0
9407991#0	Q0	9812177#4	0
9407991#0	Q0	5571672#0	0
9410021#0	Q0	80999#24	1
9410021#0	Q0	48301#5	1
9410021#0	Q0	48301#30	1
9410021#0	Q0	1713672#9	1
9410021#0	Q0	1926765#0	1
9410021#0	Q0	12477#2	1
9410021#0	Q0	1926765#2	0
9410021#0	Q0	129586#0	0
9410021#0	Q0	132251#28	0
9410021#0	Q0	48301#55	0
9410297#0	Q0	749609#8	1
9410297#0	Q0	3653558#0	1
9410297#0	Q0	3653558#7	0
9410297#0	Q0	3653558#2	0
9410297#0	Q0	3653558#15	0
9410297#0	Q0	270347#0	0
9410297#0	Q0	270347#17	0
9410297#0	Q0	271912#11	0
9410297#0	Q0	2364011#17	0
9410297#0	Q0	217081#23	0
9411389#0	Q0	107218#0	1
9411389#0	Q0	6281364#1	1
9411389#0	Q0	8291211#1	1
9411389#0	Q0	6281364#2	0
9411389#0	Q0	6584198#0	0
9411389#0	Q0	135227#14	0
9411389#0	Q0	3130026#14	0
9411389#0	Q0	1503336#1	0
9411389#0	Q0	150736#25	0
9411389#0	Q0	135227#28	0
9411763#0	Q0	280363#49	1
9411763#0	Q0	495713#2	1
9411763#0	Q0	482762#3	1
9411763#0	Q0	987#0	1
9411763#0	Q0	237766#18	1
9411763#0	Q0	237766#41	1
9411763#0	Q0	278216#1	1
9411763#0	Q0	987#3	1
9411763#0	Q0	7264742#21	0
9411763#0	Q0	237766#8	0
9414052#0	Q0	6902884#1	1
9414052#0	Q0	8566004#16	1
9414052#0	Q0	6902884#29	1
9414052#0	Q0	6902884#9	1
9414052#0	Q0	6902884#14	1
9414052#0	Q0	6902884#15	1
9414052#0	Q0	6902884#12	1
9414052#0	Q0	6902884#23	1
9414052#0	Q0	5177031#0	1
9414052#0	Q0	6902884#0	0
9414347#0	Q0	43606#0	1
9414347#0	Q0	27893#6	1
9414347#0	Q0	3680659#3	1
9414347#0	Q0	8370892#7	1
9414347#0	Q0	16387#0	1
9414347#0	Q0	43606#46	1
9414347#0	Q0	18984#5	1
9414347#0	Q0	5198374#0	0
9414347#0	Q0	43606#24	0
9414347#0	Q0	8573387#12	0
9414946#0	Q0	9488830#2	1
9414946#0	Q0	1983198#2	0
9414946#0	Q0	1191#62	0
9414946#0	Q0	2228321#0	0
9414946#0	Q0	7005337#6	0
9414946#0	Q0	932539#1	0
9414946#0	Q0	9975946#2	0
941534#0	Q0	7804#208	1
941534#0	Q0	5888957#6	1
941534#0	Q0	5888957#1	1
941534#0	Q0	5888957#0	1
941534#0	Q0	5888957#5	1
941534#0	Q0	5888957#7	1
941534#0	Q0	5888957#3	0
941534#0	Q0	5888957#14	0
941534#0	Q0	5888957#4	0
941534#0	Q0	9076269#4	0
9418755#0	Q0	16069#0	1
9418755#0	Q0	16069#1	1
9418755#0	Q0	16069#2	1
9418755#0	Q0	3248307#3	1
9418755#0	Q0	16069#4	1
9418755#0	Q0	643501#59	0
9418755#0	Q0	210843#2	0
9418755#0	Q0	150010#13	0
9418755#0	Q0	4151157#1	0
9418755#0	Q0	493517#5	0
9420280#0	Q0	55696#6	1
9420280#0	Q0	1412027#66	1
9420280#0	Q0	265957#30	1
9420280#0	Q0	7640#63	1
9420280#0	Q0	340412#4	1
9420280#0	Q0	408425#133	1
9420280#0	Q0	11235#45	0
9420280#0	Q0	6850072#33	0
9420280#0	Q0	126121#41	0
9420280#0	Q0	4764#37	0
94215#0	Q0	4410245#0	1
94215#0	Q0	1718268#44	1
94215#0	Q0	191013#5	1
94215#0	Q0	4410245#3	1
94215#0	Q0	1718268#80	1
94215#0	Q0	9356669#2	1
94215#0	Q0	4410245#1	1
94215#0	Q0	6382101#1	1
94215#0	Q0	42905#3	0
94215#0	Q0	417441#3	0
9423741#0	Q0	258636#4	1
9423741#0	Q0	258636#0	1
9423741#0	Q0	258636#7	1
9423741#0	Q0	258636#10	1
9423741#0	Q0	10114318#3	1
9423741#0	Q0	9072729#6	1
9423741#0	Q0	258636#3	1
9423741#0	Q0	258636#9	1
9423741#0	Q0	258636#2	1
9423741#0	Q0	9072729#3	1
9436892#0	Q0	1233909#1	1
9436892#0	Q0	1233909#0	0
9436892#0	Q0	1233909#2	0
9436892#0	Q0	9832637#1	0
9436892#0	Q0	10059257#13	0
9436892#0	Q0	5879807#0	0
9436892#0	Q0	5884563#0	0
9436892#0	Q0	10002187#3	0
9436892#0	Q0	8146884#5	0
9436892#0	Q0	5882195#0	0
9437466#0	Q0	4280190#4	1
9437466#0	Q0	3009098#3	1
9437466#0	Q0	4173416#27	0
9437466#0	Q0	2284333#23	0
9437466#0	Q0	273608#4	0
9437466#0	Q0	7531268#143	0
9437466#0	Q0	5698#17	0
9437466#0	Q0	572965#3	0
9437466#0	Q0	2282384#24	0
9437466#0	Q0	4029621#8	0
9438729#0	Q0	10123#0	1
9438729#0	Q0	9787782#8	1
9438729#0	Q0	8714099#0	1
9438729#0	Q0	512697#2	0
9438729#0	Q0	512697#22	0
9438729#0	Q0	512697#1	0
9438729#0	Q0	1197668#0	0
9438729#0	Q0	512697#3	0
9438729#0	Q0	4573763#0	0
9438729#0	Q0	8850395#0	0
9441678#0	Q0	4109406#14	1
9441678#0	Q0	627371#45	1
9441678#0	Q0	9441678#10	0
9441678#0	Q0	9441678#4	0
9441678#0	Q0	9441678#2	0
9441678#0	Q0	9441678#0	0
9441678#0	Q0	9441678#1	0
9441678#0	Q0	32396#54	0
9441678#0	Q0	9441678#30	0
9441678#0	Q0	4635714#78	0
9444688#0	Q0	4857074#8	1
9444688#0	Q0	134300#0	1
9444688#0	Q0	7010462#0	1
9444688#0	Q0	39440#0	1
9444688#0	Q0	323269#0	1
9444688#0	Q0	4857074#0	1
9444688#0	Q0	39440#1	1
9444688#0	Q0	39440#5	1
9444688#0	Q0	15388#0	0
9444688#0	Q0	39440#6	0
9448336#0	Q0	9448336#3	1
9448336#0	Q0	9448336#1	1
9448336#0	Q0	9448336#7	1
9448336#0	Q0	9448336#8	0
9448336#0	Q0	9448336#9	0
9448336#0	Q0	9448336#0	0
9448336#0	Q0	9448336#2	0
9448336#0	Q0	9448336#10	0
9448336#0	Q0	9448336#6	0
9448336#0	Q0	9319977#18	0
9449224#0	Q0	7026206#1	1
9449224#0	Q0	6343772#1	0
9449224#0	Q0	681071#3	0
9449224#0	Q0	681071#5	0
9449224#0	Q0	359709#0	0
9449224#0	Q0	7026206#0	0
9449224#0	Q0	9291238#0	0
9449224#0	Q0	1475296#2	0
9449224#0	Q0	4610571#5	0
9449224#0	Q0	8089738#10	0
9453481#0	Q0	3823#1	1
9453481#0	Q0	2159881#10	1
9453481#0	Q0	9190#6	0
9453481#0	Q0	6236287#2	0
9453481#0	Q0	9764461#10	0
9453481#0	Q0	8895175#1	0
9453481#0	Q0	1585171#5	0
9453481#0	Q0	1205576#0	0
9453481#0	Q0	10099659#2	0
9453481#0	Q0	4225182#0	0
9456453#0	Q0	7830714#2	1
9456453#0	Q0	7830714#5	1
9456453#0	Q0	4533931#32	1
9456453#0	Q0	8898852#0	1
9456453#0	Q0	7830714#0	1
9456453#0	Q0	845526#39	1
9456453#0	Q0	7830714#6	0
9456453#0	Q0	9878018#2	0
9458418#0	Q0	27992#0	1
9458418#0	Q0	139379#5	1
9458418#0	Q0	4216069#0	1
9458418#0	Q0	4771259#1	1
9458418#0	Q0	7211794#0	1
9458418#0	Q0	2304494#0	0
9458418#0	Q0	882534#4	0
9458418#0	Q0	1931408#20	0
9458418#0	Q0	9438752#7	0
9458418#0	Q0	7211794#10	0
9461832#0	Q0	7759196#0	1
9461832#0	Q0	112578#8	1
9461832#0	Q0	7769805#0	1
9461832#0	Q0	5056486#7	1
9461832#0	Q0	7759196#17	0
9461832#0	Q0	574797#4	0
9461832#0	Q0	43992#0	0
9461832#0	Q0	7759196#15	0
9461832#0	Q0	35139#15	0
9461832#0	Q0	7759196#16	0
9466590#0	Q0	50309#52	1
9466590#0	Q0	42874#22	1
9466590#0	Q0	50309#3	1
9466590#0	Q0	35328#40	0
9466590#0	Q0	5231915#91	0
9466590#0	Q0	5466269#42	0
9466590#0	Q0	68750#11	0
9466590#0	Q0	1328290#2	0
9466590#0	Q0	8375014#8	0
9466590#0	Q0	9087#38	0
9473984#0	Q0	709911#3	1
9473984#0	Q0	7635580#12	1
9473984#0	Q0	193660#6	1
9473984#0	Q0	7628944#13	1
9473984#0	Q0	84118#48	1
9473984#0	Q0	709911#0	1
9473984#0	Q0	709911#4	1
9473984#0	Q0	84118#9	1
9473984#0	Q0	709911#8	1
9473984#0	Q0	9909254#0	0
9475880#0	Q0	28105#20	1
9475880#0	Q0	101650#3	1
9475880#0	Q0	1903902#5	0
9475880#0	Q0	3080021#2	0
9475880#0	Q0	72666#11	0
9475880#0	Q0	4126859#1	0
9475880#0	Q0	7392190#11	0
9475880#0	Q0	183152#13	0
9475880#0	Q0	8996176#50	0
9475880#0	Q0	933495#50	0
9475886#0	Q0	3313#18	1
9475886#0	Q0	3313#0	1
9475886#0	Q0	3205021#0	1
9475886#0	Q0	5006152#4	1
9475886#0	Q0	15562#20	1
9475886#0	Q0	3313#29	1
9475886#0	Q0	3313#4	0
9475886#0	Q0	2806299#0	0
9475886#0	Q0	3205021#9	0
9475886#0	Q0	3313#28	0
9478842#0	Q0	8754899#4	1
9478842#0	Q0	8756012#4	1
9478842#0	Q0	9414043#12	1
9478842#0	Q0	446238#2	1
9478842#0	Q0	1746412#12	1
9478842#0	Q0	2248566#39	1
9478842#0	Q0	9414043#10	1
9478842#0	Q0	1334032#6	1
9478842#0	Q0	7823153#5	1
9478842#0	Q0	10021279#3	1
9481955#0	Q0	85469#18	1
9481955#0	Q0	15440#7	1
9481955#0	Q0	3130767#5	0
9481955#0	Q0	197687#30	0
9481955#0	Q0	197687#2	0
9481955#0	Q0	10018527#0	0
9481955#0	Q0	776675#7	0
9481955#0	Q0	3201221#12	0
9481955#0	Q0	100088#12	0
9481955#0	Q0	32204#7	0
948244#0	Q0	400768#3	1
948244#0	Q0	16423#1	0
948244#0	Q0	16423#0	0
948244#0	Q0	337#17	0
948244#0	Q0	6449197#6	0
948244#0	Q0	979160#2	0
948244#0	Q0	16423#7	0
948244#0	Q0	7271#12	0
948244#0	Q0	1331559#13	0
948244#0	Q0	16423#4	0
9483626#0	Q0	6645#0	1
9483626#0	Q0	8187121#37	1
9483626#0	Q0	6645#10	1
9483626#0	Q0	34575#53	1
9483626#0	Q0	6645#11	1
9483626#0	Q0	8187121#36	1
9483626#0	Q0	5356104#122	1
9483626#0	Q0	5356104#21	1
9483626#0	Q0	8187121#40	0
9483626#0	Q0	6645#2	0
9484729#0	Q0	952895#8	1
9484729#0	Q0	952895#2	1
9484729#0	Q0	20888#59	1
9484729#0	Q0	952895#30	1
9484729#0	Q0	160#17	1
9484729#0	Q0	5350200#14	1
9484729#0	Q0	1210234#2	1
9484729#0	Q0	761350#23	1
9484729#0	Q0	20888#60	1
9484729#0	Q0	761350#6	1
9485067#0	Q0	276780#171	1
9485067#0	Q0	221512#36	1
9485067#0	Q0	64185#4	1
9485067#0	Q0	7496581#1	1
9485067#0	Q0	527906#57	1
9485067#0	Q0	4155436#2	0
9485067#0	Q0	64185#6	0
9485067#0	Q0	64185#46	0
9485067#0	Q0	221512#124	0
9485067#0	Q0	1374300#1	0
9485127#0	Q0	855517#6	1
9485127#0	Q0	855517#7	1
9485127#0	Q0	6353133#8	1
9485127#0	Q0	8480333#2	1
9485127#0	Q0	6353133#1	0
9485127#0	Q0	855517#8	0
9485127#0	Q0	155#43	0
9485127#0	Q0	6353133#5	0
9485127#0	Q0	155#42	0
9485127#0	Q0	3767760#1	0
9485678#0	Q0	4589252#1	1
9485678#0	Q0	4589252#2	1
9485678#0	Q0	4588870#5	1
9485678#0	Q0	4588870#2	1
9485678#0	Q0	4589252#0	1
9485678#0	Q0	4588870#0	0
9485678#0	Q0	4588870#8	0
9485678#0	Q0	722335#2	0
9485678#0	Q0	4588870#7	0
9485678#0	Q0	4595924#1	0
9489046#0	Q0	8685755#21	1
9489046#0	Q0	9170022#20	1
9489046#0	Q0	264311#1	1
9489046#0	Q0	9269877#3	1
9489046#0	Q0	9916380#4	1
9489046#0	Q0	7014289#5	1
9489046#0	Q0	9170022#25	0
94894#0	Q0	88606#49	1
94894#0	Q0	5071721#22	1
94894#0	Q0	331978#6	1
94894#0	Q0	4081339#1	1
94894#0	Q0	5883941#32	1
94894#0	Q0	8412822#21	1
94894#0	Q0	5107343#9	1
94894#0	Q0	243992#19	0
94894#0	Q0	41254#7	0
94894#0	Q0	8412822#19	0
9489439#0	Q0	935232#28	1
9489439#0	Q0	9957468#3	1
9489439#0	Q0	9957468#15	0
9489439#0	Q0	2354127#4	0
9489439#0	Q0	162605#86	0
9489439#0	Q0	6959#83	0
9489439#0	Q0	217196#0	0
9489439#0	Q0	9674755#25	0
9489439#0	Q0	5350#14	0
9489439#0	Q0	19232#168	0
9490043#0	Q0	5905810#0	1
9490043#0	Q0	4337882#3	1
9490043#0	Q0	5905810#38	1
9490043#0	Q0	764351#0	1
9490043#0	Q0	5905810#35	1
9490043#0	Q0	41964#21	0
9490043#0	Q0	5905810#6	0
9490043#0	Q0	764351#1	0
9490043#0	Q0	5905810#2	0
9490043#0	Q0	5905810#12	0
9492526#0	Q0	1528#5	1
9492526#0	Q0	134926#3	1
9492526#0	Q0	1528#0	1
9492526#0	Q0	5206453#0	0
9492526#0	Q0	1528#20	0
9492526#0	Q0	176487#1	0
9492526#0	Q0	274704#0	0
9492526#0	Q0	274704#15	0
9492526#0	Q0	1528#12	0
9492526#0	Q0	1528#36	0
9494843#0	Q0	10145520#3	1
9494843#0	Q0	7622767#0	1
9494843#0	Q0	7826378#1	1
9494843#0	Q0	8763215#3	1
9494843#0	Q0	9213109#5	1
9494843#0	Q0	7759148#11	1
9494843#0	Q0	8873710#9	0
9494843#0	Q0	133279#54	0
9494843#0	Q0	9555534#0	0
9494843#0	Q0	9213109#10	0
9499922#0	Q0	486147#0	1
9499922#0	Q0	816908#44	1
9499922#0	Q0	8609#82	1
9499922#0	Q0	25740#23	1
9499922#0	Q0	9499922#2	1
9499922#0	Q0	816908#60	1
9499922#0	Q0	816908#138	1
9499922#0	Q0	486147#2	1
9499922#0	Q0	1810#23	1
9499922#0	Q0	7319373#11	1
9500550#0	Q0	6021206#1	1
9500550#0	Q0	65937#3	0
9500550#0	Q0	9405303#0	0
9500550#0	Q0	2873601#48	0
9500550#0	Q0	9488889#0	0
9500550#0	Q0	133572#20	0
9500550#0	Q0	9484581#0	0
9500550#0	Q0	9447517#0	0
9500550#0	Q0	9485655#0	0
9500550#0	Q0	5074067#5	0
9502865#0	Q0	124306#0	1
9502865#0	Q0	4191242#0	1
9502865#0	Q0	907086#3	1
9502865#0	Q0	2412192#3	1
9502865#0	Q0	124306#6	1
9502865#0	Q0	124306#44	1
9502865#0	Q0	27090#0	0
9502865#0	Q0	141592#0	0
9502865#0	Q0	485844#2	0
9502865#0	Q0	459165#24	0
9502988#0	Q0	16385#25	1
9502988#0	Q0	1698111#1	1
9502988#0	Q0	16385#0	1
9502988#0	Q0	16385#22	1
9502988#0	Q0	484670#4	0
9502988#0	Q0	16385#1	0
9502988#0	Q0	447297#20	0
9502988#0	Q0	439458#12	0
9502988#0	Q0	1337618#2	0
9502988#0	Q0	1389641#24	0
9504403#0	Q0	1443435#0	1
9504403#0	Q0	1687169#2	1
9504403#0	Q0	7747423#2	1
9504403#0	Q0	707642#0	1
9504403#0	Q0	5715765#2	1
9504403#0	Q0	1443435#6	1
9504403#0	Q0	9627237#0	1
9504403#0	Q0	1564855#0	0
9504403#0	Q0	4106584#0	0
9504403#0	Q0	603415#0	0
9507875#0	Q0	5018584#1	1
9507875#0	Q0	948863#12	1
9507875#0	Q0	1072903#2	1
9507875#0	Q0	68680#19	1
9507875#0	Q0	1046320#26	1
9507875#0	Q0	1319402#37	1
9507875#0	Q0	1319402#15	1
9507875#0	Q0	68680#10	1
9507875#0	Q0	1319402#18	0
9507875#0	Q0	68680#2	0
9511223#0	Q0	7082020#5	1
9511223#0	Q0	8609#31	1
9511223#0	Q0	6000406#4	1
9511223#0	Q0	7082020#1	0
9511223#0	Q0	2272823#3	0
9511223#0	Q0	7267432#1	0
9511223#0	Q0	2848151#1	0
9511223#0	Q0	8767409#4	0
9511223#0	Q0	81776#31	0
9511223#0	Q0	2252188#7	0
9516486#0	Q0	3262571#4	1
9516486#0	Q0	6858#60	1
9516486#0	Q0	4369842#54	1
9516486#0	Q0	126323#0	1
9516486#0	Q0	563630#0	1
9516486#0	Q0	6544285#7	1
9516486#0	Q0	10077183#2	1
9516486#0	Q0	8393710#0	0
9516486#0	Q0	126323#1	0
9516486#0	Q0	7047934#21	0
9529453#0	Q0	219130#0	1
9529453#0	Q0	769948#0	1
9529453#0	Q0	220326#29	1
9529453#0	Q0	219130#1	1
9529453#0	Q0	219130#4	1
9529453#0	Q0	219130#13	1
9529453#0	Q0	12244#0	1
9529453#0	Q0	4516566#1	0
9529453#0	Q0	4883181#0	0
9529453#0	Q0	28706#2	0
95347#0	Q0	1233005#12	1
95347#0	Q0	273829#7	1
95347#0	Q0	95347#0	1
95347#0	Q0	1641063#8	1
95347#0	Q0	301957#5	1
95347#0	Q0	95347#3	1
95347#0	Q0	515198#8	1
95347#0	Q0	95347#1	1
95347#0	Q0	95347#6	0
95347#0	Q0	1327741#0	0
953869#0	Q0	68394#0	1
953869#0	Q0	68394#2	1
953869#0	Q0	46723#28	1
953869#0	Q0	68394#3	1
953869#0	Q0	9646684#0	0
953869#0	Q0	8682998#0	0
953869#0	Q0	9982108#1	0
953869#0	Q0	68394#1	0
953869#0	Q0	67432#3	0
953869#0	Q0	67366#2	0
9541613#0	Q0	2018705#2	1
9541613#0	Q0	4016393#55	1
9541613#0	Q0	4905229#5	1
9541613#0	Q0	2018705#34	1
9541613#0	Q0	4362148#10	1
9541613#0	Q0	9125657#81	1
9541613#0	Q0	4218769#1	1
9541613#0	Q0	4362148#0	1
9541613#0	Q0	416323#31	0
9541613#0	Q0	2018705#33	0
9550751#0	Q0	1013#0	1
9550751#0	Q0	700583#0	1
9550751#0	Q0	4088501#0	1
9550751#0	Q0	1013#17	1
9550751#0	Q0	67996#1	1
9550751#0	Q0	4088654#0	1
9550751#0	Q0	1013#3	0
9550751#0	Q0	700583#14	0
9550751#0	Q0	1013#22	0
9550751#0	Q0	700583#2	0
955246#0	Q0	7918#20	1
955246#0	Q0	9924308#0	1
955246#0	Q0	7918#0	1
955246#0	Q0	4411#69	1
955246#0	Q0	244#16	1
955246#0	Q0	25880#0	1
955246#0	Q0	7918#2	1
955246#0	Q0	762292#10	1
955246#0	Q0	585289#14	0
955246#0	Q0	710#28	0
9553214#0	Q0	1347334#2	1
9553214#0	Q0	372186#0	0
9553214#0	Q0	1094857#1	0
9553214#0	Q0	424728#5	0
9553214#0	Q0	7356077#0	0
9553214#0	Q0	424728#6	0
9553214#0	Q0	1121780#0	0
9553214#0	Q0	58005#0	0
9553214#0	Q0	2565639#0	0
9553214#0	Q0	707075#1	0
9553579#0	Q0	67722#12	1
9553579#0	Q0	4953412#13	0
9553579#0	Q0	10029840#3	0
9553579#0	Q0	9375396#13	0
9553579#0	Q0	6066266#11	0
9553579#0	Q0	4953412#15	0
9553579#0	Q0	5013067#2	0
9553579#0	Q0	1558404#10	0
9553579#0	Q0	232351#4	0
9553579#0	Q0	685456#13	0
9558129#0	Q0	117215#250	1
9558129#0	Q0	1129098#3	1
9558129#0	Q0	5439694#35	1
9558129#0	Q0	135227#6	1
9558129#0	Q0	117215#251	1
9558129#0	Q0	1821007#73	1
9558129#0	Q0	1821007#78	1
9558129#0	Q0	1821007#80	0
9558129#0	Q0	135227#116	0
9558129#0	Q0	1821007#32	0
9559461#0	Q0	5380174#0	1
9559461#0	Q0	4740206#13	1
9559461#0	Q0	4676845#24	1
9559461#0	Q0	2060592#95	1
9559461#0	Q0	4740206#14	1
9559461#0	Q0	5689577#0	0
9559461#0	Q0	6319891#0	0
9559461#0	Q0	4705474#0	0
9559461#0	Q0	1525290#32	0
9559461#0	Q0	7601090#5	0
9573329#0	Q0	177459#0	1
9573329#0	Q0	1952333#6	1
9573329#0	Q0	1952333#12	0
9573329#0	Q0	177459#1	0
9573329#0	Q0	3980300#0	0
9573329#0	Q0	1952333#10	0
9573329#0	Q0	1952333#1	0
9573329#0	Q0	1952333#0	0
9573329#0	Q0	1952333#9	0
9573329#0	Q0	177459#3	0
9579812#0	Q0	362821#0	1
9579812#0	Q0	4893875#0	1
9579812#0	Q0	4893891#0	1
9579812#0	Q0	4169041#0	0
9579812#0	Q0	1397524#5	0
9579812#0	Q0	8695846#0	0
9579812#0	Q0	4893866#0	0
9579812#0	Q0	1157541#0	0
9579812#0	Q0	68736#55	0
9579812#0	Q0	222627#1	0
9579818#0	Q0	9930948#5	1
9579818#0	Q0	1021442#2	1
9579818#0	Q0	8671201#2	1
9579818#0	Q0	794394#5	0
9579818#0	Q0	15906#7	0
9579818#0	Q0	2150380#3	0
9579818#0	Q0	1314213#1	0
9579818#0	Q0	135709#5	0
9579818#0	Q0	8839640#0	0
9579818#0	Q0	7849324#3	0
9582477#0	Q0	3111424#46	1
9582477#0	Q0	33543#170	1
9582477#0	Q0	4109194#5	1
9582477#0	Q0	3111424#21	1
9582477#0	Q0	3111424#48	1
9582477#0	Q0	2228620#13	0
9582477#0	Q0	5802799#34	0
9582477#0	Q0	7342447#65	0
9582477#0	Q0	3111424#3	0
9582477#0	Q0	8080094#58	0
9592095#0	Q0	723384#17	1
9592095#0	Q0	537905#33	1
9592095#0	Q0	210015#12	1
9592095#0	Q0	210015#19	1
9592095#0	Q0	537905#31	1
9592095#0	Q0	210015#21	1
9592095#0	Q0	5802048#11	0
9592095#0	Q0	6927652#15	0
9592095#0	Q0	723384#13	0
9592095#0	Q0	723384#0	0
9603659#0	Q0	46532#158	1
9603659#0	Q0	5129#271	1
9603659#0	Q0	46532#154	0
9603659#0	Q0	46532#4	0
9603659#0	Q0	82308#258	0
9603659#0	Q0	3580752#4	0
9603659#0	Q0	46532#156	0
9603659#0	Q0	75534#32	0
9603659#0	Q0	661975#16	0
9603659#0	Q0	677809#4	0
9608#0	Q0	4312959#2	1
9608#0	Q0	152750#1	1
9608#0	Q0	53954#47	1
9608#0	Q0	852105#8	0
9608#0	Q0	487235#6	0
9608#0	Q0	417488#34	0
9608#0	Q0	9582585#1	0
9608#0	Q0	417488#41	0
9608#0	Q0	1860415#6	0
9608#0	Q0	268483#20	0
9622164#0	Q0	192285#6	1
9622164#0	Q0	8105476#1	0
9622164#0	Q0	192285#0	0
9622164#0	Q0	6529426#0	0
9622164#0	Q0	9651551#0	0
9622164#0	Q0	8105476#0	0
9622164#0	Q0	5537542#0	0
9622164#0	Q0	9651551#14	0
9622552#0	Q0	7219124#1	1
9622552#0	Q0	6485869#15	1
9622552#0	Q0	7445961#60	1
9622552#0	Q0	1408215#1	0
9622552#0	Q0	7253198#2	0
9622552#0	Q0	4391084#10	0
9622552#0	Q0	4391084#5	0
9622552#0	Q0	1426822#11	0
9622552#0	Q0	134652#23	0
9622552#0	Q0	138365#65	0
9622869#0	Q0	6868#0	1
9622869#0	Q0	6868#8	1
9622869#0	Q0	1481485#1	1
9622869#0	Q0	6868#9	1
9622869#0	Q0	6868#12	1
9622869#0	Q0	15365#59	1
9622869#0	Q0	7835631#75	1
9622869#0	Q0	5289627#89	1
9622869#0	Q0	1481485#0	1
9622869#0	Q0	5289627#44	0
9625098#0	Q0	7789517#16	1
9625098#0	Q0	4398024#1	1
9625098#0	Q0	7789517#3	1
9625098#0	Q0	7789517#17	1
9625098#0	Q0	7789517#18	1
9625098#0	Q0	8891560#2	1
9625098#0	Q0	7789517#20	0
9625098#0	Q0	7789517#19	0
9625098#0	Q0	7789517#21	0
9625098#0	Q0	7789517#23	0
9627237#0	Q0	9883163#13	1
9627237#0	Q0	63905#36	1
9627237#0	Q0	7159585#5	1
9627237#0	Q0	7610809#8	1
9627237#0	Q0	866607#61	1
9627237#0	Q0	1454452#3	1
9627237#0	Q0	5159211#0	1
9627237#0	Q0	4749806#3	0
9627237#0	Q0	7955702#4	0
9627237#0	Q0	8707121#36	0
9630641#0	Q0	4938861#0	1
9630641#0	Q0	1113092#2	1
9630641#0	Q0	4938861#1	1
9630641#0	Q0	4938861#17	1
9630641#0	Q0	4938861#100	1
9630641#0	Q0	4938861#18	1
9630641#0	Q0	4938861#99	1
9630641#0	Q0	4938861#42	1
9630641#0	Q0	4938861#110	1
9630641#0	Q0	9125746#1	0
9639655#0	Q0	4144144#129	1
9639655#0	Q0	173193#1	0
9639655#0	Q0	9575537#12	0
9639655#0	Q0	48497#22	0
9639655#0	Q0	8418978#1	0
9639655#0	Q0	4670458#8	0
9639655#0	Q0	673471#51	0
9639655#0	Q0	944247#16	0
9639655#0	Q0	1546398#4	0
9639655#0	Q0	58944#6	0
9641130#0	Q0	42274#5	1
9641130#0	Q0	8953248#1	1
9641130#0	Q0	226000#167	1
9641130#0	Q0	192986#4	1
9641130#0	Q0	1106707#1	0
9641130#0	Q0	8202961#2	0
9641130#0	Q0	42274#24	0
9641130#0	Q0	31947#43	0
9641130#0	Q0	2571567#48	0
9641130#0	Q0	9093910#2	0
9641622#0	Q0	5524118#4	1
9641622#0	Q0	5524223#3	1
9641622#0	Q0	9363399#3	1
9641622#0	Q0	6507319#0	1
9641622#0	Q0	19469#59	1
9641622#0	Q0	7087258#3	0
9641622#0	Q0	9190930#0	0
9641622#0	Q0	2773587#11	0
9641622#0	Q0	9190930#5	0
9641622#0	Q0	9959827#3	0
9641912#0	Q0	10058#0	1
9641912#0	Q0	10058#32	1
9641912#0	Q0	1383293#1	0
9641912#0	Q0	9362631#1	0
9641912#0	Q0	6596617#4	0
9641912#0	Q0	1016944#0	0
9641912#0	Q0	9307948#26	0
9641912#0	Q0	6871853#0	0
9641912#0	Q0	4374971#0	0
9641912#0	Q0	9175706#2	0
9650494#0	Q0	149661#15	1
9650494#0	Q0	149661#14	1
9650494#0	Q0	7038717#4	1
9650494#0	Q0	1490364#6	0
9650494#0	Q0	149661#12	0
9650494#0	Q0	149661#1	0
9650494#0	Q0	3172918#1	0
9650494#0	Q0	633869#1	0
9650494#0	Q0	565948#4	0
9650494#0	Q0	1873749#4	0
9651845#0	Q0	9772577#0	1
9651845#0	Q0	8350996#0	1
9651845#0	Q0	8234134#0	0
9651845#0	Q0	9649649#0	0
9651845#0	Q0	8819127#0	0
9651845#0	Q0	9615764#0	0
9651845#0	Q0	9652209#0	0
9651845#0	Q0	9647123#0	0
9651845#0	Q0	9652633#0	0
9651845#0	Q0	5546208#0	0
9655986#0	Q0	9655986#3	1
9655986#0	Q0	9655986#0	1
9655986#0	Q0	9655986#2	1
9655986#0	Q0	9655986#4	1
9655986#0	Q0	9655986#5	0
9655986#0	Q0	9655986#8	0
9655986#0	Q0	9655986#9	0
9655986#0	Q0	9655986#6	0
9655986#0	Q0	4267465#0	0
9655986#0	Q0	626057#4	0
965778#0	Q0	1567479#4	1
965778#0	Q0	469568#1	1
965778#0	Q0	2730#27	1
965778#0	Q0	139379#2	1
965778#0	Q0	10392#13	0
965778#0	Q0	8105#3	0
965778#0	Q0	993138#3	0
965778#0	Q0	2570#49	0
965778#0	Q0	646425#29	0
965778#0	Q0	4092855#28	0
966435#0	Q0	5429202#0	1
966435#0	Q0	10085900#13	1
966435#0	Q0	5429202#3	1
966435#0	Q0	6461606#0	0
966435#0	Q0	5429202#7	0
966435#0	Q0	2439474#0	0
966435#0	Q0	7566653#68	0
966435#0	Q0	4026611#0	0
966435#0	Q0	384575#0	0
966435#0	Q0	72414#24	0
9667660#0	Q0	9973078#2	1
9667660#0	Q0	9736840#38	1
9667660#0	Q0	9973078#1	1
9667660#0	Q0	832561#10	1
9667660#0	Q0	9736840#37	1
9667660#0	Q0	1551419#2	1
9667660#0	Q0	9736840#23	1
9667660#0	Q0	9736840#46	1
9667660#0	Q0	28750#3	1
9667660#0	Q0	87021#45	0
9668414#0	Q0	93500#1	1
9668414#0	Q0	93500#15	1
9668414#0	Q0	93500#2	1
9668414#0	Q0	5398776#3	0
9668414#0	Q0	9027292#2	0
9668414#0	Q0	572121#0	0
9668414#0	Q0	7540637#5	0
9668414#0	Q0	2564172#4	0
9668414#0	Q0	5944771#2	0
9668414#0	Q0	4471129#1	0
9672012#0	Q0	1367862#0	1
9672012#0	Q0	3276#78	1
9672012#0	Q0	2183#7	0
9672012#0	Q0	2183#0	0
9672012#0	Q0	4879650#1	0
9672012#0	Q0	1070137#0	0
9672012#0	Q0	742606#0	0
9672012#0	Q0	2183#5	0
9672012#0	Q0	2183#1	0
9672012#0	Q0	2928577#0	0
9673423#0	Q0	179769#7	1
9673423#0	Q0	179769#8	1
9673423#0	Q0	541735#24	1
9673423#0	Q0	18579#19	1
9673423#0	Q0	179769#40	1
9673423#0	Q0	179769#0	1
9673423#0	Q0	506394#7	1
9673423#0	Q0	18579#20	0
9673423#0	Q0	4607390#0	0
9673423#0	Q0	189364#13	0
9673998#0	Q0	426137#26	1
9673998#0	Q0	893616#5	1
9673998#0	Q0	5262414#2	1
9673998#0	Q0	9180546#8	1
9673998#0	Q0	4779225#7	0
9673998#0	Q0	6388925#0	0
9673998#0	Q0	6413242#0	0
9673998#0	Q0	1224216#5	0
9673998#0	Q0	4341635#1	0
9673998#0	Q0	993711#2	0
9682080#0	Q0	894627#0	1
9682080#0	Q0	3264547#4	0
9682080#0	Q0	279168#7	0
9682080#0	Q0	8007798#1	0
9682080#0	Q0	839108#1	0
9682080#0	Q0	188606#15	0
9682080#0	Q0	8656861#8	0
9682080#0	Q0	188606#24	0
9682080#0	Q0	45191#20	0
9682080#0	Q0	26301#35	0
9691269#0	Q0	163012#0	1
9691269#0	Q0	163012#11	1
9691269#0	Q0	5344083#0	0
9691269#0	Q0	3838789#0	0
9691269#0	Q0	4512994#13	0
9691269#0	Q0	163012#2	0
9691269#0	Q0	163012#32	0
9691269#0	Q0	5124759#0	0
9691269#0	Q0	3838789#6	0
9691269#0	Q0	4512994#7	0
969412#0	Q0	637172#2	1
969412#0	Q0	516691#0	0
969412#0	Q0	2066775#23	0
969412#0	Q0	9270864#0	0
969412#0	Q0	151892#2	0
969412#0	Q0	10061618#4	0
969412#0	Q0	2441989#20	0
969412#0	Q0	7385785#25	0
969412#0	Q0	6874771#10	0
969412#0	Q0	27136#16	0
969441#0	Q0	3356973#43	1
969441#0	Q0	5472859#6	1
969441#0	Q0	7216271#5	1
969441#0	Q0	4221050#8	1
969441#0	Q0	1516300#7	1
969441#0	Q0	17725#10	1
969441#0	Q0	5472859#8	1
969441#0	Q0	5472859#5	0
969441#0	Q0	5472859#7	0
969441#0	Q0	1388719#10	0
9696216#0	Q0	7680029#2	1
9696216#0	Q0	7680029#4	1
9696216#0	Q0	7680029#5	1
9696216#0	Q0	8852627#0	1
9696216#0	Q0	8461146#0	1
9696216#0	Q0	9162553#3	1
9696216#0	Q0	7679985#30	1
9696216#0	Q0	7679985#29	1
9696216#0	Q0	5659662#0	1
9696216#0	Q0	7680029#11	0
9697448#0	Q0	1356635#0	1
9697448#0	Q0	9420#45	1
9697448#0	Q0	1356635#13	1
9697448#0	Q0	7036594#14	0
9697448#0	Q0	4039135#5	0
9697448#0	Q0	1356635#20	0
9697448#0	Q0	3240889#17	0
9697448#0	Q0	1382658#1	0
9697448#0	Q0	1116867#5	0
9697448#0	Q0	9339809#9	0
9697566#0	Q0	7816596#0	1
9697566#0	Q0	9697551#0	0
9697566#0	Q0	9697758#0	0
9697566#0	Q0	9696278#0	0
9697566#0	Q0	9696226#0	0
9697566#0	Q0	9697583#0	0
9697566#0	Q0	9697837#0	0
9697566#0	Q0	9697543#0	0
9697566#0	Q0	9696293#0	0
9697566#0	Q0	9696243#0	0
9698143#0	Q0	9455456#1	1
9698143#0	Q0	1698097#10	1
9698143#0	Q0	9455456#6	0
9698143#0	Q0	9455456#8	0
9698143#0	Q0	9455456#7	0
9698143#0	Q0	117390#41	0
9698143#0	Q0	9455456#17	0
9698143#0	Q0	8800984#6	0
9698143#0	Q0	9455456#0	0
9698143#0	Q0	9455456#2	0
9698319#0	Q0	5694698#2	1
9698319#0	Q0	4936451#44	1
9698319#0	Q0	1037#2	1
9698319#0	Q0	5047539#0	1
9698319#0	Q0	2122778#0	1
9698319#0	Q0	5694698#0	0
9698319#0	Q0	2130238#1	0
9698319#0	Q0	5896463#1	0
9698319#0	Q0	7524237#5	0
9698319#0	Q0	2130238#2	0
9699040#0	Q0	216707#1	1
9699040#0	Q0	216707#7	1
9699040#0	Q0	216707#9	1
9699040#0	Q0	1521549#5	1
9699040#0	Q0	41638#58	0
9699040#0	Q0	5771095#0	0
9699040#0	Q0	7268470#2	0
9699040#0	Q0	3266829#0	0
9709295#0	Q0	9327252#2	1
9709295#0	Q0	9851475#5	1
9709295#0	Q0	9372469#29	0
9709295#0	Q0	9372469#23	0
9709295#0	Q0	9807847#0	0
9709295#0	Q0	9771992#3	0
9709295#0	Q0	9851475#1	0
9709295#0	Q0	9540135#23	0
9709295#0	Q0	9669382#36	0
9709295#0	Q0	9726768#0	0
9714687#0	Q0	9465733#6	1
9714687#0	Q0	9491410#4	1
9714687#0	Q0	73430#7	1
9714687#0	Q0	9475886#4	0
9714687#0	Q0	8356586#2	0
9714687#0	Q0	50309#33	0
9714687#0	Q0	10112641#4	0
9714687#0	Q0	50309#36	0
9714687#0	Q0	9475886#7	0
9714687#0	Q0	9475886#0	0
9730765#0	Q0	8374152#3	1
9730765#0	Q0	7392190#5	1
9730765#0	Q0	1830#79	1
9730765#0	Q0	645953#380	1
9730765#0	Q0	127805#11	1
9730765#0	Q0	8374152#4	1
9730765#0	Q0	645953#381	1
9730765#0	Q0	645953#353	0
9730765#0	Q0	58532#2	0
9730765#0	Q0	227172#48	0
9731274#0	Q0	9731274#3	1
9731274#0	Q0	9731274#50	1
9731274#0	Q0	9731274#0	1
9731274#0	Q0	9731274#46	1
9731274#0	Q0	9731274#7	0
9731274#0	Q0	9731274#6	0
9731274#0	Q0	9731274#8	0
9731274#0	Q0	9731274#34	0
9731274#0	Q0	9731274#5	0
9731274#0	Q0	9731274#4	0
9734030#0	Q0	1226258#1	1
9734030#0	Q0	9544567#1	0
9734030#0	Q0	8813289#3	0
9734030#0	Q0	4502650#0	0
9734030#0	Q0	1045962#1	0
9734030#0	Q0	10037568#0	0
9734030#0	Q0	4464630#7	0
9734030#0	Q0	6353126#18	0
9734030#0	Q0	2174781#0	0
9734030#0	Q0	44625#1	0
9738781#0	Q0	6925807#0	1
9738781#0	Q0	9183361#10	1
9738781#0	Q0	9746141#3	1
9738781#0	Q0	9750250#1	1
9738781#0	Q0	9738803#4	1
9738781#0	Q0	9721219#1	1
9738781#0	Q0	9499531#6	1
9738781#0	Q0	9746141#0	1
9738781#0	Q0	9750250#2	0
9738781#0	Q0	9746141#5	0
9739685#0	Q0	94054#13	1
9739685#0	Q0	94054#14	1
9739685#0	Q0	1661027#0	1
9739685#0	Q0	94054#18	1
9739685#0	Q0	94054#2	1
9739685#0	Q0	7801317#6	1
9739685#0	Q0	29877#26	1
9739685#0	Q0	1478687#5	0
9739685#0	Q0	94054#3	0
9739685#0	Q0	94054#24	0
9745813#0	Q0	5353213#1	1
9745813#0	Q0	8988646#1	1
9745813#0	Q0	5230492#0	1
9745813#0	Q0	5353213#3	1
9745813#0	Q0	9844750#8	0
9745813#0	Q0	9600154#3	0
9745813#0	Q0	7280870#1	0
9745813#0	Q0	7280870#15	0
9745813#0	Q0	1677543#6	0
9745813#0	Q0	6454580#6	0
9745980#0	Q0	25181#8	1
9745980#0	Q0	25181#17	0
9745980#0	Q0	5964192#2	0
9745980#0	Q0	7255815#0	0
9745980#0	Q0	8870717#48	0
9745980#0	Q0	9238166#37	0
9745980#0	Q0	456978#19	0
9745980#0	Q0	7255815#32	0
9745980#0	Q0	9238166#36	0
9745980#0	Q0	8007987#3	0
9753456#0	Q0	180531#19	1
9753456#0	Q0	375614#6	1
9753456#0	Q0	1974762#4	1
9753456#0	Q0	375614#7	1
9753456#0	Q0	2214465#4	1
9753456#0	Q0	689369#2	1
9753456#0	Q0	1988967#6	1
9753456#0	Q0	180531#20	0
9753456#0	Q0	2034244#4	0
9753456#0	Q0	4663381#1	0
9758422#0	Q0	378961#1	1
9758422#0	Q0	378961#3	1
9758422#0	Q0	378961#0	1
9758422#0	Q0	378961#4	1
9758422#0	Q0	8013456#0	1
9758422#0	Q0	378961#6	1
9758422#0	Q0	8013456#2	1
9758422#0	Q0	8776106#0	1
9758422#0	Q0	378961#8	1
9758422#0	Q0	8098917#3	0
9768397#0	Q0	202872#12	1
9768397#0	Q0	9792582#13	1
9768397#0	Q0	7269829#0	0
9768397#0	Q0	9170780#3	0
9768397#0	Q0	4200040#2	0
9768397#0	Q0	1170976#0	0
9768397#0	Q0	222174#0	0
9768397#0	Q0	3655276#0	0
9768397#0	Q0	9992413#6	0
9768397#0	Q0	17097#34	0
9768570#0	Q0	133572#20	1
9768570#0	Q0	9872330#3	1
9768570#0	Q0	9926438#1	1
9768570#0	Q0	8347897#4	1
9768570#0	Q0	9912836#0	1
9768570#0	Q0	9356479#2	1
9768570#0	Q0	9916051#4	1
9768570#0	Q0	9389849#0	1
9768570#0	Q0	3108554#22	0
9768570#0	Q0	1412027#60	0
9774202#0	Q0	49390#57	1
9774202#0	Q0	49390#4	1
9774202#0	Q0	8767485#7	1
9774202#0	Q0	3469712#3	1
9774202#0	Q0	8657452#6	1
9774202#0	Q0	49390#0	1
9774202#0	Q0	49390#69	0
9774202#0	Q0	49390#46	0
9774202#0	Q0	116666#3	0
9774202#0	Q0	10037842#6	0
9774245#0	Q0	10234#0	1
9774245#0	Q0	314690#3	1
9774245#0	Q0	1682276#1	1
9774245#0	Q0	314690#17	1
9774245#0	Q0	173914#9	1
9774245#0	Q0	10234#83	0
9774245#0	Q0	1114804#11	0
9774245#0	Q0	10121504#4	0
9774245#0	Q0	10234#3	0
9774245#0	Q0	1717843#10	0
9775071#0	Q0	215484#0	1
9775071#0	Q0	811327#5	1
9775071#0	Q0	841217#173	1
9775071#0	Q0	215484#11	1
9775071#0	Q0	215484#16	1
9775071#0	Q0	974258#2	1
9775071#0	Q0	215484#5	0
9775071#0	Q0	215484#28	0
9775071#0	Q0	215484#2	0
9775071#0	Q0	205661#5	0
9784912#0	Q0	5176670#0	1
9784912#0	Q0	668701#4	1
9784912#0	Q0	4403112#0	1
9784912#0	Q0	668701#141	0
9784912#0	Q0	668701#156	0
9784912#0	Q0	7025493#0	0
9784912#0	Q0	5510858#2	0
9784912#0	Q0	668701#15	0
9784912#0	Q0	668701#67	0
9784912#0	Q0	1513248#4	0
9785589#0	Q0	123108#0	1
9785589#0	Q0	8157071#25	1
9785589#0	Q0	17801#12	1
9785589#0	Q0	17801#4	1
9785589#0	Q0	17801#9	1
9785589#0	Q0	17801#10	1
9785589#0	Q0	63970#20	1
9785589#0	Q0	1086315#2	0
9785589#0	Q0	17801#19	0
9785589#0	Q0	9941117#3	0
9788078#0	Q0	2231334#35	1
9788078#0	Q0	16789#36	1
9788078#0	Q0	6882815#1	1
9788078#0	Q0	339537#34	1
9788078#0	Q0	5857536#0	0
9788078#0	Q0	134999#25	0
9788078#0	Q0	1965186#3	0
9788078#0	Q0	43903#41	0
9788078#0	Q0	282061#8	0
9788078#0	Q0	643909#35	0
9789839#0	Q0	1802942#3	1
9789839#0	Q0	102370#1	1
9789839#0	Q0	102370#0	1
9789839#0	Q0	7696621#10	1
9789839#0	Q0	6913355#0	1
9789839#0	Q0	9506593#1	1
9789839#0	Q0	6628828#3	1
9789839#0	Q0	6702#5	1
9789839#0	Q0	41289#48	1
9789839#0	Q0	8802190#10	0
9791785#0	Q0	7090968#16	1
9791785#0	Q0	1182212#6	1
9791785#0	Q0	3427300#2	1
9791785#0	Q0	5938909#13	0
9791785#0	Q0	5447032#16	0
9791785#0	Q0	1510886#1	0
9791785#0	Q0	2773809#6	0
9791785#0	Q0	769912#3	0
9791785#0	Q0	9378946#4	0
9791785#0	Q0	8149673#7	0
9792886#0	Q0	2140582#1	1
9792886#0	Q0	5856726#0	1
9792886#0	Q0	118664#6	0
9792886#0	Q0	1908740#17	0
9792886#0	Q0	6323176#4	0
9792886#0	Q0	219326#53	0
9792886#0	Q0	1908740#19	0
9792886#0	Q0	1234427#78	0
9792886#0	Q0	358505#0	0
9792886#0	Q0	526586#0	0
9793477#0	Q0	14007#53	1
9793477#0	Q0	42280#0	1
9793477#0	Q0	3441317#3	1
9793477#0	Q0	292313#0	1
9793477#0	Q0	4306494#0	0
9793477#0	Q0	6507688#2	0
9793477#0	Q0	1187849#0	0
9793477#0	Q0	362918#10	0
9793477#0	Q0	642115#7	0
9793477#0	Q0	19434#9	0
9794645#0	Q0	9517175#0	1
9794645#0	Q0	229820#81	1
9794645#0	Q0	9517175#1	1
9794645#0	Q0	10052404#22	1
9794645#0	Q0	6066379#16	1
9794645#0	Q0	9368150#0	1
9794645#0	Q0	9339141#14	1
9794645#0	Q0	9972927#50	1
9794645#0	Q0	9339141#0	0
9794645#0	Q0	6480647#0	0
9795603#0	Q0	9041028#1	1
9795603#0	Q0	32209#13	1
9795603#0	Q0	279902#123	1
9795603#0	Q0	332898#25	1
9795603#0	Q0	3445669#8	1
9795603#0	Q0	9821367#32	0
9795603#0	Q0	33519#47	0
9795603#0	Q0	1535#19	0
9795603#0	Q0	2465583#77	0
9795603#0	Q0	4950554#47	0
9796622#0	Q0	3743924#14	1
9796622#0	Q0	450558#2	0
9796622#0	Q0	450558#0	0
9796622#0	Q0	450558#6	0
9796622#0	Q0	450558#5	0
9796622#0	Q0	8100314#3	0
9796622#0	Q0	8910943#3	0
9796622#0	Q0	7572016#1	0
9796622#0	Q0	220356#4	0
9796622#0	Q0	450558#4	0
9801316#0	Q0	9820080#1	1
9801316#0	Q0	9787261#4	1
9801316#0	Q0	9772215#17	0
9801316#0	Q0	9745940#13	0
9801316#0	Q0	9817181#3	0
9801316#0	Q0	9730516#5	0
9801316#0	Q0	9772040#2	0
9801316#0	Q0	9908617#31	0
9801316#0	Q0	9327120#15	0
9801316#0	Q0	9769429#11	0
9806425#0	Q0	4557069#0	1
9806425#0	Q0	4557069#10	1
9806425#0	Q0	4557069#1	1
9806425#0	Q0	4557069#16	1
9806425#0	Q0	4557069#17	1
9806425#0	Q0	2067068#16	1
9806425#0	Q0	4557069#7	1
9806425#0	Q0	4557069#18	1
9806425#0	Q0	1502404#0	1
9806425#0	Q0	4557069#12	1
9812380#0	Q0	1027809#26	1
9812380#0	Q0	9854106#9	1
9812380#0	Q0	273777#212	0
9812380#0	Q0	1761254#67	0
9812380#0	Q0	1173164#18	0
9812380#0	Q0	7134343#2	0
9812380#0	Q0	4368576#13	0
9812380#0	Q0	1756134#281	0
9812380#0	Q0	6291574#13	0
9812380#0	Q0	4642073#5	0
9818244#0	Q0	8338090#3	1
9818244#0	Q0	9818244#3	0
9818244#0	Q0	9818244#0	0
9818244#0	Q0	9818244#2	0
9818244#0	Q0	143948#106	0
9818244#0	Q0	8338090#1	0
9818244#0	Q0	7681243#12	0
9818244#0	Q0	143948#14	0
9818244#0	Q0	6942654#0	0
9818244#0	Q0	4718446#0	0
9818458#0	Q0	700509#0	1
9818458#0	Q0	76044#0	1
9818458#0	Q0	76044#4	1
9818458#0	Q0	702111#0	0
9818458#0	Q0	1102258#0	0
9818458#0	Q0	76044#19	0
9818458#0	Q0	76044#23	0
9818458#0	Q0	3344550#7	0
9818458#0	Q0	76044#13	0
9818458#0	Q0	349704#0	0
9818835#0	Q0	398958#5	1
9818835#0	Q0	10144706#2	1
9818835#0	Q0	9818835#0	1
9818835#0	Q0	9992207#5	1
9818835#0	Q0	9992207#3	1
9818835#0	Q0	9498487#9	0
9818835#0	Q0	1544858#0	0
9818835#0	Q0	7657807#0	0
9818835#0	Q0	9992207#6	0
9818835#0	Q0	61603#1	0
9826574#0	Q0	2028535#0	1
9826574#0	Q0	8826#0	1
9826574#0	Q0	5813904#7	0
9826574#0	Q0	171544#21	0
9826574#0	Q0	2250293#0	0
9826574#0	Q0	2013813#0	0
9826574#0	Q0	8820252#2	0
9826574#0	Q0	2250205#0	0
9826574#0	Q0	3471382#1	0
9826574#0	Q0	1272068#17	0
9830533#0	Q0	17510#115	1
9830533#0	Q0	816998#5	1
9830533#0	Q0	60693#19	1
9830533#0	Q0	43803#39	1
9830533#0	Q0	472266#13	1
9830533#0	Q0	43803#41	1
9830533#0	Q0	4592267#10	1
9830533#0	Q0	43803#26	1
9830533#0	Q0	60260#5	1
9830533#0	Q0	43803#46	0
9830615#0	Q0	8112074#0	1
9830615#0	Q0	8112074#6	1
9830615#0	Q0	349093#0	1
9830615#0	Q0	349093#1	1
9830615#0	Q0	8112074#2	1
9830615#0	Q0	8112074#17	1
9830615#0	Q0	9200861#2	0
9830615#0	Q0	9198830#3	0
9830615#0	Q0	349093#7	0
9830615#0	Q0	349093#12	0
9831797#0	Q0	123100#0	1
9831797#0	Q0	1116823#106	1
9831797#0	Q0	633#28	1
9831797#0	Q0	2174781#2	1
9831797#0	Q0	123100#1	1
9831797#0	Q0	6277459#0	1
9831797#0	Q0	7445462#7	1
9831797#0	Q0	507968#5	1
9831797#0	Q0	2174781#5	1
9831797#0	Q0	1256512#0	0
9838289#0	Q0	18579#1	1
9838289#0	Q0	18579#5	1
9838289#0	Q0	18579#19	1
9838289#0	Q0	6182055#0	1
9838289#0	Q0	1449107#5	0
9838289#0	Q0	1449107#3	0
9838289#0	Q0	30161#47	0
9838289#0	Q0	177109#1	0
9838289#0	Q0	8488137#7	0
9838289#0	Q0	64487#0	0
9838999#0	Q0	2525713#43	1
9838999#0	Q0	7221#28	1
9838999#0	Q0	7221#53	1
9838999#0	Q0	7221#31	1
9838999#0	Q0	7221#0	1
9838999#0	Q0	4953913#4	1
9838999#0	Q0	7221#32	1
9838999#0	Q0	10325#10	1
9838999#0	Q0	7221#30	1
9838999#0	Q0	7221#15	0
9839452#0	Q0	8307837#1	1
9839452#0	Q0	51873#0	1
9839452#0	Q0	51873#8	1
9839452#0	Q0	133048#7	1
9839452#0	Q0	171743#0	0
9839452#0	Q0	51873#3	0
9839452#0	Q0	51873#43	0
9839452#0	Q0	52329#0	0
9839452#0	Q0	140476#20	0
9839452#0	Q0	52329#2	0
9840354#0	Q0	7091108#9	1
9840354#0	Q0	8763404#10	1
9840354#0	Q0	8816474#8	1
9840354#0	Q0	1291081#3	1
9840354#0	Q0	6988850#0	1
9840354#0	Q0	2400722#36	0
9840354#0	Q0	4591792#3	0
9840354#0	Q0	7211024#4	0
9840354#0	Q0	9210#26	0
9840354#0	Q0	1830#103	0
9840377#0	Q0	5726637#0	1
9840377#0	Q0	9840377#0	1
9840377#0	Q0	7393168#0	0
9840377#0	Q0	1079191#0	0
9840377#0	Q0	906769#0	0
9840377#0	Q0	2820208#0	0
9840377#0	Q0	7393168#1	0
9840377#0	Q0	5726637#2	0
9840377#0	Q0	5704798#1	0
9840377#0	Q0	906769#4	0
9849058#0	Q0	48938#5	1
9849058#0	Q0	915868#6	1
9849058#0	Q0	3161812#0	0
9849058#0	Q0	9684389#119	0
9849058#0	Q0	359379#8	0
9849058#0	Q0	621499#0	0
9849058#0	Q0	56172#8	0
9849058#0	Q0	56172#5	0
9849058#0	Q0	2513324#173	0
9849058#0	Q0	2513324#168	0
9852012#0	Q0	7103#0	1
9852012#0	Q0	7103#5	1
9852012#0	Q0	10023413#13	1
9852012#0	Q0	76623#31	1
9852012#0	Q0	576313#0	1
9852012#0	Q0	8006#89	1
9852012#0	Q0	130923#1	0
9852012#0	Q0	7103#1	0
9852012#0	Q0	1891287#0	0
9852012#0	Q0	7103#4	0
985464#0	Q0	985464#5	1
985464#0	Q0	19490#10	0
985464#0	Q0	89965#24	0
985464#0	Q0	4550429#8	0
985464#0	Q0	988276#36	0
985464#0	Q0	1254141#3	0
985464#0	Q0	326098#21	0
985464#0	Q0	166491#9	0
985464#0	Q0	384532#4	0
985464#0	Q0	268966#5	0
9868253#0	Q0	9366591#2	1
9868253#0	Q0	9366591#0	1
9868253#0	Q0	9366591#1	1
9868253#0	Q0	9366591#3	0
9868253#0	Q0	32121#42	0
9868253#0	Q0	566116#1	0
9868253#0	Q0	2577413#1	0
9868253#0	Q0	9327073#0	0
9868253#0	Q0	32121#0	0
9868253#0	Q0	263675#1	0
9868528#0	Q0	9868528#0	1
9868528#0	Q0	9868528#2	0
9868528#0	Q0	9868528#1	0
9868528#0	Q0	6889655#0	0
9868528#0	Q0	3070518#15	0
9868528#0	Q0	7106774#0	0
9868528#0	Q0	9211102#0	0
9868528#0	Q0	9782484#0	0
9868528#0	Q0	7712096#0	0
9868528#0	Q0	5710#1	0
9868796#0	Q0	433147#5	1
9868796#0	Q0	2382526#15	1
9868796#0	Q0	433147#6	1
9868796#0	Q0	4076793#5	0
9868796#0	Q0	9373954#8	0
9868796#0	Q0	8853059#2	0
9868796#0	Q0	765447#3	0
9868796#0	Q0	5662814#8	0
9868796#0	Q0	8751548#12	0
9868796#0	Q0	4673020#6	0
987125#0	Q0	1644#10	1
987125#0	Q0	285060#111	0
987125#0	Q0	5010#122	0
987125#0	Q0	5010#118	0
987125#0	Q0	7730313#10	0
987125#0	Q0	5010#123	0
987125#0	Q0	5010#26	0
987125#0	Q0	5010#68	0
987125#0	Q0	5010#1	0
987125#0	Q0	5010#67	0
9872090#0	Q0	359797#3	1
9872090#0	Q0	4280458#0	1
9872090#0	Q0	704424#81	1
9872090#0	Q0	4875112#0	0
9872090#0	Q0	359797#4	0
9872090#0	Q0	141715#2	0
9872090#0	Q0	9695134#1	0
9872090#0	Q0	3613090#2	0
9872090#0	Q0	326825#1	0
9872090#0	Q0	770263#3	0
9872554#0	Q0	6449169#18	1
9872554#0	Q0	9056457#0	1
9872554#0	Q0	6449169#16	1
9872554#0	Q0	6449169#37	1
9872554#0	Q0	6449169#1	1
9872554#0	Q0	6449169#17	1
9872554#0	Q0	10059581#0	1
9872554#0	Q0	6449169#20	1
9872554#0	Q0	6449169#10	0
9872554#0	Q0	451419#31	0
9873965#0	Q0	7797#55	1
9873965#0	Q0	44265#0	1
9873965#0	Q0	500743#11	1
9873965#0	Q0	532757#1	1
9873965#0	Q0	7797#1	1
9873965#0	Q0	33326#3	1
9873965#0	Q0	5318406#10	1
9873965#0	Q0	44265#3	1
9873965#0	Q0	44265#2	0
9873965#0	Q0	2356034#4	0
9875716#0	Q0	1731364#38	1
9875716#0	Q0	3236823#0	1
9875716#0	Q0	6912658#3	0
9875716#0	Q0	1731364#37	0
9875716#0	Q0	1324437#8	0
9875716#0	Q0	109313#4	0
9875716#0	Q0	3071463#1	0
9875716#0	Q0	1238438#7	0
9875716#0	Q0	80274#27	0
9875716#0	Q0	8319319#7	0
9877657#0	Q0	1126#18	1
9877657#0	Q0	86540#55	1
9877657#0	Q0	1348538#13	1
9877657#0	Q0	7346549#13	1
9877657#0	Q0	41576#34	1
9877657#0	Q0	1603762#1	1
9877657#0	Q0	3733865#4	1
9877657#0	Q0	6020724#2	1
9877657#0	Q0	9877901#22	0
9877657#0	Q0	41576#7	0
9878696#0	Q0	3719284#6	1
9878696#0	Q0	5384#18	1
9878696#0	Q0	5384#10	1
9878696#0	Q0	3719284#1	1
9878696#0	Q0	5384#19	1
9878696#0	Q0	3719284#0	1
9878696#0	Q0	8449022#4	1
9878696#0	Q0	5387#89	0
9878696#0	Q0	5384#20	0
9878696#0	Q0	8837797#15	0
9881151#0	Q0	1204109#1	1
9881151#0	Q0	39890#4	1
9881151#0	Q0	17801#108	1
9881151#0	Q0	39890#6	1
9881151#0	Q0	4995419#2	1
9881151#0	Q0	7501350#3	1
9881151#0	Q0	12106#71	1
9881151#0	Q0	39890#10	1
9881151#0	Q0	17801#109	1
9881151#0	Q0	120878#14	0
9882957#0	Q0	45976#36	1
9882957#0	Q0	9975286#3	1
9882957#0	Q0	162517#17	1
9882957#0	Q0	7518217#6	1
9882957#0	Q0	162517#28	1
9882957#0	Q0	9975286#2	1
9882957#0	Q0	581010#3	1
9882957#0	Q0	8724683#1	1
9882957#0	Q0	8587087#18	0
9882957#0	Q0	581010#21	0
9883061#0	Q0	1016110#5	1
9883061#0	Q0	9340067#1	1
9883061#0	Q0	2049326#5	0
9883061#0	Q0	6597044#5	0
9883061#0	Q0	1016110#6	0
9883061#0	Q0	8641830#128	0
9883061#0	Q0	1371142#13	0
9883061#0	Q0	201733#37	0
9883061#0	Q0	2565952#4	0
9883061#0	Q0	1371142#34	0
9886070#0	Q0	5437404#3	1
9886070#0	Q0	5437404#14	1
9886070#0	Q0	10138634#2	1
9886070#0	Q0	5437404#5	1
9886070#0	Q0	10138634#1	1
9886070#0	Q0	1744096#28	1
9886070#0	Q0	5437404#11	1
9886070#0	Q0	5437404#0	0
9886070#0	Q0	5437404#15	0
9886070#0	Q0	10138634#0	0
9886472#0	Q0	16754#19	1
9886472#0	Q0	9033713#1	1
9886472#0	Q0	12084#23	1
9886472#0	Q0	4566285#2	1
9886472#0	Q0	315739#14	1
9886472#0	Q0	4566285#0	1
9886472#0	Q0	8780521#0	1
9886472#0	Q0	12084#2	1
9886472#0	Q0	71663#1	1
9886472#0	Q0	9815057#4	0
9887359#0	Q0	168177#0	1
9887359#0	Q0	168166#23	1
9887359#0	Q0	4155200#0	1
9887359#0	Q0	266061#2	1
9887359#0	Q0	7239119#4	1
9887359#0	Q0	194982#14	1
9887359#0	Q0	4916613#74	1
9887359#0	Q0	168173#9	0
9887359#0	Q0	7385260#7	0
9887359#0	Q0	168177#1	0
988751#0	Q0	253#101	1
988751#0	Q0	253#95	1
988751#0	Q0	253#96	1
988751#0	Q0	4888275#1	1
988751#0	Q0	8761073#2	1
988751#0	Q0	4393534#2	1
988751#0	Q0	253#94	1
988751#0	Q0	539345#8	0
988751#0	Q0	4176209#3	0
988751#0	Q0	125605#2	0
9895498#0	Q0	9657471#0	1
9895498#0	Q0	9790152#7	1
9895498#0	Q0	8801928#0	1
9895498#0	Q0	6540659#0	1
9895498#0	Q0	9130180#0	1
9895498#0	Q0	3586593#0	1
9895498#0	Q0	985578#0	1
9895498#0	Q0	4257771#1	1
9895498#0	Q0	7039051#3	0
9895498#0	Q0	9790152#2	0
9898450#0	Q0	219711#0	1
9898450#0	Q0	719523#10	1
9898450#0	Q0	8100376#6	1
9898450#0	Q0	10078603#4	1
9898450#0	Q0	8176086#2	1
9898450#0	Q0	1518235#5	1
9898450#0	Q0	719523#5	1
9898450#0	Q0	5185060#4	0
9898450#0	Q0	4191330#7	0
9898450#0	Q0	1418378#0	0
9904236#0	Q0	8561757#23	1
9904236#0	Q0	8868452#1	1
9904236#0	Q0	8963339#13	1
9904236#0	Q0	8882325#17	1
9904236#0	Q0	8961562#23	0
9904236#0	Q0	9997110#3	0
9904236#0	Q0	8931058#12	0
9904236#0	Q0	9071749#19	0
9904236#0	Q0	327469#17	0
9904236#0	Q0	38389#50	0
9906824#0	Q0	8712048#0	1
9906824#0	Q0	3938651#0	1
9906824#0	Q0	8133384#0	0
9906824#0	Q0	1037891#2	0
9906824#0	Q0	4685582#2	0
9906824#0	Q0	433624#2	0
9906824#0	Q0	3193993#22	0
9906824#0	Q0	2368351#7	0
9906824#0	Q0	5085095#1	0
9906824#0	Q0	4685582#5	0
9912806#0	Q0	1484922#0	1
9912806#0	Q0	9794972#0	1
9912806#0	Q0	1094#27	1
9912806#0	Q0	1094#1	1
9912806#0	Q0	9389828#0	1
9912806#0	Q0	9794972#8	1
9912806#0	Q0	9699734#0	1
9912806#0	Q0	1094#36	0
9912806#0	Q0	1094#34	0
9912806#0	Q0	8580#7	0
991287#0	Q0	1800302#0	1
991287#0	Q0	7036144#1	1
991287#0	Q0	8814741#2	1
991287#0	Q0	8685256#18	0
991287#0	Q0	8685256#4	0
991287#0	Q0	8685256#0	0
991287#0	Q0	9961018#5	0
991287#0	Q0	8685256#17	0
991287#0	Q0	7197899#6	0
991287#0	Q0	7275636#8	0
9914986#0	Q0	340415#2	1
9914986#0	Q0	3427561#1	1
9914986#0	Q0	5365335#1	1
9914986#0	Q0	9921334#3	1
9914986#0	Q0	340415#5	1
9914986#0	Q0	3427561#0	1
9914986#0	Q0	5353356#2	1
9914986#0	Q0	4588195#0	1
9914986#0	Q0	340415#0	1
9914986#0	Q0	800630#0	0
9916199#0	Q0	6054353#30	1
9916199#0	Q0	9584881#8	1
9916199#0	Q0	5549295#16	1
9916199#0	Q0	9808725#29	1
9916199#0	Q0	9237735#1	1
9916199#0	Q0	32201#23	0
9916199#0	Q0	6054353#8	0
9916199#0	Q0	5549295#19	0
9916199#0	Q0	8282904#11	0
9916199#0	Q0	6102620#2	0
9917789#0	Q0	8134#3	1
9917789#0	Q0	8134#14	1
9917789#0	Q0	12650#0	1
9917789#0	Q0	8134#11	1
9917789#0	Q0	4455110#0	0
9917789#0	Q0	8134#20	0
9917789#0	Q0	27542#29	0
9917789#0	Q0	31715#25	0
9917789#0	Q0	12650#1	0
9920795#0	Q0	39440#0	1
9920795#0	Q0	39440#1	1
9920795#0	Q0	4857074#5	1
9920795#0	Q0	39440#5	1
9920795#0	Q0	7010462#0	1
9920795#0	Q0	4605914#13	1
9920795#0	Q0	39440#6	1
9920795#0	Q0	4857074#8	0
9920795#0	Q0	4857074#0	0
9920795#0	Q0	89520#42	0
9920942#0	Q0	9846371#7	1
9920942#0	Q0	4154346#4	1
9920942#0	Q0	3224633#4	0
9920942#0	Q0	345703#24	0
9920942#0	Q0	9882199#1	0
9920942#0	Q0	108287#0	0
9920942#0	Q0	4648593#1	0
9920942#0	Q0	8971892#0	0
9920942#0	Q0	8762278#36	0
9920942#0	Q0	9594911#7	0
9923414#0	Q0	9119362#0	1
9923414#0	Q0	8102977#0	0
9923414#0	Q0	9417311#0	0
9923414#0	Q0	8847957#2	0
9923414#0	Q0	8702729#0	0
9923414#0	Q0	10089461#0	0
9923414#0	Q0	7577400#15	0
9923414#0	Q0	5832#20	0
9923414#0	Q0	10089461#2	0
9923414#0	Q0	8111769#1	0
9924281#0	Q0	9887167#15	1
9924281#0	Q0	9887167#11	1
9924281#0	Q0	9308313#3	1
9924281#0	Q0	10411#50	1
9924281#0	Q0	9887167#0	1
9924281#0	Q0	9887167#7	1
9924281#0	Q0	9887167#1	1
9924281#0	Q0	4688563#12	1
9924281#0	Q0	9887167#8	1
9924281#0	Q0	9887167#12	1
9924349#0	Q0	8941306#15	1
9924349#0	Q0	1802768#13	1
9924349#0	Q0	4963#2	1
9924349#0	Q0	10329#64	1
9924349#0	Q0	4963#0	1
9924349#0	Q0	258939#35	1
9924349#0	Q0	7802965#1	1
9924349#0	Q0	686234#11	1
9924349#0	Q0	34506#56	1
9924349#0	Q0	4963#4	1
9925146#0	Q0	26710#0	1
9925146#0	Q0	9593#94	1
9925146#0	Q0	26710#5	1
9925146#0	Q0	84901#14	1
9925146#0	Q0	9593#0	1
9925146#0	Q0	202040#2	0
9925146#0	Q0	9593#96	0
9925146#0	Q0	4683135#2	0
9925146#0	Q0	26710#4	0
9925146#0	Q0	2472246#1	0
9927701#0	Q0	9927701#32	1
9927701#0	Q0	15409#9	1
9927701#0	Q0	9927701#12	1
9927701#0	Q0	4284339#10	1
9927701#0	Q0	39879#7	1
9927701#0	Q0	9927701#28	1
9927701#0	Q0	15409#5	1
9927701#0	Q0	40717#4	1
9927701#0	Q0	6948926#3	1
9927701#0	Q0	9927701#10	1
9927898#0	Q0	9375000#5	1
9927898#0	Q0	350815#9	0
9927898#0	Q0	79326#0	0
9927898#0	Q0	4826072#39	0
9927898#0	Q0	9375000#1	0
9927898#0	Q0	8378173#64	0
9927898#0	Q0	462762#36	0
9927898#0	Q0	6283139#1	0
9927898#0	Q0	13437#0	0
9927898#0	Q0	9353445#5	0
9932678#0	Q0	32786#7	1
9932678#0	Q0	6427#2	1
9932678#0	Q0	141436#47	1
9932678#0	Q0	6427#33	1
9932678#0	Q0	32786#9	1
9932678#0	Q0	743370#2	1
9932678#0	Q0	1681676#20	1
9932678#0	Q0	18982#62	1
9932678#0	Q0	7980409#3	1
9932678#0	Q0	9643948#1	1
993478#0	Q0	160#16	1
993478#0	Q0	4444588#52	1
993478#0	Q0	37925#5	1
993478#0	Q0	1042#90	1
993478#0	Q0	5899804#10	1
993478#0	Q0	1085448#6	1
993478#0	Q0	1042#118	1
993478#0	Q0	1085448#16	1
993478#0	Q0	1042#117	1
993478#0	Q0	114696#1	1
9935176#0	Q0	55985#0	1
9935176#0	Q0	613131#8	1
9935176#0	Q0	55985#6	1
9935176#0	Q0	8739366#6	1
9935176#0	Q0	55985#10	1
9935176#0	Q0	55985#1	1
9935176#0	Q0	55985#2	0
9935176#0	Q0	55985#7	0
9935176#0	Q0	55985#12	0
9935176#0	Q0	55985#33	0
9939862#0	Q0	4913262#0	1
9939862#0	Q0	872087#79	1
9939862#0	Q0	2596995#0	1
9939862#0	Q0	4913241#0	1
9939862#0	Q0	4913241#2	0
9939862#0	Q0	872087#80	0
9939862#0	Q0	46300#22	0
9939862#0	Q0	4913241#1	0
9939862#0	Q0	872325#22	0
9939862#0	Q0	906335#0	0
9940002#0	Q0	9940002#2	1
9940002#0	Q0	1006881#8	1
9940002#0	Q0	9940002#0	1
9940002#0	Q0	1006881#1	1
9940002#0	Q0	9940002#9	1
9940002#0	Q0	1006881#2	1
9940002#0	Q0	9940002#5	1
9940002#0	Q0	9437182#6	0
9940002#0	Q0	9940002#4	0
9940002#0	Q0	1863638#0	0
9942618#0	Q0	41985#1	1
9942618#0	Q0	322336#7	1
9942618#0	Q0	16702#13	1
9942618#0	Q0	16702#10	1
9942618#0	Q0	984#3	1
9942618#0	Q0	16702#15	1
9942618#0	Q0	41985#2	1
9942618#0	Q0	9111712#0	1
9942618#0	Q0	1359622#0	1
9942618#0	Q0	7591#48	0
9948112#0	Q0	71259#3	1
9948112#0	Q0	71259#4	1
9948112#0	Q0	71259#0	1
9948112#0	Q0	3745945#1	1
9948112#0	Q0	71259#6	1
9948112#0	Q0	79570#1	1
9948112#0	Q0	7226246#8	1
9948112#0	Q0	7226246#0	1
9948112#0	Q0	87774#11	0
9948112#0	Q0	304782#1	0
9950334#0	Q0	3148141#1	1
9950334#0	Q0	6464256#1	1
9950334#0	Q0	9022842#1	1
9950334#0	Q0	9803337#3	1
9950334#0	Q0	7802969#1	1
9950334#0	Q0	9991306#17	0
9950334#0	Q0	1483623#4	0
9950334#0	Q0	1564094#11	0
9950334#0	Q0	5143770#6	0
9950334#0	Q0	2638692#2	0
9955172#0	Q0	2640739#41	1
9955172#0	Q0	169069#8	1
9955172#0	Q0	1597075#0	0
9955172#0	Q0	326724#1	0
9955172#0	Q0	4548950#12	0
9955172#0	Q0	151381#60	0
9955172#0	Q0	124318#0	0
9955172#0	Q0	122954#18	0
9955172#0	Q0	60432#1	0
9955172#0	Q0	23597#50	0
9955973#0	Q0	3607007#1	1
9955973#0	Q0	3166553#6	1
9955973#0	Q0	8805750#14	1
9955973#0	Q0	3607007#4	1
9955973#0	Q0	410100#7	1
9955973#0	Q0	41800#0	1
9955973#0	Q0	133928#13	1
9955973#0	Q0	2197910#4	1
9955973#0	Q0	3607007#0	1
9955973#0	Q0	8175104#0	1
9956322#0	Q0	9861#35	1
9956322#0	Q0	9861#1	1
9956322#0	Q0	9861#7	1
9956322#0	Q0	13679#0	0
9956322#0	Q0	1149#147	0
9956322#0	Q0	429919#0	0
9956322#0	Q0	2043035#9	0
9956322#0	Q0	336432#0	0
9956322#0	Q0	1041311#2	0
9956322#0	Q0	1149#0	0
9964483#0	Q0	50489#21	1
9964483#0	Q0	49669#80	1
9964483#0	Q0	49669#46	1
9964483#0	Q0	2656942#29	1
9964483#0	Q0	5912551#1	1
9964483#0	Q0	49669#0	1
9964483#0	Q0	49669#9	1
9964483#0	Q0	49669#1	1
9964483#0	Q0	2656942#2	1
9964483#0	Q0	49669#43	1
9966010#0	Q0	645268#9	1
9966010#0	Q0	6930035#21	1
9966010#0	Q0	4227775#4	1
9966010#0	Q0	745381#12	1
9966010#0	Q0	5506593#6	1
9966010#0	Q0	355962#54	1
9966010#0	Q0	756937#12	1
9966010#0	Q0	872262#1	1
9966010#0	Q0	139609#13	1
9966010#0	Q0	1972141#7	0
9980390#0	Q0	342463#0	1
9980390#0	Q0	28334#75	1
9980390#0	Q0	2458819#7	1
9980390#0	Q0	28334#94	1
9980390#0	Q0	342463#1	1
9980390#0	Q0	90239#22	1
9980390#0	Q0	8010223#0	0
9980390#0	Q0	342463#7	0
9980390#0	Q0	178259#0	0
9980390#0	Q0	664228#0	0
9984429#0	Q0	7230409#3	1
9984429#0	Q0	4327981#5	1
9984429#0	Q0	4280694#1	1
9984429#0	Q0	2721#5	1
9984429#0	Q0	2721#20	0
9984429#0	Q0	2721#23	0
9984429#0	Q0	2721#4	0
9984429#0	Q0	1034021#0	0
9984429#0	Q0	3605545#4	0
9984429#0	Q0	3605545#22	0
9988170#0	Q0	63648#5	1
9988170#0	Q0	63648#2	0
9988170#0	Q0	63648#6	0
9988170#0	Q0	203449#3	0
9988170#0	Q0	63648#8	0
9988170#0	Q0	50489#3	0
9988170#0	Q0	63648#15	0
9988170#0	Q0	8961144#3	0
9988170#0	Q0	63648#0	0
9988170#0	Q0	63648#1	0
9992247#0	Q0	516693#1	1
9992247#0	Q0	120510#21	1
9992247#0	Q0	10415#0	1
9992247#0	Q0	13493#0	1
9992247#0	Q0	4383194#10	1
9992247#0	Q0	4801926#0	1
9992247#0	Q0	5521963#0	1
9992247#0	Q0	516693#8	1
9992247#0	Q0	10415#72	1
9992247#0	Q0	512511#5	0
9994565#0	Q0	514156#4	1
9994565#0	Q0	9877901#6	1
9994565#0	Q0	3632832#17	1
9994565#0	Q0	8680849#1	1
9994565#0	Q0	8559398#2	1
9994565#0	Q0	3632832#5	1
9994565#0	Q0	6935476#90	0
9994565#0	Q0	16364#48	0
9994565#0	Q0	49669#59	0
9994565#0	Q0	8999380#0	0
9996500#0	Q0	38846#24	1
9996500#0	Q0	6160785#0	1
9996500#0	Q0	9438984#2	1
9996500#0	Q0	38846#8	1
9996500#0	Q0	38846#16	1
9996500#0	Q0	38846#6	1
9996500#0	Q0	30532#27	1
9996500#0	Q0	576822#4	1
9996500#0	Q0	1176334#5	0
9996500#0	Q0	39277#14	0
