1	Q0	3228#0	1
1	Q0	5850#2	0
1	Q0	1058333#4	0
1	Q0	3228#16	0
1	Q0	5863#1	0
1	Q0	1269732#0	0
1	Q0	5847#0	0
1	Q0	8432#4	0
1	Q0	259#10	0
1	Q0	128525#10	0
1	Q0	1617482#0	0
1	Q0	2565#18	0
1	Q0	3228#13	0
1	Q0	718811#3	0
1	Q0	3228#12	0
1	Q0	3228#11	0
1	Q0	1603083#3	0
3	Q0	164191#3	1
3	Q0	164191#8	0
3	Q0	259687#0	0
3	Q0	151097#29	0
3	Q0	858159#0	0
3	Q0	164191#11	0
3	Q0	464188#0	0
3	Q0	1274839#14	0
3	Q0	164191#10	0
3	Q0	164191#9	0
3	Q0	164191#6	0
3	Q0	457522#2	0
3	Q0	142345#4	0
5	Q0	39713#0	1
5	Q0	91867#0	0
5	Q0	38793#1	0
5	Q0	39713#5	0
5	Q0	89158#1	0
5	Q0	39713#6	0
5	Q0	396452#0	0
5	Q0	1113876#1	0
5	Q0	39713#7	0
5	Q0	341066#0	0
5	Q0	761841#1	0
5	Q0	232931#1	0
5	Q0	737433#1	0
5	Q0	1740214#2	0
6	Q0	10174#8	1
6	Q0	2011985#0	1
6	Q0	7753#39	1
6	Q0	378177#29	0
6	Q0	7753#9	0
6	Q0	156472#7	0
6	Q0	2011985#4	0
6	Q0	50902#7	0
6	Q0	346436#4	0
6	Q0	424163#19	0
6	Q0	7766#21	0
6	Q0	331437#28	0
6	Q0	7766#28	0
6	Q0	384893#5	0
6	Q0	7753#46	0
6	Q0	384897#4	0
6	Q0	346436#3	0
6	Q0	7753#47	0
7	Q0	74067#0	1
7	Q0	432258#0	1
7	Q0	261591#3	0
7	Q0	1613636#0	0
7	Q0	74067#102	0
7	Q0	1613636#1	0
7	Q0	468617#0	0
7	Q0	82210#11	0
7	Q0	319777#2	0
7	Q0	1873037#176	0
7	Q0	74134#44	0
7	Q0	44324#20	0
7	Q0	367568#5	0
8	Q0	2205#0	1
8	Q0	240795#0	1
8	Q0	299164#1	0
8	Q0	345672#0	0
8	Q0	109135#0	0
8	Q0	343362#0	0
8	Q0	129520#0	0
8	Q0	113623#3	0
8	Q0	293939#0	0
8	Q0	127466#13	0
8	Q0	305595#0	0
8	Q0	2467#2	0
8	Q0	351407#0	0
8	Q0	354657#0	0
8	Q0	240786#0	0
8	Q0	2205#56	0
8	Q0	52138#14	0
9	Q0	1007017#37	1
9	Q0	99782#4	1
9	Q0	108151#23	1
9	Q0	1753986#2	1
9	Q0	617908#33	0
9	Q0	687465#0	0
9	Q0	463762#11	0
9	Q0	1007017#3	0
9	Q0	78656#4	0
9	Q0	1753986#1	0
9	Q0	78656#37	0
11	Q0	5048#11	1
11	Q0	240463#78	1
11	Q0	7629#37	1
11	Q0	5963#15	1
11	Q0	47409#15	1
11	Q0	7629#0	1
11	Q0	5963#3	0
11	Q0	33993#44	0
11	Q0	7629#28	0
11	Q0	7629#107	0
11	Q0	1918309#15	0
11	Q0	11293#17	0
11	Q0	7629#90	0
11	Q0	1583395#3	0
15	Q0	49587#1	1
15	Q0	49587#2	0
15	Q0	49587#0	0
15	Q0	10011#48	0
15	Q0	72591#4	0
15	Q0	1488225#1	0
15	Q0	208911#0	0
15	Q0	111512#0	0
15	Q0	116282#6	0
15	Q0	18778#4	0
15	Q0	10011#2	0
15	Q0	10011#46	0
15	Q0	10011#55	0
15	Q0	10011#54	0
16	Q0	1186124#20	1
16	Q0	1186124#28	0
16	Q0	1621395#96	0
16	Q0	1621395#118	0
16	Q0	1186124#4	0
16	Q0	134039#19	0
16	Q0	1621395#105	0
16	Q0	1186124#19	0
16	Q0	1621395#1	0
16	Q0	1186124#0	0
16	Q0	1621395#100	0
16	Q0	1186124#31	0
16	Q0	1186124#3	0
16	Q0	11189#1	0
19	Q0	1562393#0	1
19	Q0	10336#0	1
19	Q0	920274#2	0
19	Q0	581715#2	0
19	Q0	35370#142	0
19	Q0	124001#18	0
19	Q0	500510#24	0
19	Q0	70827#0	0
19	Q0	936772#0	0
19	Q0	32377#63	0
19	Q0	1852#28	0
19	Q0	936772#47	0
19	Q0	582166#3	0
20	Q0	210860#4	1
20	Q0	414872#0	0
20	Q0	1377267#0	0
20	Q0	558364#0	0
20	Q0	1240891#0	0
20	Q0	558686#0	0
20	Q0	52138#14	0
20	Q0	2031474#14	0
20	Q0	1501334#1	0
20	Q0	1936366#0	0
20	Q0	1923921#0	0
20	Q0	1250208#0	0
20	Q0	1249823#0	0
20	Q0	210860#40	0
20	Q0	77303#3	0
20	Q0	77303#0	0
20	Q0	97277#1	0
22	Q0	2431#2	1
22	Q0	642536#0	1
22	Q0	1402905#0	1
22	Q0	668535#0	1
22	Q0	2436#0	1
22	Q0	668859#0	1
22	Q0	668522#0	0
22	Q0	2431#10	0
22	Q0	642618#0	0
22	Q0	642527#0	0
22	Q0	2431#17	0
22	Q0	642627#0	0
22	Q0	2431#9	0
22	Q0	2436#1	0
25	Q0	1695549#16	1
25	Q0	603707#2	0
25	Q0	603707#0	0
25	Q0	603707#4	0
25	Q0	6213#15	0
25	Q0	1630967#1	0
25	Q0	6213#12	0
25	Q0	675342#15	0
25	Q0	157292#12	0
25	Q0	55135#1	0
25	Q0	1919700#0	0
25	Q0	6214#1	0
25	Q0	12954#0	0
25	Q0	291506#1	0
25	Q0	94039#271	0
26	Q0	121613#0	1
26	Q0	13905#1	1
26	Q0	40960#0	1
26	Q0	3222#13	1
26	Q0	40960#67	0
26	Q0	265339#9	0
26	Q0	40960#41	0
26	Q0	123126#7	0
26	Q0	82210#17	0
26	Q0	188400#3	0
26	Q0	90200#10	0
26	Q0	188400#1	0
26	Q0	620218#7	0
26	Q0	121613#18	0
26	Q0	609533#1	0
26	Q0	121613#17	0
27	Q0	9178#10	1
27	Q0	9178#1	1
27	Q0	656179#0	0
27	Q0	74554#0	0
27	Q0	9178#24	0
27	Q0	2766#2	0
27	Q0	2871#77	0
27	Q0	769015#0	0
27	Q0	9178#6	0
27	Q0	981449#4	0
27	Q0	30224#0	0
27	Q0	11308#1	0
27	Q0	11308#3	0
27	Q0	1783476#1	0
32	Q0	1863#4	1
32	Q0	697081#0	0
32	Q0	1771819#3	0
32	Q0	680129#2	0
32	Q0	390229#26	0
32	Q0	14046#18	0
32	Q0	1863#8	0
32	Q0	826356#0	0
32	Q0	542138#4	0
32	Q0	295247#3	0
32	Q0	1625986#2	0
33	Q0	27809#38	1
33	Q0	27809#51	0
33	Q0	27809#47	0
33	Q0	27809#10	0
33	Q0	27809#31	0
33	Q0	27809#49	0
33	Q0	27809#25	0
33	Q0	27809#52	0
33	Q0	27809#24	0
33	Q0	27809#46	0
33	Q0	27809#36	0
33	Q0	27809#0	0
33	Q0	27809#45	0
33	Q0	27809#59	0
34	Q0	487516#0	1
34	Q0	487516#2	1
34	Q0	2197086#37	0
34	Q0	481425#7	0
34	Q0	487516#6	0
34	Q0	487516#5	0
34	Q0	73045#1	0
34	Q0	783#2	0
34	Q0	487516#25	0
34	Q0	8064#1	0
34	Q0	76515#3	0
34	Q0	280#29	0
34	Q0	487516#1	0
34	Q0	487516#4	0
34	Q0	487516#3	0
34	Q0	249#157	0
38	Q0	941759#3	1
38	Q0	1840#5	1
38	Q0	941759#10	1
38	Q0	1840#4	1
38	Q0	130764#2	0
38	Q0	1840#1	0
38	Q0	1840#3	0
38	Q0	1840#2	0
38	Q0	1840#10	0
38	Q0	898684#2	0
38	Q0	1840#13	0
38	Q0	949769#2	0
38	Q0	1401613#0	0
41	Q0	10174#8	1
41	Q0	2011985#1	1
41	Q0	2011985#0	1
41	Q0	7753#39	1
41	Q0	331437#28	0
41	Q0	2011985#3	0
41	Q0	14220#13	0
41	Q0	2011985#4	0
41	Q0	2011985#2	0
41	Q0	346436#4	0
41	Q0	424163#27	0
41	Q0	14220#22	0
41	Q0	7766#28	0
41	Q0	1598734#4	0
41	Q0	7753#46	0
42	Q0	1421080#5	1
42	Q0	1421080#6	0
42	Q0	1421080#13	0
42	Q0	1421080#12	0
42	Q0	1421080#19	0
42	Q0	1421080#15	0
42	Q0	154060#8	0
42	Q0	1421080#0	0
42	Q0	1421080#17	0
42	Q0	1421080#7	0
42	Q0	154060#10	0
42	Q0	154060#11	0
42	Q0	154060#1	0
43	Q0	7567#14	1
43	Q0	7567#2	1
43	Q0	1375324#0	0
43	Q0	7567#7	0
43	Q0	1818333#1	0
43	Q0	1375324#47	0
43	Q0	7567#12	0
43	Q0	7567#8	0
43	Q0	1435175#2	0
43	Q0	298969#12	0
43	Q0	7567#20	0
44	Q0	914853#0	1
44	Q0	6476#40	1
44	Q0	659167#0	1
44	Q0	1015515#0	1
44	Q0	713090#0	1
44	Q0	862813#0	1
44	Q0	923935#0	1
44	Q0	34921#0	1
44	Q0	1797743#0	1
44	Q0	34921#4	1
44	Q0	1797521#0	1
44	Q0	378974#0	1
44	Q0	5886#2	0
46	Q0	82967#0	1
46	Q0	147137#19	1
46	Q0	82967#19	0
46	Q0	410313#0	0
46	Q0	612705#0	0
46	Q0	381228#6	0
46	Q0	19706#12	0
46	Q0	82967#17	0
46	Q0	423389#24	0
46	Q0	1371522#4	0
46	Q0	1443004#0	0
46	Q0	81313#1	0
46	Q0	82978#36	0
46	Q0	147137#0	0
47	Q0	1440352#0	1
47	Q0	124001#40	1
47	Q0	312055#6	1
47	Q0	449283#23	0
47	Q0	2746#48	0
47	Q0	2746#37	0
47	Q0	2746#59	0
47	Q0	2746#54	0
47	Q0	119261#28	0
47	Q0	325530#19	0
47	Q0	344876#37	0
47	Q0	121324#7	0
47	Q0	2746#6	0
47	Q0	2746#69	0
47	Q0	31364#2	0
50	Q0	26953#6	1
50	Q0	756775#0	0
50	Q0	871881#1	0
50	Q0	326151#1	0
50	Q0	905229#1	0
50	Q0	560332#1	0
50	Q0	72313#3	0
50	Q0	1208029#10	0
50	Q0	139322#1	0
50	Q0	11190#1	0
50	Q0	26953#11	0
50	Q0	65135#4	0
50	Q0	1157781#1	0
50	Q0	391388#0	0
50	Q0	123910#6	0
50	Q0	330668#0	0
50	Q0	658071#1	0
50	Q0	150461#2	0
52	Q0	5157#8	1
52	Q0	9034#3	1
52	Q0	259#15	1
52	Q0	5156#10	1
52	Q0	4466#9	0
52	Q0	185284#5	0
52	Q0	5886#6	0
52	Q0	6196#5	0
52	Q0	56352#2	0
52	Q0	332599#1	0
52	Q0	249#19	0
52	Q0	301432#3	0
52	Q0	10227#11	0
52	Q0	13671#2	0
53	Q0	692591#0	1
53	Q0	1311887#2	1
53	Q0	615538#2	1
53	Q0	776863#1	0
53	Q0	1743242#0	0
53	Q0	776863#0	0
53	Q0	781098#0	0
53	Q0	320223#2	0
53	Q0	1180761#2	0
53	Q0	1753608#3	0
53	Q0	776863#3	0
53	Q0	1743242#1	0
53	Q0	776863#2	0
55	Q0	54851#0	1
55	Q0	249707#0	0
55	Q0	54851#2	0
55	Q0	79196#8	0
55	Q0	1075483#5	0
55	Q0	637931#1	0
55	Q0	227255#7	0
55	Q0	227255#13	0
55	Q0	42284#0	0
55	Q0	1171441#0	0
55	Q0	1045802#0	0
55	Q0	1170913#3	0
55	Q0	317595#1	0
55	Q0	1976649#2	0
55	Q0	224065#0	0
55	Q0	42284#14	0
56	Q0	6483#0	1
56	Q0	713672#9	0
56	Q0	222797#5	0
56	Q0	4953#134	0
56	Q0	1107396#0	0
56	Q0	61504#73	0
56	Q0	507251#1	0
56	Q0	507179#3	0
56	Q0	1448916#0	0
56	Q0	2306660#0	0
56	Q0	304700#7	0
56	Q0	841455#0	0
56	Q0	240463#59	0
56	Q0	204557#3	0
56	Q0	6483#1	0
56	Q0	730739#2	0
59	Q0	1448543#0	1
59	Q0	1448543#2	1
59	Q0	31103#1	1
59	Q0	31110#1	1
59	Q0	106746#6	0
59	Q0	9850#2	0
59	Q0	509765#1	0
59	Q0	686074#2	0
59	Q0	383736#9	0
59	Q0	509765#0	0
59	Q0	31054#7	0
59	Q0	106535#1	0
59	Q0	112748#5	0
59	Q0	1171083#14	0
59	Q0	256883#9	0
59	Q0	693523#2	0
60	Q0	12510#2	1
60	Q0	327487#0	0
60	Q0	56512#5	0
60	Q0	22726#3	0
60	Q0	683102#9	0
60	Q0	175142#9	0
60	Q0	325776#18	0
60	Q0	548598#6	0
60	Q0	683102#8	0
60	Q0	116015#0	0
60	Q0	31437#0	0
60	Q0	12510#50	0
60	Q0	31437#11	0
60	Q0	31438#0	0
60	Q0	21844#2	0
62	Q0	387162#0	1
62	Q0	387162#9	1
62	Q0	1222897#0	1
62	Q0	1713642#0	1
62	Q0	377703#24	0
62	Q0	41162#22	0
62	Q0	88104#42	0
62	Q0	662578#9	0
62	Q0	1436180#0	0
62	Q0	912465#0	0
62	Q0	482178#1	0
62	Q0	947447#0	0
62	Q0	162501#26	0
62	Q0	2306236#0	0
62	Q0	482178#27	0
62	Q0	643059#16	0
62	Q0	639991#0	0
64	Q0	57408#0	1
64	Q0	383344#9	0
64	Q0	1583820#0	0
64	Q0	331113#1	0
64	Q0	44866#7	0
64	Q0	885588#1	0
64	Q0	190440#0	0
64	Q0	383344#1	0
64	Q0	821783#1	0
64	Q0	383344#10	0
64	Q0	6385#0	0
64	Q0	40872#0	0
64	Q0	6385#4	0
64	Q0	3966#10	0
64	Q0	490352#0	0
67	Q0	134039#0	1
67	Q0	1630967#1	0
67	Q0	1501334#1	0
67	Q0	1256398#3	0
67	Q0	146353#16	0
67	Q0	1161196#7	0
67	Q0	230006#0	0
67	Q0	1443494#0	0
67	Q0	2012280#0	0
67	Q0	299916#0	0
67	Q0	558686#0	0
67	Q0	280178#0	0
67	Q0	1584769#0	0
67	Q0	1630967#0	0
67	Q0	134039#10	0
69	Q0	534717#0	1
69	Q0	534310#0	1
69	Q0	754#22	1
69	Q0	1187144#1	1
69	Q0	22033#2	0
69	Q0	81670#2	0
69	Q0	1811262#2	0
69	Q0	422073#3	0
69	Q0	2193#0	0
69	Q0	30940#2	0
69	Q0	1458#21	0
69	Q0	1187144#7	0
69	Q0	813693#0	0
69	Q0	709028#25	0
69	Q0	534716#0	0
69	Q0	993372#0	0
69	Q0	534315#0	0
70	Q0	812375#0	1
70	Q0	127699#0	1
70	Q0	1166889#0	1
70	Q0	712462#23	0
70	Q0	787736#0	0
70	Q0	712462#7	0
70	Q0	777287#0	0
70	Q0	712462#3	0
70	Q0	712462#1	0
70	Q0	812375#3	0
70	Q0	661#3	0
70	Q0	661#4	0
70	Q0	661#1	0
70	Q0	1760570#2	0
70	Q0	712462#8	0
70	Q0	812375#1	0
70	Q0	1760570#0	0
71	Q0	8035#3	1
71	Q0	1066979#3	0
71	Q0	140873#4	0
71	Q0	1626046#2	0
71	Q0	314434#2	0
71	Q0	331482#12	0
71	Q0	45551#15	0
71	Q0	402760#16	0
71	Q0	466147#3	0
71	Q0	11213#35	0
71	Q0	95649#6	0
71	Q0	227255#16	0
71	Q0	95649#7	0
71	Q0	383559#10	0
72	Q0	66312#0	1
72	Q0	579132#112	0
72	Q0	1704979#1	0
72	Q0	1161196#7	0
72	Q0	1501334#1	0
72	Q0	288166#3	0
72	Q0	1171298#1	0
72	Q0	5303#1	0
72	Q0	404076#2	0
72	Q0	1492866#2	0
72	Q0	151353#2	0
72	Q0	824490#0	0
73	Q0	10897#0	1
73	Q0	8394#52	1
73	Q0	10897#13	0
73	Q0	1794161#8	0
73	Q0	10897#12	0
73	Q0	391676#4	0
73	Q0	1794161#1	0
73	Q0	10897#1	0
73	Q0	383040#25	0
73	Q0	12510#46	0
73	Q0	2332013#0	0
74	Q0	6483#0	1
74	Q0	41026#2	0
74	Q0	5430#30	0
74	Q0	4953#11	0
74	Q0	56072#0	0
74	Q0	5184#4	0
74	Q0	7629#67	0
74	Q0	2385771#0	0
74	Q0	7781#29	0
74	Q0	421854#72	0
74	Q0	343622#9	0
74	Q0	169575#3	0
74	Q0	1021986#4	0
74	Q0	1429185#23	0
74	Q0	322435#30	0
74	Q0	722607#7	0
74	Q0	2259#4	0
74	Q0	9217#5	0
75	Q0	5262#0	1
75	Q0	35222#2	0
75	Q0	5048#5	0
75	Q0	5262#3	0
75	Q0	5262#21	0
75	Q0	156277#6	0
75	Q0	220569#2	0
75	Q0	171379#11	0
75	Q0	5106#39	0
75	Q0	23082#2	0
75	Q0	266039#16	0
75	Q0	23082#12	0
75	Q0	828555#2	0
75	Q0	5048#4	0
75	Q0	1873037#59	0
77	Q0	1285323#3	1
77	Q0	34057#3	1
77	Q0	878589#15	1
77	Q0	1123631#5	1
77	Q0	1827671#4	1
77	Q0	77248#18	1
77	Q0	27102#1	0
77	Q0	30272#1	0
77	Q0	1371114#3	0
77	Q0	32385#11	0
77	Q0	14224#0	0
77	Q0	446032#4	0
77	Q0	878589#0	0
77	Q0	1957584#0	0
77	Q0	128712#7	0
77	Q0	14224#7	0
77	Q0	1433413#2	0
82	Q0	6257#0	1
82	Q0	6257#9	0
82	Q0	266795#10	0
82	Q0	748886#1	0
82	Q0	6257#17	0
82	Q0	6257#5	0
82	Q0	93351#6	0
82	Q0	305228#5	0
82	Q0	6257#13	0
82	Q0	578588#6	0
82	Q0	984478#13	0
82	Q0	6257#10	0
82	Q0	849058#2	0
83	Q0	194563#6	1
83	Q0	1171906#2	0
83	Q0	1468785#17	0
83	Q0	582166#2	0
83	Q0	582166#1	0
83	Q0	35370#0	0
83	Q0	116551#12	0
83	Q0	1496934#0	0
83	Q0	629302#3	0
83	Q0	194563#7	0
83	Q0	295150#2	0
83	Q0	10336#1	0
83	Q0	582166#4	0
83	Q0	155324#19	0
83	Q0	636064#1	0
83	Q0	1033113#0	0
85	Q0	1760240#0	1
85	Q0	11113#3	0
85	Q0	514576#0	0
85	Q0	40781#46	0
85	Q0	55946#5	0
85	Q0	514576#1	0
85	Q0	40781#8	0
85	Q0	576876#13	0
85	Q0	181866#1	0
85	Q0	144359#6	0
85	Q0	510#48	0
85	Q0	228231#49	0
85	Q0	144359#0	0
85	Q0	144359#1	0
85	Q0	40781#11	0
86	Q0	10336#0	1
86	Q0	1306015#2	1
86	Q0	255735#46	0
86	Q0	141120#1	0
86	Q0	155649#12	0
86	Q0	404630#34	0
86	Q0	1409025#1	0
86	Q0	578588#1	0
86	Q0	71270#4	0
86	Q0	231433#20	0
86	Q0	2746#54	0
86	Q0	233469#6	0
86	Q0	88382#4	0
86	Q0	529825#1	0
86	Q0	573022#4	0
86	Q0	10336#1	0
86	Q0	9203#0	0
90	Q0	10336#0	1
90	Q0	919307#2	0
90	Q0	148159#0	0
90	Q0	39645#60	0
90	Q0	637931#1	0
90	Q0	201282#1	0
90	Q0	101959#5	0
90	Q0	79196#8	0
90	Q0	293573#2	0
90	Q0	1817910#4	0
90	Q0	121328#9	0
90	Q0	1035396#16	0
90	Q0	164654#0	0
90	Q0	1035396#2	0
90	Q0	1501472#32	0
90	Q0	38983#0	0
90	Q0	125916#6	0
90	Q0	893140#0	0
90	Q0	841455#0	0
96	Q0	74611#0	1
96	Q0	720749#0	0
96	Q0	828403#0	0
96	Q0	2006769#5	0
96	Q0	1501334#1	0
96	Q0	40056#1	0
96	Q0	1203869#0	0
96	Q0	558686#0	0
96	Q0	827535#0	0
96	Q0	827534#0	0
96	Q0	1923921#0	0
96	Q0	3373#8	0
96	Q0	772328#0	0
96	Q0	801961#0	0
96	Q0	74611#2	0
96	Q0	1885976#0	0
96	Q0	606575#0	0
96	Q0	816495#0	0
96	Q0	939609#0	0
96	Q0	809768#0	0
98	Q0	245001#7	1
98	Q0	324185#6	0
98	Q0	1253406#3	0
98	Q0	32377#5	0
98	Q0	103272#5	0
98	Q0	1479603#3	0
98	Q0	150201#6	0
98	Q0	32377#26	0
98	Q0	155324#8	0
98	Q0	112552#9	0
98	Q0	74067#30	0
98	Q0	122925#9	0
98	Q0	32377#4	0
98	Q0	79433#16	0
98	Q0	82210#2	0
98	Q0	6319#28	0
99	Q0	493604#2	1
99	Q0	493604#6	0
99	Q0	1015153#0	0
99	Q0	1328437#3	0
99	Q0	502630#7	0
99	Q0	147137#18	0
99	Q0	422528#4	0
99	Q0	314592#0	0
99	Q0	147137#1	0
99	Q0	879118#1	0
99	Q0	164294#0	0
99	Q0	185854#0	0
99	Q0	147109#0	0
99	Q0	423570#0	0
99	Q0	93847#2	0
99	Q0	1638953#4	0
99	Q0	41665#22	0
102	Q0	2204#0	1
102	Q0	2204#8	0
102	Q0	2257#2	0
102	Q0	405375#3	0
102	Q0	1584769#0	0
102	Q0	241469#4	0
102	Q0	2204#5	0
102	Q0	710251#6	0
102	Q0	2204#14	0
102	Q0	2204#13	0
102	Q0	2204#1	0
102	Q0	65615#3	0
102	Q0	13513#6	0
102	Q0	409229#1	0
103	Q0	1205927#12	1
103	Q0	1198166#3	0
103	Q0	68505#2	0
103	Q0	242223#7	0
103	Q0	1786953#0	0
103	Q0	1238856#1	0
103	Q0	913395#6	0
103	Q0	260858#1	0
103	Q0	913395#7	0
103	Q0	319774#1	0
103	Q0	697130#8	0
103	Q0	463498#2	0
103	Q0	7068#2	0
103	Q0	242223#9	0
103	Q0	211123#4	0
104	Q0	355655#26	1
104	Q0	37870#0	1
104	Q0	1257806#1	0
104	Q0	1869131#1	0
104	Q0	214763#0	0
104	Q0	366031#1	0
104	Q0	843317#10	0
104	Q0	281126#7	0
104	Q0	566550#6	0
104	Q0	255294#1	0
104	Q0	67274#36	0
104	Q0	566550#9	0
104	Q0	742821#11	0
104	Q0	38982#19	0
104	Q0	1867560#0	0
104	Q0	37863#12	0
108	Q0	13460#2	1
108	Q0	13460#15	1
108	Q0	52198#7	0
108	Q0	13460#12	0
108	Q0	13460#19	0
108	Q0	9446#41	0
108	Q0	15333#4	0
108	Q0	13460#0	0
108	Q0	14276#7	0
108	Q0	13460#18	0
108	Q0	189951#0	0
108	Q0	1942955#1	0
109	Q0	1933899#0	1
109	Q0	1935263#0	1
109	Q0	1933899#2	1
109	Q0	1940273#0	1
109	Q0	1933899#34	0
109	Q0	1947897#0	0
109	Q0	1940293#2	0
109	Q0	1940140#0	0
109	Q0	1940140#1	0
109	Q0	1933899#33	0
109	Q0	1940140#2	0
110	Q0	11773#0	1
110	Q0	114356#27	1
110	Q0	1013750#0	1
110	Q0	485336#2	1
110	Q0	1339149#0	1
110	Q0	156283#0	1
110	Q0	1339148#0	1
110	Q0	9270#0	1
110	Q0	238991#2	1
110	Q0	14836#26	1
110	Q0	9270#30	0
110	Q0	157982#1	0
110	Q0	11773#1	0
110	Q0	11773#2	0
113	Q0	407642#0	1
113	Q0	6669#1	0
113	Q0	6670#8	0
113	Q0	6669#2	0
113	Q0	6670#4	0
113	Q0	6669#7	0
113	Q0	6670#17	0
113	Q0	6670#7	0
113	Q0	6670#9	0
113	Q0	6670#19	0
113	Q0	104126#2	0
113	Q0	6670#1	0
113	Q0	6670#0	0
115	Q0	1289850#1	1
115	Q0	12811#0	1
115	Q0	9939#3	1
115	Q0	988343#0	1
115	Q0	2182#0	0
115	Q0	12863#0	0
115	Q0	1160852#1	0
115	Q0	2182#12	0
115	Q0	1951449#1	0
115	Q0	9939#0	0
115	Q0	35865#4	0
115	Q0	1234637#0	0
115	Q0	62321#0	0
115	Q0	41312#0	0
115	Q0	725603#23	0
115	Q0	1089021#0	0
118	Q0	155831#1	1
118	Q0	21#16	0
118	Q0	26549#3	0
118	Q0	176763#1	0
118	Q0	176763#0	0
118	Q0	985961#3	0
118	Q0	155831#3	0
118	Q0	1466974#4	0
118	Q0	156982#2	0
118	Q0	155831#2	0
118	Q0	706479#34	0
118	Q0	35451#6	0
118	Q0	1869249#13	0
118	Q0	208271#4	0
120	Q0	76383#4	1
120	Q0	13747#1	0
120	Q0	1403103#1	0
120	Q0	13747#12	0
120	Q0	72410#3	0
120	Q0	13747#7	0
120	Q0	13747#15	0
120	Q0	231433#17	0
120	Q0	468#26	0
120	Q0	830836#11	0
120	Q0	126639#0	0
120	Q0	404630#47	0
120	Q0	115656#4	0
120	Q0	72410#1	0
122	Q0	1049645#2	1
122	Q0	895066#2	1
122	Q0	2010658#3	1
122	Q0	699919#41	0
122	Q0	572651#2	0
122	Q0	262810#14	0
122	Q0	699919#40	0
122	Q0	700992#2	0
122	Q0	663095#1	0
122	Q0	1478895#14	0
122	Q0	64207#0	0
122	Q0	759593#43	0
122	Q0	1754774#18	0
122	Q0	511528#2	0
122	Q0	330051#100	0
122	Q0	64207#1	0
122	Q0	2559#8	0
122	Q0	84469#12	0
123	Q0	92015#3	1
123	Q0	708100#0	0
123	Q0	858997#1	0
123	Q0	1255474#1	0
123	Q0	1101002#4	0
123	Q0	865669#1	0
123	Q0	909535#6	0
123	Q0	203322#1	0
123	Q0	593439#1	0
123	Q0	726023#0	0
123	Q0	726023#1	0
123	Q0	136225#1	0
124	Q0	699442#1	1
124	Q0	55756#0	1
124	Q0	495#67	0
124	Q0	263173#178	0
124	Q0	495#39	0
124	Q0	1845604#1	0
124	Q0	495#44	0
124	Q0	428591#0	0
124	Q0	48020#11	0
124	Q0	5963#48	0
124	Q0	495#1	0
124	Q0	43892#0	0
124	Q0	728526#3	0
124	Q0	10317#1	0
124	Q0	11262#1	0
124	Q0	137184#21	0
128	Q0	4478#8	1
128	Q0	4478#1	0
128	Q0	4478#14	0
128	Q0	130859#13	0
128	Q0	47385#12	0
128	Q0	4478#22	0
128	Q0	4478#10	0
128	Q0	4478#23	0
128	Q0	4478#24	0
128	Q0	1090902#15	0
128	Q0	731543#9	0
128	Q0	4478#18	0
129	Q0	12471#7	1
129	Q0	263176#12	1
129	Q0	12471#2	1
129	Q0	263176#15	0
129	Q0	78673#2	0
129	Q0	1932401#42	0
129	Q0	1079271#2	0
129	Q0	12471#9	0
129	Q0	38539#1	0
129	Q0	980759#43	0
129	Q0	2431#11	0
129	Q0	2342#7	0
129	Q0	2342#6	0
131	Q0	2719#0	1
131	Q0	1852#39	1
131	Q0	181307#0	1
131	Q0	181307#9	1
131	Q0	583035#7	1
131	Q0	583035#2	1
131	Q0	583035#1	1
131	Q0	181307#20	1
131	Q0	88728#3	0
131	Q0	37027#20	0
131	Q0	30862#4	0
131	Q0	114356#20	0
131	Q0	33710#3	0
131	Q0	14267#4	0
131	Q0	34819#18	0
131	Q0	674763#0	0
131	Q0	1728447#3	0
131	Q0	1658098#1	0
131	Q0	70601#2	0
131	Q0	181307#8	0
133	Q0	306140#1	1
133	Q0	297260#1	0
133	Q0	343234#4	0
133	Q0	297260#20	0
133	Q0	243291#9	0
133	Q0	74136#71	0
133	Q0	40883#14	0
133	Q0	216500#0	0
133	Q0	35556#50	0
133	Q0	40886#6	0
133	Q0	6680#0	0
133	Q0	299955#1	0
133	Q0	9323#0	0
133	Q0	298810#0	0
133	Q0	84619#4	0
134	Q0	964411#0	1
134	Q0	48010#4	0
134	Q0	1280622#0	0
134	Q0	1064003#2	0
134	Q0	1927503#0	0
134	Q0	433690#3	0
134	Q0	48010#2	0
134	Q0	48010#3	0
134	Q0	117539#5	0
134	Q0	652699#41	0
134	Q0	527895#3	0
134	Q0	1966286#0	0
135	Q0	682506#8	1
135	Q0	33347#0	1
135	Q0	626645#2	0
135	Q0	216875#20	0
135	Q0	792908#9	0
135	Q0	688814#4	0
135	Q0	1856959#0	0
135	Q0	626920#13	0
135	Q0	682915#3	0
135	Q0	709003#13	0
135	Q0	1747461#4	0
135	Q0	690892#7	0
135	Q0	1747461#5	0
136	Q0	9826#4	1
136	Q0	1440422#0	0
136	Q0	113684#1	0
136	Q0	643800#14	0
136	Q0	19852#27	0
136	Q0	304742#0	0
136	Q0	231566#1	0
136	Q0	511551#5	0
136	Q0	19852#2	0
136	Q0	1177058#0	0
136	Q0	247115#9	0
136	Q0	247115#10	0
136	Q0	9826#5	0
136	Q0	175879#2	0
137	Q0	256445#0	1
137	Q0	76487#2	1
137	Q0	799395#19	1
137	Q0	42367#0	1
137	Q0	2008967#1	0
137	Q0	2404114#0	0
137	Q0	2403197#0	0
137	Q0	2373907#0	0
137	Q0	2373902#0	0
137	Q0	2428294#0	0
137	Q0	196730#0	0
137	Q0	2373894#0	0
137	Q0	2335205#0	0
137	Q0	278376#0	0
137	Q0	269580#17	0
137	Q0	42367#1	0
137	Q0	6608#12	0
137	Q0	76487#3	0
139	Q0	203138#20	1
139	Q0	2439#40	1
139	Q0	206148#1	0
139	Q0	269046#29	0
139	Q0	1361628#40	0
139	Q0	2439#2	0
139	Q0	381339#1	0
139	Q0	130104#4	0
139	Q0	74219#3	0
139	Q0	206148#24	0
139	Q0	255340#18	0
139	Q0	1896807#1	0
139	Q0	838723#1	0
139	Q0	1678651#4	0
140	Q0	3222#15	1
140	Q0	255760#15	0
140	Q0	5190#2	0
140	Q0	188871#1	0
140	Q0	4211#1	0
140	Q0	1314956#37	0
140	Q0	896406#2	0
140	Q0	90200#53	0
140	Q0	298584#5	0
140	Q0	6102#0	0
140	Q0	193679#0	0
140	Q0	292391#0	0
140	Q0	194267#1	0
140	Q0	90200#1	0
141	Q0	6257#4	1
141	Q0	6257#5	0
141	Q0	478611#5	0
141	Q0	23490#297	0
141	Q0	246115#2	0
141	Q0	259553#0	0
141	Q0	128065#1	0
141	Q0	1100870#1	0
141	Q0	266119#14	0
141	Q0	28204#10	0
141	Q0	74134#0	0
141	Q0	137184#21	0
141	Q0	7781#141	0
141	Q0	118102#0	0
141	Q0	6483#0	0
141	Q0	495#116	0
141	Q0	276965#2	0
141	Q0	259553#25	0
143	Q0	2707#4	1
143	Q0	270729#8	0
143	Q0	12678#32	0
143	Q0	1003890#9	0
143	Q0	12678#39	0
143	Q0	12678#0	0
143	Q0	12678#11	0
143	Q0	46627#4	0
143	Q0	597769#22	0
143	Q0	698021#2	0
143	Q0	270729#12	0
143	Q0	215432#23	0
143	Q0	12678#3	0
143	Q0	776221#7	0
143	Q0	4967#2	0
144	Q0	9169#0	1
144	Q0	1323730#0	1
144	Q0	1322437#0	1
144	Q0	1280711#0	1
144	Q0	1027234#0	1
144	Q0	1280703#0	1
144	Q0	46270#0	1
144	Q0	1322466#0	0
144	Q0	1052444#0	0
144	Q0	1322860#0	0
144	Q0	1280602#0	0
144	Q0	1322462#0	0
144	Q0	9168#0	0
144	Q0	9169#6	0
144	Q0	9169#3	0
147	Q0	5262#21	1
147	Q0	156277#6	0
147	Q0	1873037#59	0
147	Q0	6506#4	0
147	Q0	35222#2	0
147	Q0	268947#1	0
147	Q0	4953#46	0
147	Q0	828555#2	0
147	Q0	5106#43	0
147	Q0	23082#4	0
147	Q0	5262#36	0
147	Q0	5106#39	0
147	Q0	5601#7	0
147	Q0	23082#12	0
149	Q0	38718#3	1
149	Q0	38718#16	0
149	Q0	38718#26	0
149	Q0	38718#27	0
149	Q0	38718#15	0
149	Q0	38718#7	0
149	Q0	38718#24	0
149	Q0	2031474#14	0
149	Q0	1240891#0	0
149	Q0	558686#0	0
149	Q0	38718#0	0
149	Q0	1250208#0	0
149	Q0	841547#1	0
149	Q0	442551#7	0
150	Q0	30554#13	1
150	Q0	1948185#1	1
150	Q0	875271#0	1
150	Q0	699#5	0
150	Q0	699#3	0
150	Q0	2715#19	0
150	Q0	433#26	0
150	Q0	699#6	0
150	Q0	329399#5	0
150	Q0	513247#3	0
150	Q0	699#0	0
150	Q0	1034447#3	0
150	Q0	745417#14	0
150	Q0	30554#14	0
151	Q0	1502789#0	1
151	Q0	189383#0	0
151	Q0	42367#31	0
151	Q0	100591#3	0
151	Q0	42367#27	0
151	Q0	42367#0	0
151	Q0	1310060#2	0
151	Q0	133215#3	0
151	Q0	42367#1	0
151	Q0	169059#0	0
151	Q0	893370#0	0
151	Q0	374314#0	0
151	Q0	1499861#0	0
151	Q0	267081#1	0
151	Q0	42367#26	0
152	Q0	11521#24	1
152	Q0	2337#0	1
152	Q0	1235976#2	0
152	Q0	2337#147	0
152	Q0	11521#68	0
152	Q0	21981#0	0
152	Q0	1787019#25	0
152	Q0	2337#84	0
152	Q0	325716#0	0
152	Q0	2305952#22	0
152	Q0	2337#151	0
152	Q0	19974#0	0
152	Q0	19974#1	0
152	Q0	1073248#8	0
152	Q0	6207#9	0
152	Q0	2337#143	0
152	Q0	2337#99	0
152	Q0	211123#49	0
152	Q0	9545#218	0
153	Q0	428544#0	1
153	Q0	50672#1	1
153	Q0	1354016#0	1
153	Q0	1354018#0	1
153	Q0	1354020#0	1
153	Q0	428542#0	0
153	Q0	428542#16	0
153	Q0	1354015#0	0
153	Q0	428542#3	0
153	Q0	428542#8	0
153	Q0	428542#27	0
153	Q0	428542#22	0
153	Q0	428542#13	0
153	Q0	428542#17	0
158	Q0	28193#1	1
158	Q0	6587#67	1
158	Q0	6587#93	0
158	Q0	6587#98	0
158	Q0	6587#153	0
158	Q0	6587#157	0
158	Q0	508927#1	0
158	Q0	6587#131	0
158	Q0	6587#143	0
158	Q0	6587#83	0
158	Q0	6587#3	0
158	Q0	6587#76	0
158	Q0	6587#37	0
158	Q0	6587#38	0
158	Q0	6587#86	0
158	Q0	6638#5	0
158	Q0	6587#147	0
161	Q0	1031480#0	1
161	Q0	1010384#0	0
161	Q0	1768076#0	0
161	Q0	1010383#0	0
161	Q0	1010381#0	0
161	Q0	1010378#0	0
161	Q0	1641700#0	0
161	Q0	301963#3	0
161	Q0	1641495#0	0
161	Q0	1768105#0	0
161	Q0	1415002#0	0
161	Q0	397467#0	0
161	Q0	2431240#0	0
165	Q0	1013539#0	1
165	Q0	44315#0	1
165	Q0	735745#1	0
165	Q0	44315#1	0
165	Q0	44315#4	0
165	Q0	44315#2	0
165	Q0	635892#1	0
165	Q0	60693#2	0
165	Q0	44317#0	0
165	Q0	44315#11	0
165	Q0	1914587#1	0
165	Q0	599471#0	0
168	Q0	7629#6	1
168	Q0	43908#7	0
168	Q0	38536#5	0
168	Q0	384513#28	0
168	Q0	1834264#31	0
168	Q0	189829#18	0
168	Q0	1855587#21	0
168	Q0	1834264#50	0
168	Q0	67920#199	0
168	Q0	384513#53	0
168	Q0	263173#60	0
168	Q0	263173#67	0
168	Q0	1834264#26	0
168	Q0	1834264#53	0
169	Q0	255735#34	1
169	Q0	211789#4	1
169	Q0	3208#0	1
169	Q0	9652#14	1
169	Q0	96512#24	1
169	Q0	3208#9	0
169	Q0	843317#5	0
169	Q0	1105561#0	0
169	Q0	1329396#0	0
169	Q0	3208#22	0
169	Q0	685959#0	0
169	Q0	1825542#37	0
169	Q0	3208#3	0
169	Q0	3208#15	0
169	Q0	3208#5	0
170	Q0	23490#41	1
170	Q0	5037#18	0
170	Q0	88460#1	0
170	Q0	167509#2	0
170	Q0	11099#70	0
170	Q0	193881#17	0
170	Q0	249#167	0
170	Q0	518236#2	0
170	Q0	74134#71	0
170	Q0	276782#37	0
170	Q0	6609#85	0
170	Q0	90016#2	0
170	Q0	74134#104	0
170	Q0	8540#7	0
170	Q0	122371#4	0
170	Q0	44465#49	0
171	Q0	103720#0	1
171	Q0	103720#17	1
171	Q0	359077#0	0
171	Q0	36012#1	0
171	Q0	567471#0	0
171	Q0	36012#0	0
171	Q0	36012#13	0
171	Q0	631970#1	0
171	Q0	631950#0	0
171	Q0	566682#14	0
171	Q0	36013#0	0
171	Q0	259951#1	0
172	Q0	1731627#13	1
172	Q0	259#0	1
172	Q0	593821#0	0
172	Q0	52138#14	0
172	Q0	1086227#0	0
172	Q0	1203869#0	0
172	Q0	207596#1	0
172	Q0	337305#1	0
172	Q0	1641848#0	0
172	Q0	40656#2	0
172	Q0	558364#0	0
172	Q0	1376474#0	0
172	Q0	1731627#6	0
172	Q0	1731627#14	0
172	Q0	529832#34	0
172	Q0	1731627#8	0
172	Q0	205904#0	0
173	Q0	185167#2	1
173	Q0	761533#0	0
173	Q0	1926116#1	0
173	Q0	1926116#0	0
173	Q0	185167#4	0
173	Q0	185167#0	0
173	Q0	185167#6	0
173	Q0	1926116#6	0
173	Q0	185167#7	0
173	Q0	185167#1	0
174	Q0	175057#1	1
174	Q0	175067#0	0
174	Q0	175057#0	0
174	Q0	9586#29	0
174	Q0	28962#2	0
174	Q0	175059#0	0
174	Q0	940512#0	0
174	Q0	940512#1	0
174	Q0	219373#4	0
174	Q0	284#19	0
174	Q0	1391214#10	0
174	Q0	1178375#4	0
174	Q0	383265#7	0
174	Q0	238718#2	0
174	Q0	172594#15	0
176	Q0	10781#1	1
176	Q0	10781#0	1
176	Q0	276595#5	0
176	Q0	1256398#3	0
176	Q0	121328#9	0
176	Q0	1161196#7	0
176	Q0	603707#4	0
176	Q0	1896357#7	0
176	Q0	299916#0	0
176	Q0	1641848#0	0
176	Q0	194568#0	0
176	Q0	32953#0	0
176	Q0	1286775#0	0
176	Q0	10813#0	0
176	Q0	676710#1	0
176	Q0	8177#0	0
176	Q0	802561#0	0
177	Q0	260794#6	1
177	Q0	37849#23	1
177	Q0	2911#29	1
177	Q0	37849#19	1
177	Q0	38221#0	1
177	Q0	260794#4	1
177	Q0	8783#0	1
177	Q0	8554#7	1
177	Q0	8554#0	0
177	Q0	269826#0	0
177	Q0	321283#3	0
177	Q0	37849#21	0
177	Q0	33476#2	0
177	Q0	33476#5	0
179	Q0	4953#11	1
179	Q0	64918#41	1
179	Q0	43847#1	0
179	Q0	1465012#1	0
179	Q0	249#1	0
179	Q0	10500#9	0
179	Q0	47409#0	0
179	Q0	9183#19	0
179	Q0	10757#12	0
179	Q0	249#79	0
179	Q0	90192#19	0
179	Q0	235231#48	0
179	Q0	259553#22	0
179	Q0	235231#23	0
181	Q0	14714#3	1
181	Q0	2600#0	1
181	Q0	3336#0	1
181	Q0	35371#4	0
181	Q0	1392258#0	0
181	Q0	3336#6	0
181	Q0	7755#8	0
181	Q0	54821#0	0
181	Q0	627277#1	0
181	Q0	3336#7	0
181	Q0	2600#1	0
181	Q0	2600#4	0
185	Q0	52187#26	1
185	Q0	354161#1	0
185	Q0	126816#1	0
185	Q0	134648#2	0
185	Q0	12947#37	0
185	Q0	786876#28	0
185	Q0	12947#0	0
185	Q0	325910#0	0
185	Q0	1675526#0	0
185	Q0	1422141#1	0
185	Q0	12947#1	0
185	Q0	19506#2	0
185	Q0	1055171#3	0
185	Q0	132284#4	0
185	Q0	12947#24	0
186	Q0	6483#0	1
186	Q0	14958#44	0
186	Q0	22912#48	0
186	Q0	615401#1	0
186	Q0	709416#1	0
186	Q0	3222#25	0
186	Q0	269343#2	0
186	Q0	564386#1	0
186	Q0	481418#1	0
186	Q0	40775#6	0
186	Q0	29950#4	0
186	Q0	11099#67	0
186	Q0	5184#6	0
186	Q0	3222#13	0
186	Q0	6483#1	0
186	Q0	4953#84	0
186	Q0	74134#42	0
188	Q0	993646#3	1
188	Q0	116551#9	1
188	Q0	39645#60	0
188	Q0	39645#31	0
188	Q0	39645#87	0
188	Q0	240463#78	0
188	Q0	39645#36	0
188	Q0	39645#0	0
188	Q0	14281#2	0
188	Q0	9203#78	0
188	Q0	33600#14	0
188	Q0	965170#49	0
188	Q0	965170#0	0
188	Q0	1734519#0	0
190	Q0	31468#40	1
190	Q0	107779#0	1
190	Q0	665633#2	0
190	Q0	647145#17	0
190	Q0	2351886#1	0
190	Q0	116668#19	0
190	Q0	928257#2	0
190	Q0	663758#0	0
190	Q0	246190#2	0
190	Q0	22726#14	0
190	Q0	599927#3	0
190	Q0	665712#0	0
190	Q0	22727#12	0
190	Q0	646864#3	0
190	Q0	22726#0	0
196	Q0	1177058#0	1
196	Q0	523538#0	1
196	Q0	323059#0	1
196	Q0	38200#6	0
196	Q0	676236#2	0
196	Q0	224752#0	0
196	Q0	145383#0	0
196	Q0	9826#35	0
196	Q0	119938#2	0
196	Q0	627835#0	0
196	Q0	320004#0	0
196	Q0	240426#0	0
196	Q0	389995#0	0
196	Q0	323053#0	0
197	Q0	19938#0	1
197	Q0	2561#0	1
197	Q0	3450#62	0
197	Q0	423319#0	0
197	Q0	19938#2	0
197	Q0	813504#0	0
197	Q0	1410#7	0
197	Q0	1410#2	0
197	Q0	1410#4	0
197	Q0	333807#58	0
197	Q0	19938#3	0
197	Q0	68577#0	0
197	Q0	128182#0	0
197	Q0	454#37	0
197	Q0	616053#0	0
197	Q0	813504#1	0
198	Q0	11994#15	1
198	Q0	11994#11	0
198	Q0	11994#14	0
198	Q0	11994#6	0
198	Q0	11994#31	0
198	Q0	617334#7	0
198	Q0	11994#7	0
198	Q0	11660#20	0
198	Q0	484236#0	0
198	Q0	13979#13	0
198	Q0	11949#15	0
198	Q0	11994#9	0
198	Q0	27980#31	0
198	Q0	11994#8	0
198	Q0	11994#5	0
198	Q0	11994#18	0
203	Q0	134541#0	1
203	Q0	209224#0	1
203	Q0	32671#7	0
203	Q0	1384366#0	0
203	Q0	1501334#1	0
203	Q0	11055#3	0
203	Q0	1613763#1	0
203	Q0	1256398#3	0
203	Q0	1645745#10	0
203	Q0	121328#9	0
203	Q0	869650#0	0
203	Q0	134541#1	0
203	Q0	209224#6	0
203	Q0	882726#0	0
203	Q0	882945#0	0
203	Q0	61362#0	0
203	Q0	1941462#0	0
204	Q0	91356#10	1
204	Q0	466#0	1
204	Q0	516436#0	0
204	Q0	762#5	0
204	Q0	516436#1	0
204	Q0	561026#1	0
204	Q0	406344#6	0
204	Q0	317339#12	0
204	Q0	1300164#14	0
204	Q0	603707#4	0
204	Q0	52136#5	0
204	Q0	910383#129	0
204	Q0	1274839#25	0
204	Q0	1284407#13	0
204	Q0	1719689#0	0
206	Q0	2419#103	1
206	Q0	8974#36	1
206	Q0	7256#0	1
206	Q0	344#3	1
206	Q0	71167#3	1
206	Q0	216123#216	1
206	Q0	249#93	1
206	Q0	939771#10	0
206	Q0	37898#6	0
206	Q0	3217#4	0
206	Q0	713672#1	0
206	Q0	1162036#49	0
206	Q0	767259#2	0
206	Q0	1371522#4	0
206	Q0	4953#12	0
206	Q0	2308395#3	0
206	Q0	1672805#14	0
207	Q0	95091#3	1
207	Q0	15791#12	1
207	Q0	95091#4	1
207	Q0	95091#5	1
207	Q0	40336#4	1
207	Q0	56412#2	1
207	Q0	95091#0	1
207	Q0	57512#0	1
207	Q0	95091#11	0
207	Q0	95091#8	0
207	Q0	95091#1	0
207	Q0	95091#2	0
207	Q0	95091#6	0
207	Q0	1611919#0	0
207	Q0	56412#32	0
208	Q0	111975#0	1
208	Q0	144641#0	1
208	Q0	762#5	0
208	Q0	306139#5	0
208	Q0	1256398#3	0
208	Q0	656907#2	0
208	Q0	121328#9	0
208	Q0	1161196#7	0
208	Q0	656907#1	0
208	Q0	1501334#1	0
208	Q0	1190499#2	0
208	Q0	146353#16	0
208	Q0	1285652#23	0
208	Q0	516436#0	0
208	Q0	885245#0	0
208	Q0	6533#355	0
208	Q0	111975#1	0
208	Q0	276595#5	0
208	Q0	56512#5	0
210	Q0	79993#0	1
210	Q0	79993#6	0
210	Q0	79993#1	0
210	Q0	1315490#0	0
210	Q0	79993#17	0
210	Q0	1250149#1	0
210	Q0	1405073#1	0
210	Q0	1012452#0	0
210	Q0	1369671#0	0
210	Q0	297872#0	0
210	Q0	489289#0	0
210	Q0	79993#16	0
210	Q0	1250149#0	0
210	Q0	238056#9	0
213	Q0	183558#11	1
213	Q0	10907#0	1
213	Q0	1013757#0	1
213	Q0	89009#1	1
213	Q0	494762#1	1
213	Q0	53479#5	1
213	Q0	10907#54	0
213	Q0	1735288#28	0
213	Q0	10907#57	0
213	Q0	433251#7	0
213	Q0	10907#3	0
213	Q0	10907#4	0
213	Q0	10907#17	0
213	Q0	10907#44	0
213	Q0	10907#50	0
213	Q0	91244#2	0
214	Q0	95069#0	1
214	Q0	9437#0	0
214	Q0	95907#0	0
214	Q0	95069#19	0
214	Q0	74421#0	0
214	Q0	738236#1	0
214	Q0	406753#1	0
214	Q0	72228#6	0
214	Q0	1349524#0	0
214	Q0	1081785#1	0
214	Q0	7567#12	0
214	Q0	95068#46	0
214	Q0	7567#0	0
214	Q0	7567#9	0
214	Q0	277572#0	0
214	Q0	640124#1	0
214	Q0	95069#40	0
216	Q0	12678#15	1
216	Q0	6451#1	1
216	Q0	172530#2	1
216	Q0	326203#10	0
216	Q0	270729#4	0
216	Q0	152536#6	0
216	Q0	72789#0	0
216	Q0	95913#10	0
216	Q0	174644#0	0
216	Q0	179809#37	0
216	Q0	99601#30	0
216	Q0	44855#2	0
216	Q0	5170#5	0
216	Q0	147143#10	0
216	Q0	262827#11	0
216	Q0	719862#1	0
217	Q0	1135570#2	1
217	Q0	2193#1	1
217	Q0	3332#3	1
217	Q0	497393#16	0
217	Q0	5574#5	0
217	Q0	5048#34	0
217	Q0	29066#1	0
217	Q0	1136875#1	0
217	Q0	497393#13	0
217	Q0	5574#3	0
217	Q0	328254#0	0
217	Q0	1135525#0	0
217	Q0	5574#0	0
218	Q0	21905#36	1
218	Q0	818047#1	1
218	Q0	21905#0	0
218	Q0	818042#0	0
218	Q0	818042#8	0
218	Q0	710782#0	0
218	Q0	227513#5	0
218	Q0	21905#41	0
218	Q0	21905#37	0
218	Q0	62449#8	0
218	Q0	21905#24	0
218	Q0	1239203#2	0
218	Q0	27799#39	0
218	Q0	870334#2	0
218	Q0	837227#2	0
220	Q0	93183#0	1
220	Q0	93183#15	1
220	Q0	26531#21	0
220	Q0	306139#5	0
220	Q0	1256398#3	0
220	Q0	1161196#7	0
220	Q0	146353#16	0
220	Q0	121328#9	0
220	Q0	771075#1	0
220	Q0	1758023#1	0
220	Q0	372743#1	0
220	Q0	93183#17	0
220	Q0	2026#0	0
220	Q0	1890011#0	0
220	Q0	93183#1	0
220	Q0	93183#7	0
220	Q0	451952#0	0
220	Q0	2026#45	0
220	Q0	93183#25	0
221	Q0	487516#13	1
221	Q0	3838#58	1
221	Q0	487516#0	1
221	Q0	8236#5	0
221	Q0	303026#8	0
221	Q0	487516#2	0
221	Q0	280#29	0
221	Q0	69955#22	0
221	Q0	487516#16	0
221	Q0	249#157	0
221	Q0	302375#18	0
221	Q0	487516#3	0
223	Q0	5262#25	1
223	Q0	122372#0	1
223	Q0	46696#14	0
223	Q0	335475#4	0
223	Q0	122372#12	0
223	Q0	5048#5	0
223	Q0	4953#55	0
223	Q0	46696#13	0
223	Q0	280#10	0
223	Q0	897162#4	0
223	Q0	69426#0	0
223	Q0	1842684#3	0
223	Q0	122372#11	0
224	Q0	126253#8	1
224	Q0	11833#19	1
224	Q0	2337#0	1
224	Q0	6207#18	0
224	Q0	7797#5	0
224	Q0	510#218	0
224	Q0	2305952#65	0
224	Q0	2305952#53	0
224	Q0	228236#2	0
224	Q0	228235#4	0
224	Q0	160102#17	0
224	Q0	2305952#59	0
224	Q0	11521#22	0
224	Q0	2305952#5	0
224	Q0	29642#6	0
224	Q0	2244429#4	0
224	Q0	2305952#55	0
225	Q0	5682#17	1
225	Q0	4953#39	1
225	Q0	5106#39	1
225	Q0	30444#1	0
225	Q0	5048#4	0
225	Q0	797592#18	0
225	Q0	280#11	0
225	Q0	5682#16	0
225	Q0	22912#9	0
225	Q0	439423#4	0
225	Q0	5106#40	0
225	Q0	5262#1	0
225	Q0	5262#0	0
225	Q0	5601#7	0
226	Q0	12510#37	1
226	Q0	1034643#0	0
226	Q0	1102180#0	0
226	Q0	1074630#0	0
226	Q0	631588#0	0
226	Q0	1034643#1	0
226	Q0	1048733#3	0
226	Q0	647145#24	0
226	Q0	423886#0	0
226	Q0	1024212#1	0
226	Q0	532277#1	0
226	Q0	773356#13	0
226	Q0	756326#5	0
226	Q0	103822#1	0
227	Q0	22781#0	1
227	Q0	1765127#0	1
227	Q0	454588#0	1
227	Q0	1755815#0	1
227	Q0	204177#0	1
227	Q0	1137767#0	1
227	Q0	9167#0	1
227	Q0	783493#0	1
227	Q0	1766450#2	0
227	Q0	116241#0	0
227	Q0	517036#0	0
227	Q0	1749408#0	0
227	Q0	49381#0	0
227	Q0	1766378#0	0
229	Q0	909643#0	1
229	Q0	909643#6	0
229	Q0	286620#0	0
229	Q0	909643#2	0
229	Q0	909643#1	0
229	Q0	3226#9	0
229	Q0	909643#5	0
229	Q0	63361#0	0
229	Q0	125400#5	0
229	Q0	107666#8	0
229	Q0	146582#0	0
230	Q0	8974#2	1
230	Q0	228231#0	1
230	Q0	33823#158	1
230	Q0	6533#289	1
230	Q0	336692#1	1
230	Q0	6919#0	1
230	Q0	8974#49	0
230	Q0	228231#121	0
230	Q0	6640#1	0
230	Q0	228233#10	0
230	Q0	8974#40	0
230	Q0	228231#129	0
230	Q0	1705775#0	0
230	Q0	216123#77	0
230	Q0	228231#47	0
235	Q0	7757#0	1
235	Q0	273976#0	1
235	Q0	11772#0	1
235	Q0	1864777#11	1
235	Q0	864181#0	1
235	Q0	2467#1	1
235	Q0	203299#43	1
235	Q0	848402#1	0
235	Q0	1059438#0	0
235	Q0	936446#0	0
235	Q0	7757#28	0
235	Q0	156121#1	0
235	Q0	1352118#0	0
235	Q0	685877#0	0
235	Q0	55071#0	0
236	Q0	1378035#0	1
236	Q0	454731#6	1
236	Q0	936772#92	1
236	Q0	1249418#5	0
236	Q0	1761961#7	0
236	Q0	1489474#5	0
236	Q0	7210#7	0
236	Q0	1273356#1	0
236	Q0	607062#4	0
236	Q0	936772#49	0
236	Q0	44077#22	0
236	Q0	936772#0	0
236	Q0	52187#53	0
236	Q0	936772#57	0
236	Q0	936772#83	0
236	Q0	35370#158	0
236	Q0	299982#7	0
238	Q0	280#2	1
238	Q0	429330#11	1
238	Q0	1465012#1	1
238	Q0	698864#0	1
238	Q0	145015#1	0
238	Q0	235231#23	0
238	Q0	10108#3	0
238	Q0	43847#7	0
238	Q0	145015#4	0
238	Q0	235231#4	0
238	Q0	478611#0	0
238	Q0	1771110#9	0
238	Q0	285543#11	0
238	Q0	30351#16	0
238	Q0	67920#85	0
240	Q0	170734#3	1
240	Q0	170734#0	1
240	Q0	170734#14	0
240	Q0	1728131#2	0
240	Q0	1504578#2	0
240	Q0	1256398#3	0
240	Q0	1501334#1	0
240	Q0	508438#3	0
240	Q0	54153#7	0
240	Q0	5303#1	0
240	Q0	708414#2	0
240	Q0	170734#10	0
240	Q0	174392#12	0
240	Q0	349304#1	0
240	Q0	1951423#8	0
240	Q0	384061#4	0
240	Q0	2333237#2	0
241	Q0	9279#6	1
241	Q0	154753#3	1
241	Q0	709143#6	0
241	Q0	494381#2	0
241	Q0	630648#2	0
241	Q0	145015#22	0
241	Q0	632338#5	0
241	Q0	145015#23	0
241	Q0	145015#24	0
241	Q0	170912#1	0
241	Q0	34759#9	0
244	Q0	633454#0	1
244	Q0	633454#4	0
244	Q0	633454#6	0
244	Q0	633454#11	0
244	Q0	633454#3	0
244	Q0	633454#2	0
244	Q0	633454#9	0
244	Q0	633454#7	0
244	Q0	633454#10	0
244	Q0	633454#8	0
244	Q0	633454#1	0
245	Q0	955870#14	1
245	Q0	955870#0	1
245	Q0	6291#24	0
245	Q0	415519#6	0
245	Q0	955870#15	0
245	Q0	64207#0	0
245	Q0	955870#1	0
245	Q0	64207#2	0
245	Q0	325796#16	0
245	Q0	64207#3	0
245	Q0	687747#9	0
251	Q0	390097#3	1
251	Q0	1407585#0	1
251	Q0	756321#0	0
251	Q0	756328#0	0
251	Q0	390097#0	0
251	Q0	338473#1	0
251	Q0	81816#0	0
251	Q0	316822#1	0
251	Q0	316822#0	0
251	Q0	136344#2	0
251	Q0	136344#11	0
251	Q0	12839#2	0
251	Q0	1407585#2	0
251	Q0	316822#64	0
253	Q0	847#3	1
253	Q0	847#0	1
253	Q0	847#49	0
253	Q0	847#15	0
253	Q0	603897#27	0
253	Q0	847#41	0
253	Q0	847#44	0
253	Q0	847#1	0
253	Q0	847#48	0
253	Q0	847#13	0
253	Q0	456806#4	0
253	Q0	2379618#2	0
253	Q0	61254#0	0
253	Q0	847#47	0
254	Q0	129091#6	1
254	Q0	574299#1	1
254	Q0	133842#1	0
254	Q0	132007#7	0
254	Q0	129091#9	0
254	Q0	861383#0	0
254	Q0	571215#2	0
254	Q0	575417#8	0
254	Q0	574299#5	0
254	Q0	568447#1	0
254	Q0	247105#1	0
254	Q0	129091#7	0
254	Q0	129091#13	0
255	Q0	2182#0	1
255	Q0	60247#0	1
255	Q0	41312#0	0
255	Q0	44831#0	0
255	Q0	370559#2	0
255	Q0	504907#1	0
255	Q0	840814#0	0
255	Q0	838108#6	0
255	Q0	1289895#0	0
255	Q0	1289831#0	0
255	Q0	207596#1	0
255	Q0	2182#12	0
255	Q0	41314#0	0
255	Q0	1352118#0	0
255	Q0	19975#2	0
255	Q0	1098100#0	0
255	Q0	299008#2	0
255	Q0	1649543#0	0
255	Q0	1650504#0	0
256	Q0	64453#3	1
256	Q0	933667#0	0
256	Q0	1580351#0	0
256	Q0	901298#0	0
256	Q0	437483#1	0
256	Q0	1963923#1	0
256	Q0	901298#2	0
256	Q0	1240891#0	0
256	Q0	954903#1	0
256	Q0	899679#2	0
256	Q0	943505#1	0
256	Q0	901298#8	0
256	Q0	901298#6	0
256	Q0	901298#4	0
256	Q0	901298#7	0
256	Q0	901298#3	0
256	Q0	933667#3	0
259	Q0	1857#3	1
259	Q0	88164#1	0
259	Q0	8184#7	0
259	Q0	8184#36	0
259	Q0	1358039#6	0
259	Q0	8184#33	0
259	Q0	8184#3	0
259	Q0	8184#0	0
259	Q0	320080#4	0
259	Q0	112478#82	0
259	Q0	1857#1	0
259	Q0	645578#18	0
259	Q0	349785#24	0
259	Q0	8184#8	0
259	Q0	1857#0	0
260	Q0	1192815#2	1
260	Q0	608668#0	0
260	Q0	1224117#0	0
260	Q0	2497#16	0
260	Q0	401388#0	0
260	Q0	501380#65	0
260	Q0	1335276#0	0
260	Q0	801278#0	0
260	Q0	1313238#3	0
260	Q0	542090#1	0
260	Q0	615738#19	0
260	Q0	200224#4	0
260	Q0	304722#17	0
260	Q0	304722#26	0
260	Q0	355309#1	0
260	Q0	580901#1	0
260	Q0	122789#1	0
260	Q0	865736#0	0
261	Q0	405801#0	1
261	Q0	95500#40	0
261	Q0	332021#9	0
261	Q0	405801#2	0
261	Q0	2305722#5	0
261	Q0	439553#3	0
261	Q0	439553#1	0
261	Q0	2050474#12	0
261	Q0	405080#0	0
261	Q0	1176765#2	0
261	Q0	395505#1	0
261	Q0	395505#4	0
261	Q0	1913285#1	0
261	Q0	948205#2	0
261	Q0	186691#0	0
261	Q0	510395#36	0
262	Q0	712908#0	1
262	Q0	235566#6	0
262	Q0	235566#20	0
262	Q0	235566#26	0
262	Q0	235566#0	0
262	Q0	896406#2	0
262	Q0	458221#5	0
262	Q0	2031474#14	0
262	Q0	235566#9	0
262	Q0	877272#1	0
262	Q0	14281#7	0
262	Q0	6562#4	0
262	Q0	313767#8	0
265	Q0	42100#198	1
265	Q0	74134#0	1
265	Q0	607094#7	0
265	Q0	128065#1	0
265	Q0	1011179#32	0
265	Q0	1100870#1	0
265	Q0	246115#2	0
265	Q0	6385#26	0
265	Q0	6257#5	0
265	Q0	266119#14	0
265	Q0	1441154#4	0
265	Q0	422981#0	0
265	Q0	74134#67	0
265	Q0	7781#141	0
265	Q0	211185#28	0
265	Q0	1641698#3	0
265	Q0	137184#21	0
266	Q0	754#37	1
266	Q0	754#22	1
266	Q0	413006#3	0
266	Q0	13448#1	0
266	Q0	905028#0	0
266	Q0	413122#2	0
266	Q0	516436#0	0
266	Q0	40656#2	0
266	Q0	504907#1	0
266	Q0	52136#5	0
266	Q0	14034#4	0
266	Q0	12304#0	0
266	Q0	15597#2	0
266	Q0	13838#43	0
266	Q0	34197#3	0
267	Q0	37742#0	1
267	Q0	241678#7	0
267	Q0	37742#2	0
267	Q0	1017192#4	0
267	Q0	745011#4	0
267	Q0	201566#6	0
267	Q0	293595#0	0
267	Q0	37742#31	0
267	Q0	142067#7	0
267	Q0	1750789#5	0
267	Q0	34965#4	0
267	Q0	72789#31	0
267	Q0	37742#1	0
267	Q0	142459#2	0
267	Q0	1083087#0	0
267	Q0	72789#33	0
273	Q0	29864#0	1
273	Q0	29864#1	1
273	Q0	1744021#0	0
273	Q0	1161196#7	0
273	Q0	288166#3	0
273	Q0	11055#3	0
273	Q0	1770061#1	0
273	Q0	193178#4	0
273	Q0	121328#9	0
273	Q0	1178640#0	0
273	Q0	194568#0	0
273	Q0	1256398#3	0
273	Q0	46796#0	0
273	Q0	29864#2	0
273	Q0	29864#6	0
273	Q0	1274223#5	0
273	Q0	561250#5	0
275	Q0	358293#0	1
275	Q0	1663596#1	1
275	Q0	2849#13	0
275	Q0	96710#61	0
275	Q0	2812#0	0
275	Q0	2812#1	0
275	Q0	2849#17	0
275	Q0	1999338#0	0
275	Q0	168941#1	0
275	Q0	2849#21	0
275	Q0	255735#26	0
275	Q0	255735#13	0
275	Q0	358968#2	0
275	Q0	410260#1	0
275	Q0	5732#25	0
279	Q0	7706#6	1
279	Q0	259928#19	0
279	Q0	93349#44	0
279	Q0	93349#35	0
279	Q0	93349#39	0
279	Q0	130010#2	0
279	Q0	8035#6	0
279	Q0	348672#16	0
279	Q0	170865#2	0
279	Q0	45551#15	0
279	Q0	259928#18	0
279	Q0	106535#6	0
279	Q0	7928#39	0
280	Q0	211789#4	1
280	Q0	714169#11	1
280	Q0	211789#3	1
280	Q0	3208#0	1
280	Q0	3208#3	1
280	Q0	268265#1	1
280	Q0	860580#0	1
280	Q0	371558#42	1
280	Q0	3208#20	1
280	Q0	255735#34	1
280	Q0	1825542#37	0
280	Q0	1329396#0	0
280	Q0	3208#7	0
280	Q0	3208#5	0
286	Q0	39442#0	1
286	Q0	353136#2	1
286	Q0	330600#6	0
286	Q0	39442#7	0
286	Q0	39442#5	0
286	Q0	600159#2	0
286	Q0	330600#1	0
286	Q0	600159#0	0
286	Q0	330600#3	0
286	Q0	675933#3	0
286	Q0	28217#3	0
286	Q0	66671#3	0
286	Q0	657913#1	0
286	Q0	288373#1	0
286	Q0	39442#1	0
286	Q0	39442#2	0
288	Q0	4478#6	1
288	Q0	38017#6	1
288	Q0	4478#2	0
288	Q0	2198011#0	0
288	Q0	212108#7	0
288	Q0	4478#12	0
288	Q0	1821138#10	0
288	Q0	855602#0	0
288	Q0	146633#4	0
288	Q0	855602#1	0
288	Q0	385420#10	0
288	Q0	4478#7	0
288	Q0	838513#22	0
288	Q0	4478#13	0
290	Q0	350921#0	1
290	Q0	8983#7	1
290	Q0	8983#8	0
290	Q0	1226266#0	0
290	Q0	513070#0	0
290	Q0	8983#0	0
290	Q0	914109#0	0
290	Q0	261853#1	0
290	Q0	161043#1	0
290	Q0	8983#1	0
290	Q0	234982#0	0
290	Q0	670122#0	0
290	Q0	682077#1	0
291	Q0	261588#3	1
291	Q0	228627#4	0
291	Q0	3966#45	0
291	Q0	615118#16	0
291	Q0	614984#2	0
291	Q0	615118#9	0
291	Q0	614984#5	0
291	Q0	956834#0	0
291	Q0	43146#25	0
291	Q0	614984#1	0
291	Q0	767321#2	0
291	Q0	261194#8	0
291	Q0	261588#42	0
291	Q0	614984#9	0
291	Q0	261588#43	0
293	Q0	95069#19	1
293	Q0	7567#0	1
293	Q0	95069#0	1
293	Q0	13750#0	1
293	Q0	54923#1	1
293	Q0	406753#1	0
293	Q0	1081785#1	0
293	Q0	7567#12	0
293	Q0	1350042#0	0
293	Q0	1349524#0	0
293	Q0	277572#0	0
293	Q0	640124#1	0
293	Q0	44878#0	0
293	Q0	44807#2	0
293	Q0	752241#0	0
295	Q0	446032#20	1
295	Q0	1149097#0	1
295	Q0	2705#0	1
295	Q0	8333#0	1
295	Q0	9020#0	1
295	Q0	2705#1	0
295	Q0	8333#1	0
295	Q0	265845#1	0
295	Q0	9020#1	0
295	Q0	288967#1	0
295	Q0	1149097#1	0
295	Q0	2705#9	0
295	Q0	520920#1	0
296	Q0	9663#0	1
296	Q0	1109055#1	0
296	Q0	35103#21	0
296	Q0	1130185#1	0
296	Q0	770840#3	0
296	Q0	1022182#3	0
296	Q0	84916#0	0
296	Q0	1025008#0	0
296	Q0	435187#0	0
296	Q0	327333#4	0
296	Q0	77541#0	0
296	Q0	3330#53	0
296	Q0	40966#13	0
296	Q0	66552#0	0
296	Q0	1096337#0	0
296	Q0	416845#1	0
297	Q0	120914#0	1
297	Q0	120914#9	0
297	Q0	297475#2	0
297	Q0	12648#0	0
297	Q0	1655874#0	0
297	Q0	1851116#2	0
297	Q0	81904#2	0
297	Q0	1658879#0	0
297	Q0	1851116#1	0
297	Q0	429242#122	0
297	Q0	844750#0	0
297	Q0	974686#0	0
297	Q0	284271#5	0
297	Q0	7672#1	0
297	Q0	1788421#0	0
297	Q0	113239#0	0
301	Q0	9224#0	1
301	Q0	10753#32	0
301	Q0	306790#10	0
301	Q0	1450122#0	0
301	Q0	50050#0	0
301	Q0	9224#48	0
301	Q0	49419#9	0
301	Q0	354893#2	0
301	Q0	306790#26	0
301	Q0	155712#0	0
301	Q0	124364#20	0
301	Q0	336132#0	0
301	Q0	7662#3	0
301	Q0	306790#49	0
301	Q0	785066#29	0
301	Q0	10066#3	0
302	Q0	19975#7	1
302	Q0	19975#8	0
302	Q0	1274191#54	0
302	Q0	1758030#18	0
302	Q0	1758030#13	0
302	Q0	949159#3	0
302	Q0	1274191#2	0
302	Q0	1274191#63	0
302	Q0	1795841#2	0
302	Q0	1830422#20	0
302	Q0	1758030#48	0
302	Q0	1036011#0	0
302	Q0	1318938#1	0
302	Q0	1274191#4	0
302	Q0	1274191#61	0
304	Q0	211055#2	1
304	Q0	1625241#0	1
304	Q0	878591#16	1
304	Q0	232578#6	1
304	Q0	381649#15	0
304	Q0	56632#0	0
304	Q0	703753#0	0
304	Q0	149649#1	0
304	Q0	1358249#4	0
304	Q0	171#3	0
304	Q0	171#2	0
304	Q0	1966753#0	0
304	Q0	162507#0	0
307	Q0	1111590#0	1
307	Q0	32194#24	1
307	Q0	836039#0	1
307	Q0	32194#1	0
307	Q0	15590#48	0
307	Q0	32194#0	0
307	Q0	15590#46	0
307	Q0	754#32	0
307	Q0	1187144#5	0
307	Q0	32194#34	0
307	Q0	32194#32	0
307	Q0	816885#13	0
308	Q0	508011#7	1
308	Q0	44379#0	1
308	Q0	217984#0	1
308	Q0	44379#6	0
308	Q0	151584#0	0
308	Q0	44379#1	0
308	Q0	1256398#3	0
308	Q0	38869#0	0
308	Q0	1949714#0	0
308	Q0	1640204#0	0
308	Q0	146353#17	0
308	Q0	1193149#0	0
308	Q0	1563510#12	0
308	Q0	1285652#23	0
308	Q0	197684#0	0
308	Q0	451666#0	0
310	Q0	342629#2	1
310	Q0	342629#12	0
310	Q0	342629#9	0
310	Q0	342629#13	0
310	Q0	342629#7	0
310	Q0	342629#8	0
310	Q0	342629#15	0
310	Q0	342629#4	0
310	Q0	342629#0	0
310	Q0	342629#21	0
310	Q0	118048#3	0
310	Q0	342629#3	0
310	Q0	141535#5	0
312	Q0	120690#30	1
312	Q0	1647436#0	1
312	Q0	474117#24	1
312	Q0	120690#0	0
312	Q0	120690#15	0
312	Q0	120690#7	0
312	Q0	120690#18	0
312	Q0	120690#1	0
312	Q0	120690#10	0
312	Q0	1365933#0	0
312	Q0	1645235#0	0
312	Q0	120690#31	0
312	Q0	1324090#15	0
312	Q0	120690#3	0
312	Q0	120690#28	0
312	Q0	120690#21	0
315	Q0	269236#2	1
315	Q0	534538#4	1
315	Q0	1852#39	1
315	Q0	265268#0	0
315	Q0	1352075#3	0
315	Q0	153612#3	0
315	Q0	142378#30	0
315	Q0	105047#4	0
315	Q0	33844#1	0
315	Q0	2301924#23	0
315	Q0	205280#19	0
315	Q0	1852#2	0
315	Q0	181307#0	0
315	Q0	1423155#16	0
315	Q0	1409529#3	0
315	Q0	219286#1	0
319	Q0	798114#49	1
319	Q0	1005298#9	1
319	Q0	266421#19	0
319	Q0	56525#28	0
319	Q0	402889#1	0
319	Q0	402889#0	0
319	Q0	1734519#0	0
319	Q0	691777#13	0
319	Q0	937081#0	0
319	Q0	402718#0	0
319	Q0	60835#6	0
319	Q0	56525#29	0
319	Q0	402889#81	0
319	Q0	980514#25	0
319	Q0	56584#3	0
320	Q0	100514#0	1
320	Q0	106724#0	1
320	Q0	119386#0	0
320	Q0	1793240#0	0
320	Q0	893282#0	0
320	Q0	1793240#1	0
320	Q0	106724#9	0
320	Q0	106724#11	0
320	Q0	106724#12	0
320	Q0	106724#15	0
320	Q0	893282#1	0
320	Q0	106724#13	0
320	Q0	106724#5	0
322	Q0	114356#21	1
322	Q0	114356#16	1
322	Q0	1434418#0	0
322	Q0	1311564#1	0
322	Q0	1307250#0	0
322	Q0	1167710#1	0
322	Q0	1394997#0	0
322	Q0	1774170#0	0
322	Q0	1481586#0	0
322	Q0	1501354#0	0
322	Q0	114356#8	0
322	Q0	114356#32	0
322	Q0	1394212#0	0
322	Q0	114356#7	0
323	Q0	10235#10	1
323	Q0	1231957#0	1
323	Q0	80909#0	1
323	Q0	55078#0	1
323	Q0	1836743#0	1
323	Q0	10235#21	1
323	Q0	596222#5	1
323	Q0	683279#0	1
323	Q0	859839#37	0
323	Q0	2001490#6	0
323	Q0	8814#0	0
323	Q0	10235#0	0
323	Q0	806610#0	0
323	Q0	55071#0	0
323	Q0	607574#0	0
324	Q0	180706#18	1
324	Q0	447357#2	1
324	Q0	508339#0	1
324	Q0	447357#0	1
324	Q0	1252863#2	0
324	Q0	588394#13	0
324	Q0	13665#0	0
324	Q0	95488#37	0
324	Q0	313909#1	0
324	Q0	498673#0	0
324	Q0	992951#2	0
324	Q0	577530#2	0
324	Q0	10185#4	0
324	Q0	623345#1	0
324	Q0	21018#1	0
324	Q0	1644190#3	0
324	Q0	60232#1	0
324	Q0	60232#2	0
326	Q0	20675#1	1
326	Q0	1745399#0	0
326	Q0	51520#2	0
326	Q0	189951#0	0
326	Q0	52138#14	0
326	Q0	199435#4	0
326	Q0	6160#2	0
326	Q0	74047#14	0
326	Q0	343843#2	0
326	Q0	207596#1	0
326	Q0	1448484#0	0
326	Q0	271443#7	0
326	Q0	278410#13	0
330	Q0	263176#27	1
330	Q0	642060#0	1
330	Q0	867791#49	1
330	Q0	14034#6	0
330	Q0	688568#1	0
330	Q0	9939#9	0
330	Q0	789933#0	0
330	Q0	754#24	0
330	Q0	1936073#0	0
330	Q0	1073374#0	0
330	Q0	427569#1	0
330	Q0	784154#1	0
330	Q0	74047#7	0
330	Q0	14674#0	0
330	Q0	263176#29	0
330	Q0	754#0	0
330	Q0	11448#0	0
330	Q0	668351#1	0
330	Q0	677644#2	0
330	Q0	668392#2	0
331	Q0	383714#0	1
331	Q0	38243#0	1
331	Q0	1025532#0	1
331	Q0	1822636#0	1
331	Q0	14689#0	1
331	Q0	802957#3	0
331	Q0	383714#17	0
331	Q0	683914#2	0
331	Q0	396507#1	0
331	Q0	683914#11	0
331	Q0	802957#0	0
331	Q0	232149#1	0
331	Q0	383714#2	0
331	Q0	475526#3	0
331	Q0	383714#24	0
333	Q0	1856500#4	1
333	Q0	480367#5	0
333	Q0	1429693#0	0
333	Q0	1390628#0	0
333	Q0	132093#0	0
333	Q0	1856500#2	0
333	Q0	1871467#2	0
333	Q0	1856500#3	0
333	Q0	567847#1	0
333	Q0	1370062#0	0
333	Q0	532#1	0
333	Q0	2095344#0	0
333	Q0	146347#1	0
333	Q0	1856500#0	0
335	Q0	34197#2	1
335	Q0	6677#0	1
335	Q0	206602#0	0
335	Q0	795226#0	0
335	Q0	1825444#23	0
335	Q0	551582#0	0
335	Q0	34183#36	0
335	Q0	234214#0	0
335	Q0	533063#9	0
335	Q0	167832#2	0
335	Q0	533063#19	0
335	Q0	5676#1	0
335	Q0	81828#24	0
335	Q0	234217#1	0
335	Q0	303478#2	0
336	Q0	254286#0	1
336	Q0	39645#48	0
336	Q0	928415#0	0
336	Q0	457699#7	0
336	Q0	85361#6	0
336	Q0	1935997#14	0
336	Q0	329597#9	0
336	Q0	269876#4	0
336	Q0	28078#17	0
336	Q0	110200#6	0
336	Q0	1307846#0	0
336	Q0	254286#7	0
336	Q0	254286#8	0
336	Q0	1008613#1	0
336	Q0	254286#9	0
336	Q0	254374#9	0
336	Q0	309474#0	0
338	Q0	11833#19	1
338	Q0	126253#8	1
338	Q0	2337#48	1
338	Q0	2337#10	1
338	Q0	2337#0	1
338	Q0	6207#18	0
338	Q0	7797#5	0
338	Q0	2305952#53	0
338	Q0	160102#17	0
338	Q0	31796#0	0
338	Q0	228236#2	0
338	Q0	11521#40	0
338	Q0	33819#263	0
338	Q0	31796#5	0
338	Q0	2337#196	0
339	Q0	34171#0	1
339	Q0	1464#11	1
339	Q0	1464#0	1
339	Q0	1464#17	0
339	Q0	795226#0	0
339	Q0	303478#2	0
339	Q0	55820#0	0
339	Q0	303478#1	0
339	Q0	340934#0	0
339	Q0	81828#25	0
339	Q0	80891#16	0
339	Q0	81828#24	0
339	Q0	366463#3	0
340	Q0	30269#2	1
340	Q0	30269#0	1
340	Q0	106213#0	1
340	Q0	776279#0	1
340	Q0	1775591#0	1
340	Q0	73693#25	0
340	Q0	1421315#0	0
340	Q0	519616#0	0
340	Q0	778973#1	0
340	Q0	30269#3	0
342	Q0	49208#0	1
342	Q0	49208#26	0
342	Q0	49208#9	0
342	Q0	49208#8	0
342	Q0	49006#23	0
342	Q0	49006#7	0
342	Q0	49006#33	0
342	Q0	49006#39	0
342	Q0	49006#28	0
342	Q0	49006#18	0
342	Q0	49208#1	0
342	Q0	1122055#3	0
342	Q0	1122055#1	0
342	Q0	304755#0	0
342	Q0	1987466#0	0
342	Q0	1122055#0	0
342	Q0	82502#35	0
342	Q0	49006#0	0
342	Q0	304755#2	0
343	Q0	5168#13	1
343	Q0	2051028#1	1
343	Q0	37815#2	0
343	Q0	1035396#10	0
343	Q0	355655#27	0
343	Q0	14246#3	0
343	Q0	5168#9	0
343	Q0	484141#21	0
343	Q0	876649#0	0
343	Q0	4253#7	0
343	Q0	5168#3	0
343	Q0	559656#21	0
343	Q0	3844#0	0
343	Q0	29217#9	0
345	Q0	114356#1	1
345	Q0	1394997#7	0
345	Q0	1167710#3	0
345	Q0	1167710#1	0
345	Q0	1358741#7	0
345	Q0	114356#20	0
345	Q0	1167710#2	0
345	Q0	718147#3	0
345	Q0	1658485#0	0
345	Q0	1320144#2	0
345	Q0	1434418#0	0
345	Q0	114356#21	0
345	Q0	1501354#0	0
345	Q0	114356#32	0
348	Q0	91506#1	1
348	Q0	91508#1	1
348	Q0	91506#2	0
348	Q0	189123#1	0
348	Q0	1113876#1	0
348	Q0	741487#0	0
348	Q0	40656#2	0
348	Q0	404076#2	0
348	Q0	55785#1	0
348	Q0	766766#0	0
348	Q0	52136#5	0
348	Q0	1717994#0	0
348	Q0	568104#0	0
348	Q0	91506#3	0
348	Q0	91506#0	0
348	Q0	1758783#2	0
348	Q0	84270#0	0
348	Q0	466889#0	0
350	Q0	12376#49	1
350	Q0	12376#1	1
350	Q0	12376#36	1
350	Q0	32359#24	1
350	Q0	124421#1	1
350	Q0	12376#45	0
350	Q0	12376#2	0
350	Q0	251580#0	0
350	Q0	204049#0	0
350	Q0	414355#0	0
350	Q0	414360#0	0
350	Q0	12376#15	0
350	Q0	12376#0	0
350	Q0	124421#2	0
351	Q0	92808#0	1
351	Q0	1478915#0	0
351	Q0	92808#1	0
351	Q0	5585#13	0
351	Q0	1083601#1	0
351	Q0	92808#8	0
351	Q0	391018#0	0
351	Q0	942854#1	0
351	Q0	227847#47	0
351	Q0	338568#1	0
351	Q0	280556#7	0
351	Q0	266653#60	0
351	Q0	1510638#5	0
351	Q0	320094#15	0
353	Q0	27814#1	1
353	Q0	1347148#0	1
353	Q0	27814#16	0
353	Q0	172265#40	0
353	Q0	27814#14	0
353	Q0	27814#9	0
353	Q0	27814#13	0
353	Q0	1403894#14	0
353	Q0	172265#41	0
353	Q0	631710#0	0
353	Q0	27814#2	0
353	Q0	9859#1	0
353	Q0	9224#2	0
354	Q0	346595#3	1
354	Q0	41544#0	1
354	Q0	1443494#0	0
354	Q0	558686#0	0
354	Q0	230006#0	0
354	Q0	1256398#3	0
354	Q0	558364#0	0
354	Q0	1641848#0	0
354	Q0	11055#3	0
354	Q0	164142#0	0
354	Q0	372743#1	0
354	Q0	536110#0	0
357	Q0	74067#0	1
357	Q0	1270953#2	1
357	Q0	278931#28	1
357	Q0	432258#0	0
357	Q0	273100#1	0
357	Q0	468617#0	0
357	Q0	74067#31	0
357	Q0	998180#9	0
357	Q0	31171#15	0
357	Q0	28264#8	0
357	Q0	74067#35	0
357	Q0	6319#45	0
357	Q0	74067#97	0
357	Q0	74067#102	0
359	Q0	249#1	1
359	Q0	249#5	1
359	Q0	293760#1	0
359	Q0	186822#2	0
359	Q0	119198#5	0
359	Q0	82215#7	0
359	Q0	280#3	0
359	Q0	9889#5	0
359	Q0	7210#0	0
359	Q0	241789#6	0
359	Q0	771516#1	0
359	Q0	249#10	0
359	Q0	56412#4	0
359	Q0	186822#10	0
359	Q0	249#9	0
359	Q0	9889#3	0
361	Q0	187751#0	1
361	Q0	203571#0	0
361	Q0	193971#0	0
361	Q0	202997#0	0
361	Q0	189039#0	0
361	Q0	193947#0	0
361	Q0	187651#0	0
361	Q0	188435#0	0
361	Q0	38175#106	0
361	Q0	188537#0	0
361	Q0	119516#1	0
361	Q0	188569#0	0
361	Q0	177085#0	0
361	Q0	188747#0	0
361	Q0	193899#0	0
361	Q0	332170#0	0
361	Q0	160093#0	0
362	Q0	261591#3	1
362	Q0	74067#0	1
362	Q0	656244#3	1
362	Q0	74134#10	1
362	Q0	106871#11	0
362	Q0	74067#1	0
362	Q0	74067#102	0
362	Q0	1613636#1	0
362	Q0	1613636#0	0
362	Q0	432258#0	0
362	Q0	468617#0	0
362	Q0	82210#22	0
362	Q0	74067#97	0
362	Q0	74067#4	0
365	Q0	473794#0	1
365	Q0	570247#1	0
365	Q0	1409050#11	0
365	Q0	514778#1	0
365	Q0	688970#2	0
365	Q0	1409050#15	0
365	Q0	1409050#23	0
365	Q0	263627#2	0
365	Q0	224065#8	0
365	Q0	877223#1	0
365	Q0	1155955#7	0
365	Q0	1121536#0	0
365	Q0	49498#1	0
365	Q0	547758#21	0
367	Q0	1149097#0	1
367	Q0	2705#0	1
367	Q0	45499#0	1
367	Q0	446032#20	1
367	Q0	8333#0	1
367	Q0	325711#45	0
367	Q0	2705#17	0
367	Q0	2705#1	0
367	Q0	2705#8	0
367	Q0	325711#27	0
367	Q0	45499#6	0
367	Q0	2705#16	0
367	Q0	2705#18	0
368	Q0	10174#8	1
368	Q0	7753#0	1
368	Q0	7753#39	1
368	Q0	331437#28	0
368	Q0	2011985#4	0
368	Q0	50902#7	0
368	Q0	124001#54	0
368	Q0	41331#33	0
368	Q0	14220#22	0
368	Q0	2011985#3	0
368	Q0	2011985#2	0
368	Q0	7766#30	0
368	Q0	7766#28	0
368	Q0	7753#46	0
368	Q0	346436#4	0
368	Q0	1598734#4	0
368	Q0	346436#3	0
370	Q0	1446817#0	1
370	Q0	106096#34	1
370	Q0	1447737#0	0
370	Q0	1009342#0	0
370	Q0	1442522#0	0
370	Q0	1446872#0	0
370	Q0	1447421#0	0
370	Q0	1446201#0	0
370	Q0	1446779#0	0
370	Q0	1118589#0	0
370	Q0	1443521#0	0
370	Q0	889253#0	0
370	Q0	1444218#0	0
370	Q0	106096#20	0
370	Q0	106096#16	0
370	Q0	106096#35	0
370	Q0	392657#1	0
370	Q0	392657#2	0
370	Q0	1599262#0	0
371	Q0	334397#7	1
371	Q0	6483#38	0
371	Q0	6483#133	0
371	Q0	6483#43	0
371	Q0	266400#43	0
371	Q0	529097#15	0
371	Q0	6483#0	0
371	Q0	245627#6	0
371	Q0	698798#3	0
371	Q0	793968#0	0
371	Q0	216351#6	0
371	Q0	6483#1	0
371	Q0	4953#134	0
371	Q0	6483#60	0
371	Q0	6483#50	0
371	Q0	529097#0	0
374	Q0	6148#0	1
374	Q0	79993#34	0
374	Q0	155#2	0
374	Q0	6148#18	0
374	Q0	79993#7	0
374	Q0	78480#0	0
374	Q0	79993#27	0
374	Q0	79993#42	0
374	Q0	79993#20	0
374	Q0	79993#35	0
374	Q0	2602#11	0
374	Q0	79993#26	0
375	Q0	49640#8	1
375	Q0	719#38	1
375	Q0	719#39	0
375	Q0	49640#10	0
375	Q0	49640#13	0
375	Q0	6615#9	0
375	Q0	49640#15	0
375	Q0	49640#4	0
375	Q0	719#35	0
375	Q0	49640#19	0
375	Q0	6312#58	0
375	Q0	6612#7	0
375	Q0	6639#55	0
379	Q0	1602223#1	1
379	Q0	1602223#41	0
379	Q0	1602223#0	0
379	Q0	1602223#38	0
379	Q0	1602223#47	0
379	Q0	1602223#37	0
379	Q0	646529#20	0
379	Q0	1602223#7	0
379	Q0	1602223#2	0
379	Q0	1602223#32	0
379	Q0	614286#13	0
379	Q0	1602223#20	0
379	Q0	1602223#13	0
380	Q0	943571#28	1
380	Q0	1989369#1	0
380	Q0	13306#7	0
380	Q0	2026449#0	0
380	Q0	1090067#12	0
380	Q0	1465893#1	0
380	Q0	77667#16	0
380	Q0	574052#31	0
380	Q0	13306#9	0
380	Q0	20786#1	0
380	Q0	13306#0	0
380	Q0	1659235#1	0
380	Q0	216524#6	0
380	Q0	1867841#16	0
380	Q0	651917#1	0
380	Q0	235566#9	0
380	Q0	13178#36	0
380	Q0	8361#59	0
381	Q0	472745#2	1
381	Q0	1942160#0	0
381	Q0	397179#79	0
381	Q0	395514#7	0
381	Q0	1161196#6	0
381	Q0	604134#4	0
381	Q0	2011259#2	0
381	Q0	353767#9	0
381	Q0	1312113#2	0
381	Q0	474836#3	0
381	Q0	921143#11	0
381	Q0	457790#11	0
381	Q0	520741#4	0
381	Q0	75666#23	0
381	Q0	457790#2	0
381	Q0	156563#41	0
381	Q0	457790#16	0
383	Q0	169093#3	1
383	Q0	449427#2	0
383	Q0	46401#6	0
383	Q0	38764#14	0
383	Q0	112063#19	0
383	Q0	12308#7	0
383	Q0	54301#31	0
383	Q0	172936#10	0
383	Q0	169093#5	0
383	Q0	215959#20	0
383	Q0	12308#0	0
383	Q0	12308#39	0
383	Q0	32263#45	0
383	Q0	1471973#11	0
383	Q0	295579#7	0
385	Q0	56412#1	1
385	Q0	56412#15	1
385	Q0	34057#15	1
385	Q0	52187#105	1
385	Q0	34057#14	0
385	Q0	37767#23	0
385	Q0	15323#2	0
385	Q0	216959#0	0
385	Q0	216959#8	0
385	Q0	34057#0	0
385	Q0	1002896#1	0
385	Q0	74744#10	0
385	Q0	599182#0	0
386	Q0	28110#0	1
386	Q0	1256398#3	0
386	Q0	83863#7	0
386	Q0	1161196#7	0
386	Q0	1872137#0	0
386	Q0	1641848#0	0
386	Q0	1501334#1	0
386	Q0	220518#0	0
386	Q0	299916#0	0
386	Q0	288166#3	0
386	Q0	1609835#0	0
386	Q0	53317#0	0
386	Q0	1444341#166	0
387	Q0	154115#9	1
387	Q0	39824#6	0
387	Q0	39824#8	0
387	Q0	154115#15	0
387	Q0	238250#12	0
387	Q0	100926#2	0
387	Q0	12953#0	0
387	Q0	154115#8	0
387	Q0	39824#7	0
387	Q0	238250#13	0
387	Q0	12953#1	0
387	Q0	39825#13	0
388	Q0	19975#4	1
388	Q0	1951339#0	0
388	Q0	19975#22	0
388	Q0	542727#3	0
388	Q0	39433#17	0
388	Q0	19975#23	0
388	Q0	19975#3	0
388	Q0	323508#1	0
388	Q0	23391#30	0
388	Q0	476530#6	0
388	Q0	23391#24	0
388	Q0	2182#59	0
388	Q0	5382#38	0
388	Q0	81828#32	0
388	Q0	478073#7	0
390	Q0	431773#0	1
390	Q0	34883#0	1
390	Q0	975401#0	1
390	Q0	507251#0	1
390	Q0	33239#0	1
390	Q0	431773#3	1
390	Q0	95488#25	0
390	Q0	674150#0	0
390	Q0	508150#0	0
390	Q0	1240891#0	0
390	Q0	506770#2	0
390	Q0	95488#0	0
390	Q0	507996#0	0
390	Q0	508638#1	0
390	Q0	507996#3	0
390	Q0	508820#0	0
392	Q0	49979#0	1
392	Q0	704479#0	1
392	Q0	49979#12	0
392	Q0	49979#11	0
392	Q0	49979#7	0
392	Q0	49979#2	0
392	Q0	49979#6	0
392	Q0	49979#5	0
392	Q0	511813#1	0
392	Q0	49979#10	0
392	Q0	67480#0	0
392	Q0	1825938#0	0
392	Q0	1390384#0	0
393	Q0	4910#0	1
393	Q0	4256#3	1
393	Q0	38175#106	0
393	Q0	119516#1	0
393	Q0	512944#2	0
393	Q0	203571#0	0
393	Q0	193971#0	0
393	Q0	187651#0	0
393	Q0	38175#115	0
393	Q0	188435#0	0
393	Q0	4256#16	0
393	Q0	204575#0	0
393	Q0	193899#0	0
393	Q0	160093#0	0
393	Q0	193947#0	0
394	Q0	48338#0	1
394	Q0	48338#32	1
394	Q0	48338#1	1
394	Q0	48338#10	1
394	Q0	48338#13	1
394	Q0	48338#2	1
394	Q0	927451#5	1
394	Q0	48338#9	1
394	Q0	48338#11	1
394	Q0	1729914#2	0
394	Q0	1357455#0	0
394	Q0	121328#9	0
394	Q0	48338#4	0
397	Q0	75310#1	1
397	Q0	14650#1	1
397	Q0	56332#0	1
397	Q0	202612#0	0
397	Q0	301714#2	0
397	Q0	1644190#66	0
397	Q0	81781#0	0
397	Q0	280#7	0
397	Q0	9606#3	0
397	Q0	56332#4	0
397	Q0	161347#4	0
397	Q0	697572#2	0
397	Q0	220791#3	0
397	Q0	301714#0	0
402	Q0	88750#5	1
402	Q0	97762#6	0
402	Q0	97762#1	0
402	Q0	97762#21	0
402	Q0	461879#5	0
402	Q0	97762#52	0
402	Q0	98933#2	0
402	Q0	97762#23	0
402	Q0	97762#20	0
402	Q0	574317#2	0
402	Q0	97762#0	0
402	Q0	995038#1	0
402	Q0	97762#17	0
402	Q0	97762#24	0
402	Q0	88750#0	0
404	Q0	10071#1	1
404	Q0	35803#2	1
404	Q0	35803#0	1
404	Q0	35803#1	1
404	Q0	151502#26	1
404	Q0	35803#5	0
404	Q0	1293483#1	0
404	Q0	762#5	0
404	Q0	799207#0	0
404	Q0	35803#8	0
404	Q0	52231#0	0
404	Q0	120535#12	0
404	Q0	1293483#0	0
404	Q0	35803#4	0
404	Q0	35803#3	0
404	Q0	1297644#23	0
406	Q0	48092#0	1
406	Q0	9160#0	1
406	Q0	614005#0	1
406	Q0	46223#1	0
406	Q0	156497#0	0
406	Q0	156495#0	0
406	Q0	51754#0	0
406	Q0	156504#0	0
406	Q0	156496#0	0
406	Q0	51752#0	0
406	Q0	153514#0	0
406	Q0	2436#0	0
406	Q0	2021817#0	0
406	Q0	51771#0	0
407	Q0	624582#0	1
407	Q0	10822#1	0
407	Q0	14276#9	0
407	Q0	5741#0	0
407	Q0	5171#3	0
407	Q0	10822#0	0
407	Q0	30940#0	0
407	Q0	30940#2	0
407	Q0	143376#1	0
407	Q0	383743#1	0
407	Q0	95913#18	0
407	Q0	95490#8	0
407	Q0	33082#0	0
407	Q0	97808#5	0
407	Q0	34156#3	0
407	Q0	950487#0	0
408	Q0	1421080#6	1
408	Q0	1421080#5	0
408	Q0	1421080#19	0
408	Q0	1421080#12	0
408	Q0	1421080#13	0
408	Q0	154060#8	0
408	Q0	154060#5	0
408	Q0	1421080#15	0
408	Q0	1162339#3	0
408	Q0	1421080#2	0
408	Q0	154060#10	0
408	Q0	154060#11	0
408	Q0	154060#2	0
410	Q0	131439#3	1
410	Q0	280#29	1
410	Q0	249#157	1
410	Q0	487516#0	1
410	Q0	487516#13	1
410	Q0	40269#1	0
410	Q0	280#30	0
410	Q0	57030#1	0
410	Q0	73045#1	0
410	Q0	21740#0	0
410	Q0	10043#4	0
410	Q0	28750#1	0
410	Q0	2391#2	0
413	Q0	29755#0	1
413	Q0	40980#3	0
413	Q0	40980#2	0
413	Q0	266696#7	0
413	Q0	6196#25	0
413	Q0	135929#5	0
413	Q0	33119#17	0
413	Q0	75473#0	0
413	Q0	80030#0	0
413	Q0	29727#0	0
413	Q0	29755#10	0
413	Q0	85773#1	0
414	Q0	88548#0	1
414	Q0	618519#0	1
414	Q0	558121#9	1
414	Q0	618519#14	1
414	Q0	5382#37	0
414	Q0	618519#2	0
414	Q0	1914172#3	0
414	Q0	322784#2	0
414	Q0	70409#0	0
414	Q0	601514#0	0
414	Q0	601514#2	0
414	Q0	618519#33	0
414	Q0	618519#34	0
414	Q0	5382#40	0
415	Q0	1660901#1	1
415	Q0	210860#0	1
415	Q0	588233#5	0
415	Q0	210860#47	0
415	Q0	44324#30	0
415	Q0	84319#7	0
415	Q0	103094#9	0
415	Q0	13905#1	0
415	Q0	295939#3	0
415	Q0	588233#4	0
415	Q0	267020#31	0
415	Q0	210860#44	0
415	Q0	432273#2	0
415	Q0	51411#9	0
415	Q0	6319#56	0
415	Q0	1110713#10	0
415	Q0	1642365#8	0
415	Q0	422983#12	0
415	Q0	13905#5	0
420	Q0	786876#0	1
420	Q0	538363#40	1
420	Q0	32690#13	1
420	Q0	8395#53	0
420	Q0	786876#85	0
420	Q0	1858493#0	0
420	Q0	1924431#2	0
420	Q0	1825558#0	0
420	Q0	1762703#0	0
420	Q0	786876#15	0
420	Q0	786876#97	0
420	Q0	223222#0	0
420	Q0	9520#2	0
420	Q0	8394#80	0
420	Q0	826187#2	0
420	Q0	349539#2	0
420	Q0	786876#70	0
424	Q0	1845937#2	1
424	Q0	215959#20	1
424	Q0	105763#6	1
424	Q0	46401#6	1
424	Q0	169093#3	1
424	Q0	12308#0	1
424	Q0	169093#5	1
424	Q0	498916#15	0
424	Q0	12308#39	0
424	Q0	64793#4	0
424	Q0	38764#14	0
424	Q0	12308#4	0
424	Q0	295450#16	0
428	Q0	1456083#2	1
428	Q0	1456083#8	0
428	Q0	1456083#10	0
428	Q0	1456083#9	0
428	Q0	1456083#5	0
428	Q0	1493426#16	0
428	Q0	358379#13	0
428	Q0	448187#0	0
428	Q0	1456083#13	0
428	Q0	1456083#0	0
428	Q0	1456083#14	0
428	Q0	1456083#6	0
428	Q0	1456083#11	0
428	Q0	1456083#15	0
428	Q0	1456083#7	0
429	Q0	90200#0	1
429	Q0	90200#7	0
429	Q0	86752#0	0
429	Q0	3222#12	0
429	Q0	90200#53	0
429	Q0	74067#24	0
429	Q0	520126#2	0
429	Q0	86752#2	0
429	Q0	90200#5	0
429	Q0	90200#4	0
429	Q0	3222#11	0
429	Q0	90200#1	0
429	Q0	85492#6	0
432	Q0	9042#2	1
432	Q0	144039#1	0
432	Q0	500067#5	0
432	Q0	251473#1	0
432	Q0	830473#0	0
432	Q0	358844#4	0
432	Q0	95494#3	0
432	Q0	100785#8	0
432	Q0	9661#2	0
432	Q0	1787249#1	0
432	Q0	597877#0	0
432	Q0	241970#2	0
432	Q0	88671#2	0
432	Q0	436658#1	0
435	Q0	152354#0	1
435	Q0	269599#4	1
435	Q0	2378961#0	0
435	Q0	796566#3	0
435	Q0	994562#2	0
435	Q0	422866#9	0
435	Q0	269599#2	0
435	Q0	185957#1	0
435	Q0	632697#0	0
435	Q0	444457#4	0
435	Q0	22397#1	0
435	Q0	821399#0	0
435	Q0	821397#0	0
435	Q0	131123#2	0
435	Q0	1092107#23	0
435	Q0	215946#4	0
441	Q0	22781#0	1
441	Q0	1765127#0	1
441	Q0	454588#0	1
441	Q0	1755815#0	1
441	Q0	1137767#0	1
441	Q0	9167#0	1
441	Q0	116241#0	0
441	Q0	517036#0	0
441	Q0	1766450#2	0
441	Q0	1749408#0	0
441	Q0	783493#0	0
441	Q0	1766378#0	0
441	Q0	934638#0	0
442	Q0	13319#8	1
442	Q0	13319#1	1
442	Q0	13319#9	1
442	Q0	13321#0	1
442	Q0	13319#7	1
442	Q0	38605#8	1
442	Q0	127316#3	1
442	Q0	13319#13	1
442	Q0	127316#0	1
442	Q0	13319#30	0
442	Q0	127341#7	0
442	Q0	1248965#3	0
443	Q0	2333206#0	1
443	Q0	43307#0	1
443	Q0	2385771#0	1
443	Q0	909294#0	1
443	Q0	1874976#1	1
443	Q0	43712#0	1
443	Q0	750348#38	0
443	Q0	12471#8	0
443	Q0	10336#61	0
443	Q0	1504897#0	0
443	Q0	240463#64	0
443	Q0	297877#1	0
443	Q0	970308#77	0
443	Q0	48613#1	0
443	Q0	39989#0	0
444	Q0	1946444#34	1
444	Q0	27977#8	0
444	Q0	27977#6	0
444	Q0	27977#3	0
444	Q0	27977#5	0
444	Q0	27977#0	0
444	Q0	34759#7	0
444	Q0	385565#1	0
444	Q0	709143#5	0
444	Q0	27977#1	0
444	Q0	1946444#41	0
444	Q0	27977#2	0
444	Q0	27977#4	0
445	Q0	65661#16	1
445	Q0	216123#0	1
445	Q0	34#0	1
445	Q0	216123#199	0
445	Q0	216123#201	0
445	Q0	216123#152	0
445	Q0	216123#158	0
445	Q0	216123#163	0
445	Q0	1595615#5	0
445	Q0	216123#166	0
445	Q0	216123#202	0
445	Q0	216123#200	0
445	Q0	216123#165	0
445	Q0	216123#149	0
445	Q0	228233#10	0
446	Q0	890478#3	1
446	Q0	890478#2	1
446	Q0	890478#18	0
446	Q0	890478#7	0
446	Q0	890478#10	0
446	Q0	890478#17	0
446	Q0	890478#0	0
446	Q0	890478#9	0
446	Q0	890478#8	0
446	Q0	890478#11	0
446	Q0	1390676#4	0
446	Q0	2622#1	0
446	Q0	1863923#1	0
446	Q0	25925#1	0
446	Q0	123353#4	0
447	Q0	118495#0	1
447	Q0	12766#3	1
447	Q0	12519#9	1
447	Q0	675477#0	0
447	Q0	1390384#0	0
447	Q0	12766#30	0
447	Q0	71640#2	0
447	Q0	186740#0	0
447	Q0	675477#2	0
447	Q0	12766#29	0
447	Q0	12766#26	0
447	Q0	12517#0	0
447	Q0	12519#1	0
447	Q0	346046#1	0
449	Q0	259#0	1
449	Q0	365561#8	0
449	Q0	33957#9	0
449	Q0	1093669#1	0
449	Q0	40656#2	0
449	Q0	588380#32	0
449	Q0	55785#1	0
449	Q0	1501334#1	0
449	Q0	1113876#1	0
449	Q0	508838#1	0
449	Q0	934089#0	0
449	Q0	1618339#0	0
449	Q0	7125#4	0
449	Q0	89727#0	0
449	Q0	1833969#3	0
449	Q0	301615#3	0
449	Q0	1056747#4	0
449	Q0	276031#14	0
449	Q0	1826656#3	0
453	Q0	20675#17	1
453	Q0	28779#0	1
453	Q0	413148#2	0
453	Q0	28779#6	0
453	Q0	776221#36	0
453	Q0	28779#7	0
453	Q0	776221#1	0
453	Q0	596607#1	0
453	Q0	762857#1	0
453	Q0	287986#5	0
453	Q0	596171#1	0
453	Q0	287986#17	0
453	Q0	28779#1	0
453	Q0	28779#2	0
455	Q0	19975#2	1
455	Q0	62321#0	1
455	Q0	1036011#0	1
455	Q0	19975#23	1
455	Q0	551513#0	0
455	Q0	19975#4	0
455	Q0	19975#0	0
455	Q0	805128#0	0
455	Q0	1672374#0	0
455	Q0	872929#0	0
455	Q0	19975#3	0
455	Q0	789736#0	0
455	Q0	1648329#2	0
457	Q0	304498#7	1
457	Q0	1397457#2	0
457	Q0	1771819#0	0
457	Q0	197714#0	0
457	Q0	1187543#11	0
457	Q0	1889859#1	0
457	Q0	54201#12	0
457	Q0	48010#4	0
457	Q0	68687#1	0
457	Q0	1187144#0	0
457	Q0	652699#28	0
457	Q0	652699#13	0
457	Q0	652699#19	0
457	Q0	652699#49	0
457	Q0	34805#34	0
457	Q0	990475#1	0
457	Q0	197714#1	0
457	Q0	1053496#0	0
461	Q0	35946#0	1
461	Q0	35941#0	0
461	Q0	35946#1	0
461	Q0	35943#0	0
461	Q0	2182#12	0
461	Q0	2182#0	0
461	Q0	247824#0	0
461	Q0	35946#2	0
461	Q0	19975#0	0
461	Q0	231433#0	0
461	Q0	247824#1	0
461	Q0	35946#3	0
461	Q0	46987#0	0
463	Q0	2909#64	1
463	Q0	216123#163	0
463	Q0	246694#9	0
463	Q0	1932401#17	0
463	Q0	263176#16	0
463	Q0	37814#4	0
463	Q0	216123#159	0
463	Q0	12471#4	0
463	Q0	1919700#0	0
463	Q0	2319#3	0
463	Q0	2335211#0	0
463	Q0	31797#0	0
463	Q0	44866#7	0
463	Q0	78997#0	0
463	Q0	9545#294	0
463	Q0	33828#92	0
464	Q0	213840#0	1
464	Q0	886103#19	0
464	Q0	14856#31	0
464	Q0	780040#39	0
464	Q0	14856#44	0
464	Q0	213840#25	0
464	Q0	270868#3	0
464	Q0	29932#4	0
464	Q0	14856#24	0
464	Q0	14856#29	0
464	Q0	14856#17	0
464	Q0	268938#21	0
464	Q0	20576#9	0
465	Q0	760#0	1
465	Q0	532#3	0
465	Q0	423801#0	0
465	Q0	835933#0	0
465	Q0	760#6	0
465	Q0	994812#0	0
465	Q0	423801#1	0
465	Q0	760#4	0
465	Q0	760#5	0
465	Q0	185313#9	0
465	Q0	4490#0	0
466	Q0	72789#18	1
466	Q0	189854#2	0
466	Q0	72789#0	0
466	Q0	82978#17	0
466	Q0	377680#4	0
466	Q0	397503#1	0
466	Q0	6147#1	0
466	Q0	45774#21	0
466	Q0	1186394#19	0
466	Q0	82978#21	0
466	Q0	72789#17	0
466	Q0	72789#15	0
466	Q0	72789#22	0
469	Q0	495#0	1
469	Q0	5303#1	0
469	Q0	1240891#0	0
469	Q0	1203869#0	0
469	Q0	207596#1	0
469	Q0	581018#0	0
469	Q0	305595#1	0
469	Q0	1936366#0	0
469	Q0	337305#1	0
469	Q0	307614#1	0
469	Q0	40056#1	0
469	Q0	363131#53	0
472	Q0	404524#1	1
472	Q0	436628#0	0
472	Q0	156241#4	0
472	Q0	401610#9	0
472	Q0	96426#5	0
472	Q0	3966#23	0
472	Q0	306189#2	0
472	Q0	3966#1	0
472	Q0	714709#2	0
472	Q0	133082#0	0
472	Q0	260884#7	0
472	Q0	186974#2	0
472	Q0	186974#1	0
473	Q0	317339#2	1
473	Q0	317339#0	0
473	Q0	502346#1	0
473	Q0	317339#12	0
473	Q0	317339#11	0
473	Q0	1285763#0	0
473	Q0	637659#53	0
473	Q0	149102#9	0
473	Q0	317339#4	0
473	Q0	39151#8	0
473	Q0	163871#2	0
473	Q0	317339#7	0
473	Q0	1851080#3	0
473	Q0	39151#49	0
476	Q0	380349#6	1
476	Q0	380349#3	0
476	Q0	380349#10	0
476	Q0	454303#33	0
476	Q0	380349#8	0
476	Q0	454303#8	0
476	Q0	292709#1	0
476	Q0	454331#0	0
476	Q0	189043#6	0
476	Q0	454334#0	0
476	Q0	380349#7	0
476	Q0	380349#40	0
476	Q0	380349#41	0
476	Q0	380349#4	0
477	Q0	374470#0	1
477	Q0	7753#0	1
477	Q0	1652509#0	1
477	Q0	2746#28	0
477	Q0	124001#62	0
477	Q0	422046#1	0
477	Q0	422046#0	0
477	Q0	403738#0	0
477	Q0	45590#2	0
477	Q0	1653150#1	0
477	Q0	519071#3	0
477	Q0	121328#9	0
477	Q0	73674#2	0
477	Q0	982672#7	0
479	Q0	3228#16	1
479	Q0	3228#1	1
479	Q0	255318#0	1
479	Q0	371558#30	1
479	Q0	3228#11	1
479	Q0	3228#0	1
479	Q0	3228#17	1
479	Q0	226979#34	1
479	Q0	1151763#3	0
479	Q0	2565#55	0
479	Q0	2565#28	0
479	Q0	1315679#1	0
479	Q0	2565#22	0
479	Q0	3228#7	0
488	Q0	82721#4	1
488	Q0	82721#0	1
488	Q0	82721#1	1
488	Q0	13521#0	1
488	Q0	415820#0	0
488	Q0	82721#6	0
488	Q0	1132458#0	0
488	Q0	1169870#0	0
488	Q0	1941619#8	0
488	Q0	343843#2	0
488	Q0	82721#7	0
488	Q0	368584#0	0
488	Q0	1655874#0	0
490	Q0	322071#0	1
490	Q0	322071#1	0
490	Q0	322071#3	0
490	Q0	30544#1	0
490	Q0	780040#11	0
490	Q0	1485203#1	0
490	Q0	521194#9	0
490	Q0	771075#1	0
490	Q0	1420934#1	0
490	Q0	1630967#4	0
490	Q0	253628#2	0
490	Q0	1967305#1	0
490	Q0	1963580#1	0
490	Q0	78958#1	0
490	Q0	1323506#1	0
490	Q0	241391#1	0
491	Q0	1453#42	1
491	Q0	1011877#0	1
491	Q0	665471#0	1
491	Q0	240419#0	1
491	Q0	1453#14	1
491	Q0	1084675#0	1
491	Q0	35026#11	1
491	Q0	35026#0	1
491	Q0	1002051#0	0
491	Q0	1453#2	0
491	Q0	300741#1	0
491	Q0	724050#2	0
491	Q0	1334848#0	0
491	Q0	1453#0	0
491	Q0	150293#2	0
491	Q0	300741#0	0
492	Q0	32020#0	1
492	Q0	5965#36	1
492	Q0	214760#6	1
492	Q0	32020#19	1
492	Q0	5965#54	1
492	Q0	985883#0	1
492	Q0	32020#16	0
492	Q0	32020#31	0
492	Q0	32020#24	0
492	Q0	68374#2	0
492	Q0	32020#33	0
492	Q0	1464#37	0
492	Q0	32020#32	0
495	Q0	200270#5	1
495	Q0	13747#2	1
495	Q0	504406#2	0
495	Q0	68466#0	0
495	Q0	1187144#7	0
495	Q0	6545#12	0
495	Q0	317579#0	0
495	Q0	124582#1	0
495	Q0	14284#1	0
495	Q0	1159798#0	0
495	Q0	10290#41	0
495	Q0	52138#9	0
495	Q0	6092#50	0
495	Q0	9447#2	0
495	Q0	74047#15	0
495	Q0	675282#1	0
495	Q0	457790#1	0
495	Q0	127466#15	0
495	Q0	22886#10	0
497	Q0	103720#0	1
497	Q0	103720#17	1
497	Q0	566682#8	0
497	Q0	631970#0	0
497	Q0	566682#17	0
497	Q0	103720#18	0
497	Q0	5739#19	0
497	Q0	103720#40	0
497	Q0	689084#0	0
497	Q0	911211#0	0
497	Q0	103720#3	0
497	Q0	111085#2	0
497	Q0	565988#18	0
497	Q0	631963#0	0
497	Q0	36012#3	0
498	Q0	1728997#5	1
498	Q0	54201#12	0
498	Q0	1728997#4	0
498	Q0	1025950#15	0
498	Q0	1025950#12	0
498	Q0	1027308#6	0
498	Q0	933972#7	0
498	Q0	55786#9	0
498	Q0	526928#0	0
498	Q0	1027308#0	0
498	Q0	1064003#0	0
498	Q0	1063995#3	0
498	Q0	1056747#1	0
498	Q0	1025950#16	0
499	Q0	268938#22	1
499	Q0	1840#0	1
499	Q0	1009085#0	0
499	Q0	318720#10	0
499	Q0	15998#0	0
499	Q0	268924#34	0
499	Q0	886103#34	0
499	Q0	268924#33	0
499	Q0	886103#2	0
499	Q0	886103#43	0
499	Q0	32841#19	0
499	Q0	380#5	0
499	Q0	268924#35	0
499	Q0	318720#12	0
500	Q0	115530#0	1
500	Q0	30237#14	1
500	Q0	6372#23	1
500	Q0	359284#0	1
500	Q0	6372#3	1
500	Q0	909529#0	1
500	Q0	2812#1	0
500	Q0	400453#0	0
500	Q0	1930319#3	0
500	Q0	400454#0	0
500	Q0	220518#0	0
500	Q0	207596#1	0
500	Q0	1376474#0	0
500	Q0	682368#0	0
500	Q0	12517#0	0
500	Q0	2812#6	0
500	Q0	2812#4	0
501	Q0	263176#27	1
501	Q0	754#0	1
501	Q0	325535#2	1
501	Q0	867791#49	1
501	Q0	789933#0	0
501	Q0	688568#1	0
501	Q0	9939#9	0
501	Q0	668392#2	0
501	Q0	3373#28	0
501	Q0	427569#1	0
501	Q0	784154#1	0
501	Q0	74047#7	0
501	Q0	216725#6	0
501	Q0	1925813#64	0
501	Q0	263176#29	0
501	Q0	11448#0	0
501	Q0	677644#2	0
501	Q0	668351#1	0
501	Q0	403208#0	0
505	Q0	48108#24	1
505	Q0	487516#13	1
505	Q0	70090#8	1
505	Q0	783#1	0
505	Q0	487516#15	0
505	Q0	463702#0	0
505	Q0	208680#2	0
505	Q0	487516#14	0
505	Q0	280#29	0
505	Q0	487516#16	0
505	Q0	783#2	0
505	Q0	487516#0	0
506	Q0	797132#3	1
506	Q0	797132#6	0
506	Q0	797132#4	0
506	Q0	13295#4	0
506	Q0	797132#7	0
506	Q0	469637#3	0
506	Q0	2306605#15	0
506	Q0	922919#4	0
506	Q0	1758023#55	0
506	Q0	662651#1	0
506	Q0	32375#26	0
506	Q0	797132#5	0
508	Q0	37742#0	1
508	Q0	37742#2	1
508	Q0	103382#0	1
508	Q0	72789#31	1
508	Q0	330051#45	1
508	Q0	625557#10	0
508	Q0	575777#3	0
508	Q0	719193#13	0
508	Q0	317214#8	0
508	Q0	566682#18	0
508	Q0	50672#26	0
508	Q0	195925#1	0
508	Q0	683222#8	0
508	Q0	32713#11	0
508	Q0	1381532#2	0
508	Q0	142459#2	0
508	Q0	142459#0	0
508	Q0	133125#7	0
508	Q0	980514#13	0
508	Q0	261911#71	0
509	Q0	31412#0	1
509	Q0	253235#6	0
509	Q0	22738#33	0
509	Q0	2376047#0	0
509	Q0	2376066#0	0
509	Q0	1990089#0	0
509	Q0	1967207#0	0
509	Q0	154729#0	0
509	Q0	189967#0	0
509	Q0	2376062#0	0
509	Q0	1296988#0	0
509	Q0	31396#0	0
509	Q0	14400#0	0
509	Q0	31352#0	0
509	Q0	31469#0	0
509	Q0	31430#0	0
509	Q0	31406#0	0
509	Q0	31148#0	0
509	Q0	31413#0	0
509	Q0	31351#0	0
509	Q0	31421#0	0
511	Q0	132284#2	1
511	Q0	132284#0	1
511	Q0	132284#1	0
511	Q0	132284#11	0
511	Q0	132284#12	0
511	Q0	126816#1	0
511	Q0	204109#4	0
511	Q0	12947#12	0
511	Q0	132284#18	0
511	Q0	132284#9	0
511	Q0	132284#4	0
511	Q0	12947#24	0
511	Q0	12947#14	0
512	Q0	901072#0	1
512	Q0	839473#2	0
512	Q0	902326#5	0
512	Q0	901152#16	0
512	Q0	155512#1	0
512	Q0	155512#2	0
512	Q0	155512#8	0
512	Q0	904339#10	0
512	Q0	904342#15	0
512	Q0	941629#2	0
512	Q0	940405#6	0
512	Q0	155512#9	0
512	Q0	155512#34	0
512	Q0	904342#14	0
513	Q0	74136#5	1
513	Q0	1419434#10	1
513	Q0	74136#0	1
513	Q0	40868#7	0
513	Q0	272616#6	0
513	Q0	4953#60	0
513	Q0	4953#61	0
513	Q0	5262#21	0
513	Q0	74136#12	0
513	Q0	156277#6	0
513	Q0	224638#16	0
513	Q0	74136#4	0
513	Q0	9023#3	0
513	Q0	1419434#1	0
514	Q0	2602#14	1
514	Q0	1311983#3	1
514	Q0	2602#0	1
514	Q0	137680#45	0
514	Q0	339670#2	0
514	Q0	1328772#2	0
514	Q0	67920#214	0
514	Q0	2602#13	0
514	Q0	137680#47	0
514	Q0	804882#3	0
514	Q0	1822312#25	0
514	Q0	38778#2	0
514	Q0	12473#4	0
514	Q0	924720#20	0
514	Q0	600787#6	0
515	Q0	95068#43	1
515	Q0	105763#6	1
515	Q0	12308#17	1
515	Q0	633182#2	1
515	Q0	73593#1	1
515	Q0	95068#35	1
515	Q0	486711#1	1
515	Q0	371558#63	1
515	Q0	230414#9	1
515	Q0	95068#36	0
515	Q0	1845937#2	0
515	Q0	6277#19	0
515	Q0	112063#1	0
516	Q0	11762#0	1
516	Q0	1302068#4	1
516	Q0	105362#0	1
516	Q0	11762#1	0
516	Q0	687957#0	0
516	Q0	200523#0	0
516	Q0	11762#2	0
516	Q0	967521#1	0
516	Q0	11762#11	0
516	Q0	690713#0	0
516	Q0	967521#0	0
516	Q0	967521#2	0
516	Q0	11762#10	0
516	Q0	11762#7	0
519	Q0	4910#0	1
519	Q0	38175#106	0
519	Q0	119516#1	0
519	Q0	512944#2	0
519	Q0	203571#0	0
519	Q0	193971#0	0
519	Q0	188435#0	0
519	Q0	38175#115	0
519	Q0	187651#0	0
519	Q0	4256#16	0
519	Q0	204575#0	0
519	Q0	193899#0	0
519	Q0	160093#0	0
519	Q0	193947#0	0
519	Q0	188263#0	0
520	Q0	245834#1	1
520	Q0	923349#5	1
520	Q0	109714#7	1
520	Q0	245834#0	1
520	Q0	34873#17	1
520	Q0	8184#7	1
520	Q0	1860652#6	1
520	Q0	328512#2	1
520	Q0	1860652#1	1
520	Q0	609080#3	1
520	Q0	109714#15	0
520	Q0	2006498#8	0
520	Q0	609080#16	0
520	Q0	895671#5	0
520	Q0	109714#3	0
521	Q0	656589#0	1
521	Q0	656589#4	1
521	Q0	656582#0	0
521	Q0	656582#2	0
521	Q0	64354#2	0
521	Q0	176859#9	0
521	Q0	656582#1	0
521	Q0	656589#2	0
521	Q0	656589#1	0
521	Q0	1316955#0	0
521	Q0	64354#0	0
521	Q0	664001#2	0
521	Q0	1323454#0	0
522	Q0	252#13	1
522	Q0	252#0	1
522	Q0	33883#1	0
522	Q0	351074#2	0
522	Q0	56512#5	0
522	Q0	189951#0	0
522	Q0	752354#0	0
522	Q0	1443494#0	0
522	Q0	1107191#0	0
522	Q0	304700#0	0
522	Q0	1895488#0	0
522	Q0	252#17	0
522	Q0	249#0	0
522	Q0	30351#16	0
522	Q0	483892#1	0
522	Q0	149478#12	0
522	Q0	1794982#0	0
522	Q0	249#76	0
522	Q0	2387000#3	0
522	Q0	249#119	0
525	Q0	95490#8	1
525	Q0	10822#1	0
525	Q0	624582#0	0
525	Q0	5741#0	0
525	Q0	14276#9	0
525	Q0	10822#0	0
525	Q0	5171#3	0
525	Q0	30940#0	0
525	Q0	30940#2	0
525	Q0	143376#1	0
525	Q0	383743#1	0
525	Q0	95913#18	0
525	Q0	33082#0	0
525	Q0	97808#5	0
525	Q0	571355#12	0
525	Q0	950487#0	0
526	Q0	864863#0	1
526	Q0	712411#4	0
526	Q0	712411#1	0
526	Q0	2870#13	0
526	Q0	371558#125	0
526	Q0	2870#10	0
526	Q0	942012#0	0
526	Q0	238791#0	0
526	Q0	1969461#1	0
526	Q0	864863#3	0
526	Q0	116853#42	0
526	Q0	866164#0	0
526	Q0	865221#0	0
527	Q0	7753#3	1
527	Q0	7753#0	1
527	Q0	2011985#0	0
527	Q0	7753#7	0
527	Q0	384893#1	0
527	Q0	2031801#3	0
527	Q0	7753#6	0
527	Q0	384893#0	0
527	Q0	346436#0	0
527	Q0	384897#0	0
527	Q0	2011985#1	0
527	Q0	7766#0	0
527	Q0	7753#10	0
527	Q0	446546#1	0
527	Q0	2011985#2	0
529	Q0	473095#0	1
529	Q0	323589#0	0
529	Q0	95502#7	0
529	Q0	67403#0	0
529	Q0	77264#6	0
529	Q0	1137632#2	0
529	Q0	108964#7	0
529	Q0	1091009#0	0
529	Q0	123797#1	0
529	Q0	136545#0	0
529	Q0	74809#0	0
529	Q0	74812#0	0
529	Q0	289923#0	0
529	Q0	123797#3	0
529	Q0	77264#5	0
530	Q0	12471#4	1
530	Q0	263176#16	1
530	Q0	263176#13	0
530	Q0	12471#0	0
530	Q0	12471#10	0
530	Q0	1932401#17	0
530	Q0	12471#1	0
530	Q0	12471#11	0
530	Q0	78673#0	0
530	Q0	263176#12	0
530	Q0	2342#16	0
531	Q0	47536#9	1
531	Q0	291047#0	1
531	Q0	106254#0	1
531	Q0	290584#9	1
531	Q0	55059#1	1
531	Q0	290584#6	0
531	Q0	290584#13	0
531	Q0	290584#0	0
531	Q0	55142#3	0
531	Q0	290584#3	0
531	Q0	106254#13	0
531	Q0	106255#7	0
531	Q0	106254#14	0
531	Q0	290584#5	0
533	Q0	245834#1	1
533	Q0	9930#18	1
533	Q0	609080#0	1
533	Q0	245834#5	0
533	Q0	245834#22	0
533	Q0	245834#29	0
533	Q0	609080#19	0
533	Q0	34873#4	0
533	Q0	245834#0	0
533	Q0	245834#26	0
533	Q0	13178#34	0
533	Q0	245834#4	0
534	Q0	10487#0	1
534	Q0	10487#2	1
534	Q0	246115#2	0
534	Q0	1728052#0	0
534	Q0	896406#2	0
534	Q0	982758#1	0
534	Q0	95505#19	0
534	Q0	1107396#0	0
534	Q0	2306660#0	0
534	Q0	1448916#0	0
534	Q0	10487#1	0
534	Q0	10486#0	0
534	Q0	123811#5	0
534	Q0	90200#1	0
534	Q0	1728052#12	0
534	Q0	10808#0	0
534	Q0	1728052#20	0
535	Q0	625557#29	1
535	Q0	18775#0	1
535	Q0	89704#0	1
535	Q0	18775#1	1
535	Q0	81513#6	1
535	Q0	9446#0	1
535	Q0	81513#0	1
535	Q0	9446#1	1
535	Q0	136300#0	0
535	Q0	81513#5	0
535	Q0	214907#1	0
535	Q0	9446#104	0
535	Q0	89664#0	0
535	Q0	619497#0	0
536	Q0	953087#8	1
536	Q0	1822860#0	0
536	Q0	1945797#0	0
536	Q0	1945800#3	0
536	Q0	1822405#0	0
536	Q0	1945874#3	0
536	Q0	1924391#3	0
536	Q0	1822858#0	0
536	Q0	1925125#0	0
536	Q0	1919642#0	0
536	Q0	8518#1	0
536	Q0	1663031#4	0
536	Q0	1877497#4	0
536	Q0	451780#1	0
537	Q0	3778#4	1
537	Q0	2715#5	1
537	Q0	3778#0	0
537	Q0	3778#3	0
537	Q0	280219#0	0
537	Q0	454#26	0
537	Q0	2715#6	0
537	Q0	479107#15	0
537	Q0	882215#16	0
537	Q0	3778#14	0
537	Q0	545840#5	0
537	Q0	3778#5	0
539	Q0	210860#24	1
539	Q0	103094#8	0
539	Q0	1873037#208	0
539	Q0	1464868#2	0
539	Q0	1510629#1	0
539	Q0	1713229#1	0
539	Q0	502900#4	0
539	Q0	323785#1	0
539	Q0	1442109#9	0
539	Q0	58795#3	0
539	Q0	254068#5	0
539	Q0	1729424#1	0
539	Q0	210860#20	0
539	Q0	273908#1	0
539	Q0	2397212#2	0
539	Q0	210860#21	0
539	Q0	2221095#11	0
539	Q0	117618#0	0
540	Q0	721315#4	1
540	Q0	722682#0	0
540	Q0	722682#3	0
540	Q0	722682#5	0
540	Q0	722682#2	0
540	Q0	722682#1	0
540	Q0	722682#4	0
540	Q0	721315#6	0
540	Q0	860028#0	0
540	Q0	6372#21	0
540	Q0	2812#3	0
540	Q0	1846586#0	0
540	Q0	73587#0	0
540	Q0	224644#0	0
540	Q0	105845#2	0
540	Q0	2812#2	0
542	Q0	10487#0	1
542	Q0	190644#0	0
542	Q0	72049#4	0
542	Q0	38175#0	0
542	Q0	1728052#0	0
542	Q0	38175#96	0
542	Q0	182746#0	0
542	Q0	178379#0	0
542	Q0	575962#0	0
542	Q0	38175#106	0
542	Q0	10487#2	0
542	Q0	1728052#12	0
542	Q0	10487#1	0
542	Q0	175007#0	0
542	Q0	1728052#20	0
542	Q0	577969#0	0
543	Q0	97809#5	1
543	Q0	97809#1	0
543	Q0	97809#7	0
543	Q0	176221#2	0
543	Q0	97809#26	0
543	Q0	1611915#4	0
543	Q0	470768#54	0
543	Q0	193177#10	0
543	Q0	52136#5	0
543	Q0	404076#2	0
543	Q0	246015#4	0
543	Q0	147918#0	0
543	Q0	121753#3	0
543	Q0	97809#0	0
543	Q0	95490#13	0
544	Q0	3228#17	1
544	Q0	93298#0	1
544	Q0	832969#0	1
544	Q0	2870#0	1
544	Q0	255318#0	1
544	Q0	343336#8	1
544	Q0	238791#0	1
544	Q0	3228#0	1
544	Q0	2870#1	1
544	Q0	226979#34	1
544	Q0	11767#0	1
544	Q0	580582#0	0
544	Q0	226979#4	0
544	Q0	116851#0	0
544	Q0	226979#43	0
544	Q0	3228#10	0
544	Q0	2870#4	0
544	Q0	303518#0	0
545	Q0	7634#0	1
545	Q0	7634#2	0
545	Q0	284269#0	0
545	Q0	108966#3	0
545	Q0	7634#1	0
545	Q0	108840#7	0
545	Q0	7636#0	0
545	Q0	108966#1	0
545	Q0	735026#1	0
545	Q0	1887712#0	0
545	Q0	7634#27	0
548	Q0	115913#2	1
548	Q0	273433#2	0
548	Q0	74820#0	0
548	Q0	612849#2	0
548	Q0	614974#4	0
548	Q0	74820#1	0
548	Q0	614974#9	0
548	Q0	263978#2	0
548	Q0	614974#0	0
548	Q0	1152433#0	0
548	Q0	115913#3	0
548	Q0	1170364#0	0
548	Q0	614974#13	0
548	Q0	1161837#0	0
548	Q0	614974#8	0
549	Q0	3217#8	1
549	Q0	1313647#1	1
549	Q0	1166882#2	1
549	Q0	11017#64	0
549	Q0	11017#8	0
549	Q0	74134#18	0
549	Q0	4953#7	0
549	Q0	616072#3	0
549	Q0	843321#6	0
549	Q0	12842#10	0
549	Q0	74134#0	0
549	Q0	11017#23	0
556	Q0	33602#1	1
556	Q0	215225#1	1
556	Q0	931957#0	1
556	Q0	33602#0	0
556	Q0	34067#0	0
556	Q0	33602#3	0
556	Q0	36266#2	0
556	Q0	417604#0	0
556	Q0	639020#0	0
556	Q0	351698#0	0
556	Q0	564713#1	0
556	Q0	619235#0	0
556	Q0	12464#33	0
560	Q0	1194106#2	1
560	Q0	940685#1	1
560	Q0	7629#0	1
560	Q0	7629#37	1
560	Q0	7629#24	1
560	Q0	47409#15	1
560	Q0	38187#1	0
560	Q0	7629#28	0
560	Q0	7629#33	0
560	Q0	22912#48	0
560	Q0	7629#4	0
560	Q0	117687#34	0
560	Q0	11293#17	0
560	Q0	7629#75	0
560	Q0	7629#21	0
560	Q0	577765#3	0
562	Q0	11018#0	1
562	Q0	68578#20	1
562	Q0	6385#3	0
562	Q0	2052494#3	0
562	Q0	2379190#0	0
562	Q0	585224#0	0
562	Q0	2376066#0	0
562	Q0	2376047#0	0
562	Q0	2335211#0	0
562	Q0	2376042#0	0
562	Q0	2379192#0	0
562	Q0	2376044#0	0
562	Q0	138872#0	0
562	Q0	2379183#0	0
562	Q0	11022#0	0
562	Q0	6385#0	0
562	Q0	2379179#0	0
562	Q0	2379172#0	0
563	Q0	188435#0	1
563	Q0	188751#0	1
563	Q0	160085#0	1
563	Q0	188445#0	1
563	Q0	473497#0	1
563	Q0	38175#106	0
563	Q0	193971#0	0
563	Q0	203571#0	0
563	Q0	187651#0	0
563	Q0	587280#22	0
563	Q0	160091#0	0
563	Q0	119516#1	0
563	Q0	204575#0	0
563	Q0	193899#0	0
563	Q0	160093#0	0
565	Q0	7256#0	1
565	Q0	2419#103	1
565	Q0	1451854#16	0
565	Q0	1331575#4	0
565	Q0	61504#73	0
565	Q0	146353#17	0
565	Q0	304700#7	0
565	Q0	1919700#0	0
565	Q0	772624#1	0
565	Q0	1448916#0	0
565	Q0	1107396#0	0
565	Q0	611904#4	0
565	Q0	224445#7	0
565	Q0	224842#4	0
565	Q0	71167#3	0
565	Q0	939771#10	0
565	Q0	396239#1	0
565	Q0	401582#0	0
565	Q0	216123#216	0
567	Q0	422286#1	1
567	Q0	358763#1	1
567	Q0	735758#0	1
567	Q0	735780#0	1
567	Q0	9266#1	0
567	Q0	86460#0	0
567	Q0	9266#0	0
567	Q0	1591514#0	0
567	Q0	1626326#0	0
567	Q0	1626308#0	0
567	Q0	340496#0	0
567	Q0	344996#0	0
567	Q0	47978#0	0
567	Q0	340496#1	0
567	Q0	47978#2	0
567	Q0	9266#24	0
568	Q0	422350#1	1
568	Q0	38106#2	0
568	Q0	997500#4	0
568	Q0	15698#81	0
568	Q0	705398#4	0
568	Q0	997500#5	0
568	Q0	997500#6	0
568	Q0	997500#1	0
568	Q0	422350#3	0
568	Q0	45794#1	0
568	Q0	422350#4	0
568	Q0	759593#44	0
568	Q0	218509#0	0
569	Q0	121613#0	1
569	Q0	40960#0	1
569	Q0	40960#67	0
569	Q0	82210#17	0
569	Q0	90200#10	0
569	Q0	188400#1	0
569	Q0	620218#7	0
569	Q0	40960#41	0
569	Q0	3222#14	0
569	Q0	1160588#8	0
569	Q0	121613#18	0
569	Q0	162004#17	0
569	Q0	620218#17	0
569	Q0	609533#1	0
569	Q0	40960#2	0
569	Q0	342679#2	0
571	Q0	85#53	1
571	Q0	34#0	1
571	Q0	85#87	0
571	Q0	85#126	0
571	Q0	415162#36	0
571	Q0	939768#21	0
571	Q0	85#187	0
571	Q0	964368#8	0
571	Q0	85#186	0
571	Q0	85#122	0
571	Q0	85#163	0
571	Q0	12471#10	0
571	Q0	203162#21	0
571	Q0	12603#12	0
572	Q0	3720#1	1
572	Q0	204596#2	1
572	Q0	3727#6	0
572	Q0	171865#0	0
572	Q0	151097#11	0
572	Q0	48072#0	0
572	Q0	48086#0	0
572	Q0	3727#2	0
572	Q0	48086#3	0
572	Q0	3727#13	0
572	Q0	48086#4	0
572	Q0	66626#1	0
572	Q0	1760441#2	0
572	Q0	3727#14	0
572	Q0	3727#9	0
572	Q0	3728#1	0
576	Q0	3228#17	1
576	Q0	2870#0	1
576	Q0	11767#0	1
576	Q0	2870#1	1
576	Q0	180362#0	0
576	Q0	832969#0	0
576	Q0	11769#0	0
576	Q0	768153#0	0
576	Q0	83649#26	0
576	Q0	1925813#48	0
576	Q0	40056#1	0
576	Q0	1831015#1	0
576	Q0	44831#0	0
576	Q0	965424#0	0
576	Q0	1062542#0	0
576	Q0	303518#0	0
576	Q0	1881881#0	0
576	Q0	569971#2	0
577	Q0	932525#4	1
577	Q0	526452#3	0
577	Q0	259001#0	0
577	Q0	1612949#0	0
577	Q0	209915#4	0
577	Q0	1478434#0	0
577	Q0	56810#1	0
577	Q0	932525#25	0
577	Q0	603259#1	0
577	Q0	559550#1	0
577	Q0	1822395#3	0
577	Q0	1822395#4	0
577	Q0	1822395#0	0
577	Q0	932525#16	0
577	Q0	1822395#2	0
577	Q0	550990#3	0
577	Q0	932525#15	0
580	Q0	523125#0	1
580	Q0	9272#7	0
580	Q0	1728248#0	0
580	Q0	1728248#3	0
580	Q0	70739#0	0
580	Q0	48085#0	0
580	Q0	661232#3	0
580	Q0	9272#1	0
580	Q0	48085#6	0
580	Q0	292194#1	0
580	Q0	522111#0	0
580	Q0	9272#0	0
581	Q0	9042#1	1
581	Q0	95494#3	0
581	Q0	324578#0	0
581	Q0	324752#0	0
581	Q0	155297#7	0
581	Q0	780040#32	0
581	Q0	116853#32	0
581	Q0	324659#0	0
581	Q0	155297#8	0
581	Q0	1014651#0	0
581	Q0	601354#0	0
581	Q0	241972#0	0
582	Q0	56412#1	1
582	Q0	34057#0	1
582	Q0	56412#15	1
582	Q0	1002896#1	0
582	Q0	216959#8	0
582	Q0	7210#5	0
582	Q0	34057#2	0
582	Q0	52187#67	0
582	Q0	1219786#2	0
582	Q0	34057#14	0
582	Q0	15791#0	0
582	Q0	34057#16	0
582	Q0	216959#0	0
582	Q0	385721#49	0
583	Q0	33082#0	1
583	Q0	14827#16	1
583	Q0	10822#1	0
583	Q0	963298#3	0
583	Q0	95490#8	0
583	Q0	10822#0	0
583	Q0	22033#3	0
583	Q0	200926#1	0
583	Q0	14827#9	0
583	Q0	295888#2	0
583	Q0	97808#5	0
583	Q0	14827#10	0
583	Q0	1449712#1	0
583	Q0	1916945#1	0
585	Q0	4211#0	1
585	Q0	351550#0	1
585	Q0	46355#1	1
585	Q0	4211#1	0
585	Q0	4211#5	0
585	Q0	26665#6	0
585	Q0	6670#4	0
585	Q0	1458848#1	0
585	Q0	135245#1	0
585	Q0	4211#3	0
585	Q0	415#5	0
585	Q0	3222#7	0
585	Q0	1606696#1	0
587	Q0	417457#0	1
587	Q0	707#0	0
587	Q0	1593200#0	0
587	Q0	305595#1	0
587	Q0	52138#14	0
587	Q0	1936366#0	0
587	Q0	490937#1	0
587	Q0	497932#1	0
587	Q0	558686#0	0
587	Q0	40056#1	0
587	Q0	40656#2	0
587	Q0	810107#7	0
587	Q0	810107#5	0
587	Q0	1757312#0	0
588	Q0	13306#1	1
588	Q0	8361#7	0
588	Q0	13306#36	0
588	Q0	13306#7	0
588	Q0	13306#31	0
588	Q0	13306#19	0
588	Q0	13178#40	0
588	Q0	13306#2	0
588	Q0	31258#31	0
588	Q0	102115#5	0
588	Q0	13306#22	0
588	Q0	8361#37	0
588	Q0	102115#16	0
588	Q0	13306#33	0
588	Q0	8361#66	0
589	Q0	54161#0	1
589	Q0	210142#0	0
589	Q0	54161#1	0
589	Q0	2379763#0	0
589	Q0	65567#0	0
589	Q0	2379756#0	0
589	Q0	475808#0	0
589	Q0	1599010#0	0
589	Q0	654708#0	0
589	Q0	2379762#0	0
589	Q0	1726083#0	0
589	Q0	587205#3	0
589	Q0	277724#5	0
589	Q0	277724#2	0
589	Q0	1439362#0	0
590	Q0	39890#0	1
590	Q0	41243#4	0
590	Q0	39890#7	0
590	Q0	41243#0	0
590	Q0	39890#10	0
590	Q0	39890#5	0
590	Q0	261408#2	0
590	Q0	126292#1	0
590	Q0	39890#9	0
590	Q0	39890#13	0
590	Q0	39890#4	0
590	Q0	41243#9	0
592	Q0	88382#0	1
592	Q0	56412#24	1
592	Q0	44675#29	1
592	Q0	88382#3	0
592	Q0	1650521#3	0
592	Q0	93539#3	0
592	Q0	1504077#1	0
592	Q0	93539#11	0
592	Q0	1844931#1	0
592	Q0	44675#30	0
592	Q0	35370#9	0
592	Q0	35370#141	0
592	Q0	106869#25	0
592	Q0	269894#13	0
592	Q0	2531#4	0
592	Q0	836246#8	0
592	Q0	995930#1	0
593	Q0	180706#14	1
593	Q0	10185#29	1
593	Q0	180706#8	1
593	Q0	304917#1	1
593	Q0	10185#1	1
593	Q0	46242#3	0
593	Q0	293187#6	0
593	Q0	305382#70	0
593	Q0	10185#22	0
593	Q0	177182#11	0
593	Q0	95794#9	0
593	Q0	180706#12	0
593	Q0	10185#21	0
593	Q0	304917#2	0
593	Q0	10185#5	0
594	Q0	7080#0	1
594	Q0	721369#1	1
594	Q0	7080#3	0
594	Q0	267279#11	0
594	Q0	777730#2	0
594	Q0	156277#6	0
594	Q0	251984#0	0
594	Q0	5262#21	0
594	Q0	122372#2	0
594	Q0	35222#2	0
594	Q0	617041#7	0
594	Q0	23082#2	0
594	Q0	5106#35	0
594	Q0	7080#12	0
594	Q0	125877#6	0
594	Q0	267279#5	0
595	Q0	2909#0	1
595	Q0	1281506#1	0
595	Q0	2909#6	0
595	Q0	2909#11	0
595	Q0	1501334#1	0
595	Q0	1923921#0	0
595	Q0	348804#1	0
595	Q0	54149#1	0
595	Q0	827535#0	0
595	Q0	474836#3	0
595	Q0	46168#0	0
595	Q0	512205#1	0
595	Q0	1809715#1	0
595	Q0	838211#1	0
595	Q0	90024#2	0
599	Q0	68568#1	1
599	Q0	3456#1	1
599	Q0	3456#7	0
599	Q0	1079307#9	0
599	Q0	3456#3	0
599	Q0	1304302#6	0
599	Q0	3456#5	0
599	Q0	716329#5	0
599	Q0	517434#7	0
599	Q0	1304302#11	0
599	Q0	1036618#29	0
599	Q0	1304302#4	0
599	Q0	1304302#1	0
599	Q0	318768#5	0
599	Q0	68568#3	0
600	Q0	58736#0	1
600	Q0	201936#2	0
600	Q0	82842#24	0
600	Q0	288487#5	0
600	Q0	128065#0	0
600	Q0	263952#172	0
600	Q0	8701#20	0
600	Q0	58736#2	0
600	Q0	269345#5	0
600	Q0	771075#1	0
600	Q0	211662#1	0
600	Q0	1420758#2	0
600	Q0	171556#2	0
600	Q0	225916#3	0
600	Q0	283426#1	0
600	Q0	173701#0	0
600	Q0	271498#0	0
602	Q0	37742#0	1
602	Q0	37742#2	1
602	Q0	103382#0	0
602	Q0	1940469#1	0
602	Q0	95892#11	0
602	Q0	93439#14	0
602	Q0	1919700#0	0
602	Q0	117973#7	0
602	Q0	306790#62	0
602	Q0	1317786#4	0
602	Q0	117973#2	0
602	Q0	1504172#1	0
602	Q0	1655315#0	0
602	Q0	1357062#0	0
602	Q0	339551#0	0
603	Q0	232951#13	1
603	Q0	232951#22	0
603	Q0	232951#25	0
603	Q0	232951#15	0
603	Q0	232951#14	0
603	Q0	232951#21	0
603	Q0	232951#3	0
603	Q0	232951#17	0
603	Q0	232951#24	0
603	Q0	232951#11	0
603	Q0	232951#9	0
603	Q0	232951#23	0
603	Q0	232951#6	0
604	Q0	6288#0	1
604	Q0	6608#8	0
604	Q0	11027#0	0
604	Q0	6385#6	0
604	Q0	6319#0	0
604	Q0	11023#0	0
604	Q0	11021#0	0
604	Q0	11097#0	0
604	Q0	11019#0	0
604	Q0	1071329#60	0
604	Q0	6547#0	0
604	Q0	11018#0	0
605	Q0	15864#1	1
605	Q0	403050#1	1
605	Q0	40969#0	1
605	Q0	40969#1	1
605	Q0	40972#0	0
605	Q0	136597#0	0
605	Q0	10758#0	0
605	Q0	12304#2	0
605	Q0	1428253#0	0
605	Q0	500879#0	0
605	Q0	617288#1	0
605	Q0	40977#1	0
605	Q0	278814#0	0
605	Q0	40977#0	0
605	Q0	278810#0	0
605	Q0	1988954#0	0
607	Q0	30423#1	1
607	Q0	73#2	1
607	Q0	1925813#6	0
607	Q0	487672#26	0
607	Q0	1095409#0	0
607	Q0	1178640#0	0
607	Q0	1350604#0	0
607	Q0	757678#0	0
607	Q0	1919700#0	0
607	Q0	1630967#1	0
607	Q0	194568#1	0
607	Q0	176680#4	0
607	Q0	2681#0	0
607	Q0	1647424#0	0
607	Q0	2681#2	0
607	Q0	2681#3	0
607	Q0	989672#0	0
607	Q0	466234#0	0
607	Q0	617241#5	0
607	Q0	15123#1	0
609	Q0	7567#15	1
609	Q0	7567#2	1
609	Q0	7567#0	1
609	Q0	64419#2	0
609	Q0	725949#1	0
609	Q0	348857#0	0
609	Q0	137780#1	0
609	Q0	235885#0	0
609	Q0	40056#1	0
609	Q0	596979#3	0
609	Q0	253235#1	0
609	Q0	504060#4	0
609	Q0	7567#20	0
609	Q0	295877#0	0
609	Q0	323600#0	0
609	Q0	1435175#0	0
610	Q0	194034#0	1
610	Q0	194034#20	0
610	Q0	1455#12	0
610	Q0	177550#5	0
610	Q0	1455#3	0
610	Q0	1343298#0	0
610	Q0	1240891#0	0
610	Q0	894396#4	0
610	Q0	1256398#3	0
610	Q0	55860#1	0
610	Q0	1255740#0	0
610	Q0	1455#2	0
610	Q0	207518#5	0
610	Q0	1453#72	0
610	Q0	1455#5	0
610	Q0	63387#2	0
611	Q0	600556#0	1
611	Q0	412174#0	1
611	Q0	1121340#0	1
611	Q0	100219#9	1
611	Q0	1617240#1	1
611	Q0	844132#2	1
611	Q0	1367013#0	1
611	Q0	823#25	1
611	Q0	14236#0	1
611	Q0	14236#2	1
611	Q0	600556#5	0
611	Q0	956164#0	0
611	Q0	1353915#0	0
611	Q0	1367000#0	0
614	Q0	603707#2	1
614	Q0	77178#1	0
614	Q0	20840#1	0
614	Q0	39728#1	0
614	Q0	174381#1	0
614	Q0	579259#2	0
614	Q0	572087#2	0
614	Q0	95892#11	0
614	Q0	603707#0	0
614	Q0	221530#2	0
614	Q0	6214#1	0
614	Q0	186235#3	0
614	Q0	294660#1	0
614	Q0	156314#12	0
614	Q0	6214#0	0
614	Q0	1504544#0	0
615	Q0	12510#2	1
615	Q0	10897#0	0
615	Q0	108366#0	0
615	Q0	12510#46	0
615	Q0	13178#26	0
615	Q0	10897#18	0
615	Q0	656885#2	0
615	Q0	12510#47	0
615	Q0	1794161#8	0
615	Q0	70470#4	0
615	Q0	1867841#38	0
615	Q0	113385#7	0
615	Q0	961756#29	0
615	Q0	31148#50	0
617	Q0	47776#0	1
617	Q0	210096#0	0
617	Q0	72555#3	0
617	Q0	47776#2	0
617	Q0	47776#1	0
617	Q0	210096#30	0
617	Q0	47776#9	0
617	Q0	207367#0	0
617	Q0	210096#11	0
617	Q0	47776#4	0
617	Q0	210096#2	0
617	Q0	47776#5	0
617	Q0	47776#16	0
618	Q0	5189#4	1
618	Q0	5189#77	0
618	Q0	5189#47	0
618	Q0	960968#0	0
618	Q0	218360#14	0
618	Q0	6587#75	0
618	Q0	515164#1	0
618	Q0	103967#2	0
618	Q0	218360#25	0
618	Q0	218360#3	0
618	Q0	5189#83	0
618	Q0	1406272#8	0
618	Q0	201407#1	0
618	Q0	5189#89	0
618	Q0	104585#17	0
618	Q0	5189#96	0
618	Q0	203162#22	0
618	Q0	235958#2	0
619	Q0	490143#0	1
619	Q0	282910#0	0
619	Q0	771075#1	0
619	Q0	1742212#0	0
619	Q0	987704#2	0
619	Q0	606015#14	0
619	Q0	606015#15	0
619	Q0	7106#0	0
619	Q0	431222#1	0
619	Q0	151651#0	0
619	Q0	55593#39	0
619	Q0	606015#8	0
619	Q0	6755#0	0
619	Q0	606015#10	0
619	Q0	209450#1	0
619	Q0	209450#12	0
619	Q0	2039216#1	0
620	Q0	34262#0	1
620	Q0	23391#21	1
620	Q0	1461012#0	0
620	Q0	780830#5	0
620	Q0	1121831#2	0
620	Q0	780830#7	0
620	Q0	34262#15	0
620	Q0	780830#4	0
620	Q0	198107#23	0
620	Q0	1236187#0	0
620	Q0	114136#4	0
620	Q0	34262#2	0
620	Q0	1674168#2	0
621	Q0	6476#37	1
621	Q0	661482#58	1
621	Q0	6476#66	1
621	Q0	3587#2	1
621	Q0	661482#57	0
621	Q0	6476#36	0
621	Q0	6476#19	0
621	Q0	6476#84	0
621	Q0	6476#16	0
621	Q0	6476#0	0
621	Q0	6476#14	0
621	Q0	661482#18	0
621	Q0	661482#56	0
622	Q0	587672#7	1
622	Q0	528602#0	1
622	Q0	7686#5	1
622	Q0	3765#4	0
622	Q0	587672#2	0
622	Q0	163004#8	0
622	Q0	71212#37	0
622	Q0	142378#1	0
622	Q0	89190#1	0
622	Q0	587672#5	0
622	Q0	406783#1	0
622	Q0	7686#10	0
622	Q0	7686#9	0
622	Q0	142378#4	0
622	Q0	71212#0	0
623	Q0	67467#1	1
623	Q0	9801#1	0
623	Q0	637084#1	0
623	Q0	128660#5	0
623	Q0	72978#1	0
623	Q0	948206#2	0
623	Q0	486346#1	0
623	Q0	158112#1	0
623	Q0	980514#50	0
623	Q0	115257#2	0
623	Q0	229674#2	0
623	Q0	115257#0	0
623	Q0	34709#27	0
623	Q0	1641909#6	0
623	Q0	773853#1	0
626	Q0	450446#1	1
626	Q0	472061#15	0
626	Q0	678598#1	0
626	Q0	472061#0	0
626	Q0	472061#1	0
626	Q0	678598#0	0
626	Q0	472061#3	0
626	Q0	678598#4	0
626	Q0	450446#2	0
626	Q0	450446#17	0
626	Q0	668392#2	0
626	Q0	12424#1	0
627	Q0	100956#4	1
627	Q0	137184#1	0
627	Q0	137184#6	0
627	Q0	32395#2	0
627	Q0	35443#0	0
627	Q0	188871#0	0
627	Q0	137184#8	0
627	Q0	35443#1	0
627	Q0	100956#0	0
627	Q0	31756#2	0
627	Q0	241789#8	0
627	Q0	137184#17	0
628	Q0	2205#0	1
628	Q0	299164#1	1
628	Q0	345672#0	0
628	Q0	129520#0	0
628	Q0	499888#0	0
628	Q0	52138#14	0
628	Q0	113623#3	0
628	Q0	343362#0	0
628	Q0	293939#0	0
628	Q0	127466#13	0
628	Q0	305595#0	0
628	Q0	240795#0	0
628	Q0	351407#0	0
628	Q0	2467#2	0
628	Q0	354657#0	0
628	Q0	240786#0	0
632	Q0	2283152#0	1
632	Q0	882259#0	0
632	Q0	80038#4	0
632	Q0	80038#1	0
632	Q0	413122#3	0
632	Q0	80038#6	0
632	Q0	1646067#3	0
632	Q0	934089#0	0
632	Q0	372743#1	0
632	Q0	413122#2	0
632	Q0	1877222#14	0
632	Q0	423539#4	0
632	Q0	508838#0	0
632	Q0	54419#1	0
632	Q0	54419#0	0
633	Q0	893802#0	1
633	Q0	34519#2	1
633	Q0	350908#0	0
633	Q0	307322#15	0
633	Q0	34519#1	0
633	Q0	134040#0	0
633	Q0	936571#19	0
633	Q0	652933#6	0
633	Q0	1992953#0	0
633	Q0	885245#0	0
633	Q0	246365#8	0
633	Q0	134040#1	0
633	Q0	893802#31	0
633	Q0	38836#1	0
633	Q0	115858#1	0
633	Q0	950887#4	0
633	Q0	293760#1	0
633	Q0	34519#0	0
637	Q0	31101#3	1
637	Q0	31101#22	0
637	Q0	31101#23	0
637	Q0	31101#5	0
637	Q0	771279#1	0
637	Q0	538716#3	0
637	Q0	31101#19	0
637	Q0	31101#27	0
637	Q0	31101#34	0
637	Q0	31101#21	0
637	Q0	771279#5	0
637	Q0	771279#4	0
637	Q0	31101#20	0
637	Q0	3724#63	0
637	Q0	31101#4	0
638	Q0	7757#0	1
638	Q0	11772#0	1
638	Q0	864181#0	1
638	Q0	50672#16	1
638	Q0	2467#1	1
638	Q0	848402#1	0
638	Q0	1059438#0	0
638	Q0	7757#28	0
638	Q0	936446#0	0
638	Q0	1656902#19	0
638	Q0	273976#0	0
638	Q0	1352118#0	0
638	Q0	685877#0	0
638	Q0	1864777#11	0
638	Q0	55071#0	0
638	Q0	203299#43	0
640	Q0	754#11	1
640	Q0	1863#3	0
640	Q0	56980#5	0
640	Q0	66693#8	0
640	Q0	105386#1	0
640	Q0	11361#9	0
640	Q0	1863#1	0
640	Q0	1863#0	0
640	Q0	672181#0	0
640	Q0	960374#35	0
640	Q0	14046#9	0
640	Q0	1863#2	0
640	Q0	14281#23	0
640	Q0	1863#6	0
641	Q0	50405#1	1
641	Q0	149475#2	0
641	Q0	560289#0	0
641	Q0	50405#2	0
641	Q0	23490#179	0
641	Q0	1068301#0	0
641	Q0	138286#2	0
641	Q0	149475#11	0
641	Q0	138204#0	0
641	Q0	2385912#1	0
641	Q0	50405#6	0
641	Q0	478434#5	0
641	Q0	139722#11	0
641	Q0	639352#0	0
643	Q0	32462#1	1
643	Q0	42774#0	1
643	Q0	42774#2	0
643	Q0	858301#0	0
643	Q0	440117#0	0
643	Q0	32375#0	0
643	Q0	32375#11	0
643	Q0	857709#0	0
643	Q0	60510#0	0
643	Q0	182991#0	0
643	Q0	915425#0	0
643	Q0	172388#0	0
643	Q0	261102#0	0
643	Q0	524609#2	0
643	Q0	857874#0	0
645	Q0	760540#1	1
645	Q0	1435956#1	0
645	Q0	279151#0	0
645	Q0	33993#3	0
645	Q0	1153282#71	0
645	Q0	83649#59	0
645	Q0	1435956#0	0
645	Q0	83649#67	0
645	Q0	83649#66	0
645	Q0	127392#5	0
645	Q0	11245#0	0
645	Q0	177266#17	0
645	Q0	83649#46	0
645	Q0	138868#4	0
648	Q0	388170#2	1
648	Q0	260722#6	1
648	Q0	9446#23	1
648	Q0	918378#6	1
648	Q0	412810#0	0
648	Q0	5597#3	0
648	Q0	28256#10	0
648	Q0	625557#53	0
648	Q0	867150#7	0
648	Q0	1318413#0	0
648	Q0	68933#2	0
648	Q0	39645#29	0
648	Q0	172250#14	0
648	Q0	68933#1	0
648	Q0	68933#7	0
648	Q0	68933#5	0
649	Q0	482939#0	1
649	Q0	482939#19	0
649	Q0	482939#16	0
649	Q0	482939#22	0
649	Q0	482939#1	0
649	Q0	482939#4	0
649	Q0	482939#28	0
649	Q0	482939#3	0
649	Q0	482939#17	0
649	Q0	482939#26	0
649	Q0	482939#18	0
649	Q0	482939#25	0
649	Q0	482939#14	0
650	Q0	1105720#4	1
650	Q0	278059#1	0
650	Q0	217744#0	0
650	Q0	586381#8	0
650	Q0	1049875#16	0
650	Q0	277643#2	0
650	Q0	384063#5	0
650	Q0	384063#6	0
650	Q0	383641#0	0
650	Q0	586381#10	0
650	Q0	380026#13	0
650	Q0	137382#20	0
650	Q0	385417#4	0
650	Q0	380133#1	0
651	Q0	72789#0	1
651	Q0	72789#18	1
651	Q0	72789#15	0
651	Q0	504041#2	0
651	Q0	82978#17	0
651	Q0	176765#2	0
651	Q0	82978#8	0
651	Q0	189854#2	0
651	Q0	82978#21	0
651	Q0	72789#16	0
651	Q0	5904#35	0
651	Q0	72789#17	0
651	Q0	6147#7	0
651	Q0	504041#1	0
654	Q0	12012#0	1
654	Q0	56412#2	1
654	Q0	57512#0	1
654	Q0	40336#4	1
654	Q0	95091#0	1
654	Q0	954511#0	0
654	Q0	1240891#0	0
654	Q0	118561#0	0
654	Q0	207596#1	0
654	Q0	1874282#0	0
654	Q0	553743#0	0
654	Q0	420381#0	0
654	Q0	1800217#0	0
654	Q0	608717#0	0
654	Q0	52187#107	0
654	Q0	1673648#0	0
654	Q0	570276#0	0
654	Q0	21789#3	0
658	Q0	279757#1	1
658	Q0	330999#2	0
658	Q0	11024#12	0
658	Q0	11024#17	0
658	Q0	835344#2	0
658	Q0	11024#19	0
658	Q0	67129#25	0
658	Q0	11024#15	0
658	Q0	973972#6	0
658	Q0	6288#14	0
658	Q0	11024#2	0
658	Q0	843462#1	0
658	Q0	313603#53	0
658	Q0	1071329#24	0
658	Q0	11024#24	0
658	Q0	1071329#7	0
660	Q0	754#11	1
660	Q0	1863#0	1
660	Q0	44831#0	0
660	Q0	370559#2	0
660	Q0	504907#1	0
660	Q0	207596#1	0
660	Q0	40656#2	0
660	Q0	52138#14	0
660	Q0	507996#2	0
660	Q0	1747233#1	0
660	Q0	490937#1	0
660	Q0	692082#0	0
660	Q0	14281#23	0
660	Q0	885170#0	0
660	Q0	939609#0	0
660	Q0	1731627#13	0
660	Q0	1352118#0	0
664	Q0	76234#0	1
664	Q0	76234#1	0
664	Q0	8395#27	0
664	Q0	75441#11	0
664	Q0	5597#2	0
664	Q0	75441#14	0
664	Q0	75441#27	0
664	Q0	8394#32	0
664	Q0	76234#7	0
664	Q0	75441#22	0
664	Q0	389350#13	0
664	Q0	389350#23	0
664	Q0	76234#4	0
664	Q0	76234#2	0
664	Q0	75441#29	0
665	Q0	255735#10	1
665	Q0	32397#8	0
665	Q0	255735#8	0
665	Q0	32395#7	0
665	Q0	12799#15	0
665	Q0	4953#16	0
665	Q0	32397#0	0
665	Q0	32397#6	0
665	Q0	32397#1	0
665	Q0	32395#6	0
665	Q0	32397#2	0
665	Q0	12799#16	0
667	Q0	4872#0	1
667	Q0	288301#0	0
667	Q0	419969#10	0
667	Q0	729355#0	0
667	Q0	729353#0	0
667	Q0	288301#2	0
667	Q0	290560#0	0
667	Q0	313109#0	0
667	Q0	4872#10	0
667	Q0	288648#4	0
667	Q0	288301#1	0
667	Q0	4870#2	0
668	Q0	33993#34	1
668	Q0	83649#59	0
668	Q0	33993#3	0
668	Q0	1726236#3	0
668	Q0	410319#14	0
668	Q0	86870#10	0
668	Q0	85036#48	0
668	Q0	1766241#4	0
668	Q0	11245#0	0
668	Q0	1435956#1	0
668	Q0	177266#17	0
668	Q0	138868#4	0
668	Q0	337566#9	0
668	Q0	85036#49	0
668	Q0	1325803#2	0
669	Q0	1409#3	1
669	Q0	77#0	1
669	Q0	130833#1	0
669	Q0	1407#17	0
669	Q0	1409#6	0
669	Q0	130833#2	0
669	Q0	101857#0	0
669	Q0	574445#0	0
669	Q0	204721#2	0
669	Q0	1331371#1	0
669	Q0	1230100#6	0
669	Q0	433#23	0
669	Q0	1409#5	0
669	Q0	19940#11	0
669	Q0	330457#10	0
669	Q0	1987274#9	0
670	Q0	99775#5	1
670	Q0	64453#0	1
670	Q0	64453#3	1
670	Q0	99775#0	1
670	Q0	1220831#0	1
670	Q0	99775#13	1
670	Q0	64453#1	0
670	Q0	70650#0	0
670	Q0	99775#20	0
670	Q0	53323#3	0
670	Q0	1890099#1	0
670	Q0	74054#6	0
671	Q0	10232#21	1
671	Q0	10232#19	1
671	Q0	50047#0	1
671	Q0	11406#0	1
671	Q0	10232#20	0
671	Q0	1280854#2	0
671	Q0	80215#17	0
671	Q0	10232#23	0
671	Q0	10011#54	0
671	Q0	49817#0	0
671	Q0	10232#2	0
671	Q0	11333#0	0
671	Q0	27004#1	0
672	Q0	2337#0	1
672	Q0	11521#24	1
672	Q0	2337#117	0
672	Q0	2305952#22	0
672	Q0	19974#1	0
672	Q0	2337#84	0
672	Q0	19974#13	0
672	Q0	221926#13	0
672	Q0	2337#190	0
672	Q0	2337#121	0
672	Q0	1787019#25	0
672	Q0	2337#99	0
672	Q0	228238#6	0
672	Q0	2337#151	0
672	Q0	1073248#8	0
673	Q0	148747#1	1
673	Q0	7915#5	0
673	Q0	148747#3	0
673	Q0	1299710#1	0
673	Q0	742441#0	0
673	Q0	589584#8	0
673	Q0	1143302#1	0
673	Q0	894239#0	0
673	Q0	1143302#3	0
673	Q0	6366#14	0
673	Q0	79101#6	0
673	Q0	106359#2	0
673	Q0	260740#3	0
673	Q0	268003#4	0
673	Q0	124861#3	0
673	Q0	268003#6	0
673	Q0	1919390#1	0
673	Q0	894239#1	0
674	Q0	30393#4	1
674	Q0	30393#6	0
674	Q0	496768#1	0
674	Q0	30393#24	0
674	Q0	905629#0	0
674	Q0	30393#25	0
674	Q0	967835#0	0
674	Q0	527599#1	0
674	Q0	30393#0	0
674	Q0	30393#15	0
674	Q0	932319#1	0
674	Q0	30393#8	0
674	Q0	1505121#2	0
676	Q0	767502#0	1
676	Q0	258462#2	0
676	Q0	764107#1	0
676	Q0	764107#2	0
676	Q0	764105#0	0
676	Q0	91279#0	0
676	Q0	1965696#0	0
676	Q0	764107#3	0
676	Q0	1734380#0	0
676	Q0	258462#3	0
676	Q0	49571#1	0
676	Q0	319300#1	0
676	Q0	49571#2	0
678	Q0	114356#37	1
678	Q0	762#5	0
678	Q0	10108#1	0
678	Q0	1671047#0	0
678	Q0	1031490#1	0
678	Q0	114356#1	0
678	Q0	178852#7	0
678	Q0	86722#5	0
678	Q0	1390384#3	0
678	Q0	604134#4	0
678	Q0	14651#1	0
678	Q0	1744704#0	0
678	Q0	941045#12	0
678	Q0	136062#6	0
678	Q0	787425#0	0
678	Q0	1744704#2	0
678	Q0	136062#4	0
678	Q0	941045#9	0
678	Q0	389164#0	0
680	Q0	43898#10	1
680	Q0	844639#18	0
680	Q0	951463#3	0
680	Q0	951476#3	0
680	Q0	34670#4	0
680	Q0	962003#1	0
680	Q0	115003#3	0
680	Q0	908860#4	0
680	Q0	807#10	0
680	Q0	951350#3	0
680	Q0	151282#4	0
680	Q0	885081#2	0
680	Q0	2276764#3	0
680	Q0	1714087#4	0
680	Q0	136803#15	0
680	Q0	303317#7	0
680	Q0	1047923#3	0
683	Q0	95069#3	1
683	Q0	76656#9	1
683	Q0	901702#1	0
683	Q0	1845937#1	0
683	Q0	95068#0	0
683	Q0	460692#1	0
683	Q0	659820#30	0
683	Q0	4989#30	0
683	Q0	7567#11	0
683	Q0	240486#1	0
683	Q0	1442564#1	0
683	Q0	95069#0	0
683	Q0	9168#12	0
683	Q0	2029540#1	0
683	Q0	13750#2	0
685	Q0	13231#2	1
685	Q0	8394#73	0
685	Q0	110773#0	0
685	Q0	74219#15	0
685	Q0	106771#2	0
685	Q0	277190#2	0
685	Q0	10066#3	0
685	Q0	218213#0	0
685	Q0	1237674#1	0
685	Q0	306790#28	0
685	Q0	1817936#3	0
685	Q0	8394#74	0
685	Q0	13427#77	0
685	Q0	785066#9	0
685	Q0	383040#26	0
685	Q0	14444#2	0
686	Q0	34738#4	1
686	Q0	34738#0	1
686	Q0	34738#3	1
686	Q0	34738#10	1
686	Q0	34738#2	0
686	Q0	34738#1	0
686	Q0	7064#11	0
686	Q0	52138#14	0
686	Q0	790885#0	0
686	Q0	253235#1	0
686	Q0	1366905#2	0
686	Q0	7064#0	0
686	Q0	1290753#0	0
686	Q0	1825660#0	0
687	Q0	37766#2	1
687	Q0	119734#24	1
687	Q0	119734#21	0
687	Q0	37766#0	0
687	Q0	37766#6	0
687	Q0	145153#1	0
687	Q0	37766#4	0
687	Q0	20675#10	0
687	Q0	45665#5	0
687	Q0	251960#0	0
687	Q0	37766#46	0
687	Q0	37766#80	0
687	Q0	37766#3	0
687	Q0	37766#89	0
687	Q0	37766#42	0
688	Q0	1852#28	1
688	Q0	408898#0	1
688	Q0	2399332#1	1
688	Q0	219284#4	1
688	Q0	10336#0	1
688	Q0	1009836#0	1
688	Q0	9203#0	0
688	Q0	10336#7	0
688	Q0	32377#53	0
688	Q0	920274#2	0
688	Q0	113659#7	0
688	Q0	936772#46	0
689	Q0	845318#22	1
689	Q0	39645#0	1
689	Q0	116551#9	1
689	Q0	39645#87	0
689	Q0	917095#47	0
689	Q0	39645#60	0
689	Q0	39645#36	0
689	Q0	702100#31	0
689	Q0	240463#78	0
689	Q0	965170#49	0
689	Q0	1734519#0	0
689	Q0	1300658#1	0
689	Q0	993646#3	0
689	Q0	970279#1	0
694	Q0	13747#0	1
694	Q0	501152#0	0
694	Q0	501123#0	0
694	Q0	501269#0	0
694	Q0	501278#0	0
694	Q0	501073#0	0
694	Q0	1389450#0	0
694	Q0	501101#0	0
694	Q0	501492#6	0
694	Q0	136099#7	0
694	Q0	1283842#12	0
694	Q0	237329#6	0
694	Q0	163276#2	0
694	Q0	115656#3	0
694	Q0	135946#0	0
696	Q0	633936#0	1
696	Q0	9828#0	1
696	Q0	688011#0	1
696	Q0	688627#0	1
696	Q0	687542#0	1
696	Q0	1321405#0	1
696	Q0	9828#22	1
696	Q0	46371#0	1
696	Q0	44831#0	0
696	Q0	9828#1	0
696	Q0	319778#2	0
696	Q0	9828#12	0
696	Q0	224522#0	0
696	Q0	1605572#0	0
696	Q0	208614#1	0
696	Q0	9828#11	0
699	Q0	7782#1	1
699	Q0	4982#27	1
699	Q0	7782#0	1
699	Q0	185861#8	1
699	Q0	4982#0	1
699	Q0	347485#1	1
699	Q0	470028#1	1
699	Q0	305382#64	1
699	Q0	34220#0	0
699	Q0	558524#1	0
699	Q0	2773#7	0
699	Q0	1855160#12	0
699	Q0	4982#28	0
703	Q0	634375#0	1
703	Q0	634375#9	0
703	Q0	634375#7	0
703	Q0	634375#6	0
703	Q0	634375#10	0
703	Q0	634375#5	0
703	Q0	634375#8	0
703	Q0	1252772#7	0
703	Q0	1484770#0	0
703	Q0	1252772#3	0
703	Q0	830019#1	0
703	Q0	168141#0	0
703	Q0	1972892#0	0
704	Q0	38952#17	1
704	Q0	941082#3	1
704	Q0	155512#2	1
704	Q0	155512#22	1
704	Q0	949451#2	1
704	Q0	38952#18	0
704	Q0	38952#4	0
704	Q0	38952#20	0
704	Q0	958217#0	0
704	Q0	155512#24	0
704	Q0	901152#25	0
705	Q0	60768#7	1
705	Q0	125202#5	1
705	Q0	1616128#2	1
705	Q0	861691#5	1
705	Q0	836348#0	1
705	Q0	2002#24	1
705	Q0	2002#21	1
705	Q0	12357#0	1
705	Q0	676734#0	1
705	Q0	12357#1	0
705	Q0	60768#12	0
705	Q0	1867419#5	0
705	Q0	60768#8	0
705	Q0	2002#2	0
706	Q0	273729#0	1
706	Q0	273729#7	0
706	Q0	273729#5	0
706	Q0	363003#1	0
706	Q0	363003#8	0
706	Q0	363003#12	0
706	Q0	363003#14	0
706	Q0	363193#0	0
706	Q0	363003#11	0
706	Q0	363003#5	0
706	Q0	363003#17	0
706	Q0	363003#6	0
706	Q0	363003#15	0
706	Q0	273729#23	0
707	Q0	82896#2	1
707	Q0	136956#1	0
707	Q0	601127#5	0
707	Q0	136956#2	0
707	Q0	706479#39	0
707	Q0	82896#25	0
707	Q0	337709#0	0
707	Q0	82896#26	0
707	Q0	276367#2	0
707	Q0	276531#0	0
707	Q0	276367#4	0
709	Q0	361302#0	1
709	Q0	30384#13	1
709	Q0	171275#32	0
709	Q0	95339#4	0
709	Q0	95339#0	0
709	Q0	269515#1	0
709	Q0	269515#0	0
709	Q0	451622#1	0
709	Q0	95339#2	0
709	Q0	1578260#0	0
709	Q0	361316#0	0
709	Q0	245046#0	0
710	Q0	71577#0	1
710	Q0	502492#0	1
710	Q0	502588#1	1
710	Q0	502575#0	1
710	Q0	502194#2	0
710	Q0	323430#0	0
710	Q0	503259#0	0
710	Q0	46963#0	0
710	Q0	579610#7	0
710	Q0	9280#0	0
710	Q0	504526#0	0
710	Q0	502607#0	0
710	Q0	9280#12	0
710	Q0	504703#0	0
710	Q0	502147#36	0
711	Q0	12510#9	1
711	Q0	325776#34	0
711	Q0	83140#0	0
711	Q0	325776#9	0
711	Q0	325776#28	0
711	Q0	325776#33	0
711	Q0	683372#2	0
711	Q0	325776#47	0
711	Q0	174319#3	0
711	Q0	12510#52	0
711	Q0	325776#0	0
711	Q0	14680#57	0
711	Q0	12510#1	0
712	Q0	1221397#0	1
712	Q0	869943#1	1
712	Q0	1602108#8	0
712	Q0	892981#0	0
712	Q0	1931841#1	0
712	Q0	1402162#2	0
712	Q0	1602032#3	0
712	Q0	1602032#0	0
712	Q0	1602032#1	0
712	Q0	1221397#8	0
712	Q0	92282#2	0
712	Q0	1835995#7	0
712	Q0	518656#5	0
712	Q0	1835995#5	0
712	Q0	730176#0	0
713	Q0	183800#0	1
713	Q0	183800#27	0
713	Q0	183800#40	0
713	Q0	183800#28	0
713	Q0	183800#39	0
713	Q0	183800#20	0
713	Q0	183753#0	0
713	Q0	183800#33	0
713	Q0	183800#3	0
713	Q0	183800#21	0
713	Q0	919668#1	0
713	Q0	183800#26	0
713	Q0	183800#2	0
713	Q0	2333272#0	0
715	Q0	120922#0	1
715	Q0	1850076#0	1
715	Q0	1720235#0	1
715	Q0	1850076#13	0
715	Q0	120922#17	0
715	Q0	118386#12	0
715	Q0	120922#4	0
715	Q0	120922#16	0
715	Q0	1728023#2	0
715	Q0	1727965#5	0
715	Q0	120922#12	0
715	Q0	1727647#0	0
715	Q0	120922#19	0
715	Q0	513383#8	0
715	Q0	1728023#4	0
717	Q0	301555#0	1
717	Q0	301555#12	0
717	Q0	301555#5	0
717	Q0	11499#46	0
717	Q0	304722#10	0
717	Q0	301555#9	0
717	Q0	301555#4	0
717	Q0	526459#0	0
717	Q0	301555#6	0
717	Q0	524874#0	0
717	Q0	304722#11	0
717	Q0	1130894#0	0
717	Q0	2005737#2	0
717	Q0	303357#7	0
717	Q0	530953#18	0
717	Q0	1277405#3	0
721	Q0	759949#0	1
721	Q0	760566#0	1
721	Q0	1375877#0	1
721	Q0	762580#0	1
721	Q0	760565#0	1
721	Q0	1834814#0	1
721	Q0	760571#0	1
721	Q0	1950682#0	1
721	Q0	2743#26	1
721	Q0	2742#0	1
721	Q0	2743#0	1
721	Q0	1446181#0	1
721	Q0	1612619#0	0
721	Q0	762498#0	0
722	Q0	34252#3	1
722	Q0	245405#1	1
722	Q0	41576#0	1
722	Q0	34252#79	0
722	Q0	34252#2	0
722	Q0	35359#0	0
722	Q0	41576#1	0
722	Q0	259561#4	0
722	Q0	38835#7	0
722	Q0	2031970#1	0
722	Q0	1310940#0	0
722	Q0	970521#19	0
722	Q0	408731#13	0
722	Q0	148194#3	0
723	Q0	10336#0	1
723	Q0	9203#0	0
723	Q0	155649#12	0
723	Q0	1777185#71	0
723	Q0	404630#34	0
723	Q0	567505#7	0
723	Q0	408898#0	0
723	Q0	395249#11	0
723	Q0	305925#35	0
723	Q0	1256497#0	0
723	Q0	1852#28	0
723	Q0	70827#9	0
723	Q0	573022#4	0
723	Q0	10336#1	0
723	Q0	240463#52	0
723	Q0	10336#7	0
724	Q0	6257#0	1
724	Q0	6257#17	0
724	Q0	93351#6	0
724	Q0	305228#5	0
724	Q0	5048#2	0
724	Q0	266795#10	0
724	Q0	6257#9	0
724	Q0	495#8	0
724	Q0	1713202#0	0
724	Q0	5106#2	0
724	Q0	313767#5	0
724	Q0	60562#3	0
724	Q0	6257#5	0
726	Q0	9826#0	1
726	Q0	256570#30	0
726	Q0	109005#20	0
726	Q0	506691#0	0
726	Q0	406179#0	0
726	Q0	684048#77	0
726	Q0	36044#0	0
726	Q0	1616414#0	0
726	Q0	684048#0	0
726	Q0	725017#0	0
726	Q0	239082#1	0
726	Q0	684048#2	0
726	Q0	687138#2	0
727	Q0	11512#0	1
727	Q0	253235#6	0
727	Q0	1990089#0	0
727	Q0	22738#33	0
727	Q0	189967#0	0
727	Q0	2376066#0	0
727	Q0	1967207#0	0
727	Q0	2376062#0	0
727	Q0	154729#0	0
727	Q0	2376047#0	0
727	Q0	31468#0	0
727	Q0	31396#0	0
727	Q0	31413#0	0
727	Q0	31393#0	0
727	Q0	31406#0	0
727	Q0	31351#0	0
727	Q0	14680#0	0
727	Q0	31352#0	0
727	Q0	31467#0	0
729	Q0	780040#39	1
729	Q0	31852#9	1
729	Q0	213840#25	1
729	Q0	14856#45	0
729	Q0	14856#0	0
729	Q0	14856#44	0
729	Q0	882292#13	0
729	Q0	14856#42	0
729	Q0	886103#19	0
729	Q0	9818#11	0
729	Q0	882292#3	0
729	Q0	1009851#1	0
729	Q0	128475#11	0
730	Q0	12766#8	1
730	Q0	927121#0	1
730	Q0	344876#0	1
730	Q0	344876#42	0
730	Q0	12766#2	0
730	Q0	6372#12	0
730	Q0	344876#21	0
730	Q0	1824762#2	0
730	Q0	1403894#11	0
730	Q0	72939#1	0
730	Q0	344876#38	0
730	Q0	344876#20	0
730	Q0	344876#41	0
730	Q0	344876#13	0
732	Q0	306041#6	1
732	Q0	306041#4	0
732	Q0	185335#2	0
732	Q0	185335#21	0
732	Q0	306041#8	0
732	Q0	306041#5	0
732	Q0	185335#33	0
732	Q0	306041#7	0
732	Q0	516436#0	0
732	Q0	282257#5	0
732	Q0	306041#0	0
732	Q0	185335#19	0
732	Q0	510395#47	0
732	Q0	806079#0	0
732	Q0	306041#1	0
734	Q0	14030#46	1
734	Q0	50319#1	1
734	Q0	193171#1	0
734	Q0	50319#4	0
734	Q0	365088#0	0
734	Q0	125758#13	0
734	Q0	551513#0	0
734	Q0	35335#1	0
734	Q0	50319#3	0
734	Q0	90539#4	0
734	Q0	199500#1	0
734	Q0	1683158#0	0
734	Q0	199500#0	0
735	Q0	14811#0	1
735	Q0	23198#0	1
735	Q0	5969#2	1
735	Q0	460995#0	1
735	Q0	14811#1	1
735	Q0	25658#3	1
735	Q0	23198#1	0
735	Q0	14811#2	0
735	Q0	14811#4	0
735	Q0	40056#1	0
735	Q0	99147#1	0
735	Q0	495030#22	0
735	Q0	14811#3	0
737	Q0	9224#1	1
737	Q0	172265#34	0
737	Q0	2008866#0	0
737	Q0	529743#0	0
737	Q0	287763#1	0
737	Q0	12077#6	0
737	Q0	1658879#4	0
737	Q0	9224#21	0
737	Q0	336132#0	0
737	Q0	121328#3	0
737	Q0	1414799#2	0
737	Q0	90509#4	0
737	Q0	50070#2	0
737	Q0	50070#1	0
737	Q0	1414799#0	0
737	Q0	558479#7	0
737	Q0	1951740#8	0
737	Q0	1951740#10	0
738	Q0	287986#5	1
738	Q0	454264#1	0
738	Q0	287986#4	0
738	Q0	287986#20	0
738	Q0	55280#8	0
738	Q0	716625#16	0
738	Q0	776221#37	0
738	Q0	1945911#11	0
738	Q0	205247#5	0
738	Q0	698021#2	0
738	Q0	142233#4	0
738	Q0	780040#45	0
738	Q0	1719905#8	0
738	Q0	95495#4	0
738	Q0	1959270#1	0
738	Q0	8798#13	0
739	Q0	1764843#1	1
739	Q0	12940#28	0
739	Q0	1764843#10	0
739	Q0	146618#10	0
739	Q0	1764843#8	0
739	Q0	1764843#5	0
739	Q0	153576#2	0
739	Q0	665032#8	0
739	Q0	1229587#4	0
739	Q0	1760004#3	0
739	Q0	12940#6	0
739	Q0	12940#22	0
739	Q0	12784#12	0
739	Q0	12784#67	0
739	Q0	12940#10	0
741	Q0	3456#3	1
741	Q0	325132#45	0
741	Q0	72613#12	0
741	Q0	565111#8	0
741	Q0	3456#4	0
741	Q0	304088#5	0
741	Q0	399496#0	0
741	Q0	318768#5	0
741	Q0	3456#6	0
741	Q0	385572#0	0
741	Q0	688450#4	0
741	Q0	68568#15	0
741	Q0	68568#2	0
741	Q0	815665#2	0
742	Q0	43984#105	1
742	Q0	7781#173	0
742	Q0	54557#62	0
742	Q0	7781#197	0
742	Q0	7781#122	0
742	Q0	7781#154	0
742	Q0	7781#161	0
742	Q0	6608#85	0
742	Q0	7781#158	0
742	Q0	432498#23	0
742	Q0	7781#234	0
742	Q0	267020#31	0
742	Q0	43984#224	0
742	Q0	7781#300	0
742	Q0	886543#4	0
743	Q0	52187#68	1
743	Q0	871000#6	0
743	Q0	102094#18	0
743	Q0	39578#1	0
743	Q0	924831#5	0
743	Q0	39578#8	0
743	Q0	251859#4	0
743	Q0	639408#2	0
743	Q0	847540#4	0
743	Q0	284890#1	0
743	Q0	113417#9	0
743	Q0	173286#0	0
743	Q0	39578#9	0
743	Q0	39577#6	0
743	Q0	39578#10	0
743	Q0	81592#91	0
744	Q0	2909#64	1
744	Q0	6533#58	1
744	Q0	31797#0	1
744	Q0	44866#7	0
744	Q0	42100#232	0
744	Q0	9889#1	0
744	Q0	2342#0	0
744	Q0	1595615#5	0
744	Q0	263176#16	0
744	Q0	12471#4	0
744	Q0	523988#10	0
744	Q0	1834264#26	0
744	Q0	495571#1	0
746	Q0	712411#4	1
746	Q0	942012#0	1
746	Q0	865221#0	1
746	Q0	1969461#1	1
746	Q0	866164#0	1
746	Q0	75656#0	1
746	Q0	712411#1	0
746	Q0	864863#0	0
746	Q0	2870#13	0
746	Q0	371558#125	0
746	Q0	1237623#0	0
746	Q0	238791#0	0
748	Q0	95502#4	1
748	Q0	108962#0	1
748	Q0	31829#5	0
748	Q0	95502#0	0
748	Q0	261194#0	0
748	Q0	43144#2	0
748	Q0	31829#0	0
748	Q0	296491#0	0
748	Q0	95502#8	0
748	Q0	265625#0	0
748	Q0	129678#12	0
748	Q0	1943368#6	0
748	Q0	1072821#1	0
748	Q0	1072821#2	0
748	Q0	234477#11	0
749	Q0	1352075#3	1
749	Q0	1852#2	1
749	Q0	1852#39	1
749	Q0	6238#0	0
749	Q0	153612#2	0
749	Q0	354495#0	0
749	Q0	961519#0	0
749	Q0	11759#4	0
749	Q0	165507#0	0
749	Q0	14267#4	0
749	Q0	9163#1	0
749	Q0	33844#1	0
749	Q0	181307#0	0
749	Q0	181307#4	0
749	Q0	583035#2	0
749	Q0	583035#7	0
749	Q0	11759#5	0
749	Q0	1409529#3	0
749	Q0	181307#3	0
749	Q0	265683#1	0
751	Q0	40336#4	1
751	Q0	57512#0	1
751	Q0	954511#0	0
751	Q0	12012#0	0
751	Q0	1240891#0	0
751	Q0	207596#1	0
751	Q0	118561#0	0
751	Q0	1874282#0	0
751	Q0	1203869#0	0
751	Q0	553743#0	0
751	Q0	40056#1	0
751	Q0	420381#0	0
751	Q0	52187#107	0
751	Q0	1673648#0	0
751	Q0	570276#0	0
751	Q0	21789#3	0
753	Q0	235886#2	1
753	Q0	142818#5	0
753	Q0	2294135#2	0
753	Q0	118655#13	0
753	Q0	2294152#2	0
753	Q0	1481729#0	0
753	Q0	236487#1	0
753	Q0	593687#0	0
753	Q0	249464#14	0
753	Q0	173126#10	0
753	Q0	5264#5	0
753	Q0	2604#11	0
753	Q0	207409#2	0
753	Q0	1154771#1	0
753	Q0	236487#3	0
753	Q0	208131#13	0
756	Q0	4872#0	1
756	Q0	4870#2	0
756	Q0	272078#0	0
756	Q0	4872#15	0
756	Q0	272080#0	0
756	Q0	82279#6	0
756	Q0	272082#0	0
756	Q0	420586#1	0
756	Q0	244978#1	0
756	Q0	1110502#14	0
756	Q0	8935#1	0
756	Q0	76287#2	0
756	Q0	2199389#3	0
756	Q0	417911#2	0
756	Q0	163921#0	0
757	Q0	122372#0	1
757	Q0	335475#4	0
757	Q0	46696#13	0
757	Q0	122372#12	0
757	Q0	5048#5	0
757	Q0	897162#2	0
757	Q0	469749#5	0
757	Q0	897162#4	0
757	Q0	47196#6	0
757	Q0	4953#55	0
757	Q0	270732#157	0
757	Q0	69426#0	0
759	Q0	700#0	1
759	Q0	308347#0	1
759	Q0	1416#0	1
759	Q0	467201#0	1
759	Q0	513215#0	1
759	Q0	797599#6	1
759	Q0	85854#2	0
759	Q0	112795#0	0
759	Q0	1021932#0	0
759	Q0	656907#1	0
759	Q0	430824#6	0
759	Q0	55103#0	0
759	Q0	314767#0	0
759	Q0	55135#0	0
759	Q0	31078#0	0
759	Q0	579559#0	0
759	Q0	1743543#0	0
759	Q0	385381#2	0
759	Q0	10451#11	0
759	Q0	700#2	0
762	Q0	13747#2	1
762	Q0	656312#9	0
762	Q0	1391669#1	0
762	Q0	656312#4	0
762	Q0	13747#3	0
762	Q0	13747#1	0
762	Q0	13747#0	0
762	Q0	1925813#54	0
762	Q0	1855343#0	0
762	Q0	659033#0	0
762	Q0	74047#0	0
762	Q0	135946#2	0
764	Q0	46329#0	1
764	Q0	938044#1	0
764	Q0	46329#12	0
764	Q0	937996#1	0
764	Q0	46329#24	0
764	Q0	74135#17	0
764	Q0	46329#1	0
764	Q0	46329#22	0
764	Q0	46329#6	0
764	Q0	266039#10	0
764	Q0	938013#1	0
764	Q0	255842#3	0
764	Q0	1366784#0	0
764	Q0	760952#0	0
764	Q0	761130#1	0
765	Q0	13306#3	1
765	Q0	13306#0	1
765	Q0	102115#5	1
765	Q0	629423#2	0
765	Q0	1849181#1	0
765	Q0	779721#0	0
765	Q0	13306#31	0
765	Q0	805766#2	0
765	Q0	216237#1	0
765	Q0	106280#1	0
765	Q0	1112958#1	0
765	Q0	1107117#1	0
765	Q0	86119#1	0
765	Q0	269634#30	0
765	Q0	1410291#2	0
765	Q0	1403296#2	0
772	Q0	2305456#7	1
772	Q0	2305456#18	1
772	Q0	2305456#16	1
772	Q0	156829#0	1
772	Q0	822034#0	0
772	Q0	266336#2	0
772	Q0	2305456#11	0
772	Q0	156829#1	0
772	Q0	127886#6	0
772	Q0	2305456#3	0
772	Q0	7625#0	0
772	Q0	19898#0	0
772	Q0	156829#7	0
772	Q0	266336#0	0
772	Q0	266336#1	0
774	Q0	66956#2	1
774	Q0	8395#37	0
774	Q0	70182#7	0
774	Q0	40536#13	0
774	Q0	204047#3	0
774	Q0	236224#0	0
774	Q0	66956#1	0
774	Q0	204047#1	0
774	Q0	86641#2	0
774	Q0	255509#0	0
774	Q0	21844#4	0
774	Q0	8395#30	0
774	Q0	66956#23	0
774	Q0	8395#6	0
774	Q0	1851097#47	0
776	Q0	12947#0	1
776	Q0	12947#37	0
776	Q0	40536#41	0
776	Q0	786876#28	0
776	Q0	132284#1	0
776	Q0	786876#27	0
776	Q0	12947#4	0
776	Q0	31383#23	0
776	Q0	12947#11	0
776	Q0	1055171#3	0
776	Q0	1055171#2	0
776	Q0	121324#7	0
776	Q0	1729989#4	0
776	Q0	12947#17	0
778	Q0	80156#0	1
778	Q0	80156#1	1
778	Q0	80156#4	0
778	Q0	80156#2	0
778	Q0	80183#0	0
778	Q0	261911#50	0
778	Q0	80183#3	0
778	Q0	47592#3	0
778	Q0	32424#4	0
778	Q0	47592#0	0
778	Q0	95490#7	0
778	Q0	95490#6	0
778	Q0	80183#1	0
778	Q0	1369367#4	0
780	Q0	534#3	1
780	Q0	534#4	0
780	Q0	525#2	0
780	Q0	639215#1	0
780	Q0	21968#13	0
780	Q0	2149#3	0
780	Q0	81307#6	0
780	Q0	150461#0	0
780	Q0	534449#1	0
780	Q0	873526#4	0
780	Q0	1073882#2	0
780	Q0	84645#6	0
780	Q0	150461#2	0
780	Q0	2151#2	0
782	Q0	14281#22	1
782	Q0	919554#0	0
782	Q0	568606#0	0
782	Q0	962042#3	0
782	Q0	962042#0	0
782	Q0	919554#1	0
782	Q0	927454#1	0
782	Q0	422311#0	0
782	Q0	422311#2	0
782	Q0	919554#3	0
782	Q0	259167#12	0
782	Q0	919554#5	0
782	Q0	919554#2	0
782	Q0	919554#4	0
782	Q0	67543#21	0
782	Q0	540590#14	0
783	Q0	12430#1	1
783	Q0	771426#4	0
783	Q0	410008#0	0
783	Q0	261901#2	0
783	Q0	279426#1	0
783	Q0	54117#9	0
783	Q0	11055#3	0
783	Q0	54117#7	0
783	Q0	193178#4	0
783	Q0	145916#1	0
783	Q0	916854#29	0
783	Q0	31078#6	0
783	Q0	275706#3	0
783	Q0	396231#0	0
783	Q0	944556#18	0
783	Q0	100529#6	0
783	Q0	1370897#1	0
783	Q0	108615#11	0
784	Q0	135944#0	1
784	Q0	135944#2	0
784	Q0	135944#7	0
784	Q0	147883#0	0
784	Q0	135944#1	0
784	Q0	80571#11	0
784	Q0	84840#0	0
784	Q0	1854887#0	0
784	Q0	118684#0	0
784	Q0	81380#4	0
784	Q0	27980#42	0
784	Q0	220046#0	0
784	Q0	1142229#2	0
784	Q0	64821#37	0
784	Q0	1657824#0	0
784	Q0	962033#5	0
785	Q0	213852#0	1
785	Q0	6287#1	1
785	Q0	100713#6	0
785	Q0	32425#1	0
785	Q0	614967#1	0
785	Q0	12786#1	0
785	Q0	138186#1	0
785	Q0	249#69	0
785	Q0	2342#31	0
785	Q0	114378#10	0
785	Q0	725378#3	0
785	Q0	1948140#4	0
786	Q0	7084#2	1
786	Q0	406477#4	0
786	Q0	4951#37	0
786	Q0	70989#17	0
786	Q0	105341#29	0
786	Q0	189143#1	0
786	Q0	392445#2	0
786	Q0	348359#0	0
786	Q0	519894#3	0
786	Q0	828555#3	0
786	Q0	5106#23	0
786	Q0	233285#3	0
786	Q0	5106#19	0
786	Q0	266039#0	0
786	Q0	266039#1	0
786	Q0	266039#5	0
786	Q0	266039#17	0
786	Q0	5106#0	0
786	Q0	266039#6	0
787	Q0	2602#6	1
787	Q0	841707#0	0
787	Q0	277274#0	0
787	Q0	1501334#1	0
787	Q0	1947768#0	0
787	Q0	2602#8	0
787	Q0	40056#1	0
787	Q0	593984#1	0
787	Q0	827535#0	0
787	Q0	194669#0	0
787	Q0	1648075#0	0
787	Q0	2297728#0	0
787	Q0	1250208#0	0
787	Q0	2602#4	0
787	Q0	581317#2	0
787	Q0	1764699#1	0
787	Q0	65745#1	0
788	Q0	9224#20	1
788	Q0	9224#11	0
788	Q0	94267#2	0
788	Q0	175098#5	0
788	Q0	10066#3	0
788	Q0	13231#2	0
788	Q0	287757#3	0
788	Q0	1271889#2	0
788	Q0	9859#9	0
788	Q0	9224#52	0
788	Q0	9224#0	0
788	Q0	10066#5	0
788	Q0	968125#22	0
788	Q0	968125#21	0
788	Q0	8394#74	0
789	Q0	387601#5	1
789	Q0	10235#30	1
789	Q0	306790#23	1
789	Q0	5739#8	1
789	Q0	1290428#10	1
789	Q0	10235#31	0
789	Q0	100756#5	0
789	Q0	1520056#1	0
789	Q0	1650692#4	0
789	Q0	10235#26	0
789	Q0	1654944#8	0
789	Q0	859839#37	0
789	Q0	806610#0	0
789	Q0	843708#0	0
789	Q0	597764#1	0
790	Q0	487516#0	1
790	Q0	780690#292	0
790	Q0	64205#2	0
790	Q0	2376047#0	0
790	Q0	2335211#0	0
790	Q0	675342#15	0
790	Q0	2376066#0	0
790	Q0	1161196#7	0
790	Q0	1914172#3	0
790	Q0	313603#7	0
790	Q0	2379190#0	0
790	Q0	220919#1	0
790	Q0	242223#19	0
790	Q0	168074#72	0
790	Q0	46696#0	0
791	Q0	28845#0	1
791	Q0	671519#0	1
791	Q0	1247980#0	1
791	Q0	1461#0	1
791	Q0	116824#2	1
791	Q0	22886#0	1
791	Q0	116824#3	1
791	Q0	116824#1	0
791	Q0	170667#2	0
791	Q0	116824#0	0
791	Q0	170667#8	0
791	Q0	45465#0	0
791	Q0	163495#0	0
792	Q0	29447#1	1
792	Q0	2712#2	0
792	Q0	28753#2	0
792	Q0	2712#0	0
792	Q0	2712#8	0
792	Q0	720167#0	0
792	Q0	181996#0	0
792	Q0	190846#2	0
792	Q0	678448#0	0
792	Q0	137166#1	0
792	Q0	2712#3	0
792	Q0	678448#1	0
792	Q0	2712#4	0
792	Q0	2712#7	0
792	Q0	2712#1	0
793	Q0	7629#0	1
793	Q0	39645#0	0
793	Q0	5963#15	0
793	Q0	384513#27	0
793	Q0	147137#12	0
793	Q0	77670#9	0
793	Q0	85736#0	0
793	Q0	276965#12	0
793	Q0	427744#0	0
793	Q0	915245#3	0
793	Q0	47409#15	0
793	Q0	3731#3	0
793	Q0	216086#25	0
793	Q0	28204#9	0
793	Q0	1766025#68	0
793	Q0	23097#0	0
793	Q0	43847#21	0
793	Q0	125070#1	0
793	Q0	1719296#1	0
794	Q0	1185318#0	1
794	Q0	4913#2	1
794	Q0	13887#1	1
794	Q0	942258#2	1
794	Q0	56412#1	1
794	Q0	831757#2	1
794	Q0	34057#0	0
794	Q0	216959#0	0
794	Q0	34057#14	0
794	Q0	56412#16	0
794	Q0	1115513#46	0
794	Q0	34057#11	0
794	Q0	10185#22	0
794	Q0	1179765#19	0
794	Q0	40596#9	0
794	Q0	262342#2	0
796	Q0	12811#0	1
796	Q0	688430#0	1
796	Q0	9939#3	1
796	Q0	988343#0	1
796	Q0	2182#0	0
796	Q0	12863#0	0
796	Q0	299932#10	0
796	Q0	725603#23	0
796	Q0	1320550#0	0
796	Q0	688568#0	0
796	Q0	1234637#0	0
796	Q0	35865#4	0
796	Q0	1289850#1	0
796	Q0	1160852#1	0
796	Q0	62321#0	0
796	Q0	23073#0	0
797	Q0	5189#0	1
797	Q0	5189#8	0
797	Q0	5189#32	0
797	Q0	506391#1	0
797	Q0	5189#47	0
797	Q0	5189#88	0
797	Q0	5189#59	0
797	Q0	1010392#15	0
797	Q0	5189#5	0
797	Q0	5189#7	0
797	Q0	34953#17	0
797	Q0	5189#87	0
799	Q0	503141#0	1
799	Q0	878042#0	1
799	Q0	20840#0	1
799	Q0	351723#1	0
799	Q0	5480#0	0
799	Q0	5480#1	0
799	Q0	5480#3	0
799	Q0	548662#5	0
799	Q0	1676289#0	0
799	Q0	135929#3	0
799	Q0	67889#1	0
799	Q0	80571#14	0
801	Q0	102115#0	1
801	Q0	623604#2	0
801	Q0	623604#0	0
801	Q0	525365#0	0
801	Q0	566550#6	0
801	Q0	244740#68	0
801	Q0	553737#1	0
801	Q0	303518#0	0
801	Q0	630678#2	0
801	Q0	324901#0	0
801	Q0	1357714#0	0
801	Q0	1865764#0	0
801	Q0	12510#22	0
801	Q0	921556#0	0
801	Q0	623604#1	0
801	Q0	1616143#1	0
802	Q0	593850#1	1
802	Q0	595594#46	0
802	Q0	595594#1	0
802	Q0	595594#2	0
802	Q0	595594#12	0
802	Q0	595594#0	0
802	Q0	598773#2	0
802	Q0	593850#2	0
802	Q0	595594#35	0
802	Q0	595594#13	0
802	Q0	599267#6	0
802	Q0	273266#0	0
802	Q0	147137#6	0
802	Q0	599948#0	0
804	Q0	1852#2	1
804	Q0	657168#10	0
804	Q0	6238#0	0
804	Q0	12510#29	0
804	Q0	1409529#3	0
804	Q0	62998#4	0
804	Q0	1852#39	0
804	Q0	2914#5	0
804	Q0	54447#1	0
804	Q0	1007592#0	0
804	Q0	2368441#12	0
804	Q0	2030632#6	0
804	Q0	44#2	0
804	Q0	56412#0	0
805	Q0	415253#0	1
805	Q0	222489#4	0
805	Q0	99599#28	0
805	Q0	5904#44	0
805	Q0	95490#0	0
805	Q0	176498#14	0
805	Q0	5904#17	0
805	Q0	99599#17	0
805	Q0	1940169#1	0
805	Q0	72789#17	0
805	Q0	172530#2	0
805	Q0	945179#9	0
805	Q0	181970#1	0
807	Q0	43291#0	1
807	Q0	318768#5	1
807	Q0	3456#22	1
807	Q0	3456#6	1
807	Q0	1036618#95	0
807	Q0	549393#3	0
807	Q0	56333#11	0
807	Q0	43291#1	0
807	Q0	688450#4	0
807	Q0	941745#3	0
807	Q0	1036618#93	0
807	Q0	172265#38	0
807	Q0	55463#3	0
812	Q0	30212#3	1
812	Q0	93169#0	1
812	Q0	30212#4	0
812	Q0	87491#3	0
812	Q0	30212#6	0
812	Q0	93173#1	0
812	Q0	89831#1	0
812	Q0	1493587#15	0
812	Q0	93173#0	0
812	Q0	87475#10	0
812	Q0	443412#13	0
812	Q0	44095#2	0
812	Q0	87967#0	0
812	Q0	378669#5	0
813	Q0	959601#28	1
813	Q0	959601#19	0
813	Q0	959601#13	0
813	Q0	30350#2	0
813	Q0	959601#27	0
813	Q0	260136#3	0
813	Q0	1439963#5	0
813	Q0	1195091#0	0
813	Q0	130053#3	0
813	Q0	806848#5	0
813	Q0	959601#70	0
813	Q0	87567#12	0
813	Q0	380341#0	0
813	Q0	208949#9	0
814	Q0	93333#1	1
814	Q0	522400#4	0
814	Q0	865483#2	0
814	Q0	38629#2	0
814	Q0	93333#14	0
814	Q0	1811201#1	0
814	Q0	812591#0	0
814	Q0	87460#32	0
814	Q0	293789#2	0
814	Q0	1383873#6	0
814	Q0	93333#3	0
814	Q0	19949#0	0
814	Q0	1722576#3	0
814	Q0	93333#8	0
815	Q0	1835782#2	1
815	Q0	306139#5	0
815	Q0	11055#3	0
815	Q0	288166#3	0
815	Q0	193177#10	0
815	Q0	52136#5	0
815	Q0	888957#6	0
815	Q0	656907#1	0
815	Q0	193178#4	0
815	Q0	54117#7	0
815	Q0	315#0	0
815	Q0	390915#8	0
815	Q0	38952#16	0
815	Q0	315#25	0
815	Q0	315#2	0
815	Q0	315#1	0
815	Q0	725154#0	0
815	Q0	315#17	0
815	Q0	269620#5	0
816	Q0	493604#4	1
816	Q0	493604#14	0
816	Q0	493604#9	0
816	Q0	493604#3	0
816	Q0	493604#12	0
816	Q0	493604#15	0
816	Q0	493604#6	0
816	Q0	257470#0	0
816	Q0	261408#8	0
816	Q0	265158#19	0
816	Q0	1288389#1	0
816	Q0	1288389#4	0
816	Q0	312489#0	0
816	Q0	463447#2	0
816	Q0	301612#4	0
816	Q0	484992#5	0
816	Q0	93537#5	0
816	Q0	267261#0	0
821	Q0	495#0	1
821	Q0	1731627#5	1
821	Q0	1240891#0	0
821	Q0	207596#1	0
821	Q0	558686#0	0
821	Q0	38536#15	0
821	Q0	307614#1	0
821	Q0	52138#14	0
821	Q0	490937#1	0
821	Q0	74047#4	0
821	Q0	301818#4	0
821	Q0	1501334#1	0
821	Q0	382435#1	0
821	Q0	1731627#6	0
821	Q0	494#0	0
821	Q0	342720#16	0
821	Q0	6481#0	0
821	Q0	1731627#13	0
821	Q0	405887#0	0
821	Q0	96053#0	0
821	Q0	1251761#153	0
825	Q0	9224#13	1
825	Q0	283799#0	0
825	Q0	115318#1	0
825	Q0	10781#3	0
825	Q0	30711#1	0
825	Q0	1580981#18	0
825	Q0	50049#0	0
825	Q0	31050#2	0
825	Q0	419119#0	0
825	Q0	951058#0	0
825	Q0	180339#6	0
825	Q0	263432#0	0
825	Q0	9224#32	0
826	Q0	2575#5	1
826	Q0	1953654#0	1
826	Q0	115216#1	1
826	Q0	1087697#0	0
826	Q0	112504#1	0
826	Q0	115647#1	0
826	Q0	2575#38	0
826	Q0	4322#5	0
826	Q0	115246#1	0
826	Q0	2575#8	0
826	Q0	1953654#4	0
826	Q0	867768#0	0
826	Q0	4322#0	0
826	Q0	114366#2	0
828	Q0	380349#11	1
828	Q0	380349#13	0
828	Q0	380349#17	0
828	Q0	380349#36	0
828	Q0	380349#12	0
828	Q0	380349#21	0
828	Q0	1791647#8	0
828	Q0	380349#37	0
828	Q0	348212#0	0
828	Q0	305594#8	0
828	Q0	1890415#0	0
828	Q0	1143287#6	0
828	Q0	788960#2	0
828	Q0	234326#0	0
831	Q0	108142#0	1
831	Q0	674914#0	1
831	Q0	1461#0	1
831	Q0	108142#4	0
831	Q0	108142#2	0
831	Q0	108142#1	0
831	Q0	257719#0	0
831	Q0	108142#3	0
831	Q0	108142#6	0
831	Q0	108142#18	0
831	Q0	108142#11	0
832	Q0	72789#16	1
832	Q0	1033406#7	1
832	Q0	95490#23	0
832	Q0	72789#17	0
832	Q0	918588#22	0
832	Q0	82978#21	0
832	Q0	72789#0	0
832	Q0	6147#7	0
832	Q0	3326#8	0
832	Q0	1363621#12	0
832	Q0	6147#4	0
832	Q0	72789#15	0
833	Q0	284240#7	1
833	Q0	131936#19	0
833	Q0	131936#9	0
833	Q0	131936#11	0
833	Q0	131936#12	0
833	Q0	131936#20	0
833	Q0	429103#9	0
833	Q0	512913#4	0
833	Q0	512913#7	0
833	Q0	162130#55	0
833	Q0	429103#7	0
833	Q0	204663#42	0
833	Q0	193997#16	0
835	Q0	278931#0	1
835	Q0	44324#20	0
835	Q0	481820#4	0
835	Q0	439008#1	0
835	Q0	246115#2	0
835	Q0	607094#7	0
835	Q0	304700#7	0
835	Q0	607144#12	0
835	Q0	128065#1	0
835	Q0	1441154#5	0
835	Q0	121190#7	0
835	Q0	67197#14	0
835	Q0	545467#5	0
835	Q0	1583395#1	0
835	Q0	495#69	0
835	Q0	15204#38	0
835	Q0	51437#264	0
835	Q0	910415#27	0
835	Q0	231670#5	0
837	Q0	8759#0	1
837	Q0	95647#1	0
837	Q0	95647#0	0
837	Q0	11243#7	0
837	Q0	81262#57	0
837	Q0	1101849#2	0
837	Q0	72316#25	0
837	Q0	165448#4	0
837	Q0	1337062#4	0
837	Q0	117973#7	0
837	Q0	266119#14	0
837	Q0	9786#3	0
837	Q0	13306#29	0
837	Q0	558479#2	0
837	Q0	91906#35	0
837	Q0	1985620#7	0
839	Q0	61808#1	1
839	Q0	61808#8	0
839	Q0	64959#2	0
839	Q0	61808#11	0
839	Q0	299932#35	0
839	Q0	61727#9	0
839	Q0	61808#3	0
839	Q0	61808#10	0
839	Q0	63342#0	0
839	Q0	63342#8	0
839	Q0	75411#0	0
839	Q0	63342#3	0
839	Q0	640975#2	0
843	Q0	64207#0	1
843	Q0	78656#36	1
843	Q0	108151#30	0
843	Q0	617908#16	0
843	Q0	6291#26	0
843	Q0	2330461#2	0
843	Q0	617908#41	0
843	Q0	288166#3	0
843	Q0	52136#5	0
843	Q0	11055#3	0
843	Q0	193177#10	0
843	Q0	1925813#64	0
843	Q0	470768#12	0
843	Q0	326420#4	0
843	Q0	446727#25	0
843	Q0	6291#21	0
843	Q0	1930784#3	0
845	Q0	155512#2	1
845	Q0	155512#22	1
845	Q0	155512#0	1
845	Q0	155512#9	1
845	Q0	901072#0	0
845	Q0	155512#1	0
845	Q0	941629#2	0
845	Q0	941363#2	0
845	Q0	38952#17	0
845	Q0	904342#14	0
845	Q0	155512#29	0
845	Q0	155512#8	0
845	Q0	155512#15	0
845	Q0	901152#3	0
847	Q0	189043#2	1
847	Q0	716715#1	0
847	Q0	189043#4	0
847	Q0	485066#16	0
847	Q0	456797#5	0
847	Q0	45138#1	0
847	Q0	752436#1	0
847	Q0	12304#18	0
847	Q0	172499#4	0
847	Q0	146353#17	0
847	Q0	1647736#1	0
847	Q0	655077#11	0
847	Q0	1097359#18	0
847	Q0	341785#2	0
847	Q0	1647736#2	0
847	Q0	945707#1	0
847	Q0	341785#3	0
849	Q0	191525#3	1
849	Q0	1843025#3	0
849	Q0	191525#2	0
849	Q0	191525#4	0
849	Q0	75543#4	0
849	Q0	96904#0	0
849	Q0	75543#5	0
849	Q0	758468#0	0
849	Q0	256216#2	0
849	Q0	766825#2	0
849	Q0	170916#0	0
849	Q0	9820#13	0
850	Q0	31796#0	1
850	Q0	1932401#17	0
850	Q0	216123#163	0
850	Q0	523988#10	0
850	Q0	9545#294	0
850	Q0	1673394#11	0
850	Q0	1973539#0	0
850	Q0	1296988#0	0
850	Q0	2376062#0	0
850	Q0	1239991#0	0
850	Q0	189967#0	0
850	Q0	421854#64	0
850	Q0	336697#55	0
850	Q0	888885#13	0
850	Q0	1627223#0	0
850	Q0	34#0	0
850	Q0	85#0	0
850	Q0	93188#153	0
857	Q0	66200#0	1
857	Q0	1362707#0	1
857	Q0	812657#61	1
857	Q0	1317545#10	0
857	Q0	48067#2	0
857	Q0	356921#1	0
857	Q0	2306#43	0
857	Q0	1317545#13	0
857	Q0	1693041#0	0
857	Q0	316546#0	0
857	Q0	604175#1	0
857	Q0	887686#33	0
857	Q0	66200#1	0
857	Q0	276787#21	0
860	Q0	176405#2	1
860	Q0	81926#0	1
860	Q0	95784#2	1
860	Q0	335475#7	0
860	Q0	46692#14	0
860	Q0	11122#0	0
860	Q0	34755#6	0
860	Q0	1161196#7	0
860	Q0	529836#7	0
860	Q0	1777185#50	0
860	Q0	52138#14	0
860	Q0	366808#2	0
860	Q0	81926#1	0
860	Q0	81926#52	0
860	Q0	201722#2	0
860	Q0	81926#56	0
860	Q0	40558#0	0
860	Q0	81926#2	0
860	Q0	66367#0	0
861	Q0	246#14	1
861	Q0	303454#0	1
861	Q0	2205#40	1
861	Q0	699442#1	0
861	Q0	251166#0	0
861	Q0	692263#3	0
861	Q0	179695#2	0
861	Q0	2205#1	0
861	Q0	121190#10	0
861	Q0	600431#3	0
861	Q0	175851#2	0
861	Q0	831606#2	0
861	Q0	218885#0	0
861	Q0	954691#1	0
861	Q0	246#11	0
864	Q0	7619#0	1
864	Q0	12077#12	0
864	Q0	1860652#29	0
864	Q0	12077#5	0
864	Q0	12510#44	0
864	Q0	7619#1	0
864	Q0	245834#2	0
864	Q0	1694837#4	0
864	Q0	12077#2	0
864	Q0	672295#1	0
864	Q0	7617#25	0
864	Q0	1860652#6	0
866	Q0	180336#14	1
866	Q0	180336#0	1
866	Q0	294779#0	0
866	Q0	293037#0	0
866	Q0	1823669#0	0
866	Q0	294642#0	0
866	Q0	675342#15	0
866	Q0	234619#9	0
866	Q0	1967207#0	0
866	Q0	220518#0	0
866	Q0	121328#9	0
866	Q0	1990089#0	0
866	Q0	180336#17	0
866	Q0	982849#5	0
866	Q0	180336#18	0
866	Q0	729150#10	0
868	Q0	12648#2	1
868	Q0	12648#1	0
868	Q0	284271#0	0
868	Q0	120914#0	0
868	Q0	40587#2	0
868	Q0	177056#0	0
868	Q0	12648#6	0
868	Q0	524322#3	0
868	Q0	284271#6	0
868	Q0	1073421#0	0
868	Q0	12648#10	0
868	Q0	844750#0	0
868	Q0	569721#2	0
868	Q0	979481#7	0
868	Q0	658523#0	0
868	Q0	7634#5	0
868	Q0	284271#5	0
869	Q0	6451#1	1
869	Q0	93331#13	0
869	Q0	1208156#6	0
869	Q0	82978#17	0
869	Q0	1208156#3	0
869	Q0	6451#6	0
869	Q0	44007#18	0
869	Q0	95913#10	0
869	Q0	1328715#1	0
869	Q0	208397#3	0
869	Q0	5904#50	0
869	Q0	172529#0	0
869	Q0	28779#10	0
870	Q0	198890#0	1
870	Q0	14013#15	1
870	Q0	199200#0	1
870	Q0	14013#33	1
870	Q0	14013#1	1
870	Q0	105379#0	1
870	Q0	198895#0	0
870	Q0	582456#0	0
870	Q0	14013#12	0
870	Q0	14013#0	0
870	Q0	14013#46	0
870	Q0	14013#42	0
874	Q0	2011985#0	1
874	Q0	7753#9	0
874	Q0	7766#21	0
874	Q0	2011985#3	0
874	Q0	73415#0	0
874	Q0	7753#46	0
874	Q0	346436#2	0
874	Q0	2011985#1	0
874	Q0	2011985#2	0
874	Q0	1505326#0	0
874	Q0	156472#7	0
874	Q0	7753#39	0
874	Q0	2011985#4	0
874	Q0	7753#47	0
874	Q0	7753#41	0
875	Q0	2742#6	1
875	Q0	2742#0	1
875	Q0	613743#1	1
875	Q0	1325678#0	1
875	Q0	2743#26	1
875	Q0	985832#0	1
875	Q0	2743#34	1
875	Q0	2742#11	0
875	Q0	1160417#6	0
875	Q0	1160417#7	0
875	Q0	2742#4	0
875	Q0	1010402#0	0
877	Q0	1245519#1	1
877	Q0	245685#0	1
877	Q0	148159#0	0
877	Q0	54851#0	0
877	Q0	2592#39	0
877	Q0	54851#2	0
877	Q0	275614#2	0
877	Q0	194490#6	0
877	Q0	395147#0	0
877	Q0	953221#3	0
877	Q0	1033408#0	0
877	Q0	515681#2	0
877	Q0	1504172#1	0
877	Q0	1413674#3	0
880	Q0	278931#0	1
880	Q0	439008#1	0
880	Q0	236960#21	0
880	Q0	128065#1	0
880	Q0	55843#2	0
880	Q0	61504#73	0
880	Q0	239791#5	0
880	Q0	304700#7	0
880	Q0	255421#1	0
880	Q0	1107396#0	0
880	Q0	620565#3	0
880	Q0	261591#3	0
880	Q0	278931#24	0
880	Q0	6319#56	0
880	Q0	74134#67	0
880	Q0	74134#6	0
880	Q0	67197#14	0
880	Q0	6554#25	0
880	Q0	278931#25	0
882	Q0	31367#0	1
882	Q0	253235#6	0
882	Q0	1990089#0	0
882	Q0	22738#33	0
882	Q0	1967207#0	0
882	Q0	189967#0	0
882	Q0	2376062#0	0
882	Q0	2379190#0	0
882	Q0	1969833#0	0
882	Q0	1296988#0	0
882	Q0	31396#0	0
882	Q0	14680#0	0
882	Q0	31351#0	0
882	Q0	31468#0	0
882	Q0	31467#0	0
882	Q0	31413#0	0
882	Q0	31380#0	0
882	Q0	15944#0	0
882	Q0	31352#0	0
882	Q0	31454#0	0
888	Q0	134423#1	1
888	Q0	194034#0	1
888	Q0	1455#3	0
888	Q0	7686#5	0
888	Q0	1455#30	0
888	Q0	113766#1	0
888	Q0	183519#4	0
888	Q0	177550#1	0
888	Q0	1455#5	0
888	Q0	194034#20	0
888	Q0	177550#5	0
888	Q0	1455#12	0
888	Q0	63387#2	0
890	Q0	60768#8	1
890	Q0	14687#0	1
890	Q0	676723#0	1
890	Q0	14687#11	0
890	Q0	14687#29	0
890	Q0	60768#12	0
890	Q0	225856#0	0
890	Q0	1877222#0	0
890	Q0	1867419#5	0
890	Q0	580738#0	0
890	Q0	79357#4	0
890	Q0	676726#7	0
890	Q0	2328862#0	0
893	Q0	6443#4	1
893	Q0	6443#2	1
893	Q0	165829#3	0
893	Q0	165829#5	0
893	Q0	11020#49	0
893	Q0	163815#1	0
893	Q0	48108#56	0
893	Q0	302375#19	0
893	Q0	11020#51	0
893	Q0	269415#6	0
893	Q0	84619#10	0
893	Q0	40869#14	0
893	Q0	299056#1	0
893	Q0	6608#12	0
893	Q0	331564#2	0
893	Q0	11019#2	0
894	Q0	105489#14	1
894	Q0	390822#1	1
894	Q0	8085#18	0
894	Q0	1551589#1	0
894	Q0	8085#9	0
894	Q0	1255740#0	0
894	Q0	43352#2	0
894	Q0	112865#0	0
894	Q0	39698#1	0
894	Q0	1256057#1	0
894	Q0	1969129#1	0
894	Q0	8085#7	0
894	Q0	305876#0	0
894	Q0	2251#1	0
894	Q0	261911#66	0
895	Q0	110718#0	1
895	Q0	65559#0	0
895	Q0	488088#0	0
895	Q0	131139#1	0
895	Q0	34701#2	0
895	Q0	199197#2	0
895	Q0	675342#15	0
895	Q0	1161196#7	0
895	Q0	1256398#3	0
895	Q0	121328#9	0
895	Q0	110718#3	0
895	Q0	110718#2	0
895	Q0	2391#3	0
895	Q0	655751#5	0
895	Q0	110718#1	0
896	Q0	19975#23	1
896	Q0	19975#3	1
896	Q0	46987#0	0
896	Q0	62321#0	0
896	Q0	391167#0	0
896	Q0	39324#0	0
896	Q0	19975#2	0
896	Q0	136150#0	0
896	Q0	551513#0	0
896	Q0	253454#55	0
896	Q0	19975#4	0
896	Q0	555492#0	0
898	Q0	1852#28	1
898	Q0	80891#26	1
898	Q0	10336#0	1
898	Q0	936772#46	1
898	Q0	920274#2	0
898	Q0	772682#22	0
898	Q0	10336#65	0
898	Q0	936772#90	0
898	Q0	936772#1	0
898	Q0	655730#0	0
898	Q0	655730#2	0
898	Q0	404630#34	0
898	Q0	936772#73	0
898	Q0	1009836#16	0
898	Q0	10336#1	0
899	Q0	2304#2	1
899	Q0	223826#3	0
899	Q0	131139#0	0
899	Q0	104464#1	0
899	Q0	249805#3	0
899	Q0	14741#4	0
899	Q0	75402#1	0
899	Q0	103769#0	0
899	Q0	91093#2	0
899	Q0	22964#0	0
899	Q0	1250980#0	0
899	Q0	65033#3	0
899	Q0	753383#0	0
900	Q0	155512#0	1
900	Q0	901072#0	0
900	Q0	155512#29	0
900	Q0	365730#39	0
900	Q0	902326#6	0
900	Q0	940405#0	0
900	Q0	957902#1	0
900	Q0	941629#2	0
900	Q0	904342#10	0
900	Q0	155512#2	0
900	Q0	155512#34	0
900	Q0	901152#3	0
900	Q0	920548#2	0
900	Q0	959371#0	0
900	Q0	155512#15	0
902	Q0	8542#0	1
902	Q0	1413738#6	0
902	Q0	2565#17	0
902	Q0	1027246#1	0
902	Q0	1836548#2	0
902	Q0	108968#24	0
902	Q0	136164#16	0
902	Q0	1712555#7	0
902	Q0	1031515#3	0
902	Q0	1458#9	0
902	Q0	1027246#11	0
902	Q0	134758#4	0
902	Q0	131646#11	0
902	Q0	108968#18	0
902	Q0	131646#16	0
910	Q0	9826#4	1
910	Q0	9826#25	0
910	Q0	239082#22	0
910	Q0	1199288#9	0
910	Q0	19852#2	0
910	Q0	643731#2	0
910	Q0	392379#0	0
910	Q0	323059#0	0
910	Q0	9826#7	0
910	Q0	1316388#0	0
910	Q0	9826#5	0
910	Q0	643808#3	0
910	Q0	247115#8	0
910	Q0	247115#10	0
910	Q0	643808#9	0
910	Q0	247115#0	0
911	Q0	9818#8	1
911	Q0	96714#2	0
911	Q0	34240#21	0
911	Q0	9818#18	0
911	Q0	115322#1	0
911	Q0	22935#3	0
911	Q0	60839#15	0
911	Q0	9818#27	0
911	Q0	9818#21	0
911	Q0	9818#12	0
911	Q0	115322#3	0
911	Q0	9818#2	0
911	Q0	319953#15	0
913	Q0	74067#0	1
913	Q0	276782#14	1
913	Q0	3222#23	0
913	Q0	29620#23	0
913	Q0	29620#13	0
913	Q0	11464#2	0
913	Q0	513145#5	0
913	Q0	79433#16	0
913	Q0	6483#118	0
913	Q0	42100#248	0
913	Q0	29620#17	0
913	Q0	3222#29	0
913	Q0	343622#9	0
913	Q0	22912#1	0
913	Q0	122372#97	0
914	Q0	126253#8	1
914	Q0	11833#19	1
914	Q0	2337#0	1
914	Q0	6207#18	0
914	Q0	228235#4	0
914	Q0	160102#17	0
914	Q0	7797#5	0
914	Q0	2305952#63	0
914	Q0	2305952#53	0
914	Q0	2305952#65	0
914	Q0	2305952#59	0
914	Q0	2337#196	0
914	Q0	29642#6	0
914	Q0	2305952#5	0
916	Q0	146791#2	1
916	Q0	754#58	0
916	Q0	5148#0	0
916	Q0	1630054#2	0
916	Q0	724962#1	0
916	Q0	1345400#1	0
916	Q0	1802306#0	0
916	Q0	9942#77	0
916	Q0	6106#8	0
916	Q0	14832#14	0
916	Q0	759593#29	0
916	Q0	6106#7	0
916	Q0	317640#5	0
916	Q0	32721#10	0
916	Q0	263176#33	0
916	Q0	8814#15	0
917	Q0	589034#0	1
917	Q0	579461#0	0
917	Q0	73693#25	0
917	Q0	30269#0	0
917	Q0	106213#0	0
917	Q0	519616#3	0
917	Q0	661991#1	0
917	Q0	794621#0	0
917	Q0	106333#0	0
918	Q0	388170#0	1
918	Q0	5597#3	0
918	Q0	260722#6	0
918	Q0	1823604#2	0
918	Q0	388170#2	0
918	Q0	28256#10	0
918	Q0	560610#3	0
918	Q0	918378#6	0
918	Q0	560610#1	0
918	Q0	625557#53	0
918	Q0	9446#23	0
918	Q0	754#12	0
918	Q0	68933#2	0
918	Q0	48036#3	0
918	Q0	867150#7	0
918	Q0	172250#14	0
920	Q0	93331#28	1
920	Q0	197319#31	0
920	Q0	93331#29	0
920	Q0	197319#25	0
920	Q0	197319#26	0
920	Q0	197319#24	0
920	Q0	577#39	0
920	Q0	346530#0	0
920	Q0	177084#13	0
920	Q0	197319#2	0
920	Q0	262827#9	0
920	Q0	265719#1	0
920	Q0	93331#19	0
920	Q0	171771#12	0
921	Q0	317595#1	1
921	Q0	79196#8	0
921	Q0	37766#38	0
921	Q0	37766#14	0
921	Q0	637931#1	0
921	Q0	1171441#0	0
921	Q0	2592#39	0
921	Q0	509765#1	0
921	Q0	1322057#16	0
921	Q0	1817910#4	0
921	Q0	582030#4	0
921	Q0	997109#0	0
921	Q0	162609#1	0
921	Q0	95913#18	0
921	Q0	582030#3	0
921	Q0	681750#2	0
922	Q0	14675#59	1
922	Q0	66137#4	1
922	Q0	6675#4	1
922	Q0	35551#0	1
922	Q0	35549#0	1
922	Q0	96905#0	0
922	Q0	771419#10	0
922	Q0	1704746#0	0
922	Q0	507637#5	0
922	Q0	1704748#0	0
922	Q0	1704754#0	0
922	Q0	1704752#0	0
922	Q0	799079#27	0
922	Q0	671870#0	0
922	Q0	1838341#0	0
922	Q0	35550#0	0
922	Q0	573166#25	0
923	Q0	35222#2	1
923	Q0	886224#12	0
923	Q0	270732#157	0
923	Q0	74179#5	0
923	Q0	125877#6	0
923	Q0	270732#92	0
923	Q0	5262#21	0
923	Q0	156277#6	0
923	Q0	1334601#2	0
923	Q0	4115#37	0
923	Q0	5106#35	0
923	Q0	4115#33	0
923	Q0	4953#34	0
923	Q0	287980#19	0
924	Q0	95916#9	1
924	Q0	1315067#0	0
924	Q0	89229#11	0
924	Q0	448247#12	0
924	Q0	95916#10	0
924	Q0	89229#13	0
924	Q0	448247#15	0
924	Q0	89229#8	0
924	Q0	572923#25	0
924	Q0	448247#0	0
924	Q0	885909#2	0
924	Q0	448247#14	0
924	Q0	47943#36	0
924	Q0	39016#1	0
925	Q0	9937#0	1
925	Q0	9937#13	1
925	Q0	733878#1	1
925	Q0	206793#0	1
925	Q0	30229#0	1
925	Q0	1275535#0	1
925	Q0	195230#0	1
925	Q0	1250240#0	0
925	Q0	529266#0	0
925	Q0	671599#0	0
925	Q0	528196#0	0
925	Q0	1271713#0	0
925	Q0	1062881#0	0
925	Q0	195925#0	0
925	Q0	1250240#1	0
929	Q0	13499#0	1
929	Q0	105372#0	1
929	Q0	969683#0	1
929	Q0	13499#1	0
929	Q0	13499#36	0
929	Q0	199871#0	0
929	Q0	187967#0	0
929	Q0	187960#0	0
929	Q0	116380#0	0
929	Q0	670210#0	0
929	Q0	13499#38	0
929	Q0	13499#49	0
929	Q0	13448#0	0
929	Q0	139692#0	0
933	Q0	6085#2	1
933	Q0	306139#5	0
933	Q0	996482#0	0
933	Q0	54117#7	0
933	Q0	1006100#0	0
933	Q0	891974#0	0
933	Q0	1923826#0	0
933	Q0	131139#1	0
933	Q0	593208#0	0
933	Q0	38536#1	0
933	Q0	849701#2	0
933	Q0	524956#1	0
933	Q0	1431961#3	0
933	Q0	186484#0	0
933	Q0	150#0	0
933	Q0	1006087#0	0
933	Q0	778042#6	0
933	Q0	1400917#0	0
933	Q0	118101#1	0
936	Q0	1863#1	1
936	Q0	754#11	1
936	Q0	1863#3	0
936	Q0	14281#23	0
936	Q0	105386#1	0
936	Q0	11361#9	0
936	Q0	1863#6	0
936	Q0	14046#9	0
936	Q0	1863#0	0
936	Q0	66693#8	0
936	Q0	672181#0	0
936	Q0	1863#2	0
936	Q0	56980#5	0
936	Q0	754#38	0
938	Q0	1098441#1	1
938	Q0	596607#15	0
938	Q0	995038#0	0
938	Q0	393962#11	0
938	Q0	100797#1	0
938	Q0	538658#7	0
938	Q0	753446#2	0
938	Q0	216237#2	0
938	Q0	1028237#7	0
938	Q0	1290754#2	0
938	Q0	1028237#8	0
938	Q0	97762#61	0
938	Q0	97762#62	0
938	Q0	1500141#1	0
938	Q0	1323312#7	0
938	Q0	1987274#13	0
939	Q0	3724#3	1
939	Q0	31127#0	1
939	Q0	3724#82	0
939	Q0	1927118#0	0
939	Q0	215708#1	0
939	Q0	93966#4	0
939	Q0	234201#4	0
939	Q0	3724#45	0
939	Q0	31127#2	0
939	Q0	11431#0	0
939	Q0	31127#1	0
939	Q0	234201#0	0
940	Q0	979854#43	1
940	Q0	253714#0	1
940	Q0	12584#42	0
940	Q0	31688#7	0
940	Q0	31688#4	0
940	Q0	31688#5	0
940	Q0	253714#2	0
940	Q0	979854#44	0
940	Q0	253714#1	0
940	Q0	31707#20	0
940	Q0	172265#36	0
940	Q0	31688#0	0
940	Q0	31688#8	0
940	Q0	340139#11	0
942	Q0	1027246#11	1
942	Q0	238623#1	1
942	Q0	2604#0	1
942	Q0	67920#214	0
942	Q0	1328772#2	0
942	Q0	9545#218	0
942	Q0	1154158#6	0
942	Q0	578118#10	0
942	Q0	313603#59	0
942	Q0	65768#4	0
942	Q0	76854#8	0
942	Q0	334267#5	0
942	Q0	1311983#3	0
942	Q0	1155280#6	0
942	Q0	1292753#13	0
942	Q0	149933#3	0
942	Q0	71912#4	0
942	Q0	412640#2	0
943	Q0	1083443#6	1
943	Q0	498892#1	1
943	Q0	506194#6	0
943	Q0	215889#1	0
943	Q0	1083443#9	0
943	Q0	1083443#7	0
943	Q0	1083443#5	0
943	Q0	1083443#0	0
943	Q0	498892#0	0
943	Q0	1083443#15	0
943	Q0	771426#1	0
943	Q0	231899#92	0
943	Q0	1083443#12	0
944	Q0	132907#0	1
944	Q0	19780#18	0
944	Q0	241653#0	0
944	Q0	325776#19	0
944	Q0	19780#10	0
944	Q0	19780#25	0
944	Q0	73055#15	0
944	Q0	19780#23	0
944	Q0	31302#10	0
944	Q0	688153#14	0
944	Q0	88972#1	0
944	Q0	19780#0	0
944	Q0	320713#2	0
944	Q0	19780#7	0
952	Q0	10336#0	1
952	Q0	573022#4	1
952	Q0	141120#1	0
952	Q0	1075381#3	0
952	Q0	255735#46	0
952	Q0	495298#7	0
952	Q0	269598#15	0
952	Q0	1377984#1	0
952	Q0	566650#6	0
952	Q0	9447#14	0
952	Q0	635935#2	0
952	Q0	670051#35	0
952	Q0	1219894#13	0
952	Q0	1009836#10	0
952	Q0	529825#1	0
952	Q0	10336#1	0
955	Q0	8035#6	1
955	Q0	8035#3	1
955	Q0	311001#2	1
955	Q0	466842#2	0
955	Q0	227255#16	0
955	Q0	97274#5	0
955	Q0	282343#7	0
955	Q0	8036#3	0
955	Q0	81447#2	0
955	Q0	53581#2	0
955	Q0	754364#2	0
955	Q0	95649#6	0
957	Q0	16010#0	1
957	Q0	16010#20	0
957	Q0	171556#10	0
957	Q0	1629289#0	0
957	Q0	335742#1	0
957	Q0	12831#0	0
957	Q0	1472588#7	0
957	Q0	16010#2	0
957	Q0	1785918#4	0
957	Q0	955365#3	0
957	Q0	967709#0	0
957	Q0	2377573#0	0
957	Q0	16010#14	0
957	Q0	253492#2	0
957	Q0	420907#0	0
957	Q0	1851116#0	0
957	Q0	34450#2	0
960	Q0	3727#1	1
960	Q0	151097#6	1
960	Q0	3727#0	0
960	Q0	3727#6	0
960	Q0	3727#5	0
960	Q0	3720#2	0
960	Q0	3727#2	0
960	Q0	1760441#2	0
960	Q0	3720#1	0
960	Q0	3727#9	0
960	Q0	3727#3	0
960	Q0	48086#0	0
960	Q0	66626#1	0
963	Q0	78462#4	1
963	Q0	78462#2	0
963	Q0	78445#1	0
963	Q0	78462#5	0
963	Q0	78462#17	0
963	Q0	78462#11	0
963	Q0	78462#16	0
963	Q0	78462#6	0
963	Q0	78462#20	0
963	Q0	78462#3	0
963	Q0	78462#12	0
964	Q0	228231#0	1
964	Q0	44866#7	0
964	Q0	6533#289	0
964	Q0	20764#2	0
964	Q0	2376047#0	0
964	Q0	154729#0	0
964	Q0	2379190#0	0
964	Q0	2376066#0	0
964	Q0	1967207#0	0
964	Q0	2335211#0	0
964	Q0	220518#0	0
964	Q0	93188#153	0
964	Q0	336697#55	0
964	Q0	9545#294	0
964	Q0	498422#0	0
964	Q0	2342#0	0
964	Q0	34#0	0
964	Q0	523988#10	0
964	Q0	888885#13	0
965	Q0	19673#1	1
965	Q0	22230#0	0
965	Q0	19845#2	0
965	Q0	88574#1	0
965	Q0	480822#3	0
965	Q0	15992#0	0
965	Q0	22230#20	0
965	Q0	51443#1	0
965	Q0	22230#18	0
965	Q0	22230#10	0
965	Q0	22230#2	0
965	Q0	20699#1	0
965	Q0	22230#17	0
965	Q0	22230#1	0
965	Q0	22494#4	0
966	Q0	2707#6	1
966	Q0	2707#1	0
966	Q0	2707#7	0
966	Q0	2707#10	0
966	Q0	206031#4	0
966	Q0	2707#8	0
966	Q0	344009#4	0
966	Q0	1275511#1	0
966	Q0	212207#2	0
966	Q0	2707#9	0
966	Q0	179837#1	0
966	Q0	262827#3	0
966	Q0	857631#1	0
969	Q0	130904#2	1
969	Q0	30946#1	1
969	Q0	778206#1	1
969	Q0	130904#1	1
969	Q0	1070091#1	1
969	Q0	131161#0	0
969	Q0	353063#0	0
969	Q0	1618016#0	0
969	Q0	506040#7	0
969	Q0	53688#1	0
969	Q0	246471#15	0
969	Q0	1914172#3	0
969	Q0	312861#0	0
969	Q0	556609#3	0
969	Q0	146353#17	0
969	Q0	35544#3	0
969	Q0	864089#1	0
969	Q0	427803#1	0
969	Q0	694861#1	0
969	Q0	35544#1	0
971	Q0	126704#0	1
971	Q0	44366#33	0
971	Q0	126704#1	0
971	Q0	102693#0	0
971	Q0	1409527#4	0
971	Q0	126704#3	0
971	Q0	102693#8	0
971	Q0	126704#5	0
971	Q0	126704#2	0
971	Q0	139438#1	0
971	Q0	1409527#2	0
971	Q0	1352075#4	0
972	Q0	270732#135	1
972	Q0	213077#8	0
972	Q0	1334601#27	0
972	Q0	1334597#0	0
972	Q0	1334601#1	0
972	Q0	1334601#4	0
972	Q0	288002#13	0
972	Q0	1335036#0	0
972	Q0	288002#0	0
972	Q0	1335036#5	0
972	Q0	1334601#0	0
972	Q0	270732#118	0
974	Q0	60755#0	1
974	Q0	870047#10	0
974	Q0	870047#4	0
974	Q0	128950#0	0
974	Q0	127697#0	0
974	Q0	149789#7	0
974	Q0	149789#1	0
974	Q0	60755#7	0
974	Q0	737640#7	0
974	Q0	460817#16	0
974	Q0	149789#0	0
974	Q0	24905#1	0
974	Q0	241789#88	0
974	Q0	2026#59	0
975	Q0	1148158#0	1
975	Q0	58971#17	0
975	Q0	58971#21	0
975	Q0	58971#19	0
975	Q0	58971#18	0
975	Q0	58971#20	0
975	Q0	1117086#1	0
975	Q0	58971#14	0
975	Q0	953454#0	0
975	Q0	1117086#0	0
975	Q0	58971#1	0
975	Q0	58971#2	0
975	Q0	58971#9	0
976	Q0	4084#0	1
976	Q0	1246039#0	0
976	Q0	1227332#6	0
976	Q0	506040#7	0
976	Q0	1448916#0	0
976	Q0	1914172#3	0
976	Q0	1466421#0	0
976	Q0	146353#17	0
976	Q0	1108534#2	0
976	Q0	61504#68	0
976	Q0	1089746#0	0
976	Q0	555262#8	0
976	Q0	1312113#5	0
976	Q0	156819#3	0
976	Q0	126282#4	0
976	Q0	164613#0	0
976	Q0	722361#4	0
976	Q0	994125#19	0
976	Q0	1834387#3	0
976	Q0	657345#0	0
976	Q0	429490#8	0
978	Q0	5155#16	1
978	Q0	32761#2	0
978	Q0	5886#6	0
978	Q0	75086#12	0
978	Q0	34709#15	0
978	Q0	21960#12	0
978	Q0	34947#1	0
978	Q0	372499#1	0
978	Q0	371664#1	0
978	Q0	377439#3	0
978	Q0	126879#18	0
978	Q0	249#20	0
978	Q0	1171298#4	0
978	Q0	5886#7	0
979	Q0	34262#18	1
979	Q0	34262#0	1
979	Q0	280393#0	0
979	Q0	240410#5	0
979	Q0	280393#1	0
979	Q0	280393#2	0
979	Q0	98525#0	0
979	Q0	1170558#5	0
979	Q0	34262#19	0
979	Q0	87422#1	0
979	Q0	114136#0	0
979	Q0	889430#2	0
979	Q0	870203#0	0
980	Q0	160375#0	1
980	Q0	160375#2	0
980	Q0	160375#3	0
980	Q0	160375#5	0
980	Q0	160375#4	0
980	Q0	160375#7	0
980	Q0	160375#6	0
980	Q0	160375#1	0
980	Q0	160375#8	0
980	Q0	247292#7	0
980	Q0	637713#0	0
980	Q0	381701#0	0
980	Q0	537609#1	0
980	Q0	98908#3	0
983	Q0	39411#6	1
983	Q0	32344#49	0
983	Q0	776221#28	0
983	Q0	32344#45	0
983	Q0	39411#5	0
983	Q0	32344#14	0
983	Q0	32344#48	0
983	Q0	39411#7	0
983	Q0	39411#9	0
983	Q0	1176986#0	0
983	Q0	182492#16	0
983	Q0	1158479#1	0
983	Q0	213041#5	0
983	Q0	39411#36	0
985	Q0	317339#7	1
985	Q0	317339#0	0
985	Q0	100935#17	0
985	Q0	526495#13	0
985	Q0	148995#1	0
985	Q0	2911#28	0
985	Q0	1081055#5	0
985	Q0	346813#0	0
985	Q0	976896#8	0
985	Q0	55123#14	0
985	Q0	1712649#4	0
985	Q0	1439751#0	0
985	Q0	317339#11	0
985	Q0	2911#29	0
985	Q0	146293#11	0
985	Q0	266677#4	0
985	Q0	2911#15	0
986	Q0	886104#0	1
986	Q0	438480#8	0
986	Q0	438480#1	0
986	Q0	801011#1	0
986	Q0	835225#1	0
986	Q0	901858#0	0
986	Q0	833593#0	0
986	Q0	175287#2	0
986	Q0	1450516#1	0
986	Q0	1458865#1	0
986	Q0	1966233#0	0
986	Q0	1458865#2	0
986	Q0	1450488#1	0
986	Q0	406215#2	0
986	Q0	249311#3	0
986	Q0	1950241#4	0
990	Q0	483096#0	1
990	Q0	755881#0	1
990	Q0	753972#0	1
990	Q0	10340#0	1
990	Q0	390315#2	1
990	Q0	159116#0	1
990	Q0	10340#23	0
990	Q0	755463#0	0
990	Q0	157294#27	0
990	Q0	420125#1	0
990	Q0	755908#0	0
990	Q0	1720836#0	0
990	Q0	767348#0	0
990	Q0	316051#0	0
991	Q0	10235#1	1
991	Q0	637037#0	1
991	Q0	1011338#2	0
991	Q0	721772#2	0
991	Q0	1654951#5	0
991	Q0	10235#12	0
991	Q0	885876#2	0
991	Q0	10235#23	0
991	Q0	1390280#2	0
991	Q0	2281524#3	0
991	Q0	10235#0	0
991	Q0	616559#0	0
991	Q0	1654951#1	0
991	Q0	1654951#8	0
991	Q0	10235#14	0
992	Q0	122792#0	1
992	Q0	298261#5	1
992	Q0	369623#1	1
992	Q0	12026#15	1
992	Q0	67739#8	0
992	Q0	114981#2	0
992	Q0	618794#1	0
992	Q0	503521#0	0
992	Q0	67739#7	0
992	Q0	539905#1	0
992	Q0	122792#1	0
992	Q0	67739#12	0
992	Q0	67739#6	0
992	Q0	150304#0	0
992	Q0	174560#8	0
992	Q0	174560#9	0
992	Q0	951611#2	0
992	Q0	68336#2	0
993	Q0	276632#1	1
993	Q0	899590#37	0
993	Q0	899598#43	0
993	Q0	906867#7	0
993	Q0	899598#35	0
993	Q0	947596#40	0
993	Q0	899598#42	0
993	Q0	928594#19	0
993	Q0	916366#17	0
993	Q0	899598#34	0
993	Q0	848820#0	0
996	Q0	339899#2	1
996	Q0	339882#1	1
996	Q0	207221#1	0
996	Q0	207221#0	0
996	Q0	207221#10	0
996	Q0	207221#11	0
996	Q0	207221#2	0
996	Q0	1801612#0	0
996	Q0	207221#12	0
996	Q0	213995#8	0
996	Q0	207221#4	0
998	Q0	161698#0	1
998	Q0	836999#0	0
998	Q0	351087#9	0
998	Q0	837000#1	0
998	Q0	836996#1	0
998	Q0	161698#1	0
998	Q0	1672671#1	0
998	Q0	91755#9	0
998	Q0	161698#4	0
998	Q0	43983#7	0
998	Q0	161698#2	0
998	Q0	243132#5	0
1000	Q0	12077#4	1
1000	Q0	7617#2	1
1000	Q0	7617#1	0
1000	Q0	12077#16	0
1000	Q0	9770#11	0
1000	Q0	245834#0	0
1000	Q0	1240938#22	0
1000	Q0	148219#0	0
1000	Q0	7617#0	0
1000	Q0	1240938#4	0
1000	Q0	12077#19	0
1001	Q0	986716#0	1
1001	Q0	155218#0	1
1001	Q0	1011532#21	0
1001	Q0	1774561#0	0
1001	Q0	2027237#13	0
1001	Q0	567785#7	0
1001	Q0	252140#15	0
1001	Q0	9203#39	0
1001	Q0	30432#20	0
1001	Q0	272863#0	0
1001	Q0	259985#11	0
1001	Q0	2027237#15	0
1004	Q0	263176#27	1
1004	Q0	754#0	1
1004	Q0	789933#0	0
1004	Q0	688568#1	0
1004	Q0	9939#9	0
1004	Q0	784154#1	0
1004	Q0	500942#31	0
1004	Q0	427569#1	0
1004	Q0	74047#7	0
1004	Q0	1925813#64	0
1004	Q0	216725#6	0
1004	Q0	593625#1	0
1004	Q0	263176#29	0
1004	Q0	11448#0	0
1004	Q0	668392#2	0
1004	Q0	403208#0	0
1004	Q0	668351#1	0
1004	Q0	11448#4	0
1006	Q0	188463#2	1
1006	Q0	188463#6	0
1006	Q0	188463#5	0
1006	Q0	188463#9	0
1006	Q0	188463#8	0
1006	Q0	188463#16	0
1006	Q0	188486#1	0
1006	Q0	289653#2	0
1006	Q0	188463#17	0
1006	Q0	193716#2	0
1006	Q0	996875#3	0
1006	Q0	996875#2	0
1006	Q0	188491#27	0
1006	Q0	188463#7	0
1007	Q0	295150#4	1
1007	Q0	867169#0	0
1007	Q0	44866#7	0
1007	Q0	6638#16	0
1007	Q0	12471#0	0
1007	Q0	629834#2	0
1007	Q0	1932401#17	0
1007	Q0	10759#14	0
1007	Q0	867146#2	0
1007	Q0	124013#6	0
1007	Q0	3374#0	0
1007	Q0	909299#0	0
1007	Q0	12471#10	0
1007	Q0	28078#0	0
1007	Q0	980727#65	0
1007	Q0	33467#0	0
1007	Q0	256982#0	0
1013	Q0	867768#0	1
1013	Q0	2575#0	1
1013	Q0	1087697#0	0
1013	Q0	2575#5	0
1013	Q0	2575#4	0
1013	Q0	2575#79	0
1013	Q0	4322#0	0
1013	Q0	2575#1	0
1013	Q0	115332#2	0
1013	Q0	5559#2	0
1013	Q0	2575#2	0
1013	Q0	113387#1	0
1013	Q0	114366#2	0
1013	Q0	1668872#0	0
1013	Q0	115332#0	0
1014	Q0	84336#2	1
1014	Q0	84336#3	0
1014	Q0	265972#1	0
1014	Q0	984260#1	0
1014	Q0	547151#0	0
1014	Q0	433272#0	0
1014	Q0	963936#1	0
1014	Q0	1150172#14	0
1014	Q0	265972#0	0
1014	Q0	622118#0	0
1014	Q0	84336#5	0
1014	Q0	600633#5	0
1014	Q0	983248#5	0
1014	Q0	1150172#15	0
1015	Q0	15209#0	1
1015	Q0	15209#7	0
1015	Q0	15209#3	0
1015	Q0	15209#1	0
1015	Q0	15209#5	0
1015	Q0	15209#17	0
1015	Q0	15209#2	0
1015	Q0	15209#12	0
1015	Q0	15209#9	0
1015	Q0	1454666#8	0
1015	Q0	15209#4	0
1015	Q0	15209#14	0
1016	Q0	148330#2	1
1016	Q0	148330#3	1
1016	Q0	564305#3	1
1016	Q0	763501#1	0
1016	Q0	545721#2	0
1016	Q0	191636#17	0
1016	Q0	6162#1	0
1016	Q0	64656#15	0
1016	Q0	2911#11	0
1016	Q0	1354450#2	0
1016	Q0	6170#1	0
1016	Q0	122814#15	0
1016	Q0	640617#26	0
1017	Q0	1822819#0	1
1017	Q0	9889#13	1
1017	Q0	1731627#10	1
1017	Q0	9889#0	1
1017	Q0	249#59	1
1017	Q0	51467#14	0
1017	Q0	317562#0	0
1017	Q0	576876#5	0
1017	Q0	9889#16	0
1017	Q0	249#30	0
1017	Q0	214785#0	0
1017	Q0	9889#36	0
1017	Q0	607094#9	0
1017	Q0	259553#21	0
1017	Q0	47409#7	0
1018	Q0	56789#0	1
1018	Q0	288166#3	0
1018	Q0	1161196#7	0
1018	Q0	509743#0	0
1018	Q0	1919700#0	0
1018	Q0	193177#10	0
1018	Q0	74047#4	0
1018	Q0	1704979#1	0
1018	Q0	1634267#2	0
1018	Q0	52136#5	0
1018	Q0	1190772#3	0
1018	Q0	149603#7	0
1018	Q0	1007716#0	0
1018	Q0	56789#3	0
1018	Q0	577#21	0
1018	Q0	149603#6	0
1018	Q0	1190772#1	0
1018	Q0	145153#4	0
1018	Q0	1024903#20	0
1023	Q0	59223#8	1
1023	Q0	59223#12	1
1023	Q0	59223#9	0
1023	Q0	59223#15	0
1023	Q0	59223#2	0
1023	Q0	59223#11	0
1023	Q0	59223#7	0
1023	Q0	59223#10	0
1023	Q0	59223#13	0
1023	Q0	59223#16	0
1023	Q0	59223#0	0
1024	Q0	355903#2	1
1024	Q0	355903#0	0
1024	Q0	305451#40	0
1024	Q0	355903#14	0
1024	Q0	82502#31	0
1024	Q0	115429#1	0
1024	Q0	1749463#2	0
1024	Q0	115429#0	0
1024	Q0	272851#20	0
1024	Q0	272852#16	0
1024	Q0	1361015#0	0
1024	Q0	322784#1	0
1024	Q0	82502#32	0
1025	Q0	1359916#0	1
1025	Q0	762559#15	0
1025	Q0	1359916#1	0
1025	Q0	1602032#10	0
1025	Q0	150056#19	0
1025	Q0	1602032#11	0
1025	Q0	1359916#4	0
1025	Q0	1602108#8	0
1025	Q0	1359916#5	0
1025	Q0	762559#16	0
1025	Q0	1602223#1	0
1026	Q0	9224#0	1
1026	Q0	10753#32	0
1026	Q0	306790#10	0
1026	Q0	50050#0	0
1026	Q0	306790#26	0
1026	Q0	155712#0	0
1026	Q0	9224#48	0
1026	Q0	9224#38	0
1026	Q0	10066#3	0
1026	Q0	1358039#15	0
1026	Q0	336132#0	0
1026	Q0	639588#0	0
1026	Q0	785066#32	0
1026	Q0	9224#22	0
1026	Q0	1414799#2	0
1027	Q0	259#0	1
1027	Q0	529832#20	0
1027	Q0	304010#5	0
1027	Q0	366808#8	0
1027	Q0	507996#2	0
1027	Q0	507251#0	0
1027	Q0	360815#0	0
1027	Q0	127466#13	0
1027	Q0	52138#14	0
1027	Q0	333895#1	0
1027	Q0	80038#4	0
1027	Q0	74047#0	0
1027	Q0	975358#0	0
1027	Q0	1731627#13	0
1027	Q0	34709#42	0
1027	Q0	127466#15	0
1027	Q0	986653#0	0
1027	Q0	1731627#14	0
1030	Q0	493604#6	1
1030	Q0	493604#5	0
1030	Q0	493604#14	0
1030	Q0	493604#4	0
1030	Q0	622000#25	0
1030	Q0	493604#3	0
1030	Q0	493604#0	0
1030	Q0	493604#8	0
1030	Q0	269318#12	0
1030	Q0	493604#2	0
1030	Q0	341457#5	0
1030	Q0	493604#16	0
1030	Q0	1409529#41	0
1030	Q0	529049#12	0
1030	Q0	125419#3	0
1030	Q0	493604#13	0
1031	Q0	6483#38	1
1031	Q0	246694#6	0
1031	Q0	51467#17	0
1031	Q0	515169#0	0
1031	Q0	1259414#8	0
1031	Q0	246694#1	0
1031	Q0	51471#2	0
1031	Q0	120443#1	0
1031	Q0	10017#13	0
1031	Q0	1506501#2	0
1031	Q0	6474#4	0
1031	Q0	249#29	0
1031	Q0	1072696#2	0
1031	Q0	15931#35	0
1032	Q0	425832#0	1
1032	Q0	425832#25	0
1032	Q0	425832#1	0
1032	Q0	425832#24	0
1032	Q0	425832#21	0
1032	Q0	425832#28	0
1032	Q0	425832#34	0
1032	Q0	134107#3	0
1032	Q0	425832#22	0
1032	Q0	425832#26	0
1032	Q0	425832#29	0
1032	Q0	425832#32	0
1032	Q0	425832#20	0
1034	Q0	2376445#1	1
1034	Q0	44866#7	0
1034	Q0	263176#16	0
1034	Q0	12471#4	0
1034	Q0	1932401#17	0
1034	Q0	12471#0	0
1034	Q0	263176#13	0
1034	Q0	12471#10	0
1034	Q0	1932401#42	0
1034	Q0	12471#11	0
1034	Q0	374307#9	0
1035	Q0	699#1	1
1035	Q0	234638#1	0
1035	Q0	207243#10	0
1035	Q0	27799#4	0
1035	Q0	1478470#5	0
1035	Q0	23131#2	0
1035	Q0	903568#8	0
1035	Q0	12912#1	0
1035	Q0	1418110#14	0
1035	Q0	225763#0	0
1035	Q0	240659#2	0
1035	Q0	30554#7	0
1035	Q0	3771#3	0
1035	Q0	699#2	0
1035	Q0	479107#2	0
1035	Q0	1715840#4	0
1035	Q0	384770#1	0
1038	Q0	93188#153	1
1038	Q0	888885#1	1
1038	Q0	498422#0	1
1038	Q0	421854#64	1
1038	Q0	336697#38	0
1038	Q0	421854#3	0
1038	Q0	1294615#0	0
1038	Q0	498422#10	0
1038	Q0	498422#13	0
1038	Q0	31796#0	0
1038	Q0	498422#6	0
1038	Q0	2342#0	0
1038	Q0	336697#55	0
1038	Q0	336697#0	0
1045	Q0	111512#0	1
1045	Q0	142605#1	1
1045	Q0	111501#0	1
1045	Q0	13571#0	0
1045	Q0	208911#0	0
1045	Q0	13427#34	0
1045	Q0	342912#18	0
1045	Q0	298969#21	0
1045	Q0	179638#0	0
1045	Q0	74245#63	0
1045	Q0	142605#2	0
1045	Q0	175146#3	0
1045	Q0	142076#0	0
1045	Q0	190557#0	0
1046	Q0	324730#0	1
1046	Q0	1458#0	1
1046	Q0	1458#20	0
1046	Q0	1458#1	0
1046	Q0	1739622#1	0
1046	Q0	1458#65	0
1046	Q0	1475583#1	0
1046	Q0	1086203#1	0
1046	Q0	1276491#0	0
1046	Q0	1352075#27	0
1046	Q0	1458#69	0
1046	Q0	398670#0	0
1046	Q0	1458#35	0
1046	Q0	86240#1	0
1047	Q0	599559#0	1
1047	Q0	498226#0	1
1047	Q0	597659#0	1
1047	Q0	298084#12	0
1047	Q0	1412928#0	0
1047	Q0	672260#0	0
1047	Q0	673057#0	0
1047	Q0	671281#0	0
1047	Q0	679003#0	0
1047	Q0	1003473#0	0
1047	Q0	547922#0	0
1047	Q0	2274354#0	0
1047	Q0	1648933#0	0
1047	Q0	562091#0	0
1047	Q0	717199#0	0
1047	Q0	671080#0	0
1049	Q0	269598#15	1
1049	Q0	382511#1	1
1049	Q0	288996#1	0
1049	Q0	245018#2	0
1049	Q0	9447#14	0
1049	Q0	2385771#0	0
1049	Q0	936772#11	0
1049	Q0	459829#2	0
1049	Q0	936772#5	0
1049	Q0	655730#3	0
1049	Q0	483623#0	0
1049	Q0	764533#9	0
1049	Q0	203299#91	0
1049	Q0	1777185#87	0
1049	Q0	491109#0	0
1049	Q0	578582#2	0
1050	Q0	57242#0	1
1050	Q0	536047#0	1
1050	Q0	536047#1	1
1050	Q0	536047#5	1
1050	Q0	536047#3	0
1050	Q0	526360#1	0
1050	Q0	1214396#4	0
1050	Q0	77178#1	0
1050	Q0	572087#2	0
1050	Q0	263061#3	0
1050	Q0	77178#2	0
1050	Q0	321326#4	0
1053	Q0	532899#4	1
1053	Q0	415938#1	1
1053	Q0	10336#0	1
1053	Q0	10336#65	1
1053	Q0	2399332#1	1
1053	Q0	113659#7	0
1053	Q0	1852#28	0
1053	Q0	920274#2	0
1053	Q0	415938#4	0
1053	Q0	10336#68	0
1053	Q0	39571#0	0
1053	Q0	654067#22	0
1053	Q0	567505#7	0
1053	Q0	1219894#13	0
1053	Q0	10336#1	0
1054	Q0	6382#6	1
1054	Q0	32133#6	1
1054	Q0	622176#6	0
1054	Q0	396126#8	0
1054	Q0	209617#3	0
1054	Q0	555726#5	0
1054	Q0	237053#1	0
1054	Q0	803410#3	0
1054	Q0	622176#5	0
1054	Q0	786288#1	0
1054	Q0	195083#0	0
1054	Q0	6382#8	0
1054	Q0	13597#5	0
1054	Q0	6382#10	0
1054	Q0	6193#9	0
1054	Q0	32522#3	0
1056	Q0	97809#1	1
1056	Q0	97809#7	0
1056	Q0	97809#3	0
1056	Q0	97809#44	0
1056	Q0	616693#60	0
1056	Q0	97809#5	0
1056	Q0	1914085#4	0
1056	Q0	616693#18	0
1056	Q0	97809#26	0
1056	Q0	97809#2	0
1056	Q0	97809#0	0
1056	Q0	1611915#4	0
1056	Q0	1611915#6	0
1057	Q0	2011985#0	1
1057	Q0	7753#2	1
1057	Q0	2011985#4	1
1057	Q0	7753#45	1
1057	Q0	10174#8	1
1057	Q0	936772#33	0
1057	Q0	1479867#3	0
1057	Q0	7753#41	0
1057	Q0	1361843#1	0
1057	Q0	7766#28	0
1057	Q0	2011985#9	0
1057	Q0	14220#13	0
1057	Q0	7753#51	0
1057	Q0	7766#30	0
1057	Q0	43724#18	0
1060	Q0	4478#3	1
1060	Q0	4478#2	0
1060	Q0	855602#1	0
1060	Q0	4478#8	0
1060	Q0	4478#6	0
1060	Q0	38017#6	0
1060	Q0	4478#1	0
1060	Q0	577817#0	0
1060	Q0	4478#23	0
1060	Q0	4478#4	0
1060	Q0	4478#7	0
1060	Q0	731543#5	0
1061	Q0	163436#1	1
1061	Q0	1993774#0	0
1061	Q0	1827206#0	0
1061	Q0	2427735#1	0
1061	Q0	143032#0	0
1061	Q0	150980#0	0
1061	Q0	123014#5	0
1061	Q0	1396561#7	0
1061	Q0	201125#0	0
1061	Q0	1160371#0	0
1061	Q0	163436#0	0
1061	Q0	388366#0	0
1061	Q0	973944#0	0
1061	Q0	284864#6	0
1061	Q0	36265#15	0
1061	Q0	104287#0	0
1063	Q0	56412#1	1
1063	Q0	56412#15	1
1063	Q0	385721#49	1
1063	Q0	52187#105	1
1063	Q0	34057#14	1
1063	Q0	1002896#1	0
1063	Q0	34057#0	0
1063	Q0	216959#8	0
1063	Q0	1007592#2	0
1063	Q0	34057#2	0
1063	Q0	7210#5	0
1063	Q0	34057#16	0
1063	Q0	52187#67	0
1064	Q0	258925#2	1
1064	Q0	258925#14	0
1064	Q0	258925#5	0
1064	Q0	258925#13	0
1064	Q0	258925#6	0
1064	Q0	258925#9	0
1064	Q0	258925#3	0
1064	Q0	258925#8	0
1064	Q0	971217#3	0
1064	Q0	308345#8	0
1064	Q0	94056#48	0
1069	Q0	2205#1	1
1069	Q0	176680#0	0
1069	Q0	873622#0	0
1069	Q0	176680#4	0
1069	Q0	131726#1	0
1069	Q0	137872#2	0
1069	Q0	266119#14	0
1069	Q0	1614852#1	0
1069	Q0	1095409#0	0
1069	Q0	176769#0	0
1069	Q0	503416#0	0
1069	Q0	2319#0	0
1069	Q0	314692#0	0
1069	Q0	766737#0	0
1069	Q0	1601409#0	0
1069	Q0	2352625#0	0
1069	Q0	1334398#0	0
1069	Q0	1068778#0	0
1069	Q0	351509#0	0
1072	Q0	42284#0	1
1072	Q0	224072#6	1
1072	Q0	54851#2	0
1072	Q0	227255#7	0
1072	Q0	111483#1	0
1072	Q0	224066#9	0
1072	Q0	42284#6	0
1072	Q0	225121#2	0
1072	Q0	238726#1	0
1072	Q0	277643#1	0
1072	Q0	54851#0	0
1072	Q0	42284#14	0
1072	Q0	45714#0	0
1072	Q0	249707#0	0
1073	Q0	111517#1	1
1073	Q0	99514#0	0
1073	Q0	172593#1	0
1073	Q0	2795#1	0
1073	Q0	111517#5	0
1073	Q0	182413#3	0
1073	Q0	182413#0	0
1073	Q0	115530#1	0
1073	Q0	182413#4	0
1073	Q0	99514#1	0
1073	Q0	99514#2	0
1074	Q0	11521#24	1
1074	Q0	2337#84	1
1074	Q0	2337#190	1
1074	Q0	2337#2	1
1074	Q0	1235976#2	0
1074	Q0	11521#68	0
1074	Q0	1787019#25	0
1074	Q0	434168#4	0
1074	Q0	19974#1	0
1074	Q0	2337#151	0
1074	Q0	2305952#22	0
1074	Q0	2337#147	0
1074	Q0	2337#150	0
1074	Q0	1073248#8	0
1074	Q0	211123#49	0
1074	Q0	19974#5	0
1074	Q0	2337#143	0
1074	Q0	19974#13	0
1077	Q0	31577#2	1
1077	Q0	6214#1	1
1077	Q0	31577#25	0
1077	Q0	31577#32	0
1077	Q0	1738653#0	0
1077	Q0	31577#21	0
1077	Q0	31577#44	0
1077	Q0	112182#1	0
1077	Q0	31577#28	0
1077	Q0	31577#9	0
1077	Q0	31577#29	0
1077	Q0	31577#31	0
1077	Q0	31577#35	0
1077	Q0	31577#36	0
1079	Q0	14013#6	1
1079	Q0	14013#7	0
1079	Q0	14013#4	0
1079	Q0	14013#9	0
1079	Q0	14013#11	0
1079	Q0	11619#4	0
1079	Q0	14013#10	0
1079	Q0	13838#2	0
1079	Q0	14013#5	0
1079	Q0	14013#8	0
1079	Q0	14009#5	0
1083	Q0	133417#0	1
1083	Q0	506631#0	1
1083	Q0	1474548#3	1
1083	Q0	1474548#4	1
1083	Q0	292173#0	0
1083	Q0	558048#0	0
1083	Q0	411565#2	0
1083	Q0	9868#0	0
1083	Q0	769888#0	0
1083	Q0	1990111#0	0
1083	Q0	675342#15	0
1083	Q0	95661#0	0
1083	Q0	771075#1	0
1083	Q0	426#4	0
1083	Q0	426#0	0
1083	Q0	361167#0	0
1083	Q0	405950#4	0
1083	Q0	263952#22	0
1083	Q0	230851#0	0
1083	Q0	107626#1	0
1084	Q0	123353#0	1
1084	Q0	123353#4	0
1084	Q0	637503#1	0
1084	Q0	637503#0	0
1084	Q0	123353#31	0
1084	Q0	123353#55	0
1084	Q0	123353#67	0
1084	Q0	637503#12	0
1084	Q0	123353#59	0
1084	Q0	139328#6	0
1084	Q0	123353#62	0
1084	Q0	956010#4	0
1084	Q0	123353#58	0
1084	Q0	956010#0	0
1087	Q0	22194#4	1
1087	Q0	22194#0	0
1087	Q0	22194#6	0
1087	Q0	22194#5	0
1087	Q0	22194#7	0
1087	Q0	22194#2	0
1087	Q0	164142#0	0
1087	Q0	608148#4	0
1087	Q0	1992953#0	0
1087	Q0	1171298#0	0
1087	Q0	95892#0	0
1087	Q0	356946#0	0
1087	Q0	447730#1	0
1089	Q0	1033406#7	1
1089	Q0	82978#21	1
1089	Q0	81443#0	0
1089	Q0	377680#4	0
1089	Q0	81442#0	0
1089	Q0	29951#5	0
1089	Q0	508150#2	0
1089	Q0	997109#2	0
1089	Q0	72789#16	0
1089	Q0	366808#1	0
1089	Q0	95490#19	0
1089	Q0	6147#4	0
1089	Q0	72789#0	0
1089	Q0	72789#20	0
1089	Q0	197319#40	0
1089	Q0	72789#22	0
1089	Q0	221755#1	0
1090	Q0	14281#57	1
1090	Q0	446672#8	1
1090	Q0	340934#0	0
1090	Q0	917095#40	0
1090	Q0	960374#0	0
1090	Q0	96869#14	0
1090	Q0	754#0	0
1090	Q0	754#11	0
1090	Q0	14281#21	0
1090	Q0	916344#3	0
1090	Q0	39759#15	0
1090	Q0	39760#20	0
1090	Q0	478611#6	0
1090	Q0	5732#39	0
1091	Q0	12940#6	1
1091	Q0	1675773#32	0
1091	Q0	2911#24	0
1091	Q0	1600459#0	0
1091	Q0	1675773#0	0
1091	Q0	2911#22	0
1091	Q0	1675773#38	0
1091	Q0	813597#5	0
1091	Q0	1675773#13	0
1091	Q0	12940#0	0
1091	Q0	2911#15	0
1091	Q0	12940#24	0
1091	Q0	2911#16	0
1091	Q0	6216#6	0
1091	Q0	2911#26	0
1093	Q0	21989#0	1
1093	Q0	30940#2	1
1093	Q0	22033#2	0
1093	Q0	13460#3	0
1093	Q0	5171#3	0
1093	Q0	366808#3	0
1093	Q0	534310#0	0
1093	Q0	1288338#1	0
1093	Q0	89064#4	0
1093	Q0	80038#5	0
1093	Q0	29350#3	0
1093	Q0	22184#3	0
1093	Q0	74638#1	0
1093	Q0	10051#5	0
1096	Q0	919013#0	1
1096	Q0	919013#25	0
1096	Q0	919013#53	0
1096	Q0	919013#31	0
1096	Q0	919013#22	0
1096	Q0	919013#45	0
1096	Q0	919013#30	0
1096	Q0	919013#46	0
1096	Q0	919013#14	0
1096	Q0	919013#49	0
1096	Q0	919013#32	0
1096	Q0	919013#35	0
1096	Q0	919013#28	0
1096	Q0	919013#33	0
1097	Q0	67887#0	1
1097	Q0	111656#1	0
1097	Q0	516101#0	0
1097	Q0	806641#9	0
1097	Q0	570061#0	0
1097	Q0	77178#1	0
1097	Q0	351197#0	0
1097	Q0	317214#8	0
1097	Q0	67887#3	0
1097	Q0	67887#2	0
1097	Q0	536047#0	0
1097	Q0	384480#2	0
1097	Q0	1987274#12	0
1097	Q0	57242#0	0
1098	Q0	10235#6	1
1098	Q0	360528#0	0
1098	Q0	1390280#1	0
1098	Q0	1746926#0	0
1098	Q0	5739#19	0
1098	Q0	10235#0	0
1098	Q0	10235#11	0
1098	Q0	10235#19	0
1098	Q0	149553#0	0
1098	Q0	35968#0	0
1098	Q0	48717#0	0
1098	Q0	107032#1	0
1099	Q0	1000601#0	1
1099	Q0	15907#1	0
1099	Q0	530573#0	0
1099	Q0	15907#17	0
1099	Q0	262080#0	0
1099	Q0	811144#0	0
1099	Q0	15907#21	0
1099	Q0	344811#11	0
1099	Q0	259346#1	0
1099	Q0	15907#19	0
1099	Q0	930380#0	0
1099	Q0	726184#0	0
1099	Q0	9446#78	0
1102	Q0	12308#0	1
1102	Q0	1845937#1	0
1102	Q0	95068#43	0
1102	Q0	691777#12	0
1102	Q0	287768#23	0
1102	Q0	524596#0	0
1102	Q0	60863#7	0
1102	Q0	95068#14	0
1102	Q0	32263#29	0
1102	Q0	112063#1	0
1102	Q0	287768#16	0
1102	Q0	32263#0	0
1102	Q0	1845937#0	0
1102	Q0	261490#0	0
1102	Q0	449427#0	0
1102	Q0	99367#1	0
1102	Q0	99367#0	0
1102	Q0	653019#0	0
1103	Q0	1958095#0	1
1103	Q0	66575#0	1
1103	Q0	1771819#2	0
1103	Q0	1771819#0	0
1103	Q0	304498#4	0
1103	Q0	1771819#3	0
1103	Q0	54201#12	0
1103	Q0	68466#0	0
1103	Q0	1053865#2	0
1103	Q0	1187144#0	0
1103	Q0	2006286#0	0
1103	Q0	68687#1	0
1103	Q0	1287097#0	0
1103	Q0	1181668#0	0
1104	Q0	1731627#6	1
1104	Q0	495#0	1
1104	Q0	1240891#0	0
1104	Q0	207596#1	0
1104	Q0	558686#0	0
1104	Q0	307614#1	0
1104	Q0	52138#14	0
1104	Q0	490937#1	0
1104	Q0	301818#4	0
1104	Q0	74047#4	0
1104	Q0	305595#1	0
1104	Q0	382435#1	0
1104	Q0	1731627#5	0
1104	Q0	1731627#13	0
1104	Q0	342720#16	0
1104	Q0	494#0	0
1104	Q0	96053#0	0
1104	Q0	6481#0	0
1104	Q0	405887#0	0
1104	Q0	168765#0	0
1105	Q0	56412#50	1
1105	Q0	56412#0	1
1105	Q0	1002896#17	0
1105	Q0	1181685#1	0
1105	Q0	1729298#0	0
1105	Q0	1717072#0	0
1105	Q0	1683367#0	0
1105	Q0	414644#0	0
1105	Q0	1798883#0	0
1105	Q0	847147#1	0
1105	Q0	866287#0	0
1105	Q0	56412#52	0
1105	Q0	1763724#0	0
1105	Q0	1800217#0	0
1105	Q0	1776293#0	0
1105	Q0	61921#0	0
1107	Q0	2129#1	1
1107	Q0	1424383#0	1
1107	Q0	999438#0	0
1107	Q0	34115#12	0
1107	Q0	11055#3	0
1107	Q0	288166#3	0
1107	Q0	121328#9	0
1107	Q0	1256398#3	0
1107	Q0	1161196#7	0
1107	Q0	230006#0	0
1107	Q0	193178#4	0
1107	Q0	593984#1	0
1107	Q0	34115#1	0
1107	Q0	76448#0	0
1107	Q0	1387384#0	0
1107	Q0	1638187#0	0
1107	Q0	64753#15	0
1107	Q0	1424383#1	0
1107	Q0	64753#0	0
1107	Q0	64753#14	0
1109	Q0	181#1	1
1109	Q0	762#5	0
1109	Q0	61791#0	0
1109	Q0	803053#3	0
1109	Q0	181#0	0
1109	Q0	241469#0	0
1109	Q0	2129#45	0
1109	Q0	181#4	0
1109	Q0	85854#2	0
1109	Q0	10071#1	0
1109	Q0	9#9	0
1109	Q0	899600#24	0
1109	Q0	107995#0	0
1109	Q0	114387#3	0
1111	Q0	1958095#0	1
1111	Q0	66575#0	1
1111	Q0	1771819#2	0
1111	Q0	68466#0	0
1111	Q0	103763#1	0
1111	Q0	67070#0	0
1111	Q0	964411#0	0
1111	Q0	1771819#0	0
1111	Q0	304498#4	0
1111	Q0	54201#12	0
1111	Q0	1771819#3	0
1111	Q0	1053865#2	0
1111	Q0	342877#1	0
1111	Q0	68687#1	0
1111	Q0	964411#1	0
1113	Q0	16010#0	1
1113	Q0	16010#20	0
1113	Q0	171556#10	0
1113	Q0	145215#0	0
1113	Q0	16010#2	0
1113	Q0	335742#1	0
1113	Q0	955365#3	0
1113	Q0	1629289#0	0
1113	Q0	12831#0	0
1113	Q0	1366862#2	0
1113	Q0	16010#14	0
1113	Q0	967709#0	0
1113	Q0	16010#18	0
1113	Q0	56627#13	0
1113	Q0	1785918#4	0
1115	Q0	10235#0	1
1115	Q0	10235#6	1
1115	Q0	10235#11	0
1115	Q0	10235#19	0
1115	Q0	10235#29	0
1115	Q0	596222#5	0
1115	Q0	48717#0	0
1115	Q0	75745#4	0
1115	Q0	26799#7	0
1115	Q0	502643#0	0
1115	Q0	35968#0	0
1115	Q0	95092#0	0
1116	Q0	82448#0	1
1116	Q0	431396#0	1
1116	Q0	19949#0	0
1116	Q0	82448#5	0
1116	Q0	1593200#0	0
1116	Q0	1501334#1	0
1116	Q0	474836#3	0
1116	Q0	372406#0	0
1116	Q0	558686#0	0
1116	Q0	509743#0	0
1116	Q0	657296#0	0
1116	Q0	727807#1	0
1116	Q0	978057#5	0
1116	Q0	41260#0	0
1116	Q0	1312113#0	0
1116	Q0	102221#0	0
1117	Q0	2812#0	1
1117	Q0	2849#13	0
1117	Q0	13521#0	0
1117	Q0	410260#1	0
1117	Q0	255735#26	0
1117	Q0	358293#0	0
1117	Q0	156296#0	0
1117	Q0	2812#1	0
1117	Q0	551458#0	0
1117	Q0	458595#9	0
1117	Q0	1663596#1	0
1117	Q0	287294#2	0
1117	Q0	1806556#1	0
1119	Q0	52187#26	1
1119	Q0	12947#1	1
1119	Q0	126816#1	0
1119	Q0	786876#28	0
1119	Q0	12947#0	0
1119	Q0	1675526#0	0
1119	Q0	12947#11	0
1119	Q0	31384#12	0
1119	Q0	354161#1	0
1119	Q0	203703#1	0
1119	Q0	1422141#1	0
1119	Q0	12947#24	0
1119	Q0	19506#2	0
1119	Q0	203703#3	0
1119	Q0	12947#17	0
1119	Q0	118744#10	0
1120	Q0	284269#0	1
1120	Q0	7634#0	0
1120	Q0	7634#1	0
1120	Q0	7637#0	0
1120	Q0	7636#0	0
1120	Q0	7638#0	0
1120	Q0	109714#10	0
1120	Q0	108966#3	0
1120	Q0	7639#0	0
1120	Q0	108840#7	0
1120	Q0	12665#14	0
1120	Q0	108840#0	0
1122	Q0	890318#0	1
1122	Q0	29891#5	0
1122	Q0	29891#7	0
1122	Q0	227217#3	0
1122	Q0	146304#1	0
1122	Q0	29891#9	0
1122	Q0	1280649#0	0
1122	Q0	29891#6	0
1122	Q0	460022#7	0
1122	Q0	76783#28	0
1122	Q0	1409908#0	0
1122	Q0	1402218#0	0
1122	Q0	2271719#0	0
1122	Q0	476919#0	0
1123	Q0	4996#53	1
1123	Q0	302097#0	1
1123	Q0	525187#1	1
1123	Q0	4996#2	0
1123	Q0	1916021#0	0
1123	Q0	4996#15	0
1123	Q0	14747#14	0
1123	Q0	4996#0	0
1123	Q0	39253#30	0
1123	Q0	2032546#2	0
1123	Q0	39253#2	0
1123	Q0	4996#59	0
1123	Q0	361995#23	0
1123	Q0	607688#1	0
1123	Q0	1873239#0	0
1123	Q0	1868358#2	0
1124	Q0	54924#0	1
1124	Q0	54924#19	0
1124	Q0	54924#18	0
1124	Q0	54924#13	0
1124	Q0	1465505#28	0
1124	Q0	43421#24	0
1124	Q0	633901#1	0
1124	Q0	1914172#3	0
1124	Q0	675519#0	0
1124	Q0	1919700#0	0
1124	Q0	78997#14	0
1124	Q0	54924#22	0
1124	Q0	54924#17	0
1124	Q0	311255#11	0
1124	Q0	54924#20	0
1124	Q0	311255#15	0
1124	Q0	54924#8	0
1128	Q0	174701#2	1
1128	Q0	9167#18	1
1128	Q0	9167#0	1
1128	Q0	43616#0	1
1128	Q0	174701#0	1
1128	Q0	727794#4	0
1128	Q0	454588#0	0
1128	Q0	1783237#8	0
1128	Q0	1835019#1	0
1128	Q0	769956#9	0
1128	Q0	322772#13	0
1128	Q0	9167#12	0
1128	Q0	849828#6	0
1132	Q0	878589#15	1
1132	Q0	32385#11	1
1132	Q0	1123631#5	1
1132	Q0	14224#0	1
1132	Q0	878589#0	1
1132	Q0	878589#5	1
1132	Q0	30272#1	1
1132	Q0	462204#1	1
1132	Q0	34057#3	1
1132	Q0	77248#18	0
1132	Q0	14224#7	0
1132	Q0	1371114#3	0
1132	Q0	14224#8	0
1132	Q0	1433413#2	0
1133	Q0	131439#3	1
1133	Q0	487516#0	1
1133	Q0	42218#18	0
1133	Q0	429490#1	0
1133	Q0	487516#16	0
1133	Q0	487516#25	0
1133	Q0	137343#0	0
1133	Q0	10043#4	0
1133	Q0	1186577#0	0
1133	Q0	57030#1	0
1133	Q0	47025#7	0
1133	Q0	2391#2	0
1133	Q0	703#80	0
1133	Q0	1944514#1	0
1133	Q0	487516#27	0
1134	Q0	9977#4	1
1134	Q0	9977#15	0
1134	Q0	540177#16	0
1134	Q0	9977#10	0
1134	Q0	1319103#0	0
1134	Q0	640531#0	0
1134	Q0	1972226#1	0
1134	Q0	9977#7	0
1134	Q0	1008240#0	0
1134	Q0	9977#5	0
1134	Q0	9977#9	0
1134	Q0	15676#12	0
1134	Q0	774242#4	0
1134	Q0	1375545#2	0
1134	Q0	1008240#2	0
1137	Q0	95068#11	1
1137	Q0	183753#20	0
1137	Q0	32363#9	0
1137	Q0	173126#10	0
1137	Q0	189877#6	0
1137	Q0	492470#0	0
1137	Q0	1583367#10	0
1137	Q0	397601#1	0
1137	Q0	120256#1	0
1137	Q0	118653#4	0
1137	Q0	1852#15	0
1137	Q0	288758#3	0
1137	Q0	183753#0	0
1137	Q0	491003#0	0
1137	Q0	486430#0	0
1137	Q0	486431#0	0
1137	Q0	191003#1	0
1143	Q0	39411#6	1
1143	Q0	776221#28	0
1143	Q0	32344#49	0
1143	Q0	32344#45	0
1143	Q0	32344#48	0
1143	Q0	39411#9	0
1143	Q0	1176986#0	0
1143	Q0	32344#14	0
1143	Q0	160693#1	0
1143	Q0	39411#7	0
1143	Q0	213041#5	0
1143	Q0	39426#1	0
1143	Q0	1432150#12	0
1145	Q0	1833923#0	1
1145	Q0	1833923#3	0
1145	Q0	1833923#2	0
1145	Q0	1833923#1	0
1145	Q0	1381532#7	0
1145	Q0	606665#2	0
1145	Q0	99086#1	0
1145	Q0	1105524#14	0
1145	Q0	1833923#4	0
1145	Q0	1990981#0	0
1145	Q0	93308#2	0
1145	Q0	253651#1	0
1145	Q0	981644#27	0
1146	Q0	694382#1	1
1146	Q0	694382#2	0
1146	Q0	694382#3	0
1146	Q0	694382#9	0
1146	Q0	694382#4	0
1146	Q0	694382#0	0
1146	Q0	694382#7	0
1146	Q0	39367#46	0
1146	Q0	502361#17	0
1146	Q0	908810#0	0
1146	Q0	892040#2	0
1146	Q0	19007#3	0
1146	Q0	732145#0	0
1147	Q0	1852#38	1
1147	Q0	1352075#6	0
1147	Q0	583035#1	0
1147	Q0	2719#1	0
1147	Q0	1852#39	0
1147	Q0	2719#0	0
1147	Q0	181307#4	0
1147	Q0	181307#0	0
1147	Q0	181307#8	0
1147	Q0	306139#5	0
1147	Q0	1409529#3	0
1147	Q0	219855#9	0
1147	Q0	265268#1	0
1147	Q0	219284#18	0
1147	Q0	181137#1	0
1147	Q0	219284#27	0
1147	Q0	219855#6	0
1148	Q0	35451#0	1
1148	Q0	54153#0	0
1148	Q0	55121#0	0
1148	Q0	55142#0	0
1148	Q0	55120#0	0
1148	Q0	55111#0	0
1148	Q0	32478#0	0
1148	Q0	740186#0	0
1148	Q0	531570#0	0
1148	Q0	55106#0	0
1148	Q0	216833#0	0
1148	Q0	55114#0	0
1152	Q0	5387#0	1
1152	Q0	5498#0	1
1152	Q0	604833#0	1
1152	Q0	247965#0	1
1152	Q0	1088086#0	1
1152	Q0	1678642#1	0
1152	Q0	238972#8	0
1152	Q0	220336#1	0
1152	Q0	5498#1	0
1152	Q0	238972#0	0
1152	Q0	1078969#1	0
1152	Q0	1298642#1	0
1152	Q0	5387#8	0
1156	Q0	308798#5	1
1156	Q0	50070#3	1
1156	Q0	8759#60	1
1156	Q0	9224#0	0
1156	Q0	1271889#13	0
1156	Q0	336132#0	0
1156	Q0	1414799#0	0
1156	Q0	1414799#2	0
1156	Q0	9224#26	0
1156	Q0	306790#13	0
1156	Q0	175098#5	0
1156	Q0	785066#9	0
1156	Q0	968125#24	0
1159	Q0	1105720#1	1
1159	Q0	879067#0	0
1159	Q0	65247#4	0
1159	Q0	1282529#2	0
1159	Q0	32424#0	0
1159	Q0	1291831#1	0
1159	Q0	3771#4	0
1159	Q0	949699#0	0
1159	Q0	926628#4	0
1159	Q0	466359#1	0
1159	Q0	1105720#0	0
1159	Q0	143989#2	0
1159	Q0	1704445#0	0
1159	Q0	1277094#3	0
1159	Q0	1623850#1	0
1159	Q0	26980#40	0
1160	Q0	583144#0	1
1160	Q0	2705#1	0
1160	Q0	89330#1	0
1160	Q0	1149097#0	0
1160	Q0	2705#9	0
1160	Q0	9020#0	0
1160	Q0	89310#1	0
1160	Q0	1149097#1	0
1160	Q0	1181409#0	0
1160	Q0	48854#0	0
1160	Q0	2705#3	0
1160	Q0	9020#1	0
1160	Q0	42005#5	0
1160	Q0	8333#2	0
1161	Q0	14747#1	1
1161	Q0	4996#26	1
1161	Q0	514702#9	1
1161	Q0	39253#0	1
1161	Q0	700896#1	1
1161	Q0	36152#1	0
1161	Q0	4996#15	0
1161	Q0	14747#18	0
1161	Q0	4996#59	0
1161	Q0	241175#9	0
1161	Q0	36154#1	0
1161	Q0	14747#27	0
1161	Q0	14747#21	0
1161	Q0	39253#4	0
1161	Q0	511088#5	0
1161	Q0	39253#30	0
1162	Q0	154115#3	1
1162	Q0	154115#9	0
1162	Q0	238250#16	0
1162	Q0	1757707#3	0
1162	Q0	238250#10	0
1162	Q0	12999#17	0
1162	Q0	1757707#1	0
1162	Q0	1757707#4	0
1162	Q0	2253349#4	0
1162	Q0	1757707#6	0
1162	Q0	154115#6	0
1162	Q0	12953#1	0
1162	Q0	39824#7	0
1169	Q0	1064232#0	1
1169	Q0	944137#0	1
1169	Q0	944360#0	1
1169	Q0	175142#12	0
1169	Q0	12510#34	0
1169	Q0	12510#40	0
1169	Q0	86373#1	0
1169	Q0	12510#38	0
1169	Q0	12510#35	0
1169	Q0	1146529#3	0
1169	Q0	12510#42	0
1169	Q0	1936807#3	0
1169	Q0	944137#1	0
1169	Q0	12510#26	0
1169	Q0	8394#66	0
1178	Q0	879125#0	1
1178	Q0	1395975#0	0
1178	Q0	879125#12	0
1178	Q0	1327403#0	0
1178	Q0	647499#0	0
1178	Q0	879125#3	0
1178	Q0	49817#0	0
1178	Q0	879125#1	0
1178	Q0	879125#4	0
1178	Q0	5839#0	0
1178	Q0	1835009#1	0
1178	Q0	35335#5	0
1178	Q0	879125#13	0
1180	Q0	191411#2	1
1180	Q0	68290#6	1
1180	Q0	276582#1	1
1180	Q0	185211#0	1
1180	Q0	276582#0	0
1180	Q0	126245#5	0
1180	Q0	263152#0	0
1180	Q0	263152#8	0
1180	Q0	583046#1	0
1180	Q0	233496#3	0
1180	Q0	2051593#1	0
1180	Q0	72596#3	0
1180	Q0	263152#5	0
1180	Q0	263152#23	0
1181	Q0	20840#0	1
1181	Q0	20840#59	0
1181	Q0	1330270#6	0
1181	Q0	878042#1	0
1181	Q0	20840#60	0
1181	Q0	20840#3	0
1181	Q0	20840#21	0
1181	Q0	20840#41	0
1181	Q0	20840#45	0
1181	Q0	361983#2	0
1181	Q0	20840#28	0
1181	Q0	632706#0	0
1181	Q0	529831#8	0
1181	Q0	1992072#18	0
1181	Q0	1920601#10	0
1182	Q0	72789#16	1
1182	Q0	1033406#7	1
1182	Q0	134299#3	0
1182	Q0	3326#1	0
1182	Q0	188571#0	0
1182	Q0	377680#4	0
1182	Q0	72789#14	0
1182	Q0	549806#0	0
1182	Q0	12517#0	0
1182	Q0	197319#40	0
1182	Q0	5904#35	0
1182	Q0	72789#20	0
1182	Q0	72789#15	0
1182	Q0	72789#0	0
1184	Q0	7629#104	1
1184	Q0	123544#2	0
1184	Q0	7629#107	0
1184	Q0	33993#44	0
1184	Q0	2531#92	0
1184	Q0	7629#37	0
1184	Q0	240463#78	0
1184	Q0	5963#15	0
1184	Q0	7629#90	0
1184	Q0	545467#5	0
1184	Q0	240463#59	0
1184	Q0	7629#0	0
1184	Q0	841455#0	0
1184	Q0	1583395#1	0
1185	Q0	9169#0	1
1185	Q0	1323730#0	1
1185	Q0	1322437#0	1
1185	Q0	1280711#0	1
1185	Q0	1027234#0	1
1185	Q0	1280703#0	1
1185	Q0	46270#0	1
1185	Q0	1052444#0	0
1185	Q0	1322466#0	0
1185	Q0	1322860#0	0
1185	Q0	1322462#0	0
1185	Q0	1280602#0	0
1185	Q0	9168#0	0
1185	Q0	9169#6	0
1185	Q0	9169#3	0
1188	Q0	2205#0	1
1188	Q0	55686#0	1
1188	Q0	129520#0	0
1188	Q0	34745#3	0
1188	Q0	299019#0	0
1188	Q0	345672#0	0
1188	Q0	80143#0	0
1188	Q0	34701#0	0
1188	Q0	303995#16	0
1188	Q0	127466#13	0
1188	Q0	333895#1	0
1188	Q0	34709#42	0
1188	Q0	351407#0	0
1188	Q0	305325#2	0
1188	Q0	52138#14	0
1188	Q0	74047#0	0
1188	Q0	44288#8	0
1188	Q0	326484#0	0
1189	Q0	9178#10	1
1189	Q0	656179#0	0
1189	Q0	561237#1	0
1189	Q0	74554#0	0
1189	Q0	9178#1	0
1189	Q0	2766#2	0
1189	Q0	261321#6	0
1189	Q0	183413#6	0
1189	Q0	9178#24	0
1189	Q0	582184#0	0
1189	Q0	9178#11	0
1189	Q0	2766#8	0
1189	Q0	30224#0	0
1189	Q0	352178#5	0
1191	Q0	128660#4	1
1191	Q0	573061#2	0
1191	Q0	221530#2	0
1191	Q0	1369487#1	0
1191	Q0	67467#32	0
1191	Q0	146353#17	0
1191	Q0	1108778#1	0
1191	Q0	1630967#1	0
1191	Q0	1100870#1	0
1191	Q0	675342#15	0
1191	Q0	67887#0	0
1191	Q0	29932#5	0
1191	Q0	263061#3	0
1191	Q0	176641#1	0
1191	Q0	336104#4	0
1191	Q0	1949340#9	0
1194	Q0	41443#0	1
1194	Q0	1184650#6	1
1194	Q0	128611#29	0
1194	Q0	128611#24	0
1194	Q0	41443#4	0
1194	Q0	1184650#5	0
1194	Q0	41443#7	0
1194	Q0	128611#2	0
1194	Q0	41443#2	0
1194	Q0	583882#6	0
1194	Q0	1184650#4	0
1194	Q0	128611#23	0
1194	Q0	128611#0	0
1194	Q0	1184650#12	0
1194	Q0	41443#3	0
1196	Q0	153612#10	1
1196	Q0	153612#0	1
1196	Q0	153612#21	1
1196	Q0	153612#15	1
1196	Q0	153612#22	0
1196	Q0	153612#5	0
1196	Q0	516436#0	0
1196	Q0	153612#23	0
1196	Q0	153612#3	0
1196	Q0	299192#2	0
1196	Q0	153612#8	0
1196	Q0	153612#1	0
1196	Q0	153612#7	0
1196	Q0	146265#2	0
1196	Q0	294775#2	0
1196	Q0	959453#2	0
1198	Q0	809#0	1
1198	Q0	2198071#0	1
1198	Q0	306139#5	0
1198	Q0	194568#0	0
1198	Q0	11055#3	0
1198	Q0	1256398#3	0
1198	Q0	1246039#0	0
1198	Q0	1466421#0	0
1198	Q0	612639#0	0
1198	Q0	193178#4	0
1198	Q0	1896357#7	0
1198	Q0	2012280#0	0
1198	Q0	809#5	0
1198	Q0	1091459#4	0
1198	Q0	1258134#0	0
1198	Q0	276595#5	0
1198	Q0	889641#0	0
1198	Q0	885245#0	0
1198	Q0	1274223#5	0
1201	Q0	6291#26	1
1201	Q0	45664#11	0
1201	Q0	6291#21	0
1201	Q0	1726061#10	0
1201	Q0	325796#16	0
1201	Q0	1514586#10	0
1201	Q0	1458234#21	0
1201	Q0	64207#0	0
1201	Q0	687476#46	0
1201	Q0	523782#31	0
1201	Q0	64207#1	0
1201	Q0	687476#47	0
1201	Q0	687476#48	0
1201	Q0	247989#14	0
1204	Q0	95902#0	1
1204	Q0	243443#0	0
1204	Q0	530637#5	0
1204	Q0	525908#0	0
1204	Q0	549437#2	0
1204	Q0	15597#66	0
1204	Q0	526918#1	0
1204	Q0	551156#0	0
1204	Q0	549662#0	0
1204	Q0	95902#17	0
1204	Q0	553237#17	0
1204	Q0	65054#0	0
1204	Q0	550507#8	0
1204	Q0	42267#6	0
1204	Q0	548039#0	0
1204	Q0	95902#3	0
1204	Q0	550507#0	0
1205	Q0	49979#12	1
1205	Q0	49979#0	1
1205	Q0	704479#0	1
1205	Q0	49979#11	0
1205	Q0	49979#7	0
1205	Q0	49979#1	0
1205	Q0	49979#6	0
1205	Q0	49979#10	0
1205	Q0	49979#2	0
1205	Q0	391292#1	0
1205	Q0	704479#10	0
1207	Q0	1822819#0	1
1207	Q0	607094#9	1
1207	Q0	493747#1	1
1207	Q0	9889#13	0
1207	Q0	1731627#10	0
1207	Q0	214785#0	0
1207	Q0	317562#0	0
1207	Q0	249#30	0
1207	Q0	249#59	0
1207	Q0	9889#0	0
1207	Q0	121281#1	0
1207	Q0	9889#39	0
1207	Q0	9889#35	0
1208	Q0	7753#3	1
1208	Q0	956487#3	0
1208	Q0	428327#15	0
1208	Q0	287439#3	0
1208	Q0	1423155#25	0
1208	Q0	316956#1	0
1208	Q0	42033#8	0
1208	Q0	1246330#0	0
1208	Q0	7753#18	0
1208	Q0	1423155#12	0
1208	Q0	119261#48	0
1208	Q0	423654#2	0
1210	Q0	2342#0	1
1210	Q0	30210#1	0
1210	Q0	678825#0	0
1210	Q0	478434#2	0
1210	Q0	3411#6	0
1210	Q0	263176#15	0
1210	Q0	12471#7	0
1210	Q0	2342#7	0
1210	Q0	263176#23	0
1210	Q0	2342#6	0
1210	Q0	1004042#7	0
1210	Q0	1168652#2	0
1210	Q0	1079271#2	0
1210	Q0	2342#9	0
1210	Q0	1002035#1	0
1214	Q0	20675#10	1
1214	Q0	37766#0	0
1214	Q0	119734#21	0
1214	Q0	219919#7	0
1214	Q0	37766#18	0
1214	Q0	37766#28	0
1214	Q0	37766#5	0
1214	Q0	37766#53	0
1214	Q0	1975875#0	0
1214	Q0	145153#1	0
1214	Q0	37766#32	0
1214	Q0	37766#100	0
1214	Q0	37766#3	0
1214	Q0	37766#31	0
1214	Q0	37766#42	0
1216	Q0	149478#4	1
1216	Q0	95913#0	0
1216	Q0	21918#0	0
1216	Q0	95913#32	0
1216	Q0	95913#18	0
1216	Q0	6451#0	0
1216	Q0	197319#11	0
1216	Q0	1033239#0	0
1216	Q0	62449#13	0
1216	Q0	174642#0	0
1216	Q0	93331#13	0
1216	Q0	1248937#5	0
1216	Q0	256566#1	0
1216	Q0	227026#0	0
1216	Q0	147143#10	0
1216	Q0	46632#30	0
1216	Q0	1249770#0	0
1218	Q0	95916#19	1
1218	Q0	448247#2	0
1218	Q0	89229#0	0
1218	Q0	455031#0	0
1218	Q0	448247#12	0
1218	Q0	290870#0	0
1218	Q0	378985#7	0
1218	Q0	348264#0	0
1218	Q0	498870#1	0
1218	Q0	290871#0	0
1218	Q0	568094#2	0
1218	Q0	89229#4	0
1218	Q0	455032#0	0
1218	Q0	95916#37	0
1219	Q0	261019#0	1
1219	Q0	426#0	1
1219	Q0	656757#9	0
1219	Q0	622473#5	0
1219	Q0	263952#24	0
1219	Q0	263952#1	0
1219	Q0	33690#6	0
1219	Q0	9727#5	0
1219	Q0	722600#0	0
1219	Q0	426#6	0
1219	Q0	615954#5	0
1219	Q0	261019#5	0
1219	Q0	261019#4	0
1219	Q0	263952#2	0
1219	Q0	9724#5	0
1219	Q0	261019#11	0
1219	Q0	263952#12	0
1219	Q0	465680#1	0
1220	Q0	306041#7	1
1220	Q0	696923#9	0
1220	Q0	2353848#17	0
1220	Q0	38952#6	0
1220	Q0	306064#0	0
1220	Q0	681#16	0
1220	Q0	306041#8	0
1220	Q0	185335#21	0
1220	Q0	306041#2	0
1220	Q0	1941619#1	0
1220	Q0	306041#0	0
1220	Q0	306041#6	0
1220	Q0	2491#5	0
1220	Q0	98821#0	0
1221	Q0	128691#16	1
1221	Q0	116853#19	1
1221	Q0	3228#0	1
1221	Q0	11769#8	1
1221	Q0	116853#9	0
1221	Q0	324422#0	0
1221	Q0	116853#34	0
1221	Q0	116853#12	0
1221	Q0	128691#25	0
1221	Q0	371558#19	0
1221	Q0	1617469#0	0
1221	Q0	11769#1	0
1222	Q0	60768#8	1
1222	Q0	14687#0	1
1222	Q0	2002#2	1
1222	Q0	676723#0	1
1222	Q0	14687#11	0
1222	Q0	14687#29	0
1222	Q0	60768#12	0
1222	Q0	225856#0	0
1222	Q0	1877222#0	0
1222	Q0	580738#0	0
1222	Q0	1867419#5	0
1222	Q0	79357#4	0
1222	Q0	2006286#0	0
1222	Q0	1062595#0	0
1222	Q0	676725#5	0
1225	Q0	2259#1	1
1225	Q0	35370#14	1
1225	Q0	77228#1	1
1225	Q0	35370#156	1
1225	Q0	86870#4	1
1225	Q0	1099280#1	1
1225	Q0	2259#10	0
1225	Q0	38175#42	0
1225	Q0	2259#4	0
1225	Q0	422311#2	0
1225	Q0	2259#5	0
1225	Q0	272302#1	0
1225	Q0	2259#7	0
1225	Q0	936772#42	0
1225	Q0	2259#6	0
1226	Q0	107600#1	1
1226	Q0	824229#0	1
1226	Q0	5755#0	1
1226	Q0	46358#0	1
1226	Q0	1340586#0	1
1226	Q0	1087261#0	1
1226	Q0	5755#24	0
1226	Q0	5755#14	0
1226	Q0	824563#0	0
1226	Q0	202167#0	0
1226	Q0	826135#0	0
1226	Q0	910881#0	0
1226	Q0	5755#1	0
1226	Q0	1984004#0	0
1229	Q0	77754#7	1
1229	Q0	1294746#1	0
1229	Q0	342730#1	0
1229	Q0	78997#30	0
1229	Q0	495571#1	0
1229	Q0	654005#0	0
1229	Q0	1229645#1	0
1229	Q0	78997#22	0
1229	Q0	1229645#4	0
1229	Q0	77754#2	0
1229	Q0	1847536#6	0
1229	Q0	654005#5	0
1229	Q0	654005#11	0
1229	Q0	1294732#0	0
1229	Q0	654005#9	0
1229	Q0	78997#26	0
1229	Q0	1294732#1	0
1230	Q0	14684#1	1
1230	Q0	14684#0	1
1230	Q0	42305#0	1
1230	Q0	44675#6	1
1230	Q0	200770#2	1
1230	Q0	14684#3	0
1230	Q0	122149#21	0
1230	Q0	40536#52	0
1230	Q0	658091#4	0
1230	Q0	556252#3	0
1230	Q0	716073#0	0
1230	Q0	39055#0	0
1230	Q0	14684#2	0
1230	Q0	48364#0	0
1230	Q0	95504#34	0
1231	Q0	7256#0	1
1231	Q0	7256#5	1
1231	Q0	61504#73	0
1231	Q0	259553#0	0
1231	Q0	657345#0	0
1231	Q0	1448916#0	0
1231	Q0	159346#0	0
1231	Q0	1203869#0	0
1231	Q0	2351972#0	0
1231	Q0	1919700#0	0
1231	Q0	830845#5	0
1231	Q0	1089746#0	0
1231	Q0	7256#3	0
1231	Q0	224842#4	0
1231	Q0	249#93	0
1231	Q0	71167#3	0
1231	Q0	216123#216	0
1231	Q0	2419#103	0
1231	Q0	360733#9	0
1231	Q0	8974#36	0
1231	Q0	269228#0	0
1232	Q0	74067#0	1
1232	Q0	432258#0	1
1232	Q0	278931#0	1
1232	Q0	261591#3	0
1232	Q0	1613636#0	0
1232	Q0	74067#102	0
1232	Q0	1613636#1	0
1232	Q0	468617#0	0
1232	Q0	82210#11	0
1232	Q0	273100#1	0
1232	Q0	1873037#176	0
1232	Q0	74134#44	0
1232	Q0	74067#71	0
1232	Q0	44324#20	0
1233	Q0	721315#5	1
1233	Q0	721315#22	0
1233	Q0	721315#19	0
1233	Q0	721315#16	0
1233	Q0	553010#4	0
1233	Q0	721315#11	0
1233	Q0	721315#3	0
1233	Q0	735895#5	0
1233	Q0	719708#3	0
1233	Q0	718880#5	0
1233	Q0	718880#4	0
1233	Q0	106540#13	0
1234	Q0	2492#0	1
1234	Q0	2492#5	1
1234	Q0	2492#4	0
1234	Q0	2492#3	0
1234	Q0	155236#0	0
1234	Q0	2492#1	0
1234	Q0	155236#17	0
1234	Q0	1012910#15	0
1234	Q0	1012910#11	0
1234	Q0	1012910#7	0
1234	Q0	349557#0	0
1235	Q0	14684#0	1
1235	Q0	95504#1	1
1235	Q0	41116#0	1
1235	Q0	78947#1	0
1235	Q0	1634698#4	0
1235	Q0	42305#0	0
1235	Q0	200770#2	0
1235	Q0	716073#0	0
1235	Q0	40656#0	0
1235	Q0	95504#34	0
1235	Q0	35008#0	0
1236	Q0	760#0	1
1236	Q0	532#1	1
1236	Q0	614168#1	1
1236	Q0	898777#0	0
1236	Q0	132093#0	0
1236	Q0	480367#1	0
1236	Q0	139353#0	0
1236	Q0	135036#12	0
1236	Q0	3663#11	0
1236	Q0	21797#0	0
1236	Q0	100648#0	0
1236	Q0	480367#0	0
1236	Q0	1370062#0	0
1236	Q0	232924#1	0
1236	Q0	371700#0	0
1236	Q0	711447#0	0
1239	Q0	335303#0	1
1239	Q0	3821#1	1
1239	Q0	741022#8	1
1239	Q0	89607#1	1
1239	Q0	62807#3	1
1239	Q0	972764#5	1
1239	Q0	54301#3	1
1239	Q0	31165#1	0
1239	Q0	634519#0	0
1239	Q0	31165#0	0
1239	Q0	880201#0	0
1239	Q0	270473#0	0
1239	Q0	1753525#0	0
1241	Q0	124134#11	1
1241	Q0	287439#0	0
1241	Q0	9203#16	0
1241	Q0	1009836#21	0
1241	Q0	251859#38	0
1241	Q0	9203#22	0
1241	Q0	287439#3	0
1241	Q0	70827#0	0
1241	Q0	10336#25	0
1241	Q0	1422468#1	0
1241	Q0	287439#88	0
1241	Q0	1196295#52	0
1241	Q0	1009836#10	0
1241	Q0	272736#1	0
1241	Q0	10336#55	0
1242	Q0	258906#7	1
1242	Q0	617041#0	0
1242	Q0	259079#0	0
1242	Q0	9323#0	0
1242	Q0	74135#5	0
1242	Q0	113025#3	0
1242	Q0	267423#1	0
1242	Q0	264992#1	0
1242	Q0	4115#7	0
1242	Q0	236817#0	0
1242	Q0	45943#0	0
1242	Q0	269491#1	0
1242	Q0	6680#0	0
1244	Q0	173038#2	1
1244	Q0	1325463#4	1
1244	Q0	697025#5	0
1244	Q0	1325463#3	0
1244	Q0	1325463#0	0
1244	Q0	432636#1	0
1244	Q0	433130#0	0
1244	Q0	307025#1	0
1244	Q0	238815#2	0
1244	Q0	619744#3	0
1244	Q0	173038#10	0
1244	Q0	1304710#0	0
1244	Q0	173038#5	0
1244	Q0	1113666#2	0
1244	Q0	1819549#0	0
1244	Q0	173038#4	0
1245	Q0	5267#1	1
1245	Q0	1825542#49	0
1245	Q0	1770794#3	0
1245	Q0	5267#34	0
1245	Q0	1770794#0	0
1245	Q0	478953#1	0
1245	Q0	5267#58	0
1245	Q0	1947237#1	0
1245	Q0	8395#34	0
1245	Q0	72617#0	0
1245	Q0	5267#67	0
1245	Q0	8394#24	0
1245	Q0	5267#0	0
1245	Q0	5267#64	0
1245	Q0	1290214#2	0
1245	Q0	5267#68	0
1246	Q0	86170#2	1
1246	Q0	6257#5	0
1246	Q0	1941619#8	0
1246	Q0	1919700#0	0
1246	Q0	516513#1	0
1246	Q0	1350604#0	0
1246	Q0	1818484#2	0
1246	Q0	739256#3	0
1246	Q0	1914172#3	0
1246	Q0	402405#1	0
1246	Q0	1373266#3	0
1246	Q0	94629#1	0
1246	Q0	86170#4	0
1246	Q0	94629#2	0
1246	Q0	920118#0	0
1246	Q0	361331#0	0
1246	Q0	66764#2	0
1246	Q0	86170#6	0
1246	Q0	294610#1	0
1247	Q0	266039#0	1
1247	Q0	5262#24	1
1247	Q0	6680#66	0
1247	Q0	35222#3	0
1247	Q0	406477#4	0
1247	Q0	5106#26	0
1247	Q0	233285#3	0
1247	Q0	5106#23	0
1247	Q0	439423#3	0
1247	Q0	156277#7	0
1247	Q0	266039#1	0
1247	Q0	828555#2	0
1247	Q0	5106#19	0
1247	Q0	156277#8	0
1250	Q0	187751#0	1
1250	Q0	38175#106	0
1250	Q0	33993#17	0
1250	Q0	203571#0	0
1250	Q0	193971#0	0
1250	Q0	255760#3	0
1250	Q0	119516#1	0
1250	Q0	587280#28	0
1250	Q0	187651#0	0
1250	Q0	4256#16	0
1250	Q0	4256#3	0
1250	Q0	187872#0	0
1250	Q0	4910#0	0
1250	Q0	332155#0	0
1250	Q0	177085#0	0
1250	Q0	39367#40	0
1250	Q0	39367#0	0
1251	Q0	921554#0	1
1251	Q0	6274#2	1
1251	Q0	1319858#4	0
1251	Q0	1117254#0	0
1251	Q0	99367#7	0
1251	Q0	539884#2	0
1251	Q0	116514#42	0
1251	Q0	1117254#1	0
1251	Q0	4470#5	0
1251	Q0	91906#31	0
1251	Q0	4470#0	0
1251	Q0	4470#1	0
1251	Q0	4470#2	0
1251	Q0	72708#0	0
1251	Q0	1066603#2	0
1251	Q0	207130#24	0
1253	Q0	1735211#1	1
1253	Q0	216947#0	1
1253	Q0	1744021#0	0
1253	Q0	1282528#0	0
1253	Q0	241469#0	0
1253	Q0	9345#0	0
1253	Q0	867303#0	0
1253	Q0	369374#3	0
1253	Q0	1256398#3	0
1253	Q0	1171298#0	0
1253	Q0	234619#9	0
1253	Q0	626378#0	0
1253	Q0	101921#0	0
1254	Q0	6483#0	1
1254	Q0	56627#4	1
1254	Q0	6483#38	0
1254	Q0	793968#0	0
1254	Q0	1448916#0	0
1254	Q0	2306660#0	0
1254	Q0	1107396#0	0
1254	Q0	1100628#2	0
1254	Q0	128065#1	0
1254	Q0	204557#3	0
1254	Q0	6483#1	0
1254	Q0	4953#134	0
1254	Q0	216351#6	0
1254	Q0	4953#113	0
1254	Q0	6483#60	0
1254	Q0	613324#12	0
1254	Q0	334397#7	0
1254	Q0	6483#133	0
1255	Q0	75110#8	1
1255	Q0	75110#22	0
1255	Q0	75110#15	0
1255	Q0	75110#7	0
1255	Q0	75110#18	0
1255	Q0	75110#14	0
1255	Q0	75110#21	0
1255	Q0	75110#17	0
1255	Q0	75110#12	0
1255	Q0	75110#5	0
1255	Q0	75110#4	0
1255	Q0	75110#19	0
1255	Q0	91170#24	0
1257	Q0	1852#28	1
1257	Q0	1306015#2	1
1257	Q0	10336#0	1
1257	Q0	404630#34	0
1257	Q0	231433#20	0
1257	Q0	255735#43	0
1257	Q0	1777185#71	0
1257	Q0	920274#2	0
1257	Q0	1777185#73	0
1257	Q0	87585#0	0
1257	Q0	532899#4	0
1257	Q0	10336#1	0
1257	Q0	1009836#4	0
1257	Q0	936772#46	0
1257	Q0	529825#1	0
1258	Q0	6291#21	1
1258	Q0	64207#0	1
1258	Q0	699919#40	1
1258	Q0	1504731#3	1
1258	Q0	572651#2	1
1258	Q0	64207#1	1
1258	Q0	6291#26	0
1258	Q0	49201#84	0
1258	Q0	49201#55	0
1258	Q0	45664#11	0
1258	Q0	325796#16	0
1258	Q0	900662#8	0
1258	Q0	687476#47	0
1260	Q0	74136#12	1
1260	Q0	4953#61	1
1260	Q0	74136#5	0
1260	Q0	40868#7	0
1260	Q0	272616#6	0
1260	Q0	4953#60	0
1260	Q0	1419434#10	0
1260	Q0	5262#21	0
1260	Q0	156277#6	0
1260	Q0	9023#3	0
1260	Q0	74136#4	0
1260	Q0	6680#77	0
1260	Q0	74136#0	0
1261	Q0	47165#0	1
1261	Q0	47165#18	0
1261	Q0	47165#11	0
1261	Q0	47165#10	0
1261	Q0	270531#2	0
1261	Q0	340769#8	0
1261	Q0	47165#14	0
1261	Q0	47165#29	0
1261	Q0	47165#15	0
1261	Q0	909286#0	0
1261	Q0	47165#1	0
1261	Q0	47165#17	0
1261	Q0	970308#90	0
1261	Q0	47165#26	0
1263	Q0	14684#0	1
1263	Q0	78947#1	1
1263	Q0	95504#1	1
1263	Q0	42305#0	1
1263	Q0	716073#0	1
1263	Q0	200770#2	1
1263	Q0	1634698#4	0
1263	Q0	40656#0	0
1263	Q0	35008#0	0
1263	Q0	95504#34	0
1263	Q0	44487#0	0
1263	Q0	44433#0	0
1263	Q0	46714#0	0
1264	Q0	359075#2	1
1264	Q0	212906#1	1
1264	Q0	700428#0	1
1264	Q0	700308#0	1
1264	Q0	701861#0	1
1264	Q0	701008#0	1
1264	Q0	701343#0	1
1264	Q0	212906#0	1
1264	Q0	103720#3	1
1264	Q0	36012#1	1
1264	Q0	115316#0	1
1264	Q0	30231#0	1
1264	Q0	702067#0	0
1264	Q0	629975#0	0
1264	Q0	700841#0	0
1265	Q0	213852#0	1
1265	Q0	6287#1	1
1265	Q0	100713#6	0
1265	Q0	32425#1	0
1265	Q0	114378#10	0
1265	Q0	6287#0	0
1265	Q0	1949581#0	0
1265	Q0	822600#1	0
1265	Q0	122189#9	0
1265	Q0	32425#0	0
1265	Q0	249#69	0
1265	Q0	725378#3	0
1265	Q0	614967#1	0
1265	Q0	213852#1	0
1265	Q0	213852#2	0
1265	Q0	1948140#4	0
1267	Q0	34262#0	1
1267	Q0	34262#2	0
1267	Q0	1669049#1	0
1267	Q0	1245331#8	0
1267	Q0	2292483#0	0
1267	Q0	34262#5	0
1267	Q0	501220#4	0
1267	Q0	34262#14	0
1267	Q0	34262#1	0
1267	Q0	2031809#0	0
1267	Q0	34262#15	0
1267	Q0	198107#23	0
1267	Q0	1244117#8	0
1267	Q0	34262#8	0
1267	Q0	34262#6	0
1268	Q0	12471#4	1
1268	Q0	1932401#8	0
1268	Q0	791602#2	0
1268	Q0	610528#22	0
1268	Q0	1714468#1	0
1268	Q0	295150#4	0
1268	Q0	610528#18	0
1268	Q0	1766025#10	0
1268	Q0	1766025#106	0
1268	Q0	610528#31	0
1268	Q0	1719222#3	0
1268	Q0	610528#2	0
1268	Q0	263176#8	0
1268	Q0	1932401#42	0
1268	Q0	610528#26	0
1268	Q0	1474658#1	0
1268	Q0	610528#11	0
1268	Q0	1366301#0	0
1269	Q0	1407#17	1
1269	Q0	77#0	1
1269	Q0	119891#0	1
1269	Q0	101220#0	0
1269	Q0	77#1	0
1269	Q0	1407#16	0
1269	Q0	330457#10	0
1269	Q0	154115#11	0
1269	Q0	1106753#1	0
1269	Q0	1098733#12	0
1269	Q0	154115#7	0
1269	Q0	1106753#0	0
1269	Q0	261911#23	0
1270	Q0	21918#0	1
1270	Q0	1248937#5	1
1270	Q0	776221#30	1
1270	Q0	95913#0	1
1270	Q0	95913#61	1
1270	Q0	62449#13	0
1270	Q0	227026#0	0
1270	Q0	95911#10	0
1270	Q0	60483#1	0
1270	Q0	21918#16	0
1270	Q0	62449#0	0
1270	Q0	162609#1	0
1270	Q0	149478#4	0
1270	Q0	118072#4	0
1270	Q0	1220593#0	0
1270	Q0	95913#18	0
1274	Q0	2129#45	1
1274	Q0	1161196#7	0
1274	Q0	230006#0	0
1274	Q0	1501334#1	0
1274	Q0	193178#4	0
1274	Q0	288166#3	0
1274	Q0	404076#2	0
1274	Q0	1256398#3	0
1274	Q0	121328#9	0
1274	Q0	11055#3	0
1274	Q0	233900#0	0
1274	Q0	894523#0	0
1274	Q0	1501482#0	0
1275	Q0	3222#15	1
1275	Q0	5190#2	0
1275	Q0	349645#1	0
1275	Q0	5190#6	0
1275	Q0	6102#0	0
1275	Q0	896406#2	0
1275	Q0	255760#15	0
1275	Q0	58776#5	0
1275	Q0	1314956#37	0
1275	Q0	873036#4	0
1275	Q0	56240#1	0
1275	Q0	118983#10	0
1275	Q0	90200#1	0
1275	Q0	86752#0	0
1275	Q0	5190#7	0
1278	Q0	249#61	1
1278	Q0	6640#11	0
1278	Q0	114378#6	0
1278	Q0	33908#2	0
1278	Q0	128542#5	0
1278	Q0	1274458#0	0
1278	Q0	33908#5	0
1278	Q0	932893#2	0
1278	Q0	1274458#2	0
1278	Q0	122189#5	0
1278	Q0	249#36	0
1278	Q0	33908#10	0
1278	Q0	122189#0	0
1278	Q0	115125#1	0
1279	Q0	35865#1	1
1279	Q0	655209#3	1
1279	Q0	643665#15	1
1279	Q0	334505#0	0
1279	Q0	303669#0	0
1279	Q0	778320#2	0
1279	Q0	105527#1	0
1279	Q0	235231#44	0
1279	Q0	9939#9	0
1279	Q0	688568#1	0
1279	Q0	2182#12	0
1279	Q0	1312817#0	0
1279	Q0	2182#0	0
1279	Q0	247824#1	0
1279	Q0	5785#0	0
1279	Q0	1312817#3	0
1280	Q0	1583430#2	1
1280	Q0	1915114#2	0
1280	Q0	261588#18	0
1280	Q0	1286851#7	0
1280	Q0	355167#1	0
1280	Q0	1286851#3	0
1280	Q0	1286069#10	0
1280	Q0	159146#4	0
1280	Q0	1287266#6	0
1280	Q0	159146#47	0
1280	Q0	118572#3	0
1280	Q0	159146#58	0
1280	Q0	261588#40	0
1280	Q0	598928#0	0
1280	Q0	159205#0	0
1280	Q0	159146#6	0
1281	Q0	47536#0	1
1281	Q0	47536#1	0
1281	Q0	31078#9	0
1281	Q0	6291#13	0
1281	Q0	55104#0	0
1281	Q0	91479#1	0
1281	Q0	291047#0	0
1281	Q0	31078#0	0
1281	Q0	31126#0	0
1281	Q0	290584#1	0
1281	Q0	91479#0	0
1281	Q0	290584#9	0
1281	Q0	106254#0	0
1282	Q0	805436#0	1
1282	Q0	1755077#2	0
1282	Q0	5866#1	0
1282	Q0	293616#0	0
1282	Q0	5859#0	0
1282	Q0	1672895#13	0
1282	Q0	257941#0	0
1282	Q0	35529#2	0
1282	Q0	686784#0	0
1282	Q0	20717#0	0
1282	Q0	1618339#0	0
1282	Q0	5866#5	0
1282	Q0	259#20	0
1282	Q0	459325#0	0
1282	Q0	1477256#1	0
1283	Q0	10290#0	1
1283	Q0	391006#1	1
1283	Q0	1809204#1	0
1283	Q0	10290#24	0
1283	Q0	10290#3	0
1283	Q0	2273467#4	0
1283	Q0	10290#28	0
1283	Q0	10290#60	0
1283	Q0	10290#71	0
1283	Q0	369908#5	0
1283	Q0	10290#29	0
1283	Q0	583035#3	0
1285	Q0	6385#41	1
1285	Q0	6385#14	0
1285	Q0	6385#3	0
1285	Q0	1124864#1	0
1285	Q0	1120645#0	0
1285	Q0	324636#3	0
1285	Q0	1711759#1	0
1285	Q0	68578#2	0
1285	Q0	6385#8	0
1285	Q0	40872#0	0
1285	Q0	6385#26	0
1285	Q0	6385#56	0
1285	Q0	6385#1	0
1285	Q0	676846#4	0
1285	Q0	11020#88	0
1286	Q0	644823#3	1
1286	Q0	644823#0	1
1286	Q0	644823#2	0
1286	Q0	465#25	0
1286	Q0	130118#3	0
1286	Q0	124861#13	0
1286	Q0	1116197#6	0
1286	Q0	134127#1	0
1286	Q0	124861#1	0
1286	Q0	2006023#4	0
1286	Q0	1434496#2	0
1286	Q0	1144935#1	0
1286	Q0	809563#1	0
1286	Q0	1917703#1	0
1287	Q0	6451#1	1
1287	Q0	72789#0	0
1287	Q0	1373862#3	0
1287	Q0	44007#18	0
1287	Q0	77288#1	0
1287	Q0	29951#8	0
1287	Q0	6451#6	0
1287	Q0	99710#3	0
1287	Q0	189854#2	0
1287	Q0	676245#25	0
1287	Q0	487804#4	0
1287	Q0	172530#2	0
1287	Q0	6451#2	0
1287	Q0	93331#43	0
1287	Q0	415253#0	0
1288	Q0	10174#8	1
1288	Q0	7753#2	1
1288	Q0	7753#39	1
1288	Q0	1219894#4	1
1288	Q0	2011985#9	1
1288	Q0	2011985#0	1
1288	Q0	7753#45	0
1288	Q0	424163#28	0
1288	Q0	39112#3	0
1288	Q0	14220#13	0
1288	Q0	1481145#12	0
1288	Q0	7753#46	0
1288	Q0	2011985#4	0
1288	Q0	424163#27	0
1288	Q0	423476#27	0
1290	Q0	6261#0	1
1290	Q0	533746#4	1
1290	Q0	6261#2	1
1290	Q0	221215#5	0
1290	Q0	26518#6	0
1290	Q0	389826#3	0
1290	Q0	616194#26	0
1290	Q0	533746#3	0
1290	Q0	26518#2	0
1290	Q0	579#6	0
1290	Q0	579#7	0
1290	Q0	6261#1	0
1290	Q0	6261#6	0
1290	Q0	6261#51	0
1290	Q0	6261#41	0
1290	Q0	579#9	0
1291	Q0	9939#7	1
1291	Q0	231433#22	1
1291	Q0	373875#0	1
1291	Q0	249464#47	1
1291	Q0	299932#4	1
1291	Q0	64750#5	0
1291	Q0	1016438#4	0
1291	Q0	64750#7	0
1291	Q0	1797900#2	0
1291	Q0	84551#2	0
1291	Q0	299932#34	0
1291	Q0	63543#11	0
1291	Q0	404630#37	0
1291	Q0	64750#2	0
1292	Q0	6160#1	1
1292	Q0	6160#0	1
1292	Q0	1874242#0	0
1292	Q0	276004#0	0
1292	Q0	344796#0	0
1292	Q0	808477#2	0
1292	Q0	808477#1	0
1292	Q0	1258364#0	0
1292	Q0	82738#0	0
1292	Q0	5859#0	0
1292	Q0	189503#0	0
1292	Q0	280#19	0
1292	Q0	352683#1	0
1292	Q0	6160#17	0
1294	Q0	454751#1	1
1294	Q0	454751#2	1
1294	Q0	454751#4	0
1294	Q0	448247#0	0
1294	Q0	454751#0	0
1294	Q0	1161196#7	0
1294	Q0	40656#2	0
1294	Q0	1256398#3	0
1294	Q0	771075#1	0
1294	Q0	736155#0	0
1294	Q0	624747#0	0
1294	Q0	454751#3	0
1294	Q0	454751#5	0
1294	Q0	454751#9	0
1294	Q0	579132#34	0
1294	Q0	462044#2	0
1295	Q0	246850#1	1
1295	Q0	12657#0	1
1295	Q0	12658#23	0
1295	Q0	50003#6	0
1295	Q0	565371#4	0
1295	Q0	12658#30	0
1295	Q0	1053327#41	0
1295	Q0	570383#3	0
1295	Q0	12658#10	0
1295	Q0	68293#8	0
1295	Q0	6588#0	0
1295	Q0	8440#24	0
1295	Q0	6588#1	0
1295	Q0	12658#27	0
1296	Q0	515169#1	1
1296	Q0	120443#1	0
1296	Q0	515169#0	0
1296	Q0	1712483#2	0
1296	Q0	387318#0	0
1296	Q0	1259414#8	0
1296	Q0	1712477#2	0
1296	Q0	246694#6	0
1296	Q0	38593#4	0
1296	Q0	27949#1	0
1296	Q0	9889#2	0
1296	Q0	9889#55	0
1296	Q0	4953#106	0
1296	Q0	6474#4	0
1296	Q0	209916#4	0
1296	Q0	280#13	0
1296	Q0	375277#2	0
1296	Q0	6483#38	0
1297	Q0	78769#0	1
1297	Q0	23142#0	0
1297	Q0	313082#1	0
1297	Q0	650946#1	0
1297	Q0	1762336#0	0
1297	Q0	78769#5	0
1297	Q0	322574#0	0
1297	Q0	78769#9	0
1297	Q0	362561#7	0
1297	Q0	100881#8	0
1297	Q0	249464#31	0
1297	Q0	23142#9	0
1297	Q0	23142#11	0
1297	Q0	185381#1	0
1298	Q0	1874901#0	1
1298	Q0	11972#0	1
1298	Q0	741799#0	1
1298	Q0	1739921#2	0
1298	Q0	11972#64	0
1298	Q0	841151#0	0
1298	Q0	733617#0	0
1298	Q0	11972#54	0
1298	Q0	1100870#1	0
1298	Q0	1448916#0	0
1298	Q0	506040#7	0
1298	Q0	246115#2	0
1298	Q0	1107396#0	0
1298	Q0	741799#1	0
1298	Q0	612903#2	0
1298	Q0	11972#14	0
1298	Q0	8650#23	0
1298	Q0	11972#3	0
1300	Q0	656589#0	1
1300	Q0	64354#2	0
1300	Q0	656589#4	0
1300	Q0	176859#9	0
1300	Q0	656582#0	0
1300	Q0	656589#1	0
1300	Q0	656589#2	0
1300	Q0	1964371#1	0
1300	Q0	799251#9	0
1300	Q0	1964371#0	0
1300	Q0	747431#0	0
1300	Q0	699143#0	0
1300	Q0	283874#0	0
1302	Q0	111975#2	1
1302	Q0	926716#9	0
1302	Q0	111975#6	0
1302	Q0	784290#6	0
1302	Q0	30808#17	0
1302	Q0	784290#5	0
1302	Q0	48383#5	0
1302	Q0	784290#28	0
1302	Q0	48383#3	0
1302	Q0	2868#40	0
1302	Q0	784290#30	0
1302	Q0	30808#8	0
1302	Q0	784290#13	0
1303	Q0	470768#0	1
1303	Q0	399948#5	1
1303	Q0	1746807#3	1
1303	Q0	96426#5	1
1303	Q0	1754834#32	0
1303	Q0	279354#6	0
1303	Q0	1007017#3	0
1303	Q0	356498#0	0
1303	Q0	767259#2	0
1303	Q0	1794691#1	0
1303	Q0	343029#5	0
1303	Q0	108151#25	0
1303	Q0	121753#1	0
1303	Q0	78656#38	0
1305	Q0	614606#0	1
1305	Q0	614606#18	0
1305	Q0	962707#0	0
1305	Q0	614606#13	0
1305	Q0	614606#12	0
1305	Q0	1353707#0	0
1305	Q0	614606#21	0
1305	Q0	614606#7	0
1305	Q0	614606#4	0
1305	Q0	1395049#0	0
1305	Q0	1933838#0	0
1305	Q0	1313166#0	0
1305	Q0	1656446#0	0
1305	Q0	801278#0	0
1305	Q0	1799597#0	0
1305	Q0	1920313#2	0
1305	Q0	1228739#0	0
1305	Q0	1920313#0	0
1307	Q0	137043#0	1
1307	Q0	137043#1	0
1307	Q0	137043#48	0
1307	Q0	137043#47	0
1307	Q0	137043#17	0
1307	Q0	137043#8	0
1307	Q0	137043#41	0
1307	Q0	137043#10	0
1307	Q0	137043#32	0
1307	Q0	137043#3	0
1307	Q0	137043#31	0
1309	Q0	5904#0	1
1309	Q0	306139#5	0
1309	Q0	1161196#7	0
1309	Q0	146353#16	0
1309	Q0	1919700#0	0
1309	Q0	11055#3	0
1309	Q0	558686#0	0
1309	Q0	1310158#0	0
1309	Q0	288166#3	0
1309	Q0	1256398#3	0
1309	Q0	52136#5	0
1309	Q0	885245#0	0
1309	Q0	1285652#23	0
1309	Q0	1214806#1	0
1310	Q0	47853#2	1
1310	Q0	47853#0	0
1310	Q0	697241#0	0
1310	Q0	1510489#12	0
1310	Q0	47385#8	0
1310	Q0	660683#0	0
1310	Q0	660683#1	0
1310	Q0	47853#5	0
1310	Q0	1919352#2	0
1310	Q0	190290#3	0
1310	Q0	190290#4	0
1310	Q0	4478#3	0
1310	Q0	242467#1	0
1311	Q0	402889#0	1
1311	Q0	56525#28	0
1311	Q0	402889#1	0
1311	Q0	111408#0	0
1311	Q0	798114#49	0
1311	Q0	1734519#0	0
1311	Q0	1877222#5	0
1311	Q0	402889#10	0
1311	Q0	798482#1	0
1311	Q0	937081#0	0
1311	Q0	1005298#9	0
1311	Q0	56584#3	0
1311	Q0	56525#29	0
1311	Q0	402889#91	0
1312	Q0	780534#0	1
1312	Q0	765328#0	1
1312	Q0	764707#1	0
1312	Q0	764700#1	0
1312	Q0	765328#1	0
1312	Q0	326743#20	0
1312	Q0	326743#1	0
1312	Q0	326743#2	0
1312	Q0	124450#19	0
1312	Q0	117314#1	0
1312	Q0	356504#4	0
1312	Q0	260414#3	0
1312	Q0	260414#4	0
1312	Q0	574955#2	0
1312	Q0	1461#10	0
1313	Q0	9584#4	1
1313	Q0	9584#14	0
1313	Q0	1089881#4	0
1313	Q0	97762#48	0
1313	Q0	723770#7	0
1313	Q0	963480#1	0
1313	Q0	1089881#2	0
1313	Q0	1089881#8	0
1313	Q0	420420#44	0
1313	Q0	257588#5	0
1313	Q0	2274342#5	0
1313	Q0	1089881#9	0
1315	Q0	1834264#31	1
1315	Q0	7629#0	1
1315	Q0	1834264#48	1
1315	Q0	1834264#32	0
1315	Q0	506599#1	0
1315	Q0	2032807#14	0
1315	Q0	61504#73	0
1315	Q0	384513#27	0
1315	Q0	1986105#0	0
1315	Q0	510#290	0
1315	Q0	1107396#0	0
1315	Q0	506040#7	0
1315	Q0	23490#182	0
1315	Q0	7629#37	0
1315	Q0	477729#3	0
1315	Q0	948534#0	0
1315	Q0	1035396#2	0
1318	Q0	54201#12	1
1318	Q0	1063600#8	0
1318	Q0	1944943#0	0
1318	Q0	1025950#15	0
1318	Q0	652699#17	0
1318	Q0	1006379#0	0
1318	Q0	1728997#5	0
1318	Q0	225492#1	0
1318	Q0	1027308#7	0
1318	Q0	447354#3	0
1318	Q0	1944943#3	0
1318	Q0	1944943#5	0
1318	Q0	1064003#6	0
1318	Q0	1064003#0	0
1319	Q0	10731#0	1
1319	Q0	1303603#1	1
1319	Q0	1492381#0	0
1319	Q0	67163#1	0
1319	Q0	1464612#0	0
1319	Q0	9940#9	0
1319	Q0	1271631#0	0
1319	Q0	1303603#4	0
1319	Q0	709148#0	0
1319	Q0	1592341#6	0
1319	Q0	67163#0	0
1319	Q0	10731#56	0
1320	Q0	43988#3	1
1320	Q0	43988#51	0
1320	Q0	43988#53	0
1320	Q0	43988#55	0
1320	Q0	43988#50	0
1320	Q0	43988#28	0
1320	Q0	28727#3	0
1320	Q0	1310010#0	0
1320	Q0	28727#1	0
1320	Q0	43988#10	0
1320	Q0	43988#19	0
1320	Q0	43988#52	0
1320	Q0	43988#49	0
1320	Q0	54301#29	0
1320	Q0	1331288#15	0
1321	Q0	47385#2	1
1321	Q0	778115#1	0
1321	Q0	435209#0	0
1321	Q0	303451#0	0
1321	Q0	778517#0	0
1321	Q0	155994#1	0
1321	Q0	3733#1	0
1321	Q0	19940#12	0
1321	Q0	625164#1	0
1321	Q0	877814#1	0
1321	Q0	183583#3	0
1321	Q0	169760#0	0
1322	Q0	33005#0	1
1322	Q0	1925166#0	0
1322	Q0	1925166#3	0
1322	Q0	603707#6	0
1322	Q0	1995754#4	0
1322	Q0	1813922#0	0
1322	Q0	1813922#1	0
1322	Q0	1256398#3	0
1322	Q0	752898#1	0
1322	Q0	1161196#7	0
1322	Q0	1630967#4	0
1322	Q0	161508#0	0
1322	Q0	819051#0	0
1322	Q0	9354#0	0
1322	Q0	31577#30	0
1322	Q0	40545#0	0
1323	Q0	20576#9	1
1323	Q0	210018#1	0
1323	Q0	21486#67	0
1323	Q0	1619451#5	0
1323	Q0	213840#19	0
1323	Q0	74354#7	0
1323	Q0	164718#5	0
1323	Q0	118283#1	0
1323	Q0	1950427#8	0
1323	Q0	1473850#2	0
1323	Q0	792871#6	0
1323	Q0	28305#6	0
1323	Q0	185692#13	0
1323	Q0	192891#7	0
1323	Q0	554180#2	0
1323	Q0	14856#37	0
1323	Q0	20671#13	0
1324	Q0	482939#0	1
1324	Q0	482939#2	0
1324	Q0	21797#1	0
1324	Q0	41629#2	0
1324	Q0	1710989#0	0
1324	Q0	53419#1	0
1324	Q0	482939#20	0
1324	Q0	482939#8	0
1324	Q0	1662771#3	0
1324	Q0	482939#5	0
1324	Q0	1384744#0	0
1324	Q0	865793#0	0
1324	Q0	1604565#0	0
1324	Q0	966495#0	0
1324	Q0	1120156#4	0
1324	Q0	240613#0	0
1325	Q0	216643#0	1
1325	Q0	5303#1	0
1325	Q0	106992#0	0
1325	Q0	1203869#0	0
1325	Q0	351407#3	0
1325	Q0	1256398#3	0
1325	Q0	888542#0	0
1325	Q0	934089#0	0
1325	Q0	1501334#1	0
1325	Q0	54153#7	0
1325	Q0	496415#7	0
1325	Q0	216643#4	0
1325	Q0	216643#6	0
1325	Q0	216643#7	0
1325	Q0	255735#28	0
1325	Q0	246343#1	0
1326	Q0	915813#0	1
1326	Q0	3657#2	1
1326	Q0	235062#8	0
1326	Q0	4322#38	0
1326	Q0	1833280#4	0
1326	Q0	4322#45	0
1326	Q0	235114#1	0
1326	Q0	115084#0	0
1326	Q0	512714#8	0
1326	Q0	229722#4	0
1326	Q0	4322#1	0
1326	Q0	92383#7	0
1326	Q0	294991#0	0
1326	Q0	1817910#3	0
1326	Q0	173246#0	0
1327	Q0	34165#0	1
1327	Q0	293061#0	0
1327	Q0	2022350#0	0
1327	Q0	60863#12	0
1327	Q0	60863#1	0
1327	Q0	281146#0	0
1327	Q0	60863#10	0
1327	Q0	145895#8	0
1327	Q0	645558#3	0
1327	Q0	324764#0	0
1327	Q0	1250208#0	0
1327	Q0	8814#0	0
1327	Q0	1249823#0	0
1327	Q0	1240891#0	0
1327	Q0	60863#0	0
1327	Q0	60835#0	0
1328	Q0	473095#0	1
1328	Q0	67403#0	0
1328	Q0	95502#7	0
1328	Q0	123797#3	0
1328	Q0	323589#0	0
1328	Q0	1137632#2	0
1328	Q0	77264#6	0
1328	Q0	123797#1	0
1328	Q0	67403#1	0
1328	Q0	108964#7	0
1328	Q0	67429#17	0
1328	Q0	160034#1	0
1328	Q0	74809#0	0
1328	Q0	74812#0	0
1329	Q0	773552#5	1
1329	Q0	263173#147	1
1329	Q0	263173#146	1
1329	Q0	773552#6	1
1329	Q0	263173#0	1
1329	Q0	1946205#1	1
1329	Q0	263173#151	0
1329	Q0	216351#55	0
1329	Q0	2908#1	0
1329	Q0	84847#35	0
1329	Q0	263173#37	0
1329	Q0	1751012#4	0
1329	Q0	263173#138	0
1329	Q0	263173#144	0
1329	Q0	263173#145	0
1329	Q0	2908#43	0
1329	Q0	724384#0	0
1334	Q0	1999191#2	1
1334	Q0	61272#61	1
1334	Q0	6609#49	0
1334	Q0	6622#66	0
1334	Q0	6622#29	0
1334	Q0	6622#19	0
1334	Q0	6622#42	0
1334	Q0	30432#31	0
1334	Q0	6622#18	0
1334	Q0	336248#14	0
1334	Q0	93532#0	0
1334	Q0	6622#48	0
1334	Q0	6622#22	0
1334	Q0	1999193#2	0
1334	Q0	6622#52	0
1334	Q0	6622#11	0
1334	Q0	93532#55	0
1337	Q0	3454#4	1
1337	Q0	1474585#0	1
1337	Q0	3454#1	0
1337	Q0	3454#9	0
1337	Q0	1743380#1	0
1337	Q0	1256398#3	0
1337	Q0	70697#42	0
1337	Q0	593984#1	0
1337	Q0	675342#15	0
1337	Q0	1882856#0	0
1337	Q0	1967207#0	0
1337	Q0	152592#0	0
1337	Q0	3454#22	0
1337	Q0	35648#0	0
1337	Q0	637247#3	0
1337	Q0	295894#0	0
1338	Q0	544622#4	1
1338	Q0	718811#7	1
1338	Q0	718811#13	0
1338	Q0	718811#9	0
1338	Q0	718811#12	0
1338	Q0	718811#10	0
1338	Q0	718811#22	0
1338	Q0	718811#0	0
1338	Q0	218439#4	0
1338	Q0	718811#20	0
1338	Q0	718811#15	0
1338	Q0	718811#16	0
1338	Q0	454632#1	0
1339	Q0	157680#1	1
1339	Q0	55117#9	0
1339	Q0	630143#1	0
1339	Q0	994626#14	0
1339	Q0	54147#1	0
1339	Q0	315355#0	0
1339	Q0	296284#2	0
1339	Q0	206921#23	0
1339	Q0	22627#18	0
1339	Q0	1630967#1	0
1339	Q0	1095743#2	0
1339	Q0	426978#4	0
1339	Q0	1427919#12	0
1339	Q0	30883#21	0
1339	Q0	1323312#7	0
1339	Q0	557732#3	0
1341	Q0	39440#18	1
1341	Q0	39440#17	1
1341	Q0	95742#10	1
1341	Q0	39440#21	0
1341	Q0	1161196#7	0
1341	Q0	1704979#1	0
1341	Q0	193178#4	0
1341	Q0	288166#3	0
1341	Q0	1949714#0	0
1341	Q0	11055#3	0
1341	Q0	54117#2	0
1341	Q0	72404#0	0
1341	Q0	72404#5	0
1341	Q0	593821#0	0
1341	Q0	39440#0	0
1341	Q0	39440#14	0
1341	Q0	72404#4	0
1342	Q0	11972#0	1
1342	Q0	741799#0	1
1342	Q0	1874901#0	1
1342	Q0	191106#5	0
1342	Q0	35184#7	0
1342	Q0	87628#4	0
1342	Q0	64566#3	0
1342	Q0	841151#0	0
1342	Q0	11972#64	0
1342	Q0	640308#2	0
1342	Q0	888275#2	0
1342	Q0	596140#1	0
1342	Q0	2022989#4	0
1342	Q0	741799#1	0
1342	Q0	11972#3	0
1342	Q0	126374#3	0
1342	Q0	11972#2	0
1342	Q0	717513#1	0
1343	Q0	241789#1	1
1343	Q0	2174#6	0
1343	Q0	1139137#1	0
1343	Q0	185461#1	0
1343	Q0	826#13	0
1343	Q0	1138814#0	0
1343	Q0	103620#0	0
1343	Q0	20974#0	0
1343	Q0	61841#0	0
1343	Q0	13961#0	0
1343	Q0	495030#8	0
1343	Q0	2385552#1	0
1343	Q0	35318#4	0
1345	Q0	848928#0	1
1345	Q0	580724#0	1
1345	Q0	580753#0	0
1345	Q0	367535#4	0
1345	Q0	72616#1	0
1345	Q0	252261#7	0
1345	Q0	280178#0	0
1345	Q0	697998#0	0
1345	Q0	35381#2	0
1345	Q0	236935#0	0
1345	Q0	72616#0	0
1345	Q0	818723#0	0
1345	Q0	174206#3	0
1346	Q0	96512#24	1
1346	Q0	255735#34	1
1346	Q0	685959#0	1
1346	Q0	714169#11	1
1346	Q0	3208#3	0
1346	Q0	843317#5	0
1346	Q0	3208#9	0
1346	Q0	1329396#0	0
1346	Q0	1105561#0	0
1346	Q0	211789#4	0
1346	Q0	501383#0	0
1346	Q0	3208#5	0
1346	Q0	39807#2	0
1346	Q0	9652#14	0
1348	Q0	5430#0	1
1348	Q0	137285#1	0
1348	Q0	126721#4	0
1348	Q0	6325#2	0
1348	Q0	346228#1	0
1348	Q0	126721#0	0
1348	Q0	263338#8	0
1348	Q0	494778#0	0
1348	Q0	10725#2	0
1348	Q0	1258220#3	0
1348	Q0	43884#3	0
1348	Q0	494848#1	0
1348	Q0	126721#1	0
1349	Q0	520527#6	1
1349	Q0	1377770#2	0
1349	Q0	520527#0	0
1349	Q0	116777#31	0
1349	Q0	116777#36	0
1349	Q0	520527#3	0
1349	Q0	269604#35	0
1349	Q0	116777#33	0
1349	Q0	29664#7	0
1349	Q0	116777#35	0
1349	Q0	520527#1	0
1349	Q0	520527#21	0
1349	Q0	116777#32	0
1350	Q0	95504#21	1
1350	Q0	35589#0	0
1350	Q0	46433#1	0
1350	Q0	25591#0	0
1350	Q0	200770#2	0
1350	Q0	95504#23	0
1350	Q0	389920#0	0
1350	Q0	35589#8	0
1350	Q0	76841#0	0
1350	Q0	200770#4	0
1350	Q0	54201#27	0
1350	Q0	49819#0	0
1350	Q0	29913#0	0
1350	Q0	46714#0	0
1350	Q0	716073#0	0
1350	Q0	712966#0	0
1351	Q0	13287#2	1
1351	Q0	328009#7	0
1351	Q0	402212#1	0
1351	Q0	542727#3	0
1351	Q0	13287#33	0
1351	Q0	98869#2	0
1351	Q0	542777#3	0
1351	Q0	542777#0	0
1351	Q0	1464#21	0
1351	Q0	13287#30	0
1351	Q0	5965#39	0
1351	Q0	81828#32	0
1352	Q0	630376#14	1
1352	Q0	43898#0	0
1352	Q0	1092107#6	0
1352	Q0	1161196#7	0
1352	Q0	194568#0	0
1352	Q0	1256398#3	0
1352	Q0	54117#7	0
1352	Q0	121328#9	0
1352	Q0	1704979#1	0
1352	Q0	752898#1	0
1352	Q0	807#10	0
1352	Q0	201726#4	0
1352	Q0	2199318#0	0
1352	Q0	234619#9	0
1352	Q0	186084#0	0
1352	Q0	43898#10	0
1352	Q0	885245#0	0
1352	Q0	147143#0	0
1353	Q0	1429294#1	1
1353	Q0	6483#0	1
1353	Q0	216351#6	1
1353	Q0	993296#0	0
1353	Q0	6483#38	0
1353	Q0	4953#134	0
1353	Q0	66158#1	0
1353	Q0	687499#13	0
1353	Q0	1794982#1	0
1353	Q0	793968#0	0
1353	Q0	1618016#0	0
1353	Q0	772843#0	0
1353	Q0	6483#139	0
1353	Q0	4953#113	0
1353	Q0	6483#1	0
1353	Q0	698798#3	0
1355	Q0	285930#6	1
1355	Q0	655730#3	1
1355	Q0	10336#0	1
1355	Q0	32377#63	1
1355	Q0	770940#4	0
1355	Q0	233469#6	0
1355	Q0	88382#4	0
1355	Q0	1006954#2	0
1355	Q0	151813#8	0
1355	Q0	255735#46	0
1355	Q0	1777185#71	0
1355	Q0	255735#45	0
1355	Q0	529825#1	0
1355	Q0	573022#2	0
1355	Q0	10336#1	0
1355	Q0	936772#47	0
1355	Q0	1009836#4	0
1355	Q0	500510#24	0
1358	Q0	6483#25	1
1358	Q0	1465012#1	0
1358	Q0	43847#1	0
1358	Q0	47409#0	0
1358	Q0	43847#7	0
1358	Q0	280#14	0
1358	Q0	13468#2	0
1358	Q0	235231#44	0
1358	Q0	1300658#4	0
1358	Q0	14958#44	0
1358	Q0	51467#1	0
1358	Q0	141508#2	0
1358	Q0	75358#12	0
1358	Q0	228231#131	0
1358	Q0	640841#1	0
1358	Q0	160671#54	0
1359	Q0	11773#0	1
1359	Q0	114356#27	1
1359	Q0	157982#1	1
1359	Q0	1013750#0	1
1359	Q0	1339149#0	1
1359	Q0	485336#2	1
1359	Q0	9270#0	1
1359	Q0	156283#0	1
1359	Q0	238991#2	1
1359	Q0	14836#26	1
1359	Q0	9270#30	0
1359	Q0	11773#1	0
1359	Q0	11773#3	0
1359	Q0	11773#2	0
1360	Q0	833294#1	1
1360	Q0	620218#1	1
1360	Q0	40960#6	1
1360	Q0	848616#0	1
1360	Q0	5247#5	0
1360	Q0	188400#3	0
1360	Q0	40960#1	0
1360	Q0	121613#0	0
1360	Q0	620218#17	0
1360	Q0	620218#9	0
1360	Q0	162004#17	0
1360	Q0	1160588#3	0
1360	Q0	188400#8	0
1360	Q0	121613#1	0
1360	Q0	390302#0	0
1360	Q0	194760#6	0
1361	Q0	1617281#1	1
1361	Q0	11770#0	1
1361	Q0	116317#0	1
1361	Q0	1323028#2	0
1361	Q0	118458#5	0
1361	Q0	1925813#56	0
1361	Q0	360815#6	0
1361	Q0	52138#13	0
1361	Q0	53688#0	0
1361	Q0	288166#1	0
1361	Q0	668326#0	0
1361	Q0	1390129#0	0
1361	Q0	295831#1	0
1361	Q0	931740#3	0
1361	Q0	801960#0	0
1361	Q0	253908#8	0
1362	Q0	97228#11	1
1362	Q0	742913#4	0
1362	Q0	2397#3	0
1362	Q0	103605#3	0
1362	Q0	1665057#4	0
1362	Q0	195037#0	0
1362	Q0	241789#16	0
1362	Q0	8814#12	0
1362	Q0	241789#2	0
1362	Q0	343622#5	0
1362	Q0	241789#14	0
1362	Q0	103605#16	0
1362	Q0	794921#3	0
1362	Q0	121726#6	0
1364	Q0	62821#3	1
1364	Q0	876740#2	0
1364	Q0	380133#7	0
1364	Q0	1591300#1	0
1364	Q0	1045122#2	0
1364	Q0	855730#5	0
1364	Q0	129710#0	0
1364	Q0	62821#36	0
1364	Q0	303095#4	0
1364	Q0	1130898#2	0
1364	Q0	1446659#10	0
1364	Q0	179999#3	0
1364	Q0	1107413#2	0
1364	Q0	1043563#2	0
1364	Q0	1732653#3	0
1364	Q0	1484765#2	0
1365	Q0	84469#1	1
1365	Q0	84469#22	0
1365	Q0	84469#0	0
1365	Q0	84469#19	0
1365	Q0	84469#7	0
1365	Q0	273567#2	0
1365	Q0	84469#13	0
1365	Q0	84469#2	0
1365	Q0	84469#21	0
1365	Q0	84469#15	0
1365	Q0	84469#14	0
1365	Q0	84469#9	0
1365	Q0	84469#10	0
1366	Q0	261339#0	1
1366	Q0	602612#2	1
1366	Q0	37027#20	0
1366	Q0	1180019#1	0
1366	Q0	261339#2	0
1366	Q0	33710#3	0
1366	Q0	954668#0	0
1366	Q0	172351#0	0
1366	Q0	602620#4	0
1366	Q0	5430#6	0
1366	Q0	14267#4	0
1366	Q0	6743#0	0
1366	Q0	6743#13	0
1366	Q0	261339#4	0
1366	Q0	493328#0	0
1366	Q0	6743#14	0
1367	Q0	95902#0	1
1367	Q0	525908#0	1
1367	Q0	546147#15	1
1367	Q0	69795#1	0
1367	Q0	95902#17	0
1367	Q0	537529#0	0
1367	Q0	235357#0	0
1367	Q0	534813#5	0
1367	Q0	95902#3	0
1367	Q0	243443#0	0
1367	Q0	529112#21	0
1367	Q0	548039#0	0
1367	Q0	51209#0	0
1367	Q0	719288#0	0
1369	Q0	487516#15	1
1369	Q0	70090#8	1
1369	Q0	487516#14	0
1369	Q0	280#29	0
1369	Q0	487516#16	0
1369	Q0	208680#2	0
1369	Q0	463702#0	0
1369	Q0	1167011#1	0
1369	Q0	783#1	0
1369	Q0	487516#13	0
1369	Q0	1609587#1	0
1369	Q0	131439#3	0
1369	Q0	487516#0	0
1369	Q0	276433#1	0
1369	Q0	2789#21	0
1372	Q0	940884#3	1
1372	Q0	95504#6	1
1372	Q0	2871#41	1
1372	Q0	35235#2	0
1372	Q0	2871#4	0
1372	Q0	95902#9	0
1372	Q0	530442#111	0
1372	Q0	63678#6	0
1372	Q0	2670#12	0
1372	Q0	1367072#0	0
1372	Q0	95504#9	0
1372	Q0	2871#21	0
1373	Q0	95916#22	1
1373	Q0	197841#3	0
1373	Q0	7929#6	0
1373	Q0	89229#10	0
1373	Q0	95916#26	0
1373	Q0	95916#2	0
1373	Q0	95916#0	0
1373	Q0	197841#1	0
1373	Q0	93119#11	0
1373	Q0	1007541#8	0
1373	Q0	95916#27	0
1373	Q0	95916#57	0
1373	Q0	95916#49	0
1373	Q0	456812#3	0
1373	Q0	95916#19	0
1375	Q0	39807#0	1
1375	Q0	39807#4	0
1375	Q0	349069#0	0
1375	Q0	351422#0	0
1375	Q0	4468#16	0
1375	Q0	39807#3	0
1375	Q0	431841#30	0
1375	Q0	323874#6	0
1375	Q0	714169#11	0
1375	Q0	39807#6	0
1375	Q0	39807#11	0
1375	Q0	627126#10	0
1375	Q0	74245#11	0
1376	Q0	48139#0	1
1376	Q0	44675#17	1
1376	Q0	46603#9	1
1376	Q0	48139#16	0
1376	Q0	1801466#0	0
1376	Q0	114974#2	0
1376	Q0	1914832#1	0
1376	Q0	109729#0	0
1376	Q0	1801637#3	0
1376	Q0	109729#1	0
1376	Q0	38764#0	0
1376	Q0	1295659#1	0
1376	Q0	881057#0	0
1376	Q0	46604#1	0
1376	Q0	535994#1	0
1377	Q0	41528#0	1
1377	Q0	1916616#19	0
1377	Q0	41528#1	0
1377	Q0	341016#19	0
1377	Q0	341016#12	0
1377	Q0	341016#1	0
1377	Q0	342419#0	0
1377	Q0	1352075#27	0
1377	Q0	395249#10	0
1377	Q0	343162#29	0
1377	Q0	395801#4	0
1377	Q0	341016#0	0
1377	Q0	396149#0	0
1377	Q0	346842#0	0
1380	Q0	11928#0	1
1380	Q0	368661#1	1
1380	Q0	410505#0	1
1380	Q0	423812#0	0
1380	Q0	189982#2	0
1380	Q0	864682#11	0
1380	Q0	864682#10	0
1380	Q0	1899475#2	0
1380	Q0	1162719#1	0
1380	Q0	1899475#0	0
1380	Q0	368661#2	0
1380	Q0	1879951#2	0
1380	Q0	81658#2	0
1380	Q0	11928#1	0
1381	Q0	8814#13	1
1381	Q0	55071#0	1
1381	Q0	8814#0	1
1381	Q0	55076#0	1
1381	Q0	38798#0	1
1381	Q0	696684#0	1
1381	Q0	208618#0	0
1381	Q0	125662#0	0
1381	Q0	1240891#0	0
1381	Q0	558364#0	0
1381	Q0	207596#1	0
1381	Q0	555240#0	0
1381	Q0	293784#0	0
1381	Q0	682587#1	0
1381	Q0	1249823#0	0
1382	Q0	6483#0	1
1382	Q0	14958#44	0
1382	Q0	3222#25	0
1382	Q0	22912#48	0
1382	Q0	1011179#99	0
1382	Q0	481418#1	0
1382	Q0	615401#1	0
1382	Q0	2333206#15	0
1382	Q0	51097#9	0
1382	Q0	318638#1	0
1382	Q0	40775#6	0
1382	Q0	29620#34	0
1382	Q0	120433#94	0
1382	Q0	640841#1	0
1382	Q0	607094#6	0
1382	Q0	22912#1	0
1383	Q0	418410#1	1
1383	Q0	1807969#0	0
1383	Q0	845602#0	0
1383	Q0	841755#0	0
1383	Q0	117973#9	0
1383	Q0	55565#14	0
1383	Q0	55565#3	0
1383	Q0	1807092#2	0
1383	Q0	863240#1	0
1383	Q0	1630967#4	0
1383	Q0	327823#2	0
1383	Q0	418410#0	0
1383	Q0	465702#0	0
1383	Q0	72327#1	0
1383	Q0	55565#0	0
1385	Q0	1421080#8	1
1385	Q0	1421080#11	0
1385	Q0	1421080#9	0
1385	Q0	1421080#14	0
1385	Q0	1421080#13	0
1385	Q0	1421080#1	0
1385	Q0	1421080#10	0
1385	Q0	1421080#15	0
1385	Q0	1421080#17	0
1385	Q0	1421080#16	0
1385	Q0	1421080#2	0
1385	Q0	1421080#0	0
1386	Q0	524572#1	1
1386	Q0	38175#106	0
1386	Q0	241789#13	0
1386	Q0	103605#18	0
1386	Q0	188463#6	0
1386	Q0	38175#115	0
1386	Q0	203571#0	0
1386	Q0	857527#3	0
1386	Q0	193971#0	0
1386	Q0	177085#0	0
1386	Q0	4256#2	0
1386	Q0	119516#1	0
1386	Q0	38165#0	0
1386	Q0	187651#0	0
1389	Q0	47707#4	1
1389	Q0	90708#3	0
1389	Q0	90708#1	0
1389	Q0	1180178#3	0
1389	Q0	1293483#1	0
1389	Q0	90708#2	0
1389	Q0	52231#0	0
1389	Q0	417361#17	0
1389	Q0	47707#3	0
1389	Q0	47707#36	0
1389	Q0	325241#5	0
1389	Q0	47707#10	0
1389	Q0	913949#7	0
1389	Q0	1180178#2	0
1394	Q0	11017#0	1
1394	Q0	64566#3	0
1394	Q0	500753#1	0
1394	Q0	294875#1	0
1394	Q0	45248#0	0
1394	Q0	1024142#6	0
1394	Q0	880469#0	0
1394	Q0	460922#1	0
1394	Q0	2379190#0	0
1394	Q0	657530#2	0
1394	Q0	506770#2	0
1394	Q0	249533#1	0
1394	Q0	45932#14	0
1394	Q0	44951#2	0
1394	Q0	3844#4	0
1394	Q0	2022989#4	0
1394	Q0	68578#5	0
1394	Q0	45932#15	0
1397	Q0	38556#0	1
1397	Q0	306139#5	0
1397	Q0	1161196#7	0
1397	Q0	146353#16	0
1397	Q0	1466421#0	0
1397	Q0	121328#9	0
1397	Q0	11055#3	0
1397	Q0	194568#0	0
1397	Q0	1958281#0	0
1397	Q0	612639#0	0
1397	Q0	1246039#0	0
1397	Q0	885245#0	0
1397	Q0	50814#1	0
1397	Q0	899596#61	0
1398	Q0	392011#0	1
1398	Q0	88090#3	0
1398	Q0	392011#1	0
1398	Q0	6690#3	0
1398	Q0	327797#3	0
1398	Q0	6210#3	0
1398	Q0	265215#2	0
1398	Q0	86178#3	0
1398	Q0	12547#1	0
1398	Q0	643128#1	0
1398	Q0	640280#4	0
1398	Q0	33930#2	0
1398	Q0	116147#1	0
1398	Q0	453864#1	0
1398	Q0	65812#4	0
1401	Q0	93333#1	1
1401	Q0	9251#1	0
1401	Q0	522400#4	0
1401	Q0	1444002#2	0
1401	Q0	87460#32	0
1401	Q0	38629#2	0
1401	Q0	865483#2	0
1401	Q0	497223#1	0
1401	Q0	791769#2	0
1401	Q0	193178#1	0
1401	Q0	93333#8	0
1401	Q0	1811201#1	0
1401	Q0	93333#14	0
1403	Q0	562180#9	1
1403	Q0	562180#0	0
1403	Q0	406344#106	0
1403	Q0	406344#107	0
1403	Q0	111225#0	0
1403	Q0	56852#23	0
1403	Q0	562180#22	0
1403	Q0	7278#0	0
1403	Q0	1610657#2	0
1403	Q0	354863#5	0
1403	Q0	7278#4	0
1403	Q0	64629#0	0
1403	Q0	374931#0	0
1403	Q0	1795982#12	0
1403	Q0	1204505#3	0
1403	Q0	254284#1	0
1403	Q0	2050529#0	0
1404	Q0	123646#2	1
1404	Q0	1065183#0	1
1404	Q0	1065183#34	0
1404	Q0	12692#14	0
1404	Q0	12692#17	0
1404	Q0	272360#1	0
1404	Q0	1065183#23	0
1404	Q0	1065183#22	0
1404	Q0	1065183#18	0
1404	Q0	716002#1	0
1404	Q0	1065183#1	0
1404	Q0	1102240#8	0
1404	Q0	499899#1	0
1410	Q0	878589#15	1
1410	Q0	32385#11	1
1410	Q0	1123631#5	1
1410	Q0	14224#0	1
1410	Q0	878589#0	1
1410	Q0	34057#3	1
1410	Q0	14224#7	1
1410	Q0	27102#1	0
1410	Q0	878589#5	0
1410	Q0	30272#1	0
1410	Q0	1371114#13	0
1410	Q0	77248#18	0
1410	Q0	1371114#3	0
1411	Q0	815690#1	1
1411	Q0	7629#37	1
1411	Q0	7629#0	1
1411	Q0	47409#15	1
1411	Q0	5963#15	1
1411	Q0	7629#28	0
1411	Q0	980514#16	0
1411	Q0	79399#1	0
1411	Q0	32377#1	0
1411	Q0	607144#12	0
1411	Q0	43330#8	0
1411	Q0	1940231#1	0
1411	Q0	7629#33	0
1411	Q0	1331451#2	0
1411	Q0	7629#4	0
1411	Q0	240463#78	0
1411	Q0	7629#90	0
1412	Q0	2820#1	1
1412	Q0	118385#0	1
1412	Q0	5530#1	1
1412	Q0	118385#12	0
1412	Q0	109296#5	0
1412	Q0	5103#12	0
1412	Q0	31431#24	0
1412	Q0	8542#3	0
1412	Q0	8542#32	0
1412	Q0	8542#6	0
1412	Q0	21935#0	0
1412	Q0	118022#1	0
1412	Q0	5534#0	0
1412	Q0	5102#52	0
1412	Q0	4322#0	0
1412	Q0	118022#0	0
1414	Q0	371558#35	1
1414	Q0	183930#13	1
1414	Q0	183930#12	1
1414	Q0	183930#19	1
1414	Q0	120246#14	0
1414	Q0	120088#1	0
1414	Q0	371558#2	0
1414	Q0	118385#1	0
1414	Q0	120088#2	0
1414	Q0	891248#0	0
1414	Q0	1662025#1	0
1414	Q0	1662025#12	0
1414	Q0	118389#1	0
1414	Q0	1662025#2	0
1414	Q0	1662025#18	0
1416	Q0	818376#0	1
1416	Q0	10738#0	1
1416	Q0	10738#5	1
1416	Q0	644532#4	1
1416	Q0	818651#0	1
1416	Q0	14688#0	1
1416	Q0	126919#0	1
1416	Q0	10738#36	0
1416	Q0	563996#0	0
1416	Q0	269574#6	0
1416	Q0	818423#0	0
1416	Q0	10738#25	0
1416	Q0	10738#34	0
1416	Q0	232757#1	0
1417	Q0	98535#4	1
1417	Q0	540177#4	1
1417	Q0	98535#7	0
1417	Q0	70364#6	0
1417	Q0	540177#16	0
1417	Q0	540177#14	0
1417	Q0	540177#0	0
1417	Q0	540177#7	0
1417	Q0	451879#8	0
1417	Q0	540177#12	0
1417	Q0	9977#9	0
1417	Q0	98535#2	0
1417	Q0	1004867#2	0
1417	Q0	98535#11	0
1418	Q0	1093921#0	1
1418	Q0	1916266#12	1
1418	Q0	189803#0	1
1418	Q0	1916266#3	1
1418	Q0	596607#13	1
1418	Q0	1826004#4	1
1418	Q0	661398#4	1
1418	Q0	54117#11	0
1418	Q0	197319#56	0
1418	Q0	52136#5	0
1418	Q0	193177#10	0
1418	Q0	208397#1	0
1420	Q0	3332#16	1
1420	Q0	1598326#0	0
1420	Q0	3332#3	0
1420	Q0	1046444#6	0
1420	Q0	1046458#2	0
1420	Q0	468263#0	0
1420	Q0	476952#1	0
1420	Q0	290118#2	0
1420	Q0	21989#2	0
1420	Q0	21989#1	0
1420	Q0	5157#25	0
1420	Q0	716647#1	0
1420	Q0	23316#1	0
1420	Q0	3332#4	0
1420	Q0	156614#4	0
1420	Q0	1656884#6	0
1421	Q0	47385#1	1
1421	Q0	463154#6	1
1421	Q0	151097#16	1
1421	Q0	12905#0	0
1421	Q0	68577#10	0
1421	Q0	47935#0	0
1421	Q0	47385#0	0
1421	Q0	1510489#6	0
1421	Q0	172467#0	0
1421	Q0	12906#4	0
1421	Q0	1959844#32	0
1421	Q0	1115088#2	0
1421	Q0	261911#41	0
1421	Q0	1510489#15	0
1422	Q0	77248#0	1
1422	Q0	77248#2	0
1422	Q0	77248#27	0
1422	Q0	77248#33	0
1422	Q0	77248#24	0
1422	Q0	905661#0	0
1422	Q0	230871#1	0
1422	Q0	77248#10	0
1422	Q0	602892#4	0
1422	Q0	77248#25	0
1422	Q0	565331#5	0
1422	Q0	1616078#3	0
1422	Q0	268578#0	0
1422	Q0	2531#94	0
1425	Q0	37742#0	1
1425	Q0	37742#2	1
1425	Q0	103382#0	0
1425	Q0	95892#11	0
1425	Q0	610556#0	0
1425	Q0	77005#7	0
1425	Q0	297350#2	0
1425	Q0	625557#10	0
1425	Q0	889574#0	0
1425	Q0	178155#1	0
1425	Q0	1940469#1	0
1425	Q0	79326#4	0
1425	Q0	72789#1	0
1425	Q0	1953584#0	0
1425	Q0	72789#31	0
1425	Q0	980514#13	0
1426	Q0	1472202#0	1
1426	Q0	48037#8	0
1426	Q0	48037#0	0
1426	Q0	48037#9	0
1426	Q0	48037#3	0
1426	Q0	48037#11	0
1426	Q0	265536#7	0
1426	Q0	48037#1	0
1426	Q0	48037#10	0
1426	Q0	678934#4	0
1426	Q0	265536#2	0
1426	Q0	821875#1	0
1426	Q0	261453#2	0
1426	Q0	15921#29	0
1427	Q0	216546#4	1
1427	Q0	506391#1	1
1427	Q0	5189#32	0
1427	Q0	5189#7	0
1427	Q0	218360#3	0
1427	Q0	5189#8	0
1427	Q0	283441#2	0
1427	Q0	5189#108	0
1427	Q0	218360#25	0
1427	Q0	218360#29	0
1427	Q0	5189#87	0
1427	Q0	1010392#15	0
1427	Q0	5189#0	0
1427	Q0	34953#17	0
1427	Q0	779340#8	0
1428	Q0	582184#4	1
1428	Q0	70827#14	1
1428	Q0	10336#23	1
1428	Q0	2818#0	1
1428	Q0	2008525#4	0
1428	Q0	1940231#2	0
1428	Q0	1918309#15	0
1428	Q0	39761#31	0
1428	Q0	2818#6	0
1428	Q0	2818#11	0
1428	Q0	12033#6	0
1428	Q0	841455#0	0
1428	Q0	542005#0	0
1428	Q0	2818#17	0
1428	Q0	263777#1	0
1428	Q0	118327#0	0
1430	Q0	107432#0	1
1430	Q0	62179#6	0
1430	Q0	49201#42	0
1430	Q0	1965278#8	0
1430	Q0	9544#4	0
1430	Q0	3727#0	0
1430	Q0	1066121#0	0
1430	Q0	659800#0	0
1430	Q0	752361#2	0
1430	Q0	336104#0	0
1430	Q0	585623#4	0
1430	Q0	118987#1	0
1430	Q0	137042#11	0
1430	Q0	3720#0	0
1430	Q0	314487#2	0
1430	Q0	15209#17	0
1432	Q0	699#0	1
1432	Q0	329399#5	1
1432	Q0	2715#19	1
1432	Q0	1920584#0	1
1432	Q0	2715#1	1
1432	Q0	762#5	0
1432	Q0	241469#0	0
1432	Q0	10071#1	0
1432	Q0	196666#0	0
1432	Q0	55103#0	0
1432	Q0	50814#1	0
1432	Q0	314767#0	0
1432	Q0	1943029#1	0
1432	Q0	943714#0	0
1432	Q0	656907#1	0
1432	Q0	370890#0	0
1432	Q0	561250#9	0
1432	Q0	698#4	0
1433	Q0	335303#0	1
1433	Q0	741022#8	1
1433	Q0	89607#1	1
1433	Q0	972764#5	1
1433	Q0	3821#1	1
1433	Q0	754#10	1
1433	Q0	54301#3	1
1433	Q0	109401#13	1
1433	Q0	12476#50	1
1433	Q0	31165#1	0
1433	Q0	1753525#0	0
1433	Q0	62807#3	0
1434	Q0	8373#15	1
1434	Q0	8360#11	0
1434	Q0	8360#14	0
1434	Q0	8360#4	0
1434	Q0	8360#12	0
1434	Q0	8360#15	0
1434	Q0	8360#10	0
1434	Q0	8360#8	0
1434	Q0	8360#0	0
1434	Q0	174436#3	0
1434	Q0	8360#18	0
1434	Q0	1599929#0	0
1434	Q0	8360#17	0
1438	Q0	673686#0	1
1438	Q0	486478#1	0
1438	Q0	280178#0	0
1438	Q0	281323#0	0
1438	Q0	2335461#1	0
1438	Q0	72517#5	0
1438	Q0	460824#1	0
1438	Q0	9217#15	0
1438	Q0	682946#0	0
1438	Q0	1179308#5	0
1438	Q0	589231#3	0
1438	Q0	422684#1	0
1438	Q0	685685#0	0
1438	Q0	685968#0	0
1438	Q0	851782#0	0
1443	Q0	648445#31	1
1443	Q0	128316#5	1
1443	Q0	1811519#0	1
1443	Q0	648445#0	1
1443	Q0	648445#19	0
1443	Q0	128316#14	0
1443	Q0	883051#0	0
1443	Q0	648445#28	0
1443	Q0	128316#13	0
1443	Q0	128316#11	0
1443	Q0	648445#16	0
1443	Q0	230053#2	0
1443	Q0	648445#27	0
1444	Q0	1025564#0	1
1444	Q0	10054#5	1
1444	Q0	10054#15	1
1444	Q0	257386#2	1
1444	Q0	1973284#0	1
1444	Q0	671262#0	0
1444	Q0	47751#0	0
1444	Q0	61536#0	0
1444	Q0	1607245#0	0
1444	Q0	10054#12	0
1444	Q0	10051#1	0
1444	Q0	10054#2	0
1444	Q0	10054#0	0
1444	Q0	10051#4	0
1444	Q0	278021#0	0
1444	Q0	953425#1	0
1445	Q0	118568#0	1
1445	Q0	673782#0	0
1445	Q0	48325#24	0
1445	Q0	118572#0	0
1445	Q0	1717452#5	0
1445	Q0	118186#0	0
1445	Q0	118568#5	0
1445	Q0	1717567#6	0
1445	Q0	31423#6	0
1445	Q0	48325#20	0
1445	Q0	118186#10	0
1445	Q0	118568#3	0
1445	Q0	118186#3	0
1445	Q0	118186#1	0
1445	Q0	118572#6	0
1446	Q0	393443#18	1
1446	Q0	393443#0	1
1446	Q0	393443#15	1
1446	Q0	393443#19	1
1446	Q0	393443#21	1
1446	Q0	393443#6	0
1446	Q0	393443#13	0
1446	Q0	393443#16	0
1446	Q0	393443#7	0
1446	Q0	393443#2	0
1446	Q0	393443#17	0
1446	Q0	393443#3	0
1447	Q0	921493#0	1
1447	Q0	536047#3	1
1447	Q0	536047#1	1
1447	Q0	39764#1	0
1447	Q0	57242#0	0
1447	Q0	526360#1	0
1447	Q0	1323312#7	0
1447	Q0	77178#2	0
1447	Q0	188278#4	0
1447	Q0	77178#1	0
1447	Q0	176641#1	0
1447	Q0	321326#4	0
1448	Q0	974421#3	1
1448	Q0	925547#1	1
1448	Q0	754#2	1
1448	Q0	14281#21	1
1448	Q0	109401#3	0
1448	Q0	960374#19	0
1448	Q0	14276#7	0
1448	Q0	446672#8	0
1448	Q0	1863912#7	0
1448	Q0	14281#22	0
1448	Q0	974308#4	0
1448	Q0	89607#24	0
1448	Q0	14281#19	0
1448	Q0	14281#24	0
1448	Q0	39588#5	0
1448	Q0	96869#0	0
1449	Q0	20576#22	1
1449	Q0	3533#20	1
1449	Q0	276729#5	0
1449	Q0	3533#50	0
1449	Q0	276604#1	0
1449	Q0	22627#7	0
1449	Q0	521950#46	0
1449	Q0	698322#8	0
1449	Q0	155220#6	0
1449	Q0	276729#4	0
1449	Q0	177755#10	0
1449	Q0	3533#8	0
1449	Q0	3533#26	0
1451	Q0	3456#3	1
1451	Q0	565111#8	0
1451	Q0	68568#19	0
1451	Q0	3456#4	0
1451	Q0	3456#6	0
1451	Q0	68568#2	0
1451	Q0	72613#12	0
1451	Q0	68568#16	0
1451	Q0	399496#0	0
1451	Q0	1630967#1	0
1451	Q0	3456#14	0
1451	Q0	3456#9	0
1451	Q0	1578579#1	0
1451	Q0	325132#45	0
1451	Q0	325132#58	0
1451	Q0	815665#2	0
1451	Q0	68568#15	0
1453	Q0	210860#0	1
1453	Q0	210860#56	0
1453	Q0	502900#4	0
1453	Q0	1713229#1	0
1453	Q0	103094#2	0
1453	Q0	312526#0	0
1453	Q0	1442109#9	0
1453	Q0	103094#1	0
1453	Q0	851738#0	0
1453	Q0	948279#2	0
1453	Q0	637446#1	0
1453	Q0	389968#12	0
1453	Q0	435908#5	0
1453	Q0	210860#40	0
1453	Q0	271161#10	0
1453	Q0	210860#48	0
1454	Q0	413259#2	1
1454	Q0	95488#20	0
1454	Q0	282208#0	0
1454	Q0	674152#0	0
1454	Q0	507176#0	0
1454	Q0	80038#8	0
1454	Q0	508820#0	0
1454	Q0	922501#0	0
1454	Q0	413122#2	0
1454	Q0	508838#1	0
1454	Q0	404076#2	0
1454	Q0	615148#0	0
1454	Q0	80038#1	0
1455	Q0	1500414#0	1
1455	Q0	465100#35	1
1455	Q0	774919#7	1
1455	Q0	1833923#1	1
1455	Q0	1500414#1	0
1455	Q0	399409#0	0
1455	Q0	850095#0	0
1455	Q0	1931912#0	0
1455	Q0	1207450#1	0
1455	Q0	701535#0	0
1455	Q0	1036616#2	0
1455	Q0	439426#3	0
1455	Q0	233794#1	0
1455	Q0	402367#0	0
1455	Q0	1500414#3	0
1457	Q0	428318#6	1
1457	Q0	31159#3	0
1457	Q0	390822#1	0
1457	Q0	31159#0	0
1457	Q0	369374#3	0
1457	Q0	509765#1	0
1457	Q0	1704979#1	0
1457	Q0	149745#6	0
1457	Q0	1857216#0	0
1457	Q0	593208#1	0
1457	Q0	402760#3	0
1457	Q0	39698#2	0
1457	Q0	454255#5	0
1457	Q0	39501#0	0
1457	Q0	279538#1	0
1457	Q0	216340#6	0
1457	Q0	8067#8	0
1457	Q0	616228#1	0
1457	Q0	415665#0	0
1458	Q0	8361#1	1
1458	Q0	31361#6	0
1458	Q0	8361#59	0
1458	Q0	12510#14	0
1458	Q0	31148#0	0
1458	Q0	31342#7	0
1458	Q0	31262#0	0
1458	Q0	253235#6	0
1458	Q0	1226777#3	0
1458	Q0	1186713#1	0
1458	Q0	921379#0	0
1458	Q0	22738#5	0
1458	Q0	8361#58	0
1458	Q0	14400#0	0
1458	Q0	330663#5	0
1458	Q0	31468#0	0
1458	Q0	31396#0	0
1459	Q0	767282#2	1
1459	Q0	802755#2	1
1459	Q0	2002#0	1
1459	Q0	2385907#1	0
1459	Q0	2296840#0	0
1459	Q0	2296840#2	0
1459	Q0	859610#1	0
1459	Q0	230999#1	0
1459	Q0	279773#16	0
1459	Q0	1302441#33	0
1459	Q0	2296840#3	0
1459	Q0	2296840#9	0
1459	Q0	670720#3	0
1459	Q0	2385907#0	0
1462	Q0	47536#13	1
1462	Q0	470768#62	0
1462	Q0	617908#33	0
1462	Q0	78656#21	0
1462	Q0	1754361#5	0
1462	Q0	78656#0	0
1462	Q0	279354#6	0
1462	Q0	78656#8	0
1462	Q0	1007017#3	0
1462	Q0	108151#23	0
1462	Q0	78656#2	0
1462	Q0	279354#5	0
1462	Q0	1754834#10	0
1462	Q0	617908#1	0
1462	Q0	78656#10	0
1462	Q0	486111#5	0
1462	Q0	1007017#1	0
1462	Q0	108125#2	0
1465	Q0	92808#1	1
1465	Q0	265563#7	1
1465	Q0	320094#15	0
1465	Q0	265563#5	0
1465	Q0	280556#1	0
1465	Q0	155217#7	0
1465	Q0	280556#26	0
1465	Q0	106241#2	0
1465	Q0	92808#12	0
1465	Q0	263178#12	0
1465	Q0	1809267#0	0
1465	Q0	244288#3	0
1465	Q0	92808#13	0
1465	Q0	9955#37	0
1466	Q0	47510#0	1
1466	Q0	3222#2	1
1466	Q0	47510#3	0
1466	Q0	47510#1	0
1466	Q0	878213#1	0
1466	Q0	54292#38	0
1466	Q0	896406#2	0
1466	Q0	522201#0	0
1466	Q0	1314956#1	0
1466	Q0	55384#3	0
1466	Q0	6545#4	0
1466	Q0	47510#2	0
1466	Q0	736824#1	0
1468	Q0	101798#6	1
1468	Q0	38175#58	0
1468	Q0	38175#106	0
1468	Q0	38175#2	0
1468	Q0	324694#1	0
1468	Q0	38175#91	0
1468	Q0	38175#115	0
1468	Q0	857527#3	0
1468	Q0	332170#0	0
1468	Q0	38175#69	0
1468	Q0	101798#0	0
1468	Q0	38175#61	0
1468	Q0	58776#0	0
1468	Q0	193899#0	0
1468	Q0	193963#0	0
1468	Q0	204575#0	0
1468	Q0	203571#0	0
1468	Q0	38175#93	0
1469	Q0	1831603#2	1
1469	Q0	1366824#0	1
1469	Q0	1578499#1	1
1469	Q0	990820#0	1
1469	Q0	988005#0	1
1469	Q0	1366824#2	0
1469	Q0	1366824#1	0
1469	Q0	304498#1	0
1469	Q0	1366824#6	0
1469	Q0	1040010#0	0
1469	Q0	34778#2	0
1469	Q0	126552#11	0
1470	Q0	968920#1	1
1470	Q0	9977#10	0
1470	Q0	9977#11	0
1470	Q0	983248#5	0
1470	Q0	540177#16	0
1470	Q0	800175#0	0
1470	Q0	1959127#0	0
1470	Q0	633593#0	0
1470	Q0	672164#0	0
1470	Q0	9977#9	0
1470	Q0	9977#5	0
1470	Q0	9977#4	0
1470	Q0	515793#2	0
1470	Q0	968920#7	0
1471	Q0	57060#0	1
1471	Q0	1872#3	1
1471	Q0	94515#0	0
1471	Q0	4468#18	0
1471	Q0	1318006#0	0
1471	Q0	296773#4	0
1471	Q0	1769448#1	0
1471	Q0	459863#0	0
1471	Q0	292253#0	0
1471	Q0	22164#6	0
1471	Q0	199254#1	0
1471	Q0	1872#0	0
1471	Q0	296773#2	0
1471	Q0	933210#14	0
1471	Q0	221907#1	0
1471	Q0	436381#0	0
1471	Q0	621003#0	0
1473	Q0	50438#0	1
1473	Q0	742609#5	0
1473	Q0	6483#67	0
1473	Q0	1741967#2	0
1473	Q0	130517#2	0
1473	Q0	675113#10	0
1473	Q0	1618016#0	0
1473	Q0	1371950#1	0
1473	Q0	145895#9	0
1473	Q0	1992953#0	0
1473	Q0	234157#0	0
1473	Q0	970308#52	0
1473	Q0	1747920#1	0
1473	Q0	95928#1	0
1473	Q0	325530#7	0
1473	Q0	178292#0	0
1473	Q0	1234274#4	0
1474	Q0	72789#0	1
1474	Q0	194860#1	1
1474	Q0	6451#29	1
1474	Q0	79993#19	0
1474	Q0	6147#7	0
1474	Q0	518#20	0
1474	Q0	855247#3	0
1474	Q0	5904#35	0
1474	Q0	6147#3	0
1474	Q0	6147#4	0
1474	Q0	213058#3	0
1474	Q0	93331#12	0
1474	Q0	149084#8	0
1474	Q0	6451#2	0
1474	Q0	82978#21	0
1475	Q0	35222#7	1
1475	Q0	720449#18	1
1475	Q0	164479#2	1
1475	Q0	86000#6	1
1475	Q0	1056247#2	0
1475	Q0	263881#2	0
1475	Q0	9221#2	0
1475	Q0	83585#0	0
1475	Q0	88356#0	0
1475	Q0	8846#2	0
1475	Q0	662376#6	0
1475	Q0	1672677#3	0
1475	Q0	41646#4	0
1475	Q0	268983#1	0
1475	Q0	370559#3	0
1477	Q0	415938#0	1
1477	Q0	225047#1	0
1477	Q0	333072#1	0
1477	Q0	27949#3	0
1477	Q0	905555#40	0
1477	Q0	251255#24	0
1477	Q0	415938#3	0
1477	Q0	13201#76	0
1477	Q0	29620#3	0
1477	Q0	500842#3	0
1477	Q0	251255#26	0
1477	Q0	225047#2	0
1480	Q0	630503#0	1
1480	Q0	116059#12	0
1480	Q0	317406#0	0
1480	Q0	745299#0	0
1480	Q0	303312#0	0
1480	Q0	112965#0	0
1480	Q0	939706#0	0
1480	Q0	112965#5	0
1480	Q0	692672#0	0
1480	Q0	218031#1	0
1480	Q0	102115#3	0
1480	Q0	102115#0	0
1481	Q0	1436788#7	1
1481	Q0	8759#0	1
1481	Q0	1466215#2	0
1481	Q0	12517#1	0
1481	Q0	475029#4	0
1481	Q0	942270#9	0
1481	Q0	637586#0	0
1481	Q0	168074#7	0
1481	Q0	2377952#1	0
1481	Q0	1107396#0	0
1481	Q0	76783#18	0
1481	Q0	8759#4	0
1481	Q0	8759#12	0
1481	Q0	261182#1	0
1481	Q0	190162#5	0
1483	Q0	1165654#0	1
1483	Q0	129091#17	0
1483	Q0	1313725#0	0
1483	Q0	728472#0	0
1483	Q0	860755#0	0
1483	Q0	129091#5	0
1483	Q0	129091#0	0
1483	Q0	129091#8	0
1483	Q0	722742#1	0
1483	Q0	1082936#0	0
1483	Q0	728472#5	0
1483	Q0	1772930#0	0
1484	Q0	339455#0	1
1484	Q0	39677#72	0
1484	Q0	182838#3	0
1484	Q0	1760498#3	0
1484	Q0	1308617#0	0
1484	Q0	192996#0	0
1484	Q0	1608053#0	0
1484	Q0	77646#0	0
1484	Q0	1340740#0	0
1484	Q0	1349923#0	0
1484	Q0	38153#34	0
1484	Q0	529831#7	0
1484	Q0	567664#4	0
1484	Q0	567664#13	0
1484	Q0	41285#52	0
1485	Q0	30350#1	1
1485	Q0	959601#12	1
1485	Q0	959601#7	0
1485	Q0	260136#3	0
1485	Q0	959601#4	0
1485	Q0	959601#0	0
1485	Q0	959601#8	0
1485	Q0	939774#6	0
1485	Q0	879315#1	0
1485	Q0	30350#5	0
1485	Q0	959601#5	0
1485	Q0	959601#15	0
1485	Q0	959601#1	0
1487	Q0	770995#0	1
1487	Q0	8443#10	1
1487	Q0	8443#14	0
1487	Q0	1386983#3	0
1487	Q0	508838#1	0
1487	Q0	1171298#4	0
1487	Q0	404076#2	0
1487	Q0	360815#5	0
1487	Q0	337305#1	0
1487	Q0	40656#2	0
1487	Q0	507179#3	0
1487	Q0	400696#1	0
1487	Q0	34921#6	0
1487	Q0	8981#4	0
1487	Q0	8443#9	0
1487	Q0	237329#6	0
1487	Q0	304557#1	0
1493	Q0	111517#0	1
1493	Q0	111254#0	0
1493	Q0	154303#1	0
1493	Q0	111517#2	0
1493	Q0	111254#4	0
1493	Q0	207306#0	0
1493	Q0	111534#1	0
1493	Q0	115228#29	0
1493	Q0	111515#0	0
1493	Q0	111944#1	0
1493	Q0	14229#4	0
1493	Q0	111254#6	0
1493	Q0	262307#4	0
1493	Q0	172961#1	0
1494	Q0	226075#0	1
1494	Q0	167832#2	0
1494	Q0	896127#0	0
1494	Q0	795226#0	0
1494	Q0	650810#1	0
1494	Q0	226073#0	0
1494	Q0	985854#0	0
1494	Q0	234214#0	0
1494	Q0	39713#0	0
1494	Q0	533063#9	0
1494	Q0	39713#2	0
1494	Q0	1932419#6	0
1494	Q0	32424#14	0
1494	Q0	91504#0	0
1499	Q0	40037#1	1
1499	Q0	153851#1	1
1499	Q0	560332#0	0
1499	Q0	199745#1	0
1499	Q0	774242#1	0
1499	Q0	1612246#1	0
1499	Q0	553648#4	0
1499	Q0	560332#8	0
1499	Q0	166567#1	0
1499	Q0	560332#10	0
1499	Q0	11190#8	0
1499	Q0	560332#12	0
1499	Q0	1232756#1	0
1499	Q0	40037#2	0
1501	Q0	68036#0	1
1501	Q0	68352#0	0
1501	Q0	68352#3	0
1501	Q0	68352#8	0
1501	Q0	68352#7	0
1501	Q0	364870#0	0
1501	Q0	364870#1	0
1501	Q0	1003429#0	0
1501	Q0	1724496#0	0
1501	Q0	2012405#0	0
1501	Q0	1139960#5	0
1501	Q0	1324129#0	0
1501	Q0	1395866#0	0
1502	Q0	755371#2	1
1502	Q0	54205#1	0
1502	Q0	39645#60	0
1502	Q0	970279#1	0
1502	Q0	914962#2	0
1502	Q0	30085#11	0
1502	Q0	578040#1	0
1502	Q0	39645#87	0
1502	Q0	5430#39	0
1502	Q0	55839#5	0
1502	Q0	39645#0	0
1502	Q0	993646#3	0
1502	Q0	2385990#6	0
1502	Q0	14281#42	0
1502	Q0	965170#4	0
1503	Q0	48095#0	1
1503	Q0	259038#12	1
1503	Q0	75622#2	0
1503	Q0	259038#52	0
1503	Q0	75622#8	0
1503	Q0	75622#0	0
1503	Q0	639068#0	0
1503	Q0	639062#0	0
1503	Q0	417025#0	0
1503	Q0	417046#0	0
1503	Q0	970553#0	0
1503	Q0	75622#9	0
1503	Q0	18776#0	0
1503	Q0	30224#0	0
1505	Q0	1772899#8	1
1505	Q0	1772899#2	0
1505	Q0	1772899#9	0
1505	Q0	910938#69	0
1505	Q0	1772899#6	0
1505	Q0	1496966#43	0
1505	Q0	1772899#17	0
1505	Q0	1772899#11	0
1505	Q0	1772899#14	0
1505	Q0	1772899#7	0
1505	Q0	1772899#13	0
1505	Q0	1772899#16	0
1505	Q0	1772899#10	0
1510	Q0	569162#5	1
1510	Q0	200978#6	0
1510	Q0	569162#1	0
1510	Q0	301632#4	0
1510	Q0	289599#31	0
1510	Q0	260207#11	0
1510	Q0	569162#3	0
1510	Q0	60776#7	0
1510	Q0	234770#0	0
1510	Q0	569162#0	0
1510	Q0	569162#2	0
1510	Q0	201406#0	0
1510	Q0	569162#4	0
1510	Q0	569162#6	0
1510	Q0	308846#0	0
1512	Q0	75799#0	1
1512	Q0	49162#0	0
1512	Q0	74348#0	0
1512	Q0	308563#0	0
1512	Q0	49059#0	0
1512	Q0	49006#26	0
1512	Q0	1225063#0	0
1512	Q0	600320#0	0
1512	Q0	75799#11	0
1512	Q0	146934#0	0
1512	Q0	49006#45	0
1512	Q0	48891#5	0
1512	Q0	75799#6	0
1513	Q0	909289#0	1
1513	Q0	909289#2	0
1513	Q0	629834#2	0
1513	Q0	867169#0	0
1513	Q0	909299#0	0
1513	Q0	867146#2	0
1513	Q0	909289#3	0
1513	Q0	267294#2	0
1513	Q0	12471#10	0
1513	Q0	12471#0	0
1513	Q0	909288#2	0
1513	Q0	970308#20	0
1513	Q0	33467#0	0
1516	Q0	228235#0	1
1516	Q0	44866#7	0
1516	Q0	6640#0	0
1516	Q0	2342#0	0
1516	Q0	6638#16	0
1516	Q0	46394#1	0
1516	Q0	1595615#5	0
1516	Q0	1620986#0	0
1516	Q0	523988#10	0
1516	Q0	249#65	0
1516	Q0	510#0	0
1516	Q0	336697#55	0
1516	Q0	93188#153	0
1516	Q0	9545#294	0
1516	Q0	249#58	0
1516	Q0	228235#2	0
1517	Q0	2444#0	1
1517	Q0	2444#6	0
1517	Q0	2444#17	0
1517	Q0	2444#2	0
1517	Q0	2444#18	0
1517	Q0	2444#12	0
1517	Q0	2444#11	0
1517	Q0	2444#19	0
1517	Q0	422914#1	0
1517	Q0	287566#1	0
1517	Q0	2444#34	0
1517	Q0	2444#23	0
1517	Q0	2444#16	0
1517	Q0	2444#3	0
1519	Q0	28258#0	1
1519	Q0	28258#16	0
1519	Q0	267020#31	0
1519	Q0	9949#12	0
1519	Q0	28258#14	0
1519	Q0	28258#15	0
1519	Q0	67920#214	0
1519	Q0	2373902#13	0
1519	Q0	117973#7	0
1519	Q0	1887488#8	0
1519	Q0	1887488#10	0
1519	Q0	121698#105	0
1519	Q0	933355#12	0
1519	Q0	54557#62	0
1519	Q0	7781#300	0
1519	Q0	493856#3	0
1519	Q0	312877#35	0
1521	Q0	1294926#0	1
1521	Q0	1294926#3	0
1521	Q0	385420#1	0
1521	Q0	1294926#5	0
1521	Q0	1256398#2	0
1521	Q0	1294926#6	0
1521	Q0	384193#2	0
1521	Q0	1294926#10	0
1521	Q0	475332#1	0
1521	Q0	1294926#2	0
1521	Q0	1259958#3	0
1521	Q0	385425#7	0
1521	Q0	390760#6	0
1521	Q0	1294675#0	0
1522	Q0	6680#35	1
1522	Q0	1153282#11	1
1522	Q0	4953#5	1
1522	Q0	768302#1	0
1522	Q0	22681#6	0
1522	Q0	4115#3	0
1522	Q0	297693#0	0
1522	Q0	731522#2	0
1522	Q0	1174167#2	0
1522	Q0	46692#14	0
1522	Q0	74136#0	0
1522	Q0	4953#61	0
1522	Q0	1059569#3	0
1522	Q0	4115#5	0
1522	Q0	5106#28	0
1522	Q0	61182#4	0
1524	Q0	1855587#21	1
1524	Q0	189829#18	0
1524	Q0	517869#17	0
1524	Q0	43908#7	0
1524	Q0	1932401#35	0
1524	Q0	1834264#50	0
1524	Q0	38536#5	0
1524	Q0	1932401#30	0
1524	Q0	1932401#0	0
1524	Q0	1932401#43	0
1524	Q0	43795#0	0
1524	Q0	83422#9	0
1524	Q0	2044715#2	0
1524	Q0	1408391#19	0
1524	Q0	361995#27	0
1524	Q0	1932401#17	0
1524	Q0	44366#9	0
1524	Q0	1766476#3	0
1526	Q0	3772#9	1
1526	Q0	100023#0	1
1526	Q0	608779#6	0
1526	Q0	3772#0	0
1526	Q0	978215#0	0
1526	Q0	1770085#0	0
1526	Q0	343843#2	0
1526	Q0	888542#0	0
1526	Q0	54117#13	0
1526	Q0	958725#0	0
1526	Q0	3772#3	0
1526	Q0	39912#0	0
1526	Q0	548279#1	0
1526	Q0	149851#1	0
1526	Q0	454722#0	0
1526	Q0	1073950#0	0
1526	Q0	3460#0	0
1528	Q0	35184#167	1
1528	Q0	35184#0	1
1528	Q0	35184#168	0
1528	Q0	35184#23	0
1528	Q0	98620#3	0
1528	Q0	35184#6	0
1528	Q0	35184#139	0
1528	Q0	35184#140	0
1528	Q0	35184#5	0
1528	Q0	35184#163	0
1528	Q0	290656#2	0
1529	Q0	87008#17	1
1529	Q0	1931772#1	1
1529	Q0	1931546#1	0
1529	Q0	523677#0	0
1529	Q0	6385#3	0
1529	Q0	1089635#1	0
1529	Q0	6612#0	0
1529	Q0	74134#6	0
1529	Q0	117973#2	0
1529	Q0	2379190#0	0
1529	Q0	220518#0	0
1529	Q0	11022#0	0
1529	Q0	6554#0	0
1529	Q0	2379183#0	0
1531	Q0	843317#5	1
1531	Q0	3208#0	0
1531	Q0	255735#34	0
1531	Q0	211789#4	0
1531	Q0	1825542#37	0
1531	Q0	211789#6	0
1531	Q0	3208#1	0
1531	Q0	3208#4	0
1531	Q0	714169#11	0
1531	Q0	1825542#38	0
1531	Q0	50672#3	0
1531	Q0	1852#20	0
1531	Q0	211789#3	0
1533	Q0	101740#13	1
1533	Q0	101740#14	0
1533	Q0	101740#40	0
1533	Q0	668177#1	0
1533	Q0	1087573#0	0
1533	Q0	324055#0	0
1533	Q0	1079068#0	0
1533	Q0	101740#15	0
1533	Q0	492825#9	0
1533	Q0	98864#0	0
1533	Q0	101740#52	0
1533	Q0	1949950#16	0
1533	Q0	350239#0	0
1533	Q0	101740#7	0
1534	Q0	5965#0	1
1534	Q0	5965#38	0
1534	Q0	5965#27	0
1534	Q0	5965#15	0
1534	Q0	5965#19	0
1534	Q0	5965#45	0
1534	Q0	5965#25	0
1534	Q0	5965#11	0
1534	Q0	5965#49	0
1534	Q0	5965#41	0
1534	Q0	5965#54	0
1534	Q0	29299#18	0
1534	Q0	5965#36	0
1534	Q0	5965#23	0
1535	Q0	78462#6	1
1535	Q0	78462#5	0
1535	Q0	78445#1	0
1535	Q0	78462#2	0
1535	Q0	78462#3	0
1535	Q0	78462#1	0
1535	Q0	78462#9	0
1535	Q0	78462#8	0
1535	Q0	980777#0	0
1535	Q0	78462#21	0
1535	Q0	78462#0	0
1535	Q0	78445#0	0
1535	Q0	158#8	0
1535	Q0	158#3	0
1537	Q0	164191#1	1
1537	Q0	634955#0	0
1537	Q0	634955#2	0
1537	Q0	164191#18	0
1537	Q0	164191#12	0
1537	Q0	9586#38	0
1537	Q0	9586#0	0
1537	Q0	9586#20	0
1537	Q0	9586#44	0
1537	Q0	185335#13	0
1537	Q0	164191#20	0
1537	Q0	164191#23	0
1537	Q0	164191#2	0
1537	Q0	164191#17	0
1537	Q0	164191#0	0
1537	Q0	164191#22	0
1537	Q0	164191#8	0
1538	Q0	85585#6	1
1538	Q0	2281516#0	0
1538	Q0	85585#0	0
1538	Q0	85585#1	0
1538	Q0	1641332#4	0
1538	Q0	1648234#0	0
1538	Q0	320080#17	0
1538	Q0	863842#0	0
1538	Q0	1218039#1	0
1538	Q0	134187#0	0
1538	Q0	68868#0	0
1541	Q0	40791#0	1
1541	Q0	40791#2	0
1541	Q0	40791#5	0
1541	Q0	40791#8	0
1541	Q0	40791#3	0
1541	Q0	363571#0	0
1541	Q0	1109471#0	0
1541	Q0	40791#31	0
1541	Q0	40791#26	0
1541	Q0	40791#10	0
1541	Q0	40791#19	0
1541	Q0	40791#12	0
1541	Q0	40791#28	0
1541	Q0	40791#29	0
1541	Q0	40791#14	0
1541	Q0	363571#3	0
1543	Q0	12913#5	1
1543	Q0	1987274#7	1
1543	Q0	606842#2	0
1543	Q0	203628#4	0
1543	Q0	990845#3	0
1543	Q0	1115086#2	0
1543	Q0	47384#1	0
1543	Q0	474349#6	0
1543	Q0	349381#1	0
1543	Q0	14260#2	0
1543	Q0	1764843#2	0
1543	Q0	1500219#2	0
1543	Q0	572923#6	0
1547	Q0	14281#27	1
1547	Q0	446672#10	1
1547	Q0	974421#4	1
1547	Q0	131012#1	0
1547	Q0	12474#4	0
1547	Q0	962773#36	0
1547	Q0	585337#0	0
1547	Q0	28078#26	0
1547	Q0	12476#29	0
1547	Q0	585337#1	0
1547	Q0	962773#35	0
1547	Q0	884372#1	0
1547	Q0	28075#8	0
1547	Q0	853861#2	0
1547	Q0	884372#3	0
1547	Q0	845592#0	0
1550	Q0	1488803#5	1
1550	Q0	1258134#0	0
1550	Q0	1161196#7	0
1550	Q0	1255740#0	0
1550	Q0	121328#9	0
1550	Q0	1256398#3	0
1550	Q0	656907#2	0
1550	Q0	1377989#0	0
1550	Q0	675342#15	0
1550	Q0	603707#4	0
1550	Q0	2911#0	0
1550	Q0	486343#0	0
1550	Q0	479046#0	0
1552	Q0	500819#0	1
1552	Q0	500863#3	0
1552	Q0	254992#15	0
1552	Q0	500827#0	0
1552	Q0	500819#6	0
1552	Q0	254992#19	0
1552	Q0	500863#1	0
1552	Q0	254992#2	0
1552	Q0	500819#8	0
1552	Q0	254992#5	0
1552	Q0	500819#3	0
1552	Q0	560817#10	0
1552	Q0	500819#5	0
1554	Q0	1857#2	1
1554	Q0	1857#0	1
1554	Q0	142269#4	0
1554	Q0	955727#33	0
1554	Q0	42145#0	0
1554	Q0	1857#6	0
1554	Q0	146787#5	0
1554	Q0	362272#0	0
1554	Q0	309446#0	0
1554	Q0	715283#2	0
1554	Q0	653813#0	0
1554	Q0	1857#1	0
1554	Q0	944556#47	0
1554	Q0	296533#0	0
1554	Q0	1857#7	0
1554	Q0	146787#6	0
1555	Q0	20675#2	1
1555	Q0	946619#2	0
1555	Q0	1089304#0	0
1555	Q0	270729#1	0
1555	Q0	199860#0	0
1555	Q0	1160277#2	0
1555	Q0	1160277#8	0
1555	Q0	659457#5	0
1555	Q0	1160277#6	0
1555	Q0	78743#3	0
1555	Q0	39411#9	0
1555	Q0	4967#23	0
1555	Q0	549730#1	0
1555	Q0	12678#2	0
1555	Q0	698021#1	0
1555	Q0	12678#4	0
1555	Q0	12678#18	0
1556	Q0	1388287#11	1
1556	Q0	285168#0	0
1556	Q0	615181#0	0
1556	Q0	54201#21	0
1556	Q0	1883083#1	0
1556	Q0	1819643#2	0
1556	Q0	1231850#2	0
1556	Q0	1318498#0	0
1556	Q0	1611778#0	0
1556	Q0	615195#0	0
1556	Q0	122909#0	0
1559	Q0	154115#8	1
1559	Q0	39824#7	0
1559	Q0	238250#16	0
1559	Q0	154698#1	0
1559	Q0	154115#9	0
1559	Q0	238250#18	0
1559	Q0	154115#2	0
1559	Q0	12953#1	0
1559	Q0	154115#15	0
1559	Q0	2696#3	0
1559	Q0	238250#13	0
1559	Q0	238250#12	0
1561	Q0	1159798#1	1
1561	Q0	1159798#0	0
1561	Q0	1159798#7	0
1561	Q0	1159798#2	0
1561	Q0	1159798#4	0
1561	Q0	57349#4	0
1561	Q0	1159798#3	0
1561	Q0	508903#0	0
1561	Q0	484850#0	0
1561	Q0	772043#0	0
1561	Q0	69385#5	0
1561	Q0	69385#2	0
1561	Q0	743386#1	0
1561	Q0	1197182#0	0
1561	Q0	688046#1	0
1562	Q0	9955#14	1
1562	Q0	9955#12	1
1562	Q0	263178#1	1
1562	Q0	618292#0	0
1562	Q0	249#166	0
1562	Q0	349539#2	0
1562	Q0	31155#4	0
1562	Q0	276782#8	0
1562	Q0	1237756#2	0
1562	Q0	622473#3	0
1562	Q0	289779#4	0
1562	Q0	9955#3	0
1562	Q0	263178#2	0
1562	Q0	9955#21	0
1562	Q0	263178#45	0
1562	Q0	12665#3	0
1565	Q0	538410#3	1
1565	Q0	537524#3	0
1565	Q0	538410#5	0
1565	Q0	537524#0	0
1565	Q0	538410#4	0
1565	Q0	538410#0	0
1565	Q0	538410#7	0
1565	Q0	538410#10	0
1565	Q0	538410#8	0
1565	Q0	537524#5	0
1566	Q0	227992#2	1
1566	Q0	227992#1	0
1566	Q0	77072#4	0
1566	Q0	471116#1	0
1566	Q0	31078#1	0
1566	Q0	235933#3	0
1566	Q0	282017#0	0
1566	Q0	41116#2	0
1566	Q0	54117#5	0
1566	Q0	1978125#1	0
1566	Q0	289504#3	0
1566	Q0	923094#5	0
1566	Q0	208296#14	0
1566	Q0	155525#3	0
1566	Q0	2006993#4	0
1566	Q0	1248095#1	0
1566	Q0	1060728#18	0
1567	Q0	284240#0	1
1567	Q0	1314426#0	0
1567	Q0	284240#24	0
1567	Q0	284240#25	0
1567	Q0	284240#6	0
1567	Q0	1314426#2	0
1567	Q0	917535#4	0
1567	Q0	284240#2	0
1567	Q0	284240#23	0
1567	Q0	723990#0	0
1567	Q0	162130#64	0
1567	Q0	84235#9	0
1567	Q0	284240#21	0
1568	Q0	4953#2	1
1568	Q0	1673089#1	1
1568	Q0	285543#4	1
1568	Q0	285543#11	0
1568	Q0	285543#5	0
1568	Q0	285543#10	0
1568	Q0	285543#2	0
1568	Q0	285543#12	0
1568	Q0	249#119	0
1568	Q0	1022569#3	0
1568	Q0	285543#7	0
1568	Q0	3330#280	0
1568	Q0	3330#281	0
1568	Q0	285543#9	0
1569	Q0	11245#0	1
1569	Q0	1153282#71	0
1569	Q0	1435956#0	0
1569	Q0	279151#0	0
1569	Q0	1435956#1	0
1569	Q0	531249#6	0
1569	Q0	83649#67	0
1569	Q0	11245#1	0
1569	Q0	1089504#0	0
1569	Q0	1153282#3	0
1569	Q0	340837#2	0
1569	Q0	7629#2	0
1569	Q0	11245#2	0
1569	Q0	11245#16	0
1569	Q0	33993#34	0
1570	Q0	28264#8	1
1570	Q0	40960#57	0
1570	Q0	1106100#1	0
1570	Q0	40960#72	0
1570	Q0	79847#5	0
1570	Q0	40960#3	0
1570	Q0	40960#0	0
1570	Q0	86752#4	0
1570	Q0	333020#7	0
1570	Q0	1209294#4	0
1570	Q0	74067#0	0
1570	Q0	74067#30	0
1570	Q0	74067#6	0
1570	Q0	40960#71	0
1571	Q0	81926#5	1
1571	Q0	81926#1	0
1571	Q0	81926#67	0
1571	Q0	65019#5	0
1571	Q0	144005#4	0
1571	Q0	81926#26	0
1571	Q0	81926#64	0
1571	Q0	29584#0	0
1571	Q0	5498#0	0
1571	Q0	67886#7	0
1571	Q0	600431#21	0
1571	Q0	81926#6	0
1571	Q0	81926#20	0
1571	Q0	29590#17	0
1571	Q0	1055166#36	0
1573	Q0	15791#12	1
1573	Q0	95091#3	1
1573	Q0	95091#4	1
1573	Q0	95091#5	1
1573	Q0	95091#2	1
1573	Q0	40336#4	1
1573	Q0	95091#0	1
1573	Q0	56412#32	1
1573	Q0	57512#0	1
1573	Q0	95091#11	0
1573	Q0	95091#8	0
1573	Q0	95091#1	0
1573	Q0	95091#6	0
1573	Q0	1611919#0	0
1574	Q0	2011985#1	1
1574	Q0	2031801#3	1
1574	Q0	7753#39	1
1574	Q0	422839#5	1
1574	Q0	7766#14	1
1574	Q0	1452318#1	0
1574	Q0	346436#1	0
1574	Q0	7766#30	0
1574	Q0	2011985#3	0
1574	Q0	2746#34	0
1574	Q0	2041941#3	0
1574	Q0	384893#2	0
1574	Q0	7753#2	0
1576	Q0	148987#0	1
1576	Q0	96715#4	0
1576	Q0	269598#4	0
1576	Q0	96878#17	0
1576	Q0	406248#1	0
1576	Q0	269598#0	0
1576	Q0	30879#3	0
1576	Q0	1750479#7	0
1576	Q0	286194#0	0
1576	Q0	256#0	0
1576	Q0	999919#1	0
1576	Q0	546880#7	0
1576	Q0	31616#1	0
1576	Q0	1854140#0	0
1577	Q0	897609#0	1
1577	Q0	1461#8	1
1577	Q0	1461#49	0
1577	Q0	496382#2	0
1577	Q0	493626#1	0
1577	Q0	170687#2	0
1577	Q0	170687#4	0
1577	Q0	51928#14	0
1577	Q0	46761#3	0
1577	Q0	427138#0	0
1577	Q0	1461#46	0
1577	Q0	1830327#0	0
1577	Q0	406353#2	0
1577	Q0	1923946#24	0
1580	Q0	2385552#1	1
1580	Q0	241789#1	1
1580	Q0	55648#1	0
1580	Q0	1140077#0	0
1580	Q0	103579#0	0
1580	Q0	241789#0	0
1580	Q0	35318#0	0
1580	Q0	501216#2	0
1580	Q0	1134392#0	0
1580	Q0	40971#2	0
1580	Q0	41001#3	0
1580	Q0	1138800#0	0
1581	Q0	5959#4	1
1581	Q0	5959#27	0
1581	Q0	5959#5	0
1581	Q0	5959#10	0
1581	Q0	682340#16	0
1581	Q0	5959#51	0
1581	Q0	1501334#1	0
1581	Q0	1203869#0	0
1581	Q0	1936366#0	0
1581	Q0	40056#1	0
1581	Q0	5959#0	0
1581	Q0	1250208#0	0
1581	Q0	421854#159	0
1581	Q0	912622#69	0
1581	Q0	421854#160	0
1581	Q0	912622#70	0
1583	Q0	724068#1	1
1583	Q0	72789#0	1
1583	Q0	504041#2	0
1583	Q0	6147#7	0
1583	Q0	95490#18	0
1583	Q0	393805#0	0
1583	Q0	3326#8	0
1583	Q0	855247#3	0
1583	Q0	79993#19	0
1583	Q0	176765#2	0
1583	Q0	953604#1	0
1583	Q0	377680#4	0
1583	Q0	82978#21	0
1586	Q0	125491#5	1
1586	Q0	125491#34	0
1586	Q0	188352#1	0
1586	Q0	178785#6	0
1586	Q0	125491#9	0
1586	Q0	178785#5	0
1586	Q0	271413#0	0
1586	Q0	76040#2	0
1586	Q0	1142238#5	0
1586	Q0	267272#3	0
1586	Q0	125491#12	0
1586	Q0	179268#3	0
1586	Q0	2359#4	0
1586	Q0	125491#8	0
1586	Q0	207813#1	0
1590	Q0	487516#0	1
1590	Q0	2386#35	0
1590	Q0	39816#2	0
1590	Q0	540189#1	0
1590	Q0	295112#6	0
1590	Q0	447782#15	0
1590	Q0	199197#3	0
1590	Q0	1919700#0	0
1590	Q0	675342#15	0
1590	Q0	1875665#1	0
1590	Q0	1925813#6	0
1590	Q0	93447#10	0
1590	Q0	256669#12	0
1590	Q0	280050#2	0
1590	Q0	108498#1	0
1590	Q0	269021#0	0
1590	Q0	280#29	0
1590	Q0	790145#15	0
1592	Q0	88750#0	1
1592	Q0	1653476#0	1
1592	Q0	76783#27	1
1592	Q0	384750#2	1
1592	Q0	97762#18	1
1592	Q0	8198#26	0
1592	Q0	260503#1	0
1592	Q0	462647#1	0
1592	Q0	97762#17	0
1592	Q0	1970955#1	0
1592	Q0	686693#10	0
1592	Q0	572923#21	0
1592	Q0	97762#37	0
1592	Q0	572923#9	0
1595	Q0	5138#7	1
1595	Q0	455820#2	0
1595	Q0	4953#26	0
1595	Q0	258906#1	0
1595	Q0	103275#0	0
1595	Q0	5138#0	0
1595	Q0	861324#0	0
1595	Q0	5138#2	0
1595	Q0	953322#2	0
1595	Q0	5138#5	0
1595	Q0	9323#23	0
1595	Q0	5138#8	0
1596	Q0	74067#0	1
1596	Q0	261405#36	1
1596	Q0	1420973#2	1
1596	Q0	432258#0	1
1596	Q0	261591#3	0
1596	Q0	276000#5	0
1596	Q0	1613636#1	0
1596	Q0	1980308#1	0
1596	Q0	468617#0	0
1596	Q0	74067#1	0
1596	Q0	34282#2	0
1596	Q0	222679#0	0
1596	Q0	74067#97	0
1596	Q0	325475#17	0
1597	Q0	69958#3	1
1597	Q0	630897#18	1
1597	Q0	282988#7	0
1597	Q0	108520#0	0
1597	Q0	108520#5	0
1597	Q0	108520#4	0
1597	Q0	108520#12	0
1597	Q0	114017#21	0
1597	Q0	69958#1	0
1597	Q0	930151#9	0
1597	Q0	561206#11	0
1597	Q0	108520#8	0
1597	Q0	108520#11	0
1597	Q0	108520#9	0
