1	Q0	26569#0	1
1	Q0	902040#0	0
1	Q0	26569#3	0
1	Q0	142560#0	0
1	Q0	3104943#2	0
1	Q0	1492206#1	0
1	Q0	4987757#6	0
1	Q0	4614183#1	0
1	Q0	284215#0	0
1	Q0	26569#4	0
2	Q0	3586#0	1
3	Q0	330822#0	1
5	Q0	181300#0	1
6	Q0	190026#0	1
7	Q0	924247#0	1
8	Q0	580219#0	1
10	Q0	47732#3	1
10	Q0	4832002#0	0
10	Q0	47732#4	0
10	Q0	3578344#0	0
10	Q0	47732#0	0
10	Q0	47732#12	0
10	Q0	37183#3	0
10	Q0	1827639#1	0
10	Q0	47852#5	0
10	Q0	1559700#7	0
11	Q0	1596701#0	1
11	Q0	1596701#1	1
11	Q0	1596701#6	0
11	Q0	1596701#7	0
11	Q0	1596701#19	0
11	Q0	1465806#32	0
11	Q0	1596701#22	0
11	Q0	1596701#5	0
11	Q0	1596701#8	0
11	Q0	1596701#17	0
12	Q0	1086778#0	1
12	Q0	1086778#9	1
12	Q0	1086778#8	0
12	Q0	4612820#0	0
12	Q0	1086778#7	0
12	Q0	2365884#0	0
12	Q0	627972#2	0
12	Q0	4984382#0	0
12	Q0	1086778#2	0
12	Q0	3235375#0	0
13	Q0	4140332#0	1
13	Q0	31413#18	0
13	Q0	65351#17	0
13	Q0	19722#39	0
13	Q0	31062#4	0
13	Q0	1289556#0	0
13	Q0	1289544#0	0
13	Q0	2810213#4	0
13	Q0	31413#19	0
13	Q0	1636219#2	0
14	Q0	617431#0	1
15	Q0	55317#0	1
16	Q0	521226#0	1
17	Q0	182175#0	1
18	Q0	3862#0	1
19	Q0	31267#0	1
20	Q0	2858285#0	1
20	Q0	2858285#12	1
20	Q0	2858285#16	1
20	Q0	2858285#9	1
20	Q0	2858285#15	1
20	Q0	2858285#6	1
20	Q0	2858285#7	1
20	Q0	2858285#1	1
22	Q0	453057#0	1
23	Q0	237972#0	1
24	Q0	731769#14	1
25	Q0	59530#0	1
26	Q0	311809#0	1
27	Q0	39317#0	1
28	Q0	3886#0	1
33	Q0	530362#0	1
36	Q0	943018#1	1
36	Q0	943018#0	0
37	Q0	130844#0	1
38	Q0	2099501#2	1
39	Q0	1382#0	1
40	Q0	2276249#0	1
41	Q0	26862#5	1
43	Q0	266834#8	1
44	Q0	26436#0	1
45	Q0	2669089#0	1
46	Q0	3074868#0	1
48	Q0	30606#7	1
49	Q0	3013#6	1
50	Q0	731769#0	1
51	Q0	3871#0	1
53	Q0	1048463#1	1
54	Q0	2005488#0	1
55	Q0	1477306#1	1
56	Q0	125720#0	1
58	Q0	47000#2	1
59	Q0	32276#0	1
61	Q0	3886#0	1
62	Q0	18480#3	1
63	Q0	2979055#0	1
64	Q0	149040#0	1
66	Q0	10531#0	1
68	Q0	94885#0	1
69	Q0	118539#12	1
71	Q0	498390#36	1
71	Q0	498390#28	1
71	Q0	498390#7	0
72	Q0	8657#8	1
74	Q0	4678363#0	1
75	Q0	460730#0	1
76	Q0	1389#1	1
78	Q0	4958633#0	1
79	Q0	627423#0	1
80	Q0	40283#0	1
81	Q0	731769#2	1
82	Q0	11439#0	1
83	Q0	347422#0	1
86	Q0	41294#1	1
87	Q0	3260472#0	1
89	Q0	348803#0	1
90	Q0	116201#0	1
91	Q0	1593618#0	1
92	Q0	6938#1	1
94	Q0	730463#0	1
94	Q0	730463#1	0
94	Q0	730463#4	0
95	Q0	2611#0	1
96	Q0	30275#0	1
99	Q0	391798#0	1
99	Q0	391798#7	0
99	Q0	391798#5	0
100	Q0	37538#3	1
100	Q0	2723825#50	0
100	Q0	11268#88	0
100	Q0	1768558#12	0
100	Q0	5138080#3	0
100	Q0	1415#84	0
100	Q0	3573756#3	0
100	Q0	11268#90	0
100	Q0	37538#21	0
100	Q0	4085571#1	0
100	Q0	2401049#12	0
101	Q0	103883#0	1
101	Q0	103883#5	0
101	Q0	555798#1	0
101	Q0	155106#7	0
101	Q0	3924745#2	0
101	Q0	889816#1	0
101	Q0	538432#0	0
101	Q0	130007#0	0
101	Q0	602372#4	0
101	Q0	155106#4	0
101	Q0	103883#35	0
102	Q0	591633#0	1
102	Q0	591633#22	1
102	Q0	591633#21	0
102	Q0	549288#7	0
102	Q0	549288#14	0
102	Q0	591633#16	0
102	Q0	4202148#8	0
102	Q0	41233#19	0
102	Q0	1839082#2	0
102	Q0	591633#8	0
103	Q0	5882#4	1
105	Q0	9127#0	1
105	Q0	9127#5	0
105	Q0	2992861#0	0
105	Q0	4678298#30	0
105	Q0	2989894#2	0
105	Q0	2794929#0	0
105	Q0	9127#1	0
105	Q0	1124061#8	0
105	Q0	16197#7	0
105	Q0	4764998#0	0
106	Q0	381624#0	1
106	Q0	468087#2	0
106	Q0	1084947#0	0
106	Q0	997662#0	0
106	Q0	940214#0	0
106	Q0	1315808#1	0
106	Q0	3247357#0	0
106	Q0	2006603#0	0
106	Q0	1664877#0	0
106	Q0	893355#1	0
109	Q0	1277186#0	1
109	Q0	3008981#0	1
109	Q0	718048#10	1
109	Q0	3008998#0	1
109	Q0	11885#0	1
109	Q0	20580#5	0
109	Q0	1506974#5	0
109	Q0	2176901#0	0
109	Q0	1506974#8	0
109	Q0	2176901#3	0
111	Q0	1769623#0	1
111	Q0	1769623#1	1
111	Q0	1855#0	1
111	Q0	3267806#4	0
111	Q0	1218920#4	0
111	Q0	598814#1	0
111	Q0	875694#0	0
111	Q0	2276#40	0
111	Q0	1855#4	0
111	Q0	2550556#64	0
113	Q0	56403#1	1
113	Q0	56403#0	1
113	Q0	56403#13	1
113	Q0	4613630#8	1
113	Q0	56403#28	0
113	Q0	3441228#5	0
113	Q0	3647383#1	0
113	Q0	56403#16	0
113	Q0	3922#19	0
113	Q0	3646705#13	0
114	Q0	321666#1	1
114	Q0	321666#0	1
114	Q0	3558824#0	0
114	Q0	3251213#0	0
114	Q0	9400#42	0
114	Q0	3134179#4	0
114	Q0	1231017#0	0
114	Q0	2086526#0	0
114	Q0	2709508#0	0
114	Q0	1976790#0	0
115	Q0	168143#9	1
115	Q0	4422271#9	1
115	Q0	4422271#3	1
115	Q0	163686#0	1
115	Q0	3538491#2	0
115	Q0	4606059#8	0
115	Q0	1995353#2	0
115	Q0	142578#2	0
115	Q0	409953#3	0
115	Q0	3092047#1	0
116	Q0	172041#0	1
116	Q0	275629#0	0
116	Q0	329430#0	0
116	Q0	7179#32	0
116	Q0	2447355#63	0
116	Q0	172041#15	0
116	Q0	1470471#5	0
116	Q0	950658#34	0
116	Q0	16594#3	0
116	Q0	886098#47	0
116	Q0	172041#8	0
116	Q0	172041#13	0
117	Q0	118367#0	1
119	Q0	273190#0	1
119	Q0	22417#7	1
119	Q0	12011#0	0
119	Q0	3948026#1	0
119	Q0	3948026#5	0
119	Q0	3412416#2	0
119	Q0	3454365#2	0
119	Q0	148449#0	0
119	Q0	606970#4	0
119	Q0	606970#2	0
120	Q0	1547903#0	1
120	Q0	414150#1	0
120	Q0	5127#8	0
120	Q0	494425#6	0
120	Q0	457470#22	0
120	Q0	63475#3	0
120	Q0	1474075#0	0
120	Q0	2652775#2	0
120	Q0	3647559#1	0
120	Q0	494425#0	0
121	Q0	43650#8	1
121	Q0	98538#1	1
121	Q0	190371#17	0
121	Q0	4965760#0	0
121	Q0	3259732#0	0
121	Q0	861442#0	0
121	Q0	2100473#6	0
121	Q0	1125377#1	0
121	Q0	4948727#6	0
121	Q0	98538#0	0
122	Q0	2994179#10	1
122	Q0	3010369#6	1
122	Q0	21220#36	0
122	Q0	150177#14	0
122	Q0	1267891#0	0
122	Q0	2999217#102	0
122	Q0	272470#0	0
122	Q0	618712#0	0
122	Q0	3832533#1	0
122	Q0	3098959#6	0
122	Q0	2994179#6	0
123	Q0	7126#0	1
123	Q0	37847#2	0
123	Q0	7126#1	0
123	Q0	7126#2	0
123	Q0	7126#10	0
123	Q0	7126#3	0
123	Q0	53213#32	0
123	Q0	1476155#0	0
123	Q0	7126#5	0
123	Q0	37491#7	0
124	Q0	534924#0	1
124	Q0	534924#9	0
124	Q0	534924#4	0
124	Q0	534924#11	0
124	Q0	5207164#0	0
124	Q0	534924#12	0
124	Q0	534924#6	0
124	Q0	171123#0	0
124	Q0	534924#5	0
124	Q0	2549571#0	0
127	Q0	45937#0	1
128	Q0	2149#29	1
128	Q0	527142#42	1
128	Q0	527142#2	1
128	Q0	199687#5	1
128	Q0	298445#17	0
128	Q0	5148253#1	0
128	Q0	527142#40	0
128	Q0	3170181#2	0
128	Q0	527142#1	0
128	Q0	527142#22	0
128	Q0	1989890#9	0
129	Q0	1694469#0	1
129	Q0	1694469#2	1
129	Q0	1694469#1	0
129	Q0	4382558#0	0
129	Q0	1297963#0	0
129	Q0	1894975#0	0
129	Q0	1668362#0	0
129	Q0	4826559#1	0
129	Q0	3647753#0	0
129	Q0	1593903#0	0
130	Q0	7554#0	1
131	Q0	1922461#0	1
131	Q0	29181#4	1
131	Q0	1529154#0	0
131	Q0	22533#0	0
131	Q0	22533#2	0
131	Q0	1529137#0	0
131	Q0	1922461#2	0
131	Q0	22533#4	0
131	Q0	1922461#1	0
131	Q0	3015063#0	0
132	Q0	457470#0	1
132	Q0	457470#6	1
132	Q0	2865772#0	0
132	Q0	457470#1	0
132	Q0	457359#0	0
132	Q0	309527#1	0
132	Q0	1821438#0	0
132	Q0	457470#10	0
132	Q0	457470#7	0
132	Q0	454592#0	0
132	Q0	949407#0	0
133	Q0	120942#0	1
133	Q0	120942#4	0
133	Q0	249886#1	0
133	Q0	118645#5	0
133	Q0	3582952#0	0
133	Q0	1532266#0	0
133	Q0	1001269#35	0
133	Q0	1264112#0	0
133	Q0	120942#22	0
133	Q0	4071746#13	0
136	Q0	439792#0	1
138	Q0	1444336#0	1
139	Q0	3682#0	1
140	Q0	894448#0	1
141	Q0	555106#0	1
142	Q0	156396#2	1
144	Q0	37538#0	1
145	Q0	235545#0	1
146	Q0	123200#0	1
148	Q0	246281#0	1
149	Q0	127787#0	1
152	Q0	226500#0	1
154	Q0	37486#0	1
155	Q0	1250606#0	1
156	Q0	500740#0	1
157	Q0	1803#0	1
158	Q0	3610#0	1
159	Q0	11068#0	1
161	Q0	282465#0	1
166	Q0	44375#0	1
167	Q0	42430#0	1
168	Q0	769854#0	1
169	Q0	28102#0	1
170	Q0	51842#0	1
171	Q0	2822271#27	1
172	Q0	3422433#0	1
174	Q0	664105#0	1
175	Q0	268602#0	1
176	Q0	25006#9	1
177	Q0	545397#0	1
178	Q0	23323#0	1
179	Q0	630486#1	1
181	Q0	176849#0	1
182	Q0	49469#6	1
185	Q0	296060#0	1
189	Q0	1289878#0	1
190	Q0	664446#0	1
191	Q0	246221#0	1
192	Q0	364561#0	1
194	Q0	621513#0	1
198	Q0	1089948#0	1
199	Q0	647283#7	1
200	Q0	209624#0	1
201	Q0	3587#0	1
202	Q0	2231#9	1
203	Q0	1811134#0	1
205	Q0	28057#0	1
208	Q0	1416#0	1
209	Q0	830630#12	1
212	Q0	11483#0	1
213	Q0	3896#1	1
214	Q0	436328#0	1
215	Q0	537090#0	1
216	Q0	890408#0	1
219	Q0	298416#0	1
220	Q0	7194#1	1
221	Q0	54677#0	1
223	Q0	10356#0	1
224	Q0	31410#0	1
226	Q0	18604#8	1
227	Q0	127674#0	1
229	Q0	1572578#0	1
230	Q0	1746355#1	1
231	Q0	1524530#0	1
231	Q0	1524530#2	0
232	Q0	14653#0	1
233	Q0	189920#0	1
234	Q0	472302#0	1
235	Q0	460118#3	1
235	Q0	460118#9	1
235	Q0	460118#26	1
235	Q0	460118#2	1
235	Q0	460118#5	0
235	Q0	460118#11	0
235	Q0	460118#14	0
235	Q0	460118#6	0
235	Q0	460118#23	0
236	Q0	3358196#0	1
237	Q0	967718#0	1
241	Q0	4318442#0	1
242	Q0	660042#1	1
245	Q0	467028#0	1
246	Q0	1868#1	1
247	Q0	2406615#0	1
248	Q0	1001785#0	1
249	Q0	1008248#1	1
250	Q0	2969367#1	1
251	Q0	2939612#1	1
252	Q0	2797#73	1
253	Q0	1521#0	1
254	Q0	7731#0	1
255	Q0	3027671#0	1
257	Q0	203596#0	1
257	Q0	203596#1	1
257	Q0	203596#3	0
257	Q0	203596#2	0
257	Q0	203596#14	0
258	Q0	1934#3	1
259	Q0	28347#0	1
259	Q0	28347#4	1
259	Q0	28347#3	0
260	Q0	757756#0	1
260	Q0	757756#1	0
260	Q0	757756#2	0
261	Q0	134712#0	1
263	Q0	1141001#0	1
264	Q0	630556#0	1
265	Q0	1604034#0	1
266	Q0	142163#0	1
267	Q0	289347#0	1
268	Q0	1106089#2	1
269	Q0	1069916#0	1
270	Q0	22020#0	1
271	Q0	1658792#0	1
272	Q0	3013#0	1
273	Q0	401262#0	1
274	Q0	37196#0	1
275	Q0	3995#0	1
277	Q0	25743#0	1
278	Q0	16070#1	1
279	Q0	25697#3	1
280	Q0	28321#0	1
281	Q0	1001571#0	1
282	Q0	323833#0	1
283	Q0	55299#4	1
285	Q0	3561#0	1
286	Q0	184054#0	1
287	Q0	147892#0	1
288	Q0	24530#0	1
289	Q0	1979#0	1
291	Q0	10229#0	1
292	Q0	190327#0	1
293	Q0	29939#0	1
294	Q0	1596701#2	1
295	Q0	811023#0	1
295	Q0	811023#2	0
295	Q0	811023#3	0
295	Q0	811023#4	0
296	Q0	136888#0	1
297	Q0	2201919#0	1
298	Q0	1098432#0	1
300	Q0	1461#4	1
301	Q0	26862#5	1
303	Q0	19971#1	1
304	Q0	132414#0	1
305	Q0	659530#0	1
307	Q0	268769#0	1
309	Q0	32870#0	1
311	Q0	58781#0	1
312	Q0	1670117#0	1
313	Q0	1027471#0	1
314	Q0	1454229#0	1
316	Q0	1773989#0	1
317	Q0	264648#0	1
318	Q0	66344#0	1
319	Q0	97117#0	1
320	Q0	81002#0	1
321	Q0	235718#1	1
322	Q0	2553713#0	1
325	Q0	4391#8	1
328	Q0	260333#0	1
329	Q0	1598#0	1
330	Q0	31355#0	1
331	Q0	52321#0	1
332	Q0	752535#0	1
333	Q0	341694#0	1
334	Q0	841481#0	1
335	Q0	19270#0	1
335	Q0	19270#6	1
335	Q0	19270#5	0
336	Q0	30794#0	1
337	Q0	36335#0	1
338	Q0	577668#0	1
339	Q0	2638#4	1
340	Q0	68032#0	1
342	Q0	221683#0	1
343	Q0	3912#1	1
344	Q0	305121#0	1
345	Q0	314155#0	1
346	Q0	62830#1	1
347	Q0	65351#0	1
348	Q0	1771532#2	1
349	Q0	198672#0	1
350	Q0	51378#0	1
351	Q0	103336#2	1
352	Q0	1364526#0	1
353	Q0	8524#0	1
357	Q0	44637#0	1
357	Q0	44637#3	0
358	Q0	68374#0	1
359	Q0	3886#6	1
361	Q0	3126768#0	1
362	Q0	5640#3	1
365	Q0	64114#0	1
366	Q0	28061#2	1
367	Q0	3955#0	1
369	Q0	1025085#0	1
373	Q0	548965#0	1
374	Q0	4652#0	1
375	Q0	747561#0	1
376	Q0	123200#0	1
379	Q0	38123#0	1
380	Q0	38991#2	1
381	Q0	1471576#0	1
382	Q0	25777#0	1
383	Q0	136791#0	1
384	Q0	267613#0	1
386	Q0	261458#0	1
387	Q0	64721#0	1
387	Q0	64721#4	1
387	Q0	64721#11	0
388	Q0	8657#0	1
389	Q0	69935#0	1
390	Q0	171608#0	1
391	Q0	390413#0	1
392	Q0	1061060#0	1
393	Q0	609848#0	1
394	Q0	132268#1	1
395	Q0	43680#1	1
396	Q0	543997#0	1
397	Q0	127732#0	1
397	Q0	127732#3	0
397	Q0	127732#2	0
397	Q0	127732#1	0
397	Q0	127732#4	0
397	Q0	127732#14	0
397	Q0	127732#22	0
397	Q0	127732#21	0
397	Q0	127732#19	0
399	Q0	37535#0	1
400	Q0	966006#0	1
401	Q0	18763#0	1
401	Q0	18763#2	0
402	Q0	94882#1	1
403	Q0	2628691#21	1
406	Q0	2633#0	1
407	Q0	1839947#0	1
408	Q0	6564#0	1
409	Q0	1112801#0	1
410	Q0	116691#26	1
411	Q0	1060747#0	1
412	Q0	978536#0	1
413	Q0	104016#0	1
414	Q0	243077#0	1
415	Q0	295754#0	1
417	Q0	47732#3	1
420	Q0	2732337#0	1
422	Q0	412992#0	1
424	Q0	1521009#0	1
425	Q0	7804#4	1
426	Q0	347007#0	1
428	Q0	1728620#0	1
429	Q0	7992#0	1
430	Q0	9792#0	1
432	Q0	48042#0	1
433	Q0	715081#1	1
436	Q0	990922#2	1
438	Q0	339376#0	1
439	Q0	27129#0	1
441	Q0	681428#0	1
442	Q0	602249#0	1
443	Q0	305616#31	1
444	Q0	1148440#0	1
445	Q0	20938#19	1
448	Q0	435634#12	1
450	Q0	164914#1	1
451	Q0	102289#0	1
452	Q0	1463798#1	1
453	Q0	110660#0	1
454	Q0	1964325#0	1
457	Q0	2634#0	1
458	Q0	230500#0	1
461	Q0	11439#0	1
463	Q0	29205#0	1
464	Q0	33939#1	1
465	Q0	80983#0	1
467	Q0	131088#5	1
468	Q0	112829#0	1
469	Q0	37909#0	1
473	Q0	32977#1	1
473	Q0	32977#2	0
474	Q0	14794#0	1
475	Q0	43193#0	1
476	Q0	324537#0	1
477	Q0	1341#0	1
479	Q0	1554498#1	1
480	Q0	137793#0	1
481	Q0	88539#0	1
482	Q0	139057#0	1
483	Q0	19956#0	1
484	Q0	446745#4	1
486	Q0	611826#7	1
487	Q0	29156#0	1
488	Q0	2015#0	1
489	Q0	2102081#3	1
490	Q0	53176#0	1
491	Q0	21701#0	1
493	Q0	7816#2	1
494	Q0	3877#0	1
495	Q0	6572#0	1
496	Q0	161440#0	1
498	Q0	1784900#0	1
499	Q0	1106770#0	1
500	Q0	131574#0	1
501	Q0	22468#13	1
502	Q0	6122#9	1
503	Q0	1257189#0	1
504	Q0	105219#0	1
505	Q0	178638#0	1
506	Q0	53213#0	1
507	Q0	1095086#0	1
508	Q0	126355#1	1
509	Q0	2630318#0	1
510	Q0	978925#0	1
511	Q0	12332#0	1
512	Q0	416669#0	1
513	Q0	360331#0	1
514	Q0	448039#0	1
515	Q0	296965#0	1
516	Q0	11887#0	1
517	Q0	51802#0	1
523	Q0	2748#0	1
524	Q0	236310#0	1
525	Q0	2811320#1	1
526	Q0	997872#1	1
527	Q0	347661#1	1
527	Q0	347661#0	0
528	Q0	343977#0	1
529	Q0	3575274#0	1
530	Q0	38693#0	1
531	Q0	2983#0	1
532	Q0	132268#1	1
533	Q0	64114#0	1
534	Q0	141053#0	1
535	Q0	1854#0	1
536	Q0	9262#0	1
537	Q0	2470#2	1
538	Q0	692236#0	1
539	Q0	18864#0	1
540	Q0	53934#0	1
541	Q0	1251294#0	1
542	Q0	1298023#0	1
543	Q0	809757#1	1
544	Q0	118015#4	1
546	Q0	2329923#1	1
547	Q0	122891#0	1
549	Q0	1560384#1	1
550	Q0	56312#0	1
552	Q0	233622#0	1
553	Q0	3098329#0	1
554	Q0	312479#0	1
556	Q0	3770#0	1
557	Q0	910497#0	1
558	Q0	149588#1	1
560	Q0	150891#0	1
562	Q0	353396#4	1
565	Q0	591869#0	1
566	Q0	68856#0	1
567	Q0	118769#0	1
568	Q0	30910#0	1
569	Q0	9981#0	1
573	Q0	18713#0	1
574	Q0	202805#0	1
575	Q0	29312#18	1
576	Q0	125712#0	1
579	Q0	3013#0	1
580	Q0	428601#0	1
580	Q0	428601#2	1
580	Q0	428601#16	0
580	Q0	428601#6	0
582	Q0	636963#0	1
583	Q0	49956#0	1
584	Q0	9539#0	1
585	Q0	173360#0	1
586	Q0	1097041#0	1
587	Q0	488497#0	1
588	Q0	1120503#0	1
589	Q0	31035#0	1
592	Q0	70875#0	1
594	Q0	96160#3	1
596	Q0	14961#0	1
598	Q0	22047#1	1
598	Q0	22047#0	0
599	Q0	250282#0	1
600	Q0	118624#0	1
601	Q0	40311#0	1
602	Q0	2499697#0	1
604	Q0	213734#0	1
607	Q0	472763#0	1
608	Q0	966563#2	1
609	Q0	6833#2	1
610	Q0	42624#0	1
612	Q0	1446#0	1
613	Q0	22268#2	1
614	Q0	53510#0	1
615	Q0	335587#0	1
616	Q0	292316#0	1
619	Q0	2300#0	1
619	Q0	2300#3	0
619	Q0	2300#4	0
620	Q0	294625#4	1
623	Q0	3170032#0	1
624	Q0	521509#2	1
625	Q0	20242#0	1
626	Q0	748241#1	1
631	Q0	64028#1	1
633	Q0	68856#0	1
635	Q0	18774#0	1
637	Q0	28061#0	1
638	Q0	18477#0	1
640	Q0	1671501#0	1
641	Q0	10549#0	1
642	Q0	30827#0	1
643	Q0	18919#0	1
644	Q0	19290#0	1
644	Q0	19290#2	1
645	Q0	395369#0	1
646	Q0	26755#0	1
647	Q0	20802#0	1
648	Q0	1814#20	1
650	Q0	5204#0	1
651	Q0	1270443#2	1
652	Q0	13600#0	1
653	Q0	4355#0	1
654	Q0	104349#0	1
655	Q0	1199608#0	1
656	Q0	6588#0	1
658	Q0	25935#0	1
661	Q0	1413910#0	1
662	Q0	2740449#0	1
663	Q0	1509113#4	1
664	Q0	7933#2	1
665	Q0	205475#1	1
666	Q0	566752#0	1
667	Q0	18713#1	1
668	Q0	4601#0	1
669	Q0	4002809#0	1
670	Q0	1098745#0	1
671	Q0	136394#6	1
671	Q0	136394#13	0
671	Q0	136394#18	0
671	Q0	136394#2	0
672	Q0	1805870#5	1
673	Q0	259038#0	1
674	Q0	735458#0	1
676	Q0	61889#7	1
677	Q0	1683018#0	1
678	Q0	11721#0	1
679	Q0	513534#0	1
680	Q0	10409#2	1
681	Q0	3095849#0	1
682	Q0	168562#0	1
683	Q0	24530#0	1
684	Q0	3645869#0	1
685	Q0	157118#5	1
686	Q0	912947#0	1
687	Q0	1324688#0	1
688	Q0	3298615#0	1
691	Q0	902228#0	1
693	Q0	61075#0	1
694	Q0	2269#0	1
695	Q0	626631#1	1
698	Q0	127730#0	1
699	Q0	30878#0	1
702	Q0	1458464#5	1
703	Q0	1310334#0	1
704	Q0	9390#1	1
705	Q0	35956#0	1
706	Q0	706362#0	1
707	Q0	68861#9	1
708	Q0	2111976#0	1
709	Q0	676299#32	1
711	Q0	6630#1	1
712	Q0	1596701#0	1
713	Q0	3900#0	1
714	Q0	185483#1	1
714	Q0	185483#0	1
715	Q0	1598#0	1
717	Q0	2201152#0	1
720	Q0	66810#0	1
721	Q0	47646#0	1
722	Q0	2371466#8	1
725	Q0	202154#0	1
726	Q0	1478154#0	1
727	Q0	2097613#0	1
728	Q0	1418240#0	1
729	Q0	48753#0	1
730	Q0	24062#0	1
731	Q0	45714#0	1
732	Q0	35263#0	1
734	Q0	129964#1	1
735	Q0	48631#4	1
737	Q0	201038#0	1
738	Q0	7890#0	1
739	Q0	10152#0	1
741	Q0	1410001#0	1
742	Q0	1068414#2	1
743	Q0	47000#0	1
744	Q0	26156#0	1
748	Q0	38104#0	1
749	Q0	1032865#0	1
751	Q0	1306370#2	1
753	Q0	1037555#0	1
754	Q0	91126#0	1
755	Q0	3863#49	1
756	Q0	535099#0	1
757	Q0	3278457#6	1
758	Q0	232008#0	1
760	Q0	2940#0	1
764	Q0	668428#52	1
766	Q0	3898#12	1
768	Q0	3250408#0	1
769	Q0	1026972#0	1
773	Q0	274247#0	1
775	Q0	5640#5	1
776	Q0	1521#1	1
777	Q0	720868#0	1
778	Q0	8664#0	1
779	Q0	1100214#0	1
780	Q0	11483#0	1
781	Q0	31848#0	1
782	Q0	151244#1	1
783	Q0	38378#3	1
784	Q0	238592#4	1
786	Q0	5562#1	1
787	Q0	163780#0	1
788	Q0	6624#44	1
789	Q0	21510#0	1
790	Q0	1789570#0	1
791	Q0	3456181#0	1
793	Q0	3184638#1	1
794	Q0	348803#0	1
795	Q0	921260#0	1
796	Q0	7648#0	1
797	Q0	484346#6	1
798	Q0	23731#0	1
799	Q0	143371#0	1
800	Q0	297743#0	1
801	Q0	483184#1	1
803	Q0	631290#0	1
804	Q0	123905#0	1
804	Q0	123905#2	0
805	Q0	84064#31	1
806	Q0	38337#0	1
807	Q0	1164732#1	1
808	Q0	1554051#0	1
809	Q0	1500322#0	1
811	Q0	280036#2	1
814	Q0	1341#1	1
815	Q0	1062950#0	1
816	Q0	3743#0	1
817	Q0	202053#0	1
818	Q0	859067#0	1
819	Q0	35766#0	1
821	Q0	80259#2	1
822	Q0	245117#0	1
825	Q0	1071119#1	1
826	Q0	1121201#0	1
827	Q0	736719#0	1
828	Q0	127472#0	1
829	Q0	24248#3	1
830	Q0	16336#18	1
833	Q0	981913#0	1
834	Q0	3772#0	1
835	Q0	56817#2	1
836	Q0	1408207#2	1
837	Q0	1167219#0	1
838	Q0	457470#1	1
838	Q0	457470#10	0
841	Q0	731054#0	1
843	Q0	22527#0	1
844	Q0	31107#0	1
845	Q0	31410#5	1
846	Q0	260633#0	1
848	Q0	266143#0	1
851	Q0	1505563#0	1
852	Q0	7236#0	1
854	Q0	168200#0	1
855	Q0	1108471#0	1
856	Q0	107181#0	1
858	Q0	10282#0	1
858	Q0	10282#13	0
859	Q0	35263#2	1
861	Q0	3074868#0	1
862	Q0	6584#37	1
863	Q0	2780760#0	1
865	Q0	61065#0	1
869	Q0	1527794#0	1
871	Q0	5221795#0	1
872	Q0	2308188#0	1
874	Q0	915551#0	1
876	Q0	30414#0	1
877	Q0	59503#1	1
879	Q0	11839#47	1
880	Q0	18614#0	1
880	Q0	18614#18	0
881	Q0	305356#0	1
882	Q0	61307#1	1
882	Q0	61307#26	0
884	Q0	18911#0	1
885	Q0	44660#0	1
886	Q0	514325#0	1
887	Q0	7040#0	1
888	Q0	2393#0	1
891	Q0	294625#0	1
892	Q0	58457#0	1
893	Q0	708935#0	1
894	Q0	12044#0	1
895	Q0	331178#0	1
896	Q0	16919#0	1
898	Q0	2514323#1	1
899	Q0	739428#0	1
900	Q0	702428#0	1
901	Q0	2896299#0	1
903	Q0	10516#1	1
905	Q0	2736501#0	1
906	Q0	6173#0	1
907	Q0	37435#0	1
908	Q0	1143183#0	1
909	Q0	7816#2	1
910	Q0	1540#0	1
913	Q0	319273#0	1
914	Q0	2214725#0	1
915	Q0	919556#0	1
916	Q0	2257#0	1
917	Q0	436328#0	1
918	Q0	41805#0	1
919	Q0	221524#0	1
920	Q0	3877#0	1
921	Q0	282292#0	1
922	Q0	1211700#0	1
923	Q0	181599#0	1
924	Q0	473500#0	1
925	Q0	66625#0	1
927	Q0	102358#0	1
930	Q0	1084907#0	1
931	Q0	1199149#0	1
932	Q0	257617#0	1
933	Q0	2628#6	1
934	Q0	67086#0	1
936	Q0	40927#0	1
937	Q0	3955#0	1
938	Q0	8660#32	1
939	Q0	1025310#0	1
941	Q0	1168414#9	1
942	Q0	6942#0	1
944	Q0	390317#0	1
945	Q0	9442#0	1
946	Q0	1200583#0	1
947	Q0	3724752#6	1
948	Q0	79929#0	1
949	Q0	306064#0	1
950	Q0	527947#0	1
951	Q0	57686#3	1
952	Q0	29185#8	1
954	Q0	127704#0	1
955	Q0	4232231#0	1
956	Q0	579206#0	1
957	Q0	45898#0	1
959	Q0	888992#1	1
961	Q0	237972#0	1
962	Q0	101275#2	1
963	Q0	69955#2	1
964	Q0	140084#0	1
965	Q0	719224#0	1
966	Q0	586704#7	1
968	Q0	53683#0	1
969	Q0	52853#0	1
972	Q0	756920#1	1
974	Q0	43650#0	1
975	Q0	8598#0	1
977	Q0	337704#4	1
978	Q0	1506956#0	1
980	Q0	1731057#0	1
982	Q0	28102#0	1
983	Q0	67372#6	1
984	Q0	3281813#1	1
985	Q0	37100#2	1
986	Q0	1199481#0	1
988	Q0	192273#0	1
990	Q0	358813#0	1
991	Q0	39262#0	1
992	Q0	68861#2	1
993	Q0	232008#0	1
994	Q0	141456#0	1
995	Q0	321124#0	1
996	Q0	614927#0	1
997	Q0	21510#0	1
1001	Q0	3462223#2	1
1001	Q0	257151#26	0
1001	Q0	1774719#0	0
1001	Q0	134784#0	0
1001	Q0	3840009#0	0
1001	Q0	12606#0	0
1001	Q0	3965578#0	0
1001	Q0	37997#17	0
1001	Q0	1774719#2	0
1001	Q0	3308392#113	0
1002	Q0	1302252#0	1
1002	Q0	943866#13	0
1002	Q0	1302252#3	0
1002	Q0	1302252#1	0
1002	Q0	1302252#2	0
1002	Q0	943866#11	0
1002	Q0	814288#6	0
1002	Q0	1424073#1	0
1002	Q0	1424073#2	0
1002	Q0	943866#10	0
1003	Q0	936724#0	1
1003	Q0	936724#6	1
1003	Q0	936724#5	0
1003	Q0	936724#2	0
1003	Q0	1505559#0	0
1003	Q0	936724#1	0
1003	Q0	1699616#0	0
1003	Q0	1241653#0	0
1003	Q0	8340#23	0
1003	Q0	464156#14	0
1004	Q0	19006#2	1
1004	Q0	19006#0	1
1004	Q0	3763470#0	0
1004	Q0	165756#0	0
1004	Q0	1133582#0	0
1004	Q0	3450696#0	0
1004	Q0	954069#0	0
1004	Q0	1602516#0	0
1004	Q0	19006#1	0
1004	Q0	670371#64	0
1004	Q0	1782577#1	0
1005	Q0	144248#5	1
1005	Q0	144248#0	1
1005	Q0	144248#9	1
1005	Q0	12059#0	1
1005	Q0	144248#7	0
1005	Q0	144248#17	0
1005	Q0	144248#6	0
1005	Q0	9737#25	0
1005	Q0	144248#15	0
1005	Q0	44220#5	0
1006	Q0	39699#0	1
1006	Q0	39699#5	1
1006	Q0	39699#8	1
1006	Q0	951588#0	1
1006	Q0	974190#1	1
1006	Q0	951588#3	0
1006	Q0	1542043#3	0
1006	Q0	875093#0	0
1006	Q0	951588#5	0
1006	Q0	39699#10	0
1008	Q0	69551#1	1
1008	Q0	1554742#31	0
1008	Q0	69551#3	0
1008	Q0	274782#7	0
1008	Q0	176339#4	0
1008	Q0	176339#3	0
1008	Q0	176339#0	0
1008	Q0	3271404#0	0
1008	Q0	176339#2	0
1008	Q0	769890#33	0
1008	Q0	5419#11	0
1009	Q0	4330908#0	1
1009	Q0	4330908#39	0
1009	Q0	4330908#2	0
1009	Q0	4330908#22	0
1009	Q0	4330908#41	0
1009	Q0	4330908#15	0
1009	Q0	4330908#13	0
1009	Q0	4330908#28	0
1009	Q0	4330908#30	0
1009	Q0	4330908#29	0
1010	Q0	1984614#0	1
1010	Q0	558054#0	1
1010	Q0	1494758#7	1
1010	Q0	1093269#92	0
1010	Q0	3701535#1	0
1010	Q0	7747#3	0
1010	Q0	65969#0	0
1010	Q0	300434#0	0
1010	Q0	64269#13	0
1010	Q0	1650358#5	0
1010	Q0	65969#2	0
1011	Q0	3193062#0	1
1012	Q0	21328#18	1
1013	Q0	8660#33	1
1014	Q0	212878#0	1
1014	Q0	212878#2	1
1014	Q0	212878#14	0
1014	Q0	212878#25	0
1014	Q0	212878#12	0
1014	Q0	212878#21	0
1014	Q0	1003836#0	0
1014	Q0	1003836#1	0
1014	Q0	212878#18	0
1014	Q0	4967186#1	0
1015	Q0	2126400#0	1
1015	Q0	2126400#6	1
1015	Q0	2126400#2	1
1015	Q0	2126400#4	1
1015	Q0	2126400#5	1
1015	Q0	2126400#11	0
1015	Q0	2126400#13	0
1015	Q0	2126400#12	0
1015	Q0	2126400#7	0
1015	Q0	2126400#9	0
1016	Q0	308513#0	1
1016	Q0	308513#8	1
1016	Q0	1797860#0	0
1016	Q0	2961562#0	0
1016	Q0	2165957#5	0
1016	Q0	483154#0	0
1016	Q0	3097031#0	0
1016	Q0	1648838#0	0
1016	Q0	2746468#0	0
1016	Q0	3732769#0	0
1017	Q0	15168#0	1
1017	Q0	11547#0	0
1017	Q0	15168#5	0
1017	Q0	15168#4	0
1017	Q0	435135#0	0
1017	Q0	15168#1	0
1017	Q0	4232451#0	0
1017	Q0	901463#1	0
1017	Q0	265846#0	0
1017	Q0	31454#9	0
1018	Q0	10517#0	1
1018	Q0	31387#15	1
1018	Q0	10517#3	0
1018	Q0	3003073#0	0
1018	Q0	3003076#0	0
1018	Q0	3003090#0	0
1018	Q0	3064276#1	0
1018	Q0	3003081#0	0
1018	Q0	3003054#0	0
1018	Q0	3003075#0	0
1018	Q0	10517#1	0
1019	Q0	202742#1	1
1019	Q0	57344#0	0
1019	Q0	136834#0	0
1019	Q0	424639#1	0
1019	Q0	1698213#1	0
1019	Q0	224131#0	0
1019	Q0	438514#3	0
1019	Q0	4003206#0	0
1019	Q0	3128998#1	0
1019	Q0	5231796#1	0
1020	Q0	43193#1	1
1020	Q0	3956445#7	0
1020	Q0	4333399#4	0
1020	Q0	1924632#8	0
1020	Q0	904020#5	0
1020	Q0	892257#0	0
1020	Q0	43192#0	0
1020	Q0	11840#95	0
1020	Q0	1990703#8	0
1020	Q0	2429955#20	0
1020	Q0	1924632#9	0
1021	Q0	4702406#0	1
1021	Q0	2962480#1	0
1021	Q0	61795#12	0
1021	Q0	4259694#1	0
1021	Q0	3249624#2	0
1021	Q0	2777576#2	0
1021	Q0	61795#11	0
1021	Q0	2777576#3	0
1021	Q0	179548#12	0
1021	Q0	2939499#0	0
1022	Q0	409994#0	1
1022	Q0	409994#40	0
1022	Q0	409994#63	0
1022	Q0	409994#3	0
1022	Q0	3047317#1	0
1022	Q0	409994#10	0
1022	Q0	409994#41	0
1022	Q0	3047317#6	0
1022	Q0	409994#51	0
1022	Q0	409994#55	0
1024	Q0	60107#3	1
1024	Q0	60107#0	0
1024	Q0	2453824#3	0
1024	Q0	3191787#2	0
1024	Q0	1283526#29	0
1024	Q0	2960879#7	0
1024	Q0	1995756#0	0
1024	Q0	1145363#0	0
1024	Q0	130780#0	0
1024	Q0	2380396#0	0
1025	Q0	290265#1	1
1025	Q0	5196235#12	0
1025	Q0	290265#7	0
1025	Q0	290265#0	0
1025	Q0	290265#3	0
1025	Q0	290265#6	0
1025	Q0	290265#5	0
1025	Q0	529788#0	0
1025	Q0	290265#4	0
1025	Q0	480467#0	0
1026	Q0	64145#2	1
1026	Q0	1518777#11	1
1026	Q0	64145#3	0
1026	Q0	64145#5	0
1026	Q0	64145#4	0
1026	Q0	3753072#1	0
1026	Q0	1669642#3	0
1026	Q0	2333569#7	0
1026	Q0	4720528#0	0
1026	Q0	1531977#5	0
1027	Q0	20504#8	1
1027	Q0	20504#41	1
1027	Q0	20504#16	1
1027	Q0	20504#0	1
1027	Q0	3554228#22	0
1027	Q0	49309#48	0
1027	Q0	1275509#11	0
1027	Q0	1275509#9	0
1027	Q0	4536925#9	0
1027	Q0	49316#1	0
1028	Q0	1990360#0	1
1028	Q0	1990360#1	1
1028	Q0	5158656#0	0
1028	Q0	45625#0	0
1028	Q0	3434047#0	0
1028	Q0	3742682#0	0
1028	Q0	5001599#0	0
1028	Q0	1990360#2	0
1028	Q0	5002442#0	0
1028	Q0	816813#0	0
1029	Q0	147737#0	1
1029	Q0	1628614#2	1
1029	Q0	147737#6	1
1029	Q0	147737#1	1
1029	Q0	1635928#2	1
1029	Q0	3055574#0	0
1029	Q0	1673990#0	0
1029	Q0	247736#0	0
1029	Q0	676065#0	0
1029	Q0	1514#52	0
1032	Q0	325589#0	1
1032	Q0	325589#2	0
1032	Q0	1888380#0	0
1032	Q0	1069137#0	0
1032	Q0	5188608#0	0
1032	Q0	808771#0	0
1032	Q0	325589#1	0
1032	Q0	4235571#0	0
1032	Q0	920795#0	0
1032	Q0	1659208#0	0
1033	Q0	3573576#0	1
1033	Q0	1264740#0	1
1033	Q0	3464348#0	1
1033	Q0	439850#34	0
1033	Q0	362029#8	0
1033	Q0	4703625#1	0
1033	Q0	2095676#0	0
1033	Q0	28142#13	0
1033	Q0	362029#0	0
1033	Q0	4432539#0	0
1033	Q0	1004681#0	0
1034	Q0	3429791#0	1
1034	Q0	3429791#7	1
1034	Q0	3537930#1	1
1034	Q0	3429791#2	1
1034	Q0	3429791#8	0
1034	Q0	3429791#4	0
1034	Q0	3429791#9	0
1034	Q0	3429791#5	0
1034	Q0	3429791#11	0
1034	Q0	3429791#10	0
1036	Q0	244965#0	1
1036	Q0	43339#15	1
1036	Q0	996908#0	1
1036	Q0	921106#0	1
1036	Q0	996908#3	0
1036	Q0	244965#31	0
1036	Q0	244965#36	0
1036	Q0	244965#60	0
1036	Q0	244965#49	0
1036	Q0	244965#1	0
1037	Q0	10768#0	1
1037	Q0	10768#3	1
1037	Q0	10770#0	0
1037	Q0	10768#42	0
1037	Q0	519483#1	0
1037	Q0	612465#20	0
1037	Q0	10768#40	0
1037	Q0	132976#0	0
1037	Q0	981802#0	0
1037	Q0	10768#48	0
1038	Q0	1551747#0	1
1038	Q0	3898#7	1
1038	Q0	1551747#12	0
1038	Q0	1212221#0	0
1038	Q0	61299#2	0
1038	Q0	2257#52	0
1038	Q0	347437#8	0
1038	Q0	409226#0	0
1038	Q0	1660271#6	0
1038	Q0	122891#11	0
1039	Q0	20171#0	1
1040	Q0	45040#0	1
1040	Q0	4881075#2	1
1040	Q0	967718#0	0
1040	Q0	4881075#0	0
1040	Q0	4432536#0	0
1040	Q0	4881075#6	0
1040	Q0	3370657#1	0
1040	Q0	3467540#0	0
1040	Q0	1275401#1	0
1040	Q0	3762009#0	0
1041	Q0	1675361#2	1
1041	Q0	87783#48	1
1041	Q0	3918111#4	1
1041	Q0	67078#35	0
1041	Q0	3799718#13	0
1041	Q0	3052201#13	0
1041	Q0	194525#13	0
1041	Q0	67078#8	0
1041	Q0	497062#16	0
1041	Q0	31792#18	0
1041	Q0	1176110#0	0
1043	Q0	763914#0	1
1043	Q0	3561089#1	1
1043	Q0	763910#3	1
1043	Q0	754186#2	1
1043	Q0	80252#2	1
1043	Q0	762650#4	1
1043	Q0	763910#2	1
1043	Q0	763914#1	0
1043	Q0	763910#0	0
1043	Q0	5112382#3	0
1045	Q0	1410001#0	1
1045	Q0	5002256#0	0
1045	Q0	1410001#1	0
1045	Q0	2247604#1	0
1045	Q0	3564515#0	0
1045	Q0	1860940#0	0
1045	Q0	5009755#0	0
1045	Q0	4529727#1	0
1045	Q0	1511532#1	0
1045	Q0	5196422#0	0
1046	Q0	3087791#0	1
1046	Q0	14079#0	0
1046	Q0	4255079#4	0
1046	Q0	2943671#0	0
1046	Q0	1031110#1	0
1046	Q0	17312#4	0
1046	Q0	28030#57	0
1046	Q0	492380#11	0
1046	Q0	33745#0	0
1046	Q0	1715612#4	0
1047	Q0	31387#15	1
1047	Q0	10517#0	1
1047	Q0	3057933#1	0
1047	Q0	363330#0	0
1047	Q0	1850465#3	0
1047	Q0	3003090#0	0
1047	Q0	31387#17	0
1047	Q0	2862069#2	0
1047	Q0	10517#17	0
1047	Q0	3003054#0	0
1047	Q0	10517#1	0
1050	Q0	1298#0	1
1050	Q0	1216#17	1
1050	Q0	6382#0	0
1050	Q0	379644#7	0
1050	Q0	379644#4	0
1050	Q0	731770#0	0
1050	Q0	733512#7	0
1050	Q0	2949749#0	0
1050	Q0	2797#126	0
1050	Q0	721012#0	0
1050	Q0	935587#0	0
1052	Q0	978925#2	1
1052	Q0	978925#0	1
1052	Q0	167212#23	1
1052	Q0	978925#17	0
1052	Q0	978925#33	0
1052	Q0	978925#16	0
1052	Q0	978925#10	0
1052	Q0	978925#18	0
1052	Q0	978925#11	0
1052	Q0	978925#31	0
1053	Q0	460730#0	1
1053	Q0	26534#4	1
1053	Q0	26534#5	1
1053	Q0	460730#2	0
1053	Q0	24486#1	0
1053	Q0	460730#32	0
1053	Q0	361446#1	0
1053	Q0	460730#52	0
1053	Q0	460730#16	0
1053	Q0	460730#46	0
1054	Q0	6122#0	1
1054	Q0	955686#20	1
1054	Q0	3303973#11	1
1054	Q0	15726#1	0
1054	Q0	1495363#32	0
1054	Q0	15726#0	0
1054	Q0	6122#33	0
1054	Q0	1495363#33	0
1054	Q0	79260#4	0
1054	Q0	6122#36	0
1055	Q0	404856#0	1
1056	Q0	327317#50	1
1056	Q0	327317#0	1
1056	Q0	327317#48	0
1056	Q0	327317#35	0
1056	Q0	327317#24	0
1056	Q0	3188020#2	0
1056	Q0	327317#29	0
1056	Q0	327317#36	0
1056	Q0	327317#47	0
1056	Q0	327317#19	0
1057	Q0	137652#0	1
1057	Q0	172809#0	0
1057	Q0	1857488#1	0
1057	Q0	555439#0	0
1057	Q0	3048875#0	0
1057	Q0	2550384#0	0
1057	Q0	3105721#0	0
1057	Q0	2881225#0	0
1057	Q0	3235569#0	0
1057	Q0	4176307#1	0
1058	Q0	280699#0	1
1058	Q0	758471#0	0
1058	Q0	23650#0	0
1058	Q0	901592#0	0
1058	Q0	52625#0	0
1058	Q0	280699#1	0
1058	Q0	3132322#0	0
1058	Q0	46387#0	0
1058	Q0	3132322#113	0
1058	Q0	3200919#0	0
1059	Q0	202154#0	1
1059	Q0	202154#8	1
1059	Q0	202154#1	0
1059	Q0	885056#0	0
1059	Q0	202154#7	0
1059	Q0	202154#3	0
1059	Q0	202154#2	0
1059	Q0	2984374#0	0
1059	Q0	760574#0	0
1061	Q0	77270#0	1
1063	Q0	53030#1	1
1063	Q0	2974925#13	1
1063	Q0	53030#0	0
1063	Q0	53030#14	0
1063	Q0	53030#10	0
1063	Q0	53030#8	0
1063	Q0	53030#32	0
1063	Q0	53030#33	0
1063	Q0	53030#62	0
1063	Q0	53030#16	0
1063	Q0	308056#14	0
1065	Q0	133639#0	1
1065	Q0	1243361#38	1
1065	Q0	2866072#0	0
1065	Q0	142038#4	0
1065	Q0	380233#0	0
1065	Q0	25256#90	0
1065	Q0	2866072#11	0
1065	Q0	133639#12	0
1065	Q0	25256#92	0
1065	Q0	498320#0	0
1066	Q0	3877#0	1
1067	Q0	4264681#8	1
1067	Q0	4264681#12	1
1067	Q0	4264681#0	1
1067	Q0	5213499#6	0
1067	Q0	4264681#10	0
1067	Q0	5134786#62	0
1067	Q0	5216340#29	0
1067	Q0	5216340#22	0
1067	Q0	5210559#18	0
1067	Q0	4264681#13	0
1067	Q0	4264681#6	0
1068	Q0	26402#0	1
1068	Q0	47199#2	1
1068	Q0	47199#5	0
1068	Q0	105666#0	0
1068	Q0	47199#0	0
1068	Q0	46733#0	0
1068	Q0	105666#5	0
1068	Q0	47199#4	0
1068	Q0	6108#20	0
1068	Q0	105666#3	0
1069	Q0	620332#0	1
1069	Q0	620332#1	1
1069	Q0	620332#2	1
1069	Q0	1972575#0	0
1069	Q0	1984868#0	0
1069	Q0	1947374#0	0
1069	Q0	896501#0	0
1069	Q0	2668445#0	0
1069	Q0	425884#2	0
1069	Q0	3097937#0	0
1071	Q0	16070#0	1
1072	Q0	3554436#6	1
1072	Q0	3554436#3	0
1072	Q0	1212224#0	0
1072	Q0	3554436#5	0
1072	Q0	1675486#0	0
1072	Q0	1811977#2	0
1072	Q0	1212224#1	0
1072	Q0	1212224#4	0
1072	Q0	3554436#17	0
1072	Q0	343050#9	0
1073	Q0	2925806#0	1
1073	Q0	2995130#14	1
1073	Q0	2995130#0	0
1073	Q0	892788#0	0
1073	Q0	2925806#4	0
1073	Q0	4917073#2	0
1073	Q0	2995130#1	0
1073	Q0	3944#146	0
1073	Q0	126355#7	0
1073	Q0	1100450#4	0
1074	Q0	3348874#0	1
1076	Q0	54957#19	1
1076	Q0	54957#1	1
1076	Q0	54957#18	1
1076	Q0	49502#21	1
1076	Q0	3769824#26	0
1076	Q0	54957#4	0
1076	Q0	54957#9	0
1076	Q0	3592316#3	0
1076	Q0	257262#8	0
1076	Q0	3769824#2	0
1076	Q0	3769824#0	0
1077	Q0	1144471#0	1
1077	Q0	205504#6	0
1077	Q0	1185723#0	0
1077	Q0	1194672#0	0
1077	Q0	189229#21	0
1077	Q0	3423428#0	0
1077	Q0	680888#1	0
1077	Q0	1263996#0	0
1077	Q0	4514455#0	0
1077	Q0	68543#0	0
1079	Q0	36331#7	1
1079	Q0	260966#5	0
1079	Q0	291120#10	0
1079	Q0	1553561#15	0
1079	Q0	651474#12	0
1079	Q0	284460#8	0
1079	Q0	48866#35	0
1079	Q0	362011#12	0
1079	Q0	216883#12	0
1079	Q0	280036#10	0
1080	Q0	12808#0	1
1080	Q0	12808#8	0
1080	Q0	55484#3	0
1080	Q0	3254435#3	0
1080	Q0	25853#10	0
1080	Q0	12808#2	0
1080	Q0	12808#17	0
1080	Q0	12808#7	0
1080	Q0	17471#0	0
1080	Q0	12808#10	0
1081	Q0	6483#0	1
1081	Q0	66054#0	1
1081	Q0	3116445#4	0
1081	Q0	15020#42	0
1081	Q0	3456854#0	0
1081	Q0	1252219#8	0
1081	Q0	2462912#4	0
1081	Q0	3095036#0	0
1081	Q0	422464#4	0
1081	Q0	271727#12	0
1081	Q0	3966834#0	0
1082	Q0	31387#3	1
1082	Q0	31387#1	1
1082	Q0	203219#1	0
1082	Q0	2248#0	0
1082	Q0	1531725#0	0
1082	Q0	615927#0	0
1082	Q0	1419356#0	0
1082	Q0	1727216#1	0
1082	Q0	68397#0	0
1082	Q0	31387#34	0
1082	Q0	422576#0	0
1083	Q0	4818924#42	1
1083	Q0	104447#1	1
1083	Q0	104447#0	1
1083	Q0	273767#3	1
1083	Q0	3540245#13	1
1083	Q0	3649287#12	1
1083	Q0	104447#2	0
1083	Q0	4818924#40	0
1083	Q0	2276#20	0
1083	Q0	39368#2	0
1084	Q0	2797510#0	1
1084	Q0	548561#3	0
1084	Q0	1805729#2	0
1084	Q0	1805729#12	0
1084	Q0	1805729#11	0
1084	Q0	4721116#44	0
1084	Q0	2797515#0	0
1084	Q0	2238199#0	0
1084	Q0	548561#0	0
1084	Q0	548561#4	0
1085	Q0	5640#22	1
1085	Q0	2959778#2	0
1085	Q0	2959778#12	0
1085	Q0	190371#50	0
1085	Q0	622748#4	0
1085	Q0	457470#35	0
1085	Q0	5640#9	0
1085	Q0	41651#70	0
1085	Q0	41651#49	0
1085	Q0	5640#0	0
1086	Q0	18892#0	1
1086	Q0	18892#2	0
1086	Q0	18892#1	0
1086	Q0	18892#32	0
1086	Q0	18892#51	0
1086	Q0	18892#20	0
1086	Q0	18892#13	0
1086	Q0	18892#53	0
1086	Q0	18892#21	0
1087	Q0	858419#0	1
1087	Q0	858419#1	1
1087	Q0	858428#2	0
1087	Q0	858419#2	0
1087	Q0	3601347#0	0
1087	Q0	2760824#0	0
1087	Q0	858428#23	0
1087	Q0	858428#35	0
1087	Q0	858428#29	0
1087	Q0	859065#0	0
1088	Q0	3263#9	1
1088	Q0	3263#0	1
1088	Q0	3669608#0	1
1088	Q0	2860074#19	1
1088	Q0	2860074#0	0
1088	Q0	3263#1	0
1088	Q0	3263#15	0
1088	Q0	3646654#1	0
1088	Q0	3466851#0	0
1088	Q0	2860074#17	0
1089	Q0	1035596#0	1
1089	Q0	3568622#1	0
1089	Q0	3568622#2	0
1089	Q0	3568622#0	0
1089	Q0	1815251#0	0
1089	Q0	1795859#0	0
1089	Q0	1128932#0	0
1089	Q0	3886409#0	0
1089	Q0	4309804#0	0
1089	Q0	1451151#0	0
1091	Q0	42265#2	1
1091	Q0	478186#0	0
1091	Q0	4561254#0	0
1091	Q0	3093569#0	0
1091	Q0	302253#0	0
1091	Q0	3093569#1	0
1091	Q0	3093569#3	0
1091	Q0	501658#0	0
1091	Q0	5126102#4	0
1091	Q0	5105718#0	0
1092	Q0	103336#2	1
1092	Q0	4116#36	0
1092	Q0	2951513#0	0
1092	Q0	1094497#6	0
1092	Q0	466004#5	0
1092	Q0	19481#9	0
1092	Q0	1094497#7	0
1092	Q0	2526325#2	0
1092	Q0	2128#21	0
1092	Q0	62474#8	0
1094	Q0	4969411#1	1
1094	Q0	609642#0	1
1094	Q0	3942732#0	0
1094	Q0	8807#23	0
1094	Q0	273668#0	0
1094	Q0	3639944#0	0
1094	Q0	8807#6	0
1094	Q0	2094459#0	0
1094	Q0	4317303#0	0
1094	Q0	1182519#14	0
1095	Q0	589285#17	1
1095	Q0	4650#43	1
1095	Q0	589285#7	0
1095	Q0	3236303#3	0
1095	Q0	96850#1	0
1095	Q0	4303#69	0
1095	Q0	841974#4	0
1095	Q0	3553577#4	0
1095	Q0	589285#6	0
1095	Q0	3182891#7	0
1095	Q0	59800#1	0
1097	Q0	1074443#4	1
1097	Q0	161707#0	1
1097	Q0	1074443#1	0
1097	Q0	1074443#5	0
1097	Q0	1267769#0	0
1097	Q0	891948#0	0
1097	Q0	3062260#1	0
1097	Q0	4071142#0	0
1097	Q0	4237956#0	0
1097	Q0	5127683#0	0
1098	Q0	1945569#0	1
1098	Q0	56622#16	1
1098	Q0	56622#22	1
1098	Q0	1945569#2	0
1098	Q0	1945569#1	0
1098	Q0	1945598#1	0
1098	Q0	1945598#0	0
1098	Q0	1945569#3	0
1098	Q0	1945619#0	0
1098	Q0	56622#14	0
1099	Q0	3520212#9	1
1099	Q0	170704#0	1
1099	Q0	12607#56	0
1099	Q0	12607#63	0
1099	Q0	3088040#5	0
1099	Q0	2544084#14	0
1099	Q0	855202#6	0
1099	Q0	4874568#10	0
1099	Q0	3753624#1	0
1099	Q0	2291645#22	0
1099	Q0	3570695#11	0
1100	Q0	10552#0	1
1100	Q0	1709358#1	0
1100	Q0	10552#13	0
1100	Q0	10552#6	0
1100	Q0	2507448#19	0
1100	Q0	2507448#17	0
1100	Q0	4334711#0	0
1100	Q0	1873375#5	0
1100	Q0	10552#9	0
1100	Q0	3000739#3	0
1101	Q0	4677#1	1
1101	Q0	4677#21	1
1101	Q0	3562163#0	1
1101	Q0	4677#0	1
1101	Q0	259102#1	0
1101	Q0	464954#0	0
1101	Q0	4217359#1	0
1101	Q0	4663#0	0
1101	Q0	4217359#0	0
1101	Q0	2978861#0	0
1103	Q0	1731074#0	1
1103	Q0	254001#5	0
1103	Q0	1731074#76	0
1103	Q0	1731074#32	0
1103	Q0	1731074#60	0
1103	Q0	3165847#0	0
1103	Q0	24956#35	0
1103	Q0	4478160#18	0
1103	Q0	1731074#72	0
1103	Q0	1731074#1	0
1105	Q0	347422#0	1
1105	Q0	347422#20	0
1105	Q0	347422#18	0
1105	Q0	347422#19	0
1105	Q0	347422#3	0
1105	Q0	347422#16	0
1105	Q0	347422#1	0
1105	Q0	1346748#0	0
1105	Q0	13592#66	0
1105	Q0	347422#2	0
1107	Q0	385320#0	1
1107	Q0	385320#4	1
1107	Q0	34709#12	1
1107	Q0	1136719#1	1
1107	Q0	385320#1	0
1107	Q0	385320#2	0
1107	Q0	736703#1	0
1107	Q0	34709#9	0
1107	Q0	34709#15	0
1107	Q0	5077120#1	0
1108	Q0	23761#0	1
1108	Q0	1647114#4	1
1108	Q0	1854#48	1
1108	Q0	23761#3	0
1108	Q0	26862#3	0
1108	Q0	3455859#18	0
1108	Q0	808719#8	0
1108	Q0	1091329#118	0
1108	Q0	1854#39	0
1108	Q0	1452567#24	0
1109	Q0	15168#0	1
1109	Q0	11547#0	1
1109	Q0	15168#1	1
1109	Q0	15168#5	0
1109	Q0	15168#4	0
1109	Q0	203061#5	0
1109	Q0	4680#22	0
1109	Q0	435135#0	0
1109	Q0	901463#1	0
1109	Q0	31454#9	0
1110	Q0	35321#0	1
1111	Q0	9539#0	1
1111	Q0	3406449#24	1
1111	Q0	9539#7	1
1111	Q0	9539#5	1
1111	Q0	9539#14	0
1111	Q0	247267#14	0
1111	Q0	1305303#9	0
1111	Q0	194559#35	0
1111	Q0	9539#18	0
1111	Q0	2814101#2	0
1111	Q0	19437#41	0
1112	Q0	151236#1	1
1112	Q0	1575845#0	1
1112	Q0	189907#1	0
1112	Q0	2971029#1	0
1112	Q0	3450575#0	0
1112	Q0	4432938#1	0
1112	Q0	1604663#0	0
1112	Q0	2100999#1	0
1112	Q0	1507514#0	0
1112	Q0	935765#2	0
1114	Q0	236457#185	1
1114	Q0	575802#45	1
1114	Q0	1072635#0	1
1114	Q0	1276149#0	0
1114	Q0	1438#17	0
1114	Q0	236457#122	0
1114	Q0	34712#1	0
1114	Q0	1438#34	0
1114	Q0	1445162#0	0
1114	Q0	538944#25	0
1115	Q0	547300#3	1
1115	Q0	547300#1	1
1115	Q0	547300#0	1
1115	Q0	3865495#0	0
1115	Q0	3846756#0	0
1115	Q0	547300#5	0
1115	Q0	262297#3	0
1115	Q0	537260#0	0
1115	Q0	547300#4	0
1115	Q0	2797725#15	0
1115	Q0	4005879#1	0
1116	Q0	70876#0	1
1116	Q0	2644192#0	0
1116	Q0	210427#0	0
1116	Q0	209199#0	0
1116	Q0	1974099#0	0
1116	Q0	47716#0	0
1116	Q0	1984645#0	0
1116	Q0	2001340#0	0
1116	Q0	1962570#0	0
1116	Q0	7081#0	0
1117	Q0	392262#0	1
1117	Q0	4659238#1	0
1117	Q0	392262#5	0
1117	Q0	392262#6	0
1117	Q0	392262#8	0
1117	Q0	392262#4	0
1117	Q0	342823#0	0
1117	Q0	1765486#0	0
1117	Q0	231858#0	0
1117	Q0	47198#0	0
1118	Q0	1348603#1	1
1118	Q0	1466832#0	1
1118	Q0	3702714#0	0
1118	Q0	1466832#28	0
1118	Q0	1466832#11	0
1118	Q0	1466832#26	0
1118	Q0	2715967#1	0
1118	Q0	1656#49	0
1118	Q0	1466832#35	0
1118	Q0	6624#95	0
1119	Q0	629514#1	1
1119	Q0	187029#0	1
1119	Q0	2277#96	1
1119	Q0	943774#67	1
1119	Q0	1758559#6	0
1119	Q0	631550#0	0
1119	Q0	1642338#1	0
1119	Q0	1089938#4	0
1119	Q0	1089938#9	0
1119	Q0	5198054#1	0
1120	Q0	3235589#0	1
1121	Q0	1428393#0	1
1121	Q0	1428393#1	0
1121	Q0	1428393#3	0
1121	Q0	1428393#18	0
1121	Q0	1428393#14	0
1121	Q0	1428393#5	0
1121	Q0	1428393#15	0
1121	Q0	1428393#2	0
1121	Q0	1428393#4	0
1121	Q0	1428393#11	0
1122	Q0	20504#41	1
1122	Q0	20504#0	1
1122	Q0	1979#15	0
1122	Q0	2354241#1	0
1122	Q0	14778#4	0
1122	Q0	1770355#1	0
1122	Q0	1802521#1	0
1122	Q0	20504#45	0
1122	Q0	4748687#1	0
1122	Q0	2370#20	0
1123	Q0	235727#2	1
1123	Q0	235727#0	1
1123	Q0	3434019#0	0
1123	Q0	3436371#0	0
1123	Q0	4618629#0	0
1123	Q0	216140#0	0
1123	Q0	3433029#0	0
1123	Q0	81350#6	0
1123	Q0	1071475#0	0
1123	Q0	4859511#0	0
1123	Q0	190237#0	0
1125	Q0	87822#1	1
1125	Q0	87822#18	1
1125	Q0	25256#66	1
1125	Q0	754703#2	1
1125	Q0	87822#7	0
1125	Q0	87822#19	0
1125	Q0	87822#3	0
1125	Q0	87822#10	0
1125	Q0	512583#4	0
1125	Q0	87822#2	0
1126	Q0	22590#0	1
1126	Q0	22590#12	1
1126	Q0	340652#0	0
1126	Q0	3341196#0	0
1126	Q0	22590#10	0
1126	Q0	3449373#0	0
1126	Q0	3436768#0	0
1126	Q0	22590#9	0
1126	Q0	1522120#1	0
1126	Q0	631209#1	0
1127	Q0	5232733#30	1
1127	Q0	2448597#0	1
1127	Q0	2448597#1	1
1127	Q0	3670#35	0
1127	Q0	2395872#49	0
1127	Q0	985947#16	0
1127	Q0	2448597#16	0
1127	Q0	23571#19	0
1127	Q0	303195#3	0
1127	Q0	550083#64	0
1127	Q0	2448597#11	0
1127	Q0	25603#3	0
1129	Q0	1216#1	1
1129	Q0	1960481#2	0
1129	Q0	1960479#2	0
1129	Q0	1363217#2	0
1129	Q0	1960337#2	0
1129	Q0	1411735#2	0
1129	Q0	1411638#2	0
1129	Q0	223504#2	0
1129	Q0	499585#1	0
1129	Q0	2298384#2	0
1129	Q0	1974935#2	0
1131	Q0	379433#0	1
1131	Q0	3113626#0	0
1131	Q0	2116904#0	0
1131	Q0	408476#0	0
1131	Q0	2521176#2	0
1131	Q0	2521176#3	0
1131	Q0	34511#0	0
1131	Q0	1522930#1	0
1131	Q0	1652409#1	0
1131	Q0	907281#4	0
1132	Q0	2298585#0	1
1132	Q0	4201527#0	0
1132	Q0	379433#0	0
1132	Q0	379433#2	0
1132	Q0	2949788#4	0
1132	Q0	193818#0	0
1132	Q0	3598834#0	0
1132	Q0	2652130#0	0
1132	Q0	4535341#0	0
1132	Q0	617431#2	0
1134	Q0	30299#0	1
1135	Q0	3914#39	1
1135	Q0	3113451#1	1
1135	Q0	1023091#18	0
1135	Q0	288395#20	0
1135	Q0	102195#1	0
1135	Q0	866613#0	0
1135	Q0	583733#38	0
1135	Q0	961609#1	0
1135	Q0	46418#41	0
1135	Q0	5130271#8	0
1135	Q0	3914#0	0
1137	Q0	16401#0	1
1139	Q0	274715#0	1
1141	Q0	487518#3	1
1142	Q0	7578#2	1
1145	Q0	65877#0	1
1145	Q0	861834#60	1
1145	Q0	328618#0	1
1145	Q0	65877#2	1
1145	Q0	541444#4	1
1145	Q0	1255772#0	0
1145	Q0	65877#5	0
1145	Q0	682087#1	0
1145	Q0	3526782#0	0
1145	Q0	1737408#0	0
1146	Q0	1091924#0	1
1146	Q0	317617#0	1
1146	Q0	1091924#2	1
1146	Q0	1091924#1	0
1146	Q0	26721#1	0
1146	Q0	1091924#3	0
1146	Q0	5159615#0	0
1146	Q0	3541437#5	0
1146	Q0	1187135#2	0
1146	Q0	2471276#2	0
1147	Q0	3743#6	1
1147	Q0	3685849#40	1
1147	Q0	3743#2	1
1147	Q0	1107021#2	0
1147	Q0	1991704#0	0
1147	Q0	846521#0	0
1147	Q0	1107021#4	0
1147	Q0	1107021#1	0
1147	Q0	1759930#0	0
1147	Q0	565452#0	0
1147	Q0	3387922#1	0
1149	Q0	1420#26	1
1149	Q0	1420#0	1
1149	Q0	286214#11	0
1149	Q0	460016#0	0
1149	Q0	884532#3	0
1149	Q0	599446#22	0
1149	Q0	312009#0	0
1149	Q0	1518213#2	0
1149	Q0	3947390#1	0
1149	Q0	4524587#4	0
1149	Q0	4615497#7	0
1150	Q0	18761#5	1
1150	Q0	1652#15	1
1150	Q0	18761#0	1
1150	Q0	18761#83	0
1150	Q0	18761#112	0
1150	Q0	18761#29	0
1150	Q0	64425#3	0
1150	Q0	18761#55	0
1150	Q0	18761#30	0
1150	Q0	18761#22	0
1152	Q0	97117#6	1
1152	Q0	97117#0	1
1152	Q0	3050767#3	1
1152	Q0	139414#9	0
1152	Q0	1547225#10	0
1152	Q0	3311402#4	0
1152	Q0	3311402#2	0
1152	Q0	3311402#3	0
1152	Q0	3441060#12	0
1152	Q0	1556480#20	0
1152	Q0	933481#2	0
1154	Q0	4319#0	1
1154	Q0	4319#5	1
1154	Q0	3491511#0	0
1154	Q0	3553249#0	0
1154	Q0	4374089#0	0
1154	Q0	1486295#0	0
1154	Q0	3285440#0	0
1154	Q0	1486295#1	0
1154	Q0	1758506#0	0
1154	Q0	3408782#0	0
1155	Q0	53842#4	1
1155	Q0	53842#15	1
1155	Q0	53842#0	1
1155	Q0	1343950#31	1
1155	Q0	53842#9	1
1155	Q0	53842#1	1
1155	Q0	2835338#0	1
1155	Q0	1703784#0	0
1155	Q0	53842#10	0
1155	Q0	53842#20	0
1156	Q0	3579136#3	1
1156	Q0	734143#0	1
1156	Q0	1097945#9	0
1156	Q0	2247191#32	0
1156	Q0	9421#30	0
1156	Q0	5109286#5	0
1156	Q0	1097945#2	0
1156	Q0	1091351#1	0
1156	Q0	4908747#2	0
1156	Q0	2530196#7	0
1156	Q0	480979#27	0
1157	Q0	205325#0	1
1157	Q0	205325#22	0
1157	Q0	205325#6	0
1157	Q0	205325#3	0
1157	Q0	885132#0	0
1157	Q0	728959#0	0
1157	Q0	1328550#0	0
1157	Q0	5223475#0	0
1157	Q0	205325#2	0
1157	Q0	2866956#0	0
1158	Q0	105007#0	1
1158	Q0	193307#51	1
1158	Q0	3732016#0	1
1158	Q0	970812#46	1
1158	Q0	7269#1	1
1158	Q0	2940#0	1
1158	Q0	922617#5	1
1158	Q0	3265716#15	0
1158	Q0	53934#9	0
1158	Q0	3537986#9	0
1159	Q0	1202217#0	1
1159	Q0	126179#4	0
1159	Q0	137873#1	0
1159	Q0	412380#2	0
1159	Q0	4076211#17	0
1159	Q0	1732864#0	0
1159	Q0	4612642#4	0
1159	Q0	1311590#2	0
1159	Q0	2167585#11	0
1159	Q0	306655#1	0
1160	Q0	2821683#0	1
1160	Q0	2821683#3	1
1160	Q0	64253#0	1
1160	Q0	64253#30	0
1160	Q0	4237060#8	0
1160	Q0	64253#47	0
1160	Q0	64253#52	0
1160	Q0	2169374#57	0
1160	Q0	64253#12	0
1160	Q0	64253#53	0
1160	Q0	64253#1	0
1161	Q0	2132#0	1
1162	Q0	1268400#0	1
1162	Q0	7591#18	1
1162	Q0	7591#21	1
1162	Q0	7591#0	1
1162	Q0	36044#0	1
1162	Q0	3404614#0	1
1162	Q0	2655976#0	0
1162	Q0	2103305#3	0
1162	Q0	292362#44	0
1162	Q0	7591#22	0
1164	Q0	945584#3	1
1164	Q0	945584#2	1
1164	Q0	945584#12	0
1164	Q0	945584#26	0
1164	Q0	945584#22	0
1164	Q0	3467375#4	0
1164	Q0	945584#29	0
1164	Q0	945584#23	0
1164	Q0	945584#18	0
1164	Q0	945584#24	0
1164	Q0	945584#9	0
1164	Q0	945584#13	0
1164	Q0	945584#21	0
1164	Q0	945584#11	0
1164	Q0	945584#10	0
1165	Q0	34066#0	1
1166	Q0	626722#0	1
1166	Q0	1304751#30	1
1166	Q0	1860036#2	1
1166	Q0	28600#3	1
1166	Q0	1498984#8	1
1166	Q0	12742#3	0
1166	Q0	155522#82	0
1166	Q0	1745822#0	0
1166	Q0	81416#9	0
1166	Q0	1115525#75	0
1167	Q0	4751578#0	1
1167	Q0	1156810#0	1
1167	Q0	4955509#3	0
1167	Q0	1796084#0	0
1167	Q0	1115525#31	0
1167	Q0	79557#3	0
1167	Q0	79557#0	0
1167	Q0	79557#1	0
1167	Q0	554822#29	0
1167	Q0	3518600#0	0
1168	Q0	4285256#0	1
1168	Q0	4071221#0	1
1168	Q0	4071221#1	1
1168	Q0	17848#0	1
1168	Q0	942347#0	0
1168	Q0	1773673#2	0
1168	Q0	943168#2	0
1168	Q0	601354#0	0
1168	Q0	942347#1	0
1168	Q0	1871524#0	0
1168	Q0	250759#0	0
1169	Q0	283201#0	1
1169	Q0	283201#3	1
1169	Q0	3189190#0	0
1169	Q0	947133#0	0
1169	Q0	3288937#0	0
1169	Q0	930345#0	0
1169	Q0	2477016#0	0
1169	Q0	384446#2	0
1169	Q0	3312644#2	0
1169	Q0	5419#1	0
1170	Q0	3345#0	1
1170	Q0	56786#12	1
1170	Q0	149040#0	1
1170	Q0	282769#1	1
1170	Q0	149040#69	1
1170	Q0	19176#18	1
1170	Q0	1035477#8	1
1170	Q0	2673#8	1
1170	Q0	149040#16	0
1170	Q0	190016#0	0
1173	Q0	4022#2	1
1173	Q0	4022#20	1
1173	Q0	1265052#40	0
1173	Q0	2369810#6	0
1173	Q0	4022#1	0
1173	Q0	2526300#4	0
1173	Q0	96850#3	0
1173	Q0	4022#11	0
1173	Q0	2526300#7	0
1173	Q0	2526300#5	0
1174	Q0	360711#1	1
1174	Q0	360711#2	0
1174	Q0	360711#0	0
1174	Q0	360711#3	0
1174	Q0	64147#54	0
1174	Q0	5158458#0	0
1174	Q0	360711#5	0
1174	Q0	995430#0	0
1174	Q0	1815877#1	0
1174	Q0	5013417#0	0
1175	Q0	24560#0	1
1175	Q0	2119748#0	0
1175	Q0	24560#19	0
1175	Q0	24560#17	0
1175	Q0	4932650#0	0
1175	Q0	560176#3	0
1175	Q0	24560#28	0
1175	Q0	4932650#2	0
1175	Q0	24560#25	0
1175	Q0	24560#30	0
1176	Q0	2515917#0	1
1176	Q0	2515917#3	1
1176	Q0	3180035#2	0
1176	Q0	5155154#0	0
1176	Q0	2532907#0	0
1176	Q0	1832246#3	0
1176	Q0	2515917#4	0
1176	Q0	1757248#0	0
1176	Q0	3548865#0	0
1176	Q0	20327#19	0
1177	Q0	3863#0	1
1178	Q0	38187#0	1
1178	Q0	38187#4	1
1178	Q0	5024773#0	0
1178	Q0	3306951#0	0
1178	Q0	5196446#0	0
1178	Q0	3433913#0	0
1178	Q0	3460146#0	0
1178	Q0	5155611#0	0
1178	Q0	3433915#0	0
1178	Q0	38187#7	0
1179	Q0	1740469#2	1
1179	Q0	1740469#0	1
1179	Q0	4091764#0	0
1179	Q0	479568#0	0
1179	Q0	3406087#0	0
1179	Q0	447190#0	0
1179	Q0	1522328#0	0
1179	Q0	937155#0	0
1179	Q0	1643063#0	0
1179	Q0	2015640#0	0
1180	Q0	1781734#50	1
1180	Q0	1781734#0	1
1180	Q0	1781734#48	1
1180	Q0	1781734#46	1
1180	Q0	1781734#15	0
1180	Q0	1781734#1	0
1180	Q0	1781734#53	0
1180	Q0	1781734#2	0
1180	Q0	3778143#8	0
1180	Q0	1781734#49	0
1181	Q0	1092635#6	1
1181	Q0	1747727#5	1
1181	Q0	1092635#5	0
1181	Q0	2638#11	0
1181	Q0	950503#1	0
1181	Q0	1092635#13	0
1181	Q0	1092635#9	0
1181	Q0	2797#12	0
1181	Q0	1478967#3	0
1181	Q0	1098962#0	0
1182	Q0	4319611#0	1
1182	Q0	4319611#29	0
1182	Q0	4319611#7	0
1182	Q0	4319611#19	0
1182	Q0	4319611#1	0
1182	Q0	4319611#21	0
1182	Q0	4319611#3	0
1182	Q0	4319611#16	0
1182	Q0	5269515#0	0
1182	Q0	4319611#10	0
1183	Q0	978454#0	1
1183	Q0	7583#33	0
1183	Q0	13295#24	0
1183	Q0	978454#3	0
1183	Q0	7583#14	0
1183	Q0	978454#2	0
1183	Q0	1698946#0	0
1183	Q0	1540138#0	0
1183	Q0	3517355#0	0
1183	Q0	3644171#0	0
1184	Q0	1030009#3	1
1184	Q0	3413340#8	0
1184	Q0	1030009#6	0
1184	Q0	1030009#4	0
1184	Q0	1030009#5	0
1184	Q0	1030009#7	0
1184	Q0	420060#11	0
1184	Q0	1410036#2	0
1184	Q0	1030009#8	0
1184	Q0	1030009#18	0
1186	Q0	57822#1	1
1186	Q0	2944173#25	1
1186	Q0	57822#20	1
1186	Q0	57822#34	1
1186	Q0	79118#9	0
1186	Q0	4819208#0	0
1186	Q0	2949068#0	0
1186	Q0	4025955#0	0
1186	Q0	4819208#7	0
1186	Q0	4819208#3	0
1187	Q0	1002587#2	1
1187	Q0	1863213#12	1
1187	Q0	2758784#1	0
1187	Q0	916391#0	0
1187	Q0	717038#55	0
1187	Q0	1002589#1	0
1187	Q0	916380#0	0
1187	Q0	816769#47	0
1187	Q0	898406#12	0
1187	Q0	4381045#13	0
1187	Q0	3072626#1	0
1188	Q0	16175#0	1
1188	Q0	843545#64	1
1188	Q0	1513916#1	0
1188	Q0	16175#4	0
1188	Q0	16175#2	0
1188	Q0	16175#12	0
1188	Q0	3548214#4	0
1188	Q0	1130089#4	0
1188	Q0	16175#7	0
1188	Q0	1348645#0	0
1189	Q0	3996434#0	1
1189	Q0	3996434#2	1
1189	Q0	3996434#3	1
1189	Q0	991135#2	0
1189	Q0	1343788#0	0
1189	Q0	737628#0	0
1189	Q0	104536#5	0
1189	Q0	3520286#0	0
1189	Q0	3688729#0	0
1189	Q0	1827693#0	0
1190	Q0	497062#22	1
1190	Q0	497062#71	1
1190	Q0	497062#14	1
1190	Q0	497062#0	1
1190	Q0	497062#73	0
1190	Q0	497062#5	0
1190	Q0	497062#69	0
1190	Q0	497062#34	0
1190	Q0	497062#10	0
1190	Q0	497062#66	0
1190	Q0	497062#45	0
1191	Q0	7992#11	1
1191	Q0	28299#14	1
1191	Q0	7992#17	1
1191	Q0	475919#7	0
1191	Q0	4915983#9	0
1191	Q0	7992#35	0
1191	Q0	7992#32	0
1191	Q0	7992#27	0
1191	Q0	7992#31	0
1191	Q0	7992#19	0
1191	Q0	24931#19	0
1192	Q0	1074835#0	1
1192	Q0	1001785#14	1
1192	Q0	41377#0	1
1192	Q0	1025085#0	1
1192	Q0	1074835#1	0
1192	Q0	41377#79	0
1192	Q0	41377#88	0
1192	Q0	4664776#3	0
1192	Q0	41377#8	0
1192	Q0	41377#5	0
1192	Q0	4831870#1	0
1193	Q0	3348761#0	1
1193	Q0	968324#0	0
1193	Q0	3284315#0	0
1193	Q0	1507508#0	0
1193	Q0	5117748#0	0
1193	Q0	5121044#0	0
1193	Q0	5260241#0	0
1193	Q0	3753341#0	0
1193	Q0	4115187#0	0
1193	Q0	3737351#12	0
1195	Q0	8737#0	1
1195	Q0	3296254#0	0
1195	Q0	1145476#0	0
1195	Q0	293193#0	0
1195	Q0	5077589#0	0
1195	Q0	1532075#1	0
1195	Q0	5158643#0	0
1195	Q0	8745#0	0
1195	Q0	3301356#0	0
1195	Q0	5143649#0	0
1196	Q0	893615#0	1
1196	Q0	38382#9	1
1196	Q0	893615#1	0
1196	Q0	3200742#0	0
1196	Q0	3720997#0	0
1196	Q0	716641#0	0
1196	Q0	1087552#2	0
1196	Q0	4143350#0	0
1196	Q0	3586867#10	0
1196	Q0	38382#0	0
1199	Q0	4883262#2	1
1199	Q0	10232#0	1
1199	Q0	4883262#5	1
1199	Q0	10232#1	0
1199	Q0	1670852#5	0
1199	Q0	4845019#1	0
1199	Q0	3539810#7	0
1199	Q0	12019#64	0
1199	Q0	1139578#2	0
1199	Q0	1296377#23	0
1200	Q0	1686963#0	1
1200	Q0	1686963#1	1
1200	Q0	1686963#2	0
1200	Q0	1686963#5	0
1200	Q0	1686963#3	0
1200	Q0	2972471#0	0
1200	Q0	2173567#1	0
1200	Q0	1686963#4	0
1200	Q0	3233818#0	0
1200	Q0	439722#10	0
1201	Q0	236024#1	1
1201	Q0	923224#2	0
1201	Q0	307756#21	0
1201	Q0	532761#1	0
1201	Q0	923224#3	0
1201	Q0	2456537#2	0
1201	Q0	15729#2	0
1201	Q0	282768#1	0
1201	Q0	3581491#1	0
1201	Q0	2180187#7	0
1202	Q0	1874895#0	1
1202	Q0	1914#0	1
1202	Q0	2336827#0	0
1202	Q0	1668331#0	0
1202	Q0	853260#0	0
1202	Q0	1668331#17	0
1202	Q0	1668331#6	0
1202	Q0	1668331#15	0
1202	Q0	1157062#0	0
1202	Q0	1411667#2	0
1202	Q0	4266317#0	0
1203	Q0	44375#0	1
1203	Q0	44375#1	1
1203	Q0	3223573#1	0
1203	Q0	44375#43	0
1203	Q0	44375#78	0
1203	Q0	44375#59	0
1203	Q0	44375#76	0
1203	Q0	44375#33	0
1203	Q0	44375#4	0
1203	Q0	44375#71	0
1204	Q0	141107#0	1
1205	Q0	7179#30	1
1205	Q0	7179#29	1
1205	Q0	13060#0	1
1205	Q0	13500#0	0
1205	Q0	13060#50	0
1205	Q0	364508#0	0
1205	Q0	13060#6	0
1205	Q0	600668#0	0
1205	Q0	1974669#0	0
1205	Q0	13060#34	0
1205	Q0	13060#47	0
1206	Q0	66887#0	1
1206	Q0	3670280#72	1
1206	Q0	5064364#0	0
1206	Q0	3175028#2	0
1206	Q0	1681249#2	0
1206	Q0	1803690#0	0
1206	Q0	299752#27	0
1206	Q0	3175028#0	0
1206	Q0	743919#1	0
1206	Q0	3175028#1	0
1208	Q0	3143390#0	1
1208	Q0	143123#92	1
1208	Q0	143123#0	1
1208	Q0	143123#96	0
1208	Q0	3851872#0	0
1208	Q0	3143390#2	0
1208	Q0	3566840#30	0
1208	Q0	3149138#0	0
1208	Q0	143123#82	0
1208	Q0	2963323#0	0
1208	Q0	143123#201	0
1209	Q0	13923#51	1
1209	Q0	1723316#11	1
1209	Q0	13923#0	1
1209	Q0	668428#2	0
1209	Q0	668428#44	0
1209	Q0	668428#3	0
1209	Q0	668428#61	0
1209	Q0	2217916#0	0
1209	Q0	2219799#0	0
1209	Q0	2217508#0	0
1210	Q0	33248#0	1
1210	Q0	1490507#9	1
1210	Q0	33248#4	1
1210	Q0	442014#1	0
1210	Q0	291321#0	0
1210	Q0	2206586#0	0
1210	Q0	318786#0	0
1210	Q0	1253816#1	0
1210	Q0	3927688#0	0
1210	Q0	2218828#0	0
1211	Q0	933676#0	1
1211	Q0	219819#2	1
1211	Q0	1897361#0	0
1211	Q0	933676#1	0
1211	Q0	219814#0	0
1211	Q0	848031#0	0
1211	Q0	16228#17	0
1211	Q0	4610081#5	0
1211	Q0	2486866#0	0
1211	Q0	562287#1	0
1212	Q0	1001785#0	1
1213	Q0	1001785#13	1
1213	Q0	1034420#1	1
1213	Q0	1494972#69	0
1213	Q0	1494972#32	0
1213	Q0	1494972#90	0
1213	Q0	1494972#79	0
1213	Q0	1495093#22	0
1213	Q0	1494972#59	0
1213	Q0	1494972#0	0
1213	Q0	1423548#6	0
1213	Q0	533915#23	0
1214	Q0	1221684#0	1
1214	Q0	337306#1	1
1214	Q0	4542704#6	0
1214	Q0	4619#6	0
1214	Q0	337306#4	0
1214	Q0	337306#8	0
1214	Q0	1824315#1	0
1214	Q0	4991214#0	0
1214	Q0	4598#80	0
1214	Q0	1221684#1	0
1215	Q0	323624#0	1
1215	Q0	323624#3	0
1215	Q0	323624#2	0
1215	Q0	323624#11	0
1215	Q0	323624#12	0
1215	Q0	323624#4	0
1215	Q0	486481#0	0
1215	Q0	486507#0	0
1215	Q0	323624#8	0
1215	Q0	323624#9	0
1216	Q0	133615#0	1
1216	Q0	133615#9	0
1216	Q0	49865#80	0
1216	Q0	26188#7	0
1216	Q0	26188#12	0
1216	Q0	3471395#1	0
1216	Q0	133615#12	0
1216	Q0	133615#5	0
1216	Q0	1295330#0	0
1216	Q0	3522112#0	0
1218	Q0	2979055#20	1
1218	Q0	128366#0	1
1218	Q0	128366#1	1
1218	Q0	564734#0	0
1218	Q0	2528890#0	0
1218	Q0	745614#0	0
1218	Q0	21149#0	0
1218	Q0	3712572#0	0
1218	Q0	1701221#0	0
1218	Q0	4916358#0	0
1219	Q0	58268#0	1
1219	Q0	58268#5	1
1219	Q0	17455#4	1
1219	Q0	58268#7	1
1219	Q0	58268#3	0
1219	Q0	58268#4	0
1219	Q0	58268#10	0
1219	Q0	58268#11	0
1219	Q0	365186#1	0
1219	Q0	58268#2	0
1220	Q0	985213#0	1
1220	Q0	985213#2	1
1220	Q0	187029#11	1
1220	Q0	985213#1	0
1220	Q0	985213#12	0
1220	Q0	1661212#19	0
1220	Q0	2277#33	0
1220	Q0	985213#45	0
1220	Q0	985213#34	0
1220	Q0	985213#25	0
1221	Q0	231620#7	1
1221	Q0	226936#8	0
1221	Q0	231620#0	0
1221	Q0	16234#0	0
1221	Q0	231620#14	0
1221	Q0	231620#1	0
1221	Q0	24025#2	0
1221	Q0	16234#8	0
1221	Q0	226936#0	0
1221	Q0	231620#6	0
1222	Q0	612373#0	1
1223	Q0	18853#0	1
1223	Q0	18853#1	1
1223	Q0	18853#21	1
1223	Q0	322869#23	0
1223	Q0	10291#3	0
1223	Q0	18853#36	0
1223	Q0	1512894#1	0
1223	Q0	18853#32	0
1223	Q0	328940#7	0
1223	Q0	1151789#0	0
1223	Q0	18853#19	0
1224	Q0	3412#10	1
1224	Q0	139057#0	0
1224	Q0	233375#0	0
1224	Q0	3412#63	0
1224	Q0	2393#0	0
1224	Q0	894702#1	0
1224	Q0	1009025#0	0
1224	Q0	37895#33	0
1224	Q0	561198#133	0
1224	Q0	889301#0	0
1224	Q0	3412#6	0
1226	Q0	276254#2	1
1226	Q0	276254#1	1
1226	Q0	276254#0	1
1226	Q0	276254#10	0
1226	Q0	164306#5	0
1226	Q0	276254#9	0
1226	Q0	1373294#0	0
1226	Q0	344392#1	0
1226	Q0	347297#0	0
1226	Q0	276254#25	0
1226	Q0	1551452#0	0
1228	Q0	35941#0	1
1228	Q0	385863#0	1
1228	Q0	679905#0	0
1228	Q0	1505728#0	0
1228	Q0	707849#0	0
1228	Q0	1646836#0	0
1228	Q0	4780586#1	0
1228	Q0	59999#11	0
1228	Q0	4318475#1	0
1228	Q0	1081079#2	0
1229	Q0	295728#0	1
1229	Q0	295728#3	1
1229	Q0	2887264#0	0
1229	Q0	295728#6	0
1229	Q0	2887264#1	0
1229	Q0	295728#2	0
1229	Q0	3044919#3	0
1229	Q0	1815516#0	0
1229	Q0	295728#1	0
1229	Q0	295728#7	0
1230	Q0	3561#0	1
1230	Q0	1567239#1	1
1230	Q0	35336#0	0
1230	Q0	20260#0	0
1230	Q0	801435#1	0
1230	Q0	4893900#0	0
1230	Q0	34511#0	0
1230	Q0	1516337#4	0
1230	Q0	151284#25	0
1230	Q0	4938346#7	0
1231	Q0	527142#2	1
1231	Q0	5148253#1	1
1231	Q0	2149#29	1
1231	Q0	527142#42	1
1231	Q0	293523#38	1
1231	Q0	199687#0	1
1231	Q0	1989890#9	1
1231	Q0	199687#5	1
1231	Q0	527142#22	0
1231	Q0	298445#17	0
1232	Q0	486562#0	1
1232	Q0	1752231#10	1
1232	Q0	486562#1	0
1232	Q0	3303260#0	0
1232	Q0	364137#0	0
1232	Q0	4990152#0	0
1232	Q0	3265730#0	0
1232	Q0	5170347#0	0
1232	Q0	486562#2	0
1232	Q0	5160552#0	0
1233	Q0	216582#0	1
1233	Q0	1941158#0	0
1233	Q0	61556#47	0
1233	Q0	321527#0	0
1233	Q0	216582#5	0
1233	Q0	151116#0	0
1233	Q0	723944#1	0
1233	Q0	289993#0	0
1233	Q0	1017313#0	0
1233	Q0	4680#22	0
1234	Q0	724435#45	1
1234	Q0	4942930#0	1
1234	Q0	724435#1	1
1234	Q0	724435#0	0
1234	Q0	3307290#0	0
1234	Q0	3328619#0	0
1234	Q0	724435#2	0
1234	Q0	724435#44	0
1234	Q0	3428149#0	0
1234	Q0	724435#46	0
1234	Q0	3648920#0	0
1236	Q0	1798609#3	1
1236	Q0	29328#2	1
1236	Q0	29328#0	1
1236	Q0	817381#20	0
1236	Q0	386167#1	0
1236	Q0	5061737#0	0
1236	Q0	55497#0	0
1236	Q0	4683851#0	0
1236	Q0	3516995#0	0
1236	Q0	2804109#0	0
1236	Q0	668764#0	0
1236	Q0	29328#9	0
1241	Q0	7591#0	1
1242	Q0	250494#0	1
1242	Q0	250494#1	1
1242	Q0	1011623#5	0
1242	Q0	1011623#4	0
1242	Q0	2267216#12	0
1242	Q0	1546429#10	0
1242	Q0	61769#14	0
1242	Q0	1011623#0	0
1242	Q0	4945675#0	0
1242	Q0	2267216#3	0
1243	Q0	263994#0	1
1243	Q0	263994#4	1
1243	Q0	3644410#0	1
1243	Q0	3644410#2	1
1243	Q0	352506#0	0
1243	Q0	4338614#0	0
1243	Q0	474267#0	0
1243	Q0	2910664#0	0
1243	Q0	3644410#5	0
1243	Q0	410057#0	0
1248	Q0	46831#0	1
1248	Q0	46831#1	1
1248	Q0	77888#5	1
1248	Q0	46831#2	0
1248	Q0	3723774#12	0
1248	Q0	2480536#0	0
1248	Q0	2480536#5	0
1248	Q0	3723774#6	0
1248	Q0	281473#3	0
1248	Q0	3299638#0	0
1249	Q0	212733#0	1
1249	Q0	17859#0	1
1249	Q0	2194903#1	0
1249	Q0	17859#1	0
1249	Q0	540911#0	0
1249	Q0	212734#0	0
1249	Q0	212735#0	0
1249	Q0	2972511#0	0
1249	Q0	1234770#0	0
1249	Q0	3254402#2	0
1250	Q0	68856#0	1
1250	Q0	2912886#0	0
1250	Q0	4598#83	0
1250	Q0	68856#5	0
1250	Q0	68856#1	0
1250	Q0	221023#0	0
1250	Q0	2912886#3	0
1250	Q0	2255#23	0
1250	Q0	155522#30	0
1250	Q0	68856#6	0
1254	Q0	3009393#53	1
1254	Q0	4077310#8	1
1254	Q0	56950#2	1
1254	Q0	2270#13	1
1254	Q0	56950#0	1
1254	Q0	1495347#6	0
1254	Q0	1808504#14	0
1254	Q0	4502487#0	0
1254	Q0	1538023#19	0
1254	Q0	348909#21	0
1254	Q0	4295217#0	0
1255	Q0	3609#1	1
1255	Q0	1423007#5	0
1255	Q0	13507#3	0
1255	Q0	4606043#2	0
1255	Q0	13462#7	0
1255	Q0	23677#5	0
1255	Q0	287959#1	0
1255	Q0	3609#36	0
1255	Q0	1075367#2	0
1255	Q0	13507#8	0
1256	Q0	3477#1	1
1256	Q0	3477#11	1
1256	Q0	3477#23	1
1256	Q0	2007694#6	0
1256	Q0	3477#5	0
1256	Q0	675300#4	0
1256	Q0	3477#35	0
1256	Q0	2236016#12	0
1256	Q0	3477#2	0
1256	Q0	3524110#0	0
1257	Q0	1185603#0	1
1257	Q0	3566549#0	0
1257	Q0	4344775#0	0
1257	Q0	1185603#3	0
1257	Q0	4344775#2	0
1257	Q0	4344775#3	0
1257	Q0	3577237#0	0
1257	Q0	3219157#2	0
1257	Q0	1185603#2	0
1257	Q0	2165957#5	0
1259	Q0	116723#1	1
1259	Q0	3836701#2	1
1259	Q0	116723#8	1
1259	Q0	116723#7	1
1259	Q0	584101#78	0
1259	Q0	584101#75	0
1259	Q0	4609729#0	0
1259	Q0	116723#67	0
1259	Q0	584101#82	0
1259	Q0	117035#0	0
1259	Q0	2088475#0	0
1260	Q0	46011#2	1
1261	Q0	5152704#2	1
1261	Q0	1211748#2	1
1261	Q0	1211748#1	1
1261	Q0	3089859#3	1
1261	Q0	1211748#0	1
1261	Q0	1831497#8	0
1261	Q0	1343516#1	0
1261	Q0	1784921#1	0
1261	Q0	3357867#17	0
1261	Q0	3358711#3	0
1261	Q0	7591#3	0
1262	Q0	180612#4	1
1262	Q0	180612#0	1
1262	Q0	180612#49	0
1262	Q0	180612#5	0
1262	Q0	180612#48	0
1262	Q0	180612#1	0
1262	Q0	4093992#0	0
1262	Q0	180612#3	0
1262	Q0	1964527#0	0
1262	Q0	3310179#0	0
1263	Q0	42067#0	1
1263	Q0	42067#1	1
1263	Q0	985213#3	1
1263	Q0	42068#0	1
1263	Q0	1122250#11	1
1263	Q0	2723689#5	0
1263	Q0	856942#2	0
1263	Q0	4432867#6	0
1263	Q0	42067#2	0
1263	Q0	295993#9	0
1264	Q0	668278#0	1
1264	Q0	668278#2	1
1264	Q0	2835228#0	1
1264	Q0	668278#3	0
1264	Q0	668278#7	0
1264	Q0	668278#5	0
1264	Q0	668278#4	0
1264	Q0	668278#9	0
1264	Q0	1713689#19	0
1264	Q0	668278#6	0
1265	Q0	513288#0	1
1265	Q0	513288#3	1
1265	Q0	3451223#0	0
1265	Q0	3586399#0	0
1265	Q0	182672#0	0
1265	Q0	1155806#0	0
1265	Q0	513288#20	0
1265	Q0	513288#12	0
1265	Q0	513288#14	0
1265	Q0	513288#6	0
1266	Q0	563514#0	1
1266	Q0	231936#5	0
1266	Q0	231936#7	0
1266	Q0	2644985#0	0
1266	Q0	830008#0	0
1266	Q0	201138#1	0
1266	Q0	415639#0	0
1266	Q0	913366#0	0
1266	Q0	184505#0	0
1266	Q0	471382#0	0
1267	Q0	3008#2	1
1267	Q0	14806#31	1
1267	Q0	3008#0	0
1267	Q0	3008#7	0
1267	Q0	3008#31	0
1267	Q0	3266126#4	0
1267	Q0	64548#0	0
1267	Q0	3008#27	0
1267	Q0	24486#2	0
1267	Q0	3008#32	0
1268	Q0	3622#0	1
1268	Q0	120311#3	0
1268	Q0	6741#12	0
1268	Q0	485202#6	0
1268	Q0	4525304#18	0
1268	Q0	3559812#1	0
1268	Q0	3622#10	0
1268	Q0	3420318#2	0
1268	Q0	20332#9	0
1268	Q0	119896#6	0
1269	Q0	573781#1	1
1269	Q0	138510#3	1
1269	Q0	235718#2	0
1269	Q0	2925806#0	0
1269	Q0	4182866#0	0
1269	Q0	235718#1	0
1269	Q0	3756221#3	0
1269	Q0	3835980#5	0
1269	Q0	2925806#4	0
1269	Q0	3310699#4	0
1271	Q0	2993685#0	1
1271	Q0	2993685#3	1
1271	Q0	2993685#6	0
1271	Q0	958453#4	0
1271	Q0	2993685#5	0
1271	Q0	249058#34	0
1271	Q0	2993685#4	0
1271	Q0	2993685#1	0
1271	Q0	2993685#2	0
1271	Q0	3226370#0	0
1272	Q0	754186#0	1
1273	Q0	434072#0	1
1273	Q0	434072#13	0
1273	Q0	434072#5	0
1273	Q0	2632436#0	0
1273	Q0	434072#26	0
1273	Q0	108445#5	0
1273	Q0	108603#0	0
1273	Q0	434072#21	0
1273	Q0	893994#0	0
1273	Q0	2236959#0	0
1274	Q0	1870615#4	1
1275	Q0	1457507#1	1
1275	Q0	1457507#6	1
1275	Q0	1457507#8	0
1275	Q0	1457507#4	0
1275	Q0	2371466#0	0
1275	Q0	2371466#28	0
1275	Q0	1594058#0	0
1275	Q0	1457507#11	0
1275	Q0	2999311#2	0
1275	Q0	1457507#2	0
1276	Q0	1353#40	1
1276	Q0	2277#96	1
1276	Q0	187029#0	1
1276	Q0	1353#34	1
1276	Q0	43540#0	0
1276	Q0	129274#2	0
1276	Q0	3548#0	0
1276	Q0	200002#0	0
1276	Q0	211968#1	0
1276	Q0	46403#0	0
1276	Q0	847919#3	0
1277	Q0	12891#9	1
1277	Q0	427888#17	0
1277	Q0	1514#25	0
1277	Q0	1835#7	0
1277	Q0	4850152#3	0
1277	Q0	1594615#3	0
1277	Q0	2277#52	0
1277	Q0	5190123#5	0
1277	Q0	460730#55	0
1277	Q0	47878#6	0
1277	Q0	4680#0	0
1278	Q0	13620#0	1
1279	Q0	23731#5	1
1279	Q0	816660#0	1
1279	Q0	816660#17	0
1279	Q0	404335#1	0
1279	Q0	816660#12	0
1279	Q0	564713#36	0
1279	Q0	816660#5	0
1279	Q0	3024456#4	0
1279	Q0	816660#16	0
1279	Q0	361446#4	0
1279	Q0	7992#74	0
1280	Q0	132461#0	1
1280	Q0	1330441#0	0
1280	Q0	3773012#0	0
1280	Q0	4286145#0	0
1280	Q0	132461#3	0
1280	Q0	1077029#12	0
1280	Q0	125231#5	0
1280	Q0	120096#6	0
1280	Q0	132461#5	0
1280	Q0	2317707#20	0
1283	Q0	841741#0	1
1283	Q0	841741#2	1
1283	Q0	1808514#8	0
1283	Q0	1808514#6	0
1283	Q0	4822310#0	0
1283	Q0	1808514#24	0
1283	Q0	1808673#0	0
1283	Q0	905724#4	0
1283	Q0	1780785#3	0
1283	Q0	1779941#1	0
1285	Q0	583733#51	1
1285	Q0	1943689#4	1
1285	Q0	665181#1	1
1285	Q0	665181#5	0
1285	Q0	1432902#3	0
1285	Q0	632105#5	0
1285	Q0	2548605#1	0
1285	Q0	665181#23	0
1285	Q0	2859503#1	0
1285	Q0	583733#61	0
1287	Q0	1946#34	1
1287	Q0	1523#0	1
1287	Q0	3626#0	1
1287	Q0	5270079#2	0
1287	Q0	1670771#0	0
1287	Q0	2367490#0	0
1287	Q0	3030964#0	0
1287	Q0	2717278#1	0
1287	Q0	3067878#13	0
1287	Q0	328629#25	0
1287	Q0	1946#38	0
1289	Q0	328967#3	1
1290	Q0	18482#0	1
1290	Q0	1103357#56	0
1290	Q0	601325#19	0
1290	Q0	62904#33	0
1290	Q0	18482#27	0
1290	Q0	6611#26	0
1290	Q0	18482#61	0
1290	Q0	4605728#3	0
1290	Q0	62904#14	0
1290	Q0	3386453#0	0
1291	Q0	17203#0	1
1291	Q0	4271898#2	0
1291	Q0	1671007#0	0
1291	Q0	4309241#8	0
1291	Q0	16016#49	0
1291	Q0	3044330#0	0
1291	Q0	1040197#0	0
1291	Q0	120311#3	0
1291	Q0	962857#34	0
1291	Q0	2005046#3	0
1291	Q0	403350#22	0
1292	Q0	348814#0	1
1294	Q0	1582749#0	1
1295	Q0	2796#2	1
1295	Q0	2796#7	1
1295	Q0	441799#60	1
1295	Q0	2796#29	0
1295	Q0	2796#11	0
1295	Q0	3045830#2	0
1295	Q0	2796#8	0
1295	Q0	2796#12	0
1295	Q0	3813271#5	0
1295	Q0	2796#13	0
1297	Q0	1510196#16	1
1297	Q0	361268#0	0
1297	Q0	883104#0	0
1297	Q0	1596701#0	0
1297	Q0	3785#22	0
1297	Q0	142566#17	0
1297	Q0	3106699#2	0
1297	Q0	630752#0	0
1297	Q0	3785#9	0
1297	Q0	102682#60	0
1299	Q0	17716#29	1
1299	Q0	3626#0	1
1299	Q0	1946#33	1
1299	Q0	3030964#0	0
1299	Q0	3030964#11	0
1299	Q0	3626#2	0
1299	Q0	16507#0	0
1299	Q0	4650#0	0
1299	Q0	1946#38	0
1299	Q0	2717278#1	0
1300	Q0	39099#0	1
1300	Q0	39099#2	0
1300	Q0	760704#1	0
1300	Q0	1353850#0	0
1300	Q0	315637#0	0
1300	Q0	4045127#3	0
1300	Q0	1577733#0	0
1300	Q0	500577#3	0
1300	Q0	150136#21	0
1300	Q0	523398#0	0
1301	Q0	15377#0	1
1301	Q0	15377#3	1
1301	Q0	2447355#55	1
1301	Q0	6634#16	1
1301	Q0	733602#2	0
1301	Q0	127520#0	0
1301	Q0	15377#6	0
1301	Q0	15377#2	0
1301	Q0	6634#29	0
1301	Q0	247063#7	0
1302	Q0	1600492#0	1
1302	Q0	366675#0	0
1302	Q0	293193#0	0
1302	Q0	720579#3	0
1302	Q0	769281#1	0
1302	Q0	164316#1	0
1302	Q0	1745406#0	0
1302	Q0	1707365#0	0
1302	Q0	286207#0	0
1302	Q0	720579#0	0
1302	Q0	38700#0	0
1303	Q0	3340023#23	1
1303	Q0	149941#0	1
1303	Q0	3188401#0	0
1303	Q0	5232086#1	0
1303	Q0	149941#1	0
1303	Q0	1943177#0	0
1303	Q0	5199289#0	0
1303	Q0	5027649#0	0
1303	Q0	165085#0	0
1303	Q0	387452#0	0
1303	Q0	499276#0	0
1304	Q0	1681257#13	1
1304	Q0	1681257#1	1
1304	Q0	1681257#31	0
1304	Q0	226406#11	0
1304	Q0	20263#7	0
1304	Q0	2557992#1	0
1304	Q0	1644154#5	0
1304	Q0	249166#0	0
1304	Q0	3756640#1	0
1304	Q0	2310096#9	0
1304	Q0	1120423#1	0
1305	Q0	165162#0	1
1305	Q0	434561#0	1
1305	Q0	4015068#0	0
1305	Q0	268011#0	0
1305	Q0	1800070#0	0
1305	Q0	1046737#0	0
1305	Q0	7#28	0
1305	Q0	165162#2	0
1305	Q0	6075#17	0
1305	Q0	300908#8	0
1306	Q0	4887159#0	1
1306	Q0	4887159#1	1
1306	Q0	4887159#6	0
1306	Q0	4887159#2	0
1306	Q0	4887159#30	0
1306	Q0	4887159#4	0
1306	Q0	4887159#12	0
1306	Q0	1110328#1	0
1306	Q0	4887159#17	0
1306	Q0	1327584#0	0
1306	Q0	38162#1	0
1307	Q0	2186172#0	1
1309	Q0	536618#9	1
1309	Q0	1309#11	0
1309	Q0	468300#1	0
1309	Q0	3134179#0	0
1309	Q0	468300#6	0
1309	Q0	1343950#26	0
1309	Q0	490875#55	0
1309	Q0	4664#29	0
1309	Q0	468300#10	0
1309	Q0	581026#0	0
1311	Q0	79957#0	1
1311	Q0	194295#3	0
1311	Q0	79957#1	0
1311	Q0	1116179#0	0
1311	Q0	3761395#0	0
1311	Q0	42097#0	0
1311	Q0	4612803#0	0
1311	Q0	2646924#0	0
1311	Q0	79957#3	0
1311	Q0	42116#2	0
1312	Q0	1011623#0	1
1312	Q0	250494#0	1
1312	Q0	2078328#4	1
1312	Q0	250494#1	1
1312	Q0	1011623#4	0
1312	Q0	1011623#5	0
1312	Q0	1011623#1	0
1312	Q0	2267216#12	0
1312	Q0	2267216#0	0
1312	Q0	4945675#0	0
1312	Q0	490122#0	0
1313	Q0	182008#0	1
1314	Q0	50775#6	1
1314	Q0	50775#0	1
1314	Q0	1650498#0	0
1314	Q0	50775#7	0
1314	Q0	3990270#0	0
1314	Q0	17602#1	0
1314	Q0	754632#1	0
1314	Q0	1571171#0	0
1314	Q0	436328#0	0
1314	Q0	975147#1	0
1315	Q0	18713#0	1
1315	Q0	18713#3	1
1315	Q0	5488#38	1
1315	Q0	63405#60	1
1315	Q0	529136#0	0
1315	Q0	18713#27	0
1315	Q0	18713#61	0
1315	Q0	18713#72	0
1315	Q0	18713#1	0
1315	Q0	18713#2	0
1316	Q0	25043#0	1
1316	Q0	826089#15	0
1316	Q0	2542791#1	0
1316	Q0	3519842#0	0
1316	Q0	2924635#0	0
1316	Q0	1264023#0	0
1316	Q0	31035#40	0
1316	Q0	3259068#1	0
1316	Q0	350157#2	0
1316	Q0	3230559#0	0
1317	Q0	14862#25	1
1317	Q0	20429#21	0
1317	Q0	14862#9	0
1317	Q0	14862#0	0
1317	Q0	1024399#4	0
1317	Q0	170814#0	0
1317	Q0	80221#11	0
1317	Q0	14862#15	0
1317	Q0	1411110#0	0
1317	Q0	126801#10	0
1318	Q0	20072#0	1
1318	Q0	20072#4	1
1318	Q0	2558609#2	1
1318	Q0	144455#2	0
1318	Q0	20072#3	0
1318	Q0	1061060#2	0
1318	Q0	116108#4	0
1318	Q0	1498254#0	0
1318	Q0	35828#0	0
1318	Q0	49338#7	0
1319	Q0	144861#0	1
1319	Q0	144861#5	1
1319	Q0	4063427#0	0
1319	Q0	496100#3	0
1319	Q0	1139948#92	0
1319	Q0	2647094#3	0
1319	Q0	343116#0	0
1319	Q0	3565511#5	0
1319	Q0	445114#1	0
1319	Q0	2979055#2	0
1321	Q0	1268400#1	1
1321	Q0	7591#21	1
1321	Q0	1268401#0	0
1321	Q0	458011#0	0
1321	Q0	7591#71	0
1321	Q0	1923246#2	0
1321	Q0	2004#0	0
1321	Q0	7591#73	0
1321	Q0	7591#23	0
1321	Q0	1270443#13	0
1322	Q0	16661#0	1
1322	Q0	349100#3	1
1322	Q0	21390#1	1
1322	Q0	5488#43	1
1322	Q0	16661#3	0
1322	Q0	16661#55	0
1322	Q0	16661#51	0
1322	Q0	937270#1	0
1322	Q0	16661#52	0
1322	Q0	16661#19	0
1323	Q0	9400#0	1
1323	Q0	9400#42	1
1323	Q0	5076471#0	1
1323	Q0	1132752#0	0
1323	Q0	3705204#0	0
1323	Q0	9400#45	0
1323	Q0	9400#33	0
1323	Q0	1132762#2	0
1323	Q0	919440#6	0
1323	Q0	919440#0	0
1324	Q0	731804#0	1
1324	Q0	731804#5	0
1324	Q0	731804#19	0
1324	Q0	731804#3	0
1324	Q0	731804#12	0
1324	Q0	532324#1	0
1324	Q0	731804#1	0
1324	Q0	731804#15	0
1324	Q0	731804#18	0
1324	Q0	731804#20	0
1325	Q0	234307#0	1
1325	Q0	186679#0	0
1325	Q0	1827847#0	0
1325	Q0	3407199#0	0
1325	Q0	3244687#0	0
1325	Q0	3959902#189	0
1325	Q0	277702#2	0
1325	Q0	1315798#0	0
1325	Q0	1030009#19	0
1325	Q0	3856138#20	0
1325	Q0	1176658#0	0
1326	Q0	7318#0	1
1326	Q0	34174#0	0
1326	Q0	7318#1	0
1326	Q0	946688#0	0
1326	Q0	427025#0	0
1326	Q0	1330#21	0
1326	Q0	657395#0	0
1326	Q0	7318#7	0
1326	Q0	270039#1	0
1326	Q0	4910184#1	0
1328	Q0	59800#0	1
1328	Q0	955707#0	0
1328	Q0	59800#4	0
1328	Q0	59800#1	0
1328	Q0	59800#3	0
1328	Q0	59800#47	0
1328	Q0	150405#1	0
1328	Q0	59800#2	0
1328	Q0	59800#13	0
1328	Q0	59800#16	0
1329	Q0	601084#0	1
1329	Q0	2714036#0	0
1329	Q0	1596616#0	0
1329	Q0	2659232#0	0
1329	Q0	601084#2	0
1329	Q0	302881#1	0
1329	Q0	1596616#46	0
1329	Q0	1150166#0	0
1329	Q0	1596616#17	0
1329	Q0	1829428#0	0
1330	Q0	265689#9	1
1330	Q0	265689#14	0
1330	Q0	3535592#4	0
1330	Q0	211204#0	0
1330	Q0	265689#0	0
1330	Q0	2794660#0	0
1330	Q0	2004618#0	0
1330	Q0	2467814#1	0
1330	Q0	231848#0	0
1330	Q0	265689#15	0
1331	Q0	17962#0	1
1332	Q0	7956#0	1
1335	Q0	5204#0	1
1336	Q0	68926#0	1
1337	Q0	11885#0	1
1338	Q0	173108#0	1
1339	Q0	28987#0	1
1340	Q0	455628#0	1
1341	Q0	418566#0	1
1343	Q0	2081567#0	1
1345	Q0	1202655#0	1
1346	Q0	1122279#1	1
1348	Q0	13434#0	1
1349	Q0	2822271#27	1
1350	Q0	3303042#0	1
1365	Q0	139151#0	1
1365	Q0	139151#10	1
1365	Q0	139151#4	1
1365	Q0	139151#15	1
1365	Q0	139151#43	0
1367	Q0	172041#0	1
1367	Q0	172041#8	0
1367	Q0	172041#13	0
1367	Q0	172041#15	0
1497	Q0	805529#0	1
1497	Q0	805529#4	1
1517	Q0	203833#0	1
1517	Q0	203833#1	1
1539	Q0	8838#2	1
1539	Q0	8838#15	0
1550	Q0	3641#2	1
1550	Q0	3641#3	1
1550	Q0	3641#8	0
1550	Q0	3641#0	0
1550	Q0	3641#16	0
1564	Q0	1521132#12	1
1564	Q0	1521132#9	1
1564	Q0	1521132#10	1
1564	Q0	1521132#11	0
1564	Q0	1521132#22	0
1564	Q0	1521132#19	0
1564	Q0	1521132#15	0
1602	Q0	180303#0	1
1602	Q0	180303#1	1
1615	Q0	529385#7	1
1615	Q0	529385#6	0
1615	Q0	529385#8	0
1615	Q0	529385#18	0
1632	Q0	130072#0	1
1632	Q0	130072#8	0
1770	Q0	9664#0	1
1770	Q0	9664#3	1
1770	Q0	9664#9	0
1801	Q0	60380#0	1
1801	Q0	60380#6	1
1801	Q0	60380#1	0
1878	Q0	7334#0	1
1878	Q0	7334#6	0
1889	Q0	3744492#0	1
1889	Q0	3744492#3	0
2163	Q0	911873#7	1
2163	Q0	911873#4	0
2175	Q0	13118#0	1
2175	Q0	13118#1	1
2206	Q0	68956#0	1
2206	Q0	68956#8	0
2213	Q0	30127#0	1
2213	Q0	30127#8	0
2229	Q0	496100#0	1
2229	Q0	496100#2	0
2230	Q0	38815#0	1
2230	Q0	38815#2	0
2259	Q0	922831#0	1
2259	Q0	922831#1	0
2259	Q0	922831#2	0
2274	Q0	739601#0	1
2274	Q0	739601#15	1
2296	Q0	836049#0	1
2296	Q0	836049#21	0
2311	Q0	53044#0	1
2311	Q0	53044#1	0
2311	Q0	53044#21	0
2317	Q0	476557#0	1
2317	Q0	476557#3	0
2332	Q0	55994#1	1
2332	Q0	55994#10	0
2354	Q0	3931106#0	1
2354	Q0	3931106#8	1
2354	Q0	3931106#6	1
2354	Q0	3931106#5	1
2354	Q0	3931106#7	1
2354	Q0	3931106#2	0
2362	Q0	19873#0	1
2362	Q0	19873#7	1
2417	Q0	31216#1	1
2417	Q0	31216#0	0
2417	Q0	31216#17	0
2417	Q0	31216#27	0
2436	Q0	3776375#0	1
2436	Q0	3776375#1	0
2443	Q0	10453#0	1
2443	Q0	10453#20	0
2463	Q0	139430#4	1
2463	Q0	139430#3	0
2469	Q0	931604#0	1
2469	Q0	931604#3	1
2469	Q0	931604#2	0
2476	Q0	141601#0	1
2476	Q0	141601#5	1
2522	Q0	288483#0	1
2522	Q0	288483#2	0
2522	Q0	288483#1	0
2522	Q0	288483#5	0
2522	Q0	288483#3	0
2525	Q0	27050#0	1
2525	Q0	27050#1	1
2538	Q0	1459773#0	1
2538	Q0	1459773#1	0
2546	Q0	128438#3	1
2546	Q0	128438#1	0
2546	Q0	128438#2	0
2546	Q0	128438#4	0
2557	Q0	931604#0	1
2557	Q0	931604#3	1
2557	Q0	931604#2	0
2577	Q0	757123#0	1
2577	Q0	757123#1	0
2639	Q0	18285#1	1
2639	Q0	18285#4	0
2639	Q0	18285#3	0
2639	Q0	18285#2	0
2639	Q0	18285#5	0
2639	Q0	18285#32	0
2639	Q0	18285#20	0
2639	Q0	18285#0	0
2644	Q0	182315#0	1
2644	Q0	182315#1	0
2649	Q0	16420#0	1
2649	Q0	16420#10	1
2672	Q0	17900#0	1
2672	Q0	17900#18	1
2673	Q0	105066#4	1
2673	Q0	105066#34	0
2708	Q0	1132757#0	1
2708	Q0	1132757#1	0
2708	Q0	1132757#2	0
2736	Q0	1045074#5	1
2736	Q0	1045074#76	1
2774	Q0	18533#0	1
2774	Q0	18533#1	1
2774	Q0	18533#2	0
2776	Q0	125262#0	1
2776	Q0	125262#2	1
2781	Q0	39564#0	1
2781	Q0	39564#3	1
2821	Q0	193006#0	1
2821	Q0	193006#1	0
2844	Q0	397381#0	1
2844	Q0	397381#2	1
2855	Q0	30127#0	1
2855	Q0	30127#8	0
2859	Q0	15929#0	1
2859	Q0	15929#13	0
2863	Q0	42903#0	1
2863	Q0	42903#6	0
2863	Q0	42903#16	0
2866	Q0	31337#0	1
2866	Q0	31337#2	0
2929	Q0	61752#1	1
2929	Q0	61752#3	1
2941	Q0	211415#1	1
2941	Q0	211415#9	0
2966	Q0	276035#2	1
2966	Q0	276035#24	0
2966	Q0	276035#11	0
2966	Q0	276035#52	0
2996	Q0	14668#0	1
2996	Q0	14668#2	0
3017	Q0	665181#0	1
3017	Q0	665181#3	1
3024	Q0	19089#0	1
3024	Q0	19089#1	1
3043	Q0	203596#0	1
3043	Q0	203596#1	1
3043	Q0	203596#3	0
3043	Q0	203596#2	0
3043	Q0	203596#14	0
3075	Q0	4224978#0	1
3075	Q0	4224978#2	1
3078	Q0	1931474#3	1
3078	Q0	1931474#5	0
3078	Q0	1931474#8	0
3091	Q0	117937#1	1
3091	Q0	117937#4	1
3091	Q0	117937#6	0
3091	Q0	117937#0	0
3108	Q0	1571#37	1
3108	Q0	1571#0	0
3152	Q0	17900#0	1
3152	Q0	17900#18	1
3186	Q0	25605#0	1
3186	Q0	25605#11	0
3186	Q0	25605#2	0
3202	Q0	27179#0	1
3202	Q0	27179#42	0
3223	Q0	860885#0	1
3223	Q0	860885#1	0
3228	Q0	18868#14	1
3228	Q0	18868#1	1
3264	Q0	1577601#0	1
3264	Q0	1577601#1	1
3283	Q0	6070#10	1
3283	Q0	6070#9	0
3305	Q0	41089#0	1
3305	Q0	41089#24	0
3305	Q0	41089#12	0
3305	Q0	41089#11	0
3305	Q0	41089#22	0
3305	Q0	41089#14	0
3305	Q0	41089#4	0
3334	Q0	43180#2	1
3334	Q0	43180#4	0
3340	Q0	42714#1	1
3340	Q0	42714#31	1
3350	Q0	1438514#0	1
3350	Q0	1438514#2	0
3350	Q0	1438514#3	0
3363	Q0	37992#0	1
3363	Q0	37992#11	0
3367	Q0	514499#1	1
3367	Q0	514499#5	1
3373	Q0	1520472#0	1
3373	Q0	1520472#1	1
3408	Q0	778251#0	1
3408	Q0	778251#4	0
3408	Q0	778251#2	0
3446	Q0	104447#0	1
3446	Q0	104447#1	1
3446	Q0	104447#2	0
3553	Q0	56171#1	1
3553	Q0	56171#22	0
3567	Q0	164423#1	1
3567	Q0	164423#0	0
3567	Q0	164423#8	0
3567	Q0	164423#14	0
3572	Q0	217363#0	1
3572	Q0	217363#3	0
3589	Q0	56111#35	1
3589	Q0	56111#2	0
3603	Q0	316387#11	1
3603	Q0	316387#0	0
3603	Q0	316387#6	0
3603	Q0	316387#2	0
3617	Q0	3723699#0	1
3617	Q0	3723699#1	0
3648	Q0	189907#0	1
3648	Q0	189907#1	0
3648	Q0	189907#2	0
3693	Q0	3987#3	1
3693	Q0	3987#32	0
3771	Q0	57231#0	1
3771	Q0	57231#13	0
3799	Q0	1158269#5	1
3799	Q0	1158269#0	0
3799	Q0	1158269#1	0
3803	Q0	40430#0	1
3803	Q0	40430#2	0
3821	Q0	40301#0	1
3821	Q0	40301#7	0
3830	Q0	35071#1	1
3830	Q0	35071#0	0
3830	Q0	35071#2	0
3830	Q0	35071#4	0
3867	Q0	590870#2	1
3867	Q0	590870#5	1
3867	Q0	590870#15	0
3867	Q0	590870#8	0
3867	Q0	590870#6	0
3885	Q0	445323#3	1
3885	Q0	445323#0	0
3891	Q0	236457#1	1
3891	Q0	236457#2	0
3924	Q0	187274#0	1
3924	Q0	187274#1	1
3944	Q0	2405100#0	1
3944	Q0	2405100#3	1
3944	Q0	2405100#2	0
3944	Q0	2405100#4	0
3947	Q0	33479#0	1
3947	Q0	33479#1	0
3984	Q0	3644#4	1
3984	Q0	3644#1	0
4046	Q0	2466431#0	1
4046	Q0	2466431#1	0
4100	Q0	1490498#1	1
4100	Q0	1490498#2	1
4163	Q0	147415#0	1
4163	Q0	147415#5	0
4163	Q0	147415#36	0
4182	Q0	18285#32	1
4182	Q0	18285#0	1
4182	Q0	18285#4	0
4182	Q0	18285#3	0
4182	Q0	18285#2	0
4182	Q0	18285#5	0
4182	Q0	18285#1	0
4182	Q0	18285#20	0
4192	Q0	1471381#0	1
4192	Q0	1471381#1	0
4192	Q0	1471381#4	0
4192	Q0	1471381#33	0
4192	Q0	1471381#50	0
4192	Q0	1471381#35	0
4192	Q0	1471381#30	0
4192	Q0	1471381#5	0
4249	Q0	1431244#5	1
4249	Q0	1431244#3	0
4249	Q0	1431244#0	0
4272	Q0	37940#0	1
4272	Q0	37940#2	1
4278	Q0	2181992#0	1
4278	Q0	2181992#1	0
4282	Q0	4448448#0	1
4282	Q0	4448448#9	1
4282	Q0	4448448#3	1
4282	Q0	4448448#5	1
4282	Q0	4448448#10	0
4282	Q0	4448448#16	0
4282	Q0	4448448#14	0
4282	Q0	4448448#4	0
4282	Q0	4448448#2	0
4289	Q0	2714013#0	1
4289	Q0	2714013#1	1
4292	Q0	389435#0	1
4292	Q0	389435#4	1
4299	Q0	2300#0	1
4299	Q0	2300#3	0
4299	Q0	2300#4	0
4308	Q0	18763#0	1
4308	Q0	18763#2	0
4364	Q0	16449#5	1
4364	Q0	16449#0	0
4412	Q0	5213664#4	1
4412	Q0	5213664#1	0
4426	Q0	20938#5	1
4426	Q0	20938#10	0
4426	Q0	20938#34	0
4428	Q0	64425#0	1
4428	Q0	64425#1	0
4437	Q0	69982#0	1
4437	Q0	69982#1	1
4452	Q0	236457#1	1
4452	Q0	236457#2	0
4520	Q0	33939#0	1
4520	Q0	33939#28	0
4526	Q0	67034#1	1
4526	Q0	67034#2	0
4526	Q0	67034#3	0
4526	Q0	67034#5	0
4526	Q0	67034#4	0
4571	Q0	219007#0	1
4571	Q0	219007#7	0
4582	Q0	66914#0	1
4582	Q0	66914#3	0
4637	Q0	1155905#0	1
4637	Q0	1155905#3	0
4637	Q0	1155905#4	0
4637	Q0	1155905#2	0
4637	Q0	1155905#1	0
4666	Q0	88344#0	1
4666	Q0	88344#2	1
4745	Q0	15964#0	1
4745	Q0	15964#3	0
4767	Q0	814706#0	1
4767	Q0	814706#1	1
4767	Q0	814706#35	0
4767	Q0	814706#5	0
4767	Q0	814706#8	0
4767	Q0	814706#55	0
4767	Q0	814706#51	0
4767	Q0	814706#39	0
4768	Q0	1791453#0	1
4768	Q0	1791453#1	1
4769	Q0	1995692#0	1
4769	Q0	1995692#2	0
4769	Q0	1995692#1	0
4775	Q0	6630#0	1
4775	Q0	6630#11	0
4825	Q0	1509741#0	1
4825	Q0	1509741#2	0
4841	Q0	3046475#0	1
4841	Q0	3046475#30	0
4841	Q0	3046475#2	0
4860	Q0	16420#0	1
4860	Q0	16420#10	1
4879	Q0	1171310#0	1
4879	Q0	1171310#4	0
4881	Q0	45502#0	1
4881	Q0	45502#8	0
4883	Q0	861318#0	1
4883	Q0	861318#1	1
4977	Q0	319679#1	1
4977	Q0	319679#6	1
4991	Q0	998390#0	1
4991	Q0	998390#3	0
5025	Q0	748480#0	1
5025	Q0	748480#3	1
5067	Q0	931604#3	1
5067	Q0	931604#0	0
5067	Q0	931604#4	0
5089	Q0	49917#11	1
5089	Q0	49917#3	0
5089	Q0	49917#0	0
5089	Q0	49917#7	0
5148	Q0	51606#0	1
5148	Q0	51606#1	0
5175	Q0	1220060#0	1
5175	Q0	1220060#5	0
5255	Q0	264159#0	1
5255	Q0	264159#1	1
5255	Q0	264159#2	0
5258	Q0	582123#1	1
5258	Q0	582123#0	0
5268	Q0	181556#0	1
5268	Q0	181556#1	0
5304	Q0	245649#0	1
5304	Q0	245649#7	1
5304	Q0	245649#2	1
5304	Q0	245649#9	0
5304	Q0	245649#23	0
5304	Q0	245649#10	0
5304	Q0	245649#11	0
5304	Q0	245649#13	0
5304	Q0	245649#15	0
5400	Q0	18285#1	1
5400	Q0	18285#4	0
5400	Q0	18285#3	0
5400	Q0	18285#2	0
5400	Q0	18285#5	0
5400	Q0	18285#32	0
5400	Q0	18285#20	0
5400	Q0	18285#0	0
5440	Q0	458200#0	1
5440	Q0	458200#5	0
5440	Q0	458200#4	0
5440	Q0	458200#2	0
5440	Q0	458200#3	0
5440	Q0	458200#1	0
5446	Q0	26318#1	1
5446	Q0	26318#0	0
5474	Q0	40430#0	1
5474	Q0	40430#2	0
5509	Q0	257214#0	1
5509	Q0	257214#3	1
5509	Q0	257214#2	1
5509	Q0	257214#1	0
5517	Q0	42714#1	1
5517	Q0	42714#31	1
5670	Q0	631758#0	1
5670	Q0	631758#2	0
5685	Q0	172933#33	1
5685	Q0	172933#35	0
5685	Q0	172933#31	0
5713	Q0	1092138#0	1
5713	Q0	1092138#2	0
5755	Q0	56388#0	1
5755	Q0	56388#1	1
5769	Q0	18628#0	1
5769	Q0	18628#6	1
5780	Q0	14561#0	1
5780	Q0	14561#1	0
5803	Q0	920954#3	1
5803	Q0	920954#4	1
5829	Q0	14040#0	1
5829	Q0	14040#28	1
5839	Q0	18533#0	1
5839	Q0	18533#2	1
5839	Q0	18533#1	0
5846	Q0	29674#0	1
5846	Q0	29674#6	0
5884	Q0	42067#0	1
5884	Q0	42067#2	0
5884	Q0	42067#1	0
5905	Q0	1810155#0	1
5905	Q0	1810155#1	1
5916	Q0	1203949#0	1
5916	Q0	1203949#1	1
5916	Q0	1203949#2	0
5931	Q0	389439#0	1
5931	Q0	389439#1	0
5937	Q0	17900#0	1
5937	Q0	17900#18	0
5940	Q0	68924#0	1
5940	Q0	68924#23	0
5988	Q0	739601#0	1
5988	Q0	739601#15	0
6012	Q0	458200#0	1
6012	Q0	458200#4	1
6012	Q0	458200#5	0
6012	Q0	458200#2	0
6012	Q0	458200#3	0
6012	Q0	458200#1	0
6029	Q0	757756#0	1
6029	Q0	757756#1	0
6029	Q0	757756#2	0
6047	Q0	2738042#2	1
6047	Q0	2738042#21	1
6122	Q0	63363#5	1
6122	Q0	63363#0	0
6122	Q0	63363#4	0
6122	Q0	63363#18	0
6122	Q0	63363#14	0
6122	Q0	63363#3	0
6138	Q0	316387#0	1
6138	Q0	316387#11	0
6138	Q0	316387#6	0
6138	Q0	316387#2	0
6158	Q0	939784#0	1
6158	Q0	939784#1	0
6158	Q0	939784#13	0
6172	Q0	155272#3	1
6172	Q0	155272#4	0
6262	Q0	1180805#0	1
6262	Q0	1180805#2	0
6284	Q0	48901#1	1
6284	Q0	48901#13	0
6309	Q0	342048#0	1
6309	Q0	342048#6	0
6310	Q0	748480#0	1
6310	Q0	748480#3	1
6329	Q0	10517#0	1
6329	Q0	10517#1	1
6330	Q0	3644#1	1
6330	Q0	3644#4	0
6338	Q0	127295#0	1
6338	Q0	127295#1	0
6338	Q0	127295#6	0
6338	Q0	127295#17	0
6338	Q0	127295#23	0
6338	Q0	127295#8	0
6338	Q0	127295#21	0
6338	Q0	127295#9	0
6338	Q0	127295#5	0
6406	Q0	1018790#45	1
6406	Q0	1018790#65	0
6406	Q0	1018790#10	0
6534	Q0	48901#6	1
6534	Q0	48901#10	0
6559	Q0	8898#0	1
6559	Q0	8898#5	1
6569	Q0	64425#0	1
6569	Q0	64425#1	0
6620	Q0	579392#2	1
6620	Q0	579392#1	1
6622	Q0	60708#0	1
6622	Q0	60708#1	0
6626	Q0	4919#0	1
6626	Q0	4919#13	0
6647	Q0	203596#1	1
6647	Q0	203596#4	1
6647	Q0	203596#2	0
6663	Q0	127732#3	1
6663	Q0	127732#0	1
6663	Q0	127732#2	0
6663	Q0	127732#1	0
6663	Q0	127732#4	0
6663	Q0	127732#14	0
6663	Q0	127732#22	0
6663	Q0	127732#21	0
6663	Q0	127732#19	0
6674	Q0	66555#0	1
6674	Q0	66555#8	0
6674	Q0	66555#7	0
6721	Q0	81502#0	1
6721	Q0	81502#1	0
6750	Q0	3197372#0	1
6750	Q0	3197372#1	0
6750	Q0	3197372#3	0
6757	Q0	326512#0	1
6757	Q0	326512#8	0
6757	Q0	326512#7	0
6757	Q0	326512#2	0
6757	Q0	326512#3	0
6773	Q0	20502#0	1
6773	Q0	20502#4	0
6797	Q0	64425#0	1
6797	Q0	64425#1	0
6803	Q0	38467#2	1
6803	Q0	38467#6	1
6804	Q0	440993#0	1
6804	Q0	440993#2	0
6804	Q0	440993#4	0
6809	Q0	59215#0	1
6809	Q0	59215#1	1
6815	Q0	62783#2	1
6815	Q0	62783#1	0
6842	Q0	136961#1	1
6842	Q0	136961#2	0
6842	Q0	136961#0	0
6882	Q0	34568#1	1
6882	Q0	34568#0	0
6893	Q0	10517#0	1
6893	Q0	10517#1	1
6898	Q0	1733046#20	1
6898	Q0	1733046#13	1
6898	Q0	1733046#60	0
6898	Q0	1733046#57	0
6900	Q0	514499#1	1
6900	Q0	514499#5	1
6923	Q0	912824#1	1
6923	Q0	912824#4	0
6929	Q0	383707#13	1
6929	Q0	383707#21	1
6930	Q0	202002#0	1
6930	Q0	202002#1	0
6958	Q0	67034#0	1
6958	Q0	67034#1	1
6958	Q0	67034#3	0
6958	Q0	67034#4	0
7080	Q0	38789#0	1
7080	Q0	38789#1	0
7083	Q0	909668#0	1
7083	Q0	909668#1	0
7291	Q0	19175#5	1
7291	Q0	19175#0	0
7291	Q0	19175#16	0
7312	Q0	1571#0	1
7312	Q0	1571#37	0
7324	Q0	16449#5	1
7324	Q0	16449#0	0
7328	Q0	973526#0	1
7328	Q0	973526#1	0
7332	Q0	772611#0	1
7332	Q0	772611#3	0
7335	Q0	15461#13	1
7335	Q0	15461#14	1
7335	Q0	15461#15	0
7359	Q0	2823645#0	1
7359	Q0	2823645#1	1
7368	Q0	389439#0	1
7368	Q0	389439#1	0
7369	Q0	61307#0	1
7369	Q0	61307#29	0
7379	Q0	56388#0	1
7379	Q0	56388#1	0
7384	Q0	65014#0	1
7384	Q0	65014#1	0
7387	Q0	32501#7	1
7387	Q0	32501#5	0
7388	Q0	3642766#0	1
7388	Q0	3642766#14	0
7388	Q0	3642766#3	0
7388	Q0	3642766#8	0
7388	Q0	3642766#21	0
7388	Q0	3642766#4	0
7388	Q0	3642766#41	0
7388	Q0	3642766#31	0
7388	Q0	3642766#11	0
7402	Q0	17900#0	1
7402	Q0	17900#18	1
7464	Q0	25462#0	1
7464	Q0	25462#3	0
7469	Q0	64425#0	1
7469	Q0	64425#1	0
7488	Q0	6627#0	1
7488	Q0	6627#7	1
7495	Q0	141601#0	1
7495	Q0	141601#5	1
7561	Q0	3783235#0	1
7561	Q0	3783235#1	0
7569	Q0	1571#0	1
7569	Q0	1571#37	1
7572	Q0	945584#3	1
7572	Q0	945584#9	0
7572	Q0	945584#12	0
7572	Q0	945584#13	0
7572	Q0	945584#21	0
7572	Q0	945584#26	0
7572	Q0	945584#11	0
7572	Q0	945584#18	0
7572	Q0	945584#10	0
7572	Q0	945584#22	0
7596	Q0	64721#0	1
7596	Q0	64721#11	0
7596	Q0	64721#4	0
7601	Q0	49239#5	1
7601	Q0	49239#16	0
7601	Q0	49239#7	0
7601	Q0	49239#1	0
7601	Q0	49239#3	0
7604	Q0	27179#0	1
7604	Q0	27179#42	0
7700	Q0	10229#32	1
7700	Q0	10229#33	0
7728	Q0	2175954#0	1
7728	Q0	2175954#2	1
7734	Q0	1450903#1	1
7734	Q0	1450903#3	0
7734	Q0	1450903#0	0
7758	Q0	452671#0	1
7758	Q0	452671#1	0
7758	Q0	452671#2	0
7790	Q0	34010#4	1
7790	Q0	34010#12	0
7790	Q0	34010#14	0
7790	Q0	34010#10	0
7798	Q0	918655#31	1
7798	Q0	918655#29	0
7798	Q0	918655#1	0
7798	Q0	918655#24	0
7798	Q0	918655#18	0
7798	Q0	918655#0	0
7799	Q0	204722#0	1
7799	Q0	204722#4	0
7799	Q0	204722#5	0
7829	Q0	254445#15	1
7829	Q0	254445#16	0
7835	Q0	16420#0	1
7835	Q0	16420#10	1
7882	Q0	42067#0	1
7882	Q0	42067#2	0
7882	Q0	42067#1	0
7910	Q0	17900#0	1
7910	Q0	17900#18	1
7911	Q0	16453#5	1
7911	Q0	16453#6	0
7911	Q0	16453#8	0
7911	Q0	16453#10	0
7920	Q0	64721#0	1
7920	Q0	64721#11	0
7920	Q0	64721#4	0
7922	Q0	1220060#0	1
7922	Q0	1220060#5	0
7979	Q0	6107#0	1
7979	Q0	6107#1	0
8008	Q0	453636#0	1
8008	Q0	453636#1	0
8045	Q0	8898#3	1
8045	Q0	8898#1	0
8060	Q0	54363#0	1
8060	Q0	54363#2	1
8091	Q0	52295#0	1
8091	Q0	52295#17	0
8091	Q0	52295#8	0
8098	Q0	10517#0	1
8098	Q0	10517#1	0
8154	Q0	130072#0	1
8154	Q0	130072#8	0
8245	Q0	1185603#4	1
8245	Q0	1185603#3	0
8302	Q0	8898#0	1
8302	Q0	8898#5	1
8328	Q0	1166487#70	1
8328	Q0	1166487#9	0
8328	Q0	1166487#69	0
8400	Q0	50674#0	1
8400	Q0	50674#2	1
8405	Q0	392253#6	1
8405	Q0	392253#11	1
8408	Q0	53273#0	1
8408	Q0	53273#2	0
8431	Q0	53471#0	1
8431	Q0	53471#9	0
8445	Q0	1665536#0	1
8445	Q0	1665536#2	1
8467	Q0	769999#1	1
8467	Q0	769999#2	1
8505	Q0	141767#3	1
8505	Q0	141767#0	1
8505	Q0	141767#2	0
8505	Q0	141767#1	0
8587	Q0	101358#1	1
8587	Q0	101358#2	0
8614	Q0	172933#33	1
8614	Q0	172933#35	0
8614	Q0	172933#31	0
8670	Q0	18763#0	1
8670	Q0	18763#2	0
8704	Q0	57822#0	1
8704	Q0	57822#38	0
8704	Q0	57822#46	0
8704	Q0	57822#4	0
8704	Q0	57822#41	0
8704	Q0	57822#27	0
8704	Q0	57822#37	0
8741	Q0	1536201#0	1
8741	Q0	1536201#1	0
8762	Q0	3881#7	1
8762	Q0	3881#6	0
8790	Q0	971556#0	1
8790	Q0	971556#30	1
8837	Q0	18920#0	1
8837	Q0	18920#15	0
8862	Q0	161573#0	1
8862	Q0	161573#1	0
8892	Q0	125262#0	1
8892	Q0	125262#2	1
8894	Q0	9226#0	1
8894	Q0	9226#2	1
8898	Q0	6616#43	1
8898	Q0	6616#45	0
8911	Q0	1171310#0	1
8911	Q0	1171310#4	0
8949	Q0	10517#0	1
8949	Q0	10517#1	0
9041	Q0	60709#0	1
9041	Q0	60709#1	0
9043	Q0	1072722#0	1
9043	Q0	1072722#1	0
9043	Q0	1072722#2	0
9060	Q0	3297766#0	1
9060	Q0	3297766#6	0
9060	Q0	3297766#5	0
9066	Q0	64183#0	1
9066	Q0	64183#1	1
9076	Q0	2490041#8	1
9076	Q0	2490041#9	0
9099	Q0	2488293#23	1
9099	Q0	2488293#2	0
9099	Q0	2488293#0	0
9099	Q0	2488293#42	0
9099	Q0	2488293#37	0
9099	Q0	2488293#22	0
9099	Q0	2488293#40	0
9101	Q0	453636#0	1
9101	Q0	453636#1	0
9104	Q0	16420#0	1
9104	Q0	16420#10	0
9131	Q0	41044#0	1
9131	Q0	41044#4	1
9140	Q0	1277992#0	1
9140	Q0	1277992#1	0
9151	Q0	89685#0	1
9151	Q0	89685#3	0
9151	Q0	89685#16	0
9177	Q0	341035#0	1
9177	Q0	341035#1	0
9199	Q0	19825#1	1
9199	Q0	19825#18	0
9270	Q0	348892#0	1
9270	Q0	348892#1	0
9270	Q0	348892#3	0
9274	Q0	189980#0	1
9274	Q0	189980#1	1
9356	Q0	1788537#0	1
9356	Q0	1788537#1	1
9368	Q0	1498984#8	1
9368	Q0	1498984#0	0
9384	Q0	2114497#0	1
9384	Q0	2114497#1	0
9434	Q0	2114497#0	1
9434	Q0	2114497#1	0
9437	Q0	63363#0	1
9437	Q0	63363#4	0
9437	Q0	63363#18	0
9437	Q0	63363#14	0
9437	Q0	63363#5	0
9437	Q0	63363#3	0
9525	Q0	845571#2	1
9525	Q0	845571#0	0
9525	Q0	845571#1	0
9525	Q0	845571#3	0
9582	Q0	293468#0	1
9582	Q0	293468#2	1
9649	Q0	473262#1	1
9649	Q0	473262#0	0
9681	Q0	3401483#20	1
9681	Q0	3401483#6	0
9681	Q0	3401483#23	0
9682	Q0	3644#4	1
9682	Q0	3644#1	0
9719	Q0	42107#25	1
9719	Q0	42107#56	0
9733	Q0	6308#48	1
9733	Q0	6308#0	0
9736	Q0	22572#12	1
9736	Q0	22572#6	0
9785	Q0	1935654#0	1
9785	Q0	1935654#1	0
9807	Q0	27179#0	1
9807	Q0	27179#42	0
9830	Q0	1442763#1	1
9830	Q0	1442763#6	0
9830	Q0	1442763#7	0
9840	Q0	515182#0	1
9840	Q0	515182#8	0
9840	Q0	515182#1	0
9840	Q0	515182#35	0
9840	Q0	515182#5	0
9840	Q0	515182#3	0
9840	Q0	515182#9	0
9869	Q0	64721#0	1
9869	Q0	64721#11	0
9869	Q0	64721#4	0
9887	Q0	413925#0	1
9887	Q0	413925#4	0
9887	Q0	413925#15	0
9887	Q0	413925#18	0
9887	Q0	413925#40	0
9911	Q0	4512#1	1
9911	Q0	4512#28	0
9911	Q0	4512#18	0
9925	Q0	136521#0	1
9925	Q0	136521#2	0
9930	Q0	38467#2	1
9930	Q0	38467#6	1
9943	Q0	15726#0	1
9943	Q0	15726#1	0
9943	Q0	15726#6	0
9946	Q0	117937#1	1
9946	Q0	117937#6	1
9946	Q0	117937#4	1
9946	Q0	117937#0	0
9949	Q0	53389#0	1
9949	Q0	53389#7	0
10001	Q0	261156#3	1
10001	Q0	261156#0	1
10001	Q0	261156#4	0
10001	Q0	261156#2	0
10001	Q0	4503654#0	0
10001	Q0	261156#5	0
10001	Q0	261156#6	0
10001	Q0	261156#1	0
10001	Q0	3682679#2	0
10001	Q0	3522617#4	0
10002	Q0	1131873#0	1
10002	Q0	1131873#5	1
10002	Q0	1131873#9	0
10002	Q0	1131873#7	0
10002	Q0	1131873#3	0
10002	Q0	900544#0	0
10002	Q0	3673720#2	0
10002	Q0	4225423#11	0
10002	Q0	3226349#0	0
10002	Q0	2459745#6	0
10004	Q0	32882#0	1
10004	Q0	32882#3	1
10004	Q0	392253#13	1
10004	Q0	2076237#0	1
10004	Q0	1258403#0	0
10004	Q0	2067428#0	0
10004	Q0	920920#0	0
10004	Q0	32882#15	0
10004	Q0	412494#0	0
10004	Q0	313162#0	0
10005	Q0	1091274#0	1
10005	Q0	1091274#1	1
10005	Q0	1091274#2	0
10005	Q0	1091274#34	0
10005	Q0	1091274#17	0
10005	Q0	1091274#60	0
10005	Q0	1764813#0	0
10005	Q0	1091274#56	0
10005	Q0	1091274#57	0
10005	Q0	1091274#32	0
10006	Q0	2494850#0	1
10006	Q0	2494850#18	0
10006	Q0	2494850#19	0
10006	Q0	2494850#20	0
10006	Q0	2494850#14	0
10006	Q0	2494850#2	0
10006	Q0	2494850#12	0
10006	Q0	2494850#1	0
10006	Q0	4829673#0	0
10006	Q0	2494850#9	0
10007	Q0	131104#0	1
10007	Q0	5133409#8	0
10007	Q0	131104#6	0
10007	Q0	4315796#9	0
10007	Q0	3134171#0	0
10007	Q0	2973762#10	0
10007	Q0	3318912#0	0
10007	Q0	973782#1	0
10007	Q0	39556#0	0
10007	Q0	2787753#18	0
10008	Q0	3561#0	1
10008	Q0	1357#0	1
10008	Q0	20260#0	1
10008	Q0	2531365#0	0
10008	Q0	181240#7	0
10008	Q0	2628780#2	0
10008	Q0	37732#8	0
10008	Q0	4766107#0	0
10008	Q0	4765031#1	0
10008	Q0	1567239#1	0
10009	Q0	15755#0	1
10009	Q0	3431603#0	1
10009	Q0	32501#2	1
10009	Q0	2798014#289	0
10009	Q0	1295814#23	0
10009	Q0	3185490#6	0
10009	Q0	16460#1	0
10009	Q0	3014241#11	0
10009	Q0	3565511#5	0
10009	Q0	5064620#0	0
10010	Q0	36335#0	1
10010	Q0	36335#1	1
10010	Q0	35919#69	0
10010	Q0	1437686#0	0
10010	Q0	8068#0	0
10010	Q0	8068#47	0
10010	Q0	2550373#0	0
10010	Q0	8068#5	0
10010	Q0	615029#5	0
10010	Q0	35919#70	0
10012	Q0	841741#1	1
10012	Q0	841741#0	0
10012	Q0	3518857#1	0
10012	Q0	841741#40	0
10012	Q0	1808514#2	0
10012	Q0	1808514#11	0
10012	Q0	841741#2	0
10012	Q0	966460#18	0
10012	Q0	1808514#9	0
10012	Q0	1808514#5	0
10013	Q0	2707534#0	1
10013	Q0	1025208#0	1
10013	Q0	2457223#0	0
10013	Q0	3567525#0	0
10013	Q0	3739059#9	0
10013	Q0	1025208#1	0
10013	Q0	1025208#12	0
10013	Q0	2449077#0	0
10013	Q0	2732735#0	0
10013	Q0	2731690#0	0
10014	Q0	170486#0	1
10014	Q0	79705#11	1
10014	Q0	170525#3	1
10014	Q0	201579#0	1
10014	Q0	148372#1	1
10014	Q0	170486#11	0
10014	Q0	170486#30	0
10014	Q0	60155#13	0
10014	Q0	170486#23	0
10014	Q0	170486#10	0
10015	Q0	118895#0	1
10015	Q0	1363329#0	0
10015	Q0	228091#0	0
10015	Q0	118895#2	0
10015	Q0	1363354#0	0
10015	Q0	1363272#0	0
10015	Q0	1363312#0	0
10015	Q0	1363243#0	0
10015	Q0	1363396#0	0
10015	Q0	1363368#0	0
10016	Q0	512147#0	1
10016	Q0	717529#0	0
10016	Q0	5932#21	0
10016	Q0	3094425#0	0
10016	Q0	5932#0	0
10016	Q0	5932#44	0
10016	Q0	41251#0	0
10016	Q0	32883#14	0
10016	Q0	759669#0	0
10016	Q0	32883#1	0
10017	Q0	205080#1	1
10017	Q0	205080#0	0
10017	Q0	205080#7	0
10017	Q0	205080#2	0
10017	Q0	454544#2	0
10017	Q0	457470#11	0
10017	Q0	404730#39	0
10017	Q0	1283103#5	0
10017	Q0	3084196#0	0
10017	Q0	4266670#0	0
10018	Q0	996325#0	1
10018	Q0	996325#1	1
10018	Q0	857209#0	1
10018	Q0	996325#4	0
10018	Q0	996325#3	0
10018	Q0	996325#2	0
10018	Q0	5007853#0	0
10018	Q0	5001866#0	0
10018	Q0	1784017#14	0
10018	Q0	674562#0	0
10019	Q0	10036#9	1
10019	Q0	4619874#34	1
10019	Q0	2580180#7	1
10019	Q0	400490#37	1
10019	Q0	534105#27	1
10019	Q0	24485#2	1
10019	Q0	24485#3	0
10019	Q0	33287#0	0
10019	Q0	24487#1	0
10019	Q0	2231#33	0
10020	Q0	16827#0	1
10020	Q0	16827#2	1
10020	Q0	16827#6	0
10020	Q0	914873#0	0
10020	Q0	16827#45	0
10020	Q0	16827#29	0
10020	Q0	1806385#0	0
10020	Q0	16827#9	0
10020	Q0	1807823#4	0
10020	Q0	16827#4	0
10021	Q0	1439645#0	1
10021	Q0	1439645#2	0
10021	Q0	1439645#19	0
10021	Q0	2472569#6	0
10021	Q0	21730#3	0
10021	Q0	560630#1	0
10021	Q0	3734364#1	0
10021	Q0	471359#4	0
10021	Q0	2263035#1	0
10021	Q0	1054389#1	0
10022	Q0	1034795#0	1
10022	Q0	499345#0	1
10022	Q0	534924#0	0
10022	Q0	534924#12	0
10022	Q0	534924#7	0
10022	Q0	499345#4	0
10022	Q0	4614#0	0
10022	Q0	499345#6	0
10022	Q0	314115#17	0
10022	Q0	499345#1	0
10024	Q0	384396#5	1
10024	Q0	384396#1	1
10024	Q0	384396#9	1
10024	Q0	384396#6	1
10024	Q0	384396#3	0
10024	Q0	384396#4	0
10024	Q0	384396#0	0
10024	Q0	342129#0	0
10024	Q0	384396#7	0
10024	Q0	11838#124	0
10025	Q0	31410#13	1
10025	Q0	31410#15	0
10025	Q0	31410#12	0
10025	Q0	2894389#14	0
10025	Q0	971877#13	0
10025	Q0	304350#1	0
10025	Q0	31410#14	0
10025	Q0	31410#16	0
10025	Q0	118607#18	0
10025	Q0	892147#11	0
10026	Q0	868998#1	1
10026	Q0	3937113#1	0
10026	Q0	2254227#9	0
10026	Q0	4043486#0	0
10026	Q0	3937113#3	0
10026	Q0	2176299#2	0
10026	Q0	4748336#0	0
10026	Q0	2254227#2	0
10026	Q0	3844693#2	0
10026	Q0	3877#32	0
10028	Q0	64114#4	1
10028	Q0	64114#0	0
10028	Q0	4542908#0	0
10028	Q0	64114#49	0
10028	Q0	64114#10	0
10028	Q0	64114#6	0
10028	Q0	64114#7	0
10028	Q0	64114#5	0
10028	Q0	64114#2	0
10028	Q0	3455859#31	0
10030	Q0	1533426#0	1
10030	Q0	3070762#0	0
10030	Q0	4517714#1	0
10030	Q0	727428#1	0
10030	Q0	601501#0	0
10030	Q0	1076081#17	0
10030	Q0	3149715#0	0
10030	Q0	161306#2	0
10030	Q0	5198931#0	0
10032	Q0	1699299#0	1
10032	Q0	978350#0	0
10032	Q0	284338#0	0
10032	Q0	4729640#0	0
10032	Q0	749228#26	0
10032	Q0	1061753#0	0
10032	Q0	467230#6	0
10032	Q0	1941794#0	0
10032	Q0	755873#0	0
10032	Q0	942335#0	0
10033	Q0	83038#0	1
10033	Q0	83038#1	0
10033	Q0	993555#1	0
10033	Q0	83038#16	0
10033	Q0	473238#13	0
10033	Q0	282960#0	0
10033	Q0	83038#2	0
10033	Q0	2454163#1	0
10033	Q0	993555#79	0
10033	Q0	83038#13	0
10035	Q0	29877#29	1
10035	Q0	812633#4	1
10035	Q0	29877#30	0
10035	Q0	29877#16	0
10035	Q0	29877#35	0
10035	Q0	29877#0	0
10035	Q0	29877#12	0
10035	Q0	29877#33	0
10035	Q0	29877#34	0
10035	Q0	29877#23	0
10036	Q0	35789#0	1
10036	Q0	2291516#0	0
10036	Q0	1098667#0	0
10036	Q0	2195281#0	0
10036	Q0	35789#2	0
10036	Q0	2197931#0	0
10036	Q0	1412365#1	0
10036	Q0	846225#1	0
10036	Q0	1947562#0	0
10036	Q0	35789#1	0
10037	Q0	1037786#0	1
10037	Q0	602702#0	0
10037	Q0	3524836#0	0
10037	Q0	7942#4	0
10037	Q0	2014949#0	0
10037	Q0	1532570#0	0
10037	Q0	4214309#0	0
10037	Q0	2502943#1	0
10037	Q0	34521#0	0
10037	Q0	34521#1	0
10041	Q0	2378089#0	1
10041	Q0	3348761#0	0
10041	Q0	835761#0	0
10041	Q0	4522932#0	0
10041	Q0	4742325#0	0
10041	Q0	3267493#0	0
10041	Q0	1104313#0	0
10041	Q0	958215#0	0
10041	Q0	5204956#0	0
10041	Q0	704927#0	0
10044	Q0	268912#0	1
10044	Q0	1763686#0	0
10044	Q0	877135#0	0
10044	Q0	877135#19	0
10044	Q0	2909388#2	0
10044	Q0	529597#0	0
10044	Q0	125195#14	0
10044	Q0	1854660#1	0
10044	Q0	877135#5	0
10044	Q0	3660772#0	0
10045	Q0	23988#0	1
10045	Q0	2884395#0	1
10045	Q0	2550556#47	1
10045	Q0	13191#30	0
10045	Q0	409103#61	0
10045	Q0	970812#30	0
10045	Q0	23988#1	0
10045	Q0	1870355#1	0
10045	Q0	23988#28	0
10045	Q0	2103#50	0
10046	Q0	308130#0	1
10046	Q0	3278119#0	1
10046	Q0	926313#0	0
10046	Q0	1524181#0	0
10046	Q0	143354#0	0
10046	Q0	3508412#0	0
10046	Q0	2823111#0	0
10046	Q0	3495653#0	0
10046	Q0	3511598#0	0
10046	Q0	5250619#0	0
10047	Q0	52344#0	1
10047	Q0	52344#3	0
10047	Q0	52344#4	0
10047	Q0	52344#1	0
10047	Q0	2802489#1	0
10047	Q0	52344#6	0
10047	Q0	2824725#0	0
10047	Q0	624265#0	0
10047	Q0	830766#1	0
10047	Q0	3574203#0	0
10048	Q0	3526211#0	1
10048	Q0	1934#0	1
10048	Q0	587702#0	1
10048	Q0	565616#0	0
10048	Q0	2503828#0	0
10048	Q0	587702#11	0
10048	Q0	1934#31	0
10048	Q0	581271#0	0
10048	Q0	1934#22	0
10048	Q0	573791#0	0
10049	Q0	900666#0	1
10049	Q0	2829100#0	0
10049	Q0	424877#1	0
10049	Q0	1740493#2	0
10049	Q0	427888#43	0
10049	Q0	66360#1	0
10049	Q0	1294072#1	0
10049	Q0	1085818#38	0
10049	Q0	54936#2	0
10049	Q0	278996#4	0
10050	Q0	2344356#0	1
10050	Q0	26401#0	1
10050	Q0	193072#1	0
10050	Q0	144628#0	0
10050	Q0	2344356#1	0
10050	Q0	26401#3	0
10050	Q0	26401#1	0
10050	Q0	193072#0	0
10050	Q0	1827734#0	0
10050	Q0	26401#2	0
10051	Q0	14114#18	1
10051	Q0	4273#12	1
10051	Q0	7625#24	0
10051	Q0	2714949#0	0
10051	Q0	2922378#3	0
10051	Q0	1256779#0	0
10051	Q0	2541817#1	0
10051	Q0	3003054#0	0
10051	Q0	3003076#0	0
10051	Q0	3003090#0	0
10052	Q0	2748814#2	1
10052	Q0	56180#0	1
10052	Q0	2495300#12	0
10052	Q0	2495300#0	0
10052	Q0	2495300#13	0
10052	Q0	2495300#3	0
10052	Q0	2495300#1	0
10052	Q0	2495300#7	0
10052	Q0	2495300#10	0
10052	Q0	56180#1	0
10053	Q0	130989#0	1
10053	Q0	3031066#1	1
10053	Q0	130989#6	1
10053	Q0	130989#1	0
10053	Q0	130989#4	0
10053	Q0	130989#3	0
10053	Q0	130989#12	0
10053	Q0	130989#2	0
10053	Q0	130989#8	0
10053	Q0	3928679#1	0
10054	Q0	5218696#0	1
10054	Q0	3946#5	0
10054	Q0	3946#15	0
10054	Q0	3229098#1	0
10054	Q0	1903601#0	0
10054	Q0	3946#11	0
10054	Q0	39369#61	0
10054	Q0	3946#10	0
10054	Q0	3946#3	0
10054	Q0	970812#63	0
10055	Q0	8734#7	1
10055	Q0	670333#0	0
10055	Q0	667487#0	0
10055	Q0	8734#6	0
10055	Q0	851577#0	0
10055	Q0	1973040#0	0
10055	Q0	2107903#0	0
10055	Q0	1172529#0	0
10055	Q0	8734#0	0
10055	Q0	2183884#0	0
10056	Q0	314115#33	1
10056	Q0	1946355#0	1
10056	Q0	2503143#0	0
10056	Q0	3108544#1	0
10056	Q0	314115#38	0
10056	Q0	1894958#37	0
10056	Q0	314115#31	0
10056	Q0	186117#7	0
10056	Q0	2973422#9	0
10056	Q0	234772#2	0
10056	Q0	739601#19	0
10056	Q0	739601#13	0
10056	Q0	739601#12	0
10058	Q0	2004#96	1
10058	Q0	1760116#9	1
10058	Q0	2417076#2	1
10058	Q0	43195#2	0
10058	Q0	2318209#0	0
10058	Q0	1270463#52	0
10058	Q0	6961#4	0
10058	Q0	2429881#2	0
10058	Q0	2508909#3	0
10058	Q0	2438762#2	0
10059	Q0	53471#10	1
10059	Q0	53471#2	1
10059	Q0	218515#0	0
10059	Q0	2475351#0	0
10059	Q0	908474#0	0
10059	Q0	53471#3	0
10059	Q0	53471#0	0
10059	Q0	53471#9	0
10059	Q0	53471#22	0
10059	Q0	4214873#0	0
10060	Q0	39021#0	1
10060	Q0	6893#17	1
10060	Q0	211219#0	0
10060	Q0	1990382#0	0
10060	Q0	3042368#0	0
10060	Q0	1049845#0	0
10060	Q0	457785#0	0
10060	Q0	25859#4	0
10060	Q0	2185131#0	0
10060	Q0	1662121#0	0
10062	Q0	1914#11	1
10062	Q0	1914#0	1
10062	Q0	1914#5	1
10062	Q0	1914#7	0
10062	Q0	1914#31	0
10062	Q0	13635#9	0
10062	Q0	837790#2	0
10062	Q0	1038416#1	0
10062	Q0	852340#1	0
10062	Q0	1914#4	0
10063	Q0	44054#17	1
10063	Q0	1088055#15	1
10063	Q0	18921#0	1
10063	Q0	130060#0	0
10063	Q0	44054#15	0
10063	Q0	18921#5	0
10063	Q0	18920#20	0
10063	Q0	337048#0	0
10063	Q0	2424594#25	0
10063	Q0	299821#22	0
10064	Q0	1088316#0	1
10064	Q0	1088316#3	0
10064	Q0	1088316#35	0
10064	Q0	1088316#1	0
10064	Q0	1088316#4	0
10064	Q0	1088316#7	0
10064	Q0	1088316#19	0
10064	Q0	1088316#37	0
10064	Q0	1088316#10	0
10064	Q0	1088316#36	0
10065	Q0	43650#13	1
10065	Q0	1827742#2	0
10065	Q0	1822087#0	0
10065	Q0	6621#23	0
10065	Q0	3844791#3	0
10065	Q0	119972#2	0
10065	Q0	1890304#1	0
10065	Q0	3163729#1	0
10065	Q0	1890305#7	0
10065	Q0	119970#0	0
10066	Q0	550083#43	1
10066	Q0	3670#140	1
10066	Q0	550083#0	0
10066	Q0	1679429#12	0
10066	Q0	550083#49	0
10066	Q0	550083#31	0
10066	Q0	550083#62	0
10066	Q0	550083#8	0
10066	Q0	891508#4	0
10066	Q0	1679429#8	0
10067	Q0	347007#0	1
10067	Q0	2499669#1	1
10067	Q0	2651#28	1
10067	Q0	2499678#0	0
10067	Q0	347007#38	0
10067	Q0	347007#4	0
10067	Q0	27977#11	0
10067	Q0	476796#2	0
10067	Q0	347007#29	0
10067	Q0	937361#18	0
10068	Q0	3942512#2	1
10068	Q0	3942512#0	1
10068	Q0	3160400#0	0
10068	Q0	1789706#0	0
10068	Q0	3942512#70	0
10068	Q0	5139387#0	0
10068	Q0	3942512#60	0
10068	Q0	3203434#1	0
10068	Q0	3942512#11	0
10068	Q0	3942512#23	0
10069	Q0	3955095#0	1
10069	Q0	4165235#0	1
10069	Q0	319521#1	1
10069	Q0	4478606#0	1
10069	Q0	213349#6	0
10069	Q0	4609355#3	0
10069	Q0	4550204#0	0
10069	Q0	3463806#0	0
10069	Q0	71562#3	0
10069	Q0	5113384#1	0
10072	Q0	1508023#0	1
10072	Q0	1266862#0	1
10072	Q0	2193281#0	0
10072	Q0	3591794#2	0
10072	Q0	531154#13	0
10072	Q0	130848#2	0
10072	Q0	2193937#0	0
10072	Q0	532124#0	0
10072	Q0	1722#45	0
10072	Q0	1720841#19	0
10073	Q0	308787#0	1
10073	Q0	280732#0	0
10073	Q0	292080#0	0
10073	Q0	575108#0	0
10073	Q0	3459243#30	0
10073	Q0	241677#1	0
10073	Q0	282256#2	0
10073	Q0	5140532#0	0
10073	Q0	575108#2	0
10073	Q0	3344659#3	0
10077	Q0	7992#44	1
10077	Q0	371316#0	1
10077	Q0	4382252#0	0
10077	Q0	2673897#0	0
10077	Q0	2091866#0	0
10077	Q0	844244#1	0
10077	Q0	28299#1	0
10077	Q0	657203#1	0
10077	Q0	2102066#0	0
10077	Q0	4263799#0	0
10080	Q0	4310348#0	1
10080	Q0	4310348#3	0
10080	Q0	1857653#0	0
10080	Q0	4310348#4	0
10080	Q0	485090#3	0
10080	Q0	1765658#0	0
10080	Q0	485090#6	0
10080	Q0	4322010#0	0
10080	Q0	3175904#0	0
10080	Q0	2778816#7	0
10083	Q0	13031#0	1
10083	Q0	364498#0	0
10083	Q0	493734#0	0
10083	Q0	3870878#0	0
10083	Q0	13031#1	0
10083	Q0	148616#0	0
10083	Q0	13031#4	0
10083	Q0	1793765#0	0
10083	Q0	471359#0	0
10083	Q0	1169644#0	0
10084	Q0	243279#1	1
10084	Q0	80597#5	1
10084	Q0	2905756#2	1
10084	Q0	6628#28	1
10084	Q0	6628#0	0
10084	Q0	6628#20	0
10084	Q0	135526#0	0
10084	Q0	6628#2	0
10084	Q0	6628#5	0
10084	Q0	23029#1	0
10085	Q0	1474063#0	1
10085	Q0	1427832#17	0
10085	Q0	2120548#0	0
10085	Q0	3098190#1	0
10085	Q0	1427832#0	0
10085	Q0	591864#0	0
10085	Q0	2076493#0	0
10085	Q0	4332376#0	0
10085	Q0	3066606#0	0
10085	Q0	490238#0	0
10086	Q0	2299#13	1
10086	Q0	11641#6	1
10086	Q0	192324#0	0
10086	Q0	1334979#0	0
10086	Q0	11641#13	0
10086	Q0	2545799#0	0
10086	Q0	241037#10	0
10086	Q0	150409#0	0
10086	Q0	847876#0	0
10086	Q0	3764227#0	0
10089	Q0	47732#3	1
10089	Q0	4832002#0	0
10089	Q0	3578344#0	0
10089	Q0	1827639#2	0
10089	Q0	47732#4	0
10089	Q0	1827639#1	0
10089	Q0	1559700#7	0
10089	Q0	47732#12	0
10089	Q0	37183#3	0
10089	Q0	47732#0	0
10091	Q0	260441#0	1
10091	Q0	1635772#0	0
10091	Q0	1635772#4	0
10091	Q0	1512576#0	0
10091	Q0	260441#20	0
10091	Q0	2960838#0	0
10091	Q0	618814#0	0
10091	Q0	2673#0	0
10091	Q0	3516948#0	0
10091	Q0	3660772#0	0
10092	Q0	184054#0	1
10092	Q0	2204670#0	0
10092	Q0	2636596#0	0
10092	Q0	2636596#19	0
10092	Q0	128524#0	0
10092	Q0	4997686#2	0
10092	Q0	2636596#1	0
10092	Q0	3213163#0	0
10092	Q0	358588#27	0
10092	Q0	4676146#2	0
10093	Q0	895902#0	1
10093	Q0	895902#13	0
10093	Q0	449526#1	0
10093	Q0	895902#9	0
10093	Q0	449526#13	0
10093	Q0	895902#6	0
10093	Q0	1149835#21	0
10093	Q0	1309913#1	0
10093	Q0	895902#10	0
10093	Q0	449526#39	0
10094	Q0	1642315#0	1
10094	Q0	1642315#8	0
10094	Q0	1642315#7	0
10094	Q0	1642315#6	0
10094	Q0	4837060#11	0
10094	Q0	1642315#2	0
10094	Q0	3308148#0	0
10094	Q0	1642315#4	0
10094	Q0	139258#13	0
10094	Q0	268064#13	0
10095	Q0	161393#0	1
10095	Q0	56470#0	0
10095	Q0	161393#17	0
10095	Q0	15883#3	0
10095	Q0	161393#21	0
10095	Q0	46403#0	0
10095	Q0	727804#0	0
10095	Q0	3096047#0	0
10095	Q0	586238#0	0
10095	Q0	450065#0	0
10096	Q0	20849#0	1
10096	Q0	3522802#0	1
10096	Q0	20849#1	0
10096	Q0	3522802#2	0
10096	Q0	3522802#1	0
10096	Q0	3661769#0	0
10096	Q0	3522802#4	0
10096	Q0	20849#2	0
10096	Q0	5153310#0	0
10096	Q0	139167#1	0
10097	Q0	4184#0	1
10097	Q0	2884856#2	0
10097	Q0	728023#0	0
10097	Q0	927974#0	0
10097	Q0	342848#3	0
10097	Q0	2751798#0	0
10097	Q0	41651#46	0
10097	Q0	2175388#0	0
10097	Q0	661878#0	0
10097	Q0	3592668#44	0
10098	Q0	49469#0	1
10098	Q0	49469#6	0
10098	Q0	1474644#0	0
10098	Q0	1821707#9	0
10098	Q0	1602307#0	0
10098	Q0	3099461#2	0
10098	Q0	49469#13	0
10098	Q0	49469#3	0
10098	Q0	4968076#0	0
10098	Q0	49469#25	0
10099	Q0	4211#0	1
10099	Q0	4211#1	0
10099	Q0	2521118#1	0
10099	Q0	3066606#0	0
10099	Q0	4211#13	0
10099	Q0	4211#2	0
10099	Q0	2521118#0	0
10099	Q0	2466851#2	0
10099	Q0	2089726#0	0
10099	Q0	4003056#0	0
10100	Q0	127732#5	1
10100	Q0	127732#0	0
10100	Q0	1898266#2	0
10100	Q0	1898266#0	0
10100	Q0	127732#1	0
10100	Q0	127732#11	0
10100	Q0	127732#19	0
10100	Q0	127732#21	0
10100	Q0	5036913#0	0
10100	Q0	127732#23	0
10100	Q0	127732#3	0
10100	Q0	127732#2	0
10100	Q0	127732#4	0
10100	Q0	127732#14	0
10100	Q0	127732#22	0
10101	Q0	192261#0	1
10101	Q0	1301934#1	1
10101	Q0	119523#9	1
10101	Q0	5136010#2	0
10101	Q0	474346#13	0
10101	Q0	1435704#0	0
10101	Q0	2440705#0	0
10101	Q0	1561681#1	0
10101	Q0	3021877#1	0
10101	Q0	4772794#0	0
10105	Q0	17323#1	1
10105	Q0	27644#0	0
10105	Q0	1204279#0	0
10105	Q0	1718421#0	0
10105	Q0	69910#2	0
10105	Q0	3448420#0	0
10105	Q0	3087365#0	0
10105	Q0	5182313#5	0
10105	Q0	3587660#0	0
10105	Q0	1157494#1	0
10106	Q0	40201#0	1
10106	Q0	916924#3	0
10106	Q0	916924#0	0
10106	Q0	885950#0	0
10106	Q0	978610#0	0
10106	Q0	1230947#6	0
10106	Q0	276546#0	0
10106	Q0	4615408#1	0
10106	Q0	4553268#0	0
10106	Q0	2888501#7	0
10107	Q0	3944#41	1
10107	Q0	3951951#0	1
10107	Q0	985947#43	1
10107	Q0	3944#32	0
10107	Q0	2827462#0	0
10107	Q0	1855#1	0
10107	Q0	43194#1	0
10107	Q0	1855#88	0
10107	Q0	126355#40	0
10107	Q0	3944#42	0
10108	Q0	3470972#0	1
10108	Q0	888931#1	0
10108	Q0	3470972#1	0
10108	Q0	54177#0	0
10108	Q0	1903#0	0
10108	Q0	3260212#0	0
10108	Q0	298661#17	0
10108	Q0	2940105#0	0
10108	Q0	1027118#0	0
10108	Q0	1680767#0	0
10109	Q0	1413#8	1
10109	Q0	5111769#0	1
10109	Q0	43394#10	0
10109	Q0	1413#22	0
10109	Q0	1413#0	0
10109	Q0	80571#0	0
10109	Q0	1413#23	0
10109	Q0	661878#0	0
10109	Q0	4184#3	0
10109	Q0	1413#19	0
10133	Q0	631064#2	1
10133	Q0	4512#3	1
10133	Q0	1389#23	1
10133	Q0	4512#4	1
10133	Q0	4512#7	0
10133	Q0	484787#1	0
10133	Q0	550100#0	0
10133	Q0	143350#4	0
10133	Q0	919046#1	0
10133	Q0	21659#2	0
10133	Q0	631064#1	0
10134	Q0	541715#0	1
10134	Q0	541715#2	0
10134	Q0	1736914#0	0
10134	Q0	4442951#0	0
10134	Q0	3883#0	0
10134	Q0	2185114#0	0
10134	Q0	541715#1	0
10134	Q0	227865#0	0
10134	Q0	3520254#1	0
10134	Q0	8670#27	0
10135	Q0	42116#3	1
10135	Q0	13923#0	1
10135	Q0	668428#2	1
10135	Q0	42116#0	0
10135	Q0	42116#17	0
10135	Q0	1157015#10	0
10135	Q0	13923#26	0
10135	Q0	39241#6	0
10135	Q0	1483035#0	0
10135	Q0	665181#0	0
10136	Q0	21733#0	1
10136	Q0	1500518#0	0
10136	Q0	1497529#22	0
10136	Q0	1522603#0	0
10136	Q0	1502177#0	0
10136	Q0	21733#7	0
10136	Q0	749937#0	0
10136	Q0	1505109#0	0
10136	Q0	21733#27	0
10136	Q0	1552152#1	0
10138	Q0	25777#0	1
10138	Q0	25777#3	0
10138	Q0	13162#1	0
10138	Q0	16688#10	0
10138	Q0	2886088#1	0
10138	Q0	1333#22	0
10138	Q0	2771404#2	0
10138	Q0	1169477#0	0
10138	Q0	1333#1	0
10138	Q0	1330#24	0
10139	Q0	23331#0	1
10139	Q0	23331#18	1
10139	Q0	23331#11	1
10139	Q0	23331#4	1
10140	Q0	401262#0	1
10140	Q0	554161#0	0
10140	Q0	401262#3	0
10140	Q0	1180082#0	0
10140	Q0	401262#5	0
10140	Q0	401262#4	0
10140	Q0	401262#16	0
10140	Q0	1287144#0	0
10140	Q0	4747457#0	0
10140	Q0	1218165#0	0
10146	Q0	3572#65	1
10146	Q0	1663939#1	1
10146	Q0	155522#47	1
10146	Q0	1343138#2	0
10146	Q0	3000739#3	0
10146	Q0	2479371#2	0
10146	Q0	3585400#0	0
10146	Q0	3000739#1	0
10146	Q0	1143777#0	0
10146	Q0	499585#0	0
10147	Q0	2269215#3	1
10147	Q0	2269215#4	1
10149	Q0	42025#0	1
10149	Q0	42025#7	1
10149	Q0	42127#0	0
10149	Q0	42028#0	0
10149	Q0	42025#1	0
10149	Q0	42025#9	0
10149	Q0	42025#5	0
10149	Q0	42025#3	0
10149	Q0	26994#22	0
10149	Q0	42025#6	0
10154	Q0	617746#0	1
10154	Q0	1678404#0	1
10154	Q0	617746#1	1
10154	Q0	227819#1	0
10154	Q0	531125#0	0
10154	Q0	893982#0	0
10154	Q0	1308673#0	0
10154	Q0	287553#0	0
10154	Q0	44771#3	0
10154	Q0	2162862#1	0
10156	Q0	1822266#0	1
10156	Q0	812797#1	1
10156	Q0	3682620#0	0
10156	Q0	812797#6	0
10156	Q0	812797#3	0
10156	Q0	1543#23	0
10156	Q0	11890#36	0
10156	Q0	245779#0	0
10156	Q0	3700418#0	0
10156	Q0	3709175#1	0
10158	Q0	773285#1	1
10158	Q0	773285#2	1
10158	Q0	773285#0	1
10158	Q0	773285#6	0
10158	Q0	855992#2	0
10158	Q0	855992#0	0
10158	Q0	773285#5	0
10158	Q0	862284#32	0
10158	Q0	911642#1	0
10158	Q0	803973#1	0
10159	Q0	12269#0	1
10159	Q0	1479511#0	0
10159	Q0	61808#0	0
10159	Q0	2525976#2	0
10159	Q0	83208#0	0
10159	Q0	2217171#2	0
10159	Q0	5898#0	0
10159	Q0	3338328#0	0
10159	Q0	246451#4	0
10159	Q0	3284901#18	0
10160	Q0	1420147#0	1
10160	Q0	1434527#0	0
10160	Q0	183431#0	0
10160	Q0	2393#0	0
10160	Q0	1991255#1	0
10160	Q0	2771#0	0
10160	Q0	1814136#1	0
10160	Q0	397103#5	0
10160	Q0	1270078#15	0
10160	Q0	12881#0	0
10161	Q0	1600492#0	1
10161	Q0	1600492#7	1
10161	Q0	1958152#0	0
10161	Q0	729044#22	0
10161	Q0	179834#4	0
10161	Q0	533372#0	0
10161	Q0	4149089#0	0
10161	Q0	1600492#16	0
10161	Q0	34174#0	0
10161	Q0	881320#5	0
10163	Q0	746471#0	1
10163	Q0	26318#1	1
10163	Q0	26318#0	1
10163	Q0	1706478#66	0
10163	Q0	3088957#0	0
10163	Q0	3101169#0	0
10163	Q0	44554#0	0
10163	Q0	1672573#3	0
10163	Q0	1452603#0	0
10163	Q0	1452603#1	0
10163	Q0	2761394#0	0
10163	Q0	3097361#7	0
10164	Q0	87163#0	1
10164	Q0	14611#18	1
10164	Q0	87163#2	1
10164	Q0	3184638#0	1
10164	Q0	3156192#1	0
10164	Q0	916440#55	0
10164	Q0	3351550#0	0
10164	Q0	3156192#0	0
10164	Q0	2702294#11	0
10164	Q0	826089#16	0
10164	Q0	3024235#3	0
10164	Q0	3184638#1	0
10167	Q0	138348#0	1
10167	Q0	3589387#1	1
10167	Q0	128362#0	0
10167	Q0	68924#1	0
10167	Q0	138348#1	0
10167	Q0	391660#0	0
10167	Q0	1679826#0	0
10167	Q0	1760735#2	0
10167	Q0	128362#13	0
10167	Q0	2962522#8	0
10168	Q0	13902#19	1
10168	Q0	13902#0	1
10168	Q0	435465#0	0
10168	Q0	3527903#0	0
10168	Q0	13902#15	0
10168	Q0	3527903#1	0
10168	Q0	442887#0	0
10168	Q0	4076399#2	0
10168	Q0	13902#12	0
10168	Q0	495598#0	0
10170	Q0	285213#0	1
10170	Q0	285213#2	0
10170	Q0	285213#6	0
10170	Q0	273810#5	0
10170	Q0	285213#8	0
10170	Q0	285213#1	0
10170	Q0	7142#18	0
10170	Q0	285213#4	0
10170	Q0	139984#0	0
10170	Q0	1273014#0	0
10173	Q0	5456#0	1
10173	Q0	1044546#33	0
10173	Q0	771059#7	0
10173	Q0	1130089#1	0
10173	Q0	481952#0	0
10173	Q0	24104#19	0
10173	Q0	133592#2	0
10173	Q0	1130089#3	0
10173	Q0	344346#4	0
10173	Q0	16852#1	0
10176	Q0	351583#0	1
10176	Q0	1018688#1	1
10176	Q0	4296763#1	0
10176	Q0	16919#3	0
10176	Q0	4296763#0	0
10176	Q0	349489#0	0
10176	Q0	1489910#0	0
10176	Q0	349489#1	0
10176	Q0	1848070#0	0
10176	Q0	16919#23	0
10177	Q0	6591#0	1
10177	Q0	1989979#0	0
10177	Q0	3937999#4	0
10177	Q0	1009735#1	0
10177	Q0	6591#2	0
10177	Q0	1169497#0	0
10177	Q0	1382#0	0
10177	Q0	1330587#2	0
10177	Q0	1578151#0	0
10177	Q0	2007751#0	0
10178	Q0	19301#6	1
10178	Q0	19301#3	1
10178	Q0	2809149#1	1
10178	Q0	19301#14	1
10178	Q0	19301#9	0
10178	Q0	19301#10	0
10178	Q0	230225#1	0
10178	Q0	19301#23	0
10178	Q0	19301#7	0
10178	Q0	19301#8	0
10179	Q0	21769#0	1
10179	Q0	414754#0	1
10179	Q0	21769#2	0
10179	Q0	808248#18	0
10179	Q0	97935#59	0
10179	Q0	8865#41	0
10179	Q0	1263344#2	0
10179	Q0	164077#0	0
10179	Q0	2107133#0	0
10179	Q0	24961#4	0
10180	Q0	652176#28	1
10180	Q0	652176#0	1
10180	Q0	652176#15	1
10180	Q0	4531431#0	0
10180	Q0	4531431#2	0
10180	Q0	4531431#1	0
10180	Q0	652176#4	0
10180	Q0	4730018#2	0
10180	Q0	652176#12	0
10180	Q0	652176#8	0
10181	Q0	405464#1	1
10181	Q0	15005#14	1
10181	Q0	15005#1	0
10181	Q0	5076412#10	0
10181	Q0	619226#9	0
10181	Q0	405464#15	0
10181	Q0	619226#4	0
10181	Q0	15005#6	0
10181	Q0	405457#0	0
10181	Q0	15005#17	0
10182	Q0	139653#0	1
10182	Q0	970812#35	1
10182	Q0	3698575#0	0
10182	Q0	42581#42	0
10182	Q0	1238543#0	0
10182	Q0	3773263#42	0
10182	Q0	4522396#61	0
10182	Q0	4522396#35	0
10182	Q0	1754108#10	0
10182	Q0	4522396#0	0
10184	Q0	463301#9	1
10184	Q0	901526#2	1
10184	Q0	147900#7	1
10184	Q0	3213892#0	0
10184	Q0	1690048#0	0
10184	Q0	147900#5	0
10184	Q0	2628069#2	0
10184	Q0	3158868#0	0
10184	Q0	9675#16	0
10184	Q0	2478547#0	0
10186	Q0	1651105#2	1
10186	Q0	3641#2	1
10186	Q0	1259331#0	0
10186	Q0	920864#1	0
10186	Q0	29066#24	0
10186	Q0	23357#57	0
10186	Q0	3641#5	0
10186	Q0	717977#5	0
10186	Q0	409188#4	0
10186	Q0	576780#128	0
10186	Q0	3946#19	0
10186	Q0	3641#3	0
10186	Q0	3641#8	0
10186	Q0	3641#0	0
10186	Q0	3641#16	0
10187	Q0	11068#49	1
10187	Q0	43339#28	1
10187	Q0	3837140#0	0
10187	Q0	51445#17	0
10187	Q0	3837140#1	0
10187	Q0	12155#3	0
10187	Q0	12155#1	0
10187	Q0	12155#0	0
10187	Q0	13592#13	0
10187	Q0	12473#0	0
10188	Q0	1298866#0	1
10188	Q0	1291843#0	0
10188	Q0	1298866#1	0
10188	Q0	4947272#0	0
10188	Q0	678097#0	0
10188	Q0	2193919#0	0
10188	Q0	1461498#1	0
10188	Q0	3557881#3	0
10188	Q0	1157909#0	0
10188	Q0	2193940#0	0
10191	Q0	1855#0	1
10191	Q0	1855#7	1
10191	Q0	1769623#0	1
10191	Q0	970812#59	1
10191	Q0	2276#40	0
10191	Q0	4444#34	0
10191	Q0	1855#3	0
10191	Q0	1855#43	0
10191	Q0	1072730#0	0
10191	Q0	1855#71	0
10193	Q0	18713#0	1
10193	Q0	5488#38	1
10193	Q0	18713#75	1
10193	Q0	63405#60	1
10193	Q0	18713#61	1
10193	Q0	4120412#0	0
10193	Q0	1557827#12	0
10193	Q0	4224593#1	0
10193	Q0	18713#3	0
10193	Q0	18713#45	0
10195	Q0	1191147#0	1
10195	Q0	1183000#0	1
10195	Q0	1162901#0	1
10195	Q0	3343629#0	1
10195	Q0	24031#1	1
10195	Q0	1195295#0	0
10195	Q0	1139356#0	0
10195	Q0	1166312#0	0
10195	Q0	24031#81	0
10195	Q0	1197633#0	0
10196	Q0	361723#6	1
10196	Q0	361723#23	1
10196	Q0	361723#4	1
10196	Q0	361723#16	0
10196	Q0	361723#5	0
10196	Q0	361723#3	0
10196	Q0	361723#27	0
10196	Q0	361723#21	0
10196	Q0	361723#31	0
10196	Q0	3901591#0	0
10197	Q0	61381#59	1
10197	Q0	61381#0	1
10197	Q0	1478261#12	0
10197	Q0	61381#64	0
10197	Q0	209262#0	0
10197	Q0	2539135#0	0
10197	Q0	1432902#2	0
10197	Q0	61381#58	0
10197	Q0	4292527#0	0
10197	Q0	2195871#2	0
10199	Q0	1751#10	1
10199	Q0	1243011#1	1
10199	Q0	1243011#0	0
10199	Q0	1243011#2	0
10199	Q0	1751#18	0
10199	Q0	1349753#0	0
10199	Q0	1243011#4	0
10199	Q0	8799#6	0
10199	Q0	1751#11	0
10199	Q0	171730#0	0
10200	Q0	54944#0	1
10200	Q0	28057#0	0
10200	Q0	52293#0	0
10200	Q0	1520530#0	0
10200	Q0	54944#10	0
10200	Q0	1695390#0	0
10200	Q0	89685#16	0
10200	Q0	15590#14	0
10200	Q0	54944#1	0
10200	Q0	3469454#0	0
10201	Q0	1792774#28	1
10201	Q0	1792774#43	0
10201	Q0	1792774#19	0
10201	Q0	1792774#13	0
10201	Q0	1792774#23	0
10201	Q0	1792774#39	0
10201	Q0	1792774#17	0
10201	Q0	1792774#42	0
10201	Q0	1792774#1	0
10201	Q0	1792774#26	0
10202	Q0	2344486#1	1
10202	Q0	3159396#1	0
10202	Q0	837414#14	0
10202	Q0	484285#3	0
10202	Q0	2812018#0	0
10202	Q0	1032626#2	0
10202	Q0	1295153#2	0
10202	Q0	3147208#0	0
10202	Q0	318536#34	0
10202	Q0	576501#31	0
10204	Q0	190840#0	1
10204	Q0	4270571#0	0
10204	Q0	2883763#0	0
10204	Q0	128284#0	0
10204	Q0	268604#0	0
10204	Q0	201867#11	0
10204	Q0	12607#47	0
10204	Q0	3470202#0	0
10204	Q0	28737#23	0
10204	Q0	2953280#0	0
10206	Q0	2007748#0	1
10206	Q0	2007748#1	0
10206	Q0	2007748#18	0
10206	Q0	2007748#16	0
10206	Q0	2007748#19	0
10206	Q0	2007748#15	0
10206	Q0	2007748#14	0
10206	Q0	2007748#9	0
10206	Q0	2007748#6	0
10206	Q0	2007748#17	0
10207	Q0	44344#0	1
10207	Q0	318300#24	1
10207	Q0	705728#0	0
10207	Q0	44344#1	0
10207	Q0	1228377#0	0
10207	Q0	2700990#0	0
10207	Q0	44344#10	0
10207	Q0	1683529#1	0
10207	Q0	272392#0	0
10207	Q0	18657#0	0
10210	Q0	139506#0	1
10210	Q0	3240254#0	1
10210	Q0	139506#1	0
10210	Q0	3240664#0	0
10210	Q0	3240670#0	0
10210	Q0	1481161#0	0
10210	Q0	100433#2	0
10210	Q0	144969#0	0
10210	Q0	435865#2	0
10210	Q0	12861#80	0
10211	Q0	15585#0	1
10211	Q0	15585#4	1
10211	Q0	15585#10	1
10211	Q0	594740#0	0
10211	Q0	1610718#0	0
10211	Q0	15585#11	0
10211	Q0	15585#7	0
10211	Q0	268759#10	0
10211	Q0	15585#9	0
10211	Q0	4315812#1	0
10213	Q0	7956#0	1
10213	Q0	1505292#0	1
10213	Q0	18800#0	0
10213	Q0	875440#0	0
10213	Q0	914998#0	0
10213	Q0	3680929#32	0
10213	Q0	4214878#0	0
10213	Q0	19057#0	0
10213	Q0	2984580#0	0
10213	Q0	30910#0	0
10214	Q0	33716#0	1
10214	Q0	3135622#0	0
10214	Q0	4683851#0	0
10214	Q0	3175865#0	0
10214	Q0	3433052#0	0
10214	Q0	3866957#0	0
10214	Q0	5203421#0	0
10214	Q0	337385#0	0
10214	Q0	147613#0	0
10214	Q0	3306135#0	0
10215	Q0	172491#0	1
10215	Q0	1353#7	1
10215	Q0	746581#4	0
10215	Q0	172491#1	0
10215	Q0	239379#0	0
10215	Q0	172491#2	0
10215	Q0	4664#15	0
10215	Q0	54533#0	0
10215	Q0	172491#6	0
10215	Q0	172491#3	0
10216	Q0	4213137#0	1
10216	Q0	1819543#10	0
10216	Q0	3649287#38	0
10216	Q0	811314#14	0
10216	Q0	66923#3	0
10216	Q0	2973116#6	0
10216	Q0	1530096#14	0
10216	Q0	3520212#13	0
10216	Q0	9991#42	0
10216	Q0	4275900#3	0
10219	Q0	95640#0	1
10219	Q0	95640#1	1
10219	Q0	95640#37	0
10219	Q0	95640#27	0
10219	Q0	95640#40	0
10219	Q0	95640#33	0
10219	Q0	95640#26	0
10219	Q0	772628#1	0
10219	Q0	95640#39	0
10219	Q0	95640#16	0
10220	Q0	10463#0	1
10220	Q0	754327#1	1
10220	Q0	1671894#6	0
10220	Q0	4252918#0	0
10220	Q0	752994#1	0
10220	Q0	10463#1	0
10220	Q0	10463#4	0
10220	Q0	626379#0	0
10220	Q0	748838#5	0
10220	Q0	533565#0	0
10221	Q0	2216767#0	1
10221	Q0	275755#0	0
10221	Q0	2216767#2	0
10221	Q0	393730#0	0
10221	Q0	1996638#0	0
10221	Q0	2288140#0	0
10221	Q0	2290659#0	0
10221	Q0	1975000#0	0
10221	Q0	1987230#0	0
10221	Q0	1975001#0	0
10222	Q0	1823323#0	1
10222	Q0	42266#10	0
10222	Q0	1446823#0	0
10222	Q0	42266#7	0
10222	Q0	42266#2	0
10222	Q0	2739254#8	0
10222	Q0	1286097#13	0
10222	Q0	2631368#0	0
10222	Q0	1503306#1	0
10222	Q0	42266#3	0
10223	Q0	1651061#2	1
10223	Q0	5052154#0	1
10223	Q0	3598745#3	0
10223	Q0	3623955#1	0
10223	Q0	64728#1	0
10223	Q0	5052154#11	0
10223	Q0	1452608#2	0
10223	Q0	3623955#3	0
10223	Q0	2778919#3	0
10223	Q0	5140917#13	0
10224	Q0	139454#0	1
10224	Q0	139454#5	1
10224	Q0	232926#8	0
10224	Q0	261287#0	0
10224	Q0	853442#0	0
10224	Q0	2246720#0	0
10224	Q0	122999#16	0
10224	Q0	436258#7	0
10224	Q0	260865#1	0
10224	Q0	1774202#0	0
10225	Q0	223321#0	1
10225	Q0	4135625#3	0
10225	Q0	223321#4	0
10225	Q0	223321#3	0
10225	Q0	4135625#0	0
10225	Q0	4173301#0	0
10225	Q0	3573706#0	0
10225	Q0	1099345#53	0
10225	Q0	4196203#1	0
10225	Q0	1301643#1	0
10227	Q0	15505#0	1
10227	Q0	2490315#16	1
10227	Q0	15505#8	0
10227	Q0	15505#4	0
10227	Q0	15505#1	0
10227	Q0	15505#5	0
10227	Q0	2460373#2	0
10227	Q0	2479635#13	0
10227	Q0	15505#6	0
10227	Q0	15505#2	0
10228	Q0	46214#0	1
10228	Q0	46214#1	1
10228	Q0	2765728#0	0
10228	Q0	180312#0	0
10228	Q0	10216#0	0
10228	Q0	35097#0	0
10228	Q0	27693#0	0
10228	Q0	35081#0	0
10228	Q0	1212326#0	0
10228	Q0	27693#1	0
10229	Q0	1458651#0	1
10229	Q0	18761#9	0
10229	Q0	1458651#1	0
10229	Q0	1458651#10	0
10229	Q0	1458651#22	0
10229	Q0	18761#42	0
10229	Q0	1458651#8	0
10229	Q0	1458651#16	0
10229	Q0	1458651#5	0
10229	Q0	18761#0	0
10231	Q0	4202#21	1
10231	Q0	4202#7	1
10231	Q0	4989481#0	1
10231	Q0	475869#5	1
10231	Q0	4508206#1	0
10231	Q0	1430669#9	0
10231	Q0	1670219#1	0
10231	Q0	83428#26	0
10231	Q0	3553538#4	0
10231	Q0	1140855#31	0
10233	Q0	606751#0	1
10233	Q0	1364791#0	0
10233	Q0	606751#1	0
10233	Q0	1538520#1	0
10233	Q0	1659706#1	0
10233	Q0	369202#0	0
10233	Q0	2965#32	0
10233	Q0	1364526#4	0
10233	Q0	1538520#0	0
10233	Q0	1690974#63	0
10234	Q0	1306039#0	1
10234	Q0	1364305#0	0
10234	Q0	1957748#0	0
10234	Q0	335532#0	0
10234	Q0	499923#0	0
10234	Q0	1364297#0	0
10234	Q0	450671#0	0
10234	Q0	1334919#0	0
10234	Q0	767648#0	0
10234	Q0	1925286#0	0
10235	Q0	550083#64	1
10235	Q0	16569#31	0
10235	Q0	39369#54	0
10235	Q0	891508#4	0
10235	Q0	4330850#3	0
10235	Q0	1679429#8	0
10235	Q0	1134830#24	0
10235	Q0	3581599#45	0
10235	Q0	550083#24	0
10235	Q0	550083#16	0
10236	Q0	6938#0	1
10236	Q0	892821#0	0
10236	Q0	1234671#0	0
10236	Q0	6938#14	0
10236	Q0	3158339#0	0
10236	Q0	6938#13	0
10236	Q0	6938#39	0
10236	Q0	6938#16	0
10236	Q0	28335#2	0
10236	Q0	1056102#0	0
10238	Q0	2771#38	1
10238	Q0	4254#20	0
10238	Q0	192701#1	0
10238	Q0	2771#1	0
10238	Q0	1554634#8	0
10238	Q0	1522120#1	0
10238	Q0	4265227#19	0
10238	Q0	287796#4	0
10238	Q0	3043921#5	0
10238	Q0	168295#5	0
10239	Q0	1291867#0	1
10239	Q0	2975383#8	0
10239	Q0	1291867#5	0
10239	Q0	1778201#2	0
10239	Q0	2975598#15	0
10239	Q0	1792690#2	0
10239	Q0	1745756#4	0
10239	Q0	3295677#0	0
10239	Q0	1501386#1	0
10239	Q0	3296986#0	0
10240	Q0	9706#38	1
10240	Q0	5488#9	0
10240	Q0	125195#4	0
10240	Q0	3134497#22	0
10240	Q0	2927538#0	0
10240	Q0	3462813#10	0
10240	Q0	191791#0	0
10240	Q0	1076069#1	0
10240	Q0	3192806#3	0
10240	Q0	843545#92	0
10241	Q0	1276750#0	1
10241	Q0	1276750#1	1
10241	Q0	1319566#0	0
10241	Q0	4190328#3	0
10241	Q0	1505556#7	0
10241	Q0	245287#3	0
10241	Q0	1142751#0	0
10241	Q0	3041494#0	0
10241	Q0	1441111#0	0
10241	Q0	4382960#0	0
10243	Q0	84271#2	1
10243	Q0	84271#7	1
10243	Q0	3340504#3	1
10243	Q0	84271#6	0
10243	Q0	84271#26	0
10243	Q0	84271#21	0
10243	Q0	84271#18	0
10243	Q0	84271#51	0
10243	Q0	84271#41	0
10243	Q0	84271#17	0
10244	Q0	2979110#3	1
10244	Q0	1289546#12	1
10244	Q0	212966#19	1
10244	Q0	4609546#1	0
10244	Q0	632076#22	0
10244	Q0	212966#10	0
10244	Q0	126212#28	0
10244	Q0	2615752#1	0
10244	Q0	904528#3	0
10244	Q0	1209694#2	0
10245	Q0	38242#6	1
10245	Q0	38242#5	1
10245	Q0	38242#4	1
10245	Q0	1070558#0	1
10245	Q0	4909355#0	0
10245	Q0	4994432#13	0
10245	Q0	1602361#0	0
10245	Q0	2102988#23	0
10245	Q0	38234#0	0
10245	Q0	3452331#2	0
10246	Q0	4475939#1	1
10246	Q0	7591#2	1
10246	Q0	1211748#2	1
10246	Q0	1211748#1	0
10246	Q0	1211748#0	0
10246	Q0	7591#3	0
10246	Q0	7591#39	0
10246	Q0	1211748#4	0
10246	Q0	2935613#2	0
10246	Q0	341010#2	0
10248	Q0	228907#0	1
10248	Q0	228907#5	1
10248	Q0	2545649#0	0
10248	Q0	3179468#0	0
10248	Q0	3179325#0	0
10248	Q0	1503014#2	0
10248	Q0	2220013#0	0
10248	Q0	268023#0	0
10248	Q0	1975252#0	0
10248	Q0	2444243#0	0
10249	Q0	5640#0	1
10249	Q0	5640#3	0
10249	Q0	62246#0	0
10249	Q0	1141064#0	0
10249	Q0	1141096#0	0
10249	Q0	276642#0	0
10249	Q0	3311297#0	0
10249	Q0	2653059#0	0
10249	Q0	2185381#0	0
10249	Q0	1148683#1	0
10252	Q0	15192#27	1
10252	Q0	3275825#1	0
10252	Q0	3275825#2	0
10252	Q0	3380869#3	0
10252	Q0	4917635#11	0
10252	Q0	420998#2	0
10252	Q0	5233829#5	0
10252	Q0	1741200#3	0
10252	Q0	3583406#3	0
10252	Q0	16581#6	0
10255	Q0	548965#0	1
10255	Q0	548965#2	1
10255	Q0	548965#21	1
10255	Q0	548965#20	0
10255	Q0	548965#22	0
10255	Q0	548965#9	0
10255	Q0	548965#31	0
10255	Q0	548965#23	0
10255	Q0	548965#16	0
10255	Q0	10897#25	0
10256	Q0	41834#0	1
10256	Q0	336787#8	0
10256	Q0	41834#1	0
10256	Q0	927974#0	0
10256	Q0	41834#6	0
10256	Q0	87182#0	0
10256	Q0	553870#1	0
10256	Q0	1090778#0	0
10256	Q0	41834#4	0
10256	Q0	436860#0	0
10258	Q0	1062123#3	1
10258	Q0	1666133#2	0
10258	Q0	1530318#30	0
10258	Q0	78767#0	0
10258	Q0	1062123#0	0
10258	Q0	14902#3	0
10258	Q0	5207438#0	0
10258	Q0	2507448#3	0
10258	Q0	629622#4	0
10258	Q0	15074#4	0
10261	Q0	29742#5	1
10261	Q0	463761#13	1
10261	Q0	29742#0	0
10261	Q0	4837121#0	0
10261	Q0	463761#7	0
10261	Q0	55391#14	0
10261	Q0	9578#8	0
10261	Q0	517185#0	0
10261	Q0	7956#45	0
10261	Q0	1738636#6	0
10263	Q0	1637864#4	1
10263	Q0	298197#0	0
10263	Q0	1610871#12	0
10263	Q0	1442614#10	0
10263	Q0	3197372#0	0
10263	Q0	1149646#17	0
10263	Q0	3138888#0	0
10263	Q0	3197372#2	0
10263	Q0	983001#5	0
10263	Q0	983001#13	0
10263	Q0	3197372#1	0
10263	Q0	3197372#3	0
10264	Q0	732050#5	1
10264	Q0	957110#1	0
10264	Q0	5174906#17	0
10264	Q0	105615#1	0
10264	Q0	105615#19	0
10264	Q0	445996#1	0
10264	Q0	1825118#0	0
10264	Q0	105615#25	0
10264	Q0	4254791#1	0
10264	Q0	1109182#0	0
10266	Q0	4401#0	1
10266	Q0	4401#17	0
10266	Q0	4401#20	0
10266	Q0	1932558#4	0
10266	Q0	1643562#11	0
10266	Q0	4401#30	0
10266	Q0	4401#23	0
10266	Q0	3590#3	0
10266	Q0	55484#3	0
10266	Q0	322617#12	0
10268	Q0	88572#0	1
10268	Q0	1637222#0	0
10268	Q0	88572#1	0
10268	Q0	200882#0	0
10268	Q0	1987007#0	0
10268	Q0	4878903#0	0
10268	Q0	1967645#1	0
10268	Q0	1957197#0	0
10268	Q0	3644967#0	0
10268	Q0	1962568#0	0
10273	Q0	1259472#2	1
10273	Q0	1259472#5	1
10273	Q0	1259472#3	1
10273	Q0	1259472#0	0
10273	Q0	618758#4	0
10273	Q0	164996#0	0
10273	Q0	1471168#0	0
10273	Q0	4967013#0	0
10273	Q0	3876979#0	0
10273	Q0	1681660#1	0
10273	Q0	1259472#6	0
10275	Q0	342968#0	1
10275	Q0	342968#3	1
10275	Q0	2776688#0	0
10275	Q0	226393#0	0
10275	Q0	2306666#1	0
10275	Q0	342968#2	0
10275	Q0	388269#0	0
10275	Q0	1702214#0	0
10275	Q0	88571#0	0
10275	Q0	2089726#0	0
10277	Q0	41320#0	1
10277	Q0	9052#21	0
10277	Q0	4721070#1	0
10277	Q0	14641#0	0
10277	Q0	14646#9	0
10277	Q0	13892#0	0
10277	Q0	15878#0	0
10277	Q0	7194#19	0
10277	Q0	3609#4	0
10277	Q0	3601#54	0
10279	Q0	134449#31	1
10279	Q0	2519827#1	1
10279	Q0	4331444#0	1
10279	Q0	1661787#2	0
10279	Q0	1661787#3	0
10279	Q0	2973333#0	0
10279	Q0	5238670#0	0
10279	Q0	1302108#0	0
10280	Q0	1775070#0	1
10280	Q0	3964831#12	0
10280	Q0	1774607#4	0
10280	Q0	1774607#0	0
10280	Q0	1774524#0	0
10280	Q0	1774607#3	0
10280	Q0	9899#55	0
10280	Q0	1711890#0	0
10280	Q0	1774607#1	0
10280	Q0	1653375#0	0
10281	Q0	1900735#0	1
10281	Q0	4881825#1	0
10281	Q0	4881825#0	0
10281	Q0	1900735#3	0
10281	Q0	1486490#4	0
10281	Q0	4881825#2	0
10281	Q0	2740620#0	0
10281	Q0	1900735#1	0
10281	Q0	1900735#2	0
10281	Q0	1857488#1	0
10282	Q0	1814#0	1
10282	Q0	541301#2	0
10282	Q0	1814#2	0
10282	Q0	33820#18	0
10282	Q0	337958#0	0
10282	Q0	465076#4	0
10282	Q0	353385#1	0
10282	Q0	147755#1	0
10282	Q0	726643#1	0
10282	Q0	353385#16	0
10283	Q0	7558#0	1
10283	Q0	770264#28	0
10283	Q0	13162#3	0
10283	Q0	1830972#2	0
10283	Q0	2865961#0	0
10283	Q0	43342#3	0
10283	Q0	346272#0	0
10283	Q0	4383823#0	0
10283	Q0	1700766#41	0
10283	Q0	2958989#0	0
10285	Q0	989402#0	1
10285	Q0	3579146#1	1
10285	Q0	11852#0	0
10285	Q0	1593136#0	0
10285	Q0	424734#0	0
10285	Q0	962916#1	0
10285	Q0	1070163#0	0
10285	Q0	3059991#2	0
10285	Q0	338516#1	0
10285	Q0	55097#1	0
10288	Q0	501627#0	1
10288	Q0	1812350#0	0
10288	Q0	2608435#0	0
10288	Q0	3827888#0	0
10288	Q0	632102#1	0
10288	Q0	1815082#0	0
10288	Q0	3641#19	0
10288	Q0	1554963#0	0
10288	Q0	3702690#15	0
10288	Q0	1838781#0	0
10289	Q0	31281#0	1
10289	Q0	1283610#1	1
10289	Q0	1308699#1	1
10289	Q0	3914923#0	0
10289	Q0	540039#0	0
10289	Q0	4148548#1	0
10289	Q0	3227430#0	0
10289	Q0	3866551#1	0
10289	Q0	3866551#0	0
10289	Q0	3914965#0	0
10293	Q0	1426736#0	1
10293	Q0	1426736#4	0
10293	Q0	1772842#0	0
10293	Q0	1426736#1	0
10293	Q0	630236#0	0
10293	Q0	3744614#0	0
10293	Q0	3778401#46	0
10293	Q0	352717#0	0
10293	Q0	3534532#15	0
10293	Q0	3735585#13	0
10298	Q0	308858#0	1
10298	Q0	308858#1	1
10298	Q0	492859#0	0
10298	Q0	1117262#0	0
10298	Q0	387108#97	0
10298	Q0	2978828#0	0
10298	Q0	4541705#0	0
10298	Q0	1262271#8	0
10298	Q0	308858#3	0
10298	Q0	350604#0	0
10299	Q0	3898#23	1
10299	Q0	3898#45	0
10299	Q0	9086#27	0
10299	Q0	1963914#2	0
10299	Q0	1967284#2	0
10299	Q0	3898#14	0
10299	Q0	1862155#1	0
10299	Q0	39258#0	0
10299	Q0	3898#25	0
10299	Q0	3898#0	0
10300	Q0	21660#2	1
10300	Q0	21660#0	1
10300	Q0	21660#1	1
10300	Q0	22419#12	1
10300	Q0	885056#0	0
10300	Q0	5191922#0	0
10300	Q0	1279148#0	0
10300	Q0	2378299#0	0
10300	Q0	1093424#0	0
10300	Q0	1494767#20	0
10302	Q0	251711#16	1
10302	Q0	5219426#4	0
10302	Q0	5219426#13	0
10302	Q0	1434141#1	0
10302	Q0	16594#12	0
10302	Q0	586777#11	0
10302	Q0	247743#4	0
10302	Q0	886098#66	0
10302	Q0	2441424#45	0
10302	Q0	1308510#50	0
10303	Q0	3751#0	1
10303	Q0	3751#8	1
10303	Q0	3751#1	1
10303	Q0	3535249#0	0
10303	Q0	759698#4	0
10303	Q0	3751#14	0
10303	Q0	386786#5	0
10303	Q0	1145928#0	0
10303	Q0	6488#20	0
10303	Q0	1414390#5	0
10304	Q0	1253#39	1
10304	Q0	843250#0	1
10304	Q0	1042796#0	1
10304	Q0	3084118#0	0
10304	Q0	134707#1	0
10304	Q0	614123#8	0
10304	Q0	1238282#18	0
10304	Q0	2484585#22	0
10304	Q0	1042796#2	0
10304	Q0	1042796#1	0
10305	Q0	237531#0	1
10305	Q0	237531#1	1
10305	Q0	27889#4	0
10305	Q0	3436980#0	0
10305	Q0	26156#0	0
10305	Q0	3436580#0	0
10305	Q0	20811#1	0
10305	Q0	3724742#1	0
10305	Q0	1235222#1	0
10305	Q0	180864#2	0
10307	Q0	1118141#7	1
10307	Q0	438514#3	0
10307	Q0	3188221#3	0
10307	Q0	1211942#30	0
10307	Q0	157118#9	0
10307	Q0	577195#1	0
10307	Q0	438514#2	0
10307	Q0	708447#13	0
10307	Q0	157118#8	0
10307	Q0	5488#76	0
10308	Q0	1598#0	1
10308	Q0	1598#9	1
10308	Q0	3453015#0	0
10308	Q0	1598#5	0
10308	Q0	343734#0	0
10308	Q0	4026581#0	0
10308	Q0	1598#7	0
10308	Q0	1598#2	0
10308	Q0	1598#4	0
10308	Q0	1598#1	0
10309	Q0	143371#0	1
10309	Q0	143371#2	1
10309	Q0	143371#4	0
10309	Q0	4967186#1	0
10309	Q0	585952#0	0
10309	Q0	143371#7	0
10309	Q0	143371#5	0
10309	Q0	4746536#0	0
10309	Q0	143371#1	0
10309	Q0	143371#3	0
10310	Q0	45352#1	1
10310	Q0	189622#14	1
10310	Q0	3601647#17	1
10310	Q0	38168#57	1
10310	Q0	45352#18	0
10310	Q0	45352#17	0
10310	Q0	45352#19	0
10310	Q0	1514122#14	0
10310	Q0	6578#108	0
10310	Q0	1860036#2	0
10311	Q0	2434490#1	1
10311	Q0	2434490#3	1
10311	Q0	3695851#0	0
10311	Q0	3887317#7	0
10311	Q0	356331#2	0
10311	Q0	2799488#0	0
10311	Q0	2886417#2	0
10311	Q0	3972427#6	0
10311	Q0	3745585#0	0
10311	Q0	2434584#0	0
10312	Q0	2007742#3	1
10312	Q0	2007742#5	1
10312	Q0	2103809#0	1
10312	Q0	3652129#0	1
10312	Q0	3051619#0	0
10312	Q0	736279#21	0
10312	Q0	2007742#0	0
10312	Q0	3070589#16	0
10312	Q0	3523914#7	0
10312	Q0	892254#7	0
10313	Q0	1098260#0	1
10313	Q0	1336443#0	0
10313	Q0	827584#1	0
10313	Q0	550510#0	0
10313	Q0	1949838#0	0
10313	Q0	5080021#0	0
10313	Q0	1532588#0	0
10313	Q0	1662777#0	0
10313	Q0	2076918#0	0
10313	Q0	1098260#1	0
10315	Q0	301025#0	1
10315	Q0	44673#7	1
10315	Q0	301025#44	0
10315	Q0	301025#60	0
10315	Q0	301025#54	0
10315	Q0	301025#55	0
10315	Q0	10826#10	0
10315	Q0	301025#81	0
10315	Q0	301025#80	0
10315	Q0	301025#46	0
10316	Q0	447466#12	1
10316	Q0	447466#2	1
10316	Q0	447466#13	1
10316	Q0	447466#0	1
10316	Q0	1093025#3	1
10316	Q0	24035#11	0
10316	Q0	447466#3	0
10316	Q0	4343740#0	0
10316	Q0	447466#4	0
10316	Q0	989659#13	0
10317	Q0	3522617#0	1
10317	Q0	24530#0	1
10317	Q0	24530#37	1
10317	Q0	10515#51	1
10317	Q0	1469456#36	1
10317	Q0	262600#18	1
10317	Q0	37895#38	1
10317	Q0	37196#55	0
10317	Q0	37196#0	0
10317	Q0	1212221#0	0
10318	Q0	1253054#0	1
10318	Q0	3646206#0	1
10318	Q0	1308510#128	1
10318	Q0	1308510#2	1
10318	Q0	3646206#3	1
10318	Q0	3461216#11	1
10318	Q0	1308510#0	1
10318	Q0	1308510#132	0
10318	Q0	4774623#16	0
10318	Q0	3459098#1	0
10319	Q0	347100#0	1
10319	Q0	347100#1	0
10319	Q0	5032088#0	0
10319	Q0	3463027#0	0
10319	Q0	3296151#0	0
10319	Q0	1682547#0	0
10319	Q0	5153838#0	0
10319	Q0	5153732#0	0
10319	Q0	1847133#4	0
10319	Q0	3308608#0	0
10321	Q0	1219825#0	1
10321	Q0	2293#32	1
10321	Q0	1265320#0	1
10321	Q0	2293#0	1
10321	Q0	2293#33	0
10321	Q0	2293#38	0
10321	Q0	2293#47	0
10321	Q0	1219825#1	0
10321	Q0	2609#0	0
10321	Q0	1926927#1	0
10322	Q0	3275241#3	1
10322	Q0	1069724#1	1
10322	Q0	1180805#6	1
10322	Q0	3275241#0	0
10322	Q0	50380#3	0
10322	Q0	3778396#6	0
10322	Q0	196686#0	0
10322	Q0	4523274#0	0
10322	Q0	3758350#0	0
10322	Q0	3050083#1	0
10323	Q0	1221580#0	1
10323	Q0	54140#0	1
10323	Q0	54140#10	0
10323	Q0	550317#1	0
10323	Q0	54140#7	0
10323	Q0	54140#1	0
10323	Q0	31344#1	0
10323	Q0	31343#1	0
10323	Q0	1543461#1	0
10323	Q0	1635424#0	0
10324	Q0	438065#0	1
10324	Q0	5101249#0	1
10324	Q0	438065#1	1
10324	Q0	438065#3	0
10324	Q0	3432046#0	0
10324	Q0	3313597#0	0
10324	Q0	1962281#0	0
10324	Q0	438065#2	0
10324	Q0	101358#23	0
10324	Q0	3059987#0	0
10325	Q0	984851#25	1
10325	Q0	223330#41	1
10325	Q0	41781#1	0
10325	Q0	16781#10	0
10325	Q0	41781#18	0
10325	Q0	41781#11	0
10325	Q0	388995#39	0
10325	Q0	41781#20	0
10325	Q0	41781#19	0
10325	Q0	3560622#41	0
10326	Q0	752549#19	1
10326	Q0	516816#1	0
10326	Q0	218179#0	0
10326	Q0	330909#6	0
10326	Q0	2538217#0	0
10326	Q0	39258#8	0
10326	Q0	118365#22	0
10326	Q0	292910#2	0
10326	Q0	232164#0	0
10326	Q0	42105#17	0
10327	Q0	2679#0	1
10327	Q0	2679#2	0
10327	Q0	32512#0	0
10327	Q0	32517#0	0
10327	Q0	35010#0	0
10327	Q0	32558#0	0
10327	Q0	32586#0	0
10327	Q0	35006#0	0
10327	Q0	32525#0	0
10327	Q0	32582#0	0
10328	Q0	253674#1	1
10328	Q0	253674#4	1
10328	Q0	253674#0	1
10328	Q0	253674#3	1
10328	Q0	253674#6	1
10328	Q0	1748281#3	1
10328	Q0	807546#0	0
10328	Q0	253674#5	0
10328	Q0	293808#1	0
10328	Q0	5258548#0	0
10336	Q0	16631#0	1
10336	Q0	1585477#0	1
10336	Q0	3741129#0	1
10336	Q0	296004#0	1
10336	Q0	1699209#0	0
10336	Q0	16631#13	0
10336	Q0	277702#3	0
10336	Q0	30820#0	0
10336	Q0	4156353#0	0
10336	Q0	55688#1	0
10337	Q0	5141915#0	1
10337	Q0	957644#14	0
10337	Q0	1261704#0	0
10337	Q0	2987952#0	0
10337	Q0	957644#20	0
10337	Q0	1743287#0	0
10337	Q0	4075698#9	0
10337	Q0	2958382#11	0
10337	Q0	748241#22	0
10337	Q0	957644#18	0
10339	Q0	1441070#0	1
10339	Q0	1495226#0	0
10339	Q0	1001785#13	0
10339	Q0	1495226#16	0
10339	Q0	1034420#36	0
10339	Q0	1494972#0	0
10339	Q0	1495226#2	0
10339	Q0	1494972#69	0
10339	Q0	1803280#0	0
10339	Q0	1495093#0	0
10341	Q0	673123#0	1
10341	Q0	673123#4	0
10341	Q0	673123#12	0
10341	Q0	673123#5	0
10341	Q0	673123#19	0
10341	Q0	673123#34	0
10341	Q0	673123#14	0
10341	Q0	673123#6	0
10341	Q0	872726#0	0
10341	Q0	673123#29	0
10343	Q0	720895#22	1
10343	Q0	2907253#1	1
10343	Q0	720895#30	1
10343	Q0	775309#3	1
10343	Q0	720895#28	0
10343	Q0	720895#27	0
10343	Q0	720895#29	0
10343	Q0	118450#90	0
10343	Q0	720895#74	0
10343	Q0	720895#1	0
10344	Q0	3896#4	1
10344	Q0	3896#0	1
10344	Q0	1970064#0	0
10344	Q0	2775616#0	0
10344	Q0	1532655#0	0
10344	Q0	464773#0	0
10344	Q0	41044#0	0
10344	Q0	1957717#0	0
10344	Q0	1888593#0	0
10344	Q0	64383#0	0
10345	Q0	778458#0	1
10345	Q0	10131#7	0
10345	Q0	1451950#12	0
10345	Q0	2450219#1	0
10345	Q0	517748#0	0
10345	Q0	682661#8	0
10345	Q0	417306#3	0
10345	Q0	18109#14	0
10345	Q0	665891#0	0
10345	Q0	53002#1	0
10346	Q0	1185#0	1
10346	Q0	1428634#0	0
10346	Q0	1185#3	0
10346	Q0	4840056#7	0
10346	Q0	4305686#1	0
10346	Q0	1185#1	0
10346	Q0	1185#2	0
10346	Q0	51922#0	0
10346	Q0	2269675#0	0
10346	Q0	1431163#0	0
10347	Q0	6629#1	1
10347	Q0	6629#0	1
10347	Q0	4260590#3	0
10347	Q0	2522891#1	0
10347	Q0	6629#9	0
10347	Q0	6629#41	0
10347	Q0	6629#8	0
10347	Q0	6629#15	0
10347	Q0	899949#4	0
10347	Q0	6629#2	0
10348	Q0	4214282#1	1
10348	Q0	1937815#0	0
10348	Q0	4832536#4	0
10348	Q0	148717#2	0
10348	Q0	3678314#0	0
10348	Q0	148717#4	0
10348	Q0	2727016#1	0
10348	Q0	192274#1	0
10348	Q0	4342039#0	0
10348	Q0	148717#6	0
10349	Q0	67100#0	1
10349	Q0	67100#1	0
10349	Q0	1232733#0	0
10349	Q0	67100#2	0
10349	Q0	234565#0	0
10349	Q0	101119#0	0
10349	Q0	3110101#0	0
10349	Q0	274871#0	0
10349	Q0	1141588#3	0
10349	Q0	1574592#0	0
10350	Q0	21447#0	1
10350	Q0	1736763#0	0
10350	Q0	3524965#0	0
10350	Q0	43556#2	0
10350	Q0	1736763#2	0
10350	Q0	830207#0	0
10350	Q0	755698#0	0
10350	Q0	1854#27	0
10350	Q0	1610718#0	0
10350	Q0	1004932#0	0
10351	Q0	1296191#1	1
10351	Q0	1296191#0	1
10351	Q0	1296191#2	0
10351	Q0	1296191#3	0
10351	Q0	1296191#21	0
10351	Q0	1296191#22	0
10351	Q0	1296191#15	0
10351	Q0	1296719#30	0
10351	Q0	938974#0	0
10351	Q0	1296191#7	0
10352	Q0	441799#76	1
10352	Q0	441799#75	1
10352	Q0	1930058#0	0
10352	Q0	471439#6	0
10352	Q0	21365#1	0
10352	Q0	1476289#6	0
10352	Q0	3457536#6	0
10352	Q0	3695869#99	0
10352	Q0	3695869#102	0
10352	Q0	471439#5	0
10353	Q0	3052330#4	1
10353	Q0	3052330#9	0
10353	Q0	3052330#3	0
10353	Q0	962857#10	0
10353	Q0	985234#1	0
10353	Q0	148285#1	0
10353	Q0	962857#14	0
10353	Q0	268611#3	0
10353	Q0	209054#11	0
10353	Q0	2484012#7	0
10355	Q0	460730#20	1
10355	Q0	460730#0	1
10355	Q0	1114045#0	0
10355	Q0	3425336#13	0
10355	Q0	460730#45	0
10355	Q0	531394#85	0
10355	Q0	135615#3	0
10355	Q0	3425336#7	0
10355	Q0	1565236#13	0
10355	Q0	1331029#1	0
10358	Q0	11268#70	1
10358	Q0	253968#43	1
10358	Q0	1415#65	1
10358	Q0	1415#69	1
10358	Q0	11268#74	1
10358	Q0	10650#3	0
10358	Q0	3147196#0	0
10358	Q0	141070#17	0
10358	Q0	1414236#7	0
10358	Q0	141070#20	0
10359	Q0	13191#0	1
10359	Q0	2293#38	0
10359	Q0	1219825#1	0
10359	Q0	1412328#1	0
10359	Q0	95776#2	0
10359	Q0	1974186#0	0
10359	Q0	9196#5	0
10359	Q0	13191#13	0
10359	Q0	1974954#0	0
10359	Q0	3895#37	0
10360	Q0	3761381#0	1
10360	Q0	3761381#1	0
10360	Q0	3157439#0	0
10360	Q0	2746209#0	0
10360	Q0	643308#13	0
10360	Q0	4211845#0	0
10360	Q0	3711806#0	0
10360	Q0	3667011#0	0
10360	Q0	238930#0	0
10360	Q0	3572903#0	0
10362	Q0	3423024#0	1
10362	Q0	3423024#1	0
10362	Q0	2851161#0	0
10362	Q0	3423024#4	0
10362	Q0	28102#0	0
10362	Q0	3423024#3	0
10362	Q0	498952#1	0
10362	Q0	2861051#1	0
10362	Q0	3423024#2	0
10362	Q0	3187387#0	0
10364	Q0	2832691#2	1
10364	Q0	2832691#1	0
10364	Q0	5197026#1	0
10364	Q0	1364783#10	0
10364	Q0	2250604#0	0
10364	Q0	3529162#0	0
10364	Q0	1072936#0	0
10364	Q0	560773#0	0
10364	Q0	1575769#1	0
10364	Q0	477821#0	0
10365	Q0	3644941#0	1
10365	Q0	3644941#1	1
10365	Q0	3644941#3	1
10365	Q0	3644941#60	0
10365	Q0	3644941#21	0
10365	Q0	3644941#12	0
10365	Q0	409009#0	0
10365	Q0	3644941#18	0
10365	Q0	1175382#15	0
10365	Q0	3644941#15	0
10369	Q0	12930#0	1
10369	Q0	12930#1	1
10369	Q0	12930#2	1
10369	Q0	12930#3	1
10369	Q0	12930#6	0
10369	Q0	12930#4	0
10369	Q0	12930#8	0
10369	Q0	12930#5	0
10369	Q0	1718245#15	0
10369	Q0	12930#9	0
10370	Q0	5331#0	1
10370	Q0	4286075#0	1
10370	Q0	3258591#0	0
10370	Q0	4294978#0	0
10370	Q0	720177#0	0
10370	Q0	3181640#0	0
10370	Q0	809912#0	0
10370	Q0	48101#0	0
10370	Q0	4286075#1	0
10370	Q0	2633994#4	0
10371	Q0	21769#2	1
10371	Q0	1963395#0	0
10371	Q0	2635993#0	0
10371	Q0	2506641#0	0
10371	Q0	6578#30	0
10371	Q0	1730096#0	0
10371	Q0	2107133#2	0
10371	Q0	48461#0	0
10371	Q0	1963395#1	0
10371	Q0	1123228#0	0
10372	Q0	1087311#2	1
10372	Q0	34789#0	1
10372	Q0	1087311#1	1
10372	Q0	10281#37	0
10372	Q0	635322#11	0
10372	Q0	1651882#3	0
10372	Q0	4778843#3	0
10372	Q0	34789#1	0
10372	Q0	749954#0	0
10372	Q0	401679#2	0
10372	Q0	920147#9	0
10376	Q0	3863#0	1
10376	Q0	1727397#0	0
10376	Q0	3863#82	0
10376	Q0	2695884#0	0
10376	Q0	2105318#3	0
10376	Q0	2695884#3	0
10376	Q0	2105318#2	0
10376	Q0	1726185#1	0
10376	Q0	1726207#0	0
10376	Q0	1755260#0	0
10377	Q0	598427#0	1
10377	Q0	942331#12	1
10377	Q0	2940066#14	1
10377	Q0	598417#4	0
10377	Q0	4212298#4	0
10377	Q0	4212298#2	0
10377	Q0	203596#16	0
10377	Q0	598417#0	0
10377	Q0	1446582#0	0
10377	Q0	4212298#3	0
10381	Q0	2689139#0	1
10381	Q0	4328216#8	1
10381	Q0	278712#8	0
10381	Q0	2689139#10	0
10381	Q0	3654031#31	0
10381	Q0	3434307#6	0
10381	Q0	576900#41	0
10381	Q0	2978138#2	0
10381	Q0	930985#0	0
10381	Q0	1751916#0	0
10383	Q0	12891#0	1
10383	Q0	1484041#0	0
10383	Q0	427888#48	0
10383	Q0	12891#10	0
10383	Q0	1685073#0	0
10383	Q0	12891#13	0
10383	Q0	2170470#1	0
10383	Q0	12891#2	0
10383	Q0	1001800#0	0
10383	Q0	2758345#1	0
10384	Q0	522218#0	1
10384	Q0	4320139#3	1
10384	Q0	4320139#0	1
10384	Q0	522258#0	0
10384	Q0	119517#0	0
10384	Q0	522218#1	0
10384	Q0	4320139#7	0
10384	Q0	522218#2	0
10384	Q0	981853#1	0
10384	Q0	1679057#0	0
10386	Q0	12155#1	1
10386	Q0	11068#48	1
10386	Q0	894996#4	0
10386	Q0	4924761#1	0
10386	Q0	12473#0	0
10386	Q0	664445#5	0
10386	Q0	13295#24	0
10386	Q0	11068#49	0
10386	Q0	3837140#0	0
10386	Q0	2551337#1	0
10387	Q0	249814#4	1
10387	Q0	249814#0	0
10387	Q0	2773925#0	0
10387	Q0	249814#1	0
10387	Q0	249814#5	0
10387	Q0	249814#19	0
10387	Q0	249814#8	0
10387	Q0	249814#24	0
10387	Q0	249814#17	0
10387	Q0	249814#36	0
10388	Q0	38719#0	1
10388	Q0	38711#1	0
10388	Q0	2990049#0	0
10388	Q0	38719#1	0
10388	Q0	1663812#0	0
10388	Q0	3951909#0	0
10388	Q0	11838#1	0
10388	Q0	3723699#3	0
10388	Q0	78182#0	0
10388	Q0	78182#51	0
10388	Q0	38719#8	0
10389	Q0	220595#0	1
10389	Q0	220595#5	1
10389	Q0	220595#3	1
10389	Q0	381740#3	0
10389	Q0	1780895#0	0
10389	Q0	217302#0	0
10389	Q0	3464938#0	0
10389	Q0	621506#0	0
10389	Q0	1771272#2	0
10389	Q0	871733#0	0
10390	Q0	1564001#0	1
10390	Q0	753389#11	1
10390	Q0	3341109#0	0
10390	Q0	5199303#0	0
10390	Q0	5272066#0	0
10390	Q0	3274982#0	0
10390	Q0	3899164#0	0
10390	Q0	3409346#0	0
10390	Q0	3308127#0	0
10390	Q0	4889597#0	0
10391	Q0	87789#0	1
10391	Q0	87789#39	0
10391	Q0	87789#40	0
10391	Q0	87789#20	0
10391	Q0	87789#23	0
10391	Q0	379465#0	0
10391	Q0	87789#17	0
10391	Q0	87789#13	0
10391	Q0	87789#35	0
10391	Q0	87789#25	0
10393	Q0	22572#0	1
10393	Q0	22572#1	0
10393	Q0	22572#52	0
10393	Q0	22572#51	0
10393	Q0	47072#2	0
10393	Q0	902613#0	0
10393	Q0	1327645#3	0
10393	Q0	22572#53	0
10393	Q0	31096#5	0
10393	Q0	1666153#4	0
10397	Q0	316175#6	1
10397	Q0	316175#2	1
10397	Q0	316175#7	0
10397	Q0	316175#5	0
10397	Q0	316175#8	0
10397	Q0	2311846#0	0
10397	Q0	674562#13	0
10397	Q0	182377#45	0
10397	Q0	325409#2	0
10397	Q0	1517023#9	0
10399	Q0	17733#0	1
10399	Q0	488983#5	1
10399	Q0	3586876#0	0
10399	Q0	428032#37	0
10399	Q0	3586876#3	0
10399	Q0	3524909#47	0
10399	Q0	17733#2	0
10399	Q0	1554760#9	0
10399	Q0	366534#0	0
10399	Q0	1547852#14	0
10400	Q0	189286#0	1
10400	Q0	189286#5	0
10402	Q0	262600#26	1
10402	Q0	262600#33	1
10402	Q0	262600#7	1
10402	Q0	262600#31	1
10402	Q0	2969748#1	0
10402	Q0	262600#59	0
10402	Q0	262600#11	0
10402	Q0	262600#72	0
10402	Q0	385567#23	0
10402	Q0	262600#0	0
10402	Q0	262600#79	0
10402	Q0	262600#6	0
10406	Q0	181486#0	1
10406	Q0	5158458#0	0
10406	Q0	3797917#0	0
10406	Q0	1672666#0	0
10406	Q0	4242334#1	0
10406	Q0	4242649#1	0
10406	Q0	768108#0	0
10406	Q0	5113389#0	0
10406	Q0	5013410#0	0
10406	Q0	3203311#0	0
10406	Q0	181486#1	0
10408	Q0	18533#1	1
10408	Q0	18533#0	1
10408	Q0	3895941#1	0
10408	Q0	3957564#0	0
10408	Q0	18533#11	0
10408	Q0	1549054#1	0
10408	Q0	3895941#0	0
10408	Q0	748345#8	0
10408	Q0	18533#29	0
10408	Q0	1445720#4	0
10408	Q0	748345#1	0
10408	Q0	18533#2	0
10409	Q0	1835601#3	1
10409	Q0	49865#11	0
10409	Q0	248615#43	0
10409	Q0	2638099#2	0
10409	Q0	4145209#3	0
10409	Q0	317122#18	0
10409	Q0	17630#36	0
10409	Q0	151259#2	0
10409	Q0	3357533#0	0
10409	Q0	36564#31	0
10410	Q0	2969#0	1
10410	Q0	3721589#0	0
10410	Q0	5003821#6	0
10410	Q0	3721597#0	0
10410	Q0	1787528#0	0
10410	Q0	1521990#7	0
10410	Q0	3130258#0	0
10410	Q0	2812625#0	0
10410	Q0	2969#8	0
10410	Q0	1539474#10	0
10411	Q0	1901927#9	1
10411	Q0	3541575#0	1
10411	Q0	1901927#6	0
10411	Q0	17391#2	0
10411	Q0	1901927#10	0
10411	Q0	1901927#13	0
10411	Q0	3541575#2	0
10411	Q0	3543885#0	0
10411	Q0	1901927#14	0
10411	Q0	1901927#3	0
10412	Q0	1389#15	1
10412	Q0	1493#2	1
10412	Q0	1389#0	1
10412	Q0	2160115#0	1
10412	Q0	1389#51	0
10412	Q0	294545#1	0
10412	Q0	1389#20	0
10412	Q0	1389#17	0
10412	Q0	1389#31	0
10412	Q0	1493#1	0
10413	Q0	521164#1	1
10413	Q0	521164#0	1
10413	Q0	521164#2	1
10413	Q0	898177#7	0
10413	Q0	266289#3	0
10413	Q0	1662199#24	0
10413	Q0	1041834#38	0
10413	Q0	1267634#2	0
10413	Q0	1041834#25	0
10413	Q0	135377#2	0
10414	Q0	1722#0	1
10414	Q0	2530601#1	1
10414	Q0	3571280#0	0
10414	Q0	4036379#0	0
10414	Q0	3323488#0	0
10414	Q0	1722#6	0
10414	Q0	16118#5	0
10414	Q0	1149646#11	0
10414	Q0	3564724#12	0
10414	Q0	749594#3	0
10417	Q0	26401#3	1
10417	Q0	682047#3	0
10417	Q0	3407575#0	0
10417	Q0	7822#0	0
10417	Q0	26401#0	0
10417	Q0	276797#1	0
10417	Q0	2344356#0	0
10417	Q0	1078346#4	0
10417	Q0	682047#6	0
10417	Q0	682047#0	0
10419	Q0	173592#1	1
10419	Q0	173592#0	1
10419	Q0	2499252#1	0
10419	Q0	1044261#0	0
10419	Q0	853573#0	0
10419	Q0	615999#1	0
10419	Q0	1431326#1	0
10419	Q0	561372#1	0
10419	Q0	1134551#0	0
10419	Q0	23059#0	0
10420	Q0	1367064#14	1
10420	Q0	3182048#2	0
10420	Q0	5134885#22	0
10420	Q0	1432939#13	0
10420	Q0	2822218#18	0
10420	Q0	1367064#9	0
10420	Q0	1367064#15	0
10420	Q0	1510077#37	0
10420	Q0	5134885#20	0
10420	Q0	1463678#20	0
10423	Q0	1667852#0	1
10423	Q0	3218836#0	0
10423	Q0	360550#0	0
10423	Q0	621880#0	0
10423	Q0	1160467#0	0
10423	Q0	35342#0	0
10423	Q0	230238#67	0
10423	Q0	2472525#0	0
10423	Q0	3517341#5	0
10423	Q0	3430880#1	0
10424	Q0	1672544#0	1
10424	Q0	543850#1	1
10424	Q0	587594#4	0
10424	Q0	139163#0	0
10424	Q0	164456#0	0
10424	Q0	1218566#0	0
10424	Q0	3528524#0	0
10424	Q0	3643695#0	0
10424	Q0	191779#2	0
10424	Q0	1575845#18	0
10425	Q0	1099980#1	1
10425	Q0	3266126#3	1
10425	Q0	226800#0	1
10425	Q0	1099980#0	0
10425	Q0	2580180#5	0
10425	Q0	1099980#39	0
10425	Q0	1099980#13	0
10425	Q0	4619874#33	0
10425	Q0	3053289#5	0
10425	Q0	4291992#0	0
10426	Q0	62206#0	1
10426	Q0	296177#0	0
10426	Q0	2988208#1	0
10426	Q0	5124503#2	0
10426	Q0	1127549#3	0
10426	Q0	65201#0	0
10426	Q0	2899055#2	0
10426	Q0	2973817#0	0
10426	Q0	28787#34	0
10426	Q0	39062#0	0
10428	Q0	723012#0	1
10428	Q0	1894399#0	1
10428	Q0	4285415#7	1
10428	Q0	3183819#0	1
10428	Q0	1894487#1	0
10428	Q0	1894487#0	0
10428	Q0	1550154#0	0
10428	Q0	2886586#0	0
10428	Q0	3924257#0	0
10428	Q0	3914806#0	0
10430	Q0	135346#0	1
10430	Q0	1824126#0	0
10430	Q0	173514#2	0
10430	Q0	2539600#9	0
10430	Q0	100456#3	0
10430	Q0	884108#60	0
10430	Q0	3014205#0	0
10430	Q0	487641#6	0
10430	Q0	13191#30	0
10430	Q0	3222852#6	0
10432	Q0	357857#0	1
10432	Q0	2550532#0	0
10432	Q0	2798014#289	0
10432	Q0	3185490#6	0
10432	Q0	3185490#0	0
10432	Q0	2502505#1	0
10432	Q0	3431603#0	0
10432	Q0	16454#24	0
10432	Q0	15755#0	0
10432	Q0	3185490#5	0
10434	Q0	35761#1	1
10434	Q0	35761#2	1
10434	Q0	203820#55	0
10434	Q0	1745825#6	0
10434	Q0	180302#0	0
10434	Q0	1745825#5	0
10434	Q0	1745825#8	0
10434	Q0	1745825#26	0
10434	Q0	1745825#25	0
10434	Q0	3303414#8	0
10435	Q0	127796#0	1
10435	Q0	127796#1	0
10435	Q0	127796#4	0
10435	Q0	127796#5	0
10435	Q0	127796#7	0
10435	Q0	4335333#0	0
10435	Q0	127796#2	0
10435	Q0	2987416#1	0
10435	Q0	258734#0	0
10435	Q0	1657117#1	0
10436	Q0	1523448#27	1
10436	Q0	53319#0	1
10436	Q0	1276335#24	1
10436	Q0	4933391#11	0
10436	Q0	1178002#5	0
10436	Q0	1997585#1	0
10436	Q0	2342245#4	0
10436	Q0	4561191#14	0
10436	Q0	3009393#55	0
10436	Q0	4330994#0	0
10437	Q0	3685849#0	1
10437	Q0	3685849#11	1
10437	Q0	3685849#9	0
10437	Q0	3685849#34	0
10437	Q0	3685849#25	0
10437	Q0	3685849#6	0
10437	Q0	3685849#21	0
10437	Q0	3685849#3	0
10437	Q0	3685849#28	0
10437	Q0	3685849#4	0
10439	Q0	2916#10	1
10439	Q0	1691539#1	0
10439	Q0	194265#0	0
10439	Q0	194265#25	0
10439	Q0	2456083#1	0
10439	Q0	203272#0	0
10439	Q0	123734#0	0
10439	Q0	2916#23	0
10439	Q0	203283#0	0
10439	Q0	3573708#6	0
10440	Q0	14653#2	1
10440	Q0	415328#5	0
10440	Q0	970004#15	0
10440	Q0	399670#4	0
10440	Q0	1554742#20	0
10440	Q0	3556341#1	0
10440	Q0	1143041#4	0
10440	Q0	923592#4	0
10440	Q0	3161241#0	0
10440	Q0	150457#15	0
10441	Q0	28563#35	1
10441	Q0	28563#0	1
10441	Q0	28563#71	1
10441	Q0	2458939#0	1
10441	Q0	1591355#0	0
10441	Q0	28563#31	0
10441	Q0	28563#32	0
10441	Q0	28563#33	0
10441	Q0	28563#41	0
10441	Q0	28563#2	0
10442	Q0	2809149#1	1
10442	Q0	334285#5	0
10442	Q0	79182#21	0
10442	Q0	481094#1	0
10442	Q0	1986127#1	0
10442	Q0	3585087#0	0
10442	Q0	450936#0	0
10442	Q0	88242#4	0
10442	Q0	768028#1	0
10442	Q0	2748527#1	0
10443	Q0	894448#0	1
10443	Q0	4118008#0	0
10443	Q0	3308547#0	0
10443	Q0	3455548#0	0
10443	Q0	3286904#0	0
10443	Q0	5065140#0	0
10443	Q0	2471942#0	0
10443	Q0	51920#15	0
10443	Q0	46639#0	0
10443	Q0	3599235#0	0
10445	Q0	34058#0	1
10445	Q0	197022#112	1
10445	Q0	1578539#0	0
10445	Q0	13788#1	0
10445	Q0	1575790#0	0
10445	Q0	2530439#0	0
10445	Q0	4877912#1	0
10445	Q0	13476#3	0
10445	Q0	197022#32	0
10445	Q0	197022#104	0
10447	Q0	1596701#0	1
10447	Q0	1596701#17	1
10447	Q0	1465806#32	1
10447	Q0	1596701#33	0
10447	Q0	1596701#31	0
10447	Q0	1596701#18	0
10447	Q0	1635315#4	0
10447	Q0	1596701#2	0
10447	Q0	1596701#8	0
10447	Q0	1596701#25	0
10448	Q0	1492#20	1
10448	Q0	1662633#5	0
10448	Q0	1530318#30	0
10448	Q0	939361#0	0
10448	Q0	64866#31	0
10448	Q0	760844#9	0
10448	Q0	2195096#1	0
10448	Q0	1662633#4	0
10448	Q0	1389#11	0
10448	Q0	1659186#6	0
10450	Q0	67458#21	1
10450	Q0	2535978#0	0
10450	Q0	30628#0	0
10450	Q0	171730#0	0
10450	Q0	28297#1	0
10450	Q0	9127#8	0
10450	Q0	3296949#0	0
10450	Q0	12418#0	0
10450	Q0	2535978#7	0
10450	Q0	1349753#0	0
10452	Q0	8757#12	1
10452	Q0	5059#0	1
10452	Q0	5059#56	0
10452	Q0	5488#103	0
10452	Q0	5059#4	0
10452	Q0	5059#60	0
10452	Q0	5059#6	0
10452	Q0	5059#44	0
10452	Q0	330012#5	0
10452	Q0	5059#18	0
10453	Q0	180160#0	1
10453	Q0	61795#0	1
10453	Q0	63191#2	0
10453	Q0	180172#0	0
10453	Q0	3267806#4	0
10453	Q0	3845#0	0
10453	Q0	63542#0	0
10453	Q0	3254191#0	0
10453	Q0	93988#0	0
10453	Q0	893448#0	0
10454	Q0	8898#5	1
10454	Q0	8898#0	1
10454	Q0	8898#8	1
10454	Q0	1779789#0	0
10454	Q0	1973787#0	0
10454	Q0	38988#0	0
10454	Q0	1784837#0	0
10454	Q0	1973787#1	0
10454	Q0	1144471#0	0
10454	Q0	1781804#0	0
10455	Q0	10170#0	1
10455	Q0	916856#0	0
10455	Q0	1456785#0	0
10455	Q0	2949788#4	0
10455	Q0	1142090#0	0
10455	Q0	423085#0	0
10455	Q0	1661716#2	0
10455	Q0	2270217#0	0
10455	Q0	120851#0	0
10455	Q0	4201527#0	0
10457	Q0	125185#0	1
10457	Q0	125185#1	0
10457	Q0	468676#0	0
10457	Q0	2376755#0	0
10457	Q0	468676#2	0
10457	Q0	771330#0	0
10457	Q0	844463#4	0
10457	Q0	842777#37	0
10457	Q0	2798763#0	0
10457	Q0	5061603#1	0
10458	Q0	3886#0	1
10458	Q0	3886#6	1
10458	Q0	1038535#1	0
10458	Q0	953856#1	0
10458	Q0	3868#6	0
10458	Q0	5583#25	0
10458	Q0	144271#0	0
10458	Q0	8664#19	0
10458	Q0	3886#7	0
10458	Q0	1233128#0	0
10460	Q0	734482#46	1
10460	Q0	123152#0	0
10460	Q0	123152#5	0
10460	Q0	123152#4	0
10460	Q0	1254816#6	0
10460	Q0	351935#7	0
10460	Q0	1921#29	0
10460	Q0	123152#8	0
10460	Q0	123152#1	0
10460	Q0	466453#5	0
10462	Q0	203820#38	1
10462	Q0	300888#1	1
10462	Q0	363963#2	0
10462	Q0	631589#23	0
10462	Q0	15714#8	0
10462	Q0	3577823#0	0
10462	Q0	1295397#0	0
10462	Q0	311430#7	0
10462	Q0	409144#3	0
10462	Q0	59698#3	0
10463	Q0	1980291#11	1
10463	Q0	3755720#3	1
10463	Q0	4262579#0	1
10463	Q0	1781734#28	0
10463	Q0	1781734#47	0
10463	Q0	1178536#17	0
10463	Q0	801976#19	0
10463	Q0	801976#59	0
10463	Q0	801976#9	0
10463	Q0	801976#29	0
10464	Q0	279284#0	1
10464	Q0	279284#10	0
10464	Q0	279284#11	0
10464	Q0	236263#35	0
10464	Q0	1215325#0	0
10464	Q0	249428#0	0
10464	Q0	192584#0	0
10464	Q0	193629#1	0
10464	Q0	495019#56	0
10464	Q0	236263#30	0
10465	Q0	18913#5	1
10465	Q0	18913#1	0
10465	Q0	13980#28	0
10465	Q0	18913#0	0
10465	Q0	18913#2	0
10465	Q0	18913#9	0
10465	Q0	2264974#0	0
10465	Q0	1854728#0	0
10465	Q0	18913#3	0
10465	Q0	18913#8	0
10466	Q0	37956#0	1
10466	Q0	37771#54	1
10466	Q0	2258514#9	0
10466	Q0	5136596#1	0
10466	Q0	134591#0	0
10466	Q0	16224#78	0
10466	Q0	37956#5	0
10466	Q0	3203877#0	0
10466	Q0	261835#10	0
10466	Q0	1634882#23	0
10467	Q0	139414#3	1
10467	Q0	139414#13	1
10467	Q0	139414#0	1
10467	Q0	1097002#4	1
10467	Q0	139414#9	0
10467	Q0	4267154#0	0
10467	Q0	139414#2	0
10467	Q0	3144706#0	0
10467	Q0	4780471#0	0
10467	Q0	139414#6	0
10468	Q0	362347#0	1
10468	Q0	1938254#0	0
10468	Q0	1959417#0	0
10468	Q0	492552#0	0
10468	Q0	1334803#0	0
10468	Q0	348983#0	0
10468	Q0	1916461#0	0
10468	Q0	969464#0	0
10468	Q0	5071010#0	0
10468	Q0	2197479#0	0
10469	Q0	10834#78	1
10469	Q0	34190#0	1
10469	Q0	33251#1	0
10469	Q0	33251#0	0
10469	Q0	2824135#0	0
10469	Q0	26745#71	0
10469	Q0	4240264#0	0
10469	Q0	1134065#67	0
10469	Q0	10036#17	0
10469	Q0	1536964#7	0
10470	Q0	257352#7	1
10470	Q0	3144923#0	1
10470	Q0	257352#9	0
10470	Q0	257352#48	0
10470	Q0	257352#27	0
10470	Q0	257352#47	0
10470	Q0	3144923#7	0
10470	Q0	3144923#15	0
10470	Q0	257352#16	0
10470	Q0	257352#26	0
10472	Q0	1651318#1	1
10472	Q0	1651318#0	1
10472	Q0	468617#3	0
10472	Q0	712816#4	0
10472	Q0	4857833#3	0
10472	Q0	1651318#2	0
10472	Q0	3519565#63	0
10472	Q0	1414327#0	0
10472	Q0	258514#33	0
10472	Q0	4881111#0	0
10475	Q0	140809#0	1
10475	Q0	4067037#0	0
10475	Q0	1266685#91	0
10475	Q0	1063648#0	0
10475	Q0	615029#76	0
10475	Q0	2088322#13	0
10475	Q0	472852#0	0
10475	Q0	5264031#0	0
10475	Q0	472852#1	0
10475	Q0	195266#0	0
10477	Q0	211722#0	1
10477	Q0	211722#1	1
10477	Q0	211722#11	0
10477	Q0	211722#3	0
10477	Q0	211722#4	0
10477	Q0	1343955#24	0
10477	Q0	211722#9	0
10477	Q0	211722#7	0
10477	Q0	14774#2	0
10477	Q0	80015#0	0
10478	Q0	1471895#7	1
10478	Q0	26537#6	1
10478	Q0	5036169#0	0
10478	Q0	26537#1	0
10478	Q0	26537#10	0
10478	Q0	26537#12	0
10478	Q0	5002645#0	0
10478	Q0	26537#2	0
10478	Q0	26537#5	0
10478	Q0	26537#3	0
10479	Q0	273895#0	1
10479	Q0	2511242#0	1
10479	Q0	273895#1	1
10479	Q0	273895#17	0
10479	Q0	101334#0	0
10479	Q0	273895#6	0
10479	Q0	273895#2	0
10479	Q0	1520518#0	0
10479	Q0	273895#18	0
10479	Q0	273895#10	0
10481	Q0	6276#0	1
10481	Q0	6276#24	1
10481	Q0	228830#40	1
10481	Q0	6276#15	0
10481	Q0	6276#13	0
10481	Q0	6276#1	0
10481	Q0	6276#12	0
10481	Q0	6276#18	0
10481	Q0	1374099#1	0
10481	Q0	3133177#0	0
10482	Q0	316556#0	1
10482	Q0	539545#0	1
10482	Q0	316556#1	1
10482	Q0	3886#48	0
10482	Q0	716309#5	0
10482	Q0	4319959#17	0
10482	Q0	1662249#0	0
10482	Q0	539573#0	0
10482	Q0	1930684#0	0
10482	Q0	316690#0	0
10484	Q0	31874#0	1
10484	Q0	352496#0	0
10484	Q0	1494443#1	0
10484	Q0	2304056#2	0
10484	Q0	1411691#2	0
10484	Q0	1363287#2	0
10484	Q0	2197047#2	0
10484	Q0	2307342#2	0
10484	Q0	2298440#2	0
10484	Q0	2298447#2	0
10485	Q0	136996#2	1
10485	Q0	2949107#0	1
10485	Q0	447466#10	1
10485	Q0	24035#3	0
10485	Q0	523385#1	0
10485	Q0	728204#2	0
10485	Q0	167235#4	0
10485	Q0	151284#27	0
10485	Q0	26188#45	0
10485	Q0	45991#1	0
10487	Q0	1044776#0	1
10487	Q0	2406572#2	1
10487	Q0	2163701#4	1
10487	Q0	1044776#1	0
10487	Q0	1044776#3	0
10487	Q0	1706626#0	0
10487	Q0	147987#0	0
10487	Q0	4722204#52	0
10487	Q0	556642#0	0
10487	Q0	2163701#0	0
10488	Q0	5197958#1	1
10488	Q0	201271#0	1
10488	Q0	201271#9	1
10488	Q0	736277#0	0
10488	Q0	5198766#0	0
10488	Q0	403467#0	0
10488	Q0	1475423#0	0
10488	Q0	1447096#0	0
10488	Q0	484568#0	0
10488	Q0	4089351#0	0
10489	Q0	1103940#0	1
10489	Q0	3566487#8	1
10489	Q0	3368271#8	1
10489	Q0	1103940#1	0
10489	Q0	3710654#0	0
10489	Q0	3710654#1	0
10489	Q0	1103940#17	0
10489	Q0	1103940#25	0
10489	Q0	62536#7	0
10489	Q0	2212542#0	0
10491	Q0	1397923#0	1
10491	Q0	2001145#0	0
10491	Q0	50652#2	0
10491	Q0	2978568#0	0
10491	Q0	1397923#1	0
10491	Q0	5139505#0	0
10491	Q0	2281795#0	0
10491	Q0	28071#4	0
10491	Q0	2758046#0	0
10491	Q0	50853#2	0
10492	Q0	50044#0	1
10492	Q0	4075465#1	0
10492	Q0	66786#7	0
10492	Q0	1158663#3	0
10492	Q0	25088#5	0
10492	Q0	2810775#0	0
10492	Q0	3106549#0	0
10492	Q0	64175#0	0
10492	Q0	4967186#1	0
10492	Q0	4529798#0	0
10493	Q0	35261#0	1
10493	Q0	2787978#0	0
10493	Q0	35261#5	0
10493	Q0	5220999#0	0
10493	Q0	2790710#0	0
10493	Q0	2713255#3	0
10493	Q0	35261#4	0
10493	Q0	81351#0	0
10493	Q0	717715#10	0
10493	Q0	2929217#0	0
10494	Q0	12517#3	1
10494	Q0	12517#0	1
10494	Q0	12517#4	0
10494	Q0	12517#14	0
10494	Q0	12517#7	0
10494	Q0	1292694#0	0
10494	Q0	2494840#1	0
10494	Q0	414601#0	0
10494	Q0	12517#16	0
10494	Q0	185758#4	0
10495	Q0	475954#0	1
10495	Q0	475954#1	1
10495	Q0	475954#10	0
10495	Q0	7429#8	0
10495	Q0	1301260#4	0
10495	Q0	1330611#0	0
10495	Q0	3033311#0	0
10495	Q0	475954#6	0
10495	Q0	475954#4	0
10495	Q0	1301260#0	0
10495	Q0	1991#1	0
10496	Q0	211910#0	1
10496	Q0	1925687#0	1
10496	Q0	211910#1	1
10496	Q0	629871#0	1
10496	Q0	211910#8	1
10496	Q0	211910#5	0
10496	Q0	4599227#18	0
10496	Q0	4599227#1	0
10496	Q0	937165#2	0
10496	Q0	4874568#0	0
10497	Q0	61579#0	1
10497	Q0	61579#1	0
10497	Q0	61579#5	0
10497	Q0	902436#1	0
10497	Q0	61579#3	0
10497	Q0	5157344#0	0
10497	Q0	1662725#1	0
10497	Q0	61579#2	0
10497	Q0	46639#5	0
10497	Q0	325580#0	0
10498	Q0	200665#2	1
10498	Q0	282465#1	0
10498	Q0	1333228#1	0
10498	Q0	4619874#29	0
10498	Q0	282465#0	0
10498	Q0	2580180#2	0
10498	Q0	5126224#0	0
10498	Q0	282465#44	0
10498	Q0	2835#0	0
10498	Q0	70041#6	0
10499	Q0	95790#0	1
10499	Q0	1055731#0	0
10499	Q0	95790#1	0
10499	Q0	1055731#1	0
10499	Q0	95790#3	0
10499	Q0	2726783#0	0
10499	Q0	1752472#0	0
10499	Q0	1147834#0	0
10499	Q0	1744143#25	0
10499	Q0	95790#4	0
10500	Q0	117958#10	1
10500	Q0	25256#6	1
10500	Q0	68861#0	1
10500	Q0	1574#7	1
10500	Q0	117958#6	1
10500	Q0	2277#9	1
10500	Q0	68861#48	0
10500	Q0	117958#8	0
10500	Q0	68861#14	0
10500	Q0	117958#2	0
10501	Q0	65022#0	1
10501	Q0	4218#24	0
10501	Q0	333945#0	0
10501	Q0	333945#3	0
10501	Q0	65022#6	0
10501	Q0	237884#1	0
10501	Q0	92145#11	0
10501	Q0	2713168#14	0
10501	Q0	1154903#0	0
10501	Q0	3047188#3	0
10502	Q0	7578#10	1
10502	Q0	321399#0	0
10502	Q0	2424104#0	0
10502	Q0	3461424#0	0
10502	Q0	1821651#9	0
10502	Q0	681483#0	0
10502	Q0	7558#27	0
10502	Q0	1084948#1	0
10502	Q0	2939397#0	0
10502	Q0	1627455#4	0
10503	Q0	344407#0	1
10503	Q0	2864722#0	0
10503	Q0	344407#4	0
10503	Q0	1701367#0	0
10503	Q0	2708932#0	0
10503	Q0	3782823#3	0
10503	Q0	3220721#0	0
10503	Q0	196862#0	0
10503	Q0	679897#0	0
10503	Q0	1096527#0	0
10504	Q0	1504548#0	1
10504	Q0	4102106#6	1
10504	Q0	2865476#7	1
10504	Q0	2865476#49	0
10504	Q0	22902#53	0
10504	Q0	24115#3	0
10504	Q0	2865476#48	0
10504	Q0	481456#10	0
10504	Q0	4102106#8	0
10504	Q0	956800#2	0
10505	Q0	340341#1	1
10505	Q0	291340#27	0
10505	Q0	340341#0	0
10505	Q0	19437#25	0
10505	Q0	749122#16	0
10505	Q0	1664715#11	0
10505	Q0	931326#4	0
10505	Q0	19437#1	0
10505	Q0	5129351#0	0
10505	Q0	1286664#6	0
10507	Q0	8741#0	1
10507	Q0	3905287#0	0
10507	Q0	1825118#0	0
10507	Q0	811943#0	0
10507	Q0	758039#0	0
10507	Q0	5270695#0	0
10507	Q0	1690310#0	0
10507	Q0	3110583#0	0
10507	Q0	3669671#0	0
10507	Q0	18193#0	0
10508	Q0	3030454#32	1
10508	Q0	3950293#9	0
10508	Q0	1690078#2	0
10508	Q0	3030454#3	0
10508	Q0	3030454#35	0
10508	Q0	379600#2	0
10508	Q0	3023627#1	0
10508	Q0	103641#5	0
10508	Q0	231705#1	0
10508	Q0	10579#21	0
10509	Q0	457475#0	1
10509	Q0	2293#24	0
10509	Q0	88207#0	0
10509	Q0	4381330#4	0
10509	Q0	3300632#0	0
10509	Q0	3282738#0	0
10509	Q0	4381330#0	0
10509	Q0	4224467#1	0
10509	Q0	2206670#0	0
10509	Q0	4224467#0	0
10510	Q0	960685#21	1
10510	Q0	16222#0	0
10510	Q0	654492#0	0
10510	Q0	4878402#0	0
10510	Q0	16222#3	0
10510	Q0	4921343#1	0
10510	Q0	3293177#0	0
10510	Q0	16222#2	0
10510	Q0	16222#5	0
10510	Q0	1088271#0	0
10511	Q0	3679692#4	1
10511	Q0	1069724#10	1
10511	Q0	1069724#0	1
10511	Q0	1069724#8	0
10511	Q0	1069724#20	0
10511	Q0	1069724#3	0
10511	Q0	1069724#11	0
10511	Q0	1069724#4	0
10511	Q0	1069724#6	0
10511	Q0	1069724#18	0
10511	Q0	1069724#23	0
10511	Q0	1069724#1	0
10512	Q0	2318418#0	1
10512	Q0	2902706#0	1
10512	Q0	148559#0	1
10512	Q0	42165#5	0
10512	Q0	1951131#1	0
10512	Q0	897649#1	0
10512	Q0	42165#1	0
10512	Q0	918664#1	0
10512	Q0	472938#4	0
10512	Q0	896318#3	0
10513	Q0	1825529#1	1
10513	Q0	176849#16	0
10513	Q0	176849#37	0
10513	Q0	1861185#1	0
10513	Q0	176849#31	0
10513	Q0	176849#26	0
10513	Q0	176849#53	0
10513	Q0	269644#91	0
10513	Q0	1195951#24	0
10513	Q0	176849#47	0
10517	Q0	4780552#25	1
10517	Q0	16084#0	1
10517	Q0	16084#2	0
10517	Q0	1344038#2	0
10517	Q0	4331143#1	0
10517	Q0	916663#4	0
10517	Q0	16084#1	0
10517	Q0	514250#6	0
10517	Q0	4333048#1	0
10517	Q0	337481#2	0
10518	Q0	83428#2	1
10518	Q0	83428#17	1
10518	Q0	3265730#0	0
10518	Q0	3177536#0	0
10518	Q0	3325#3	0
10518	Q0	1425124#19	0
10518	Q0	3176492#0	0
10518	Q0	827207#10	0
10518	Q0	6613#0	0
10518	Q0	3325#0	0
10519	Q0	277228#29	1
10519	Q0	277228#27	0
10519	Q0	277228#22	0
10519	Q0	277228#20	0
10519	Q0	277228#24	0
10519	Q0	277228#30	0
10519	Q0	277228#33	0
10519	Q0	277228#32	0
10519	Q0	277228#39	0
10519	Q0	277228#19	0
10520	Q0	44452#0	1
10520	Q0	1695263#4	0
10520	Q0	1695263#0	0
10520	Q0	1695263#2	0
10520	Q0	1695263#1	0
10520	Q0	44452#3	0
10520	Q0	44452#2	0
10520	Q0	1754080#1	0
10520	Q0	44452#1	0
10520	Q0	3455859#39	0
10521	Q0	105289#0	1
10521	Q0	105268#1	0
10521	Q0	105289#1	0
10521	Q0	311116#3	0
10521	Q0	1637548#0	0
10521	Q0	729295#0	0
10521	Q0	3238507#0	0
10521	Q0	3239404#0	0
10521	Q0	241406#1	0
10521	Q0	1753904#4	0
10523	Q0	86390#0	1
10523	Q0	1023381#0	1
10523	Q0	3250596#0	1
10523	Q0	3563981#0	1
10523	Q0	1080962#0	1
10523	Q0	3561748#0	1
10523	Q0	3840958#2	1
10523	Q0	4948730#0	0
10523	Q0	3356510#0	0
10523	Q0	3422142#0	0
10524	Q0	25743#0	1
10524	Q0	25743#2	1
10524	Q0	25743#3	1
10524	Q0	393814#0	0
10524	Q0	2351761#0	0
10524	Q0	5144342#0	0
10524	Q0	855977#0	0
10524	Q0	4549917#0	0
10524	Q0	2283961#0	0
10524	Q0	1289888#0	0
10525	Q0	512094#0	1
10525	Q0	1554742#93	0
10525	Q0	1554742#91	0
10525	Q0	1554742#3	0
10525	Q0	1554742#88	0
10525	Q0	1554742#96	0
10525	Q0	1554742#97	0
10525	Q0	1554742#92	0
10525	Q0	1554742#99	0
10525	Q0	1554742#98	0
10528	Q0	4679#19	1
10528	Q0	4679#18	1
10528	Q0	4679#0	1
10528	Q0	3473685#23	0
10528	Q0	3147610#3	0
10528	Q0	1656#32	0
10528	Q0	3473685#8	0
10528	Q0	123364#46	0
10528	Q0	3473685#33	0
10528	Q0	4679#6	0
10530	Q0	192553#17	1
10530	Q0	1769520#11	1
10530	Q0	437692#4	1
10530	Q0	1769520#12	0
10530	Q0	437692#0	0
10530	Q0	1430#19	0
10530	Q0	63259#8	0
10530	Q0	1430#20	0
10530	Q0	1470704#12	0
10530	Q0	179709#4	0
10531	Q0	887181#0	1
10531	Q0	891971#1	0
10531	Q0	3158868#0	0
10531	Q0	897624#0	0
10531	Q0	3811167#0	0
10531	Q0	3791437#0	0
10531	Q0	891985#0	0
10531	Q0	3811228#0	0
10531	Q0	3811190#0	0
10531	Q0	891971#0	0
10532	Q0	3551461#6	1
10532	Q0	41320#12	1
10532	Q0	4824133#3	0
10532	Q0	299494#2	0
10532	Q0	3590263#10	0
10532	Q0	3592304#13	0
10532	Q0	3551461#24	0
10532	Q0	1724246#1	0
10532	Q0	499713#1	0
10532	Q0	381722#0	0
10533	Q0	258257#0	1
10533	Q0	200916#3	1
10533	Q0	2929788#0	0
10533	Q0	4913592#0	0
10533	Q0	2910962#0	0
10533	Q0	4983901#0	0
10533	Q0	3054764#13	0
10533	Q0	1515023#0	0
10533	Q0	4828504#0	0
10533	Q0	39882#0	0
10534	Q0	16622#45	1
10534	Q0	16622#1	1
10534	Q0	16622#3	1
10534	Q0	16622#0	1
10534	Q0	16622#5	1
10534	Q0	4310192#0	0
10534	Q0	16622#9	0
10534	Q0	16622#6	0
10534	Q0	16622#34	0
10534	Q0	16622#49	0
10536	Q0	2835361#25	1
10536	Q0	24530#9	1
10536	Q0	1613#100	1
10536	Q0	57242#5	0
10536	Q0	1469456#23	0
10536	Q0	2123165#4	0
10536	Q0	3455890#2	0
10536	Q0	101275#45	0
10536	Q0	3235220#1	0
10536	Q0	2835361#26	0
10537	Q0	360468#0	1
10537	Q0	360468#8	1
10537	Q0	360468#13	0
10537	Q0	360468#1	0
10537	Q0	767874#3	0
10537	Q0	360468#57	0
10537	Q0	360468#26	0
10537	Q0	360468#51	0
10537	Q0	360468#54	0
10537	Q0	360468#4	0
10538	Q0	4678298#55	1
10538	Q0	11421#5	1
10538	Q0	11421#6	0
10538	Q0	11421#23	0
10538	Q0	11421#24	0
10538	Q0	1514#25	0
10538	Q0	971556#210	0
10538	Q0	4678298#53	0
10538	Q0	5190123#5	0
10538	Q0	11421#3	0
10540	Q0	3422062#0	1
10540	Q0	3422062#2	0
10540	Q0	3422062#15	0
10540	Q0	1952013#0	0
10540	Q0	667944#1	0
10540	Q0	3422062#8	0
10540	Q0	1458#1	0
10540	Q0	3422062#3	0
10540	Q0	3422062#1	0
10540	Q0	3422062#9	0
10541	Q0	7#1	1
10541	Q0	2276#10	1
10541	Q0	7#10	0
10541	Q0	150825#32	0
10541	Q0	2798014#70	0
10541	Q0	2673676#64	0
10541	Q0	3423953#4	0
10541	Q0	150825#53	0
10541	Q0	3423953#3	0
10541	Q0	50296#2	0
10545	Q0	25035#14	1
10545	Q0	25035#16	0
10545	Q0	25035#32	0
10545	Q0	25035#3	0
10545	Q0	25035#1	0
10545	Q0	25035#4	0
10545	Q0	35913#12	0
10545	Q0	25035#26	0
10545	Q0	25035#27	0
10545	Q0	1931436#2	0
10546	Q0	1644223#0	1
10546	Q0	1728433#0	0
10546	Q0	1711136#1	0
10546	Q0	66031#28	0
10546	Q0	246484#1	0
10546	Q0	2690074#0	0
10546	Q0	1644223#1	0
10546	Q0	296429#0	0
10546	Q0	246484#17	0
10546	Q0	1711136#6	0
10547	Q0	149250#0	1
10547	Q0	4958633#4	0
10547	Q0	4958633#2	0
10547	Q0	4958633#16	0
10547	Q0	149250#3	0
10547	Q0	4958633#0	0
10547	Q0	149250#16	0
10547	Q0	149250#13	0
10547	Q0	4958633#28	0
10547	Q0	4958633#3	0
10549	Q0	1843769#0	1
10549	Q0	286744#8	1
10549	Q0	10184#6	0
10549	Q0	286744#10	0
10549	Q0	286744#0	0
10549	Q0	1843769#1	0
10549	Q0	1473040#0	0
10549	Q0	281826#1	0
10549	Q0	1603435#0	0
10549	Q0	286744#4	0
10550	Q0	3578350#12	1
10550	Q0	3578350#2	1
10550	Q0	3578350#0	1
10550	Q0	3578350#11	0
10550	Q0	4542654#0	0
10550	Q0	3578350#10	0
10550	Q0	3578350#13	0
10550	Q0	3578350#8	0
10550	Q0	2970725#12	0
10550	Q0	194628#9	0
10551	Q0	816769#0	1
10551	Q0	816769#47	1
10551	Q0	816769#36	1
10551	Q0	816769#11	0
10551	Q0	3149254#0	0
10551	Q0	816769#48	0
10551	Q0	816769#12	0
10551	Q0	816769#15	0
10551	Q0	2838133#0	0
10551	Q0	242155#0	0
10555	Q0	5130198#38	1
10555	Q0	5130233#43	1
10555	Q0	21836#117	0
10555	Q0	4474780#14	0
10555	Q0	3046985#29	0
10555	Q0	1172107#2	0
10555	Q0	1479#21	0
10555	Q0	1479#35	0
10555	Q0	81502#4	0
10555	Q0	3651998#30	0
10556	Q0	1559151#9	1
10556	Q0	1465250#12	0
10556	Q0	4606581#47	0
10556	Q0	1815303#18	0
10556	Q0	72200#91	0
10556	Q0	5212072#4	0
10556	Q0	3191820#16	0
10556	Q0	1559151#24	0
10556	Q0	62904#19	0
10556	Q0	5212072#12	0
10557	Q0	3783156#2	1
10557	Q0	1334875#1	1
10557	Q0	3877#4	1
10557	Q0	1510229#2	1
10557	Q0	1334875#5	0
10557	Q0	1334875#4	0
10557	Q0	1821651#1	0
10557	Q0	3877#8	0
10557	Q0	2797#8	0
10557	Q0	1647073#0	0
10559	Q0	747941#1	1
10559	Q0	747941#0	0
10559	Q0	4968270#0	0
10559	Q0	747941#4	0
10559	Q0	1386833#0	0
10559	Q0	730682#1	0
10559	Q0	1842735#0	0
10559	Q0	94701#1	0
10559	Q0	747941#2	0
10559	Q0	2281754#1	0
10560	Q0	545548#0	1
10560	Q0	516293#0	0
10560	Q0	4258442#0	0
10560	Q0	545574#0	0
10560	Q0	545574#2	0
10560	Q0	472763#0	0
10560	Q0	2531986#5	0
10560	Q0	4748015#0	0
10560	Q0	4344712#0	0
10560	Q0	1069724#23	0
10561	Q0	161169#38	1
10561	Q0	4909355#0	0
10561	Q0	161169#41	0
10561	Q0	38242#6	0
10561	Q0	38242#4	0
10561	Q0	1132372#0	0
10561	Q0	161169#48	0
10561	Q0	1602361#0	0
10561	Q0	1808885#12	0
10561	Q0	4005366#4	0
10564	Q0	53524#0	1
10564	Q0	137385#4	1
10564	Q0	53524#3	1
10564	Q0	133787#1	1
10564	Q0	267613#11	1
10564	Q0	58968#71	0
10564	Q0	1950622#0	0
10564	Q0	53524#2	0
10564	Q0	269592#15	0
10564	Q0	16622#14	0
10565	Q0	1463678#7	1
10565	Q0	13991#9	1
10565	Q0	10024#14	0
10565	Q0	10027#16	0
10565	Q0	2835#4	0
10565	Q0	3895#21	0
10565	Q0	35166#15	0
10565	Q0	9415#24	0
10565	Q0	14012#7	0
10565	Q0	300592#6	0
10566	Q0	1462834#0	1
10566	Q0	1462834#19	1
10566	Q0	8875#39	1
10566	Q0	1520842#6	1
10566	Q0	35322#21	1
10566	Q0	3404862#3	1
10566	Q0	3079854#8	1
10566	Q0	142452#5	1
10566	Q0	102682#87	1
10566	Q0	3174525#60	1
10568	Q0	827891#0	1
10568	Q0	1670121#0	0
10568	Q0	3275304#0	0
10568	Q0	827891#2	0
10568	Q0	827891#1	0
10568	Q0	5178281#0	0
10568	Q0	4748218#0	0
10568	Q0	819474#0	0
10568	Q0	3298974#0	0
10568	Q0	5200518#0	0
10569	Q0	871209#6	1
10569	Q0	15667#0	1
10569	Q0	1503097#4	0
10569	Q0	871209#16	0
10569	Q0	15667#7	0
10569	Q0	871209#11	0
10569	Q0	871209#8	0
10569	Q0	15667#9	0
10569	Q0	1253994#20	0
10569	Q0	5134290#1	0
10571	Q0	1497622#0	1
10571	Q0	169244#0	1
10571	Q0	169244#1	1
10571	Q0	1497622#8	0
10571	Q0	1497622#13	0
10571	Q0	742491#0	0
10571	Q0	1762116#0	0
10571	Q0	184338#1	0
10571	Q0	1497622#7	0
10571	Q0	1497622#19	0
10572	Q0	946879#0	1
10572	Q0	946879#1	0
10572	Q0	946879#2	0
10572	Q0	939154#0	0
10572	Q0	946879#13	0
10572	Q0	946879#16	0
10572	Q0	256817#1	0
10572	Q0	946879#18	0
10572	Q0	549576#1	0
10572	Q0	1722178#0	0
10577	Q0	41803#3	1
10577	Q0	126280#0	0
10577	Q0	1466377#58	0
10577	Q0	3231752#0	0
10577	Q0	3758891#0	0
10577	Q0	41803#5	0
10577	Q0	41803#4	0
10577	Q0	186399#0	0
10577	Q0	6609#0	0
10577	Q0	2548585#0	0
10578	Q0	1446534#0	1
10578	Q0	147679#0	1
10578	Q0	11439#1	0
10578	Q0	2925833#2	0
10578	Q0	3055706#0	0
10578	Q0	2925833#1	0
10578	Q0	3043120#12	0
10578	Q0	31096#7	0
10578	Q0	357857#0	0
10578	Q0	2903535#37	0
10579	Q0	1306905#0	1
10579	Q0	2533784#0	1
10579	Q0	1306905#2	1
10579	Q0	2533784#2	1
10579	Q0	4126275#28	1
10579	Q0	1656#31	1
10579	Q0	2533784#3	0
10579	Q0	2533784#1	0
10579	Q0	1987535#8	0
10579	Q0	1521418#7	0
10580	Q0	3052354#0	1
10580	Q0	3052354#1	0
10580	Q0	56817#0	0
10580	Q0	921731#0	0
10580	Q0	246221#0	0
10580	Q0	3423923#0	0
10580	Q0	2974785#0	0
10580	Q0	4100909#0	0
10580	Q0	3813597#0	0
10580	Q0	3296006#1	0
10581	Q0	181510#0	1
10581	Q0	776037#0	1
10581	Q0	3137349#0	0
10581	Q0	831285#0	0
10581	Q0	181510#2	0
10581	Q0	3137305#0	0
10581	Q0	3162168#0	0
10581	Q0	3761476#7	0
10581	Q0	2811733#0	0
10581	Q0	437297#1	0
10583	Q0	2711812#16	1
10583	Q0	33937#0	1
10583	Q0	1936741#2	0
10583	Q0	1815491#2	0
10583	Q0	223348#0	0
10583	Q0	1961748#0	0
10583	Q0	56880#0	0
10583	Q0	1671166#3	0
10583	Q0	1936741#0	0
10583	Q0	2711812#15	0
10584	Q0	239548#4	1
10584	Q0	239548#0	1
10584	Q0	239548#3	1
10584	Q0	2695697#0	0
10584	Q0	739601#49	0
10584	Q0	239548#7	0
10584	Q0	239552#1	0
10584	Q0	239552#0	0
10584	Q0	239552#3	0
10584	Q0	1727941#3	0
10585	Q0	2948#37	1
10585	Q0	4275135#0	0
10585	Q0	923470#4	0
10585	Q0	923470#0	0
10585	Q0	4677316#0	0
10585	Q0	348803#37	0
10585	Q0	4722204#3	0
10585	Q0	10229#77	0
10585	Q0	348803#66	0
10585	Q0	791510#19	0
10586	Q0	1675356#6	1
10586	Q0	4517714#1	0
10586	Q0	1679812#0	0
10586	Q0	4149395#5	0
10586	Q0	512411#0	0
10586	Q0	1820276#1	0
10586	Q0	1585849#0	0
10586	Q0	264263#0	0
10586	Q0	4149395#0	0
10586	Q0	1109930#1	0
10587	Q0	35263#16	1
10587	Q0	2012617#1	0
10587	Q0	4972019#2	0
10587	Q0	4964695#0	0
10587	Q0	2012617#0	0
10587	Q0	4677525#3	0
10587	Q0	2012617#3	0
10587	Q0	4677525#5	0
10587	Q0	2012617#2	0
10587	Q0	2012617#7	0
10588	Q0	594941#0	1
10588	Q0	594941#7	1
10588	Q0	362264#4	0
10588	Q0	1249767#0	0
10588	Q0	4332348#0	0
10588	Q0	12137#0	0
10588	Q0	3220721#0	0
10588	Q0	3234355#1	0
10588	Q0	594941#5	0
10588	Q0	1829693#0	0
10589	Q0	235528#2	1
10589	Q0	235528#0	1
10589	Q0	235528#9	1
10589	Q0	235528#11	1
10589	Q0	235528#4	0
10589	Q0	1874226#2	0
10589	Q0	41881#14	0
10589	Q0	4531985#0	0
10589	Q0	1437632#0	0
10589	Q0	3849352#0	0
10591	Q0	37998#0	1
10591	Q0	12439#6	1
10591	Q0	30666#57	1
10591	Q0	1684136#1	0
10591	Q0	28737#32	0
10591	Q0	4249469#0	0
10591	Q0	30666#56	0
10591	Q0	30666#79	0
10591	Q0	37998#7	0
10591	Q0	5200244#0	0
10592	Q0	8660#32	1
10592	Q0	1349191#26	0
10592	Q0	1414983#14	0
10592	Q0	3827587#2	0
10592	Q0	1960481#2	0
10592	Q0	65056#25	0
10592	Q0	1411849#2	0
10592	Q0	1960479#2	0
10592	Q0	595699#29	0
10592	Q0	3926980#2	0
10594	Q0	65683#0	1
10594	Q0	65683#2	0
10594	Q0	5012590#0	0
10594	Q0	65683#18	0
10594	Q0	3298162#0	0
10594	Q0	65683#8	0
10594	Q0	65683#13	0
10594	Q0	65683#3	0
10594	Q0	65683#11	0
10594	Q0	65683#19	0
10598	Q0	4778089#2	1
10598	Q0	1246470#8	1
10598	Q0	1246470#4	1
10598	Q0	16061#7	1
10598	Q0	68718#7	1
10598	Q0	16061#12	1
10598	Q0	22419#0	0
10598	Q0	4934581#0	0
10598	Q0	415837#7	0
10598	Q0	254874#10	0
10599	Q0	39722#6	1
10599	Q0	1367064#3	1
10599	Q0	1480515#39	1
10599	Q0	1367064#2	1
10599	Q0	1367064#12	0
10599	Q0	3288161#5	0
10599	Q0	3288161#7	0
10599	Q0	926472#1	0
10599	Q0	57822#38	0
10599	Q0	57822#42	0
10604	Q0	346338#0	1
10604	Q0	227827#1	1
10604	Q0	2903528#0	0
10604	Q0	2709054#0	0
10604	Q0	25975#12	0
10604	Q0	1433866#0	0
10604	Q0	1214926#0	0
10604	Q0	1923094#16	0
10604	Q0	227826#0	0
10604	Q0	1211396#0	0
10607	Q0	1498630#0	1
10607	Q0	18152#15	0
10607	Q0	1652#10	0
10607	Q0	366025#0	0
10607	Q0	1792850#36	0
10607	Q0	1099700#8	0
10607	Q0	732035#10	0
10607	Q0	4821781#1	0
10607	Q0	3201985#5	0
10607	Q0	34337#1	0
10608	Q0	31955#0	1
10608	Q0	31955#55	1
10608	Q0	31955#19	0
10608	Q0	31955#57	0
10608	Q0	31955#10	0
10608	Q0	31955#3	0
10608	Q0	31955#12	0
10608	Q0	31955#6	0
10608	Q0	31955#53	0
10608	Q0	2799988#0	0
10611	Q0	2453157#10	1
10611	Q0	4268932#4	0
10611	Q0	2940#1	0
10611	Q0	2298189#2	0
10611	Q0	1959258#2	0
10611	Q0	1283865#1	0
10611	Q0	1959439#2	0
10611	Q0	4268932#0	0
10611	Q0	1994098#2	0
10611	Q0	1411464#2	0
10612	Q0	1924656#0	1
10612	Q0	2835361#12	1
10612	Q0	1924656#10	0
10612	Q0	1924656#8	0
10612	Q0	1924656#6	0
10612	Q0	1924656#2	0
10612	Q0	1924656#11	0
10612	Q0	1924656#7	0
10612	Q0	2835361#13	0
10612	Q0	1924656#5	0
10613	Q0	42693#9	1
10613	Q0	42693#0	1
10613	Q0	1981184#22	1
10613	Q0	2820440#0	0
10613	Q0	61445#0	0
10613	Q0	37231#13	0
10613	Q0	902088#0	0
10613	Q0	37231#10	0
10613	Q0	1163507#2	0
10613	Q0	239170#1	0
10614	Q0	1447776#0	1
10614	Q0	890383#0	0
10614	Q0	6611#3	0
10614	Q0	3046121#0	0
10614	Q0	11066#26	0
10614	Q0	1191706#0	0
10614	Q0	15276#14	0
10614	Q0	431263#0	0
10614	Q0	286217#1	0
10615	Q0	22146#8	1
10615	Q0	1291365#12	1
10615	Q0	1604580#4	0
10615	Q0	1619#18	0
10615	Q0	913548#21	0
10615	Q0	1746648#1	0
10615	Q0	5064231#9	0
10615	Q0	984758#16	0
10615	Q0	3778188#4	0
10615	Q0	31410#9	0
10617	Q0	352252#0	1
10617	Q0	3001314#1	1
10617	Q0	49651#0	0
10617	Q0	812401#0	0
10617	Q0	1593714#1	0
10617	Q0	3404862#1	0
10617	Q0	1861583#12	0
10617	Q0	1973042#0	0
10617	Q0	1922804#0	0
10617	Q0	2745713#0	0
10620	Q0	849979#0	1
10620	Q0	1537948#0	1
10620	Q0	1707921#14	0
10620	Q0	1707921#15	0
10620	Q0	1707921#13	0
10620	Q0	3523567#38	0
10620	Q0	1917542#1	0
10620	Q0	556607#0	0
10620	Q0	1707921#0	0
10620	Q0	1707921#7	0
10621	Q0	4302#6	1
10621	Q0	3348468#0	0
10621	Q0	4302#0	0
10621	Q0	7956#34	0
10621	Q0	15268#64	0
10621	Q0	1465780#6	0
10621	Q0	15268#15	0
10621	Q0	676113#9	0
10621	Q0	4302#2	0
10621	Q0	301381#1	0
10622	Q0	2945400#0	1
10622	Q0	1511399#0	0
10622	Q0	2945400#1	0
10622	Q0	2889672#0	0
10622	Q0	379426#0	0
10622	Q0	1531962#0	0
10622	Q0	1531962#13	0
10622	Q0	1992796#0	0
10622	Q0	197014#0	0
10622	Q0	63475#0	0
10623	Q0	350588#0	1
10623	Q0	4921284#2	0
10623	Q0	190606#0	0
10623	Q0	811825#2	0
10623	Q0	1087171#0	0
10623	Q0	3448748#0	0
10623	Q0	1193175#0	0
10623	Q0	350588#7	0
10623	Q0	350588#2	0
10623	Q0	350588#4	0
10625	Q0	2916#2	1
10625	Q0	2916#0	0
10625	Q0	2916#11	0
10625	Q0	2916#6	0
10625	Q0	1649291#2	0
10625	Q0	1649291#1	0
10625	Q0	1089014#3	0
10625	Q0	44118#48	0
10625	Q0	2916#10	0
10625	Q0	1089014#0	0
10626	Q0	3546176#0	1
10626	Q0	484050#2	0
10626	Q0	4274592#5	0
10626	Q0	484050#9	0
10626	Q0	484050#5	0
10626	Q0	484050#11	0
10626	Q0	1476546#0	0
10626	Q0	484050#4	0
10626	Q0	106095#2	0
10626	Q0	484050#10	0
10627	Q0	713993#0	1
10627	Q0	1270463#0	1
10627	Q0	30606#0	1
10627	Q0	4427645#0	1
10627	Q0	88648#0	1
10627	Q0	30606#19	0
10627	Q0	1270463#21	0
10627	Q0	191834#0	0
10627	Q0	1501915#0	0
10627	Q0	45502#10	0
10628	Q0	1513363#16	1
10628	Q0	49179#1	1
10628	Q0	1501337#10	1
10628	Q0	118628#0	1
10628	Q0	47642#0	1
10628	Q0	47642#28	0
10628	Q0	2366325#23	0
10628	Q0	49179#4	0
10628	Q0	142566#83	0
10628	Q0	3735136#254	0
10630	Q0	2824634#0	1
10630	Q0	732059#0	1
10630	Q0	3057477#0	1
10630	Q0	3049102#0	0
10630	Q0	2523767#18	0
10630	Q0	1575930#0	0
10630	Q0	9996#12	0
10630	Q0	3888516#11	0
10630	Q0	155628#0	0
10630	Q0	4458786#0	0
10631	Q0	2963109#0	1
10631	Q0	2963109#2	0
10631	Q0	2963109#1	0
10631	Q0	3044903#7	0
10631	Q0	2971634#0	0
10631	Q0	299740#0	0
10631	Q0	2963109#7	0
10631	Q0	3737385#0	0
10631	Q0	923700#0	0
10631	Q0	143798#0	0
10632	Q0	8660#0	1
10632	Q0	1414983#2	1
10632	Q0	1089903#0	0
10632	Q0	36575#0	0
10632	Q0	8660#27	0
10632	Q0	9072#5	0
10632	Q0	3546697#39	0
10632	Q0	6630#0	0
10632	Q0	1751#0	0
10632	Q0	1243011#1	0
10633	Q0	40438#0	1
10633	Q0	3004026#0	0
10633	Q0	275260#0	0
10633	Q0	40438#5	0
10633	Q0	3889601#0	0
10633	Q0	51786#0	0
10633	Q0	748901#2	0
10633	Q0	2165947#1	0
10633	Q0	40438#2	0
10633	Q0	711191#0	0
10634	Q0	19164#1	1
10634	Q0	1024498#0	0
10634	Q0	4401#15	0
10634	Q0	1591894#24	0
10634	Q0	306208#10	0
10634	Q0	11963#1	0
10634	Q0	416581#0	0
10634	Q0	149455#4	0
10634	Q0	10864#34	0
10634	Q0	329892#0	0
10635	Q0	3561#0	1
10635	Q0	1567239#1	1
10635	Q0	2531365#0	1
10635	Q0	1239586#0	0
10635	Q0	35336#0	0
10635	Q0	468131#0	0
10635	Q0	170597#0	0
10635	Q0	1567239#0	0
10635	Q0	35336#1	0
10635	Q0	268938#23	0
10636	Q0	1290780#0	1
10636	Q0	1134291#0	1
10636	Q0	512411#0	0
10636	Q0	2843131#0	0
10636	Q0	494177#31	0
10636	Q0	1013111#0	0
10636	Q0	3235375#0	0
10636	Q0	2365884#0	0
10636	Q0	1212327#13	0
10636	Q0	442885#0	0
10637	Q0	92666#0	1
10637	Q0	92666#1	0
10637	Q0	176396#0	0
10637	Q0	1349353#4	0
10637	Q0	16336#6	0
10637	Q0	1098743#0	0
10637	Q0	666910#0	0
10637	Q0	50664#0	0
10637	Q0	1777969#11	0
10637	Q0	1729258#6	0
10638	Q0	14936#1	1
10638	Q0	14936#0	1
10638	Q0	14936#5	0
10638	Q0	14936#6	0
10638	Q0	1443#4	0
10638	Q0	14936#4	0
10638	Q0	14936#3	0
10638	Q0	1473217#25	0
10638	Q0	14936#2	0
10638	Q0	2165967#4	0
10639	Q0	67140#7	1
10639	Q0	2834808#0	1
10639	Q0	2834808#3	1
10639	Q0	3276738#1	1
10639	Q0	3320454#4	0
10639	Q0	2834808#2	0
10639	Q0	1689880#6	0
10639	Q0	194525#7	0
10639	Q0	2834808#4	0
10639	Q0	1569018#22	0
10640	Q0	39262#8	1
10640	Q0	28061#12	1
10640	Q0	39262#0	1
10640	Q0	39262#4	1
10640	Q0	1425055#0	0
10640	Q0	4542820#0	0
10640	Q0	3928066#0	0
10640	Q0	4542820#1	0
10640	Q0	479288#0	0
10640	Q0	29205#30	0
10642	Q0	59800#4	1
10642	Q0	546691#3	1
10642	Q0	3439159#6	0
10642	Q0	59800#46	0
10642	Q0	59800#47	0
10642	Q0	13687#5	0
10642	Q0	2641#44	0
10642	Q0	59800#48	0
10642	Q0	3815916#3	0
10642	Q0	725240#2	0
10643	Q0	673123#0	1
10643	Q0	673123#5	0
10643	Q0	673123#4	0
10643	Q0	673123#1	0
10643	Q0	673123#12	0
10643	Q0	673123#3	0
10643	Q0	673123#34	0
10643	Q0	673123#22	0
10643	Q0	673123#10	0
10643	Q0	673123#8	0
10644	Q0	853616#0	1
10644	Q0	314411#0	1
10644	Q0	314411#6	0
10644	Q0	1663702#5	0
10644	Q0	853616#3	0
10644	Q0	853616#39	0
10644	Q0	257481#1	0
10644	Q0	3307840#0	0
10644	Q0	1917542#7	0
10644	Q0	2692298#0	0
10644	Q0	853616#44	0
10644	Q0	314411#2	0
10645	Q0	3081120#0	1
10645	Q0	2536735#2	0
10645	Q0	2536735#6	0
10645	Q0	1450101#9	0
10645	Q0	3172469#1	0
10645	Q0	2536735#0	0
10645	Q0	589881#0	0
10645	Q0	4176967#0	0
10645	Q0	3124167#0	0
10645	Q0	3172469#0	0
10646	Q0	2900380#0	1
10646	Q0	1061507#1	0
10646	Q0	139430#10	0
10646	Q0	272343#6	0
10646	Q0	4506887#0	0
10646	Q0	2940342#0	0
10646	Q0	456795#0	0
10646	Q0	1498197#13	0
10646	Q0	3554301#1	0
10646	Q0	2452098#0	0
10648	Q0	705058#1	1
10648	Q0	705058#36	1
10648	Q0	705058#14	0
10648	Q0	705058#0	0
10648	Q0	1840123#0	0
10648	Q0	5178766#0	0
10648	Q0	1451361#29	0
10648	Q0	705058#30	0
10648	Q0	705058#38	0
10648	Q0	705058#18	0
10652	Q0	3568918#1	1
10652	Q0	128698#0	1
10652	Q0	2529621#2	1
10652	Q0	3568918#2	0
10652	Q0	2529621#1	0
10652	Q0	128696#0	0
10652	Q0	3754225#47	0
10652	Q0	3754225#22	0
10652	Q0	2529621#0	0
10652	Q0	433731#0	0
10655	Q0	1826295#0	1
10655	Q0	756829#0	1
10655	Q0	1826295#1	1
10655	Q0	4478775#0	1
10655	Q0	1826295#5	1
10655	Q0	1826295#4	0
10655	Q0	1826295#6	0
10655	Q0	1532359#1	0
10655	Q0	5219299#0	0
10655	Q0	1826295#3	0
10657	Q0	56403#0	1
10657	Q0	56403#13	1
10657	Q0	56403#1	0
10657	Q0	56403#21	0
10657	Q0	3441228#0	0
10657	Q0	3441228#5	0
10657	Q0	56403#19	0
10657	Q0	2340784#0	0
10657	Q0	4613630#8	0
10657	Q0	56403#14	0
10659	Q0	747520#1	1
10659	Q0	558495#1	0
10659	Q0	272983#1	0
10659	Q0	2745613#2	0
10659	Q0	1695548#0	0
10659	Q0	1101545#0	0
10659	Q0	63721#1	0
10659	Q0	4915730#0	0
10659	Q0	105185#1	0
10659	Q0	3187857#2	0
10660	Q0	410564#3	1
10660	Q0	4600396#6	1
10660	Q0	560457#9	1
10660	Q0	264494#28	1
10660	Q0	252598#6	0
10660	Q0	410564#10	0
10660	Q0	410564#0	0
10660	Q0	410564#7	0
10660	Q0	1116061#2	0
10660	Q0	2948962#3	0
10661	Q0	941487#0	1
10661	Q0	935398#0	1
10661	Q0	940458#5	0
10661	Q0	2977524#13	0
10661	Q0	1216#38	0
10661	Q0	6621#58	0
10661	Q0	827418#0	0
10661	Q0	942107#2	0
10661	Q0	1216#10	0
10661	Q0	1220521#1	0
10662	Q0	575802#1	1
10662	Q0	37538#0	1
10662	Q0	37538#2	1
10662	Q0	575802#38	1
10662	Q0	11268#90	1
10662	Q0	1415#84	1
10662	Q0	37538#26	0
10662	Q0	37538#31	0
10662	Q0	37538#6	0
10662	Q0	116963#5	0
10663	Q0	379246#0	1
10663	Q0	9415#0	1
10663	Q0	4160770#14	1
10663	Q0	289341#1	0
10663	Q0	9415#6	0
10663	Q0	9415#28	0
10663	Q0	488497#3	0
10663	Q0	9415#87	0
10663	Q0	58971#2	0
10663	Q0	9415#32	0
10667	Q0	8670#25	1
10667	Q0	4954905#0	1
10667	Q0	16411#0	1
10667	Q0	2347441#0	0
10667	Q0	3812682#0	0
10667	Q0	1511434#4	0
10667	Q0	8670#0	0
10667	Q0	1595355#6	0
10667	Q0	4950668#0	0
10667	Q0	4387405#0	0
10668	Q0	1650249#0	1
10668	Q0	3005323#2	0
10668	Q0	2976206#1	0
10668	Q0	2977412#1	0
10668	Q0	2976495#1	0
10668	Q0	2976191#1	0
10668	Q0	2976154#1	0
10668	Q0	1067556#1	0
10668	Q0	2976148#1	0
10668	Q0	1260043#11	0
10669	Q0	1095865#0	1
10669	Q0	1486495#4	1
10669	Q0	916919#0	0
10669	Q0	1096997#7	0
10669	Q0	965042#0	0
10669	Q0	3067372#0	0
10669	Q0	3711#33	0
10669	Q0	1174936#1	0
10669	Q0	1287120#6	0
10669	Q0	1432821#0	0
10671	Q0	42693#0	1
10671	Q0	42693#9	1
10671	Q0	1981184#22	1
10671	Q0	2820440#0	0
10671	Q0	61445#0	0
10671	Q0	1981184#0	0
10671	Q0	42693#7	0
10671	Q0	4209803#0	0
10671	Q0	42693#16	0
10671	Q0	2105318#1	0
10673	Q0	346702#0	1
10673	Q0	632107#0	0
10673	Q0	632107#1	0
10673	Q0	4213988#0	0
10673	Q0	4506843#0	0
10673	Q0	3232275#0	0
10673	Q0	1972729#0	0
10673	Q0	263848#0	0
10673	Q0	2198327#0	0
10673	Q0	3867268#0	0
10674	Q0	39502#0	1
10674	Q0	2580058#4	1
10674	Q0	867683#13	0
10674	Q0	2616#63	0
10674	Q0	39502#2	0
10674	Q0	26535#3	0
10674	Q0	39502#1	0
10674	Q0	1150647#11	0
10674	Q0	3554000#0	0
10674	Q0	761806#1	0
10675	Q0	1466377#60	1
10675	Q0	379723#0	0
10675	Q0	379723#9	0
10675	Q0	1466377#78	0
10675	Q0	379723#8	0
10675	Q0	2484585#40	0
10675	Q0	379723#18	0
10675	Q0	379723#10	0
10675	Q0	1466377#47	0
10675	Q0	1090761#13	0
10676	Q0	252956#0	1
10676	Q0	1707905#2	1
10676	Q0	252956#2	0
10676	Q0	537059#2	0
10676	Q0	537059#4	0
10676	Q0	4990031#0	0
10676	Q0	3216631#1	0
10676	Q0	537059#0	0
10676	Q0	1934648#0	0
10676	Q0	51029#9	0
10678	Q0	2955580#0	1
10678	Q0	3723774#0	1
10678	Q0	2955580#2	0
10678	Q0	3723774#3	0
10678	Q0	230564#0	0
10678	Q0	2955580#1	0
10678	Q0	100596#13	0
10678	Q0	3741260#1	0
10678	Q0	3723774#55	0
10678	Q0	3723774#38	0
10684	Q0	13104#5	1
10684	Q0	13104#2	1
10684	Q0	13104#0	1
10684	Q0	560629#0	0
10684	Q0	654492#0	0
10684	Q0	1795859#0	0
10684	Q0	1862008#0	0
10684	Q0	1093078#0	0
10684	Q0	1578539#0	0
10684	Q0	920742#0	0
10686	Q0	7992#11	1
10686	Q0	28299#14	1
10686	Q0	475919#7	0
10686	Q0	4915983#9	0
10686	Q0	7992#35	0
10686	Q0	7992#32	0
10686	Q0	7992#27	0
10686	Q0	7992#31	0
10686	Q0	7992#19	0
10686	Q0	24931#19	0
10687	Q0	9072#1	1
10687	Q0	1348396#18	0
10687	Q0	2204530#6	0
10687	Q0	9072#3	0
10687	Q0	1277595#36	0
10687	Q0	1417665#0	0
10687	Q0	3363#13	0
10687	Q0	1428588#4	0
10687	Q0	275291#1	0
10687	Q0	4532956#10	0
10688	Q0	1439645#0	1
10688	Q0	1518213#0	0
10688	Q0	420676#0	0
10688	Q0	434740#1	0
10688	Q0	471359#4	0
10688	Q0	20429#0	0
10688	Q0	1054389#1	0
10688	Q0	560630#1	0
10688	Q0	1027501#0	0
10688	Q0	51470#3	0
10689	Q0	1653788#0	1
10689	Q0	1343516#12	0
10689	Q0	1343516#11	0
10689	Q0	1343516#1	0
10689	Q0	1211748#0	0
10689	Q0	1343516#14	0
10689	Q0	5227357#3	0
10689	Q0	1343516#51	0
10689	Q0	341010#0	0
10689	Q0	2004#1	0
10690	Q0	447286#2	1
10690	Q0	1897743#8	1
10690	Q0	447286#9	0
10690	Q0	447286#1	0
10690	Q0	150829#5	0
10690	Q0	447286#5	0
10690	Q0	3901615#4	0
10690	Q0	1104358#1	0
10690	Q0	3915644#1	0
10690	Q0	447286#0	0
10693	Q0	1564965#0	1
10693	Q0	2116904#0	0
10693	Q0	3253030#0	0
10693	Q0	1504022#1	0
10693	Q0	1312049#1	0
10693	Q0	2641471#0	0
10693	Q0	3191217#0	0
10693	Q0	1510137#1	0
10693	Q0	2894993#0	0
10693	Q0	3562#0	0
10694	Q0	91126#0	1
10694	Q0	2335038#0	0
10694	Q0	651786#2	0
10694	Q0	65351#10	0
10694	Q0	827954#6	0
10694	Q0	91126#1	0
10694	Q0	58014#10	0
10694	Q0	7218#41	0
10694	Q0	2920227#0	0
10694	Q0	91126#3	0
10695	Q0	2897590#0	1
10695	Q0	46999#0	1
10695	Q0	3664634#0	0
10695	Q0	1660049#0	0
10695	Q0	4045050#0	0
10695	Q0	3559792#0	0
10695	Q0	3653264#0	0
10695	Q0	1203862#0	0
10695	Q0	293672#0	0
10695	Q0	1451759#0	0
10696	Q0	184044#0	1
10696	Q0	4172437#0	0
10696	Q0	3761579#0	0
10696	Q0	2291503#0	0
10696	Q0	1957746#0	0
10696	Q0	1957737#0	0
10696	Q0	954684#1	0
10696	Q0	7933#5	0
10696	Q0	147901#0	0
10696	Q0	1957647#0	0
10697	Q0	447384#0	1
10697	Q0	4879574#4	0
10697	Q0	4879574#0	0
10697	Q0	211415#18	0
10697	Q0	4307176#1	0
10697	Q0	3133239#0	0
10697	Q0	3394525#0	0
10697	Q0	2996267#1	0
10697	Q0	708031#0	0
10697	Q0	2399585#7	0
10699	Q0	1809445#0	1
10699	Q0	2186172#6	1
10699	Q0	45924#3	0
10699	Q0	2186172#15	0
10699	Q0	2186172#14	0
10699	Q0	2263513#0	0
10699	Q0	2186172#0	0
10699	Q0	2263513#3	0
10699	Q0	2186172#1	0
10699	Q0	2186172#13	0
10701	Q0	3050083#21	1
10701	Q0	2405746#2	0
10701	Q0	2405746#6	0
10701	Q0	50380#3	0
10701	Q0	2405746#0	0
10701	Q0	32683#1	0
10701	Q0	3761004#0	0
10701	Q0	3050083#1	0
10701	Q0	1180805#6	0
10701	Q0	1180805#7	0
10702	Q0	43559#2	1
10702	Q0	3957636#0	1
10702	Q0	43559#16	0
10702	Q0	43559#0	0
10702	Q0	3957636#17	0
10702	Q0	43559#18	0
10702	Q0	3957636#14	0
10702	Q0	3957636#20	0
10702	Q0	1525#0	0
10702	Q0	43559#3	0
10703	Q0	54677#2	1
10703	Q0	1535542#7	1
10703	Q0	1546429#9	0
10703	Q0	61769#13	0
10703	Q0	1535542#23	0
10703	Q0	1546429#5	0
10703	Q0	61769#9	0
10703	Q0	54677#3	0
10703	Q0	980048#4	0
10703	Q0	1535542#37	0
10704	Q0	39474#0	1
10704	Q0	4535345#0	0
10704	Q0	3250312#0	0
10704	Q0	4201527#0	0
10704	Q0	147935#0	0
10704	Q0	4537901#0	0
10704	Q0	645274#0	0
10704	Q0	4535341#0	0
10704	Q0	3562#0	0
10704	Q0	1647381#0	0
10706	Q0	24540#12	1
10706	Q0	24540#7	1
10706	Q0	24540#0	1
10706	Q0	24540#3	0
10706	Q0	1088482#7	0
10706	Q0	3204646#0	0
10706	Q0	24540#13	0
10706	Q0	24540#36	0
10706	Q0	24540#11	0
10706	Q0	24540#6	0
10707	Q0	6493#6	1
10707	Q0	1629496#46	1
10707	Q0	6493#2	1
10707	Q0	67026#48	1
10707	Q0	6493#31	0
10707	Q0	301892#1	0
10707	Q0	67026#9	0
10707	Q0	3175428#0	0
10707	Q0	1723838#1	0
10707	Q0	1680685#8	0
10708	Q0	254116#2	1
10708	Q0	254116#4	1
10708	Q0	254116#11	1
10708	Q0	20938#14	0
10708	Q0	254116#22	0
10708	Q0	1757714#1	0
10708	Q0	2348476#1	0
10708	Q0	4621#8	0
10708	Q0	254116#17	0
10708	Q0	122458#2	0
10709	Q0	3693#17	1
10709	Q0	1909#2	0
10709	Q0	3693#15	0
10709	Q0	3693#20	0
10709	Q0	845482#3	0
10709	Q0	2088508#0	0
10709	Q0	3439800#0	0
10709	Q0	2547452#12	0
10709	Q0	1736386#0	0
10709	Q0	1833959#2	0
10711	Q0	20504#5	1
10711	Q0	20504#25	0
10711	Q0	7826#0	0
10711	Q0	843545#89	0
10711	Q0	4394123#11	0
10711	Q0	1541112#0	0
10711	Q0	101358#21	0
10711	Q0	196223#0	0
10711	Q0	1520215#0	0
10711	Q0	4275781#0	0
10712	Q0	410232#0	1
10712	Q0	65729#3	0
10712	Q0	1728347#2	0
10712	Q0	836016#0	0
10712	Q0	2897882#0	0
10712	Q0	1690398#2	0
10712	Q0	1122766#0	0
10712	Q0	616586#0	0
10712	Q0	4422981#0	0
10712	Q0	3458524#0	0
10713	Q0	25754#0	1
10713	Q0	25754#9	0
10713	Q0	4285896#3	0
10713	Q0	3357574#0	0
10713	Q0	3208100#4	0
10713	Q0	338499#4	0
10713	Q0	921230#11	0
10713	Q0	55992#0	0
10713	Q0	1864168#0	0
10713	Q0	206147#2	0
10715	Q0	306007#0	1
10715	Q0	2826#90	1
10715	Q0	306007#1	0
10715	Q0	882205#3	0
10715	Q0	176624#53	0
10715	Q0	1700488#1	0
10715	Q0	3319697#6	0
10715	Q0	3765111#0	0
10715	Q0	2077352#0	0
10715	Q0	3572253#2	0
10716	Q0	1253#5	1
10716	Q0	1905412#1	1
10716	Q0	1043800#77	1
10716	Q0	1910740#0	1
10716	Q0	1905664#0	1
10716	Q0	1253#64	0
10716	Q0	17900#8	0
10716	Q0	1043800#79	0
10716	Q0	1140154#7	0
10716	Q0	20610#22	0
10718	Q0	80902#22	1
10718	Q0	581626#0	0
10718	Q0	1857429#0	0
10718	Q0	4237432#1	0
10718	Q0	510407#0	0
10718	Q0	1857488#1	0
10718	Q0	4881779#1	0
10718	Q0	3229255#0	0
10718	Q0	1915794#0	0
10718	Q0	1874692#0	0
10719	Q0	17962#0	1
10719	Q0	17962#1	1
10719	Q0	17962#20	1
10719	Q0	17962#4	0
10719	Q0	17962#5	0
10719	Q0	17962#19	0
10719	Q0	17962#64	0
10719	Q0	17962#16	0
10719	Q0	17962#27	0
10719	Q0	17962#68	0
10720	Q0	249764#1	1
10720	Q0	3456897#4	1
10720	Q0	162136#1	1
10720	Q0	651474#12	0
10720	Q0	29977#60	0
10720	Q0	4608808#3	0
10720	Q0	4320951#0	0
10720	Q0	328501#12	0
10720	Q0	3250442#4	0
10720	Q0	5419#11	0
10721	Q0	19535#0	1
10721	Q0	25790#3	1
10721	Q0	19535#6	1
10721	Q0	3536683#0	0
10721	Q0	1551498#0	0
10721	Q0	203419#1	0
10721	Q0	1169320#0	0
10721	Q0	9415#0	0
10721	Q0	3926314#0	0
10721	Q0	24913#0	0
10726	Q0	14787#0	1
10726	Q0	14787#1	1
10726	Q0	274471#0	0
10726	Q0	150502#0	0
10726	Q0	630485#1	0
10726	Q0	441386#1	0
10726	Q0	240614#4	0
10726	Q0	1036220#0	0
10726	Q0	317083#0	0
10726	Q0	125131#0	0
10727	Q0	1598#0	1
10727	Q0	1598#2	1
10727	Q0	343734#2	0
10727	Q0	1598#6	0
10727	Q0	3453015#0	0
10727	Q0	385082#0	0
10727	Q0	1598#5	0
10727	Q0	4026581#0	0
10727	Q0	343734#0	0
10727	Q0	1598#13	0
10730	Q0	755704#0	1
10730	Q0	285738#0	1
10730	Q0	755704#5	0
10730	Q0	3142481#9	0
10730	Q0	4231707#6	0
10730	Q0	3142481#47	0
10730	Q0	3132196#6	0
10730	Q0	3142481#16	0
10730	Q0	3142481#5	0
10730	Q0	3142481#2	0
10731	Q0	458675#0	1
10731	Q0	775010#3	0
10731	Q0	379644#37	0
10731	Q0	1157951#0	0
10731	Q0	775010#0	0
10731	Q0	1156304#0	0
10731	Q0	666056#20	0
10731	Q0	1156367#0	0
10731	Q0	1156391#0	0
10731	Q0	458675#8	0
10733	Q0	1298023#0	1
10733	Q0	1956544#0	1
10733	Q0	1298023#1	0
10733	Q0	3452805#0	0
10733	Q0	3308648#0	0
10733	Q0	3303783#0	0
10733	Q0	1986006#0	0
10733	Q0	12854#4	0
10733	Q0	2179965#0	0
10733	Q0	3455638#0	0
10736	Q0	123186#50	1
10736	Q0	123186#14	1
10736	Q0	1300286#4	1
10736	Q0	1300286#1	1
10736	Q0	1300286#8	1
10736	Q0	579245#37	0
10736	Q0	1051638#5	0
10736	Q0	1619#29	0
10736	Q0	3118492#2	0
10736	Q0	989688#0	0
10736	Q0	35667#6	0
10740	Q0	381474#4	1
10740	Q0	381474#1	1
10740	Q0	1353#35	1
10740	Q0	300202#1	1
10740	Q0	52895#5	0
10740	Q0	478501#0	0
10740	Q0	1353#2	0
10740	Q0	1353#34	0
10740	Q0	1353#48	0
10740	Q0	1353#37	0
10741	Q0	30231#6	1
10741	Q0	3673#32	1
10741	Q0	4957017#1	0
10741	Q0	2172625#0	0
10741	Q0	12269#31	0
10741	Q0	25006#73	0
10741	Q0	312572#3	0
10741	Q0	42461#4	0
10741	Q0	107506#9	0
10741	Q0	1676823#2	0
10744	Q0	423129#0	1
10744	Q0	423129#3	1
10745	Q0	128552#0	1
10745	Q0	843545#69	1
10745	Q0	3044173#10	0
10745	Q0	21275#19	0
10745	Q0	3032768#3	0
10745	Q0	128552#4	0
10745	Q0	128552#11	0
10745	Q0	128552#7	0
10745	Q0	128552#1	0
10745	Q0	128552#16	0
10747	Q0	297756#8	1
10747	Q0	4983536#3	1
10747	Q0	11068#3	1
10747	Q0	3516914#0	0
10747	Q0	3061287#6	0
10747	Q0	1057917#5	0
10747	Q0	51935#5	0
10747	Q0	1636431#0	0
10747	Q0	364421#6	0
10747	Q0	3270225#0	0
10748	Q0	805982#0	1
10748	Q0	850534#31	0
10748	Q0	1827887#8	0
10748	Q0	3129282#0	0
10748	Q0	1108638#4	0
10748	Q0	1158619#1	0
10748	Q0	2219063#1	0
10748	Q0	1693463#1	0
10748	Q0	1827887#12	0
10748	Q0	1094764#0	0
10750	Q0	30120#0	1
10750	Q0	314544#87	0
10750	Q0	3261289#8	0
10750	Q0	1040802#0	0
10750	Q0	2811791#0	0
10750	Q0	643373#26	0
10750	Q0	625738#15	0
10750	Q0	30120#1	0
10750	Q0	1220782#1	0
10750	Q0	11782#3	0
10751	Q0	1181854#0	1
10751	Q0	627807#2	0
10751	Q0	12716#5	0
10751	Q0	24799#4	0
10751	Q0	759338#0	0
10751	Q0	2296972#5	0
10751	Q0	2291195#2	0
10751	Q0	1974822#2	0
10751	Q0	1363314#2	0
10751	Q0	2291195#4	0
10753	Q0	1805120#0	1
10753	Q0	1764182#3	1
10753	Q0	1889936#0	0
10753	Q0	1805120#1	0
10753	Q0	34627#2	0
10753	Q0	1088314#1	0
10753	Q0	34627#6	0
10753	Q0	4676054#1	0
10753	Q0	1419472#1	0
10753	Q0	1247187#5	0
10755	Q0	5110558#10	1
10755	Q0	2727853#2	1
10755	Q0	747906#12	1
10755	Q0	59524#5	0
10755	Q0	1557010#0	0
10755	Q0	3768155#0	0
10755	Q0	3768155#7	0
10755	Q0	288934#3	0
10755	Q0	56831#28	0
10755	Q0	3768155#2	0
10756	Q0	597058#2	1
10756	Q0	985361#2	0
10756	Q0	4375388#9	0
10756	Q0	381659#0	0
10756	Q0	3432284#11	0
10756	Q0	162136#4	0
10756	Q0	4837817#1	0
10756	Q0	381659#10	0
10756	Q0	3424231#14	0
10756	Q0	5036462#19	0
10757	Q0	41781#0	1
10757	Q0	41781#1	1
10757	Q0	308062#4	1
10757	Q0	41781#20	0
10757	Q0	984851#2	0
10757	Q0	41781#6	0
10757	Q0	388995#39	0
10757	Q0	41781#16	0
10757	Q0	41781#8	0
10757	Q0	984851#25	0
10758	Q0	232568#1	1
10758	Q0	3767013#0	1
10758	Q0	383707#13	1
10758	Q0	3767013#22	0
10758	Q0	2980263#2	0
10758	Q0	383707#21	0
10758	Q0	1571256#0	0
10758	Q0	232568#44	0
10758	Q0	84112#0	0
10758	Q0	232568#42	0
10758	Q0	3767013#2	0
10763	Q0	850664#31	1
10763	Q0	11895#0	1
10763	Q0	1946#26	1
10763	Q0	11895#10	0
10763	Q0	3044896#0	0
10763	Q0	410282#0	0
10763	Q0	11808#17	0
10763	Q0	4606022#0	0
10763	Q0	142578#8	0
10763	Q0	7179#21	0
10765	Q0	3124934#0	1
10765	Q0	485713#0	1
10765	Q0	8875#12	1
10765	Q0	3466376#0	1
10765	Q0	485713#4	1
10765	Q0	3466376#14	0
10765	Q0	39369#64	0
10765	Q0	4515025#13	0
10765	Q0	4515025#12	0
10765	Q0	3466376#16	0
10769	Q0	2931811#1	1
10769	Q0	316786#1	1
10769	Q0	69519#3	0
10769	Q0	2931811#8	0
10769	Q0	2931811#9	0
10769	Q0	3066445#5	0
10769	Q0	400284#0	0
10769	Q0	3579430#2	0
10769	Q0	8921#22	0
10769	Q0	2523716#1	0
10770	Q0	12592#0	1
10770	Q0	777620#75	1
10770	Q0	157298#3	0
10770	Q0	285162#1	0
10770	Q0	10036#19	0
10770	Q0	39803#10	0
10770	Q0	262600#7	0
10770	Q0	959238#1	0
10770	Q0	285162#5	0
10770	Q0	27242#0	0
10771	Q0	5931#0	1
10771	Q0	5931#5	1
10771	Q0	5931#7	1
10771	Q0	3959742#0	1
10771	Q0	3897516#2	1
10771	Q0	5931#48	1
10771	Q0	3044628#0	0
10771	Q0	2537985#6	0
10771	Q0	2311003#1	0
10771	Q0	5931#25	0
10773	Q0	560507#2	1
10773	Q0	560507#0	1
10773	Q0	1109019#0	1
10773	Q0	560507#1	0
10773	Q0	560507#7	0
10773	Q0	560507#15	0
10773	Q0	560507#5	0
10773	Q0	560507#13	0
10773	Q0	560507#4	0
10773	Q0	560507#9	0
10775	Q0	2739955#0	1
10775	Q0	2897917#0	0
10775	Q0	2900012#0	0
10775	Q0	250317#0	0
10775	Q0	3810571#0	0
10775	Q0	2803236#3	0
10775	Q0	3214045#1	0
10775	Q0	3568284#2	0
10775	Q0	4422401#0	0
10775	Q0	1480834#28	0
10777	Q0	117034#0	1
10777	Q0	34561#15	1
10777	Q0	380325#0	0
10777	Q0	117034#35	0
10777	Q0	117034#50	0
10777	Q0	150405#14	0
10777	Q0	117034#20	0
10777	Q0	385291#3	0
10777	Q0	1604619#4	0
10777	Q0	1076929#1	0
10778	Q0	983001#7	1
10778	Q0	327510#0	1
10778	Q0	2771413#0	1
10778	Q0	983001#4	1
10778	Q0	1476970#0	1
10778	Q0	983001#5	0
10778	Q0	1600275#0	0
10778	Q0	2771413#1	0
10778	Q0	1476970#7	0
10778	Q0	983001#29	0
10779	Q0	2236016#0	1
10779	Q0	2236016#2	1
10779	Q0	2236016#17	0
10779	Q0	2236016#12	0
10779	Q0	2236016#16	0
10779	Q0	2236016#18	0
10779	Q0	2236016#7	0
10779	Q0	2236016#6	0
10779	Q0	2236016#20	0
10779	Q0	2236016#11	0
10780	Q0	25697#0	1
10780	Q0	25697#8	1
10780	Q0	25697#1	1
10780	Q0	25697#13	1
10780	Q0	25697#20	0
10780	Q0	25697#31	0
10780	Q0	25697#24	0
10780	Q0	25697#29	0
10780	Q0	239214#0	0
10780	Q0	25697#34	0
10782	Q0	3387577#11	1
10782	Q0	2319273#0	0
10782	Q0	3328677#1	0
10782	Q0	3475150#0	0
10782	Q0	2715520#3	0
10782	Q0	602316#3	0
10782	Q0	3024975#0	0
10782	Q0	2915273#38	0
10782	Q0	3193118#0	0
10782	Q0	4259759#10	0
10783	Q0	248068#1	1
10783	Q0	3121930#0	1
10783	Q0	128715#0	1
10783	Q0	1253248#1	0
10783	Q0	1773688#5	0
10783	Q0	359256#0	0
10783	Q0	1288183#0	0
10783	Q0	682049#29	0
10783	Q0	2656308#1	0
10783	Q0	3347271#0	0
10783	Q0	632304#0	0
10783	Q0	128715#6	0
10784	Q0	1060140#1	1
10784	Q0	1180805#6	1
10784	Q0	1069443#0	1
10784	Q0	3050083#1	1
10784	Q0	1180805#12	0
10784	Q0	3231119#50	0
10784	Q0	32683#0	0
10784	Q0	1042731#0	0
10784	Q0	1645941#1	0
10784	Q0	1060140#5	0
10787	Q0	135442#3	1
10787	Q0	135442#0	1
10787	Q0	1412653#0	0
10787	Q0	1039143#0	0
10787	Q0	2733563#0	0
10787	Q0	1105792#0	0
10787	Q0	302180#0	0
10787	Q0	135442#2	0
10787	Q0	263602#0	0
10787	Q0	761721#0	0
10788	Q0	1547448#0	1
10788	Q0	46396#4	1
10788	Q0	12555#1	1
10788	Q0	942909#0	0
10788	Q0	8985#18	0
10788	Q0	12555#3	0
10788	Q0	491134#0	0
10788	Q0	942909#11	0
10788	Q0	12555#0	0
10788	Q0	548712#0	0
10788	Q0	491196#23	0
10788	Q0	12555#2	0
10789	Q0	1037555#0	1
10789	Q0	952109#0	0
10789	Q0	1437560#3	0
10789	Q0	1437566#2	0
10789	Q0	10562#12	0
10789	Q0	1437566#4	0
10789	Q0	50344#4	0
10789	Q0	3090622#0	0
10789	Q0	164957#14	0
10789	Q0	10826#0	0
10790	Q0	537677#27	1
10790	Q0	5252194#1	0
10790	Q0	525703#0	0
10790	Q0	495552#0	0
10790	Q0	269432#0	0
10790	Q0	537677#24	0
10790	Q0	2514056#9	0
10790	Q0	1137931#1	0
10790	Q0	3431529#1	0
10790	Q0	1666136#1	0
10792	Q0	426353#0	1
10792	Q0	15263#0	1
10792	Q0	426353#2	0
10792	Q0	4330145#12	0
10792	Q0	4329639#12	0
10792	Q0	205493#4	0
10792	Q0	136397#1	0
10792	Q0	426358#2	0
10792	Q0	892183#1	0
10792	Q0	1662950#0	0
10793	Q0	4915994#0	1
10793	Q0	4915994#1	0
10793	Q0	1478134#0	0
10793	Q0	4915994#3	0
10793	Q0	1478134#1	0
10793	Q0	1478134#8	0
10793	Q0	2123319#0	0
10793	Q0	1094312#1	0
10793	Q0	133638#8	0
10793	Q0	537485#0	0
10794	Q0	3439500#0	1
10794	Q0	95715#4	1
10794	Q0	95715#0	1
10794	Q0	95715#5	0
10794	Q0	2529781#5	0
10794	Q0	3574388#0	0
10794	Q0	3152871#9	0
10794	Q0	1874226#0	0
10794	Q0	1874226#2	0
10794	Q0	560507#0	0
10795	Q0	16224#84	1
10795	Q0	1730424#4	1
10795	Q0	1710375#5	1
10795	Q0	183431#0	1
10795	Q0	183431#12	1
10795	Q0	2307926#64	1
10795	Q0	397103#1	1
10795	Q0	183431#10	0
10795	Q0	1434527#6	0
10795	Q0	1420147#4	0
10796	Q0	16576#0	1
10796	Q0	6994#23	0
10796	Q0	25790#4	0
10796	Q0	2405957#1	0
10796	Q0	1168414#1	0
10796	Q0	8224#0	0
10796	Q0	168313#0	0
10796	Q0	6994#57	0
10796	Q0	25790#36	0
10796	Q0	1169477#0	0
10797	Q0	51989#2	1
10797	Q0	2153678#9	0
10797	Q0	1453621#0	0
10797	Q0	11011#11	0
10797	Q0	4971030#7	0
10797	Q0	4673940#2	0
10797	Q0	1023081#7	0
10797	Q0	4385342#0	0
10797	Q0	1827709#17	0
10797	Q0	3325236#0	0
10799	Q0	1270463#62	1
10799	Q0	30606#52	1
10799	Q0	1990703#0	1
10799	Q0	904020#1	1
10799	Q0	30606#69	1
10799	Q0	1040110#6	0
10799	Q0	6961#4	0
10799	Q0	30606#33	0
10799	Q0	42714#0	0
10799	Q0	1270463#39	0
10800	Q0	333851#0	1
10800	Q0	866847#1	0
10800	Q0	618071#0	0
10800	Q0	5187963#9	0
10800	Q0	1791036#3	0
10800	Q0	1444502#52	0
10800	Q0	4519170#0	0
10800	Q0	1430878#1	0
10800	Q0	1154903#0	0
10800	Q0	5140801#0	0
10801	Q0	1521894#2	1
10801	Q0	1521894#0	1
10801	Q0	1521894#4	1
10801	Q0	1521894#5	1
10801	Q0	286217#0	1
10801	Q0	1105140#5	0
10801	Q0	1521894#1	0
10801	Q0	29579#7	0
10801	Q0	541800#0	0
10801	Q0	1521894#3	0
10802	Q0	1095082#6	1
10802	Q0	1095082#0	1
10802	Q0	1095082#1	1
10802	Q0	306306#4	1
10802	Q0	1095082#5	0
10802	Q0	1095082#7	0
10802	Q0	409205#8	0
10802	Q0	1095082#8	0
10802	Q0	1095082#9	0
10802	Q0	1095082#2	0
10803	Q0	18892#0	1
10803	Q0	18892#2	0
10803	Q0	18892#1	0
10803	Q0	18892#32	0
10803	Q0	18892#51	0
10803	Q0	18892#20	0
10803	Q0	18892#13	0
10803	Q0	18892#53	0
10803	Q0	18892#21	0
10804	Q0	3916#15	1
10804	Q0	3916#16	1
10804	Q0	2993606#1	1
10804	Q0	2993606#0	1
10804	Q0	4215328#0	0
10804	Q0	3916#20	0
10804	Q0	12556#0	0
10804	Q0	1691949#2	0
10804	Q0	3344468#0	0
10804	Q0	3916#19	0
10805	Q0	88723#0	1
10805	Q0	88723#1	1
10805	Q0	3439568#1	1
10805	Q0	1495363#48	1
10805	Q0	131998#94	1
10805	Q0	2973762#10	0
10805	Q0	1530590#1	0
10805	Q0	3538027#6	0
10805	Q0	668694#37	0
10805	Q0	3003748#0	0
10807	Q0	3412#6	1
10807	Q0	2953235#5	0
10807	Q0	3412#0	0
10807	Q0	10515#50	0
10807	Q0	262600#16	0
10807	Q0	37771#48	0
10807	Q0	50677#15	0
10807	Q0	4264085#19	0
10807	Q0	3412#51	0
10807	Q0	894702#0	0
10808	Q0	11540#0	1
10808	Q0	1934#3	1
10808	Q0	980264#0	1
10808	Q0	1144471#0	0
10808	Q0	1020478#1	0
10808	Q0	415709#0	0
10808	Q0	39323#1	0
10808	Q0	576872#1	0
10808	Q0	890151#0	0
10808	Q0	189229#21	0
10809	Q0	2088003#0	1
10809	Q0	1682255#1	0
10809	Q0	298197#0	0
10809	Q0	811982#0	0
10809	Q0	405250#0	0
10809	Q0	1155271#0	0
10809	Q0	181422#1	0
10809	Q0	634186#0	0
10809	Q0	5148283#2	0
10809	Q0	3953234#0	0
10810	Q0	26727#8	1
10810	Q0	26727#1	0
10810	Q0	26727#0	0
10810	Q0	26727#4	0
10810	Q0	26727#6	0
10810	Q0	4511540#0	0
10810	Q0	5026015#0	0
10810	Q0	3448525#0	0
10810	Q0	2505882#0	0
10810	Q0	5159115#0	0
10813	Q0	1461#5	1
10813	Q0	1461#0	0
10813	Q0	472385#68	0
10813	Q0	1461#27	0
10813	Q0	1461#7	0
10813	Q0	1461#26	0
10813	Q0	1461#1	0
10813	Q0	14602#11	0
10813	Q0	2949500#1	0
10813	Q0	2129943#2	0
10814	Q0	3561#0	1
10814	Q0	20260#0	1
10814	Q0	35336#0	0
10814	Q0	1567239#1	0
10814	Q0	1567239#5	0
10814	Q0	4938346#3	0
10814	Q0	1266471#0	0
10814	Q0	151284#25	0
10814	Q0	4938346#7	0
10814	Q0	832252#2	0
10815	Q0	26862#0	1
10815	Q0	26862#5	1
10815	Q0	1548851#0	0
10815	Q0	4522932#0	0
10815	Q0	26862#19	0
10815	Q0	26862#20	0
10815	Q0	4966900#19	0
10815	Q0	26862#9	0
10815	Q0	837068#0	0
10815	Q0	23550#23	0
10816	Q0	3410#0	1
10816	Q0	3410#13	1
10816	Q0	3412#47	0
10816	Q0	4313227#29	0
10816	Q0	3410#14	0
10816	Q0	3410#31	0
10816	Q0	3410#20	0
10816	Q0	3412#48	0
10816	Q0	295993#20	0
10816	Q0	4312508#2	0
10817	Q0	282317#6	1
10817	Q0	282317#4	1
10817	Q0	417683#12	1
10817	Q0	282317#32	0
10817	Q0	282317#23	0
10817	Q0	282317#20	0
10817	Q0	282317#13	0
10817	Q0	282317#34	0
10817	Q0	282317#8	0
10817	Q0	282317#30	0
10818	Q0	337958#0	1
10818	Q0	1814#2	1
10818	Q0	1814#0	1
10818	Q0	465076#4	0
10818	Q0	43394#13	0
10818	Q0	287536#13	0
10818	Q0	5212072#11	0
10818	Q0	541301#2	0
10818	Q0	5212072#0	0
10818	Q0	183806#0	0
10819	Q0	748605#0	1
10819	Q0	748605#1	0
10819	Q0	748605#2	0
10819	Q0	1038455#1	0
10819	Q0	1091652#0	0
10819	Q0	748605#3	0
10819	Q0	2160019#0	0
10819	Q0	1152258#0	0
10819	Q0	559755#0	0
10819	Q0	4831370#0	0
10820	Q0	1442841#7	1
10820	Q0	2940#0	0
10820	Q0	7269#0	0
10820	Q0	5229338#0	0
10820	Q0	3303340#0	0
10820	Q0	104600#0	0
10820	Q0	3265716#15	0
10820	Q0	2940#6	0
10820	Q0	5210077#9	0
10820	Q0	3639724#4	0
10821	Q0	27264#0	1
10821	Q0	841364#0	0
10821	Q0	783962#0	0
10821	Q0	1766059#0	0
10821	Q0	456941#0	0
10821	Q0	1276330#5	0
10821	Q0	3177519#0	0
10821	Q0	2834136#0	0
10821	Q0	5157380#0	0
10821	Q0	1042743#0	0
10822	Q0	3522580#0	1
10822	Q0	224975#0	1
10822	Q0	3761408#0	1
10822	Q0	3521144#0	0
10822	Q0	3525379#0	0
10822	Q0	3677768#0	0
10822	Q0	3761740#0	0
10822	Q0	3522580#8	0
10822	Q0	3762080#0	0
10822	Q0	224793#12	0
10826	Q0	26862#2	1
10826	Q0	4962755#1	0
10826	Q0	1548851#0	0
10826	Q0	26862#7	0
10826	Q0	4842347#0	0
10826	Q0	5168385#0	0
10826	Q0	5212309#0	0
10826	Q0	5168055#0	0
10826	Q0	26862#24	0
10826	Q0	4828013#0	0
10827	Q0	517960#0	1
10827	Q0	1827426#2	1
10827	Q0	1003040#1	0
10827	Q0	1002607#1	0
10827	Q0	3709270#0	0
10827	Q0	59439#2	0
10827	Q0	517960#1	0
10827	Q0	986705#0	0
10827	Q0	3957854#0	0
10827	Q0	999818#0	0
10829	Q0	916038#0	1
10829	Q0	916038#2	0
10829	Q0	3935235#1	0
10829	Q0	1819557#0	0
10829	Q0	390413#14	0
10829	Q0	2284268#3	0
10829	Q0	916028#0	0
10829	Q0	1479028#1	0
10829	Q0	390413#18	0
10829	Q0	3701535#1	0
10830	Q0	1211995#0	1
10830	Q0	1211995#2	0
10830	Q0	1211995#1	0
10830	Q0	275687#0	0
10830	Q0	4211224#0	0
10830	Q0	3799639#2	0
10830	Q0	3055376#1	0
10830	Q0	3799639#1	0
10830	Q0	8622#7	0
10830	Q0	294511#1	0
10831	Q0	4967202#1	1
10831	Q0	16228#0	1
10831	Q0	16228#1	1
10831	Q0	16228#18	0
10831	Q0	16228#32	0
10831	Q0	16228#25	0
10831	Q0	16228#24	0
10831	Q0	16228#13	0
10831	Q0	16228#33	0
10831	Q0	16228#30	0
10832	Q0	40396#3	1
10832	Q0	40396#0	1
10832	Q0	40396#4	1
10832	Q0	40396#9	0
10832	Q0	40396#15	0
10832	Q0	40396#1	0
10832	Q0	1987390#2	0
10832	Q0	40396#7	0
10832	Q0	2882326#0	0
10832	Q0	16954#41	0
10833	Q0	5905#0	1
10833	Q0	286094#0	0
10833	Q0	1864499#0	0
10833	Q0	5905#1	0
10833	Q0	65481#0	0
10833	Q0	5905#16	0
10833	Q0	320706#0	0
10833	Q0	4833546#0	0
10833	Q0	2185381#0	0
10833	Q0	4526599#1	0
10834	Q0	1031683#0	1
10834	Q0	3605282#0	0
10834	Q0	2544113#15	0
10834	Q0	1055504#0	0
10834	Q0	1975206#0	0
10834	Q0	3422142#0	0
10834	Q0	2544113#28	0
10834	Q0	1193480#0	0
10834	Q0	2544113#16	0
10834	Q0	2155507#0	0
10835	Q0	748121#0	1
10835	Q0	630406#1	1
10835	Q0	2974426#0	0
10835	Q0	2468154#3	0
10835	Q0	2974426#2	0
10835	Q0	2974426#1	0
10835	Q0	748121#2	0
10835	Q0	817516#2	0
10835	Q0	16084#0	0
10835	Q0	3411569#5	0
10836	Q0	2905260#0	1
10836	Q0	4831986#0	1
10836	Q0	2103809#0	1
10836	Q0	2007742#0	0
10836	Q0	2007742#3	0
10836	Q0	2007742#1	0
10836	Q0	2007742#7	0
10836	Q0	2007742#2	0
10836	Q0	2007742#4	0
10836	Q0	2007742#5	0
10837	Q0	2938418#0	1
10837	Q0	1646517#0	0
10837	Q0	10232#0	0
10837	Q0	1503333#0	0
10837	Q0	4240343#0	0
10837	Q0	2895331#0	0
10837	Q0	4296658#0	0
10837	Q0	2909388#2	0
10837	Q0	3754384#0	0
10837	Q0	120900#0	0
10838	Q0	171552#0	1
10838	Q0	2953006#2	0
10838	Q0	4052392#12	0
10838	Q0	3458151#4	0
10838	Q0	4766121#24	0
10838	Q0	4820995#2	0
10838	Q0	5160970#0	0
10838	Q0	4297593#4	0
10838	Q0	1477990#3	0
10838	Q0	3322555#7	0
10839	Q0	3424693#0	1
10839	Q0	2981397#0	1
10839	Q0	1500304#1	1
10839	Q0	807529#3	1
10839	Q0	895439#0	1
10839	Q0	898613#0	0
10839	Q0	3069002#15	0
10839	Q0	1660949#4	0
10839	Q0	332934#0	0
10839	Q0	80902#0	0
10840	Q0	204188#0	1
10840	Q0	4967186#1	0
10840	Q0	4272205#0	0
10840	Q0	1656816#0	0
10840	Q0	3437718#1	0
10840	Q0	3454995#0	0
10840	Q0	1503306#1	0
10840	Q0	2594688#0	0
10840	Q0	2383561#5	0
10840	Q0	3440631#1	0
10842	Q0	47339#2	1
10842	Q0	47339#0	1
10842	Q0	3298609#12	0
10842	Q0	512318#0	0
10842	Q0	1676996#1	0
10842	Q0	20429#0	0
10842	Q0	1741872#0	0
10842	Q0	11670#0	0
10842	Q0	15998#1	0
10842	Q0	1540740#2	0
10843	Q0	736719#0	1
10843	Q0	3839954#0	1
10843	Q0	736719#1	0
10843	Q0	736719#2	0
10843	Q0	736719#3	0
10843	Q0	4335647#5	0
10843	Q0	736719#4	0
10843	Q0	1562886#0	0
10843	Q0	3915141#0	0
10843	Q0	1218336#0	0
10844	Q0	259346#0	1
10844	Q0	259346#3	0
10844	Q0	259346#12	0
10844	Q0	259346#19	0
10844	Q0	259346#2	0
10844	Q0	3813266#0	0
10844	Q0	259346#14	0
10844	Q0	259346#17	0
10844	Q0	274579#0	0
10844	Q0	3451223#0	0
10847	Q0	7796#29	1
10847	Q0	7796#30	1
10847	Q0	7796#7	1
10847	Q0	2015578#2	1
10847	Q0	4144235#3	0
10847	Q0	3556808#4	0
10847	Q0	12483#8	0
10847	Q0	1573092#10	0
10847	Q0	1097945#47	0
10847	Q0	3021983#3	0
10847	Q0	355812#7	0
10847	Q0	2015578#7	0
10850	Q0	140907#0	1
10850	Q0	2943453#0	0
10850	Q0	80636#3	0
10850	Q0	1201798#3	0
10850	Q0	13622#2	0
10850	Q0	338674#8	0
10850	Q0	140907#1	0
10850	Q0	2129654#1	0
10850	Q0	4458786#5	0
10850	Q0	13622#0	0
10851	Q0	134772#0	1
10851	Q0	1001798#1	0
10851	Q0	309470#0	0
10851	Q0	246350#2	0
10851	Q0	3593525#2	0
10851	Q0	2983497#1	0
10851	Q0	192273#1	0
10851	Q0	3669092#0	0
10851	Q0	2952716#0	0
10851	Q0	259369#15	0
10853	Q0	2407963#2	1
10853	Q0	3925985#0	0
10853	Q0	598250#5	0
10853	Q0	474680#3	0
10853	Q0	1439551#2	0
10853	Q0	194951#2	0
10853	Q0	1642281#7	0
10853	Q0	1802649#3	0
10853	Q0	410315#1	0
10853	Q0	598250#7	0
10855	Q0	1679144#0	1
10855	Q0	1679144#3	0
10855	Q0	1679144#1	0
10855	Q0	1679144#9	0
10855	Q0	1679144#6	0
10855	Q0	1679144#5	0
10855	Q0	1679144#8	0
10855	Q0	1679144#2	0
10855	Q0	1679144#7	0
10855	Q0	1679144#4	0
10856	Q0	825979#5	1
10856	Q0	8437#4	1
10856	Q0	8224#45	1
10856	Q0	8437#1	1
10856	Q0	8437#3	0
10856	Q0	8437#13	0
10856	Q0	64883#1	0
10856	Q0	128274#4	0
10856	Q0	3735136#291	0
10856	Q0	137326#1	0
10857	Q0	63405#18	1
10857	Q0	31907#2	1
10857	Q0	4075465#0	0
10857	Q0	1031192#78	0
10857	Q0	3147398#39	0
10857	Q0	154281#5	0
10857	Q0	2005836#16	0
10857	Q0	123364#34	0
10857	Q0	3111636#7	0
10857	Q0	154281#1	0
10858	Q0	336915#0	1
10858	Q0	7578#31	0
10858	Q0	1526923#0	0
10858	Q0	8483#60	0
10858	Q0	7578#9	0
10858	Q0	1826677#5	0
10858	Q0	63046#3	0
10858	Q0	2436638#0	0
10858	Q0	1520456#6	0
10858	Q0	3877#44	0
10859	Q0	1001785#13	1
10859	Q0	1034420#54	1
10859	Q0	1034420#6	1
10859	Q0	1495093#22	0
10859	Q0	1494972#73	0
10859	Q0	1494972#58	0
10859	Q0	1494972#61	0
10859	Q0	1441070#0	0
10859	Q0	1034420#8	0
10859	Q0	1494972#93	0
10860	Q0	17480#4	1
10860	Q0	17480#0	1
10860	Q0	946609#6	0
10860	Q0	17480#10	0
10860	Q0	946615#3	0
10860	Q0	436487#4	0
10860	Q0	771560#14	0
10860	Q0	705568#1	0
10860	Q0	579629#10	0
10860	Q0	124508#3	0
10861	Q0	1463320#7	1
10861	Q0	1463320#6	1
10861	Q0	1463320#2	1
10861	Q0	1463320#0	1
10861	Q0	253584#1	1
10861	Q0	393526#29	0
10861	Q0	1459886#0	0
10861	Q0	249058#43	0
10861	Q0	1033553#0	0
10861	Q0	163781#24	0
10863	Q0	1872#0	1
10863	Q0	1868#1	1
10863	Q0	1872#14	0
10863	Q0	1872#1	0
10863	Q0	1868#32	0
10863	Q0	1468941#15	0
10863	Q0	1868#35	0
10863	Q0	1868#47	0
10863	Q0	1872#15	0
10863	Q0	1872#3	0
10864	Q0	2197858#0	1
10864	Q0	4290#0	1
10864	Q0	1969046#0	1
10864	Q0	1962696#0	1
10864	Q0	1996687#0	1
10864	Q0	209385#0	1
10864	Q0	2004599#0	1
10864	Q0	1957387#0	1
10864	Q0	2195328#0	1
10864	Q0	2004617#0	0
10866	Q0	2300#0	1
10866	Q0	2300#3	0
10866	Q0	2300#4	0
10867	Q0	971098#0	1
10867	Q0	1730089#0	0
10867	Q0	4174835#0	0
10867	Q0	3115217#0	0
10867	Q0	141923#0	0
10867	Q0	523941#2	0
10867	Q0	31119#3	0
10867	Q0	2477667#6	0
10867	Q0	4476077#0	0
10867	Q0	1070247#0	0
10871	Q0	144205#1	1
10871	Q0	1603410#2	0
10871	Q0	1530964#7	0
10871	Q0	2387944#0	0
10871	Q0	1116306#3	0
10871	Q0	613240#1	0
10871	Q0	724368#0	0
10871	Q0	2870874#3	0
10871	Q0	1088577#2	0
10871	Q0	2187279#1	0
10872	Q0	1564965#0	1
10872	Q0	1564965#1	0
10872	Q0	1512774#0	0
10872	Q0	309829#0	0
10872	Q0	496476#0	0
10872	Q0	1497606#1	0
10872	Q0	2780586#0	0
10872	Q0	1470372#0	0
10872	Q0	4537901#0	0
10872	Q0	1510137#0	0
10873	Q0	261755#1	1
10873	Q0	3936871#2	1
10873	Q0	1476308#11	0
10873	Q0	1476377#64	0
10873	Q0	2944594#0	0
10873	Q0	1857039#15	0
10873	Q0	16600#6	0
10873	Q0	6580#1	0
10873	Q0	261755#2	0
10873	Q0	261755#4	0
10875	Q0	3533364#96	1
10875	Q0	1090901#0	1
10875	Q0	1510220#10	0
10875	Q0	2284031#3	0
10875	Q0	3873#3	0
10875	Q0	3873#68	0
10875	Q0	2277140#29	0
10875	Q0	1295968#2	0
10875	Q0	2777711#3	0
10875	Q0	3873#15	0
10877	Q0	1521#2	1
10877	Q0	14786#0	1
10877	Q0	1521#3	1
10877	Q0	1521#0	0
10877	Q0	2941089#1	0
10877	Q0	1521#1	0
10877	Q0	1521#4	0
10877	Q0	1930088#0	0
10877	Q0	422613#6	0
10877	Q0	7826#0	0
10879	Q0	165592#0	1
10879	Q0	165609#1	0
10879	Q0	3310854#0	0
10879	Q0	1936651#0	0
10879	Q0	3271904#0	0
10879	Q0	261988#3	0
10879	Q0	1832655#0	0
10879	Q0	4432822#0	0
10879	Q0	3027915#0	0
10879	Q0	2261445#1	0
10882	Q0	464369#5	1
10882	Q0	2983#40	0
10882	Q0	1099930#3	0
10882	Q0	1099930#0	0
10882	Q0	464369#0	0
10882	Q0	2983#1	0
10882	Q0	2983#0	0
10882	Q0	2983#37	0
10882	Q0	1099930#6	0
10882	Q0	2367183#0	0
10883	Q0	3871#24	1
10883	Q0	3198384#0	0
10883	Q0	3871#9	0
10883	Q0	2665649#0	0
10883	Q0	3871#29	0
10883	Q0	5212571#0	0
10883	Q0	301343#6	0
10883	Q0	632410#0	0
10883	Q0	5253938#0	0
10883	Q0	918468#0	0
10884	Q0	439850#4	1
10884	Q0	439850#27	1
10884	Q0	439850#0	1
10884	Q0	1486407#26	1
10884	Q0	439850#85	1
10884	Q0	439850#120	0
10884	Q0	439850#86	0
10884	Q0	439850#115	0
10884	Q0	439850#116	0
10884	Q0	439850#84	0
10885	Q0	10455#5	1
10885	Q0	11055#4	1
10885	Q0	11055#14	1
10885	Q0	3799559#0	0
10885	Q0	2229975#4	0
10885	Q0	11055#8	0
10885	Q0	11055#3	0
10885	Q0	10562#1	0
10885	Q0	11055#23	0
10885	Q0	27039#0	0
10886	Q0	1667763#0	1
10886	Q0	37874#0	0
10886	Q0	927995#0	0
10886	Q0	522719#1	0
10886	Q0	28001#2	0
10886	Q0	1601650#0	0
10886	Q0	1666098#5	0
10886	Q0	924649#7	0
10886	Q0	1601859#0	0
10886	Q0	3758318#6	0
10887	Q0	938970#2	1
10887	Q0	938970#6	1
10887	Q0	161870#9	1
10887	Q0	938970#11	0
10887	Q0	88940#0	0
10887	Q0	16355#14	0
10887	Q0	954096#8	0
10887	Q0	980619#7	0
10887	Q0	2558023#0	0
10887	Q0	21009#0	0
10888	Q0	58866#0	1
10888	Q0	598250#5	0
10888	Q0	134529#43	0
10888	Q0	3925985#0	0
10888	Q0	4376724#18	0
10888	Q0	474680#3	0
10888	Q0	1439551#2	0
10888	Q0	64164#1	0
10888	Q0	3454044#2	0
10888	Q0	410315#1	0
10890	Q0	1001785#13	1
10890	Q0	1656175#2	1
10890	Q0	1495226#0	1
10890	Q0	1034420#8	0
10890	Q0	1495093#22	0
10890	Q0	1034420#29	0
10890	Q0	1034420#36	0
10890	Q0	1034420#21	0
10890	Q0	1034420#24	0
10890	Q0	1494972#58	0
10891	Q0	4475939#1	1
10891	Q0	292362#3	1
10891	Q0	1343516#84	1
10891	Q0	2093435#0	1
10891	Q0	7591#14	0
10891	Q0	7591#13	0
10891	Q0	7591#2	0
10891	Q0	1211748#4	0
10891	Q0	3089859#5	0
10891	Q0	1858641#25	0
10893	Q0	2708496#0	1
10893	Q0	733144#1	0
10893	Q0	322607#9	0
10893	Q0	2924#7	0
10893	Q0	2941#2	0
10893	Q0	987292#5	0
10893	Q0	2924#4	0
10893	Q0	599944#1	0
10893	Q0	1187060#1	0
10893	Q0	626995#5	0
10894	Q0	3174959#0	1
10894	Q0	3590384#0	0
10894	Q0	3174959#1	0
10894	Q0	1219896#0	0
10894	Q0	5127553#0	0
10894	Q0	4611436#0	0
10894	Q0	3449663#0	0
10894	Q0	3302691#0	0
10894	Q0	3341164#0	0
10894	Q0	329898#0	0
10895	Q0	31946#1	1
10895	Q0	1830142#0	1
10895	Q0	31946#6	1
10895	Q0	2913993#34	0
10895	Q0	4541778#0	0
10895	Q0	1088695#0	0
10895	Q0	971574#11	0
10895	Q0	1537322#4	0
10895	Q0	3231875#53	0
10895	Q0	1832505#0	0
10896	Q0	384903#2	1
10896	Q0	384903#0	1
10896	Q0	384903#42	0
10896	Q0	2868#1	0
10896	Q0	2868#2	0
10896	Q0	14891#8	0
10896	Q0	123364#4	0
10896	Q0	1582749#19	0
10896	Q0	384903#1	0
10896	Q0	11859#128	0
10898	Q0	1265729#0	1
10898	Q0	203282#0	1
10898	Q0	233719#0	1
10898	Q0	233719#3	1
10898	Q0	1661699#0	0
10898	Q0	3182138#0	0
10898	Q0	549611#1	0
10898	Q0	4610482#0	0
10898	Q0	25772#2	0
10898	Q0	259998#0	0
10900	Q0	992442#47	1
10900	Q0	1001785#14	1
10900	Q0	4831870#1	1
10900	Q0	4664776#3	1
10900	Q0	3648213#42	0
10900	Q0	44876#14	0
10900	Q0	37176#3	0
10900	Q0	41377#0	0
10900	Q0	41377#79	0
10900	Q0	1741011#2	0
10901	Q0	78735#1	1
10901	Q0	3779179#2	1
10901	Q0	78735#11	1
10901	Q0	313632#0	0
10901	Q0	2611904#0	0
10901	Q0	51791#24	0
10901	Q0	3256538#0	0
10901	Q0	308129#8	0
10901	Q0	4243305#2	0
10901	Q0	733636#1	0
10904	Q0	18863#0	1
10904	Q0	29181#2	1
10904	Q0	18884#45	1
10904	Q0	18884#51	0
10904	Q0	18863#1	0
10904	Q0	2841492#0	0
10904	Q0	18863#5	0
10904	Q0	18863#3	0
10904	Q0	18867#0	0
10904	Q0	287001#0	0
10905	Q0	1043766#0	1
10905	Q0	1042106#0	1
10905	Q0	1043766#7	0
10905	Q0	1042106#5	0
10905	Q0	1043766#1	0
10905	Q0	1699915#0	0
10905	Q0	1043766#3	0
10905	Q0	1923297#0	0
10905	Q0	1043766#6	0
10905	Q0	1043766#2	0
10906	Q0	8670#25	1
10906	Q0	203301#16	0
10906	Q0	161573#1	0
10906	Q0	28910#0	0
10906	Q0	1888#1	0
10906	Q0	9276#0	0
10906	Q0	8670#0	0
10906	Q0	203301#0	0
10906	Q0	776893#0	0
10906	Q0	1595355#6	0
10907	Q0	208551#0	1
10907	Q0	1987106#0	0
10907	Q0	1336888#1	0
10907	Q0	355156#0	0
10907	Q0	231547#0	0
10907	Q0	2164948#0	0
10907	Q0	1984712#0	0
10907	Q0	1974125#0	0
10907	Q0	1364014#0	0
10907	Q0	1332599#0	0
10908	Q0	39103#1	1
10908	Q0	2170147#0	1
10908	Q0	1121256#3	1
10908	Q0	39103#3	1
10908	Q0	2181992#3	1
10908	Q0	39103#31	0
10908	Q0	161708#24	0
10908	Q0	2181992#0	0
10908	Q0	39103#4	0
10908	Q0	161708#0	0
10909	Q0	1514#35	1
10909	Q0	2277#5	1
10909	Q0	1225960#1	0
10909	Q0	488836#11	0
10909	Q0	1582749#18	0
10909	Q0	362736#0	0
10909	Q0	1828126#0	0
10909	Q0	922626#1	0
10909	Q0	896454#0	0
10909	Q0	28318#5	0
10910	Q0	1115861#1	1
10910	Q0	6637#0	0
10910	Q0	6637#29	0
10910	Q0	6637#47	0
10910	Q0	6637#6	0
10910	Q0	6637#34	0
10910	Q0	6637#40	0
10910	Q0	546730#0	0
10910	Q0	6637#9	0
10910	Q0	6637#13	0
10911	Q0	42483#0	1
10911	Q0	42483#5	0
10911	Q0	42483#1	0
10911	Q0	707316#1	0
10911	Q0	42483#4	0
10911	Q0	17005#10	0
10911	Q0	1879149#1	0
10911	Q0	88059#4	0
10911	Q0	1163867#0	0
10911	Q0	50613#0	0
10914	Q0	1353#35	1
10914	Q0	118046#4	1
10914	Q0	381474#4	1
10914	Q0	381474#1	1
10914	Q0	3182967#0	1
10914	Q0	1353#34	0
10914	Q0	2240578#0	0
10914	Q0	478501#0	0
10914	Q0	2473974#1	0
10914	Q0	118046#1	0
10916	Q0	257151#26	1
10916	Q0	134784#0	1
10916	Q0	3744343#2	0
10916	Q0	3744343#0	0
10916	Q0	826075#0	0
10916	Q0	1810#21	0
10916	Q0	3840009#0	0
10916	Q0	3744343#16	0
10916	Q0	12606#0	0
10916	Q0	3744343#1	0
10917	Q0	1876816#0	1
10917	Q0	1876816#6	1
10917	Q0	1876816#2	1
10917	Q0	1876816#22	1
10917	Q0	1876816#8	0
10917	Q0	1876816#14	0
10917	Q0	1876816#7	0
10917	Q0	1876816#3	0
10917	Q0	1876816#1	0
10917	Q0	1876816#17	0
10920	Q0	1541156#0	1
10920	Q0	977339#1	1
10920	Q0	977339#0	0
10920	Q0	2930359#0	0
10920	Q0	5228305#0	0
10920	Q0	4917862#0	0
10920	Q0	839806#3	0
10920	Q0	4313270#3	0
10920	Q0	1713772#3	0
10920	Q0	839806#1	0
10921	Q0	1538689#9	1
10921	Q0	1047925#0	0
10921	Q0	1047925#26	0
10921	Q0	1047925#4	0
10921	Q0	1047925#10	0
10921	Q0	1047925#32	0
10921	Q0	1047925#15	0
10921	Q0	1047925#22	0
10921	Q0	2217087#0	0
10921	Q0	1047925#7	0
10923	Q0	748121#0	1
10923	Q0	2468154#3	0
10923	Q0	2974426#0	0
10923	Q0	3273375#13	0
10923	Q0	4258253#62	0
10923	Q0	3273375#16	0
10923	Q0	5076119#0	0
10923	Q0	2837494#0	0
10923	Q0	748121#2	0
10923	Q0	3373312#2	0
10924	Q0	14778#1	1
10924	Q0	14778#2	1
10924	Q0	14778#0	0
10924	Q0	3544373#0	0
10924	Q0	760167#0	0
10924	Q0	14778#5	0
10924	Q0	14778#4	0
10924	Q0	14778#9	0
10924	Q0	14778#7	0
10924	Q0	420764#0	0
10928	Q0	485090#2	1
10928	Q0	485090#3	0
10928	Q0	485090#6	0
10928	Q0	485090#0	0
10928	Q0	485090#4	0
10928	Q0	2804533#2	0
10928	Q0	485090#18	0
10928	Q0	485090#1	0
10928	Q0	27129#7	0
10928	Q0	3579190#3	0
10929	Q0	38683#0	1
10929	Q0	12482#45	1
10929	Q0	38683#11	1
10929	Q0	288933#0	0
10929	Q0	336853#0	0
10929	Q0	283085#0	0
10929	Q0	288938#1	0
10929	Q0	288923#1	0
10929	Q0	38683#6	0
10929	Q0	38683#4	0
10931	Q0	1728610#0	1
10931	Q0	4860651#0	0
10931	Q0	1728610#2	0
10931	Q0	5027819#0	0
10931	Q0	234895#0	0
10931	Q0	5172488#0	0
10931	Q0	5006412#0	0
10931	Q0	203679#7	0
10931	Q0	3340347#0	0
10931	Q0	1728610#1	0
10933	Q0	360643#0	1
10933	Q0	4958056#0	0
10933	Q0	3159137#0	0
10933	Q0	488533#0	0
10933	Q0	119963#0	0
10933	Q0	2756843#0	0
10933	Q0	3528003#0	0
10933	Q0	2832866#2	0
10933	Q0	1555487#23	0
10934	Q0	780734#0	1
10934	Q0	3106775#2	0
10934	Q0	3279691#1	0
10934	Q0	876732#1	0
10934	Q0	1702464#1	0
10934	Q0	2867303#24	0
10934	Q0	1668565#1	0
10934	Q0	1733378#0	0
10934	Q0	1507922#5	0
10934	Q0	1695433#0	0
10937	Q0	2784248#8	1
10937	Q0	1253#31	1
10937	Q0	8805#14	1
10937	Q0	1827742#2	0
10937	Q0	3916#13	0
10937	Q0	248288#3	0
10937	Q0	19825#18	0
10937	Q0	5175129#21	0
10937	Q0	1237068#0	0
10937	Q0	1895036#1	0
10938	Q0	295098#0	1
10938	Q0	295098#1	0
10938	Q0	2343322#0	0
10938	Q0	894685#0	0
10938	Q0	5199452#0	0
10938	Q0	296599#0	0
10938	Q0	4202886#3	0
10938	Q0	189092#0	0
10938	Q0	26862#18	0
10938	Q0	2982226#0	0
10939	Q0	3319527#0	1
10939	Q0	44262#1	0
10939	Q0	3519305#1	0
10939	Q0	3319535#10	0
10939	Q0	815786#5	0
10939	Q0	33821#1	0
10939	Q0	3319535#3	0
10939	Q0	776096#0	0
10939	Q0	1998384#17	0
10939	Q0	5109477#0	0
10940	Q0	1353#34	1
10940	Q0	1353#2	1
10940	Q0	1353#48	0
10940	Q0	1993278#0	0
10940	Q0	1967284#0	0
10940	Q0	1080513#5	0
10940	Q0	2548605#1	0
10940	Q0	392253#11	0
10940	Q0	311682#3	0
10940	Q0	1089938#4	0
10941	Q0	4751160#1	1
10941	Q0	1569#0	1
10941	Q0	5104#22	1
10941	Q0	1569#17	0
10941	Q0	885475#0	0
10941	Q0	777620#81	0
10941	Q0	1014511#4	0
10941	Q0	1091440#0	0
10941	Q0	1569#30	0
10941	Q0	3221100#6	0
10942	Q0	448889#0	1
10942	Q0	1305967#0	0
10942	Q0	1305967#2	0
10942	Q0	3300341#1	0
10942	Q0	1305967#1	0
10942	Q0	969813#5	0
10942	Q0	3091391#1	0
10942	Q0	2837995#4	0
10942	Q0	448889#1	0
10942	Q0	2006352#3	0
10943	Q0	144099#0	1
10943	Q0	1712726#0	0
10943	Q0	815452#4	0
10943	Q0	5155871#0	0
10943	Q0	1718899#0	0
10943	Q0	4420919#0	0
10943	Q0	1295842#16	0
10943	Q0	4525304#16	0
10943	Q0	30241#2	0
10943	Q0	950658#14	0
10944	Q0	151284#36	1
10944	Q0	400490#54	1
10944	Q0	998594#11	1
10944	Q0	148734#0	1
10944	Q0	148734#6	0
10944	Q0	4287#0	0
10944	Q0	400490#55	0
10944	Q0	1471294#11	0
10944	Q0	148734#2	0
10944	Q0	773331#1	0
10950	Q0	242726#0	1
10950	Q0	1441100#7	0
10950	Q0	2444090#1	0
10950	Q0	1285285#1	0
10950	Q0	140086#10	0
10950	Q0	1634362#1	0
10950	Q0	940255#0	0
10950	Q0	923362#0	0
10950	Q0	3827530#0	0
10950	Q0	140086#8	0
10951	Q0	1825529#1	1
10951	Q0	269644#91	0
10951	Q0	176849#8	0
10951	Q0	269644#77	0
10951	Q0	176849#7	0
10951	Q0	176849#48	0
10951	Q0	1670771#0	0
10951	Q0	176849#31	0
10951	Q0	176849#28	0
10951	Q0	176849#52	0
10952	Q0	10282#0	1
10952	Q0	3591794#1	0
10952	Q0	1722#49	0
10952	Q0	10282#13	0
10952	Q0	3210146#5	0
10952	Q0	16118#5	0
10952	Q0	4605569#23	0
10952	Q0	3641795#0	0
10952	Q0	3047004#0	0
10952	Q0	3579632#16	0
10954	Q0	3457537#0	1
10954	Q0	3093329#0	1
10954	Q0	449472#0	1
10954	Q0	70532#0	1
10954	Q0	965398#0	0
10954	Q0	149487#2	0
10954	Q0	70532#8	0
10954	Q0	70532#2	0
10954	Q0	915272#0	0
10954	Q0	3416886#1	0
10955	Q0	582741#0	1
10955	Q0	4075465#1	0
10955	Q0	2887182#0	0
10955	Q0	4474900#0	0
10955	Q0	3356817#0	0
10955	Q0	1646448#0	0
10955	Q0	1654672#0	0
10955	Q0	4476168#0	0
10955	Q0	582741#1	0
10955	Q0	1038721#0	0
10956	Q0	483699#0	1
10956	Q0	2171104#0	0
10956	Q0	2862781#1	0
10956	Q0	1089623#0	0
10956	Q0	2470426#0	0
10956	Q0	1091647#0	0
10956	Q0	1668307#0	0
10956	Q0	951287#1	0
10956	Q0	2716613#1	0
10956	Q0	714035#0	0
10957	Q0	9301#11	1
10957	Q0	9301#0	1
10957	Q0	9301#6	1
10957	Q0	1088755#12	1
10957	Q0	30628#3	0
10957	Q0	2948#0	0
10957	Q0	3332398#0	0
10957	Q0	2944994#0	0
10957	Q0	613507#0	0
10957	Q0	132987#0	0
10958	Q0	884108#110	1
10958	Q0	2149#21	1
10958	Q0	3945358#13	0
10958	Q0	1937796#5	0
10958	Q0	3945358#15	0
10958	Q0	78633#3	0
10958	Q0	5085897#5	0
10958	Q0	3945358#10	0
10958	Q0	3945358#7	0
10958	Q0	6889#1	0
10959	Q0	10515#42	1
10959	Q0	583733#37	1
10959	Q0	3966571#0	1
10959	Q0	10516#5	1
10959	Q0	422572#1	0
10959	Q0	49780#3	0
10959	Q0	191678#4	0
10959	Q0	6588#0	0
10959	Q0	56698#10	0
10959	Q0	4328226#0	0
10960	Q0	144668#0	1
10960	Q0	144668#2	0
10960	Q0	288242#0	0
10960	Q0	2648355#0	0
10960	Q0	1420838#0	0
10960	Q0	362736#0	0
10960	Q0	2979709#1	0
10960	Q0	1420838#2	0
10960	Q0	1479034#10	0
10960	Q0	4780179#0	0
10961	Q0	3109350#0	1
10961	Q0	580615#0	0
10961	Q0	455446#6	0
10961	Q0	2546937#1	0
10961	Q0	530379#25	0
10961	Q0	493700#0	0
10961	Q0	207522#0	0
10961	Q0	592847#0	0
10961	Q0	581026#0	0
10961	Q0	2204548#3	0
10962	Q0	1064372#0	1
10962	Q0	155522#6	1
10962	Q0	142230#4	1
10962	Q0	4964450#3	1
10962	Q0	1498984#7	0
10962	Q0	513431#1	0
10962	Q0	1025263#0	0
10962	Q0	85709#1	0
10962	Q0	624495#0	0
10962	Q0	400875#13	0
10964	Q0	1089451#0	1
10964	Q0	226497#1	1
10964	Q0	226497#0	1
10964	Q0	2839025#0	0
10964	Q0	226497#11	0
10964	Q0	462337#1	0
10964	Q0	226497#26	0
10964	Q0	226497#36	0
10964	Q0	12483#8	0
10964	Q0	3351802#17	0
10967	Q0	2708496#0	1
10967	Q0	304718#0	0
10967	Q0	987292#5	0
10967	Q0	987292#3	0
10967	Q0	44541#16	0
10967	Q0	266396#0	0
10967	Q0	2872343#0	0
10967	Q0	12932#0	0
10967	Q0	269997#0	0
10967	Q0	258119#0	0
10969	Q0	65287#0	1
10969	Q0	3601490#1	1
10969	Q0	3654531#0	0
10969	Q0	1039894#0	0
10969	Q0	127642#0	0
10969	Q0	956153#0	0
10969	Q0	3744759#0	0
10969	Q0	67458#12	0
10969	Q0	887816#0	0
10969	Q0	3654531#23	0
10970	Q0	10282#2	1
10970	Q0	10281#1	1
10970	Q0	952776#3	0
10970	Q0	323508#16	0
10970	Q0	12606#14	0
10970	Q0	10282#15	0
10970	Q0	3312511#12	0
10970	Q0	3440435#3	0
10970	Q0	383969#3	0
10970	Q0	4831986#7	0
10972	Q0	257703#0	1
10972	Q0	8799#1	1
10972	Q0	5141638#1	1
10972	Q0	4993080#2	1
10972	Q0	257703#92	0
10972	Q0	257703#33	0
10972	Q0	257703#1	0
10972	Q0	257703#62	0
10972	Q0	3131386#2	0
10972	Q0	1196293#5	0
10973	Q0	24223#0	1
10973	Q0	24223#2	1
10973	Q0	3175918#1	0
10973	Q0	24223#74	0
10973	Q0	24223#20	0
10973	Q0	24223#3	0
10973	Q0	24223#66	0
10973	Q0	6629#46	0
10973	Q0	24223#1	0
10973	Q0	24223#33	0
10975	Q0	1296084#155	1
10975	Q0	1675238#0	0
10975	Q0	1712212#0	0
10975	Q0	1460036#0	0
10975	Q0	12869#0	0
10975	Q0	592370#27	0
10975	Q0	3573292#0	0
10975	Q0	3734445#0	0
10975	Q0	2812870#0	0
10975	Q0	205110#0	0
10976	Q0	458828#0	1
10976	Q0	458828#1	1
10976	Q0	343260#0	0
10976	Q0	2181992#3	0
10976	Q0	314839#1	0
10976	Q0	1121256#3	0
10976	Q0	222979#0	0
10976	Q0	39103#3	0
10976	Q0	164224#0	0
10976	Q0	142532#0	0
10978	Q0	749228#0	1
10978	Q0	749228#22	0
10978	Q0	749228#10	0
10978	Q0	749228#39	0
10978	Q0	749228#17	0
10978	Q0	749228#1	0
10978	Q0	749228#26	0
10978	Q0	749228#4	0
10978	Q0	749228#19	0
10978	Q0	749228#34	0
10980	Q0	4257157#0	1
10980	Q0	4257157#1	1
10980	Q0	4257157#3	0
10980	Q0	4257157#2	0
10980	Q0	1286097#13	0
10980	Q0	3333479#0	0
10980	Q0	1158663#3	0
10980	Q0	560017#0	0
10980	Q0	3044206#0	0
10980	Q0	66786#7	0
10982	Q0	23974#11	1
10982	Q0	2475374#0	0
10982	Q0	161550#8	0
10982	Q0	1066382#0	0
10982	Q0	2969358#3	0
10982	Q0	4475958#0	0
10982	Q0	4878152#1	0
10982	Q0	801265#26	0
10982	Q0	4878152#2	0
10982	Q0	1704005#0	0
10982	Q0	339049#48	0
10982	Q0	23974#5	0
10983	Q0	630406#1	1
10983	Q0	630406#0	1
10983	Q0	9025#22	0
10983	Q0	2893855#0	0
10983	Q0	3373312#2	0
10983	Q0	1368701#0	0
10983	Q0	630406#4	0
10983	Q0	344445#0	0
10983	Q0	748121#0	0
10983	Q0	1687634#0	0
10984	Q0	41765#0	1
10984	Q0	2300#5	1
10984	Q0	29716#77	1
10984	Q0	1959533#1	1
10984	Q0	2270#13	0
10984	Q0	5128682#1	0
10984	Q0	2270#5	0
10984	Q0	668650#1	0
10984	Q0	3812#8	0
10984	Q0	5232733#8	0
10985	Q0	280036#15	1
10985	Q0	280036#4	0
10985	Q0	280036#0	0
10985	Q0	280036#18	0
10985	Q0	3457879#5	0
10985	Q0	280036#20	0
10985	Q0	280036#21	0
10985	Q0	280036#19	0
10985	Q0	280036#6	0
10985	Q0	280036#14	0
10986	Q0	4586960#0	1
10986	Q0	3869#34	0
10986	Q0	61752#4	0
10986	Q0	306853#0	0
10986	Q0	4032063#0	0
10986	Q0	306853#44	0
10986	Q0	4031650#1	0
10986	Q0	1195526#0	0
10986	Q0	1335795#0	0
10986	Q0	1195624#0	0
10988	Q0	306306#0	1
10988	Q0	306306#3	0
10988	Q0	306306#4	0
10988	Q0	306306#5	0
10988	Q0	306306#2	0
10988	Q0	1283797#1	0
10988	Q0	1253#5	0
10988	Q0	496616#21	0
10988	Q0	5927#2	0
10988	Q0	604373#0	0
10989	Q0	21240#0	1
10989	Q0	21240#8	1
10989	Q0	21240#15	0
10990	Q0	2707534#0	1
10990	Q0	1025208#0	1
10990	Q0	949467#0	0
10990	Q0	1025208#12	0
10990	Q0	2457223#0	0
10990	Q0	1039956#2	0
10990	Q0	2731690#0	0
10990	Q0	2732691#0	0
10990	Q0	2732735#0	0
10990	Q0	2457223#4	0
10991	Q0	1747727#0	1
10991	Q0	625709#0	1
10991	Q0	3260150#0	0
10991	Q0	5198266#0	0
10991	Q0	1500288#0	0
10991	Q0	3157309#0	0
10991	Q0	1747727#1	0
10991	Q0	3220721#0	0
10991	Q0	2490298#0	0
10991	Q0	2343102#0	0
10992	Q0	47807#0	1
10992	Q0	1491821#44	1
10992	Q0	2402641#0	0
10992	Q0	193955#0	0
10992	Q0	4837856#3	0
10992	Q0	2190125#0	0
10992	Q0	1824332#0	0
10992	Q0	2103#0	0
10992	Q0	2434776#1	0
10992	Q0	56746#0	0
10993	Q0	1039814#0	1
10993	Q0	1039814#1	0
10993	Q0	1039814#35	0
10993	Q0	1039814#29	0
10993	Q0	3131055#5	0
10993	Q0	3255113#4	0
10993	Q0	1039814#2	0
10993	Q0	1039814#28	0
10993	Q0	1039814#3	0
10993	Q0	1039814#5	0
10994	Q0	1679826#7	1
10994	Q0	22411#3	1
10994	Q0	4265867#3	1
10994	Q0	3450786#1	0
10994	Q0	2979055#25	0
10994	Q0	1270703#0	0
10994	Q0	138348#0	0
10994	Q0	59553#4	0
10994	Q0	3086168#1	0
10994	Q0	22419#13	0
10997	Q0	5175129#8	1
10997	Q0	1592603#0	0
10997	Q0	5175129#5	0
10997	Q0	2354605#3	0
10997	Q0	378902#11	0
10997	Q0	18610#8	0
10997	Q0	4522986#2	0
10997	Q0	3653712#11	0
10997	Q0	3653712#16	0
10997	Q0	2967601#1	0
10998	Q0	2838277#1	1
10998	Q0	2838277#0	1
10998	Q0	2838277#14	1
10998	Q0	2838277#3	1
10998	Q0	954804#1	0
10998	Q0	249555#11	0
10998	Q0	2838277#7	0
10998	Q0	954804#7	0
10998	Q0	366052#5	0
10998	Q0	2838277#11	0
10999	Q0	29578#6	1
10999	Q0	1519027#23	1
10999	Q0	29578#0	1
10999	Q0	1777969#0	0
10999	Q0	1777969#8	0
10999	Q0	1519027#3	0
10999	Q0	1519027#18	0
10999	Q0	666910#0	0
10999	Q0	666910#10	0
10999	Q0	1519027#4	0
11002	Q0	2436638#0	1
11002	Q0	10865#16	1
11002	Q0	125262#0	1
11002	Q0	125262#2	1
11002	Q0	2619#10	0
11002	Q0	65090#22	0
11002	Q0	125262#3	0
11002	Q0	7018#0	0
11002	Q0	2436638#7	0
11002	Q0	433408#0	0
11002	Q0	11662#43	0
11002	Q0	38617#4	0
11003	Q0	10229#0	1
11003	Q0	3130053#1	1
11003	Q0	10229#87	0
11003	Q0	10229#4	0
11003	Q0	1827461#9	0
11003	Q0	3130053#2	0
11003	Q0	10229#68	0
11003	Q0	1498568#0	0
11003	Q0	10229#57	0
11003	Q0	10229#86	0
11005	Q0	609650#0	1
11005	Q0	5318#1	1
11005	Q0	2276#53	1
11005	Q0	5318#0	1
11005	Q0	1780616#1	0
11005	Q0	1808609#0	0
11005	Q0	1780616#12	0
11005	Q0	1699395#0	0
11005	Q0	3590176#14	0
11005	Q0	1719675#20	0
11007	Q0	203820#56	1
11007	Q0	203820#121	0
11007	Q0	1087143#2	0
11007	Q0	3193640#0	0
11007	Q0	275629#0	0
11007	Q0	5213762#5	0
11007	Q0	812852#17	0
11007	Q0	131954#7	0
11007	Q0	6953#19	0
11007	Q0	147781#0	0
11007	Q0	203820#64	0
11007	Q0	203820#38	0
11007	Q0	203820#6	0
11007	Q0	203820#63	0
11009	Q0	3591370#68	1
11009	Q0	87783#0	1
11009	Q0	3591370#16	0
11009	Q0	3591370#29	0
11009	Q0	3591370#38	0
11009	Q0	3591370#0	0
11009	Q0	3591370#28	0
11009	Q0	3591370#42	0
11009	Q0	3591370#36	0
11009	Q0	1704213#0	0
11010	Q0	1420#0	1
11010	Q0	1420#1	0
11010	Q0	1530404#0	0
11010	Q0	302192#0	0
11010	Q0	302189#0	0
11010	Q0	302195#0	0
11010	Q0	287534#0	0
11010	Q0	460016#0	0
11010	Q0	1113167#1	0
11010	Q0	88344#1	0
11011	Q0	546453#0	1
11011	Q0	1214463#0	0
11011	Q0	4842944#0	0
11011	Q0	932267#0	0
11011	Q0	4857207#0	0
11011	Q0	5199942#0	0
11011	Q0	2712177#0	0
11011	Q0	3230960#0	0
11011	Q0	1214463#1	0
11011	Q0	4825464#0	0
11012	Q0	1773056#0	1
11012	Q0	2460115#2	1
11012	Q0	1745607#0	0
11012	Q0	1559700#4	0
11012	Q0	3777239#3	0
11012	Q0	1997585#4	0
11012	Q0	1745144#5	0
11012	Q0	1745637#25	0
11012	Q0	6625#14	0
11012	Q0	1997585#1	0
11014	Q0	43827#1	1
11014	Q0	43827#2	1
11014	Q0	1110240#5	0
11014	Q0	3191289#0	0
11014	Q0	1506974#2	0
11014	Q0	1571712#0	0
11014	Q0	1730096#0	0
11014	Q0	1569073#0	0
11014	Q0	48461#0	0
11014	Q0	150168#0	0
11015	Q0	40430#0	1
11015	Q0	30606#10	1
11015	Q0	1270463#8	1
11015	Q0	40430#2	1
11015	Q0	176860#0	0
11015	Q0	30606#15	0
11015	Q0	30606#19	0
11015	Q0	1270463#15	0
11015	Q0	1270463#26	0
11015	Q0	191834#0	0
11015	Q0	1270463#21	0
11017	Q0	3685849#0	1
11017	Q0	48520#37	0
11017	Q0	253316#1	0
11017	Q0	48520#1	0
11017	Q0	1411581#2	0
11017	Q0	1967408#2	0
11017	Q0	721018#0	0
11017	Q0	4823032#0	0
11017	Q0	2196130#2	0
11017	Q0	1411592#2	0
11018	Q0	17323#1	1
11018	Q0	1569018#28	0
11018	Q0	1204279#0	0
11018	Q0	17323#5	0
11018	Q0	2236164#6	0
11018	Q0	207539#1	0
11018	Q0	1238426#1	0
11018	Q0	4995789#20	0
11018	Q0	820381#19	0
11018	Q0	3165847#0	0
11019	Q0	3546697#47	1
11019	Q0	10452#0	1
11019	Q0	2003473#0	0
11019	Q0	16532#0	0
11019	Q0	2254203#10	0
11019	Q0	209388#0	0
11019	Q0	10452#3	0
11019	Q0	2254203#0	0
11019	Q0	10452#8	0
11019	Q0	9279#0	0
11020	Q0	64425#7	1
11020	Q0	1652#14	1
11020	Q0	64425#0	1
11020	Q0	3192537#1	0
11020	Q0	1280661#0	0
11020	Q0	50628#0	0
11020	Q0	970812#41	0
11020	Q0	2205081#0	0
11020	Q0	1386855#2	0
11020	Q0	1774818#0	0
11021	Q0	68607#0	1
11021	Q0	68607#4	1
11021	Q0	68607#3	1
11021	Q0	68607#1	1
11021	Q0	68607#6	1
11021	Q0	68607#13	0
11021	Q0	68607#5	0
11021	Q0	988642#0	0
11021	Q0	460294#0	0
11021	Q0	7084#0	0
11023	Q0	3370612#29	1
11023	Q0	3370612#30	1
11023	Q0	3313519#30	1
11023	Q0	3370612#81	0
11023	Q0	3686098#1	0
11023	Q0	1415#136	0
11023	Q0	3370612#63	0
11023	Q0	3262056#41	0
11023	Q0	4825002#2	0
11023	Q0	4531476#17	0
11026	Q0	12904#1	1
11026	Q0	5171127#12	0
11026	Q0	4475034#2	0
11026	Q0	5221795#4	0
11026	Q0	3348584#1	0
11026	Q0	1532106#1	0
11026	Q0	657474#15	0
11026	Q0	4294423#2	0
11026	Q0	3262490#0	0
11026	Q0	4332534#18	0
11027	Q0	760821#1	1
11027	Q0	760821#0	1
11027	Q0	1490448#0	0
11027	Q0	4077650#0	0
11027	Q0	5326#0	0
11027	Q0	16016#0	0
11027	Q0	1133991#0	0
11027	Q0	450065#0	0
11027	Q0	4330334#0	0
11027	Q0	3576277#0	0
11030	Q0	743944#3	1
11030	Q0	269429#9	0
11030	Q0	46404#79	0
11030	Q0	1647078#0	0
11030	Q0	4328609#0	0
11030	Q0	2903535#48	0
11030	Q0	1349#8	0
11030	Q0	182112#13	0
11030	Q0	2634#64	0
11030	Q0	3649287#11	0
11031	Q0	329426#0	1
11031	Q0	332688#4	1
11031	Q0	5135075#10	0
11031	Q0	15491#2	0
11031	Q0	2523993#0	0
11031	Q0	2003657#0	0
11031	Q0	4102159#0	0
11031	Q0	534026#0	0
11031	Q0	332688#8	0
11031	Q0	332688#5	0
11034	Q0	1442#0	1
11034	Q0	3047542#0	0
11034	Q0	1442#2	0
11034	Q0	949621#0	0
11034	Q0	3799163#0	0
11034	Q0	2209894#0	0
11034	Q0	2975#9	0
11034	Q0	599698#0	0
11034	Q0	2141143#0	0
11034	Q0	581957#0	0
11038	Q0	1336136#0	1
11038	Q0	3434322#3	0
11038	Q0	3434322#0	0
11038	Q0	1241083#0	0
11038	Q0	1336136#1	0
11038	Q0	3434322#4	0
11038	Q0	3434322#2	0
11038	Q0	1034713#0	0
11038	Q0	3434322#5	0
11038	Q0	948508#19	0
11040	Q0	1495363#54	1
11040	Q0	11439#26	0
11040	Q0	11439#25	0
11040	Q0	516293#8	0
11040	Q0	1442834#1	0
11040	Q0	1519816#10	0
11040	Q0	584194#27	0
11040	Q0	5187444#19	0
11040	Q0	7796#4	0
11040	Q0	1495363#45	0
11042	Q0	458762#0	1
11042	Q0	458762#3	1
11042	Q0	458762#4	1
11042	Q0	1831497#8	0
11042	Q0	458762#16	0
11042	Q0	458762#12	0
11042	Q0	458762#14	0
11042	Q0	458762#5	0
11042	Q0	1831497#3	0
11042	Q0	458762#2	0
11043	Q0	31147#3	1
11043	Q0	448090#1	1
11043	Q0	448090#0	1
11043	Q0	448090#6	0
11043	Q0	2365884#0	0
11043	Q0	3050692#0	0
11043	Q0	3164462#0	0
11043	Q0	448090#13	0
11043	Q0	1585849#0	0
11043	Q0	448090#19	0
11045	Q0	1487454#2	1
11045	Q0	1487454#0	1
11045	Q0	1487454#5	0
11045	Q0	1487454#1	0
11045	Q0	1487454#6	0
11045	Q0	1487454#3	0
11045	Q0	1487454#7	0
11045	Q0	1487454#4	0
11045	Q0	1480237#1	0
11045	Q0	1478046#1	0
11047	Q0	253038#0	1
11047	Q0	253038#21	1
11047	Q0	253038#29	0
11047	Q0	253038#32	0
11047	Q0	253038#25	0
11047	Q0	253038#2	0
11047	Q0	951481#1	0
11047	Q0	253038#11	0
11047	Q0	253038#1	0
11047	Q0	253038#22	0
11048	Q0	329490#0	1
11048	Q0	1745988#0	0
11048	Q0	1742880#0	0
11048	Q0	1745963#0	0
11048	Q0	45266#0	0
11048	Q0	1556576#0	0
11048	Q0	3056803#0	0
11048	Q0	1753635#0	0
11048	Q0	1745938#0	0
11048	Q0	389926#0	0
11050	Q0	34247#0	1
11050	Q0	34247#5	0
11050	Q0	746293#0	0
11050	Q0	3259412#0	0
11050	Q0	34247#4	0
11050	Q0	34247#1	0
11050	Q0	4426277#0	0
11050	Q0	34247#3	0
11050	Q0	4860651#0	0
11050	Q0	3464493#0	0
11051	Q0	1448130#0	1
11051	Q0	1141574#0	0
11051	Q0	2000241#0	0
11051	Q0	2298036#0	0
11051	Q0	210445#0	0
11051	Q0	2197925#0	0
11051	Q0	1985046#0	0
11051	Q0	942373#0	0
11051	Q0	1733378#0	0
11051	Q0	900463#0	0
11053	Q0	16558#1	1
11053	Q0	16558#3	0
11053	Q0	16558#6	0
11053	Q0	1962592#0	0
11053	Q0	1947419#0	0
11053	Q0	16558#17	0
11053	Q0	16558#0	0
11053	Q0	16558#9	0
11053	Q0	30638#1	0
11053	Q0	3900#0	0
11056	Q0	26402#0	1
11056	Q0	47199#7	0
11056	Q0	47199#5	0
11056	Q0	6108#20	0
11056	Q0	46733#0	0
11056	Q0	4328430#17	0
11056	Q0	55159#0	0
11056	Q0	2400062#0	0
11056	Q0	1095856#0	0
11056	Q0	118523#0	0
11057	Q0	3202929#0	1
11057	Q0	231633#0	0
11057	Q0	11483#49	0
11057	Q0	3839437#0	0
11057	Q0	1765465#0	0
11057	Q0	932624#6	0
11057	Q0	3588787#0	0
11057	Q0	1546510#0	0
11057	Q0	830505#0	0
11057	Q0	2798279#0	0
11060	Q0	50822#0	1
11060	Q0	4263979#0	0
11060	Q0	540888#0	0
11060	Q0	1774930#0	0
11060	Q0	361805#0	0
11060	Q0	2558724#0	0
11060	Q0	909295#0	0
11060	Q0	3336039#0	0
11060	Q0	50822#3	0
11060	Q0	1398242#0	0
11061	Q0	3856#0	1
11061	Q0	42898#5	1
11061	Q0	444932#1	0
11061	Q0	1632977#0	0
11061	Q0	4930628#0	0
11061	Q0	1948372#2	0
11061	Q0	4871327#0	0
11061	Q0	491428#1	0
11061	Q0	3856#2	0
11061	Q0	444918#13	0
11062	Q0	21769#2	1
11062	Q0	808248#18	0
11062	Q0	21769#0	0
11062	Q0	97935#59	0
11062	Q0	414754#0	0
11062	Q0	4823929#0	0
11062	Q0	1263344#2	0
11062	Q0	24961#4	0
11062	Q0	1644512#2	0
11062	Q0	8865#41	0
11063	Q0	1934#2	1
11063	Q0	1026356#0	0
11063	Q0	1349753#0	0
11063	Q0	298197#0	0
11063	Q0	9127#8	0
11063	Q0	171730#0	0
11063	Q0	5206093#0	0
11063	Q0	8959#1	0
11063	Q0	14908#0	0
11063	Q0	5206995#0	0
11066	Q0	1553028#0	1
11066	Q0	4053063#1	0
11066	Q0	4053063#0	0
11066	Q0	4855630#3	0
11066	Q0	1060840#0	0
11066	Q0	1859682#0	0
11066	Q0	908283#4	0
11066	Q0	3151095#0	0
11066	Q0	3319345#2	0
11066	Q0	1060840#8	0
11068	Q0	1132276#3	1
11068	Q0	1132276#4	1
11068	Q0	1132276#1	1
11068	Q0	1132276#9	1
11068	Q0	2654949#24	1
11068	Q0	412458#4	0
11068	Q0	341599#11	0
11068	Q0	1132276#11	0
11068	Q0	4505623#22	0
11068	Q0	1132276#20	0
11071	Q0	9288#0	1
11071	Q0	4933610#0	0
11071	Q0	9288#11	0
11071	Q0	575282#0	0
11071	Q0	413824#0	0
11071	Q0	19777#0	0
11071	Q0	19779#0	0
11071	Q0	3767404#1	0
11071	Q0	1456705#2	0
11071	Q0	9279#4	0
11073	Q0	6568#2	1
11073	Q0	6568#28	0
11073	Q0	191591#5	0
11073	Q0	138740#20	0
11073	Q0	409123#52	0
11073	Q0	6616#2	0
11073	Q0	297592#1	0
11073	Q0	18316#0	0
11073	Q0	138740#0	0
11073	Q0	56122#0	0
11074	Q0	1071707#0	1
11074	Q0	1071707#2	1
11074	Q0	1769200#7	0
11074	Q0	1510262#20	0
11074	Q0	389810#2	0
11074	Q0	1304743#6	0
11074	Q0	3064283#0	0
11074	Q0	1464593#4	0
11074	Q0	1071707#4	0
11074	Q0	1108175#71	0
11077	Q0	75015#0	1
11077	Q0	142566#32	1
11077	Q0	1466377#43	1
11077	Q0	3184638#2	1
11077	Q0	75015#15	0
11077	Q0	75015#4	0
11077	Q0	75015#1	0
11077	Q0	75015#9	0
11077	Q0	75015#11	0
11077	Q0	75015#6	0
11078	Q0	284862#0	1
11078	Q0	284862#21	0
11078	Q0	284862#2	0
11078	Q0	284862#14	0
11078	Q0	284862#13	0
11078	Q0	284862#1	0
11078	Q0	284862#6	0
11078	Q0	284862#11	0
11078	Q0	284862#3	0
11078	Q0	4931751#0	0
11079	Q0	3281220#0	1
11079	Q0	537650#0	0
11079	Q0	598332#0	0
11079	Q0	1702738#1	0
11079	Q0	1666734#1	0
11079	Q0	3522439#0	0
11079	Q0	5130304#41	0
11079	Q0	4508248#13	0
11079	Q0	5130304#37	0
11079	Q0	492264#1	0
11080	Q0	45482#0	1
11080	Q0	26536#3	1
11080	Q0	1125679#0	0
11080	Q0	26536#0	0
11080	Q0	1419378#0	0
11080	Q0	1143032#1	0
11080	Q0	962253#0	0
11080	Q0	3298641#3	0
11080	Q0	962253#3	0
11080	Q0	3148364#0	0
11083	Q0	562577#0	1
11083	Q0	114792#16	0
11083	Q0	114792#2	0
11083	Q0	2490483#15	0
11083	Q0	2490483#0	0
11083	Q0	1781597#1	0
11083	Q0	2490483#14	0
11083	Q0	3589992#6	0
11083	Q0	2490483#5	0
11083	Q0	562577#5	0
11085	Q0	1768684#2	1
11085	Q0	1327645#3	0
11085	Q0	50504#23	0
11085	Q0	22572#51	0
11085	Q0	1305967#0	0
11085	Q0	1601670#0	0
11085	Q0	16451#15	0
11085	Q0	939830#3	0
11085	Q0	3588938#3	0
11085	Q0	31096#5	0
11086	Q0	342357#1	1
11086	Q0	342357#3	0
11086	Q0	948841#1	0
11086	Q0	704039#3	0
11086	Q0	3027544#6	0
11086	Q0	11483#37	0
11086	Q0	16181#28	0
11086	Q0	35261#3	0
11086	Q0	3581939#1	0
11086	Q0	4909961#5	0
11087	Q0	143605#0	1
11087	Q0	43650#7	1
11087	Q0	8670#19	0
11087	Q0	332274#3	0
11087	Q0	180148#0	0
11087	Q0	2639293#3	0
11087	Q0	1175378#0	0
11087	Q0	2706074#0	0
11087	Q0	2011981#0	0
11087	Q0	6624#33	0
11088	Q0	31410#7	1
11088	Q0	31410#24	1
11088	Q0	4250595#3	0
11088	Q0	31410#8	0
11088	Q0	10280#34	0
11088	Q0	31410#25	0
11088	Q0	892147#27	0
11088	Q0	31410#9	0
11088	Q0	31410#27	0
11088	Q0	245293#0	0
11090	Q0	3644723#6	1
11090	Q0	3644723#0	1
11090	Q0	3716132#0	0
11090	Q0	3644723#1	0
11090	Q0	2720410#0	0
11090	Q0	550196#0	0
11090	Q0	3644723#7	0
11090	Q0	2949832#0	0
11090	Q0	1182583#0	0
11090	Q0	4605267#0	0
11091	Q0	1056745#6	1
11091	Q0	1056745#1	1
11091	Q0	1056745#0	1
11091	Q0	1056745#14	1
11091	Q0	1056745#2	1
11091	Q0	1056745#4	1
11091	Q0	1056745#12	1
11091	Q0	1056745#7	1
11091	Q0	1056745#3	1
11091	Q0	466889#0	0
11094	Q0	1474063#0	1
11094	Q0	277433#1	0
11094	Q0	412826#0	0
11094	Q0	3526967#1	0
11094	Q0	3319340#1	0
11094	Q0	3572087#0	0
11094	Q0	421951#1	0
11094	Q0	4527894#1	0
11094	Q0	2898106#1	0
11094	Q0	452566#0	0
11096	Q0	494698#9	1
11096	Q0	196717#3	1
11096	Q0	1020200#22	0
11096	Q0	9415#9	0
11096	Q0	4338786#0	0
11096	Q0	202728#1	0
11096	Q0	282465#20	0
11096	Q0	488497#0	0
11096	Q0	3062220#1	0
11096	Q0	49717#44	0
11097	Q0	231150#0	1
11097	Q0	231150#7	1
11097	Q0	231150#5	1
11097	Q0	231150#40	0
11097	Q0	592394#0	0
11097	Q0	2937277#1	0
11097	Q0	3644#4	0
11097	Q0	3672057#2	0
11097	Q0	1824357#2	0
11097	Q0	1314891#2	0
11098	Q0	1862#71	1
11098	Q0	1862#60	1
11098	Q0	1862#72	0
11098	Q0	1862#1	0
11098	Q0	2290062#2	0
11098	Q0	1961376#2	0
11098	Q0	1862#49	0
11098	Q0	1967425#2	0
11098	Q0	1862#75	0
11098	Q0	2197399#2	0
11099	Q0	1791763#1	1
11099	Q0	43650#0	0
11099	Q0	119970#1	0
11099	Q0	5105475#16	0
11099	Q0	36025#1	0
11099	Q0	2346064#1	0
11099	Q0	1673732#2	0
11099	Q0	1274929#27	0
11099	Q0	18761#32	0
11099	Q0	64123#0	0
11101	Q0	8156#0	1
11101	Q0	8156#2	1
11101	Q0	8156#3	0
11101	Q0	628417#0	0
11101	Q0	8156#4	0
11101	Q0	8156#5	0
11101	Q0	8156#6	0
11101	Q0	710103#0	0
11101	Q0	4922793#1	0
11101	Q0	1442841#6	0
11102	Q0	332489#0	1
11102	Q0	3147385#0	1
11102	Q0	2192369#0	0
11102	Q0	3336609#0	0
11102	Q0	4994233#0	0
11102	Q0	2488#2	0
11102	Q0	1952370#0	0
11102	Q0	3318653#0	0
11102	Q0	3412879#2	0
11102	Q0	1292533#0	0
11103	Q0	1574#10	1
11103	Q0	550296#4	1
11103	Q0	1635772#0	0
11103	Q0	3505319#0	0
11103	Q0	550296#1	0
11103	Q0	830867#0	0
11103	Q0	2160195#5	0
11103	Q0	2180119#0	0
11103	Q0	592370#27	0
11103	Q0	1288183#0	0
11104	Q0	95715#0	1
11104	Q0	95715#17	1
11104	Q0	3193796#7	1
11104	Q0	95715#22	1
11104	Q0	95715#21	1
11104	Q0	3152871#9	0
11104	Q0	3439500#1	0
11104	Q0	4271125#0	0
11104	Q0	1557084#0	0
11104	Q0	95715#4	0
11105	Q0	39228#0	1
11105	Q0	3983402#0	1
11105	Q0	1312206#2	1
11105	Q0	1608399#5	0
11105	Q0	48352#9	0
11105	Q0	217363#3	0
11105	Q0	268528#13	0
11105	Q0	16451#6	0
11105	Q0	39228#2	0
11105	Q0	39228#3	0
11106	Q0	129069#0	1
11106	Q0	1832558#1	0
11106	Q0	1832558#0	0
11106	Q0	129069#1	0
11106	Q0	1832558#2	0
11106	Q0	129048#0	0
11106	Q0	3348243#0	0
11106	Q0	5224031#4	0
11106	Q0	129043#12	0
11106	Q0	129043#13	0
11107	Q0	5127#50	1
11107	Q0	5127#0	1
11107	Q0	28353#0	1
11107	Q0	5127#1	1
11107	Q0	2447801#0	0
11107	Q0	2277#86	0
11107	Q0	583733#0	0
11107	Q0	417096#0	0
11107	Q0	57344#0	0
11107	Q0	3107906#3	0
11109	Q0	1142733#17	1
11109	Q0	1142733#5	0
11109	Q0	1142733#9	0
11109	Q0	1142733#11	0
11109	Q0	1142733#14	0
11109	Q0	1142733#7	0
11109	Q0	1142733#4	0
11109	Q0	1142733#8	0
11109	Q0	1142733#1	0
11109	Q0	236457#138	0
11110	Q0	105615#0	1
11110	Q0	1552149#0	0
11110	Q0	3011833#15	0
11110	Q0	2819969#19	0
11110	Q0	3181028#3	0
11110	Q0	1740324#0	0
11110	Q0	105615#4	0
11110	Q0	3011833#18	0
11110	Q0	60848#20	0
11110	Q0	105615#12	0
11111	Q0	144861#5	1
11111	Q0	144861#0	1
11111	Q0	4063427#0	0
11111	Q0	2229975#1	0
11111	Q0	1277412#0	0
11111	Q0	1277486#0	0
11111	Q0	1670993#2	0
11111	Q0	812852#5	0
11111	Q0	54957#10	0
11111	Q0	893655#2	0
11112	Q0	2797#0	1
11112	Q0	2797#73	1
11112	Q0	2797#78	0
11112	Q0	1933721#0	0
11112	Q0	1905649#13	0
11112	Q0	3157051#18	0
11112	Q0	2639321#0	0
11112	Q0	2797#46	0
11112	Q0	1473621#16	0
11112	Q0	2639321#2	0
11114	Q0	609787#0	1
11114	Q0	609787#1	1
11114	Q0	609787#3	0
11114	Q0	609787#2	0
11114	Q0	4853757#0	0
11114	Q0	3218370#0	0
11114	Q0	3457593#0	0
11114	Q0	3589772#0	0
11114	Q0	955414#0	0
11114	Q0	4510932#0	0
11118	Q0	5199252#0	1
11118	Q0	767449#8	1
11118	Q0	767449#0	0
11118	Q0	767449#5	0
11118	Q0	767449#6	0
11118	Q0	5191972#0	0
11118	Q0	4323087#4	0
11118	Q0	5212310#0	0
11118	Q0	767449#9	0
11118	Q0	767449#4	0
11120	Q0	743919#0	1
11120	Q0	3670280#70	1
11120	Q0	3670280#60	0
11120	Q0	3670280#5	0
11120	Q0	3670280#71	0
11120	Q0	3670280#51	0
11120	Q0	3670280#3	0
11120	Q0	1184404#5	0
11120	Q0	3670280#2	0
11120	Q0	1514221#3	0
11122	Q0	451376#0	1
11122	Q0	319694#14	1
11122	Q0	1714490#0	0
11122	Q0	1714496#1	0
11122	Q0	1714496#3	0
11122	Q0	1925687#14	0
11122	Q0	2526780#0	0
11122	Q0	3574964#0	0
11122	Q0	1640621#5	0
11122	Q0	37441#30	0
11123	Q0	16224#89	1
11123	Q0	1457507#11	1
11123	Q0	1034420#8	1
11123	Q0	998594#18	1
11123	Q0	992442#33	1
11123	Q0	147331#9	0
11123	Q0	1679905#6	0
11123	Q0	3676917#0	0
11123	Q0	147331#11	0
11123	Q0	147331#26	0
11125	Q0	521600#2	1
11125	Q0	26811#63	0
11125	Q0	1134985#1	0
11125	Q0	139827#83	0
11125	Q0	10024#11	0
11125	Q0	1654375#7	0
11125	Q0	4244044#9	0
11125	Q0	101908#3	0
11125	Q0	3431722#51	0
11125	Q0	3518652#0	0
11126	Q0	217194#0	1
11126	Q0	217194#1	0
11126	Q0	217194#9	0
11126	Q0	275285#0	0
11126	Q0	1184719#0	0
11126	Q0	1332303#0	0
11126	Q0	954438#0	0
11126	Q0	217169#0	0
11126	Q0	1682489#1	0
11126	Q0	1987057#0	0
11128	Q0	6471#1	1
11128	Q0	383974#2	0
11128	Q0	124308#0	0
11128	Q0	6471#21	0
11128	Q0	6471#6	0
11128	Q0	4875837#0	0
11128	Q0	994754#1	0
11128	Q0	2360704#3	0
11128	Q0	1058537#0	0
11128	Q0	3653030#1	0
11130	Q0	965929#7	1
11130	Q0	965929#0	1
11130	Q0	965929#8	1
11130	Q0	965929#6	1
11130	Q0	965929#2	1
11130	Q0	100637#31	1
11130	Q0	965929#4	0
11130	Q0	539636#3	0
11130	Q0	2887015#0	0
11130	Q0	2231#0	0
11130	Q0	965929#1	0
11134	Q0	9390#122	1
11134	Q0	6564#0	1
11134	Q0	2293#22	0
11134	Q0	9390#0	0
11134	Q0	9390#3	0
11134	Q0	9390#109	0
11134	Q0	9390#148	0
11134	Q0	9390#54	0
11134	Q0	9390#79	0
11134	Q0	9390#38	0
11135	Q0	4302#0	1
11135	Q0	301381#1	0
11135	Q0	7956#21	0
11135	Q0	1465780#6	0
11135	Q0	1723377#0	0
11135	Q0	3431722#39	0
11135	Q0	961632#4	0
11135	Q0	961632#0	0
11135	Q0	4506580#2	0
11135	Q0	3464673#12	0
11136	Q0	3742442#0	1
11136	Q0	147415#1	1
11136	Q0	147415#2	1
11136	Q0	147415#37	1
11136	Q0	147415#3	1
11136	Q0	147415#0	1
11136	Q0	1050719#10	0
11136	Q0	147415#32	0
11136	Q0	147415#5	0
11136	Q0	4376728#0	0
11136	Q0	147415#36	0
11137	Q0	3570321#0	1
11137	Q0	970004#0	1
11137	Q0	970004#2	1
11137	Q0	1074160#0	1
11137	Q0	1074160#1	1
11137	Q0	1074160#2	0
11137	Q0	3570321#1	0
11137	Q0	3230932#0	0
11137	Q0	3570321#2	0
11137	Q0	1493663#0	0
11138	Q0	24008#2	1
11138	Q0	24008#3	0
11138	Q0	24008#5	0
11138	Q0	1349753#0	0
11138	Q0	1536777#1	0
11138	Q0	8799#6	0
11138	Q0	4530227#1	0
11138	Q0	903010#0	0
11138	Q0	4304828#13	0
11138	Q0	2939652#0	0
11139	Q0	236255#2	1
11139	Q0	173060#3	0
11139	Q0	827617#1	0
11139	Q0	971556#122	0
11139	Q0	675093#1	0
11139	Q0	236255#3	0
11139	Q0	255257#3	0
11139	Q0	129994#3	0
11139	Q0	346198#0	0
11139	Q0	255257#1	0
11142	Q0	2641236#0	1
11142	Q0	57945#0	1
11142	Q0	165033#20	1
11142	Q0	878832#0	0
11142	Q0	1982428#19	0
11142	Q0	1982428#39	0
11142	Q0	3584028#7	0
11142	Q0	1982428#14	0
11142	Q0	1982428#1	0
11142	Q0	3678073#0	0
11143	Q0	760226#0	1
11143	Q0	4606722#1	1
11143	Q0	760226#37	1
11143	Q0	1152895#0	1
11143	Q0	122728#0	0
11143	Q0	3129204#0	0
11143	Q0	1028875#0	0
11143	Q0	1826968#14	0
11143	Q0	4681311#0	0
11143	Q0	250591#11	0
11144	Q0	5488#11	1
11144	Q0	861834#2	0
11144	Q0	5239414#3	0
11144	Q0	861834#13	0
11144	Q0	1603046#0	0
11144	Q0	1923248#0	0
11144	Q0	50121#71	0
11144	Q0	50121#64	0
11144	Q0	81064#0	0
11144	Q0	591324#5	0
11145	Q0	1214035#0	1
11145	Q0	4967186#1	0
11145	Q0	1057285#2	0
11145	Q0	4272205#0	0
11145	Q0	66786#7	0
11145	Q0	1634385#1	0
11145	Q0	2594688#0	0
11145	Q0	25088#5	0
11145	Q0	3454995#0	0
11145	Q0	3539451#0	0
11147	Q0	2277#119	1
11147	Q0	664105#4	1
11147	Q0	342661#0	1
11147	Q0	11315#39	0
11147	Q0	1741684#15	0
11147	Q0	342661#4	0
11147	Q0	3184256#2	0
11147	Q0	2201804#8	0
11147	Q0	3579516#1	0
11147	Q0	1119464#22	0
11148	Q0	6577#3	1
11148	Q0	1293974#0	0
11148	Q0	554485#0	0
11148	Q0	554642#0	0
11148	Q0	241746#0	0
11148	Q0	1974402#0	0
11148	Q0	3562#0	0
11148	Q0	14967#7	0
11148	Q0	718048#16	0
11148	Q0	1901663#0	0
11150	Q0	1369#86	1
11150	Q0	100637#63	0
11150	Q0	56171#26	0
11150	Q0	21171#2	0
11150	Q0	285162#50	0
11150	Q0	56171#20	0
11150	Q0	285162#43	0
11150	Q0	1424347#3	0
11150	Q0	21171#4	0
11150	Q0	8982#15	0
11152	Q0	14806#79	1
11152	Q0	24248#38	1
11152	Q0	1099980#24	0
11152	Q0	2015#3	0
11152	Q0	9409#2	0
11152	Q0	1099980#19	0
11152	Q0	1099980#28	0
11152	Q0	1099980#50	0
11152	Q0	247067#1	0
11152	Q0	3007#10	0
11155	Q0	10774#0	1
11155	Q0	10769#0	0
11155	Q0	10766#0	0
11155	Q0	132976#0	0
11155	Q0	16234#0	0
11155	Q0	1258511#0	0
11155	Q0	10767#0	0
11155	Q0	10769#44	0
11155	Q0	10774#23	0
11155	Q0	10819#0	0
11157	Q0	26745#2	1
11157	Q0	187029#6	1
11157	Q0	187029#1	1
11157	Q0	2277#97	1
11157	Q0	26745#9	0
11157	Q0	11406#12	0
11157	Q0	1163110#10	0
11157	Q0	26745#5	0
11157	Q0	211968#5	0
11157	Q0	382362#1	0
11158	Q0	1668776#0	1
11158	Q0	343891#1	1
11158	Q0	343891#0	1
11158	Q0	18148#0	1
11158	Q0	527462#0	0
11158	Q0	967618#0	0
11158	Q0	596076#10	0
11158	Q0	534239#0	0
11158	Q0	528730#0	0
11158	Q0	289233#0	0
11159	Q0	717459#5	1
11159	Q0	2615796#0	1
11159	Q0	2615796#2	0
11159	Q0	1442016#1	0
11159	Q0	2615796#1	0
11159	Q0	717459#4	0
11159	Q0	717459#8	0
11159	Q0	717459#6	0
11159	Q0	133419#19	0
11159	Q0	2121591#21	0
11160	Q0	12061#0	1
11160	Q0	358813#2	1
11160	Q0	3210691#34	0
11160	Q0	9737#4	0
11160	Q0	2214725#1	0
11160	Q0	118836#1	0
11160	Q0	861834#23	0
11160	Q0	44232#0	0
11160	Q0	20177#0	0
11160	Q0	44815#0	0
11162	Q0	18679#0	1
11162	Q0	1310420#5	1
11162	Q0	18679#9	0
11162	Q0	835042#0	0
11162	Q0	4542720#0	0
11162	Q0	2979404#2	0
11162	Q0	18679#7	0
11162	Q0	18679#1	0
11162	Q0	2117549#0	0
11162	Q0	18679#3	0
11163	Q0	241746#0	1
11163	Q0	900359#0	1
11163	Q0	3174445#0	0
11163	Q0	2668635#0	0
11163	Q0	1124783#19	0
11163	Q0	57513#0	0
11163	Q0	1198189#0	0
11163	Q0	1951635#0	0
11163	Q0	593729#0	0
11163	Q0	57513#29	0
11163	Q0	3078223#0	0
11163	Q0	900359#2	0
11163	Q0	900359#1	0
11165	Q0	68455#0	1
11165	Q0	68455#4	1
11165	Q0	68455#98	0
11165	Q0	68455#34	0
11165	Q0	68455#11	0
11165	Q0	68455#16	0
11165	Q0	68455#10	0
11165	Q0	68455#8	0
11165	Q0	68455#7	0
11165	Q0	68455#9	0
11167	Q0	1556751#0	1
11167	Q0	1556751#6	1
11167	Q0	1556751#10	1
11167	Q0	1556751#12	1
11167	Q0	1556751#1	1
11167	Q0	1556751#4	0
11167	Q0	2275780#21	0
11167	Q0	1656651#2	0
11167	Q0	1739491#13	0
11167	Q0	1556751#7	0
11168	Q0	4036#47	1
11168	Q0	2940256#0	1
11168	Q0	57822#46	1
11168	Q0	3408972#42	0
11168	Q0	2932037#4	0
11168	Q0	2734350#16	0
11168	Q0	4036#0	0
11168	Q0	1367064#21	0
11168	Q0	4969008#21	0
11168	Q0	2944173#0	0
11169	Q0	266834#10	1
11169	Q0	266834#7	1
11169	Q0	1120924#0	1
11169	Q0	266834#2	0
11169	Q0	266834#8	0
11169	Q0	266834#12	0
11169	Q0	3205293#46	0
11169	Q0	543660#1	0
11169	Q0	574355#0	0
11169	Q0	193726#1	0
11170	Q0	136827#0	1
11170	Q0	136827#2	0
11170	Q0	3160687#0	0
11170	Q0	136827#5	0
11170	Q0	4960070#0	0
11170	Q0	1353#44	0
11170	Q0	4948744#1	0
11170	Q0	2204513#0	0
11170	Q0	4948744#0	0
11170	Q0	45542#8	0
11174	Q0	2796931#1	1
11174	Q0	2796931#2	1
11174	Q0	2796931#0	1
11174	Q0	2796931#6	0
11174	Q0	2796931#5	0
11174	Q0	2796931#4	0
11174	Q0	2796931#8	0
11174	Q0	2796931#3	0
11174	Q0	126885#0	0
11174	Q0	2796931#7	0
11176	Q0	39779#0	1
11176	Q0	39779#8	0
11176	Q0	39779#7	0
11176	Q0	58264#6	0
11176	Q0	8068#0	0
11176	Q0	230861#5	0
11176	Q0	39779#3	0
11176	Q0	3577310#0	0
11176	Q0	2731530#11	0
11176	Q0	892347#0	0
11180	Q0	49455#5	1
11180	Q0	49455#3	1
11180	Q0	49455#0	1
11180	Q0	1894134#0	0
11180	Q0	49455#2	0
11180	Q0	49455#4	0
11180	Q0	49455#7	0
11180	Q0	3185233#0	0
11180	Q0	49455#1	0
11180	Q0	2429511#6	0
11181	Q0	194735#1	1
11181	Q0	641192#6	1
11181	Q0	879034#22	0
11181	Q0	194735#5	0
11181	Q0	1647103#1	0
11181	Q0	194735#3	0
11181	Q0	328501#12	0
11181	Q0	4337178#10	0
11181	Q0	3456897#4	0
11181	Q0	641192#7	0
11182	Q0	12517#4	1
11182	Q0	12517#5	1
11182	Q0	236457#94	1
11182	Q0	12517#6	0
11182	Q0	3211180#1	0
11182	Q0	12517#10	0
11182	Q0	12517#16	0
11182	Q0	12517#20	0
11182	Q0	12517#9	0
11182	Q0	12517#7	0
11185	Q0	409077#2	1
11185	Q0	412687#14	0
11185	Q0	3518537#1	0
11185	Q0	18219#1	0
11185	Q0	309872#0	0
11185	Q0	3518537#0	0
11185	Q0	876051#0	0
11185	Q0	77917#1	0
11185	Q0	1863971#0	0
11185	Q0	293608#8	0
11189	Q0	938827#0	1
11189	Q0	938827#1	0
11189	Q0	5004249#0	0
11189	Q0	761397#0	0
11189	Q0	3151173#0	0
11189	Q0	704927#0	0
11189	Q0	2531366#0	0
11189	Q0	5169050#0	0
11189	Q0	5013647#0	0
11189	Q0	1753754#0	0
11190	Q0	4369#15	1
11190	Q0	4369#0	1
11190	Q0	85709#9	1
11190	Q0	4369#3	0
11190	Q0	4369#6	0
11190	Q0	4369#4	0
11190	Q0	282647#2	0
11190	Q0	498320#0	0
11190	Q0	2248#27	0
11190	Q0	472852#9	0
11191	Q0	1547903#5	1
11191	Q0	3353674#0	0
11191	Q0	1185542#1	0
11191	Q0	2996267#1	0
11191	Q0	1547903#4	0
11191	Q0	744105#9	0
11191	Q0	494425#6	0
11191	Q0	101354#33	0
11191	Q0	652049#4	0
11191	Q0	4373684#1	0
11192	Q0	140442#4	1
11192	Q0	140442#1	0
11192	Q0	2237151#0	0
11192	Q0	2237151#7	0
11192	Q0	140442#0	0
11192	Q0	2237151#3	0
11192	Q0	954396#0	0
11192	Q0	140442#11	0
11192	Q0	140442#2	0
11192	Q0	316867#1	0
11194	Q0	1848850#0	1
11194	Q0	1848850#3	1
11194	Q0	1848850#7	0
11194	Q0	1848850#1	0
11194	Q0	1848850#20	0
11194	Q0	1716767#10	0
11194	Q0	1848850#31	0
11194	Q0	1848850#11	0
11194	Q0	1848850#2	0
11194	Q0	1848850#15	0
11197	Q0	35071#0	1
11197	Q0	51571#0	1
11197	Q0	54185#5	0
11197	Q0	587808#0	0
11197	Q0	585600#0	0
11197	Q0	379784#1	0
11197	Q0	35071#14	0
11197	Q0	51571#4	0
11197	Q0	3266126#5	0
11197	Q0	35071#1	0
11199	Q0	7232#7	1
11199	Q0	3935055#1	1
11199	Q0	7232#6	0
11199	Q0	260658#0	0
11199	Q0	2786644#1	0
11199	Q0	4945934#1	0
11199	Q0	508660#1	0
11199	Q0	3224068#0	0
11199	Q0	331497#1	0
11199	Q0	843545#1	0
11201	Q0	737267#0	1
11201	Q0	737267#3	0
11201	Q0	737267#7	0
11201	Q0	230225#1	0
11201	Q0	4720213#0	0
11201	Q0	737267#9	0
11201	Q0	4138202#1	0
11201	Q0	3262416#0	0
11201	Q0	19301#23	0
11201	Q0	737267#10	0
11203	Q0	18800#0	1
11203	Q0	1028162#0	1
11203	Q0	1028162#2	0
11203	Q0	5213200#0	0
11203	Q0	4208783#0	0
11203	Q0	4136496#0	0
11203	Q0	1086945#0	0
11203	Q0	18800#2	0
11203	Q0	4507770#0	0
11203	Q0	3435150#0	0
11207	Q0	249930#1	1
11207	Q0	18131#50	1
11207	Q0	18131#0	1
11207	Q0	284580#82	0
11207	Q0	1426713#0	0
11207	Q0	5156465#0	0
11207	Q0	39881#1	0
11207	Q0	18131#2	0
11207	Q0	3435985#0	0
11207	Q0	725059#0	0
11209	Q0	1670130#1	1
11209	Q0	3138761#5	0
11209	Q0	40188#38	0
11209	Q0	989908#0	0
11209	Q0	990224#0	0
11209	Q0	1791460#1	0
11209	Q0	1791458#1	0
11209	Q0	1205969#0	0
11209	Q0	932509#1	0
11209	Q0	989240#1	0
11212	Q0	25777#0	1
11212	Q0	25777#3	1
11212	Q0	25779#5	1
11212	Q0	19740#0	0
11212	Q0	19676#4	0
11212	Q0	1072132#1	0
11212	Q0	1550029#0	0
11212	Q0	13162#1	0
11212	Q0	12563#1	0
11212	Q0	1333#22	0
11214	Q0	2532530#0	1
11214	Q0	2532530#1	0
11214	Q0	1050204#0	0
11214	Q0	5002833#0	0
11214	Q0	35488#0	0
11214	Q0	35488#4	0
11214	Q0	2532530#3	0
11214	Q0	127732#0	0
11214	Q0	257550#0	0
11214	Q0	5002332#0	0
11217	Q0	2982956#0	1
11217	Q0	3827888#0	0
11217	Q0	415926#0	0
11217	Q0	3551627#0	0
11217	Q0	58879#11	0
11217	Q0	5209181#1	0
11217	Q0	17359#0	0
11217	Q0	1680156#0	0
11217	Q0	1105389#0	0
11217	Q0	60574#0	0
11218	Q0	319122#0	1
11218	Q0	1987535#2	1
11218	Q0	1987535#10	1
11218	Q0	123364#25	0
11218	Q0	44541#43	0
11218	Q0	2204510#14	0
11218	Q0	1520585#0	0
11218	Q0	44541#44	0
11218	Q0	472385#57	0
11218	Q0	1458151#50	0
11221	Q0	496886#0	1
11221	Q0	176671#2	0
11221	Q0	1167831#0	0
11221	Q0	756947#1	0
11221	Q0	3531531#3	0
11221	Q0	3077778#2	0
11221	Q0	3071887#1	0
11221	Q0	4885940#3	0
11221	Q0	29850#3	0
11221	Q0	993117#4	0
11223	Q0	29857#0	1
11223	Q0	5025076#0	0
11223	Q0	5012637#0	0
11223	Q0	125255#0	0
11223	Q0	5196644#0	0
11223	Q0	761866#0	0
11223	Q0	3147623#0	0
11223	Q0	5177484#0	0
11223	Q0	3768193#0	0
11223	Q0	260820#0	0
11225	Q0	3280516#0	1
11225	Q0	207899#3	0
11225	Q0	1056256#20	0
11225	Q0	134707#1	0
11225	Q0	591325#0	0
11225	Q0	586916#10	0
11225	Q0	8665#17	0
11225	Q0	3743667#2	0
11225	Q0	285162#15	0
11225	Q0	3310605#7	0
11227	Q0	36965#10	1
11227	Q0	33402#0	1
11227	Q0	36965#0	1
11227	Q0	4722204#5	1
11227	Q0	7506#8	0
11227	Q0	2305296#3	0
11227	Q0	2001134#2	0
11227	Q0	36965#15	0
11227	Q0	12484#1	0
11227	Q0	36965#11	0
11228	Q0	1720486#4	1
11228	Q0	241484#0	0
11228	Q0	3855643#5	0
11228	Q0	1700945#25	0
11228	Q0	704831#32	0
11228	Q0	729680#0	0
11228	Q0	4614183#27	0
11228	Q0	1594112#3	0
11228	Q0	1233141#11	0
11228	Q0	4757261#225	0
11231	Q0	450464#0	1
11231	Q0	4243865#0	0
11231	Q0	450464#2	0
11231	Q0	450464#1	0
11231	Q0	3091323#6	0
11231	Q0	5212234#0	0
11231	Q0	2533359#0	0
11231	Q0	4243865#1	0
11231	Q0	3127352#1	0
11231	Q0	1151016#0	0
11232	Q0	1030393#0	1
11232	Q0	11033#3	1
11232	Q0	26745#5	0
11232	Q0	1030393#9	0
11232	Q0	2403914#4	0
11232	Q0	2279720#0	0
11232	Q0	680127#4	0
11232	Q0	260295#9	0
11232	Q0	3115043#0	0
11232	Q0	692363#12	0
11233	Q0	479652#2	1
11233	Q0	2516820#2	1
11233	Q0	128386#0	0
11233	Q0	1703197#13	0
11233	Q0	16621#0	0
11233	Q0	947133#0	0
11233	Q0	1703197#5	0
11233	Q0	16621#1	0
11233	Q0	1703197#20	0
11233	Q0	415210#0	0
11236	Q0	144861#5	1
11236	Q0	144861#0	1
11236	Q0	1139948#92	0
11236	Q0	2647094#3	0
11236	Q0	343116#0	0
11236	Q0	2979055#2	0
11236	Q0	4063427#0	0
11236	Q0	176185#2	0
11236	Q0	445114#1	0
11236	Q0	54957#10	0
11238	Q0	63950#1	1
11238	Q0	63950#0	1
11238	Q0	2776687#0	1
11238	Q0	63950#8	1
11238	Q0	3220627#0	0
11238	Q0	2536845#0	0
11238	Q0	122504#15	0
11238	Q0	63950#2	0
11238	Q0	122504#33	0
11238	Q0	2536845#5	0
11240	Q0	885243#0	1
11240	Q0	885243#28	0
11240	Q0	885243#4	0
11240	Q0	4675303#0	0
11240	Q0	885243#33	0
11240	Q0	3056238#0	0
11240	Q0	885243#24	0
11240	Q0	885243#1	0
11240	Q0	1680156#1	0
11240	Q0	885243#16	0
11241	Q0	37196#6	1
11241	Q0	38168#9	1
11241	Q0	37196#5	1
11241	Q0	584101#49	1
11241	Q0	269462#35	1
11241	Q0	4270975#1	1
11241	Q0	584101#60	1
11241	Q0	38230#0	1
11241	Q0	38230#6	0
11241	Q0	38230#1	0
11241	Q0	38230#3	0
11241	Q0	38230#2	0
11242	Q0	3092084#2	1
11242	Q0	64124#0	0
11242	Q0	1564860#2	0
11242	Q0	1566251#3	0
11242	Q0	3092084#1	0
11242	Q0	4816197#6	0
11242	Q0	1502984#1	0
11242	Q0	1363781#3	0
11242	Q0	3092084#0	0
11242	Q0	206229#0	0
11243	Q0	522533#1	1
11243	Q0	522533#0	1
11243	Q0	522533#8	0
11243	Q0	522533#3	0
11243	Q0	522533#6	0
11243	Q0	522533#2	0
11243	Q0	522533#5	0
11243	Q0	522533#7	0
11244	Q0	1656276#1	1
11244	Q0	3193949#1	0
11244	Q0	3639121#6	0
11244	Q0	1820405#0	0
11244	Q0	92040#28	0
11244	Q0	1814533#0	0
11245	Q0	1809660#5	1
11245	Q0	1809660#29	0
11245	Q0	1809660#30	0
11245	Q0	1809660#13	0
11245	Q0	1809660#7	0
11245	Q0	1809660#11	0
11245	Q0	1809660#14	0
11245	Q0	1809660#10	0
11245	Q0	4337249#0	0
11245	Q0	3270225#0	0
11248	Q0	151116#0	1
11248	Q0	151116#2	0
11248	Q0	1032266#1	0
11248	Q0	151116#5	0
11248	Q0	1868354#0	0
11248	Q0	591488#0	0
11248	Q0	511093#1	0
11248	Q0	42109#0	0
11248	Q0	28338#0	0
11248	Q0	902769#0	0
11249	Q0	1808514#0	1
11249	Q0	1712648#0	0
11249	Q0	841741#2	0
11249	Q0	3815114#4	0
11249	Q0	841741#14	0
11249	Q0	981989#4	0
11249	Q0	1721012#0	0
11249	Q0	259346#7	0
11249	Q0	4742325#4	0
11249	Q0	3283751#1	0
11250	Q0	2826#68	1
11250	Q0	1666502#2	1
11250	Q0	1666417#18	0
11250	Q0	1894469#6	0
11250	Q0	336790#21	0
11250	Q0	1020667#37	0
11250	Q0	3945358#16	0
11250	Q0	743944#71	0
11250	Q0	1020667#34	0
11250	Q0	460634#13	0
11252	Q0	1408207#0	1
11252	Q0	2456766#0	1
11252	Q0	1408207#22	0
11252	Q0	2456766#2	0
11252	Q0	1408207#3	0
11252	Q0	3309174#0	0
11252	Q0	1656764#3	0
11252	Q0	3307469#1	0
11252	Q0	1408207#25	0
11252	Q0	1408207#23	0
11255	Q0	1341#75	1
11255	Q0	2409077#7	1
11255	Q0	7928#13	1
11255	Q0	7962#0	1
11255	Q0	1343#0	1
11255	Q0	7928#11	0
11255	Q0	7928#0	0
11255	Q0	7928#10	0
11255	Q0	7928#12	0
11255	Q0	1341#92	0
11256	Q0	144205#1	1
11256	Q0	2933197#1	0
11256	Q0	2933197#0	0
11256	Q0	144205#0	0
11256	Q0	1176540#0	0
11256	Q0	144205#14	0
11256	Q0	246549#13	0
11256	Q0	1325162#3	0
11256	Q0	144205#45	0
11256	Q0	1603410#2	0
11259	Q0	728023#1	1
11259	Q0	728023#13	0
11259	Q0	728023#6	0
11259	Q0	728023#7	0
11259	Q0	728023#3	0
11259	Q0	728023#9	0
11259	Q0	728023#0	0
11259	Q0	728023#15	0
11259	Q0	728023#12	0
11259	Q0	94675#2	0
11261	Q0	282397#0	1
11261	Q0	979667#0	0
11261	Q0	664417#0	0
11261	Q0	282397#2	0
11261	Q0	282397#1	0
11261	Q0	313111#4	0
11261	Q0	467722#4	0
11261	Q0	4424348#0	0
11261	Q0	41347#0	0
11261	Q0	973977#0	0
11262	Q0	1569018#0	1
11262	Q0	1569018#26	0
11262	Q0	1569018#16	0
11262	Q0	1569018#12	0
11262	Q0	1569018#28	0
11262	Q0	1569018#34	0
11262	Q0	1569018#7	0
11262	Q0	1569018#13	0
11262	Q0	1569018#6	0
11262	Q0	1569018#18	0
11265	Q0	3117408#1	1
11265	Q0	400490#146	1
11265	Q0	3101932#0	1
11265	Q0	3936013#1	0
11265	Q0	276254#9	0
11265	Q0	344392#1	0
11265	Q0	276254#1	0
11265	Q0	3327436#4	0
11265	Q0	164306#5	0
11265	Q0	276254#2	0
11267	Q0	309872#0	1
11267	Q0	1718062#1	1
11267	Q0	18219#0	1
11267	Q0	1863971#0	0
11267	Q0	18219#1	0
11267	Q0	3455886#13	0
11267	Q0	1739637#0	0
11267	Q0	18199#0	0
11267	Q0	77917#1	0
11267	Q0	309872#18	0
11269	Q0	3184942#0	1
11269	Q0	3184942#2	0
11269	Q0	3184942#3	0
11269	Q0	3184942#1	0
11269	Q0	213295#0	0
11269	Q0	141049#0	0
11269	Q0	3715514#0	0
11269	Q0	959291#3	0
11269	Q0	3715514#2	0
11269	Q0	4140628#0	0
11271	Q0	361769#1	1
11271	Q0	361769#0	0
11271	Q0	361769#2	0
11271	Q0	361769#7	0
11271	Q0	361769#5	0
11271	Q0	5005103#0	0
11271	Q0	361769#4	0
11271	Q0	361769#6	0
11271	Q0	5134079#0	0
11271	Q0	5024938#0	0
11272	Q0	135569#1	1
11272	Q0	4677#4	0
11272	Q0	2179119#1	0
11272	Q0	231894#1	0
11272	Q0	155070#0	0
11272	Q0	971306#0	0
11272	Q0	3934971#0	0
11272	Q0	4663#1	0
11272	Q0	3325637#1	0
11272	Q0	1570609#0	0
11274	Q0	6470#25	1
11274	Q0	6470#0	1
11274	Q0	6470#5	0
11274	Q0	6470#21	0
11274	Q0	6470#2	0
11274	Q0	3341131#0	0
11274	Q0	6470#22	0
11274	Q0	6470#1	0
11274	Q0	6470#6	0
11274	Q0	5026266#0	0
11275	Q0	1598#9	1
11275	Q0	1598#0	1
11275	Q0	1598#1	0
11275	Q0	1598#7	0
11275	Q0	1598#8	0
11275	Q0	3453015#0	0
11275	Q0	1598#5	0
11275	Q0	1598#3	0
11275	Q0	1598#6	0
11275	Q0	1598#2	0
11279	Q0	2969972#2	1
11279	Q0	2310313#2	1
11279	Q0	2310313#0	0
11279	Q0	144104#1	0
11279	Q0	246549#11	0
11279	Q0	2310313#3	0
11279	Q0	3566840#22	0
11279	Q0	1659073#0	0
11279	Q0	803855#46	0
11279	Q0	803855#19	0
11279	Q0	2969972#10	0
11281	Q0	138561#0	1
11281	Q0	179548#18	0
11281	Q0	3295752#2	0
11281	Q0	3355671#0	0
11281	Q0	1446154#1	0
11281	Q0	3249624#2	0
11281	Q0	61795#12	0
11281	Q0	179548#1	0
11281	Q0	179548#11	0
11281	Q0	1407498#0	0
11283	Q0	651101#0	1
11283	Q0	651101#3	1
11283	Q0	512546#9	0
11283	Q0	2769617#0	0
11283	Q0	249058#39	0
11283	Q0	1093421#11	0
11283	Q0	384050#10	0
11283	Q0	9558#9	0
11283	Q0	104304#14	0
11283	Q0	1000963#4	0
11284	Q0	2199262#45	1
11284	Q0	300479#40	1
11284	Q0	26377#13	0
11284	Q0	67458#19	0
11284	Q0	1281573#5	0
11284	Q0	13236#1	0
11284	Q0	173046#8	0
11284	Q0	400490#19	0
11284	Q0	64275#3	0
11284	Q0	400490#2	0
11285	Q0	416515#0	1
11285	Q0	4074527#0	1
11285	Q0	416515#1	1
11285	Q0	416515#2	0
11285	Q0	43859#0	0
11285	Q0	3376353#14	0
11285	Q0	3118392#12	0
11285	Q0	5073360#0	0
11285	Q0	416515#3	0
11285	Q0	4074632#0	0
11286	Q0	1532589#0	1
11286	Q0	1098192#0	1
11286	Q0	1532595#0	0
11286	Q0	1532595#1	0
11286	Q0	2773521#0	0
11286	Q0	894257#0	0
11286	Q0	557719#0	0
11286	Q0	872607#0	0
11286	Q0	2245758#3	0
11286	Q0	6625#40	0
11288	Q0	3767013#0	1
11288	Q0	232568#1	1
11288	Q0	383707#21	1
11288	Q0	383707#13	1
11288	Q0	2980281#0	0
11288	Q0	3025255#0	0
11288	Q0	2980263#4	0
11288	Q0	1538462#2	0
11288	Q0	232568#4	0
11288	Q0	2469721#0	0
11288	Q0	3745249#1	0
11291	Q0	96871#10	1
11291	Q0	96871#0	1
11291	Q0	1296286#0	1
11291	Q0	3273597#12	1
11291	Q0	1292568#0	1
11291	Q0	12854#11	0
11291	Q0	1672877#0	0
11291	Q0	1502459#0	0
11291	Q0	3273597#15	0
11291	Q0	96871#14	0
11292	Q0	3751#1	1
11292	Q0	3751#13	0
11292	Q0	3751#0	0
11292	Q0	3751#8	0
11292	Q0	3535249#0	0
11292	Q0	3751#9	0
11292	Q0	38889#1	0
11292	Q0	3751#3	0
11292	Q0	3743248#1	0
11292	Q0	1145928#0	0
11293	Q0	1175840#0	1
11293	Q0	1175840#2	1
11293	Q0	428724#0	0
11293	Q0	808026#0	0
11293	Q0	1250800#33	0
11293	Q0	3234692#0	0
11293	Q0	3899130#1	0
11293	Q0	557035#0	0
11293	Q0	315910#0	0
11293	Q0	5249367#0	0
11294	Q0	162472#0	1
11294	Q0	1558807#3	0
11294	Q0	229042#1	0
11294	Q0	259053#1	0
11294	Q0	1662199#14	0
11294	Q0	1519268#1	0
11294	Q0	120942#0	0
11294	Q0	2439973#0	0
11294	Q0	1662199#17	0
11294	Q0	249886#0	0
11295	Q0	269983#0	1
11295	Q0	269983#21	0
11295	Q0	269983#14	0
11295	Q0	5157284#0	0
11295	Q0	269983#5	0
11295	Q0	269983#1	0
11295	Q0	269983#12	0
11295	Q0	269983#26	0
11295	Q0	269983#15	0
11295	Q0	269983#13	0
11296	Q0	53929#0	1
11296	Q0	2742208#0	0
11296	Q0	2757748#0	0
11296	Q0	2998478#0	0
11296	Q0	1290302#1	0
11296	Q0	2747929#0	0
11296	Q0	3294518#0	0
11296	Q0	5063012#0	0
11296	Q0	885258#1	0
11296	Q0	2755277#0	0
11297	Q0	135660#8	1
11297	Q0	66405#8	0
11297	Q0	708331#0	0
11297	Q0	4891720#0	0
11297	Q0	5199#1	0
11297	Q0	2172024#0	0
11297	Q0	1510307#0	0
11297	Q0	1490340#1	0
11297	Q0	239214#0	0
11297	Q0	2750322#0	0
11299	Q0	6270#8	1
11299	Q0	6270#6	0
11299	Q0	7194#3	0
11299	Q0	1534737#47	0
11299	Q0	65272#12	0
11299	Q0	12805#5	0
11299	Q0	4419660#0	0
11299	Q0	6270#10	0
11299	Q0	873869#0	0
11299	Q0	6270#11	0
11300	Q0	19111#0	1
11300	Q0	19111#10	1
11300	Q0	19111#18	1
11300	Q0	19111#2	1
11300	Q0	19111#21	1
11300	Q0	19111#15	1
11300	Q0	19111#16	0
11300	Q0	19111#41	0
11300	Q0	19111#24	0
11300	Q0	19111#34	0
11301	Q0	3263164#2	1
11301	Q0	140452#5	1
11301	Q0	3263164#1	1
11301	Q0	3263164#5	1
11301	Q0	643201#3	0
11301	Q0	422863#5	0
11301	Q0	11859#34	0
11301	Q0	400819#6	0
11301	Q0	1562642#1	0
11301	Q0	2451181#0	0
11302	Q0	1276194#0	1
11302	Q0	1276194#11	1
11302	Q0	1276194#7	1
11302	Q0	1276194#3	1
11302	Q0	1276194#4	0
11302	Q0	1276194#15	0
11302	Q0	1276194#13	0
11302	Q0	1276194#2	0
11302	Q0	1276194#5	0
11302	Q0	1276194#9	0
11303	Q0	3357116#0	1
11303	Q0	3169504#3	1
11303	Q0	18533#0	1
11303	Q0	18533#1	1
11303	Q0	763914#0	0
11303	Q0	3280631#0	0
11303	Q0	21481#0	0
11303	Q0	3936007#0	0
11303	Q0	3216545#2	0
11303	Q0	3902478#1	0
11303	Q0	164061#4	0
11303	Q0	21481#7	0
11303	Q0	18533#2	0
11304	Q0	1053414#19	1
11304	Q0	1053414#13	1
11304	Q0	3215723#3	1
11304	Q0	2449112#30	0
11304	Q0	2650882#2	0
11304	Q0	2449112#24	0
11304	Q0	2449112#37	0
11304	Q0	2449112#3	0
11304	Q0	3014#8	0
11304	Q0	1528734#22	0
11307	Q0	24530#6	1
11307	Q0	1613#12	1
11307	Q0	537442#25	0
11307	Q0	204722#4	0
11307	Q0	1613#51	0
11307	Q0	101275#1	0
11307	Q0	609513#22	0
11307	Q0	537442#22	0
11307	Q0	1613#43	0
11307	Q0	114783#0	0
11308	Q0	16110#4	1
11308	Q0	16110#0	1
11308	Q0	16110#1	1
11308	Q0	16110#2	1
11308	Q0	16110#3	1
11308	Q0	3069899#0	0
11308	Q0	16110#12	0
11308	Q0	11782#22	0
11308	Q0	258148#0	0
11308	Q0	850664#1	0
11309	Q0	238737#0	1
11309	Q0	258298#4	1
11309	Q0	2318763#0	0
11309	Q0	2464529#0	0
11309	Q0	192553#24	0
11309	Q0	2464308#0	0
11309	Q0	2331734#0	0
11309	Q0	5112397#0	0
11309	Q0	2333397#0	0
11309	Q0	2430891#0	0
11310	Q0	136100#1	1
11310	Q0	1847133#41	0
11310	Q0	950658#26	0
11310	Q0	2796#29	0
11310	Q0	3584533#1	0
11310	Q0	2909313#9	0
11310	Q0	4525304#16	0
11310	Q0	3917571#1	0
11310	Q0	5126558#1	0
11310	Q0	4223000#3	0
11311	Q0	2489639#4	1
11311	Q0	2489639#8	1
11311	Q0	2489639#3	1
11311	Q0	2489639#0	1
11311	Q0	2489639#2	1
11311	Q0	2489639#1	1
11311	Q0	413925#24	0
11311	Q0	413925#23	0
11311	Q0	3205954#7	0
11311	Q0	4610178#1	0
11312	Q0	315285#2	1
11312	Q0	315285#0	1
11312	Q0	315285#4	0
11312	Q0	675818#0	0
11312	Q0	39832#1	0
11312	Q0	315285#1	0
11312	Q0	2098508#0	0
11312	Q0	4708733#0	0
11312	Q0	3888722#1	0
11312	Q0	1717813#1	0
11314	Q0	850136#0	1
11314	Q0	850136#2	0
11314	Q0	105175#0	0
11314	Q0	1470758#1	0
11314	Q0	1098141#1	0
11314	Q0	2928458#0	0
11314	Q0	1465083#0	0
11314	Q0	4428472#0	0
11314	Q0	439036#0	0
11314	Q0	2862427#0	0
11315	Q0	832252#2	1
11315	Q0	10068#8	1
11315	Q0	10068#0	1
11315	Q0	1023497#2	1
11315	Q0	1025409#1	1
11315	Q0	10068#7	0
11315	Q0	10068#6	0
11315	Q0	3466716#0	0
11315	Q0	1687567#1	0
11315	Q0	832252#1	0
11316	Q0	6593#13	1
11316	Q0	3742519#1	0
11316	Q0	4344473#2	0
11316	Q0	47734#3	0
11316	Q0	4273055#0	0
11316	Q0	6593#11	0
11316	Q0	4344473#21	0
11316	Q0	17499#23	0
11316	Q0	3175278#0	0
11316	Q0	1425124#19	0
11317	Q0	32355#0	1
11317	Q0	11421#2	0
11317	Q0	4678298#2	0
11317	Q0	4678298#53	0
11317	Q0	16703#22	0
11317	Q0	11421#6	0
11317	Q0	11421#0	0
11317	Q0	11421#23	0
11317	Q0	4678298#55	0
11317	Q0	11421#14	0
11320	Q0	34916#3	1
11320	Q0	34916#0	1
11320	Q0	4772452#0	0
11320	Q0	666962#0	0
11320	Q0	3723699#3	0
11320	Q0	34916#25	0
11320	Q0	4772326#0	0
11320	Q0	38683#6	0
11320	Q0	1167955#1	0
11320	Q0	38683#0	0
11321	Q0	9675#16	1
11321	Q0	4444#23	1
11321	Q0	9675#15	1
11321	Q0	142585#0	1
11321	Q0	1477306#8	0
11321	Q0	1769200#30	0
11321	Q0	1510784#8	0
11321	Q0	1471866#6	0
11321	Q0	8694#15	0
11321	Q0	9675#17	0
11322	Q0	2276213#2	1
11322	Q0	2276213#9	0
11322	Q0	1016501#2	0
11322	Q0	2276213#1	0
11322	Q0	4313376#2	0
11322	Q0	2596159#2	0
11322	Q0	2276213#0	0
11322	Q0	4295978#2	0
11322	Q0	1440706#30	0
11322	Q0	137575#15	0
11323	Q0	284347#0	1
11323	Q0	284347#2	1
11323	Q0	284347#10	0
11323	Q0	3738007#0	0
11323	Q0	4831224#0	0
11323	Q0	3918221#1	0
11323	Q0	3917291#2	0
11323	Q0	1539652#0	0
11323	Q0	284347#8	0
11323	Q0	3738007#1	0
11324	Q0	13920#0	1
11324	Q0	2673#20	1
11324	Q0	2740528#2	0
11324	Q0	2799919#0	0
11324	Q0	2918994#17	0
11324	Q0	5139637#0	0
11324	Q0	5107549#13	0
11324	Q0	847957#0	0
11324	Q0	14767#26	0
11324	Q0	953504#0	0
11325	Q0	1749488#6	1
11325	Q0	1749488#0	0
11325	Q0	1749488#10	0
11325	Q0	1749488#18	0
11325	Q0	1749488#12	0
11325	Q0	1749488#3	0
11325	Q0	1749488#17	0
11325	Q0	1749488#1	0
11325	Q0	189129#0	0
11325	Q0	1749488#2	0
11326	Q0	525555#8	1
11326	Q0	13332#32	0
11326	Q0	18117#84	0
11326	Q0	18117#0	0
11326	Q0	18117#35	0
11326	Q0	18117#2	0
11326	Q0	18117#68	0
11326	Q0	18117#75	0
11326	Q0	18117#56	0
11326	Q0	18117#43	0
11327	Q0	55117#30	1
11327	Q0	55117#0	0
11327	Q0	55117#39	0
11327	Q0	55117#5	0
11327	Q0	4946489#0	0
11327	Q0	55117#14	0
11327	Q0	55117#3	0
11327	Q0	8369#14	0
11327	Q0	804075#5	0
11327	Q0	1109970#0	0
11328	Q0	295141#0	1
11328	Q0	15801#13	1
11328	Q0	2460011#0	0
11328	Q0	41294#0	0
11328	Q0	3461888#4	0
11328	Q0	4333660#14	0
11328	Q0	2772443#1	0
11328	Q0	5187741#21	0
11328	Q0	2191560#3	0
11328	Q0	4419660#0	0
11329	Q0	6564#0	1
11329	Q0	9390#122	1
11329	Q0	9390#0	0
11329	Q0	9390#109	0
11329	Q0	6564#5	0
11329	Q0	2293#22	0
11329	Q0	9390#148	0
11329	Q0	2827260#0	0
11329	Q0	6564#1	0
11329	Q0	473743#4	0
11330	Q0	1570885#0	1
11330	Q0	3460927#0	0
11330	Q0	3542513#0	0
11330	Q0	3233252#0	0
11330	Q0	2714947#0	0
11330	Q0	2714935#2	0
11330	Q0	2714935#0	0
11330	Q0	2546632#0	0
11330	Q0	2714949#0	0
11330	Q0	2714930#0	0
11331	Q0	273711#0	1
11331	Q0	273711#1	0
11331	Q0	714386#0	0
11331	Q0	1660290#0	0
11331	Q0	1252092#0	0
11331	Q0	531870#0	0
11331	Q0	1430#0	0
11331	Q0	3296101#0	0
11331	Q0	273711#3	0
11331	Q0	5219508#0	0
11332	Q0	6958#6	1
11332	Q0	84535#8	0
11332	Q0	5230721#2	0
11332	Q0	2963303#0	0
11332	Q0	187025#0	0
11332	Q0	1683773#4	0
11332	Q0	1270463#13	0
11332	Q0	681553#7	0
11332	Q0	3379481#21	0
11332	Q0	1270463#51	0
11334	Q0	3306230#0	1
11334	Q0	3306230#2	0
11334	Q0	339922#0	0
11334	Q0	3306230#1	0
11334	Q0	3306230#3	0
11334	Q0	39159#0	0
11334	Q0	2952578#0	0
11334	Q0	4988108#2	0
11334	Q0	5129351#0	0
11334	Q0	682049#0	0
11336	Q0	151237#0	1
11336	Q0	246281#2	0
11336	Q0	151237#5	0
11336	Q0	962585#0	0
11336	Q0	2452676#0	0
11336	Q0	2201112#3	0
11336	Q0	2953861#3	0
11336	Q0	151237#12	0
11336	Q0	151237#7	0
11336	Q0	151237#9	0
11337	Q0	322753#1	1
11337	Q0	322754#1	1
11337	Q0	322753#7	1
11337	Q0	322754#0	1
11337	Q0	1208345#0	0
11337	Q0	322754#2	0
11337	Q0	322753#4	0
11337	Q0	3182760#9	0
11337	Q0	1143041#2	0
11337	Q0	3360269#0	0
11338	Q0	26745#11	1
11338	Q0	1498568#29	0
11338	Q0	1498568#33	0
11338	Q0	10229#39	0
11338	Q0	10229#27	0
11338	Q0	1498568#23	0
11338	Q0	1180605#1	0
11338	Q0	1498568#6	0
11338	Q0	187029#7	0
11338	Q0	1498568#1	0
11339	Q0	57822#20	1
11339	Q0	57822#34	1
11339	Q0	2944173#25	1
11339	Q0	4819599#9	0
11339	Q0	4025955#0	0
11339	Q0	4005334#0	0
11339	Q0	2449865#5	0
11339	Q0	4620504#5	0
11339	Q0	5126939#2	0
11339	Q0	57822#3	0
11342	Q0	2178478#0	1
11342	Q0	4519555#0	1
11342	Q0	9326#0	1
11342	Q0	4382613#0	0
11342	Q0	66584#13	0
11342	Q0	21769#21	0
11342	Q0	2993864#0	0
11342	Q0	3537137#0	0
11342	Q0	2993875#0	0
11342	Q0	4109384#0	0
11342	Q0	6578#16	0
11342	Q0	6578#17	0
11343	Q0	2916#6	1
11343	Q0	1089014#0	1
11343	Q0	2494210#1	1
11343	Q0	1089014#5	0
11343	Q0	1791820#11	0
11343	Q0	1089014#3	0
11343	Q0	245779#3	0
11343	Q0	1089014#10	0
11343	Q0	1089014#9	0
11343	Q0	162495#2	0
11344	Q0	6625#58	1
11344	Q0	6625#62	0
11344	Q0	1728620#0	0
11344	Q0	6625#61	0
11344	Q0	1828874#2	0
11344	Q0	4110437#2	0
11344	Q0	163813#45	0
11344	Q0	1672707#0	0
11344	Q0	6625#60	0
11344	Q0	10865#18	0
11345	Q0	36364#0	1
11345	Q0	36364#1	1
11346	Q0	201844#1	1
11346	Q0	1089152#0	0
11346	Q0	1559478#2	0
11346	Q0	2533592#0	0
11346	Q0	61769#16	0
11346	Q0	1559478#3	0
11346	Q0	1559478#1	0
11346	Q0	54677#1	0
11346	Q0	28330#3	0
11346	Q0	1898535#0	0
11347	Q0	3307288#0	1
11347	Q0	3307288#1	0
11347	Q0	405682#2	0
11347	Q0	233341#17	0
11347	Q0	444490#0	0
11347	Q0	4341310#9	0
11347	Q0	47807#16	0
11347	Q0	5225034#20	0
11347	Q0	405682#3	0
11347	Q0	277514#8	0
11348	Q0	512817#1	1
11348	Q0	70041#4	0
11348	Q0	3031625#5	0
11348	Q0	512817#0	0
11348	Q0	529976#3	0
11348	Q0	83642#7	0
11348	Q0	441740#0	0
11348	Q0	2580180#1	0
11348	Q0	2401261#7	0
11348	Q0	537723#13	0
11349	Q0	3598851#2	1
11349	Q0	1714763#4	1
11349	Q0	183431#7	0
11349	Q0	183431#10	0
11349	Q0	183431#0	0
11349	Q0	1710375#5	0
11349	Q0	3029880#0	0
11349	Q0	1420147#0	0
11349	Q0	1420179#3	0
11349	Q0	1730424#4	0
11350	Q0	1722137#0	1
11350	Q0	938974#0	0
11350	Q0	859923#0	0
11350	Q0	194014#6	0
11350	Q0	2200592#0	0
11350	Q0	317812#0	0
11350	Q0	2398168#9	0
11350	Q0	3089148#0	0
11350	Q0	2937788#0	0
11350	Q0	2467814#0	0
11351	Q0	31410#15	1
11351	Q0	1699607#5	0
11351	Q0	31410#14	0
11351	Q0	304350#5	0
11351	Q0	31410#16	0
11351	Q0	3238112#1	0
11351	Q0	134521#33	0
11351	Q0	1288351#3	0
11351	Q0	971877#13	0
11351	Q0	61582#0	0
11352	Q0	1756510#1	1
11352	Q0	184177#0	1
11352	Q0	1442069#0	0
11352	Q0	603436#0	0
11352	Q0	1902240#4	0
11352	Q0	233104#13	0
11352	Q0	1675729#2	0
11352	Q0	184177#1	0
11352	Q0	135543#0	0
11352	Q0	410172#0	0
11356	Q0	19882#0	1
11356	Q0	344034#0	0
11356	Q0	2914146#0	0
11356	Q0	4208639#0	0
11356	Q0	3396501#0	0
11356	Q0	183411#0	0
11356	Q0	875827#1	0
11356	Q0	444546#0	0
11356	Q0	461808#0	0
11356	Q0	12411#0	0
11357	Q0	301585#3	1
11357	Q0	301585#0	0
11357	Q0	3433569#0	0
11357	Q0	301585#16	0
11357	Q0	301585#15	0
11357	Q0	301585#1	0
11357	Q0	301585#30	0
11357	Q0	301585#21	0
11357	Q0	301585#27	0
11357	Q0	301585#25	0
11361	Q0	5130248#54	1
11361	Q0	5130319#27	0
11361	Q0	5130341#26	0
11361	Q0	3351433#0	0
11361	Q0	5130361#56	0
11361	Q0	1039094#8	0
11361	Q0	5130319#34	0
11361	Q0	3351433#3	0
11361	Q0	5130319#86	0
11361	Q0	5130248#58	0
11362	Q0	19594#33	1
11362	Q0	19594#24	0
11362	Q0	19594#28	0
11362	Q0	19594#34	0
11362	Q0	19594#2	0
11362	Q0	19594#29	0
11362	Q0	19594#27	0
11362	Q0	19594#7	0
11362	Q0	19594#32	0
11362	Q0	19594#13	0
11364	Q0	66467#0	1
11364	Q0	66467#2	1
11364	Q0	2526027#0	0
11364	Q0	3134895#1	0
11364	Q0	2706558#0	0
11364	Q0	1233981#0	0
11364	Q0	2525626#0	0
11364	Q0	1233981#2	0
11364	Q0	1571842#0	0
11364	Q0	3133365#0	0
11365	Q0	85652#0	1
11365	Q0	85652#4	1
11365	Q0	85652#1	1
11365	Q0	892558#24	0
11365	Q0	310358#7	0
11365	Q0	5158341#0	0
11365	Q0	3341164#0	0
11365	Q0	4895195#0	0
11365	Q0	2014545#0	0
11365	Q0	85652#5	0
11367	Q0	683208#0	1
11367	Q0	16428#10	0
11367	Q0	3972105#0	0
11367	Q0	16428#22	0
11367	Q0	16428#23	0
11367	Q0	24156#0	0
11367	Q0	24156#1	0
11367	Q0	16428#8	0
11367	Q0	1422759#1	0
11367	Q0	683208#1	0
11370	Q0	129240#0	1
11370	Q0	714535#0	0
11370	Q0	657761#0	0
11370	Q0	3584228#1	0
11370	Q0	2246083#0	0
11370	Q0	2098198#0	0
11370	Q0	4610081#0	0
11370	Q0	129240#2	0
11370	Q0	674264#4	0
11370	Q0	888710#0	0
11372	Q0	1651233#0	1
11372	Q0	1651233#4	1
11372	Q0	1651233#1	1
11372	Q0	1651233#2	0
11372	Q0	1651233#6	0
11372	Q0	1651233#3	0
11372	Q0	1333679#0	0
11372	Q0	1651233#7	0
11372	Q0	1092849#8	0
11372	Q0	650972#0	0
11373	Q0	979382#0	1
11373	Q0	2536884#0	0
11373	Q0	5932#53	0
11373	Q0	2536884#1	0
11373	Q0	4110103#0	0
11373	Q0	4542620#0	0
11373	Q0	5932#56	0
11373	Q0	1559259#0	0
11373	Q0	4568338#0	0
11373	Q0	1522212#0	0
11375	Q0	24961#20	1
11375	Q0	21581#31	1
11375	Q0	3522853#0	0
11375	Q0	4765249#4	0
11375	Q0	811025#0	0
11375	Q0	1889660#19	0
11375	Q0	4948657#0	0
11375	Q0	3464938#0	0
11375	Q0	4720607#0	0
11375	Q0	230861#5	0
11376	Q0	4835#1	1
11376	Q0	4835#0	1
11376	Q0	62832#15	1
11376	Q0	2918016#5	1
11376	Q0	4835#7	0
11376	Q0	4835#6	0
11376	Q0	967624#0	0
11376	Q0	10406#0	0
11376	Q0	5134467#0	0
11376	Q0	1665456#0	0
11377	Q0	261472#0	1
11377	Q0	1114300#1	1
11377	Q0	261472#1	1
11377	Q0	118645#4	1
11377	Q0	173514#36	0
11377	Q0	1519268#1	0
11377	Q0	235922#1	0
11377	Q0	1653425#8	0
11377	Q0	1662199#17	0
11377	Q0	1662199#30	0
11378	Q0	3910#1	1
11378	Q0	9086#24	0
11378	Q0	8659#16	0
11378	Q0	61847#82	0
11378	Q0	6267#10	0
11378	Q0	8670#35	0
11378	Q0	1309#11	0
11378	Q0	3910#44	0
11378	Q0	3910#0	0
11378	Q0	363880#0	0
11379	Q0	3084266#0	1
11379	Q0	3084266#1	0
11379	Q0	2976646#5	0
11379	Q0	5202036#8	0
11379	Q0	3084266#2	0
11379	Q0	478347#10	0
11379	Q0	876802#2	0
11379	Q0	704858#7	0
11379	Q0	1822697#2	0
11379	Q0	3077778#21	0
11380	Q0	4202#10	1
11380	Q0	2632753#1	1
11380	Q0	118034#6	1
11380	Q0	120039#1	1
11380	Q0	4666987#20	0
11380	Q0	120039#5	0
11380	Q0	120039#3	0
11380	Q0	4666987#3	0
11380	Q0	3899182#1	0
11380	Q0	2956181#3	0
11380	Q0	118034#23	0
11380	Q0	118034#17	0
11381	Q0	68718#8	1
11381	Q0	1535357#35	1
11381	Q0	4875915#0	0
11381	Q0	143670#0	0
11381	Q0	9899#0	0
11381	Q0	1535357#16	0
11381	Q0	995616#0	0
11381	Q0	1040252#0	0
11381	Q0	1549408#0	0
11381	Q0	863235#0	0
11382	Q0	205325#0	1
11382	Q0	205325#6	1
11382	Q0	205325#22	0
11382	Q0	2529479#0	0
11382	Q0	2843029#0	0
11382	Q0	205325#26	0
11382	Q0	205325#49	0
11382	Q0	205325#3	0
11382	Q0	205325#2	0
11382	Q0	205325#47	0
11383	Q0	293649#1	1
11383	Q0	5055823#1	0
11383	Q0	257948#10	0
11383	Q0	3895#21	0
11383	Q0	430919#9	0
11383	Q0	777620#18	0
11383	Q0	916440#20	0
11383	Q0	39369#45	0
11383	Q0	1463678#14	0
11383	Q0	127015#2	0
11384	Q0	1280139#1	1
11384	Q0	676209#4	1
11384	Q0	728651#1	0
11384	Q0	728651#0	0
11384	Q0	728651#48	0
11384	Q0	3791427#0	0
11384	Q0	676209#0	0
11384	Q0	728651#32	0
11384	Q0	728651#6	0
11384	Q0	676209#3	0
11385	Q0	16631#0	1
11385	Q0	389436#6	0
11385	Q0	4522244#2	0
11385	Q0	1249#28	0
11385	Q0	14561#1	0
11385	Q0	434171#2	0
11385	Q0	239495#19	0
11385	Q0	63549#1	0
11385	Q0	1043800#70	0
11385	Q0	91698#1	0
11386	Q0	68770#0	1
11386	Q0	3354722#0	0
11386	Q0	38931#0	0
11386	Q0	3251639#2	0
11386	Q0	68770#1	0
11386	Q0	38931#2	0
11386	Q0	3454109#2	0
11386	Q0	68770#3	0
11386	Q0	68770#5	0
11386	Q0	5583#56	0
11388	Q0	2372744#1	1
11388	Q0	2372744#0	1
11388	Q0	2372744#3	0
11388	Q0	471359#4	0
11388	Q0	2372744#28	0
11388	Q0	2372744#83	0
11388	Q0	2372744#45	0
11388	Q0	1814240#1	0
11388	Q0	2943541#1	0
11388	Q0	2372744#49	0
11391	Q0	2503343#0	1
11391	Q0	5156753#0	0
11391	Q0	5156583#0	0
11391	Q0	1916343#0	0
11391	Q0	341536#0	0
11391	Q0	5269159#1	0
11391	Q0	1474580#0	0
11391	Q0	2503343#1	0
11391	Q0	3341163#0	0
11391	Q0	5119406#0	0
11394	Q0	189744#0	1
11394	Q0	189744#27	1
11394	Q0	2270098#1	0
11394	Q0	921299#0	0
11394	Q0	921312#0	0
11394	Q0	921291#0	0
11394	Q0	921832#0	0
11394	Q0	8951#17	0
11394	Q0	925966#0	0
11394	Q0	3088228#0	0
11396	Q0	2400062#0	1
11396	Q0	6108#20	0
11396	Q0	1095856#0	0
11396	Q0	299087#0	0
11396	Q0	4328430#17	0
11396	Q0	116958#16	0
11396	Q0	116958#15	0
11396	Q0	116960#8	0
11396	Q0	47199#7	0
11396	Q0	299087#1	0
11397	Q0	2718441#0	1
11397	Q0	3669610#15	1
11397	Q0	9980#0	1
11397	Q0	9980#1	1
11397	Q0	921829#17	1
11397	Q0	9980#3	1
11397	Q0	5126291#0	0
11397	Q0	4267603#2	0
11397	Q0	3576185#0	0
11397	Q0	4269495#0	0
11398	Q0	37602#0	1
11398	Q0	5155023#0	0
11398	Q0	37602#2	0
11398	Q0	3301457#0	0
11398	Q0	5270669#0	0
11398	Q0	4515025#41	0
11398	Q0	37602#1	0
11398	Q0	4515025#21	0
11398	Q0	4767248#0	0
11398	Q0	5001985#0	0
11399	Q0	28321#0	1
11399	Q0	65753#4	1
11399	Q0	3926849#0	0
11399	Q0	28321#4	0
11399	Q0	28321#6	0
11399	Q0	28321#2	0
11399	Q0	351263#2	0
11399	Q0	2536638#6	0
11399	Q0	1232672#1	0
11399	Q0	201773#1	0
11400	Q0	591633#0	1
11400	Q0	591633#1	0
11400	Q0	591633#7	0
11400	Q0	591633#8	0
11400	Q0	2119107#0	0
11400	Q0	591633#3	0
11400	Q0	591633#20	0
11400	Q0	591633#18	0
11400	Q0	591633#16	0
11400	Q0	2363340#5	0
11402	Q0	6593#19	1
11402	Q0	3037513#5	1
11402	Q0	707558#2	0
11402	Q0	1619#1	0
11402	Q0	3354739#5	0
11402	Q0	565705#0	0
11402	Q0	617889#3	0
11402	Q0	708130#7	0
11402	Q0	28544#1	0
11402	Q0	711388#0	0
11405	Q0	627395#0	1
11405	Q0	627395#6	1
11405	Q0	627395#1	0
11405	Q0	627395#10	0
11405	Q0	627395#11	0
11405	Q0	627395#17	0
11405	Q0	627395#7	0
11405	Q0	627395#9	0
11405	Q0	4119627#0	0
11405	Q0	627395#2	0
11405	Q0	627395#5	0
11405	Q0	627395#18	0
11406	Q0	2542791#4	1
11406	Q0	5187352#59	1
11406	Q0	3687#9	1
11406	Q0	31035#40	1
11406	Q0	3687#2	1
11406	Q0	2542791#1	0
11406	Q0	3687#29	0
11406	Q0	2542791#0	0
11406	Q0	3687#31	0
11406	Q0	3148181#9	0
11407	Q0	1457507#11	1
11407	Q0	1034420#8	1
11407	Q0	992442#33	1
11407	Q0	998594#18	1
11407	Q0	2371466#52	1
11407	Q0	16224#89	1
11407	Q0	992442#0	1
11407	Q0	2351083#1	1
11407	Q0	2042651#0	0
11407	Q0	992442#47	0
11408	Q0	2780872#0	1
11408	Q0	1647661#0	0
11408	Q0	1284116#0	0
11408	Q0	2773207#1	0
11408	Q0	1007825#0	0
11408	Q0	2773207#0	0
11408	Q0	5158129#0	0
11408	Q0	410566#0	0
11408	Q0	38720#1	0
11408	Q0	2417945#1	0
11409	Q0	1048721#0	1
11409	Q0	1048721#2	1
11409	Q0	5125000#0	0
11409	Q0	60619#0	0
11409	Q0	1958364#0	0
11409	Q0	343181#0	0
11409	Q0	1048721#3	0
11409	Q0	269415#0	0
11409	Q0	60619#3	0
11409	Q0	3740644#0	0
11412	Q0	97117#11	1
11412	Q0	97117#8	1
11412	Q0	97117#0	0
11412	Q0	3744857#0	0
11412	Q0	97117#5	0
11412	Q0	97117#14	0
11412	Q0	97117#6	0
11412	Q0	1763001#0	0
11412	Q0	97117#19	0
11412	Q0	1701390#3	0
11413	Q0	5331#0	1
11413	Q0	4286075#0	1
11413	Q0	3258591#0	0
11413	Q0	4294978#0	0
11413	Q0	720177#0	0
11413	Q0	3181640#0	0
11413	Q0	809912#0	0
11413	Q0	48101#0	0
11413	Q0	4286075#1	0
11413	Q0	2633994#4	0
11416	Q0	830589#0	1
11416	Q0	25404#0	0
11416	Q0	3734089#5	0
11416	Q0	12600#28	0
11416	Q0	1057866#0	0
11416	Q0	3358073#0	0
11416	Q0	714292#0	0
11416	Q0	104437#0	0
11416	Q0	139623#0	0
11416	Q0	139623#1	0
11420	Q0	1138296#0	1
11420	Q0	883208#0	0
11420	Q0	3520286#0	0
11420	Q0	398824#0	0
11420	Q0	9826#0	0
11420	Q0	206229#0	0
11420	Q0	3218156#0	0
11420	Q0	983776#0	0
11420	Q0	1743805#0	0
11420	Q0	1195978#2	0
11421	Q0	45555#4	1
11421	Q0	1056963#3	1
11421	Q0	1667259#8	0
11421	Q0	3591934#2	0
11421	Q0	1060101#1	0
11421	Q0	2196094#1	0
11421	Q0	1795#27	0
11421	Q0	1791#6	0
11421	Q0	12515#5	0
11421	Q0	1056963#8	0
11422	Q0	1474621#0	1
11422	Q0	4336801#0	0
11422	Q0	4829675#4	0
11422	Q0	52594#0	0
11422	Q0	1045115#0	0
11422	Q0	893136#0	0
11422	Q0	5134540#0	0
11422	Q0	986974#0	0
11422	Q0	5134552#0	0
11422	Q0	5134549#0	0
11423	Q0	1420131#0	1
11423	Q0	4474769#0	0
11423	Q0	3408466#0	0
11423	Q0	1815303#0	0
11423	Q0	1683543#0	0
11423	Q0	1049835#0	0
11423	Q0	1772493#4	0
11423	Q0	970812#31	0
11423	Q0	826887#0	0
11423	Q0	52929#16	0
11424	Q0	78397#0	1
11424	Q0	78383#0	1
11424	Q0	91948#0	1
11424	Q0	78397#1	0
11424	Q0	1970001#0	0
11424	Q0	1970132#0	0
11424	Q0	1970078#0	0
11424	Q0	1970079#0	0
11424	Q0	1969972#0	0
11424	Q0	1970070#0	0
11425	Q0	164764#0	1
11425	Q0	511093#1	0
11425	Q0	164764#1	0
11425	Q0	13128#0	0
11425	Q0	248131#4	0
11425	Q0	42109#0	0
11425	Q0	25567#0	0
11425	Q0	143069#4	0
11425	Q0	17452#4	0
11425	Q0	164764#3	0
11426	Q0	9261#0	1
11426	Q0	67889#0	0
11426	Q0	38103#0	0
11426	Q0	1699835#0	0
11426	Q0	3311287#0	0
11426	Q0	4149055#1	0
11426	Q0	78464#0	0
11426	Q0	987281#2	0
11426	Q0	138843#0	0
11426	Q0	2695381#0	0
11428	Q0	1767413#0	1
11428	Q0	1767413#1	0
11428	Q0	51223#0	0
11428	Q0	1767413#2	0
11428	Q0	4917399#0	0
11428	Q0	1577918#0	0
11428	Q0	1767413#3	0
11428	Q0	1767413#6	0
11428	Q0	1767413#4	0
11428	Q0	1767413#5	0
11431	Q0	4313515#0	1
11431	Q0	149397#0	1
11431	Q0	4325475#3	1
11431	Q0	1221838#1	0
11431	Q0	149403#0	0
11431	Q0	354063#0	0
11431	Q0	4313515#2	0
11431	Q0	130096#0	0
11431	Q0	7578#2	0
11431	Q0	7578#18	0
11433	Q0	1891452#0	1
11433	Q0	298197#0	0
11433	Q0	5148283#2	0
11433	Q0	5148283#0	0
11433	Q0	3025358#0	0
11433	Q0	3959902#189	0
11433	Q0	2998659#1	0
11433	Q0	3032793#0	0
11433	Q0	2262171#0	0
11433	Q0	820381#19	0
11436	Q0	131025#0	1
11436	Q0	2994915#1	0
11436	Q0	358829#0	0
11436	Q0	554485#0	0
11436	Q0	2701120#0	0
11436	Q0	598361#0	0
11436	Q0	2829345#0	0
11436	Q0	2539682#1	0
11436	Q0	10068#8	0
11436	Q0	7862#1	0
11437	Q0	12656#0	1
11437	Q0	12656#5	0
11437	Q0	1052018#2	0
11437	Q0	12656#8	0
11437	Q0	3463300#0	0
11437	Q0	4880563#9	0
11437	Q0	139582#3	0
11437	Q0	4251505#1	0
11437	Q0	1507922#10	0
11437	Q0	747313#0	0
11438	Q0	6564#10	1
11438	Q0	6564#0	1
11438	Q0	9390#10	0
11438	Q0	9390#5	0
11438	Q0	126044#1	0
11438	Q0	1007313#3	0
11438	Q0	902436#4	0
11438	Q0	9390#152	0
11438	Q0	9390#65	0
11438	Q0	2650033#4	0
11439	Q0	3852194#0	1
11439	Q0	4751160#2	1
11439	Q0	1569#0	0
11439	Q0	1014511#9	0
11439	Q0	1115525#10	0
11439	Q0	4619476#0	0
11439	Q0	2803328#6	0
11439	Q0	1115525#66	0
11439	Q0	777620#81	0
11439	Q0	1569#26	0
11440	Q0	1128981#0	1
11440	Q0	1128981#3	1
11440	Q0	1128981#6	0
11440	Q0	1128981#7	0
11440	Q0	1128981#4	0
11440	Q0	1128981#5	0
11440	Q0	1128981#2	0
11440	Q0	1128981#1	0
11440	Q0	818399#13	0
11440	Q0	291363#0	0
11441	Q0	2862749#1	1
11441	Q0	2862749#0	0
11441	Q0	3308143#0	0
11441	Q0	1215102#1	0
11441	Q0	5070223#0	0
11441	Q0	1215102#0	0
11441	Q0	3131511#0	0
11441	Q0	3433176#0	0
11441	Q0	1532076#1	0
11441	Q0	3284415#0	0
11442	Q0	65247#0	1
11442	Q0	1435283#0	0
11442	Q0	3142428#0	0
11442	Q0	2777980#0	0
11442	Q0	1498645#0	0
11442	Q0	805266#0	0
11442	Q0	136562#0	0
11442	Q0	417898#0	0
11442	Q0	1012608#0	0
11442	Q0	4970937#0	0
11444	Q0	285261#0	1
11444	Q0	285261#31	1
11444	Q0	285261#9	1
11444	Q0	285261#2	1
11444	Q0	285261#1	0
11444	Q0	285261#6	0
11444	Q0	4749547#0	0
11444	Q0	1662132#0	0
11444	Q0	20332#0	0
11444	Q0	20332#45	0
11445	Q0	3156143#0	1
11445	Q0	3144880#0	0
11445	Q0	2779118#0	0
11445	Q0	3156143#2	0
11445	Q0	5157111#0	0
11445	Q0	5169933#0	0
11445	Q0	4238371#0	0
11445	Q0	4891220#0	0
11445	Q0	5000746#0	0
11445	Q0	5026957#0	0
11446	Q0	12854#0	1
11446	Q0	3429635#0	1
11446	Q0	1292568#0	1
11446	Q0	3294008#0	0
11446	Q0	3273597#15	0
11446	Q0	3273597#12	0
11446	Q0	18951#1	0
11446	Q0	206166#2	0
11446	Q0	3455638#0	0
11446	Q0	2179965#0	0
11447	Q0	5127#0	1
11447	Q0	583733#51	0
11447	Q0	665181#1	0
11447	Q0	2548605#1	0
11447	Q0	155097#1	0
11447	Q0	28353#17	0
11447	Q0	6173#0	0
11447	Q0	16224#46	0
11447	Q0	583733#48	0
11447	Q0	59423#0	0
11449	Q0	523653#0	1
11449	Q0	523653#7	0
11449	Q0	45937#0	0
11449	Q0	45937#20	0
11449	Q0	1540798#0	0
11449	Q0	523653#4	0
11449	Q0	45937#9	0
11449	Q0	45937#14	0
11449	Q0	98634#8	0
11449	Q0	105022#0	0
11450	Q0	1033021#0	1
11450	Q0	1033021#6	1
11450	Q0	4841225#0	0
11450	Q0	2551360#0	0
11450	Q0	3147648#0	0
11450	Q0	1660865#0	0
11450	Q0	1033021#1	0
11450	Q0	5229469#0	0
11450	Q0	119827#0	0
11450	Q0	5030337#0	0
11452	Q0	718257#1	1
11452	Q0	576872#3	1
11452	Q0	1511383#0	0
11452	Q0	421581#0	0
11452	Q0	1511389#0	0
11452	Q0	1522920#5	0
11452	Q0	42693#7	0
11452	Q0	3659534#0	0
11452	Q0	4344709#7	0
11452	Q0	1522920#0	0
11453	Q0	6890#0	1
11453	Q0	6890#3	1
11453	Q0	3131624#0	0
11453	Q0	13174#1	0
11453	Q0	173096#0	0
11453	Q0	4308288#1	0
11453	Q0	1372#1	0
11453	Q0	1089721#6	0
11453	Q0	347950#0	0
11453	Q0	1538719#0	0
11453	Q0	13174#0	0
11453	Q0	13174#5	0
11454	Q0	77270#0	1
11454	Q0	77270#30	1
11454	Q0	1565236#15	0
11454	Q0	77270#43	0
11454	Q0	77270#33	0
11454	Q0	77270#45	0
11454	Q0	2459279#6	0
11454	Q0	77270#40	0
11454	Q0	60398#3	0
11454	Q0	954342#1	0
11455	Q0	1170152#32	1
11455	Q0	1008745#3	1
11455	Q0	601704#1	1
11455	Q0	3099589#0	0
11455	Q0	3099701#0	0
11455	Q0	1593052#2	0
11455	Q0	155551#1	0
11455	Q0	3100510#1	0
11455	Q0	3211176#1	0
11455	Q0	517786#2	0
11458	Q0	2416696#0	1
11458	Q0	140980#0	1
11458	Q0	3281413#0	0
11458	Q0	2416696#1	0
11458	Q0	4536163#0	0
11458	Q0	512810#0	0
11458	Q0	3281409#0	0
11458	Q0	5104580#0	0
11458	Q0	1758389#0	0
11458	Q0	2556357#0	0
11460	Q0	1662552#0	1
11460	Q0	1662552#2	1
11460	Q0	1510784#6	0
11460	Q0	558654#0	0
11460	Q0	1415018#0	0
11460	Q0	1201217#0	0
11460	Q0	299722#0	0
11460	Q0	3587616#0	0
11460	Q0	1657544#0	0
11460	Q0	3971905#0	0
11462	Q0	53683#0	1
11462	Q0	53683#15	1
11462	Q0	1312515#0	0
11462	Q0	1202742#1	0
11462	Q0	18890#5	0
11462	Q0	3252623#33	0
11462	Q0	61299#2	0
11462	Q0	2172338#0	0
11462	Q0	4263367#3	0
11462	Q0	11641#8	0
11463	Q0	17900#0	1
11463	Q0	17900#18	1
11464	Q0	859067#0	1
11464	Q0	3533364#70	1
11464	Q0	859067#17	0
11464	Q0	859067#63	0
11464	Q0	859067#35	0
11464	Q0	859067#41	0
11464	Q0	859067#29	0
11464	Q0	859067#33	0
11464	Q0	859067#31	0
11464	Q0	859067#44	0
11465	Q0	1176110#21	1
11465	Q0	1176110#15	1
11465	Q0	854342#14	1
11465	Q0	973782#80	0
11465	Q0	955686#15	0
11465	Q0	2986731#0	0
11465	Q0	1508208#0	0
11465	Q0	95715#12	0
11465	Q0	497062#16	0
11465	Q0	2970725#17	0
11467	Q0	22441#0	1
11467	Q0	458646#1	1
11467	Q0	22441#2	1
11467	Q0	22441#3	0
11467	Q0	3768577#2	0
11467	Q0	22441#6	0
11467	Q0	3936871#0	0
11467	Q0	22441#12	0
11467	Q0	22441#13	0
11467	Q0	33172#0	0
11468	Q0	1717969#2	1
11468	Q0	183400#0	1
11468	Q0	1717969#0	1
11468	Q0	3361680#1	0
11468	Q0	1506395#0	0
11468	Q0	2251690#0	0
11468	Q0	3034826#2	0
11468	Q0	256255#0	0
11468	Q0	3034826#0	0
11468	Q0	1717969#3	0
11471	Q0	139070#0	1
11471	Q0	50880#3	0
11471	Q0	13123#0	0
11471	Q0	50880#0	0
11471	Q0	515721#2	0
11471	Q0	209189#0	0
11471	Q0	3361706#0	0
11471	Q0	3113318#0	0
11471	Q0	47716#0	0
11471	Q0	1296761#3	0
11472	Q0	2940115#0	1
11472	Q0	704810#0	1
11472	Q0	704810#1	0
11472	Q0	704810#9	0
11472	Q0	704810#7	0
11472	Q0	704810#3	0
11472	Q0	2988020#1	0
11472	Q0	704810#6	0
11472	Q0	40396#3	0
11472	Q0	704810#2	0
11474	Q0	580858#0	1
11474	Q0	3695865#47	0
11474	Q0	388838#2	0
11474	Q0	1002511#4	0
11474	Q0	2076477#0	0
11474	Q0	3695865#44	0
11474	Q0	51069#12	0
11474	Q0	419721#0	0
11474	Q0	3695865#54	0
11474	Q0	1234676#10	0
11475	Q0	1176758#1	1
11475	Q0	4729449#0	0
11475	Q0	1506070#0	0
11475	Q0	53620#3	0
11475	Q0	303418#0	0
11475	Q0	1972181#0	0
11475	Q0	1710074#5	0
11475	Q0	1710074#12	0
11475	Q0	52671#0	0
11475	Q0	519483#1	0
11477	Q0	832628#34	1
11477	Q0	725244#27	0
11477	Q0	21733#37	0
11477	Q0	591028#2	0
11477	Q0	1443401#7	0
11477	Q0	1500518#0	0
11477	Q0	751024#0	0
11477	Q0	3164672#0	0
11477	Q0	469297#34	0
11477	Q0	1890032#0	0
11478	Q0	283200#1	1
11478	Q0	283200#0	1
11478	Q0	897587#7	1
11478	Q0	897587#0	1
11478	Q0	83885#4	1
11478	Q0	173377#5	1
11478	Q0	283200#3	0
11478	Q0	283200#4	0
11478	Q0	3025285#0	0
11478	Q0	1796684#3	0
11480	Q0	1869909#0	1
11480	Q0	1876902#0	0
11480	Q0	2329924#14	0
11480	Q0	1869909#10	0
11480	Q0	3197020#0	0
11480	Q0	4817878#1	0
11480	Q0	3003651#0	0
11480	Q0	1918277#0	0
11480	Q0	250317#0	0
11480	Q0	1944527#0	0
11482	Q0	471396#7	1
11482	Q0	26794#0	1
11482	Q0	448039#0	0
11482	Q0	2798160#4	0
11482	Q0	26794#3	0
11482	Q0	26794#8	0
11482	Q0	471396#8	0
11482	Q0	869441#0	0
11482	Q0	26794#10	0
11482	Q0	162182#0	0
11483	Q0	185289#0	1
11483	Q0	185289#2	0
11483	Q0	185289#4	0
11483	Q0	4333288#4	0
11483	Q0	1297446#2	0
11483	Q0	185289#1	0
11483	Q0	1297446#1	0
11483	Q0	185289#3	0
11483	Q0	3908520#1	0
11483	Q0	3674466#1	0
11484	Q0	2916#13	1
11484	Q0	3214165#5	1
11484	Q0	2399323#0	1
11484	Q0	1649291#0	0
11484	Q0	91806#69	0
11484	Q0	2440070#31	0
11484	Q0	322575#10	0
11484	Q0	24528#26	0
11484	Q0	4429405#0	0
11484	Q0	91806#78	0
11485	Q0	21564#13	1
11485	Q0	22527#0	1
11485	Q0	4234602#11	0
11485	Q0	18884#24	0
11485	Q0	4234602#21	0
11485	Q0	18884#15	0
11485	Q0	4234602#20	0
11485	Q0	1782923#5	0
11485	Q0	3053882#7	0
11485	Q0	4234602#1	0
11486	Q0	4848524#0	1
11486	Q0	3133202#3	0
11486	Q0	5130279#78	0
11486	Q0	5213664#0	0
11486	Q0	5144265#1	0
11486	Q0	4989732#31	0
11486	Q0	3351340#0	0
11486	Q0	4989766#38	0
11486	Q0	5130198#18	0
11486	Q0	5130261#120	0
11487	Q0	1731074#85	1
11487	Q0	1731074#81	1
11487	Q0	24956#31	1
11487	Q0	1731074#36	0
11487	Q0	1731074#7	0
11487	Q0	1731074#47	0
11487	Q0	24956#10	0
11487	Q0	1731074#76	0
11487	Q0	1731074#6	0
11487	Q0	1731074#63	0
11490	Q0	39262#8	1
11490	Q0	1592056#2	1
11490	Q0	39262#13	1
11490	Q0	38133#2	1
11490	Q0	624520#3	0
11490	Q0	3143795#1	0
11490	Q0	1592056#3	0
11490	Q0	3143795#0	0
11490	Q0	39273#3	0
11490	Q0	1593312#0	0
11491	Q0	49917#11	1
11491	Q0	3551461#37	1
11491	Q0	3551461#38	1
11491	Q0	66914#9	1
11491	Q0	66914#12	1
11491	Q0	401841#3	0
11491	Q0	38530#3	0
11491	Q0	225665#5	0
11491	Q0	49917#12	0
11491	Q0	923167#7	0
11492	Q0	231341#1	1
11492	Q0	44118#41	1
11492	Q0	231341#0	1
11492	Q0	2126783#8	1
11492	Q0	231341#2	1
11492	Q0	163259#0	0
11492	Q0	66405#8	0
11492	Q0	239285#5	0
11492	Q0	1311228#0	0
11492	Q0	1231187#1	0
11493	Q0	253584#16	1
11493	Q0	147655#21	1
11493	Q0	253584#9	0
11493	Q0	253584#12	0
11493	Q0	5221242#5	0
11493	Q0	1463320#4	0
11493	Q0	3232598#3	0
11493	Q0	676055#12	0
11493	Q0	253584#34	0
11493	Q0	4521343#3	0
11494	Q0	9110#5	1
11494	Q0	562554#0	1
11494	Q0	1491834#0	0
11494	Q0	610134#0	0
11494	Q0	3098048#0	0
11494	Q0	562554#3	0
11494	Q0	1298718#0	0
11494	Q0	1821567#0	0
11494	Q0	3030295#1	0
11494	Q0	524098#1	0
11495	Q0	176181#0	1
11495	Q0	2944582#0	0
11495	Q0	3695922#162	0
11495	Q0	536082#0	0
11495	Q0	3695929#29	0
11495	Q0	879955#5	0
11495	Q0	3252623#33	0
11495	Q0	8142#15	0
11495	Q0	37895#33	0
11495	Q0	1093269#96	0
11496	Q0	621756#0	1
11496	Q0	3296126#0	0
11496	Q0	4201975#0	0
11496	Q0	621756#4	0
11496	Q0	1956291#0	0
11496	Q0	4392132#2	0
11496	Q0	4072649#0	0
11496	Q0	3437034#0	0
11496	Q0	3322627#0	0
11496	Q0	3465238#0	0
11497	Q0	2127#0	1
11497	Q0	52274#19	1
11497	Q0	1598560#0	0
11497	Q0	206232#0	0
11497	Q0	267035#0	0
11497	Q0	210485#0	0
11497	Q0	2127#3	0
11497	Q0	3277419#0	0
11497	Q0	531734#0	0
11497	Q0	1306507#1	0
11499	Q0	1130711#31	1
11499	Q0	1130711#29	1
11499	Q0	1130711#28	0
11499	Q0	1130711#10	0
11499	Q0	1130711#32	0
11499	Q0	683598#5	0
11499	Q0	1130711#47	0
11499	Q0	1695324#23	0
11499	Q0	1130711#27	0
11499	Q0	1130711#48	0
11501	Q0	1767397#0	1
11501	Q0	1767397#2	1
11501	Q0	970947#0	0
11501	Q0	410469#0	0
11501	Q0	578801#0	0
11501	Q0	2895128#0	0
11501	Q0	2906239#0	0
11501	Q0	284343#0	0
11501	Q0	600385#0	0
11501	Q0	232926#8	0
11504	Q0	421920#0	1
11504	Q0	47008#1	0
11504	Q0	1302629#0	0
11504	Q0	2650498#0	0
11504	Q0	1662842#0	0
11504	Q0	1092799#2	0
11504	Q0	717038#16	0
11504	Q0	940424#0	0
11504	Q0	47008#2	0
11504	Q0	1809445#0	0
11505	Q0	1012950#0	1
11505	Q0	1109625#0	0
11505	Q0	1470420#6	0
11505	Q0	3644698#40	0
11505	Q0	62474#10	0
11505	Q0	62474#8	0
11505	Q0	62474#87	0
11505	Q0	1109625#1	0
11505	Q0	62474#43	0
11505	Q0	62474#9	0
11506	Q0	1057135#0	1
11506	Q0	1057135#1	1
11506	Q0	4329420#0	0
11506	Q0	889253#0	0
11506	Q0	394236#0	0
11506	Q0	279541#3	0
11506	Q0	4995721#0	0
11506	Q0	1343#14	0
11506	Q0	1974134#0	0
11506	Q0	1957300#0	0
11508	Q0	6060#2	1
11508	Q0	6060#3	0
11508	Q0	5223219#0	0
11508	Q0	6060#0	0
11508	Q0	5205012#0	0
11508	Q0	890578#0	0
11508	Q0	514764#0	0
11508	Q0	3296191#0	0
11508	Q0	6060#16	0
11508	Q0	826056#0	0
11510	Q0	64866#0	1
11510	Q0	64866#27	0
11510	Q0	1057659#0	0
11510	Q0	1592649#0	0
11510	Q0	1046965#8	0
11510	Q0	1652156#0	0
11510	Q0	176580#1	0
11510	Q0	1046965#13	0
11510	Q0	1046965#1	0
11510	Q0	3576227#0	0
11513	Q0	2494176#0	1
11513	Q0	231620#15	1
11513	Q0	2494176#3	0
11513	Q0	2494176#24	0
11513	Q0	2494176#17	0
11513	Q0	2494176#26	0
11513	Q0	2494176#25	0
11513	Q0	4613371#10	0
11513	Q0	2494176#19	0
11513	Q0	2494176#8	0
11516	Q0	1196887#0	1
11516	Q0	36755#0	0
11516	Q0	533512#1	0
11516	Q0	364080#1	0
11516	Q0	537611#1	0
11516	Q0	37979#19	0
11516	Q0	624675#1	0
11516	Q0	51590#4	0
11516	Q0	1132096#14	0
11516	Q0	537717#1	0
11517	Q0	14778#0	1
11517	Q0	14778#1	1
11517	Q0	14778#5	1
11517	Q0	14778#7	0
11517	Q0	3544373#0	0
11517	Q0	14778#2	0
11517	Q0	5226976#0	0
11517	Q0	14778#4	0
11517	Q0	1541671#7	0
11517	Q0	4869944#1	0
11518	Q0	356414#0	1
11518	Q0	2639293#0	0
11518	Q0	1901948#0	0
11518	Q0	1605520#3	0
11518	Q0	1222911#0	0
11518	Q0	4258694#0	0
11518	Q0	3107597#1	0
11518	Q0	44077#38	0
11518	Q0	1770653#0	0
11518	Q0	349130#0	0
11519	Q0	1743669#0	1
11519	Q0	1769444#19	1
11519	Q0	183308#0	1
11519	Q0	183308#8	1
11519	Q0	183308#6	0
11519	Q0	1743669#1	0
11519	Q0	183308#2	0
11519	Q0	1629720#0	0
11519	Q0	1750838#1	0
11519	Q0	4930438#0	0
11520	Q0	59376#0	1
11520	Q0	59462#0	0
11520	Q0	59532#0	0
11520	Q0	60092#0	0
11520	Q0	59535#0	0
11520	Q0	59438#0	0
11520	Q0	829196#0	0
11520	Q0	1552828#0	0
11520	Q0	413603#0	0
11520	Q0	1998323#0	0
11523	Q0	323491#0	1
11523	Q0	4422271#13	1
11523	Q0	258464#5	0
11523	Q0	133787#8	0
11523	Q0	816285#1	0
11523	Q0	979928#1	0
11523	Q0	4422271#1	0
11523	Q0	62489#0	0
11523	Q0	22886#0	0
11523	Q0	2340813#0	0
11525	Q0	2365965#0	1
11525	Q0	1261492#0	0
11525	Q0	434779#0	0
11525	Q0	675047#3	0
11525	Q0	742895#1	0
11525	Q0	598417#4	0
11525	Q0	434779#2	0
11525	Q0	150393#0	0
11525	Q0	2106622#0	0
11525	Q0	1059964#5	0
11526	Q0	142075#2	1
11526	Q0	193168#2	0
11526	Q0	3394290#5	0
11526	Q0	2780991#0	0
11526	Q0	4322775#2	0
11526	Q0	2884802#1	0
11526	Q0	1530510#1	0
11526	Q0	4729640#0	0
11526	Q0	2495198#3	0
11526	Q0	1563287#4	0
11527	Q0	409189#16	1
11527	Q0	409189#11	1
11527	Q0	824793#0	1
11527	Q0	409189#5	1
11527	Q0	457317#0	0
11527	Q0	6270#22	0
11527	Q0	354071#2	0
11527	Q0	824793#5	0
11527	Q0	411169#0	0
11527	Q0	827579#0	0
11529	Q0	838028#12	1
11529	Q0	3742442#9	1
11529	Q0	838028#0	1
11529	Q0	4271898#2	0
11529	Q0	838028#38	0
11529	Q0	1693035#2	0
11529	Q0	1811977#2	0
11529	Q0	2973761#1	0
11529	Q0	2005046#3	0
11529	Q0	715081#21	0
11534	Q0	263273#0	1
11534	Q0	263273#9	1
11534	Q0	865155#0	0
11534	Q0	263273#7	0
11534	Q0	263273#11	0
11534	Q0	24062#0	0
11534	Q0	5129967#0	0
11534	Q0	263273#1	0
11534	Q0	273298#0	0
11534	Q0	209392#0	0
11535	Q0	7579#5	1
11535	Q0	7579#0	1
11535	Q0	644714#1	1
11535	Q0	2276#11	0
11535	Q0	117011#35	0
11535	Q0	1151943#1	0
11535	Q0	3052025#0	0
11535	Q0	7579#6	0
11535	Q0	1200893#2	0
11535	Q0	2276#10	0
11536	Q0	4391#0	1
11536	Q0	12024#6	0
11536	Q0	1719967#0	0
11536	Q0	1158855#2	0
11536	Q0	234475#0	0
11536	Q0	276208#0	0
11536	Q0	1386649#0	0
11536	Q0	1619#0	0
11536	Q0	4042#16	0
11536	Q0	4444#1	0
11537	Q0	4114#1	1
11537	Q0	4114#0	1
11537	Q0	4001988#2	1
11537	Q0	4114#2	0
11537	Q0	354067#2	0
11537	Q0	2276#64	0
11537	Q0	4224240#0	0
11537	Q0	3014241#1	0
11537	Q0	1699858#0	0
11537	Q0	1578477#3	0
11538	Q0	1285628#4	1
11538	Q0	1285628#3	1
11538	Q0	447240#22	1
11538	Q0	2484585#45	1
11538	Q0	1442804#5	0
11538	Q0	447240#23	0
11538	Q0	447240#33	0
11538	Q0	447240#5	0
11538	Q0	447240#0	0
11538	Q0	514499#6	0
11539	Q0	3604#0	1
11539	Q0	10229#9	1
11539	Q0	10229#0	1
11539	Q0	4722204#21	0
11539	Q0	10229#65	0
11539	Q0	1359180#0	0
11539	Q0	10229#85	0
11539	Q0	1500882#5	0
11539	Q0	3604#16	0
11539	Q0	3604#2	0
11540	Q0	3623#0	1
11540	Q0	1931474#0	1
11540	Q0	1446855#0	1
11540	Q0	3623#6	0
11540	Q0	14684#5	0
11540	Q0	247063#3	0
11540	Q0	1446855#115	0
11540	Q0	30398#4	0
11540	Q0	1446855#122	0
11540	Q0	1692808#1	0
11541	Q0	209744#0	1
11541	Q0	419117#7	1
11541	Q0	913552#0	0
11541	Q0	1778821#0	0
11541	Q0	1778821#1	0
11541	Q0	4505214#0	0
11541	Q0	348814#27	0
11541	Q0	4478634#5	0
11541	Q0	348814#11	0
11541	Q0	1763783#1	0
11545	Q0	1452#0	1
11545	Q0	1473845#8	1
11545	Q0	317465#1	0
11545	Q0	3304727#1	0
11545	Q0	769851#0	0
11545	Q0	1102544#0	0
11545	Q0	29667#0	0
11545	Q0	957184#0	0
11545	Q0	189383#0	0
11545	Q0	3047558#0	0
11548	Q0	224206#0	1
11548	Q0	1171712#1	1
11548	Q0	9415#13	1
11548	Q0	5488#64	0
11548	Q0	2509#15	0
11548	Q0	6611#17	0
11548	Q0	1877192#2	0
11548	Q0	22922#0	0
11548	Q0	51564#79	0
11548	Q0	48233#41	0
11550	Q0	56111#0	1
11550	Q0	56111#21	1
11550	Q0	1873612#5	1
11550	Q0	3582514#1	0
11550	Q0	1151943#1	0
11550	Q0	2298913#0	0
11550	Q0	2976070#0	0
11550	Q0	117011#35	0
11550	Q0	3243899#3	0
11550	Q0	3309901#0	0
11551	Q0	2711756#0	1
11551	Q0	2711756#9	1
11551	Q0	2711756#13	1
11551	Q0	2711756#7	1
11551	Q0	2711756#11	1
11551	Q0	126355#42	0
11551	Q0	3744979#1	0
11551	Q0	1443322#16	0
11551	Q0	1103519#6	0
11551	Q0	1092707#18	0
11552	Q0	656955#3	1
11552	Q0	656955#0	1
11552	Q0	656955#5	0
11552	Q0	656955#6	0
11552	Q0	996807#0	0
11552	Q0	656955#25	0
11552	Q0	20739#1	0
11552	Q0	1066517#0	0
11552	Q0	357847#2	0
11552	Q0	656955#11	0
11553	Q0	11885#0	1
11553	Q0	718048#10	1
11553	Q0	431340#0	0
11553	Q0	11885#2	0
11553	Q0	1094232#1	0
11553	Q0	48461#0	0
11553	Q0	1506974#2	0
11553	Q0	1963395#0	0
11553	Q0	483432#1	0
11553	Q0	1571712#0	0
11555	Q0	8803#27	1
11555	Q0	4965292#16	0
11555	Q0	3204238#2	0
11555	Q0	8803#16	0
11555	Q0	3204251#2	0
11555	Q0	3204238#1	0
11555	Q0	8803#24	0
11555	Q0	3204072#9	0
11555	Q0	8803#20	0
11555	Q0	8803#23	0
11556	Q0	3438923#0	1
11556	Q0	3438923#1	1
11556	Q0	288536#2	0
11556	Q0	1353994#0	0
11556	Q0	1903476#0	0
11556	Q0	15618#0	0
11556	Q0	1196329#0	0
11556	Q0	92655#0	0
11556	Q0	40424#12	0
11556	Q0	505206#4	0
11558	Q0	1032872#0	1
11558	Q0	1390#12	1
11558	Q0	5105845#2	1
11558	Q0	1390#3	0
11558	Q0	1209905#2	0
11558	Q0	1463227#8	0
11558	Q0	4562002#1	0
11558	Q0	66045#3	0
11558	Q0	1075358#1	0
11558	Q0	97935#24	0
11562	Q0	3858616#0	1
11562	Q0	138295#8	1
11562	Q0	138295#1	1
11562	Q0	716251#1	0
11562	Q0	1002902#6	0
11562	Q0	233104#37	0
11562	Q0	138295#9	0
11562	Q0	665181#28	0
11562	Q0	338657#0	0
11562	Q0	1701190#2	0
11564	Q0	1216#18	1
11564	Q0	843385#0	1
11564	Q0	773285#4	0
11564	Q0	940490#0	0
11564	Q0	1220521#1	0
11564	Q0	351935#0	0
11564	Q0	940458#0	0
11564	Q0	1216#8	0
11564	Q0	3123053#1	0
11564	Q0	839970#0	0
11565	Q0	2920227#5	1
11565	Q0	1747264#4	0
11565	Q0	3169024#13	0
11565	Q0	357002#22	0
11565	Q0	3169024#19	0
11565	Q0	3169024#16	0
11565	Q0	3169024#0	0
11565	Q0	4125250#8	0
11565	Q0	1021207#0	0
11565	Q0	4522280#5	0
11571	Q0	4683704#0	1
11571	Q0	256092#15	1
11571	Q0	256092#1	1
11571	Q0	1492629#2	1
11571	Q0	436777#1	1
11571	Q0	256092#9	0
11571	Q0	65626#13	0
11571	Q0	8660#2	0
11571	Q0	274600#30	0
11571	Q0	4217451#0	0
11572	Q0	2916#0	1
11572	Q0	1268398#0	1
11572	Q0	2916#16	1
11572	Q0	164702#1	1
11572	Q0	1532591#2	0
11572	Q0	2916#21	0
11572	Q0	123734#0	0
11572	Q0	219700#0	0
11572	Q0	2916#2	0
11572	Q0	161573#1	0
11574	Q0	223111#8	1
11574	Q0	223111#6	1
11574	Q0	15192#27	0
11574	Q0	5233829#5	0
11574	Q0	223111#9	0
11574	Q0	223111#7	0
11574	Q0	2806#10	0
11574	Q0	465325#0	0
11574	Q0	16581#6	0
11574	Q0	1219752#0	0
11576	Q0	118748#1	1
11576	Q0	356391#0	1
11576	Q0	811014#3	1
11576	Q0	3122328#3	1
11576	Q0	3103801#1	0
11576	Q0	2989280#0	0
11576	Q0	356391#1	0
11576	Q0	2195417#1	0
11576	Q0	1286097#13	0
11576	Q0	3103801#0	0
11577	Q0	29105#0	1
11577	Q0	29105#1	1
11577	Q0	1661780#0	0
11577	Q0	52622#0	0
11577	Q0	1935036#0	0
11577	Q0	119821#0	0
11577	Q0	72362#0	0
11577	Q0	4337746#0	0
11577	Q0	4764998#0	0
11577	Q0	34500#0	0
11578	Q0	9462#40	1
11578	Q0	9462#0	1
11578	Q0	1664489#0	1
11578	Q0	9462#31	0
11578	Q0	9462#71	0
11578	Q0	549211#0	0
11578	Q0	9462#45	0
11578	Q0	9462#65	0
11578	Q0	1257476#0	0
11578	Q0	172522#14	0
11581	Q0	405353#0	1
11581	Q0	405353#5	0
11581	Q0	674562#13	0
11581	Q0	514325#0	0
11581	Q0	444670#7	0
11581	Q0	888595#6	0
11581	Q0	258252#0	0
11581	Q0	747172#0	0
11581	Q0	706496#0	0
11581	Q0	614660#0	0
11582	Q0	1469456#5	1
11582	Q0	348060#0	0
11582	Q0	1038908#0	0
11582	Q0	584101#66	0
11582	Q0	674074#0	0
11582	Q0	1484074#0	0
11582	Q0	6619#1	0
11582	Q0	2533903#4	0
11582	Q0	136807#1	0
11582	Q0	3125762#0	0
11585	Q0	1319941#0	1
11585	Q0	652678#5	1
11585	Q0	1319941#1	0
11585	Q0	1700671#0	0
11585	Q0	853595#0	0
11585	Q0	4674035#15	0
11585	Q0	2979055#18	0
11585	Q0	16451#15	0
11585	Q0	4298146#0	0
11585	Q0	3214415#24	0
11586	Q0	1298571#1	1
11586	Q0	1298571#0	1
11586	Q0	1298571#17	1
11586	Q0	1298571#9	0
11586	Q0	1298571#11	0
11586	Q0	1298571#6	0
11586	Q0	1298571#4	0
11586	Q0	1298571#3	0
11586	Q0	1298571#5	0
11586	Q0	1298571#10	0
11588	Q0	4521186#0	1
11588	Q0	336988#16	0
11588	Q0	86390#0	0
11588	Q0	3356510#0	0
11588	Q0	1140790#0	0
11588	Q0	285246#0	0
11588	Q0	4511418#0	0
11588	Q0	1063441#0	0
11588	Q0	3422142#0	0
11588	Q0	1023381#0	0
11589	Q0	843545#11	1
11589	Q0	1076652#0	1
11589	Q0	2936776#1	1
11589	Q0	3345#0	0
11589	Q0	659272#0	0
11589	Q0	44541#41	0
11589	Q0	1562411#0	0
11589	Q0	363346#0	0
11589	Q0	3235375#0	0
11589	Q0	1556162#2	0
11591	Q0	1211995#0	1
11591	Q0	1211995#2	1
11591	Q0	1211995#1	0
11591	Q0	275687#0	0
11591	Q0	3799639#2	0
11591	Q0	2004188#0	0
11591	Q0	1325463#0	0
11591	Q0	5160134#1	0
11591	Q0	3799639#1	0
11591	Q0	3055376#1	0
11595	Q0	173381#3	1
11595	Q0	1651105#2	1
11595	Q0	1075358#1	1
11595	Q0	1259331#0	1
11595	Q0	3641#1	0
11595	Q0	2191498#11	0
11595	Q0	4335506#3	0
11595	Q0	3641#8	0
11595	Q0	866094#3	0
11595	Q0	703842#0	0
11599	Q0	54677#9	1
11599	Q0	61769#16	1
11599	Q0	54677#2	1
11599	Q0	1535542#5	1
11599	Q0	54677#1	1
11599	Q0	1234196#15	0
11599	Q0	1305506#1	0
11599	Q0	54677#0	0
11599	Q0	1715602#0	0
11599	Q0	3112560#2	0
11600	Q0	2983#40	1
11600	Q0	1099930#3	1
11600	Q0	1099930#0	1
11600	Q0	464369#5	1
11600	Q0	2983#0	1
11600	Q0	1099930#5	1
11600	Q0	464369#0	0
11600	Q0	2983#1	0
11600	Q0	2983#5	0
11600	Q0	2983#37	0
11601	Q0	25035#17	1
11601	Q0	25035#14	0
11601	Q0	25035#16	0
11601	Q0	25035#3	0
11601	Q0	25035#12	0
11601	Q0	25035#2	0
11601	Q0	3142694#5	0
11601	Q0	25035#27	0
11601	Q0	25035#1	0
11601	Q0	25035#32	0
11602	Q0	29716#0	1
11602	Q0	29716#64	0
11602	Q0	29716#71	0
11602	Q0	29716#34	0
11602	Q0	922785#0	0
11602	Q0	29716#18	0
11602	Q0	29716#51	0
11602	Q0	2338227#9	0
11602	Q0	986904#0	0
11602	Q0	238053#0	0
11604	Q0	1029404#1	1
11604	Q0	1942389#0	1
11604	Q0	777620#88	1
11604	Q0	1942389#18	0
11604	Q0	155522#40	0
11604	Q0	777620#86	0
11604	Q0	1942389#32	0
11604	Q0	1466049#14	0
11604	Q0	498393#163	0
11604	Q0	1348468#18	0
11606	Q0	1382#0	1
11606	Q0	2452187#0	0
11606	Q0	1382#16	0
11606	Q0	2261514#0	0
11606	Q0	3672#0	0
11606	Q0	1262875#0	0
11606	Q0	1506522#0	0
11606	Q0	4530227#0	0
11606	Q0	50462#1	0
11606	Q0	1595371#0	0
11607	Q0	250884#0	1
11607	Q0	970985#10	1
11607	Q0	3175428#0	0
11607	Q0	319021#0	0
11607	Q0	250884#1	0
11607	Q0	511826#5	0
11607	Q0	4997485#0	0
11607	Q0	3250134#0	0
11607	Q0	719845#0	0
11607	Q0	1642294#1	0
11608	Q0	3836631#0	1
11608	Q0	3836631#1	1
11608	Q0	3836631#3	1
11608	Q0	5158170#0	0
11608	Q0	3836631#4	0
11608	Q0	3846822#0	0
11608	Q0	3836631#6	0
11608	Q0	3836631#7	0
11608	Q0	3836631#5	0
11608	Q0	3836631#2	0
11615	Q0	348813#2	1
11615	Q0	18587#4	1
11615	Q0	18587#0	1
11615	Q0	1470718#9	1
11615	Q0	381778#0	0
11615	Q0	18587#61	0
11615	Q0	18587#5	0
11615	Q0	246461#2	0
11615	Q0	18587#91	0
11615	Q0	1322476#18	0
11617	Q0	747436#4	1
11617	Q0	705704#2	1
11617	Q0	3772#37	1
11617	Q0	3772#26	0
11617	Q0	3772#33	0
11617	Q0	4383#19	0
11617	Q0	1310371#1	0
11617	Q0	3772#22	0
11617	Q0	3772#62	0
11617	Q0	3772#17	0
11618	Q0	9086#0	1
11618	Q0	9086#36	1
11618	Q0	9086#18	1
11618	Q0	289871#0	1
11618	Q0	9086#27	1
11618	Q0	9086#10	0
11618	Q0	9086#4	0
11618	Q0	9086#17	0
11618	Q0	892253#0	0
11618	Q0	9086#1	0
11620	Q0	891675#44	1
11620	Q0	1305077#0	1
11620	Q0	4114240#31	1
11620	Q0	3370777#10	0
11620	Q0	891675#1	0
11620	Q0	1523987#4	0
11620	Q0	2949872#1	0
11620	Q0	891675#85	0
11620	Q0	891675#0	0
11620	Q0	891675#45	0
11621	Q0	100440#0	1
11621	Q0	2782553#1	0
11621	Q0	2311426#0	0
11621	Q0	96286#1	0
11621	Q0	210485#0	0
11621	Q0	929331#0	0
11621	Q0	936061#0	0
11621	Q0	4542104#0	0
11621	Q0	40701#5	0
11621	Q0	4273689#0	0
11622	Q0	83149#0	1
11622	Q0	1678427#0	1
11622	Q0	1105831#2	0
11622	Q0	77917#13	0
11622	Q0	83149#3	0
11622	Q0	83149#1	0
11622	Q0	83149#5	0
11622	Q0	1678427#14	0
11622	Q0	1011891#0	0
11622	Q0	83149#7	0
11622	Q0	83149#4	0
11623	Q0	5914#0	1
11623	Q0	5914#12	0
11623	Q0	5914#35	0
11623	Q0	5914#13	0
11623	Q0	10769#6	0
11623	Q0	997617#32	0
11623	Q0	937361#18	0
11623	Q0	53686#75	0
11623	Q0	5914#3	0
11623	Q0	5914#42	0
11627	Q0	35688#0	1
11627	Q0	13243#1	1
11627	Q0	1661331#0	0
11627	Q0	1795836#0	0
11627	Q0	3096951#0	0
11627	Q0	3247074#3	0
11627	Q0	586238#0	0
11627	Q0	323449#0	0
11627	Q0	20610#4	0
11627	Q0	9415#85	0
11629	Q0	2349333#0	1
11629	Q0	250759#0	0
11629	Q0	865345#0	0
11629	Q0	527462#0	0
11629	Q0	297359#0	0
11629	Q0	1474075#0	0
11629	Q0	1255772#0	0
11629	Q0	1670993#0	0
11629	Q0	1287196#0	0
11629	Q0	1246428#0	0
11630	Q0	619653#1	1
11630	Q0	8843#0	1
11630	Q0	13444#0	0
11630	Q0	1844321#0	0
11630	Q0	1548789#0	0
11630	Q0	4310275#7	0
11630	Q0	4310275#2	0
11630	Q0	5177215#0	0
11630	Q0	557339#0	0
11630	Q0	2638562#0	0
11631	Q0	80180#0	1
11631	Q0	546497#13	0
11631	Q0	859893#14	0
11631	Q0	4327341#5	0
11631	Q0	3118934#8	0
11631	Q0	282292#1	0
11631	Q0	3598678#0	0
11631	Q0	1173201#1	0
11631	Q0	898613#0	0
11631	Q0	80180#2	0
11632	Q0	1116475#0	1
11632	Q0	1560870#0	0
11632	Q0	2977219#0	0
11632	Q0	1142711#0	0
11632	Q0	3920387#0	0
11632	Q0	4890322#0	0
11632	Q0	3124811#0	0
11632	Q0	2216575#0	0
11632	Q0	4892531#0	0
11632	Q0	1449018#0	0
11633	Q0	1084907#2	1
11633	Q0	5488#76	0
11633	Q0	1084907#3	0
11633	Q0	805676#0	0
11633	Q0	2119481#1	0
11633	Q0	3188221#3	0
11633	Q0	596243#0	0
11633	Q0	491953#0	0
11633	Q0	3733987#1	0
11633	Q0	3812#32	0
11635	Q0	1274386#0	1
11635	Q0	10831#2	0
11635	Q0	26760#23	0
11635	Q0	1164533#1	0
11635	Q0	1100716#0	0
11635	Q0	399164#13	0
11635	Q0	2932820#2	0
11635	Q0	3345#22	0
11635	Q0	149040#5	0
11635	Q0	512764#34	0
11636	Q0	225702#0	1
11636	Q0	225702#10	1
11636	Q0	225702#1	1
11636	Q0	632933#0	0
11636	Q0	2247191#42	0
11636	Q0	142040#0	0
11636	Q0	225702#25	0
11636	Q0	5248143#0	0
11636	Q0	225702#27	0
11636	Q0	577502#0	0
11637	Q0	132068#1	1
11637	Q0	132068#0	1
11637	Q0	132068#4	0
11637	Q0	1473444#0	0
11637	Q0	1058911#4	0
11637	Q0	253985#1	0
11637	Q0	290532#2	0
11637	Q0	1473444#1	0
11637	Q0	2201074#1	0
11637	Q0	192871#4	0
11638	Q0	21940#0	1
11638	Q0	249607#7	1
11638	Q0	249607#1	1
11638	Q0	21940#1	1
11638	Q0	12932#0	0
11638	Q0	654807#0	0
11638	Q0	249607#60	0
11638	Q0	21940#4	0
11638	Q0	249607#30	0
11638	Q0	681713#0	0
11639	Q0	459795#0	1
11639	Q0	2956824#0	0
11639	Q0	3687792#0	0
11639	Q0	3542513#0	0
11639	Q0	4627658#0	0
11639	Q0	3687792#3	0
11639	Q0	3460927#0	0
11639	Q0	2957897#0	0
11639	Q0	4749285#0	0
11639	Q0	1832547#0	0
11640	Q0	3649287#38	1
11640	Q0	533726#6	1
11640	Q0	533400#2	0
11640	Q0	126247#10	0
11640	Q0	4119188#0	0
11640	Q0	126247#9	0
11640	Q0	1663677#3	0
11640	Q0	3649287#15	0
11640	Q0	71951#12	0
11640	Q0	3649287#41	0
11641	Q0	20327#0	1
11641	Q0	4658026#0	1
11641	Q0	20327#7	0
11641	Q0	20327#6	0
11641	Q0	20327#1	0
11641	Q0	20327#5	0
11641	Q0	603635#4	0
11641	Q0	20327#17	0
11641	Q0	615885#0	0
11641	Q0	1471492#0	0
11644	Q0	46105#4	1
11644	Q0	515182#0	1
11644	Q0	2521151#7	1
11644	Q0	42492#3	1
11644	Q0	3920031#1	0
11644	Q0	46105#8	0
11644	Q0	3920031#0	0
11644	Q0	168003#6	0
11644	Q0	3920031#3	0
11644	Q0	754787#3	0
11644	Q0	515182#8	0
11644	Q0	515182#1	0
11644	Q0	515182#35	0
11644	Q0	515182#5	0
11644	Q0	515182#3	0
11644	Q0	515182#9	0
11645	Q0	2406771#8	1
11645	Q0	985213#44	1
11645	Q0	2406591#40	1
11645	Q0	2506#48	1
11645	Q0	98349#2	1
11645	Q0	14806#94	0
11645	Q0	2406523#5	0
11645	Q0	6994#8	0
11645	Q0	2756646#1	0
11645	Q0	859067#41	0
11646	Q0	5219426#3	1
11646	Q0	311430#9	1
11646	Q0	5113705#4	0
11646	Q0	969964#2	0
11646	Q0	3674313#1	0
11646	Q0	2526325#2	0
11646	Q0	132812#23	0
11646	Q0	1423062#0	0
11646	Q0	60319#10	0
11646	Q0	3252728#4	0
11647	Q0	392851#6	1
11647	Q0	128558#0	1
11647	Q0	4965326#33	0
11647	Q0	18589#16	0
11647	Q0	4965326#14	0
11647	Q0	2262953#4	0
11647	Q0	120220#20	0
11647	Q0	2362708#1	0
11647	Q0	3265716#3	0
11647	Q0	763581#11	0
11647	Q0	8224#65	0
11647	Q0	128558#1	0
11647	Q0	128558#3	0
11647	Q0	128558#4	0
11648	Q0	3897430#0	1
11648	Q0	1629930#7	1
11648	Q0	1629930#5	1
11648	Q0	1629930#10	1
11648	Q0	1629930#14	0
11648	Q0	1629930#6	0
11648	Q0	483699#2	0
11648	Q0	1629930#2	0
11648	Q0	3347996#0	0
11648	Q0	3537316#2	0
11650	Q0	314313#1	1
11650	Q0	271794#0	1
11650	Q0	271794#10	0
11650	Q0	2099726#0	0
11650	Q0	314297#2	0
11650	Q0	101753#2	0
11650	Q0	101753#27	0
11650	Q0	101753#57	0
11650	Q0	251683#11	0
11650	Q0	122447#9	0
11651	Q0	50628#0	1
11651	Q0	65455#1	1
11651	Q0	1011154#2	1
11651	Q0	3895#32	1
11651	Q0	985947#17	1
11651	Q0	409103#61	0
11651	Q0	3397948#21	0
11651	Q0	920970#35	0
11651	Q0	1280661#0	0
11651	Q0	1386855#2	0
11654	Q0	18775#0	1
11654	Q0	6636#0	1
11654	Q0	211228#0	0
11654	Q0	2751343#0	0
11654	Q0	1995705#0	0
11654	Q0	312903#0	0
11654	Q0	2109157#0	0
11654	Q0	4677379#0	0
11654	Q0	3052133#88	0
11654	Q0	127490#0	0
11656	Q0	164708#0	1
11656	Q0	164708#1	1
11656	Q0	191482#1	0
11656	Q0	49026#1	0
11656	Q0	4954335#4	0
11656	Q0	8660#43	0
11656	Q0	2959002#0	0
11656	Q0	3902#0	0
11656	Q0	5441#1	0
11656	Q0	4391#4	0
11657	Q0	147239#0	1
11657	Q0	167876#0	1
11657	Q0	3257454#0	0
11657	Q0	145425#7	0
11657	Q0	2777850#0	0
11657	Q0	164045#0	0
11657	Q0	20356#0	0
11657	Q0	2521326#0	0
11657	Q0	151038#0	0
11657	Q0	194467#0	0
11658	Q0	416515#0	1
11658	Q0	3376353#14	1
11658	Q0	4074527#0	1
11658	Q0	4074632#0	1
11658	Q0	416515#1	1
11658	Q0	416515#2	0
11658	Q0	3118392#12	0
11658	Q0	416515#3	0
11658	Q0	3376353#15	0
11658	Q0	416515#6	0
11659	Q0	355921#0	1
11659	Q0	142566#6	1
11659	Q0	142560#4	1
11659	Q0	1678856#1	1
11659	Q0	361268#12	0
11659	Q0	1520585#20	0
11659	Q0	355921#4	0
11659	Q0	4126275#1	0
11659	Q0	1636224#0	0
11659	Q0	356400#0	0
11661	Q0	2916#0	1
11661	Q0	6616#0	0
11661	Q0	6616#8	0
11661	Q0	527993#1	0
11661	Q0	1243020#2	0
11661	Q0	390413#44	0
11661	Q0	38419#0	0
11661	Q0	1169320#0	0
11661	Q0	3936730#1	0
11661	Q0	2277#117	0
11665	Q0	951174#0	1
11665	Q0	951174#2	1
11665	Q0	951174#3	1
11665	Q0	951174#1	1
11665	Q0	951174#4	0
11665	Q0	3736441#0	0
11665	Q0	887904#0	0
11665	Q0	3314729#0	0
11665	Q0	4261452#8	0
11665	Q0	2828128#0	0
11667	Q0	6893#17	1
11667	Q0	1863#3	1
11667	Q0	1863#0	1
11667	Q0	1071142#0	0
11667	Q0	584579#0	0
11667	Q0	25859#4	0
11667	Q0	296417#1	0
11667	Q0	50978#0	0
11667	Q0	237112#0	0
11667	Q0	13125#5	0
11671	Q0	294625#14	1
11671	Q0	3238078#0	1
11671	Q0	3238054#0	1
11671	Q0	6662#4	0
11671	Q0	38564#1	0
11671	Q0	3439992#13	0
11671	Q0	38564#10	0
11671	Q0	294625#15	0
11671	Q0	1450676#1	0
11671	Q0	1113215#4	0
11674	Q0	200992#3	1
11674	Q0	1488852#1	1
11674	Q0	3263#11	0
11674	Q0	3341290#28	0
11674	Q0	805113#9	0
11674	Q0	2839854#7	0
11674	Q0	208809#7	0
11674	Q0	123331#5	0
11674	Q0	12640#6	0
11674	Q0	25722#24	0
11675	Q0	130176#1	1
11675	Q0	3644#4	1
11675	Q0	3644#1	1
11675	Q0	3699278#1	1
11675	Q0	130176#0	1
11675	Q0	3694943#0	1
11675	Q0	3700216#0	0
11675	Q0	3692158#0	0
11675	Q0	340838#5	0
11675	Q0	3699278#9	0
11676	Q0	67955#1	1
11676	Q0	67955#0	1
11676	Q0	2183884#0	0
11676	Q0	1176594#1	0
11676	Q0	1176594#0	0
11676	Q0	851577#0	0
11676	Q0	2513454#0	0
11676	Q0	3171878#0	0
11676	Q0	1973040#0	0
11676	Q0	1328513#1	0
11678	Q0	3653774#0	1
11678	Q0	32042#5	0
11678	Q0	1595330#24	0
11678	Q0	1193592#0	0
11678	Q0	32042#1	0
11678	Q0	2584491#0	0
11678	Q0	3313804#0	0
11678	Q0	4336864#0	0
11678	Q0	1145192#19	0
11678	Q0	2296800#0	0
11681	Q0	2580180#7	1
11681	Q0	2231#7	1
11681	Q0	2231#0	1
11681	Q0	24485#2	1
11681	Q0	4291357#3	1
11681	Q0	167618#1	1
11681	Q0	144432#12	1
11681	Q0	33287#0	0
11681	Q0	2231#6	0
11681	Q0	14806#94	0
11684	Q0	861723#1	1
11684	Q0	46506#1	0
11684	Q0	1987375#6	0
11684	Q0	4941290#2	0
11684	Q0	4941290#0	0
11684	Q0	6636#77	0
11684	Q0	3533364#29	0
11684	Q0	3850592#1	0
11684	Q0	5224984#0	0
11684	Q0	4253915#1	0
11685	Q0	1454077#4	1
11685	Q0	1090800#4	1
11685	Q0	1090800#0	0
11685	Q0	405142#3	0
11685	Q0	1581343#0	0
11685	Q0	3549472#1	0
11685	Q0	1127111#11	0
11685	Q0	490482#0	0
11685	Q0	405133#0	0
11685	Q0	3549472#5	0
11686	Q0	1477645#14	1
11686	Q0	3259869#2	0
11686	Q0	4274029#1	0
11686	Q0	2307926#45	0
11686	Q0	3009393#66	0
11686	Q0	3341393#2	0
11686	Q0	1193694#49	0
11686	Q0	3221578#0	0
11686	Q0	21877#20	0
11686	Q0	2307926#41	0
11688	Q0	2797#83	1
11688	Q0	953856#1	1
11688	Q0	1915319#0	1
11688	Q0	2797#0	1
11688	Q0	813632#0	0
11688	Q0	1859503#22	0
11688	Q0	144444#0	0
11688	Q0	1927870#0	0
11688	Q0	1992782#0	0
11688	Q0	953860#1	0
11689	Q0	939784#1	1
11689	Q0	939784#8	1
11689	Q0	265812#31	1
11689	Q0	16453#17	1
11689	Q0	939784#13	0
11689	Q0	5202182#0	0
11689	Q0	3069604#4	0
11689	Q0	265812#47	0
11689	Q0	12638#3	0
11689	Q0	3069604#6	0
11690	Q0	51255#0	1
11690	Q0	1475556#0	1
11690	Q0	128647#0	1
11690	Q0	3313063#0	1
11690	Q0	3313072#0	1
11690	Q0	3313073#0	1
11690	Q0	211349#0	0
11690	Q0	3998952#0	0
11690	Q0	4330385#0	0
11690	Q0	38519#21	0
11692	Q0	1280929#18	1
11692	Q0	3058434#0	1
11692	Q0	1332676#3	1
11692	Q0	1332676#0	1
11692	Q0	3058434#1	0
11692	Q0	541902#3	0
11692	Q0	3132393#0	0
11692	Q0	1280929#0	0
11692	Q0	1280929#20	0
11692	Q0	1297378#3	0
11694	Q0	1957583#0	1
11694	Q0	1957583#1	1
11694	Q0	1795204#5	0
11694	Q0	275758#0	0
11694	Q0	2001427#0	0
11694	Q0	3253692#14	0
11694	Q0	1992700#0	0
11694	Q0	2001426#0	0
11694	Q0	1140569#2	0
11694	Q0	451182#0	0
11695	Q0	1177209#5	1
11695	Q0	1246052#3	0
11695	Q0	378603#0	0
11695	Q0	600142#0	0
11695	Q0	2318100#0	0
11695	Q0	616450#0	0
11695	Q0	1245335#35	0
11695	Q0	1489296#0	0
11695	Q0	339287#2	0
11695	Q0	535263#3	0
11696	Q0	1250699#0	1
11696	Q0	1250699#1	1
11696	Q0	3733925#28	0
11696	Q0	1596689#7	0
11696	Q0	1851520#4	0
11696	Q0	2187141#1	0
11696	Q0	3733925#30	0
11696	Q0	5258918#0	0
11696	Q0	3733925#17	0
11696	Q0	3733925#15	0
11697	Q0	3532148#31	1
11697	Q0	3452204#0	0
11697	Q0	10562#37	0
11697	Q0	186315#6	0
11697	Q0	445114#1	0
11697	Q0	135274#14	0
11697	Q0	56857#0	0
11697	Q0	627868#30	0
11697	Q0	561939#3	0
11697	Q0	3292458#6	0
11701	Q0	11609#8	1
11701	Q0	329554#4	0
11701	Q0	85714#0	0
11701	Q0	11555#0	0
11701	Q0	81307#0	0
11701	Q0	19270#1	0
11701	Q0	1695843#0	0
11701	Q0	81313#19	0
11701	Q0	1847946#0	0
11701	Q0	188301#0	0
11702	Q0	489769#0	1
11702	Q0	7218#46	0
11702	Q0	7218#37	0
11702	Q0	4051364#0	0
11702	Q0	1658613#0	0
11702	Q0	1525897#9	0
11702	Q0	381678#4	0
11702	Q0	3407416#1	0
11702	Q0	1602516#0	0
11702	Q0	1658626#1	0
11704	Q0	1090662#0	1
11704	Q0	1090133#1	1
11704	Q0	4045050#0	0
11704	Q0	1451759#0	0
11704	Q0	143692#3	0
11704	Q0	3664634#0	0
11704	Q0	1077402#15	0
11704	Q0	46999#0	0
11704	Q0	293672#0	0
11704	Q0	1287970#0	0
11705	Q0	2912122#0	1
11705	Q0	32220#0	1
11705	Q0	32220#13	1
11705	Q0	33272#6	0
11705	Q0	32220#23	0
11705	Q0	4322755#13	0
11705	Q0	32220#9	0
11705	Q0	32220#3	0
11705	Q0	1694321#0	0
11705	Q0	32220#17	0
11706	Q0	1811977#2	1
11706	Q0	15801#1	1
11706	Q0	1666495#1	1
11706	Q0	1596923#0	0
11706	Q0	362622#0	0
11706	Q0	3043097#0	0
11706	Q0	1451207#30	0
11706	Q0	1442614#0	0
11706	Q0	16460#1	0
11706	Q0	4837079#4	0
11707	Q0	12937#0	1
11707	Q0	892227#1	1
11707	Q0	296647#2	1
11707	Q0	3102471#5	0
11707	Q0	1711913#0	0
11707	Q0	533565#0	0
11707	Q0	4165169#3	0
11707	Q0	53245#5	0
11707	Q0	12940#0	0
11707	Q0	88390#2	0
11710	Q0	1118561#0	1
11710	Q0	1118561#1	1
11710	Q0	1194287#0	0
11710	Q0	1792690#2	0
11710	Q0	1194287#1	0
11710	Q0	1501386#2	0
11710	Q0	1836155#0	0
11710	Q0	1025085#72	0
11710	Q0	1836155#9	0
11710	Q0	1836155#8	0
11711	Q0	895902#0	1
11711	Q0	895902#9	1
11711	Q0	895902#12	1
11711	Q0	895902#13	0
11711	Q0	895902#10	0
11711	Q0	449526#13	0
11711	Q0	895902#11	0
11711	Q0	895902#21	0
11711	Q0	449526#1	0
11711	Q0	895902#29	0
11713	Q0	310541#4	1
11713	Q0	1375647#12	1
11713	Q0	83208#0	0
11713	Q0	1555861#5	0
11713	Q0	261928#1	0
11713	Q0	12269#0	0
11713	Q0	34027#2	0
11713	Q0	1551747#12	0
11713	Q0	12278#0	0
11713	Q0	79267#0	0
11714	Q0	266874#0	1
11714	Q0	4538156#0	1
11714	Q0	3743479#0	0
11714	Q0	488799#4	0
11714	Q0	1991328#0	0
11714	Q0	2706065#0	0
11714	Q0	384796#0	0
11714	Q0	128532#0	0
11714	Q0	3246585#0	0
11714	Q0	229838#53	0
11715	Q0	1008248#1	1
11715	Q0	1008248#9	1
11715	Q0	1008248#3	1
11715	Q0	1008248#18	0
11715	Q0	1008248#19	0
11715	Q0	1008248#2	0
11715	Q0	1008248#34	0
11715	Q0	1008248#0	0
11715	Q0	2239748#1	0
11715	Q0	1008248#7	0
11716	Q0	4827315#0	1
11716	Q0	5142826#1	0
11716	Q0	2720263#1	0
11716	Q0	1765687#1	0
11716	Q0	724715#1	0
11716	Q0	3344394#0	0
11716	Q0	1706380#0	0
11716	Q0	3540983#1	0
11716	Q0	2540973#1	0
11716	Q0	5151164#0	0
11717	Q0	1740207#0	1
11717	Q0	1740207#2	1
11717	Q0	1740207#1	1
11717	Q0	176849#20	0
11717	Q0	2290416#22	0
11717	Q0	277533#25	0
11717	Q0	1674581#18	0
11717	Q0	4503935#4	0
11717	Q0	2076477#12	0
11717	Q0	1763810#0	0
11718	Q0	13620#0	1
11718	Q0	3290349#3	1
11718	Q0	13620#14	1
11718	Q0	13620#4	1
11718	Q0	985947#11	1
11718	Q0	3052133#171	1
11718	Q0	50691#0	0
11718	Q0	3704779#0	0
11718	Q0	83428#23	0
11718	Q0	45764#13	0
11719	Q0	3886#0	1
11719	Q0	3886#6	1
11719	Q0	3886#22	0
11719	Q0	658104#0	0
11719	Q0	1098749#0	0
11719	Q0	1038535#0	0
11719	Q0	3210461#1	0
11719	Q0	641402#0	0
11719	Q0	1038535#1	0
11719	Q0	144271#0	0
11720	Q0	1266008#0	1
11720	Q0	1266008#8	1
11720	Q0	1266008#4	1
11720	Q0	1266008#7	1
11720	Q0	1266008#2	0
11720	Q0	1266008#6	0
11720	Q0	1266008#5	0
11720	Q0	1266008#1	0
11720	Q0	168003#12	0
11720	Q0	168003#2	0
11721	Q0	3221909#11	1
11721	Q0	3221909#6	0
11721	Q0	2480970#14	0
11721	Q0	2480970#0	0
11721	Q0	2311846#2	0
11721	Q0	3221909#4	0
11721	Q0	35263#83	0
11721	Q0	2480970#9	0
11721	Q0	586697#9	0
11721	Q0	2480970#11	0
11722	Q0	18795#4	1
11722	Q0	3436873#0	0
11722	Q0	1185894#1	0
11722	Q0	903339#3	0
11722	Q0	1121884#2	0
11722	Q0	1903396#1	0
11722	Q0	134715#1	0
11722	Q0	3436873#1	0
11722	Q0	897338#2	0
11722	Q0	1072413#12	0
11723	Q0	14040#14	1
11723	Q0	14040#5	1
11723	Q0	14040#80	0
11723	Q0	14040#63	0
11723	Q0	2723564#2	0
11723	Q0	2723564#137	0
11723	Q0	2723564#63	0
11723	Q0	2723564#94	0
11723	Q0	14040#106	0
11723	Q0	14040#104	0
11724	Q0	3081966#0	1
11724	Q0	2178552#0	1
11724	Q0	290665#0	1
11724	Q0	248438#24	0
11724	Q0	4132821#26	0
11724	Q0	46715#0	0
11724	Q0	1280661#0	0
11724	Q0	10111#3	0
11724	Q0	879955#5	0
11724	Q0	1386855#2	0
11725	Q0	2533240#0	1
11725	Q0	5097150#1	1
11725	Q0	241484#2	0
11725	Q0	129959#8	0
11725	Q0	1710363#0	0
11725	Q0	1444883#1	0
11725	Q0	1700395#11	0
11725	Q0	2463979#1	0
11725	Q0	5066048#2	0
11725	Q0	1495347#28	0
11725	Q0	67460#0	0
11725	Q0	67460#9	0
11726	Q0	1228189#0	1
11726	Q0	541097#0	0
11726	Q0	541071#0	0
11726	Q0	3236395#0	0
11726	Q0	541103#0	0
11726	Q0	808203#0	0
11726	Q0	3315652#0	0
11726	Q0	3826817#8	0
11726	Q0	4224496#0	0
11726	Q0	2279986#0	0
11728	Q0	2543708#1	1
11728	Q0	2543708#0	1
11728	Q0	2543708#11	0
11728	Q0	2543708#2	0
11728	Q0	2543708#5	0
11728	Q0	2543708#4	0
11728	Q0	2984152#0	0
11728	Q0	2945375#7	0
11728	Q0	2543708#12	0
11728	Q0	2543708#6	0
11729	Q0	3164800#0	1
11729	Q0	3146615#9	0
11729	Q0	3251809#0	0
11729	Q0	61795#13	0
11729	Q0	3146615#12	0
11729	Q0	3245102#3	0
11729	Q0	401191#2	0
11729	Q0	1456852#1	0
11729	Q0	3253770#5	0
11729	Q0	3251722#0	0
11731	Q0	1176085#0	1
11731	Q0	1176085#5	0
11731	Q0	3103635#14	0
11731	Q0	1176085#2	0
11731	Q0	47224#0	0
11731	Q0	2977462#0	0
11731	Q0	1601282#0	0
11731	Q0	5134536#0	0
11731	Q0	5134549#0	0
11731	Q0	5134547#0	0
11732	Q0	139633#0	1
11732	Q0	139633#1	1
11732	Q0	1942389#4	1
11732	Q0	155522#55	0
11732	Q0	2590324#6	0
11732	Q0	1942389#44	0
11732	Q0	1670771#0	0
11732	Q0	1942389#5	0
11732	Q0	1942389#21	0
11732	Q0	1942389#0	0
11733	Q0	2173930#0	1
11733	Q0	2173930#1	0
11733	Q0	2173930#2	0
11733	Q0	2173930#3	0
11733	Q0	2407759#0	0
11733	Q0	1741383#0	0
11733	Q0	3205145#0	0
11733	Q0	2016151#0	0
11733	Q0	2407759#1	0
11733	Q0	197202#0	0
11735	Q0	285038#3	1
11735	Q0	50129#6	1
11735	Q0	1674718#1	1
11735	Q0	2739298#2	0
11735	Q0	445772#1	0
11735	Q0	17376#2	0
11735	Q0	195183#2	0
11735	Q0	24522#1	0
11735	Q0	6122#49	0
11735	Q0	2796#29	0
11737	Q0	119121#0	1
11737	Q0	3537942#0	1
11737	Q0	3537942#1	1
11737	Q0	3525928#0	1
11737	Q0	400490#151	0
11737	Q0	307760#2	0
11737	Q0	3537942#5	0
11737	Q0	3537942#4	0
11737	Q0	63626#0	0
11737	Q0	38711#0	0
11740	Q0	289154#0	1
11740	Q0	5178854#0	0
11740	Q0	5196728#0	0
11740	Q0	4167010#0	0
11740	Q0	5030337#0	0
11740	Q0	3437086#0	0
11740	Q0	3436651#0	0
11740	Q0	4605509#0	0
11740	Q0	4589334#0	0
11740	Q0	1660865#0	0
11741	Q0	102682#60	1
11741	Q0	142566#17	1
11741	Q0	2204510#13	0
11741	Q0	2780703#1	0
11741	Q0	2202138#13	0
11741	Q0	2783142#0	0
11741	Q0	755665#1	0
11741	Q0	1466832#27	0
11741	Q0	400490#59	0
11741	Q0	2204510#0	0
11742	Q0	10453#0	1
11742	Q0	10453#20	0
11744	Q0	26760#4	1
11744	Q0	610362#5	0
11744	Q0	26760#6	0
11744	Q0	11428#0	0
11744	Q0	26745#5	0
11744	Q0	26760#26	0
11744	Q0	26760#7	0
11744	Q0	26760#29	0
11744	Q0	26760#10	0
11744	Q0	610362#0	0
11747	Q0	16956#0	1
11747	Q0	16956#1	1
11747	Q0	2141040#0	0
11747	Q0	338309#0	0
11747	Q0	1177154#0	0
11747	Q0	1194881#0	0
11747	Q0	1145192#0	0
11747	Q0	896320#0	0
11747	Q0	1569314#0	0
11747	Q0	1492130#1	0
11749	Q0	1280540#11	1
11749	Q0	361446#1	1
11749	Q0	361446#14	1
11749	Q0	24486#1	1
11749	Q0	1280540#45	0
11749	Q0	361446#21	0
11749	Q0	361446#18	0
11749	Q0	406037#2	0
11749	Q0	361446#23	0
11749	Q0	24486#6	0
11750	Q0	68861#2	1
11750	Q0	68861#20	1
11750	Q0	25256#48	1
11750	Q0	2390974#6	0
11750	Q0	2390974#4	0
11750	Q0	1944924#3	0
11750	Q0	68861#22	0
11750	Q0	68861#7	0
11750	Q0	2390974#1	0
11750	Q0	117958#50	0
11751	Q0	9052#0	1
11751	Q0	9052#4	0
11751	Q0	391986#7	0
11751	Q0	264114#1	0
11751	Q0	55479#0	0
11751	Q0	9052#26	0
11751	Q0	13513#2	0
11751	Q0	5133908#0	0
11751	Q0	55481#0	0
11751	Q0	2101328#0	0
11754	Q0	1830142#0	1
11754	Q0	1549949#15	1
11754	Q0	1768231#0	0
11754	Q0	40283#0	0
11754	Q0	514250#6	0
11754	Q0	4420087#0	0
11754	Q0	20286#4	0
11754	Q0	4373699#0	0
11754	Q0	453636#1	0
11754	Q0	317801#17	0
11756	Q0	2377289#0	1
11756	Q0	59296#0	1
11756	Q0	58879#11	1
11756	Q0	17359#0	1
11756	Q0	2377190#5	1
11756	Q0	415983#0	1
11756	Q0	3576537#5	0
11756	Q0	10943#2	0
11756	Q0	922617#13	0
11756	Q0	4599651#0	0
11757	Q0	131925#0	1
11757	Q0	70006#2	1
11757	Q0	4541661#24	0
11757	Q0	924246#2	0
11757	Q0	1478603#3	0
11757	Q0	3035634#0	0
11757	Q0	38335#3	0
11757	Q0	1776297#2	0
11757	Q0	1511374#1	0
11757	Q0	179401#4	0
11758	Q0	6609#0	1
11758	Q0	127732#23	1
11758	Q0	6609#42	1
11758	Q0	2293#22	0
11758	Q0	127732#0	0
11758	Q0	6609#1	0
11758	Q0	6609#26	0
11758	Q0	525381#3	0
11758	Q0	127732#49	0
11758	Q0	6609#36	0
11759	Q0	3386165#8	1
11759	Q0	7179#9	1
11759	Q0	13553#1	1
11759	Q0	1295607#9	0
11759	Q0	13601#0	0
11759	Q0	2493800#0	0
11759	Q0	311430#4	0
11759	Q0	3386165#5	0
11759	Q0	163686#3	0
11759	Q0	3312918#0	0
11760	Q0	847611#14	1
11760	Q0	269429#9	0
11760	Q0	611896#5	0
11760	Q0	1490443#4	0
11760	Q0	847611#17	0
11760	Q0	1124504#0	0
11760	Q0	847611#37	0
11760	Q0	2007694#10	0
11760	Q0	847611#15	0
11760	Q0	847611#18	0
11761	Q0	9325#17	1
11761	Q0	9325#0	1
11761	Q0	167208#0	1
11761	Q0	9325#3	1
11761	Q0	9325#23	1
11761	Q0	9325#10	0
11761	Q0	9325#20	0
11761	Q0	2227749#18	0
11761	Q0	9325#43	0
11761	Q0	1719861#0	0
11762	Q0	1812799#7	1
11762	Q0	1812799#0	1
11762	Q0	1812840#0	1
11762	Q0	1812799#8	1
11762	Q0	1306808#0	0
11762	Q0	1812833#0	0
11762	Q0	1812799#3	0
11762	Q0	1306808#2	0
11762	Q0	1306818#4	0
11762	Q0	2142237#0	0
11763	Q0	1538905#1	1
11763	Q0	1538905#2	0
11763	Q0	328641#3	0
11763	Q0	538304#0	0
11763	Q0	1299540#5	0
11763	Q0	292337#2	0
11763	Q0	3867#10	0
11763	Q0	272454#11	0
11763	Q0	1429406#16	0
11763	Q0	1514#35	0
11767	Q0	148235#0	1
11767	Q0	12813#5	1
11767	Q0	5205753#0	0
11767	Q0	3194913#0	0
11767	Q0	4873621#0	0
11767	Q0	164045#0	0
11767	Q0	12813#26	0
11767	Q0	12813#2	0
11767	Q0	12813#0	0
11767	Q0	12813#19	0
11768	Q0	7578#18	1
11768	Q0	7578#2	1
11768	Q0	48661#0	0
11768	Q0	130096#0	0
11768	Q0	381779#0	0
11768	Q0	4339411#4	0
11768	Q0	70876#0	0
11768	Q0	7578#19	0
11768	Q0	141542#0	0
11768	Q0	5175129#21	0
11771	Q0	5104#8	1
11771	Q0	596838#0	1
11771	Q0	596838#8	1
11771	Q0	5104#10	1
11771	Q0	596838#2	1
11771	Q0	4965292#18	0
11771	Q0	596838#9	0
11771	Q0	596838#38	0
11771	Q0	118539#4	0
11771	Q0	2433567#45	0
11772	Q0	7204#0	1
11772	Q0	7204#10	1
11772	Q0	7204#35	1
11772	Q0	7204#8	1
11772	Q0	7204#60	1
11772	Q0	7204#33	1
11772	Q0	7204#56	1
11772	Q0	7204#78	1
11772	Q0	7204#9	0
11772	Q0	7204#64	0
11773	Q0	653038#0	1
11773	Q0	935238#4	1
11773	Q0	3279496#0	1
11773	Q0	617362#2	0
11773	Q0	245850#0	0
11773	Q0	44541#38	0
11773	Q0	2128#10	0
11773	Q0	4328404#0	0
11773	Q0	4298915#3	0
11773	Q0	2119869#0	0
11774	Q0	8993#0	1
11774	Q0	8993#3	0
11774	Q0	1946#25	0
11774	Q0	850664#0	0
11774	Q0	1946#27	0
11774	Q0	850664#4	0
11774	Q0	3182905#9	0
11774	Q0	850664#1	0
11774	Q0	1946#28	0
11774	Q0	2447355#63	0
11775	Q0	3571324#0	1
11775	Q0	4533574#0	1
11775	Q0	1018247#0	1
11775	Q0	3571324#3	0
11775	Q0	3571324#7	0
11775	Q0	3571324#6	0
11775	Q0	1018247#3	0
11775	Q0	3571324#4	0
11775	Q0	1018247#4	0
11775	Q0	4533574#2	0
11775	Q0	3571324#8	0
11775	Q0	3571324#10	0
11776	Q0	808258#3	1
11776	Q0	597810#1	0
11776	Q0	1028351#1	0
11776	Q0	3585400#0	0
11776	Q0	4578700#0	0
11776	Q0	2613817#1	0
11776	Q0	13128#0	0
11776	Q0	827143#0	0
11776	Q0	808258#1	0
11776	Q0	336726#1	0
11777	Q0	432935#2	1
11777	Q0	432935#0	1
11777	Q0	4677242#0	0
11777	Q0	3543801#0	0
11777	Q0	3287311#0	0
11777	Q0	432935#3	0
11777	Q0	2042663#0	0
11777	Q0	1262484#0	0
11777	Q0	3274472#2	0
11777	Q0	7218#47	0
11778	Q0	3466243#0	1
11778	Q0	4658603#0	0
11778	Q0	3049776#0	0
11778	Q0	1803534#2	0
11778	Q0	79537#9	0
11778	Q0	3302026#0	0
11778	Q0	2266692#0	0
11778	Q0	2260593#0	0
11778	Q0	79537#16	0
11778	Q0	2486255#0	0
11779	Q0	12656#0	1
11779	Q0	12656#11	0
11779	Q0	3180686#0	0
11779	Q0	12656#1	0
11779	Q0	12656#9	0
11779	Q0	208737#3	0
11779	Q0	208737#0	0
11779	Q0	12656#6	0
11779	Q0	12656#2	0
11779	Q0	12656#5	0
11780	Q0	164914#1	1
11780	Q0	164914#0	0
11780	Q0	3737907#1	0
11780	Q0	3693903#1	0
11780	Q0	161537#0	0
11780	Q0	41359#1	0
11780	Q0	3227245#1	0
11780	Q0	2205301#0	0
11780	Q0	4419590#7	0
11780	Q0	4520789#9	0
11781	Q0	49651#0	1
11781	Q0	1303010#3	1
11781	Q0	1303010#4	1
11781	Q0	49651#41	0
11781	Q0	3129284#2	0
11781	Q0	3129284#0	0
11781	Q0	4858655#0	0
11781	Q0	49651#40	0
11781	Q0	3129284#6	0
11781	Q0	49651#33	0
11782	Q0	149201#0	1
11782	Q0	149201#2	0
11782	Q0	149201#3	0
11782	Q0	149201#12	0
11782	Q0	5138008#0	0
11782	Q0	988089#13	0
11782	Q0	149201#6	0
11782	Q0	4529798#0	0
11782	Q0	149201#4	0
11782	Q0	988089#16	0
11783	Q0	4678298#59	1
11783	Q0	2277#90	1
11783	Q0	739601#12	1
11783	Q0	739601#42	0
11783	Q0	240923#0	0
11783	Q0	739601#15	0
11783	Q0	739601#44	0
11783	Q0	739601#0	0
11783	Q0	239898#0	0
11783	Q0	739601#49	0
11783	Q0	239495#0	0
11783	Q0	739601#19	0
11783	Q0	739601#13	0
11784	Q0	461464#0	1
11784	Q0	15020#4	0
11784	Q0	1946#29	0
11784	Q0	15020#0	0
11784	Q0	15020#9	0
11784	Q0	15020#28	0
11784	Q0	5219242#2	0
11784	Q0	1302166#0	0
11784	Q0	547675#0	0
11784	Q0	972283#0	0
11785	Q0	18533#2	1
11785	Q0	18533#1	1
11785	Q0	18533#0	1
11785	Q0	323804#1	0
11785	Q0	18533#27	0
11785	Q0	18533#19	0
11785	Q0	21481#35	0
11785	Q0	18533#5	0
11785	Q0	18533#13	0
11785	Q0	3175501#0	0
11786	Q0	707913#11	1
11786	Q0	217677#1	1
11786	Q0	1432#1	1
11786	Q0	201867#19	0
11786	Q0	1855639#5	0
11786	Q0	3744875#6	0
11786	Q0	303288#15	0
11786	Q0	143123#186	0
11786	Q0	1432#2	0
11786	Q0	1118210#17	0
11790	Q0	18188#0	1
11790	Q0	18197#1	0
11790	Q0	18199#0	0
11790	Q0	18188#18	0
11790	Q0	18188#24	0
11790	Q0	18188#2	0
11790	Q0	18188#19	0
11790	Q0	18188#16	0
11790	Q0	18186#31	0
11790	Q0	18188#1	0
11792	Q0	408698#5	1
11792	Q0	4135625#0	0
11792	Q0	269432#0	0
11792	Q0	1502153#1	0
11792	Q0	1739233#0	0
11792	Q0	446930#0	0
11792	Q0	982127#0	0
11792	Q0	879034#1	0
11792	Q0	1846830#0	0
11792	Q0	3764468#0	0
11793	Q0	5187352#16	1
11793	Q0	147755#1	0
11793	Q0	577195#1	0
11793	Q0	1084907#2	0
11793	Q0	3567958#11	0
11793	Q0	5212072#10	0
11793	Q0	5212072#6	0
11793	Q0	1814#26	0
11793	Q0	33821#1	0
11793	Q0	4026716#21	0
11794	Q0	1176958#0	1
11794	Q0	3137349#0	0
11794	Q0	2799054#0	0
11794	Q0	12791#11	0
11794	Q0	268277#7	0
11794	Q0	1466208#0	0
11795	Q0	1174831#1	1
11795	Q0	1770302#0	0
11795	Q0	1770302#1	0
11795	Q0	2169411#0	0
11795	Q0	3741189#0	0
11795	Q0	316621#0	0
11795	Q0	2643492#0	0
11795	Q0	1502707#0	0
11795	Q0	3198908#1	0
11795	Q0	134521#10	0
11796	Q0	4444#38	1
11796	Q0	732505#4	0
11796	Q0	3670#57	0
11796	Q0	4337337#2	0
11796	Q0	1270463#46	0
11796	Q0	21007#26	0
11796	Q0	351045#63	0
11796	Q0	3262019#3	0
11796	Q0	2462956#9	0
11796	Q0	1827879#4	0
11797	Q0	420177#0	1
11797	Q0	3811085#0	0
11797	Q0	43857#0	0
11797	Q0	733660#1	0
11797	Q0	1953477#1	0
11797	Q0	4837594#2	0
11797	Q0	3920302#0	0
11797	Q0	733660#3	0
11797	Q0	156450#2	0
11797	Q0	384472#10	0
11798	Q0	843545#89	1
11798	Q0	40424#11	0
11798	Q0	334052#2	0
11798	Q0	1836649#55	0
11798	Q0	23059#10	0
11798	Q0	220543#1	0
11798	Q0	259003#3	0
11798	Q0	40424#1	0
11798	Q0	334052#5	0
11798	Q0	2275263#38	0
11799	Q0	324260#4	1
11799	Q0	5227357#0	1
11799	Q0	433506#1	1
11799	Q0	390413#30	1
11799	Q0	1649281#0	0
11799	Q0	1211725#14	0
11799	Q0	324260#1	0
11799	Q0	324260#19	0
11799	Q0	1211725#1	0
11799	Q0	5227357#1	0
11799	Q0	1211725#15	0
11799	Q0	390413#2	0
11799	Q0	390413#29	0
11800	Q0	26912#18	1
11800	Q0	26912#2	1
11800	Q0	26912#45	1
11800	Q0	26912#0	1
11800	Q0	139635#0	1
11800	Q0	26912#16	1
11800	Q0	26912#17	1
11800	Q0	26912#32	1
11800	Q0	1433646#0	0
11800	Q0	26912#19	0
11801	Q0	5914#0	1
11801	Q0	869299#1	0
11801	Q0	1269888#3	0
11801	Q0	5914#12	0
11801	Q0	5914#48	0
11801	Q0	2110#2	0
11801	Q0	4984994#1	0
11801	Q0	5914#3	0
11801	Q0	3253106#0	0
11801	Q0	55940#1	0
11802	Q0	3944#174	1
11802	Q0	21876#21	1
11802	Q0	3676#31	1
11802	Q0	1569#3	1
11802	Q0	18285#1	1
11802	Q0	18285#0	1
11802	Q0	333298#20	0
11802	Q0	1824130#7	0
11802	Q0	47160#8	0
11802	Q0	1824130#8	0
11802	Q0	299181#2	0
11802	Q0	333298#22	0
11802	Q0	18285#4	0
11802	Q0	18285#3	0
11802	Q0	18285#2	0
11802	Q0	18285#5	0
11802	Q0	18285#32	0
11802	Q0	18285#20	0
11804	Q0	52442#0	1
11804	Q0	4258180#0	0
11804	Q0	2496188#0	0
11804	Q0	876602#0	0
11804	Q0	2695097#0	0
11804	Q0	1532584#4	0
11804	Q0	1522924#0	0
11804	Q0	2554063#0	0
11804	Q0	2547496#0	0
11804	Q0	6632#3	0
11805	Q0	260332#2	1
11805	Q0	3219003#16	1
11805	Q0	260332#1	1
11805	Q0	4156065#2	1
11805	Q0	2309575#0	1
11805	Q0	313162#12	1
11805	Q0	260332#0	1
11805	Q0	18614#8	0
11805	Q0	386038#4	0
11805	Q0	2368119#1	0
11806	Q0	1738795#142	1
11806	Q0	1730033#50	1
11806	Q0	275069#0	0
11806	Q0	45543#2	0
11806	Q0	3839879#0	0
11806	Q0	1451047#31	0
11806	Q0	1451047#16	0
11806	Q0	1451047#35	0
11806	Q0	4543372#3	0
11806	Q0	3539925#17	0
11808	Q0	1657293#0	1
11808	Q0	169296#1	0
11808	Q0	4514#6	0
11808	Q0	169296#2	0
11808	Q0	1662523#2	0
11808	Q0	3067108#0	0
11808	Q0	51204#0	0
11808	Q0	4515#6	0
11808	Q0	4392260#1	0
11808	Q0	14971#4	0
11811	Q0	4475939#1	1
11811	Q0	140273#8	1
11811	Q0	2935613#2	1
11811	Q0	1211748#4	0
11811	Q0	7591#14	0
11811	Q0	1590866#6	0
11811	Q0	7591#13	0
11811	Q0	3089859#5	0
11811	Q0	1343516#86	0
11811	Q0	1343516#76	0
11812	Q0	1681257#0	1
11812	Q0	1571452#4	1
11812	Q0	1681257#3	1
11812	Q0	2310096#0	0
11812	Q0	2520524#5	0
11812	Q0	1681257#22	0
11812	Q0	2188542#0	0
11812	Q0	1681257#19	0
11812	Q0	1681257#10	0
11812	Q0	2188542#1	0
11813	Q0	887038#33	1
11813	Q0	887038#19	0
11813	Q0	887038#10	0
11813	Q0	887038#21	0
11813	Q0	887038#8	0
11813	Q0	887038#4	0
11813	Q0	887038#2	0
11813	Q0	887038#53	0
11813	Q0	887038#43	0
11813	Q0	887038#52	0
11815	Q0	35970#0	1
11815	Q0	1941048#8	0
11815	Q0	4878101#0	0
11815	Q0	3352139#0	0
11815	Q0	35970#6	0
11815	Q0	3742915#0	0
11815	Q0	35970#7	0
11815	Q0	1078547#0	0
11815	Q0	35970#13	0
11815	Q0	35970#10	0
11815	Q0	35970#12	0
11817	Q0	578085#0	1
11817	Q0	2938407#0	1
11817	Q0	3711775#0	0
11817	Q0	3896802#0	0
11817	Q0	2921195#0	0
11817	Q0	1218854#0	0
11817	Q0	1597595#0	0
11817	Q0	1218811#0	0
11817	Q0	1046171#0	0
11817	Q0	626144#0	0
11818	Q0	51252#19	1
11818	Q0	3395726#1	1
11818	Q0	20504#5	0
11818	Q0	561029#0	0
11818	Q0	957780#1	0
11818	Q0	271992#1	0
11818	Q0	4968456#1	0
11818	Q0	4970875#0	0
11818	Q0	1031158#1	0
11818	Q0	4959306#2	0
11819	Q0	14069#0	1
11819	Q0	2837505#0	0
11819	Q0	2811519#0	0
11819	Q0	2293#39	0
11819	Q0	14069#5	0
11819	Q0	3850685#0	0
11819	Q0	911964#1	0
11819	Q0	14069#7	0
11819	Q0	14069#4	0
11819	Q0	14069#6	0
11823	Q0	620359#18	1
11823	Q0	620359#0	1
11823	Q0	2775606#0	1
11823	Q0	620359#28	1
11823	Q0	2523101#0	0
11823	Q0	2960804#1	0
11823	Q0	1221274#1	0
11823	Q0	186074#7	0
11823	Q0	6613#0	0
11823	Q0	620359#17	0
11825	Q0	1789098#0	1
11825	Q0	1789098#1	0
11825	Q0	563179#0	0
11825	Q0	563015#0	0
11825	Q0	3312193#0	0
11825	Q0	1561964#0	0
11825	Q0	1789706#0	0
11825	Q0	2805844#0	0
11825	Q0	3565295#0	0
11825	Q0	1998241#0	0
11826	Q0	1702538#0	1
11826	Q0	3402697#0	0
11826	Q0	2900412#2	0
11826	Q0	705215#0	0
11826	Q0	1839935#27	0
11826	Q0	23513#0	0
11826	Q0	2989280#0	0
11826	Q0	705207#0	0
11826	Q0	2913506#4	0
11826	Q0	618758#0	0
11827	Q0	50628#0	1
11827	Q0	65455#1	1
11827	Q0	1011154#2	1
11827	Q0	3895#32	1
11827	Q0	985947#17	1
11827	Q0	409103#61	0
11827	Q0	3397948#21	0
11827	Q0	920970#35	0
11827	Q0	1280661#0	0
11827	Q0	1386855#2	0
11830	Q0	397557#0	1
11830	Q0	397557#3	0
11830	Q0	2706099#1	0
11830	Q0	4989324#1	0
11830	Q0	5181230#1	0
11830	Q0	2935916#4	0
11830	Q0	3570592#0	0
11830	Q0	1484689#0	0
11830	Q0	3872672#0	0
11830	Q0	4832241#2	0
11832	Q0	34174#0	1
11832	Q0	34174#12	0
11832	Q0	7318#1	0
11832	Q0	412826#0	0
11832	Q0	427020#0	0
11832	Q0	4076126#0	0
11832	Q0	53686#2	0
11832	Q0	1701484#1	0
11832	Q0	301679#0	0
11832	Q0	34174#4	0
11835	Q0	67083#2	1
11835	Q0	67083#0	1
11835	Q0	67083#3	1
11835	Q0	1090689#0	1
11835	Q0	67083#10	1
11835	Q0	955686#11	1
11835	Q0	1165157#10	1
11835	Q0	67083#14	0
11835	Q0	2971172#0	0
11835	Q0	5136375#0	0
11837	Q0	575667#0	1
11837	Q0	575667#15	1
11837	Q0	10111#4	1
11837	Q0	835066#1	1
11837	Q0	575667#40	0
11837	Q0	575667#1	0
11837	Q0	575667#18	0
11837	Q0	575667#16	0
11837	Q0	575667#14	0
11837	Q0	575667#29	0
11838	Q0	364306#0	1
11838	Q0	364306#1	1
11838	Q0	364306#4	1
11838	Q0	364306#3	1
11838	Q0	65626#4	1
11838	Q0	123800#23	1
11838	Q0	181324#1	1
11838	Q0	364306#5	0
11838	Q0	364306#2	0
11838	Q0	921848#2	0
11839	Q0	47567#0	1
11839	Q0	47567#1	1
11839	Q0	97117#0	0
11839	Q0	2617834#0	0
11839	Q0	928755#0	0
11839	Q0	2892500#0	0
11839	Q0	1019127#0	0
11839	Q0	2102456#0	0
11839	Q0	2379037#0	0
11839	Q0	451182#0	0
11840	Q0	14015#11	1
11840	Q0	14015#0	1
11840	Q0	14015#18	0
11840	Q0	1299149#0	0
11840	Q0	1299149#2	0
11840	Q0	1299149#1	0
11840	Q0	1089954#1	0
11840	Q0	14015#12	0
11840	Q0	421000#0	0
11840	Q0	60013#7	0
11841	Q0	14012#0	1
11841	Q0	426359#2	1
11841	Q0	426359#0	1
11841	Q0	1999393#1	0
11841	Q0	14012#2	0
11841	Q0	14012#5	0
11841	Q0	1593618#0	0
11841	Q0	1593618#16	0
11841	Q0	251523#2	0
11841	Q0	132068#0	0
11843	Q0	10770#0	1
11843	Q0	10770#3	1
11843	Q0	10772#0	0
11843	Q0	2506#19	0
11843	Q0	1555891#0	0
11843	Q0	3945868#0	0
11843	Q0	10770#75	0
11843	Q0	1443306#0	0
11843	Q0	10768#3	0
11843	Q0	10770#40	0
11844	Q0	2934827#0	1
11844	Q0	2934827#4	1
11844	Q0	2934827#16	0
11844	Q0	2934827#7	0
11844	Q0	2934827#13	0
11844	Q0	2934827#6	0
11844	Q0	2808367#12	0
11844	Q0	2934827#1	0
11844	Q0	2934827#12	0
11844	Q0	2934827#2	0
11845	Q0	28846#2	1
11845	Q0	12482#1	0
11845	Q0	38885#24	0
11845	Q0	38888#3	0
11845	Q0	38888#23	0
11845	Q0	28846#1	0
11845	Q0	36716#14	0
11845	Q0	1463350#0	0
11845	Q0	38888#4	0
11845	Q0	962088#0	0
11846	Q0	1927694#0	1
11846	Q0	1613#100	1
11846	Q0	2835361#25	1
11846	Q0	1064453#16	1
11846	Q0	81313#14	0
11846	Q0	20669#2	0
11846	Q0	1613#1	0
11846	Q0	586916#4	0
11846	Q0	1469456#23	0
11846	Q0	57242#5	0
11848	Q0	292638#0	1
11848	Q0	292638#8	1
11848	Q0	11406#12	0
11848	Q0	3649#39	0
11848	Q0	1249#10	0
11848	Q0	11406#0	0
11848	Q0	586817#0	0
11848	Q0	39369#4	0
11848	Q0	3028754#4	0
11848	Q0	973513#2	0
11849	Q0	9803#0	1
11849	Q0	9803#4	1
11849	Q0	4611837#17	1
11849	Q0	4611837#15	1
11849	Q0	9803#5	0
11849	Q0	144251#3	0
11849	Q0	9803#2	0
11849	Q0	9803#3	0
11849	Q0	9803#7	0
11849	Q0	2550556#2	0
11850	Q0	1514#65	1
11850	Q0	71957#5	0
11850	Q0	282465#0	0
11850	Q0	70041#6	0
11850	Q0	2580180#2	0
11850	Q0	67518#6	0
11850	Q0	289527#6	0
11850	Q0	4287732#0	0
11850	Q0	13270#0	0
11850	Q0	150406#0	0
11854	Q0	331211#0	1
11854	Q0	331211#1	1
11854	Q0	331211#2	1
11854	Q0	331211#5	0
11854	Q0	3064036#39	0
11854	Q0	331211#6	0
11854	Q0	1984806#0	0
11854	Q0	331211#3	0
11854	Q0	10460#35	0
11854	Q0	903097#0	0
11855	Q0	2716149#0	1
11855	Q0	1492317#1	0
11855	Q0	2716149#4	0
11855	Q0	2716149#1	0
11855	Q0	3052133#95	0
11855	Q0	2716149#2	0
11855	Q0	2716149#3	0
11855	Q0	2716149#5	0
11855	Q0	1276330#2	0
11855	Q0	992988#1	0
11856	Q0	912757#0	1
11856	Q0	1531991#2	0
11856	Q0	1531991#5	0
11856	Q0	886098#33	0
11856	Q0	6944#9	0
11856	Q0	3308257#0	0
11856	Q0	1665511#2	0
11856	Q0	3448413#1	0
11856	Q0	1186754#0	0
11856	Q0	912757#1	0
11858	Q0	88390#1	1
11858	Q0	1271#1	0
11858	Q0	4064690#0	0
11858	Q0	1672841#0	0
11858	Q0	148703#0	0
11858	Q0	1059540#66	0
11858	Q0	88390#2	0
11858	Q0	3575887#0	0
11858	Q0	2215#5	0
11858	Q0	763875#1	0
11859	Q0	3448294#0	1
11859	Q0	7074#4	1
11859	Q0	7074#0	1
11859	Q0	164239#1	0
11859	Q0	3416286#0	0
11859	Q0	190459#1	0
11859	Q0	253874#0	0
11859	Q0	343278#1	0
11859	Q0	190456#1	0
11859	Q0	253523#0	0
11859	Q0	7074#1	0
11861	Q0	617516#0	1
11861	Q0	12272#0	1
11861	Q0	3814133#3	1
11861	Q0	1666417#14	1
11861	Q0	1666417#20	0
11861	Q0	2502992#4	0
11861	Q0	3814133#4	0
11861	Q0	12272#6	0
11861	Q0	12272#1	0
11861	Q0	45698#15	0
11862	Q0	207834#1	1
11862	Q0	207834#0	1
11862	Q0	1363985#0	0
11862	Q0	207834#9	0
11862	Q0	207834#5	0
11862	Q0	1345565#1	0
11862	Q0	1967288#0	0
11862	Q0	207834#10	0
11862	Q0	1959338#0	0
11862	Q0	57549#0	0
11863	Q0	195152#0	1
11863	Q0	140273#3	1
11863	Q0	195149#0	0
11863	Q0	195152#1	0
11863	Q0	65969#0	0
11863	Q0	970812#58	0
11863	Q0	3944#42	0
11863	Q0	985947#47	0
11863	Q0	300434#0	0
11863	Q0	2502037#5	0
11864	Q0	263774#2	1
11864	Q0	263774#0	1
11864	Q0	263774#6	1
11864	Q0	263774#3	0
11864	Q0	263774#12	0
11864	Q0	263774#14	0
11864	Q0	1984735#0	0
11864	Q0	131117#1	0
11864	Q0	263508#0	0
11864	Q0	461644#0	0
11866	Q0	1250#1	1
11866	Q0	1250#3	1
11866	Q0	303707#4	1
11866	Q0	20899#19	0
11866	Q0	1922723#0	0
11866	Q0	512817#4	0
11866	Q0	1250#2	0
11866	Q0	9486#48	0
11866	Q0	1250#38	0
11866	Q0	610267#1	0
11867	Q0	49469#3	1
11867	Q0	65090#25	1
11867	Q0	2293#59	0
11867	Q0	49469#25	0
11867	Q0	1602307#0	0
11867	Q0	3447917#0	0
11867	Q0	8390#0	0
11867	Q0	2498513#8	0
11867	Q0	3264660#2	0
11867	Q0	716347#0	0
11868	Q0	807654#5	1
11868	Q0	807654#1	0
11868	Q0	807654#0	0
11868	Q0	3764906#0	0
11868	Q0	3904855#0	0
11868	Q0	473819#0	0
11868	Q0	3441337#6	0
11868	Q0	3905172#0	0
11868	Q0	4964341#0	0
11868	Q0	4063828#1	0
11870	Q0	3433576#3	1
11870	Q0	3433576#0	1
11870	Q0	399985#0	0
11870	Q0	1654074#3	0
11870	Q0	1477992#19	0
11870	Q0	1654074#0	0
11870	Q0	1586401#0	0
11870	Q0	4980878#0	0
11870	Q0	3127352#1	0
11870	Q0	4967992#0	0
11872	Q0	66914#0	1
11872	Q0	3835432#16	0
11872	Q0	1601929#0	0
11872	Q0	1643562#0	0
11872	Q0	66914#1	0
11872	Q0	1770953#0	0
11872	Q0	3835432#0	0
11872	Q0	66914#21	0
11872	Q0	66725#3	0
11872	Q0	79765#0	0
11872	Q0	66914#3	0
11875	Q0	122456#3	1
11875	Q0	631350#1	1
11875	Q0	1477249#3	0
11875	Q0	1477249#8	0
11875	Q0	1477249#7	0
11875	Q0	1932399#0	0
11875	Q0	1477249#2	0
11875	Q0	573147#3	0
11875	Q0	97221#8	0
11875	Q0	122456#4	0
11877	Q0	426720#0	1
11877	Q0	426720#2	0
11877	Q0	824052#3	0
11877	Q0	877693#0	0
11877	Q0	1722#70	0
11877	Q0	3709187#0	0
11877	Q0	824052#0	0
11877	Q0	732996#0	0
11877	Q0	658422#4	0
11877	Q0	974126#1	0
11878	Q0	47105#24	1
11878	Q0	47105#16	1
11878	Q0	47105#0	1
11878	Q0	47105#5	0
11878	Q0	47105#30	0
11878	Q0	47105#26	0
11878	Q0	47105#20	0
11878	Q0	47105#3	0
11878	Q0	47105#19	0
11878	Q0	47105#15	0
11880	Q0	975279#13	1
11880	Q0	975279#10	1
11880	Q0	975279#9	0
11880	Q0	975279#16	0
11880	Q0	975279#17	0
11880	Q0	975279#2	0
11880	Q0	975279#14	0
11880	Q0	975279#19	0
11880	Q0	975279#15	0
11880	Q0	975279#7	0
11881	Q0	1854691#0	1
11881	Q0	2472665#2	1
11881	Q0	4114240#2	1
11881	Q0	703274#7	1
11881	Q0	4114240#1	1
11881	Q0	2472665#0	0
11881	Q0	1188759#1	0
11881	Q0	2472665#9	0
11881	Q0	8340#11	0
11881	Q0	1188759#0	0
11883	Q0	9390#45	1
11883	Q0	127284#2	1
11883	Q0	127284#3	1
11883	Q0	1163220#2	1
11883	Q0	1078346#18	1
11883	Q0	9390#93	0
11883	Q0	88225#0	0
11883	Q0	965164#73	0
11883	Q0	21836#196	0
11883	Q0	127284#1	0
11885	Q0	2277#90	1
11885	Q0	42107#23	0
11885	Q0	45155#0	0
11885	Q0	2277#98	0
11885	Q0	2989894#2	0
11885	Q0	16703#5	0
11885	Q0	1424347#24	0
11885	Q0	272453#6	0
11885	Q0	24559#0	0
11885	Q0	8660#2	0
11886	Q0	33254#1	1
11886	Q0	397103#1	1
11886	Q0	154234#2	1
11886	Q0	2826#0	0
11886	Q0	2826#25	0
11886	Q0	56562#4	0
11886	Q0	123300#0	0
11886	Q0	7625#23	0
11886	Q0	79171#8	0
11886	Q0	2826#2	0
11887	Q0	118909#0	1
11887	Q0	118909#11	0
11887	Q0	2650356#0	0
11887	Q0	118909#4	0
11887	Q0	1940360#0	0
11887	Q0	118909#2	0
11887	Q0	208590#0	0
11887	Q0	2737624#0	0
11887	Q0	126461#0	0
11887	Q0	4223561#0	0
11888	Q0	3043244#0	1
11888	Q0	3257130#5	1
11888	Q0	3043244#8	1
11888	Q0	3043244#7	1
11888	Q0	3044987#7	1
11888	Q0	12638#22	1
11888	Q0	3044987#3	1
11888	Q0	172007#24	0
11888	Q0	3054779#0	0
11888	Q0	1276335#24	0
11889	Q0	448231#49	1
11889	Q0	988087#0	0
11889	Q0	3811177#0	0
11889	Q0	516298#1	0
11889	Q0	1920631#0	0
11889	Q0	3455184#6	0
11889	Q0	1532186#6	0
11889	Q0	107102#57	0
11889	Q0	107102#23	0
11889	Q0	4503511#0	0
11889	Q0	1929933#0	0
11889	Q0	1929933#1	0
11891	Q0	136583#6	1
11891	Q0	1833146#2	1
11891	Q0	136583#7	1
11891	Q0	21578#0	0
11891	Q0	3420952#0	0
11891	Q0	1168096#0	0
11891	Q0	2081306#0	0
11891	Q0	5229495#0	0
11891	Q0	1282288#3	0
11891	Q0	137393#0	0
11892	Q0	322753#1	1
11892	Q0	322754#2	1
11892	Q0	322754#1	1
11892	Q0	3187889#7	0
11892	Q0	1181643#13	0
11892	Q0	3479943#0	0
11892	Q0	322753#8	0
11892	Q0	3440979#0	0
11892	Q0	3117628#0	0
11892	Q0	4822288#0	0
11893	Q0	42148#0	1
11893	Q0	3131663#0	1
11893	Q0	42148#3	1
11893	Q0	2336290#0	0
11893	Q0	2152#0	0
11893	Q0	485742#1	0
11893	Q0	343454#0	0
11893	Q0	42148#1	0
11893	Q0	2152#11	0
11893	Q0	2812018#0	0
11896	Q0	1007058#39	1
11896	Q0	1007058#37	1
11896	Q0	34166#42	0
11896	Q0	1007058#68	0
11896	Q0	1862450#1	0
11896	Q0	9903#1	0
11896	Q0	1076055#20	0
11896	Q0	1204566#0	0
11896	Q0	680219#4	0
11896	Q0	24357#5	0
11897	Q0	2495318#0	1
11897	Q0	285261#15	1
11897	Q0	956800#2	1
11897	Q0	4741723#0	1
11897	Q0	285261#1	0
11897	Q0	969343#13	0
11897	Q0	630412#5	0
11897	Q0	480121#1	0
11897	Q0	285261#17	0
11897	Q0	20332#22	0
11898	Q0	12242#21	1
11898	Q0	12242#23	0
11898	Q0	12242#24	0
11898	Q0	12242#11	0
11898	Q0	4599784#5	0
11898	Q0	12242#6	0
11898	Q0	12242#34	0
11898	Q0	12242#20	0
11898	Q0	12242#18	0
11898	Q0	12242#7	0
11899	Q0	2771#0	1
11899	Q0	2771#38	1
11899	Q0	4254#20	0
11899	Q0	155554#7	0
11899	Q0	670711#1	0
11899	Q0	2985883#3	0
11899	Q0	2771#1	0
11899	Q0	1554634#8	0
11899	Q0	3043921#5	0
11899	Q0	13685#4	0
11900	Q0	155281#0	1
11900	Q0	155281#1	0
11900	Q0	155281#10	0
11900	Q0	3083818#0	0
11900	Q0	3423458#0	0
11900	Q0	3448891#0	0
11900	Q0	155281#11	0
11900	Q0	3099589#0	0
11900	Q0	3423428#0	0
11900	Q0	3081755#0	0
11901	Q0	186634#0	1
11901	Q0	448352#45	0
11901	Q0	9612#0	0
11901	Q0	18892#0	0
11901	Q0	1520843#0	0
11901	Q0	2180119#0	0
11901	Q0	1415#0	0
11901	Q0	705289#0	0
11901	Q0	3840967#0	0
11901	Q0	186634#3	0
11903	Q0	379189#0	1
11903	Q0	379189#8	1
11903	Q0	379189#10	1
11903	Q0	379189#1	0
11903	Q0	379189#22	0
11903	Q0	379189#42	0
11903	Q0	379189#12	0
11903	Q0	379189#14	0
11903	Q0	379189#32	0
11903	Q0	379189#7	0
11904	Q0	3293309#30	1
11904	Q0	961454#2	1
11904	Q0	809442#1	1
11904	Q0	961454#0	1
11904	Q0	3372246#61	1
11904	Q0	5198044#20	0
11904	Q0	3778408#59	0
11904	Q0	1267960#9	0
11904	Q0	3309702#2	0
11904	Q0	1267960#12	0
11906	Q0	1490448#0	1
11906	Q0	1490448#1	1
11906	Q0	3672963#2	0
11906	Q0	618814#0	0
11906	Q0	1490448#6	0
11906	Q0	336840#0	0
11906	Q0	4068452#0	0
11906	Q0	581957#0	0
11906	Q0	812848#0	0
11906	Q0	5134540#0	0
11910	Q0	323833#0	1
11910	Q0	642836#0	0
11910	Q0	323833#10	0
11910	Q0	323833#2	0
11910	Q0	323833#1	0
11910	Q0	323833#4	0
11910	Q0	323833#7	0
11910	Q0	5157551#0	0
11910	Q0	3052198#0	0
11910	Q0	849830#0	0
11912	Q0	4958633#16	1
11912	Q0	4958633#4	1
11912	Q0	4958633#0	1
11912	Q0	149250#0	1
11912	Q0	4958633#28	0
11912	Q0	4958633#2	0
11912	Q0	4958633#20	0
11912	Q0	149250#16	0
11912	Q0	4958633#18	0
11912	Q0	4958633#29	0
11913	Q0	120900#2	1
11913	Q0	3279086#0	0
11913	Q0	598250#5	0
11913	Q0	1265969#1	0
11913	Q0	28726#1	0
11913	Q0	1483866#12	0
11913	Q0	3175097#1	0
11913	Q0	1598454#1	0
11913	Q0	2105329#6	0
11913	Q0	1450082#1	0
11914	Q0	1047759#0	1
11914	Q0	1047759#4	1
11914	Q0	3102122#5	1
11914	Q0	1047759#6	0
11914	Q0	1047759#2	0
11914	Q0	1047759#3	0
11914	Q0	4111238#5	0
11914	Q0	239285#89	0
11914	Q0	1821018#3	0
11914	Q0	1047759#7	0
11915	Q0	26720#0	1
11915	Q0	663006#20	1
11915	Q0	26720#10	0
11915	Q0	3649334#0	0
11915	Q0	26720#12	0
11915	Q0	26720#11	0
11915	Q0	26720#2	0
11915	Q0	26720#6	0
11915	Q0	26720#8	0
11915	Q0	170939#3	0
11917	Q0	3406449#1	1
11917	Q0	3406449#0	1
11917	Q0	3406449#8	1
11917	Q0	9539#3	1
11917	Q0	597851#4	1
11917	Q0	3406449#2	0
11917	Q0	3406449#10	0
11917	Q0	3406449#24	0
11917	Q0	2796#29	0
11917	Q0	3406449#23	0
11921	Q0	17212#0	1
11921	Q0	1007058#54	0
11921	Q0	1782733#0	0
11921	Q0	24357#5	0
11921	Q0	1794663#0	0
11921	Q0	18319#24	0
11921	Q0	1108471#49	0
11921	Q0	1779917#0	0
11921	Q0	3987194#0	0
11921	Q0	4506887#0	0
11923	Q0	586199#0	1
11923	Q0	586199#9	0
11923	Q0	586199#12	0
11923	Q0	586199#1	0
11923	Q0	586199#13	0
11923	Q0	586199#8	0
11923	Q0	586199#4	0
11923	Q0	586199#11	0
11923	Q0	586199#6	0
11923	Q0	586199#3	0
11924	Q0	917329#2	1
11924	Q0	917329#0	0
11924	Q0	58457#0	0
11924	Q0	917329#1	0
11924	Q0	917329#12	0
11924	Q0	917329#5	0
11924	Q0	994474#1	0
11924	Q0	303028#1	0
11924	Q0	58457#13	0
11924	Q0	4944134#7	0
11926	Q0	9236#7	1
11926	Q0	3889#36	1
11926	Q0	1156131#1	1
11926	Q0	2315933#3	0
11926	Q0	1156131#0	0
11926	Q0	1188961#0	0
11926	Q0	250476#4	0
11926	Q0	1291327#1	0
11926	Q0	1479022#10	0
11926	Q0	3889#31	0
11927	Q0	5061089#0	1
11927	Q0	2977524#17	1
11927	Q0	5061089#1	1
11927	Q0	3579156#1	1
11927	Q0	2916#24	0
11927	Q0	133437#0	0
11927	Q0	846446#0	0
11927	Q0	5061089#2	0
11927	Q0	7121#0	0
11927	Q0	5066#0	0
11928	Q0	18285#21	1
11928	Q0	4264085#2	1
11928	Q0	427888#18	1
11928	Q0	18285#1	1
11928	Q0	18285#8	0
11928	Q0	18285#13	0
11928	Q0	18285#29	0
11928	Q0	3646098#0	0
11928	Q0	18284#5	0
11928	Q0	3686647#0	0
11928	Q0	18285#12	0
11928	Q0	18285#4	0
11928	Q0	18285#3	0
11928	Q0	18285#2	0
11928	Q0	18285#5	0
11928	Q0	18285#32	0
11928	Q0	18285#20	0
11928	Q0	18285#0	0
11929	Q0	2393#0	1
11929	Q0	1328550#0	0
11929	Q0	414731#3	0
11929	Q0	1554083#1	0
11929	Q0	2894159#0	0
11929	Q0	30055#0	0
11929	Q0	1173363#1	0
11929	Q0	71806#0	0
11929	Q0	4543849#4	0
11929	Q0	2393#7	0
11932	Q0	16522#1	1
11932	Q0	16522#5	0
11932	Q0	1536524#0	0
11932	Q0	388186#0	0
11932	Q0	37231#12	0
11932	Q0	92055#5	0
11932	Q0	911964#1	0
11932	Q0	1531708#0	0
11932	Q0	8799#6	0
11932	Q0	3408996#38	0
11933	Q0	4916038#25	1
11933	Q0	4386599#11	0
11933	Q0	561051#3	0
11933	Q0	561051#4	0
11933	Q0	4552928#8	0
11933	Q0	1732601#1	0
11933	Q0	192401#16	0
11933	Q0	63739#18	0
11933	Q0	4906029#1	0
11933	Q0	192401#2	0
11934	Q0	236653#0	1
11934	Q0	1276320#0	0
11934	Q0	4664346#0	0
11934	Q0	3262802#0	0
11934	Q0	2799790#1	0
11934	Q0	236653#1	0
11934	Q0	1664461#0	0
11934	Q0	3711866#0	0
11934	Q0	1723480#0	0
11934	Q0	31284#0	0
11936	Q0	165033#34	1
11936	Q0	1975454#5	1
11936	Q0	9826#14	0
11936	Q0	1004932#0	0
11936	Q0	1747200#0	0
11936	Q0	850981#1	0
11936	Q0	1001741#2	0
11936	Q0	1271812#52	0
11936	Q0	1105564#19	0
11936	Q0	908542#1	0
11937	Q0	5065999#0	1
11937	Q0	2459523#10	1
11937	Q0	458214#39	1
11937	Q0	5065999#2	1
11937	Q0	4619445#0	1
11937	Q0	335466#23	0
11937	Q0	4384053#5	0
11937	Q0	205493#7	0
11937	Q0	6994#31	0
11937	Q0	458214#35	0
11938	Q0	194295#4	1
11938	Q0	1028314#161	1
11938	Q0	2737003#0	1
11938	Q0	36513#14	1
11938	Q0	1028314#159	1
11938	Q0	3136728#0	0
11938	Q0	1028314#160	0
11938	Q0	3580463#0	0
11938	Q0	12482#0	0
11938	Q0	79537#0	0
11939	Q0	3572#66	1
11939	Q0	29307#0	1
11939	Q0	4955624#0	1
11939	Q0	29307#1	1
11939	Q0	29307#13	0
11939	Q0	172522#5	0
11939	Q0	29307#12	0
11939	Q0	29307#2	0
11939	Q0	29307#5	0
11939	Q0	642117#1	0
11940	Q0	535106#6	1
11940	Q0	432812#1	0
11940	Q0	596971#0	0
11940	Q0	2533136#3	0
11940	Q0	1228286#1	0
11940	Q0	4677668#1	0
11940	Q0	3717138#0	0
11940	Q0	2533136#4	0
11940	Q0	511730#0	0
11940	Q0	1206793#0	0
11941	Q0	26755#0	1
11941	Q0	523808#0	0
11941	Q0	1595448#0	0
11941	Q0	26755#12	0
11941	Q0	1608546#10	0
11941	Q0	1608546#7	0
11941	Q0	954342#1	0
11941	Q0	937008#4	0
11941	Q0	3432802#1	0
11941	Q0	536082#0	0
11945	Q0	336790#22	1
11945	Q0	1831405#1	1
11945	Q0	12269#24	1
11945	Q0	336790#21	0
11945	Q0	1824263#0	0
11945	Q0	336790#6	0
11945	Q0	898177#7	0
11945	Q0	336790#2	0
11945	Q0	1662199#17	0
11945	Q0	336790#1	0
11946	Q0	5926#2	1
11946	Q0	5926#0	1
11946	Q0	1514#54	1
11946	Q0	5926#1	1
11946	Q0	5926#6	0
11946	Q0	5926#7	0
11946	Q0	5926#3	0
11946	Q0	141039#15	0
11946	Q0	823510#0	0
11946	Q0	5926#5	0
11947	Q0	10194#0	1
11947	Q0	10209#1	0
11947	Q0	10209#0	0
11947	Q0	145331#0	0
11947	Q0	4543849#4	0
11947	Q0	10209#11	0
11947	Q0	113231#4	0
11947	Q0	10205#0	0
11947	Q0	978650#0	0
11947	Q0	3100568#2	0
11950	Q0	426364#2	1
11950	Q0	1297482#0	1
11950	Q0	3269421#0	0
11950	Q0	14011#0	0
11950	Q0	4385735#0	0
11950	Q0	3899455#0	0
11950	Q0	1372#1	0
11950	Q0	262540#1	0
11950	Q0	36859#16	0
11950	Q0	1181#0	0
11951	Q0	198837#0	1
11951	Q0	1794830#0	0
11951	Q0	546423#1	0
11951	Q0	2967927#0	0
11951	Q0	12328#6	0
11951	Q0	4290246#0	0
11951	Q0	524458#0	0
11951	Q0	4296763#1	0
11951	Q0	64646#1	0
11951	Q0	882689#1	0
11953	Q0	347661#0	1
11953	Q0	347661#1	1
11953	Q0	347661#29	0
11953	Q0	347661#26	0
11953	Q0	347661#20	0
11953	Q0	347661#13	0
11953	Q0	347661#6	0
11953	Q0	1794899#3	0
11953	Q0	347661#18	0
11953	Q0	347661#24	0
11954	Q0	149586#1	1
11954	Q0	1414#0	0
11954	Q0	4915994#0	0
11954	Q0	4915994#1	0
11954	Q0	149586#0	0
11954	Q0	3779861#3	0
11954	Q0	537485#0	0
11954	Q0	1177394#0	0
11954	Q0	3079981#1	0
11954	Q0	164198#1	0
11955	Q0	87828#10	1
11955	Q0	355113#2	1
11955	Q0	87828#12	0
11955	Q0	46227#2	0
11955	Q0	4983920#6	0
11955	Q0	714049#20	0
11955	Q0	46227#1	0
11955	Q0	147655#21	0
11955	Q0	1670965#2	0
11955	Q0	134529#6	0
11956	Q0	939784#8	1
11956	Q0	939784#13	1
11956	Q0	1667277#1	1
11956	Q0	265812#30	1
11956	Q0	4270608#0	0
11956	Q0	5202182#0	0
11956	Q0	3069604#1	0
11956	Q0	5202182#1	0
11956	Q0	939784#1	0
11956	Q0	3069604#4	0
11956	Q0	939784#0	0
11958	Q0	945584#13	1
11958	Q0	945584#3	0
11958	Q0	945584#12	0
11958	Q0	945584#2	0
11958	Q0	945584#26	0
11958	Q0	945584#18	0
11958	Q0	945584#14	0
11958	Q0	945584#21	0
11958	Q0	945584#11	0
11958	Q0	945584#9	0
11959	Q0	102769#0	1
11959	Q0	2395130#10	0
11959	Q0	102769#1	0
11959	Q0	536926#1	0
11959	Q0	536912#0	0
11959	Q0	1658644#2	0
11959	Q0	536919#3	0
11959	Q0	536887#0	0
11959	Q0	536879#1	0
11959	Q0	2092014#1	0
11960	Q0	11324#0	1
11960	Q0	11324#1	1
11960	Q0	183509#0	0
11960	Q0	297443#0	0
11960	Q0	1901071#0	0
11960	Q0	357211#0	0
11960	Q0	3131768#0	0
11960	Q0	1420630#0	0
11960	Q0	391986#0	0
11960	Q0	5125124#1	0
11961	Q0	11315#80	1
11961	Q0	1719886#21	1
11961	Q0	4192#0	1
11961	Q0	1719886#22	0
11961	Q0	11315#81	0
11961	Q0	3711#26	0
11961	Q0	4192#1	0
11961	Q0	1719886#20	0
11961	Q0	11315#79	0
11961	Q0	462871#0	0
11962	Q0	21149#7	1
11962	Q0	21149#0	1
11962	Q0	2276383#2	1
11962	Q0	21149#13	0
11962	Q0	3341754#14	0
11962	Q0	2276383#10	0
11962	Q0	3357018#1	0
11962	Q0	1574#2	0
11962	Q0	2528688#5	0
11962	Q0	21149#11	0
11963	Q0	457317#0	1
11963	Q0	354071#2	0
11963	Q0	409189#16	0
11963	Q0	409189#11	0
11963	Q0	828232#0	0
11963	Q0	828306#2	0
11963	Q0	413450#7	0
11963	Q0	825590#0	0
11963	Q0	828118#0	0
11963	Q0	827622#0	0
11965	Q0	105137#0	1
11965	Q0	4374027#0	0
11965	Q0	889816#1	0
11965	Q0	3924745#2	0
11965	Q0	3126732#1	0
11965	Q0	3906682#0	0
11965	Q0	579715#1	0
11965	Q0	3741345#0	0
11965	Q0	480572#0	0
11965	Q0	135446#4	0
11967	Q0	17005#2	1
11967	Q0	17005#0	0
11967	Q0	17005#5	0
11967	Q0	17005#13	0
11967	Q0	17005#7	0
11967	Q0	17005#11	0
11967	Q0	1578254#0	0
11967	Q0	7023#0	0
11967	Q0	17005#3	0
11967	Q0	182252#0	0
11968	Q0	51536#0	1
11968	Q0	51536#5	0
11968	Q0	51536#8	0
11968	Q0	5196893#0	0
11968	Q0	3646034#0	0
11968	Q0	3433165#0	0
11968	Q0	51536#16	0
11968	Q0	51536#18	0
11968	Q0	923828#0	0
11968	Q0	51536#14	0
11969	Q0	1315343#0	1
11969	Q0	2440132#0	0
11969	Q0	3856138#19	0
11969	Q0	3343403#0	0
11969	Q0	5210314#0	0
11969	Q0	1531996#0	0
11969	Q0	5233824#1	0
11969	Q0	3436565#0	0
11969	Q0	5178859#0	0
11969	Q0	1691362#0	0
11970	Q0	3359215#0	1
11970	Q0	59553#0	1
11970	Q0	138348#1	1
11970	Q0	918456#3	0
11970	Q0	2268395#0	0
11970	Q0	2268370#0	0
11970	Q0	3359132#14	0
11970	Q0	3359215#17	0
11970	Q0	918456#0	0
11970	Q0	3183470#0	0
11972	Q0	3052867#0	1
11972	Q0	4606213#0	0
11972	Q0	612955#0	0
11972	Q0	1336204#0	0
11972	Q0	2428194#0	0
11972	Q0	2917974#0	0
11972	Q0	234565#0	0
11972	Q0	58753#0	0
11972	Q0	287001#0	0
11972	Q0	366664#0	0
11973	Q0	1782923#0	1
11973	Q0	1782923#5	0
11973	Q0	1782923#3	0
11973	Q0	1782923#4	0
11973	Q0	1782923#9	0
11973	Q0	1782923#1	0
11973	Q0	1782923#7	0
11973	Q0	1782923#8	0
11973	Q0	1782923#6	0
11973	Q0	1782923#2	0
11974	Q0	285738#3	1
11974	Q0	2865476#5	0
11974	Q0	481456#6	0
11974	Q0	1047206#5	0
11974	Q0	4909393#6	0
11974	Q0	9996#17	0
11974	Q0	1060224#15	0
11974	Q0	805113#9	0
11974	Q0	91958#8	0
11974	Q0	631594#3	0
11976	Q0	39989#0	1
11976	Q0	291340#20	0
11976	Q0	3836253#0	0
11976	Q0	291340#9	0
11976	Q0	3836253#2	0
11976	Q0	291340#4	0
11976	Q0	3574581#9	0
11976	Q0	291340#7	0
11976	Q0	291340#30	0
11976	Q0	3846266#0	0
11977	Q0	8483#17	1
11977	Q0	8483#16	0
11977	Q0	3895#37	0
11977	Q0	29185#8	0
11977	Q0	3863#81	0
11977	Q0	3877#16	0
11977	Q0	1957328#0	0
11977	Q0	953856#1	0
11977	Q0	583733#51	0
11977	Q0	117011#35	0
11978	Q0	462065#1	1
11978	Q0	415983#19	1
11978	Q0	17359#17	0
11978	Q0	448231#55	0
11978	Q0	58879#11	0
11978	Q0	5318#13	0
11978	Q0	147246#0	0
11978	Q0	916440#2	0
11978	Q0	622390#0	0
11978	Q0	2809275#7	0
11979	Q0	143778#0	1
11979	Q0	143778#6	0
11979	Q0	143778#1	0
11979	Q0	3525550#17	0
11979	Q0	38168#15	0
11979	Q0	143778#8	0
11979	Q0	143778#29	0
11979	Q0	143778#33	0
11979	Q0	2175789#0	0
11979	Q0	55199#6	0
11981	Q0	1485052#15	1
11981	Q0	2584267#0	1
11981	Q0	2586553#0	1
11981	Q0	2584267#1	1
11981	Q0	5061030#5	0
11981	Q0	4248435#0	0
11981	Q0	17728#4	0
11981	Q0	2586336#0	0
11981	Q0	4138542#2	0
11981	Q0	3778398#22	0
11983	Q0	6060#0	1
11983	Q0	6060#4	1
11983	Q0	120220#21	1
11983	Q0	6060#2	1
11983	Q0	6060#16	0
11983	Q0	625881#0	0
11983	Q0	3297624#0	0
11983	Q0	6060#3	0
11983	Q0	6060#7	0
11983	Q0	6060#9	0
11985	Q0	875880#0	1
11985	Q0	3791438#0	0
11985	Q0	627058#0	0
11985	Q0	1518548#0	0
11985	Q0	580614#7	0
11985	Q0	3811900#0	0
11985	Q0	1496052#0	0
11985	Q0	3214045#1	0
11985	Q0	2290011#2	0
11985	Q0	284122#2	0
11986	Q0	43846#5	1
11986	Q0	1569#18	0
11986	Q0	3572#4	0
11986	Q0	777620#73	0
11986	Q0	3572#60	0
11986	Q0	1091440#0	0
11986	Q0	3572#35	0
11986	Q0	1569#0	0
11986	Q0	3572#61	0
11986	Q0	3572#1	0
11990	Q0	331856#0	1
11990	Q0	2933865#0	0
11990	Q0	19909#37	0
11990	Q0	1664486#3	0
11990	Q0	1773#0	0
11990	Q0	2443200#0	0
11990	Q0	2705435#0	0
11990	Q0	479846#0	0
11990	Q0	3260492#0	0
11990	Q0	4213165#0	0
11991	Q0	23974#0	1
11991	Q0	443249#1	0
11991	Q0	4542908#0	0
11991	Q0	23974#5	0
11991	Q0	86438#0	0
11991	Q0	23974#14	0
11991	Q0	3012761#0	0
11991	Q0	2729541#0	0
11991	Q0	23974#2	0
11991	Q0	3560687#1	0
11995	Q0	182672#0	1
11995	Q0	1584779#0	0
11995	Q0	1197391#0	0
11995	Q0	4542911#0	0
11995	Q0	1868427#0	0
11995	Q0	2317512#0	0
11995	Q0	1759043#1	0
11995	Q0	1868691#0	0
11995	Q0	83060#15	0
11995	Q0	675723#82	0
11998	Q0	40283#0	1
11998	Q0	916663#4	0
11998	Q0	514250#6	0
11998	Q0	2292389#1	0
11998	Q0	931604#3	0
11998	Q0	41044#3	0
11998	Q0	1768231#0	0
11998	Q0	20286#4	0
11998	Q0	41044#0	0
11998	Q0	2890387#0	0
12003	Q0	3205452#3	1
12003	Q0	3205452#4	0
12003	Q0	227386#0	0
12003	Q0	3205452#0	0
12003	Q0	4757261#32	0
12003	Q0	400490#121	0
12003	Q0	3205452#6	0
12003	Q0	1427681#0	0
12003	Q0	2456537#9	0
12003	Q0	3522484#0	0
12004	Q0	1667476#0	1
12004	Q0	592105#0	0
12004	Q0	4479052#0	0
12004	Q0	2160195#5	0
12004	Q0	2121418#0	0
12004	Q0	1562138#0	0
12004	Q0	3047224#0	0
12004	Q0	1610871#0	0
12004	Q0	516293#0	0
12004	Q0	237350#15	0
12005	Q0	57610#0	1
12005	Q0	184167#18	1
12005	Q0	2283166#182	1
12005	Q0	1703276#0	0
12005	Q0	1714938#0	0
12005	Q0	561029#20	0
12005	Q0	1474868#0	0
12005	Q0	1214519#1	0
12005	Q0	184167#31	0
12005	Q0	57499#6	0
12008	Q0	6568#33	1
12008	Q0	6568#34	0
12010	Q0	24360#0	1
12010	Q0	47574#0	0
12010	Q0	2219038#0	0
12010	Q0	843504#0	0
12010	Q0	1862008#0	0
12010	Q0	4943418#0	0
12010	Q0	2472569#6	0
12010	Q0	3275358#0	0
12010	Q0	400875#14	0
12010	Q0	5221884#0	0
12013	Q0	2911171#0	1
12013	Q0	1134221#0	0
12013	Q0	4878224#37	0
12013	Q0	18398#142	0
12013	Q0	1569089#1	0
12013	Q0	343751#0	0
12013	Q0	1758188#0	0
12013	Q0	247197#6	0
12013	Q0	679890#4	0
12016	Q0	48866#49	1
12016	Q0	48866#6	1
12016	Q0	1723570#0	1
12016	Q0	48866#0	0
12016	Q0	48866#68	0
12016	Q0	5204366#0	0
12016	Q0	48866#10	0
12016	Q0	48866#13	0
12016	Q0	48866#25	0
12016	Q0	48866#53	0
12016	Q0	48866#59	0
12018	Q0	349220#1	1
12018	Q0	349220#2	0
12018	Q0	4993157#1	0
12018	Q0	3183288#0	0
12018	Q0	349220#10	0
12018	Q0	4422329#1	0
12018	Q0	2518557#1	0
12018	Q0	1672841#0	0
12018	Q0	5151342#0	0
12018	Q0	3920387#0	0
12019	Q0	4729700#2	1
12019	Q0	4692440#0	1
12019	Q0	555182#0	0
12019	Q0	293850#0	0
12019	Q0	1297428#3	0
12019	Q0	316786#1	0
12019	Q0	1466647#6	0
12019	Q0	3518547#2	0
12019	Q0	1471168#0	0
12019	Q0	1471168#2	0
12020	Q0	482812#0	1
12020	Q0	841784#2	0
12020	Q0	910762#3	0
12020	Q0	717038#55	0
12020	Q0	2362074#6	0
12020	Q0	1282288#4	0
12020	Q0	1414017#10	0
12020	Q0	27465#42	0
12020	Q0	717038#51	0
12020	Q0	1286209#17	0
12021	Q0	13255#2	1
12021	Q0	3778411#44	0
12021	Q0	4929877#1	0
12021	Q0	3778411#75	0
12021	Q0	3778411#12	0
12021	Q0	13255#1	0
12021	Q0	3778411#74	0
12021	Q0	3778411#18	0
12021	Q0	3778411#51	0
12021	Q0	3778411#22	0
12023	Q0	80636#0	1
12023	Q0	80636#3	1
12023	Q0	1175952#13	1
12023	Q0	13483#0	0
12023	Q0	3364168#0	0
12023	Q0	2943238#1	0
12023	Q0	4000151#0	0
12023	Q0	80636#6	0
12023	Q0	1306489#5	0
12023	Q0	536000#0	0
12024	Q0	359051#0	1
12024	Q0	59969#1	0
12024	Q0	2078328#4	0
12024	Q0	2829316#1	0
12024	Q0	3242263#1	0
12024	Q0	59969#4	0
12024	Q0	59969#3	0
12024	Q0	5125484#1	0
12024	Q0	5138018#2	0
12024	Q0	321716#6	0
12025	Q0	63103#2	1
12025	Q0	63103#44	0
12025	Q0	63103#1	0
12025	Q0	255507#2	0
12025	Q0	63103#29	0
12025	Q0	4138202#1	0
12025	Q0	63103#3	0
12025	Q0	255507#1	0
12025	Q0	3987023#0	0
12025	Q0	3218791#1	0
12026	Q0	258507#2	1
12026	Q0	1729370#0	0
12026	Q0	1838139#0	0
12026	Q0	1500307#4	0
12026	Q0	3465295#0	0
12026	Q0	5212601#0	0
12026	Q0	258507#0	0
12026	Q0	1729370#8	0
12026	Q0	3769098#0	0
12026	Q0	4375631#0	0
12027	Q0	83428#0	1
12027	Q0	83428#3	1
12027	Q0	83428#9	0
12027	Q0	3303260#0	0
12027	Q0	3159005#0	0
12027	Q0	83428#15	0
12027	Q0	631751#0	0
12027	Q0	2433567#0	0
12027	Q0	83428#8	0
12027	Q0	83428#20	0
12028	Q0	889490#0	1
12028	Q0	143744#0	0
12028	Q0	889490#2	0
12028	Q0	4215273#0	0
12028	Q0	889490#1	0
12028	Q0	515424#0	0
12028	Q0	1957342#0	0
12028	Q0	156508#1	0
12028	Q0	922315#0	0
12028	Q0	1957101#0	0
12029	Q0	1390#4	1
12029	Q0	1390#0	1
12029	Q0	37512#0	1
12029	Q0	2900049#0	0
12029	Q0	1100690#0	0
12029	Q0	37507#0	0
12029	Q0	1841322#0	0
12029	Q0	1390#6	0
12029	Q0	1032872#0	0
12029	Q0	896404#0	0
12031	Q0	8622#0	1
12031	Q0	8622#2	0
12031	Q0	8622#7	0
12031	Q0	8622#1	0
12031	Q0	2188834#2	0
12031	Q0	2103#6	0
12031	Q0	3987#4	0
12031	Q0	2103#5	0
12031	Q0	2103#7	0
12031	Q0	1698695#7	0
12032	Q0	801929#0	1
12032	Q0	44594#15	1
12032	Q0	3014#17	0
12032	Q0	3014#0	0
12032	Q0	2449112#22	0
12032	Q0	2449112#24	0
12032	Q0	2653286#2	0
12032	Q0	1088055#0	0
12032	Q0	2359552#1	0
12032	Q0	3014#8	0
12033	Q0	586704#46	1
12033	Q0	4953566#0	0
12033	Q0	586704#26	0
12033	Q0	586704#13	0
12033	Q0	586704#31	0
12033	Q0	3025255#0	0
12033	Q0	586704#38	0
12033	Q0	586704#17	0
12033	Q0	1687968#2	0
12033	Q0	4144760#0	0
12035	Q0	264648#0	1
12035	Q0	264648#1	1
12035	Q0	299752#13	0
12035	Q0	938178#8	0
12035	Q0	264648#4	0
12035	Q0	289154#0	0
12035	Q0	495552#15	0
12035	Q0	299752#56	0
12035	Q0	25052#0	0
12035	Q0	3519565#72	0
12038	Q0	59950#1	1
12038	Q0	1108175#55	1
12038	Q0	59950#6	0
12038	Q0	59950#4	0
12038	Q0	59950#0	0
12038	Q0	59950#2	0
12038	Q0	59950#5	0
12038	Q0	745534#0	0
12038	Q0	59950#3	0
12038	Q0	562089#0	0
12040	Q0	523653#0	1
12040	Q0	523653#7	0
12040	Q0	523653#4	0
12040	Q0	45937#0	0
12040	Q0	1540798#0	0
12040	Q0	45937#20	0
12040	Q0	98634#8	0
12040	Q0	523653#5	0
12040	Q0	45937#9	0
12040	Q0	523653#2	0
12042	Q0	35653#0	1
12042	Q0	176522#4	0
12042	Q0	35653#1	0
12042	Q0	1173201#1	0
12042	Q0	279451#0	0
12042	Q0	546497#13	0
12042	Q0	1035090#0	0
12042	Q0	276507#1	0
12042	Q0	280972#0	0
12042	Q0	1267154#0	0
12043	Q0	217269#0	1
12043	Q0	898628#4	1
12043	Q0	217269#17	1
12043	Q0	217269#3	0
12043	Q0	898628#1	0
12043	Q0	898628#6	0
12043	Q0	176849#0	0
12043	Q0	217269#6	0
12043	Q0	898628#0	0
12043	Q0	460678#0	0
12045	Q0	1569080#0	1
12045	Q0	340838#2	0
12045	Q0	1112828#0	0
12045	Q0	1114911#0	0
12045	Q0	1114878#0	0
12045	Q0	187029#45	0
12045	Q0	1580633#0	0
12045	Q0	1094996#0	0
12045	Q0	1112247#0	0
12045	Q0	1577676#0	0
12047	Q0	92702#0	1
12047	Q0	92702#1	0
12047	Q0	92702#23	0
12047	Q0	92702#16	0
12047	Q0	1149306#0	0
12047	Q0	1656296#0	0
12047	Q0	879167#0	0
12047	Q0	39325#0	0
12047	Q0	5139271#0	0
12047	Q0	717108#0	0
12048	Q0	66083#0	1
12048	Q0	1049235#5	1
12048	Q0	1741872#0	0
12048	Q0	2281924#1	0
12048	Q0	1741872#3	0
12048	Q0	442020#3	0
12048	Q0	4922618#0	0
12048	Q0	3529162#0	0
12048	Q0	66083#7	0
12048	Q0	3274846#0	0
12049	Q0	803334#0	1
12049	Q0	1691583#1	0
12049	Q0	102122#1	0
12049	Q0	1691583#6	0
12049	Q0	803334#2	0
12049	Q0	139201#11	0
12049	Q0	1691583#0	0
12049	Q0	234190#1	0
12049	Q0	360868#1	0
12049	Q0	2012261#0	0
12053	Q0	3554436#13	1
12053	Q0	50504#25	1
12053	Q0	22572#12	1
12053	Q0	3120891#7	0
12053	Q0	22572#6	0
12053	Q0	1056359#2	0
12053	Q0	268528#0	0
12053	Q0	50504#1	0
12053	Q0	1303285#0	0
12053	Q0	939830#3	0
12053	Q0	50504#14	0
12056	Q0	3906#0	1
12056	Q0	2657992#3	1
12056	Q0	16908#0	1
12056	Q0	193713#0	0
12056	Q0	1276573#0	0
12056	Q0	1823717#15	0
12056	Q0	9127#8	0
12056	Q0	2201510#3	0
12056	Q0	892917#0	0
12056	Q0	2993021#3	0
12058	Q0	514322#2	1
12058	Q0	12052#1	1
12058	Q0	12052#0	1
12058	Q0	2275263#0	0
12058	Q0	1836649#41	0
12058	Q0	1820399#26	0
12058	Q0	707925#19	0
12058	Q0	592370#37	0
12058	Q0	2214725#0	0
12058	Q0	2282214#1	0
12059	Q0	1382#0	1
12059	Q0	1262875#0	1
12059	Q0	50462#1	0
12059	Q0	4663892#0	0
12059	Q0	78047#0	0
12059	Q0	193572#0	0
12059	Q0	78044#0	0
12059	Q0	2452187#0	0
12059	Q0	126252#0	0
12059	Q0	3537137#0	0
12060	Q0	148228#0	1
12060	Q0	347988#5	1
12060	Q0	148228#5	0
12060	Q0	1706688#0	0
12060	Q0	190117#0	0
12060	Q0	4934530#0	0
12060	Q0	148228#2	0
12060	Q0	148228#3	0
12060	Q0	4528151#0	0
12060	Q0	148228#16	0
12061	Q0	4644188#2	1
12061	Q0	4619191#0	0
12061	Q0	57822#20	0
12061	Q0	2930060#0	0
12061	Q0	5215726#1	0
12061	Q0	2944173#25	0
12061	Q0	5213684#14	0
12061	Q0	4428402#1	0
12061	Q0	5126939#2	0
12061	Q0	4969008#0	0
12062	Q0	1674721#0	1
12062	Q0	224171#16	1
12062	Q0	168923#1	1
12062	Q0	3252971#0	1
12062	Q0	1806158#0	0
12062	Q0	1674721#1	0
12062	Q0	224171#3	0
12062	Q0	731550#1	0
12062	Q0	224171#25	0
12062	Q0	1681659#0	0
12064	Q0	2100903#0	1
12064	Q0	2100903#2	0
12064	Q0	3351655#0	0
12064	Q0	2100903#7	0
12064	Q0	5125570#0	0
12064	Q0	3453354#0	0
12064	Q0	3439133#0	0
12064	Q0	803843#0	0
12064	Q0	4717358#0	0
12064	Q0	3288134#0	0
12067	Q0	7229#0	1
12067	Q0	1828305#5	1
12067	Q0	7229#3	0
12067	Q0	1418115#0	0
12067	Q0	2775240#0	0
12067	Q0	2969397#0	0
12067	Q0	7229#20	0
12067	Q0	226701#1	0
12067	Q0	336252#24	0
12067	Q0	2775240#1	0
12068	Q0	42474#0	1
12068	Q0	1707921#7	1
12068	Q0	849979#0	0
12068	Q0	1707921#15	0
12068	Q0	42474#43	0
12068	Q0	42570#8	0
12068	Q0	1707921#0	0
12068	Q0	1919162#0	0
12068	Q0	1537948#0	0
12068	Q0	3523876#2	0
12069	Q0	31035#0	1
12069	Q0	31035#1	0
12069	Q0	1465525#1	0
12069	Q0	1678077#0	0
12069	Q0	2003160#3	0
12069	Q0	1233846#1	0
12069	Q0	31035#41	0
12069	Q0	1574360#0	0
12069	Q0	31035#14	0
12069	Q0	1677974#0	0
12070	Q0	1470704#2	1
12070	Q0	1470704#11	1
12070	Q0	1470704#12	0
12070	Q0	1470704#13	0
12070	Q0	1470704#0	0
12070	Q0	1470704#18	0
12070	Q0	1470704#8	0
12070	Q0	1470704#6	0
12070	Q0	1470704#5	0
12070	Q0	900674#1	0
12071	Q0	118401#1	1
12071	Q0	118467#4	0
12071	Q0	3220133#3	0
12071	Q0	5230721#2	0
12071	Q0	4542547#11	0
12071	Q0	6488#32	0
12071	Q0	45502#4	0
12071	Q0	30606#19	0
12071	Q0	118467#0	0
12071	Q0	30606#10	0
12072	Q0	7074#1	1
12072	Q0	1748594#0	0
12072	Q0	57761#2	0
12072	Q0	634660#1	0
12072	Q0	4285896#1	0
12072	Q0	3208355#7	0
12072	Q0	3173734#7	0
12072	Q0	3173734#0	0
12072	Q0	7074#12	0
12072	Q0	3651107#7	0
12074	Q0	390236#0	1
12074	Q0	1943472#0	0
12074	Q0	1891316#0	0
12074	Q0	4445053#0	0
12074	Q0	661521#1	0
12074	Q0	599920#0	0
12074	Q0	902701#0	0
12074	Q0	4950905#0	0
12074	Q0	2696053#3	0
12074	Q0	874448#0	0
12077	Q0	3094342#0	1
12077	Q0	3094342#1	0
12077	Q0	2839883#0	0
12077	Q0	526935#1	0
12077	Q0	2172284#1	0
12077	Q0	122650#0	0
12077	Q0	491427#0	0
12077	Q0	3091834#1	0
12077	Q0	2182510#0	0
12077	Q0	1600377#1	0
12079	Q0	1267680#6	1
12079	Q0	1267628#4	1
12079	Q0	24175#65	1
12079	Q0	231568#1	1
12079	Q0	231568#0	1
12079	Q0	1225500#0	1
12079	Q0	231568#6	0
12079	Q0	91966#11	0
12079	Q0	231568#33	0
12079	Q0	3058609#0	0
12079	Q0	231568#29	0
12079	Q0	1225500#3	0
12079	Q0	1225500#7	0
12079	Q0	1225500#19	0
12079	Q0	1225500#9	0
12079	Q0	1225500#8	0
12079	Q0	1225500#13	0
12079	Q0	1225500#15	0
12081	Q0	434001#0	1
12081	Q0	436983#1	1
12081	Q0	434001#5	1
12081	Q0	436983#0	1
12081	Q0	322594#11	1
12081	Q0	1473488#1	0
12081	Q0	2795644#0	0
12081	Q0	433958#4	0
12081	Q0	3647913#0	0
12081	Q0	2550503#1	0
12083	Q0	384903#0	1
12083	Q0	2868#1	1
12083	Q0	2868#50	1
12083	Q0	2979467#1	0
12083	Q0	34059#0	0
12083	Q0	2979467#2	0
12083	Q0	1512280#0	0
12083	Q0	1327361#0	0
12083	Q0	1143069#2	0
12083	Q0	4072090#3	0
12084	Q0	807133#5	1
12084	Q0	807133#7	1
12084	Q0	332833#0	0
12084	Q0	4680#6	0
12084	Q0	1677936#0	0
12084	Q0	2373935#0	0
12084	Q0	3407436#0	0
12084	Q0	4680#7	0
12084	Q0	45378#3	0
12084	Q0	44431#0	0
12085	Q0	63103#2	1
12085	Q0	63103#1	1
12085	Q0	1389#26	1
12085	Q0	63103#44	0
12085	Q0	63103#20	0
12085	Q0	63103#29	0
12085	Q0	63103#56	0
12085	Q0	63103#3	0
12085	Q0	2280210#0	0
12085	Q0	63103#9	0
12086	Q0	1034657#0	1
12086	Q0	992442#0	0
12086	Q0	1443069#0	0
12086	Q0	1001785#6	0
12086	Q0	117925#33	0
12086	Q0	133615#19	0
12086	Q0	992442#47	0
12086	Q0	1784928#1	0
12086	Q0	992774#9	0
12086	Q0	992442#33	0
12087	Q0	273701#7	1
12087	Q0	36676#1	0
12087	Q0	36676#0	0
12087	Q0	848401#0	0
12087	Q0	1520352#0	0
12087	Q0	49431#0	0
12087	Q0	473124#0	0
12087	Q0	2191896#0	0
12087	Q0	1221111#0	0
12087	Q0	4819034#1	0
12088	Q0	1430#2	1
12088	Q0	1430#0	1
12088	Q0	2979231#0	0
12088	Q0	1572432#0	0
12088	Q0	4339567#2	0
12088	Q0	1303384#0	0
12088	Q0	4946489#0	0
12088	Q0	561372#1	0
12088	Q0	1095334#1	0
12088	Q0	44252#1	0
12089	Q0	135337#0	1
12089	Q0	135337#1	0
12089	Q0	3124167#8	0
12089	Q0	905207#48	0
12089	Q0	128716#25	0
12089	Q0	4338639#26	0
12089	Q0	4606172#4	0
12089	Q0	347309#2	0
12089	Q0	905207#37	0
12089	Q0	1498984#7	0
12091	Q0	603846#0	1
12091	Q0	1946616#0	0
12091	Q0	1490503#0	0
12091	Q0	4059190#2	0
12091	Q0	1632986#37	0
12091	Q0	916499#0	0
12091	Q0	1674863#1	0
12091	Q0	4125037#0	0
12091	Q0	4059190#0	0
12091	Q0	3430266#0	0
12092	Q0	56622#5	1
12092	Q0	56622#0	1
12092	Q0	56622#28	0
12092	Q0	56622#11	0
12092	Q0	56622#22	0
12092	Q0	1842134#1	0
12092	Q0	1155118#0	0
12092	Q0	4234631#0	0
12092	Q0	531105#0	0
12092	Q0	104446#0	0
12093	Q0	35257#6	1
12093	Q0	3086168#1	1
12093	Q0	3086342#1	1
12093	Q0	35257#0	1
12093	Q0	1679826#7	0
12093	Q0	59553#4	0
12093	Q0	5219280#4	0
12093	Q0	580229#4	0
12093	Q0	68924#2	0
12093	Q0	35257#8	0
12095	Q0	126463#0	1
12095	Q0	576237#2	1
12095	Q0	1386855#49	0
12095	Q0	1184270#0	0
12095	Q0	4724721#0	0
12095	Q0	2171252#0	0
12095	Q0	3066549#0	0
12095	Q0	634091#0	0
12095	Q0	1038908#0	0
12095	Q0	500858#0	0
12096	Q0	36396#0	1
12096	Q0	621155#0	0
12096	Q0	2737102#2	0
12096	Q0	621155#1	0
12096	Q0	2737102#1	0
12096	Q0	621155#3	0
12096	Q0	88539#2	0
12096	Q0	863393#29	0
12096	Q0	705816#1	0
12096	Q0	3535212#0	0
12097	Q0	45926#1	1
12097	Q0	45926#0	1
12097	Q0	45926#2	0
12097	Q0	1275164#3	0
12097	Q0	45926#8	0
12097	Q0	68607#0	0
12097	Q0	323084#1	0
12097	Q0	23259#0	0
12097	Q0	4211698#1	0
12097	Q0	23259#1	0
12099	Q0	5905#0	1
12099	Q0	3676#53	1
12099	Q0	5905#13	1
12099	Q0	3771706#1	1
12099	Q0	3763030#4	0
12099	Q0	186163#9	0
12099	Q0	40301#0	0
12099	Q0	3771169#21	0
12099	Q0	2486#13	0
12099	Q0	186163#8	0
12100	Q0	3109223#0	1
12100	Q0	3676723#97	0
12100	Q0	140084#29	0
12100	Q0	3648137#12	0
12100	Q0	3109223#10	0
12100	Q0	770230#5	0
12100	Q0	3648213#45	0
12100	Q0	805379#0	0
12100	Q0	3648137#151	0
12100	Q0	3695929#115	0
12101	Q0	6616#24	1
12101	Q0	58971#2	0
12101	Q0	1009735#1	0
12101	Q0	141032#16	0
12101	Q0	198404#0	0
12101	Q0	70880#0	0
12101	Q0	31674#12	0
12101	Q0	394236#0	0
12101	Q0	4320405#1	0
12101	Q0	1861583#12	0
12102	Q0	266878#11	1
12102	Q0	266878#41	1
12102	Q0	266878#23	1
12102	Q0	266878#9	1
12102	Q0	266878#0	1
12102	Q0	266878#31	0
12102	Q0	2750119#0	0
12102	Q0	330602#18	0
12102	Q0	266878#19	0
12102	Q0	1049732#3	0
12103	Q0	3771912#1	1
12103	Q0	889850#0	1
12103	Q0	861723#1	1
12103	Q0	2638#12	1
12103	Q0	1148529#0	0
12103	Q0	631528#0	0
12103	Q0	950503#6	0
12103	Q0	889850#1	0
12103	Q0	1132801#0	0
12103	Q0	1132801#1	0
12105	Q0	238592#4	1
12105	Q0	3340533#0	0
12105	Q0	3686115#0	0
12105	Q0	238592#0	0
12105	Q0	1532007#1	0
12105	Q0	3031797#0	0
12105	Q0	3673870#0	0
12105	Q0	4243400#0	0
12105	Q0	4916004#0	0
12105	Q0	822555#0	0
12106	Q0	11861#0	1
12106	Q0	592370#24	0
12106	Q0	4997686#0	0
12106	Q0	426057#8	0
12106	Q0	1650752#6	0
12106	Q0	19938#6	0
12106	Q0	1486618#3	0
12106	Q0	460730#54	0
12106	Q0	2542540#12	0
12106	Q0	294625#34	0
12107	Q0	30326#0	1
12107	Q0	1544317#3	0
12107	Q0	30326#3	0
12107	Q0	1168743#3	0
12107	Q0	1569073#0	0
12107	Q0	140676#0	0
12107	Q0	2009583#0	0
12107	Q0	210018#3	0
12107	Q0	465007#0	0
12107	Q0	767873#5	0
12108	Q0	1302712#0	1
12108	Q0	1302691#0	0
12108	Q0	1302712#5	0
12108	Q0	38519#4	0
12108	Q0	5202545#15	0
12108	Q0	1302712#3	0
12108	Q0	48438#5	0
12108	Q0	38519#24	0
12108	Q0	1306370#17	0
12108	Q0	1046518#7	0
12109	Q0	1752500#3	1
12109	Q0	992442#33	0
12109	Q0	970812#24	0
12109	Q0	41234#0	0
12109	Q0	2883580#0	0
12109	Q0	41377#6	0
12109	Q0	1662199#17	0
12109	Q0	10515#11	0
12109	Q0	1433065#0	0
12109	Q0	41377#79	0
12110	Q0	540094#0	1
12110	Q0	540094#13	0
12110	Q0	540094#26	0
12110	Q0	540094#16	0
12110	Q0	540094#15	0
12110	Q0	540094#8	0
12110	Q0	540094#14	0
12110	Q0	540094#28	0
12110	Q0	1053154#0	0
12110	Q0	4904759#0	0
12111	Q0	1840619#1	1
12111	Q0	2014312#0	1
12111	Q0	2889414#0	0
12111	Q0	1733046#26	0
12111	Q0	1733046#27	0
12111	Q0	4275438#1	0
12111	Q0	1803887#3	0
12111	Q0	1803887#2	0
12111	Q0	1803887#0	0
12111	Q0	1733046#29	0
12112	Q0	3895#48	1
12112	Q0	1814338#7	0
12112	Q0	2934827#4	0
12112	Q0	652136#1	0
12112	Q0	2934827#18	0
12112	Q0	409103#80	0
12112	Q0	3451460#14	0
12112	Q0	139827#93	0
12112	Q0	3924823#12	0
12112	Q0	1229296#0	0
12113	Q0	2833606#3	1
12113	Q0	5148283#0	0
12113	Q0	5148283#2	0
12113	Q0	17365#1	0
12113	Q0	1737508#6	0
12113	Q0	756232#0	0
12113	Q0	17365#2	0
12113	Q0	1305438#0	0
12113	Q0	131531#6	0
12113	Q0	2106622#0	0
12115	Q0	994093#0	1
12115	Q0	1696165#1	0
12115	Q0	606974#0	0
12115	Q0	1531326#1	0
12115	Q0	3248961#4	0
12115	Q0	2081209#12	0
12115	Q0	3013#18	0
12115	Q0	994093#1	0
12115	Q0	1827742#0	0
12115	Q0	94626#7	0
12117	Q0	402561#0	1
12117	Q0	402561#1	1
12117	Q0	157295#2	0
12117	Q0	16559#2	0
12117	Q0	4215446#0	0
12117	Q0	1957048#0	0
12117	Q0	1990397#0	0
12117	Q0	2164056#0	0
12117	Q0	1972333#0	0
12117	Q0	1923155#0	0
12119	Q0	3878297#1	1
12119	Q0	3878297#2	1
12119	Q0	24813#0	0
12119	Q0	24813#11	0
12119	Q0	24813#3	0
12119	Q0	1174936#2	0
12119	Q0	51697#0	0
12119	Q0	1688075#5	0
12119	Q0	24813#2	0
12119	Q0	3778396#29	0
12121	Q0	501829#0	1
12121	Q0	501829#1	0
12121	Q0	11609#26	0
12121	Q0	4606651#0	0
12121	Q0	510062#0	0
12121	Q0	162299#0	0
12121	Q0	114783#0	0
12121	Q0	666955#1	0
12121	Q0	537442#22	0
12121	Q0	23979#0	0
12121	Q0	501829#2	0
12122	Q0	544090#3	1
12122	Q0	544090#6	1
12122	Q0	544090#0	1
12122	Q0	544090#2	1
12122	Q0	1227089#2	0
12122	Q0	257352#52	0
12122	Q0	3573208#1	0
12122	Q0	1532261#2	0
12122	Q0	769890#12	0
12122	Q0	1652436#1	0
12123	Q0	94007#4	1
12123	Q0	2728#5	1
12123	Q0	62203#7	1
12123	Q0	300479#50	0
12123	Q0	11068#0	0
12123	Q0	4983536#0	0
12123	Q0	11068#57	0
12123	Q0	11068#11	0
12123	Q0	12155#2	0
12123	Q0	958716#5	0
12124	Q0	35488#0	1
12124	Q0	4915#11	1
12124	Q0	2532530#0	0
12124	Q0	35488#12	0
12124	Q0	35488#1	0
12124	Q0	35488#4	0
12124	Q0	35488#2	0
12124	Q0	35488#5	0
12124	Q0	25090#0	0
12124	Q0	35488#15	0
12125	Q0	731769#14	1
12125	Q0	315575#14	0
12125	Q0	731769#0	0
12125	Q0	1308890#9	0
12125	Q0	1270443#18	0
12125	Q0	731769#25	0
12125	Q0	731769#21	0
12125	Q0	2457#7	0
12125	Q0	38467#8	0
12125	Q0	731769#22	0
12126	Q0	23682#7	1
12126	Q0	23682#0	1
12126	Q0	23682#4	0
12126	Q0	23682#6	0
12126	Q0	808151#5	0
12126	Q0	20613#36	0
12126	Q0	23682#8	0
12126	Q0	2550745#3	0
12126	Q0	616076#4	0
12126	Q0	23682#11	0
12127	Q0	3461#2	1
12127	Q0	1492206#1	1
12127	Q0	3461#0	1
12127	Q0	3461#1	0
12127	Q0	1492206#2	0
12127	Q0	1454723#3	0
12127	Q0	142452#0	0
12127	Q0	1457513#3	0
12127	Q0	142560#6	0
12127	Q0	1492206#3	0
12130	Q0	7591#55	1
12130	Q0	3358711#3	1
12130	Q0	1528020#20	0
12130	Q0	1528020#13	0
12130	Q0	1799410#0	0
12130	Q0	4475939#26	0
12130	Q0	1639004#4	0
12130	Q0	4615577#2	0
12130	Q0	2103305#0	0
12130	Q0	2103305#1	0
12131	Q0	120149#1	1
12131	Q0	4309160#4	1
12131	Q0	120149#2	0
12131	Q0	3187887#0	0
12131	Q0	120149#3	0
12131	Q0	4910372#0	0
12131	Q0	1888703#0	0
12131	Q0	2181555#0	0
12131	Q0	3695865#14	0
12131	Q0	1158663#3	0
12132	Q0	1453813#4	1
12132	Q0	18113#6	1
12132	Q0	1453813#3	0
12132	Q0	1453813#2	0
12132	Q0	2377792#0	0
12132	Q0	2377801#0	0
12132	Q0	574840#0	0
12132	Q0	210360#0	0
12132	Q0	18113#2	0
12132	Q0	18113#4	0
12133	Q0	1782534#0	1
12133	Q0	1636679#6	1
12133	Q0	32977#3	0
12133	Q0	2354241#1	0
12133	Q0	2931837#3	0
12133	Q0	3306609#0	0
12133	Q0	1979#19	0
12133	Q0	1349269#2	0
12133	Q0	2983732#0	0
12133	Q0	1770355#1	0
12134	Q0	61381#0	1
12134	Q0	610766#0	1
12134	Q0	209262#0	0
12134	Q0	61381#4	0
12134	Q0	2539135#0	0
12134	Q0	61381#62	0
12134	Q0	61381#77	0
12134	Q0	4292527#0	0
12134	Q0	2274869#2	0
12134	Q0	1478261#8	0
12135	Q0	62031#0	1
12135	Q0	62031#12	0
12135	Q0	255553#1	0
12135	Q0	62031#10	0
12135	Q0	62031#53	0
12135	Q0	62031#5	0
12135	Q0	62031#11	0
12135	Q0	62031#16	0
12135	Q0	62031#17	0
12135	Q0	62031#22	0
12136	Q0	1305077#10	1
12136	Q0	2976782#5	1
12136	Q0	1115057#0	1
12136	Q0	2416848#10	1
12136	Q0	1115057#8	0
12136	Q0	3059790#0	0
12136	Q0	1088482#4	0
12136	Q0	1115057#2	0
12136	Q0	1088482#0	0
12136	Q0	2416848#5	0
12137	Q0	5157#1	1
12137	Q0	5030#8	0
12137	Q0	1734371#0	0
12137	Q0	652678#0	0
12137	Q0	5155#0	0
12137	Q0	3120993#0	0
12137	Q0	2803239#1	0
12137	Q0	12137#20	0
12137	Q0	2487070#0	0
12137	Q0	940004#0	0
12140	Q0	4757261#249	1
12140	Q0	1216#12	1
12140	Q0	1216#2	1
12140	Q0	1216#21	0
12140	Q0	1216#11	0
12140	Q0	3262019#4	0
12140	Q0	3649773#6	0
12140	Q0	1216#25	0
12140	Q0	1868#64	0
12140	Q0	3889#37	0
12141	Q0	3185476#0	1
12141	Q0	363441#1	0
12141	Q0	1251088#36	0
12141	Q0	20929#1	0
12141	Q0	1676996#1	0
12141	Q0	330307#1	0
12141	Q0	1072413#12	0
12141	Q0	1190448#30	0
12141	Q0	944042#1	0
12141	Q0	4946329#0	0
12142	Q0	2299#0	1
12142	Q0	2299#3	1
12142	Q0	2299#21	0
12142	Q0	5225460#3	0
12142	Q0	2299#10	0
12142	Q0	2299#34	0
12142	Q0	2299#50	0
12142	Q0	2299#42	0
12142	Q0	2299#51	0
12142	Q0	5064371#1	0
12143	Q0	16453#0	1
12143	Q0	659475#0	1
12143	Q0	336988#6	1
12143	Q0	16453#3	1
12143	Q0	16453#17	0
12143	Q0	1667275#0	0
12143	Q0	546091#0	0
12143	Q0	14617#32	0
12143	Q0	1272860#5	0
12143	Q0	16453#43	0
12143	Q0	1272563#9	0
12143	Q0	16453#10	0
12144	Q0	3785#11	1
12144	Q0	4984862#0	0
12144	Q0	4984862#16	0
12144	Q0	4984862#18	0
12144	Q0	1156523#36	0
12144	Q0	4984862#8	0
12144	Q0	190343#23	0
12144	Q0	37861#16	0
12144	Q0	254773#67	0
12144	Q0	1442724#0	0
12145	Q0	68323#0	1
12145	Q0	68323#4	0
12145	Q0	68323#41	0
12145	Q0	68323#40	0
12145	Q0	68323#19	0
12145	Q0	68323#1	0
12145	Q0	68323#5	0
12145	Q0	68323#10	0
12145	Q0	68323#3	0
12145	Q0	68323#9	0
12146	Q0	475869#5	1
12146	Q0	475869#0	1
12146	Q0	3517934#1	1
12146	Q0	55318#0	1
12146	Q0	4202#23	1
12146	Q0	469149#2	0
12146	Q0	475869#8	0
12146	Q0	55318#16	0
12146	Q0	475869#10	0
12146	Q0	1222472#0	0
12147	Q0	11421#0	1
12147	Q0	11421#4	1
12147	Q0	11421#5	0
12147	Q0	4678298#53	0
12147	Q0	11421#17	0
12147	Q0	11421#2	0
12147	Q0	17900#0	0
12147	Q0	11421#6	0
12147	Q0	240436#3	0
12147	Q0	16703#22	0
12148	Q0	3898#14	1
12148	Q0	3898#45	1
12148	Q0	3898#0	1
12148	Q0	3000739#1	0
12148	Q0	67507#0	0
12148	Q0	3000739#3	0
12148	Q0	2163759#0	0
12148	Q0	2973183#1	0
12148	Q0	269421#2	0
12148	Q0	60453#0	0
12148	Q0	718242#3	0
12149	Q0	2009210#0	1
12149	Q0	2009210#3	0
12150	Q0	550020#0	1
12150	Q0	942657#0	0
12150	Q0	1682206#0	0
12150	Q0	2794972#0	0
12150	Q0	1150397#0	0
12150	Q0	3058709#0	0
12150	Q0	3533498#8	0
12150	Q0	942017#0	0
12150	Q0	550020#1	0
12150	Q0	3432310#1	0
12152	Q0	13197#0	1
12152	Q0	12638#10	0
12152	Q0	47915#13	0
12152	Q0	13197#1	0
12152	Q0	938561#23	0
12152	Q0	3061287#4	0
12152	Q0	3061287#0	0
12152	Q0	12638#11	0
12152	Q0	3061287#1	0
12152	Q0	970581#7	0
12153	Q0	1971068#0	1
12153	Q0	1974833#0	0
12153	Q0	2198248#0	0
12153	Q0	2015217#0	0
12153	Q0	2043265#0	0
12153	Q0	2197388#0	0
12153	Q0	1994761#0	0
12153	Q0	1333763#0	0
12153	Q0	2076829#0	0
12153	Q0	1970455#0	0
12154	Q0	732441#1	1
12154	Q0	39835#0	1
12154	Q0	39835#8	0
12154	Q0	39835#7	0
12154	Q0	39835#4	0
12154	Q0	39835#6	0
12154	Q0	4729700#2	0
12154	Q0	732441#0	0
12154	Q0	732441#2	0
12154	Q0	39835#3	0
12155	Q0	1680913#2	1
12155	Q0	17323#24	0
12155	Q0	17323#1	0
12155	Q0	17323#5	0
12155	Q0	3087365#1	0
12155	Q0	5225271#0	0
12155	Q0	69910#0	0
12155	Q0	17323#6	0
12155	Q0	3179762#0	0
12155	Q0	4542879#0	0
12156	Q0	1134772#0	1
12156	Q0	1134772#3	0
12156	Q0	837884#0	0
12156	Q0	837884#2	0
12156	Q0	1134772#2	0
12156	Q0	1134772#5	0
12156	Q0	10177#18	0
12156	Q0	774660#7	0
12156	Q0	859067#41	0
12156	Q0	859067#35	0
12158	Q0	1060101#1	1
12158	Q0	45555#4	1
12158	Q0	173523#1	1
12158	Q0	298197#0	0
12158	Q0	1065960#3	0
12158	Q0	1065960#2	0
12158	Q0	3152902#6	0
12158	Q0	5127259#1	0
12158	Q0	1056963#10	0
12158	Q0	3943635#10	0
12159	Q0	217194#5	1
12159	Q0	217194#1	0
12159	Q0	1682489#1	0
12159	Q0	1682489#0	0
12159	Q0	1184719#0	0
12159	Q0	1196458#2	0
12159	Q0	275285#0	0
12159	Q0	4522986#2	0
12159	Q0	4781908#1	0
12159	Q0	1299292#1	0
12161	Q0	289922#0	1
12161	Q0	617688#0	0
12161	Q0	2014505#0	0
12161	Q0	3870617#0	0
12161	Q0	3111803#1	0
12161	Q0	3111803#0	0
12161	Q0	3669092#0	0
12161	Q0	5134547#0	0
12161	Q0	155302#0	0
12161	Q0	820381#19	0
12163	Q0	27847#0	1
12163	Q0	193676#11	1
12163	Q0	319455#0	0
12163	Q0	319461#0	0
12163	Q0	10834#64	0
12163	Q0	531351#47	0
12163	Q0	248406#2	0
12163	Q0	1870615#11	0
12163	Q0	193676#10	0
12163	Q0	1062219#0	0
12164	Q0	9996#35	1
12164	Q0	9996#6	1
12164	Q0	9996#0	1
12164	Q0	9996#44	0
12164	Q0	9996#32	0
12164	Q0	9996#3	0
12164	Q0	9996#12	0
12164	Q0	9996#49	0
12164	Q0	9996#24	0
12164	Q0	9996#33	0
12167	Q0	1003196#0	1
12167	Q0	1003196#57	1
12167	Q0	1003196#2	0
12167	Q0	3774687#0	0
12167	Q0	1003196#43	0
12167	Q0	1003196#56	0
12167	Q0	3759212#3	0
12167	Q0	3768371#0	0
12167	Q0	3759212#16	0
12167	Q0	3284307#0	0
12168	Q0	64569#2	1
12168	Q0	2484585#17	1
12168	Q0	64269#0	0
12168	Q0	461912#11	0
12168	Q0	5488#79	0
12168	Q0	379189#19	0
12168	Q0	461912#25	0
12168	Q0	461912#24	0
12168	Q0	478213#3	0
12168	Q0	6591#14	0
12168	Q0	64269#1	0
12168	Q0	64269#25	0
12170	Q0	1031649#0	1
12170	Q0	1703276#0	0
12170	Q0	57610#0	0
12170	Q0	1714938#0	0
12170	Q0	561029#20	0
12170	Q0	92738#0	0
12170	Q0	184167#18	0
12170	Q0	1474868#0	0
12170	Q0	184167#43	0
12170	Q0	3692158#28	0
12171	Q0	182856#1	1
12171	Q0	182856#0	1
12171	Q0	4214308#15	0
12171	Q0	3363188#0	0
12171	Q0	4214308#4	0
12171	Q0	4214308#5	0
12171	Q0	3586748#8	0
12171	Q0	1225072#0	0
12171	Q0	182856#22	0
12171	Q0	3470096#0	0
12176	Q0	478268#0	1
12176	Q0	1568474#0	0
12176	Q0	5076875#0	0
12176	Q0	155595#0	0
12176	Q0	50569#0	0
12176	Q0	4061937#0	0
12176	Q0	779761#0	0
12176	Q0	1664166#0	0
12176	Q0	1187553#0	0
12176	Q0	176783#1	0
12177	Q0	4059715#9	1
12177	Q0	43188#0	1
12177	Q0	4526341#0	0
12177	Q0	43188#11	0
12177	Q0	43188#2	0
12177	Q0	43188#15	0
12177	Q0	47768#1	0
12177	Q0	50429#8	0
12177	Q0	47768#0	0
12177	Q0	4059715#1	0
12179	Q0	731804#0	1
12179	Q0	731804#12	0
12179	Q0	731804#19	0
12179	Q0	731804#3	0
12179	Q0	731804#20	0
12179	Q0	731804#5	0
12179	Q0	731804#13	0
12179	Q0	3044206#0	0
12179	Q0	731804#11	0
12179	Q0	32957#18	0
12180	Q0	83038#1	1
12180	Q0	83038#17	1
12180	Q0	83038#0	1
12180	Q0	83038#13	1
12180	Q0	1709506#7	0
12180	Q0	3969119#0	0
12180	Q0	2454163#1	0
12180	Q0	2454163#2	0
12180	Q0	473238#13	0
12180	Q0	993555#79	0
12181	Q0	1876816#33	1
12181	Q0	1876816#31	1
12181	Q0	1876816#1	0
12181	Q0	1876816#3	0
12181	Q0	1876816#0	0
12181	Q0	1876816#7	0
12181	Q0	2635237#19	0
12181	Q0	1876816#4	0
12181	Q0	1876816#14	0
12181	Q0	1876816#2	0
12182	Q0	301025#15	1
12182	Q0	301025#20	1
12182	Q0	301025#44	0
12182	Q0	301025#1	0
12182	Q0	301025#41	0
12182	Q0	301025#49	0
12182	Q0	301025#87	0
12182	Q0	2447075#15	0
12182	Q0	301025#80	0
12182	Q0	301025#55	0
12183	Q0	710390#0	1
12183	Q0	710390#1	1
12183	Q0	710390#5	1
12183	Q0	710390#2	0
12183	Q0	710390#4	0
12183	Q0	710390#3	0
12183	Q0	3537318#331	0
12183	Q0	4165372#6	0
12183	Q0	50462#4	0
12183	Q0	1651147#2	0
12185	Q0	5254470#1	1
12185	Q0	5232474#1	1
12185	Q0	916961#1	1
12185	Q0	1479#78	0
12185	Q0	1479#77	0
12185	Q0	894528#0	0
12185	Q0	484520#2	0
12185	Q0	4333399#0	0
12185	Q0	30606#50	0
12185	Q0	1270463#60	0
12186	Q0	338327#0	1
12186	Q0	3638713#1	1
12186	Q0	1471377#0	0
12186	Q0	176050#2	0
12186	Q0	915043#1	0
12186	Q0	176050#0	0
12186	Q0	16366#3	0
12186	Q0	1438978#5	0
12186	Q0	3456216#0	0
12186	Q0	1524206#2	0
12188	Q0	60708#0	1
12188	Q0	1540#5	1
12188	Q0	60708#1	1
12188	Q0	1540#17	1
12188	Q0	4387130#3	1
12188	Q0	60708#2	1
12188	Q0	18285#3	0
12188	Q0	1796478#2	0
12188	Q0	1540#8	0
12188	Q0	1540#7	0
12189	Q0	167525#0	1
12189	Q0	167523#0	1
12189	Q0	2161009#0	0
12189	Q0	31848#0	0
12189	Q0	251934#0	0
12189	Q0	262717#1	0
12189	Q0	69924#0	0
12189	Q0	5267989#0	0
12189	Q0	260697#0	0
12189	Q0	4873001#1	0
12190	Q0	1836649#30	1
12190	Q0	172933#12	0
12190	Q0	172933#16	0
12190	Q0	1514#38	0
12190	Q0	141039#7	0
12190	Q0	141039#10	0
12190	Q0	141039#11	0
12190	Q0	2277#6	0
12190	Q0	141039#35	0
12190	Q0	172933#2	0
12190	Q0	172933#35	0
12190	Q0	172933#33	0
12190	Q0	172933#31	0
12192	Q0	1663515#1	1
12192	Q0	16069#7	1
12192	Q0	16069#0	1
12192	Q0	116040#0	1
12192	Q0	482421#1	1
12192	Q0	60497#4	1
12192	Q0	1943472#0	0
12192	Q0	3589223#17	0
12192	Q0	3528481#0	0
12192	Q0	87772#0	0
12194	Q0	2471949#4	1
12194	Q0	961997#12	0
12194	Q0	961997#10	0
12194	Q0	961997#0	0
12194	Q0	961997#7	0
12194	Q0	961997#4	0
12194	Q0	961997#1	0
12194	Q0	961997#37	0
12194	Q0	961997#48	0
12194	Q0	961997#27	0
12195	Q0	364313#0	1
12195	Q0	364313#1	1
12195	Q0	364313#21	0
12195	Q0	364313#20	0
12195	Q0	364313#3	0
12195	Q0	1327207#0	0
12195	Q0	2818352#0	0
12195	Q0	364313#5	0
12195	Q0	364313#12	0
12195	Q0	364313#15	0
12197	Q0	44245#0	1
12197	Q0	5229493#0	0
12197	Q0	44245#25	0
12197	Q0	44245#27	0
12197	Q0	44245#48	0
12197	Q0	52321#0	0
12197	Q0	4326043#34	0
12197	Q0	44245#3	0
12197	Q0	5071304#5	0
12197	Q0	4326043#0	0
12199	Q0	59503#1	1
12199	Q0	59503#3	1
12199	Q0	4517929#2	1
12199	Q0	59503#10	1
12199	Q0	59503#7	1
12199	Q0	968076#0	0
12199	Q0	968076#45	0
12199	Q0	240451#5	0
12199	Q0	59503#9	0
12199	Q0	50404#10	0
12200	Q0	136791#7	1
12200	Q0	136791#0	1
12200	Q0	136791#16	0
12200	Q0	136791#5	0
12200	Q0	136791#4	0
12200	Q0	136791#14	0
12200	Q0	136791#8	0
12200	Q0	23059#0	0
12200	Q0	136791#12	0
12200	Q0	136791#15	0
12201	Q0	37895#30	1
12201	Q0	176624#38	1
12201	Q0	2898081#2	1
12201	Q0	404832#41	1
12201	Q0	404832#30	1
12201	Q0	404832#25	0
12201	Q0	404832#45	0
12201	Q0	100637#44	0
12201	Q0	37895#18	0
12201	Q0	1369#65	0
12207	Q0	12052#0	1
12207	Q0	2214725#1	0
12207	Q0	118836#1	0
12207	Q0	861834#23	0
12207	Q0	9737#4	0
12207	Q0	44815#0	0
12207	Q0	12055#0	0
12207	Q0	123364#48	0
12207	Q0	3210691#34	0
12207	Q0	61474#1	0
12210	Q0	3065075#2	1
12210	Q0	181539#38	0
12210	Q0	118459#14	0
12210	Q0	3071067#2	0
12210	Q0	1193694#34	0
12210	Q0	3065075#0	0
12210	Q0	452343#4	0
12210	Q0	2100473#6	0
12210	Q0	868400#0	0
12210	Q0	122533#0	0
12211	Q0	777620#81	1
12211	Q0	3221100#6	1
12211	Q0	3763845#1	1
12211	Q0	777620#34	1
12211	Q0	6116#10	1
12211	Q0	4751160#1	1
12211	Q0	1569#5	1
12211	Q0	4885557#1	0
12211	Q0	3288048#35	0
12211	Q0	3582270#12	0
12212	Q0	88622#1	1
12212	Q0	88622#0	0
12212	Q0	3077532#11	0
12212	Q0	620359#18	0
12212	Q0	2270#0	0
12212	Q0	4338934#4	0
12212	Q0	1827057#0	0
12212	Q0	3812#0	0
12212	Q0	739601#12	0
12212	Q0	924114#0	0
12214	Q0	293167#0	1
12214	Q0	293167#1	1
12214	Q0	824052#1	0
12214	Q0	927640#1	0
12214	Q0	742524#0	0
12214	Q0	824052#0	0
12214	Q0	4240178#0	0
12214	Q0	293173#0	0
12214	Q0	408695#1	0
12214	Q0	512845#0	0
12215	Q0	2800100#0	1
12215	Q0	1449688#0	1
12215	Q0	3743117#0	0
12215	Q0	3352080#4	0
12215	Q0	1408689#0	0
12215	Q0	2800100#2	0
12215	Q0	291696#0	0
12215	Q0	246723#1	0
12215	Q0	1093074#20	0
12215	Q0	5198081#0	0
12216	Q0	172791#0	1
12216	Q0	172791#2	1
12216	Q0	172791#3	0
12216	Q0	172791#1	0
12216	Q0	172791#5	0
12216	Q0	172791#6	0
12216	Q0	556136#0	0
12216	Q0	455498#0	0
12216	Q0	398540#4	0
12216	Q0	576753#0	0
12217	Q0	129929#2	1
12217	Q0	129929#4	1
12217	Q0	1331999#3	1
12217	Q0	129929#5	0
12217	Q0	129929#7	0
12217	Q0	254116#1	0
12217	Q0	192595#0	0
12217	Q0	129929#6	0
12217	Q0	1331999#4	0
12217	Q0	2979055#17	0
12218	Q0	6070#28	1
12218	Q0	1268414#0	0
12218	Q0	6070#0	0
12218	Q0	6070#34	0
12218	Q0	4608157#7	0
12218	Q0	6070#29	0
12218	Q0	97838#7	0
12218	Q0	6070#3	0
12218	Q0	3895#37	0
12218	Q0	3906#2	0
12219	Q0	1894958#37	1
12219	Q0	234772#1	1
12219	Q0	739601#44	1
12219	Q0	294479#2	1
12219	Q0	240436#2	1
12219	Q0	2835361#29	0
12219	Q0	138065#2	0
12219	Q0	240436#0	0
12219	Q0	2824829#0	0
12219	Q0	240436#20	0
12222	Q0	3044617#0	1
12222	Q0	779169#0	0
12222	Q0	1651431#0	0
12222	Q0	4834672#0	0
12222	Q0	2376882#0	0
12222	Q0	1960269#0	0
12222	Q0	4509022#0	0
12222	Q0	4845930#0	0
12222	Q0	276108#0	0
12222	Q0	356373#0	0
12223	Q0	1656647#3	1
12223	Q0	1656647#0	0
12223	Q0	1656647#24	0
12223	Q0	1656647#5	0
12223	Q0	1656647#7	0
12223	Q0	4750419#0	0
12223	Q0	1656647#1	0
12223	Q0	429041#0	0
12223	Q0	3007234#0	0
12223	Q0	1656647#22	0
12227	Q0	2287857#0	1
12227	Q0	2287857#2	1
12227	Q0	2287857#16	0
12227	Q0	2287857#10	0
12227	Q0	2287857#1	0
12227	Q0	2287857#9	0
12227	Q0	2287857#32	0
12227	Q0	2287857#3	0
12227	Q0	2287857#11	0
12227	Q0	2287857#21	0
12228	Q0	1752688#0	1
12228	Q0	712816#5	1
12228	Q0	2399323#0	1
12228	Q0	1649526#4	1
12228	Q0	4952753#30	1
12228	Q0	2494210#0	0
12228	Q0	3140579#6	0
12228	Q0	4742032#4	0
12228	Q0	91806#69	0
12228	Q0	1089014#9	0
12229	Q0	3864#1	1
12229	Q0	1232921#0	1
12229	Q0	2290528#0	0
12229	Q0	2195667#0	0
12229	Q0	210803#0	0
12229	Q0	2944282#0	0
12229	Q0	1504153#72	0
12229	Q0	2945200#0	0
12229	Q0	279822#0	0
12229	Q0	1514115#0	0
12230	Q0	4082542#16	1
12230	Q0	4082542#26	0
12230	Q0	1566861#0	0
12230	Q0	4082542#24	0
12230	Q0	4082542#22	0
12230	Q0	7500#80	0
12230	Q0	4082542#25	0
12230	Q0	4082542#3	0
12230	Q0	4082542#1	0
12230	Q0	4082542#19	0
12231	Q0	390413#30	1
12231	Q0	390413#2	0
12231	Q0	390413#29	0
12232	Q0	3792344#55	1
12232	Q0	680304#0	0
12232	Q0	351404#0	0
12232	Q0	680304#1	0
12232	Q0	4005348#2	0
12232	Q0	4005348#0	0
12232	Q0	123541#0	0
12232	Q0	1206031#10	0
12232	Q0	3847350#0	0
12232	Q0	4005348#1	0
12233	Q0	526739#1	1
12233	Q0	526739#0	1
12233	Q0	29579#11	1
12233	Q0	987396#11	1
12233	Q0	1552195#0	0
12233	Q0	25634#0	0
12233	Q0	1247616#11	0
12233	Q0	1507712#0	0
12233	Q0	1673786#0	0
12233	Q0	1024093#1	0
12235	Q0	2862749#0	1
12235	Q0	2862749#1	0
12235	Q0	1215102#0	0
12235	Q0	3308143#0	0
12235	Q0	3433176#0	0
12235	Q0	2862749#38	0
12235	Q0	3341157#0	0
12235	Q0	1215102#1	0
12235	Q0	3966737#0	0
12235	Q0	3758367#0	0
12236	Q0	235528#2	1
12236	Q0	2874747#53	0
12236	Q0	477600#0	0
12236	Q0	4520447#0	0
12236	Q0	132457#0	0
12236	Q0	3345510#0	0
12236	Q0	2290416#22	0
12236	Q0	2874747#62	0
12236	Q0	820381#19	0
12236	Q0	161306#2	0
12237	Q0	288792#0	1
12237	Q0	147376#0	1
12237	Q0	575028#0	0
12237	Q0	1819543#4	0
12237	Q0	1819543#5	0
12237	Q0	3846547#0	0
12237	Q0	1802492#1	0
12237	Q0	322753#1	0
12237	Q0	3634607#0	0
12237	Q0	3634607#1	0
12238	Q0	20506#0	1
12238	Q0	172690#6	0
12238	Q0	92987#2	0
12238	Q0	52269#1	0
12238	Q0	2538217#0	0
12238	Q0	172690#1	0
12238	Q0	206372#2	0
12238	Q0	218179#0	0
12238	Q0	1415#7	0
12238	Q0	1419570#0	0
12239	Q0	4332830#4	1
12239	Q0	21716#0	1
12239	Q0	5141915#0	0
12239	Q0	300934#1	0
12239	Q0	464986#3	0
12239	Q0	3577792#18	0
12239	Q0	456795#181	0
12239	Q0	206229#82	0
12239	Q0	2968433#0	0
12239	Q0	3194603#0	0
12240	Q0	984851#25	1
12240	Q0	41781#18	1
12240	Q0	41781#16	1
12240	Q0	223330#41	0
12240	Q0	41781#1	0
12240	Q0	16781#10	0
12240	Q0	41781#11	0
12240	Q0	388995#39	0
12240	Q0	41781#20	0
12240	Q0	41781#19	0
12241	Q0	3863#81	1
12241	Q0	2105318#3	1
12241	Q0	2105318#8	1
12241	Q0	2105318#1	1
12241	Q0	25777#4	1
12241	Q0	3863#82	0
12241	Q0	620359#41	0
12241	Q0	2775606#0	0
12241	Q0	910173#0	0
12241	Q0	3950372#2	0
12244	Q0	6890#0	1
12244	Q0	13174#1	1
12244	Q0	2609#0	0
12244	Q0	6890#3	0
12244	Q0	662741#0	0
12244	Q0	2609#11	0
12244	Q0	118906#0	0
12244	Q0	2077134#0	0
12244	Q0	1970067#0	0
12244	Q0	13174#12	0
12245	Q0	998353#0	1
12245	Q0	211415#9	1
12245	Q0	1287816#104	1
12245	Q0	211415#1	1
12245	Q0	626712#0	0
12245	Q0	101332#5	0
12245	Q0	1213396#0	0
12245	Q0	21447#5	0
12245	Q0	1108544#1	0
12245	Q0	71567#0	0
12247	Q0	353396#0	1
12247	Q0	353396#5	1
12247	Q0	2615632#0	0
12247	Q0	619570#1	0
12247	Q0	353396#4	0
12247	Q0	2533314#0	0
12247	Q0	2541513#0	0
12247	Q0	1722271#1	0
12247	Q0	619570#0	0
12247	Q0	1088986#0	0
12248	Q0	1128078#0	1
12248	Q0	330788#0	0
12248	Q0	1002511#0	0
12248	Q0	3639896#0	0
12248	Q0	68712#0	0
12248	Q0	1570252#0	0
12248	Q0	752301#0	0
12248	Q0	3262416#0	0
12248	Q0	1002511#2	0
12248	Q0	1238862#0	0
12250	Q0	19499#48	1
12250	Q0	241371#0	0
12250	Q0	19499#49	0
12250	Q0	190464#0	0
12250	Q0	19499#52	0
12250	Q0	19499#1	0
12250	Q0	1694321#1	0
12250	Q0	19499#0	0
12250	Q0	953856#1	0
12250	Q0	19499#53	0
12251	Q0	29667#0	1
12251	Q0	2903535#29	0
12251	Q0	879034#22	0
12251	Q0	962857#24	0
12251	Q0	278224#6	0
12251	Q0	4320951#0	0
12251	Q0	271794#17	0
12251	Q0	1847576#25	0
12251	Q0	21689#3	0
12251	Q0	16336#41	0
12252	Q0	41294#0	1
12252	Q0	41294#1	0
12252	Q0	4948332#0	0
12252	Q0	858706#0	0
12252	Q0	3407682#1	0
12252	Q0	4273655#2	0
12252	Q0	4878628#4	0
12252	Q0	4883072#1	0
12252	Q0	484648#2	0
12252	Q0	1089167#0	0
12254	Q0	150825#32	1
12254	Q0	7#1	1
12254	Q0	331657#8	1
12254	Q0	4780487#4	1
12254	Q0	7#10	1
12254	Q0	1033245#1	1
12254	Q0	2798014#70	0
12254	Q0	65272#11	0
12254	Q0	150825#53	0
12254	Q0	3068774#7	0
12255	Q0	9052#4	1
12255	Q0	5024#4	0
12255	Q0	123353#23	0
12255	Q0	9052#9	0
12255	Q0	1531991#4	0
12255	Q0	264443#7	0
12255	Q0	5250#5	0
12255	Q0	9052#3	0
12255	Q0	12805#9	0
12255	Q0	5233829#5	0
12256	Q0	1019405#0	1
12256	Q0	1019405#2	1
12256	Q0	1019405#1	1
12256	Q0	1019405#6	1
12256	Q0	1471323#20	1
12256	Q0	1987414#0	0
12256	Q0	1820396#0	0
12256	Q0	1040718#0	0
12256	Q0	5225404#7	0
12256	Q0	1820396#5	0
12257	Q0	1930288#0	1
12257	Q0	49409#4	1
12257	Q0	49409#3	0
12257	Q0	1930288#4	0
12257	Q0	49409#0	0
12257	Q0	2552993#0	0
12257	Q0	761900#1	0
12257	Q0	1192565#0	0
12257	Q0	336147#0	0
12257	Q0	351456#0	0
12258	Q0	1277291#4	1
12258	Q0	1365274#0	1
12258	Q0	6645#22	1
12258	Q0	3126768#0	0
12258	Q0	2542514#1	0
12258	Q0	3545233#1	0
12258	Q0	5064497#27	0
12258	Q0	1277291#1	0
12258	Q0	3126768#2	0
12258	Q0	4059665#0	0
12261	Q0	3912#9	1
12261	Q0	3912#8	1
12261	Q0	2202138#4	1
12261	Q0	3912#0	1
12261	Q0	2158362#1	1
12261	Q0	3912#7	0
12261	Q0	3912#22	0
12261	Q0	1015963#3	0
12261	Q0	3912#4	0
12261	Q0	2202138#9	0
12263	Q0	613362#0	1
12263	Q0	508299#0	0
12263	Q0	613362#1	0
12263	Q0	1147275#0	0
12263	Q0	3882#38	0
12263	Q0	889796#29	0
12263	Q0	3882#8	0
12263	Q0	2642785#0	0
12263	Q0	3780993#0	0
12263	Q0	11839#39	0
12269	Q0	386167#1	1
12269	Q0	386167#2	1
12269	Q0	5061737#0	0
12269	Q0	4070308#0	0
12269	Q0	3403734#0	0
12269	Q0	480266#0	0
12269	Q0	603609#0	0
12269	Q0	386167#14	0
12269	Q0	1762541#1	0
12269	Q0	541680#0	0
12270	Q0	63905#0	1
12270	Q0	63905#1	1
12270	Q0	63905#5	0
12270	Q0	63905#2	0
12270	Q0	1756153#0	0
12270	Q0	63905#12	0
12270	Q0	63905#6	0
12270	Q0	63905#63	0
12270	Q0	63905#74	0
12270	Q0	63905#39	0
12271	Q0	3280516#0	1
12271	Q0	1056256#0	1
12271	Q0	36812#4	0
12271	Q0	3643027#0	0
12271	Q0	322783#0	0
12271	Q0	1193659#1	0
12271	Q0	2015#27	0
12271	Q0	492862#1	0
12271	Q0	227826#0	0
12271	Q0	1121088#8	0
12272	Q0	1520891#0	1
12272	Q0	6616#36	0
12272	Q0	1465250#0	0
12272	Q0	1465250#32	0
12272	Q0	1465250#34	0
12272	Q0	6616#37	0
12272	Q0	1465250#27	0
12272	Q0	1465250#20	0
12272	Q0	1465250#3	0
12272	Q0	3106716#3	0
12273	Q0	1306370#9	1
12273	Q0	1306370#15	0
12273	Q0	1306370#25	0
12273	Q0	1306370#17	0
12273	Q0	1306370#37	0
12273	Q0	2129654#3	0
12273	Q0	1306370#10	0
12273	Q0	1306370#2	0
12273	Q0	1046518#4	0
12273	Q0	582402#0	0
12274	Q0	313055#8	1
12274	Q0	313055#11	0
12274	Q0	1613#48	0
12274	Q0	609513#14	0
12274	Q0	313055#6	0
12274	Q0	313055#4	0
12274	Q0	2494956#7	0
12274	Q0	387022#7	0
12274	Q0	597773#5	0
12274	Q0	1794396#3	0
12275	Q0	1857653#0	1
12275	Q0	1857653#19	0
12275	Q0	1857653#2	0
12275	Q0	1857653#23	0
12275	Q0	1450657#1	0
12275	Q0	5113575#0	0
12275	Q0	1857653#14	0
12275	Q0	5225239#0	0
12275	Q0	1857653#13	0
12275	Q0	5008986#0	0
12276	Q0	3912#0	1
12276	Q0	1709348#0	1
12276	Q0	3912#43	0
12276	Q0	3855643#26	0
12276	Q0	3912#42	0
12276	Q0	3912#34	0
12276	Q0	3912#22	0
12276	Q0	1709348#3	0
12276	Q0	3352973#0	0
12276	Q0	3912#41	0
12277	Q0	172635#0	1
12277	Q0	278968#11	1
12277	Q0	172635#1	0
12277	Q0	172633#0	0
12277	Q0	629931#0	0
12277	Q0	278968#13	0
12277	Q0	1566839#19	0
12277	Q0	357013#0	0
12277	Q0	68606#61	0
12277	Q0	378786#0	0
12278	Q0	3021537#0	1
12278	Q0	3021537#3	1
12278	Q0	3021537#18	0
12278	Q0	3021537#9	0
12278	Q0	3021537#4	0
12278	Q0	3021537#11	0
12278	Q0	3811849#1	0
12278	Q0	4190590#1	0
12278	Q0	13723#1	0
12278	Q0	2656364#1	0
12280	Q0	872110#0	1
12280	Q0	3340528#0	0
12280	Q0	3308595#0	0
12280	Q0	1890630#0	0
12280	Q0	3165847#0	0
12280	Q0	631622#0	0
12280	Q0	811097#0	0
12280	Q0	3340328#0	0
12280	Q0	1690310#0	0
12280	Q0	1666650#0	0
12281	Q0	291116#16	1
12281	Q0	880702#0	1
12281	Q0	4241326#1	1
12281	Q0	339895#0	0
12281	Q0	1606#56	0
12281	Q0	1732093#44	0
12281	Q0	5130992#18	0
12281	Q0	339895#9	0
12281	Q0	1636443#0	0
12281	Q0	3105652#6	0
12284	Q0	32501#3	1
12284	Q0	32501#8	1
12284	Q0	32501#1	1
12284	Q0	11439#1	0
12284	Q0	3043120#20	0
12284	Q0	32501#19	0
12284	Q0	65272#25	0
12284	Q0	3043120#21	0
12284	Q0	32501#10	0
12284	Q0	1671867#3	0
12286	Q0	4444#9	1
12286	Q0	2550556#5	1
12286	Q0	2276#22	0
12286	Q0	985009#3	0
12286	Q0	985009#6	0
12286	Q0	39369#8	0
12286	Q0	39369#7	0
12286	Q0	60319#2	0
12286	Q0	56727#0	0
12286	Q0	1694966#0	0
12287	Q0	739601#15	1
12287	Q0	739601#30	0
12287	Q0	1281850#3	0
12287	Q0	1281850#2	0
12287	Q0	2629336#1	0
12287	Q0	739601#42	0
12287	Q0	1911461#4	0
12287	Q0	1281850#0	0
12287	Q0	739601#40	0
12287	Q0	4831569#1	0
12289	Q0	1122889#0	1
12289	Q0	4980477#0	0
12289	Q0	4873894#0	0
12289	Q0	1122889#2	0
12289	Q0	417549#0	0
12289	Q0	3342191#0	0
12289	Q0	454947#0	0
12289	Q0	4980477#6	0
12289	Q0	1293546#0	0
12289	Q0	1067770#13	0
12291	Q0	1858513#0	1
12291	Q0	1016039#1	0
12291	Q0	1675283#0	0
12291	Q0	1156122#0	0
12291	Q0	190606#0	0
12291	Q0	250317#0	0
12291	Q0	64225#15	0
12291	Q0	183026#0	0
12291	Q0	492322#0	0
12291	Q0	717038#5	0
12292	Q0	1161014#1	1
12292	Q0	63549#41	0
12292	Q0	1441680#3	0
12292	Q0	139633#1	0
12292	Q0	45112#0	0
12292	Q0	23029#3	0
12292	Q0	3456969#0	0
12292	Q0	1325291#1	0
12292	Q0	405245#2	0
12292	Q0	805079#90	0
12294	Q0	1293#4	1
12294	Q0	1293#3	0
12294	Q0	4444#38	0
12294	Q0	2550556#81	0
12294	Q0	2797#102	0
12294	Q0	285299#0	0
12294	Q0	1293#5	0
12294	Q0	3262019#2	0
12294	Q0	3069607#2	0
12294	Q0	2550556#73	0
12297	Q0	232008#0	1
12297	Q0	311668#2	1
12297	Q0	3396054#0	1
12297	Q0	1758672#0	0
12297	Q0	767600#0	0
12297	Q0	1747483#0	0
12297	Q0	1758393#0	0
12297	Q0	311668#0	0
12297	Q0	2444112#3	0
12297	Q0	4386436#0	0
12299	Q0	535232#0	1
12299	Q0	2707730#0	1
12299	Q0	1157576#0	0
12299	Q0	1158861#0	0
12299	Q0	1492130#1	0
12299	Q0	1155926#1	0
12299	Q0	1145192#0	0
12299	Q0	4026192#0	0
12299	Q0	1099836#4	0
12299	Q0	2491818#0	0
12301	Q0	64784#0	1
12301	Q0	64784#2	0
12301	Q0	3436490#0	0
12301	Q0	5153132#0	0
12301	Q0	64784#8	0
12301	Q0	5154937#0	0
12301	Q0	2100903#4	0
12301	Q0	64784#1	0
12301	Q0	5008875#0	0
12301	Q0	64784#7	0
12302	Q0	2814111#0	1
12302	Q0	2814111#1	1
12302	Q0	1303717#0	0
12302	Q0	1602361#0	0
12302	Q0	1023660#0	0
12302	Q0	150897#0	0
12302	Q0	1474075#0	0
12302	Q0	1787528#0	0
12302	Q0	980179#0	0
12302	Q0	1032660#0	0
12302	Q0	990668#0	0
12305	Q0	2154#0	1
12305	Q0	57389#2	1
12305	Q0	2154#2	1
12305	Q0	2154#9	0
12305	Q0	3711517#0	0
12305	Q0	3711517#2	0
12305	Q0	3711517#1	0
12305	Q0	2154#14	0
12305	Q0	44172#6	0
12305	Q0	187029#0	0
12306	Q0	203785#0	1
12306	Q0	203785#2	0
12306	Q0	137289#0	0
12306	Q0	203785#4	0
12306	Q0	3102270#0	0
12306	Q0	1157062#1	0
12306	Q0	203785#6	0
12306	Q0	148511#5	0
12306	Q0	1651234#1	0
12306	Q0	3773563#6	0
12308	Q0	238737#0	1
12308	Q0	3086819#286	1
12308	Q0	2318763#0	0
12308	Q0	2463803#0	0
12308	Q0	5174102#0	0
12308	Q0	4054248#0	0
12308	Q0	238737#1	0
12308	Q0	2464401#1	0
12308	Q0	3424400#0	0
12308	Q0	2332514#0	0
12309	Q0	806909#1	1
12309	Q0	806909#3	1
12309	Q0	806909#0	1
12309	Q0	1787625#0	0
12309	Q0	1736914#0	0
12309	Q0	4117698#0	0
12309	Q0	1752711#2	0
12309	Q0	2246574#0	0
12309	Q0	2642162#0	0
12309	Q0	3210676#11	0
12310	Q0	210216#0	1
12310	Q0	28563#61	0
12310	Q0	2130716#0	0
12310	Q0	2440300#0	0
12310	Q0	2130716#1	0
12310	Q0	3260366#5	0
12310	Q0	210216#6	0
12310	Q0	1247033#0	0
12310	Q0	3931681#0	0
12310	Q0	4118555#2	0
12311	Q0	1822266#0	1
12311	Q0	245779#0	1
12311	Q0	812797#3	1
12311	Q0	245779#1	1
12311	Q0	812797#6	0
12311	Q0	1408689#0	0
12311	Q0	1543#23	0
12311	Q0	3682620#0	0
12311	Q0	812797#1	0
12311	Q0	1330552#0	0
12313	Q0	3416624#0	1
12313	Q0	20861#0	1
12313	Q0	3412981#1	1
12313	Q0	344027#0	0
12313	Q0	385970#0	0
12313	Q0	1634385#1	0
12313	Q0	4429396#7	0
12313	Q0	4882702#0	0
12313	Q0	3359596#0	0
12313	Q0	3944468#0	0
12315	Q0	339154#0	1
12315	Q0	1296152#15	1
12315	Q0	2418547#0	0
12315	Q0	1704611#3	0
12315	Q0	555844#0	0
12315	Q0	3410280#1	0
12315	Q0	1957879#27	0
12315	Q0	3565557#1	0
12315	Q0	2998406#1	0
12315	Q0	3084663#0	0
12316	Q0	35919#32	1
12316	Q0	347952#0	0
12316	Q0	63405#38	0
12316	Q0	63405#36	0
12316	Q0	833291#19	0
12316	Q0	5488#37	0
12316	Q0	347952#2	0
12316	Q0	2264770#0	0
12316	Q0	386401#17	0
12316	Q0	3521525#0	0
12318	Q0	1021895#0	1
12318	Q0	961214#1	0
12318	Q0	1682024#0	0
12318	Q0	1656051#2	0
12318	Q0	66914#18	0
12318	Q0	173183#0	0
12318	Q0	259406#93	0
12318	Q0	2334312#1	0
12318	Q0	4847801#0	0
12318	Q0	971556#187	0
12319	Q0	21409#0	1
12319	Q0	4301304#0	0
12319	Q0	1140123#4	0
12319	Q0	3407417#1	0
12319	Q0	1246922#0	0
12319	Q0	5075510#0	0
12319	Q0	460577#0	0
12319	Q0	5129815#1	0
12319	Q0	2818540#14	0
12319	Q0	1766833#0	0
12322	Q0	2406591#3	1
12322	Q0	10770#0	0
12322	Q0	211399#0	0
12322	Q0	10131#0	0
12322	Q0	10768#0	0
12322	Q0	10771#12	0
12322	Q0	1132930#0	0
12322	Q0	2506#51	0
12322	Q0	2103810#0	0
12322	Q0	11010#0	0
12323	Q0	133547#0	1
12323	Q0	1266685#38	1
12323	Q0	1628059#4	0
12323	Q0	1298156#0	0
12323	Q0	1628059#5	0
12323	Q0	1628059#0	0
12323	Q0	133547#2	0
12323	Q0	133547#4	0
12323	Q0	133547#3	0
12323	Q0	1021648#0	0
12325	Q0	1040157#0	1
12325	Q0	1040157#1	1
12325	Q0	1040157#5	1
12325	Q0	1040157#14	0
12325	Q0	1040157#13	0
12325	Q0	1040157#8	0
12325	Q0	1040157#4	0
12325	Q0	1040157#12	0
12325	Q0	831190#0	0
12325	Q0	1040157#6	0
12326	Q0	1629304#1	1
12326	Q0	1629304#0	1
12326	Q0	1629304#3	0
12326	Q0	3780468#0	0
12326	Q0	3780468#1	0
12326	Q0	1629304#4	0
12326	Q0	3162592#2	0
12326	Q0	128427#0	0
12326	Q0	1629304#2	0
12326	Q0	358588#34	0
12327	Q0	24248#79	1
12327	Q0	62203#7	1
12327	Q0	400490#138	1
12327	Q0	193676#0	1
12327	Q0	94007#1	1
12327	Q0	892536#12	0
12327	Q0	3401483#2	0
12327	Q0	1534737#15	0
12327	Q0	2728#5	0
12327	Q0	83375#1	0
12328	Q0	68953#0	1
12328	Q0	68953#6	1
12328	Q0	68953#4	1
12328	Q0	68953#2	1
12328	Q0	3231119#31	0
12328	Q0	1442103#36	0
12328	Q0	68953#9	0
12328	Q0	3231119#56	0
12328	Q0	68953#3	0
12328	Q0	68953#7	0
12332	Q0	584101#25	1
12332	Q0	601325#19	1
12332	Q0	36266#9	1
12332	Q0	72200#45	1
12332	Q0	10650#3	0
12332	Q0	2945139#2	0
12332	Q0	352327#0	0
12332	Q0	79545#8	0
12332	Q0	3644#7	0
12332	Q0	269462#30	0
12332	Q0	352327#3	0
12332	Q0	72200#46	0
12334	Q0	116719#0	1
12334	Q0	1788851#8	1
12334	Q0	3138761#10	1
12334	Q0	1971918#0	1
12334	Q0	116719#9	0
12334	Q0	116719#11	0
12334	Q0	116719#7	0
12334	Q0	1788851#2	0
12334	Q0	116719#8	0
12334	Q0	155522#55	0
12336	Q0	3210691#32	1
12336	Q0	245310#0	1
12336	Q0	3210691#33	1
12336	Q0	3210691#34	1
12336	Q0	3210691#9	0
12336	Q0	245310#30	0
12336	Q0	245310#15	0
12336	Q0	262085#5	0
12336	Q0	245310#2	0
12336	Q0	3210691#36	0
12337	Q0	6636#0	1
12337	Q0	2043038#0	0
12337	Q0	2550988#0	0
12337	Q0	60135#1	0
12337	Q0	211228#0	0
12337	Q0	2287960#0	0
12337	Q0	2751343#0	0
12337	Q0	18775#0	0
12337	Q0	1499604#4	0
12337	Q0	210427#0	0
12339	Q0	609691#0	1
12339	Q0	11427#0	1
12339	Q0	11427#6	1
12339	Q0	11428#1	1
12339	Q0	11428#2	0
12339	Q0	11428#4	0
12339	Q0	1735306#0	0
12339	Q0	11427#12	0
12339	Q0	11427#17	0
12339	Q0	3570057#0	0
12341	Q0	336790#22	1
12341	Q0	336790#21	1
12341	Q0	1186640#5	1
12341	Q0	30634#5	1
12341	Q0	12269#24	1
12341	Q0	1662199#17	1
12341	Q0	898177#7	0
12341	Q0	336790#6	0
12341	Q0	1662199#30	0
12341	Q0	336790#2	0
12342	Q0	10650#3	1
12342	Q0	584101#1	1
12342	Q0	584101#52	1
12342	Q0	3360#10	0
12342	Q0	3695062#1	0
12342	Q0	1414236#4	0
12342	Q0	3644#7	0
12342	Q0	1414236#1	0
12342	Q0	584101#31	0
12342	Q0	26690#0	0
12344	Q0	4751160#1	1
12344	Q0	182249#4	1
12344	Q0	777620#81	1
12344	Q0	5104#22	1
12344	Q0	68606#62	1
12344	Q0	1678140#13	0
12344	Q0	4385154#2	0
12344	Q0	1115525#33	0
12344	Q0	1115525#37	0
12344	Q0	6116#10	0
12345	Q0	20260#0	1
12345	Q0	12600#28	1
12345	Q0	1167070#0	0
12345	Q0	912680#0	0
12345	Q0	2530664#0	0
12345	Q0	1415#134	0
12345	Q0	499436#0	0
12345	Q0	1296688#1	0
12345	Q0	711399#0	0
12345	Q0	334732#0	0
12346	Q0	2739935#0	1
12346	Q0	3456894#0	0
12346	Q0	2895857#0	0
12346	Q0	1061753#0	0
12346	Q0	1480834#0	0
12346	Q0	387596#0	0
12346	Q0	67626#9	0
12346	Q0	3133239#3	0
12346	Q0	2098379#9	0
12346	Q0	240653#0	0
12350	Q0	147791#0	1
12350	Q0	755704#0	0
12350	Q0	755704#2	0
12350	Q0	755704#7	0
12350	Q0	3642663#46	0
12350	Q0	755704#3	0
12350	Q0	3142481#47	0
12350	Q0	863154#0	0
12350	Q0	869332#0	0
12350	Q0	863154#1	0
12352	Q0	94007#2	1
12352	Q0	83375#0	1
12352	Q0	49651#9	1
12352	Q0	83375#1	0
12352	Q0	83375#2	0
12352	Q0	1512107#1	0
12352	Q0	83375#3	0
12352	Q0	5177508#0	0
12352	Q0	1493513#0	0
12352	Q0	284883#0	0
12353	Q0	4737002#0	1
12353	Q0	871209#7	0
12353	Q0	53319#0	0
12353	Q0	2986710#0	0
12353	Q0	1276335#24	0
12353	Q0	44541#16	0
12353	Q0	3648964#0	0
12353	Q0	4737002#1	0
12353	Q0	3117518#0	0
12353	Q0	42162#0	0
12354	Q0	2949934#0	1
12354	Q0	3922701#6	0
12354	Q0	770612#0	0
12354	Q0	4628390#0	0
12354	Q0	1992794#0	0
12354	Q0	25859#4	0
12354	Q0	210431#0	0
12354	Q0	143354#0	0
12354	Q0	3363185#0	0
12354	Q0	617750#0	0
12357	Q0	5220622#0	1
12357	Q0	184060#3	0
12357	Q0	184060#0	0
12357	Q0	768108#0	0
12357	Q0	184060#1	0
12357	Q0	184060#5	0
12357	Q0	5165786#0	0
12357	Q0	2926480#0	0
12357	Q0	3779495#0	0
12357	Q0	1374970#0	0
12358	Q0	67100#0	1
12358	Q0	67100#2	0
12358	Q0	1232733#0	0
12358	Q0	1364438#0	0
12358	Q0	1141588#3	0
12358	Q0	1514#31	0
12358	Q0	1099345#26	0
12358	Q0	125156#0	0
12358	Q0	511093#1	0
12358	Q0	231501#3	0
12360	Q0	128558#0	1
12360	Q0	128558#3	0
12360	Q0	53683#15	0
12360	Q0	53683#0	0
12360	Q0	735742#6	0
12360	Q0	128558#4	0
12360	Q0	325252#0	0
12360	Q0	53683#2	0
12360	Q0	128558#1	0
12360	Q0	3012207#7	0
12361	Q0	192273#0	1
12361	Q0	192273#3	1
12361	Q0	192273#1	0
12361	Q0	208460#2	0
12361	Q0	192273#7	0
12361	Q0	401684#0	0
12361	Q0	192273#4	0
12361	Q0	208460#1	0
12361	Q0	192273#5	0
12361	Q0	541191#2	0
12363	Q0	527260#0	1
12363	Q0	40961#0	0
12363	Q0	344749#0	0
12363	Q0	24248#51	0
12363	Q0	1496101#0	0
12363	Q0	1138867#31	0
12363	Q0	24773#0	0
12363	Q0	184033#0	0
12363	Q0	2089518#7	0
12363	Q0	679696#0	0
12364	Q0	38467#8	1
12364	Q0	3461598#21	1
12364	Q0	731769#0	1
12364	Q0	67640#13	1
12364	Q0	38467#3	0
12364	Q0	61292#21	0
12364	Q0	731769#34	0
12364	Q0	1308890#9	0
12364	Q0	731769#3	0
12364	Q0	1270443#23	0
12365	Q0	10235#0	1
12365	Q0	455271#32	0
12365	Q0	10236#1	0
12365	Q0	262556#1	0
12365	Q0	10235#5	0
12365	Q0	141039#72	0
12365	Q0	10235#6	0
12365	Q0	10235#1	0
12365	Q0	10235#3	0
12365	Q0	10829#14	0
12367	Q0	112193#14	1
12367	Q0	314297#2	0
12367	Q0	314313#1	0
12367	Q0	856992#1	0
12367	Q0	4747463#8	0
12367	Q0	315554#5	0
12367	Q0	2446368#0	0
12367	Q0	475958#1	0
12367	Q0	261111#1	0
12367	Q0	120902#1	0
12367	Q0	47633#2	0
12367	Q0	47633#1	0
12370	Q0	4664#19	1
12370	Q0	1163110#2	1
12370	Q0	1835#7	0
12370	Q0	36575#0	0
12370	Q0	115340#14	0
12370	Q0	1903601#4	0
12370	Q0	1215706#1	0
12370	Q0	115340#13	0
12370	Q0	39369#58	0
12370	Q0	4264085#9	0
12372	Q0	230439#1	1
12372	Q0	230439#8	0
12372	Q0	230439#0	0
12372	Q0	230439#6	0
12372	Q0	560176#20	0
12372	Q0	1722076#2	0
12372	Q0	155673#6	0
12372	Q0	230439#7	0
12372	Q0	883496#2	0
12372	Q0	1151437#62	0
12374	Q0	862011#0	1
12374	Q0	1677936#0	0
12374	Q0	862011#2	0
12374	Q0	1590898#1	0
12374	Q0	125328#5	0
12374	Q0	16031#0	0
12374	Q0	531394#0	0
12374	Q0	39241#6	0
12374	Q0	2973817#0	0
12374	Q0	332833#0	0
12375	Q0	311430#7	1
12375	Q0	6622#0	1
12375	Q0	4218#55	1
12375	Q0	631589#26	1
12375	Q0	2105329#3	0
12375	Q0	631589#36	0
12375	Q0	311430#12	0
12375	Q0	60085#1	0
12375	Q0	4737042#6	0
12375	Q0	2105329#2	0
12376	Q0	3619#0	1
12376	Q0	296396#5	1
12376	Q0	3300427#8	1
12376	Q0	226072#0	0
12376	Q0	254962#0	0
12376	Q0	731684#2	0
12376	Q0	4857363#16	0
12376	Q0	2481694#1	0
12376	Q0	4518698#1	0
12376	Q0	296021#3	0
12377	Q0	119970#0	1
12377	Q0	572703#0	1
12377	Q0	1032338#1	0
12377	Q0	2432629#4	0
12377	Q0	1032339#0	0
12377	Q0	965164#0	0
12377	Q0	994093#1	0
12377	Q0	881137#0	0
12377	Q0	1684256#0	0
12377	Q0	3574038#0	0
12378	Q0	745529#0	1
12378	Q0	1527327#63	1
12378	Q0	2809196#5	1
12378	Q0	31427#11	1
12378	Q0	745529#1	0
12378	Q0	1521427#2	0
12378	Q0	2913526#1	0
12378	Q0	3003355#5	0
12378	Q0	4965420#0	0
12378	Q0	1983940#0	0
12381	Q0	2472665#10	1
12381	Q0	233622#0	1
12381	Q0	361673#0	0
12381	Q0	361673#5	0
12381	Q0	751744#57	0
12381	Q0	2974060#0	0
12381	Q0	361673#4	0
12381	Q0	233622#5	0
12381	Q0	202266#144	0
12381	Q0	361673#1	0
12382	Q0	561841#2	1
12382	Q0	1958226#0	0
12382	Q0	491374#7	0
12382	Q0	354062#1	0
12382	Q0	482328#0	0
12382	Q0	2462912#4	0
12382	Q0	2641#51	0
12382	Q0	491374#2	0
12382	Q0	482293#0	0
12382	Q0	3644698#22	0
12383	Q0	217999#0	1
12383	Q0	2787391#0	0
12383	Q0	3575775#22	0
12383	Q0	3575775#23	0
12383	Q0	221445#0	0
12383	Q0	3140610#0	0
12383	Q0	217999#6	0
12383	Q0	3778563#0	0
12383	Q0	217999#16	0
12383	Q0	17005#10	0
12385	Q0	881778#0	1
12385	Q0	1787094#0	0
12385	Q0	8660#31	0
12385	Q0	197603#0	0
12385	Q0	284778#0	0
12385	Q0	4356#4	0
12385	Q0	1511206#5	0
12385	Q0	881778#2	0
12385	Q0	1491851#0	0
12385	Q0	1491851#1	0
12386	Q0	3021922#0	1
12386	Q0	1077094#1	1
12386	Q0	3754476#8	0
12386	Q0	213824#0	0
12386	Q0	242577#0	0
12386	Q0	7591#35	0
12386	Q0	418832#0	0
12386	Q0	3757888#6	0
12386	Q0	3737351#63	0
12386	Q0	3946#50	0
12387	Q0	116930#0	1
12387	Q0	119966#5	0
12387	Q0	116930#1	0
12387	Q0	2646561#0	0
12387	Q0	116930#4	0
12387	Q0	1279458#0	0
12387	Q0	1775196#0	0
12387	Q0	4240715#0	0
12387	Q0	4421848#3	0
12387	Q0	1958820#1	0
12389	Q0	1720090#1	1
12389	Q0	4777865#0	0
12389	Q0	1520499#1	0
12389	Q0	1768945#1	0
12389	Q0	3856048#0	0
12389	Q0	1996065#0	0
12389	Q0	48866#49	0
12389	Q0	1521881#1	0
12389	Q0	35913#7	0
12389	Q0	1940102#0	0
12390	Q0	168650#0	1
12390	Q0	5640#7	1
12390	Q0	1141064#0	0
12390	Q0	1141096#0	0
12390	Q0	1138878#0	0
12390	Q0	5640#22	0
12390	Q0	1985891#0	0
12390	Q0	5640#0	0
12390	Q0	231862#0	0
12390	Q0	231862#5	0
12391	Q0	3638639#0	1
12391	Q0	753288#15	0
12391	Q0	753288#0	0
12391	Q0	753288#6	0
12391	Q0	3523836#2	0
12391	Q0	3575920#18	0
12391	Q0	4296875#1	0
12391	Q0	4296875#0	0
12391	Q0	6270#22	0
12391	Q0	5139832#1	0
12393	Q0	1827057#7	1
12393	Q0	2494683#44	1
12393	Q0	2270#0	1
12393	Q0	2300#5	1
12393	Q0	4243164#78	1
12393	Q0	1827057#0	0
12393	Q0	2270#5	0
12393	Q0	224981#2	0
12393	Q0	2468154#3	0
12393	Q0	3273375#13	0
12395	Q0	2477170#0	1
12395	Q0	5193243#0	0
12395	Q0	2978988#1	0
12395	Q0	8064#0	0
12395	Q0	847984#0	0
12395	Q0	2009583#0	0
12395	Q0	3942852#0	0
12395	Q0	2258942#4	0
12395	Q0	529878#0	0
12395	Q0	315989#0	0
12397	Q0	29750#6	1
12397	Q0	8224#11	1
12397	Q0	12560#0	1
12397	Q0	3947717#2	1
12397	Q0	39369#34	1
12397	Q0	10409#0	1
12397	Q0	29750#0	0
12397	Q0	10409#1	0
12397	Q0	8224#1	0
12397	Q0	2963153#4	0
12398	Q0	29003#57	1
12398	Q0	5488#70	1
12398	Q0	3682#15	1
12398	Q0	3682#0	1
12398	Q0	3682#13	0
12398	Q0	15010#33	0
12398	Q0	3265716#3	0
12398	Q0	45764#13	0
12398	Q0	1650812#1	0
12398	Q0	4426121#16	0
12400	Q0	300888#1	1
12400	Q0	1295397#0	1
12400	Q0	118478#0	1
12400	Q0	4218#50	0
12400	Q0	409144#3	0
12400	Q0	118478#6	0
12400	Q0	311430#4	0
12400	Q0	60085#1	0
12400	Q0	15714#9	0
12400	Q0	4296110#1	0
12401	Q0	338667#1	1
12401	Q0	4225423#19	1
12401	Q0	688537#3	0
12401	Q0	54975#10	0
12401	Q0	240906#0	0
12401	Q0	3384765#0	0
12401	Q0	3900212#10	0
12401	Q0	3044628#0	0
12401	Q0	1520489#3	0
12401	Q0	959448#2	0
12402	Q0	2251249#0	1
12402	Q0	257352#52	1
12402	Q0	257352#1	1
12402	Q0	257352#29	0
12402	Q0	257352#27	0
12402	Q0	2251249#3	0
12402	Q0	2251249#1	0
12402	Q0	257352#34	0
12402	Q0	3144923#5	0
12402	Q0	257352#16	0
12403	Q0	2149#0	1
12403	Q0	293523#0	1
12403	Q0	5229379#0	1
12403	Q0	2277#109	1
12403	Q0	293723#0	1
12403	Q0	2149#12	1
12403	Q0	3942465#16	0
12403	Q0	246748#0	0
12403	Q0	4678298#4	0
12403	Q0	3347#0	0
12404	Q0	5488#11	1
12404	Q0	861834#2	0
12404	Q0	5239414#3	0
12404	Q0	861834#13	0
12404	Q0	705396#2	0
12404	Q0	95629#15	0
12404	Q0	81064#0	0
12404	Q0	50121#71	0
12404	Q0	1252037#3	0
12404	Q0	50121#64	0
12405	Q0	18657#0	1
12405	Q0	18657#2	0
12405	Q0	23470#0	0
12405	Q0	1830544#0	0
12405	Q0	9890#1	0
12405	Q0	18657#1	0
12405	Q0	1741872#0	0
12405	Q0	18657#11	0
12405	Q0	18657#35	0
12405	Q0	154151#0	0
12405	Q0	18657#3	0
12405	Q0	18657#5	0
12405	Q0	18657#4	0
12405	Q0	18657#7	0
12406	Q0	1426362#0	1
12406	Q0	1426362#1	1
12406	Q0	4055016#0	0
12406	Q0	1420223#0	0
12406	Q0	5089100#3	0
12406	Q0	4748015#0	0
12406	Q0	327844#0	0
12406	Q0	457317#0	0
12406	Q0	1097041#0	0
12406	Q0	1420223#1	0
12409	Q0	1008248#1	1
12409	Q0	354269#0	0
12409	Q0	3544893#0	0
12409	Q0	708088#0	0
12409	Q0	882255#0	0
12409	Q0	888564#0	0
12409	Q0	1008248#22	0
12409	Q0	888749#0	0
12409	Q0	3738735#1	0
12409	Q0	87851#1	0
12413	Q0	3670533#2	1
12413	Q0	70023#3	1
12413	Q0	70023#0	0
12413	Q0	1766618#1	0
12413	Q0	1671501#8	0
12413	Q0	945722#5	0
12413	Q0	1680120#1	0
12413	Q0	3888516#0	0
12413	Q0	1434360#20	0
12413	Q0	155628#0	0
12414	Q0	44256#0	1
12414	Q0	44256#3	0
12414	Q0	44256#1	0
12414	Q0	2167598#0	0
12414	Q0	585396#0	0
12414	Q0	1006125#15	0
12414	Q0	101304#0	0
12414	Q0	1134290#0	0
12414	Q0	63930#2	0
12414	Q0	335973#0	0
12416	Q0	102378#0	1
12416	Q0	102378#1	0
12416	Q0	340168#4	0
12416	Q0	3743880#158	0
12416	Q0	6564#0	0
12416	Q0	9390#0	0
12416	Q0	102378#2	0
12416	Q0	3433212#0	0
12416	Q0	3894597#0	0
12416	Q0	340168#3	0
12417	Q0	777620#38	1
12417	Q0	1678140#13	1
12417	Q0	4598#59	1
12417	Q0	5627#0	1
12417	Q0	1164003#2	1
12417	Q0	1942389#2	1
12417	Q0	4335506#4	0
12417	Q0	88619#1	0
12417	Q0	3763135#1	0
12417	Q0	2299#16	0
12418	Q0	283575#0	1
12418	Q0	856531#0	1
12418	Q0	283575#2	0
12418	Q0	283575#1	0
12418	Q0	856531#3	0
12418	Q0	856531#2	0
12418	Q0	856531#1	0
12418	Q0	856531#6	0
12418	Q0	1647078#10	0
12418	Q0	856531#5	0
12420	Q0	127628#0	1
12420	Q0	127626#6	0
12420	Q0	127626#0	0
12420	Q0	1656864#0	0
12420	Q0	3884304#0	0
12420	Q0	5455#0	0
12420	Q0	127626#1	0
12420	Q0	108623#0	0
12420	Q0	220981#0	0
12420	Q0	1654909#0	0
12422	Q0	908063#0	1
12422	Q0	908063#1	1
12422	Q0	4258182#5	0
12422	Q0	343046#0	0
12422	Q0	4126036#0	0
12422	Q0	3551668#0	0
12422	Q0	1940841#2	0
12422	Q0	2943284#0	0
12422	Q0	3250793#0	0
12422	Q0	854576#1	0
12423	Q0	479081#0	1
12423	Q0	1792446#0	1
12423	Q0	34054#11	0
12423	Q0	42554#1	0
12423	Q0	2832977#0	0
12423	Q0	481298#0	0
12423	Q0	259246#6	0
12423	Q0	4389597#0	0
12423	Q0	481294#0	0
12423	Q0	481302#0	0
12427	Q0	2458247#2	1
12427	Q0	2458247#3	1
12427	Q0	2458247#6	0
12427	Q0	199844#1	0
12427	Q0	2458247#5	0
12427	Q0	2453230#2	0
12427	Q0	892270#8	0
12427	Q0	1522235#0	0
12427	Q0	2214161#0	0
12427	Q0	3305377#0	0
12428	Q0	1613#3	1
12428	Q0	8340#11	1
12428	Q0	415165#0	1
12428	Q0	525363#1	1
12428	Q0	588272#1	1
12428	Q0	525363#2	0
12428	Q0	334943#6	0
12428	Q0	1613#52	0
12428	Q0	3580842#0	0
12428	Q0	1613#16	0
12429	Q0	383876#0	1
12429	Q0	3132434#17	0
12429	Q0	383876#1	0
12429	Q0	2312190#1	0
12429	Q0	383876#3	0
12429	Q0	2002506#0	0
12429	Q0	383876#2	0
12429	Q0	295401#0	0
12429	Q0	2312190#3	0
12429	Q0	362994#4	0
12430	Q0	300281#0	1
12430	Q0	290471#0	0
12430	Q0	290471#7	0
12430	Q0	198654#0	0
12430	Q0	4220782#0	0
12430	Q0	9012#0	0
12430	Q0	306956#0	0
12430	Q0	555798#1	0
12430	Q0	1746896#0	0
12430	Q0	1683929#0	0
12432	Q0	35263#56	1
12432	Q0	35263#36	0
12432	Q0	4972019#19	0
12432	Q0	35263#50	0
12432	Q0	35263#41	0
12432	Q0	35263#35	0
12432	Q0	35263#47	0
12432	Q0	35263#76	0
12432	Q0	2737520#1	0
12432	Q0	4601182#3	0
12433	Q0	5150495#2	1
12433	Q0	5148253#3	1
12433	Q0	3006904#0	1
12433	Q0	5149515#0	1
12433	Q0	239453#15	1
12433	Q0	324229#2	0
12433	Q0	5148253#2	0
12433	Q0	3764994#0	0
12433	Q0	2371466#4	0
12433	Q0	2149#30	0
12434	Q0	30703#4	1
12434	Q0	30703#0	1
12434	Q0	1922804#31	1
12434	Q0	30703#5	1
12434	Q0	2201074#0	1
12434	Q0	30703#3	1
12434	Q0	30703#17	0
12434	Q0	30703#16	0
12434	Q0	30703#15	0
12434	Q0	30703#21	0
12435	Q0	227865#0	1
12435	Q0	1573798#8	1
12435	Q0	3520254#6	0
12435	Q0	3520254#0	0
12435	Q0	1573798#2	0
12435	Q0	151284#3	0
12435	Q0	541715#0	0
12435	Q0	2199262#11	0
12435	Q0	1491642#19	0
12435	Q0	291451#21	0
12436	Q0	101275#2	1
12436	Q0	11555#0	1
12436	Q0	326272#2	0
12436	Q0	1613#2	0
12436	Q0	703445#1	0
12436	Q0	986811#2	0
12436	Q0	58390#0	0
12436	Q0	101275#37	0
12436	Q0	1613#72	0
12436	Q0	1904989#5	0
12437	Q0	1578608#0	1
12437	Q0	1578608#3	1
12437	Q0	1578608#12	0
12437	Q0	1578608#11	0
12437	Q0	1578608#10	0
12437	Q0	4649009#0	0
12437	Q0	1578608#9	0
12437	Q0	3971886#21	0
12437	Q0	481663#6	0
12437	Q0	1049223#5	0
12438	Q0	575311#1	1
12438	Q0	861054#1	1
12438	Q0	4111067#3	0
12438	Q0	4110620#7	0
12438	Q0	4110620#4	0
12438	Q0	1648809#4	0
12438	Q0	11918#4	0
12438	Q0	4525115#4	0
12438	Q0	1648809#17	0
12438	Q0	1476258#8	0
12441	Q0	3861#46	1
12441	Q0	1644512#7	0
12441	Q0	3861#48	0
12441	Q0	3861#47	0
12441	Q0	3861#0	0
12441	Q0	144271#0	0
12441	Q0	1644512#2	0
12441	Q0	167212#24	0
12441	Q0	8875#16	0
12441	Q0	3886#0	0
12443	Q0	750374#0	1
12443	Q0	806197#0	0
12443	Q0	2829370#4	0
12443	Q0	13420#5	0
12443	Q0	1241282#49	0
12443	Q0	195956#14	0
12443	Q0	1241282#10	0
12443	Q0	1289639#0	0
12443	Q0	347422#19	0
12443	Q0	144615#0	0
12444	Q0	204236#0	1
12444	Q0	1772548#0	1
12444	Q0	348884#8	1
12444	Q0	204236#9	0
12444	Q0	2644925#1	0
12444	Q0	348884#33	0
12444	Q0	239285#98	0
12444	Q0	2191738#0	0
12444	Q0	1772901#8	0
12444	Q0	970812#31	0
12445	Q0	108525#0	1
12445	Q0	108525#1	1
12445	Q0	108525#2	0
12445	Q0	108525#3	0
12445	Q0	108525#4	0
12445	Q0	108525#6	0
12445	Q0	3436433#0	0
12445	Q0	4850788#0	0
12445	Q0	108525#5	0
12445	Q0	4844672#0	0
12446	Q0	478186#0	1
12446	Q0	970834#10	1
12446	Q0	478187#16	0
12446	Q0	1182919#0	0
12446	Q0	2524065#0	0
12446	Q0	488958#0	0
12446	Q0	2418417#0	0
12446	Q0	29977#0	0
12446	Q0	205547#4	0
12446	Q0	2615593#3	0
12447	Q0	2475741#0	1
12447	Q0	12027#0	1
12447	Q0	2237984#0	1
12447	Q0	78464#0	1
12447	Q0	12027#6	0
12447	Q0	5109019#24	0
12447	Q0	12027#3	0
12447	Q0	1996575#0	0
12447	Q0	486833#0	0
12447	Q0	16547#0	0
12448	Q0	15590#1	1
12448	Q0	442886#3	0
12448	Q0	3383470#2	0
12448	Q0	493544#0	0
12448	Q0	478114#14	0
12448	Q0	1501467#0	0
12448	Q0	442885#0	0
12448	Q0	471396#0	0
12448	Q0	3383470#0	0
12448	Q0	754054#10	0
12449	Q0	3434153#0	1
12449	Q0	3434153#1	0
12449	Q0	1859940#0	0
12449	Q0	1859940#8	0
12449	Q0	1459038#0	0
12449	Q0	2273817#0	0
12449	Q0	3045121#1	0
12449	Q0	5134549#0	0
12449	Q0	3703470#1	0
12449	Q0	5134547#0	0
12450	Q0	1639865#0	1
12450	Q0	1105871#2	1
12450	Q0	1510845#9	0
12450	Q0	1471513#6	0
12450	Q0	2887203#0	0
12450	Q0	63593#9	0
12450	Q0	1283526#13	0
12450	Q0	142566#69	0
12450	Q0	4945934#6	0
12450	Q0	891318#6	0
12452	Q0	4401#0	1
12452	Q0	4401#17	0
12452	Q0	403479#29	0
12452	Q0	1119944#17	0
12452	Q0	4401#23	0
12452	Q0	4401#20	0
12452	Q0	4401#14	0
12452	Q0	55484#3	0
12452	Q0	14646#7	0
12452	Q0	1932558#4	0
12453	Q0	4960836#16	1
12453	Q0	1155271#0	0
12453	Q0	1204363#1	0
12453	Q0	534192#36	0
12453	Q0	4517714#1	0
12453	Q0	2297508#1	0
12453	Q0	1651537#0	0
12453	Q0	1190448#28	0
12453	Q0	3337572#0	0
12453	Q0	482637#1	0
12456	Q0	2772452#0	1
12456	Q0	1671114#1	0
12456	Q0	4321200#0	0
12456	Q0	2772452#3	0
12456	Q0	2711708#2	0
12456	Q0	4192427#21	0
12456	Q0	2907709#8	0
12456	Q0	5059901#5	0
12456	Q0	3124175#1	0
12456	Q0	3972427#1	0
12457	Q0	26862#5	1
12457	Q0	26862#0	0
12457	Q0	4522932#0	0
12457	Q0	1548851#0	0
12457	Q0	26862#19	0
12457	Q0	26862#20	0
12457	Q0	26862#2	0
12457	Q0	26862#4	0
12457	Q0	4603255#1	0
12457	Q0	42148#0	0
12458	Q0	17005#13	1
12458	Q0	17005#2	0
12458	Q0	3433400#1	0
12458	Q0	2546133#8	0
12458	Q0	1532045#11	0
12458	Q0	3437207#0	0
12458	Q0	5154744#0	0
12458	Q0	23059#0	0
12458	Q0	17005#11	0
12458	Q0	5146096#0	0
12460	Q0	34577#15	1
12460	Q0	300592#6	0
12460	Q0	9415#24	0
12460	Q0	3113507#1	0
12460	Q0	34577#6	0
12460	Q0	10024#14	0
12460	Q0	135441#0	0
12460	Q0	10027#16	0
12460	Q0	35166#15	0
12460	Q0	18117#22	0
12461	Q0	387675#4	1
12461	Q0	387675#14	0
12461	Q0	1752397#0	0
12461	Q0	387675#0	0
12461	Q0	19111#0	0
12461	Q0	4240857#0	0
12461	Q0	387675#16	0
12461	Q0	1164164#1	0
12461	Q0	561363#1	0
12461	Q0	387675#13	0
12462	Q0	2778732#7	1
12462	Q0	1980681#0	0
12462	Q0	1458464#5	0
12462	Q0	2647094#3	0
12462	Q0	343116#0	0
12462	Q0	2979055#2	0
12462	Q0	627718#9	0
12462	Q0	1667292#1	0
12462	Q0	1306370#9	0
12462	Q0	148955#1	0
12463	Q0	1731074#5	1
12463	Q0	24956#1	1
12463	Q0	4478160#4	0
12463	Q0	2750736#5	0
12463	Q0	24956#22	0
12463	Q0	1731074#76	0
12463	Q0	24956#11	0
12463	Q0	1731074#3	0
12463	Q0	3917134#1	0
12463	Q0	1731074#10	0
12465	Q0	217169#0	1
12465	Q0	95647#0	0
12465	Q0	4149055#1	0
12465	Q0	1662936#0	0
12465	Q0	232181#0	0
12465	Q0	3311287#0	0
12465	Q0	4038340#0	0
12465	Q0	1960863#0	0
12465	Q0	29185#8	0
12465	Q0	9145#0	0
12468	Q0	162033#0	1
12468	Q0	4499563#0	0
12468	Q0	4445053#0	0
12468	Q0	9575#0	0
12468	Q0	1447388#0	0
12468	Q0	44172#6	0
12468	Q0	3917303#0	0
12468	Q0	2894662#0	0
12468	Q0	165281#1	0
12468	Q0	3422142#0	0
12469	Q0	501646#0	1
12469	Q0	15613#0	1
12469	Q0	7453#1	0
12469	Q0	8984#0	0
12469	Q0	1044084#22	0
12469	Q0	2117733#1	0
12469	Q0	388995#46	0
12469	Q0	148120#0	0
12469	Q0	3027079#0	0
12469	Q0	2363207#8	0
12470	Q0	3104382#0	1
12470	Q0	41858#7	1
12470	Q0	298197#0	0
12470	Q0	1292314#0	0
12470	Q0	3897366#108	0
12470	Q0	2556706#2	0
12470	Q0	4325439#0	0
12470	Q0	496750#0	0
12470	Q0	820381#19	0
12470	Q0	161306#2	0
12473	Q0	63103#2	1
12473	Q0	63103#1	1
12473	Q0	63103#44	0
12473	Q0	63103#20	0
12473	Q0	63103#29	0
12473	Q0	63103#56	0
12473	Q0	63103#3	0
12473	Q0	1389#26	0
12473	Q0	2280210#0	0
12473	Q0	63103#9	0
12474	Q0	356714#0	1
12474	Q0	356714#1	0
12474	Q0	1540125#0	0
12474	Q0	14786#17	0
12474	Q0	356714#11	0
12474	Q0	431279#1	0
12474	Q0	2969539#0	0
12474	Q0	728378#0	0
12474	Q0	259967#1	0
12474	Q0	14786#0	0
12475	Q0	1433049#3	1
12475	Q0	4142405#20	1
12475	Q0	1433049#0	1
12475	Q0	4234602#3	1
12475	Q0	1018236#0	0
12475	Q0	1433049#2	0
12475	Q0	1018236#8	0
12475	Q0	1018236#3	0
12475	Q0	1018236#7	0
12475	Q0	1018236#9	0
12477	Q0	1705201#1	1
12477	Q0	3235375#0	0
12477	Q0	1419988#0	0
12477	Q0	496750#0	0
12477	Q0	4523613#1	0
12477	Q0	940309#0	0
12477	Q0	3959902#189	0
12477	Q0	562261#0	0
12477	Q0	1657156#0	0
12477	Q0	901124#119	0
12478	Q0	195266#0	1
12478	Q0	1063648#0	0
12478	Q0	1266685#91	0
12478	Q0	2283166#51	0
12478	Q0	62417#0	0
12478	Q0	140809#1	0
12478	Q0	140809#0	0
12478	Q0	1158057#0	0
12478	Q0	763689#1	0
12478	Q0	1702216#0	0
12479	Q0	16569#0	1
12479	Q0	1092850#0	0
12479	Q0	16569#2	0
12479	Q0	16569#42	0
12479	Q0	580438#0	0
12479	Q0	16569#40	0
12479	Q0	2976070#0	0
12479	Q0	52442#0	0
12479	Q0	580493#0	0
12479	Q0	541224#0	0
12484	Q0	2797#99	1
12484	Q0	953870#2	1
12484	Q0	2797#100	1
12484	Q0	2797#3	1
12484	Q0	2449909#0	0
12484	Q0	953870#1	0
12484	Q0	953870#0	0
12484	Q0	2797#101	0
12484	Q0	2797#103	0
12484	Q0	953868#0	0
12489	Q0	1566839#16	1
12489	Q0	3898#3	0
12489	Q0	365922#3	0
12489	Q0	1566839#17	0
12489	Q0	1551747#4	0
12489	Q0	1821410#1	0
12489	Q0	280738#5	0
12489	Q0	68606#54	0
12489	Q0	1566839#14	0
12489	Q0	68606#59	0
12491	Q0	29072#6	1
12491	Q0	1260525#3	0
12491	Q0	2468154#3	0
12491	Q0	3692051#13	0
12491	Q0	29072#16	0
12491	Q0	29072#4	0
12491	Q0	1827057#0	0
12491	Q0	2270#13	0
12491	Q0	29072#29	0
12491	Q0	29072#17	0
12492	Q0	429159#0	1
12492	Q0	4322937#0	0
12492	Q0	4335121#0	0
12492	Q0	4286351#1	0
12492	Q0	2489154#5	0
12492	Q0	485090#3	0
12492	Q0	27129#7	0
12492	Q0	5199187#0	0
12492	Q0	250765#1	0
12492	Q0	3175169#0	0
12493	Q0	343727#1	1
12493	Q0	343727#0	1
12493	Q0	108451#4	0
12493	Q0	482786#0	0
12493	Q0	104633#0	0
12493	Q0	2803649#6	0
12493	Q0	1113320#8	0
12493	Q0	2803649#7	0
12493	Q0	292220#2	0
12493	Q0	2011481#0	0
12494	Q0	3896#5	1
12494	Q0	3896#1	1
12494	Q0	3896#0	1
12494	Q0	3896#6	0
12494	Q0	473015#0	0
12494	Q0	3896#7	0
12494	Q0	1681526#0	0
12494	Q0	955973#0	0
12494	Q0	88085#7	0
12494	Q0	2276685#0	0
12495	Q0	400497#1	1
12495	Q0	4818924#38	1
12495	Q0	172933#31	1
12495	Q0	15317#2	1
12495	Q0	3867#11	0
12495	Q0	455271#28	0
12495	Q0	400497#2	0
12495	Q0	1369#35	0
12495	Q0	100637#15	0
12495	Q0	3294913#5	0
12496	Q0	19126#0	1
12496	Q0	19126#1	0
12496	Q0	19126#6	0
12496	Q0	119523#3	0
12496	Q0	5001985#0	0
12496	Q0	1575187#0	0
12496	Q0	19126#2	0
12496	Q0	2160116#1	0
12496	Q0	511963#1	0
12496	Q0	2402672#0	0
12497	Q0	4287#0	1
12497	Q0	151284#37	0
12497	Q0	400490#55	0
12497	Q0	3521068#4	0
12497	Q0	400490#54	0
12497	Q0	151284#36	0
12497	Q0	291451#3	0
12497	Q0	2296972#5	0
12497	Q0	2291195#4	0
12497	Q0	2291195#2	0
12498	Q0	231568#14	1
12498	Q0	231568#39	1
12498	Q0	1031351#31	1
12498	Q0	231568#24	0
12498	Q0	231568#0	0
12498	Q0	1267680#6	0
12498	Q0	1267628#4	0
12498	Q0	3668564#1	0
12498	Q0	1490498#25	0
12498	Q0	12869#12	0
12501	Q0	16558#9	1
12501	Q0	1947419#0	1
12501	Q0	1947419#2	0
12501	Q0	12813#0	0
12501	Q0	16558#3	0
12501	Q0	1962592#0	0
12501	Q0	1960481#2	0
12501	Q0	1967363#2	0
12501	Q0	1996433#1	0
12501	Q0	16558#0	0
12503	Q0	1681257#0	1
12503	Q0	1681257#3	1
12503	Q0	2520524#0	0
12503	Q0	1681257#6	0
12503	Q0	1681257#15	0
12503	Q0	2188542#13	0
12503	Q0	1681257#11	0
12503	Q0	2310096#0	0
12503	Q0	1571452#4	0
12503	Q0	1681257#9	0
12504	Q0	2401156#2	1
12504	Q0	124673#4	1
12504	Q0	17187#9	0
12504	Q0	1154577#0	0
12504	Q0	961863#0	0
12504	Q0	1822015#1	0
12504	Q0	2472427#0	0
12504	Q0	4948960#0	0
12504	Q0	1646448#0	0
12504	Q0	4894507#1	0
12505	Q0	994204#0	1
12505	Q0	12678#14	0
12505	Q0	4201527#0	0
12505	Q0	274341#1	0
12505	Q0	3080889#0	0
12505	Q0	3084908#0	0
12505	Q0	1114848#0	0
12505	Q0	645084#2	0
12505	Q0	4780179#0	0
12505	Q0	1738319#29	0
12506	Q0	28289#3	1
12506	Q0	28289#0	0
12506	Q0	28289#23	0
12506	Q0	1748948#0	0
12506	Q0	546785#19	0
12506	Q0	28289#27	0
12506	Q0	631131#0	0
12506	Q0	3433263#0	0
12506	Q0	28289#4	0
12506	Q0	3780511#0	0
12508	Q0	537090#0	1
12508	Q0	537090#4	0
12508	Q0	4342778#6	0
12508	Q0	3430191#0	0
12508	Q0	2004763#7	0
12508	Q0	4333226#0	0
12508	Q0	3942512#2	0
12508	Q0	257345#8	0
12508	Q0	2006411#0	0
12508	Q0	1829428#0	0
12511	Q0	2550733#4	1
12511	Q0	3944#195	1
12511	Q0	37196#89	0
12511	Q0	1548789#1	0
12511	Q0	5203900#3	0
12511	Q0	5203900#14	0
12511	Q0	3554228#3	0
12511	Q0	5203900#4	0
12511	Q0	4608445#20	0
12511	Q0	3546704#110	0
12512	Q0	3915#1	1
12512	Q0	19068#0	1
12512	Q0	19068#1	1
12512	Q0	1349753#0	0
12512	Q0	894197#0	0
12512	Q0	1532599#0	0
12512	Q0	3435367#0	0
12512	Q0	4259759#6	0
12512	Q0	3409412#0	0
12512	Q0	4058529#0	0
12514	Q0	19270#0	1
12514	Q0	19270#5	0
12514	Q0	19270#6	0
12516	Q0	666738#0	1
12516	Q0	666738#5	1
12516	Q0	4140541#0	1
12516	Q0	666738#2	1
12516	Q0	666738#55	1
12516	Q0	666738#38	1
12516	Q0	666738#3	0
12516	Q0	666738#46	0
12516	Q0	666738#7	0
12516	Q0	666738#51	0
12517	Q0	109167#0	1
12517	Q0	24487#7	1
12517	Q0	3046985#3	1
12517	Q0	996908#0	0
12517	Q0	2778448#33	0
12517	Q0	24507#1	0
12517	Q0	109167#52	0
12517	Q0	109167#26	0
12517	Q0	109167#3	0
12517	Q0	1140154#23	0
12518	Q0	2371433#2	1
12518	Q0	2371433#3	1
12518	Q0	2531734#0	1
12518	Q0	1935214#2	0
12518	Q0	2386473#6	0
12518	Q0	4208639#0	0
12518	Q0	2542574#4	0
12518	Q0	598342#0	0
12518	Q0	753708#0	0
12518	Q0	148822#0	0
12520	Q0	2651#1	1
12520	Q0	2651#0	1
12520	Q0	51933#0	1
12520	Q0	51933#1	0
12520	Q0	2651#13	0
12520	Q0	3266126#4	0
12520	Q0	1544#10	0
12520	Q0	2651#54	0
12520	Q0	2499678#0	0
12520	Q0	2963153#4	0
12521	Q0	307861#0	1
12521	Q0	307861#1	0
12521	Q0	1070009#8	0
12521	Q0	1501337#13	0
12521	Q0	1513363#5	0
12521	Q0	1513363#14	0
12521	Q0	1513363#11	0
12521	Q0	1513363#10	0
12521	Q0	1945902#6	0
12521	Q0	1513363#6	0
12522	Q0	167977#0	1
12522	Q0	167977#1	0
12522	Q0	167977#2	0
12522	Q0	167977#3	0
12522	Q0	165196#19	0
12522	Q0	2526518#0	0
12522	Q0	1449014#0	0
12522	Q0	36676#0	0
12522	Q0	1995381#0	0
12522	Q0	165203#2	0
12523	Q0	173190#7	1
12523	Q0	173190#2	1
12523	Q0	173190#5	0
12523	Q0	676563#2	0
12523	Q0	173190#3	0
12523	Q0	631595#1	0
12523	Q0	173190#0	0
12523	Q0	676563#8	0
12523	Q0	4312252#0	0
12523	Q0	173190#12	0
12525	Q0	915560#2	1
12525	Q0	3454409#3	1
12525	Q0	807529#3	0
12525	Q0	147538#2	0
12525	Q0	775323#3	0
12525	Q0	326812#46	0
12525	Q0	862372#0	0
12525	Q0	43693#0	0
12525	Q0	1660848#1	0
12525	Q0	943040#1	0
12532	Q0	16919#6	1
12532	Q0	8741#0	1
12532	Q0	6953#45	1
12532	Q0	16919#1	1
12532	Q0	16919#5	0
12532	Q0	16919#22	0
12532	Q0	16919#3	0
12532	Q0	155852#5	0
12532	Q0	351043#18	0
12532	Q0	351043#20	0
12533	Q0	580584#0	1
12533	Q0	3906220#0	0
12533	Q0	2477016#0	0
12533	Q0	591040#0	0
12533	Q0	4957660#0	0
12533	Q0	4946329#0	0
12533	Q0	1250#0	0
12533	Q0	4324078#1	0
12533	Q0	2993924#0	0
12533	Q0	4966901#0	0
12534	Q0	5232939#0	1
12534	Q0	5232939#2	1
12534	Q0	5232939#4	1
12534	Q0	5232939#1	1
12534	Q0	5232939#9	0
12534	Q0	5232939#8	0
12534	Q0	5232939#16	0
12534	Q0	5232939#14	0
12534	Q0	5232939#5	0
12534	Q0	5232939#3	0
12537	Q0	32385#0	1
12537	Q0	429810#0	1
12537	Q0	759460#0	0
12537	Q0	3956242#0	0
12537	Q0	3220483#0	0
12537	Q0	2773521#0	0
12537	Q0	2941604#0	0
12537	Q0	2888721#0	0
12537	Q0	32385#1	0
12537	Q0	953420#3	0
12538	Q0	1728618#1	1
12538	Q0	557682#0	1
12538	Q0	557682#5	0
12538	Q0	306029#0	0
12538	Q0	2274990#11	0
12538	Q0	4780487#4	0
12538	Q0	261836#29	0
12538	Q0	297359#0	0
12538	Q0	737188#1	0
12538	Q0	1728618#2	0
12539	Q0	586704#13	1
12539	Q0	586704#46	0
12539	Q0	586704#26	0
12539	Q0	586704#38	0
12539	Q0	4476718#4	0
12539	Q0	3437318#0	0
12539	Q0	2152#1	0
12539	Q0	586704#31	0
12539	Q0	453789#0	0
12539	Q0	586704#16	0
12541	Q0	1108139#2	1
12541	Q0	3117549#2	1
12541	Q0	1108139#6	0
12541	Q0	1108139#16	0
12541	Q0	1776510#0	0
12541	Q0	3134755#1	0
12541	Q0	232863#1	0
12541	Q0	3966128#9	0
12541	Q0	3464195#1	0
12541	Q0	1305077#8	0
12543	Q0	102703#0	1
12543	Q0	102703#16	0
12543	Q0	18853#34	0
12543	Q0	15844#2	0
12543	Q0	2339879#1	0
12543	Q0	102703#1	0
12543	Q0	1099563#1	0
12543	Q0	498401#0	0
12543	Q0	102703#5	0
12543	Q0	747941#20	0
12546	Q0	493734#0	1
12546	Q0	105746#0	0
12546	Q0	890693#0	0
12546	Q0	2731250#1	0
12546	Q0	19623#2	0
12546	Q0	108642#0	0
12546	Q0	315910#0	0
12546	Q0	3764514#0	0
12546	Q0	139246#0	0
12546	Q0	350894#0	0
12547	Q0	100434#0	1
12547	Q0	3412#64	1
12547	Q0	45163#15	1
12547	Q0	4265227#11	1
12547	Q0	100434#1	0
12547	Q0	100434#12	0
12547	Q0	100434#6	0
12547	Q0	80918#0	0
12547	Q0	510365#0	0
12547	Q0	100434#3	0
12548	Q0	3670#36	1
12548	Q0	923334#0	1
12548	Q0	3670#49	1
12548	Q0	16569#34	1
12548	Q0	3114125#0	1
12548	Q0	1109979#0	0
12548	Q0	1134830#15	0
12548	Q0	1134830#21	0
12548	Q0	39369#19	0
12548	Q0	26994#35	0
12551	Q0	313925#0	1
12551	Q0	3717476#0	0
12551	Q0	1701353#0	0
12551	Q0	1521408#0	0
12551	Q0	29629#4	0
12551	Q0	313925#3	0
12551	Q0	3917303#0	0
12551	Q0	763901#1	0
12551	Q0	558377#0	0
12551	Q0	4059164#0	0
12555	Q0	2619#0	1
12555	Q0	1821651#5	1
12555	Q0	2619#11	1
12555	Q0	1652#3	0
12555	Q0	2908703#1	0
12555	Q0	1464835#1	0
12555	Q0	39369#42	0
12555	Q0	338086#1	0
12555	Q0	718441#6	0
12555	Q0	1476377#53	0
12557	Q0	557781#9	1
12557	Q0	50296#5	1
12557	Q0	50296#4	1
12557	Q0	1099444#0	0
12557	Q0	1058969#0	0
12557	Q0	1058969#28	0
12557	Q0	1058969#27	0
12557	Q0	1931356#7	0
12557	Q0	50296#0	0
12557	Q0	1058969#1	0
12558	Q0	1253#23	1
12558	Q0	1048463#0	1
12558	Q0	19925#1	0
12558	Q0	1054909#1	0
12558	Q0	2548605#2	0
12558	Q0	1048463#4	0
12558	Q0	3532148#15	0
12558	Q0	52000#0	0
12558	Q0	1253#24	0
12558	Q0	4678298#35	0
12559	Q0	1887933#0	1
12559	Q0	1153060#0	0
12559	Q0	3919207#1	0
12559	Q0	5005596#0	0
12559	Q0	3463550#0	0
12559	Q0	232683#0	0
12559	Q0	155730#1	0
12559	Q0	2306519#0	0
12559	Q0	773268#0	0
12559	Q0	1693922#0	0
12561	Q0	2552118#0	1
12561	Q0	53686#32	0
12561	Q0	15757#4	0
12561	Q0	360418#3	0
12561	Q0	3989262#16	0
12561	Q0	2522476#1	0
12561	Q0	2465672#0	0
12561	Q0	2011266#0	0
12561	Q0	53686#33	0
12561	Q0	62904#42	0
12562	Q0	31355#0	1
12562	Q0	31839#0	1
12562	Q0	417987#0	0
12562	Q0	94777#2	0
12562	Q0	31839#1	0
12562	Q0	203752#1	0
12562	Q0	308182#2	0
12562	Q0	477259#0	0
12562	Q0	31355#1	0
12562	Q0	33714#0	0
12564	Q0	19126#1	1
12564	Q0	19126#0	1
12564	Q0	19126#2	0
12564	Q0	1575187#0	0
12564	Q0	5001985#0	0
12564	Q0	119523#3	0
12564	Q0	19126#5	0
12564	Q0	172545#0	0
12564	Q0	3205051#1	0
12564	Q0	2402672#0	0
12565	Q0	40927#0	1
12565	Q0	1802649#0	0
12565	Q0	602316#3	0
12565	Q0	2407963#4	0
12565	Q0	3942476#1	0
12565	Q0	602316#0	0
12565	Q0	602316#1	0
12565	Q0	5105935#1	0
12565	Q0	2992494#0	0
12565	Q0	594766#12	0
12566	Q0	728075#0	1
12566	Q0	728075#3	0
12566	Q0	728075#1	0
12566	Q0	728075#2	0
12566	Q0	238772#0	0
12566	Q0	1592351#1	0
12566	Q0	2530447#0	0
12566	Q0	3229255#0	0
12566	Q0	2530458#0	0
12566	Q0	2171146#0	0
12567	Q0	3899#4	1
12567	Q0	3899#0	0
12567	Q0	3899#54	0
12567	Q0	3899#3	0
12567	Q0	3899#74	0
12567	Q0	1080645#9	0
12567	Q0	3899#1	0
12567	Q0	3230091#3	0
12567	Q0	2991172#0	0
12567	Q0	2546748#5	0
12570	Q0	13549#0	1
12570	Q0	13549#1	1
12570	Q0	15020#29	1
12570	Q0	13549#7	1
12570	Q0	13549#2	1
12570	Q0	7489#0	0
12570	Q0	1667259#0	0
12570	Q0	1946#23	0
12570	Q0	13549#4	0
12570	Q0	1946#21	0
12573	Q0	2740727#0	1
12573	Q0	2740727#1	1
12573	Q0	3358953#0	1
12573	Q0	1662638#2	0
12573	Q0	2989305#14	0
12573	Q0	3695213#0	0
12573	Q0	2740727#4	0
12573	Q0	2740727#2	0
12573	Q0	4267154#0	0
12573	Q0	2502505#1	0
12575	Q0	4613371#0	1
12575	Q0	2617576#0	0
12575	Q0	4613371#3	0
12575	Q0	4613371#1	0
12575	Q0	4613371#7	0
12575	Q0	4613371#8	0
12575	Q0	3268609#0	0
12575	Q0	4613371#6	0
12575	Q0	3268609#1	0
12575	Q0	2269256#2	0
12576	Q0	361598#0	1
12576	Q0	361843#0	0
12576	Q0	361598#2	0
12576	Q0	2629085#1	0
12576	Q0	1667172#5	0
12576	Q0	468087#2	0
12576	Q0	2344486#1	0
12576	Q0	1768958#3	0
12576	Q0	3827249#0	0
12576	Q0	707553#0	0
12578	Q0	940239#0	1
12578	Q0	22902#15	1
12578	Q0	22902#55	1
12578	Q0	22902#5	1
12578	Q0	22902#37	1
12578	Q0	22902#1	1
12578	Q0	22902#2	0
12578	Q0	22902#4	0
12578	Q0	22902#14	0
12578	Q0	23951#0	0
12578	Q0	4342906#0	0
12578	Q0	22902#64	0
12578	Q0	22902#8	0
12578	Q0	22902#68	0
12580	Q0	193307#85	1
12580	Q0	65305#0	0
12580	Q0	63386#0	0
12580	Q0	38991#28	0
12580	Q0	65391#0	0
12580	Q0	630537#1	0
12580	Q0	65514#0	0
12580	Q0	83001#3	0
12580	Q0	65305#10	0
12580	Q0	24035#7	0
12582	Q0	1330934#6	1
12582	Q0	24348#0	0
12582	Q0	5228014#3	0
12582	Q0	15828#29	0
12582	Q0	4506887#0	0
12582	Q0	15828#14	0
12582	Q0	240231#2	0
12582	Q0	2554782#0	0
12582	Q0	15828#25	0
12582	Q0	42352#3	0
12587	Q0	1516337#2	1
12587	Q0	11989#0	1
12587	Q0	1516337#0	1
12587	Q0	1516337#12	1
12587	Q0	11989#2	1
12587	Q0	300551#0	1
12587	Q0	11989#3	0
12587	Q0	1508183#2	0
12587	Q0	1508183#0	0
12587	Q0	1516337#23	0
12588	Q0	491945#1	1
12588	Q0	590048#0	0
12588	Q0	4823098#0	0
12588	Q0	202185#0	0
12588	Q0	2502943#2	0
12588	Q0	2078328#4	0
12588	Q0	4744820#1	0
12588	Q0	876802#4	0
12588	Q0	1059540#66	0
12588	Q0	1225299#1	0
12589	Q0	1820784#8	1
12589	Q0	4313417#0	0
12589	Q0	1820784#0	0
12589	Q0	932011#0	0
12589	Q0	4617431#0	0
12589	Q0	1305661#0	0
12589	Q0	298197#0	0
12589	Q0	208454#2	0
12589	Q0	969084#0	0
12589	Q0	1682273#0	0
12592	Q0	11662#1	1
12592	Q0	7579#5	0
12592	Q0	1000211#0	0
12592	Q0	1219825#1	0
12592	Q0	117011#35	0
12592	Q0	2293#38	0
12592	Q0	6616#8	0
12592	Q0	10452#0	0
12592	Q0	10865#0	0
12592	Q0	148536#0	0
12593	Q0	24025#0	1
12593	Q0	1877342#1	0
12593	Q0	244299#0	0
12593	Q0	1642158#0	0
12593	Q0	420676#0	0
12593	Q0	3180749#0	0
12593	Q0	3546761#0	0
12593	Q0	3767869#0	0
12593	Q0	3689775#1	0
12593	Q0	434740#0	0
12595	Q0	751627#0	1
12595	Q0	1596365#0	0
12595	Q0	1424793#0	0
12595	Q0	12992#0	0
12595	Q0	139151#24	0
12595	Q0	139151#26	0
12595	Q0	1091274#0	0
12595	Q0	891681#0	0
12595	Q0	1091274#49	0
12595	Q0	626581#0	0
12596	Q0	228907#0	1
12596	Q0	228907#5	1
12596	Q0	2545649#0	0
12596	Q0	3179468#0	0
12596	Q0	3179325#0	0
12596	Q0	1503014#2	0
12596	Q0	2220013#0	0
12596	Q0	268023#0	0
12596	Q0	1975252#0	0
12596	Q0	2444243#0	0
12599	Q0	1569#37	1
12599	Q0	1115525#16	0
12599	Q0	2484585#24	0
12599	Q0	31035#33	0
12599	Q0	24129#1	0
12599	Q0	31035#19	0
12599	Q0	1115525#17	0
12599	Q0	1967446#2	0
12599	Q0	3462553#0	0
12599	Q0	2549752#3	0
12600	Q0	750060#0	1
12600	Q0	400437#5	0
12600	Q0	269626#0	0
12600	Q0	750060#2	0
12600	Q0	1016791#0	0
12600	Q0	3181006#0	0
12600	Q0	2715776#0	0
12600	Q0	183295#0	0
12600	Q0	750060#1	0
12600	Q0	2426544#76	0
12601	Q0	1855#0	1
12601	Q0	1855#7	1
12601	Q0	1855#3	1
12601	Q0	1769623#0	1
12601	Q0	970812#59	1
12601	Q0	2276#40	0
12601	Q0	4444#34	0
12601	Q0	1855#43	0
12601	Q0	1072730#0	0
12601	Q0	1855#71	0
12603	Q0	2214725#0	1
12603	Q0	5488#12	1
12603	Q0	61474#0	1
12603	Q0	861834#22	1
12603	Q0	61474#1	1
12603	Q0	20177#0	0
12603	Q0	9737#0	0
12603	Q0	44818#0	0
12603	Q0	2214725#1	0
12603	Q0	39184#0	0
12604	Q0	161187#0	1
12604	Q0	2478281#3	0
12604	Q0	161187#1	0
12604	Q0	2974694#0	0
12604	Q0	58815#0	0
12604	Q0	323596#2	0
12604	Q0	3356038#1	0
12604	Q0	4974#5	0
12604	Q0	2207200#0	0
12604	Q0	3356038#0	0
12609	Q0	5492#2	1
12609	Q0	12097#0	1
12609	Q0	2528356#1	1
12609	Q0	12097#36	0
12609	Q0	3161056#0	0
12609	Q0	12097#21	0
12609	Q0	5492#0	0
12609	Q0	96789#0	0
12609	Q0	4970875#0	0
12609	Q0	3161056#10	0
12610	Q0	91130#2	1
12610	Q0	298197#0	0
12610	Q0	4333106#3	0
12610	Q0	3032793#0	0
12610	Q0	3945085#87	0
12610	Q0	161306#2	0
12610	Q0	5148283#0	0
12610	Q0	1198609#80	0
12610	Q0	4193806#12	0
12610	Q0	820381#19	0
12613	Q0	2983#40	1
12613	Q0	464369#5	1
12613	Q0	2983#0	1
12613	Q0	1099930#3	0
12613	Q0	1099930#0	0
12613	Q0	464369#0	0
12613	Q0	2983#1	0
12613	Q0	1099930#5	0
12613	Q0	2983#37	0
12613	Q0	2983#5	0
12614	Q0	1712319#19	1
12614	Q0	1712319#1	1
12614	Q0	1712319#29	1
12614	Q0	1712319#26	1
12614	Q0	1712319#7	0
12614	Q0	1712319#0	0
12614	Q0	1712319#4	0
12614	Q0	1712319#6	0
12614	Q0	1712319#60	0
12614	Q0	1712319#31	0
12616	Q0	588803#13	1
12616	Q0	1507817#2	1
12616	Q0	2433567#49	0
12616	Q0	596838#37	0
12616	Q0	1156523#5	0
12616	Q0	1656#54	0
12616	Q0	1541329#11	0
12616	Q0	588803#14	0
12616	Q0	288536#5	0
12616	Q0	1156523#35	0
12617	Q0	52321#0	1
12617	Q0	3044487#0	0
12617	Q0	52321#5	0
12617	Q0	3044481#0	0
12617	Q0	323194#0	0
12617	Q0	52321#18	0
12617	Q0	443116#2	0
12617	Q0	4326043#0	0
12617	Q0	3044470#0	0
12617	Q0	3044501#0	0
12619	Q0	35565#0	1
12619	Q0	35565#20	1
12619	Q0	35565#3	0
12619	Q0	35565#26	0
12619	Q0	35565#22	0
12619	Q0	35565#28	0
12619	Q0	35565#21	0
12619	Q0	35565#2	0
12619	Q0	35565#36	0
12619	Q0	526848#0	0
12620	Q0	6560#0	1
12620	Q0	308788#0	1
12620	Q0	6560#5	1
12620	Q0	6560#13	0
12620	Q0	68427#7	0
12620	Q0	884108#115	0
12620	Q0	6560#10	0
12620	Q0	926419#0	0
12620	Q0	6560#14	0
12620	Q0	884108#0	0
12620	Q0	6560#18	0
12622	Q0	1857488#1	1
12622	Q0	3453823#5	0
12622	Q0	1915794#0	0
12622	Q0	3851700#0	0
12622	Q0	1913084#0	0
12622	Q0	1810644#0	0
12622	Q0	3718241#0	0
12622	Q0	4644084#0	0
12622	Q0	4881779#1	0
12622	Q0	1876921#0	0
12623	Q0	3300894#0	1
12623	Q0	882227#0	0
12623	Q0	3402697#0	0
12623	Q0	64175#0	0
12623	Q0	1507278#2	0
12623	Q0	1505755#1	0
12623	Q0	1505755#2	0
12623	Q0	64175#1	0
12623	Q0	4142014#0	0
12623	Q0	1507278#1	0
12624	Q0	25798#0	1
12624	Q0	6633#7	0
12624	Q0	14654#16	0
12624	Q0	25798#7	0
12624	Q0	14654#0	0
12624	Q0	41320#0	0
12624	Q0	3044768#1	0
12624	Q0	30398#4	0
12624	Q0	25798#1	0
12624	Q0	3601#51	0
12627	Q0	1369#179	1
12627	Q0	1429406#1	1
12627	Q0	969226#0	1
12627	Q0	4930233#1	0
12627	Q0	388901#1	0
12627	Q0	330233#0	0
12627	Q0	1429406#2	0
12627	Q0	3325922#0	0
12627	Q0	3367255#51	0
12627	Q0	670371#44	0
12629	Q0	3054910#1	1
12629	Q0	3054910#9	1
12629	Q0	3054910#5	1
12629	Q0	3054910#6	1
12629	Q0	3054910#23	0
12629	Q0	760789#3	0
12629	Q0	3054910#8	0
12629	Q0	1993213#53	0
12629	Q0	758428#2	0
12629	Q0	628118#2	0
12630	Q0	144657#0	1
12630	Q0	144657#2	1
12630	Q0	144657#1	1
12630	Q0	1838760#0	0
12630	Q0	1436253#0	0
12630	Q0	453922#0	0
12630	Q0	2867772#10	0
12630	Q0	1966148#2	0
12630	Q0	1740324#0	0
12630	Q0	144657#4	0
12631	Q0	34583#0	1
12631	Q0	517316#0	1
12631	Q0	5204458#0	1
12631	Q0	34583#13	0
12631	Q0	1698058#1	0
12631	Q0	1591340#0	0
12631	Q0	1729442#0	0
12631	Q0	34583#9	0
12631	Q0	1001901#0	0
12631	Q0	38970#0	0
12633	Q0	150721#0	1
12633	Q0	1010103#2	0
12633	Q0	3455954#0	0
12633	Q0	150721#1	0
12633	Q0	408723#0	0
12633	Q0	3132584#19	0
12633	Q0	1737932#11	0
12633	Q0	4737603#0	0
12633	Q0	205255#0	0
12633	Q0	925895#32	0
12634	Q0	975279#15	1
12634	Q0	975279#0	1
12634	Q0	975279#7	0
12634	Q0	3142481#15	0
12634	Q0	4295087#25	0
12634	Q0	4229660#0	0
12634	Q0	945659#11	0
12634	Q0	975279#19	0
12634	Q0	390822#3	0
12634	Q0	975279#21	0
12635	Q0	609678#0	1
12635	Q0	609678#1	0
12635	Q0	627255#1	0
12635	Q0	1947641#2	0
12635	Q0	537913#1	0
12635	Q0	1960649#2	0
12635	Q0	1412243#3	0
12635	Q0	1963852#2	0
12635	Q0	1963767#2	0
12635	Q0	1967292#2	0
12636	Q0	4059222#0	1
12636	Q0	4059222#1	0
12636	Q0	336042#0	0
12636	Q0	4059222#4	0
12636	Q0	4059222#3	0
12636	Q0	2974674#0	0
12636	Q0	2974674#3	0
12636	Q0	336042#6	0
12636	Q0	2974674#5	0
12636	Q0	2014#6	0
12638	Q0	4229356#0	1
12638	Q0	4229356#10	0
12638	Q0	4229356#3	0
12638	Q0	241735#0	0
12638	Q0	4229356#7	0
12638	Q0	4229356#15	0
12638	Q0	4957917#0	0
12638	Q0	4229356#24	0
12638	Q0	4229356#22	0
12638	Q0	4229356#16	0
12639	Q0	1449729#0	1
12639	Q0	1427324#0	0
12639	Q0	581026#0	0
12639	Q0	1309#11	0
12639	Q0	493700#0	0
12639	Q0	4295242#0	0
12639	Q0	3052121#7	0
12639	Q0	1309#84	0
12639	Q0	1511316#6	0
12639	Q0	120926#0	0
12640	Q0	1592603#0	1
12640	Q0	385631#2	1
12640	Q0	3023279#7	0
12640	Q0	5148283#1	0
12640	Q0	385631#3	0
12640	Q0	3322555#7	0
12640	Q0	3118799#1	0
12640	Q0	740382#1	0
12640	Q0	19873#8	0
12640	Q0	385631#4	0
12641	Q0	65398#0	1
12641	Q0	423594#5	0
12641	Q0	721605#31	0
12641	Q0	4444#47	0
12641	Q0	1726235#0	0
12641	Q0	718048#16	0
12641	Q0	70419#14	0
12641	Q0	2798718#0	0
12641	Q0	1980458#0	0
12641	Q0	470389#9	0
12642	Q0	286744#3	1
12642	Q0	286744#0	1
12642	Q0	298197#0	0
12642	Q0	204058#22	0
12642	Q0	380477#0	0
12642	Q0	204058#23	0
12642	Q0	204058#20	0
12642	Q0	4346210#0	0
12642	Q0	1674771#1	0
12642	Q0	3959902#189	0
12642	Q0	2805158#0	0
12642	Q0	286744#9	0
12642	Q0	286744#10	0
12645	Q0	1432#0	1
12645	Q0	872470#0	0
12645	Q0	488304#6	0
12645	Q0	461051#0	0
12645	Q0	1432#1	0
12645	Q0	1433#2	0
12645	Q0	1771504#0	0
12645	Q0	1110374#8	0
12645	Q0	3254142#0	0
12645	Q0	348911#13	0
12648	Q0	49717#0	1
12648	Q0	49717#3	0
12648	Q0	1782522#2	0
12648	Q0	49717#5	0
12648	Q0	4615497#7	0
12648	Q0	46552#18	0
12648	Q0	2985883#3	0
12648	Q0	282506#6	0
12648	Q0	49717#22	0
12648	Q0	512817#4	0
12650	Q0	23268#7	1
12650	Q0	23268#6	1
12650	Q0	23268#0	0
12650	Q0	23268#1	0
12650	Q0	5583#46	0
12650	Q0	23268#2	0
12650	Q0	1279510#2	0
12650	Q0	3006159#0	0
12650	Q0	1279510#4	0
12650	Q0	1091327#1	0
12653	Q0	1284233#0	1
12653	Q0	227865#4	1
12653	Q0	512462#0	0
12653	Q0	1097059#1	0
12653	Q0	2189404#2	0
12653	Q0	3924328#1	0
12653	Q0	654824#37	0
12653	Q0	3454365#2	0
12653	Q0	747907#6	0
12653	Q0	884797#0	0
12654	Q0	5064359#3	1
12654	Q0	241484#2	1
12654	Q0	1804914#0	0
12654	Q0	3273375#0	0
12654	Q0	5066048#2	0
12654	Q0	2270#13	0
12654	Q0	3273375#16	0
12654	Q0	129959#8	0
12654	Q0	3273375#7	0
12654	Q0	3273375#14	0
12658	Q0	144073#6	1
12658	Q0	580663#4	1
12658	Q0	3893345#8	1
12658	Q0	4610598#8	0
12658	Q0	3893345#0	0
12658	Q0	3893345#10	0
12658	Q0	749171#33	0
12658	Q0	3893345#2	0
12658	Q0	4882970#6	0
12658	Q0	935773#7	0
12659	Q0	3642663#46	1
12659	Q0	755704#0	1
12659	Q0	755704#1	1
12659	Q0	755704#5	0
12659	Q0	3142481#5	0
12659	Q0	3142481#8	0
12659	Q0	3142481#9	0
12659	Q0	3142481#2	0
12659	Q0	3132196#6	0
12659	Q0	3142481#12	0
12661	Q0	1644223#0	1
12661	Q0	1728433#0	0
12661	Q0	1711136#1	0
12661	Q0	66031#28	0
12661	Q0	246484#1	0
12661	Q0	1644223#1	0
12661	Q0	1711136#6	0
12661	Q0	246484#17	0
12661	Q0	3755720#12	0
12661	Q0	296429#0	0
12662	Q0	63363#0	1
12662	Q0	63363#5	1
12662	Q0	63363#19	0
12662	Q0	63363#18	0
12662	Q0	63363#20	0
12662	Q0	63363#13	0
12662	Q0	1336202#1	0
12662	Q0	63363#21	0
12662	Q0	63363#22	0
12662	Q0	588116#19	0
12662	Q0	425308#1	0
12662	Q0	63363#4	0
12662	Q0	63363#14	0
12662	Q0	63363#3	0
12663	Q0	1651116#0	1
12663	Q0	955377#2	0
12663	Q0	6488#40	0
12663	Q0	616260#0	0
12663	Q0	48622#5	0
12663	Q0	192268#22	0
12663	Q0	2822697#0	0
12663	Q0	30067#11	0
12663	Q0	660042#5	0
12663	Q0	3916120#3	0
12664	Q0	1100892#0	1
12664	Q0	659229#0	0
12664	Q0	659229#34	0
12664	Q0	1100892#9	0
12664	Q0	1100892#1	0
12664	Q0	1100892#5	0
12664	Q0	1100892#19	0
12664	Q0	1100892#20	0
12664	Q0	1237609#6	0
12664	Q0	1100892#7	0
12666	Q0	47716#0	1
12666	Q0	47716#4	1
12666	Q0	47716#1	0
12666	Q0	2813660#0	0
12666	Q0	2738664#0	0
12666	Q0	2185160#0	0
12666	Q0	1810630#0	0
12666	Q0	2297316#0	0
12666	Q0	2297308#0	0
12666	Q0	2185154#0	0
12667	Q0	338146#0	1
12667	Q0	48673#8	1
12667	Q0	295365#4	1
12667	Q0	48673#4	1
12667	Q0	2204556#0	0
12667	Q0	1859163#1	0
12667	Q0	589381#0	0
12667	Q0	1560159#0	0
12667	Q0	3754768#0	0
12667	Q0	2937788#0	0
12668	Q0	136842#17	1
12668	Q0	47915#11	0
12668	Q0	1648379#5	0
12668	Q0	753288#2	0
12668	Q0	3001834#1	0
12668	Q0	136842#2	0
12668	Q0	1671501#23	0
12668	Q0	2098782#4	0
12668	Q0	136842#5	0
12668	Q0	171453#1	0
12675	Q0	3896#4	1
12675	Q0	481560#0	0
12675	Q0	16760#0	0
12675	Q0	4224959#8	0
12675	Q0	31532#5	0
12675	Q0	314868#2	0
12675	Q0	1258818#0	0
12675	Q0	206587#4	0
12675	Q0	4215456#0	0
12675	Q0	3896#6	0
12676	Q0	269117#63	1
12676	Q0	3569430#0	0
12676	Q0	162459#0	0
12676	Q0	1411102#0	0
12676	Q0	3959902#189	0
12676	Q0	4432571#0	0
12676	Q0	2404838#1	0
12676	Q0	3458917#0	0
12676	Q0	398988#0	0
12676	Q0	5203628#0	0
12677	Q0	1814558#1	1
12677	Q0	2748#0	1
12677	Q0	3417388#25	0
12677	Q0	2842983#0	0
12677	Q0	2748#44	0
12677	Q0	2748#5	0
12677	Q0	955686#35	0
12677	Q0	2748#6	0
12677	Q0	2865572#0	0
12677	Q0	2864908#0	0
12678	Q0	14559#1	1
12678	Q0	14559#11	0
12678	Q0	14559#4	0
12678	Q0	14559#6	0
12678	Q0	14559#22	0
12678	Q0	14559#0	0
12678	Q0	14559#7	0
12678	Q0	2183256#4	0
12678	Q0	4266667#0	0
12678	Q0	14559#24	0
12679	Q0	3056741#0	1
12679	Q0	3056741#1	1
12679	Q0	1803896#0	0
12679	Q0	1887172#0	0
12679	Q0	2455601#4	0
12679	Q0	3197912#1	0
12679	Q0	1915794#0	0
12679	Q0	3424420#0	0
12679	Q0	1168473#0	0
12679	Q0	3020895#0	0
12682	Q0	774041#0	1
12682	Q0	774041#4	1
12682	Q0	774041#3	0
12682	Q0	774041#2	0
12682	Q0	5132343#0	0
12682	Q0	4164242#0	0
12682	Q0	5134327#3	0
12682	Q0	774041#1	0
12682	Q0	870077#0	0
12682	Q0	5119800#0	0
12683	Q0	990922#0	1
12683	Q0	207488#0	1
12683	Q0	653063#2	0
12683	Q0	1635019#3	0
12683	Q0	1635019#1	0
12683	Q0	990922#1	0
12683	Q0	2353367#2	0
12683	Q0	853696#1	0
12683	Q0	2759609#0	0
12683	Q0	1080877#0	0
12684	Q0	1263553#2	1
12684	Q0	396905#3	0
12684	Q0	2098379#9	0
12684	Q0	3791437#0	0
12684	Q0	3811167#0	0
12684	Q0	3783876#0	0
12684	Q0	3797815#0	0
12684	Q0	3783660#0	0
12684	Q0	1142281#2	0
12684	Q0	3791426#0	0
12685	Q0	29750#0	1
12685	Q0	458214#7	1
12685	Q0	1470781#4	1
12685	Q0	2898429#3	1
12685	Q0	4611837#2	1
12685	Q0	10409#1	1
12685	Q0	3104943#3	0
12685	Q0	29750#6	0
12685	Q0	1108175#14	0
12685	Q0	934465#48	0
12686	Q0	51982#1	1
12686	Q0	51982#0	1
12686	Q0	51969#0	0
12686	Q0	51982#2	0
12686	Q0	4510219#1	0
12686	Q0	3264109#0	0
12686	Q0	2834066#0	0
12686	Q0	3684781#0	0
12686	Q0	359113#0	0
12686	Q0	954342#1	0
12687	Q0	35913#44	1
12687	Q0	35913#10	0
12687	Q0	35913#0	0
12687	Q0	35913#17	0
12687	Q0	35913#11	0
12687	Q0	35913#28	0
12687	Q0	35913#13	0
12687	Q0	35913#14	0
12687	Q0	35913#8	0
12689	Q0	468196#0	1
12689	Q0	468196#1	0
12690	Q0	184607#3	1
12690	Q0	339049#65	0
12690	Q0	4272#2	0
12690	Q0	436860#0	0
12690	Q0	339049#19	0
12690	Q0	339049#22	0
12690	Q0	92655#0	0
12690	Q0	3321780#0	0
12690	Q0	161371#0	0
12690	Q0	2349639#0	0
12694	Q0	13592#64	1
12694	Q0	750368#1	0
12694	Q0	2768372#1	0
12694	Q0	13592#78	0
12694	Q0	13592#18	0
12694	Q0	1780619#2	0
12694	Q0	4289629#2	0
12694	Q0	1780619#16	0
12694	Q0	1552909#0	0
12694	Q0	1780619#18	0
12695	Q0	7625#0	1
12695	Q0	50677#10	1
12695	Q0	4474874#0	0
12695	Q0	3410#31	0
12695	Q0	5146761#0	0
12695	Q0	4110154#10	0
12695	Q0	1344891#0	0
12695	Q0	307611#0	0
12695	Q0	405354#0	0
12695	Q0	3215970#2	0
12696	Q0	122999#1	1
12696	Q0	1613#84	1
12696	Q0	537442#1	1
12696	Q0	537442#6	1
12696	Q0	122999#0	1
12696	Q0	101275#30	1
12696	Q0	122999#18	1
12696	Q0	537442#19	0
12696	Q0	537442#15	0
12696	Q0	2464386#50	0
12697	Q0	3589#67	1
12697	Q0	14602#9	1
12697	Q0	1836649#41	1
12697	Q0	20175#3	1
12697	Q0	20175#16	1
12697	Q0	3589#2	1
12697	Q0	3589#26	0
12697	Q0	3589#0	0
12697	Q0	3589#59	0
12697	Q0	3589#53	0
12698	Q0	1211748#3	1
12698	Q0	1639004#19	0
12698	Q0	2004#31	0
12698	Q0	1639004#18	0
12698	Q0	1831497#8	0
12698	Q0	2004#29	0
12698	Q0	1528020#14	0
12698	Q0	3946#48	0
12698	Q0	1270443#10	0
12698	Q0	140273#16	0
12699	Q0	2483665#0	1
12699	Q0	2487452#0	0
12699	Q0	2483695#0	0
12699	Q0	2483655#0	0
12699	Q0	157111#2	0
12699	Q0	2483665#1	0
12699	Q0	2483655#3	0
12699	Q0	2483665#2	0
12699	Q0	1782325#0	0
12699	Q0	2632635#1	0
12700	Q0	327972#0	1
12700	Q0	323508#3	1
12700	Q0	12606#2	1
12700	Q0	515097#35	1
12700	Q0	327972#6	1
12700	Q0	134521#33	0
12700	Q0	876750#5	0
12700	Q0	134784#0	0
12700	Q0	3237966#0	0
12700	Q0	327972#3	0
12702	Q0	988218#1	1
12702	Q0	988218#7	1
12702	Q0	988218#5	1
12702	Q0	988218#0	0
12702	Q0	1665895#0	0
12702	Q0	357532#0	0
12702	Q0	988218#2	0
12702	Q0	988218#8	0
12702	Q0	992442#49	0
12702	Q0	4961831#0	0
12703	Q0	28061#0	1
12703	Q0	987396#0	0
12703	Q0	499007#0	0
12703	Q0	994754#2	0
12703	Q0	434186#1	0
12703	Q0	116123#0	0
12703	Q0	2555479#0	0
12703	Q0	1720592#8	0
12703	Q0	257582#0	0
12703	Q0	29205#18	0
12704	Q0	38123#0	1
12704	Q0	913214#1	0
12704	Q0	313074#0	0
12704	Q0	436958#0	0
12704	Q0	1151943#1	0
12704	Q0	436964#0	0
12704	Q0	38123#3	0
12704	Q0	926419#0	0
12704	Q0	1151943#0	0
12704	Q0	388186#0	0
12708	Q0	9996#1	1
12708	Q0	9996#33	0
12708	Q0	2917549#7	0
12708	Q0	9996#8	0
12708	Q0	1068862#11	0
12708	Q0	305616#23	0
12708	Q0	9996#28	0
12708	Q0	758826#14	0
12708	Q0	9996#43	0
12708	Q0	1068862#8	0
12711	Q0	165609#1	1
12711	Q0	165609#0	1
12711	Q0	165183#7	1
12711	Q0	1714496#1	1
12711	Q0	731258#0	0
12711	Q0	165592#0	0
12711	Q0	2390712#0	0
12711	Q0	2797#24	0
12711	Q0	253750#0	0
12711	Q0	437954#0	0
12716	Q0	3641#16	1
12716	Q0	3641#8	1
12716	Q0	3641#0	0
12716	Q0	866094#3	0
12716	Q0	872636#1	0
12716	Q0	6578#20	0
12716	Q0	3641#3	0
12716	Q0	1032872#0	0
12716	Q0	932588#0	0
12716	Q0	4969411#0	0
12717	Q0	29336#0	1
12717	Q0	9180#51	0
12717	Q0	986322#0	0
12717	Q0	1527439#0	0
12717	Q0	927548#0	0
12717	Q0	3473021#0	0
12717	Q0	11547#0	0
12717	Q0	2919292#0	0
12717	Q0	89700#0	0
12717	Q0	435135#1	0
12718	Q0	1502510#0	1
12718	Q0	1502510#39	0
12718	Q0	31096#8	0
12718	Q0	1531918#0	0
12718	Q0	202419#0	0
12718	Q0	1435784#0	0
12718	Q0	361991#0	0
12718	Q0	334732#0	0
12718	Q0	11634#37	0
12718	Q0	351245#9	0
12719	Q0	194014#0	1
12719	Q0	194014#1	1
12719	Q0	194014#2	1
12719	Q0	3089148#0	0
12719	Q0	2200592#0	0
12719	Q0	4171632#0	0
12719	Q0	2467814#0	0
12719	Q0	2191701#0	0
12719	Q0	3723037#0	0
12719	Q0	3897396#1	0
12719	Q0	3897396#0	0
12719	Q0	3203454#3	0
12719	Q0	1066930#1	0
12719	Q0	194014#3	0
12719	Q0	194014#10	0
12722	Q0	1231142#0	1
12722	Q0	32127#8	1
12722	Q0	32127#9	1
12722	Q0	2616023#0	0
12722	Q0	1720508#4	0
12722	Q0	1899835#2	0
12722	Q0	5130279#6	0
12722	Q0	4831870#3	0
12722	Q0	4076163#4	0
12722	Q0	1821732#0	0
12724	Q0	195149#0	1
12724	Q0	2337830#1	1
12724	Q0	1714751#34	0
12724	Q0	2361979#0	0
12724	Q0	756359#0	0
12724	Q0	3944#42	0
12724	Q0	8318#16	0
12724	Q0	1633417#2	0
12724	Q0	1855#22	0
12724	Q0	5210573#0	0
12725	Q0	404639#1	1
12725	Q0	403350#22	1
12725	Q0	1295814#23	0
12725	Q0	1596923#0	0
12725	Q0	806743#30	0
12725	Q0	1782923#5	0
12725	Q0	403331#2	0
12725	Q0	403350#13	0
12725	Q0	806743#6	0
12725	Q0	2962982#8	0
12726	Q0	390413#0	1
12726	Q0	390413#36	1
12726	Q0	916002#0	1
12726	Q0	1213088#0	0
12726	Q0	1755601#11	0
12726	Q0	2805116#0	0
12726	Q0	324260#0	0
12726	Q0	1769773#11	0
12726	Q0	4986157#3	0
12726	Q0	4757261#22	0
12728	Q0	32877#0	1
12728	Q0	370011#0	0
12728	Q0	32782#0	0
12728	Q0	3844693#2	0
12728	Q0	3874600#0	0
12728	Q0	11890#58	0
12728	Q0	163259#0	0
12728	Q0	59295#42	0
12728	Q0	1901948#2	0
12728	Q0	1791820#7	0
12732	Q0	206372#0	1
12732	Q0	206372#2	1
12732	Q0	2529126#0	0
12732	Q0	47728#0	0
12732	Q0	206372#3	0
12732	Q0	3887462#1	0
12732	Q0	825835#5	0
12732	Q0	41153#0	0
12732	Q0	5228014#1	0
12732	Q0	680574#2	0
12733	Q0	3080212#0	1
12733	Q0	59969#2	1
12733	Q0	59969#1	0
12733	Q0	59969#3	0
12733	Q0	59969#0	0
12733	Q0	59969#7	0
12733	Q0	360043#6	0
12733	Q0	59969#5	0
12733	Q0	360043#5	0
12733	Q0	237916#2	0
12735	Q0	18116#0	1
12735	Q0	884108#47	1
12735	Q0	254950#2	0
12735	Q0	1544#14	0
12735	Q0	2088429#0	0
12735	Q0	2509#0	0
12735	Q0	80254#0	0
12735	Q0	422256#0	0
12735	Q0	2509#29	0
12735	Q0	350148#2	0
12736	Q0	171596#0	1
12736	Q0	171596#1	1
12736	Q0	2393252#0	1
12736	Q0	843545#67	1
12736	Q0	512585#0	0
12736	Q0	171596#5	0
12736	Q0	2626#20	0
12736	Q0	4156766#28	0
12736	Q0	171596#10	0
12736	Q0	532874#4	0
12738	Q0	4271075#8	1
12738	Q0	4271075#13	1
12738	Q0	4271075#2	1
12738	Q0	4271075#9	1
12738	Q0	4271075#3	1
12738	Q0	4271075#34	0
12738	Q0	4271075#24	0
12738	Q0	4271075#15	0
12738	Q0	4271075#10	0
12738	Q0	4271075#20	0
12740	Q0	1926749#0	1
12740	Q0	3435995#0	0
12740	Q0	64164#1	0
12740	Q0	4881133#2	0
12740	Q0	4881133#1	0
12740	Q0	62474#10	0
12740	Q0	165033#10	0
12740	Q0	2235355#3	0
12740	Q0	748433#14	0
12740	Q0	3561841#0	0
12740	Q0	64164#20	0
12741	Q0	21286#0	1
12741	Q0	706411#0	0
12741	Q0	26994#4	0
12741	Q0	26994#8	0
12741	Q0	706411#2	0
12741	Q0	19734#3	0
12741	Q0	718048#1	0
12741	Q0	4444#40	0
12741	Q0	26994#0	0
12741	Q0	45211#0	0
12746	Q0	185758#8	1
12746	Q0	1762220#0	0
12746	Q0	4381399#0	0
12746	Q0	1590098#0	0
12746	Q0	809144#0	0
12746	Q0	1014980#0	0
12746	Q0	2992878#9	0
12746	Q0	2907080#0	0
12746	Q0	302306#22	0
12746	Q0	185758#0	0
12746	Q0	4781120#2	0
12746	Q0	185758#5	0
12746	Q0	185758#11	0
12746	Q0	185758#3	0
12747	Q0	51536#0	1
12747	Q0	5196893#0	0
12747	Q0	51536#9	0
12747	Q0	51536#5	0
12747	Q0	51536#8	0
12747	Q0	51536#16	0
12747	Q0	51536#10	0
12747	Q0	51536#18	0
12747	Q0	51536#14	0
12747	Q0	51536#11	0
12749	Q0	34197#1	1
12749	Q0	27492#1	0
12749	Q0	2486428#0	0
12749	Q0	27492#0	0
12749	Q0	27492#8	0
12749	Q0	27492#4	0
12749	Q0	27492#5	0
12749	Q0	1870372#1	0
12749	Q0	27492#9	0
12749	Q0	3363821#0	0
12751	Q0	3921#4	1
12751	Q0	4317296#0	0
12751	Q0	851198#1	0
12751	Q0	3408996#38	0
12751	Q0	48133#2	0
12751	Q0	6624#44	0
12751	Q0	882413#0	0
12751	Q0	8799#6	0
12751	Q0	12114#6	0
12751	Q0	3921#5	0
12752	Q0	6630#11	1
12752	Q0	8664#19	0
12752	Q0	3914#48	0
12752	Q0	1760716#0	0
12752	Q0	3912#5	0
12752	Q0	8799#6	0
12752	Q0	3915#14	0
12752	Q0	6624#44	0
12752	Q0	9184#10	0
12752	Q0	92055#5	0
12753	Q0	497819#2	1
12753	Q0	497819#6	1
12753	Q0	497819#32	0
12753	Q0	497819#29	0
12753	Q0	3554656#1	0
12753	Q0	497819#28	0
12753	Q0	737267#9	0
12753	Q0	497819#0	0
12753	Q0	4959606#0	0
12753	Q0	2978489#0	0
12756	Q0	118467#0	1
12756	Q0	118467#3	1
12756	Q0	118467#4	0
12756	Q0	3043538#0	0
12756	Q0	2452368#0	0
12756	Q0	118467#1	0
12756	Q0	2444205#0	0
12756	Q0	321540#1	0
12756	Q0	4246792#0	0
12756	Q0	3146215#0	0
12757	Q0	1153789#0	1
12757	Q0	28740#30	1
12757	Q0	1271812#0	0
12757	Q0	1271812#18	0
12757	Q0	1271812#4	0
12757	Q0	4601907#9	0
12757	Q0	1271812#14	0
12757	Q0	1271812#23	0
12757	Q0	28737#1	0
12757	Q0	2969397#1	0
12760	Q0	1234087#180	1
12760	Q0	1137986#0	1
12760	Q0	1137986#3	0
12760	Q0	1137986#1	0
12760	Q0	1234087#181	0
12760	Q0	1423733#8	0
12760	Q0	1234087#183	0
12760	Q0	1137986#2	0
12760	Q0	436540#0	0
12760	Q0	141032#12	0
12761	Q0	433506#1	1
12761	Q0	390413#30	1
12761	Q0	1649281#0	0
12761	Q0	5079980#0	0
12761	Q0	3893895#0	0
12761	Q0	1211725#11	0
12761	Q0	5227357#0	0
12761	Q0	324260#65	0
12761	Q0	324260#4	0
12761	Q0	1211725#14	0
12761	Q0	390413#37	0
12761	Q0	390413#2	0
12761	Q0	390413#29	0
12762	Q0	1485060#39	1
12762	Q0	1485060#23	0
12762	Q0	1485060#20	0
12762	Q0	1485060#34	0
12762	Q0	2961269#0	0
12762	Q0	1485060#27	0
12762	Q0	1485060#22	0
12762	Q0	16569#87	0
12762	Q0	19722#29	0
12762	Q0	1485060#32	0
12763	Q0	280171#1	1
12763	Q0	280171#3	1
12763	Q0	98723#0	0
12763	Q0	1453551#1	0
12763	Q0	3151608#0	0
12763	Q0	848042#0	0
12763	Q0	1012558#0	0
12763	Q0	2998659#1	0
12763	Q0	481053#0	0
12763	Q0	280171#8	0
12765	Q0	2797888#0	1
12765	Q0	1518190#1	0
12765	Q0	223330#9	0
12765	Q0	2987416#1	0
12765	Q0	97365#0	0
12765	Q0	100433#4	0
12765	Q0	1121822#2	0
12765	Q0	2865577#0	0
12765	Q0	2974902#1	0
12765	Q0	991642#0	0
12767	Q0	1819543#4	1
12767	Q0	735323#0	1
12767	Q0	1819543#7	0
12767	Q0	143206#0	0
12767	Q0	147655#19	0
12767	Q0	147693#0	0
12767	Q0	1442614#2	0
12767	Q0	735323#2	0
12767	Q0	147655#4	0
12767	Q0	147655#9	0
12767	Q0	1819543#12	0
12768	Q0	2177261#1	1
12768	Q0	499923#0	0
12768	Q0	211318#0	0
12768	Q0	298117#0	0
12768	Q0	138740#15	0
12768	Q0	779397#0	0
12768	Q0	457627#0	0
12768	Q0	210803#0	0
12768	Q0	209262#0	0
12768	Q0	213283#0	0
12770	Q0	1330#21	1
12770	Q0	1102414#0	1
12770	Q0	7318#7	1
12770	Q0	7318#0	1
12770	Q0	34174#4	0
12770	Q0	21836#86	0
12770	Q0	43327#15	0
12770	Q0	41651#63	0
12770	Q0	231862#7	0
12770	Q0	34174#2	0
12771	Q0	522689#0	1
12771	Q0	601354#0	0
12771	Q0	4141476#0	0
12771	Q0	4069666#0	0
12771	Q0	3356510#0	0
12771	Q0	2453508#0	0
12771	Q0	874705#0	0
12771	Q0	599944#0	0
12771	Q0	5134540#0	0
12771	Q0	1765924#72	0
12773	Q0	6591#2	1
12773	Q0	6591#15	1
12773	Q0	4329630#4	0
12773	Q0	3937999#2	0
12773	Q0	1265729#0	0
12773	Q0	6591#0	0
12773	Q0	3182138#0	0
12773	Q0	6591#14	0
12773	Q0	3937999#0	0
12773	Q0	4321837#0	0
12774	Q0	9134#0	1
12774	Q0	9134#1	1
12774	Q0	3580681#1	0
12774	Q0	9134#7	0
12774	Q0	1645727#0	0
12774	Q0	105242#0	0
12774	Q0	3745550#0	0
12774	Q0	1645727#1	0
12774	Q0	4432552#0	0
12774	Q0	233090#0	0
12775	Q0	28353#17	1
12775	Q0	5127#0	1
12775	Q0	59421#3	0
12775	Q0	16224#46	0
12775	Q0	5503#8	0
12775	Q0	88897#4	0
12775	Q0	13804#69	0
12775	Q0	3270944#0	0
12775	Q0	2447796#0	0
12775	Q0	2548605#2	0
12776	Q0	44245#0	1
12776	Q0	5229493#0	0
12776	Q0	44245#25	0
12776	Q0	44245#48	0
12776	Q0	52321#0	0
12776	Q0	44245#27	0
12776	Q0	4326043#34	0
12776	Q0	5071304#5	0
12776	Q0	44245#3	0
12776	Q0	5204993#0	0
12777	Q0	3871#24	1
12777	Q0	3198384#0	0
12777	Q0	632410#0	0
12777	Q0	2519231#0	0
12777	Q0	3871#9	0
12777	Q0	2665649#0	0
12777	Q0	3871#29	0
12777	Q0	8670#33	0
12777	Q0	2123742#0	0
12777	Q0	5253870#0	0
12778	Q0	21272#2	1
12778	Q0	21272#0	1
12778	Q0	21272#7	0
12778	Q0	21272#4	0
12778	Q0	1156096#0	0
12778	Q0	2001178#0	0
12778	Q0	21272#1	0
12778	Q0	1957005#0	0
12778	Q0	254770#0	0
12778	Q0	21272#6	0
12779	Q0	1261151#0	1
12779	Q0	2087921#0	0
12779	Q0	1261151#2	0
12779	Q0	2086617#0	0
12779	Q0	2088136#0	0
12779	Q0	2087976#0	0
12779	Q0	3695851#0	0
12779	Q0	2088142#0	0
12779	Q0	2087915#0	0
12779	Q0	2086717#0	0
12780	Q0	2826#0	1
12780	Q0	2826#92	0
12780	Q0	2826#3	0
12780	Q0	1128288#1	0
12780	Q0	2826#15	0
12780	Q0	2826#4	0
12780	Q0	46184#2	0
12780	Q0	1128288#0	0
12780	Q0	2826#93	0
12780	Q0	2403768#5	0
12781	Q0	1869909#0	1
12781	Q0	1869909#10	1
12781	Q0	3003651#3	0
12781	Q0	905759#0	0
12781	Q0	892175#7	0
12781	Q0	2329924#14	0
12781	Q0	1108555#1	0
12781	Q0	892175#8	0
12781	Q0	892175#9	0
12781	Q0	2798669#0	0
12788	Q0	116617#1	1
12788	Q0	5001546#0	0
12788	Q0	3174884#2	0
12788	Q0	1554030#1	0
12788	Q0	3200129#1	0
12788	Q0	3433701#0	0
12788	Q0	3290841#1	0
12788	Q0	3192065#0	0
12788	Q0	1473217#2	0
12788	Q0	760645#0	0
12789	Q0	2609#21	1
12789	Q0	339994#0	1
12789	Q0	442439#2	0
12789	Q0	4947283#0	0
12789	Q0	383566#0	0
12789	Q0	3972229#0	0
12789	Q0	5192030#12	0
12789	Q0	1601103#0	0
12789	Q0	3314801#0	0
12789	Q0	5160134#1	0
12791	Q0	563056#0	1
12791	Q0	563056#1	0
12791	Q0	563056#2	0
12791	Q0	64646#1	0
12791	Q0	5271978#0	0
12791	Q0	4048447#0	0
12791	Q0	1875025#1	0
12791	Q0	5003967#1	0
12791	Q0	709294#1	0
12791	Q0	149659#2	0
12792	Q0	1850763#38	1
12792	Q0	3157818#8	0
12792	Q0	4307017#34	0
12792	Q0	4307017#6	0
12792	Q0	4307017#21	0
12792	Q0	4307017#5	0
12792	Q0	4307017#15	0
12792	Q0	4307017#23	0
12792	Q0	4307017#19	0
12792	Q0	4307017#0	0
12794	Q0	1790988#3	1
12794	Q0	17480#0	1
12794	Q0	2277#101	0
12794	Q0	2332#1	0
12794	Q0	777620#137	0
12794	Q0	2486#1	0
12794	Q0	777620#0	0
12794	Q0	155522#32	0
12794	Q0	295989#4	0
12794	Q0	777620#50	0
12796	Q0	1704611#11	1
12796	Q0	1704573#33	1
12796	Q0	1704611#30	1
12796	Q0	4141373#0	0
12796	Q0	4141373#4	0
12796	Q0	3556646#6	0
12796	Q0	1175397#0	0
12796	Q0	214301#0	0
12796	Q0	442014#1	0
12796	Q0	609447#2	0
12797	Q0	3465396#0	1
12797	Q0	3176858#0	0
12797	Q0	3176861#0	0
12797	Q0	3176502#0	0
12797	Q0	4969122#0	0
12797	Q0	1672683#0	0
12797	Q0	850364#0	0
12797	Q0	4601093#0	0
12797	Q0	293858#0	0
12797	Q0	633248#0	0
12798	Q0	65481#14	1
12798	Q0	1208933#1	0
12798	Q0	65481#21	0
12798	Q0	65481#0	0
12798	Q0	38445#3	0
12798	Q0	3352206#4	0
12798	Q0	725331#0	0
12798	Q0	65481#25	0
12798	Q0	5080690#1	0
12798	Q0	3642784#93	0
12799	Q0	476892#0	1
12799	Q0	476892#3	1
12799	Q0	3535046#0	0
12799	Q0	476892#1	0
12799	Q0	3535046#4	0
12799	Q0	291135#0	0
12799	Q0	129964#0	0
12799	Q0	291135#1	0
12799	Q0	291135#4	0
12799	Q0	476892#4	0
12801	Q0	150344#0	1
12801	Q0	4006380#2	1
12801	Q0	92735#13	0
12801	Q0	4287162#0	0
12801	Q0	399146#2	0
12801	Q0	356473#0	0
12801	Q0	254649#0	0
12801	Q0	739589#37	0
12801	Q0	726663#0	0
12801	Q0	78182#51	0
12802	Q0	24956#15	1
12802	Q0	1731074#81	0
12802	Q0	4478160#20	0
12802	Q0	24956#10	0
12802	Q0	24956#4	0
12802	Q0	1731074#29	0
12802	Q0	80983#7	0
12802	Q0	1731074#1	0
12802	Q0	80983#2	0
12802	Q0	80983#3	0
12803	Q0	2186172#4	1
12803	Q0	3458820#0	0
12803	Q0	2263513#0	0
12803	Q0	3312181#0	0
12803	Q0	536147#0	0
12803	Q0	3811908#0	0
12803	Q0	1809445#0	0
12803	Q0	470826#0	0
12803	Q0	2821287#0	0
12803	Q0	3811912#0	0
12806	Q0	31413#23	1
12806	Q0	883780#0	1
12806	Q0	2695025#2	1
12806	Q0	1790472#4	1
12806	Q0	31413#34	1
12806	Q0	31413#0	0
12806	Q0	31413#29	0
12806	Q0	31413#3	0
12806	Q0	31413#27	0
12806	Q0	3434566#38	0
12806	Q0	233104#0	0
12806	Q0	31413#4	0
12806	Q0	31413#37	0
12806	Q0	31413#19	0
12808	Q0	123282#3	1
12808	Q0	2393#0	1
12808	Q0	4240264#25	1
12808	Q0	1105189#2	0
12808	Q0	1018790#81	0
12808	Q0	2894159#0	0
12808	Q0	2393#8	0
12808	Q0	15757#4	0
12808	Q0	2522476#1	0
12808	Q0	680254#4	0
12809	Q0	416070#0	1
12809	Q0	416070#4	1
12809	Q0	3340339#0	0
12809	Q0	416070#1	0
12809	Q0	416070#7	0
12809	Q0	982757#1	0
12809	Q0	3269128#3	0
12809	Q0	23513#0	0
12809	Q0	15268#3	0
12809	Q0	1288978#0	0
12810	Q0	112193#55	1
12810	Q0	1002902#17	1
12810	Q0	3545142#40	1
12810	Q0	3440435#3	1
12810	Q0	1002902#13	1
12810	Q0	3440435#5	0
12810	Q0	1451096#17	0
12810	Q0	2426544#40	0
12810	Q0	1451096#0	0
12810	Q0	1451096#7	0
12813	Q0	343111#4	1
12813	Q0	138769#46	0
12813	Q0	179803#7	0
12813	Q0	4820313#0	0
12813	Q0	1552308#8	0
12813	Q0	715349#11	0
12813	Q0	10403#15	0
12813	Q0	343111#0	0
12813	Q0	179803#2	0
12813	Q0	671502#19	0
12814	Q0	1789706#0	1
12814	Q0	3451460#51	1
12814	Q0	3451460#3	1
12814	Q0	3451460#50	0
12814	Q0	3310179#0	0
12814	Q0	3451460#0	0
12814	Q0	3451460#37	0
12814	Q0	1789730#0	0
12814	Q0	3438399#0	0
12814	Q0	3451460#11	0
12817	Q0	13240#3	1
12817	Q0	13240#22	1
12817	Q0	13240#0	1
12817	Q0	13240#13	0
12817	Q0	13240#14	0
12817	Q0	13240#26	0
12817	Q0	13240#23	0
12817	Q0	13240#19	0
12817	Q0	13240#2	0
12817	Q0	13240#4	0
12818	Q0	15618#1	1
12818	Q0	15618#0	1
12818	Q0	274471#0	0
12818	Q0	3755715#1	0
12818	Q0	4615497#1	0
12818	Q0	4974#11	0
12818	Q0	383974#2	0
12818	Q0	705903#1	0
12818	Q0	138062#0	0
12818	Q0	14787#1	0
12819	Q0	5108796#11	1
12819	Q0	136394#16	1
12819	Q0	1810#19	1
12819	Q0	936737#0	1
12819	Q0	936737#5	0
12819	Q0	936737#6	0
12819	Q0	136394#6	0
12819	Q0	3072652#21	0
12819	Q0	939702#1	0
12819	Q0	136394#13	0
12819	Q0	21564#75	0
12819	Q0	936737#11	0
12820	Q0	28803#11	1
12820	Q0	28803#0	0
12820	Q0	28803#6	0
12820	Q0	28803#5	0
12820	Q0	28803#9	0
12820	Q0	28803#3	0
12820	Q0	304688#3	0
12820	Q0	28803#8	0
12820	Q0	304688#2	0
12820	Q0	2318297#6	0
12822	Q0	9523#0	1
12822	Q0	9523#21	1
12822	Q0	9523#19	1
12822	Q0	1585387#0	1
12822	Q0	3208839#3	1
12822	Q0	9523#16	0
12822	Q0	1585387#16	0
12822	Q0	1585387#22	0
12822	Q0	9523#18	0
12822	Q0	9523#20	0
12823	Q0	3891#61	1
12823	Q0	3891#58	1
12823	Q0	3262019#3	0
12823	Q0	3891#59	0
12823	Q0	3262019#6	0
12823	Q0	3891#1	0
12823	Q0	2943214#0	0
12823	Q0	1943273#5	0
12823	Q0	3891#9	0
12823	Q0	1414944#4	0
12824	Q0	4475779#5	1
12824	Q0	4479109#2	0
12824	Q0	4479109#4	0
12824	Q0	1760116#10	0
12824	Q0	4479109#3	0
12824	Q0	187025#10	0
12824	Q0	4479109#1	0
12824	Q0	1760116#9	0
12824	Q0	30606#119	0
12824	Q0	43202#5	0
12825	Q0	18804#0	1
12825	Q0	10453#0	1
12825	Q0	2242716#0	0
12825	Q0	906176#0	0
12825	Q0	2242716#16	0
12825	Q0	4613589#0	0
12825	Q0	352339#0	0
12825	Q0	10453#18	0
12825	Q0	2242716#6	0
12825	Q0	4214583#0	0
12825	Q0	499923#0	0
12825	Q0	10453#20	0
12826	Q0	422428#0	1
12826	Q0	837894#18	0
12826	Q0	278712#37	0
12826	Q0	1759801#0	0
12826	Q0	918499#2	0
12826	Q0	422428#18	0
12826	Q0	498635#94	0
12826	Q0	5140851#0	0
12826	Q0	1663780#14	0
12826	Q0	399589#0	0
12827	Q0	28057#0	1
12827	Q0	28001#3	1
12827	Q0	3580402#0	0
12827	Q0	28057#2	0
12827	Q0	1745675#2	0
12827	Q0	3575484#0	0
12827	Q0	595202#6	0
12827	Q0	3583591#0	0
12827	Q0	53285#0	0
12827	Q0	1700840#0	0
12830	Q0	10068#0	1
12830	Q0	4938346#7	1
12830	Q0	10068#12	1
12830	Q0	832252#2	0
12830	Q0	4938346#6	0
12830	Q0	1458073#0	0
12830	Q0	10068#6	0
12830	Q0	10068#22	0
12830	Q0	10068#7	0
12830	Q0	1137931#0	0
12831	Q0	3281175#0	1
12831	Q0	1326378#0	0
12831	Q0	1326316#0	0
12831	Q0	2962458#0	0
12831	Q0	1410658#1	0
12831	Q0	2363527#0	0
12831	Q0	3183380#0	0
12831	Q0	884108#184	0
12831	Q0	1326444#0	0
12831	Q0	1324951#0	0
12832	Q0	1768619#0	1
12832	Q0	1160285#0	0
12832	Q0	2923906#0	0
12832	Q0	1053550#0	0
12832	Q0	706526#0	0
12832	Q0	1271635#0	0
12832	Q0	1271645#0	0
12832	Q0	890446#0	0
12832	Q0	1754515#0	0
12832	Q0	706526#3	0
12833	Q0	42475#0	1
12833	Q0	42475#1	1
12833	Q0	3756640#0	0
12833	Q0	3305758#0	0
12833	Q0	42475#5	0
12833	Q0	4742311#8	0
12833	Q0	96713#0	0
12833	Q0	42475#4	0
12833	Q0	42475#2	0
12833	Q0	2372744#0	0
12834	Q0	53170#35	1
12834	Q0	8089#0	1
12834	Q0	8089#9	0
12834	Q0	8089#12	0
12834	Q0	1507#9	0
12834	Q0	35603#2	0
12834	Q0	53176#0	0
12834	Q0	8089#7	0
12834	Q0	21874#2	0
12834	Q0	53170#2	0
12837	Q0	64783#0	1
12837	Q0	418071#0	1
12837	Q0	3138273#2	1
12837	Q0	2406591#34	0
12837	Q0	1661933#10	0
12837	Q0	2506#42	0
12837	Q0	911436#1	0
12837	Q0	1708061#87	0
12837	Q0	3170674#1	0
12837	Q0	2960820#20	0
12839	Q0	138676#0	1
12839	Q0	138676#21	1
12839	Q0	138676#14	1
12839	Q0	138676#4	1
12839	Q0	138676#9	0
12839	Q0	2350748#3	0
12839	Q0	138676#5	0
12839	Q0	138676#6	0
12839	Q0	138676#10	0
12839	Q0	2547892#3	0
12840	Q0	52838#0	1
12840	Q0	529578#0	0
12840	Q0	657482#138	0
12840	Q0	268064#13	0
12840	Q0	755807#0	0
12840	Q0	819518#1	0
12840	Q0	43332#12	0
12840	Q0	4170936#7	0
12840	Q0	3432973#0	0
12840	Q0	5201131#0	0
12843	Q0	942347#0	1
12843	Q0	942347#9	0
12843	Q0	942347#25	0
12843	Q0	942347#1	0
12843	Q0	403331#11	0
12843	Q0	942347#22	0
12843	Q0	403334#12	0
12843	Q0	942347#3	0
12843	Q0	942347#23	0
12843	Q0	942347#20	0
12844	Q0	178638#0	1
12844	Q0	274172#2	1
12844	Q0	1332931#8	1
12844	Q0	178638#7	0
12844	Q0	137361#1	0
12844	Q0	2826140#0	0
12844	Q0	1065928#0	0
12844	Q0	1597236#0	0
12844	Q0	5123834#0	0
12844	Q0	316867#1	0
12845	Q0	548965#0	1
12845	Q0	548965#21	1
12845	Q0	548965#2	1
12845	Q0	548965#31	0
12845	Q0	548965#22	0
12845	Q0	548965#20	0
12845	Q0	548965#15	0
12845	Q0	548965#16	0
12845	Q0	548965#23	0
12845	Q0	548965#19	0
12846	Q0	138379#0	1
12846	Q0	93978#0	0
12846	Q0	2991487#0	0
12846	Q0	138379#12	0
12846	Q0	194535#7	0
12846	Q0	2811923#0	0
12846	Q0	43816#2	0
12846	Q0	3096962#7	0
12846	Q0	141810#0	0
12846	Q0	3191904#1	0
12848	Q0	23761#0	1
12848	Q0	5108884#0	0
12848	Q0	3433534#0	0
12848	Q0	2515917#13	0
12848	Q0	123638#5	0
12848	Q0	511334#3	0
12848	Q0	22257#12	0
12848	Q0	3957997#2	0
12848	Q0	1720492#3	0
12848	Q0	219819#3	0
12850	Q0	39039#0	1
12850	Q0	4997346#1	1
12850	Q0	4678218#0	0
12850	Q0	39039#3	0
12850	Q0	464513#2	0
12850	Q0	260908#0	0
12850	Q0	192268#3	0
12850	Q0	1677829#1	0
12850	Q0	290075#1	0
12850	Q0	222979#0	0
12851	Q0	134529#43	1
12851	Q0	3461216#1	1
12851	Q0	1480904#17	1
12851	Q0	134529#44	0
12851	Q0	134529#26	0
12851	Q0	1141972#1	0
12851	Q0	134529#2	0
12851	Q0	3037513#5	0
12851	Q0	64164#2	0
12851	Q0	80230#11	0
12855	Q0	131998#4	1
12855	Q0	131998#8	0
12855	Q0	131998#58	0
12856	Q0	31355#0	1
12856	Q0	31839#0	1
12856	Q0	417987#0	0
12856	Q0	94777#2	0
12856	Q0	31839#1	0
12856	Q0	203752#1	0
12856	Q0	308182#2	0
12856	Q0	477259#0	0
12856	Q0	31355#1	0
12856	Q0	33714#0	0
12858	Q0	286633#0	1
12858	Q0	286633#1	0
12858	Q0	15728#2	0
12858	Q0	3276980#1	0
12858	Q0	15728#4	0
12858	Q0	687953#5	0
12858	Q0	884696#3	0
12858	Q0	97844#22	0
12858	Q0	3276980#3	0
12858	Q0	1276606#1	0
12859	Q0	1485558#53	1
12859	Q0	4309453#1	1
12859	Q0	1056256#4	1
12859	Q0	1270443#23	0
12859	Q0	104337#1	0
12859	Q0	38467#8	0
12859	Q0	7554#1	0
12859	Q0	24234#0	0
12859	Q0	38467#1	0
12859	Q0	309462#1	0
12860	Q0	298197#0	1
12860	Q0	2339079#0	0
12860	Q0	2998659#1	0
12860	Q0	3001889#0	0
12860	Q0	1336504#0	0
12860	Q0	3235375#0	0
12860	Q0	2986836#1	0
12860	Q0	4517714#1	0
12860	Q0	501629#0	0
12860	Q0	2292330#0	0
12861	Q0	1705952#0	1
12861	Q0	1705952#34	0
12861	Q0	1705952#35	0
12861	Q0	1705952#1	0
12861	Q0	1705952#30	0
12861	Q0	1705952#18	0
12861	Q0	1705952#33	0
12861	Q0	1705952#7	0
12861	Q0	1705952#25	0
12861	Q0	1705952#21	0
12862	Q0	13197#0	1
12862	Q0	1722#10	0
12862	Q0	3117051#0	0
12862	Q0	1036252#0	0
12862	Q0	138344#0	0
12862	Q0	704161#7	0
12862	Q0	31413#29	0
12862	Q0	281284#4	0
12862	Q0	366528#1	0
12862	Q0	560176#11	0
12863	Q0	28268#0	1
12863	Q0	28268#4	1
12863	Q0	1587533#0	1
12863	Q0	366832#3	1
12863	Q0	53149#0	0
12863	Q0	28268#3	0
12863	Q0	5218696#0	0
12863	Q0	1930605#0	0
12863	Q0	4249463#0	0
12863	Q0	122891#11	0
12864	Q0	15345#8	1
12864	Q0	15345#22	1
12864	Q0	15345#3	1
12864	Q0	15345#4	0
12864	Q0	15345#6	0
12864	Q0	15345#13	0
12864	Q0	15345#7	0
12864	Q0	15345#17	0
12864	Q0	15345#0	0
12864	Q0	15345#9	0
12865	Q0	11477#0	1
12865	Q0	2440870#2	0
12865	Q0	243143#0	0
12865	Q0	87019#0	0
12865	Q0	3914544#6	0
12865	Q0	5160021#0	0
12865	Q0	2440870#0	0
12865	Q0	2759780#0	0
12865	Q0	954396#0	0
12865	Q0	912931#0	0
12868	Q0	293675#0	1
12868	Q0	1212224#0	0
12868	Q0	1604904#0	0
12868	Q0	293675#1	0
12868	Q0	3554436#3	0
12868	Q0	391986#9	0
12868	Q0	1034726#0	0
12868	Q0	1034726#11	0
12868	Q0	3015934#0	0
12868	Q0	1212224#4	0
12869	Q0	95301#0	1
12869	Q0	95301#3	0
12869	Q0	95301#4	0
12869	Q0	95301#6	0
12869	Q0	828721#0	0
12869	Q0	5123834#0	0
12869	Q0	95301#1	0
12869	Q0	2551374#0	0
12869	Q0	463752#13	0
12869	Q0	3634645#0	0
12870	Q0	2969142#0	1
12870	Q0	187029#17	0
12870	Q0	187029#21	0
12870	Q0	25790#5	0
12870	Q0	2910926#28	0
12870	Q0	37732#3	0
12870	Q0	2628780#2	0
12870	Q0	3879#56	0
12870	Q0	6578#29	0
12870	Q0	91621#77	0
12871	Q0	11890#37	1
12871	Q0	1453960#0	1
12871	Q0	11890#34	1
12871	Q0	11890#11	0
12871	Q0	11890#1	0
12871	Q0	11890#28	0
12871	Q0	11890#35	0
12871	Q0	1080391#0	0
12871	Q0	1208654#0	0
12871	Q0	104601#0	0
12873	Q0	2313595#6	1
12873	Q0	2795218#0	0
12873	Q0	264795#38	0
12873	Q0	3644362#22	0
12873	Q0	3644362#3	0
12873	Q0	3592755#5	0
12873	Q0	3332603#2	0
12873	Q0	858829#26	0
12873	Q0	3644362#16	0
12873	Q0	858829#31	0
12874	Q0	290742#21	1
12874	Q0	16453#5	1
12874	Q0	3429622#3	0
12874	Q0	1279066#7	0
12874	Q0	16453#50	0
12874	Q0	2913580#3	0
12874	Q0	290742#10	0
12874	Q0	22451#17	0
12874	Q0	22451#5	0
12874	Q0	871353#7	0
12874	Q0	265812#38	0
12874	Q0	16453#6	0
12874	Q0	16453#8	0
12874	Q0	16453#10	0
12876	Q0	147912#0	1
12876	Q0	2366972#0	0
12876	Q0	1221716#2	0
12876	Q0	3971892#0	0
12876	Q0	642993#0	0
12876	Q0	3423089#0	0
12876	Q0	835853#0	0
12876	Q0	145099#11	0
12876	Q0	3945164#2	0
12876	Q0	323031#2	0
12877	Q0	1714930#0	1
12877	Q0	1714782#0	0
12877	Q0	3469448#0	0
12877	Q0	5212277#0	0
12877	Q0	5225271#0	0
12877	Q0	26723#0	0
12877	Q0	1050204#0	0
12877	Q0	26723#1	0
12877	Q0	3340040#1	0
12877	Q0	3296136#0	0
12879	Q0	3780759#16	1
12879	Q0	3780759#9	0
12879	Q0	3780759#11	0
12879	Q0	4259704#16	0
12879	Q0	3780759#6	0
12879	Q0	3780759#5	0
12879	Q0	4259704#42	0
12879	Q0	5130998#0	0
12879	Q0	5130998#2	0
12879	Q0	5130271#100	0
12881	Q0	168412#1	1
12881	Q0	168412#0	1
12881	Q0	269183#10	0
12881	Q0	9270#19	0
12881	Q0	168412#2	0
12881	Q0	1466706#0	0
12881	Q0	1466706#2	0
12881	Q0	709796#23	0
12881	Q0	2087919#0	0
12881	Q0	231744#3	0
12882	Q0	2973775#4	1
12882	Q0	35666#5	0
12882	Q0	2973775#0	0
12882	Q0	4826476#16	0
12882	Q0	17391#26	0
12882	Q0	1708317#10	0
12882	Q0	4305804#6	0
12882	Q0	4305804#0	0
12882	Q0	4307221#0	0
12882	Q0	4305804#19	0
12883	Q0	1491758#1	1
12883	Q0	1491758#0	1
12883	Q0	1491758#30	0
12883	Q0	1491758#4	0
12883	Q0	1491758#5	0
12883	Q0	1491758#11	0
12883	Q0	1491758#22	0
12883	Q0	1491758#28	0
12883	Q0	1491758#3	0
12883	Q0	1491758#16	0
12885	Q0	936975#7	1
12885	Q0	2800078#2	0
12885	Q0	4850386#2	0
12885	Q0	4897002#2	0
12885	Q0	3075183#1	0
12885	Q0	41202#1	0
12885	Q0	1166013#14	0
12885	Q0	1824030#0	0
12885	Q0	4885940#2	0
12885	Q0	581626#0	0
12886	Q0	7992#44	1
12886	Q0	371316#0	1
12886	Q0	4382252#0	0
12886	Q0	2673897#0	0
12886	Q0	2091866#0	0
12886	Q0	844244#1	0
12886	Q0	28299#1	0
12886	Q0	657203#1	0
12886	Q0	2102066#0	0
12886	Q0	4263799#0	0
12887	Q0	943040#0	1
12887	Q0	1979#0	1
12887	Q0	2354241#0	0
12887	Q0	1770355#0	0
12887	Q0	47639#5	0
12887	Q0	1140422#0	0
12887	Q0	31107#0	0
12887	Q0	2931837#3	0
12887	Q0	47641#0	0
12887	Q0	1064904#0	0
12888	Q0	16453#3	1
12888	Q0	16453#0	0
12888	Q0	302364#0	0
12888	Q0	336988#6	0
12888	Q0	16453#4	0
12888	Q0	302432#0	0
12888	Q0	302384#0	0
12888	Q0	521414#11	0
12888	Q0	302482#0	0
12888	Q0	1279066#0	0
12891	Q0	2865875#0	1
12891	Q0	2940727#0	0
12891	Q0	3358554#0	0
12891	Q0	5214656#0	0
12891	Q0	3356875#1	0
12891	Q0	4114181#0	0
12891	Q0	5194484#2	0
12891	Q0	10235#0	0
12891	Q0	1432768#0	0
12891	Q0	146408#0	0
12893	Q0	4601#0	1
12893	Q0	3566692#6	1
12893	Q0	191118#6	0
12893	Q0	4601#10	0
12893	Q0	4601#6	0
12893	Q0	4601#11	0
12893	Q0	4601#12	0
12893	Q0	3722888#0	0
12893	Q0	653038#0	0
12893	Q0	1951895#0	0
12895	Q0	5180155#9	1
12895	Q0	5180155#38	0
12895	Q0	5180155#7	0
12895	Q0	5180155#8	0
12895	Q0	5180155#32	0
12895	Q0	5180155#0	0
12895	Q0	5180155#43	0
12895	Q0	5180155#12	0
12895	Q0	2421788#1	0
12895	Q0	4344569#2	0
12896	Q0	1413#0	1
12896	Q0	356067#0	0
12896	Q0	5109477#8	0
12896	Q0	3773409#1	0
12896	Q0	44262#1	0
12896	Q0	62904#6	0
12896	Q0	1193047#1	0
12896	Q0	1731057#2	0
12896	Q0	1416#5	0
12896	Q0	1378#0	0
12897	Q0	21660#2	1
12897	Q0	21660#0	1
12897	Q0	21660#1	1
12897	Q0	2378299#0	0
12897	Q0	2373034#0	0
12897	Q0	1279148#0	0
12897	Q0	630670#0	0
12897	Q0	2373034#3	0
12897	Q0	1604904#0	0
12897	Q0	22419#12	0
12899	Q0	9386#1	1
12899	Q0	1722#46	1
12899	Q0	2530601#1	0
12899	Q0	1722#0	0
12899	Q0	1722#45	0
12899	Q0	4036379#0	0
12899	Q0	3409210#14	0
12899	Q0	3633754#1	0
12899	Q0	3323488#0	0
12899	Q0	2731#11	0
12900	Q0	2703049#0	1
12900	Q0	47823#0	0
12900	Q0	5583#30	0
12900	Q0	1571#78	0
12900	Q0	24268#3	0
12900	Q0	439369#1	0
12900	Q0	2149#21	0
12900	Q0	3868#13	0
12900	Q0	3869#54	0
12900	Q0	18398#4	0
12901	Q0	262537#0	1
12901	Q0	262537#1	1
12901	Q0	11183#0	1
12901	Q0	296017#1	0
12901	Q0	11183#44	0
12901	Q0	4619229#0	0
12901	Q0	262537#2	0
12901	Q0	11183#29	0
12901	Q0	37345#0	0
12901	Q0	5221577#0	0
12903	Q0	1968298#0	1
12903	Q0	1855#42	0
12903	Q0	3537318#13	0
12903	Q0	167076#0	0
12903	Q0	315575#0	0
12903	Q0	3650091#0	0
12903	Q0	315575#1	0
12903	Q0	1700377#1	0
12903	Q0	18208#17	0
12903	Q0	3109223#0	0
12904	Q0	2004#0	1
12904	Q0	7591#21	0
12904	Q0	1268400#1	0
12904	Q0	1268401#0	0
12904	Q0	1860567#4	0
12904	Q0	1336960#15	0
12904	Q0	2004#40	0
12904	Q0	2004#41	0
12904	Q0	7591#0	0
12904	Q0	1945530#5	0
12906	Q0	10131#1	1
12906	Q0	10766#38	0
12906	Q0	10769#45	0
12906	Q0	39121#2	0
12906	Q0	10774#40	0
12906	Q0	10768#0	0
12906	Q0	172879#1	0
12906	Q0	11010#0	0
12906	Q0	24006#8	0
12906	Q0	10131#8	0
12907	Q0	336521#0	1
12907	Q0	534072#2	1
12907	Q0	334888#0	0
12907	Q0	1539652#0	0
12907	Q0	1737916#2	0
12907	Q0	156399#0	0
12907	Q0	620974#0	0
12907	Q0	1529117#0	0
12907	Q0	1241608#0	0
12907	Q0	2908826#7	0
12908	Q0	245123#0	1
12908	Q0	2741917#0	0
12908	Q0	4820456#0	0
12908	Q0	1970098#0	0
12908	Q0	1992828#0	0
12908	Q0	2163945#0	0
12908	Q0	1969041#0	0
12908	Q0	2790731#0	0
12908	Q0	1501416#0	0
12908	Q0	2077093#0	0
12909	Q0	7318#1	1
12909	Q0	34174#0	0
12909	Q0	34174#12	0
12909	Q0	7318#0	0
12909	Q0	427025#0	0
12909	Q0	91765#0	0
12909	Q0	427024#0	0
12909	Q0	427020#0	0
12909	Q0	718132#1	0
12909	Q0	426993#0	0
12911	Q0	3160343#0	1
12911	Q0	478312#11	0
12911	Q0	27179#31	0
12911	Q0	2318074#1	0
12911	Q0	2088508#0	0
12911	Q0	27484#3	0
12911	Q0	820381#19	0
12911	Q0	1440071#4	0
12911	Q0	3901575#6	0
12911	Q0	4295065#3	0
12912	Q0	5898#0	1
12912	Q0	5898#30	1
12912	Q0	1666417#6	0
12912	Q0	1256797#3	0
12912	Q0	1666417#5	0
12912	Q0	5898#13	0
12912	Q0	5898#4	0
12912	Q0	5898#12	0
12912	Q0	3950390#0	0
12912	Q0	5898#15	0
12913	Q0	1486407#2	1
12913	Q0	1486407#0	1
12913	Q0	1486407#16	1
12913	Q0	1486407#4	0
12913	Q0	1486407#3	0
12913	Q0	1486407#1	0
12913	Q0	1486407#32	0
12913	Q0	1486407#21	0
12913	Q0	1486407#24	0
12913	Q0	1486407#20	0
12914	Q0	24491#0	1
12914	Q0	24491#1	1
12914	Q0	3210917#8	0
12914	Q0	253750#0	0
12914	Q0	253750#12	0
12914	Q0	24491#4	0
12914	Q0	583341#0	0
12914	Q0	253750#2	0
12914	Q0	81052#0	0
12914	Q0	24491#2	0
12915	Q0	864703#0	1
12915	Q0	3598858#0	0
12915	Q0	201129#3	0
12915	Q0	835066#0	0
12915	Q0	130077#0	0
12915	Q0	1152219#1	0
12915	Q0	1152219#0	0
12915	Q0	2635254#0	0
12915	Q0	201129#1	0
12915	Q0	3395712#0	0
12916	Q0	49080#0	1
12916	Q0	754439#1	1
12916	Q0	49080#6	0
12916	Q0	49080#2	0
12916	Q0	754439#0	0
12916	Q0	95726#0	0
12916	Q0	49080#9	0
12916	Q0	44876#3	0
12916	Q0	1642380#0	0
12916	Q0	44876#5	0
12917	Q0	1063868#0	1
12917	Q0	1063868#2	0
12917	Q0	1063867#0	0
12917	Q0	1063868#1	0
12917	Q0	3905346#4	0
12917	Q0	1496101#0	0
12917	Q0	1239535#9	0
12917	Q0	1138867#31	0
12917	Q0	1259912#0	0
12917	Q0	322126#0	0
12919	Q0	437314#0	1
12919	Q0	289399#3	1
12919	Q0	1347495#4	0
12919	Q0	903011#0	0
12919	Q0	437314#3	0
12919	Q0	1155604#21	0
12919	Q0	289400#4	0
12919	Q0	1296152#0	0
12919	Q0	1297416#15	0
12919	Q0	144260#3	0
12922	Q0	136564#0	1
12922	Q0	136564#1	0
12922	Q0	136564#3	0
12922	Q0	136564#4	0
12922	Q0	136564#7	0
12922	Q0	136564#5	0
12922	Q0	136564#6	0
12922	Q0	136564#2	0
12922	Q0	3119577#0	0
12922	Q0	2804734#4	0
12923	Q0	1520997#5	1
12923	Q0	1520997#11	0
12923	Q0	1520997#0	0
12923	Q0	1520997#2	0
12923	Q0	1520997#7	0
12923	Q0	1520997#3	0
12923	Q0	916883#1	0
12923	Q0	1520997#1	0
12923	Q0	919950#0	0
12923	Q0	2594450#0	0
12924	Q0	100565#0	1
12924	Q0	4331932#0	0
12924	Q0	1115826#0	0
12924	Q0	65712#0	0
12924	Q0	4076863#0	0
12924	Q0	1842134#6	0
12924	Q0	100565#2	0
12924	Q0	2666250#0	0
12924	Q0	100565#6	0
12924	Q0	3515385#0	0
12926	Q0	462907#0	1
12926	Q0	768014#0	1
12926	Q0	462907#2	0
12926	Q0	462907#1	0
12926	Q0	3459608#4	0
12926	Q0	462907#3	0
12926	Q0	289944#0	0
12926	Q0	4255070#0	0
12926	Q0	1053241#0	0
12926	Q0	4561624#0	0
12928	Q0	751328#0	1
12928	Q0	1168804#5	0
12928	Q0	1697903#0	0
12928	Q0	1067504#1	0
12928	Q0	517186#0	0
12928	Q0	889884#0	0
12928	Q0	1934306#0	0
12928	Q0	181993#6	0
12928	Q0	3057007#0	0
12928	Q0	10751#9	0
12929	Q0	5129696#0	1
12929	Q0	3050239#1	0
12929	Q0	3288505#16	0
12929	Q0	2445630#1	0
12929	Q0	3028567#12	0
12929	Q0	12800#49	0
12929	Q0	1500775#26	0
12929	Q0	39699#52	0
12929	Q0	545145#0	0
12929	Q0	3292348#0	0
12930	Q0	37497#0	1
12930	Q0	3229873#0	0
12930	Q0	3229886#0	0
12930	Q0	1963056#0	0
12930	Q0	3890#0	0
12930	Q0	1249682#0	0
12930	Q0	3868#2	0
12930	Q0	2797#2	0
12930	Q0	11547#0	0
12930	Q0	1699819#0	0
12931	Q0	37895#29	1
12931	Q0	72200#13	1
12931	Q0	2953235#3	1
12931	Q0	63240#0	1
12931	Q0	63240#58	0
12931	Q0	63240#37	0
12931	Q0	63240#67	0
12931	Q0	2965#24	0
12931	Q0	381506#0	0
12931	Q0	63240#49	0
12932	Q0	140877#0	1
12932	Q0	60501#0	0
12932	Q0	128384#0	0
12932	Q0	128386#0	0
12932	Q0	35321#9	0
12932	Q0	1520352#0	0
12932	Q0	35321#54	0
12932	Q0	2705442#5	0
12932	Q0	4316553#2	0
12932	Q0	135615#6	0
12933	Q0	2910926#14	1
12933	Q0	4831870#1	0
12933	Q0	1001785#14	0
12933	Q0	1001785#0	0
12933	Q0	2454624#4	0
12933	Q0	16224#87	0
12933	Q0	2454624#3	0
12933	Q0	1001785#1	0
12933	Q0	44876#14	0
12933	Q0	4734125#7	0
12934	Q0	3450649#0	1
12934	Q0	1245806#0	0
12934	Q0	631344#1	0
12934	Q0	16453#0	0
12934	Q0	88891#0	0
12934	Q0	2741#0	0
12934	Q0	68711#0	0
12934	Q0	2836543#2	0
12934	Q0	14653#2	0
12934	Q0	4458786#5	0
12936	Q0	1523187#2	1
12936	Q0	1277205#4	1
12936	Q0	39614#0	0
12936	Q0	3207506#2	0
12936	Q0	1007058#3	0
12936	Q0	22268#28	0
12936	Q0	1007058#49	0
12936	Q0	4511360#0	0
12936	Q0	598071#0	0
12936	Q0	4067150#3	0
12936	Q0	119480#15	0
12936	Q0	1277205#1	0
12937	Q0	1821836#5	1
12937	Q0	1821836#0	1
12937	Q0	1821378#2	1
12937	Q0	1821836#1	0
12937	Q0	1821836#6	0
12937	Q0	43859#0	0
12937	Q0	508849#0	0
12937	Q0	1684669#0	0
12937	Q0	1826517#0	0
12937	Q0	1821836#7	0
12938	Q0	314293#0	1
12938	Q0	492859#0	0
12938	Q0	4541705#0	0
12938	Q0	314293#3	0
12938	Q0	4541753#0	0
12938	Q0	314293#2	0
12938	Q0	314293#4	0
12938	Q0	747075#3	0
12938	Q0	2837571#6	0
12938	Q0	350593#0	0
12942	Q0	14653#2	1
12942	Q0	14653#0	1
12942	Q0	2979055#22	1
12942	Q0	3569308#0	0
12942	Q0	14653#8	0
12942	Q0	5003845#1	0
12942	Q0	1093735#2	0
12942	Q0	3396501#0	0
12942	Q0	14653#3	0
12942	Q0	4502654#0	0
12943	Q0	197225#3	1
12943	Q0	822191#7	0
12943	Q0	252069#1	0
12943	Q0	243007#0	0
12943	Q0	1292952#0	0
12943	Q0	562384#4	0
12943	Q0	1868357#0	0
12943	Q0	1739807#0	0
12943	Q0	3537370#4	0
12943	Q0	197225#5	0
12945	Q0	134770#2	1
12945	Q0	134770#0	1
12945	Q0	2257#100	0
12945	Q0	134770#3	0
12945	Q0	134770#4	0
12945	Q0	481560#0	0
12945	Q0	2731680#1	0
12945	Q0	529991#0	0
12945	Q0	134770#6	0
12945	Q0	2375649#0	0
12946	Q0	4958633#4	1
12946	Q0	149250#13	1
12946	Q0	4958633#0	1
12946	Q0	4958633#3	0
12946	Q0	149250#16	0
12946	Q0	4958633#2	0
12946	Q0	4958633#16	0
12946	Q0	4958633#28	0
12946	Q0	149250#3	0
12946	Q0	4958633#20	0
12948	Q0	2260525#0	1
12948	Q0	51643#0	0
12948	Q0	2143009#0	0
12948	Q0	3356510#0	0
12948	Q0	58583#0	0
12948	Q0	618814#0	0
12948	Q0	27170#0	0
12948	Q0	2581225#12	0
12948	Q0	35919#15	0
12948	Q0	5134540#0	0
12950	Q0	1159272#6	1
12950	Q0	1411443#3	0
12950	Q0	1159272#14	0
12950	Q0	257352#29	0
12950	Q0	1751073#0	0
12950	Q0	2961734#17	0
12950	Q0	3230857#4	0
12950	Q0	516293#6	0
12950	Q0	97114#27	0
12950	Q0	869332#1	0
12951	Q0	1824421#0	1
12951	Q0	3670#51	0
12951	Q0	16578#0	0
12951	Q0	925846#0	0
12951	Q0	926002#1	0
12951	Q0	1658792#0	0
12951	Q0	926002#4	0
12951	Q0	925855#0	0
12951	Q0	1996870#0	0
12951	Q0	4960921#0	0
12953	Q0	34541#29	1
12953	Q0	1821501#8	0
12953	Q0	116723#1	0
12953	Q0	116723#8	0
12953	Q0	584101#80	0
12953	Q0	34541#23	0
12953	Q0	3836701#2	0
12953	Q0	1469456#0	0
12953	Q0	116723#0	0
12953	Q0	3836701#1	0
12954	Q0	3210691#11	1
12954	Q0	3210691#12	1
12954	Q0	3210691#19	1
12954	Q0	3210691#1	1
12954	Q0	3966128#3	0
12954	Q0	3210691#33	0
12954	Q0	3210691#24	0
12954	Q0	3278457#16	0
12954	Q0	3210691#31	0
12954	Q0	936214#4	0
12955	Q0	79471#2	1
12955	Q0	5235210#15	1
12955	Q0	79471#0	1
12955	Q0	2315933#4	1
12955	Q0	1249682#3	0
12955	Q0	1216#2	0
12955	Q0	840045#0	0
12955	Q0	466453#4	0
12955	Q0	773285#1	0
12955	Q0	2315933#6	0
12958	Q0	719668#0	1
12958	Q0	719668#2	1
12958	Q0	3695843#0	0
12958	Q0	3695843#2	0
12958	Q0	3695843#20	0
12958	Q0	3695843#25	0
12958	Q0	3695843#7	0
12958	Q0	3695843#11	0
12958	Q0	3695843#3	0
12958	Q0	3695843#17	0
12959	Q0	25790#3	1
12959	Q0	19535#0	1
12959	Q0	3926314#0	0
12959	Q0	1169320#0	0
12959	Q0	1028351#1	0
12959	Q0	1169320#1	0
12959	Q0	58971#2	0
12959	Q0	2097223#0	0
12959	Q0	16577#5	0
12959	Q0	488497#3	0
12960	Q0	828141#0	1
12960	Q0	5060678#0	0
12960	Q0	4543884#0	0
12960	Q0	1412935#0	0
12960	Q0	3306088#0	0
12960	Q0	2970645#0	0
12960	Q0	3448527#0	0
12960	Q0	276200#0	0
12960	Q0	4844943#0	0
12960	Q0	3340866#0	0
12961	Q0	2115240#0	1
12961	Q0	2523802#4	0
12961	Q0	2115240#1	0
12961	Q0	2482781#4	0
12961	Q0	2115242#0	0
12961	Q0	2471473#0	0
12961	Q0	4337059#0	0
12961	Q0	736039#3	0
12961	Q0	4250794#1	0
12961	Q0	1178946#20	0
12962	Q0	1007058#82	1
12962	Q0	1849531#0	0
12962	Q0	1007094#12	0
12962	Q0	516163#4	0
12962	Q0	966933#2	0
12962	Q0	1463798#8	0
12962	Q0	261358#3	0
12962	Q0	7816#2	0
12962	Q0	173514#29	0
12962	Q0	1531986#158	0
12965	Q0	18919#0	1
12965	Q0	2197904#1	0
12965	Q0	1731193#1	0
12965	Q0	1731193#0	0
12965	Q0	2431770#0	0
12965	Q0	2407995#0	0
12965	Q0	39160#5	0
12965	Q0	2431741#0	0
12965	Q0	2436638#3	0
12965	Q0	57035#4	0
12966	Q0	317080#0	1
12966	Q0	1572803#12	1
12966	Q0	317085#0	0
12966	Q0	317080#2	0
12966	Q0	1196832#0	0
12966	Q0	2785027#5	0
12966	Q0	317080#18	0
12966	Q0	1196832#4	0
12966	Q0	317080#3	0
12966	Q0	1196832#13	0
12969	Q0	4310348#3	1
12969	Q0	4310348#0	0
12969	Q0	4310348#21	0
12969	Q0	4310348#16	0
12969	Q0	127732#9	0
12969	Q0	4318359#1	0
12969	Q0	4310348#5	0
12969	Q0	1447527#7	0
12969	Q0	4310348#18	0
12969	Q0	1450012#0	0
12970	Q0	1811977#2	1
12970	Q0	1666495#1	1
12970	Q0	1596923#0	0
12970	Q0	1451207#0	0
12970	Q0	16460#1	0
12970	Q0	4743999#2	0
12970	Q0	59252#6	0
12970	Q0	3304790#0	0
12970	Q0	3043097#0	0
12970	Q0	3045406#4	0
12972	Q0	4333046#3	1
12972	Q0	4333046#1	0
12972	Q0	28142#23	0
12972	Q0	2910811#0	0
12972	Q0	4333046#2	0
12972	Q0	28142#27	0
12972	Q0	3147398#46	0
12972	Q0	4333046#23	0
12972	Q0	1104494#0	0
12972	Q0	28142#2	0
12974	Q0	41377#0	1
12974	Q0	44876#14	1
12974	Q0	41377#82	1
12974	Q0	41377#54	1
12974	Q0	41377#94	0
12974	Q0	1001785#14	0
12974	Q0	41377#88	0
12974	Q0	41234#0	0
12974	Q0	41377#1	0
12974	Q0	41377#79	0
12975	Q0	2890999#0	1
12975	Q0	773184#0	1
12975	Q0	2820617#0	1
12975	Q0	845255#0	0
12975	Q0	2820490#0	0
12975	Q0	308314#26	0
12975	Q0	558138#4	0
12975	Q0	287474#5	0
12975	Q0	2346656#0	0
12975	Q0	263215#23	0
12976	Q0	349100#3	1
12976	Q0	21390#1	1
12976	Q0	5488#43	1
12976	Q0	3725036#5	1
12976	Q0	3725036#6	1
12976	Q0	13788#1	0
12976	Q0	2012157#0	0
12976	Q0	16661#0	0
12976	Q0	937270#1	0
12976	Q0	937270#0	0
12977	Q0	340409#2	1
12977	Q0	760816#8	0
12977	Q0	3411700#15	0
12977	Q0	4858666#1	0
12977	Q0	1666373#0	0
12977	Q0	28100#0	0
12977	Q0	4858666#3	0
12977	Q0	4858666#2	0
12977	Q0	2541233#0	0
12977	Q0	340409#18	0
12979	Q0	4256453#0	1
12979	Q0	4256453#1	0
12979	Q0	3134911#3	0
12979	Q0	4256453#3	0
12979	Q0	4256453#2	0
12979	Q0	3782572#0	0
12979	Q0	3735100#1	0
12979	Q0	2494236#0	0
12979	Q0	1897174#0	0
12979	Q0	402394#0	0
12980	Q0	1102377#1	1
12980	Q0	5171081#17	1
12980	Q0	7578#14	1
12980	Q0	1665707#1	0
12980	Q0	1484682#1	0
12980	Q0	3966464#1	0
12980	Q0	3013197#18	0
12980	Q0	5171081#6	0
12980	Q0	5171081#18	0
12980	Q0	3013197#2	0
12984	Q0	1714715#0	1
12984	Q0	1771135#0	0
12984	Q0	540352#1	0
12984	Q0	2141910#0	0
12984	Q0	540352#0	0
12984	Q0	5065151#0	0
12984	Q0	4061557#0	0
12984	Q0	5177561#0	0
12984	Q0	3522815#0	0
12984	Q0	3305600#0	0
12986	Q0	138825#1	1
12986	Q0	2297508#1	0
12986	Q0	138825#4	0
12986	Q0	138825#5	0
12986	Q0	4375225#0	0
12986	Q0	2297508#2	0
12986	Q0	138825#6	0
12986	Q0	2297508#0	0
12986	Q0	138825#0	0
12986	Q0	138825#12	0
12988	Q0	2186172#0	1
12988	Q0	3458820#0	0
12988	Q0	2186172#1	0
12988	Q0	2186172#4	0
12988	Q0	3312181#0	0
12988	Q0	45924#3	0
12988	Q0	45924#0	0
12988	Q0	2186172#20	0
12988	Q0	2186172#10	0
12988	Q0	2263513#0	0
12989	Q0	361769#0	1
12989	Q0	361769#1	0
12989	Q0	361769#2	0
12989	Q0	361769#4	0
12989	Q0	361769#5	0
12989	Q0	1934333#0	0
12989	Q0	4885940#0	0
12989	Q0	2168104#0	0
12989	Q0	629266#2	0
12989	Q0	361769#6	0
12991	Q0	14662#0	1
12991	Q0	14662#26	0
12991	Q0	14662#20	0
12991	Q0	1540738#0	0
12991	Q0	131007#17	0
12991	Q0	77270#16	0
12991	Q0	2130975#0	0
12991	Q0	38823#3	0
12991	Q0	2130975#2	0
12991	Q0	512817#4	0
12992	Q0	2122#0	1
12992	Q0	2122#7	0
12992	Q0	2122#4	0
12992	Q0	2122#24	0
12992	Q0	2122#1	0
12992	Q0	2122#13	0
12992	Q0	2122#6	0
12992	Q0	245883#4	0
12992	Q0	2122#10	0
12992	Q0	2479635#13	0
12993	Q0	1296377#0	1
12993	Q0	4606452#0	0
12993	Q0	1949651#4	0
12993	Q0	17376#2	0
12993	Q0	452957#4	0
12993	Q0	63635#1	0
12993	Q0	1949651#3	0
12993	Q0	2082712#1	0
12993	Q0	875842#5	0
12993	Q0	3579136#3	0
12994	Q0	364421#8	1
12994	Q0	1053969#7	1
12994	Q0	16321#54	0
12994	Q0	733124#2	0
12994	Q0	118626#27	0
12994	Q0	714049#8	0
12994	Q0	364421#0	0
12994	Q0	4202030#13	0
12994	Q0	529008#4	0
12994	Q0	76#39	0
12995	Q0	409008#7	1
12995	Q0	1649621#0	0
12995	Q0	2743#29	0
12995	Q0	6676#16	0
12995	Q0	6676#88	0
12995	Q0	6676#43	0
12995	Q0	6676#17	0
12995	Q0	6676#23	0
12995	Q0	1452742#0	0
12995	Q0	3003995#0	0
12997	Q0	12328#1	1
12997	Q0	12328#3	0
12997	Q0	1183924#0	0
12997	Q0	171589#4	0
12997	Q0	462626#0	0
12997	Q0	12328#2	0
12997	Q0	12328#70	0
12997	Q0	12328#41	0
12997	Q0	171589#6	0
12997	Q0	12328#24	0
12998	Q0	5336#0	1
12998	Q0	5336#1	0
12998	Q0	1928794#0	0
12998	Q0	5336#2	0
12998	Q0	5336#21	0
12998	Q0	5336#11	0
12998	Q0	1911#9	0
12998	Q0	5336#18	0
12998	Q0	5336#19	0
12998	Q0	2651932#0	0
12999	Q0	9453#65	1
12999	Q0	9453#0	1
12999	Q0	407884#0	0
12999	Q0	1237374#0	0
12999	Q0	3886#0	0
12999	Q0	532974#0	0
12999	Q0	4916175#0	0
12999	Q0	681333#0	0
12999	Q0	673991#0	0
12999	Q0	1774096#0	0
13000	Q0	211571#0	1
13000	Q0	3471432#0	1
13000	Q0	2416737#0	0
13000	Q0	2416737#3	0
13000	Q0	2416737#2	0
13000	Q0	211571#4	0
13000	Q0	211571#3	0
13000	Q0	1046467#0	0
13000	Q0	1474075#0	0
13000	Q0	643684#4	0
13001	Q0	1890073#0	1
13001	Q0	1716398#0	0
13001	Q0	18154#29	0
13001	Q0	2787039#0	0
13001	Q0	2084867#0	0
13001	Q0	5196738#0	0
13001	Q0	1716398#4	0
13001	Q0	4319823#0	0
13001	Q0	1716398#2	0
13001	Q0	1716398#8	0
13002	Q0	2995#1	1
13002	Q0	617560#0	1
13002	Q0	60701#32	1
13002	Q0	2724457#4	1
13002	Q0	40715#3	1
13002	Q0	2724457#3	0
13002	Q0	617560#1	0
13002	Q0	1103519#6	0
13002	Q0	2554375#0	0
13002	Q0	3944#154	0
13003	Q0	2442989#0	1
13003	Q0	2445425#0	0
13003	Q0	2445425#7	0
13003	Q0	2442989#2	0
13003	Q0	2442989#6	0
13003	Q0	1739283#0	0
13003	Q0	2442989#1	0
13003	Q0	2445425#1	0
13003	Q0	2442989#5	0
13003	Q0	2442989#4	0
13004	Q0	3759418#1	1
13004	Q0	147904#2	0
13004	Q0	1750795#1	0
13004	Q0	66031#2	0
13004	Q0	3755720#2	0
13004	Q0	3112705#9	0
13004	Q0	1669404#0	0
13004	Q0	4076121#0	0
13004	Q0	414763#0	0
13004	Q0	66031#5	0
13007	Q0	1819873#0	1
13007	Q0	1418174#0	0
13007	Q0	623316#0	0
13007	Q0	1353860#0	0
13007	Q0	121787#0	0
13007	Q0	163659#0	0
13007	Q0	1184458#0	0
13007	Q0	157871#0	0
13007	Q0	1554963#0	0
13007	Q0	1464266#2	0
13007	Q0	1819873#1	0
13008	Q0	10056#5	1
13008	Q0	10056#0	1
13008	Q0	5007214#0	0
13008	Q0	5003286#0	0
13008	Q0	5003007#0	0
13008	Q0	4823418#1	0
13008	Q0	2318814#0	0
13008	Q0	5006637#0	0
13008	Q0	3922608#0	0
13008	Q0	5004637#0	0
13009	Q0	31387#3	1
13009	Q0	31387#1	1
13009	Q0	68397#0	0
13009	Q0	615927#0	0
13009	Q0	1419356#0	0
13009	Q0	2248#0	0
13009	Q0	1727216#1	0
13009	Q0	102186#0	0
13009	Q0	305493#1	0
13009	Q0	722504#1	0
13010	Q0	1692631#0	1
13010	Q0	2348245#0	0
13010	Q0	42148#19	0
13010	Q0	3901780#0	0
13010	Q0	250317#0	0
13010	Q0	1521368#4	0
13010	Q0	192401#50	0
13010	Q0	42636#0	0
13010	Q0	4387128#9	0
13010	Q0	3028889#1	0
13015	Q0	958716#5	1
13015	Q0	406671#2	1
13015	Q0	406671#4	1
13015	Q0	406671#0	1
13015	Q0	958716#12	1
13015	Q0	11068#23	0
13015	Q0	4201003#1	0
13015	Q0	2592258#0	0
13015	Q0	366664#0	0
13015	Q0	11068#24	0
13016	Q0	888501#2	1
13016	Q0	237750#2	1
13016	Q0	3325838#12	0
13016	Q0	879154#10	0
13016	Q0	4219583#10	0
13016	Q0	1980681#0	0
13016	Q0	627718#9	0
13016	Q0	35913#12	0
13016	Q0	715571#1	0
13016	Q0	445114#1	0
13017	Q0	2760802#10	1
13017	Q0	309665#0	1
13017	Q0	45543#0	1
13017	Q0	1451047#16	0
13017	Q0	136842#10	0
13017	Q0	3539925#3	0
13017	Q0	595197#1	0
13017	Q0	31119#39	0
13017	Q0	1451047#35	0
13017	Q0	1730033#47	0
13019	Q0	3723343#7	1
13019	Q0	14575#5	1
13019	Q0	4294824#3	0
13019	Q0	629622#4	0
13019	Q0	1647078#0	0
13019	Q0	4419660#0	0
13019	Q0	711846#2	0
13019	Q0	3056222#0	0
13019	Q0	3533215#3	0
13019	Q0	277332#9	0
13020	Q0	675363#2	1
13020	Q0	13589#70	0
13020	Q0	85991#0	0
13020	Q0	496083#0	0
13020	Q0	2293#30	0
13020	Q0	2470712#3	0
13020	Q0	675363#5	0
13020	Q0	18919#3	0
13020	Q0	1681257#14	0
13020	Q0	453091#0	0
13021	Q0	1095082#3	1
13021	Q0	306306#6	1
13021	Q0	1095082#6	0
13021	Q0	1095082#0	0
13021	Q0	1095082#1	0
13021	Q0	309026#7	0
13021	Q0	2676539#5	0
13021	Q0	309026#6	0
13021	Q0	309026#0	0
13021	Q0	1095082#9	0
13022	Q0	3404693#0	1
13022	Q0	1135244#22	1
13022	Q0	25145#0	1
13022	Q0	25145#11	0
13022	Q0	25145#3	0
13022	Q0	25145#1	0
13022	Q0	25145#2	0
13022	Q0	25145#39	0
13022	Q0	25145#14	0
13022	Q0	2683091#2	0
13023	Q0	379433#2	1
13023	Q0	379433#0	1
13023	Q0	4535341#0	0
13023	Q0	4201527#0	0
13023	Q0	1106089#2	0
13023	Q0	2949788#4	0
13023	Q0	3217302#0	0
13023	Q0	228770#2	0
13023	Q0	2397055#0	0
13023	Q0	309614#0	0
13026	Q0	389706#0	1
13026	Q0	389706#8	0
13026	Q0	878832#0	0
13026	Q0	389706#9	0
13026	Q0	389706#11	0
13026	Q0	389706#7	0
13026	Q0	527117#0	0
13026	Q0	771834#0	0
13026	Q0	510874#0	0
13026	Q0	1006247#0	0
13028	Q0	164914#0	1
13028	Q0	4419590#7	1
13028	Q0	3737907#1	1
13028	Q0	1762504#2	1
13028	Q0	164914#1	0
13028	Q0	4520789#9	0
13028	Q0	2406527#4	0
13028	Q0	6994#43	0
13028	Q0	3005296#0	0
13028	Q0	3227245#1	0
13029	Q0	4492308#0	1
13029	Q0	190606#0	0
13029	Q0	3453823#5	0
13029	Q0	1857488#1	0
13029	Q0	1876921#0	0
13029	Q0	2405296#0	0
13029	Q0	2249034#0	0
13029	Q0	3229255#0	0
13029	Q0	871875#0	0
13029	Q0	1853267#0	0
13030	Q0	4271075#2	1
13030	Q0	4271075#0	1
13030	Q0	4271075#29	1
13030	Q0	4271075#1	1
13030	Q0	4271075#10	0
13030	Q0	4271075#7	0
13030	Q0	4271075#28	0
13030	Q0	4271075#23	0
13030	Q0	4271075#12	0
13030	Q0	451496#22	0
13032	Q0	1472856#16	1
13032	Q0	1472856#6	0
13032	Q0	1472856#2	0
13032	Q0	1472856#5	0
13032	Q0	1472856#14	0
13032	Q0	1472856#19	0
13032	Q0	1472856#4	0
13032	Q0	1888150#47	0
13032	Q0	1888150#51	0
13032	Q0	1472856#7	0
13033	Q0	3412#0	1
13033	Q0	777620#34	1
13033	Q0	50677#0	1
13033	Q0	4264085#9	1
13033	Q0	10515#50	0
13033	Q0	287392#23	0
13033	Q0	2953235#5	0
13033	Q0	4264085#0	0
13033	Q0	50677#10	0
13033	Q0	4264085#17	0
13035	Q0	2277#119	1
13035	Q0	3711#0	1
13035	Q0	342661#0	0
13035	Q0	1644875#0	0
13035	Q0	1454446#2	0
13035	Q0	14133#0	0
13035	Q0	62101#0	0
13035	Q0	1072113#13	0
13035	Q0	1719721#7	0
13035	Q0	836780#0	0
13035	Q0	307696#0	0
13035	Q0	3711#4	0
13036	Q0	51565#0	1
13036	Q0	841168#5	0
13036	Q0	6107#0	0
13036	Q0	718057#2	0
13036	Q0	50980#0	0
13036	Q0	2103838#4	0
13036	Q0	1757040#3	0
13036	Q0	518161#5	0
13036	Q0	1757040#0	0
13036	Q0	165663#0	0
13037	Q0	245293#0	1
13037	Q0	31410#8	1
13037	Q0	892147#28	1
13037	Q0	31410#26	1
13037	Q0	161857#9	0
13037	Q0	31410#27	0
13037	Q0	409288#0	0
13037	Q0	1335942#0	0
13037	Q0	985960#0	0
13037	Q0	475680#0	0
13040	Q0	497352#0	1
13040	Q0	34064#26	0
13040	Q0	34064#6	0
13040	Q0	5192030#12	0
13040	Q0	594908#0	0
13040	Q0	1644229#0	0
13040	Q0	1716767#0	0
13040	Q0	1184719#0	0
13040	Q0	1792653#2	0
13040	Q0	2499356#1	0
13044	Q0	15883#0	1
13044	Q0	15883#2	1
13044	Q0	30798#1	1
13044	Q0	30798#0	1
13044	Q0	30798#30	1
13044	Q0	15883#3	0
13044	Q0	135662#0	0
13044	Q0	30798#20	0
13044	Q0	94755#0	0
13044	Q0	15883#23	0
13045	Q0	291977#4	1
13045	Q0	80575#0	0
13045	Q0	2894296#0	0
13045	Q0	4532766#0	0
13045	Q0	125292#0	0
13045	Q0	2894296#1	0
13045	Q0	291977#1	0
13045	Q0	14786#0	0
13045	Q0	2303158#0	0
13045	Q0	190183#0	0
13048	Q0	14114#0	1
13048	Q0	14114#28	0
13048	Q0	14114#2	0
13048	Q0	836780#0	0
13048	Q0	14114#27	0
13048	Q0	14114#30	0
13048	Q0	307696#0	0
13048	Q0	2541817#2	0
13048	Q0	14114#81	0
13048	Q0	14114#25	0
13050	Q0	5336#0	1
13050	Q0	5336#11	0
13050	Q0	5336#1	0
13050	Q0	5336#6	0
13050	Q0	614736#0	0
13050	Q0	5336#2	0
13050	Q0	5336#21	0
13050	Q0	21912#0	0
13050	Q0	1172821#3	0
13050	Q0	187324#5	0
13051	Q0	17189#0	1
13051	Q0	3983641#0	0
13051	Q0	2159319#0	0
13051	Q0	2486525#0	0
13051	Q0	17376#0	0
13051	Q0	3983641#12	0
13051	Q0	816107#8	0
13051	Q0	3987129#0	0
13051	Q0	742687#0	0
13051	Q0	3983641#5	0
13054	Q0	409052#7	1
13054	Q0	985213#0	1
13054	Q0	26745#68	0
13054	Q0	1370086#1	0
13054	Q0	985213#34	0
13054	Q0	1676958#2	0
13054	Q0	575699#2	0
13054	Q0	1571236#3	0
13054	Q0	985213#44	0
13054	Q0	511347#0	0
13055	Q0	172165#0	1
13055	Q0	172165#1	1
13055	Q0	36500#2	1
13055	Q0	172165#12	0
13055	Q0	172165#3	0
13055	Q0	172165#8	0
13055	Q0	172165#11	0
13055	Q0	4755917#0	0
13055	Q0	2881705#0	0
13055	Q0	172165#6	0
13058	Q0	12155#0	1
13058	Q0	11068#48	1
13058	Q0	1278981#18	1
13058	Q0	12155#1	0
13058	Q0	3837140#0	0
13058	Q0	12473#0	0
13058	Q0	412403#0	0
13058	Q0	12155#3	0
13058	Q0	2780794#0	0
13058	Q0	11068#49	0
13060	Q0	912824#3	1
13060	Q0	912824#1	1
13060	Q0	3469252#1	0
13060	Q0	3073957#6	0
13060	Q0	50404#16	0
13060	Q0	2766899#1	0
13060	Q0	912824#37	0
13060	Q0	3469252#2	0
13060	Q0	912824#6	0
13060	Q0	50404#12	0
13061	Q0	232008#0	1
13061	Q0	1758393#0	0
13061	Q0	311668#2	0
13061	Q0	1758672#0	0
13061	Q0	1758661#0	0
13061	Q0	4264265#1	0
13061	Q0	1778189#2	0
13061	Q0	417150#2	0
13061	Q0	1758407#0	0
13061	Q0	1758674#1	0
13063	Q0	260031#0	1
13063	Q0	1747727#6	0
13063	Q0	4611837#44	0
13063	Q0	2169005#8	0
13063	Q0	3459243#23	0
13063	Q0	4111291#95	0
13063	Q0	209808#0	0
13063	Q0	4111291#100	0
13063	Q0	4111291#84	0
13063	Q0	278243#11	0
13065	Q0	1446534#6	1
13065	Q0	18868#33	0
13065	Q0	2533309#22	0
13065	Q0	1534888#1	0
13065	Q0	1534888#0	0
13065	Q0	210226#2	0
13065	Q0	1534888#2	0
13065	Q0	40709#0	0
13065	Q0	18884#16	0
13065	Q0	331240#0	0
13068	Q0	351786#1	1
13068	Q0	24813#2	1
13068	Q0	465819#4	0
13068	Q0	351790#0	0
13068	Q0	24813#3	0
13068	Q0	2889299#0	0
13068	Q0	223160#1	0
13068	Q0	3045217#1	0
13068	Q0	672234#2	0
13068	Q0	24813#7	0
13070	Q0	843545#89	1
13070	Q0	1411110#0	0
13070	Q0	771670#7	0
13070	Q0	5644#1	0
13070	Q0	827045#57	0
13070	Q0	20429#21	0
13070	Q0	31564#1	0
13070	Q0	31564#2	0
13070	Q0	3041436#0	0
13070	Q0	843545#90	0
13071	Q0	1021229#27	1
13071	Q0	1535542#50	0
13071	Q0	1724101#0	0
13071	Q0	3942512#17	0
13071	Q0	1535542#38	0
13071	Q0	1752535#5	0
13071	Q0	4263247#0	0
13071	Q0	4309889#23	0
13071	Q0	4258253#46	0
13071	Q0	1535542#72	0
13072	Q0	284580#72	1
13072	Q0	284580#0	1
13072	Q0	52895#13	1
13072	Q0	284580#39	0
13072	Q0	189431#3	0
13072	Q0	284580#18	0
13072	Q0	1987#10	0
13072	Q0	284580#57	0
13072	Q0	284580#38	0
13072	Q0	284580#19	0
13074	Q0	1218455#2	1
13074	Q0	60251#9	1
13074	Q0	458214#59	1
13074	Q0	1218455#0	1
13074	Q0	60251#0	1
13074	Q0	1218455#1	0
13074	Q0	2958504#4	0
13074	Q0	167218#0	0
13074	Q0	1218455#6	0
13074	Q0	3187387#0	0
13075	Q0	1025695#0	1
13075	Q0	169346#0	0
13075	Q0	210192#0	0
13075	Q0	3097071#0	0
13075	Q0	3740656#0	0
13075	Q0	16031#0	0
13075	Q0	5226802#0	0
13075	Q0	139777#1	0
13075	Q0	56449#12	0
13075	Q0	1012864#0	0
13076	Q0	183454#0	1
13076	Q0	1093308#0	0
13076	Q0	5193243#0	0
13076	Q0	183454#4	0
13076	Q0	2978988#1	0
13076	Q0	259369#12	0
13076	Q0	1569073#0	0
13076	Q0	3919983#0	0
13076	Q0	2844184#0	0
13076	Q0	1080195#0	0
13079	Q0	21328#6	1
13079	Q0	21328#0	1
13079	Q0	21328#7	0
13079	Q0	21328#38	0
13079	Q0	21328#8	0
13079	Q0	21328#42	0
13079	Q0	21328#1	0
13079	Q0	21328#4	0
13079	Q0	21328#9	0
13079	Q0	2409004#3	0
13080	Q0	38168#0	1
13080	Q0	38168#47	0
13080	Q0	3677136#3	0
13080	Q0	3416570#0	0
13080	Q0	79203#0	0
13080	Q0	535693#0	0
13080	Q0	144632#0	0
13080	Q0	8805#7	0
13080	Q0	275202#0	0
13080	Q0	36247#5	0
13081	Q0	3649#8	1
13081	Q0	3649#1	1
13081	Q0	3649#20	0
13081	Q0	3649#19	0
13081	Q0	13162#1	0
13081	Q0	3649#0	0
13081	Q0	3649#17	0
13081	Q0	2614802#0	0
13081	Q0	1333#22	0
13081	Q0	3649#46	0
13084	Q0	2145#3	1
13084	Q0	2145#0	1
13084	Q0	3393157#2	0
13084	Q0	2145#2	0
13084	Q0	3393157#0	0
13084	Q0	123795#9	0
13084	Q0	2094286#5	0
13084	Q0	3712614#2	0
13084	Q0	2145#1	0
13084	Q0	2259631#5	0
13086	Q0	18386#0	1
13086	Q0	2542651#0	0
13086	Q0	2164948#0	0
13086	Q0	1560170#0	0
13086	Q0	18386#1	0
13086	Q0	4222741#0	0
13086	Q0	4222733#0	0
13086	Q0	4221971#0	0
13086	Q0	4830280#0	0
13086	Q0	4222687#0	0
13087	Q0	2501#2	1
13087	Q0	13119#1	1
13087	Q0	2501#1	1
13087	Q0	2501#0	1
13087	Q0	2501#9	1
13087	Q0	2423174#1	0
13087	Q0	2501#4	0
13087	Q0	492871#1	0
13087	Q0	13119#17	0
13087	Q0	492871#0	0
13088	Q0	315516#5	1
13088	Q0	812561#0	1
13088	Q0	2794260#1	0
13088	Q0	17457#13	0
13088	Q0	528154#0	0
13088	Q0	2167423#1	0
13088	Q0	2648498#0	0
13088	Q0	3882101#2	0
13088	Q0	1089152#0	0
13088	Q0	1651278#1	0
13089	Q0	22441#0	1
13089	Q0	22441#2	1
13089	Q0	458646#1	1
13089	Q0	3768577#2	0
13089	Q0	16651#2	0
13089	Q0	3936871#11	0
13089	Q0	884843#1	0
13089	Q0	1266529#4	0
13089	Q0	1176582#0	0
13089	Q0	621445#1	0
13091	Q0	1572578#0	1
13091	Q0	1572578#7	1
13091	Q0	212042#11	0
13091	Q0	212042#4	0
13091	Q0	1572578#6	0
13091	Q0	212042#9	0
13091	Q0	985213#45	0
13091	Q0	1572578#2	0
13091	Q0	1132790#10	0
13091	Q0	1066592#24	0
13093	Q0	49469#10	1
13093	Q0	767347#1	1
13093	Q0	767347#0	1
13093	Q0	2442806#11	0
13093	Q0	3094070#0	0
13093	Q0	3264660#2	0
13093	Q0	530187#1	0
13093	Q0	3099461#28	0
13093	Q0	3092344#47	0
13093	Q0	127662#0	0
13095	Q0	1530007#0	1
13095	Q0	1530007#1	1
13095	Q0	1530007#3	0
13095	Q0	1530007#2	0
13095	Q0	1451081#0	0
13095	Q0	3035628#0	0
13095	Q0	928749#2	0
13095	Q0	2332#38	0
13095	Q0	37979#31	0
13095	Q0	2371433#0	0
13098	Q0	776056#3	1
13098	Q0	776056#4	1
13098	Q0	186315#36	0
13098	Q0	776056#6	0
13098	Q0	776056#26	0
13098	Q0	776056#0	0
13098	Q0	1296972#0	0
13098	Q0	186315#0	0
13098	Q0	1309027#0	0
13098	Q0	186315#35	0
13098	Q0	776056#8	0
13098	Q0	776056#7	0
13100	Q0	806424#0	1
13100	Q0	806424#1	1
13100	Q0	233375#0	0
13100	Q0	541191#2	0
13100	Q0	4875724#0	0
13100	Q0	1097916#0	0
13100	Q0	320706#0	0
13100	Q0	3373097#0	0
13100	Q0	2159301#1	0
13100	Q0	2159301#0	0
13103	Q0	38867#1	1
13103	Q0	171844#0	0
13103	Q0	28061#26	0
13103	Q0	38867#0	0
13103	Q0	171844#1	0
13103	Q0	5322#2	0
13103	Q0	171839#0	0
13103	Q0	71561#9	0
13103	Q0	38867#3	0
13103	Q0	21564#66	0
13104	Q0	59075#0	1
13104	Q0	1850020#1	0
13104	Q0	3238340#0	0
13104	Q0	128324#0	0
13104	Q0	3013219#0	0
13104	Q0	3053912#0	0
13104	Q0	1442103#49	0
13104	Q0	4119671#0	0
13104	Q0	1500834#0	0
13104	Q0	128324#1	0
13105	Q0	412764#3	1
13105	Q0	140726#9	1
13105	Q0	7204#8	0
13105	Q0	60345#3	0
13105	Q0	381678#8	0
13105	Q0	381678#3	0
13105	Q0	60345#0	0
13105	Q0	12984#13	0
13105	Q0	1743183#13	0
13105	Q0	7204#35	0
13107	Q0	14702#0	1
13107	Q0	14702#1	0
13107	Q0	282309#1	0
13107	Q0	14702#35	0
13107	Q0	1547693#0	0
13107	Q0	284463#0	0
13107	Q0	1718496#1	0
13107	Q0	3719537#0	0
13107	Q0	1491632#15	0
13107	Q0	3667452#0	0
13109	Q0	580663#6	1
13109	Q0	713635#1	1
13109	Q0	580663#4	0
13109	Q0	3817126#3	0
13109	Q0	1581#30	0
13109	Q0	768885#0	0
13109	Q0	4964845#0	0
13109	Q0	580663#1	0
13109	Q0	144073#3	0
13109	Q0	3544208#1	0
13111	Q0	13048#9	1
13111	Q0	3045861#1	1
13111	Q0	1711045#5	0
13111	Q0	665742#0	0
13111	Q0	13048#7	0
13111	Q0	3052322#1	0
13111	Q0	3052322#2	0
13111	Q0	13048#8	0
13111	Q0	13048#0	0
13111	Q0	3257130#2	0
13116	Q0	4720817#4	1
13116	Q0	1341534#1	1
13116	Q0	4720817#3	1
13116	Q0	4720817#5	1
13116	Q0	3035634#23	1
13116	Q0	1532587#4	1
13116	Q0	2968969#0	0
13116	Q0	10400#23	0
13116	Q0	1740564#4	0
13116	Q0	3035634#0	0
13117	Q0	41598#0	1
13117	Q0	1081376#25	1
13117	Q0	41598#4	0
13117	Q0	41598#1	0
13117	Q0	41598#10	0
13117	Q0	5465#9	0
13117	Q0	41598#19	0
13117	Q0	41598#3	0
13117	Q0	41598#5	0
13117	Q0	5465#8	0
13119	Q0	59503#7	1
13119	Q0	4517929#2	1
13119	Q0	59503#1	1
13119	Q0	59503#11	0
13119	Q0	3448991#0	0
13119	Q0	968076#45	0
13119	Q0	1260043#11	0
13119	Q0	59503#2	0
13119	Q0	3196915#0	0
13119	Q0	2936698#0	0
13120	Q0	350658#1	1
13120	Q0	350658#0	1
13120	Q0	350658#4	0
13120	Q0	350658#2	0
13120	Q0	1491020#0	0
13120	Q0	824535#1	0
13120	Q0	955100#0	0
13120	Q0	31282#52	0
13120	Q0	3849337#0	0
13120	Q0	824535#0	0
13121	Q0	20938#31	1
13121	Q0	592775#1	0
13121	Q0	1286664#5	0
13121	Q0	1286664#6	0
13121	Q0	2881466#38	0
13121	Q0	1673777#9	0
13121	Q0	950658#2	0
13121	Q0	2542540#0	0
13121	Q0	950658#17	0
13121	Q0	135862#16	0
13122	Q0	1164978#3	1
13122	Q0	349220#7	0
13122	Q0	349220#6	0
13122	Q0	349220#10	0
13122	Q0	349220#33	0
13122	Q0	349220#8	0
13122	Q0	349220#32	0
13122	Q0	349220#24	0
13122	Q0	349220#34	0
13122	Q0	349220#20	0
13123	Q0	4314828#0	1
13123	Q0	1634497#0	0
13123	Q0	807529#0	0
13123	Q0	2042648#0	0
13123	Q0	3164450#0	0
13123	Q0	4314828#2	0
13123	Q0	3246749#3	0
13123	Q0	4046830#2	0
13123	Q0	5053888#2	0
13123	Q0	4314828#1	0
13124	Q0	2547852#0	1
13124	Q0	2547852#1	1
13124	Q0	394619#16	0
13124	Q0	3213394#5	0
13124	Q0	3213394#4	0
13124	Q0	1068063#0	0
13124	Q0	1750083#14	0
13124	Q0	945469#1	0
13124	Q0	945469#0	0
13124	Q0	3043277#2	0
13125	Q0	3011104#1	1
13125	Q0	3011063#0	1
13125	Q0	3011075#1	1
13125	Q0	32523#0	0
13125	Q0	2190246#0	0
13125	Q0	32515#0	0
13125	Q0	32516#0	0
13125	Q0	4242498#4	0
13125	Q0	32513#0	0
13125	Q0	32548#0	0
13126	Q0	10865#1	1
13126	Q0	11662#0	1
13126	Q0	3449581#21	0
13126	Q0	643521#11	0
13126	Q0	128684#1	0
13126	Q0	1821651#4	0
13126	Q0	49265#5	0
13126	Q0	39360#5	0
13126	Q0	163813#27	0
13126	Q0	203820#138	0
13129	Q0	1294770#84	1
13129	Q0	716488#6	0
13129	Q0	938970#17	0
13129	Q0	716488#2	0
13129	Q0	1675013#13	0
13129	Q0	253290#2	0
13129	Q0	5219710#6	0
13129	Q0	326513#3	0
13129	Q0	3121240#5	0
13129	Q0	7204#57	0
13130	Q0	537090#0	1
13130	Q0	302881#1	0
13130	Q0	1829428#0	0
13130	Q0	4333226#0	0
13130	Q0	2004763#1	0
13130	Q0	537090#4	0
13130	Q0	3424198#0	0
13130	Q0	1659094#0	0
13130	Q0	2714036#0	0
13130	Q0	1829428#1	0
13132	Q0	167988#58	1
13132	Q0	3566840#40	0
13132	Q0	3663101#6	0
13132	Q0	2650048#4	0
13132	Q0	3566840#39	0
13132	Q0	167988#45	0
13132	Q0	2634011#6	0
13132	Q0	1463320#7	0
13132	Q0	2103127#9	0
13132	Q0	4668692#10	0
13135	Q0	3920050#0	1
13135	Q0	3812800#6	0
13135	Q0	838707#21	0
13135	Q0	4384802#5	0
13135	Q0	838707#1	0
13135	Q0	4518810#0	0
13135	Q0	3380957#1	0
13135	Q0	4251486#0	0
13135	Q0	416259#5	0
13135	Q0	493404#0	0
13137	Q0	1565535#0	1
13137	Q0	1524513#11	1
13137	Q0	1565535#5	1
13137	Q0	1565535#6	0
13137	Q0	1760093#11	0
13137	Q0	1565535#3	0
13137	Q0	1524513#12	0
13137	Q0	2781305#0	0
13137	Q0	3429791#2	0
13137	Q0	942331#0	0
13138	Q0	2393#0	1
13138	Q0	1001785#40	1
13138	Q0	1944259#25	1
13138	Q0	15757#4	0
13138	Q0	1018790#57	0
13138	Q0	2393#8	0
13138	Q0	1009379#11	0
13138	Q0	2522476#1	0
13138	Q0	4240264#0	0
13138	Q0	4240264#25	0
13139	Q0	3886#20	1
13139	Q0	3886#5	1
13139	Q0	920864#5	0
13139	Q0	299722#1	0
13139	Q0	2892744#1	0
13139	Q0	2714835#2	0
13139	Q0	3887#6	0
13139	Q0	2417114#2	0
13139	Q0	1965310#0	0
13139	Q0	29716#56	0
13140	Q0	42047#0	1
13140	Q0	363346#0	0
13140	Q0	15828#15	0
13140	Q0	4578#11	0
13140	Q0	300479#29	0
13140	Q0	4340856#2	0
13140	Q0	176885#0	0
13140	Q0	1482914#0	0
13140	Q0	1562411#0	0
13140	Q0	4340856#5	0
13141	Q0	1077827#0	1
13141	Q0	5199185#0	0
13141	Q0	2143136#0	0
13141	Q0	5160698#0	0
13141	Q0	4853866#0	0
13141	Q0	3247091#0	0
13141	Q0	5116008#0	0
13141	Q0	1448680#0	0
13141	Q0	3205177#0	0
13141	Q0	3720547#0	0
13144	Q0	3892#12	1
13144	Q0	1073653#1	1
13144	Q0	3892#13	0
13144	Q0	3892#23	0
13144	Q0	3892#91	0
13144	Q0	3892#76	0
13144	Q0	3087395#0	0
13144	Q0	3892#14	0
13144	Q0	1073653#0	0
13144	Q0	3892#0	0
13145	Q0	366553#0	1
13145	Q0	366553#3	0
13145	Q0	2095543#2	0
13145	Q0	364490#0	0
13145	Q0	64324#175	0
13145	Q0	1088219#1	0
13145	Q0	1693386#0	0
13145	Q0	64324#9	0
13145	Q0	2399585#20	0
13145	Q0	1059089#0	0
13146	Q0	4697637#35	1
13146	Q0	253968#39	1
13146	Q0	1324546#3	0
13146	Q0	101275#46	0
13146	Q0	1469456#36	0
13146	Q0	24530#18	0
13146	Q0	24530#37	0
13146	Q0	57242#13	0
13146	Q0	2943194#1	0
13146	Q0	262600#18	0
13148	Q0	1676823#2	1
13148	Q0	25006#73	1
13148	Q0	1092138#0	1
13148	Q0	305565#4	0
13148	Q0	107506#8	0
13148	Q0	1679905#6	0
13148	Q0	2508#1	0
13148	Q0	2042651#0	0
13148	Q0	3461327#1	0
13148	Q0	1457507#11	0
13148	Q0	2042651#14	0
13148	Q0	1092138#2	0
13150	Q0	21733#0	1
13150	Q0	21733#7	0
13150	Q0	1500518#0	0
13150	Q0	3557446#1	0
13150	Q0	3516090#0	0
13150	Q0	1500669#0	0
13150	Q0	21733#27	0
13150	Q0	1502177#0	0
13150	Q0	749937#0	0
13150	Q0	1505109#0	0
13151	Q0	24360#0	1
13151	Q0	4858768#1	1
13151	Q0	24360#4	0
13151	Q0	2188302#0	0
13151	Q0	24360#2	0
13151	Q0	2361413#1	0
13151	Q0	24360#1	0
13151	Q0	190519#0	0
13151	Q0	1031192#79	0
13151	Q0	122650#0	0
13152	Q0	895902#0	1
13152	Q0	895902#9	1
13152	Q0	895902#13	0
13152	Q0	895902#10	0
13152	Q0	895902#11	0
13152	Q0	449526#13	0
13152	Q0	895902#21	0
13152	Q0	895902#12	0
13152	Q0	895902#29	0
13152	Q0	449526#1	0
13153	Q0	4815348#4	1
13153	Q0	4815348#8	1
13153	Q0	2906199#5	0
13153	Q0	390107#15	0
13153	Q0	120311#32	0
13153	Q0	53030#17	0
13153	Q0	2634061#3	0
13153	Q0	3773394#4	0
13153	Q0	12162#83	0
13153	Q0	2627722#7	0
13154	Q0	1483866#2	1
13154	Q0	1483866#12	1
13154	Q0	1483866#8	1
13154	Q0	1483866#63	0
13154	Q0	1483866#36	0
13154	Q0	1483866#0	0
13154	Q0	1483866#22	0
13154	Q0	1483866#17	0
13154	Q0	1483866#41	0
13154	Q0	1483866#15	0
13156	Q0	203014#0	1
13156	Q0	2310452#10	0
13156	Q0	1471840#2	0
13156	Q0	920022#1	0
13156	Q0	3131285#1	0
13156	Q0	156427#1	0
13156	Q0	1612#4	0
13156	Q0	812926#0	0
13156	Q0	2967927#0	0
13156	Q0	210840#0	0
13157	Q0	537090#0	1
13157	Q0	4333226#0	0
13157	Q0	1659094#0	0
13157	Q0	1829428#0	0
13157	Q0	302881#1	0
13157	Q0	537090#4	0
13157	Q0	3424273#0	0
13157	Q0	601084#0	0
13157	Q0	4342778#6	0
13157	Q0	3424198#0	0
13158	Q0	1571#21	1
13158	Q0	760226#10	1
13158	Q0	3036464#0	1
13158	Q0	1042826#0	0
13158	Q0	480330#3	0
13158	Q0	1003341#0	0
13158	Q0	480330#0	0
13158	Q0	981182#0	0
13158	Q0	80806#3	0
13158	Q0	26912#6	0
13159	Q0	202824#0	1
13159	Q0	5028403#0	0
13159	Q0	5157317#0	0
13159	Q0	3436979#0	0
13159	Q0	3042301#0	0
13159	Q0	5025971#0	0
13159	Q0	3337969#0	0
13159	Q0	1073576#0	0
13159	Q0	2173883#1	0
13159	Q0	2932410#0	0
13160	Q0	492713#1	1
13160	Q0	4220523#0	0
13160	Q0	4220384#0	0
13160	Q0	492713#0	0
13160	Q0	728658#83	0
13160	Q0	1972831#2	0
13160	Q0	161306#2	0
13160	Q0	1972831#3	0
13160	Q0	1560166#0	0
13160	Q0	1963724#2	0
13162	Q0	4330876#0	1
13162	Q0	4331010#2	0
13162	Q0	4330876#3	0
13162	Q0	4719459#0	0
13162	Q0	4330876#6	0
13162	Q0	4331010#0	0
13162	Q0	4330876#2	0
13162	Q0	4331251#2	0
13162	Q0	4330876#5	0
13162	Q0	4330876#12	0
13164	Q0	383823#1	1
13164	Q0	538876#0	0
13164	Q0	1059085#9	0
13164	Q0	4057824#0	0
13164	Q0	3152237#1	0
13164	Q0	1558021#1	0
13164	Q0	2506#99	0
13164	Q0	1147200#1	0
13164	Q0	445803#1	0
13164	Q0	1369#174	0
13165	Q0	236864#0	1
13165	Q0	236864#2	0
13165	Q0	1193035#1	0
13165	Q0	266165#0	0
13165	Q0	236864#3	0
13165	Q0	3136823#2	0
13165	Q0	443660#0	0
13165	Q0	4619585#1	0
13165	Q0	236864#1	0
13165	Q0	2361402#6	0
13166	Q0	20669#14	1
13166	Q0	613187#35	1
13166	Q0	613187#32	1
13166	Q0	609513#10	1
13166	Q0	1613#59	1
13166	Q0	1613#54	1
13166	Q0	20669#0	1
13166	Q0	613187#33	0
13166	Q0	613187#18	0
13166	Q0	613187#30	0
13167	Q0	2501474#0	1
13167	Q0	2501474#1	0
13167	Q0	5140062#0	0
13167	Q0	1511291#9	0
13167	Q0	1089966#0	0
13167	Q0	2958742#0	0
13167	Q0	659093#11	0
13167	Q0	3431039#0	0
13167	Q0	3431027#0	0
13167	Q0	456532#0	0
13169	Q0	3249778#3	1
13169	Q0	3249778#2	1
13169	Q0	3249778#8	0
13169	Q0	3249778#10	0
13169	Q0	3000647#2	0
13169	Q0	446401#1	0
13169	Q0	3249778#6	0
13169	Q0	3249778#14	0
13169	Q0	3249778#0	0
13169	Q0	3249778#4	0
13170	Q0	21940#0	1
13170	Q0	21940#9	1
13170	Q0	481012#5	1
13170	Q0	21940#5	1
13170	Q0	21940#22	0
13170	Q0	21940#1	0
13170	Q0	21940#7	0
13170	Q0	249607#30	0
13170	Q0	1916510#0	0
13170	Q0	249607#40	0
13171	Q0	630351#0	1
13171	Q0	630351#1	0
13171	Q0	4973160#0	0
13171	Q0	275629#0	0
13171	Q0	886098#47	0
13171	Q0	4427239#0	0
13171	Q0	3047809#57	0
13171	Q0	16110#4	0
13171	Q0	329430#0	0
13171	Q0	7179#32	0
13172	Q0	358813#0	1
13172	Q0	3305267#0	0
13172	Q0	5133645#0	0
13172	Q0	1854085#0	0
13172	Q0	1503565#0	0
13172	Q0	101119#0	0
13172	Q0	2184845#0	0
13172	Q0	3660772#0	0
13172	Q0	4931658#0	0
13172	Q0	592370#27	0
13174	Q0	10056#32	1
13174	Q0	10056#29	0
13174	Q0	10056#31	0
13174	Q0	10056#20	0
13174	Q0	10056#7	0
13174	Q0	10056#30	0
13174	Q0	10056#10	0
13174	Q0	10056#34	0
13174	Q0	10056#8	0
13174	Q0	10056#5	0
13176	Q0	2007742#0	1
13176	Q0	663006#20	0
13176	Q0	26720#0	0
13176	Q0	3524835#0	0
13176	Q0	1021266#0	0
13176	Q0	312494#0	0
13176	Q0	3000982#0	0
13176	Q0	16228#0	0
13176	Q0	574635#0	0
13176	Q0	1646499#21	0
13177	Q0	3515793#0	1
13177	Q0	1086870#6	1
13177	Q0	34713#0	1
13177	Q0	2740133#2	1
13177	Q0	1803882#0	0
13177	Q0	3416846#0	0
13177	Q0	3420432#0	0
13177	Q0	4915793#0	0
13177	Q0	2094160#0	0
13177	Q0	34713#3	0
13180	Q0	2972204#0	1
13180	Q0	4473#9	1
13180	Q0	1615#0	0
13180	Q0	1060608#0	0
13180	Q0	5064284#0	0
13180	Q0	1052048#0	0
13180	Q0	2925503#0	0
13180	Q0	78019#1	0
13180	Q0	3313035#1	0
13180	Q0	1898699#2	0
13182	Q0	5250561#1	1
13182	Q0	1532587#0	0
13182	Q0	5250561#2	0
13182	Q0	3867#40	0
13182	Q0	1532587#9	0
13182	Q0	1134136#0	0
13182	Q0	3867#39	0
13182	Q0	171730#0	0
13182	Q0	1532587#8	0
13182	Q0	5250561#3	0
13184	Q0	273821#2	1
13184	Q0	273821#1	1
13184	Q0	273821#0	1
13184	Q0	325030#1	0
13184	Q0	57849#4	0
13184	Q0	555816#0	0
13184	Q0	629978#1	0
13184	Q0	555837#0	0
13184	Q0	629978#0	0
13184	Q0	682275#0	0
13187	Q0	1780206#0	1
13187	Q0	1780206#1	1
13187	Q0	1642294#1	0
13187	Q0	455326#2	0
13187	Q0	226253#1	0
13187	Q0	3108232#0	0
13187	Q0	1085378#1	0
13187	Q0	1576557#0	0
13187	Q0	23323#0	0
13187	Q0	420759#1	0
13188	Q0	1805870#4	1
13188	Q0	2642596#2	1
13188	Q0	597773#5	0
13188	Q0	2362074#2	0
13188	Q0	1045074#64	0
13188	Q0	1502151#1	0
13188	Q0	1045074#62	0
13188	Q0	3739451#1	0
13188	Q0	833934#0	0
13188	Q0	225009#2	0
13189	Q0	2615#0	1
13189	Q0	2615#1	1
13189	Q0	2615#2	0
13189	Q0	1414#4	0
13189	Q0	1036826#0	0
13189	Q0	3522617#2	0
13189	Q0	631781#2	0
13189	Q0	330405#2	0
13189	Q0	2297337#3	0
13189	Q0	7018#24	0
13190	Q0	13804#0	1
13190	Q0	3123768#0	1
13190	Q0	13804#83	1
13190	Q0	3971347#39	1
13190	Q0	13804#11	0
13190	Q0	13804#15	0
13190	Q0	13804#9	0
13190	Q0	13804#13	0
13190	Q0	13804#21	0
13190	Q0	13804#20	0
13191	Q0	931085#2	1
13191	Q0	931085#8	1
13191	Q0	931085#0	1
13191	Q0	3650881#1	0
13191	Q0	3422655#0	0
13191	Q0	1801708#0	0
13191	Q0	1568474#0	0
13191	Q0	1123535#160	0
13191	Q0	1775155#0	0
13191	Q0	615014#0	0
13191	Q0	931085#9	0
13191	Q0	931085#10	0
13191	Q0	931085#11	0
13192	Q0	703183#20	1
13192	Q0	134529#14	0
13192	Q0	134529#45	0
13192	Q0	3646206#9	0
13192	Q0	134529#3	0
13192	Q0	118607#54	0
13192	Q0	4426270#30	0
13192	Q0	4759300#6	0
13192	Q0	1709298#2	0
13192	Q0	134529#32	0
13193	Q0	762372#13	1
13193	Q0	55941#3	1
13193	Q0	294966#10	1
13193	Q0	2827390#0	0
13193	Q0	2827373#0	0
13193	Q0	5219687#1	0
13193	Q0	2865534#3	0
13193	Q0	762372#16	0
13193	Q0	2827386#2	0
13193	Q0	3647130#10	0
13196	Q0	885243#1	1
13196	Q0	885243#15	1
13196	Q0	657474#24	0
13196	Q0	1825452#24	0
13196	Q0	885243#18	0
13196	Q0	1563131#13	0
13196	Q0	885243#21	0
13196	Q0	885243#24	0
13196	Q0	657259#28	0
13196	Q0	1585445#1	0
13197	Q0	63103#1	1
13197	Q0	63103#2	1
13197	Q0	4138202#1	0
13197	Q0	255507#2	0
13197	Q0	63103#44	0
13197	Q0	63103#20	0
13197	Q0	63103#29	0
13197	Q0	255507#1	0
13197	Q0	3987023#0	0
13197	Q0	63103#27	0
13202	Q0	1656651#9	1
13202	Q0	1656651#0	1
13202	Q0	1656651#1	1
13202	Q0	4031#32	0
13202	Q0	302306#30	0
13202	Q0	1656651#6	0
13202	Q0	3129951#10	0
13202	Q0	479295#6	0
13202	Q0	1612#25	0
13202	Q0	4304067#8	0
13204	Q0	1831405#0	1
13204	Q0	1831405#5	0
13204	Q0	1831405#4	0
13204	Q0	1163787#16	0
13204	Q0	1831405#6	0
13204	Q0	1831405#3	0
13204	Q0	1862#49	0
13204	Q0	1825142#5	0
13204	Q0	92040#37	0
13204	Q0	1831335#0	0
13205	Q0	4614548#1	1
13205	Q0	2983732#0	1
13205	Q0	2964718#0	0
13205	Q0	1301934#1	0
13205	Q0	5136010#2	0
13205	Q0	1677382#0	0
13205	Q0	474346#13	0
13205	Q0	119523#9	0
13205	Q0	4805640#1	0
13205	Q0	2440705#0	0
13206	Q0	17354#4	1
13206	Q0	17354#1	1
13206	Q0	737267#3	0
13206	Q0	447243#1	0
13206	Q0	490524#2	0
13206	Q0	2629085#1	0
13206	Q0	3529057#1	0
13206	Q0	811186#0	0
13206	Q0	3814585#0	0
13206	Q0	4883291#1	0
13208	Q0	1177604#0	1
13208	Q0	2191757#0	0
13208	Q0	2191617#0	0
13208	Q0	129920#1	0
13208	Q0	347128#0	0
13208	Q0	2198008#0	0
13208	Q0	2191673#0	0
13208	Q0	2198038#0	0
13208	Q0	2191647#0	0
13208	Q0	2198405#0	0
13209	Q0	1839935#0	1
13209	Q0	1839935#4	0
13209	Q0	5223427#0	0
13209	Q0	1839935#7	0
13209	Q0	3031797#0	0
13209	Q0	1839935#5	0
13209	Q0	1839935#6	0
13209	Q0	1675704#1	0
13209	Q0	1468321#1	0
13209	Q0	1063254#3	0
13210	Q0	5198#0	1
13210	Q0	5198#5	1
13210	Q0	1057020#6	1
13210	Q0	5198#45	0
13210	Q0	513288#6	0
13210	Q0	513288#14	0
13210	Q0	4724533#0	0
13210	Q0	5198#6	0
13210	Q0	4771542#0	0
13210	Q0	547369#0	0
13211	Q0	37729#5	1
13211	Q0	218179#34	0
13211	Q0	1313152#3	0
13211	Q0	392354#27	0
13211	Q0	9947#31	0
13211	Q0	1854660#9	0
13211	Q0	1029786#16	0
13211	Q0	472424#1	0
13211	Q0	42113#2	0
13211	Q0	1104151#9	0
13212	Q0	663162#5	1
13212	Q0	663162#8	1
13212	Q0	4203666#0	0
13212	Q0	663162#60	0
13212	Q0	663162#68	0
13212	Q0	4895651#0	0
13212	Q0	663162#10	0
13212	Q0	4828179#0	0
13212	Q0	4123411#0	0
13212	Q0	663162#77	0
13214	Q0	532009#0	1
13214	Q0	909639#0	0
13214	Q0	1142348#0	0
13214	Q0	3175457#0	0
13214	Q0	2176414#0	0
13214	Q0	2823374#0	0
13214	Q0	3037530#0	0
13214	Q0	2837752#0	0
13214	Q0	2982703#5	0
13214	Q0	2842622#0	0
13216	Q0	2102081#2	1
13216	Q0	2102081#22	0
13216	Q0	2102081#27	0
13216	Q0	2102081#35	0
13218	Q0	185741#5	1
13218	Q0	185741#1	1
13218	Q0	185782#0	0
13218	Q0	3339761#6	0
13218	Q0	185741#8	0
13218	Q0	817975#1	0
13218	Q0	1591894#23	0
13218	Q0	12517#16	0
13218	Q0	4837485#5	0
13218	Q0	3339761#10	0
13220	Q0	995690#0	1
13220	Q0	2713776#0	0
13220	Q0	486421#0	0
13220	Q0	5012832#0	0
13220	Q0	1823071#0	0
13220	Q0	3261780#0	0
13220	Q0	676366#0	0
13220	Q0	995690#1	0
13220	Q0	1868684#0	0
13220	Q0	173727#0	0
13221	Q0	843545#11	1
13221	Q0	938094#0	0
13221	Q0	339895#0	0
13221	Q0	37980#0	0
13221	Q0	2696781#0	0
13221	Q0	4241326#1	0
13221	Q0	3897366#99	0
13221	Q0	4831986#35	0
13221	Q0	597936#6	0
13221	Q0	4723#0	0
13222	Q0	63959#0	1
13222	Q0	63959#3	0
13222	Q0	63959#1	0
13222	Q0	63959#2	0
13222	Q0	245287#4	0
13222	Q0	288034#0	0
13222	Q0	245287#3	0
13222	Q0	37097#6	0
13222	Q0	37097#0	0
13222	Q0	245287#6	0
13225	Q0	768981#2	1
13225	Q0	768981#0	1
13225	Q0	508660#4	0
13225	Q0	258227#0	0
13225	Q0	2439208#0	0
13225	Q0	24025#28	0
13225	Q0	4675671#1	0
13225	Q0	14891#55	0
13225	Q0	853549#0	0
13225	Q0	55995#1	0
13226	Q0	116142#0	1
13226	Q0	116142#1	1
13226	Q0	356144#0	0
13226	Q0	1030520#1	0
13226	Q0	293468#2	0
13226	Q0	4257223#0	0
13226	Q0	1874423#0	0
13226	Q0	2780074#0	0
13226	Q0	1030559#0	0
13226	Q0	1254435#1	0
13227	Q0	38187#4	1
13227	Q0	38187#7	0
13227	Q0	38187#9	0
13227	Q0	38187#10	0
13227	Q0	38187#0	0
13227	Q0	3898421#3	0
13227	Q0	761250#0	0
13227	Q0	45159#5	0
13227	Q0	953865#35	0
13227	Q0	38187#8	0
13228	Q0	1117945#0	1
13228	Q0	1543#14	0
13228	Q0	922617#41	0
13228	Q0	252318#21	0
13228	Q0	1695403#2	0
13228	Q0	970812#54	0
13228	Q0	4342778#97	0
13228	Q0	3516847#10	0
13228	Q0	4612190#37	0
13228	Q0	21328#35	0
13229	Q0	14015#11	1
13229	Q0	424934#2	1
13229	Q0	14015#9	1
13229	Q0	3516664#0	0
13229	Q0	14015#0	0
13229	Q0	3895#37	0
13229	Q0	14015#10	0
13229	Q0	24031#79	0
13229	Q0	144271#0	0
13229	Q0	24031#39	0
13230	Q0	195166#0	1
13230	Q0	5027762#0	0
13230	Q0	5003472#0	0
13230	Q0	195166#1	0
13230	Q0	5153179#0	0
13230	Q0	2948878#0	0
13230	Q0	2430227#1	0
13230	Q0	5156669#0	0
13230	Q0	2803766#0	0
13230	Q0	5025559#0	0
13233	Q0	466004#0	1
13233	Q0	3185582#0	0
13233	Q0	466004#1	0
13233	Q0	3273423#0	0
13233	Q0	466004#5	0
13233	Q0	20066#0	0
13233	Q0	14863#4	0
13233	Q0	1780436#4	0
13233	Q0	496103#34	0
13233	Q0	4274138#0	0
13238	Q0	1529494#0	1
13238	Q0	3638877#0	0
13238	Q0	1683529#1	0
13238	Q0	1529494#1	0
13238	Q0	819816#0	0
13238	Q0	348331#0	0
13238	Q0	2757089#0	0
13238	Q0	2963689#0	0
13238	Q0	1730117#0	0
13238	Q0	1529494#3	0
13239	Q0	3055510#19	1
13239	Q0	3055510#23	0
13239	Q0	4285448#0	0
13239	Q0	3055510#0	0
13239	Q0	1790963#2	0
13239	Q0	3055510#3	0
13239	Q0	3055510#22	0
13239	Q0	139095#0	0
13239	Q0	2632141#0	0
13239	Q0	3055510#6	0
13240	Q0	1079026#0	1
13240	Q0	965164#0	0
13240	Q0	965164#6	0
13240	Q0	193072#0	0
13240	Q0	1821895#1	0
13240	Q0	193072#1	0
13240	Q0	965164#35	0
13240	Q0	1821895#0	0
13240	Q0	41889#7	0
13240	Q0	1091262#1	0
13241	Q0	735135#0	1
13241	Q0	735135#1	0
13241	Q0	1667130#1	0
13241	Q0	2716269#0	0
13241	Q0	927925#0	0
13241	Q0	3144880#0	0
13241	Q0	363018#3	0
13241	Q0	2788335#0	0
13241	Q0	4827600#0	0
13241	Q0	4314778#0	0
13242	Q0	231620#0	1
13242	Q0	231620#7	0
13242	Q0	226936#8	0
13242	Q0	3904218#0	0
13242	Q0	231620#15	0
13242	Q0	231620#10	0
13242	Q0	16234#8	0
13242	Q0	231620#14	0
13242	Q0	231620#4	0
13242	Q0	231620#6	0
13244	Q0	4678298#30	1
13244	Q0	1714#10	1
13244	Q0	5940#0	1
13244	Q0	625980#0	0
13244	Q0	1714#0	0
13244	Q0	2478564#0	0
13244	Q0	2200797#0	0
13244	Q0	2277#127	0
13244	Q0	5940#1	0
13244	Q0	1714#1	0
13246	Q0	2293#0	1
13246	Q0	2389688#2	1
13246	Q0	1926927#1	1
13246	Q0	2293#31	1
13246	Q0	2389688#3	0
13246	Q0	2293#38	0
13246	Q0	60645#0	0
13246	Q0	1219825#1	0
13246	Q0	60645#1	0
13246	Q0	1926927#2	0
13247	Q0	1256337#0	1
13247	Q0	1256337#1	0
13247	Q0	1256337#9	0
13247	Q0	1256337#2	0
13247	Q0	1256337#31	0
13247	Q0	1256337#38	0
13247	Q0	1256337#11	0
13247	Q0	1256337#12	0
13247	Q0	1257832#3	0
13247	Q0	1256337#33	0
13249	Q0	48387#37	1
13249	Q0	48387#0	1
13249	Q0	48387#4	1
13249	Q0	48387#3	0
13249	Q0	48387#46	0
13249	Q0	48387#9	0
13249	Q0	48387#41	0
13249	Q0	334939#0	0
13249	Q0	48387#55	0
13249	Q0	48387#30	0
13250	Q0	81313#0	1
13250	Q0	92106#0	0
13250	Q0	11609#0	0
13250	Q0	87018#0	0
13250	Q0	949407#0	0
13250	Q0	92095#0	0
13250	Q0	81307#0	0
13250	Q0	15770#1	0
13250	Q0	87019#0	0
13250	Q0	38339#0	0
13251	Q0	7826#0	1
13251	Q0	7826#1	0
13251	Q0	7826#12	0
13251	Q0	32710#0	0
13251	Q0	7826#11	0
13251	Q0	7826#4	0
13251	Q0	7826#2	0
13251	Q0	7826#6	0
13251	Q0	4420013#1	0
13251	Q0	2862600#0	0
13252	Q0	33427#0	1
13252	Q0	33427#29	1
13252	Q0	39704#3	0
13252	Q0	33427#30	0
13252	Q0	588312#0	0
13252	Q0	2581329#0	0
13252	Q0	953813#0	0
13252	Q0	707602#1	0
13252	Q0	39704#6	0
13252	Q0	39704#4	0
13257	Q0	2501#2	1
13257	Q0	2501#1	1
13257	Q0	2501#0	1
13257	Q0	13119#1	0
13257	Q0	2501#4	0
13257	Q0	2423174#1	0
13257	Q0	492871#1	0
13257	Q0	13119#17	0
13257	Q0	13119#78	0
13257	Q0	2501#9	0
13258	Q0	389985#56	1
13258	Q0	613240#7	0
13258	Q0	3032318#3	0
13258	Q0	613240#0	0
13258	Q0	613240#9	0
13258	Q0	613240#5	0
13258	Q0	3032318#4	0
13258	Q0	613240#3	0
13258	Q0	1068526#0	0
13258	Q0	613240#2	0
13260	Q0	1979#15	1
13260	Q0	3301726#3	1
13260	Q0	2771#3	1
13260	Q0	3306609#0	0
13260	Q0	1472398#50	0
13260	Q0	1933672#2	0
13260	Q0	32977#3	0
13260	Q0	1979#19	0
13260	Q0	194953#0	0
13260	Q0	661733#1	0
13261	Q0	257352#0	1
13261	Q0	3144923#0	0
13261	Q0	257352#4	0
13261	Q0	3144923#15	0
13261	Q0	3144923#9	0
13261	Q0	95715#41	0
13261	Q0	257352#5	0
13261	Q0	257352#31	0
13261	Q0	3144923#13	0
13261	Q0	257352#37	0
13262	Q0	601084#0	1
13262	Q0	24025#28	0
13262	Q0	2714036#0	0
13262	Q0	1298360#22	0
13262	Q0	601084#2	0
13262	Q0	3430191#0	0
13262	Q0	537090#4	0
13262	Q0	562083#0	0
13262	Q0	1518213#2	0
13262	Q0	1596616#22	0
13263	Q0	3144771#0	1
13263	Q0	3767096#0	0
13263	Q0	3845#14	0
13263	Q0	3845#2	0
13263	Q0	3845#0	0
13263	Q0	3845#15	0
13263	Q0	93988#6	0
13263	Q0	63191#9	0
13263	Q0	3257982#4	0
13263	Q0	3845#10	0
13266	Q0	64303#0	1
13266	Q0	64303#1	0
13266	Q0	64303#3	0
13266	Q0	778209#1	0
13266	Q0	64303#6	0
13266	Q0	1667231#3	0
13266	Q0	173670#0	0
13266	Q0	747907#5	0
13266	Q0	739589#2	0
13266	Q0	7579#0	0
13268	Q0	3328022#0	1
13268	Q0	3328022#1	0
13268	Q0	4431452#0	0
13268	Q0	3009880#0	0
13268	Q0	1407936#0	0
13268	Q0	1235770#0	0
13268	Q0	3328022#3	0
13268	Q0	706562#0	0
13268	Q0	1548658#0	0
13268	Q0	4981229#0	0
13270	Q0	580350#0	1
13270	Q0	3676#32	1
13270	Q0	16954#63	1
13270	Q0	1942389#3	1
13270	Q0	41234#0	0
13270	Q0	1345539#0	0
13270	Q0	4598#65	0
13270	Q0	2490483#14	0
13270	Q0	1001785#24	0
13270	Q0	3268264#0	0
13271	Q0	12805#0	1
13271	Q0	2525222#1	1
13271	Q0	3654452#0	0
13271	Q0	2652480#1	0
13271	Q0	12805#4	0
13271	Q0	12805#1	0
13271	Q0	12805#2	0
13271	Q0	3654452#1	0
13271	Q0	12805#7	0
13271	Q0	14997#5	0
13272	Q0	3524864#1	1
13272	Q0	31387#15	0
13272	Q0	412450#0	0
13272	Q0	121731#9	0
13272	Q0	3812193#0	0
13272	Q0	2466824#1	0
13272	Q0	57389#2	0
13272	Q0	3785#29	0
13272	Q0	57389#18	0
13272	Q0	3965940#2	0
13273	Q0	11890#48	1
13273	Q0	356576#0	0
13273	Q0	3743#12	0
13273	Q0	3705274#2	0
13273	Q0	3743#11	0
13273	Q0	3575111#0	0
13273	Q0	3743#20	0
13273	Q0	4264628#0	0
13273	Q0	1454389#0	0
13273	Q0	1184458#0	0
13274	Q0	20327#0	1
13274	Q0	20327#19	0
13274	Q0	20327#17	0
13274	Q0	20327#11	0
13274	Q0	20327#9	0
13274	Q0	20327#14	0
13274	Q0	20327#5	0
13274	Q0	20327#1	0
13274	Q0	3908964#1	0
13274	Q0	663162#5	0
13277	Q0	35730#0	1
13277	Q0	35730#1	0
13277	Q0	322869#16	0
13277	Q0	2298536#1	0
13277	Q0	406861#0	0
13277	Q0	328940#7	0
13277	Q0	974953#0	0
13277	Q0	322869#2	0
13277	Q0	1095608#0	0
13277	Q0	1053154#0	0
13279	Q0	2308843#1	1
13279	Q0	2308843#0	1
13279	Q0	2308843#7	0
13279	Q0	2308843#3	0
13279	Q0	64569#10	0
13279	Q0	2308843#17	0
13279	Q0	2308843#14	0
13279	Q0	2924719#8	0
13279	Q0	2308843#9	0
13279	Q0	2312263#0	0
13282	Q0	1076371#1	1
13282	Q0	2553463#0	1
13282	Q0	3562320#0	0
13282	Q0	1076371#0	0
13282	Q0	363895#0	0
13282	Q0	155796#0	0
13282	Q0	446432#0	0
13282	Q0	2183923#1	0
13282	Q0	1667217#0	0
13282	Q0	3228304#0	0
13284	Q0	179990#0	1
13284	Q0	179990#1	0
13284	Q0	179990#2	0
13284	Q0	1010535#0	0
13284	Q0	1576557#1	0
13284	Q0	85917#1	0
13284	Q0	1780206#0	0
13284	Q0	1576557#0	0
13284	Q0	4292659#1	0
13284	Q0	1518625#0	0
13287	Q0	504365#0	1
13287	Q0	170862#0	0
13287	Q0	4884968#0	0
13287	Q0	3433255#0	0
13287	Q0	5177802#0	0
13287	Q0	3437185#0	0
13287	Q0	88731#0	0
13287	Q0	1656064#0	0
13287	Q0	3827115#0	0
13287	Q0	5031365#0	0
13288	Q0	78633#0	1
13288	Q0	884108#0	1
13288	Q0	78633#1	0
13288	Q0	633742#0	0
13288	Q0	68427#62	0
13288	Q0	6889#0	0
13288	Q0	26790#4	0
13288	Q0	78633#35	0
13288	Q0	78633#56	0
13288	Q0	78633#53	0
13289	Q0	66360#1	1
13289	Q0	1425473#0	0
13289	Q0	1156047#2	0
13289	Q0	54936#2	0
13289	Q0	121723#1	0
13289	Q0	45937#0	0
13289	Q0	66360#0	0
13289	Q0	1740493#3	0
13289	Q0	424877#1	0
13289	Q0	1728269#1	0
13290	Q0	72200#0	1
13290	Q0	72200#115	0
13290	Q0	72200#5	0
13290	Q0	72200#107	0
13290	Q0	62904#13	0
13290	Q0	72200#81	0
13290	Q0	141070#17	0
13290	Q0	63220#0	0
13290	Q0	72200#105	0
13290	Q0	72200#56	0
13292	Q0	1275401#0	1
13292	Q0	1275401#1	0
13292	Q0	3418746#1	0
13292	Q0	2280250#1	0
13292	Q0	4605362#1	0
13292	Q0	1295371#0	0
13292	Q0	3418746#26	0
13292	Q0	4432536#0	0
13292	Q0	1594606#4	0
13292	Q0	1275401#3	0
13294	Q0	1771#0	1
13294	Q0	586209#0	0
13294	Q0	1771#10	0
13294	Q0	1771#24	0
13294	Q0	5197847#0	0
13294	Q0	3190692#8	0
13294	Q0	1771#4	0
13294	Q0	3516844#0	0
13294	Q0	1771#45	0
13294	Q0	683568#0	0
13297	Q0	6488#40	1
13297	Q0	6488#87	0
13297	Q0	6488#23	0
13297	Q0	2615853#1	0
13297	Q0	3815314#7	0
13297	Q0	6488#3	0
13297	Q0	3815314#2	0
13297	Q0	6488#44	0
13297	Q0	5211#14	0
13297	Q0	6488#86	0
13298	Q0	760045#0	1
13298	Q0	4382252#0	0
13298	Q0	358829#0	0
13298	Q0	2675586#0	0
13298	Q0	42559#0	0
13298	Q0	4232230#0	0
13298	Q0	33467#0	0
13298	Q0	2091866#0	0
13298	Q0	3092610#0	0
13298	Q0	2692348#0	0
13300	Q0	1854049#0	1
13300	Q0	1854049#1	0
13300	Q0	3575509#1	0
13300	Q0	137465#0	0
13300	Q0	121709#0	0
13300	Q0	5259041#0	0
13300	Q0	3086121#1	0
13300	Q0	1854049#9	0
13300	Q0	4242867#0	0
13300	Q0	1854049#17	0
13315	Q0	3895#33	1
13315	Q0	3895#32	0
13315	Q0	3895#31	0
13357	Q0	1894487#0	1
13357	Q0	1894487#1	0
13406	Q0	21769#0	1
13406	Q0	21769#2	0
13412	Q0	33939#0	1
13412	Q0	33939#28	0
13415	Q0	1779615#0	1
13415	Q0	1779615#1	0
13451	Q0	39564#0	1
13451	Q0	39564#3	0
13524	Q0	419752#3	1
13524	Q0	419752#10	0
13542	Q0	1512342#0	1
13542	Q0	1512342#1	1
13578	Q0	61752#0	1
13578	Q0	61752#2	0
13585	Q0	291340#0	1
13585	Q0	291340#3	1
13585	Q0	291340#1	0
13585	Q0	291340#2	0
13585	Q0	291340#29	0
13593	Q0	18920#0	1
13593	Q0	18920#15	0
13602	Q0	458200#0	1
13602	Q0	458200#5	0
13602	Q0	458200#4	0
13602	Q0	458200#2	0
13602	Q0	458200#3	0
13602	Q0	458200#1	0
13611	Q0	312435#3	1
13611	Q0	312435#2	0
13611	Q0	312435#0	0
13653	Q0	6630#0	1
13653	Q0	6630#11	1
13659	Q0	286744#0	1
13659	Q0	286744#9	0
13659	Q0	286744#10	0
13661	Q0	34162#0	1
13661	Q0	34162#2	0
13732	Q0	4170#0	1
13732	Q0	4170#1	0
13741	Q0	57067#0	1
13741	Q0	57067#1	0
13784	Q0	61751#0	1
13784	Q0	61751#3	0
13784	Q0	61751#1	0
13784	Q0	61751#19	0
13794	Q0	931604#0	1
13794	Q0	931604#3	0
13794	Q0	931604#2	0
13798	Q0	644446#2	1
13798	Q0	644446#3	1
13836	Q0	29328#0	1
13836	Q0	29328#2	0
13836	Q0	29328#9	0
13855	Q0	7461#0	1
13855	Q0	7461#3	1
13863	Q0	194961#1	1
13863	Q0	194961#2	0
13863	Q0	194961#0	0
13900	Q0	105690#0	1
13900	Q0	105690#6	1
13958	Q0	5171081#0	1
13958	Q0	5171081#3	0
13958	Q0	5171081#19	0
13958	Q0	5171081#1	0
13958	Q0	5171081#2	0
13983	Q0	106626#0	1
13983	Q0	106626#9	1
13990	Q0	1854065#18	1
13990	Q0	1854065#10	0
13990	Q0	1854065#0	0
13990	Q0	1854065#5	0
13990	Q0	1854065#4	0
14048	Q0	42067#0	1
14048	Q0	42067#2	0
14048	Q0	42067#1	0
14058	Q0	6308#0	1
14058	Q0	6308#48	1
14091	Q0	390413#30	1
14091	Q0	390413#2	0
14091	Q0	390413#29	0
14097	Q0	1420423#0	1
14097	Q0	1420423#3	0
14113	Q0	16175#0	1
14113	Q0	16175#2	0
14144	Q0	203596#0	1
14144	Q0	203596#1	1
14144	Q0	203596#3	0
14144	Q0	203596#2	0
14144	Q0	203596#14	0
14160	Q0	4679#18	1
14160	Q0	4679#6	0
14197	Q0	64425#0	1
14197	Q0	64425#1	0
14200	Q0	38467#2	1
14200	Q0	38467#6	1
14218	Q0	2401156#0	1
14218	Q0	2401156#1	0
14221	Q0	2462386#2	1
14221	Q0	2462386#0	0
14221	Q0	2462386#1	0
14223	Q0	1135492#0	1
14223	Q0	1135492#1	1
14223	Q0	1135492#3	0
14239	Q0	11989#0	1
14239	Q0	11989#2	0
14293	Q0	60155#0	1
14293	Q0	60155#2	0
14295	Q0	42067#0	1
14295	Q0	42067#2	1
14295	Q0	42067#1	1
14407	Q0	64743#1	1
14407	Q0	64743#2	1
14420	Q0	43680#0	1
14420	Q0	43680#1	1
14440	Q0	1464845#0	1
14440	Q0	1464845#11	0
14447	Q0	4512#4	1
14447	Q0	4512#3	0
14456	Q0	30127#0	1
14456	Q0	30127#8	0
14507	Q0	64721#0	1
14507	Q0	64721#11	0
14507	Q0	64721#4	0
14544	Q0	397381#0	1
14544	Q0	397381#2	0
14570	Q0	172933#33	1
14570	Q0	172933#35	0
14570	Q0	172933#31	0
14576	Q0	43650#0	1
14576	Q0	43650#1	0
14625	Q0	473262#1	1
14625	Q0	473262#0	0
14635	Q0	472202#0	1
14635	Q0	472202#2	0
14674	Q0	81502#0	1
14674	Q0	81502#1	0
14718	Q0	6994#3	1
14718	Q0	6994#11	1
14739	Q0	148219#0	1
14739	Q0	148219#1	0
14761	Q0	1658648#0	1
14761	Q0	1658648#4	0
14842	Q0	4131#0	1
14842	Q0	4131#1	0
14842	Q0	4131#40	0
14854	Q0	814706#0	1
14854	Q0	814706#1	1
14854	Q0	814706#35	0
14854	Q0	814706#5	0
14854	Q0	814706#8	0
14854	Q0	814706#55	0
14854	Q0	814706#51	0
14854	Q0	814706#39	0
14866	Q0	38815#0	1
14866	Q0	38815#2	0
14969	Q0	64721#0	1
14969	Q0	64721#11	0
14969	Q0	64721#4	0
15009	Q0	392253#6	1
15009	Q0	392253#11	1
15064	Q0	1767088#0	1
15064	Q0	1767088#1	0
15071	Q0	57067#0	1
15071	Q0	57067#1	0
15072	Q0	3641#2	1
15072	Q0	3641#3	0
15072	Q0	3641#8	0
15072	Q0	3641#0	0
15072	Q0	3641#16	0
15103	Q0	16276#0	1
15103	Q0	16276#4	0
15135	Q0	30127#0	1
15135	Q0	30127#8	0
15163	Q0	931604#0	1
15163	Q0	931604#3	1
15163	Q0	931604#2	0
15179	Q0	1171310#0	1
15179	Q0	1171310#4	1
15206	Q0	50674#0	1
15206	Q0	50674#2	1
15235	Q0	60708#0	1
15235	Q0	60708#1	1
15271	Q0	56041#0	1
15271	Q0	56041#4	1
15334	Q0	8898#0	1
15334	Q0	8898#5	1
15336	Q0	1131420#1	1
15336	Q0	1131420#0	1
15336	Q0	1131420#2	0
15374	Q0	42903#0	1
15374	Q0	42903#6	0
15374	Q0	42903#16	0
15394	Q0	8898#0	1
15394	Q0	8898#5	1
15441	Q0	203596#0	1
15441	Q0	203596#1	1
15441	Q0	203596#3	0
15441	Q0	203596#2	0
15441	Q0	203596#14	0
15480	Q0	2931305#0	1
15480	Q0	2931305#2	0
15480	Q0	2931305#1	0
15481	Q0	120888#0	1
15481	Q0	120888#3	0
