5	Q0	12980#4	1
5	Q0	158821#12	1
5	Q0	203632#0	1
5	Q0	203636#7	0
5	Q0	12980#140	0
5	Q0	158821#11	0
5	Q0	318200#0	0
5	Q0	12980#107	0
5	Q0	203636#0	0
5	Q0	12980#9	0
6	Q0	1041049#0	1
6	Q0	1109#0	0
6	Q0	1109#4	0
6	Q0	27013#9	0
6	Q0	1003#2	0
6	Q0	221251#0	0
6	Q0	157857#2	0
6	Q0	133834#2	0
6	Q0	1072#2	0
6	Q0	355906#6	0
7	Q0	4140#46	1
7	Q0	56018#0	1
7	Q0	56012#2	1
7	Q0	4140#39	1
7	Q0	4140#35	1
7	Q0	4140#49	0
7	Q0	4140#44	0
7	Q0	4140#51	0
7	Q0	4140#47	0
7	Q0	56023#13	0
9	Q0	336035#0	1
9	Q0	16835#6	1
9	Q0	249532#0	1
9	Q0	16835#35	1
9	Q0	462208#0	1
9	Q0	462208#2	1
9	Q0	336034#0	0
9	Q0	311667#3	0
9	Q0	357906#0	0
9	Q0	336890#6	0
9	Q0	16835#5	0
9	Q0	336909#1	0
10	Q0	2474646#0	1
10	Q0	341568#1	0
10	Q0	838#17	0
10	Q0	233885#0	0
10	Q0	84725#21	0
10	Q0	37850#1	0
10	Q0	211528#13	0
10	Q0	217347#4	0
10	Q0	154769#1	0
10	Q0	204236#20	0
12	Q0	817#0	1
12	Q0	4776#0	1
12	Q0	4767#0	1
12	Q0	817#2	1
12	Q0	817#12	1
12	Q0	4759#56	1
12	Q0	817#1	0
12	Q0	4760#0	0
12	Q0	194373#3	0
12	Q0	4765#14	0
13	Q0	20535#7	1
13	Q0	4483#6	0
13	Q0	20535#0	0
13	Q0	16#31	0
13	Q0	280451#0	0
13	Q0	280451#2	0
13	Q0	423688#5	0
13	Q0	46008#100	0
13	Q0	22426#33	0
13	Q0	305681#0	0
14	Q0	4686#0	1
14	Q0	4686#8	1
14	Q0	45522#5	1
14	Q0	48559#3	1
14	Q0	4686#3	0
14	Q0	4690#2	0
14	Q0	4686#11	0
14	Q0	4686#6	0
14	Q0	4686#15	0
14	Q0	4686#1	0
16	Q0	24600#46	1
16	Q0	3908#0	1
16	Q0	24600#45	1
16	Q0	24600#0	1
16	Q0	24600#27	1
16	Q0	24600#12	0
16	Q0	24600#16	0
16	Q0	24600#49	0
16	Q0	24600#20	0
16	Q0	24600#25	0
23	Q0	2162252#0	1
23	Q0	126770#0	0
23	Q0	416572#3	0
23	Q0	423688#17	0
23	Q0	19463#39	0
23	Q0	17663#59	0
23	Q0	412213#59	0
23	Q0	423688#11	0
23	Q0	838#17	0
23	Q0	263331#0	0
24	Q0	416939#2	1
24	Q0	416939#6	0
24	Q0	416939#16	0
24	Q0	416939#5	0
24	Q0	416939#0	0
24	Q0	416939#8	0
24	Q0	416939#1	0
24	Q0	416939#15	0
24	Q0	237647#4	0
24	Q0	416939#9	0
26	Q0	12561#27	1
26	Q0	252481#6	0
26	Q0	252481#7	0
26	Q0	280747#0	0
26	Q0	252481#8	0
26	Q0	140156#61	0
26	Q0	141659#0	0
26	Q0	347867#4	0
26	Q0	246176#0	0
26	Q0	280747#2	0
28	Q0	4531#6	1
28	Q0	235775#1	1
28	Q0	231057#1	1
28	Q0	235775#27	0
28	Q0	326160#4	0
28	Q0	231057#0	0
28	Q0	303176#2	0
28	Q0	23379#23	0
28	Q0	4448#2	0
28	Q0	231057#2	0
29	Q0	2961#1	1
29	Q0	154904#0	1
29	Q0	2969#0	1
29	Q0	252993#1	0
29	Q0	5463#32	0
29	Q0	252993#5	0
29	Q0	219526#47	0
29	Q0	300532#0	0
29	Q0	6098#14	0
29	Q0	2961#12	0
31	Q0	4789#18	1
31	Q0	817#2	1
31	Q0	817#9	1
31	Q0	3468#0	1
31	Q0	4760#10	1
31	Q0	157641#0	1
31	Q0	5133#4	1
31	Q0	17412#5	0
31	Q0	817#3	0
31	Q0	4776#12	0
32	Q0	191825#4	1
32	Q0	98106#0	1
32	Q0	71191#1	0
32	Q0	25036#26	0
32	Q0	102512#6	0
32	Q0	71192#2	0
32	Q0	425363#3	0
32	Q0	157470#4	0
32	Q0	34873#0	0
32	Q0	34873#1	0
33	Q0	152301#0	1
33	Q0	24870#1	1
33	Q0	24870#0	0
33	Q0	24870#19	0
33	Q0	192926#0	0
33	Q0	207253#14	0
33	Q0	269238#2	0
33	Q0	24870#13	0
33	Q0	280531#1	0
33	Q0	4007#14	0
35	Q0	45442#1	1
35	Q0	4962#12	1
35	Q0	21098#1	1
35	Q0	4962#3	1
35	Q0	29955#8	0
35	Q0	4962#28	0
35	Q0	121816#2	0
35	Q0	4962#64	0
35	Q0	155057#6	0
35	Q0	15179#6	0
36	Q0	190160#0	1
36	Q0	403767#21	0
36	Q0	190160#9	0
36	Q0	190160#28	0
36	Q0	190138#0	0
36	Q0	190138#2	0
36	Q0	190160#22	0
36	Q0	274334#1	0
36	Q0	190160#21	0
36	Q0	190138#41	0
37	Q0	127192#8	1
37	Q0	127192#2	1
37	Q0	127192#52	1
37	Q0	127192#0	0
37	Q0	127192#51	0
37	Q0	127207#21	0
37	Q0	127192#3	0
37	Q0	127192#7	0
37	Q0	127192#15	0
37	Q0	127192#54	0
39	Q0	18035#0	1
39	Q0	21787#0	1
39	Q0	13795#0	1
39	Q0	29284#0	1
39	Q0	413304#0	1
39	Q0	4448#12	1
39	Q0	4448#32	0
39	Q0	4448#34	0
39	Q0	248938#0	0
39	Q0	14287#0	0
42	Q0	1765910#0	1
42	Q0	145864#0	0
42	Q0	64362#0	0
42	Q0	47018#4	0
42	Q0	15398#6	0
42	Q0	838#17	0
42	Q0	20114#1	0
42	Q0	57860#0	0
42	Q0	188659#3	0
42	Q0	134373#1	0
43	Q0	337117#1	1
43	Q0	4397#3	1
43	Q0	12539#8	1
43	Q0	4525#21	0
43	Q0	12539#6	0
43	Q0	245613#0	0
43	Q0	12539#25	0
43	Q0	12561#71	0
43	Q0	12539#34	0
43	Q0	208676#22	0
44	Q0	217887#0	1
44	Q0	218231#13	1
44	Q0	216844#3	1
44	Q0	218231#7	0
44	Q0	386041#1	0
44	Q0	201077#0	0
44	Q0	386041#0	0
44	Q0	173157#5	0
44	Q0	20677#7	0
44	Q0	51169#37	0
45	Q0	707353#0	1
45	Q0	71477#0	0
45	Q0	16172#18	0
45	Q0	4533#33	0
45	Q0	1130#52	0
45	Q0	739#20	0
45	Q0	84608#0	0
45	Q0	377991#3	0
45	Q0	739#44	0
45	Q0	739#32	0
47	Q0	23907#9	1
47	Q0	220042#5	0
47	Q0	266124#1	0
47	Q0	216573#2	0
47	Q0	14741#3	0
47	Q0	218037#0	0
47	Q0	18978#13	0
47	Q0	1016#45	0
47	Q0	266124#3	0
47	Q0	4933#58	0
48	Q0	16097#12	1
48	Q0	16097#11	0
48	Q0	4263#21	0
48	Q0	8106#0	0
48	Q0	264620#4	0
48	Q0	106071#20	0
48	Q0	6244#11	0
48	Q0	78060#2	0
48	Q0	71256#0	0
48	Q0	13581#30	0
49	Q0	3982#2	1
49	Q0	55437#40	0
49	Q0	4162#1	0
49	Q0	838#17	0
49	Q0	6922#8	0
49	Q0	104199#0	0
49	Q0	55291#0	0
49	Q0	27250#3	0
49	Q0	4032#10	0
49	Q0	340066#2	0
50	Q0	100166#7	1
50	Q0	286806#0	1
50	Q0	247668#8	1
50	Q0	7449#0	0
50	Q0	120174#3	0
50	Q0	13298#11	0
50	Q0	36579#8	0
50	Q0	290966#14	0
50	Q0	275565#0	0
50	Q0	109675#0	0
51	Q0	8335#6	1
51	Q0	2768#1	1
51	Q0	125321#0	1
51	Q0	15753#48	1
51	Q0	4402#9	0
51	Q0	3473#37	0
51	Q0	56196#0	0
51	Q0	413772#0	0
51	Q0	4468#16	0
51	Q0	327165#12	0
52	Q0	540381#1	1
52	Q0	4793#2	0
52	Q0	406947#0	0
52	Q0	18561#1	0
52	Q0	80663#10	0
52	Q0	173144#0	0
52	Q0	735#28	0
52	Q0	253112#4	0
52	Q0	68692#17	0
52	Q0	85928#2	0
52	Q0	194311#3	0
52	Q0	194311#8	0
52	Q0	194311#12	0
52	Q0	194311#13	0
52	Q0	194311#2	0
54	Q0	298687#0	1
54	Q0	289404#0	1
54	Q0	298687#2	1
54	Q0	266092#29	1
54	Q0	306326#1	0
54	Q0	266092#27	0
54	Q0	306326#26	0
54	Q0	266092#30	0
54	Q0	266092#0	0
54	Q0	266092#5	0
56	Q0	398918#0	1
56	Q0	398918#13	1
56	Q0	413921#6	1
56	Q0	398918#10	0
56	Q0	337640#59	0
56	Q0	398918#8	0
56	Q0	398918#12	0
56	Q0	144259#4	0
56	Q0	406914#4	0
56	Q0	398918#6	0
57	Q0	3876#19	1
57	Q0	4498#4	0
57	Q0	4400#0	0
57	Q0	4410#19	0
57	Q0	4426#0	0
57	Q0	8335#4	0
57	Q0	8335#3	0
57	Q0	247960#0	0
57	Q0	4490#17	0
57	Q0	8337#0	0
59	Q0	7071#0	1
59	Q0	3317#27	1
59	Q0	7071#11	1
59	Q0	177490#0	1
59	Q0	344687#5	0
59	Q0	7071#9	0
59	Q0	120997#10	0
59	Q0	91138#0	0
59	Q0	7071#1	0
59	Q0	41423#1	0
61	Q0	26136#0	1
61	Q0	123405#26	1
61	Q0	212114#2	1
61	Q0	11972#68	1
61	Q0	3160#35	1
61	Q0	14107#3	0
61	Q0	212114#4	0
61	Q0	123405#14	0
61	Q0	123405#17	0
61	Q0	33#57	0
62	Q0	249978#1	1
62	Q0	249978#5	1
62	Q0	249978#4	1
62	Q0	249978#0	1
62	Q0	249978#7	1
62	Q0	249978#22	0
62	Q0	249978#30	0
62	Q0	249978#6	0
62	Q0	146901#17	0
62	Q0	249978#8	0
63	Q0	13110#13	1
63	Q0	13110#0	1
63	Q0	13110#7	1
63	Q0	13110#12	0
63	Q0	13110#16	0
63	Q0	13110#15	0
63	Q0	13110#19	0
63	Q0	13153#3	0
63	Q0	13110#2	0
63	Q0	24449#4	0
64	Q0	64106#2	1
64	Q0	64106#17	1
64	Q0	86818#17	1
64	Q0	399228#7	1
64	Q0	82321#7	0
64	Q0	64106#0	0
64	Q0	64106#16	0
64	Q0	86818#1	0
64	Q0	82321#1	0
64	Q0	64106#3	0
66	Q0	206941#0	1
66	Q0	100022#19	1
66	Q0	146901#12	1
66	Q0	61988#25	1
66	Q0	100022#13	1
66	Q0	61988#27	0
66	Q0	61988#26	0
66	Q0	206941#11	0
66	Q0	206941#1	0
66	Q0	61988#11	0
67	Q0	4268#3	1
67	Q0	354615#0	1
67	Q0	4268#81	1
67	Q0	4268#1	1
67	Q0	4268#2	1
67	Q0	43571#0	0
67	Q0	4268#66	0
67	Q0	4268#50	0
67	Q0	4268#5	0
67	Q0	301711#0	0
68	Q0	211771#0	1
68	Q0	211771#1	0
68	Q0	211771#3	0
68	Q0	211771#13	0
68	Q0	211771#14	0
68	Q0	211771#8	0
68	Q0	211771#5	0
68	Q0	211771#15	0
68	Q0	211771#2	0
68	Q0	211771#9	0
69	Q0	13174#11	1
69	Q0	46562#0	1
69	Q0	43139#0	1
69	Q0	13174#22	0
69	Q0	13174#12	0
69	Q0	13174#9	0
69	Q0	13174#6	0
69	Q0	43153#1	0
69	Q0	43153#8	0
69	Q0	43139#3	0
70	Q0	363947#0	1
70	Q0	844#29	1
70	Q0	136614#10	1
70	Q0	2977#4	1
70	Q0	136614#2	0
70	Q0	136614#0	0
70	Q0	136614#5	0
70	Q0	136614#13	0
70	Q0	136614#8	0
70	Q0	13175#5	0
71	Q0	121664#1	1
71	Q0	121648#7	1
71	Q0	121664#9	1
71	Q0	121664#6	0
71	Q0	121645#9	0
71	Q0	121664#2	0
71	Q0	370270#4	0
71	Q0	121664#7	0
71	Q0	416068#14	0
71	Q0	121648#1	0
72	Q0	5474#46	1
72	Q0	82508#2	1
72	Q0	119268#28	0
72	Q0	184764#4	0
72	Q0	184764#12	0
72	Q0	184764#15	0
72	Q0	184764#22	0
72	Q0	184764#17	0
72	Q0	184764#13	0
72	Q0	184764#0	0
73	Q0	11388#0	1
73	Q0	13088#19	1
73	Q0	417157#1	1
73	Q0	93031#3	1
73	Q0	83827#2	0
73	Q0	13088#24	0
73	Q0	32388#8	0
73	Q0	84758#0	0
73	Q0	114642#0	0
73	Q0	32834#0	0
74	Q0	20089#1	1
74	Q0	19925#10	1
74	Q0	19925#1	1
74	Q0	19925#8	0
74	Q0	19925#5	0
74	Q0	211751#0	0
74	Q0	63645#0	0
74	Q0	19925#7	0
74	Q0	19925#4	0
74	Q0	101315#5	0
75	Q0	4067#44	1
75	Q0	146308#0	1
75	Q0	44135#0	1
75	Q0	39111#0	0
75	Q0	44135#10	0
75	Q0	4067#48	0
75	Q0	60243#2	0
75	Q0	131709#1	0
75	Q0	115213#7	0
75	Q0	44135#2	0
77	Q0	1466279#6	1
77	Q0	68195#7	0
77	Q0	2954#31	0
77	Q0	349754#0	0
77	Q0	37377#36	0
77	Q0	122854#8	0
77	Q0	15045#1	0
77	Q0	24697#44	0
77	Q0	50505#6	0
77	Q0	273121#9	0
80	Q0	202887#2	1
80	Q0	202887#10	1
80	Q0	202887#3	1
80	Q0	202887#0	0
80	Q0	202887#4	0
80	Q0	202887#8	0
80	Q0	202887#13	0
80	Q0	202887#11	0
80	Q0	4209#5	0
80	Q0	4196#32	0
82	Q0	49666#11	1
82	Q0	11793#15	1
82	Q0	41716#14	1
82	Q0	319237#11	0
82	Q0	11793#22	0
82	Q0	89855#7	0
82	Q0	11793#10	0
82	Q0	204796#36	0
82	Q0	3806#8	0
82	Q0	81282#0	0
83	Q0	3971#0	1
83	Q0	3976#1	1
83	Q0	307060#1	0
83	Q0	54500#0	0
83	Q0	3975#11	0
83	Q0	3971#13	0
83	Q0	82077#0	0
83	Q0	92732#2	0
83	Q0	3971#14	0
83	Q0	3974#3	0
84	Q0	15398#0	1
84	Q0	15398#1	0
84	Q0	15424#6	0
84	Q0	15398#6	0
84	Q0	15398#4	0
84	Q0	13535#39	0
84	Q0	345347#1	0
84	Q0	15398#5	0
84	Q0	15398#3	0
84	Q0	6881#4	0
85	Q0	294797#0	1
85	Q0	294797#1	1
85	Q0	366188#8	1
85	Q0	294797#9	0
85	Q0	284771#4	0
85	Q0	101137#0	0
85	Q0	390200#0	0
85	Q0	319510#7	0
85	Q0	45826#19	0
85	Q0	368157#1	0
87	Q0	283477#0	1
87	Q0	13156#10	1
87	Q0	5146#3	1
87	Q0	35207#0	1
87	Q0	34680#25	0
87	Q0	34680#41	0
87	Q0	5146#2	0
87	Q0	281123#1	0
87	Q0	34680#24	0
87	Q0	5146#5	0
88	Q0	135708#1	1
88	Q0	135701#0	1
88	Q0	22358#6	1
88	Q0	54298#5	0
88	Q0	135708#0	0
88	Q0	135701#2	0
88	Q0	154151#8	0
88	Q0	234641#6	0
88	Q0	135701#1	0
88	Q0	290966#14	0
89	Q0	13264#4	1
89	Q0	13264#0	1
89	Q0	13190#10	1
89	Q0	23826#8	1
89	Q0	13264#3	0
89	Q0	13264#2	0
89	Q0	13264#7	0
89	Q0	13264#11	0
89	Q0	13264#13	0
89	Q0	2784#16	0
90	Q0	336305#16	1
90	Q0	336305#8	1
90	Q0	336305#0	1
90	Q0	336305#11	0
90	Q0	336305#1	0
90	Q0	365754#0	0
90	Q0	100166#6	0
90	Q0	16835#19	0
90	Q0	77929#12	0
90	Q0	48646#0	0
91	Q0	342056#0	1
91	Q0	346144#0	1
91	Q0	49#57	0
91	Q0	170842#1	0
91	Q0	3324#10	0
91	Q0	215678#9	0
91	Q0	60356#1	0
91	Q0	207993#2	0
91	Q0	6906#45	0
91	Q0	16460#5	0
92	Q0	3114#0	1
92	Q0	3107#33	1
92	Q0	3107#31	1
92	Q0	3720#0	1
92	Q0	6276#3	1
92	Q0	61759#66	0
92	Q0	2739#22	0
92	Q0	3720#2	0
92	Q0	358105#6	0
92	Q0	60943#46	0
93	Q0	237074#0	1
93	Q0	14110#97	1
93	Q0	237074#6	1
93	Q0	237074#8	1
93	Q0	237074#5	1
93	Q0	237074#4	1
93	Q0	237074#2	0
93	Q0	265867#9	0
93	Q0	237074#7	0
93	Q0	237074#1	0
94	Q0	1008173#6	1
94	Q0	1008173#4	1
94	Q0	1008173#5	1
94	Q0	325108#18	0
94	Q0	73916#0	0
94	Q0	12184#0	0
94	Q0	336980#0	0
94	Q0	20008#0	0
94	Q0	1008173#3	0
94	Q0	3302#22	0
94	Q0	203285#14	0
94	Q0	156898#53	0
94	Q0	20205#3	0
97	Q0	389826#0	1
97	Q0	389826#7	1
97	Q0	407874#0	0
97	Q0	318879#0	0
97	Q0	44#67	0
97	Q0	222914#4	0
97	Q0	36472#0	0
97	Q0	12216#54	0
97	Q0	90343#2	0
97	Q0	392058#25	0
100	Q0	207844#30	1
100	Q0	6469#15	0
100	Q0	207844#32	0
100	Q0	102354#4	0
100	Q0	102354#2	0
100	Q0	102354#0	0
100	Q0	102354#5	0
100	Q0	838#17	0
100	Q0	206119#0	0
100	Q0	230540#10	0
101	Q0	389349#0	1
101	Q0	389349#1	1
101	Q0	6211#14	1
101	Q0	6211#15	1
101	Q0	4266#20	1
101	Q0	260034#5	1
101	Q0	6211#17	0
101	Q0	6211#18	0
101	Q0	279537#2	0
101	Q0	4264#21	0
102	Q0	46181#0	1
102	Q0	281040#0	0
102	Q0	280237#0	0
102	Q0	280759#0	0
102	Q0	125354#0	0
102	Q0	50798#1	0
102	Q0	131717#0	0
102	Q0	242721#0	0
102	Q0	320135#0	0
102	Q0	386062#0	0
103	Q0	12356#0	1
103	Q0	12356#1	1
103	Q0	58004#0	1
103	Q0	287440#0	1
103	Q0	13072#0	1
103	Q0	12356#5	0
103	Q0	269633#0	0
103	Q0	252748#0	0
103	Q0	146058#4	0
103	Q0	3597#42	0
105	Q0	14704#1	1
105	Q0	14704#20	1
105	Q0	12847#0	1
105	Q0	258317#0	0
105	Q0	93883#46	0
105	Q0	432378#1	0
105	Q0	4650#1	0
105	Q0	4522#0	0
105	Q0	4522#2	0
105	Q0	365564#5	0
106	Q0	25040#1	1
106	Q0	16424#0	0
106	Q0	264094#0	0
106	Q0	25040#0	0
106	Q0	52900#0	0
106	Q0	15633#0	0
106	Q0	123942#0	0
106	Q0	133288#0	0
106	Q0	4196#32	0
106	Q0	8347#2	0
107	Q0	11285#19	1
107	Q0	11285#7	0
107	Q0	11285#5	0
107	Q0	11285#3	0
107	Q0	11285#1	0
107	Q0	11285#13	0
107	Q0	11285#14	0
107	Q0	11285#9	0
107	Q0	11285#0	0
107	Q0	11285#6	0
110	Q0	4089#8	1
110	Q0	159872#0	0
110	Q0	54455#0	0
110	Q0	54474#0	0
110	Q0	54457#6	0
110	Q0	4089#20	0
110	Q0	159863#0	0
110	Q0	4089#10	0
110	Q0	410074#1	0
110	Q0	54457#1	0
112	Q0	4402#9	1
112	Q0	4402#0	0
112	Q0	67639#0	0
112	Q0	4402#1	0
112	Q0	26485#0	0
112	Q0	26541#0	0
112	Q0	20592#0	0
112	Q0	109647#0	0
112	Q0	27798#0	0
112	Q0	67625#0	0
114	Q0	435536#0	1
114	Q0	435477#0	0
114	Q0	264659#1	0
114	Q0	321936#0	0
114	Q0	188142#8	0
114	Q0	233508#5	0
114	Q0	331851#0	0
114	Q0	273083#0	0
114	Q0	153402#8	0
114	Q0	394965#0	0
115	Q0	208730#0	1
115	Q0	340226#2	1
115	Q0	11460#2	1
115	Q0	54376#3	1
115	Q0	198439#4	0
115	Q0	82216#5	0
115	Q0	11448#13	0
115	Q0	83156#5	0
115	Q0	130953#38	0
115	Q0	71317#1	0
116	Q0	2374088#0	1
116	Q0	14704#23	0
116	Q0	39968#3	0
116	Q0	63081#13	0
116	Q0	66982#43	0
116	Q0	1124#2	0
116	Q0	24418#8	0
116	Q0	39126#0	0
116	Q0	2835#50	0
116	Q0	134546#10	0
117	Q0	129697#2	1
117	Q0	44#20	0
117	Q0	97512#0	0
117	Q0	1020#1	0
117	Q0	215663#0	0
117	Q0	115483#29	0
117	Q0	10793#18	0
117	Q0	27973#2	0
117	Q0	124032#16	0
117	Q0	226007#7	0
118	Q0	22117#0	1
118	Q0	16849#25	1
118	Q0	206974#0	1
118	Q0	211490#3	1
118	Q0	16849#0	1
118	Q0	22117#3	1
118	Q0	22117#4	1
118	Q0	22117#2	0
118	Q0	22117#1	0
118	Q0	243312#0	0
118	Q0	22117#5	0
118	Q0	22117#6	0
119	Q0	89455#3	1
119	Q0	6974#0	1
119	Q0	89455#7	1
119	Q0	89455#11	1
119	Q0	89455#30	1
119	Q0	140750#42	1
119	Q0	89455#24	1
119	Q0	89455#16	0
119	Q0	89455#29	0
119	Q0	89455#15	0
122	Q0	4792#0	1
122	Q0	3468#0	1
122	Q0	16366#0	1
122	Q0	4768#0	1
122	Q0	13660#0	1
122	Q0	4759#12	1
122	Q0	3468#1	0
122	Q0	4932#0	0
122	Q0	112500#5	0
122	Q0	279298#5	0
125	Q0	270696#12	1
125	Q0	269874#0	1
125	Q0	188663#0	1
125	Q0	270696#10	1
125	Q0	270580#3	1
125	Q0	51411#0	0
125	Q0	269874#5	0
125	Q0	338096#5	0
125	Q0	269874#1	0
125	Q0	269874#2	0
126	Q0	75335#1	1
126	Q0	349548#15	1
126	Q0	365079#48	0
126	Q0	248253#3	0
126	Q0	198304#9	0
126	Q0	282097#0	0
126	Q0	365079#92	0
126	Q0	75335#0	0
126	Q0	75335#4	0
126	Q0	28055#3	0
127	Q0	74708#5	1
127	Q0	74708#3	1
127	Q0	74708#0	1
127	Q0	74708#7	1
127	Q0	74708#1	1
127	Q0	5815#3	1
127	Q0	74708#2	1
127	Q0	17187#6	1
127	Q0	17187#0	1
127	Q0	26208#16	0
129	Q0	203636#45	1
129	Q0	203636#0	1
129	Q0	203636#42	0
129	Q0	12980#4	0
129	Q0	203636#49	0
129	Q0	203636#43	0
129	Q0	203636#26	0
129	Q0	203636#37	0
129	Q0	203636#44	0
129	Q0	203636#46	0
130	Q0	14028#74	1
130	Q0	14028#4	1
130	Q0	307394#0	1
130	Q0	14028#60	0
130	Q0	309525#2	0
130	Q0	30331#0	0
130	Q0	14028#14	0
130	Q0	307394#2	0
130	Q0	271381#2	0
130	Q0	14028#20	0
132	Q0	557870#0	1
132	Q0	201391#0	0
132	Q0	237005#2	0
132	Q0	14310#2	0
132	Q0	6816#1	0
132	Q0	194239#0	0
132	Q0	3399#0	0
132	Q0	261356#1	0
132	Q0	146169#56	0
132	Q0	144207#1	0
135	Q0	21024#7	1
135	Q0	21024#9	0
135	Q0	21024#13	0
135	Q0	21024#0	0
135	Q0	27305#19	0
135	Q0	21024#8	0
135	Q0	247232#2	0
135	Q0	21024#16	0
135	Q0	21024#18	0
135	Q0	159560#4	0
138	Q0	3942#21	1
138	Q0	3942#14	1
138	Q0	3942#10	1
138	Q0	3942#13	1
138	Q0	3942#12	1
138	Q0	368600#0	0
138	Q0	3942#1	0
138	Q0	369384#2	0
138	Q0	3942#35	0
138	Q0	60948#39	0
138	Q0	3942#25	0
138	Q0	213686#33	0
139	Q0	119268#28	1
139	Q0	206265#7	1
139	Q0	49884#2	1
139	Q0	98541#2	1
139	Q0	155142#15	1
139	Q0	123919#46	0
139	Q0	3803#9	0
139	Q0	218859#8	0
139	Q0	157371#15	0
139	Q0	228637#0	0
140	Q0	6725#0	1
140	Q0	6725#11	1
140	Q0	13300#1	1
140	Q0	6725#4	0
140	Q0	24160#7	0
140	Q0	6236#5	0
140	Q0	9#22	0
140	Q0	24157#6	0
140	Q0	122549#0	0
140	Q0	142977#1	0
141	Q0	20676#1	1
141	Q0	396243#0	0
141	Q0	317685#0	0
141	Q0	49084#0	0
141	Q0	304795#0	0
141	Q0	41541#2	0
141	Q0	201300#2	0
141	Q0	143653#3	0
141	Q0	41541#0	0
141	Q0	77159#7	0
142	Q0	25523#2	1
142	Q0	59090#1	1
142	Q0	324037#6	1
142	Q0	25523#1	0
142	Q0	25523#3	0
142	Q0	59090#10	0
142	Q0	121542#2	0
142	Q0	114915#1	0
142	Q0	46773#6	0
142	Q0	68692#39	0
143	Q0	963282#0	1
143	Q0	60650#3	0
143	Q0	3235#4	0
143	Q0	147299#0	0
143	Q0	266670#2	0
143	Q0	150357#8	0
143	Q0	15037#5	0
143	Q0	20693#38	0
143	Q0	311187#0	0
143	Q0	77431#0	0
144	Q0	3299#16	1
144	Q0	3303#13	1
144	Q0	3303#3	1
144	Q0	3303#6	1
144	Q0	3303#4	0
144	Q0	31653#2	0
144	Q0	3299#13	0
144	Q0	387660#21	0
144	Q0	227571#1	0
144	Q0	123036#3	0
145	Q0	320883#1	1
145	Q0	336890#4	1
145	Q0	304969#0	0
145	Q0	188325#0	0
145	Q0	188319#0	0
145	Q0	336581#0	0
145	Q0	311213#6	0
145	Q0	306270#0	0
145	Q0	311660#0	0
145	Q0	306326#5	0
145	Q0	336909#1	0
145	Q0	336890#0	0
145	Q0	336890#6	0
145	Q0	336890#1	0
145	Q0	336890#2	0
146	Q0	1477111#0	1
146	Q0	3324#8	0
146	Q0	79075#28	0
146	Q0	176447#4	0
146	Q0	9611#7	0
146	Q0	349296#5	0
146	Q0	159733#0	0
146	Q0	318241#5	0
146	Q0	320304#26	0
146	Q0	10815#1	0
147	Q0	268319#14	1
147	Q0	315554#0	0
147	Q0	291449#0	0
147	Q0	80039#3	0
147	Q0	141574#24	0
147	Q0	212489#1	0
147	Q0	525403#0	0
147	Q0	3806#8	0
147	Q0	268319#7	0
147	Q0	387940#0	0
148	Q0	3817#0	1
148	Q0	3817#49	0
148	Q0	126452#29	0
148	Q0	3817#44	0
148	Q0	3817#17	0
148	Q0	77316#9	0
148	Q0	135385#9	0
148	Q0	2986#4	0
148	Q0	4508#46	0
148	Q0	135385#12	0
151	Q0	199581#3	1
151	Q0	199581#4	1
151	Q0	199581#18	0
151	Q0	199581#24	0
151	Q0	199581#15	0
151	Q0	199581#16	0
151	Q0	199581#25	0
151	Q0	199581#0	0
151	Q0	199581#8	0
151	Q0	199581#5	0
152	Q0	7801#32	1
152	Q0	7801#71	0
152	Q0	7801#62	0
152	Q0	7801#9	0
152	Q0	7801#7	0
152	Q0	7801#26	0
152	Q0	7801#67	0
152	Q0	7801#16	0
152	Q0	7801#66	0
152	Q0	7801#61	0
153	Q0	77157#0	1
153	Q0	364567#0	1
153	Q0	3794#7	0
153	Q0	380054#0	0
153	Q0	190424#0	0
153	Q0	380054#1	0
153	Q0	410247#11	0
153	Q0	387763#1	0
153	Q0	6439#0	0
153	Q0	44992#0	0
154	Q0	3219#1	1
154	Q0	279761#52	1
154	Q0	10793#3	1
154	Q0	3219#0	1
154	Q0	3282#2	0
154	Q0	28980#8	0
154	Q0	57982#13	0
154	Q0	6245#2	0
154	Q0	3282#10	0
154	Q0	110440#10	0
155	Q0	2467930#0	1
155	Q0	2467930#17	1
155	Q0	2467930#7	1
155	Q0	2467930#9	1
155	Q0	2467930#3	1
155	Q0	2467930#5	1
155	Q0	2467930#19	1
155	Q0	2467930#2	1
155	Q0	2467930#21	1
155	Q0	2467930#15	1
155	Q0	3794#7	0
155	Q0	13765#47	0
155	Q0	185390#3	0
155	Q0	318427#6	0
155	Q0	318427#5	0
155	Q0	3331#1	0
155	Q0	49191#3	0
155	Q0	379734#1	0
155	Q0	293209#10	0
155	Q0	59338#8	0
158	Q0	12539#48	1
158	Q0	12539#19	1
158	Q0	12539#0	1
158	Q0	12539#5	1
158	Q0	12539#1	1
158	Q0	12539#40	0
158	Q0	12539#8	0
158	Q0	12539#15	0
158	Q0	12539#43	0
158	Q0	12539#3	0
158	Q0	337117#1	0
158	Q0	13267#164	0
158	Q0	12539#68	0
159	Q0	51568#15	1
159	Q0	68245#1	0
159	Q0	3022#28	0
159	Q0	81282#0	0
159	Q0	10627#23	0
159	Q0	226434#0	0
159	Q0	84608#0	0
159	Q0	212607#0	0
159	Q0	1029#39	0
159	Q0	71170#0	0
160	Q0	1072#9	1
160	Q0	1072#0	1
160	Q0	1072#5	0
160	Q0	1072#4	0
160	Q0	1072#1	0
160	Q0	199874#8	0
160	Q0	57523#0	0
160	Q0	1072#14	0
160	Q0	3152#39	0
160	Q0	9547#38	0
162	Q0	17363#20	1
162	Q0	3207#9	0
162	Q0	251082#5	0
162	Q0	857#2	0
162	Q0	857#1	0
162	Q0	240252#6	0
162	Q0	3120#2	0
162	Q0	857#0	0
162	Q0	41638#5	0
162	Q0	61442#2	0
164	Q0	13535#43	1
164	Q0	13535#26	1
164	Q0	13535#22	1
164	Q0	13535#28	1
164	Q0	13535#1	1
164	Q0	13535#39	0
164	Q0	13535#27	0
164	Q0	13535#24	0
164	Q0	13535#20	0
164	Q0	13535#29	0
165	Q0	332034#0	1
165	Q0	332034#7	1
165	Q0	332034#28	1
165	Q0	312864#0	1
165	Q0	332034#8	1
165	Q0	332034#2	1
165	Q0	332034#1	1
165	Q0	312864#2	0
165	Q0	152207#0	0
165	Q0	332034#24	0
168	Q0	431392#8	1
168	Q0	431392#10	1
168	Q0	201498#10	0
168	Q0	224992#20	0
168	Q0	431392#4	0
168	Q0	282835#8	0
168	Q0	159791#1	0
168	Q0	431392#7	0
168	Q0	319628#6	0
168	Q0	431392#12	0
173	Q0	23691#0	1
173	Q0	49489#14	1
173	Q0	58133#0	1
173	Q0	23689#0	1
173	Q0	367893#0	1
173	Q0	23449#7	0
173	Q0	49489#8	0
173	Q0	942#1	0
173	Q0	22924#20	0
173	Q0	23691#1	0
174	Q0	101772#0	1
174	Q0	233378#22	1
174	Q0	328136#0	0
174	Q0	4531#3	0
174	Q0	4448#0	0
174	Q0	434984#6	0
174	Q0	37082#0	0
174	Q0	235369#0	0
174	Q0	78756#0	0
174	Q0	434984#8	0
175	Q0	287798#1	1
175	Q0	287798#10	1
175	Q0	287798#8	1
175	Q0	107883#2	1
175	Q0	107914#9	1
175	Q0	175677#2	0
175	Q0	183825#0	0
175	Q0	287798#11	0
175	Q0	111212#2	0
175	Q0	107930#1	0
177	Q0	11956#7	1
177	Q0	11956#0	1
177	Q0	126393#0	1
177	Q0	214375#0	0
177	Q0	19327#0	0
177	Q0	21030#10	0
177	Q0	11956#8	0
177	Q0	264607#15	0
177	Q0	52144#0	0
177	Q0	14865#9	0
179	Q0	101772#0	1
179	Q0	235369#0	0
179	Q0	4642#0	0
179	Q0	233368#86	0
179	Q0	134694#0	0
179	Q0	4441#15	0
179	Q0	19081#29	0
179	Q0	434984#8	0
179	Q0	434984#6	0
179	Q0	2840#22	0
180	Q0	16798#14	1
180	Q0	16798#15	1
201	Q0	2428843#0	1
201	Q0	2428843#1	1
202	Q0	50812#0	1
202	Q0	329860#0	1
202	Q0	39806#13	1
202	Q0	3817#44	1
202	Q0	69302#0	1
202	Q0	2504295#0	1
202	Q0	2504295#1	1
202	Q0	3438#0	0
202	Q0	329860#2	0
202	Q0	24362#11	0
202	Q0	65783#1	0
202	Q0	4653#4	0
208	Q0	5830#6	1
208	Q0	3438#0	1
208	Q0	24362#11	0
208	Q0	2703#11	0
208	Q0	156022#1	0
208	Q0	4653#4	0
208	Q0	4082#4	0
208	Q0	156717#2	0
208	Q0	3771#20	0
208	Q0	4058#9	0
209	Q0	89927#1	1
209	Q0	89927#2	1
209	Q0	89927#9	1
209	Q0	89927#0	1
209	Q0	89927#4	1
209	Q0	89934#1	0
209	Q0	212607#0	0
209	Q0	201091#5	0
209	Q0	82465#4	0
209	Q0	340491#3	0
210	Q0	278234#11	1
210	Q0	278234#42	1
210	Q0	278234#43	1
210	Q0	278234#9	0
210	Q0	427680#3	0
210	Q0	278234#0	0
210	Q0	278234#5	0
210	Q0	278234#7	0
210	Q0	278234#35	0
210	Q0	278234#30	0
212	Q0	4086#29	1
212	Q0	157364#12	0
212	Q0	157336#3	0
212	Q0	157435#3	0
212	Q0	94561#13	0
212	Q0	157235#2	0
212	Q0	157295#0	0
212	Q0	157335#6	0
212	Q0	65387#1	0
212	Q0	157330#163	0
214	Q0	321814#2	1
214	Q0	321814#0	1
214	Q0	994304#1	1
214	Q0	269553#1	0
214	Q0	838#17	0
214	Q0	81282#0	0
214	Q0	84608#0	0
214	Q0	226434#0	0
214	Q0	359014#4	0
214	Q0	369560#0	0
215	Q0	1653698#1	1
215	Q0	1653698#12	1
215	Q0	1653698#9	1
215	Q0	315044#0	0
215	Q0	315044#1	0
215	Q0	315044#6	0
215	Q0	85310#8	0
215	Q0	367553#0	0
215	Q0	112018#5	0
215	Q0	44#18	0
215	Q0	133594#0	0
215	Q0	200018#19	0
215	Q0	197025#0	0
216	Q0	11972#89	1
216	Q0	11972#0	1
216	Q0	11972#10	0
216	Q0	32801#0	0
216	Q0	370735#0	0
216	Q0	11972#33	0
216	Q0	123450#1	0
216	Q0	11972#13	0
216	Q0	11972#14	0
216	Q0	11972#92	0
217	Q0	65332#2	1
217	Q0	10499#26	1
217	Q0	2153518#0	1
217	Q0	10499#1	0
217	Q0	65333#3	0
217	Q0	59239#139	0
217	Q0	3178#48	0
217	Q0	345752#8	0
217	Q0	136339#3	0
217	Q0	31569#0	0
219	Q0	405210#0	1
219	Q0	245448#8	1
219	Q0	111192#0	1
219	Q0	50#30	0
219	Q0	11730#0	0
219	Q0	405183#0	0
219	Q0	69630#6	0
219	Q0	69630#0	0
219	Q0	11736#0	0
219	Q0	49435#2	0
221	Q0	6784#0	1
221	Q0	6208#17	0
221	Q0	6208#0	0
221	Q0	4193#0	0
221	Q0	15745#12	0
221	Q0	48513#2	0
221	Q0	6207#0	0
221	Q0	52#23	0
221	Q0	6784#5	0
221	Q0	11012#33	0
222	Q0	253829#28	1
222	Q0	253829#29	1
222	Q0	292981#0	1
222	Q0	1545361#0	1
222	Q0	1545361#1	1
222	Q0	253829#23	0
222	Q0	195271#0	0
222	Q0	253829#36	0
222	Q0	161295#0	0
222	Q0	253829#30	0
222	Q0	253829#48	0
222	Q0	181271#0	0
222	Q0	1545361#2	0
223	Q0	296775#0	1
223	Q0	306326#13	0
223	Q0	306326#0	0
223	Q0	306326#7	0
223	Q0	306326#8	0
223	Q0	278068#7	0
223	Q0	306326#5	0
223	Q0	289404#16	0
223	Q0	277701#3	0
223	Q0	266092#12	0
227	Q0	51406#3	1
227	Q0	51406#4	1
227	Q0	51404#1	1
227	Q0	51406#1	1
227	Q0	51406#0	1
227	Q0	51404#0	0
227	Q0	236668#21	0
227	Q0	51406#5	0
227	Q0	81282#0	0
227	Q0	3236#2	0
233	Q0	133000#0	1
233	Q0	120162#12	0
233	Q0	133000#10	0
233	Q0	133000#1	0
233	Q0	133000#5	0
233	Q0	381975#1	0
233	Q0	133000#9	0
233	Q0	133000#13	0
233	Q0	120162#6	0
233	Q0	150770#1	0
234	Q0	1107869#4	1
234	Q0	413211#30	0
234	Q0	3992#5	0
234	Q0	45535#33	0
234	Q0	45535#48	0
234	Q0	205666#1	0
234	Q0	269896#0	0
234	Q0	352094#0	0
234	Q0	263916#1	0
234	Q0	433155#28	0
236	Q0	857#8	1
236	Q0	857#5	1
236	Q0	199748#0	1
236	Q0	8003#2	1
236	Q0	27798#0	1
236	Q0	3998#13	0
236	Q0	263601#10	0
236	Q0	286759#5	0
236	Q0	236409#58	0
236	Q0	842#35	0
240	Q0	33176#155	1
240	Q0	11383#4	1
240	Q0	154858#6	1
240	Q0	13849#7	1
240	Q0	20018#9	0
240	Q0	20057#4	0
240	Q0	154858#5	0
240	Q0	22718#0	0
240	Q0	127372#0	0
240	Q0	8597#9	0
241	Q0	274092#0	1
241	Q0	202746#0	0
241	Q0	242113#0	0
241	Q0	109616#0	0
241	Q0	274087#0	0
241	Q0	9206#3	0
241	Q0	6728#6	0
241	Q0	109616#3	0
241	Q0	128403#0	0
241	Q0	136191#17	0
243	Q0	77967#2	1
243	Q0	3796#26	0
243	Q0	268458#0	0
243	Q0	443361#23	0
243	Q0	17663#53	0
243	Q0	409671#2	0
243	Q0	132929#25	0
243	Q0	136270#0	0
243	Q0	138632#1	0
243	Q0	379034#3	0
245	Q0	45128#0	1
245	Q0	45128#2	1
245	Q0	45128#3	0
245	Q0	45128#1	0
245	Q0	134469#0	0
245	Q0	309305#0	0
245	Q0	271432#0	0
245	Q0	45129#1	0
245	Q0	97467#0	0
245	Q0	97467#9	0
247	Q0	5658#5	1
247	Q0	3126#8	1
247	Q0	8106#13	1
247	Q0	53129#6	1
247	Q0	24510#3	1
247	Q0	843#96	1
247	Q0	3126#18	0
247	Q0	61988#31	0
247	Q0	23906#125	0
247	Q0	3126#7	0
248	Q0	3483#21	1
248	Q0	309216#1	1
248	Q0	51840#0	1
248	Q0	1633335#0	1
248	Q0	1633335#2	1
248	Q0	43160#0	0
248	Q0	44048#6	0
248	Q0	31706#59	0
248	Q0	279736#39	0
248	Q0	245345#27	0
248	Q0	31706#0	0
248	Q0	309216#5	0
252	Q0	148846#3	1
252	Q0	3221#3	1
252	Q0	70553#0	1
252	Q0	14229#53	1
252	Q0	434247#14	0
252	Q0	5806#1	0
252	Q0	71431#19	0
252	Q0	3130#4	0
252	Q0	297245#1	0
252	Q0	71431#1	0
253	Q0	262626#11	1
253	Q0	140156#10	0
253	Q0	31963#32	0
253	Q0	15605#7	0
253	Q0	107968#14	0
253	Q0	140156#12	0
253	Q0	12561#29	0
253	Q0	12561#64	0
253	Q0	140156#6	0
253	Q0	115340#2	0
256	Q0	32531#2	1
256	Q0	32531#0	1
256	Q0	378492#0	1
256	Q0	388515#0	0
256	Q0	32531#5	0
256	Q0	79849#0	0
256	Q0	225731#1	0
256	Q0	256022#11	0
256	Q0	6778#33	0
256	Q0	230994#13	0
258	Q0	886449#3	1
258	Q0	20034#1	0
258	Q0	2648#18	0
258	Q0	23992#0	0
258	Q0	221230#1	0
258	Q0	146249#4	0
258	Q0	91185#0	0
258	Q0	266794#2	0
258	Q0	337676#2	0
258	Q0	24433#0	0
259	Q0	17252#0	1
259	Q0	17252#2	1
259	Q0	24301#19	1
259	Q0	114524#0	1
259	Q0	114524#14	1
259	Q0	6478#9	0
259	Q0	377786#0	0
259	Q0	127710#14	0
259	Q0	114524#13	0
259	Q0	114524#15	0
259	Q0	114524#3	0
259	Q0	147225#9	0
260	Q0	8963#0	1
260	Q0	8963#12	1
260	Q0	8963#49	1
260	Q0	8963#52	0
260	Q0	4258#3	0
260	Q0	8963#43	0
260	Q0	735#0	0
260	Q0	8963#64	0
260	Q0	36165#1	0
260	Q0	8963#2	0
260	Q0	8963#40	0
260	Q0	8963#1	0
261	Q0	278234#7	1
261	Q0	278234#43	1
261	Q0	278234#0	1
261	Q0	278234#11	0
261	Q0	278234#42	0
261	Q0	427680#3	0
261	Q0	278234#44	0
261	Q0	278234#5	0
261	Q0	278234#16	0
261	Q0	278234#8	0
261	Q0	278234#13	0
262	Q0	551651#1	1
262	Q0	30268#1	0
262	Q0	3235#4	0
262	Q0	27726#1	0
262	Q0	49311#1	0
262	Q0	33061#1	0
262	Q0	3992#12	0
262	Q0	6189#1	0
262	Q0	352915#1	0
262	Q0	130109#4	0
264	Q0	29994#0	1
264	Q0	29994#1	1
264	Q0	35#39	1
264	Q0	29995#0	0
264	Q0	29995#1	0
264	Q0	340518#1	0
264	Q0	83770#0	0
264	Q0	273928#0	0
264	Q0	83770#25	0
264	Q0	14109#5	0
267	Q0	262626#0	1
267	Q0	262626#11	1
267	Q0	262626#4	0
267	Q0	262626#8	0
267	Q0	262626#10	0
267	Q0	262626#7	0
267	Q0	262626#1	0
267	Q0	263167#17	0
267	Q0	262626#12	0
267	Q0	262626#3	0
268	Q0	946411#0	1
268	Q0	4172#8	0
268	Q0	57918#11	0
268	Q0	151005#11	0
268	Q0	3142#23	0
268	Q0	70030#11	0
268	Q0	298318#1	0
268	Q0	346728#1	0
268	Q0	298318#18	0
268	Q0	89200#3	0
269	Q0	19552#0	1
269	Q0	102288#1	0
269	Q0	72434#0	0
269	Q0	102288#5	0
269	Q0	16248#0	0
269	Q0	107934#2	0
269	Q0	16248#12	0
269	Q0	19552#10	0
269	Q0	16248#17	0
269	Q0	16248#19	0
270	Q0	207844#1	1
270	Q0	11765#1	1
270	Q0	132912#0	1
270	Q0	194827#2	1
270	Q0	206479#0	1
270	Q0	70#1	1
270	Q0	194827#0	1
270	Q0	39089#0	0
270	Q0	132906#0	0
270	Q0	207844#0	0
271	Q0	45342#0	1
271	Q0	416068#15	1
271	Q0	45342#2	1
271	Q0	433814#8	0
271	Q0	121643#11	0
271	Q0	121676#46	0
271	Q0	358996#4	0
271	Q0	210695#0	0
271	Q0	138754#0	0
271	Q0	346484#0	0
273	Q0	441416#1	1
273	Q0	18701#0	0
273	Q0	262452#4	0
273	Q0	262452#6	0
273	Q0	262452#1	0
273	Q0	441416#2	0
273	Q0	125400#6	0
273	Q0	121622#2	0
273	Q0	291995#0	0
273	Q0	438448#3	0
274	Q0	16849#2	1
274	Q0	16849#1	1
274	Q0	105208#0	1
274	Q0	76899#26	1
274	Q0	181251#1	1
274	Q0	16849#25	0
274	Q0	212832#7	0
274	Q0	181251#0	0
274	Q0	300129#1	0
274	Q0	311374#2	0
275	Q0	353887#13	1
275	Q0	6509#0	1
275	Q0	11352#1	0
275	Q0	347933#12	0
275	Q0	18509#3	0
275	Q0	102239#0	0
275	Q0	102239#2	0
275	Q0	13906#16	0
275	Q0	2935#3	0
275	Q0	10627#22	0
277	Q0	42417#0	1
277	Q0	42417#7	1
277	Q0	42417#4	0
277	Q0	42417#11	0
277	Q0	42417#5	0
277	Q0	42417#12	0
277	Q0	42417#3	0
277	Q0	42417#18	0
277	Q0	42417#2	0
277	Q0	42417#8	0
281	Q0	123379#9	1
281	Q0	6413#17	1
281	Q0	946#52	1
281	Q0	260120#5	1
281	Q0	6413#1	1
281	Q0	6003#2	0
281	Q0	6336#16	0
281	Q0	6327#0	0
281	Q0	6413#2	0
281	Q0	6327#21	0
281	Q0	225306#2	0
282	Q0	134343#2	1
282	Q0	134343#12	1
282	Q0	3794#7	0
282	Q0	134343#3	0
282	Q0	198316#2	0
282	Q0	3399#0	0
282	Q0	81282#0	0
282	Q0	84608#0	0
282	Q0	226434#0	0
282	Q0	212607#0	0
283	Q0	4253#23	1
283	Q0	4253#22	1
283	Q0	4253#0	0
283	Q0	4254#2	0
283	Q0	4253#4	0
283	Q0	4254#4	0
283	Q0	202888#1	0
283	Q0	21675#15	0
283	Q0	436524#1	0
283	Q0	18598#2	0
284	Q0	21098#1	1
284	Q0	21098#2	1
284	Q0	21098#0	1
284	Q0	33176#9	1
284	Q0	6787#5	0
284	Q0	196556#2	0
284	Q0	236668#4	0
284	Q0	85#11	0
284	Q0	3010#0	0
284	Q0	10448#57	0
285	Q0	109151#1	1
285	Q0	109151#0	0
285	Q0	67289#2	0
285	Q0	370945#29	0
285	Q0	6463#15	0
285	Q0	75788#0	0
285	Q0	77362#0	0
285	Q0	348144#57	0
285	Q0	203745#0	0
285	Q0	342534#0	0
286	Q0	50798#6	1
286	Q0	50798#2	0
286	Q0	50798#19	0
286	Q0	50798#10	0
286	Q0	50798#33	0
286	Q0	50798#7	0
286	Q0	50798#4	0
286	Q0	50798#0	0
286	Q0	34460#1	0
286	Q0	50798#5	0
288	Q0	114524#6	1
288	Q0	149444#3	1
288	Q0	114524#13	0
288	Q0	24301#17	0
288	Q0	324037#6	0
288	Q0	114524#0	0
288	Q0	127710#14	0
288	Q0	377786#0	0
288	Q0	330190#5	0
288	Q0	277436#3	0
289	Q0	178012#0	1
289	Q0	3022#28	0
289	Q0	111009#1	0
289	Q0	328993#1	0
289	Q0	431050#0	0
289	Q0	42755#2	0
289	Q0	73875#1	0
289	Q0	341568#1	0
289	Q0	62862#1	0
289	Q0	42755#8	0
290	Q0	379268#0	1
290	Q0	756#17	1
290	Q0	756#10	1
290	Q0	6153#37	1
290	Q0	4562#15	0
290	Q0	756#19	0
290	Q0	13141#4	0
290	Q0	2737#28	0
290	Q0	756#24	0
290	Q0	31503#1	0
291	Q0	11018#46	1
291	Q0	11307#6	0
291	Q0	84#52	0
291	Q0	356476#6	0
291	Q0	11307#7	0
291	Q0	82195#1	0
291	Q0	11018#45	0
291	Q0	3766#54	0
291	Q0	70476#0	0
291	Q0	22634#3	0
292	Q0	177268#1	1
292	Q0	19220#8	0
292	Q0	19220#1	0
292	Q0	149735#9	0
292	Q0	233628#5	0
292	Q0	83#1	0
292	Q0	442759#3	0
292	Q0	362562#0	0
292	Q0	10480#8	0
292	Q0	157330#387	0
294	Q0	328148#2	1
294	Q0	123379#3	1
294	Q0	328148#0	1
294	Q0	8287#1	0
294	Q0	91532#2	0
294	Q0	93012#5	0
294	Q0	319269#3	0
294	Q0	311507#0	0
294	Q0	263721#0	0
294	Q0	25410#11	0
295	Q0	2587387#19	1
295	Q0	65942#0	0
295	Q0	3992#5	0
295	Q0	348201#0	0
295	Q0	84608#0	0
295	Q0	324040#0	0
295	Q0	81738#0	0
295	Q0	81282#0	0
295	Q0	262067#0	0
295	Q0	286282#0	0
296	Q0	16682#0	1
296	Q0	31748#0	1
296	Q0	2929#0	1
296	Q0	16682#1	1
296	Q0	16682#3	1
296	Q0	14229#23	0
296	Q0	3108#6	0
296	Q0	3720#17	0
296	Q0	15075#0	0
296	Q0	16682#2	0
299	Q0	10924#3	1
299	Q0	10924#70	1
299	Q0	3107#50	1
299	Q0	10924#44	1
299	Q0	10924#0	1
299	Q0	370735#0	1
299	Q0	10924#7	1
299	Q0	10924#35	1
299	Q0	10924#61	1
299	Q0	127207#10	0
299	Q0	10924#2	0
299	Q0	10924#23	0
299	Q0	10924#66	0
300	Q0	19398#0	1
300	Q0	19398#32	1
300	Q0	19398#11	1
300	Q0	19398#5	1
300	Q0	19398#50	0
300	Q0	19398#40	0
300	Q0	19398#37	0
300	Q0	19398#19	0
300	Q0	19398#22	0
300	Q0	19398#8	0
300	Q0	19398#36	0
301	Q0	9921#2	1
301	Q0	37008#0	0
301	Q0	292488#4	0
301	Q0	10939#27	0
301	Q0	262009#31	0
301	Q0	241102#8	0
301	Q0	42672#13	0
301	Q0	284980#1	0
301	Q0	302491#5	0
301	Q0	403767#8	0
302	Q0	186121#0	1
302	Q0	1029#1	1
302	Q0	186121#2	1
302	Q0	1029#15	1
302	Q0	1029#21	1
302	Q0	1029#14	1
302	Q0	186121#3	0
302	Q0	296418#16	0
302	Q0	1029#0	0
302	Q0	1029#59	0
303	Q0	267520#1	1
303	Q0	377023#1	0
303	Q0	54298#0	0
303	Q0	32597#2	0
303	Q0	233749#0	0
303	Q0	16183#7	0
303	Q0	82278#8	0
303	Q0	8502#19	0
303	Q0	97439#1	0
303	Q0	137742#1	0
305	Q0	2983#4	1
305	Q0	3656#8	1
305	Q0	3656#5	1
305	Q0	3656#0	1
305	Q0	290006#4	1
305	Q0	16261#12	0
305	Q0	3656#14	0
305	Q0	3656#1	0
305	Q0	79954#5	0
305	Q0	44791#12	0
306	Q0	315713#1	1
306	Q0	18205#35	1
306	Q0	37503#0	1
306	Q0	64#25	0
306	Q0	20887#55	0
306	Q0	35#1	0
306	Q0	405513#2	0
306	Q0	10945#0	0
306	Q0	37895#0	0
306	Q0	33824#2	0
307	Q0	80433#4	1
307	Q0	1744904#0	1
307	Q0	208747#51	0
307	Q0	213067#3	0
307	Q0	415220#6	0
307	Q0	2985#9	0
307	Q0	300129#33	0
307	Q0	300129#29	0
307	Q0	271214#15	0
307	Q0	202308#0	0
308	Q0	6578#15	1
308	Q0	6578#16	1
308	Q0	6578#14	1
308	Q0	6578#17	1
308	Q0	6578#4	1
308	Q0	6578#11	0
308	Q0	6578#12	0
308	Q0	252870#0	0
308	Q0	29125#24	0
308	Q0	3022#28	0
311	Q0	136011#18	1
311	Q0	50244#2	1
311	Q0	305339#9	1
311	Q0	136011#17	1
311	Q0	248316#0	0
311	Q0	11937#24	0
311	Q0	4020#48	0
311	Q0	136011#15	0
311	Q0	288625#4	0
311	Q0	106100#2	0
313	Q0	16849#24	1
313	Q0	16849#0	1
313	Q0	16849#25	1
313	Q0	78480#0	1
313	Q0	105208#0	0
313	Q0	199531#2	0
313	Q0	78480#29	0
313	Q0	211490#8	0
313	Q0	16849#1	0
313	Q0	16849#6	0
314	Q0	339641#1	1
314	Q0	339641#0	1
314	Q0	339641#9	1
314	Q0	339641#6	0
314	Q0	339641#2	0
314	Q0	339641#12	0
314	Q0	339641#19	0
314	Q0	339641#11	0
314	Q0	339641#7	0
314	Q0	339641#8	0
315	Q0	3282#0	1
315	Q0	57987#12	0
315	Q0	13088#14	0
315	Q0	265961#1	0
315	Q0	3282#16	0
315	Q0	50#16	0
315	Q0	253621#5	0
315	Q0	3282#15	0
315	Q0	286293#3	0
315	Q0	44#15	0
317	Q0	18108#1	1
317	Q0	138403#0	0
317	Q0	80842#0	0
317	Q0	311507#0	0
317	Q0	412415#0	0
317	Q0	311439#0	0
317	Q0	428609#0	0
317	Q0	838#17	0
317	Q0	234240#0	0
317	Q0	311508#0	0
318	Q0	10924#14	1
318	Q0	10924#23	1
318	Q0	61137#0	1
318	Q0	13243#9	1
318	Q0	3107#36	1
318	Q0	20024#9	0
318	Q0	20024#4	0
318	Q0	3720#17	0
318	Q0	13243#0	0
318	Q0	325365#0	0
321	Q0	4750#0	1
321	Q0	10793#17	0
321	Q0	4750#10	0
321	Q0	291991#34	0
321	Q0	8963#0	0
321	Q0	143746#0	0
321	Q0	4750#12	0
321	Q0	10793#0	0
321	Q0	36156#0	0
321	Q0	4262#0	0
322	Q0	26982#3	1
322	Q0	26982#2	1
322	Q0	415985#1	0
322	Q0	27608#3	0
322	Q0	107137#9	0
322	Q0	102331#0	0
322	Q0	45031#3	0
322	Q0	378488#26	0
322	Q0	26982#1	0
322	Q0	6509#31	0
323	Q0	397453#2	1
323	Q0	301041#2	1
323	Q0	440926#1	1
323	Q0	3124#0	1
323	Q0	397453#3	0
323	Q0	24705#0	0
323	Q0	785#1	0
323	Q0	397453#1	0
323	Q0	24336#0	0
323	Q0	23906#30	0
325	Q0	304068#6	1
325	Q0	6181#6	1
325	Q0	6191#27	0
325	Q0	9935#19	0
325	Q0	304068#1	0
325	Q0	66982#12	0
325	Q0	304068#0	0
325	Q0	134550#21	0
325	Q0	392373#4	0
325	Q0	61936#52	0
326	Q0	13084#9	1
326	Q0	13084#28	1
326	Q0	13084#43	1
326	Q0	13084#37	1
326	Q0	13084#10	0
326	Q0	13084#13	0
326	Q0	13084#29	0
326	Q0	210878#2	0
326	Q0	13084#40	0
326	Q0	6463#29	0
328	Q0	348120#1	1
328	Q0	20723#2	1
328	Q0	382343#0	1
328	Q0	20723#0	1
328	Q0	233667#2	1
328	Q0	12442#1	0
328	Q0	12442#23	0
328	Q0	233667#0	0
328	Q0	46949#0	0
328	Q0	12442#24	0
329	Q0	31734#3	1
329	Q0	12212#3	1
329	Q0	12212#0	1
329	Q0	57661#0	1
329	Q0	12212#18	1
329	Q0	225276#12	0
329	Q0	12216#7	0
329	Q0	12216#12	0
329	Q0	12212#11	0
329	Q0	12212#13	0
330	Q0	98106#2	1
330	Q0	1130#20	1
330	Q0	81566#25	1
330	Q0	98106#9	1
330	Q0	98106#1	1
330	Q0	98106#6	0
330	Q0	98106#7	0
330	Q0	98106#0	0
330	Q0	71192#2	0
330	Q0	16256#3	0
330	Q0	34873#0	0
331	Q0	28663#0	1
331	Q0	28663#1	1
331	Q0	44197#1	1
331	Q0	322654#0	1
331	Q0	323470#1	1
331	Q0	97519#9	0
331	Q0	322916#0	0
331	Q0	322914#1	0
331	Q0	97524#0	0
331	Q0	214711#5	0
333	Q0	23699#12	1
333	Q0	23699#24	1
333	Q0	22924#0	1
333	Q0	23699#25	0
333	Q0	23699#0	0
333	Q0	33176#101	0
333	Q0	22925#1	0
333	Q0	23699#9	0
333	Q0	22937#25	0
333	Q0	372923#0	0
334	Q0	40419#7	1
334	Q0	40419#17	1
334	Q0	40419#0	1
334	Q0	60041#10	1
334	Q0	40419#1	0
334	Q0	40419#9	0
334	Q0	40419#20	0
334	Q0	210716#0	0
334	Q0	40419#4	0
334	Q0	40419#6	0
335	Q0	346677#0	1
335	Q0	18612#22	1
335	Q0	46615#14	1
335	Q0	4642#2	0
335	Q0	14059#4	0
335	Q0	12452#2	0
335	Q0	4510#12	0
335	Q0	30688#8	0
335	Q0	318281#0	0
335	Q0	358812#4	0
336	Q0	18076#15	1
336	Q0	892393#18	1
336	Q0	38340#12	0
336	Q0	38340#10	0
336	Q0	267450#7	0
336	Q0	240550#0	0
336	Q0	59879#23	0
336	Q0	3022#28	0
336	Q0	81282#0	0
336	Q0	26208#45	0
337	Q0	6463#3	1
337	Q0	370945#33	1
337	Q0	6463#4	1
337	Q0	347933#14	1
337	Q0	6463#68	1
337	Q0	348144#71	1
337	Q0	305206#0	1
337	Q0	370945#2	1
337	Q0	9#11	1
337	Q0	348144#37	0
338	Q0	6760#20	1
338	Q0	6760#2	1
338	Q0	17104#1	1
338	Q0	6760#28	0
338	Q0	30577#7	0
338	Q0	78283#2	0
338	Q0	6760#17	0
338	Q0	6760#31	0
338	Q0	83#15	0
338	Q0	6760#27	0
339	Q0	259172#3	1
339	Q0	259172#0	1
339	Q0	2138695#0	1
339	Q0	2138695#1	1
339	Q0	259172#2	0
339	Q0	259290#0	0
339	Q0	120896#1	0
339	Q0	81088#0	0
339	Q0	245947#0	0
339	Q0	245947#6	0
339	Q0	4423#24	0
339	Q0	4423#10	0
340	Q0	748#36	1
340	Q0	2782#2	1
340	Q0	748#0	1
340	Q0	236785#16	1
340	Q0	19098#2	0
340	Q0	748#6	0
340	Q0	36964#0	0
340	Q0	22826#0	0
340	Q0	26666#1	0
340	Q0	310840#3	0
341	Q0	23906#120	1
341	Q0	106071#31	1
341	Q0	12384#8	1
341	Q0	61988#20	1
341	Q0	106071#1	1
341	Q0	12384#7	1
341	Q0	106071#26	0
341	Q0	146698#24	0
341	Q0	206941#1	0
341	Q0	23906#119	0
341	Q0	12384#0	0
343	Q0	44105#9	1
343	Q0	48824#3	1
343	Q0	206397#0	1
343	Q0	198432#0	1
343	Q0	3794#7	0
343	Q0	61937#2	0
343	Q0	285122#0	0
343	Q0	250799#0	0
343	Q0	69123#0	0
343	Q0	838#17	0
344	Q0	109254#5	1
344	Q0	6551#3	0
344	Q0	319014#5	0
344	Q0	3483#22	0
344	Q0	3483#12	0
344	Q0	77478#6	0
344	Q0	39126#7	0
344	Q0	4121#13	0
344	Q0	402196#6	0
344	Q0	10995#5	0
347	Q0	71044#2	1
347	Q0	55429#0	1
347	Q0	4144#28	1
347	Q0	4144#4	0
347	Q0	55423#1	0
347	Q0	55444#2	0
347	Q0	4144#5	0
347	Q0	4144#0	0
347	Q0	4144#39	0
347	Q0	68#12	0
348	Q0	394889#0	1
348	Q0	328675#1	1
348	Q0	4538#5	0
348	Q0	126741#7	0
348	Q0	4538#6	0
348	Q0	68552#2	0
348	Q0	4538#18	0
348	Q0	273107#2	0
348	Q0	4538#8	0
348	Q0	338419#3	0
349	Q0	12980#4	1
349	Q0	203636#4	1
349	Q0	203636#0	1
349	Q0	203636#45	0
349	Q0	203636#49	0
349	Q0	203636#42	0
349	Q0	203636#43	0
349	Q0	203636#46	0
349	Q0	203636#5	0
350	Q0	263682#22	1
350	Q0	20880#19	0
350	Q0	57954#0	0
350	Q0	33605#5	0
350	Q0	57919#6	0
350	Q0	6728#0	0
350	Q0	57919#7	0
350	Q0	5011#10	0
350	Q0	4056#5	0
350	Q0	4120#11	0
351	Q0	412213#0	1
351	Q0	412213#2	1
351	Q0	412213#11	1
351	Q0	412213#4	1
351	Q0	412213#1	0
351	Q0	407429#0	0
351	Q0	412213#35	0
351	Q0	412213#46	0
351	Q0	412213#17	0
351	Q0	412213#43	0
351	Q0	412213#57	0
351	Q0	412213#16	0
352	Q0	29656#0	1
352	Q0	6276#42	1
352	Q0	59415#2	1
352	Q0	10924#40	0
352	Q0	61759#10	0
352	Q0	61759#66	0
352	Q0	104831#21	0
352	Q0	10924#7	0
352	Q0	6276#3	0
352	Q0	105182#0	0
353	Q0	442971#5	1
353	Q0	442971#3	1
353	Q0	442971#0	1
353	Q0	442971#4	1
353	Q0	84689#29	0
353	Q0	203548#58	0
353	Q0	13065#3	0
353	Q0	385780#37	0
353	Q0	10480#133	0
353	Q0	400068#2	0
354	Q0	99727#13	1
354	Q0	99727#8	1
354	Q0	99727#1	1
354	Q0	99727#11	1
354	Q0	99727#0	0
354	Q0	99727#7	0
354	Q0	99727#6	0
354	Q0	99727#22	0
354	Q0	99727#4	0
354	Q0	99727#16	0
355	Q0	54055#0	1
355	Q0	141078#0	1
355	Q0	22870#2	1
355	Q0	22870#0	1
355	Q0	22870#7	1
355	Q0	78432#2	0
355	Q0	110980#0	0
355	Q0	22870#1	0
355	Q0	3022#28	0
355	Q0	81282#0	0
355	Q0	311676#4	0
355	Q0	226434#0	0
356	Q0	2368717#0	1
356	Q0	134503#0	0
356	Q0	1128#3	0
356	Q0	209408#6	0
356	Q0	13157#18	0
356	Q0	235823#0	0
356	Q0	359014#4	0
356	Q0	19637#0	0
356	Q0	12944#10	0
356	Q0	141574#52	0
357	Q0	123480#1	1
357	Q0	123480#0	1
357	Q0	123480#2	1
357	Q0	123480#6	1
357	Q0	123480#3	0
357	Q0	123480#4	0
357	Q0	381790#46	0
357	Q0	3803#9	0
357	Q0	226434#0	0
357	Q0	81282#0	0
359	Q0	47724#17	1
359	Q0	47724#15	1
359	Q0	47724#16	0
359	Q0	47724#0	0
359	Q0	47724#21	0
359	Q0	47724#3	0
359	Q0	47724#5	0
359	Q0	47724#12	0
359	Q0	47724#1	0
359	Q0	47724#23	0
360	Q0	6676#0	1
360	Q0	6658#1	1
360	Q0	6449#3	0
360	Q0	6658#0	0
360	Q0	6449#0	0
360	Q0	103364#1	0
360	Q0	6449#4	0
360	Q0	36135#5	0
360	Q0	360764#1	0
360	Q0	6459#16	0
362	Q0	11760#1	1
362	Q0	11760#0	1
362	Q0	58649#2	1
362	Q0	4113#2	0
362	Q0	50966#0	0
362	Q0	422602#1	0
362	Q0	406985#0	0
362	Q0	372080#2	0
362	Q0	14719#0	0
362	Q0	36867#0	0
365	Q0	397483#0	1
365	Q0	4242#0	1
365	Q0	4020#9	0
365	Q0	13581#44	0
365	Q0	202888#1	0
365	Q0	436524#1	0
365	Q0	16055#18	0
365	Q0	21675#15	0
365	Q0	13581#47	0
365	Q0	1117801#6	0
366	Q0	305206#0	1
366	Q0	6463#7	1
366	Q0	13157#1	1
366	Q0	6463#3	1
366	Q0	370945#2	1
366	Q0	370945#33	0
366	Q0	348144#46	0
366	Q0	348144#3	0
366	Q0	348144#71	0
366	Q0	370945#1	0
368	Q0	36244#0	1
368	Q0	36244#2	0
368	Q0	36244#4	0
368	Q0	36244#11	0
368	Q0	36244#8	0
368	Q0	58224#2	0
368	Q0	36871#2	0
368	Q0	419871#1	0
368	Q0	36244#12	0
368	Q0	11484#1	0
370	Q0	75861#0	1
370	Q0	79088#0	1
370	Q0	79088#1	1
370	Q0	75861#1	1
370	Q0	75861#2	1
370	Q0	3794#7	0
370	Q0	378383#0	0
370	Q0	62248#0	0
370	Q0	3022#28	0
370	Q0	2593976#2	0
371	Q0	4397#13	1
371	Q0	4397#14	1
371	Q0	21033#4	1
371	Q0	5596#0	1
371	Q0	318835#0	0
371	Q0	6904#2	0
371	Q0	20061#7	0
371	Q0	320157#1	0
371	Q0	4397#17	0
371	Q0	4397#16	0
372	Q0	11903#0	1
372	Q0	1071#13	1
372	Q0	433420#1	1
372	Q0	11896#23	1
372	Q0	13680#1	1
372	Q0	340491#15	0
372	Q0	58708#0	0
372	Q0	11636#4	0
372	Q0	243864#59	0
372	Q0	122485#0	0
372	Q0	13680#4	0
373	Q0	114524#6	1
373	Q0	236440#3	1
373	Q0	149444#6	0
373	Q0	315325#0	0
373	Q0	58172#21	0
373	Q0	24301#21	0
373	Q0	149444#9	0
373	Q0	149444#3	0
373	Q0	149444#23	0
373	Q0	54366#0	0
374	Q0	161224#4	1
374	Q0	105835#4	1
374	Q0	39601#21	1
374	Q0	161224#6	1
374	Q0	220734#0	0
374	Q0	193229#0	0
374	Q0	106304#3	0
374	Q0	195685#5	0
374	Q0	35283#7	0
374	Q0	2821#0	0
374	Q0	161224#0	0
374	Q0	161224#1	0
374	Q0	161224#7	0
375	Q0	101353#4	1
375	Q0	30135#2	1
375	Q0	30135#5	1
375	Q0	33906#1	1
375	Q0	101353#3	0
375	Q0	30135#4	0
375	Q0	13267#108	0
375	Q0	151544#0	0
375	Q0	33898#0	0
375	Q0	109971#0	0
376	Q0	62101#0	1
376	Q0	62100#1	1
376	Q0	6276#8	0
376	Q0	6276#61	0
376	Q0	6276#1	0
376	Q0	6276#13	0
376	Q0	6276#51	0
376	Q0	62100#0	0
376	Q0	62101#3	0
376	Q0	6276#19	0
376	Q0	6276#55	0
377	Q0	20987#20	1
377	Q0	38272#9	1
377	Q0	38202#2	0
377	Q0	75788#0	0
377	Q0	370945#25	0
377	Q0	1#15	0
377	Q0	6463#12	0
377	Q0	38272#12	0
377	Q0	38272#0	0
377	Q0	121893#0	0
378	Q0	417865#27	1
378	Q0	417865#19	1
378	Q0	417865#22	0
378	Q0	417865#26	0
378	Q0	417865#24	0
378	Q0	417865#8	0
378	Q0	417865#10	0
378	Q0	417865#0	0
378	Q0	417865#21	0
378	Q0	417865#20	0
380	Q0	15750#1	1
380	Q0	15750#0	1
380	Q0	15750#14	0
380	Q0	15750#3	0
380	Q0	15750#4	0
380	Q0	15750#2	0
380	Q0	15750#10	0
380	Q0	15750#5	0
380	Q0	15750#11	0
380	Q0	128181#4	0
381	Q0	4732#2	1
381	Q0	215605#0	1
381	Q0	3891#7	1
381	Q0	4533#71	1
381	Q0	3891#5	0
381	Q0	3891#6	0
381	Q0	4533#92	0
381	Q0	13657#5	0
381	Q0	3891#0	0
381	Q0	283199#0	0
383	Q0	211490#29	1
383	Q0	211490#0	1
383	Q0	206974#1	1
383	Q0	16849#0	1
383	Q0	211490#3	1
383	Q0	16849#1	0
383	Q0	211490#8	0
383	Q0	211490#2	0
383	Q0	211490#10	0
383	Q0	105208#0	0
385	Q0	285083#0	1
385	Q0	6469#0	1
385	Q0	6469#21	1
385	Q0	211590#0	1
385	Q0	6469#51	0
385	Q0	6469#29	0
385	Q0	6469#42	0
385	Q0	6469#4	0
385	Q0	6469#19	0
385	Q0	6469#13	0
387	Q0	33159#3	1
387	Q0	33159#14	1
387	Q0	64751#4	1
387	Q0	81197#2	0
387	Q0	9588#13	0
387	Q0	11972#21	0
387	Q0	48152#3	0
387	Q0	249789#2	0
387	Q0	291082#7	0
387	Q0	26615#3	0
388	Q0	125899#0	1
388	Q0	1630601#1	1
388	Q0	3324#9	0
388	Q0	81282#0	0
388	Q0	226434#0	0
388	Q0	84608#0	0
388	Q0	104199#0	0
388	Q0	228637#0	0
388	Q0	243585#0	0
388	Q0	86844#0	0
390	Q0	47341#0	1
390	Q0	40179#7	1
390	Q0	47338#1	1
390	Q0	217347#8	1
390	Q0	320424#0	1
390	Q0	89311#15	1
390	Q0	343847#21	1
390	Q0	47338#0	1
390	Q0	416161#6	0
390	Q0	416161#0	0
391	Q0	235399#21	1
391	Q0	235399#18	1
391	Q0	235399#0	1
391	Q0	235399#16	1
391	Q0	235399#15	0
391	Q0	265725#2	0
391	Q0	235399#20	0
391	Q0	235399#11	0
391	Q0	235399#6	0
391	Q0	235399#5	0
392	Q0	45415#0	1
392	Q0	280945#17	1
392	Q0	280945#18	1
392	Q0	5952#38	1
392	Q0	82756#2	0
392	Q0	38606#11	0
392	Q0	32406#18	0
392	Q0	1003#2	0
392	Q0	1415213#1	0
392	Q0	3363#1	0
393	Q0	9634#0	1
393	Q0	69758#3	1
393	Q0	9590#41	1
393	Q0	9590#39	1
393	Q0	9588#13	1
393	Q0	1046#2	1
393	Q0	9590#0	0
393	Q0	3933#0	0
393	Q0	9590#44	0
393	Q0	9634#30	0
394	Q0	185441#5	1
394	Q0	185441#20	1
394	Q0	185441#25	0
394	Q0	185441#12	0
394	Q0	185441#4	0
394	Q0	185441#19	0
394	Q0	185441#8	0
394	Q0	185441#13	0
394	Q0	185441#7	0
394	Q0	185441#24	0
395	Q0	293022#0	1
395	Q0	49654#3	1
395	Q0	265016#38	1
395	Q0	65243#2	0
395	Q0	64406#18	0
395	Q0	135983#0	0
395	Q0	135986#0	0
395	Q0	65266#1	0
395	Q0	265016#36	0
395	Q0	135653#0	0
396	Q0	22934#0	1
396	Q0	65579#0	1
396	Q0	22931#2	0
396	Q0	23699#31	0
396	Q0	22934#14	0
396	Q0	25761#24	0
396	Q0	64608#5	0
396	Q0	177837#0	0
396	Q0	22934#4	0
396	Q0	66677#7	0
397	Q0	186912#14	1
397	Q0	365161#0	1
397	Q0	399742#59	0
397	Q0	186912#6	0
397	Q0	294463#7	0
397	Q0	416438#1	0
397	Q0	186912#10	0
397	Q0	186912#5	0
397	Q0	317974#5	0
397	Q0	183433#3	0
398	Q0	102625#0	1
398	Q0	3229#4	1
398	Q0	46863#2	1
398	Q0	46863#5	1
398	Q0	102625#1	0
398	Q0	105304#1	0
398	Q0	151298#5	0
398	Q0	3229#0	0
398	Q0	752#35	0
398	Q0	400216#0	0
399	Q0	335939#1	1
399	Q0	335650#4	1
399	Q0	4113#9	1
399	Q0	4113#18	0
399	Q0	54992#4	0
399	Q0	54989#20	0
399	Q0	210822#4	0
399	Q0	92141#9	0
399	Q0	334832#9	0
399	Q0	4113#8	0
400	Q0	51011#0	1
400	Q0	45342#0	1
400	Q0	416068#9	1
400	Q0	121664#0	0
400	Q0	45342#16	0
400	Q0	416068#15	0
400	Q0	121666#0	0
400	Q0	121676#0	0
400	Q0	44865#3	0
400	Q0	121670#0	0
401	Q0	349849#0	1
401	Q0	349849#23	1
401	Q0	32290#10	1
401	Q0	349849#26	0
401	Q0	349849#1	0
401	Q0	430718#1	0
401	Q0	349849#6	0
401	Q0	349849#19	0
401	Q0	6076#12	0
401	Q0	349849#11	0
402	Q0	47972#15	1
402	Q0	47972#0	1
402	Q0	47972#4	0
402	Q0	47972#14	0
402	Q0	11736#3	0
402	Q0	47972#8	0
402	Q0	406995#0	0
402	Q0	47972#2	0
402	Q0	430558#0	0
402	Q0	14717#0	0
403	Q0	42259#50	1
403	Q0	333480#14	1
403	Q0	333480#15	1
403	Q0	24957#1	1
403	Q0	24957#18	1
403	Q0	42259#46	0
403	Q0	11469#17	0
403	Q0	407668#14	0
403	Q0	134252#3	0
403	Q0	27196#1	0
404	Q0	18506#7	1
404	Q0	18506#9	1
404	Q0	3152#4	0
404	Q0	13911#7	0
404	Q0	165826#0	0
404	Q0	378673#4	0
404	Q0	3803#9	0
404	Q0	14113#4	0
404	Q0	63081#13	0
404	Q0	107316#31	0
406	Q0	112367#0	1
406	Q0	225385#0	1
406	Q0	208498#0	1
406	Q0	3543#0	0
406	Q0	2976#1	0
406	Q0	3794#7	0
406	Q0	1128#3	0
406	Q0	2493071#0	0
406	Q0	81282#0	0
406	Q0	130733#1	0
407	Q0	33#28	1
407	Q0	33#51	1
407	Q0	48498#1	1
407	Q0	13999#10	1
407	Q0	295372#2	1
407	Q0	33#3	0
407	Q0	33#43	0
407	Q0	33#0	0
407	Q0	325681#0	0
407	Q0	6276#31	0
408	Q0	39327#0	1
408	Q0	130102#0	1
408	Q0	9889#1	0
408	Q0	39327#1	0
408	Q0	39327#2	0
408	Q0	15556#3	0
408	Q0	24418#26	0
408	Q0	61020#23	0
408	Q0	144163#9	0
408	Q0	2788#29	0
410	Q0	50812#0	1
410	Q0	329860#0	1
410	Q0	39806#13	1
410	Q0	329860#2	1
410	Q0	217580#3	0
410	Q0	135385#0	0
410	Q0	329860#3	0
410	Q0	329860#1	0
410	Q0	3817#44	0
410	Q0	3817#45	0
412	Q0	358469#13	1
412	Q0	157597#18	1
412	Q0	157597#20	1
412	Q0	157597#19	1
412	Q0	358469#0	0
412	Q0	358469#15	0
412	Q0	358469#2	0
412	Q0	358469#31	0
412	Q0	358469#11	0
412	Q0	358469#14	0
413	Q0	13520#32	1
413	Q0	13520#5	0
413	Q0	13520#0	0
413	Q0	13520#4	0
413	Q0	13520#25	0
413	Q0	13520#17	0
413	Q0	13520#35	0
413	Q0	13520#18	0
413	Q0	328495#0	0
413	Q0	13520#10	0
414	Q0	254274#1	1
414	Q0	4599#0	1
414	Q0	65127#0	0
414	Q0	4599#1	0
414	Q0	277191#0	0
414	Q0	4599#4	0
414	Q0	254274#2	0
414	Q0	4599#2	0
414	Q0	112642#0	0
414	Q0	838#17	0
416	Q0	65589#0	1
416	Q0	23699#31	1
416	Q0	314904#0	1
416	Q0	22931#0	0
416	Q0	22931#1	0
416	Q0	22931#9	0
416	Q0	66677#7	0
416	Q0	180819#0	0
416	Q0	22931#2	0
416	Q0	22931#16	0
417	Q0	375396#4	1
417	Q0	118576#7	0
417	Q0	272225#0	0
417	Q0	110218#1	0
417	Q0	313823#26	0
417	Q0	110218#4	0
417	Q0	268738#5	0
417	Q0	4043#4	0
417	Q0	56712#0	0
417	Q0	110156#2	0
418	Q0	6617#55	1
418	Q0	45788#19	1
418	Q0	709#31	1
418	Q0	45788#2	0
418	Q0	45569#0	0
418	Q0	45788#24	0
418	Q0	709#2	0
418	Q0	35368#28	0
418	Q0	6617#56	0
418	Q0	45569#59	0
420	Q0	23699#32	1
420	Q0	357656#0	1
420	Q0	440187#0	1
420	Q0	11533#5	0
420	Q0	252763#16	0
420	Q0	262009#26	0
420	Q0	64679#2	0
420	Q0	357656#1	0
420	Q0	22931#9	0
420	Q0	240874#8	0
421	Q0	125550#1	1
421	Q0	145764#2	1
421	Q0	36070#1	0
421	Q0	43772#1	0
421	Q0	297656#1	0
421	Q0	19003#28	0
421	Q0	198497#11	0
421	Q0	4056#14	0
421	Q0	78459#18	0
421	Q0	48345#0	0
422	Q0	4777#0	1
422	Q0	203151#0	1
422	Q0	4777#30	1
422	Q0	283156#9	0
422	Q0	279298#10	0
422	Q0	4777#18	0
422	Q0	152626#0	0
422	Q0	279282#1	0
422	Q0	3468#0	0
422	Q0	46797#0	0
424	Q0	13016#0	1
424	Q0	13016#3	1
424	Q0	18743#0	0
424	Q0	365564#5	0
424	Q0	1101#2	0
424	Q0	217549#2	0
424	Q0	1101#27	0
424	Q0	7118#2	0
424	Q0	247322#2	0
424	Q0	838#17	0
426	Q0	18613#35	1
426	Q0	260409#0	1
426	Q0	413287#3	1
426	Q0	85082#0	1
426	Q0	394570#1	0
426	Q0	18613#1	0
426	Q0	12572#4	0
426	Q0	20364#5	0
426	Q0	18613#11	0
426	Q0	12723#86	0
428	Q0	2716#1	1
428	Q0	2716#10	0
428	Q0	66213#0	0
428	Q0	111171#0	0
428	Q0	110133#0	0
428	Q0	110371#0	0
428	Q0	278271#6	0
428	Q0	274783#2	0
428	Q0	110370#0	0
428	Q0	69304#0	0
430	Q0	380698#0	1
430	Q0	380698#13	1
430	Q0	380698#9	1
430	Q0	380698#10	1
430	Q0	380698#8	1
430	Q0	380698#3	1
430	Q0	380698#22	0
430	Q0	380698#6	0
430	Q0	380698#20	0
430	Q0	380698#23	0
431	Q0	112116#44	1
431	Q0	112116#0	1
431	Q0	112116#30	1
431	Q0	112116#45	1
431	Q0	112116#4	0
431	Q0	112116#39	0
431	Q0	112116#32	0
431	Q0	434116#28	0
431	Q0	112116#21	0
431	Q0	112116#33	0
432	Q0	2692729#9	1
432	Q0	46591#1	0
432	Q0	219773#0	0
432	Q0	219773#20	0
432	Q0	3992#12	0
432	Q0	71507#2	0
432	Q0	134503#0	0
432	Q0	124610#7	0
432	Q0	25998#11	0
432	Q0	33725#10	0
433	Q0	44#15	1
433	Q0	50#16	1
433	Q0	3282#0	1
433	Q0	13088#14	1
433	Q0	3282#16	0
433	Q0	3282#15	0
433	Q0	57987#12	0
433	Q0	178227#3	0
433	Q0	3282#22	0
433	Q0	286293#3	0
434	Q0	258960#0	1
434	Q0	6364#1	0
434	Q0	4642#0	0
434	Q0	258631#0	0
434	Q0	270592#6	0
434	Q0	365564#6	0
434	Q0	134687#0	0
434	Q0	4399#19	0
434	Q0	4642#2	0
434	Q0	4650#2	0
435	Q0	23449#7	1
435	Q0	942#1	1
435	Q0	4422#19	0
435	Q0	4648#15	0
435	Q0	54271#28	0
435	Q0	20723#0	0
435	Q0	4653#4	0
435	Q0	6207#16	0
435	Q0	16172#18	0
435	Q0	4168#10	0
436	Q0	4061#40	1
436	Q0	4061#36	1
436	Q0	4061#64	1
436	Q0	97513#1	0
436	Q0	1101#30	0
436	Q0	4235#22	0
436	Q0	4070#30	0
436	Q0	59306#0	0
436	Q0	88272#6	0
436	Q0	64969#0	0
437	Q0	382174#1	1
437	Q0	26287#0	1
437	Q0	4161#29	1
437	Q0	4161#1	1
437	Q0	54133#0	0
437	Q0	26289#0	0
437	Q0	4020#9	0
437	Q0	86487#1	0
437	Q0	202888#1	0
437	Q0	26288#0	0
438	Q0	8963#39	1
438	Q0	10793#15	0
438	Q0	735#4	0
438	Q0	8963#25	0
438	Q0	735#5	0
438	Q0	261008#3	0
438	Q0	10793#4	0
438	Q0	8963#30	0
438	Q0	261008#1	0
438	Q0	154769#1	0
440	Q0	62101#0	1
440	Q0	6276#61	0
440	Q0	16733#0	0
440	Q0	6276#8	0
440	Q0	6276#0	0
440	Q0	6276#55	0
440	Q0	6276#6	0
440	Q0	6276#57	0
440	Q0	6276#47	0
440	Q0	6276#1	0
441	Q0	300129#29	1
441	Q0	300129#27	1
441	Q0	389826#7	1
441	Q0	82247#4	0
441	Q0	202308#0	0
441	Q0	44#66	0
441	Q0	79075#28	0
441	Q0	300129#31	0
441	Q0	141574#24	0
441	Q0	122963#17	0
442	Q0	26078#0	1
442	Q0	1101#19	1
442	Q0	239238#5	1
442	Q0	15855#2	1
442	Q0	1041#5	1
442	Q0	4956#3	0
442	Q0	16836#1	0
442	Q0	13011#2	0
442	Q0	56592#10	0
442	Q0	4490#9	0
443	Q0	124862#0	1
443	Q0	124862#5	1
443	Q0	146016#4	0
443	Q0	70939#7	0
443	Q0	65893#5	0
443	Q0	146016#0	0
443	Q0	281823#25	0
443	Q0	32427#13	0
443	Q0	82433#11	0
443	Q0	146016#1	0
444	Q0	81438#0	1
444	Q0	22925#14	1
444	Q0	81438#5	0
444	Q0	81438#2	0
444	Q0	3817#7	0
444	Q0	81282#0	0
444	Q0	92512#0	0
444	Q0	113557#6	0
444	Q0	226434#0	0
444	Q0	27013#12	0
445	Q0	195172#2	1
445	Q0	199554#0	1
445	Q0	195172#0	1
445	Q0	195172#6	1
445	Q0	195172#7	1
445	Q0	195172#5	0
445	Q0	195172#3	0
445	Q0	48818#1	0
445	Q0	195172#1	0
445	Q0	48830#66	0
446	Q0	43675#0	1
446	Q0	122025#0	0
446	Q0	296102#0	0
446	Q0	43675#1	0
446	Q0	46613#0	0
446	Q0	37422#0	0
446	Q0	110374#0	0
446	Q0	41473#0	0
446	Q0	296051#0	0
446	Q0	296103#0	0
447	Q0	1020#4	1
447	Q0	44#6	1
447	Q0	347911#28	1
447	Q0	44968#2	0
447	Q0	1095#19	0
447	Q0	1020#0	0
447	Q0	56192#6	0
447	Q0	876#6	0
447	Q0	132738#8	0
447	Q0	1020#3	0
449	Q0	4650#1	1
449	Q0	79278#0	1
449	Q0	18743#0	1
449	Q0	4650#0	0
449	Q0	4650#2	0
449	Q0	14059#1	0
449	Q0	108583#1	0
449	Q0	21575#2	0
449	Q0	32507#47	0
449	Q0	3473#35	0
451	Q0	4041#0	1
451	Q0	6721#2	1
451	Q0	3777#23	1
451	Q0	4812#14	1
451	Q0	4039#2	1
451	Q0	42986#2	0
451	Q0	4812#0	0
451	Q0	202887#2	0
451	Q0	4040#0	0
451	Q0	4039#24	0
452	Q0	109380#1	1
452	Q0	56859#0	1
452	Q0	109380#0	1
452	Q0	109380#5	0
452	Q0	2703#22	0
452	Q0	4555#0	0
452	Q0	133726#4	0
452	Q0	4555#1	0
452	Q0	109380#2	0
452	Q0	133726#12	0
453	Q0	46163#10	1
453	Q0	221532#0	1
453	Q0	40109#1	0
453	Q0	64362#11	0
453	Q0	419388#0	0
453	Q0	32306#2	0
453	Q0	20517#3	0
453	Q0	3235#7	0
453	Q0	208747#7	0
453	Q0	378832#1	0
454	Q0	303151#0	1
454	Q0	30656#2	0
454	Q0	323591#0	0
454	Q0	300738#0	0
454	Q0	269576#0	0
454	Q0	30656#1	0
454	Q0	302520#0	0
454	Q0	306796#0	0
454	Q0	30656#12	0
454	Q0	211490#4	0
456	Q0	229164#0	1
456	Q0	1018#11	0
456	Q0	229164#1	0
456	Q0	207993#2	0
456	Q0	288774#0	0
456	Q0	233968#0	0
456	Q0	442028#4	0
456	Q0	13614#2	0
456	Q0	52585#4	0
456	Q0	415574#1	0
457	Q0	22926#0	1
457	Q0	23699#17	1
457	Q0	264634#1	1
457	Q0	106125#0	1
457	Q0	22926#2	0
457	Q0	58128#16	0
457	Q0	33176#63	0
457	Q0	264634#0	0
457	Q0	22930#1	0
457	Q0	264634#6	0
459	Q0	14479#1	1
459	Q0	14479#2	0
459	Q0	14479#4	0
459	Q0	234235#0	0
459	Q0	77581#1	0
459	Q0	226091#1	0
459	Q0	12582#0	0
459	Q0	281728#1	0
459	Q0	12478#1	0
459	Q0	14479#9	0
460	Q0	4425#29	1
460	Q0	4509#0	1
460	Q0	4425#27	1
460	Q0	4425#4	0
460	Q0	4425#0	0
460	Q0	283534#0	0
460	Q0	39285#4	0
460	Q0	39285#3	0
460	Q0	4425#6	0
460	Q0	4425#5	0
461	Q0	51358#10	1
461	Q0	204754#2	1
461	Q0	51358#1	1
461	Q0	51358#11	1
461	Q0	51358#12	1
461	Q0	51358#4	0
461	Q0	51358#9	0
461	Q0	51358#7	0
461	Q0	51358#3	0
461	Q0	51358#6	0
462	Q0	348589#0	1
462	Q0	348589#8	0
462	Q0	348589#23	0
462	Q0	348589#7	0
462	Q0	348589#9	0
462	Q0	254968#11	0
462	Q0	348589#17	0
462	Q0	348589#20	0
462	Q0	348589#12	0
462	Q0	254968#10	0
463	Q0	22072#18	1
463	Q0	22072#19	1
463	Q0	22072#12	1
463	Q0	22072#14	0
463	Q0	22072#3	0
463	Q0	22072#21	0
463	Q0	22072#7	0
463	Q0	85310#44	0
463	Q0	20912#40	0
463	Q0	22072#4	0
465	Q0	41974#0	1
465	Q0	41974#4	1
465	Q0	41974#9	1
465	Q0	41974#12	0
465	Q0	41974#11	0
465	Q0	41974#1	0
465	Q0	41974#3	0
465	Q0	41974#10	0
465	Q0	41974#8	0
465	Q0	148152#2	0
468	Q0	4422#13	1
468	Q0	16641#2	1
468	Q0	4422#9	1
468	Q0	90369#6	0
468	Q0	205332#2	0
468	Q0	48962#16	0
468	Q0	44231#0	0
468	Q0	120596#8	0
468	Q0	68687#1	0
468	Q0	15660#42	0
469	Q0	149231#0	1
469	Q0	149231#2	1
469	Q0	160482#16	1
469	Q0	149231#4	1
469	Q0	105206#25	0
469	Q0	86757#15	0
469	Q0	105208#4	0
469	Q0	149231#3	0
469	Q0	147785#5	0
469	Q0	250188#2	0
470	Q0	12417#1	1
470	Q0	12417#3	1
470	Q0	304910#0	1
470	Q0	12184#53	0
470	Q0	12419#0	0
470	Q0	12442#6	0
470	Q0	409671#2	0
470	Q0	12184#13	0
470	Q0	12184#0	0
470	Q0	12417#20	0
472	Q0	1026#0	1
472	Q0	1026#7	1
472	Q0	255565#0	1
472	Q0	255535#0	1
472	Q0	68975#1	1
472	Q0	1026#17	1
472	Q0	4606#0	1
472	Q0	41771#0	0
472	Q0	1026#28	0
472	Q0	1026#16	0
473	Q0	6770#0	1
473	Q0	23424#0	1
473	Q0	23424#4	0
473	Q0	942#37	0
473	Q0	235369#0	0
473	Q0	942#26	0
473	Q0	4642#0	0
473	Q0	19081#29	0
473	Q0	101772#0	0
473	Q0	4673#0	0
474	Q0	271982#1	1
474	Q0	6545#2	0
474	Q0	315632#0	0
474	Q0	90401#0	0
474	Q0	318991#6	0
474	Q0	48959#1	0
474	Q0	318991#1	0
474	Q0	49002#1	0
474	Q0	318972#2	0
474	Q0	318991#4	0
475	Q0	443217#0	1
475	Q0	36894#0	1
475	Q0	344618#28	1
475	Q0	69123#0	0
475	Q0	344618#36	0
475	Q0	344618#0	0
475	Q0	206397#0	0
475	Q0	344618#50	0
475	Q0	344618#3	0
475	Q0	344618#48	0
477	Q0	12525#27	1
477	Q0	18611#0	1
477	Q0	12525#29	0
477	Q0	43918#0	0
477	Q0	19695#19	0
477	Q0	18611#29	0
477	Q0	18611#4	0
477	Q0	841#7	0
477	Q0	12526#5	0
477	Q0	374325#0	0
479	Q0	382154#0	1
479	Q0	1#5	1
479	Q0	117995#0	1
479	Q0	75788#0	0
479	Q0	6463#12	0
479	Q0	20987#3	0
479	Q0	1#0	0
479	Q0	24160#0	0
479	Q0	264521#0	0
479	Q0	370945#25	0
481	Q0	250958#3	1
481	Q0	109616#13	1
481	Q0	202746#31	1
481	Q0	2337771#0	1
481	Q0	2337771#4	1
481	Q0	2337771#7	1
481	Q0	2337771#1	1
481	Q0	202746#19	0
481	Q0	202545#0	0
481	Q0	202746#18	0
481	Q0	202746#26	0
481	Q0	247940#0	0
481	Q0	357656#0	0
481	Q0	202746#22	0
481	Q0	2337771#8	0
482	Q0	13852#0	1
482	Q0	263431#16	1
482	Q0	22892#1	0
482	Q0	12365#3	0
482	Q0	433155#31	0
482	Q0	433155#28	0
482	Q0	273083#0	0
482	Q0	320040#0	0
482	Q0	1769664#8	0
482	Q0	216897#0	0
483	Q0	13198#18	1
483	Q0	43625#18	1
483	Q0	13198#35	1
483	Q0	365162#2	0
483	Q0	13219#1	0
483	Q0	35451#1	0
483	Q0	205337#1	0
483	Q0	158612#2	0
483	Q0	132135#2	0
483	Q0	251353#0	0
484	Q0	165704#3	1
484	Q0	165704#1	1
484	Q0	165704#2	1
484	Q0	2174831#0	1
484	Q0	2174831#2	1
484	Q0	13135#3	0
484	Q0	165704#12	0
484	Q0	165704#0	0
484	Q0	79372#10	0
484	Q0	22426#0	0
484	Q0	165704#9	0
484	Q0	7896#16	0
485	Q0	42786#11	1
485	Q0	42783#3	1
485	Q0	42783#17	1
485	Q0	42786#12	0
485	Q0	42783#35	0
485	Q0	42783#23	0
485	Q0	42783#6	0
485	Q0	42783#0	0
485	Q0	42783#21	0
485	Q0	42786#10	0
487	Q0	15042#2	1
487	Q0	236426#1	1
487	Q0	58851#0	0
487	Q0	236426#27	0
487	Q0	236426#66	0
487	Q0	437782#11	0
487	Q0	361412#1	0
487	Q0	11611#2	0
487	Q0	236426#33	0
487	Q0	215834#2	0
490	Q0	134275#5	1
490	Q0	134275#3	1
490	Q0	134275#2	1
490	Q0	22751#4	0
490	Q0	23952#7	0
490	Q0	134275#4	0
490	Q0	134275#1	0
490	Q0	22751#2	0
490	Q0	36476#12	0
490	Q0	135604#7	0
491	Q0	127689#0	1
491	Q0	9260#20	1
491	Q0	9260#21	1
491	Q0	9260#1	1
491	Q0	9260#27	1
491	Q0	127693#0	0
491	Q0	9260#29	0
491	Q0	34621#0	0
491	Q0	2930#0	0
491	Q0	2930#4	0
493	Q0	258317#0	1
493	Q0	66672#0	0
493	Q0	4524#0	0
493	Q0	14704#1	0
493	Q0	37402#0	0
493	Q0	66672#1	0
493	Q0	37274#0	0
493	Q0	3324#9	0
493	Q0	84608#0	0
493	Q0	81282#0	0
495	Q0	29406#0	1
495	Q0	29406#1	1
495	Q0	29406#6	1
495	Q0	29406#5	1
495	Q0	126478#5	0
495	Q0	126478#1	0
495	Q0	29406#3	0
495	Q0	131524#1	0
495	Q0	29406#2	0
495	Q0	3803#10	0
495	Q0	7206#17	0
495	Q0	378387#0	0
495	Q0	29406#7	0
498	Q0	30614#13	1
498	Q0	30614#3	1
498	Q0	30614#12	1
498	Q0	30614#11	0
498	Q0	30614#0	0
498	Q0	30614#6	0
498	Q0	30614#9	0
498	Q0	30614#7	0
498	Q0	30614#5	0
498	Q0	55457#4	0
499	Q0	326211#0	1
499	Q0	7903#0	1
499	Q0	326198#1	0
499	Q0	7903#27	0
499	Q0	43769#0	0
499	Q0	286764#24	0
499	Q0	118848#33	0
499	Q0	7903#19	0
499	Q0	241655#0	0
500	Q0	34083#11	1
500	Q0	183671#4	1
500	Q0	209403#3	1
500	Q0	91019#0	1
500	Q0	266999#45	1
500	Q0	47840#30	0
500	Q0	62329#11	0
500	Q0	175908#1	0
500	Q0	325414#2	0
500	Q0	86253#1	0
503	Q0	198260#2	1
503	Q0	13166#1	1
503	Q0	13166#2	1
503	Q0	333404#1	1
503	Q0	13166#8	0
503	Q0	6760#54	0
503	Q0	13166#14	0
503	Q0	13166#4	0
503	Q0	13166#15	0
503	Q0	13166#5	0
504	Q0	10241#5	1
504	Q0	10241#0	1
504	Q0	10241#19	0
504	Q0	10241#7	0
504	Q0	10241#29	0
504	Q0	10241#33	0
504	Q0	10241#8	0
504	Q0	10241#11	0
504	Q0	10241#13	0
504	Q0	10241#22	0
505	Q0	57023#1	1
505	Q0	55624#2	1
505	Q0	57023#0	1
505	Q0	398799#0	0
505	Q0	55624#1	0
505	Q0	55624#4	0
505	Q0	261918#2	0
505	Q0	360652#2	0
505	Q0	89992#0	0
505	Q0	406653#0	0
507	Q0	337250#0	1
507	Q0	61759#53	1
507	Q0	62210#0	0
507	Q0	63008#0	0
507	Q0	62479#0	0
507	Q0	135500#0	0
507	Q0	135499#0	0
507	Q0	195673#0	0
507	Q0	135503#0	0
507	Q0	195677#0	0
509	Q0	246356#14	1
509	Q0	198265#1	1
509	Q0	24421#13	1
509	Q0	24421#0	1
509	Q0	24421#9	1
509	Q0	75648#4	1
509	Q0	24421#17	0
509	Q0	439297#1	0
509	Q0	24421#12	0
509	Q0	24421#14	0
510	Q0	50238#9	1
510	Q0	44742#12	1
510	Q0	44742#0	1
510	Q0	44742#13	0
510	Q0	44742#9	0
510	Q0	44742#14	0
510	Q0	44742#15	0
510	Q0	44742#1	0
510	Q0	44742#7	0
510	Q0	44742#8	0
512	Q0	390260#0	1
512	Q0	1046#44	1
512	Q0	1046#56	1
512	Q0	1046#28	1
512	Q0	1046#27	1
512	Q0	1046#29	1
512	Q0	1046#30	1
512	Q0	1046#0	1
512	Q0	1046#67	0
512	Q0	1046#23	0
513	Q0	324955#2	1
513	Q0	10627#61	1
513	Q0	71431#25	0
513	Q0	17315#10	0
513	Q0	308318#3	0
513	Q0	308318#0	0
513	Q0	91777#3	0
513	Q0	10627#22	0
513	Q0	209837#7	0
513	Q0	146730#2	0
513	Q0	71431#4	0
513	Q0	71431#0	0
514	Q0	27356#3	1
514	Q0	6276#8	0
514	Q0	6276#0	0
514	Q0	54#21	0
514	Q0	6276#58	0
514	Q0	6276#74	0
514	Q0	6276#55	0
514	Q0	6276#1	0
514	Q0	3107#50	0
514	Q0	10924#36	0
515	Q0	4183#0	1
515	Q0	4183#17	1
515	Q0	4140#27	1
515	Q0	4183#9	1
515	Q0	71440#0	1
515	Q0	4188#2	0
515	Q0	65151#1	0
515	Q0	4183#8	0
515	Q0	4183#11	0
515	Q0	55417#0	0
517	Q0	300527#0	1
517	Q0	181246#2	1
517	Q0	3108#38	1
517	Q0	181246#0	0
517	Q0	320893#6	0
517	Q0	81282#0	0
517	Q0	3324#9	0
517	Q0	84608#0	0
517	Q0	226434#0	0
517	Q0	243585#0	0
519	Q0	31035#14	1
519	Q0	31035#0	0
519	Q0	31035#15	0
519	Q0	124532#5	0
519	Q0	31035#17	0
519	Q0	34929#11	0
519	Q0	31035#20	0
519	Q0	31035#4	0
519	Q0	34929#9	0
519	Q0	34929#10	0
520	Q0	16233#0	1
520	Q0	78230#4	1
520	Q0	31915#0	1
520	Q0	32347#3	0
520	Q0	16233#2	0
520	Q0	16233#6	0
520	Q0	16233#1	0
520	Q0	78230#1	0
520	Q0	31915#41	0
520	Q0	16233#4	0
522	Q0	2835#73	1
522	Q0	790#1	1
522	Q0	2835#86	1
522	Q0	2835#49	0
522	Q0	2835#28	0
522	Q0	2835#44	0
522	Q0	2835#2	0
522	Q0	2835#60	0
522	Q0	2835#43	0
522	Q0	396668#48	0
523	Q0	270513#2	1
523	Q0	39447#2	1
523	Q0	39447#4	1
523	Q0	5078#1	1
523	Q0	36262#5	0
523	Q0	244145#0	0
523	Q0	16428#18	0
523	Q0	829#0	0
523	Q0	30660#7	0
523	Q0	799#0	0
524	Q0	8597#2	1
524	Q0	8597#8	1
524	Q0	8597#10	1
524	Q0	16136#53	0
524	Q0	296207#7	0
524	Q0	19003#28	0
524	Q0	296207#15	0
524	Q0	8597#9	0
524	Q0	60507#5	0
524	Q0	68346#2	0
526	Q0	209311#0	1
526	Q0	16541#0	1
526	Q0	193732#0	1
526	Q0	16541#1	1
526	Q0	209310#1	0
526	Q0	17027#2	0
526	Q0	244997#2	0
526	Q0	2529195#0	0
526	Q0	81282#0	0
526	Q0	739#35	0
527	Q0	276746#94	1
527	Q0	15961#0	1
527	Q0	2641#2	1
527	Q0	2641#0	1
527	Q0	429709#4	0
527	Q0	15961#1	0
527	Q0	3399#0	0
527	Q0	226434#0	0
527	Q0	1848939#0	0
527	Q0	81282#0	0
528	Q0	406791#6	1
528	Q0	406791#7	0
528	Q0	406791#11	0
528	Q0	400385#4	0
528	Q0	151903#0	0
528	Q0	12057#1	0
528	Q0	360033#0	0
528	Q0	151918#2	0
528	Q0	11467#1	0
528	Q0	151785#0	0
529	Q0	440091#0	1
529	Q0	426871#0	0
529	Q0	45359#0	0
529	Q0	37234#3	0
529	Q0	301420#0	0
529	Q0	433097#0	0
529	Q0	43128#0	0
529	Q0	37234#42	0
529	Q0	440107#0	0
529	Q0	199330#1	0
530	Q0	13661#4	1
530	Q0	18090#1	1
530	Q0	18090#2	1
530	Q0	324936#3	1
530	Q0	18090#4	1
530	Q0	13661#3	1
530	Q0	126522#40	0
530	Q0	269409#8	0
530	Q0	43315#0	0
530	Q0	441849#7	0
531	Q0	98106#1	1
531	Q0	98106#2	1
531	Q0	81566#25	1
531	Q0	81566#27	1
531	Q0	98106#4	0
531	Q0	71192#2	0
531	Q0	34873#0	0
531	Q0	98106#3	0
531	Q0	71191#0	0
531	Q0	98106#10	0
532	Q0	9509#0	1
532	Q0	318200#7	1
532	Q0	1041#9	1
532	Q0	12980#74	1
532	Q0	9509#11	0
532	Q0	9491#2	0
532	Q0	36754#4	0
532	Q0	12980#40	0
532	Q0	9509#2	0
532	Q0	9509#1	0
533	Q0	59156#2	1
533	Q0	21873#15	1
533	Q0	153624#0	1
533	Q0	153153#0	1
533	Q0	25016#0	0
533	Q0	56564#0	0
533	Q0	21873#17	0
533	Q0	153687#0	0
533	Q0	21873#16	0
533	Q0	21873#4	0
534	Q0	21194#11	1
534	Q0	1086472#3	1
534	Q0	236412#8	0
534	Q0	320047#5	0
534	Q0	17#27	0
534	Q0	266794#2	0
534	Q0	126644#26	0
534	Q0	202308#0	0
534	Q0	188001#13	0
534	Q0	236412#9	0
535	Q0	71879#0	1
535	Q0	71879#12	1
535	Q0	71879#16	1
535	Q0	207597#0	1
535	Q0	72259#30	0
535	Q0	273759#13	0
535	Q0	273759#2	0
535	Q0	74810#0	0
535	Q0	71879#14	0
535	Q0	23723#56	0
536	Q0	157486#0	1
536	Q0	33176#124	1
536	Q0	261471#0	1
536	Q0	224858#0	1
536	Q0	4521#0	0
536	Q0	84487#1	0
536	Q0	838#17	0
536	Q0	13147#9	0
536	Q0	2713590#0	0
536	Q0	375620#0	0
537	Q0	12561#42	1
537	Q0	12561#43	1
537	Q0	12561#40	1
537	Q0	12561#45	1
537	Q0	12561#30	0
537	Q0	12561#61	0
537	Q0	12561#41	0
537	Q0	251231#1	0
537	Q0	111205#1	0
537	Q0	12561#33	0
538	Q0	106654#0	1
538	Q0	405745#1	1
538	Q0	46465#14	1
538	Q0	18600#0	0
538	Q0	405745#2	0
538	Q0	16097#6	0
538	Q0	264620#3	0
538	Q0	16097#8	0
538	Q0	22537#19	0
538	Q0	16097#0	0
540	Q0	431084#1	1
540	Q0	421788#9	1
540	Q0	63829#2	1
540	Q0	43475#0	0
540	Q0	20308#5	0
540	Q0	43473#0	0
540	Q0	16242#2	0
540	Q0	431084#5	0
540	Q0	431084#4	0
540	Q0	4403#7	0
542	Q0	338506#3	1
542	Q0	134488#12	1
542	Q0	356390#5	0
542	Q0	356390#45	0
542	Q0	356390#0	0
542	Q0	356390#23	0
542	Q0	6750#8	0
542	Q0	324286#1	0
542	Q0	3399#0	0
542	Q0	401200#5	0
545	Q0	3811#1	1
545	Q0	3811#14	1
545	Q0	3811#7	1
545	Q0	3811#0	1
545	Q0	3811#11	1
545	Q0	3811#12	1
545	Q0	78401#0	0
545	Q0	3811#9	0
545	Q0	284739#0	0
545	Q0	27621#55	0
546	Q0	66768#0	1
546	Q0	66767#0	0
546	Q0	2811#0	0
546	Q0	2811#1	0
546	Q0	208246#1	0
546	Q0	36639#43	0
546	Q0	331692#2	0
546	Q0	310840#3	0
546	Q0	66770#0	0
546	Q0	60586#1	0
547	Q0	40#32	1
547	Q0	40#47	1
547	Q0	40#16	1
547	Q0	40#33	1
547	Q0	413598#0	1
547	Q0	40#0	0
547	Q0	40#37	0
547	Q0	40#14	0
547	Q0	400758#30	0
547	Q0	40#35	0
548	Q0	6269#5	1
548	Q0	3884#0	1
548	Q0	70#0	1
548	Q0	378488#10	1
548	Q0	2648#18	0
548	Q0	81282#0	0
548	Q0	2165821#1	0
548	Q0	84608#0	0
548	Q0	40517#46	0
548	Q0	226434#0	0
549	Q0	54457#6	1
549	Q0	4089#8	1
549	Q0	54457#1	1
549	Q0	54474#0	1
549	Q0	410074#1	1
549	Q0	54457#0	0
549	Q0	159863#0	0
549	Q0	54457#3	0
549	Q0	159872#0	0
549	Q0	54469#0	0
550	Q0	333473#3	1
550	Q0	159476#0	0
550	Q0	838#17	0
550	Q0	80075#0	0
550	Q0	615420#24	0
550	Q0	79862#0	0
550	Q0	336909#6	0
550	Q0	336564#0	0
550	Q0	160120#0	0
550	Q0	110770#0	0
551	Q0	6276#57	1
551	Q0	6276#2	1
551	Q0	127449#73	1
551	Q0	62101#0	1
551	Q0	6276#40	1
551	Q0	6276#55	0
551	Q0	6276#61	0
551	Q0	6276#58	0
551	Q0	6276#44	0
551	Q0	6276#9	0
553	Q0	121664#9	1
553	Q0	121664#6	0
553	Q0	121664#1	0
553	Q0	121645#9	0
553	Q0	121648#7	0
553	Q0	121669#1	0
553	Q0	121664#7	0
553	Q0	121648#1	0
553	Q0	423865#1	0
553	Q0	438465#2	0
554	Q0	9262#14	1
554	Q0	3885#14	1
554	Q0	9262#6	1
554	Q0	9262#18	1
554	Q0	9262#16	1
554	Q0	9262#0	1
554	Q0	9262#7	1
554	Q0	9262#3	1
554	Q0	9262#5	1
554	Q0	33257#2	0
554	Q0	123949#0	0
554	Q0	3473#29	0
554	Q0	9262#13	0
554	Q0	45436#13	0
556	Q0	22924#17	1
556	Q0	220971#0	1
556	Q0	441394#3	1
556	Q0	22924#53	0
556	Q0	372334#1	0
556	Q0	22924#2	0
556	Q0	372334#3	0
556	Q0	22924#69	0
556	Q0	22924#4	0
556	Q0	22924#38	0
557	Q0	252375#13	1
557	Q0	252375#0	1
557	Q0	252375#22	1
557	Q0	252375#16	1
557	Q0	252375#12	0
557	Q0	252375#15	0
557	Q0	252375#9	0
557	Q0	252375#2	0
557	Q0	252375#11	0
557	Q0	252375#8	0
560	Q0	272272#2	1
560	Q0	272272#0	1
560	Q0	272272#1	1
560	Q0	122602#1	1
560	Q0	122602#13	1
560	Q0	122602#0	1
560	Q0	272272#3	0
560	Q0	309216#12	0
560	Q0	122602#3	0
560	Q0	37004#9	0
561	Q0	109243#1	1
561	Q0	48152#2	1
561	Q0	21558#42	1
561	Q0	21545#28	1
561	Q0	21558#38	1
561	Q0	318266#11	0
561	Q0	33814#3	0
561	Q0	146730#2	0
561	Q0	385851#2	0
561	Q0	3235#4	0
562	Q0	325326#0	1
562	Q0	125663#0	1
562	Q0	24243#6	1
562	Q0	240868#32	1
562	Q0	77114#0	1
562	Q0	125663#1	1
562	Q0	82603#0	0
562	Q0	232610#0	0
562	Q0	7881#6	0
562	Q0	118761#26	0
564	Q0	422184#0	1
564	Q0	159332#0	1
564	Q0	291989#2	1
564	Q0	407037#31	0
564	Q0	69430#3	0
564	Q0	21009#0	0
564	Q0	84386#0	0
564	Q0	88024#0	0
564	Q0	3982#0	0
564	Q0	310840#3	0
565	Q0	22693#62	1
565	Q0	190435#8	1
565	Q0	29626#3	1
565	Q0	6578#11	1
565	Q0	271017#5	0
565	Q0	46554#6	0
565	Q0	127449#50	0
565	Q0	29622#4	0
565	Q0	83770#4	0
565	Q0	46554#0	0
566	Q0	176057#1	1
566	Q0	285881#10	1
566	Q0	299339#1	1
566	Q0	26756#0	1
566	Q0	152409#2	1
566	Q0	176057#7	1
566	Q0	29574#0	0
566	Q0	78316#1	0
566	Q0	81282#0	0
566	Q0	3803#9	0
569	Q0	127449#71	1
569	Q0	6276#2	1
569	Q0	27356#3	0
569	Q0	6276#57	0
569	Q0	6276#55	0
569	Q0	6276#61	0
569	Q0	6276#41	0
569	Q0	62101#0	0
569	Q0	6276#58	0
569	Q0	6276#44	0
570	Q0	395904#13	1
570	Q0	395904#0	1
570	Q0	395904#9	1
570	Q0	395904#12	0
570	Q0	395904#7	0
570	Q0	395904#1	0
570	Q0	395904#10	0
570	Q0	395904#6	0
570	Q0	395904#11	0
570	Q0	395904#3	0
572	Q0	10924#16	1
572	Q0	38795#1	1
572	Q0	3107#31	1
572	Q0	6276#6	1
572	Q0	3113#4	0
572	Q0	146326#0	0
572	Q0	196659#1	0
572	Q0	38795#2	0
572	Q0	10924#53	0
572	Q0	3107#13	0
573	Q0	36959#28	1
573	Q0	39152#48	1
573	Q0	39152#59	1
573	Q0	36959#13	0
573	Q0	230700#2	0
573	Q0	3089#6	0
573	Q0	224650#0	0
573	Q0	349548#20	0
573	Q0	136538#2	0
573	Q0	375071#0	0
574	Q0	49225#8	1
574	Q0	82#22	1
574	Q0	2930#6	1
574	Q0	2930#0	1
574	Q0	2930#3	1
574	Q0	3794#7	0
574	Q0	2930#4	0
574	Q0	118756#0	0
574	Q0	33480#1	0
574	Q0	153429#3	0
576	Q0	12754#26	1
576	Q0	12754#2	1
576	Q0	251445#0	0
576	Q0	12754#25	0
576	Q0	12754#28	0
576	Q0	12754#0	0
576	Q0	12754#22	0
576	Q0	12754#38	0
576	Q0	12754#44	0
576	Q0	12754#18	0
578	Q0	388017#1	1
578	Q0	4587#14	1
578	Q0	44817#8	1
578	Q0	44308#2	0
578	Q0	185171#0	0
578	Q0	84#31	0
578	Q0	365887#10	0
578	Q0	44817#20	0
578	Q0	49666#3	0
578	Q0	387728#26	0
579	Q0	16093#2	1
579	Q0	14000#20	1
579	Q0	18525#11	1
579	Q0	13705#22	1
579	Q0	42733#54	0
579	Q0	4373#41	0
579	Q0	17048#1	0
579	Q0	27693#0	0
579	Q0	290442#0	0
579	Q0	14000#1	0
579	Q0	16093#4	0
580	Q0	4086#29	1
580	Q0	157364#12	1
580	Q0	157435#3	1
580	Q0	157235#2	0
580	Q0	65387#1	0
580	Q0	157235#3	0
580	Q0	65376#7	0
580	Q0	157338#4	0
580	Q0	4086#30	0
580	Q0	157310#2	0
581	Q0	29574#7	1
581	Q0	26756#0	1
581	Q0	176057#1	1
581	Q0	142824#2	1
581	Q0	304288#0	1
581	Q0	304288#13	1
581	Q0	18794#74	0
581	Q0	78967#1	0
581	Q0	2959#12	0
581	Q0	1568187#7	0
581	Q0	81282#0	0
581	Q0	41353#35	0
581	Q0	304288#6	0
581	Q0	304288#3	0
581	Q0	304288#17	0
581	Q0	304288#5	0
582	Q0	12091#12	1
582	Q0	111919#4	1
582	Q0	274691#1	1
582	Q0	3086#7	1
582	Q0	45569#12	0
582	Q0	218556#0	0
582	Q0	12561#38	0
582	Q0	33176#80	0
582	Q0	208676#32	0
582	Q0	24971#2	0
583	Q0	6610#2	1
583	Q0	6610#1	1
583	Q0	6610#11	1
583	Q0	6610#13	1
583	Q0	32570#0	1
583	Q0	6610#12	1
583	Q0	4038#3	0
583	Q0	6610#6	0
583	Q0	6610#8	0
583	Q0	6610#20	0
584	Q0	252748#0	1
584	Q0	252748#3	1
584	Q0	2836#3	1
584	Q0	252748#5	0
584	Q0	252748#1	0
584	Q0	252748#2	0
584	Q0	329902#0	0
584	Q0	239388#68	0
584	Q0	2836#42	0
584	Q0	2836#12	0
585	Q0	88606#5	1
585	Q0	33176#135	1
585	Q0	44563#4	0
585	Q0	88606#2	0
585	Q0	36579#0	0
585	Q0	18440#5	0
585	Q0	6778#119	0
585	Q0	88606#7	0
585	Q0	6778#33	0
585	Q0	301427#1	0
586	Q0	72691#12	1
586	Q0	72691#11	1
586	Q0	72691#14	1
586	Q0	72691#6	0
586	Q0	72691#0	0
586	Q0	72691#1	0
586	Q0	72691#13	0
586	Q0	228583#4	0
586	Q0	72691#10	0
586	Q0	72691#9	0
587	Q0	235003#1	1
587	Q0	45059#1	1
587	Q0	232102#0	0
587	Q0	232102#16	0
587	Q0	232102#4	0
587	Q0	232102#1	0
587	Q0	232102#8	0
587	Q0	838#18	0
587	Q0	223743#5	0
587	Q0	323599#3	0
588	Q0	93758#7	1
588	Q0	93758#17	1
588	Q0	300380#0	0
588	Q0	93758#13	0
588	Q0	93758#10	0
588	Q0	93758#12	0
588	Q0	93758#0	0
588	Q0	385780#6	0
588	Q0	281284#0	0
588	Q0	93758#3	0
589	Q0	4436#59	1
589	Q0	207478#2	1
589	Q0	4436#41	0
589	Q0	199807#68	0
589	Q0	142145#0	0
589	Q0	795#17	0
589	Q0	40292#0	0
589	Q0	52117#0	0
589	Q0	26070#0	0
589	Q0	4436#45	0
590	Q0	57986#0	1
590	Q0	57986#2	1
590	Q0	4113#5	1
590	Q0	6728#0	0
590	Q0	406950#4	0
590	Q0	5011#10	0
590	Q0	57919#6	0
590	Q0	3881#6	0
590	Q0	68#7	0
590	Q0	57919#7	0
591	Q0	371133#7	1
591	Q0	428726#7	1
591	Q0	217431#1	0
591	Q0	284853#0	0
591	Q0	29587#13	0
591	Q0	403755#12	0
591	Q0	373662#0	0
591	Q0	151005#11	0
591	Q0	258200#0	0
591	Q0	254950#7	0
592	Q0	12723#65	1
592	Q0	4449#24	1
592	Q0	12723#79	0
592	Q0	23640#15	0
592	Q0	23640#8	0
592	Q0	338934#0	0
592	Q0	29917#5	0
592	Q0	80542#0	0
592	Q0	101543#0	0
592	Q0	94781#4	0
594	Q0	347945#0	1
594	Q0	347945#3	1
594	Q0	347945#2	0
594	Q0	347945#1	0
594	Q0	204856#0	0
594	Q0	61595#2	0
594	Q0	347903#0	0
594	Q0	85765#0	0
594	Q0	180731#2	0
594	Q0	26712#0	0
595	Q0	74181#7	1
595	Q0	143254#2	1
595	Q0	127449#82	1
595	Q0	101313#16	1
595	Q0	74181#12	0
595	Q0	45979#3	0
595	Q0	127449#83	0
595	Q0	146730#2	0
595	Q0	346163#19	0
595	Q0	78820#10	0
597	Q0	337628#42	1
597	Q0	16053#4	1
597	Q0	337628#45	1
597	Q0	408009#12	1
597	Q0	337628#21	1
597	Q0	337628#50	0
597	Q0	337628#0	0
597	Q0	337628#34	0
597	Q0	337628#53	0
597	Q0	337628#18	0
600	Q0	259936#0	1
600	Q0	245766#0	1
600	Q0	259936#1	0
600	Q0	245766#18	0
600	Q0	401721#0	0
600	Q0	413211#30	0
600	Q0	14631#18	0
600	Q0	236409#17	0
600	Q0	28115#9	0
600	Q0	313474#5	0
601	Q0	899#20	1
601	Q0	79236#5	1
601	Q0	84661#0	1
601	Q0	433617#5	1
601	Q0	6867#35	0
601	Q0	819#3	0
601	Q0	856#1	0
601	Q0	3022#28	0
601	Q0	84661#1	0
601	Q0	606619#4	0
602	Q0	197353#18	1
602	Q0	197353#13	1
602	Q0	233350#11	1
602	Q0	226157#12	0
602	Q0	197353#3	0
602	Q0	226157#13	0
602	Q0	233350#12	0
602	Q0	197353#14	0
602	Q0	226157#15	0
602	Q0	233350#14	0
603	Q0	4697#4	1
603	Q0	19598#0	1
603	Q0	176199#0	1
603	Q0	176197#0	0
603	Q0	23649#0	0
603	Q0	6972#0	0
603	Q0	176200#0	0
603	Q0	6972#6	0
603	Q0	6972#8	0
603	Q0	23648#0	0
604	Q0	833#4	1
604	Q0	752#25	1
604	Q0	752#42	1
604	Q0	752#9	0
604	Q0	3556#7	0
604	Q0	833#0	0
604	Q0	833#3	0
604	Q0	3794#7	0
604	Q0	116536#0	0
604	Q0	752#75	0
605	Q0	3794#2	1
605	Q0	226351#0	1
605	Q0	3399#0	0
605	Q0	81282#0	0
605	Q0	274498#0	0
605	Q0	226434#0	0
605	Q0	84608#0	0
605	Q0	13999#10	0
605	Q0	23992#0	0
605	Q0	212607#0	0
606	Q0	294369#18	1
606	Q0	316411#0	1
606	Q0	6342#1	0
606	Q0	16424#0	0
606	Q0	6342#0	0
606	Q0	4403#28	0
606	Q0	4510#9	0
606	Q0	6095#1	0
606	Q0	8337#0	0
606	Q0	270592#2	0
607	Q0	829#4	1
607	Q0	829#2	1
607	Q0	829#0	1
607	Q0	829#5	1
607	Q0	202183#0	1
607	Q0	799#0	0
607	Q0	5077#3	0
607	Q0	829#3	0
607	Q0	217604#2	0
607	Q0	36262#5	0
608	Q0	12109#1	1
608	Q0	12109#10	1
608	Q0	12109#0	0
608	Q0	12109#13	0
608	Q0	12109#7	0
608	Q0	12109#11	0
608	Q0	12109#18	0
608	Q0	11430#81	0
608	Q0	12109#9	0
608	Q0	12109#15	0
610	Q0	206265#0	1
610	Q0	206265#13	0
610	Q0	206265#1	0
610	Q0	206265#5	0
610	Q0	206265#7	0
610	Q0	206265#12	0
610	Q0	206265#4	0
610	Q0	206265#15	0
610	Q0	206265#14	0
610	Q0	206265#11	0
612	Q0	29022#23	1
612	Q0	29022#0	1
612	Q0	29022#11	1
612	Q0	14943#11	0
612	Q0	29022#1	0
612	Q0	29022#14	0
612	Q0	29022#21	0
612	Q0	29022#24	0
612	Q0	29022#10	0
612	Q0	29022#3	0
615	Q0	425901#0	1
615	Q0	51011#0	0
615	Q0	45342#0	0
615	Q0	121666#0	0
615	Q0	45342#16	0
615	Q0	121664#0	0
615	Q0	121670#0	0
615	Q0	428768#0	0
615	Q0	416068#9	0
615	Q0	437499#1	0
616	Q0	308338#0	1
616	Q0	308338#3	1
616	Q0	308338#1	0
616	Q0	308338#2	0
616	Q0	1018#11	0
616	Q0	81282#0	0
616	Q0	2036394#0	0
616	Q0	84608#0	0
616	Q0	324758#1	0
616	Q0	51428#0	0
618	Q0	21790#0	1
618	Q0	21790#1	1
618	Q0	21790#8	1
618	Q0	21790#2	1
618	Q0	21790#3	0
618	Q0	279531#0	0
618	Q0	21790#7	0
618	Q0	21790#9	0
618	Q0	269586#16	0
618	Q0	21790#6	0
619	Q0	13166#5	1
619	Q0	1003#25	1
619	Q0	13166#0	1
619	Q0	13166#10	0
619	Q0	13166#1	0
619	Q0	13166#15	0
619	Q0	13166#12	0
619	Q0	178678#0	0
619	Q0	13166#9	0
619	Q0	13166#6	0
620	Q0	143254#6	1
620	Q0	143254#8	1
620	Q0	143254#7	1
620	Q0	143254#10	1
620	Q0	143254#0	1
620	Q0	143254#4	0
620	Q0	143254#3	0
620	Q0	365768#2	0
620	Q0	377611#1	0
620	Q0	3022#28	0
621	Q0	72791#0	1
621	Q0	2739#33	1
621	Q0	253606#4	1
621	Q0	2739#2	1
621	Q0	29996#1	1
621	Q0	29996#0	0
621	Q0	16307#0	0
621	Q0	15923#14	0
621	Q0	25932#0	0
621	Q0	24655#3	0
624	Q0	19634#11	1
624	Q0	154009#3	1
624	Q0	154009#8	1
624	Q0	208376#2	1
624	Q0	19634#34	0
624	Q0	188673#1	0
624	Q0	19634#10	0
624	Q0	19634#12	0
624	Q0	142592#0	0
624	Q0	19922#0	0
625	Q0	153687#0	1
625	Q0	153701#0	1
625	Q0	21873#15	0
625	Q0	59156#2	0
625	Q0	153153#0	0
625	Q0	25016#0	0
625	Q0	21873#17	0
625	Q0	153098#1	0
625	Q0	21873#4	0
625	Q0	56564#0	0
627	Q0	344618#32	1
627	Q0	64631#0	0
627	Q0	345376#1	0
627	Q0	430140#7	0
627	Q0	397342#0	0
627	Q0	397251#4	0
627	Q0	2740#35	0
627	Q0	64631#2	0
627	Q0	64631#1	0
627	Q0	77828#0	0
629	Q0	23657#0	1
629	Q0	378425#5	1
629	Q0	69210#4	0
629	Q0	150522#0	0
629	Q0	254852#17	0
629	Q0	3803#10	0
629	Q0	892393#6	0
629	Q0	81282#1	0
629	Q0	429295#3	0
629	Q0	170842#1	0
631	Q0	66753#1	1
631	Q0	2961#10	0
631	Q0	225231#11	0
631	Q0	203617#30	0
631	Q0	473246#1	0
631	Q0	2958#9	0
631	Q0	81282#0	0
631	Q0	195685#6	0
631	Q0	107314#6	0
631	Q0	60722#11	0
634	Q0	186121#3	1
634	Q0	186121#0	1
634	Q0	1029#14	1
634	Q0	186121#1	0
634	Q0	296418#16	0
634	Q0	186121#2	0
634	Q0	1029#1	0
634	Q0	1029#0	0
634	Q0	1029#15	0
634	Q0	1029#21	0
635	Q0	37402#0	1
635	Q0	37415#0	1
635	Q0	4524#5	1
635	Q0	46034#0	0
635	Q0	258061#2	0
635	Q0	37274#0	0
635	Q0	43475#0	0
635	Q0	4524#8	0
635	Q0	4524#1	0
637	Q0	14836#1	1
637	Q0	14836#0	1
637	Q0	14836#8	0
637	Q0	14836#2	0
637	Q0	14836#9	0
637	Q0	14836#15	0
637	Q0	14836#17	0
637	Q0	14836#19	0
637	Q0	14836#6	0
637	Q0	14836#4	0
638	Q0	287469#5	1
638	Q0	287469#0	1
638	Q0	287469#4	1
638	Q0	287469#1	1
638	Q0	287469#10	1
638	Q0	287469#6	0
638	Q0	287469#2	0
638	Q0	287469#3	0
638	Q0	211575#9	0
638	Q0	287469#9	0
641	Q0	13532#0	1
641	Q0	247951#0	1
641	Q0	13532#1	1
641	Q0	2515714#0	1
641	Q0	7257#0	0
641	Q0	12711#0	0
641	Q0	271704#0	0
641	Q0	41233#0	0
641	Q0	68730#0	0
641	Q0	838#17	0
643	Q0	3574#15	1
643	Q0	270894#0	1
643	Q0	270894#25	1
643	Q0	270894#28	1
643	Q0	4481#3	0
643	Q0	270894#43	0
643	Q0	3574#1	0
643	Q0	3574#26	0
643	Q0	270894#31	0
643	Q0	65185#0	0
644	Q0	65602#7	1
644	Q0	65602#8	1
644	Q0	276681#14	0
644	Q0	249004#0	0
644	Q0	299275#2	0
644	Q0	321091#5	0
644	Q0	41922#2	0
644	Q0	3400#2	0
644	Q0	682761#0	0
644	Q0	338329#1	0
645	Q0	234952#7	1
645	Q0	25914#35	1
645	Q0	25914#12	1
645	Q0	25914#10	1
645	Q0	347911#9	0
645	Q0	25914#1	0
645	Q0	25914#30	0
645	Q0	25914#34	0
645	Q0	25914#33	0
645	Q0	25914#4	0
646	Q0	3020#80	1
646	Q0	3356#1	0
646	Q0	81282#0	0
646	Q0	2596513#0	0
646	Q0	226434#0	0
646	Q0	84608#0	0
646	Q0	3020#71	0
646	Q0	203207#2	0
646	Q0	3020#9	0
646	Q0	3020#1	0
647	Q0	20543#11	1
647	Q0	20718#1	1
647	Q0	6093#2	1
647	Q0	748#2	1
647	Q0	53228#1	1
647	Q0	53228#22	1
647	Q0	889#17	0
647	Q0	890#0	0
647	Q0	57720#2	0
647	Q0	889#19	0
647	Q0	57720#0	0
647	Q0	889#21	0
648	Q0	2715808#11	1
648	Q0	250928#3	0
648	Q0	3803#10	0
648	Q0	269880#4	0
648	Q0	205264#0	0
648	Q0	63649#6	0
648	Q0	202308#0	0
648	Q0	98126#10	0
648	Q0	378488#21	0
648	Q0	242837#0	0
649	Q0	41020#0	1
649	Q0	349849#23	1
649	Q0	11448#0	1
649	Q0	349849#10	0
649	Q0	27480#3	0
649	Q0	349849#2	0
649	Q0	349849#6	0
649	Q0	81079#1	0
649	Q0	24504#2	0
649	Q0	11472#2	0
650	Q0	29587#21	1
650	Q0	29587#28	0
650	Q0	29587#19	0
650	Q0	29587#0	0
650	Q0	29587#1	0
650	Q0	29587#16	0
650	Q0	29587#7	0
650	Q0	29587#22	0
650	Q0	29587#18	0
650	Q0	29587#11	0
651	Q0	39155#0	1
651	Q0	46562#0	1
651	Q0	13174#4	0
651	Q0	13174#0	0
651	Q0	13174#26	0
651	Q0	13174#10	0
651	Q0	13174#23	0
651	Q0	43139#0	0
651	Q0	43153#1	0
651	Q0	13174#5	0
653	Q0	413371#1	1
653	Q0	71175#2	1
653	Q0	33176#4	1
653	Q0	412314#0	0
653	Q0	243864#16	0
653	Q0	71175#1	0
653	Q0	18194#12	0
653	Q0	293433#0	0
653	Q0	33176#9	0
653	Q0	157096#1	0
654	Q0	3466#9	1
654	Q0	14153#7	1
654	Q0	49586#3	0
654	Q0	296207#14	0
654	Q0	347911#13	0
654	Q0	45442#3	0
654	Q0	49586#1	0
654	Q0	286973#1	0
654	Q0	286973#8	0
654	Q0	45442#22	0
655	Q0	336706#1	1
655	Q0	101152#0	1
655	Q0	336691#0	1
655	Q0	221941#0	0
655	Q0	4933#0	0
655	Q0	4933#3	0
655	Q0	4933#41	0
655	Q0	4933#44	0
655	Q0	4933#42	0
655	Q0	101152#2	0
656	Q0	337632#0	1
656	Q0	16053#4	1
656	Q0	337628#45	1
656	Q0	337628#0	1
656	Q0	337628#57	0
656	Q0	337628#42	0
656	Q0	408009#12	0
656	Q0	337628#50	0
656	Q0	337628#23	0
656	Q0	337628#18	0
657	Q0	3549#19	1
657	Q0	6778#21	1
657	Q0	285661#37	1
657	Q0	6778#17	0
657	Q0	285661#33	0
657	Q0	11438#1	0
657	Q0	54298#0	0
657	Q0	12723#28	0
657	Q0	165775#1	0
657	Q0	195685#6	0
660	Q0	27540#8	1
660	Q0	1029#4	0
660	Q0	296418#3	0
660	Q0	281823#0	0
660	Q0	272386#3	0
660	Q0	13172#0	0
660	Q0	135729#16	0
660	Q0	838#17	0
660	Q0	1029#11	0
660	Q0	1507750#0	0
661	Q0	406946#0	1
661	Q0	254154#0	1
661	Q0	284739#1	1
661	Q0	21545#29	1
661	Q0	21545#19	0
661	Q0	178235#4	0
661	Q0	25452#28	0
661	Q0	178235#6	0
661	Q0	268171#17	0
661	Q0	178235#8	0
663	Q0	227887#4	1
663	Q0	11349#0	1
663	Q0	37722#9	1
663	Q0	32310#5	0
663	Q0	230385#0	0
663	Q0	843#70	0
663	Q0	264620#0	0
663	Q0	63541#45	0
663	Q0	843#20	0
663	Q0	31476#0	0
664	Q0	22924#31	1
664	Q0	220971#0	1
664	Q0	22924#0	1
664	Q0	116883#0	0
664	Q0	22924#53	0
664	Q0	116883#1	0
664	Q0	22924#24	0
664	Q0	385539#2	0
664	Q0	22924#89	0
664	Q0	117313#6	0
665	Q0	6228#0	1
665	Q0	3777#66	1
665	Q0	33393#3	1
665	Q0	6228#8	1
665	Q0	6228#16	1
665	Q0	6228#12	0
665	Q0	33393#8	0
665	Q0	6228#2	0
665	Q0	68664#3	0
665	Q0	131984#0	0
666	Q0	198522#14	1
666	Q0	44742#0	1
666	Q0	121676#2	1
666	Q0	25058#24	0
666	Q0	50238#9	0
666	Q0	21987#1	0
666	Q0	393818#1	0
666	Q0	44742#14	0
666	Q0	838#17	0
666	Q0	25058#22	0
667	Q0	58071#0	1
667	Q0	20018#20	1
667	Q0	20018#2	1
667	Q0	85094#0	1
667	Q0	20018#40	1
667	Q0	57278#1	1
667	Q0	6478#10	1
667	Q0	275381#7	1
667	Q0	199393#12	0
667	Q0	20018#34	0
668	Q0	15920#24	1
668	Q0	77380#6	1
668	Q0	384669#1	1
668	Q0	77380#0	1
668	Q0	15920#0	0
668	Q0	77380#12	0
668	Q0	190793#0	0
668	Q0	15920#19	0
668	Q0	363887#0	0
668	Q0	15920#21	0
669	Q0	27868#10	1
669	Q0	14704#4	1
669	Q0	19013#0	1
669	Q0	44#44	1
669	Q0	18357#14	1
669	Q0	27868#2	0
669	Q0	27868#6	0
669	Q0	14704#24	0
669	Q0	63081#5	0
669	Q0	4522#6	0
670	Q0	14380#9	1
670	Q0	15923#7	1
670	Q0	12653#3	1
670	Q0	10739#3	0
670	Q0	10458#4	0
670	Q0	10739#6	0
670	Q0	80390#9	0
670	Q0	12653#1	0
670	Q0	28235#7	0
670	Q0	12653#8	0
671	Q0	44058#8	1
671	Q0	44058#7	1
671	Q0	44058#2	1
671	Q0	3022#28	0
671	Q0	32307#1	0
671	Q0	284604#0	0
671	Q0	266670#2	0
671	Q0	269880#4	0
671	Q0	90358#88	0
671	Q0	319790#12	0
674	Q0	315687#0	1
674	Q0	116560#1	1
674	Q0	314510#0	1
674	Q0	314567#1	1
674	Q0	769#1	0
674	Q0	315612#4	0
674	Q0	61783#4	0
674	Q0	314510#12	0
674	Q0	46656#5	0
674	Q0	323125#0	0
677	Q0	77944#0	1
677	Q0	193722#9	1
677	Q0	2543237#0	1
677	Q0	246176#2	0
677	Q0	35190#3	0
677	Q0	26661#16	0
677	Q0	240771#1	0
677	Q0	2784#16	0
677	Q0	786#5	0
677	Q0	276681#5	0
678	Q0	15040#0	1
678	Q0	32597#2	1
678	Q0	2956#16	1
678	Q0	199641#0	1
678	Q0	32597#0	1
678	Q0	228762#0	0
678	Q0	32597#8	0
678	Q0	265216#0	0
678	Q0	32597#7	0
678	Q0	32597#3	0
680	Q0	77134#0	1
680	Q0	77958#5	1
680	Q0	77958#0	1
680	Q0	101313#8	1
680	Q0	77134#2	0
680	Q0	78820#45	0
680	Q0	77958#18	0
680	Q0	77958#8	0
680	Q0	77134#1	0
680	Q0	101313#10	0
681	Q0	32327#0	1
681	Q0	10498#11	1
681	Q0	126261#6	1
681	Q0	280406#10	1
681	Q0	373097#0	0
681	Q0	10498#0	0
681	Q0	10498#17	0
681	Q0	10498#2	0
681	Q0	10498#3	0
681	Q0	10498#16	0
682	Q0	402907#3	1
682	Q0	256807#1	1
682	Q0	361557#0	0
682	Q0	388063#8	0
682	Q0	107487#5	0
682	Q0	64362#4	0
682	Q0	19641#32	0
682	Q0	203285#18	0
682	Q0	203285#0	0
682	Q0	49125#4	0
683	Q0	249998#0	1
683	Q0	236426#66	1
683	Q0	236426#68	1
683	Q0	249998#1	1
683	Q0	18379#3	1
683	Q0	249998#7	1
683	Q0	437782#20	0
683	Q0	236426#71	0
683	Q0	58851#0	0
683	Q0	15055#9	0
683	Q0	321268#1	0
685	Q0	64714#1	1
685	Q0	64714#2	1
685	Q0	255755#16	0
685	Q0	20773#8	0
685	Q0	204693#7	0
685	Q0	204007#13	0
685	Q0	123129#8	0
685	Q0	75314#3	0
685	Q0	318342#2	0
685	Q0	356190#1	0
685	Q0	158575#2	0
686	Q0	594556#4	1
686	Q0	594556#8	1
686	Q0	427689#1	0
686	Q0	427692#1	0
686	Q0	427697#1	0
686	Q0	427696#1	0
686	Q0	427694#1	0
686	Q0	427703#1	0
686	Q0	427663#0	0
686	Q0	427660#0	0
686	Q0	427698#1	0
686	Q0	427699#1	0
687	Q0	8335#0	1
687	Q0	8335#3	1
687	Q0	6342#1	1
687	Q0	8337#0	1
687	Q0	8335#6	1
687	Q0	2768#1	0
687	Q0	8334#0	0
687	Q0	33801#1	0
687	Q0	4498#4	0
687	Q0	8335#2	0
689	Q0	242689#37	1
689	Q0	377748#3	1
689	Q0	186866#1	1
689	Q0	20978#0	1
689	Q0	20978#3	1
689	Q0	9#13	0
689	Q0	5463#22	0
689	Q0	9#22	0
689	Q0	109144#0	0
689	Q0	20986#1	0
689	Q0	20142#7	0
689	Q0	20142#3	0
690	Q0	208376#2	1
690	Q0	19634#27	1
690	Q0	19634#11	1
690	Q0	19634#9	1
690	Q0	19634#36	0
690	Q0	19634#0	0
690	Q0	19634#44	0
690	Q0	188659#3	0
690	Q0	19634#21	0
690	Q0	19634#24	0
691	Q0	653434#0	1
691	Q0	653434#1	1
691	Q0	653434#2	1
691	Q0	146083#0	0
691	Q0	838#17	0
691	Q0	205264#0	0
691	Q0	20195#9	0
691	Q0	236409#64	0
691	Q0	220871#3	0
691	Q0	305681#0	0
691	Q0	20409#10	0
691	Q0	236393#0	0
692	Q0	98126#11	1
692	Q0	98126#3	1
692	Q0	98126#14	1
692	Q0	98126#2	1
692	Q0	98126#6	1
692	Q0	98126#13	0
692	Q0	98126#8	0
692	Q0	98126#0	0
692	Q0	98126#7	0
692	Q0	98126#9	0
693	Q0	32587#2	1
693	Q0	32587#0	1
693	Q0	378563#75	1
693	Q0	32587#10	1
693	Q0	31915#7	0
693	Q0	4185#2	0
693	Q0	11417#2	0
693	Q0	32571#10	0
693	Q0	8963#71	0
693	Q0	4811#6	0
699	Q0	429205#4	1
699	Q0	233903#11	1
699	Q0	224121#3	1
699	Q0	235775#64	0
699	Q0	4449#2	0
699	Q0	4448#0	0
699	Q0	4449#1	0
699	Q0	4449#86	0
699	Q0	434984#0	0
699	Q0	19463#0	0
702	Q0	201954#17	1
702	Q0	17330#15	0
702	Q0	34083#5	0
702	Q0	31919#0	0
702	Q0	90358#14	0
702	Q0	20364#4	0
702	Q0	31726#41	0
702	Q0	71289#14	0
702	Q0	12033#11	0
702	Q0	175908#1	0
703	Q0	361671#0	1
703	Q0	65079#0	1
703	Q0	128550#0	1
703	Q0	128433#1	1
703	Q0	1101#30	0
703	Q0	11535#74	0
703	Q0	60782#22	0
703	Q0	4145#80	0
703	Q0	237755#0	0
703	Q0	18016#0	0
704	Q0	311744#6	1
704	Q0	33176#135	0
704	Q0	36493#1	0
704	Q0	34#9	0
704	Q0	34#2	0
704	Q0	117479#2	0
704	Q0	42126#9	0
704	Q0	34#4	0
704	Q0	152818#0	0
704	Q0	34#5	0
705	Q0	3817#0	1
705	Q0	3817#17	1
705	Q0	3817#18	1
705	Q0	3817#4	0
705	Q0	39684#0	0
705	Q0	3817#20	0
705	Q0	3817#60	0
705	Q0	132879#0	0
705	Q0	365585#0	0
705	Q0	65780#0	0
707	Q0	37004#22	1
707	Q0	37004#0	1
707	Q0	37004#1	1
707	Q0	37004#9	0
707	Q0	37426#7	0
707	Q0	343736#4	0
707	Q0	37426#6	0
707	Q0	37004#7	0
707	Q0	37004#2	0
707	Q0	37004#14	0
710	Q0	54907#0	1
710	Q0	440605#0	1
710	Q0	45568#8	1
710	Q0	440107#0	1
710	Q0	38307#0	1
710	Q0	54909#6	0
710	Q0	53257#0	0
710	Q0	45359#0	0
710	Q0	116826#0	0
710	Q0	45568#14	0
710	Q0	125349#5	0
710	Q0	38307#2	0
714	Q0	6274#11	1
714	Q0	44105#9	1
714	Q0	198432#0	1
714	Q0	159712#0	1
714	Q0	3794#7	0
714	Q0	40517#46	0
714	Q0	48824#3	0
714	Q0	61937#2	0
714	Q0	35877#3	0
714	Q0	152989#0	0
715	Q0	22801#21	1
715	Q0	28980#0	1
715	Q0	28980#5	0
715	Q0	28980#14	0
715	Q0	31474#9	0
715	Q0	28980#1	0
715	Q0	28980#8	0
715	Q0	28980#2	0
715	Q0	321110#1	0
715	Q0	28980#9	0
716	Q0	48370#0	1
716	Q0	48363#12	1
716	Q0	291609#4	1
716	Q0	18612#64	0
716	Q0	48363#15	0
716	Q0	142647#3	0
716	Q0	45295#0	0
716	Q0	35753#3	0
716	Q0	202065#9	0
716	Q0	145878#18	0
717	Q0	19833#7	1
717	Q0	351784#42	1
717	Q0	12216#4	1
717	Q0	214705#0	1
717	Q0	4391#14	1
717	Q0	33176#109	0
717	Q0	4408#6	0
717	Q0	347867#29	0
717	Q0	347867#25	0
717	Q0	347867#27	0
718	Q0	2477718#0	1
718	Q0	57462#0	0
718	Q0	37037#3	0
718	Q0	195980#0	0
718	Q0	290615#0	0
718	Q0	35038#1	0
718	Q0	1121#3	0
718	Q0	3992#5	0
718	Q0	400361#3	0
718	Q0	274654#3	0
719	Q0	87843#0	1
719	Q0	6628#3	1
719	Q0	87843#1	0
719	Q0	52481#22	0
719	Q0	80082#17	0
719	Q0	35226#4	0
719	Q0	346051#2	0
719	Q0	44164#0	0
719	Q0	1593467#5	0
719	Q0	1018#14	0
720	Q0	53114#59	1
720	Q0	53114#32	1
720	Q0	242622#3	1
720	Q0	52#29	1
720	Q0	53114#66	1
720	Q0	53114#1	0
720	Q0	235818#0	0
720	Q0	53114#2	0
720	Q0	53114#6	0
720	Q0	53114#34	0
722	Q0	16690#8	1
722	Q0	16690#0	1
722	Q0	13086#0	1
722	Q0	87030#2	1
722	Q0	51755#0	0
722	Q0	87010#0	0
722	Q0	84386#0	0
722	Q0	16690#1	0
722	Q0	112442#28	0
722	Q0	51595#0	0
723	Q0	298799#0	1
723	Q0	298799#2	1
723	Q0	298799#7	1
723	Q0	298799#8	1
723	Q0	22098#0	1
723	Q0	298799#6	0
723	Q0	298799#3	0
723	Q0	117975#15	0
723	Q0	298799#1	0
723	Q0	267155#0	0
725	Q0	416939#9	1
725	Q0	416939#0	1
725	Q0	416939#11	1
725	Q0	416939#6	1
725	Q0	416939#1	0
725	Q0	416939#8	0
725	Q0	416939#13	0
725	Q0	416939#12	0
725	Q0	416939#16	0
725	Q0	416939#10	0
726	Q0	36792#0	1
726	Q0	36792#6	0
726	Q0	36792#5	0
726	Q0	134468#6	0
726	Q0	36792#20	0
726	Q0	36792#11	0
726	Q0	36792#4	0
726	Q0	219571#0	0
726	Q0	36792#9	0
726	Q0	36792#8	0
727	Q0	377941#14	1
727	Q0	6088#3	1
727	Q0	6088#2	1
727	Q0	155083#3	1
727	Q0	155083#12	1
727	Q0	14943#11	0
727	Q0	377941#18	0
727	Q0	63649#6	0
727	Q0	2784#16	0
727	Q0	498560#1	0
728	Q0	37008#37	1
728	Q0	37008#0	1
728	Q0	403274#5	1
728	Q0	219997#7	1
728	Q0	219997#6	1
728	Q0	363523#3	1
728	Q0	67031#3	1
728	Q0	37008#31	1
728	Q0	16055#22	0
728	Q0	37008#32	0
729	Q0	1497059#0	1
729	Q0	141574#66	0
729	Q0	141574#65	0
729	Q0	330156#6	0
729	Q0	142061#3	0
729	Q0	40#30	0
729	Q0	197353#30	0
729	Q0	156898#5	0
729	Q0	226103#98	0
729	Q0	1043#1	0
732	Q0	30653#22	1
732	Q0	30653#10	1
732	Q0	283130#0	1
732	Q0	283134#3	0
732	Q0	135452#0	0
732	Q0	30653#1	0
732	Q0	346848#0	0
732	Q0	20143#0	0
732	Q0	30653#9	0
732	Q0	30653#2	0
732	Q0	30653#12	0
732	Q0	30653#13	0
732	Q0	30653#14	0
733	Q0	184702#2	1
733	Q0	184702#11	0
733	Q0	184702#0	0
733	Q0	184702#12	0
733	Q0	184702#18	0
733	Q0	184702#13	0
733	Q0	184702#9	0
733	Q0	184702#8	0
733	Q0	184702#5	0
733	Q0	152547#4	0
735	Q0	67096#0	1
735	Q0	67096#15	1
735	Q0	67096#9	0
735	Q0	67096#2	0
735	Q0	67096#1	0
735	Q0	67096#47	0
735	Q0	67096#62	0
735	Q0	67096#7	0
735	Q0	1101#16	0
735	Q0	67096#26	0
737	Q0	10821#6	1
737	Q0	4116#19	1
737	Q0	21023#10	1
737	Q0	21023#11	1
737	Q0	4140#10	1
737	Q0	10821#1	1
737	Q0	15849#4	0
737	Q0	21023#3	0
737	Q0	3219#7	0
737	Q0	3282#13	0
738	Q0	113729#10	1
738	Q0	113729#0	1
738	Q0	427060#5	1
738	Q0	113729#1	0
738	Q0	113729#3	0
738	Q0	113729#4	0
738	Q0	113729#7	0
738	Q0	113729#6	0
738	Q0	113729#8	0
738	Q0	113729#2	0
739	Q0	18811#8	1
739	Q0	18811#0	1
739	Q0	137695#1	0
739	Q0	18811#1	0
739	Q0	176624#3	0
739	Q0	18811#3	0
739	Q0	1026#24	0
739	Q0	3806#15	0
739	Q0	14637#3	0
739	Q0	45068#3	0
740	Q0	260034#1	1
740	Q0	260034#3	1
740	Q0	690#13	1
740	Q0	25459#33	1
740	Q0	241102#8	0
740	Q0	146698#44	0
740	Q0	146698#42	0
740	Q0	25459#38	0
740	Q0	348346#6	0
740	Q0	263890#2	0
742	Q0	16786#1	1
742	Q0	16786#0	1
742	Q0	16237#0	1
742	Q0	16237#7	0
742	Q0	16237#1	0
742	Q0	7149#0	0
742	Q0	16237#2	0
742	Q0	16854#0	0
742	Q0	16237#8	0
742	Q0	16237#3	0
743	Q0	435465#0	1
743	Q0	435477#0	1
743	Q0	264659#1	0
743	Q0	326256#2	0
743	Q0	188142#8	0
743	Q0	375054#5	0
743	Q0	394965#0	0
743	Q0	245247#17	0
743	Q0	2954#31	0
743	Q0	216897#0	0
744	Q0	144036#0	1
744	Q0	360789#0	1
744	Q0	144036#9	0
744	Q0	144036#4	0
744	Q0	144036#8	0
744	Q0	144036#10	0
744	Q0	144036#1	0
744	Q0	144036#6	0
744	Q0	144036#5	0
744	Q0	47020#0	0
745	Q0	125681#29	1
745	Q0	321669#1	1
745	Q0	30985#1	1
745	Q0	443034#3	1
745	Q0	2828#0	0
745	Q0	337104#0	0
745	Q0	442086#2	0
745	Q0	6088#6	0
745	Q0	100933#0	0
745	Q0	273126#1	0
747	Q0	335846#2	1
747	Q0	335846#10	1
747	Q0	335846#12	1
747	Q0	335846#0	1
747	Q0	335846#6	1
747	Q0	335846#1	0
747	Q0	335846#7	0
747	Q0	335846#13	0
747	Q0	335846#5	0
747	Q0	335846#11	0
748	Q0	264634#4	1
748	Q0	11535#12	1
748	Q0	65589#0	1
748	Q0	81629#0	1
748	Q0	177837#0	1
748	Q0	22934#0	1
748	Q0	65579#0	0
748	Q0	187895#5	0
748	Q0	281196#0	0
748	Q0	187326#0	0
749	Q0	289612#3	1
749	Q0	289612#0	1
749	Q0	300686#1	1
749	Q0	10#2	0
749	Q0	416102#0	0
749	Q0	10#5	0
749	Q0	68067#0	0
749	Q0	11#0	0
749	Q0	10#3	0
749	Q0	109994#0	0
750	Q0	238216#0	1
750	Q0	16641#2	1
750	Q0	4422#13	1
750	Q0	201002#0	1
750	Q0	83#15	0
750	Q0	6212#1	0
750	Q0	15636#0	0
750	Q0	4250#0	0
750	Q0	4243#5	0
750	Q0	276916#2	0
752	Q0	52478#10	1
752	Q0	135431#0	1
752	Q0	52478#7	1
752	Q0	857#2	1
752	Q0	146698#42	0
752	Q0	396820#4	0
752	Q0	260034#9	0
752	Q0	260034#1	0
752	Q0	260034#8	0
752	Q0	36701#1	0
753	Q0	375903#11	1
753	Q0	375903#5	1
753	Q0	276603#0	0
753	Q0	4042#11	0
753	Q0	607026#2	0
753	Q0	3324#10	0
753	Q0	284584#0	0
753	Q0	4251#1	0
753	Q0	46163#0	0
753	Q0	23630#0	0
754	Q0	539726#19	1
754	Q0	295879#5	0
754	Q0	3680#18	0
754	Q0	69195#0	0
754	Q0	12155#3	0
754	Q0	126157#4	0
754	Q0	99956#1	0
754	Q0	3803#10	0
754	Q0	321091#6	0
754	Q0	24695#19	0
755	Q0	55555#1	1
755	Q0	47186#12	1
755	Q0	107899#1	0
755	Q0	107910#9	0
755	Q0	290023#0	0
755	Q0	55555#2	0
755	Q0	32337#4	0
755	Q0	17726#3	0
755	Q0	431158#0	0
755	Q0	309216#2	0
756	Q0	122406#1	1
756	Q0	14284#36	1
756	Q0	23723#3	1
756	Q0	122406#5	0
756	Q0	122406#7	0
756	Q0	122406#4	0
756	Q0	122406#6	0
756	Q0	122406#8	0
756	Q0	213393#0	0
756	Q0	415918#0	0
757	Q0	30518#6	1
757	Q0	30518#10	1
757	Q0	30518#5	1
757	Q0	30518#3	1
757	Q0	30518#7	1
757	Q0	30518#8	0
757	Q0	30518#2	0
757	Q0	61755#29	0
757	Q0	30518#1	0
761	Q0	44228#1	1
761	Q0	44228#3	1
761	Q0	44228#2	1
761	Q0	419871#16	1
761	Q0	44228#4	0
761	Q0	44228#10	0
761	Q0	44228#7	0
761	Q0	44228#5	0
761	Q0	44228#14	0
761	Q0	44228#15	0
762	Q0	163611#0	1
762	Q0	67637#0	1
762	Q0	163611#4	1
762	Q0	87938#1	1
762	Q0	4209#5	0
762	Q0	4934#6	0
762	Q0	87951#0	0
762	Q0	4209#0	0
762	Q0	87940#6	0
762	Q0	29492#8	0
763	Q0	6317#3	1
763	Q0	338233#0	0
763	Q0	187448#1	0
763	Q0	323270#0	0
763	Q0	7413#1	0
763	Q0	16916#2	0
763	Q0	79370#1	0
763	Q0	153337#1	0
763	Q0	16849#30	0
763	Q0	17005#1	0
763	Q0	6317#1	0
763	Q0	6317#4	0
764	Q0	207437#3	1
764	Q0	132827#2	0
764	Q0	32310#5	0
764	Q0	30826#3	0
764	Q0	60488#1	0
764	Q0	25492#4	0
764	Q0	176228#0	0
764	Q0	211023#1	0
764	Q0	12980#4	0
764	Q0	43536#1	0
765	Q0	274362#0	1
765	Q0	79278#0	1
765	Q0	4650#1	1
765	Q0	49723#6	0
765	Q0	18743#0	0
765	Q0	4462#3	0
765	Q0	4462#4	0
765	Q0	4462#1	0
765	Q0	4462#0	0
765	Q0	13984#0	0
766	Q0	13086#8	1
766	Q0	322219#2	1
766	Q0	204005#29	0
766	Q0	30614#7	0
766	Q0	69888#0	0
766	Q0	55823#7	0
766	Q0	21282#13	0
766	Q0	4190#5	0
766	Q0	278319#10	0
766	Q0	238035#3	0
768	Q0	748#28	1
768	Q0	748#0	1
768	Q0	748#62	1
768	Q0	748#26	1
768	Q0	209888#58	1
768	Q0	18357#54	0
768	Q0	209888#23	0
768	Q0	18427#4	0
768	Q0	320081#15	0
768	Q0	2782#3	0
769	Q0	337440#9	1
769	Q0	337440#2	1
769	Q0	337440#10	1
769	Q0	337440#0	0
769	Q0	337440#1	0
769	Q0	337440#11	0
769	Q0	337440#5	0
769	Q0	337440#6	0
769	Q0	337440#4	0
769	Q0	337592#5	0
770	Q0	16248#17	1
770	Q0	4454#21	1
770	Q0	19552#10	1
770	Q0	4502#19	0
770	Q0	72434#1	0
770	Q0	4472#12	0
770	Q0	435359#32	0
770	Q0	85154#0	0
770	Q0	38908#12	0
770	Q0	14203#0	0
771	Q0	287609#9	1
771	Q0	287609#5	1
771	Q0	310267#0	0
771	Q0	288112#19	0
771	Q0	206920#3	0
771	Q0	85781#6	0
771	Q0	263210#3	0
771	Q0	289632#3	0
771	Q0	20302#20	0
771	Q0	394095#1	0
772	Q0	290042#0	1
772	Q0	290042#1	1
772	Q0	290042#8	0
772	Q0	290042#3	0
772	Q0	433420#2	0
772	Q0	152051#1	0
772	Q0	65363#1	0
772	Q0	119572#1	0
772	Q0	290042#5	0
772	Q0	126424#28	0
774	Q0	52961#0	1
774	Q0	52961#4	1
774	Q0	52961#10	1
774	Q0	52961#6	1
774	Q0	52966#2	0
774	Q0	52961#11	0
774	Q0	52961#8	0
774	Q0	52961#5	0
774	Q0	52961#7	0
774	Q0	260034#14	0
775	Q0	33176#11	1
775	Q0	144940#5	1
775	Q0	144940#2	1
775	Q0	33176#10	1
775	Q0	144940#4	0
775	Q0	64631#0	0
775	Q0	163619#15	0
775	Q0	842#22	0
775	Q0	144940#0	0
775	Q0	28767#10	0
777	Q0	223969#3	1
777	Q0	130847#7	1
777	Q0	130847#0	1
777	Q0	130847#4	1
777	Q0	130847#2	0
777	Q0	224317#3	0
777	Q0	130847#1	0
777	Q0	130847#6	0
777	Q0	238193#1	0
777	Q0	241311#5	0
780	Q0	145353#2	1
780	Q0	145353#0	1
780	Q0	145353#5	1
780	Q0	18616#22	1
780	Q0	145353#3	1
780	Q0	310840#4	1
780	Q0	381790#30	0
780	Q0	35753#13	0
780	Q0	18616#18	0
780	Q0	15923#5	0
783	Q0	2055723#0	1
783	Q0	16#31	0
783	Q0	45535#48	0
783	Q0	45535#62	0
783	Q0	83166#31	0
783	Q0	13157#18	0
783	Q0	19136#66	0
783	Q0	45535#0	0
783	Q0	136569#5	0
783	Q0	82321#17	0
784	Q0	10212#1	1
784	Q0	8104#32	1
784	Q0	43982#25	1
784	Q0	8462#21	1
784	Q0	51574#15	0
784	Q0	12637#14	0
784	Q0	8104#41	0
784	Q0	51574#3	0
784	Q0	8104#24	0
784	Q0	51574#7	0
786	Q0	278223#2	1
786	Q0	288206#0	0
786	Q0	1130#32	0
786	Q0	351049#0	0
786	Q0	278223#1	0
786	Q0	250468#1	0
786	Q0	1130#58	0
786	Q0	210324#34	0
786	Q0	1130#35	0
786	Q0	210324#35	0
788	Q0	45896#2	1
788	Q0	45896#0	1
788	Q0	266020#9	1
788	Q0	360341#2	1
788	Q0	432473#0	1
788	Q0	45896#5	1
788	Q0	266020#3	1
788	Q0	159775#1	0
788	Q0	266020#0	0
788	Q0	266020#6	0
790	Q0	12216#7	1
790	Q0	12212#1	1
790	Q0	12216#5	1
790	Q0	15605#7	1
790	Q0	107968#5	1
790	Q0	31734#0	0
790	Q0	140156#15	0
790	Q0	12216#11	0
790	Q0	12212#8	0
790	Q0	225276#12	0
791	Q0	49826#1	1
791	Q0	282071#5	1
791	Q0	49826#8	1
791	Q0	49826#9	0
791	Q0	49826#10	0
791	Q0	49826#11	0
791	Q0	49826#5	0
791	Q0	248179#0	0
791	Q0	356390#5	0
791	Q0	49826#29	0
792	Q0	185250#4	1
792	Q0	29492#2	1
792	Q0	131256#2	1
792	Q0	60617#27	0
792	Q0	208297#0	0
792	Q0	57986#8	0
792	Q0	99743#4	0
792	Q0	134252#5	0
792	Q0	41717#23	0
792	Q0	50#15	0
793	Q0	140079#4	1
793	Q0	140079#38	0
793	Q0	140079#5	0
793	Q0	140079#1	0
793	Q0	140079#7	0
793	Q0	140079#24	0
793	Q0	140079#17	0
793	Q0	140079#39	0
793	Q0	140079#34	0
793	Q0	140079#35	0
794	Q0	26235#1	1
794	Q0	36107#10	1
794	Q0	103039#5	1
794	Q0	11018#39	1
794	Q0	71289#0	1
794	Q0	112367#11	0
794	Q0	13499#13	0
794	Q0	70487#0	0
794	Q0	5857#3	0
794	Q0	45284#9	0
795	Q0	276972#2	1
795	Q0	276972#0	1
795	Q0	276972#1	1
795	Q0	27203#1	1
795	Q0	316549#37	1
795	Q0	97757#5	0
795	Q0	350703#1	0
795	Q0	838#17	0
795	Q0	81282#0	0
795	Q0	84608#0	0
796	Q0	47410#2	1
796	Q0	24634#0	1
796	Q0	47410#3	1
796	Q0	24630#0	0
796	Q0	47410#0	0
796	Q0	24630#5	0
796	Q0	1018#11	0
796	Q0	426337#0	0
796	Q0	4106#2	0
796	Q0	366646#0	0
797	Q0	60507#29	1
797	Q0	36722#5	1
797	Q0	22486#2	0
797	Q0	12356#4	0
797	Q0	12356#5	0
797	Q0	45712#2	0
797	Q0	210278#0	0
797	Q0	278065#0	0
797	Q0	254578#2	0
797	Q0	90094#2	0
798	Q0	65767#4	1
798	Q0	65767#7	1
798	Q0	65767#9	0
798	Q0	65767#3	0
798	Q0	84214#25	0
798	Q0	92462#16	0
798	Q0	65767#10	0
798	Q0	65767#6	0
798	Q0	30740#1	0
798	Q0	195010#5	0
799	Q0	309216#8	1
799	Q0	2038668#0	1
799	Q0	2950#3	0
799	Q0	397835#1	0
799	Q0	3992#5	0
799	Q0	2038668#2	0
799	Q0	19460#2	0
799	Q0	416298#1	0
799	Q0	380554#1	0
799	Q0	20013#2	0
801	Q0	536141#3	1
801	Q0	284873#0	0
801	Q0	59845#0	0
801	Q0	147447#0	0
801	Q0	298717#0	0
801	Q0	3399#0	0
801	Q0	235489#0	0
801	Q0	82433#4	0
801	Q0	233310#4	0
801	Q0	30826#6	0
802	Q0	3299#12	1
802	Q0	47251#0	1
802	Q0	3303#4	1
802	Q0	3303#5	1
802	Q0	47251#13	1
802	Q0	3299#8	1
802	Q0	3303#3	0
802	Q0	372450#1	0
802	Q0	3299#14	0
802	Q0	3299#11	0
802	Q0	3303#13	0
802	Q0	3299#16	0
803	Q0	235003#1	1
803	Q0	72339#3	1
803	Q0	67301#0	1
803	Q0	77106#13	0
803	Q0	50074#0	0
803	Q0	54653#0	0
803	Q0	45068#0	0
803	Q0	116555#0	0
803	Q0	45068#5	0
803	Q0	274160#4	0
805	Q0	29125#17	1
805	Q0	29125#0	1
805	Q0	29125#58	1
805	Q0	29125#29	0
805	Q0	29125#30	0
805	Q0	29125#4	0
805	Q0	29125#36	0
805	Q0	219526#41	0
805	Q0	29125#31	0
805	Q0	29125#41	0
806	Q0	1550077#4	1
806	Q0	3796#26	0
806	Q0	79075#4	0
806	Q0	253156#5	0
806	Q0	7874#3	0
806	Q0	434076#1	0
806	Q0	79075#1	0
806	Q0	20478#4	0
806	Q0	10241#5	0
806	Q0	226393#1	0
807	Q0	407983#3	1
807	Q0	407983#4	1
807	Q0	82908#0	1
807	Q0	83197#0	1
807	Q0	146981#3	1
807	Q0	269322#11	1
807	Q0	82908#3	0
807	Q0	82908#1	0
807	Q0	92505#7	0
807	Q0	146981#1	0
809	Q0	3337#3	1
809	Q0	61759#11	1
809	Q0	36548#6	1
809	Q0	61759#66	1
809	Q0	1881645#1	1
809	Q0	188577#14	0
809	Q0	3399#0	0
809	Q0	84608#0	0
809	Q0	1881645#2	0
809	Q0	81282#0	0
809	Q0	226434#0	0
809	Q0	1881645#0	0
811	Q0	15823#0	1
811	Q0	8963#0	1
811	Q0	44#0	1
811	Q0	6211#17	1
811	Q0	68728#0	0
811	Q0	294215#0	0
811	Q0	760#1	0
811	Q0	41399#0	0
811	Q0	15745#12	0
811	Q0	44968#0	0
812	Q0	138137#19	1
812	Q0	226263#0	0
812	Q0	383300#0	0
812	Q0	205264#0	0
812	Q0	2063921#0	0
812	Q0	1124#1	0
812	Q0	235541#0	0
812	Q0	202308#0	0
812	Q0	30660#9	0
812	Q0	30660#7	0
813	Q0	38000#8	1
813	Q0	12080#12	0
813	Q0	140105#4	0
813	Q0	17088#1	0
813	Q0	123170#0	0
813	Q0	263061#2	0
813	Q0	297167#3	0
813	Q0	394102#2	0
813	Q0	318860#1	0
813	Q0	111766#2	0
814	Q0	37722#2	1
814	Q0	106071#0	1
814	Q0	13075#4	1
814	Q0	120727#2	0
814	Q0	341635#0	0
814	Q0	1041#35	0
814	Q0	246593#10	0
814	Q0	8106#5	0
814	Q0	52967#0	0
814	Q0	146698#15	0
815	Q0	227407#0	1
815	Q0	35798#0	1
815	Q0	35798#19	1
815	Q0	70549#0	1
815	Q0	6614#0	0
815	Q0	81282#0	0
815	Q0	227407#1	0
815	Q0	3803#9	0
815	Q0	84608#0	0
815	Q0	15247#9	0
817	Q0	227799#2	1
817	Q0	227799#5	1
817	Q0	227799#0	0
817	Q0	121837#5	0
817	Q0	3992#5	0
817	Q0	227799#3	0
817	Q0	54393#0	0
817	Q0	202183#0	0
817	Q0	20034#1	0
817	Q0	207993#2	0
818	Q0	78600#22	1
818	Q0	72514#61	1
818	Q0	78600#33	0
818	Q0	78600#35	0
818	Q0	78600#18	0
818	Q0	78600#31	0
818	Q0	78600#26	0
818	Q0	78600#30	0
818	Q0	78600#39	0
818	Q0	78600#28	0
818	Q0	78600#37	0
818	Q0	78600#32	0
818	Q0	78600#19	0
819	Q0	8335#9	1
819	Q0	8335#0	1
819	Q0	224343#33	0
819	Q0	224343#2	0
819	Q0	27009#0	0
819	Q0	4398#0	0
819	Q0	34497#58	0
819	Q0	97776#3	0
819	Q0	8335#10	0
819	Q0	93285#1	0
819	Q0	124862#35	0
819	Q0	8335#3	0
820	Q0	4500#22	1
820	Q0	4500#0	0
820	Q0	4500#21	0
820	Q0	4500#25	0
820	Q0	4500#39	0
820	Q0	116133#0	0
820	Q0	4500#28	0
820	Q0	116021#0	0
820	Q0	73890#0	0
820	Q0	116014#0	0
822	Q0	215382#2	1
822	Q0	28904#12	1
822	Q0	234161#21	0
822	Q0	215382#0	0
822	Q0	33116#2	0
822	Q0	206870#6	0
822	Q0	409512#24	0
822	Q0	151792#5	0
822	Q0	26754#3	0
822	Q0	838#17	0
823	Q0	274695#17	1
823	Q0	274695#0	0
823	Q0	274695#1	0
823	Q0	274695#11	0
823	Q0	274695#8	0
823	Q0	274695#2	0
823	Q0	274695#15	0
823	Q0	274695#7	0
823	Q0	274695#4	0
823	Q0	274695#5	0
824	Q0	72049#0	1
824	Q0	72049#2	1
824	Q0	81282#0	0
824	Q0	2707#17	0
824	Q0	226434#0	0
824	Q0	84608#0	0
824	Q0	147299#0	0
824	Q0	243585#0	0
824	Q0	430950#0	0
824	Q0	32801#0	0
825	Q0	57986#0	1
825	Q0	57986#19	1
825	Q0	50#15	1
825	Q0	57986#13	1
825	Q0	57986#45	1
825	Q0	57986#2	0
825	Q0	4121#3	0
825	Q0	57986#43	0
825	Q0	142981#4	0
825	Q0	57986#4	0
825	Q0	57955#6	0
827	Q0	264057#3	1
827	Q0	264057#0	1
827	Q0	264057#7	0
827	Q0	264057#17	0
827	Q0	264057#4	0
827	Q0	264057#11	0
827	Q0	264057#25	0
827	Q0	264057#9	0
827	Q0	264057#1	0
827	Q0	264057#30	0
828	Q0	299070#0	1
828	Q0	303151#0	1
828	Q0	297388#0	1
828	Q0	300984#0	0
828	Q0	42534#0	0
828	Q0	299232#0	0
828	Q0	300738#0	0
828	Q0	300916#0	0
828	Q0	302520#0	0
828	Q0	42526#0	0
829	Q0	239933#3	1
829	Q0	243472#2	1
829	Q0	5720#0	1
829	Q0	278439#3	1
829	Q0	244967#0	0
829	Q0	4648#4	0
829	Q0	34085#16	0
829	Q0	5720#8	0
829	Q0	34085#17	0
829	Q0	8462#0	0
831	Q0	4690#3	1
831	Q0	31922#5	1
831	Q0	20706#13	1
831	Q0	397461#1	1
831	Q0	33041#10	0
831	Q0	101388#1	0
831	Q0	4396#9	0
831	Q0	20706#2	0
831	Q0	31922#0	0
831	Q0	397461#2	0
833	Q0	44228#3	1
833	Q0	44228#6	1
833	Q0	44228#2	1
833	Q0	44228#1	1
833	Q0	44228#5	1
833	Q0	44228#0	1
833	Q0	44228#4	1
833	Q0	44228#7	0
833	Q0	44228#10	0
833	Q0	44228#14	0
834	Q0	19089#0	1
834	Q0	13149#5	1
834	Q0	282164#2	1
834	Q0	261388#19	1
834	Q0	23420#6	0
834	Q0	18637#1	0
834	Q0	394651#41	0
834	Q0	422184#0	0
834	Q0	291989#2	0
834	Q0	152472#5	0
835	Q0	25571#2	1
835	Q0	752#74	1
835	Q0	124032#7	1
835	Q0	752#5	1
835	Q0	72717#46	0
835	Q0	14615#29	0
835	Q0	266999#32	0
835	Q0	67832#37	0
835	Q0	314509#1	0
835	Q0	146177#5	0
836	Q0	4962#52	1
836	Q0	140161#6	1
836	Q0	4962#24	1
836	Q0	324758#1	1
836	Q0	273895#0	1
836	Q0	29955#8	0
836	Q0	136284#54	0
836	Q0	4962#1	0
836	Q0	22358#5	0
836	Q0	266999#32	0
837	Q0	187100#0	1
837	Q0	3473#24	1
837	Q0	12216#23	1
837	Q0	241094#0	1
837	Q0	3473#14	1
837	Q0	432507#3	0
837	Q0	245316#1	0
837	Q0	265724#0	0
837	Q0	72743#0	0
837	Q0	15362#8	0
838	Q0	435220#0	1
838	Q0	435220#1	1
838	Q0	435220#2	1
838	Q0	435220#9	0
838	Q0	2997#1	0
838	Q0	435220#5	0
838	Q0	240896#1	0
838	Q0	435220#13	0
838	Q0	4065#5	0
838	Q0	250638#1	0
839	Q0	51491#1	1
839	Q0	51491#0	1
839	Q0	1#25	1
839	Q0	51491#6	0
839	Q0	51491#21	0
839	Q0	51491#14	0
839	Q0	51491#9	0
839	Q0	51491#20	0
839	Q0	51491#16	0
839	Q0	51491#23	0
842	Q0	2772#4	1
842	Q0	2772#7	1
842	Q0	2772#13	1
842	Q0	2772#1	0
842	Q0	2772#0	0
842	Q0	2772#3	0
842	Q0	2772#8	0
842	Q0	49376#4	0
842	Q0	402173#5	0
842	Q0	3235#4	0
843	Q0	429295#3	1
843	Q0	429295#1	1
843	Q0	429295#9	1
843	Q0	429295#8	0
843	Q0	429295#0	0
843	Q0	429295#4	0
843	Q0	429295#7	0
843	Q0	429295#6	0
843	Q0	429295#5	0
843	Q0	306011#1	0
844	Q0	35851#39	1
844	Q0	4759#12	1
844	Q0	817#11	1
844	Q0	4776#0	1
844	Q0	4777#0	1
844	Q0	4767#0	0
844	Q0	33946#0	0
844	Q0	4759#56	0
844	Q0	4762#6	0
844	Q0	4789#0	0
847	Q0	281823#33	1
847	Q0	41934#0	1
847	Q0	1029#1	0
847	Q0	281823#29	0
847	Q0	2486932#0	0
847	Q0	281823#37	0
847	Q0	3803#9	0
847	Q0	1029#39	0
847	Q0	281823#11	0
847	Q0	281823#31	0
848	Q0	178678#0	1
848	Q0	13166#4	1
848	Q0	290051#0	0
848	Q0	13166#15	0
848	Q0	13166#1	0
848	Q0	13166#10	0
848	Q0	290051#1	0
848	Q0	13166#5	0
848	Q0	20461#5	0
848	Q0	398757#4	0
851	Q0	305468#3	1
851	Q0	145760#0	0
851	Q0	40108#0	0
851	Q0	16913#1	0
851	Q0	69008#20	0
851	Q0	415758#2	0
851	Q0	395250#6	0
851	Q0	40109#0	0
851	Q0	392497#0	0
851	Q0	202236#16	0
852	Q0	215512#0	1
852	Q0	215512#8	1
852	Q0	21839#14	0
852	Q0	16761#0	0
852	Q0	257207#8	0
852	Q0	12115#11	0
852	Q0	17368#20	0
852	Q0	257207#2	0
852	Q0	154648#0	0
852	Q0	215512#2	0
853	Q0	121654#2	1
853	Q0	121676#30	1
853	Q0	118046#4	0
853	Q0	425901#0	0
853	Q0	429924#6	0
853	Q0	109481#1	0
853	Q0	423516#3	0
853	Q0	109481#4	0
853	Q0	109481#2	0
853	Q0	232352#19	0
854	Q0	56760#0	1
854	Q0	56760#3	1
854	Q0	56760#9	1
854	Q0	56760#4	0
854	Q0	56760#7	0
854	Q0	56760#5	0
854	Q0	56760#8	0
854	Q0	56760#12	0
854	Q0	56760#11	0
854	Q0	58224#2	0
855	Q0	148299#0	1
855	Q0	18343#1	1
855	Q0	37124#10	0
855	Q0	748#26	0
855	Q0	37124#3	0
855	Q0	183732#0	0
855	Q0	37124#4	0
855	Q0	37426#8	0
855	Q0	18357#7	0
855	Q0	37124#0	0
856	Q0	20782#0	1
856	Q0	131324#6	1
856	Q0	5405#1	0
856	Q0	225339#1	0
856	Q0	141718#1	0
856	Q0	141718#4	0
856	Q0	155888#13	0
856	Q0	141718#0	0
856	Q0	254274#2	0
856	Q0	224409#1	0
857	Q0	41077#29	1
857	Q0	3768#14	1
857	Q0	21321#7	1
857	Q0	41077#0	1
857	Q0	3768#0	0
857	Q0	3768#19	0
857	Q0	4016#4	0
857	Q0	41077#19	0
857	Q0	3768#2	0
857	Q0	180555#1	0
858	Q0	756#5	1
858	Q0	2643#37	1
858	Q0	3909#0	0
858	Q0	6906#22	0
858	Q0	21839#3	0
858	Q0	8273#28	0
858	Q0	233735#1	0
858	Q0	6509#41	0
858	Q0	8613#11	0
858	Q0	9588#7	0
860	Q0	320314#1	1
860	Q0	320314#10	1
860	Q0	320314#5	0
860	Q0	320314#6	0
860	Q0	320314#7	0
860	Q0	320314#2	0
860	Q0	320314#9	0
860	Q0	320314#8	0
860	Q0	124944#1	0
860	Q0	183732#3	0
861	Q0	260107#4	1
861	Q0	752#59	1
861	Q0	7594#0	1
861	Q0	260107#3	1
861	Q0	7594#11	1
861	Q0	260107#2	0
861	Q0	7594#12	0
861	Q0	7594#1	0
861	Q0	752#60	0
861	Q0	7594#13	0
863	Q0	709#5	1
863	Q0	397461#2	1
863	Q0	33043#5	1
863	Q0	30255#0	0
863	Q0	120458#7	0
863	Q0	52103#0	0
863	Q0	690#38	0
863	Q0	690#1	0
863	Q0	352107#0	0
863	Q0	430220#0	0
864	Q0	6362#2	1
864	Q0	6362#16	1
864	Q0	6362#0	1
864	Q0	65689#0	0
864	Q0	39786#0	0
864	Q0	6362#17	0
864	Q0	161362#0	0
864	Q0	344084#0	0
864	Q0	6362#1	0
864	Q0	2610893#0	0
865	Q0	3908#11	1
865	Q0	3908#92	1
865	Q0	3908#6	1
865	Q0	3908#40	0
865	Q0	348359#8	0
865	Q0	239238#25	0
865	Q0	3908#71	0
865	Q0	3908#25	0
865	Q0	3908#16	0
865	Q0	3908#91	0
866	Q0	278217#0	1
866	Q0	208747#39	1
866	Q0	208747#47	1
866	Q0	208747#38	1
866	Q0	278217#1	0
866	Q0	57124#10	0
866	Q0	245144#0	0
866	Q0	57124#1	0
866	Q0	278217#7	0
866	Q0	396987#0	0
870	Q0	4732#2	1
870	Q0	215605#0	1
870	Q0	13657#5	1
870	Q0	217592#0	1
870	Q0	4740#0	1
870	Q0	3891#5	0
870	Q0	250271#0	0
870	Q0	242756#3	0
870	Q0	3891#7	0
870	Q0	243436#0	0
871	Q0	23649#15	1
871	Q0	327596#34	1
871	Q0	327596#0	1
871	Q0	327596#3	1
871	Q0	327596#17	1
871	Q0	17412#9	0
871	Q0	17412#8	0
871	Q0	17412#0	0
871	Q0	327596#18	0
871	Q0	17412#15	0
872	Q0	4138#11	1
872	Q0	4138#0	1
872	Q0	341674#0	1
872	Q0	4138#12	0
872	Q0	4138#32	0
872	Q0	341711#0	0
872	Q0	341709#0	0
872	Q0	341759#0	0
872	Q0	4138#13	0
872	Q0	55994#0	0
873	Q0	6676#0	1
873	Q0	13221#0	1
873	Q0	24907#0	1
873	Q0	23424#0	1
873	Q0	6676#5	0
873	Q0	6676#4	0
873	Q0	131898#0	0
873	Q0	78216#0	0
873	Q0	291741#0	0
873	Q0	83502#0	0
874	Q0	63541#43	1
874	Q0	6920#6	1
874	Q0	63541#27	0
874	Q0	63541#30	0
874	Q0	63541#23	0
874	Q0	63541#0	0
874	Q0	63541#24	0
874	Q0	63541#18	0
874	Q0	63541#45	0
874	Q0	63541#32	0
875	Q0	345262#3	1
875	Q0	345262#0	1
875	Q0	345262#2	1
875	Q0	345262#8	1
875	Q0	373138#0	1
875	Q0	51208#7	0
875	Q0	345262#5	0
875	Q0	6778#0	0
875	Q0	271656#1	0
875	Q0	11367#0	0
876	Q0	296744#23	1
876	Q0	296744#22	1
876	Q0	17143#4	1
876	Q0	97497#1	0
876	Q0	289309#0	0
876	Q0	289309#2	0
876	Q0	97497#2	0
876	Q0	135382#16	0
876	Q0	97497#7	0
876	Q0	3849#10	0
877	Q0	123931#8	1
877	Q0	123922#6	1
877	Q0	730#4	1
877	Q0	730#1	1
877	Q0	266999#18	1
877	Q0	730#42	0
877	Q0	341277#0	0
877	Q0	36276#0	0
877	Q0	123922#1	0
877	Q0	3156#0	0
878	Q0	104254#2	1
878	Q0	186655#3	1
878	Q0	186655#7	1
878	Q0	186655#2	0
878	Q0	186655#0	0
878	Q0	154849#4	0
878	Q0	178187#2	0
878	Q0	186655#8	0
878	Q0	184495#9	0
878	Q0	186655#5	0
878	Q0	25459#42	0
878	Q0	186655#9	0
880	Q0	396668#52	1
880	Q0	789#1	1
880	Q0	790#0	1
880	Q0	3483#0	1
880	Q0	396668#53	0
880	Q0	396668#44	0
880	Q0	6628#0	0
880	Q0	396668#49	0
880	Q0	5514#0	0
880	Q0	307060#47	0
882	Q0	46623#11	1
882	Q0	3800#41	1
882	Q0	140156#7	1
882	Q0	3800#27	1
882	Q0	12539#0	1
882	Q0	12539#5	1
882	Q0	19693#48	0
882	Q0	19693#40	0
882	Q0	19693#24	0
882	Q0	46623#14	0
882	Q0	3800#26	0
882	Q0	19693#34	0
882	Q0	12539#1	0
883	Q0	748#33	1
883	Q0	18128#0	1
883	Q0	748#0	1
883	Q0	41233#0	0
883	Q0	748#62	0
883	Q0	377611#1	0
883	Q0	19135#0	0
883	Q0	16172#1	0
883	Q0	24101#2	0
883	Q0	16172#14	0
884	Q0	12980#86	1
884	Q0	279666#1	1
884	Q0	264043#0	1
884	Q0	102762#41	1
884	Q0	33176#157	1
884	Q0	4452#18	0
884	Q0	8104#15	0
884	Q0	78820#11	0
884	Q0	78820#13	0
884	Q0	12980#47	0
886	Q0	306326#3	1
886	Q0	266092#12	1
886	Q0	277702#3	1
886	Q0	281654#0	1
886	Q0	271612#1	0
886	Q0	277701#10	0
886	Q0	277701#3	0
886	Q0	277701#8	0
886	Q0	281646#5	0
886	Q0	266092#17	0
887	Q0	193129#5	1
887	Q0	193129#0	1
887	Q0	240771#1	0
887	Q0	302702#0	0
887	Q0	371309#0	0
887	Q0	51020#17	0
887	Q0	3992#5	0
887	Q0	202308#0	0
887	Q0	3259#22	0
887	Q0	82321#17	0
888	Q0	829#4	1
888	Q0	829#2	1
888	Q0	829#0	1
888	Q0	799#0	0
888	Q0	5077#3	0
888	Q0	829#3	0
888	Q0	829#5	0
888	Q0	217604#2	0
888	Q0	36262#5	0
888	Q0	202183#0	0
890	Q0	36917#6	1
890	Q0	36917#3	1
890	Q0	36917#1	1
890	Q0	36917#4	1
890	Q0	206591#3	0
890	Q0	36917#5	0
890	Q0	206591#0	0
890	Q0	273272#1	0
890	Q0	135779#20	0
890	Q0	273272#5	0
891	Q0	221614#0	1
891	Q0	19463#15	1
891	Q0	19463#0	0
891	Q0	4449#1	0
891	Q0	4449#6	0
891	Q0	19463#5	0
891	Q0	33176#62	0
891	Q0	152472#8	0
891	Q0	19463#12	0
891	Q0	33176#63	0
892	Q0	4268#3	1
892	Q0	354615#0	1
892	Q0	4268#81	1
892	Q0	301711#0	1
892	Q0	4268#1	0
892	Q0	4268#2	0
892	Q0	43571#0	0
892	Q0	4268#50	0
892	Q0	4268#5	0
892	Q0	4268#66	0
895	Q0	21676#0	1
895	Q0	60457#1	0
895	Q0	21676#3	0
895	Q0	60801#0	0
895	Q0	289525#0	0
895	Q0	294020#0	0
895	Q0	366777#0	0
895	Q0	130090#2	0
895	Q0	360481#0	0
895	Q0	110884#4	0
895	Q0	243919#0	0
897	Q0	357711#0	1
897	Q0	357711#3	1
897	Q0	337351#0	1
897	Q0	308201#11	1
897	Q0	337351#19	0
897	Q0	308201#2	0
897	Q0	2688#1	0
897	Q0	308201#0	0
897	Q0	218565#2	0
897	Q0	218565#0	0
898	Q0	2227401#1	1
898	Q0	10429#20	0
898	Q0	371431#3	0
898	Q0	21467#52	0
898	Q0	124862#58	0
898	Q0	265889#2	0
898	Q0	246307#3	0
898	Q0	838#17	0
898	Q0	224285#24	0
898	Q0	2227401#2	0
898	Q0	204236#9	0
898	Q0	2227401#0	0
898	Q0	2227401#3	0
898	Q0	2227401#4	0
900	Q0	330560#0	1
900	Q0	330560#13	1
900	Q0	330560#5	0
900	Q0	330560#4	0
900	Q0	330560#6	0
900	Q0	330560#11	0
900	Q0	330560#3	0
900	Q0	330560#12	0
900	Q0	330560#2	0
900	Q0	330560#7	0
901	Q0	243147#0	1
901	Q0	243147#22	1
901	Q0	243147#1	1
901	Q0	216981#2	1
901	Q0	243147#5	1
901	Q0	243147#7	1
901	Q0	133726#36	0
901	Q0	243147#2	0
901	Q0	243147#3	0
901	Q0	249452#0	0
901	Q0	243147#20	0
901	Q0	243147#14	0
903	Q0	312171#2	1
903	Q0	6750#8	1
903	Q0	6750#1	1
903	Q0	356390#6	0
903	Q0	295394#1	0
903	Q0	6750#2	0
903	Q0	6750#25	0
903	Q0	105941#25	0
903	Q0	27274#1	0
903	Q0	105941#1	0
906	Q0	152309#0	1
906	Q0	152309#5	0
906	Q0	152309#6	0
906	Q0	152309#2	0
906	Q0	238843#3	0
906	Q0	79181#1	0
906	Q0	152313#0	0
906	Q0	152309#21	0
906	Q0	317209#6	0
906	Q0	152309#7	0
907	Q0	82#60	1
907	Q0	82#11	1
907	Q0	9#9	1
907	Q0	82#0	1
907	Q0	82#62	1
907	Q0	82#6	1
907	Q0	82#61	0
907	Q0	79172#4	0
907	Q0	82#63	0
907	Q0	82#13	0
908	Q0	6276#2	1
908	Q0	127449#71	1
908	Q0	27356#3	0
908	Q0	6276#57	0
908	Q0	6276#61	0
908	Q0	6276#55	0
908	Q0	6276#41	0
908	Q0	6276#58	0
908	Q0	6276#44	0
908	Q0	127449#73	0
912	Q0	45068#7	1
912	Q0	256628#2	1
912	Q0	45068#6	1
912	Q0	330957#0	1
912	Q0	27476#0	0
912	Q0	330957#1	0
912	Q0	27476#1	0
912	Q0	236141#13	0
912	Q0	72339#4	0
912	Q0	76720#1	0
914	Q0	155083#3	1
914	Q0	44598#0	1
914	Q0	70991#0	1
914	Q0	250183#1	0
914	Q0	15002#0	0
914	Q0	15030#0	0
914	Q0	6088#3	0
914	Q0	404358#1	0
914	Q0	26346#3	0
914	Q0	343295#0	0
915	Q0	269418#0	1
915	Q0	187326#8	0
915	Q0	269418#11	0
915	Q0	269418#18	0
915	Q0	269418#1	0
915	Q0	269418#22	0
915	Q0	283063#0	0
915	Q0	269418#17	0
915	Q0	269418#19	0
915	Q0	319628#15	0
916	Q0	44#17	1
916	Q0	62036#4	1
916	Q0	59826#3	1
916	Q0	8283#0	0
916	Q0	8283#5	0
916	Q0	177152#1	0
916	Q0	245152#17	0
916	Q0	8283#10	0
916	Q0	105795#1	0
916	Q0	157104#1	0
917	Q0	83815#46	1
917	Q0	54008#2	0
917	Q0	333105#6	0
917	Q0	19369#12	0
917	Q0	25903#21	0
917	Q0	21219#45	0
917	Q0	18105#0	0
917	Q0	3101#12	0
917	Q0	25040#1	0
917	Q0	4082#11	0
918	Q0	2579885#0	1
918	Q0	144207#1	0
918	Q0	3992#12	0
918	Q0	56600#1	0
918	Q0	253320#1	0
918	Q0	34531#1	0
918	Q0	17663#5	0
918	Q0	13164#1	0
918	Q0	416298#1	0
918	Q0	58172#2	0
920	Q0	105902#3	1
920	Q0	105902#1	1
920	Q0	235980#1	1
920	Q0	105902#19	1
920	Q0	235980#4	0
920	Q0	105902#14	0
920	Q0	105902#17	0
920	Q0	105902#15	0
920	Q0	105902#16	0
920	Q0	59068#1	0
922	Q0	690#8	1
922	Q0	690#7	1
922	Q0	690#53	1
922	Q0	4650#1	0
922	Q0	18612#21	0
922	Q0	365564#5	0
922	Q0	4642#0	0
922	Q0	13984#0	0
922	Q0	14059#1	0
922	Q0	213378#2	0
923	Q0	71680#4	1
923	Q0	71680#5	1
923	Q0	347508#5	1
923	Q0	8164#10	0
923	Q0	347508#13	0
923	Q0	71680#0	0
923	Q0	347508#12	0
923	Q0	403557#1	0
923	Q0	8164#9	0
923	Q0	159024#1	0
924	Q0	436813#1	1
924	Q0	3367#1	1
924	Q0	61799#22	1
924	Q0	152715#0	1
924	Q0	154829#1	1
924	Q0	62477#16	1
924	Q0	20025#14	0
924	Q0	181267#0	0
924	Q0	62477#36	0
924	Q0	62477#38	0
925	Q0	21873#0	1
925	Q0	56564#0	1
925	Q0	150238#0	1
925	Q0	21873#15	1
925	Q0	153624#0	1
925	Q0	153153#0	1
925	Q0	21873#7	1
925	Q0	41560#0	1
925	Q0	25016#0	0
925	Q0	21873#1	0
926	Q0	38621#19	1
926	Q0	38624#4	1
926	Q0	38621#14	1
926	Q0	215663#28	1
926	Q0	770#11	1
926	Q0	38621#24	1
926	Q0	38621#33	0
926	Q0	38621#25	0
926	Q0	38621#16	0
926	Q0	3976#8	0
926	Q0	38621#15	0
928	Q0	12559#0	1
928	Q0	46562#0	0
928	Q0	12559#4	0
928	Q0	405671#1	0
928	Q0	12559#1	0
928	Q0	7903#2	0
928	Q0	12559#3	0
928	Q0	12559#2	0
928	Q0	274654#17	0
928	Q0	12559#8	0
929	Q0	19641#3	1
929	Q0	68692#41	1
929	Q0	58172#4	0
929	Q0	195859#7	0
929	Q0	19641#41	0
929	Q0	58174#11	0
929	Q0	19641#1	0
929	Q0	131469#2	0
929	Q0	83166#0	0
929	Q0	54867#14	0
930	Q0	63042#0	1
930	Q0	21873#22	1
930	Q0	130167#4	1
930	Q0	63042#9	0
930	Q0	150238#4	0
930	Q0	56570#2	0
930	Q0	63042#1	0
930	Q0	65764#0	0
930	Q0	63042#50	0
930	Q0	164585#0	0
931	Q0	75434#0	1
931	Q0	112908#9	1
931	Q0	66677#7	1
931	Q0	6408#5	1
931	Q0	357656#0	1
931	Q0	314904#0	0
931	Q0	23420#0	0
931	Q0	214803#1	0
931	Q0	12198#22	0
931	Q0	23699#31	0
932	Q0	261909#0	1
932	Q0	381938#1	1
932	Q0	3022#28	0
932	Q0	81282#0	0
932	Q0	226434#0	0
932	Q0	68692#17	0
932	Q0	103039#18	0
932	Q0	71418#0	0
932	Q0	118004#0	0
932	Q0	250638#3	0
933	Q0	16761#0	1
933	Q0	78768#2	1
933	Q0	21839#13	1
933	Q0	289309#3	1
933	Q0	21839#14	0
933	Q0	115514#20	0
933	Q0	7292#0	0
933	Q0	77961#3	0
933	Q0	6982#56	0
933	Q0	26875#7	0
934	Q0	236668#0	1
934	Q0	236668#13	1
934	Q0	48270#2	1
934	Q0	48270#0	1
934	Q0	10480#35	0
934	Q0	137413#2	0
934	Q0	5771#41	0
934	Q0	9646#19	0
934	Q0	14319#1	0
934	Q0	309134#0	0
936	Q0	82#0	1
936	Q0	82#1	1
936	Q0	234035#16	1
936	Q0	15624#1	0
936	Q0	5862#0	0
936	Q0	15424#12	0
936	Q0	119179#21	0
936	Q0	119179#0	0
936	Q0	82#14	0
936	Q0	61937#2	0
937	Q0	57986#0	1
937	Q0	57986#19	1
937	Q0	50#15	1
937	Q0	4121#3	1
937	Q0	57986#45	1
937	Q0	57986#2	0
937	Q0	57986#43	0
937	Q0	57986#13	0
937	Q0	33605#7	0
937	Q0	10730#34	0
937	Q0	57987#2	0
938	Q0	46802#0	1
938	Q0	176399#0	1
938	Q0	4762#3	1
938	Q0	46802#2	1
938	Q0	4762#0	0
938	Q0	4791#5	0
938	Q0	46802#3	0
938	Q0	4783#0	0
938	Q0	46802#1	0
938	Q0	4759#57	0
939	Q0	6750#7	1
939	Q0	8946#8	1
939	Q0	312171#2	1
939	Q0	201986#15	1
939	Q0	6750#2	0
939	Q0	263715#17	0
939	Q0	105941#30	0
939	Q0	356390#39	0
939	Q0	274677#0	0
939	Q0	356390#65	0
941	Q0	69377#4	1
941	Q0	349313#1	1
941	Q0	34499#23	1
941	Q0	69377#0	1
941	Q0	34499#22	1
941	Q0	118037#0	1
941	Q0	34499#6	1
941	Q0	34499#21	0
941	Q0	34499#5	0
941	Q0	34499#0	0
942	Q0	61783#11	1
942	Q0	61783#13	1
942	Q0	61783#8	1
942	Q0	61783#12	1
942	Q0	61783#10	0
942	Q0	61783#0	0
942	Q0	87318#0	0
942	Q0	61783#9	0
942	Q0	61783#1	0
942	Q0	4067#24	0
943	Q0	91028#3	1
943	Q0	91028#0	1
943	Q0	91028#4	1
943	Q0	91028#2	0
943	Q0	91028#14	0
943	Q0	91028#11	0
943	Q0	91028#5	0
943	Q0	91028#13	0
943	Q0	91028#7	0
943	Q0	91028#12	0
944	Q0	313427#27	1
944	Q0	71549#2	1
944	Q0	88028#12	1
944	Q0	313427#24	0
944	Q0	313427#18	0
944	Q0	313427#22	0
944	Q0	313427#0	0
944	Q0	313427#35	0
944	Q0	313427#23	0
944	Q0	5608#29	0
945	Q0	207501#0	1
945	Q0	207501#4	1
945	Q0	207501#2	1
945	Q0	4271#6	1
945	Q0	211115#5	0
945	Q0	3236#5	0
945	Q0	71170#0	0
945	Q0	410247#1	0
945	Q0	81282#0	0
945	Q0	135298#0	0
947	Q0	6207#0	1
947	Q0	6208#17	1
947	Q0	4186#0	1
947	Q0	6208#0	0
947	Q0	52#2	0
947	Q0	6207#10	0
947	Q0	75840#0	0
947	Q0	11415#0	0
947	Q0	11413#10	0
947	Q0	4188#2	0
949	Q0	4059#11	1
949	Q0	49500#0	0
949	Q0	49500#1	0
949	Q0	49501#1	0
949	Q0	68#8	0
949	Q0	288217#0	0
949	Q0	36820#5	0
949	Q0	128403#0	0
949	Q0	4538#1	0
949	Q0	32492#1	0
950	Q0	9152#4	1
950	Q0	13109#3	1
950	Q0	1418428#4	1
950	Q0	103676#3	0
950	Q0	838#17	0
950	Q0	84608#0	0
950	Q0	238271#1	0
950	Q0	137424#3	0
950	Q0	12723#4	0
950	Q0	70567#3	0
951	Q0	15111#0	1
951	Q0	85366#0	1
951	Q0	190145#4	1
951	Q0	21136#0	0
951	Q0	21136#2	0
951	Q0	5431#39	0
951	Q0	7065#8	0
951	Q0	16#59	0
951	Q0	66004#1	0
951	Q0	101130#9	0
953	Q0	302408#39	1
953	Q0	105927#8	1
953	Q0	11349#12	1
953	Q0	302408#30	1
953	Q0	24555#3	0
953	Q0	51387#1	0
953	Q0	61381#78	0
953	Q0	33369#2	0
953	Q0	302408#70	0
953	Q0	269160#9	0
954	Q0	18613#3	1
954	Q0	180397#9	1
954	Q0	34083#16	1
954	Q0	18613#30	1
954	Q0	18613#0	1
954	Q0	394570#1	1
954	Q0	37207#0	0
954	Q0	38908#12	0
954	Q0	20364#5	0
954	Q0	297685#3	0
956	Q0	206339#2	1
956	Q0	15968#36	1
956	Q0	34085#17	1
956	Q0	364593#2	1
956	Q0	5720#8	0
956	Q0	21124#1	0
956	Q0	49098#0	0
956	Q0	339138#1	0
956	Q0	6391#6	0
956	Q0	5916#2	0
958	Q0	442736#1	1
958	Q0	442736#0	1
958	Q0	442736#4	1
958	Q0	442736#2	1
958	Q0	442736#7	0
958	Q0	442736#5	0
958	Q0	442736#13	0
958	Q0	442736#11	0
958	Q0	442736#12	0
958	Q0	442736#3	0
960	Q0	130167#7	1
960	Q0	130167#11	1
960	Q0	59156#2	0
960	Q0	153624#0	0
960	Q0	25016#1	0
960	Q0	21873#18	0
960	Q0	21873#19	0
960	Q0	57328#0	0
960	Q0	21873#13	0
960	Q0	59156#5	0
961	Q0	349051#2	1
961	Q0	28560#26	1
961	Q0	28560#10	1
961	Q0	301870#0	1
961	Q0	13765#53	1
961	Q0	20136#0	1
961	Q0	160437#0	0
961	Q0	436675#0	0
961	Q0	13253#0	0
961	Q0	3076#2	0
962	Q0	234572#0	1
962	Q0	234572#1	1
962	Q0	234572#3	1
962	Q0	234572#9	1
962	Q0	234572#13	1
962	Q0	234572#6	0
962	Q0	234572#5	0
962	Q0	234572#2	0
962	Q0	241102#3	0
962	Q0	234572#4	0
963	Q0	124108#0	1
963	Q0	124108#4	1
963	Q0	17117#1	0
963	Q0	360541#2	0
963	Q0	4770#1	0
963	Q0	402987#0	0
963	Q0	113099#1	0
963	Q0	115277#1	0
963	Q0	230994#0	0
963	Q0	40408#1	0
963	Q0	340491#3	0
963	Q0	124108#3	0
963	Q0	124108#8	0
967	Q0	303489#7	1
967	Q0	303489#0	1
967	Q0	303489#1	1
967	Q0	303489#3	1
967	Q0	20515#3	0
967	Q0	303489#4	0
967	Q0	303489#2	0
967	Q0	15247#2	0
967	Q0	10627#51	0
967	Q0	222279#9	0
968	Q0	89162#5	1
968	Q0	3493#129	0
968	Q0	381211#3	0
968	Q0	353159#0	0
968	Q0	287609#16	0
968	Q0	57069#1	0
968	Q0	341475#7	0
968	Q0	13991#62	0
968	Q0	284027#21	0
968	Q0	326644#1	0
969	Q0	368112#2	1
969	Q0	247782#0	1
969	Q0	368112#9	1
969	Q0	415220#0	1
969	Q0	368112#7	0
969	Q0	345347#2	0
969	Q0	368112#5	0
969	Q0	415220#8	0
969	Q0	415220#6	0
969	Q0	380290#0	0
969	Q0	415220#7	0
970	Q0	4650#1	1
970	Q0	79278#0	1
970	Q0	14059#1	0
970	Q0	4433#2	0
970	Q0	4642#0	0
970	Q0	18743#0	0
970	Q0	31143#1	0
970	Q0	4642#2	0
970	Q0	43464#0	0
970	Q0	49501#9	0
972	Q0	27857#0	1
972	Q0	9#14	1
972	Q0	33480#1	1
972	Q0	33480#4	0
972	Q0	10985#0	0
972	Q0	27857#5	0
972	Q0	6463#12	0
972	Q0	377748#5	0
972	Q0	389057#0	0
972	Q0	81282#0	0
973	Q0	160452#0	1
973	Q0	13906#42	1
973	Q0	10627#28	1
973	Q0	14803#1	1
973	Q0	28560#8	1
973	Q0	391047#1	0
973	Q0	3076#6	0
973	Q0	144619#0	0
973	Q0	28560#3	0
973	Q0	3076#7	0
974	Q0	51174#4	1
974	Q0	4498#6	1
974	Q0	22496#0	1
974	Q0	209421#0	1
974	Q0	97504#0	0
974	Q0	22496#4	0
974	Q0	48549#7	0
974	Q0	22496#3	0
974	Q0	51174#5	0
974	Q0	51174#42	0
975	Q0	177741#1	1
975	Q0	13378#13	1
975	Q0	13378#12	1
975	Q0	177741#8	1
975	Q0	2740#67	0
975	Q0	2740#43	0
975	Q0	111529#2	0
975	Q0	22214#0	0
975	Q0	386215#3	0
975	Q0	9590#52	0
976	Q0	8305#0	1
976	Q0	307254#1	1
976	Q0	8637#10	0
976	Q0	8637#9	0
976	Q0	8637#21	0
976	Q0	8637#22	0
976	Q0	220863#0	0
976	Q0	19987#1	0
976	Q0	32998#0	0
976	Q0	8305#2	0
977	Q0	353990#0	1
977	Q0	353990#14	1
977	Q0	80367#70	1
977	Q0	80367#8	1
977	Q0	353990#12	1
977	Q0	353990#1	0
977	Q0	353990#9	0
977	Q0	353990#15	0
977	Q0	353990#8	0
977	Q0	353990#13	0
978	Q0	33282#5	1
978	Q0	311717#12	0
978	Q0	311717#15	0
978	Q0	311717#14	0
978	Q0	26346#21	0
978	Q0	26346#3	0
978	Q0	26346#22	0
978	Q0	402907#9	0
978	Q0	26346#2	0
978	Q0	26346#4	0
979	Q0	337338#3	1
979	Q0	21944#1	1
979	Q0	21944#2	1
979	Q0	21944#9	0
979	Q0	242109#5	0
979	Q0	156898#2	0
979	Q0	21944#0	0
979	Q0	20195#11	0
979	Q0	232513#41	0
979	Q0	314174#1	0
982	Q0	28247#0	1
982	Q0	252701#0	1
982	Q0	4477#3	1
982	Q0	13952#115	0
982	Q0	13952#1	0
982	Q0	286124#1	0
982	Q0	4910#2	0
982	Q0	4912#0	0
982	Q0	277831#0	0
982	Q0	4926#3	0
983	Q0	64045#7	1
983	Q0	10023#0	1
983	Q0	108648#32	1
983	Q0	10023#2	0
983	Q0	35964#4	0
983	Q0	10023#7	0
983	Q0	10023#1	0
983	Q0	10023#3	0
983	Q0	10023#13	0
983	Q0	11531#0	0
985	Q0	250866#17	1
985	Q0	44189#2	1
985	Q0	215543#1	1
985	Q0	215543#2	1
985	Q0	260311#3	0
985	Q0	215543#0	0
985	Q0	445897#6	0
985	Q0	3803#10	0
985	Q0	216897#0	0
985	Q0	147299#0	0
986	Q0	17131#0	1
986	Q0	318420#2	1
986	Q0	99818#2	1
986	Q0	331551#0	1
986	Q0	304957#10	0
986	Q0	17131#21	0
986	Q0	24840#1	0
986	Q0	24840#0	0
986	Q0	17131#1	0
986	Q0	151029#0	0
987	Q0	89455#3	1
987	Q0	364890#8	1
987	Q0	33774#67	1
987	Q0	89455#0	1
987	Q0	89455#53	0
987	Q0	89455#7	0
987	Q0	89455#40	0
987	Q0	89455#43	0
987	Q0	89455#24	0
987	Q0	364890#0	0
988	Q0	49125#20	1
988	Q0	152570#4	1
988	Q0	139110#8	0
988	Q0	206994#1	0
988	Q0	210324#15	0
988	Q0	152221#0	0
988	Q0	126737#16	0
988	Q0	348346#8	0
988	Q0	3363#1	0
988	Q0	225206#4	0
989	Q0	249038#0	1
989	Q0	249038#34	1
989	Q0	249038#40	1
989	Q0	249038#3	0
989	Q0	249038#30	0
989	Q0	249038#1	0
989	Q0	88206#15	0
989	Q0	5139#0	0
989	Q0	249038#44	0
989	Q0	249038#4	0
990	Q0	2961#10	1
990	Q0	341280#16	1
990	Q0	5463#15	1
990	Q0	195693#3	1
990	Q0	18205#35	1
990	Q0	195693#17	0
990	Q0	2961#5	0
990	Q0	18508#8	0
990	Q0	195693#10	0
990	Q0	12047#33	0
991	Q0	198152#10	1
991	Q0	44840#25	1
991	Q0	22099#31	1
991	Q0	22099#9	1
991	Q0	20771#7	1
991	Q0	22099#28	1
991	Q0	22099#68	1
991	Q0	22099#62	0
991	Q0	85044#0	0
991	Q0	336583#3	0
991	Q0	22099#7	0
991	Q0	20771#4	0
991	Q0	22099#0	0
991	Q0	22099#27	0
991	Q0	22099#42	0
991	Q0	22099#70	0
994	Q0	31866#26	1
994	Q0	343847#15	1
994	Q0	31866#23	1
994	Q0	31866#25	1
994	Q0	31866#0	0
994	Q0	120328#11	0
994	Q0	31866#1	0
994	Q0	31866#27	0
994	Q0	31866#19	0
994	Q0	31866#16	0
996	Q0	196457#0	1
996	Q0	196457#4	1
996	Q0	196457#7	0
996	Q0	196457#5	0
996	Q0	196457#1	0
996	Q0	196457#3	0
996	Q0	196457#2	0
996	Q0	196463#0	0
996	Q0	197074#0	0
996	Q0	197077#0	0
997	Q0	40129#0	1
997	Q0	372261#1	1
997	Q0	142799#0	1
997	Q0	25178#2	1
997	Q0	142799#1	1
997	Q0	142799#2	0
997	Q0	372261#2	0
997	Q0	4660#3	0
997	Q0	27587#9	0
997	Q0	177732#0	0
998	Q0	9#20	1
998	Q0	348144#65	1
998	Q0	9#21	1
998	Q0	343407#0	1
998	Q0	299399#5	1
998	Q0	348144#64	1
998	Q0	348144#3	0
998	Q0	20991#1	0
998	Q0	9#8	0
998	Q0	348144#76	0
999	Q0	2052973#0	1
999	Q0	3235#4	0
999	Q0	20034#1	0
999	Q0	205607#3	0
999	Q0	64199#0	0
999	Q0	64564#1	0
999	Q0	207993#2	0
999	Q0	177649#1	0
999	Q0	312545#7	0
999	Q0	147225#7	0
1000	Q0	2717#0	1
1000	Q0	78523#0	1
1000	Q0	78046#0	0
1000	Q0	37786#0	0
1000	Q0	53435#0	0
1000	Q0	348589#10	0
1000	Q0	77729#0	0
1000	Q0	79921#0	0
1000	Q0	10473#0	0
1000	Q0	80252#0	0
1003	Q0	15055#10	1
1003	Q0	15055#12	1
1003	Q0	11292#2	0
1003	Q0	27747#21	0
1003	Q0	437782#20	0
1003	Q0	26346#22	0
1003	Q0	282896#0	0
1003	Q0	311717#15	0
1003	Q0	3597#18	0
1003	Q0	45136#17	0
1004	Q0	26#0	1
1004	Q0	26#6	1
1004	Q0	26#5	0
1004	Q0	26#1	0
1004	Q0	45116#4	0
1004	Q0	74238#1	0
1004	Q0	7065#37	0
1004	Q0	346403#4	0
1004	Q0	404095#4	0
1004	Q0	26#4	0
1005	Q0	19693#4	1
1005	Q0	26931#10	1
1005	Q0	19693#5	0
1005	Q0	26931#9	0
1005	Q0	19693#18	0
1005	Q0	19693#7	0
1005	Q0	19693#6	0
1005	Q0	26931#8	0
1005	Q0	19693#0	0
1005	Q0	19693#8	0
1007	Q0	65719#3	1
1007	Q0	65719#4	1
1007	Q0	232787#43	1
1007	Q0	232787#44	1
1007	Q0	413343#3	0
1007	Q0	212607#0	0
1007	Q0	340491#15	0
1007	Q0	340491#3	0
1007	Q0	785#3	0
1007	Q0	4618#3	0
1008	Q0	15923#19	1
1008	Q0	35753#8	1
1008	Q0	15923#20	1
1008	Q0	35753#9	1
1008	Q0	35753#14	1
1008	Q0	15923#14	1
1008	Q0	1190154#0	1
1008	Q0	1190154#1	1
1008	Q0	35753#24	0
1008	Q0	15923#23	0
1008	Q0	35753#11	0
1008	Q0	35753#13	0
1011	Q0	2835#3	1
1011	Q0	22456#3	1
1011	Q0	6029#7	1
1011	Q0	150550#7	1
1011	Q0	418001#17	0
1011	Q0	2835#44	0
1011	Q0	48979#15	0
1011	Q0	245946#1	0
1011	Q0	2835#42	0
1012	Q0	55823#2	1
1012	Q0	55823#0	1
1012	Q0	55823#20	0
1012	Q0	48878#5	0
1012	Q0	154416#0	0
1012	Q0	232978#0	0
1012	Q0	247322#1	0
1012	Q0	3235#4	0
1012	Q0	209943#1	0
1012	Q0	275555#88	0
1013	Q0	37148#15	1
1013	Q0	37148#1	1
1013	Q0	37148#10	0
1013	Q0	37148#14	0
1013	Q0	37148#2	0
1013	Q0	37148#4	0
1013	Q0	110269#0	0
1013	Q0	334776#0	0
1013	Q0	37148#11	0
1013	Q0	206709#1	0
1014	Q0	328643#19	1
1014	Q0	7875#11	0
1014	Q0	355621#1	0
1014	Q0	7875#10	0
1014	Q0	122317#4	0
1014	Q0	1128#3	0
1014	Q0	494925#0	0
1014	Q0	314871#9	0
1014	Q0	25902#3	0
1014	Q0	226103#98	0
1016	Q0	41142#0	1
1016	Q0	18525#2	1
1016	Q0	25069#0	1
1016	Q0	431370#21	1
1016	Q0	15978#7	0
1016	Q0	18525#1	0
1016	Q0	18525#13	0
1016	Q0	146730#2	0
1016	Q0	211576#0	0
1016	Q0	124969#5	0
1017	Q0	14028#1	1
1017	Q0	14028#5	1
1017	Q0	14028#11	1
1017	Q0	31765#6	1
1017	Q0	14028#16	1
1017	Q0	14028#6	0
1017	Q0	14028#14	0
1017	Q0	10480#42	0
1017	Q0	14294#0	0
1017	Q0	14028#15	0
1018	Q0	13196#8	1
1018	Q0	263089#0	1
1018	Q0	22763#0	1
1018	Q0	229585#27	0
1018	Q0	22763#1	0
1018	Q0	33176#27	0
1018	Q0	13196#10	0
1018	Q0	5997#7	0
1018	Q0	22763#2	0
1018	Q0	323569#0	0
1019	Q0	77#12	1
1019	Q0	49480#4	1
1019	Q0	2925#3	0
1019	Q0	230629#0	0
1019	Q0	230538#1	0
1019	Q0	232342#9	0
1019	Q0	15409#0	0
1019	Q0	37125#1	0
1019	Q0	77#7	0
1019	Q0	35357#30	0
1020	Q0	349323#0	1
1020	Q0	260317#1	1
1020	Q0	29564#0	1
1020	Q0	12085#37	0
1020	Q0	9179#21	0
1020	Q0	14867#3	0
1020	Q0	9179#0	0
1020	Q0	92720#1	0
1020	Q0	29564#1	0
1020	Q0	22537#2	0
1020	Q0	9179#55	0
1021	Q0	434116#4	1
1021	Q0	16798#0	1
1021	Q0	434116#0	1
1021	Q0	13855#2	1
1021	Q0	5570#6	0
1021	Q0	65804#1	0
1021	Q0	16798#3	0
1021	Q0	434116#5	0
1021	Q0	5431#42	0
1021	Q0	16798#15	0
1022	Q0	276814#0	1
1022	Q0	276749#0	1
1022	Q0	276681#9	1
1022	Q0	276681#10	1
1022	Q0	123595#0	0
1022	Q0	276749#2	0
1022	Q0	239388#28	0
1022	Q0	276749#5	0
1022	Q0	1135#23	0
1022	Q0	77689#1	0
1023	Q0	78434#7	1
1023	Q0	78434#30	1
1023	Q0	78434#2	1
1023	Q0	78434#21	1
1023	Q0	78434#29	1
1023	Q0	78434#23	0
1023	Q0	47159#6	0
1023	Q0	12723#56	0
1023	Q0	78434#5	0
1023	Q0	78434#13	0
1025	Q0	18981#0	1
1025	Q0	2453568#0	1
1025	Q0	434352#0	1
1025	Q0	81282#0	0
1025	Q0	3992#5	0
1025	Q0	228637#0	0
1025	Q0	226434#0	0
1025	Q0	84608#0	0
1025	Q0	69123#0	0
1025	Q0	134611#0	0
1027	Q0	21676#3	1
1027	Q0	110884#4	0
1027	Q0	60801#0	0
1027	Q0	289525#0	0
1027	Q0	60457#1	0
1027	Q0	130090#2	0
1027	Q0	60457#0	0
1027	Q0	635368#0	0
1027	Q0	21676#6	0
1027	Q0	3803#9	0
1028	Q0	25087#1	1
1028	Q0	25087#0	1
1028	Q0	17221#74	1
1028	Q0	198874#1	0
1028	Q0	10023#10	0
1028	Q0	25087#2	0
1028	Q0	339091#1	0
1028	Q0	11430#89	0
1028	Q0	12723#84	0
1028	Q0	198874#0	0
1029	Q0	30614#3	1
1029	Q0	30614#0	1
1029	Q0	30614#13	1
1029	Q0	30614#12	1
1029	Q0	30614#9	1
1029	Q0	30614#11	0
1029	Q0	350211#3	0
1029	Q0	442657#2	0
1029	Q0	86212#2	0
1029	Q0	86182#4	0
1030	Q0	44803#13	1
1030	Q0	37172#1	1
1030	Q0	275666#1	1
1030	Q0	26106#12	1
1030	Q0	266999#17	1
1030	Q0	275666#0	1
1030	Q0	275666#2	1
1030	Q0	5382#6	1
1030	Q0	40517#46	0
1030	Q0	410247#15	0
1033	Q0	19693#7	1
1033	Q0	126871#1	0
1033	Q0	26931#10	0
1033	Q0	26931#9	0
1033	Q0	19693#18	0
1033	Q0	19693#6	0
1033	Q0	19693#5	0
1033	Q0	19693#0	0
1033	Q0	19693#42	0
1034	Q0	305339#1	1
1034	Q0	372482#5	1
1034	Q0	12216#65	1
1034	Q0	9262#5	0
1034	Q0	3178#17	0
1034	Q0	3178#15	0
1034	Q0	798#18	0
1034	Q0	231611#4	0
1034	Q0	31461#1	0
1034	Q0	3493#97	0
1036	Q0	208747#39	1
1036	Q0	278217#0	0
1036	Q0	311040#0	0
1036	Q0	57124#1	0
1036	Q0	208747#47	0
1036	Q0	429207#0	0
1036	Q0	142864#0	0
1036	Q0	359351#0	0
1036	Q0	20278#2	0
1036	Q0	244081#0	0
1037	Q0	71185#0	1
1037	Q0	413371#27	1
1037	Q0	227770#7	1
1037	Q0	71185#13	0
1037	Q0	71185#6	0
1037	Q0	71185#2	0
1037	Q0	71185#15	0
1037	Q0	282164#8	0
1037	Q0	71185#10	0
1037	Q0	71185#5	0
1039	Q0	6088#3	1
1039	Q0	15110#0	1
1039	Q0	199515#2	1
1039	Q0	2954#7	1
1039	Q0	335741#0	1
1039	Q0	439553#5	0
1039	Q0	14943#1	0
1039	Q0	14968#1	0
1039	Q0	54527#3	0
1040	Q0	1114325#0	1
1040	Q0	232342#1	0
1040	Q0	3803#9	0
1040	Q0	236283#4	0
1040	Q0	17187#0	0
1040	Q0	236283#1	0
1040	Q0	335741#0	0
1040	Q0	138767#0	0
1040	Q0	111409#0	0
1040	Q0	9935#0	0
1042	Q0	13267#0	1
1042	Q0	240868#77	1
1042	Q0	13267#34	1
1042	Q0	13267#164	0
1042	Q0	13267#5	0
1042	Q0	13267#36	0
1042	Q0	13267#3	0
1042	Q0	13267#57	0
1042	Q0	13267#15	0
1042	Q0	103179#3	0
1043	Q0	1037#9	1
1043	Q0	8575#13	1
1043	Q0	44#70	1
1043	Q0	16#152	1
1043	Q0	8#35	0
1043	Q0	63309#2	0
1043	Q0	8#1	0
1043	Q0	8#40	0
1043	Q0	44#52	0
1043	Q0	703#15	0
1046	Q0	2688#5	1
1046	Q0	308201#11	1
1046	Q0	308201#16	1
1046	Q0	308201#0	1
1046	Q0	4589#10	1
1046	Q0	429003#2	0
1046	Q0	308201#26	0
1046	Q0	308201#10	0
1046	Q0	337351#19	0
1046	Q0	308201#34	0
1047	Q0	427680#3	1
1047	Q0	412016#2	1
1047	Q0	428635#12	1
1047	Q0	428923#2	1
1047	Q0	428619#5	1
1047	Q0	427680#6	1
1047	Q0	278234#24	0
1047	Q0	427680#12	0
1047	Q0	278234#5	0
1047	Q0	278234#23	0
1049	Q0	2604645#0	1
1049	Q0	70030#11	0
1049	Q0	278753#14	0
1049	Q0	128390#0	0
1049	Q0	226687#2	0
1049	Q0	208819#7	0
1049	Q0	38312#7	0
1049	Q0	13055#6	0
1049	Q0	62497#1	0
1049	Q0	2937#1	0
1050	Q0	235414#4	1
1050	Q0	109618#1	1
1050	Q0	235414#0	0
1050	Q0	198975#2	0
1050	Q0	198975#1	0
1050	Q0	810#0	0
1050	Q0	216301#8	0
1050	Q0	191870#9	0
1050	Q0	218682#0	0
1050	Q0	442677#1	0
1052	Q0	206339#2	1
1052	Q0	6391#6	1
1052	Q0	34085#17	0
1052	Q0	49098#0	0
1052	Q0	5720#8	0
1052	Q0	242525#0	0
1052	Q0	15968#36	0
1052	Q0	27791#25	0
1052	Q0	339138#1	0
1052	Q0	364593#2	0
1054	Q0	6760#31	1
1054	Q0	6760#1	1
1054	Q0	52231#2	1
1054	Q0	6760#32	1
1054	Q0	30578#1	1
1054	Q0	6760#16	0
1054	Q0	6760#38	0
1054	Q0	6760#46	0
1054	Q0	6760#28	0
1054	Q0	6760#17	0
1055	Q0	234572#0	1
1055	Q0	234572#1	1
1055	Q0	234572#6	0
1055	Q0	234572#3	0
1055	Q0	234572#9	0
1055	Q0	234572#5	0
1055	Q0	234572#13	0
1055	Q0	234572#10	0
1055	Q0	234572#4	0
1055	Q0	234572#2	0
1056	Q0	13180#64	1
1056	Q0	6867#27	1
1056	Q0	13180#65	1
1056	Q0	13180#66	1
1056	Q0	3574#60	0
1056	Q0	180422#12	0
1056	Q0	70030#11	0
1056	Q0	213686#53	0
1056	Q0	18215#21	0
1056	Q0	251354#0	0
1058	Q0	7406#6	1
1058	Q0	149682#0	1
1058	Q0	6317#1	1
1058	Q0	6317#4	1
1058	Q0	7406#5	1
1058	Q0	3794#7	0
1058	Q0	3022#28	0
1058	Q0	81282#0	0
1058	Q0	226434#0	0
1058	Q0	84608#0	0
1059	Q0	246318#0	1
1059	Q0	153331#1	1
1059	Q0	4961#1	0
1059	Q0	260376#5	0
1059	Q0	143336#0	0
1059	Q0	118761#33	0
1059	Q0	21133#1	0
1059	Q0	240868#11	0
1059	Q0	103179#5	0
1059	Q0	33176#148	0
1060	Q0	10480#5	1
1060	Q0	125681#17	1
1060	Q0	125681#6	1
1060	Q0	198835#0	1
1060	Q0	82557#0	1
1060	Q0	9179#8	0
1060	Q0	838#17	0
1060	Q0	2136149#0	0
1060	Q0	82557#1	0
1060	Q0	216892#0	0
1061	Q0	321091#2	1
1061	Q0	202286#0	1
1061	Q0	129574#0	1
1061	Q0	133002#0	1
1061	Q0	321091#1	1
1061	Q0	276681#4	1
1061	Q0	45329#0	1
1061	Q0	141049#0	1
1061	Q0	233677#0	1
1061	Q0	439926#0	1
1062	Q0	709#65	1
1062	Q0	45788#11	1
1062	Q0	709#58	1
1062	Q0	709#57	1
1062	Q0	709#48	1
1062	Q0	45788#6	0
1062	Q0	709#22	0
1062	Q0	709#0	0
1062	Q0	125245#0	0
1062	Q0	709#15	0
1063	Q0	117479#0	1
1063	Q0	157760#2	1
1063	Q0	157577#0	1
1063	Q0	6778#15	1
1063	Q0	285661#31	1
1063	Q0	136424#1	1
1063	Q0	34499#15	1
1063	Q0	69#47	1
1063	Q0	34499#21	1
1063	Q0	193732#0	1
1066	Q0	243850#18	1
1066	Q0	243850#24	1
1066	Q0	139493#18	1
1066	Q0	139493#15	1
1066	Q0	139493#8	1
1066	Q0	139493#16	1
1066	Q0	139493#10	1
1066	Q0	139493#19	1
1066	Q0	64165#14	1
1066	Q0	243850#14	1
1067	Q0	321091#2	1
1067	Q0	202286#0	1
1067	Q0	129574#0	1
1067	Q0	133002#0	1
1067	Q0	276681#4	1
1067	Q0	45329#0	1
1067	Q0	141049#0	1
1067	Q0	74964#2	1
1067	Q0	223207#0	1
1067	Q0	321091#1	0
1068	Q0	19070#1	1
1068	Q0	19070#4	1
1068	Q0	19070#11	1
1068	Q0	19070#15	1
1068	Q0	19070#2	1
1068	Q0	19070#8	1
1068	Q0	19070#3	0
1068	Q0	19070#5	0
1068	Q0	19070#13	0
1068	Q0	19070#6	0
1070	Q0	250156#3	1
1070	Q0	86204#31	0
1070	Q0	86204#32	0
1070	Q0	86204#6	0
1070	Q0	286574#0	0
1070	Q0	86204#1	0
1070	Q0	86204#34	0
1070	Q0	86204#7	0
1070	Q0	86204#2	0
1071	Q0	433622#43	1
1071	Q0	277264#0	1
1071	Q0	433622#40	0
1071	Q0	433622#9	0
1071	Q0	433622#8	0
1071	Q0	328379#1	0
1071	Q0	328379#6	0
1071	Q0	433622#0	0
1071	Q0	328379#3	0
1071	Q0	233368#45	0
1072	Q0	844#8	1
1072	Q0	23906#37	1
1072	Q0	3207#3	1
1072	Q0	3207#0	1
1072	Q0	844#0	1
1072	Q0	32310#8	0
1072	Q0	18795#50	0
1072	Q0	844#6	0
1072	Q0	74861#8	0
1072	Q0	23906#28	0
1074	Q0	2352764#0	1
1074	Q0	439419#2	0
1074	Q0	3759#17	0
1074	Q0	52288#5	0
1074	Q0	30268#1	0
1074	Q0	60650#3	0
1074	Q0	18388#11	0
1074	Q0	333480#23	0
1074	Q0	184767#1	0
1074	Q0	19658#3	0
1075	Q0	63902#0	1
1075	Q0	56762#23	0
1075	Q0	6020#0	0
1075	Q0	57601#0	0
1075	Q0	270694#0	0
1075	Q0	69501#0	0
1075	Q0	58214#0	0
1075	Q0	122487#0	0
1075	Q0	30629#0	0
1075	Q0	195974#1	0
1077	Q0	36761#2	1
1077	Q0	36761#6	1
1077	Q0	6076#16	0
1077	Q0	20409#18	0
1077	Q0	6076#33	0
1077	Q0	11450#28	0
1077	Q0	7071#7	0
1077	Q0	6076#38	0
1077	Q0	6076#13	0
1077	Q0	74890#5	0
1078	Q0	16261#1	1
1078	Q0	49225#8	1
1078	Q0	16261#3	1
1078	Q0	16261#5	1
1078	Q0	224651#1	1
1078	Q0	16261#6	1
1078	Q0	9#24	1
1078	Q0	273836#3	1
1078	Q0	16261#10	0
1078	Q0	3794#7	0
1081	Q0	18357#23	1
1081	Q0	276806#0	1
1081	Q0	30108#26	0
1081	Q0	14704#4	0
1081	Q0	10480#54	0
1081	Q0	38732#10	0
1081	Q0	14704#8	0
1081	Q0	211785#11	0
1081	Q0	15968#49	0
1081	Q0	12402#2	0
1083	Q0	15424#19	1
1083	Q0	68#25	1
1083	Q0	36959#10	0
1083	Q0	1110#28	0
1083	Q0	383490#1	0
1083	Q0	39152#11	0
1083	Q0	36959#7	0
1083	Q0	53114#6	0
1083	Q0	531702#0	0
1083	Q0	319512#1	0
1085	Q0	12788#1	1
1085	Q0	12788#0	1
1085	Q0	12788#6	0
1085	Q0	12788#13	0
1085	Q0	12788#24	0
1085	Q0	12788#19	0
1085	Q0	12788#22	0
1085	Q0	12788#27	0
1085	Q0	12788#9	0
1085	Q0	383618#0	0
1087	Q0	233368#0	1
1087	Q0	233368#35	1
1087	Q0	235775#51	0
1087	Q0	233368#77	0
1087	Q0	326405#12	0
1087	Q0	233368#34	0
1087	Q0	326405#2	0
1087	Q0	233368#6	0
1087	Q0	233391#7	0
1087	Q0	233368#7	0
1089	Q0	5779#11	1
1089	Q0	14704#25	0
1089	Q0	402668#6	0
1089	Q0	321663#0	0
1089	Q0	168817#23	0
1089	Q0	83501#2	0
1089	Q0	14704#4	0
1089	Q0	233175#1	0
1089	Q0	10480#54	0
1089	Q0	4248#38	0
1090	Q0	21873#19	1
1090	Q0	21873#18	1
1090	Q0	57328#0	1
1090	Q0	21873#23	1
1090	Q0	153624#0	1
1090	Q0	130167#11	1
1090	Q0	405528#0	0
1090	Q0	76899#0	0
1090	Q0	21873#20	0
1090	Q0	56564#0	0
1093	Q0	201813#6	1
1093	Q0	4571#0	1
1093	Q0	133726#1	0
1093	Q0	133726#0	0
1093	Q0	337116#0	0
1093	Q0	18309#3	0
1093	Q0	14380#16	0
1093	Q0	278271#33	0
1093	Q0	4571#18	0
1093	Q0	4571#21	0
1094	Q0	1116798#1	1
1094	Q0	441546#1	0
1094	Q0	246499#0	0
1094	Q0	318242#2	0
1094	Q0	103479#5	0
1094	Q0	250866#12	0
1094	Q0	2648#18	0
1094	Q0	150704#6	0
1094	Q0	17247#13	0
1095	Q0	155083#3	1
1095	Q0	125681#29	0
1095	Q0	6088#6	0
1095	Q0	6088#2	0
1095	Q0	14371#1	0
1095	Q0	14943#1	0
1095	Q0	377941#18	0
1095	Q0	23753#1	0
1095	Q0	377941#14	0
1095	Q0	377941#10	0
1096	Q0	2567949#2	1
1096	Q0	3324#9	0
1096	Q0	84608#0	0
1096	Q0	81282#0	0
1096	Q0	195939#3	0
1096	Q0	226434#0	0
1096	Q0	359014#4	0
1096	Q0	443041#0	0
1096	Q0	264308#1	0
1096	Q0	67473#0	0
1098	Q0	211490#3	1
1098	Q0	403871#5	1
1098	Q0	199278#0	1
1098	Q0	69008#33	1
1098	Q0	199278#5	1
1098	Q0	121362#0	1
1098	Q0	39127#0	1
1098	Q0	466974#1	1
1098	Q0	466974#0	1
1098	Q0	403871#6	0
1098	Q0	395250#6	0
1098	Q0	69008#12	0
1099	Q0	23372#0	1
1099	Q0	23372#12	1
1099	Q0	23372#1	0
1099	Q0	23372#6	0
1099	Q0	23372#3	0
1099	Q0	23372#7	0
1099	Q0	23372#9	0
1099	Q0	23372#4	0
1099	Q0	23372#11	0
1099	Q0	23372#5	0
1100	Q0	78991#1	1
1100	Q0	78991#0	1
1100	Q0	78991#2	1
1100	Q0	3807#3	1
1100	Q0	204754#1	1
1100	Q0	186374#0	1
1100	Q0	91812#17	1
1100	Q0	143128#6	0
1100	Q0	394916#12	0
1100	Q0	231813#0	0
1101	Q0	3100#0	1
1101	Q0	3100#9	1
1101	Q0	40#42	1
1101	Q0	3100#8	1
1101	Q0	40#43	1
1101	Q0	40#2	1
1101	Q0	244617#0	1
1101	Q0	3101#0	1
1101	Q0	3100#6	0
1101	Q0	3100#7	0
1102	Q0	1055#0	1
1102	Q0	82465#4	0
1102	Q0	84809#2	0
1102	Q0	3170#0	0
1102	Q0	212607#0	0
1102	Q0	5087#0	0
1102	Q0	290907#1	0
1102	Q0	12385#0	0
1102	Q0	7808#0	0
1102	Q0	22073#3	0
1103	Q0	8358#9	1
1103	Q0	8358#5	1
1103	Q0	8358#7	1
1103	Q0	8358#0	1
1103	Q0	36327#0	1
1103	Q0	5387#63	0
1103	Q0	28785#15	0
1103	Q0	50865#7	0
1103	Q0	8358#11	0
1103	Q0	8358#4	0
1104	Q0	1538224#23	1
1104	Q0	23819#6	0
1104	Q0	190901#0	0
1104	Q0	288046#1	0
1104	Q0	288046#2	0
1104	Q0	216954#46	0
1104	Q0	3235#7	0
1104	Q0	41072#0	0
1104	Q0	380980#3	0
1104	Q0	64799#10	0
1107	Q0	10880#3	1
1107	Q0	10880#0	1
1107	Q0	325681#8	1
1107	Q0	34621#0	1
1107	Q0	10880#2	1
1107	Q0	3588#2	1
1107	Q0	3107#43	0
1107	Q0	10880#1	0
1107	Q0	386100#13	0
1107	Q0	340518#1	0
1108	Q0	102810#0	1
1108	Q0	1109#0	0
1108	Q0	204012#0	0
1108	Q0	435134#1	0
1108	Q0	4140#48	0
1108	Q0	232978#0	0
1108	Q0	1078982#1	0
1108	Q0	81282#0	0
1108	Q0	1124#1	0
1111	Q0	36959#24	1
1111	Q0	36959#0	1
1111	Q0	154944#2	1
1111	Q0	240868#9	1
1111	Q0	154945#0	1
1111	Q0	154944#14	0
1111	Q0	154944#13	0
1111	Q0	36959#26	0
1111	Q0	36959#25	0
1111	Q0	190394#0	0
1113	Q0	141166#2	1
1113	Q0	5989#5	1
1113	Q0	686#36	1
1113	Q0	27203#3	1
1113	Q0	27203#12	1
1113	Q0	23826#20	1
1113	Q0	2725#1	1
1113	Q0	12085#0	1
1113	Q0	218211#20	1
1113	Q0	218211#33	1
1114	Q0	7525#0	1
1114	Q0	3794#6	0
1114	Q0	370190#0	0
1114	Q0	442084#0	0
1114	Q0	752#48	0
1114	Q0	3794#7	0
1114	Q0	394699#1	0
1114	Q0	3794#4	0
1114	Q0	225308#0	0
1114	Q0	7530#0	0
1115	Q0	416939#0	1
1115	Q0	416939#11	1
1115	Q0	416939#9	1
1115	Q0	416939#6	1
1115	Q0	416939#1	1
1115	Q0	416939#8	1
1115	Q0	416939#13	0
1115	Q0	416939#16	0
1115	Q0	416939#12	0
1115	Q0	416939#10	0
1118	Q0	49220#1	1
1118	Q0	49220#2	0
1118	Q0	49220#11	0
1118	Q0	49220#0	0
1118	Q0	49220#13	0
1118	Q0	49220#3	0
1118	Q0	49220#23	0
1118	Q0	49220#27	0
1118	Q0	348434#0	0
1118	Q0	14431#0	0
1121	Q0	371796#4	1
1121	Q0	75874#3	1
1121	Q0	197706#4	1
1121	Q0	274141#0	0
1121	Q0	75874#1	0
1121	Q0	75874#0	0
1121	Q0	348346#6	0
1121	Q0	241102#8	0
1121	Q0	34013#0	0
1121	Q0	146698#14	0
1123	Q0	61606#0	1
1123	Q0	22447#3	1
1123	Q0	16549#22	0
1123	Q0	14958#9	0
1123	Q0	36337#4	0
1123	Q0	16046#4	0
1123	Q0	14028#12	0
1123	Q0	269586#29	0
1123	Q0	204788#4	0
1123	Q0	4508#62	0
1125	Q0	21050#3	1
1125	Q0	15556#12	1
1125	Q0	1041#17	1
1125	Q0	1101#25	1
1125	Q0	23630#2	1
1125	Q0	1041#1	0
1125	Q0	206404#1	0
1125	Q0	306840#0	0
1125	Q0	28881#0	0
1125	Q0	23630#0	0
1126	Q0	16924#1	1
1126	Q0	28707#0	1
1126	Q0	28727#0	1
1126	Q0	16924#48	1
1126	Q0	13065#1	0
1126	Q0	28726#0	0
1126	Q0	16924#29	0
1126	Q0	255133#0	0
1126	Q0	16924#2	0
1126	Q0	16924#3	0
1129	Q0	232342#26	1
1129	Q0	232342#39	1
1129	Q0	232342#4	1
1129	Q0	7498#31	0
1129	Q0	76307#23	0
1129	Q0	126452#36	0
1129	Q0	232342#5	0
1129	Q0	26564#14	0
1129	Q0	230540#0	0
1129	Q0	219998#0	0
1132	Q0	878506#0	1
1132	Q0	2992#5	0
1132	Q0	21575#4	0
1132	Q0	3803#16	0
1132	Q0	48882#13	0
1132	Q0	6927#27	0
1132	Q0	838#17	0
1132	Q0	81282#0	0
1132	Q0	84608#0	0
1132	Q0	2503181#1	0
1134	Q0	629395#0	1
1134	Q0	629395#1	1
1134	Q0	81282#0	0
1134	Q0	3022#28	0
1134	Q0	226434#0	0
1134	Q0	84608#0	0
1134	Q0	14605#0	0
1134	Q0	5857#0	0
1134	Q0	13999#10	0
1134	Q0	176085#0	0
1134	Q0	23992#0	0
1135	Q0	632233#0	1
1135	Q0	632233#4	1
1135	Q0	233368#0	0
1135	Q0	326405#12	0
1135	Q0	233368#77	0
1135	Q0	235775#51	0
1135	Q0	233368#7	0
1135	Q0	233368#40	0
1135	Q0	326405#0	0
1135	Q0	242668#7	0
1135	Q0	233368#1	0
1135	Q0	233368#10	0
1136	Q0	12561#1	1
1136	Q0	12091#0	1
1136	Q0	32611#4	1
1136	Q0	12561#94	1
1136	Q0	199807#30	0
1136	Q0	12561#65	0
1136	Q0	48733#0	0
1136	Q0	12216#1	0
1136	Q0	12091#11	0
1136	Q0	12561#64	0
1137	Q0	423460#0	1
1137	Q0	25721#2	1
1137	Q0	22924#5	0
1137	Q0	58128#16	0
1137	Q0	23379#4	0
1137	Q0	319269#1	0
1137	Q0	33176#64	0
1137	Q0	251866#0	0
1137	Q0	22925#37	0
1137	Q0	128648#0	0
1138	Q0	12523#1	1
1138	Q0	12569#2	1
1138	Q0	12523#13	0
1138	Q0	12523#15	0
1138	Q0	12523#6	0
1138	Q0	12523#5	0
1138	Q0	12523#2	0
1138	Q0	412902#1	0
1138	Q0	2691#4	0
1138	Q0	12569#5	0
1139	Q0	139578#0	1
1139	Q0	139578#1	1
1139	Q0	139578#2	1
1139	Q0	139578#3	0
1139	Q0	293030#2	0
1139	Q0	24705#30	0
1139	Q0	20706#0	0
1139	Q0	139578#4	0
1139	Q0	293030#6	0
1139	Q0	74383#4	0
1140	Q0	30412#93	1
1140	Q0	67294#23	0
1140	Q0	233610#0	0
1140	Q0	42672#23	0
1140	Q0	30412#88	0
1140	Q0	428026#0	0
1140	Q0	42672#26	0
1140	Q0	89965#1	0
1140	Q0	4534#13	0
1140	Q0	5101#26	0
1140	Q0	5431#30	0
1140	Q0	5431#1	0
1142	Q0	17476#1	1
1142	Q0	17476#24	0
1142	Q0	17476#14	0
1142	Q0	17476#3	0
1142	Q0	17476#17	0
1142	Q0	28462#1	0
1142	Q0	17476#23	0
1142	Q0	15660#24	0
1142	Q0	17476#36	0
1142	Q0	17476#11	0
1146	Q0	45540#7	1
1146	Q0	831613#0	1
1146	Q0	45540#16	0
1146	Q0	48733#0	0
1146	Q0	20872#37	0
1146	Q0	12561#10	0
1146	Q0	33176#80	0
1146	Q0	6342#4	0
1146	Q0	19956#5	0
1146	Q0	19956#3	0
1146	Q0	227909#2	0
1146	Q0	831613#4	0
1147	Q0	2130770#48	1
1147	Q0	359351#0	0
1147	Q0	248171#4	0
1147	Q0	235829#0	0
1147	Q0	3992#12	0
1147	Q0	201804#13	0
1147	Q0	187448#0	0
1147	Q0	107870#6	0
1147	Q0	227104#0	0
1147	Q0	227381#0	0
1148	Q0	102453#1	1
1148	Q0	1071#1	1
1148	Q0	120429#3	1
1148	Q0	26875#8	1
1148	Q0	289309#4	1
1148	Q0	16288#22	0
1148	Q0	12140#6	0
1148	Q0	331846#6	0
1148	Q0	12140#5	0
1148	Q0	120429#12	0
1149	Q0	2493071#1	1
1149	Q0	20887#60	0
1149	Q0	42733#22	0
1149	Q0	3022#28	0
1149	Q0	3152#44	0
1149	Q0	11972#15	0
1149	Q0	24592#2	0
1149	Q0	215720#3	0
1149	Q0	132929#25	0
1149	Q0	268458#0	0
1150	Q0	374693#9	1
1150	Q0	37556#0	1
1150	Q0	105941#24	1
1150	Q0	91039#0	1
1150	Q0	70#0	1
1150	Q0	196601#10	0
1150	Q0	15160#0	0
1150	Q0	215409#0	0
1150	Q0	207844#1	0
1150	Q0	340370#2	0
1151	Q0	41124#17	1
1151	Q0	306170#4	0
1151	Q0	122997#1	0
1151	Q0	41124#1	0
1151	Q0	233350#18	0
1151	Q0	233350#15	0
1151	Q0	41124#10	0
1151	Q0	233350#22	0
1151	Q0	41124#8	0
1151	Q0	209099#2	0
1152	Q0	229398#8	1
1152	Q0	6076#42	0
1152	Q0	40185#8	0
1152	Q0	20523#10	0
1152	Q0	166523#0	0
1152	Q0	20535#10	0
1152	Q0	85939#25	0
1152	Q0	24410#3	0
1152	Q0	22807#3	0
1152	Q0	7824#91	0
1153	Q0	50237#13	1
1153	Q0	50271#0	0
1153	Q0	40522#25	0
1153	Q0	291178#4	0
1153	Q0	40403#0	0
1153	Q0	50267#0	0
1153	Q0	40515#30	0
1153	Q0	50267#2	0
1153	Q0	50134#0	0
1153	Q0	138025#7	0
1154	Q0	403047#1	1
1154	Q0	25637#4	1
1154	Q0	25647#8	1
1154	Q0	1002#31	1
1154	Q0	117986#2	1
1154	Q0	25647#0	1
1154	Q0	25647#4	1
1154	Q0	25647#6	1
1154	Q0	107484#0	0
1154	Q0	25647#15	0
1154	Q0	304982#0	0
1154	Q0	56091#0	0
1154	Q0	285888#0	0
1155	Q0	13535#0	1
1155	Q0	13535#33	1
1155	Q0	13535#5	1
1155	Q0	13535#41	1
1155	Q0	13535#10	1
1155	Q0	13535#26	1
1155	Q0	15398#0	0
1155	Q0	77#32	0
1155	Q0	13535#45	0
1155	Q0	13535#1	0
1156	Q0	69430#4	1
1156	Q0	4168#8	1
1156	Q0	373345#1	1
1156	Q0	6728#5	0
1156	Q0	29492#36	0
1156	Q0	315604#21	0
1156	Q0	838#17	0
1156	Q0	85310#78	0
1156	Q0	6922#8	0
1156	Q0	4168#6	0
1157	Q0	31733#1	1
1157	Q0	35233#0	0
1157	Q0	49938#1	0
1157	Q0	18951#1	0
1157	Q0	54008#2	0
1157	Q0	16193#0	0
1157	Q0	18105#0	0
1157	Q0	20290#0	0
1157	Q0	16194#1	0
1157	Q0	91759#0	0
1159	Q0	110166#4	1
1159	Q0	19978#0	1
1159	Q0	110166#1	1
1159	Q0	209147#2	1
1159	Q0	110166#0	1
1159	Q0	369040#11	1
1159	Q0	18450#1	1
1159	Q0	110155#1	0
1159	Q0	183589#0	0
1159	Q0	209147#3	0
1162	Q0	2985#6	1
1162	Q0	263717#0	1
1162	Q0	5857#3	0
1162	Q0	3022#28	0
1162	Q0	81282#0	0
1162	Q0	764975#3	0
1162	Q0	226434#0	0
1162	Q0	84608#0	0
1162	Q0	68692#17	0
1162	Q0	169838#5	0
1163	Q0	33369#2	1
1163	Q0	843#80	1
1163	Q0	58496#8	1
1163	Q0	843#7	1
1163	Q0	24549#4	1
1163	Q0	33369#4	1
1163	Q0	24615#4	1
1163	Q0	299367#0	1
1163	Q0	34496#6	1
1163	Q0	3794#7	0
1164	Q0	149386#4	1
1164	Q0	10986#2	1
1164	Q0	415735#37	1
1164	Q0	1401945#0	1
1164	Q0	3022#28	0
1164	Q0	81282#0	0
1164	Q0	226434#0	0
1164	Q0	84608#0	0
1164	Q0	68692#17	0
1164	Q0	213743#0	0
1166	Q0	39601#19	1
1166	Q0	37008#0	0
1166	Q0	4268#63	0
1166	Q0	4012#9	0
1166	Q0	9921#2	0
1166	Q0	12126#25	0
1166	Q0	301636#1	0
1166	Q0	1020#12	0
1166	Q0	252608#4	0
1166	Q0	138025#4	0
1169	Q0	33027#2	1
1169	Q0	91264#1	0
1169	Q0	54393#0	0
1169	Q0	7068#2	0
1169	Q0	3806#8	0
1169	Q0	1476111#10	0
1169	Q0	7068#5	0
1169	Q0	233512#4	0
1169	Q0	401765#1	0
1169	Q0	46479#12	0
1170	Q0	290042#0	1
1170	Q0	87809#1	1
1170	Q0	1071#1	1
1170	Q0	32307#1	0
1170	Q0	3992#12	0
1170	Q0	10630#31	0
1170	Q0	90358#88	0
1170	Q0	45535#48	0
1170	Q0	16429#6	0
1170	Q0	26374#2	0
1171	Q0	436100#0	1
1171	Q0	2935#2	1
1171	Q0	6509#0	1
1171	Q0	45436#0	1
1171	Q0	2935#3	1
1171	Q0	2935#0	1
1171	Q0	3222#4	1
1171	Q0	2934#2	1
1171	Q0	127792#0	1
1171	Q0	3178#12	1
1173	Q0	15703#0	1
1173	Q0	2867#0	1
1173	Q0	263615#0	1
1173	Q0	2867#1	1
1173	Q0	49501#9	0
1173	Q0	263615#3	0
1173	Q0	2867#2	0
1173	Q0	4642#0	0
1173	Q0	101772#0	0
1173	Q0	50238#16	0
1174	Q0	18706#10	1
1174	Q0	18706#0	1
1174	Q0	236434#0	0
1174	Q0	203459#0	0
1174	Q0	278931#1	0
1174	Q0	175969#1	0
1174	Q0	371815#0	0
1174	Q0	95253#0	0
1174	Q0	85928#0	0
1174	Q0	246992#0	0
1175	Q0	217887#0	1
1175	Q0	218231#13	1
1175	Q0	201077#0	0
1175	Q0	6700#2	0
1175	Q0	61936#6	0
1175	Q0	218231#7	0
1175	Q0	323096#12	0
1175	Q0	233850#1	0
1175	Q0	5422#15	0
1175	Q0	3796#26	0
1176	Q0	12063#0	1
1176	Q0	12063#5	0
1176	Q0	12063#25	0
1176	Q0	12063#38	0
1176	Q0	12063#3	0
1176	Q0	12063#27	0
1176	Q0	12063#2	0
1176	Q0	12063#6	0
1176	Q0	12063#11	0
1176	Q0	12063#35	0
1178	Q0	2313245#0	1
1178	Q0	2313245#33	1
1178	Q0	51123#2	0
1178	Q0	273972#1	0
1178	Q0	190851#9	0
1178	Q0	15599#2	0
1178	Q0	213381#2	0
1178	Q0	314509#1	0
1178	Q0	59651#5	0
1178	Q0	348144#36	0
1178	Q0	3817#7	0
1178	Q0	213743#1	0
1179	Q0	23952#7	1
1179	Q0	4490#37	1
1179	Q0	23952#17	1
1179	Q0	1041#95	1
1179	Q0	2703#3	0
1179	Q0	305277#2	0
1179	Q0	198243#0	0
1179	Q0	2703#4	0
1179	Q0	209867#0	0
1179	Q0	67926#17	0
1180	Q0	264057#4	1
1180	Q0	2064778#0	1
1180	Q0	2064778#3	1
1180	Q0	139056#0	0
1180	Q0	27330#2	0
1180	Q0	318665#0	0
1180	Q0	264057#5	0
1180	Q0	45757#0	0
1180	Q0	311404#0	0
1180	Q0	216971#0	0
1180	Q0	282171#1	0
1180	Q0	264057#2	0
1181	Q0	20829#0	1
1181	Q0	114672#16	1
1181	Q0	20829#4	1
1181	Q0	5800#7	1
1181	Q0	20829#5	0
1181	Q0	103363#3	0
1181	Q0	136494#3	0
1181	Q0	136494#2	0
1181	Q0	20829#1	0
1181	Q0	226103#66	0
1182	Q0	80104#8	1
1182	Q0	80104#0	1
1182	Q0	80104#65	0
1182	Q0	80104#12	0
1182	Q0	80104#5	0
1182	Q0	65017#1	0
1182	Q0	80104#111	0
1182	Q0	80104#99	0
1182	Q0	80104#27	0
1183	Q0	215757#0	1
1183	Q0	97757#3	1
1183	Q0	215757#9	1
1183	Q0	215757#8	0
1183	Q0	838#17	0
1183	Q0	81282#0	0
1183	Q0	195685#6	0
1183	Q0	1029#67	0
1183	Q0	277257#2	0
1184	Q0	28829#0	1
1184	Q0	708#19	0
1184	Q0	708#32	0
1184	Q0	708#1	0
1184	Q0	708#21	0
1184	Q0	708#22	0
1184	Q0	708#33	0
1184	Q0	708#24	0
1184	Q0	708#23	0
1184	Q0	29961#0	0
1185	Q0	69593#1	1
1185	Q0	69593#0	0
1185	Q0	13267#156	0
1185	Q0	255898#0	0
1185	Q0	49429#43	0
1185	Q0	13952#3	0
1185	Q0	27683#7	0
1185	Q0	198080#0	0
1185	Q0	264386#5	0
1185	Q0	214219#1	0
1186	Q0	140469#27	1
1186	Q0	17131#12	1
1186	Q0	1002#4	0
1186	Q0	1018#11	0
1186	Q0	149943#0	0
1186	Q0	81282#0	0
1186	Q0	84608#0	0
1186	Q0	375527#0	0
1186	Q0	226434#0	0
1186	Q0	157096#1	0
1188	Q0	330168#0	1
1188	Q0	415183#5	1
1188	Q0	252813#1	0
1188	Q0	305787#1	0
1188	Q0	300129#25	0
1188	Q0	126991#1	0
1188	Q0	248171#6	0
1188	Q0	414605#0	0
1188	Q0	269238#2	0
1188	Q0	304800#3	0
1189	Q0	12976#8	1
1189	Q0	32178#9	1
1189	Q0	32178#11	0
1189	Q0	32178#8	0
1189	Q0	5569#1	0
1189	Q0	32178#7	0
1189	Q0	32178#6	0
1189	Q0	442677#1	0
1189	Q0	32178#3	0
1189	Q0	32178#1	0
1190	Q0	21024#16	1
1190	Q0	21024#0	1
1190	Q0	191941#1	1
1190	Q0	21024#8	0
1190	Q0	21024#7	0
1190	Q0	21024#20	0
1190	Q0	21024#13	0
1190	Q0	21024#6	0
1190	Q0	21024#4	0
1190	Q0	247232#2	0
1191	Q0	11285#6	1
1191	Q0	11285#7	0
1191	Q0	11285#1	0
1191	Q0	11285#3	0
1191	Q0	11285#5	0
1191	Q0	11285#13	0
1191	Q0	11285#14	0
1191	Q0	11285#0	0
1191	Q0	11285#9	0
1191	Q0	301394#0	0
1192	Q0	398918#10	1
1192	Q0	398918#3	1
1192	Q0	398918#13	0
1192	Q0	398918#0	0
1192	Q0	348442#0	0
1192	Q0	398918#8	0
1192	Q0	398918#12	0
1192	Q0	398918#6	0
1192	Q0	398918#11	0
1192	Q0	398918#16	0
1194	Q0	6342#1	1
1194	Q0	316411#0	0
1194	Q0	16424#0	0
1194	Q0	294369#18	0
1194	Q0	6342#0	0
1194	Q0	4403#28	0
1194	Q0	6095#1	0
1194	Q0	4510#9	0
1194	Q0	8462#31	0
1194	Q0	8337#0	0
1196	Q0	3291#2	1
1196	Q0	375722#4	1
1196	Q0	3291#0	1
1196	Q0	3291#6	0
1196	Q0	372131#0	0
1196	Q0	3291#10	0
1196	Q0	375300#0	0
1196	Q0	3291#11	0
1196	Q0	375927#1	0
1196	Q0	3291#1	0
1197	Q0	16451#0	1
1197	Q0	16451#6	1
1197	Q0	16451#4	1
1197	Q0	16451#1	1
1197	Q0	16451#2	1
1197	Q0	16451#5	1
1197	Q0	16451#3	1
1197	Q0	16450#0	1
1197	Q0	3302#17	0
1197	Q0	3302#12	0
1199	Q0	6276#47	1
1199	Q0	6276#2	1
1199	Q0	6276#3	1
1199	Q0	127449#73	0
1199	Q0	6276#55	0
1199	Q0	104831#0	0
1199	Q0	384022#0	0
1199	Q0	6276#8	0
1199	Q0	16429#12	0
1199	Q0	127449#72	0
1200	Q0	51011#0	1
1200	Q0	45342#0	1
1200	Q0	45342#16	0
1200	Q0	121676#46	0
1200	Q0	416068#9	0
1200	Q0	416068#15	0
1200	Q0	45342#1	0
1200	Q0	121664#0	0
1200	Q0	45342#30	0
1200	Q0	45342#2	0
1201	Q0	1130#29	1
1201	Q0	2691#5	1
1201	Q0	2691#0	0
1201	Q0	316439#0	0
1201	Q0	2691#4	0
1201	Q0	22316#1	0
1201	Q0	304972#0	0
1201	Q0	2691#6	0
1201	Q0	2691#3	0
1201	Q0	239948#1	0
1205	Q0	429968#2	1
1205	Q0	429968#1	0
1205	Q0	220734#0	0
1205	Q0	211127#15	0
1205	Q0	75632#1	0
1205	Q0	78535#0	0
1205	Q0	12402#1	0
1205	Q0	117479#19	0
1205	Q0	105835#4	0
1205	Q0	39601#21	0
1205	Q0	117479#17	0
1206	Q0	688573#13	1
1206	Q0	300321#15	0
1206	Q0	14920#3	0
1206	Q0	294797#19	0
1206	Q0	59842#9	0
1206	Q0	2784#16	0
1206	Q0	268458#0	0
1206	Q0	132929#25	0
1206	Q0	233842#20	0
1206	Q0	82#3	0
1207	Q0	260465#0	1
1207	Q0	365161#0	1
1207	Q0	186912#5	1
1207	Q0	294463#0	1
1207	Q0	294463#7	0
1207	Q0	186912#14	0
1207	Q0	416438#1	0
1207	Q0	186912#6	0
1207	Q0	186912#10	0
1207	Q0	399742#59	0
1209	Q0	300886#8	1
1209	Q0	300886#41	0
1209	Q0	300886#0	0
1209	Q0	300886#36	0
1209	Q0	300886#2	0
1209	Q0	145683#0	0
1209	Q0	300886#42	0
1209	Q0	300886#28	0
1209	Q0	300886#27	0
1209	Q0	300886#6	0
1211	Q0	328071#16	1
1211	Q0	328071#0	0
1211	Q0	328071#1	0
1211	Q0	328071#14	0
1211	Q0	328071#8	0
1211	Q0	328071#3	0
1211	Q0	328071#15	0
1211	Q0	328071#11	0
1211	Q0	19463#19	0
1211	Q0	328071#13	0
1212	Q0	62248#3	1
1212	Q0	62248#0	1
1212	Q0	26152#6	1
1212	Q0	198265#7	1
1212	Q0	68474#27	1
1212	Q0	222351#3	1
1212	Q0	75648#4	1
1212	Q0	198265#8	1
1212	Q0	62248#1	1
1212	Q0	237602#0	1
1213	Q0	64020#5	1
1213	Q0	24432#3	1
1213	Q0	64020#0	0
1213	Q0	64020#9	0
1213	Q0	64020#7	0
1213	Q0	64020#3	0
1213	Q0	64020#6	0
1213	Q0	64020#4	0
1213	Q0	64020#2	0
1216	Q0	152309#0	1
1216	Q0	152309#5	0
1216	Q0	152309#7	0
1216	Q0	152309#2	0
1216	Q0	152309#6	0
1216	Q0	152309#11	0
1216	Q0	152309#3	0
1216	Q0	269749#0	0
1216	Q0	152309#21	0
1216	Q0	152313#0	0
1217	Q0	817#11	1
1217	Q0	817#2	1
1217	Q0	4791#0	1
1217	Q0	4759#56	1
1217	Q0	4767#0	1
1217	Q0	152626#0	1
1217	Q0	4777#0	1
1217	Q0	4762#6	0
1217	Q0	74209#0	0
1217	Q0	4533#92	0
1218	Q0	26563#0	1
1218	Q0	7005#15	1
1218	Q0	7004#1	0
1218	Q0	7004#4	0
1218	Q0	7004#5	0
1218	Q0	7004#23	0
1218	Q0	12838#14	0
1218	Q0	43795#1	0
1218	Q0	43797#2	0
1218	Q0	7005#1	0
1219	Q0	3299#16	1
1219	Q0	3299#1	1
1219	Q0	47253#1	1
1219	Q0	3303#9	1
1219	Q0	3299#17	0
1219	Q0	31653#2	0
1219	Q0	134110#0	0
1219	Q0	3299#9	0
1219	Q0	3303#2	0
1219	Q0	3303#3	0
1220	Q0	338066#0	1
1220	Q0	205378#3	1
1220	Q0	338066#11	0
1220	Q0	338066#10	0
1220	Q0	338066#21	0
1220	Q0	338066#19	0
1220	Q0	338066#14	0
1220	Q0	338066#2	0
1220	Q0	338066#25	0
1220	Q0	338066#23	0
1221	Q0	44#21	1
1221	Q0	45105#1	1
1221	Q0	237056#1	1
1221	Q0	5380#12	1
1221	Q0	25914#1	1
1221	Q0	45105#0	1
1221	Q0	33463#0	0
1221	Q0	23810#1	0
1221	Q0	323715#5	0
1221	Q0	263890#2	0
1221	Q0	25914#2	0
1222	Q0	107934#0	1
1222	Q0	107934#1	0
1222	Q0	107934#2	0
1222	Q0	107934#10	0
1222	Q0	107934#3	0
1222	Q0	2688#16	0
1222	Q0	25727#16	0
1222	Q0	219773#1	0
1222	Q0	55601#4	0
1222	Q0	69105#1	0
1224	Q0	46011#0	1
1224	Q0	177567#2	0
1224	Q0	213612#0	0
1224	Q0	226103#57	0
1224	Q0	4562#7	0
1224	Q0	80367#13	0
1224	Q0	81711#1	0
1224	Q0	226103#30	0
1224	Q0	373673#6	0
1224	Q0	127563#6	0
1225	Q0	4024#21	1
1225	Q0	4024#30	1
1225	Q0	4024#35	1
1225	Q0	4024#26	1
1225	Q0	4136#21	0
1225	Q0	54965#1	0
1225	Q0	4024#34	0
1225	Q0	25121#4	0
1225	Q0	4052#33	0
1225	Q0	20912#41	0
1228	Q0	48830#20	1
1228	Q0	190234#17	1
1228	Q0	48830#39	1
1228	Q0	190234#36	1
1228	Q0	48830#0	1
1228	Q0	51733#1	1
1228	Q0	48830#27	1
1228	Q0	48830#28	1
1228	Q0	48830#31	0
1228	Q0	190234#28	0
1231	Q0	82513#0	1
1231	Q0	82513#9	1
1231	Q0	82513#10	1
1231	Q0	82513#20	1
1231	Q0	193979#0	1
1231	Q0	82513#21	0
1231	Q0	82513#12	0
1231	Q0	82513#47	0
1231	Q0	82513#50	0
1231	Q0	83784#10	0
1235	Q0	198183#11	1
1235	Q0	200507#19	1
1235	Q0	200507#0	1
1235	Q0	200507#17	1
1235	Q0	146454#0	0
1235	Q0	216272#0	0
1235	Q0	200507#18	0
1235	Q0	198183#13	0
1235	Q0	198183#16	0
1235	Q0	259087#16	0
1237	Q0	334491#3	1
1237	Q0	146066#3	1
1237	Q0	194373#0	0
1237	Q0	194373#3	0
1237	Q0	194373#29	0
1237	Q0	194373#4	0
1237	Q0	194373#28	0
1237	Q0	194373#31	0
1237	Q0	194373#6	0
1237	Q0	194373#30	0
1238	Q0	114524#0	1
1238	Q0	114524#8	1
1238	Q0	6479#0	1
1238	Q0	21545#35	1
1238	Q0	17252#2	1
1238	Q0	114524#3	1
1238	Q0	114524#6	0
1238	Q0	6478#6	0
1238	Q0	114524#4	0
1238	Q0	114524#1	0
1238	Q0	114524#9	0
1238	Q0	114524#13	0
1238	Q0	114524#14	0
1240	Q0	279695#0	1
1240	Q0	279695#8	0
1240	Q0	279695#9	0
1240	Q0	279695#2	0
1240	Q0	279695#3	0
1240	Q0	279695#4	0
1240	Q0	279695#10	0
1240	Q0	279695#7	0
1240	Q0	279695#5	0
1240	Q0	9935#13	0
1241	Q0	33105#0	1
1241	Q0	33105#1	1
1241	Q0	33105#12	1
1241	Q0	33105#5	1
1241	Q0	33105#4	1
1241	Q0	33105#3	1
1241	Q0	33105#6	1
1241	Q0	33105#2	1
1241	Q0	33105#11	1
1241	Q0	33105#18	1
1243	Q0	3085#0	1
1243	Q0	3085#2	1
1243	Q0	43636#3	0
1243	Q0	308832#0	0
1243	Q0	4464#6	0
1243	Q0	115605#1	0
1243	Q0	2740#37	0
1243	Q0	195685#6	0
1243	Q0	3992#12	0
1243	Q0	472244#1	0
1245	Q0	64#14	1
1245	Q0	36093#4	1
1245	Q0	175877#2	1
1245	Q0	64#25	0
1245	Q0	64#28	0
1245	Q0	64#24	0
1245	Q0	64#22	0
1245	Q0	64#1	0
1245	Q0	64#26	0
1245	Q0	36093#1	0
1246	Q0	161074#6	1
1246	Q0	44693#5	1
1246	Q0	270152#4	0
1246	Q0	409658#6	0
1246	Q0	82826#2	0
1246	Q0	4061#64	0
1246	Q0	44#57	0
1246	Q0	5408#3	0
1246	Q0	4020#13	0
1246	Q0	440791#27	0
1247	Q0	45610#11	1
1247	Q0	45610#20	1
1247	Q0	261259#2	1
1247	Q0	334779#0	1
1247	Q0	45610#0	1
1247	Q0	261263#5	1
1247	Q0	45610#1	1
1247	Q0	442971#4	1
1247	Q0	45610#21	0
1247	Q0	45610#12	0
1248	Q0	10481#12	1
1248	Q0	45682#6	1
1248	Q0	45682#5	1
1248	Q0	81768#2	1
1248	Q0	45682#0	1
1248	Q0	42278#22	1
1248	Q0	329139#4	1
1248	Q0	42278#24	0
1248	Q0	45682#1	0
1248	Q0	14153#12	0
1249	Q0	185171#0	1
1249	Q0	24947#0	1
1249	Q0	387728#22	1
1249	Q0	387728#2	1
1249	Q0	365887#1	1
1249	Q0	78656#26	1
1249	Q0	84#40	1
1249	Q0	245316#1	0
1249	Q0	140462#6	0
1249	Q0	4021#21	0
1250	Q0	4448#12	1
1250	Q0	4448#11	1
1250	Q0	245115#0	0
1250	Q0	37082#0	0
1250	Q0	245276#0	0
1250	Q0	4449#18	0
1250	Q0	245378#0	0
1250	Q0	245126#0	0
1250	Q0	298272#7	0
1250	Q0	120687#0	0
1253	Q0	212832#0	1
1253	Q0	212832#12	1
1253	Q0	212832#6	1
1253	Q0	212832#9	1
1253	Q0	212832#15	0
1253	Q0	212832#1	0
1253	Q0	212832#2	0
1253	Q0	212832#13	0
1253	Q0	212832#3	0
1253	Q0	212832#14	0
1254	Q0	3942#15	1
1254	Q0	103039#41	1
1254	Q0	218211#33	1
1254	Q0	317146#2	1
1254	Q0	264620#25	1
1254	Q0	31866#5	0
1254	Q0	12058#56	0
1254	Q0	49426#0	0
1254	Q0	409543#2	0
1254	Q0	24733#4	0
1255	Q0	271246#0	1
1255	Q0	347120#0	1
1255	Q0	2703#0	0
1255	Q0	270988#0	0
1255	Q0	109380#0	0
1255	Q0	2703#3	0
1255	Q0	271252#0	0
1255	Q0	52132#0	0
1255	Q0	137931#0	0
1255	Q0	39811#1	0
1256	Q0	748#33	1
1256	Q0	18128#0	1
1256	Q0	748#0	1
1256	Q0	16172#1	1
1256	Q0	4895#10	0
1256	Q0	25407#0	0
1256	Q0	183732#3	0
1256	Q0	41233#0	0
1256	Q0	42038#0	0
1256	Q0	748#74	0
1258	Q0	423139#14	1
1258	Q0	423139#0	1
1258	Q0	423139#7	1
1258	Q0	26019#3	0
1258	Q0	16437#11	0
1258	Q0	13267#20	0
1258	Q0	423139#4	0
1258	Q0	423139#3	0
1258	Q0	130907#3	0
1258	Q0	386122#3	0
1260	Q0	17151#0	1
1260	Q0	17151#17	0
1260	Q0	7065#20	0
1260	Q0	337897#0	0
1260	Q0	394102#0	0
1260	Q0	3806#8	0
1260	Q0	204180#12	0
1260	Q0	56833#0	0
1260	Q0	7801#66	0
1260	Q0	2936#3	0
1261	Q0	4100#21	1
1261	Q0	300416#1	0
1261	Q0	278515#0	0
1261	Q0	112998#6	0
1261	Q0	432334#22	0
1261	Q0	20052#0	0
1261	Q0	357099#0	0
1261	Q0	439255#0	0
1261	Q0	232960#0	0
1261	Q0	331284#17	0
1264	Q0	6034#23	1
1264	Q0	226007#1	1
1264	Q0	6034#7	0
1264	Q0	103421#1	0
1264	Q0	6034#2	0
1264	Q0	6034#8	0
1264	Q0	6034#10	0
1264	Q0	38974#0	0
1264	Q0	8#14	0
1264	Q0	141881#2	0
1267	Q0	4481#6	1
1267	Q0	54447#3	1
1267	Q0	54466#5	1
1267	Q0	4481#7	0
1267	Q0	4487#20	0
1267	Q0	4487#19	0
1267	Q0	4422#15	0
1267	Q0	54468#3	0
1267	Q0	54469#7	0
1267	Q0	54453#3	0
1273	Q0	199581#21	1
1273	Q0	199581#22	0
1273	Q0	199581#18	0
1273	Q0	199581#3	0
1273	Q0	199581#16	0
1273	Q0	199581#11	0
1273	Q0	199581#4	0
1273	Q0	199581#10	0
1273	Q0	199581#5	0
1273	Q0	199581#17	0
1275	Q0	56327#0	1
1275	Q0	34332#12	1
1275	Q0	110985#2	1
1275	Q0	56327#6	0
1275	Q0	32172#3	0
1275	Q0	56327#5	0
1275	Q0	56327#1	0
1275	Q0	56327#2	0
1275	Q0	241102#10	0
1275	Q0	241102#9	0
1276	Q0	422184#0	1
1276	Q0	291989#2	1
1276	Q0	407037#31	0
1276	Q0	57021#0	0
1276	Q0	10793#17	0
1276	Q0	55939#1	0
1276	Q0	44#6	0
1276	Q0	69430#3	0
1276	Q0	19096#0	0
1276	Q0	310840#3	0
1277	Q0	78401#0	1
1277	Q0	413211#1	1
1277	Q0	20195#0	1
1277	Q0	21944#0	1
1277	Q0	158655#0	1
1277	Q0	24910#0	1
1277	Q0	78401#1	0
1277	Q0	236409#46	0
1277	Q0	3577#1	0
1277	Q0	383261#0	0
1279	Q0	254180#0	1
1279	Q0	4194#0	1
1279	Q0	6784#0	0
1279	Q0	87098#0	0
1279	Q0	87165#0	0
1279	Q0	87270#0	0
1279	Q0	33622#4	0
1279	Q0	278307#0	0
1279	Q0	6207#0	0
1279	Q0	4205#10	0
1280	Q0	4084#0	1
1280	Q0	4084#3	1
1280	Q0	69465#1	0
1280	Q0	53068#0	0
1280	Q0	4084#2	0
1280	Q0	156658#1	0
1280	Q0	4084#5	0
1280	Q0	4084#7	0
1280	Q0	85399#0	0
1280	Q0	4084#11	0
1281	Q0	412213#14	1
1281	Q0	412213#2	0
1281	Q0	324756#0	0
1281	Q0	412213#1	0
1281	Q0	412902#53	0
1281	Q0	412213#20	0
1281	Q0	408282#3	0
1281	Q0	412213#19	0
1281	Q0	412213#6	0
1281	Q0	412902#0	0
1282	Q0	247345#1	1
1282	Q0	307060#21	1
1282	Q0	239327#0	0
1282	Q0	331846#23	0
1282	Q0	31706#40	0
1282	Q0	14153#9	0
1282	Q0	14153#7	0
1282	Q0	121234#1	0
1282	Q0	251613#4	0
1282	Q0	111385#5	0
1283	Q0	78874#0	1
1283	Q0	62368#0	0
1283	Q0	107479#0	0
1283	Q0	69500#0	0
1283	Q0	78874#1	0
1283	Q0	291850#0	0
1283	Q0	56981#0	0
1283	Q0	2936#3	0
1283	Q0	81282#0	0
1283	Q0	226434#0	0
1284	Q0	211490#3	1
1284	Q0	211490#29	1
1284	Q0	211490#0	1
1284	Q0	22117#0	1
1284	Q0	22117#2	1
1284	Q0	22117#5	1
1284	Q0	22117#3	1
1284	Q0	22117#1	1
1284	Q0	22117#4	1
1284	Q0	206974#25	0
1284	Q0	16849#31	0
1284	Q0	211490#8	0
1284	Q0	346669#5	0
1284	Q0	109100#6	0
1284	Q0	16849#27	0
1284	Q0	307808#3	0
1285	Q0	40002#0	1
1285	Q0	433075#0	1
1285	Q0	40002#3	1
1285	Q0	362630#6	1
1285	Q0	45057#7	1
1285	Q0	135858#0	0
1285	Q0	5692#18	0
1285	Q0	410339#5	0
1285	Q0	12570#2	0
1285	Q0	36959#32	0
1286	Q0	6088#3	1
1286	Q0	23753#1	1
1286	Q0	199515#2	1
1286	Q0	335741#0	1
1286	Q0	2954#7	1
1286	Q0	14943#1	0
1286	Q0	14968#1	0
1286	Q0	11291#0	0
1286	Q0	54527#3	0
1286	Q0	6734#3	0
1286	Q0	125681#15	0
1286	Q0	125681#4	0
1288	Q0	227887#4	1
1288	Q0	843#20	0
1288	Q0	843#70	0
1288	Q0	224970#2	0
1288	Q0	11349#0	0
1288	Q0	843#74	0
1288	Q0	33369#8	0
1288	Q0	230385#0	0
1288	Q0	6920#6	0
1288	Q0	150816#23	0
1289	Q0	124878#7	1
1289	Q0	143124#0	1
1289	Q0	124878#6	1
1289	Q0	124878#0	1
1289	Q0	124878#1	1
1289	Q0	72839#0	0
1289	Q0	127802#0	0
1289	Q0	3803#10	0
1289	Q0	81282#0	0
1289	Q0	1634483#62	0
1290	Q0	158680#0	1
1290	Q0	22341#0	0
1290	Q0	158680#1	0
1290	Q0	63285#1	0
1290	Q0	22341#3	0
1290	Q0	17937#4	0
1290	Q0	158680#3	0
1290	Q0	307254#1	0
1290	Q0	158680#2	0
1290	Q0	4053#29	0
1291	Q0	9260#1	1
1291	Q0	9260#0	1
1291	Q0	2930#9	0
1291	Q0	9260#6	0
1291	Q0	3109#4	0
1291	Q0	3107#8	0
1291	Q0	9260#11	0
1291	Q0	70044#0	0
1291	Q0	3107#54	0
1291	Q0	127689#0	0
1291	Q0	3109#22	0
1293	Q0	12417#1	1
1293	Q0	12419#0	1
1293	Q0	304910#0	1
1293	Q0	12442#6	1
1293	Q0	409671#2	1
1293	Q0	12184#0	1
1293	Q0	12184#53	0
1293	Q0	12417#3	0
1293	Q0	298966#0	0
1293	Q0	12184#13	0
1295	Q0	364146#18	1
1295	Q0	15923#6	1
1295	Q0	15923#2	1
1295	Q0	18616#25	1
1295	Q0	62824#38	0
1295	Q0	3597#36	0
1295	Q0	198919#4	0
1295	Q0	33273#40	0
1295	Q0	18612#1	0
1295	Q0	18616#24	0
1299	Q0	2456610#0	1
1299	Q0	2456610#1	1
1299	Q0	6092#2	0
1299	Q0	20802#0	0
1299	Q0	4514#11	0
1299	Q0	4514#20	0
1299	Q0	4514#9	0
1299	Q0	4514#19	0
1299	Q0	21351#1	0
1299	Q0	79278#0	0
1299	Q0	338102#35	0
1299	Q0	4514#17	0
1300	Q0	16849#0	1
1300	Q0	211490#0	1
1300	Q0	16849#24	1
1300	Q0	293004#0	0
1300	Q0	211490#8	0
1300	Q0	22117#5	0
1300	Q0	16849#1	0
1300	Q0	105208#0	0
1300	Q0	409671#0	0
1300	Q0	12184#0	0
1301	Q0	6509#54	1
1301	Q0	45436#13	1
1301	Q0	118379#3	1
1301	Q0	442577#0	1
1301	Q0	118379#2	1
1301	Q0	359959#0	1
1301	Q0	9262#0	1
1301	Q0	9262#7	1
1301	Q0	9262#3	1
1301	Q0	9262#5	1
1301	Q0	3178#14	0
1301	Q0	197813#9	0
1301	Q0	3160#57	0
1301	Q0	130215#0	0
1302	Q0	12356#4	1
1302	Q0	12356#5	1
1302	Q0	12356#0	1
1302	Q0	12356#1	1
1302	Q0	72683#14	0
1302	Q0	288065#17	0
1302	Q0	359456#0	0
1302	Q0	3324#8	0
1302	Q0	36004#2	0
1302	Q0	60507#29	0
1303	Q0	268846#14	1
1303	Q0	268846#10	1
1303	Q0	268846#6	1
1303	Q0	268846#7	1
1303	Q0	268846#13	1
1303	Q0	268846#8	0
1303	Q0	268846#0	0
1303	Q0	268846#1	0
1303	Q0	268846#5	0
1303	Q0	268846#9	0
1304	Q0	212299#1	1
1304	Q0	74660#2	1
1304	Q0	215563#3	0
1304	Q0	74660#0	0
1304	Q0	215563#6	0
1304	Q0	215563#4	0
1304	Q0	195695#2	0
1304	Q0	99847#3	0
1304	Q0	74706#12	0
1304	Q0	215563#7	0
1306	Q0	124529#0	1
1306	Q0	92718#0	1
1306	Q0	92732#0	1
1306	Q0	46082#0	1
1306	Q0	124529#2	0
1306	Q0	45808#1	0
1306	Q0	3980#1	0
1306	Q0	124529#18	0
1306	Q0	385889#4	0
1306	Q0	124529#17	0
1307	Q0	4595#4	1
1307	Q0	59306#0	1
1307	Q0	274156#0	1
1307	Q0	4595#0	1
1307	Q0	288584#0	1
1307	Q0	4595#5	0
1307	Q0	78303#1	0
1307	Q0	4595#6	0
1307	Q0	295210#0	0
1307	Q0	838#17	0
1308	Q0	206974#1	1
1308	Q0	16849#29	1
1308	Q0	16849#0	1
1308	Q0	211490#29	1
1308	Q0	211490#0	1
1308	Q0	206974#0	1
1308	Q0	22117#0	1
1308	Q0	22117#2	1
1308	Q0	22117#5	1
1308	Q0	22117#3	1
1308	Q0	22117#1	1
1308	Q0	22117#4	1
1308	Q0	16849#1	0
1308	Q0	105208#0	0
1308	Q0	211490#8	0
1308	Q0	109109#0	0
1309	Q0	11272#0	1
1309	Q0	11272#10	1
1309	Q0	431117#0	1
1309	Q0	11272#22	0
1309	Q0	434735#6	0
1309	Q0	434735#0	0
1309	Q0	424890#0	0
1309	Q0	436911#2	0
1309	Q0	11272#19	0
1309	Q0	435874#4	0
1311	Q0	25914#1	1
1311	Q0	347911#9	1
1311	Q0	25914#35	1
1311	Q0	144950#1	1
1311	Q0	25914#33	1
1311	Q0	122997#1	0
1311	Q0	25914#30	0
1311	Q0	25914#12	0
1311	Q0	25914#34	0
1311	Q0	25914#4	0
1312	Q0	57986#0	1
1312	Q0	57986#2	1
1312	Q0	50#15	1
1312	Q0	57986#3	1
1312	Q0	57986#45	1
1312	Q0	57986#19	0
1312	Q0	4121#3	0
1312	Q0	57986#43	0
1312	Q0	57986#13	0
1312	Q0	57986#4	0
1312	Q0	142981#4	0
1313	Q0	44#39	1
1313	Q0	55429#0	0
1313	Q0	68#12	0
1313	Q0	28829#0	0
1313	Q0	65168#2	0
1313	Q0	15636#0	0
1313	Q0	35806#0	0
1313	Q0	15637#4	0
1313	Q0	3777#23	0
1313	Q0	75905#0	0
1315	Q0	78768#2	1
1315	Q0	251619#1	1
1315	Q0	80063#1	1
1315	Q0	19497#8	0
1315	Q0	257207#6	0
1315	Q0	215512#8	0
1315	Q0	102453#10	0
1315	Q0	102453#9	0
1315	Q0	396750#0	0
1315	Q0	87699#6	0
1316	Q0	4232#6	1
1316	Q0	4232#0	1
1316	Q0	4232#5	1
1316	Q0	4232#7	0
1316	Q0	318654#0	0
1316	Q0	4232#1	0
1316	Q0	4020#9	0
1316	Q0	436524#1	0
1316	Q0	202888#1	0
1316	Q0	30238#9	0
1317	Q0	6246#5	1
1317	Q0	6246#0	1
1317	Q0	6545#2	0
1317	Q0	315632#0	0
1317	Q0	90401#0	0
1317	Q0	271982#1	0
1317	Q0	318991#1	0
1317	Q0	318991#6	0
1317	Q0	318972#2	0
1317	Q0	48959#1	0
1317	Q0	49002#1	0
1317	Q0	49007#8	0
1319	Q0	18616#24	1
1319	Q0	15923#19	1
1319	Q0	18616#0	1
1319	Q0	42272#0	1
1319	Q0	35753#8	1
1319	Q0	61759#29	1
1319	Q0	18616#15	1
1319	Q0	18612#0	1
1319	Q0	18616#36	1
1319	Q0	384022#0	1
1320	Q0	6276#57	1
1320	Q0	6276#2	1
1320	Q0	62101#0	1
1320	Q0	6276#44	1
1320	Q0	127449#73	1
1320	Q0	6276#40	1
1320	Q0	6276#55	0
1320	Q0	6276#61	0
1320	Q0	6276#58	0
1320	Q0	6276#74	0
1321	Q0	40492#47	1
1321	Q0	152207#0	1
1321	Q0	40492#1	0
1321	Q0	331638#3	0
1321	Q0	27124#0	0
1321	Q0	38879#10	0
1321	Q0	27124#35	0
1321	Q0	40492#46	0
1321	Q0	14056#16	0
1321	Q0	319959#2	0
1323	Q0	5#0	1
1323	Q0	5#4	1
1323	Q0	5#3	1
1323	Q0	274078#0	1
1323	Q0	5#1	1
1323	Q0	222608#0	1
1323	Q0	412830#0	1
1323	Q0	5#2	1
1323	Q0	332226#1	1
1323	Q0	3095#0	0
1325	Q0	407429#41	1
1325	Q0	590766#0	1
1325	Q0	263605#0	0
1325	Q0	838#17	0
1325	Q0	246058#7	0
1325	Q0	246058#6	0
1325	Q0	289654#20	0
1325	Q0	264667#21	0
1325	Q0	419963#17	0
1325	Q0	306967#4	0
1326	Q0	57822#1	1
1326	Q0	57822#3	0
1326	Q0	57822#2	0
1326	Q0	409140#0	0
1326	Q0	6419#14	0
1326	Q0	141574#59	0
1326	Q0	29567#1	0
1326	Q0	19630#1	0
1326	Q0	248798#0	0
1326	Q0	206132#0	0
1329	Q0	32388#0	1
1329	Q0	13088#19	1
1329	Q0	32388#3	1
1329	Q0	114642#0	0
1329	Q0	114642#3	0
1329	Q0	13088#23	0
1329	Q0	42986#2	0
1329	Q0	11393#1	0
1329	Q0	11388#0	0
1329	Q0	13088#41	0
1331	Q0	3172#3	1
1331	Q0	3172#4	1
1331	Q0	185875#2	0
1331	Q0	13378#3	0
1331	Q0	105941#6	0
1331	Q0	321528#4	0
1331	Q0	262881#31	0
1331	Q0	185875#4	0
1331	Q0	124195#0	0
1331	Q0	399319#9	0
1332	Q0	222330#18	1
1332	Q0	148463#2	1
1332	Q0	109157#14	1
1332	Q0	436938#14	1
1332	Q0	436938#10	0
1332	Q0	6235#14	0
1332	Q0	124780#2	0
1332	Q0	35877#0	0
1332	Q0	26189#1	0
1332	Q0	20302#49	0
1333	Q0	315959#0	1
1333	Q0	245936#0	1
1333	Q0	320738#0	0
1333	Q0	348419#0	0
1333	Q0	315956#0	0
1333	Q0	352915#1	0
1333	Q0	315959#1	0
1333	Q0	331885#1	0
1333	Q0	126653#3	0
1333	Q0	302538#1	0
1336	Q0	321138#6	1
1336	Q0	321138#1	1
1336	Q0	321138#5	1
1336	Q0	321138#0	1
1336	Q0	4945#4	0
1336	Q0	2705#0	0
1336	Q0	339567#2	0
1336	Q0	385921#2	0
1336	Q0	330450#1	0
1336	Q0	195685#6	0
1337	Q0	12390#1	1
1337	Q0	56955#1	1
1337	Q0	12390#0	1
1337	Q0	12390#6	0
1337	Q0	84689#4	0
1337	Q0	212914#1	0
1337	Q0	12390#2	0
1337	Q0	12390#5	0
1337	Q0	7879#2	0
1337	Q0	331602#5	0
1338	Q0	18506#5	1
1338	Q0	26136#1	1
1338	Q0	123405#14	0
1338	Q0	123405#26	0
1338	Q0	249789#2	0
1338	Q0	26136#2	0
1338	Q0	91137#1	0
1338	Q0	123405#15	0
1338	Q0	123405#17	0
1338	Q0	123405#13	0
1339	Q0	287609#1	1
1339	Q0	287609#12	1
1339	Q0	288112#12	1
1339	Q0	287609#9	1
1339	Q0	287609#17	1
1339	Q0	287609#18	1
1339	Q0	287609#16	1
1339	Q0	42998#0	0
1339	Q0	1101#28	0
1343	Q0	22924#12	1
1343	Q0	223118#0	1
1343	Q0	22924#0	1
1343	Q0	22924#53	1
1343	Q0	22924#65	0
1343	Q0	22924#68	0
1343	Q0	193260#5	0
1343	Q0	431392#8	0
1343	Q0	22924#84	0
1343	Q0	23378#0	0
1344	Q0	24449#0	1
1344	Q0	351612#1	1
1344	Q0	5380#23	1
1344	Q0	24449#7	0
1344	Q0	24449#17	0
1344	Q0	24449#12	0
1344	Q0	24449#9	0
1344	Q0	24449#14	0
1344	Q0	24449#11	0
1344	Q0	24449#8	0
1346	Q0	93999#5	1
1346	Q0	93999#6	1
1346	Q0	21576#7	1
1346	Q0	93999#7	1
1346	Q0	275921#4	1
1346	Q0	69929#2	1
1346	Q0	69929#1	1
1346	Q0	904#0	0
1346	Q0	31656#1	0
1346	Q0	91014#3	0
1346	Q0	2892#0	0
1346	Q0	13432#6	0
1347	Q0	6922#1	1
1347	Q0	256783#0	0
1347	Q0	6922#52	0
1347	Q0	54715#0	0
1347	Q0	56139#0	0
1347	Q0	56149#0	0
1347	Q0	54551#0	0
1347	Q0	6922#2	0
1347	Q0	6922#14	0
1347	Q0	4047#1	0
1349	Q0	82#17	1
1349	Q0	82#11	0
1349	Q0	26152#18	0
1349	Q0	45855#32	0
1349	Q0	307910#5	0
1349	Q0	6236#9	0
1349	Q0	82#14	0
1349	Q0	34858#17	0
1349	Q0	326535#0	0
1349	Q0	82#62	0
1349	Q0	60879#8	0
1350	Q0	157828#3	1
1350	Q0	14782#0	1
1350	Q0	13180#58	1
1350	Q0	18084#0	0
1350	Q0	146698#29	0
1350	Q0	149386#15	0
1350	Q0	5408#4	0
1350	Q0	13180#74	0
1350	Q0	84906#0	0
1350	Q0	84910#0	0
1351	Q0	2655226#0	1
1351	Q0	383407#0	0
1351	Q0	49429#12	0
1351	Q0	383407#1	0
1351	Q0	436855#0	0
1351	Q0	49429#19	0
1351	Q0	305483#0	0
1351	Q0	403755#12	0
1351	Q0	16184#30	0
1351	Q0	173144#0	0
1353	Q0	69298#1	1
1353	Q0	3493#97	1
1353	Q0	31461#1	0
1353	Q0	31499#3	0
1353	Q0	436041#1	0
1353	Q0	20693#5	0
1353	Q0	20693#38	0
1353	Q0	273581#2	0
1353	Q0	10994#0	0
1353	Q0	290091#2	0
1354	Q0	399040#0	1
1354	Q0	108794#1	1
1354	Q0	399035#0	1
1354	Q0	108788#40	0
1354	Q0	58577#0	0
1354	Q0	111005#0	0
1354	Q0	108891#1	0
1354	Q0	108788#2	0
1354	Q0	108796#0	0
1354	Q0	111023#0	0
1355	Q0	6#0	1
1355	Q0	6#3	1
1355	Q0	6#5	1
1355	Q0	6#2	1
1355	Q0	6#7	1
1355	Q0	36419#6	1
1355	Q0	5#1	1
1355	Q0	301309#0	1
1355	Q0	310265#0	1
1355	Q0	6#12	0
1356	Q0	34640#11	1
1356	Q0	34640#14	1
1356	Q0	34640#1	1
1356	Q0	34640#6	0
1356	Q0	34640#15	0
1356	Q0	34640#20	0
1356	Q0	34640#2	0
1356	Q0	34640#12	0
1356	Q0	34640#9	0
1356	Q0	32321#17	0
1357	Q0	2934#0	1
1357	Q0	432210#6	1
1357	Q0	2933#0	1
1357	Q0	20885#12	1
1357	Q0	20885#13	1
1357	Q0	2934#2	0
1357	Q0	3178#9	0
1357	Q0	20885#10	0
1357	Q0	757#12	0
1357	Q0	20885#14	0
1358	Q0	843#99	1
1358	Q0	843#1	1
1358	Q0	843#0	1
1358	Q0	843#2	1
1358	Q0	843#94	1
1358	Q0	843#105	0
1358	Q0	843#17	0
1358	Q0	843#101	0
1358	Q0	843#15	0
1358	Q0	843#104	0
1360	Q0	337628#34	1
1360	Q0	337628#0	1
1360	Q0	337628#32	1
1360	Q0	337628#50	0
1360	Q0	337628#42	0
1360	Q0	337628#45	0
1360	Q0	16053#4	0
1360	Q0	337632#1	0
1360	Q0	337628#38	0
1360	Q0	408009#12	0
1363	Q0	46312#13	1
1363	Q0	46312#6	1
1363	Q0	46312#11	1
1363	Q0	46312#9	0
1363	Q0	46312#12	0
1363	Q0	46312#8	0
1363	Q0	46312#4	0
1363	Q0	46312#14	0
1363	Q0	46312#7	0
1363	Q0	46312#2	0
1364	Q0	13377#14	1
1364	Q0	13377#46	1
1364	Q0	1046#57	1
1364	Q0	13377#2	1
1364	Q0	1046#56	1
1364	Q0	8273#59	0
1364	Q0	13377#23	0
1364	Q0	13377#8	0
1364	Q0	9634#51	0
1364	Q0	13377#22	0
1365	Q0	112900#0	1
1365	Q0	112900#1	1
1365	Q0	112900#19	1
1365	Q0	112900#4	0
1365	Q0	112900#9	0
1365	Q0	112900#6	0
1365	Q0	112900#17	0
1365	Q0	112900#23	0
1365	Q0	112900#22	0
1365	Q0	112900#25	0
1366	Q0	6380#5	1
1366	Q0	6380#0	1
1366	Q0	6380#18	1
1366	Q0	6380#3	1
1366	Q0	6380#2	0
1366	Q0	68730#0	0
1366	Q0	11613#1	0
1366	Q0	6380#1	0
1366	Q0	15005#0	0
1366	Q0	11613#26	0
1366	Q0	6380#17	0
1366	Q0	15005#3	0
1368	Q0	686904#2	1
1368	Q0	146730#2	0
1368	Q0	20278#2	0
1368	Q0	145864#0	0
1368	Q0	248460#1	0
1368	Q0	370486#0	0
1368	Q0	271050#4	0
1368	Q0	33176#11	0
1368	Q0	170842#1	0
1368	Q0	1124#1	0
1369	Q0	5#0	1
1369	Q0	5#6	1
1369	Q0	332226#1	1
1369	Q0	311624#3	1
1369	Q0	207315#0	0
1369	Q0	332226#4	0
1369	Q0	85#21	0
1369	Q0	120494#0	0
1369	Q0	5#1	0
1369	Q0	332226#3	0
1370	Q0	229484#9	1
1370	Q0	229484#11	0
1370	Q0	229484#8	0
1370	Q0	229484#2	0
1370	Q0	229484#7	0
1370	Q0	229484#0	0
1370	Q0	229484#1	0
1370	Q0	229484#10	0
1370	Q0	229484#3	0
1370	Q0	229484#4	0
1371	Q0	817#0	1
1371	Q0	817#11	1
1371	Q0	4754#1	1
1371	Q0	4789#18	1
1371	Q0	194373#3	1
1371	Q0	161357#1	1
1371	Q0	817#16	0
1371	Q0	817#17	0
1371	Q0	817#23	0
1371	Q0	152620#0	0
1372	Q0	161141#8	1
1372	Q0	4095#12	1
1372	Q0	168085#31	1
1372	Q0	168060#0	0
1372	Q0	85279#1	0
1372	Q0	4095#10	0
1372	Q0	94545#1	0
1372	Q0	3363#1	0
1372	Q0	2130407#0	0
1372	Q0	26253#0	0
1373	Q0	17476#0	1
1373	Q0	26031#2	1
1373	Q0	17476#14	1
1373	Q0	17476#1	0
1373	Q0	17476#3	0
1373	Q0	17476#6	0
1373	Q0	318991#6	0
1373	Q0	17476#42	0
1373	Q0	17476#36	0
1373	Q0	28462#1	0
1375	Q0	11903#0	1
1375	Q0	1071#13	1
1375	Q0	11896#23	1
1375	Q0	13680#1	1
1375	Q0	62360#1	0
1375	Q0	121830#0	0
1375	Q0	22755#16	0
1375	Q0	58935#0	0
1375	Q0	1071#1	0
1375	Q0	1071#20	0
1375	Q0	13680#4	0
1376	Q0	269242#2	1
1376	Q0	264216#0	1
1376	Q0	91#19	1
1376	Q0	209881#2	1
1376	Q0	209881#0	1
1376	Q0	20986#0	0
1376	Q0	205634#0	0
1376	Q0	20986#8	0
1376	Q0	343391#0	0
1376	Q0	91716#4	0
1377	Q0	23378#0	1
1377	Q0	23378#1	1
1377	Q0	225373#0	1
1377	Q0	237724#1	1
1377	Q0	251686#1	1
1377	Q0	269418#1	1
1377	Q0	223118#0	1
1377	Q0	224992#0	1
1377	Q0	23699#22	0
1377	Q0	251686#0	0
1378	Q0	13659#7	1
1378	Q0	13659#8	1
1378	Q0	3088#0	1
1378	Q0	13659#1	1
1378	Q0	53#1	1
1378	Q0	3219#7	1
1378	Q0	13658#1	0
1378	Q0	139609#1	0
1378	Q0	3219#1	0
1378	Q0	3022#28	0
1379	Q0	22931#15	1
1379	Q0	229398#3	0
1379	Q0	2492909#0	0
1379	Q0	3363#1	0
1379	Q0	13147#11	0
1379	Q0	233667#0	0
1379	Q0	4101#9	0
1379	Q0	12036#7	0
1379	Q0	349015#1	0
1379	Q0	4070#30	0
1382	Q0	32427#0	1
1382	Q0	32427#4	1
1382	Q0	32427#15	0
1382	Q0	32427#10	0
1382	Q0	32427#17	0
1382	Q0	32427#14	0
1382	Q0	32427#5	0
1382	Q0	32427#1	0
1382	Q0	32427#18	0
1382	Q0	32427#7	0
1383	Q0	252786#3	1
1383	Q0	252786#0	0
1383	Q0	252786#2	0
1383	Q0	252786#1	0
1383	Q0	252786#6	0
1383	Q0	252786#7	0
1383	Q0	252786#5	0
1383	Q0	252786#4	0
1383	Q0	261025#1	0
1383	Q0	190435#6	0
1384	Q0	4239#5	1
1384	Q0	4239#0	1
1384	Q0	4239#4	0
1384	Q0	4239#38	0
1384	Q0	4239#3	0
1384	Q0	4239#2	0
1384	Q0	4239#31	0
1384	Q0	4239#14	0
1384	Q0	4239#6	0
1384	Q0	4239#12	0
1385	Q0	146136#14	1
1385	Q0	707353#0	1
1385	Q0	234024#22	0
1385	Q0	43737#11	0
1385	Q0	21291#32	0
1385	Q0	74861#10	0
1385	Q0	320299#0	0
1385	Q0	112453#0	0
1385	Q0	838#17	0
1385	Q0	51938#10	0
1386	Q0	4414#22	1
1386	Q0	4414#26	0
1386	Q0	190318#0	0
1386	Q0	283849#0	0
1386	Q0	283845#0	0
1386	Q0	355354#0	0
1386	Q0	4414#24	0
1386	Q0	142549#1	0
1386	Q0	355339#0	0
1386	Q0	56131#0	0
1388	Q0	78456#0	1
1388	Q0	147359#10	1
1388	Q0	67970#0	0
1388	Q0	20887#25	0
1388	Q0	147359#23	0
1388	Q0	67970#3	0
1388	Q0	20887#27	0
1388	Q0	20887#1	0
1388	Q0	36107#5	0
1388	Q0	20887#29	0
1389	Q0	344183#0	1
1389	Q0	202205#4	1
1389	Q0	344183#1	1
1389	Q0	344183#2	1
1389	Q0	202205#1	1
1389	Q0	81868#0	0
1389	Q0	81868#1	0
1389	Q0	141199#0	0
1389	Q0	20302#58	0
1389	Q0	28047#2	0
1392	Q0	25089#4	1
1392	Q0	126136#2	1
1392	Q0	25089#6	1
1392	Q0	45855#54	1
1392	Q0	253898#1	1
1392	Q0	60077#10	0
1392	Q0	30078#4	0
1392	Q0	25089#8	0
1392	Q0	3376#19	0
1392	Q0	34497#19	0
1393	Q0	275921#4	1
1393	Q0	11763#1	1
1393	Q0	275921#5	1
1393	Q0	11763#7	1
1393	Q0	204005#28	1
1393	Q0	101476#1	1
1393	Q0	206974#16	0
1393	Q0	206974#29	0
1393	Q0	206974#13	0
1393	Q0	275921#1	0
1393	Q0	275921#2	0
1394	Q0	629390#0	1
1394	Q0	838#17	0
1394	Q0	81282#0	0
1394	Q0	226434#0	0
1394	Q0	84608#0	0
1394	Q0	70991#0	0
1394	Q0	126237#0	0
1394	Q0	228637#0	0
1394	Q0	359014#4	0
1394	Q0	204007#0	0
1394	Q0	629390#1	0
1395	Q0	15073#0	1
1395	Q0	287798#0	1
1395	Q0	2740#59	1
1395	Q0	2740#52	1
1395	Q0	364735#0	1
1395	Q0	22214#11	1
1395	Q0	8273#0	1
1395	Q0	2643#7	1
1395	Q0	2740#16	1
1395	Q0	2740#68	1
1397	Q0	4791#0	1
1397	Q0	817#0	1
1397	Q0	817#11	0
1397	Q0	817#2	0
1397	Q0	4759#56	0
1397	Q0	4767#0	0
1397	Q0	4762#6	0
1397	Q0	152626#0	0
1397	Q0	74209#0	0
1397	Q0	4777#0	0
1400	Q0	69430#4	1
1400	Q0	315604#21	1
1400	Q0	4168#8	1
1400	Q0	9207#0	1
1400	Q0	61783#3	1
1400	Q0	373345#1	1
1400	Q0	6728#5	0
1400	Q0	85310#107	0
1400	Q0	29492#36	0
1400	Q0	69430#5	0
1405	Q0	55269#3	1
1405	Q0	159298#1	1
1405	Q0	247232#2	0
1405	Q0	159910#6	0
1405	Q0	21024#6	0
1405	Q0	207218#2	0
1405	Q0	97625#4	0
1405	Q0	4093#13	0
1405	Q0	21024#7	0
1405	Q0	159928#1	0
1406	Q0	15660#24	1
1406	Q0	15660#8	1
1406	Q0	15660#20	1
1406	Q0	15660#7	0
1406	Q0	15660#9	0
1406	Q0	15660#39	0
1406	Q0	15660#5	0
1406	Q0	15660#38	0
1406	Q0	15660#16	0
1406	Q0	15660#25	0
1406	Q0	15660#36	0
1409	Q0	16016#0	1
1409	Q0	16016#10	1
1409	Q0	16016#3	0
1409	Q0	10040#26	0
1409	Q0	16016#6	0
1409	Q0	4145#69	0
1409	Q0	10040#1	0
1409	Q0	16016#7	0
1409	Q0	338532#7	0
1409	Q0	16016#1	0
1413	Q0	57653#0	1
1413	Q0	57653#21	1
1413	Q0	57653#2	1
1413	Q0	57653#20	0
1413	Q0	57653#3	0
1413	Q0	57653#17	0
1413	Q0	57653#6	0
1413	Q0	57653#4	0
1413	Q0	57653#12	0
1413	Q0	57653#5	0
1415	Q0	16230#4	1
1415	Q0	12058#108	0
1415	Q0	12058#5	0
1415	Q0	12058#51	0
1415	Q0	251965#8	0
1415	Q0	12058#103	0
1415	Q0	12058#6	0
1415	Q0	40070#1	0
1415	Q0	12058#91	0
1415	Q0	12058#90	0
1416	Q0	4026#0	1
1416	Q0	4026#5	1
1416	Q0	4026#18	1
1416	Q0	4026#29	1
1416	Q0	4026#15	0
1416	Q0	4026#14	0
1416	Q0	4026#8	0
1416	Q0	4026#2	0
1416	Q0	4026#1	0
1416	Q0	4026#3	0
1417	Q0	4093#11	1
1417	Q0	6867#67	1
1417	Q0	6867#0	0
1417	Q0	5431#59	0
1417	Q0	159928#0	0
1417	Q0	37890#0	0
1417	Q0	395182#1	0
1417	Q0	6867#15	0
1417	Q0	159930#0	0
1417	Q0	6867#44	0
1418	Q0	13765#20	1
1418	Q0	14227#1	1
1418	Q0	381790#10	1
1418	Q0	53357#1	1
1418	Q0	838#17	0
1418	Q0	81282#0	0
1418	Q0	226434#0	0
1418	Q0	84608#0	0
1418	Q0	13999#10	0
1418	Q0	195685#6	0
1421	Q0	30461#2	1
1421	Q0	30461#0	0
1421	Q0	194394#2	0
1421	Q0	30461#5	0
1421	Q0	30461#3	0
1421	Q0	30461#6	0
1421	Q0	30461#4	0
1421	Q0	30461#7	0
1421	Q0	8107#14	0
1421	Q0	123202#1	0
1422	Q0	15662#11	1
1422	Q0	9266#1	1
1422	Q0	10712#1	1
1422	Q0	9266#2	1
1422	Q0	13267#105	0
1422	Q0	10070#6	0
1422	Q0	197549#1	0
1422	Q0	52510#1	0
1422	Q0	107356#3	0
1422	Q0	10070#1	0
1423	Q0	10480#12	1
1423	Q0	10480#5	1
1423	Q0	10480#6	1
1423	Q0	10480#80	0
1423	Q0	10480#61	0
1423	Q0	10480#62	0
1423	Q0	10480#83	0
1423	Q0	79557#48	0
1423	Q0	10480#78	0
1423	Q0	10480#11	0
1424	Q0	19003#0	1
1424	Q0	5474#13	1
1424	Q0	282135#8	1
1424	Q0	57556#5	1
1424	Q0	19003#39	1
1424	Q0	19003#24	0
1424	Q0	19003#44	0
1424	Q0	19003#45	0
1424	Q0	19003#49	0
1424	Q0	19003#28	0
1426	Q0	432838#11	1
1426	Q0	21050#51	1
1426	Q0	1101#27	1
1426	Q0	2497527#0	1
1426	Q0	2497527#5	1
1426	Q0	2497527#1	1
1426	Q0	340309#6	0
1426	Q0	133726#12	0
1426	Q0	234623#6	0
1426	Q0	109380#1	0
1426	Q0	4552#4	0
1426	Q0	21050#21	0
1426	Q0	44922#0	0
1427	Q0	942#41	1
1427	Q0	23412#1	1
1427	Q0	6408#6	1
1427	Q0	12600#0	1
1427	Q0	12597#0	0
1427	Q0	413191#0	0
1427	Q0	946#0	0
1427	Q0	6327#9	0
1427	Q0	946#26	0
1427	Q0	942#55	0
1429	Q0	21360#0	1
1429	Q0	21360#2	1
1429	Q0	21360#3	1
1429	Q0	21360#23	0
1429	Q0	428901#0	0
1429	Q0	48709#2	0
1429	Q0	16084#11	0
1429	Q0	21360#13	0
1429	Q0	21360#12	0
1429	Q0	428901#15	0
1430	Q0	229184#11	1
1430	Q0	227721#11	1
1430	Q0	226587#0	1
1430	Q0	186425#0	0
1430	Q0	50852#27	0
1430	Q0	250152#1	0
1430	Q0	227721#3	0
1430	Q0	185463#1	0
1430	Q0	26615#6	0
1430	Q0	195491#0	0
1431	Q0	428552#48	1
1431	Q0	428552#50	0
1431	Q0	428552#42	0
1431	Q0	428552#46	0
1431	Q0	428552#47	0
1431	Q0	428552#30	0
1431	Q0	428552#51	0
1431	Q0	428552#45	0
1431	Q0	428552#49	0
1431	Q0	428552#0	0
1432	Q0	296207#7	1
1432	Q0	296207#20	1
1432	Q0	35648#9	1
1432	Q0	296207#0	1
1432	Q0	49504#3	1
1432	Q0	296207#1	0
1432	Q0	296207#18	0
1432	Q0	44476#9	0
1432	Q0	296207#19	0
1432	Q0	8597#0	0
1433	Q0	84009#0	1
1433	Q0	137688#0	0
1433	Q0	19672#0	0
1433	Q0	101772#0	0
1433	Q0	13016#0	0
1433	Q0	12341#0	0
1433	Q0	4642#0	0
1433	Q0	13016#3	0
1433	Q0	4479#0	0
1433	Q0	18743#0	0
1434	Q0	9588#0	1
1434	Q0	1046#16	1
1434	Q0	9588#29	1
1434	Q0	9588#12	0
1434	Q0	9588#13	0
1434	Q0	9588#28	0
1434	Q0	9588#45	0
1434	Q0	9588#3	0
1434	Q0	9590#5	0
1434	Q0	20827#2	0
1435	Q0	3971#0	1
1435	Q0	54500#0	0
1435	Q0	307060#1	0
1435	Q0	3976#1	0
1435	Q0	82077#0	0
1435	Q0	92732#2	0
1435	Q0	3976#26	0
1435	Q0	3975#11	0
1435	Q0	3971#13	0
1435	Q0	943944#0	0
1436	Q0	14637#0	1
1436	Q0	20744#0	0
1436	Q0	255166#1	0
1436	Q0	298272#7	0
1436	Q0	34986#1	0
1436	Q0	68#12	0
1436	Q0	27250#3	0
1436	Q0	15637#4	0
1436	Q0	4225#3	0
1436	Q0	75905#40	0
1437	Q0	14123#42	1
1437	Q0	14123#37	1
1437	Q0	14123#41	0
1437	Q0	14123#33	0
1437	Q0	14123#8	0
1437	Q0	14123#34	0
1437	Q0	14123#7	0
1437	Q0	14123#43	0
1437	Q0	14123#58	0
1437	Q0	83501#2	0
1438	Q0	22447#3	1
1438	Q0	22447#11	1
1438	Q0	22447#5	1
1438	Q0	37234#33	0
1438	Q0	23723#18	0
1438	Q0	418380#0	0
1438	Q0	306142#2	0
1438	Q0	57860#0	0
1438	Q0	37999#1	0
1438	Q0	41402#3	0
1439	Q0	3531#0	1
1439	Q0	45284#4	0
1439	Q0	3531#3	0
1439	Q0	3531#35	0
1439	Q0	154941#18	0
1439	Q0	282627#3	0
1439	Q0	267966#1	0
1439	Q0	147359#12	0
1439	Q0	3399#0	0
1439	Q0	3531#2	0
1440	Q0	178012#0	1
1440	Q0	3908#5	0
1440	Q0	347191#0	0
1440	Q0	3022#28	0
1440	Q0	81282#0	0
1440	Q0	2819#4	0
1440	Q0	157096#1	0
1440	Q0	38576#2	0
1440	Q0	36048#13	0
1440	Q0	47924#5	0
1441	Q0	38307#0	1
1441	Q0	37234#5	0
1441	Q0	9926#55	0
1441	Q0	433097#0	0
1441	Q0	131651#4	0
1441	Q0	117872#0	0
1441	Q0	439419#0	0
1441	Q0	54454#0	0
1441	Q0	301420#0	0
1441	Q0	34628#0	0
1441	Q0	38307#2	0
1442	Q0	267758#0	1
1442	Q0	267758#11	1
1442	Q0	267758#14	0
1442	Q0	267758#1	0
1442	Q0	267758#2	0
1442	Q0	267758#15	0
1442	Q0	267758#8	0
1442	Q0	260282#17	0
1442	Q0	267758#3	0
1442	Q0	315396#1	0
1447	Q0	6362#14	1
1447	Q0	6362#9	1
1447	Q0	344118#0	1
1447	Q0	6362#0	1
1447	Q0	30413#2	0
1447	Q0	39786#0	0
1447	Q0	6362#2	0
1447	Q0	1011#0	0
1447	Q0	6362#3	0
1447	Q0	65689#0	0
1451	Q0	10730#13	1
1451	Q0	10730#68	0
1451	Q0	10730#65	0
1451	Q0	10730#47	0
1451	Q0	10730#9	0
1451	Q0	10730#34	0
1451	Q0	48962#16	0
1451	Q0	10730#10	0
1451	Q0	10730#32	0
1451	Q0	48962#29	0
1452	Q0	31283#1	1
1452	Q0	31283#0	1
1452	Q0	31283#2	0
1452	Q0	1002#7	0
1452	Q0	279865#0	0
1452	Q0	318665#0	0
1452	Q0	31283#4	0
1452	Q0	302409#0	0
1452	Q0	126652#1	0
1452	Q0	138403#0	0
1453	Q0	8807#2	1
1453	Q0	8807#0	1
1453	Q0	309134#4	1
1453	Q0	8807#9	1
1453	Q0	8807#3	0
1453	Q0	8807#7	0
1453	Q0	44#24	0
1453	Q0	13263#69	0
1453	Q0	8807#6	0
1457	Q0	4416#33	1
1457	Q0	4416#0	0
1457	Q0	4416#3	0
1457	Q0	4416#38	0
1457	Q0	4416#16	0
1457	Q0	4416#15	0
1457	Q0	4416#27	0
1457	Q0	4416#2	0
1457	Q0	4416#20	0
1457	Q0	4416#24	0
1458	Q0	121424#2	1
1458	Q0	125681#24	0
1458	Q0	201986#0	0
1458	Q0	77298#27	0
1458	Q0	201986#9	0
1458	Q0	201986#12	0
1458	Q0	201986#11	0
1458	Q0	278060#1	0
1458	Q0	3020#100	0
1458	Q0	201986#13	0
1459	Q0	2075249#4	1
1459	Q0	81282#0	0
1459	Q0	3324#9	0
1459	Q0	226434#0	0
1459	Q0	84608#0	0
1459	Q0	36048#0	0
1459	Q0	147299#0	0
1459	Q0	228637#0	0
1459	Q0	273527#0	0
1459	Q0	243585#0	0
1460	Q0	690#43	1
1460	Q0	690#1	0
1460	Q0	84772#2	0
1460	Q0	690#25	0
1460	Q0	7801#18	0
1460	Q0	28904#2	0
1460	Q0	214411#1	0
1460	Q0	7801#9	0
1460	Q0	37539#6	0
1460	Q0	215081#6	0
1461	Q0	338447#7	1
1461	Q0	81775#3	1
1461	Q0	328643#23	1
1461	Q0	81775#6	1
1461	Q0	153944#2	1
1461	Q0	318266#28	1
1461	Q0	387299#5	1
1461	Q0	196752#17	0
1461	Q0	93844#1	0
1461	Q0	346860#2	0
1464	Q0	18843#4	1
1464	Q0	20874#0	1
1464	Q0	155882#4	1
1464	Q0	68288#1	1
1464	Q0	34099#2	1
1464	Q0	20874#5	0
1464	Q0	36975#1	0
1464	Q0	299774#0	0
1464	Q0	21634#2	0
1464	Q0	103086#0	0
1465	Q0	354277#0	1
1465	Q0	354269#0	1
1465	Q0	354281#0	1
1465	Q0	354731#0	1
1465	Q0	354738#1	1
1465	Q0	354268#0	1
1465	Q0	154828#0	1
1465	Q0	354281#1	1
1465	Q0	354727#0	1
1465	Q0	354731#1	1
1466	Q0	75389#0	1
1466	Q0	59836#0	1
1466	Q0	32423#0	1
1466	Q0	399043#0	1
1466	Q0	70991#0	1
1466	Q0	230973#17	1
1466	Q0	359158#34	1
1466	Q0	82348#0	1
1466	Q0	77795#0	1
1466	Q0	81282#0	0
1469	Q0	45569#36	1
1469	Q0	45569#0	1
1469	Q0	45569#43	0
1469	Q0	45569#37	0
1469	Q0	17051#21	0
1469	Q0	45569#38	0
1469	Q0	45569#27	0
1469	Q0	17051#12	0
1469	Q0	45569#35	0
1469	Q0	45569#57	0
1470	Q0	93871#15	1
1470	Q0	1101#1	1
1470	Q0	803#31	1
1470	Q0	46286#5	1
1470	Q0	93871#0	1
1470	Q0	246249#0	0
1470	Q0	19638#0	0
1470	Q0	803#0	0
1470	Q0	246249#48	0
1470	Q0	246249#2	0
1470	Q0	5109#0	0
1471	Q0	278483#1	1
1471	Q0	289404#0	0
1471	Q0	298687#2	0
1471	Q0	271276#1	0
1471	Q0	306326#1	0
1471	Q0	306326#14	0
1471	Q0	311661#11	0
1471	Q0	266092#26	0
1471	Q0	298687#8	0
1471	Q0	266092#0	0
1473	Q0	263601#55	1
1473	Q0	263601#3	1
1473	Q0	263601#64	1
1473	Q0	263601#56	1
1473	Q0	263601#50	1
1473	Q0	263601#62	1
1473	Q0	103106#3	0
1473	Q0	50627#2	0
1473	Q0	3908#46	0
1473	Q0	344724#16	0
1474	Q0	1071#15	1
1474	Q0	13680#4	1
1474	Q0	13680#0	1
1474	Q0	13680#1	1
1474	Q0	58935#0	0
1474	Q0	280084#0	0
1474	Q0	1071#18	0
1474	Q0	1071#14	0
1474	Q0	121830#0	0
1474	Q0	69501#0	0
1476	Q0	32296#0	1
1476	Q0	93999#0	1
1476	Q0	32296#38	1
1476	Q0	93999#4	1
1476	Q0	81566#4	0
1476	Q0	93999#2	0
1476	Q0	1130#19	0
1476	Q0	241610#0	0
1476	Q0	81566#5	0
1476	Q0	93999#3	0
1476	Q0	93999#19	0
1481	Q0	151537#13	1
1481	Q0	151537#0	1
1481	Q0	151537#1	1
1481	Q0	219570#0	1
1481	Q0	151537#19	1
1481	Q0	151537#12	0
1481	Q0	151537#17	0
1481	Q0	1018#14	0
1481	Q0	81282#0	0
1481	Q0	226434#0	0
1482	Q0	389826#3	1
1482	Q0	41124#5	1
1482	Q0	345691#2	0
1482	Q0	389826#0	0
1482	Q0	17692#11	0
1482	Q0	122857#2	0
1482	Q0	4245#2	0
1482	Q0	15730#3	0
1482	Q0	78760#10	0
1482	Q0	118153#1	0
1483	Q0	29022#0	1
1483	Q0	14943#11	1
1483	Q0	42789#1	0
1483	Q0	152511#5	0
1483	Q0	126066#2	0
1483	Q0	18858#21	0
1483	Q0	4373#80	0
1483	Q0	34073#12	0
1483	Q0	42733#56	0
1483	Q0	441568#14	0
1484	Q0	101772#0	1
1484	Q0	233378#22	1
1484	Q0	260374#0	0
1484	Q0	434984#8	0
1484	Q0	434984#6	0
1484	Q0	4441#15	0
1484	Q0	235369#0	0
1484	Q0	4510#13	0
1484	Q0	37082#0	0
1484	Q0	4448#0	0
1485	Q0	21899#1	1
1485	Q0	129010#7	0
1485	Q0	20034#1	0
1485	Q0	243585#0	0
1485	Q0	3992#5	0
1485	Q0	20478#19	0
1485	Q0	428917#0	0
1485	Q0	238013#4	0
1485	Q0	207993#2	0
1485	Q0	147299#0	0
1486	Q0	8107#14	1
1486	Q0	123495#7	1
1486	Q0	8107#9	1
1486	Q0	125759#6	0
1486	Q0	8107#41	0
1486	Q0	8107#28	0
1486	Q0	8107#37	0
1486	Q0	8107#1	0
1486	Q0	125759#3	0
1486	Q0	8107#52	0
1487	Q0	2038668#0	1
1487	Q0	2038668#2	1
1487	Q0	309216#8	0
1487	Q0	19460#2	0
1487	Q0	3235#4	0
1487	Q0	416298#1	0
1487	Q0	380554#1	0
1487	Q0	69247#2	0
1487	Q0	146169#57	0
1487	Q0	20517#3	0
1488	Q0	253602#1	1
1488	Q0	20024#0	1
1488	Q0	183601#1	1
1488	Q0	295175#2	1
1488	Q0	3794#7	0
1488	Q0	138631#1	0
1488	Q0	16481#16	0
1488	Q0	16481#2	0
1488	Q0	237666#4	0
1488	Q0	10924#23	0
1489	Q0	72258#6	1
1489	Q0	72258#2	1
1489	Q0	72258#0	1
1489	Q0	72258#5	1
1489	Q0	72258#3	0
1489	Q0	72258#4	0
1489	Q0	72258#7	0
1489	Q0	3363#1	0
1489	Q0	72258#1	0
1489	Q0	84608#0	0
1491	Q0	57459#1	1
1491	Q0	236249#24	1
1491	Q0	236249#13	0
1491	Q0	33594#0	0
1491	Q0	236249#3	0
1491	Q0	198497#5	0
1491	Q0	236249#21	0
1491	Q0	236249#14	0
1491	Q0	236249#16	0
1491	Q0	198497#6	0
1494	Q0	403274#8	1
1494	Q0	291711#1	1
1494	Q0	291711#2	1
1494	Q0	304220#0	0
1494	Q0	271214#18	0
1494	Q0	291711#0	0
1494	Q0	271214#15	0
1494	Q0	153687#0	0
1494	Q0	236409#64	0
1494	Q0	389497#0	0
1494	Q0	153069#2	0
1494	Q0	338447#0	0
1495	Q0	4041#6	1
1495	Q0	10#14	1
1495	Q0	22533#5	1
1495	Q0	22533#6	1
1495	Q0	6784#13	0
1495	Q0	6207#16	0
1495	Q0	4039#15	0
1495	Q0	4198#31	0
1495	Q0	437443#1	0
1495	Q0	11403#12	0
1495	Q0	4153#11	0
1495	Q0	4041#5	0
1498	Q0	3433#2	1
1498	Q0	3433#4	1
1498	Q0	3433#3	1
1498	Q0	332226#0	1
1498	Q0	12932#1	1
1498	Q0	3803#10	0
1498	Q0	81282#0	0
1498	Q0	226434#0	0
1498	Q0	71170#0	0
1498	Q0	210351#0	0
1500	Q0	239304#0	1
1500	Q0	239304#4	1
1500	Q0	239304#11	1
1500	Q0	239304#44	1
1500	Q0	239304#15	1
1500	Q0	239304#20	0
1500	Q0	239304#33	0
1500	Q0	239304#19	0
1500	Q0	239304#6	0
1500	Q0	239304#35	0
1501	Q0	19634#0	1
1501	Q0	19634#44	1
1501	Q0	19634#38	0
1501	Q0	84021#14	0
1501	Q0	19922#0	0
1501	Q0	188659#7	0
1501	Q0	44542#6	0
1501	Q0	208376#2	0
1501	Q0	19634#24	0
1501	Q0	19634#15	0
1502	Q0	226021#4	1
1502	Q0	127207#4	1
1502	Q0	123480#0	0
1502	Q0	21219#74	0
1502	Q0	268903#0	0
1502	Q0	350911#0	0
1502	Q0	348434#0	0
1502	Q0	71310#0	0
1502	Q0	11492#3	0
1502	Q0	46994#0	0
1503	Q0	20024#1	1
1503	Q0	10924#31	1
1503	Q0	20024#2	1
1503	Q0	20024#9	1
1503	Q0	351240#0	1
1503	Q0	340532#0	1
1503	Q0	344030#1	0
1503	Q0	10924#23	0
1503	Q0	20024#4	0
1503	Q0	20024#5	0
1504	Q0	4120#6	1
1504	Q0	4120#0	1
1504	Q0	341376#0	0
1504	Q0	341164#0	0
1504	Q0	4120#29	0
1504	Q0	341179#10	0
1504	Q0	4120#20	0
1504	Q0	43035#0	0
1504	Q0	4120#32	0
1504	Q0	4120#5	0
1506	Q0	45436#2	1
1506	Q0	20885#12	1
1506	Q0	20885#18	1
1506	Q0	20885#0	1
1506	Q0	20885#14	1
1506	Q0	402357#6	1
1506	Q0	20885#10	0
1506	Q0	2934#0	0
1506	Q0	20885#9	0
1506	Q0	17315#7	0
1507	Q0	71067#15	1
1507	Q0	71067#12	1
1507	Q0	71067#11	1
1507	Q0	71067#3	1
1507	Q0	71067#14	1
1507	Q0	3179#12	0
1507	Q0	3179#11	0
1507	Q0	71067#16	0
1507	Q0	3179#9	0
1507	Q0	71067#10	0
1508	Q0	365627#0	1
1508	Q0	7582#0	1
1508	Q0	752#66	1
1508	Q0	78740#32	1
1508	Q0	7524#0	1
1508	Q0	3022#28	0
1508	Q0	81282#0	0
1508	Q0	84608#0	0
1508	Q0	226434#0	0
1508	Q0	204801#0	0
1509	Q0	59083#0	1
1509	Q0	13520#32	1
1509	Q0	240868#62	1
1509	Q0	59083#3	1
1509	Q0	59083#1	0
1509	Q0	274768#0	0
1509	Q0	13520#0	0
1509	Q0	59083#6	0
1509	Q0	59083#5	0
1509	Q0	80433#3	0
1511	Q0	24421#1	1
1511	Q0	34858#24	1
1511	Q0	24421#8	1
1511	Q0	198265#3	0
1511	Q0	24421#13	0
1511	Q0	24421#0	0
1511	Q0	198265#2	0
1511	Q0	84234#2	0
1511	Q0	222351#0	0
1511	Q0	198265#1	0
1512	Q0	36493#1	1
1512	Q0	6608#4	1
1512	Q0	118037#2	1
1512	Q0	105835#12	0
1512	Q0	311744#6	0
1512	Q0	305192#0	0
1512	Q0	7125#0	0
1512	Q0	18357#49	0
1512	Q0	262068#0	0
1512	Q0	33176#135	0
1514	Q0	135779#16	1
1514	Q0	21557#0	0
1514	Q0	135779#2	0
1514	Q0	20756#0	0
1514	Q0	314977#1	0
1514	Q0	66004#0	0
1514	Q0	65993#0	0
1514	Q0	66011#0	0
1514	Q0	65990#0	0
1514	Q0	63607#1	0
1515	Q0	442804#3	1
1515	Q0	3493#97	1
1515	Q0	125681#26	1
1515	Q0	442804#1	1
1515	Q0	442804#5	0
1515	Q0	37148#15	0
1515	Q0	105168#12	0
1515	Q0	3304#2	0
1515	Q0	37148#1	0
1515	Q0	442749#4	0
1516	Q0	382213#1	1
1516	Q0	417853#1	1
1516	Q0	382213#0	1
1516	Q0	393254#2	1
1516	Q0	151590#9	1
1516	Q0	151592#11	0
1516	Q0	152309#20	0
1516	Q0	417853#0	0
1516	Q0	37843#20	0
1516	Q0	425229#0	0
1520	Q0	19641#41	1
1520	Q0	19641#16	1
1520	Q0	58172#4	0
1520	Q0	19641#3	0
1520	Q0	19641#0	0
1520	Q0	19641#14	0
1520	Q0	409780#0	0
1520	Q0	19641#20	0
1520	Q0	19641#11	0
1520	Q0	19641#1	0
1521	Q0	729683#0	1
1521	Q0	39324#1	0
1521	Q0	39327#1	0
1521	Q0	9889#1	0
1521	Q0	410150#0	0
1521	Q0	1003#49	0
1521	Q0	18388#28	0
1521	Q0	30268#1	0
1521	Q0	17#10	0
1521	Q0	17#16	0
1522	Q0	397453#2	1
1522	Q0	3124#0	1
1522	Q0	120502#0	1
1522	Q0	785#1	1
1522	Q0	24336#0	1
1522	Q0	397453#1	1
1522	Q0	844#1	1
1522	Q0	397453#3	0
1522	Q0	301041#2	0
1522	Q0	440926#1	0
1523	Q0	93502#32	1
1523	Q0	320289#0	0
1523	Q0	101070#3	0
1523	Q0	101070#2	0
1523	Q0	345273#0	0
1523	Q0	79114#7	0
1523	Q0	101070#31	0
1523	Q0	15660#45	0
1523	Q0	101070#0	0
1523	Q0	101070#4	0
1524	Q0	614490#1	1
1524	Q0	78258#16	0
1524	Q0	78258#18	0
1524	Q0	12923#17	0
1524	Q0	7896#4	0
1524	Q0	226372#1	0
1524	Q0	326774#2	0
1524	Q0	2784#16	0
1524	Q0	194803#1	0
1524	Q0	328495#2	0
1525	Q0	1026#0	1
1525	Q0	1026#16	1
1525	Q0	1026#17	0
1525	Q0	1026#15	0
1525	Q0	41771#0	0
1525	Q0	255565#0	0
1525	Q0	69222#0	0
1525	Q0	255535#0	0
1525	Q0	74153#1	0
1525	Q0	304773#0	0
1526	Q0	13765#17	1
1526	Q0	13765#16	1
1526	Q0	272003#0	1
1526	Q0	13765#19	0
1526	Q0	274009#1	0
1526	Q0	10627#44	0
1526	Q0	218919#0	0
1526	Q0	59506#10	0
1526	Q0	212440#4	0
1526	Q0	13765#18	0
1527	Q0	1002#11	1
1527	Q0	260294#6	1
1527	Q0	67096#62	0
1527	Q0	67096#2	0
1527	Q0	327169#4	0
1527	Q0	1003#67	0
1527	Q0	246249#1	0
1527	Q0	1101#16	0
1527	Q0	33176#108	0
1527	Q0	19399#2	0
1529	Q0	81395#52	1
1529	Q0	81395#33	0
1529	Q0	81395#47	0
1529	Q0	81395#8	0
1529	Q0	81395#45	0
1529	Q0	81395#16	0
1529	Q0	81395#2	0
1529	Q0	81395#31	0
1529	Q0	81395#5	0
1529	Q0	81395#23	0
1530	Q0	17412#0	1
1530	Q0	327596#0	1
1530	Q0	327596#2	0
1530	Q0	17412#9	0
1530	Q0	327596#34	0
1530	Q0	16798#16	0
1530	Q0	327596#19	0
1530	Q0	4696#15	0
1530	Q0	2954#31	0
1531	Q0	18395#2	1
1531	Q0	18395#4	1
1531	Q0	18395#14	1
1531	Q0	383717#2	1
1531	Q0	18395#10	0
1531	Q0	18395#1	0
1531	Q0	383717#0	0
1531	Q0	291345#1	0
1531	Q0	383717#4	0
1531	Q0	18395#5	0
1532	Q0	40129#0	1
1532	Q0	372261#1	1
1532	Q0	142799#0	1
1532	Q0	142799#2	1
1532	Q0	25178#2	1
1532	Q0	142799#1	1
1532	Q0	4660#3	0
1532	Q0	177732#0	0
1532	Q0	27587#9	0
1532	Q0	21219#6	0
1533	Q0	146698#13	1
1533	Q0	27397#1	0
1533	Q0	347911#4	0
1533	Q0	22742#8	0
1533	Q0	44#4	0
1533	Q0	22742#7	0
1533	Q0	6258#0	0
1533	Q0	30412#124	0
1533	Q0	68#3	0
1533	Q0	44#50	0
1535	Q0	319628#5	1
1535	Q0	315670#4	1
1535	Q0	108645#3	0
1535	Q0	22924#4	0
1535	Q0	210346#3	0
1535	Q0	224992#9	0
1535	Q0	315670#6	0
1535	Q0	224992#27	0
1535	Q0	282835#5	0
1535	Q0	193260#5	0
1536	Q0	198838#0	1
1536	Q0	198838#6	1
1536	Q0	198838#1	1
1536	Q0	198838#3	1
1536	Q0	57984#1	1
1536	Q0	28980#13	0
1536	Q0	198838#2	0
1536	Q0	198838#7	0
1536	Q0	58229#5	0
1536	Q0	260342#12	0
1537	Q0	2350999#0	1
1537	Q0	204236#9	1
1537	Q0	21467#52	0
1537	Q0	371431#3	0
1537	Q0	124862#58	0
1537	Q0	838#17	0
1538	Q0	97257#68	1
1538	Q0	97257#0	1
1538	Q0	97257#4	0
1538	Q0	97257#46	0
1538	Q0	97257#61	0
1538	Q0	97257#20	0
1538	Q0	97257#1	0
1538	Q0	97257#7	0
1538	Q0	97257#34	0
1538	Q0	97257#53	0
1539	Q0	1068326#0	1
1539	Q0	1068326#1	1
1539	Q0	35394#3	0
1539	Q0	226157#9	0
1539	Q0	197353#10	0
1539	Q0	233350#8	0
1539	Q0	243585#0	0
1539	Q0	145466#0	0
1539	Q0	66947#8	0
1539	Q0	46766#0	0
1539	Q0	393781#0	0
1539	Q0	278094#0	0
1539	Q0	1068326#7	0
1539	Q0	1068326#10	0
1539	Q0	1068326#14	0
1539	Q0	1068326#13	0
1540	Q0	18547#16	1
1540	Q0	348298#8	1
1540	Q0	18547#18	1
1540	Q0	60053#3	1
1540	Q0	18547#12	1
1540	Q0	18547#0	1
1540	Q0	59239#104	0
1540	Q0	60053#0	0
1540	Q0	60053#11	0
1540	Q0	18547#29	0
1541	Q0	2500692#1	1
1541	Q0	68692#21	0
1541	Q0	62100#2	0
1541	Q0	3022#28	0
1541	Q0	226434#0	0
1541	Q0	81282#0	0
1541	Q0	383810#0	0
1541	Q0	426355#1	0
1541	Q0	394850#0	0
1541	Q0	393001#1	0
1542	Q0	27008#1	1
1542	Q0	27008#6	0
1542	Q0	27008#11	0
1542	Q0	62975#14	0
1542	Q0	11535#2	0
1542	Q0	27008#9	0
1542	Q0	289741#0	0
1542	Q0	12849#20	0
1542	Q0	203420#0	0
1542	Q0	11535#57	0
1543	Q0	2493071#0	1
1543	Q0	3992#5	0
1543	Q0	5#0	0
1543	Q0	2948#4	0
1543	Q0	48511#0	0
1543	Q0	5#1	0
1543	Q0	222608#0	0
1543	Q0	288572#0	0
1543	Q0	51428#0	0
1543	Q0	33105#0	0
1544	Q0	35648#9	1
1544	Q0	285661#7	1
1544	Q0	296207#1	0
1544	Q0	8598#0	0
1544	Q0	856#5	0
1544	Q0	176100#15	0
1544	Q0	285661#25	0
1544	Q0	363395#0	0
1544	Q0	363394#1	0
1544	Q0	136115#1	0
1546	Q0	17051#4	1
1546	Q0	17051#12	1
1546	Q0	45569#38	0
1546	Q0	17051#9	0
1546	Q0	17051#0	0
1546	Q0	17051#1	0
1546	Q0	17051#5	0
1546	Q0	17051#3	0
1546	Q0	17051#17	0
1546	Q0	45569#7	0
1546	Q0	17051#13	0
1547	Q0	140400#0	1
1547	Q0	140400#1	0
1547	Q0	140400#16	0
1547	Q0	330331#0	0
1547	Q0	245885#11	0
1547	Q0	11434#2	0
1547	Q0	144207#1	0
1547	Q0	4144#17	0
1547	Q0	12523#1	0
1547	Q0	81566#8	0
1550	Q0	4123#1	1
1550	Q0	55629#0	0
1550	Q0	55635#2	0
1550	Q0	55616#2	0
1550	Q0	55625#1	0
1550	Q0	55636#1	0
1550	Q0	4123#3	0
1550	Q0	195511#2	0
1550	Q0	55620#1	0
1550	Q0	55645#1	0
1551	Q0	24594#2	1
1551	Q0	187100#0	1
1551	Q0	3022#28	0
1551	Q0	35872#1	0
1551	Q0	84608#0	0
1551	Q0	81282#0	0
1551	Q0	97776#0	0
1551	Q0	241094#0	0
1551	Q0	97776#1	0
1551	Q0	2740#25	0
1552	Q0	2715336#0	1
1552	Q0	252129#0	0
1552	Q0	260639#0	0
1552	Q0	81885#1	0
1552	Q0	431104#1	0
1552	Q0	348360#1	0
1552	Q0	35038#1	0
1552	Q0	3356#1	0
1552	Q0	69105#1	0
1552	Q0	84870#1	0
1553	Q0	50627#0	1
1553	Q0	50627#3	0
1553	Q0	343634#3	0
1553	Q0	343634#10	0
1553	Q0	2890#5	0
1553	Q0	690#45	0
1553	Q0	41046#0	0
1553	Q0	50627#5	0
1553	Q0	12849#27	0
1553	Q0	18309#3	0
1555	Q0	1672817#0	1
1555	Q0	84689#4	0
1555	Q0	3759#4	0
1555	Q0	25492#4	0
1555	Q0	416298#1	0
1555	Q0	386179#37	0
1555	Q0	66982#5	0
1555	Q0	12058#5	0
1555	Q0	20517#3	0
1555	Q0	234078#0	0
1556	Q0	46615#0	1
1556	Q0	46615#18	0
1556	Q0	46615#19	0
1556	Q0	46615#13	0
1556	Q0	46615#10	0
1556	Q0	122031#2	0
1556	Q0	46615#9	0
1556	Q0	46615#5	0
1556	Q0	46615#11	0
1556	Q0	46615#2	0
1560	Q0	22807#0	1
1560	Q0	22807#4	0
1560	Q0	22807#25	0
1560	Q0	22807#14	0
1560	Q0	22807#8	0
1560	Q0	22807#22	0
1560	Q0	22807#31	0
1560	Q0	22807#30	0
1560	Q0	22807#36	0
1560	Q0	22807#33	0
1564	Q0	33968#10	1
1564	Q0	7067#6	1
1564	Q0	120064#2	1
1564	Q0	321113#5	1
1564	Q0	30412#74	1
1564	Q0	417734#7	0
1564	Q0	260125#6	0
1564	Q0	417734#6	0
1564	Q0	4196#12	0
1564	Q0	319127#1	0
1565	Q0	1239510#0	1
1565	Q0	132781#5	0
1565	Q0	3302#22	0
1565	Q0	19792#16	0
1565	Q0	301226#6	0
1565	Q0	106068#6	0
1565	Q0	109254#5	0
1565	Q0	132274#47	0
1565	Q0	13808#3	0
1565	Q0	378394#0	0
1566	Q0	186912#0	1
1566	Q0	86070#0	1
1566	Q0	186912#2	0
1566	Q0	218565#2	0
1566	Q0	186912#5	0
1566	Q0	233842#2	0
1566	Q0	349738#1	0
1566	Q0	233062#0	0
1566	Q0	276681#7	0
1566	Q0	123609#0	0
1567	Q0	6728#0	1
1567	Q0	53464#45	1
1567	Q0	85310#87	0
1567	Q0	85310#78	0
1567	Q0	6728#5	0
1567	Q0	6728#8	0
1567	Q0	85310#82	0
1567	Q0	85310#107	0
1567	Q0	85310#111	0
1567	Q0	274967#0	0
1569	Q0	45442#11	1
1569	Q0	44#4	0
1569	Q0	403767#4	0
1569	Q0	11018#0	0
1569	Q0	30#0	0
1569	Q0	4263#19	0
1569	Q0	23575#3	0
1569	Q0	6729#0	0
1569	Q0	52#38	0
1569	Q0	245639#13	0
1572	Q0	8598#0	1
1572	Q0	8597#0	1
1572	Q0	12831#7	1
1572	Q0	285661#13	1
1572	Q0	285661#25	1
1572	Q0	296207#7	0
1572	Q0	218211#14	0
1572	Q0	53037#2	0
1572	Q0	1003#2	0
1572	Q0	4413#7	0
1573	Q0	83815#12	1
1573	Q0	83815#62	1
1573	Q0	83815#0	1
1573	Q0	83815#24	1
1573	Q0	83815#48	1
1573	Q0	404720#11	1
1573	Q0	83815#5	1
1573	Q0	83815#49	0
1573	Q0	83815#31	0
1573	Q0	83815#59	0
1575	Q0	22153#0	1
1575	Q0	22153#3	0
1575	Q0	22153#5	0
1575	Q0	22153#2	0
1575	Q0	22153#8	0
1575	Q0	22153#6	0
1575	Q0	22153#11	0
1575	Q0	22153#9	0
1575	Q0	22153#4	0
1575	Q0	22153#7	0
1576	Q0	149444#3	1
1576	Q0	114524#0	1
1576	Q0	116382#0	1
1576	Q0	116382#7	1
1576	Q0	149444#0	1
1576	Q0	149444#1	1
1576	Q0	149444#7	1
1576	Q0	330190#5	0
1576	Q0	149444#6	0
1576	Q0	24301#21	0
1576	Q0	24301#4	0
1576	Q0	269640#1	0
1576	Q0	149444#14	0
1576	Q0	149444#23	0
1577	Q0	415220#6	1
1577	Q0	415220#0	0
1577	Q0	417692#3	0
1577	Q0	417692#0	0
1577	Q0	415220#8	0
1577	Q0	415220#14	0
1577	Q0	415220#9	0
1577	Q0	415220#10	0
1577	Q0	415220#7	0
1577	Q0	371657#0	0
1579	Q0	163683#1	1
1579	Q0	266136#15	1
1579	Q0	187323#0	0
1579	Q0	62612#0	0
1579	Q0	441568#2	0
1579	Q0	442028#4	0
1579	Q0	151537#1	0
1579	Q0	288842#0	0
1579	Q0	183373#0	0
1579	Q0	2135973#25	0
1580	Q0	3468#1	1
1580	Q0	4792#0	1
1580	Q0	4932#0	0
1580	Q0	4759#12	0
1580	Q0	112500#5	0
1580	Q0	4781#0	0
1580	Q0	46802#0	0
1580	Q0	141438#0	0
1580	Q0	4766#0	0
1580	Q0	3468#0	0
1581	Q0	316839#14	1
1581	Q0	316839#37	1
1581	Q0	843#24	1
1581	Q0	33369#7	1
1581	Q0	302408#0	1
1581	Q0	1568673#33	1
1581	Q0	1568673#15	1
1581	Q0	24555#3	0
1581	Q0	224970#2	0
1581	Q0	304288#15	0
1581	Q0	302408#70	0
1581	Q0	843#2	0
1582	Q0	175877#0	1
1582	Q0	35#12	1
1582	Q0	1101#33	1
1582	Q0	35#11	1
1582	Q0	16294#1	0
1582	Q0	730#1	0
1582	Q0	183188#8	0
1582	Q0	127449#47	0
1582	Q0	10945#1	0
1582	Q0	35#5	0
1584	Q0	146016#0	1
1584	Q0	146016#1	1
1584	Q0	146016#4	1
1584	Q0	146016#2	1
1584	Q0	211127#17	1
1584	Q0	2492973#0	1
1584	Q0	3236#5	0
1584	Q0	81282#0	0
1584	Q0	226434#0	0
1584	Q0	302006#0	0
1586	Q0	335521#4	1
1586	Q0	311211#10	1
1586	Q0	336890#6	1
1586	Q0	16835#42	1
1586	Q0	339166#13	1
1586	Q0	16835#6	0
1586	Q0	311212#11	0
1586	Q0	311211#8	0
1586	Q0	16835#22	0
1587	Q0	255758#0	1
1587	Q0	255758#7	0
1587	Q0	74542#6	0
1587	Q0	255758#16	0
1587	Q0	255758#1	0
1587	Q0	255758#11	0
1587	Q0	23640#18	0
1587	Q0	255758#9	0
1587	Q0	803#8	0
1587	Q0	255758#4	0
1588	Q0	4067#14	1
1588	Q0	4067#30	0
1588	Q0	4067#22	0
1588	Q0	52876#9	0
1588	Q0	52876#10	0
1588	Q0	279816#0	0
1588	Q0	83730#0	0
1588	Q0	316507#0	0
1588	Q0	4067#21	0
1588	Q0	838#17	0
1589	Q0	274967#17	1
1589	Q0	792#2	1
1589	Q0	69320#0	0
1589	Q0	69320#50	0
1589	Q0	62418#0	0
1589	Q0	784#2	0
1589	Q0	69430#31	0
1589	Q0	235754#2	0
1589	Q0	215663#4	0
1589	Q0	69320#93	0
1590	Q0	1080639#1	1
1590	Q0	297988#0	0
1590	Q0	3441#2	0
1590	Q0	54175#0	0
1590	Q0	404573#10	0
1590	Q0	784#6	0
1590	Q0	9059#0	0
1590	Q0	339051#0	0
1590	Q0	80075#0	0
1590	Q0	54281#0	0
1591	Q0	3849#16	1
1591	Q0	124713#6	1
1591	Q0	77432#0	1
1591	Q0	124713#0	0
1591	Q0	124713#5	0
1591	Q0	223253#4	0
1591	Q0	3849#17	0
1591	Q0	124713#4	0
1591	Q0	412834#6	0
1591	Q0	74330#4	0
1592	Q0	6276#57	1
1592	Q0	27356#3	0
1592	Q0	127449#71	0
1592	Q0	6276#55	0
1592	Q0	6276#2	0
1592	Q0	6276#61	0
1592	Q0	6276#41	0
1592	Q0	62101#0	0
1592	Q0	6276#58	0
1592	Q0	6276#44	0
1593	Q0	4029#6	1
1593	Q0	32825#12	0
1593	Q0	4029#14	0
1593	Q0	32825#16	0
1593	Q0	32825#8	0
1593	Q0	4027#1	0
1593	Q0	94240#0	0
1593	Q0	32825#5	0
1593	Q0	32825#0	0
1593	Q0	32587#2	0
1595	Q0	208246#1	1
1595	Q0	15198#12	1
1595	Q0	15198#14	0
1595	Q0	81157#0	0
1595	Q0	15198#9	0
1595	Q0	15309#9	0
1595	Q0	33568#15	0
1595	Q0	2811#13	0
1595	Q0	36639#1	0
1595	Q0	208246#0	0
1597	Q0	161242#2	1
1597	Q0	178187#15	1
1597	Q0	161242#1	1
1597	Q0	161242#8	1
1597	Q0	161242#21	1
1597	Q0	161242#15	1
1597	Q0	161242#3	1
1597	Q0	904#0	0
1597	Q0	31656#1	0
1597	Q0	26208#16	0
1597	Q0	388017#1	0
1597	Q0	84#31	0
1597	Q0	36107#4	0
1597	Q0	90033#2	0
1598	Q0	316090#0	1
1598	Q0	237698#0	1
1598	Q0	8462#0	1
1598	Q0	12723#103	1
1598	Q0	20074#11	0
1598	Q0	49642#1	0
1598	Q0	13525#8	0
1598	Q0	235007#0	0
1598	Q0	8462#43	0
1598	Q0	12723#41	0
1599	Q0	439910#0	1
1599	Q0	439910#3	0
1599	Q0	439910#4	0
1599	Q0	439910#25	0
1599	Q0	439910#26	0
1599	Q0	439910#8	0
1599	Q0	439910#10	0
1599	Q0	439910#14	0
1599	Q0	439910#23	0
1599	Q0	86230#1	0
1608	Q0	219997#14	1
1608	Q0	90878#4	1
1608	Q0	363523#10	1
1608	Q0	37008#0	0
1608	Q0	37008#36	0
1608	Q0	219997#7	0
1608	Q0	13427#22	0
1608	Q0	34620#3	0
1608	Q0	23585#2	0
1608	Q0	363523#3	0
1609	Q0	4414#0	1
1609	Q0	142549#0	0
1609	Q0	190699#0	0
1609	Q0	347907#0	0
1609	Q0	4562#45	0
1609	Q0	4414#24	0
1609	Q0	283836#0	0
1609	Q0	355073#0	0
1609	Q0	4562#12	0
1609	Q0	40298#0	0
1610	Q0	44#49	1
1610	Q0	67116#29	1
1610	Q0	8575#3	0
1610	Q0	70476#0	0
1610	Q0	13229#0	0
1610	Q0	403767#4	0
1610	Q0	314078#11	0
1610	Q0	10793#4	0
1610	Q0	427133#0	0
1610	Q0	236249#1	0
1611	Q0	13680#0	1
1611	Q0	13680#4	1
1611	Q0	69501#0	0
1611	Q0	13680#2	0
1611	Q0	58887#0	0
1611	Q0	1071#15	0
1611	Q0	58708#0	0
1611	Q0	69500#0	0
1611	Q0	122485#0	0
1611	Q0	65907#0	0
1611	Q0	62368#0	0
1611	Q0	62365#0	0
1613	Q0	3881#6	1
1613	Q0	6867#0	1
1613	Q0	5011#45	1
1613	Q0	225339#0	0
1613	Q0	227266#2	0
1613	Q0	5011#19	0
1613	Q0	225333#0	0
1613	Q0	5011#1	0
1613	Q0	217874#6	0
1613	Q0	225331#0	0
1614	Q0	2737#44	1
1614	Q0	2737#38	1
1614	Q0	21839#3	0
1614	Q0	2643#74	0
1614	Q0	2737#34	0
1614	Q0	2737#1	0
1614	Q0	21219#14	0
1614	Q0	2643#37	0
1614	Q0	756#5	0
1614	Q0	3909#0	0
1615	Q0	335846#2	1
1615	Q0	335846#10	0
1615	Q0	335846#1	0
1615	Q0	335846#0	0
1615	Q0	335846#6	0
1615	Q0	335846#7	0
1615	Q0	335846#12	0
1615	Q0	335846#13	0
1615	Q0	335846#5	0
1615	Q0	335846#11	0
1616	Q0	12559#1	1
1616	Q0	13174#4	1
1616	Q0	46562#0	0
1616	Q0	12559#13	0
1616	Q0	78923#4	0
1616	Q0	234528#1	0
1616	Q0	2648#18	0
1616	Q0	55601#4	0
1616	Q0	49810#4	0
1616	Q0	69105#1	0
1618	Q0	16248#0	1
1618	Q0	142049#0	1
1618	Q0	16248#12	1
1618	Q0	16248#26	1
1618	Q0	19558#2	0
1618	Q0	13926#0	0
1618	Q0	16248#4	0
1618	Q0	16248#11	0
1618	Q0	3882#2	0
1620	Q0	48894#0	1
1620	Q0	45473#0	0
1620	Q0	37234#43	0
1620	Q0	41205#34	0
1620	Q0	41205#5	0
1620	Q0	41205#11	0
1620	Q0	43371#0	0
1620	Q0	41205#0	0
1620	Q0	197828#0	0
1620	Q0	75020#0	0
1621	Q0	291991#1	1
1621	Q0	12994#0	0
1621	Q0	942#1	0
1621	Q0	19833#28	0
1621	Q0	26078#0	0
1621	Q0	946#4	0
1621	Q0	15329#0	0
1621	Q0	10212#1	0
1621	Q0	40403#0	0
1621	Q0	946#32	0
1623	Q0	3800#25	1
1623	Q0	140156#63	1
1623	Q0	3800#5	0
1623	Q0	140156#54	0
1623	Q0	19693#38	0
1623	Q0	140156#46	0
1623	Q0	140156#62	0
1623	Q0	19693#17	0
1623	Q0	19693#48	0
1623	Q0	345786#0	0
1624	Q0	13084#43	1
1624	Q0	13084#13	1
1624	Q0	13084#40	1
1624	Q0	13084#5	1
1624	Q0	13084#48	1
1624	Q0	13084#38	1
1624	Q0	13084#29	1
1624	Q0	13084#47	1
1624	Q0	13084#9	0
1624	Q0	13084#16	0
1627	Q0	372908#0	1
1627	Q0	22920#1	0
1627	Q0	349022#1	0
1627	Q0	349022#0	0
1627	Q0	80842#0	0
1627	Q0	328148#1	0
1627	Q0	308922#0	0
1627	Q0	203329#1	0
1627	Q0	48513#2	0
1627	Q0	214824#3	0
1629	Q0	102453#1	1
1629	Q0	1071#1	1
1629	Q0	120429#3	1
1629	Q0	26875#8	1
1629	Q0	289309#4	1
1629	Q0	16288#22	0
1629	Q0	12140#6	0
1629	Q0	331846#6	0
1629	Q0	12140#5	0
1629	Q0	120429#12	0
1630	Q0	277264#0	1
1630	Q0	277264#2	0
1630	Q0	277264#10	0
1630	Q0	277264#8	0
1630	Q0	277264#6	0
1630	Q0	277264#1	0
1630	Q0	277264#9	0
1630	Q0	277264#4	0
1630	Q0	277264#7	0
1630	Q0	277264#5	0
1632	Q0	240007#0	1
1632	Q0	240007#4	0
1632	Q0	240007#1	0
1632	Q0	27012#0	0
1632	Q0	91#30	0
1632	Q0	105948#0	0
1632	Q0	13147#9	0
1632	Q0	104439#0	0
1632	Q0	336909#6	0
1632	Q0	61681#0	0
1634	Q0	27857#0	1
1634	Q0	9#14	1
1634	Q0	33480#1	1
1634	Q0	33480#4	1
1634	Q0	10985#0	1
1634	Q0	377748#5	1
1634	Q0	389057#0	1
1634	Q0	27857#5	0
1634	Q0	6463#12	0
1634	Q0	81282#0	0
1635	Q0	831613#4	1
1635	Q0	253156#11	0
1635	Q0	838#17	0
1635	Q0	46182#23	0
1635	Q0	831613#0	0
1635	Q0	4042#11	0
1635	Q0	85039#46	0
1635	Q0	373345#1	0
1635	Q0	4653#2	0
1635	Q0	8104#6	0
1635	Q0	3768#42	0
1638	Q0	12058#5	1
1638	Q0	16230#4	1
1638	Q0	12058#108	0
1638	Q0	12058#51	0
1638	Q0	251965#8	0
1638	Q0	12058#6	0
1638	Q0	12058#103	0
1638	Q0	40070#1	0
1638	Q0	12058#91	0
1638	Q0	16230#3	0
1639	Q0	13581#0	1
1639	Q0	13581#116	1
1639	Q0	13581#125	1
1639	Q0	13581#45	1
1639	Q0	13581#46	1
1639	Q0	13581#48	1
1639	Q0	13581#89	1
1639	Q0	64596#0	1
1639	Q0	13581#114	0
1639	Q0	13581#117	0
1640	Q0	78606#12	1
1640	Q0	78606#0	0
1640	Q0	78606#1	0
1640	Q0	78606#3	0
1640	Q0	78606#2	0
1640	Q0	78606#8	0
1640	Q0	78606#4	0
1640	Q0	78606#11	0
1640	Q0	78606#5	0
1640	Q0	78606#7	0
1641	Q0	37148#15	1
1641	Q0	37148#1	1
1641	Q0	37148#11	0
1641	Q0	37148#4	0
1641	Q0	37148#2	0
1641	Q0	334776#0	0
1641	Q0	206709#1	0
1641	Q0	37148#10	0
1641	Q0	206709#12	0
1641	Q0	37148#14	0
1642	Q0	82#22	1
1642	Q0	20142#0	1
1642	Q0	16261#19	0
1642	Q0	20142#2	0
1642	Q0	48611#2	0
1642	Q0	20142#3	0
1642	Q0	6503#4	0
1642	Q0	20986#1	0
1642	Q0	27019#11	0
1642	Q0	16261#10	0
1643	Q0	264774#1	1
1643	Q0	264774#15	0
1643	Q0	264774#19	0
1643	Q0	264774#21	0
1643	Q0	264774#0	0
1643	Q0	264774#25	0
1643	Q0	264774#16	0
1643	Q0	264774#2	0
1643	Q0	264774#4	0
1643	Q0	264774#23	0
1644	Q0	6628#3	1
1644	Q0	87843#1	0
1644	Q0	6628#14	0
1644	Q0	6628#1	0
1644	Q0	70943#3	0
1644	Q0	6628#0	0
1644	Q0	6628#34	0
1644	Q0	6628#18	0
1644	Q0	13038#14	0
1644	Q0	6700#45	0
1645	Q0	318281#0	1
1645	Q0	4441#15	1
1645	Q0	21387#4	1
1645	Q0	21387#1	1
1645	Q0	14059#1	1
1645	Q0	21387#0	1
1645	Q0	258635#0	0
1645	Q0	79278#0	0
1645	Q0	4650#1	0
1645	Q0	237698#0	0
1646	Q0	281609#0	1
1646	Q0	261555#0	1
1646	Q0	211514#0	0
1646	Q0	208320#0	0
1646	Q0	211514#1	0
1646	Q0	315964#2	0
1646	Q0	3328#43	0
1646	Q0	266794#2	0
1646	Q0	216892#0	0
1646	Q0	91185#0	0
1647	Q0	263601#59	1
1647	Q0	352227#0	1
1647	Q0	2740#35	0
1647	Q0	36048#0	0
1647	Q0	243426#0	0
1647	Q0	210351#2	0
1647	Q0	263601#6	0
1647	Q0	64733#2	0
1647	Q0	5989#19	0
1647	Q0	8273#67	0
1652	Q0	160474#11	1
1652	Q0	119948#5	0
1652	Q0	225529#5	0
1652	Q0	289412#12	0
1652	Q0	84529#12	0
1652	Q0	200258#0	0
1652	Q0	119948#6	0
1652	Q0	57417#10	0
1652	Q0	76084#9	0
1652	Q0	144325#24	0
1653	Q0	34499#1	1
1653	Q0	34499#6	1
1653	Q0	34499#10	1
1653	Q0	13086#47	0
1653	Q0	4179#12	0
1653	Q0	157254#7	0
1653	Q0	53685#34	0
1653	Q0	191006#2	0
1653	Q0	32653#12	0
1653	Q0	34499#2	0
1653	Q0	394376#2	0
1653	Q0	102898#5	0
1653	Q0	15923#25	0
1653	Q0	34499#8	0
1653	Q0	34499#5	0
1654	Q0	13523#0	1
1654	Q0	110128#0	0
1654	Q0	13523#2	0
1654	Q0	66188#0	0
1654	Q0	13523#1	0
1654	Q0	106803#0	0
1654	Q0	13523#14	0
1654	Q0	138278#0	0
1654	Q0	383717#0	0
1654	Q0	266237#1	0
1655	Q0	3469#0	1
1655	Q0	132858#2	0
1655	Q0	3469#4	0
1655	Q0	35273#6	0
1655	Q0	3469#2	0
1655	Q0	3469#6	0
1655	Q0	3469#1	0
1655	Q0	3469#5	0
1655	Q0	3469#7	0
1655	Q0	400498#2	0
1656	Q0	299966#0	1
1656	Q0	16587#0	1
1656	Q0	326211#0	1
1656	Q0	401976#0	1
1656	Q0	16585#0	1
1656	Q0	326211#1	0
1656	Q0	29569#0	0
1656	Q0	299339#1	0
1656	Q0	16585#21	0
1656	Q0	299966#3	0
1657	Q0	97487#2	1
1657	Q0	13249#4	1
1657	Q0	115179#0	0
1657	Q0	157828#2	0
1657	Q0	4533#131	0
1657	Q0	4140#29	0
1657	Q0	111394#8	0
1657	Q0	217330#0	0
1657	Q0	70030#11	0
1657	Q0	12140#0	0
1658	Q0	69008#12	1
1658	Q0	199278#0	1
1658	Q0	211490#3	1
1658	Q0	339118#0	1
1658	Q0	69008#33	1
1658	Q0	39130#8	1
1658	Q0	121359#1	1
1658	Q0	17382#8	0
1658	Q0	69008#31	0
1658	Q0	17382#1	0
1659	Q0	61381#78	1
1659	Q0	137925#0	0
1659	Q0	112365#1	0
1659	Q0	137925#3	0
1659	Q0	53129#16	0
1659	Q0	5856#3	0
1659	Q0	378425#14	0
1659	Q0	23826#20	0
1659	Q0	112365#0	0
1659	Q0	217347#8	0
1660	Q0	9#32	1
1660	Q0	242689#5	0
1660	Q0	14458#8	0
1660	Q0	16682#1	0
1660	Q0	281977#0	0
1660	Q0	5695#6	0
1660	Q0	19220#0	0
1660	Q0	15424#2	0
1660	Q0	5989#3	0
1660	Q0	18508#7	0
1662	Q0	393121#0	1
1662	Q0	84689#4	0
1662	Q0	355621#1	0
1662	Q0	7875#2	0
1662	Q0	331602#5	0
1662	Q0	263147#0	0
1662	Q0	138159#0	0
1662	Q0	206551#0	0
1662	Q0	7879#2	0
1662	Q0	76464#1	0
1664	Q0	127527#0	1
1664	Q0	58010#1	1
1664	Q0	69275#5	0
1664	Q0	294230#29	0
1664	Q0	409537#8	0
1664	Q0	339949#4	0
1664	Q0	6906#15	0
1664	Q0	26641#21	0
1664	Q0	338720#1	0
1664	Q0	20306#5	0
1665	Q0	61132#0	1
1665	Q0	61132#10	1
1665	Q0	61132#35	1
1665	Q0	61132#23	1
1665	Q0	61132#8	1
1665	Q0	61132#16	1
1665	Q0	61132#49	1
1665	Q0	61132#17	0
1665	Q0	61132#48	0
1665	Q0	61132#4	0
1667	Q0	24360#0	1
1667	Q0	24360#5	1
1667	Q0	24360#3	0
1667	Q0	24360#4	0
1667	Q0	24360#1	0
1667	Q0	24360#2	0
1667	Q0	304350#15	0
1667	Q0	355232#0	0
1667	Q0	25994#4	0
1667	Q0	304277#11	0
1668	Q0	240868#29	1
1668	Q0	3493#17	0
1668	Q0	3493#23	0
1668	Q0	3493#66	0
1668	Q0	39971#3	0
1668	Q0	67174#2	0
1668	Q0	186967#15	0
1668	Q0	19463#12	0
1668	Q0	29961#2	0
1668	Q0	82603#0	0
1671	Q0	133357#0	1
1671	Q0	2836#95	1
1671	Q0	133357#15	0
1671	Q0	133357#2	0
1671	Q0	133357#28	0
1671	Q0	133357#1	0
1671	Q0	133357#7	0
1671	Q0	133357#9	0
1671	Q0	133357#30	0
1671	Q0	133357#20	0
1672	Q0	1130#0	1
1672	Q0	1130#30	1
1672	Q0	264610#2	0
1672	Q0	85224#2	0
1672	Q0	25157#0	0
1672	Q0	1130#5	0
1672	Q0	1130#31	0
1672	Q0	18598#1	0
1672	Q0	101662#0	0
1672	Q0	139030#2	0
1673	Q0	273193#0	1
1673	Q0	4399#19	0
1673	Q0	18743#0	0
1673	Q0	4642#2	0
1673	Q0	14826#2	0
1673	Q0	4510#12	0
1673	Q0	6092#2	0
1673	Q0	79278#0	0
1673	Q0	318281#0	0
1673	Q0	2716#15	0
1674	Q0	12704#52	1
1674	Q0	87699#29	1
1674	Q0	17368#3	0
1674	Q0	87699#30	0
1674	Q0	4402#7	0
1674	Q0	45771#19	0
1674	Q0	35368#28	0
1674	Q0	12704#5	0
1674	Q0	69498#1	0
1675	Q0	16912#21	1
1675	Q0	16912#19	1
1675	Q0	16912#33	1
1675	Q0	439743#7	0
1675	Q0	124066#6	0
1675	Q0	439743#5	0
1675	Q0	124066#3	0
1675	Q0	16912#36	0
1675	Q0	124066#30	0
1675	Q0	432329#0	0
1675	Q0	101411#9	0
1675	Q0	268182#1	0
1676	Q0	1526650#0	1
1676	Q0	289238#0	0
1676	Q0	83305#0	0
1676	Q0	1072#2	0
1676	Q0	83305#4	0
1676	Q0	222274#0	0
1676	Q0	202976#1	0
1676	Q0	359187#0	0
1676	Q0	19460#1	0
1676	Q0	83305#6	0
1677	Q0	44#5	1
1677	Q0	12849#35	1
1677	Q0	317323#9	1
1677	Q0	15796#17	1
1677	Q0	317323#7	0
1677	Q0	202065#8	0
1677	Q0	19003#30	0
1677	Q0	133073#6	0
1677	Q0	80045#8	0
1677	Q0	5605#21	0
1678	Q0	16481#6	1
1678	Q0	67294#2	0
1678	Q0	4065#5	0
1678	Q0	33504#1	0
1678	Q0	201091#5	0
1678	Q0	267654#1	0
1678	Q0	6867#7	0
1678	Q0	25976#3	0
1678	Q0	67670#2	0
1678	Q0	4251#4	0
1679	Q0	1851199#0	1
1679	Q0	188441#1	0
1679	Q0	260989#1	0
1679	Q0	152221#0	0
1679	Q0	238256#10	0
1679	Q0	263046#2	0
1679	Q0	3597#42	0
1679	Q0	225206#4	0
1679	Q0	371133#14	0
1679	Q0	267463#1	0
1682	Q0	2966#0	1
1682	Q0	229585#4	0
1682	Q0	63741#11	0
1682	Q0	226157#30	0
1682	Q0	52205#18	0
1682	Q0	351784#12	0
1682	Q0	2954#31	0
1682	Q0	335410#13	0
1682	Q0	45568#30	0
1682	Q0	226103#98	0
1684	Q0	13072#5	1
1684	Q0	39971#2	1
1684	Q0	134553#3	1
1684	Q0	46876#0	1
1684	Q0	46876#3	1
1684	Q0	46876#8	1
1684	Q0	46876#12	1
1684	Q0	123754#8	0
1684	Q0	245345#4	0
1684	Q0	39436#3	0
1684	Q0	10793#18	0
1684	Q0	76081#7	0
1684	Q0	45610#4	0
1684	Q0	242567#29	0
1685	Q0	13432#6	1
1685	Q0	13432#0	1
1685	Q0	13432#52	1
1685	Q0	13432#10	0
1685	Q0	31656#1	0
1685	Q0	2892#0	0
1685	Q0	340491#3	0
1685	Q0	91014#3	0
1685	Q0	904#0	0
1685	Q0	1033#5	0
1687	Q0	354269#0	1
1687	Q0	354268#0	1
1687	Q0	354738#1	1
1687	Q0	354277#0	1
1687	Q0	354727#0	1
1687	Q0	154828#0	1
1687	Q0	354731#0	1
1687	Q0	354731#1	1
1687	Q0	43463#1	0
1687	Q0	3794#7	0
1688	Q0	394916#17	1
1688	Q0	59275#0	0
1688	Q0	259980#0	0
1688	Q0	3302#11	0
1688	Q0	247668#4	0
1688	Q0	58215#68	0
1688	Q0	267287#0	0
1688	Q0	30688#17	0
1688	Q0	176122#4	0
1688	Q0	63577#3	0
1689	Q0	6208#17	1
1689	Q0	6208#1	1
1689	Q0	6208#0	1
1689	Q0	11416#0	1
1689	Q0	6207#0	0
1689	Q0	88318#0	0
1689	Q0	87958#0	0
1689	Q0	6208#19	0
1689	Q0	302107#1	0
1689	Q0	75840#0	0
1691	Q0	19013#0	1
1691	Q0	5446#27	1
1691	Q0	2835#71	1
1691	Q0	2835#43	0
1691	Q0	99848#2	0
1691	Q0	2835#27	0
1691	Q0	2835#40	0
1691	Q0	32247#4	0
1691	Q0	2835#86	0
1691	Q0	44#24	0
1692	Q0	22931#0	1
1692	Q0	23699#31	1
1692	Q0	65589#0	0
1692	Q0	22931#15	0
1692	Q0	66677#7	0
1692	Q0	23364#0	0
1692	Q0	116684#2	0
1692	Q0	22931#12	0
1692	Q0	314904#0	0
1692	Q0	22931#1	0
1694	Q0	112908#6	1
1694	Q0	112908#13	1
1694	Q0	112908#9	0
1694	Q0	308986#0	0
1694	Q0	357656#0	0
1694	Q0	412061#12	0
1694	Q0	427060#0	0
1694	Q0	246328#0	0
1694	Q0	338381#15	0
1694	Q0	22931#10	0
1696	Q0	434116#2	1
1696	Q0	5431#45	1
1696	Q0	71477#0	1
1696	Q0	16798#0	1
1696	Q0	35644#0	1
1696	Q0	104004#4	0
1696	Q0	102898#3	0
1696	Q0	155890#1	0
1696	Q0	156868#5	0
1696	Q0	5570#6	0
1698	Q0	156368#0	1
1698	Q0	156349#0	1
1698	Q0	156850#0	1
1698	Q0	85347#0	1
1698	Q0	44998#0	1
1698	Q0	85377#2	1
1698	Q0	156776#0	1
1698	Q0	85349#1	1
1698	Q0	22057#15	0
1698	Q0	85368#1	0
1699	Q0	7067#0	1
1699	Q0	7067#4	1
1699	Q0	7067#10	1
1699	Q0	7067#2	0
1699	Q0	7067#6	0
1699	Q0	7067#3	0
1699	Q0	7067#11	0
1699	Q0	323125#5	0
1699	Q0	7067#12	0
1699	Q0	194927#10	0
1700	Q0	1199696#0	1
1700	Q0	8198#1	0
1700	Q0	2954#31	0
1700	Q0	234980#0	0
1700	Q0	194803#1	0
1700	Q0	349744#1	0
1700	Q0	35490#0	0
1700	Q0	20517#3	0
1700	Q0	69105#1	0
1700	Q0	117947#1	0
1704	Q0	91216#32	1
1704	Q0	260091#2	1
1704	Q0	91216#31	0
1704	Q0	91216#0	0
1704	Q0	260091#0	0
1704	Q0	211368#1	0
1704	Q0	91216#2	0
1704	Q0	91216#3	0
1704	Q0	64218#2	0
1704	Q0	152309#6	0
1705	Q0	388017#1	1
1705	Q0	365887#27	1
1705	Q0	84#3	1
1705	Q0	365887#32	0
1705	Q0	365887#17	0
1705	Q0	49666#2	0
1705	Q0	392957#21	0
1705	Q0	185673#2	0
1705	Q0	84#31	0
1705	Q0	365887#10	0
1706	Q0	219377#4	1
1706	Q0	14297#7	1
1706	Q0	127960#2	1
1706	Q0	127960#5	1
1706	Q0	127960#19	0
1706	Q0	14297#6	0
1706	Q0	127960#37	0
1706	Q0	219377#13	0
1706	Q0	127960#27	0
1708	Q0	61053#15	1
1708	Q0	11600#0	1
1708	Q0	61053#20	1
1708	Q0	61053#0	0
1708	Q0	60948#21	0
1708	Q0	31963#8	0
1708	Q0	345816#22	0
1708	Q0	61053#2	0
1708	Q0	61053#11	0
1708	Q0	61053#13	0
1709	Q0	815#2	1
1709	Q0	17719#0	0
1709	Q0	17725#3	0
1709	Q0	17724#0	0
1709	Q0	17719#4	0
1709	Q0	17944#7	0
1709	Q0	17967#1	0
1709	Q0	17943#1	0
1709	Q0	17932#3	0
1709	Q0	17691#6	0
1711	Q0	942#41	1
1711	Q0	12597#0	1
1711	Q0	23450#2	1
1711	Q0	23412#1	1
1711	Q0	6413#1	1
1711	Q0	6336#0	1
1711	Q0	942#55	0
1711	Q0	6408#6	0
1711	Q0	23412#0	0
1711	Q0	132062#3	0
1712	Q0	605947#0	1
1712	Q0	605947#1	1
1712	Q0	4916#0	0
1712	Q0	196099#0	0
1712	Q0	251501#3	0
1712	Q0	69272#4	0
1712	Q0	4467#0	0
1712	Q0	4933#0	0
1712	Q0	35321#0	0
1712	Q0	5973#0	0
1712	Q0	291113#0	0
1712	Q0	255224#1	0
1714	Q0	261263#2	1
1714	Q0	261263#7	1
1714	Q0	261263#0	1
1714	Q0	261263#6	1
1714	Q0	261263#11	1
1714	Q0	261263#1	0
1714	Q0	261263#3	0
1714	Q0	272386#8	0
1714	Q0	261263#5	0
1714	Q0	261263#12	0
1715	Q0	233368#75	1
1715	Q0	60881#4	1
1715	Q0	60881#0	1
1715	Q0	4086#34	0
1715	Q0	12155#0	0
1715	Q0	97324#5	0
1715	Q0	97324#10	0
1715	Q0	6228#19	0
1715	Q0	42733#67	0
1715	Q0	91356#6	0
1716	Q0	3204#0	1
1716	Q0	3204#1	1
1716	Q0	3204#5	1
1716	Q0	3204#10	1
1716	Q0	3204#3	1
1716	Q0	3204#14	0
1716	Q0	3204#6	0
1716	Q0	3204#2	0
1716	Q0	843#19	0
1716	Q0	3204#7	0
1717	Q0	119380#2	1
1717	Q0	194923#0	1
1717	Q0	11636#4	1
1717	Q0	11636#8	1
1717	Q0	1071#0	1
1717	Q0	1071#38	1
1717	Q0	1071#1	1
1717	Q0	290042#5	0
1717	Q0	433420#2	0
1717	Q0	340491#15	0
1717	Q0	342549#44	0
1717	Q0	342549#45	0
1717	Q0	340491#3	0
1720	Q0	18748#2	1
1720	Q0	4947#12	1
1720	Q0	4947#13	1
1720	Q0	213800#6	1
1720	Q0	226913#14	0
1720	Q0	331818#10	0
1720	Q0	286973#19	0
1720	Q0	226913#5	0
1720	Q0	146698#10	0
1720	Q0	265305#7	0
1722	Q0	348095#25	1
1722	Q0	348095#9	1
1722	Q0	33176#50	0
1722	Q0	348095#21	0
1722	Q0	348095#17	0
1722	Q0	348095#8	0
1722	Q0	348095#0	0
1722	Q0	348095#1	0
1722	Q0	348095#15	0
1722	Q0	348095#31	0
1723	Q0	139578#1	1
1723	Q0	139578#0	1
1723	Q0	43189#9	1
1723	Q0	293030#6	1
1723	Q0	293030#2	1
1723	Q0	139578#3	1
1723	Q0	3942#6	0
1723	Q0	396153#1	0
1723	Q0	264620#6	0
1723	Q0	23906#60	0
1726	Q0	50112#9	1
1726	Q0	26198#1	1
1726	Q0	26198#0	1
1726	Q0	31436#6	0
1726	Q0	126792#14	0
1726	Q0	141736#51	0
1726	Q0	97230#0	0
1726	Q0	7186#13	0
1726	Q0	4205#21	0
1726	Q0	291114#11	0
1727	Q0	88656#0	1
1727	Q0	14458#49	1
1727	Q0	82900#0	1
1727	Q0	88656#3	1
1727	Q0	88656#2	1
1727	Q0	88655#0	1
1727	Q0	231335#2	1
1727	Q0	75502#4	1
1727	Q0	88656#1	0
1727	Q0	75693#1	0
1728	Q0	13157#20	1
1728	Q0	13157#5	1
1728	Q0	13157#6	0
1728	Q0	13157#7	0
1728	Q0	13157#13	0
1728	Q0	13157#16	0
1728	Q0	13157#15	0
1728	Q0	13157#25	0
1728	Q0	13157#19	0
1728	Q0	13157#0	0
1729	Q0	41672#23	1
1729	Q0	60966#0	1
1729	Q0	16183#5	1
1729	Q0	331283#13	1
1729	Q0	16183#12	1
1729	Q0	100908#24	1
1729	Q0	41672#18	1
1729	Q0	78880#4	0
1729	Q0	16183#3	0
1729	Q0	16183#30	0
1732	Q0	3282#16	1
1732	Q0	3282#52	1
1732	Q0	46695#1	1
1732	Q0	57984#16	1
1732	Q0	3282#0	1
1732	Q0	3282#10	0
1732	Q0	10821#6	0
1732	Q0	4086#6	0
1732	Q0	3282#15	0
1732	Q0	58522#14	0
1734	Q0	176578#2	1
1734	Q0	180473#0	1
1734	Q0	26638#1	1
1734	Q0	409513#4	0
1734	Q0	428571#0	0
1734	Q0	21908#15	0
1734	Q0	322585#0	0
1734	Q0	180473#1	0
1734	Q0	22605#0	0
1734	Q0	60260#2	0
1735	Q0	213724#0	1
1735	Q0	5942#2	1
1735	Q0	5942#3	1
1735	Q0	434494#0	0
1735	Q0	213724#1	0
1735	Q0	213724#3	0
1735	Q0	3328#3	0
1735	Q0	84224#5	0
1735	Q0	3674#11	0
1735	Q0	10880#1	0
1735	Q0	48175#0	0
1735	Q0	379034#3	0
1736	Q0	63687#12	1
1736	Q0	63687#6	1
1736	Q0	63687#9	1
1736	Q0	63687#7	1
1736	Q0	63687#8	0
1736	Q0	63687#11	0
1736	Q0	63687#0	0
1736	Q0	63687#13	0
1736	Q0	63687#3	0
1736	Q0	63687#2	0
1737	Q0	176057#1	1
1737	Q0	285881#10	1
1737	Q0	299339#1	1
1737	Q0	78316#1	1
1737	Q0	26756#0	1
1737	Q0	29574#0	1
1737	Q0	72593#11	0
1737	Q0	152409#2	0
1737	Q0	176057#7	0
1737	Q0	81282#0	0
1738	Q0	2980#1	1
1738	Q0	270794#2	0
1738	Q0	123258#5	0
1738	Q0	143732#1	0
1738	Q0	21333#4	0
1738	Q0	300129#45	0
1738	Q0	234833#36	0
1738	Q0	270794#1	0
1738	Q0	838#17	0
1738	Q0	146730#2	0
1739	Q0	37148#15	1
1739	Q0	336267#0	1
1739	Q0	37148#2	1
1739	Q0	334776#0	0
1739	Q0	37148#16	0
1739	Q0	37148#4	0
1739	Q0	336303#0	0
1739	Q0	336276#0	0
1739	Q0	37148#12	0
1739	Q0	336317#0	0
1740	Q0	201821#2	1
1740	Q0	201821#4	0
1740	Q0	18379#3	0
1740	Q0	348871#3	0
1740	Q0	236426#68	0
1740	Q0	348871#2	0
1740	Q0	348871#14	0
1740	Q0	250866#17	0
1740	Q0	441568#6	0
1740	Q0	204864#0	0
1741	Q0	780177#0	1
1741	Q0	781486#16	1
1741	Q0	147299#0	0
1741	Q0	3235#4	0
1741	Q0	207993#2	0
1741	Q0	4423#10	0
1741	Q0	781486#4	0
1741	Q0	32801#0	0
1741	Q0	317142#5	0
1741	Q0	251304#1	0
1742	Q0	21050#3	1
1742	Q0	1041#1	1
1742	Q0	15556#12	1
1742	Q0	28881#0	1
1742	Q0	206404#1	1
1742	Q0	306840#0	1
1742	Q0	23630#2	1
1742	Q0	23630#0	0
1742	Q0	1041#17	0
1742	Q0	1101#25	0
1743	Q0	123379#0	1
1743	Q0	123379#3	0
1743	Q0	57656#0	0
1743	Q0	123379#10	0
1743	Q0	123379#17	0
1743	Q0	123379#6	0
1743	Q0	436524#1	0
1743	Q0	79913#1	0
1743	Q0	18598#2	0
1743	Q0	202888#1	0
1744	Q0	3173#0	1
1744	Q0	3172#0	1
1744	Q0	3173#4	0
1744	Q0	3173#6	0
1744	Q0	3173#8	0
1744	Q0	3173#5	0
1744	Q0	3173#1	0
1744	Q0	3173#3	0
1744	Q0	3173#7	0
1744	Q0	3173#2	0
1745	Q0	2474112#1	1
1745	Q0	27397#0	0
1745	Q0	42672#19	0
1745	Q0	11853#15	0
1745	Q0	4654#5	0
1745	Q0	17#7	0
1745	Q0	4119#9	0
1745	Q0	67626#1	0
1745	Q0	838#17	0
1745	Q0	81282#0	0
1746	Q0	14976#0	1
1746	Q0	72782#4	1
1746	Q0	21467#76	1
1746	Q0	33176#56	1
1746	Q0	14976#1	0
1746	Q0	58128#16	0
1746	Q0	233368#0	0
1746	Q0	108052#0	0
1746	Q0	3235#4	0
1746	Q0	136471#0	0
1749	Q0	13898#0	1
1749	Q0	30705#0	1
1749	Q0	48392#1	1
1749	Q0	13898#6	1
1749	Q0	307060#47	0
1749	Q0	789#1	0
1749	Q0	303288#5	0
1749	Q0	19703#0	0
1749	Q0	215663#21	0
1749	Q0	297679#0	0
1751	Q0	215836#3	1
1751	Q0	12216#49	0
1751	Q0	15180#2	0
1751	Q0	13345#0	0
1751	Q0	21050#60	0
1751	Q0	43135#1	0
1751	Q0	209398#4	0
1751	Q0	236946#0	0
1751	Q0	211798#1	0
1751	Q0	205153#0	0
1753	Q0	18743#0	1
1753	Q0	6770#0	1
1753	Q0	3282#29	0
1753	Q0	235369#0	0
1753	Q0	36548#8	0
1753	Q0	18612#21	0
1753	Q0	27791#5	0
1753	Q0	4441#15	0
1753	Q0	365564#5	0
1753	Q0	116100#0	0
1754	Q0	154941#0	1
1754	Q0	154941#1	1
1754	Q0	154941#2	1
1754	Q0	154968#0	1
1754	Q0	154941#12	1
1754	Q0	154941#14	1
1754	Q0	154941#13	1
1754	Q0	154941#5	0
1754	Q0	154941#6	0
1754	Q0	267958#0	0
1755	Q0	36960#0	1
1755	Q0	129233#0	1
1755	Q0	40251#0	1
1755	Q0	6778#28	1
1755	Q0	239388#1	1
1755	Q0	19418#0	1
1755	Q0	239388#49	0
1755	Q0	425147#0	0
1755	Q0	239388#9	0
1755	Q0	18613#2	0
1756	Q0	6974#2	1
1756	Q0	89455#30	1
1756	Q0	89455#14	0
1756	Q0	140750#23	0
1756	Q0	89455#50	0
1756	Q0	89455#15	0
1756	Q0	89455#2	0
1756	Q0	89455#43	0
1756	Q0	89455#51	0
1756	Q0	89455#18	0
1758	Q0	27621#47	1
1758	Q0	27621#46	1
1758	Q0	85087#1	1
1758	Q0	21241#7	1
1758	Q0	27621#0	0
1758	Q0	185001#1	0
1758	Q0	111498#0	0
1758	Q0	27621#52	0
1758	Q0	20877#31	0
1758	Q0	185001#0	0
1759	Q0	301741#0	1
1759	Q0	79278#0	1
1759	Q0	4650#1	1
1759	Q0	314068#0	1
1759	Q0	18743#0	0
1759	Q0	18612#21	0
1759	Q0	4481#1	0
1759	Q0	151415#44	0
1759	Q0	314068#3	0
1759	Q0	4481#0	0
1760	Q0	3095#0	1
1760	Q0	3095#11	0
1760	Q0	3095#4	0
1760	Q0	3095#10	0
1760	Q0	3095#12	0
1760	Q0	3095#1	0
1760	Q0	3095#3	0
1760	Q0	3095#6	0
1760	Q0	3095#9	0
1760	Q0	3095#5	0
1761	Q0	151496#3	1
1761	Q0	607144#0	1
1761	Q0	858#19	0
1761	Q0	44873#1	0
1761	Q0	365754#0	0
1761	Q0	141391#1	0
1761	Q0	3285#5	0
1761	Q0	1124#1	0
1761	Q0	48015#2	0
1761	Q0	3022#28	0
1762	Q0	13016#1	1
1762	Q0	13016#0	1
1762	Q0	311810#0	1
1762	Q0	803#58	1
1762	Q0	21050#52	1
1762	Q0	13016#3	1
1762	Q0	803#31	0
1762	Q0	13016#5	0
1762	Q0	19081#29	0
1762	Q0	76457#1	0
1763	Q0	41072#17	1
1763	Q0	41072#0	1
1763	Q0	41072#2	1
1763	Q0	41072#3	1
1763	Q0	41072#11	0
1763	Q0	41072#13	0
1763	Q0	41072#1	0
1763	Q0	41072#12	0
1763	Q0	204348#2	0
1763	Q0	204348#1	0
1766	Q0	19220#0	1
1766	Q0	19220#2	1
1766	Q0	9#36	1
1766	Q0	19220#9	1
1766	Q0	19220#1	1
1766	Q0	41537#4	1
1766	Q0	19220#8	1
1766	Q0	40#33	1
1766	Q0	306691#21	0
1766	Q0	19220#11	0
1768	Q0	4140#19	1
1768	Q0	4140#2	1
1768	Q0	27475#10	1
1768	Q0	4140#20	0
1768	Q0	65151#1	0
1768	Q0	27475#9	0
1768	Q0	4140#27	0
1768	Q0	4140#8	0
1768	Q0	4140#22	0
1768	Q0	56003#1	0
1772	Q0	78523#0	1
1772	Q0	2717#0	1
1772	Q0	206404#1	0
1772	Q0	53435#0	0
1772	Q0	77729#0	0
1772	Q0	79921#0	0
1772	Q0	78046#0	0
1772	Q0	12652#2	0
1772	Q0	10836#3	0
1772	Q0	10473#0	0
1773	Q0	3914#11	1
1773	Q0	18194#10	0
1773	Q0	146730#2	0
1773	Q0	270267#9	0
1773	Q0	35360#3	0
1773	Q0	2959#12	0
1773	Q0	6608#6	0
1773	Q0	30268#1	0
1773	Q0	205666#1	0
1773	Q0	17124#25	0
1774	Q0	394976#5	1
1774	Q0	405354#0	1
1774	Q0	413211#30	0
1774	Q0	314422#0	0
1774	Q0	267671#0	0
1774	Q0	2954#31	0
1774	Q0	202308#0	0
1774	Q0	271214#15	0
1774	Q0	304220#0	0
1774	Q0	300129#2	0
1775	Q0	1603180#0	1
1775	Q0	340433#0	0
1775	Q0	3363#1	0
1775	Q0	420417#1	0
1775	Q0	74939#0	0
1775	Q0	222274#0	0
1775	Q0	205915#8	0
1775	Q0	359014#4	0
1775	Q0	403300#0	0
1775	Q0	218472#0	0
1776	Q0	6212#1	1
1776	Q0	83#15	1
1776	Q0	8401#0	1
1776	Q0	4214#3	1
1776	Q0	76072#16	0
1776	Q0	76072#17	0
1776	Q0	89930#0	0
1776	Q0	5101#25	0
1776	Q0	83#0	0
1776	Q0	4224#0	0
1777	Q0	337632#0	1
1777	Q0	16053#4	1
1777	Q0	337630#0	1
1777	Q0	337628#0	1
1777	Q0	337632#1	1
1777	Q0	1130#0	1
1777	Q0	337632#3	1
1777	Q0	337632#5	0
1777	Q0	16053#7	0
1777	Q0	337632#9	0
1778	Q0	431392#0	1
1778	Q0	201498#10	1
1778	Q0	431392#10	1
1778	Q0	224992#20	1
1778	Q0	224992#23	1
1778	Q0	282835#8	0
1778	Q0	431392#14	0
1778	Q0	431392#5	0
1778	Q0	220971#18	0
1778	Q0	159791#9	0
1779	Q0	7074#0	1
1779	Q0	21383#0	1
1779	Q0	7074#1	0
1779	Q0	7074#30	0
1779	Q0	7074#15	0
1779	Q0	7074#2	0
1779	Q0	7074#10	0
1779	Q0	7074#25	0
1779	Q0	44211#2	0
1779	Q0	7074#3	0
1782	Q0	218859#5	1
1782	Q0	214736#10	1
1782	Q0	15710#2	1
1782	Q0	227467#11	1
1782	Q0	293573#9	0
1782	Q0	36777#0	0
1782	Q0	4422#40	0
1782	Q0	4422#35	0
1782	Q0	54471#5	0
1782	Q0	19022#7	0
1783	Q0	274947#4	1
1783	Q0	271449#9	1
1783	Q0	13246#1	1
1783	Q0	154796#0	0
1783	Q0	65333#3	0
1783	Q0	121234#1	0
1783	Q0	177152#1	0
1783	Q0	62036#1	0
1783	Q0	10877#18	0
1783	Q0	120766#23	0
1784	Q0	274904#1	1
1784	Q0	418599#3	0
1784	Q0	212607#0	0
1784	Q0	3992#12	0
1784	Q0	81282#0	0
1784	Q0	226434#0	0
1784	Q0	84608#0	0
1784	Q0	426098#1	0
1784	Q0	132213#0	0
1784	Q0	132247#0	0
1785	Q0	12702#0	1
1785	Q0	22693#16	0
1785	Q0	126387#8	0
1785	Q0	12702#1	0
1785	Q0	8432#4	0
1785	Q0	75814#0	0
1785	Q0	3235#7	0
1785	Q0	25492#4	0
1785	Q0	13156#1	0
1785	Q0	150962#3	0
1786	Q0	293433#0	1
1786	Q0	282652#3	1
1786	Q0	33176#0	1
1786	Q0	240868#12	1
1786	Q0	293433#1	0
1786	Q0	156434#0	0
1786	Q0	293433#2	0
1786	Q0	293433#3	0
1786	Q0	412314#2	0
1786	Q0	154941#0	0
1787	Q0	2935#3	1
1787	Q0	372482#0	1
1787	Q0	436100#0	1
1787	Q0	3222#4	1
1787	Q0	2935#0	1
1787	Q0	127792#0	1
1787	Q0	2935#4	1
1787	Q0	2934#2	1
1787	Q0	3794#7	0
1787	Q0	317585#43	0
1788	Q0	111802#33	1
1788	Q0	61783#2	1
1788	Q0	116559#5	1
1788	Q0	61783#11	1
1788	Q0	109245#1	0
1788	Q0	291124#19	0
1788	Q0	54507#2	0
1788	Q0	230994#15	0
1788	Q0	102566#0	0
1788	Q0	201812#4	0
1789	Q0	272793#0	1
1789	Q0	362434#0	1
1789	Q0	362437#0	1
1789	Q0	362436#0	1
1789	Q0	75191#6	1
1789	Q0	596702#1	1
1789	Q0	325200#0	0
1789	Q0	104440#0	0
1789	Q0	272793#1	0
1789	Q0	596702#0	0
1789	Q0	3803#9	0
1790	Q0	32611#0	1
1790	Q0	32611#1	1
1790	Q0	32611#24	1
1790	Q0	32611#3	1
1790	Q0	32611#23	1
1790	Q0	13267#7	0
1790	Q0	441076#1	0
1790	Q0	234900#11	0
1790	Q0	32611#5	0
1790	Q0	32611#19	0
1791	Q0	2691896#1	1
1791	Q0	12723#5	0
1791	Q0	35038#1	0
1791	Q0	123926#0	0
1791	Q0	2954#31	0
1791	Q0	22426#4	0
1791	Q0	69105#1	0
1791	Q0	61029#1	0
1791	Q0	25727#16	0
1791	Q0	427424#0	0
1792	Q0	2867#1	1
1792	Q0	266684#0	1
1792	Q0	2867#0	1
1792	Q0	2867#2	0
1792	Q0	4650#1	0
1792	Q0	16850#4	0
1792	Q0	1130#4	0
1792	Q0	259087#12	0
1792	Q0	101772#0	0
1792	Q0	124108#23	0
1792	Q0	365564#5	0
1796	Q0	13680#0	1
1796	Q0	13680#4	1
1797	Q0	2438781#0	1
1797	Q0	2438781#33	1
1797	Q0	2438781#30	1
1797	Q0	2438781#29	1
1797	Q0	2438781#8	1
1797	Q0	2438781#5	0
1797	Q0	2438781#9	0
1805	Q0	4477#4	1
1805	Q0	4477#0	0
1815	Q0	14939#6	1
1815	Q0	14939#8	1
1815	Q0	14939#5	0
1818	Q0	43627#0	1
1818	Q0	43627#6	1
1818	Q0	43627#16	1
1818	Q0	43627#32	1
1818	Q0	43627#11	0
1825	Q0	1881645#0	1
1825	Q0	1881645#2	1
1825	Q0	1881645#1	1
1828	Q0	4468#2	1
1828	Q0	4468#15	1
1833	Q0	13086#2	1
1833	Q0	13086#3	1
1849	Q0	180414#0	1
1849	Q0	180414#8	0
1864	Q0	27397#12	1
1864	Q0	27397#8	1
1864	Q0	27397#0	0
1870	Q0	428552#1	1
1870	Q0	428552#21	1
1880	Q0	43627#0	1
1880	Q0	43627#6	1
1880	Q0	43627#16	1
1880	Q0	43627#32	1
1880	Q0	43627#11	0
1897	Q0	138345#7	1
1897	Q0	138345#0	0
1900	Q0	45128#1	1
1900	Q0	45128#0	1
1925	Q0	195745#20	1
1925	Q0	195745#14	0
1925	Q0	195745#0	0
1925	Q0	195745#25	0
1925	Q0	195745#21	0
1925	Q0	195745#17	0
1925	Q0	195745#18	0
1925	Q0	195745#13	0
1925	Q0	195745#15	0
1943	Q0	44872#0	1
1943	Q0	44872#1	1
1947	Q0	4642#2	1
1947	Q0	4642#0	1
1949	Q0	2703#0	1
1949	Q0	2703#8	1
1958	Q0	16798#14	1
1958	Q0	16798#15	1
1965	Q0	152409#0	1
1965	Q0	152409#3	1
2004	Q0	328379#6	1
2004	Q0	328379#7	0
2004	Q0	328379#8	0
2012	Q0	228474#14	1
2012	Q0	228014#1	1
2012	Q0	221569#2	1
2012	Q0	274731#2	1
2012	Q0	2364989#1	1
2012	Q0	2364989#5	1
2012	Q0	2364989#2	1
2012	Q0	2364989#3	1
2012	Q0	222071#0	0
2012	Q0	228014#3	0
2012	Q0	227734#0	0
2012	Q0	228474#0	0
2012	Q0	274731#5	0
2012	Q0	228014#0	0
2012	Q0	2364989#0	0
2012	Q0	2364989#4	0
2013	Q0	191825#4	1
2013	Q0	98106#0	1
2013	Q0	25036#26	1
2013	Q0	102512#6	1
2013	Q0	425363#3	1
2013	Q0	157470#4	1
2013	Q0	71191#1	0
2013	Q0	71192#2	0
2013	Q0	34873#0	0
2013	Q0	34873#1	0
2015	Q0	42398#17	1
2015	Q0	42398#3	1
2015	Q0	42398#0	1
2015	Q0	42398#12	1
2015	Q0	42398#8	1
2015	Q0	42398#13	1
2015	Q0	42398#5	1
2015	Q0	242689#4	1
2015	Q0	82#12	1
2015	Q0	82#15	1
2016	Q0	5110#0	1
2016	Q0	245964#0	1
2016	Q0	127509#0	1
2016	Q0	58215#68	0
2016	Q0	3356#1	0
2016	Q0	81282#0	0
2016	Q0	704030#4	0
2016	Q0	226434#0	0
2016	Q0	84608#0	0
2016	Q0	250638#3	0
2017	Q0	102762#1	1
2017	Q0	246716#17	1
2017	Q0	101313#18	1
2017	Q0	13161#2	1
2017	Q0	246716#0	1
2017	Q0	412902#50	0
2017	Q0	230657#0	0
2017	Q0	246716#77	0
2017	Q0	3944#9	0
2017	Q0	412902#36	0
2019	Q0	82841#3	1
2019	Q0	71067#19	1
2019	Q0	82837#5	1
2019	Q0	154652#1	1
2019	Q0	48825#12	0
2019	Q0	11292#34	0
2019	Q0	48825#11	0
2019	Q0	274141#0	0
2019	Q0	75874#1	0
2019	Q0	302301#8	0
2022	Q0	61029#0	1
2022	Q0	61029#6	1
2022	Q0	61029#1	1
2022	Q0	61029#7	0
2022	Q0	61029#9	0
2022	Q0	61029#3	0
2022	Q0	61029#5	0
2022	Q0	61029#4	0
2022	Q0	61029#8	0
2022	Q0	61029#2	0
2023	Q0	110221#0	1
2023	Q0	189867#1	0
2023	Q0	215497#3	0
2023	Q0	120907#18	0
2023	Q0	267268#6	0
2023	Q0	215087#1	0
2023	Q0	45252#10	0
2023	Q0	66612#3	0
2023	Q0	3493#81	0
2023	Q0	189870#0	0
2024	Q0	12365#2	1
2024	Q0	13852#0	1
2024	Q0	1861715#3	1
2024	Q0	1861715#2	1
2024	Q0	13852#1	0
2024	Q0	12365#3	0
2024	Q0	13852#11	0
2024	Q0	401122#3	0
2024	Q0	97257#65	0
2024	Q0	257598#0	0
2024	Q0	263431#16	0
2024	Q0	403354#1	0
2025	Q0	4026#5	1
2025	Q0	4026#0	1
2025	Q0	4026#11	1
2025	Q0	4024#3	0
2025	Q0	4026#27	0
2025	Q0	4026#12	0
2025	Q0	4026#4	0
2025	Q0	4026#21	0
2025	Q0	4026#6	0
2025	Q0	78415#23	0
2026	Q0	4518#3	1
2026	Q0	4561#24	1
2026	Q0	67041#0	0
2026	Q0	67046#0	0
2026	Q0	67047#0	0
2026	Q0	206608#0	0
2026	Q0	207742#0	0
2026	Q0	206578#0	0
2026	Q0	207395#0	0
2026	Q0	207692#0	0
2028	Q0	9266#1	1
2028	Q0	126522#12	1
2028	Q0	129217#11	0
2028	Q0	129217#10	0
2028	Q0	51169#21	0
2028	Q0	177653#1	0
2028	Q0	7087#1	0
2028	Q0	129217#19	0
2028	Q0	392698#2	0
2028	Q0	129217#12	0
2029	Q0	29587#16	1
2029	Q0	29587#28	1
2029	Q0	29587#0	1
2029	Q0	29587#19	0
2029	Q0	29587#1	0
2029	Q0	29587#7	0
2029	Q0	29587#18	0
2029	Q0	29587#22	0
2029	Q0	29587#11	0
2029	Q0	29587#10	0
2030	Q0	4776#0	1
2030	Q0	4767#0	1
2030	Q0	817#11	1
2030	Q0	4759#56	1
2030	Q0	4760#0	1
2030	Q0	817#2	0
2030	Q0	4759#12	0
2030	Q0	152626#0	0
2030	Q0	176339#0	0
2030	Q0	3468#0	0
2033	Q0	12417#1	1
2033	Q0	12442#6	0
2033	Q0	17663#61	0
2033	Q0	12442#0	0
2033	Q0	17663#62	0
2033	Q0	12184#44	0
2033	Q0	409671#4	0
2033	Q0	12442#1	0
2033	Q0	12417#3	0
2033	Q0	435772#6	0
2034	Q0	24360#0	1
2034	Q0	24360#5	1
2034	Q0	24360#4	0
2034	Q0	51174#30	0
2034	Q0	24360#3	0
2034	Q0	24360#1	0
2034	Q0	304350#15	0
2034	Q0	355232#0	0
2034	Q0	24360#2	0
2034	Q0	25994#4	0
2037	Q0	423460#0	1
2037	Q0	281196#0	1
2037	Q0	58128#16	1
2037	Q0	128575#0	1
2037	Q0	251866#0	0
2037	Q0	33176#62	0
2037	Q0	23379#4	0
2037	Q0	150892#0	0
2037	Q0	29592#0	0
2037	Q0	22926#0	0
2038	Q0	18024#0	1
2038	Q0	152592#0	1
2038	Q0	233667#0	1
2038	Q0	64983#1	0
2038	Q0	60786#0	0
2038	Q0	159386#1	0
2038	Q0	18024#2	0
2038	Q0	150103#7	0
2038	Q0	150103#6	0
2038	Q0	6867#9	0
2042	Q0	20912#7	1
2042	Q0	20912#6	0
2042	Q0	20912#0	0
2042	Q0	44058#20	0
2042	Q0	302712#0	0
2042	Q0	27381#0	0
2042	Q0	170794#0	0
2042	Q0	118921#2	0
2042	Q0	20912#39	0
2042	Q0	85939#17	0
2043	Q0	20195#0	1
2043	Q0	156898#10	1
2043	Q0	156898#60	1
2043	Q0	20195#12	1
2043	Q0	242139#0	1
2043	Q0	156898#64	1
2043	Q0	23943#0	1
2043	Q0	138788#0	1
2043	Q0	156898#12	0
2043	Q0	156898#11	0
2044	Q0	6551#0	1
2044	Q0	83389#0	1
2044	Q0	83389#1	1
2044	Q0	297684#1	1
2044	Q0	297693#1	0
2044	Q0	23640#2	0
2044	Q0	6175#0	0
2044	Q0	793#6	0
2044	Q0	151384#17	0
2044	Q0	36761#2	0
2046	Q0	57986#13	1
2046	Q0	57986#38	1
2046	Q0	10730#68	0
2046	Q0	57986#0	0
2046	Q0	254354#1	0
2046	Q0	57986#4	0
2046	Q0	3998#13	0
2046	Q0	57986#11	0
2046	Q0	68080#0	0
2046	Q0	356469#3	0
2046	Q0	3363#1	0
2046	Q0	202877#5	0
2047	Q0	13065#25	1
2047	Q0	25720#29	1
2047	Q0	8107#49	0
2047	Q0	13065#19	0
2047	Q0	13065#2	0
2047	Q0	20732#1	0
2047	Q0	13065#21	0
2047	Q0	13065#23	0
2047	Q0	16924#36	0
2047	Q0	13065#13	0
2048	Q0	41209#6	1
2048	Q0	71355#0	1
2048	Q0	71355#6	0
2048	Q0	71355#1	0
2048	Q0	7801#54	0
2048	Q0	38251#1	0
2048	Q0	7801#31	0
2048	Q0	71355#3	0
2048	Q0	257603#0	0
2048	Q0	71355#2	0
2050	Q0	272272#3	1
2050	Q0	206864#0	0
2050	Q0	206863#0	0
2050	Q0	206883#0	0
2050	Q0	34018#0	0
2050	Q0	330833#0	0
2050	Q0	272272#0	0
2050	Q0	221773#0	0
2050	Q0	245638#18	0
2050	Q0	206863#10	0
2051	Q0	15822#0	1
2051	Q0	68057#0	1
2051	Q0	11853#0	1
2051	Q0	51534#0	1
2051	Q0	11853#21	0
2051	Q0	13000#1	0
2051	Q0	11853#4	0
2051	Q0	11853#2	0
2051	Q0	68724#0	0
2051	Q0	13000#0	0
2052	Q0	5431#63	1
2052	Q0	155963#4	0
2052	Q0	442688#5	0
2052	Q0	4106#2	0
2052	Q0	112131#0	0
2052	Q0	156628#8	0
2052	Q0	302220#0	0
2052	Q0	11394#18	0
2052	Q0	316410#0	0
2052	Q0	85910#0	0
2053	Q0	70280#0	1
2053	Q0	69334#14	1
2053	Q0	76699#0	1
2053	Q0	70280#26	1
2053	Q0	16848#5	0
2053	Q0	70282#25	0
2053	Q0	70273#11	0
2053	Q0	76699#1	0
2053	Q0	16848#2	0
2053	Q0	75838#1	0
2055	Q0	264607#1	1
2055	Q0	264607#0	1
2055	Q0	264607#7	1
2055	Q0	397117#6	0
2055	Q0	3849#19	0
2055	Q0	264607#21	0
2055	Q0	215135#5	0
2055	Q0	391205#10	0
2055	Q0	264607#19	0
2055	Q0	21467#88	0
2057	Q0	1067943#0	1
2057	Q0	290042#0	0
2057	Q0	121310#0	0
2057	Q0	83111#2	0
2057	Q0	276096#0	0
2057	Q0	360370#1	0
2057	Q0	134402#0	0
2057	Q0	344724#16	0
2057	Q0	263601#55	0
2057	Q0	140003#0	0
2058	Q0	388063#5	1
2058	Q0	388063#4	1
2058	Q0	388063#19	1
2058	Q0	388063#8	0
2058	Q0	388063#3	0
2058	Q0	388063#0	0
2058	Q0	388063#6	0
2058	Q0	388063#18	0
2058	Q0	388063#24	0
2058	Q0	388063#21	0
2063	Q0	318717#1	1
2063	Q0	318717#5	1
2063	Q0	318717#3	1
2063	Q0	318717#2	0
2063	Q0	318717#6	0
2063	Q0	318717#0	0
2063	Q0	318717#4	0
2063	Q0	78327#2	0
2063	Q0	177567#3	0
2063	Q0	250742#8	0
2064	Q0	1591882#0	1
2064	Q0	291923#1	0
2064	Q0	3803#10	0
2064	Q0	298799#8	0
2064	Q0	96235#4	0
2064	Q0	45569#54	0
2064	Q0	234574#0	0
2064	Q0	298799#2	0
2064	Q0	61020#23	0
2064	Q0	14340#3	0
2065	Q0	38656#0	1
2065	Q0	18922#7	1
2065	Q0	204349#0	1
2065	Q0	38683#10	1
2065	Q0	56065#0	1
2065	Q0	18922#0	0
2065	Q0	18922#5	0
2065	Q0	231129#6	0
2065	Q0	18922#6	0
2065	Q0	48251#0	0
2066	Q0	199807#6	1
2066	Q0	4436#54	1
2066	Q0	60856#1	1
2066	Q0	686#24	1
2066	Q0	4436#58	1
2066	Q0	4436#55	1
2066	Q0	199736#6	0
2066	Q0	4436#59	0
2066	Q0	199736#5	0
2066	Q0	180422#1	0
2067	Q0	24214#0	1
2067	Q0	158884#0	1
2067	Q0	158884#1	1
2067	Q0	218211#14	0
2067	Q0	218211#5	0
2067	Q0	4589#8	0
2067	Q0	58639#2	0
2067	Q0	276353#0	0
2067	Q0	247322#1	0
2067	Q0	5068#2	0
2068	Q0	147340#37	1
2068	Q0	147340#40	1
2068	Q0	147340#42	1
2068	Q0	147340#110	0
2068	Q0	147340#2	0
2068	Q0	147340#38	0
2068	Q0	147340#41	0
2068	Q0	147340#160	0
2068	Q0	147340#35	0
2068	Q0	147340#69	0
2070	Q0	45436#12	1
2070	Q0	372984#0	1
2070	Q0	354641#0	1
2070	Q0	45436#16	1
2070	Q0	354641#12	1
2070	Q0	354641#16	1
2070	Q0	354641#3	0
2070	Q0	354641#11	0
2070	Q0	354641#1	0
2070	Q0	118379#6	0
2070	Q0	798#3	0
2071	Q0	292002#0	1
2071	Q0	81357#0	1
2071	Q0	292002#1	0
2071	Q0	81356#0	0
2071	Q0	77575#0	0
2071	Q0	359059#0	0
2071	Q0	54175#0	0
2071	Q0	27659#0	0
2071	Q0	28636#0	0
2071	Q0	27657#0	0
2072	Q0	4264#20	1
2072	Q0	4264#0	1
2072	Q0	89570#0	1
2072	Q0	18891#0	1
2072	Q0	51137#0	0
2072	Q0	4266#14	0
2072	Q0	4265#0	0
2072	Q0	4266#1	0
2072	Q0	202978#0	0
2072	Q0	4264#7	0
2073	Q0	236448#11	1
2073	Q0	71806#9	1
2073	Q0	10224#10	0
2073	Q0	180690#1	0
2073	Q0	195900#7	0
2073	Q0	146533#0	0
2073	Q0	87738#0	0
2073	Q0	93562#8	0
2073	Q0	258463#11	0
2073	Q0	75572#7	0
2074	Q0	353985#1	1
2074	Q0	353985#0	1
2074	Q0	80367#4	0
2074	Q0	80367#64	0
2074	Q0	353990#3	0
2074	Q0	80367#68	0
2074	Q0	80367#65	0
2074	Q0	209169#0	0
2074	Q0	242222#1	0
2074	Q0	80367#9	0
2075	Q0	133000#5	1
2075	Q0	133000#10	1
2075	Q0	133000#1	1
2075	Q0	133000#12	1
2075	Q0	133000#13	1
2075	Q0	120162#12	0
2075	Q0	133000#11	0
2075	Q0	150770#1	0
2075	Q0	64549#0	0
2075	Q0	133000#0	0
2078	Q0	97364#0	1
2078	Q0	97359#0	1
2078	Q0	97362#0	1
2078	Q0	97364#10	0
2078	Q0	97359#1	0
2078	Q0	97357#1	0
2078	Q0	97364#7	0
2078	Q0	97364#2	0
2078	Q0	97364#9	0
2078	Q0	1109#0	0
2081	Q0	2703#3	1
2081	Q0	2703#0	1
2081	Q0	2703#8	1
2081	Q0	137931#0	0
2081	Q0	270988#0	0
2081	Q0	2757#1	0
2081	Q0	412338#0	0
2081	Q0	331691#0	0
2081	Q0	38785#0	0
2081	Q0	278271#6	0
2081	Q0	201474#0	0
2082	Q0	76349#29	1
2082	Q0	76349#16	1
2082	Q0	76349#26	1
2082	Q0	15039#4	1
2082	Q0	304967#0	0
2082	Q0	76349#10	0
2082	Q0	76349#36	0
2082	Q0	76349#27	0
2082	Q0	15039#6	0
2082	Q0	76349#3	0
2083	Q0	294011#0	1
2083	Q0	294011#2	1
2083	Q0	294011#5	1
2083	Q0	294011#1	1
2083	Q0	294011#8	1
2083	Q0	4061#64	1
2083	Q0	294011#6	1
2083	Q0	294011#11	1
2083	Q0	115525#1	1
2083	Q0	294011#7	0
2085	Q0	269586#2	1
2085	Q0	269586#29	1
2085	Q0	269586#18	0
2085	Q0	269586#3	0
2085	Q0	269586#8	0
2085	Q0	269586#6	0
2085	Q0	3803#9	0
2085	Q0	291923#1	0
2085	Q0	60650#3	0
2085	Q0	207993#2	0
2086	Q0	3107#33	1
2086	Q0	3107#5	1
2086	Q0	409992#5	1
2086	Q0	3107#31	1
2086	Q0	22798#11	1
2086	Q0	3107#0	1
2086	Q0	3107#2	1
2086	Q0	3107#21	1
2086	Q0	10924#71	0
2086	Q0	2930#6	0
2086	Q0	3107#35	0
2086	Q0	350073#0	0
2089	Q0	13520#0	1
2089	Q0	13520#32	0
2089	Q0	13520#4	0
2089	Q0	13520#35	0
2089	Q0	3493#25	0
2089	Q0	13520#25	0
2089	Q0	13520#5	0
2089	Q0	13520#20	0
2089	Q0	13520#18	0
2089	Q0	13520#21	0
2090	Q0	268319#11	1
2090	Q0	268319#14	1
2090	Q0	268319#7	1
2090	Q0	336661#12	0
2090	Q0	268319#2	0
2090	Q0	268319#1	0
2090	Q0	268319#13	0
2090	Q0	268319#10	0
2090	Q0	268319#9	0
2090	Q0	268319#8	0
2091	Q0	12249#0	1
2091	Q0	12788#22	1
2091	Q0	12788#11	1
2091	Q0	15802#2	0
2091	Q0	12788#2	0
2091	Q0	12788#0	0
2091	Q0	27013#1	0
2091	Q0	12788#6	0
2091	Q0	308539#1	0
2091	Q0	52#9	0
2092	Q0	4153#14	1
2092	Q0	64189#0	1
2092	Q0	4153#6	1
2092	Q0	56998#0	1
2092	Q0	4153#0	1
2092	Q0	13055#0	0
2092	Q0	4153#20	0
2092	Q0	4153#7	0
2092	Q0	56999#1	0
2092	Q0	199596#0	0
2094	Q0	5077#7	1
2094	Q0	24823#2	1
2094	Q0	97778#1	1
2094	Q0	97778#3	1
2094	Q0	5077#1	0
2094	Q0	5077#0	0
2094	Q0	97778#2	0
2094	Q0	92720#1	0
2094	Q0	5077#3	0
2094	Q0	234623#6	0
2095	Q0	248786#0	1
2095	Q0	61783#8	1
2095	Q0	140400#16	1
2095	Q0	259765#4	0
2095	Q0	346896#80	0
2095	Q0	61783#11	0
2095	Q0	152594#3	0
2095	Q0	352011#4	0
2095	Q0	259765#5	0
2095	Q0	216954#9	0
2096	Q0	6208#17	1
2096	Q0	200018#14	1
2096	Q0	33968#2	1
2096	Q0	45226#0	0
2096	Q0	302107#1	0
2096	Q0	6208#18	0
2096	Q0	6207#0	0
2096	Q0	200018#0	0
2096	Q0	8271#0	0
2096	Q0	4209#6	0
2097	Q0	15247#8	1
2097	Q0	3107#0	1
2097	Q0	3107#35	1
2097	Q0	132859#0	1
2097	Q0	5071#6	1
2097	Q0	3107#31	1
2097	Q0	3107#21	1
2097	Q0	350073#0	0
2097	Q0	3107#2	0
2097	Q0	350073#1	0
2097	Q0	3107#5	0
2097	Q0	3794#7	0
2098	Q0	79#0	1
2098	Q0	79#24	0
2098	Q0	387565#78	0
2098	Q0	442864#1	0
2098	Q0	44414#0	0
2098	Q0	13263#24	0
2098	Q0	180536#0	0
2098	Q0	79#22	0
2098	Q0	246716#35	0
2098	Q0	79#21	0
2099	Q0	4435#8	1
2099	Q0	4435#0	0
2099	Q0	4435#9	0
2099	Q0	171346#0	0
2099	Q0	337207#1	0
2099	Q0	4926#3	0
2099	Q0	173374#0	0
2099	Q0	4436#34	0
2099	Q0	4398#1	0
2099	Q0	4526#19	0
2103	Q0	27780#0	1
2103	Q0	20543#11	1
2103	Q0	57720#0	1
2103	Q0	6093#2	1
2103	Q0	53228#1	1
2103	Q0	53228#22	1
2103	Q0	20718#1	0
2103	Q0	889#17	0
2103	Q0	890#0	0
2103	Q0	49636#0	0
2103	Q0	20543#13	0
2103	Q0	889#38	0
2104	Q0	3109#13	1
2104	Q0	3109#15	1
2104	Q0	1676959#0	1
2104	Q0	1676959#2	1
2104	Q0	292196#0	0
2104	Q0	292196#3	0
2104	Q0	292196#30	0
2104	Q0	3109#14	0
2104	Q0	335325#0	0
2104	Q0	407103#2	0
2104	Q0	335325#4	0
2104	Q0	335325#2	0
2106	Q0	103230#0	1
2106	Q0	103230#1	1
2106	Q0	103481#10	1
2106	Q0	103230#5	0
2106	Q0	103230#4	0
2106	Q0	103230#2	0
2106	Q0	103230#3	0
2106	Q0	103481#5	0
2106	Q0	103251#0	0
2106	Q0	236946#0	0
2107	Q0	23885#0	1
2107	Q0	42986#0	1
2107	Q0	4032#10	1
2107	Q0	23885#6	0
2107	Q0	23885#2	0
2107	Q0	23885#3	0
2107	Q0	48173#1	0
2107	Q0	236814#0	0
2107	Q0	82297#5	0
2107	Q0	320868#2	0
2108	Q0	32687#0	1
2108	Q0	414369#0	1
2108	Q0	132101#1	1
2108	Q0	232352#35	1
2108	Q0	394148#17	0
2108	Q0	154403#11	0
2108	Q0	14648#0	0
2108	Q0	130763#3	0
2108	Q0	51011#4	0
2108	Q0	14615#14	0
2110	Q0	273991#0	1
2110	Q0	3803#16	0
2110	Q0	258279#0	0
2110	Q0	235369#0	0
2110	Q0	262469#0	0
2110	Q0	18743#0	0
2110	Q0	134687#0	0
2110	Q0	134694#0	0
2110	Q0	101772#0	0
2110	Q0	24697#6	0
2111	Q0	97464#0	1
2111	Q0	69275#14	0
2111	Q0	296657#0	0
2111	Q0	234623#6	0
2111	Q0	59409#17	0
2111	Q0	134469#0	0
2111	Q0	223835#6	0
2111	Q0	34552#3	0
2111	Q0	320532#1	0
2111	Q0	4552#4	0
2112	Q0	817#0	1
2112	Q0	834#0	0
2112	Q0	32003#0	0
2112	Q0	308873#16	0
2112	Q0	817#11	0
2112	Q0	98152#20	0
2112	Q0	313396#4	0
2112	Q0	140079#16	0
2112	Q0	140079#35	0
2112	Q0	265869#6	0
2113	Q0	21467#0	1
2113	Q0	21467#88	1
2113	Q0	21467#79	0
2113	Q0	21467#40	0
2113	Q0	21467#74	0
2113	Q0	21467#3	0
2113	Q0	21467#77	0
2113	Q0	21467#61	0
2113	Q0	21467#60	0
2113	Q0	21467#48	0
2114	Q0	38992#3	1
2114	Q0	38992#6	1
2114	Q0	38992#2	1
2114	Q0	24301#15	1
2114	Q0	149444#3	0
2114	Q0	24304#14	0
2114	Q0	24301#22	0
2114	Q0	291360#3	0
2114	Q0	24301#24	0
2114	Q0	114670#9	0
2115	Q0	2449000#23	1
2115	Q0	27630#3	0
2115	Q0	7801#40	0
2115	Q0	24310#5	0
2115	Q0	838#17	0
2115	Q0	412213#59	0
2115	Q0	294421#26	0
2115	Q0	413211#30	0
2115	Q0	8817#0	0
2115	Q0	300129#2	0
2116	Q0	4396#2	1
2116	Q0	124610#7	1
2116	Q0	213688#21	1
2116	Q0	13263#105	1
2116	Q0	213688#6	0
2116	Q0	10850#9	0
2116	Q0	124610#48	0
2116	Q0	213688#18	0
2116	Q0	213688#19	0
2116	Q0	4396#42	0
2118	Q0	28456#0	1
2118	Q0	28459#0	1
2118	Q0	28456#3	1
2118	Q0	2840#17	1
2118	Q0	28456#2	0
2118	Q0	21137#5	0
2118	Q0	28459#1	0
2118	Q0	27614#22	0
2118	Q0	28456#1	0
2118	Q0	38908#42	0
2121	Q0	237604#5	1
2121	Q0	265393#27	1
2121	Q0	265393#30	0
2121	Q0	265407#0	0
2121	Q0	289026#0	0
2121	Q0	265407#1	0
2121	Q0	265393#31	0
2121	Q0	265393#0	0
2121	Q0	289026#2	0
2121	Q0	265396#0	0
2122	Q0	6138#23	1
2122	Q0	6861#16	1
2122	Q0	6861#15	1
2122	Q0	6861#10	1
2122	Q0	6138#0	0
2122	Q0	94781#2	0
2122	Q0	13808#8	0
2122	Q0	6138#9	0
2122	Q0	22717#4	0
2122	Q0	6138#2	0
2122	Q0	6138#15	0
2122	Q0	6138#13	0
2122	Q0	6138#11	0
2122	Q0	6138#12	0
2122	Q0	6138#8	0
2123	Q0	199278#0	1
2123	Q0	211490#3	1
2123	Q0	121359#1	1
2123	Q0	121362#0	1
2123	Q0	466974#1	1
2123	Q0	466974#0	1
2123	Q0	403871#6	0
2123	Q0	379734#1	0
2123	Q0	69008#12	0
2123	Q0	395250#9	0
2123	Q0	17382#8	0
2123	Q0	69008#26	0
2124	Q0	408814#0	1
2124	Q0	408814#3	1
2124	Q0	408814#9	1
2124	Q0	101368#1	0
2124	Q0	408814#4	0
2124	Q0	408814#11	0
2124	Q0	408814#5	0
2124	Q0	408814#7	0
2124	Q0	408814#12	0
2124	Q0	408814#10	0
2125	Q0	32349#0	1
2125	Q0	63094#0	1
2125	Q0	78230#7	1
2125	Q0	3766#9	1
2125	Q0	16233#0	0
2125	Q0	428242#0	0
2125	Q0	205324#1	0
2125	Q0	293723#1	0
2125	Q0	42384#3	0
2125	Q0	205324#0	0
2127	Q0	176624#3	1
2127	Q0	137695#1	1
2127	Q0	135942#35	0
2127	Q0	1026#25	0
2127	Q0	319512#1	0
2127	Q0	18811#8	0
2127	Q0	412881#7	0
2127	Q0	3806#12	0
2127	Q0	103352#7	0
2127	Q0	197343#3	0
2128	Q0	9509#0	1
2128	Q0	1041#9	1
2128	Q0	318200#7	1
2128	Q0	9509#1	1
2128	Q0	9509#12	1
2128	Q0	9509#11	1
2128	Q0	331778#1	0
2128	Q0	1041#32	0
2128	Q0	9509#3	0
2128	Q0	9509#4	0
2128	Q0	1041#35	0
2129	Q0	11896#20	1
2129	Q0	11896#19	1
2129	Q0	440325#4	1
2129	Q0	903638#0	1
2129	Q0	3942#21	0
2129	Q0	3399#0	0
2129	Q0	81282#0	0
2129	Q0	5857#3	0
2129	Q0	84608#0	0
2129	Q0	226434#0	0
2130	Q0	77346#1	1
2130	Q0	14968#3	1
2130	Q0	173183#0	0
2130	Q0	213525#1	0
2130	Q0	254852#15	0
2130	Q0	153782#33	0
2130	Q0	324497#12	0
2130	Q0	63521#0	0
2130	Q0	9926#32	0
2130	Q0	99902#1	0
2131	Q0	395904#2	1
2131	Q0	395904#4	0
2131	Q0	235645#4	0
2131	Q0	24706#0	0
2131	Q0	34047#1	0
2131	Q0	3221#31	0
2131	Q0	315552#0	0
2131	Q0	152191#2	0
2131	Q0	211018#3	0
2131	Q0	71026#0	0
2133	Q0	233401#0	1
2133	Q0	233368#6	1
2133	Q0	326405#2	1
2133	Q0	233401#5	0
2133	Q0	233368#7	0
2133	Q0	235775#2	0
2133	Q0	242668#7	0
2133	Q0	235775#51	0
2133	Q0	233401#1	0
2133	Q0	233401#3	0
2134	Q0	434116#4	1
2134	Q0	16798#0	1
2134	Q0	434116#0	1
2134	Q0	434116#2	1
2134	Q0	16798#3	0
2134	Q0	434116#5	0
2134	Q0	94090#2	0
2134	Q0	5570#6	0
2134	Q0	16798#25	0
2134	Q0	269043#9	0
2135	Q0	16849#1	1
2135	Q0	16849#29	1
2135	Q0	105208#0	1
2135	Q0	160482#13	0
2135	Q0	206974#1	0
2135	Q0	16849#2	0
2135	Q0	16849#0	0
2135	Q0	193896#0	0
2135	Q0	16849#31	0
2135	Q0	160482#4	0
2141	Q0	78956#1	1
2141	Q0	78956#7	0
2141	Q0	3531#10	0
2141	Q0	78956#2	0
2141	Q0	78956#14	0
2141	Q0	25761#17	0
2141	Q0	214005#1	0
2141	Q0	78956#3	0
2141	Q0	33176#24	0
2141	Q0	342406#0	0
2143	Q0	608791#0	1
2143	Q0	10879#30	0
2143	Q0	3296#12	0
2143	Q0	141837#4	0
2143	Q0	3020#100	0
2143	Q0	21129#0	0
2143	Q0	356390#40	0
2143	Q0	141837#3	0
2143	Q0	838#17	0
2143	Q0	250866#15	0
2145	Q0	88490#0	1
2145	Q0	88490#1	0
2145	Q0	88490#9	0
2145	Q0	88490#2	0
2145	Q0	88490#7	0
2145	Q0	88490#6	0
2145	Q0	88490#8	0
2145	Q0	88490#3	0
2145	Q0	88490#12	0
2145	Q0	88490#11	0
2146	Q0	4145#82	1
2146	Q0	43137#8	1
2146	Q0	43137#9	1
2146	Q0	4145#81	1
2146	Q0	43137#0	0
2146	Q0	43137#7	0
2146	Q0	43137#10	0
2146	Q0	43137#6	0
2146	Q0	129217#5	0
2146	Q0	18016#2	0
2147	Q0	265961#1	1
2147	Q0	253621#0	0
2147	Q0	244401#4	0
2147	Q0	11640#21	0
2147	Q0	57984#17	0
2147	Q0	11640#5	0
2147	Q0	244401#0	0
2147	Q0	58229#14	0
2147	Q0	196446#21	0
2147	Q0	11640#0	0
2149	Q0	4138#0	1
2149	Q0	4138#11	1
2149	Q0	4138#32	0
2149	Q0	4138#13	0
2149	Q0	341674#0	0
2149	Q0	341709#0	0
2149	Q0	341711#0	0
2149	Q0	341759#0	0
2149	Q0	4138#12	0
2149	Q0	55981#1	0
2150	Q0	10241#5	1
2150	Q0	10241#0	1
2150	Q0	10241#35	0
2150	Q0	10241#7	0
2150	Q0	10241#19	0
2150	Q0	10241#33	0
2150	Q0	10241#8	0
2150	Q0	17124#4	0
2150	Q0	10241#30	0
2150	Q0	10241#29	0
2151	Q0	44442#1	1
2151	Q0	318386#2	0
2151	Q0	44442#5	0
2151	Q0	44442#2	0
2151	Q0	30412#45	0
2151	Q0	3998#13	0
2151	Q0	6208#3	0
2151	Q0	197168#3	0
2151	Q0	181471#15	0
2151	Q0	200015#3	0
2152	Q0	2703#0	1
2152	Q0	2703#8	1
2152	Q0	2757#1	0
2152	Q0	4926#3	0
2152	Q0	144099#0	0
2152	Q0	4408#1	0
2152	Q0	8104#6	0
2152	Q0	4526#19	0
2152	Q0	10#7	0
2152	Q0	4461#6	0
2152	Q0	4454#37	0
2152	Q0	19833#19	0
2156	Q0	62101#0	1
2156	Q0	6276#61	0
2156	Q0	6276#8	0
2156	Q0	6276#0	0
2156	Q0	16733#0	0
2156	Q0	6276#6	0
2156	Q0	6276#47	0
2156	Q0	54#21	0
2156	Q0	3107#50	0
2156	Q0	6276#55	0
2160	Q0	273991#0	1
2160	Q0	3882#2	0
2160	Q0	235369#0	0
2160	Q0	3817#7	0
2160	Q0	24697#34	0
2160	Q0	27758#0	0
2160	Q0	11969#0	0
2160	Q0	229355#0	0
2160	Q0	24697#6	0
2160	Q0	4650#1	0
2162	Q0	440676#8	1
2162	Q0	22522#7	1
2162	Q0	48825#5	0
2162	Q0	442736#9	0
2162	Q0	76664#6	0
2162	Q0	22522#4	0
2162	Q0	36163#3	0
2162	Q0	440676#7	0
2162	Q0	109618#6	0
2162	Q0	14131#14	0
2163	Q0	221230#10	1
2163	Q0	221230#0	1
2163	Q0	274126#0	1
2163	Q0	221230#13	0
2163	Q0	221230#9	0
2163	Q0	431583#0	0
2163	Q0	221230#22	0
2163	Q0	22537#2	0
2163	Q0	92720#1	0
2163	Q0	234623#6	0
2164	Q0	3493#67	1
2164	Q0	3493#41	0
2164	Q0	3493#42	0
2164	Q0	293213#3	0
2164	Q0	3493#0	0
2164	Q0	4926#3	0
2164	Q0	4926#0	0
2164	Q0	3493#46	0
2164	Q0	117975#1	0
2164	Q0	225711#0	0
2164	Q0	13952#1	0
2165	Q0	249452#0	1
2165	Q0	249452#10	1
2165	Q0	249452#11	0
2165	Q0	249452#5	0
2165	Q0	249452#9	0
2165	Q0	249452#14	0
2165	Q0	249452#1	0
2165	Q0	249452#8	0
2165	Q0	11772#1	0
2165	Q0	249452#7	0
2166	Q0	264222#0	1
2166	Q0	39479#7	1
2166	Q0	208726#1	0
2166	Q0	211528#5	0
2166	Q0	257370#1	0
2166	Q0	64751#4	0
2166	Q0	371133#39	0
2166	Q0	399742#54	0
2166	Q0	124862#9	0
2166	Q0	264222#3	0
2167	Q0	302491#6	1
2167	Q0	4271#1	1
2167	Q0	302491#13	1
2167	Q0	2635#24	0
2167	Q0	271645#2	0
2167	Q0	209888#34	0
2167	Q0	8#12	0
2167	Q0	209888#0	0
2167	Q0	209888#35	0
2167	Q0	302491#7	0
2168	Q0	4414#22	1
2168	Q0	4414#26	0
2168	Q0	190318#0	0
2168	Q0	283849#0	0
2168	Q0	283845#0	0
2168	Q0	4414#24	0
2168	Q0	355354#0	0
2168	Q0	56131#0	0
2168	Q0	142549#1	0
2168	Q0	355333#0	0
2169	Q0	42398#0	1
2169	Q0	42398#17	1
2169	Q0	42398#12	1
2169	Q0	42398#3	1
2169	Q0	42398#5	1
2169	Q0	82#15	1
2169	Q0	42398#13	0
2169	Q0	42398#8	0
2169	Q0	242689#4	0
2169	Q0	82#12	0
2172	Q0	407429#41	1
2172	Q0	590766#0	1
2172	Q0	243046#7	0
2172	Q0	435338#16	0
2172	Q0	245888#0	0
2172	Q0	221445#0	0
2172	Q0	217819#0	0
2172	Q0	838#17	0
2172	Q0	246058#7	0
2172	Q0	218151#0	0
2174	Q0	685305#1	1
2174	Q0	199330#1	0
2174	Q0	234888#20	0
2174	Q0	71294#1	0
2174	Q0	33723#13	0
2174	Q0	3992#5	0
2174	Q0	406165#0	0
2174	Q0	18090#5	0
2174	Q0	200582#3	0
2174	Q0	33248#5	0
2175	Q0	757#71	1
2175	Q0	137735#2	1
2175	Q0	756#32	1
2175	Q0	1046#36	1
2175	Q0	166163#4	0
2175	Q0	137735#11	0
2175	Q0	3406#0	0
2175	Q0	757#32	0
2175	Q0	419329#0	0
2175	Q0	757#37	0
2176	Q0	412213#23	1
2176	Q0	598560#5	1
2176	Q0	598560#2	1
2176	Q0	217819#0	0
2176	Q0	28101#0	0
2176	Q0	264667#14	0
2176	Q0	33568#4	0
2176	Q0	112442#7	0
2176	Q0	337280#0	0
2176	Q0	407429#3	0
2176	Q0	407429#43	0
2176	Q0	412213#59	0
2178	Q0	1418953#2	1
2178	Q0	22042#24	0
2178	Q0	3803#9	0
2178	Q0	149334#3	0
2178	Q0	70939#0	0
2178	Q0	24482#3	0
2178	Q0	250604#1	0
2178	Q0	173144#0	0
2178	Q0	107530#1	0
2178	Q0	335846#3	0
2179	Q0	4422#19	1
2179	Q0	422855#0	1
2179	Q0	1130#51	1
2179	Q0	54271#28	0
2179	Q0	157324#2	0
2179	Q0	44#51	0
2179	Q0	16172#18	0
2179	Q0	4168#10	0
2179	Q0	146698#13	0
2179	Q0	4648#15	0
2181	Q0	10#5	1
2181	Q0	10#3	1
2181	Q0	10#7	1
2181	Q0	125560#0	0
2181	Q0	13217#0	0
2181	Q0	396388#0	0
2181	Q0	289612#1	0
2181	Q0	111151#1	0
2181	Q0	68068#0	0
2181	Q0	68067#0	0
2182	Q0	263360#1	1
2182	Q0	263360#8	1
2182	Q0	263360#13	0
2182	Q0	263360#0	0
2182	Q0	263360#44	0
2182	Q0	263360#22	0
2182	Q0	263360#30	0
2182	Q0	263360#17	0
2182	Q0	263360#18	0
2182	Q0	263360#14	0
2183	Q0	146698#30	1
2183	Q0	699561#10	1
2183	Q0	400361#3	0
2183	Q0	2959#12	0
2183	Q0	19460#2	0
2183	Q0	201935#1	0
2183	Q0	87649#20	0
2183	Q0	320024#0	0
2183	Q0	200645#2	0
2183	Q0	11387#4	0
2184	Q0	76307#16	1
2184	Q0	76307#0	1
2184	Q0	76307#15	1
2184	Q0	76307#29	1
2184	Q0	76307#7	0
2184	Q0	76307#22	0
2184	Q0	76307#47	0
2184	Q0	76307#9	0
2184	Q0	853#0	0
2184	Q0	76307#21	0
2185	Q0	185166#3	1
2185	Q0	110775#15	0
2185	Q0	69208#2	0
2185	Q0	40952#5	0
2185	Q0	206874#3	0
2185	Q0	386917#1	0
2185	Q0	123405#35	0
2185	Q0	63721#2	0
2185	Q0	12520#9	0
2185	Q0	134366#2	0
2187	Q0	146698#7	1
2187	Q0	23906#27	1
2187	Q0	23906#3	1
2187	Q0	23906#123	0
2187	Q0	61988#44	0
2187	Q0	23906#116	0
2187	Q0	34383#47	0
2187	Q0	22537#20	0
2187	Q0	241102#5	0
2187	Q0	234629#0	0
2190	Q0	1029#3	1
2190	Q0	1029#2	0
2190	Q0	1029#4	0
2190	Q0	1029#70	0
2190	Q0	281823#0	0
2190	Q0	135729#5	0
2190	Q0	27273#22	0
2190	Q0	318992#4	0
2190	Q0	272386#3	0
2190	Q0	296418#3	0
2191	Q0	127449#87	1
2191	Q0	1874512#6	1
2191	Q0	320031#2	0
2191	Q0	33212#4	0
2191	Q0	165775#4	0
2191	Q0	274933#1	0
2191	Q0	2954#31	0
2191	Q0	146730#2	0
2191	Q0	291282#4	0
2191	Q0	66296#3	0
2192	Q0	12980#0	1
2192	Q0	12980#4	0
2192	Q0	203632#0	0
2192	Q0	318200#0	0
2192	Q0	12980#139	0
2192	Q0	203636#7	0
2192	Q0	12980#1	0
2192	Q0	344355#0	0
2192	Q0	12980#134	0
2192	Q0	203636#32	0
2193	Q0	144325#4	1
2193	Q0	23588#0	0
2193	Q0	144325#11	0
2193	Q0	144325#5	0
2193	Q0	130791#10	0
2193	Q0	144325#2	0
2193	Q0	144325#6	0
2193	Q0	144325#14	0
2193	Q0	144325#0	0
2193	Q0	144325#9	0
2194	Q0	7350#0	1
2194	Q0	7350#1	1
2194	Q0	838#17	0
2194	Q0	215954#9	0
2194	Q0	215954#0	0
2194	Q0	339567#2	0
2194	Q0	195513#1	0
2194	Q0	367671#0	0
2194	Q0	203538#1	0
2194	Q0	22016#4	0
2196	Q0	222351#9	1
2196	Q0	222351#15	0
2196	Q0	222351#8	0
2196	Q0	222351#1	0
2196	Q0	222351#13	0
2196	Q0	75502#19	0
2196	Q0	222351#12	0
2196	Q0	222351#7	0
2196	Q0	222351#4	0
2196	Q0	99812#4	0
2197	Q0	20277#5	1
2197	Q0	798#18	0
2197	Q0	323149#6	0
2197	Q0	25047#0	0
2197	Q0	798#13	0
2197	Q0	78979#3	0
2197	Q0	369040#2	0
2197	Q0	221514#0	0
2197	Q0	20205#4	0
2197	Q0	20277#10	0
2198	Q0	4032#0	1
2198	Q0	4032#10	1
2198	Q0	4032#26	0
2198	Q0	131098#5	0
2198	Q0	48962#16	0
2198	Q0	307725#0	0
2198	Q0	4815#2	0
2198	Q0	42986#0	0
2198	Q0	4032#12	0
2198	Q0	4032#11	0
2199	Q0	4479#0	1
2199	Q0	122614#0	0
2199	Q0	143497#0	0
2199	Q0	116620#0	0
2199	Q0	82011#0	0
2199	Q0	145281#0	0
2199	Q0	116852#0	0
2199	Q0	116622#0	0
2199	Q0	116625#0	0
2199	Q0	116627#0	0
2200	Q0	263350#0	1
2200	Q0	240066#5	1
2200	Q0	141144#0	1
2200	Q0	233436#0	1
2200	Q0	230257#0	1
2200	Q0	22506#17	1
2200	Q0	263350#1	0
2200	Q0	263350#6	0
2200	Q0	3399#0	0
2200	Q0	81282#0	0
2201	Q0	11764#52	1
2201	Q0	11764#49	1
2201	Q0	11764#29	1
2201	Q0	11764#51	1
2201	Q0	11764#53	1
2201	Q0	11764#0	1
2201	Q0	11764#1	1
2201	Q0	11764#2	1
2201	Q0	11764#10	1
2201	Q0	11764#47	0
2201	Q0	11764#20	0
2201	Q0	11764#28	0
2201	Q0	25811#1	0
2201	Q0	65230#1	0
2202	Q0	36493#1	1
2202	Q0	311744#6	0
2202	Q0	34#2	0
2202	Q0	117479#2	0
2202	Q0	152818#0	0
2202	Q0	34#9	0
2202	Q0	34#5	0
2202	Q0	186794#0	0
2202	Q0	117479#0	0
2202	Q0	105835#12	0
2203	Q0	204788#4	1
2203	Q0	204788#1	0
2203	Q0	204788#6	0
2203	Q0	204788#5	0
2203	Q0	16046#4	0
2203	Q0	39362#1	0
2203	Q0	128253#1	0
2203	Q0	283509#0	0
2203	Q0	26757#4	0
2203	Q0	44669#3	0
2205	Q0	5431#0	1
2205	Q0	85294#0	0
2205	Q0	4076#0	0
2205	Q0	310840#3	0
2205	Q0	54457#0	0
2205	Q0	85376#1	0
2205	Q0	78523#0	0
2205	Q0	3597#42	0
2205	Q0	136079#0	0
2205	Q0	310840#1	0
2206	Q0	49148#3	1
2206	Q0	49148#5	1
2206	Q0	314422#0	0
2206	Q0	396977#0	0
2206	Q0	82321#17	0
2206	Q0	527546#0	0
2206	Q0	2954#31	0
2206	Q0	269553#1	0
2206	Q0	25629#47	0
2207	Q0	18794#0	1
2207	Q0	18794#2	0
2207	Q0	18794#74	0
2207	Q0	18794#46	0
2207	Q0	18794#52	0
2207	Q0	18794#32	0
2207	Q0	18794#1	0
2207	Q0	18794#75	0
2207	Q0	18794#47	0
2207	Q0	18794#73	0
2208	Q0	264610#2	1
2208	Q0	1130#0	1
2208	Q0	85224#2	0
2208	Q0	25157#0	0
2208	Q0	1130#5	0
2208	Q0	1130#31	0
2208	Q0	1130#30	0
2208	Q0	18598#1	0
2208	Q0	101662#0	0
2208	Q0	139030#2	0
2209	Q0	211490#29	1
2209	Q0	211490#0	1
2209	Q0	16849#0	1
2209	Q0	211490#3	1
2209	Q0	206974#1	1
2209	Q0	22117#0	1
2209	Q0	22117#2	1
2209	Q0	22117#3	1
2209	Q0	22117#1	1
2209	Q0	22117#4	1
2209	Q0	235588#0	0
2209	Q0	16849#1	0
2209	Q0	16849#29	0
2209	Q0	22117#5	0
2209	Q0	211490#2	0
2212	Q0	12539#75	1
2212	Q0	12539#56	1
2212	Q0	429299#3	0
2212	Q0	6098#22	0
2212	Q0	12539#47	0
2212	Q0	216293#14	0
2212	Q0	12539#28	0
2212	Q0	12539#83	0
2212	Q0	12539#16	0
2212	Q0	6098#20	0
2217	Q0	17368#0	1
2217	Q0	17368#5	1
2217	Q0	17368#25	1
2217	Q0	17368#3	0
2217	Q0	17368#20	0
2217	Q0	17368#19	0
2217	Q0	17368#6	0
2217	Q0	17368#7	0
2217	Q0	17368#8	0
2217	Q0	17368#1	0
2218	Q0	352314#7	1
2218	Q0	87674#8	1
2218	Q0	351947#0	1
2218	Q0	351945#0	1
2218	Q0	87674#10	1
2218	Q0	3244#21	1
2218	Q0	352314#0	0
2218	Q0	352314#1	0
2218	Q0	351946#0	0
2218	Q0	351953#1	0
2219	Q0	10429#64	1
2219	Q0	44848#0	1
2219	Q0	5598#25	0
2219	Q0	5598#10	0
2219	Q0	5598#27	0
2219	Q0	400900#3	0
2219	Q0	5598#22	0
2219	Q0	343320#0	0
2219	Q0	28211#0	0
2219	Q0	334237#0	0
2221	Q0	23906#40	1
2221	Q0	843#2	1
2221	Q0	249978#19	1
2221	Q0	391205#0	0
2221	Q0	288572#0	0
2221	Q0	143100#0	0
2221	Q0	243864#60	0
2221	Q0	53129#16	0
2221	Q0	5856#3	0
2221	Q0	250544#0	0
2222	Q0	443502#0	1
2222	Q0	443502#1	1
2222	Q0	3022#28	0
2222	Q0	81282#0	0
2222	Q0	84608#0	0
2222	Q0	426913#0	0
2222	Q0	226434#0	0
2222	Q0	48198#10	0
2222	Q0	432582#0	0
2222	Q0	213166#0	0
2224	Q0	64631#0	1
2224	Q0	77828#0	0
2224	Q0	77828#1	0
2224	Q0	430140#7	0
2224	Q0	397251#4	0
2224	Q0	176085#0	0
2224	Q0	48549#6	0
2224	Q0	77828#3	0
2224	Q0	18611#11	0
2224	Q0	3466#21	0
2226	Q0	207993#10	1
2226	Q0	207993#4	1
2226	Q0	207993#0	1
2226	Q0	207993#5	0
2226	Q0	207993#8	0
2226	Q0	207993#2	0
2226	Q0	207993#1	0
2226	Q0	207993#6	0
2226	Q0	207993#3	0
2226	Q0	3803#10	0
2229	Q0	6920#0	1
2229	Q0	127494#9	1
2229	Q0	25503#3	1
2229	Q0	127494#4	1
2229	Q0	6920#17	1
2229	Q0	338324#3	1
2229	Q0	6920#13	1
2229	Q0	127507#7	0
2229	Q0	127507#6	0
2229	Q0	127494#7	0
2229	Q0	127494#2	0
2230	Q0	6336#5	1
2230	Q0	22931#17	0
2230	Q0	22931#15	0
2230	Q0	22931#2	0
2230	Q0	22931#0	0
2230	Q0	66259#5	0
2230	Q0	49489#40	0
2230	Q0	229398#3	0
2230	Q0	22931#3	0
2230	Q0	116684#2	0
2235	Q0	395177#0	1
2235	Q0	13263#70	1
2235	Q0	395176#0	0
2235	Q0	154858#7	0
2235	Q0	8104#4	0
2235	Q0	13263#98	0
2235	Q0	8807#3	0
2235	Q0	10212#1	0
2235	Q0	8462#19	0
2235	Q0	112495#3	0
2238	Q0	274492#0	1
2238	Q0	218211#14	1
2238	Q0	274492#10	0
2238	Q0	274492#12	0
2238	Q0	45540#28	0
2238	Q0	274492#18	0
2238	Q0	274492#3	0
2238	Q0	274492#1	0
2238	Q0	274492#15	0
2238	Q0	43636#3	0
2239	Q0	199678#0	1
2239	Q0	234833#14	0
2239	Q0	234872#17	0
2239	Q0	234833#20	0
2239	Q0	70641#2	0
2239	Q0	234872#2	0
2239	Q0	234833#0	0
2239	Q0	234833#2	0
2239	Q0	234833#18	0
2239	Q0	140904#1	0
2240	Q0	4020#9	1
2240	Q0	4020#0	1
2240	Q0	4024#3	0
2240	Q0	4022#4	0
2240	Q0	4020#47	0
2240	Q0	24946#0	0
2240	Q0	3998#13	0
2240	Q0	4018#1	0
2240	Q0	86632#0	0
2240	Q0	4020#12	0
2241	Q0	120429#3	1
2241	Q0	331846#4	1
2241	Q0	1071#1	1
2241	Q0	30685#5	1
2241	Q0	219567#0	0
2241	Q0	40806#33	0
2241	Q0	12116#4	0
2241	Q0	19520#13	0
2241	Q0	99151#4	0
2241	Q0	331846#6	0
2243	Q0	21873#1	1
2243	Q0	25016#1	1
2243	Q0	21873#23	0
2243	Q0	153624#0	0
2243	Q0	21873#18	0
2243	Q0	153701#0	0
2243	Q0	59156#2	0
2243	Q0	56564#0	0
2243	Q0	153687#0	0
2243	Q0	153098#15	0
2244	Q0	33838#0	1
2244	Q0	33838#2	0
2244	Q0	33838#1	0
2244	Q0	33838#6	0
2244	Q0	33838#3	0
2244	Q0	33838#5	0
2244	Q0	313427#36	0
2244	Q0	127311#1	0
2244	Q0	33838#4	0
2244	Q0	16087#5	0
2245	Q0	3720#0	1
2245	Q0	3107#33	1
2245	Q0	3107#31	1
2245	Q0	6276#3	1
2245	Q0	358105#6	1
2245	Q0	3114#0	0
2245	Q0	61759#66	0
2245	Q0	2739#22	0
2245	Q0	3720#2	0
2245	Q0	60943#46	0
2246	Q0	8104#12	1
2246	Q0	8104#2	1
2246	Q0	8462#13	1
2246	Q0	10206#1	1
2246	Q0	8104#34	1
2246	Q0	13263#131	0
2246	Q0	216900#5	0
2246	Q0	228023#0	0
2246	Q0	13263#0	0
2246	Q0	213378#5	0
2246	Q0	112495#18	0
2247	Q0	24336#0	1
2247	Q0	3207#2	1
2247	Q0	844#8	1
2247	Q0	228348#0	1
2247	Q0	23906#28	0
2247	Q0	23906#68	0
2247	Q0	1036#1	0
2247	Q0	76653#16	0
2247	Q0	23906#105	0
2247	Q0	23906#67	0
2248	Q0	34364#1	1
2248	Q0	34364#0	1
2248	Q0	34364#2	1
2248	Q0	293810#1	1
2248	Q0	617013#0	1
2248	Q0	15179#6	0
2248	Q0	3975#2	0
2248	Q0	81282#0	0
2248	Q0	435302#0	0
2248	Q0	195685#6	0
2253	Q0	13198#16	1
2253	Q0	13198#32	1
2253	Q0	13198#31	1
2253	Q0	237154#5	1
2253	Q0	13198#2	0
2253	Q0	13198#34	0
2253	Q0	151550#15	0
2253	Q0	237154#6	0
2253	Q0	184420#1	0
2253	Q0	13198#18	0
2255	Q0	748#0	1
2255	Q0	748#36	0
2255	Q0	21675#20	0
2255	Q0	6296#42	0
2255	Q0	6296#12	0
2255	Q0	20622#0	0
2255	Q0	25908#0	0
2255	Q0	35628#11	0
2255	Q0	6296#25	0
2255	Q0	259115#0	0
2257	Q0	12080#11	1
2257	Q0	45005#2	0
2257	Q0	17051#14	0
2257	Q0	8817#0	0
2257	Q0	45569#17	0
2257	Q0	45569#19	0
2257	Q0	6617#56	0
2257	Q0	45569#21	0
2257	Q0	45569#62	0
2257	Q0	17051#19	0
2258	Q0	156734#5	1
2258	Q0	156734#6	1
2258	Q0	156734#15	0
2258	Q0	156734#0	0
2258	Q0	156734#14	0
2258	Q0	156734#8	0
2258	Q0	156734#9	0
2258	Q0	156734#1	0
2258	Q0	169811#1	0
2263	Q0	93999#0	1
2263	Q0	32296#0	1
2263	Q0	93999#10	1
2263	Q0	93999#14	1
2263	Q0	81566#4	1
2263	Q0	93999#12	1
2263	Q0	93999#4	0
2263	Q0	93999#1	0
2263	Q0	32296#38	0
2263	Q0	93999#30	0
2263	Q0	93999#2	0
2265	Q0	33804#5	1
2265	Q0	405900#0	0
2265	Q0	90635#2	0
2265	Q0	405900#2	0
2265	Q0	405900#12	0
2265	Q0	47840#0	0
2265	Q0	405900#5	0
2265	Q0	405900#23	0
2265	Q0	149041#4	0
2265	Q0	13217#6	0
2266	Q0	735#0	1
2266	Q0	10794#0	1
2266	Q0	8963#1	1
2266	Q0	735#9	0
2266	Q0	737#0	0
2266	Q0	735#17	0
2266	Q0	735#33	0
2266	Q0	735#1	0
2266	Q0	307136#0	0
2266	Q0	221779#0	0
2268	Q0	15633#0	1
2268	Q0	25040#2	0
2268	Q0	4452#32	0
2268	Q0	25040#0	0
2268	Q0	301122#0	0
2268	Q0	52900#0	0
2268	Q0	4523#0	0
2268	Q0	264094#0	0
2268	Q0	4416#15	0
2268	Q0	9036#4	0
2269	Q0	10579#0	1
2269	Q0	35211#3	1
2269	Q0	35211#0	1
2269	Q0	10579#4	1
2269	Q0	10579#2	1
2269	Q0	308449#0	1
2269	Q0	4482#5	0
2269	Q0	18976#0	0
2269	Q0	271704#0	0
2269	Q0	173332#0	0
2270	Q0	2739#19	1
2270	Q0	1062#6	1
2270	Q0	2394197#6	1
2270	Q0	2394197#16	1
2270	Q0	236855#6	0
2270	Q0	139382#5	0
2270	Q0	177732#0	0
2270	Q0	63577#7	0
2270	Q0	27176#1	0
2270	Q0	301936#7	0
2270	Q0	2643#52	0
2270	Q0	266663#0	0
2271	Q0	13086#3	1
2271	Q0	13086#34	1
2271	Q0	13086#2	0
2271	Q0	16690#8	0
2271	Q0	13086#0	0
2271	Q0	15637#20	0
2271	Q0	15637#18	0
2271	Q0	13086#1	0
2271	Q0	310862#3	0
2271	Q0	13086#6	0
2273	Q0	3940#5	1
2273	Q0	232993#13	1
2273	Q0	11790#5	0
2273	Q0	46108#0	0
2273	Q0	51543#19	0
2273	Q0	11790#0	0
2273	Q0	336691#3	0
2273	Q0	25460#2	0
2273	Q0	279816#0	0
2273	Q0	11790#2	0
2274	Q0	4686#0	1
2274	Q0	4686#8	1
2274	Q0	4686#15	1
2274	Q0	45522#5	1
2274	Q0	4686#4	0
2274	Q0	4686#3	0
2274	Q0	4686#6	0
2274	Q0	48559#3	0
2274	Q0	4690#2	0
2274	Q0	234024#19	0
2275	Q0	62055#0	1
2275	Q0	2405840#18	1
2275	Q0	3794#7	0
2275	Q0	27203#10	0
2275	Q0	3399#0	0
2275	Q0	81282#0	0
2275	Q0	226434#0	0
2275	Q0	206969#0	0
2275	Q0	84608#0	0
2275	Q0	25314#2	0
2276	Q0	6153#1	1
2276	Q0	6153#70	0
2276	Q0	6153#3	0
2276	Q0	6153#69	0
2276	Q0	348976#6	0
2276	Q0	356456#63	0
2276	Q0	348976#5	0
2276	Q0	348976#1	0
2276	Q0	6509#32	0
2276	Q0	279729#0	0
2277	Q0	195764#0	1
2277	Q0	13581#112	0
2277	Q0	19293#5	0
2277	Q0	2836#101	0
2277	Q0	708#109	0
2277	Q0	21200#4	0
2277	Q0	76014#3	0
2277	Q0	6320#5	0
2277	Q0	101070#22	0
2277	Q0	101375#4	0
2278	Q0	71680#4	1
2278	Q0	347508#13	1
2278	Q0	8164#10	0
2278	Q0	202207#7	0
2278	Q0	88206#22	0
2278	Q0	30688#34	0
2278	Q0	412876#6	0
2278	Q0	347508#14	0
2278	Q0	756#15	0
2278	Q0	3803#10	0
2279	Q0	2835#4	1
2279	Q0	2835#11	1
2279	Q0	22456#1	0
2279	Q0	2835#42	0
2279	Q0	2835#12	0
2279	Q0	2835#89	0
2279	Q0	2835#6	0
2279	Q0	838#17	0
2279	Q0	133073#3	0
2279	Q0	34047#1	0
2281	Q0	4053#15	1
2281	Q0	4053#28	1
2281	Q0	117202#0	0
2281	Q0	56516#2	0
2281	Q0	4054#1	0
2281	Q0	56497#0	0
2281	Q0	56486#0	0
2281	Q0	124525#4	0
2281	Q0	117204#0	0
2281	Q0	61110#0	0
2283	Q0	42998#4	1
2283	Q0	42998#6	1
2283	Q0	42998#0	0
2283	Q0	318715#5	0
2283	Q0	42998#19	0
2283	Q0	42998#1	0
2283	Q0	42998#17	0
2283	Q0	42998#10	0
2283	Q0	42998#15	0
2283	Q0	42998#13	0
2285	Q0	48915#0	1
2285	Q0	359847#0	1
2285	Q0	51491#1	1
2285	Q0	48929#0	1
2285	Q0	48915#2	1
2285	Q0	48929#1	0
2285	Q0	51491#0	0
2285	Q0	324624#1	0
2285	Q0	51491#4	0
2285	Q0	51491#14	0
2285	Q0	51491#5	0
2287	Q0	70280#0	1
2287	Q0	70280#26	1
2287	Q0	16848#17	0
2287	Q0	70273#11	0
2287	Q0	151278#0	0
2287	Q0	16848#18	0
2287	Q0	76699#1	0
2287	Q0	76699#0	0
2287	Q0	78358#0	0
2287	Q0	52992#64	0
2289	Q0	72593#8	1
2289	Q0	72593#16	1
2289	Q0	118852#6	1
2289	Q0	72593#20	1
2289	Q0	34294#6	1
2289	Q0	72593#9	1
2289	Q0	72593#1	1
2289	Q0	72593#2	0
2289	Q0	72593#14	0
2289	Q0	72593#19	0
2290	Q0	2689183#0	1
2290	Q0	281196#4	0
2290	Q0	277264#2	0
2290	Q0	277264#0	0
2290	Q0	277264#4	0
2290	Q0	2959#12	0
2290	Q0	279130#0	0
2290	Q0	361181#2	0
2290	Q0	63798#1	0
2290	Q0	79520#1	0
2292	Q0	23883#0	1
2292	Q0	23884#0	1
2292	Q0	23884#7	1
2292	Q0	76454#0	1
2292	Q0	165728#0	0
2292	Q0	120209#1	0
2292	Q0	4096#13	0
2292	Q0	23877#0	0
2292	Q0	4134#13	0
2292	Q0	22181#0	0
2293	Q0	225731#2	1
2293	Q0	240281#5	1
2293	Q0	44711#4	0
2293	Q0	6162#5	0
2293	Q0	240281#35	0
2293	Q0	44711#0	0
2293	Q0	240281#1	0
2293	Q0	436717#1	0
2293	Q0	230540#12	0
2293	Q0	44711#1	0
2295	Q0	343847#28	1
2295	Q0	26756#1	1
2295	Q0	176057#1	1
2295	Q0	176057#0	1
2295	Q0	112568#0	0
2295	Q0	117957#10	0
2295	Q0	26756#0	0
2295	Q0	125899#0	0
2295	Q0	16097#4	0
2295	Q0	29574#0	0
2299	Q0	210445#9	1
2299	Q0	210445#7	1
2299	Q0	210445#0	1
2299	Q0	82815#0	0
2299	Q0	82815#34	0
2299	Q0	210445#5	0
2299	Q0	82815#1	0
2299	Q0	145301#2	0
2299	Q0	82815#38	0
2299	Q0	82815#8	0
2299	Q0	210445#4	0
2299	Q0	376449#60	0
2300	Q0	26661#1	1
2300	Q0	40292#3	0
2300	Q0	107414#0	0
2300	Q0	26661#15	0
2300	Q0	26661#28	0
2300	Q0	218224#14	0
2300	Q0	245947#7	0
2300	Q0	8462#34	0
2300	Q0	8462#4	0
2300	Q0	78667#3	0
2301	Q0	18794#70	1
2301	Q0	18794#0	0
2301	Q0	18794#2	0
2301	Q0	18794#13	0
2301	Q0	18794#33	0
2301	Q0	18794#75	0
2301	Q0	18794#36	0
2301	Q0	18794#74	0
2301	Q0	18794#14	0
2301	Q0	18794#73	0
2302	Q0	67294#5	1
2302	Q0	4113#18	1
2302	Q0	21321#10	1
2302	Q0	67294#21	1
2302	Q0	335650#4	1
2302	Q0	44#4	1
2302	Q0	4145#44	1
2302	Q0	11023#0	1
2302	Q0	49489#6	0
2302	Q0	49489#36	0
2303	Q0	11598#0	1
2303	Q0	4900#9	1
2303	Q0	24034#0	0
2303	Q0	249203#0	0
2303	Q0	11598#1	0
2303	Q0	327912#0	0
2303	Q0	316178#2	0
2303	Q0	11598#6	0
2303	Q0	286385#0	0
2303	Q0	278307#0	0
2305	Q0	4468#17	1
2305	Q0	358277#1	0
2305	Q0	359737#0	0
2305	Q0	28904#6	0
2305	Q0	359720#1	0
2305	Q0	86142#28	0
2305	Q0	86142#10	0
2305	Q0	378118#0	0
2305	Q0	359720#0	0
2305	Q0	133037#2	0
2306	Q0	274160#3	1
2306	Q0	274160#4	0
2306	Q0	410524#1	0
2306	Q0	50073#3	0
2306	Q0	256005#3	0
2306	Q0	274160#5	0
2306	Q0	45371#3	0
2306	Q0	140584#3	0
2306	Q0	116555#3	0
2306	Q0	264264#3	0
2307	Q0	8104#1	1
2307	Q0	228023#3	1
2307	Q0	154858#7	1
2307	Q0	8104#36	1
2307	Q0	51574#11	0
2307	Q0	64632#4	0
2307	Q0	216900#5	0
2307	Q0	13263#113	0
2307	Q0	8104#37	0
2307	Q0	154858#2	0
2309	Q0	126397#3	1
2309	Q0	126397#4	0
2309	Q0	218571#1	0
2309	Q0	48513#5	0
2309	Q0	126397#0	0
2309	Q0	97504#0	0
2309	Q0	385823#0	0
2309	Q0	32571#1	0
2309	Q0	215406#2	0
2309	Q0	48513#6	0
2310	Q0	160474#2	1
2310	Q0	160474#11	1
2310	Q0	77#5	1
2310	Q0	160474#9	0
2310	Q0	160474#5	0
2310	Q0	160474#0	0
2310	Q0	160474#7	0
2310	Q0	160474#10	0
2310	Q0	160474#3	0
2310	Q0	160474#6	0
2311	Q0	25914#1	1
2311	Q0	347911#9	1
2311	Q0	122997#1	1
2311	Q0	25914#26	0
2311	Q0	25914#4	0
2311	Q0	25914#33	0
2311	Q0	25914#34	0
2311	Q0	25914#11	0
2311	Q0	25914#12	0
2311	Q0	25914#35	0
2312	Q0	378859#1	1
2312	Q0	289309#0	0
2312	Q0	289309#4	0
2312	Q0	97497#3	0
2312	Q0	289309#1	0
2312	Q0	97497#7	0
2312	Q0	15223#4	0
2312	Q0	15223#6	0
2312	Q0	11900#18	0
2312	Q0	4686#20	0
2313	Q0	41568#14	1
2313	Q0	122857#4	0
2313	Q0	58948#24	0
2313	Q0	69412#7	0
2313	Q0	135296#46	0
2313	Q0	421741#1	0
2313	Q0	346321#2	0
2313	Q0	49499#4	0
2313	Q0	349754#0	0
2313	Q0	345021#1	0
2314	Q0	5#0	1
2314	Q0	5#6	1
2314	Q0	268410#1	1
2314	Q0	316930#3	1
2314	Q0	85#21	1
2314	Q0	207315#0	0
2314	Q0	58939#0	0
2314	Q0	3020#87	0
2314	Q0	5#1	0
2314	Q0	40109#3	0
2317	Q0	89957#1	1
2317	Q0	6212#0	1
2317	Q0	4235#0	1
2317	Q0	11612#8	1
2317	Q0	5101#0	0
2317	Q0	128166#0	0
2317	Q0	427663#0	0
2317	Q0	8401#0	0
2317	Q0	272060#0	0
2317	Q0	34988#0	0
2318	Q0	358469#42	1
2318	Q0	358469#0	1
2318	Q0	358469#43	0
2318	Q0	358469#37	0
2318	Q0	358469#13	0
2318	Q0	358469#9	0
2318	Q0	358469#36	0
2318	Q0	358469#12	0
2318	Q0	358469#39	0
2318	Q0	358469#16	0
2319	Q0	36960#0	1
2319	Q0	129233#0	1
2319	Q0	129233#19	1
2319	Q0	239388#49	1
2319	Q0	36960#3	1
2319	Q0	129233#7	1
2319	Q0	36782#8	1
2319	Q0	40251#0	0
2319	Q0	239388#7	0
2319	Q0	129233#23	0
2320	Q0	134561#15	1
2320	Q0	37539#5	0
2320	Q0	45788#20	0
2320	Q0	35368#28	0
2320	Q0	11020#3	0
2320	Q0	12057#13	0
2320	Q0	422636#1	0
2320	Q0	16184#56	0
2320	Q0	7801#66	0
2320	Q0	45569#5	0
2322	Q0	8104#35	1
2322	Q0	8104#34	1
2322	Q0	232148#1	0
2322	Q0	8104#37	0
2322	Q0	13263#113	0
2322	Q0	8104#6	0
2322	Q0	14028#50	0
2322	Q0	8104#41	0
2322	Q0	4441#2	0
2322	Q0	8462#2	0
2322	Q0	43982#25	0
2322	Q0	118082#0	0
2323	Q0	47413#20	1
2323	Q0	47413#5	0
2323	Q0	36336#5	0
2323	Q0	47413#4	0
2323	Q0	47413#18	0
2323	Q0	47413#16	0
2323	Q0	47413#8	0
2323	Q0	36336#14	0
2323	Q0	47413#12	0
2323	Q0	47413#11	0
2324	Q0	72585#3	1
2324	Q0	72585#2	0
2324	Q0	364570#0	0
2324	Q0	37632#5	0
2324	Q0	310984#1	0
2324	Q0	82815#8	0
2324	Q0	4091#5	0
2324	Q0	319148#7	0
2324	Q0	45569#2	0
2324	Q0	45569#47	0
2325	Q0	74466#0	1
2325	Q0	18205#39	1
2325	Q0	74466#8	0
2325	Q0	74466#13	0
2325	Q0	74466#1	0
2325	Q0	74466#10	0
2325	Q0	74466#3	0
2325	Q0	74466#17	0
2325	Q0	74466#4	0
2325	Q0	74466#2	0
2326	Q0	423808#7	1
2326	Q0	423808#11	0
2326	Q0	423808#24	0
2326	Q0	423808#6	0
2326	Q0	423808#3	0
2326	Q0	423808#14	0
2326	Q0	423808#23	0
2326	Q0	423808#1	0
2326	Q0	423808#27	0
2326	Q0	423808#21	0
2330	Q0	12201#2	1
2330	Q0	12201#3	0
2330	Q0	12201#5	0
2330	Q0	12201#7	0
2330	Q0	12201#11	0
2330	Q0	12201#15	0
2330	Q0	12201#4	0
2330	Q0	12201#9	0
2330	Q0	12201#8	0
2330	Q0	12201#14	0
2331	Q0	54867#0	1
2331	Q0	19641#0	1
2331	Q0	97326#4	0
2331	Q0	19641#48	0
2331	Q0	409780#0	0
2331	Q0	19641#41	0
2331	Q0	19641#51	0
2331	Q0	19641#50	0
2331	Q0	19641#44	0
2331	Q0	19641#2	0
2332	Q0	246776#8	1
2332	Q0	246776#0	1
2332	Q0	246776#4	1
2332	Q0	246776#5	0
2332	Q0	246776#32	0
2332	Q0	246776#27	0
2332	Q0	246776#13	0
2332	Q0	220806#0	0
2332	Q0	246776#31	0
2332	Q0	246776#3	0
2333	Q0	6211#0	1
2333	Q0	7640#0	1
2333	Q0	170959#0	0
2333	Q0	4268#20	0
2333	Q0	13217#8	0
2333	Q0	74398#1	0
2333	Q0	170959#3	0
2333	Q0	156243#0	0
2333	Q0	6211#49	0
2333	Q0	4268#15	0
2334	Q0	211127#22	1
2334	Q0	120449#2	0
2334	Q0	3293#2	0
2334	Q0	3363#1	0
2334	Q0	81282#0	0
2334	Q0	46615#0	0
2334	Q0	195685#6	0
2334	Q0	84608#0	0
2334	Q0	34499#5	0
2334	Q0	34499#6	0
2336	Q0	44#15	1
2336	Q0	50#16	1
2336	Q0	3282#0	1
2336	Q0	3282#15	1
2336	Q0	13088#14	1
2336	Q0	3282#2	0
2336	Q0	3282#22	0
2336	Q0	286293#3	0
2336	Q0	3282#44	0
2336	Q0	3282#16	0
2337	Q0	20864#0	1
2337	Q0	396388#0	1
2337	Q0	7129#3	1
2337	Q0	38683#0	0
2337	Q0	13524#2	0
2337	Q0	51755#0	0
2337	Q0	193884#0	0
2337	Q0	205265#0	0
2337	Q0	208782#0	0
2337	Q0	20183#7	0
2339	Q0	10877#29	1
2339	Q0	10877#15	1
2339	Q0	10877#7	0
2339	Q0	10877#8	0
2339	Q0	92489#10	0
2339	Q0	10877#28	0
2339	Q0	58540#18	0
2339	Q0	58529#8	0
2339	Q0	10877#9	0
2339	Q0	10877#3	0
2340	Q0	59055#0	1
2340	Q0	12047#26	0
2340	Q0	320299#0	0
2340	Q0	8780#11	0
2340	Q0	59055#25	0
2340	Q0	59055#22	0
2340	Q0	3363#1	0
2340	Q0	96845#10	0
2340	Q0	243751#4	0
2340	Q0	368170#1	0
2343	Q0	688402#2	1
2343	Q0	169830#0	0
2343	Q0	3324#9	0
2343	Q0	12216#22	0
2343	Q0	255799#0	0
2343	Q0	85145#0	0
2343	Q0	144291#0	0
2343	Q0	12216#20	0
2343	Q0	1018#11	0
2343	Q0	251883#0	0
2344	Q0	74187#0	1
2344	Q0	329009#2	1
2344	Q0	20877#10	1
2344	Q0	337676#2	1
2344	Q0	45610#2	1
2344	Q0	327908#0	1
2344	Q0	146316#0	0
2344	Q0	338184#2	0
2344	Q0	35360#3	0
2347	Q0	124610#33	1
2347	Q0	9160#0	0
2347	Q0	4396#17	0
2347	Q0	124610#28	0
2347	Q0	264195#0	0
2347	Q0	4396#15	0
2347	Q0	214187#0	0
2347	Q0	143964#0	0
2347	Q0	4396#5	0
2347	Q0	14745#0	0
2348	Q0	13525#2	1
2348	Q0	13525#0	1
2348	Q0	13525#3	1
2348	Q0	118780#3	1
2348	Q0	253679#5	1
2348	Q0	266670#1	1
2348	Q0	266670#8	1
2348	Q0	46349#0	0
2348	Q0	46348#0	0
2348	Q0	46348#33	0
2349	Q0	187167#3	1
2349	Q0	353843#7	1
2349	Q0	134211#5	1
2349	Q0	187167#0	0
2349	Q0	187167#1	0
2349	Q0	216954#5	0
2349	Q0	56750#6	0
2349	Q0	151257#5	0
2349	Q0	82518#3	0
2349	Q0	81893#2	0
2351	Q0	297099#0	1
2351	Q0	297409#0	1
2351	Q0	249353#0	0
2351	Q0	297099#2	0
2351	Q0	249353#1	0
2351	Q0	297412#0	0
2351	Q0	297096#0	0
2351	Q0	12704#0	0
2351	Q0	296991#0	0
2351	Q0	795#8	0
2351	Q0	297099#1	0
2352	Q0	33176#87	1
2352	Q0	26296#13	1
2352	Q0	4391#10	1
2352	Q0	386038#0	0
2352	Q0	214705#0	0
2352	Q0	12216#10	0
2352	Q0	245360#0	0
2352	Q0	25923#13	0
2352	Q0	12561#0	0
2352	Q0	12216#1	0
2353	Q0	14045#6	1
2353	Q0	12576#22	1
2353	Q0	12576#24	0
2353	Q0	24420#3	0
2353	Q0	12576#25	0
2353	Q0	12576#13	0
2353	Q0	12576#2	0
2353	Q0	12576#19	0
2353	Q0	12576#0	0
2353	Q0	12576#9	0
2354	Q0	4373#16	1
2354	Q0	4373#11	1
2354	Q0	21908#11	1
2354	Q0	216290#1	0
2354	Q0	4373#34	0
2354	Q0	319201#2	0
2354	Q0	4373#23	0
2354	Q0	4373#38	0
2354	Q0	222395#19	0
2354	Q0	4373#13	0
2355	Q0	229880#0	1
2355	Q0	227887#4	1
2355	Q0	204460#2	1
2355	Q0	3918#0	0
2355	Q0	33369#24	0
2355	Q0	229880#2	0
2355	Q0	181086#2	0
2355	Q0	130574#4	0
2355	Q0	843#56	0
2355	Q0	229880#11	0
2356	Q0	27320#2	1
2356	Q0	27320#0	0
2356	Q0	838#17	0
2356	Q0	111091#0	0
2356	Q0	56600#1	0
2356	Q0	12058#5	0
2356	Q0	225487#1	0
2356	Q0	83433#0	0
2356	Q0	134269#1	0
2356	Q0	344527#1	0
2363	Q0	900#0	1
2363	Q0	899#20	0
2363	Q0	79236#5	0
2363	Q0	84661#0	0
2363	Q0	437305#0	0
2363	Q0	433617#5	0
2363	Q0	856#1	0
2363	Q0	819#3	0
2363	Q0	13180#55	0
2364	Q0	48271#4	1
2364	Q0	48271#3	1
2364	Q0	48270#0	0
2364	Q0	40104#0	0
2364	Q0	48270#7	0
2364	Q0	5771#37	0
2364	Q0	5771#61	0
2364	Q0	250156#8	0
2364	Q0	48270#2	0
2364	Q0	2821#0	0
2365	Q0	4402#1	1
2365	Q0	4402#0	0
2365	Q0	5154#1	0
2365	Q0	4402#9	0
2365	Q0	286805#0	0
2365	Q0	5154#0	0
2365	Q0	347568#0	0
2365	Q0	21032#2	0
2365	Q0	362697#1	0
2365	Q0	343634#8	0
2367	Q0	83#0	1
2367	Q0	89134#0	1
2367	Q0	6769#0	1
2367	Q0	224705#0	1
2367	Q0	4229#1	0
2367	Q0	5101#0	0
2367	Q0	83#5	0
2367	Q0	11612#1	0
2367	Q0	15745#20	0
2367	Q0	5101#5	0
2368	Q0	240022#0	1
2368	Q0	239893#0	1
2368	Q0	58174#3	0
2368	Q0	58174#43	0
2368	Q0	239746#3	0
2368	Q0	58174#4	0
2368	Q0	58174#5	0
2368	Q0	58174#47	0
2368	Q0	58174#35	0
2368	Q0	58174#2	0
2370	Q0	198183#2	1
2370	Q0	1030#0	1
2370	Q0	1030#1	1
2370	Q0	64733#0	1
2370	Q0	369560#0	1
2370	Q0	20887#54	1
2370	Q0	194953#0	1
2370	Q0	10498#3	1
2370	Q0	112367#4	0
2373	Q0	6246#18	1
2373	Q0	6246#19	1
2373	Q0	104350#6	0
2373	Q0	18563#21	0
2373	Q0	6246#21	0
2373	Q0	127573#9	0
2373	Q0	49005#16	0
2373	Q0	295917#19	0
2373	Q0	6246#15	0
2373	Q0	43319#8	0
2374	Q0	385402#3	1
2374	Q0	205242#10	1
2374	Q0	1164295#0	1
2374	Q0	51940#20	0
2374	Q0	838#17	0
2374	Q0	117859#0	0
2374	Q0	135085#0	0
2374	Q0	68067#0	0
2374	Q0	356491#0	0
2374	Q0	19334#0	0
2375	Q0	6212#1	1
2375	Q0	76072#17	0
2375	Q0	83#15	0
2375	Q0	76072#16	0
2375	Q0	8401#0	0
2375	Q0	4224#0	0
2375	Q0	4225#0	0
2375	Q0	5101#25	0
2375	Q0	34337#3	0
2375	Q0	236805#4	0
2376	Q0	20978#0	1
2376	Q0	33480#1	1
2376	Q0	91716#1	1
2376	Q0	224563#0	1
2376	Q0	116791#0	1
2376	Q0	9#13	1
2376	Q0	3794#7	0
2376	Q0	20978#1	0
2376	Q0	6725#8	0
2376	Q0	233842#14	0
2378	Q0	4796#11	1
2378	Q0	4796#4	1
2378	Q0	4796#5	1
2378	Q0	4796#17	1
2378	Q0	4796#8	1
2378	Q0	4796#0	1
2378	Q0	4796#13	0
2378	Q0	4796#23	0
2378	Q0	4796#14	0
2378	Q0	4796#6	0
2379	Q0	5408#0	1
2379	Q0	5408#8	0
2379	Q0	5408#11	0
2379	Q0	5408#4	0
2379	Q0	5408#5	0
2379	Q0	13180#60	0
2379	Q0	325518#2	0
2379	Q0	13180#0	0
2379	Q0	5408#1	0
2379	Q0	18084#15	0
2380	Q0	13016#0	1
2380	Q0	803#31	1
2380	Q0	13016#1	1
2380	Q0	13016#3	1
2380	Q0	803#58	1
2380	Q0	79278#0	0
2380	Q0	258128#6	0
2380	Q0	4650#1	0
2380	Q0	18743#0	0
2380	Q0	18612#21	0
2384	Q0	44791#6	1
2384	Q0	5463#11	1
2384	Q0	33480#2	1
2384	Q0	269968#4	1
2384	Q0	235839#2	0
2384	Q0	440443#1	0
2384	Q0	20143#18	0
2384	Q0	3794#7	0
2384	Q0	118379#5	0
2384	Q0	423139#14	0
2385	Q0	210897#5	1
2385	Q0	16084#1	0
2385	Q0	126300#0	0
2385	Q0	113664#9	0
2385	Q0	428901#0	0
2385	Q0	231936#0	0
2385	Q0	193916#0	0
2385	Q0	48710#0	0
2385	Q0	19655#4	0
2385	Q0	16084#9	0
2386	Q0	12853#12	1
2386	Q0	12853#0	1
2386	Q0	12853#1	1
2386	Q0	33176#132	0
2386	Q0	12853#19	0
2386	Q0	12853#24	0
2386	Q0	12853#14	0
2386	Q0	4526#19	0
2386	Q0	12853#11	0
2386	Q0	54469#1	0
2387	Q0	6024#9	1
2387	Q0	21291#3	1
2387	Q0	6024#0	1
2387	Q0	43399#1	1
2387	Q0	13#4	1
2387	Q0	752#82	0
2387	Q0	752#87	0
2387	Q0	21291#22	0
2387	Q0	4507#21	0
2387	Q0	21291#27	0
2388	Q0	11896#24	1
2388	Q0	87809#1	1
2388	Q0	186023#14	0
2388	Q0	292162#0	0
2388	Q0	769#1	0
2388	Q0	2158423#1	0
2388	Q0	20337#9	0
2388	Q0	41820#13	0
2388	Q0	413211#30	0
2388	Q0	284604#0	0
2389	Q0	45610#11	1
2389	Q0	45610#20	1
2389	Q0	261259#2	1
2389	Q0	334779#0	1
2389	Q0	45610#12	1
2389	Q0	45610#0	1
2389	Q0	261263#5	1
2389	Q0	442971#4	1
2390	Q0	3468#0	1
2390	Q0	16366#0	1
2390	Q0	4768#0	1
2390	Q0	4792#0	1
2390	Q0	3468#1	0
2390	Q0	4781#0	0
2390	Q0	4776#0	0
2390	Q0	4932#0	0
2390	Q0	4767#0	0
2390	Q0	4759#12	0
2393	Q0	235184#2	1
2393	Q0	199748#4	1
2393	Q0	199748#1	1
2393	Q0	199748#0	1
2393	Q0	235184#5	0
2393	Q0	263601#10	0
2393	Q0	123052#3	0
2393	Q0	353818#0	0
2393	Q0	263601#64	0
2393	Q0	4436#5	0
2394	Q0	45540#0	1
2394	Q0	45540#2	1
2394	Q0	45540#45	1
2394	Q0	45540#48	1
2394	Q0	45540#41	1
2394	Q0	33176#134	0
2394	Q0	45540#23	0
2394	Q0	45540#6	0
2394	Q0	33176#1	0
2394	Q0	33176#112	0
2396	Q0	109415#2	1
2396	Q0	109415#3	1
2396	Q0	111548#2	1
2396	Q0	91389#0	0
2396	Q0	359825#6	0
2396	Q0	109476#0	0
2396	Q0	312912#1	0
2396	Q0	109415#14	0
2396	Q0	331278#1	0
2396	Q0	26148#43	0
2399	Q0	6824#1	1
2399	Q0	36348#0	1
2399	Q0	211127#18	1
2399	Q0	18812#3	1
2399	Q0	3493#70	0
2399	Q0	6824#13	0
2399	Q0	50223#4	0
2399	Q0	6778#33	0
2399	Q0	197093#5	0
2399	Q0	103179#19	0
2399	Q0	776347#0	0
2399	Q0	776347#11	0
2399	Q0	776347#31	0
2400	Q0	16849#0	1
2400	Q0	109100#6	1
2400	Q0	105206#23	1
2400	Q0	211490#8	1
2400	Q0	211490#66	1
2400	Q0	160482#4	0
2400	Q0	78480#8	0
2400	Q0	16849#24	0
2400	Q0	211490#15	0
2400	Q0	160482#6	0
2405	Q0	4265#4	1
2405	Q0	89570#2	1
2405	Q0	1549315#1	1
2405	Q0	6760#40	0
2405	Q0	84#23	0
2405	Q0	420720#3	0
2405	Q0	84#25	0
2405	Q0	384275#0	0
2405	Q0	353142#0	0
2405	Q0	202888#14	0
2405	Q0	435359#31	0
2405	Q0	1549315#0	0
2406	Q0	17476#31	1
2406	Q0	375896#1	1
2406	Q0	2129382#2	1
2406	Q0	89455#3	0
2406	Q0	89455#40	0
2406	Q0	768#1	0
2406	Q0	240868#19	0
2406	Q0	4599#4	0
2406	Q0	18922#6	0
2406	Q0	30268#1	0
2407	Q0	38531#15	1
2407	Q0	165775#1	1
2407	Q0	285661#41	1
2407	Q0	6778#21	0
2407	Q0	285661#37	0
2407	Q0	6778#17	0
2407	Q0	285661#33	0
2407	Q0	11438#2	0
2407	Q0	3549#19	0
2407	Q0	154941#18	0
2408	Q0	335410#2	1
2408	Q0	84689#4	0
2408	Q0	232896#2	0
2408	Q0	317928#1	0
2408	Q0	233910#0	0
2408	Q0	315295#1	0
2408	Q0	335410#4	0
2408	Q0	331602#5	0
2408	Q0	7879#2	0
2408	Q0	263147#0	0
2410	Q0	13705#3	1
2410	Q0	27284#1	0
2410	Q0	250045#5	0
2410	Q0	289962#1	0
2410	Q0	35270#3	0
2410	Q0	259424#5	0
2410	Q0	3493#97	0
2410	Q0	13705#10	0
2410	Q0	252375#0	0
2410	Q0	14929#1	0
2411	Q0	35218#3	1
2411	Q0	15171#1	1
2411	Q0	373060#0	0
2411	Q0	10579#0	0
2411	Q0	15171#7	0
2411	Q0	90358#262	0
2411	Q0	245448#13	0
2411	Q0	15171#4	0
2411	Q0	15171#3	0
2411	Q0	15171#10	0
2412	Q0	56592#1	1
2412	Q0	217819#0	0
2412	Q0	246828#0	0
2412	Q0	311727#0	0
2412	Q0	13267#34	0
2412	Q0	291825#0	0
2412	Q0	221445#0	0
2412	Q0	291747#1	0
2412	Q0	263605#0	0
2412	Q0	838#17	0
2413	Q0	12155#0	1
2413	Q0	31866#30	1
2413	Q0	318767#0	1
2413	Q0	226064#0	1
2413	Q0	12155#2	0
2413	Q0	12155#3	0
2413	Q0	4060#15	0
2413	Q0	63599#36	0
2413	Q0	274149#1	0
2413	Q0	211535#12	0
2414	Q0	38312#0	1
2414	Q0	38312#4	1
2414	Q0	217330#8	1
2414	Q0	38312#15	0
2414	Q0	38312#10	0
2414	Q0	38312#13	0
2414	Q0	38312#16	0
2414	Q0	38312#6	0
2414	Q0	38312#17	0
2414	Q0	38312#3	0
2415	Q0	4039#2	1
2415	Q0	4039#24	1
2415	Q0	4041#0	0
2415	Q0	4039#14	0
2415	Q0	4812#0	0
2415	Q0	6721#2	0
2415	Q0	4044#0	0
2415	Q0	4812#14	0
2415	Q0	4044#50	0
2415	Q0	4039#29	0
2416	Q0	103121#0	1
2416	Q0	103121#7	1
2416	Q0	10924#6	1
2416	Q0	103121#3	1
2416	Q0	10924#57	0
2416	Q0	103121#4	0
2416	Q0	757#80	0
2416	Q0	103121#14	0
2416	Q0	103121#18	0
2416	Q0	18505#3	0
2418	Q0	353074#0	1
2418	Q0	4660#11	1
2418	Q0	212334#2	0
2418	Q0	1018#7	0
2418	Q0	725110#1	0
2418	Q0	6463#43	0
2418	Q0	127802#2	0
2418	Q0	127802#1	0
2418	Q0	181104#4	0
2418	Q0	207846#1	0
2420	Q0	268319#11	1
2420	Q0	268319#5	1
2420	Q0	268319#14	0
2420	Q0	336661#12	0
2420	Q0	268319#7	0
2420	Q0	268319#1	0
2420	Q0	268319#2	0
2420	Q0	268319#8	0
2420	Q0	268319#9	0
2420	Q0	268319#6	0
2421	Q0	336890#6	1
2421	Q0	336890#2	1
2421	Q0	336909#3	0
2421	Q0	16835#31	0
2421	Q0	16835#27	0
2421	Q0	16835#36	0
2421	Q0	336890#13	0
2421	Q0	336890#3	0
2421	Q0	336890#9	0
2421	Q0	16835#37	0
2422	Q0	150234#0	1
2422	Q0	150234#3	1
2422	Q0	150234#1	0
2422	Q0	150234#4	0
2422	Q0	150234#9	0
2422	Q0	150234#6	0
2422	Q0	150234#2	0
2422	Q0	150234#8	0
2422	Q0	150234#5	0
2422	Q0	150234#10	0
2423	Q0	16162#0	1
2423	Q0	16162#26	0
2423	Q0	16162#25	0
2423	Q0	16162#17	0
2423	Q0	16162#28	0
2423	Q0	155083#12	0
2423	Q0	158532#12	0
2423	Q0	16162#22	0
2423	Q0	16162#27	0
2423	Q0	16162#2	0
2424	Q0	178176#0	1
2424	Q0	347191#0	0
2424	Q0	204012#0	0
2424	Q0	104059#1	0
2424	Q0	25730#0	0
2424	Q0	84490#13	0
2424	Q0	100030#0	0
2424	Q0	84490#18	0
2424	Q0	185743#0	0
2424	Q0	24181#2	0
2425	Q0	81727#0	1
2425	Q0	81727#1	0
2425	Q0	107316#31	0
2425	Q0	81789#2	0
2425	Q0	81727#9	0
2425	Q0	81727#13	0
2425	Q0	81727#3	0
2425	Q0	81727#10	0
2425	Q0	81727#2	0
2425	Q0	81727#12	0
2427	Q0	14127#3	1
2427	Q0	14127#8	1
2427	Q0	140161#1	0
2427	Q0	46501#15	0
2427	Q0	838#17	0
2427	Q0	2722380#16	0
2427	Q0	216897#0	0
2427	Q0	337676#2	0
2427	Q0	203285#4	0
2427	Q0	147299#0	0
2427	Q0	63649#6	0
2427	Q0	203285#12	0
2429	Q0	52952#2	1
2429	Q0	176269#0	0
2429	Q0	180985#0	0
2429	Q0	176269#5	0
2429	Q0	176350#0	0
2429	Q0	52952#1	0
2429	Q0	52952#0	0
2429	Q0	22727#0	0
2429	Q0	56856#1	0
2429	Q0	272386#3	0
2431	Q0	117479#2	1
2431	Q0	34#2	1
2431	Q0	111354#0	1
2431	Q0	34#0	1
2431	Q0	34#9	1
2431	Q0	34#1	1
2431	Q0	117479#0	1
2431	Q0	34#4	1
2431	Q0	34#5	0
2431	Q0	34#3	0
2432	Q0	69008#16	1
2432	Q0	199278#0	1
2432	Q0	69008#13	1
2432	Q0	69008#33	1
2432	Q0	403871#0	1
2432	Q0	395250#6	1
2432	Q0	211490#3	1
2432	Q0	69008#11	1
2432	Q0	69008#0	1
2432	Q0	69008#10	1
2432	Q0	69008#25	1
2432	Q0	69008#1	0
2432	Q0	379734#1	0
2432	Q0	69008#31	0
2432	Q0	69008#12	0
2433	Q0	30255#0	1
2433	Q0	52103#0	1
2433	Q0	120458#7	1
2433	Q0	709#5	1
2433	Q0	690#4	1
2433	Q0	352107#0	0
2433	Q0	690#32	0
2433	Q0	690#1	0
2433	Q0	709#58	0
2433	Q0	690#38	0
2433	Q0	397461#2	0
2433	Q0	690#3	0
2434	Q0	202928#3	1
2434	Q0	67764#7	1
2434	Q0	243426#0	1
2434	Q0	210351#2	1
2434	Q0	40030#6	1
2434	Q0	53114#71	0
2434	Q0	132323#2	0
2434	Q0	92514#0	0
2434	Q0	54443#18	0
2434	Q0	72690#2	0
2435	Q0	4524#0	1
2435	Q0	62205#0	0
2435	Q0	4398#1	0
2435	Q0	37415#0	0
2435	Q0	4524#5	0
2435	Q0	4524#6	0
2435	Q0	109492#0	0
2435	Q0	109495#0	0
2435	Q0	37402#0	0
2435	Q0	109498#0	0
2436	Q0	20409#18	1
2436	Q0	6076#11	1
2436	Q0	6076#0	1
2436	Q0	36761#2	0
2436	Q0	36761#6	0
2436	Q0	6076#33	0
2436	Q0	6076#51	0
2436	Q0	6076#16	0
2436	Q0	6076#13	0
2436	Q0	16136#6	0
2436	Q0	7071#7	0
2436	Q0	6076#38	0
2436	Q0	6076#31	0
2437	Q0	9509#0	1
2437	Q0	1041#9	1
2437	Q0	9509#12	1
2437	Q0	9509#3	1
2437	Q0	9509#1	1
2437	Q0	318200#7	1
2437	Q0	9509#11	1
2437	Q0	331778#1	0
2437	Q0	1041#32	0
2437	Q0	9509#4	0
2437	Q0	1041#86	0
2438	Q0	315652#0	1
2438	Q0	368118#2	0
2438	Q0	43139#2	0
2438	Q0	4413#190	0
2438	Q0	315652#1	0
2438	Q0	315652#2	0
2438	Q0	240526#0	0
2438	Q0	396057#0	0
2438	Q0	245517#0	0
2438	Q0	3399#0	0
2440	Q0	339332#0	1
2440	Q0	265458#2	0
2440	Q0	265458#1	0
2440	Q0	265458#4	0
2440	Q0	265458#5	0
2440	Q0	151005#3	0
2440	Q0	265458#3	0
2440	Q0	265458#8	0
2440	Q0	147225#7	0
2440	Q0	266794#2	0
2441	Q0	3468#10	1
2441	Q0	3468#11	1
2441	Q0	3468#0	0
2441	Q0	4776#0	0
2441	Q0	4772#8	0
2441	Q0	4765#3	0
2441	Q0	13659#4	0
2441	Q0	335933#1	0
2441	Q0	3468#7	0
2441	Q0	3468#6	0
2443	Q0	12848#0	1
2443	Q0	74123#0	1
2443	Q0	145059#0	1
2443	Q0	3882#2	0
2443	Q0	227484#0	0
2443	Q0	12824#3	0
2443	Q0	2635#12	0
2443	Q0	428687#0	0
2443	Q0	10730#12	0
2443	Q0	4522#0	0
2448	Q0	1125#0	1
2448	Q0	1125#1	1
2448	Q0	161078#0	1
2448	Q0	133139#2	1
2448	Q0	21219#4	0
2448	Q0	157096#1	0
2448	Q0	3562#0	0
2448	Q0	21219#0	0
2448	Q0	185673#2	0
2448	Q0	21219#81	0
2449	Q0	3942#11	1
2449	Q0	15362#0	0
2449	Q0	246456#0	0
2449	Q0	24535#0	0
2449	Q0	15362#11	0
2449	Q0	15362#2	0
2449	Q0	39423#4	0
2449	Q0	15362#8	0
2449	Q0	3942#53	0
2449	Q0	3942#21	0
2450	Q0	236855#5	1
2450	Q0	236855#11	1
2450	Q0	34621#7	0
2450	Q0	145225#6	0
2450	Q0	322479#17	0
2450	Q0	21219#77	0
2450	Q0	154822#1	0
2450	Q0	50687#9	0
2450	Q0	236855#7	0
2450	Q0	364720#0	0
2451	Q0	31652#7	1
2451	Q0	31652#2	1
2451	Q0	31652#3	1
2451	Q0	31652#9	0
2451	Q0	31652#15	0
2451	Q0	31652#11	0
2451	Q0	31652#17	0
2451	Q0	31652#8	0
2451	Q0	31652#0	0
2451	Q0	31652#10	0
2452	Q0	116756#2	1
2452	Q0	116756#0	1
2452	Q0	116756#1	1
2452	Q0	10627#21	1
2452	Q0	3300#7	1
2452	Q0	40243#0	0
2452	Q0	10627#65	0
2452	Q0	232352#44	0
2452	Q0	16460#5	0
2452	Q0	3300#6	0
2453	Q0	315622#2	1
2453	Q0	158529#0	1
2453	Q0	13765#53	1
2453	Q0	15247#6	1
2453	Q0	151537#13	1
2453	Q0	126522#40	1
2453	Q0	319064#1	0
2453	Q0	442736#4	0
2453	Q0	34881#7	0
2453	Q0	9630#21	0
2455	Q0	153624#0	1
2455	Q0	130167#4	1
2455	Q0	76899#0	0
2455	Q0	21873#0	0
2455	Q0	153098#0	0
2455	Q0	153153#0	0
2455	Q0	405528#0	0
2455	Q0	153687#0	0
2455	Q0	56564#0	0
2455	Q0	57330#0	0
2456	Q0	2492526#2	1
2456	Q0	316914#0	0
2456	Q0	208510#4	0
2456	Q0	379034#3	0
2456	Q0	134443#30	0
2456	Q0	1072#2	0
2456	Q0	120504#0	0
2456	Q0	320304#26	0
2456	Q0	375196#1	0
2456	Q0	61381#5	0
2458	Q0	6750#1	1
2458	Q0	281284#0	1
2458	Q0	92720#1	1
2458	Q0	6750#16	0
2458	Q0	6750#17	0
2458	Q0	6750#3	0
2458	Q0	234623#6	0
2458	Q0	22537#2	0
2458	Q0	21050#21	0
2458	Q0	34552#3	0
2459	Q0	36960#0	1
2459	Q0	129233#0	1
2459	Q0	40251#0	1
2459	Q0	36960#3	1
2459	Q0	239388#7	0
2459	Q0	129233#23	0
2459	Q0	36782#8	0
2459	Q0	6778#28	0
2459	Q0	129233#7	0
2459	Q0	129233#19	0
2460	Q0	278230#0	1
2460	Q0	271902#1	0
2460	Q0	271902#0	0
2460	Q0	271907#0	0
2460	Q0	226263#0	0
2460	Q0	226263#1	0
2460	Q0	390686#2	0
2460	Q0	259159#0	0
2460	Q0	226263#3	0
2460	Q0	416077#2	0
2461	Q0	1013859#0	1
2461	Q0	1013859#14	1
2461	Q0	1013859#2	1
2461	Q0	1013859#5	1
2461	Q0	425886#0	0
2461	Q0	340202#2	0
2461	Q0	56443#1	0
2461	Q0	315736#0	0
2461	Q0	320547#3	0
2461	Q0	121664#5	0
2461	Q0	4053#34	0
2461	Q0	153985#1	0
2461	Q0	61110#8	0
2461	Q0	369655#1	0
2461	Q0	1013859#1	0
2461	Q0	1013859#8	0
2462	Q0	833#4	1
2462	Q0	752#24	1
2462	Q0	833#0	1
2462	Q0	752#25	0
2462	Q0	752#0	0
2462	Q0	752#9	0
2462	Q0	6680#0	0
2462	Q0	6679#0	0
2462	Q0	6034#12	0
2462	Q0	8338#7	0
2464	Q0	16798#0	1
2464	Q0	434116#0	1
2464	Q0	434116#4	1
2464	Q0	5570#6	0
2464	Q0	434116#5	0
2464	Q0	16798#10	0
2464	Q0	16798#15	0
2464	Q0	16798#24	0
2464	Q0	5431#42	0
2464	Q0	13855#2	0
2465	Q0	351489#0	1
2465	Q0	153899#13	1
2465	Q0	351492#3	1
2465	Q0	3356#1	0
2465	Q0	81282#0	0
2465	Q0	226434#0	0
2465	Q0	339949#0	0
2465	Q0	243585#0	0
2465	Q0	283365#0	0
2465	Q0	28818#4	0
2466	Q0	6317#3	1
2466	Q0	338233#0	1
2466	Q0	187448#1	0
2466	Q0	79370#1	0
2466	Q0	7413#1	0
2466	Q0	153337#1	0
2466	Q0	153944#0	0
2466	Q0	17014#1	0
2466	Q0	394859#0	0
2466	Q0	16916#2	0
2469	Q0	269586#29	1
2469	Q0	336726#4	0
2469	Q0	336726#7	0
2469	Q0	336726#8	0
2469	Q0	336726#3	0
2469	Q0	336726#9	0
2469	Q0	331278#1	0
2469	Q0	13159#2	0
2469	Q0	127947#1	0
2469	Q0	3178#17	0
2470	Q0	5534#4	1
2470	Q0	31624#1	1
2470	Q0	5534#8	1
2470	Q0	5534#5	1
2470	Q0	5534#0	0
2470	Q0	5534#9	0
2470	Q0	5534#10	0
2470	Q0	5534#7	0
2470	Q0	12976#4	0
2470	Q0	5534#3	0
2471	Q0	110760#1	1
2471	Q0	23755#6	1
2471	Q0	87804#14	0
2471	Q0	110760#0	0
2471	Q0	222330#15	0
2471	Q0	222330#1	0
2471	Q0	274126#7	0
2471	Q0	838#17	0
2471	Q0	81282#0	0
2471	Q0	1013095#2	0
2472	Q0	67392#1	1
2472	Q0	12047#43	1
2472	Q0	3927#0	0
2472	Q0	38811#1	0
2472	Q0	370945#28	0
2472	Q0	224860#2	0
2472	Q0	22530#22	0
2472	Q0	25087#5	0
2472	Q0	143056#10	0
2472	Q0	226173#16	0
2474	Q0	35361#0	1
2474	Q0	74706#10	1
2474	Q0	402681#0	0
2474	Q0	838#17	0
2474	Q0	4106#2	0
2474	Q0	2495398#41	0
2474	Q0	346728#1	0
2474	Q0	192060#0	0
2474	Q0	255816#0	0
2474	Q0	136071#0	0
2475	Q0	274420#0	1
2475	Q0	239327#0	1
2475	Q0	412835#1	1
2475	Q0	342091#1	1
2475	Q0	4796#9	1
2475	Q0	148244#9	1
2475	Q0	785#28	0
2475	Q0	4796#28	0
2475	Q0	55145#3	0
2475	Q0	4796#27	0
2476	Q0	3086#2	1
2476	Q0	3086#31	1
2476	Q0	3086#24	1
2476	Q0	328972#1	1
2476	Q0	194488#2	1
2476	Q0	3086#35	0
2476	Q0	3086#33	0
2476	Q0	3086#32	0
2476	Q0	106809#0	0
2476	Q0	28130#5	0
2477	Q0	143890#6	1
2477	Q0	1018#14	0
2477	Q0	81282#0	0
2477	Q0	84608#0	0
2477	Q0	55527#1	0
2477	Q0	226434#0	0
2477	Q0	190851#8	0
2477	Q0	317199#3	0
2477	Q0	55380#0	0
2477	Q0	180641#2	0
2478	Q0	371796#4	1
2478	Q0	274141#0	1
2478	Q0	75874#1	1
2478	Q0	75874#3	0
2478	Q0	75874#0	0
2478	Q0	12976#7	0
2478	Q0	19022#1	0
2478	Q0	197706#4	0
2478	Q0	378673#4	0
2478	Q0	4419#68	0
2479	Q0	305339#1	1
2479	Q0	209837#7	1
2479	Q0	336726#10	1
2479	Q0	203417#1	1
2479	Q0	2082977#5	1
2479	Q0	2082977#20	1
2479	Q0	208605#1	0
2479	Q0	442804#1	0
2479	Q0	197810#2	0
2479	Q0	10627#61	0
2479	Q0	37148#11	0
2479	Q0	276926#1	0
2482	Q0	152547#2	1
2482	Q0	152547#8	1
2482	Q0	152547#49	1
2482	Q0	152547#55	1
2482	Q0	152547#0	1
2482	Q0	184702#2	0
2482	Q0	184335#1	0
2482	Q0	184335#3	0
2482	Q0	184335#0	0
2482	Q0	184702#0	0
2482	Q0	152547#5	0
2482	Q0	152547#4	0
2483	Q0	81984#0	1
2483	Q0	80764#5	1
2483	Q0	81984#15	0
2483	Q0	81984#3	0
2483	Q0	81984#6	0
2483	Q0	81984#38	0
2483	Q0	6861#27	0
2483	Q0	6861#25	0
2483	Q0	81984#5	0
2483	Q0	340185#7	0
2484	Q0	18194#7	1
2484	Q0	339989#3	1
2484	Q0	2437176#0	1
2484	Q0	2437176#2	1
2484	Q0	232102#7	0
2484	Q0	348067#16	0
2484	Q0	48923#1	0
2484	Q0	121240#3	0
2484	Q0	13157#12	0
2484	Q0	161491#8	0
2484	Q0	401727#3	0
2484	Q0	39152#13	0
2485	Q0	75905#0	1
2485	Q0	75905#51	0
2485	Q0	75905#22	0
2485	Q0	75905#12	0
2485	Q0	75905#40	0
2485	Q0	75905#49	0
2485	Q0	75905#44	0
2485	Q0	75905#16	0
2485	Q0	75905#10	0
2485	Q0	75905#5	0
2486	Q0	35877#34	1
2486	Q0	6754#1	1
2486	Q0	35877#36	1
2486	Q0	14127#8	1
2486	Q0	125681#26	0
2486	Q0	8946#4	0
2486	Q0	440676#2	0
2486	Q0	54829#0	0
2486	Q0	30985#1	0
2486	Q0	227376#2	0
2487	Q0	262009#33	1
2487	Q0	13198#19	1
2487	Q0	22742#22	0
2487	Q0	22742#39	0
2487	Q0	276896#1	0
2487	Q0	22742#21	0
2487	Q0	44#50	0
2487	Q0	3998#42	0
2487	Q0	6459#2	0
2488	Q0	13263#1	1
2488	Q0	240868#91	1
2488	Q0	13263#0	1
2488	Q0	13263#51	0
2488	Q0	13263#133	0
2488	Q0	245947#0	0
2488	Q0	13263#119	0
2488	Q0	27982#23	0
2488	Q0	13263#2	0
2488	Q0	13263#91	0
2489	Q0	5431#0	1
2489	Q0	4076#0	0
2489	Q0	4120#0	0
2489	Q0	54474#0	0
2489	Q0	58805#0	0
2489	Q0	4133#3	0
2489	Q0	784#0	0
2489	Q0	5431#18	0
2489	Q0	4107#0	0
2489	Q0	50#29	0
2490	Q0	833225#1	1
2490	Q0	128580#1	0
2490	Q0	284512#0	0
2490	Q0	128797#0	0
2490	Q0	61036#1	0
2490	Q0	42425#20	0
2490	Q0	3322#1	0
2490	Q0	404383#3	0
2490	Q0	29524#6	0
2490	Q0	60650#3	0
2491	Q0	35648#9	1
2491	Q0	285661#7	1
2491	Q0	296207#1	0
2491	Q0	8598#0	0
2491	Q0	176100#15	0
2491	Q0	285661#25	0
2491	Q0	136115#1	0
2491	Q0	104145#3	0
2491	Q0	363394#1	0
2491	Q0	19003#28	0
2492	Q0	302408#39	1
2492	Q0	105927#8	1
2492	Q0	11349#12	1
2492	Q0	51387#1	1
2492	Q0	24555#3	0
2492	Q0	33369#2	0
2492	Q0	61381#78	0
2492	Q0	302408#69	0
2492	Q0	843#7	0
2492	Q0	32310#17	0
2493	Q0	369040#13	1
2493	Q0	112367#4	1
2493	Q0	112367#2	1
2493	Q0	112367#6	1
2493	Q0	112367#11	1
2493	Q0	112367#3	1
2493	Q0	1030#0	1
2493	Q0	112367#0	1
2493	Q0	112367#5	1
2493	Q0	112367#9	0
2494	Q0	3337#3	1
2494	Q0	1881645#0	1
2494	Q0	188577#14	0
2494	Q0	61759#11	0
2494	Q0	36548#6	0
2494	Q0	3399#0	0
2494	Q0	84608#0	0
2494	Q0	1881645#2	0
2494	Q0	81282#0	0
2494	Q0	226434#0	0
2494	Q0	287929#17	0
2494	Q0	1881645#1	0
2495	Q0	2474275#3	1
2495	Q0	290897#14	0
2495	Q0	401396#2	0
2495	Q0	216933#3	0
2495	Q0	408009#12	0
2495	Q0	340199#2	0
2495	Q0	190349#3	0
2495	Q0	3236#2	0
2495	Q0	339251#4	0
2495	Q0	48923#0	0
2496	Q0	30135#16	1
2496	Q0	3885#8	1
2496	Q0	69909#0	1
2496	Q0	116111#6	0
2496	Q0	117142#2	0
2496	Q0	109604#1	0
2496	Q0	33905#1	0
2496	Q0	30135#13	0
2496	Q0	30135#12	0
2496	Q0	280493#0	0
2497	Q0	236440#3	1
2497	Q0	240332#3	0
2497	Q0	66947#1	0
2497	Q0	236438#2	0
2497	Q0	24301#4	0
2497	Q0	149444#6	0
2497	Q0	149444#3	0
2497	Q0	66947#9	0
2497	Q0	20008#2	0
2497	Q0	248395#5	0
2499	Q0	199278#0	1
2499	Q0	39127#0	1
2499	Q0	211490#3	1
2499	Q0	17382#4	1
2499	Q0	121359#1	1
2499	Q0	466974#1	1
2499	Q0	466974#0	1
2499	Q0	403871#6	0
2499	Q0	395250#9	0
2499	Q0	69008#12	0
2499	Q0	379734#1	0
2499	Q0	17382#8	0
2500	Q0	82#65	1
2500	Q0	196435#3	1
2500	Q0	196435#0	0
2500	Q0	196435#2	0
2500	Q0	196435#11	0
2500	Q0	196435#4	0
2500	Q0	196435#12	0
2500	Q0	196435#23	0
2500	Q0	24373#2	0
2500	Q0	196435#25	0
2501	Q0	99983#0	1
2501	Q0	33176#107	1
2501	Q0	33176#112	1
2501	Q0	124032#4	1
2501	Q0	301350#1	1
2501	Q0	103179#1	1
2501	Q0	6#9	1
2501	Q0	45540#0	0
2501	Q0	30938#2	0
2501	Q0	45540#85	0
2502	Q0	210445#1	1
2502	Q0	210445#7	1
2502	Q0	3998#13	0
2502	Q0	161374#0	0
2502	Q0	817#38	0
2502	Q0	110218#1	0
2502	Q0	194373#6	0
2502	Q0	194373#9	0
2502	Q0	185736#8	0
2502	Q0	11375#0	0
2502	Q0	4790#12	0
2502	Q0	4057#10	0
2502	Q0	210445#0	0
2503	Q0	152547#49	1
2503	Q0	152547#10	0
2503	Q0	152547#8	0
2503	Q0	152547#0	0
2503	Q0	152547#55	0
2503	Q0	747#10	0
2503	Q0	152547#1	0
2503	Q0	152547#52	0
2503	Q0	4391#34	0
2503	Q0	12709#0	0
2504	Q0	225206#6	1
2504	Q0	225206#5	1
2504	Q0	225206#4	0
2504	Q0	30688#1	0
2504	Q0	30688#46	0
2504	Q0	396088#0	0
2504	Q0	30688#40	0
2504	Q0	30774#1	0
2504	Q0	3399#0	0
2504	Q0	216897#0	0
2505	Q0	45436#12	1
2505	Q0	354641#12	1
2505	Q0	217604#2	1
2505	Q0	331159#4	1
2505	Q0	5079#0	0
2505	Q0	36262#6	0
2505	Q0	30658#10	0
2505	Q0	14206#10	0
2505	Q0	829#0	0
2505	Q0	831#7	0
2506	Q0	201236#0	1
2506	Q0	201236#22	1
2506	Q0	201236#2	1
2506	Q0	201236#26	0
2506	Q0	201236#17	0
2506	Q0	201236#18	0
2506	Q0	201236#19	0
2506	Q0	201236#23	0
2506	Q0	201236#6	0
2506	Q0	201236#1	0
2507	Q0	44237#0	1
2507	Q0	200267#0	0
2507	Q0	44237#2	0
2507	Q0	48878#5	0
2507	Q0	1003#2	0
2507	Q0	44237#7	0
2507	Q0	838#17	0
2507	Q0	129804#1	0
2507	Q0	89144#1	0
2507	Q0	301357#6	0
2508	Q0	1041#23	1
2508	Q0	1041#5	0
2508	Q0	1041#0	0
2508	Q0	1041#62	0
2508	Q0	186967#13	0
2508	Q0	1041#53	0
2508	Q0	1041#13	0
2508	Q0	333390#0	0
2508	Q0	16800#0	0
2508	Q0	1041#20	0
2509	Q0	214364#1	1
2509	Q0	392775#0	0
2509	Q0	4468#5	0
2509	Q0	7801#10	0
2509	Q0	392775#6	0
2509	Q0	64056#0	0
2509	Q0	108064#0	0
2509	Q0	82297#13	0
2509	Q0	392775#4	0
2509	Q0	414132#0	0
2509	Q0	392775#1	0
2509	Q0	214364#0	0
2510	Q0	4396#22	1
2510	Q0	35364#0	1
2510	Q0	33176#146	1
2510	Q0	33176#117	0
2510	Q0	35364#1	0
2510	Q0	319148#4	0
2510	Q0	14110#11	0
2510	Q0	364570#0	0
2510	Q0	344640#0	0
2510	Q0	13088#10	0
2511	Q0	85983#0	1
2511	Q0	19081#29	0
2511	Q0	4642#0	0
2511	Q0	101772#0	0
2511	Q0	13016#0	0
2511	Q0	4426#15	0
2511	Q0	258960#0	0
2511	Q0	18612#21	0
2511	Q0	247144#0	0
2511	Q0	134687#0	0
2512	Q0	24449#4	1
2512	Q0	5380#12	1
2512	Q0	14156#6	1
2512	Q0	301350#1	1
2512	Q0	1020#5	1
2512	Q0	22751#4	0
2512	Q0	3493#1	0
2512	Q0	227887#54	0
2512	Q0	78760#10	0
2512	Q0	33176#143	0
2514	Q0	4483#5	1
2514	Q0	4483#8	1
2514	Q0	4483#0	1
2514	Q0	4483#6	0
2514	Q0	19833#25	0
2514	Q0	22212#9	0
2514	Q0	7896#26	0
2514	Q0	291991#1	0
2514	Q0	889#21	0
2514	Q0	11975#52	0
2515	Q0	786#23	1
2515	Q0	103179#0	0
2515	Q0	103179#9	0
2515	Q0	103179#8	0
2515	Q0	103179#4	0
2515	Q0	103179#39	0
2515	Q0	786#1	0
2515	Q0	103179#15	0
2515	Q0	103179#38	0
2515	Q0	103179#30	0
2516	Q0	22533#11	1
2516	Q0	17654#15	0
2516	Q0	4433#11	0
2516	Q0	4533#109	0
2516	Q0	127509#0	0
2516	Q0	3199#1	0
2516	Q0	183800#11	0
2516	Q0	4533#9	0
2516	Q0	152651#7	0
2516	Q0	23818#0	0
2517	Q0	135655#0	1
2517	Q0	135655#2	0
2517	Q0	135655#1	0
2517	Q0	12754#6	0
2517	Q0	198046#19	0
2517	Q0	283522#1	0
2517	Q0	135983#0	0
2517	Q0	283043#0	0
2517	Q0	4582#4	0
2517	Q0	395285#2	0
2518	Q0	13898#0	1
2518	Q0	396162#19	0
2518	Q0	223375#4	0
2518	Q0	30705#0	0
2518	Q0	59252#2	0
2518	Q0	222909#4	0
2518	Q0	12198#11	0
2518	Q0	215663#21	0
2518	Q0	27920#2	0
2518	Q0	13898#6	0
2519	Q0	12216#7	1
2519	Q0	33836#0	0
2519	Q0	12216#5	0
2519	Q0	4667#0	0
2519	Q0	109920#0	0
2519	Q0	4525#2	0
2519	Q0	39328#0	0
2519	Q0	12216#6	0
2519	Q0	12212#1	0
2519	Q0	12216#8	0
2520	Q0	7825#0	1
2520	Q0	7825#4	1
2520	Q0	7825#10	1
2520	Q0	7825#1	1
2520	Q0	7825#2	0
2520	Q0	7825#11	0
2520	Q0	7825#13	0
2520	Q0	7825#6	0
2520	Q0	7825#15	0
2520	Q0	7825#14	0
2522	Q0	335939#3	1
2522	Q0	145329#0	1
2522	Q0	6703#3	1
2522	Q0	54992#4	1
2522	Q0	4113#20	0
2522	Q0	4113#19	0
2522	Q0	4113#25	0
2522	Q0	6703#19	0
2522	Q0	336286#0	0
2522	Q0	4109#25	0
2523	Q0	12702#0	1
2523	Q0	126387#8	1
2523	Q0	46554#0	1
2523	Q0	12702#4	0
2523	Q0	190100#3	0
2523	Q0	13225#0	0
2523	Q0	4332#6	0
2523	Q0	22693#16	0
2523	Q0	12702#1	0
2523	Q0	8462#65	0
2524	Q0	3777#22	1
2524	Q0	202887#0	0
2524	Q0	3777#89	0
2524	Q0	43691#1	0
2524	Q0	3777#3	0
2524	Q0	3777#23	0
2524	Q0	4044#0	0
2524	Q0	3777#48	0
2524	Q0	4042#3	0
2524	Q0	132138#1	0
2528	Q0	4053#8	1
2528	Q0	12108#3	0
2528	Q0	4101#14	0
2528	Q0	202888#3	0
2528	Q0	11411#15	0
2528	Q0	20970#2	0
2528	Q0	376532#38	0
2528	Q0	4601#16	0
2528	Q0	32388#5	0
2528	Q0	39573#6	0
2529	Q0	143133#0	1
2529	Q0	143138#10	1
2529	Q0	321804#0	0
2529	Q0	6608#0	0
2529	Q0	180422#1	0
2529	Q0	233350#22	0
2529	Q0	70701#21	0
2529	Q0	72683#6	0
2529	Q0	239876#7	0
2529	Q0	87804#11	0
2530	Q0	101485#1	1
2530	Q0	101453#0	1
2530	Q0	101468#0	1
2530	Q0	101465#0	1
2530	Q0	101444#0	1
2530	Q0	101655#0	1
2530	Q0	101442#0	1
2530	Q0	101433#0	0
2530	Q0	101485#2	0
2530	Q0	101485#0	0
2531	Q0	15349#0	1
2531	Q0	7498#17	1
2531	Q0	77401#17	1
2531	Q0	132092#23	0
2531	Q0	77400#35	0
2531	Q0	7498#16	0
2531	Q0	132092#22	0
2531	Q0	132092#24	0
2531	Q0	77400#36	0
2531	Q0	15349#17	0
2534	Q0	58711#1	1
2534	Q0	58711#3	1
2534	Q0	3794#7	0
2534	Q0	81282#0	0
2534	Q0	1436346#4	0
2534	Q0	3164#21	0
2534	Q0	226434#0	0
2534	Q0	84608#0	0
2534	Q0	212607#0	0
2534	Q0	157096#1	0
2535	Q0	426098#7	1
2535	Q0	44840#0	0
2535	Q0	44840#28	0
2535	Q0	44840#11	0
2535	Q0	44840#18	0
2535	Q0	44840#13	0
2535	Q0	44840#21	0
2535	Q0	44840#24	0
2535	Q0	44840#23	0
2535	Q0	121520#15	0
2537	Q0	101772#0	1
2537	Q0	233378#22	1
2537	Q0	434984#10	1
2537	Q0	37082#0	1
2537	Q0	260374#0	0
2537	Q0	434984#8	0
2537	Q0	434984#6	0
2537	Q0	4441#15	0
2537	Q0	78403#9	0
2537	Q0	25998#13	0
2538	Q0	8335#3	1
2538	Q0	8335#0	1
2538	Q0	4403#28	0
2538	Q0	16424#0	0
2538	Q0	8337#0	0
2538	Q0	6342#1	0
2538	Q0	8334#1	0
2538	Q0	6095#0	0
2538	Q0	37169#2	0
2538	Q0	33801#1	0
2539	Q0	152547#1	1
2539	Q0	18235#2	1
2539	Q0	350183#0	0
2539	Q0	349631#0	0
2539	Q0	67188#0	0
2539	Q0	67025#0	0
2539	Q0	67035#0	0
2539	Q0	350017#0	0
2539	Q0	350049#0	0
2539	Q0	350091#0	0
2540	Q0	8578#0	1
2540	Q0	3160#35	1
2540	Q0	11972#68	1
2540	Q0	1611824#0	1
2540	Q0	1611824#1	1
2540	Q0	1611824#4	1
2540	Q0	3160#1	0
2540	Q0	26136#0	0
2540	Q0	187539#0	0
2540	Q0	14107#3	0
2540	Q0	363344#13	0
2540	Q0	3160#58	0
2540	Q0	123405#17	0
2540	Q0	1611824#3	0
2541	Q0	328421#1	1
2541	Q0	4571#0	1
2541	Q0	4419#48	0
2541	Q0	4571#25	0
2541	Q0	4489#2	0
2541	Q0	176297#1	0
2541	Q0	708#81	0
2541	Q0	30277#4	0
2541	Q0	2703#8	0
2541	Q0	4571#1	0
2543	Q0	16053#11	1
2543	Q0	16053#10	1
2543	Q0	44#60	0
2543	Q0	232787#57	0
2543	Q0	44#61	0
2543	Q0	232787#61	0
2543	Q0	8401#25	0
2543	Q0	30412#120	0
2543	Q0	232787#43	0
2543	Q0	348011#25	0
2544	Q0	69008#12	1
2544	Q0	199278#0	1
2544	Q0	69008#25	1
2544	Q0	403871#0	1
2544	Q0	69008#33	1
2544	Q0	69008#16	1
2544	Q0	69008#11	1
2544	Q0	69008#0	1
2544	Q0	69008#13	1
2544	Q0	69008#10	1
2544	Q0	69008#31	1
2544	Q0	403871#6	0
2544	Q0	395250#17	0
2544	Q0	379734#0	0
2544	Q0	339118#0	0
2544	Q0	69008#1	0
2545	Q0	22117#3	1
2545	Q0	181251#0	1
2545	Q0	16849#1	1
2545	Q0	22117#2	1
2545	Q0	16849#25	0
2545	Q0	16849#2	0
2545	Q0	16849#31	0
2545	Q0	105208#0	0
2545	Q0	16849#0	0
2545	Q0	16849#30	0
2546	Q0	2835#4	1
2546	Q0	2835#5	0
2546	Q0	22456#1	0
2546	Q0	2835#11	0
2546	Q0	2835#42	0
2546	Q0	46008#70	0
2546	Q0	2835#9	0
2546	Q0	2835#12	0
2546	Q0	2835#89	0
2546	Q0	2835#28	0
2548	Q0	302798#1	1
2548	Q0	31271#0	1
2548	Q0	11266#2	0
2548	Q0	240287#0	0
2548	Q0	69420#4	0
2548	Q0	204215#1	0
2548	Q0	45226#1	0
2548	Q0	37426#8	0
2548	Q0	55307#13	0
2548	Q0	37004#7	0
2550	Q0	65333#3	1
2550	Q0	10499#1	1
2550	Q0	65332#2	1
2550	Q0	10499#26	0
2550	Q0	85939#17	0
2550	Q0	838#17	0
2550	Q0	59239#139	0
2550	Q0	2153518#0	0
2550	Q0	402673#21	0
2550	Q0	85518#9	0
2551	Q0	12085#37	1
2551	Q0	14867#3	1
2551	Q0	29564#1	1
2551	Q0	29564#0	1
2551	Q0	9179#21	0
2551	Q0	9179#0	0
2551	Q0	92720#1	0
2551	Q0	349323#0	0
2551	Q0	133726#12	0
2551	Q0	22537#2	0
2551	Q0	9179#55	0
2552	Q0	2583590#7	1
2552	Q0	204495#2	0
2552	Q0	70019#1	0
2552	Q0	211794#5	0
2552	Q0	233350#8	0
2552	Q0	735#28	0
2552	Q0	226157#9	0
2552	Q0	27322#6	0
2552	Q0	197353#10	0
2552	Q0	226157#7	0
2557	Q0	2159967#2	1
2557	Q0	318224#1	0
2557	Q0	14028#55	0
2557	Q0	218556#13	0
2557	Q0	11975#69	0
2557	Q0	252918#19	0
2557	Q0	212342#1	0
2557	Q0	154780#11	0
2557	Q0	838#17	0
2557	Q0	204236#9	0
2558	Q0	211490#0	1
2558	Q0	16849#1	1
2558	Q0	16849#0	1
2558	Q0	211490#3	1
2558	Q0	22117#0	1
2558	Q0	22117#2	1
2558	Q0	22117#5	1
2558	Q0	22117#3	1
2558	Q0	22117#1	1
2558	Q0	22117#4	1
2558	Q0	211490#29	0
2558	Q0	211490#8	0
2558	Q0	206974#1	0
2558	Q0	211490#2	0
2558	Q0	105208#0	0
2558	Q0	211490#10	0
2560	Q0	315956#0	1
2560	Q0	331885#1	1
2560	Q0	352910#1	0
2560	Q0	288511#0	0
2560	Q0	287628#0	0
2560	Q0	315959#0	0
2560	Q0	352915#1	0
2560	Q0	327235#4	0
2560	Q0	34312#1	0
2560	Q0	60349#3	0
2561	Q0	32597#2	1
2561	Q0	15040#0	1
2561	Q0	199641#0	1
2561	Q0	32597#0	1
2561	Q0	32597#8	1
2561	Q0	265216#0	1
2561	Q0	32597#3	0
2561	Q0	144524#39	0
2561	Q0	32597#7	0
2561	Q0	32597#9	0
2563	Q0	444775#6	1
2563	Q0	838#17	0
2563	Q0	442577#9	0
2563	Q0	359456#0	0
2563	Q0	30985#1	0
2563	Q0	30268#1	0
2563	Q0	349296#5	0
2563	Q0	13999#10	0
2563	Q0	60934#0	0
2563	Q0	338023#0	0
2565	Q0	3020#25	1
2565	Q0	3020#80	1
2565	Q0	3020#71	1
2565	Q0	3020#85	1
2565	Q0	3020#18	1
2565	Q0	61463#0	0
2565	Q0	3020#9	0
2565	Q0	62592#0	0
2565	Q0	61463#2	0
2565	Q0	75864#0	0
2566	Q0	216954#4	1
2566	Q0	216954#1	1
2566	Q0	216954#34	1
2566	Q0	216954#16	0
2566	Q0	216954#7	0
2566	Q0	216954#43	0
2566	Q0	216954#46	0
2566	Q0	216954#59	0
2566	Q0	216954#36	0
2566	Q0	216954#37	0
2568	Q0	9179#0	1
2568	Q0	160617#1	1
2568	Q0	9179#45	1
2568	Q0	9179#11	0
2568	Q0	9179#43	0
2568	Q0	87760#6	0
2568	Q0	9179#81	0
2568	Q0	9179#3	0
2568	Q0	196800#0	0
2568	Q0	349315#0	0
2569	Q0	6363#1	1
2569	Q0	87637#29	0
2569	Q0	6363#3	0
2569	Q0	48254#0	0
2569	Q0	37861#0	0
2569	Q0	142115#0	0
2569	Q0	37778#0	0
2569	Q0	6363#4	0
2569	Q0	45693#0	0
2569	Q0	40302#0	0
2570	Q0	6276#2	1
2570	Q0	6276#40	1
2570	Q0	127449#71	1
2570	Q0	6276#41	0
2570	Q0	6276#61	0
2570	Q0	6276#47	0
2570	Q0	6276#55	0
2570	Q0	6276#9	0
2570	Q0	6276#57	0
2570	Q0	6276#44	0
2573	Q0	33159#14	1
2573	Q0	64751#4	1
2573	Q0	33159#3	0
2573	Q0	9588#13	0
2573	Q0	48152#3	0
2573	Q0	249789#2	0
2573	Q0	81197#2	0
2573	Q0	26615#3	0
2573	Q0	331278#1	0
2573	Q0	28244#2	0
2574	Q0	35427#19	1
2574	Q0	35427#14	1
2574	Q0	35427#17	0
2574	Q0	35427#21	0
2574	Q0	35427#10	0
2574	Q0	35427#0	0
2574	Q0	35427#20	0
2574	Q0	35427#12	0
2574	Q0	35427#18	0
2574	Q0	35427#16	0
2575	Q0	6728#0	1
2575	Q0	13855#4	1
2575	Q0	57986#0	0
2575	Q0	68#7	0
2575	Q0	57919#6	0
2575	Q0	145247#0	0
2575	Q0	4120#11	0
2575	Q0	20880#0	0
2575	Q0	229248#1	0
2575	Q0	4120#13	0
2578	Q0	37148#15	1
2578	Q0	26149#0	0
2578	Q0	11292#3	0
2578	Q0	302506#1	0
2578	Q0	37148#11	0
2578	Q0	37148#1	0
2578	Q0	37148#4	0
2578	Q0	37148#2	0
2578	Q0	334776#0	0
2578	Q0	206709#1	0
2579	Q0	13523#0	1
2579	Q0	110128#0	0
2579	Q0	106803#0	0
2579	Q0	13523#2	0
2579	Q0	66188#0	0
2579	Q0	13523#1	0
2579	Q0	138278#0	0
2579	Q0	13523#14	0
2579	Q0	4020#9	0
2579	Q0	13523#3	0
2581	Q0	6590#0	1
2581	Q0	22809#5	1
2581	Q0	724057#1	1
2581	Q0	22809#4	1
2581	Q0	3803#10	0
2581	Q0	81282#0	0
2581	Q0	226434#0	0
2581	Q0	84608#0	0
2581	Q0	204007#0	0
2581	Q0	244997#2	0
2581	Q0	2503269#2	0
2581	Q0	22809#1	0
2581	Q0	22809#0	0
2582	Q0	16798#23	1
2582	Q0	16798#20	1
2582	Q0	65804#1	0
2582	Q0	16798#24	0
2582	Q0	434116#0	0
2582	Q0	105190#1	0
2582	Q0	403767#2	0
2582	Q0	16798#19	0
2582	Q0	434116#8	0
2582	Q0	185380#1	0
2583	Q0	12702#0	1
2583	Q0	12702#1	0
2583	Q0	63541#5	0
2583	Q0	3759#14	0
2583	Q0	150962#10	0
2583	Q0	218231#13	0
2583	Q0	79306#6	0
2583	Q0	335410#13	0
2583	Q0	96845#10	0
2583	Q0	226103#98	0
2585	Q0	69502#0	1
2585	Q0	120035#0	0
2585	Q0	57580#0	0
2585	Q0	122547#0	0
2585	Q0	78874#0	0
2585	Q0	58887#0	0
2585	Q0	122486#0	0
2585	Q0	65907#0	0
2585	Q0	122485#0	0
2585	Q0	121478#0	0
2587	Q0	436183#0	1
2587	Q0	436183#6	0
2587	Q0	436183#1	0
2587	Q0	436183#3	0
2587	Q0	436183#4	0
2587	Q0	436183#2	0
2587	Q0	436183#11	0
2587	Q0	436183#16	0
2587	Q0	436183#8	0
2587	Q0	436183#14	0
2588	Q0	318986#10	1
2588	Q0	318986#0	0
2588	Q0	126634#36	0
2588	Q0	318966#1	0
2588	Q0	315632#2	0
2588	Q0	318991#9	0
2588	Q0	318968#15	0
2588	Q0	318968#3	0
2588	Q0	31397#3	0
2588	Q0	103900#11	0
2590	Q0	12539#38	1
2590	Q0	337117#2	0
2590	Q0	33176#98	0
2590	Q0	140274#0	0
2590	Q0	12216#16	0
2590	Q0	4589#12	0
2590	Q0	28778#0	0
2590	Q0	353757#18	0
2590	Q0	12539#48	0
2590	Q0	12539#3	0
2594	Q0	90343#2	1
2594	Q0	255648#0	0
2594	Q0	90343#1	0
2594	Q0	90343#7	0
2594	Q0	15435#8	0
2594	Q0	90343#5	0
2594	Q0	90343#13	0
2594	Q0	250115#4	0
2594	Q0	90343#16	0
2594	Q0	90343#15	0
2595	Q0	160437#0	1
2595	Q0	101313#12	1
2595	Q0	183327#0	1
2595	Q0	142715#15	1
2595	Q0	142715#0	0
2595	Q0	142715#9	0
2595	Q0	142715#12	0
2595	Q0	142715#2	0
2595	Q0	75143#0	0
2595	Q0	75143#14	0
2596	Q0	813674#0	1
2596	Q0	43627#43	0
2596	Q0	1053#8	0
2596	Q0	120508#1	0
2596	Q0	1053#0	0
2596	Q0	3803#10	0
2596	Q0	46008#100	0
2596	Q0	92512#0	0
2596	Q0	10429#52	0
2596	Q0	44990#2	0
2597	Q0	124537#6	1
2597	Q0	18215#0	1
2597	Q0	2635#1	0
2597	Q0	2635#22	0
2597	Q0	19430#12	0
2597	Q0	84#57	0
2597	Q0	11018#7	0
2597	Q0	84#55	0
2597	Q0	398335#0	0
2597	Q0	185380#1	0
2599	Q0	252247#1	1
2599	Q0	315612#2	1
2599	Q0	44440#1	0
2599	Q0	46657#0	0
2599	Q0	44693#0	0
2599	Q0	44442#13	0
2599	Q0	315604#19	0
2599	Q0	314567#2	0
2599	Q0	44442#12	0
2599	Q0	252247#10	0
2600	Q0	3766#20	1
2600	Q0	349537#4	1
2600	Q0	54453#3	1
2600	Q0	4172#14	1
2600	Q0	8575#0	1
2600	Q0	126624#1	1
2600	Q0	430691#16	0
2600	Q0	429205#11	0
2600	Q0	52850#0	0
2600	Q0	4204#0	0
2602	Q0	18525#13	1
2602	Q0	14000#8	1
2602	Q0	78820#48	1
2602	Q0	27284#1	1
2602	Q0	14000#3	1
2602	Q0	183590#1	0
2602	Q0	14000#4	0
2602	Q0	18525#2	0
2602	Q0	18525#1	0
2602	Q0	76349#63	0
2603	Q0	54239#0	1
2603	Q0	22072#1	0
2603	Q0	4057#0	0
2603	Q0	17924#6	0
2603	Q0	814#0	0
2603	Q0	6247#2	0
2603	Q0	31647#0	0
2603	Q0	17880#3	0
2603	Q0	17790#2	0
2603	Q0	263730#3	0
2604	Q0	9509#0	1
2604	Q0	318200#7	1
2604	Q0	36754#4	1
2604	Q0	9491#2	1
2604	Q0	1041#9	1
2604	Q0	9509#2	1
2604	Q0	9509#11	0
2604	Q0	12980#74	0
2604	Q0	12980#40	0
2604	Q0	9509#1	0
2605	Q0	62101#0	1
2605	Q0	6276#11	1
2605	Q0	6276#61	1
2605	Q0	6276#17	0
2605	Q0	6276#1	0
2605	Q0	6276#9	0
2605	Q0	6276#50	0
2605	Q0	6276#0	0
2605	Q0	6276#48	0
2605	Q0	6276#8	0
2606	Q0	14704#20	1
2606	Q0	12847#0	1
2606	Q0	3882#2	0
2606	Q0	365564#5	0
2606	Q0	93883#46	0
2606	Q0	149070#0	0
2606	Q0	227484#0	0
2606	Q0	12848#0	0
2606	Q0	2635#12	0
2609	Q0	3304#2	1
2609	Q0	3304#3	0
2609	Q0	3304#14	0
2609	Q0	3304#1	0
2609	Q0	146730#2	0
2609	Q0	196435#3	0
2609	Q0	323285#1	0
2609	Q0	755#14	0
2609	Q0	23753#1	0
2609	Q0	271050#4	0
2611	Q0	40254#0	1
2611	Q0	125349#9	0
2611	Q0	117872#6	0
2611	Q0	40254#2	0
2611	Q0	125349#11	0
2611	Q0	40254#12	0
2611	Q0	40254#6	0
2611	Q0	125349#34	0
2611	Q0	40254#3	0
2611	Q0	46698#3	0
2612	Q0	42132#1	1
2612	Q0	45540#56	1
2612	Q0	730#4	0
2612	Q0	28135#10	0
2612	Q0	36276#3	0
2612	Q0	341280#52	0
2612	Q0	35#1	0
2612	Q0	730#5	0
2612	Q0	341280#57	0
2612	Q0	266999#5	0
2613	Q0	401200#4	1
2613	Q0	358860#9	1
2613	Q0	378488#0	0
2613	Q0	147299#0	0
2613	Q0	3992#5	0
2613	Q0	251304#1	0
2613	Q0	4344#0	0
2613	Q0	207993#2	0
2613	Q0	20034#1	0
2613	Q0	32801#0	0
2614	Q0	258943#0	1
2614	Q0	140079#33	1
2614	Q0	21575#1	0
2614	Q0	18743#0	0
2614	Q0	258955#0	0
2614	Q0	4467#17	0
2614	Q0	27537#3	0
2614	Q0	4642#0	0
2614	Q0	13016#0	0
2614	Q0	101772#0	0
2615	Q0	1026#0	1
2615	Q0	1026#16	1
2615	Q0	255535#0	0
2615	Q0	304773#0	0
2615	Q0	335296#0	0
2615	Q0	1026#20	0
2615	Q0	1026#17	0
2615	Q0	255561#0	0
2615	Q0	1026#28	0
2615	Q0	255539#0	0
2616	Q0	2466977#1	1
2616	Q0	8780#11	0
2616	Q0	838#17	0
2616	Q0	96845#10	0
2616	Q0	243479#12	0
2616	Q0	25902#3	0
2616	Q0	226103#98	0
2616	Q0	51569#18	0
2616	Q0	63541#5	0
2616	Q0	3908#40	0
2618	Q0	128558#8	1
2618	Q0	411765#0	1
2618	Q0	65336#0	1
2618	Q0	110673#1	0
2618	Q0	110673#0	0
2618	Q0	39834#3	0
2618	Q0	128558#6	0
2618	Q0	128558#9	0
2618	Q0	442113#6	0
2618	Q0	3308#21	0
2620	Q0	431392#0	1
2620	Q0	116883#0	0
2620	Q0	22924#53	0
2620	Q0	193260#5	0
2620	Q0	22924#68	0
2620	Q0	22924#65	0
2623	Q0	7842#0	1
2623	Q0	7842#6	1
2623	Q0	7842#3	0
2623	Q0	7842#1	0
2623	Q0	7842#2	0
2623	Q0	7842#5	0
2623	Q0	372700#0	0
2623	Q0	13021#9	0
2623	Q0	211900#0	0
2623	Q0	49489#18	0
2624	Q0	101772#0	1
2624	Q0	235369#0	0
2624	Q0	4642#0	0
2624	Q0	258955#0	0
2624	Q0	258279#0	0
2624	Q0	3282#29	0
2624	Q0	14704#4	0
2624	Q0	176118#1	0
2624	Q0	4441#15	0
2624	Q0	258631#0	0
2625	Q0	6589#8	1
2625	Q0	291178#2	1
2625	Q0	316853#1	0
2625	Q0	43417#12	0
2625	Q0	331802#3	0
2625	Q0	104354#2	0
2625	Q0	11033#17	0
2625	Q0	80745#4	0
2625	Q0	63401#0	0
2625	Q0	196224#0	0
2626	Q0	20885#11	1
2626	Q0	7901#2	1
2626	Q0	3107#22	1
2626	Q0	7901#0	1
2626	Q0	3107#31	1
2626	Q0	3107#0	0
2626	Q0	83770#1	0
2626	Q0	3794#7	0
2626	Q0	3107#2	0
2626	Q0	3113#3	0
2627	Q0	23699#17	1
2627	Q0	22926#2	1
2627	Q0	22926#3	1
2627	Q0	22926#0	0
2627	Q0	58128#16	0
2627	Q0	264634#1	0
2627	Q0	106125#0	0
2627	Q0	281196#0	0
2627	Q0	385539#2	0
2627	Q0	177837#0	0
2628	Q0	4477#3	1
2628	Q0	13952#1	0
2628	Q0	252701#0	0
2628	Q0	4926#0	0
2628	Q0	4912#0	0
2628	Q0	286124#1	0
2628	Q0	4926#3	0
2628	Q0	126624#0	0
2628	Q0	4910#3	0
2628	Q0	251457#1	0
2629	Q0	439889#0	1
2629	Q0	10241#0	1
2629	Q0	10241#5	0
2629	Q0	10241#33	0
2629	Q0	10241#19	0
2629	Q0	10241#17	0
2629	Q0	10241#11	0
2629	Q0	10241#30	0
2629	Q0	10241#22	0
2629	Q0	10241#29	0
2630	Q0	4373#38	1
2630	Q0	295927#0	1
2630	Q0	21906#17	1
2630	Q0	295927#2	0
2630	Q0	295927#9	0
2630	Q0	4373#72	0
2630	Q0	3911#0	0
2630	Q0	295927#7	0
2630	Q0	4373#29	0
2630	Q0	4373#14	0
2631	Q0	3160#0	1
2631	Q0	8578#0	1
2631	Q0	3160#57	0
2631	Q0	1046#77	0
2631	Q0	757#53	0
2631	Q0	363344#2	0
2631	Q0	11972#67	0
2631	Q0	3640#6	0
2631	Q0	11972#24	0
2631	Q0	103571#1	0
2633	Q0	10815#1	1
2633	Q0	131189#12	1
2633	Q0	87532#4	0
2633	Q0	134443#30	0
2633	Q0	10815#2	0
2633	Q0	131189#16	0
2633	Q0	10815#3	0
2633	Q0	87532#7	0
2633	Q0	131189#0	0
2633	Q0	131189#9	0
2634	Q0	49826#8	1
2634	Q0	49826#1	1
2634	Q0	282071#2	1
2634	Q0	49826#5	1
2634	Q0	49826#10	0
2634	Q0	49826#11	0
2634	Q0	49826#9	0
2634	Q0	49826#29	0
2634	Q0	282071#5	0
2634	Q0	49826#15	0
2635	Q0	72240#5	1
2635	Q0	287225#2	1
2635	Q0	287225#1	1
2635	Q0	69601#48	0
2635	Q0	70116#1	0
2635	Q0	101818#2	0
2635	Q0	66876#5	0
2635	Q0	206870#5	0
2635	Q0	93999#2	0
2635	Q0	69601#43	0
2636	Q0	1026#16	1
2636	Q0	1026#0	0
2636	Q0	1026#28	0
2636	Q0	18976#1	0
2636	Q0	304773#0	0
2636	Q0	255535#0	0
2636	Q0	335296#0	0
2636	Q0	1026#17	0
2636	Q0	255550#0	0
2636	Q0	255561#0	0
2639	Q0	817#0	1
2639	Q0	157641#0	1
2639	Q0	4776#0	1
2639	Q0	231293#2	1
2639	Q0	940#0	0
2639	Q0	3468#0	0
2639	Q0	817#2	0
2639	Q0	817#12	0
2639	Q0	4767#0	0
2639	Q0	4765#14	0
2640	Q0	5570#3	1
2640	Q0	250208#6	0
2640	Q0	220116#0	0
2640	Q0	5570#6	0
2640	Q0	5570#12	0
2640	Q0	13855#9	0
2640	Q0	434116#0	0
2640	Q0	5570#0	0
2640	Q0	5570#2	0
2640	Q0	16798#11	0
2640	Q0	5570#5	0
2641	Q0	37125#1	1
2641	Q0	49#41	1
2641	Q0	2925#3	0
2641	Q0	85189#6	0
2641	Q0	2925#14	0
2641	Q0	19511#4	0
2641	Q0	19511#12	0
2641	Q0	3376#11	0
2641	Q0	232342#26	0
2641	Q0	34200#3	0
2642	Q0	288112#24	1
2642	Q0	413388#1	1
2642	Q0	3086#2	1
2642	Q0	106809#1	0
2642	Q0	412876#1	0
2642	Q0	413203#7	0
2642	Q0	253588#2	0
2642	Q0	193012#3	0
2642	Q0	3086#12	0
2642	Q0	3086#5	0
2643	Q0	175969#10	1
2643	Q0	175969#1	1
2643	Q0	175969#7	1
2643	Q0	175969#11	0
2643	Q0	175969#16	0
2643	Q0	175969#18	0
2643	Q0	175969#23	0
2643	Q0	175969#22	0
2643	Q0	175969#12	0
2643	Q0	175969#15	0
2644	Q0	299290#2	1
2644	Q0	73976#0	0
2644	Q0	151278#21	0
2644	Q0	64245#37	0
2644	Q0	291686#1	0
2644	Q0	248171#4	0
2644	Q0	211957#4	0
2644	Q0	2085829#0	0
2644	Q0	3324#8	0
2644	Q0	229380#0	0
2645	Q0	2961#10	1
2645	Q0	126634#10	1
2645	Q0	6098#15	1
2645	Q0	2961#3	0
2645	Q0	195693#17	0
2645	Q0	348144#7	0
2645	Q0	2961#9	0
2645	Q0	123922#4	0
2645	Q0	3025#26	0
2645	Q0	18205#14	0
2646	Q0	4462#3	1
2646	Q0	4462#4	1
2646	Q0	4650#1	1
2646	Q0	4462#1	1
2646	Q0	4462#0	1
2646	Q0	4462#8	0
2646	Q0	1003#2	0
2646	Q0	51353#1	0
2646	Q0	4462#5	0
2646	Q0	43636#3	0
2647	Q0	223253#4	1
2647	Q0	223253#3	1
2647	Q0	223253#5	1
2647	Q0	124713#6	0
2647	Q0	81282#0	0
2647	Q0	3803#9	0
2647	Q0	84608#0	0
2647	Q0	226434#0	0
2647	Q0	226425#0	0
2647	Q0	378443#1	0
2655	Q0	235775#27	1
2655	Q0	326160#4	1
2655	Q0	326160#5	1
2655	Q0	4531#6	0
2655	Q0	231057#11	0
2655	Q0	231057#1	0
2655	Q0	235775#1	0
2655	Q0	23379#23	0
2655	Q0	231057#26	0
2655	Q0	351008#4	0
2656	Q0	223486#7	1
2656	Q0	264634#1	0
2656	Q0	106125#0	0
2656	Q0	11533#2	0
2656	Q0	58128#16	0
2656	Q0	385539#2	0
2656	Q0	264634#0	0
2656	Q0	22930#1	0
2656	Q0	264634#3	0
2656	Q0	22926#0	0
2657	Q0	12395#0	1
2657	Q0	12395#11	1
2657	Q0	104304#9	1
2657	Q0	104304#0	0
2657	Q0	12395#10	0
2657	Q0	228023#10	0
2657	Q0	100985#5	0
2657	Q0	12395#4	0
2657	Q0	112396#0	0
2657	Q0	12395#8	0
2658	Q0	22429#0	1
2658	Q0	24751#0	0
2658	Q0	28740#0	0
2658	Q0	24750#0	0
2658	Q0	24749#0	0
2658	Q0	383593#3	0
2658	Q0	144163#1	0
2658	Q0	80842#0	0
2658	Q0	42986#0	0
2658	Q0	308922#0	0
2659	Q0	20052#22	1
2659	Q0	20052#0	1
2659	Q0	20052#4	0
2659	Q0	13103#6	0
2659	Q0	13103#5	0
2659	Q0	20052#16	0
2659	Q0	54271#28	0
2659	Q0	20052#18	0
2659	Q0	45116#9	0
2659	Q0	135310#8	0
2660	Q0	14276#0	1
2660	Q0	8810#0	0
2660	Q0	121194#0	0
2660	Q0	5382#2	0
2660	Q0	3794#7	0
2660	Q0	14276#2	0
2660	Q0	81282#0	0
2660	Q0	3803#9	0
2660	Q0	84608#0	0
2660	Q0	226434#0	0
2661	Q0	8287#1	1
2661	Q0	4448#0	1
2661	Q0	4448#12	0
2661	Q0	21787#0	0
2661	Q0	4449#17	0
2661	Q0	260292#0	0
2661	Q0	413304#0	0
2661	Q0	13795#0	0
2661	Q0	245111#0	0
2661	Q0	245115#0	0
2663	Q0	6153#37	1
2663	Q0	6153#38	1
2663	Q0	6153#1	0
2663	Q0	6153#39	0
2663	Q0	306952#8	0
2663	Q0	358084#17	0
2663	Q0	6153#47	0
2663	Q0	6153#0	0
2663	Q0	6153#42	0
2663	Q0	6153#29	0
2664	Q0	528053#12	1
2664	Q0	528053#1	1
2664	Q0	528053#17	1
2664	Q0	287929#19	0
2664	Q0	287929#17	0
2664	Q0	287929#6	0
2664	Q0	429495#3	0
2664	Q0	325761#2	0
2664	Q0	96952#31	0
2664	Q0	32305#12	0
2664	Q0	1018#15	0
2664	Q0	29587#8	0
2665	Q0	37148#1	1
2665	Q0	37148#15	1
2665	Q0	37148#2	0
2665	Q0	37148#11	0
2665	Q0	20727#55	0
2665	Q0	37148#10	0
2665	Q0	37148#4	0
2665	Q0	13224#1	0
2665	Q0	37148#14	0
2665	Q0	206709#1	0
2666	Q0	2589662#0	1
2666	Q0	217539#1	0
2666	Q0	217539#8	0
2666	Q0	61020#1	0
2666	Q0	3803#9	0
2666	Q0	61020#23	0
2666	Q0	440101#0	0
2666	Q0	61020#26	0
2666	Q0	21050#21	0
2666	Q0	270609#0	0
2667	Q0	216098#1	1
2667	Q0	32387#0	1
2667	Q0	12390#0	0
2667	Q0	261369#0	0
2667	Q0	51938#0	0
2667	Q0	331313#0	0
2667	Q0	5598#21	0
2667	Q0	325524#0	0
2667	Q0	80039#5	0
2667	Q0	45116#6	0
2670	Q0	21255#0	1
2670	Q0	11732#2	1
2670	Q0	4131#4	0
2670	Q0	21255#31	0
2670	Q0	21255#12	0
2670	Q0	232986#4	0
2670	Q0	21255#19	0
2670	Q0	11758#2	0
2670	Q0	11760#1	0
2670	Q0	21255#17	0
2671	Q0	23372#9	1
2671	Q0	23372#0	1
2671	Q0	23372#10	0
2671	Q0	23372#5	0
2671	Q0	23372#4	0
2671	Q0	23372#1	0
2671	Q0	22931#15	0
2671	Q0	23372#8	0
2671	Q0	22925#4	0
2671	Q0	838#17	0
2672	Q0	264634#1	1
2672	Q0	264634#0	1
2672	Q0	323224#0	1
2672	Q0	106125#0	0
2672	Q0	264634#4	0
2672	Q0	264634#3	0
2672	Q0	108052#3	0
2672	Q0	264634#8	0
2672	Q0	251866#0	0
2672	Q0	281196#0	0
2676	Q0	4518#3	1
2676	Q0	4561#24	1
2676	Q0	67041#0	0
2676	Q0	67046#0	0
2676	Q0	67047#0	0
2676	Q0	206608#0	0
2676	Q0	207742#0	0
2676	Q0	206578#0	0
2676	Q0	207692#0	0
2676	Q0	207395#0	0
2677	Q0	13156#1	1
2677	Q0	13156#0	1
2677	Q0	13156#2	0
2677	Q0	13156#18	0
2677	Q0	280716#1	0
2677	Q0	5146#5	0
2677	Q0	13156#10	0
2677	Q0	13156#17	0
2677	Q0	13156#6	0
2677	Q0	34680#4	0
2678	Q0	22117#0	1
2678	Q0	16849#25	1
2678	Q0	22117#2	0
2678	Q0	22117#1	0
2678	Q0	243312#0	0
2678	Q0	22117#5	0
2678	Q0	22117#3	0
2678	Q0	22117#4	0
2678	Q0	206974#0	0
2678	Q0	211490#3	0
2679	Q0	51143#0	1
2679	Q0	4082#0	0
2679	Q0	5431#26	0
2679	Q0	4120#0	0
2679	Q0	4147#0	0
2679	Q0	4138#0	0
2679	Q0	11012#22	0
2679	Q0	4108#0	0
2679	Q0	16759#0	0
2679	Q0	80291#0	0
2680	Q0	362651#10	1
2680	Q0	25914#32	1
2680	Q0	79190#1	1
2680	Q0	101896#4	0
2680	Q0	81080#2	0
2680	Q0	41124#1	0
2680	Q0	233350#22	0
2680	Q0	41124#10	0
2680	Q0	5075#8	0
2680	Q0	122726#0	0
2681	Q0	130215#1	1
2681	Q0	13377#6	0
2681	Q0	425892#3	0
2681	Q0	14099#3	0
2681	Q0	61759#59	0
2681	Q0	838#17	0
2681	Q0	33273#27	0
2681	Q0	130215#15	0
2681	Q0	64406#4	0
2681	Q0	82321#17	0
2682	Q0	184512#1	1
2682	Q0	184512#0	0
2682	Q0	184512#8	0
2682	Q0	196293#1	0
2682	Q0	381616#2	0
2682	Q0	7209#0	0
2682	Q0	184512#4	0
2682	Q0	302408#45	0
2682	Q0	72087#2	0
2682	Q0	291923#22	0
2684	Q0	12561#65	1
2684	Q0	140156#23	1
2684	Q0	140156#21	1
2684	Q0	12561#61	0
2684	Q0	12561#64	0
2684	Q0	12561#71	0
2684	Q0	140156#5	0
2684	Q0	12561#81	0
2684	Q0	140156#22	0
2684	Q0	140156#6	0
2685	Q0	12216#10	1
2685	Q0	12216#31	1
2685	Q0	12212#3	1
2685	Q0	25923#37	1
2685	Q0	12216#1	0
2685	Q0	26296#13	0
2685	Q0	12561#2	0
2685	Q0	12216#4	0
2685	Q0	12216#20	0
2685	Q0	12216#0	0
2686	Q0	33605#5	1
2686	Q0	57986#6	1
2686	Q0	57986#12	1
2686	Q0	57934#2	1
2686	Q0	57986#21	1
2686	Q0	57986#3	0
2686	Q0	57986#14	0
2686	Q0	57986#0	0
2686	Q0	57986#44	0
2686	Q0	347884#7	0
2687	Q0	13264#0	1
2687	Q0	13264#4	0
2687	Q0	13264#2	0
2687	Q0	13264#3	0
2687	Q0	13190#10	0
2687	Q0	13264#16	0
2687	Q0	13264#9	0
2687	Q0	23826#8	0
2687	Q0	13264#13	0
2687	Q0	13264#14	0
2688	Q0	135655#2	1
2688	Q0	275436#13	0
2688	Q0	205315#3	0
2688	Q0	130343#0	0
2688	Q0	330239#0	0
2688	Q0	258005#7	0
2688	Q0	2839#18	0
2688	Q0	329598#0	0
2688	Q0	275436#14	0
2688	Q0	1025#91	0
2690	Q0	14227#7	1
2690	Q0	14227#0	1
2690	Q0	61132#60	1
2690	Q0	1676925#4	1
2690	Q0	1676925#6	1
2690	Q0	1676925#3	1
2690	Q0	15075#9	0
2690	Q0	158333#6	0
2690	Q0	14428#5	0
2690	Q0	15075#6	0
2690	Q0	16682#1	0
2690	Q0	15075#10	0
2690	Q0	14428#3	0
2691	Q0	91360#0	1
2691	Q0	91360#2	0
2691	Q0	91360#8	0
2691	Q0	91360#3	0
2691	Q0	91360#6	0
2691	Q0	91360#17	0
2691	Q0	91360#4	0
2691	Q0	91360#19	0
2691	Q0	91360#15	0
2691	Q0	91360#20	0
2693	Q0	37234#3	1
2693	Q0	440091#0	1
2693	Q0	199330#1	1
2693	Q0	426871#0	0
2693	Q0	45359#0	0
2693	Q0	301420#0	0
2693	Q0	433097#0	0
2693	Q0	37234#5	0
2693	Q0	37234#42	0
2693	Q0	43128#0	0
2693	Q0	37234#15	0
2694	Q0	24441#0	1
2694	Q0	847#0	1
2694	Q0	33369#2	1
2694	Q0	23906#73	0
2694	Q0	128676#2	0
2694	Q0	23906#67	0
2694	Q0	23906#12	0
2694	Q0	128676#1	0
2694	Q0	137540#3	0
2694	Q0	23906#107	0
2695	Q0	106781#0	1
2695	Q0	106781#72	1
2695	Q0	106781#6	0
2695	Q0	106781#71	0
2695	Q0	106781#3	0
2695	Q0	106781#13	0
2695	Q0	106781#67	0
2695	Q0	106781#75	0
2695	Q0	106781#30	0
2695	Q0	106781#20	0
2697	Q0	49489#14	1
2697	Q0	49489#59	1
2697	Q0	49489#13	1
2697	Q0	23691#0	0
2697	Q0	49489#0	0
2697	Q0	49489#56	0
2697	Q0	4422#15	0
2697	Q0	49489#6	0
2697	Q0	49489#46	0
2697	Q0	49489#28	0
2698	Q0	217887#5	1
2698	Q0	217131#7	1
2698	Q0	217536#4	0
2698	Q0	313563#34	0
2698	Q0	80988#3	0
2698	Q0	217536#6	0
2698	Q0	218351#4	0
2698	Q0	80988#31	0
2698	Q0	217536#5	0
2698	Q0	334121#0	0
2704	Q0	186261#5	1
2704	Q0	1070#21	1
2704	Q0	187083#0	1
2704	Q0	12047#61	1
2704	Q0	299977#1	1
2704	Q0	1070#20	1
2704	Q0	76653#14	1
2704	Q0	302408#70	0
2704	Q0	6075#8	0
2704	Q0	412475#11	0
2705	Q0	16849#0	1
2705	Q0	206974#1	1
2705	Q0	211490#29	1
2705	Q0	211490#0	1
2705	Q0	206974#0	1
2705	Q0	22117#5	1
2705	Q0	22117#3	1
2705	Q0	22117#1	1
2705	Q0	22117#4	1
2705	Q0	16849#1	0
2705	Q0	16849#29	0
2705	Q0	105208#0	0
2705	Q0	211490#8	0
2705	Q0	160482#12	0
2705	Q0	22117#0	0
2705	Q0	22117#2	0
2706	Q0	5011#1	1
2706	Q0	5011#45	1
2706	Q0	5011#46	1
2706	Q0	5011#43	0
2706	Q0	84663#0	0
2706	Q0	5011#10	0
2706	Q0	225341#0	0
2706	Q0	225333#0	0
2706	Q0	37866#1	0
2706	Q0	225263#1	0
2707	Q0	30561#0	1
2707	Q0	19007#2	1
2707	Q0	176624#3	1
2707	Q0	127695#0	1
2707	Q0	3794#7	0
2707	Q0	214522#0	0
2707	Q0	3022#28	0
2707	Q0	81282#0	0
2707	Q0	9#2	0
2707	Q0	226434#0	0
2708	Q0	82025#0	1
2708	Q0	18440#8	1
2708	Q0	246249#44	1
2708	Q0	2412369#1	1
2708	Q0	2412369#3	1
2708	Q0	246249#42	0
2708	Q0	4404#6	0
2708	Q0	93976#1	0
2708	Q0	112495#19	0
2708	Q0	114672#8	0
2708	Q0	26646#21	0
2708	Q0	442556#3	0
2711	Q0	31294#0	1
2711	Q0	207627#0	1
2711	Q0	275279#0	0
2711	Q0	31290#28	0
2711	Q0	259285#0	0
2711	Q0	259285#1	0
2711	Q0	299856#1	0
2711	Q0	275598#63	0
2711	Q0	31294#1	0
2711	Q0	31290#18	0
2712	Q0	252882#3	1
2712	Q0	44215#0	0
2712	Q0	45291#6	0
2712	Q0	5806#0	0
2712	Q0	148489#0	0
2712	Q0	48773#14	0
2712	Q0	122957#0	0
2712	Q0	226009#3	0
2712	Q0	386578#0	0
2712	Q0	122863#0	0
2713	Q0	106280#0	1
2713	Q0	80362#0	1
2713	Q0	6211#37	1
2713	Q0	258272#1	1
2713	Q0	195889#10	1
2713	Q0	178277#1	1
2713	Q0	178177#0	1
2713	Q0	4268#84	1
2713	Q0	128277#14	0
2713	Q0	104271#6	0
2715	Q0	83#15	1
2715	Q0	5101#25	1
2715	Q0	6212#1	0
2715	Q0	124532#2	0
2715	Q0	90007#0	0
2715	Q0	5101#0	0
2715	Q0	8401#0	0
2715	Q0	6760#2	0
2715	Q0	251312#9	0
2715	Q0	76072#16	0
2716	Q0	690674#4	1
2716	Q0	690674#12	1
2716	Q0	690674#0	1
2716	Q0	690674#2	1
2716	Q0	690674#6	1
2716	Q0	690674#1	1
2716	Q0	234833#36	0
2716	Q0	2980#1	0
2716	Q0	122940#1	0
2716	Q0	798#12	0
2716	Q0	143732#1	0
2716	Q0	36163#5	0
2716	Q0	124202#6	0
2716	Q0	270794#1	0
2716	Q0	443153#0	0
2716	Q0	148610#17	0
2717	Q0	121516#4	1
2717	Q0	209837#15	1
2717	Q0	44105#5	1
2717	Q0	279655#2	0
2717	Q0	3224#5	0
2717	Q0	12744#73	0
2718	Q0	19655#4	1
2718	Q0	21360#23	1
2718	Q0	21360#2	1
2718	Q0	19653#5	1
2718	Q0	428901#0	0
2718	Q0	16084#12	0
2718	Q0	21360#9	0
2718	Q0	16084#24	0
2718	Q0	142787#0	0
2718	Q0	77012#0	0
2720	Q0	115483#29	1
2720	Q0	259069#10	1
2720	Q0	129697#2	0
2720	Q0	97512#0	0
2720	Q0	349849#3	0
2720	Q0	5800#22	0
2720	Q0	1020#2	0
2720	Q0	42278#35	0
2720	Q0	11478#8	0
2720	Q0	4056#10	0
2722	Q0	4521#17	1
2722	Q0	4521#21	0
2722	Q0	258317#0	0
2722	Q0	4521#0	0
2722	Q0	4521#20	0
2722	Q0	12847#0	0
2722	Q0	14704#20	0
2722	Q0	54876#0	0
2722	Q0	4521#23	0
2722	Q0	4492#4	0
2723	Q0	16055#22	1
2723	Q0	122358#0	1
2723	Q0	122358#4	1
2723	Q0	122358#1	1
2723	Q0	122358#8	1
2723	Q0	337628#57	0
2723	Q0	337628#0	0
2723	Q0	16055#3	0
2723	Q0	59409#21	0
2723	Q0	210643#0	0
2723	Q0	416753#0	0
2723	Q0	337628#59	0
2723	Q0	150861#0	0
2723	Q0	408009#12	0
2725	Q0	21873#15	1
2725	Q0	56564#0	1
2725	Q0	21873#13	1
2725	Q0	21873#0	1
2725	Q0	59156#2	1
2725	Q0	21873#20	1
2725	Q0	21873#18	1
2725	Q0	57328#0	1
2725	Q0	25016#0	1
2725	Q0	56564#2	0
2727	Q0	146698#7	1
2727	Q0	241102#10	1
2727	Q0	198497#1	1
2727	Q0	198497#7	1
2727	Q0	236249#10	0
2727	Q0	371796#4	0
2727	Q0	198497#11	0
2727	Q0	147490#3	0
2727	Q0	23906#103	0
2727	Q0	241102#8	0
2729	Q0	81588#0	1
2729	Q0	289309#3	1
2729	Q0	26875#7	1
2729	Q0	311831#0	1
2729	Q0	257207#6	0
2729	Q0	318212#0	0
2729	Q0	251619#1	0
2729	Q0	16427#10	0
2729	Q0	19497#8	0
2729	Q0	314871#0	0
2730	Q0	1013095#0	1
2730	Q0	1013095#1	1
2730	Q0	1013095#2	1
2730	Q0	200907#6	0
2730	Q0	132118#0	0
2730	Q0	131039#20	0
2730	Q0	212321#0	0
2730	Q0	70019#15	0
2730	Q0	289982#2	0
2730	Q0	62433#17	0
2730	Q0	49513#21	0
2730	Q0	204495#2	0
2730	Q0	145337#0	0
2732	Q0	6750#1	1
2732	Q0	6750#14	1
2732	Q0	281515#5	1
2732	Q0	356390#6	0
2732	Q0	6750#8	0
2732	Q0	6750#25	0
2732	Q0	281559#1	0
2732	Q0	244366#6	0
2732	Q0	6750#2	0
2732	Q0	27274#1	0
2734	Q0	37234#3	1
2734	Q0	37234#15	1
2734	Q0	301420#0	0
2734	Q0	426871#0	0
2734	Q0	440091#0	0
2734	Q0	45359#0	0
2734	Q0	37234#5	0
2734	Q0	37234#42	0
2734	Q0	228858#0	0
2734	Q0	37234#33	0
2734	Q0	38307#0	0
2735	Q0	2835#44	1
2735	Q0	17574#2	1
2735	Q0	2834#1	0
2735	Q0	2835#24	0
2735	Q0	19003#12	0
2735	Q0	2834#45	0
2735	Q0	20409#9	0
2735	Q0	396668#48	0
2735	Q0	2835#49	0
2735	Q0	2835#31	0
2737	Q0	4391#82	1
2737	Q0	4391#85	1
2737	Q0	4648#15	0
2737	Q0	4397#16	0
2737	Q0	54271#28	0
2737	Q0	4391#69	0
2737	Q0	44#51	0
2737	Q0	4168#10	0
2737	Q0	146698#13	0
2737	Q0	4653#4	0
2741	Q0	13267#105	1
2741	Q0	52510#1	1
2741	Q0	197549#1	1
2741	Q0	15662#11	0
2741	Q0	107356#3	0
2741	Q0	10070#1	0
2741	Q0	10712#1	0
2741	Q0	9266#1	0
2741	Q0	10070#6	0
2741	Q0	9266#2	0
2742	Q0	196278#0	1
2742	Q0	42425#33	1
2742	Q0	42425#32	1
2742	Q0	21129#0	0
2742	Q0	126629#0	0
2742	Q0	15071#1	0
2742	Q0	81282#0	0
2742	Q0	4019#4	0
2742	Q0	226434#0	0
2742	Q0	228637#0	0
2743	Q0	50#16	1
2743	Q0	57970#13	1
2743	Q0	3282#22	1
2743	Q0	3282#29	1
2743	Q0	10821#6	0
2743	Q0	11640#0	0
2743	Q0	106068#4	0
2743	Q0	58231#8	0
2743	Q0	13088#14	0
2743	Q0	10708#4	0
2745	Q0	84438#2	1
2745	Q0	84438#10	0
2745	Q0	84438#14	0
2745	Q0	84438#25	0
2745	Q0	84438#9	0
2745	Q0	84438#15	0
2745	Q0	84438#8	0
2745	Q0	84438#16	0
2745	Q0	84438#3	0
2745	Q0	84438#20	0
2747	Q0	4144#22	1
2747	Q0	4144#15	1
2747	Q0	55437#10	1
2747	Q0	68#8	0
2747	Q0	4144#23	0
2747	Q0	4144#34	0
2747	Q0	278753#4	0
2747	Q0	4144#17	0
2747	Q0	71044#0	0
2747	Q0	315044#1	0
2748	Q0	87781#0	1
2748	Q0	87782#0	1
2748	Q0	87785#0	1
2748	Q0	82900#0	1
2748	Q0	88657#0	0
2748	Q0	88656#2	0
2748	Q0	82900#5	0
2748	Q0	87781#1	0
2748	Q0	87781#2	0
2748	Q0	88656#3	0
2749	Q0	12980#99	1
2749	Q0	82433#4	1
2749	Q0	17658#2	0
2749	Q0	222338#9	0
2749	Q0	148610#17	0
2749	Q0	4373#77	0
2749	Q0	21908#0	0
2749	Q0	12980#98	0
2749	Q0	264738#4	0
2749	Q0	28818#1	0
2750	Q0	1041#0	1
2750	Q0	803#16	1
2750	Q0	77774#0	1
2750	Q0	9496#0	1
2750	Q0	10382#0	1
2750	Q0	1095#3	0
2750	Q0	70548#0	0
2750	Q0	803#3	0
2750	Q0	186967#13	0
2750	Q0	803#40	0
2753	Q0	8337#20	1
2753	Q0	4263#17	0
2753	Q0	65213#0	0
2753	Q0	198152#0	0
2753	Q0	232449#2	0
2753	Q0	238524#0	0
2753	Q0	55902#5	0
2753	Q0	105168#2	0
2753	Q0	356390#25	0
2753	Q0	2811#17	0
2756	Q0	2684084#0	1
2756	Q0	259078#1	0
2756	Q0	233607#1	0
2756	Q0	67426#2	0
2756	Q0	305664#1	0
2756	Q0	25492#7	0
2756	Q0	390190#3	0
2756	Q0	2648#24	0
2756	Q0	205915#1	0
2757	Q0	48962#6	1
2757	Q0	48962#18	1
2757	Q0	10730#75	0
2757	Q0	48962#9	0
2757	Q0	48962#5	0
2757	Q0	48962#11	0
2757	Q0	48962#2	0
2757	Q0	10730#8	0
2757	Q0	67294#9	0
2757	Q0	48962#19	0
2758	Q0	20052#0	1
2758	Q0	20052#4	1
2758	Q0	432334#22	1
2758	Q0	51081#0	0
2758	Q0	7092#0	0
2758	Q0	331284#17	0
2758	Q0	51081#5	0
2758	Q0	112998#6	0
2758	Q0	112998#5	0
2758	Q0	20052#2	0
2759	Q0	355621#2	1
2759	Q0	295378#11	1
2759	Q0	265039#0	0
2759	Q0	58899#1	0
2759	Q0	222279#6	0
2759	Q0	222279#2	0
2759	Q0	222279#9	0
2759	Q0	222279#4	0
2759	Q0	317206#0	0
2759	Q0	222279#3	0
2761	Q0	13267#167	1
2761	Q0	12126#34	0
2761	Q0	82815#31	0
2761	Q0	349053#1	0
2761	Q0	220328#8	0
2761	Q0	41820#9	0
2761	Q0	6867#27	0
2761	Q0	295160#3	0
2761	Q0	325326#0	0
2761	Q0	130109#9	0
2764	Q0	4013#5	1
2764	Q0	4013#1	0
2764	Q0	11395#1	0
2764	Q0	4013#18	0
2764	Q0	4013#2	0
2764	Q0	4013#6	0
2764	Q0	4013#16	0
2764	Q0	4013#14	0
2764	Q0	4013#12	0
2764	Q0	4013#9	0
2765	Q0	105208#0	1
2765	Q0	22117#3	1
2765	Q0	16849#2	1
2765	Q0	16849#25	0
2765	Q0	16849#0	0
2765	Q0	16849#30	0
2765	Q0	16849#1	0
2765	Q0	16849#31	0
2765	Q0	181251#0	0
2765	Q0	22117#2	0
2766	Q0	154009#3	1
2766	Q0	154009#8	1
2766	Q0	154009#0	1
2766	Q0	188673#1	1
2766	Q0	142592#0	1
2766	Q0	19634#11	0
2766	Q0	208376#2	0
2766	Q0	19634#34	0
2766	Q0	19634#10	0
2766	Q0	188673#0	0
2767	Q0	108243#1	1
2767	Q0	108243#2	0
2767	Q0	103249#6	0
2767	Q0	103249#7	0
2767	Q0	108243#0	0
2767	Q0	398069#1	0
2767	Q0	414789#0	0
2767	Q0	33993#0	0
2767	Q0	34633#28	0
2767	Q0	75171#2	0
2769	Q0	417865#27	1
2769	Q0	417865#19	1
2769	Q0	417865#24	0
2769	Q0	417865#17	0
2769	Q0	417865#8	0
2769	Q0	417865#0	0
2769	Q0	417865#26	0
2769	Q0	417865#20	0
2769	Q0	417865#22	0
2769	Q0	417865#23	0
2770	Q0	337630#0	1
2770	Q0	1130#30	1
2770	Q0	11265#2	1
2770	Q0	16053#1	0
2770	Q0	16053#0	0
2770	Q0	286465#0	0
2770	Q0	16053#6	0
2770	Q0	16055#12	0
2770	Q0	16055#14	0
2770	Q0	16053#3	0
2772	Q0	183454#1	1
2772	Q0	330394#21	1
2772	Q0	1029#59	0
2772	Q0	146016#0	0
2772	Q0	1029#31	0
2772	Q0	67908#0	0
2772	Q0	409759#2	0
2772	Q0	71544#33	0
2772	Q0	13084#27	0
2772	Q0	2954#31	0
2774	Q0	126526#1	1
2774	Q0	336726#10	1
2774	Q0	442549#1	1
2774	Q0	255177#3	1
2774	Q0	227612#3	1
2774	Q0	442223#1	1
2774	Q0	18090#2	1
2774	Q0	16428#15	0
2774	Q0	269409#2	0
2774	Q0	3020#100	0
2775	Q0	273824#0	1
2775	Q0	4510#12	0
2775	Q0	4510#13	0
2775	Q0	78756#0	0
2775	Q0	4650#1	0
2775	Q0	79278#0	0
2775	Q0	18612#21	0
2775	Q0	13927#0	0
2775	Q0	13984#0	0
2775	Q0	889#43	0
2777	Q0	690#17	1
2777	Q0	12849#12	1
2777	Q0	9179#0	1
2777	Q0	9179#9	1
2777	Q0	12849#35	0
2777	Q0	9179#3	0
2777	Q0	9179#83	0
2777	Q0	6904#34	0
2777	Q0	5771#17	0
2777	Q0	9179#11	0
2778	Q0	45316#0	1
2778	Q0	39446#0	1
2778	Q0	54189#1	1
2778	Q0	1148#3	1
2778	Q0	45442#15	1
2778	Q0	199736#3	0
2778	Q0	400726#7	0
2778	Q0	4436#66	0
2778	Q0	4600#0	0
2778	Q0	199807#16	0
2783	Q0	536589#0	1
2783	Q0	3803#10	0
2783	Q0	81282#0	0
2783	Q0	226434#0	0
2783	Q0	69445#0	0
2783	Q0	212607#0	0
2783	Q0	84608#0	0
2783	Q0	138210#0	0
2783	Q0	105190#1	0
2783	Q0	243585#0	0
2784	Q0	85939#0	1
2784	Q0	85939#25	1
2784	Q0	85939#23	1
2784	Q0	85939#7	0
2784	Q0	85939#24	0
2784	Q0	85939#20	0
2784	Q0	85939#18	0
2784	Q0	85939#5	0
2784	Q0	85939#11	0
2784	Q0	85939#8	0
2785	Q0	22924#0	1
2785	Q0	223118#0	1
2785	Q0	22924#12	0
2785	Q0	22924#53	0
2785	Q0	22924#68	0
2785	Q0	23378#0	0
2785	Q0	193260#5	0
2785	Q0	431392#8	0
2785	Q0	22924#65	0
2785	Q0	22924#84	0
2788	Q0	911791#2	1
2788	Q0	3399#0	0
2788	Q0	216897#0	0
2788	Q0	202308#0	0
2788	Q0	300129#33	0
2788	Q0	82321#17	0
2788	Q0	433155#28	0
2788	Q0	203859#0	0
2788	Q0	143755#26	0
2788	Q0	314422#0	0
2789	Q0	1001#2	1
2789	Q0	68451#0	1
2789	Q0	20142#4	0
2789	Q0	290006#4	0
2789	Q0	20142#13	0
2789	Q0	9#13	0
2789	Q0	2983#4	0
2789	Q0	16261#19	0
2789	Q0	16261#22	0
2789	Q0	20142#0	0
2790	Q0	6153#37	1
2790	Q0	358084#17	1
2790	Q0	6153#14	0
2790	Q0	6153#1	0
2790	Q0	306952#8	0
2790	Q0	6153#38	0
2790	Q0	6153#39	0
2790	Q0	9588#20	0
2790	Q0	6153#0	0
2790	Q0	6153#47	0
2791	Q0	22117#0	1
2791	Q0	16849#26	1
2791	Q0	16849#25	0
2791	Q0	22117#2	0
2791	Q0	22117#5	0
2791	Q0	22117#1	0
2791	Q0	22117#4	0
2791	Q0	211490#3	0
2791	Q0	22117#3	0
2791	Q0	206974#2	0
2793	Q0	51358#1	1
2793	Q0	204754#1	1
2793	Q0	51354#0	1
2793	Q0	51358#7	1
2793	Q0	51358#10	1
2793	Q0	51358#0	1
2793	Q0	51358#5	1
2793	Q0	51358#4	0
2793	Q0	204754#3	0
2793	Q0	81282#0	0
2793	Q0	3022#28	0
2793	Q0	226434#0	0
2796	Q0	85223#6	1
2796	Q0	3888#10	1
2796	Q0	3888#9	1
2796	Q0	85223#0	1
2796	Q0	286810#2	1
2796	Q0	3888#13	1
2796	Q0	85223#1	1
2796	Q0	3794#7	0
2796	Q0	3888#2	0
2796	Q0	3888#8	0
2800	Q0	277743#1	1
2800	Q0	258477#0	1
2800	Q0	277515#0	1
2800	Q0	21545#2	0
2800	Q0	208718#15	0
2800	Q0	21545#22	0
2800	Q0	277737#0	0
2800	Q0	21545#6	0
2800	Q0	21545#26	0
2800	Q0	21545#33	0
2801	Q0	190100#0	1
2801	Q0	190100#3	1
2801	Q0	59769#0	1
2801	Q0	190435#0	1
2801	Q0	271017#5	1
2801	Q0	23794#0	1
2801	Q0	59769#10	1
2801	Q0	190100#4	0
2801	Q0	190100#1	0
2801	Q0	59769#18	0
2802	Q0	26875#8	1
2802	Q0	12140#6	0
2802	Q0	16288#22	0
2802	Q0	18715#1	0
2802	Q0	12140#5	0
2802	Q0	78185#3	0
2802	Q0	345647#12	0
2802	Q0	26875#7	0
2802	Q0	311502#1	0
2802	Q0	3800#9	0
2803	Q0	132230#3	1
2803	Q0	132230#11	1
2803	Q0	132230#12	1
2803	Q0	132230#0	0
2803	Q0	132230#6	0
2803	Q0	132230#2	0
2803	Q0	132230#9	0
2803	Q0	132230#4	0
2803	Q0	394093#2	0
2803	Q0	132230#14	0
2804	Q0	242190#6	1
2804	Q0	13599#3	0
2804	Q0	4645#7	0
2804	Q0	13599#1	0
2804	Q0	22742#39	0
2804	Q0	22742#0	0
2804	Q0	18191#9	0
2804	Q0	365162#0	0
2804	Q0	284027#5	0
2804	Q0	4016#11	0
2806	Q0	20596#0	1
2806	Q0	20596#10	1
2806	Q0	13997#6	1
2806	Q0	148266#6	0
2806	Q0	288112#24	0
2806	Q0	84608#0	0
2806	Q0	3022#28	0
2806	Q0	772194#0	0
2806	Q0	81282#0	0
2806	Q0	79172#2	0
2808	Q0	209881#0	1
2808	Q0	20986#2	1
2808	Q0	20986#3	1
2808	Q0	343391#0	0
2808	Q0	91716#4	0
2809	Q0	32349#0	1
2809	Q0	78230#7	1
2809	Q0	31915#41	1
2809	Q0	16233#4	1
2809	Q0	16233#0	0
2809	Q0	43417#5	0
2809	Q0	92788#1	0
2809	Q0	16233#2	0
2809	Q0	78230#1	0
2809	Q0	16233#1	0
2810	Q0	5011#0	1
2810	Q0	55939#1	0
2810	Q0	3881#7	0
2810	Q0	3881#6	0
2810	Q0	5408#8	0
2810	Q0	227266#2	0
2810	Q0	3882#2	0
2810	Q0	5011#2	0
2810	Q0	217874#0	0
2810	Q0	114642#0	0
2811	Q0	316549#48	1
2811	Q0	268040#1	1
2811	Q0	268040#2	0
2811	Q0	268040#4	0
2811	Q0	326774#2	0
2811	Q0	2784#16	0
2811	Q0	709376#0	0
2811	Q0	57721#1	0
2811	Q0	12058#5	0
2811	Q0	15374#1	0
2812	Q0	76307#30	1
2812	Q0	76307#11	0
2812	Q0	43788#6	0
2812	Q0	43788#5	0
2812	Q0	29659#42	0
2812	Q0	84046#5	0
2812	Q0	49480#1	0
2812	Q0	261019#7	0
2812	Q0	149991#7	0
2818	Q0	38307#0	1
2818	Q0	228858#0	1
2818	Q0	37234#5	1
2818	Q0	37234#3	1
2818	Q0	426871#0	1
2818	Q0	301420#0	1
2818	Q0	41030#0	1
2818	Q0	428879#0	1
2818	Q0	37234#33	0
2818	Q0	37234#42	0
2819	Q0	16386#9	1
2819	Q0	4533#34	0
2819	Q0	4533#43	0
2819	Q0	13249#4	0
2819	Q0	4533#117	0
2819	Q0	4533#3	0
2819	Q0	406653#7	0
2819	Q0	4533#33	0
2819	Q0	149386#15	0
2819	Q0	4533#111	0
2820	Q0	22924#0	1
2820	Q0	441394#3	1
2820	Q0	22924#23	0
2820	Q0	23699#24	0
2820	Q0	351878#3	0
2820	Q0	22924#4	0
2820	Q0	23378#0	0
2820	Q0	22924#49	0
2820	Q0	22924#44	0
2820	Q0	371230#2	0
2821	Q0	22751#5	1
2821	Q0	30653#13	1
2821	Q0	10224#31	0
2821	Q0	134275#6	0
2821	Q0	83513#7	0
2821	Q0	10224#32	0
2821	Q0	241103#6	0
2821	Q0	97364#6	0
2821	Q0	266107#5	0
2821	Q0	23952#7	0
2822	Q0	33176#77	1
2822	Q0	308201#26	0
2822	Q0	254971#11	0
2822	Q0	48733#0	0
2822	Q0	56182#0	0
2822	Q0	1135#14	0
2822	Q0	4451#3	0
2822	Q0	292778#0	0
2822	Q0	243864#30	0
2822	Q0	218556#0	0
2823	Q0	260315#0	1
2823	Q0	2701787#0	1
2823	Q0	30829#1	0
2823	Q0	109672#0	0
2823	Q0	82342#7	0
2823	Q0	52992#20	0
2823	Q0	52205#10	0
2823	Q0	3226#8	0
2823	Q0	201804#13	0
2823	Q0	82337#1	0
2824	Q0	18016#0	1
2824	Q0	3985#3	1
2824	Q0	12652#35	0
2824	Q0	28034#0	0
2824	Q0	92872#1	0
2824	Q0	107484#0	0
2824	Q0	11403#25	0
2824	Q0	18016#8	0
2824	Q0	333480#9	0
2824	Q0	120065#5	0
2828	Q0	69320#0	1
2828	Q0	82815#5	1
2828	Q0	69320#2	1
2828	Q0	251800#0	1
2828	Q0	69320#97	0
2828	Q0	69320#1	0
2828	Q0	4153#1	0
2828	Q0	210445#5	0
2828	Q0	69320#50	0
2828	Q0	69320#93	0
2829	Q0	752175#1	1
2829	Q0	752175#5	1
2829	Q0	752175#13	1
2829	Q0	140213#1	0
2829	Q0	140213#0	0
2829	Q0	79236#15	0
2829	Q0	365707#3	0
2829	Q0	35743#3	0
2829	Q0	197995#16	0
2829	Q0	752175#2	0
2829	Q0	3817#7	0
2829	Q0	83093#64	0
2829	Q0	64564#20	0
2830	Q0	38606#13	1
2830	Q0	38606#14	1
2830	Q0	229474#1	0
2830	Q0	212607#0	0
2830	Q0	35851#4	0
2830	Q0	291082#2	0
2830	Q0	402987#0	0
2830	Q0	3022#28	0
2830	Q0	81282#0	0
2830	Q0	1018#14	0
2831	Q0	65589#0	1
2831	Q0	65579#0	1
2831	Q0	22931#15	0
2831	Q0	229398#3	0
2831	Q0	365707#4	0
2831	Q0	180819#0	0
2831	Q0	427060#0	0
2831	Q0	23364#0	0
2831	Q0	22931#5	0
2831	Q0	23699#12	0
2833	Q0	84#52	1
2833	Q0	300361#8	1
2833	Q0	3996#5	1
2833	Q0	93457#2	1
2833	Q0	233610#7	1
2833	Q0	11018#46	0
2833	Q0	93446#20	0
2833	Q0	32464#2	0
2833	Q0	92141#9	0
2833	Q0	94121#5	0
2834	Q0	1132707#0	1
2834	Q0	257366#0	1
2834	Q0	257366#9	1
2834	Q0	257366#13	1
2834	Q0	81282#0	0
2834	Q0	3759#14	0
2834	Q0	3295#0	0
2834	Q0	84608#0	0
2834	Q0	361344#0	0
2834	Q0	13999#10	0
2834	Q0	36959#8	0
2834	Q0	134503#0	0
2834	Q0	356638#0	0
2834	Q0	257366#11	0
2836	Q0	355922#0	1
2836	Q0	34623#27	1
2836	Q0	355922#2	0
2836	Q0	355922#3	0
2836	Q0	355922#10	0
2836	Q0	355922#1	0
2836	Q0	355922#13	0
2836	Q0	355922#11	0
2836	Q0	355922#9	0
2836	Q0	355922#6	0
2837	Q0	144195#3	1
2837	Q0	5466#0	1
2837	Q0	59239#156	1
2837	Q0	730#4	1
2837	Q0	210861#34	0
2837	Q0	2976#1	0
2837	Q0	61245#3	0
2837	Q0	528034#28	0
2837	Q0	3363#1	0
2837	Q0	81282#0	0
2838	Q0	19957#10	1
2838	Q0	606554#3	1
2838	Q0	370486#0	0
2838	Q0	118037#5	0
2838	Q0	12980#59	0
2838	Q0	3356#1	0
2838	Q0	40900#0	0
2838	Q0	30268#1	0
2838	Q0	74733#2	0
2838	Q0	393818#1	0
2839	Q0	26208#28	1
2839	Q0	26208#5	1
2839	Q0	26208#26	1
2839	Q0	26208#24	1
2839	Q0	26208#18	1
2839	Q0	26208#37	0
2839	Q0	26208#0	0
2839	Q0	26208#7	0
2839	Q0	26208#16	0
2839	Q0	26208#1	0
2841	Q0	14717#0	1
2841	Q0	14718#0	1
2841	Q0	64137#0	1
2841	Q0	108122#0	1
2841	Q0	104612#0	0
2841	Q0	13991#5	0
2841	Q0	429467#0	0
2841	Q0	4131#18	0
2841	Q0	4131#4	0
2841	Q0	104612#4	0
2844	Q0	146802#0	1
2844	Q0	146802#1	0
2844	Q0	79785#6	0
2844	Q0	47053#30	0
2844	Q0	219773#20	0
2844	Q0	3796#4	0
2844	Q0	2145476#0	0
2844	Q0	193260#8	0
2844	Q0	194634#8	0
2844	Q0	358274#6	0
2845	Q0	19003#0	1
2845	Q0	19003#25	1
2845	Q0	45610#8	1
2845	Q0	19003#54	1
2845	Q0	19003#28	1
2845	Q0	19003#14	0
2845	Q0	19003#44	0
2845	Q0	19003#41	0
2845	Q0	19003#33	0
2845	Q0	19003#2	0
2846	Q0	351784#7	1
2846	Q0	351784#47	1
2846	Q0	348590#2	0
2846	Q0	308201#28	0
2846	Q0	237005#26	0
2846	Q0	216844#3	0
2846	Q0	351784#25	0
2846	Q0	218351#14	0
2846	Q0	254968#11	0
2846	Q0	353759#3	0
2848	Q0	349249#0	1
2848	Q0	197075#2	1
2848	Q0	2623403#9	1
2848	Q0	2623403#5	1
2848	Q0	2623403#11	1
2848	Q0	2623403#7	1
2848	Q0	2623403#4	1
2848	Q0	197075#3	0
2848	Q0	349249#8	0
2848	Q0	295434#0	0
2848	Q0	338421#9	0
2848	Q0	297388#1	0
2848	Q0	308659#0	0
2848	Q0	338421#0	0
2848	Q0	338421#4	0
2848	Q0	2623403#0	0
2848	Q0	2623403#8	0
2848	Q0	2623403#6	0
2849	Q0	222909#0	1
2849	Q0	2380613#3	1
2849	Q0	81282#0	0
2849	Q0	805#19	0
2849	Q0	226434#0	0
2849	Q0	84608#0	0
2849	Q0	419871#16	0
2849	Q0	264308#1	0
2849	Q0	16863#0	0
2849	Q0	177704#0	0
2852	Q0	14637#18	1
2852	Q0	14637#6	1
2852	Q0	14637#13	1
2852	Q0	14637#20	1
2852	Q0	14637#19	0
2852	Q0	14637#10	0
2852	Q0	14637#3	0
2852	Q0	103179#61	0
2852	Q0	14637#22	0
2852	Q0	14637#25	0
2853	Q0	1193308#0	1
2853	Q0	10850#7	0
2853	Q0	13156#1	0
2853	Q0	3759#14	0
2853	Q0	45608#1	0
2853	Q0	25492#4	0
2853	Q0	82698#2	0
2853	Q0	79382#2	0
2853	Q0	75814#0	0
2853	Q0	341568#1	0
2854	Q0	12788#0	1
2854	Q0	12788#1	0
2854	Q0	12788#24	0
2854	Q0	12788#6	0
2854	Q0	12788#19	0
2854	Q0	383618#0	0
2854	Q0	4926#3	0
2854	Q0	4526#19	0
2854	Q0	12788#22	0
2854	Q0	12788#13	0
2855	Q0	435465#0	1
2855	Q0	435536#3	0
2855	Q0	188142#10	0
2855	Q0	435536#2	0
2855	Q0	186915#0	0
2855	Q0	838#17	0
2855	Q0	236409#11	0
2855	Q0	1007153#0	0
2855	Q0	423537#2	0
2855	Q0	26180#7	0
2856	Q0	250271#2	1
2856	Q0	198183#2	1
2856	Q0	1030#0	1
2856	Q0	1030#1	1
2856	Q0	229145#0	0
2856	Q0	145391#9	0
2856	Q0	3794#7	0
2856	Q0	112367#4	0
2856	Q0	20887#54	0
2856	Q0	152263#19	0
2857	Q0	205595#0	1
2857	Q0	275246#0	1
2857	Q0	275249#0	1
2857	Q0	205595#9	0
2857	Q0	205595#11	0
2857	Q0	205595#8	0
2857	Q0	205595#12	0
2857	Q0	205595#14	0
2857	Q0	205595#3	0
2857	Q0	205595#10	0
2858	Q0	656195#11	1
2858	Q0	358469#36	0
2858	Q0	157597#24	0
2858	Q0	358469#37	0
2858	Q0	358469#0	0
2858	Q0	358469#16	0
2858	Q0	358469#15	0
2858	Q0	358469#42	0
2858	Q0	157597#23	0
2858	Q0	157597#2	0
2858	Q0	157597#27	0
2858	Q0	656195#12	0
2859	Q0	747#12	1
2859	Q0	320208#0	1
2859	Q0	13581#125	1
2859	Q0	747#0	1
2859	Q0	303080#0	0
2859	Q0	320216#0	0
2859	Q0	303049#2	0
2859	Q0	303049#0	0
2859	Q0	747#15	0
2859	Q0	290871#3	0
2862	Q0	2371963#3	1
2862	Q0	146730#2	0
2862	Q0	271050#4	0
2862	Q0	2654#1	0
2862	Q0	30268#1	0
2862	Q0	379034#3	0
2862	Q0	433155#28	0
2862	Q0	35360#3	0
2862	Q0	358167#1	0
2862	Q0	170842#1	0
2868	Q0	428552#46	1
2868	Q0	428552#37	0
2868	Q0	428552#38	0
2868	Q0	428552#0	0
2868	Q0	428552#1	0
2868	Q0	428552#49	0
2868	Q0	428552#33	0
2868	Q0	428552#47	0
2868	Q0	428552#17	0
2868	Q0	428552#51	0
2869	Q0	9179#0	1
2869	Q0	29564#1	1
2869	Q0	690#17	1
2869	Q0	9179#5	1
2869	Q0	13263#17	1
2869	Q0	9179#11	0
2869	Q0	9179#43	0
2869	Q0	437629#0	0
2869	Q0	9179#63	0
2869	Q0	9179#81	0
2873	Q0	2477600#0	1
2873	Q0	82341#7	0
2873	Q0	396324#7	0
2873	Q0	97085#9	0
2873	Q0	372401#9	0
2873	Q0	82341#8	0
2873	Q0	441928#9	0
2873	Q0	3803#9	0
2873	Q0	217770#2	0
2873	Q0	216860#3	0
2874	Q0	212432#35	1
2874	Q0	212432#2	0
2874	Q0	71953#1	0
2874	Q0	212432#0	0
2874	Q0	212432#4	0
2874	Q0	212432#37	0
2874	Q0	212432#3	0
2874	Q0	212432#1	0
2874	Q0	212432#41	0
2874	Q0	125082#1	0
2875	Q0	15362#0	1
2875	Q0	15362#14	1
2875	Q0	15362#7	0
2875	Q0	15362#8	0
2875	Q0	15362#12	0
2875	Q0	16313#0	0
2875	Q0	68#12	0
2875	Q0	41233#0	0
2875	Q0	20744#0	0
2875	Q0	202888#1	0
2879	Q0	14028#1	1
2879	Q0	14028#5	1
2879	Q0	10480#42	1
2879	Q0	14028#11	1
2879	Q0	31765#6	1
2879	Q0	14028#6	0
2879	Q0	14028#14	0
2879	Q0	197763#4	0
2879	Q0	197763#0	0
2879	Q0	14028#16	0
2880	Q0	58229#4	1
2880	Q0	58229#5	1
2880	Q0	58229#22	1
2880	Q0	58229#1	0
2880	Q0	58229#2	0
2880	Q0	106068#4	0
2880	Q0	58229#18	0
2880	Q0	58229#0	0
2880	Q0	110483#7	0
2880	Q0	58229#14	0
2881	Q0	25923#6	1
2881	Q0	25923#22	1
2881	Q0	25923#23	1
2881	Q0	80988#6	1
2881	Q0	26296#4	1
2881	Q0	25923#42	0
2881	Q0	25923#11	0
2881	Q0	23906#83	0
2881	Q0	115333#2	0
2881	Q0	25923#1	0
2882	Q0	748#36	1
2882	Q0	19098#2	1
2882	Q0	2782#2	1
2882	Q0	748#0	1
2882	Q0	127982#0	1
2882	Q0	36964#0	0
2882	Q0	22826#0	0
2882	Q0	748#6	0
2882	Q0	26557#0	0
2882	Q0	26666#1	0
2883	Q0	278271#33	1
2883	Q0	4419#48	0
2883	Q0	201813#6	0
2883	Q0	328421#1	0
2883	Q0	4571#25	0
2883	Q0	133726#0	0
2883	Q0	708#81	0
2883	Q0	4571#0	0
2883	Q0	432838#11	0
2883	Q0	176297#1	0
2885	Q0	56881#1	1
2885	Q0	27306#8	1
2885	Q0	27306#13	1
2885	Q0	27306#10	1
2885	Q0	27306#73	1
2885	Q0	27306#20	1
2885	Q0	27306#7	0
2885	Q0	27306#9	0
2885	Q0	27306#12	0
2885	Q0	56881#0	0
2888	Q0	199800#0	1
2888	Q0	199800#32	0
2888	Q0	375268#0	0
2888	Q0	199800#2	0
2888	Q0	199800#7	0
2888	Q0	199800#1	0
2888	Q0	199800#3	0
2888	Q0	25902#0	0
2888	Q0	192853#1	0
2888	Q0	375241#0	0
2889	Q0	74665#10	1
2889	Q0	225645#56	0
2889	Q0	225645#0	0
2889	Q0	225645#1	0
2889	Q0	225645#2	0
2889	Q0	225645#65	0
2889	Q0	225645#3	0
2889	Q0	31290#0	0
2889	Q0	225645#64	0
2889	Q0	225645#20	0
2890	Q0	11696#3	1
2890	Q0	4776#0	1
2890	Q0	301384#22	1
2890	Q0	11696#0	1
2890	Q0	16366#11	1
2890	Q0	2959#12	0
2890	Q0	81282#0	0
2890	Q0	141438#0	0
2890	Q0	226434#0	0
2890	Q0	34907#0	0
2892	Q0	11444#0	1
2892	Q0	12033#0	1
2892	Q0	337631#1	0
2892	Q0	376449#5	0
2892	Q0	5857#6	0
2892	Q0	10171#2	0
2892	Q0	12033#1	0
2892	Q0	3022#28	0
2892	Q0	192060#6	0
2892	Q0	4945#4	0
2895	Q0	21204#0	1
2895	Q0	13952#41	1
2895	Q0	13952#77	1
2895	Q0	21204#1	0
2895	Q0	139886#4	0
2895	Q0	328588#0	0
2895	Q0	328588#2	0
2895	Q0	13952#78	0
2895	Q0	139886#5	0
2895	Q0	139886#0	0
2896	Q0	762#0	1
2896	Q0	14911#1	1
2896	Q0	2969#7	0
2896	Q0	158698#0	0
2896	Q0	12047#1	0
2896	Q0	5942#1	0
2896	Q0	188207#0	0
2896	Q0	4953#0	0
2896	Q0	27522#6	0
2896	Q0	29125#25	0
2899	Q0	24615#14	1
2899	Q0	3207#20	1
2899	Q0	1093042#1	1
2899	Q0	198412#50	0
2899	Q0	1018#11	0
2899	Q0	326774#2	0
2899	Q0	245263#1	0
2899	Q0	264098#2	0
2899	Q0	336378#0	0
2899	Q0	51021#0	0
2901	Q0	25058#5	1
2901	Q0	25058#9	0
2901	Q0	348144#2	0
2901	Q0	28450#3	0
2901	Q0	77748#7	0
2901	Q0	348144#61	0
2901	Q0	79383#5	0
2901	Q0	348144#77	0
2901	Q0	6463#65	0
2901	Q0	7441#46	0
2903	Q0	36618#10	1
2903	Q0	42792#4	0
2903	Q0	42792#0	0
2903	Q0	42792#9	0
2903	Q0	8107#7	0
2903	Q0	51169#21	0
2903	Q0	150522#0	0
2903	Q0	150517#0	0
2903	Q0	12374#2	0
2903	Q0	195122#4	0
2904	Q0	33176#77	1
2904	Q0	218556#0	1
2904	Q0	352309#0	1
2904	Q0	218556#3	0
2904	Q0	287218#1	0
2904	Q0	422540#4	0
2904	Q0	260297#0	0
2904	Q0	218556#7	0
2904	Q0	86108#0	0
2904	Q0	308201#26	0
2909	Q0	59114#7	1
2909	Q0	59114#8	0
2909	Q0	59114#9	0
2909	Q0	114524#15	0
2909	Q0	59114#2	0
2909	Q0	59114#1	0
2909	Q0	59114#5	0
2909	Q0	59114#3	0
2909	Q0	59114#10	0
2909	Q0	59114#0	0
2911	Q0	76653#15	1
2911	Q0	76653#2	1
2911	Q0	76653#0	1
2911	Q0	3850#0	1
2911	Q0	76653#17	0
2911	Q0	76653#3	0
2911	Q0	76653#13	0
2911	Q0	76653#8	0
2911	Q0	74861#9	0
2911	Q0	43737#22	0
2912	Q0	221127#0	1
2912	Q0	221127#9	1
2912	Q0	221127#10	1
2912	Q0	221127#7	1
2912	Q0	221127#3	1
2912	Q0	221127#8	1
2912	Q0	221234#4	0
2912	Q0	221127#4	0
2912	Q0	83423#15	0
2912	Q0	12356#8	0
2913	Q0	337632#0	1
2913	Q0	420774#1	1
2913	Q0	408009#12	1
2913	Q0	337628#3	0
2913	Q0	337628#0	0
2913	Q0	337628#23	0
2913	Q0	337628#9	0
2913	Q0	337628#57	0
2913	Q0	420932#2	0
2913	Q0	337632#5	0
2914	Q0	48929#0	1
2914	Q0	48915#2	1
2914	Q0	35847#6	1
2914	Q0	16294#0	0
2914	Q0	48929#1	0
2914	Q0	6742#2	0
2914	Q0	209328#0	0
2914	Q0	48934#0	0
2914	Q0	11972#88	0
2916	Q0	15923#24	1
2916	Q0	62824#38	0
2916	Q0	35753#17	0
2916	Q0	35753#18	0
2916	Q0	35753#19	0
2916	Q0	15923#25	0
2916	Q0	15923#2	0
2916	Q0	35753#9	0
2916	Q0	35753#13	0
2916	Q0	35753#8	0
2917	Q0	291923#15	1
2917	Q0	320161#0	1
2917	Q0	320195#1	1
2917	Q0	117957#12	1
2917	Q0	31866#16	1
2917	Q0	314604#13	0
2917	Q0	31866#1	0
2917	Q0	31866#0	0
2917	Q0	31866#2	0
2917	Q0	31866#17	0
2918	Q0	211493#1	1
2918	Q0	4962#20	1
2918	Q0	2471400#0	1
2918	Q0	2471400#1	1
2918	Q0	11942#9	0
2918	Q0	126261#7	0
2918	Q0	1127#15	0
2918	Q0	204443#0	0
2918	Q0	22358#5	0
2918	Q0	418668#2	0
2918	Q0	126241#0	0
2918	Q0	211493#5	0
2920	Q0	8462#0	1
2920	Q0	316411#0	1
2920	Q0	4500#22	0
2920	Q0	8462#29	0
2920	Q0	8462#31	0
2920	Q0	139076#0	0
2920	Q0	111124#0	0
2920	Q0	8104#6	0
2920	Q0	78610#0	0
2920	Q0	8462#88	0
2921	Q0	267536#0	1
2921	Q0	18168#6	1
2921	Q0	36493#3	0
2921	Q0	36493#4	0
2921	Q0	267536#2	0
2921	Q0	36493#1	0
2921	Q0	36493#11	0
2921	Q0	36493#6	0
2921	Q0	18205#4	0
2921	Q0	49045#0	0
2922	Q0	74181#2	1
2922	Q0	74181#1	0
2922	Q0	74181#20	0
2922	Q0	10924#35	0
2922	Q0	363540#39	0
2922	Q0	74181#30	0
2922	Q0	9646#34	0
2922	Q0	10924#7	0
2922	Q0	74181#28	0
2922	Q0	74181#27	0
2923	Q0	207844#1	1
2923	Q0	11765#1	1
2923	Q0	70#1	1
2923	Q0	132906#0	1
2923	Q0	132912#0	0
2923	Q0	194827#2	0
2923	Q0	206479#0	0
2923	Q0	194827#0	0
2923	Q0	39089#0	0
2923	Q0	207844#0	0
2924	Q0	2840#22	1
2924	Q0	2840#2	1
2924	Q0	2840#23	1
2924	Q0	2840#17	0
2924	Q0	2840#0	0
2924	Q0	2839#16	0
2924	Q0	2839#0	0
2924	Q0	2839#18	0
2924	Q0	23424#4	0
2924	Q0	2840#28	0
2925	Q0	58174#3	1
2925	Q0	58174#43	0
2925	Q0	58174#0	0
2925	Q0	239893#0	0
2925	Q0	58174#2	0
2925	Q0	58174#38	0
2925	Q0	58174#4	0
2925	Q0	58174#49	0
2925	Q0	58174#5	0
2925	Q0	58174#47	0
2927	Q0	39525#3	1
2927	Q0	4476#5	0
2927	Q0	110770#0	0
2927	Q0	123650#0	0
2927	Q0	22094#0	0
2927	Q0	310840#3	0
2927	Q0	150848#0	0
2927	Q0	150748#0	0
2927	Q0	150418#0	0
2927	Q0	51416#0	0
2928	Q0	4588#0	1
2928	Q0	4423#27	1
2928	Q0	4423#1	1
2928	Q0	4588#11	1
2928	Q0	4588#8	0
2928	Q0	46569#0	0
2928	Q0	4423#24	0
2928	Q0	76282#0	0
2928	Q0	4563#0	0
2928	Q0	4423#10	0
2930	Q0	82#60	1
2930	Q0	82#11	1
2930	Q0	82#61	1
2930	Q0	82#0	1
2930	Q0	79172#4	1
2930	Q0	5467#3	0
2930	Q0	3794#7	0
2930	Q0	9#9	0
2930	Q0	82#63	0
2930	Q0	82#13	0
2931	Q0	127192#37	1
2931	Q0	127485#0	1
2931	Q0	127192#8	1
2931	Q0	127192#0	1
2931	Q0	34531#26	0
2931	Q0	357569#22	0
2931	Q0	38314#1	0
2931	Q0	11972#44	0
2931	Q0	54#6	0
2931	Q0	3109#0	0
2934	Q0	301741#0	1
2934	Q0	79278#0	1
2934	Q0	87649#58	0
2934	Q0	3282#29	0
2934	Q0	31143#1	0
2934	Q0	18743#0	0
2934	Q0	18612#21	0
2934	Q0	314068#3	0
2934	Q0	14826#2	0
2934	Q0	314068#0	0
2937	Q0	271050#0	1
2937	Q0	271050#3	0
2937	Q0	252870#0	0
2937	Q0	271050#2	0
2937	Q0	336726#7	0
2937	Q0	442804#2	0
2937	Q0	10627#61	0
2937	Q0	271050#4	0
2937	Q0	248170#1	0
2937	Q0	212440#3	0
2939	Q0	70774#13	1
2939	Q0	43119#22	1
2939	Q0	160474#11	0
2939	Q0	313427#23	0
2939	Q0	77380#2	0
2939	Q0	228948#5	0
2939	Q0	71305#3	0
2939	Q0	227832#2	0
2939	Q0	297485#23	0
2939	Q0	239304#31	0
2940	Q0	8575#12	1
2940	Q0	27013#21	0
2940	Q0	132738#43	0
2940	Q0	4248#13	0
2940	Q0	45442#31	0
2940	Q0	23906#109	0
2940	Q0	3493#54	0
2940	Q0	4434#15	0
2940	Q0	30412#124	0
2940	Q0	22742#6	0
2943	Q0	216829#11	1
2943	Q0	353843#7	1
2943	Q0	228563#8	0
2943	Q0	216954#46	0
2943	Q0	228563#2	0
2943	Q0	31522#14	0
2943	Q0	195604#28	0
2943	Q0	47325#15	0
2943	Q0	82574#2	0
2943	Q0	3992#5	0
2944	Q0	33369#24	1
2944	Q0	843#69	1
2944	Q0	33369#25	0
2944	Q0	3278#1	0
2944	Q0	843#104	0
2944	Q0	196088#1	0
2944	Q0	843#102	0
2944	Q0	246594#3	0
2944	Q0	33369#22	0
2944	Q0	135382#9	0
2945	Q0	321110#0	1
2945	Q0	123536#8	1
2945	Q0	55939#1	1
2945	Q0	123536#0	1
2945	Q0	4131#6	1
2945	Q0	196446#6	1
2945	Q0	280993#2	0
2945	Q0	30581#0	0
2945	Q0	28980#0	0
2945	Q0	331599#0	0
2948	Q0	19003#0	1
2948	Q0	282135#8	1
2948	Q0	19003#24	1
2948	Q0	5778#8	1
2948	Q0	63081#9	1
2948	Q0	6076#55	0
2948	Q0	121986#22	0
2948	Q0	57556#5	0
2948	Q0	37279#2	0
2948	Q0	5778#10	0
2949	Q0	39152#44	1
2949	Q0	304918#0	0
2949	Q0	76708#0	0
2949	Q0	229186#8	0
2949	Q0	383243#2	0
2949	Q0	2924#1	0
2949	Q0	317961#34	0
2949	Q0	233960#0	0
2949	Q0	297930#0	0
2949	Q0	15624#1	0
2950	Q0	274577#3	1
2950	Q0	274577#0	1
2950	Q0	6642#5	0
2950	Q0	3914#14	0
2950	Q0	274577#25	0
2950	Q0	225482#3	0
2950	Q0	139309#5	0
2950	Q0	226434#0	0
2950	Q0	274577#4	0
2950	Q0	308116#2	0
2951	Q0	23906#73	1
2951	Q0	102463#5	1
2951	Q0	23906#144	1
2951	Q0	4170#8	1
2951	Q0	23906#68	1
2951	Q0	86142#32	0
2951	Q0	23906#67	0
2951	Q0	1025#11	0
2951	Q0	227887#1	0
2951	Q0	23906#3	0
2952	Q0	97487#1	1
2952	Q0	97487#0	0
2952	Q0	97487#2	0
2952	Q0	97487#18	0
2952	Q0	97487#12	0
2952	Q0	97487#40	0
2952	Q0	97487#17	0
2952	Q0	97487#10	0
2952	Q0	97487#52	0
2952	Q0	97487#19	0
2953	Q0	242925#0	1
2953	Q0	15057#5	1
2953	Q0	129215#5	0
2953	Q0	394831#1	0
2953	Q0	199748#0	0
2953	Q0	1012#0	0
2953	Q0	1003#67	0
2953	Q0	199733#1	0
2953	Q0	263601#4	0
2953	Q0	263601#34	0
2955	Q0	3806#14	1
2955	Q0	30683#1	1
2955	Q0	128701#10	0
2955	Q0	6362#18	0
2955	Q0	35322#19	0
2955	Q0	267613#0	0
2955	Q0	128701#13	0
2955	Q0	128701#0	0
2955	Q0	128701#15	0
2955	Q0	3768#42	0
2956	Q0	1069#5	1
2956	Q0	4947#10	1
2956	Q0	3849#29	1
2956	Q0	254329#0	1
2956	Q0	5422#0	1
2956	Q0	77432#4	0
2956	Q0	40806#26	0
2956	Q0	58936#0	0
2956	Q0	40806#20	0
2956	Q0	243864#66	0
2957	Q0	200176#1	1
2957	Q0	21759#1	0
2957	Q0	21759#4	0
2957	Q0	49286#5	0
2957	Q0	33817#2	0
2957	Q0	21759#5	0
2957	Q0	21759#6	0
2957	Q0	200179#0	0
2957	Q0	30882#21	0
2957	Q0	200801#0	0
2959	Q0	204650#1	1
2959	Q0	113664#28	0
2959	Q0	113664#0	0
2959	Q0	113664#18	0
2959	Q0	113664#3	0
2959	Q0	113664#5	0
2959	Q0	113664#16	0
2959	Q0	113664#30	0
2959	Q0	113664#31	0
2959	Q0	113664#29	0
2964	Q0	59055#0	1
2964	Q0	59055#4	0
2964	Q0	59055#3	0
2964	Q0	59055#20	0
2964	Q0	38987#4	0
2964	Q0	209963#3	0
2964	Q0	3363#1	0
2964	Q0	201391#0	0
2964	Q0	252813#1	0
2964	Q0	43410#1	0
2966	Q0	16649#2	1
2966	Q0	4403#7	1
2966	Q0	59872#1	1
2966	Q0	272787#0	0
2966	Q0	429860#1	0
2966	Q0	6906#62	0
2966	Q0	92141#9	0
2966	Q0	429776#0	0
2966	Q0	8337#7	0
2966	Q0	27397#0	0
2967	Q0	53114#68	1
2967	Q0	13535#0	1
2967	Q0	13535#12	1
2967	Q0	13535#11	1
2967	Q0	13535#36	1
2967	Q0	13535#41	1
2967	Q0	13535#39	0
2967	Q0	15398#6	0
2967	Q0	61527#3	0
2967	Q0	13535#3	0
2968	Q0	30653#9	1
2968	Q0	20143#0	1
2968	Q0	63997#1	1
2968	Q0	30653#10	1
2968	Q0	30653#2	0
2968	Q0	63997#0	0
2968	Q0	283134#3	0
2968	Q0	135452#0	0
2968	Q0	44791#10	0
2968	Q0	225731#1	0
2969	Q0	32553#32	1
2969	Q0	366590#0	1
2969	Q0	332598#2	1
2969	Q0	72424#3	1
2969	Q0	147340#1	0
2969	Q0	366590#7	0
2969	Q0	33594#1	0
2969	Q0	228290#7	0
2969	Q0	146698#14	0
2969	Q0	82687#1	0
2970	Q0	130580#0	1
2970	Q0	130580#3	0
2970	Q0	130580#15	0
2970	Q0	123749#54	0
2970	Q0	123749#45	0
2970	Q0	130580#4	0
2970	Q0	130580#14	0
2970	Q0	130580#9	0
2970	Q0	130580#8	0
2970	Q0	123749#64	0
2973	Q0	14226#2	1
2973	Q0	272451#4	1
2973	Q0	20136#0	1
2973	Q0	436675#0	0
2973	Q0	301870#0	0
2973	Q0	3076#2	0
2973	Q0	140697#0	0
2973	Q0	3076#1	0
2973	Q0	28560#13	0
2973	Q0	28560#14	0
2975	Q0	2954#5	1
2975	Q0	45891#1	0
2975	Q0	3290#0	0
2975	Q0	3290#1	0
2975	Q0	45891#0	0
2975	Q0	47703#0	0
2975	Q0	135350#0	0
2975	Q0	286810#2	0
2975	Q0	71416#0	0
2975	Q0	190638#0	0
2976	Q0	1494280#2	1
2976	Q0	11843#4	0
2976	Q0	11843#0	0
2976	Q0	81282#0	0
2976	Q0	4019#4	0
2976	Q0	84608#0	0
2976	Q0	226434#0	0
2976	Q0	228637#0	0
2976	Q0	213166#0	0
2976	Q0	205264#0	0
2977	Q0	24532#17	1
2977	Q0	13499#61	1
2977	Q0	71629#4	1
2977	Q0	23906#42	0
2977	Q0	249978#27	0
2977	Q0	73941#2	0
2977	Q0	23906#13	0
2977	Q0	33369#27	0
2977	Q0	843#2	0
2977	Q0	71629#3	0
2979	Q0	153172#0	1
2979	Q0	131342#0	0
2979	Q0	234453#6	0
2979	Q0	131342#6	0
2979	Q0	131342#4	0
2979	Q0	206103#0	0
2979	Q0	34265#34	0
2979	Q0	34265#32	0
2979	Q0	34265#33	0
2979	Q0	34265#1	0
2981	Q0	18525#2	1
2981	Q0	293004#18	1
2981	Q0	18525#1	1
2981	Q0	18525#9	0
2981	Q0	149057#0	0
2981	Q0	18525#3	0
2981	Q0	18525#6	0
2981	Q0	18525#8	0
2981	Q0	18525#13	0
2981	Q0	18525#16	0
2982	Q0	628901#0	1
2982	Q0	72724#10	0
2982	Q0	72724#6	0
2982	Q0	263601#16	0
2982	Q0	441394#3	0
2982	Q0	12991#11	0
2982	Q0	2954#31	0
2982	Q0	412213#59	0
2982	Q0	63081#13	0
2983	Q0	21467#80	1
2983	Q0	21467#89	1
2983	Q0	21467#83	1
2983	Q0	21467#82	1
2983	Q0	21467#79	0
2983	Q0	21467#0	0
2983	Q0	21467#7	0
2983	Q0	21467#74	0
2983	Q0	21467#67	0
2983	Q0	21467#10	0
2984	Q0	16333#0	1
2984	Q0	16333#14	0
2984	Q0	16333#15	0
2984	Q0	106197#0	0
2984	Q0	348901#3	0
2984	Q0	285796#7	0
2984	Q0	212159#0	0
2984	Q0	36270#0	0
2984	Q0	97284#0	0
2984	Q0	349184#1	0
2985	Q0	351784#13	1
2985	Q0	62770#1	0
2985	Q0	144207#1	0
2985	Q0	315604#1	0
2985	Q0	300312#1	0
2985	Q0	314510#12	0
2985	Q0	78606#0	0
2985	Q0	154803#9	0
2985	Q0	314567#3	0
2985	Q0	351784#45	0
2986	Q0	4653#4	1
2986	Q0	307060#1	1
2986	Q0	307060#2	1
2986	Q0	27397#0	1
2986	Q0	343219#10	1
2986	Q0	32672#6	1
2986	Q0	531741#45	1
2986	Q0	291990#87	0
2986	Q0	291990#38	0
2986	Q0	38621#24	0
2986	Q0	58450#7	0
2986	Q0	531741#46	0
2988	Q0	6824#5	1
2988	Q0	3817#7	0
2988	Q0	769#1	0
2988	Q0	51353#1	0
2988	Q0	2997#1	0
2988	Q0	1073#0	0
2988	Q0	43636#3	0
2988	Q0	157422#5	0
2988	Q0	4065#5	0
2988	Q0	240888#1	0
2989	Q0	315984#0	1
2989	Q0	283053#0	0
2989	Q0	283043#0	0
2989	Q0	53353#0	0
2989	Q0	11764#52	0
2989	Q0	395161#0	0
2989	Q0	293020#0	0
2989	Q0	275436#2	0
2989	Q0	135983#0	0
2989	Q0	283693#0	0
2990	Q0	74674#4	1
2990	Q0	12915#5	1
2990	Q0	87649#47	1
2990	Q0	270894#0	0
2990	Q0	262993#2	0
2990	Q0	123754#8	0
2990	Q0	87649#17	0
2990	Q0	87649#35	0
2990	Q0	6371#1	0
2990	Q0	13072#5	0
2991	Q0	428175#0	1
2991	Q0	428175#2	1
2991	Q0	6982#18	0
2991	Q0	56833#0	0
2991	Q0	297440#0	0
2991	Q0	297574#0	0
2991	Q0	233532#1	0
2991	Q0	297553#2	0
2991	Q0	394102#1	0
2991	Q0	319148#4	0
2992	Q0	33103#0	1
2992	Q0	33103#3	1
2992	Q0	214522#1	0
2992	Q0	46486#14	0
2992	Q0	53897#6	0
2992	Q0	36400#0	0
2992	Q0	42938#7	0
2992	Q0	159574#0	0
2992	Q0	23643#4	0
2992	Q0	74674#10	0
2993	Q0	65579#0	1
2993	Q0	22934#0	1
2993	Q0	229398#3	0
2993	Q0	106125#0	0
2993	Q0	66259#2	0
2993	Q0	365707#4	0
2993	Q0	64608#5	0
2993	Q0	23699#12	0
2993	Q0	33176#145	0
2993	Q0	22934#11	0
2995	Q0	25914#1	1
2995	Q0	25914#26	1
2995	Q0	25914#33	1
2995	Q0	25914#35	0
2995	Q0	44#60	0
2995	Q0	25914#11	0
2995	Q0	25914#12	0
2995	Q0	25914#30	0
2995	Q0	25914#34	0
2995	Q0	347911#9	0
2997	Q0	59100#0	1
2997	Q0	59100#2	0
2997	Q0	8834#0	0
2997	Q0	59100#4	0
2997	Q0	59100#3	0
2997	Q0	59100#1	0
2997	Q0	59100#5	0
2997	Q0	283592#0	0
2997	Q0	390827#0	0
2997	Q0	271010#11	0
2999	Q0	7074#0	1
2999	Q0	21383#0	1
2999	Q0	44211#2	1
2999	Q0	7074#1	0
2999	Q0	44849#2	0
2999	Q0	7074#13	0
2999	Q0	7074#21	0
2999	Q0	44227#0	0
2999	Q0	7074#12	0
2999	Q0	7074#29	0
3000	Q0	81620#0	1
3000	Q0	81620#12	0
3000	Q0	81620#1	0
3000	Q0	81620#14	0
3000	Q0	81620#20	0
3000	Q0	81620#19	0
3000	Q0	81620#2	0
3000	Q0	81620#4	0
3000	Q0	81620#11	0
3000	Q0	81620#3	0
3001	Q0	214823#0	1
3001	Q0	130160#1	1
3001	Q0	7234#1	0
3001	Q0	267032#0	0
3001	Q0	347508#5	0
3001	Q0	28302#4	0
3001	Q0	314390#5	0
3001	Q0	237318#3	0
3001	Q0	29733#7	0
3001	Q0	295879#5	0
3002	Q0	20877#10	1
3002	Q0	20877#20	1
3002	Q0	20877#32	0
3002	Q0	20877#31	0
3002	Q0	20877#16	0
3002	Q0	20877#19	0
3002	Q0	20877#36	0
3002	Q0	12976#7	0
3002	Q0	214240#3	0
3002	Q0	204500#0	0
3003	Q0	288470#0	1
3003	Q0	288470#15	0
3003	Q0	288470#1	0
3003	Q0	288470#6	0
3003	Q0	288470#8	0
3003	Q0	288470#4	0
3003	Q0	288470#3	0
3003	Q0	288470#10	0
3003	Q0	418380#0	0
3003	Q0	288470#2	0
3006	Q0	802627#0	1
3006	Q0	113664#0	0
3006	Q0	113664#5	0
3006	Q0	115944#1	0
3006	Q0	113664#3	0
3006	Q0	203561#0	0
3006	Q0	255133#0	0
3006	Q0	419560#1	0
3006	Q0	3324#9	0
3006	Q0	250555#1	0
3008	Q0	125988#7	1
3008	Q0	233614#0	1
3008	Q0	233614#5	0
3008	Q0	233614#8	0
3008	Q0	233614#12	0
3008	Q0	233614#13	0
3008	Q0	233614#11	0
3008	Q0	14076#14	0
3008	Q0	233628#4	0
3008	Q0	36959#0	0
3010	Q0	261629#11	1
3010	Q0	261629#13	1
3010	Q0	261629#10	1
3010	Q0	261629#12	1
3010	Q0	410524#1	0
3010	Q0	50073#3	0
3010	Q0	45371#3	0
3010	Q0	256005#3	0
3010	Q0	140584#3	0
3010	Q0	116555#3	0
3011	Q0	300886#28	1
3011	Q0	145683#0	0
3011	Q0	296817#24	0
3011	Q0	300886#41	0
3011	Q0	145683#7	0
3011	Q0	300886#36	0
3011	Q0	300886#42	0
3011	Q0	145683#3	0
3011	Q0	300886#0	0
3011	Q0	145683#1	0
3012	Q0	133552#65	1
3012	Q0	262540#1	1
3012	Q0	133552#2	0
3012	Q0	133552#5	0
3012	Q0	133552#53	0
3012	Q0	197664#3	0
3012	Q0	314746#0	0
3012	Q0	127738#24	0
3012	Q0	69864#0	0
3012	Q0	3324#10	0
3013	Q0	20879#2	1
3013	Q0	1068346#0	1
3013	Q0	3363#1	0
3013	Q0	216897#0	0
3013	Q0	52374#7	0
3013	Q0	173144#0	0
3013	Q0	25942#0	0
3013	Q0	361920#0	0
3013	Q0	209408#6	0
3013	Q0	188142#8	0
3014	Q0	230063#1	1
3014	Q0	230063#5	1
3014	Q0	230063#2	1
3014	Q0	230063#0	1
3014	Q0	798#0	0
3014	Q0	777090#10	0
3014	Q0	2853#1	0
3014	Q0	81282#0	0
3014	Q0	84608#0	0
3014	Q0	226434#0	0
3015	Q0	4144#22	1
3015	Q0	4144#17	1
3015	Q0	68#8	0
3015	Q0	4144#15	0
3015	Q0	4144#23	0
3015	Q0	4144#34	0
3015	Q0	278753#4	0
3015	Q0	315044#1	0
3015	Q0	121517#2	0
3015	Q0	58948#0	0
3018	Q0	380698#12	1
3018	Q0	16075#2	1
3018	Q0	413015#2	1
3018	Q0	85882#4	1
3018	Q0	132650#3	0
3018	Q0	437873#4	0
3018	Q0	211528#5	0
3018	Q0	76374#40	0
3018	Q0	279066#1	0
3018	Q0	176230#4	0
3020	Q0	60878#0	1
3020	Q0	229984#0	1
3020	Q0	50869#7	1
3020	Q0	229196#2	1
3020	Q0	49#13	1
3020	Q0	60878#1	1
3020	Q0	505234#2	1
3020	Q0	60878#2	0
3020	Q0	81282#0	0
3020	Q0	1128#3	0
3021	Q0	281001#25	1
3021	Q0	838#17	0
3021	Q0	277097#2	0
3021	Q0	681965#3	0
3021	Q0	51597#0	0
3021	Q0	400361#3	0
3021	Q0	20517#3	0
3021	Q0	193656#3	0
3021	Q0	7138#1	0
3021	Q0	49429#4	0
3022	Q0	2491392#15	1
3022	Q0	6469#14	1
3022	Q0	118345#5	0
3022	Q0	409780#0	0
3022	Q0	1124#1	0
3022	Q0	213743#1	0
3022	Q0	13535#39	0
3022	Q0	263916#1	0
3022	Q0	138632#1	0
3022	Q0	33273#27	0
3023	Q0	16423#0	1
3023	Q0	331159#11	1
3023	Q0	338914#0	1
3023	Q0	26955#4	0
3023	Q0	323285#10	0
3023	Q0	262600#14	0
3023	Q0	255599#5	0
3023	Q0	323285#1	0
3023	Q0	214259#3	0
3023	Q0	3806#8	0
3024	Q0	748#11	1
3024	Q0	11467#6	1
3024	Q0	415735#5	0
3024	Q0	76552#0	0
3024	Q0	18084#23	0
3024	Q0	344118#0	0
3024	Q0	415735#6	0
3024	Q0	376168#0	0
3024	Q0	344084#9	0
3024	Q0	415735#12	0
3025	Q0	140750#0	1
3025	Q0	140750#13	0
3025	Q0	140750#12	0
3025	Q0	140750#10	0
3025	Q0	140750#35	0
3025	Q0	140750#14	0
3025	Q0	140750#11	0
3025	Q0	140750#6	0
3025	Q0	140750#7	0
3025	Q0	140750#15	0
3026	Q0	65266#2	1
3026	Q0	65266#1	1
3026	Q0	65266#0	0
3026	Q0	65266#3	0
3026	Q0	283043#0	0
3026	Q0	283693#0	0
3026	Q0	316096#0	0
3026	Q0	65265#1	0
3026	Q0	11764#29	0
3026	Q0	293020#0	0
3027	Q0	8462#86	1
3027	Q0	107414#0	1
3027	Q0	111385#0	1
3027	Q0	372325#0	1
3027	Q0	111385#4	1
3027	Q0	111385#6	1
3027	Q0	111385#2	0
3027	Q0	111385#3	0
3027	Q0	138345#7	0
3027	Q0	111124#0	0
3028	Q0	71010#0	1
3028	Q0	71010#41	1
3028	Q0	71010#18	1
3028	Q0	71010#42	1
3028	Q0	15922#17	1
3028	Q0	15922#18	1
3028	Q0	71010#1	1
3028	Q0	71010#6	0
3028	Q0	71010#27	0
3028	Q0	158335#0	0
3028	Q0	81282#0	0
3029	Q0	316101#12	1
3029	Q0	316101#16	1
3029	Q0	10627#44	1
3029	Q0	316101#0	1
3029	Q0	15247#8	1
3029	Q0	316101#20	1
3029	Q0	47391#0	0
3029	Q0	316101#2	0
3029	Q0	3794#7	0
3029	Q0	40517#46	0
3030	Q0	28657#59	1
3030	Q0	28657#58	1
3030	Q0	28657#4	1
3030	Q0	12198#0	0
3030	Q0	12198#6	0
3030	Q0	12198#2	0
3030	Q0	12198#8	0
3030	Q0	12198#16	0
3030	Q0	85947#13	0
3030	Q0	93883#15	0
3032	Q0	4414#22	1
3032	Q0	4414#26	0
3032	Q0	190318#0	0
3032	Q0	283849#0	0
3032	Q0	283845#0	0
3032	Q0	4414#24	0
3032	Q0	355354#0	0
3032	Q0	56131#0	0
3032	Q0	355333#0	0
3034	Q0	265393#27	1
3034	Q0	265376#0	1
3034	Q0	265398#1	1
3034	Q0	265396#0	1
3034	Q0	265393#10	0
3034	Q0	265393#28	0
3034	Q0	251290#14	0
3034	Q0	237604#5	0
3034	Q0	265393#31	0
3034	Q0	87998#0	0
3036	Q0	127392#0	1
3036	Q0	127401#2	1
3036	Q0	5#1	1
3036	Q0	68289#0	1
3036	Q0	36915#6	1
3036	Q0	1064#0	1
3036	Q0	68286#0	1
3036	Q0	127401#0	1
3036	Q0	36915#5	0
3036	Q0	24592#0	0
3037	Q0	33176#117	1
3037	Q0	35364#0	1
3037	Q0	33176#146	1
3037	Q0	319148#3	1
3037	Q0	121944#3	0
3037	Q0	35364#1	0
3037	Q0	4396#22	0
3037	Q0	267536#8	0
3037	Q0	319148#4	0
3037	Q0	296543#7	0
3039	Q0	51011#0	1
3039	Q0	45342#16	1
3039	Q0	45342#0	1
3039	Q0	416068#9	0
3039	Q0	121664#0	0
3039	Q0	416068#15	0
3039	Q0	121676#46	0
3039	Q0	121666#0	0
3039	Q0	45342#1	0
3039	Q0	45342#2	0
3040	Q0	274043#3	1
3040	Q0	274043#2	1
3040	Q0	224786#2	1
3040	Q0	274043#11	0
3040	Q0	274043#1	0
3040	Q0	274043#6	0
3040	Q0	274043#5	0
3040	Q0	274043#10	0
3040	Q0	274043#4	0
3040	Q0	274043#8	0
3043	Q0	260034#9	1
3043	Q0	709#53	0
3043	Q0	690#66	0
3043	Q0	25459#99	0
3043	Q0	144339#1	0
3043	Q0	690#69	0
3043	Q0	45321#6	0
3043	Q0	690#16	0
3043	Q0	1101#40	0
3043	Q0	195112#1	0
3044	Q0	4404#17	1
3044	Q0	4404#16	1
3044	Q0	26646#17	1
3044	Q0	5830#6	1
3044	Q0	52181#18	1
3044	Q0	4404#3	0
3044	Q0	4404#0	0
3044	Q0	44431#0	0
3044	Q0	56916#0	0
3044	Q0	5673#0	0
3047	Q0	76374#2	1
3047	Q0	76374#19	0
3047	Q0	76374#12	0
3049	Q0	112900#3	1
3049	Q0	11467#1	0
3049	Q0	251620#2	0
3049	Q0	78175#3	0
3049	Q0	221847#1	0
3049	Q0	106191#0	0
3049	Q0	34420#1	0
3049	Q0	7349#7	0
3049	Q0	30358#0	0
3049	Q0	106191#1	0
3050	Q0	103023#0	1
3050	Q0	103023#1	1
3050	Q0	103023#2	1
3050	Q0	336039#0	1
3050	Q0	318519#2	1
3050	Q0	10885#3	0
3050	Q0	286124#1	0
3050	Q0	268454#2	0
3050	Q0	434772#6	0
3050	Q0	70030#11	0
3053	Q0	103222#1	1
3053	Q0	74645#4	1
3053	Q0	103222#2	1
3053	Q0	346328#11	0
3053	Q0	193115#0	0
3053	Q0	87361#2	0
3053	Q0	87361#1	0
3053	Q0	114485#2	0
3053	Q0	50824#2	0
3053	Q0	125963#2	0
3056	Q0	15745#34	1
3056	Q0	24594#3	1
3056	Q0	6530#6	0
3056	Q0	134343#4	0
3056	Q0	4144#8	0
3056	Q0	15168#0	0
3056	Q0	373076#0	0
3056	Q0	4037#2	0
3056	Q0	25307#9	0
3056	Q0	61470#8	0
3058	Q0	50759#3	1
3058	Q0	121622#12	0
3058	Q0	152661#4	0
3058	Q0	291417#0	0
3058	Q0	121622#0	0
3058	Q0	121622#1	0
3058	Q0	121622#7	0
3058	Q0	121622#3	0
3058	Q0	121622#28	0
3058	Q0	121622#5	0
3059	Q0	7824#0	1
3059	Q0	311806#0	1
3059	Q0	13267#0	1
3059	Q0	20829#1	1
3059	Q0	76349#6	0
3059	Q0	7824#3	0
3059	Q0	7824#4	0
3059	Q0	7824#24	0
3059	Q0	7824#5	0
3059	Q0	7824#15	0
3061	Q0	15247#8	1
3061	Q0	3107#0	1
3061	Q0	3107#35	1
3061	Q0	350073#0	1
3061	Q0	132859#0	1
3061	Q0	3107#2	1
3061	Q0	350073#1	1
3061	Q0	54#18	1
3061	Q0	3107#31	1
3061	Q0	3107#21	1
3061	Q0	3107#5	0
3061	Q0	3107#1	0
3062	Q0	46695#17	1
3062	Q0	46695#4	1
3062	Q0	46695#3	1
3062	Q0	46695#10	1
3062	Q0	46695#14	0
3062	Q0	46695#1	0
3062	Q0	4138#24	0
3062	Q0	236580#1	0
3062	Q0	46695#2	0
3062	Q0	46695#0	0
3063	Q0	230994#5	1
3063	Q0	230994#13	1
3063	Q0	4562#49	0
3063	Q0	294376#0	0
3063	Q0	230994#7	0
3063	Q0	230994#3	0
3063	Q0	709#0	0
3063	Q0	319231#0	0
3063	Q0	17311#9	0
3063	Q0	16797#5	0
3064	Q0	28980#0	1
3064	Q0	28980#1	0
3064	Q0	31474#9	0
3064	Q0	20661#5	0
3064	Q0	28980#2	0
3064	Q0	28980#5	0
3064	Q0	28980#19	0
3064	Q0	104516#1	0
3064	Q0	28980#8	0
3064	Q0	28980#14	0
3067	Q0	18108#1	1
3067	Q0	18108#0	1
3067	Q0	18108#6	1
3067	Q0	18108#3	1
3067	Q0	18108#7	0
3067	Q0	65132#0	0
3067	Q0	80842#0	0
3067	Q0	54916#1	0
3067	Q0	18108#2	0
3067	Q0	18108#4	0
3068	Q0	58128#7	1
3068	Q0	58128#3	1
3068	Q0	18024#0	1
3068	Q0	58128#16	1
3068	Q0	58128#10	1
3068	Q0	58128#2	1
3068	Q0	58128#1	0
3068	Q0	58128#12	0
3068	Q0	58128#15	0
3068	Q0	67959#0	0
3069	Q0	13065#25	1
3069	Q0	13065#24	0
3069	Q0	13065#20	0
3069	Q0	316961#0	0
3069	Q0	13065#13	0
3069	Q0	20183#8	0
3069	Q0	25720#28	0
3069	Q0	21338#16	0
3069	Q0	16924#50	0
3069	Q0	13065#2	0
3070	Q0	84316#0	1
3070	Q0	84316#5	1
3070	Q0	84316#4	0
3070	Q0	84316#3	0
3070	Q0	84316#1	0
3070	Q0	84316#6	0
3070	Q0	61936#58	0
3070	Q0	61936#34	0
3070	Q0	86349#3	0
3070	Q0	402855#35	0
3072	Q0	35361#0	1
3072	Q0	53413#5	1
3072	Q0	402681#0	0
3072	Q0	74706#10	0
3072	Q0	402681#2	0
3072	Q0	419560#1	0
3072	Q0	35361#1	0
3072	Q0	156898#26	0
3072	Q0	383689#2	0
3072	Q0	252780#5	0
3073	Q0	36107#5	1
3073	Q0	36107#3	1
3073	Q0	36107#2	1
3073	Q0	36107#0	1
3073	Q0	36107#4	1
3073	Q0	36107#6	1
3073	Q0	36107#12	1
3073	Q0	337235#0	0
3073	Q0	36107#14	0
3073	Q0	250468#6	0
3074	Q0	889#2	1
3074	Q0	49636#0	1
3074	Q0	57720#2	1
3074	Q0	209888#42	1
3074	Q0	53228#1	1
3074	Q0	80620#4	0
3074	Q0	19019#2	0
3074	Q0	889#18	0
3074	Q0	430261#0	0
3074	Q0	53228#20	0
3074	Q0	27780#0	0
3074	Q0	53228#22	0
3076	Q0	123662#1	1
3076	Q0	216141#12	1
3076	Q0	216141#14	1
3076	Q0	40517#46	0
3076	Q0	3794#7	0
3076	Q0	207501#1	0
3076	Q0	3022#28	0
3076	Q0	81282#0	0
3076	Q0	34598#0	0
3076	Q0	84608#0	0
3077	Q0	44105#1	1
3077	Q0	269726#9	0
3077	Q0	72435#0	0
3077	Q0	37148#5	0
3077	Q0	44105#5	0
3077	Q0	443214#5	0
3078	Q0	133637#0	1
3078	Q0	17131#0	0
3078	Q0	132738#13	0
3078	Q0	133198#3	0
3078	Q0	17131#15	0
3078	Q0	42350#2	0
3078	Q0	37722#14	0
3078	Q0	4470#4	0
3078	Q0	193266#1	0
3078	Q0	200279#0	0
3079	Q0	4759#43	1
3079	Q0	198172#0	1
3079	Q0	4759#22	1
3079	Q0	4759#12	1
3079	Q0	4759#2	1
3079	Q0	4759#31	1
3079	Q0	4759#6	1
3079	Q0	4759#42	0
3079	Q0	4759#44	0
3079	Q0	4759#45	0
3080	Q0	84#37	1
3080	Q0	49666#19	1
3080	Q0	3794#7	0
3080	Q0	3920#0	0
3080	Q0	84#42	0
3080	Q0	3022#28	0
3080	Q0	621200#0	0
3080	Q0	81282#0	0
3080	Q0	84608#0	0
3080	Q0	226434#0	0
3081	Q0	39971#2	1
3081	Q0	45610#4	1
3081	Q0	134553#3	1
3081	Q0	46876#0	1
3081	Q0	46876#3	1
3081	Q0	46876#8	1
3081	Q0	123754#8	0
3081	Q0	39436#3	0
3081	Q0	245345#4	0
3081	Q0	13072#5	0
3081	Q0	739#5	0
3081	Q0	10793#18	0
3081	Q0	76081#7	0
3081	Q0	46876#12	0
3082	Q0	1051#1	1
3082	Q0	246302#0	1
3082	Q0	397343#7	1
3082	Q0	397343#0	1
3082	Q0	216754#4	0
3082	Q0	60617#54	0
3082	Q0	262571#4	0
3082	Q0	4732#6	0
3082	Q0	857#1	0
3082	Q0	277264#0	0
3085	Q0	63687#1	1
3085	Q0	63687#12	0
3085	Q0	63687#5	0
3085	Q0	63687#13	0
3085	Q0	63687#8	0
3085	Q0	63687#9	0
3085	Q0	63687#3	0
3085	Q0	63687#2	0
3085	Q0	63687#0	0
3085	Q0	63687#6	0
3086	Q0	41124#1	1
3086	Q0	41124#3	1
3086	Q0	127710#23	1
3086	Q0	13374#45	0
3086	Q0	233614#3	0
3086	Q0	41124#15	0
3086	Q0	25976#3	0
3086	Q0	4065#5	0
3086	Q0	247322#1	0
3086	Q0	218211#14	0
3092	Q0	3126#8	1
3092	Q0	23906#49	1
3092	Q0	23906#53	1
3092	Q0	146901#17	0
3092	Q0	61988#1	0
3092	Q0	61988#2	0
3092	Q0	61988#31	0
3092	Q0	61988#0	0
3092	Q0	61988#3	0
3092	Q0	146901#3	0
3093	Q0	127744#0	1
3093	Q0	127744#4	0
3093	Q0	127744#2	0
3093	Q0	127744#1	0
3093	Q0	127744#10	0
3093	Q0	127744#3	0
3093	Q0	127744#21	0
3093	Q0	127744#7	0
3093	Q0	127744#6	0
3093	Q0	127744#18	0
3094	Q0	13581#16	1
3094	Q0	75437#8	1
3094	Q0	33176#69	1
3094	Q0	17036#2	1
3094	Q0	13581#21	0
3094	Q0	4391#10	0
3094	Q0	13581#37	0
3094	Q0	33176#87	0
3094	Q0	12561#61	0
3094	Q0	13581#18	0
3096	Q0	23819#4	1
3096	Q0	33369#2	1
3096	Q0	299283#5	0
3096	Q0	35095#6	0
3096	Q0	8106#21	0
3096	Q0	291923#15	0
3096	Q0	27203#10	0
3096	Q0	433420#2	0
3096	Q0	24549#4	0
3096	Q0	56861#4	0
3097	Q0	1130#1	1
3097	Q0	261388#0	0
3097	Q0	420774#1	0
3097	Q0	152698#1	0
3097	Q0	16055#18	0
3097	Q0	4926#3	0
3097	Q0	19796#1	0
3097	Q0	16193#0	0
3097	Q0	8104#6	0
3097	Q0	4526#19	0
3098	Q0	296207#18	1
3098	Q0	296207#20	1
3098	Q0	5442#14	1
3098	Q0	5442#8	1
3098	Q0	285661#12	0
3098	Q0	296207#21	0
3098	Q0	296207#15	0
3098	Q0	5442#6	0
3098	Q0	2834#18	0
3098	Q0	321089#3	0
3098	Q0	7055#63	0
3099	Q0	41072#0	1
3099	Q0	3820#11	0
3099	Q0	9247#3	0
3099	Q0	3820#2	0
3099	Q0	3820#1	0
3099	Q0	3820#10	0
3099	Q0	3820#0	0
3099	Q0	3820#6	0
3099	Q0	86321#6	0
3099	Q0	41072#2	0
3100	Q0	328148#1	1
3100	Q0	328148#2	1
3100	Q0	4448#11	1
3100	Q0	80842#0	0
3100	Q0	42986#0	0
3100	Q0	214824#3	0
3100	Q0	308922#0	0
3100	Q0	27008#11	0
3100	Q0	48513#2	0
3100	Q0	331833#0	0
3101	Q0	11307#6	1
3101	Q0	11018#45	1
3101	Q0	11307#7	1
3101	Q0	82197#1	0
3101	Q0	86511#2	0
3101	Q0	11018#0	0
3101	Q0	392957#9	0
3101	Q0	356476#6	0
3101	Q0	94121#5	0
3101	Q0	2635#9	0
3102	Q0	325951#9	1
3102	Q0	151286#0	1
3102	Q0	325951#10	0
3102	Q0	3387#3	0
3102	Q0	3022#28	0
3102	Q0	81282#0	0
3102	Q0	190851#8	0
3102	Q0	84608#0	0
3102	Q0	26235#1	0
3102	Q0	226434#0	0
3103	Q0	2867#1	1
3103	Q0	2867#0	1
3103	Q0	101772#0	1
3103	Q0	2867#2	0
3103	Q0	4650#1	0
3103	Q0	16850#4	0
3103	Q0	1130#4	0
3103	Q0	259087#12	0
3103	Q0	266684#0	0
3103	Q0	124108#23	0
3105	Q0	36782#1	1
3105	Q0	36782#0	1
3105	Q0	36782#7	1
3105	Q0	36701#14	1
3105	Q0	36782#3	0
3105	Q0	36782#6	0
3105	Q0	36782#10	0
3105	Q0	36782#8	0
3105	Q0	398973#3	0
3105	Q0	165775#4	0
3106	Q0	14939#21	1
3106	Q0	14939#26	1
3106	Q0	14939#14	1
3106	Q0	14939#6	0
3106	Q0	14939#15	0
3106	Q0	14939#30	0
3106	Q0	14646#6	0
3106	Q0	14939#16	0
3106	Q0	14939#7	0
3106	Q0	69601#26	0
3107	Q0	983272#2	1
3107	Q0	278223#11	0
3107	Q0	37096#0	0
3107	Q0	30271#0	0
3107	Q0	3235#4	0
3107	Q0	132991#1	0
3107	Q0	29963#5	0
3107	Q0	243585#0	0
3107	Q0	32801#0	0
3107	Q0	147299#0	0
3108	Q0	13427#0	1
3108	Q0	13432#10	1
3108	Q0	206974#2	1
3108	Q0	1130#53	0
3108	Q0	6459#11	0
3108	Q0	1130#7	0
3108	Q0	206974#0	0
3108	Q0	206974#1	0
3108	Q0	418599#3	0
3108	Q0	2705#28	0
3111	Q0	3493#2	1
3111	Q0	3493#0	1
3111	Q0	33176#157	1
3111	Q0	3493#114	1
3111	Q0	46589#0	1
3111	Q0	240868#54	0
3111	Q0	384908#0	0
3111	Q0	82603#0	0
3111	Q0	18812#1	0
3111	Q0	3493#32	0
3112	Q0	784#0	1
3112	Q0	251800#0	0
3112	Q0	69430#5	0
3112	Q0	302061#0	0
3112	Q0	60393#0	0
3112	Q0	69430#4	0
3112	Q0	5431#0	0
3112	Q0	218574#0	0
3112	Q0	64189#0	0
3112	Q0	784#38	0
3116	Q0	400385#1	1
3116	Q0	301394#4	1
3116	Q0	400385#0	0
3116	Q0	400385#4	0
3116	Q0	301394#0	0
3116	Q0	400385#10	0
3116	Q0	301394#3	0
3116	Q0	128613#1	0
3116	Q0	58213#0	0
3116	Q0	406791#1	0
3117	Q0	437782#6	1
3117	Q0	437782#7	1
3117	Q0	437782#9	1
3117	Q0	437782#2	1
3117	Q0	505746#3	1
3117	Q0	505746#15	1
3117	Q0	505746#4	1
3117	Q0	505746#1	1
3117	Q0	505746#0	1
3117	Q0	505746#2	1
3117	Q0	505746#16	1
3117	Q0	442841#9	0
3117	Q0	442841#11	0
3117	Q0	15055#23	0
3117	Q0	340370#2	0
3117	Q0	442841#0	0
3117	Q0	361412#10	0
3117	Q0	505746#9	0
3117	Q0	505746#7	0
3118	Q0	121667#9	1
3118	Q0	121667#0	1
3118	Q0	121667#7	1
3118	Q0	121667#6	1
3118	Q0	84393#9	0
3118	Q0	18357#5	0
3118	Q0	18357#15	0
3118	Q0	7096#7	0
3118	Q0	135310#2	0
3118	Q0	84393#7	0
3120	Q0	756#5	1
3120	Q0	2643#37	1
3120	Q0	3909#0	1
3120	Q0	6906#22	1
3120	Q0	21839#3	1
3120	Q0	233735#1	1
3120	Q0	6509#41	1
3120	Q0	8613#11	1
3120	Q0	9588#7	1
3120	Q0	8273#28	0
3123	Q0	51406#3	1
3123	Q0	51406#4	1
3123	Q0	51404#1	1
3123	Q0	51406#1	1
3123	Q0	51406#0	1
3123	Q0	51406#5	1
3123	Q0	51404#0	0
3123	Q0	236668#21	0
3123	Q0	51406#2	0
3123	Q0	51404#3	0
3124	Q0	24600#0	1
3124	Q0	203033#1	1
3124	Q0	24600#45	1
3124	Q0	24600#46	1
3124	Q0	201022#0	1
3124	Q0	24600#16	0
3124	Q0	24600#21	0
3124	Q0	180795#6	0
3124	Q0	24600#20	0
3124	Q0	24600#12	0
3125	Q0	33176#63	1
3125	Q0	23372#8	1
3125	Q0	233368#7	1
3125	Q0	233368#1	1
3125	Q0	233368#0	0
3125	Q0	233368#74	0
3125	Q0	233368#40	0
3125	Q0	235775#51	0
3125	Q0	233368#77	0
3125	Q0	233368#49	0
3126	Q0	132247#0	1
3126	Q0	15317#0	1
3126	Q0	110120#0	1
3126	Q0	15317#6	1
3126	Q0	1169722#1	0
3126	Q0	81282#0	0
3126	Q0	3803#9	0
3126	Q0	212607#0	0
3126	Q0	226434#0	0
3126	Q0	1029#39	0
3127	Q0	22930#0	1
3127	Q0	22930#4	0
3127	Q0	23699#15	0
3127	Q0	33176#62	0
3127	Q0	23699#14	0
3127	Q0	264634#3	0
3127	Q0	23379#18	0
3127	Q0	25761#15	0
3127	Q0	108052#0	0
3127	Q0	23699#13	0
3129	Q0	69502#0	1
3129	Q0	120035#0	1
3129	Q0	57580#0	1
3129	Q0	69502#1	0
3129	Q0	112900#17	0
3129	Q0	57601#0	0
3129	Q0	56959#0	0
3129	Q0	58349#0	0
3129	Q0	122547#0	0
3129	Q0	57643#0	0
3130	Q0	1528403#0	1
3130	Q0	1528403#9	1
3130	Q0	1528403#16	1
3130	Q0	1528403#3	1
3130	Q0	1528403#4	1
3130	Q0	1528403#11	1
3130	Q0	1528403#5	1
3130	Q0	1528403#14	1
3130	Q0	3999#10	0
3130	Q0	118921#4	0
3130	Q0	27381#2	0
3130	Q0	7125#25	0
3130	Q0	7125#36	0
3130	Q0	66261#0	0
3130	Q0	126629#13	0
3130	Q0	126629#0	0
3130	Q0	195274#0	0
3130	Q0	126629#15	0
3132	Q0	315652#0	1
3132	Q0	1800183#0	1
3132	Q0	1800183#1	1
3132	Q0	1800183#5	1
3132	Q0	1800183#2	1
3132	Q0	1800183#4	1
3132	Q0	296148#0	0
3132	Q0	148567#0	0
3132	Q0	418800#18	0
3132	Q0	304220#0	0
3132	Q0	195866#32	0
3132	Q0	74137#1	0
3132	Q0	60009#0	0
3132	Q0	291711#0	0
3132	Q0	178059#6	0
3133	Q0	4425#0	1
3133	Q0	12708#1	0
3133	Q0	13531#0	0
3133	Q0	4497#0	0
3133	Q0	4425#37	0
3133	Q0	4458#1	0
3133	Q0	4498#0	0
3133	Q0	5139#0	0
3133	Q0	27009#0	0
3133	Q0	5146#0	0
3134	Q0	33294#3	1
3134	Q0	285661#31	1
3134	Q0	44476#0	1
3134	Q0	13849#0	0
3134	Q0	3572#0	0
3134	Q0	13849#6	0
3134	Q0	13849#4	0
3134	Q0	285661#13	0
3134	Q0	285661#5	0
3134	Q0	285661#16	0
3135	Q0	11670#0	1
3135	Q0	11670#3	0
3135	Q0	370731#3	0
3135	Q0	4100#21	0
3135	Q0	370731#6	0
3135	Q0	36684#0	0
3135	Q0	11670#2	0
3135	Q0	11670#4	0
3135	Q0	27214#0	0
3135	Q0	33150#1	0
3136	Q0	349548#10	1
3136	Q0	349548#3	0
3136	Q0	18194#7	0
3136	Q0	81282#0	0
3136	Q0	3992#5	0
3136	Q0	84608#0	0
3136	Q0	226434#0	0
3136	Q0	141516#8	0
3136	Q0	141516#9	0
3136	Q0	294477#0	0
3137	Q0	242752#0	1
3137	Q0	194580#0	1
3137	Q0	2841#5	1
3137	Q0	226812#1	1
3137	Q0	254393#0	0
3137	Q0	254373#0	0
3137	Q0	254233#0	0
3137	Q0	254269#0	0
3137	Q0	254221#0	0
3137	Q0	308973#4	0
3138	Q0	4696#10	1
3138	Q0	368394#3	1
3138	Q0	368394#6	1
3138	Q0	4696#13	1
3138	Q0	4696#12	0
3138	Q0	18186#4	0
3138	Q0	417833#0	0
3138	Q0	363963#1	0
3138	Q0	148574#11	0
3138	Q0	79399#7	0
3140	Q0	57069#1	1
3140	Q0	381211#3	1
3140	Q0	327598#0	1
3140	Q0	4109#25	0
3140	Q0	4052#33	0
3140	Q0	42788#6	0
3140	Q0	377991#3	0
3140	Q0	54455#32	0
3140	Q0	54275#6	0
3140	Q0	4134#13	0
3142	Q0	1631753#0	1
3142	Q0	20877#46	0
3142	Q0	11292#137	0
3142	Q0	54829#0	0
3142	Q0	222330#14	0
3142	Q0	128054#0	0
3142	Q0	356390#58	0
3142	Q0	442086#14	0
3142	Q0	3309#1	0
3142	Q0	360976#17	0
3143	Q0	45569#15	1
3143	Q0	45788#3	1
3143	Q0	45788#2	1
3143	Q0	45569#0	1
3143	Q0	45788#20	1
3143	Q0	35368#24	0
3143	Q0	230994#0	0
3143	Q0	45569#28	0
3143	Q0	45569#26	0
3143	Q0	45569#8	0
3144	Q0	56690#0	1
3144	Q0	56686#0	1
3144	Q0	56686#1	1
3144	Q0	56686#2	1
3144	Q0	4155#1	0
3144	Q0	4155#0	0
3144	Q0	56687#2	0
3144	Q0	4190#15	0
3144	Q0	11412#6	0
3144	Q0	11412#16	0
3145	Q0	35096#4	1
3145	Q0	35096#3	1
3145	Q0	35096#1	1
3145	Q0	146066#6	1
3145	Q0	154538#3	0
3145	Q0	35096#0	0
3145	Q0	35096#2	0
3145	Q0	818#6	0
3145	Q0	4762#6	0
3147	Q0	11018#0	1
3147	Q0	268738#0	1
3147	Q0	300361#0	1
3147	Q0	11018#45	1
3147	Q0	19430#7	0
3147	Q0	331469#5	0
3147	Q0	11018#4	0
3147	Q0	109444#0	0
3147	Q0	236249#1	0
3147	Q0	300361#8	0
3148	Q0	71185#3	1
3148	Q0	235645#13	1
3148	Q0	232704#10	1
3148	Q0	229976#14	1
3148	Q0	235645#2	0
3148	Q0	235645#8	0
3148	Q0	229976#15	0
3148	Q0	235645#9	0
3148	Q0	235645#24	0
3148	Q0	235645#3	0
3149	Q0	21204#0	1
3149	Q0	139886#0	1
3149	Q0	13952#77	1
3149	Q0	328588#0	0
3149	Q0	287124#0	0
3149	Q0	139886#1	0
3149	Q0	286385#0	0
3149	Q0	328588#2	0
3149	Q0	21204#2	0
3149	Q0	21202#3	0
3150	Q0	20877#48	1
3150	Q0	236412#7	0
3150	Q0	236412#4	0
3150	Q0	18794#47	0
3150	Q0	32307#1	0
3150	Q0	3855#33	0
3150	Q0	250604#1	0
3150	Q0	341980#4	0
3150	Q0	14045#8	0
3150	Q0	45535#48	0
3151	Q0	11804#2	1
3151	Q0	100834#4	1
3151	Q0	11804#5	1
3151	Q0	148092#75	0
3151	Q0	255891#2	0
3151	Q0	148092#60	0
3151	Q0	148092#57	0
3151	Q0	148092#66	0
3151	Q0	255891#5	0
3151	Q0	11800#4	0
3152	Q0	13532#0	1
3152	Q0	13532#1	1
3152	Q0	68#12	0
3152	Q0	202888#1	0
3152	Q0	55429#0	0
3152	Q0	255166#1	0
3152	Q0	41233#0	0
3152	Q0	20744#0	0
3152	Q0	16651#1	0
3152	Q0	17229#1	0
3154	Q0	348684#1	1
3154	Q0	6076#0	1
3154	Q0	6076#11	1
3154	Q0	6076#31	1
3154	Q0	22859#0	0
3154	Q0	16771#0	0
3154	Q0	80534#1	0
3154	Q0	6076#6	0
3154	Q0	36761#2	0
3154	Q0	6076#32	0
3154	Q0	19552#8	0
3154	Q0	6076#51	0
3155	Q0	4468#2	1
3155	Q0	4468#15	1
3155	Q0	690#32	0
3155	Q0	68#12	0
3155	Q0	4196#32	0
3155	Q0	54469#1	0
3155	Q0	14110#23	0
3155	Q0	838#17	0
3155	Q0	4119#2	0
3155	Q0	2066975#36	0
3156	Q0	329954#0	1
3156	Q0	4502#9	1
3156	Q0	36869#0	1
3156	Q0	97504#4	0
3156	Q0	209421#0	0
3156	Q0	83815#47	0
3156	Q0	33622#3	0
3156	Q0	209421#2	0
3156	Q0	97504#2	0
3156	Q0	1087#3	0
3159	Q0	149067#4	1
3159	Q0	250417#0	1
3159	Q0	149067#0	0
3159	Q0	228474#42	0
3159	Q0	288046#3	0
3159	Q0	288046#2	0
3159	Q0	5695#7	0
3159	Q0	329929#1	0
3159	Q0	221569#10	0
3159	Q0	141936#0	0
3160	Q0	11444#0	1
3160	Q0	72541#11	0
3160	Q0	402196#3	0
3160	Q0	188004#1	0
3160	Q0	2954#31	0
3160	Q0	51240#0	0
3160	Q0	80773#13	0
3160	Q0	79306#6	0
3160	Q0	204180#12	0
3160	Q0	311345#23	0
3162	Q0	45540#30	1
3162	Q0	260297#0	1
3162	Q0	45540#33	1
3162	Q0	67096#61	1
3162	Q0	260297#1	0
3162	Q0	67096#1	0
3162	Q0	45540#32	0
3162	Q0	67096#59	0
3162	Q0	260297#2	0
3162	Q0	45540#37	0
3163	Q0	44#39	1
3163	Q0	65168#2	0
3163	Q0	3771#15	0
3163	Q0	68#12	0
3163	Q0	5431#15	0
3163	Q0	15636#0	0
3163	Q0	82908#1	0
3163	Q0	15745#7	0
3163	Q0	35806#0	0
3163	Q0	55429#0	0
3164	Q0	234833#36	1
3164	Q0	143732#0	1
3164	Q0	143731#0	1
3164	Q0	143732#1	1
3164	Q0	122940#1	1
3164	Q0	2980#1	0
3164	Q0	3172#16	0
3164	Q0	36163#5	0
3164	Q0	798#12	0
3164	Q0	270794#1	0
3165	Q0	44802#1	1
3165	Q0	135925#30	0
3165	Q0	32321#37	0
3165	Q0	29955#4	0
3165	Q0	4098#14	0
3165	Q0	233300#0	0
3165	Q0	36624#16	0
3165	Q0	62199#43	0
3165	Q0	2739#19	0
3165	Q0	234833#22	0
3166	Q0	1400819#1	1
3166	Q0	81282#0	0
3166	Q0	3674#11	0
3166	Q0	84608#0	0
3166	Q0	226434#0	0
3166	Q0	13999#10	0
3166	Q0	198269#0	0
3166	Q0	360994#0	0
3166	Q0	3572#0	0
3166	Q0	195685#6	0
3167	Q0	192054#1	1
3167	Q0	31753#0	1
3167	Q0	428294#0	1
3167	Q0	82815#0	1
3167	Q0	4100#0	1
3167	Q0	31754#0	0
3167	Q0	31758#5	0
3167	Q0	31758#0	0
3167	Q0	5431#60	0
3167	Q0	274610#0	0
3168	Q0	4962#52	1
3168	Q0	324758#1	1
3168	Q0	266999#32	1
3168	Q0	29955#8	0
3168	Q0	686#3	0
3168	Q0	273895#0	0
3168	Q0	4962#1	0
3168	Q0	3197#0	0
3168	Q0	145707#120	0
3168	Q0	6417#0	0
3169	Q0	2961#1	1
3169	Q0	154904#0	1
3169	Q0	100128#0	1
3169	Q0	252993#1	0
3169	Q0	2969#0	0
3169	Q0	252993#5	0
3169	Q0	219526#47	0
3169	Q0	5072#2	0
3169	Q0	2961#0	0
3169	Q0	252993#2	0
3170	Q0	184512#1	1
3170	Q0	316473#4	1
3170	Q0	184512#0	0
3170	Q0	184512#8	0
3170	Q0	196293#1	0
3170	Q0	381616#2	0
3170	Q0	184512#4	0
3170	Q0	184512#9	0
3170	Q0	302408#45	0
3170	Q0	184512#3	0
3171	Q0	107137#22	1
3171	Q0	107137#15	1
3171	Q0	34638#23	0
3171	Q0	3324#5	0
3171	Q0	20371#4	0
3171	Q0	21839#16	0
3171	Q0	78699#0	0
3171	Q0	146169#45	0
3171	Q0	180397#0	0
3171	Q0	205607#3	0
3172	Q0	17315#15	1
3172	Q0	359959#0	1
3172	Q0	17315#0	0
3172	Q0	17315#6	0
3172	Q0	6509#14	0
3172	Q0	17315#14	0
3172	Q0	6509#54	0
3172	Q0	17315#1	0
3172	Q0	71431#5	0
3172	Q0	17315#5	0
3173	Q0	22099#9	1
3173	Q0	22099#4	1
3173	Q0	22099#1	1
3173	Q0	22099#0	1
3173	Q0	22099#28	1
3173	Q0	22099#27	1
3173	Q0	22099#42	1
3173	Q0	22099#68	1
3173	Q0	20711#0	0
3173	Q0	2834#41	0
3173	Q0	3803#10	0
3173	Q0	81282#0	0
3173	Q0	226434#0	0
3173	Q0	84608#0	0
3173	Q0	68692#17	0
3173	Q0	22099#70	0
3173	Q0	22099#62	0
3174	Q0	4502#6	1
3174	Q0	19552#1	1
3174	Q0	16248#0	1
3174	Q0	13926#1	0
3174	Q0	196099#0	0
3174	Q0	16248#17	0
3174	Q0	120441#0	0
3174	Q0	13926#0	0
3174	Q0	13926#3	0
3174	Q0	4502#28	0
3176	Q0	58851#0	1
3176	Q0	18379#3	1
3176	Q0	87717#9	1
3176	Q0	236426#53	1
3176	Q0	243651#1	0
3176	Q0	236426#54	0
3176	Q0	58851#6	0
3176	Q0	215834#2	0
3176	Q0	236426#61	0
3176	Q0	198730#1	0
3177	Q0	3720#0	1
3177	Q0	6276#48	1
3177	Q0	2739#5	1
3177	Q0	6276#9	1
3177	Q0	3109#34	1
3177	Q0	6276#19	1
3177	Q0	62101#4	1
3177	Q0	16733#0	1
3177	Q0	61759#48	0
3177	Q0	325369#5	0
3179	Q0	229101#0	1
3179	Q0	973554#1	1
3179	Q0	973554#4	1
3179	Q0	324044#1	0
3179	Q0	205378#0	0
3179	Q0	282341#2	0
3179	Q0	70339#3	0
3179	Q0	375896#1	0
3179	Q0	380721#14	0
3179	Q0	380721#15	0
3179	Q0	380721#4	0
3179	Q0	205378#8	0
3179	Q0	973554#8	0
3179	Q0	973554#2	0
3179	Q0	973554#7	0
3179	Q0	973554#0	0
3184	Q0	3178#23	1
3184	Q0	80677#0	1
3184	Q0	60531#17	1
3184	Q0	305339#2	1
3184	Q0	60531#5	0
3184	Q0	78823#4	0
3184	Q0	3178#3	0
3184	Q0	3178#28	0
3184	Q0	20693#25	0
3184	Q0	3178#26	0
3185	Q0	8633#2	1
3185	Q0	8633#0	1
3185	Q0	219697#0	1
3185	Q0	218224#5	1
3185	Q0	236964#0	0
3185	Q0	91360#11	0
3185	Q0	8633#5	0
3185	Q0	8633#4	0
3185	Q0	285038#1	0
3185	Q0	91360#10	0
3187	Q0	346491#13	1
3187	Q0	226103#87	1
3187	Q0	3945#4	1
3187	Q0	3944#1	0
3187	Q0	8462#55	0
3187	Q0	248171#20	0
3187	Q0	75143#38	0
3187	Q0	226103#86	0
3187	Q0	3945#1	0
3187	Q0	314908#0	0
3187	Q0	3945#0	0
3188	Q0	432605#6	1
3188	Q0	22931#11	1
3188	Q0	65589#0	0
3188	Q0	427060#3	0
3188	Q0	22931#12	0
3188	Q0	22931#14	0
3188	Q0	22931#7	0
3188	Q0	23364#0	0
3188	Q0	22931#15	0
3188	Q0	112908#9	0
3189	Q0	229145#0	1
3189	Q0	198183#2	1
3189	Q0	1030#0	1
3189	Q0	1030#1	1
3189	Q0	20887#59	1
3189	Q0	20887#54	0
3189	Q0	20887#17	0
3189	Q0	112367#4	0
3189	Q0	229145#1	0
3189	Q0	145391#9	0
3195	Q0	44438#1	1
3195	Q0	117975#15	0
3195	Q0	3235#4	0
3195	Q0	44438#12	0
3195	Q0	24626#0	0
3195	Q0	70548#8	0
3195	Q0	112442#2	0
3195	Q0	24625#1	0
3195	Q0	30268#1	0
3195	Q0	289967#0	0
3196	Q0	252748#3	1
3196	Q0	252748#0	1
3196	Q0	252748#1	1
3196	Q0	329902#0	0
3196	Q0	2836#42	0
3196	Q0	252748#2	0
3196	Q0	2836#12	0
3196	Q0	252748#5	0
3196	Q0	252748#7	0
3196	Q0	2836#13	0
3197	Q0	843#22	1
3197	Q0	843#2	1
3197	Q0	843#21	1
3197	Q0	843#74	1
3197	Q0	843#1	0
3197	Q0	43737#27	0
3197	Q0	349421#2	0
3197	Q0	1435878#6	0
3197	Q0	29664#5	0
3197	Q0	735#28	0
3198	Q0	39454#0	1
3198	Q0	3574#26	1
3198	Q0	49678#0	0
3198	Q0	39456#0	0
3198	Q0	3574#33	0
3198	Q0	270087#12	0
3198	Q0	4600#0	0
3198	Q0	270894#31	0
3198	Q0	3574#0	0
3198	Q0	241151#2	0
3199	Q0	22869#1	1
3199	Q0	232352#3	1
3199	Q0	232352#25	0
3199	Q0	9885#4	0
3199	Q0	118046#4	0
3199	Q0	429924#17	0
3199	Q0	232352#31	0
3199	Q0	232352#27	0
3199	Q0	232352#35	0
3199	Q0	22869#2	0
3200	Q0	23699#12	1
3200	Q0	65589#0	0
3200	Q0	22924#0	0
3200	Q0	23699#24	0
3200	Q0	23372#8	0
3200	Q0	177837#0	0
3200	Q0	23699#25	0
3200	Q0	33176#61	0
3200	Q0	251866#0	0
3200	Q0	22925#1	0
3205	Q0	3153#0	1
3205	Q0	3153#2	1
3205	Q0	81142#19	1
3205	Q0	3794#7	0
3205	Q0	686#3	0
3205	Q0	3399#0	0
3205	Q0	81282#0	0
3205	Q0	116564#0	0
3205	Q0	226434#0	0
3205	Q0	212607#0	0
3206	Q0	235784#0	1
3206	Q0	235784#11	0
3206	Q0	235784#1	0
3206	Q0	347867#10	0
3206	Q0	235784#12	0
3206	Q0	235784#8	0
3206	Q0	108617#3	0
3206	Q0	235784#6	0
3206	Q0	4500#12	0
3206	Q0	235784#3	0
3207	Q0	13991#29	1
3207	Q0	13991#0	1
3207	Q0	13991#17	0
3207	Q0	4131#0	0
3207	Q0	135085#0	0
3207	Q0	13991#18	0
3207	Q0	104612#16	0
3207	Q0	13991#35	0
3207	Q0	104612#4	0
3207	Q0	13991#74	0
3208	Q0	3881#6	1
3208	Q0	5408#8	1
3208	Q0	217874#0	1
3208	Q0	5011#0	0
3208	Q0	55939#1	0
3208	Q0	3881#7	0
3208	Q0	227266#2	0
3208	Q0	3882#2	0
3208	Q0	5011#2	0
3208	Q0	114642#0	0
3210	Q0	135369#0	1
3210	Q0	3493#1	1
3210	Q0	240868#32	1
3210	Q0	22530#8	0
3210	Q0	13952#7	0
3210	Q0	345046#0	0
3210	Q0	22131#11	0
3210	Q0	186887#1	0
3210	Q0	3493#2	0
3210	Q0	32536#5	0
3215	Q0	3768#28	1
3215	Q0	4587#9	1
3215	Q0	4653#4	0
3215	Q0	4121#19	0
3215	Q0	3766#25	0
3215	Q0	94547#4	0
3215	Q0	106896#5	0
3215	Q0	3771#20	0
3215	Q0	8#1	0
3215	Q0	43399#1	0
3218	Q0	22924#53	1
3218	Q0	372334#1	1
3218	Q0	223118#0	1
3218	Q0	22924#4	0
3218	Q0	33176#90	0
3218	Q0	22924#38	0
3218	Q0	152191#11	0
3218	Q0	372334#3	0
3218	Q0	22924#69	0
3218	Q0	22924#2	0
3220	Q0	64090#8	1
3220	Q0	72640#5	1
3220	Q0	20390#0	1
3220	Q0	56773#0	0
3220	Q0	252754#0	0
3220	Q0	19733#34	0
3220	Q0	3399#0	0
3220	Q0	81282#0	0
3220	Q0	226434#0	0
3220	Q0	84608#0	0
3221	Q0	44#70	1
3221	Q0	10480#72	1
3221	Q0	1037#9	1
3221	Q0	16#152	0
3221	Q0	4587#13	0
3221	Q0	347911#4	0
3221	Q0	63309#2	0
3221	Q0	703#15	0
3221	Q0	205001#0	0
3221	Q0	279736#25	0
3222	Q0	103580#9	1
3222	Q0	14839#2	1
3222	Q0	103580#2	1
3222	Q0	103580#10	1
3222	Q0	128249#0	0
3222	Q0	192842#1	0
3222	Q0	126721#2	0
3222	Q0	173849#4	0
3222	Q0	103580#4	0
3222	Q0	14836#2	0
3224	Q0	32877#1	1
3224	Q0	314591#6	1
3224	Q0	2840#25	0
3224	Q0	2840#26	0
3224	Q0	2840#0	0
3224	Q0	211760#0	0
3224	Q0	2840#21	0
3224	Q0	2840#28	0
3224	Q0	2840#22	0
3224	Q0	36432#1	0
3225	Q0	3720#22	1
3225	Q0	268215#11	1
3225	Q0	321312#3	1
3225	Q0	9260#6	1
3225	Q0	12032#13	1
3225	Q0	70044#0	0
3225	Q0	9260#32	0
3225	Q0	2930#9	0
3225	Q0	3109#22	0
3225	Q0	321312#0	0
3226	Q0	46766#5	1
3226	Q0	197664#2	0
3226	Q0	58967#1	0
3226	Q0	151005#3	0
3226	Q0	151005#2	0
3226	Q0	284604#4	0
3226	Q0	248464#1	0
3226	Q0	46585#2	0
3226	Q0	102004#2	0
3226	Q0	197664#7	0
3229	Q0	44742#15	1
3229	Q0	50238#9	1
3229	Q0	2041574#0	1
3229	Q0	81282#0	0
3229	Q0	3803#9	0
3229	Q0	84608#0	0
3229	Q0	213166#0	0
3229	Q0	234207#2	0
3229	Q0	206783#4	0
3229	Q0	67473#0	0
3230	Q0	12976#11	1
3230	Q0	12976#2	1
3230	Q0	12976#0	1
3230	Q0	280275#0	1
3230	Q0	798#0	0
3230	Q0	6634#1	0
3230	Q0	838#17	0
3230	Q0	81282#0	0
3230	Q0	2672509#1	0
3230	Q0	226434#0	0
3231	Q0	74333#0	1
3231	Q0	250826#2	1
3231	Q0	250826#1	0
3231	Q0	250826#0	0
3231	Q0	4885#2	0
3231	Q0	419867#1	0
3231	Q0	15165#5	0
3231	Q0	246149#0	0
3231	Q0	348011#24	0
3231	Q0	3493#27	0
3232	Q0	1030#0	1
3232	Q0	112367#4	1
3232	Q0	198183#2	1
3232	Q0	1030#1	0
3232	Q0	229145#0	0
3232	Q0	20887#54	0
3232	Q0	20887#59	0
3232	Q0	145391#9	0
3232	Q0	20887#17	0
3232	Q0	20887#9	0
3233	Q0	4962#52	1
3233	Q0	29951#21	1
3233	Q0	4962#24	1
3233	Q0	29951#22	1
3233	Q0	136284#54	1
3233	Q0	29955#8	1
3233	Q0	324758#1	0
3233	Q0	4962#1	0
3233	Q0	145707#120	0
3233	Q0	3022#28	0
3234	Q0	251955#4	1
3234	Q0	13898#9	1
3234	Q0	13898#13	1
3234	Q0	88658#12	0
3234	Q0	13898#12	0
3234	Q0	286973#19	0
3234	Q0	88658#14	0
3234	Q0	88658#1	0
3234	Q0	348684#0	0
3234	Q0	88658#6	0
3234	Q0	88658#2	0
3234	Q0	88658#3	0
3236	Q0	6276#57	1
3236	Q0	6276#2	1
3236	Q0	6276#55	1
3236	Q0	6276#61	1
3236	Q0	6276#58	0
3236	Q0	6276#44	0
3236	Q0	127449#73	0
3236	Q0	62101#0	0
3236	Q0	6276#40	0
3236	Q0	6276#9	0
3237	Q0	2400036#0	1
3237	Q0	3992#5	0
3237	Q0	163648#0	0
3237	Q0	245247#10	0
3237	Q0	287929#0	0
3237	Q0	30268#1	0
3237	Q0	38352#2	0
3237	Q0	6078#1	0
3237	Q0	260982#1	0
3237	Q0	291923#1	0
3238	Q0	224343#2	1
3238	Q0	34497#50	1
3238	Q0	233294#0	1
3238	Q0	11321#14	1
3238	Q0	34497#17	0
3238	Q0	34497#10	0
3238	Q0	29582#17	0
3238	Q0	34497#28	0
3238	Q0	228944#0	0
3238	Q0	34497#39	0
3239	Q0	53791#0	1
3239	Q0	53791#17	1
3239	Q0	53791#5	1
3239	Q0	53791#4	0
3239	Q0	53791#15	0
3239	Q0	363167#2	0
3239	Q0	53791#9	0
3239	Q0	53791#11	0
3239	Q0	53791#18	0
3239	Q0	53791#3	0
3240	Q0	4053#0	1
3240	Q0	4053#5	1
3240	Q0	23589#5	0
3240	Q0	61110#0	0
3240	Q0	4054#1	0
3240	Q0	56444#1	0
3240	Q0	4053#46	0
3240	Q0	56447#1	0
3240	Q0	56447#5	0
3240	Q0	56456#1	0
3242	Q0	1870201#1	1
3242	Q0	210324#15	0
3242	Q0	30660#9	0
3242	Q0	339799#4	0
3242	Q0	202308#0	0
3242	Q0	3992#5	0
3242	Q0	378673#4	0
3242	Q0	45535#48	0
3242	Q0	20034#1	0
3242	Q0	266794#2	0
3243	Q0	4468#0	1
3243	Q0	4468#2	1
3243	Q0	4468#15	1
3243	Q0	48549#7	1
3243	Q0	5104#0	1
3243	Q0	52409#0	0
3243	Q0	358277#0	0
3243	Q0	123919#52	0
3243	Q0	197051#6	0
3243	Q0	359296#0	0
3245	Q0	336726#3	1
3245	Q0	336726#7	1
3245	Q0	146730#2	0
3245	Q0	22925#32	0
3245	Q0	336726#4	0
3245	Q0	269586#29	0
3245	Q0	135150#2	0
3245	Q0	336726#6	0
3245	Q0	2959#12	0
3245	Q0	21906#6	0
3246	Q0	4650#1	1
3246	Q0	79278#0	1
3246	Q0	18743#0	0
3246	Q0	4650#0	0
3246	Q0	14059#1	0
3246	Q0	4433#2	0
3246	Q0	108583#1	0
3246	Q0	365564#5	0
3246	Q0	60791#0	0
3246	Q0	3473#35	0
3247	Q0	413974#2	1
3247	Q0	26148#5	1
3247	Q0	413974#0	1
3247	Q0	120685#15	1
3247	Q0	432705#0	1
3247	Q0	432705#5	1
3247	Q0	433096#31	0
3247	Q0	413974#6	0
3247	Q0	413974#4	0
3247	Q0	26148#6	0
3247	Q0	413974#1	0
3247	Q0	26148#4	0
3248	Q0	232102#4	1
3248	Q0	232102#0	1
3248	Q0	232102#8	1
3248	Q0	232102#10	0
3248	Q0	232102#16	0
3248	Q0	232102#6	0
3248	Q0	232102#11	0
3248	Q0	232102#9	0
3248	Q0	232102#12	0
3248	Q0	232102#1	0
3252	Q0	264607#7	1
3252	Q0	264607#0	1
3252	Q0	264607#19	1
3252	Q0	3849#19	1
3252	Q0	264607#1	0
3252	Q0	3849#18	0
3252	Q0	264607#21	0
3252	Q0	264607#18	0
3252	Q0	21467#88	0
3252	Q0	264607#20	0
3253	Q0	41974#9	1
3253	Q0	41974#11	1
3253	Q0	41974#0	1
3253	Q0	41974#4	0
3253	Q0	41974#1	0
3253	Q0	41974#8	0
3253	Q0	41974#3	0
3253	Q0	41974#5	0
3253	Q0	41974#6	0
3253	Q0	41974#2	0
3255	Q0	103179#3	1
3255	Q0	7824#0	1
3255	Q0	1025#22	1
3255	Q0	7824#89	1
3255	Q0	358201#11	1
3255	Q0	13267#3	0
3255	Q0	27982#0	0
3255	Q0	114658#2	0
3255	Q0	114672#31	0
3255	Q0	20761#2	0
3257	Q0	109348#0	1
3257	Q0	109348#21	1
3257	Q0	109348#17	0
3257	Q0	109348#20	0
3257	Q0	109348#12	0
3257	Q0	109348#1	0
3257	Q0	109348#19	0
3257	Q0	109348#5	0
3257	Q0	109348#2	0
3257	Q0	109348#18	0
3259	Q0	315558#0	1
3259	Q0	306477#0	1
3259	Q0	380981#0	0
3259	Q0	152526#0	0
3259	Q0	321326#0	0
3259	Q0	284856#0	0
3259	Q0	41820#0	0
3259	Q0	41820#4	0
3259	Q0	40259#0	0
3259	Q0	221396#0	0
3261	Q0	328421#1	1
3261	Q0	4419#48	0
3261	Q0	278271#33	0
3261	Q0	201813#6	0
3261	Q0	4571#25	0
3261	Q0	133726#1	0
3261	Q0	708#81	0
3261	Q0	78820#7	0
3261	Q0	133726#0	0
3261	Q0	176297#1	0
3262	Q0	157397#1	1
3262	Q0	4086#29	1
3262	Q0	157435#3	0
3262	Q0	157235#2	0
3262	Q0	157335#6	0
3262	Q0	94561#13	0
3262	Q0	157336#3	0
3262	Q0	157330#163	0
3262	Q0	65387#1	0
3262	Q0	157369#0	0
3263	Q0	36161#6	1
3263	Q0	36161#0	0
3263	Q0	36160#4	0
3263	Q0	36161#10	0
3263	Q0	36161#12	0
3263	Q0	4261#1	0
3263	Q0	36160#3	0
3263	Q0	36161#5	0
3263	Q0	49181#5	0
3267	Q0	336726#10	1
3267	Q0	227391#1	1
3267	Q0	18090#0	0
3267	Q0	441849#14	0
3267	Q0	441579#11	0
3267	Q0	16428#23	0
3267	Q0	269409#8	0
3267	Q0	126522#40	0
3267	Q0	13661#4	0
3267	Q0	3834#0	0
3268	Q0	13267#105	1
3268	Q0	42733#24	0
3268	Q0	49395#12	0
3268	Q0	16924#36	0
3268	Q0	10712#1	0
3268	Q0	16924#11	0
3268	Q0	10070#1	0
3268	Q0	52510#1	0
3268	Q0	19136#64	0
3268	Q0	10427#5	0
3269	Q0	12216#54	1
3269	Q0	4391#107	1
3269	Q0	3493#118	1
3269	Q0	44#66	0
3269	Q0	323205#2	0
3269	Q0	389826#7	0
3269	Q0	20543#9	0
3269	Q0	4403#61	0
3269	Q0	15435#5	0
3269	Q0	6763#22	0
3270	Q0	27013#13	1
3270	Q0	36411#0	0
3270	Q0	39674#4	0
3270	Q0	280398#0	0
3270	Q0	75869#3	0
3270	Q0	7896#30	0
3270	Q0	34994#2	0
3270	Q0	39674#0	0
3270	Q0	39648#1	0
3270	Q0	7801#11	0
3271	Q0	20052#0	1
3271	Q0	20052#5	1
3271	Q0	20052#17	1
3271	Q0	20052#2	0
3271	Q0	300416#1	0
3271	Q0	20052#4	0
3271	Q0	112998#6	0
3271	Q0	51081#5	0
3271	Q0	432334#22	0
3271	Q0	49586#1	0
3274	Q0	607144#0	1
3274	Q0	151496#3	0
3274	Q0	858#19	0
3274	Q0	271010#4	0
3274	Q0	16460#5	0
3274	Q0	81282#1	0
3274	Q0	1124#1	0
3274	Q0	304910#0	0
3274	Q0	56627#6	0
3274	Q0	409671#2	0
3275	Q0	347933#12	1
3275	Q0	18509#3	1
3275	Q0	102239#0	1
3275	Q0	102239#2	1
3275	Q0	3105#0	1
3275	Q0	109374#0	1
3275	Q0	353887#13	0
3275	Q0	13906#16	0
3275	Q0	109370#4	0
3275	Q0	10627#22	0
3278	Q0	14616#0	1
3278	Q0	9#29	1
3278	Q0	35877#26	1
3278	Q0	3071#3	0
3278	Q0	18326#30	0
3278	Q0	3096#6	0
3278	Q0	356179#4	0
3278	Q0	18326#0	0
3278	Q0	18326#2	0
3278	Q0	18326#1	0
3279	Q0	13180#63	1
3279	Q0	13180#4	1
3279	Q0	3207#9	0
3279	Q0	70030#11	0
3279	Q0	206781#1	0
3279	Q0	11758#6	0
3279	Q0	4140#29	0
3279	Q0	818#6	0
3279	Q0	15230#0	0
3279	Q0	217330#0	0
3279	Q0	4533#72	0
3280	Q0	146698#6	1
3280	Q0	146698#49	0
3280	Q0	146698#8	0
3280	Q0	198497#14	0
3280	Q0	198497#1	0
3280	Q0	228290#0	0
3280	Q0	23906#103	0
3280	Q0	227887#30	0
3280	Q0	198497#3	0
3280	Q0	229964#0	0
3281	Q0	11448#33	1
3281	Q0	11448#18	1
3281	Q0	11448#0	1
3281	Q0	11448#38	0
3281	Q0	11448#2	0
3281	Q0	11448#4	0
3281	Q0	7055#9	0
3281	Q0	46011#10	0
3281	Q0	11448#1	0
3281	Q0	11448#41	0
3282	Q0	391205#10	1
3282	Q0	264607#0	1
3282	Q0	215135#5	1
3282	Q0	397117#6	1
3282	Q0	264607#1	0
3282	Q0	3849#19	0
3282	Q0	3849#18	0
3282	Q0	264607#7	0
3282	Q0	264607#21	0
3282	Q0	264607#19	0
3283	Q0	78176#10	1
3283	Q0	149991#18	1
3283	Q0	149991#8	0
3283	Q0	149991#17	0
3283	Q0	78176#4	0
3283	Q0	149991#19	0
3283	Q0	43#12	0
3283	Q0	149991#12	0
3283	Q0	78176#11	0
3283	Q0	149991#14	0
3285	Q0	35427#17	1
3285	Q0	35427#0	1
3285	Q0	35427#19	0
3285	Q0	35427#21	0
3285	Q0	35427#14	0
3285	Q0	35427#18	0
3285	Q0	35427#10	0
3285	Q0	35427#20	0
3285	Q0	35427#12	0
3285	Q0	35427#29	0
3289	Q0	160717#0	1
3289	Q0	13454#0	1
3289	Q0	125193#0	1
3289	Q0	340370#10	0
3289	Q0	256354#2	0
3289	Q0	1109#17	0
3289	Q0	30903#0	0
3289	Q0	30903#1	0
3289	Q0	11763#12	0
3289	Q0	342167#4	0
3290	Q0	2498279#11	1
3290	Q0	212607#0	0
3290	Q0	247322#1	0
3290	Q0	325414#1	0
3290	Q0	115277#1	0
3290	Q0	241323#2	0
3290	Q0	3022#28	0
3290	Q0	81282#0	0
3290	Q0	84608#0	0
3290	Q0	226434#0	0
3292	Q0	269896#0	1
3292	Q0	306326#5	1
3292	Q0	428552#52	1
3292	Q0	301090#0	0
3292	Q0	308726#4	0
3292	Q0	245711#0	0
3292	Q0	8212#1	0
3292	Q0	30658#10	0
3292	Q0	146730#2	0
3292	Q0	323319#1	0
3293	Q0	85087#1	1
3293	Q0	27621#47	0
3293	Q0	27621#46	0
3293	Q0	27621#0	0
3293	Q0	5079#8	0
3293	Q0	27621#1	0
3293	Q0	111498#0	0
3293	Q0	185001#1	0
3293	Q0	27621#52	0
3293	Q0	20877#31	0
3297	Q0	381790#23	1
3297	Q0	196435#6	1
3297	Q0	61132#38	0
3297	Q0	3102#5	0
3297	Q0	1880807#8	0
3297	Q0	84608#0	0
3297	Q0	3102#3	0
3297	Q0	81282#0	0
3297	Q0	60943#25	0
3297	Q0	141391#0	0
3298	Q0	216507#0	1
3298	Q0	216507#2	0
3298	Q0	216507#8	0
3298	Q0	216507#1	0
3298	Q0	216507#6	0
3298	Q0	216507#5	0
3298	Q0	216507#4	0
3298	Q0	128001#8	0
3298	Q0	18705#0	0
3298	Q0	52481#21	0
3301	Q0	6246#0	1
3301	Q0	103911#0	0
3301	Q0	229787#0	0
3301	Q0	318980#28	0
3301	Q0	90401#0	0
3301	Q0	318980#18	0
3301	Q0	318986#11	0
3301	Q0	38355#13	0
3301	Q0	407126#0	0
3301	Q0	6246#5	0
3302	Q0	69609#0	1
3302	Q0	75787#0	1
3302	Q0	69609#2	1
3302	Q0	75787#3	0
3302	Q0	70941#2	0
3302	Q0	111478#0	0
3302	Q0	16848#3	0
3302	Q0	75834#0	0
3302	Q0	111563#0	0
3302	Q0	372112#0	0
3303	Q0	16248#0	1
3303	Q0	16248#13	0
3303	Q0	16248#1	0
3303	Q0	16248#9	0
3303	Q0	16248#14	0
3303	Q0	16248#7	0
3303	Q0	16248#6	0
3303	Q0	16248#2	0
3303	Q0	19552#2	0
3303	Q0	19552#13	0
3304	Q0	690405#19	1
3304	Q0	212440#3	0
3304	Q0	3020#100	0
3304	Q0	442804#5	0
3304	Q0	3308#14	0
3304	Q0	1018#11	0
3304	Q0	271050#4	0
3304	Q0	212440#4	0
3304	Q0	209837#7	0
3304	Q0	6088#2	0
3305	Q0	302408#39	1
3305	Q0	105927#8	1
3305	Q0	11349#12	1
3305	Q0	51387#1	1
3305	Q0	33369#2	0
3305	Q0	61381#78	0
3305	Q0	24555#3	0
3305	Q0	302408#2	0
3305	Q0	843#7	0
3305	Q0	269160#9	0
3307	Q0	124573#1	1
3307	Q0	12723#41	1
3307	Q0	8462#43	1
3307	Q0	10206#1	1
3307	Q0	8462#21	1
3307	Q0	8462#20	1
3307	Q0	4441#2	0
3307	Q0	12723#64	0
3307	Q0	11430#23	0
3307	Q0	195471#0	0
3307	Q0	18794#38	0
3307	Q0	8462#2	0
3308	Q0	396668#44	1
3308	Q0	790#0	1
3308	Q0	789#1	1
3308	Q0	396668#52	0
3308	Q0	396668#53	0
3308	Q0	6628#0	0
3308	Q0	396668#49	0
3308	Q0	5514#0	0
3308	Q0	3483#0	0
3308	Q0	307060#47	0
3311	Q0	1417656#0	1
3311	Q0	128042#4	0
3311	Q0	127738#26	0
3311	Q0	1124#1	0
3311	Q0	203479#0	0
3311	Q0	212832#6	0
3311	Q0	306326#18	0
3311	Q0	262600#14	0
3311	Q0	64751#8	0
3311	Q0	145926#0	0
3312	Q0	20194#0	1
3312	Q0	19634#34	1
3312	Q0	19634#2	1
3312	Q0	188659#7	0
3312	Q0	208376#2	0
3312	Q0	19634#50	0
3312	Q0	19634#24	0
3312	Q0	188659#1	0
3312	Q0	188659#3	0
3312	Q0	44542#1	0
3313	Q0	131884#1	1
3313	Q0	33229#1	1
3313	Q0	188193#1	0
3313	Q0	254852#8	0
3313	Q0	16046#35	0
3313	Q0	234888#1	0
3313	Q0	188193#0	0
3313	Q0	131884#2	0
3313	Q0	122996#0	0
3313	Q0	71293#0	0
3314	Q0	143138#1	1
3314	Q0	143133#7	1
3314	Q0	143138#2	1
3314	Q0	143138#13	0
3314	Q0	143138#6	0
3314	Q0	143138#10	0
3314	Q0	143138#3	0
3314	Q0	143138#9	0
3314	Q0	143138#11	0
3314	Q0	143138#14	0
3316	Q0	440676#2	1
3316	Q0	75874#3	1
3316	Q0	8946#3	1
3316	Q0	274141#0	0
3316	Q0	321669#1	0
3316	Q0	75874#1	0
3316	Q0	125681#25	0
3316	Q0	6754#1	0
3316	Q0	8946#4	0
3316	Q0	4419#68	0
3317	Q0	1603454#12	1
3317	Q0	207993#2	1
3317	Q0	267786#2	1
3317	Q0	133002#1	1
3317	Q0	3235#4	0
3317	Q0	33486#1	0
3317	Q0	332168#0	0
3317	Q0	188001#13	0
3317	Q0	266794#2	0
3317	Q0	116413#11	0
3318	Q0	352407#8	1
3318	Q0	12561#49	1
3318	Q0	281885#15	1
3318	Q0	263988#1	0
3318	Q0	187895#4	0
3318	Q0	247355#18	0
3318	Q0	348533#0	0
3318	Q0	768458#0	0
3318	Q0	3992#5	0
3318	Q0	252918#13	0
3319	Q0	259893#0	1
3319	Q0	131342#0	0
3319	Q0	131342#4	0
3319	Q0	131342#6	0
3319	Q0	234453#6	0
3319	Q0	131342#5	0
3319	Q0	34265#32	0
3319	Q0	34265#33	0
3319	Q0	288505#0	0
3319	Q0	34265#1	0
3320	Q0	15813#0	1
3320	Q0	15813#2	1
3320	Q0	15813#4	1
3320	Q0	838#17	0
3320	Q0	81282#0	0
3320	Q0	84608#0	0
3320	Q0	147299#0	0
3320	Q0	228637#0	0
3320	Q0	359014#4	0
3320	Q0	226434#0	0
3322	Q0	22908#1	1
3322	Q0	158511#2	1
3322	Q0	22908#0	1
3322	Q0	60617#46	1
3322	Q0	26253#2	0
3322	Q0	4159#10	0
3322	Q0	4159#6	0
3322	Q0	158511#1	0
3322	Q0	204305#3	0
3322	Q0	263682#0	0
3324	Q0	32187#0	1
3324	Q0	23906#124	0
3324	Q0	132738#43	0
3324	Q0	34332#34	0
3324	Q0	146698#13	0
3324	Q0	34383#37	0
3324	Q0	3126#3	0
3324	Q0	67141#2	0
3324	Q0	110985#0	0
3324	Q0	34332#21	0
3325	Q0	4404#0	1
3325	Q0	57779#0	1
3325	Q0	4595#0	0
3325	Q0	67838#0	0
3325	Q0	208533#0	0
3325	Q0	67026#0	0
3325	Q0	40756#0	0
3325	Q0	80978#1	0
3325	Q0	81639#0	0
3325	Q0	80972#0	0
3326	Q0	103018#2	1
3326	Q0	103018#0	1
3326	Q0	103018#1	1
3326	Q0	103018#3	1
3326	Q0	103018#15	0
3326	Q0	103018#10	0
3326	Q0	103018#14	0
3326	Q0	103018#12	0
3326	Q0	103018#17	0
3326	Q0	103018#6	0
3327	Q0	231937#3	1
3327	Q0	231937#1	0
3327	Q0	112175#0	0
3327	Q0	255891#6	0
3327	Q0	251800#4	0
3327	Q0	838#17	0
3327	Q0	231937#0	0
3327	Q0	80465#2	0
3327	Q0	232961#1	0
3327	Q0	80465#19	0
3328	Q0	4145#82	1
3328	Q0	43137#0	0
3328	Q0	43137#8	0
3328	Q0	4145#81	0
3328	Q0	43137#7	0
3328	Q0	43137#10	0
3328	Q0	43137#9	0
3328	Q0	129217#5	0
3328	Q0	43137#6	0
3328	Q0	43137#15	0
3329	Q0	217761#14	1
3329	Q0	237724#4	1
3329	Q0	237724#0	1
3329	Q0	237724#20	0
3329	Q0	237724#19	0
3329	Q0	225145#5	0
3329	Q0	22924#31	0
3329	Q0	237724#22	0
3329	Q0	217761#15	0
3329	Q0	237724#21	0
3330	Q0	67341#2	1
3330	Q0	67341#0	1
3330	Q0	67341#1	1
3330	Q0	416313#7	1
3330	Q0	67341#6	1
3330	Q0	67341#5	0
3330	Q0	250622#15	0
3330	Q0	101585#13	0
3330	Q0	91019#4	0
3330	Q0	37286#0	0
3331	Q0	40140#0	1
3331	Q0	40140#8	1
3331	Q0	60659#1	1
3331	Q0	40140#5	1
3331	Q0	202195#15	0
3331	Q0	222395#20	0
3331	Q0	113855#3	0
3331	Q0	125759#3	0
3331	Q0	10070#4	0
3331	Q0	150522#0	0
3334	Q0	63550#0	1
3334	Q0	45902#0	1
3334	Q0	69127#6	1
3334	Q0	3794#7	0
3334	Q0	30080#0	0
3334	Q0	11413#1	0
3334	Q0	69123#0	0
3334	Q0	30080#7	0
3334	Q0	285122#0	0
3334	Q0	63547#0	0
3335	Q0	59104#0	1
3335	Q0	43129#0	1
3335	Q0	58178#0	1
3335	Q0	186107#2	1
3335	Q0	54918#0	1
3335	Q0	46465#16	0
3335	Q0	232185#16	0
3335	Q0	61053#26	0
3335	Q0	60948#0	0
3335	Q0	107968#9	0
3337	Q0	398464#0	1
3337	Q0	198336#0	1
3337	Q0	230213#0	1
3337	Q0	224569#2	1
3337	Q0	2559963#0	1
3337	Q0	18705#0	0
3337	Q0	398464#1	0
3337	Q0	1124#1	0
3337	Q0	216897#0	0
3337	Q0	203285#12	0
3338	Q0	72435#9	1
3338	Q0	48825#15	1
3338	Q0	442113#11	1
3338	Q0	48825#2	0
3338	Q0	442113#8	0
3338	Q0	222238#3	0
3338	Q0	71067#20	0
3338	Q0	48825#13	0
3338	Q0	100185#7	0
3338	Q0	43285#6	0
3340	Q0	3095#0	1
3340	Q0	3095#12	1
3340	Q0	3095#9	1
3340	Q0	1110#13	1
3340	Q0	3095#13	1
3340	Q0	3095#10	1
3340	Q0	3095#8	1
3340	Q0	3095#1	0
3340	Q0	3095#6	0
3340	Q0	3095#4	0
3341	Q0	23378#0	1
3341	Q0	220971#0	1
3341	Q0	23378#1	0
3341	Q0	22924#26	0
3341	Q0	223118#0	0
3341	Q0	251686#1	0
3341	Q0	23699#22	0
3341	Q0	22924#4	0
3341	Q0	269418#1	0
3341	Q0	220971#1	0
3342	Q0	912657#0	1
3342	Q0	81965#0	0
3342	Q0	36618#7	0
3342	Q0	84608#0	0
3342	Q0	2707#15	0
3342	Q0	2707#14	0
3342	Q0	261470#1	0
3342	Q0	11779#3	0
3342	Q0	197566#1	0
3342	Q0	11489#29	0
3343	Q0	4642#2	1
3343	Q0	365564#6	1
3343	Q0	4642#0	1
3343	Q0	4513#1	1
3343	Q0	4404#15	1
3343	Q0	270592#6	0
3343	Q0	2688#28	0
3343	Q0	70865#0	0
3343	Q0	4494#20	0
3343	Q0	4650#2	0
3346	Q0	3768#21	1
3346	Q0	93137#0	1
3346	Q0	4015#12	0
3346	Q0	4015#1	0
3346	Q0	180555#1	0
3346	Q0	3768#47	0
3346	Q0	3768#32	0
3346	Q0	41077#18	0
3346	Q0	3768#1	0
3346	Q0	11403#5	0
3347	Q0	150644#0	1
3347	Q0	150644#7	1
3347	Q0	150644#2	0
3347	Q0	150644#6	0
3347	Q0	150644#5	0
3347	Q0	150644#8	0
3347	Q0	149754#4	0
3347	Q0	150644#3	0
3347	Q0	154070#0	0
3347	Q0	149754#3	0
3349	Q0	56768#0	1
3349	Q0	22931#15	1
3349	Q0	22931#17	1
3349	Q0	322094#28	0
3349	Q0	425327#0	0
3349	Q0	11535#57	0
3349	Q0	116684#2	0
3349	Q0	11535#55	0
3349	Q0	11535#14	0
3349	Q0	31184#0	0
3350	Q0	6020#7	1
3350	Q0	17363#50	1
3350	Q0	6020#14	1
3350	Q0	311502#0	0
3350	Q0	311502#2	0
3350	Q0	345647#8	0
3350	Q0	14491#4	0
3350	Q0	17363#39	0
3350	Q0	345292#1	0
3350	Q0	100907#6	0
3351	Q0	415220#8	1
3351	Q0	412850#3	1
3351	Q0	415220#6	1
3351	Q0	306326#8	0
3351	Q0	412850#0	0
3351	Q0	415220#4	0
3351	Q0	417692#7	0
3351	Q0	306326#18	0
3351	Q0	417692#10	0
3351	Q0	415246#2	0
3352	Q0	4945#18	1
3352	Q0	49666#11	0
3352	Q0	70487#2	0
3352	Q0	41716#1	0
3352	Q0	30#26	0
3352	Q0	41716#4	0
3352	Q0	30#12	0
3352	Q0	265827#2	0
3352	Q0	202207#8	0
3352	Q0	41716#9	0
3353	Q0	345262#3	1
3353	Q0	345262#0	1
3353	Q0	345262#2	1
3353	Q0	51208#7	0
3353	Q0	345262#5	0
3353	Q0	271656#1	0
3353	Q0	6778#0	0
3353	Q0	345262#8	0
3353	Q0	14615#0	0
3353	Q0	11367#0	0
3356	Q0	236426#71	1
3356	Q0	437782#11	1
3356	Q0	236426#66	0
3356	Q0	236426#68	0
3356	Q0	87717#9	0
3356	Q0	58851#0	0
3356	Q0	437782#15	0
3356	Q0	140004#6	0
3356	Q0	236426#1	0
3356	Q0	15042#1	0
3357	Q0	111169#9	1
3357	Q0	11758#6	1
3357	Q0	286293#6	1
3357	Q0	225263#1	0
3357	Q0	104177#0	0
3357	Q0	3803#9	0
3357	Q0	138501#0	0
3357	Q0	251436#0	0
3357	Q0	112073#0	0
3357	Q0	321110#0	0
3359	Q0	653434#0	1
3359	Q0	435182#1	0
3359	Q0	132761#0	0
3359	Q0	236409#64	0
3359	Q0	3803#9	0
3359	Q0	15742#20	0
3359	Q0	236409#11	0
3359	Q0	202308#0	0
3359	Q0	305681#0	0
3359	Q0	205264#0	0
3360	Q0	27483#5	1
3360	Q0	90358#88	1
3360	Q0	49192#6	0
3360	Q0	61936#12	0
3360	Q0	49586#4	0
3360	Q0	61936#14	0
3360	Q0	6069#0	0
3360	Q0	56559#0	0
3360	Q0	36212#1	0
3360	Q0	405900#23	0
3362	Q0	294797#0	1
3362	Q0	135858#0	1
3362	Q0	294797#3	1
3362	Q0	366188#8	0
3362	Q0	294797#1	0
3362	Q0	294797#9	0
3362	Q0	294797#12	0
3362	Q0	366129#4	0
3362	Q0	294797#10	0
3362	Q0	45826#19	0
3363	Q0	147225#34	1
3363	Q0	147225#26	1
3363	Q0	147225#13	1
3363	Q0	147225#31	1
3363	Q0	147225#4	0
3363	Q0	147225#7	0
3363	Q0	147225#25	0
3363	Q0	147225#16	0
3363	Q0	147225#21	0
3363	Q0	147225#29	0
3364	Q0	10#0	1
3364	Q0	4155#0	1
3364	Q0	4160#0	1
3364	Q0	10#7	1
3364	Q0	4154#0	1
3364	Q0	4136#0	0
3364	Q0	10#2	0
3364	Q0	127322#1	0
3364	Q0	10#1	0
3364	Q0	10#25	0
3367	Q0	6162#0	1
3367	Q0	6162#2	1
3367	Q0	6162#1	1
3367	Q0	6162#3	1
3367	Q0	44145#7	1
3367	Q0	156178#0	0
3367	Q0	264519#0	0
3367	Q0	5695#13	0
3367	Q0	31726#18	0
3367	Q0	233695#0	0
3368	Q0	58935#0	1
3368	Q0	1071#15	1
3368	Q0	13680#4	1
3368	Q0	1071#14	1
3368	Q0	280084#0	0
3368	Q0	1071#18	0
3368	Q0	121830#0	0
3368	Q0	13680#0	0
3368	Q0	13680#1	0
3368	Q0	69501#0	0
3371	Q0	4885#1	1
3371	Q0	69646#3	0
3371	Q0	69646#0	0
3371	Q0	69877#2	0
3371	Q0	14625#3	0
3371	Q0	339736#0	0
3371	Q0	69877#0	0
3371	Q0	22033#0	0
3371	Q0	222193#0	0
3371	Q0	69646#1	0
3372	Q0	9036#2	1
3372	Q0	103363#0	1
3372	Q0	8347#2	0
3372	Q0	8337#0	0
3372	Q0	44#39	0
3372	Q0	252221#0	0
3372	Q0	4403#28	0
3372	Q0	16424#0	0
3372	Q0	4877#2	0
3372	Q0	103363#2	0
3374	Q0	4015#12	1
3374	Q0	3768#32	1
3374	Q0	3768#21	1
3374	Q0	180555#1	0
3374	Q0	3768#1	0
3374	Q0	41077#18	0
3374	Q0	4013#1	0
3374	Q0	11403#5	0
3374	Q0	9059#0	0
3374	Q0	11400#0	0
3375	Q0	30826#18	1
3375	Q0	87728#12	1
3375	Q0	6463#11	1
3375	Q0	79737#2	1
3375	Q0	240281#0	0
3375	Q0	20978#0	0
3375	Q0	6463#23	0
3375	Q0	13535#21	0
3375	Q0	45347#7	0
3375	Q0	313427#0	0
3377	Q0	19925#9	1
3377	Q0	20089#1	0
3377	Q0	120162#5	0
3377	Q0	393838#0	0
3377	Q0	32535#3	0
3377	Q0	19925#0	0
3377	Q0	248464#1	0
3377	Q0	134703#0	0
3377	Q0	20089#6	0
3377	Q0	127237#0	0
3378	Q0	115708#0	1
3378	Q0	19454#6	0
3378	Q0	85#14	0
3378	Q0	36493#1	0
3378	Q0	1031#8	0
3378	Q0	1031#0	0
3378	Q0	1031#7	0
3378	Q0	45934#0	0
3378	Q0	240746#2	0
3378	Q0	240746#1	0
3379	Q0	6628#3	1
3379	Q0	13038#14	0
3379	Q0	6628#1	0
3379	Q0	6628#34	0
3379	Q0	6628#14	0
3379	Q0	87843#1	0
3379	Q0	6628#18	0
3379	Q0	281434#2	0
3379	Q0	6859#1	0
3379	Q0	180406#23	0
3381	Q0	278319#27	1
3381	Q0	1065328#0	1
3381	Q0	325318#4	0
3381	Q0	3302#11	0
3381	Q0	438905#2	0
3381	Q0	394945#2	0
3381	Q0	394916#17	0
3381	Q0	63577#3	0
3381	Q0	59275#0	0
3381	Q0	67383#0	0
3384	Q0	25459#60	1
3384	Q0	249181#14	0
3384	Q0	24600#34	0
3384	Q0	317323#5	0
3384	Q0	25459#30	0
3384	Q0	12700#7	0
3384	Q0	24600#45	0
3384	Q0	44115#0	0
3384	Q0	28108#0	0
3384	Q0	38477#4	0
3385	Q0	4472#8	1
3385	Q0	4472#10	1
3385	Q0	4472#1	1
3385	Q0	4472#4	1
3385	Q0	4472#27	1
3385	Q0	4472#7	0
3385	Q0	247345#3	0
3385	Q0	51856#0	0
3385	Q0	51856#1	0
3385	Q0	348085#0	0
3387	Q0	357804#0	1
3387	Q0	212048#0	1
3387	Q0	2650481#0	1
3387	Q0	3320#2	0
3387	Q0	351940#0	0
3387	Q0	81282#0	0
3387	Q0	7180#2	0
3387	Q0	84608#0	0
3387	Q0	69112#0	0
3387	Q0	356924#0	0
3388	Q0	4067#44	1
3388	Q0	146308#0	0
3388	Q0	44135#0	0
3388	Q0	44135#10	0
3388	Q0	39111#0	0
3388	Q0	131709#1	0
3388	Q0	4067#48	0
3388	Q0	60243#2	0
3388	Q0	115213#7	0
3388	Q0	44135#2	0
3389	Q0	260462#0	1
3389	Q0	243116#7	1
3389	Q0	243116#11	1
3389	Q0	572286#0	1
3389	Q0	245888#0	0
3389	Q0	217819#0	0
3389	Q0	271214#15	0
3389	Q0	112442#7	0
3389	Q0	271214#22	0
3389	Q0	271214#8	0
3389	Q0	271214#14	0
3389	Q0	572286#6	0
3389	Q0	572286#8	0
3391	Q0	748#36	1
3391	Q0	236785#16	1
3391	Q0	748#0	1
3391	Q0	127982#0	1
3391	Q0	2782#2	1
3391	Q0	19098#2	0
3391	Q0	26557#0	0
3391	Q0	26666#1	0
3391	Q0	27013#0	0
3391	Q0	36964#0	0
3392	Q0	29125#29	1
3392	Q0	29125#0	1
3392	Q0	3800#3	1
3392	Q0	29125#39	0
3392	Q0	29125#40	0
3392	Q0	29125#58	0
3392	Q0	29125#31	0
3392	Q0	29125#36	0
3392	Q0	29125#43	0
3392	Q0	29125#5	0
3394	Q0	157317#6	1
3394	Q0	4086#32	1
3394	Q0	771298#1	1
3394	Q0	157258#3	0
3394	Q0	157347#4	0
3394	Q0	157254#6	0
3394	Q0	157260#3	0
3394	Q0	157277#6	0
3394	Q0	65371#15	0
3394	Q0	65376#4	0
3394	Q0	157335#6	0
3394	Q0	771298#0	0
3395	Q0	27101#0	1
3395	Q0	118848#0	1
3395	Q0	227887#55	1
3395	Q0	27101#11	1
3395	Q0	118848#3	0
3395	Q0	12058#47	0
3395	Q0	12058#109	0
3395	Q0	118848#5	0
3395	Q0	185631#17	0
3395	Q0	27101#6	0
3396	Q0	4468#2	1
3396	Q0	4468#17	0
3396	Q0	4468#15	0
3396	Q0	5104#5	0
3396	Q0	57007#1	0
3396	Q0	215155#0	0
3396	Q0	3235#11	0
3396	Q0	1169902#0	0
3396	Q0	123919#52	0
3396	Q0	36622#1	0
3397	Q0	147226#0	1
3397	Q0	147225#29	0
3397	Q0	147225#28	0
3397	Q0	147225#25	0
3397	Q0	147225#33	0
3397	Q0	147225#27	0
3397	Q0	147225#7	0
3397	Q0	147225#9	0
3397	Q0	247421#0	0
3397	Q0	147225#19	0
3398	Q0	208747#38	1
3398	Q0	278217#0	1
3398	Q0	208747#49	1
3398	Q0	208747#39	1
3398	Q0	1156443#1	1
3398	Q0	1156443#15	1
3398	Q0	1156443#14	1
3398	Q0	311040#0	0
3398	Q0	278217#7	0
3398	Q0	278217#8	0
3398	Q0	57124#2	0
3398	Q0	228531#0	0
3398	Q0	208747#40	0
3399	Q0	6778#19	1
3399	Q0	285661#35	1
3399	Q0	6778#21	0
3399	Q0	285661#37	0
3399	Q0	11438#2	0
3399	Q0	12572#5	0
3399	Q0	11438#3	0
3399	Q0	6778#17	0
3399	Q0	285661#33	0
3399	Q0	6881#2	0
3400	Q0	33176#132	1
3400	Q0	12853#14	0
3400	Q0	12853#9	0
3400	Q0	124853#0	0
3400	Q0	12853#11	0
3400	Q0	12853#41	0
3400	Q0	12853#17	0
3400	Q0	12853#24	0
3400	Q0	12853#26	0
3400	Q0	12853#1	0
3401	Q0	217539#0	1
3401	Q0	217539#9	1
3401	Q0	217539#2	0
3401	Q0	217539#14	0
3401	Q0	217539#8	0
3401	Q0	217539#13	0
3401	Q0	217539#5	0
3401	Q0	217539#3	0
3401	Q0	217539#4	0
3401	Q0	217539#12	0
3403	Q0	44438#1	1
3403	Q0	67270#1	0
3403	Q0	70548#29	0
3403	Q0	29531#0	0
3403	Q0	21671#3	0
3403	Q0	22586#6	0
3403	Q0	28758#5	0
3403	Q0	141718#0	0
3403	Q0	254716#1	0
3403	Q0	4117#10	0
3404	Q0	315325#0	1
3404	Q0	188494#1	1
3404	Q0	235025#0	1
3404	Q0	37264#2	1
3404	Q0	37264#3	1
3404	Q0	37264#0	0
3404	Q0	37264#9	0
3404	Q0	188494#7	0
3404	Q0	37264#10	0
3404	Q0	199278#0	0
3404	Q0	195885#5	0
3404	Q0	69008#12	0
3405	Q0	18627#15	1
3405	Q0	13207#10	1
3405	Q0	233294#0	1
3405	Q0	18627#14	1
3405	Q0	231836#11	1
3405	Q0	18627#12	0
3405	Q0	18627#13	0
3405	Q0	322468#0	0
3405	Q0	34497#61	0
3405	Q0	18627#18	0
3408	Q0	54474#10	1
3408	Q0	54474#0	1
3408	Q0	54474#1	1
3408	Q0	54474#6	1
3408	Q0	54474#2	0
3408	Q0	54474#5	0
3408	Q0	54474#9	0
3408	Q0	54474#3	0
3408	Q0	54474#13	0
3408	Q0	54474#7	0
3409	Q0	51011#0	1
3409	Q0	45342#16	1
3409	Q0	45342#0	1
3409	Q0	416068#9	1
3409	Q0	121664#0	0
3409	Q0	121666#0	0
3409	Q0	121676#46	0
3409	Q0	45342#1	0
3409	Q0	416068#15	0
3409	Q0	45342#2	0
3410	Q0	1609437#5	1
3410	Q0	332547#6	0
3410	Q0	225206#4	0
3410	Q0	184021#9	0
3410	Q0	3094#1	0
3410	Q0	45535#48	0
3410	Q0	203285#14	0
3410	Q0	360789#0	0
3410	Q0	33486#1	0
3410	Q0	133002#1	0
3411	Q0	17113#0	1
3411	Q0	4449#29	1
3411	Q0	267435#0	1
3411	Q0	4448#35	1
3411	Q0	23584#0	1
3411	Q0	17113#1	1
3411	Q0	7330#5	0
3411	Q0	17113#2	0
3411	Q0	37008#0	0
3411	Q0	3992#5	0
3412	Q0	4268#3	1
3412	Q0	354615#0	1
3412	Q0	4268#50	1
3412	Q0	4268#81	0
3412	Q0	4268#1	0
3412	Q0	43571#0	0
3412	Q0	4268#5	0
3412	Q0	7640#0	0
3412	Q0	12240#16	0
3412	Q0	4268#2	0
3413	Q0	88606#4	1
3413	Q0	217227#0	1
3413	Q0	686#3	0
3413	Q0	3374#1	0
3413	Q0	5466#23	0
3413	Q0	286806#0	0
3413	Q0	91019#37	0
3413	Q0	91019#17	0
3413	Q0	3794#7	0
3413	Q0	752#8	0
3414	Q0	12849#23	1
3414	Q0	12754#19	1
3414	Q0	13011#11	0
3414	Q0	93871#6	0
3414	Q0	91346#4	0
3414	Q0	13222#4	0
3414	Q0	254971#0	0
3414	Q0	93871#15	0
3414	Q0	254971#4	0
3414	Q0	1101#24	0
3416	Q0	22487#4	1
3416	Q0	3107#11	1
3416	Q0	17124#15	0
3416	Q0	17124#2	0
3416	Q0	17124#8	0
3416	Q0	17124#11	0
3416	Q0	43355#5	0
3416	Q0	287963#2	0
3416	Q0	348976#1	0
3416	Q0	126140#2	0
3418	Q0	127564#2	1
3418	Q0	127564#18	1
3418	Q0	127564#65	1
3418	Q0	127564#51	1
3418	Q0	3152#39	1
3418	Q0	127564#0	1
3418	Q0	3073#1	1
3418	Q0	127564#12	0
3418	Q0	127564#53	0
3418	Q0	127564#61	0
3425	Q0	233275#0	1
3425	Q0	34497#61	1
3425	Q0	18627#13	0
3425	Q0	18627#12	0
3425	Q0	13207#10	0
3425	Q0	144090#0	0
3425	Q0	18627#15	0
3425	Q0	18627#14	0
3425	Q0	231836#11	0
3425	Q0	231836#5	0
3426	Q0	20372#0	1
3426	Q0	394609#0	1
3426	Q0	58215#68	0
3426	Q0	61245#3	0
3426	Q0	2821#2	0
3426	Q0	210861#34	0
3426	Q0	2413200#5	0
3426	Q0	3363#1	0
3426	Q0	81282#0	0
3426	Q0	13999#10	0
3429	Q0	79557#14	1
3429	Q0	79557#4	0
3429	Q0	79557#6	0
3429	Q0	79557#5	0
3429	Q0	79557#19	0
3429	Q0	79557#3	0
3429	Q0	79557#2	0
3429	Q0	79557#18	0
3429	Q0	79557#11	0
3429	Q0	79557#29	0
3430	Q0	838#1	1
3430	Q0	838#2	1
3430	Q0	838#7	1
3430	Q0	3207#7	1
3430	Q0	3127#21	1
3430	Q0	838#17	0
3430	Q0	838#18	0
3430	Q0	26208#16	0
3430	Q0	144615#7	0
3430	Q0	3387#3	0
3433	Q0	4049#3	1
3433	Q0	49186#8	1
3433	Q0	5771#49	1
3433	Q0	441928#14	0
3433	Q0	11942#9	0
3433	Q0	145707#120	0
3433	Q0	250271#2	0
3433	Q0	406653#10	0
3433	Q0	84#42	0
3433	Q0	19783#0	0
3435	Q0	894#1	1
3435	Q0	38637#27	1
3435	Q0	142768#6	1
3435	Q0	3528#3	0
3435	Q0	894#17	0
3435	Q0	109444#26	0
3435	Q0	13180#38	0
3435	Q0	409440#6	0
3435	Q0	38637#16	0
3435	Q0	32310#21	0
3436	Q0	266107#7	1
3436	Q0	266107#8	1
3436	Q0	266107#2	1
3436	Q0	266107#0	1
3436	Q0	2707#15	0
3436	Q0	2707#14	0
3436	Q0	169838#23	0
3436	Q0	409176#4	0
3436	Q0	78909#0	0
3436	Q0	91185#0	0
3437	Q0	340376#0	1
3437	Q0	325291#5	1
3437	Q0	42733#43	1
3437	Q0	54#8	1
3437	Q0	348434#0	0
3437	Q0	14228#16	0
3437	Q0	187217#0	0
3437	Q0	49220#13	0
3437	Q0	72791#0	0
3437	Q0	38216#0	0
3438	Q0	429295#7	1
3438	Q0	280645#7	1
3438	Q0	291923#2	1
3438	Q0	325070#3	0
3438	Q0	291923#1	0
3438	Q0	203102#0	0
3438	Q0	429295#8	0
3438	Q0	116069#3	0
3438	Q0	11450#13	0
3438	Q0	44276#3	0
3439	Q0	160452#0	1
3439	Q0	13906#42	1
3439	Q0	3076#6	1
3439	Q0	10627#28	1
3439	Q0	14803#1	1
3439	Q0	28560#8	1
3439	Q0	391047#1	0
3439	Q0	3076#7	0
3439	Q0	144619#0	0
3439	Q0	310475#0	0
3442	Q0	6244#9	1
3442	Q0	1037#9	1
3442	Q0	44#70	1
3442	Q0	184332#4	0
3442	Q0	8575#13	0
3442	Q0	407037#43	0
3442	Q0	8#35	0
3442	Q0	67294#25	0
3442	Q0	36980#55	0
3442	Q0	16#152	0
3443	Q0	82774#9	1
3443	Q0	1668019#0	1
3443	Q0	344179#0	0
3443	Q0	838#17	0
3443	Q0	129933#0	0
3443	Q0	66807#13	0
3443	Q0	43531#6	0
3443	Q0	257096#3	0
3443	Q0	11443#21	0
3443	Q0	349847#2	0
3444	Q0	112568#3	1
3444	Q0	24510#7	1
3444	Q0	112541#0	1
3444	Q0	112568#5	1
3444	Q0	112568#4	1
3444	Q0	112568#1	0
3444	Q0	112568#0	0
3444	Q0	112568#10	0
3444	Q0	112568#8	0
3444	Q0	112568#7	0
3445	Q0	53791#0	1
3445	Q0	3172#18	1
3445	Q0	53791#18	1
3445	Q0	53988#4	1
3445	Q0	53791#7	0
3445	Q0	53791#2	0
3445	Q0	53791#17	0
3445	Q0	53791#4	0
3445	Q0	53791#3	0
3445	Q0	363167#2	0
3446	Q0	235399#4	1
3446	Q0	235399#3	1
3446	Q0	235399#0	1
3446	Q0	235399#16	1
3446	Q0	235399#18	1
3446	Q0	235399#5	0
3446	Q0	235399#13	0
3446	Q0	235399#20	0
3446	Q0	235399#10	0
3446	Q0	235399#1	0
3447	Q0	13263#91	1
3447	Q0	77596#0	1
3447	Q0	19552#10	0
3447	Q0	72669#3	0
3447	Q0	13260#12	0
3447	Q0	107934#12	0
3447	Q0	246107#2	0
3447	Q0	107934#2	0
3447	Q0	112940#0	0
3447	Q0	13260#13	0
3449	Q0	2621402#4	1
3449	Q0	177504#3	0
3449	Q0	28417#3	0
3449	Q0	177504#8	0
3449	Q0	28417#8	0
3449	Q0	28417#6	0
3449	Q0	28417#1	0
3449	Q0	838#17	0
3449	Q0	28417#5	0
3453	Q0	213067#3	1
3453	Q0	1611224#2	1
3453	Q0	85304#1	0
3453	Q0	208747#51	0
3453	Q0	208747#39	0
3453	Q0	316991#0	0
3453	Q0	275081#4	0
3453	Q0	330168#0	0
3453	Q0	3164#23	0
3453	Q0	305722#0	0
3454	Q0	297467#7	1
3454	Q0	11753#18	1
3454	Q0	157006#1	1
3454	Q0	58522#0	0
3454	Q0	78327#8	0
3454	Q0	155039#0	0
3454	Q0	38341#1	0
3454	Q0	58251#0	0
3454	Q0	85310#46	0
3454	Q0	7801#0	0
3455	Q0	12559#0	1
3455	Q0	12559#1	0
3455	Q0	13174#12	0
3455	Q0	13174#11	0
3455	Q0	274654#14	0
3455	Q0	46562#0	0
3455	Q0	12559#2	0
3455	Q0	52205#18	0
3455	Q0	45568#30	0
3455	Q0	2632#15	0
3457	Q0	30903#1	1
3457	Q0	217874#11	1
3457	Q0	24655#8	0
3457	Q0	3207#19	0
3457	Q0	9588#38	0
3457	Q0	60642#6	0
3457	Q0	283070#13	0
3457	Q0	1046#68	0
3457	Q0	114108#1	0
3457	Q0	129217#7	0
3458	Q0	3881#6	1
3458	Q0	245639#16	1
3458	Q0	11375#6	0
3458	Q0	217874#3	0
3458	Q0	227266#2	0
3458	Q0	225341#0	0
3458	Q0	117157#0	0
3458	Q0	5431#60	0
3458	Q0	225263#0	0
3458	Q0	409925#4	0
3462	Q0	3768#21	1
3462	Q0	4015#12	0
3462	Q0	3768#32	0
3462	Q0	180555#1	0
3462	Q0	3768#1	0
3462	Q0	41077#18	0
3462	Q0	9059#0	0
3462	Q0	11403#5	0
3462	Q0	11400#0	0
3462	Q0	4013#1	0
3463	Q0	11970#0	1
3463	Q0	35#26	0
3463	Q0	18205#35	0
3463	Q0	35#27	0
3463	Q0	183394#0	0
3463	Q0	224996#8	0
3463	Q0	35#12	0
3463	Q0	175877#0	0
3463	Q0	14911#1	0
3463	Q0	147941#2	0
3465	Q0	245360#0	1
3465	Q0	245360#18	1
3465	Q0	245358#0	1
3465	Q0	245360#15	0
3465	Q0	245360#9	0
3465	Q0	245360#1	0
3465	Q0	245360#8	0
3465	Q0	245360#17	0
3465	Q0	245360#7	0
3465	Q0	245357#0	0
3466	Q0	342629#7	1
3466	Q0	77409#2	1
3466	Q0	56760#0	1
3466	Q0	209403#22	1
3466	Q0	77325#2	0
3466	Q0	77409#0	0
3466	Q0	77325#0	0
3466	Q0	59197#5	0
3466	Q0	342629#10	0
3466	Q0	139339#0	0
3469	Q0	180414#0	1
3469	Q0	107316#35	1
3469	Q0	180414#15	1
3469	Q0	180414#8	0
3469	Q0	7055#22	0
3469	Q0	362883#2	0
3469	Q0	7114#2	0
3469	Q0	180414#4	0
3469	Q0	107316#36	0
3469	Q0	44840#11	0
3470	Q0	337117#2	1
3470	Q0	12539#7	1
3470	Q0	12539#3	1
3470	Q0	337117#0	0
3470	Q0	12539#38	0
3470	Q0	12539#37	0
3470	Q0	337117#1	0
3470	Q0	4589#12	0
3470	Q0	12539#8	0
3470	Q0	12539#15	0
3471	Q0	42733#24	1
3471	Q0	42733#2	1
3471	Q0	42733#20	1
3471	Q0	320304#24	1
3471	Q0	18076#22	1
3471	Q0	51746#0	0
3471	Q0	400758#25	0
3471	Q0	61975#15	0
3471	Q0	200192#14	0
3471	Q0	9266#113	0
3473	Q0	26756#0	1
3473	Q0	176057#1	1
3473	Q0	29574#0	1
3473	Q0	152409#2	0
3473	Q0	176057#7	0
3473	Q0	112568#1	0
3473	Q0	1128#4	0
3473	Q0	81282#0	0
3473	Q0	29574#7	0
3473	Q0	226434#0	0
3474	Q0	272060#0	1
3474	Q0	143048#0	0
3474	Q0	89182#0	0
3474	Q0	277480#0	0
3474	Q0	143048#2	0
3474	Q0	272085#0	0
3474	Q0	89178#0	0
3474	Q0	143048#6	0
3474	Q0	6244#30	0
3474	Q0	89180#0	0
3475	Q0	6920#0	1
3475	Q0	25503#3	1
3475	Q0	843#93	0
3475	Q0	227887#4	0
3475	Q0	181086#0	0
3475	Q0	23906#16	0
3475	Q0	4974#4	0
3475	Q0	213686#46	0
3475	Q0	6920#8	0
3475	Q0	299546#0	0
3475	Q0	6920#13	0
3476	Q0	146698#38	1
3476	Q0	33166#0	1
3476	Q0	146698#31	1
3476	Q0	3531#37	1
3476	Q0	45284#5	1
3476	Q0	3531#3	0
3476	Q0	146698#39	0
3476	Q0	3531#35	0
3476	Q0	146698#46	0
3476	Q0	3531#12	0
3477	Q0	1082#26	1
3477	Q0	13016#0	1
3477	Q0	15325#2	0
3477	Q0	4650#1	0
3477	Q0	4552#1	0
3477	Q0	7118#2	0
3477	Q0	91323#1	0
3477	Q0	18612#21	0
3477	Q0	365564#5	0
3477	Q0	7074#18	0
3478	Q0	78523#0	1
3478	Q0	77707#0	1
3478	Q0	28636#0	0
3478	Q0	130931#0	0
3478	Q0	77625#0	0
3478	Q0	77704#0	0
3478	Q0	80247#0	0
3478	Q0	79921#0	0
3478	Q0	77710#0	0
3478	Q0	382649#0	0
3479	Q0	6208#17	1
3479	Q0	6208#0	1
3479	Q0	52#20	1
3479	Q0	310840#1	0
3479	Q0	310840#3	0
3479	Q0	278307#0	0
3479	Q0	121986#15	0
3479	Q0	33476#0	0
3479	Q0	310840#5	0
3479	Q0	200018#0	0
3481	Q0	77401#10	1
3481	Q0	77400#28	1
3481	Q0	264308#6	1
3481	Q0	7498#22	1
3481	Q0	7498#24	0
3481	Q0	15349#28	0
3481	Q0	77400#27	0
3481	Q0	77400#41	0
3481	Q0	7498#10	0
3481	Q0	15349#33	0
3485	Q0	68552#1	1
3485	Q0	68552#0	1
3485	Q0	68552#2	1
3485	Q0	25612#21	1
3485	Q0	81282#0	0
3485	Q0	1725533#1	0
3485	Q0	3803#9	0
3485	Q0	226434#0	0
3485	Q0	84608#0	0
3485	Q0	228637#0	0
3486	Q0	250866#2	1
3486	Q0	148479#1	1
3486	Q0	250866#3	1
3486	Q0	325951#8	1
3486	Q0	250866#4	1
3486	Q0	250866#14	1
3486	Q0	250866#12	1
3486	Q0	148479#0	0
3486	Q0	3469#5	0
3486	Q0	302463#0	0
3488	Q0	286293#0	1
3488	Q0	286293#7	0
3488	Q0	286293#2	0
3488	Q0	33176#102	0
3488	Q0	286293#12	0
3488	Q0	286293#10	0
3488	Q0	286293#9	0
3488	Q0	286293#8	0
3488	Q0	286293#1	0
3488	Q0	286293#6	0
3490	Q0	49429#36	1
3490	Q0	49429#5	1
3490	Q0	49429#4	0
3490	Q0	49429#29	0
3490	Q0	49429#43	0
3490	Q0	49429#48	0
3490	Q0	49429#32	0
3490	Q0	49429#14	0
3490	Q0	49429#1	0
3490	Q0	49429#49	0
3491	Q0	7118#0	1
3491	Q0	131098#8	0
3491	Q0	24055#0	0
3491	Q0	7118#3	0
3491	Q0	7118#22	0
3491	Q0	7118#1	0
3491	Q0	24055#2	0
3491	Q0	24055#4	0
3491	Q0	131098#9	0
3491	Q0	7118#18	0
3492	Q0	23699#14	1
3492	Q0	2624823#0	1
3492	Q0	2624823#1	1
3492	Q0	2624823#21	1
3492	Q0	33176#62	0
3492	Q0	23699#15	0
3492	Q0	23379#10	0
3492	Q0	23379#12	0
3492	Q0	201498#3	0
3492	Q0	342406#2	0
3492	Q0	23379#11	0
3492	Q0	201498#2	0
3492	Q0	3531#3	0
3493	Q0	132230#12	1
3493	Q0	132230#1	0
3493	Q0	132230#3	0
3493	Q0	132230#11	0
3493	Q0	124944#5	0
3493	Q0	124944#1	0
3493	Q0	320314#5	0
3493	Q0	62705#6	0
3493	Q0	132230#14	0
3493	Q0	62705#8	0
3494	Q0	146698#24	1
3494	Q0	366590#0	1
3494	Q0	147340#2	1
3494	Q0	34332#0	1
3494	Q0	366590#6	0
3494	Q0	366590#7	0
3494	Q0	228290#0	0
3494	Q0	147340#1	0
3494	Q0	146698#14	0
3494	Q0	31964#18	0
3497	Q0	12303#0	1
3497	Q0	12303#1	1
3497	Q0	12303#28	0
3497	Q0	276285#0	0
3497	Q0	12303#7	0
3497	Q0	12303#26	0
3497	Q0	12303#10	0
3497	Q0	12303#6	0
3497	Q0	12303#27	0
3497	Q0	173179#0	0
3498	Q0	6982#20	1
3498	Q0	6982#62	1
3498	Q0	6982#40	0
3498	Q0	6982#1	0
3498	Q0	36472#0	0
3498	Q0	6982#10	0
3498	Q0	6982#19	0
3498	Q0	6982#15	0
3498	Q0	6982#17	0
3498	Q0	312545#7	0
3499	Q0	817#13	1
3499	Q0	4932#0	1
3499	Q0	3468#1	1
3499	Q0	817#12	1
3499	Q0	330610#1	1
3499	Q0	4776#0	0
3499	Q0	4759#12	0
3499	Q0	141438#0	0
3499	Q0	4792#0	0
3499	Q0	3468#0	0
3500	Q0	1643063#0	1
3500	Q0	1001#9	0
3500	Q0	81282#0	0
3500	Q0	84608#0	0
3500	Q0	226434#0	0
3500	Q0	36476#34	0
3500	Q0	235023#0	0
3500	Q0	3160#5	0
3500	Q0	207718#0	0
3500	Q0	149865#0	0
3502	Q0	215663#28	1
3502	Q0	784#0	1
3502	Q0	215663#17	1
3502	Q0	784#1	0
3502	Q0	784#49	0
3502	Q0	215663#11	0
3502	Q0	784#42	0
3502	Q0	784#43	0
3502	Q0	215663#52	0
3502	Q0	215663#29	0
3504	Q0	276681#8	1
3504	Q0	239388#27	1
3504	Q0	85074#3	1
3504	Q0	85074#32	1
3504	Q0	86070#0	0
3504	Q0	239388#25	0
3504	Q0	347289#0	0
3504	Q0	231440#0	0
3504	Q0	276749#10	0
3504	Q0	276681#6	0
3506	Q0	6276#2	1
3506	Q0	6276#40	1
3506	Q0	6276#57	0
3506	Q0	6276#55	0
3506	Q0	6276#61	0
3506	Q0	6276#58	0
3506	Q0	6276#44	0
3506	Q0	127449#73	0
3506	Q0	62101#0	0
3506	Q0	6276#74	0
3507	Q0	27013#21	1
3507	Q0	8575#12	1
3507	Q0	132738#43	0
3507	Q0	4248#13	0
3507	Q0	30412#124	0
3507	Q0	23906#109	0
3507	Q0	22742#6	0
3507	Q0	23906#105	0
3507	Q0	3493#54	0
3507	Q0	4434#15	0
3508	Q0	102574#9	1
3508	Q0	102574#8	1
3508	Q0	14189#2	1
3508	Q0	50748#15	0
3508	Q0	209737#8	0
3508	Q0	150962#16	0
3508	Q0	291843#9	0
3508	Q0	119183#10	0
3508	Q0	78880#7	0
3508	Q0	58215#33	0
3509	Q0	217206#11	1
3509	Q0	217206#16	0
3509	Q0	217206#3	0
3509	Q0	217206#1	0
3509	Q0	217206#0	0
3509	Q0	11804#4	0
3509	Q0	217206#5	0
3509	Q0	217206#4	0
3509	Q0	217206#2	0
3509	Q0	217206#20	0
3512	Q0	157597#0	1
3512	Q0	358469#0	1
3512	Q0	358469#37	0
3512	Q0	358469#36	0
3512	Q0	358469#15	0
3512	Q0	358469#2	0
3512	Q0	358469#13	0
3512	Q0	157597#2	0
3512	Q0	358469#16	0
3512	Q0	157597#23	0
3513	Q0	588119#36	1
3513	Q0	285342#0	0
3513	Q0	221445#0	0
3513	Q0	291794#0	0
3513	Q0	13267#68	0
3513	Q0	3597#42	0
3513	Q0	97423#6	0
3513	Q0	289654#20	0
3513	Q0	13267#45	0
3513	Q0	13267#88	0
3515	Q0	1560992#0	1
3515	Q0	82335#0	0
3515	Q0	122420#1	0
3515	Q0	65176#1	0
3515	Q0	18525#13	0
3515	Q0	82335#1	0
3515	Q0	259872#0	0
3515	Q0	52288#5	0
3515	Q0	21310#10	0
3515	Q0	82335#2	0
3516	Q0	310840#3	1
3516	Q0	11012#0	1
3516	Q0	310840#5	1
3516	Q0	278307#0	1
3516	Q0	310840#1	0
3516	Q0	6208#17	0
3516	Q0	4192#43	0
3516	Q0	6208#0	0
3516	Q0	4190#1	0
3516	Q0	87178#0	0
3517	Q0	13339#1	1
3517	Q0	13339#0	1
3517	Q0	32480#1	0
3517	Q0	13339#6	0
3517	Q0	113664#3	0
3517	Q0	377181#2	0
3517	Q0	213822#1	0
3517	Q0	47204#1	0
3517	Q0	187766#3	0
3517	Q0	1092258#4	0
3518	Q0	37004#13	1
3518	Q0	37004#10	1
3518	Q0	37004#5	1
3518	Q0	37004#18	1
3518	Q0	37004#12	0
3518	Q0	37004#11	0
3518	Q0	37004#0	0
3518	Q0	406647#1	0
3518	Q0	37004#2	0
3518	Q0	406647#0	0
3519	Q0	12561#65	1
3519	Q0	140156#23	1
3519	Q0	140156#21	1
3519	Q0	12561#61	0
3519	Q0	12561#64	0
3519	Q0	12561#71	0
3519	Q0	140156#22	0
3519	Q0	140156#5	0
3519	Q0	140156#6	0
3519	Q0	208676#33	0
3520	Q0	1420905#0	1
3520	Q0	40952#1	0
3520	Q0	314187#1	0
3520	Q0	311460#3	0
3520	Q0	14477#5	0
3520	Q0	400361#3	0
3520	Q0	838#17	0
3520	Q0	12058#5	0
3520	Q0	204263#1	0
3520	Q0	255033#1	0
3521	Q0	34#2	1
3521	Q0	34#9	1
3521	Q0	34#5	1
3521	Q0	8106#71	1
3521	Q0	117479#2	0
3521	Q0	186794#0	0
3521	Q0	34#6	0
3521	Q0	144055#6	0
3521	Q0	34#3	0
3521	Q0	117479#0	0
3522	Q0	4056#18	1
3522	Q0	4056#23	1
3522	Q0	108524#1	1
3522	Q0	4056#20	0
3522	Q0	4055#1	0
3522	Q0	4056#21	0
3522	Q0	4056#22	0
3522	Q0	4056#16	0
3522	Q0	57082#2	0
3522	Q0	129070#3	0
3523	Q0	97364#9	1
3523	Q0	97364#10	1
3523	Q0	97364#7	1
3523	Q0	97357#3	0
3523	Q0	97364#5	0
3523	Q0	97364#6	0
3523	Q0	97364#8	0
3523	Q0	97357#2	0
3523	Q0	97364#3	0
3523	Q0	97364#2	0
3525	Q0	125681#29	1
3525	Q0	321669#1	1
3525	Q0	2828#0	0
3525	Q0	30985#1	0
3525	Q0	443034#3	0
3525	Q0	442086#2	0
3525	Q0	273126#1	0
3525	Q0	6088#6	0
3525	Q0	440676#2	0
3525	Q0	100933#0	0
3526	Q0	5431#26	1
3526	Q0	8401#17	0
3526	Q0	59056#0	0
3526	Q0	4082#0	0
3526	Q0	5431#28	0
3526	Q0	157235#1	0
3526	Q0	11023#8	0
3526	Q0	11614#13	0
3526	Q0	4172#14	0
3526	Q0	142243#0	0
3529	Q0	21034#18	1
3529	Q0	21034#34	1
3529	Q0	21034#15	1
3529	Q0	67608#0	1
3529	Q0	21034#12	0
3529	Q0	21034#19	0
3529	Q0	21034#27	0
3529	Q0	35250#0	0
3529	Q0	21034#3	0
3529	Q0	21034#6	0
3530	Q0	69644#0	1
3530	Q0	274567#0	0
3530	Q0	69644#3	0
3530	Q0	69644#9	0
3530	Q0	69646#2	0
3530	Q0	1063#11	0
3530	Q0	224809#8	0
3530	Q0	69644#28	0
3530	Q0	413010#1	0
3530	Q0	3493#45	0
3531	Q0	263360#1	1
3531	Q0	263360#13	1
3531	Q0	263360#44	0
3531	Q0	263360#22	0
3531	Q0	263360#0	0
3531	Q0	263360#8	0
3531	Q0	263360#19	0
3531	Q0	131018#0	0
3531	Q0	263360#18	0
3531	Q0	201022#0	0
3534	Q0	33622#19	1
3534	Q0	43137#4	0
3534	Q0	24788#23	0
3534	Q0	22456#25	0
3534	Q0	54469#11	0
3534	Q0	47719#9	0
3534	Q0	39698#1	0
3534	Q0	123919#50	0
3534	Q0	232200#2	0
3534	Q0	2468966#0	0
3538	Q0	70030#11	1
3538	Q0	2500094#6	1
3538	Q0	785#6	0
3538	Q0	148244#9	0
3538	Q0	785#7	0
3538	Q0	838#17	0
3538	Q0	28432#17	0
3538	Q0	206783#4	0
3538	Q0	118004#0	0
3538	Q0	61936#52	0
3540	Q0	5474#46	1
3540	Q0	184764#4	0
3540	Q0	184764#12	0
3540	Q0	184764#22	0
3540	Q0	184764#15	0
3540	Q0	184764#17	0
3540	Q0	184764#13	0
3540	Q0	184764#0	0
3540	Q0	184764#20	0
3540	Q0	120907#5	0
3541	Q0	263753#1	1
3541	Q0	2840#17	0
3541	Q0	28456#2	0
3541	Q0	2840#28	0
3541	Q0	314591#5	0
3541	Q0	2840#29	0
3541	Q0	2840#0	0
3541	Q0	2610230#0	0
3541	Q0	54456#1	0
3541	Q0	3992#5	0
3542	Q0	51169#3	1
3542	Q0	51169#37	1
3542	Q0	51169#4	1
3542	Q0	51169#8	0
3542	Q0	158334#0	0
3542	Q0	84689#4	0
3542	Q0	51169#10	0
3542	Q0	130499#7	0
3542	Q0	3992#5	0
3542	Q0	51169#12	0
3543	Q0	236426#53	1
3543	Q0	58851#6	1
3543	Q0	58851#0	0
3543	Q0	58851#3	0
3543	Q0	58851#9	0
3543	Q0	236426#61	0
3543	Q0	58851#11	0
3543	Q0	58851#2	0
3543	Q0	58851#8	0
3543	Q0	90335#1	0
3544	Q0	3113#0	1
3544	Q0	3115#1	1
3544	Q0	3107#0	1
3544	Q0	3107#24	1
3544	Q0	3113#5	1
3544	Q0	54#18	0
3544	Q0	3107#20	0
3544	Q0	3107#23	0
3544	Q0	3113#2	0
3544	Q0	3107#2	0
3544	Q0	3107#27	0
3545	Q0	407037#39	1
3545	Q0	129607#91	0
3545	Q0	103990#89	0
3545	Q0	97218#10	0
3545	Q0	117043#62	0
3545	Q0	157330#90	0
3545	Q0	103785#3	0
3545	Q0	69840#0	0
3545	Q0	69840#2	0
3545	Q0	103785#1	0
3546	Q0	1076#0	1
3546	Q0	1076#17	0
3546	Q0	1076#22	0
3546	Q0	1076#7	0
3546	Q0	1076#9	0
3546	Q0	1076#6	0
3546	Q0	1076#1	0
3546	Q0	1076#19	0
3546	Q0	1076#20	0
3546	Q0	1076#21	0
3547	Q0	13109#38	1
3547	Q0	13109#6	1
3547	Q0	13109#18	1
3547	Q0	13109#8	1
3547	Q0	184364#4	0
3547	Q0	184364#1	0
3547	Q0	13109#13	0
3547	Q0	13109#0	0
3547	Q0	13109#21	0
3547	Q0	21219#9	0
3549	Q0	65758#4	1
3549	Q0	65758#5	1
3549	Q0	21873#18	1
3549	Q0	65758#10	0
3549	Q0	65758#0	0
3549	Q0	153153#9	0
3549	Q0	130167#11	0
3549	Q0	155249#4	0
3549	Q0	178399#0	0
3549	Q0	63046#1	0
3550	Q0	340532#27	1
3550	Q0	340532#11	1
3550	Q0	340532#2	1
3550	Q0	340532#19	1
3550	Q0	340532#23	1
3550	Q0	340532#0	0
3550	Q0	340532#15	0
3550	Q0	340532#18	0
3550	Q0	340532#4	0
3550	Q0	340532#1	0
3551	Q0	13927#0	1
3551	Q0	4489#0	1
3551	Q0	4451#12	1
3551	Q0	20061#0	1
3551	Q0	13927#3	0
3551	Q0	4510#8	0
3551	Q0	355608#0	0
3551	Q0	367832#0	0
3551	Q0	12862#2	0
3551	Q0	12862#34	0
3552	Q0	44840#28	1
3552	Q0	44840#25	1
3552	Q0	44840#3	1
3552	Q0	44840#24	0
3552	Q0	50968#10	0
3552	Q0	44840#13	0
3552	Q0	44840#0	0
3552	Q0	121520#14	0
3552	Q0	49184#2	0
3552	Q0	44840#2	0
3553	Q0	817#13	1
3553	Q0	4932#0	1
3553	Q0	817#12	0
3553	Q0	330610#1	0
3553	Q0	4776#0	0
3553	Q0	4759#12	0
3553	Q0	141438#0	0
3553	Q0	4792#0	0
3553	Q0	3468#0	0
3554	Q0	12356#0	1
3554	Q0	12356#1	1
3554	Q0	12356#3	1
3554	Q0	311164#6	0
3554	Q0	287440#0	0
3554	Q0	287223#1	0
3554	Q0	52961#11	0
3554	Q0	6982#7	0
3554	Q0	75002#0	0
3554	Q0	13267#156	0
3556	Q0	12702#0	1
3556	Q0	22693#16	1
3556	Q0	12702#1	1
3556	Q0	126387#8	0
3556	Q0	8432#4	0
3556	Q0	75814#0	0
3556	Q0	3235#13	0
3556	Q0	25492#4	0
3556	Q0	150962#3	0
3556	Q0	13156#1	0
3557	Q0	199748#0	1
3557	Q0	199748#4	0
3557	Q0	199748#15	0
3557	Q0	199748#3	0
3557	Q0	199807#1	0
3557	Q0	199748#1	0
3557	Q0	199733#2	0
3557	Q0	199807#18	0
3557	Q0	199748#2	0
3557	Q0	199807#23	0
3559	Q0	21987#1	1
3559	Q0	14156#14	1
3559	Q0	21987#0	1
3559	Q0	21987#2	1
3559	Q0	97458#9	0
3559	Q0	104199#1	0
3559	Q0	78415#3	0
3559	Q0	209863#0	0
3559	Q0	40372#0	0
3559	Q0	838#17	0
3560	Q0	269528#0	1
3560	Q0	269528#1	1
3560	Q0	44#6	0
3560	Q0	4017#1	0
3560	Q0	3399#0	0
3560	Q0	81282#0	0
3560	Q0	226434#0	0
3560	Q0	89566#2	0
3560	Q0	29471#11	0
3560	Q0	68692#17	0
3561	Q0	21545#4	1
3561	Q0	21545#52	1
3561	Q0	21545#0	1
3561	Q0	21545#6	0
3561	Q0	21545#5	0
3561	Q0	21545#2	0
3561	Q0	21545#7	0
3561	Q0	21545#22	0
3561	Q0	21545#53	0
3561	Q0	21545#42	0
3562	Q0	198016#0	1
3562	Q0	198016#1	0
3562	Q0	197830#1	0
3562	Q0	14284#19	0
3562	Q0	31765#7	0
3562	Q0	198039#0	0
3562	Q0	198234#0	0
3562	Q0	197841#0	0
3562	Q0	197667#0	0
3562	Q0	197829#0	0
3563	Q0	19399#7	1
3563	Q0	246249#20	1
3563	Q0	270696#12	1
3563	Q0	6463#65	1
3563	Q0	412835#11	0
3563	Q0	105932#0	0
3563	Q0	105932#2	0
3563	Q0	99983#0	0
3563	Q0	45540#90	0
3563	Q0	33176#1	0
3564	Q0	225731#2	1
3564	Q0	225731#4	1
3564	Q0	44711#1	1
3564	Q0	240281#5	1
3564	Q0	55823#7	1
3564	Q0	139493#6	0
3564	Q0	404720#1	0
3564	Q0	10448#7	0
3564	Q0	349400#0	0
3564	Q0	62310#3	0
3567	Q0	3888#4	1
3567	Q0	336726#9	1
3567	Q0	32597#2	0
3567	Q0	85223#1	0
3567	Q0	97439#1	0
3567	Q0	3888#14	0
3567	Q0	3888#16	0
3567	Q0	2972#5	0
3567	Q0	377023#1	0
3567	Q0	771#1	0
3568	Q0	2689183#1	1
3568	Q0	281196#4	0
3568	Q0	277264#2	0
3568	Q0	15750#5	0
3568	Q0	3806#8	0
3568	Q0	146169#53	0
3568	Q0	217301#7	0
3568	Q0	146169#52	0
3568	Q0	47325#15	0
3568	Q0	193656#3	0
3569	Q0	58935#0	1
3569	Q0	13680#4	1
3569	Q0	1071#15	0
3569	Q0	280084#0	0
3569	Q0	1071#18	0
3569	Q0	1071#14	0
3569	Q0	121830#0	0
3569	Q0	13680#0	0
3569	Q0	13680#1	0
3569	Q0	69501#0	0
3571	Q0	842#12	1
3571	Q0	842#3	0
3571	Q0	842#0	0
3571	Q0	842#9	0
3571	Q0	842#24	0
3571	Q0	4435#3	0
3571	Q0	147008#0	0
3571	Q0	4435#0	0
3571	Q0	48549#5	0
3571	Q0	48549#6	0
3572	Q0	91#35	1
3572	Q0	91#0	1
3572	Q0	91#3	1
3572	Q0	91#23	0
3572	Q0	91#15	0
3572	Q0	91#5	0
3572	Q0	91#2	0
3572	Q0	91#28	0
3572	Q0	228921#0	0
3572	Q0	29582#0	0
3573	Q0	1887698#0	1
3573	Q0	84689#4	0
3573	Q0	396324#3	0
3573	Q0	1887698#1	0
3573	Q0	3992#5	0
3573	Q0	66982#5	0
3573	Q0	396324#4	0
3573	Q0	272691#3	0
3573	Q0	18364#1	0
3573	Q0	18792#2	0
3574	Q0	272272#2	1
3574	Q0	272272#1	1
3574	Q0	272272#0	1
3574	Q0	272272#3	0
3574	Q0	122602#0	0
3574	Q0	122602#1	0
3574	Q0	122602#13	0
3574	Q0	279553#1	0
3574	Q0	3803#9	0
3574	Q0	266794#2	0
3575	Q0	197343#37	1
3575	Q0	391299#11	1
3575	Q0	197343#32	0
3575	Q0	298340#7	0
3575	Q0	145683#0	0
3575	Q0	300886#10	0
3575	Q0	298340#1	0
3575	Q0	197343#18	0
3575	Q0	300886#9	0
3575	Q0	300886#7	0
3576	Q0	2698141#20	1
3576	Q0	315688#7	0
3576	Q0	308156#7	0
3576	Q0	22930#1	0
3576	Q0	308156#13	0
3576	Q0	315688#10	0
3576	Q0	22937#23	0
3576	Q0	838#17	0
3576	Q0	82433#11	0
3576	Q0	116684#15	0
3580	Q0	132738#43	1
3580	Q0	13180#1	1
3580	Q0	33166#14	0
3580	Q0	13180#4	0
3580	Q0	146698#31	0
3580	Q0	1130#51	0
3580	Q0	4454#58	0
3580	Q0	50#47	0
3580	Q0	5408#11	0
3580	Q0	208418#15	0
3581	Q0	16913#23	1
3581	Q0	16913#1	1
3581	Q0	17014#1	1
3581	Q0	392497#0	1
3581	Q0	69008#20	1
3581	Q0	69008#34	1
3581	Q0	392497#1	0
3581	Q0	16913#0	0
3581	Q0	395250#6	0
3581	Q0	16849#25	0
3584	Q0	311669#0	1
3584	Q0	181104#4	1
3584	Q0	28560#0	1
3584	Q0	969298#13	0
3584	Q0	3302#22	0
3584	Q0	228637#0	0
3584	Q0	206783#4	0
3584	Q0	28560#10	0
3584	Q0	203262#0	0
3584	Q0	198835#0	0
3584	Q0	28560#16	0
3585	Q0	109822#12	1
3585	Q0	58588#0	1
3585	Q0	109770#2	1
3585	Q0	58558#0	0
3585	Q0	109762#0	0
3585	Q0	4059#2	0
3585	Q0	4059#1	0
3585	Q0	112844#0	0
3585	Q0	108840#0	0
3585	Q0	109719#0	0
3586	Q0	2488331#0	1
3586	Q0	3759#17	0
3586	Q0	143679#2	0
3586	Q0	3020#100	0
3586	Q0	16460#5	0
3586	Q0	289967#0	0
3586	Q0	19136#66	0
3586	Q0	19136#15	0
3586	Q0	19136#64	0
3586	Q0	33#15	0
3587	Q0	11972#89	1
3587	Q0	184527#1	1
3587	Q0	11972#3	1
3587	Q0	11972#12	1
3587	Q0	730#5	0
3587	Q0	11972#2	0
3587	Q0	54#16	0
3587	Q0	11972#33	0
3587	Q0	341277#3	0
3587	Q0	318986#10	0
3587	Q0	32311#1	0
3587	Q0	3152#44	0
3588	Q0	5431#0	1
3588	Q0	3771#24	0
3588	Q0	36820#2	0
3588	Q0	15636#0	0
3588	Q0	3771#15	0
3588	Q0	68#12	0
3588	Q0	24148#1	0
3588	Q0	113871#0	0
3588	Q0	3771#25	0
3588	Q0	65168#2	0
3590	Q0	1008188#0	1
3590	Q0	25629#47	0
3590	Q0	2936#3	0
3590	Q0	198336#0	0
3590	Q0	22426#18	0
3590	Q0	52374#7	0
3590	Q0	203285#12	0
3590	Q0	271214#15	0
3590	Q0	141574#59	0
3590	Q0	16769#15	0
3592	Q0	4502#8	1
3592	Q0	196970#14	0
3592	Q0	4502#14	0
3592	Q0	270087#27	0
3592	Q0	4502#5	0
3592	Q0	120441#0	0
3592	Q0	4454#33	0
3592	Q0	888440#0	0
3592	Q0	3803#9	0
3592	Q0	4653#2	0
3593	Q0	6208#17	1
3593	Q0	6208#0	0
3593	Q0	52#20	0
3593	Q0	278307#0	0
3593	Q0	33476#0	0
3593	Q0	52#17	0
3593	Q0	4190#1	0
3593	Q0	121986#15	0
3593	Q0	200015#3	0
3593	Q0	310840#1	0
3595	Q0	18795#51	1
3595	Q0	288572#0	1
3595	Q0	41316#0	1
3595	Q0	154048#0	0
3595	Q0	143958#1	0
3595	Q0	275381#11	0
3595	Q0	41316#2	0
3595	Q0	52182#0	0
3595	Q0	341277#6	0
3595	Q0	41316#1	0
3596	Q0	2335198#19	1
3596	Q0	2335198#18	1
3596	Q0	39447#2	0
3596	Q0	30658#10	0
3596	Q0	39447#0	0
3596	Q0	30524#2	0
3596	Q0	39447#6	0
3596	Q0	276016#1	0
3596	Q0	263517#4	0
3596	Q0	39447#4	0
3596	Q0	245711#0	0
3596	Q0	39447#5	0
3599	Q0	226157#7	1
3599	Q0	226157#13	1
3599	Q0	226157#1	0
3599	Q0	226157#40	0
3599	Q0	226157#28	0
3599	Q0	226157#39	0
3599	Q0	226157#30	0
3599	Q0	226157#0	0
3599	Q0	226157#2	0
3599	Q0	226157#24	0
3601	Q0	30135#5	1
3601	Q0	101353#4	1
3601	Q0	318717#4	0
3601	Q0	101353#3	0
3601	Q0	24802#12	0
3601	Q0	344616#0	0
3601	Q0	33906#1	0
3601	Q0	33898#0	0
3601	Q0	109971#0	0
3601	Q0	33905#1	0
3602	Q0	112900#10	1
3602	Q0	1382313#0	1
3602	Q0	12057#5	0
3602	Q0	225500#3	0
3602	Q0	1057#7	0
3602	Q0	31290#0	0
3602	Q0	30354#2	0
3602	Q0	17045#0	0
3602	Q0	49324#9	0
3602	Q0	25942#0	0
3604	Q0	403767#18	1
3604	Q0	132738#43	0
3604	Q0	23906#103	0
3604	Q0	146698#8	0
3604	Q0	50#46	0
3604	Q0	146698#7	0
3604	Q0	23906#107	0
3604	Q0	146698#6	0
3604	Q0	246085#2	0
3604	Q0	146698#36	0
3606	Q0	2410141#1	1
3606	Q0	83303#2	0
3606	Q0	359158#16	0
3606	Q0	156713#6	0
3606	Q0	413211#27	0
3606	Q0	113779#1	0
3606	Q0	46695#4	0
3606	Q0	20219#8	0
3606	Q0	3803#9	0
3606	Q0	206783#4	0
3608	Q0	274092#0	1
3608	Q0	274967#0	1
3608	Q0	202746#0	1
3608	Q0	274967#17	0
3608	Q0	250958#0	0
3608	Q0	274097#0	0
3608	Q0	274967#16	0
3608	Q0	274087#0	0
3608	Q0	274967#8	0
3608	Q0	274967#2	0
3610	Q0	43153#61	1
3610	Q0	43139#31	1
3610	Q0	43139#15	1
3610	Q0	43139#21	0
3610	Q0	43153#50	0
3610	Q0	43139#2	0
3610	Q0	43139#25	0
3610	Q0	43139#0	0
3610	Q0	43139#28	0
3610	Q0	432177#0	0
3611	Q0	13267#105	1
3611	Q0	10070#6	1
3611	Q0	107356#3	1
3611	Q0	197549#1	0
3611	Q0	52510#1	0
3611	Q0	15662#11	0
3611	Q0	9266#2	0
3611	Q0	9266#1	0
3611	Q0	10712#1	0
3611	Q0	10070#1	0
3612	Q0	67301#0	1
3612	Q0	67301#3	1
3612	Q0	67301#10	1
3612	Q0	67301#16	0
3612	Q0	429755#3	0
3612	Q0	67301#1	0
3612	Q0	67301#4	0
3612	Q0	67301#7	0
3612	Q0	67301#14	0
3612	Q0	67301#13	0
3613	Q0	230636#2	1
3613	Q0	56597#4	1
3613	Q0	238884#6	1
3613	Q0	230636#4	0
3613	Q0	290017#4	0
3613	Q0	35322#22	0
3613	Q0	97483#4	0
3613	Q0	117395#5	0
3613	Q0	19466#3	0
3613	Q0	230636#7	0
3617	Q0	1069#5	1
3617	Q0	4947#10	1
3617	Q0	3849#29	1
3617	Q0	254329#0	1
3617	Q0	5422#0	1
3617	Q0	58936#0	1
3617	Q0	40806#26	1
3617	Q0	40806#20	1
3617	Q0	243864#66	1
3617	Q0	77432#4	0
3618	Q0	16183#47	1
3618	Q0	16183#4	0
3618	Q0	16183#49	0
3618	Q0	16183#59	0
3618	Q0	16183#72	0
3618	Q0	16183#64	0
3618	Q0	317958#0	0
3618	Q0	16183#13	0
3618	Q0	16183#55	0
3618	Q0	16183#69	0
3619	Q0	8104#6	1
3619	Q0	8104#7	1
3619	Q0	10212#1	0
3619	Q0	4423#17	0
3619	Q0	11956#6	0
3619	Q0	8104#43	0
3619	Q0	308975#0	0
3619	Q0	4441#3	0
3619	Q0	8104#8	0
3619	Q0	8104#14	0
3622	Q0	15968#2	1
3622	Q0	35306#0	1
3622	Q0	57403#7	1
3622	Q0	55451#3	0
3622	Q0	4020#58	0
3622	Q0	57403#6	0
3622	Q0	208468#1	0
3622	Q0	18194#10	0
3622	Q0	146730#2	0
3622	Q0	57403#13	0
3623	Q0	65689#0	1
3623	Q0	39786#0	1
3623	Q0	6362#2	0
3623	Q0	6362#16	0
3623	Q0	6362#0	0
3623	Q0	161362#0	0
3623	Q0	6362#17	0
3623	Q0	6362#1	0
3623	Q0	344084#0	0
3623	Q0	6362#10	0
3624	Q0	40515#43	1
3624	Q0	3942#21	0
3624	Q0	975#0	0
3624	Q0	752#8	0
3624	Q0	768#3	0
3624	Q0	81282#0	0
3624	Q0	84608#0	0
3624	Q0	3010#0	0
3624	Q0	226434#0	0
3624	Q0	212607#0	0
3625	Q0	36453#10	1
3625	Q0	36453#7	1
3625	Q0	36453#21	1
3625	Q0	36453#17	0
3625	Q0	36453#8	0
3625	Q0	36453#1	0
3625	Q0	36453#6	0
3625	Q0	36453#3	0
3625	Q0	36453#19	0
3625	Q0	36453#9	0
3626	Q0	3144#0	1
3626	Q0	103179#61	1
3626	Q0	3144#22	0
3626	Q0	3144#5	0
3626	Q0	3144#21	0
3626	Q0	41046#0	0
3626	Q0	4458#1	0
3626	Q0	275438#0	0
3626	Q0	3144#20	0
3626	Q0	3144#3	0
3627	Q0	12523#0	1
3627	Q0	239948#10	1
3627	Q0	22316#1	1
3627	Q0	239948#2	1
3627	Q0	286454#0	0
3627	Q0	239948#1	0
3627	Q0	286454#3	0
3627	Q0	103536#0	0
3627	Q0	12523#13	0
3627	Q0	23420#7	0
3629	Q0	67732#1	1
3629	Q0	284771#2	1
3629	Q0	67392#6	1
3629	Q0	67392#7	1
3629	Q0	67732#0	1
3629	Q0	67732#2	1
3629	Q0	347933#2	0
3629	Q0	67392#1	0
3629	Q0	57708#0	0
3629	Q0	67392#0	0
3629	Q0	48760#3	0
3630	Q0	3688#0	1
3630	Q0	3396#1	1
3630	Q0	3700#7	1
3630	Q0	3691#0	1
3630	Q0	401111#0	1
3630	Q0	3398#0	0
3630	Q0	107930#0	0
3630	Q0	3396#0	0
3630	Q0	126481#2	0
3630	Q0	3598#14	0
3631	Q0	246296#0	1
3631	Q0	246296#2	1
3631	Q0	246296#1	0
3631	Q0	26061#0	0
3631	Q0	6617#56	0
3631	Q0	122605#0	0
3631	Q0	241325#0	0
3631	Q0	124570#3	0
3631	Q0	83815#43	0
3631	Q0	51753#7	0
3631	Q0	6153#16	0
3632	Q0	397461#2	1
3632	Q0	709#5	1
3632	Q0	33043#5	1
3632	Q0	33043#0	1
3632	Q0	30255#0	0
3632	Q0	690#8	0
3632	Q0	120458#7	0
3632	Q0	690#7	0
3632	Q0	52103#0	0
3632	Q0	430220#0	0
3633	Q0	6750#1	1
3633	Q0	6750#4	1
3633	Q0	6750#24	1
3633	Q0	6750#25	0
3633	Q0	356390#6	0
3633	Q0	6750#2	0
3633	Q0	6750#8	0
3633	Q0	27274#1	0
3633	Q0	244366#6	0
3633	Q0	15055#14	0
3634	Q0	11492#31	1
3634	Q0	11492#15	1
3634	Q0	11492#0	1
3634	Q0	11492#10	1
3634	Q0	11492#7	1
3634	Q0	11492#27	1
3634	Q0	11492#1	0
3634	Q0	11492#29	0
3634	Q0	11492#3	0
3634	Q0	69#37	0
3635	Q0	91360#11	1
3635	Q0	91360#8	0
3635	Q0	91360#0	0
3635	Q0	91360#3	0
3635	Q0	91360#18	0
3635	Q0	91360#4	0
3635	Q0	91360#5	0
3635	Q0	91360#23	0
3635	Q0	91360#15	0
3635	Q0	91360#19	0
3636	Q0	34809#0	1
3636	Q0	4077#2	1
3636	Q0	33623#0	1
3636	Q0	18212#0	0
3636	Q0	66011#0	0
3636	Q0	136085#1	0
3636	Q0	136290#4	0
3636	Q0	136121#1	0
3636	Q0	136178#7	0
3636	Q0	66005#0	0
3637	Q0	206941#0	1
3637	Q0	61988#27	1
3637	Q0	146901#12	1
3637	Q0	100022#19	0
3637	Q0	61988#26	0
3637	Q0	61988#25	0
3637	Q0	100022#13	0
3637	Q0	61988#11	0
3637	Q0	23906#72	0
3637	Q0	206941#6	0
3638	Q0	31461#1	1
3638	Q0	436041#1	1
3638	Q0	20693#5	0
3638	Q0	20693#38	0
3638	Q0	273581#2	0
3638	Q0	290091#2	0
3638	Q0	9262#5	0
3638	Q0	3493#97	0
3638	Q0	305597#1	0
3638	Q0	331885#6	0
3639	Q0	77944#4	1
3639	Q0	77944#0	1
3639	Q0	786#5	0
3639	Q0	77944#24	0
3639	Q0	77944#8	0
3639	Q0	77944#23	0
3639	Q0	77944#5	0
3639	Q0	77944#20	0
3639	Q0	77944#19	0
3639	Q0	77944#21	0
3641	Q0	10241#19	1
3641	Q0	13377#6	1
3641	Q0	439910#23	0
3641	Q0	10241#1	0
3641	Q0	10241#20	0
3641	Q0	434247#3	0
3641	Q0	10241#16	0
3641	Q0	10241#5	0
3641	Q0	10241#11	0
3643	Q0	69345#2	1
3643	Q0	69345#0	1
3643	Q0	300726#1	1
3643	Q0	69345#1	0
3643	Q0	3022#28	0
3643	Q0	81282#0	0
3643	Q0	84608#0	0
3643	Q0	226434#0	0
3643	Q0	11328#0	0
3643	Q0	157096#1	0
3644	Q0	942#0	1
3644	Q0	4648#15	1
3644	Q0	942#1	1
3644	Q0	14284#36	0
3644	Q0	946#26	0
3644	Q0	260120#5	0
3644	Q0	3022#28	0
3644	Q0	12853#7	0
3644	Q0	2726970#0	0
3644	Q0	384495#7	0
3645	Q0	23948#2	1
3645	Q0	23948#1	1
3645	Q0	23948#0	1
3645	Q0	23948#3	1
3645	Q0	23948#5	0
3645	Q0	439243#0	0
3645	Q0	147299#0	0
3645	Q0	3992#12	0
3645	Q0	207993#2	0
3645	Q0	10465#6	0
3646	Q0	4039#2	1
3646	Q0	4039#24	1
3646	Q0	4041#0	1
3646	Q0	4039#14	0
3646	Q0	4812#0	0
3646	Q0	6721#2	0
3646	Q0	4044#0	0
3646	Q0	4812#14	0
3646	Q0	4044#50	0
3646	Q0	4039#29	0
3647	Q0	12561#42	1
3647	Q0	12561#43	1
3647	Q0	12561#40	1
3647	Q0	12561#30	0
3647	Q0	12561#41	0
3647	Q0	251231#1	0
3647	Q0	12561#45	0
3647	Q0	12561#61	0
3647	Q0	13267#42	0
3647	Q0	4408#9	0
3648	Q0	348871#2	1
3648	Q0	154067#3	1
3648	Q0	198730#1	1
3648	Q0	348871#3	1
3648	Q0	87717#9	1
3648	Q0	15030#0	1
3648	Q0	14127#8	1
3648	Q0	14127#2	0
3648	Q0	170842#1	0
3648	Q0	311717#15	0
3649	Q0	325291#5	1
3649	Q0	348434#0	0
3649	Q0	340376#0	0
3649	Q0	14228#16	0
3649	Q0	187217#0	0
3649	Q0	42733#43	0
3649	Q0	49220#13	0
3649	Q0	72791#0	0
3649	Q0	38216#0	0
3649	Q0	325291#7	0
3652	Q0	20864#0	1
3652	Q0	10#23	1
3652	Q0	20864#4	1
3652	Q0	20864#2	1
3652	Q0	107484#0	0
3652	Q0	20183#7	0
3652	Q0	32507#41	0
3652	Q0	80663#8	0
3652	Q0	36312#9	0
3652	Q0	4039#43	0
3653	Q0	57278#0	1
3653	Q0	57278#2	1
3653	Q0	57278#1	1
3653	Q0	57278#4	0
3653	Q0	57278#5	0
3653	Q0	58071#1	0
3653	Q0	58071#0	0
3653	Q0	20018#32	0
3653	Q0	57278#3	0
3653	Q0	58071#3	0
3654	Q0	19957#0	1
3654	Q0	125046#2	1
3654	Q0	9646#19	1
3654	Q0	5463#12	0
3654	Q0	11367#0	0
3654	Q0	67391#2	0
3654	Q0	9647#1	0
3654	Q0	9646#1	0
3654	Q0	798#4	0
3654	Q0	12572#0	0
3655	Q0	863444#4	1
3655	Q0	39152#45	0
3655	Q0	13999#10	0
3655	Q0	1002#36	0
3655	Q0	151005#11	0
3655	Q0	204005#29	0
3655	Q0	246050#7	0
3655	Q0	204005#3	0
3655	Q0	436183#8	0
3655	Q0	141391#0	0
3656	Q0	38908#12	1
3656	Q0	152547#48	1
3656	Q0	18613#30	1
3656	Q0	36348#0	0
3656	Q0	306223#13	0
3656	Q0	18613#26	0
3656	Q0	413287#3	0
3656	Q0	236668#28	0
3656	Q0	18613#10	0
3656	Q0	194830#5	0
3657	Q0	1013095#1	1
3657	Q0	1013095#0	1
3657	Q0	1013095#2	1
3657	Q0	349639#0	0
3657	Q0	381500#0	0
3657	Q0	177488#0	0
3657	Q0	381500#1	0
3657	Q0	381500#2	0
3657	Q0	263861#1	0
3657	Q0	381500#3	0
3657	Q0	2784#16	0
3657	Q0	288792#3	0
3658	Q0	352407#2	1
3658	Q0	2587387#16	1
3658	Q0	3992#5	0
3658	Q0	66982#5	0
3658	Q0	321943#1	0
3658	Q0	22042#4	0
3658	Q0	141574#4	0
3658	Q0	27330#2	0
3658	Q0	380554#1	0
3658	Q0	112297#1	0
3659	Q0	10924#14	1
3659	Q0	20024#0	1
3659	Q0	10924#11	0
3659	Q0	10924#40	0
3659	Q0	40191#8	0
3659	Q0	13243#9	0
3659	Q0	358105#6	0
3659	Q0	20024#9	0
3659	Q0	6276#6	0
3659	Q0	405725#2	0
3660	Q0	315646#0	1
3660	Q0	11383#4	1
3660	Q0	318048#0	1
3660	Q0	10429#15	1
3660	Q0	25087#1	0
3660	Q0	48862#4	0
3660	Q0	274420#1	0
3660	Q0	45284#6	0
3660	Q0	285661#41	0
3660	Q0	135296#32	0
3663	Q0	290051#0	1
3663	Q0	178678#0	1
3663	Q0	13166#15	1
3663	Q0	13166#1	1
3663	Q0	13166#4	0
3663	Q0	13166#10	0
3663	Q0	13166#0	0
3663	Q0	1002#63	0
3663	Q0	290051#1	0
3663	Q0	13166#5	0
3664	Q0	11479#7	1
3664	Q0	11479#3	1
3664	Q0	11479#0	0
3664	Q0	11479#8	0
3664	Q0	11479#9	0
3664	Q0	11479#10	0
3664	Q0	11479#11	0
3664	Q0	11479#6	0
3664	Q0	11479#4	0
3664	Q0	11479#2	0
3665	Q0	190293#2	1
3665	Q0	14803#0	1
3665	Q0	14803#10	1
3665	Q0	14803#8	0
3665	Q0	14803#17	0
3665	Q0	20136#0	0
3665	Q0	3152#25	0
3665	Q0	14803#16	0
3665	Q0	3076#17	0
3665	Q0	14803#9	0
3665	Q0	3076#20	0
3665	Q0	14803#1	0
3667	Q0	279695#0	1
3667	Q0	279695#8	0
3667	Q0	279695#7	0
3667	Q0	279695#5	0
3667	Q0	279695#9	0
3667	Q0	279695#4	0
3667	Q0	279695#2	0
3667	Q0	9935#13	0
3667	Q0	279695#3	0
3669	Q0	3291#0	1
3669	Q0	375722#4	1
3669	Q0	10627#43	0
3669	Q0	6684#0	0
3669	Q0	10627#40	0
3669	Q0	249511#3	0
3669	Q0	343635#0	0
3669	Q0	3299#0	0
3669	Q0	372508#0	0
3669	Q0	312757#1	0
3670	Q0	784#0	1
3670	Q0	4090#2	0
3670	Q0	784#1	0
3670	Q0	60393#0	0
3670	Q0	38621#33	0
3670	Q0	93921#1	0
3670	Q0	5431#0	0
3670	Q0	215663#0	0
3670	Q0	784#49	0
3670	Q0	57011#0	0
3671	Q0	394945#0	1
3671	Q0	290204#1	0
3671	Q0	389435#0	0
3671	Q0	196781#3	0
3671	Q0	394945#20	0
3671	Q0	3235#4	0
3671	Q0	216897#0	0
3671	Q0	352083#0	0
3671	Q0	202308#0	0
3671	Q0	314422#0	0
3672	Q0	3300#1	1
3672	Q0	9646#24	0
3672	Q0	9646#15	0
3672	Q0	9646#19	0
3672	Q0	3300#6	0
3672	Q0	200235#0	0
3672	Q0	20138#1	0
3672	Q0	10627#19	0
3672	Q0	3300#9	0
3672	Q0	45551#0	0
3673	Q0	36262#5	1
3673	Q0	810#0	1
3673	Q0	6563#45	0
3673	Q0	810#1	0
3673	Q0	810#2	0
3673	Q0	20034#1	0
3673	Q0	810#12	0
3673	Q0	44#16	0
3673	Q0	1124#1	0
3673	Q0	207993#2	0
3674	Q0	6750#1	1
3674	Q0	6750#14	1
3674	Q0	281515#5	1
3674	Q0	356390#6	0
3674	Q0	6750#8	0
3674	Q0	6750#25	0
3674	Q0	281559#1	0
3674	Q0	244366#6	0
3674	Q0	6750#2	0
3674	Q0	27274#1	0
3675	Q0	297388#0	1
3675	Q0	297622#0	1
3675	Q0	197075#3	0
3675	Q0	258660#0	0
3675	Q0	197075#5	0
3675	Q0	295479#3	0
3675	Q0	303151#0	0
3675	Q0	338421#9	0
3675	Q0	338421#5	0
3675	Q0	338421#2	0
3678	Q0	197075#5	1
3678	Q0	338421#0	0
3678	Q0	300738#0	0
3678	Q0	302520#0	0
3678	Q0	302520#5	0
3678	Q0	338421#2	0
3678	Q0	295479#3	0
3678	Q0	197075#3	0
3678	Q0	338421#47	0
3678	Q0	338421#14	0
3680	Q0	12085#37	1
3680	Q0	14867#3	1
3680	Q0	29564#1	1
3680	Q0	9179#21	0
3680	Q0	9179#0	0
3680	Q0	349323#0	0
3680	Q0	216486#1	0
3680	Q0	92720#1	0
3680	Q0	157297#1	0
3680	Q0	22537#2	0
3680	Q0	29564#0	0
3682	Q0	211490#3	1
3682	Q0	69008#33	1
3682	Q0	199278#5	1
3682	Q0	403871#5	1
3682	Q0	17382#1	1
3682	Q0	199278#0	1
3682	Q0	121362#0	1
3682	Q0	466974#1	1
3682	Q0	466974#0	1
3682	Q0	403871#6	0
3682	Q0	69008#12	0
3682	Q0	395250#6	0
3683	Q0	22358#11	1
3683	Q0	302491#0	1
3683	Q0	158999#1	0
3683	Q0	317014#0	0
3683	Q0	26407#1	0
3683	Q0	12201#2	0
3683	Q0	132901#0	0
3683	Q0	429299#1	0
3683	Q0	225487#1	0
3683	Q0	32280#3	0
3685	Q0	69210#11	1
3685	Q0	38286#2	0
3685	Q0	272492#30	0
3685	Q0	323655#0	0
3685	Q0	62477#31	0
3685	Q0	29406#3	0
3685	Q0	232352#88	0
3685	Q0	250928#3	0
3685	Q0	1101#30	0
3685	Q0	314390#10	0
3686	Q0	599304#1	1
3686	Q0	110569#3	0
3686	Q0	33040#0	0
3686	Q0	227104#0	0
3686	Q0	13156#1	0
3686	Q0	2959#12	0
3686	Q0	411708#5	0
3686	Q0	19552#2	0
3686	Q0	320304#3	0
3686	Q0	25492#4	0
3687	Q0	258648#1	1
3687	Q0	258648#0	1
3687	Q0	231715#0	0
3687	Q0	4650#1	0
3687	Q0	1026#28	0
3687	Q0	258969#3	0
3687	Q0	44854#0	0
3687	Q0	1026#14	0
3687	Q0	4650#0	0
3687	Q0	1026#9	0
3688	Q0	392183#3	1
3688	Q0	21219#66	0
3688	Q0	153782#42	0
3688	Q0	392183#10	0
3688	Q0	392183#12	0
3688	Q0	392183#11	0
3688	Q0	392183#21	0
3688	Q0	392183#0	0
3688	Q0	14431#10	0
3688	Q0	7241#4	0
3689	Q0	239238#26	1
3689	Q0	93871#6	1
3689	Q0	803#6	1
3689	Q0	12754#54	0
3689	Q0	239240#1	0
3689	Q0	423139#2	0
3689	Q0	803#58	0
3689	Q0	19638#0	0
3689	Q0	246249#23	0
3689	Q0	246249#4	0
3691	Q0	397343#0	1
3691	Q0	397343#2	1
3691	Q0	397343#1	1
3691	Q0	397343#10	0
3691	Q0	397343#14	0
3691	Q0	397343#4	0
3691	Q0	397343#15	0
3691	Q0	397343#11	0
3691	Q0	397343#7	0
3691	Q0	397343#6	0
3693	Q0	16428#13	1
3693	Q0	269409#3	1
3693	Q0	799#4	1
3693	Q0	799#0	1
3693	Q0	36472#0	0
3693	Q0	45436#12	0
3693	Q0	354641#12	0
3693	Q0	270513#9	0
3693	Q0	798#18	0
3693	Q0	270513#12	0
3697	Q0	9509#0	1
3697	Q0	318200#7	1
3697	Q0	9491#2	1
3697	Q0	9509#1	1
3697	Q0	9509#11	0
3697	Q0	36754#4	0
3697	Q0	1041#9	0
3697	Q0	9509#2	0
3697	Q0	9509#12	0
3697	Q0	12980#40	0
3697	Q0	1041#32	0
3698	Q0	137540#0	1
3698	Q0	843#12	1
3698	Q0	847#6	1
3698	Q0	137540#1	0
3698	Q0	243864#13	0
3698	Q0	14796#3	0
3698	Q0	137540#3	0
3698	Q0	843#50	0
3698	Q0	843#40	0
3698	Q0	3204#0	0
3699	Q0	4097#21	1
3699	Q0	80712#2	0
3699	Q0	169838#2	0
3699	Q0	4097#23	0
3699	Q0	4097#22	0
3699	Q0	4097#14	0
3699	Q0	169363#0	0
3699	Q0	139916#1	0
3699	Q0	169919#4	0
3699	Q0	80698#0	0
3700	Q0	57653#2	1
3700	Q0	57653#21	1
3700	Q0	57653#0	1
3700	Q0	57653#20	0
3700	Q0	57653#3	0
3700	Q0	57653#13	0
3700	Q0	57653#5	0
3700	Q0	57653#9	0
3700	Q0	57653#6	0
3700	Q0	57653#10	0
3702	Q0	9707#10	1
3702	Q0	284090#0	0
3702	Q0	284090#2	0
3702	Q0	311184#0	0
3702	Q0	311184#9	0
3702	Q0	9707#0	0
3702	Q0	75743#12	0
3702	Q0	64150#6	0
3702	Q0	21676#1	0
3702	Q0	311184#8	0
3703	Q0	1137#0	1
3703	Q0	1135#55	0
3703	Q0	1135#75	0
3703	Q0	1135#92	0
3703	Q0	1135#53	0
3703	Q0	276827#0	0
3703	Q0	708#22	0
3703	Q0	240583#0	0
3703	Q0	139124#0	0
3703	Q0	1135#57	0
3704	Q0	31274#3	1
3704	Q0	31274#1	1
3704	Q0	15609#0	1
3704	Q0	15609#4	1
3704	Q0	15632#60	0
3704	Q0	838#17	0
3704	Q0	1648645#1	0
3704	Q0	266794#2	0
3704	Q0	216892#0	0
3704	Q0	91185#0	0
3704	Q0	361146#2	0
3705	Q0	107934#12	1
3705	Q0	72673#0	1
3705	Q0	107934#0	0
3705	Q0	107934#10	0
3705	Q0	107934#3	0
3705	Q0	107934#2	0
3705	Q0	107934#8	0
3705	Q0	107934#6	0
3705	Q0	107934#5	0
3705	Q0	13263#91	0
3706	Q0	286759#5	1
3706	Q0	286759#7	1
3706	Q0	214398#16	0
3706	Q0	218228#0	0
3706	Q0	286759#0	0
3706	Q0	131098#5	0
3706	Q0	54474#1	0
3706	Q0	69430#4	0
3706	Q0	7096#15	0
3706	Q0	339796#1	0
3707	Q0	9484#0	1
3707	Q0	4106#2	0
3707	Q0	226239#0	0
3707	Q0	3363#1	0
3707	Q0	1172737#1	0
3707	Q0	4525#33	0
3707	Q0	31569#0	0
3707	Q0	60617#5	0
3707	Q0	49321#0	0
3707	Q0	34991#2	0
3711	Q0	246296#0	1
3711	Q0	246296#1	0
3711	Q0	246296#2	0
3711	Q0	69644#26	0
3711	Q0	336726#26	0
3711	Q0	81984#15	0
3711	Q0	26061#0	0
3711	Q0	64734#29	0
3711	Q0	241325#0	0
3711	Q0	3720#85	0
3712	Q0	124861#4	1
3712	Q0	281196#16	0
3712	Q0	415142#5	0
3712	Q0	22937#23	0
3712	Q0	139706#0	0
3712	Q0	39301#7	0
3712	Q0	282077#4	0
3712	Q0	147442#1	0
3712	Q0	317204#0	0
3712	Q0	367552#8	0
3713	Q0	243312#0	1
3713	Q0	22117#0	1
3713	Q0	22117#5	0
3713	Q0	16849#25	0
3713	Q0	22117#1	0
3713	Q0	22117#2	0
3713	Q0	16849#26	0
3713	Q0	206974#0	0
3713	Q0	211490#3	0
3713	Q0	22117#3	0
3714	Q0	22934#0	1
3714	Q0	22931#2	1
3714	Q0	25761#24	0
3714	Q0	65579#0	0
3714	Q0	22934#4	0
3714	Q0	177837#0	0
3714	Q0	314904#0	0
3714	Q0	106125#0	0
3714	Q0	81629#0	0
3714	Q0	65589#0	0
3715	Q0	18205#1	1
3715	Q0	18205#4	1
3715	Q0	18205#11	1
3715	Q0	18205#46	0
3715	Q0	18205#40	0
3715	Q0	18205#45	0
3715	Q0	18205#8	0
3715	Q0	18205#3	0
3715	Q0	18205#7	0
3715	Q0	18205#35	0
3716	Q0	58229#22	1
3716	Q0	58229#0	1
3716	Q0	260342#4	1
3716	Q0	58231#2	0
3716	Q0	58229#16	0
3716	Q0	260835#3	0
3716	Q0	244401#9	0
3716	Q0	264209#4	0
3716	Q0	260835#8	0
3716	Q0	58229#2	0
3717	Q0	213599#0	1
3717	Q0	124610#7	1
3717	Q0	185843#0	1
3717	Q0	124610#8	1
3717	Q0	124610#6	0
3717	Q0	185843#1	0
3717	Q0	213688#4	0
3717	Q0	213785#0	0
3717	Q0	185843#2	0
3717	Q0	214365#0	0
3719	Q0	5422#1	1
3719	Q0	120429#3	1
3719	Q0	87699#33	0
3719	Q0	19520#13	0
3719	Q0	30685#5	0
3719	Q0	331846#4	0
3719	Q0	12116#4	0
3719	Q0	99151#4	0
3719	Q0	331846#6	0
3719	Q0	40806#33	0
3721	Q0	315670#4	1
3721	Q0	315670#0	1
3721	Q0	193260#2	0
3721	Q0	315670#7	0
3721	Q0	315670#2	0
3721	Q0	238271#0	0
3721	Q0	315670#3	0
3721	Q0	22924#4	0
3721	Q0	224992#12	0
3721	Q0	220971#10	0
3722	Q0	48152#2	1
3722	Q0	48152#3	1
3722	Q0	48152#20	1
3722	Q0	146730#2	0
3722	Q0	145864#0	0
3722	Q0	86039#3	0
3722	Q0	14108#10	0
3722	Q0	271050#4	0
3722	Q0	2645#15	0
3722	Q0	16460#5	0
3723	Q0	51753#3	1
3723	Q0	82#0	1
3723	Q0	3096#2	1
3723	Q0	49187#3	1
3723	Q0	14616#0	1
3723	Q0	19315#1	1
3723	Q0	284771#2	1
3723	Q0	348144#28	1
3723	Q0	5463#14	0
3723	Q0	3096#1	0
3724	Q0	104108#0	1
3724	Q0	58560#0	1
3724	Q0	58560#5	1
3724	Q0	108962#3	0
3724	Q0	58560#3	0
3724	Q0	113941#0	0
3724	Q0	108962#1	0
3724	Q0	58560#4	0
3724	Q0	108962#2	0
3724	Q0	58560#6	0
3725	Q0	3177#2	1
3725	Q0	3172#0	1
3725	Q0	308318#0	1
3725	Q0	122849#0	1
3725	Q0	14943#8	1
3725	Q0	86232#0	1
3725	Q0	71431#0	0
3725	Q0	227391#3	0
3725	Q0	25937#1	0
3725	Q0	3177#6	0
3726	Q0	85223#1	1
3726	Q0	3888#4	1
3726	Q0	3888#17	1
3726	Q0	32597#2	0
3726	Q0	3888#16	0
3726	Q0	118037#1	0
3726	Q0	35360#3	0
3726	Q0	3888#14	0
3726	Q0	3888#7	0
3726	Q0	2972#5	0
3729	Q0	83#15	1
3729	Q0	5101#25	1
3729	Q0	6212#1	0
3729	Q0	124532#2	0
3729	Q0	90007#0	0
3729	Q0	427663#0	0
3729	Q0	124533#3	0
3729	Q0	5101#5	0
3729	Q0	251312#9	0
3729	Q0	34635#2	0
3732	Q0	417157#15	1
3732	Q0	63687#11	1
3732	Q0	309242#0	1
3732	Q0	309242#29	1
3732	Q0	82922#3	0
3732	Q0	82922#1	0
3732	Q0	48959#1	0
3732	Q0	48959#3	0
3732	Q0	344546#0	0
3732	Q0	32388#3	0
3733	Q0	263601#31	1
3733	Q0	4494#9	1
3733	Q0	4494#10	1
3733	Q0	4494#17	0
3733	Q0	263605#1	0
3733	Q0	263601#30	0
3733	Q0	86204#77	0
3733	Q0	86204#22	0
3733	Q0	86204#0	0
3733	Q0	13267#39	0
3734	Q0	12561#0	1
3734	Q0	12091#0	1
3734	Q0	252481#0	1
3734	Q0	199791#2	1
3734	Q0	274691#1	0
3734	Q0	12561#42	0
3734	Q0	33176#79	0
3734	Q0	12091#1	0
3734	Q0	12091#32	0
3734	Q0	12561#39	0
3735	Q0	101772#0	1
3735	Q0	25998#13	1
3735	Q0	434984#10	1
3735	Q0	78403#9	0
3735	Q0	434984#8	0
3735	Q0	434984#6	0
3735	Q0	4449#85	0
3735	Q0	4441#15	0
3735	Q0	4449#12	0
3735	Q0	4449#86	0
3736	Q0	4614#0	1
3736	Q0	3974#1	1
3736	Q0	360545#0	1
3736	Q0	4614#1	1
3736	Q0	3974#0	0
3736	Q0	42278#48	0
3736	Q0	403886#0	0
3736	Q0	3971#10	0
3736	Q0	146337#1	0
3736	Q0	3976#1	0
3737	Q0	274043#11	1
3737	Q0	274043#3	1
3737	Q0	274043#1	0
3737	Q0	224786#2	0
3737	Q0	274043#2	0
3737	Q0	274043#8	0
3737	Q0	274043#5	0
3737	Q0	274043#6	0
3737	Q0	80855#11	0
3737	Q0	320011#1	0
3739	Q0	233368#0	1
3739	Q0	233368#77	1
3739	Q0	23372#8	1
3739	Q0	31001#9	0
3739	Q0	235775#51	0
3739	Q0	233391#7	0
3739	Q0	267008#0	0
3739	Q0	233368#74	0
3739	Q0	265671#0	0
3739	Q0	267011#1	0
3740	Q0	21211#0	1
3740	Q0	6371#0	1
3740	Q0	348092#0	1
3740	Q0	148848#0	1
3740	Q0	115803#0	0
3740	Q0	348065#0	0
3740	Q0	99904#3	0
3740	Q0	360479#0	0
3740	Q0	27544#2	0
3740	Q0	348058#0	0
3742	Q0	21050#3	1
3742	Q0	1041#1	0
3742	Q0	206404#1	0
3742	Q0	15556#12	0
3742	Q0	306840#0	0
3742	Q0	28881#0	0
3742	Q0	23630#0	0
3742	Q0	282132#0	0
3742	Q0	1101#25	0
3742	Q0	1041#17	0
3743	Q0	3207#9	1
3743	Q0	251082#5	1
3743	Q0	61442#2	1
3743	Q0	857#1	0
3743	Q0	857#2	0
3743	Q0	17360#1	0
3743	Q0	697#7	0
3743	Q0	844#44	0
3743	Q0	844#48	0
3743	Q0	1048#0	0
3744	Q0	149228#2	1
3744	Q0	123291#0	1
3744	Q0	149228#0	1
3744	Q0	3794#7	0
3744	Q0	40517#46	0
3744	Q0	1072#2	0
3744	Q0	81282#0	0
3744	Q0	1666005#33	0
3744	Q0	110760#0	0
3744	Q0	15247#9	0
3745	Q0	64467#0	1
3745	Q0	49#54	0
3745	Q0	411994#1	0
3745	Q0	11321#14	0
3745	Q0	21467#52	0
3745	Q0	34497#3	0
3745	Q0	1109#38	0
3745	Q0	91#41	0
3745	Q0	180493#0	0
3745	Q0	13374#44	0
3746	Q0	4461#6	1
3746	Q0	10730#13	1
3746	Q0	4461#0	1
3746	Q0	263890#0	0
3746	Q0	148167#0	0
3746	Q0	4461#8	0
3746	Q0	4500#22	0
3746	Q0	148169#0	0
3746	Q0	838#17	0
3746	Q0	2604420#0	0
3749	Q0	2819#15	1
3749	Q0	2819#11	0
3749	Q0	2819#4	0
3749	Q0	2819#3	0
3749	Q0	2819#17	0
3749	Q0	113229#17	0
3749	Q0	2819#2	0
3749	Q0	2819#6	0
3749	Q0	397742#1	0
3749	Q0	118216#0	0
3751	Q0	53897#0	1
3751	Q0	756#13	0
3751	Q0	8273#7	0
3751	Q0	138466#0	0
3751	Q0	756#37	0
3751	Q0	756#3	0
3751	Q0	1046#6	0
3751	Q0	756#40	0
3751	Q0	838#17	0
3751	Q0	1381719#5	0
3752	Q0	532186#22	1
3752	Q0	904#0	0
3752	Q0	157421#6	0
3752	Q0	321138#1	0
3752	Q0	104354#1	0
3752	Q0	133594#1	0
3752	Q0	72673#32	0
3752	Q0	48803#2	0
3752	Q0	340491#3	0
3752	Q0	24555#5	0
3754	Q0	40129#0	1
3754	Q0	372261#1	1
3754	Q0	142799#0	1
3754	Q0	372261#2	0
3754	Q0	142799#2	0
3754	Q0	25178#2	0
3754	Q0	142799#1	0
3754	Q0	4660#3	0
3754	Q0	27587#9	0
3754	Q0	177732#0	0
3755	Q0	6208#17	1
3755	Q0	6784#0	1
3755	Q0	6208#0	1
3755	Q0	4193#0	0
3755	Q0	15745#12	0
3755	Q0	48513#2	0
3755	Q0	6207#0	0
3755	Q0	52#23	0
3755	Q0	6784#5	0
3755	Q0	11012#33	0
3756	Q0	135533#0	1
3756	Q0	57406#0	1
3756	Q0	75247#0	1
3756	Q0	30135#1	1
3756	Q0	57406#2	0
3756	Q0	57406#1	0
3756	Q0	426880#14	0
3756	Q0	3302#8	0
3756	Q0	980254#3	0
3756	Q0	7443#4	0
3757	Q0	3888#6	1
3757	Q0	3888#8	1
3757	Q0	3888#7	1
3757	Q0	3888#1	0
3757	Q0	3888#12	0
3757	Q0	85223#6	0
3757	Q0	2956#16	0
3757	Q0	85223#0	0
3757	Q0	3888#10	0
3757	Q0	3888#9	0
3758	Q0	60617#22	1
3758	Q0	60617#57	0
3758	Q0	60617#2	0
3758	Q0	60617#44	0
3758	Q0	60617#23	0
3758	Q0	60617#27	0
3758	Q0	210771#4	0
3758	Q0	60617#53	0
3758	Q0	436474#3	0
3758	Q0	78760#26	0
3760	Q0	690#32	1
3760	Q0	11523#1	1
3760	Q0	4468#2	1
3760	Q0	6617#53	0
3760	Q0	355245#0	0
3760	Q0	120458#2	0
3760	Q0	690#40	0
3760	Q0	420774#1	0
3760	Q0	4196#32	0
3760	Q0	44#39	0
3762	Q0	284251#0	1
3762	Q0	249104#0	1
3762	Q0	186843#0	0
3762	Q0	284294#0	0
3762	Q0	4494#0	0
3762	Q0	36048#13	0
3762	Q0	366646#0	0
3762	Q0	249793#0	0
3762	Q0	285400#0	0
3762	Q0	47410#0	0
3763	Q0	4373#43	1
3763	Q0	4373#87	1
3763	Q0	4373#85	1
3763	Q0	4373#5	0
3763	Q0	4373#80	0
3763	Q0	4373#84	0
3763	Q0	4373#82	0
3763	Q0	4373#41	0
3763	Q0	4373#30	0
3763	Q0	4373#0	0
3763	Q0	33257#11	0
3764	Q0	342549#47	1
3764	Q0	23906#145	1
3764	Q0	785#10	0
3764	Q0	300183#0	0
3764	Q0	85939#13	0
3764	Q0	228290#11	0
3764	Q0	675919#31	0
3764	Q0	59239#139	0
3764	Q0	3562#0	0
3764	Q0	132738#43	0
3765	Q0	442749#0	1
3765	Q0	3305#1	1
3765	Q0	3305#0	1
3765	Q0	44105#9	0
3765	Q0	44105#0	0
3765	Q0	442804#1	0
3765	Q0	95429#0	0
3765	Q0	3794#7	0
3765	Q0	442749#11	0
3765	Q0	798#0	0
3765	Q0	442213#0	0
3768	Q0	407668#18	1
3768	Q0	407668#14	1
3768	Q0	407668#17	1
3768	Q0	407668#13	0
3768	Q0	407668#6	0
3768	Q0	407668#2	0
3768	Q0	407668#0	0
3768	Q0	407668#1	0
3768	Q0	407668#10	0
3768	Q0	407668#8	0
3769	Q0	4101#51	1
3769	Q0	425901#0	0
3769	Q0	442688#3	0
3769	Q0	354191#3	0
3769	Q0	121676#30	0
3769	Q0	121664#0	0
3769	Q0	121676#35	0
3769	Q0	121654#2	0
3769	Q0	121666#0	0
3769	Q0	45342#0	0
3770	Q0	1808661#0	1
3770	Q0	128600#0	0
3770	Q0	739#17	0
3770	Q0	85851#0	0
3770	Q0	739#29	0
3770	Q0	204125#0	0
3770	Q0	739#41	0
3770	Q0	34227#0	0
3770	Q0	131020#0	0
3770	Q0	75046#0	0
3771	Q0	396028#16	1
3771	Q0	268038#19	1
3771	Q0	132118#0	0
3771	Q0	268038#0	0
3771	Q0	176452#5	0
3771	Q0	248464#1	0
3771	Q0	228035#2	0
3771	Q0	16532#5	0
3771	Q0	151005#11	0
3771	Q0	3796#26	0
3772	Q0	260288#5	1
3772	Q0	243379#1	1
3772	Q0	402855#45	0
3772	Q0	161202#17	0
3772	Q0	120245#0	0
3772	Q0	120245#5	0
3772	Q0	25998#11	0
3772	Q0	273121#28	0
3772	Q0	239676#2	0
3772	Q0	109090#0	0
3773	Q0	4168#8	1
3773	Q0	4168#10	1
3773	Q0	4168#6	1
3773	Q0	4168#9	1
3773	Q0	4020#9	0
3773	Q0	4168#7	0
3773	Q0	202888#1	0
3773	Q0	11403#5	0
3773	Q0	14110#23	0
3773	Q0	4198#22	0
3776	Q0	252748#3	1
3776	Q0	252748#0	1
3776	Q0	252748#1	1
3776	Q0	252748#4	0
3776	Q0	2836#3	0
3776	Q0	329902#1	0
3776	Q0	27767#0	0
3776	Q0	322914#1	0
3776	Q0	55247#0	0
3776	Q0	20453#9	0
3777	Q0	26754#0	1
3777	Q0	26754#13	0
3777	Q0	26754#19	0
3777	Q0	26754#22	0
3777	Q0	26754#20	0
3777	Q0	26754#7	0
3777	Q0	26754#17	0
3777	Q0	26754#21	0
3777	Q0	26754#14	0
3777	Q0	26754#16	0
3778	Q0	25572#0	1
3778	Q0	147359#7	1
3778	Q0	25572#4	0
3778	Q0	25572#3	0
3778	Q0	25572#2	0
3778	Q0	25572#1	0
3778	Q0	280265#0	0
3778	Q0	409671#4	0
3778	Q0	180998#16	0
3778	Q0	30829#13	0
3781	Q0	96845#10	1
3781	Q0	25902#3	1
3781	Q0	1439217#8	0
3781	Q0	1072#2	0
3781	Q0	237736#9	0
3781	Q0	335410#13	0
3781	Q0	43531#6	0
3781	Q0	349754#0	0
3781	Q0	37377#36	0
3781	Q0	45568#30	0
3783	Q0	18324#4	1
3783	Q0	22293#3	1
3783	Q0	18324#12	1
3783	Q0	22293#7	0
3783	Q0	51500#2	0
3783	Q0	274670#0	0
3783	Q0	18324#9	0
3783	Q0	22293#8	0
3783	Q0	22293#11	0
3783	Q0	43285#1	0
3784	Q0	35595#6	1
3784	Q0	106283#0	0
3784	Q0	226147#2	0
3784	Q0	226147#8	0
3784	Q0	226147#10	0
3784	Q0	226147#4	0
3784	Q0	289632#4	0
3784	Q0	20777#3	0
3784	Q0	414443#11	0
3784	Q0	344534#0	0
3785	Q0	2961#1	1
3785	Q0	2961#2	0
3785	Q0	5072#2	0
3785	Q0	252993#6	0
3785	Q0	219526#47	0
3785	Q0	154904#0	0
3785	Q0	252993#2	0
3785	Q0	252993#5	0
3785	Q0	2961#0	0
3785	Q0	63541#5	0
3786	Q0	10879#39	1
3786	Q0	3052#5	1
3786	Q0	20820#6	1
3786	Q0	370623#8	0
3786	Q0	66661#2	0
3786	Q0	67369#0	0
3786	Q0	158811#4	0
3786	Q0	2954#4	0
3786	Q0	227796#0	0
3786	Q0	302301#4	0
3789	Q0	1101#0	1
3789	Q0	1101#3	0
3789	Q0	1101#4	0
3789	Q0	25133#0	0
3789	Q0	21046#0	0
3789	Q0	246249#29	0
3789	Q0	91346#0	0
3789	Q0	152547#49	0
3789	Q0	292654#0	0
3789	Q0	22645#0	0
3790	Q0	60948#29	1
3790	Q0	194400#15	1
3790	Q0	60948#19	1
3790	Q0	31963#1	1
3790	Q0	61053#12	1
3790	Q0	60948#27	0
3790	Q0	31963#18	0
3790	Q0	61053#26	0
3790	Q0	60948#20	0
3790	Q0	11600#0	0
3791	Q0	127216#18	1
3791	Q0	1671477#0	1
3791	Q0	1671477#8	1
3791	Q0	387070#2	0
3791	Q0	140158#2	0
3791	Q0	2836#17	0
3791	Q0	838#17	0
3791	Q0	60650#3	0
3791	Q0	143755#26	0
3791	Q0	86021#9	0
3791	Q0	379034#3	0
3792	Q0	252594#0	1
3792	Q0	252594#1	1
3792	Q0	21029#8	1
3792	Q0	252563#0	0
3792	Q0	194373#4	0
3792	Q0	356968#0	0
3792	Q0	127953#7	0
3792	Q0	194373#1	0
3792	Q0	838#17	0
3792	Q0	279761#0	0
3793	Q0	2058411#0	1
3793	Q0	326256#2	0
3793	Q0	216897#0	0
3793	Q0	1124#1	0
3793	Q0	1003#67	0
3793	Q0	19653#1	0
3793	Q0	198412#54	0
3793	Q0	19641#41	0
3793	Q0	95877#2	0
3793	Q0	64245#13	0
3794	Q0	253156#0	1
3794	Q0	253155#0	1
3794	Q0	253156#6	0
3794	Q0	200141#16	0
3794	Q0	253156#5	0
3794	Q0	40848#2	0
3794	Q0	127068#2	0
3794	Q0	100067#2	0
3794	Q0	3759#17	0
3794	Q0	281740#1	0
3795	Q0	23699#12	1
3795	Q0	23699#24	1
3795	Q0	65589#0	0
3795	Q0	23699#25	0
3795	Q0	22924#0	0
3795	Q0	23372#8	0
3795	Q0	33176#61	0
3795	Q0	23699#0	0
3795	Q0	262009#22	0
3795	Q0	177837#0	0
3796	Q0	225645#47	1
3796	Q0	225645#5	1
3796	Q0	225645#13	0
3796	Q0	225645#0	0
3796	Q0	225645#65	0
3796	Q0	225645#10	0
3796	Q0	225645#27	0
3796	Q0	225645#7	0
3796	Q0	225645#66	0
3796	Q0	225645#42	0
3797	Q0	246248#2	1
3797	Q0	38795#3	1
3797	Q0	3107#20	1
3797	Q0	3794#7	0
3797	Q0	838#17	0
3797	Q0	81282#0	0
3797	Q0	84608#0	0
3797	Q0	226434#0	0
3797	Q0	212607#0	0
3797	Q0	356051#1	0
3798	Q0	366590#6	1
3798	Q0	366590#0	1
3798	Q0	146698#24	0
3798	Q0	52967#0	0
3798	Q0	147340#2	0
3798	Q0	34332#0	0
3798	Q0	228290#0	0
3798	Q0	117048#4	0
3798	Q0	366590#7	0
3798	Q0	31443#1	0
3799	Q0	74542#8	1
3799	Q0	30658#7	1
3799	Q0	39623#6	1
3799	Q0	5534#7	0
3799	Q0	39623#4	0
3799	Q0	39623#29	0
3799	Q0	7062#6	0
3799	Q0	36260#30	0
3799	Q0	36260#33	0
3799	Q0	42119#13	0
3801	Q0	81588#0	1
3801	Q0	289309#3	1
3801	Q0	26875#7	1
3801	Q0	257207#6	0
3801	Q0	318212#0	0
3801	Q0	106074#0	0
3801	Q0	311831#0	0
3801	Q0	397804#4	0
3801	Q0	363805#0	0
3801	Q0	120429#25	0
3802	Q0	6029#0	1
3802	Q0	2835#11	1
3802	Q0	2835#42	0
3802	Q0	428175#2	0
3802	Q0	2835#44	0
3802	Q0	7055#51	0
3802	Q0	269624#0	0
3802	Q0	2835#9	0
3802	Q0	2835#7	0
3802	Q0	34180#6	0
3803	Q0	8104#6	1
3803	Q0	10212#1	1
3803	Q0	8104#43	0
3803	Q0	8104#7	0
3803	Q0	4423#17	0
3803	Q0	11956#6	0
3803	Q0	3992#5	0
3803	Q0	4448#11	0
3803	Q0	1046#72	0
3803	Q0	8613#4	0
3805	Q0	22924#12	1
3805	Q0	223118#0	1
3805	Q0	22924#0	0
3805	Q0	22924#53	0
3805	Q0	22924#65	0
3805	Q0	22924#68	0
3805	Q0	193260#5	0
3805	Q0	431392#8	0
3805	Q0	22924#84	0
3805	Q0	23378#0	0
3806	Q0	423139#1	1
3806	Q0	423139#14	1
3806	Q0	423139#13	1
3806	Q0	423139#0	0
3806	Q0	423139#7	0
3806	Q0	423139#8	0
3806	Q0	889#50	0
3806	Q0	98795#6	0
3806	Q0	7443#6	0
3806	Q0	423139#11	0
3810	Q0	35361#0	1
3810	Q0	402681#0	1
3810	Q0	3803#10	0
3810	Q0	346728#1	0
3810	Q0	4106#2	0
3810	Q0	20952#20	0
3810	Q0	375620#0	0
3810	Q0	117859#0	0
3810	Q0	192060#0	0
3810	Q0	104194#0	0
3812	Q0	192897#0	1
3812	Q0	183782#0	1
3812	Q0	16185#0	1
3812	Q0	13603#11	1
3812	Q0	159732#0	1
3812	Q0	40517#46	0
3812	Q0	188234#12	0
3812	Q0	96840#0	0
3812	Q0	234207#2	0
3812	Q0	6274#2	0
3813	Q0	4419#68	1
3813	Q0	135350#0	0
3813	Q0	15912#13	0
3813	Q0	286810#2	0
3813	Q0	6614#2	0
3813	Q0	45891#1	0
3813	Q0	29365#4	0
3813	Q0	17646#1	0
3813	Q0	6614#13	0
3813	Q0	6228#8	0
3814	Q0	19641#41	1
3814	Q0	58172#4	0
3814	Q0	19641#10	0
3814	Q0	19641#14	0
3814	Q0	68692#41	0
3814	Q0	19641#11	0
3814	Q0	19641#20	0
3814	Q0	19641#49	0
3814	Q0	19641#3	0
3814	Q0	19641#0	0
3815	Q0	55939#1	1
3815	Q0	152472#36	1
3815	Q0	18197#0	1
3815	Q0	93403#5	1
3815	Q0	245639#16	0
3815	Q0	54603#6	0
3815	Q0	24989#22	0
3815	Q0	3881#17	0
3815	Q0	15660#16	0
3815	Q0	62458#5	0
3816	Q0	225893#5	1
3816	Q0	225893#2	1
3816	Q0	225893#3	1
3816	Q0	225893#0	0
3816	Q0	93814#0	0
3816	Q0	225893#6	0
3816	Q0	225893#1	0
3816	Q0	225893#7	0
3816	Q0	225893#4	0
3816	Q0	214026#1	0
3819	Q0	78038#2	1
3819	Q0	78038#0	1
3819	Q0	78038#17	0
3819	Q0	116504#4	0
3819	Q0	11975#69	0
3819	Q0	8206#0	0
3819	Q0	80364#0	0
3819	Q0	324532#7	0
3819	Q0	22216#0	0
3819	Q0	208354#0	0
3822	Q0	141270#1	1
3822	Q0	4758#3	1
3822	Q0	4769#4	1
3822	Q0	4758#11	0
3822	Q0	4758#14	0
3822	Q0	4758#9	0
3822	Q0	4777#11	0
3822	Q0	141268#5	0
3822	Q0	4758#6	0
3822	Q0	4758#12	0
3824	Q0	4650#1	1
3824	Q0	79278#0	1
3824	Q0	14059#1	0
3824	Q0	4433#2	0
3824	Q0	49501#9	0
3824	Q0	4642#0	0
3824	Q0	18743#0	0
3824	Q0	4642#2	0
3824	Q0	389420#6	0
3824	Q0	4650#2	0
3827	Q0	36244#0	1
3827	Q0	120429#3	0
3827	Q0	1071#1	0
3827	Q0	102453#1	0
3827	Q0	16288#22	0
3827	Q0	13353#7	0
3827	Q0	120429#12	0
3827	Q0	30685#5	0
3827	Q0	251858#0	0
3827	Q0	125630#6	0
3829	Q0	337351#0	1
3829	Q0	210771#4	0
3829	Q0	208297#0	0
3829	Q0	208056#1	0
3829	Q0	56741#0	0
3829	Q0	77471#0	0
3829	Q0	81780#1	0
3829	Q0	4451#5	0
3829	Q0	62602#3	0
3829	Q0	39374#1	0
3831	Q0	69257#0	1
3831	Q0	3766#22	1
3831	Q0	69257#2	1
3831	Q0	139977#0	1
3831	Q0	69257#1	1
3831	Q0	9990#0	0
3831	Q0	4020#20	0
3831	Q0	69257#3	0
3831	Q0	92141#9	0
3831	Q0	91072#1	0
3833	Q0	6551#0	1
3833	Q0	83389#0	1
3833	Q0	297693#1	0
3833	Q0	23640#2	0
3833	Q0	83389#1	0
3833	Q0	6175#0	0
3833	Q0	297684#1	0
3833	Q0	793#6	0
3833	Q0	151384#17	0
3833	Q0	36761#2	0
3835	Q0	942#0	1
3835	Q0	23450#2	1
3835	Q0	942#1	0
3835	Q0	942#29	0
3835	Q0	942#39	0
3835	Q0	25789#1	0
3835	Q0	57656#0	0
3835	Q0	946#32	0
3835	Q0	233667#0	0
3835	Q0	946#26	0
3836	Q0	9036#2	1
3836	Q0	9036#0	1
3836	Q0	8347#2	0
3836	Q0	8337#0	0
3836	Q0	3876#19	0
3836	Q0	9036#3	0
3836	Q0	9036#12	0
3836	Q0	9036#1	0
3836	Q0	271347#0	0
3836	Q0	4434#2	0
3837	Q0	2726637#21	1
3837	Q0	2726637#33	1
3837	Q0	2726637#12	1
3837	Q0	2726637#10	1
3837	Q0	2726637#44	1
3837	Q0	246530#0	0
3837	Q0	67391#34	0
3837	Q0	246520#0	0
3837	Q0	382154#0	0
3837	Q0	45855#65	0
3837	Q0	393153#1	0
3837	Q0	229191#1	0
3837	Q0	19653#23	0
3837	Q0	26152#35	0
3837	Q0	84608#0	0
3837	Q0	2726637#0	0
3837	Q0	2726637#48	0
3838	Q0	124878#7	1
3838	Q0	143124#0	1
3838	Q0	124878#6	1
3838	Q0	124878#1	1
3838	Q0	124878#0	1
3838	Q0	72839#0	0
3838	Q0	124878#12	0
3838	Q0	124878#3	0
3838	Q0	120449#2	0
3838	Q0	127802#0	0
3839	Q0	84009#0	1
3839	Q0	12341#0	1
3839	Q0	19672#0	0
3839	Q0	14826#2	0
3839	Q0	137688#0	0
3839	Q0	4650#2	0
3839	Q0	92462#21	0
3839	Q0	6770#0	0
3839	Q0	270921#2	0
3839	Q0	270592#6	0
3840	Q0	10498#12	1
3840	Q0	379327#0	1
3840	Q0	10498#3	1
3840	Q0	80745#4	1
3840	Q0	20874#9	1
3840	Q0	10498#8	0
3840	Q0	308922#5	0
3840	Q0	226687#2	0
3840	Q0	405076#0	0
3840	Q0	348530#6	0
3841	Q0	4020#62	1
3841	Q0	44872#0	1
3841	Q0	44872#1	1
3841	Q0	44819#0	0
3841	Q0	6760#40	0
3841	Q0	4020#43	0
3841	Q0	420720#3	0
3841	Q0	44819#4	0
3841	Q0	44819#1	0
3841	Q0	50903#1	0
3841	Q0	420720#11	0
3841	Q0	84#23	0
3842	Q0	81727#0	1
3842	Q0	107316#31	1
3842	Q0	81727#1	0
3842	Q0	81727#9	0
3842	Q0	81727#10	0
3842	Q0	81727#3	0
3842	Q0	81727#13	0
3842	Q0	81727#2	0
3842	Q0	81727#4	0
3842	Q0	81727#7	0
3844	Q0	143128#0	1
3844	Q0	250155#6	0
3844	Q0	143128#14	0
3844	Q0	107856#0	0
3844	Q0	58215#68	0
3844	Q0	224653#0	0
3844	Q0	1962301#0	0
3844	Q0	1124#1	0
3844	Q0	91685#1	0
3844	Q0	210861#69	0
3845	Q0	23699#12	1
3845	Q0	22926#0	0
3845	Q0	22931#0	0
3845	Q0	22930#0	0
3845	Q0	22925#0	0
3845	Q0	23699#31	0
3845	Q0	33176#90	0
3845	Q0	22925#2	0
3845	Q0	22924#0	0
3845	Q0	187895#0	0
3846	Q0	236881#0	1
3846	Q0	236881#2	1
3846	Q0	236881#1	1
3846	Q0	37067#1	0
3846	Q0	236881#8	0
3846	Q0	15435#8	0
3846	Q0	203410#5	0
3846	Q0	236881#6	0
3846	Q0	36472#8	0
3846	Q0	15435#10	0
3847	Q0	51169#3	1
3847	Q0	51169#4	0
3847	Q0	51169#8	0
3847	Q0	51169#10	0
3847	Q0	51169#12	0
3847	Q0	51169#6	0
3847	Q0	51169#5	0
3847	Q0	51169#37	0
3847	Q0	51169#20	0
3847	Q0	51169#21	0
3848	Q0	195685#6	1
3848	Q0	11438#8	1
3848	Q0	25087#1	1
3848	Q0	12745#5	1
3848	Q0	12402#2	1
3848	Q0	12723#9	1
3848	Q0	49091#1	0
3848	Q0	12723#86	0
3848	Q0	11438#3	0
3848	Q0	105835#13	0
3849	Q0	21050#3	1
3849	Q0	15926#0	1
3849	Q0	1041#1	0
3849	Q0	81865#0	0
3849	Q0	23630#0	0
3849	Q0	1041#8	0
3849	Q0	27682#0	0
3849	Q0	292654#0	0
3849	Q0	25141#0	0
3849	Q0	65023#0	0
3850	Q0	2493071#4	1
3850	Q0	3794#7	0
3850	Q0	3022#28	0
3850	Q0	81282#0	0
3850	Q0	226434#0	0
3850	Q0	328901#0	0
3850	Q0	212607#0	0
3850	Q0	195685#6	0
3850	Q0	110756#0	0
3850	Q0	426098#1	0
3851	Q0	30133#2	1
3851	Q0	30133#8	1
3851	Q0	30133#3	1
3851	Q0	30133#0	1
3851	Q0	30133#1	1
3851	Q0	30133#9	0
3851	Q0	22693#49	0
3851	Q0	151554#0	0
3851	Q0	40243#7	0
3851	Q0	87826#0	0
3854	Q0	24362#11	1
3854	Q0	4413#166	1
3854	Q0	9103#0	1
3854	Q0	4485#2	0
3854	Q0	3438#0	0
3854	Q0	4483#12	0
3854	Q0	285906#0	0
3854	Q0	4413#167	0
3854	Q0	3493#58	0
3854	Q0	4653#4	0
3855	Q0	249038#11	1
3855	Q0	249038#29	1
3855	Q0	249038#0	1
3855	Q0	249038#44	1
3855	Q0	249038#66	0
3855	Q0	249038#55	0
3855	Q0	249038#42	0
3855	Q0	249038#16	0
3855	Q0	249038#72	0
3855	Q0	249038#60	0
3856	Q0	265643#9	1
3856	Q0	265643#1	0
3856	Q0	122863#0	0
3856	Q0	122844#21	0
3856	Q0	44721#1	0
3856	Q0	3803#10	0
3856	Q0	81282#0	0
3856	Q0	2593745#5	0
3856	Q0	226434#0	0
3856	Q0	84608#0	0
3857	Q0	26149#1	1
3857	Q0	320265#1	0
3857	Q0	26149#0	0
3857	Q0	337154#1	0
3857	Q0	26149#3	0
3857	Q0	320265#2	0
3857	Q0	327169#4	0
3857	Q0	147299#0	0
3857	Q0	3235#4	0
3857	Q0	7130#0	0
3858	Q0	11853#20	1
3858	Q0	407303#0	1
3858	Q0	15745#24	1
3858	Q0	15005#5	1
3858	Q0	126178#0	1
3858	Q0	68719#0	1
3858	Q0	13000#1	0
3858	Q0	245448#8	0
3858	Q0	405198#0	0
3858	Q0	13929#3	0
3860	Q0	94714#0	1
3860	Q0	4039#21	1
3860	Q0	94545#9	0
3860	Q0	178346#2	0
3860	Q0	394102#8	0
3860	Q0	12704#0	0
3860	Q0	319148#4	0
3860	Q0	394092#0	0
3860	Q0	394102#2	0
3860	Q0	94547#3	0
3862	Q0	36419#6	1
3862	Q0	41316#2	1
3862	Q0	154048#0	1
3862	Q0	41316#0	1
3862	Q0	440380#0	0
3862	Q0	58496#8	0
3862	Q0	48927#3	0
3862	Q0	143958#10	0
3862	Q0	52182#0	0
3862	Q0	48927#0	0
3863	Q0	75874#0	1
3863	Q0	75874#3	1
3863	Q0	371796#4	1
3863	Q0	12976#7	1
3863	Q0	75874#7	0
3863	Q0	274141#0	0
3863	Q0	75874#2	0
3863	Q0	75874#1	0
3863	Q0	19022#1	0
3863	Q0	8942#1	0
3864	Q0	78351#0	1
3864	Q0	412548#3	1
3864	Q0	78351#9	1
3864	Q0	81282#0	0
3864	Q0	3022#28	0
3864	Q0	226434#0	0
3864	Q0	84608#0	0
3864	Q0	430950#0	0
3864	Q0	36048#0	0
3864	Q0	9911#2	0
3866	Q0	247679#4	1
3866	Q0	247679#0	1
3866	Q0	247679#8	1
3866	Q0	247679#10	1
3866	Q0	247679#12	1
3866	Q0	247679#9	1
3866	Q0	375903#1	0
3866	Q0	61114#0	0
3866	Q0	12063#38	0
3866	Q0	340230#2	0
3866	Q0	212495#0	0
3866	Q0	838#17	0
3866	Q0	255183#0	0
3867	Q0	3882#4	1
3867	Q0	3882#32	1
3867	Q0	21809#1	1
3867	Q0	3882#6	0
3867	Q0	3882#15	0
3867	Q0	3882#0	0
3867	Q0	3882#2	0
3867	Q0	3882#9	0
3867	Q0	3882#1	0
3867	Q0	3882#27	0
3868	Q0	4235#0	1
3868	Q0	28107#0	1
3868	Q0	19334#0	1
3868	Q0	227025#0	1
3868	Q0	4235#14	1
3868	Q0	44309#0	0
3868	Q0	301331#7	0
3868	Q0	227286#0	0
3868	Q0	8271#0	0
3868	Q0	6895#0	0
3869	Q0	291923#1	1
3869	Q0	291923#28	1
3869	Q0	291923#15	1
3869	Q0	196293#9	1
3869	Q0	291923#27	0
3869	Q0	291923#24	0
3869	Q0	196293#5	0
3869	Q0	196293#8	0
3869	Q0	291923#0	0
3869	Q0	196293#7	0
3870	Q0	817#2	1
3870	Q0	4533#71	1
3870	Q0	4765#14	1
3870	Q0	4533#113	1
3870	Q0	4740#0	0
3870	Q0	152263#6	0
3870	Q0	146698#27	0
3870	Q0	33970#10	0
3870	Q0	4533#68	0
3870	Q0	4760#0	0
3871	Q0	134443#30	1
3871	Q0	131189#0	1
3871	Q0	131189#5	1
3871	Q0	131189#12	0
3871	Q0	10815#1	0
3871	Q0	739#14	0
3871	Q0	739#26	0
3871	Q0	739#38	0
3871	Q0	13198#12	0
3871	Q0	255033#1	0
3872	Q0	781486#1	1
3872	Q0	22537#2	0
3872	Q0	320532#1	0
3872	Q0	66786#15	0
3872	Q0	60010#21	0
3872	Q0	75955#1	0
3872	Q0	21050#21	0
3872	Q0	260317#1	0
3872	Q0	34552#3	0
3872	Q0	59409#17	0
3872	Q0	234623#6	0
3872	Q0	781486#10	0
3872	Q0	781486#7	0
3873	Q0	1744014#0	1
3873	Q0	55248#1	0
3873	Q0	353384#1	0
3873	Q0	353384#0	0
3873	Q0	55248#0	0
3873	Q0	240526#0	0
3873	Q0	238818#1	0
3873	Q0	207285#0	0
3873	Q0	428894#2	0
3873	Q0	130167#1	0
3874	Q0	128431#0	1
3874	Q0	128431#2	1
3874	Q0	152494#1	1
3874	Q0	3794#7	0
3874	Q0	81282#0	0
3874	Q0	45252#20	0
3874	Q0	3803#9	0
3874	Q0	226434#0	0
3874	Q0	84608#0	0
3874	Q0	329635#1	0
3875	Q0	1071#13	1
3875	Q0	121830#0	1
3875	Q0	13680#4	1
3875	Q0	1071#14	1
3875	Q0	58935#0	0
3875	Q0	1071#18	0
3875	Q0	280084#0	0
3875	Q0	1071#20	0
3875	Q0	69501#0	0
3875	Q0	1071#32	0
3875	Q0	13680#1	0
3876	Q0	1767326#0	1
3876	Q0	336980#1	0
3876	Q0	203479#0	0
3876	Q0	20205#3	0
3876	Q0	32857#13	0
3876	Q0	205264#0	0
3876	Q0	3102#3	0
3876	Q0	3102#5	0
3876	Q0	302702#0	0
3876	Q0	202308#0	0
3879	Q0	23952#7	1
3879	Q0	23952#17	1
3879	Q0	25121#4	0
3879	Q0	237240#0	0
3879	Q0	45987#19	0
3879	Q0	287609#5	0
3879	Q0	335939#3	0
3879	Q0	157297#3	0
3879	Q0	1041#95	0
3879	Q0	152008#10	0
3880	Q0	145938#0	1
3880	Q0	145938#15	0
3880	Q0	145938#14	0
3880	Q0	145938#12	0
3880	Q0	145938#17	0
3880	Q0	86025#1	0
3880	Q0	86025#2	0
3880	Q0	145938#20	0
3880	Q0	224285#13	0
3880	Q0	207589#7	0
3881	Q0	4502#6	1
3881	Q0	19552#1	1
3881	Q0	16248#0	1
3881	Q0	13926#1	0
3881	Q0	196099#0	0
3881	Q0	16248#17	0
3881	Q0	120441#0	0
3881	Q0	13926#3	0
3881	Q0	13926#0	0
3881	Q0	4502#28	0
3883	Q0	21083#1	1
3883	Q0	21083#0	1
3883	Q0	21083#5	0
3883	Q0	134550#27	0
3883	Q0	21083#12	0
3883	Q0	21083#3	0
3883	Q0	21083#15	0
3883	Q0	21083#9	0
3883	Q0	21083#16	0
3883	Q0	21083#22	0
3885	Q0	13990#3	1
3885	Q0	13990#0	1
3885	Q0	13990#1	1
3885	Q0	13990#4	0
3885	Q0	13990#6	0
3885	Q0	13990#7	0
3885	Q0	26235#1	0
3885	Q0	81282#0	0
3885	Q0	3803#9	0
3885	Q0	226434#0	0
3886	Q0	1029#4	1
3886	Q0	1029#3	1
3886	Q0	1029#69	1
3886	Q0	432838#4	1
3886	Q0	1029#2	0
3886	Q0	131961#1	0
3886	Q0	1029#70	0
3886	Q0	19439#13	0
3886	Q0	27273#22	0
3886	Q0	272386#3	0
3889	Q0	441976#1	1
3889	Q0	18194#10	0
3889	Q0	146730#2	0
3889	Q0	276795#4	0
3889	Q0	212440#3	0
3889	Q0	209837#7	0
3889	Q0	1099407#1	0
3889	Q0	2784#16	0
3889	Q0	271050#4	0
3889	Q0	170842#1	0
3890	Q0	16261#1	1
3890	Q0	348144#64	1
3890	Q0	16261#3	1
3890	Q0	6236#0	0
3890	Q0	49225#6	0
3890	Q0	3156#3	0
3890	Q0	134712#0	0
3890	Q0	27019#0	0
3890	Q0	69#2	0
3890	Q0	16261#4	0
3891	Q0	6770#0	1
3891	Q0	235369#0	0
3891	Q0	78756#0	0
3891	Q0	262009#35	0
3891	Q0	54275#12	0
3891	Q0	262009#24	0
3891	Q0	84608#0	0
3891	Q0	2854#1	0
3891	Q0	776862#0	0
3891	Q0	262009#22	0
3893	Q0	297467#1	1
3893	Q0	10877#7	0
3893	Q0	10877#8	0
3893	Q0	10499#14	0
3893	Q0	10877#9	0
3893	Q0	10877#4	0
3893	Q0	10878#0	0
3893	Q0	10877#15	0
3893	Q0	10877#28	0
3893	Q0	155850#16	0
3894	Q0	44872#0	1
3894	Q0	387728#22	1
3894	Q0	193845#3	1
3894	Q0	44872#1	1
3894	Q0	49666#2	0
3894	Q0	49666#10	0
3894	Q0	292870#1	0
3894	Q0	257077#0	0
3894	Q0	84#25	0
3894	Q0	49666#8	0
3894	Q0	84#23	0
3895	Q0	77967#2	1
3895	Q0	443361#1	1
3895	Q0	231057#1	0
3895	Q0	25459#42	0
3895	Q0	2954#31	0
3895	Q0	25459#38	0
3895	Q0	362980#2	0
3895	Q0	24592#2	0
3895	Q0	276795#4	0
3895	Q0	25459#84	0
3897	Q0	18090#4	1
3897	Q0	105168#2	1
3897	Q0	65336#5	1
3897	Q0	65336#6	1
3897	Q0	128558#6	0
3897	Q0	128558#8	0
3897	Q0	65336#0	0
3897	Q0	110673#1	0
3897	Q0	3308#21	0
3897	Q0	411765#0	0
3897	Q0	110673#0	0
3897	Q0	39834#3	0
3898	Q0	9921#2	1
3898	Q0	73671#2	1
3898	Q0	14965#1	1
3898	Q0	22309#4	1
3898	Q0	302106#0	0
3898	Q0	265016#28	0
3898	Q0	429437#0	0
3898	Q0	207223#0	0
3898	Q0	101875#0	0
3898	Q0	265016#7	0
3899	Q0	124878#7	1
3899	Q0	124878#1	1
3899	Q0	143124#0	1
3899	Q0	124878#6	1
3899	Q0	124878#0	0
3899	Q0	72839#0	0
3899	Q0	124878#12	0
3899	Q0	124878#3	0
3899	Q0	120449#2	0
3899	Q0	1018#11	0
3900	Q0	6317#4	1
3900	Q0	6317#2	1
3900	Q0	6317#1	1
3900	Q0	188319#0	1
3900	Q0	6317#23	1
3900	Q0	7406#3	1
3900	Q0	6317#29	0
3900	Q0	16949#2	0
3900	Q0	144214#2	0
3900	Q0	7406#0	0
3902	Q0	321415#9	1
3902	Q0	2415162#35	1
3902	Q0	75693#2	0
3902	Q0	32311#16	0
3902	Q0	3235#11	0
3902	Q0	59239#139	0
3902	Q0	384022#0	0
3902	Q0	356390#11	0
3902	Q0	82061#1	0
3902	Q0	5649#4	0
3903	Q0	28048#5	1
3903	Q0	85882#2	1
3903	Q0	28302#3	0
3903	Q0	12192#23	0
3903	Q0	85882#4	0
3903	Q0	202338#1	0
3903	Q0	122406#7	0
3903	Q0	239446#8	0
3903	Q0	81868#1	0
3903	Q0	237304#1	0
3904	Q0	6317#0	1
3904	Q0	17165#0	1
3904	Q0	154416#2	1
3904	Q0	6317#1	1
3904	Q0	6317#4	1
3904	Q0	227104#0	0
3904	Q0	84#5	0
3904	Q0	84608#0	0
3904	Q0	3302#17	0
3904	Q0	3302#12	0
3904	Q0	3302#15	0
3904	Q0	472244#1	0
3905	Q0	146698#7	1
3905	Q0	198497#1	1
3905	Q0	403767#18	1
3905	Q0	371796#4	1
3905	Q0	236249#10	0
3905	Q0	241102#10	0
3905	Q0	198497#7	0
3905	Q0	236249#0	0
3905	Q0	198497#3	0
3905	Q0	198497#11	0
3907	Q0	60837#0	1
3907	Q0	18320#9	1
3907	Q0	18320#50	1
3907	Q0	46375#5	0
3907	Q0	62550#0	0
3907	Q0	18320#0	0
3907	Q0	18320#3	0
3907	Q0	18320#15	0
3907	Q0	46375#4	0
3907	Q0	18320#5	0
3907	Q0	18320#39	0
3907	Q0	18320#2	0
3908	Q0	2961#10	1
3908	Q0	2961#1	1
3908	Q0	2961#12	1
3908	Q0	348144#7	1
3908	Q0	2961#0	0
3908	Q0	154904#0	0
3908	Q0	6098#14	0
3908	Q0	195693#17	0
3908	Q0	12047#33	0
3908	Q0	341280#19	0
3909	Q0	76374#2	1
3909	Q0	76374#19	0
3909	Q0	76374#3	0
3909	Q0	76374#12	0
3909	Q0	76374#36	0
3909	Q0	76374#42	0
3909	Q0	76374#0	0
3909	Q0	76374#49	0
3909	Q0	76374#34	0
3909	Q0	76374#15	0
3910	Q0	45436#12	1
3910	Q0	354641#12	1
3910	Q0	4016#49	1
3910	Q0	307167#0	1
3910	Q0	30524#2	1
3910	Q0	217604#2	0
3910	Q0	39447#2	0
3910	Q0	799#0	0
3910	Q0	30658#10	0
3910	Q0	331159#4	0
3912	Q0	3720#0	1
3912	Q0	61759#48	1
3912	Q0	2739#5	0
3912	Q0	3109#34	0
3912	Q0	6276#9	0
3912	Q0	125990#2	0
3912	Q0	6276#19	0
3912	Q0	6276#74	0
3912	Q0	62101#4	0
3912	Q0	145353#5	0
3913	Q0	4469#13	1
3913	Q0	4469#0	1
3913	Q0	4469#6	1
3913	Q0	4469#11	0
3913	Q0	4469#12	0
3913	Q0	184918#0	0
3913	Q0	4469#15	0
3913	Q0	4469#4	0
3913	Q0	241936#0	0
3913	Q0	4469#1	0
3913	Q0	242022#1	0
3914	Q0	3020#80	1
3914	Q0	3020#71	1
3914	Q0	3020#25	1
3914	Q0	3020#85	1
3914	Q0	75864#0	1
3914	Q0	3020#9	1
3914	Q0	62592#0	1
3914	Q0	61463#2	1
3914	Q0	3020#18	0
3914	Q0	61463#0	0
3916	Q0	817#11	1
3916	Q0	817#2	1
3916	Q0	4791#0	1
3916	Q0	152626#0	1
3916	Q0	4777#0	1
3916	Q0	4767#0	0
3916	Q0	74209#0	0
3916	Q0	4762#6	0
3916	Q0	4761#0	0
3918	Q0	11640#24	1
3918	Q0	110440#8	1
3918	Q0	57984#17	0
3918	Q0	244401#9	0
3918	Q0	11640#22	0
3918	Q0	260835#3	0
3918	Q0	57982#0	0
3918	Q0	11640#23	0
3918	Q0	7115#14	0
3918	Q0	58251#0	0
3919	Q0	24336#0	1
3919	Q0	23906#28	0
3919	Q0	23906#60	0
3919	Q0	23906#105	0
3919	Q0	1036#1	0
3919	Q0	23906#148	0
3919	Q0	16835#37	0
3919	Q0	61988#6	0
3919	Q0	4272#4	0
3919	Q0	23906#68	0
3920	Q0	242624#0	1
3920	Q0	4264#0	1
3920	Q0	51137#0	1
3920	Q0	4264#1	1
3920	Q0	4265#0	1
3920	Q0	6211#2	1
3920	Q0	31042#0	0
3920	Q0	4266#1	0
3920	Q0	4263#36	0
3920	Q0	11424#0	0
3921	Q0	3888#4	1
3921	Q0	32597#2	1
3921	Q0	3888#7	1
3921	Q0	83770#1	0
3921	Q0	3888#16	0
3921	Q0	3888#8	0
3921	Q0	198867#1	0
3921	Q0	85223#0	0
3921	Q0	85223#2	0
3921	Q0	3107#8	0
3922	Q0	4601#5	1
3922	Q0	4489#8	1
3922	Q0	351784#50	0
3922	Q0	144207#1	0
3922	Q0	419894#1	0
3922	Q0	62770#1	0
3922	Q0	351784#45	0
3922	Q0	16972#3	0
3922	Q0	337351#0	0
3922	Q0	357711#1	0
3923	Q0	1071#15	1
3923	Q0	13680#4	1
3923	Q0	13680#1	1
3923	Q0	13680#0	1
3923	Q0	58935#0	0
3923	Q0	397886#2	0
3923	Q0	125556#1	0
3923	Q0	58887#0	0
3923	Q0	58214#0	0
3923	Q0	61521#0	0
3923	Q0	63902#0	0
3927	Q0	103121#2	1
3927	Q0	18505#9	1
3927	Q0	103121#9	1
3927	Q0	33#53	1
3927	Q0	287929#16	0
3927	Q0	287929#31	0
3927	Q0	139276#1	0
3927	Q0	287929#23	0
3927	Q0	287929#18	0
3927	Q0	287929#33	0
3929	Q0	4933#3	1
3929	Q0	12503#0	1
3929	Q0	12503#40	0
3929	Q0	12503#1	0
3929	Q0	12503#19	0
3929	Q0	12503#2	0
3929	Q0	12503#6	0
3929	Q0	25998#12	0
3929	Q0	12503#51	0
3929	Q0	12503#41	0
3931	Q0	4673#0	1
3931	Q0	326928#5	1
3931	Q0	4642#0	1
3931	Q0	4642#2	1
3931	Q0	4673#2	0
3931	Q0	346896#58	0
3931	Q0	258955#0	0
3931	Q0	18743#0	0
3931	Q0	258635#0	0
3931	Q0	258296#0	0
3931	Q0	18612#21	0
3932	Q0	234629#3	1
3932	Q0	234629#5	1
3932	Q0	234629#10	1
3932	Q0	234629#0	0
3932	Q0	234629#2	0
3932	Q0	234629#4	0
3932	Q0	19741#2	0
3932	Q0	234629#1	0
3932	Q0	234629#8	0
3932	Q0	234629#7	0
3933	Q0	11450#23	1
3933	Q0	423688#6	1
3933	Q0	8814#34	1
3933	Q0	281421#0	0
3933	Q0	177567#1	0
3933	Q0	246058#6	0
3933	Q0	838#17	0
3933	Q0	2045105#17	0
3933	Q0	81282#0	0
3933	Q0	226434#0	0
3935	Q0	218351#4	1
3935	Q0	217536#6	1
3935	Q0	313563#34	1
3935	Q0	217887#5	0
3935	Q0	80988#31	0
3935	Q0	80988#3	0
3935	Q0	13267#47	0
3935	Q0	313563#36	0
3935	Q0	217536#4	0
3935	Q0	216954#25	0
3936	Q0	144393#2	1
3936	Q0	144379#9	1
3936	Q0	144379#0	0
3936	Q0	144379#10	0
3936	Q0	144379#7	0
3936	Q0	144379#6	0
3936	Q0	144393#5	0
3936	Q0	144379#14	0
3936	Q0	144379#4	0
3936	Q0	144379#1	0
3938	Q0	45342#0	1
3938	Q0	121676#47	1
3938	Q0	416068#15	1
3938	Q0	436857#3	0
3938	Q0	121643#11	0
3938	Q0	68045#5	0
3938	Q0	45342#2	0
3938	Q0	61607#7	0
3938	Q0	121643#10	0
3938	Q0	382844#4	0
3940	Q0	4439#12	1
3940	Q0	146169#39	1
3940	Q0	3882#0	1
3940	Q0	838#17	0
3940	Q0	449323#0	0
3940	Q0	88785#2	0
3940	Q0	90022#6	0
3940	Q0	31713#1	0
3940	Q0	288761#2	0
3940	Q0	54453#1	0
3941	Q0	93758#3	1
3941	Q0	93758#12	1
3941	Q0	93758#7	0
3941	Q0	93758#17	0
3941	Q0	93758#13	0
3941	Q0	93758#10	0
3941	Q0	93758#0	0
3941	Q0	93758#5	0
3941	Q0	93758#14	0
3941	Q0	284500#3	0
3943	Q0	786#23	1
3943	Q0	103179#0	1
3943	Q0	786#42	0
3943	Q0	786#41	0
3943	Q0	786#31	0
3943	Q0	103179#4	0
3943	Q0	103179#30	0
3943	Q0	786#40	0
3943	Q0	786#1	0
3943	Q0	71250#1	0
3944	Q0	70230#6	1
3944	Q0	18743#0	0
3944	Q0	18612#21	0
3944	Q0	273193#0	0
3944	Q0	4399#19	0
3944	Q0	2716#15	0
3944	Q0	889#43	0
3944	Q0	19081#29	0
3944	Q0	346677#0	0
3944	Q0	4642#0	0
3945	Q0	311803#0	1
3945	Q0	21425#5	1
3945	Q0	21425#6	1
3945	Q0	240111#1	1
3945	Q0	328865#1	0
3945	Q0	3633#2	0
3945	Q0	3633#0	0
3945	Q0	3633#1	0
3945	Q0	8186#5	0
3945	Q0	3633#3	0
3946	Q0	66804#0	1
3946	Q0	66804#1	1
3946	Q0	66804#16	0
3946	Q0	66804#13	0
3946	Q0	66804#12	0
3946	Q0	66804#18	0
3946	Q0	66804#14	0
3946	Q0	66804#17	0
3946	Q0	66804#7	0
3946	Q0	66804#3	0
3947	Q0	14227#3	1
3947	Q0	14227#12	1
3947	Q0	261507#2	1
3947	Q0	14227#2	0
3947	Q0	14227#0	0
3947	Q0	14227#10	0
3947	Q0	16437#28	0
3947	Q0	14227#18	0
3947	Q0	330525#2	0
3947	Q0	14227#34	0
3948	Q0	6750#16	1
3948	Q0	6750#1	1
3948	Q0	281284#0	1
3948	Q0	6750#17	0
3948	Q0	6750#24	0
3948	Q0	6750#3	0
3948	Q0	324286#1	0
3948	Q0	356390#6	0
3948	Q0	21050#21	0
3948	Q0	34552#3	0
3949	Q0	323591#0	1
3949	Q0	303151#0	1
3949	Q0	325573#0	1
3949	Q0	270134#0	0
3949	Q0	306796#0	0
3949	Q0	309209#0	0
3949	Q0	299070#0	0
3949	Q0	318680#0	0
3949	Q0	394902#0	0
3949	Q0	300738#0	0
3950	Q0	297388#0	1
3950	Q0	197075#5	0
3950	Q0	197075#4	0
3950	Q0	303151#0	0
3950	Q0	295479#3	0
3950	Q0	338421#9	0
3950	Q0	197075#3	0
3950	Q0	338421#14	0
3950	Q0	338421#2	0
3950	Q0	197075#2	0
3951	Q0	442828#4	1
3951	Q0	216382#0	1
3951	Q0	32810#5	1
3951	Q0	3178#3	0
3951	Q0	45436#12	0
3951	Q0	240833#0	0
3951	Q0	12216#65	0
3951	Q0	208605#2	0
3951	Q0	30670#0	0
3951	Q0	442828#0	0
3954	Q0	5439#35	1
3954	Q0	309248#4	1
3954	Q0	251955#0	1
3954	Q0	251955#4	0
3954	Q0	28812#19	0
3954	Q0	5439#38	0
3954	Q0	66129#3	0
3954	Q0	251955#7	0
3954	Q0	4034#5	0
3954	Q0	372992#0	0
3955	Q0	25036#3	1
3955	Q0	14351#0	1
3955	Q0	25036#4	1
3955	Q0	65763#7	0
3955	Q0	263994#0	0
3955	Q0	25036#2	0
3955	Q0	3628#38	0
3955	Q0	83303#0	0
3955	Q0	420916#0	0
3955	Q0	1130#58	0
3955	Q0	49666#2	0
3955	Q0	25036#32	0
3955	Q0	25036#30	0
3958	Q0	180819#0	1
3958	Q0	229398#3	1
3958	Q0	65589#0	1
3958	Q0	23364#0	1
3958	Q0	65579#0	0
3958	Q0	22931#3	0
3958	Q0	23699#31	0
3958	Q0	314904#0	0
3958	Q0	22931#9	0
3958	Q0	22931#16	0
3959	Q0	23885#0	1
3959	Q0	42986#0	1
3959	Q0	4032#10	1
3959	Q0	23885#6	0
3959	Q0	23885#2	0
3959	Q0	23885#3	0
3959	Q0	48173#1	0
3959	Q0	236814#0	0
3959	Q0	416500#1	0
3959	Q0	320868#2	0
3960	Q0	1870739#0	1
3960	Q0	81282#0	0
3960	Q0	3324#9	0
3960	Q0	84608#0	0
3960	Q0	226434#0	0
3960	Q0	262995#0	0
3960	Q0	78077#0	0
3960	Q0	88806#7	0
3960	Q0	4458#1	0
3960	Q0	4454#33	0
3961	Q0	32349#0	1
3961	Q0	78230#7	1
3961	Q0	16233#4	1
3961	Q0	31915#41	1
3961	Q0	16233#0	0
3961	Q0	43417#5	0
3961	Q0	92788#1	0
3961	Q0	78230#1	0
3961	Q0	16233#1	0
3961	Q0	16233#2	0
3962	Q0	78956#6	1
3962	Q0	78956#0	1
3962	Q0	78956#7	0
3962	Q0	78956#14	0
3962	Q0	25761#17	0
3962	Q0	78956#2	0
3962	Q0	108655#0	0
3962	Q0	122518#1	0
3962	Q0	199336#5	0
3962	Q0	78956#1	0
3963	Q0	6750#1	1
3963	Q0	356390#6	0
3963	Q0	105941#1	0
3963	Q0	6750#25	0
3963	Q0	6750#8	0
3963	Q0	6750#2	0
3963	Q0	27274#1	0
3963	Q0	49826#1	0
3963	Q0	356390#5	0
3963	Q0	244366#6	0
3966	Q0	3811#9	1
3966	Q0	98779#18	0
3966	Q0	98779#20	0
3966	Q0	3811#0	0
3966	Q0	3811#11	0
3966	Q0	3811#7	0
3966	Q0	318764#0	0
3966	Q0	3811#5	0
3966	Q0	383261#0	0
3966	Q0	98779#0	0
3967	Q0	4468#0	1
3967	Q0	4468#2	1
3967	Q0	4468#15	1
3967	Q0	52409#0	0
3967	Q0	48549#7	0
3967	Q0	358277#0	0
3967	Q0	5104#0	0
3967	Q0	123919#52	0
3967	Q0	197051#6	0
3967	Q0	86142#73	0
3971	Q0	572286#21	1
3971	Q0	572286#1	1
3971	Q0	260462#0	0
3971	Q0	243116#7	0
3971	Q0	243116#11	0
3971	Q0	271214#10	0
3971	Q0	23628#1	0
3971	Q0	271214#7	0
3971	Q0	271214#14	0
3971	Q0	271214#15	0
3971	Q0	221445#0	0
3971	Q0	271214#21	0
3972	Q0	121664#1	1
3972	Q0	121664#9	1
3972	Q0	121664#6	0
3972	Q0	121664#7	0
3972	Q0	121648#7	0
3972	Q0	121643#1	0
3972	Q0	306391#0	0
3972	Q0	121648#4	0
3972	Q0	121646#3	0
3972	Q0	121648#0	0
3973	Q0	267751#0	1
3973	Q0	224735#0	1
3973	Q0	59239#45	0
3973	Q0	14062#2	0
3973	Q0	440363#3	0
3973	Q0	59239#78	0
3973	Q0	204007#11	0
3973	Q0	124273#4	0
3973	Q0	265450#3	0
3973	Q0	59239#33	0
3974	Q0	4448#11	1
3974	Q0	4448#12	0
3974	Q0	37082#0	0
3974	Q0	245115#0	0
3974	Q0	120687#0	0
3974	Q0	72724#4	0
3974	Q0	245111#0	0
3974	Q0	4449#18	0
3974	Q0	298272#7	0
3974	Q0	152472#0	0
3975	Q0	30658#10	1
3975	Q0	30524#2	1
3975	Q0	90949#7	1
3975	Q0	243102#3	0
3975	Q0	39447#0	0
3975	Q0	187605#0	0
3975	Q0	264665#0	0
3975	Q0	17333#0	0
3975	Q0	264970#2	0
3975	Q0	245711#0	0
3978	Q0	5942#2	1
3978	Q0	5942#0	1
3978	Q0	2740#9	0
3978	Q0	5942#3	0
3978	Q0	213724#3	0
3978	Q0	5942#1	0
3978	Q0	16841#0	0
3978	Q0	138427#1	0
3978	Q0	532426#19	0
3978	Q0	2959#12	0
3979	Q0	20052#0	1
3979	Q0	112998#6	1
3979	Q0	20052#5	0
3979	Q0	20052#2	0
3979	Q0	300416#1	0
3979	Q0	20052#4	0
3979	Q0	51081#5	0
3979	Q0	49586#1	0
3979	Q0	432334#22	0
3979	Q0	79382#15	0
3980	Q0	4032#0	1
3980	Q0	4032#10	1
3980	Q0	48962#16	1
3980	Q0	4032#26	0
3980	Q0	131098#5	0
3980	Q0	307725#0	0
3980	Q0	4815#2	0
3980	Q0	42986#0	0
3980	Q0	4032#12	0
3980	Q0	4032#11	0
3981	Q0	32009#0	1
3981	Q0	155083#3	1
3981	Q0	29022#2	1
3981	Q0	324539#3	1
3981	Q0	122997#1	1
3981	Q0	146730#2	1
3981	Q0	363947#0	0
3981	Q0	185054#11	0
3981	Q0	256876#0	0
3981	Q0	227571#2	0
3982	Q0	112998#7	1
3982	Q0	331271#6	1
3982	Q0	234797#12	0
3982	Q0	297684#1	0
3982	Q0	6175#0	0
3982	Q0	12834#0	0
3982	Q0	793#6	0
3982	Q0	234797#9	0
3982	Q0	368816#1	0
3982	Q0	23640#2	0
3983	Q0	8335#9	1
3983	Q0	224343#33	1
3983	Q0	20996#0	1
3983	Q0	3876#2	1
3983	Q0	3876#23	0
3983	Q0	3876#24	0
3983	Q0	3876#1	0
3983	Q0	34497#58	0
3983	Q0	224343#2	0
3983	Q0	255178#0	0
3985	Q0	313563#7	1
3985	Q0	35948#8	1
3985	Q0	6871#2	0
3985	Q0	6871#5	0
3985	Q0	6871#0	0
3985	Q0	6871#6	0
3985	Q0	6871#7	0
3985	Q0	6871#1	0
3985	Q0	313563#6	0
3985	Q0	313563#0	0
3986	Q0	1440791#1	1
3986	Q0	1440791#2	1
3986	Q0	222351#2	0
3986	Q0	213536#0	0
3986	Q0	230839#0	0
3986	Q0	144146#9	0
3986	Q0	188187#0	0
3986	Q0	180383#1	0
3986	Q0	206064#4	0
3986	Q0	178235#6	0
3986	Q0	206119#0	0
3986	Q0	178235#3	0
3987	Q0	16849#1	1
3987	Q0	16849#25	1
3987	Q0	181251#0	1
3987	Q0	197346#0	1
3987	Q0	22117#3	0
3987	Q0	16849#2	0
3987	Q0	105208#0	0
3987	Q0	79075#25	0
3987	Q0	181251#1	0
3987	Q0	76899#26	0
3988	Q0	388063#19	1
3988	Q0	279352#0	1
3988	Q0	328344#0	1
3988	Q0	248322#0	0
3988	Q0	20219#16	0
3988	Q0	141511#3	0
3988	Q0	107487#5	0
3988	Q0	40407#1	0
3988	Q0	285843#8	0
3988	Q0	290103#0	0
3990	Q0	152547#31	1
3990	Q0	152547#30	0
3990	Q0	12058#5	0
3990	Q0	2561306#0	0
3990	Q0	795#2	0
3990	Q0	6881#4	0
3990	Q0	57653#2	0
3990	Q0	308334#1	0
3990	Q0	61029#1	0
3990	Q0	27687#1	0
3993	Q0	352407#1	1
3993	Q0	352407#2	0
3993	Q0	352407#5	0
3993	Q0	352407#8	0
3993	Q0	11430#107	0
3993	Q0	16366#5	0
3993	Q0	2587387#24	0
3993	Q0	3992#5	0
3993	Q0	13202#1	0
3993	Q0	106781#74	0
3993	Q0	2061591#2	0
3993	Q0	2061591#0	0
3994	Q0	275418#0	1
3994	Q0	135377#16	0
3994	Q0	84214#9	0
3994	Q0	135377#5	0
3994	Q0	135377#7	0
3994	Q0	4582#4	0
3994	Q0	135983#0	0
3994	Q0	134670#3	0
3994	Q0	395161#0	0
3994	Q0	11764#52	0
3995	Q0	138345#7	1
3995	Q0	4525#32	1
3995	Q0	4667#1	0
3995	Q0	47220#0	0
3995	Q0	4525#33	0
3995	Q0	49459#0	0
3995	Q0	49881#1	0
3995	Q0	47227#0	0
3995	Q0	109920#0	0
3995	Q0	12216#49	0
3996	Q0	1130#38	1
3996	Q0	318723#4	1
3996	Q0	411674#1	0
3996	Q0	413371#11	0
3996	Q0	180834#1	0
3996	Q0	348831#0	0
3996	Q0	243147#10	0
3996	Q0	3493#75	0
3996	Q0	243147#3	0
3996	Q0	220004#4	0
3999	Q0	12109#18	1
3999	Q0	690#22	1
3999	Q0	690#48	1
3999	Q0	41364#4	1
3999	Q0	71355#4	0
3999	Q0	39843#8	0
3999	Q0	34434#4	0
3999	Q0	6617#23	0
3999	Q0	6617#9	0
3999	Q0	20370#6	0
4000	Q0	206865#3	1
4000	Q0	206864#0	0
4000	Q0	206863#0	0
4000	Q0	202718#4	0
4000	Q0	133431#0	0
4000	Q0	203003#0	0
4000	Q0	374202#0	0
4000	Q0	35306#0	0
4000	Q0	191870#0	0
4000	Q0	202210#0	0
4001	Q0	2569554#0	1
4001	Q0	96971#2	0
4001	Q0	3992#12	0
4001	Q0	233628#2	0
4001	Q0	262321#4	0
4001	Q0	290897#14	0
4001	Q0	375509#1	0
4001	Q0	190349#3	0
4001	Q0	408009#3	0
4001	Q0	149990#23	0
4002	Q0	348590#0	1
4002	Q0	351784#47	0
4002	Q0	351784#7	0
4002	Q0	49049#0	0
4002	Q0	237005#16	0
4002	Q0	254968#11	0
4002	Q0	351784#6	0
4002	Q0	214395#0	0
4002	Q0	308201#28	0
4002	Q0	254968#28	0
4003	Q0	4224#0	1
4003	Q0	90022#3	1
4003	Q0	90037#0	1
4003	Q0	90022#17	0
4003	Q0	90022#6	0
4003	Q0	301331#0	0
4003	Q0	4224#1	0
4003	Q0	301331#6	0
4003	Q0	90037#1	0
4003	Q0	89944#5	0
4004	Q0	21024#8	1
4004	Q0	21024#0	1
4004	Q0	21024#13	1
4004	Q0	21024#16	1
4004	Q0	247232#2	0
4004	Q0	21024#11	0
4004	Q0	21024#9	0
4004	Q0	21024#20	0
4004	Q0	21024#6	0
4004	Q0	21024#15	0
4005	Q0	436242#1	1
4005	Q0	436242#7	1
4005	Q0	436242#0	1
4005	Q0	436242#4	0
4005	Q0	436242#5	0
4005	Q0	436242#3	0
4005	Q0	436242#2	0
4005	Q0	436242#6	0
4005	Q0	3855#9	0
4005	Q0	284356#1	0
4006	Q0	155281#0	1
4006	Q0	4977#4	1
4006	Q0	132962#3	0
4006	Q0	3794#7	0
4006	Q0	48803#2	0
4006	Q0	1058#1	0
4006	Q0	70487#0	0
4006	Q0	5466#4	0
4006	Q0	3942#21	0
4006	Q0	14228#1	0
4007	Q0	4153#10	1
4007	Q0	4149#13	1
4007	Q0	60389#0	1
4007	Q0	19096#22	0
4007	Q0	60383#0	0
4007	Q0	57011#0	0
4007	Q0	56993#1	0
4007	Q0	784#0	0
4007	Q0	64189#0	0
4007	Q0	60421#0	0
4008	Q0	75905#1	1
4008	Q0	75905#22	1
4008	Q0	75905#12	0
4008	Q0	75905#18	0
4008	Q0	75905#19	0
4008	Q0	75905#5	0
4008	Q0	75905#10	0
4008	Q0	75905#16	0
4008	Q0	75905#2	0
4008	Q0	75905#11	0
4009	Q0	248700#0	1
4009	Q0	141574#4	0
4009	Q0	77689#4	0
4009	Q0	3796#25	0
4009	Q0	2551858#4	0
4009	Q0	308334#1	0
4009	Q0	140274#3	0
4009	Q0	61042#4	0
4009	Q0	68164#1	0
4009	Q0	47027#4	0
4011	Q0	391591#11	1
4011	Q0	347191#0	0
4011	Q0	154416#0	0
4011	Q0	26171#0	0
4011	Q0	222317#2	0
4011	Q0	232777#0	0
4011	Q0	140156#67	0
4011	Q0	25730#0	0
4011	Q0	24181#2	0
4011	Q0	84490#13	0
4012	Q0	28726#0	1
4012	Q0	28727#0	1
4012	Q0	28707#0	0
4012	Q0	13065#1	0
4012	Q0	16924#29	0
4012	Q0	16924#3	0
4012	Q0	8341#6	0
4012	Q0	16924#36	0
4012	Q0	255133#0	0
4012	Q0	16924#11	0
4014	Q0	8107#4	1
4014	Q0	40140#0	1
4014	Q0	80812#4	1
4014	Q0	51169#1	1
4014	Q0	40140#8	0
4014	Q0	8107#7	0
4014	Q0	150517#0	0
4014	Q0	51169#21	0
4014	Q0	113855#4	0
4014	Q0	60659#1	0
4016	Q0	10464#4	1
4016	Q0	419388#0	1
4016	Q0	9926#7	1
4016	Q0	49822#21	0
4016	Q0	51013#0	0
4016	Q0	9926#6	0
4016	Q0	9926#2	0
4016	Q0	9926#9	0
4016	Q0	9926#5	0
4016	Q0	237450#1	0
4017	Q0	40860#38	1
4017	Q0	40860#9	1
4017	Q0	60568#44	0
4017	Q0	3039#0	0
4017	Q0	60568#9	0
4017	Q0	60568#2	0
4017	Q0	60568#1	0
4017	Q0	318817#6	0
4017	Q0	60568#6	0
4017	Q0	60568#42	0
4018	Q0	10924#48	1
4018	Q0	10924#3	1
4018	Q0	10924#70	1
4018	Q0	10924#5	1
4018	Q0	3107#50	1
4018	Q0	10924#61	1
4018	Q0	10924#47	0
4018	Q0	127207#8	0
4018	Q0	127207#10	0
4018	Q0	10924#26	0
4018	Q0	10924#66	0
4018	Q0	10924#0	0
4018	Q0	10924#7	0
4018	Q0	10924#35	0
4019	Q0	37008#31	1
4019	Q0	573427#0	1
4019	Q0	18792#2	0
4019	Q0	2954#31	0
4019	Q0	12980#4	0
4019	Q0	152687#3	0
4019	Q0	25727#16	0
4019	Q0	28054#1	0
4019	Q0	425256#2	0
4019	Q0	19460#2	0
4020	Q0	372908#0	1
4020	Q0	349022#1	0
4020	Q0	349022#0	0
4020	Q0	113992#0	0
4020	Q0	80842#0	0
4020	Q0	123996#0	0
4020	Q0	270887#0	0
4020	Q0	308922#0	0
4020	Q0	97504#0	0
4020	Q0	48513#2	0
4021	Q0	211490#29	1
4021	Q0	211490#0	1
4021	Q0	206974#1	1
4021	Q0	16849#0	1
4021	Q0	211490#3	1
4021	Q0	22117#0	1
4021	Q0	22117#2	1
4021	Q0	22117#5	1
4021	Q0	22117#3	1
4021	Q0	22117#1	1
4021	Q0	22117#4	1
4021	Q0	16849#1	0
4021	Q0	211490#8	0
4021	Q0	211490#2	0
4021	Q0	211490#10	0
4021	Q0	105208#0	0
4022	Q0	3282#41	1
4022	Q0	3282#10	1
4022	Q0	3282#7	0
4022	Q0	3282#52	0
4022	Q0	264226#1	0
4022	Q0	838#17	0
4022	Q0	6922#8	0
4022	Q0	39785#0	0
4022	Q0	4653#2	0
4022	Q0	70030#7	0
4023	Q0	8432#5	1
4023	Q0	8432#53	0
4023	Q0	8432#46	0
4023	Q0	8432#42	0
4023	Q0	8432#4	0
4023	Q0	8432#11	0
4023	Q0	8432#8	0
4023	Q0	8432#2	0
4023	Q0	8432#0	0
4023	Q0	8432#52	0
4024	Q0	64362#11	1
4024	Q0	64362#0	1
4024	Q0	245000#0	0
4024	Q0	250979#0	0
4024	Q0	244067#0	0
4024	Q0	64362#1	0
4024	Q0	64362#4	0
4024	Q0	64362#7	0
4024	Q0	251253#0	0
4024	Q0	16769#12	0
4025	Q0	247345#1	1
4025	Q0	34085#8	1
4025	Q0	307060#21	1
4025	Q0	239327#0	0
4025	Q0	331846#23	0
4025	Q0	31706#40	0
4025	Q0	70448#1	0
4025	Q0	13246#1	0
4025	Q0	14153#9	0
4025	Q0	434116#16	0
4027	Q0	304640#1	1
4027	Q0	304640#2	1
4027	Q0	304640#0	1
4027	Q0	304838#0	1
4027	Q0	318368#0	0
4027	Q0	103630#1	0
4027	Q0	103630#13	0
4027	Q0	24510#8	0
4027	Q0	103630#11	0
4027	Q0	303902#4	0
4028	Q0	58128#16	1
4028	Q0	281196#0	1
4028	Q0	22926#2	0
4028	Q0	23699#17	0
4028	Q0	22926#0	0
4028	Q0	264634#1	0
4028	Q0	106125#0	0
4028	Q0	177837#0	0
4028	Q0	385539#2	0
4028	Q0	251866#0	0
4029	Q0	16761#0	1
4029	Q0	21839#13	1
4029	Q0	78768#2	1
4029	Q0	115514#20	0
4029	Q0	279761#161	0
4029	Q0	21839#14	0
4029	Q0	115514#21	0
4029	Q0	7292#0	0
4029	Q0	11896#24	0
4029	Q0	77961#3	0
4033	Q0	219953#0	1
4033	Q0	219953#16	0
4033	Q0	219953#14	0
4033	Q0	219953#5	0
4033	Q0	219953#3	0
4033	Q0	219953#15	0
4033	Q0	219953#11	0
4033	Q0	97326#4	0
4033	Q0	2954#31	0
4033	Q0	378832#1	0
4034	Q0	6871#0	1
4034	Q0	6871#2	0
4034	Q0	11467#3	0
4034	Q0	313563#3	0
4034	Q0	11467#1	0
4034	Q0	120766#6	0
4034	Q0	212368#0	0
4034	Q0	35257#0	0
4034	Q0	257099#2	0
4034	Q0	120766#16	0
4035	Q0	55589#16	1
4035	Q0	65708#0	0
4035	Q0	93814#1	0
4035	Q0	303459#2	0
4035	Q0	111409#10	0
4035	Q0	98152#18	0
4035	Q0	51297#0	0
4035	Q0	214388#2	0
4035	Q0	93814#0	0
4035	Q0	7824#107	0
4036	Q0	196970#14	1
4036	Q0	13260#2	0
4036	Q0	20841#34	0
4036	Q0	25459#97	0
4036	Q0	7824#91	0
4036	Q0	199807#71	0
4036	Q0	30685#22	0
4036	Q0	246716#9	0
4036	Q0	79078#1	0
4036	Q0	40185#8	0
4037	Q0	229463#15	1
4037	Q0	59372#5	1
4037	Q0	59372#3	1
4037	Q0	59372#1	1
4037	Q0	59372#2	0
4037	Q0	59372#7	0
4037	Q0	434116#30	0
4037	Q0	6207#24	0
4037	Q0	265666#7	0
4037	Q0	218591#0	0
4037	Q0	72717#43	0
4037	Q0	246595#5	0
4037	Q0	59372#0	0
4038	Q0	19089#0	1
4038	Q0	261388#2	1
4038	Q0	261388#19	1
4038	Q0	152472#5	0
4038	Q0	47244#0	0
4038	Q0	21078#1	0
4038	Q0	14646#4	0
4038	Q0	18637#1	0
4038	Q0	121784#0	0
4038	Q0	23420#6	0
4039	Q0	10924#12	1
4039	Q0	10924#11	1
4039	Q0	10924#0	1
4039	Q0	3107#50	1
4039	Q0	10924#7	1
4039	Q0	10924#35	1
4039	Q0	10924#61	1
4039	Q0	10924#2	0
4039	Q0	10924#17	0
4039	Q0	6276#8	0
4039	Q0	10924#14	0
4039	Q0	10924#69	0
4039	Q0	10924#3	0
4040	Q0	66947#10	1
4040	Q0	8816#4	0
4040	Q0	66947#8	0
4040	Q0	81711#7	0
4040	Q0	3164#23	0
4040	Q0	2640455#9	0
4040	Q0	3235#11	0
4040	Q0	357656#0	0
4040	Q0	40803#5	0
4040	Q0	408102#1	0
4041	Q0	7903#0	1
4041	Q0	326201#0	1
4041	Q0	326211#0	0
4041	Q0	7903#18	0
4041	Q0	7903#26	0
4041	Q0	7903#10	0
4041	Q0	7903#11	0
4041	Q0	7903#6	0
4041	Q0	26#6	0
4041	Q0	145800#6	0
4042	Q0	340199#9	1
4042	Q0	340199#0	1
4042	Q0	340199#5	1
4042	Q0	340199#1	1
4042	Q0	340199#8	1
4042	Q0	340199#2	1
4042	Q0	340199#7	1
4042	Q0	340199#10	0
4042	Q0	340199#3	0
4042	Q0	52#29	0
4043	Q0	13522#17	1
4043	Q0	13522#1	1
4043	Q0	13522#0	1
4043	Q0	336691#3	0
4043	Q0	305261#0	0
4043	Q0	18519#2	0
4043	Q0	13522#8	0
4043	Q0	221941#0	0
4043	Q0	264261#0	0
4043	Q0	320304#1	0
4044	Q0	690#36	1
4044	Q0	690#46	1
4044	Q0	690#1	1
4044	Q0	690#69	1
4044	Q0	71011#4	0
4044	Q0	690#38	0
4044	Q0	6372#4	0
4044	Q0	48549#2	0
4044	Q0	690#4	0
4044	Q0	709#57	0
4045	Q0	2695907#2	1
4045	Q0	2695907#1	1
4045	Q0	2695907#0	1
4045	Q0	2695907#5	1
4045	Q0	2695907#3	1
4045	Q0	12667#19	0
4045	Q0	287440#0	0
4045	Q0	29471#11	0
4045	Q0	1018#15	0
4045	Q0	226434#0	0
4045	Q0	92512#0	0
4045	Q0	81282#0	0
4045	Q0	382016#2	0
4045	Q0	11496#63	0
4045	Q0	2695907#4	0
4047	Q0	101003#0	1
4047	Q0	19463#13	1
4047	Q0	101186#0	0
4047	Q0	325326#0	0
4047	Q0	210324#41	0
4047	Q0	4449#6	0
4047	Q0	4448#5	0
4047	Q0	222253#9	0
4047	Q0	19463#31	0
4047	Q0	19463#0	0
4048	Q0	17117#2	1
4048	Q0	17117#1	1
4048	Q0	17117#6	1
4048	Q0	17117#7	0
4048	Q0	17117#4	0
4048	Q0	17117#3	0
4048	Q0	284878#2	0
4048	Q0	145189#1	0
4048	Q0	2734#13	0
4048	Q0	347443#1	0
4049	Q0	316719#4	1
4049	Q0	4666#0	1
4049	Q0	703#1	1
4049	Q0	97710#0	1
4049	Q0	64322#0	0
4049	Q0	49976#0	0
4049	Q0	14627#3	0
4049	Q0	14316#7	0
4049	Q0	53090#1	0
4049	Q0	316719#1	0
4050	Q0	426087#4	1
4050	Q0	68#12	0
4050	Q0	55429#0	0
4050	Q0	202888#1	0
4050	Q0	41233#0	0
4050	Q0	20744#0	0
4050	Q0	42902#1	0
4050	Q0	15305#5	0
4050	Q0	298272#7	0
4050	Q0	68079#0	0
4051	Q0	2934#4	1
4051	Q0	13141#9	1
4051	Q0	294802#1	0
4051	Q0	13109#8	0
4051	Q0	142100#2	0
4051	Q0	15489#1	0
4051	Q0	32075#3	0
4051	Q0	3230#0	0
4051	Q0	25937#0	0
4051	Q0	25936#0	0
4052	Q0	3076#10	1
4052	Q0	132836#0	1
4052	Q0	3385#9	1
4052	Q0	3076#0	1
4052	Q0	14803#7	0
4052	Q0	10627#46	0
4052	Q0	14226#0	0
4052	Q0	62779#0	0
4052	Q0	227666#0	0
4052	Q0	227666#4	0
4053	Q0	7349#14	1
4053	Q0	7349#15	1
4053	Q0	7349#8	1
4053	Q0	7349#0	1
4053	Q0	7349#1	1
4053	Q0	7349#9	0
4053	Q0	7349#13	0
4053	Q0	7349#7	0
4053	Q0	7349#16	0
4053	Q0	7349#11	0
4054	Q0	6769#1	1
4054	Q0	6769#0	1
4054	Q0	6212#5	1
4054	Q0	83#14	0
4054	Q0	303288#20	0
4054	Q0	6769#4	0
4054	Q0	10793#17	0
4054	Q0	11612#12	0
4054	Q0	8401#6	0
4054	Q0	251955#1	0
4055	Q0	30368#1	1
4055	Q0	30368#2	1
4055	Q0	152301#3	0
4055	Q0	152301#6	0
4055	Q0	152301#4	0
4055	Q0	152301#1	0
4055	Q0	24870#0	0
4055	Q0	152301#7	0
4055	Q0	30369#1	0
4055	Q0	152301#5	0
4056	Q0	33176#80	1
4056	Q0	308201#12	1
4056	Q0	12561#1	1
4056	Q0	56174#12	0
4056	Q0	12561#42	0
4056	Q0	254971#3	0
4056	Q0	252481#0	0
4056	Q0	6342#4	0
4056	Q0	274691#1	0
4056	Q0	75184#0	0
4060	Q0	306223#13	1
4060	Q0	19003#29	1
4060	Q0	19003#23	1
4060	Q0	28278#0	0
4060	Q0	306223#10	0
4060	Q0	19003#25	0
4060	Q0	44#43	0
4060	Q0	6135#0	0
4060	Q0	5605#17	0
4060	Q0	282135#8	0
4061	Q0	15273#4	1
4061	Q0	11356#0	0
4061	Q0	11356#1	0
4061	Q0	46600#17	0
4061	Q0	11356#6	0
4061	Q0	11356#7	0
4061	Q0	46600#4	0
4061	Q0	56069#0	0
4061	Q0	75541#0	0
4061	Q0	11356#2	0
4062	Q0	11285#7	1
4062	Q0	11285#1	1
4062	Q0	11285#5	1
4062	Q0	11285#3	1
4062	Q0	11285#0	1
4062	Q0	11285#13	0
4062	Q0	11285#14	0
4062	Q0	11285#9	0
4062	Q0	11285#6	0
4062	Q0	11285#46	0
4063	Q0	48658#0	1
4063	Q0	48658#1	1
4063	Q0	135513#0	0
4063	Q0	153811#4	0
4063	Q0	219677#2	0
4063	Q0	270286#0	0
4063	Q0	353217#4	0
4063	Q0	3224#3	0
4063	Q0	227785#1	0
4063	Q0	219677#6	0
4064	Q0	269638#0	1
4064	Q0	26065#0	1
4064	Q0	122844#0	1
4064	Q0	362457#0	1
4064	Q0	2980#2	0
4064	Q0	269638#5	0
4064	Q0	26065#4	0
4064	Q0	45291#26	0
4064	Q0	122957#0	0
4064	Q0	123053#0	0
4065	Q0	3720#28	1
4065	Q0	6276#65	1
4065	Q0	3720#16	1
4065	Q0	3720#1	1
4065	Q0	3720#2	1
4065	Q0	3720#0	0
4065	Q0	3720#26	0
4065	Q0	10924#2	0
4065	Q0	60943#46	0
4065	Q0	62101#4	0
4066	Q0	6643#0	1
4066	Q0	6643#2	1
4066	Q0	6643#1	1
4066	Q0	66111#0	0
4066	Q0	4474#0	0
4066	Q0	66111#3	0
4066	Q0	66111#1	0
4066	Q0	382343#2	0
4066	Q0	3628#35	0
4066	Q0	66111#2	0
4067	Q0	25998#11	1
4067	Q0	25998#4	1
4067	Q0	25998#8	1
4067	Q0	25998#5	1
4067	Q0	25998#2	1
4067	Q0	25998#7	1
4067	Q0	25998#9	0
4067	Q0	25998#1	0
4067	Q0	25998#0	0
4067	Q0	25998#18	0
4067	Q0	25998#15	0
4067	Q0	25998#6	0
4067	Q0	25998#16	0
4068	Q0	52799#11	1
4068	Q0	52799#7	1
4068	Q0	52799#0	1
4068	Q0	52799#4	0
4068	Q0	52799#2	0
4068	Q0	52799#1	0
4068	Q0	52799#6	0
4068	Q0	135067#0	0
4068	Q0	52799#3	0
4068	Q0	52799#8	0
4070	Q0	342629#12	1
4070	Q0	342629#7	1
4070	Q0	77325#0	1
4070	Q0	77409#0	1
4070	Q0	342629#6	0
4070	Q0	77409#2	0
4070	Q0	342629#8	0
4070	Q0	77325#2	0
4070	Q0	342549#38	0
4070	Q0	99116#4	0
4071	Q0	11956#6	1
4071	Q0	11956#8	1
4071	Q0	11956#7	1
4071	Q0	65099#0	0
4071	Q0	11956#9	0
4071	Q0	11956#0	0
4071	Q0	21030#10	0
4071	Q0	65106#0	0
4071	Q0	16797#8	0
4071	Q0	65109#0	0
4072	Q0	292514#18	1
4072	Q0	292514#5	1
4072	Q0	252075#6	1
4072	Q0	156273#1	0
4072	Q0	352407#20	0
4072	Q0	292514#22	0
4072	Q0	352407#17	0
4072	Q0	315035#0	0
4072	Q0	115333#2	0
4072	Q0	218556#26	0
4073	Q0	17051#5	1
4073	Q0	17051#1	1
4073	Q0	45569#38	0
4073	Q0	45569#27	0
4073	Q0	45569#7	0
4073	Q0	45569#16	0
4073	Q0	45569#25	0
4073	Q0	45569#35	0
4073	Q0	45569#47	0
4073	Q0	45569#40	0
4074	Q0	138484#9	1
4074	Q0	138484#8	1
4074	Q0	138484#6	1
4074	Q0	138484#0	1
4074	Q0	138484#7	0
4074	Q0	138484#5	0
4074	Q0	138484#4	0
4074	Q0	138484#3	0
4074	Q0	152482#2	0
4074	Q0	151303#8	0
4075	Q0	22924#53	1
4075	Q0	22924#65	1
4075	Q0	23699#24	1
4075	Q0	441394#3	0
4075	Q0	22924#69	0
4075	Q0	22924#37	0
4075	Q0	22924#2	0
4075	Q0	22924#17	0
4075	Q0	223118#0	0
4075	Q0	22924#32	0
4076	Q0	3468#1	1
4076	Q0	4932#0	1
4076	Q0	4759#12	1
4076	Q0	112500#5	0
4076	Q0	46802#0	0
4076	Q0	4792#0	0
4076	Q0	4781#0	0
4076	Q0	141438#0	0
4076	Q0	3468#0	0
4076	Q0	4776#0	0
4077	Q0	123922#5	1
4077	Q0	123922#4	1
4077	Q0	67832#38	1
4077	Q0	123922#6	0
4077	Q0	4798#5	0
4077	Q0	123922#7	0
4077	Q0	84438#48	0
4077	Q0	118345#5	0
4077	Q0	3107#1	0
4077	Q0	83770#1	0
4080	Q0	37148#15	1
4080	Q0	37148#2	1
4080	Q0	110269#0	1
4080	Q0	37148#10	0
4080	Q0	37148#1	0
4080	Q0	37148#14	0
4080	Q0	37148#4	0
4080	Q0	334776#0	0
4080	Q0	37148#11	0
4080	Q0	206709#1	0
4081	Q0	46479#0	1
4081	Q0	46479#8	0
4081	Q0	46479#3	0
4081	Q0	46479#10	0
4081	Q0	46479#5	0
4081	Q0	46479#4	0
4081	Q0	46479#13	0
4081	Q0	46479#15	0
4081	Q0	46479#14	0
4081	Q0	46479#7	0
4082	Q0	72424#1	1
4082	Q0	43737#25	1
4082	Q0	29654#6	1
4082	Q0	847#7	0
4082	Q0	246593#7	0
4082	Q0	246593#0	0
4082	Q0	246597#0	0
4082	Q0	3204#11	0
4082	Q0	246593#4	0
4082	Q0	261766#1	0
4083	Q0	183394#0	1
4083	Q0	10944#4	0
4083	Q0	195969#2	0
4083	Q0	196438#0	0
4083	Q0	195969#1	0
4083	Q0	10944#10	0
4083	Q0	183394#1	0
4083	Q0	183454#0	0
4083	Q0	10944#8	0
4083	Q0	10944#6	0
4084	Q0	21873#0	1
4084	Q0	209340#0	1
4084	Q0	21873#15	1
4084	Q0	21873#13	1
4084	Q0	150238#0	1
4084	Q0	21873#9	1
4084	Q0	21873#6	1
4084	Q0	57328#0	1
4084	Q0	21873#7	1
4084	Q0	57330#0	1
4085	Q0	64189#0	1
4085	Q0	4153#14	1
4085	Q0	4153#6	1
4085	Q0	199596#0	1
4085	Q0	36213#0	0
4085	Q0	56998#0	0
4085	Q0	13055#0	0
4085	Q0	72683#1	0
4085	Q0	225263#1	0
4085	Q0	784#0	0
4086	Q0	293573#20	1
4086	Q0	269299#8	1
4086	Q0	14943#11	1
4086	Q0	228762#0	0
4086	Q0	9547#68	0
4086	Q0	265216#1	0
4086	Q0	442649#0	0
4086	Q0	442486#3	0
4086	Q0	32597#7	0
4086	Q0	119541#0	0
4087	Q0	14323#0	1
4087	Q0	293433#0	1
4087	Q0	14325#0	1
4087	Q0	33176#9	0
4087	Q0	4472#10	0
4087	Q0	55388#4	0
4087	Q0	331170#0	0
4087	Q0	14325#9	0
4087	Q0	312804#1	0
4087	Q0	92141#11	0
4088	Q0	146698#7	1
4088	Q0	241102#10	1
4088	Q0	198497#1	1
4088	Q0	236249#10	0
4088	Q0	198497#7	0
4088	Q0	406653#6	0
4088	Q0	198497#11	0
4088	Q0	371796#4	0
4088	Q0	147490#3	0
4088	Q0	241102#8	0
4089	Q0	20774#1	1
4089	Q0	4106#17	1
4089	Q0	54020#9	1
4089	Q0	20404#1	1
4089	Q0	27508#0	0
4089	Q0	20774#0	0
4089	Q0	25735#0	0
4089	Q0	4134#13	0
4089	Q0	23706#2	0
4089	Q0	4106#19	0
4090	Q0	1041#8	1
4090	Q0	21050#3	1
4090	Q0	23630#0	1
4090	Q0	1101#22	1
4090	Q0	1041#1	0
4090	Q0	15556#12	0
4090	Q0	81865#0	0
4090	Q0	57412#0	0
4090	Q0	28882#0	0
4090	Q0	255802#0	0
4091	Q0	79954#6	1
4091	Q0	79954#5	1
4091	Q0	74249#38	1
4091	Q0	98776#4	1
4091	Q0	76720#1	1
4091	Q0	14458#49	0
4091	Q0	102583#0	0
4091	Q0	14458#3	0
4091	Q0	242689#58	0
4091	Q0	432296#0	0
4093	Q0	16386#9	1
4093	Q0	104825#1	0
4093	Q0	61381#78	0
4093	Q0	142824#1	0
4093	Q0	294825#10	0
4093	Q0	218211#33	0
4093	Q0	108788#23	0
4093	Q0	141166#9	0
4093	Q0	266999#48	0
4093	Q0	22530#28	0
4095	Q0	57986#0	1
4095	Q0	57986#2	1
4095	Q0	57986#29	1
4095	Q0	57986#12	1
4095	Q0	57986#45	0
4095	Q0	74478#6	0
4095	Q0	50#15	0
4095	Q0	142981#4	0
4095	Q0	278434#12	0
4095	Q0	280059#4	0
4096	Q0	288065#13	1
4096	Q0	1160732#3	1
4096	Q0	63073#6	0
4096	Q0	14206#7	0
4096	Q0	383322#0	0
4096	Q0	340345#15	0
4096	Q0	2654#1	0
4096	Q0	9588#45	0
4096	Q0	49586#3	0
4096	Q0	6153#56	0
4097	Q0	122549#0	1
4097	Q0	33480#1	1
4097	Q0	109151#3	1
4097	Q0	27857#0	1
4097	Q0	63762#12	0
4097	Q0	9#14	0
4097	Q0	63762#11	0
4097	Q0	243845#2	0
4097	Q0	33480#4	0
4097	Q0	53692#1	0
4098	Q0	697#8	1
4098	Q0	45540#45	1
4098	Q0	242607#1	1
4098	Q0	23906#105	0
4098	Q0	23906#109	0
4098	Q0	4421#16	0
4098	Q0	141166#1	0
4098	Q0	23906#110	0
4098	Q0	243472#5	0
4098	Q0	50327#0	0
4099	Q0	1135#54	1
4099	Q0	708#22	1
4099	Q0	1135#53	1
4099	Q0	708#28	1
4099	Q0	1135#76	0
4099	Q0	708#39	0
4099	Q0	315436#0	0
4099	Q0	1135#61	0
4099	Q0	1135#0	0
4099	Q0	139124#4	0
4101	Q0	78176#10	1
4101	Q0	231827#3	1
4101	Q0	231827#0	1
4101	Q0	231827#6	1
4101	Q0	43#12	0
4101	Q0	149991#18	0
4101	Q0	231827#13	0
4101	Q0	231827#1	0
4101	Q0	78176#5	0
4101	Q0	231827#12	0
4102	Q0	3116#15	1
4102	Q0	119162#2	1
4102	Q0	119544#3	1
4102	Q0	3116#5	0
4102	Q0	11602#5	0
4102	Q0	442028#1	0
4102	Q0	96850#28	0
4102	Q0	3116#2	0
4102	Q0	442028#5	0
4102	Q0	358201#4	0
4103	Q0	279298#5	1
4103	Q0	242756#3	1
4103	Q0	4734#0	1
4103	Q0	4732#2	1
4103	Q0	4740#0	0
4103	Q0	9550#0	0
4103	Q0	4697#0	0
4103	Q0	169981#0	0
4103	Q0	4533#59	0
4103	Q0	13251#7	0
4104	Q0	76856#4	1
4104	Q0	21873#18	0
4104	Q0	178399#0	0
4104	Q0	76856#20	0
4104	Q0	59879#0	0
4104	Q0	226964#0	0
4104	Q0	130167#0	0
4104	Q0	130167#11	0
4104	Q0	204278#1	0
4104	Q0	130167#7	0
4108	Q0	6207#0	1
4108	Q0	6208#17	1
4108	Q0	6208#0	1
4108	Q0	52#2	0
4108	Q0	6207#10	0
4108	Q0	75840#0	0
4108	Q0	11415#0	0
4108	Q0	4188#2	0
4108	Q0	11413#10	0
4108	Q0	11012#33	0
4109	Q0	403871#6	1
4109	Q0	69008#12	1
4109	Q0	379734#0	1
4109	Q0	379734#2	0
4109	Q0	379734#1	0
4109	Q0	199278#0	0
4109	Q0	17382#8	0
4109	Q0	395250#12	0
4109	Q0	69008#26	0
4109	Q0	188113#3	0
4110	Q0	14747#0	1
4110	Q0	14747#2	1
4110	Q0	14745#3	1
4110	Q0	14747#12	0
4110	Q0	14747#5	0
4110	Q0	14747#3	0
4110	Q0	14747#14	0
4110	Q0	14747#7	0
4110	Q0	14747#10	0
4110	Q0	14747#4	0
4113	Q0	57358#0	1
4113	Q0	26661#6	1
4113	Q0	8462#5	1
4113	Q0	57358#4	0
4113	Q0	57358#1	0
4113	Q0	57358#15	0
4113	Q0	57358#3	0
4113	Q0	57358#24	0
4113	Q0	57358#7	0
4113	Q0	26661#5	0
4115	Q0	258296#0	1
4115	Q0	346896#58	1
4115	Q0	4650#1	0
4115	Q0	18612#21	0
4115	Q0	79278#0	0
4115	Q0	18743#0	0
4115	Q0	6363#0	0
4115	Q0	69174#0	0
4115	Q0	60008#7	0
4115	Q0	60008#9	0
4117	Q0	709#65	1
4117	Q0	45788#11	1
4117	Q0	709#58	1
4117	Q0	709#57	0
4117	Q0	45788#6	0
4117	Q0	709#0	0
4117	Q0	709#48	0
4117	Q0	709#22	0
4117	Q0	709#15	0
4117	Q0	35368#0	0
4119	Q0	76368#0	1
4119	Q0	15424#12	1
4119	Q0	52410#21	1
4119	Q0	69#0	0
4119	Q0	364720#0	0
4119	Q0	39728#1	0
4119	Q0	91716#7	0
4119	Q0	15424#28	0
4119	Q0	15398#4	0
4119	Q0	134712#5	0
4120	Q0	127207#24	1
4120	Q0	16157#3	1
4120	Q0	127207#12	1
4120	Q0	3108#0	0
4120	Q0	145173#1	0
4120	Q0	16676#0	0
4120	Q0	20137#2	0
4120	Q0	127207#13	0
4120	Q0	2929#0	0
4120	Q0	127207#4	0
4121	Q0	46222#2	1
4121	Q0	8739#9	0
4121	Q0	46222#10	0
4121	Q0	46222#6	0
4121	Q0	318212#10	0
4121	Q0	318212#0	0
4121	Q0	8739#8	0
4121	Q0	46222#19	0
4121	Q0	46222#20	0
4121	Q0	439255#1	0
4122	Q0	38973#1	1
4122	Q0	386489#0	1
4122	Q0	114484#0	1
4122	Q0	6908#5	0
4122	Q0	38973#5	0
4122	Q0	38973#9	0
4122	Q0	204500#0	0
4122	Q0	92347#1	0
4122	Q0	36327#0	0
4122	Q0	38973#6	0
4124	Q0	44870#7	1
4124	Q0	25942#0	1
4124	Q0	44870#6	0
4124	Q0	44961#0	0
4124	Q0	5598#8	0
4124	Q0	168154#3	0
4124	Q0	44961#5	0
4124	Q0	25942#18	0
4124	Q0	44870#0	0
4124	Q0	25942#13	0
4125	Q0	283575#2	1
4125	Q0	96952#16	1
4125	Q0	3324#10	0
4125	Q0	262962#14	0
4125	Q0	2345510#4	0
4125	Q0	203285#14	0
4125	Q0	320382#4	0
4125	Q0	29587#9	0
4125	Q0	86346#1	0
4125	Q0	216897#0	0
4126	Q0	78#0	1
4126	Q0	154470#1	1
4126	Q0	3920#0	0
4126	Q0	235120#1	0
4126	Q0	3363#1	0
4126	Q0	81282#0	0
4126	Q0	71170#0	0
4126	Q0	181104#4	0
4126	Q0	5110#0	0
4126	Q0	307741#0	0
4127	Q0	16233#3	1
4127	Q0	16233#6	0
4127	Q0	22264#9	0
4127	Q0	78230#7	0
4127	Q0	329850#0	0
4127	Q0	16233#5	0
4127	Q0	78230#1	0
4127	Q0	205324#0	0
4127	Q0	16233#0	0
4127	Q0	31915#11	0
4128	Q0	42783#0	1
4128	Q0	42783#3	1
4128	Q0	42783#6	1
4128	Q0	92458#0	1
4128	Q0	42783#21	0
4128	Q0	42786#10	0
4128	Q0	42783#20	0
4128	Q0	42783#8	0
4128	Q0	42783#25	0
4128	Q0	42783#35	0
4130	Q0	131039#20	1
4130	Q0	22428#0	0
4130	Q0	305753#3	0
4130	Q0	16769#6	0
4130	Q0	257982#0	0
4130	Q0	329808#0	0
4130	Q0	279400#1	0
4130	Q0	16769#0	0
4130	Q0	132991#7	0
4130	Q0	200907#0	0
4132	Q0	3438#0	1
4132	Q0	50812#0	1
4132	Q0	329860#0	1
4132	Q0	2504295#0	1
4132	Q0	2504295#1	1
4132	Q0	4653#4	0
4132	Q0	4121#19	0
4132	Q0	3766#25	0
4132	Q0	106896#5	0
4132	Q0	3771#20	0
4132	Q0	43399#1	0
4132	Q0	169811#1	0
4134	Q0	42733#60	1
4134	Q0	42733#7	1
4134	Q0	42733#9	1
4134	Q0	42733#0	1
4134	Q0	42733#45	1
4134	Q0	42733#44	0
4134	Q0	42733#4	0
4134	Q0	42733#6	0
4134	Q0	42733#24	0
4134	Q0	42733#8	0
4135	Q0	178012#0	1
4135	Q0	178012#1	1
4135	Q0	81282#0	0
4135	Q0	3302#21	0
4135	Q0	32801#0	0
4135	Q0	195604#31	0
4135	Q0	84608#0	0
4135	Q0	266083#1	0
4135	Q0	73875#1	0
4135	Q0	431050#0	0
4138	Q0	997431#3	1
4138	Q0	997431#7	1
4138	Q0	997431#6	1
4138	Q0	427625#1	0
4138	Q0	90509#0	0
4138	Q0	4024#3	0
4138	Q0	4022#4	0
4138	Q0	8963#0	0
4138	Q0	4242#2	0
4138	Q0	68#12	0
4138	Q0	4461#6	0
4138	Q0	6208#17	0
4138	Q0	3971#0	0
4138	Q0	997431#8	0
4139	Q0	4407#10	1
4139	Q0	4407#18	1
4139	Q0	4407#11	1
4139	Q0	119442#0	1
4139	Q0	4407#24	0
4139	Q0	4407#25	0
4139	Q0	119437#0	0
4139	Q0	4407#21	0
4139	Q0	4413#74	0
4139	Q0	119444#0	0
4142	Q0	369040#11	1
4142	Q0	19978#0	1
4142	Q0	110166#0	1
4142	Q0	18450#1	1
4142	Q0	110151#6	1
4142	Q0	110151#4	1
4142	Q0	110151#3	1
4142	Q0	110151#0	1
4142	Q0	190638#0	0
4142	Q0	183589#0	0
4142	Q0	331278#1	0
4142	Q0	110166#1	0
4142	Q0	378350#0	0
4142	Q0	110155#2	0
4143	Q0	3203#6	1
4143	Q0	229312#4	0
4143	Q0	2645#15	0
4143	Q0	252489#0	0
4143	Q0	401200#5	0
4143	Q0	11292#85	0
4143	Q0	17051#18	0
4143	Q0	14028#14	0
4143	Q0	127590#8	0
4143	Q0	133002#1	0
4143	Q0	45569#2	0
4143	Q0	3203#11	0
4143	Q0	3203#12	0
4143	Q0	3203#7	0
4144	Q0	358469#0	1
4144	Q0	358469#42	1
4144	Q0	358469#2	0
4144	Q0	358469#37	0
4144	Q0	358469#36	0
4144	Q0	358469#15	0
4144	Q0	345125#0	0
4144	Q0	358469#13	0
4144	Q0	358469#8	0
4144	Q0	358469#11	0
4146	Q0	430140#18	1
4146	Q0	430140#4	1
4146	Q0	123052#5	1
4146	Q0	430140#2	0
4146	Q0	251853#13	0
4146	Q0	857#2	0
4146	Q0	430140#9	0
4146	Q0	37722#11	0
4146	Q0	12561#29	0
4146	Q0	263601#64	0
4149	Q0	2696285#0	1
4149	Q0	2699342#0	1
4149	Q0	178125#2	0
4149	Q0	211490#75	0
4149	Q0	197771#0	0
4149	Q0	152687#12	0
4149	Q0	3803#9	0
4149	Q0	110135#0	0
4149	Q0	300886#14	0
4149	Q0	146169#13	0
4152	Q0	226472#9	1
4152	Q0	176512#0	0
4152	Q0	176512#3	0
4152	Q0	101313#16	0
4152	Q0	127449#85	0
4152	Q0	33#15	0
4152	Q0	226472#2	0
4152	Q0	3107#9	0
4152	Q0	15662#11	0
4152	Q0	250544#28	0
4153	Q0	3720#0	1
4153	Q0	61759#48	1
4153	Q0	2739#5	0
4153	Q0	6276#48	0
4153	Q0	6276#9	0
4153	Q0	3109#34	0
4153	Q0	6276#19	0
4153	Q0	16733#0	0
4153	Q0	62101#4	0
4153	Q0	325369#5	0
4154	Q0	24055#5	1
4154	Q0	125759#0	1
4154	Q0	373673#6	1
4154	Q0	170794#0	0
4154	Q0	39126#0	0
4154	Q0	125759#6	0
4154	Q0	838#17	0
4154	Q0	2673142#7	0
4154	Q0	282476#0	0
4154	Q0	278027#2	0
4157	Q0	38973#5	1
4157	Q0	6908#5	1
4157	Q0	38973#0	1
4157	Q0	38973#10	1
4157	Q0	38973#9	0
4157	Q0	38973#2	0
4157	Q0	38973#1	0
4157	Q0	27621#4	0
4157	Q0	5431#55	0
4157	Q0	6908#2	0
4157	Q0	21731#0	0
4157	Q0	13991#76	0
4158	Q0	2717#0	1
4158	Q0	78523#0	1
4158	Q0	53435#0	0
4158	Q0	78046#0	0
4158	Q0	77729#0	0
4158	Q0	80244#0	0
4158	Q0	80252#0	0
4158	Q0	79921#0	0
4158	Q0	10473#0	0
4158	Q0	79826#0	0
4159	Q0	18706#0	1
4159	Q0	175969#10	0
4159	Q0	85928#0	0
4159	Q0	175969#18	0
4159	Q0	37843#19	0
4159	Q0	246373#0	0
4159	Q0	323410#0	0
4159	Q0	371815#0	0
4159	Q0	213936#0	0
4159	Q0	203459#0	0
4160	Q0	13157#5	1
4160	Q0	8432#4	1
4160	Q0	13157#16	0
4160	Q0	8432#5	0
4160	Q0	13157#7	0
4160	Q0	13157#15	0
4160	Q0	8432#11	0
4160	Q0	356456#0	0
4160	Q0	8432#7	0
4160	Q0	387265#0	0
4162	Q0	385780#37	1
4162	Q0	10627#54	1
4162	Q0	232352#24	1
4162	Q0	10627#37	0
4162	Q0	212396#0	0
4162	Q0	400758#15	0
4162	Q0	14920#5	0
4162	Q0	19653#25	0
4162	Q0	133640#0	0
4162	Q0	838#17	0
4163	Q0	70280#10	1
4163	Q0	3468#0	1
4163	Q0	121654#3	0
4163	Q0	173303#1	0
4163	Q0	275598#0	0
4163	Q0	248813#1	0
4163	Q0	388682#0	0
4163	Q0	211490#1	0
4163	Q0	112877#9	0
4163	Q0	379906#0	0
4164	Q0	76374#2	1
4164	Q0	76374#0	0
4164	Q0	76374#19	0
4164	Q0	76374#3	0
4164	Q0	76374#12	0
4164	Q0	76374#36	0
4164	Q0	76374#4	0
4164	Q0	76374#53	0
4164	Q0	76374#52	0
4164	Q0	76374#35	0
4167	Q0	46919#0	1
4167	Q0	75156#0	1
4167	Q0	267525#0	1
4167	Q0	110754#0	0
4167	Q0	110746#0	0
4167	Q0	38166#0	0
4167	Q0	82013#1	0
4167	Q0	49318#0	0
4167	Q0	227742#5	0
4167	Q0	3516#1	0
4172	Q0	6076#16	1
4172	Q0	7055#31	1
4172	Q0	36761#6	1
4172	Q0	246306#10	0
4172	Q0	6076#52	0
4172	Q0	36761#2	0
4172	Q0	7071#7	0
4172	Q0	42762#2	0
4172	Q0	6076#38	0
4172	Q0	6076#19	0
4173	Q0	18108#4	1
4173	Q0	18108#2	0
4173	Q0	18108#7	0
4173	Q0	18108#6	0
4173	Q0	247416#0	0
4173	Q0	18108#0	0
4173	Q0	34956#1	0
4173	Q0	18108#1	0
4173	Q0	1101#13	0
4173	Q0	254971#9	0
4174	Q0	13263#139	1
4174	Q0	9179#46	1
4174	Q0	13263#2	1
4174	Q0	13263#133	1
4174	Q0	13263#135	0
4174	Q0	243864#98	0
4174	Q0	13263#1	0
4174	Q0	33176#157	0
4174	Q0	103179#3	0
4174	Q0	240868#7	0
4175	Q0	11896#19	1
4175	Q0	971194#2	1
4175	Q0	26235#1	0
4175	Q0	3806#8	0
4175	Q0	81282#0	0
4175	Q0	226434#0	0
4175	Q0	157096#1	0
4175	Q0	84608#0	0
4175	Q0	29955#8	0
4175	Q0	340491#3	0
4178	Q0	254968#0	1
4178	Q0	254968#9	1
4178	Q0	254968#13	1
4178	Q0	77789#8	0
4178	Q0	254968#45	0
4178	Q0	147299#0	0
4178	Q0	604468#0	0
4178	Q0	3992#5	0
4178	Q0	30275#1	0
4178	Q0	291923#1	0
4179	Q0	4266#1	1
4179	Q0	4266#16	1
4179	Q0	51137#0	1
4179	Q0	202978#0	1
4179	Q0	4265#0	0
4179	Q0	4266#14	0
4179	Q0	35221#0	0
4179	Q0	4268#0	0
4179	Q0	4266#0	0
4179	Q0	32706#0	0
4182	Q0	111005#0	1
4182	Q0	398718#0	1
4182	Q0	399042#0	1
4182	Q0	108788#1	1
4182	Q0	58557#4	0
4182	Q0	58577#0	0
4182	Q0	4059#12	0
4182	Q0	108896#9	0
4182	Q0	108796#0	0
4182	Q0	399040#0	0
4187	Q0	153687#0	1
4187	Q0	59156#2	0
4187	Q0	25016#1	0
4187	Q0	21873#15	0
4187	Q0	153153#0	0
4187	Q0	25016#0	0
4187	Q0	21873#13	0
4187	Q0	153098#18	0
4187	Q0	21873#17	0
4187	Q0	59879#0	0
4188	Q0	266429#0	1
4188	Q0	60463#3	1
4188	Q0	60463#9	1
4188	Q0	60463#10	0
4188	Q0	17048#1	0
4188	Q0	60463#11	0
4188	Q0	60463#0	0
4188	Q0	14799#0	0
4188	Q0	60463#5	0
4188	Q0	60463#7	0
4189	Q0	4090#20	1
4189	Q0	4090#2	1
4189	Q0	135085#0	0
4189	Q0	134906#3	0
4189	Q0	4090#27	0
4189	Q0	4090#34	0
4189	Q0	4090#36	0
4189	Q0	135124#2	0
4189	Q0	4090#1	0
4189	Q0	4090#4	0
4190	Q0	258648#0	1
4190	Q0	258648#1	1
4190	Q0	1026#28	0
4190	Q0	1026#25	0
4190	Q0	1026#24	0
4190	Q0	4650#2	0
4190	Q0	14059#1	0
4190	Q0	4642#0	0
4190	Q0	68975#2	0
4190	Q0	389420#1	0
4191	Q0	22934#0	1
4191	Q0	23699#31	1
4191	Q0	65579#0	1
4191	Q0	11535#12	1
4191	Q0	66677#7	1
4191	Q0	25761#24	0
4191	Q0	64608#5	0
4191	Q0	22931#2	0
4191	Q0	8308#5	0
4191	Q0	65589#0	0
4192	Q0	22926#0	1
4192	Q0	264634#1	1
4192	Q0	23699#17	1
4192	Q0	23378#1	1
4192	Q0	106125#0	0
4192	Q0	177837#0	0
4192	Q0	22926#2	0
4192	Q0	58128#16	0
4192	Q0	22924#12	0
4192	Q0	22935#0	0
4193	Q0	153782#0	1
4193	Q0	153782#23	1
4193	Q0	153782#34	1
4193	Q0	153782#48	1
4193	Q0	153782#18	1
4193	Q0	6750#18	0
4193	Q0	153782#13	0
4193	Q0	153782#41	0
4193	Q0	153782#27	0
4193	Q0	181177#6	0
4193	Q0	153782#32	0
4193	Q0	121560#17	0
4193	Q0	252637#1	0
4193	Q0	153782#15	0
4193	Q0	756#46	0
4193	Q0	153782#1	0
4194	Q0	4086#29	1
4194	Q0	65387#1	1
4194	Q0	157235#2	0
4194	Q0	65376#7	0
4194	Q0	157235#3	0
4194	Q0	157338#4	0
4194	Q0	157295#1	0
4194	Q0	4086#30	0
4194	Q0	157310#2	0
4194	Q0	157235#4	0
4195	Q0	19641#41	1
4195	Q0	19641#48	1
4195	Q0	19641#11	1
4195	Q0	19641#12	0
4195	Q0	19641#14	0
4195	Q0	320368#1	0
4195	Q0	19641#5	0
4195	Q0	19641#1	0
4195	Q0	442086#6	0
4195	Q0	19641#18	0
4196	Q0	4449#66	1
4196	Q0	37082#0	1
4196	Q0	4449#50	0
4196	Q0	43793#1	0
4196	Q0	4449#6	0
4196	Q0	441149#0	0
4196	Q0	4449#86	0
4196	Q0	429205#8	0
4196	Q0	103364#0	0
4196	Q0	195122#4	0
4197	Q0	50238#9	1
4197	Q0	44742#0	1
4197	Q0	44742#12	1
4197	Q0	44742#3	0
4197	Q0	44742#4	0
4197	Q0	44742#6	0
4197	Q0	149334#3	0
4197	Q0	338188#2	0
4197	Q0	44742#11	0
4197	Q0	124032#10	0
4200	Q0	254180#0	1
4200	Q0	63292#4	1
4200	Q0	63292#6	1
4200	Q0	4194#0	0
4200	Q0	129070#3	0
4200	Q0	4194#1	0
4200	Q0	63292#2	0
4200	Q0	63292#0	0
4200	Q0	87228#0	0
4200	Q0	88785#2	0
4204	Q0	185725#4	1
4204	Q0	185725#1	1
4204	Q0	185725#17	0
4204	Q0	185725#18	0
4204	Q0	185725#16	0
4204	Q0	185725#11	0
4204	Q0	49308#3	0
4204	Q0	3992#5	0
4204	Q0	20034#1	0
4204	Q0	10524#0	0
4205	Q0	4061#5	1
4205	Q0	4061#18	1
4205	Q0	4061#28	1
4205	Q0	4070#32	0
4205	Q0	4061#48	0
4205	Q0	85310#113	0
4205	Q0	112190#0	0
4205	Q0	58776#7	0
4205	Q0	129645#3	0
4205	Q0	57129#0	0
4206	Q0	78523#0	1
4206	Q0	77707#0	1
4206	Q0	28636#0	1
4206	Q0	130931#0	0
4206	Q0	77625#0	0
4206	Q0	77704#0	0
4206	Q0	80247#0	0
4206	Q0	79921#0	0
4206	Q0	77710#0	0
4206	Q0	382649#0	0
4208	Q0	121327#0	1
4208	Q0	121328#0	1
4208	Q0	12115#1	1
4208	Q0	56962#1	0
4208	Q0	3291#22	0
4208	Q0	217887#29	0
4208	Q0	140453#0	0
4208	Q0	337627#0	0
4208	Q0	9926#38	0
4208	Q0	110459#0	0
4212	Q0	442213#2	1
4212	Q0	402673#22	1
4212	Q0	51733#1	0
4212	Q0	440676#8	0
4212	Q0	227612#24	0
4212	Q0	442213#0	0
4212	Q0	51733#2	0
4212	Q0	227612#17	0
4212	Q0	6585#1	0
4212	Q0	6585#12	0
4213	Q0	48773#2	1
4213	Q0	48773#3	1
4213	Q0	48773#0	1
4213	Q0	48198#4	1
4213	Q0	48198#6	0
4213	Q0	48773#26	0
4213	Q0	48198#35	0
4213	Q0	48773#14	0
4213	Q0	48773#5	0
4213	Q0	48198#24	0
4218	Q0	340467#1	1
4218	Q0	206184#1	1
4218	Q0	6530#0	1
4218	Q0	323141#0	1
4218	Q0	375369#0	0
4218	Q0	6530#3	0
4218	Q0	6530#31	0
4218	Q0	267118#0	0
4218	Q0	6530#34	0
4218	Q0	6530#35	0
4219	Q0	13088#19	1
4219	Q0	32388#0	0
4219	Q0	32388#3	0
4219	Q0	114642#0	0
4219	Q0	32388#4	0
4219	Q0	11393#0	0
4219	Q0	7210#1	0
4219	Q0	114642#3	0
4219	Q0	11393#1	0
4219	Q0	13088#18	0
4220	Q0	22931#2	1
4220	Q0	22931#0	1
4220	Q0	22931#15	0
4220	Q0	22931#14	0
4220	Q0	23699#31	0
4220	Q0	112908#9	0
4220	Q0	65589#0	0
4220	Q0	66677#7	0
4220	Q0	233368#35	0
4220	Q0	65579#0	0
4222	Q0	121194#0	1
4222	Q0	8810#0	1
4222	Q0	14276#0	1
4222	Q0	723#0	0
4222	Q0	3794#7	0
4222	Q0	14276#2	0
4222	Q0	3363#1	0
4222	Q0	81282#0	0
4222	Q0	226434#0	0
4222	Q0	5382#2	0
4223	Q0	6208#17	1
4223	Q0	6208#0	1
4223	Q0	310840#1	0
4223	Q0	310840#3	0
4223	Q0	278307#0	0
4223	Q0	310840#5	0
4223	Q0	121986#15	0
4223	Q0	33476#0	0
4223	Q0	200018#0	0
4223	Q0	200015#3	0
4224	Q0	24226#0	1
4224	Q0	24226#6	1
4224	Q0	24226#2	1
4224	Q0	24226#3	0
4224	Q0	24226#9	0
4224	Q0	291838#0	0
4224	Q0	24226#4	0
4224	Q0	24226#7	0
4224	Q0	24226#8	0
4224	Q0	24226#1	0
4225	Q0	14156#12	1
4225	Q0	194638#7	0
4225	Q0	62532#35	0
4225	Q0	40372#0	0
4225	Q0	40374#0	0
4225	Q0	7139#3	0
4225	Q0	62532#15	0
4225	Q0	104199#1	0
4225	Q0	84608#0	0
4225	Q0	2647615#4	0
4228	Q0	101772#0	1
4228	Q0	25998#13	1
4228	Q0	235369#0	0
4228	Q0	328136#0	0
4228	Q0	434984#6	0
4228	Q0	4448#0	0
4228	Q0	4449#40	0
4228	Q0	4441#15	0
4228	Q0	37082#0	0
4228	Q0	4531#3	0
4229	Q0	709#5	1
4229	Q0	690#32	1
4229	Q0	709#58	1
4229	Q0	690#4	1
4229	Q0	30255#0	0
4229	Q0	52103#0	0
4229	Q0	120458#7	0
4229	Q0	352107#0	0
4229	Q0	690#1	0
4229	Q0	690#38	0
4229	Q0	397461#2	0
4229	Q0	690#3	0
4230	Q0	297213#0	1
4230	Q0	297206#2	1
4230	Q0	297213#2	1
4230	Q0	49513#17	0
4230	Q0	63644#10	0
4230	Q0	321936#0	0
4230	Q0	20219#23	0
4230	Q0	19634#46	0
4230	Q0	121332#18	0
4230	Q0	233508#15	0
4230	Q0	3803#10	0
4231	Q0	54421#3	1
4231	Q0	54421#0	1
4231	Q0	340762#4	1
4231	Q0	54421#19	1
4231	Q0	32844#0	0
4231	Q0	54421#17	0
4231	Q0	63292#5	0
4231	Q0	842#5	0
4231	Q0	54421#7	0
4231	Q0	322146#3	0
4231	Q0	111151#3	0
4233	Q0	44742#2	1
4233	Q0	198522#14	1
4233	Q0	44742#14	1
4233	Q0	44742#0	1
4233	Q0	44742#15	0
4233	Q0	337422#0	0
4233	Q0	838#17	0
4233	Q0	81282#0	0
4233	Q0	226434#0	0
4233	Q0	306396#0	0
4234	Q0	103240#0	1
4234	Q0	271704#0	1
4234	Q0	4403#29	1
4234	Q0	103240#1	1
4234	Q0	103240#2	0
4234	Q0	404941#0	0
4234	Q0	406985#0	0
4234	Q0	173523#1	0
4234	Q0	223378#0	0
4234	Q0	282830#0	0
4235	Q0	221779#0	1
4235	Q0	735#20	1
4235	Q0	735#0	1
4235	Q0	735#2	1
4235	Q0	435374#0	0
4235	Q0	735#17	0
4235	Q0	735#9	0
4235	Q0	735#6	0
4235	Q0	199047#0	0
4235	Q0	307136#0	0
4236	Q0	18081#2	1
4236	Q0	18081#0	1
4236	Q0	151408#0	1
4236	Q0	151408#1	0
4236	Q0	45688#3	0
4236	Q0	328619#0	0
4236	Q0	2488661#0	0
4236	Q0	81282#0	0
4236	Q0	2784#16	0
4236	Q0	84608#0	0
4237	Q0	2890#5	1
4237	Q0	50627#2	1
4237	Q0	50627#0	1
4237	Q0	343634#1	0
4237	Q0	690#17	0
4237	Q0	243969#1	0
4237	Q0	690#1	0
4237	Q0	71355#3	0
4237	Q0	7801#26	0
4237	Q0	33817#3	0
4238	Q0	3855#0	1
4238	Q0	3855#29	1
4238	Q0	3855#15	0
4238	Q0	271221#8	0
4238	Q0	39124#0	0
4238	Q0	35#28	0
4238	Q0	3855#18	0
4238	Q0	3855#11	0
4238	Q0	127449#103	0
4238	Q0	35#27	0
4239	Q0	244997#4	1
4239	Q0	606075#6	1
4239	Q0	606075#15	1
4239	Q0	606075#17	1
4239	Q0	606075#1	1
4239	Q0	606075#8	1
4239	Q0	606075#7	1
4239	Q0	606075#21	1
4239	Q0	606075#9	1
4239	Q0	606075#13	1
4239	Q0	15002#0	0
4239	Q0	606075#27	0
4239	Q0	81282#0	0
4239	Q0	739#35	0
4239	Q0	226434#0	0
4239	Q0	739#23	0
4239	Q0	739#11	0
4239	Q0	84608#0	0
4239	Q0	69127#6	0
4240	Q0	30861#1	1
4240	Q0	262009#31	1
4240	Q0	328865#0	1
4240	Q0	11538#2	1
4240	Q0	363947#0	0
4240	Q0	31624#1	0
4240	Q0	329009#2	0
4240	Q0	149790#1	0
4240	Q0	12976#7	0
4240	Q0	322076#3	0
4241	Q0	6728#0	1
4241	Q0	274084#0	1
4241	Q0	21821#0	0
4241	Q0	85310#78	0
4241	Q0	58540#28	0
4241	Q0	303583#1	0
4241	Q0	10819#0	0
4241	Q0	274085#0	0
4241	Q0	85310#87	0
4241	Q0	10819#18	0
4242	Q0	54909#2	1
4242	Q0	53238#4	1
4242	Q0	17249#0	1
4242	Q0	54909#52	1
4242	Q0	54909#15	0
4242	Q0	54454#11	0
4242	Q0	54909#22	0
4242	Q0	243479#5	0
4242	Q0	54909#11	0
4242	Q0	54909#1	0
4243	Q0	412213#0	1
4243	Q0	412213#2	1
4243	Q0	412213#49	0
4243	Q0	412213#4	0
4243	Q0	412213#43	0
4243	Q0	412213#35	0
4243	Q0	412213#57	0
4243	Q0	412213#17	0
4243	Q0	412213#46	0
4243	Q0	412213#56	0
4244	Q0	2759#2	1
4244	Q0	2759#0	1
4244	Q0	2759#20	1
4244	Q0	2759#6	1
4244	Q0	2759#1	1
4244	Q0	752#45	0
4244	Q0	2759#3	0
4244	Q0	361859#0	0
4244	Q0	227824#0	0
4244	Q0	752#69	0
4245	Q0	165724#5	1
4245	Q0	165724#12	1
4245	Q0	165724#0	1
4245	Q0	25473#7	0
4245	Q0	44791#8	0
4245	Q0	144615#2	0
4245	Q0	40191#0	0
4245	Q0	377421#6	0
4245	Q0	231778#0	0
4245	Q0	20143#21	0
4246	Q0	186794#0	1
4246	Q0	165775#4	1
4246	Q0	34#5	1
4246	Q0	43878#12	0
4246	Q0	19439#13	0
4246	Q0	34#2	0
4246	Q0	105835#12	0
4246	Q0	34#9	0
4246	Q0	117479#17	0
4246	Q0	6608#6	0
4247	Q0	6210#4	1
4247	Q0	222422#3	1
4247	Q0	222338#1	0
4247	Q0	221230#2	0
4247	Q0	222338#39	0
4247	Q0	222338#35	0
4247	Q0	274126#0	0
4247	Q0	141537#0	0
4247	Q0	78721#3	0
4247	Q0	442738#2	0
4249	Q0	180810#1	1
4249	Q0	180810#3	1
4249	Q0	180810#0	0
4249	Q0	145938#2	0
4249	Q0	126644#28	0
4249	Q0	180810#2	0
4249	Q0	180810#4	0
4249	Q0	126644#16	0
4249	Q0	126644#32	0
4249	Q0	126644#12	0
4250	Q0	4062#10	1
4250	Q0	54709#2	1
4250	Q0	111713#3	0
4250	Q0	57013#0	0
4250	Q0	57135#0	0
4250	Q0	4062#1	0
4250	Q0	4062#37	0
4250	Q0	60393#0	0
4250	Q0	4062#0	0
4250	Q0	4062#17	0
4253	Q0	92462#0	1
4253	Q0	92462#25	1
4253	Q0	92462#26	0
4253	Q0	92462#23	0
4253	Q0	92462#9	0
4253	Q0	92462#17	0
4253	Q0	92462#14	0
4253	Q0	92462#2	0
4253	Q0	92462#1	0
4253	Q0	92462#4	0
4255	Q0	185725#4	1
4255	Q0	185725#2	1
4255	Q0	185725#18	0
4255	Q0	185725#1	0
4255	Q0	20034#1	0
4255	Q0	143793#3	0
4255	Q0	3803#9	0
4255	Q0	206890#0	0
4255	Q0	82433#4	0
4255	Q0	60650#3	0
4256	Q0	59156#0	1
4256	Q0	150238#0	1
4256	Q0	59156#4	0
4256	Q0	59156#2	0
4256	Q0	56570#0	0
4256	Q0	209340#0	0
4256	Q0	21873#13	0
4256	Q0	57328#0	0
4256	Q0	59156#3	0
4256	Q0	60032#0	0
4257	Q0	348589#0	1
4257	Q0	348589#9	0
4257	Q0	348589#22	0
4257	Q0	348589#10	0
4257	Q0	348589#7	0
4257	Q0	348589#20	0
4257	Q0	348589#8	0
4257	Q0	254968#11	0
4257	Q0	348589#24	0
4257	Q0	348589#12	0
4258	Q0	13072#5	1
4258	Q0	39971#2	1
4258	Q0	134553#3	1
4258	Q0	46876#0	1
4258	Q0	46876#3	1
4258	Q0	46876#8	1
4258	Q0	46876#12	1
4258	Q0	123754#8	0
4258	Q0	245345#4	0
4258	Q0	39436#3	0
4258	Q0	10793#18	0
4258	Q0	76081#7	0
4258	Q0	45610#4	0
4258	Q0	242567#29	0
4262	Q0	216145#27	1
4262	Q0	26180#10	1
4262	Q0	21644#19	0
4262	Q0	85443#2	0
4262	Q0	430090#3	0
4262	Q0	297450#2	0
4262	Q0	249547#2	0
4262	Q0	25492#30	0
4262	Q0	402896#0	0
4262	Q0	44581#15	0
4263	Q0	2737#44	1
4263	Q0	2737#34	1
4263	Q0	2737#38	0
4263	Q0	21839#3	0
4263	Q0	2643#74	0
4263	Q0	2737#1	0
4263	Q0	21219#14	0
4263	Q0	2643#37	0
4263	Q0	3909#0	0
4263	Q0	756#5	0
4264	Q0	8335#3	1
4264	Q0	8335#0	0
4264	Q0	6342#1	0
4264	Q0	2768#1	0
4264	Q0	8337#0	0
4264	Q0	8335#6	0
4264	Q0	33801#1	0
4264	Q0	8334#0	0
4264	Q0	4498#4	0
4264	Q0	4403#28	0
4266	Q0	78578#4	1
4266	Q0	78578#5	1
4266	Q0	78578#2	1
4266	Q0	78578#25	0
4266	Q0	78578#20	0
4266	Q0	78578#18	0
4266	Q0	78578#6	0
4266	Q0	78578#23	0
4266	Q0	78578#21	0
4266	Q0	78578#27	0
4267	Q0	387728#23	1
4267	Q0	414592#0	1
4267	Q0	387728#30	0
4267	Q0	185051#0	0
4267	Q0	387728#26	0
4267	Q0	387728#22	0
4267	Q0	84#28	0
4267	Q0	365887#10	0
4267	Q0	234499#3	0
4267	Q0	234499#0	0
4268	Q0	4024#3	1
4268	Q0	4024#17	1
4268	Q0	4024#2	1
4268	Q0	4024#1	0
4268	Q0	4024#9	0
4268	Q0	4024#7	0
4268	Q0	4024#10	0
4268	Q0	4020#9	0
4268	Q0	436524#1	0
4268	Q0	202888#1	0
4269	Q0	4525#32	1
4269	Q0	286759#5	0
4269	Q0	218228#0	0
4269	Q0	216293#21	0
4269	Q0	214398#16	0
4269	Q0	49818#0	0
4269	Q0	45540#52	0
4269	Q0	49594#0	0
4269	Q0	345752#5	0
4269	Q0	216293#13	0
4270	Q0	15624#1	1
4270	Q0	234035#16	1
4270	Q0	82#0	0
4270	Q0	413065#4	0
4270	Q0	82#1	0
4270	Q0	5862#0	0
4270	Q0	15424#12	0
4270	Q0	231836#0	0
4270	Q0	119179#21	0
4270	Q0	230706#0	0
4271	Q0	69601#43	1
4271	Q0	70116#13	1
4271	Q0	70116#0	0
4271	Q0	70116#12	0
4271	Q0	14939#8	0
4271	Q0	70116#2	0
4271	Q0	32296#44	0
4271	Q0	70116#5	0
4271	Q0	70116#15	0
4271	Q0	70116#4	0
4271	Q0	287225#7	0
4272	Q0	35311#0	1
4272	Q0	43627#0	0
4272	Q0	43627#6	0
4272	Q0	291405#2	0
4272	Q0	346728#1	0
4272	Q0	2648#18	0
4272	Q0	25908#0	0
4272	Q0	3516#1	0
4272	Q0	16193#0	0
4272	Q0	236785#16	0
4273	Q0	232185#0	1
4273	Q0	406067#0	1
4273	Q0	232185#4	0
4273	Q0	232185#6	0
4273	Q0	41353#17	0
4273	Q0	232185#16	0
4273	Q0	232185#13	0
4273	Q0	232185#12	0
4273	Q0	232185#14	0
4273	Q0	232185#3	0
4274	Q0	289309#3	1
4274	Q0	26875#7	1
4274	Q0	5422#0	1
4274	Q0	16761#0	0
4274	Q0	12116#4	0
4274	Q0	19520#7	0
4274	Q0	345647#12	0
4274	Q0	78768#2	0
4274	Q0	30685#5	0
4274	Q0	36244#0	0
4275	Q0	8285#3	1
4275	Q0	88247#2	1
4275	Q0	8285#1	1
4275	Q0	8285#2	0
4275	Q0	8285#0	0
4275	Q0	88249#0	0
4275	Q0	4196#32	0
4275	Q0	8285#15	0
4275	Q0	83977#0	0
4275	Q0	3987#1	0
4276	Q0	252918#15	1
4276	Q0	218556#12	1
4276	Q0	218556#7	0
4276	Q0	40679#3	0
4276	Q0	3992#12	0
4276	Q0	2392710#2	0
4276	Q0	12576#21	0
4276	Q0	46623#13	0
4276	Q0	30333#0	0
4276	Q0	51020#17	0
4277	Q0	15008#0	1
4277	Q0	394331#0	1
4277	Q0	6922#2	1
4277	Q0	16798#10	0
4277	Q0	10494#10	0
4277	Q0	85310#31	0
4277	Q0	10796#23	0
4277	Q0	105190#1	0
4277	Q0	22072#19	0
4277	Q0	15008#3	0
4278	Q0	291082#7	1
4278	Q0	844#29	1
4278	Q0	153083#7	1
4278	Q0	12126#25	1
4278	Q0	22924#82	0
4278	Q0	24336#1	0
4278	Q0	217347#4	0
4278	Q0	122437#4	0
4278	Q0	331602#2	0
4278	Q0	146730#2	0
4279	Q0	6778#11	1
4279	Q0	285661#27	1
4279	Q0	100967#5	1
4279	Q0	6778#12	1
4279	Q0	141551#0	1
4279	Q0	100967#14	0
4279	Q0	100967#7	0
4279	Q0	141551#1	0
4279	Q0	285661#28	0
4280	Q0	19003#0	1
4280	Q0	19003#24	1
4280	Q0	19003#45	1
4280	Q0	282135#8	0
4280	Q0	57556#5	0
4280	Q0	5474#13	0
4280	Q0	19003#44	0
4280	Q0	19003#49	0
4280	Q0	19003#39	0
4280	Q0	19003#28	0
4282	Q0	19641#0	1
4282	Q0	195859#7	1
4282	Q0	409780#0	1
4282	Q0	19641#41	0
4282	Q0	58172#4	0
4282	Q0	19641#3	0
4282	Q0	19641#16	0
4282	Q0	19641#14	0
4282	Q0	19641#20	0
4282	Q0	19641#11	0
4283	Q0	371133#19	1
4283	Q0	97085#10	1
4283	Q0	413211#30	0
4283	Q0	314422#0	0
4283	Q0	267671#0	0
4283	Q0	271214#15	0
4283	Q0	3235#4	0
4283	Q0	2492493#0	0
4283	Q0	328607#19	0
4283	Q0	304220#0	0
4285	Q0	12572#4	1
4285	Q0	247617#0	1
4285	Q0	46571#5	0
4285	Q0	6372#13	0
4285	Q0	238904#1	0
4285	Q0	205637#2	0
4285	Q0	19003#35	0
4285	Q0	228236#2	0
4285	Q0	50223#5	0
4285	Q0	86304#1	0
4286	Q0	19655#34	1
4286	Q0	356390#1	1
4286	Q0	356390#0	1
4286	Q0	437782#2	0
4286	Q0	14680#8	0
4286	Q0	15219#2	0
4286	Q0	18090#4	0
4286	Q0	302507#5	0
4286	Q0	383081#0	0
4286	Q0	250866#0	0
4287	Q0	14911#1	1
4287	Q0	276972#2	1
4287	Q0	14911#0	1
4287	Q0	112322#1	0
4287	Q0	337263#1	0
4287	Q0	270087#5	0
4287	Q0	140224#1	0
4287	Q0	1018#7	0
4287	Q0	219773#1	0
4287	Q0	55601#4	0
4289	Q0	366188#0	1
4289	Q0	45855#67	1
4289	Q0	15805#0	1
4289	Q0	57708#0	0
4289	Q0	86989#8	0
4289	Q0	366188#12	0
4289	Q0	366188#11	0
4289	Q0	100156#3	0
4289	Q0	6463#28	0
4289	Q0	1110#10	0
4290	Q0	82352#1	1
4290	Q0	4426#4	1
4290	Q0	14868#5	0
4290	Q0	187367#0	0
4290	Q0	44352#0	0
4290	Q0	14868#6	0
4290	Q0	4426#5	0
4290	Q0	123754#8	0
4290	Q0	42259#59	0
4290	Q0	134553#3	0
4291	Q0	2691786#9	1
4291	Q0	22772#1	0
4291	Q0	232993#3	0
4291	Q0	26571#1	0
4291	Q0	251993#6	0
4291	Q0	321380#14	0
4291	Q0	273759#3	0
4291	Q0	2959#12	0
4291	Q0	193656#3	0
4291	Q0	21545#4	0
4293	Q0	955479#14	1
4293	Q0	4263#4	0
4293	Q0	4266#3	0
4293	Q0	8#6	0
4293	Q0	83770#1	0
4293	Q0	55011#2	0
4293	Q0	3235#4	0
4293	Q0	4534#9	0
4293	Q0	1003#2	0
4293	Q0	129804#1	0
4294	Q0	44#4	1
4294	Q0	27397#1	0
4294	Q0	22742#8	0
4294	Q0	347911#4	0
4294	Q0	22742#7	0
4294	Q0	6258#0	0
4294	Q0	30412#124	0
4294	Q0	68#3	0
4294	Q0	44#50	0
4294	Q0	44817#34	0
4295	Q0	13156#2	1
4295	Q0	13156#0	1
4295	Q0	34680#4	1
4295	Q0	13156#1	0
4295	Q0	5146#5	0
4295	Q0	35207#2	0
4295	Q0	13156#14	0
4295	Q0	13156#6	0
4295	Q0	13156#3	0
4295	Q0	13156#17	0
4296	Q0	9611#23	1
4296	Q0	284639#0	1
4296	Q0	121665#2	1
4296	Q0	151626#0	0
4296	Q0	34499#16	0
4296	Q0	319053#0	0
4296	Q0	81282#0	0
4296	Q0	888692#0	0
4296	Q0	739#35	0
4296	Q0	739#23	0
4297	Q0	275279#0	1
4297	Q0	207627#0	1
4297	Q0	28115#15	1
4297	Q0	127749#0	0
4297	Q0	275555#103	0
4297	Q0	31294#0	0
4297	Q0	259285#0	0
4297	Q0	146073#3	0
4297	Q0	183973#0	0
4297	Q0	31290#28	0
4298	Q0	4433#1	1
4298	Q0	4433#2	1
4298	Q0	135347#0	1
4298	Q0	14110#0	0
4298	Q0	210374#0	0
4298	Q0	317602#0	0
4298	Q0	29627#0	0
4298	Q0	141078#0	0
4298	Q0	59405#0	0
4298	Q0	23810#0	0
4300	Q0	192978#0	1
4300	Q0	142100#2	1
4300	Q0	192978#1	0
4300	Q0	261667#1	0
4300	Q0	211771#5	0
4300	Q0	11491#24	0
4300	Q0	142100#1	0
4300	Q0	261019#1	0
4300	Q0	87637#45	0
4300	Q0	261667#0	0
4301	Q0	748#0	1
4301	Q0	6296#25	1
4301	Q0	748#36	1
4301	Q0	21675#20	0
4301	Q0	6296#42	0
4301	Q0	183732#3	0
4301	Q0	20622#16	0
4301	Q0	6296#41	0
4301	Q0	20622#24	0
4301	Q0	748#28	0
4302	Q0	271050#0	1
4302	Q0	271050#4	1
4302	Q0	271050#2	1
4302	Q0	271050#7	1
4302	Q0	10627#61	0
4302	Q0	271050#3	0
4302	Q0	442804#2	0
4302	Q0	248170#1	0
4302	Q0	31461#2	0
4302	Q0	212440#2	0
4302	Q0	212440#3	0
4305	Q0	4472#16	1
4305	Q0	281151#0	0
4305	Q0	390835#0	0
4305	Q0	348085#0	0
4305	Q0	4472#33	0
4305	Q0	4472#20	0
4305	Q0	4472#26	0
4305	Q0	16193#0	0
4305	Q0	4472#12	0
4305	Q0	68#12	0
4306	Q0	290458#0	1
4306	Q0	42458#10	1
4306	Q0	42458#0	1
4306	Q0	243864#51	1
4306	Q0	243864#52	0
4306	Q0	36660#1	0
4306	Q0	262042#1	0
4306	Q0	20478#22	0
4306	Q0	60722#17	0
4306	Q0	42458#9	0
4308	Q0	6867#0	1
4308	Q0	4093#11	1
4308	Q0	159928#0	1
4308	Q0	6867#11	0
4308	Q0	58639#1	0
4308	Q0	37890#0	0
4308	Q0	6867#15	0
4308	Q0	159941#2	0
4308	Q0	395182#1	0
4308	Q0	6867#67	0
4309	Q0	11535#57	1
4309	Q0	23699#15	1
4309	Q0	11535#12	1
4309	Q0	22931#2	0
4309	Q0	65579#0	0
4309	Q0	106125#0	0
4309	Q0	22934#0	0
4309	Q0	116684#2	0
4309	Q0	196446#27	0
4309	Q0	106068#9	0
4310	Q0	146698#50	1
4310	Q0	128144#9	1
4310	Q0	15968#36	0
4310	Q0	5720#0	0
4310	Q0	47354#0	0
4310	Q0	5720#13	0
4310	Q0	5720#8	0
4310	Q0	34085#17	0
4310	Q0	6391#6	0
4312	Q0	69320#0	1
4312	Q0	245271#0	1
4312	Q0	69320#97	1
4312	Q0	278753#19	0
4312	Q0	69320#1	0
4312	Q0	69320#92	0
4312	Q0	56996#1	0
4312	Q0	69320#90	0
4312	Q0	69320#11	0
4312	Q0	56996#0	0
4313	Q0	281284#0	1
4313	Q0	6750#16	1
4313	Q0	6750#1	1
4313	Q0	69275#13	1
4313	Q0	356390#6	0
4313	Q0	6750#17	0
4313	Q0	30632#0	0
4313	Q0	6750#3	0
4313	Q0	26511#1	0
4313	Q0	69275#14	0
4314	Q0	121053#0	1
4314	Q0	122795#0	1
4314	Q0	121405#0	1
4314	Q0	56961#0	1
4314	Q0	69501#0	0
4314	Q0	56959#3	0
4314	Q0	57637#0	0
4314	Q0	121392#0	0
4314	Q0	122547#0	0
4314	Q0	57638#0	0
4316	Q0	9036#2	1
4316	Q0	103363#0	1
4316	Q0	8347#2	1
4316	Q0	103363#2	1
4316	Q0	8337#0	0
4316	Q0	44#39	0
4316	Q0	252221#0	0
4316	Q0	4403#28	0
4316	Q0	4877#2	0
4316	Q0	16424#0	0
4317	Q0	1494327#0	1
4317	Q0	1494327#1	1
4317	Q0	1494327#9	1
4317	Q0	1494327#10	1
4317	Q0	1494327#18	1
4317	Q0	1494327#11	1
4317	Q0	1494327#19	1
4317	Q0	1494327#2	1
4317	Q0	34881#20	0
4317	Q0	817#19	0
4317	Q0	135825#10	0
4317	Q0	18025#28	0
4317	Q0	270149#0	0
4317	Q0	282829#0	0
4317	Q0	200507#6	0
4317	Q0	3941#1	0
4317	Q0	376382#2	0
4317	Q0	34881#7	0
4321	Q0	49125#0	1
4321	Q0	16184#0	1
4321	Q0	112116#24	0
4321	Q0	4148#8	0
4321	Q0	112116#26	0
4321	Q0	4998#2	0
4321	Q0	66326#4	0
4321	Q0	57982#2	0
4321	Q0	112116#21	0
4321	Q0	176472#2	0
4322	Q0	262626#3	1
4322	Q0	262626#12	1
4322	Q0	262626#11	1
4322	Q0	293850#0	0
4322	Q0	352107#0	0
4322	Q0	52100#2	0
4322	Q0	194400#1	0
4322	Q0	262626#0	0
4322	Q0	13781#1	0
4322	Q0	217102#0	0
4323	Q0	116120#6	1
4323	Q0	36332#9	1
4323	Q0	116120#14	0
4323	Q0	45359#0	0
4323	Q0	54909#1	0
4323	Q0	116120#5	0
4323	Q0	37234#42	0
4323	Q0	54907#2	0
4323	Q0	37234#33	0
4323	Q0	338776#0	0
4325	Q0	6276#2	1
4325	Q0	6276#40	1
4325	Q0	127449#71	1
4325	Q0	6276#61	0
4325	Q0	6276#57	0
4325	Q0	6276#55	0
4325	Q0	6276#58	0
4325	Q0	6276#44	0
4325	Q0	127449#73	0
4325	Q0	62101#0	0
4326	Q0	6769#1	1
4326	Q0	6769#0	1
4326	Q0	10793#17	0
4326	Q0	11613#4	0
4326	Q0	6212#5	0
4326	Q0	83#14	0
4326	Q0	34930#5	0
4326	Q0	11612#12	0
4326	Q0	434934#1	0
4326	Q0	322394#0	0
4327	Q0	2415832#0	1
4327	Q0	61029#1	0
4327	Q0	8432#5	0
4327	Q0	12928#3	0
4327	Q0	277463#1	0
4327	Q0	3235#7	0
4327	Q0	29587#4	0
4327	Q0	358469#16	0
4327	Q0	47481#1	0
4327	Q0	19641#3	0
4328	Q0	2585430#6	1
4328	Q0	3094#1	0
4328	Q0	16248#22	0
4328	Q0	283426#0	0
4328	Q0	66004#0	0
4328	Q0	6922#8	0
4328	Q0	25787#0	0
4328	Q0	4562#39	0
4328	Q0	81381#0	0
4328	Q0	16248#0	0
4329	Q0	31896#32	1
4329	Q0	77689#48	0
4329	Q0	31896#15	0
4329	Q0	31896#21	0
4329	Q0	31896#8	0
4329	Q0	31896#18	0
4329	Q0	31896#9	0
4329	Q0	20706#24	0
4329	Q0	31896#13	0
4329	Q0	31896#3	0
4330	Q0	98796#0	1
4330	Q0	98796#12	0
4330	Q0	98796#13	0
4330	Q0	98796#21	0
4330	Q0	98796#11	0
4330	Q0	98796#7	0
4330	Q0	4448#24	0
4330	Q0	98796#1	0
4330	Q0	98796#9	0
4330	Q0	98796#15	0
4331	Q0	18797#0	1
4331	Q0	41281#0	1
4331	Q0	27336#7	1
4331	Q0	70377#0	0
4331	Q0	318104#0	0
4331	Q0	111670#0	0
4331	Q0	318871#0	0
4331	Q0	18797#1	0
4331	Q0	18795#4	0
4331	Q0	318896#0	0
4333	Q0	7835#1	1
4333	Q0	7835#0	1
4333	Q0	7835#10	0
4333	Q0	7835#5	0
4333	Q0	7835#7	0
4333	Q0	7835#4	0
4333	Q0	7835#9	0
4333	Q0	7835#2	0
4333	Q0	7835#8	0
4333	Q0	7835#6	0
4335	Q0	5422#0	1
4335	Q0	26875#7	0
4335	Q0	18715#1	0
4335	Q0	215512#8	0
4335	Q0	257099#0	0
4335	Q0	12579#1	0
4335	Q0	30685#5	0
4335	Q0	7292#0	0
4335	Q0	96338#0	0
4335	Q0	3800#49	0
4336	Q0	21219#9	1
4336	Q0	68583#7	1
4336	Q0	13109#0	1
4336	Q0	13109#19	1
4336	Q0	184364#1	1
4336	Q0	13109#2	1
4336	Q0	13141#17	0
4336	Q0	13109#13	0
4336	Q0	13109#5	0
4336	Q0	13109#16	0
4337	Q0	35877#3	1
4337	Q0	199556#0	1
4337	Q0	77298#19	1
4337	Q0	85791#1	1
4337	Q0	35877#0	1
4337	Q0	279841#0	1
4337	Q0	288842#0	0
4337	Q0	798#0	0
4337	Q0	3794#7	0
4337	Q0	23396#3	0
4339	Q0	19089#0	1
4339	Q0	261388#2	1
4339	Q0	261388#19	1
4339	Q0	152472#5	0
4339	Q0	47244#0	0
4339	Q0	21078#1	0
4339	Q0	18637#1	0
4339	Q0	27013#1	0
4339	Q0	121784#0	0
4339	Q0	394651#41	0
4341	Q0	260034#1	1
4341	Q0	146698#44	1
4341	Q0	23906#2	1
4341	Q0	23906#67	1
4341	Q0	146698#42	0
4341	Q0	260034#3	0
4341	Q0	260034#17	0
4341	Q0	45540#45	0
4341	Q0	313563#67	0
4341	Q0	843#64	0
4342	Q0	8347#6	1
4342	Q0	8347#1	1
4342	Q0	8347#2	1
4342	Q0	8347#5	0
4342	Q0	8347#3	0
4342	Q0	8347#7	0
4342	Q0	8347#4	0
4342	Q0	4403#33	0
4342	Q0	103363#0	0
4342	Q0	9036#2	0
4343	Q0	21219#36	1
4343	Q0	61132#40	1
4343	Q0	61132#11	1
4343	Q0	242689#51	1
4343	Q0	14612#8	0
4343	Q0	62480#39	0
4343	Q0	15520#3	0
4343	Q0	61132#50	0
4343	Q0	61132#0	0
4343	Q0	61132#37	0
4345	Q0	270839#0	1
4345	Q0	205378#15	1
4345	Q0	271509#4	1
4345	Q0	205378#16	0
4345	Q0	185145#0	0
4345	Q0	120596#3	0
4345	Q0	277110#4	0
4345	Q0	250274#6	0
4345	Q0	205378#3	0
4345	Q0	44780#4	0
4347	Q0	10793#17	1
4347	Q0	8963#39	1
4347	Q0	8963#40	0
4347	Q0	4750#0	0
4347	Q0	291991#34	0
4347	Q0	8963#43	0
4347	Q0	8963#0	0
4347	Q0	36858#0	0
4347	Q0	38624#8	0
4347	Q0	202065#1	0
4348	Q0	316087#0	1
4348	Q0	275463#0	1
4348	Q0	316085#0	0
4348	Q0	4510#9	0
4348	Q0	12862#66	0
4348	Q0	329134#0	0
4348	Q0	209169#13	0
4348	Q0	3803#9	0
4348	Q0	316090#0	0
4348	Q0	130090#8	0
4349	Q0	6095#0	1
4349	Q0	11528#3	1
4349	Q0	11528#0	0
4349	Q0	4403#28	0
4349	Q0	6342#1	0
4349	Q0	8335#0	0
4349	Q0	6095#15	0
4349	Q0	8335#3	0
4349	Q0	16424#0	0
4349	Q0	10791#0	0
4350	Q0	91014#1	1
4350	Q0	91014#11	1
4350	Q0	91014#9	1
4350	Q0	91014#10	1
4350	Q0	91014#3	0
4350	Q0	91014#12	0
4350	Q0	91014#2	0
4350	Q0	91014#5	0
4350	Q0	91014#4	0
4350	Q0	395976#0	0
4351	Q0	321091#2	1
4351	Q0	129574#0	1
4351	Q0	276681#4	0
4351	Q0	276681#5	0
4351	Q0	291711#3	0
4351	Q0	321091#1	0
4351	Q0	202286#0	0
4351	Q0	338447#7	0
4351	Q0	74964#2	0
4351	Q0	326957#1	0
4352	Q0	843#94	1
4352	Q0	843#92	1
4352	Q0	843#7	1
4352	Q0	23906#12	1
4352	Q0	843#0	1
4352	Q0	843#2	0
4352	Q0	23906#18	0
4352	Q0	843#93	0
4352	Q0	33369#2	0
4352	Q0	23906#13	0
4353	Q0	206265#0	1
4353	Q0	206265#7	0
4353	Q0	206265#5	0
4353	Q0	206265#13	0
4353	Q0	206265#3	0
4353	Q0	206077#5	0
4353	Q0	206265#6	0
4353	Q0	206265#12	0
4353	Q0	206265#1	0
4353	Q0	206265#4	0
4354	Q0	20061#4	1
4354	Q0	4510#4	1
4354	Q0	4510#1	1
4354	Q0	20061#0	1
4354	Q0	322924#12	1
4354	Q0	325326#0	0
4354	Q0	12849#32	0
4354	Q0	334121#0	0
4354	Q0	24410#5	0
4354	Q0	20057#9	0
4355	Q0	8106#0	1
4355	Q0	146901#6	1
4355	Q0	8106#7	0
4355	Q0	8106#8	0
4355	Q0	4272#8	0
4355	Q0	13581#95	0
4355	Q0	8106#10	0
4355	Q0	107968#5	0
4355	Q0	31476#22	0
4355	Q0	16097#11	0
4357	Q0	14866#0	1
4357	Q0	25144#2	1
4357	Q0	13705#3	1
4357	Q0	25144#3	1
4357	Q0	18525#2	0
4357	Q0	232352#19	0
4357	Q0	400758#28	0
4357	Q0	14000#4	0
4357	Q0	1025#45	0
4357	Q0	140784#1	0
4360	Q0	35644#0	1
4360	Q0	156868#5	1
4360	Q0	13855#2	1
4360	Q0	16798#24	0
4360	Q0	35644#1	0
4360	Q0	111394#14	0
4360	Q0	434116#21	0
4360	Q0	434116#2	0
4360	Q0	16798#1	0
4360	Q0	434116#5	0
4361	Q0	103023#0	1
4361	Q0	90094#23	1
4361	Q0	286124#1	1
4361	Q0	336039#0	0
4361	Q0	323470#1	0
4361	Q0	103023#1	0
4361	Q0	103023#2	0
4361	Q0	318519#2	0
4361	Q0	10885#3	0
4361	Q0	262321#4	0
4363	Q0	329139#8	1
4363	Q0	329139#10	1
4363	Q0	11469#25	1
4363	Q0	11469#6	1
4363	Q0	11469#17	0
4363	Q0	11469#11	0
4363	Q0	329139#12	0
4363	Q0	11469#14	0
4363	Q0	329139#1	0
4363	Q0	11469#21	0
4364	Q0	12561#77	1
4364	Q0	12561#92	1
4364	Q0	12561#42	1
4364	Q0	12561#30	1
4364	Q0	16999#2	0
4364	Q0	245550#0	0
4364	Q0	12561#40	0
4364	Q0	12561#43	0
4364	Q0	33176#106	0
4364	Q0	12561#45	0
4365	Q0	4082#0	1
4365	Q0	5431#26	1
4365	Q0	4108#0	1
4365	Q0	4120#0	0
4365	Q0	4147#0	0
4365	Q0	4138#0	0
4365	Q0	51143#0	0
4365	Q0	4109#0	0
4365	Q0	4076#0	0
4365	Q0	8401#17	0
4366	Q0	53228#18	1
4366	Q0	671007#0	1
4366	Q0	7080#7	0
4366	Q0	22273#4	0
4366	Q0	323237#1	0
4366	Q0	206551#1	0
4366	Q0	12011#0	0
4366	Q0	1018#3	0
4366	Q0	188578#2	0
4366	Q0	223207#2	0
4367	Q0	373817#0	1
4367	Q0	63541#4	1
4367	Q0	709#23	1
4367	Q0	130627#9	1
4367	Q0	56750#29	0
4367	Q0	330282#0	0
4367	Q0	709#25	0
4367	Q0	843#64	0
4367	Q0	18440#48	0
4367	Q0	243122#12	0
4368	Q0	32960#21	1
4368	Q0	13581#128	0
4368	Q0	15542#0	0
4368	Q0	15542#2	0
4368	Q0	1002#17	0
4368	Q0	4571#6	0
4368	Q0	1092#13	0
4368	Q0	4571#5	0
4368	Q0	176297#1	0
4368	Q0	15542#1	0
4370	Q0	1417656#0	1
4370	Q0	241600#0	0
4370	Q0	241600#5	0
4370	Q0	243218#4	0
4370	Q0	396324#12	0
4370	Q0	428619#9	0
4370	Q0	97085#9	0
4370	Q0	212832#4	0
4370	Q0	3803#9	0
4370	Q0	212832#0	0
4371	Q0	71617#4	1
4371	Q0	6545#2	1
4371	Q0	90369#1	0
4371	Q0	9600#7	0
4371	Q0	318978#1	0
4371	Q0	45991#2	0
4371	Q0	71617#0	0
4371	Q0	48948#9	0
4371	Q0	132230#3	0
4371	Q0	103918#4	0
4372	Q0	338233#26	1
4372	Q0	338233#27	1
4372	Q0	338233#1	1
4372	Q0	338233#5	0
4372	Q0	338233#3	0
4372	Q0	338233#25	0
4372	Q0	338233#19	0
4372	Q0	338233#4	0
4372	Q0	338233#18	0
4372	Q0	338233#7	0
4373	Q0	272793#0	1
4373	Q0	325200#0	1
4373	Q0	151590#3	0
4373	Q0	110459#0	0
4373	Q0	596702#2	0
4373	Q0	3992#5	0
4373	Q0	30268#1	0
4373	Q0	22456#15	0
4373	Q0	5857#6	0
4373	Q0	90358#46	0
4374	Q0	13086#0	1
4374	Q0	13086#21	1
4374	Q0	13086#2	0
4374	Q0	13086#1	0
4374	Q0	13086#10	0
4374	Q0	16690#8	0
4374	Q0	13086#9	0
4374	Q0	13086#13	0
4374	Q0	13086#3	0
4374	Q0	15637#20	0
4376	Q0	16093#1	1
4376	Q0	18858#0	1
4376	Q0	4373#80	1
4376	Q0	4373#43	1
4376	Q0	16093#5	0
4376	Q0	4373#41	0
4376	Q0	18858#3	0
4376	Q0	266560#0	0
4376	Q0	266560#3	0
4376	Q0	18858#21	0
4377	Q0	2627264#1	1
4377	Q0	319507#18	0
4377	Q0	3022#28	0
4377	Q0	319512#1	0
4377	Q0	48878#29	0
4377	Q0	69112#2	0
4377	Q0	409176#4	0
4377	Q0	269428#1	0
4377	Q0	30078#9	0
4377	Q0	3302#17	0
4378	Q0	235844#0	1
4378	Q0	235829#0	1
4378	Q0	420697#0	1
4378	Q0	84689#17	1
4378	Q0	235790#0	0
4378	Q0	23740#2	0
4378	Q0	235790#1	0
4378	Q0	306958#0	0
4378	Q0	23740#0	0
4378	Q0	23740#5	0
4379	Q0	321112#7	1
4379	Q0	321112#14	1
4379	Q0	321112#5	0
4379	Q0	321112#15	0
4379	Q0	321112#9	0
4379	Q0	321112#11	0
4379	Q0	321112#8	0
4379	Q0	321112#10	0
4379	Q0	321112#16	0
4379	Q0	321112#12	0
4380	Q0	442804#3	1
4380	Q0	442804#1	1
4380	Q0	3493#97	1
4380	Q0	37148#2	1
4380	Q0	125681#26	0
4380	Q0	3304#2	0
4380	Q0	442749#4	0
4380	Q0	442804#5	0
4380	Q0	37148#15	0
4380	Q0	37148#1	0
4382	Q0	388063#8	1
4382	Q0	388063#11	1
4382	Q0	388063#5	0
4382	Q0	388063#0	0
4382	Q0	388063#24	0
4382	Q0	388063#9	0
4382	Q0	388063#20	0
4382	Q0	388063#16	0
4382	Q0	388063#1	0
4382	Q0	388063#17	0
4383	Q0	257366#10	1
4383	Q0	257366#20	1
4383	Q0	257366#2	1
4383	Q0	257366#29	0
4383	Q0	257366#0	0
4383	Q0	257366#18	0
4383	Q0	257366#31	0
4383	Q0	257366#16	0
4383	Q0	257366#30	0
4383	Q0	257366#7	0
4384	Q0	386051#0	1
4384	Q0	284643#0	1
4384	Q0	284852#0	1
4384	Q0	284849#2	1
4384	Q0	337116#2	0
4384	Q0	81088#0	0
4384	Q0	284849#0	0
4384	Q0	4588#45	0
4384	Q0	4419#156	0
4384	Q0	284852#1	0
4384	Q0	284849#1	0
4385	Q0	262009#31	1
4385	Q0	6336#22	1
4385	Q0	34013#0	1
4385	Q0	189891#1	0
4385	Q0	31624#1	0
4385	Q0	12976#7	0
4385	Q0	110112#5	0
4385	Q0	45610#2	0
4385	Q0	43854#3	0
4385	Q0	43135#11	0
4386	Q0	11341#5	1
4386	Q0	11341#6	1
4386	Q0	11341#0	1
4386	Q0	26087#1	1
4388	Q0	108645#22	1
4388	Q0	108645#3	1
4388	Q0	108645#21	1
4388	Q0	108645#0	0
4388	Q0	108645#16	0
4388	Q0	108645#6	0
4388	Q0	319269#1	0
4388	Q0	276930#2	0
4388	Q0	22924#44	0
4388	Q0	108645#5	0
4389	Q0	274577#3	1
4389	Q0	274577#0	1
4389	Q0	6642#5	0
4389	Q0	3914#14	0
4389	Q0	274577#25	0
4389	Q0	225482#3	0
4389	Q0	139309#5	0
4389	Q0	308116#2	0
4389	Q0	274577#4	0
4389	Q0	226434#0	0
4390	Q0	11764#52	1
4390	Q0	11764#47	1
4390	Q0	11764#51	1
4390	Q0	11764#53	1
4390	Q0	11764#49	0
4390	Q0	11764#29	0
4390	Q0	11764#20	0
4390	Q0	11764#28	0
4390	Q0	25811#1	0
4390	Q0	65230#1	0
4391	Q0	10241#8	1
4391	Q0	233243#0	1
4391	Q0	40070#5	1
4391	Q0	27783#1	0
4391	Q0	187994#6	0
4391	Q0	27783#4	0
4391	Q0	78198#2	0
4391	Q0	263772#1	0
4391	Q0	125381#2	0
4391	Q0	267469#1	0
4392	Q0	33#51	1
4392	Q0	6509#26	1
4392	Q0	6509#41	1
4392	Q0	6509#2	1
4392	Q0	6509#14	0
4392	Q0	6509#24	0
4392	Q0	6509#8	0
4392	Q0	6509#13	0
4392	Q0	3177#4	0
4392	Q0	6509#30	0
4394	Q0	3794#2	1
4394	Q0	3794#0	1
4394	Q0	3794#4	1
4394	Q0	3794#6	0
4394	Q0	3794#7	0
4394	Q0	442084#0	0
4394	Q0	81282#0	0
4394	Q0	1018#14	0
4394	Q0	226434#0	0
4394	Q0	84608#0	0
4394	Q0	3794#1	0
4395	Q0	87649#35	1
4395	Q0	103179#51	1
4395	Q0	270894#1	1
4395	Q0	87649#34	1
4395	Q0	199807#6	0
4395	Q0	103179#30	0
4395	Q0	134460#2	0
4395	Q0	330282#0	0
4395	Q0	19003#30	0
4395	Q0	152651#7	0
4396	Q0	125681#27	1
4396	Q0	302301#8	1
4396	Q0	19022#10	1
4396	Q0	2828#15	0
4396	Q0	302301#2	0
4396	Q0	125681#25	0
4396	Q0	48825#12	0
4396	Q0	25976#37	0
4396	Q0	51252#10	0
4396	Q0	4423#79	0
4397	Q0	232961#87	1
4397	Q0	6244#4	1
4397	Q0	6244#11	1
4397	Q0	6244#15	0
4397	Q0	261747#0	0
4397	Q0	149435#19	0
4397	Q0	232961#40	0
4397	Q0	71477#0	0
4397	Q0	232961#6	0
4397	Q0	7120#1	0
4398	Q0	4186#0	1
4398	Q0	356547#2	1
4398	Q0	88190#5	0
4398	Q0	71189#4	0
4398	Q0	190138#41	0
4398	Q0	4186#17	0
4398	Q0	4186#18	0
4398	Q0	190120#0	0
4398	Q0	190118#0	0
4398	Q0	88186#9	0
4399	Q0	23378#1	1
4399	Q0	23378#0	1
4399	Q0	210346#1	1
4399	Q0	22924#5	0
4399	Q0	220314#1	0
4399	Q0	269418#1	0
4399	Q0	269418#3	0
4399	Q0	251686#1	0
4399	Q0	319269#1	0
4399	Q0	22924#26	0
4400	Q0	13110#0	1
4400	Q0	21029#2	1
4400	Q0	13110#1	0
4400	Q0	59636#0	0
4400	Q0	13110#4	0
4400	Q0	13110#6	0
4400	Q0	13110#23	0
4400	Q0	13110#13	0
4400	Q0	4471#1	0
4400	Q0	4442#6	0
4402	Q0	78258#16	1
4402	Q0	78258#18	1
4402	Q0	7896#4	0
4402	Q0	51020#5	0
4402	Q0	158685#0	0
4402	Q0	614490#1	0
4402	Q0	326774#2	0
4402	Q0	3992#5	0
4402	Q0	194803#1	0
4402	Q0	57653#2	0
4403	Q0	82513#9	1
4403	Q0	82513#21	1
4403	Q0	82513#20	1
4403	Q0	82513#0	0
4403	Q0	82513#12	0
4403	Q0	14958#9	0
4403	Q0	14028#12	0
4403	Q0	14028#20	0
4403	Q0	206199#0	0
4403	Q0	31765#0	0
4404	Q0	6778#21	1
4404	Q0	285661#37	1
4404	Q0	3549#19	1
4404	Q0	11438#2	1
4404	Q0	78492#4	1
4404	Q0	6778#17	1
4404	Q0	165775#1	0
4404	Q0	38531#15	0
4404	Q0	154941#1	0
4404	Q0	285661#33	0
4406	Q0	5431#0	1
4406	Q0	44#39	1
4406	Q0	50#13	1
4406	Q0	65168#2	0
4406	Q0	3771#15	0
4406	Q0	85279#1	0
4406	Q0	68#12	0
4406	Q0	5431#15	0
4406	Q0	55429#0	0
4406	Q0	15636#0	0
4407	Q0	2691874#1	1
4407	Q0	22931#15	0
4407	Q0	260297#2	0
4407	Q0	3022#28	0
4407	Q0	13147#11	0
4407	Q0	233667#0	0
4407	Q0	12036#7	0
4407	Q0	68068#0	0
4407	Q0	112908#12	0
4407	Q0	104202#1	0
4408	Q0	9179#2	1
4408	Q0	9179#45	1
4408	Q0	9179#5	1
4408	Q0	11929#1	1
4408	Q0	9179#55	0
4408	Q0	9179#68	0
4408	Q0	9179#44	0
4408	Q0	145801#1	0
4408	Q0	9179#3	0
4408	Q0	9179#31	0
4409	Q0	246716#33	1
4409	Q0	246716#61	1
4409	Q0	16803#1	1
4409	Q0	79026#0	0
4409	Q0	246716#0	0
4409	Q0	246716#3	0
4409	Q0	246716#84	0
4409	Q0	246716#74	0
4409	Q0	412902#50	0
4409	Q0	246716#52	0
4410	Q0	36792#15	1
4410	Q0	71293#12	1
4410	Q0	795#7	0
4410	Q0	57565#3	0
4410	Q0	49898#1	0
4410	Q0	254971#8	0
4410	Q0	214398#14	0
4410	Q0	12216#65	0
4410	Q0	195604#31	0
4410	Q0	1101#41	0
4411	Q0	190889#9	1
4411	Q0	190889#1	1
4411	Q0	190889#0	1
4411	Q0	190889#5	1
4411	Q0	190889#3	0
4411	Q0	190889#6	0
4411	Q0	190896#0	0
4411	Q0	190889#11	0
4411	Q0	190896#1	0
4411	Q0	190896#4	0
4412	Q0	388017#1	1
4412	Q0	365887#17	1
4412	Q0	365887#27	1
4412	Q0	365887#32	1
4412	Q0	49666#2	0
4412	Q0	392957#21	0
4412	Q0	84#3	0
4412	Q0	185673#2	0
4412	Q0	84#31	0
4412	Q0	365887#10	0
4416	Q0	243147#0	1
4416	Q0	243147#1	1
4416	Q0	243147#11	1
4416	Q0	243147#7	1
4416	Q0	243147#22	0
4416	Q0	243147#19	0
4416	Q0	243147#2	0
4416	Q0	243147#3	0
4416	Q0	243147#16	0
4416	Q0	216981#2	0
4416	Q0	243147#18	0
4416	Q0	243147#5	0
4418	Q0	223869#3	1
4418	Q0	20877#25	1
4418	Q0	304153#0	1
4418	Q0	325279#6	1
4418	Q0	31356#7	1
4418	Q0	223869#7	0
4418	Q0	20877#14	0
4418	Q0	14631#47	0
4418	Q0	30013#0	0
4418	Q0	134611#0	0
4419	Q0	161242#4	1
4419	Q0	161242#24	1
4419	Q0	161242#15	1
4419	Q0	161242#6	1
4419	Q0	161242#7	1
4419	Q0	161242#17	1
4419	Q0	161242#5	1
4419	Q0	161242#9	1
4419	Q0	161242#26	0
4419	Q0	161242#19	0
4419	Q0	161242#10	0
4419	Q0	161242#8	0
4419	Q0	161242#16	0
4419	Q0	178187#9	0
4419	Q0	211490#20	0
4419	Q0	161242#21	0
4420	Q0	14371#1	1
4420	Q0	14943#1	1
4420	Q0	439553#5	1
4420	Q0	311717#0	1
4420	Q0	126742#0	1
4420	Q0	140161#1	1
4420	Q0	69642#0	0
4420	Q0	23753#1	0
4420	Q0	14955#0	0
4420	Q0	14968#1	0
4422	Q0	16084#1	1
4422	Q0	126300#0	1
4422	Q0	231936#0	1
4422	Q0	113664#9	1
4422	Q0	428901#0	0
4422	Q0	193916#0	0
4422	Q0	16084#9	0
4422	Q0	19655#4	0
4422	Q0	16084#7	0
4422	Q0	19655#0	0
4423	Q0	15042#2	1
4423	Q0	236426#51	1
4423	Q0	236426#61	0
4423	Q0	186355#1	0
4423	Q0	197063#1	0
4423	Q0	361412#0	0
4423	Q0	236426#23	0
4423	Q0	236426#65	0
4423	Q0	236426#53	0
4423	Q0	86944#14	0
4424	Q0	371657#1	1
4424	Q0	208747#39	1
4424	Q0	205935#0	1
4424	Q0	371657#3	0
4424	Q0	208747#49	0
4424	Q0	85304#1	0
4424	Q0	371657#7	0
4424	Q0	303375#0	0
4424	Q0	371657#5	0
4424	Q0	208747#51	0
4425	Q0	2717#0	1
4425	Q0	78523#0	1
4425	Q0	53435#0	0
4425	Q0	78046#0	0
4425	Q0	77729#0	0
4425	Q0	10473#0	0
4425	Q0	80244#0	0
4425	Q0	80252#0	0
4425	Q0	79921#0	0
4425	Q0	80046#0	0
4426	Q0	11383#3	1
4426	Q0	11383#1	1
4426	Q0	57278#5	1
4426	Q0	25087#1	1
4426	Q0	11383#19	1
4426	Q0	285661#38	1
4426	Q0	54298#5	0
4426	Q0	11383#0	0
4426	Q0	275381#13	0
4426	Q0	11383#4	0
4427	Q0	107485#8	1
4427	Q0	107485#0	1
4427	Q0	107485#1	1
4427	Q0	107485#2	1
4427	Q0	30653#27	1
4427	Q0	112329#2	0
4427	Q0	38136#25	0
4427	Q0	9260#21	0
4427	Q0	127377#7	0
4427	Q0	127689#0	0
4428	Q0	3811#7	1
4428	Q0	273126#0	1
4428	Q0	54829#0	1
4428	Q0	266136#0	1
4428	Q0	129240#1	0
4428	Q0	302301#6	0
4428	Q0	443034#3	0
4428	Q0	177869#0	0
4428	Q0	321669#1	0
4428	Q0	440553#30	0
4429	Q0	319628#5	1
4429	Q0	224992#9	1
4429	Q0	224992#11	0
4429	Q0	224992#12	0
4429	Q0	159791#1	0
4429	Q0	22924#4	0
4429	Q0	201498#6	0
4429	Q0	224992#15	0
4429	Q0	210346#3	0
4429	Q0	282835#5	0
4430	Q0	16761#0	1
4430	Q0	26875#7	1
4430	Q0	5422#0	1
4430	Q0	289309#3	0
4430	Q0	12116#4	0
4430	Q0	345647#12	0
4430	Q0	19520#7	0
4430	Q0	78768#2	0
4430	Q0	289309#4	0
4430	Q0	7292#0	0
4431	Q0	6212#4	1
4431	Q0	83#15	1
4431	Q0	8401#0	0
4431	Q0	8401#17	0
4431	Q0	14297#2	0
4431	Q0	6769#0	0
4431	Q0	6211#2	0
4431	Q0	6760#2	0
4431	Q0	251955#2	0
4431	Q0	6212#1	0
4432	Q0	226134#0	1
4432	Q0	226129#0	1
4432	Q0	55346#17	0
4432	Q0	238396#0	0
4432	Q0	238501#0	0
4432	Q0	262737#0	0
4432	Q0	2836#28	0
4432	Q0	77983#4	0
4432	Q0	71802#6	0
4432	Q0	105168#2	0
4433	Q0	316621#3	1
4433	Q0	316621#0	1
4433	Q0	316621#1	1
4433	Q0	316621#2	1
4433	Q0	57962#0	1
4433	Q0	279761#24	0
4433	Q0	38712#0	0
4433	Q0	3992#5	0
4433	Q0	13093#0	0
4433	Q0	18363#0	0
4434	Q0	4041#0	1
4434	Q0	6721#2	1
4434	Q0	3777#23	1
4434	Q0	4812#14	1
4434	Q0	4039#2	1
4434	Q0	42986#2	0
4434	Q0	4812#0	0
4434	Q0	202887#2	0
4434	Q0	4040#0	0
4434	Q0	4039#24	0
4437	Q0	52548#0	1
4437	Q0	44659#0	1
4437	Q0	322366#17	0
4437	Q0	227785#1	0
4437	Q0	67349#0	0
4437	Q0	199581#25	0
4437	Q0	2985#13	0
4437	Q0	228152#8	0
4437	Q0	203694#0	0
4437	Q0	377611#1	0
4438	Q0	15362#0	1
4438	Q0	16313#0	1
4438	Q0	15362#12	1
4438	Q0	15362#2	0
4438	Q0	15362#8	0
4438	Q0	19098#2	0
4438	Q0	236785#16	0
4438	Q0	131240#1	0
4438	Q0	222448#0	0
4438	Q0	15362#5	0
4439	Q0	6835#1	1
4439	Q0	44442#19	1
4439	Q0	44442#1	0
4439	Q0	4189#0	0
4439	Q0	200015#4	0
4439	Q0	200015#3	0
4439	Q0	33972#1	0
4439	Q0	417740#2	0
4439	Q0	68068#0	0
4439	Q0	32653#7	0
4439	Q0	318386#2	0
4440	Q0	11292#1	1
4440	Q0	14968#1	1
4440	Q0	14631#43	1
4440	Q0	14955#0	1
4440	Q0	11292#4	0
4440	Q0	11292#19	0
4440	Q0	11292#13	0
4440	Q0	11292#2	0
4440	Q0	198835#0	0
4440	Q0	11292#22	0
4441	Q0	266999#45	1
4441	Q0	117479#27	1
4441	Q0	34499#12	1
4441	Q0	434666#0	1
4441	Q0	16589#0	0
4441	Q0	34499#14	0
4441	Q0	34499#15	0
4441	Q0	34499#18	0
4441	Q0	388875#0	0
4441	Q0	141551#10	0
4448	Q0	12681#16	1
4448	Q0	8341#0	0
4448	Q0	8107#31	0
4448	Q0	8107#0	0
4448	Q0	9266#26	0
4448	Q0	8107#58	0
4448	Q0	8107#12	0
4448	Q0	8107#28	0
4448	Q0	8107#32	0
4448	Q0	28034#0	0
4450	Q0	20401#0	1
4450	Q0	53229#9	0
4450	Q0	28563#1	0
4450	Q0	265666#25	0
4450	Q0	3221#16	0
4450	Q0	1803512#2	0
4450	Q0	739#20	0
4450	Q0	5068#14	0
4450	Q0	415443#3	0
4450	Q0	739#44	0
4453	Q0	103363#0	1
4453	Q0	9036#2	0
4453	Q0	129050#0	0
4453	Q0	16424#0	0
4453	Q0	91368#0	0
4453	Q0	5141#12	0
4453	Q0	222448#0	0
4453	Q0	8104#6	0
4453	Q0	44#39	0
4453	Q0	234069#37	0
4455	Q0	25936#0	1
4455	Q0	22214#18	1
4455	Q0	342704#1	1
4455	Q0	110166#2	0
4455	Q0	119189#0	0
4455	Q0	125093#9	0
4455	Q0	216021#0	0
4455	Q0	252870#0	0
4455	Q0	110166#0	0
4455	Q0	212396#0	0
4456	Q0	418001#15	1
4456	Q0	418001#17	0
4456	Q0	418001#5	0
4456	Q0	418001#0	0
4456	Q0	418001#4	0
4456	Q0	418001#6	0
4456	Q0	6700#45	0
4456	Q0	418001#16	0
4456	Q0	418001#12	0
4456	Q0	269687#1	0
4457	Q0	2740#59	1
4457	Q0	22214#11	1
4457	Q0	2740#1	1
4457	Q0	15073#0	1
4457	Q0	2740#3	1
4457	Q0	2740#72	0
4457	Q0	2643#6	0
4457	Q0	2740#64	0
4457	Q0	3794#7	0
4457	Q0	2740#16	0
4458	Q0	30653#7	1
4458	Q0	30653#16	1
4458	Q0	30653#13	1
4458	Q0	10224#31	1
4458	Q0	30653#14	0
4458	Q0	63997#0	0
4458	Q0	30653#15	0
4458	Q0	30653#10	0
4458	Q0	30653#28	0
4458	Q0	30653#11	0
4458	Q0	30653#1	0
4459	Q0	123749#54	1
4459	Q0	130580#15	1
4459	Q0	130580#0	1
4459	Q0	130580#3	0
4459	Q0	130580#7	0
4459	Q0	130580#1	0
4459	Q0	130580#2	0
4459	Q0	130580#16	0
4459	Q0	130580#11	0
4459	Q0	130580#12	0
4461	Q0	26966#3	1
4461	Q0	3493#97	1
4461	Q0	122940#1	1
4461	Q0	60609#3	1
4461	Q0	143732#1	0
4461	Q0	2980#1	0
4461	Q0	143732#0	0
4461	Q0	270794#1	0
4461	Q0	146014#6	0
4461	Q0	21333#4	0
4462	Q0	756#5	1
4462	Q0	6153#37	0
4462	Q0	152651#10	0
4462	Q0	756#28	0
4462	Q0	1046#6	0
4462	Q0	379268#0	0
4462	Q0	8273#7	0
4462	Q0	756#32	0
4462	Q0	838#17	0
4462	Q0	453274#1	0
4463	Q0	124610#33	1
4463	Q0	124610#28	1
4463	Q0	264195#0	1
4463	Q0	214187#0	1
4463	Q0	9160#0	0
4463	Q0	4396#17	0
4463	Q0	4396#15	0
4463	Q0	143964#0	0
4463	Q0	4396#5	0
4463	Q0	14745#0	0
4464	Q0	339432#0	1
4464	Q0	2980#12	0
4464	Q0	27384#21	0
4464	Q0	269638#0	0
4464	Q0	2980#8	0
4464	Q0	143731#0	0
4464	Q0	27384#17	0
4464	Q0	269638#3	0
4464	Q0	399981#3	0
4464	Q0	17187#6	0
4465	Q0	4270#1	1
4465	Q0	35218#3	1
4465	Q0	89704#0	1
4465	Q0	15171#5	1
4465	Q0	202490#0	1
4465	Q0	15171#4	0
4465	Q0	35220#1	0
4465	Q0	15171#9	0
4465	Q0	245448#13	0
4465	Q0	373060#0	0
4466	Q0	403980#1	1
4466	Q0	83136#1	1
4466	Q0	83507#3	1
4466	Q0	120874#25	0
4466	Q0	393018#0	0
4466	Q0	146169#21	0
4466	Q0	204637#1	0
4466	Q0	146169#10	0
4466	Q0	242190#20	0
4466	Q0	256359#0	0
4468	Q0	4962#52	1
4468	Q0	4962#24	1
4468	Q0	29955#8	1
4468	Q0	140161#6	1
4468	Q0	4962#1	1
4468	Q0	243693#0	0
4468	Q0	324758#1	0
4468	Q0	136284#54	0
4468	Q0	273895#0	0
4468	Q0	686#3	0
4469	Q0	36959#0	1
4469	Q0	154944#13	1
4469	Q0	36959#2	1
4469	Q0	36959#14	1
4469	Q0	240868#9	1
4469	Q0	36959#20	0
4469	Q0	36959#1	0
4469	Q0	154944#2	0
4469	Q0	156428#1	0
4469	Q0	36959#8	0
4470	Q0	31915#38	1
4470	Q0	2372263#0	1
4470	Q0	48363#20	0
4470	Q0	202480#0	0
4470	Q0	43417#12	0
4470	Q0	45226#1	0
4470	Q0	810#0	0
4470	Q0	217604#1	0
4470	Q0	202718#0	0
4470	Q0	147299#0	0
4473	Q0	13979#0	1
4473	Q0	4391#114	1
4473	Q0	312545#5	1
4473	Q0	4391#16	1
4473	Q0	14506#0	0
4473	Q0	4391#94	0
4473	Q0	284842#0	0
4473	Q0	422184#0	0
4473	Q0	114672#32	0
4473	Q0	4391#2	0
4476	Q0	28452#0	1
4476	Q0	88024#0	1
4476	Q0	52#20	1
4476	Q0	52#17	1
4476	Q0	6208#17	0
4476	Q0	310840#1	0
4476	Q0	310840#3	0
4476	Q0	278307#0	0
4476	Q0	310840#5	0
4476	Q0	200015#3	0
4477	Q0	223118#0	1
4477	Q0	22924#53	1
4477	Q0	23699#24	1
4477	Q0	214005#0	0
4477	Q0	208418#7	0
4477	Q0	22924#0	0
4477	Q0	196444#0	0
4477	Q0	22924#4	0
4477	Q0	22924#65	0
4477	Q0	22924#69	0
4479	Q0	385539#0	1
4479	Q0	29531#0	1
4479	Q0	385539#3	1
4479	Q0	385539#1	1
4479	Q0	304145#31	0
4479	Q0	385539#2	0
4479	Q0	33176#134	0
4479	Q0	1101#13	0
4479	Q0	86151#10	0
4479	Q0	33176#1	0
4480	Q0	11292#20	1
4480	Q0	356390#5	1
4480	Q0	15055#10	0
4480	Q0	15055#9	0
4480	Q0	236426#25	0
4480	Q0	204860#1	0
4480	Q0	23752#8	0
4480	Q0	437782#20	0
4480	Q0	236426#64	0
4480	Q0	157551#1	0
4482	Q0	45855#2	1
4482	Q0	29582#0	1
4482	Q0	230819#0	0
4482	Q0	228912#13	0
4482	Q0	231327#0	0
4482	Q0	34497#17	0
4482	Q0	34497#10	0
4482	Q0	34497#24	0
4482	Q0	228912#19	0
4482	Q0	29582#19	0
4483	Q0	26296#3	1
4483	Q0	25923#6	1
4483	Q0	26296#4	1
4483	Q0	25923#20	1
4483	Q0	26297#0	1
4483	Q0	26296#0	1
4483	Q0	80988#0	0
4483	Q0	25923#42	0
4483	Q0	45540#53	0
4483	Q0	25923#1	0
4484	Q0	246716#33	1
4484	Q0	246716#74	0
4484	Q0	246716#0	0
4484	Q0	246716#3	0
4484	Q0	246716#95	0
4484	Q0	246716#61	0
4484	Q0	246716#71	0
4484	Q0	246716#31	0
4484	Q0	246716#90	0
4484	Q0	246716#84	0
4486	Q0	14866#0	1
4486	Q0	25144#3	1
4486	Q0	18525#2	1
4486	Q0	232352#18	1
4486	Q0	140784#1	0
4486	Q0	25144#5	0
4486	Q0	25144#2	0
4486	Q0	34073#4	0
4486	Q0	14000#4	0
4486	Q0	25144#9	0
4490	Q0	31476#1	1
4490	Q0	1033#2	1
4490	Q0	3278#1	1
4490	Q0	56651#0	0
4490	Q0	290745#0	0
4490	Q0	838#17	0
4490	Q0	262067#0	0
4490	Q0	31457#3	0
4490	Q0	250216#5	0
4490	Q0	250390#1	0
4491	Q0	304068#0	1
4491	Q0	286810#18	1
4491	Q0	69079#13	1
4491	Q0	121676#36	1
4491	Q0	80157#3	1
4491	Q0	3194#0	0
4491	Q0	22456#26	0
4491	Q0	70487#2	0
4491	Q0	9935#23	0
4491	Q0	238612#2	0
4493	Q0	203285#31	1
4493	Q0	2345510#6	1
4493	Q0	25081#0	0
4493	Q0	41922#2	0
4493	Q0	3855#33	0
4493	Q0	49710#1	0
4493	Q0	393855#1	0
4493	Q0	391767#1	0
4493	Q0	436053#1	0
4493	Q0	305763#2	0
4494	Q0	69320#81	1
4494	Q0	69320#84	1
4494	Q0	6471#4	0
4494	Q0	3285#0	0
4494	Q0	69320#83	0
4494	Q0	3285#5	0
4494	Q0	69320#82	0
4494	Q0	12587#0	0
4494	Q0	6471#0	0
4494	Q0	117975#38	0
4495	Q0	1109#8	1
4495	Q0	1109#9	1
4495	Q0	1109#22	1
4495	Q0	1109#25	1
4495	Q0	336802#7	0
4495	Q0	38811#1	0
4495	Q0	344618#46	0
4495	Q0	1109#31	0
4495	Q0	45653#8	0
4495	Q0	1109#12	0
4496	Q0	6867#15	1
4496	Q0	331301#1	1
4496	Q0	6867#11	1
4496	Q0	5408#8	1
4496	Q0	245639#16	1
4496	Q0	6867#10	0
4496	Q0	6867#16	0
4496	Q0	6867#5	0
4496	Q0	5011#7	0
4496	Q0	6867#0	0
4497	Q0	6317#3	1
4497	Q0	69008#7	1
4497	Q0	16849#25	1
4497	Q0	18194#10	1
4497	Q0	22117#3	1
4497	Q0	146730#2	0
4497	Q0	1415376#10	0
4497	Q0	276746#73	0
4497	Q0	2784#16	0
4497	Q0	42044#7	0
4497	Q0	6317#1	0
4497	Q0	6317#4	0
4498	Q0	1842180#0	1
4498	Q0	1842180#1	1
4498	Q0	94547#3	0
4498	Q0	12824#3	0
4498	Q0	20061#8	0
4498	Q0	16172#18	0
4498	Q0	156324#3	0
4498	Q0	22665#4	0
4498	Q0	12824#8	0
4498	Q0	703#14	0
4498	Q0	4483#13	0
4498	Q0	46141#26	0
4499	Q0	243472#5	1
4499	Q0	243472#1	1
4499	Q0	243472#2	0
4499	Q0	243472#0	0
4499	Q0	45442#31	0
4499	Q0	4397#16	0
4499	Q0	4402#2	0
4499	Q0	4433#0	0
4499	Q0	2715#4	0
4499	Q0	1101#47	0
4501	Q0	3396#0	1
4501	Q0	3594#0	1
4501	Q0	3691#0	1
4501	Q0	3640#2	1
4501	Q0	3442#0	1
4501	Q0	421274#3	0
4501	Q0	421259#2	0
4501	Q0	3403#0	0
4501	Q0	172103#2	0
4501	Q0	3697#0	0
4502	Q0	97778#2	1
4502	Q0	69566#9	0
4502	Q0	5077#3	0
4502	Q0	5077#4	0
4502	Q0	100112#1	0
4502	Q0	365073#0	0
4502	Q0	5077#7	0
4502	Q0	5077#1	0
4502	Q0	78979#1	0
4502	Q0	30660#9	0
4504	Q0	36701#0	1
4504	Q0	36701#1	0
4504	Q0	36701#7	0
4504	Q0	36701#10	0
4504	Q0	36701#16	0
4504	Q0	36701#11	0
4504	Q0	36701#13	0
4504	Q0	36701#17	0
4504	Q0	36701#8	0
4504	Q0	36701#15	0
4505	Q0	415220#8	1
4505	Q0	415220#6	1
4505	Q0	415220#0	0
4505	Q0	415246#0	0
4505	Q0	415220#9	0
4505	Q0	217656#3	0
4505	Q0	415220#1	0
4505	Q0	415220#7	0
4505	Q0	305719#8	0
4505	Q0	417692#21	0
4507	Q0	2643#48	1
4507	Q0	25903#11	1
4507	Q0	155059#1	1
4507	Q0	1046#8	0
4507	Q0	45245#2	0
4507	Q0	1046#5	0
4507	Q0	1046#7	0
4507	Q0	76281#10	0
4507	Q0	140041#41	0
4507	Q0	1046#6	0
4508	Q0	1003#20	1
4508	Q0	1003#56	1
4508	Q0	1003#24	0
4508	Q0	1003#19	0
4508	Q0	1003#51	0
4508	Q0	1003#23	0
4508	Q0	1003#0	0
4508	Q0	1003#67	0
4508	Q0	301544#0	0
4508	Q0	216573#0	0
4511	Q0	1435291#7	1
4511	Q0	1033#5	0
4511	Q0	157096#1	0
4511	Q0	104354#1	0
4511	Q0	904#0	0
4511	Q0	48803#2	0
4511	Q0	81282#0	0
4511	Q0	3235#4	0
4511	Q0	226434#0	0
4513	Q0	4093#11	1
4513	Q0	6867#0	0
4513	Q0	6867#44	0
4513	Q0	6867#11	0
4513	Q0	6867#6	0
4513	Q0	6867#67	0
4513	Q0	6867#15	0
4513	Q0	6867#5	0
4513	Q0	6867#10	0
4513	Q0	6867#23	0
4515	Q0	37148#1	1
4515	Q0	37148#15	1
4515	Q0	334776#0	0
4515	Q0	206709#1	0
4515	Q0	37148#11	0
4515	Q0	37148#10	0
4515	Q0	13224#1	0
4515	Q0	37148#4	0
4515	Q0	37148#14	0
4515	Q0	206709#12	0
4518	Q0	10241#0	1
4518	Q0	10241#5	0
4518	Q0	10241#19	0
4518	Q0	10241#33	0
4518	Q0	10241#37	0
4518	Q0	439889#0	0
4518	Q0	10241#17	0
4518	Q0	10241#40	0
4518	Q0	10241#11	0
4518	Q0	10241#29	0
4521	Q0	110940#3	1
4521	Q0	186023#16	1
4521	Q0	49192#0	0
4521	Q0	10809#7	0
4521	Q0	49192#10	0
4521	Q0	117043#14	0
4521	Q0	208818#0	0
4521	Q0	10809#8	0
4521	Q0	9552#2	0
4521	Q0	10809#3	0
4522	Q0	284604#9	1
4522	Q0	285304#24	0
4522	Q0	197664#7	0
4522	Q0	368118#2	0
4522	Q0	102004#1	0
4522	Q0	281979#3	0
4522	Q0	285304#20	0
4522	Q0	58967#1	0
4522	Q0	285304#21	0
4522	Q0	708#96	0
4523	Q0	15247#8	1
4523	Q0	3107#0	1
4523	Q0	3107#35	1
4523	Q0	132859#0	1
4523	Q0	3107#2	1
4523	Q0	350073#1	1
4523	Q0	3107#5	1
4523	Q0	3107#31	1
4523	Q0	3107#21	1
4523	Q0	350073#0	0
4523	Q0	3107#1	0
4523	Q0	3107#4	0
4524	Q0	50238#9	1
4524	Q0	44742#0	1
4524	Q0	44742#12	1
4524	Q0	44742#13	0
4524	Q0	44742#8	0
4524	Q0	44742#2	0
4524	Q0	44742#10	0
4524	Q0	44742#14	0
4524	Q0	44742#9	0
4524	Q0	44742#15	0
4525	Q0	65602#67	1
4525	Q0	249004#9	0
4525	Q0	65602#2	0
4525	Q0	65602#8	0
4525	Q0	65602#0	0
4525	Q0	276681#5	0
4525	Q0	77944#0	0
4525	Q0	56705#22	0
4525	Q0	228996#0	0
4525	Q0	65602#22	0
4530	Q0	12192#23	1
4530	Q0	74249#2	1
4530	Q0	74249#36	1
4530	Q0	74249#3	0
4530	Q0	87637#7	0
4530	Q0	28048#8	0
4530	Q0	87637#22	0
4530	Q0	135925#31	0
4530	Q0	87637#40	0
4530	Q0	87637#31	0
4531	Q0	258631#0	1
4531	Q0	4419#93	1
4531	Q0	4642#2	0
4531	Q0	4419#108	0
4531	Q0	4419#95	0
4531	Q0	14059#0	0
4531	Q0	4419#33	0
4531	Q0	270592#6	0
4531	Q0	4650#2	0
4531	Q0	4650#1	0
4532	Q0	4396#0	1
4532	Q0	8104#6	0
4532	Q0	4396#5	0
4532	Q0	4396#6	0
4532	Q0	4396#2	0
4532	Q0	213688#18	0
4532	Q0	4396#4	0
4532	Q0	213688#45	0
4532	Q0	4396#50	0
4532	Q0	213688#46	0
4533	Q0	22153#3	1
4533	Q0	22153#0	1
4533	Q0	151784#12	1
4533	Q0	22153#1	0
4533	Q0	22153#5	0
4533	Q0	36969#3	0
4533	Q0	37414#5	0
4533	Q0	22153#2	0
4533	Q0	7349#3	0
4533	Q0	78175#1	0
4534	Q0	12085#6	1
4534	Q0	276604#5	1
4534	Q0	151549#2	0
4534	Q0	59239#108	0
4534	Q0	126522#18	0
4534	Q0	151549#3	0
4534	Q0	4019#4	0
4534	Q0	307741#5	0
4534	Q0	2621139#2	0
4534	Q0	206783#4	0
4535	Q0	45442#1	1
4535	Q0	4962#12	1
4535	Q0	4962#64	1
4535	Q0	21098#1	0
4535	Q0	29955#8	0
4535	Q0	155057#6	0
4535	Q0	4962#3	0
4535	Q0	4962#28	0
4535	Q0	121816#2	0
4535	Q0	15179#6	0
4538	Q0	1082#0	1
4538	Q0	1092#9	0
4538	Q0	4063#1	0
4538	Q0	13033#4	0
4538	Q0	4198#11	0
4538	Q0	310840#3	0
4538	Q0	1086#0	0
4538	Q0	124536#2	0
4538	Q0	37776#2	0
4538	Q0	87051#0	0
4539	Q0	13852#0	1
4539	Q0	22892#1	0
4539	Q0	22889#0	0
4539	Q0	433155#31	0
4539	Q0	153337#0	0
4539	Q0	433155#24	0
4539	Q0	12365#2	0
4539	Q0	12365#3	0
4539	Q0	367902#6	0
4539	Q0	273083#0	0
4540	Q0	49324#0	1
4540	Q0	49324#23	0
4540	Q0	255183#0	0
4540	Q0	49324#2	0
4540	Q0	13164#1	0
4540	Q0	331602#5	0
4540	Q0	328495#2	0
4540	Q0	80773#2	0
4540	Q0	314176#0	0
4540	Q0	335410#2	0
4541	Q0	2867#1	1
4541	Q0	2867#0	1
4541	Q0	2867#2	1
4541	Q0	101772#0	0
4541	Q0	19081#29	0
4541	Q0	4642#0	0
4541	Q0	18743#0	0
4541	Q0	4673#0	0
4541	Q0	258328#0	0
4541	Q0	13016#0	0
4541	Q0	263615#3	0
4541	Q0	135990#0	0
4542	Q0	305339#1	1
4542	Q0	372482#5	1
4542	Q0	798#18	1
4542	Q0	3178#15	0
4542	Q0	9262#5	0
4542	Q0	12216#65	0
4542	Q0	3178#17	0
4542	Q0	231611#4	0
4542	Q0	3493#97	0
4542	Q0	31461#1	0
4543	Q0	13070#6	1
4543	Q0	13070#0	1
4543	Q0	13070#17	0
4543	Q0	13070#11	0
4543	Q0	13070#1	0
4543	Q0	13070#12	0
4543	Q0	123754#2	0
4543	Q0	15556#3	0
4543	Q0	30752#9	0
4543	Q0	4591#7	0
4544	Q0	19013#0	1
4544	Q0	32247#4	0
4544	Q0	184764#3	0
4544	Q0	40803#0	0
4544	Q0	2835#24	0
4544	Q0	85965#2	0
4544	Q0	2835#45	0
4544	Q0	184764#0	0
4544	Q0	5453#5	0
4544	Q0	129131#2	0
4545	Q0	690#63	1
4545	Q0	690#70	1
4545	Q0	54271#28	0
4545	Q0	4168#10	0
4545	Q0	4648#15	0
4545	Q0	146698#20	0
4545	Q0	18191#59	0
4545	Q0	690#66	0
4545	Q0	30255#0	0
4545	Q0	690#35	0
4546	Q0	3720#0	1
4546	Q0	61759#48	1
4546	Q0	3109#34	0
4546	Q0	1062#0	0
4546	Q0	3720#25	0
4546	Q0	85677#0	0
4546	Q0	6276#65	0
4546	Q0	116276#1	0
4546	Q0	6276#64	0
4546	Q0	123708#3	0
4547	Q0	146698#7	1
4547	Q0	241102#8	1
4547	Q0	241102#10	1
4547	Q0	198497#1	1
4547	Q0	236249#10	0
4547	Q0	371796#4	0
4547	Q0	236249#7	0
4547	Q0	44#21	0
4547	Q0	198497#6	0
4547	Q0	1025#11	0
4548	Q0	13070#2	1
4548	Q0	13070#9	1
4548	Q0	13070#1	1
4548	Q0	13070#4	0
4548	Q0	13070#3	0
4548	Q0	13070#17	0
4548	Q0	13070#6	0
4548	Q0	13070#11	0
4548	Q0	13070#18	0
4548	Q0	13070#14	0
4550	Q0	346681#0	1
4550	Q0	18612#21	0
4550	Q0	4650#1	0
4550	Q0	4642#0	0
4550	Q0	270592#6	0
4550	Q0	4500#28	0
4550	Q0	51509#0	0
4550	Q0	79278#0	0
4550	Q0	101772#0	0
4550	Q0	365564#6	0
4552	Q0	110985#4	1
4552	Q0	53129#9	0
4552	Q0	22537#19	0
4552	Q0	198497#4	0
4552	Q0	34332#0	0
4552	Q0	57459#2	0
4552	Q0	110985#0	0
4552	Q0	57459#0	0
4552	Q0	54038#7	0
4552	Q0	34393#14	0
4553	Q0	195172#2	1
4553	Q0	199554#0	1
4553	Q0	195172#6	1
4553	Q0	195172#1	1
4553	Q0	195172#3	1
4553	Q0	195172#0	0
4553	Q0	195172#5	0
4553	Q0	195172#4	0
4553	Q0	48830#17	0
4553	Q0	48818#1	0
4554	Q0	91699#0	1
4554	Q0	14467#2	1
4554	Q0	281974#0	1
4554	Q0	120857#0	1
4554	Q0	247792#0	0
4554	Q0	247763#0	0
4554	Q0	280161#0	0
4554	Q0	91698#0	0
4554	Q0	287263#0	0
4554	Q0	236771#0	0
4555	Q0	21908#7	1
4555	Q0	21908#0	1
4555	Q0	12980#99	0
4555	Q0	12980#105	0
4555	Q0	60736#8	0
4555	Q0	217576#27	0
4555	Q0	12980#12	0
4555	Q0	12980#76	0
4555	Q0	12980#26	0
4555	Q0	12980#16	0
4556	Q0	144325#12	1
4556	Q0	124066#15	1
4556	Q0	208743#0	0
4556	Q0	329804#0	0
4556	Q0	321943#0	0
4556	Q0	219997#0	0
4556	Q0	225231#7	0
4556	Q0	30828#0	0
4556	Q0	67031#4	0
4556	Q0	822561#0	0
4557	Q0	21098#2	1
4557	Q0	21098#1	1
4557	Q0	21098#0	1
4557	Q0	236668#4	1
4557	Q0	10448#57	0
4557	Q0	33176#9	0
4557	Q0	3794#7	0
4557	Q0	196556#2	0
4557	Q0	595258#59	0
4557	Q0	81282#0	0
4558	Q0	75788#0	1
4558	Q0	6463#12	1
4558	Q0	382154#0	1
4558	Q0	1#5	1
4558	Q0	20987#3	0
4558	Q0	1#0	0
4558	Q0	24160#0	0
4558	Q0	264521#0	0
4558	Q0	370945#25	0
4558	Q0	117995#0	0
4559	Q0	5141#12	1
4559	Q0	5141#13	1
4559	Q0	4926#3	0
4559	Q0	49395#17	0
4559	Q0	5141#21	0
4559	Q0	49395#1	0
4559	Q0	48188#0	0
4559	Q0	5141#15	0
4559	Q0	838#17	0
4559	Q0	364902#3	0
4560	Q0	329822#2	1
4560	Q0	7794#0	1
4560	Q0	309680#0	1
4560	Q0	7794#4	1
4560	Q0	7794#1	1
4560	Q0	7793#4	1
4560	Q0	233512#9	0
4560	Q0	28758#6	0
4560	Q0	30531#2	0
4560	Q0	285879#5	0
4561	Q0	83197#0	1
4561	Q0	407983#4	1
4561	Q0	83197#1	1
4561	Q0	407983#3	1
4561	Q0	82908#0	1
4561	Q0	263240#2	0
4561	Q0	82930#1	0
4561	Q0	92505#8	0
4561	Q0	92505#7	0
4561	Q0	407983#0	0
4562	Q0	260288#0	1
4562	Q0	434984#9	1
4562	Q0	440640#2	1
4562	Q0	58164#0	0
4562	Q0	430691#4	0
4562	Q0	233903#5	0
4562	Q0	289944#0	0
4562	Q0	13795#3	0
4562	Q0	4448#0	0
4562	Q0	233368#0	0
4563	Q0	20877#10	1
4563	Q0	20877#32	0
4563	Q0	20877#31	0
4563	Q0	41128#4	0
4563	Q0	204500#0	0
4563	Q0	20877#36	0
4563	Q0	27621#46	0
4563	Q0	41128#3	0
4563	Q0	27621#47	0
4563	Q0	85087#1	0
4565	Q0	11523#1	1
4565	Q0	709#29	0
4565	Q0	45788#16	0
4565	Q0	45788#14	0
4565	Q0	45788#12	0
4565	Q0	341635#6	0
4565	Q0	45788#6	0
4565	Q0	709#71	0
4565	Q0	45788#8	0
4565	Q0	45569#34	0
4566	Q0	22924#23	1
4566	Q0	22924#50	1
4566	Q0	22924#21	1
4566	Q0	193260#7	1
4566	Q0	22924#0	1
4566	Q0	22924#1	0
4566	Q0	23699#24	0
4566	Q0	22924#60	0
4566	Q0	22924#49	0
4566	Q0	241833#33	0
4568	Q0	2667#18	1
4568	Q0	11435#5	1
4568	Q0	2667#17	1
4568	Q0	30186#2	1
4568	Q0	3936#1	1
4568	Q0	51174#34	1
4568	Q0	2664#1	1
4568	Q0	15601#2	1
4568	Q0	2664#2	1
4568	Q0	325108#25	0
4568	Q0	11435#4	0
4570	Q0	40515#0	1
4570	Q0	38624#0	1
4570	Q0	40522#0	1
4570	Q0	132010#0	1
4570	Q0	407037#52	0
4570	Q0	40517#3	0
4570	Q0	6610#6	0
4570	Q0	38621#13	0
4570	Q0	138748#0	0
4570	Q0	40515#51	0
4571	Q0	121405#0	1
4571	Q0	122795#0	1
4571	Q0	122475#0	1
4571	Q0	121053#0	0
4571	Q0	69501#0	0
4571	Q0	56959#3	0
4571	Q0	1071#16	0
4571	Q0	57637#0	0
4571	Q0	58708#0	0
4571	Q0	121055#0	0
4573	Q0	297674#3	1
4573	Q0	71164#0	0
4573	Q0	8578#2	0
4573	Q0	16886#1	0
4573	Q0	295474#0	0
4573	Q0	204856#0	0
4573	Q0	327203#0	0
4573	Q0	3302#17	0
4573	Q0	3302#12	0
4573	Q0	3302#15	0
4575	Q0	227799#5	1
4575	Q0	227799#16	1
4575	Q0	227799#10	1
4575	Q0	227799#18	1
4575	Q0	227799#8	1
4575	Q0	227799#6	1
4575	Q0	227799#1	0
4575	Q0	227799#17	0
4575	Q0	227799#0	0
4575	Q0	227799#9	0
4576	Q0	268038#0	1
4576	Q0	268038#19	1
4576	Q0	268038#22	0
4576	Q0	268038#1	0
4576	Q0	268038#3	0
4576	Q0	268038#2	0
4576	Q0	246534#0	0
4576	Q0	191812#0	0
4576	Q0	268038#16	0
4576	Q0	268038#17	0
4577	Q0	1046#36	1
4577	Q0	757#24	1
4577	Q0	756#32	1
4577	Q0	1046#35	1
4577	Q0	287798#2	1
4577	Q0	757#37	0
4577	Q0	757#32	0
4577	Q0	757#53	0
4577	Q0	757#71	0
4577	Q0	756#29	0
4578	Q0	41053#0	1
4578	Q0	1544402#0	1
4578	Q0	1544402#1	1
4578	Q0	341292#7	0
4578	Q0	1109#28	0
4578	Q0	1109#2	0
4578	Q0	1109#20	0
4578	Q0	27599#0	0
4578	Q0	7014#1	0
4578	Q0	54653#0	0
4578	Q0	1109#8	0
4578	Q0	1109#3	0
4578	Q0	1544402#5	0
4578	Q0	1544402#4	0
4580	Q0	144325#15	1
4580	Q0	208918#0	1
4580	Q0	144325#22	1
4580	Q0	144325#6	0
4580	Q0	144325#23	0
4580	Q0	144325#20	0
4580	Q0	144325#18	0
4580	Q0	130791#10	0
4580	Q0	144325#2	0
4580	Q0	315927#0	0
4581	Q0	4134#4	1
4581	Q0	4024#34	0
4581	Q0	4024#23	0
4581	Q0	4024#21	0
4581	Q0	94325#6	0
4581	Q0	4024#26	0
4581	Q0	4024#22	0
4581	Q0	4024#27	0
4581	Q0	4024#5	0
4581	Q0	4024#6	0
4583	Q0	39130#11	1
4583	Q0	39130#12	1
4583	Q0	10239#34	1
4583	Q0	24788#7	1
4583	Q0	39130#9	0
4583	Q0	39130#8	0
4583	Q0	254858#0	0
4583	Q0	339118#3	0
4583	Q0	79146#1	0
4583	Q0	19070#16	0
4584	Q0	87152#2	1
4584	Q0	88358#1	1
4584	Q0	22456#25	0
4584	Q0	232200#2	0
4584	Q0	238818#1	0
4584	Q0	13520#28	0
4584	Q0	45226#1	0
4584	Q0	3803#10	0
4584	Q0	2468966#0	0
4584	Q0	123919#56	0
4585	Q0	7115#0	1
4585	Q0	11462#0	1
4585	Q0	44849#2	0
4585	Q0	7115#3	0
4585	Q0	288217#0	0
4585	Q0	44211#6	0
4585	Q0	132274#0	0
4585	Q0	421741#1	0
4585	Q0	3992#5	0
4585	Q0	437185#0	0
4587	Q0	4502#8	1
4587	Q0	4502#14	0
4587	Q0	157610#0	0
4587	Q0	158885#0	0
4587	Q0	4015#12	0
4587	Q0	16248#26	0
4587	Q0	4502#0	0
4587	Q0	156286#0	0
4587	Q0	157602#0	0
4587	Q0	156433#0	0
4588	Q0	1544402#0	1
4588	Q0	1544402#5	1
4588	Q0	1544402#4	1
4588	Q0	1544402#1	1
4588	Q0	1109#28	0
4588	Q0	1109#2	0
4588	Q0	341292#7	0
4588	Q0	1109#3	0
4588	Q0	1109#8	0
4588	Q0	1109#11	0
4588	Q0	260315#2	0
4588	Q0	1109#6	0
4588	Q0	221251#0	0
4588	Q0	1109#7	0
4591	Q0	2169694#4	1
4591	Q0	2854#1	0
4591	Q0	4653#2	0
4591	Q0	6922#8	0
4591	Q0	6922#48	0
4591	Q0	15637#4	0
4591	Q0	54469#1	0
4591	Q0	18208#5	0
4591	Q0	13147#11	0
4592	Q0	309216#4	1
4592	Q0	297680#2	0
4592	Q0	297680#0	0
4592	Q0	297680#9	0
4592	Q0	297680#8	0
4592	Q0	281001#25	0
4592	Q0	7329#3	0
4592	Q0	297680#11	0
4592	Q0	63690#2	0
4592	Q0	297680#3	0
4594	Q0	205595#0	1
4594	Q0	205595#3	0
4594	Q0	82342#12	0
4594	Q0	340475#1	0
4594	Q0	205595#8	0
4594	Q0	275246#0	0
4594	Q0	205595#6	0
4594	Q0	205595#14	0
4594	Q0	205595#9	0
4594	Q0	205595#11	0
4595	Q0	351213#17	1
4595	Q0	316101#12	1
4595	Q0	351213#0	1
4595	Q0	114527#0	1
4595	Q0	351213#5	1
4595	Q0	3794#7	0
4595	Q0	3299#11	0
4595	Q0	10627#44	0
4595	Q0	40517#46	0
4595	Q0	1195517#5	0
4597	Q0	22733#6	1
4597	Q0	6715#0	0
4597	Q0	349474#4	0
4597	Q0	124862#0	0
4597	Q0	203548#42	0
4597	Q0	13084#3	0
4597	Q0	205763#0	0
4597	Q0	741961#13	0
4597	Q0	1128#3	0
4597	Q0	81282#0	0
4602	Q0	403300#0	1
4602	Q0	403300#2	0
4602	Q0	403300#4	0
4602	Q0	220755#3	0
4602	Q0	403300#8	0
4602	Q0	12063#16	0
4602	Q0	403300#10	0
4602	Q0	220755#4	0
4602	Q0	403300#9	0
4602	Q0	220755#2	0
4606	Q0	442825#12	1
4606	Q0	38539#0	1
4606	Q0	39422#1	0
4606	Q0	3071#3	0
4606	Q0	321219#0	0
4606	Q0	146730#0	0
4606	Q0	127507#1	0
4606	Q0	376022#0	0
4606	Q0	49458#1	0
4606	Q0	325741#1	0
4607	Q0	12947#0	1
4607	Q0	78256#0	1
4607	Q0	15802#1	0
4607	Q0	12947#4	0
4607	Q0	193384#0	0
4607	Q0	1003#2	0
4607	Q0	315769#0	0
4607	Q0	146533#0	0
4607	Q0	405725#4	0
4607	Q0	65222#8	0
4609	Q0	12085#1	1
4609	Q0	143104#9	1
4609	Q0	12085#4	1
4609	Q0	12085#27	1
4609	Q0	12085#6	0
4609	Q0	843#103	0
4609	Q0	12085#2	0
4609	Q0	12085#7	0
4609	Q0	12085#23	0
4609	Q0	27203#12	0
4610	Q0	2034567#0	1
4610	Q0	256761#2	1
4610	Q0	505853#4	1
4610	Q0	505853#2	1
4610	Q0	505853#1	1
4610	Q0	505853#10	1
4610	Q0	505853#8	1
4610	Q0	838#17	0
4610	Q0	314871#9	0
4610	Q0	7325#4	0
4610	Q0	216897#0	0
4610	Q0	329111#5	0
4610	Q0	216892#0	0
4610	Q0	84608#0	0
4610	Q0	92505#6	0
4610	Q0	505853#7	0
4611	Q0	1068#3	1
4611	Q0	4407#0	1
4611	Q0	4407#31	1
4611	Q0	258627#0	1
4611	Q0	36004#2	1
4611	Q0	4407#11	1
4611	Q0	115954#0	0
4611	Q0	4407#19	0
4611	Q0	4407#32	0
4611	Q0	4407#36	0
4612	Q0	6590#0	1
4612	Q0	22809#4	1
4612	Q0	22809#0	0
4612	Q0	22809#1	0
4612	Q0	22809#3	0
4612	Q0	62862#0	0
4612	Q0	22809#5	0
4612	Q0	200980#0	0
4612	Q0	62862#1	0
4612	Q0	3908#78	0
4612	Q0	19637#0	0
4614	Q0	9266#1	1
4614	Q0	10712#0	1
4614	Q0	10712#1	1
4614	Q0	10070#6	0
4614	Q0	10070#1	0
4614	Q0	4255#5	0
4614	Q0	9266#2	0
4614	Q0	52510#1	0
4614	Q0	124202#6	0
4614	Q0	267827#0	0
4615	Q0	69644#2	1
4615	Q0	69644#22	1
4615	Q0	69644#8	1
4615	Q0	69644#10	1
4615	Q0	69644#14	0
4615	Q0	69644#25	0
4615	Q0	69644#23	0
4615	Q0	69644#11	0
4615	Q0	69644#21	0
4615	Q0	69644#1	0
4616	Q0	37148#1	1
4616	Q0	37148#15	1
4616	Q0	13224#1	0
4616	Q0	22191#8	0
4616	Q0	22191#1	0
4616	Q0	442804#3	0
4616	Q0	22191#6	0
4616	Q0	1101#34	0
4616	Q0	442804#5	0
4616	Q0	3020#100	0
4618	Q0	308975#0	1
4618	Q0	4405#12	1
4618	Q0	241396#0	1
4618	Q0	238904#0	0
4618	Q0	238396#0	0
4618	Q0	241257#0	0
4618	Q0	247581#0	0
4618	Q0	238501#0	0
4618	Q0	238524#0	0
4618	Q0	4436#34	0
4619	Q0	4101#39	1
4619	Q0	4101#1	1
4619	Q0	96216#0	1
4619	Q0	4101#9	1
4619	Q0	4101#5	0
4619	Q0	186042#0	0
4619	Q0	416948#0	0
4619	Q0	110327#2	0
4619	Q0	4101#32	0
4619	Q0	4101#4	0
4620	Q0	140156#54	1
4620	Q0	264620#6	1
4620	Q0	40387#2	1
4620	Q0	23906#132	0
4620	Q0	254329#0	0
4620	Q0	230994#0	0
4620	Q0	23906#68	0
4620	Q0	25459#17	0
4620	Q0	17360#1	0
4620	Q0	23906#67	0
4621	Q0	53686#0	1
4621	Q0	124111#0	1
4621	Q0	3794#7	0
4621	Q0	3022#28	0
4621	Q0	53686#1	0
4621	Q0	81282#0	0
4621	Q0	226434#0	0
4621	Q0	1112#0	0
4621	Q0	307532#0	0
4621	Q0	78909#0	0
4622	Q0	12216#42	1
4622	Q0	13271#26	1
4622	Q0	1101#49	1
4622	Q0	4419#117	1
4622	Q0	313563#68	1
4622	Q0	225276#18	0
4622	Q0	138345#7	0
4622	Q0	135478#1	0
4622	Q0	332089#3	0
4622	Q0	21034#37	0
4623	Q0	3127#25	1
4623	Q0	3127#23	1
4623	Q0	24705#12	1
4623	Q0	213743#1	1
4623	Q0	416237#6	0
4623	Q0	3207#4	0
4623	Q0	3127#19	0
4623	Q0	120494#0	0
4623	Q0	3127#21	0
4623	Q0	3127#0	0
4624	Q0	505577#2	1
4624	Q0	3399#0	0
4624	Q0	81282#0	0
4624	Q0	226434#0	0
4624	Q0	84608#0	0
4624	Q0	23992#0	0
4624	Q0	195685#6	0
4624	Q0	92512#0	0
4624	Q0	68692#17	0
4624	Q0	14692#13	0
4625	Q0	34649#5	1
4625	Q0	359158#7	1
4625	Q0	146698#46	0
4625	Q0	391205#0	0
4625	Q0	3530#1	0
4625	Q0	24532#17	0
4625	Q0	243864#62	0
4625	Q0	342549#24	0
4625	Q0	31252#2	0
4625	Q0	10448#47	0
4626	Q0	2379734#2	1
4626	Q0	3235#4	0
4626	Q0	207993#2	0
4626	Q0	207993#6	0
4626	Q0	147225#7	0
4626	Q0	19634#2	0
4626	Q0	147299#0	0
4626	Q0	248179#0	0
4626	Q0	49513#17	0
4626	Q0	435220#5	0
4627	Q0	16261#3	1
4627	Q0	16261#5	1
4627	Q0	16261#1	1
4627	Q0	127871#2	0
4627	Q0	6236#0	0
4627	Q0	30653#6	0
4627	Q0	16261#4	0
4627	Q0	292551#0	0
4627	Q0	130787#2	0
4627	Q0	11776#61	0
4629	Q0	236580#2	1
4629	Q0	365079#121	1
4629	Q0	46695#2	1
4629	Q0	4138#24	1
4629	Q0	30493#0	0
4629	Q0	236580#3	0
4629	Q0	46695#1	0
4629	Q0	286061#8	0
4629	Q0	83303#2	0
4629	Q0	20756#1	0
4630	Q0	61588#0	1
4630	Q0	61588#6	1
4630	Q0	61595#0	1
4630	Q0	61595#3	0
4630	Q0	177588#2	0
4630	Q0	61588#3	0
4630	Q0	61588#5	0
4630	Q0	190353#0	0
4630	Q0	190349#0	0
4630	Q0	185477#7	0
4631	Q0	250866#17	1
4631	Q0	215543#1	1
4631	Q0	260311#3	1
4631	Q0	44189#2	0
4631	Q0	215543#0	0
4631	Q0	59844#0	0
4631	Q0	260311#0	0
4631	Q0	413211#15	0
4631	Q0	413211#8	0
4631	Q0	44189#0	0
4632	Q0	422855#0	1
4632	Q0	54271#28	0
4632	Q0	146698#20	0
4632	Q0	4168#10	0
4632	Q0	18191#59	0
4632	Q0	1130#52	0
4632	Q0	16172#18	0
4632	Q0	36107#1	0
4632	Q0	4648#15	0
4632	Q0	36107#0	0
4635	Q0	226587#0	1
4635	Q0	365768#2	0
4635	Q0	124313#0	0
4635	Q0	6469#26	0
4635	Q0	70030#11	0
4635	Q0	256022#11	0
4635	Q0	245392#2	0
4635	Q0	3022#28	0
4635	Q0	13999#10	0
4635	Q0	377611#1	0
4636	Q0	11956#6	1
4636	Q0	11956#8	1
4636	Q0	11956#7	1
4636	Q0	11956#0	0
4636	Q0	11956#9	0
4636	Q0	4926#3	0
4636	Q0	4926#0	0
4636	Q0	4527#1	0
4636	Q0	4500#22	0
4636	Q0	65099#0	0
4637	Q0	263601#3	1
4637	Q0	263601#55	1
4637	Q0	263601#64	1
4637	Q0	773620#14	1
4637	Q0	263601#56	0
4637	Q0	263601#62	0
4637	Q0	243585#0	0
4637	Q0	3597#42	0
4637	Q0	30268#1	0
4637	Q0	23992#0	0
4638	Q0	10491#6	1
4638	Q0	130420#1	1
4638	Q0	12561#21	1
4638	Q0	60617#46	0
4638	Q0	60617#23	0
4638	Q0	1082#15	0
4638	Q0	10730#68	0
4638	Q0	2368539#0	0
4638	Q0	769#1	0
4638	Q0	1082#0	0
4641	Q0	4055#27	1
4641	Q0	4056#18	1
4641	Q0	4056#19	1
4641	Q0	12216#40	0
4641	Q0	4055#34	0
4641	Q0	4055#36	0
4641	Q0	4055#29	0
4641	Q0	4055#12	0
4641	Q0	37415#0	0
4641	Q0	129070#3	0
4642	Q0	293033#0	1
4642	Q0	315980#0	0
4642	Q0	293017#0	0
4642	Q0	53353#0	0
4642	Q0	283043#0	0
4642	Q0	316019#0	0
4642	Q0	293036#0	0
4642	Q0	283693#0	0
4642	Q0	11764#29	0
4642	Q0	283042#0	0
4643	Q0	2453687#0	1
4643	Q0	274024#1	0
4643	Q0	442411#2	0
4643	Q0	253437#1	0
4643	Q0	56394#1	0
4643	Q0	274024#0	0
4643	Q0	247461#4	0
4643	Q0	112495#23	0
4643	Q0	2648#18	0
4643	Q0	324005#1	0
4644	Q0	236426#21	1
4644	Q0	186220#0	1
4644	Q0	45136#13	1
4644	Q0	15042#1	0
4644	Q0	236426#27	0
4644	Q0	301520#0	0
4644	Q0	236426#12	0
4644	Q0	86944#6	0
4644	Q0	87717#2	0
4644	Q0	437782#9	0
4645	Q0	110775#12	1
4645	Q0	110775#6	1
4645	Q0	110775#1	1
4645	Q0	2722300#0	1
4645	Q0	2784#16	0
4645	Q0	69279#0	0
4645	Q0	31569#0	0
4645	Q0	255802#0	0
4645	Q0	339051#0	0
4645	Q0	343236#0	0
4646	Q0	2491696#0	1
4646	Q0	12388#6	0
4646	Q0	12388#3	0
4646	Q0	12388#0	0
4646	Q0	3992#12	0
4646	Q0	321943#3	0
4646	Q0	21675#7	0
4646	Q0	215152#0	0
4646	Q0	18440#9	0
4646	Q0	190889#4	0
4649	Q0	22212#2	1
4649	Q0	22212#0	1
4649	Q0	22212#3	1
4649	Q0	22215#3	1
4649	Q0	22215#0	1
4649	Q0	22212#1	0
4649	Q0	22212#5	0
4649	Q0	239388#49	0
4649	Q0	282992#0	0
4649	Q0	3803#10	0
4651	Q0	129345#16	1
4651	Q0	2739#19	0
4651	Q0	35322#11	0
4651	Q0	63577#7	0
4651	Q0	75656#2	0
4651	Q0	67392#2	0
4651	Q0	143201#6	0
4651	Q0	63577#2	0
4651	Q0	63577#3	0
4651	Q0	81263#4	0
4652	Q0	6246#5	1
4652	Q0	318968#20	0
4652	Q0	318965#26	0
4652	Q0	11497#0	0
4652	Q0	318986#29	0
4652	Q0	6246#25	0
4652	Q0	71583#5	0
4652	Q0	318965#27	0
4652	Q0	74348#1	0
4652	Q0	6246#0	0
4653	Q0	12303#0	1
4653	Q0	12303#1	1
4653	Q0	12303#12	0
4653	Q0	12303#18	0
4653	Q0	12303#14	0
4653	Q0	12303#17	0
4653	Q0	12303#19	0
4653	Q0	12303#5	0
4653	Q0	12303#29	0
4653	Q0	12303#10	0
4654	Q0	18108#1	1
4654	Q0	80842#0	0
4654	Q0	311507#0	0
4654	Q0	412415#0	0
4654	Q0	28784#0	0
4654	Q0	2688#16	0
4654	Q0	3768#46	0
4654	Q0	1737144#0	0
4654	Q0	80828#0	0
4654	Q0	311405#0	0
4655	Q0	8817#0	1
4655	Q0	8817#8	1
4655	Q0	8817#12	1
4655	Q0	8817#5	0
4655	Q0	8817#9	0
4655	Q0	5800#6	0
4655	Q0	8817#3	0
4655	Q0	8817#4	0
4655	Q0	8817#11	0
4655	Q0	8817#14	0
4656	Q0	12976#7	1
4656	Q0	262009#31	1
4656	Q0	20877#49	0
4656	Q0	75203#0	0
4656	Q0	6336#22	0
4656	Q0	110112#5	0
4656	Q0	45610#2	0
4656	Q0	31624#1	0
4656	Q0	41128#3	0
4656	Q0	30659#6	0
4657	Q0	2489733#3	1
4657	Q0	141346#46	0
4657	Q0	17#27	0
4657	Q0	351784#12	0
4657	Q0	158210#3	0
4657	Q0	232715#4	0
4657	Q0	226103#98	0
4657	Q0	36705#0	0
4657	Q0	46600#29	0
4657	Q0	351784#56	0
4659	Q0	790#1	1
4659	Q0	2835#44	1
4659	Q0	2835#35	1
4659	Q0	2835#2	1
4659	Q0	2835#49	0
4659	Q0	2835#43	0
4659	Q0	2835#28	0
4659	Q0	2835#73	0
4659	Q0	2835#27	0
4659	Q0	2835#31	0
4660	Q0	22926#0	1
4660	Q0	23699#17	1
4660	Q0	264634#1	1
4660	Q0	58128#16	0
4660	Q0	106125#0	0
4660	Q0	33176#63	0
4660	Q0	23699#31	0
4660	Q0	33176#64	0
4660	Q0	84569#3	0
4660	Q0	299896#0	0
4661	Q0	42417#0	1
4661	Q0	132781#3	1
4661	Q0	7065#7	1
4661	Q0	7058#1	1
4661	Q0	152324#0	0
4661	Q0	318965#6	0
4661	Q0	42417#7	0
4661	Q0	42417#5	0
4661	Q0	317323#1	0
4662	Q0	226007#7	1
4662	Q0	80045#8	1
4662	Q0	10#10	1
4662	Q0	44#21	1
4662	Q0	1020#7	1
4662	Q0	202065#1	1
4662	Q0	1020#22	0
4662	Q0	56192#6	0
4662	Q0	434076#10	0
4662	Q0	1020#9	0
4664	Q0	190061#0	1
4664	Q0	730#4	1
4664	Q0	190061#8	1
4664	Q0	730#7	0
4664	Q0	3528#2	0
4664	Q0	190061#2	0
4664	Q0	190061#4	0
4664	Q0	190061#1	0
4664	Q0	190061#17	0
4664	Q0	190061#10	0
4666	Q0	657215#0	1
4666	Q0	280885#0	0
4666	Q0	20622#22	0
4666	Q0	312299#17	0
4666	Q0	335648#1	0
4666	Q0	838#17	0
4666	Q0	54995#6	0
4666	Q0	54995#8	0
4666	Q0	17884#3	0
4666	Q0	27013#18	0
4667	Q0	51011#0	1
4667	Q0	45342#0	1
4667	Q0	45342#16	1
4667	Q0	416068#9	0
4667	Q0	121664#0	0
4667	Q0	416068#15	0
4667	Q0	121666#0	0
4667	Q0	121676#46	0
4667	Q0	45342#2	0
4667	Q0	121676#42	0
4668	Q0	1135#54	1
4668	Q0	708#22	1
4668	Q0	708#28	0
4668	Q0	1135#76	0
4668	Q0	1135#53	0
4668	Q0	139124#4	0
4668	Q0	1135#60	0
4668	Q0	1135#14	0
4668	Q0	240583#0	0
4668	Q0	315436#0	0
4670	Q0	4441#5	1
4670	Q0	4441#3	1
4670	Q0	4441#0	0
4670	Q0	141901#0	0
4670	Q0	4441#6	0
4670	Q0	35595#5	0
4670	Q0	4441#25	0
4670	Q0	4441#2	0
4670	Q0	4441#4	0
4670	Q0	316411#0	0
4671	Q0	12365#2	1
4671	Q0	299290#0	1
4671	Q0	9503#13	0
4671	Q0	69107#3	0
4671	Q0	299290#2	0
4671	Q0	12365#6	0
4671	Q0	223835#6	0
4671	Q0	320532#1	0
4671	Q0	92720#1	0
4671	Q0	5077#1	0
4672	Q0	318676#0	1
4672	Q0	133726#6	1
4672	Q0	208098#0	0
4672	Q0	4571#6	0
4672	Q0	4571#5	0
4672	Q0	300056#1	0
4672	Q0	4571#0	0
4672	Q0	243864#30	0
4672	Q0	4571#17	0
4672	Q0	300056#0	0
4673	Q0	22567#0	1
4673	Q0	31915#20	1
4673	Q0	22567#14	0
4673	Q0	22567#4	0
4673	Q0	22567#6	0
4673	Q0	22567#2	0
4673	Q0	22567#7	0
4673	Q0	22567#13	0
4673	Q0	22567#8	0
4673	Q0	22567#1	0
4674	Q0	1139996#3	1
4674	Q0	1139996#6	1
4674	Q0	44056#0	0
4674	Q0	330450#1	0
4674	Q0	334510#1	0
4674	Q0	1139996#8	0
4674	Q0	84608#0	0
4674	Q0	3806#8	0
4674	Q0	81282#1	0
4674	Q0	145189#1	0
4674	Q0	347443#1	0
4674	Q0	25727#16	0
4674	Q0	1139996#0	0
4675	Q0	32411#2	1
4675	Q0	286810#14	1
4675	Q0	32411#1	1
4675	Q0	442649#0	0
4675	Q0	106079#0	0
4675	Q0	199552#1	0
4675	Q0	307760#19	0
4675	Q0	265193#0	0
4675	Q0	186754#0	0
4675	Q0	255761#0	0
4676	Q0	842#30	1
4676	Q0	397343#13	1
4676	Q0	144458#9	1
4676	Q0	397343#7	0
4676	Q0	1051#1	0
4676	Q0	3012#5	0
4676	Q0	842#24	0
4676	Q0	388135#0	0
4676	Q0	2985#13	0
4676	Q0	257707#4	0
4680	Q0	516092#2	1
4680	Q0	2936#3	0
4680	Q0	66982#5	0
4680	Q0	219270#1	0
4680	Q0	7138#1	0
4680	Q0	88157#3	0
4680	Q0	247533#1	0
4680	Q0	151251#0	0
4680	Q0	12067#2	0
4680	Q0	8186#1	0
4681	Q0	3490#0	1
4681	Q0	3490#2	1
4681	Q0	5463#47	1
4681	Q0	83815#28	1
4681	Q0	48845#0	1
4681	Q0	91685#1	0
4681	Q0	146088#0	0
4681	Q0	3794#7	0
4681	Q0	3806#8	0
4681	Q0	846395#0	0
4682	Q0	223915#7	1
4682	Q0	2568804#0	1
4682	Q0	2568804#6	1
4682	Q0	2568804#5	1
4682	Q0	2568804#9	1
4682	Q0	2568804#21	1
4682	Q0	2568804#23	1
4682	Q0	2568804#1	1
4682	Q0	2568804#29	1
4682	Q0	114672#25	0
4682	Q0	318726#2	0
4682	Q0	1101#21	0
4682	Q0	24226#5	0
4682	Q0	121001#1	0
4682	Q0	8814#32	0
4682	Q0	8814#30	0
4682	Q0	13267#20	0
4682	Q0	8816#11	0
4682	Q0	2568804#3	0
4683	Q0	5011#7	1
4683	Q0	5011#0	1
4683	Q0	5011#10	0
4683	Q0	84663#0	0
4683	Q0	5011#20	0
4683	Q0	217874#0	0
4683	Q0	225341#0	0
4683	Q0	225333#0	0
4683	Q0	5011#8	0
4683	Q0	58643#0	0
4684	Q0	18743#0	1
4684	Q0	748#74	1
4684	Q0	889#43	1
4684	Q0	18357#14	1
4684	Q0	6770#0	1
4684	Q0	14704#17	1
4684	Q0	258955#0	0
4684	Q0	748#80	0
4684	Q0	24942#1	0
4684	Q0	200785#0	0
4686	Q0	49084#0	1
4686	Q0	47012#10	1
4686	Q0	41541#2	1
4686	Q0	213152#7	1
4686	Q0	396243#0	0
4686	Q0	41541#0	0
4686	Q0	317685#0	0
4686	Q0	143653#3	0
4686	Q0	20676#1	0
4686	Q0	14028#13	0
4687	Q0	337440#1	1
4687	Q0	1110#4	0
4687	Q0	3399#0	0
4687	Q0	2470208#49	0
4687	Q0	81282#0	0
4687	Q0	226434#0	0
4687	Q0	51428#0	0
4687	Q0	84608#0	0
4687	Q0	212607#0	0
4687	Q0	1029#39	0
4688	Q0	397461#2	1
4688	Q0	52103#0	1
4688	Q0	33043#5	1
4688	Q0	33043#0	1
4688	Q0	709#5	1
4688	Q0	690#3	1
4688	Q0	30255#0	0
4688	Q0	690#8	0
4688	Q0	120458#7	0
4688	Q0	690#7	0
4688	Q0	430220#0	0
4688	Q0	690#4	0
4689	Q0	287644#0	1
4689	Q0	287644#19	1
4689	Q0	287644#11	1
4689	Q0	287644#14	1
4689	Q0	287644#7	1
4689	Q0	287644#3	0
4689	Q0	287644#8	0
4689	Q0	287644#5	0
4689	Q0	287644#9	0
4689	Q0	287644#4	0
4691	Q0	33393#1	1
4691	Q0	33393#3	1
4691	Q0	33393#9	0
4691	Q0	10627#22	0
4691	Q0	16460#6	0
4691	Q0	33393#4	0
4691	Q0	9150#3	0
4691	Q0	75143#23	0
4691	Q0	45223#8	0
4691	Q0	75690#2	0
4692	Q0	10241#5	1
4692	Q0	42733#14	1
4692	Q0	10241#19	1
4692	Q0	10241#34	0
4692	Q0	10241#35	0
4692	Q0	10241#17	0
4692	Q0	10241#26	0
4692	Q0	10241#31	0
4692	Q0	10241#28	0
4692	Q0	10241#30	0
4694	Q0	79557#24	1
4694	Q0	346484#0	1
4694	Q0	79557#18	1
4694	Q0	79557#21	1
4694	Q0	235414#6	1
4694	Q0	51708#1	0
4694	Q0	335531#0	0
4694	Q0	34552#3	0
4694	Q0	79557#23	0
4694	Q0	235542#0	0
4696	Q0	97257#4	1
4696	Q0	1139996#3	1
4696	Q0	1139996#6	1
4696	Q0	227292#0	0
4696	Q0	32823#3	0
4696	Q0	393078#2	0
4696	Q0	227292#1	0
4696	Q0	228591#1	0
4696	Q0	226147#2	0
4696	Q0	109358#0	0
4696	Q0	330450#1	0
4696	Q0	345857#3	0
4696	Q0	1139996#0	0
4697	Q0	146698#7	1
4697	Q0	23906#136	1
4697	Q0	146698#13	1
4697	Q0	50#46	0
4697	Q0	61988#45	0
4697	Q0	22567#0	0
4697	Q0	347596#0	0
4697	Q0	146901#17	0
4697	Q0	146698#11	0
4697	Q0	23906#110	0
4698	Q0	1029#3	1
4698	Q0	1029#4	1
4698	Q0	1029#70	1
4698	Q0	243537#0	1
4698	Q0	27273#22	1
4698	Q0	1029#2	0
4698	Q0	137742#1	0
4698	Q0	432838#4	0
4698	Q0	9#2	0
4698	Q0	272386#3	0
4702	Q0	367726#0	1
4702	Q0	367726#1	1
4702	Q0	29615#0	0
4702	Q0	413556#0	0
4702	Q0	315956#0	0
4702	Q0	29615#2	0
4702	Q0	338459#0	0
4702	Q0	21247#4	0
4702	Q0	398966#1	0
4702	Q0	21137#0	0
4703	Q0	16174#4	1
4703	Q0	26613#13	1
4703	Q0	16174#1	1
4703	Q0	16174#6	1
4703	Q0	26613#0	1
4703	Q0	26613#1	0
4703	Q0	26613#5	0
4703	Q0	16174#3	0
4703	Q0	18427#3	0
4703	Q0	26613#11	0
4703	Q0	16174#9	0
4704	Q0	211490#0	1
4704	Q0	211490#8	1
4704	Q0	16849#0	1
4704	Q0	16849#29	1
4704	Q0	16849#1	0
4704	Q0	16849#24	0
4704	Q0	16849#31	0
4704	Q0	105208#0	0
4704	Q0	211490#25	0
4704	Q0	16849#25	0
4705	Q0	49826#1	1
4705	Q0	282071#5	1
4705	Q0	49826#0	1
4705	Q0	282071#0	1
4705	Q0	49826#9	0
4705	Q0	49826#8	0
4705	Q0	49826#11	0
4705	Q0	282071#2	0
4705	Q0	49826#23	0
4705	Q0	49826#4	0
4706	Q0	407668#0	1
4706	Q0	407668#14	1
4706	Q0	407668#18	1
4706	Q0	407668#19	1
4706	Q0	407668#4	1
4706	Q0	407668#13	0
4706	Q0	407668#6	0
4706	Q0	407668#1	0
4706	Q0	407668#10	0
4706	Q0	407668#11	0
4707	Q0	49192#6	1
4707	Q0	79684#5	1
4707	Q0	4020#41	1
4707	Q0	249451#9	0
4707	Q0	276968#0	0
4707	Q0	328477#35	0
4707	Q0	328477#39	0
4707	Q0	229484#9	0
4707	Q0	49586#4	0
4707	Q0	266999#7	0
4708	Q0	9#18	1
4708	Q0	13109#1	1
4708	Q0	1386552#0	1
4708	Q0	2985#13	0
4708	Q0	442028#2	0
4708	Q0	81282#0	0
4708	Q0	108599#0	0
4708	Q0	184364#6	0
4708	Q0	184364#4	0
4708	Q0	23992#0	0
4709	Q0	2443246#4	1
4709	Q0	18194#7	0
4709	Q0	348050#0	0
4709	Q0	81282#0	0
4709	Q0	3992#5	0
4709	Q0	84608#0	0
4709	Q0	226434#0	0
4709	Q0	431050#0	0
4709	Q0	32801#0	0
4709	Q0	258355#0	0
4710	Q0	6982#52	1
4710	Q0	6982#62	1
4710	Q0	6982#37	1
4710	Q0	6982#46	1
4710	Q0	6982#98	1
4710	Q0	6982#49	1
4710	Q0	6982#107	0
4710	Q0	6982#27	0
4710	Q0	6982#48	0
4710	Q0	6982#65	0
4711	Q0	16437#47	1
4711	Q0	16437#0	1
4711	Q0	16437#50	1
4711	Q0	16437#23	1
4711	Q0	16437#22	1
4711	Q0	16437#52	1
4711	Q0	16437#41	0
4711	Q0	16437#25	0
4711	Q0	16437#31	0
4711	Q0	16437#11	0
4715	Q0	649574#0	1
4715	Q0	76075#3	0
4715	Q0	88785#2	0
4715	Q0	54469#1	0
4715	Q0	89992#0	0
4715	Q0	88791#3	0
4715	Q0	1018#11	0
4715	Q0	61530#0	0
4715	Q0	12853#0	0
4715	Q0	12853#12	0
4717	Q0	56705#7	1
4717	Q0	1568719#4	1
4717	Q0	268040#1	0
4717	Q0	268040#2	0
4717	Q0	268040#4	0
4717	Q0	326774#2	0
4717	Q0	3399#0	0
4717	Q0	318266#3	0
4717	Q0	7138#1	0
4717	Q0	61042#4	0
4718	Q0	11290#4	1
4718	Q0	11292#26	1
4718	Q0	11292#33	1
4718	Q0	201823#2	1
4718	Q0	14998#2	0
4718	Q0	102852#3	0
4718	Q0	105941#13	0
4718	Q0	236426#18	0
4718	Q0	105941#10	0
4718	Q0	15002#0	0
4719	Q0	239238#16	1
4719	Q0	3249#3	1
4719	Q0	239238#7	1
4719	Q0	3249#1	0
4719	Q0	3794#7	0
4719	Q0	239238#1	0
4719	Q0	3249#0	0
4719	Q0	239238#27	0
4719	Q0	239238#26	0
4719	Q0	3363#1	0
4720	Q0	208052#13	1
4720	Q0	217761#2	1
4720	Q0	282077#4	1
4720	Q0	237437#10	0
4720	Q0	219773#0	0
4720	Q0	116883#4	0
4720	Q0	23373#16	0
4720	Q0	202754#7	0
4720	Q0	144207#4	0
4720	Q0	129453#3	0
4721	Q0	65589#0	1
4721	Q0	22931#0	1
4721	Q0	23699#31	1
4721	Q0	22931#15	0
4721	Q0	66677#7	0
4721	Q0	23364#0	0
4721	Q0	116684#2	0
4721	Q0	22931#12	0
4721	Q0	314904#0	0
4721	Q0	22931#1	0
4722	Q0	44#39	1
4722	Q0	15745#16	0
4722	Q0	65168#2	0
4722	Q0	15636#0	0
4722	Q0	15745#24	0
4722	Q0	15637#4	0
4722	Q0	157295#0	0
4722	Q0	10#3	0
4722	Q0	68#12	0
4722	Q0	888440#0	0
4724	Q0	198439#6	1
4724	Q0	44228#12	0
4724	Q0	7126#8	0
4724	Q0	140750#49	0
4724	Q0	255186#0	0
4724	Q0	139365#1	0
4724	Q0	176163#4	0
4724	Q0	121986#0	0
4724	Q0	58948#24	0
4724	Q0	838#17	0
4725	Q0	590766#0	1
4725	Q0	407429#41	0
4725	Q0	30685#8	0
4725	Q0	184159#2	0
4725	Q0	71324#2	0
4725	Q0	838#17	0
4725	Q0	264667#14	0
4725	Q0	246058#7	0
4725	Q0	264667#16	0
4725	Q0	264667#21	0
4726	Q0	335521#4	1
4726	Q0	311660#0	1
4726	Q0	335521#2	1
4726	Q0	311211#10	1
4726	Q0	335521#5	0
4726	Q0	311213#0	0
4726	Q0	311212#11	0
4726	Q0	313474#2	0
4726	Q0	335521#3	0
4726	Q0	313474#3	0
4727	Q0	107475#0	1
4727	Q0	212607#0	0
4727	Q0	81282#0	0
4727	Q0	3992#5	0
4727	Q0	226434#0	0
4727	Q0	84608#0	0
4727	Q0	59239#139	0
4727	Q0	375527#0	0
4727	Q0	23992#0	0
4727	Q0	3572#16	0
4728	Q0	26148#33	1
4728	Q0	125541#3	0
4728	Q0	16835#6	0
4728	Q0	311667#3	0
4728	Q0	336890#6	0
4728	Q0	248179#0	0
4728	Q0	249532#0	0
4728	Q0	273083#0	0
4728	Q0	127590#3	0
4728	Q0	263431#16	0
4730	Q0	245639#16	1
4730	Q0	18197#0	1
4730	Q0	146698#4	1
4730	Q0	70487#0	1
4730	Q0	434116#6	0
4730	Q0	146698#25	0
4730	Q0	18197#2	0
4730	Q0	4696#4	0
4730	Q0	132781#5	0
4730	Q0	403767#18	0
4734	Q0	111450#0	1
4734	Q0	111450#1	0
4734	Q0	17141#5	0
4734	Q0	11023#9	0
4734	Q0	248490#0	0
4734	Q0	8432#4	0
4734	Q0	3992#5	0
4734	Q0	281740#1	0
4734	Q0	158702#1	0
4734	Q0	127311#1	0
4737	Q0	7794#21	1
4737	Q0	25524#6	1
4737	Q0	138829#13	1
4737	Q0	429295#7	1
4737	Q0	307725#15	0
4737	Q0	11450#0	0
4737	Q0	46511#0	0
4737	Q0	138829#17	0
4737	Q0	132738#28	0
4737	Q0	132738#18	0
4738	Q0	36619#0	1
4738	Q0	36619#3	1
4738	Q0	36619#2	0
4738	Q0	36619#1	0
4738	Q0	36619#8	0
4738	Q0	36619#4	0
4738	Q0	226924#3	0
4738	Q0	36619#5	0
4738	Q0	36619#6	0
4738	Q0	325414#1	0
4739	Q0	2560824#0	1
4739	Q0	46652#0	0
4739	Q0	2853#1	0
4739	Q0	80465#19	0
4739	Q0	72835#0	0
4739	Q0	80465#22	0
4739	Q0	82341#8	0
4739	Q0	67473#0	0
4739	Q0	430950#0	0
4739	Q0	43355#15	0
4740	Q0	58948#2	1
4740	Q0	58948#21	0
4740	Q0	58948#18	0
4740	Q0	58948#23	0
4740	Q0	58948#26	0
4740	Q0	58948#20	0
4740	Q0	58948#0	0
4740	Q0	58948#5	0
4740	Q0	58948#6	0
4740	Q0	58948#17	0
4741	Q0	690#1	1
4741	Q0	330282#0	1
4741	Q0	41364#2	0
4741	Q0	690#13	0
4741	Q0	690#69	0
4741	Q0	690#22	0
4741	Q0	33041#8	0
4741	Q0	33043#7	0
4741	Q0	690#18	0
4741	Q0	690#53	0
4743	Q0	285304#7	1
4743	Q0	285304#31	0
4743	Q0	285304#33	0
4743	Q0	285304#29	0
4743	Q0	285304#21	0
4743	Q0	285304#19	0
4743	Q0	285304#20	0
4743	Q0	285304#0	0
4743	Q0	285304#28	0
4743	Q0	284604#17	0
4744	Q0	134684#0	1
4744	Q0	258652#0	0
4744	Q0	4397#0	0
4744	Q0	329742#0	0
4744	Q0	12057#1	0
4744	Q0	238847#0	0
4744	Q0	5596#0	0
4744	Q0	4600#0	0
4744	Q0	4397#4	0
4744	Q0	365564#6	0
4747	Q0	225424#0	1
4747	Q0	225654#0	0
4747	Q0	225424#6	0
4747	Q0	225654#1	0
4747	Q0	225424#4	0
4747	Q0	225424#1	0
4747	Q0	225424#8	0
4747	Q0	225424#13	0
4747	Q0	225424#3	0
4747	Q0	225424#11	0
4748	Q0	18016#7	1
4748	Q0	18016#0	0
4748	Q0	11403#25	0
4748	Q0	18016#10	0
4748	Q0	18016#4	0
4748	Q0	18016#3	0
4748	Q0	18016#9	0
4748	Q0	18016#11	0
4748	Q0	18016#1	0
4748	Q0	18016#8	0
4749	Q0	5431#0	1
4749	Q0	784#0	1
4749	Q0	5431#1	1
4749	Q0	4103#17	0
4749	Q0	4109#0	0
4749	Q0	4120#0	0
4749	Q0	93921#0	0
4749	Q0	11789#0	0
4749	Q0	4153#14	0
4749	Q0	5431#3	0
4750	Q0	97257#68	1
4750	Q0	121332#14	0
4750	Q0	248171#0	0
4750	Q0	248781#1	0
4750	Q0	248781#5	0
4750	Q0	248781#0	0
4750	Q0	248781#12	0
4750	Q0	197131#11	0
4750	Q0	248171#10	0
4750	Q0	21545#28	0
4751	Q0	49007#8	1
4751	Q0	318981#1	1
4751	Q0	288886#9	1
4751	Q0	60061#4	0
4751	Q0	6246#3	0
4751	Q0	48959#1	0
4751	Q0	318980#14	0
4751	Q0	318980#16	0
4751	Q0	130832#10	0
4751	Q0	49004#9	0
4752	Q0	84451#13	1
4752	Q0	290673#6	0
4752	Q0	47719#7	0
4752	Q0	47719#6	0
4752	Q0	42547#9	0
4752	Q0	12653#10	0
4752	Q0	47719#12	0
4752	Q0	47719#4	0
4752	Q0	378563#10	0
4752	Q0	426451#1	0
4753	Q0	225263#2	1
4753	Q0	225263#12	1
4753	Q0	225263#1	1
4753	Q0	225263#11	1
4753	Q0	225263#0	0
4753	Q0	225263#5	0
4753	Q0	225263#7	0
4753	Q0	225263#6	0
4753	Q0	225341#1	0
4753	Q0	114642#0	0
4754	Q0	50551#0	1
4754	Q0	83283#0	1
4754	Q0	134315#0	1
4754	Q0	134289#0	0
4754	Q0	70408#0	0
4754	Q0	242737#0	0
4754	Q0	110490#0	0
4754	Q0	54469#1	0
4754	Q0	4209#5	0
4754	Q0	50551#2	0
4755	Q0	325792#3	1
4755	Q0	22216#0	1
4755	Q0	8191#0	1
4755	Q0	8197#0	1
4755	Q0	325792#0	0
4755	Q0	325792#10	0
4755	Q0	328859#1	0
4755	Q0	325792#16	0
4755	Q0	325792#13	0
4755	Q0	325792#5	0
4756	Q0	197813#3	1
4756	Q0	270725#1	1
4756	Q0	146730#2	0
4756	Q0	23753#1	0
4756	Q0	33212#4	0
4756	Q0	271050#4	0
4756	Q0	505789#1	0
4756	Q0	3235#4	0
4756	Q0	37850#1	0
4756	Q0	170842#1	0
4757	Q0	223118#0	1
4757	Q0	22924#17	1
4757	Q0	22924#65	1
4757	Q0	22924#2	1
4757	Q0	251993#1	1
4757	Q0	22924#50	0
4757	Q0	22924#61	0
4757	Q0	22924#84	0
4757	Q0	22924#32	0
4757	Q0	22924#12	0
4758	Q0	91699#0	1
4758	Q0	91698#0	1
4758	Q0	281974#0	1
4758	Q0	280161#0	1
4758	Q0	14467#0	1
4758	Q0	46175#0	0
4758	Q0	264013#0	0
4758	Q0	111371#0	0
4758	Q0	121176#0	0
4758	Q0	14467#2	0
4759	Q0	225206#4	1
4759	Q0	30688#46	1
4759	Q0	30688#0	0
4759	Q0	30688#47	0
4759	Q0	30688#1	0
4759	Q0	30688#4	0
4759	Q0	30688#6	0
4759	Q0	30774#7	0
4759	Q0	109223#4	0
4759	Q0	30688#45	0
4762	Q0	318386#23	1
4762	Q0	318386#21	0
4762	Q0	315612#6	0
4762	Q0	318386#26	0
4762	Q0	194927#9	0
4762	Q0	7067#0	0
4762	Q0	150543#1	0
4762	Q0	260125#9	0
4762	Q0	120078#0	0
4762	Q0	197129#0	0
4763	Q0	40715#0	1
4763	Q0	40715#3	0
4763	Q0	40715#10	0
4763	Q0	40715#6	0
4763	Q0	40715#18	0
4763	Q0	40715#17	0
4763	Q0	40715#23	0
4763	Q0	40715#9	0
4763	Q0	40715#4	0
4763	Q0	20057#38	0
4764	Q0	243312#0	1
4764	Q0	22117#0	1
4764	Q0	34324#0	1
4764	Q0	22117#2	0
4764	Q0	16849#25	0
4764	Q0	22117#5	0
4764	Q0	22117#4	0
4764	Q0	22117#1	0
4764	Q0	22117#3	0
4764	Q0	16849#26	0
4765	Q0	20693#22	1
4765	Q0	240833#0	1
4765	Q0	442749#4	1
4765	Q0	305339#2	1
4765	Q0	3178#23	0
4765	Q0	3178#28	0
4765	Q0	305339#1	0
4765	Q0	60531#0	0
4765	Q0	45436#12	0
4765	Q0	244145#7	0
4766	Q0	134252#6	1
4766	Q0	134252#11	1
4766	Q0	134252#5	1
4766	Q0	134252#0	0
4766	Q0	134252#8	0
4766	Q0	134252#13	0
4766	Q0	134252#3	0
4766	Q0	134252#4	0
4766	Q0	134252#14	0
4766	Q0	190138#17	0
4767	Q0	810#0	1
4767	Q0	810#2	1
4767	Q0	36262#5	1
4767	Q0	810#1	0
4767	Q0	407970#0	0
4767	Q0	810#8	0
4767	Q0	810#12	0
4767	Q0	39623#0	0
4767	Q0	6563#45	0
4767	Q0	395357#0	0
4768	Q0	71115#4	1
4768	Q0	232420#15	1
4768	Q0	396080#5	0
4768	Q0	396080#11	0
4768	Q0	105865#10	0
4768	Q0	72514#16	0
4768	Q0	206196#3	0
4768	Q0	204236#6	0
4768	Q0	186655#9	0
4768	Q0	60613#5	0
4770	Q0	135248#0	1
4770	Q0	161477#3	1
4770	Q0	161477#7	1
4770	Q0	4039#7	0
4770	Q0	135248#1	0
4770	Q0	135248#5	0
4770	Q0	105602#0	0
4770	Q0	161477#0	0
4770	Q0	135248#4	0
4770	Q0	3324#10	0
4771	Q0	438951#0	1
4771	Q0	4419#73	0
4771	Q0	253512#2	0
4771	Q0	4419#74	0
4771	Q0	143445#10	0
4771	Q0	145391#0	0
4771	Q0	20901#3	0
4771	Q0	221234#4	0
4771	Q0	145391#11	0
4771	Q0	145391#9	0
4772	Q0	439743#7	1
4772	Q0	439743#5	1
4772	Q0	124066#6	1
4772	Q0	16912#19	1
4772	Q0	16912#33	1
4772	Q0	124066#3	0
4772	Q0	124066#30	0
4772	Q0	101411#9	0
4772	Q0	16912#21	0
4772	Q0	439743#10	0
4772	Q0	432329#0	0
4772	Q0	18555#2	0
4773	Q0	2835#2	1
4773	Q0	2835#44	1
4773	Q0	2835#49	0
4773	Q0	790#1	0
4773	Q0	2835#73	0
4773	Q0	2835#43	0
4773	Q0	2835#28	0
4773	Q0	2835#35	0
4773	Q0	2835#31	0
4773	Q0	2835#79	0
4774	Q0	327169#4	1
4774	Q0	4196#6	1
4774	Q0	24449#8	1
4774	Q0	5380#23	1
4774	Q0	16588#24	0
4774	Q0	24449#13	0
4774	Q0	91813#44	0
4774	Q0	1020#6	0
4774	Q0	46511#2	0
4774	Q0	11411#5	0
4775	Q0	58948#6	1
4775	Q0	4144#34	1
4775	Q0	58948#8	1
4775	Q0	954068#0	1
4775	Q0	20034#1	0
4775	Q0	68552#1	0
4775	Q0	147299#0	0
4775	Q0	3992#5	0
4775	Q0	212940#3	0
4775	Q0	243585#0	0
4777	Q0	87809#1	1
4777	Q0	11896#24	1
4777	Q0	1071#1	1
4777	Q0	1071#20	0
4777	Q0	290042#0	0
4777	Q0	65363#1	0
4777	Q0	290042#2	0
4777	Q0	226334#3	0
4777	Q0	2954#31	0
4777	Q0	17051#18	0
4778	Q0	126878#0	1
4778	Q0	3794#7	0
4778	Q0	196323#0	0
4778	Q0	3022#28	0
4778	Q0	81282#0	0
4778	Q0	1656239#3	0
4778	Q0	84608#0	0
4778	Q0	83728#0	0
4778	Q0	226434#0	0
4778	Q0	195685#6	0
4780	Q0	325951#8	1
4780	Q0	148479#0	1
4780	Q0	148479#1	1
4780	Q0	325951#0	0
4780	Q0	325951#2	0
4780	Q0	250271#2	0
4780	Q0	838#17	0
4780	Q0	81282#0	0
4780	Q0	84608#0	0
4780	Q0	39422#0	0
4781	Q0	42534#0	1
4781	Q0	300738#0	1
4781	Q0	300916#0	1
4781	Q0	300984#0	1
4781	Q0	315955#0	1
4781	Q0	197075#0	0
4781	Q0	302520#0	0
4781	Q0	299232#0	0
4781	Q0	297388#0	0
4781	Q0	303151#0	0
4782	Q0	121654#2	1
4782	Q0	121676#30	1
4782	Q0	4101#51	1
4782	Q0	109481#1	1
4782	Q0	246249#14	0
4782	Q0	423516#3	0
4782	Q0	232352#19	0
4782	Q0	425901#0	0
4782	Q0	418221#3	0
4782	Q0	290897#0	0
4783	Q0	84529#2	1
4783	Q0	26346#3	0
4783	Q0	377941#14	0
4783	Q0	6088#3	0
4783	Q0	2740#8	0
4783	Q0	2954#27	0
4783	Q0	311717#12	0
4783	Q0	442659#2	0
4783	Q0	155083#3	0
4783	Q0	58851#0	0
4785	Q0	227612#4	1
4785	Q0	442213#0	1
4785	Q0	19659#5	1
4785	Q0	44105#13	0
4785	Q0	19659#3	0
4785	Q0	19659#0	0
4785	Q0	19659#1	0
4785	Q0	19659#4	0
4785	Q0	19659#2	0
4785	Q0	121435#2	0
4785	Q0	322876#15	0
4786	Q0	3207#12	1
4786	Q0	17363#8	1
4786	Q0	308238#4	1
4786	Q0	238059#0	0
4786	Q0	838#7	0
4786	Q0	3127#21	0
4786	Q0	2653766#2	0
4786	Q0	1018#14	0
4786	Q0	81282#0	0
4786	Q0	195685#6	0
4787	Q0	339164#0	1
4787	Q0	327169#4	0
4787	Q0	3110#2	0
4787	Q0	147299#0	0
4787	Q0	2565553#0	0
4787	Q0	2784#16	0
4787	Q0	207993#2	0
4787	Q0	111515#24	0
4787	Q0	10465#6	0
4787	Q0	214259#2	0
4789	Q0	23752#26	1
4789	Q0	9611#23	1
4789	Q0	151626#0	1
4789	Q0	319053#1	1
4789	Q0	34499#16	0
4789	Q0	286484#1	0
4789	Q0	282254#1	0
4789	Q0	3803#9	0
4789	Q0	81282#0	0
4789	Q0	6439#0	0
4790	Q0	7067#6	1
4790	Q0	33968#10	1
4790	Q0	321113#5	1
4790	Q0	417734#7	0
4790	Q0	260125#6	0
4790	Q0	417734#6	0
4790	Q0	314510#13	0
4790	Q0	250742#3	0
4790	Q0	692753#7	0
4790	Q0	3235#11	0
4791	Q0	271050#2	1
4791	Q0	271050#4	1
4791	Q0	271050#3	1
4791	Q0	212440#3	1
4791	Q0	442804#4	1
4791	Q0	271050#5	0
4791	Q0	12539#27	0
4791	Q0	442804#2	0
4791	Q0	13159#2	0
4791	Q0	271050#6	0
4792	Q0	138137#15	1
4792	Q0	138137#19	0
4792	Q0	138137#5	0
4792	Q0	392410#12	0
4792	Q0	45440#7	0
4792	Q0	138137#20	0
4792	Q0	2772#8	0
4792	Q0	244145#2	0
4792	Q0	420712#0	0
4792	Q0	205264#0	0
4794	Q0	29612#0	1
4794	Q0	29612#3	1
4794	Q0	29612#2	1
4794	Q0	102474#33	0
4794	Q0	81282#0	0
4794	Q0	3324#9	0
4794	Q0	688703#0	0
4794	Q0	226434#0	0
4794	Q0	84608#0	0
4794	Q0	147299#0	0
4795	Q0	8454#13	1
4795	Q0	8454#8	1
4795	Q0	8454#9	0
4795	Q0	3469#4	0
4795	Q0	3469#2	0
4795	Q0	3469#5	0
4795	Q0	36789#2	0
4795	Q0	21959#0	0
4795	Q0	3469#7	0
4795	Q0	3469#6	0
4796	Q0	13499#61	1
4796	Q0	227887#4	1
4796	Q0	23906#13	0
4796	Q0	343301#3	0
4796	Q0	14706#0	0
4796	Q0	61381#78	0
4796	Q0	23906#144	0
4796	Q0	23906#68	0
4796	Q0	146698#46	0
4796	Q0	23906#12	0
4801	Q0	348589#9	1
4801	Q0	348589#0	1
4801	Q0	348589#20	0
4801	Q0	21467#52	0
4801	Q0	347867#6	0
4801	Q0	254968#10	0
4801	Q0	280747#5	0
4801	Q0	218556#13	0
4801	Q0	218556#25	0
4801	Q0	19641#26	0
4803	Q0	97761#8	1
4803	Q0	91795#4	1
4803	Q0	9#2	0
4803	Q0	146730#2	0
4803	Q0	62479#1	0
4803	Q0	18194#10	0
4803	Q0	16261#3	0
4803	Q0	13378#3	0
4803	Q0	122437#4	0
4803	Q0	88688#0	0
4804	Q0	708#57	1
4804	Q0	347933#12	1
4804	Q0	78175#10	0
4804	Q0	3105#9	0
4804	Q0	353887#4	0
4804	Q0	249798#1	0
4804	Q0	353887#9	0
4804	Q0	358084#4	0
4804	Q0	18506#0	0
4804	Q0	10627#22	0
4806	Q0	58004#0	1
4806	Q0	17730#0	1
4806	Q0	17694#0	0
4806	Q0	58004#2	0
4806	Q0	58004#1	0
4806	Q0	58004#6	0
4806	Q0	58004#3	0
4806	Q0	58004#7	0
4806	Q0	58004#9	0
4806	Q0	158544#1	0
4807	Q0	13109#20	1
4807	Q0	13109#8	1
4807	Q0	21219#9	1
4807	Q0	13109#6	1
4807	Q0	13109#0	1
4807	Q0	3070#1	1
4807	Q0	13109#21	0
4807	Q0	13109#38	0
4807	Q0	13109#16	0
4807	Q0	294225#38	0
4809	Q0	26875#7	1
4809	Q0	81588#0	1
4809	Q0	17368#0	1
4809	Q0	18611#2	0
4809	Q0	16427#10	0
4809	Q0	19497#8	0
4809	Q0	345647#12	0
4809	Q0	289309#3	0
4809	Q0	254329#0	0
4809	Q0	78768#2	0
4810	Q0	4525#32	1
4810	Q0	49818#0	0
4810	Q0	47220#0	0
4810	Q0	49488#0	0
4810	Q0	49594#0	0
4810	Q0	4405#12	0
4810	Q0	49782#0	0
4810	Q0	123919#50	0
4810	Q0	4525#33	0
4810	Q0	129179#0	0
4812	Q0	223486#19	1
4812	Q0	152448#0	0
4812	Q0	27874#0	0
4812	Q0	4007#10	0
4812	Q0	152448#1	0
4812	Q0	45284#8	0
4812	Q0	4007#2	0
4812	Q0	152448#102	0
4812	Q0	18794#29	0
4812	Q0	152448#100	0
4813	Q0	13076#52	1
4813	Q0	224330#3	0
4813	Q0	224337#0	0
4813	Q0	47345#4	0
4813	Q0	224337#2	0
4813	Q0	224330#0	0
4813	Q0	47345#7	0
4813	Q0	47345#0	0
4813	Q0	224330#17	0
4813	Q0	224330#6	0
4814	Q0	505577#2	1
4814	Q0	71361#0	0
4814	Q0	16#31	0
4814	Q0	59239#139	0
4814	Q0	81282#0	0
4814	Q0	399918#3	0
4814	Q0	249417#4	0
4814	Q0	19641#31	0
4814	Q0	226434#0	0
4814	Q0	235873#0	0
4815	Q0	60038#0	1
4815	Q0	252993#4	0
4815	Q0	60038#7	0
4815	Q0	60038#1	0
4815	Q0	60038#5	0
4815	Q0	60038#9	0
4815	Q0	60038#11	0
4815	Q0	60038#4	0
4815	Q0	60038#8	0
4815	Q0	60038#2	0
4817	Q0	135717#0	1
4817	Q0	135983#0	0
4817	Q0	135986#0	0
4817	Q0	318428#0	0
4817	Q0	747#17	0
4817	Q0	198046#19	0
4817	Q0	66673#3	0
4817	Q0	4582#4	0
4817	Q0	6855#2	0
4817	Q0	11764#52	0
4820	Q0	790#0	1
4820	Q0	396668#38	1
4820	Q0	396668#52	0
4820	Q0	396668#53	0
4820	Q0	396668#44	0
4820	Q0	6628#0	0
4820	Q0	789#1	0
4820	Q0	396668#49	0
4820	Q0	3483#0	0
4820	Q0	307060#47	0
4821	Q0	16912#21	1
4821	Q0	432329#0	1
4821	Q0	16912#19	1
4821	Q0	16912#33	1
4821	Q0	124066#3	0
4821	Q0	439743#7	0
4821	Q0	124066#6	0
4821	Q0	439743#5	0
4821	Q0	124066#30	0
4821	Q0	101411#9	0
4821	Q0	16912#16	0
4821	Q0	156257#9	0
4822	Q0	73832#0	1
4822	Q0	838#17	0
4822	Q0	1418953#2	0
4822	Q0	3983#10	0
4822	Q0	3983#0	0
4822	Q0	339051#0	0
4822	Q0	104199#0	0
4822	Q0	395661#0	0
4822	Q0	142245#1	0
4822	Q0	136136#0	0
4823	Q0	51940#0	1
4823	Q0	25903#28	1
4823	Q0	51940#3	1
4823	Q0	51940#29	1
4823	Q0	51940#18	1
4823	Q0	51940#6	1
4823	Q0	5463#27	0
4823	Q0	51940#1	0
4823	Q0	51940#15	0
4823	Q0	51940#17	0
4826	Q0	41030#0	1
4826	Q0	48323#0	0
4826	Q0	45541#0	0
4826	Q0	43297#0	0
4826	Q0	41052#0	0
4826	Q0	44978#0	0
4826	Q0	40855#0	0
4826	Q0	41030#2	0
4826	Q0	41030#5	0
4826	Q0	41205#5	0
4827	Q0	36162#0	1
4827	Q0	74398#0	1
4827	Q0	10793#12	1
4827	Q0	10793#5	1
4827	Q0	74398#5	1
4827	Q0	74398#1	0
4827	Q0	74398#4	0
4827	Q0	74398#2	0
4827	Q0	426087#1	0
4827	Q0	74398#16	0
4828	Q0	2372263#0	1
4828	Q0	202480#0	0
4828	Q0	203561#0	0
4828	Q0	45226#1	0
4828	Q0	80430#1	0
4828	Q0	147299#0	0
4828	Q0	202999#0	0
4828	Q0	203248#0	0
4828	Q0	3992#5	0
4828	Q0	207993#2	0
4829	Q0	222055#0	1
4829	Q0	334761#0	1
4829	Q0	4063#30	1
4829	Q0	334761#1	0
4829	Q0	41649#0	0
4829	Q0	396336#0	0
4829	Q0	105555#0	0
4829	Q0	335939#3	0
4829	Q0	4063#29	0
4829	Q0	42788#6	0
4829	Q0	334761#2	0
4830	Q0	29615#0	1
4830	Q0	315956#0	1
4830	Q0	338459#0	1
4830	Q0	21137#0	1
4830	Q0	367726#0	0
4830	Q0	367726#1	0
4830	Q0	413556#0	0
4830	Q0	29615#2	0
4830	Q0	398966#1	0
4830	Q0	21247#4	0
4831	Q0	4467#2	1
4831	Q0	26962#0	0
4831	Q0	4467#4	0
4831	Q0	152447#5	0
4831	Q0	40427#13	0
4831	Q0	73667#0	0
4831	Q0	15632#92	0
4831	Q0	19610#0	0
4831	Q0	274134#1	0
4831	Q0	200115#0	0
4832	Q0	84#40	1
4832	Q0	3976#12	1
4832	Q0	44817#12	1
4832	Q0	3768#5	1
4832	Q0	441758#1	0
4832	Q0	78656#26	0
4832	Q0	84#3	0
4832	Q0	84#41	0
4832	Q0	435359#11	0
4832	Q0	84#48	0
4833	Q0	58010#1	1
4833	Q0	409537#8	1
4833	Q0	127527#0	0
4833	Q0	339949#4	0
4833	Q0	69275#5	0
4833	Q0	294230#29	0
4833	Q0	124570#0	0
4833	Q0	26641#21	0
4833	Q0	338720#1	0
4833	Q0	96235#12	0
4834	Q0	319148#1	1
4834	Q0	12704#26	1
4834	Q0	12704#43	1
4834	Q0	12704#13	0
4834	Q0	12704#11	0
4834	Q0	12704#9	0
4834	Q0	12704#10	0
4834	Q0	12704#38	0
4834	Q0	12116#15	0
4834	Q0	12704#42	0
4835	Q0	428687#0	1
4835	Q0	12824#0	1
4835	Q0	12824#3	1
4835	Q0	12848#0	0
4835	Q0	74123#0	0
4835	Q0	145059#0	0
4835	Q0	108647#0	0
4835	Q0	227484#0	0
4835	Q0	265931#0	0
4835	Q0	26762#1	0
4837	Q0	78230#4	1
4837	Q0	16233#0	1
4837	Q0	31915#0	1
4837	Q0	428242#6	1
4837	Q0	16233#1	0
4837	Q0	369118#20	0
4837	Q0	3766#9	0
4837	Q0	16233#2	0
4837	Q0	16233#11	0
4837	Q0	16233#6	0
4839	Q0	187448#1	1
4839	Q0	153337#1	1
4839	Q0	292950#20	1
4839	Q0	106673#5	1
4839	Q0	292950#18	1
4839	Q0	286484#2	0
4839	Q0	237192#5	0
4839	Q0	14355#0	0
4839	Q0	211782#0	0
4839	Q0	16849#1	0
4841	Q0	2716#1	1
4841	Q0	2716#10	0
4841	Q0	66213#0	0
4841	Q0	111171#0	0
4841	Q0	110133#0	0
4841	Q0	110371#0	0
4841	Q0	278271#6	0
4841	Q0	274783#2	0
4841	Q0	110370#0	0
4841	Q0	69304#0	0
4843	Q0	438642#0	1
4843	Q0	438642#7	1
4843	Q0	438642#15	1
4843	Q0	438642#8	1
4843	Q0	292950#18	0
4843	Q0	690#13	0
4843	Q0	19655#19	0
4843	Q0	324756#0	0
4843	Q0	125400#3	0
4843	Q0	402855#18	0
4844	Q0	239948#16	1
4844	Q0	261390#2	1
4844	Q0	36833#0	1
4844	Q0	183979#1	1
4844	Q0	36833#1	1
4844	Q0	36833#5	1
4844	Q0	3794#7	0
4844	Q0	253048#6	0
4844	Q0	93999#5	0
4844	Q0	36833#6	0
4844	Q0	36833#2	0
4844	Q0	36833#3	0
4845	Q0	131665#3	1
4845	Q0	7879#2	0
4845	Q0	109586#1	0
4845	Q0	80465#2	0
4845	Q0	34628#3	0
4845	Q0	242190#5	0
4845	Q0	103265#1	0
4845	Q0	249912#1	0
4845	Q0	838#17	0
4845	Q0	38637#11	0
4846	Q0	236351#0	1
4846	Q0	271160#0	1
4846	Q0	234069#14	1
4846	Q0	128884#0	0
4846	Q0	3095#0	0
4846	Q0	238520#0	0
4846	Q0	33281#3	0
4846	Q0	375535#3	0
4846	Q0	410986#0	0
4846	Q0	319507#0	0
4847	Q0	329080#0	1
4847	Q0	14836#2	1
4847	Q0	85518#0	0
4847	Q0	85518#11	0
4847	Q0	221988#0	0
4847	Q0	85518#9	0
4847	Q0	222016#1	0
4847	Q0	85518#6	0
4847	Q0	150817#0	0
4847	Q0	14836#0	0
4848	Q0	244401#4	1
4848	Q0	244401#0	1
4848	Q0	254183#6	1
4848	Q0	244401#14	0
4848	Q0	244401#18	0
4848	Q0	244401#27	0
4848	Q0	139008#4	0
4848	Q0	244401#22	0
4848	Q0	253621#7	0
4848	Q0	139008#5	0
4849	Q0	395230#0	1
4849	Q0	36287#0	1
4849	Q0	36295#0	1
4849	Q0	36295#16	1
4849	Q0	3794#7	0
4849	Q0	34881#7	0
4849	Q0	838#17	0
4849	Q0	81282#0	0
4849	Q0	84608#0	0
4849	Q0	84696#1	0
4851	Q0	4140#2	1
4851	Q0	27475#8	1
4851	Q0	4140#19	0
4851	Q0	27475#23	0
4851	Q0	27475#10	0
4851	Q0	65151#1	0
4851	Q0	27475#9	0
4851	Q0	27475#14	0
4851	Q0	4140#8	0
4851	Q0	27475#13	0
4853	Q0	271902#1	1
4853	Q0	226263#1	1
4853	Q0	271907#0	0
4853	Q0	271902#0	0
4853	Q0	226263#0	0
4853	Q0	390686#2	0
4853	Q0	259159#0	0
4853	Q0	416077#2	0
4853	Q0	226263#2	0
4853	Q0	210801#2	0
4854	Q0	427620#1	1
4854	Q0	2773#0	0
4854	Q0	12430#0	0
4854	Q0	6904#34	0
4854	Q0	20057#10	0
4854	Q0	6904#27	0
4854	Q0	6904#1	0
4854	Q0	6904#24	0
4854	Q0	6904#11	0
4854	Q0	6927#26	0
4855	Q0	138124#11	1
4855	Q0	138124#14	1
4855	Q0	138124#34	1
4855	Q0	138124#5	1
4855	Q0	138124#10	1
4855	Q0	138124#33	1
4855	Q0	138124#0	1
4855	Q0	18029#3	0
4855	Q0	138124#21	0
4855	Q0	40276#2	0
4856	Q0	362583#0	1
4856	Q0	362583#1	1
4856	Q0	362583#2	0
4856	Q0	362583#7	0
4856	Q0	362583#4	0
4856	Q0	362583#3	0
4856	Q0	362583#9	0
4856	Q0	362583#8	0
4856	Q0	362583#5	0
4856	Q0	253437#1	0
4859	Q0	420774#1	1
4859	Q0	152698#1	0
4859	Q0	16055#18	0
4859	Q0	19796#1	0
4859	Q0	1130#1	0
4859	Q0	261388#0	0
4859	Q0	11003#0	0
4859	Q0	17311#8	0
4859	Q0	440791#4	0
4859	Q0	198346#0	0
4863	Q0	2759#6	1
4863	Q0	1005050#4	1
4863	Q0	81282#0	0
4863	Q0	3562#0	0
4863	Q0	226434#0	0
4863	Q0	84608#0	0
4863	Q0	67391#15	0
4863	Q0	202542#0	0
4863	Q0	13999#10	0
4863	Q0	430950#0	0
4866	Q0	33159#3	1
4866	Q0	33159#14	1
4866	Q0	24433#0	0
4866	Q0	82858#1	0
4866	Q0	83770#1	0
4866	Q0	84608#0	0
4866	Q0	608991#1	0
4866	Q0	1002#36	0
4866	Q0	85912#1	0
4866	Q0	4133#1	0
4867	Q0	20478#21	1
4867	Q0	384890#0	1
4867	Q0	25199#1	1
4867	Q0	25199#7	1
4867	Q0	25199#8	1
4867	Q0	25199#6	1
4867	Q0	335543#4	0
4867	Q0	30268#1	0
4867	Q0	756176#1	0
4867	Q0	3803#9	0
4867	Q0	92462#2	0
4867	Q0	295996#0	0
4867	Q0	212168#0	0
4867	Q0	420881#1	0
4869	Q0	203636#0	1
4869	Q0	12980#4	1
4869	Q0	203636#45	0
4869	Q0	203636#42	0
4869	Q0	203636#49	0
4869	Q0	203636#43	0
4869	Q0	203636#37	0
4869	Q0	203636#46	0
4869	Q0	203636#40	0
4869	Q0	203636#4	0
4870	Q0	16233#0	1
4870	Q0	31915#0	1
4870	Q0	78230#4	1
4870	Q0	32347#3	0
4870	Q0	16233#2	0
4870	Q0	16233#6	0
4870	Q0	16233#1	0
4870	Q0	78230#1	0
4870	Q0	16233#11	0
4870	Q0	31915#41	0
4871	Q0	12047#33	1
4871	Q0	158702#9	1
4871	Q0	730#3	1
4871	Q0	66753#1	1
4871	Q0	352227#6	1
4871	Q0	3156#0	0
4871	Q0	103230#0	0
4871	Q0	3022#28	0
4871	Q0	81282#0	0
4871	Q0	84608#0	0
4873	Q0	7841#10	1
4873	Q0	51568#15	1
4873	Q0	48927#0	1
4873	Q0	226727#0	1
4873	Q0	318817#6	0
4873	Q0	40860#9	0
4873	Q0	752#8	0
4873	Q0	3022#28	0
4873	Q0	81282#0	0
4873	Q0	1476466#2	0
4875	Q0	78878#0	1
4875	Q0	56959#3	1
4875	Q0	56961#0	1
4875	Q0	120557#0	0
4875	Q0	121405#0	0
4875	Q0	122795#0	0
4875	Q0	121392#0	0
4875	Q0	104243#0	0
4875	Q0	57637#0	0
4875	Q0	107475#0	0
4878	Q0	276844#0	1
4878	Q0	1135#0	1
4878	Q0	276827#0	0
4878	Q0	1135#94	0
4878	Q0	139124#4	0
4878	Q0	1135#1	0
4878	Q0	1135#74	0
4878	Q0	1135#53	0
4878	Q0	1135#55	0
4878	Q0	1137#0	0
4879	Q0	64106#5	1
4879	Q0	64106#6	1
4879	Q0	399228#3	0
4879	Q0	399228#9	0
4879	Q0	399228#5	0
4879	Q0	399228#4	0
4879	Q0	64106#3	0
4879	Q0	399228#7	0
4879	Q0	399228#0	0
4879	Q0	399228#12	0
4880	Q0	20986#0	1
4880	Q0	205634#0	1
4880	Q0	269242#2	1
4880	Q0	264216#0	1
4880	Q0	20988#0	1
4880	Q0	20986#8	1
4880	Q0	343391#0	0
4880	Q0	20978#0	0
4880	Q0	91716#4	0
4880	Q0	3794#7	0
4882	Q0	153804#3	1
4882	Q0	48675#17	0
4882	Q0	31512#0	0
4882	Q0	289035#10	0
4882	Q0	6559#6	0
4882	Q0	48675#22	0
4882	Q0	43089#2	0
4882	Q0	147299#6	0
4882	Q0	117043#62	0
4882	Q0	374631#0	0
4884	Q0	13088#11	1
4884	Q0	44#13	1
4884	Q0	133594#0	1
4884	Q0	302491#5	1
4884	Q0	307060#21	0
4884	Q0	33968#6	0
4884	Q0	209888#14	0
4884	Q0	13088#10	0
4884	Q0	196446#0	0
4884	Q0	67294#9	0
4885	Q0	16885#6	1
4885	Q0	181185#0	0
4885	Q0	40429#1	0
4885	Q0	193656#3	0
4885	Q0	39778#1	0
4885	Q0	39411#1	0
4885	Q0	2688#16	0
4885	Q0	255110#1	0
4885	Q0	1064924#0	0
4885	Q0	192842#1	0
4887	Q0	79931#1	1
4887	Q0	222255#0	1
4887	Q0	9179#8	1
4887	Q0	144480#1	0
4887	Q0	11602#5	0
4887	Q0	15698#0	0
4887	Q0	117479#9	0
4887	Q0	246176#16	0
4887	Q0	77562#2	0
4887	Q0	317860#2	0
4890	Q0	216293#0	1
4890	Q0	218228#0	0
4890	Q0	4525#33	0
4890	Q0	49311#0	0
4890	Q0	47220#0	0
4890	Q0	123919#50	0
4890	Q0	3324#9	0
4890	Q0	255816#0	0
4890	Q0	415929#0	0
4890	Q0	33626#0	0
4892	Q0	752#22	1
4892	Q0	752#18	0
4892	Q0	210861#67	0
4892	Q0	752#19	0
4892	Q0	752#16	0
4892	Q0	850#1	0
4892	Q0	752#17	0
4892	Q0	317961#3	0
4892	Q0	10448#50	0
4892	Q0	269586#25	0
4894	Q0	233368#0	1
4894	Q0	233368#35	1
4894	Q0	233368#1	0
4894	Q0	233368#52	0
4894	Q0	235775#51	0
4894	Q0	233368#40	0
4894	Q0	233368#2	0
4894	Q0	233368#77	0
4894	Q0	233368#7	0
4894	Q0	233368#34	0
4895	Q0	70116#0	1
4895	Q0	32296#44	1
4895	Q0	70116#19	0
4895	Q0	70116#5	0
4895	Q0	70116#12	0
4895	Q0	70116#13	0
4895	Q0	70116#9	0
4895	Q0	70116#16	0
4895	Q0	70116#10	0
4895	Q0	70116#18	0
4895	Q0	70116#4	0
4896	Q0	4933#55	1
4896	Q0	73875#1	0
4896	Q0	22272#3	0
4896	Q0	381371#0	0
4896	Q0	22272#1	0
4896	Q0	44123#0	0
4896	Q0	330560#1	0
4896	Q0	269242#3	0
4896	Q0	121938#0	0
4896	Q0	3817#7	0
4899	Q0	190359#0	1
4899	Q0	61588#0	1
4899	Q0	190675#0	1
4899	Q0	189957#6	0
4899	Q0	202326#0	0
4899	Q0	61595#0	0
4899	Q0	177588#3	0
4899	Q0	61588#3	0
4899	Q0	228166#0	0
4899	Q0	185477#7	0
4900	Q0	201813#6	1
4900	Q0	4571#0	1
4900	Q0	133726#1	0
4900	Q0	78820#7	0
4900	Q0	133726#0	0
4900	Q0	432838#11	0
4900	Q0	278271#33	0
4900	Q0	4571#18	0
4900	Q0	4419#48	0
4900	Q0	337116#0	0
4901	Q0	3493#70	1
4901	Q0	36348#0	1
4901	Q0	6824#1	1
4901	Q0	211127#18	1
4901	Q0	3493#69	1
4901	Q0	6824#13	0
4901	Q0	50223#4	0
4901	Q0	12123#3	0
4901	Q0	6778#33	0
4901	Q0	197093#5	0
4901	Q0	776347#0	0
4901	Q0	776347#11	0
4901	Q0	776347#31	0
4902	Q0	4484#0	1
4902	Q0	4484#2	1
4902	Q0	330171#0	0
4902	Q0	192045#0	0
4902	Q0	340804#0	0
4902	Q0	17691#0	0
4902	Q0	378387#0	0
4902	Q0	17691#2	0
4902	Q0	17691#9	0
4902	Q0	54989#16	0
4903	Q0	37264#0	1
4903	Q0	188494#1	1
4903	Q0	315325#0	0
4903	Q0	232254#5	0
4903	Q0	177588#0	0
4903	Q0	18330#1	0
4903	Q0	20035#0	0
4903	Q0	18330#9	0
4903	Q0	197771#1	0
4903	Q0	37264#11	0
4904	Q0	854298#3	1
4904	Q0	30268#1	0
4904	Q0	17#27	0
4904	Q0	20277#11	0
4904	Q0	10429#52	0
4904	Q0	207993#2	0
4904	Q0	30271#0	0
4904	Q0	20277#30	0
4904	Q0	52273#1	0
4904	Q0	295439#1	0
4905	Q0	4525#32	1
4905	Q0	4500#22	0
4905	Q0	270592#5	0
4905	Q0	8104#6	0
4905	Q0	278271#35	0
4905	Q0	165770#0	0
4905	Q0	2716#1	0
4905	Q0	4469#11	0
4905	Q0	4500#21	0
4905	Q0	4408#1	0
4907	Q0	91#29	1
4907	Q0	11321#14	1
4907	Q0	304725#15	1
4907	Q0	47234#0	1
4907	Q0	242278#0	1
4907	Q0	233294#0	1
4907	Q0	388261#2	0
4907	Q0	304725#16	0
4907	Q0	228921#0	0
4907	Q0	49#24	0
4908	Q0	225412#3	1
4908	Q0	257126#0	1
4908	Q0	316410#0	0
4908	Q0	4526#27	0
4908	Q0	246249#14	0
4908	Q0	262452#3	0
4908	Q0	45342#21	0
4908	Q0	437861#2	0
4908	Q0	442688#0	0
4908	Q0	437861#0	0
4909	Q0	145683#0	1
4909	Q0	300886#41	0
4909	Q0	300886#0	0
4909	Q0	300886#36	0
4909	Q0	300886#2	0
4909	Q0	300886#42	0
4909	Q0	300886#28	0
4909	Q0	300886#27	0
4909	Q0	300886#6	0
4909	Q0	300886#8	0
4910	Q0	8963#0	1
4910	Q0	8963#49	1
4910	Q0	8963#12	1
4910	Q0	8963#40	1
4910	Q0	8963#1	1
4910	Q0	8963#2	0
4910	Q0	735#24	0
4910	Q0	735#0	0
4910	Q0	4253#22	0
4910	Q0	735#18	0
4910	Q0	8963#69	0
4910	Q0	4258#3	0
4911	Q0	149916#3	1
4911	Q0	149916#1	1
4911	Q0	78656#23	1
4911	Q0	13038#6	0
4911	Q0	267008#3	0
4911	Q0	277264#5	0
4911	Q0	70548#27	0
4911	Q0	266389#3	0
4911	Q0	17088#1	0
4911	Q0	13072#1	0
4913	Q0	85765#0	1
4913	Q0	336980#0	1
4913	Q0	336980#1	1
4913	Q0	326502#0	1
4913	Q0	180731#0	0
4913	Q0	193481#5	0
4913	Q0	157588#0	0
4913	Q0	288939#6	0
4913	Q0	413921#3	0
4913	Q0	35337#8	0
4914	Q0	21083#1	1
4914	Q0	21083#0	1
4914	Q0	21083#11	0
4914	Q0	21083#16	0
4914	Q0	8184#1	0
4914	Q0	51020#5	0
4914	Q0	14920#2	0
4914	Q0	311717#1	0
4914	Q0	8432#5	0
4914	Q0	30826#3	0
4915	Q0	16912#21	1
4915	Q0	432329#0	1
4915	Q0	16912#36	1
4915	Q0	16912#0	1
4915	Q0	16912#19	1
4915	Q0	16912#33	1
4915	Q0	439743#10	0
4915	Q0	124066#3	0
4915	Q0	16912#24	0
4915	Q0	439743#7	0
4915	Q0	124066#6	0
4915	Q0	439743#5	0
4916	Q0	1101#13	1
4916	Q0	282652#3	1
4916	Q0	293433#0	1
4916	Q0	293433#2	0
4916	Q0	293433#3	0
4916	Q0	4413#10	0
4916	Q0	345752#40	0
4916	Q0	155143#0	0
4916	Q0	44438#0	0
4916	Q0	245639#16	0
4917	Q0	231722#5	1
4917	Q0	231722#7	1
4917	Q0	231722#15	1
4917	Q0	231722#14	1
4917	Q0	231722#11	1
4917	Q0	231722#12	0
4917	Q0	231722#13	0
4917	Q0	112950#0	0
4917	Q0	231722#8	0
4917	Q0	201461#0	0
4917	Q0	768#1	0
4917	Q0	231722#3	0
4917	Q0	819#3	0
4917	Q0	3022#28	0
4917	Q0	231722#6	0
4917	Q0	231722#10	0
4918	Q0	442223#2	1
4918	Q0	442254#11	1
4918	Q0	17247#0	1
4918	Q0	43984#3	1
4918	Q0	286117#0	0
4918	Q0	442254#13	0
4918	Q0	17247#23	0
4918	Q0	442223#0	0
4918	Q0	17247#21	0
4918	Q0	17247#28	0
4920	Q0	5431#0	1
4920	Q0	4076#0	0
4920	Q0	4120#0	0
4920	Q0	4138#0	0
4920	Q0	4133#3	0
4920	Q0	784#0	0
4920	Q0	5431#18	0
4920	Q0	4107#0	0
4920	Q0	50#29	0
4920	Q0	4057#0	0
4923	Q0	321436#3	1
4923	Q0	127449#111	1
4923	Q0	1962167#3	1
4923	Q0	293840#2	0
4923	Q0	353184#0	0
4923	Q0	33266#8	0
4923	Q0	3803#9	0
4923	Q0	375049#0	0
4923	Q0	232050#6	0
4923	Q0	433155#3	0
4926	Q0	106781#72	1
4926	Q0	23826#36	1
4926	Q0	225276#10	1
4926	Q0	106781#67	0
4926	Q0	106781#0	0
4926	Q0	106781#71	0
4926	Q0	106781#73	0
4926	Q0	106781#32	0
4926	Q0	106781#3	0
4926	Q0	106781#13	0
4927	Q0	69783#0	1
4927	Q0	69784#0	0
4927	Q0	159153#0	0
4927	Q0	159364#0	0
4927	Q0	69787#0	0
4927	Q0	69800#0	0
4927	Q0	69798#0	0
4927	Q0	69799#0	0
4927	Q0	69796#0	0
4927	Q0	69804#0	0
4930	Q0	12058#47	1
4930	Q0	12058#93	1
4930	Q0	12058#108	1
4930	Q0	12058#75	0
4930	Q0	12058#76	0
4930	Q0	12058#5	0
4930	Q0	12058#90	0
4930	Q0	345717#8	0
4930	Q0	12058#10	0
4930	Q0	12058#50	0
4933	Q0	180397#7	1
4933	Q0	180397#8	1
4933	Q0	180397#0	1
4933	Q0	180397#14	0
4933	Q0	138203#3	0
4933	Q0	180397#4	0
4933	Q0	180397#1	0
4933	Q0	180397#2	0
4933	Q0	180397#6	0
4933	Q0	180397#5	0
4934	Q0	22527#47	1
4934	Q0	21940#18	0
4934	Q0	36048#31	0
4934	Q0	193679#0	0
4934	Q0	125532#13	0
4934	Q0	67970#2	0
4934	Q0	22527#48	0
4934	Q0	393018#0	0
4934	Q0	112116#17	0
4934	Q0	58378#12	0
4936	Q0	52788#0	1
4936	Q0	21873#18	1
4936	Q0	130167#0	1
4936	Q0	21873#22	1
4936	Q0	52788#32	0
4936	Q0	130167#6	0
4936	Q0	155241#0	0
4936	Q0	130167#4	0
4936	Q0	130167#7	0
4936	Q0	52788#3	0
4939	Q0	44#39	1
4939	Q0	5431#0	0
4939	Q0	55429#0	0
4939	Q0	68#12	0
4939	Q0	65168#2	0
4939	Q0	28829#0	0
4939	Q0	15636#0	0
4939	Q0	50#0	0
4939	Q0	91813#27	0
4939	Q0	15637#4	0
4941	Q0	13991#29	1
4941	Q0	13991#39	1
4941	Q0	104612#16	0
4941	Q0	13991#74	0
4941	Q0	13991#35	0
4941	Q0	104612#4	0
4941	Q0	135085#0	0
4941	Q0	336482#11	0
4941	Q0	4131#11	0
4941	Q0	104612#28	0
4942	Q0	31706#3	1
4942	Q0	2772#9	0
4942	Q0	31706#61	0
4942	Q0	31706#6	0
4942	Q0	31706#1	0
4942	Q0	31706#0	0
4942	Q0	44053#2	0
4942	Q0	219370#1	0
4942	Q0	6659#11	0
4942	Q0	31706#30	0
4943	Q0	1856376#0	1
4943	Q0	2648#18	0
4943	Q0	81282#0	0
4943	Q0	126723#0	0
4943	Q0	226434#0	0
4943	Q0	23992#0	0
4943	Q0	111023#0	0
4943	Q0	103800#3	0
4943	Q0	220992#0	0
4943	Q0	356015#8	0
4944	Q0	277742#0	1
4944	Q0	11943#0	1
4944	Q0	6368#0	1
4944	Q0	419993#0	0
4944	Q0	254080#0	0
4944	Q0	364582#0	0
4944	Q0	348933#0	0
4944	Q0	349121#0	0
4944	Q0	4424#2	0
4944	Q0	198183#16	0
4945	Q0	5431#30	1
4945	Q0	11023#0	1
4945	Q0	4040#20	1
4945	Q0	8401#24	0
4945	Q0	84490#17	0
4945	Q0	21321#10	0
4945	Q0	4113#18	0
4945	Q0	4041#5	0
4945	Q0	49489#6	0
4945	Q0	11852#7	0
4945	Q0	5431#1	0
4947	Q0	165704#6	1
4947	Q0	13135#3	1
4947	Q0	165704#3	0
4947	Q0	165704#1	0
4947	Q0	165704#2	0
4947	Q0	165704#8	0
4947	Q0	165704#11	0
4947	Q0	165704#26	0
4947	Q0	165704#7	0
4947	Q0	165704#5	0
4949	Q0	271509#4	1
4949	Q0	325933#6	1
4949	Q0	84608#0	0
4949	Q0	2363223#1	0
4949	Q0	1124#1	0
4949	Q0	81282#0	0
4949	Q0	226434#0	0
4949	Q0	308325#1	0
4949	Q0	81282#2	0
4949	Q0	38411#8	0
4950	Q0	3891#0	1
4950	Q0	4732#2	1
4950	Q0	3891#7	1
4950	Q0	318252#4	1
4950	Q0	242756#3	1
4950	Q0	3791#0	0
4950	Q0	64251#0	0
4950	Q0	13657#5	0
4950	Q0	21084#1	0
4950	Q0	5011#39	0
4951	Q0	2725831#9	1
4951	Q0	400734#0	0
4951	Q0	400739#3	0
4951	Q0	400734#14	0
4951	Q0	18750#0	0
4951	Q0	64208#2	0
4951	Q0	104261#2	0
4951	Q0	838#17	0
4951	Q0	378443#1	0
4951	Q0	398966#4	0
4953	Q0	407429#41	1
4953	Q0	245888#0	0
4953	Q0	263605#0	0
4953	Q0	115940#0	0
4953	Q0	13267#34	0
4953	Q0	248738#0	0
4953	Q0	353729#0	0
4953	Q0	252563#0	0
4953	Q0	838#17	0
4953	Q0	246058#7	0
4954	Q0	8633#0	1
4954	Q0	19398#0	1
4954	Q0	236964#0	1
4954	Q0	1025#21	1
4954	Q0	151613#0	1
4954	Q0	8633#1	0
4954	Q0	1002#13	0
4954	Q0	8633#2	0
4954	Q0	91360#11	0
4954	Q0	214803#1	0
4955	Q0	10702#46	1
4955	Q0	138209#2	1
4955	Q0	451836#1	1
4955	Q0	102737#3	0
4955	Q0	2954#31	0
4955	Q0	69105#1	0
4955	Q0	214534#4	0
4955	Q0	279086#1	0
4955	Q0	187994#1	0
4955	Q0	88157#3	0
4957	Q0	4116#21	1
4957	Q0	55269#0	1
4957	Q0	4114#10	1
4957	Q0	4116#23	1
4957	Q0	4116#4	0
4957	Q0	4116#2	0
4957	Q0	4116#1	0
4957	Q0	4114#9	0
4957	Q0	4116#3	0
4957	Q0	55269#6	0
4957	Q0	55278#0	0
4959	Q0	272272#2	1
4959	Q0	272272#1	1
4959	Q0	272272#0	1
4959	Q0	122602#0	1
4959	Q0	122602#13	0
4959	Q0	343736#4	0
4959	Q0	3992#5	0
4959	Q0	329002#1	0
4959	Q0	37004#7	0
4959	Q0	266794#2	0
4961	Q0	4449#18	1
4961	Q0	4448#11	1
4961	Q0	4449#16	0
4961	Q0	4449#12	0
4961	Q0	4449#0	0
4961	Q0	245373#0	0
4961	Q0	245114#0	0
4961	Q0	37082#0	0
4961	Q0	4449#6	0
4961	Q0	4449#17	0
4963	Q0	1389135#0	1
4963	Q0	1389135#13	1
4963	Q0	1389135#11	1
4963	Q0	1389135#7	1
4963	Q0	1389135#16	1
4963	Q0	1389135#6	1
4963	Q0	1389135#12	1
4963	Q0	80773#13	0
4963	Q0	768#3	0
4963	Q0	237736#9	0
4963	Q0	226103#98	0
4963	Q0	178187#15	0
4963	Q0	335410#13	0
4963	Q0	351784#9	0
4963	Q0	79306#6	0
4963	Q0	2835#89	0
4963	Q0	1389135#18	0
4963	Q0	1389135#14	0
4963	Q0	1389135#17	0
4965	Q0	51840#0	1
4965	Q0	3483#21	1
4965	Q0	31706#0	1
4965	Q0	35432#17	1
4965	Q0	74312#5	1
4965	Q0	396668#76	0
4965	Q0	309216#5	0
4965	Q0	31706#30	0
4965	Q0	43160#0	0
4965	Q0	309216#1	0
4967	Q0	44#15	1
4967	Q0	50#16	1
4967	Q0	3282#0	1
4967	Q0	13088#14	1
4967	Q0	57987#12	1
4967	Q0	3282#15	0
4967	Q0	178227#3	0
4967	Q0	286293#3	0
4967	Q0	265961#1	0
4967	Q0	3282#16	0
4969	Q0	2664332#1	1
4969	Q0	230994#13	0
4969	Q0	230994#3	0
4969	Q0	155963#4	0
4969	Q0	252134#0	0
4969	Q0	1018#11	0
4969	Q0	300532#0	0
4969	Q0	33056#0	0
4969	Q0	78296#0	0
4969	Q0	7206#27	0
4970	Q0	20461#5	1
4970	Q0	20461#4	1
4970	Q0	376900#3	1
4970	Q0	138885#2	0
4970	Q0	77478#2	0
4970	Q0	26757#3	0
4970	Q0	39623#29	0
4970	Q0	42119#0	0
4970	Q0	12356#2	0
4970	Q0	77478#1	0
4971	Q0	19463#0	1
4971	Q0	4449#6	1
4971	Q0	11430#80	1
4971	Q0	19463#15	0
4971	Q0	324756#0	0
4971	Q0	240868#91	0
4971	Q0	19463#59	0
4971	Q0	233391#6	0
4971	Q0	19463#60	0
4971	Q0	19463#41	0
4972	Q0	3882#0	1
4972	Q0	3882#6	1
4972	Q0	3882#1	1
4972	Q0	3882#9	1
4972	Q0	3882#15	1
4972	Q0	3882#16	1
4972	Q0	21809#8	0
4972	Q0	4439#15	0
4972	Q0	3882#32	0
4972	Q0	132944#1	0
4973	Q0	20018#20	1
4973	Q0	198874#0	1
4973	Q0	198874#1	1
4973	Q0	20018#12	0
4973	Q0	198874#14	0
4973	Q0	198874#9	0
4973	Q0	57278#5	0
4973	Q0	198874#11	0
4973	Q0	20018#11	0
4973	Q0	198874#6	0
4974	Q0	18796#3	1
4974	Q0	18603#4	1
4974	Q0	19591#2	1
4974	Q0	29569#6	0
4974	Q0	111097#3	0
4974	Q0	18770#3	0
4974	Q0	401976#0	0
4974	Q0	16585#21	0
4974	Q0	64803#3	0
4974	Q0	326211#0	0
4975	Q0	817#0	1
4975	Q0	817#8	1
4975	Q0	817#6	1
4975	Q0	256089#0	0
4975	Q0	817#5	0
4975	Q0	817#12	0
4975	Q0	35851#39	0
4975	Q0	817#11	0
4975	Q0	817#4	0
4975	Q0	819#9	0
4976	Q0	318980#2	1
4976	Q0	203235#5	1
4976	Q0	11418#9	0
4976	Q0	212808#8	0
4976	Q0	3768#19	0
4976	Q0	279761#107	0
4976	Q0	344711#0	0
4976	Q0	53464#54	0
4976	Q0	26564#8	0
4976	Q0	36906#0	0
4978	Q0	4435#0	1
4978	Q0	4650#1	0
4978	Q0	258652#0	0
4978	Q0	18612#21	0
4978	Q0	365564#5	0
4978	Q0	4435#1	0
4978	Q0	79278#0	0
4978	Q0	14059#1	0
4978	Q0	18743#0	0
4978	Q0	4642#0	0
4980	Q0	435876#0	1
4980	Q0	31706#8	1
4980	Q0	3978#1	0
4980	Q0	4627#15	0
4980	Q0	209398#4	0
4980	Q0	195503#0	0
4980	Q0	298365#8	0
4980	Q0	220770#0	0
4980	Q0	40222#2	0
4980	Q0	7793#18	0
4981	Q0	190234#0	1
4981	Q0	51733#1	1
4981	Q0	48830#0	1
4981	Q0	190234#28	1
4981	Q0	190234#36	1
4981	Q0	190239#0	0
4981	Q0	48830#31	0
4981	Q0	190234#22	0
4981	Q0	181366#0	0
4981	Q0	48830#7	0
4983	Q0	61803#0	1
4983	Q0	61803#1	1
4983	Q0	61803#5	0
4983	Q0	61803#12	0
4983	Q0	61803#23	0
4983	Q0	143247#6	0
4983	Q0	61803#27	0
4983	Q0	81282#0	0
4983	Q0	1880812#7	0
4983	Q0	3803#9	0
4987	Q0	202746#19	1
4987	Q0	202746#31	1
4987	Q0	202746#25	1
4987	Q0	109616#13	1
4987	Q0	202746#23	1
4988	Q0	48927#0	1
4988	Q0	31963#0	1
4988	Q0	48927#3	0
4988	Q0	314509#31	0
4988	Q0	304132#1	0
4988	Q0	58496#0	0
4988	Q0	274492#12	0
4988	Q0	396153#1	0
4988	Q0	8106#52	0
4988	Q0	12047#49	0
4989	Q0	25914#2	1
4989	Q0	4268#37	1
4989	Q0	246050#2	1
4989	Q0	316719#0	1
4989	Q0	49664#4	1
4989	Q0	45105#1	1
4989	Q0	33463#0	0
4989	Q0	323715#18	0
4989	Q0	226007#7	0
4989	Q0	703#1	0
4989	Q0	97710#0	0
4989	Q0	45105#0	0
4990	Q0	63953#1	1
4990	Q0	63953#2	1
4990	Q0	63953#3	1
4990	Q0	63953#0	1
4990	Q0	63953#5	1
4990	Q0	63953#7	0
4990	Q0	63953#8	0
4990	Q0	63953#6	0
4990	Q0	63953#11	0
4990	Q0	63953#10	0
4992	Q0	946#4	1
4992	Q0	946#53	1
4992	Q0	946#3	1
4992	Q0	25964#4	0
4992	Q0	12849#18	0
4992	Q0	946#32	0
4992	Q0	946#45	0
4992	Q0	946#55	0
4992	Q0	264969#12	0
4992	Q0	45795#6	0
4993	Q0	245639#16	1
4993	Q0	132944#1	1
4993	Q0	3881#17	1
4993	Q0	146698#4	1
4993	Q0	5431#60	1
4993	Q0	114642#0	1
4993	Q0	279393#0	0
4993	Q0	146698#28	0
4993	Q0	17235#1	0
4993	Q0	227266#2	0
4995	Q0	29654#1	1
4995	Q0	1066997#0	1
4995	Q0	358540#5	0
4995	Q0	1018#14	0
4995	Q0	381339#4	0
4995	Q0	223455#1	0
4995	Q0	11450#5	0
4995	Q0	246176#2	0
4995	Q0	36639#5	0
4995	Q0	195969#1	0
4998	Q0	344622#0	1
4998	Q0	22938#1	0
4998	Q0	64608#5	0
4998	Q0	233368#0	0
4998	Q0	22924#53	0
4998	Q0	23372#4	0
4998	Q0	153397#3	0
4998	Q0	2954#31	0
4998	Q0	12539#20	0
4998	Q0	1150229#0	0
4999	Q0	428552#46	1
4999	Q0	428552#0	1
4999	Q0	428552#37	1
4999	Q0	428552#38	0
4999	Q0	428552#1	0
4999	Q0	428552#49	0
4999	Q0	428552#33	0
4999	Q0	428552#51	0
4999	Q0	428552#18	0
4999	Q0	428552#34	0
5001	Q0	690#22	1
5001	Q0	690#43	1
5001	Q0	325326#0	0
5001	Q0	12576#20	0
5001	Q0	690#23	0
5001	Q0	6617#44	0
5001	Q0	690#1	0
5001	Q0	38107#0	0
5001	Q0	690#18	0
5001	Q0	6617#7	0
5001	Q0	690#72	0
5001	Q0	22807#16	0
5002	Q0	31733#1	1
5002	Q0	18105#0	1
5002	Q0	4525#32	1
5002	Q0	4196#32	0
5002	Q0	12216#20	0
5002	Q0	690#32	0
5002	Q0	44#39	0
5002	Q0	8977#0	0
5002	Q0	25040#1	0
5002	Q0	202888#1	0
5004	Q0	288112#24	1
5004	Q0	413388#1	1
5004	Q0	3086#2	1
5004	Q0	106809#1	0
5004	Q0	412876#1	0
5004	Q0	253588#1	0
5004	Q0	3086#6	0
5004	Q0	253588#2	0
5004	Q0	3086#11	0
5004	Q0	413203#7	0
5005	Q0	942#0	1
5005	Q0	946#4	1
5005	Q0	946#9	1
5005	Q0	4443#19	1
5005	Q0	11430#78	1
5005	Q0	946#3	0
5005	Q0	12849#12	0
5005	Q0	4451#9	0
5005	Q0	226812#0	0
5005	Q0	19833#13	0
5006	Q0	440640#2	1
5006	Q0	328148#0	1
5006	Q0	328148#2	1
5006	Q0	328148#1	1
5006	Q0	328071#8	1
5006	Q0	8287#1	0
5006	Q0	332285#1	0
5006	Q0	440640#7	0
5006	Q0	235775#31	0
5006	Q0	123379#3	0
5008	Q0	2961#10	1
5008	Q0	30541#0	1
5008	Q0	58215#68	0
5008	Q0	30539#6	0
5008	Q0	208253#0	0
5008	Q0	8502#18	0
5008	Q0	3920#0	0
5008	Q0	36107#10	0
5008	Q0	16798#3	0
5008	Q0	49666#18	0
5011	Q0	236249#10	1
5011	Q0	146698#7	1
5011	Q0	241102#10	1
5011	Q0	198497#11	1
5011	Q0	198497#1	0
5011	Q0	198497#7	0
5011	Q0	371796#4	0
5011	Q0	147490#3	0
5011	Q0	406653#6	0
5011	Q0	241102#8	0
5012	Q0	838745#1	1
5012	Q0	28115#9	0
5012	Q0	328607#19	0
5012	Q0	3324#10	0
5012	Q0	17663#19	0
5012	Q0	35394#7	0
5012	Q0	302702#0	0
5012	Q0	215082#4	0
5012	Q0	206144#6	0
5012	Q0	431424#0	0
5013	Q0	13065#5	1
5013	Q0	10070#5	1
5013	Q0	10070#6	1
5013	Q0	107915#6	1
5013	Q0	278080#0	0
5013	Q0	9266#1	0
5013	Q0	228182#7	0
5013	Q0	8341#6	0
5013	Q0	13065#3	0
5013	Q0	9266#22	0
5015	Q0	6763#22	1
5015	Q0	410784#1	1
5015	Q0	4391#107	1
5015	Q0	4403#61	0
5015	Q0	16074#5	0
5015	Q0	6763#17	0
5015	Q0	247621#0	0
5015	Q0	247621#5	0
5015	Q0	221890#5	0
5015	Q0	141574#24	0
5016	Q0	410524#1	1
5016	Q0	3806#14	1
5016	Q0	282086#0	1
5016	Q0	33281#3	0
5016	Q0	44145#7	0
5016	Q0	123133#5	0
5016	Q0	15806#0	0
5016	Q0	264896#2	0
5016	Q0	6483#7	0
5016	Q0	35322#23	0
5018	Q0	6317#1	1
5018	Q0	63632#0	1
5018	Q0	17165#0	0
5018	Q0	7406#5	0
5018	Q0	6317#7	0
5018	Q0	2648#18	0
5018	Q0	81282#0	0
5018	Q0	769356#13	0
5018	Q0	226434#0	0
5018	Q0	84608#0	0
5018	Q0	6317#4	0
5019	Q0	210346#4	1
5019	Q0	210346#7	0
5019	Q0	210346#8	0
5019	Q0	210346#1	0
5019	Q0	210346#3	0
5019	Q0	371431#3	0
5019	Q0	21467#52	0
5019	Q0	202754#11	0
5019	Q0	46684#8	0
5019	Q0	22720#3	0
5020	Q0	149316#1	1
5020	Q0	149316#14	1
5020	Q0	149316#6	1
5020	Q0	149316#3	1
5020	Q0	149316#7	0
5020	Q0	149316#10	0
5020	Q0	149316#8	0
5020	Q0	149316#4	0
5020	Q0	149316#12	0
5020	Q0	258461#7	0
5021	Q0	24600#19	1
5021	Q0	24600#48	1
5021	Q0	19638#0	1
5021	Q0	24600#29	1
5021	Q0	24600#20	1
5021	Q0	24600#34	0
5021	Q0	2997#8	0
5021	Q0	24600#24	0
5021	Q0	25459#19	0
5021	Q0	24600#25	0
5022	Q0	33105#2	1
5022	Q0	33105#3	1
5022	Q0	33105#23	1
5022	Q0	33105#4	1
5022	Q0	33105#5	1
5022	Q0	33105#11	1
5022	Q0	33105#0	0
5022	Q0	33105#1	0
5022	Q0	33105#6	0
5022	Q0	33105#12	0
5023	Q0	269874#2	1
5023	Q0	188663#24	0
5023	Q0	269874#10	0
5023	Q0	200052#0	0
5023	Q0	32932#8	0
5023	Q0	16748#18	0
5023	Q0	227796#0	0
5023	Q0	60549#52	0
5023	Q0	270580#3	0
5023	Q0	188663#0	0
5024	Q0	3207#9	1
5024	Q0	150962#11	1
5024	Q0	41638#0	1
5024	Q0	844#48	0
5024	Q0	858#51	0
5024	Q0	858#52	0
5024	Q0	34240#4	0
5024	Q0	23906#30	0
5024	Q0	18795#50	0
5024	Q0	58939#0	0
5025	Q0	12591#3	1
5025	Q0	12591#4	1
5025	Q0	12591#9	1
5025	Q0	12591#0	0
5025	Q0	1003#2	0
5025	Q0	43636#3	0
5025	Q0	260034#5	0
5025	Q0	115605#1	0
5025	Q0	120497#2	0
5025	Q0	86204#4	0
5026	Q0	258328#0	1
5026	Q0	13016#0	0
5026	Q0	86142#34	0
5026	Q0	3324#8	0
5026	Q0	16863#0	0
5026	Q0	86142#64	0
5026	Q0	195685#6	0
5026	Q0	9645#13	0
5026	Q0	316853#1	0
5026	Q0	18388#11	0
5027	Q0	22924#0	1
5027	Q0	23699#24	1
5027	Q0	22924#23	1
5027	Q0	22924#65	0
5027	Q0	22924#44	0
5027	Q0	441394#3	0
5027	Q0	22924#49	0
5027	Q0	22924#61	0
5027	Q0	23378#0	0
5027	Q0	22924#37	0
5029	Q0	26931#10	1
5029	Q0	19693#18	1
5029	Q0	19693#4	1
5029	Q0	19693#7	0
5029	Q0	26931#9	0
5029	Q0	19693#6	0
5029	Q0	19693#0	0
5029	Q0	19693#5	0
5029	Q0	19693#42	0
5029	Q0	19693#8	0
5030	Q0	13088#19	1
5030	Q0	32388#0	1
5030	Q0	32388#3	1
5030	Q0	11393#1	0
5030	Q0	42986#2	0
5030	Q0	4004#2	0
5030	Q0	11309#0	0
5030	Q0	11393#0	0
5030	Q0	114642#0	0
5032	Q0	289703#1	1
5032	Q0	289703#0	1
5032	Q0	286061#8	0
5032	Q0	19967#28	0
5032	Q0	81282#0	0
5032	Q0	1413120#0	0
5032	Q0	3803#9	0
5032	Q0	84608#0	0
5032	Q0	226434#0	0
5032	Q0	147299#0	0
5033	Q0	4571#6	1
5033	Q0	4571#0	1
5033	Q0	208098#0	1
5033	Q0	309124#1	1
5033	Q0	340309#0	1
5033	Q0	309124#2	1
5033	Q0	4571#5	0
5033	Q0	300056#1	0
5033	Q0	133726#6	0
5033	Q0	4571#17	0
5034	Q0	1101#3	1
5034	Q0	1101#0	1
5034	Q0	1101#4	1
5034	Q0	21046#0	1
5034	Q0	25133#0	0
5034	Q0	91346#0	0
5034	Q0	246249#29	0
5034	Q0	152547#49	0
5034	Q0	278271#6	0
5034	Q0	22645#0	0
5035	Q0	46686#0	1
5035	Q0	82097#2	1
5035	Q0	59243#0	1
5035	Q0	436330#3	1
5035	Q0	216145#19	1
5035	Q0	195697#0	1
5035	Q0	64199#0	1
5035	Q0	64199#3	0
5035	Q0	436330#0	0
5035	Q0	274542#0	0
5036	Q0	209782#0	1
5036	Q0	885035#14	1
5036	Q0	81282#0	0
5036	Q0	1018#14	0
5036	Q0	226434#0	0
5036	Q0	84608#0	0
5036	Q0	14605#0	0
5036	Q0	13999#10	0
5036	Q0	32801#0	0
5036	Q0	36048#0	0
5038	Q0	397804#0	1
5038	Q0	397804#1	1
5038	Q0	397804#10	1
5038	Q0	397804#4	0
5038	Q0	397804#5	0
5038	Q0	397804#12	0
5038	Q0	397804#14	0
5038	Q0	397804#15	0
5038	Q0	397804#3	0
5038	Q0	120429#24	0
5039	Q0	3291#0	1
5039	Q0	3291#2	1
5039	Q0	28286#23	1
5039	Q0	375722#4	1
5039	Q0	10627#42	1
5039	Q0	10627#43	0
5039	Q0	375722#2	0
5039	Q0	3291#4	0
5039	Q0	375927#5	0
5039	Q0	3291#6	0
5041	Q0	24694#1	1
5041	Q0	3817#0	1
5041	Q0	121708#0	0
5041	Q0	40309#0	0
5041	Q0	57716#0	0
5041	Q0	23401#1	0
5041	Q0	273316#0	0
5041	Q0	221872#0	0
5041	Q0	3817#3	0
5041	Q0	103179#19	0
5042	Q0	212570#0	1
5042	Q0	77298#19	0
5042	Q0	77298#27	0
5042	Q0	2952#2	0
5042	Q0	2952#0	0
5042	Q0	20881#0	0
5042	Q0	3794#7	0
5042	Q0	399985#29	0
5042	Q0	209530#0	0
5042	Q0	429276#0	0
5043	Q0	126636#11	1
5043	Q0	75395#4	1
5043	Q0	75395#2	1
5043	Q0	75395#5	0
5043	Q0	75395#1	0
5043	Q0	157789#0	0
5043	Q0	126636#2	0
5043	Q0	75395#8	0
5043	Q0	38103#1	0
5043	Q0	246356#9	0
5045	Q0	147881#3	1
5045	Q0	147881#4	1
5045	Q0	147881#2	1
5045	Q0	147881#1	0
5045	Q0	838#17	0
5045	Q0	84608#0	0
5045	Q0	326284#3	0
5045	Q0	155839#0	0
5045	Q0	312545#4	0
5045	Q0	36476#1	0
5046	Q0	276795#1	1
5046	Q0	127449#111	1
5046	Q0	14920#3	1
5046	Q0	16261#3	1
5046	Q0	342704#1	1
5046	Q0	127449#47	1
5046	Q0	269242#2	1
5046	Q0	127216#10	0
5046	Q0	127449#88	0
5046	Q0	3109#9	0
5048	Q0	65230#1	1
5048	Q0	135370#0	1
5048	Q0	135370#1	1
5048	Q0	65230#2	1
5048	Q0	135370#7	0
5048	Q0	135370#8	0
5048	Q0	283528#0	0
5048	Q0	53353#0	0
5048	Q0	4531#1	0
5048	Q0	102300#0	0
5049	Q0	4571#12	1
5049	Q0	35472#0	1
5049	Q0	2596100#0	1
5049	Q0	2596100#6	1
5049	Q0	2596100#7	1
5049	Q0	2596100#17	1
5049	Q0	14380#16	0
5049	Q0	4571#18	0
5049	Q0	133726#10	0
5049	Q0	4571#14	0
5049	Q0	4571#15	0
5049	Q0	14380#32	0
5049	Q0	243864#30	0
5049	Q0	18309#0	0
5050	Q0	285661#43	1
5050	Q0	285661#41	1
5050	Q0	143445#2	1
5050	Q0	285661#44	0
5050	Q0	285661#46	0
5050	Q0	285661#55	0
5050	Q0	3572#12	0
5050	Q0	285661#51	0
5050	Q0	285661#31	0
5050	Q0	7825#13	0
5052	Q0	261390#3	1
5052	Q0	23420#6	0
5052	Q0	152472#5	0
5052	Q0	1130#4	0
5052	Q0	19089#0	0
5052	Q0	32504#0	0
5052	Q0	11006#0	0
5052	Q0	1130#0	0
5052	Q0	28787#2	0
5052	Q0	16850#4	0
5054	Q0	101772#0	1
5054	Q0	25998#13	1
5054	Q0	434984#10	1
5054	Q0	78403#9	0
5054	Q0	434984#8	0
5054	Q0	434984#6	0
5054	Q0	4449#85	0
5054	Q0	4441#15	0
5054	Q0	4449#12	0
5054	Q0	4449#86	0
5055	Q0	44398#2	1
5055	Q0	44398#1	1
5055	Q0	87674#3	0
5055	Q0	51940#25	0
5055	Q0	65222#0	0
5055	Q0	87674#0	0
5055	Q0	44398#3	0
5055	Q0	51940#24	0
5055	Q0	44398#0	0
5055	Q0	43870#0	0
5056	Q0	363540#4	1
5056	Q0	51940#2	1
5056	Q0	29955#0	1
5056	Q0	307741#5	1
5056	Q0	24157#1	1
5056	Q0	3097#6	1
5056	Q0	6463#52	1
5056	Q0	328901#0	0
5056	Q0	190061#0	0
5056	Q0	130154#0	0
5057	Q0	143958#1	1
5057	Q0	41316#0	1
5057	Q0	154048#0	1
5057	Q0	341277#6	1
5057	Q0	58496#0	0
5057	Q0	58496#7	0
5057	Q0	143958#0	0
5057	Q0	12047#49	0
5057	Q0	440380#0	0
5057	Q0	3817#7	0
5058	Q0	204263#2	1
5058	Q0	153701#0	1
5058	Q0	59156#5	1
5058	Q0	21873#19	1
5058	Q0	21873#18	1
5058	Q0	21873#20	1
5058	Q0	57328#0	1
5058	Q0	21873#23	1
5058	Q0	153687#0	0
5058	Q0	56564#0	0
5058	Q0	405528#0	0
5058	Q0	21873#1	0
5058	Q0	21873#15	0
5060	Q0	38136#5	1
5060	Q0	38136#8	1
5060	Q0	38136#7	1
5060	Q0	38136#45	1
5060	Q0	38136#1	0
5060	Q0	38136#6	0
5060	Q0	38136#13	0
5060	Q0	38136#63	0
5060	Q0	38136#38	0
5060	Q0	38136#24	0
5061	Q0	6742#2	1
5061	Q0	54#3	1
5061	Q0	54#11	1
5061	Q0	95877#1	1
5061	Q0	11776#61	1
5061	Q0	6742#0	1
5061	Q0	35847#1	0
5061	Q0	34098#8	0
5061	Q0	31522#7	0
5061	Q0	144524#17	0
5062	Q0	4013#5	1
5062	Q0	4016#7	1
5062	Q0	4013#1	1
5062	Q0	217508#3	1
5062	Q0	4013#12	1
5062	Q0	4013#18	0
5062	Q0	4013#16	0
5062	Q0	4013#6	0
5062	Q0	4013#14	0
5062	Q0	11395#1	0
5063	Q0	22212#2	1
5063	Q0	22212#3	1
5063	Q0	103179#66	1
5063	Q0	282992#0	1
5063	Q0	786#1	0
5063	Q0	22215#3	0
5063	Q0	103179#4	0
5063	Q0	282992#3	0
5063	Q0	22215#0	0
5063	Q0	4403#3	0
5065	Q0	12184#0	1
5065	Q0	12184#4	1
5065	Q0	439473#0	1
5065	Q0	12184#8	1
5065	Q0	409671#0	0
5065	Q0	293004#0	0
5065	Q0	12442#6	0
5065	Q0	12184#19	0
5065	Q0	259322#0	0
5065	Q0	409671#2	0
5066	Q0	5101#0	1
5066	Q0	34337#0	0
5066	Q0	124527#2	0
5066	Q0	4227#6	0
5066	Q0	4235#0	0
5066	Q0	11612#3	0
5066	Q0	55527#0	0
5066	Q0	251312#0	0
5066	Q0	20581#0	0
5066	Q0	124533#0	0
5068	Q0	16682#0	1
5068	Q0	2929#0	1
5068	Q0	31748#0	1
5068	Q0	16682#1	1
5068	Q0	20137#2	0
5068	Q0	3108#6	0
5068	Q0	14229#23	0
5068	Q0	3720#17	0
5068	Q0	16682#3	0
5068	Q0	16682#5	0
5069	Q0	2936#1	1
5069	Q0	372010#9	1
5069	Q0	151496#3	1
5069	Q0	6509#50	0
5069	Q0	6469#14	0
5069	Q0	14920#3	0
5069	Q0	6509#66	0
5069	Q0	136270#0	0
5069	Q0	59842#9	0
5069	Q0	6469#13	0
5070	Q0	6763#7	1
5070	Q0	45442#28	1
5070	Q0	44#66	1
5070	Q0	6763#9	0
5070	Q0	6763#10	0
5070	Q0	227907#1	0
5070	Q0	233607#2	0
5070	Q0	6763#13	0
5070	Q0	19967#8	0
5070	Q0	36472#1	0
5072	Q0	301741#0	1
5072	Q0	79278#0	1
5072	Q0	4650#1	1
5072	Q0	314068#0	0
5072	Q0	18743#0	0
5072	Q0	18612#21	0
5072	Q0	4481#1	0
5072	Q0	151415#44	0
5072	Q0	314068#3	0
5072	Q0	4481#0	0
5073	Q0	20025#19	1
5073	Q0	20025#17	1
5073	Q0	20025#0	1
5073	Q0	62470#0	1
5073	Q0	20025#14	1
5073	Q0	20025#13	0
5073	Q0	20025#25	0
5073	Q0	20025#10	0
5073	Q0	20025#33	0
5073	Q0	20025#4	0
5076	Q0	690#66	1
5076	Q0	84772#2	1
5076	Q0	690#1	1
5076	Q0	690#36	1
5076	Q0	690#32	0
5076	Q0	690#38	0
5076	Q0	690#53	0
5076	Q0	11523#1	0
5076	Q0	690#0	0
5076	Q0	48549#2	0
5077	Q0	15624#1	1
5077	Q0	56924#4	1
5077	Q0	299399#4	1
5077	Q0	45036#0	1
5077	Q0	67391#21	1
5077	Q0	18627#8	1
5077	Q0	67391#3	1
5077	Q0	87728#6	1
5077	Q0	67391#6	0
5077	Q0	67391#23	0
5078	Q0	24449#16	1
5078	Q0	24449#8	1
5078	Q0	50238#4	0
5078	Q0	256022#11	0
5078	Q0	225731#1	0
5078	Q0	18401#1	0
5078	Q0	253346#1	0
5078	Q0	6778#33	0
5078	Q0	91812#38	0
5078	Q0	327169#4	0
5080	Q0	5766#3	1
5080	Q0	68548#1	1
5080	Q0	1135#82	1
5080	Q0	5766#1	1
5080	Q0	25664#2	1
5080	Q0	301074#3	0
5080	Q0	6559#1	0
5080	Q0	708#84	0
5080	Q0	6559#0	0
5080	Q0	8575#15	0
5081	Q0	13231#2	1
5081	Q0	13231#0	1
5081	Q0	60591#0	0
5081	Q0	13231#4	0
5081	Q0	13231#9	0
5081	Q0	13231#3	0
5081	Q0	56069#0	0
5081	Q0	13581#37	0
5081	Q0	13231#5	0
5081	Q0	13231#8	0
5082	Q0	194760#0	1
5082	Q0	7096#0	1
5082	Q0	193863#0	1
5082	Q0	193884#0	1
5082	Q0	124529#12	1
5082	Q0	135310#2	0
5082	Q0	132668#11	0
5082	Q0	42278#17	0
5082	Q0	7096#4	0
5082	Q0	7096#14	0
5083	Q0	4525#4	1
5083	Q0	12042#0	1
5083	Q0	12539#5	1
5083	Q0	12216#6	0
5083	Q0	356133#1	0
5083	Q0	49678#0	0
5083	Q0	62084#18	0
5083	Q0	10705#0	0
5083	Q0	3392#14	0
5083	Q0	241151#2	0
5085	Q0	67341#2	1
5085	Q0	67341#0	1
5085	Q0	67341#1	1
5085	Q0	416313#7	1
5085	Q0	250622#15	0
5085	Q0	67341#6	0
5085	Q0	67341#5	0
5085	Q0	101585#13	0
5085	Q0	416313#1	0
5085	Q0	67341#3	0
5088	Q0	2691875#14	1
5088	Q0	78520#9	0
5088	Q0	838#17	0
5088	Q0	96845#10	0
5088	Q0	176000#1	0
5088	Q0	46600#29	0
5088	Q0	45568#30	0
5088	Q0	335410#13	0
5088	Q0	40229#11	0
5088	Q0	224285#24	0
5089	Q0	22269#0	1
5089	Q0	22269#22	1
5089	Q0	22269#3	1
5089	Q0	22269#12	0
5089	Q0	22269#11	0
5089	Q0	22269#1	0
5089	Q0	22269#26	0
5089	Q0	22269#14	0
5089	Q0	22269#29	0
5089	Q0	1025#88	0
5090	Q0	103479#1	1
5090	Q0	103479#0	1
5090	Q0	103479#5	0
5090	Q0	206864#2	0
5090	Q0	356390#5	0
5090	Q0	435772#0	0
5090	Q0	103479#6	0
5090	Q0	302538#1	0
5090	Q0	142533#0	0
5090	Q0	155583#1	0
5091	Q0	13088#9	1
5091	Q0	13088#11	1
5091	Q0	114642#0	1
5091	Q0	417157#6	1
5091	Q0	13088#15	1
5091	Q0	417157#12	1
5091	Q0	48959#15	0
5091	Q0	13088#10	0
5091	Q0	13088#16	0
5091	Q0	223489#15	0
5092	Q0	12539#33	1
5092	Q0	12539#4	1
5092	Q0	12539#48	1
5092	Q0	12539#35	1
5092	Q0	208676#0	0
5092	Q0	12539#21	0
5092	Q0	12539#12	0
5092	Q0	33176#98	0
5092	Q0	12539#23	0
5092	Q0	12539#16	0
5093	Q0	146016#0	1
5093	Q0	40728#5	1
5093	Q0	2986#5	1
5093	Q0	264087#4	0
5093	Q0	118004#0	0
5093	Q0	3473#33	0
5093	Q0	153402#11	0
5093	Q0	112329#21	0
5093	Q0	236299#37	0
5093	Q0	124862#8	0
5094	Q0	310910#19	1
5094	Q0	310910#0	1
5094	Q0	310910#33	1
5094	Q0	16835#31	1
5094	Q0	310910#22	1
5094	Q0	311212#15	1
5094	Q0	310910#3	0
5094	Q0	310910#1	0
5094	Q0	16835#21	0
5094	Q0	336890#4	0
5095	Q0	281196#0	1
5095	Q0	22937#2	1
5095	Q0	264634#1	1
5095	Q0	22926#0	1
5095	Q0	264634#4	0
5095	Q0	264634#5	0
5095	Q0	22937#3	0
5095	Q0	423460#0	0
5095	Q0	264634#6	0
5095	Q0	264634#0	0
5097	Q0	12155#0	1
5097	Q0	400883#3	1
5097	Q0	31866#30	0
5097	Q0	63599#36	0
5097	Q0	12155#2	0
5097	Q0	12155#3	0
5097	Q0	318767#0	0
5097	Q0	26208#31	0
5097	Q0	211535#12	0
5097	Q0	4060#15	0
5098	Q0	4518#0	1
5098	Q0	351003#1	1
5098	Q0	351003#9	1
5098	Q0	79411#0	1
5098	Q0	351003#8	1
5098	Q0	351003#2	0
5098	Q0	351003#16	0
5098	Q0	4518#3	0
5098	Q0	351003#7	0
5098	Q0	4518#5	0
5099	Q0	246356#3	1
5099	Q0	246356#1	1
5099	Q0	246356#4	1
5099	Q0	246356#2	1
5099	Q0	246356#10	1
5099	Q0	246356#13	1
5099	Q0	239304#3	0
5099	Q0	246356#7	0
5099	Q0	239304#0	0
5099	Q0	246356#6	0
5100	Q0	317710#0	1
5100	Q0	16424#0	1
5100	Q0	70280#8	0
5100	Q0	8334#1	0
5100	Q0	4403#30	0
5100	Q0	70282#9	0
5100	Q0	4403#28	0
5100	Q0	6342#1	0
5100	Q0	47366#35	0
5100	Q0	13531#0	0
5101	Q0	350464#5	1
5101	Q0	48862#4	1
5101	Q0	232635#7	1
5101	Q0	7071#14	1
5101	Q0	6076#54	1
5101	Q0	68082#0	0
5101	Q0	389080#0	0
5101	Q0	20409#4	0
5101	Q0	20409#10	0
5101	Q0	68082#1	0
5102	Q0	23699#25	1
5102	Q0	23699#12	1
5102	Q0	23699#24	1
5102	Q0	23699#22	1
5102	Q0	23699#0	1
5102	Q0	23699#8	1
5102	Q0	22937#25	1
5102	Q0	46093#5	0
5102	Q0	22924#0	0
5102	Q0	22925#1	0
5103	Q0	242741#7	1
5103	Q0	1135#24	1
5103	Q0	276844#0	0
5103	Q0	276827#0	0
5103	Q0	1135#38	0
5103	Q0	1135#43	0
5103	Q0	265016#32	0
5103	Q0	1135#14	0
5103	Q0	1135#3	0
5103	Q0	239388#30	0
5105	Q0	2053647#0	1
5105	Q0	62479#1	0
5105	Q0	62475#2	0
5105	Q0	146730#2	0
5105	Q0	198412#19	0
5105	Q0	2959#12	0
5105	Q0	11975#18	0
5105	Q0	107255#1	0
5105	Q0	65456#2	0
5105	Q0	11975#17	0
5107	Q0	280785#6	1
5107	Q0	3108#38	1
5107	Q0	3108#40	1
5107	Q0	181246#4	1
5107	Q0	376620#0	1
5107	Q0	181246#0	1
5107	Q0	376620#1	1
5107	Q0	730228#0	1
5107	Q0	730228#3	1
5107	Q0	3108#41	0
5107	Q0	268239#0	0
5107	Q0	376620#11	0
5111	Q0	24697#8	1
5111	Q0	24697#4	1
5111	Q0	24697#9	1
5111	Q0	5720#8	1
5111	Q0	20841#9	1
5111	Q0	325326#0	1
5111	Q0	24697#0	0
5111	Q0	24697#6	0
5111	Q0	24697#44	0
5111	Q0	24697#43	0
5112	Q0	6079#0	1
5112	Q0	4535#4	1
5112	Q0	12849#27	0
5112	Q0	50627#0	0
5112	Q0	63476#3	0
5112	Q0	4402#1	0
5112	Q0	41046#0	0
5112	Q0	17221#70	0
5112	Q0	12849#40	0
5112	Q0	690#1	0
5113	Q0	42790#12	1
5113	Q0	42790#0	1
5113	Q0	152339#6	1
5113	Q0	42790#16	1
5113	Q0	42790#17	0
5113	Q0	42790#33	0
5113	Q0	42790#32	0
5113	Q0	152339#13	0
5113	Q0	42790#11	0
5113	Q0	42790#15	0
5114	Q0	195900#0	1
5114	Q0	195900#5	1
5114	Q0	178451#0	1
5114	Q0	195900#4	1
5114	Q0	195900#10	1
5114	Q0	349548#20	0
5114	Q0	195900#7	0
5114	Q0	265376#0	0
5114	Q0	195900#8	0
5114	Q0	45057#7	0
5115	Q0	334861#1	1
5115	Q0	349329#2	0
5115	Q0	838#17	0
5115	Q0	12058#5	0
5115	Q0	84689#4	0
5115	Q0	318716#0	0
5115	Q0	46562#0	0
5115	Q0	35038#1	0
5115	Q0	294836#1	0
5115	Q0	403274#4	0
5116	Q0	286484#9	1
5116	Q0	151626#0	1
5116	Q0	64714#0	1
5116	Q0	204534#0	1
5116	Q0	571137#8	1
5116	Q0	6439#0	0
5116	Q0	3363#1	0
5116	Q0	3803#9	0
5116	Q0	15247#9	0
5116	Q0	81282#0	0
5118	Q0	21787#0	1
5118	Q0	263975#0	0
5118	Q0	8287#0	0
5118	Q0	18035#0	0
5118	Q0	4448#10	0
5118	Q0	260288#0	0
5118	Q0	13795#0	0
5118	Q0	4448#32	0
5118	Q0	4448#0	0
5118	Q0	121717#0	0
5119	Q0	50791#0	1
5119	Q0	50791#2	0
5119	Q0	50791#3	0
5119	Q0	50791#32	0
5119	Q0	50791#18	0
5119	Q0	50791#20	0
5119	Q0	50791#42	0
5119	Q0	50791#5	0
5119	Q0	50791#19	0
5119	Q0	50791#11	0
5120	Q0	93999#6	1
5120	Q0	93999#5	1
5120	Q0	21576#7	1
5120	Q0	93999#7	1
5120	Q0	69929#1	1
5120	Q0	2892#0	0
5120	Q0	436438#2	0
5120	Q0	81566#4	0
5120	Q0	3022#28	0
5120	Q0	81282#0	0
5120	Q0	894167#4	0
5120	Q0	69929#2	0
5121	Q0	12032#2	1
5121	Q0	12032#0	1
5121	Q0	12032#7	1
5121	Q0	12032#1	1
5121	Q0	12032#8	1
5121	Q0	12032#4	1
5121	Q0	12032#15	1
5121	Q0	12032#3	0
5121	Q0	3071#3	0
5121	Q0	12032#13	0
5122	Q0	3768#28	1
5122	Q0	4587#9	1
5122	Q0	4653#4	0
5122	Q0	4121#19	0
5122	Q0	94547#4	0
5122	Q0	3766#25	0
5122	Q0	113606#3	0
5122	Q0	4472#31	0
5122	Q0	3771#20	0
5122	Q0	106896#5	0
5123	Q0	283534#0	1
5123	Q0	4425#4	1
5123	Q0	4425#0	1
5123	Q0	39285#1	1
5123	Q0	4425#6	1
5123	Q0	4425#2	1
5123	Q0	4425#5	0
5123	Q0	4425#8	0
5123	Q0	4425#11	0
5123	Q0	14868#5	0
5124	Q0	235784#0	1
5124	Q0	235784#15	0
5124	Q0	235784#1	0
5124	Q0	12723#5	0
5124	Q0	235784#3	0
5124	Q0	235784#2	0
5124	Q0	12723#78	0
5124	Q0	34885#1	0
5124	Q0	11414#7	0
5124	Q0	12723#38	0
5127	Q0	4604#8	1
5127	Q0	4604#1	1
5127	Q0	251436#0	1
5127	Q0	4604#4	1
5127	Q0	4604#6	1
5127	Q0	4020#9	0
5127	Q0	4604#0	0
5127	Q0	202888#1	0
5127	Q0	4604#9	0
5127	Q0	436524#1	0
5128	Q0	14127#0	1
5128	Q0	227824#0	0
5128	Q0	227782#0	0
5128	Q0	14131#6	0
5128	Q0	14127#15	0
5128	Q0	222338#68	0
5128	Q0	14127#8	0
5128	Q0	14127#16	0
5128	Q0	45628#0	0
5128	Q0	14381#4	0
5129	Q0	44440#1	1
5129	Q0	44442#12	1
5129	Q0	318386#3	1
5129	Q0	30412#16	1
5129	Q0	200015#3	1
5129	Q0	197168#0	1
5129	Q0	153579#11	0
5129	Q0	4198#2	0
5129	Q0	30412#17	0
5129	Q0	30412#87	0
5130	Q0	49005#3	1
5130	Q0	49005#15	1
5130	Q0	49005#4	1
5130	Q0	49005#2	1
5130	Q0	49005#5	1
5130	Q0	49005#10	0
5130	Q0	49005#11	0
5130	Q0	49005#0	0
5130	Q0	145222#15	0
5130	Q0	145222#16	0
5131	Q0	121405#0	1
5131	Q0	122795#0	1
5131	Q0	122475#0	1
5131	Q0	121053#0	1
5131	Q0	57637#0	1
5131	Q0	104243#0	1
5131	Q0	122488#0	1
5131	Q0	69501#0	0
5131	Q0	56959#3	0
5131	Q0	58708#0	0
5132	Q0	5424#1	1
5132	Q0	45540#71	1
5132	Q0	5424#0	1
5132	Q0	2656#0	0
5132	Q0	3235#7	0
5132	Q0	2656#1	0
5132	Q0	349474#4	0
5132	Q0	244764#0	0
5132	Q0	304145#31	0
5132	Q0	6617#7	0
5134	Q0	209888#2	1
5134	Q0	209888#0	1
5134	Q0	209888#1	1
5134	Q0	209888#38	1
5134	Q0	209888#15	1
5134	Q0	209888#12	1
5134	Q0	209888#6	0
5134	Q0	209888#68	0
5134	Q0	209888#39	0
5134	Q0	209888#14	0
5136	Q0	221127#0	1
5136	Q0	221127#10	1
5136	Q0	221127#9	1
5136	Q0	221127#7	1
5136	Q0	221127#3	1
5136	Q0	83423#15	1
5136	Q0	221127#6	1
5136	Q0	221234#4	0
5136	Q0	221127#4	0
5136	Q0	221127#8	0
5137	Q0	735#18	1
5137	Q0	735#0	1
5137	Q0	8963#0	1
5137	Q0	735#17	1
5137	Q0	735#6	1
5137	Q0	8963#1	1
5137	Q0	735#31	1
5137	Q0	735#33	1
5137	Q0	8963#2	0
5137	Q0	735#5	0
5137	Q0	735#2	0
5137	Q0	10794#0	0
5137	Q0	735#9	0
5138	Q0	16849#25	1
5138	Q0	211490#3	1
5138	Q0	22117#5	1
5138	Q0	22117#2	1
5138	Q0	16849#0	1
5138	Q0	16849#26	1
5138	Q0	105208#0	1
5138	Q0	22117#1	1
5138	Q0	22117#4	0
5138	Q0	16849#29	0
5138	Q0	22117#3	0
5138	Q0	22117#0	0
5139	Q0	229537#1	1
5139	Q0	33176#97	1
5139	Q0	29125#14	1
5139	Q0	1184315#78	1
5139	Q0	273554#8	0
5139	Q0	4500#12	0
5139	Q0	25452#23	0
5139	Q0	86159#1	0
5139	Q0	63649#6	0
5139	Q0	2954#31	0
5140	Q0	75955#16	1
5140	Q0	352259#4	1
5140	Q0	75955#13	1
5140	Q0	75955#12	0
5140	Q0	199330#1	0
5140	Q0	14028#13	0
5140	Q0	75955#17	0
5140	Q0	75955#0	0
5140	Q0	29212#55	0
5140	Q0	49084#0	0
5141	Q0	24402#0	1
5141	Q0	7441#67	1
5141	Q0	117474#10	1
5141	Q0	213749#18	1
5141	Q0	16481#2	1
5141	Q0	7441#68	0
5141	Q0	134712#3	0
5141	Q0	3372#3	0
5141	Q0	20138#18	0
5141	Q0	16481#7	0
5142	Q0	235775#51	1
5142	Q0	242668#7	1
5142	Q0	326405#0	1
5142	Q0	233368#69	1
5142	Q0	64702#1	1
5142	Q0	233368#0	0
5142	Q0	326405#12	0
5142	Q0	233368#7	0
5142	Q0	233368#1	0
5142	Q0	233368#77	0
5143	Q0	4468#2	1
5143	Q0	4468#15	1
5143	Q0	5104#5	1
5143	Q0	690#32	1
5143	Q0	48549#7	1
5143	Q0	4468#3	1
5143	Q0	4468#4	0
5143	Q0	5104#14	0
5143	Q0	4468#16	0
5143	Q0	199748#2	0
5144	Q0	141129#1	1
5144	Q0	372482#5	1
5144	Q0	442804#3	1
5144	Q0	2082977#5	1
5144	Q0	2082977#20	1
5144	Q0	119544#3	0
5144	Q0	139156#3	0
5144	Q0	208605#1	0
5144	Q0	850#1	0
5144	Q0	32841#17	0
5144	Q0	125681#17	0
5144	Q0	37148#1	0
5145	Q0	225731#2	1
5145	Q0	225731#4	1
5145	Q0	6162#5	1
5145	Q0	44711#0	1
5145	Q0	44711#1	0
5145	Q0	240281#5	0
5145	Q0	225731#3	0
5145	Q0	240281#0	0
5145	Q0	55823#7	0
5145	Q0	198269#0	0
5146	Q0	144005#0	1
5146	Q0	21467#78	1
5146	Q0	20887#54	1
5146	Q0	3022#28	0
5146	Q0	2649100#0	0
5146	Q0	81282#0	0
5146	Q0	84608#0	0
5146	Q0	226434#0	0
5146	Q0	51428#0	0
5146	Q0	148251#0	0
5148	Q0	277101#1	1
5148	Q0	277101#2	1
5148	Q0	277101#17	1
5148	Q0	277101#0	1
5148	Q0	277101#15	0
5148	Q0	277101#13	0
5148	Q0	277101#7	0
5148	Q0	277101#8	0
5148	Q0	277101#19	0
5148	Q0	319628#2	0
5149	Q0	9179#0	1
5149	Q0	9179#43	1
5149	Q0	20793#0	1
5149	Q0	13263#17	1
5149	Q0	151782#0	1
5149	Q0	5771#42	1
5149	Q0	9179#81	0
5149	Q0	437629#0	0
5149	Q0	9179#5	0
5149	Q0	14378#0	0
5150	Q0	15424#17	1
5150	Q0	25903#40	1
5150	Q0	102441#0	1
5150	Q0	91#3	1
5150	Q0	15424#8	1
5150	Q0	106210#0	1
5150	Q0	15424#12	0
5150	Q0	15424#21	0
5150	Q0	11255#5	0
5150	Q0	15424#20	0
5151	Q0	14575#2	1
5151	Q0	14575#1	1
5151	Q0	54271#28	0
5151	Q0	4168#10	0
5151	Q0	18191#59	0
5151	Q0	4653#4	0
5151	Q0	4397#16	0
5151	Q0	136284#44	0
5151	Q0	16172#18	0
5151	Q0	4648#15	0
5153	Q0	44105#9	1
5153	Q0	158192#2	1
5153	Q0	158192#0	1
5153	Q0	158192#3	1
5153	Q0	15113#0	0
5153	Q0	158192#4	0
5153	Q0	158192#14	0
5153	Q0	15113#1	0
5153	Q0	180373#5	0
5153	Q0	158192#5	0
5154	Q0	130953#30	1
5154	Q0	32450#3	1
5154	Q0	436474#3	1
5154	Q0	239922#2	1
5154	Q0	60617#44	0
5154	Q0	94135#13	0
5154	Q0	148548#6	0
5154	Q0	1082#15	0
5154	Q0	1020#5	0
5154	Q0	122396#1	0
5155	Q0	14228#7	1
5155	Q0	215724#2	1
5155	Q0	63577#2	1
5155	Q0	18450#9	0
5155	Q0	266663#0	0
5155	Q0	111503#10	0
5155	Q0	384680#1	0
5155	Q0	18450#8	0
5155	Q0	59930#19	0
5155	Q0	441339#19	0
5156	Q0	42259#49	1
5156	Q0	48959#1	0
5156	Q0	30268#1	0
5156	Q0	826933#3	0
5156	Q0	3992#5	0
5156	Q0	94358#3	0
5156	Q0	33056#0	0
5156	Q0	392775#4	0
5156	Q0	26374#2	0
5156	Q0	91019#3	0
5157	Q0	15110#0	1
5157	Q0	377529#10	1
5157	Q0	377529#3	1
5157	Q0	201007#3	1
5157	Q0	114987#5	1
5157	Q0	127947#1	0
5157	Q0	45138#5	0
5157	Q0	43403#0	0
5157	Q0	146730#2	0
5157	Q0	23753#1	0
5158	Q0	197093#5	1
5158	Q0	197093#1	1
5158	Q0	84005#0	1
5158	Q0	306691#21	1
5158	Q0	197093#0	0
5158	Q0	197093#2	0
5158	Q0	26208#16	0
5158	Q0	34383#12	0
5158	Q0	3387#3	0
5158	Q0	312437#0	0
5159	Q0	77#12	1
5159	Q0	326980#5	0
5159	Q0	259265#10	0
5159	Q0	232342#43	0
5159	Q0	240865#6	0
5159	Q0	126093#3	0
5159	Q0	210035#35	0
5159	Q0	232342#1	0
5159	Q0	232342#26	0
5159	Q0	3855#9	0
5162	Q0	13581#47	1
5162	Q0	13581#44	1
5162	Q0	13581#39	1
5162	Q0	68#12	0
5162	Q0	13581#0	0
5162	Q0	13581#49	0
5162	Q0	14512#1	0
5162	Q0	54469#1	0
5162	Q0	4196#32	0
5162	Q0	13581#55	0
5163	Q0	33176#67	1
5163	Q0	199807#22	1
5163	Q0	199748#0	1
5163	Q0	235184#2	0
5163	Q0	263601#20	0
5163	Q0	263601#10	0
5163	Q0	353818#0	0
5163	Q0	4436#5	0
5163	Q0	231171#1	0
5163	Q0	21467#36	0
5164	Q0	8462#0	1
5164	Q0	316411#0	1
5164	Q0	8462#31	1
5164	Q0	4500#22	0
5164	Q0	8462#29	0
5164	Q0	139076#0	0
5164	Q0	17516#0	0
5164	Q0	111124#0	0
5164	Q0	26661#1	0
5164	Q0	357492#0	0
5165	Q0	114672#24	1
5165	Q0	4423#16	1
5165	Q0	8462#2	1
5165	Q0	13263#139	1
5165	Q0	13263#0	0
5165	Q0	8104#41	0
5165	Q0	33176#157	0
5165	Q0	240868#7	0
5165	Q0	8104#3	0
5165	Q0	124610#39	0
5166	Q0	31855#0	1
5166	Q0	69430#5	1
5166	Q0	91345#2	1
5166	Q0	38855#0	0
5166	Q0	190145#2	0
5166	Q0	38847#2	0
5166	Q0	9206#8	0
5166	Q0	31855#7	0
5166	Q0	376449#37	0
5166	Q0	31753#0	0
5167	Q0	41353#9	1
5167	Q0	41353#53	1
5167	Q0	41353#8	1
5167	Q0	41353#26	1
5167	Q0	41353#40	1
5167	Q0	194400#0	0
5167	Q0	41353#32	0
5167	Q0	41353#5	0
5167	Q0	41353#30	0
5167	Q0	61988#30	0
5167	Q0	41353#28	0
5167	Q0	41353#29	0
5167	Q0	41353#0	0
5167	Q0	41353#25	0
5168	Q0	143445#1	1
5168	Q0	143445#2	0
5168	Q0	3572#11	0
5168	Q0	143445#3	0
5168	Q0	143445#11	0
5168	Q0	211493#3	0
5168	Q0	143445#0	0
5168	Q0	2739#28	0
5168	Q0	285661#43	0
5168	Q0	285661#41	0
5169	Q0	203828#0	1
5169	Q0	203828#6	1
5169	Q0	203828#1	1
5169	Q0	203828#17	1
5169	Q0	203828#5	0
5169	Q0	203828#3	0
5169	Q0	113664#5	0
5169	Q0	76349#0	0
5169	Q0	316431#0	0
5169	Q0	261433#0	0
5174	Q0	199748#6	1
5174	Q0	25976#8	1
5174	Q0	4436#0	1
5174	Q0	175908#6	0
5174	Q0	247849#0	0
5174	Q0	238290#0	0
5174	Q0	14245#1	0
5174	Q0	33176#67	0
5174	Q0	38800#0	0
5174	Q0	142875#0	0
5177	Q0	9921#4	1
5177	Q0	66417#25	0
5177	Q0	50112#19	0
5177	Q0	81282#0	0
5177	Q0	3803#9	0
5177	Q0	226434#0	0
5177	Q0	7441#36	0
5177	Q0	84608#0	0
5177	Q0	370623#10	0
5177	Q0	91039#5	0
5179	Q0	216293#0	1
5179	Q0	12561#48	1
5179	Q0	80988#18	1
5179	Q0	286759#5	0
5179	Q0	4525#12	0
5179	Q0	4525#1	0
5179	Q0	218228#0	0
5179	Q0	216293#2	0
5179	Q0	214398#16	0
5179	Q0	218228#2	0
5180	Q0	67294#9	1
5180	Q0	10730#17	1
5180	Q0	44#15	1
5180	Q0	30412#55	1
5180	Q0	13088#10	1
5180	Q0	10730#72	0
5180	Q0	44817#16	0
5180	Q0	10730#37	0
5180	Q0	10730#10	0
5180	Q0	101881#5	0
5181	Q0	145316#1	1
5181	Q0	145316#0	1
5181	Q0	59348#5	1
5181	Q0	145316#2	0
5181	Q0	5#1	0
5181	Q0	42126#51	0
5181	Q0	6098#19	0
5181	Q0	52182#1	0
5181	Q0	318968#10	0
5181	Q0	3022#28	0
5182	Q0	199393#0	1
5182	Q0	199393#11	1
5182	Q0	199393#5	0
5182	Q0	199393#6	0
5182	Q0	199393#12	0
5182	Q0	199393#10	0
5182	Q0	199393#3	0
5182	Q0	199393#7	0
5182	Q0	199393#1	0
5182	Q0	199393#9	0
5184	Q0	125681#15	1
5184	Q0	125681#4	1
5184	Q0	125681#30	1
5184	Q0	125681#26	0
5184	Q0	35877#36	0
5184	Q0	8946#4	0
5184	Q0	35877#34	0
5184	Q0	45632#1	0
5184	Q0	54829#0	0
5184	Q0	6754#1	0
5185	Q0	293024#0	1
5185	Q0	315979#0	1
5185	Q0	293015#0	1
5185	Q0	275418#0	0
5185	Q0	135986#0	0
5185	Q0	135983#0	0
5185	Q0	65266#1	0
5185	Q0	53353#0	0
5185	Q0	283693#0	0
5185	Q0	395161#0	0
5186	Q0	55429#0	1
5186	Q0	5431#0	1
5186	Q0	46098#19	1
5186	Q0	50#0	1
5186	Q0	3777#23	1
5186	Q0	4120#0	0
5186	Q0	303288#13	0
5186	Q0	15745#0	0
5186	Q0	40517#18	0
5186	Q0	50#24	0
5187	Q0	23906#73	1
5187	Q0	86142#32	1
5187	Q0	14153#7	1
5187	Q0	23906#144	0
5187	Q0	23906#67	0
5187	Q0	227887#1	0
5187	Q0	23906#2	0
5187	Q0	23906#3	0
5187	Q0	61988#44	0
5187	Q0	23906#70	0
5188	Q0	44#22	1
5188	Q0	97512#0	1
5188	Q0	115483#29	1
5188	Q0	1020#2	1
5188	Q0	129697#2	0
5188	Q0	259069#10	0
5188	Q0	42278#35	0
5188	Q0	61029#6	0
5188	Q0	349849#3	0
5188	Q0	5800#22	0
5190	Q0	264408#1	1
5190	Q0	5857#9	1
5190	Q0	2676#0	1
5190	Q0	2667#18	1
5190	Q0	2679#0	1
5190	Q0	8995#0	0
5190	Q0	2673#0	0
5190	Q0	2674#0	0
5190	Q0	2678#0	0
5190	Q0	11349#8	0
5191	Q0	50#16	1
5191	Q0	57970#13	1
5191	Q0	3282#22	1
5191	Q0	58231#8	1
5191	Q0	106068#4	1
5191	Q0	10821#6	0
5191	Q0	11640#0	0
5191	Q0	10708#4	0
5191	Q0	13088#14	0
5191	Q0	254183#0	0
5192	Q0	942#0	1
5192	Q0	25789#1	1
5192	Q0	23450#2	1
5192	Q0	942#29	0
5192	Q0	942#1	0
5192	Q0	13928#1	0
5192	Q0	942#39	0
5192	Q0	23693#0	0
5192	Q0	56382#0	0
5192	Q0	942#28	0
5193	Q0	212817#0	1
5193	Q0	4807#41	0
5193	Q0	34936#0	0
5193	Q0	251873#0	0
5193	Q0	41747#0	0
5193	Q0	289894#0	0
5193	Q0	354602#0	0
5193	Q0	3806#8	0
5193	Q0	2078621#9	0
5193	Q0	212815#1	0
5194	Q0	6276#2	1
5194	Q0	6276#61	0
5194	Q0	6276#57	0
5194	Q0	6276#55	0
5194	Q0	6276#74	0
5194	Q0	27356#3	0
5194	Q0	6276#41	0
5194	Q0	62101#0	0
5194	Q0	6276#60	0
5194	Q0	6276#58	0
5196	Q0	139999#0	1
5196	Q0	356719#0	1
5196	Q0	236785#16	1
5196	Q0	153903#0	0
5196	Q0	140012#0	0
5196	Q0	205312#0	0
5196	Q0	4422#13	0
5196	Q0	4422#15	0
5196	Q0	29998#0	0
5196	Q0	16641#0	0
5197	Q0	276844#0	1
5197	Q0	276827#0	0
5197	Q0	1135#38	0
5197	Q0	1135#43	0
5197	Q0	265016#32	0
5197	Q0	1135#14	0
5197	Q0	242741#7	0
5197	Q0	1135#3	0
5197	Q0	1135#94	0
5197	Q0	239388#30	0
5199	Q0	69107#1	1
5199	Q0	9503#3	1
5199	Q0	9503#13	0
5199	Q0	9503#1	0
5199	Q0	142871#0	0
5199	Q0	257598#0	0
5199	Q0	368337#1	0
5199	Q0	97257#65	0
5199	Q0	12365#3	0
5199	Q0	334776#0	0
5200	Q0	50627#0	1
5200	Q0	50627#3	1
5200	Q0	50627#2	0
5200	Q0	343634#1	0
5200	Q0	6024#16	0
5200	Q0	141826#6	0
5200	Q0	80104#3	0
5200	Q0	63784#1	0
5200	Q0	7801#26	0
5200	Q0	71355#3	0
5201	Q0	127449#47	1
5201	Q0	83770#4	1
5201	Q0	83770#9	1
5201	Q0	83770#25	0
5201	Q0	3107#4	0
5201	Q0	127449#93	0
5201	Q0	3109#7	0
5201	Q0	127449#44	0
5201	Q0	3107#6	0
5201	Q0	127449#59	0
5203	Q0	20880#28	1
5203	Q0	36820#16	1
5203	Q0	36820#6	1
5203	Q0	36820#15	0
5203	Q0	4067#24	0
5203	Q0	20880#26	0
5203	Q0	36820#18	0
5203	Q0	20880#30	0
5203	Q0	36820#14	0
5203	Q0	20880#25	0
5204	Q0	13271#0	1
5204	Q0	13271#2	0
5204	Q0	13271#3	0
5204	Q0	13271#9	0
5204	Q0	13271#5	0
5204	Q0	386179#37	0
5204	Q0	212885#1	0
5204	Q0	3664#0	0
5204	Q0	225487#1	0
5204	Q0	6881#4	0
5205	Q0	40419#3	1
5205	Q0	284044#0	1
5205	Q0	40419#0	1
5205	Q0	40419#1	0
5205	Q0	64789#2	0
5205	Q0	284044#10	0
5205	Q0	64789#1	0
5205	Q0	107142#4	0
5205	Q0	40419#5	0
5205	Q0	210924#0	0
5206	Q0	123919#10	1
5206	Q0	123919#0	1
5206	Q0	123919#2	1
5206	Q0	123919#3	1
5206	Q0	123919#33	0
5206	Q0	123919#14	0
5206	Q0	123919#4	0
5206	Q0	122400#0	0
5206	Q0	123919#34	0
5206	Q0	123919#38	0
5207	Q0	236299#55	1
5207	Q0	432838#5	1
5207	Q0	91039#0	0
5207	Q0	262563#0	0
5207	Q0	3803#10	0
5207	Q0	1717696#1	0
5207	Q0	81282#0	0
5207	Q0	84608#0	0
5207	Q0	226434#0	0
5207	Q0	442736#3	0
5208	Q0	51500#2	1
5208	Q0	227391#14	1
5208	Q0	206409#0	0
5208	Q0	82835#0	0
5208	Q0	227329#4	0
5208	Q0	217604#0	0
5208	Q0	227329#5	0
5208	Q0	22293#5	0
5208	Q0	442804#10	0
5208	Q0	82836#1	0
5213	Q0	18320#3	1
5213	Q0	62550#0	1
5213	Q0	18320#8	1
5213	Q0	18320#9	1
5213	Q0	18320#38	0
5213	Q0	18320#46	0
5213	Q0	18320#4	0
5213	Q0	18320#11	0
5213	Q0	18320#18	0
5213	Q0	18320#23	0
5214	Q0	63841#0	1
5214	Q0	63841#5	1
5214	Q0	63841#3	1
5214	Q0	63841#4	0
5214	Q0	52828#0	0
5214	Q0	52828#2	0
5214	Q0	20723#2	0
5214	Q0	417291#0	0
5214	Q0	415603#3	0
5214	Q0	12442#24	0
5216	Q0	359720#0	1
5216	Q0	133037#2	1
5216	Q0	359737#0	1
5216	Q0	358277#1	0
5216	Q0	4468#17	0
5216	Q0	4468#5	0
5216	Q0	28904#6	0
5216	Q0	5104#3	0
5216	Q0	842#35	0
5216	Q0	86142#10	0
5217	Q0	241373#5	1
5217	Q0	240746#3	1
5217	Q0	250733#13	1
5217	Q0	103481#12	1
5217	Q0	234207#3	1
5217	Q0	59348#5	0
5217	Q0	101313#12	0
5217	Q0	2986#6	0
5217	Q0	42126#20	0
5217	Q0	118848#31	0
5219	Q0	14323#0	1
5219	Q0	33176#9	1
5219	Q0	838#17	0
5219	Q0	13198#35	0
5219	Q0	302736#2	0
5219	Q0	287929#17	0
5219	Q0	147225#17	0
5219	Q0	360769#0	0
5219	Q0	234872#2	0
5219	Q0	20219#21	0
5221	Q0	18541#1	1
5221	Q0	18541#0	1
5221	Q0	349970#1	1
5221	Q0	11636#0	0
5221	Q0	18541#2	0
5221	Q0	27203#10	0
5221	Q0	18541#11	0
5221	Q0	3087#5	0
5221	Q0	21902#4	0
5221	Q0	19393#12	0
5222	Q0	11292#96	1
5222	Q0	356390#48	1
5222	Q0	356390#25	1
5222	Q0	11292#133	1
5222	Q0	77298#19	0
5222	Q0	356390#59	0
5222	Q0	15141#0	0
5222	Q0	288842#0	0
5222	Q0	196796#0	0
5222	Q0	307760#15	0
5223	Q0	258943#0	1
5223	Q0	258923#0	1
5223	Q0	21575#1	0
5223	Q0	4467#17	0
5223	Q0	260123#0	0
5223	Q0	140079#33	0
5223	Q0	258955#0	0
5223	Q0	18743#0	0
5223	Q0	235369#0	0
5223	Q0	258328#0	0
5224	Q0	36334#20	1
5224	Q0	36334#0	1
5224	Q0	54907#8	1
5224	Q0	293754#16	0
5224	Q0	36334#6	0
5224	Q0	36334#4	0
5224	Q0	36334#7	0
5224	Q0	45359#16	0
5224	Q0	61611#15	0
5224	Q0	61611#23	0
5227	Q0	356390#5	1
5227	Q0	356390#65	1
5227	Q0	324286#1	0
5227	Q0	356390#0	0
5227	Q0	134488#12	0
5227	Q0	356390#22	0
5227	Q0	338506#3	0
5227	Q0	356390#29	0
5227	Q0	356390#42	0
5227	Q0	356390#45	0
5228	Q0	12723#41	1
5228	Q0	10206#1	1
5228	Q0	40214#2	1
5228	Q0	27388#1	1
5228	Q0	12723#37	0
5228	Q0	40214#1	0
5228	Q0	26661#3	0
5228	Q0	8462#43	0
5228	Q0	8462#2	0
5228	Q0	8462#1	0
5230	Q0	15055#1	1
5230	Q0	15055#14	1
5230	Q0	15055#9	1
5230	Q0	11611#2	1
5230	Q0	372127#0	0
5230	Q0	204864#0	0
5230	Q0	15055#4	0
5230	Q0	11292#20	0
5230	Q0	15055#5	0
5230	Q0	3597#19	0
5231	Q0	317122#32	1
5231	Q0	317122#7	1
5231	Q0	317122#2	1
5231	Q0	317122#30	1
5231	Q0	317122#15	0
5231	Q0	317122#16	0
5231	Q0	317122#12	0
5231	Q0	317122#34	0
5231	Q0	317122#9	0
5231	Q0	317122#10	0
5232	Q0	28034#0	1
5232	Q0	92864#3	0
5232	Q0	28034#3	0
5232	Q0	148495#0	0
5232	Q0	28034#8	0
5232	Q0	28034#1	0
5232	Q0	28034#2	0
5232	Q0	8107#12	0
5232	Q0	125759#0	0
5232	Q0	28034#10	0
5233	Q0	2604645#0	1
5233	Q0	18249#0	0
5233	Q0	340491#3	0
5233	Q0	44185#0	0
5233	Q0	904#0	0
5233	Q0	24555#5	0
5233	Q0	1033#5	0
5233	Q0	72673#32	0
5233	Q0	157096#1	0
5233	Q0	81282#0	0
5235	Q0	43285#1	1
5235	Q0	135323#0	1
5235	Q0	15986#3	0
5235	Q0	8637#22	0
5235	Q0	203097#2	0
5235	Q0	3102#3	0
5235	Q0	3102#5	0
5235	Q0	208468#1	0
5235	Q0	201236#3	0
5235	Q0	33486#1	0
5237	Q0	54421#0	1
5237	Q0	54421#7	1
5237	Q0	251720#7	0
5237	Q0	244997#2	0
5237	Q0	33105#11	0
5237	Q0	40517#46	0
5237	Q0	249978#11	0
5237	Q0	318383#5	0
5237	Q0	81282#0	0
5237	Q0	3803#9	0
5238	Q0	13260#8	1
5238	Q0	48271#39	1
5238	Q0	13260#3	1
5238	Q0	13260#17	1
5238	Q0	4454#5	1
5238	Q0	72669#3	0
5238	Q0	13263#91	0
5238	Q0	246107#2	0
5238	Q0	346059#5	0
5238	Q0	263006#4	0
5239	Q0	69914#0	1
5239	Q0	69914#2	1
5239	Q0	69914#1	1
5239	Q0	260294#1	0
5239	Q0	45540#32	0
5239	Q0	42242#0	0
5239	Q0	67096#61	0
5239	Q0	45540#33	0
5239	Q0	140286#1	0
5239	Q0	317975#2	0
5240	Q0	60943#0	1
5240	Q0	358105#6	1
5240	Q0	60943#16	1
5240	Q0	60943#32	1
5240	Q0	10924#40	0
5240	Q0	3114#0	0
5240	Q0	60943#46	0
5240	Q0	10924#7	0
5240	Q0	61759#66	0
5240	Q0	104831#21	0
5240	Q0	59415#2	0
5242	Q0	82#11	1
5242	Q0	82#60	1
5242	Q0	82#58	1
5242	Q0	354727#0	1
5242	Q0	3794#7	0
5242	Q0	82#61	0
5242	Q0	82#0	0
5242	Q0	79172#4	0
5242	Q0	82#63	0
5242	Q0	82#13	0
5243	Q0	2412976#0	1
5243	Q0	10630#1	0
5243	Q0	54477#3	0
5243	Q0	400361#3	0
5243	Q0	838#17	0
5243	Q0	19552#2	0
5243	Q0	220730#1	0
5243	Q0	326774#2	0
5243	Q0	133073#3	0
5243	Q0	436474#2	0
5244	Q0	58178#19	1
5244	Q0	41353#16	1
5244	Q0	41353#24	1
5244	Q0	41353#10	1
5244	Q0	18795#61	1
5244	Q0	41353#26	1
5244	Q0	41353#28	1
5244	Q0	41353#5	1
5244	Q0	41353#40	1
5244	Q0	41353#8	1
5244	Q0	106071#13	0
5244	Q0	41353#0	0
5244	Q0	146901#11	0
5244	Q0	41353#25	0
5244	Q0	106071#0	0
5246	Q0	15968#2	1
5246	Q0	35306#0	1
5246	Q0	208468#1	0
5246	Q0	331278#1	0
5246	Q0	13532#2	0
5246	Q0	57403#6	0
5246	Q0	29731#4	0
5246	Q0	48152#3	0
5246	Q0	291082#7	0
5246	Q0	195604#31	0
5248	Q0	138345#7	1
5248	Q0	138345#1	0
5248	Q0	138345#5	0
5248	Q0	138345#4	0
5248	Q0	138345#0	0
5248	Q0	138345#2	0
5248	Q0	138345#8	0
5248	Q0	138345#9	0
5248	Q0	138345#6	0
5248	Q0	690#48	0
5251	Q0	270152#0	1
5251	Q0	270152#4	1
5251	Q0	270152#9	1
5251	Q0	19588#3	1
5251	Q0	270152#2	1
5251	Q0	270152#1	1
5251	Q0	270152#11	1
5251	Q0	270152#3	0
5251	Q0	270152#6	0
5251	Q0	270152#8	0
5252	Q0	328421#1	1
5252	Q0	4571#0	1
5252	Q0	152547#47	0
5252	Q0	300056#3	0
5252	Q0	4571#25	0
5252	Q0	250156#1	0
5252	Q0	250156#3	0
5252	Q0	300056#2	0
5252	Q0	14380#17	0
5252	Q0	300056#0	0
5254	Q0	356294#0	1
5254	Q0	353939#0	1
5254	Q0	51358#7	1
5254	Q0	356294#1	0
5254	Q0	356294#2	0
5254	Q0	124776#0	0
5254	Q0	356294#3	0
5254	Q0	3992#5	0
5254	Q0	355533#0	0
5254	Q0	283336#0	0
5255	Q0	15424#17	1
5255	Q0	102441#0	1
5255	Q0	25903#40	1
5255	Q0	15424#21	1
5255	Q0	91#3	0
5255	Q0	15424#12	0
5255	Q0	15424#8	0
5255	Q0	106210#0	0
5255	Q0	15424#20	0
5255	Q0	11255#5	0
5256	Q0	6236#1	1
5256	Q0	52410#22	1
5256	Q0	6236#2	1
5256	Q0	36295#11	1
5256	Q0	6236#8	0
5256	Q0	35326#0	0
5256	Q0	6236#7	0
5256	Q0	9#2	0
5256	Q0	42425#27	0
5256	Q0	125952#13	0
5257	Q0	101772#0	1
5257	Q0	434984#8	0
5257	Q0	260374#0	0
5257	Q0	434984#6	0
5257	Q0	303176#9	0
5257	Q0	233378#22	0
5257	Q0	4441#15	0
5257	Q0	14704#4	0
5257	Q0	434984#10	0
5257	Q0	37082#0	0
5259	Q0	6614#0	1
5259	Q0	6614#2	1
5259	Q0	6228#8	1
5259	Q0	442749#9	1
5259	Q0	6614#6	0
5259	Q0	6614#1	0
5259	Q0	6614#12	0
5259	Q0	270696#4	0
5259	Q0	6614#3	0
5259	Q0	183634#0	0
5260	Q0	30578#4	1
5260	Q0	30578#6	1
5260	Q0	30578#1	1
5260	Q0	30578#3	0
5260	Q0	30578#0	0
5260	Q0	30578#2	0
5260	Q0	4216#0	0
5260	Q0	4216#5	0
5260	Q0	4216#1	0
5260	Q0	4216#6	0
5261	Q0	140750#0	1
5261	Q0	140750#15	0
5261	Q0	140750#9	0
5261	Q0	140750#13	0
5261	Q0	140750#14	0
5261	Q0	140750#7	0
5261	Q0	140750#10	0
5261	Q0	140750#11	0
5261	Q0	25602#6	0
5261	Q0	838963#0	0
5264	Q0	185765#5	1
5264	Q0	149682#0	1
5264	Q0	329245#0	1
5264	Q0	14355#0	1
5264	Q0	6317#1	1
5264	Q0	16949#2	0
5264	Q0	6317#4	0
5264	Q0	14355#2	0
5264	Q0	6317#30	0
5264	Q0	194311#9	0
5264	Q0	16913#0	0
5266	Q0	386159#0	1
5266	Q0	13991#74	1
5266	Q0	399152#0	1
5266	Q0	429467#0	0
5266	Q0	430759#0	0
5266	Q0	423794#0	0
5266	Q0	229221#6	0
5266	Q0	399079#0	0
5266	Q0	399152#3	0
5266	Q0	434485#0	0
5267	Q0	344860#1	1
5267	Q0	12667#0	1
5267	Q0	22099#13	1
5267	Q0	12667#7	1
5267	Q0	312065#0	1
5267	Q0	176204#0	0
5267	Q0	12637#11	0
5267	Q0	228922#2	0
5267	Q0	228922#4	0
5267	Q0	12667#11	0
5271	Q0	236426#74	1
5271	Q0	236426#66	0
5271	Q0	236426#68	0
5271	Q0	236426#71	0
5271	Q0	58851#0	0
5271	Q0	15042#1	0
5271	Q0	87717#9	0
5271	Q0	437782#15	0
5271	Q0	437782#11	0
5271	Q0	203297#4	0
5272	Q0	6559#1	1
5272	Q0	25664#2	1
5272	Q0	39866#2	1
5272	Q0	420563#0	0
5272	Q0	32351#2	0
5272	Q0	1130#54	0
5272	Q0	2811#31	0
5272	Q0	68256#1	0
5272	Q0	4508#51	0
5272	Q0	5766#3	0
5272	Q0	5766#1	0
5273	Q0	12356#3	1
5273	Q0	12356#0	1
5273	Q0	12356#1	1
5273	Q0	311164#6	0
5273	Q0	24418#2	0
5273	Q0	287223#1	0
5273	Q0	33056#2	0
5273	Q0	287440#0	0
5273	Q0	52961#11	0
5273	Q0	75002#0	0
5274	Q0	4241#0	1
5274	Q0	4241#3	1
5274	Q0	34928#7	1
5274	Q0	34928#25	0
5274	Q0	4241#14	0
5274	Q0	4241#10	0
5274	Q0	34928#5	0
5274	Q0	4241#15	0
5274	Q0	4241#4	0
5274	Q0	34928#6	0
5275	Q0	196323#0	1
5275	Q0	36419#6	1
5275	Q0	104789#15	1
5275	Q0	36419#0	0
5275	Q0	214736#8	0
5275	Q0	752#8	0
5275	Q0	686#3	0
5275	Q0	944#0	0
5275	Q0	355909#0	0
5275	Q0	3794#7	0
5277	Q0	146454#0	1
5277	Q0	198183#4	1
5277	Q0	153772#0	0
5277	Q0	198183#11	0
5277	Q0	198183#16	0
5277	Q0	146639#3	0
5277	Q0	198183#14	0
5277	Q0	198183#13	0
5277	Q0	198183#19	0
5277	Q0	31294#20	0
5279	Q0	12744#33	1
5279	Q0	22540#1	1
5279	Q0	12744#76	1
5279	Q0	29271#29	1
5279	Q0	12744#0	1
5279	Q0	12744#35	1
5279	Q0	12744#9	1
5279	Q0	12744#73	0
5279	Q0	29271#6	0
5279	Q0	29271#18	0
5279	Q0	12744#61	0
5279	Q0	3794#7	0
5279	Q0	12744#37	0
5280	Q0	16333#0	1
5280	Q0	121320#0	0
5280	Q0	16333#14	0
5280	Q0	348901#3	0
5280	Q0	212159#0	0
5280	Q0	16309#0	0
5280	Q0	16333#1	0
5280	Q0	38528#1	0
5280	Q0	36270#0	0
5280	Q0	208432#0	0
5281	Q0	752#63	1
5281	Q0	124229#3	1
5281	Q0	3201#0	1
5281	Q0	241010#1	1
5281	Q0	260749#0	1
5281	Q0	124229#5	0
5281	Q0	752#61	0
5281	Q0	3049#1	0
5281	Q0	752#66	0
5285	Q0	207844#1	1
5285	Q0	11765#1	1
5285	Q0	194827#2	1
5285	Q0	132912#0	1
5285	Q0	194827#0	1
5285	Q0	132906#0	1
5285	Q0	39089#0	1
5285	Q0	70#1	0
5285	Q0	70#0	0
5285	Q0	3884#0	0
5287	Q0	40278#0	1
5287	Q0	202682#6	1
5287	Q0	139337#0	1
5287	Q0	333007#0	1
5287	Q0	154769#0	1
5287	Q0	105865#3	1
5287	Q0	414132#0	1
5287	Q0	103943#0	0
5287	Q0	79946#0	0
5287	Q0	12723#26	0
5289	Q0	35682#5	1
5289	Q0	10018#0	1
5289	Q0	22768#3	1
5289	Q0	22768#10	0
5289	Q0	22768#11	0
5289	Q0	338381#25	0
5289	Q0	22768#1	0
5289	Q0	10018#1	0
5289	Q0	35682#2	0
5289	Q0	338381#18	0
5290	Q0	25964#4	1
5290	Q0	45795#9	0
5290	Q0	24056#0	0
5290	Q0	45795#8	0
5290	Q0	45795#6	0
5290	Q0	946#53	0
5290	Q0	45795#7	0
5290	Q0	946#4	0
5290	Q0	14123#58	0
5290	Q0	22883#0	0
5291	Q0	36701#0	1
5291	Q0	36701#5	0
5291	Q0	36701#4	0
5291	Q0	126241#1	0
5291	Q0	36701#1	0
5291	Q0	36701#6	0
5291	Q0	36701#2	0
5291	Q0	36701#3	0
5291	Q0	36701#10	0
5291	Q0	36701#16	0
5292	Q0	70315#11	1
5292	Q0	119426#0	1
5292	Q0	1101#69	0
5292	Q0	16046#44	0
5292	Q0	70315#9	0
5292	Q0	222539#0	0
5292	Q0	70315#1	0
5292	Q0	1101#68	0
5292	Q0	16046#50	0
5292	Q0	18388#3	0
5292	Q0	65351#7	0
5292	Q0	65351#21	0
5293	Q0	2466977#1	1
5293	Q0	416298#1	0
5293	Q0	795#2	0
5293	Q0	14920#2	0
5293	Q0	3908#6	0
5293	Q0	279066#0	0
5293	Q0	7125#2	0
5293	Q0	7329#4	0
5293	Q0	285796#0	0
5293	Q0	7801#5	0
5294	Q0	1464190#0	1
5294	Q0	3803#10	0
5294	Q0	81282#1	0
5294	Q0	170842#1	0
5294	Q0	132929#25	0
5294	Q0	406006#0	0
5294	Q0	22925#32	0
5294	Q0	314422#0	0
5294	Q0	27260#3	0
5294	Q0	16460#5	0
5295	Q0	3493#70	1
5295	Q0	6824#1	1
5295	Q0	36348#0	1
5295	Q0	12123#3	1
5295	Q0	211127#18	1
5295	Q0	776347#11	1
5295	Q0	776347#31	1
5295	Q0	6824#13	0
5295	Q0	3493#69	0
5295	Q0	50223#4	0
5295	Q0	6778#33	0
5295	Q0	197093#5	0
5295	Q0	776347#0	0
5296	Q0	305339#1	1
5296	Q0	372482#5	1
5296	Q0	3178#17	1
5296	Q0	9262#5	0
5296	Q0	3493#97	0
5296	Q0	352709#17	0
5296	Q0	69298#1	0
5296	Q0	231611#4	0
5296	Q0	12216#65	0
5296	Q0	798#18	0
5297	Q0	3493#114	1
5297	Q0	3493#23	1
5297	Q0	240868#93	1
5297	Q0	18812#1	1
5297	Q0	3493#2	0
5297	Q0	3493#0	0
5297	Q0	33176#157	0
5297	Q0	240868#54	0
5297	Q0	384908#0	0
5297	Q0	82603#0	0
5299	Q0	847#7	1
5299	Q0	847#6	1
5299	Q0	343217#0	1
5299	Q0	847#2	1
5299	Q0	847#0	0
5299	Q0	3203#16	0
5299	Q0	343217#9	0
5299	Q0	33369#2	0
5299	Q0	29664#12	0
5299	Q0	3204#16	0
5300	Q0	53187#0	1
5300	Q0	53187#9	0
5300	Q0	53187#6	0
5300	Q0	53187#10	0
5300	Q0	53187#7	0
5300	Q0	53187#5	0
5300	Q0	53187#1	0
5300	Q0	53187#8	0
5300	Q0	53187#3	0
5300	Q0	53187#2	0
5301	Q0	346484#0	1
5301	Q0	34013#0	1
5301	Q0	79557#18	1
5301	Q0	51708#0	0
5301	Q0	74348#1	0
5301	Q0	235414#6	0
5301	Q0	79557#29	0
5301	Q0	79557#15	0
5301	Q0	399321#1	0
5301	Q0	79557#19	0
5302	Q0	2485668#1	1
5302	Q0	2485668#2	1
5302	Q0	2485668#0	1
5302	Q0	251029#4	0
5302	Q0	151792#24	0
5302	Q0	278223#8	0
5302	Q0	12063#31	0
5302	Q0	220755#0	0
5302	Q0	12063#34	0
5302	Q0	176207#1	0
5302	Q0	251029#10	0
5302	Q0	251029#2	0
5302	Q0	387299#5	0
5302	Q0	2485668#3	0
5303	Q0	339142#0	1
5303	Q0	249304#0	0
5303	Q0	368112#2	0
5303	Q0	10061#0	0
5303	Q0	4933#1	0
5303	Q0	4933#10	0
5303	Q0	3817#7	0
5303	Q0	24362#7	0
5303	Q0	35321#0	0
5303	Q0	206633#6	0
5304	Q0	224786#2	1
5304	Q0	385825#5	1
5304	Q0	244764#0	0
5304	Q0	15349#29	0
5304	Q0	288327#1	0
5304	Q0	19641#46	0
5304	Q0	21644#18	0
5304	Q0	212363#3	0
5304	Q0	838#18	0
5304	Q0	64564#1	0
5305	Q0	64631#0	1
5305	Q0	77828#0	1
5305	Q0	397251#4	1
5305	Q0	176085#0	1
5305	Q0	77828#1	0
5305	Q0	430140#7	0
5305	Q0	48549#6	0
5305	Q0	77828#3	0
5305	Q0	18611#11	0
5305	Q0	3466#21	0
5306	Q0	376392#0	1
5306	Q0	60671#0	1
5306	Q0	39573#12	1
5306	Q0	57566#0	0
5306	Q0	101375#3	0
5306	Q0	46532#0	0
5306	Q0	104022#0	0
5306	Q0	46532#1	0
5306	Q0	60671#1	0
5306	Q0	98155#0	0
5307	Q0	2502361#4	1
5307	Q0	2502361#14	1
5307	Q0	46008#80	0
5307	Q0	59277#2	0
5307	Q0	838#17	0
5307	Q0	91185#0	0
5307	Q0	417338#0	0
5307	Q0	291923#1	0
5307	Q0	197353#9	0
5307	Q0	5857#6	0
5308	Q0	16761#0	1
5308	Q0	115514#20	1
5308	Q0	78768#2	0
5308	Q0	21839#14	0
5308	Q0	7292#0	0
5308	Q0	77961#3	0
5308	Q0	21839#13	0
5308	Q0	289309#3	0
5308	Q0	279761#161	0
5308	Q0	257207#0	0
5310	Q0	198183#2	1
5310	Q0	1030#0	1
5310	Q0	1030#1	1
5310	Q0	112367#4	1
5310	Q0	369560#0	0
5310	Q0	64733#0	0
5310	Q0	194953#0	0
5310	Q0	229145#0	0
5310	Q0	3529#0	0
5310	Q0	81282#0	0
5313	Q0	68607#0	1
5313	Q0	17249#0	1
5313	Q0	54909#3	1
5313	Q0	17249#1	0
5313	Q0	243479#8	0
5313	Q0	243479#4	0
5313	Q0	54909#52	0
5313	Q0	54909#4	0
5313	Q0	301206#3	0
5313	Q0	118479#0	0
5314	Q0	28980#9	1
5314	Q0	57982#3	1
5314	Q0	57980#17	1
5314	Q0	185338#1	1
5314	Q0	57982#5	0
5314	Q0	28980#14	0
5314	Q0	57982#0	0
5314	Q0	261632#2	0
5314	Q0	57980#11	0
5314	Q0	67912#3	0
5315	Q0	31706#3	1
5315	Q0	31706#61	1
5315	Q0	31706#43	1
5315	Q0	31706#45	1
5315	Q0	2772#9	1
5315	Q0	31706#0	1
5315	Q0	31706#25	0
5315	Q0	97826#0	0
5315	Q0	31706#1	0
5315	Q0	31706#30	0
5316	Q0	58174#3	1
5316	Q0	239746#0	0
5316	Q0	58174#43	0
5316	Q0	58174#0	0
5316	Q0	240022#0	0
5316	Q0	58172#11	0
5316	Q0	239746#9	0
5316	Q0	58174#4	0
5316	Q0	239746#3	0
5316	Q0	340603#0	0
5317	Q0	125972#3	1
5317	Q0	234528#1	1
5317	Q0	125972#5	0
5317	Q0	125972#1	0
5317	Q0	125972#6	0
5317	Q0	125972#0	0
5317	Q0	40#30	0
5317	Q0	378443#1	0
5317	Q0	225205#0	0
5317	Q0	20517#3	0
5319	Q0	198183#2	1
5319	Q0	1030#0	1
5319	Q0	1030#1	1
5319	Q0	20887#54	1
5319	Q0	250271#2	0
5319	Q0	112367#4	0
5319	Q0	3794#7	0
5319	Q0	145391#9	0
5319	Q0	229145#0	0
5319	Q0	152263#19	0
5320	Q0	3473#41	1
5320	Q0	3473#12	1
5320	Q0	4193#19	1
5320	Q0	3473#16	1
5320	Q0	25678#6	0
5320	Q0	3473#2	0
5320	Q0	33050#11	0
5320	Q0	238477#2	0
5320	Q0	3473#24	0
5320	Q0	54455#8	0
5321	Q0	257366#31	1
5321	Q0	257366#20	1
5321	Q0	257366#18	1
5321	Q0	257366#17	1
5321	Q0	257366#11	1
5321	Q0	257366#9	1
5321	Q0	257366#13	1
5321	Q0	257366#16	0
5321	Q0	257366#19	0
5321	Q0	257366#25	0
5321	Q0	257366#28	0
5321	Q0	257366#0	0
5322	Q0	134252#6	1
5322	Q0	134252#0	1
5322	Q0	134252#11	1
5322	Q0	24957#0	1
5322	Q0	134252#5	0
5322	Q0	42259#60	0
5322	Q0	134252#9	0
5322	Q0	134252#1	0
5322	Q0	134252#13	0
5322	Q0	134252#16	0
5324	Q0	838620#0	1
5324	Q0	58896#0	0
5324	Q0	332187#1	0
5324	Q0	320936#4	0
5324	Q0	3803#9	0
5324	Q0	214259#2	0
5324	Q0	64199#5	0
5324	Q0	58304#13	0
5324	Q0	216897#0	0
5324	Q0	121332#4	0
5325	Q0	38274#17	1
5325	Q0	235536#18	1
5325	Q0	235536#17	1
5325	Q0	39152#50	0
5325	Q0	235536#12	0
5325	Q0	235536#4	0
5325	Q0	38274#22	0
5325	Q0	38274#8	0
5325	Q0	45059#1	0
5325	Q0	38274#20	0
5326	Q0	46008#30	1
5326	Q0	22807#24	0
5326	Q0	85939#25	0
5326	Q0	402673#15	0
5326	Q0	46008#28	0
5326	Q0	30685#22	0
5326	Q0	25459#97	0
5326	Q0	337628#40	0
5326	Q0	402673#14	0
5326	Q0	25459#117	0
5329	Q0	2688#5	1
5329	Q0	308201#11	1
5329	Q0	308201#0	1
5329	Q0	308201#16	1
5329	Q0	429003#2	1
5329	Q0	308201#34	1
5329	Q0	429003#3	1
5329	Q0	308201#26	0
5329	Q0	4589#10	0
5329	Q0	308201#10	0
5331	Q0	14943#1	1
5331	Q0	29022#4	1
5331	Q0	690843#1	1
5331	Q0	29022#2	0
5331	Q0	204236#8	0
5331	Q0	3803#10	0
5331	Q0	3387#0	0
5331	Q0	313017#4	0
5331	Q0	335410#4	0
5331	Q0	38312#19	0
5334	Q0	34807#23	1
5334	Q0	610585#1	1
5334	Q0	838#17	0
5334	Q0	380554#1	0
5334	Q0	55601#4	0
5334	Q0	36639#5	0
5334	Q0	19460#2	0
5334	Q0	84689#4	0
5334	Q0	133073#3	0
5334	Q0	219773#1	0
5335	Q0	321089#2	1
5335	Q0	285661#13	1
5335	Q0	8598#0	1
5335	Q0	285661#25	1
5335	Q0	296207#1	1
5335	Q0	296207#7	1
5335	Q0	19003#28	1
5335	Q0	25612#19	1
5335	Q0	8597#0	0
5335	Q0	44476#9	0
5336	Q0	4502#8	1
5336	Q0	4502#14	1
5336	Q0	158885#0	1
5336	Q0	157610#0	0
5336	Q0	4502#20	0
5336	Q0	4015#12	0
5336	Q0	16248#26	0
5336	Q0	156433#0	0
5336	Q0	4502#1	0
5336	Q0	157621#0	0
5338	Q0	22117#0	1
5338	Q0	16849#25	1
5338	Q0	22117#2	0
5338	Q0	22117#1	0
5338	Q0	243312#0	0
5338	Q0	206974#0	0
5338	Q0	22117#5	0
5338	Q0	211490#3	0
5338	Q0	16849#26	0
5338	Q0	22117#6	0
5339	Q0	22926#2	1
5339	Q0	58128#16	0
5339	Q0	264634#0	0
5339	Q0	108052#1	0
5339	Q0	106125#0	0
5339	Q0	264634#1	0
5339	Q0	11533#2	0
5339	Q0	385539#2	0
5339	Q0	423460#0	0
5339	Q0	264634#3	0
5340	Q0	686904#2	1
5340	Q0	838#17	0
5340	Q0	116264#0	0
5340	Q0	91185#0	0
5340	Q0	213822#1	0
5340	Q0	216892#0	0
5340	Q0	76916#0	0
5340	Q0	145864#0	0
5340	Q0	686904#7	0
5340	Q0	394129#1	0
5341	Q0	258943#0	1
5341	Q0	140079#33	1
5341	Q0	21575#1	0
5341	Q0	18743#0	0
5341	Q0	258955#0	0
5341	Q0	4467#17	0
5341	Q0	27537#3	0
5341	Q0	4642#0	0
5341	Q0	13016#0	0
5341	Q0	101772#0	0
5342	Q0	249930#0	1
5342	Q0	249930#1	0
5342	Q0	249930#8	0
5342	Q0	249930#3	0
5342	Q0	249930#2	0
5342	Q0	249930#4	0
5342	Q0	249930#6	0
5342	Q0	249930#5	0
5342	Q0	249930#7	0
5342	Q0	35038#1	0
5345	Q0	193884#0	1
5345	Q0	3973#10	1
5345	Q0	54767#0	1
5345	Q0	3978#17	0
5345	Q0	107484#0	0
5345	Q0	384895#0	0
5345	Q0	193884#1	0
5345	Q0	150861#0	0
5345	Q0	3973#1	0
5345	Q0	27397#0	0
5346	Q0	71764#0	1
5346	Q0	42217#0	1
5346	Q0	42217#1	1
5346	Q0	210778#0	1
5346	Q0	42217#3	1
5346	Q0	42217#27	1
5346	Q0	42217#24	0
5346	Q0	211528#0	0
5346	Q0	205263#0	0
5346	Q0	213287#0	0
5350	Q0	199482#0	1
5350	Q0	307760#15	1
5350	Q0	156133#14	0
5350	Q0	12572#0	0
5350	Q0	100947#28	0
5350	Q0	227467#11	0
5350	Q0	159731#1	0
5350	Q0	45136#17	0
5350	Q0	307760#12	0
5350	Q0	121274#19	0
5353	Q0	98106#1	1
5353	Q0	98106#2	1
5353	Q0	71191#0	1
5353	Q0	71192#2	1
5353	Q0	98106#0	0
5353	Q0	98106#7	0
5353	Q0	81566#25	0
5353	Q0	98106#4	0
5353	Q0	34873#0	0
5353	Q0	81566#27	0
5355	Q0	280700#1	1
5355	Q0	263525#0	1
5355	Q0	5146#0	1
5355	Q0	281135#0	1
5355	Q0	281370#1	1
5355	Q0	5146#9	0
5355	Q0	280611#0	0
5355	Q0	280744#0	0
5355	Q0	13156#10	0
5355	Q0	4442#0	0
5356	Q0	4419#119	1
5356	Q0	4419#0	1
5356	Q0	4419#52	1
5356	Q0	254548#0	1
5356	Q0	4419#107	1
5356	Q0	206152#0	0
5356	Q0	4563#0	0
5356	Q0	4419#50	0
5356	Q0	254626#0	0
5356	Q0	254447#0	0
5357	Q0	6514#0	1
5357	Q0	33105#22	1
5357	Q0	6514#3	1
5357	Q0	3022#28	0
5357	Q0	125988#7	0
5357	Q0	219773#1	0
5357	Q0	55823#1	0
5357	Q0	323599#1	0
5357	Q0	29587#3	0
5357	Q0	29587#1	0
5357	Q0	235818#0	0
5359	Q0	790#0	1
5359	Q0	789#1	1
5359	Q0	396668#38	1
5359	Q0	396668#52	0
5359	Q0	396668#53	0
5359	Q0	396668#44	0
5359	Q0	6628#0	0
5359	Q0	5514#0	0
5359	Q0	396668#49	0
5359	Q0	396668#6	0
5361	Q0	1101#3	1
5361	Q0	1101#5	1
5361	Q0	1101#0	1
5361	Q0	292654#0	0
5361	Q0	253540#0	0
5361	Q0	247910#0	0
5361	Q0	255403#0	0
5361	Q0	253809#0	0
5361	Q0	256032#0	0
5361	Q0	253481#0	0
5362	Q0	5534#4	1
5362	Q0	41128#4	1
5362	Q0	5534#10	1
5362	Q0	31624#1	1
5362	Q0	41128#3	1
5362	Q0	5534#8	1
5362	Q0	5534#9	0
5362	Q0	189891#1	0
5362	Q0	5534#3	0
5362	Q0	5534#6	0
5363	Q0	33369#24	1
5363	Q0	843#58	1
5363	Q0	843#56	1
5363	Q0	843#57	0
5363	Q0	843#101	0
5363	Q0	229880#18	0
5363	Q0	229880#0	0
5363	Q0	33369#25	0
5363	Q0	227887#4	0
5363	Q0	21922#2	0
5364	Q0	9588#0	1
5364	Q0	1046#16	1
5364	Q0	268018#0	1
5364	Q0	9588#29	1
5364	Q0	9588#37	1
5364	Q0	9588#45	1
5364	Q0	9588#3	0
5364	Q0	9590#1	0
5364	Q0	9588#28	0
5364	Q0	9588#6	0
5368	Q0	10924#12	1
5368	Q0	10924#11	1
5368	Q0	3107#50	1
5368	Q0	10924#2	1
5368	Q0	10924#7	1
5368	Q0	10924#35	1
5368	Q0	10924#61	1
5368	Q0	6276#8	0
5368	Q0	10924#0	0
5368	Q0	127490#1	0
5368	Q0	10924#17	0
5368	Q0	3107#21	0
5368	Q0	127207#10	0
5369	Q0	13991#29	1
5369	Q0	13991#74	1
5369	Q0	4039#14	1
5369	Q0	13991#2	0
5369	Q0	4266#19	0
5369	Q0	13991#30	0
5369	Q0	13991#69	0
5369	Q0	104612#27	0
5369	Q0	13991#39	0
5369	Q0	104612#16	0
5371	Q0	9036#2	1
5371	Q0	103363#0	1
5371	Q0	8347#2	1
5371	Q0	252221#0	1
5371	Q0	8337#0	0
5371	Q0	44#39	0
5371	Q0	103363#2	0
5371	Q0	4403#28	0
5371	Q0	4877#2	0
5371	Q0	16424#0	0
5373	Q0	2502150#0	1
5373	Q0	110960#19	0
5373	Q0	16248#29	0
5373	Q0	84#17	0
5373	Q0	48873#6	0
5373	Q0	4058#9	0
5373	Q0	27013#22	0
5373	Q0	6674#0	0
5373	Q0	39423#5	0
5373	Q0	3806#8	0
5374	Q0	6871#1	1
5374	Q0	313563#7	1
5374	Q0	6871#2	0
5374	Q0	35948#8	0
5374	Q0	6871#0	0
5374	Q0	6871#7	0
5374	Q0	313563#0	0
5374	Q0	313563#6	0
5374	Q0	6871#5	0
5374	Q0	144460#4	0
5375	Q0	149991#7	1
5375	Q0	231827#4	1
5375	Q0	43#7	0
5375	Q0	149991#5	0
5375	Q0	149991#3	0
5375	Q0	43#2	0
5375	Q0	230245#1	0
5375	Q0	43#4	0
5375	Q0	43#0	0
5375	Q0	43#5	0
5377	Q0	93863#1	1
5377	Q0	703648#0	1
5377	Q0	703648#2	1
5377	Q0	6068#6	0
5377	Q0	6628#0	0
5377	Q0	309216#4	0
5377	Q0	13898#5	0
5377	Q0	12216#46	0
5377	Q0	251955#1	0
5377	Q0	297680#2	0
5377	Q0	22042#39	0
5377	Q0	307060#47	0
5378	Q0	18843#2	1
5378	Q0	4653#4	1
5378	Q0	18842#2	0
5378	Q0	13088#20	0
5378	Q0	18772#1	0
5378	Q0	19278#3	0
5378	Q0	19277#3	0
5378	Q0	33084#12	0
5378	Q0	33476#11	0
5378	Q0	3768#24	0
5379	Q0	688402#5	1
5379	Q0	81282#0	0
5379	Q0	3302#15	0
5379	Q0	3302#17	0
5379	Q0	3302#12	0
5379	Q0	226434#0	0
5379	Q0	84608#0	0
5379	Q0	384022#0	0
5379	Q0	71416#0	0
5379	Q0	91330#0	0
5381	Q0	269874#2	1
5381	Q0	269874#0	1
5381	Q0	270580#3	0
5381	Q0	188663#8	0
5381	Q0	140161#1	0
5381	Q0	3399#0	0
5381	Q0	234824#0	0
5381	Q0	223140#0	0
5381	Q0	357906#2	0
5381	Q0	357906#0	0
5382	Q0	173157#4	1
5382	Q0	173157#7	1
5382	Q0	173157#6	1
5382	Q0	173157#0	1
5382	Q0	173157#16	1
5382	Q0	173157#5	0
5382	Q0	173157#1	0
5382	Q0	173157#3	0
5382	Q0	173157#15	0
5382	Q0	173157#11	0
5383	Q0	123195#3	1
5383	Q0	123195#0	1
5383	Q0	43376#0	1
5383	Q0	60549#7	1
5383	Q0	15730#0	0
5383	Q0	221941#0	0
5383	Q0	79402#0	0
5383	Q0	40140#0	0
5383	Q0	66786#15	0
5383	Q0	222619#1	0
5384	Q0	29406#0	1
5384	Q0	29406#3	1
5384	Q0	29406#1	1
5384	Q0	29406#2	1
5384	Q0	29406#5	1
5384	Q0	29406#7	1
5384	Q0	126478#5	0
5384	Q0	126478#1	0
5384	Q0	131524#1	0
5384	Q0	44872#7	0
5384	Q0	349139#2	0
5384	Q0	378387#0	0
5384	Q0	29406#6	0
5385	Q0	124878#7	1
5385	Q0	124878#6	1
5385	Q0	143124#0	1
5385	Q0	332209#2	1
5385	Q0	124878#1	0
5385	Q0	124878#0	0
5385	Q0	3022#28	0
5385	Q0	81282#0	0
5385	Q0	226434#0	0
5385	Q0	84608#0	0
5386	Q0	13581#44	1
5386	Q0	13581#47	1
5386	Q0	13581#0	1
5386	Q0	13581#49	0
5386	Q0	13581#39	0
5386	Q0	13581#55	0
5386	Q0	13581#87	0
5386	Q0	747#0	0
5386	Q0	13581#48	0
5386	Q0	13581#56	0
5387	Q0	45252#20	1
5387	Q0	190418#1	1
5387	Q0	152494#1	1
5387	Q0	128431#0	0
5387	Q0	128431#2	0
5387	Q0	128431#3	0
5387	Q0	3022#28	0
5387	Q0	81282#0	0
5387	Q0	226434#0	0
5387	Q0	10927#7	0
5388	Q0	17368#3	1
5388	Q0	69498#1	1
5388	Q0	12704#49	1
5388	Q0	80089#3	1
5388	Q0	87699#29	0
5388	Q0	4402#7	0
5388	Q0	12704#52	0
5388	Q0	87699#30	0
5388	Q0	250889#11	0
5388	Q0	81577#1	0
5389	Q0	345816#22	1
5389	Q0	345816#51	1
5389	Q0	345816#6	1
5389	Q0	345816#54	1
5389	Q0	345816#59	1
5389	Q0	345816#8	1
5389	Q0	345816#52	1
5389	Q0	23906#26	1
5389	Q0	23826#58	1
5389	Q0	35095#13	0
5393	Q0	3126#8	1
5393	Q0	1073#0	1
5393	Q0	16106#3	1
5393	Q0	3794#7	0
5393	Q0	241080#4	0
5393	Q0	24555#5	0
5393	Q0	340491#3	0
5393	Q0	340331#2	0
5393	Q0	752#8	0
5393	Q0	72593#19	0
5394	Q0	690#53	1
5394	Q0	4642#0	0
5394	Q0	389420#1	0
5394	Q0	270592#6	0
5394	Q0	258960#0	0
5394	Q0	19081#29	0
5394	Q0	4642#2	0
5394	Q0	14028#54	0
5394	Q0	13016#0	0
5394	Q0	14059#5	0
5396	Q0	298687#2	1
5396	Q0	298687#0	1
5396	Q0	306326#2	1
5396	Q0	298267#0	1
5396	Q0	306326#13	1
5396	Q0	306326#28	1
5396	Q0	306326#5	0
5396	Q0	315955#0	0
5396	Q0	289404#0	0
5396	Q0	298271#0	0
5397	Q0	443245#4	1
5397	Q0	3020#100	0
5397	Q0	147299#0	0
5397	Q0	1124#1	0
5397	Q0	188663#24	0
5397	Q0	102474#33	0
5397	Q0	3308#14	0
5397	Q0	271050#4	0
5397	Q0	63649#6	0
5397	Q0	188663#5	0
5398	Q0	54909#3	1
5398	Q0	53238#4	1
5398	Q0	243479#5	1
5398	Q0	131651#4	1
5398	Q0	54909#2	1
5398	Q0	53238#2	1
5398	Q0	53238#1	0
5398	Q0	53238#0	0
5398	Q0	338776#2	0
5398	Q0	53238#3	0
5399	Q0	202065#1	1
5399	Q0	5439#3	1
5399	Q0	45610#4	1
5399	Q0	12126#7	1
5399	Q0	13072#5	0
5399	Q0	323810#3	0
5399	Q0	39601#19	0
5399	Q0	407037#5	0
5399	Q0	123754#8	0
5399	Q0	83411#15	0
5400	Q0	6750#1	1
5400	Q0	6750#8	1
5400	Q0	356390#6	1
5400	Q0	27274#1	1
5400	Q0	244366#6	1
5400	Q0	6750#2	0
5400	Q0	6750#25	0
5400	Q0	105941#1	0
5400	Q0	105941#6	0
5400	Q0	274677#0	0
5403	Q0	29961#0	1
5403	Q0	8349#0	1
5403	Q0	11496#0	1
5403	Q0	53685#0	1
5403	Q0	11496#1	1
5403	Q0	17229#0	1
5403	Q0	11496#4	0
5403	Q0	68730#0	0
5403	Q0	16193#0	0
5403	Q0	11496#26	0
5404	Q0	322488#4	1
5404	Q0	322488#0	1
5404	Q0	340370#10	1
5404	Q0	322488#1	1
5404	Q0	3947#12	1
5404	Q0	442736#3	1
5404	Q0	9630#2	0
5404	Q0	288212#4	0
5404	Q0	12744#83	0
5404	Q0	9630#0	0
5405	Q0	15806#3	1
5405	Q0	11972#0	0
5405	Q0	109155#0	0
5405	Q0	3156#0	0
5405	Q0	24214#0	0
5405	Q0	27375#0	0
5405	Q0	183548#3	0
5405	Q0	95877#1	0
5405	Q0	24592#0	0
5405	Q0	6236#0	0
5407	Q0	16248#0	1
5407	Q0	230363#0	1
5407	Q0	4502#6	1
5407	Q0	348380#10	0
5407	Q0	35648#23	0
5407	Q0	19552#10	0
5407	Q0	16248#4	0
5407	Q0	16248#12	0
5407	Q0	196099#0	0
5407	Q0	194634#3	0
5409	Q0	150644#6	1
5409	Q0	207736#4	1
5409	Q0	48813#0	1
5409	Q0	18326#2	1
5409	Q0	190234#0	1
5409	Q0	214246#0	1
5409	Q0	190234#17	1
5409	Q0	18326#3	1
5409	Q0	18326#0	1
5409	Q0	51733#1	0
5409	Q0	48830#0	0
5409	Q0	62021#1	0
5412	Q0	30133#9	1
5412	Q0	30133#2	1
5412	Q0	30133#8	1
5412	Q0	30133#10	1
5412	Q0	30133#3	1
5412	Q0	30133#1	1
5412	Q0	15966#2	0
5412	Q0	30133#0	0
5412	Q0	87826#0	0
5412	Q0	33818#0	0
5415	Q0	160420#0	1
5415	Q0	154648#0	1
5415	Q0	107381#6	1
5415	Q0	26931#3	1
5415	Q0	160420#1	0
5415	Q0	26931#2	0
5415	Q0	25902#10	0
5415	Q0	160420#2	0
5415	Q0	22154#0	0
5415	Q0	838#17	0
5416	Q0	67832#32	1
5416	Q0	4955#0	0
5416	Q0	4955#1	0
5416	Q0	4955#4	0
5416	Q0	4955#2	0
5416	Q0	4955#3	0
5416	Q0	352428#4	0
5416	Q0	34531#4	0
5416	Q0	158702#0	0
5416	Q0	67832#31	0
5417	Q0	413191#0	1
5417	Q0	12597#0	1
5417	Q0	946#0	1
5417	Q0	946#26	1
5417	Q0	942#41	0
5417	Q0	6327#9	0
5417	Q0	12600#0	0
5417	Q0	6408#6	0
5417	Q0	942#55	0
5417	Q0	23450#2	0
5418	Q0	103253#1	1
5418	Q0	103253#0	1
5418	Q0	1101#5	1
5418	Q0	4508#28	1
5418	Q0	152547#9	0
5418	Q0	318663#1	0
5418	Q0	4408#21	0
5418	Q0	11732#2	0
5418	Q0	428978#4	0
5418	Q0	20334#4	0
5420	Q0	101321#1	1
5420	Q0	93976#0	1
5420	Q0	101321#2	1
5420	Q0	101321#3	0
5420	Q0	101321#0	0
5420	Q0	247416#0	0
5420	Q0	93976#2	0
5420	Q0	13011#3	0
5420	Q0	101321#4	0
5420	Q0	239238#12	0
5422	Q0	436330#0	1
5422	Q0	242320#2	0
5422	Q0	242320#4	0
5422	Q0	242320#6	0
5422	Q0	242320#3	0
5422	Q0	242320#1	0
5422	Q0	7498#21	0
5422	Q0	242320#5	0
5422	Q0	20275#0	0
5422	Q0	436330#3	0
5423	Q0	43625#18	1
5423	Q0	13198#0	1
5423	Q0	18191#42	1
5423	Q0	13198#33	1
5423	Q0	13198#4	1
5423	Q0	13198#32	0
5423	Q0	13198#1	0
5423	Q0	13198#15	0
5423	Q0	13198#2	0
5423	Q0	13198#34	0
5424	Q0	233727#0	1
5424	Q0	93774#1	1
5424	Q0	271159#0	1
5424	Q0	48878#33	0
5424	Q0	48878#16	0
5424	Q0	291057#0	0
5424	Q0	48878#29	0
5424	Q0	196002#0	0
5424	Q0	48878#1	0
5424	Q0	233727#10	0
5425	Q0	88606#3	1
5425	Q0	88606#5	1
5425	Q0	14232#20	1
5425	Q0	14232#29	1
5425	Q0	288769#0	1
5425	Q0	14232#12	0
5425	Q0	14232#19	0
5425	Q0	315505#3	0
5425	Q0	14232#9	0
5425	Q0	316854#2	0
5426	Q0	176057#2	1
5426	Q0	33156#0	1
5426	Q0	143002#7	0
5426	Q0	33156#1	0
5426	Q0	18794#11	0
5426	Q0	143002#4	0
5426	Q0	116069#5	0
5426	Q0	116069#0	0
5426	Q0	104825#6	0
5426	Q0	16087#18	0
5426	Q0	303420#0	0
5427	Q0	152263#5	1
5427	Q0	20887#60	1
5427	Q0	112367#4	1
5427	Q0	152263#0	0
5427	Q0	152263#2	0
5427	Q0	123922#6	0
5427	Q0	198183#2	0
5427	Q0	1030#0	0
5427	Q0	229145#0	0
5427	Q0	85#11	0
5428	Q0	316538#4	1
5428	Q0	84571#2	1
5428	Q0	84073#1	1
5428	Q0	104360#0	1
5428	Q0	84571#1	1
5428	Q0	11793#0	0
5428	Q0	13429#0	0
5428	Q0	58660#0	0
5428	Q0	198510#0	0
5428	Q0	58660#5	0
5429	Q0	434116#4	1
5429	Q0	16798#0	1
5429	Q0	13855#2	1
5429	Q0	434116#0	1
5429	Q0	5570#6	0
5429	Q0	5431#42	0
5429	Q0	16798#3	0
5429	Q0	16798#15	0
5429	Q0	16644#1	0
5429	Q0	434116#2	0
5430	Q0	21821#0	1
5430	Q0	21821#37	1
5430	Q0	21821#4	1
5430	Q0	21821#5	0
5430	Q0	10820#0	0
5430	Q0	57698#1	0
5430	Q0	4089#4	0
5430	Q0	315612#10	0
5430	Q0	109616#0	0
5430	Q0	254092#1	0
5430	Q0	10820#14	0
5430	Q0	6728#5	0
5433	Q0	5078#3	1
5433	Q0	423516#3	1
5433	Q0	2335198#0	1
5433	Q0	2335198#9	1
5433	Q0	799#0	0
5433	Q0	354641#12	0
5433	Q0	41276#0	0
5433	Q0	436027#1	0
5433	Q0	436857#1	0
5433	Q0	61110#3	0
5433	Q0	442688#3	0
5433	Q0	5078#1	0
5433	Q0	2335198#5	0
5434	Q0	20864#0	1
5434	Q0	10#23	1
5434	Q0	325772#1	1
5434	Q0	80663#8	1
5434	Q0	107484#0	0
5434	Q0	20864#4	0
5434	Q0	20183#7	0
5434	Q0	20864#2	0
5434	Q0	32507#41	0
5434	Q0	36312#9	0
5435	Q0	19220#5	1
5435	Q0	3022#28	0
5435	Q0	226434#0	0
5435	Q0	81282#0	0
5435	Q0	51428#0	0
5435	Q0	267496#0	0
5435	Q0	267496#28	0
5435	Q0	212607#0	0
5435	Q0	141516#8	0
5435	Q0	64699#0	0
5439	Q0	349548#3	1
5439	Q0	349548#12	1
5439	Q0	349548#10	1
5439	Q0	349548#13	1
5439	Q0	349548#11	0
5439	Q0	5857#3	0
5439	Q0	349548#15	0
5439	Q0	10928#2	0
5439	Q0	317961#4	0
5439	Q0	70487#0	0
5439	Q0	349548#4	0
5440	Q0	250386#1	1
5440	Q0	250386#2	1
5440	Q0	106913#2	0
5440	Q0	250386#0	0
5440	Q0	340491#3	0
5440	Q0	106913#1	0
5440	Q0	157421#6	0
5440	Q0	42839#5	0
5440	Q0	24555#5	0
5440	Q0	26208#16	0
5441	Q0	1041#11	1
5441	Q0	318200#7	1
5441	Q0	1041#32	1
5441	Q0	36754#7	1
5441	Q0	321380#11	1
5441	Q0	9509#0	0
5441	Q0	188001#15	0
5441	Q0	195756#4	0
5441	Q0	9509#1	0
5441	Q0	9509#12	0
5442	Q0	2622285#0	1
5442	Q0	2622285#7	1
5442	Q0	2622285#1	1
5442	Q0	2622285#4	1
5442	Q0	421771#0	0
5442	Q0	25902#1	0
5442	Q0	25902#7	0
5442	Q0	320024#0	0
5442	Q0	25902#18	0
5442	Q0	421771#1	0
5442	Q0	25902#4	0
5442	Q0	216639#1	0
5442	Q0	10429#4	0
5442	Q0	151918#1	0
5442	Q0	2622285#3	0
5443	Q0	307060#47	1
5443	Q0	396668#53	1
5443	Q0	19013#5	1
5443	Q0	250622#4	1
5443	Q0	396668#52	1
5443	Q0	48392#1	0
5443	Q0	6628#1	0
5443	Q0	19013#7	0
5443	Q0	6628#0	0
5443	Q0	42792#9	0
5443	Q0	134555#6	0
5444	Q0	3817#0	1
5444	Q0	3817#17	1
5444	Q0	3817#18	1
5444	Q0	39684#0	0
5444	Q0	3817#20	0
5444	Q0	3817#60	0
5444	Q0	365585#0	0
5444	Q0	3817#4	0
5444	Q0	65780#0	0
5444	Q0	4926#3	0
5445	Q0	75693#2	1
5445	Q0	15634#1	1
5445	Q0	75692#0	1
5445	Q0	77#17	1
5445	Q0	75693#1	1
5445	Q0	75693#0	0
5445	Q0	49480#4	0
5445	Q0	259265#1	0
5445	Q0	231335#0	0
5445	Q0	82900#7	0
5446	Q0	385539#0	1
5446	Q0	385539#3	1
5446	Q0	29531#0	1
5446	Q0	385539#2	1
5446	Q0	243864#49	0
5446	Q0	1101#13	0
5446	Q0	63649#6	0
5446	Q0	14325#10	0
5446	Q0	304145#31	0
5446	Q0	33176#55	0
5447	Q0	16097#1	1
5447	Q0	16097#43	1
5447	Q0	249790#0	1
5447	Q0	140778#7	1
5447	Q0	292188#0	1
5447	Q0	15617#0	0
5447	Q0	16097#0	0
5447	Q0	377648#0	0
5447	Q0	260889#0	0
5447	Q0	16097#4	0
5449	Q0	15796#15	1
5449	Q0	15796#2	0
5449	Q0	42038#2	0
5449	Q0	363479#1	0
5449	Q0	377611#43	0
5449	Q0	15796#19	0
5449	Q0	133331#2	0
5449	Q0	377611#44	0
5449	Q0	15796#3	0
5449	Q0	15796#5	0
5450	Q0	5141#12	1
5450	Q0	5141#13	1
5450	Q0	5141#0	1
5450	Q0	5141#4	1
5450	Q0	5141#25	1
5450	Q0	127744#12	1
5450	Q0	5141#14	0
5450	Q0	5141#21	0
5450	Q0	5141#15	0
5450	Q0	5141#5	0
5451	Q0	3531#2	1
5451	Q0	3531#3	1
5451	Q0	297988#0	1
5451	Q0	3531#35	1
5451	Q0	33166#0	1
5451	Q0	1130#52	1
5451	Q0	22924#18	0
5451	Q0	3531#0	0
5451	Q0	112587#2	0
5451	Q0	22924#69	0
5453	Q0	2145077#0	1
5453	Q0	380280#6	0
5453	Q0	11975#7	0
5453	Q0	409513#2	0
5453	Q0	10018#0	0
5453	Q0	368267#5	0
5453	Q0	13093#0	0
5453	Q0	386122#2	0
5453	Q0	121520#9	0
5453	Q0	3803#10	0
5454	Q0	82455#0	1
5454	Q0	218204#3	1
5454	Q0	15367#3	1
5454	Q0	338917#3	1
5454	Q0	247815#0	1
5454	Q0	22859#0	0
5454	Q0	130886#0	0
5454	Q0	84226#1	0
5454	Q0	16771#0	0
5454	Q0	200558#1	0
5455	Q0	798#18	1
5455	Q0	340241#2	1
5455	Q0	125681#26	1
5455	Q0	262600#14	0
5455	Q0	14028#35	0
5455	Q0	74810#3	0
5455	Q0	60725#5	0
5455	Q0	203417#1	0
5455	Q0	325272#10	0
5455	Q0	354641#12	0
5456	Q0	35851#39	1
5456	Q0	817#11	1
5456	Q0	4759#12	1
5456	Q0	4759#56	1
5456	Q0	4762#6	1
5456	Q0	4767#0	0
5456	Q0	33946#0	0
5456	Q0	817#2	0
5456	Q0	4789#0	0
5456	Q0	4732#2	0
5457	Q0	243122#0	1
5457	Q0	243122#4	1
5457	Q0	243122#12	1
5457	Q0	243122#3	1
5457	Q0	243122#14	1
5457	Q0	243122#1	0
5457	Q0	243122#7	0
5457	Q0	243122#17	0
5457	Q0	243122#11	0
5457	Q0	243122#16	0
5458	Q0	331598#0	1
5458	Q0	44843#2	0
5458	Q0	147827#1	0
5458	Q0	78923#3	0
5458	Q0	84689#4	0
5458	Q0	316910#0	0
5458	Q0	132831#1	0
5458	Q0	14479#1	0
5458	Q0	13157#5	0
5458	Q0	331598#1	0
5462	Q0	27203#12	1
5462	Q0	141166#0	1
5462	Q0	81518#0	1
5462	Q0	60856#0	1
5462	Q0	27203#13	1
5462	Q0	27203#4	0
5462	Q0	27203#6	0
5462	Q0	27203#3	0
5462	Q0	35095#5	0
5462	Q0	11896#9	0
5463	Q0	53791#0	1
5463	Q0	53791#18	1
5463	Q0	53988#4	1
5463	Q0	53791#7	1
5463	Q0	363167#2	1
5463	Q0	53791#5	1
5463	Q0	53791#4	0
5463	Q0	3172#18	0
5463	Q0	53791#6	0
5463	Q0	53791#3	0
5464	Q0	7125#8	1
5464	Q0	11383#4	1
5464	Q0	61009#1	1
5464	Q0	74890#5	1
5464	Q0	44#24	0
5464	Q0	6076#12	0
5464	Q0	6076#23	0
5464	Q0	6076#54	0
5464	Q0	6076#28	0
5464	Q0	415862#9	0
5466	Q0	161242#0	1
5466	Q0	161242#6	1
5466	Q0	151792#29	1
5466	Q0	161242#15	1
5466	Q0	161242#5	1
5466	Q0	161242#7	1
5466	Q0	161242#3	1
5466	Q0	161242#12	1
5466	Q0	161242#24	1
5466	Q0	161242#21	0
5466	Q0	178187#8	0
5466	Q0	160594#0	0
5466	Q0	161242#8	0
5466	Q0	161242#4	0
5466	Q0	139524#1	0
5467	Q0	117479#16	1
5467	Q0	285661#41	1
5467	Q0	285661#38	1
5467	Q0	54298#0	1
5467	Q0	165775#1	0
5467	Q0	6778#22	0
5467	Q0	6778#17	0
5467	Q0	285661#33	0
5467	Q0	154941#18	0
5467	Q0	19399#95	0
5468	Q0	227799#4	1
5468	Q0	227799#3	1
5468	Q0	227799#2	1
5468	Q0	216897#0	0
5468	Q0	1124#1	0
5468	Q0	203285#12	0
5468	Q0	54393#0	0
5468	Q0	64564#6	0
5468	Q0	49513#17	0
5468	Q0	430090#3	0
5469	Q0	32587#2	1
5469	Q0	32587#9	1
5469	Q0	32587#11	1
5469	Q0	378387#0	1
5469	Q0	32587#24	1
5469	Q0	32587#0	1
5469	Q0	4023#0	0
5469	Q0	378563#75	0
5469	Q0	32587#3	0
5469	Q0	86511#0	0
5469	Q0	32587#4	0
5471	Q0	32388#3	1
5471	Q0	13088#25	1
5471	Q0	32388#11	1
5471	Q0	114642#0	0
5471	Q0	32388#0	0
5471	Q0	196446#7	0
5471	Q0	13088#18	0
5471	Q0	93160#1	0
5471	Q0	32388#4	0
5471	Q0	32388#1	0
5472	Q0	2934#0	1
5472	Q0	10627#51	1
5472	Q0	432210#6	1
5472	Q0	20885#12	1
5472	Q0	2934#2	1
5472	Q0	27398#0	0
5472	Q0	311244#2	0
5472	Q0	15244#0	0
5472	Q0	2933#0	0
5472	Q0	3178#9	0
5473	Q0	3849#18	1
5473	Q0	264607#7	1
5473	Q0	397117#6	1
5473	Q0	264607#1	1
5473	Q0	264607#21	1
5473	Q0	264607#19	1
5473	Q0	3849#19	0
5473	Q0	264607#0	0
5473	Q0	264607#20	0
5473	Q0	21467#88	0
5474	Q0	34499#17	1
5474	Q0	117479#0	1
5474	Q0	193534#0	1
5474	Q0	28450#0	1
5474	Q0	387719#1	1
5474	Q0	157577#0	0
5474	Q0	135195#0	0
5474	Q0	211127#15	0
5474	Q0	69#47	0
5474	Q0	6439#0	0
5476	Q0	78820#1	1
5476	Q0	51300#1	1
5476	Q0	75143#2	1
5476	Q0	273928#1	1
5476	Q0	78820#8	1
5476	Q0	273928#2	1
5476	Q0	15121#7	0
5476	Q0	15121#0	0
5476	Q0	286823#0	0
5476	Q0	15121#5	0
5477	Q0	4050#9	1
5477	Q0	4050#7	1
5477	Q0	3988#15	1
5477	Q0	56139#0	1
5477	Q0	4102#14	0
5477	Q0	4060#10	0
5477	Q0	59548#1	0
5477	Q0	4049#2	0
5477	Q0	4051#14	0
5477	Q0	4029#14	0
5478	Q0	83#15	1
5478	Q0	5101#25	1
5478	Q0	6212#1	0
5478	Q0	124532#2	0
5478	Q0	90007#0	0
5478	Q0	5101#0	0
5478	Q0	8401#0	0
5478	Q0	6760#2	0
5478	Q0	251312#9	0
5478	Q0	76072#16	0
5479	Q0	78756#0	1
5479	Q0	139124#4	0
5479	Q0	1135#69	0
5479	Q0	6608#34	0
5479	Q0	1135#67	0
5479	Q0	889#43	0
5479	Q0	18743#0	0
5479	Q0	1135#25	0
5479	Q0	1135#66	0
5479	Q0	1135#37	0
5480	Q0	52548#0	1
5480	Q0	44659#0	1
5480	Q0	243706#0	0
5480	Q0	272386#3	0
5480	Q0	186121#1	0
5480	Q0	1029#14	0
5480	Q0	1029#59	0
5480	Q0	345262#1	0
5480	Q0	131134#10	0
5480	Q0	67908#0	0
5481	Q0	86142#13	1
5481	Q0	51174#20	0
5481	Q0	208056#2	0
5481	Q0	86142#18	0
5481	Q0	34434#4	0
5481	Q0	56750#46	0
5481	Q0	33176#47	0
5481	Q0	328435#2	0
5481	Q0	86142#28	0
5481	Q0	4468#7	0
5484	Q0	22153#3	1
5484	Q0	36969#3	1
5484	Q0	22153#0	1
5484	Q0	22153#2	0
5484	Q0	22153#4	0
5484	Q0	22153#1	0
5484	Q0	151784#12	0
5484	Q0	22153#10	0
5484	Q0	22153#14	0
5484	Q0	22153#5	0
5485	Q0	157577#0	1
5485	Q0	19588#1	1
5485	Q0	220734#0	1
5485	Q0	211127#3	1
5485	Q0	35283#0	1
5485	Q0	12572#15	0
5485	Q0	161224#0	0
5485	Q0	106304#5	0
5485	Q0	69#47	0
5485	Q0	106304#4	0
5486	Q0	4697#4	1
5486	Q0	19598#0	1
5486	Q0	176199#0	1
5486	Q0	176197#0	1
5486	Q0	23649#0	1
5486	Q0	6972#6	1
5486	Q0	6972#0	0
5486	Q0	176200#0	0
5486	Q0	6972#8	0
5486	Q0	23648#0	0
5487	Q0	3438#0	1
5487	Q0	4403#51	1
5487	Q0	59872#1	1
5487	Q0	24362#11	0
5487	Q0	16242#0	0
5487	Q0	4653#4	0
5487	Q0	4403#1	0
5487	Q0	270894#11	0
5487	Q0	11272#31	0
5487	Q0	3876#27	0
5488	Q0	45666#10	1
5488	Q0	45666#8	1
5488	Q0	45666#0	1
5488	Q0	116006#0	1
5488	Q0	45666#3	1
5488	Q0	250567#0	1
5488	Q0	250576#0	1
5488	Q0	45666#2	0
5488	Q0	247669#7	0
5488	Q0	247669#8	0
5489	Q0	13109#8	1
5489	Q0	13109#16	1
5489	Q0	6509#60	0
5489	Q0	6509#41	0
5489	Q0	135942#13	0
5489	Q0	208498#0	0
5489	Q0	25861#1	0
5489	Q0	325533#0	0
5489	Q0	14103#2	0
5489	Q0	325230#0	0
5490	Q0	2867#0	1
5490	Q0	2867#1	1
5490	Q0	49501#9	0
5490	Q0	15703#0	0
5490	Q0	2867#2	0
5490	Q0	101772#0	0
5490	Q0	263615#3	0
5490	Q0	50238#16	0
5490	Q0	15703#2	0
5490	Q0	4642#0	0
5492	Q0	81370#26	1
5492	Q0	81370#24	1
5492	Q0	81370#23	1
5492	Q0	81370#1	1
5492	Q0	81370#18	1
5492	Q0	81370#11	1
5492	Q0	81370#5	1
5492	Q0	81370#8	1
5492	Q0	81370#16	1
5492	Q0	81370#0	1
5492	Q0	81370#2	0
5492	Q0	210003#0	0
5492	Q0	81370#12	0
5492	Q0	81370#6	0
5492	Q0	81370#13	0
5493	Q0	14637#0	1
5493	Q0	14637#18	1
5493	Q0	14637#1	1
5493	Q0	14637#7	1
5493	Q0	14637#6	1
5493	Q0	14637#3	0
5493	Q0	14637#13	0
5493	Q0	14637#12	0
5493	Q0	14642#0	0
5493	Q0	14637#20	0
5494	Q0	63941#1	1
5494	Q0	4069#18	1
5494	Q0	4069#2	1
5494	Q0	4069#31	1
5494	Q0	4069#29	1
5494	Q0	63924#0	1
5494	Q0	4069#0	0
5494	Q0	4069#11	0
5494	Q0	67861#2	0
5494	Q0	63930#0	0
5495	Q0	217131#7	1
5495	Q0	217536#4	1
5495	Q0	217536#6	1
5495	Q0	217887#5	1
5495	Q0	313563#34	1
5495	Q0	218351#4	1
5495	Q0	219203#9	1
5495	Q0	80988#3	0
5495	Q0	313563#36	0
5495	Q0	347867#14	0
5496	Q0	126522#40	1
5496	Q0	3834#0	1
5496	Q0	270580#4	1
5496	Q0	278613#0	1
5496	Q0	34559#0	1
5496	Q0	198246#0	1
5496	Q0	198246#2	1
5496	Q0	3179#9	0
5496	Q0	3794#7	0
5496	Q0	21723#0	0
5497	Q0	50627#0	1
5497	Q0	402673#28	1
5497	Q0	343634#10	1
5497	Q0	4535#4	0
5497	Q0	12061#1	0
5497	Q0	343634#11	0
5497	Q0	199807#68	0
5497	Q0	20371#4	0
5497	Q0	124610#5	0
5497	Q0	80367#30	0
5498	Q0	276219#9	1
5498	Q0	276219#11	1
5498	Q0	276219#0	1
5498	Q0	276219#5	1
5498	Q0	276219#1	1
5498	Q0	276219#6	0
5498	Q0	276219#10	0
5498	Q0	276219#7	0
5498	Q0	20526#0	0
5498	Q0	276219#19	0
5500	Q0	6244#1	1
5500	Q0	6244#16	1
5500	Q0	6244#22	1
5500	Q0	6244#17	1
5500	Q0	6244#4	0
5500	Q0	6244#21	0
5500	Q0	6244#20	0
5500	Q0	6244#25	0
5500	Q0	84568#0	0
5500	Q0	407209#5	0
5501	Q0	109081#0	1
5501	Q0	383717#0	0
5501	Q0	18395#5	0
5501	Q0	18395#10	0
5501	Q0	18395#2	0
5501	Q0	383717#7	0
5501	Q0	383717#2	0
5501	Q0	18395#14	0
5501	Q0	18395#0	0
5501	Q0	18395#1	0
5501	Q0	18395#7	0
5506	Q0	1494327#0	1
5506	Q0	1494327#1	1
5506	Q0	1494327#9	1
5506	Q0	1494327#10	1
5506	Q0	1494327#11	1
5506	Q0	1494327#19	1
5506	Q0	1494327#2	1
5506	Q0	17330#15	0
5506	Q0	34881#20	0
5506	Q0	817#19	0
5506	Q0	135825#10	0
5506	Q0	270149#0	0
5506	Q0	18025#28	0
5506	Q0	200507#6	0
5506	Q0	188400#0	0
5506	Q0	77316#46	0
5506	Q0	34881#7	0
5506	Q0	1494327#18	0
5507	Q0	1100891#0	1
5507	Q0	14920#2	0
5507	Q0	2959#12	0
5507	Q0	359100#1	0
5507	Q0	290613#1	0
5507	Q0	38235#0	0
5507	Q0	74497#2	0
5507	Q0	416298#1	0
5507	Q0	378394#0	0
5507	Q0	49429#4	0
5508	Q0	748#28	1
5508	Q0	18427#4	1
5508	Q0	748#26	1
5508	Q0	748#62	1
5508	Q0	18357#54	1
5508	Q0	748#24	0
5508	Q0	748#0	0
5508	Q0	211773#2	0
5508	Q0	209888#58	0
5508	Q0	4271#6	0
5509	Q0	294225#18	1
5509	Q0	294225#3	1
5509	Q0	294225#9	1
5509	Q0	294225#17	1
5509	Q0	294225#4	1
5509	Q0	294225#5	1
5509	Q0	294225#49	0
5509	Q0	294225#50	0
5509	Q0	294225#23	0
5509	Q0	294225#16	0
5511	Q0	3172#0	1
5511	Q0	308318#4	1
5511	Q0	308318#0	1
5511	Q0	3172#24	1
5511	Q0	3172#38	1
5511	Q0	3172#6	1
5511	Q0	3172#26	0
5511	Q0	3172#37	0
5511	Q0	123450#1	0
5511	Q0	3172#31	0
5512	Q0	297388#0	1
5512	Q0	299070#0	1
5512	Q0	258660#0	1
5512	Q0	197075#5	1
5512	Q0	303151#0	0
5512	Q0	338421#5	0
5512	Q0	308659#0	0
5512	Q0	338421#9	0
5512	Q0	197075#0	0
5512	Q0	338421#14	0
5513	Q0	216505#1	1
5513	Q0	216505#0	1
5513	Q0	216505#2	1
5513	Q0	80988#2	0
5513	Q0	300154#0	0
5513	Q0	80988#0	0
5513	Q0	25923#36	0
5513	Q0	218231#5	0
5513	Q0	301868#0	0
5513	Q0	217536#7	0
5514	Q0	2717#5	1
5514	Q0	352241#0	0
5514	Q0	214803#0	0
5514	Q0	19398#37	0
5514	Q0	320237#0	0
5514	Q0	228023#11	0
5514	Q0	306880#0	0
5514	Q0	254968#28	0
5514	Q0	3908#57	0
5514	Q0	12723#63	0
5516	Q0	196483#1	1
5516	Q0	5520#6	1
5516	Q0	6869#4	0
5516	Q0	224653#0	0
5516	Q0	127524#0	0
5516	Q0	6869#14	0
5516	Q0	1063#0	0
5516	Q0	224809#0	0
5516	Q0	5520#0	0
5516	Q0	135823#0	0
5516	Q0	135823#7	0
5516	Q0	5520#15	0
5517	Q0	43636#30	1
5517	Q0	25058#0	1
5517	Q0	117479#16	1
5517	Q0	118037#1	0
5517	Q0	43636#7	0
5517	Q0	1025#43	0
5517	Q0	1025#23	0
5517	Q0	25058#3	0
5517	Q0	189967#1	0
5517	Q0	25058#6	0
5519	Q0	214379#6	1
5519	Q0	77432#8	1
5519	Q0	1073#4	1
5519	Q0	54869#0	1
5519	Q0	199736#6	1
5519	Q0	77316#54	1
5519	Q0	199807#45	0
5519	Q0	52109#0	0
5519	Q0	199733#6	0
5519	Q0	199733#0	0
5520	Q0	6509#1	1
5520	Q0	6509#0	1
5520	Q0	6509#12	0
5520	Q0	6509#58	0
5520	Q0	6509#56	0
5520	Q0	6509#18	0
5520	Q0	6509#24	0
5520	Q0	6509#59	0
5520	Q0	6509#14	0
5520	Q0	6509#61	0
5521	Q0	282071#2	1
5521	Q0	282071#0	1
5521	Q0	49826#8	0
5521	Q0	49826#1	0
5521	Q0	15055#14	0
5521	Q0	442738#16	0
5521	Q0	49826#0	0
5521	Q0	49826#11	0
5521	Q0	282071#5	0
5521	Q0	49826#10	0
5523	Q0	340919#1	1
5523	Q0	43024#0	1
5523	Q0	43016#0	1
5523	Q0	41555#0	1
5523	Q0	43023#0	1
5523	Q0	4120#29	0
5523	Q0	43033#0	0
5523	Q0	4120#40	0
5523	Q0	42758#0	0
5523	Q0	4120#0	0
5524	Q0	1073#3	1
5524	Q0	22154#0	1
5524	Q0	243864#62	1
5524	Q0	243472#0	1
5524	Q0	77432#1	0
5524	Q0	209403#16	0
5524	Q0	104825#13	0
5524	Q0	12593#0	0
5524	Q0	59197#0	0
5524	Q0	62570#4	0
5526	Q0	42588#0	1
5526	Q0	41615#1	1
5526	Q0	42588#1	1
5526	Q0	42547#6	1
5526	Q0	42588#2	0
5526	Q0	42547#3	0
5526	Q0	45307#8	0
5526	Q0	299769#0	0
5526	Q0	4502#9	0
5526	Q0	42547#7	0
5527	Q0	114524#6	1
5527	Q0	149444#3	1
5527	Q0	149444#6	1
5527	Q0	199819#2	1
5527	Q0	24301#19	1
5527	Q0	24301#21	0
5527	Q0	149444#23	0
5527	Q0	315325#0	0
5527	Q0	54366#0	0
5527	Q0	24301#4	0
5529	Q0	352227#0	1
5529	Q0	2482111#0	1
5529	Q0	352227#2	0
5529	Q0	352227#6	0
5529	Q0	263601#6	0
5529	Q0	352227#5	0
5529	Q0	352227#3	0
5529	Q0	352227#7	0
5529	Q0	352227#1	0
5529	Q0	838#17	0
5531	Q0	40515#43	1
5531	Q0	113264#0	1
5531	Q0	407037#49	1
5531	Q0	3796#33	1
5531	Q0	104199#0	1
5531	Q0	22873#18	0
5531	Q0	381253#11	0
5531	Q0	247254#3	0
5531	Q0	3794#7	0
5531	Q0	169838#5	0
5532	Q0	4037#4	1
5532	Q0	4037#17	1
5532	Q0	4037#3	1
5532	Q0	4037#18	1
5532	Q0	84490#20	1
5532	Q0	84490#15	1
5532	Q0	4037#0	0
5532	Q0	32571#13	0
5532	Q0	32571#7	0
5532	Q0	84490#16	0
5533	Q0	3468#7	1
5533	Q0	4779#0	1
5533	Q0	212748#0	1
5533	Q0	3468#6	1
5533	Q0	141438#0	1
5533	Q0	3468#0	0
5533	Q0	4776#0	0
5533	Q0	64372#0	0
5533	Q0	3468#8	0
5533	Q0	3468#5	0
5534	Q0	18105#0	1
5534	Q0	49938#1	1
5534	Q0	43679#0	1
5534	Q0	49938#9	1
5534	Q0	49938#8	0
5534	Q0	49938#0	0
5534	Q0	414774#0	0
5534	Q0	1035#0	0
5534	Q0	152481#1	0
5534	Q0	284251#0	0
5536	Q0	403755#3	1
5536	Q0	403755#0	0
5536	Q0	403755#27	0
5536	Q0	403755#5	0
5536	Q0	403755#17	0
5536	Q0	403755#10	0
5536	Q0	403755#11	0
5536	Q0	403755#19	0
5536	Q0	403755#16	0
5536	Q0	403755#26	0
5537	Q0	6742#2	1
5537	Q0	16294#1	1
5537	Q0	127449#79	1
5537	Q0	152358#0	1
5537	Q0	127449#62	0
5537	Q0	62479#1	0
5537	Q0	127449#39	0
5537	Q0	268215#5	0
5537	Q0	16676#2	0
5537	Q0	127449#29	0
5538	Q0	1431339#1	1
5538	Q0	10241#5	0
5538	Q0	3759#17	0
5538	Q0	416298#1	0
5538	Q0	79382#2	0
5538	Q0	88157#3	0
5538	Q0	7329#4	0
5538	Q0	223455#1	0
5538	Q0	133073#3	0
5538	Q0	8432#4	0
5539	Q0	78600#0	1
5539	Q0	78600#37	1
5539	Q0	78600#39	1
5539	Q0	78600#14	1
5539	Q0	78600#2	1
5539	Q0	78600#35	0
5539	Q0	78600#1	0
5539	Q0	78600#17	0
5539	Q0	78600#18	0
5539	Q0	78600#32	0
5540	Q0	24840#21	1
5540	Q0	24840#0	1
5540	Q0	24840#17	1
5540	Q0	24840#1	1
5540	Q0	24840#19	1
5540	Q0	24840#13	0
5540	Q0	99818#2	0
5540	Q0	24840#20	0
5540	Q0	24840#6	0
5540	Q0	24840#2	0
5541	Q0	51840#0	1
5541	Q0	3483#21	1
5541	Q0	31706#54	1
5541	Q0	193900#5	1
5541	Q0	43160#0	1
5541	Q0	31706#39	1
5541	Q0	1633335#0	1
5541	Q0	1633335#2	1
5541	Q0	396668#76	0
5541	Q0	31706#0	0
5541	Q0	31706#30	0
5541	Q0	309216#5	0
5542	Q0	16798#15	1
5542	Q0	35644#2	1
5542	Q0	35644#3	1
5542	Q0	399728#1	1
5542	Q0	71477#0	1
5542	Q0	36750#3	0
5542	Q0	35644#0	0
5542	Q0	8401#26	0
5542	Q0	347911#16	0
5542	Q0	112116#41	0
5543	Q0	17501#0	1
5543	Q0	6095#1	1
5543	Q0	6095#0	0
5543	Q0	6095#15	0
5543	Q0	16424#0	0
5543	Q0	70280#8	0
5543	Q0	11528#0	0
5543	Q0	11528#3	0
5543	Q0	4648#0	0
5543	Q0	17502#0	0
5545	Q0	11012#18	1
5545	Q0	79448#17	1
5545	Q0	13088#23	1
5545	Q0	4014#3	1
5545	Q0	3978#9	1
5545	Q0	6207#23	0
5545	Q0	88076#0	0
5545	Q0	45653#20	0
5545	Q0	78852#14	0
5545	Q0	190118#9	0
5546	Q0	101772#0	1
5546	Q0	434984#8	0
5546	Q0	260374#0	0
5546	Q0	434984#6	0
5546	Q0	78403#9	0
5546	Q0	303176#9	0
5546	Q0	233378#22	0
5546	Q0	4441#15	0
5546	Q0	14704#4	0
5546	Q0	18743#0	0
5547	Q0	1744014#0	1
5547	Q0	15888#1	0
5547	Q0	214525#0	0
5547	Q0	353384#2	0
5547	Q0	353384#0	0
5547	Q0	126723#0	0
5547	Q0	2954#31	0
5547	Q0	202308#0	0
5547	Q0	373215#8	0
5549	Q0	15806#0	1
5549	Q0	11328#0	1
5549	Q0	75693#1	1
5549	Q0	8810#0	0
5549	Q0	3942#17	0
5549	Q0	1003#2	0
5549	Q0	15346#0	0
5549	Q0	245553#0	0
5549	Q0	101912#0	0
5549	Q0	5695#6	0
5550	Q0	22924#65	1
5550	Q0	22924#0	1
5550	Q0	22924#61	1
5550	Q0	58128#16	1
5550	Q0	22924#37	0
5550	Q0	22924#2	0
5550	Q0	223118#0	0
5550	Q0	251993#1	0
5550	Q0	22924#23	0
5551	Q0	67096#6	1
5551	Q0	33176#77	1
5551	Q0	308201#26	1
5551	Q0	4489#4	1
5551	Q0	86204#2	1
5551	Q0	194373#3	0
5551	Q0	373817#0	0
5551	Q0	91429#0	0
5551	Q0	56750#31	0
5551	Q0	4495#2	0
5552	Q0	276930#2	1
5552	Q0	108645#11	1
5552	Q0	22924#44	1
5552	Q0	351878#1	1
5552	Q0	22924#46	0
5552	Q0	411629#1	0
5552	Q0	263861#6	0
5552	Q0	108645#21	0
5552	Q0	349802#1	0
5552	Q0	281196#4	0
5553	Q0	38951#0	1
5553	Q0	38951#1	1
5553	Q0	274078#0	1
5553	Q0	4472#10	1
5553	Q0	130953#22	1
5553	Q0	266099#0	1
5553	Q0	266099#8	1
5553	Q0	14325#0	0
5553	Q0	86159#1	0
5553	Q0	266099#10	0
5554	Q0	143254#2	1
5554	Q0	143254#6	1
5554	Q0	143254#4	1
5554	Q0	143254#12	1
5554	Q0	143254#10	1
5554	Q0	143254#11	1
5554	Q0	143254#7	0
5554	Q0	143254#1	0
5554	Q0	16437#2	0
5554	Q0	16437#40	0
5555	Q0	26227#3	1
5555	Q0	26227#0	1
5555	Q0	41388#0	1
5555	Q0	75684#3	1
5555	Q0	36312#9	1
5555	Q0	36312#0	0
5555	Q0	26227#1	0
5555	Q0	26227#2	0
5555	Q0	75684#15	0
5555	Q0	91368#0	0
5556	Q0	15424#12	1
5556	Q0	15424#21	1
5556	Q0	15424#8	1
5556	Q0	15424#2	1
5556	Q0	15424#13	1
5556	Q0	11255#5	0
5556	Q0	15424#17	0
5556	Q0	15424#20	0
5556	Q0	15424#0	0
5556	Q0	106210#0	0
5558	Q0	46176#1	1
5558	Q0	63704#0	1
5558	Q0	4391#114	0
5558	Q0	13979#0	0
5558	Q0	13982#1	0
5558	Q0	14235#0	0
5558	Q0	46176#0	0
5558	Q0	63702#0	0
5558	Q0	312545#5	0
5558	Q0	14506#0	0
5559	Q0	35#10	1
5559	Q0	11970#1	0
5559	Q0	11970#0	0
5559	Q0	11970#8	0
5559	Q0	11970#4	0
5559	Q0	253183#0	0
5559	Q0	11970#5	0
5559	Q0	11970#3	0
5559	Q0	278258#6	0
5559	Q0	185873#0	0
5561	Q0	225424#0	1
5561	Q0	225424#3	0
5561	Q0	13353#11	0
5561	Q0	225424#5	0
5561	Q0	225424#1	0
5561	Q0	225424#2	0
5561	Q0	225424#4	0
5561	Q0	225424#13	0
5561	Q0	225424#6	0
5561	Q0	225424#12	0
5562	Q0	889#32	1
5562	Q0	27780#1	1
5562	Q0	24165#11	0
5562	Q0	52163#0	0
5562	Q0	889#31	0
5562	Q0	3022#28	0
5562	Q0	4653#2	0
5562	Q0	4510#9	0
5562	Q0	27798#0	0
5562	Q0	49642#1	0
5564	Q0	4502#3	1
5564	Q0	270087#27	1
5564	Q0	4502#4	1
5564	Q0	263006#5	0
5564	Q0	236668#8	0
5564	Q0	19558#0	0
5564	Q0	4502#27	0
5564	Q0	4502#21	0
5564	Q0	434984#13	0
5564	Q0	6778#24	0
5565	Q0	83073#10	1
5565	Q0	83073#9	1
5565	Q0	43493#5	0
5565	Q0	27336#24	0
5565	Q0	348589#23	0
5565	Q0	21467#52	0
5565	Q0	19641#26	0
5565	Q0	218556#13	0
5565	Q0	313427#3	0
5565	Q0	218556#25	0
5566	Q0	51300#1	1
5566	Q0	273928#1	1
5566	Q0	75143#2	1
5566	Q0	102765#8	1
5566	Q0	286823#0	1
5566	Q0	3944#8	0
5566	Q0	318282#1	0
5566	Q0	101313#2	0
5566	Q0	20885#11	0
5566	Q0	78820#44	0
5568	Q0	339648#0	1
5568	Q0	13520#1	1
5568	Q0	82603#0	1
5568	Q0	213577#4	1
5568	Q0	240868#5	0
5568	Q0	5771#11	0
5568	Q0	3493#18	0
5568	Q0	13520#16	0
5568	Q0	36371#8	0
5568	Q0	13287#3	0
5569	Q0	3145#0	1
5569	Q0	266999#28	1
5569	Q0	18508#1	1
5569	Q0	190061#4	1
5569	Q0	266999#32	1
5569	Q0	103571#1	0
5569	Q0	103571#0	0
5569	Q0	3794#7	0
5569	Q0	221965#0	0
5569	Q0	3146#0	0
5571	Q0	33991#13	1
5571	Q0	44044#3	0
5571	Q0	33991#0	0
5571	Q0	33982#2	0
5571	Q0	33991#15	0
5571	Q0	33991#10	0
5571	Q0	33991#8	0
5571	Q0	33991#7	0
5571	Q0	33991#1	0
5571	Q0	33982#5	0
5572	Q0	13166#5	1
5572	Q0	13166#7	1
5572	Q0	198260#2	1
5572	Q0	13166#0	1
5572	Q0	13166#9	1
5572	Q0	13166#1	1
5572	Q0	13166#12	1
5572	Q0	13166#15	0
5572	Q0	13166#4	0
5572	Q0	13166#10	0
5574	Q0	748#36	1
5574	Q0	236785#16	1
5574	Q0	748#0	1
5574	Q0	2782#2	1
5574	Q0	259115#0	1
5574	Q0	19098#2	0
5574	Q0	26557#0	0
5574	Q0	127982#0	0
5574	Q0	26666#1	0
5574	Q0	27013#0	0
5576	Q0	21873#19	1
5576	Q0	21873#18	1
5576	Q0	57328#0	1
5576	Q0	21873#23	1
5576	Q0	405528#0	0
5576	Q0	76899#0	0
5576	Q0	21873#20	0
5576	Q0	178399#0	0
5576	Q0	56564#0	0
5576	Q0	153624#0	0
5578	Q0	6276#2	1
5578	Q0	6276#55	1
5578	Q0	6276#40	1
5578	Q0	6276#41	0
5578	Q0	6276#61	0
5578	Q0	6276#47	0
5578	Q0	6276#57	0
5578	Q0	62100#2	0
5578	Q0	6276#44	0
5578	Q0	6276#58	0
5580	Q0	349537#3	1
5580	Q0	349537#4	1
5580	Q0	349537#2	1
5580	Q0	159187#0	1
5580	Q0	25678#12	0
5580	Q0	349537#9	0
5580	Q0	25678#15	0
5580	Q0	349537#8	0
5580	Q0	25678#11	0
5580	Q0	25678#7	0
5581	Q0	236418#0	1
5581	Q0	236418#1	1
5581	Q0	307038#4	0
5581	Q0	204856#0	0
5581	Q0	221170#0	0
5581	Q0	371309#0	0
5581	Q0	378488#3	0
5581	Q0	231129#1	0
5581	Q0	3094#1	0
5581	Q0	254161#6	0
5582	Q0	6867#0	1
5582	Q0	4093#11	1
5582	Q0	37890#0	1
5582	Q0	6867#67	1
5582	Q0	6867#11	0
5582	Q0	58639#1	0
5582	Q0	6867#15	0
5582	Q0	159941#2	0
5582	Q0	6867#44	0
5582	Q0	395182#1	0
5588	Q0	25629#3	1
5588	Q0	526837#0	1
5588	Q0	76449#3	1
5588	Q0	72691#5	0
5588	Q0	72691#4	0
5588	Q0	79756#2	0
5588	Q0	255110#1	0
5588	Q0	70939#13	0
5588	Q0	2852#2	0
5588	Q0	120685#8	0
5589	Q0	131098#0	1
5589	Q0	23879#0	1
5589	Q0	7118#0	0
5589	Q0	131098#8	0
5589	Q0	12520#0	0
5589	Q0	4032#7	0
5589	Q0	84393#9	0
5589	Q0	10481#0	0
5589	Q0	23884#2	0
5589	Q0	131098#9	0
5591	Q0	25036#3	1
5591	Q0	14351#0	1
5591	Q0	25036#4	1
5591	Q0	25036#30	1
5591	Q0	25036#2	0
5591	Q0	83303#0	0
5591	Q0	25036#25	0
5591	Q0	65763#7	0
5591	Q0	263994#0	0
5591	Q0	4433#14	0
5591	Q0	1130#58	0
5591	Q0	76338#4	0
5591	Q0	25036#32	0
5593	Q0	232102#10	1
5593	Q0	232102#0	0
5593	Q0	48152#31	0
5593	Q0	370945#27	0
5593	Q0	232102#6	0
5593	Q0	232102#13	0
5593	Q0	232102#12	0
5593	Q0	74437#3	0
5593	Q0	24392#17	0
5593	Q0	232102#15	0
5594	Q0	4464#2	1
5594	Q0	13191#1	1
5594	Q0	242767#1	0
5594	Q0	420626#4	0
5594	Q0	1025#61	0
5594	Q0	1025#91	0
5594	Q0	317916#0	0
5594	Q0	236806#0	0
5594	Q0	16972#16	0
5594	Q0	420626#0	0
5596	Q0	3201#3	1
5596	Q0	3201#10	1
5596	Q0	3201#4	1
5596	Q0	3201#5	1
5596	Q0	3201#11	1
5596	Q0	3201#6	1
5596	Q0	3201#8	0
5596	Q0	20028#6	0
5596	Q0	246560#1	0
5596	Q0	246560#0	0
5598	Q0	795#7	1
5598	Q0	12539#37	1
5598	Q0	140274#21	1
5598	Q0	12539#4	1
5598	Q0	12539#38	0
5598	Q0	4397#3	0
5598	Q0	245353#0	0
5598	Q0	12539#56	0
5598	Q0	12539#44	0
5598	Q0	12539#72	0
5599	Q0	234872#13	1
5599	Q0	234872#7	1
5599	Q0	234872#23	1
5599	Q0	234872#2	1
5599	Q0	234872#25	1
5599	Q0	234833#1	0
5599	Q0	234872#11	0
5599	Q0	234872#21	0
5599	Q0	234872#1	0
5599	Q0	234872#10	0
5600	Q0	246716#12	1
5600	Q0	226103#66	0
5600	Q0	373152#2	0
5600	Q0	246716#2	0
5600	Q0	138427#0	0
5600	Q0	409342#8	0
5600	Q0	80104#57	0
5600	Q0	7005#42	0
5600	Q0	293273#0	0
5600	Q0	43809#0	0
5601	Q0	71355#0	1
5601	Q0	198416#9	1
5601	Q0	126100#3	1
5601	Q0	41209#6	1
5601	Q0	7801#54	0
5601	Q0	71355#5	0
5601	Q0	71355#2	0
5601	Q0	71355#4	0
5601	Q0	71355#6	0
5601	Q0	257603#0	0
5602	Q0	78434#2	1
5602	Q0	78434#4	1
5602	Q0	78434#0	1
5602	Q0	78434#1	0
5602	Q0	340491#3	0
5602	Q0	78434#19	0
5602	Q0	317199#3	0
5602	Q0	157096#1	0
5602	Q0	169610#2	0
5602	Q0	321138#1	0
5603	Q0	49723#0	1
5603	Q0	49723#4	1
5603	Q0	49723#2	0
5603	Q0	49723#11	0
5603	Q0	337656#0	0
5603	Q0	49723#8	0
5603	Q0	49723#6	0
5603	Q0	49723#13	0
5603	Q0	49723#9	0
5603	Q0	49723#12	0
5604	Q0	36701#0	1
5604	Q0	36701#7	0
5604	Q0	36701#1	0
5604	Q0	36701#10	0
5604	Q0	36701#2	0
5604	Q0	36701#6	0
5604	Q0	36701#4	0
5604	Q0	36701#11	0
5604	Q0	36701#3	0
5604	Q0	36701#5	0
5606	Q0	97593#16	1
5606	Q0	43187#12	1
5606	Q0	57028#4	1
5606	Q0	160154#5	0
5606	Q0	4064#27	0
5606	Q0	4070#19	0
5606	Q0	4061#68	0
5606	Q0	248085#1	0
5606	Q0	80889#2	0
5606	Q0	32653#12	0
5607	Q0	47683#0	1
5607	Q0	47683#11	0
5607	Q0	47683#24	0
5607	Q0	47683#6	0
5607	Q0	47683#23	0
5607	Q0	47683#10	0
5607	Q0	47683#1	0
5607	Q0	69210#7	0
5607	Q0	26727#3	0
5607	Q0	384280#0	0
5611	Q0	220971#0	1
5611	Q0	193260#5	1
5611	Q0	220971#10	1
5611	Q0	22924#7	1
5611	Q0	277101#3	0
5611	Q0	193260#7	0
5611	Q0	22924#89	0
5611	Q0	116883#0	0
5611	Q0	351878#3	0
5611	Q0	22924#4	0
5613	Q0	12702#0	1
5613	Q0	12702#1	1
5613	Q0	218351#14	0
5613	Q0	216971#5	0
5613	Q0	150962#10	0
5613	Q0	17#27	0
5613	Q0	79306#6	0
5613	Q0	226103#98	0
5613	Q0	25492#4	0
5613	Q0	122012#4	0
5614	Q0	8335#10	1
5614	Q0	8335#14	1
5614	Q0	688#3	1
5614	Q0	97776#0	1
5614	Q0	7295#1	1
5614	Q0	16060#4	1
5614	Q0	8335#2	1
5614	Q0	8335#3	1
5614	Q0	8335#0	0
5614	Q0	255178#0	0
5614	Q0	3876#2	0
5615	Q0	46615#0	1
5615	Q0	46615#2	0
5615	Q0	46615#9	0
5615	Q0	46615#6	0
5615	Q0	277429#3	0
5615	Q0	46615#19	0
5615	Q0	46615#3	0
5615	Q0	46615#10	0
5615	Q0	46615#20	0
5615	Q0	122031#2	0
5617	Q0	237155#8	1
5617	Q0	277702#8	1
5617	Q0	281653#4	1
5617	Q0	281648#9	1
5617	Q0	284309#1	1
5617	Q0	285802#3	0
5617	Q0	271280#10	0
5617	Q0	277702#0	0
5617	Q0	277702#5	0
5617	Q0	277701#8	0
5619	Q0	24705#0	1
5619	Q0	23906#30	1
5619	Q0	57557#0	1
5619	Q0	22080#2	1
5619	Q0	1898501#0	1
5619	Q0	1898501#1	1
5619	Q0	24336#5	0
5619	Q0	76653#0	0
5619	Q0	3207#36	0
5619	Q0	844#44	0
5619	Q0	24336#0	0
5619	Q0	3207#20	0
5620	Q0	133726#0	1
5620	Q0	133726#5	1
5620	Q0	4571#18	1
5620	Q0	4571#3	1
5620	Q0	133726#26	0
5620	Q0	133726#9	0
5620	Q0	133726#37	0
5620	Q0	133726#31	0
5620	Q0	133726#11	0
5620	Q0	133726#2	0
5621	Q0	45540#7	1
5621	Q0	12561#10	1
5621	Q0	260297#2	1
5621	Q0	831613#0	1
5621	Q0	831613#4	1
5621	Q0	33176#80	0
5621	Q0	32611#4	0
5621	Q0	19956#3	0
5621	Q0	19956#5	0
5621	Q0	33176#79	0
5621	Q0	249038#44	0
5621	Q0	12561#45	0
5622	Q0	65371#1	1
5622	Q0	157423#9	1
5622	Q0	157287#27	1
5622	Q0	42257#0	1
5622	Q0	157263#1	1
5622	Q0	4086#0	1
5622	Q0	4086#3	1
5622	Q0	65390#2	0
5622	Q0	4086#1	0
5622	Q0	157246#1	0
5622	Q0	4086#2	0
5622	Q0	157324#0	0
5624	Q0	22859#0	1
5624	Q0	942#3	1
5624	Q0	23405#0	1
5624	Q0	80534#1	1
5624	Q0	22718#0	1
5624	Q0	23364#1	0
5624	Q0	942#0	0
5624	Q0	22859#2	0
5624	Q0	22859#1	0
5624	Q0	19552#8	0
5625	Q0	8358#0	1
5625	Q0	311164#4	0
5625	Q0	8284#0	0
5625	Q0	23906#101	0
5625	Q0	28785#15	0
5625	Q0	5387#63	0
5625	Q0	8358#2	0
5625	Q0	18245#1	0
5625	Q0	8358#11	0
5625	Q0	10494#34	0
5626	Q0	4933#45	1
5626	Q0	166668#0	1
5626	Q0	394035#0	1
5626	Q0	149790#1	0
5626	Q0	41128#1	0
5626	Q0	424590#1	0
5626	Q0	338184#7	0
5626	Q0	147299#0	0
5626	Q0	3992#5	0
5626	Q0	337676#2	0
5627	Q0	149991#18	1
5627	Q0	78176#10	1
5627	Q0	149991#15	1
5627	Q0	43#2	1
5627	Q0	149991#11	1
5627	Q0	149991#6	0
5627	Q0	60879#25	0
5627	Q0	149991#8	0
5627	Q0	149991#0	0
5627	Q0	78176#11	0
5630	Q0	60556#0	1
5630	Q0	59330#0	0
5630	Q0	60556#19	0
5630	Q0	151054#17	0
5630	Q0	60556#1	0
5630	Q0	60556#2	0
5630	Q0	38659#0	0
5630	Q0	60556#15	0
5630	Q0	60556#7	0
5630	Q0	60556#4	0
5632	Q0	33176#79	1
5632	Q0	12561#0	1
5632	Q0	199791#2	1
5632	Q0	6342#4	1
5632	Q0	33176#80	1
5632	Q0	12091#4	0
5632	Q0	19956#4	0
5632	Q0	12561#11	0
5632	Q0	12561#42	0
5632	Q0	274691#1	0
5633	Q0	199770#0	1
5633	Q0	228543#4	0
5633	Q0	258484#0	0
5633	Q0	14915#0	0
5633	Q0	5695#0	0
5633	Q0	14616#5	0
5633	Q0	115707#0	0
5633	Q0	43776#0	0
5633	Q0	228543#9	0
5633	Q0	387915#8	0
5634	Q0	16849#0	1
5634	Q0	211490#0	1
5634	Q0	16849#24	1
5634	Q0	211490#29	1
5634	Q0	16849#25	1
5634	Q0	78480#0	1
5634	Q0	22117#2	1
5634	Q0	22117#3	1
5634	Q0	22117#1	1
5634	Q0	22117#4	1
5634	Q0	22117#5	0
5634	Q0	211490#8	0
5634	Q0	16849#1	0
5634	Q0	105208#0	0
5635	Q0	388063#3	1
5635	Q0	388063#5	0
5635	Q0	388063#8	0
5635	Q0	388063#0	0
5635	Q0	388063#24	0
5635	Q0	388063#6	0
5635	Q0	388063#15	0
5635	Q0	388063#9	0
5635	Q0	388063#11	0
5635	Q0	388063#4	0
5636	Q0	33#0	1
5636	Q0	33#3	1
5636	Q0	325681#0	1
5636	Q0	33#51	1
5636	Q0	350073#0	1
5636	Q0	33#30	1
5636	Q0	33#43	0
5636	Q0	33#46	0
5636	Q0	33#65	0
5636	Q0	13999#10	0
5638	Q0	192897#0	1
5638	Q0	16185#0	1
5638	Q0	183782#0	1
5638	Q0	13603#11	1
5638	Q0	159732#0	1
5638	Q0	234207#2	0
5638	Q0	188234#12	0
5638	Q0	317585#50	0
5638	Q0	6274#2	0
5638	Q0	16185#2	0
5639	Q0	911791#15	1
5639	Q0	221003#6	0
5639	Q0	110723#5	0
5639	Q0	221003#7	0
5639	Q0	328255#0	0
5639	Q0	340268#0	0
5639	Q0	358589#3	0
5639	Q0	3324#8	0
5639	Q0	202308#0	0
5639	Q0	300129#33	0
5641	Q0	71879#16	1
5641	Q0	72259#30	0
5641	Q0	71879#12	0
5641	Q0	71879#14	0
5641	Q0	71879#15	0
5641	Q0	71879#17	0
5641	Q0	273759#14	0
5641	Q0	286341#15	0
5641	Q0	360789#7	0
5641	Q0	207597#0	0
5642	Q0	6972#7	1
5642	Q0	430538#2	0
5642	Q0	514040#10	0
5642	Q0	3803#9	0
5642	Q0	197343#31	0
5642	Q0	396324#7	0
5642	Q0	41922#2	0
5642	Q0	204395#0	0
5642	Q0	396324#13	0
5642	Q0	396324#15	0
5643	Q0	261423#1	1
5643	Q0	20500#3	1
5643	Q0	340199#8	1
5643	Q0	31379#9	0
5643	Q0	30822#5	0
5643	Q0	265393#27	0
5643	Q0	153356#5	0
5643	Q0	93423#6	0
5643	Q0	245867#0	0
5643	Q0	227783#1	0
5645	Q0	140750#0	1
5645	Q0	140750#13	1
5645	Q0	441702#7	0
5645	Q0	441702#2	0
5645	Q0	441702#8	0
5645	Q0	441702#3	0
5645	Q0	441702#4	0
5645	Q0	140750#39	0
5645	Q0	140750#35	0
5645	Q0	441702#5	0
5648	Q0	161224#4	1
5648	Q0	161224#6	1
5648	Q0	161224#1	1
5648	Q0	161224#7	1
5648	Q0	220734#0	0
5648	Q0	193229#0	0
5648	Q0	35639#4	0
5648	Q0	194674#0	0
5648	Q0	161224#0	0
5648	Q0	19588#1	0
5648	Q0	429968#1	0
5648	Q0	195685#9	0
5648	Q0	246249#52	0
5650	Q0	1099152#0	1
5650	Q0	76374#20	0
5650	Q0	188659#4	0
5650	Q0	19641#26	0
5650	Q0	250888#0	0
5650	Q0	252859#12	0
5650	Q0	52374#7	0
5650	Q0	1124#1	0
5650	Q0	188659#3	0
5650	Q0	127738#26	0
5651	Q0	198412#0	1
5651	Q0	321669#0	0
5651	Q0	120174#0	0
5651	Q0	81282#0	0
5651	Q0	2387494#0	0
5651	Q0	2734#13	0
5651	Q0	226434#0	0
5651	Q0	181104#4	0
5651	Q0	68692#17	0
5651	Q0	195685#6	0
5654	Q0	31183#0	1
5654	Q0	31183#9	1
5654	Q0	31183#1	1
5654	Q0	31183#3	1
5654	Q0	31183#6	0
5654	Q0	57962#14	0
5654	Q0	31183#10	0
5654	Q0	260414#3	0
5654	Q0	51193#1	0
5654	Q0	31183#5	0
5655	Q0	53464#44	1
5655	Q0	269837#24	1
5655	Q0	269837#21	1
5655	Q0	53464#45	1
5655	Q0	65385#3	0
5655	Q0	4086#10	0
5655	Q0	105795#8	0
5655	Q0	85310#88	0
5655	Q0	269837#8	0
5655	Q0	157285#6	0
5656	Q0	152263#5	1
5656	Q0	5011#4	1
5656	Q0	146462#0	1
5656	Q0	4533#99	1
5656	Q0	4533#94	1
5656	Q0	247335#0	0
5656	Q0	149386#8	0
5656	Q0	138699#13	0
5656	Q0	152263#21	0
5656	Q0	4533#10	0
5656	Q0	138699#0	0
5656	Q0	138699#16	0
5657	Q0	138459#2	1
5657	Q0	997605#0	1
5657	Q0	297462#0	0
5657	Q0	297462#1	0
5657	Q0	176452#5	0
5657	Q0	176452#0	0
5657	Q0	20219#5	0
5657	Q0	176452#4	0
5657	Q0	28711#0	0
5657	Q0	3235#4	0
5658	Q0	226157#39	1
5658	Q0	226157#30	1
5658	Q0	226157#0	1
5658	Q0	226157#1	0
5658	Q0	226157#28	0
5658	Q0	226157#24	0
5658	Q0	226157#40	0
5658	Q0	226157#13	0
5658	Q0	226157#37	0
5658	Q0	197353#30	0
5659	Q0	176578#0	1
5659	Q0	176578#1	1
5659	Q0	428571#0	1
5659	Q0	322585#0	1
5659	Q0	176578#8	0
5659	Q0	4373#97	0
5659	Q0	176578#7	0
5659	Q0	176578#4	0
5659	Q0	232125#0	0
5659	Q0	26638#1	0
5660	Q0	22426#0	1
5660	Q0	27935#29	1
5660	Q0	22426#3	0
5660	Q0	22426#20	0
5660	Q0	3493#37	0
5660	Q0	7896#0	0
5660	Q0	369628#0	0
5660	Q0	13263#108	0
5660	Q0	22426#17	0
5660	Q0	70344#0	0
5661	Q0	19439#43	1
5661	Q0	318965#39	1
5661	Q0	318965#38	1
5661	Q0	318965#40	1
5661	Q0	19439#39	1
5661	Q0	318980#18	1
5661	Q0	19439#38	0
5661	Q0	126636#14	0
5661	Q0	126636#15	0
5661	Q0	350794#4	0
5662	Q0	201813#6	1
5662	Q0	4571#0	1
5662	Q0	133726#1	0
5662	Q0	78820#7	0
5662	Q0	133726#0	0
5662	Q0	278271#33	0
5662	Q0	432838#11	0
5662	Q0	4571#18	0
5662	Q0	4419#48	0
5662	Q0	14380#16	0
5663	Q0	3127#0	1
5663	Q0	24705#12	1
5663	Q0	213743#1	1
5663	Q0	3127#21	1
5663	Q0	3127#25	0
5663	Q0	58939#0	0
5663	Q0	416237#6	0
5663	Q0	120494#0	0
5663	Q0	3127#19	0
5663	Q0	3127#22	0
5664	Q0	135655#2	1
5664	Q0	135655#0	1
5664	Q0	12754#6	1
5664	Q0	283522#1	1
5664	Q0	283043#0	1
5664	Q0	135655#1	0
5664	Q0	198046#19	0
5664	Q0	135983#0	0
5664	Q0	79419#1	0
5664	Q0	395285#2	0
5665	Q0	67294#21	1
5665	Q0	4040#20	1
5665	Q0	3771#36	1
5665	Q0	11852#7	0
5665	Q0	4113#18	0
5665	Q0	44#4	0
5665	Q0	11023#0	0
5665	Q0	49489#6	0
5665	Q0	3766#22	0
5665	Q0	52#38	0
5666	Q0	351870#0	1
5666	Q0	351865#0	1
5666	Q0	735#0	0
5666	Q0	735#9	0
5666	Q0	735#33	0
5666	Q0	735#2	0
5666	Q0	735#6	0
5666	Q0	735#17	0
5666	Q0	735#1	0
5666	Q0	307136#0	0
5667	Q0	22892#1	1
5667	Q0	13852#0	0
5667	Q0	401122#3	0
5667	Q0	12365#3	0
5667	Q0	22889#0	0
5667	Q0	12365#2	0
5667	Q0	81186#0	0
5667	Q0	12365#5	0
5667	Q0	22892#4	0
5667	Q0	413250#2	0
5670	Q0	213470#7	1
5670	Q0	1011#13	1
5670	Q0	1014#5	1
5670	Q0	889#68	1
5670	Q0	57720#0	1
5670	Q0	213470#1	0
5670	Q0	213470#6	0
5670	Q0	213470#4	0
5670	Q0	38980#0	0
5670	Q0	20622#11	0
5671	Q0	14059#1	1
5671	Q0	4650#8	1
5671	Q0	4650#2	1
5671	Q0	4650#0	1
5671	Q0	231722#15	1
5671	Q0	49501#9	0
5671	Q0	43464#0	0
5671	Q0	389420#6	0
5671	Q0	4642#0	0
5671	Q0	50238#16	0
5672	Q0	2500692#0	1
5672	Q0	387316#3	0
5672	Q0	99910#0	0
5672	Q0	27614#13	0
5672	Q0	302220#2	0
5672	Q0	3235#4	0
5672	Q0	81282#1	0
5672	Q0	214219#1	0
5672	Q0	232352#28	0
5672	Q0	5016#4	0
5674	Q0	24600#0	1
5674	Q0	24600#45	1
5674	Q0	24600#46	1
5674	Q0	24600#20	1
5674	Q0	5852#4	1
5674	Q0	24600#16	0
5674	Q0	24600#48	0
5674	Q0	24600#13	0
5674	Q0	24600#12	0
5674	Q0	24600#24	0
5676	Q0	232352#25	1
5676	Q0	232352#3	1
5676	Q0	9885#4	0
5676	Q0	10627#22	0
5676	Q0	429930#1	0
5676	Q0	232352#31	0
5676	Q0	125400#6	0
5676	Q0	232352#35	0
5676	Q0	117057#0	0
5676	Q0	16460#6	0
5677	Q0	9179#9	1
5677	Q0	4341#0	1
5677	Q0	12849#3	1
5677	Q0	337523#0	1
5677	Q0	9179#4	1
5677	Q0	12849#25	1
5677	Q0	12849#12	0
5677	Q0	12849#31	0
5677	Q0	9179#72	0
5677	Q0	47204#1	0
5678	Q0	889#43	1
5678	Q0	6092#0	1
5678	Q0	6092#1	1
5678	Q0	6092#2	0
5678	Q0	889#0	0
5678	Q0	4650#1	0
5678	Q0	889#36	0
5678	Q0	21351#1	0
5678	Q0	79278#0	0
5678	Q0	18612#21	0
5678	Q0	18743#0	0
5678	Q0	889#5	0
5684	Q0	16916#2	1
5684	Q0	6317#5	1
5684	Q0	6317#26	1
5684	Q0	16913#23	1
5684	Q0	69008#31	1
5684	Q0	6317#1	1
5684	Q0	6317#4	1
5684	Q0	16913#1	0
5684	Q0	6317#0	0
5684	Q0	16849#1	0
5684	Q0	18471#0	0
5684	Q0	323270#0	0
5687	Q0	55823#9	1
5687	Q0	20143#3	1
5687	Q0	44791#0	1
5687	Q0	3086#31	1
5687	Q0	40613#0	1
5687	Q0	266107#5	0
5687	Q0	97364#5	0
5687	Q0	44791#3	0
5687	Q0	3086#2	0
5687	Q0	82#45	0
5688	Q0	161361#0	1
5688	Q0	214824#0	1
5688	Q0	214824#4	1
5688	Q0	23818#0	1
5688	Q0	15028#2	1
5688	Q0	214824#3	0
5688	Q0	33176#18	0
5688	Q0	15230#5	0
5688	Q0	246434#1	0
5688	Q0	31437#0	0
5689	Q0	29022#0	1
5689	Q0	14943#11	1
5689	Q0	844#29	0
5689	Q0	29022#2	0
5689	Q0	26969#2	0
5689	Q0	29022#11	0
5689	Q0	217188#1	0
5689	Q0	27284#1	0
5689	Q0	363947#0	0
5689	Q0	29022#3	0
5690	Q0	41934#1	1
5690	Q0	41934#0	0
5690	Q0	41934#2	0
5690	Q0	41934#7	0
5690	Q0	41934#3	0
5690	Q0	41934#4	0
5690	Q0	6816#1	0
5690	Q0	12018#9	0
5690	Q0	233892#0	0
5690	Q0	2648#18	0
5691	Q0	16261#1	1
5691	Q0	16261#0	1
5691	Q0	16261#3	1
5691	Q0	16261#5	1
5691	Q0	16261#28	0
5691	Q0	16261#6	0
5691	Q0	16261#4	0
5691	Q0	16261#10	0
5691	Q0	6236#0	0
5691	Q0	16261#27	0
5693	Q0	306326#13	1
5693	Q0	306326#5	1
5693	Q0	307039#5	1
5693	Q0	277701#3	1
5693	Q0	289404#0	0
5693	Q0	298687#2	0
5693	Q0	306326#8	0
5693	Q0	266092#24	0
5693	Q0	298271#0	0
5693	Q0	278483#1	0
5694	Q0	1107869#17	1
5694	Q0	33256#5	0
5694	Q0	3992#5	0
5694	Q0	269896#0	0
5694	Q0	250866#23	0
5694	Q0	345273#0	0
5694	Q0	270319#2	0
5694	Q0	357906#0	0
5694	Q0	25513#0	0
5694	Q0	318241#5	0
5695	Q0	21291#3	1
5695	Q0	21291#2	1
5695	Q0	21291#0	1
5695	Q0	21291#30	1
5695	Q0	210593#2	1
5695	Q0	21291#1	0
5695	Q0	21291#13	0
5695	Q0	21291#16	0
5695	Q0	21291#23	0
5695	Q0	15343#17	0
5696	Q0	28663#0	1
5696	Q0	322916#0	1
5696	Q0	28663#1	0
5696	Q0	136471#0	0
5696	Q0	3098#1	0
5696	Q0	346728#1	0
5696	Q0	51021#0	0
5696	Q0	57412#0	0
5696	Q0	21675#15	0
5696	Q0	323572#0	0
5697	Q0	93762#0	1
5697	Q0	44436#0	1
5697	Q0	6153#18	1
5697	Q0	13765#53	0
5697	Q0	51428#0	0
5697	Q0	290006#7	0
5697	Q0	14228#1	0
5697	Q0	321955#4	0
5697	Q0	2985#13	0
5697	Q0	48511#0	0
5698	Q0	432378#0	1
5698	Q0	4522#1	1
5698	Q0	74123#0	1
5698	Q0	65262#2	0
5698	Q0	260400#4	0
5698	Q0	10702#1	0
5698	Q0	432378#2	0
5698	Q0	197168#0	0
5698	Q0	432378#14	0
5698	Q0	57922#2	0
5699	Q0	78820#13	1
5699	Q0	78820#5	1
5699	Q0	9150#3	1
5699	Q0	8462#55	1
5699	Q0	78820#18	1
5699	Q0	264046#0	1
5699	Q0	78820#16	0
5699	Q0	9150#8	0
5699	Q0	437794#0	0
5699	Q0	59930#21	0
5700	Q0	23906#103	1
5700	Q0	146698#8	1
5700	Q0	44#21	1
5700	Q0	50#46	1
5700	Q0	246085#2	1
5700	Q0	23906#71	0
5700	Q0	264620#1	0
5700	Q0	146698#7	0
5700	Q0	72469#9	0
5700	Q0	10429#48	0
5702	Q0	317209#6	1
5702	Q0	317209#0	1
5702	Q0	317209#8	1
5702	Q0	317209#5	1
5702	Q0	317210#0	1
5702	Q0	317209#1	0
5702	Q0	317209#2	0
5702	Q0	317209#3	0
5702	Q0	317209#7	0
5702	Q0	317209#4	0
5703	Q0	72203#4	1
5703	Q0	91356#4	1
5703	Q0	36071#3	1
5703	Q0	4113#27	0
5703	Q0	91015#1	0
5703	Q0	91795#4	0
5703	Q0	112535#2	0
5703	Q0	97761#11	0
5703	Q0	72203#2	0
5703	Q0	838#17	0
5704	Q0	27008#9	1
5704	Q0	27008#8	1
5704	Q0	27008#11	1
5704	Q0	27008#10	1
5704	Q0	27008#2	1
5704	Q0	23699#30	0
5704	Q0	15753#39	0
5704	Q0	27008#24	0
5704	Q0	27008#12	0
5704	Q0	23699#15	0
5708	Q0	394831#5	1
5708	Q0	6888#5	1
5708	Q0	6034#2	1
5708	Q0	40030#7	1
5708	Q0	6034#23	1
5708	Q0	226007#13	0
5708	Q0	38974#0	0
5708	Q0	394831#4	0
5708	Q0	6034#7	0
5708	Q0	229474#1	0
5709	Q0	39623#4	1
5709	Q0	3178#6	1
5709	Q0	798#18	1
5709	Q0	798#2	0
5709	Q0	2848#1	0
5709	Q0	798#1	0
5709	Q0	271050#4	0
5709	Q0	63649#6	0
5709	Q0	74810#0	0
5709	Q0	203285#4	0
5710	Q0	146698#15	1
5710	Q0	8106#0	1
5710	Q0	106071#0	1
5710	Q0	107968#4	0
5710	Q0	8106#5	0
5710	Q0	184512#0	0
5710	Q0	149623#1	0
5710	Q0	12384#1	0
5710	Q0	108617#12	0
5710	Q0	280645#6	0
5711	Q0	134684#0	1
5711	Q0	258929#0	0
5711	Q0	4642#0	0
5711	Q0	4399#19	0
5711	Q0	4397#7	0
5711	Q0	270592#6	0
5711	Q0	16684#0	0
5711	Q0	258652#0	0
5711	Q0	4397#0	0
5711	Q0	365564#6	0
5718	Q0	61132#0	1
5718	Q0	63008#0	0
5718	Q0	62479#0	0
5718	Q0	103332#0	0
5718	Q0	135500#0	0
5718	Q0	135503#0	0
5718	Q0	135508#0	0
5718	Q0	2739#5	0
5718	Q0	135499#0	0
5718	Q0	61132#23	0
5720	Q0	78991#1	1
5720	Q0	394916#0	1
5720	Q0	78991#0	1
5720	Q0	240888#1	0
5720	Q0	218211#14	0
5720	Q0	417740#1	0
5720	Q0	18508#7	0
5720	Q0	5989#3	0
5720	Q0	36295#3	0
5720	Q0	51353#1	0
5722	Q0	6413#14	1
5722	Q0	6413#15	1
5722	Q0	225306#0	1
5722	Q0	225306#4	1
5722	Q0	225306#3	1
5722	Q0	6449#0	1
5722	Q0	6459#3	0
5722	Q0	6413#17	0
5722	Q0	33176#22	0
5722	Q0	284027#5	0
5723	Q0	3981#8	1
5723	Q0	78257#5	1
5723	Q0	27484#17	1
5723	Q0	11496#44	1
5723	Q0	155888#37	1
5723	Q0	267280#10	1
5723	Q0	25612#37	1
5723	Q0	145425#1	1
5723	Q0	239241#19	0
5723	Q0	4615#7	0
5725	Q0	21873#0	1
5725	Q0	150238#1	1
5725	Q0	204143#6	1
5725	Q0	164585#0	1
5725	Q0	60029#1	1
5725	Q0	62699#0	1
5725	Q0	62699#6	1
5725	Q0	62699#5	1
5725	Q0	62699#1	1
5725	Q0	204143#5	0
5725	Q0	204364#0	0
5725	Q0	159899#0	0
5725	Q0	76856#15	0
5725	Q0	25016#2	0
5727	Q0	344724#7	1
5727	Q0	3811#12	1
5727	Q0	10429#70	1
5727	Q0	3811#14	0
5727	Q0	3811#13	0
5727	Q0	318817#6	0
5727	Q0	3556#7	0
5727	Q0	7841#10	0
5727	Q0	169633#2	0
5727	Q0	51568#15	0
5728	Q0	237005#0	1
5728	Q0	254968#13	1
5728	Q0	351784#52	1
5728	Q0	237005#17	0
5728	Q0	346896#80	0
5728	Q0	237005#14	0
5728	Q0	237005#18	0
5728	Q0	245885#14	0
5728	Q0	140400#17	0
5728	Q0	140400#16	0
5729	Q0	4107#19	1
5729	Q0	63238#23	1
5729	Q0	4064#18	1
5729	Q0	17412#9	0
5729	Q0	124269#0	0
5729	Q0	30496#3	0
5729	Q0	50#40	0
5729	Q0	17412#2	0
5729	Q0	28055#2	0
5729	Q0	44998#3	0
5733	Q0	6754#1	1
5733	Q0	321669#1	1
5733	Q0	14131#6	1
5733	Q0	77298#2	1
5733	Q0	440676#2	1
5733	Q0	302301#8	1
5733	Q0	274141#0	1
5733	Q0	125681#30	0
5733	Q0	14127#8	0
5733	Q0	203297#4	0
5735	Q0	431398#0	1
5735	Q0	431398#4	0
5735	Q0	431398#3	0
5735	Q0	431398#8	0
5735	Q0	431398#1	0
5735	Q0	431398#2	0
5735	Q0	431398#5	0
5735	Q0	431398#6	0
5735	Q0	431398#9	0
5735	Q0	431398#7	0
5736	Q0	2930#6	1
5736	Q0	2930#1	1
5736	Q0	2930#24	1
5736	Q0	250010#5	1
5736	Q0	127207#4	1
5736	Q0	153429#3	1
5736	Q0	82#22	1
5736	Q0	2930#3	0
5736	Q0	2930#23	0
5736	Q0	2930#4	0
5738	Q0	3173#0	1
5738	Q0	3172#0	1
5738	Q0	3173#1	0
5738	Q0	3173#3	0
5738	Q0	53791#9	0
5738	Q0	361986#5	0
5738	Q0	11972#30	0
5738	Q0	415878#6	0
5738	Q0	361986#3	0
5738	Q0	3173#2	0
5739	Q0	379734#0	1
5739	Q0	379734#4	1
5739	Q0	69008#25	1
5739	Q0	379734#1	0
5739	Q0	69008#12	0
5739	Q0	379734#3	0
5739	Q0	28534#0	0
5739	Q0	17382#2	0
5739	Q0	403871#6	0
5739	Q0	69008#1	0
5741	Q0	23584#0	1
5741	Q0	3992#5	0
5741	Q0	268319#1	0
5741	Q0	25727#16	0
5741	Q0	92512#0	0
5741	Q0	24433#0	0
5741	Q0	219773#1	0
5741	Q0	209863#0	0
5741	Q0	109904#2	0
5741	Q0	300886#15	0
5742	Q0	629858#3	1
5742	Q0	432687#0	0
5742	Q0	81282#0	0
5742	Q0	3037#0	0
5742	Q0	226434#0	0
5742	Q0	84608#0	0
5742	Q0	80075#0	0
5742	Q0	184121#0	0
5742	Q0	55950#0	0
5742	Q0	136071#0	0
5743	Q0	77022#0	1
5743	Q0	320047#0	1
5743	Q0	320047#11	1
5743	Q0	40230#15	1
5743	Q0	320047#1	0
5743	Q0	752#8	0
5743	Q0	3022#28	0
5743	Q0	81282#0	0
5743	Q0	226434#0	0
5743	Q0	84608#0	0
5744	Q0	72724#4	1
5744	Q0	4448#12	1
5744	Q0	121721#0	1
5744	Q0	72724#2	1
5744	Q0	72724#10	0
5744	Q0	72724#3	0
5744	Q0	68#12	0
5744	Q0	41233#0	0
5744	Q0	44#39	0
5744	Q0	420774#1	0
5745	Q0	4499#0	1
5745	Q0	262626#12	1
5745	Q0	262626#3	1
5745	Q0	293850#0	1
5745	Q0	217102#0	1
5745	Q0	262626#11	0
5745	Q0	352107#0	0
5745	Q0	48549#8	0
5745	Q0	352107#2	0
5745	Q0	120458#12	0
5746	Q0	6276#8	1
5746	Q0	62101#0	1
5746	Q0	6276#1	1
5746	Q0	6276#11	1
5746	Q0	6276#49	1
5746	Q0	6276#13	1
5746	Q0	6276#44	0
5746	Q0	6276#43	0
5746	Q0	62100#0	0
5746	Q0	6276#61	0
5747	Q0	13535#22	1
5747	Q0	13535#15	1
5747	Q0	13535#24	1
5747	Q0	13535#25	0
5747	Q0	13535#26	0
5747	Q0	70774#9	0
5747	Q0	13535#39	0
5747	Q0	13535#1	0
5747	Q0	13535#43	0
5747	Q0	13535#27	0
5748	Q0	98796#5	1
5748	Q0	98796#2	0
5748	Q0	98796#8	0
5748	Q0	98796#28	0
5748	Q0	98796#3	0
5748	Q0	98796#4	0
5748	Q0	98796#17	0
5748	Q0	98796#16	0
5748	Q0	98796#11	0
5748	Q0	98796#9	0
5750	Q0	14904#4	1
5750	Q0	411372#0	1
5750	Q0	108128#3	1
5750	Q0	14904#0	0
5750	Q0	17626#0	0
5750	Q0	221230#8	0
5750	Q0	51750#0	0
5750	Q0	14904#3	0
5750	Q0	17626#1	0
5750	Q0	14904#1	0
5752	Q0	9036#2	1
5752	Q0	129050#0	1
5752	Q0	16424#0	1
5752	Q0	103363#0	1
5752	Q0	252221#0	1
5752	Q0	5141#12	0
5752	Q0	91368#0	0
5752	Q0	222448#0	0
5752	Q0	8104#6	0
5752	Q0	44#39	0
5753	Q0	17131#15	1
5753	Q0	331551#1	1
5753	Q0	111120#2	1
5753	Q0	18798#6	1
5753	Q0	19460#29	0
5753	Q0	264620#39	0
5753	Q0	24840#17	0
5753	Q0	17131#16	0
5753	Q0	111515#9	0
5753	Q0	16097#0	0
5754	Q0	147340#37	1
5754	Q0	147340#40	1
5754	Q0	147340#42	1
5754	Q0	147340#160	1
5754	Q0	147340#2	0
5754	Q0	147340#69	0
5754	Q0	147340#81	0
5754	Q0	147340#154	0
5754	Q0	147340#35	0
5754	Q0	61029#8	0
5755	Q0	3170#0	1
5755	Q0	64#12	1
5755	Q0	64#6	1
5755	Q0	34098#1	1
5755	Q0	4332#2	0
5755	Q0	64#22	0
5755	Q0	9057#0	0
5755	Q0	64#7	0
5755	Q0	64#13	0
5755	Q0	44179#1	0
5756	Q0	130096#6	1
5756	Q0	236249#3	1
5756	Q0	56192#6	0
5756	Q0	124032#16	0
5756	Q0	129697#2	0
5756	Q0	6380#10	0
5756	Q0	226007#7	0
5756	Q0	56192#7	0
5756	Q0	1020#1	0
5756	Q0	1020#2	0
5758	Q0	157397#1	1
5758	Q0	4086#29	1
5758	Q0	94561#13	1
5758	Q0	157235#2	0
5758	Q0	157435#3	0
5758	Q0	157335#6	0
5758	Q0	65387#1	0
5758	Q0	157330#163	0
5758	Q0	157235#3	0
5758	Q0	157295#1	0
5759	Q0	20018#0	1
5759	Q0	57278#5	1
5759	Q0	209403#6	1
5759	Q0	20018#34	1
5759	Q0	20018#20	1
5759	Q0	85094#0	0
5759	Q0	20018#43	0
5759	Q0	20018#38	0
5759	Q0	20018#40	0
5759	Q0	20018#15	0
5760	Q0	34680#0	1
5760	Q0	34680#2	0
5760	Q0	280461#0	0
5760	Q0	5146#6	0
5760	Q0	34680#3	0
5760	Q0	280437#0	0
5760	Q0	34680#7	0
5760	Q0	34680#42	0
5760	Q0	34680#36	0
5760	Q0	34680#30	0
5761	Q0	12539#3	1
5761	Q0	12539#7	1
5761	Q0	12539#8	1
5761	Q0	12539#0	1
5761	Q0	293751#1	0
5761	Q0	29492#36	0
5761	Q0	337117#1	0
5761	Q0	190138#41	0
5761	Q0	16344#1	0
5761	Q0	12539#15	0
5761	Q0	12539#12	0
5761	Q0	12539#5	0
5761	Q0	12539#1	0
5762	Q0	6317#3	1
5762	Q0	69008#7	1
5762	Q0	153944#0	1
5762	Q0	69008#13	0
5762	Q0	22117#3	0
5762	Q0	243312#1	0
5762	Q0	338233#0	0
5762	Q0	16849#25	0
5762	Q0	186626#0	0
5762	Q0	399663#2	0
5763	Q0	4022#4	1
5763	Q0	27250#3	1
5763	Q0	27250#14	1
5763	Q0	27250#0	1
5763	Q0	4022#2	0
5763	Q0	4022#7	0
5763	Q0	27250#11	0
5763	Q0	27250#6	0
5763	Q0	27250#4	0
5763	Q0	27250#15	0
5765	Q0	4251#2	1
5765	Q0	4251#1	1
5765	Q0	4251#10	1
5765	Q0	4624#3	0
5765	Q0	3987#1	0
5765	Q0	430760#0	0
5765	Q0	3983#10	0
5765	Q0	4251#7	0
5765	Q0	4196#32	0
5765	Q0	4214#3	0
5766	Q0	80698#0	1
5766	Q0	4097#25	0
5766	Q0	43401#3	0
5766	Q0	97628#2	0
5766	Q0	21557#23	0
5766	Q0	169681#0	0
5766	Q0	4168#17	0
5766	Q0	169882#1	0
5766	Q0	94139#12	0
5766	Q0	54029#4	0
5767	Q0	76374#0	1
5767	Q0	76374#49	0
5767	Q0	76374#17	0
5767	Q0	76374#53	0
5767	Q0	76374#50	0
5767	Q0	76374#47	0
5767	Q0	76374#42	0
5767	Q0	76374#36	0
5767	Q0	76374#10	0
5767	Q0	76374#51	0
5768	Q0	20996#10	1
5768	Q0	8335#16	1
5768	Q0	3876#1	1
5768	Q0	20478#38	1
5768	Q0	3876#11	1
5768	Q0	3876#24	0
5768	Q0	21658#0	0
5768	Q0	3876#4	0
5768	Q0	3876#6	0
5768	Q0	3876#22	0
5770	Q0	263859#5	1
5770	Q0	7210#1	1
5770	Q0	263859#0	1
5770	Q0	9036#2	0
5770	Q0	44#39	0
5770	Q0	3771#25	0
5770	Q0	4017#4	0
5770	Q0	5141#12	0
5770	Q0	8349#0	0
5770	Q0	3777#23	0
5771	Q0	911791#2	1
5771	Q0	76374#35	0
5771	Q0	3399#0	0
5771	Q0	216897#0	0
5771	Q0	202308#0	0
5771	Q0	300129#33	0
5771	Q0	143755#26	0
5771	Q0	82321#17	0
5771	Q0	328607#19	0
5771	Q0	433155#28	0
5773	Q0	10795#0	1
5773	Q0	10795#4	1
5773	Q0	4123#9	0
5773	Q0	10499#15	0
5773	Q0	284777#6	0
5773	Q0	10809#2	0
5773	Q0	213205#9	0
5773	Q0	124780#1	0
5773	Q0	7090#4	0
5773	Q0	4118#10	0
5774	Q0	407874#0	1
5774	Q0	389826#0	1
5774	Q0	6763#17	1
5774	Q0	222914#4	1
5774	Q0	82020#14	1
5774	Q0	44#67	0
5774	Q0	36472#0	0
5774	Q0	4403#61	0
5774	Q0	240772#0	0
5774	Q0	36710#0	0
5775	Q0	24870#1	1
5775	Q0	24870#0	0
5775	Q0	192926#1	0
5775	Q0	328607#19	0
5775	Q0	262758#0	0
5775	Q0	347679#0	0
5775	Q0	152301#0	0
5775	Q0	235541#0	0
5775	Q0	197839#0	0
5775	Q0	200508#3	0
5776	Q0	4060#14	1
5776	Q0	195640#0	0
5776	Q0	202718#0	0
5776	Q0	28349#6	0
5776	Q0	203262#0	0
5776	Q0	259085#0	0
5776	Q0	123188#0	0
5776	Q0	25599#0	0
5776	Q0	372462#0	0
5776	Q0	272272#3	0
5777	Q0	35051#0	1
5777	Q0	337353#10	1
5777	Q0	337353#9	1
5777	Q0	3097#6	1
5777	Q0	48511#0	1
5777	Q0	26300#3	0
5777	Q0	13906#24	0
5777	Q0	48760#3	0
5777	Q0	35051#31	0
5777	Q0	16384#10	0
5779	Q0	6276#2	1
5779	Q0	6276#40	1
5779	Q0	127449#71	1
5779	Q0	6276#44	0
5779	Q0	127449#73	0
5779	Q0	6276#61	0
5779	Q0	127449#72	0
5779	Q0	27356#3	0
5779	Q0	6276#41	0
5779	Q0	6276#42	0
5781	Q0	279626#1	1
5781	Q0	279626#0	1
5781	Q0	190160#9	0
5781	Q0	344640#0	0
5781	Q0	133594#0	0
5781	Q0	264013#0	0
5781	Q0	3235#4	0
5781	Q0	966917#5	0
5781	Q0	21676#6	0
5781	Q0	278094#0	0
5782	Q0	683700#3	1
5782	Q0	251348#1	0
5782	Q0	1124#1	0
5782	Q0	207993#2	0
5782	Q0	337676#2	0
5782	Q0	83166#0	0
5782	Q0	5857#6	0
5782	Q0	32801#0	0
5782	Q0	221122#2	0
5782	Q0	203285#4	0
5783	Q0	78760#31	1
5783	Q0	163611#0	1
5783	Q0	266933#1	1
5783	Q0	163611#2	0
5783	Q0	154683#3	0
5783	Q0	3806#8	0
5783	Q0	146169#53	0
5783	Q0	292736#2	0
5783	Q0	273272#6	0
5783	Q0	41072#8	0
5784	Q0	748#28	1
5784	Q0	748#0	1
5784	Q0	331301#5	0
5784	Q0	15665#0	0
5784	Q0	748#62	0
5784	Q0	259875#2	0
5784	Q0	18357#54	0
5784	Q0	2782#3	0
5784	Q0	209888#23	0
5784	Q0	320081#15	0
5785	Q0	287929#5	1
5785	Q0	287929#0	1
5785	Q0	3817#7	0
5785	Q0	2035357#2	0
5785	Q0	81282#0	0
5785	Q0	287929#29	0
5785	Q0	287929#37	0
5785	Q0	287929#36	0
5785	Q0	395197#0	0
5785	Q0	287929#31	0
5786	Q0	58174#19	1
5786	Q0	58174#17	1
5786	Q0	58174#40	1
5786	Q0	239893#1	1
5786	Q0	19641#3	0
5786	Q0	195859#7	0
5786	Q0	19641#21	0
5786	Q0	68692#41	0
5786	Q0	239893#2	0
5786	Q0	239746#1	0
5787	Q0	442749#4	1
5787	Q0	442804#1	1
5787	Q0	442804#5	1
5787	Q0	329093#4	1
5787	Q0	442804#3	0
5787	Q0	442804#4	0
5787	Q0	55346#17	0
5787	Q0	374202#9	0
5787	Q0	442804#8	0
5787	Q0	442804#11	0
5788	Q0	150238#1	1
5788	Q0	204143#6	1
5788	Q0	21873#0	1
5788	Q0	62699#0	1
5788	Q0	62699#6	1
5788	Q0	62699#5	1
5788	Q0	62699#1	1
5788	Q0	76856#15	0
5788	Q0	25016#2	0
5788	Q0	204143#5	0
5788	Q0	56564#3	0
5788	Q0	164585#0	0
5788	Q0	150238#4	0
5788	Q0	204364#0	0
5789	Q0	282410#0	1
5789	Q0	131961#5	0
5789	Q0	18612#6	0
5789	Q0	16437#27	0
5789	Q0	3022#28	0
5789	Q0	2352337#0	0
5789	Q0	206916#1	0
5789	Q0	81282#0	0
5789	Q0	208498#0	0
5789	Q0	242689#17	0
5790	Q0	4776#0	1
5790	Q0	3468#0	1
5790	Q0	413974#0	1
5790	Q0	70280#19	1
5790	Q0	121654#3	0
5790	Q0	199278#5	0
5790	Q0	246577#10	0
5790	Q0	283533#0	0
5790	Q0	203529#1	0
5790	Q0	33084#30	0
5791	Q0	10924#3	1
5791	Q0	10924#70	1
5791	Q0	10924#66	1
5791	Q0	10924#44	1
5791	Q0	3107#50	1
5791	Q0	10924#7	1
5791	Q0	10924#35	1
5791	Q0	127207#10	0
5791	Q0	127207#8	0
5791	Q0	10924#5	0
5791	Q0	10924#0	0
5791	Q0	10924#23	0
5791	Q0	10924#61	0
5792	Q0	331283#6	1
5792	Q0	331283#13	1
5792	Q0	331283#12	1
5792	Q0	331283#15	1
5792	Q0	16183#65	1
5792	Q0	331283#14	1
5792	Q0	331283#5	1
5792	Q0	331283#10	1
5792	Q0	331283#8	1
5792	Q0	331283#0	0
5792	Q0	331283#3	0
5792	Q0	16183#68	0
5792	Q0	331283#1	0
5793	Q0	111625#7	1
5793	Q0	352309#0	1
5793	Q0	110775#12	0
5793	Q0	248690#12	0
5793	Q0	216954#11	0
5793	Q0	4144#17	0
5793	Q0	74964#2	0
5793	Q0	216954#9	0
5793	Q0	346896#80	0
5793	Q0	68#8	0
5795	Q0	1114325#0	1
5795	Q0	42755#1	0
5795	Q0	87649#3	0
5795	Q0	293891#3	0
5795	Q0	3992#5	0
5795	Q0	75955#8	0
5795	Q0	22100#14	0
5795	Q0	154858#6	0
5795	Q0	40427#13	0
5795	Q0	74890#0	0
5796	Q0	299070#0	1
5796	Q0	303151#0	1
5796	Q0	197075#5	1
5796	Q0	258660#0	1
5796	Q0	300738#0	1
5796	Q0	338421#5	1
5796	Q0	297388#0	0
5796	Q0	302520#0	0
5796	Q0	338421#7	0
5796	Q0	338421#9	0
5799	Q0	1494327#0	1
5799	Q0	1494327#1	1
5799	Q0	1494327#9	1
5799	Q0	1494327#18	1
5799	Q0	1494327#11	1
5799	Q0	1494327#19	1
5799	Q0	1494327#2	1
5799	Q0	4664#7	0
5799	Q0	124862#47	0
5799	Q0	131974#1	0
5799	Q0	11896#18	0
5799	Q0	4665#0	0
5799	Q0	5856#6	0
5799	Q0	5856#0	0
5799	Q0	18025#24	0
5799	Q0	5856#5	0
5799	Q0	4664#6	0
5799	Q0	1494327#10	0
5800	Q0	16912#21	1
5800	Q0	432329#0	1
5800	Q0	16912#33	1
5800	Q0	16912#0	1
5800	Q0	124066#30	0
5800	Q0	16912#27	0
5800	Q0	16912#28	0
5800	Q0	16912#29	0
5800	Q0	16912#31	0
5800	Q0	16912#30	0
5802	Q0	229565#0	1
5802	Q0	603107#18	1
5802	Q0	315688#13	0
5802	Q0	154021#3	0
5802	Q0	19552#12	0
5802	Q0	81282#1	0
5802	Q0	3855#9	0
5802	Q0	187326#4	0
5802	Q0	116684#15	0
5802	Q0	40229#11	0
5803	Q0	313563#0	1
5803	Q0	313563#12	0
5803	Q0	313563#32	0
5803	Q0	313563#39	0
5803	Q0	313563#61	0
5803	Q0	313563#17	0
5803	Q0	313563#50	0
5803	Q0	313563#53	0
5803	Q0	313563#11	0
5803	Q0	313563#45	0
5804	Q0	66767#0	1
5804	Q0	2811#0	1
5804	Q0	208246#1	1
5804	Q0	36639#43	1
5804	Q0	66768#0	0
5804	Q0	2811#1	0
5804	Q0	310840#3	0
5804	Q0	331692#2	0
5804	Q0	60586#1	0
5804	Q0	66770#0	0
5805	Q0	341277#2	1
5805	Q0	28135#15	1
5805	Q0	28211#3	1
5805	Q0	27522#2	0
5805	Q0	730#37	0
5805	Q0	8600#7	0
5805	Q0	28135#17	0
5805	Q0	3156#0	0
5805	Q0	123922#6	0
5805	Q0	3572#11	0
5806	Q0	210035#9	1
5806	Q0	210035#17	1
5806	Q0	210035#30	1
5806	Q0	210035#0	1
5806	Q0	210035#5	0
5806	Q0	210035#13	0
5806	Q0	210035#1	0
5806	Q0	210035#11	0
5806	Q0	210035#27	0
5806	Q0	210035#43	0
5808	Q0	2980#1	1
5808	Q0	36163#5	0
5808	Q0	270794#1	0
5808	Q0	250866#22	0
5808	Q0	21333#4	0
5808	Q0	36163#4	0
5808	Q0	270794#2	0
5808	Q0	143732#1	0
5808	Q0	402089#3	0
5808	Q0	26966#3	0
5810	Q0	394831#0	1
5810	Q0	394831#4	1
5810	Q0	394831#1	1
5810	Q0	6922#15	0
5810	Q0	32184#35	0
5810	Q0	15394#0	0
5810	Q0	16#47	0
5810	Q0	394831#2	0
5810	Q0	394831#5	0
5810	Q0	16#59	0
5814	Q0	289338#0	1
5814	Q0	5608#0	1
5814	Q0	31382#0	0
5814	Q0	153356#1	0
5814	Q0	204012#0	0
5814	Q0	154416#0	0
5814	Q0	25730#0	0
5814	Q0	39226#0	0
5814	Q0	232777#0	0
5814	Q0	41154#0	0
5815	Q0	64106#17	1
5815	Q0	82321#7	1
5815	Q0	86818#19	1
5815	Q0	64106#1	0
5815	Q0	82321#15	0
5815	Q0	64106#3	0
5815	Q0	126697#0	0
5815	Q0	82321#8	0
5815	Q0	64106#12	0
5815	Q0	399228#0	0
5816	Q0	12140#16	1
5816	Q0	3909#2	1
5816	Q0	9588#13	1
5816	Q0	2643#38	1
5816	Q0	756#5	1
5816	Q0	12744#38	0
5816	Q0	6906#14	0
5816	Q0	2643#37	0
5816	Q0	6906#23	0
5816	Q0	2643#3	0
5822	Q0	6245#17	1
5822	Q0	6245#4	1
5822	Q0	6245#8	1
5822	Q0	6245#14	1
5822	Q0	6245#10	0
5822	Q0	6245#16	0
5822	Q0	6245#2	0
5822	Q0	6245#3	0
5822	Q0	6245#9	0
5822	Q0	6245#12	0
5823	Q0	141240#0	1
5823	Q0	4767#0	0
5823	Q0	141240#1	0
5823	Q0	4759#56	0
5823	Q0	3468#0	0
5823	Q0	4783#0	0
5823	Q0	202106#0	0
5823	Q0	152618#0	0
5823	Q0	202110#0	0
5823	Q0	4775#0	0
5825	Q0	78137#0	1
5825	Q0	340491#15	0
5825	Q0	340491#3	0
5825	Q0	69739#12	0
5825	Q0	39542#0	0
5825	Q0	384256#1	0
5825	Q0	402987#0	0
5825	Q0	32275#2	0
5825	Q0	15265#3	0
5825	Q0	1387209#7	0
5828	Q0	12824#3	1
5828	Q0	310840#3	1
5828	Q0	428687#0	1
5828	Q0	12848#0	0
5828	Q0	3882#2	0
5828	Q0	74123#0	0
5828	Q0	227484#0	0
5828	Q0	145059#0	0
5828	Q0	6245#1	0
5828	Q0	10730#12	0
5830	Q0	51169#3	1
5830	Q0	51169#14	1
5830	Q0	51169#8	1
5830	Q0	51169#10	1
5830	Q0	158334#0	1
5830	Q0	51169#12	0
5830	Q0	51169#4	0
5830	Q0	51169#37	0
5830	Q0	51169#5	0
5830	Q0	51169#9	0
5831	Q0	104242#0	1
5831	Q0	355387#0	1
5831	Q0	104242#1	0
5831	Q0	355387#1	0
5831	Q0	355387#2	0
5831	Q0	6020#6	0
5831	Q0	57637#0	0
5831	Q0	104243#0	0
5831	Q0	65905#1	0
5831	Q0	120563#0	0
5832	Q0	709#65	1
5832	Q0	45788#11	1
5832	Q0	709#58	1
5832	Q0	709#48	1
5832	Q0	709#57	0
5832	Q0	709#22	0
5832	Q0	45788#6	0
5832	Q0	709#0	0
5832	Q0	230385#6	0
5832	Q0	125245#0	0
5833	Q0	40419#17	1
5833	Q0	284201#0	1
5833	Q0	60041#9	1
5833	Q0	60041#0	1
5833	Q0	60041#23	1
5833	Q0	60041#24	0
5833	Q0	60041#10	0
5833	Q0	40419#9	0
5833	Q0	82352#8	0
5833	Q0	177653#0	0
5835	Q0	3720#79	1
5835	Q0	21884#2	1
5835	Q0	215413#3	1
5835	Q0	28560#2	1
5835	Q0	28560#3	1
5835	Q0	135942#48	0
5835	Q0	404357#4	0
5835	Q0	69#40	0
5835	Q0	87637#12	0
5835	Q0	106185#1	0
5835	Q0	4408#38	0
5837	Q0	3945#1	1
5837	Q0	4449#50	1
5837	Q0	22426#18	1
5837	Q0	25891#9	1
5837	Q0	14189#4	1
5837	Q0	120872#4	0
5837	Q0	101313#17	0
5837	Q0	12980#86	0
5837	Q0	226103#86	0
5837	Q0	8462#55	0
5838	Q0	344183#0	1
5838	Q0	202205#4	1
5838	Q0	202205#1	0
5838	Q0	12782#2	0
5838	Q0	272272#2	0
5838	Q0	344183#2	0
5838	Q0	138754#0	0
5838	Q0	272272#3	0
5838	Q0	37004#9	0
5838	Q0	202718#0	0
5839	Q0	3493#115	1
5839	Q0	36371#8	1
5839	Q0	240868#1	1
5839	Q0	420656#0	1
5839	Q0	265305#3	0
5839	Q0	346896#75	0
5839	Q0	82603#2	0
5839	Q0	4458#1	0
5839	Q0	27770#7	0
5839	Q0	240868#42	0
5840	Q0	398601#5	1
5840	Q0	398601#10	1
5840	Q0	398601#8	1
5840	Q0	398601#6	0
5840	Q0	1135#98	0
5840	Q0	28401#1	0
5840	Q0	398601#4	0
5840	Q0	398601#7	0
5840	Q0	398601#2	0
5840	Q0	398601#15	0
5840	Q0	708#110	0
5840	Q0	398601#0	0
5840	Q0	398601#3	0
5841	Q0	21533#19	1
5841	Q0	10224#11	1
5841	Q0	21533#0	1
5841	Q0	196406#6	1
5841	Q0	233445#2	0
5841	Q0	15424#22	0
5841	Q0	11968#17	0
5841	Q0	15920#19	0
5841	Q0	154685#5	0
5841	Q0	14458#7	0
5843	Q0	22724#0	1
5843	Q0	22724#4	1
5843	Q0	143445#13	1
5843	Q0	22724#3	0
5843	Q0	22724#9	0
5843	Q0	22679#1	0
5843	Q0	22724#15	0
5843	Q0	22679#0	0
5843	Q0	22724#1	0
5843	Q0	133078#2	0
5845	Q0	127071#3	1
5845	Q0	127071#7	1
5845	Q0	127071#1	1
5845	Q0	127071#0	0
5845	Q0	127071#20	0
5845	Q0	258351#5	0
5845	Q0	83815#26	0
5845	Q0	127071#16	0
5845	Q0	127071#17	0
5845	Q0	127071#9	0
5846	Q0	109151#0	1
5846	Q0	6463#15	1
5846	Q0	109151#5	1
5846	Q0	109151#1	0
5846	Q0	109151#8	0
5846	Q0	42425#45	0
5846	Q0	3022#28	0
5846	Q0	26152#28	0
5846	Q0	81282#0	0
5846	Q0	226434#0	0
5847	Q0	4414#22	1
5847	Q0	4414#26	0
5847	Q0	190318#0	0
5847	Q0	283845#0	0
5847	Q0	4414#24	0
5847	Q0	142549#1	0
5847	Q0	355086#0	0
5847	Q0	190309#0	0
5847	Q0	56131#0	0
5847	Q0	355375#0	0
5848	Q0	348589#7	1
5848	Q0	348589#9	1
5848	Q0	348589#0	1
5848	Q0	348589#8	0
5848	Q0	348589#10	0
5848	Q0	254968#11	0
5848	Q0	348589#27	0
5848	Q0	348589#20	0
5848	Q0	348589#24	0
5848	Q0	254968#10	0
5849	Q0	379734#0	1
5849	Q0	16849#1	1
5849	Q0	1894640#5	1
5849	Q0	1894640#15	1
5849	Q0	1894640#1	1
5849	Q0	1894640#8	1
5849	Q0	379734#4	0
5849	Q0	379734#1	0
5849	Q0	403871#0	0
5849	Q0	69008#25	0
5849	Q0	69008#26	0
5849	Q0	226413#1	0
5849	Q0	17382#4	0
5849	Q0	69008#16	0
5851	Q0	142704#14	1
5851	Q0	142704#15	1
5851	Q0	3324#8	0
5851	Q0	23723#10	0
5851	Q0	6563#45	0
5851	Q0	321112#7	0
5851	Q0	184713#2	0
5851	Q0	236881#3	0
5851	Q0	250928#3	0
5851	Q0	130090#2	0
5852	Q0	4468#0	1
5852	Q0	4468#2	1
5852	Q0	4468#15	1
5852	Q0	52409#0	0
5852	Q0	48549#7	0
5852	Q0	358277#0	0
5852	Q0	5104#0	0
5852	Q0	123919#52	0
5852	Q0	197051#6	0
5852	Q0	86142#73	0
5853	Q0	2503662#10	1
5853	Q0	2648#2	0
5853	Q0	13996#4	0
5853	Q0	2648#1	0
5853	Q0	211042#4	0
5853	Q0	157330#17	0
5853	Q0	7292#1	0
5853	Q0	3803#9	0
5853	Q0	20756#2	0
5853	Q0	24971#25	0
5854	Q0	45581#2	1
5854	Q0	27169#5	1
5854	Q0	45581#0	1
5854	Q0	185433#1	0
5854	Q0	2663#3	0
5854	Q0	3010#0	0
5854	Q0	5481#3	0
5854	Q0	3817#7	0
5854	Q0	27169#12	0
5854	Q0	81282#0	0
5857	Q0	56192#6	1
5857	Q0	124032#16	1
5857	Q0	130096#6	1
5857	Q0	129697#2	0
5857	Q0	6380#10	0
5857	Q0	226007#7	0
5857	Q0	56192#7	0
5857	Q0	236249#3	0
5857	Q0	1020#1	0
5857	Q0	1020#2	0
5859	Q0	45342#0	1
5859	Q0	433814#9	1
5859	Q0	433814#8	1
5859	Q0	416068#15	1
5859	Q0	438448#0	0
5859	Q0	45342#1	0
5859	Q0	63287#4	0
5859	Q0	433814#0	0
5859	Q0	436857#3	0
5859	Q0	64189#8	0
5860	Q0	799#0	1
5860	Q0	41276#0	1
5860	Q0	354641#12	1
5860	Q0	39447#2	0
5860	Q0	45436#12	0
5860	Q0	16428#13	0
5860	Q0	824#0	0
5860	Q0	5078#3	0
5860	Q0	799#4	0
5860	Q0	5078#1	0
5862	Q0	40140#0	1
5862	Q0	278572#2	1
5862	Q0	40140#4	0
5862	Q0	40140#8	0
5862	Q0	40140#1	0
5862	Q0	150522#0	0
5862	Q0	79402#5	0
5862	Q0	40140#2	0
5862	Q0	28734#1	0
5862	Q0	91379#0	0
5864	Q0	334491#1	1
5864	Q0	334491#0	1
5864	Q0	334491#3	1
5864	Q0	334491#4	0
5864	Q0	147698#0	0
5864	Q0	283160#1	0
5864	Q0	194373#28	0
5864	Q0	334491#5	0
5864	Q0	332975#0	0
5864	Q0	334491#6	0
5865	Q0	159635#0	1
5865	Q0	4472#0	1
5865	Q0	4472#48	1
5865	Q0	234833#8	0
5865	Q0	2692293#36	0
5865	Q0	14110#0	0
5865	Q0	2936#3	0
5865	Q0	4198#0	0
5865	Q0	6922#8	0
5865	Q0	46162#0	0
5867	Q0	4943#0	1
5867	Q0	4943#2	1
5867	Q0	4943#3	1
5867	Q0	313841#1	0
5867	Q0	55762#0	0
5867	Q0	55766#0	0
5867	Q0	199280#5	0
5867	Q0	202886#1	0
5867	Q0	440860#2	0
5867	Q0	4185#2	0
5868	Q0	17151#0	1
5868	Q0	36219#6	1
5868	Q0	58224#0	0
5868	Q0	17151#3	0
5868	Q0	233680#1	0
5868	Q0	10995#1	0
5868	Q0	10500#3	0
5868	Q0	769#1	0
5868	Q0	129205#0	0
5868	Q0	19543#0	0
5869	Q0	371796#4	1
5869	Q0	274141#0	1
5869	Q0	75874#1	1
5869	Q0	241102#8	1
5869	Q0	34013#0	1
5869	Q0	75874#3	0
5869	Q0	75874#0	0
5869	Q0	197706#4	0
5869	Q0	348346#6	0
5869	Q0	146698#14	0
5871	Q0	40242#0	1
5871	Q0	204656#0	1
5871	Q0	3794#7	0
5871	Q0	2632#2	0
5871	Q0	3363#1	0
5871	Q0	81282#0	0
5871	Q0	1677936#2	0
5871	Q0	195685#6	0
5871	Q0	18613#0	0
5871	Q0	18613#1	0
5872	Q0	245360#0	1
5872	Q0	245360#18	1
5872	Q0	245358#0	0
5872	Q0	245360#9	0
5872	Q0	245360#17	0
5872	Q0	245360#15	0
5872	Q0	245360#7	0
5872	Q0	245357#0	0
5872	Q0	439646#2	0
5872	Q0	245360#19	0
5873	Q0	76374#0	1
5873	Q0	76374#23	1
5873	Q0	76374#17	0
5873	Q0	76374#36	0
5873	Q0	76374#49	0
5873	Q0	76374#53	0
5873	Q0	76374#48	0
5873	Q0	76374#26	0
5873	Q0	76374#35	0
5873	Q0	76374#42	0
5876	Q0	80698#0	1
5876	Q0	43401#3	1
5876	Q0	43401#1	1
5876	Q0	169681#0	0
5876	Q0	169924#8	0
5876	Q0	103092#0	0
5876	Q0	103086#0	0
5876	Q0	4097#25	0
5876	Q0	4097#14	0
5876	Q0	169838#0	0
5876	Q0	169726#0	0
5876	Q0	43401#0	0
5876	Q0	43401#2	0
5877	Q0	4533#16	1
5877	Q0	13180#1	1
5877	Q0	33166#14	1
5877	Q0	70030#11	0
5877	Q0	18084#0	0
5877	Q0	4533#48	0
5877	Q0	18084#38	0
5877	Q0	33166#13	0
5877	Q0	5408#11	0
5877	Q0	13180#52	0
5878	Q0	11375#38	1
5878	Q0	58245#4	1
5878	Q0	58251#11	1
5878	Q0	46695#1	0
5878	Q0	58251#10	0
5878	Q0	3282#1	0
5878	Q0	50#16	0
5878	Q0	8283#9	0
5878	Q0	121667#8	0
5878	Q0	8283#5	0
5880	Q0	135463#11	1
5880	Q0	24734#5	1
5880	Q0	44805#0	0
5880	Q0	24734#0	0
5880	Q0	178033#0	0
5880	Q0	24734#1	0
5880	Q0	43100#1	0
5880	Q0	24734#3	0
5880	Q0	13109#16	0
5880	Q0	24734#7	0
5881	Q0	286041#0	1
5881	Q0	286041#2	1
5881	Q0	286041#1	0
5881	Q0	323576#0	0
5881	Q0	286044#0	0
5881	Q0	3324#10	0
5881	Q0	730392#0	0
5881	Q0	366646#0	0
5881	Q0	270934#0	0
5881	Q0	112533#0	0
5882	Q0	236434#0	1
5882	Q0	151215#0	1
5882	Q0	49125#7	0
5882	Q0	151215#2	0
5882	Q0	236434#12	0
5882	Q0	31494#2	0
5882	Q0	287721#1	0
5882	Q0	243933#0	0
5882	Q0	274212#0	0
5882	Q0	221170#0	0
5883	Q0	16863#0	1
5883	Q0	21908#17	1
5883	Q0	16861#0	1
5883	Q0	16862#1	0
5883	Q0	236378#0	0
5883	Q0	16863#8	0
5883	Q0	64287#1	0
5883	Q0	16863#1	0
5883	Q0	16863#5	0
5883	Q0	16863#2	0
5884	Q0	372557#0	1
5884	Q0	219772#0	1
5884	Q0	3022#28	0
5884	Q0	753452#2	0
5884	Q0	83166#0	0
5884	Q0	151081#3	0
5884	Q0	273272#1	0
5884	Q0	173144#0	0
5884	Q0	217887#29	0
5884	Q0	245122#0	0
5886	Q0	38312#0	1
5886	Q0	38312#22	1
5886	Q0	38312#19	1
5886	Q0	38312#24	1
5886	Q0	38312#10	0
5886	Q0	4116#14	0
5886	Q0	38312#17	0
5886	Q0	38312#12	0
5886	Q0	38312#1	0
5886	Q0	38312#18	0
5887	Q0	195764#0	1
5887	Q0	13581#112	1
5887	Q0	151289#16	0
5887	Q0	79038#3	0
5887	Q0	199505#20	0
5887	Q0	6320#9	0
5887	Q0	269586#18	0
5887	Q0	269586#29	0
5887	Q0	199505#14	0
5887	Q0	135838#0	0
5888	Q0	275695#5	1
5888	Q0	212626#0	1
5888	Q0	212626#7	0
5888	Q0	90994#7	0
5888	Q0	212626#1	0
5888	Q0	64831#15	0
5888	Q0	212626#11	0
5888	Q0	275695#3	0
5888	Q0	212626#13	0
5888	Q0	212626#9	0
5889	Q0	4195#0	1
5889	Q0	87248#3	1
5889	Q0	87248#1	0
5889	Q0	293898#0	0
5889	Q0	87248#2	0
5889	Q0	4195#9	0
5889	Q0	3987#1	0
5889	Q0	4043#2	0
5889	Q0	80744#0	0
5889	Q0	4196#32	0
5890	Q0	245316#1	1
5890	Q0	4021#21	1
5890	Q0	24947#0	1
5890	Q0	78656#26	1
5890	Q0	387728#22	0
5890	Q0	84#3	0
5890	Q0	84#0	0
5890	Q0	185171#0	0
5890	Q0	84#40	0
5890	Q0	84#34	0
5891	Q0	21310#6	1
5891	Q0	121296#2	1
5891	Q0	34628#37	1
5891	Q0	146001#0	0
5891	Q0	54911#0	0
5891	Q0	394606#20	0
5891	Q0	394606#0	0
5891	Q0	21310#7	0
5891	Q0	21310#0	0
5891	Q0	21310#4	0
5893	Q0	3020#80	1
5893	Q0	3020#71	1
5893	Q0	3020#25	1
5893	Q0	3020#9	1
5893	Q0	3020#85	0
5893	Q0	3020#18	0
5893	Q0	61463#0	0
5893	Q0	75864#0	0
5893	Q0	62592#0	0
5893	Q0	61463#2	0
5894	Q0	31652#7	1
5894	Q0	31652#2	0
5894	Q0	31652#11	0
5894	Q0	31652#15	0
5894	Q0	31652#9	0
5894	Q0	31652#17	0
5894	Q0	31652#3	0
5894	Q0	31652#0	0
5894	Q0	31652#10	0
5894	Q0	31652#8	0
5895	Q0	18027#1	1
5895	Q0	17358#1	0
5895	Q0	140109#0	0
5895	Q0	140109#1	0
5895	Q0	37531#0	0
5895	Q0	17366#19	0
5895	Q0	21670#0	0
5895	Q0	17366#11	0
5895	Q0	18011#1	0
5895	Q0	333480#0	0
5896	Q0	191825#4	1
5896	Q0	71191#0	1
5896	Q0	98106#1	1
5896	Q0	71191#1	0
5896	Q0	396022#23	0
5896	Q0	396022#16	0
5896	Q0	157470#4	0
5896	Q0	60589#61	0
5896	Q0	71192#0	0
5896	Q0	25036#22	0
5897	Q0	3178#6	1
5897	Q0	3178#16	1
5897	Q0	276926#2	0
5897	Q0	276926#1	0
5897	Q0	20693#16	0
5897	Q0	20693#38	0
5897	Q0	442577#1	0
5897	Q0	78823#13	0
5897	Q0	65602#43	0
5897	Q0	2784#16	0
5898	Q0	150238#13	1
5898	Q0	150238#10	1
5898	Q0	209340#9	1
5898	Q0	25016#0	1
5898	Q0	25016#2	1
5898	Q0	204143#6	0
5898	Q0	21873#0	0
5898	Q0	155241#0	0
5898	Q0	56564#10	0
5898	Q0	150238#5	0
5898	Q0	56564#0	0
5898	Q0	150238#17	0
5899	Q0	6469#29	1
5899	Q0	6469#48	1
5899	Q0	6469#0	0
5899	Q0	6469#54	0
5899	Q0	6469#13	0
5899	Q0	6469#50	0
5899	Q0	6469#21	0
5899	Q0	6469#52	0
5899	Q0	6469#51	0
5899	Q0	6469#19	0
5900	Q0	308201#11	1
5900	Q0	308201#0	1
5900	Q0	308201#4	1
5900	Q0	357711#0	0
5900	Q0	12862#9	0
5900	Q0	308201#14	0
5900	Q0	337351#18	0
5900	Q0	308201#13	0
5900	Q0	351784#0	0
5900	Q0	308201#26	0
5901	Q0	5856#5	1
5901	Q0	3126#18	1
5901	Q0	3126#1	1
5901	Q0	249978#5	0
5901	Q0	3126#8	0
5901	Q0	61988#36	0
5901	Q0	5658#5	0
5901	Q0	147881#7	0
5901	Q0	61988#34	0
5901	Q0	3794#7	0
5902	Q0	85704#1	1
5902	Q0	160072#0	1
5902	Q0	160062#0	1
5902	Q0	7206#18	0
5902	Q0	431355#6	0
5902	Q0	159910#6	0
5902	Q0	44634#6	0
5902	Q0	160047#0	0
5902	Q0	160104#5	0
5902	Q0	4093#12	0
5903	Q0	58935#0	1
5903	Q0	1071#15	1
5903	Q0	13680#1	1
5903	Q0	13680#4	0
5903	Q0	280084#0	0
5903	Q0	1071#14	0
5903	Q0	1071#18	0
5903	Q0	121830#0	0
5903	Q0	13680#0	0
5903	Q0	69501#0	0
5905	Q0	71879#0	1
5905	Q0	72259#30	1
5905	Q0	71879#16	0
5905	Q0	273759#13	0
5905	Q0	286341#15	0
5905	Q0	273759#14	0
5905	Q0	71879#12	0
5905	Q0	286341#1	0
5905	Q0	72259#33	0
5905	Q0	273759#2	0
5906	Q0	121405#0	1
5906	Q0	122795#0	1
5906	Q0	1071#16	1
5906	Q0	122475#0	0
5906	Q0	121053#0	0
5906	Q0	69501#0	0
5906	Q0	56959#3	0
5906	Q0	56961#0	0
5906	Q0	58708#0	0
5906	Q0	57637#0	0
5907	Q0	4268#3	1
5907	Q0	354615#0	1
5907	Q0	4268#81	0
5907	Q0	4268#1	0
5907	Q0	4268#2	0
5907	Q0	43571#0	0
5907	Q0	4268#50	0
5907	Q0	4268#66	0
5907	Q0	4268#5	0
5907	Q0	301711#0	0
5909	Q0	71252#1	1
5909	Q0	34858#1	1
5909	Q0	34858#3	1
5909	Q0	34858#20	0
5909	Q0	126792#9	0
5909	Q0	34858#24	0
5909	Q0	18208#7	0
5909	Q0	29950#0	0
5909	Q0	213686#25	0
5909	Q0	34858#32	0
5910	Q0	441976#1	1
5910	Q0	11443#7	0
5910	Q0	72130#3	0
5910	Q0	104320#1	0
5910	Q0	378673#4	0
5910	Q0	301265#1	0
5910	Q0	60010#1	0
5910	Q0	33847#2	0
5910	Q0	53238#1	0
5910	Q0	208751#6	0
5911	Q0	89024#0	1
5911	Q0	246085#4	1
5911	Q0	89024#1	1
5911	Q0	246085#1	0
5911	Q0	246085#5	0
5911	Q0	302374#0	0
5911	Q0	89020#0	0
5911	Q0	89022#0	0
5911	Q0	246085#0	0
5911	Q0	246085#2	0
5913	Q0	4441#15	1
5913	Q0	21387#4	1
5913	Q0	21387#1	1
5913	Q0	21387#0	1
5913	Q0	14059#1	1
5913	Q0	4650#1	0
5913	Q0	235369#0	0
5913	Q0	79278#0	0
5913	Q0	13984#0	0
5913	Q0	18743#0	0
5914	Q0	317907#0	1
5914	Q0	142871#0	0
5914	Q0	317907#1	0
5914	Q0	69107#3	0
5914	Q0	9503#13	0
5914	Q0	239207#4	0
5914	Q0	378004#4	0
5914	Q0	397844#0	0
5914	Q0	245668#0	0
5914	Q0	826950#4	0
5915	Q0	4266#1	1
5915	Q0	4266#16	1
5915	Q0	51137#0	1
5915	Q0	4266#14	0
5915	Q0	4265#0	0
5915	Q0	35221#0	0
5915	Q0	4268#0	0
5915	Q0	301711#0	0
5915	Q0	202978#0	0
5915	Q0	32706#0	0
5916	Q0	4118#17	1
5916	Q0	54278#2	1
5916	Q0	54289#3	1
5916	Q0	54271#25	1
5916	Q0	4118#2	0
5916	Q0	54282#1	0
5916	Q0	4118#0	0
5916	Q0	55629#0	0
5916	Q0	54281#0	0
5916	Q0	4118#16	0
5917	Q0	267773#0	1
5917	Q0	211493#5	1
5917	Q0	135188#1	1
5917	Q0	267773#2	0
5917	Q0	11341#0	0
5917	Q0	211493#1	0
5917	Q0	271656#1	0
5917	Q0	11366#1	0
5917	Q0	74669#1	0
5917	Q0	267773#3	0
5919	Q0	316839#37	1
5919	Q0	843#24	1
5919	Q0	843#23	1
5919	Q0	299283#5	1
5919	Q0	51387#6	1
5919	Q0	224970#2	1
5919	Q0	24555#3	0
5919	Q0	11349#12	0
5919	Q0	51387#1	0
5919	Q0	214142#5	0
5920	Q0	424135#0	1
5920	Q0	4235#1	1
5920	Q0	106280#0	1
5920	Q0	28107#2	0
5920	Q0	109884#0	0
5920	Q0	20404#1	0
5920	Q0	4134#13	0
5920	Q0	106271#0	0
5920	Q0	58557#17	0
5920	Q0	72423#3	0
5921	Q0	144393#4	1
5921	Q0	144379#2	1
5921	Q0	163619#3	1
5921	Q0	144379#0	1
5921	Q0	144393#3	1
5921	Q0	144393#5	0
5921	Q0	144393#0	0
5921	Q0	144393#2	0
5921	Q0	144393#1	0
5921	Q0	842#13	0
5922	Q0	144259#12	1
5922	Q0	144259#13	1
5922	Q0	144259#2	1
5922	Q0	144259#0	1
5922	Q0	144259#9	0
5922	Q0	144259#8	0
5922	Q0	144259#5	0
5922	Q0	144259#3	0
5922	Q0	144259#11	0
5922	Q0	144259#1	0
5922	Q0	419015#2	0
5923	Q0	4144#15	1
5923	Q0	35038#1	0
5923	Q0	12058#5	0
5923	Q0	2954#31	0
5923	Q0	2542283#13	0
5923	Q0	232562#2	0
5923	Q0	66982#5	0
5923	Q0	20517#3	0
5923	Q0	71879#3	0
5923	Q0	279066#0	0
5924	Q0	311717#4	1
5924	Q0	26346#22	1
5924	Q0	26346#14	1
5924	Q0	311717#0	0
5924	Q0	311717#24	0
5924	Q0	26346#2	0
5924	Q0	311717#19	0
5924	Q0	311717#15	0
5924	Q0	26346#23	0
5924	Q0	311717#21	0
5925	Q0	33281#9	1
5925	Q0	80079#0	1
5925	Q0	428108#0	1
5925	Q0	1110#11	1
5925	Q0	1110#12	0
5925	Q0	128884#0	0
5925	Q0	3090#0	0
5925	Q0	111482#0	0
5925	Q0	36442#41	0
5925	Q0	233729#0	0
5926	Q0	31855#0	1
5926	Q0	38855#0	1
5926	Q0	190145#2	1
5926	Q0	9206#8	0
5926	Q0	376449#8	0
5926	Q0	376449#37	0
5926	Q0	4020#9	0
5926	Q0	202888#1	0
5926	Q0	13581#44	0
5926	Q0	78214#5	0
5927	Q0	116989#0	1
5927	Q0	118164#13	1
5927	Q0	118164#12	1
5927	Q0	363523#3	0
5927	Q0	278753#4	0
5927	Q0	14715#5	0
5927	Q0	14715#14	0
5927	Q0	14715#8	0
5927	Q0	3992#5	0
5927	Q0	3387#0	0
5929	Q0	84772#2	1
5929	Q0	690#66	0
5929	Q0	690#1	0
5929	Q0	690#32	0
5929	Q0	690#38	0
5929	Q0	690#36	0
5929	Q0	690#53	0
5929	Q0	11523#1	0
5929	Q0	690#0	0
5929	Q0	48549#2	0
5930	Q0	379734#0	1
5930	Q0	16849#1	1
5930	Q0	1894640#5	1
5930	Q0	1894640#15	1
5930	Q0	1894640#1	1
5930	Q0	1894640#8	1
5930	Q0	379734#1	0
5930	Q0	379734#4	0
5930	Q0	315955#0	0
5930	Q0	300738#0	0
5930	Q0	205197#0	0
5930	Q0	401861#1	0
5930	Q0	302520#0	0
5930	Q0	405428#1	0
5931	Q0	15424#12	1
5931	Q0	5862#0	1
5931	Q0	109151#3	1
5931	Q0	1001#15	1
5931	Q0	82#0	0
5931	Q0	22466#5	0
5931	Q0	15624#1	0
5931	Q0	234035#16	0
5931	Q0	119179#21	0
5931	Q0	119179#18	0
5932	Q0	399027#0	1
5932	Q0	81257#0	0
5932	Q0	288112#22	0
5932	Q0	3086#0	0
5932	Q0	287609#1	0
5932	Q0	398641#11	0
5932	Q0	413203#6	0
5932	Q0	55933#2	0
5932	Q0	288112#24	0
5932	Q0	27564#44	0
5933	Q0	235784#0	1
5933	Q0	12723#5	0
5933	Q0	235784#2	0
5933	Q0	11414#7	0
5933	Q0	235784#1	0
5933	Q0	34885#1	0
5933	Q0	235784#3	0
5933	Q0	235784#11	0
5933	Q0	252400#0	0
5933	Q0	235784#17	0
5934	Q0	9282#0	1
5934	Q0	4436#0	1
5934	Q0	33176#67	1
5934	Q0	214405#3	0
5934	Q0	199733#0	0
5934	Q0	11480#0	0
5934	Q0	199748#6	0
5934	Q0	4396#5	0
5934	Q0	339920#0	0
5934	Q0	199807#22	0
5935	Q0	210035#43	1
5935	Q0	210035#17	1
5935	Q0	210035#41	1
5935	Q0	210035#34	1
5935	Q0	210035#27	0
5935	Q0	210035#26	0
5935	Q0	210035#30	0
5935	Q0	210035#37	0
5935	Q0	210035#2	0
5935	Q0	210035#23	0
5937	Q0	18922#7	1
5937	Q0	49395#8	1
5937	Q0	38683#10	1
5937	Q0	49376#0	0
5937	Q0	18922#0	0
5937	Q0	55188#2	0
5937	Q0	38656#0	0
5937	Q0	18922#2	0
5937	Q0	18922#4	0
5937	Q0	37861#0	0
5938	Q0	35648#4	1
5938	Q0	224820#1	1
5938	Q0	7126#8	1
5938	Q0	81656#0	0
5938	Q0	38621#2	0
5938	Q0	35648#1	0
5938	Q0	7125#25	0
5938	Q0	407037#73	0
5938	Q0	35648#0	0
5938	Q0	4120#17	0
5939	Q0	4449#86	1
5939	Q0	4448#7	1
5939	Q0	19463#19	1
5939	Q0	19463#20	0
5939	Q0	4531#27	0
5939	Q0	4449#83	0
5939	Q0	4449#31	0
5939	Q0	4448#6	0
5939	Q0	11430#80	0
5939	Q0	19463#7	0
5942	Q0	16912#25	1
5942	Q0	101411#9	1
5942	Q0	16912#2	0
5942	Q0	16912#29	0
5942	Q0	16912#19	0
5942	Q0	16912#24	0
5942	Q0	16912#28	0
5942	Q0	16912#21	0
5942	Q0	16912#40	0
5942	Q0	16912#1	0
5944	Q0	125623#0	1
5944	Q0	261614#4	1
5944	Q0	97140#1	0
5944	Q0	98128#14	0
5944	Q0	98128#18	0
5944	Q0	101286#10	0
5944	Q0	77670#3	0
5944	Q0	11328#10	0
5944	Q0	135925#30	0
5944	Q0	97140#0	0
5945	Q0	121944#3	1
5945	Q0	26966#4	0
5945	Q0	818163#7	0
5945	Q0	68#13	0
5945	Q0	3387#0	0
5945	Q0	36810#4	0
5945	Q0	412314#3	0
5945	Q0	39152#9	0
5945	Q0	818163#3	0
5945	Q0	255981#1	0
5946	Q0	13198#16	1
5946	Q0	13198#15	1
5946	Q0	28452#22	0
5946	Q0	340270#40	0
5946	Q0	43625#18	0
5946	Q0	13198#2	0
5946	Q0	13198#29	0
5946	Q0	13198#19	0
5946	Q0	28452#23	0
5946	Q0	13198#20	0
5949	Q0	2692729#4	1
5949	Q0	215552#25	0
5949	Q0	52510#2	0
5949	Q0	3235#11	0
5949	Q0	72673#9	0
5949	Q0	124610#7	0
5949	Q0	71507#2	0
5949	Q0	273121#18	0
5949	Q0	232704#9	0
5949	Q0	72673#10	0
5950	Q0	1440320#1	1
5950	Q0	1440320#9	1
5950	Q0	1440320#5	1
5950	Q0	1440320#4	1
5950	Q0	1440320#7	1
5950	Q0	1440320#3	1
5950	Q0	317890#0	0
5950	Q0	243141#0	0
5950	Q0	21545#37	0
5950	Q0	406946#0	0
5950	Q0	146169#26	0
5950	Q0	12#5	0
5950	Q0	1576542#2	0
5950	Q0	304220#0	0
5950	Q0	180784#5	0
5950	Q0	49429#59	0
5950	Q0	1440320#8	0
5954	Q0	4414#22	1
5954	Q0	4414#26	1
5954	Q0	4414#3	0
5954	Q0	721#0	0
5954	Q0	190318#0	0
5954	Q0	283845#0	0
5954	Q0	283849#0	0
5954	Q0	4414#25	0
5954	Q0	4414#0	0
5954	Q0	4414#24	0
5955	Q0	4183#0	1
5955	Q0	4183#17	1
5955	Q0	4140#27	0
5955	Q0	4183#9	0
5955	Q0	4188#2	0
5955	Q0	65151#1	0
5955	Q0	4183#8	0
5955	Q0	4183#11	0
5955	Q0	71189#4	0
5955	Q0	71440#0	0
5956	Q0	339926#1	1
5956	Q0	339926#0	1
5956	Q0	201481#2	1
5956	Q0	339926#2	0
5956	Q0	253012#1	0
5956	Q0	359158#11	0
5956	Q0	4776#0	0
5956	Q0	3468#0	0
5956	Q0	178288#19	0
5956	Q0	36782#18	0
5957	Q0	347568#0	1
5957	Q0	12115#9	1
5957	Q0	5154#1	1
5957	Q0	795#28	1
5957	Q0	4402#0	0
5957	Q0	97496#0	0
5957	Q0	184336#0	0
5957	Q0	25818#0	0
5957	Q0	4402#6	0
5957	Q0	4402#1	0
5959	Q0	97364#7	1
5959	Q0	36287#0	1
5959	Q0	36295#1	1
5959	Q0	98128#3	1
5959	Q0	36295#15	1
5959	Q0	351473#4	0
5959	Q0	97364#4	0
5959	Q0	98128#5	0
5959	Q0	148056#8	0
5959	Q0	395230#1	0
5959	Q0	97364#3	0
5961	Q0	5011#1	1
5961	Q0	5011#45	1
5961	Q0	5011#43	1
5961	Q0	53377#1	0
5961	Q0	84663#0	0
5961	Q0	5011#10	0
5961	Q0	5011#46	0
5961	Q0	226494#0	0
5961	Q0	135057#0	0
5961	Q0	225341#0	0
5962	Q0	39152#11	1
5962	Q0	39152#19	1
5962	Q0	1421712#7	1
5962	Q0	257366#22	0
5962	Q0	368742#10	0
5962	Q0	67301#7	0
5962	Q0	67441#5	0
5962	Q0	266359#6	0
5962	Q0	3806#8	0
5962	Q0	81282#0	0
5963	Q0	149955#11	1
5963	Q0	149955#1	1
5963	Q0	149955#7	1
5963	Q0	149955#0	1
5963	Q0	149955#6	0
5963	Q0	149955#8	0
5963	Q0	151705#5	0
5963	Q0	2645#15	0
5963	Q0	81282#0	0
5963	Q0	149955#2	0
5964	Q0	1427821#9	1
5964	Q0	81282#0	0
5964	Q0	2959#12	0
5964	Q0	84608#0	0
5964	Q0	226434#0	0
5964	Q0	204801#0	0
5964	Q0	13999#10	0
5964	Q0	92512#0	0
5964	Q0	228637#0	0
5964	Q0	357906#0	0
5966	Q0	423808#2	1
5966	Q0	423808#14	1
5966	Q0	423808#19	1
5966	Q0	423808#11	1
5966	Q0	423808#5	1
5966	Q0	423808#1	0
5966	Q0	423808#17	0
5966	Q0	423808#24	0
5966	Q0	423808#3	0
5966	Q0	423808#0	0
5966	Q0	423808#21	0
5966	Q0	423808#28	0
5967	Q0	101772#0	1
5967	Q0	2867#0	1
5967	Q0	2867#2	0
5967	Q0	49501#9	0
5967	Q0	2867#3	0
5967	Q0	15703#0	0
5967	Q0	2867#1	0
5967	Q0	112950#0	0
5967	Q0	27260#15	0
5967	Q0	50238#16	0
5967	Q0	263615#3	0
5969	Q0	56592#1	1
5969	Q0	217819#0	0
5969	Q0	291825#0	0
5969	Q0	246828#0	0
5969	Q0	221445#0	0
5969	Q0	311727#0	0
5969	Q0	263605#0	0
5969	Q0	7823#2	0
5969	Q0	838#17	0
5969	Q0	2672021#0	0
5970	Q0	1840990#0	1
5970	Q0	367792#0	0
5970	Q0	364668#0	0
5970	Q0	226434#0	0
5970	Q0	3803#9	0
5970	Q0	81282#0	0
5970	Q0	35059#0	0
5970	Q0	32801#0	0
5970	Q0	84608#0	0
5970	Q0	430950#0	0
5972	Q0	49225#8	1
5972	Q0	82#22	1
5972	Q0	2930#6	1
5972	Q0	2930#0	1
5972	Q0	2930#4	0
5972	Q0	2930#3	0
5972	Q0	2930#1	0
5972	Q0	118756#0	0
5972	Q0	3794#7	0
5972	Q0	153429#3	0
5975	Q0	1653718#0	1
5975	Q0	1653718#22	1
5975	Q0	1653718#21	1
5975	Q0	1653718#24	1
5975	Q0	1653718#30	1
5975	Q0	197129#0	0
5975	Q0	7640#8	0
5975	Q0	200018#15	0
5975	Q0	274334#0	0
5975	Q0	200018#18	0
5975	Q0	197025#0	0
5975	Q0	200018#13	0
5975	Q0	156243#0	0
5975	Q0	29492#3	0
5975	Q0	4206#5	0
5977	Q0	197075#1	1
5977	Q0	299070#0	1
5977	Q0	303151#0	1
5977	Q0	42526#0	1
5977	Q0	295616#0	1
5977	Q0	297622#0	1
5977	Q0	300984#0	0
5977	Q0	302520#0	0
5977	Q0	297388#0	0
5977	Q0	295474#0	0
5977	Q0	197075#4	0
5978	Q0	16849#1	1
5978	Q0	181251#0	1
5978	Q0	22117#3	1
5978	Q0	16849#0	0
5978	Q0	16849#2	0
5978	Q0	16849#25	0
5978	Q0	153944#0	0
5978	Q0	105208#0	0
5978	Q0	132655#0	0
5978	Q0	211490#0	0
5981	Q0	16589#0	1
5981	Q0	266999#45	0
5981	Q0	117479#27	0
5981	Q0	34499#12	0
5981	Q0	34499#14	0
5981	Q0	34499#15	0
5981	Q0	434666#0	0
5981	Q0	34499#18	0
5981	Q0	141551#10	0
5981	Q0	388875#0	0
5982	Q0	5608#0	1
5982	Q0	17882#3	1
5982	Q0	30708#0	1
5982	Q0	51426#0	0
5982	Q0	245964#0	0
5982	Q0	31131#0	0
5982	Q0	155839#0	0
5982	Q0	36839#0	0
5982	Q0	155412#4	0
5982	Q0	29647#0	0
5985	Q0	38528#0	1
5985	Q0	5154#1	1
5985	Q0	347568#0	1
5985	Q0	38732#5	0
5985	Q0	25818#2	0
5985	Q0	38732#0	0
5985	Q0	347568#2	0
5985	Q0	25818#3	0
5985	Q0	71097#0	0
5985	Q0	25818#0	0
5986	Q0	100143#16	1
5986	Q0	300409#3	1
5986	Q0	289271#15	1
5986	Q0	249978#22	0
5986	Q0	57358#24	0
5986	Q0	32310#29	0
5986	Q0	61988#20	0
5986	Q0	378425#12	0
5986	Q0	302806#0	0
5986	Q0	176057#1	0
5987	Q0	36295#1	1
5987	Q0	3097#6	1
5987	Q0	3097#0	1
5987	Q0	214522#0	0
5987	Q0	3794#7	0
5987	Q0	3097#8	0
5987	Q0	1887415#0	0
5987	Q0	838#18	0
5987	Q0	81282#0	0
5987	Q0	3097#1	0
5988	Q0	7824#0	1
5988	Q0	311806#0	1
5988	Q0	13267#0	1
5988	Q0	7824#3	0
5988	Q0	76349#6	0
5988	Q0	7824#4	0
5988	Q0	7824#24	0
5988	Q0	20829#1	0
5988	Q0	7824#5	0
5988	Q0	7824#15	0
5989	Q0	84316#0	1
5989	Q0	84316#5	1
5989	Q0	84316#1	0
5989	Q0	84316#4	0
5989	Q0	84316#3	0
5989	Q0	84316#2	0
5989	Q0	314844#0	0
5989	Q0	86349#0	0
5989	Q0	142927#0	0
5989	Q0	121642#1	0
5990	Q0	151544#0	1
5990	Q0	42998#0	1
5990	Q0	278937#0	1
5990	Q0	293611#3	0
5990	Q0	222572#0	0
5990	Q0	426039#5	0
5990	Q0	112825#1	0
5990	Q0	7824#103	0
5990	Q0	8817#5	0
5990	Q0	13267#107	0
5991	Q0	17165#0	1
5991	Q0	6317#1	1
5991	Q0	63632#0	1
5991	Q0	6317#4	1
5991	Q0	7406#5	0
5991	Q0	6317#7	0
5991	Q0	2648#18	0
5991	Q0	81282#0	0
5991	Q0	769356#13	0
5991	Q0	226434#0	0
5991	Q0	84608#0	0
5992	Q0	109380#0	1
5992	Q0	2703#0	0
5992	Q0	271246#0	0
5992	Q0	347120#0	0
5992	Q0	270988#0	0
5992	Q0	2703#3	0
5992	Q0	52132#0	0
5992	Q0	271252#0	0
5992	Q0	137931#0	0
5992	Q0	270990#0	0
5994	Q0	24449#0	1
5994	Q0	24449#12	0
5994	Q0	24449#3	0
5994	Q0	24449#17	0
5994	Q0	24449#10	0
5994	Q0	24449#14	0
5994	Q0	24449#1	0
5994	Q0	351612#1	0
5994	Q0	24449#18	0
5994	Q0	24449#7	0
5995	Q0	10627#22	1
5995	Q0	233735#1	1
5995	Q0	353887#4	1
5995	Q0	353887#9	0
5995	Q0	400758#12	0
5995	Q0	9588#13	0
5995	Q0	1046#5	0
5995	Q0	161539#1	0
5995	Q0	1046#6	0
5995	Q0	289883#2	0
5996	Q0	142100#2	1
5996	Q0	261667#0	0
5996	Q0	261667#1	0
5996	Q0	2739#4	0
5996	Q0	127449#62	0
5996	Q0	183865#0	0
5996	Q0	192978#0	0
5996	Q0	62788#13	0
5996	Q0	384680#0	0
5996	Q0	127449#65	0
5997	Q0	117986#2	1
5997	Q0	107484#0	1
5997	Q0	8395#0	1
5997	Q0	43137#0	0
5997	Q0	193884#4	0
5997	Q0	74701#0	0
5997	Q0	52231#0	0
5997	Q0	210924#0	0
5997	Q0	7118#2	0
5997	Q0	4039#43	0
5999	Q0	210324#17	1
5999	Q0	16913#23	0
5999	Q0	17014#1	0
5999	Q0	392497#0	0
5999	Q0	16913#1	0
5999	Q0	392497#1	0
5999	Q0	16913#0	0
5999	Q0	3399#0	0
5999	Q0	230215#8	0
5999	Q0	16913#5	0
6000	Q0	153687#0	1
6000	Q0	21873#0	1
6000	Q0	153701#0	1
6000	Q0	21873#1	0
6000	Q0	25016#0	0
6000	Q0	153153#0	0
6000	Q0	56564#0	0
6000	Q0	153098#0	0
6000	Q0	153098#1	0
6000	Q0	153624#0	0
6001	Q0	65689#0	1
6001	Q0	39786#0	1
6001	Q0	6362#2	1
6001	Q0	6362#16	1
6001	Q0	161362#0	0
6001	Q0	6362#3	0
6001	Q0	6362#0	0
6001	Q0	6362#17	0
6001	Q0	6362#1	0
6001	Q0	161381#0	0
6002	Q0	415220#8	1
6002	Q0	415220#0	1
6002	Q0	415220#9	1
6002	Q0	415246#0	0
6002	Q0	415220#6	0
6002	Q0	217656#3	0
6002	Q0	415220#1	0
6002	Q0	415220#7	0
6002	Q0	305719#8	0
6002	Q0	417692#21	0
6003	Q0	415220#6	1
6003	Q0	417692#3	1
6003	Q0	415220#14	1
6003	Q0	415220#8	1
6003	Q0	415220#9	1
6003	Q0	415220#0	0
6003	Q0	417692#0	0
6003	Q0	415220#10	0
6003	Q0	371657#0	0
6003	Q0	415220#7	0
6004	Q0	6208#17	1
6004	Q0	6784#0	1
6004	Q0	6208#0	1
6004	Q0	4193#0	0
6004	Q0	48513#2	0
6004	Q0	6207#0	0
6004	Q0	15745#12	0
6004	Q0	11012#33	0
6004	Q0	4196#32	0
6004	Q0	52#23	0
6006	Q0	25036#3	1
6006	Q0	14351#0	1
6006	Q0	25036#4	1
6006	Q0	25036#32	1
6006	Q0	25036#30	1
6006	Q0	25036#2	0
6006	Q0	83303#0	0
6006	Q0	25036#25	0
6006	Q0	65763#7	0
6006	Q0	263994#0	0
6006	Q0	4433#14	0
6006	Q0	1130#58	0
6006	Q0	91209#0	0
6008	Q0	343680#4	1
6008	Q0	126100#3	1
6008	Q0	18440#60	1
6008	Q0	14861#19	1
6008	Q0	18440#52	1
6008	Q0	2499862#5	1
6008	Q0	2499862#2	1
6008	Q0	2499862#1	1
6008	Q0	2499862#0	1
6008	Q0	71355#5	0
6008	Q0	41209#6	0
6008	Q0	709#57	0
6008	Q0	26038#18	0
6008	Q0	6191#19	0
6008	Q0	2499862#3	0
6008	Q0	2499862#6	0
6009	Q0	140161#1	1
6009	Q0	32411#3	1
6009	Q0	146730#2	0
6009	Q0	123289#1	0
6009	Q0	271050#4	0
6009	Q0	311717#19	0
6009	Q0	35877#3	0
6009	Q0	1124#1	0
6009	Q0	337676#2	0
6009	Q0	124864#3	0
6010	Q0	4571#1	1
6010	Q0	2615041#0	1
6010	Q0	274418#0	0
6010	Q0	42985#0	0
6010	Q0	109125#5	0
6010	Q0	429251#5	0
6010	Q0	838#17	0
6010	Q0	84608#0	0
6010	Q0	81282#0	0
6010	Q0	82796#0	0
6011	Q0	64020#1	1
6011	Q0	64020#5	1
6011	Q0	64020#0	1
6011	Q0	64020#9	0
6011	Q0	64020#3	0
6011	Q0	24432#3	0
6011	Q0	64020#6	0
6011	Q0	64020#7	0
6011	Q0	64020#4	0
6011	Q0	64020#2	0
6012	Q0	29125#39	1
6012	Q0	3800#3	1
6012	Q0	29125#31	1
6012	Q0	29125#41	1
6012	Q0	29125#40	0
6012	Q0	29125#58	0
6012	Q0	29125#29	0
6012	Q0	29125#14	0
6012	Q0	29125#0	0
6012	Q0	29125#5	0
6013	Q0	25058#1	1
6013	Q0	25058#9	1
6013	Q0	25058#12	1
6013	Q0	25058#6	0
6013	Q0	1025#1	0
6013	Q0	69377#2	0
6013	Q0	25058#3	0
6013	Q0	1101#41	0
6013	Q0	199906#3	0
6013	Q0	20872#47	0
6014	Q0	45540#0	1
6014	Q0	33176#112	1
6014	Q0	45540#2	1
6014	Q0	33176#1	1
6014	Q0	45540#6	1
6014	Q0	254971#3	1
6014	Q0	45540#3	1
6014	Q0	45540#24	0
6014	Q0	33176#134	0
6014	Q0	45540#5	0
6014	Q0	1025#69	0
6014	Q0	45540#4	0
6015	Q0	348434#0	1
6015	Q0	14229#0	1
6015	Q0	72791#0	1
6015	Q0	42733#43	0
6015	Q0	49220#13	0
6015	Q0	14228#16	0
6015	Q0	195498#0	0
6015	Q0	325291#5	0
6015	Q0	54#8	0
6015	Q0	325291#7	0
6016	Q0	270580#0	1
6016	Q0	198246#2	1
6016	Q0	270580#5	1
6016	Q0	270580#7	0
6016	Q0	270580#10	0
6016	Q0	270580#9	0
6016	Q0	342062#1	0
6016	Q0	198246#0	0
6016	Q0	32423#0	0
6016	Q0	202274#0	0
6016	Q0	34678#0	0
6017	Q0	14340#0	1
6017	Q0	14340#34	1
6017	Q0	14340#17	1
6017	Q0	14340#13	1
6017	Q0	14340#33	1
6017	Q0	338184#0	0
6017	Q0	14340#15	0
6017	Q0	14340#14	0
6017	Q0	14340#2	0
6017	Q0	14340#26	0
6018	Q0	13166#5	1
6018	Q0	13166#0	1
6018	Q0	13166#1	1
6018	Q0	13166#15	1
6018	Q0	13166#12	1
6018	Q0	13166#9	1
6018	Q0	1003#25	1
6018	Q0	13166#7	0
6018	Q0	198260#2	0
6018	Q0	13166#13	0
6019	Q0	58172#4	1
6019	Q0	19641#3	1
6019	Q0	68692#41	1
6019	Q0	58174#11	1
6019	Q0	195859#7	0
6019	Q0	19641#41	0
6019	Q0	19641#1	0
6019	Q0	131469#2	0
6019	Q0	409780#0	0
6019	Q0	54867#14	0
6022	Q0	168642#0	1
6022	Q0	14943#8	1
6022	Q0	357878#1	1
6022	Q0	274000#0	0
6022	Q0	14943#9	0
6022	Q0	40230#10	0
6022	Q0	212874#0	0
6022	Q0	735#28	0
6022	Q0	81282#0	0
6022	Q0	128189#4	0
6023	Q0	26148#14	1
6023	Q0	26148#33	1
6023	Q0	26148#22	1
6023	Q0	414620#1	1
6023	Q0	414236#0	0
6023	Q0	429202#2	0
6023	Q0	413209#0	0
6023	Q0	120874#24	0
6023	Q0	435182#0	0
6023	Q0	414604#0	0
6024	Q0	258943#0	1
6024	Q0	21575#1	0
6024	Q0	4467#17	0
6024	Q0	260123#0	0
6024	Q0	258955#0	0
6024	Q0	18743#0	0
6024	Q0	140079#33	0
6024	Q0	258328#0	0
6024	Q0	3282#29	0
6024	Q0	27537#3	0
6026	Q0	19003#0	1
6026	Q0	282135#8	1
6026	Q0	19003#24	1
6026	Q0	50223#7	1
6026	Q0	121986#22	0
6026	Q0	5474#13	0
6026	Q0	37279#2	0
6026	Q0	57556#5	0
6026	Q0	63081#9	0
6026	Q0	5778#8	0
6027	Q0	124066#3	1
6027	Q0	101411#9	1
6027	Q0	439743#7	1
6027	Q0	16912#24	0
6027	Q0	16912#27	0
6027	Q0	439743#5	0
6027	Q0	124066#30	0
6027	Q0	124066#6	0
6027	Q0	16912#1	0
6027	Q0	16912#25	0
6028	Q0	415220#0	1
6028	Q0	415220#8	1
6028	Q0	415220#6	1
6028	Q0	415220#14	0
6028	Q0	417692#3	0
6028	Q0	417692#0	0
6028	Q0	371657#0	0
6028	Q0	415220#10	0
6028	Q0	415220#7	0
6028	Q0	412850#0	0
6029	Q0	20819#5	1
6029	Q0	20819#3	1
6029	Q0	177601#3	1
6029	Q0	20819#2	1
6029	Q0	236426#46	0
6029	Q0	20819#6	0
6029	Q0	236426#48	0
6029	Q0	20819#0	0
6029	Q0	58851#0	0
6029	Q0	437782#7	0
6029	Q0	348871#5	0
6030	Q0	297225#20	1
6030	Q0	153782#15	0
6030	Q0	153782#46	0
6030	Q0	153782#33	0
6030	Q0	153782#35	0
6030	Q0	153782#24	0
6030	Q0	153782#31	0
6030	Q0	120928#0	0
6030	Q0	1046#9	0
6030	Q0	3806#8	0
6031	Q0	4538#0	1
6031	Q0	4538#1	1
6031	Q0	4538#2	0
6031	Q0	105725#19	0
6031	Q0	17016#6	0
6031	Q0	11640#9	0
6031	Q0	105725#14	0
6031	Q0	246858#0	0
6031	Q0	14153#19	0
6031	Q0	11418#5	0
6032	Q0	427620#1	1
6032	Q0	13927#0	1
6032	Q0	367248#3	1
6032	Q0	367862#0	0
6032	Q0	367769#0	0
6032	Q0	367812#0	0
6032	Q0	366728#0	0
6032	Q0	367186#0	0
6032	Q0	4510#7	0
6032	Q0	367832#0	0
6035	Q0	2335130#0	1
6035	Q0	194090#4	0
6035	Q0	255080#1	0
6035	Q0	22153#11	0
6035	Q0	49089#5	0
6035	Q0	3992#5	0
6035	Q0	154780#2	0
6035	Q0	307071#5	0
6035	Q0	19820#4	0
6035	Q0	211792#3	0
6036	Q0	138484#9	1
6036	Q0	138484#8	1
6036	Q0	138484#6	1
6036	Q0	138484#7	1
6036	Q0	138484#0	0
6036	Q0	138484#4	0
6036	Q0	138484#5	0
6036	Q0	138484#3	0
6036	Q0	152482#2	0
6036	Q0	138484#2	0
6037	Q0	427060#0	1
6037	Q0	427060#3	1
6037	Q0	427060#6	1
6037	Q0	427060#2	0
6037	Q0	344622#0	0
6037	Q0	22924#44	0
6037	Q0	420825#0	0
6037	Q0	33176#104	0
6037	Q0	75901#10	0
6037	Q0	415142#2	0
6038	Q0	9503#1	1
6038	Q0	142871#0	1
6038	Q0	9503#13	1
6038	Q0	257598#0	0
6038	Q0	9503#3	0
6038	Q0	429552#0	0
6038	Q0	69107#1	0
6038	Q0	12365#3	0
6038	Q0	20002#0	0
6038	Q0	317907#0	0
6040	Q0	183394#2	1
6040	Q0	183394#0	1
6040	Q0	183394#1	1
6040	Q0	10944#6	0
6040	Q0	10944#23	0
6040	Q0	10944#17	0
6040	Q0	10944#5	0
6040	Q0	10944#22	0
6040	Q0	196438#0	0
6040	Q0	183505#0	0
6041	Q0	185843#1	1
6041	Q0	124610#7	1
6041	Q0	185843#0	0
6041	Q0	213599#0	0
6041	Q0	124610#8	0
6041	Q0	124610#6	0
6041	Q0	124610#54	0
6041	Q0	124610#15	0
6041	Q0	213785#1	0
6041	Q0	185843#8	0
6044	Q0	396668#52	1
6044	Q0	790#0	1
6044	Q0	396668#44	0
6044	Q0	12126#17	0
6044	Q0	325453#5	0
6044	Q0	396668#51	0
6044	Q0	50223#2	0
6044	Q0	40928#2	0
6044	Q0	49500#0	0
6044	Q0	325453#3	0
6045	Q0	100834#3	1
6045	Q0	69320#0	0
6045	Q0	69320#90	0
6045	Q0	69320#93	0
6045	Q0	69320#97	0
6045	Q0	69320#1	0
6045	Q0	69430#37	0
6045	Q0	62411#2	0
6045	Q0	69320#44	0
6046	Q0	4143#10	1
6046	Q0	97678#0	1
6046	Q0	53015#0	1
6046	Q0	4143#11	0
6046	Q0	53011#0	0
6046	Q0	53014#0	0
6046	Q0	97679#0	0
6046	Q0	97675#0	0
6046	Q0	53016#0	0
6046	Q0	53019#0	0
6047	Q0	72724#4	1
6047	Q0	13952#22	0
6047	Q0	96235#12	0
6047	Q0	37082#5	0
6047	Q0	258675#0	0
6047	Q0	11272#13	0
6047	Q0	281816#6	0
6047	Q0	69275#5	0
6047	Q0	121706#15	0
6047	Q0	12216#25	0
6048	Q0	3065#2	1
6048	Q0	22158#89	1
6048	Q0	360370#1	1
6048	Q0	130735#2	0
6048	Q0	145707#116	0
6048	Q0	89855#43	0
6048	Q0	38908#12	0
6048	Q0	82557#8	0
6048	Q0	142824#0	0
6048	Q0	16097#8	0
6049	Q0	4120#0	1
6049	Q0	55429#0	0
6049	Q0	5431#0	0
6049	Q0	40517#18	0
6049	Q0	46098#19	0
6049	Q0	50#0	0
6049	Q0	15745#0	0
6049	Q0	3777#23	0
6049	Q0	50#24	0
6049	Q0	4807#4	0
6050	Q0	53791#0	1
6050	Q0	53791#4	1
6050	Q0	53988#4	1
6050	Q0	53791#6	1
6050	Q0	363167#2	1
6050	Q0	3172#18	0
6050	Q0	53791#2	0
6050	Q0	53791#3	0
6050	Q0	53791#7	0
6050	Q0	53791#5	0
6051	Q0	100133#0	1
6051	Q0	100133#12	1
6051	Q0	100133#20	0
6051	Q0	100133#11	0
6051	Q0	100133#9	0
6051	Q0	100133#1	0
6051	Q0	100133#30	0
6051	Q0	100133#7	0
6051	Q0	100133#16	0
6051	Q0	100133#24	0
6053	Q0	287218#9	1
6053	Q0	12561#65	1
6053	Q0	48733#0	0
6053	Q0	106781#67	0
6053	Q0	56182#0	0
6053	Q0	353191#0	0
6053	Q0	12091#0	0
6053	Q0	4451#3	0
6053	Q0	12091#23	0
6053	Q0	243864#30	0
6054	Q0	11611#2	1
6054	Q0	236426#53	0
6054	Q0	15055#9	0
6054	Q0	236426#1	0
6054	Q0	15042#2	0
6054	Q0	282896#0	0
6054	Q0	236426#51	0
6054	Q0	11292#20	0
6054	Q0	236426#16	0
6054	Q0	15055#41	0
6055	Q0	300886#5	1
6055	Q0	145683#3	1
6055	Q0	300886#41	0
6055	Q0	62992#2	0
6055	Q0	349249#14	0
6055	Q0	197343#30	0
6055	Q0	199278#5	0
6055	Q0	300886#0	0
6055	Q0	300886#24	0
6055	Q0	300886#44	0
6056	Q0	57987#12	1
6056	Q0	46763#3	1
6056	Q0	279761#27	1
6056	Q0	57987#0	0
6056	Q0	57989#2	0
6056	Q0	57987#13	0
6056	Q0	57987#14	0
6056	Q0	57962#19	0
6056	Q0	279761#24	0
6056	Q0	57987#7	0
6057	Q0	101772#0	1
6057	Q0	233378#22	1
6057	Q0	18743#0	0
6057	Q0	328136#0	0
6057	Q0	4448#0	0
6057	Q0	4531#3	0
6057	Q0	235369#0	0
6057	Q0	78756#0	0
6057	Q0	37082#0	0
6057	Q0	434984#6	0
6058	Q0	14791#5	1
6058	Q0	14791#18	1
6058	Q0	14791#0	1
6058	Q0	14791#20	0
6058	Q0	14791#14	0
6058	Q0	14791#2	0
6058	Q0	14791#11	0
6058	Q0	14791#4	0
6058	Q0	14791#3	0
6058	Q0	14791#15	0
6059	Q0	16819#0	1
6059	Q0	16819#7	0
6059	Q0	16819#4	0
6059	Q0	16819#6	0
6059	Q0	16819#9	0
6059	Q0	16819#1	0
6059	Q0	16819#8	0
6059	Q0	16819#2	0
6059	Q0	16819#5	0
6059	Q0	16819#3	0
6060	Q0	178235#4	1
6060	Q0	119948#3	1
6060	Q0	178235#6	1
6060	Q0	178235#3	0
6060	Q0	178235#8	0
6060	Q0	59239#165	0
6060	Q0	119948#2	0
6060	Q0	49#19	0
6060	Q0	222351#0	0
6060	Q0	116402#3	0
6061	Q0	16849#1	1
6061	Q0	105208#0	1
6061	Q0	33394#2	0
6061	Q0	120486#0	0
6061	Q0	16849#2	0
6061	Q0	301090#0	0
6061	Q0	5078#1	0
6061	Q0	39447#2	0
6061	Q0	311187#5	0
6061	Q0	326003#9	0
6062	Q0	4761#11	1
6062	Q0	13452#5	1
6062	Q0	4762#15	1
6062	Q0	4762#10	1
6062	Q0	834#20	1
6062	Q0	4762#0	0
6062	Q0	4762#14	0
6062	Q0	4763#2	0
6062	Q0	46802#4	0
6062	Q0	194373#25	0
6064	Q0	286484#3	1
6064	Q0	107356#3	1
6064	Q0	4589#3	1
6064	Q0	286484#2	0
6064	Q0	286484#8	0
6064	Q0	286484#11	0
6064	Q0	286484#29	0
6064	Q0	1072#2	0
6064	Q0	49383#2	0
6064	Q0	195622#3	0
6065	Q0	57609#0	1
6065	Q0	121327#0	1
6065	Q0	122486#0	1
6065	Q0	121328#0	1
6065	Q0	122798#0	0
6065	Q0	121397#0	0
6065	Q0	57600#0	0
6065	Q0	121076#0	0
6065	Q0	121396#0	0
6065	Q0	84854#0	0
6067	Q0	10820#0	1
6067	Q0	6728#0	1
6067	Q0	274085#0	1
6067	Q0	21821#4	1
6067	Q0	21821#0	0
6067	Q0	85310#104	0
6067	Q0	20880#15	0
6067	Q0	21821#2	0
6067	Q0	69430#2	0
6067	Q0	6728#7	0
6068	Q0	3493#2	1
6068	Q0	3493#0	1
6068	Q0	240868#54	1
6068	Q0	46589#0	1
6068	Q0	33176#157	0
6068	Q0	82603#0	0
6068	Q0	3493#114	0
6068	Q0	18812#1	0
6068	Q0	240868#93	0
6068	Q0	3493#32	0
6069	Q0	433155#27	1
6069	Q0	433155#31	1
6069	Q0	433155#24	1
6069	Q0	433155#32	0
6069	Q0	433155#17	0
6069	Q0	433155#30	0
6069	Q0	368446#8	0
6069	Q0	433155#35	0
6069	Q0	433155#21	0
6069	Q0	433155#26	0
6070	Q0	180731#0	1
6070	Q0	428729#0	1
6070	Q0	264386#11	0
6070	Q0	315961#0	0
6070	Q0	20196#0	0
6070	Q0	311624#0	0
6070	Q0	3806#8	0
6070	Q0	2623926#0	0
6070	Q0	207597#0	0
6070	Q0	247710#0	0
6071	Q0	47220#0	1
6071	Q0	12216#52	1
6071	Q0	59252#2	1
6071	Q0	22584#1	0
6071	Q0	218228#0	0
6071	Q0	49506#1	0
6071	Q0	12216#63	0
6071	Q0	292740#0	0
6071	Q0	441069#0	0
6071	Q0	265940#0	0
6072	Q0	403300#0	1
6072	Q0	403300#5	0
6072	Q0	24706#0	0
6072	Q0	37380#0	0
6072	Q0	3992#5	0
6072	Q0	380554#1	0
6072	Q0	141391#0	0
6072	Q0	416298#1	0
6072	Q0	7879#2	0
6072	Q0	55601#4	0
6073	Q0	37207#0	1
6073	Q0	200926#3	1
6073	Q0	37207#3	0
6073	Q0	306382#0	0
6073	Q0	101585#1	0
6073	Q0	196602#3	0
6073	Q0	16162#23	0
6073	Q0	226106#1	0
6073	Q0	235581#1	0
6073	Q0	3992#5	0
6074	Q0	157577#0	1
6074	Q0	19588#1	1
6074	Q0	220734#0	1
6074	Q0	211127#3	1
6074	Q0	35283#0	0
6074	Q0	12572#15	0
6074	Q0	161224#0	0
6074	Q0	106304#5	0
6074	Q0	69#47	0
6074	Q0	106304#4	0
6075	Q0	116541#0	1
6075	Q0	5857#9	1
6075	Q0	116541#1	0
6075	Q0	4123#11	0
6075	Q0	26875#9	0
6075	Q0	5559#1	0
6075	Q0	21839#6	0
6075	Q0	21839#14	0
6075	Q0	58936#1	0
6075	Q0	22154#3	0
6076	Q0	4648#15	1
6076	Q0	4422#19	1
6076	Q0	16641#0	0
6076	Q0	4648#16	0
6076	Q0	11480#25	0
6076	Q0	18191#59	0
6076	Q0	54271#28	0
6076	Q0	6207#16	0
6076	Q0	94547#3	0
6076	Q0	146698#20	0
6077	Q0	942#41	1
6077	Q0	23450#2	1
6077	Q0	946#52	1
6077	Q0	6413#17	1
6077	Q0	942#1	0
6077	Q0	242514#0	0
6077	Q0	20723#0	0
6077	Q0	24362#11	0
6077	Q0	5673#0	0
6077	Q0	12597#0	0
6078	Q0	223222#0	1
6078	Q0	226204#0	1
6078	Q0	257277#0	1
6078	Q0	257277#2	1
6078	Q0	257277#4	1
6078	Q0	219526#14	1
6078	Q0	257277#1	0
6078	Q0	257277#3	0
6078	Q0	257277#8	0
6078	Q0	3800#37	0
6079	Q0	46805#0	1
6079	Q0	261512#3	0
6079	Q0	155839#0	0
6079	Q0	30655#0	0
6079	Q0	117975#10	0
6079	Q0	25814#0	0
6079	Q0	245867#0	0
6079	Q0	235468#1	0
6079	Q0	261758#0	0
6079	Q0	296833#1	0
6080	Q0	81566#4	1
6080	Q0	93999#0	1
6080	Q0	32296#0	1
6080	Q0	93999#30	1
6080	Q0	1130#19	1
6080	Q0	93999#1	1
6080	Q0	93999#12	1
6080	Q0	152291#11	0
6080	Q0	93999#10	0
6080	Q0	37005#1	0
6080	Q0	93999#14	0
6080	Q0	93999#2	0
6083	Q0	44#39	1
6083	Q0	5431#0	0
6083	Q0	55429#0	0
6083	Q0	68#12	0
6083	Q0	65168#2	0
6083	Q0	15636#0	0
6083	Q0	28829#0	0
6083	Q0	50#0	0
6083	Q0	15637#4	0
6083	Q0	40899#0	0
6084	Q0	4167#0	1
6084	Q0	4167#3	1
6084	Q0	90641#2	1
6084	Q0	90641#0	0
6084	Q0	308422#2	0
6084	Q0	14719#0	0
6084	Q0	308422#0	0
6084	Q0	4167#2	0
6084	Q0	4166#0	0
6084	Q0	13217#0	0
6086	Q0	36820#2	1
6086	Q0	5431#0	0
6086	Q0	68#12	0
6086	Q0	3771#15	0
6086	Q0	4076#0	0
6086	Q0	4133#3	0
6086	Q0	90509#0	0
6086	Q0	4068#6	0
6086	Q0	44#39	0
6086	Q0	3971#0	0
6088	Q0	36472#35	1
6088	Q0	339336#0	1
6088	Q0	2473356#7	1
6088	Q0	394965#0	0
6088	Q0	391530#0	0
6088	Q0	314422#0	0
6088	Q0	3803#9	0
6088	Q0	269553#1	0
6088	Q0	198336#0	0
6088	Q0	432200#0	0
6089	Q0	25904#7	1
6089	Q0	161539#0	1
6089	Q0	353887#11	0
6089	Q0	10241#23	0
6089	Q0	13911#27	0
6089	Q0	10241#1	0
6089	Q0	10241#36	0
6089	Q0	13911#1	0
6089	Q0	161539#1	0
6089	Q0	13911#28	0
6090	Q0	4642#0	1
6090	Q0	343539#1	1
6090	Q0	28440#2	0
6090	Q0	4642#2	0
6090	Q0	64574#14	0
6090	Q0	13016#1	0
6090	Q0	4673#0	0
6090	Q0	13016#0	0
6090	Q0	4404#15	0
6090	Q0	270592#6	0
6091	Q0	19988#0	1
6091	Q0	20050#0	1
6091	Q0	30382#9	1
6091	Q0	20050#10	1
6091	Q0	23930#16	1
6091	Q0	20050#7	0
6091	Q0	104427#1	0
6091	Q0	20632#17	0
6091	Q0	20183#36	0
6091	Q0	20050#6	0
6092	Q0	318342#0	1
6092	Q0	190424#0	1
6092	Q0	77157#0	1
6092	Q0	380054#1	1
6092	Q0	6439#0	1
6092	Q0	37286#0	0
6092	Q0	262563#0	0
6092	Q0	51940#8	0
6092	Q0	135195#1	0
6092	Q0	10480#150	0
6093	Q0	55344#1	1
6093	Q0	4119#2	1
6093	Q0	55345#0	0
6093	Q0	55353#0	0
6093	Q0	55362#3	0
6093	Q0	55337#0	0
6093	Q0	55341#3	0
6093	Q0	55341#4	0
6093	Q0	55331#0	0
6093	Q0	4119#8	0
6094	Q0	415220#8	1
6094	Q0	415220#6	1
6094	Q0	415220#0	0
6094	Q0	415220#9	0
6094	Q0	415246#0	0
6094	Q0	217656#3	0
6094	Q0	415220#1	0
6094	Q0	415220#7	0
6094	Q0	305719#8	0
6094	Q0	417692#21	0
6095	Q0	44#16	1
6095	Q0	13246#1	1
6095	Q0	121234#1	1
6095	Q0	44786#2	1
6095	Q0	286973#1	1
6095	Q0	307060#21	1
6095	Q0	286973#8	1
6095	Q0	368141#1	0
6095	Q0	146698#10	0
6095	Q0	46865#6	0
6097	Q0	34098#1	1
6097	Q0	3169#0	1
6097	Q0	92439#0	1
6097	Q0	273637#0	1
6097	Q0	64#36	1
6097	Q0	3328#0	1
6097	Q0	3169#2	0
6097	Q0	3169#5	0
6097	Q0	64#37	0
6097	Q0	27169#7	0
6098	Q0	13088#25	1
6098	Q0	13088#0	1
6098	Q0	32388#3	1
6098	Q0	13088#18	1
6098	Q0	32388#0	1
6098	Q0	26559#23	0
6098	Q0	32834#0	0
6098	Q0	13088#27	0
6098	Q0	11392#1	0
6098	Q0	13088#26	0
6099	Q0	146066#7	1
6099	Q0	146066#0	1
6099	Q0	185740#0	1
6099	Q0	177916#3	1
6099	Q0	13660#6	0
6099	Q0	817#23	0
6099	Q0	4768#2	0
6099	Q0	13660#0	0
6099	Q0	13660#3	0
6099	Q0	74209#1	0
6100	Q0	4061#5	1
6100	Q0	4061#28	1
6100	Q0	4061#38	1
6100	Q0	4061#18	0
6100	Q0	85310#113	0
6100	Q0	4061#48	0
6100	Q0	4070#32	0
6100	Q0	112159#7	0
6100	Q0	4070#30	0
6100	Q0	4061#4	0
6101	Q0	389826#3	1
6101	Q0	345691#2	1
6101	Q0	389826#0	1
6101	Q0	122857#2	1
6101	Q0	17692#11	1
6101	Q0	15730#3	0
6101	Q0	78760#10	0
6101	Q0	24376#2	0
6101	Q0	41124#5	0
6101	Q0	317323#2	0
6102	Q0	3945#0	1
6102	Q0	66789#1	1
6102	Q0	134468#8	1
6102	Q0	240451#1	1
6102	Q0	219701#6	0
6102	Q0	219701#0	0
6102	Q0	3945#1	0
6102	Q0	101623#4	0
6102	Q0	101623#1	0
6102	Q0	109228#4	0
6103	Q0	13603#11	1
6103	Q0	183782#0	1
6103	Q0	192897#0	1
6103	Q0	16185#0	1
6103	Q0	234207#2	0
6103	Q0	159732#0	0
6103	Q0	16185#2	0
6103	Q0	24306#0	0
6103	Q0	70991#0	0
6103	Q0	63521#0	0
6104	Q0	699561#11	1
6104	Q0	146698#30	0
6104	Q0	417865#3	0
6104	Q0	208418#8	0
6104	Q0	274492#6	0
6104	Q0	415735#59	0
6104	Q0	81438#2	0
6104	Q0	768#4	0
6104	Q0	78600#26	0
6104	Q0	72673#2	0
6106	Q0	735#22	1
6106	Q0	47719#18	1
6106	Q0	735#6	1
6106	Q0	39971#2	0
6106	Q0	307323#0	0
6106	Q0	39971#4	0
6106	Q0	307136#0	0
6106	Q0	351870#0	0
6106	Q0	735#5	0
6106	Q0	39971#17	0
6107	Q0	50536#0	1
6107	Q0	4891#6	1
6107	Q0	286468#0	1
6107	Q0	39698#1	0
6107	Q0	202888#1	0
6107	Q0	80181#0	0
6107	Q0	289271#25	0
6107	Q0	106285#1	0
6107	Q0	364321#1	0
6107	Q0	152585#6	0
6108	Q0	11535#12	1
6108	Q0	65589#0	1
6108	Q0	264634#4	0
6108	Q0	81629#0	0
6108	Q0	65579#0	0
6108	Q0	177837#0	0
6108	Q0	22934#0	0
6108	Q0	187895#5	0
6108	Q0	281196#0	0
6108	Q0	187326#0	0
6109	Q0	708#22	1
6109	Q0	1135#54	1
6109	Q0	1135#53	1
6109	Q0	708#28	0
6109	Q0	1135#76	0
6109	Q0	708#39	0
6109	Q0	315436#0	0
6109	Q0	1135#61	0
6109	Q0	1135#93	0
6109	Q0	1135#90	0
6111	Q0	2534827#3	1
6111	Q0	220730#6	0
6111	Q0	3803#9	0
6111	Q0	97085#4	0
6111	Q0	252780#13	0
6111	Q0	6906#45	0
6111	Q0	35169#15	0
6111	Q0	356456#66	0
6111	Q0	296375#2	0
6111	Q0	220730#17	0
6112	Q0	153687#0	1
6112	Q0	153701#0	1
6112	Q0	59156#2	0
6112	Q0	25016#0	0
6112	Q0	153153#0	0
6112	Q0	21873#17	0
6112	Q0	153098#1	0
6112	Q0	21873#4	0
6112	Q0	56564#0	0
6112	Q0	21873#23	0
6113	Q0	250522#0	1
6113	Q0	58935#0	0
6113	Q0	250517#1	0
6113	Q0	11900#30	0
6113	Q0	844#15	0
6113	Q0	194400#13	0
6113	Q0	58887#0	0
6113	Q0	122485#0	0
6113	Q0	857#11	0
6113	Q0	311406#0	0
6114	Q0	36295#1	1
6114	Q0	36295#4	1
6114	Q0	36295#6	1
6114	Q0	158884#5	1
6114	Q0	36295#0	1
6114	Q0	36296#2	1
6114	Q0	330540#4	0
6114	Q0	113661#1	0
6114	Q0	67392#7	0
6114	Q0	186385#0	0
6117	Q0	11790#0	1
6117	Q0	11790#5	0
6117	Q0	279816#0	0
6117	Q0	289054#8	0
6117	Q0	270415#0	0
6117	Q0	125517#0	0
6117	Q0	25460#0	0
6117	Q0	106068#22	0
6117	Q0	138137#18	0
6117	Q0	33042#1	0
6118	Q0	250713#0	1
6118	Q0	1444906#0	1
6118	Q0	27322#1	0
6118	Q0	27322#8	0
6118	Q0	27322#9	0
6118	Q0	27322#3	0
6118	Q0	123544#1	0
6118	Q0	228474#3	0
6118	Q0	2784#16	0
6118	Q0	223455#1	0
6119	Q0	38732#0	1
6119	Q0	38732#12	1
6119	Q0	38732#6	0
6119	Q0	38732#1	0
6119	Q0	38732#5	0
6119	Q0	38731#3	0
6119	Q0	38528#1	0
6119	Q0	38736#0	0
6119	Q0	25819#16	0
6119	Q0	711#5	0
6120	Q0	317710#0	1
6120	Q0	4464#0	1
6120	Q0	2757#1	1
6120	Q0	4491#10	1
6120	Q0	4470#15	1
6120	Q0	6342#11	0
6120	Q0	4470#0	0
6120	Q0	186967#14	0
6120	Q0	329696#0	0
6120	Q0	13531#0	0
6121	Q0	82836#10	1
6121	Q0	6861#29	1
6121	Q0	82836#1	1
6121	Q0	82837#2	1
6121	Q0	836709#1	1
6121	Q0	836709#0	1
6121	Q0	836709#4	1
6121	Q0	6861#6	0
6121	Q0	6861#5	0
6121	Q0	6861#35	0
6121	Q0	203568#0	0
6121	Q0	286635#0	0
6121	Q0	6861#25	0
6122	Q0	18795#4	1
6122	Q0	18797#0	0
6122	Q0	70377#0	0
6122	Q0	41281#0	0
6122	Q0	53402#18	0
6122	Q0	111692#0	0
6122	Q0	107968#25	0
6122	Q0	193568#4	0
6122	Q0	109886#0	0
6122	Q0	18797#1	0
6123	Q0	14719#0	1
6123	Q0	14719#1	1
6123	Q0	207958#2	1
6123	Q0	13217#3	1
6123	Q0	14719#9	0
6123	Q0	14719#19	0
6123	Q0	14719#23	0
6123	Q0	14719#16	0
6123	Q0	207958#0	0
6123	Q0	14719#3	0
6124	Q0	817#0	1
6124	Q0	817#11	1
6124	Q0	817#6	1
6124	Q0	4789#18	1
6124	Q0	4754#1	1
6124	Q0	817#8	0
6124	Q0	817#5	0
6124	Q0	817#12	0
6124	Q0	4759#52	0
6124	Q0	817#17	0
6125	Q0	144462#0	1
6125	Q0	159635#0	0
6125	Q0	348085#1	0
6125	Q0	4472#7	0
6125	Q0	247345#3	0
6125	Q0	4472#8	0
6125	Q0	842#35	0
6125	Q0	4472#12	0
6125	Q0	4472#38	0
6125	Q0	348085#0	0
6126	Q0	237724#0	1
6126	Q0	22924#4	1
6126	Q0	235775#29	1
6126	Q0	231057#14	0
6126	Q0	237724#1	0
6126	Q0	220971#1	0
6126	Q0	220971#0	0
6126	Q0	237724#22	0
6126	Q0	22924#31	0
6126	Q0	237724#20	0
6127	Q0	5078#3	1
6127	Q0	5078#1	1
6127	Q0	30658#10	1
6127	Q0	39447#2	0
6127	Q0	45436#12	0
6127	Q0	217604#2	0
6127	Q0	354641#12	0
6127	Q0	831#7	0
6127	Q0	39447#0	0
6127	Q0	68854#0	0
6130	Q0	33176#79	1
6130	Q0	33176#80	1
6130	Q0	6342#4	1
6130	Q0	12561#42	1
6130	Q0	12561#0	0
6130	Q0	12091#4	0
6130	Q0	12561#24	0
6130	Q0	253156#11	0
6130	Q0	12561#39	0
6130	Q0	45540#7	0
6131	Q0	143001#0	1
6131	Q0	143001#4	1
6131	Q0	143001#2	0
6131	Q0	143001#3	0
6131	Q0	143001#9	0
6131	Q0	143001#1	0
6131	Q0	143001#7	0
6131	Q0	143001#5	0
6131	Q0	143001#8	0
6131	Q0	143001#10	0
6132	Q0	1726790#0	1
6132	Q0	727882#0	1
6132	Q0	3794#7	0
6132	Q0	2976#1	0
6132	Q0	6816#4	0
6132	Q0	3363#1	0
6132	Q0	181104#4	0
6132	Q0	361859#0	0
6132	Q0	81282#0	0
6132	Q0	353623#0	0
6132	Q0	6439#0	0
6132	Q0	727882#2	0
6132	Q0	727882#3	0
6134	Q0	442804#1	1
6134	Q0	442749#4	1
6134	Q0	442804#4	1
6134	Q0	176100#7	1
6134	Q0	442804#8	1
6134	Q0	55346#17	1
6134	Q0	442804#3	0
6134	Q0	442804#5	0
6134	Q0	160155#4	0
6134	Q0	374202#9	0
6135	Q0	173328#2	1
6135	Q0	173328#0	1
6135	Q0	173328#1	1
6135	Q0	440553#20	0
6135	Q0	276746#4	0
6135	Q0	276746#101	0
6135	Q0	173328#19	0
6135	Q0	276746#99	0
6135	Q0	33176#129	0
6135	Q0	276746#91	0
6136	Q0	14704#1	1
6136	Q0	12847#0	1
6136	Q0	4522#6	1
6136	Q0	14704#20	0
6136	Q0	258317#0	0
6136	Q0	14704#4	0
6136	Q0	93883#46	0
6136	Q0	4642#0	0
6136	Q0	413699#1	0
6136	Q0	26913#0	0
6137	Q0	4666#12	1
6137	Q0	100133#1	0
6137	Q0	54236#0	0
6137	Q0	184512#0	0
6137	Q0	100133#4	0
6137	Q0	120727#2	0
6137	Q0	107968#4	0
6137	Q0	147340#34	0
6137	Q0	8106#5	0
6137	Q0	41353#13	0
6139	Q0	371796#4	1
6139	Q0	75874#3	1
6139	Q0	274141#0	1
6139	Q0	75874#1	1
6139	Q0	12976#7	1
6139	Q0	75874#0	0
6139	Q0	19022#1	0
6139	Q0	32397#1	0
6139	Q0	19022#12	0
6139	Q0	75874#7	0
6140	Q0	131342#0	1
6140	Q0	234453#6	1
6140	Q0	131342#5	1
6140	Q0	131342#2	0
6140	Q0	131342#4	0
6140	Q0	153172#0	0
6140	Q0	288505#1	0
6140	Q0	34265#32	0
6140	Q0	185390#0	0
6140	Q0	34265#1	0
6141	Q0	246249#15	1
6141	Q0	282663#3	1
6141	Q0	77774#0	1
6141	Q0	1101#40	0
6141	Q0	337990#2	0
6141	Q0	201453#1	0
6141	Q0	82297#13	0
6141	Q0	1101#13	0
6141	Q0	1041#100	0
6141	Q0	64432#0	0
6143	Q0	127449#71	1
6143	Q0	6276#40	1
6143	Q0	6276#37	1
6143	Q0	27356#3	0
6143	Q0	6276#61	0
6143	Q0	6276#42	0
6143	Q0	6276#38	0
6143	Q0	6276#2	0
6143	Q0	6276#58	0
6143	Q0	6276#44	0
6144	Q0	293751#3	1
6144	Q0	2992#8	1
6144	Q0	6927#7	1
6144	Q0	2992#5	0
6144	Q0	6927#19	0
6144	Q0	6927#14	0
6144	Q0	71620#1	0
6144	Q0	6927#27	0
6144	Q0	293748#0	0
6144	Q0	49974#0	0
6145	Q0	51011#0	1
6145	Q0	416068#9	1
6145	Q0	121664#0	1
6145	Q0	45342#16	1
6145	Q0	45342#0	0
6145	Q0	416068#15	0
6145	Q0	121666#0	0
6145	Q0	121676#0	0
6145	Q0	44865#3	0
6145	Q0	121670#0	0
6146	Q0	16549#9	1
6146	Q0	16549#7	0
6146	Q0	365887#6	0
6146	Q0	365887#55	0
6146	Q0	214307#9	0
6146	Q0	210861#4	0
6146	Q0	16549#22	0
6146	Q0	14839#2	0
6146	Q0	838#17	0
6146	Q0	232961#1	0
6147	Q0	282835#5	1
6147	Q0	210346#3	1
6147	Q0	22924#4	0
6147	Q0	315670#4	0
6147	Q0	319628#5	0
6147	Q0	224992#11	0
6147	Q0	224992#9	0
6147	Q0	224992#12	0
6147	Q0	224992#15	0
6147	Q0	436242#3	0
