1000816#0	Q0	2797090#3	1
1000816#0	Q0	2797090#2	1
1000816#0	Q0	739489#0	1
1000816#0	Q0	2797090#4	0
1000816#0	Q0	2797090#5	0
1000816#0	Q0	8282585#0	0
1000816#0	Q0	2797090#0	0
1000816#0	Q0	18046#4	0
1000816#0	Q0	510800#1	0
1000816#0	Q0	2797090#1	0
100104#0	Q0	1018891#0	1
100104#0	Q0	26628#1	1
100104#0	Q0	700435#0	1
100104#0	Q0	26628#22	1
100104#0	Q0	26628#35	1
100104#0	Q0	26628#0	0
100104#0	Q0	1270677#23	0
100104#0	Q0	3002459#1	0
100104#0	Q0	26628#10	0
100104#0	Q0	2697517#0	0
10015491#0	Q0	12002760#9	1
10015491#0	Q0	56534#0	1
10015491#0	Q0	8804528#7	1
10015491#0	Q0	797813#55	1
10015491#0	Q0	10335296#0	0
10015491#0	Q0	56534#30	0
10015491#0	Q0	56534#31	0
10015491#0	Q0	56534#29	0
10015491#0	Q0	56534#37	0
10015491#0	Q0	56534#4	0
10016137#0	Q0	7792257#2	1
10016137#0	Q0	7792257#0	1
10016137#0	Q0	7792257#1	1
10016137#0	Q0	15739#38	1
10016137#0	Q0	15739#5	1
10016137#0	Q0	342585#0	1
10016137#0	Q0	15739#8	1
10016137#0	Q0	8255068#1	1
10016137#0	Q0	15739#0	1
10016137#0	Q0	14779076#9	1
10018588#0	Q0	8369413#0	1
10018588#0	Q0	5536299#4	0
10018588#0	Q0	1639026#1	0
10018588#0	Q0	917762#23	0
10018588#0	Q0	9199246#2	0
10018588#0	Q0	2870053#0	0
10018588#0	Q0	7883020#2	0
10018588#0	Q0	7883020#7	0
10018588#0	Q0	5975600#4	0
10018588#0	Q0	63669#0	0
10092985#0	Q0	1143040#1	1
10092985#0	Q0	7412448#0	1
10092985#0	Q0	1143040#35	1
10092985#0	Q0	1143040#23	0
10092985#0	Q0	69975#11	0
10092985#0	Q0	7410942#0	0
10092985#0	Q0	69975#117	0
10092985#0	Q0	4550139#14	0
10092985#0	Q0	1143040#12	0
10092985#0	Q0	2454541#0	0
10111534#0	Q0	1916110#1	1
10111534#0	Q0	13067915#4	1
10111534#0	Q0	55483#0	1
10111534#0	Q0	11523436#1	1
10111534#0	Q0	1279234#1	0
10111534#0	Q0	55483#2	0
10111534#0	Q0	6791105#0	0
10111534#0	Q0	55483#8	0
10111534#0	Q0	1279234#0	0
10111534#0	Q0	55483#9	0
1014091#0	Q0	788343#0	1
1014091#0	Q0	11453192#0	0
1014091#0	Q0	6174213#0	0
1014091#0	Q0	788343#1	0
1014091#0	Q0	6174213#5	0
1014091#0	Q0	142544#8	0
1014091#0	Q0	3935325#0	0
1014091#0	Q0	6174213#4	0
1014091#0	Q0	5380113#0	0
1014091#0	Q0	5992830#0	0
10147692#0	Q0	12425828#2	1
10147692#0	Q0	5154826#59	1
10147692#0	Q0	12750595#3	0
10147692#0	Q0	7965913#2	0
10147692#0	Q0	688#1	0
10147692#0	Q0	1335777#1	0
10147692#0	Q0	7349505#11	0
10147692#0	Q0	1407#59	0
10147692#0	Q0	14328430#10	0
10147692#0	Q0	350021#1	0
1015395#0	Q0	698378#6	1
1015395#0	Q0	34656#3	0
1015395#0	Q0	5946292#0	0
1015395#0	Q0	698378#7	0
1015395#0	Q0	12278062#2	0
1015395#0	Q0	698378#1	0
1015395#0	Q0	672231#6	0
1015395#0	Q0	962922#1	0
1015395#0	Q0	34656#102	0
1015395#0	Q0	672231#8	0
1016364#0	Q0	12780691#13	1
1016364#0	Q0	65299#1	1
1016364#0	Q0	5156887#0	0
1016364#0	Q0	12165079#0	0
1016364#0	Q0	14377689#1	0
1016364#0	Q0	13258904#1	0
1016364#0	Q0	9548364#1	0
1016364#0	Q0	12830678#2	0
1016364#0	Q0	8436037#3	0
1016364#0	Q0	13905941#0	0
10170167#0	Q0	8128#5	1
10170167#0	Q0	3836601#4	0
10170167#0	Q0	28113#0	0
10170167#0	Q0	8128#19	0
10170167#0	Q0	3836601#1	0
10170167#0	Q0	8128#6	0
10170167#0	Q0	8128#75	0
10170167#0	Q0	1160225#28	0
10170167#0	Q0	40661#5	0
10170167#0	Q0	163809#5	0
10190708#0	Q0	2502120#2	1
10190708#0	Q0	4114125#0	0
10190708#0	Q0	4478163#0	0
10190708#0	Q0	4716240#13	0
10190708#0	Q0	2502120#0	0
10190708#0	Q0	2502120#1	0
10190708#0	Q0	2502120#6	0
10190708#0	Q0	2502120#11	0
10190708#0	Q0	949377#47	0
10190708#0	Q0	1939740#24	0
10192282#0	Q0	13791817#15	1
10192282#0	Q0	316832#2	1
10192282#0	Q0	10553#35	0
10192282#0	Q0	43044#4	0
10192282#0	Q0	43044#5	0
10192282#0	Q0	6482831#9	0
10192282#0	Q0	8854707#2	0
10192282#0	Q0	1918279#5	0
10192282#0	Q0	3161903#41	0
10192282#0	Q0	6482831#7	0
10223082#0	Q0	53533#0	1
10223082#0	Q0	53533#6	0
10223082#0	Q0	53533#8	0
10223082#0	Q0	3925136#0	0
10223082#0	Q0	6247193#0	0
10223082#0	Q0	699764#1	0
10223082#0	Q0	471897#3	0
10223082#0	Q0	664526#0	0
10223082#0	Q0	14529187#0	0
10223082#0	Q0	5533912#1	0
10229855#0	Q0	3442661#59	1
10229855#0	Q0	123456#8	1
10229855#0	Q0	8712940#47	0
10229855#0	Q0	2459003#1	0
10229855#0	Q0	949510#75	0
10229855#0	Q0	180496#11	0
10229855#0	Q0	2829#63	0
10229855#0	Q0	3442661#0	0
10229855#0	Q0	12467911#19	0
10229855#0	Q0	14262635#36	0
10237476#0	Q0	12615291#16	1
10237476#0	Q0	12615291#4	1
10237476#0	Q0	12615291#11	0
10237476#0	Q0	12615291#0	0
10237476#0	Q0	12615291#1	0
10237476#0	Q0	12615291#3	0
10237476#0	Q0	12615291#17	0
10237476#0	Q0	12615291#9	0
10237476#0	Q0	12615291#18	0
10237476#0	Q0	12615291#2	0
1024392#0	Q0	4404193#14	1
1024392#0	Q0	10748649#3	0
1024392#0	Q0	32478#9	0
1024392#0	Q0	92123#10	0
1024392#0	Q0	75627#8	0
1024392#0	Q0	1024392#4	0
1024392#0	Q0	75627#10	0
1024392#0	Q0	137634#9	0
1024392#0	Q0	6615260#27	0
1024392#0	Q0	250227#4	0
1025182#0	Q0	6123#194	1
1025182#0	Q0	12514028#5	1
1025182#0	Q0	11072978#9	1
1025182#0	Q0	6123#129	0
1025182#0	Q0	6123#183	0
1025182#0	Q0	13255944#2	0
1025182#0	Q0	6118630#15	0
1025182#0	Q0	4233825#0	0
1025182#0	Q0	4653051#14	0
1025182#0	Q0	6123#113	0
10259756#0	Q0	4793160#3	1
10259756#0	Q0	253054#20	0
10259756#0	Q0	3610786#21	0
10259756#0	Q0	9618957#3	0
10259756#0	Q0	8611645#4	0
10259756#0	Q0	12347841#4	0
10259756#0	Q0	12519961#12	0
10259756#0	Q0	684608#6	0
10259756#0	Q0	5460680#10	0
10259756#0	Q0	14511880#1	0
10277575#0	Q0	4830417#5	1
10277575#0	Q0	8047915#5	1
10277575#0	Q0	10277575#0	0
10277575#0	Q0	10277575#4	0
10277575#0	Q0	5329500#37	0
10277575#0	Q0	3446477#17	0
10277575#0	Q0	10277575#1	0
10277575#0	Q0	10277575#2	0
10277575#0	Q0	10277575#5	0
10277575#0	Q0	5766811#16	0
10319686#0	Q0	181814#13	1
10319686#0	Q0	181814#11	0
10319686#0	Q0	181814#12	0
10319686#0	Q0	181814#0	0
10319686#0	Q0	14520#51	0
10319686#0	Q0	181814#2	0
10319686#0	Q0	181814#3	0
10319686#0	Q0	181814#7	0
10319686#0	Q0	181814#14	0
10319686#0	Q0	181814#22	0
1032386#0	Q0	27031#1	1
1032386#0	Q0	27031#0	1
1032386#0	Q0	6226104#0	0
1032386#0	Q0	7097946#0	0
1032386#0	Q0	5967740#0	0
1032386#0	Q0	5967740#2	0
1032386#0	Q0	222694#5	0
1032386#0	Q0	5967740#3	0
1032386#0	Q0	5967740#1	0
1032386#0	Q0	11107375#0	0
1033156#0	Q0	3226066#3	1
1033156#0	Q0	163276#0	0
1033156#0	Q0	4343918#51	0
1033156#0	Q0	4343918#116	0
1033156#0	Q0	3226066#28	0
1033156#0	Q0	3226066#13	0
1033156#0	Q0	222386#29	0
1033156#0	Q0	3226066#43	0
1033156#0	Q0	3226066#31	0
1033156#0	Q0	4343918#41	0
10368877#0	Q0	1000020#0	1
10368877#0	Q0	8862191#1	1
10368877#0	Q0	1000020#2	1
10368877#0	Q0	1163207#5	0
10368877#0	Q0	299732#36	0
10368877#0	Q0	1000020#14	0
10368877#0	Q0	11486616#0	0
10368877#0	Q0	1163207#0	0
10368877#0	Q0	4177302#1	0
10368877#0	Q0	1000020#6	0
103770#0	Q0	1208876#66	1
103770#0	Q0	14054929#2	1
103770#0	Q0	4504859#11	0
103770#0	Q0	2014513#20	0
103770#0	Q0	1643283#4	0
103770#0	Q0	121296#3	0
103770#0	Q0	6335596#4	0
103770#0	Q0	12183958#3	0
103770#0	Q0	414157#7	0
103770#0	Q0	1425241#81	0
1037896#0	Q0	34186#98	1
1037896#0	Q0	34186#73	1
1037896#0	Q0	34186#75	0
1037896#0	Q0	1037887#6	0
1037896#0	Q0	34186#86	0
1037896#0	Q0	2015026#4	0
1037896#0	Q0	1037896#8	0
1037896#0	Q0	147379#1	0
1037896#0	Q0	34186#107	0
1037896#0	Q0	1037896#2	0
10435566#0	Q0	6123#65	1
10435566#0	Q0	12514028#5	0
10435566#0	Q0	6118630#15	0
10435566#0	Q0	6123#70	0
10435566#0	Q0	5460048#11	0
10435566#0	Q0	645269#62	0
10435566#0	Q0	6123#67	0
10435566#0	Q0	6357352#19	0
10435566#0	Q0	1406706#72	0
10435566#0	Q0	431496#94	0
10441997#0	Q0	6365645#7	1
10441997#0	Q0	193784#49	1
10441997#0	Q0	219851#12	0
10441997#0	Q0	6467948#0	0
10441997#0	Q0	2668167#1	0
10441997#0	Q0	11262555#6	0
10441997#0	Q0	187019#43	0
10441997#0	Q0	1642169#4	0
10441997#0	Q0	80894#67	0
10441997#0	Q0	6512554#0	0
10447835#0	Q0	25037#1	1
10447835#0	Q0	4789462#7	1
10447835#0	Q0	4747763#1	1
10447835#0	Q0	18052#52	0
10447835#0	Q0	4164914#16	0
10447835#0	Q0	3625697#0	0
10447835#0	Q0	4747763#7	0
10447835#0	Q0	9576442#2	0
10447835#0	Q0	45377#4	0
10447835#0	Q0	394263#23	0
1048412#0	Q0	40956#16	1
1048412#0	Q0	69363#13	1
1048412#0	Q0	4025647#1	1
1048412#0	Q0	564588#3	1
1048412#0	Q0	3409202#5	1
1048412#0	Q0	5158911#3	1
1048412#0	Q0	6907565#38	0
1048412#0	Q0	2673775#3	0
1048412#0	Q0	40956#24	0
1048412#0	Q0	5636846#80	0
10485902#0	Q0	11700124#1	1
10485902#0	Q0	12412176#31	0
10485902#0	Q0	3837366#1	0
10485902#0	Q0	174477#8	0
10485902#0	Q0	404396#0	0
10485902#0	Q0	174477#5	0
10485902#0	Q0	174477#10	0
10485902#0	Q0	685000#129	0
10485902#0	Q0	12480334#36	0
10485902#0	Q0	12480334#9	0
10491638#0	Q0	6963988#9	1
10491638#0	Q0	9628856#17	0
10491638#0	Q0	5458453#3	0
10491638#0	Q0	13560964#0	0
10491638#0	Q0	6963988#2	0
10491638#0	Q0	7098421#17	0
10491638#0	Q0	7098421#14	0
10491638#0	Q0	13560964#2	0
10491638#0	Q0	1798982#0	0
10491638#0	Q0	7098421#16	0
10499841#0	Q0	26028#5	1
10499841#0	Q0	3869887#1	0
10499841#0	Q0	228295#0	0
10499841#0	Q0	228295#1	0
10499841#0	Q0	26028#0	0
10499841#0	Q0	62440#0	0
10499841#0	Q0	1307732#0	0
10499841#0	Q0	26028#7	0
10499841#0	Q0	3359218#0	0
10499841#0	Q0	26028#34	0
10501811#0	Q0	920008#0	1
10501811#0	Q0	920008#6	1
10501811#0	Q0	120049#0	0
10501811#0	Q0	11400567#0	0
10501811#0	Q0	9365498#0	0
10501811#0	Q0	920008#13	0
10501811#0	Q0	1319575#1	0
10501811#0	Q0	10491781#0	0
10501811#0	Q0	13173834#0	0
10501811#0	Q0	920008#9	0
10515145#0	Q0	61428#45	1
10515145#0	Q0	61428#11	0
10515145#0	Q0	1595898#2	0
10515145#0	Q0	12120627#5	0
10515145#0	Q0	8760385#5	0
10515145#0	Q0	6809853#20	0
10515145#0	Q0	61428#22	0
10515145#0	Q0	477350#7	0
10515145#0	Q0	2773066#7	0
10515145#0	Q0	14393556#7	0
1052927#0	Q0	238713#0	1
1052927#0	Q0	257688#56	0
1052927#0	Q0	71672#21	0
1052927#0	Q0	238713#3	0
1052927#0	Q0	8590154#3	0
1052927#0	Q0	3867312#2	0
1052927#0	Q0	238713#9	0
1052927#0	Q0	12764311#1	0
1052927#0	Q0	238713#5	0
1052927#0	Q0	610499#15	0
10542646#0	Q0	235989#58	1
10542646#0	Q0	235989#13	1
10542646#0	Q0	235989#9	0
10542646#0	Q0	3148005#0	0
10542646#0	Q0	235989#59	0
10542646#0	Q0	235989#1	0
10542646#0	Q0	235989#25	0
10542646#0	Q0	235989#0	0
10542646#0	Q0	12315935#3	0
10542646#0	Q0	235989#19	0
1057583#0	Q0	65246#11	1
1057583#0	Q0	35531#22	1
1057583#0	Q0	3679005#68	1
1057583#0	Q0	123#150	0
1057583#0	Q0	659307#39	0
1057583#0	Q0	10752186#2	0
1057583#0	Q0	35531#18	0
1057583#0	Q0	3410338#84	0
1057583#0	Q0	269702#2	0
1057583#0	Q0	493577#1	0
1057853#0	Q0	81932#37	1
1057853#0	Q0	4081897#2	0
1057853#0	Q0	5498101#2	0
1057853#0	Q0	14216372#3	0
1057853#0	Q0	9350104#0	0
1057853#0	Q0	161811#16	0
1057853#0	Q0	11809802#0	0
1057853#0	Q0	11953798#0	0
1057853#0	Q0	10844#23	0
1057853#0	Q0	23995#66	0
106063#0	Q0	116740#1	1
106063#0	Q0	407996#4	1
106063#0	Q0	116740#34	0
106063#0	Q0	116740#0	0
106063#0	Q0	116740#68	0
106063#0	Q0	187954#9	0
106063#0	Q0	116740#84	0
106063#0	Q0	106047#20	0
106063#0	Q0	302814#3	0
106063#0	Q0	195612#2	0
10625574#0	Q0	4223948#0	1
10625574#0	Q0	4223948#6	1
10625574#0	Q0	6722930#29	1
10625574#0	Q0	13997443#4	0
10625574#0	Q0	4223948#7	0
10625574#0	Q0	10074102#22	0
10625574#0	Q0	4891333#3	0
10625574#0	Q0	13997443#7	0
10625574#0	Q0	4223948#3	0
10625574#0	Q0	4223948#16	0
10628923#0	Q0	1230557#2	1
10628923#0	Q0	27130#20	1
10628923#0	Q0	27130#9	0
10628923#0	Q0	27130#21	0
10628923#0	Q0	12074529#7	0
10628923#0	Q0	27130#8	0
10628923#0	Q0	27130#10	0
10628923#0	Q0	27130#17	0
10628923#0	Q0	9212421#12	0
10628923#0	Q0	9412137#2	0
10630979#0	Q0	1229290#1	1
10630979#0	Q0	1229290#2	0
10630979#0	Q0	1229290#6	0
10630979#0	Q0	1737252#6	0
10630979#0	Q0	1229290#0	0
10630979#0	Q0	10916330#21	0
10630979#0	Q0	11534850#75	0
10630979#0	Q0	719412#18	0
10630979#0	Q0	2725768#25	0
10630979#0	Q0	1737252#0	0
10642843#0	Q0	209965#0	1
10642843#0	Q0	554596#8	1
10642843#0	Q0	103496#5	0
10642843#0	Q0	209965#5	0
10642843#0	Q0	1005846#1	0
10642843#0	Q0	1075158#1	0
10642843#0	Q0	209965#4	0
10642843#0	Q0	209965#12	0
10642843#0	Q0	13052387#1	0
10642843#0	Q0	209965#10	0
1065229#0	Q0	1065229#2	1
1065229#0	Q0	1065229#3	1
1065229#0	Q0	1065229#0	0
1065229#0	Q0	1065229#1	0
1065229#0	Q0	9559090#0	0
1065229#0	Q0	53154#10	0
1065229#0	Q0	26565#22	0
1065229#0	Q0	79256#11	0
1065229#0	Q0	321844#7	0
1065229#0	Q0	1353655#35	0
10661092#0	Q0	47747#0	1
10661092#0	Q0	47747#2	0
10661092#0	Q0	47747#59	0
10661092#0	Q0	47747#82	0
10661092#0	Q0	5610626#0	0
10661092#0	Q0	3145082#3	0
10661092#0	Q0	47747#88	0
10661092#0	Q0	465876#2	0
10661092#0	Q0	2342286#0	0
10661092#0	Q0	14300255#0	0
1066622#0	Q0	3553316#2	1
1066622#0	Q0	10051349#0	1
1066622#0	Q0	205408#19	0
1066622#0	Q0	205430#5	0
1066622#0	Q0	20955#25	0
1066622#0	Q0	12758457#0	0
1066622#0	Q0	204918#29	0
1066622#0	Q0	12758467#0	0
1066622#0	Q0	11998188#0	0
1066622#0	Q0	9703063#6	0
10670673#0	Q0	11138603#3	1
10670673#0	Q0	2715410#30	0
10670673#0	Q0	144437#6	0
10670673#0	Q0	2034525#2	0
10670673#0	Q0	144437#13	0
10670673#0	Q0	4114896#4	0
10670673#0	Q0	391824#10	0
10670673#0	Q0	6642#64	0
10670673#0	Q0	38328#28	0
10670673#0	Q0	125749#20	0
10684869#0	Q0	58290#7	1
10684869#0	Q0	58290#5	1
10684869#0	Q0	58290#2	1
10684869#0	Q0	58290#6	0
10684869#0	Q0	58290#4	0
10684869#0	Q0	58290#3	0
10684869#0	Q0	58290#0	0
10684869#0	Q0	58290#1	0
10684869#0	Q0	2907060#1	0
10684869#0	Q0	74010#4	0
10702326#0	Q0	74990#27	1
10702326#0	Q0	12504018#1	0
10702326#0	Q0	12508316#1	0
10702326#0	Q0	74990#2	0
10702326#0	Q0	9684136#10	0
10702326#0	Q0	12515228#2	0
10702326#0	Q0	509448#30	0
10702326#0	Q0	74990#20	0
10702326#0	Q0	11734047#10	0
10702326#0	Q0	6225576#1	0
10725302#0	Q0	14520#55	1
10725302#0	Q0	4463729#10	1
10725302#0	Q0	4463729#6	1
10725302#0	Q0	4463729#0	0
10725302#0	Q0	4463729#8	0
10725302#0	Q0	4463729#9	0
10725302#0	Q0	4463729#11	0
10725302#0	Q0	504162#8	0
10725302#0	Q0	181814#14	0
10725302#0	Q0	181814#15	0
10731085#0	Q0	193359#49	1
10731085#0	Q0	193359#29	1
10731085#0	Q0	10621394#9	0
10731085#0	Q0	10585363#6	0
10731085#0	Q0	434129#21	0
10731085#0	Q0	193359#16	0
10731085#0	Q0	193359#83	0
10731085#0	Q0	10626010#10	0
10731085#0	Q0	193359#72	0
10731085#0	Q0	193359#36	0
1075077#0	Q0	13879445#1	1
1075077#0	Q0	13879445#0	0
1075077#0	Q0	10393593#1	0
1075077#0	Q0	14445810#2	0
1075077#0	Q0	13879445#4	0
1075077#0	Q0	172046#27	0
1075077#0	Q0	6041225#4	0
1075077#0	Q0	319993#24	0
1075077#0	Q0	14445810#3	0
1075077#0	Q0	14313227#11	0
10752301#0	Q0	4516100#39	1
10752301#0	Q0	331020#8	1
10752301#0	Q0	331020#16	0
10752301#0	Q0	393934#9	0
10752301#0	Q0	331020#73	0
10752301#0	Q0	331020#38	0
10752301#0	Q0	331020#22	0
10752301#0	Q0	6476029#9	0
10752301#0	Q0	6504196#22	0
10752301#0	Q0	1960431#66	0
10756354#0	Q0	118820#57	1
10756354#0	Q0	118820#18	1
10756354#0	Q0	2829#93	1
10756354#0	Q0	6739492#1	1
10756354#0	Q0	3975514#10	1
10756354#0	Q0	578853#3	1
10756354#0	Q0	118820#1	1
10756354#0	Q0	118820#20	1
10756354#0	Q0	12056910#0	0
10756354#0	Q0	41903#15	0
10783897#0	Q0	665037#0	1
10783897#0	Q0	665037#13	1
10783897#0	Q0	960989#1	1
10783897#0	Q0	665037#14	0
10783897#0	Q0	960989#2	0
10783897#0	Q0	2929600#1	0
10783897#0	Q0	2709073#0	0
10783897#0	Q0	9235904#0	0
10783897#0	Q0	12223225#6	0
10783897#0	Q0	486#0	0
107985#0	Q0	2938419#8	1
107985#0	Q0	107985#59	0
107985#0	Q0	12460435#1	0
107985#0	Q0	13426466#0	0
107985#0	Q0	113330#5	0
107985#0	Q0	107985#44	0
107985#0	Q0	2938419#10	0
107985#0	Q0	2938419#19	0
107985#0	Q0	107985#31	0
107985#0	Q0	2938419#36	0
10803030#0	Q0	148924#1	1
10803030#0	Q0	9022676#17	1
10803030#0	Q0	148924#0	0
10803030#0	Q0	148924#6	0
10803030#0	Q0	148924#3	0
10803030#0	Q0	2398#63	0
10803030#0	Q0	148924#2	0
10803030#0	Q0	14585608#2	0
10803030#0	Q0	3059015#2	0
10803030#0	Q0	148924#7	0
10828198#0	Q0	288902#0	1
10828198#0	Q0	17935#0	1
10828198#0	Q0	240849#38	0
10828198#0	Q0	17935#49	0
10828198#0	Q0	147100#0	0
10828198#0	Q0	240849#33	0
10828198#0	Q0	240849#39	0
10828198#0	Q0	17935#30	0
10828198#0	Q0	17935#37	0
10828198#0	Q0	17935#3	0
108572#0	Q0	3424437#1	1
108572#0	Q0	949431#2	0
108572#0	Q0	7180#122	0
108572#0	Q0	3022491#4	0
108572#0	Q0	950526#0	0
108572#0	Q0	861815#4	0
108572#0	Q0	1228853#27	0
108572#0	Q0	139059#6	0
108572#0	Q0	7180#2	0
108572#0	Q0	4111163#118	0
10877224#0	Q0	6336588#11	1
10877224#0	Q0	4390583#0	1
10877224#0	Q0	3597717#1	1
10877224#0	Q0	1355526#132	0
10877224#0	Q0	3572290#4	0
10877224#0	Q0	1355526#0	0
10877224#0	Q0	1355526#84	0
10877224#0	Q0	1355526#2	0
10877224#0	Q0	1355526#79	0
10877224#0	Q0	1355526#86	0
10903545#0	Q0	13210133#19	1
10903545#0	Q0	118238#11	1
10903545#0	Q0	118238#0	1
10903545#0	Q0	118238#13	0
10903545#0	Q0	118238#9	0
10903545#0	Q0	13210133#3	0
10903545#0	Q0	118238#17	0
10903545#0	Q0	4744337#2	0
10903545#0	Q0	3558779#7	0
10903545#0	Q0	118238#19	0
10911864#0	Q0	221141#3	1
10911864#0	Q0	12224819#3	0
10911864#0	Q0	1941039#6	0
10911864#0	Q0	1892061#4	0
10911864#0	Q0	1264329#1	0
10911864#0	Q0	922627#1	0
10911864#0	Q0	13559187#9	0
10911864#0	Q0	59608#2	0
10911864#0	Q0	53946#16	0
10911864#0	Q0	221141#12	0
1091660#0	Q0	1091660#0	1
1091660#0	Q0	1091660#2	1
1091660#0	Q0	1091660#4	1
1091660#0	Q0	1091660#13	0
1091660#0	Q0	1091660#15	0
1091660#0	Q0	1091660#10	0
1091660#0	Q0	1091660#41	0
1091660#0	Q0	1091660#1	0
1091660#0	Q0	1091660#44	0
1091660#0	Q0	1091660#6	0
10917915#0	Q0	50915#0	1
10917915#0	Q0	6498976#0	0
10917915#0	Q0	5408098#0	0
10917915#0	Q0	5551428#0	0
10917915#0	Q0	50915#67	0
10917915#0	Q0	13353823#0	0
10917915#0	Q0	50915#84	0
10917915#0	Q0	4120092#0	0
10917915#0	Q0	50915#4	0
10917915#0	Q0	50915#39	0
10921932#0	Q0	11291514#0	1
10921932#0	Q0	11291514#7	0
10921932#0	Q0	11291514#6	0
10921932#0	Q0	11291514#8	0
10921932#0	Q0	11291514#27	0
10921932#0	Q0	11291514#3	0
10921932#0	Q0	11291514#17	0
10921932#0	Q0	11291514#24	0
10921932#0	Q0	11291514#15	0
10921932#0	Q0	11291514#31	0
10923652#0	Q0	670154#3	1
10923652#0	Q0	467443#70	0
10923652#0	Q0	1775024#6	0
10923652#0	Q0	3632783#2	0
10923652#0	Q0	757068#31	0
10923652#0	Q0	467443#4	0
10923652#0	Q0	1079521#1	0
10923652#0	Q0	467443#3	0
10923652#0	Q0	4925#15	0
10923652#0	Q0	467443#1	0
10953055#0	Q0	6875638#1	1
10953055#0	Q0	128463#66	1
10953055#0	Q0	46145#49	0
10953055#0	Q0	12241806#2	0
10953055#0	Q0	12244353#4	0
10953055#0	Q0	165476#0	0
10953055#0	Q0	3217352#0	0
10953055#0	Q0	655747#19	0
10953055#0	Q0	1794#68	0
10953055#0	Q0	7555240#10	0
10978409#0	Q0	205070#0	1
10978409#0	Q0	1958#0	1
10978409#0	Q0	9202236#0	0
10978409#0	Q0	10398602#13	0
10978409#0	Q0	3840883#4	0
10978409#0	Q0	3190440#1	0
10978409#0	Q0	6852037#1	0
10978409#0	Q0	5386109#0	0
10978409#0	Q0	144270#24	0
10978409#0	Q0	49919#2	0
10988192#0	Q0	10377678#49	1
10988192#0	Q0	260643#42	0
10988192#0	Q0	14062164#5	0
10988192#0	Q0	14062164#0	0
10988192#0	Q0	51670#0	0
10988192#0	Q0	260643#55	0
10988192#0	Q0	8037924#35	0
10988192#0	Q0	1029851#1	0
10988192#0	Q0	8037924#26	0
10988192#0	Q0	260643#60	0
10999454#0	Q0	487131#0	1
10999454#0	Q0	1307191#0	0
10999454#0	Q0	14420847#0	0
10999454#0	Q0	2477565#0	0
10999454#0	Q0	4323466#2	0
10999454#0	Q0	12343461#3	0
10999454#0	Q0	14420847#2	0
10999454#0	Q0	4323466#0	0
10999454#0	Q0	4868173#1	0
10999454#0	Q0	1307191#6	0
11026862#0	Q0	28609#0	1
11026862#0	Q0	4447718#22	0
11026862#0	Q0	27724#19	0
11026862#0	Q0	27887#9	0
11026862#0	Q0	647652#10	0
11026862#0	Q0	3027#64	0
11026862#0	Q0	10378351#50	0
11026862#0	Q0	1813653#15	0
11026862#0	Q0	6705224#2	0
11026862#0	Q0	28609#1	0
11059040#0	Q0	1076121#0	1
11059040#0	Q0	1076121#7	1
11059040#0	Q0	1076121#47	0
11059040#0	Q0	1076121#68	0
11059040#0	Q0	1076121#57	0
11059040#0	Q0	1076121#1	0
11059040#0	Q0	1076121#23	0
11059040#0	Q0	1076121#71	0
11059040#0	Q0	1076121#55	0
11059040#0	Q0	1076121#12	0
11100005#0	Q0	7127411#4	1
11100005#0	Q0	6612511#46	1
11100005#0	Q0	6612511#10	0
11100005#0	Q0	6612511#20	0
11100005#0	Q0	6612511#33	0
11100005#0	Q0	3606691#9	0
11100005#0	Q0	89073#38	0
11100005#0	Q0	6612511#35	0
11100005#0	Q0	78619#27	0
11100005#0	Q0	6612511#26	0
11111355#0	Q0	3928455#27	1
11111355#0	Q0	4232524#5	0
11111355#0	Q0	9310173#1	0
11111355#0	Q0	278733#8	0
11111355#0	Q0	4232524#2	0
11111355#0	Q0	278733#15	0
11111355#0	Q0	9310173#5	0
11111355#0	Q0	4232524#3	0
11111355#0	Q0	278733#5	0
11111355#0	Q0	4232524#4	0
11112672#0	Q0	815713#0	1
11112672#0	Q0	14117093#1	1
11112672#0	Q0	602160#13	1
11112672#0	Q0	9368345#1	0
11112672#0	Q0	9368345#0	0
11112672#0	Q0	11398695#0	0
11112672#0	Q0	815713#21	0
11112672#0	Q0	815713#8	0
11112672#0	Q0	815713#155	0
11112672#0	Q0	815713#7	0
11136326#0	Q0	709910#4	1
11136326#0	Q0	3877856#24	0
11136326#0	Q0	441027#0	0
11136326#0	Q0	974056#0	0
11136326#0	Q0	629951#6	0
11136326#0	Q0	1167765#1	0
11136326#0	Q0	10474149#1	0
11136326#0	Q0	14468832#0	0
11136326#0	Q0	174943#0	0
11136326#0	Q0	2949336#0	0
1114676#0	Q0	6269737#1	1
1114676#0	Q0	10434#12	0
1114676#0	Q0	10434#46	0
1114676#0	Q0	12246918#1	0
1114676#0	Q0	10434#11	0
1114676#0	Q0	10434#21	0
1114676#0	Q0	10434#2	0
1114676#0	Q0	88781#39	0
1114676#0	Q0	10434#9	0
1114676#0	Q0	1581197#6	0
11208371#0	Q0	528584#4	1
11208371#0	Q0	604646#12	1
11208371#0	Q0	13241458#19	1
11208371#0	Q0	630218#21	1
11208371#0	Q0	10949885#40	0
11208371#0	Q0	11745740#4	0
11208371#0	Q0	13938596#12	0
11208371#0	Q0	528584#9	0
11208371#0	Q0	13938596#19	0
11208371#0	Q0	528584#1	0
1121173#0	Q0	407#3	1
1121173#0	Q0	25936#34	0
1121173#0	Q0	407#23	0
1121173#0	Q0	13139323#49	0
1121173#0	Q0	10294417#4	0
1121173#0	Q0	7004377#31	0
1121173#0	Q0	3116183#145	0
1121173#0	Q0	249564#8	0
1121173#0	Q0	13476781#3	0
1121173#0	Q0	2698900#46	0
11216039#0	Q0	3974360#0	1
11216039#0	Q0	40371#86	1
11216039#0	Q0	3974360#37	0
11216039#0	Q0	9207529#0	0
11216039#0	Q0	3974360#13	0
11216039#0	Q0	3974360#9	0
11216039#0	Q0	3974360#21	0
11216039#0	Q0	3974360#20	0
11216039#0	Q0	3974360#10	0
11216039#0	Q0	3974360#29	0
11220599#0	Q0	13786882#113	1
11220599#0	Q0	3877497#3	1
11220599#0	Q0	356774#22	0
11220599#0	Q0	5322028#4	0
11220599#0	Q0	5322028#1	0
11220599#0	Q0	13786882#112	0
11220599#0	Q0	2549#1	0
11220599#0	Q0	3877497#0	0
11220599#0	Q0	13786882#90	0
11220599#0	Q0	40567#46	0
11224564#0	Q0	254284#9	1
11224564#0	Q0	254284#11	0
11224564#0	Q0	254284#25	0
11224564#0	Q0	254284#27	0
11224564#0	Q0	254284#7	0
11224564#0	Q0	11224564#5	0
11224564#0	Q0	11224564#0	0
11224564#0	Q0	11224564#4	0
11224564#0	Q0	254284#35	0
11224564#0	Q0	11224564#21	0
11254161#0	Q0	3743399#1	1
11254161#0	Q0	659437#0	0
11254161#0	Q0	4248261#0	0
11254161#0	Q0	3743395#21	0
11254161#0	Q0	1043494#8	0
11254161#0	Q0	3743399#7	0
11254161#0	Q0	12356303#7	0
11254161#0	Q0	6268939#0	0
11254161#0	Q0	4248261#2	0
11254161#0	Q0	3743399#2	0
1129307#0	Q0	496751#32	1
1129307#0	Q0	24438#0	1
1129307#0	Q0	496751#1	1
1129307#0	Q0	3648564#0	0
1129307#0	Q0	215674#35	0
1129307#0	Q0	215674#20	0
1129307#0	Q0	5732444#0	0
1129307#0	Q0	215674#37	0
1129307#0	Q0	496751#138	0
1129307#0	Q0	215674#39	0
11299515#0	Q0	222761#14	1
11299515#0	Q0	1237397#6	0
11299515#0	Q0	108691#14	0
11299515#0	Q0	108691#3	0
11299515#0	Q0	222761#13	0
11299515#0	Q0	108691#15	0
11299515#0	Q0	50508#15	0
11299515#0	Q0	108691#0	0
11299515#0	Q0	1803258#14	0
11299515#0	Q0	9130297#4	0
11305493#0	Q0	7802405#1	1
11305493#0	Q0	4926057#0	0
11305493#0	Q0	14525600#0	0
11305493#0	Q0	14122131#0	0
11305493#0	Q0	4345111#0	0
11305493#0	Q0	13213541#7	0
11305493#0	Q0	42692#0	0
11305493#0	Q0	6108852#0	0
11305493#0	Q0	61133#0	0
11305493#0	Q0	4345111#3	0
113076#0	Q0	14126613#7	1
113076#0	Q0	1299408#36	1
113076#0	Q0	935846#14	1
113076#0	Q0	1037659#0	0
113076#0	Q0	935846#1	0
113076#0	Q0	1037659#3	0
113076#0	Q0	1299408#37	0
113076#0	Q0	1299408#20	0
113076#0	Q0	266191#0	0
113076#0	Q0	935846#8	0
11322228#0	Q0	8852630#0	1
11322228#0	Q0	8852630#3	0
11322228#0	Q0	1698529#3	0
11322228#0	Q0	8852630#5	0
11322228#0	Q0	8852630#7	0
11322228#0	Q0	8852630#2	0
11322228#0	Q0	8852630#10	0
11322228#0	Q0	8802655#25	0
11322228#0	Q0	1698529#0	0
11322228#0	Q0	80569#0	0
11324#0	Q0	65179#44	1
11324#0	Q0	1329#0	0
11324#0	Q0	1329#3	0
11324#0	Q0	9368072#1	0
11324#0	Q0	1329#15	0
11324#0	Q0	1329#48	0
11324#0	Q0	11380449#0	0
11324#0	Q0	1329#1	0
11324#0	Q0	11380449#3	0
11324#0	Q0	1329#2	0
11333962#0	Q0	4916#29	1
11333962#0	Q0	33578#17	1
11333962#0	Q0	4916#30	0
11333962#0	Q0	4916#27	0
11333962#0	Q0	4916#74	0
11333962#0	Q0	4529554#0	0
11333962#0	Q0	9850060#2	0
11333962#0	Q0	157856#27	0
11333962#0	Q0	7943582#0	0
11333962#0	Q0	4916#1	0
11337421#0	Q0	13702433#4	1
11337421#0	Q0	6663239#5	0
11337421#0	Q0	12272702#28	0
11337421#0	Q0	7096988#10	0
11337421#0	Q0	14385233#1	0
11337421#0	Q0	37777#64	0
11337421#0	Q0	5212675#12	0
11337421#0	Q0	6725025#12	0
11337421#0	Q0	10506261#2	0
11337421#0	Q0	7593967#17	0
11345155#0	Q0	727638#3	1
11345155#0	Q0	727638#38	1
11345155#0	Q0	727638#51	0
11345155#0	Q0	727638#2	0
11345155#0	Q0	727638#25	0
11345155#0	Q0	727638#0	0
11345155#0	Q0	727638#19	0
11345155#0	Q0	11214323#0	0
11345155#0	Q0	2788371#7	0
11345155#0	Q0	727638#35	0
1134517#0	Q0	192905#16	1
1134517#0	Q0	117132#74	0
1134517#0	Q0	302583#17	0
1134517#0	Q0	368872#0	0
1134517#0	Q0	10298466#1	0
1134517#0	Q0	302583#48	0
1134517#0	Q0	9994398#7	0
1134517#0	Q0	41083#43	0
1134517#0	Q0	9440079#0	0
1134517#0	Q0	5652247#17	0
1135#0	Q0	1014766#38	1
1135#0	Q0	5181#91	0
1135#0	Q0	5181#62	0
1135#0	Q0	1208828#7	0
1135#0	Q0	1590005#55	0
1135#0	Q0	9074469#37	0
1135#0	Q0	8721399#19	0
1135#0	Q0	11504942#1	0
1135#0	Q0	5181#53	0
1135#0	Q0	71168#56	0
11352325#0	Q0	810634#0	1
11352325#0	Q0	6992724#11	0
11352325#0	Q0	4710353#12	0
11352325#0	Q0	4166475#2	0
11352325#0	Q0	26626#13	0
11352325#0	Q0	6491662#0	0
11352325#0	Q0	7641984#1	0
11352325#0	Q0	447987#2	0
11352325#0	Q0	26626#15	0
11352325#0	Q0	6992724#17	0
113759#0	Q0	142614#0	1
113759#0	Q0	78765#0	0
113759#0	Q0	745802#0	0
113759#0	Q0	2940273#0	0
113759#0	Q0	1064404#0	0
113759#0	Q0	136246#93	0
113759#0	Q0	12821436#0	0
113759#0	Q0	4054954#0	0
113759#0	Q0	183465#0	0
113759#0	Q0	4710277#6	0
11378805#0	Q0	14145927#3	1
11378805#0	Q0	14145927#1	0
11378805#0	Q0	101082#21	0
11378805#0	Q0	3970241#57	0
11378805#0	Q0	14695172#2	0
11378805#0	Q0	2863812#49	0
11378805#0	Q0	79655#36	0
11378805#0	Q0	8594518#55	0
11378805#0	Q0	2863812#54	0
11378805#0	Q0	8523389#3	0
11381191#0	Q0	1791701#135	1
11381191#0	Q0	661186#31	0
11381191#0	Q0	2442293#201	0
11381191#0	Q0	1791701#154	0
11381191#0	Q0	11247005#4	0
11381191#0	Q0	7308836#1	0
11381191#0	Q0	618203#40	0
11381191#0	Q0	13720996#1	0
11381191#0	Q0	1791701#138	0
11381191#0	Q0	4535309#52	0
11381528#0	Q0	686109#70	1
11381528#0	Q0	570421#11	0
11381528#0	Q0	686109#71	0
11381528#0	Q0	9203489#8	0
11381528#0	Q0	337913#17	0
11381528#0	Q0	9202017#63	0
11381528#0	Q0	6573395#24	0
11381528#0	Q0	9202017#2	0
11381528#0	Q0	6484250#7	0
11381528#0	Q0	499548#9	0
11383010#0	Q0	2949#29	1
11383010#0	Q0	3347435#1	1
11383010#0	Q0	3208749#0	0
11383010#0	Q0	3105115#46	0
11383010#0	Q0	2949#84	0
11383010#0	Q0	3208749#8	0
11383010#0	Q0	900967#0	0
11383010#0	Q0	2949#0	0
11383010#0	Q0	3208749#11	0
11383010#0	Q0	3403588#13	0
11386695#0	Q0	6000019#24	1
11386695#0	Q0	1319#72	1
11386695#0	Q0	835029#17	1
11386695#0	Q0	6000019#26	1
11386695#0	Q0	6000019#0	0
11386695#0	Q0	6000019#39	0
11386695#0	Q0	4003510#27	0
11386695#0	Q0	6000019#46	0
11386695#0	Q0	6000019#61	0
11386695#0	Q0	6000019#60	0
11423122#0	Q0	20552#58	1
11423122#0	Q0	2467157#0	1
11423122#0	Q0	14481328#7	0
11423122#0	Q0	5878171#8	0
11423122#0	Q0	8405290#5	0
11423122#0	Q0	20552#57	0
11423122#0	Q0	20552#47	0
11423122#0	Q0	20552#56	0
11423122#0	Q0	20552#55	0
11423122#0	Q0	20552#45	0
11435741#0	Q0	580678#20	1
11435741#0	Q0	425628#29	0
11435741#0	Q0	91983#26	0
11435741#0	Q0	13253602#1	0
11435741#0	Q0	6019218#6	0
11435741#0	Q0	385641#17	0
11435741#0	Q0	1544948#2	0
11435741#0	Q0	1209383#21	0
11435741#0	Q0	13080694#59	0
11435741#0	Q0	1151746#23	0
11453908#0	Q0	485508#42	1
11453908#0	Q0	208516#0	1
11453908#0	Q0	2418755#30	0
11453908#0	Q0	4904883#5	0
11453908#0	Q0	547146#0	0
11453908#0	Q0	5584133#0	0
11453908#0	Q0	4724999#9	0
11453908#0	Q0	170597#2	0
11453908#0	Q0	8268274#0	0
11453908#0	Q0	5316693#5	0
11467705#0	Q0	1343895#0	1
11467705#0	Q0	1459751#0	0
11467705#0	Q0	1241088#0	0
11467705#0	Q0	11356777#0	0
11467705#0	Q0	1773508#1	0
11467705#0	Q0	1537810#0	0
11467705#0	Q0	6388680#0	0
11467705#0	Q0	1697553#0	0
11467705#0	Q0	1775439#0	0
11467705#0	Q0	1379198#0	0
11469240#0	Q0	2854250#3	1
11469240#0	Q0	1177910#26	0
11469240#0	Q0	2854250#7	0
11469240#0	Q0	163901#62	0
11469240#0	Q0	48182#22	0
11469240#0	Q0	46807#53	0
11469240#0	Q0	46807#58	0
11469240#0	Q0	48182#3	0
11469240#0	Q0	48182#0	0
11469240#0	Q0	46807#101	0
1147078#0	Q0	2949#142	1
1147078#0	Q0	2829961#0	0
1147078#0	Q0	4927546#12	0
1147078#0	Q0	3185727#0	0
1147078#0	Q0	4825217#1	0
1147078#0	Q0	4011177#12	0
1147078#0	Q0	396455#6	0
1147078#0	Q0	95844#1	0
1147078#0	Q0	4838117#1	0
1147078#0	Q0	95844#5	0
11501651#0	Q0	2850424#0	1
11501651#0	Q0	140462#2	0
11501651#0	Q0	2850424#10	0
11501651#0	Q0	101624#35	0
11501651#0	Q0	87240#36	0
11501651#0	Q0	101624#42	0
11501651#0	Q0	4490053#1	0
11501651#0	Q0	101624#43	0
11501651#0	Q0	13463581#47	0
11501651#0	Q0	2850424#11	0
1150641#0	Q0	298619#3	1
1150641#0	Q0	298619#0	0
1150641#0	Q0	298619#1	0
1150641#0	Q0	431483#0	0
1150641#0	Q0	6104584#0	0
1150641#0	Q0	298619#41	0
1150641#0	Q0	298619#2	0
1150641#0	Q0	3495915#24	0
1150641#0	Q0	298619#6	0
1150641#0	Q0	5591266#2	0
11526354#0	Q0	6699299#22	1
11526354#0	Q0	6699299#20	1
11526354#0	Q0	2810047#0	1
11526354#0	Q0	6699299#33	1
11526354#0	Q0	6699299#24	1
11526354#0	Q0	6699299#29	0
11526354#0	Q0	9652354#0	0
11526354#0	Q0	4595341#11	0
11526354#0	Q0	9652352#0	0
11526354#0	Q0	6699299#6	0
1152762#0	Q0	631544#0	1
1152762#0	Q0	631544#8	0
1152762#0	Q0	1254069#7	0
1152762#0	Q0	631544#29	0
1152762#0	Q0	1254069#0	0
1152762#0	Q0	631544#1	0
1152762#0	Q0	631544#4	0
1152762#0	Q0	631544#3	0
1152762#0	Q0	631544#15	0
1152762#0	Q0	631544#25	0
11574268#0	Q0	12904158#10	1
11574268#0	Q0	6742744#169	0
11574268#0	Q0	4213911#6	0
11574268#0	Q0	78425#9	0
11574268#0	Q0	78425#8	0
11574268#0	Q0	78425#0	0
11574268#0	Q0	78425#2	0
11574268#0	Q0	941679#3	0
11574268#0	Q0	51401#7	0
11574268#0	Q0	73803#4	0
11590392#0	Q0	84542#5	1
11590392#0	Q0	326134#2	0
11590392#0	Q0	200065#1	0
11590392#0	Q0	91983#60	0
11590392#0	Q0	11590392#0	0
11590392#0	Q0	1257985#3	0
11590392#0	Q0	119550#16	0
11590392#0	Q0	133974#16	0
11590392#0	Q0	209774#0	0
11590392#0	Q0	119550#11	0
115924#0	Q0	38408#153	1
115924#0	Q0	38408#101	1
115924#0	Q0	365051#0	1
115924#0	Q0	555#25	0
115924#0	Q0	38408#64	0
115924#0	Q0	38408#193	0
115924#0	Q0	38408#0	0
115924#0	Q0	38408#7	0
115924#0	Q0	38408#84	0
115924#0	Q0	13906000#12	0
1161490#0	Q0	4339971#5	1
1161490#0	Q0	8259218#27	0
1161490#0	Q0	95296#3	0
1161490#0	Q0	1859782#10	0
1161490#0	Q0	40356#28	0
1161490#0	Q0	291648#37	0
1161490#0	Q0	1159268#3	0
1161490#0	Q0	2020679#17	0
1161490#0	Q0	768889#105	0
1161490#0	Q0	12889613#6	0
1162068#0	Q0	1356215#3	1
1162068#0	Q0	4120970#6	1
1162068#0	Q0	322615#12	1
1162068#0	Q0	2466#16	0
1162068#0	Q0	622329#6	0
1162068#0	Q0	5396809#8	0
1162068#0	Q0	658997#8	0
1162068#0	Q0	110580#3	0
1162068#0	Q0	2466#3	0
1162068#0	Q0	171039#84	0
11630603#0	Q0	2347489#6	1
11630603#0	Q0	979383#2	1
11630603#0	Q0	2347489#3	0
11630603#0	Q0	305569#1	0
11630603#0	Q0	97885#2	0
11630603#0	Q0	979383#31	0
11630603#0	Q0	531217#5	0
11630603#0	Q0	979383#7	0
11630603#0	Q0	979383#22	0
11630603#0	Q0	979383#30	0
11633354#0	Q0	2673416#306	1
11633354#0	Q0	3903785#54	1
11633354#0	Q0	1166250#5	1
11633354#0	Q0	26111#69	1
11633354#0	Q0	494277#6	0
11633354#0	Q0	199240#1	0
11633354#0	Q0	4421078#1	0
11633354#0	Q0	199240#0	0
11633354#0	Q0	6485520#4	0
11633354#0	Q0	1879307#0	0
11650747#0	Q0	8717366#0	1
11650747#0	Q0	6766#12	1
11650747#0	Q0	858101#0	0
11650747#0	Q0	839596#1	0
11650747#0	Q0	14365060#3	0
11650747#0	Q0	908414#2	0
11650747#0	Q0	8717366#8	0
11650747#0	Q0	6766#38	0
11650747#0	Q0	6766#15	0
11650747#0	Q0	3650272#48	0
11669515#0	Q0	994491#24	1
11669515#0	Q0	3022992#4	1
11669515#0	Q0	1185746#18	1
11669515#0	Q0	4706238#11	0
11669515#0	Q0	3022992#6	0
11669515#0	Q0	13539266#3	0
11669515#0	Q0	372392#2	0
11669515#0	Q0	11340#52	0
11669515#0	Q0	138289#25	0
11669515#0	Q0	12192041#47	0
1168644#0	Q0	792984#25	1
1168644#0	Q0	2839205#149	1
1168644#0	Q0	1334370#16	0
1168644#0	Q0	4326393#14	0
1168644#0	Q0	1219912#109	0
1168644#0	Q0	13961335#6	0
1168644#0	Q0	14506845#2	0
1168644#0	Q0	49988#14	0
1168644#0	Q0	1334370#28	0
1168644#0	Q0	792984#9	0
11753110#0	Q0	14624540#5	1
11753110#0	Q0	3524321#6	0
11753110#0	Q0	14624540#10	0
11753110#0	Q0	10764485#13	0
11753110#0	Q0	14624540#8	0
11753110#0	Q0	816884#9	0
11753110#0	Q0	51900#36	0
11753110#0	Q0	51900#50	0
11753110#0	Q0	14622595#6	0
11753110#0	Q0	13387970#5	0
11770778#0	Q0	3932639#6	1
11770778#0	Q0	34760#51	1
11770778#0	Q0	3932639#80	0
11770778#0	Q0	11527360#25	0
11770778#0	Q0	1126#1	0
11770778#0	Q0	1126#113	0
11770778#0	Q0	4902478#2	0
11770778#0	Q0	3345155#7	0
11770778#0	Q0	1126#44	0
11770778#0	Q0	4054407#102	0
11806175#0	Q0	1013772#1	1
11806175#0	Q0	1015#17	1
11806175#0	Q0	3227197#1	0
11806175#0	Q0	351424#1	0
11806175#0	Q0	13719#2	0
11806175#0	Q0	3917546#141	0
11806175#0	Q0	88019#40	0
11806175#0	Q0	6439491#5	0
11806175#0	Q0	2742#0	0
11806175#0	Q0	1015#11	0
11821229#0	Q0	8924#5	1
11821229#0	Q0	328077#10	1
11821229#0	Q0	8924#1	0
11821229#0	Q0	328247#2	0
11821229#0	Q0	327958#4	0
11821229#0	Q0	328231#4	0
11821229#0	Q0	3917895#39	0
11821229#0	Q0	327894#9	0
11821229#0	Q0	388136#2	0
11821229#0	Q0	1199257#0	0
118593#0	Q0	955685#2	1
118593#0	Q0	26565#0	1
118593#0	Q0	5280#13	0
118593#0	Q0	137845#3	0
118593#0	Q0	5280#14	0
118593#0	Q0	26565#3	0
118593#0	Q0	7117812#0	0
118593#0	Q0	2178765#1	0
118593#0	Q0	137845#29	0
118593#0	Q0	26565#11	0
11862847#0	Q0	75660#0	1
11862847#0	Q0	75660#3	1
11862847#0	Q0	1205240#0	1
11862847#0	Q0	12280799#0	0
11862847#0	Q0	75660#2	0
11862847#0	Q0	13781041#0	0
11862847#0	Q0	1954249#2	0
11862847#0	Q0	4310537#3	0
11862847#0	Q0	658453#0	0
11862847#0	Q0	15296#0	0
11879945#0	Q0	5399581#0	1
11879945#0	Q0	438881#4	0
11879945#0	Q0	18052#21	0
11879945#0	Q0	13842726#2	0
11879945#0	Q0	10697113#1	0
11879945#0	Q0	3159899#0	0
11879945#0	Q0	5903#21	0
11879945#0	Q0	10697113#0	0
11879945#0	Q0	9847058#0	0
11879945#0	Q0	6451242#0	0
11880418#0	Q0	55395#14	1
11880418#0	Q0	55395#15	1
11880418#0	Q0	270140#5	1
11880418#0	Q0	754589#11	1
11880418#0	Q0	6959580#21	1
11880418#0	Q0	11975590#7	1
11880418#0	Q0	1005562#37	1
11880418#0	Q0	754589#16	1
11880418#0	Q0	55395#16	0
11880418#0	Q0	55394#17	0
11880882#0	Q0	9627863#0	1
11880882#0	Q0	1769188#48	1
11880882#0	Q0	271#20	0
11880882#0	Q0	33187#11	0
11880882#0	Q0	271#14	0
11880882#0	Q0	2221#6	0
11880882#0	Q0	5152#6	0
11880882#0	Q0	6186#71	0
11880882#0	Q0	6814583#0	0
11880882#0	Q0	5630367#6	0
11880940#0	Q0	13943#54	1
11880940#0	Q0	13943#79	0
11880940#0	Q0	13943#58	0
11880940#0	Q0	13943#0	0
11880940#0	Q0	66659#3	0
11880940#0	Q0	13943#55	0
11880940#0	Q0	13943#86	0
11880940#0	Q0	13943#56	0
11880940#0	Q0	12255474#1	0
11880940#0	Q0	13943#76	0
11880957#0	Q0	271#1	1
11880957#0	Q0	296986#0	1
11880957#0	Q0	12297428#2	0
11880957#0	Q0	296976#0	0
11880957#0	Q0	12878196#2	0
11880957#0	Q0	12912711#2	0
11880957#0	Q0	5689492#12	0
11880957#0	Q0	12572879#6	0
11880957#0	Q0	13064112#4	0
11880957#0	Q0	2994961#2	0
11881111#0	Q0	583566#1	1
11881111#0	Q0	64#49	1
11881111#0	Q0	1769188#4	0
11881111#0	Q0	6782#7	0
11881111#0	Q0	3873969#1	0
11881111#0	Q0	2874#5	0
11881111#0	Q0	1769188#12	0
11881111#0	Q0	1769188#0	0
11881111#0	Q0	1769188#131	0
11881111#0	Q0	1769188#9	0
11881229#0	Q0	1004396#6	1
11881229#0	Q0	48548#58	0
11881229#0	Q0	1813653#23	0
11881229#0	Q0	11731010#14	0
11881229#0	Q0	11623927#18	0
11881229#0	Q0	9327270#12	0
11881229#0	Q0	3027#85	0
11881229#0	Q0	11623927#0	0
11881229#0	Q0	385279#9	0
11881229#0	Q0	8094594#4	0
11881746#0	Q0	5600856#11	1
11881746#0	Q0	6724635#6	1
11881746#0	Q0	6724635#3	0
11881746#0	Q0	3554599#11	0
11881746#0	Q0	3163#24	0
11881746#0	Q0	3554599#13	0
11881746#0	Q0	299743#27	0
11881746#0	Q0	6724635#1	0
11881746#0	Q0	5693289#1	0
11881746#0	Q0	3163#2	0
11881843#0	Q0	5152#6	1
11881843#0	Q0	271#13	0
11881843#0	Q0	57267#5	0
11881843#0	Q0	33187#11	0
11881843#0	Q0	57267#0	0
11881843#0	Q0	271#0	0
11881843#0	Q0	24921#22	0
11881843#0	Q0	120301#4	0
11881843#0	Q0	120301#5	0
11881843#0	Q0	5696498#0	0
11882044#0	Q0	8667304#0	1
11882044#0	Q0	25026#2	0
11882044#0	Q0	13192330#3	0
11882044#0	Q0	10388540#27	0
11882044#0	Q0	7286#6	0
11882044#0	Q0	438881#3	0
11882044#0	Q0	33610#9	0
11882044#0	Q0	25026#30	0
11882044#0	Q0	14248754#4	0
11882044#0	Q0	14204729#1	0
11882395#0	Q0	583813#14	1
11882395#0	Q0	1716392#5	1
11882395#0	Q0	5501887#3	0
11882395#0	Q0	199218#38	0
11882395#0	Q0	5845991#2	0
11882395#0	Q0	1769188#45	0
11882395#0	Q0	3742664#15	0
11882395#0	Q0	271#39	0
11882395#0	Q0	5501887#55	0
11882395#0	Q0	25221#13	0
11882654#0	Q0	552809#17	1
11882654#0	Q0	4916#27	1
11882654#0	Q0	6942071#1	0
11882654#0	Q0	1242887#40	0
11882654#0	Q0	118609#13	0
11882654#0	Q0	348115#12	0
11882654#0	Q0	10330132#0	0
11882654#0	Q0	8140975#0	0
11882654#0	Q0	972891#25	0
11882654#0	Q0	972891#32	0
11882697#0	Q0	1967275#3	1
11882697#0	Q0	1401581#1	0
11882697#0	Q0	3363121#1	0
11882697#0	Q0	948318#0	0
11882697#0	Q0	107708#59	0
11882697#0	Q0	2819585#8	0
11882697#0	Q0	2165189#5	0
11882697#0	Q0	319030#44	0
11882697#0	Q0	4318152#8	0
11882697#0	Q0	13762322#7	0
11891340#0	Q0	9765276#19	1
11891340#0	Q0	918946#75	1
11891340#0	Q0	3600783#45	1
11891340#0	Q0	2813916#159	0
11891340#0	Q0	1228916#4	0
11891340#0	Q0	2813916#154	0
11891340#0	Q0	2813916#152	0
11891340#0	Q0	4087132#2	0
11891340#0	Q0	44273#54	0
11891340#0	Q0	2813916#157	0
11891400#0	Q0	2866727#0	1
11891400#0	Q0	9249401#0	0
11891400#0	Q0	2866727#1	0
11891400#0	Q0	12649217#4	0
11891400#0	Q0	2866727#5	0
11891400#0	Q0	4709699#2	0
11891400#0	Q0	9928772#0	0
11891400#0	Q0	2866727#6	0
11891400#0	Q0	54060#15	0
11891400#0	Q0	9832180#0	0
11891642#0	Q0	4873904#57	1
11891642#0	Q0	445372#35	0
11891642#0	Q0	3096#44	0
11891642#0	Q0	3096#37	0
11891642#0	Q0	13943#33	0
11891642#0	Q0	3096#80	0
11891642#0	Q0	3096#43	0
11891642#0	Q0	3658560#3	0
11891642#0	Q0	5673586#5	0
11891642#0	Q0	4873904#60	0
11891828#0	Q0	2513425#2	1
11891828#0	Q0	6591745#0	1
11891828#0	Q0	686#0	1
11891828#0	Q0	11148369#2	1
11891828#0	Q0	13833739#7	0
11891828#0	Q0	7916286#1	0
11891828#0	Q0	7916286#0	0
11891828#0	Q0	62760#18	0
11891828#0	Q0	1769188#34	0
11891828#0	Q0	10687977#7	0
11892201#0	Q0	8181032#2	1
11892201#0	Q0	8181032#12	0
11892201#0	Q0	13738877#0	0
11892201#0	Q0	8181032#0	0
11892201#0	Q0	7745853#2	0
11892201#0	Q0	7319552#5	0
11892201#0	Q0	6232792#6	0
11892201#0	Q0	8181032#4	0
11892201#0	Q0	7745853#3	0
11892201#0	Q0	8720223#0	0
11892796#0	Q0	5712557#4	1
11892796#0	Q0	7143100#1	0
11892796#0	Q0	6505708#1	0
11892796#0	Q0	8531792#1	0
11892796#0	Q0	6505708#3	0
11892796#0	Q0	7046145#2	0
11892796#0	Q0	12847634#0	0
11892796#0	Q0	5712557#1	0
11892796#0	Q0	3432427#5	0
11892796#0	Q0	5025713#19	0
11892817#0	Q0	271#0	1
11892817#0	Q0	3792385#41	0
11892817#0	Q0	64625#16	0
11892817#0	Q0	5152#6	0
11892817#0	Q0	33187#12	0
11892817#0	Q0	7909797#0	0
11892817#0	Q0	33187#11	0
11892817#0	Q0	271#13	0
11892817#0	Q0	57267#5	0
11892817#0	Q0	5501887#3	0
11893200#0	Q0	4916#5	1
11893200#0	Q0	4916#20	0
11893200#0	Q0	4916#19	0
11893200#0	Q0	4916#7	0
11893200#0	Q0	4916#81	0
11893200#0	Q0	130620#19	0
11893200#0	Q0	130620#24	0
11893200#0	Q0	4916#6	0
11893200#0	Q0	130620#8	0
11893200#0	Q0	130620#28	0
11893509#0	Q0	7480#70	1
11893509#0	Q0	3617171#3	0
11893509#0	Q0	3565655#2	0
11893509#0	Q0	244989#0	0
11893509#0	Q0	11837262#2	0
11893509#0	Q0	10567667#14	0
11893509#0	Q0	9948579#3	0
11893509#0	Q0	8659828#3	0
11893509#0	Q0	3644733#0	0
11893509#0	Q0	10403520#3	0
1194836#0	Q0	925154#24	1
1194836#0	Q0	573211#1	1
1194836#0	Q0	926609#4	1
1194836#0	Q0	573211#11	0
1194836#0	Q0	573211#6	0
1194836#0	Q0	926609#0	0
1194836#0	Q0	925154#27	0
1194836#0	Q0	3031118#16	0
1194836#0	Q0	12851683#3	0
1194836#0	Q0	142931#13	0
1199276#0	Q0	6454625#1	1
1199276#0	Q0	1786#3	1
1199276#0	Q0	138249#4	1
1199276#0	Q0	1786#27	0
1199276#0	Q0	846652#5	0
1199276#0	Q0	1786#28	0
1199276#0	Q0	846652#22	0
1199276#0	Q0	6454625#13	0
1199276#0	Q0	1786#37	0
1199276#0	Q0	620293#0	0
11993615#0	Q0	1596206#6	1
11993615#0	Q0	918946#38	0
11993615#0	Q0	10417321#1	0
11993615#0	Q0	918946#41	0
11993615#0	Q0	820694#17	0
11993615#0	Q0	24060#19	0
11993615#0	Q0	11325163#15	0
11993615#0	Q0	1063340#22	0
11993615#0	Q0	12273868#17	0
11993615#0	Q0	1925082#40	0
12007931#0	Q0	8521657#1	1
12007931#0	Q0	7113#28	1
12007931#0	Q0	557351#9	1
12007931#0	Q0	6761087#0	0
12007931#0	Q0	4568228#0	0
12007931#0	Q0	1153518#4	0
12007931#0	Q0	4568228#14	0
12007931#0	Q0	4568228#15	0
12007931#0	Q0	198559#16	0
12007931#0	Q0	4305953#15	0
1201109#0	Q0	1795185#15	1
1201109#0	Q0	1201109#6	1
1201109#0	Q0	1201109#0	0
1201109#0	Q0	1201109#3	0
1201109#0	Q0	1201109#4	0
1201109#0	Q0	1201109#5	0
1201109#0	Q0	1201109#10	0
1201109#0	Q0	1201109#1	0
1201109#0	Q0	1201109#2	0
1201109#0	Q0	1201109#12	0
12036006#0	Q0	6336588#12	1
12036006#0	Q0	5328777#45	0
12036006#0	Q0	3714660#0	0
12036006#0	Q0	2543000#9	0
12036006#0	Q0	9662739#5	0
12036006#0	Q0	11424542#1	0
12036006#0	Q0	2825613#0	0
12036006#0	Q0	44357#66	0
12036006#0	Q0	14694720#17	0
12036006#0	Q0	2543000#8	0
12074281#0	Q0	7795702#7	1
12074281#0	Q0	5407248#1	0
12074281#0	Q0	1456487#7	0
12074281#0	Q0	9900470#2	0
12074281#0	Q0	1558018#15	0
12074281#0	Q0	356956#35	0
12074281#0	Q0	10096817#15	0
12074281#0	Q0	57210#24	0
12074281#0	Q0	47979#10	0
12074281#0	Q0	8861225#45	0
12114874#0	Q0	875551#1	1
12114874#0	Q0	313460#6	1
12114874#0	Q0	12114874#4	0
12114874#0	Q0	12114874#0	0
12114874#0	Q0	5070875#4	0
12114874#0	Q0	12114874#5	0
12114874#0	Q0	10578486#1	0
12114874#0	Q0	8031439#7	0
12114874#0	Q0	7223069#2	0
12114874#0	Q0	1775251#3	0
12116881#0	Q0	26340#3	1
12116881#0	Q0	837580#2	0
12116881#0	Q0	3478027#5	0
12116881#0	Q0	10647128#0	0
12116881#0	Q0	14162#11	0
12116881#0	Q0	6052743#0	0
12116881#0	Q0	11800053#0	0
12116881#0	Q0	676209#0	0
12116881#0	Q0	6045308#0	0
12116881#0	Q0	14257185#0	0
12132029#0	Q0	5475444#5	1
12132029#0	Q0	377067#4	1
12132029#0	Q0	377067#3	1
12132029#0	Q0	377067#2	1
12132029#0	Q0	5475444#11	0
12132029#0	Q0	377067#9	0
12132029#0	Q0	377067#1	0
12132029#0	Q0	377067#8	0
12132029#0	Q0	377067#0	0
12132029#0	Q0	11784823#7	0
12144849#0	Q0	762789#0	1
12144849#0	Q0	762789#2	0
12144849#0	Q0	762789#1	0
12144849#0	Q0	2749043#0	0
12144849#0	Q0	1463739#11	0
12144849#0	Q0	34656#103	0
12144849#0	Q0	1463739#12	0
12144849#0	Q0	762789#4	0
12144849#0	Q0	17711#10	0
12144849#0	Q0	13498320#0	0
12158635#0	Q0	364843#4	1
12158635#0	Q0	31411#6	1
12158635#0	Q0	19324#4	0
12158635#0	Q0	50#1	0
12158635#0	Q0	2955519#26	0
12158635#0	Q0	3985119#0	0
12158635#0	Q0	1940#62	0
12158635#0	Q0	7257085#0	0
12158635#0	Q0	3240715#1	0
12158635#0	Q0	6314925#2	0
12178941#0	Q0	10515262#14	1
12178941#0	Q0	377542#0	1
12178941#0	Q0	377542#1	1
12178941#0	Q0	3917546#101	0
12178941#0	Q0	14838#3	0
12178941#0	Q0	3923164#0	0
12178941#0	Q0	12223225#6	0
12178941#0	Q0	11003060#14	0
12178941#0	Q0	102777#8	0
12178941#0	Q0	377498#2	0
121814#0	Q0	2549#108	1
121814#0	Q0	855635#41	1
121814#0	Q0	5936324#1	0
121814#0	Q0	9252773#0	0
121814#0	Q0	103594#1	0
121814#0	Q0	6913554#70	0
121814#0	Q0	4677190#9	0
121814#0	Q0	15805#4	0
121814#0	Q0	9395226#6	0
121814#0	Q0	5936324#3	0
12198319#0	Q0	582388#31	1
12198319#0	Q0	802642#6	0
12198319#0	Q0	1433720#8	0
12198319#0	Q0	608984#0	0
12198319#0	Q0	11439395#4	0
12198319#0	Q0	582388#33	0
12198319#0	Q0	10678296#7	0
12198319#0	Q0	901746#38	0
12198319#0	Q0	1134826#253	0
12198319#0	Q0	901746#41	0
1220476#0	Q0	3519801#50	1
1220476#0	Q0	94882#41	1
1220476#0	Q0	13101964#2	1
1220476#0	Q0	94882#20	0
1220476#0	Q0	156082#13	0
1220476#0	Q0	4396063#51	0
1220476#0	Q0	4396063#31	0
1220476#0	Q0	707348#12	0
1220476#0	Q0	1429296#3	0
1220476#0	Q0	11072644#32	0
12209576#0	Q0	4994#17	1
12209576#0	Q0	14019201#0	0
12209576#0	Q0	205553#1	0
12209576#0	Q0	38456#47	0
12209576#0	Q0	205553#16	0
12209576#0	Q0	207727#0	0
12209576#0	Q0	71185#48	0
12209576#0	Q0	205553#17	0
12209576#0	Q0	4994#20	0
12209576#0	Q0	205553#18	0
122330#0	Q0	48183#0	1
122330#0	Q0	48183#1	1
122330#0	Q0	4472663#0	0
122330#0	Q0	48183#4	0
122330#0	Q0	48183#60	0
122330#0	Q0	48183#18	0
122330#0	Q0	48183#14	0
122330#0	Q0	48183#2	0
122330#0	Q0	48183#58	0
122330#0	Q0	48183#53	0
12241801#0	Q0	22100#48	1
12241801#0	Q0	3000719#10	0
12241801#0	Q0	1689670#18	0
12241801#0	Q0	307903#50	0
12241801#0	Q0	6549624#11	0
12241801#0	Q0	4361282#34	0
12241801#0	Q0	7470593#4	0
12241801#0	Q0	13279679#3	0
12241801#0	Q0	33960#147	0
12241801#0	Q0	9738206#18	0
12243127#0	Q0	2755#0	1
12243127#0	Q0	2755#40	1
12243127#0	Q0	2755#42	0
12243127#0	Q0	2755#44	0
12243127#0	Q0	2755#80	0
12243127#0	Q0	323817#2	0
12243127#0	Q0	2755#63	0
12243127#0	Q0	8614856#0	0
12243127#0	Q0	2755#46	0
12243127#0	Q0	2755#77	0
12243480#0	Q0	366660#0	1
12243480#0	Q0	2964580#0	1
12243480#0	Q0	246676#11	0
12243480#0	Q0	122112#32	0
12243480#0	Q0	3671960#11	0
12243480#0	Q0	801041#52	0
12243480#0	Q0	801041#19	0
12243480#0	Q0	9250397#5	0
12243480#0	Q0	298407#11	0
12243480#0	Q0	541376#0	0
12258128#0	Q0	2085285#5	1
12258128#0	Q0	12130016#3	1
12258128#0	Q0	14888#6	1
12258128#0	Q0	2398376#26	0
12258128#0	Q0	17076#3	0
12258128#0	Q0	68435#97	0
12258128#0	Q0	13151474#22	0
12258128#0	Q0	753376#2	0
12258128#0	Q0	23080#12	0
12258128#0	Q0	9614581#0	0
12262904#0	Q0	194038#1	1
12262904#0	Q0	6123#129	1
12262904#0	Q0	194038#2	0
12262904#0	Q0	368524#4	0
12262904#0	Q0	4925#78	0
12262904#0	Q0	194038#0	0
12262904#0	Q0	5710443#13	0
12262904#0	Q0	6123#126	0
12262904#0	Q0	321629#48	0
12262904#0	Q0	991093#0	0
12264500#0	Q0	48198#20	1
12264500#0	Q0	1597428#4	0
12264500#0	Q0	14655129#17	0
12264500#0	Q0	13338896#3	0
12264500#0	Q0	3023266#0	0
12264500#0	Q0	13258475#0	0
12264500#0	Q0	3023291#0	0
12264500#0	Q0	38901#6	0
12264500#0	Q0	40673#6	0
12264500#0	Q0	7097332#0	0
12277895#0	Q0	3993768#3	1
12277895#0	Q0	1134#54	0
12277895#0	Q0	1134#33	0
12277895#0	Q0	974100#1	0
12277895#0	Q0	3675213#6	0
12277895#0	Q0	1134#1	0
12277895#0	Q0	1109740#2	0
12277895#0	Q0	1134#126	0
12277895#0	Q0	5999489#5	0
12277895#0	Q0	4672375#2	0
12283636#0	Q0	8521607#1	1
12283636#0	Q0	863986#11	0
12283636#0	Q0	8521607#0	0
12283636#0	Q0	13622723#0	0
12283636#0	Q0	863986#2	0
12283636#0	Q0	219469#7	0
12283636#0	Q0	8521607#2	0
12283636#0	Q0	3769293#8	0
12283636#0	Q0	2274822#1	0
12283636#0	Q0	1371939#0	0
12290632#0	Q0	142439#1	1
12290632#0	Q0	1015793#2	0
12290632#0	Q0	142439#0	0
12290632#0	Q0	1015793#3	0
12290632#0	Q0	142439#11	0
12290632#0	Q0	1015793#0	0
12290632#0	Q0	489606#79	0
12290632#0	Q0	142439#12	0
12290632#0	Q0	142439#17	0
12290632#0	Q0	142439#27	0
12312646#0	Q0	2930846#10	1
12312646#0	Q0	454565#1	1
12312646#0	Q0	641184#4	0
12312646#0	Q0	641184#175	0
12312646#0	Q0	9893561#0	0
12312646#0	Q0	641184#35	0
12312646#0	Q0	5636846#210	0
12312646#0	Q0	641184#198	0
12312646#0	Q0	641184#33	0
12312646#0	Q0	454565#0	0
12330540#0	Q0	12330540#23	1
12330540#0	Q0	13505903#5	1
12330540#0	Q0	12330540#22	0
12330540#0	Q0	12330540#5	0
12330540#0	Q0	12330540#0	0
12330540#0	Q0	966661#8	0
12330540#0	Q0	1505891#7	0
12330540#0	Q0	2467763#5	0
12330540#0	Q0	10123886#16	0
12330540#0	Q0	966661#9	0
12340444#0	Q0	1330619#16	1
12340444#0	Q0	62014#0	1
12340444#0	Q0	9437106#2	0
12340444#0	Q0	4100850#1	0
12340444#0	Q0	2009#212	0
12340444#0	Q0	9437106#0	0
12340444#0	Q0	85724#0	0
12340444#0	Q0	1958323#0	0
12340444#0	Q0	9437106#1	0
12340444#0	Q0	9437106#3	0
12359939#0	Q0	2115678#0	1
12359939#0	Q0	11579592#0	0
12359939#0	Q0	277747#22	0
12359939#0	Q0	962944#0	0
12359939#0	Q0	2115678#116	0
12359939#0	Q0	762831#27	0
12359939#0	Q0	2115678#46	0
12359939#0	Q0	2115678#65	0
12359939#0	Q0	2115678#180	0
12359939#0	Q0	7933410#0	0
12365995#0	Q0	12365995#1	1
12365995#0	Q0	12365995#2	0
12365995#0	Q0	5230866#0	0
12365995#0	Q0	3278886#2	0
12365995#0	Q0	3840853#1	0
12365995#0	Q0	6821476#0	0
12365995#0	Q0	11125270#5	0
12365995#0	Q0	1208810#0	0
12365995#0	Q0	8307117#0	0
12365995#0	Q0	10685352#2	0
12367062#0	Q0	399122#3	1
12367062#0	Q0	399122#0	1
12367062#0	Q0	399122#7	0
12367062#0	Q0	2310#3	0
12367062#0	Q0	399122#5	0
12367062#0	Q0	11677083#2	0
12367062#0	Q0	1080215#3	0
12367062#0	Q0	13188261#9	0
12367062#0	Q0	1188479#3	0
12367062#0	Q0	71101#8	0
12378399#0	Q0	15863#34	1
12378399#0	Q0	560593#1	0
12378399#0	Q0	15863#76	0
12378399#0	Q0	15863#29	0
12378399#0	Q0	15863#15	0
12378399#0	Q0	2126577#0	0
12378399#0	Q0	453502#5	0
12378399#0	Q0	15863#52	0
12378399#0	Q0	2465694#2	0
12378399#0	Q0	616861#11	0
12387616#0	Q0	16926#3	1
12387616#0	Q0	18080#9	0
12387616#0	Q0	16926#4	0
12387616#0	Q0	16926#2	0
12387616#0	Q0	13316739#0	0
12387616#0	Q0	18080#8	0
12387616#0	Q0	16926#0	0
12387616#0	Q0	16926#13	0
12387616#0	Q0	115730#19	0
12387616#0	Q0	10666943#1	0
12460076#0	Q0	56000#0	1
12460076#0	Q0	56000#18	1
12460076#0	Q0	9979057#6	0
12460076#0	Q0	56000#1	0
12460076#0	Q0	56000#19	0
12460076#0	Q0	56000#23	0
12460076#0	Q0	56000#5	0
12460076#0	Q0	9979057#5	0
12460076#0	Q0	56000#10	0
12460076#0	Q0	56000#14	0
12494244#0	Q0	1024038#0	1
12494244#0	Q0	1868640#14	1
12494244#0	Q0	8091870#0	1
12494244#0	Q0	270866#10	1
12494244#0	Q0	1868640#26	0
12494244#0	Q0	19761#8	0
12494244#0	Q0	145603#12	0
12494244#0	Q0	7024173#1	0
12494244#0	Q0	1868640#9	0
12494244#0	Q0	2930340#3	0
12496244#0	Q0	3740708#0	1
12496244#0	Q0	40920#0	0
12496244#0	Q0	40920#29	0
12496244#0	Q0	5701897#0	0
12496244#0	Q0	40920#1	0
12496244#0	Q0	5701773#1	0
12496244#0	Q0	872235#9	0
12496244#0	Q0	3884368#1	0
12496244#0	Q0	7589230#0	0
12496244#0	Q0	3884368#0	0
12519121#0	Q0	176866#52	1
12519121#0	Q0	12141666#2	1
12519121#0	Q0	176866#58	1
12519121#0	Q0	1653170#4	1
12519121#0	Q0	1713431#68	0
12519121#0	Q0	12192248#1	0
12519121#0	Q0	12197225#0	0
12519121#0	Q0	12247433#1	0
12519121#0	Q0	8078183#4	0
12519121#0	Q0	12271139#0	0
1252205#0	Q0	5514696#5	1
1252205#0	Q0	515902#2	0
1252205#0	Q0	5514696#0	0
1252205#0	Q0	8117125#7	0
1252205#0	Q0	783484#5	0
1252205#0	Q0	10054414#6	0
1252205#0	Q0	3964878#41	0
1252205#0	Q0	3040983#5	0
1252205#0	Q0	7492407#6	0
1252205#0	Q0	11515453#3	0
12540998#0	Q0	3442661#58	1
12540998#0	Q0	161733#38	1
12540998#0	Q0	14496088#2	0
12540998#0	Q0	2829#63	0
12540998#0	Q0	10154490#32	0
12540998#0	Q0	3442661#60	0
12540998#0	Q0	14496088#6	0
12540998#0	Q0	180496#11	0
12540998#0	Q0	3442661#28	0
12540998#0	Q0	203481#74	0
1255970#0	Q0	569#78	1
1255970#0	Q0	3009#68	1
1255970#0	Q0	3009#1	1
1255970#0	Q0	3009#64	1
1255970#0	Q0	9665934#0	1
1255970#0	Q0	176316#1	0
1255970#0	Q0	10416545#1	0
1255970#0	Q0	3009#78	0
1255970#0	Q0	10543394#1	0
1255970#0	Q0	3009#73	0
12564674#0	Q0	2871207#43	1
12564674#0	Q0	10712420#0	1
12564674#0	Q0	6192887#21	0
12564674#0	Q0	10712420#1	0
12564674#0	Q0	793878#8	0
12564674#0	Q0	13351107#3	0
12564674#0	Q0	4175329#1	0
12564674#0	Q0	745879#1	0
12564674#0	Q0	7541214#3	0
12564674#0	Q0	10452995#0	0
12577539#0	Q0	365366#20	1
12577539#0	Q0	6861782#0	0
12577539#0	Q0	4757563#0	0
12577539#0	Q0	8559332#48	0
12577539#0	Q0	318316#15	0
12577539#0	Q0	12577539#8	0
12577539#0	Q0	1862382#2	0
12577539#0	Q0	5370367#10	0
12577539#0	Q0	163253#15	0
12577539#0	Q0	4296347#14	0
12596937#0	Q0	811931#26	1
12596937#0	Q0	2949314#2	0
12596937#0	Q0	1301960#18	0
12596937#0	Q0	2217772#3	0
12596937#0	Q0	12274827#0	0
12596937#0	Q0	1367875#1	0
12596937#0	Q0	13101509#7	0
12596937#0	Q0	4425876#12	0
12596937#0	Q0	4744194#1	0
12596937#0	Q0	234249#4	0
12598294#0	Q0	14034923#0	1
12598294#0	Q0	13714071#9	1
12598294#0	Q0	14034923#47	0
12598294#0	Q0	14034923#6	0
12598294#0	Q0	14034923#62	0
12598294#0	Q0	14034923#42	0
12598294#0	Q0	14034923#49	0
12598294#0	Q0	14034923#54	0
12598294#0	Q0	14034923#5	0
12598294#0	Q0	4018956#15	0
12604544#0	Q0	9470116#6	1
12604544#0	Q0	1939#89	1
12604544#0	Q0	1271#16	1
12604544#0	Q0	1362179#18	1
12604544#0	Q0	7570#26	0
12604544#0	Q0	1939#91	0
12604544#0	Q0	1271#20	0
12604544#0	Q0	52364#2	0
12604544#0	Q0	1271#19	0
12604544#0	Q0	9470116#41	0
12608613#0	Q0	4054818#5	1
12608613#0	Q0	38760#55	1
12608613#0	Q0	3185582#5	0
12608613#0	Q0	4743588#3	0
12608613#0	Q0	13666742#10	0
12608613#0	Q0	14187035#39	0
12608613#0	Q0	11537923#9	0
12608613#0	Q0	14187035#61	0
12608613#0	Q0	11537923#15	0
12608613#0	Q0	7397494#2	0
126152#0	Q0	34524#2	1
126152#0	Q0	3062509#6	1
126152#0	Q0	3567705#1	0
126152#0	Q0	1036307#73	0
126152#0	Q0	3567705#2	0
126152#0	Q0	3567705#0	0
126152#0	Q0	372090#0	0
126152#0	Q0	1011713#0	0
126152#0	Q0	13137433#2	0
126152#0	Q0	13763376#9	0
12615424#0	Q0	7461151#2	1
12615424#0	Q0	14063332#1	1
12615424#0	Q0	3821234#1	1
12615424#0	Q0	14063332#0	0
12615424#0	Q0	14063332#3	0
12615424#0	Q0	14063332#5	0
12615424#0	Q0	3821234#2	0
12615424#0	Q0	14063332#6	0
12615424#0	Q0	7461151#3	0
12615424#0	Q0	3821234#3	0
12639#0	Q0	4899#0	1
12639#0	Q0	7483#0	1
12639#0	Q0	7483#1	1
12639#0	Q0	6460841#0	0
12639#0	Q0	7483#13	0
12639#0	Q0	11440958#0	0
12639#0	Q0	7483#27	0
12639#0	Q0	5138859#0	0
12639#0	Q0	4004222#0	0
12639#0	Q0	2943571#0	0
12644637#0	Q0	20912#1	1
12644637#0	Q0	20912#3	1
12644637#0	Q0	20912#4	0
12644637#0	Q0	880682#1	0
12644637#0	Q0	880682#0	0
12644637#0	Q0	381852#34	0
12644637#0	Q0	7949#0	0
12644637#0	Q0	7691931#0	0
12644637#0	Q0	3656946#12	0
12644637#0	Q0	7691931#4	0
12666788#0	Q0	385#88	1
12666788#0	Q0	973648#4	1
12666788#0	Q0	14171078#0	1
12666788#0	Q0	34777#0	0
12666788#0	Q0	1675194#0	0
12666788#0	Q0	34801#102	0
12666788#0	Q0	16621#0	0
12666788#0	Q0	34801#65	0
12666788#0	Q0	145965#0	0
12666788#0	Q0	13708#0	0
12681616#0	Q0	784697#1	1
12681616#0	Q0	784697#0	1
12681616#0	Q0	56762#17	0
12681616#0	Q0	56762#0	0
12681616#0	Q0	4093888#3	0
12681616#0	Q0	12572765#3	0
12681616#0	Q0	904937#0	0
12681616#0	Q0	904937#1	0
12681616#0	Q0	63357#10	0
12681616#0	Q0	784697#5	0
12683503#0	Q0	3111#21	1
12683503#0	Q0	3519702#2	1
12683503#0	Q0	3111#15	0
12683503#0	Q0	1224954#1	0
12683503#0	Q0	1224954#7	0
12683503#0	Q0	3111#82	0
12683503#0	Q0	14813306#9	0
12683503#0	Q0	3846562#0	0
12683503#0	Q0	4384563#130	0
12683503#0	Q0	3111#1	0
12689444#0	Q0	101675#0	1
12689444#0	Q0	102863#1	0
12689444#0	Q0	6792935#28	0
12689444#0	Q0	5634392#2	0
12689444#0	Q0	101675#14	0
12689444#0	Q0	130211#16	0
12689444#0	Q0	103790#1	0
12689444#0	Q0	102884#1	0
12689444#0	Q0	102872#1	0
12689444#0	Q0	7865762#0	0
12707866#0	Q0	134540#2	1
12707866#0	Q0	540#54	1
12707866#0	Q0	134540#111	1
12707866#0	Q0	134540#6	0
12707866#0	Q0	134540#135	0
12707866#0	Q0	134540#81	0
12707866#0	Q0	134540#91	0
12707866#0	Q0	134540#148	0
12707866#0	Q0	134540#122	0
12707866#0	Q0	134540#79	0
1271293#0	Q0	4052146#24	1
1271293#0	Q0	175551#2	0
1271293#0	Q0	59517#70	0
1271293#0	Q0	99036#39	0
1271293#0	Q0	1129208#2	0
1271293#0	Q0	1271279#24	0
1271293#0	Q0	1273765#12	0
1271293#0	Q0	1271293#13	0
1271293#0	Q0	1271279#2	0
1271293#0	Q0	250319#4	0
1271385#0	Q0	3138743#6	1
1271385#0	Q0	3138743#10	0
1271385#0	Q0	6197769#13	0
1271385#0	Q0	7543393#0	0
1271385#0	Q0	1058097#3	0
1271385#0	Q0	4492068#5	0
1271385#0	Q0	6860446#13	0
1271385#0	Q0	10624642#46	0
1271385#0	Q0	3138743#8	0
1271385#0	Q0	156082#13	0
12728234#0	Q0	3027#106	1
12728234#0	Q0	27401#10	0
12728234#0	Q0	71597#4	0
12728234#0	Q0	681967#2	0
12728234#0	Q0	4284079#108	0
12728234#0	Q0	3190501#0	0
12728234#0	Q0	6062945#12	0
12728234#0	Q0	181718#4	0
12728234#0	Q0	10558778#1	0
12728234#0	Q0	4747793#14	0
12753673#0	Q0	9109#1	1
12753673#0	Q0	9109#2	1
12753673#0	Q0	9109#0	1
12753673#0	Q0	115299#11	1
12753673#0	Q0	9109#9	0
12753673#0	Q0	5185373#11	0
12753673#0	Q0	9109#3	0
12753673#0	Q0	5185373#0	0
12753673#0	Q0	5186493#1	0
12753673#0	Q0	9109#10	0
12781334#0	Q0	647672#4	1
12781334#0	Q0	67125#39	1
12781334#0	Q0	1034420#0	0
12781334#0	Q0	11568612#20	0
12781334#0	Q0	3179959#4	0
12781334#0	Q0	182#0	0
12781334#0	Q0	3655334#2	0
12781334#0	Q0	182#2	0
12781334#0	Q0	13325148#7	0
12781334#0	Q0	323913#45	0
12788971#0	Q0	1242825#10	1
12788971#0	Q0	7205487#3	1
12788971#0	Q0	460754#18	1
12788971#0	Q0	12198837#6	0
12788971#0	Q0	4135774#39	0
12788971#0	Q0	1415498#27	0
12788971#0	Q0	7350711#20	0
12788971#0	Q0	3103532#1	0
12788971#0	Q0	3231759#10	0
12788971#0	Q0	134800#17	0
12789116#0	Q0	2925070#35	1
12789116#0	Q0	4726048#8	0
12789116#0	Q0	80801#43	0
12789116#0	Q0	4095999#6	0
12789116#0	Q0	13781#105	0
12789116#0	Q0	4993093#28	0
12789116#0	Q0	14639609#3	0
12789116#0	Q0	526273#11	0
12789116#0	Q0	4726048#6	0
12789116#0	Q0	13781#114	0
12794322#0	Q0	4537351#1	1
12794322#0	Q0	27887#4	0
12794322#0	Q0	27887#2	0
12794322#0	Q0	4447718#33	0
12794322#0	Q0	27887#1	0
12794322#0	Q0	2874#24	0
12794322#0	Q0	13428#34	0
12794322#0	Q0	4371177#6	0
12794322#0	Q0	27887#9	0
12794322#0	Q0	7110036#1	0
12799#0	Q0	2829809#76	1
12799#0	Q0	1387989#72	1
12799#0	Q0	260897#43	0
12799#0	Q0	3392020#1	0
12799#0	Q0	2829809#4	0
12799#0	Q0	36446#0	0
12799#0	Q0	36446#95	0
12799#0	Q0	36446#18	0
12799#0	Q0	1819358#45	0
12799#0	Q0	36446#84	0
12823253#0	Q0	10388540#3	1
12823253#0	Q0	353161#1	0
12823253#0	Q0	10388540#4	0
12823253#0	Q0	492130#1	0
12823253#0	Q0	10388540#66	0
12823253#0	Q0	10388540#5	0
12823253#0	Q0	1571860#4	0
12823253#0	Q0	13262505#9	0
12823253#0	Q0	353161#8	0
12823253#0	Q0	10388540#49	0
12824428#0	Q0	1544866#0	1
12824428#0	Q0	1544866#75	1
12824428#0	Q0	2398998#63	0
12824428#0	Q0	1544866#2	0
12824428#0	Q0	1286230#6	0
12824428#0	Q0	13685132#0	0
12824428#0	Q0	1544866#44	0
12824428#0	Q0	1962557#25	0
12824428#0	Q0	1962557#1	0
12824428#0	Q0	1544866#38	0
12826703#0	Q0	722684#11	1
12826703#0	Q0	6462206#6	1
12826703#0	Q0	1946513#4	1
12826703#0	Q0	554239#1	0
12826703#0	Q0	283647#11	0
12826703#0	Q0	1018#40	0
12826703#0	Q0	1018#2	0
12826703#0	Q0	1323530#5	0
12826703#0	Q0	1018#41	0
12826703#0	Q0	666627#12	0
12828787#0	Q0	2373269#0	1
12828787#0	Q0	3680994#0	0
12828787#0	Q0	3624278#0	0
12828787#0	Q0	10028368#0	0
12828787#0	Q0	4383390#0	0
12828787#0	Q0	939528#0	0
12828787#0	Q0	2373269#3	0
12828787#0	Q0	10028368#1	0
12828787#0	Q0	939528#4	0
12828787#0	Q0	4383390#1	0
12831637#0	Q0	417215#0	1
12831637#0	Q0	417215#5	1
12831637#0	Q0	417215#1	1
12831637#0	Q0	417215#34	1
12831637#0	Q0	417215#37	1
12831637#0	Q0	417215#6	0
12831637#0	Q0	417215#32	0
12831637#0	Q0	417215#31	0
12831637#0	Q0	417215#18	0
12831637#0	Q0	417215#12	0
1284279#0	Q0	81932#37	1
1284279#0	Q0	161811#16	1
1284279#0	Q0	5498101#2	0
1284279#0	Q0	4081897#2	0
1284279#0	Q0	1954722#2	0
1284279#0	Q0	11809802#0	0
1284279#0	Q0	14216372#3	0
1284279#0	Q0	9350104#0	0
1284279#0	Q0	11953798#0	0
1284279#0	Q0	13864207#1	0
12850397#0	Q0	7472041#4	1
12850397#0	Q0	121604#27	1
12850397#0	Q0	121604#0	0
12850397#0	Q0	3423150#0	0
12850397#0	Q0	121604#13	0
12850397#0	Q0	3423150#2	0
12850397#0	Q0	121604#23	0
12850397#0	Q0	121604#28	0
12850397#0	Q0	3423150#3	0
12850397#0	Q0	121604#26	0
12850829#0	Q0	3075409#105	1
12850829#0	Q0	26626#29	0
12850829#0	Q0	819042#20	0
12850829#0	Q0	7556#49	0
12850829#0	Q0	208097#42	0
12850829#0	Q0	819042#39	0
12850829#0	Q0	6733893#23	0
12850829#0	Q0	26626#0	0
12850829#0	Q0	5659963#7	0
12850829#0	Q0	3075409#107	0
12861639#0	Q0	131590#14	1
12861639#0	Q0	7014287#11	1
12861639#0	Q0	7244243#5	1
12861639#0	Q0	130911#1	0
12861639#0	Q0	182826#12	0
12861639#0	Q0	131590#3	0
12861639#0	Q0	11886#104	0
12861639#0	Q0	2736407#2	0
12861639#0	Q0	400303#3	0
12861639#0	Q0	1939520#0	0
1287534#0	Q0	385#2	1
1287534#0	Q0	1078088#0	1
1287534#0	Q0	444840#2	0
1287534#0	Q0	6138410#7	0
1287534#0	Q0	3281270#15	0
1287534#0	Q0	7324115#2	0
1287534#0	Q0	1197687#0	0
1287534#0	Q0	1021212#1	0
1287534#0	Q0	3281270#1	0
1287534#0	Q0	170021#3	0
12884299#0	Q0	10805#10	1
12884299#0	Q0	10805#9	0
12884299#0	Q0	788472#0	0
12884299#0	Q0	10805#0	0
12884299#0	Q0	2001818#8	0
12884299#0	Q0	3225244#13	0
12884299#0	Q0	10539730#0	0
12884299#0	Q0	65454#66	0
12884299#0	Q0	3225244#11	0
12884299#0	Q0	3225244#43	0
1289982#0	Q0	1289982#0	1
1289982#0	Q0	1289982#1	0
1289982#0	Q0	1289982#3	0
1289982#0	Q0	2500033#7	0
1289982#0	Q0	6834101#1	0
1289982#0	Q0	55013#12	0
1289982#0	Q0	7907302#2	0
1289982#0	Q0	13258420#16	0
1289982#0	Q0	10974702#6	0
1289982#0	Q0	3853669#1	0
1291539#0	Q0	2504510#12	1
1291539#0	Q0	4309256#4	1
1291539#0	Q0	2442293#28	0
1291539#0	Q0	270803#5	0
1291539#0	Q0	131342#17	0
1291539#0	Q0	2751#21	0
1291539#0	Q0	683677#16	0
1291539#0	Q0	6512114#1	0
1291539#0	Q0	2751#19	0
1291539#0	Q0	2504510#11	0
12925252#0	Q0	4740069#43	1
12925252#0	Q0	270791#21	0
12925252#0	Q0	11610238#0	0
12925252#0	Q0	48662#46	0
12925252#0	Q0	4740069#1	0
12925252#0	Q0	11610238#1	0
12925252#0	Q0	1508082#18	0
12925252#0	Q0	4740069#38	0
12925252#0	Q0	861013#20	0
12925252#0	Q0	158458#9	0
12934247#0	Q0	1212577#7	1
12934247#0	Q0	2160#1	1
12934247#0	Q0	2251#0	1
12934247#0	Q0	10548685#3	1
12934247#0	Q0	5324700#2	1
12934247#0	Q0	5143968#0	0
12934247#0	Q0	144995#0	0
12934247#0	Q0	7559267#0	0
12934247#0	Q0	7559233#0	0
12934247#0	Q0	13259492#2	0
12939601#0	Q0	1085285#6	1
12939601#0	Q0	8037515#29	0
12939601#0	Q0	7676692#0	0
12939601#0	Q0	8037515#20	0
12939601#0	Q0	8037515#16	0
12939601#0	Q0	12478289#0	0
12939601#0	Q0	1085285#0	0
12939601#0	Q0	13195509#2	0
12939601#0	Q0	8037515#13	0
12939601#0	Q0	8037515#32	0
1294801#0	Q0	1294801#4	1
1294801#0	Q0	1294801#1	1
1294801#0	Q0	13682960#27	0
1294801#0	Q0	1293720#2	0
1294801#0	Q0	1146471#15	0
1294801#0	Q0	13982368#17	0
1294801#0	Q0	966880#15	0
1294801#0	Q0	11618266#4	0
1294801#0	Q0	620553#6	0
1294801#0	Q0	177811#9	0
12967382#0	Q0	5570057#1	1
12967382#0	Q0	2026660#1	1
12967382#0	Q0	14006758#0	0
12967382#0	Q0	2026660#0	0
12967382#0	Q0	1070814#0	0
12967382#0	Q0	2026660#7	0
12967382#0	Q0	891739#3	0
12967382#0	Q0	2026660#11	0
12967382#0	Q0	2026660#15	0
12967382#0	Q0	215920#1	0
1300051#0	Q0	1300051#0	1
1300051#0	Q0	13505868#0	1
1300051#0	Q0	1035126#0	0
1300051#0	Q0	1325903#0	0
1300051#0	Q0	1300051#2	0
1300051#0	Q0	12411841#54	0
1300051#0	Q0	1300051#8	0
1300051#0	Q0	12411841#1	0
1300051#0	Q0	13505830#2	0
1300051#0	Q0	1300051#6	0
130245#0	Q0	130245#6	1
130245#0	Q0	850705#52	1
130245#0	Q0	6479377#81	1
130245#0	Q0	510241#4	1
130245#0	Q0	130245#7	0
130245#0	Q0	130245#3	0
130245#0	Q0	415751#0	0
130245#0	Q0	510241#9	0
130245#0	Q0	510241#0	0
130245#0	Q0	850705#46	0
1305316#0	Q0	10317264#14	1
1305316#0	Q0	3314463#36	0
1305316#0	Q0	1058332#10	0
1305316#0	Q0	491096#2	0
1305316#0	Q0	5223681#0	0
1305316#0	Q0	3187506#5	0
1305316#0	Q0	32893#9	0
1305316#0	Q0	3187506#20	0
1305316#0	Q0	31573#48	0
1305316#0	Q0	3314463#129	0
13054961#0	Q0	3957#2	1
13054961#0	Q0	461011#10	1
13054961#0	Q0	8328944#74	0
13054961#0	Q0	8328944#76	0
13054961#0	Q0	13351348#3	0
13054961#0	Q0	8328944#54	0
13054961#0	Q0	1593#80	0
13054961#0	Q0	8328944#48	0
13054961#0	Q0	8328944#26	0
13054961#0	Q0	1362#53	0
1306096#0	Q0	39041#0	1
1306096#0	Q0	7094122#3	0
1306096#0	Q0	5504#4	0
1306096#0	Q0	195490#24	0
1306096#0	Q0	12991398#7	0
1306096#0	Q0	4927609#0	0
1306096#0	Q0	27232#1	0
1306096#0	Q0	39041#9	0
1306096#0	Q0	1516#6	0
1306096#0	Q0	10604087#1	0
1307568#0	Q0	1477#13	1
1307568#0	Q0	1477#2	1
1307568#0	Q0	1477#5	0
1307568#0	Q0	13067867#0	0
1307568#0	Q0	1477#6	0
1307568#0	Q0	1477#1	0
1307568#0	Q0	1477#0	0
1307568#0	Q0	1477#14	0
1307568#0	Q0	1477#15	0
1307568#0	Q0	985667#10	0
1308887#0	Q0	8991267#25	1
1308887#0	Q0	4242403#12	0
1308887#0	Q0	8991267#1	0
1308887#0	Q0	3565635#179	0
1308887#0	Q0	8991267#33	0
1308887#0	Q0	1224347#0	0
1308887#0	Q0	8991267#19	0
1308887#0	Q0	2069208#25	0
1308887#0	Q0	13603645#18	0
1308887#0	Q0	102695#14	0
13093712#0	Q0	5978#90	1
13093712#0	Q0	6638562#1	0
13093712#0	Q0	1001637#8	0
13093712#0	Q0	10593448#73	0
13093712#0	Q0	6203#1	0
13093712#0	Q0	412514#1	0
13093712#0	Q0	5129434#24	0
13093712#0	Q0	374488#3	0
13093712#0	Q0	198897#1	0
13093712#0	Q0	1512168#38	0
13141103#0	Q0	66119#6	1
13141103#0	Q0	66119#18	1
13141103#0	Q0	66119#5	1
13141103#0	Q0	5869907#2	1
13141103#0	Q0	66119#7	0
13141103#0	Q0	66119#11	0
13141103#0	Q0	66119#3	0
13141103#0	Q0	66127#8	0
13141103#0	Q0	5869907#0	0
13141103#0	Q0	5869907#30	0
13151733#0	Q0	9264#20	1
13151733#0	Q0	6675895#0	1
13151733#0	Q0	16903#16	0
13151733#0	Q0	325156#6	0
13151733#0	Q0	158996#31	0
13151733#0	Q0	116685#31	0
13151733#0	Q0	6829165#3	0
13151733#0	Q0	83046#28	0
13151733#0	Q0	6809118#0	0
13151733#0	Q0	16903#28	0
13161368#0	Q0	2681070#4	1
13161368#0	Q0	70327#6	0
13161368#0	Q0	3709434#2	0
13161368#0	Q0	2681070#9	0
13161368#0	Q0	567#97	0
13161368#0	Q0	669531#5	0
13161368#0	Q0	217993#106	0
13161368#0	Q0	4502775#3	0
13161368#0	Q0	3709434#3	0
13161368#0	Q0	669531#20	0
13174846#0	Q0	236578#28	1
13174846#0	Q0	1335752#38	0
13174846#0	Q0	314882#1	0
13174846#0	Q0	314882#13	0
13174846#0	Q0	9655082#0	0
13174846#0	Q0	9655082#3	0
13174846#0	Q0	591731#2	0
13174846#0	Q0	4698861#14	0
13174846#0	Q0	7197563#0	0
13174846#0	Q0	13759304#2	0
13174972#0	Q0	7983030#0	1
13174972#0	Q0	7247747#3	0
13174972#0	Q0	7247747#0	0
13174972#0	Q0	15806#15	0
13174972#0	Q0	1432471#7	0
13174972#0	Q0	7247747#4	0
13174972#0	Q0	2324#181	0
13174972#0	Q0	15806#19	0
13174972#0	Q0	554343#0	0
13174972#0	Q0	15806#1	0
13188995#0	Q0	125497#0	1
13188995#0	Q0	8368809#0	1
13188995#0	Q0	3885973#31	1
13188995#0	Q0	267181#44	0
13188995#0	Q0	13760190#7	0
13188995#0	Q0	11098927#2	0
13188995#0	Q0	5060636#7	0
13188995#0	Q0	125497#2	0
13188995#0	Q0	12552522#1	0
13188995#0	Q0	5131443#11	0
13191855#0	Q0	152#16	1
13191855#0	Q0	152#4	1
13191855#0	Q0	152#0	1
13191855#0	Q0	152#5	0
13191855#0	Q0	27401#33	0
13191855#0	Q0	303029#0	0
13191855#0	Q0	152#8	0
13191855#0	Q0	37129#78	0
13191855#0	Q0	3594472#0	0
13191855#0	Q0	57210#21	0
13195041#0	Q0	1604311#0	1
13195041#0	Q0	1604311#2	0
13195041#0	Q0	5138355#0	0
13195041#0	Q0	820521#30	0
13195041#0	Q0	11778792#0	0
13195041#0	Q0	5103275#17	0
13195041#0	Q0	13676260#1	0
13195041#0	Q0	5953722#8	0
13195041#0	Q0	1275707#0	0
13195041#0	Q0	7843261#42	0
13199558#0	Q0	15499#18	1
13199558#0	Q0	7883216#4	0
13199558#0	Q0	2306#43	0
13199558#0	Q0	2461150#7	0
13199558#0	Q0	1071217#7	0
13199558#0	Q0	8450205#31	0
13199558#0	Q0	7448700#10	0
13199558#0	Q0	1224#21	0
13199558#0	Q0	4033492#7	0
13199558#0	Q0	7420244#22	0
13202463#0	Q0	12934674#6	1
13202463#0	Q0	1658521#0	0
13202463#0	Q0	1658521#30	0
13202463#0	Q0	7251312#6	0
13202463#0	Q0	1572051#7	0
13202463#0	Q0	997062#10	0
13202463#0	Q0	2327487#3	0
13202463#0	Q0	11439361#10	0
13202463#0	Q0	8214119#11	0
13202463#0	Q0	8375540#30	0
13205244#0	Q0	4000211#3	1
13205244#0	Q0	3408203#1	1
13205244#0	Q0	4102795#0	0
13205244#0	Q0	15173#126	0
13205244#0	Q0	5211#98	0
13205244#0	Q0	4874010#4	0
13205244#0	Q0	5211#96	0
13205244#0	Q0	1340947#1	0
13205244#0	Q0	4879065#10	0
13205244#0	Q0	939233#0	0
13216832#0	Q0	9568766#13	1
13216832#0	Q0	9568766#9	1
13216832#0	Q0	13408791#1	0
13216832#0	Q0	9568766#10	0
13216832#0	Q0	9568766#11	0
13216832#0	Q0	9568766#16	0
13216832#0	Q0	9568766#43	0
13216832#0	Q0	9568766#12	0
13216832#0	Q0	9568766#34	0
13216832#0	Q0	9568766#5	0
132307#0	Q0	2714611#14	1
132307#0	Q0	4655590#0	0
132307#0	Q0	124000#19	0
132307#0	Q0	124000#25	0
132307#0	Q0	666447#16	0
132307#0	Q0	14258250#3	0
132307#0	Q0	124000#8	0
132307#0	Q0	124000#6	0
132307#0	Q0	124000#16	0
132307#0	Q0	124000#17	0
13233324#0	Q0	8663232#2	1
13233324#0	Q0	4014975#4	0
13233324#0	Q0	261861#36	0
13233324#0	Q0	299552#7	0
13233324#0	Q0	14327295#1	0
13233324#0	Q0	841#102	0
13233324#0	Q0	233118#10	0
13233324#0	Q0	40491#133	0
13233324#0	Q0	87444#9	0
13233324#0	Q0	2655985#0	0
13251875#0	Q0	2494890#351	1
13251875#0	Q0	1626918#13	0
13251875#0	Q0	962255#44	0
13251875#0	Q0	2494890#353	0
13251875#0	Q0	962255#95	0
13251875#0	Q0	962255#0	0
13251875#0	Q0	2494890#352	0
13251875#0	Q0	962255#7	0
13251875#0	Q0	962255#103	0
13251875#0	Q0	962255#15	0
13269842#0	Q0	60949#0	1
13269842#0	Q0	420388#0	0
13269842#0	Q0	8735534#4	0
13269842#0	Q0	2014002#28	0
13269842#0	Q0	8272189#1	0
13269842#0	Q0	175301#48	0
13269842#0	Q0	192526#2	0
13269842#0	Q0	126671#16	0
13269842#0	Q0	60949#24	0
13269842#0	Q0	53946#6	0
13275117#0	Q0	826379#36	1
13275117#0	Q0	98898#45	0
13275117#0	Q0	826379#28	0
13275117#0	Q0	826379#37	0
13275117#0	Q0	8013911#2	0
13275117#0	Q0	826379#58	0
13275117#0	Q0	8527844#2	0
13275117#0	Q0	894451#1	0
13275117#0	Q0	234768#2	0
13275117#0	Q0	7193964#0	0
13323829#0	Q0	7309#0	1
13323829#0	Q0	7309#2	1
13323829#0	Q0	7309#71	0
13323829#0	Q0	9743458#0	0
13323829#0	Q0	7309#54	0
13323829#0	Q0	7309#64	0
13323829#0	Q0	7309#65	0
13323829#0	Q0	9743458#2	0
13323829#0	Q0	7309#18	0
13323829#0	Q0	7309#67	0
13327913#0	Q0	8394359#42	1
13327913#0	Q0	8394359#76	0
13327913#0	Q0	9447396#7	0
13327913#0	Q0	8537854#24	0
13327913#0	Q0	8394359#73	0
13327913#0	Q0	10321606#9	0
13327913#0	Q0	171061#6	0
13327913#0	Q0	6795016#1	0
13327913#0	Q0	201911#38	0
13327913#0	Q0	9226351#4	0
1333762#0	Q0	1208876#66	1
1333762#0	Q0	4504859#11	0
1333762#0	Q0	2014513#20	0
1333762#0	Q0	1643283#4	0
1333762#0	Q0	121296#3	0
1333762#0	Q0	6335596#4	0
1333762#0	Q0	12183958#3	0
1333762#0	Q0	414157#7	0
1333762#0	Q0	14054929#2	0
1333762#0	Q0	1425241#81	0
13343715#0	Q0	53086#0	1
13343715#0	Q0	53086#5	1
13343715#0	Q0	3976747#5	0
13343715#0	Q0	3366291#15	0
13343715#0	Q0	3177593#15	0
13343715#0	Q0	3048025#16	0
13343715#0	Q0	3616970#3	0
13343715#0	Q0	53086#2	0
13343715#0	Q0	626937#0	0
13343715#0	Q0	5533912#1	0
13345053#0	Q0	2023809#1	1
13345053#0	Q0	85505#21	0
13345053#0	Q0	38456#72	0
13345053#0	Q0	5287#20	0
13345053#0	Q0	471931#5	0
13345053#0	Q0	4984#61	0
13345053#0	Q0	123867#30	0
13345053#0	Q0	2023809#5	0
13345053#0	Q0	98274#9	0
13345053#0	Q0	152696#56	0
1336449#0	Q0	1017753#0	1
1336449#0	Q0	13979476#0	0
1336449#0	Q0	9431470#0	0
1336449#0	Q0	13979476#1	0
1336449#0	Q0	422812#0	0
1336449#0	Q0	135048#0	0
1336449#0	Q0	52662#57	0
1336449#0	Q0	406981#0	0
1336449#0	Q0	52662#23	0
1336449#0	Q0	52662#5	0
13375583#0	Q0	5023673#21	1
13375583#0	Q0	11361200#53	1
13375583#0	Q0	218121#1	1
13375583#0	Q0	11361200#0	1
13375583#0	Q0	11361200#34	1
13375583#0	Q0	11361200#26	1
13375583#0	Q0	11361200#58	0
13375583#0	Q0	11361200#30	0
13375583#0	Q0	433065#1	0
13375583#0	Q0	5023673#26	0
13383526#0	Q0	13031892#0	1
13383526#0	Q0	5987563#0	0
13383526#0	Q0	1091849#0	0
13383526#0	Q0	1091849#8	0
13383526#0	Q0	1091849#6	0
13383526#0	Q0	13031892#1	0
13383526#0	Q0	5987563#1	0
13383526#0	Q0	5987563#2	0
13383526#0	Q0	1091849#5	0
13383526#0	Q0	1091849#2	0
13388857#0	Q0	13378051#11	1
13388857#0	Q0	66911#20	0
13388857#0	Q0	11565585#4	0
13388857#0	Q0	69814#55	0
13388857#0	Q0	430715#21	0
13388857#0	Q0	456999#235	0
13388857#0	Q0	69814#5	0
13388857#0	Q0	69814#52	0
13388857#0	Q0	5410913#1	0
13388857#0	Q0	13408091#15	0
13391630#0	Q0	687648#0	1
13391630#0	Q0	44069#0	1
13391630#0	Q0	8771324#0	0
13391630#0	Q0	44069#6	0
13391630#0	Q0	890289#0	0
13391630#0	Q0	875439#0	0
13391630#0	Q0	7920218#0	0
13391630#0	Q0	453275#25	0
13391630#0	Q0	2707234#0	0
13391630#0	Q0	7097553#3	0
13430714#0	Q0	578703#1	1
13430714#0	Q0	578703#0	0
13430714#0	Q0	61291#61	0
13430714#0	Q0	6755616#0	0
13430714#0	Q0	120189#1	0
13430714#0	Q0	181814#21	0
13430714#0	Q0	4847775#8	0
13430714#0	Q0	6226119#0	0
13430714#0	Q0	779022#0	0
13430714#0	Q0	779024#0	0
13441615#0	Q0	10528028#3	1
13441615#0	Q0	366548#1	1
13441615#0	Q0	213943#1	0
13441615#0	Q0	366548#41	0
13441615#0	Q0	11578235#61	0
13441615#0	Q0	8427505#0	0
13441615#0	Q0	144006#94	0
13441615#0	Q0	113345#42	0
13441615#0	Q0	144050#102	0
13441615#0	Q0	5364621#2	0
13447524#0	Q0	4920#37	1
13447524#0	Q0	4920#46	0
13447524#0	Q0	6586564#12	0
13447524#0	Q0	1638761#72	0
13447524#0	Q0	113565#4	0
13447524#0	Q0	4154889#2	0
13447524#0	Q0	1017729#32	0
13447524#0	Q0	257722#0	0
13447524#0	Q0	3546160#2	0
13447524#0	Q0	569367#18	0
13456931#0	Q0	2115084#0	1
13456931#0	Q0	827918#3	1
13456931#0	Q0	384638#0	0
13456931#0	Q0	145292#12	0
13456931#0	Q0	573656#17	0
13456931#0	Q0	13178823#114	0
13456931#0	Q0	827918#0	0
13456931#0	Q0	384638#5	0
13456931#0	Q0	739200#9	0
13456931#0	Q0	4742215#0	0
13457127#0	Q0	1893#43	1
13457127#0	Q0	11623927#5	1
13457127#0	Q0	3027#76	1
13457127#0	Q0	17860#18	0
13457127#0	Q0	11623927#0	0
13457127#0	Q0	3921365#28	0
13457127#0	Q0	17860#15	0
13457127#0	Q0	890786#20	0
13457127#0	Q0	1769188#12	0
13457127#0	Q0	9887796#1	0
13458382#0	Q0	14491767#7	1
13458382#0	Q0	2258#29	1
13458382#0	Q0	14491767#0	0
13458382#0	Q0	9654958#0	0
13458382#0	Q0	14491767#1	0
13458382#0	Q0	14491767#5	0
13458382#0	Q0	14491767#4	0
13458382#0	Q0	14491767#3	0
13458382#0	Q0	14491767#2	0
13458382#0	Q0	11554166#14	0
134822#0	Q0	134078#11	1
134822#0	Q0	134078#10	1
134822#0	Q0	134078#3	1
134822#0	Q0	134078#31	1
134822#0	Q0	134078#0	0
134822#0	Q0	884179#5	0
134822#0	Q0	2907664#2	0
134822#0	Q0	2907664#3	0
134822#0	Q0	134078#1	0
134822#0	Q0	306397#4	0
1348702#0	Q0	16915#4	1
1348702#0	Q0	10095590#0	0
1348702#0	Q0	16915#90	0
1348702#0	Q0	5285580#0	0
1348702#0	Q0	10035696#0	0
1348702#0	Q0	16915#86	0
1348702#0	Q0	16915#84	0
1348702#0	Q0	556662#0	0
1348702#0	Q0	10035696#4	0
1348702#0	Q0	5279415#1	0
13495973#0	Q0	371393#3	1
13495973#0	Q0	7885862#18	1
13495973#0	Q0	786134#1	1
13495973#0	Q0	13245302#81	0
13495973#0	Q0	9313398#106	0
13495973#0	Q0	10891146#6	0
13495973#0	Q0	3531521#1	0
13495973#0	Q0	3531521#18	0
13495973#0	Q0	358385#11	0
13495973#0	Q0	7885862#28	0
13528#0	Q0	1027396#2	1
13528#0	Q0	3526787#0	0
13528#0	Q0	41604#35	0
13528#0	Q0	41604#40	0
13528#0	Q0	686109#147	0
13528#0	Q0	41604#0	0
13528#0	Q0	686109#51	0
13528#0	Q0	4485266#72	0
13528#0	Q0	346317#22	0
13528#0	Q0	4982831#1	0
13528335#0	Q0	9251402#2	1
13528335#0	Q0	9251402#0	0
13528335#0	Q0	9251402#12	0
13528335#0	Q0	9251402#10	0
13528335#0	Q0	9251402#11	0
13528335#0	Q0	3192668#3	0
13528335#0	Q0	9251402#1	0
13528335#0	Q0	1132875#7	0
13528335#0	Q0	3192668#16	0
13528335#0	Q0	9251402#17	0
13532464#0	Q0	105244#2	1
13532464#0	Q0	105244#3	1
13532464#0	Q0	85745#7	0
13532464#0	Q0	105244#5	0
13532464#0	Q0	3841842#3	0
13532464#0	Q0	105244#0	0
13532464#0	Q0	748206#1	0
13532464#0	Q0	46914#0	0
13532464#0	Q0	105244#1	0
13532464#0	Q0	105244#6	0
1355335#0	Q0	1601984#19	1
1355335#0	Q0	1216515#27	1
1355335#0	Q0	79269#13	0
1355335#0	Q0	79269#7	0
1355335#0	Q0	1601984#0	0
1355335#0	Q0	4818#4	0
1355335#0	Q0	79269#12	0
1355335#0	Q0	3626768#3	0
1355335#0	Q0	4818#11	0
1355335#0	Q0	3626768#0	0
13569945#0	Q0	85159#0	1
13569945#0	Q0	85159#3	1
13569945#0	Q0	13654621#4	0
13569945#0	Q0	1454620#3	0
13569945#0	Q0	13612510#0	0
13569945#0	Q0	85159#2	0
13569945#0	Q0	4898103#0	0
13569945#0	Q0	13366312#0	0
13569945#0	Q0	828335#2	0
13569945#0	Q0	13622334#0	0
1359338#0	Q0	25842#0	1
1359338#0	Q0	173394#11	0
1359338#0	Q0	4206540#0	0
1359338#0	Q0	7042381#0	0
1359338#0	Q0	14529187#0	0
1359338#0	Q0	6045299#0	0
1359338#0	Q0	472035#1	0
1359338#0	Q0	664526#0	0
1359338#0	Q0	6109817#0	0
1359338#0	Q0	7277866#0	0
13596690#0	Q0	10065262#46	1
13596690#0	Q0	7751434#14	1
13596690#0	Q0	10866033#29	1
13596690#0	Q0	10065262#19	0
13596690#0	Q0	10065262#10	0
13596690#0	Q0	11600947#27	0
13596690#0	Q0	12281201#25	0
13596690#0	Q0	722903#13	0
13596690#0	Q0	10101628#35	0
13596690#0	Q0	10065262#36	0
13598533#0	Q0	27348#5	1
13598533#0	Q0	12574#0	1
13598533#0	Q0	166221#23	0
13598533#0	Q0	365054#0	0
13598533#0	Q0	12580#0	0
13598533#0	Q0	7221#0	0
13598533#0	Q0	1590005#82	0
13598533#0	Q0	160770#0	0
13598533#0	Q0	1991923#0	0
13598533#0	Q0	9421326#0	0
13610066#0	Q0	1359783#108	1
13610066#0	Q0	1359783#31	1
13610066#0	Q0	12801#0	1
13610066#0	Q0	688954#26	1
13610066#0	Q0	688954#31	1
13610066#0	Q0	3837535#4	1
13610066#0	Q0	688954#105	1
13610066#0	Q0	1662824#1	1
13610066#0	Q0	569643#11	1
13610066#0	Q0	688954#5	0
1361544#0	Q0	2814653#0	1
1361544#0	Q0	1011459#5	1
1361544#0	Q0	259439#1	1
1361544#0	Q0	259439#2	0
1361544#0	Q0	147035#6	0
1361544#0	Q0	8249#9	0
1361544#0	Q0	152457#0	0
1361544#0	Q0	5517782#17	0
1361544#0	Q0	10838013#4	0
1361544#0	Q0	147035#2	0
13621158#0	Q0	13621158#1	1
13621158#0	Q0	13621158#20	0
13621158#0	Q0	13621158#4	0
13621158#0	Q0	13621158#19	0
13621158#0	Q0	13621158#0	0
13621158#0	Q0	13621158#18	0
13621158#0	Q0	13621158#14	0
13621158#0	Q0	13621158#23	0
13621158#0	Q0	11725323#5	0
13621158#0	Q0	13621158#10	0
1364997#0	Q0	1767644#6	1
1364997#0	Q0	8650339#29	0
1364997#0	Q0	237681#79	0
1364997#0	Q0	237681#80	0
1364997#0	Q0	12673415#74	0
1364997#0	Q0	5818483#12	0
1364997#0	Q0	237681#94	0
1364997#0	Q0	237681#18	0
1364997#0	Q0	10342401#83	0
1364997#0	Q0	12036166#6	0
13654808#0	Q0	749899#2	1
13654808#0	Q0	2714786#0	1
13654808#0	Q0	5710081#2	0
13654808#0	Q0	180212#7	0
13654808#0	Q0	2707299#3	0
13654808#0	Q0	1237658#0	0
13654808#0	Q0	2718035#2	0
13654808#0	Q0	1688192#0	0
13654808#0	Q0	2719820#0	0
13654808#0	Q0	2717889#0	0
13663115#0	Q0	2674604#0	1
13663115#0	Q0	2674604#3	0
13663115#0	Q0	2674604#2	0
13663115#0	Q0	2674604#25	0
13663115#0	Q0	2674604#4	0
13663115#0	Q0	2674604#1	0
13663115#0	Q0	2674604#24	0
13663115#0	Q0	2674604#18	0
13663115#0	Q0	13011995#0	0
13663115#0	Q0	5414764#0	0
13663890#0	Q0	7208#0	1
13663890#0	Q0	718595#1	0
13663890#0	Q0	107500#0	0
13663890#0	Q0	718595#0	0
13663890#0	Q0	7208#50	0
13663890#0	Q0	718595#2	0
13663890#0	Q0	7208#26	0
13663890#0	Q0	11185448#1	0
13663890#0	Q0	821775#0	0
13663890#0	Q0	7208#75	0
13688343#0	Q0	1221#10	1
13688343#0	Q0	1221#0	1
13688343#0	Q0	5512114#5	0
13688343#0	Q0	11191457#0	0
13688343#0	Q0	2930304#2	0
13688343#0	Q0	4339608#5	0
13688343#0	Q0	4339608#36	0
13688343#0	Q0	13453843#3	0
13688343#0	Q0	13453843#4	0
13688343#0	Q0	1926475#1	0
13696113#0	Q0	12076234#0	1
13696113#0	Q0	6070298#0	1
13696113#0	Q0	14240098#0	1
13696113#0	Q0	6716427#0	0
13696113#0	Q0	2366347#14	0
13696113#0	Q0	395864#15	0
13696113#0	Q0	12076234#2	0
13696113#0	Q0	395864#0	0
13696113#0	Q0	2672254#0	0
13696113#0	Q0	4734661#13	0
13703#0	Q0	11756973#0	1
13703#0	Q0	18125#0	1
13703#0	Q0	1454918#0	1
13703#0	Q0	13947698#3	1
13703#0	Q0	11756973#1	0
13703#0	Q0	13628183#0	0
13703#0	Q0	18125#2	0
13703#0	Q0	1454918#1	0
13703#0	Q0	1454918#4	0
13703#0	Q0	12776362#139	0
13725983#0	Q0	10718203#1	1
13725983#0	Q0	10523951#8	1
13725983#0	Q0	55152#19	0
13725983#0	Q0	3166721#2	0
13725983#0	Q0	14241#23	0
13725983#0	Q0	233491#0	0
13725983#0	Q0	865490#22	0
13725983#0	Q0	1775024#6	0
13725983#0	Q0	1526761#9	0
13725983#0	Q0	14241#22	0
13737571#0	Q0	885#4	1
13737571#0	Q0	5755174#6	1
13737571#0	Q0	14241#16	0
13737571#0	Q0	228803#10	0
13737571#0	Q0	190257#2	0
13737571#0	Q0	1490#7	0
13737571#0	Q0	467646#32	0
13737571#0	Q0	131090#4	0
13737571#0	Q0	244055#11	0
13737571#0	Q0	287157#5	0
13769309#0	Q0	841#3	1
13769309#0	Q0	167694#34	1
13769309#0	Q0	167694#83	0
13769309#0	Q0	4663760#69	0
13769309#0	Q0	167694#104	0
13769309#0	Q0	167694#43	0
13769309#0	Q0	841#35	0
13769309#0	Q0	3402521#1	0
13769309#0	Q0	167694#35	0
13769309#0	Q0	167694#102	0
13781320#0	Q0	166221#1	1
13781320#0	Q0	444635#2	0
13781320#0	Q0	166221#23	0
13781320#0	Q0	1590005#74	0
13781320#0	Q0	444635#7	0
13781320#0	Q0	1590005#82	0
13781320#0	Q0	25122#0	0
13781320#0	Q0	12586#0	0
13781320#0	Q0	68488#0	0
13781320#0	Q0	10959#1	0
13788649#0	Q0	504937#0	1
13788649#0	Q0	13044953#0	0
13788649#0	Q0	13291589#0	0
13788649#0	Q0	815332#1	0
13788649#0	Q0	197665#31	0
13788649#0	Q0	197665#2	0
13788649#0	Q0	1212583#0	0
13788649#0	Q0	197666#4	0
13788649#0	Q0	200607#0	0
13788649#0	Q0	3031493#5	0
138#0	Q0	2880975#16	1
138#0	Q0	6383085#3	0
138#0	Q0	3097303#4	0
138#0	Q0	7448742#39	0
138#0	Q0	99686#28	0
138#0	Q0	7522210#23	0
138#0	Q0	3169849#10	0
138#0	Q0	3097303#7	0
138#0	Q0	3252872#7	0
138#0	Q0	11752083#4	0
13801193#0	Q0	10377705#28	1
13801193#0	Q0	327470#36	1
13801193#0	Q0	8960421#15	1
13801193#0	Q0	313826#11	0
13801193#0	Q0	24066#82	0
13801193#0	Q0	4696747#3	0
13801193#0	Q0	12489950#5	0
13801193#0	Q0	1066708#15	0
13801193#0	Q0	313826#12	0
13801193#0	Q0	7153982#1	0
1382717#0	Q0	6963497#16	1
1382717#0	Q0	50057#5	0
1382717#0	Q0	9454718#2	0
1382717#0	Q0	1428177#3	0
1382717#0	Q0	255371#2	0
1382717#0	Q0	5062191#2	0
1382717#0	Q0	10569130#0	0
1382717#0	Q0	6901315#6	0
1382717#0	Q0	50057#31	0
1382717#0	Q0	5230866#0	0
13886505#0	Q0	14278747#0	1
13886505#0	Q0	81045#6	1
13886505#0	Q0	3407954#8	0
13886505#0	Q0	2341#4	0
13886505#0	Q0	308948#94	0
13886505#0	Q0	5229444#25	0
13886505#0	Q0	102176#31	0
13886505#0	Q0	4093043#9	0
13886505#0	Q0	572#66	0
13886505#0	Q0	14380605#3	0
13906106#0	Q0	24510#67	1
13906106#0	Q0	6419084#0	0
13906106#0	Q0	3708173#6	0
13906106#0	Q0	3136254#0	0
13906106#0	Q0	6470749#2	0
13906106#0	Q0	10213839#0	0
13906106#0	Q0	1474777#1	0
13906106#0	Q0	3708173#3	0
13906106#0	Q0	14271720#0	0
13906106#0	Q0	24510#3	0
13908939#0	Q0	3461817#21	1
13908939#0	Q0	10671576#2	1
13908939#0	Q0	11335#18	1
13908939#0	Q0	1436304#4	1
13908939#0	Q0	286127#4	0
13908939#0	Q0	12966463#1	0
13908939#0	Q0	6732696#40	0
13908939#0	Q0	7465314#2	0
13908939#0	Q0	337072#43	0
13908939#0	Q0	12360017#6	0
13951406#0	Q0	75149#55	1
13951406#0	Q0	75149#43	0
13951406#0	Q0	705098#1	0
13951406#0	Q0	1468645#16	0
13951406#0	Q0	1691029#6	0
13951406#0	Q0	13388642#8	0
13951406#0	Q0	75149#40	0
13951406#0	Q0	75149#45	0
13951406#0	Q0	707351#9	0
13951406#0	Q0	5044462#13	0
13964371#0	Q0	2435#22	1
13964371#0	Q0	3608020#37	0
13964371#0	Q0	571#4	0
13964371#0	Q0	4696809#0	0
13964371#0	Q0	215581#6	0
13964371#0	Q0	571#0	0
13964371#0	Q0	910896#50	0
13964371#0	Q0	77149#23	0
13964371#0	Q0	233909#4	0
13964371#0	Q0	4690176#16	0
1396458#0	Q0	5185#2	1
1396458#0	Q0	28227#12	1
1396458#0	Q0	1125966#1	1
1396458#0	Q0	28227#1	0
1396458#0	Q0	7085471#0	0
1396458#0	Q0	6294675#0	0
1396458#0	Q0	5185#0	0
1396458#0	Q0	28227#4	0
1396458#0	Q0	5056#19	0
1396458#0	Q0	28227#6	0
13972068#0	Q0	935846#0	1
13972068#0	Q0	935846#1	0
13972068#0	Q0	935846#8	0
13972068#0	Q0	266191#0	0
13972068#0	Q0	935846#6	0
13972068#0	Q0	935846#7	0
13972068#0	Q0	935846#4	0
13972068#0	Q0	266191#37	0
13972068#0	Q0	935846#9	0
13972068#0	Q0	935846#14	0
1397337#0	Q0	149967#23	1
1397337#0	Q0	2964228#0	0
1397337#0	Q0	13391480#0	0
1397337#0	Q0	13391480#4	0
1397337#0	Q0	1071202#1	0
1397337#0	Q0	12390450#0	0
1397337#0	Q0	1071202#0	0
1397337#0	Q0	13391480#2	0
1397337#0	Q0	12258975#2	0
1397337#0	Q0	10088808#0	0
13981571#0	Q0	1443260#4	1
13981571#0	Q0	3477428#6	1
13981571#0	Q0	12830687#3	0
13981571#0	Q0	417783#25	0
13981571#0	Q0	8164107#41	0
13981571#0	Q0	12830687#1	0
13981571#0	Q0	326159#27	0
13981571#0	Q0	417783#10	0
13981571#0	Q0	8562770#2	0
13981571#0	Q0	417783#29	0
13992564#0	Q0	1216738#0	1
13992564#0	Q0	1216738#30	1
13992564#0	Q0	1216738#27	1
13992564#0	Q0	6616032#46	0
13992564#0	Q0	752654#15	0
13992564#0	Q0	27330#141	0
13992564#0	Q0	1336349#0	0
13992564#0	Q0	4053136#3	0
13992564#0	Q0	6616032#22	0
13992564#0	Q0	522234#12	0
14044923#0	Q0	12730767#0	1
14044923#0	Q0	12730767#9	1
14044923#0	Q0	12730767#10	0
14044923#0	Q0	3160997#0	0
14044923#0	Q0	12730767#6	0
14044923#0	Q0	12730767#1	0
14044923#0	Q0	12730767#7	0
14044923#0	Q0	12730767#5	0
14044923#0	Q0	3160997#1	0
14044923#0	Q0	12730767#8	0
14067990#0	Q0	156943#0	1
14067990#0	Q0	156943#10	0
14067990#0	Q0	1525619#0	0
14067990#0	Q0	3671426#0	0
14067990#0	Q0	5510178#13	0
14067990#0	Q0	11458691#3	0
14067990#0	Q0	156943#11	0
14067990#0	Q0	156943#2	0
14067990#0	Q0	1525619#8	0
14067990#0	Q0	14023459#0	0
14072389#0	Q0	2453870#26	1
14072389#0	Q0	2453870#21	1
14072389#0	Q0	121141#24	0
14072389#0	Q0	9550242#8	0
14072389#0	Q0	2453870#1	0
14072389#0	Q0	375064#52	0
14072389#0	Q0	905207#21	0
14072389#0	Q0	5625623#0	0
14072389#0	Q0	6909257#0	0
14072389#0	Q0	10950710#42	0
14076412#0	Q0	104600#8	1
14076412#0	Q0	104600#0	1
14076412#0	Q0	104600#10	0
14076412#0	Q0	3106702#1	0
14076412#0	Q0	104600#9	0
14076412#0	Q0	104600#13	0
14076412#0	Q0	475072#14	0
14076412#0	Q0	5175298#3	0
14076412#0	Q0	2971634#89	0
14076412#0	Q0	475072#0	0
14082611#0	Q0	2614#0	1
14082611#0	Q0	2614#24	0
14082611#0	Q0	1328341#11	0
14082611#0	Q0	2614#9	0
14082611#0	Q0	10845487#0	0
14082611#0	Q0	119442#6	0
14082611#0	Q0	1455066#1	0
14082611#0	Q0	803362#2	0
14082611#0	Q0	2614#6	0
14082611#0	Q0	1383951#94	0
14093260#0	Q0	597713#34	1
14093260#0	Q0	46146#0	0
14093260#0	Q0	46146#76	0
14093260#0	Q0	46146#23	0
14093260#0	Q0	7481102#1	0
14093260#0	Q0	6389343#5	0
14093260#0	Q0	46146#98	0
14093260#0	Q0	46146#41	0
14093260#0	Q0	46146#1	0
14093260#0	Q0	46146#39	0
14100089#0	Q0	2863821#0	1
14100089#0	Q0	12350410#0	0
14100089#0	Q0	4855342#10	0
14100089#0	Q0	215582#24	0
14100089#0	Q0	6094970#13	0
14100089#0	Q0	13842860#0	0
14100089#0	Q0	1056858#0	0
14100089#0	Q0	9504476#0	0
14100089#0	Q0	6029222#0	0
14100089#0	Q0	6094970#40	0
14103861#0	Q0	71168#13	1
14103861#0	Q0	71168#28	0
14103861#0	Q0	71168#0	0
14103861#0	Q0	71168#1	0
14103861#0	Q0	71168#32	0
14103861#0	Q0	14103861#11	0
14103861#0	Q0	14570862#3	0
14103861#0	Q0	3781376#5	0
14103861#0	Q0	1696246#3	0
14103861#0	Q0	71168#59	0
14121465#0	Q0	53343#3	1
14121465#0	Q0	701847#3	1
14121465#0	Q0	8534#9	1
14121465#0	Q0	400827#2	0
14121465#0	Q0	544311#16	0
14121465#0	Q0	8534#8	0
14121465#0	Q0	154430#1	0
14121465#0	Q0	5404015#16	0
14121465#0	Q0	53343#10	0
14121465#0	Q0	53343#7	0
1412594#0	Q0	7229#0	1
1412594#0	Q0	3511313#4	0
1412594#0	Q0	3105115#1	0
1412594#0	Q0	3555253#1	0
1412594#0	Q0	275597#2	0
1412594#0	Q0	1328009#1	0
1412594#0	Q0	3555253#0	0
1412594#0	Q0	418211#2	0
1412594#0	Q0	220140#10	0
1412594#0	Q0	126116#1	0
14130790#0	Q0	1474000#6	1
14130790#0	Q0	1289243#1	0
14130790#0	Q0	1964967#1	0
14130790#0	Q0	2485482#6	0
14130790#0	Q0	12443111#1	0
14130790#0	Q0	1474000#1	0
14130790#0	Q0	11961766#3	0
14130790#0	Q0	2690376#1	0
14130790#0	Q0	5528820#6	0
14130790#0	Q0	8424729#4	0
14175600#0	Q0	198647#16	1
14175600#0	Q0	1122909#1	1
14175600#0	Q0	2879382#1	1
14175600#0	Q0	1122909#3	0
14175600#0	Q0	1464127#11	0
14175600#0	Q0	72285#74	0
14175600#0	Q0	13512456#462	0
14175600#0	Q0	918946#119	0
14175600#0	Q0	855707#11	0
14175600#0	Q0	271466#7	0
14179835#0	Q0	547253#10	1
14179835#0	Q0	626955#4	1
14179835#0	Q0	8386174#0	0
14179835#0	Q0	8343718#1	0
14179835#0	Q0	130778#10	0
14179835#0	Q0	254476#14	0
14179835#0	Q0	8349882#0	0
14179835#0	Q0	2412#32	0
14179835#0	Q0	1407#59	0
14179835#0	Q0	2785724#5	0
1418538#0	Q0	14520#51	1
1418538#0	Q0	119700#0	0
1418538#0	Q0	894926#5	0
1418538#0	Q0	3590159#1	0
1418538#0	Q0	79034#0	0
1418538#0	Q0	964539#6	0
1418538#0	Q0	7583293#0	0
1418538#0	Q0	199357#1	0
1418538#0	Q0	502897#0	0
1418538#0	Q0	6835524#1	0
14186463#0	Q0	3709635#17	1
14186463#0	Q0	674762#1	1
14186463#0	Q0	224594#0	0
14186463#0	Q0	3709635#10	0
14186463#0	Q0	154901#125	0
14186463#0	Q0	3709635#14	0
14186463#0	Q0	1150123#6	0
14186463#0	Q0	628774#0	0
14186463#0	Q0	5481514#0	0
14186463#0	Q0	814538#1	0
14201689#0	Q0	52676#1	1
14201689#0	Q0	6880641#18	0
14201689#0	Q0	510615#27	0
14201689#0	Q0	8465382#32	0
14201689#0	Q0	3303675#3	0
14201689#0	Q0	3303675#2	0
14201689#0	Q0	3303675#0	0
14201689#0	Q0	234525#12	0
14201689#0	Q0	303298#52	0
14201689#0	Q0	1122#29	0
14203847#0	Q0	5013420#2	1
14203847#0	Q0	5013420#3	0
14203847#0	Q0	5013420#1	0
14203847#0	Q0	3989963#18	0
14203847#0	Q0	5013420#0	0
14203847#0	Q0	2821478#0	0
14203847#0	Q0	14468503#8	0
14203847#0	Q0	988858#0	0
14203847#0	Q0	14426790#0	0
14203847#0	Q0	11590609#1	0
14204740#0	Q0	1807#8	1
14204740#0	Q0	1807#1	1
14204740#0	Q0	1807#11	1
14204740#0	Q0	1807#4	0
14204740#0	Q0	1807#9	0
14204740#0	Q0	1807#2	0
14204740#0	Q0	8627#28	0
14204740#0	Q0	3872811#0	0
14204740#0	Q0	818899#17	0
14204740#0	Q0	14309502#2	0
14212562#0	Q0	337072#43	1
14212562#0	Q0	141989#17	0
14212562#0	Q0	13828418#5	0
14212562#0	Q0	7750027#2	0
14212562#0	Q0	4006875#3	0
14212562#0	Q0	6875371#19	0
14212562#0	Q0	14678175#2	0
14212562#0	Q0	6076559#5	0
14212562#0	Q0	13828418#26	0
14212562#0	Q0	6732696#9	0
142339#0	Q0	1869028#10	1
142339#0	Q0	2396#62	0
142339#0	Q0	5526155#0	0
142339#0	Q0	144030#0	0
142339#0	Q0	1865690#69	0
142339#0	Q0	142339#0	0
142339#0	Q0	243867#4	0
142339#0	Q0	28803#0	0
142339#0	Q0	85144#1	0
142339#0	Q0	3444206#5	0
14237147#0	Q0	95356#23	1
14237147#0	Q0	95356#3	1
14237147#0	Q0	744398#16	1
14237147#0	Q0	95356#10	0
14237147#0	Q0	95356#9	0
14237147#0	Q0	95356#1	0
14237147#0	Q0	95356#28	0
14237147#0	Q0	559884#32	0
14237147#0	Q0	11579091#5	0
14237147#0	Q0	95356#29	0
14239513#0	Q0	15805#0	1
14239513#0	Q0	27360#49	0
14239513#0	Q0	5373107#7	0
14239513#0	Q0	101085#84	0
14239513#0	Q0	7754648#5	0
14239513#0	Q0	5157049#7	0
14239513#0	Q0	2836663#37	0
14239513#0	Q0	6013840#3	0
14239513#0	Q0	14400059#2	0
14239513#0	Q0	2549#108	0
1424410#0	Q0	902246#1	1
1424410#0	Q0	902246#0	1
1424410#0	Q0	902246#49	0
1424410#0	Q0	902246#2	0
1424410#0	Q0	902246#7	0
1424410#0	Q0	902246#38	0
1424410#0	Q0	902246#5	0
1424410#0	Q0	902246#36	0
1424410#0	Q0	902246#42	0
1424410#0	Q0	902246#47	0
14250708#0	Q0	8400530#7	1
14250708#0	Q0	7703131#0	0
14250708#0	Q0	41503#21	0
14250708#0	Q0	4659462#17	0
14250708#0	Q0	7552721#0	0
14250708#0	Q0	3550058#12	0
14250708#0	Q0	1271687#0	0
14250708#0	Q0	4227291#6	0
14250708#0	Q0	11743958#6	0
14250708#0	Q0	3696261#0	0
1425279#0	Q0	2079#205	1
1425279#0	Q0	10984001#3	1
1425279#0	Q0	4102671#4	0
1425279#0	Q0	682479#58	0
1425279#0	Q0	4487979#3	0
1425279#0	Q0	2079#217	0
1425279#0	Q0	2079#94	0
1425279#0	Q0	2079#202	0
1425279#0	Q0	7646940#6	0
1425279#0	Q0	69235#2	0
14252888#0	Q0	12857487#1	1
14252888#0	Q0	13686862#11	0
14252888#0	Q0	13686862#10	0
14252888#0	Q0	12857570#1	0
14252888#0	Q0	13686862#5	0
14252888#0	Q0	5659537#9	0
14252888#0	Q0	187100#20	0
14252888#0	Q0	271261#7	0
14252888#0	Q0	5659537#7	0
14252888#0	Q0	271261#2	0
14321587#0	Q0	2760720#3	1
14321587#0	Q0	8580337#98	1
14321587#0	Q0	14255609#23	0
14321587#0	Q0	1078887#12	0
14321587#0	Q0	148823#5	0
14321587#0	Q0	11211442#11	0
14321587#0	Q0	11802400#3	0
14321587#0	Q0	82903#7	0
14321587#0	Q0	6722240#43	0
14321587#0	Q0	3346260#1	0
14346197#0	Q0	723653#4	1
14346197#0	Q0	2487#89	0
14346197#0	Q0	307638#2	0
14346197#0	Q0	12280069#1	0
14346197#0	Q0	11362025#3	0
14346197#0	Q0	12280069#9	0
14346197#0	Q0	1950190#2	0
14346197#0	Q0	7458494#3	0
14346197#0	Q0	471897#3	0
14346197#0	Q0	5954120#2	0
14348378#0	Q0	4740069#26	1
14348378#0	Q0	10242890#2	0
14348378#0	Q0	2767319#8	0
14348378#0	Q0	7180#111	0
14348378#0	Q0	10886317#10	0
14348378#0	Q0	950764#1	0
14348378#0	Q0	10242890#5	0
14348378#0	Q0	32239#28	0
14348378#0	Q0	353352#11	0
14348378#0	Q0	3738162#0	0
14348991#0	Q0	100540#0	1
14348991#0	Q0	13970536#1	1
14348991#0	Q0	4521170#1	0
14348991#0	Q0	5958811#3	0
14348991#0	Q0	6264840#83	0
14348991#0	Q0	2210283#39	0
14348991#0	Q0	6264840#10	0
14348991#0	Q0	6264840#33	0
14348991#0	Q0	100540#16	0
14348991#0	Q0	100540#8	0
14358536#0	Q0	12309#0	1
14358536#0	Q0	6051388#0	0
14358536#0	Q0	12309#63	0
14358536#0	Q0	8159847#0	0
14358536#0	Q0	6051388#1	0
14358536#0	Q0	3507658#36	0
14358536#0	Q0	12309#7	0
14358536#0	Q0	14212232#0	0
14358536#0	Q0	6051388#2	0
14358536#0	Q0	12309#14	0
1436387#0	Q0	2812612#4	1
1436387#0	Q0	11881238#2	0
1436387#0	Q0	1854758#20	0
1436387#0	Q0	1854758#7	0
1436387#0	Q0	8809970#35	0
1436387#0	Q0	14312806#4	0
1436387#0	Q0	1854758#15	0
1436387#0	Q0	1854758#1	0
1436387#0	Q0	612890#16	0
1436387#0	Q0	875612#7	0
14369496#0	Q0	3475071#102	1
14369496#0	Q0	4181089#4	0
14369496#0	Q0	2152#25	0
14369496#0	Q0	2152#2	0
14369496#0	Q0	2152#0	0
14369496#0	Q0	2152#20	0
14369496#0	Q0	14630649#0	0
14369496#0	Q0	13352660#0	0
14369496#0	Q0	5213499#0	0
14369496#0	Q0	1882151#2	0
14370145#0	Q0	143896#42	1
14370145#0	Q0	51788#20	0
14370145#0	Q0	1382392#7	0
14370145#0	Q0	7691876#5	0
14370145#0	Q0	4494304#5	0
14370145#0	Q0	969919#5	0
14370145#0	Q0	143897#6	0
14370145#0	Q0	35621#2	0
14370145#0	Q0	5980364#18	0
14370145#0	Q0	10900920#1	0
14370207#0	Q0	13268020#4	1
14370207#0	Q0	13268020#3	1
14370207#0	Q0	708949#2	0
14370207#0	Q0	10178002#2	0
14370207#0	Q0	13241265#4	0
14370207#0	Q0	13328071#3	0
14370207#0	Q0	1065772#22	0
14370207#0	Q0	1065772#21	0
14370207#0	Q0	4333865#1	0
14370207#0	Q0	1065772#32	0
14378647#0	Q0	606662#21	1
14378647#0	Q0	606662#22	1
14378647#0	Q0	606662#23	0
14378647#0	Q0	606662#11	0
14378647#0	Q0	606662#8	0
14378647#0	Q0	606662#6	0
14378647#0	Q0	3831709#1	0
14378647#0	Q0	606662#13	0
14378647#0	Q0	3676473#19	0
14378647#0	Q0	606662#17	0
14381037#0	Q0	48165#128	1
14381037#0	Q0	1040988#1	0
14381037#0	Q0	1123837#5	0
14381037#0	Q0	7866270#17	0
14381037#0	Q0	1886179#14	0
14381037#0	Q0	1886179#31	0
14381037#0	Q0	2004547#33	0
14381037#0	Q0	7866270#16	0
14381037#0	Q0	7810246#1	0
14381037#0	Q0	1490#62	0
14382211#0	Q0	14382211#0	1
14382211#0	Q0	14382211#1	1
14382211#0	Q0	14382211#94	0
14382211#0	Q0	14382211#100	0
14382211#0	Q0	13211561#20	0
14382211#0	Q0	14382211#4	0
14382211#0	Q0	13211561#12	0
14382211#0	Q0	13211561#14	0
14382211#0	Q0	14382211#87	0
14382211#0	Q0	13211561#13	0
1438446#0	Q0	1255269#0	1
1438446#0	Q0	1255269#2	1
1438446#0	Q0	1255269#1	0
1438446#0	Q0	1255269#45	0
1438446#0	Q0	931989#7	0
1438446#0	Q0	8818790#0	0
1438446#0	Q0	1255269#8	0
1438446#0	Q0	1255269#46	0
1438446#0	Q0	942170#5	0
1438446#0	Q0	5332658#21	0
14385647#0	Q0	7561#6	1
14385647#0	Q0	7337#1	0
14385647#0	Q0	8551#61	0
14385647#0	Q0	10529287#7	0
14385647#0	Q0	4955471#13	0
14385647#0	Q0	3906947#5	0
14385647#0	Q0	7561#5	0
14385647#0	Q0	1613598#11	0
14385647#0	Q0	8551#39	0
14385647#0	Q0	69942#13	0
14386906#0	Q0	97560#6	1
14386906#0	Q0	6815922#6	0
14386906#0	Q0	4304736#2	0
14386906#0	Q0	97560#1	0
14386906#0	Q0	8730812#1	0
14386906#0	Q0	97560#11	0
14386906#0	Q0	5176165#3	0
14386906#0	Q0	143533#2	0
14386906#0	Q0	10749125#29	0
14386906#0	Q0	12326943#6	0
14397365#0	Q0	7134#26	1
14397365#0	Q0	58873#32	0
14397365#0	Q0	58873#0	0
14397365#0	Q0	510417#1	0
14397365#0	Q0	58873#33	0
14397365#0	Q0	13394011#0	0
14397365#0	Q0	12335286#0	0
14397365#0	Q0	13394011#1	0
14397365#0	Q0	510417#4	0
14397365#0	Q0	58873#34	0
14402404#0	Q0	132051#0	1
14402404#0	Q0	2152#0	1
14402404#0	Q0	3475071#102	1
14402404#0	Q0	4181089#4	0
14402404#0	Q0	4181089#3	0
14402404#0	Q0	2152#2	0
14402404#0	Q0	6964825#1	0
14402404#0	Q0	4225386#0	0
14402404#0	Q0	8440313#0	0
14402404#0	Q0	2152#20	0
14406145#0	Q0	8627#28	1
14406145#0	Q0	1750#10	0
14406145#0	Q0	8865717#6	0
14406145#0	Q0	1750#4	0
14406145#0	Q0	8536477#1	0
14406145#0	Q0	7914566#1	0
14406145#0	Q0	13665128#2	0
14406145#0	Q0	11800242#0	0
14406145#0	Q0	797115#17	0
14406145#0	Q0	26969#4	0
14417362#0	Q0	3590137#0	1
14417362#0	Q0	936116#0	1
14417362#0	Q0	34716#5	1
14417362#0	Q0	3590137#1	1
14417362#0	Q0	936116#1	0
14417362#0	Q0	872366#18	0
14417362#0	Q0	3590137#2	0
14417362#0	Q0	14446597#2	0
14417362#0	Q0	380193#8	0
14417362#0	Q0	779023#0	0
14425466#0	Q0	28747#17	1
14425466#0	Q0	28747#0	1
14425466#0	Q0	34466#6	0
14425466#0	Q0	28747#22	0
14425466#0	Q0	34466#4	0
14425466#0	Q0	34466#2	0
14425466#0	Q0	10208230#9	0
14425466#0	Q0	28747#11	0
14425466#0	Q0	34466#1	0
14425466#0	Q0	28747#2	0
14428519#0	Q0	41343#0	1
14428519#0	Q0	8608182#0	1
14428519#0	Q0	41343#70	1
14428519#0	Q0	1313855#0	1
14428519#0	Q0	1409063#9	1
14428519#0	Q0	3110441#1	1
14428519#0	Q0	7849621#0	1
14428519#0	Q0	257812#76	0
14428519#0	Q0	11652221#5	0
14428519#0	Q0	41343#71	0
14436581#0	Q0	292995#6	1
14436581#0	Q0	14500321#10	1
14436581#0	Q0	1525862#48	0
14436581#0	Q0	523111#15	0
14436581#0	Q0	1304447#1	0
14436581#0	Q0	1256487#1	0
14436581#0	Q0	177942#37	0
14436581#0	Q0	14500321#14	0
14436581#0	Q0	14120436#2	0
14436581#0	Q0	1246158#9	0
1443929#0	Q0	9039#0	1
1443929#0	Q0	10920618#0	1
1443929#0	Q0	130120#6	1
1443929#0	Q0	1003927#9	0
1443929#0	Q0	7802511#18	0
1443929#0	Q0	4861932#1	0
1443929#0	Q0	10587090#11	0
1443929#0	Q0	10587090#7	0
1443929#0	Q0	10587090#30	0
1443929#0	Q0	10676378#2	0
14464705#0	Q0	23#11	1
14464705#0	Q0	741035#9	1
14464705#0	Q0	23#6	0
14464705#0	Q0	23#10	0
14464705#0	Q0	23#12	0
14464705#0	Q0	5773691#0	0
14464705#0	Q0	23#8	0
14464705#0	Q0	714864#0	0
14464705#0	Q0	714864#5	0
14464705#0	Q0	236671#0	0
14477311#0	Q0	3657006#11	1
14477311#0	Q0	7534096#0	0
14477311#0	Q0	3639317#0	0
14477311#0	Q0	12555#1	0
14477311#0	Q0	3694842#12	0
14477311#0	Q0	9297788#2	0
14477311#0	Q0	131637#6	0
14477311#0	Q0	3168380#8	0
14477311#0	Q0	3545890#6	0
14477311#0	Q0	131637#0	0
14483739#0	Q0	1163207#0	1
14483739#0	Q0	1163207#5	0
14483739#0	Q0	1163207#1	0
14483739#0	Q0	1163207#8	0
14483739#0	Q0	1457799#0	0
14483739#0	Q0	1163207#3	0
14483739#0	Q0	1163207#2	0
14483739#0	Q0	1000020#14	0
14483739#0	Q0	1163207#6	0
14483739#0	Q0	11144875#0	0
14498773#0	Q0	11158804#1	1
14498773#0	Q0	14498773#0	0
14498773#0	Q0	11158804#2	0
14498773#0	Q0	14135338#8	0
14498773#0	Q0	14498773#1	0
14498773#0	Q0	14135338#6	0
14498773#0	Q0	8021428#1	0
14498773#0	Q0	1376993#3	0
14498773#0	Q0	11028697#2	0
14498773#0	Q0	14135338#7	0
14510286#0	Q0	14489671#11	1
14510286#0	Q0	14510286#4	0
14510286#0	Q0	9307465#0	0
14510286#0	Q0	14510286#0	0
14510286#0	Q0	11795175#11	0
14510286#0	Q0	11132190#13	0
14510286#0	Q0	11132190#11	0
14510286#0	Q0	14741028#27	0
14510286#0	Q0	14489671#0	0
14510286#0	Q0	14434612#6	0
14513011#0	Q0	988519#2	1
14513011#0	Q0	1764650#2	1
14513011#0	Q0	13141249#7	1
14513011#0	Q0	4368796#4	0
14513011#0	Q0	817984#14	0
14513011#0	Q0	3317964#5	0
14513011#0	Q0	3363461#69	0
14513011#0	Q0	988519#3	0
14513011#0	Q0	1366091#2	0
14513011#0	Q0	12214265#1	0
14524438#0	Q0	3680900#34	1
14524438#0	Q0	50186#87	1
14524438#0	Q0	91047#25	0
14524438#0	Q0	129361#36	0
14524438#0	Q0	3913332#5	0
14524438#0	Q0	129361#32	0
14524438#0	Q0	42421#27	0
14524438#0	Q0	360385#14	0
14524438#0	Q0	419208#5	0
14524438#0	Q0	824170#20	0
14574396#0	Q0	402748#3	1
14574396#0	Q0	2435#41	1
14574396#0	Q0	6312832#2	0
14574396#0	Q0	402748#0	0
14574396#0	Q0	8580709#1	0
14574396#0	Q0	14574396#1	0
14574396#0	Q0	601427#0	0
14574396#0	Q0	20741#0	0
14574396#0	Q0	7420998#2	0
14574396#0	Q0	402748#10	0
14575167#0	Q0	4644629#57	1
14575167#0	Q0	4644629#53	1
14575167#0	Q0	7099460#1	1
14575167#0	Q0	4644629#58	0
14575167#0	Q0	4644629#17	0
14575167#0	Q0	4644629#74	0
14575167#0	Q0	4644629#33	0
14575167#0	Q0	4644629#25	0
14575167#0	Q0	10006982#7	0
14575167#0	Q0	4644629#0	0
14585485#0	Q0	94074#30	1
14585485#0	Q0	1258559#2	0
14585485#0	Q0	535857#14	0
14585485#0	Q0	535857#26	0
14585485#0	Q0	535857#24	0
14585485#0	Q0	535857#0	0
14585485#0	Q0	535857#20	0
14585485#0	Q0	535857#3	0
14585485#0	Q0	535857#22	0
14585485#0	Q0	535857#28	0
14633113#0	Q0	11340#24	1
14633113#0	Q0	13981052#1	0
14633113#0	Q0	299380#6	0
14633113#0	Q0	240113#13	0
14633113#0	Q0	5252793#3	0
14633113#0	Q0	1002353#49	0
14633113#0	Q0	768431#2	0
14633113#0	Q0	994491#12	0
14633113#0	Q0	965965#13	0
14633113#0	Q0	13467751#1	0
14635105#0	Q0	12574603#11	1
14635105#0	Q0	12574603#7	1
14635105#0	Q0	12574603#12	1
14635105#0	Q0	12574603#9	0
14635105#0	Q0	14216259#2	0
14635105#0	Q0	79470#9	0
14635105#0	Q0	882329#35	0
14635105#0	Q0	53100#24	0
14635105#0	Q0	2955148#2	0
14635105#0	Q0	11418935#5	0
14638186#0	Q0	3150307#38	1
14638186#0	Q0	1681#18	1
14638186#0	Q0	1681#13	1
14638186#0	Q0	352586#26	1
14638186#0	Q0	347123#56	0
14638186#0	Q0	289269#5	0
14638186#0	Q0	1681#1	0
14638186#0	Q0	13245302#119	0
14638186#0	Q0	98095#127	0
14638186#0	Q0	1570598#1	0
14648330#0	Q0	8129507#82	1
14648330#0	Q0	8104458#51	0
14648330#0	Q0	6724163#43	0
14648330#0	Q0	8129507#77	0
14648330#0	Q0	8129507#22	0
14648330#0	Q0	3537097#3	0
14648330#0	Q0	8129507#97	0
14648330#0	Q0	8129507#16	0
14648330#0	Q0	30572#71	0
14648330#0	Q0	11606884#49	0
14654032#0	Q0	23558#1	1
14654032#0	Q0	5545940#1	0
14654032#0	Q0	23558#17	0
14654032#0	Q0	23558#22	0
14654032#0	Q0	7687107#6	0
14654032#0	Q0	5207189#1	0
14654032#0	Q0	4239775#3	0
14654032#0	Q0	8199907#4	0
14654032#0	Q0	3565547#7	0
14654032#0	Q0	8219449#1	0
14655212#0	Q0	14655212#6	1
14655212#0	Q0	12371223#2	1
14655212#0	Q0	12658169#3	1
14655212#0	Q0	11495975#6	1
14655212#0	Q0	12829350#3	1
14655212#0	Q0	14655212#0	0
14655212#0	Q0	12397652#4	0
14655212#0	Q0	12829350#1	0
14655212#0	Q0	14655212#1	0
14655212#0	Q0	4940256#1	0
14666268#0	Q0	14491767#7	1
14666268#0	Q0	14432232#4	1
14666268#0	Q0	14164260#0	0
14666268#0	Q0	14491767#0	0
14666268#0	Q0	14491767#2	0
14666268#0	Q0	367679#4	0
14666268#0	Q0	2805109#27	0
14666268#0	Q0	6485253#4	0
14666268#0	Q0	14447293#4	0
14666268#0	Q0	36759#18	0
1470422#0	Q0	749751#3	1
1470422#0	Q0	368123#1	1
1470422#0	Q0	144309#11	0
1470422#0	Q0	7779760#0	0
1470422#0	Q0	13712123#6	0
1470422#0	Q0	3183034#25	0
1470422#0	Q0	11968918#1	0
1470422#0	Q0	1481386#0	0
1470422#0	Q0	133223#24	0
1470422#0	Q0	1470422#4	0
1479678#0	Q0	2315632#2	1
1479678#0	Q0	199975#4	1
1479678#0	Q0	1415184#7	0
1479678#0	Q0	14234890#11	0
1479678#0	Q0	14259043#4	0
1479678#0	Q0	1722331#6	0
1479678#0	Q0	12562452#4	0
1479678#0	Q0	5188832#0	0
1479678#0	Q0	59366#5	0
1479678#0	Q0	705020#9	0
1482986#0	Q0	1257651#2	1
1482986#0	Q0	26111#39	1
1482986#0	Q0	1257651#0	1
1482986#0	Q0	26111#38	0
1482986#0	Q0	10824517#1	0
1482986#0	Q0	103773#34	0
1482986#0	Q0	14142934#1	0
1482986#0	Q0	602210#3	0
1482986#0	Q0	11672642#1	0
1482986#0	Q0	12532463#1	0
14997#0	Q0	7229#0	1
14997#0	Q0	5066#24	1
14997#0	Q0	1540950#10	0
14997#0	Q0	15474#1	0
14997#0	Q0	5161#2	0
14997#0	Q0	275597#2	0
14997#0	Q0	3393#8	0
14997#0	Q0	196659#1	0
14997#0	Q0	88935#4	0
14997#0	Q0	1377936#4	0
1505177#0	Q0	883977#1	1
1505177#0	Q0	3920122#20	1
1505177#0	Q0	883977#0	1
1505177#0	Q0	7837093#3	0
1505177#0	Q0	757347#30	0
1505177#0	Q0	883977#25	0
1505177#0	Q0	14077626#6	0
1505177#0	Q0	757347#1	0
1505177#0	Q0	2839205#164	0
1505177#0	Q0	14077626#19	0
1523451#0	Q0	723269#0	1
1523451#0	Q0	173799#1	1
1523451#0	Q0	1523451#2	0
1523451#0	Q0	173799#0	0
1523451#0	Q0	4521636#0	0
1523451#0	Q0	4521636#11	0
1523451#0	Q0	3956858#0	0
1523451#0	Q0	173799#3	0
1523451#0	Q0	4521636#2	0
1523451#0	Q0	496963#6	0
1523897#0	Q0	8241112#0	1
1523897#0	Q0	43308#3	1
1523897#0	Q0	43308#1	0
1523897#0	Q0	43308#0	0
1523897#0	Q0	43308#4	0
1523897#0	Q0	43308#2	0
1523897#0	Q0	43308#12	0
1523897#0	Q0	8465058#0	0
1523897#0	Q0	43308#8	0
1523897#0	Q0	43308#11	0
1535532#0	Q0	1390672#0	1
1535532#0	Q0	720892#0	1
1535532#0	Q0	1539084#0	1
1535532#0	Q0	720892#3	1
1535532#0	Q0	720892#1	1
1535532#0	Q0	1535532#0	1
1535532#0	Q0	1390672#3	1
1535532#0	Q0	1390672#5	1
1535532#0	Q0	720892#7	1
1535532#0	Q0	9511366#1	0
1549083#0	Q0	75648#2	1
1549083#0	Q0	759715#2	0
1549083#0	Q0	7280216#1	0
1549083#0	Q0	7280216#3	0
1549083#0	Q0	919680#4	0
1549083#0	Q0	759715#0	0
1549083#0	Q0	7335173#0	0
1549083#0	Q0	5576567#2	0
1549083#0	Q0	919680#2	0
1549083#0	Q0	759715#1	0
1573728#0	Q0	12269#80	1
1573728#0	Q0	12269#82	1
1573728#0	Q0	1592111#0	1
1573728#0	Q0	370230#4	0
1573728#0	Q0	12269#81	0
1573728#0	Q0	370230#3	0
1573728#0	Q0	370230#0	0
1573728#0	Q0	2945960#12	0
1573728#0	Q0	1229440#58	0
1573728#0	Q0	12269#83	0
157441#0	Q0	157441#6	1
157441#0	Q0	157441#1	1
157441#0	Q0	157441#0	1
157441#0	Q0	12354707#5	0
157441#0	Q0	5289917#8	0
157441#0	Q0	157441#2	0
157441#0	Q0	14262635#18	0
157441#0	Q0	4476907#1	0
157441#0	Q0	11794991#0	0
157441#0	Q0	223157#15	0
157653#0	Q0	10081598#3	1
157653#0	Q0	10081598#5	1
157653#0	Q0	10081598#7	1
157653#0	Q0	1157#18	0
157653#0	Q0	10081598#0	0
157653#0	Q0	10081598#6	0
157653#0	Q0	3066494#0	0
157653#0	Q0	10081598#2	0
157653#0	Q0	10081598#19	0
157653#0	Q0	3066494#3	0
1580921#0	Q0	1580921#2	1
1580921#0	Q0	1580921#0	0
1580921#0	Q0	206589#2	0
1580921#0	Q0	1580921#5	0
1580921#0	Q0	43350#10	0
1580921#0	Q0	1580921#1	0
1580921#0	Q0	1580921#6	0
1580921#0	Q0	7722056#2	0
1580921#0	Q0	43350#0	0
1580921#0	Q0	1580921#3	0
1587547#0	Q0	13176707#5	1
1587547#0	Q0	3129999#8	1
1587547#0	Q0	260022#3	0
1587547#0	Q0	1775732#10	0
1587547#0	Q0	9145054#4	0
1587547#0	Q0	7583344#2	0
1587547#0	Q0	1215373#30	0
1587547#0	Q0	3364737#1	0
1587547#0	Q0	3345477#8	0
1587547#0	Q0	637745#9	0
1590005#0	Q0	13195034#1	1
1590005#0	Q0	2713280#0	0
1590005#0	Q0	2713280#5	0
1590005#0	Q0	2713280#3	0
1590005#0	Q0	787#31	0
1590005#0	Q0	2713280#4	0
1590005#0	Q0	2713280#1	0
1590005#0	Q0	2713280#2	0
1590005#0	Q0	236615#5	0
1590005#0	Q0	123928#1	0
1596321#0	Q0	826379#58	1
1596321#0	Q0	826379#1	1
1596321#0	Q0	7131224#1	0
1596321#0	Q0	7131224#0	0
1596321#0	Q0	826379#27	0
1596321#0	Q0	826379#117	0
1596321#0	Q0	826379#3	0
1596321#0	Q0	2179#139	0
1596321#0	Q0	896127#7	0
1596321#0	Q0	826379#31	0
1598177#0	Q0	352004#0	1
1598177#0	Q0	13356029#0	1
1598177#0	Q0	352004#35	0
1598177#0	Q0	352004#19	0
1598177#0	Q0	352004#63	0
1598177#0	Q0	352004#3	0
1598177#0	Q0	746696#21	0
1598177#0	Q0	682260#22	0
1598177#0	Q0	951617#15	0
1598177#0	Q0	352004#26	0
1599778#0	Q0	139319#6	1
1599778#0	Q0	835029#12	1
1599778#0	Q0	835029#2	0
1599778#0	Q0	139319#2	0
1599778#0	Q0	11344389#1	0
1599778#0	Q0	139319#15	0
1599778#0	Q0	139319#0	0
1599778#0	Q0	139319#1	0
1599778#0	Q0	139319#40	0
1599778#0	Q0	139319#45	0
16121#0	Q0	7797#5	1
16121#0	Q0	8594438#0	0
16121#0	Q0	8594438#1	0
16121#0	Q0	1061351#141	0
16121#0	Q0	7797#0	0
16121#0	Q0	7797#56	0
16121#0	Q0	8594438#5	0
16121#0	Q0	7797#2	0
16121#0	Q0	1659807#184	0
16121#0	Q0	512482#6	0
1618440#0	Q0	6298771#0	1
1618440#0	Q0	12551637#3	0
1618440#0	Q0	6298771#111	0
1618440#0	Q0	6298771#5	0
1618440#0	Q0	6298771#165	0
1618440#0	Q0	12205570#8	0
1618440#0	Q0	6298771#180	0
1618440#0	Q0	6298771#61	0
1618440#0	Q0	6298771#182	0
1618440#0	Q0	6298771#68	0
162090#0	Q0	10467851#9	1
162090#0	Q0	160513#1	0
162090#0	Q0	160513#16	0
162090#0	Q0	160513#70	0
162090#0	Q0	160513#2	0
162090#0	Q0	5021119#47	0
162090#0	Q0	160513#27	0
162090#0	Q0	160513#28	0
162090#0	Q0	943269#49	0
162090#0	Q0	4790613#35	0
1631316#0	Q0	66371#1	1
1631316#0	Q0	367289#8	0
1631316#0	Q0	2303#21	0
1631316#0	Q0	282412#11	0
1631316#0	Q0	8786288#3	0
1631316#0	Q0	448944#28	0
1631316#0	Q0	2891675#2	0
1631316#0	Q0	372955#13	0
1631316#0	Q0	69094#9	0
1631316#0	Q0	366468#3	0
163907#0	Q0	366957#16	1
163907#0	Q0	366957#3	1
163907#0	Q0	229405#3	0
163907#0	Q0	900491#1	0
163907#0	Q0	366957#0	0
163907#0	Q0	30331#1	0
163907#0	Q0	366957#6	0
163907#0	Q0	11511933#2	0
163907#0	Q0	33759#16	0
163907#0	Q0	1940294#49	0
1642011#0	Q0	8175776#0	1
1642011#0	Q0	2790#28	1
1642011#0	Q0	2790#16	0
1642011#0	Q0	2790#15	0
1642011#0	Q0	2790#30	0
1642011#0	Q0	2790#46	0
1642011#0	Q0	2790#10	0
1642011#0	Q0	2790#18	0
1642011#0	Q0	2790#0	0
1642011#0	Q0	5357220#8	0
164793#0	Q0	18447#71	1
164793#0	Q0	18447#40	1
164793#0	Q0	18447#4	1
164793#0	Q0	4607301#17	0
164793#0	Q0	18447#0	0
164793#0	Q0	4607301#40	0
164793#0	Q0	287218#6	0
164793#0	Q0	2842301#38	0
164793#0	Q0	18447#85	0
164793#0	Q0	2403#99	0
1655454#0	Q0	11958#9	1
1655454#0	Q0	3835820#14	0
1655454#0	Q0	1690916#0	0
1655454#0	Q0	36929#16	0
1655454#0	Q0	32786#27	0
1655454#0	Q0	4849746#0	0
1655454#0	Q0	14348643#1	0
1655454#0	Q0	74228#31	0
1655454#0	Q0	6394307#0	0
1655454#0	Q0	128489#6	0
16608#0	Q0	7643173#6	1
16608#0	Q0	11508467#6	0
16608#0	Q0	2942336#3	0
16608#0	Q0	37132#12	0
16608#0	Q0	4965908#2	0
16608#0	Q0	10198367#5	0
16608#0	Q0	19368#1	0
16608#0	Q0	11290140#0	0
16608#0	Q0	759368#3	0
16608#0	Q0	19368#0	0
1663317#0	Q0	23303#3	1
1663317#0	Q0	8634513#22	0
1663317#0	Q0	8634513#1	0
1663317#0	Q0	8634513#23	0
1663317#0	Q0	8634513#24	0
1663317#0	Q0	8634513#27	0
1663317#0	Q0	8634513#28	0
1663317#0	Q0	8634513#25	0
1663317#0	Q0	14221#2	0
1663317#0	Q0	11420961#3	0
1674856#0	Q0	65692#31	1
1674856#0	Q0	568753#29	0
1674856#0	Q0	13744637#7	0
1674856#0	Q0	6499058#53	0
1674856#0	Q0	65692#13	0
1674856#0	Q0	3553968#18	0
1674856#0	Q0	2680498#79	0
1674856#0	Q0	7143168#12	0
1674856#0	Q0	14422483#4	0
1674856#0	Q0	11861114#8	0
1675090#0	Q0	4473605#0	1
1675090#0	Q0	706379#0	1
1675090#0	Q0	8317369#0	1
1675090#0	Q0	3776304#0	1
1675090#0	Q0	706379#167	1
1675090#0	Q0	706379#190	0
1675090#0	Q0	14065386#0	0
1675090#0	Q0	656291#14	0
1675090#0	Q0	3655784#0	0
1675090#0	Q0	3776338#1	0
168325#0	Q0	6325150#113	1
168325#0	Q0	10729766#31	0
168325#0	Q0	740939#5	0
168325#0	Q0	7121116#2	0
168325#0	Q0	201461#0	0
168325#0	Q0	6325150#114	0
168325#0	Q0	964022#18	0
168325#0	Q0	4026539#0	0
168325#0	Q0	398797#0	0
168325#0	Q0	46214#23	0
169126#0	Q0	169126#13	1
169126#0	Q0	169126#0	0
169126#0	Q0	3327881#26	0
169126#0	Q0	13784647#10	0
169126#0	Q0	10996715#6	0
169126#0	Q0	10996715#1	0
169126#0	Q0	982294#0	0
169126#0	Q0	3327881#17	0
169126#0	Q0	464808#12	0
169126#0	Q0	13135655#0	0
1694400#0	Q0	44834#2	1
1694400#0	Q0	10974053#2	1
1694400#0	Q0	4925#102	1
1694400#0	Q0	1772282#1	0
1694400#0	Q0	193023#10	0
1694400#0	Q0	4081091#3	0
1694400#0	Q0	1197019#25	0
1694400#0	Q0	7757789#51	0
1694400#0	Q0	44834#3	0
1694400#0	Q0	2223103#11	0
1695164#0	Q0	1125937#1	1
1695164#0	Q0	13908820#15	0
1695164#0	Q0	803660#0	0
1695164#0	Q0	1218#26	0
1695164#0	Q0	40272#32	0
1695164#0	Q0	86398#69	0
1695164#0	Q0	114783#9	0
1695164#0	Q0	903819#1	0
1695164#0	Q0	13084752#15	0
1695164#0	Q0	50229#50	0
1701154#0	Q0	1251243#9	1
1701154#0	Q0	7136#0	1
1701154#0	Q0	13677502#1	0
1701154#0	Q0	13677502#0	0
1701154#0	Q0	13677502#9	0
1701154#0	Q0	13677502#13	0
1701154#0	Q0	13677502#4	0
1701154#0	Q0	13677502#7	0
1701154#0	Q0	13677502#10	0
1701154#0	Q0	13677502#6	0
170125#0	Q0	5160538#22	1
170125#0	Q0	5525#147	0
170125#0	Q0	162962#0	0
170125#0	Q0	5160538#23	0
170125#0	Q0	5993690#0	0
170125#0	Q0	559356#0	0
170125#0	Q0	477830#0	0
170125#0	Q0	5993690#5	0
170125#0	Q0	3348167#11	0
170125#0	Q0	3348167#8	0
1701423#0	Q0	1704642#0	1
1701423#0	Q0	1704642#1	1
1701423#0	Q0	235888#10	1
1701423#0	Q0	1704642#2	0
1701423#0	Q0	1704642#4	0
1701423#0	Q0	1704642#3	0
1701423#0	Q0	10385167#0	0
1701423#0	Q0	192800#0	0
1701423#0	Q0	5696761#0	0
1701423#0	Q0	242021#0	0
1702878#0	Q0	7236#0	1
1702878#0	Q0	7236#120	1
1702878#0	Q0	7236#124	1
1702878#0	Q0	7236#100	0
1702878#0	Q0	3939045#4	0
1702878#0	Q0	7236#17	0
1702878#0	Q0	7236#11	0
1702878#0	Q0	7236#59	0
1702878#0	Q0	7236#78	0
1702878#0	Q0	7236#26	0
170329#0	Q0	11676#13	1
170329#0	Q0	111009#13	1
170329#0	Q0	11676#18	0
170329#0	Q0	11676#64	0
170329#0	Q0	11676#65	0
170329#0	Q0	18461#1	0
170329#0	Q0	18461#30	0
170329#0	Q0	244317#19	0
170329#0	Q0	41453#91	0
170329#0	Q0	18461#35	0
172133#0	Q0	4715183#0	1
172133#0	Q0	7494003#0	1
172133#0	Q0	376686#3	1
172133#0	Q0	9233411#0	1
172133#0	Q0	961177#1	1
172133#0	Q0	2018928#138	1
172133#0	Q0	8557480#1	1
172133#0	Q0	14319080#1	0
172133#0	Q0	8302807#2	0
172133#0	Q0	13165975#6	0
172990#0	Q0	3781050#2	1
172990#0	Q0	12047196#0	0
172990#0	Q0	232076#6	0
172990#0	Q0	2936824#0	0
172990#0	Q0	2936824#3	0
172990#0	Q0	7024562#1	0
172990#0	Q0	1434392#1	0
172990#0	Q0	3781050#15	0
172990#0	Q0	28945#1	0
172990#0	Q0	12839244#9	0
1753057#0	Q0	2829406#38	1
1753057#0	Q0	2829406#31	1
1753057#0	Q0	2829406#4	0
1753057#0	Q0	2829406#1	0
1753057#0	Q0	2829406#24	0
1753057#0	Q0	2829406#40	0
1753057#0	Q0	2829406#6	0
1753057#0	Q0	2829406#32	0
1753057#0	Q0	26111#76	0
1753057#0	Q0	2829406#7	0
1755#0	Q0	1640612#0	1
1755#0	Q0	9093059#12	0
1755#0	Q0	172691#12	0
1755#0	Q0	143285#0	0
1755#0	Q0	13874515#11	0
1755#0	Q0	172691#13	0
1755#0	Q0	1806838#0	0
1755#0	Q0	40489#1	0
1755#0	Q0	271094#4	0
1755#0	Q0	13769607#2	0
1784588#0	Q0	9637549#0	1
1784588#0	Q0	9637549#2	0
1784588#0	Q0	264306#0	0
1784588#0	Q0	10895462#0	0
1784588#0	Q0	4449473#14	0
1784588#0	Q0	8080441#0	0
1784588#0	Q0	264306#21	0
1784588#0	Q0	264306#9	0
1784588#0	Q0	260643#55	0
1784588#0	Q0	264306#8	0
182735#0	Q0	4710286#9	1
182735#0	Q0	884077#2	0
182735#0	Q0	884077#0	0
182735#0	Q0	11376948#0	0
182735#0	Q0	884077#3	0
182735#0	Q0	11376948#4	0
182735#0	Q0	11376948#1	0
182735#0	Q0	884077#5	0
182735#0	Q0	13413735#6	0
182735#0	Q0	645738#2	0
183441#0	Q0	52034#26	1
183441#0	Q0	8995216#2	1
183441#0	Q0	7899828#3	0
183441#0	Q0	3782436#0	0
183441#0	Q0	2192725#73	0
183441#0	Q0	14143#44	0
183441#0	Q0	10802#6	0
183441#0	Q0	304935#8	0
183441#0	Q0	6942269#3	0
183441#0	Q0	7026303#4	0
1854613#0	Q0	2013539#0	1
1854613#0	Q0	63821#8	1
1854613#0	Q0	2013539#3	1
1854613#0	Q0	2013539#1	0
1854613#0	Q0	2013539#7	0
1854613#0	Q0	94658#3	0
1854613#0	Q0	2013539#5	0
1854613#0	Q0	206171#20	0
1854613#0	Q0	2013539#6	0
1854613#0	Q0	2171340#15	0
186720#0	Q0	6873847#42	1
186720#0	Q0	6873847#41	1
186720#0	Q0	164475#14	1
186720#0	Q0	150666#61	0
186720#0	Q0	12011812#65	0
186720#0	Q0	7452918#0	0
186720#0	Q0	164475#13	0
186720#0	Q0	12011812#0	0
186720#0	Q0	14529545#63	0
186720#0	Q0	6691811#5	0
1871958#0	Q0	113604#96	1
1871958#0	Q0	130082#4	0
1871958#0	Q0	8036780#31	0
1871958#0	Q0	2726584#7	0
1871958#0	Q0	14127817#5	0
1871958#0	Q0	7366455#6	0
1871958#0	Q0	7366455#3	0
1871958#0	Q0	14127817#3	0
1871958#0	Q0	7366455#14	0
1871958#0	Q0	7366455#7	0
1873971#0	Q0	3952743#3	1
1873971#0	Q0	298666#2	0
1873971#0	Q0	3952743#0	0
1873971#0	Q0	3952743#4	0
1873971#0	Q0	3952743#1	0
1873971#0	Q0	5323074#8	0
1873971#0	Q0	3952743#2	0
1873971#0	Q0	579314#2	0
1873971#0	Q0	5053242#2	0
1873971#0	Q0	5325280#8	0
190739#0	Q0	140901#0	1
190739#0	Q0	140901#2	0
190739#0	Q0	2823400#0	0
190739#0	Q0	86004#23	0
190739#0	Q0	19766#6	0
190739#0	Q0	140901#16	0
190739#0	Q0	140901#1	0
190739#0	Q0	140901#4	0
190739#0	Q0	140901#7	0
190739#0	Q0	471897#3	0
1911864#0	Q0	4000909#10	1
1911864#0	Q0	14815807#14	1
1911864#0	Q0	2044040#27	1
1911864#0	Q0	1904321#0	0
1911864#0	Q0	9740210#0	0
1911864#0	Q0	1920749#0	0
1911864#0	Q0	679858#67	0
1911864#0	Q0	5420849#42	0
1911864#0	Q0	1911864#0	0
1911864#0	Q0	1925791#0	0
1916124#0	Q0	12329736#2	1
1916124#0	Q0	2793#0	1
1916124#0	Q0	12329736#1	1
1916124#0	Q0	2793#2	0
1916124#0	Q0	312295#15	0
1916124#0	Q0	2793#19	0
1916124#0	Q0	2793#14	0
1916124#0	Q0	2793#11	0
1916124#0	Q0	6908948#0	0
1916124#0	Q0	2793#13	0
1918803#0	Q0	1918803#1	1
1918803#0	Q0	27565#55	1
1918803#0	Q0	6093038#6	1
1918803#0	Q0	3825898#1	1
1918803#0	Q0	11182722#1	1
1918803#0	Q0	1299136#61	1
1918803#0	Q0	5176165#3	1
1918803#0	Q0	7914574#0	1
1918803#0	Q0	11191136#1	1
1918803#0	Q0	796844#3	0
1923765#0	Q0	1574053#0	1
1923765#0	Q0	106817#22	0
1923765#0	Q0	8307589#0	0
1923765#0	Q0	106817#20	0
1923765#0	Q0	106817#1	0
1923765#0	Q0	1574053#3	0
1923765#0	Q0	1574053#1	0
1923765#0	Q0	106817#15	0
1923765#0	Q0	106817#17	0
1923765#0	Q0	106817#25	0
1929955#0	Q0	2480198#83	1
1929955#0	Q0	285444#6	1
1929955#0	Q0	175951#0	0
1929955#0	Q0	2480198#22	0
1929955#0	Q0	2754078#29	0
1929955#0	Q0	106428#2	0
1929955#0	Q0	2480198#2	0
1929955#0	Q0	1200#36	0
1929955#0	Q0	84272#1	0
1929955#0	Q0	84272#0	0
193219#0	Q0	2372029#0	1
193219#0	Q0	446961#13	0
193219#0	Q0	14501622#0	0
193219#0	Q0	5695440#15	0
193219#0	Q0	232751#17	0
193219#0	Q0	5888000#9	0
193219#0	Q0	1832042#2	0
193219#0	Q0	14422679#3	0
193219#0	Q0	3837847#6	0
193219#0	Q0	819688#10	0
1935013#0	Q0	48165#50	1
1935013#0	Q0	3937038#0	1
1935013#0	Q0	27245#0	1
1935013#0	Q0	27245#2	0
1935013#0	Q0	537520#31	0
1935013#0	Q0	27245#5	0
1935013#0	Q0	12035868#1	0
1935013#0	Q0	48165#84	0
1935013#0	Q0	468013#1	0
1935013#0	Q0	27245#7	0
1946484#0	Q0	3690778#0	1
1946484#0	Q0	33706#30	1
1946484#0	Q0	13295874#0	1
1946484#0	Q0	3690778#29	0
1946484#0	Q0	3690778#4	0
1946484#0	Q0	33706#18	0
1946484#0	Q0	3690709#2	0
1946484#0	Q0	4057638#21	0
1946484#0	Q0	4057638#19	0
1946484#0	Q0	3079670#24	0
1950972#0	Q0	264316#18	1
1950972#0	Q0	1648421#6	0
1950972#0	Q0	6933203#5	0
1950972#0	Q0	10328065#2	0
1950972#0	Q0	9001854#2	0
1950972#0	Q0	365693#4	0
1950972#0	Q0	10439474#4	0
1950972#0	Q0	7753969#1	0
1950972#0	Q0	13187474#9	0
1950972#0	Q0	457223#14	0
1952552#0	Q0	921486#5	1
1952552#0	Q0	12676#1	1
1952552#0	Q0	921486#6	0
1952552#0	Q0	112021#1	0
1952552#0	Q0	12676#0	0
1952552#0	Q0	112021#2	0
1952552#0	Q0	112018#0	0
1952552#0	Q0	3255572#0	0
1952552#0	Q0	6022777#0	0
1952552#0	Q0	14257327#0	0
1953176#0	Q0	990596#0	1
1953176#0	Q0	3609800#0	0
1953176#0	Q0	990596#5	0
1953176#0	Q0	990596#2	0
1953176#0	Q0	5122487#2	0
1953176#0	Q0	5122475#2	0
1953176#0	Q0	5121982#2	0
1953176#0	Q0	5122510#2	0
1953176#0	Q0	5121983#2	0
1953176#0	Q0	5121984#2	0
195598#0	Q0	6766#43	1
195598#0	Q0	3650272#48	1
195598#0	Q0	6766#2	1
195598#0	Q0	6766#45	0
195598#0	Q0	6766#47	0
195598#0	Q0	3950983#0	0
195598#0	Q0	3949538#0	0
195598#0	Q0	254323#0	0
195598#0	Q0	2889432#4	0
195598#0	Q0	6766#0	0
196933#0	Q0	1356279#3	1
196933#0	Q0	7663253#3	0
196933#0	Q0	88386#64	0
196933#0	Q0	306961#16	0
196933#0	Q0	88386#14	0
196933#0	Q0	1356279#0	0
196933#0	Q0	87891#10	0
196933#0	Q0	2458854#21	0
196933#0	Q0	88386#1	0
196933#0	Q0	8715683#20	0
1978529#0	Q0	1585#3	1
1978529#0	Q0	3858#2	0
1978529#0	Q0	4875503#5	0
1978529#0	Q0	1585#2	0
1978529#0	Q0	2338#35	0
1978529#0	Q0	1585#10	0
1978529#0	Q0	956101#2	0
1978529#0	Q0	1585#53	0
1978529#0	Q0	1585#5	0
1978529#0	Q0	457045#9	0
1999607#0	Q0	1816033#0	1
1999607#0	Q0	14075892#5	1
1999607#0	Q0	12319323#15	0
1999607#0	Q0	1816033#1	0
1999607#0	Q0	12319323#2	0
1999607#0	Q0	12319323#3	0
1999607#0	Q0	12319323#11	0
1999607#0	Q0	1026266#0	0
1999607#0	Q0	1816033#2	0
1999607#0	Q0	6812443#0	0
2013375#0	Q0	2013375#0	1
2013375#0	Q0	2013375#1	1
2013375#0	Q0	2709967#1	0
2013375#0	Q0	2709967#2	0
2013375#0	Q0	1344780#7	0
2013375#0	Q0	121512#3	0
2013375#0	Q0	1344780#15	0
2013375#0	Q0	1344780#13	0
2013375#0	Q0	13864536#51	0
2013375#0	Q0	1344780#5	0
2028103#0	Q0	122759#0	1
2028103#0	Q0	1868723#8	1
2028103#0	Q0	122752#0	1
2028103#0	Q0	2847898#7	1
2028103#0	Q0	198681#1	1
2028103#0	Q0	66181#75	0
2028103#0	Q0	66181#26	0
2028103#0	Q0	66181#14	0
2028103#0	Q0	66181#74	0
2028103#0	Q0	200830#40	0
20328#0	Q0	158355#0	1
20328#0	Q0	158355#23	1
20328#0	Q0	158355#29	1
20328#0	Q0	158355#4	0
20328#0	Q0	158355#47	0
20328#0	Q0	158355#24	0
20328#0	Q0	158355#49	0
20328#0	Q0	158355#13	0
20328#0	Q0	11318927#68	0
20328#0	Q0	158355#12	0
2037365#0	Q0	921068#5	1
2037365#0	Q0	2037365#0	0
2037365#0	Q0	2037365#2	0
2037365#0	Q0	2037365#1	0
2037365#0	Q0	2037365#3	0
2037365#0	Q0	2037365#4	0
2037365#0	Q0	12797881#0	0
2037365#0	Q0	62297#1	0
2037365#0	Q0	280778#6	0
2037365#0	Q0	14096386#4	0
205378#0	Q0	12984138#10	1
205378#0	Q0	14014129#27	0
205378#0	Q0	1264303#0	0
205378#0	Q0	1272968#0	0
205378#0	Q0	1260128#0	0
205378#0	Q0	1277163#0	0
205378#0	Q0	12340523#7	0
205378#0	Q0	1245273#0	0
205378#0	Q0	14014129#22	0
205378#0	Q0	13808758#2	0
206334#0	Q0	1459617#1	1
206334#0	Q0	19424#0	1
206334#0	Q0	559320#1	1
206334#0	Q0	13503882#8	0
206334#0	Q0	1656128#155	0
206334#0	Q0	636#1	0
206334#0	Q0	138262#2	0
206334#0	Q0	187618#2	0
206334#0	Q0	99096#1	0
206334#0	Q0	340214#15	0
20947#0	Q0	10051349#0	1
20947#0	Q0	10053026#0	0
20947#0	Q0	9974827#1	0
20947#0	Q0	9876112#0	0
20947#0	Q0	10471231#0	0
20947#0	Q0	13781668#1	0
20947#0	Q0	10377860#0	0
20947#0	Q0	9928478#0	0
20947#0	Q0	11966243#0	0
20947#0	Q0	205634#0	0
2124714#0	Q0	928385#0	1
2124714#0	Q0	5305#25	0
2124714#0	Q0	5278659#15	0
2124714#0	Q0	928175#10	0
2124714#0	Q0	5305#17	0
2124714#0	Q0	5305#32	0
2124714#0	Q0	678315#1	0
2124714#0	Q0	3207628#6	0
2124714#0	Q0	471897#3	0
2124714#0	Q0	14257185#0	0
217518#0	Q0	2326959#0	1
217518#0	Q0	4882#0	0
217518#0	Q0	2383790#0	0
217518#0	Q0	1980504#2	0
217518#0	Q0	3299812#8	0
217518#0	Q0	3707809#4	0
217518#0	Q0	4882#53	0
217518#0	Q0	6616032#12	0
217518#0	Q0	6319034#1	0
217518#0	Q0	6616032#2	0
218089#0	Q0	1468103#11	1
218089#0	Q0	7323301#3	1
218089#0	Q0	1455499#0	0
218089#0	Q0	1455499#7	0
218089#0	Q0	1455499#1	0
218089#0	Q0	1455499#3	0
218089#0	Q0	1455499#2	0
218089#0	Q0	2551#46	0
218089#0	Q0	1455499#5	0
218089#0	Q0	1455499#4	0
218500#0	Q0	37568#0	1
218500#0	Q0	2930#125	1
218500#0	Q0	37568#4	0
218500#0	Q0	6788390#0	0
218500#0	Q0	37568#1	0
218500#0	Q0	37568#5	0
218500#0	Q0	37568#3	0
218500#0	Q0	13753850#0	0
218500#0	Q0	10952831#1	0
218500#0	Q0	218455#1	0
220765#0	Q0	8682#61	1
220765#0	Q0	220766#0	0
220765#0	Q0	1880383#17	0
220765#0	Q0	220766#8	0
220765#0	Q0	220766#9	0
220765#0	Q0	220766#3	0
220765#0	Q0	220765#2	0
220765#0	Q0	126833#1	0
220765#0	Q0	7116549#0	0
220765#0	Q0	3913019#6	0
223311#0	Q0	1788003#0	1
223311#0	Q0	1788003#1	1
223311#0	Q0	1788003#2	1
223311#0	Q0	1788003#18	1
223311#0	Q0	1788003#4	0
223311#0	Q0	1788003#3	0
223311#0	Q0	1788003#19	0
223311#0	Q0	1788003#17	0
223311#0	Q0	1788003#6	0
223311#0	Q0	1788003#10	0
223541#0	Q0	9409857#1	1
223541#0	Q0	252658#1	1
223541#0	Q0	1009#30	1
223541#0	Q0	159#18	0
223541#0	Q0	214263#3	0
223541#0	Q0	214501#27	0
223541#0	Q0	159#17	0
223541#0	Q0	159#20	0
223541#0	Q0	899535#6	0
223541#0	Q0	7982#4	0
2264693#0	Q0	627887#1	1
2264693#0	Q0	6504196#0	1
2264693#0	Q0	627887#25	0
2264693#0	Q0	4581653#3	0
2264693#0	Q0	3620428#2	0
2264693#0	Q0	6122#24	0
2264693#0	Q0	4939#109	0
2264693#0	Q0	1905241#10	0
2264693#0	Q0	3620428#11	0
2264693#0	Q0	5047351#2	0
235596#0	Q0	955685#1	1
235596#0	Q0	235612#0	1
235596#0	Q0	1482#44	1
235596#0	Q0	235612#3	0
235596#0	Q0	217512#0	0
235596#0	Q0	207335#0	0
235596#0	Q0	251717#0	0
235596#0	Q0	251732#0	0
235596#0	Q0	53154#5	0
235596#0	Q0	235604#0	0
239059#0	Q0	131150#0	1
239059#0	Q0	131150#4	1
239059#0	Q0	131150#68	0
239059#0	Q0	131150#3	0
239059#0	Q0	131150#2	0
239059#0	Q0	131150#8	0
239059#0	Q0	131150#43	0
239059#0	Q0	131150#53	0
239059#0	Q0	131150#59	0
239059#0	Q0	131150#7	0
241957#0	Q0	35832#1	1
241957#0	Q0	1047636#1	1
241957#0	Q0	253689#20	1
241957#0	Q0	35832#0	1
241957#0	Q0	1047636#14	1
241957#0	Q0	3771588#18	0
241957#0	Q0	872235#222	0
241957#0	Q0	187954#11	0
241957#0	Q0	144794#2	0
241957#0	Q0	114458#4	0
2453297#0	Q0	3922537#8	1
2453297#0	Q0	1197802#1	0
2453297#0	Q0	43187#7	0
2453297#0	Q0	8329371#9	0
2453297#0	Q0	20348#4	0
2453297#0	Q0	1209081#2	0
2453297#0	Q0	464722#5	0
2453297#0	Q0	1139264#4	0
2453297#0	Q0	1139264#0	0
2453297#0	Q0	13065183#4	0
2461521#0	Q0	175850#2	1
2461521#0	Q0	9771059#10	0
2461521#0	Q0	9771059#0	0
2461521#0	Q0	9771059#1	0
2461521#0	Q0	5913386#16	0
2461521#0	Q0	651#0	0
2461521#0	Q0	192742#5	0
2461521#0	Q0	9771059#6	0
2461521#0	Q0	608798#4	0
2461521#0	Q0	9771059#2	0
247035#0	Q0	540481#5	1
247035#0	Q0	540481#0	0
247035#0	Q0	540481#6	0
247035#0	Q0	7315347#0	0
247035#0	Q0	10162464#8	0
247035#0	Q0	10162464#1	0
247035#0	Q0	1229492#1	0
247035#0	Q0	719449#0	0
247035#0	Q0	19685#12	0
247035#0	Q0	9677559#1	0
2475934#0	Q0	2475934#0	1
2475934#0	Q0	2475934#4	0
2475934#0	Q0	2475934#2	0
2475934#0	Q0	9092724#4	0
2475934#0	Q0	4382029#0	0
2475934#0	Q0	4289223#2	0
2475934#0	Q0	4289223#1	0
2475934#0	Q0	2475934#5	0
2475934#0	Q0	5030537#19	0
2475934#0	Q0	2475934#3	0
2485273#0	Q0	114100#27	1
2485273#0	Q0	114100#28	1
2485273#0	Q0	114100#8	0
2485273#0	Q0	114100#17	0
2485273#0	Q0	119813#33	0
2485273#0	Q0	114100#0	0
2485273#0	Q0	114100#24	0
2485273#0	Q0	5421746#15	0
2485273#0	Q0	114100#2	0
2485273#0	Q0	8423034#6	0
2505748#0	Q0	246287#0	1
2505748#0	Q0	1609927#0	1
2505748#0	Q0	11118850#1	0
2505748#0	Q0	240204#0	0
2505748#0	Q0	109878#0	0
2505748#0	Q0	6626499#5	0
2505748#0	Q0	13741026#0	0
2505748#0	Q0	117867#1	0
2505748#0	Q0	240204#22	0
2505748#0	Q0	13433931#0	0
25125#0	Q0	896859#2	1
25125#0	Q0	3157415#6	0
25125#0	Q0	3965219#7	0
25125#0	Q0	194090#9	0
25125#0	Q0	2683232#12	0
25125#0	Q0	630271#20	0
25125#0	Q0	5891462#0	0
25125#0	Q0	3951089#1	0
25125#0	Q0	710294#1	0
25125#0	Q0	846832#3	0
2536362#0	Q0	12809758#1	1
2536362#0	Q0	1510#5	1
2536362#0	Q0	1510#4	1
2536362#0	Q0	82569#92	1
2536362#0	Q0	1246453#1	1
2536362#0	Q0	3563920#1	0
2536362#0	Q0	959427#0	0
2536362#0	Q0	263005#123	0
2536362#0	Q0	118549#11	0
2536362#0	Q0	216101#5	0
258906#0	Q0	13486858#10	1
258906#0	Q0	778642#8	1
258906#0	Q0	7881773#1	0
258906#0	Q0	7881773#4	0
258906#0	Q0	7881773#3	0
258906#0	Q0	56287#12	0
258906#0	Q0	200312#42	0
258906#0	Q0	7881773#2	0
258906#0	Q0	2539755#0	0
258906#0	Q0	13204505#0	0
262940#0	Q0	270791#8	1
262940#0	Q0	48662#7	1
262940#0	Q0	4740069#11	1
262940#0	Q0	8294389#60	0
262940#0	Q0	5790425#27	0
262940#0	Q0	270791#10	0
262940#0	Q0	4740069#13	0
262940#0	Q0	270791#11	0
262940#0	Q0	8525930#2	0
262940#0	Q0	48662#19	0
26393#0	Q0	65796#8	1
26393#0	Q0	65796#0	0
26393#0	Q0	1278079#7	0
26393#0	Q0	65796#3	0
26393#0	Q0	3355274#0	0
26393#0	Q0	65796#1	0
26393#0	Q0	65796#5	0
26393#0	Q0	65796#7	0
26393#0	Q0	14480543#0	0
26393#0	Q0	91773#40	0
2659749#0	Q0	962165#0	1
2659749#0	Q0	9203259#1	1
2659749#0	Q0	1009951#91	1
2659749#0	Q0	23761#0	0
2659749#0	Q0	1009951#41	0
2659749#0	Q0	300955#30	0
2659749#0	Q0	606#24	0
2659749#0	Q0	791270#0	0
2659749#0	Q0	13281891#17	0
2659749#0	Q0	9753157#0	0
267015#0	Q0	1941#4	1
267015#0	Q0	1941#0	0
267015#0	Q0	1941#7	0
267015#0	Q0	803471#0	0
267015#0	Q0	5533912#1	0
267015#0	Q0	3037556#0	0
267015#0	Q0	14529187#0	0
267015#0	Q0	9981555#0	0
267015#0	Q0	7277866#0	0
267015#0	Q0	2738596#0	0
267633#0	Q0	86275#12	1
267633#0	Q0	195019#1	1
267633#0	Q0	781632#2	1
267633#0	Q0	13461991#0	0
267633#0	Q0	5485182#9	0
267633#0	Q0	5111413#0	0
267633#0	Q0	3141786#4	0
267633#0	Q0	13461991#8	0
267633#0	Q0	11091409#23	0
267633#0	Q0	1282469#3	0
2677616#0	Q0	26491#1	1
2677616#0	Q0	26491#42	1
2677616#0	Q0	26491#91	0
2677616#0	Q0	26491#97	0
2677616#0	Q0	10485330#0	0
2677616#0	Q0	26491#177	0
2677616#0	Q0	26491#167	0
2677616#0	Q0	26491#82	0
2677616#0	Q0	26491#90	0
2677616#0	Q0	26491#4	0
2690823#0	Q0	8978886#1	1
2690823#0	Q0	8978886#0	1
2690823#0	Q0	899279#6	1
2690823#0	Q0	2690823#20	1
2690823#0	Q0	2690823#15	1
2690823#0	Q0	361605#0	0
2690823#0	Q0	2614657#13	0
2690823#0	Q0	8978886#2	0
2690823#0	Q0	1428322#131	0
2690823#0	Q0	2178#4	0
2691000#0	Q0	12007781#0	1
2691000#0	Q0	4796555#3	0
2691000#0	Q0	12007781#1	0
2691000#0	Q0	12007781#2	0
2691000#0	Q0	4796555#2	0
2691000#0	Q0	4796555#4	0
2691000#0	Q0	9384792#0	0
2691000#0	Q0	6035158#0	0
2691000#0	Q0	1089499#3	0
2691000#0	Q0	6291900#0	0
2718027#0	Q0	963064#9	1
2718027#0	Q0	13438635#7	0
2718027#0	Q0	396080#0	0
2718027#0	Q0	1115605#1	0
2718027#0	Q0	3906265#13	0
2718027#0	Q0	4038983#119	0
2718027#0	Q0	6819634#22	0
2718027#0	Q0	396080#5	0
2718027#0	Q0	822559#1	0
2718027#0	Q0	4979055#0	0
2723634#0	Q0	4370483#1	1
2723634#0	Q0	1367#119	1
2723634#0	Q0	15661#1	1
2723634#0	Q0	12906764#6	0
2723634#0	Q0	263812#8	0
2723634#0	Q0	6134913#1	0
2723634#0	Q0	1367#118	0
2723634#0	Q0	1367#121	0
2723634#0	Q0	15661#2	0
2723634#0	Q0	15661#0	0
2726298#0	Q0	13569333#2	1
2726298#0	Q0	12489050#75	0
2726298#0	Q0	3441948#0	0
2726298#0	Q0	337077#4	0
2726298#0	Q0	50059#11	0
2726298#0	Q0	12489050#57	0
2726298#0	Q0	171621#3	0
2726298#0	Q0	6130480#33	0
2726298#0	Q0	910896#64	0
2726298#0	Q0	12489050#3	0
2763337#0	Q0	56280#4	1
2763337#0	Q0	13922747#3	1
2763337#0	Q0	2370454#8	1
2763337#0	Q0	1331821#32	0
2763337#0	Q0	579565#3	0
2763337#0	Q0	6626559#11	0
2763337#0	Q0	447848#40	0
2763337#0	Q0	1773166#9	0
2763337#0	Q0	1413692#3	0
2763337#0	Q0	9726874#2	0
276402#0	Q0	1870057#17	1
276402#0	Q0	2627#144	1
276402#0	Q0	3112962#4	1
276402#0	Q0	2627#146	1
276402#0	Q0	1870057#6	0
276402#0	Q0	358778#13	0
276402#0	Q0	1870057#2	0
276402#0	Q0	1870057#29	0
276402#0	Q0	3112962#21	0
276402#0	Q0	3112962#10	0
2766640#0	Q0	1688606#4	1
2766640#0	Q0	223428#32	0
2766640#0	Q0	212357#8	0
2766640#0	Q0	161414#1	0
2766640#0	Q0	5606503#4	0
2766640#0	Q0	140746#5	0
2766640#0	Q0	12498798#2	0
2766640#0	Q0	13148433#7	0
2766640#0	Q0	86482#43	0
2766640#0	Q0	13148433#8	0
2769096#0	Q0	3965053#0	1
2769096#0	Q0	3965053#6	1
2769096#0	Q0	6321115#0	1
2769096#0	Q0	1177042#4	0
2769096#0	Q0	3080834#3	0
2769096#0	Q0	44569#10	0
2769096#0	Q0	3965053#1	0
2769096#0	Q0	3965053#25	0
2769096#0	Q0	3965053#27	0
2769096#0	Q0	3965053#8	0
2774642#0	Q0	30744#16	1
2774642#0	Q0	2125#0	1
2774642#0	Q0	2125#4	0
2774642#0	Q0	8749265#3	0
2774642#0	Q0	2125#45	0
2774642#0	Q0	1878410#28	0
2774642#0	Q0	1863602#39	0
2774642#0	Q0	3548864#18	0
2774642#0	Q0	4952663#4	0
2774642#0	Q0	1878410#29	0
2784780#0	Q0	289632#5	1
2784780#0	Q0	289632#1	1
2784780#0	Q0	44800#18	0
2784780#0	Q0	31356#26	0
2784780#0	Q0	44800#17	0
2784780#0	Q0	12472988#2	0
2784780#0	Q0	268572#2	0
2784780#0	Q0	24553#1	0
2784780#0	Q0	44800#22	0
2784780#0	Q0	5579953#42	0
2789983#0	Q0	51644#0	1
2789983#0	Q0	553#0	1
2789983#0	Q0	2788848#2	1
2789983#0	Q0	553#8	0
2789983#0	Q0	553#21	0
2789983#0	Q0	553#32	0
2789983#0	Q0	2788848#0	0
2789983#0	Q0	3614434#0	0
2789983#0	Q0	328696#0	0
2789983#0	Q0	6100381#0	0
2790105#0	Q0	163703#3	1
2790105#0	Q0	1507#8	0
2790105#0	Q0	322552#3	0
2790105#0	Q0	322552#7	0
2790105#0	Q0	1616348#0	0
2790105#0	Q0	10106204#0	0
2790105#0	Q0	1614399#0	0
2790105#0	Q0	1411583#5	0
2790105#0	Q0	1507#9	0
2790105#0	Q0	1400640#0	0
2830154#0	Q0	545773#3	1
2830154#0	Q0	8054600#3	0
2830154#0	Q0	545773#32	0
2830154#0	Q0	5894571#6	0
2830154#0	Q0	10374121#0	0
2830154#0	Q0	545773#25	0
2830154#0	Q0	545773#9	0
2830154#0	Q0	9959753#1	0
2830154#0	Q0	6811497#4	0
2830154#0	Q0	13013247#12	0
2843363#0	Q0	187525#4	1
2843363#0	Q0	6530252#13	1
2843363#0	Q0	187525#1	1
2843363#0	Q0	89993#5	1
2843363#0	Q0	89993#49	1
2843363#0	Q0	187525#8	0
2843363#0	Q0	689649#11	0
2843363#0	Q0	2551#42	0
2843363#0	Q0	4787950#6	0
2843363#0	Q0	187525#6	0
2845689#0	Q0	4102716#0	1
2845689#0	Q0	7765358#0	1
2845689#0	Q0	13245302#111	1
2845689#0	Q0	7885862#18	0
2845689#0	Q0	13245302#81	0
2845689#0	Q0	8271703#3	0
2845689#0	Q0	4435444#1	0
2845689#0	Q0	348352#0	0
2845689#0	Q0	609834#0	0
2845689#0	Q0	8152730#4	0
285059#0	Q0	172014#1	1
285059#0	Q0	19572#14	0
285059#0	Q0	9376773#0	0
285059#0	Q0	5652247#17	0
285059#0	Q0	9440079#6	0
285059#0	Q0	265597#0	0
285059#0	Q0	172014#24	0
285059#0	Q0	142899#17	0
285059#0	Q0	79053#0	0
285059#0	Q0	11862870#0	0
2851306#0	Q0	10339132#0	1
2851306#0	Q0	2009#5	1
2851306#0	Q0	2009#172	0
2851306#0	Q0	151127#0	0
2851306#0	Q0	2009#0	0
2851306#0	Q0	2009#156	0
2851306#0	Q0	1387989#33	0
2851306#0	Q0	10339132#1	0
2851306#0	Q0	1679408#0	0
2851306#0	Q0	17767#69	0
2867656#0	Q0	6077799#0	1
2867656#0	Q0	13349511#0	1
2867656#0	Q0	5285773#0	0
2867656#0	Q0	7304474#0	0
2867656#0	Q0	7909317#2	0
2867656#0	Q0	77936#74	0
2867656#0	Q0	77936#2	0
2867656#0	Q0	2840120#0	0
2867656#0	Q0	77936#0	0
2867656#0	Q0	7909317#3	0
2871334#0	Q0	10125415#1	1
2871334#0	Q0	5613#3	0
2871334#0	Q0	5613#4	0
2871334#0	Q0	262275#1	0
2871334#0	Q0	9765873#0	0
2871334#0	Q0	1576994#1	0
2871334#0	Q0	7644874#0	0
2871334#0	Q0	5055251#3	0
2871334#0	Q0	5055251#4	0
2871334#0	Q0	4284079#62	0
2879798#0	Q0	4020115#1	1
2879798#0	Q0	4020115#6	1
2879798#0	Q0	4847056#1	1
2879798#0	Q0	527286#9	1
2879798#0	Q0	527286#11	0
2879798#0	Q0	4020115#13	0
2879798#0	Q0	4815713#1	0
2879798#0	Q0	10853921#1	0
2879798#0	Q0	4020115#3	0
2879798#0	Q0	4020115#15	0
2883063#0	Q0	4658108#7	1
2883063#0	Q0	769662#34	1
2883063#0	Q0	790761#27	1
2883063#0	Q0	3706464#2	0
2883063#0	Q0	466444#2	0
2883063#0	Q0	175677#10	0
2883063#0	Q0	81829#1	0
2883063#0	Q0	790761#4	0
2883063#0	Q0	396717#1	0
2883063#0	Q0	21545#2	0
2890142#0	Q0	2009#60	1
2890142#0	Q0	184299#0	1
2890142#0	Q0	184299#2	1
2890142#0	Q0	2009#63	1
2890142#0	Q0	184299#10	0
2890142#0	Q0	184299#7	0
2890142#0	Q0	184299#3	0
2890142#0	Q0	184299#1	0
2890142#0	Q0	184299#13	0
2890142#0	Q0	184299#4	0
2893208#0	Q0	7260#41	1
2893208#0	Q0	176217#3	1
2893208#0	Q0	176217#2	1
2893208#0	Q0	176217#4	1
2893208#0	Q0	144121#55	0
2893208#0	Q0	176217#0	0
2893208#0	Q0	1039406#6	0
2893208#0	Q0	176217#6	0
2893208#0	Q0	176217#10	0
2893208#0	Q0	1298737#7	0
2895288#0	Q0	57485#1	1
2895288#0	Q0	350131#1	1
2895288#0	Q0	1223228#0	0
2895288#0	Q0	57485#163	0
2895288#0	Q0	57485#3	0
2895288#0	Q0	10266535#3	0
2895288#0	Q0	57485#40	0
2895288#0	Q0	57485#126	0
2895288#0	Q0	57485#131	0
2895288#0	Q0	3529080#25	0
2900656#0	Q0	456548#2	1
2900656#0	Q0	456548#1	1
2900656#0	Q0	369563#6	0
2900656#0	Q0	11357674#10	0
2900656#0	Q0	369437#21	0
2900656#0	Q0	1163440#29	0
2900656#0	Q0	12413457#2	0
2900656#0	Q0	2900656#2	0
2900656#0	Q0	8831376#11	0
2900656#0	Q0	456548#3	0
290577#0	Q0	2940214#42	1
290577#0	Q0	1383052#1	0
290577#0	Q0	950764#2	0
290577#0	Q0	3019664#0	0
290577#0	Q0	18087#59	0
290577#0	Q0	5439551#19	0
290577#0	Q0	573985#1	0
290577#0	Q0	1081666#5	0
290577#0	Q0	3252910#2	0
290577#0	Q0	2944262#2	0
290860#0	Q0	29469#1	1
290860#0	Q0	4233325#3	1
290860#0	Q0	11884425#2	0
290860#0	Q0	1063283#0	0
290860#0	Q0	4964414#3	0
290860#0	Q0	11884425#4	0
290860#0	Q0	2449589#1	0
290860#0	Q0	5919070#0	0
290860#0	Q0	11686492#5	0
290860#0	Q0	9003882#1	0
29448#0	Q0	3168299#125	1
29448#0	Q0	1305571#2	1
29448#0	Q0	3168299#2	0
29448#0	Q0	3168299#146	0
29448#0	Q0	3168299#151	0
29448#0	Q0	3168299#86	0
29448#0	Q0	3168299#0	0
29448#0	Q0	3168299#1	0
29448#0	Q0	1102078#0	0
29448#0	Q0	1328083#1	0
2954152#0	Q0	27101#0	1
2954152#0	Q0	174168#18	1
2954152#0	Q0	6017160#0	0
2954152#0	Q0	5692822#35	0
2954152#0	Q0	7042381#0	0
2954152#0	Q0	13988855#5	0
2954152#0	Q0	14417479#0	0
2954152#0	Q0	6031137#0	0
2954152#0	Q0	13959421#0	0
2954152#0	Q0	6045299#0	0
2982593#0	Q0	11709#22	1
2982593#0	Q0	545884#12	1
2982593#0	Q0	22100#61	0
2982593#0	Q0	11613567#11	0
2982593#0	Q0	11613567#6	0
2982593#0	Q0	9435341#10	0
2982593#0	Q0	11709#3	0
2982593#0	Q0	55013#14	0
2982593#0	Q0	11709#9	0
2982593#0	Q0	11709#7	0
2992259#0	Q0	4353236#14	1
2992259#0	Q0	50170#11	1
2992259#0	Q0	4353236#13	1
2992259#0	Q0	266348#6	1
2992259#0	Q0	1252031#1	1
2992259#0	Q0	50170#31	0
2992259#0	Q0	1797391#3	0
2992259#0	Q0	2992259#10	0
2992259#0	Q0	266348#1	0
2992259#0	Q0	743781#17	0
3004443#0	Q0	2968558#0	1
3004443#0	Q0	63537#14	1
3004443#0	Q0	49380#31	1
3004443#0	Q0	49380#30	0
3004443#0	Q0	7338669#4	0
3004443#0	Q0	9229536#2	0
3004443#0	Q0	5440#26	0
3004443#0	Q0	2968572#1	0
3004443#0	Q0	173403#5	0
3004443#0	Q0	122220#24	0
300856#0	Q0	409558#0	1
300856#0	Q0	409558#3	1
300856#0	Q0	2677884#4	1
300856#0	Q0	6672844#23	0
300856#0	Q0	409558#13	0
300856#0	Q0	1270058#2	0
300856#0	Q0	1790864#18	0
300856#0	Q0	1086439#3	0
300856#0	Q0	409558#4	0
300856#0	Q0	2677884#1	0
3008903#0	Q0	147297#0	1
3008903#0	Q0	147297#8	0
3008903#0	Q0	4949798#1	0
3008903#0	Q0	114629#12	0
3008903#0	Q0	180279#4	0
3008903#0	Q0	147297#1	0
3008903#0	Q0	2750310#8	0
3008903#0	Q0	4949798#6	0
3008903#0	Q0	147297#2	0
3008903#0	Q0	147297#6	0
3012195#0	Q0	40408#56	1
3012195#0	Q0	40408#3	1
3012195#0	Q0	40408#54	0
3012195#0	Q0	132048#0	0
3012195#0	Q0	160282#24	0
3012195#0	Q0	40408#62	0
3012195#0	Q0	40408#49	0
3012195#0	Q0	13391574#29	0
3012195#0	Q0	13353660#7	0
3012195#0	Q0	13391574#23	0
3012280#0	Q0	12276821#2	1
3012280#0	Q0	6911973#0	1
3012280#0	Q0	967566#10	0
3012280#0	Q0	796768#3	0
3012280#0	Q0	1261905#6	0
3012280#0	Q0	238301#32	0
3012280#0	Q0	863603#2	0
3012280#0	Q0	8099498#0	0
3012280#0	Q0	8592422#0	0
3012280#0	Q0	3818329#23	0
3013054#0	Q0	456953#0	1
3013054#0	Q0	456953#7	0
3013054#0	Q0	108273#2	0
3013054#0	Q0	456953#21	0
3013054#0	Q0	456953#16	0
3013054#0	Q0	456953#2	0
3013054#0	Q0	456953#14	0
3013054#0	Q0	456953#8	0
3013054#0	Q0	456953#5	0
3013054#0	Q0	456953#11	0
3017837#0	Q0	894959#0	1
3017837#0	Q0	5306073#0	0
3017837#0	Q0	6126214#0	0
3017837#0	Q0	894959#255	0
3017837#0	Q0	894959#250	0
3017837#0	Q0	894959#258	0
3017837#0	Q0	2677181#0	0
3017837#0	Q0	894959#241	0
3017837#0	Q0	1484283#0	0
3017837#0	Q0	7080249#0	0
301889#0	Q0	2165#0	1
301889#0	Q0	4213271#1	1
301889#0	Q0	2165#5	0
301889#0	Q0	2165#7	0
301889#0	Q0	1647795#2	0
301889#0	Q0	9926376#2	0
301889#0	Q0	2165#17	0
301889#0	Q0	2165#6	0
301889#0	Q0	2165#3	0
301889#0	Q0	1376#4	0
3023388#0	Q0	3414677#4	1
3023388#0	Q0	3414677#0	1
3023388#0	Q0	3414677#16	0
3023388#0	Q0	3414677#3	0
3023388#0	Q0	3414677#36	0
3023388#0	Q0	3414677#6	0
3023388#0	Q0	5599087#18	0
3023388#0	Q0	3414677#9	0
3023388#0	Q0	3223058#31	0
3023388#0	Q0	14007615#52	0
3028362#0	Q0	48198#20	1
3028362#0	Q0	13258475#0	1
3028362#0	Q0	13316350#0	1
3028362#0	Q0	470#95	0
3028362#0	Q0	1597428#4	0
3028362#0	Q0	3842514#14	0
3028362#0	Q0	13338896#3	0
3028362#0	Q0	222189#7	0
3028362#0	Q0	1939434#1	0
3028362#0	Q0	38901#6	0
3028840#0	Q0	220634#8	1
3028840#0	Q0	254813#13	1
3028840#0	Q0	254813#15	1
3028840#0	Q0	254813#0	0
3028840#0	Q0	254813#6	0
3028840#0	Q0	4486747#21	0
3028840#0	Q0	254813#1	0
3028840#0	Q0	254813#11	0
3028840#0	Q0	1112027#6	0
3028840#0	Q0	220634#7	0
30451#0	Q0	825083#4	1
30451#0	Q0	38408#93	1
30451#0	Q0	230682#14	1
30451#0	Q0	9091193#3	0
30451#0	Q0	16547#0	0
30451#0	Q0	9091193#0	0
30451#0	Q0	3482760#2	0
30451#0	Q0	230682#16	0
30451#0	Q0	38408#110	0
30451#0	Q0	151522#2	0
3048699#0	Q0	436181#15	1
3048699#0	Q0	786#12	1
3048699#0	Q0	1685501#9	1
3048699#0	Q0	786#11	0
3048699#0	Q0	786#1	0
3048699#0	Q0	1316960#1	0
3048699#0	Q0	316197#8	0
3048699#0	Q0	496889#5	0
3048699#0	Q0	316206#10	0
3048699#0	Q0	1473314#0	0
3056473#0	Q0	13168112#1	1
3056473#0	Q0	14221444#1	1
3056473#0	Q0	7247233#3	1
3056473#0	Q0	13601650#2	1
3056473#0	Q0	3447540#7	1
3056473#0	Q0	2072722#20	1
3056473#0	Q0	14221444#2	0
3056473#0	Q0	14221444#4	0
3056473#0	Q0	13325277#3	0
3056473#0	Q0	14166542#1	0
3062239#0	Q0	4535309#130	1
3062239#0	Q0	597218#11	1
3062239#0	Q0	1621318#7	1
3062239#0	Q0	46221#26	0
3062239#0	Q0	12058010#32	0
3062239#0	Q0	9620509#8	0
3062239#0	Q0	40116#7	0
3062239#0	Q0	302438#14	0
3062239#0	Q0	3890334#44	0
3062239#0	Q0	369596#66	0
306437#0	Q0	1974#5	1
306437#0	Q0	1008701#1	1
306437#0	Q0	1191299#7	1
306437#0	Q0	972951#26	0
306437#0	Q0	1191299#1	0
306437#0	Q0	1008701#0	0
306437#0	Q0	972951#10	0
306437#0	Q0	972951#3	0
306437#0	Q0	997958#3	0
306437#0	Q0	1008701#4	0
3084654#0	Q0	9111106#0	1
3084654#0	Q0	12834248#0	0
3084654#0	Q0	851169#0	0
3084654#0	Q0	730255#0	0
3084654#0	Q0	12834248#9	0
3084654#0	Q0	12834248#3	0
3084654#0	Q0	851169#5	0
3084654#0	Q0	12834248#6	0
3084654#0	Q0	851169#1	0
3084654#0	Q0	12834248#2	0
3088909#0	Q0	5184833#0	1
3088909#0	Q0	7712842#0	0
3088909#0	Q0	5881871#0	0
3088909#0	Q0	8755580#7	0
3088909#0	Q0	5297450#0	0
3088909#0	Q0	3522849#0	0
3088909#0	Q0	5889697#1	0
3088909#0	Q0	5156590#1	0
3088909#0	Q0	5577646#0	0
3088909#0	Q0	9913439#32	0
3089718#0	Q0	9386714#28	1
3089718#0	Q0	9386714#23	1
3089718#0	Q0	9386714#32	1
3089718#0	Q0	284083#0	0
3089718#0	Q0	46104#46	0
3089718#0	Q0	11722175#10	0
3089718#0	Q0	10032750#0	0
3089718#0	Q0	2010102#4	0
3089718#0	Q0	303041#1	0
3089718#0	Q0	2036795#1	0
30919#0	Q0	103837#3	1
30919#0	Q0	4864975#37	1
30919#0	Q0	103837#0	0
30919#0	Q0	103837#12	0
30919#0	Q0	13984830#9	0
30919#0	Q0	44921#8	0
30919#0	Q0	103837#1	0
30919#0	Q0	103837#30	0
30919#0	Q0	103837#32	0
30919#0	Q0	103837#17	0
3114283#0	Q0	12150555#1	1
3114283#0	Q0	1079934#3	0
3114283#0	Q0	11785800#3	0
3114283#0	Q0	319939#0	0
3114283#0	Q0	664393#2	0
3114283#0	Q0	775966#3	0
3114283#0	Q0	12150815#1	0
3114283#0	Q0	8686989#3	0
3114283#0	Q0	12054579#1	0
3114283#0	Q0	664441#2	0
3123537#0	Q0	4086345#124	1
3123537#0	Q0	6898373#7	1
3123537#0	Q0	6478100#23	1
3123537#0	Q0	6502925#1	1
3123537#0	Q0	1059611#3	1
3123537#0	Q0	6478100#26	0
3123537#0	Q0	8201688#17	0
3123537#0	Q0	11445026#34	0
3123537#0	Q0	2835601#2	0
3123537#0	Q0	6478100#22	0
312574#0	Q0	286856#3	1
312574#0	Q0	2494890#102	1
312574#0	Q0	11062964#6	1
312574#0	Q0	202744#1	0
312574#0	Q0	5757377#0	0
312574#0	Q0	8288159#0	0
312574#0	Q0	1117782#0	0
312574#0	Q0	3606590#0	0
312574#0	Q0	3673194#0	0
312574#0	Q0	719558#0	0
3132511#0	Q0	7110978#0	1
3132511#0	Q0	14529545#1	1
3132511#0	Q0	6718775#0	1
3132511#0	Q0	7101749#0	1
3132511#0	Q0	3206564#27	1
3132511#0	Q0	7065036#0	1
3132511#0	Q0	1510#56	1
3132511#0	Q0	539731#50	0
3132511#0	Q0	2494890#285	0
3132511#0	Q0	4071#129	0
313267#0	Q0	8660#26	1
313267#0	Q0	227329#3	1
313267#0	Q0	340857#3	1
313267#0	Q0	847775#3	1
313267#0	Q0	574229#4	1
313267#0	Q0	2788918#3	0
313267#0	Q0	8660#25	0
313267#0	Q0	12901#5	0
313267#0	Q0	387934#4	0
313267#0	Q0	465458#3	0
314386#0	Q0	29859#17	1
314386#0	Q0	29859#0	1
314386#0	Q0	29859#15	1
314386#0	Q0	29859#5	1
314386#0	Q0	29859#2	0
314386#0	Q0	178390#20	0
314386#0	Q0	29859#16	0
314386#0	Q0	29859#18	0
314386#0	Q0	4066514#14	0
314386#0	Q0	4066514#7	0
3156427#0	Q0	704579#6	1
3156427#0	Q0	12551545#39	1
3156427#0	Q0	704579#0	0
3156427#0	Q0	704699#13	0
3156427#0	Q0	704579#2	0
3156427#0	Q0	704579#9	0
3156427#0	Q0	704579#4	0
3156427#0	Q0	704579#11	0
3156427#0	Q0	12551545#40	0
3156427#0	Q0	704579#7	0
3166304#0	Q0	178911#2	1
3166304#0	Q0	125422#16	1
3166304#0	Q0	28706#0	1
3166304#0	Q0	26327#72	0
3166304#0	Q0	2719#55	0
3166304#0	Q0	125422#40	0
3166304#0	Q0	26327#73	0
3166304#0	Q0	28706#1	0
3166304#0	Q0	31687#19	0
3166304#0	Q0	7673#25	0
3168#0	Q0	630#11	1
3168#0	Q0	1004#28	1
3168#0	Q0	69373#28	0
3168#0	Q0	69373#5	0
3168#0	Q0	5204328#14	0
3168#0	Q0	69373#6	0
3168#0	Q0	208875#23	0
3168#0	Q0	1004#43	0
3168#0	Q0	2898033#17	0
3168#0	Q0	208875#75	0
3176163#0	Q0	708#18	1
3176163#0	Q0	3234099#1	1
3176163#0	Q0	1328#10	0
3176163#0	Q0	365213#21	0
3176163#0	Q0	1472837#1	0
3176163#0	Q0	13616035#3	0
3176163#0	Q0	579742#41	0
3176163#0	Q0	133036#3	0
3176163#0	Q0	5567586#3	0
3176163#0	Q0	6754300#15	0
3177446#0	Q0	2677845#0	1
3177446#0	Q0	164127#112	0
3177446#0	Q0	2688415#0	0
3177446#0	Q0	8474180#0	0
3177446#0	Q0	8724255#4	0
3177446#0	Q0	2668934#13	0
3177446#0	Q0	2668934#18	0
3177446#0	Q0	12538219#0	0
3177446#0	Q0	3432231#0	0
3177446#0	Q0	8709103#17	0
3191282#0	Q0	3546996#3	1
3191282#0	Q0	2403#114	1
3191282#0	Q0	8042471#8	0
3191282#0	Q0	6605067#51	0
3191282#0	Q0	6664062#2	0
3191282#0	Q0	13151733#17	0
3191282#0	Q0	136758#41	0
3191282#0	Q0	249564#8	0
3191282#0	Q0	13151733#24	0
3191282#0	Q0	7235058#7	0
3203926#0	Q0	3748203#17	1
3203926#0	Q0	980757#8	0
3203926#0	Q0	1130254#14	0
3203926#0	Q0	1130254#12	0
3203926#0	Q0	1130254#9	0
3203926#0	Q0	3748203#19	0
3203926#0	Q0	396158#47	0
3203926#0	Q0	367029#39	0
3203926#0	Q0	430028#33	0
3203926#0	Q0	266692#5	0
3209215#0	Q0	3926037#29	1
3209215#0	Q0	3926037#28	0
3209215#0	Q0	554222#14	0
3209215#0	Q0	229537#16	0
3209215#0	Q0	9871437#5	0
3209215#0	Q0	7065453#10	0
3209215#0	Q0	554222#38	0
3209215#0	Q0	5469336#19	0
3209215#0	Q0	5469336#20	0
3209215#0	Q0	132050#5	0
3213435#0	Q0	50170#31	1
3213435#0	Q0	2992259#10	0
3213435#0	Q0	1797391#3	0
3213435#0	Q0	2017646#3	0
3213435#0	Q0	11817160#1	0
3213435#0	Q0	2974181#7	0
3213435#0	Q0	266348#1	0
3213435#0	Q0	11324916#1	0
3213435#0	Q0	2785752#6	0
3213435#0	Q0	5219913#1	0
3217637#0	Q0	71075#0	1
3217637#0	Q0	1302003#5	1
3217637#0	Q0	71075#44	0
3217637#0	Q0	6276592#4	0
3217637#0	Q0	71075#48	0
3217637#0	Q0	1698781#3	0
3217637#0	Q0	12269937#0	0
3217637#0	Q0	71075#16	0
3217637#0	Q0	4409497#0	0
3217637#0	Q0	6276592#6	0
3222047#0	Q0	902182#0	1
3222047#0	Q0	1203859#3	0
3222047#0	Q0	902182#16	0
3222047#0	Q0	73945#26	0
3222047#0	Q0	902182#14	0
3222047#0	Q0	904969#2	0
3222047#0	Q0	1203859#0	0
3222047#0	Q0	1203859#29	0
3222047#0	Q0	902182#10	0
3222047#0	Q0	7059952#0	0
3224634#0	Q0	1086240#6	1
3224634#0	Q0	10188566#9	1
3224634#0	Q0	68774#25	0
3224634#0	Q0	1086240#4	0
3224634#0	Q0	1086240#0	0
3224634#0	Q0	7540522#2	0
3224634#0	Q0	5800739#7	0
3224634#0	Q0	1086240#7	0
3224634#0	Q0	7858944#1	0
3224634#0	Q0	6186#98	0
322706#0	Q0	385#2	1
322706#0	Q0	6138410#3	1
322706#0	Q0	205833#6	1
322706#0	Q0	387#100	0
322706#0	Q0	16589#9	0
322706#0	Q0	205833#15	0
322706#0	Q0	16589#2	0
322706#0	Q0	16589#10	0
322706#0	Q0	2463850#1	0
322706#0	Q0	640981#42	0
323696#0	Q0	71075#0	1
323696#0	Q0	71075#44	0
323696#0	Q0	6276592#4	0
323696#0	Q0	71075#48	0
323696#0	Q0	1698781#3	0
323696#0	Q0	1302003#5	0
323696#0	Q0	12269937#0	0
323696#0	Q0	71075#16	0
323696#0	Q0	4409497#0	0
323696#0	Q0	6276592#6	0
3240108#0	Q0	187381#0	1
3240108#0	Q0	13532963#31	1
3240108#0	Q0	187381#3	0
3240108#0	Q0	966121#0	0
3240108#0	Q0	966121#8	0
3240108#0	Q0	1154337#0	0
3240108#0	Q0	966121#2	0
3240108#0	Q0	187381#7	0
3240108#0	Q0	966121#3	0
3240108#0	Q0	187381#5	0
324417#0	Q0	163297#43	1
324417#0	Q0	1439349#9	1
324417#0	Q0	163297#1	1
324417#0	Q0	163297#45	0
324417#0	Q0	3532437#5	0
324417#0	Q0	163297#23	0
324417#0	Q0	163297#3	0
324417#0	Q0	163297#5	0
324417#0	Q0	163297#32	0
324417#0	Q0	163297#47	0
3244857#0	Q0	12129891#2	1
3244857#0	Q0	14657341#0	0
3244857#0	Q0	14657341#1	0
3244857#0	Q0	12129891#4	0
3244857#0	Q0	11618445#2	0
3244857#0	Q0	11692493#7	0
3244857#0	Q0	5041576#22	0
3244857#0	Q0	12137685#7	0
3244857#0	Q0	12137685#5	0
3244857#0	Q0	14657341#2	0
3287712#0	Q0	1964#0	1
3287712#0	Q0	1964#4	1
3287712#0	Q0	1186857#49	1
3287712#0	Q0	1964#7	0
3287712#0	Q0	1964#36	0
3287712#0	Q0	1964#2	0
3287712#0	Q0	1964#5	0
3287712#0	Q0	1964#9	0
3287712#0	Q0	1964#22	0
3305039#0	Q0	7508#6	1
3305039#0	Q0	3792737#2	0
3305039#0	Q0	7508#38	0
3305039#0	Q0	7508#9	0
3305039#0	Q0	3792737#5	0
3305039#0	Q0	7508#0	0
3305039#0	Q0	3150457#0	0
3305039#0	Q0	376889#0	0
3305039#0	Q0	2878858#1	0
3305039#0	Q0	4176515#2	0
3305109#0	Q0	569#13	1
3305109#0	Q0	17816#0	1
3305109#0	Q0	5799730#16	1
3305109#0	Q0	510007#12	0
3305109#0	Q0	4387879#0	0
3305109#0	Q0	4964242#2	0
3305109#0	Q0	12804962#1	0
3305109#0	Q0	1960277#0	0
3305109#0	Q0	80037#3	0
3305109#0	Q0	3989337#2	0
3317706#0	Q0	222598#2	1
3317706#0	Q0	3843373#5	1
3317706#0	Q0	105255#14	1
3317706#0	Q0	13818857#1	0
3317706#0	Q0	3843373#4	0
3317706#0	Q0	105255#13	0
3317706#0	Q0	222598#6	0
3317706#0	Q0	233463#1	0
3317706#0	Q0	222598#0	0
3317706#0	Q0	1095#2	0
3321195#0	Q0	67343#9	1
3321195#0	Q0	807249#7	0
3321195#0	Q0	67346#9	0
3321195#0	Q0	3131965#23	0
3321195#0	Q0	9938446#4	0
3321195#0	Q0	126279#5	0
3321195#0	Q0	67346#4	0
3321195#0	Q0	807249#3	0
3321195#0	Q0	4768#46	0
3321195#0	Q0	67346#0	0
3328434#0	Q0	3493614#0	1
3328434#0	Q0	3493614#5	1
3328434#0	Q0	3493614#4	1
3328434#0	Q0	3493614#1	0
3328434#0	Q0	3493614#2	0
3328434#0	Q0	3328434#1	0
3328434#0	Q0	3493614#3	0
3328434#0	Q0	1304689#2	0
3328434#0	Q0	3328434#0	0
3328434#0	Q0	198270#0	0
332845#0	Q0	9058574#1	1
332845#0	Q0	58395#38	1
332845#0	Q0	9058574#4	1
332845#0	Q0	9908116#2	1
332845#0	Q0	1157306#1	0
332845#0	Q0	4946383#73	0
332845#0	Q0	570421#20	0
332845#0	Q0	10684#47	0
332845#0	Q0	9058574#15	0
332845#0	Q0	9058574#5	0
3328581#0	Q0	90021#5	1
3328581#0	Q0	1366481#1	0
3328581#0	Q0	90021#4	0
3328581#0	Q0	90021#0	0
3328581#0	Q0	11135798#0	0
3328581#0	Q0	11787257#7	0
3328581#0	Q0	1850738#1	0
3328581#0	Q0	73691#12	0
3328581#0	Q0	8838985#1	0
3328581#0	Q0	10300#57	0
3364901#0	Q0	235819#11	1
3364901#0	Q0	23171#0	1
3364901#0	Q0	10427308#1	1
3364901#0	Q0	512014#1	0
3364901#0	Q0	2785432#3	0
3364901#0	Q0	512014#14	0
3364901#0	Q0	1205#1	0
3364901#0	Q0	88687#13	0
3364901#0	Q0	313793#1	0
3364901#0	Q0	190538#37	0
3368905#0	Q0	8410039#22	1
3368905#0	Q0	149904#0	1
3368905#0	Q0	903024#17	1
3368905#0	Q0	256506#20	0
3368905#0	Q0	9213449#2	0
3368905#0	Q0	3666388#9	0
3368905#0	Q0	922032#7	0
3368905#0	Q0	256506#23	0
3368905#0	Q0	13476941#19	0
3368905#0	Q0	44741#0	0
3378497#0	Q0	12435884#2	1
3378497#0	Q0	12820610#0	0
3378497#0	Q0	91243#9	0
3378497#0	Q0	91243#0	0
3378497#0	Q0	394821#1	0
3378497#0	Q0	12820601#0	0
3378497#0	Q0	91243#1	0
3378497#0	Q0	91243#8	0
3378497#0	Q0	1153607#4	0
3378497#0	Q0	4558617#2	0
3412640#0	Q0	5406658#3	1
3412640#0	Q0	194290#3	0
3412640#0	Q0	26612#38	0
3412640#0	Q0	2771160#4	0
3412640#0	Q0	627793#24	0
3412640#0	Q0	1154000#7	0
3412640#0	Q0	11400953#16	0
3412640#0	Q0	5708540#7	0
3412640#0	Q0	7122801#55	0
3412640#0	Q0	4868691#9	0
3429883#0	Q0	18702#0	1
3429883#0	Q0	59953#19	0
3429883#0	Q0	3452142#0	0
3429883#0	Q0	1424754#0	0
3429883#0	Q0	9446743#0	0
3429883#0	Q0	1424754#1	0
3429883#0	Q0	6388#43	0
3429883#0	Q0	4768760#0	0
3429883#0	Q0	6941548#0	0
3429883#0	Q0	1596289#0	0
3430350#0	Q0	3058534#9	1
3430350#0	Q0	65561#90	1
3430350#0	Q0	65561#114	0
3430350#0	Q0	65561#2	0
3430350#0	Q0	65561#0	0
3430350#0	Q0	59183#27	0
3430350#0	Q0	65561#21	0
3430350#0	Q0	2278687#1	0
3430350#0	Q0	10853#1	0
3430350#0	Q0	272324#59	0
3440367#0	Q0	659#28	1
3440367#0	Q0	659#38	0
3440367#0	Q0	659#29	0
3440367#0	Q0	10351075#7	0
3440367#0	Q0	659#26	0
3440367#0	Q0	1044544#4	0
3440367#0	Q0	4107518#0	0
3440367#0	Q0	3178297#90	0
3440367#0	Q0	3216490#28	0
3440367#0	Q0	424790#6	0
344331#0	Q0	374507#37	1
344331#0	Q0	8307515#17	0
344331#0	Q0	374507#58	0
344331#0	Q0	542579#59	0
344331#0	Q0	374507#60	0
344331#0	Q0	374507#15	0
344331#0	Q0	374507#0	0
344331#0	Q0	374507#61	0
344331#0	Q0	374507#66	0
344331#0	Q0	905938#44	0
3443537#0	Q0	1290204#3	1
3443537#0	Q0	4700862#0	1
3443537#0	Q0	47568#3	1
3443537#0	Q0	47568#0	0
3443537#0	Q0	123597#8	0
3443537#0	Q0	4704656#0	0
3443537#0	Q0	2913921#19	0
3443537#0	Q0	47568#16	0
3443537#0	Q0	47568#29	0
3443537#0	Q0	4704656#4	0
3451191#0	Q0	3357994#0	1
3451191#0	Q0	8930#0	1
3451191#0	Q0	8930#14	0
3451191#0	Q0	8930#16	0
3451191#0	Q0	8930#2	0
3451191#0	Q0	8930#10	0
3451191#0	Q0	8930#12	0
3451191#0	Q0	8930#13	0
3451191#0	Q0	4185301#2	0
3451191#0	Q0	8930#1	0
3456912#0	Q0	8587#17	1
3456912#0	Q0	3456912#18	0
3456912#0	Q0	8587#54	0
3456912#0	Q0	8587#19	0
3456912#0	Q0	8587#0	0
3456912#0	Q0	8587#42	0
3456912#0	Q0	8587#26	0
3456912#0	Q0	3456912#43	0
3456912#0	Q0	8587#62	0
3456912#0	Q0	8587#16	0
3467495#0	Q0	312217#6	1
3467495#0	Q0	312217#18	1
3467495#0	Q0	312217#35	0
3467495#0	Q0	1297031#70	0
3467495#0	Q0	1297031#2	0
3467495#0	Q0	3356698#18	0
3467495#0	Q0	312217#3	0
3467495#0	Q0	1297031#67	0
3467495#0	Q0	312217#37	0
3467495#0	Q0	312217#15	0
3492919#0	Q0	2833113#1	1
3492919#0	Q0	2833113#2	1
3492919#0	Q0	2789257#1	0
3492919#0	Q0	11144646#1	0
3492919#0	Q0	11144646#7	0
3492919#0	Q0	6915994#1	0
3492919#0	Q0	11811264#3	0
3492919#0	Q0	6121310#4	0
3492919#0	Q0	6121310#6	0
3492919#0	Q0	11144646#4	0
349578#0	Q0	1510#5	1
349578#0	Q0	1510#4	1
349578#0	Q0	118549#11	1
349578#0	Q0	12809758#1	0
349578#0	Q0	4404276#83	0
349578#0	Q0	741035#5	0
349578#0	Q0	82569#92	0
349578#0	Q0	1246453#1	0
349578#0	Q0	3563920#1	0
349578#0	Q0	263005#123	0
352791#0	Q0	1646556#1	1
352791#0	Q0	3741335#21	1
352791#0	Q0	1870679#3	1
352791#0	Q0	68163#2	0
352791#0	Q0	3591331#2	0
352791#0	Q0	486686#18	0
352791#0	Q0	486686#21	0
352791#0	Q0	1889882#36	0
352791#0	Q0	7239282#0	0
352791#0	Q0	68163#60	0
3529973#0	Q0	82984#0	1
3529973#0	Q0	82984#1	1
3529973#0	Q0	82984#48	0
3529973#0	Q0	82984#6	0
3529973#0	Q0	82984#15	0
3529973#0	Q0	82984#21	0
3529973#0	Q0	694521#1	0
3529973#0	Q0	89710#1	0
3529973#0	Q0	82984#20	0
3529973#0	Q0	82984#32	0
353078#0	Q0	126067#11	1
353078#0	Q0	1249758#8	1
353078#0	Q0	187832#0	1
353078#0	Q0	80503#6	0
353078#0	Q0	80503#7	0
353078#0	Q0	69540#3	0
353078#0	Q0	426078#34	0
353078#0	Q0	3178213#6	0
353078#0	Q0	2836767#11	0
353078#0	Q0	2742#5	0
3531176#0	Q0	169416#0	1
3531176#0	Q0	515101#0	1
3531176#0	Q0	12824410#0	1
3531176#0	Q0	8035477#0	1
3531176#0	Q0	9963104#0	1
3531176#0	Q0	169416#7	0
3531176#0	Q0	169416#8	0
3531176#0	Q0	10587237#0	0
3531176#0	Q0	3194056#0	0
3531176#0	Q0	169416#10	0
3547090#0	Q0	375753#4	1
3547090#0	Q0	8193781#1	1
3547090#0	Q0	8193781#0	1
3547090#0	Q0	2930273#9	0
3547090#0	Q0	8656#1	0
3547090#0	Q0	8656#9	0
3547090#0	Q0	375753#0	0
3547090#0	Q0	8656#14	0
3547090#0	Q0	375665#5	0
3547090#0	Q0	14342315#11	0
354765#0	Q0	357024#0	1
354765#0	Q0	148432#9	1
354765#0	Q0	354765#0	0
354765#0	Q0	355150#5	0
354765#0	Q0	148432#10	0
354765#0	Q0	54249#18	0
354765#0	Q0	148432#11	0
354765#0	Q0	355112#1	0
354765#0	Q0	54249#32	0
354765#0	Q0	148432#1	0
3554994#0	Q0	1445#0	1
3554994#0	Q0	213496#31	1
3554994#0	Q0	1445#1	1
3554994#0	Q0	1445#3	0
3554994#0	Q0	4030356#2	0
3554994#0	Q0	4077035#62	0
3554994#0	Q0	9245510#0	0
3554994#0	Q0	4030356#4	0
3554994#0	Q0	4030356#3	0
3554994#0	Q0	1445#19	0
3569924#0	Q0	355721#0	1
3569924#0	Q0	355721#19	0
3569924#0	Q0	355721#7	0
3569924#0	Q0	355721#9	0
3569924#0	Q0	13411389#34	0
3569924#0	Q0	654406#8	0
3569924#0	Q0	7610097#11	0
3569924#0	Q0	13144635#1	0
3569924#0	Q0	4135003#33	0
3569924#0	Q0	355721#2	0
3586505#0	Q0	1915943#38	1
3586505#0	Q0	1008619#2	0
3586505#0	Q0	3882505#0	0
3586505#0	Q0	515087#9	0
3586505#0	Q0	1915943#60	0
3586505#0	Q0	1237308#0	0
3586505#0	Q0	1627492#5	0
3586505#0	Q0	1155894#5	0
3586505#0	Q0	515087#17	0
3586505#0	Q0	1915943#32	0
3586897#0	Q0	513405#0	1
3586897#0	Q0	513405#42	0
3586897#0	Q0	513405#41	0
3586897#0	Q0	513405#36	0
3586897#0	Q0	6249803#0	0
3586897#0	Q0	513405#16	0
3586897#0	Q0	513405#25	0
3586897#0	Q0	513405#40	0
3586897#0	Q0	513405#39	0
3586897#0	Q0	513405#1	0
3596623#0	Q0	139319#6	1
3596623#0	Q0	139319#15	1
3596623#0	Q0	835029#2	0
3596623#0	Q0	139319#2	0
3596623#0	Q0	11344389#1	0
3596623#0	Q0	139319#1	0
3596623#0	Q0	835029#12	0
3596623#0	Q0	139319#0	0
3596623#0	Q0	12077176#0	0
3596623#0	Q0	139319#40	0
362098#0	Q0	878038#0	1
362098#0	Q0	6583432#2	1
362098#0	Q0	878038#3	0
362098#0	Q0	878038#1	0
362098#0	Q0	878038#2	0
362098#0	Q0	6583432#3	0
362098#0	Q0	6583432#1	0
362098#0	Q0	275037#27	0
362098#0	Q0	3144#88	0
362098#0	Q0	10155603#4	0
36307#0	Q0	123#11	1
36307#0	Q0	123#20	1
36307#0	Q0	123#183	0
36307#0	Q0	65246#126	0
36307#0	Q0	12465586#15	0
36307#0	Q0	8988941#12	0
36307#0	Q0	123#22	0
36307#0	Q0	10546082#46	0
36307#0	Q0	292925#5	0
36307#0	Q0	1547130#154	0
3642121#0	Q0	12704828#10	1
3642121#0	Q0	3836178#7	1
3642121#0	Q0	247158#30	0
3642121#0	Q0	654488#29	0
3642121#0	Q0	68399#11	0
3642121#0	Q0	2459764#7	0
3642121#0	Q0	6341681#35	0
3642121#0	Q0	201410#40	0
3642121#0	Q0	14477410#17	0
3642121#0	Q0	86176#11	0
3649234#0	Q0	99473#2	1
3649234#0	Q0	99473#0	1
3649234#0	Q0	339377#93	1
3649234#0	Q0	5510113#23	0
3649234#0	Q0	736619#63	0
3649234#0	Q0	13169755#7	0
3649234#0	Q0	511684#74	0
3649234#0	Q0	99473#50	0
3649234#0	Q0	13169755#3	0
3649234#0	Q0	227141#0	0
3656078#0	Q0	991701#1	1
3656078#0	Q0	3531521#45	0
3656078#0	Q0	2757#228	0
3656078#0	Q0	8687571#28	0
3656078#0	Q0	22448#61	0
3656078#0	Q0	2757#185	0
3656078#0	Q0	1590005#20	0
3656078#0	Q0	13441770#21	0
3656078#0	Q0	11008269#2	0
3656078#0	Q0	13191923#1	0
3663098#0	Q0	7870#10	1
3663098#0	Q0	1493#119	0
3663098#0	Q0	7870#14	0
3663098#0	Q0	1783#3	0
3663098#0	Q0	4629391#44	0
3663098#0	Q0	1789#59	0
3663098#0	Q0	13250111#9	0
3663098#0	Q0	38843#4	0
3663098#0	Q0	1786748#48	0
3663098#0	Q0	4995095#9	0
3666827#0	Q0	1676729#0	1
3666827#0	Q0	1676729#1	1
3666827#0	Q0	1676729#2	0
3666827#0	Q0	1676729#4	0
3666827#0	Q0	1676729#18	0
3666827#0	Q0	1676729#10	0
3666827#0	Q0	1676729#3	0
3666827#0	Q0	1676729#6	0
3666827#0	Q0	1676729#8	0
3666827#0	Q0	1676729#5	0
3668521#0	Q0	53686#4	1
3668521#0	Q0	376240#2	1
3668521#0	Q0	95682#1	0
3668521#0	Q0	13695617#2	0
3668521#0	Q0	9492#12	0
3668521#0	Q0	70327#7	0
3668521#0	Q0	53686#3	0
3668521#0	Q0	53686#0	0
3668521#0	Q0	95682#36	0
3668521#0	Q0	44209#28	0
3671790#0	Q0	5268610#3	1
3671790#0	Q0	5268568#4	1
3671790#0	Q0	5166579#0	0
3671790#0	Q0	5166579#1	0
3671790#0	Q0	912198#2	0
3671790#0	Q0	155837#13	0
3671790#0	Q0	2812973#0	0
3671790#0	Q0	3123031#7	0
3671790#0	Q0	13497169#1	0
3671790#0	Q0	2830389#3	0
3683975#0	Q0	3674714#1	1
3683975#0	Q0	3674714#36	1
3683975#0	Q0	11031854#2	0
3683975#0	Q0	14249816#6	0
3683975#0	Q0	14387874#4	0
3683975#0	Q0	9571199#1	0
3683975#0	Q0	5204441#0	0
3683975#0	Q0	119015#4	0
3683975#0	Q0	13763099#0	0
3683975#0	Q0	14430343#3	0
3693294#0	Q0	1048737#4	1
3693294#0	Q0	11676735#0	0
3693294#0	Q0	149406#10	0
3693294#0	Q0	9365930#28	0
3693294#0	Q0	9365930#26	0
3693294#0	Q0	354491#2	0
3693294#0	Q0	9365930#27	0
3693294#0	Q0	451843#37	0
3693294#0	Q0	3344685#0	0
3693294#0	Q0	4164334#22	0
37315#0	Q0	2679#11	1
37315#0	Q0	110745#9	1
37315#0	Q0	5931525#6	0
37315#0	Q0	37313#3	0
37315#0	Q0	12771885#3	0
37315#0	Q0	11026984#0	0
37315#0	Q0	13758861#35	0
37315#0	Q0	46158#0	0
37315#0	Q0	1099994#0	0
37315#0	Q0	418211#8	0
3741367#0	Q0	57821#0	1
3741367#0	Q0	1253369#12	1
3741367#0	Q0	3578519#14	1
3741367#0	Q0	119849#9	1
3741367#0	Q0	1393609#10	1
3741367#0	Q0	4791479#2	1
3741367#0	Q0	57821#80	1
3741367#0	Q0	6775415#7	1
3741367#0	Q0	94227#9	1
3741367#0	Q0	57821#145	0
374703#0	Q0	484#8	1
374703#0	Q0	1893391#0	0
374703#0	Q0	173939#5	0
374703#0	Q0	484#9	0
374703#0	Q0	6901193#0	0
374703#0	Q0	484#63	0
374703#0	Q0	484#0	0
374703#0	Q0	3986055#0	0
374703#0	Q0	5088947#0	0
374703#0	Q0	2920414#0	0
3748217#0	Q0	42825#0	1
3748217#0	Q0	42825#1	1
3748217#0	Q0	13143457#1	1
3748217#0	Q0	12175205#0	0
3748217#0	Q0	9458735#0	0
3748217#0	Q0	8021495#0	0
3748217#0	Q0	9020812#0	0
3748217#0	Q0	9020812#5	0
3748217#0	Q0	42825#149	0
3748217#0	Q0	14173146#8	0
3758035#0	Q0	3102648#1	1
3758035#0	Q0	3102648#25	0
3758035#0	Q0	3102648#8	0
3758035#0	Q0	3102648#35	0
3758035#0	Q0	3102648#46	0
3758035#0	Q0	3102648#34	0
3758035#0	Q0	3102648#17	0
3758035#0	Q0	3102648#55	0
3758035#0	Q0	3102648#45	0
3758035#0	Q0	3102648#0	0
380702#0	Q0	28893#28	1
380702#0	Q0	28893#29	1
380702#0	Q0	20287#3	1
380702#0	Q0	846#83	0
380702#0	Q0	28893#7	0
380702#0	Q0	7790983#11	0
380702#0	Q0	59445#14	0
380702#0	Q0	846#66	0
380702#0	Q0	262706#16	0
380702#0	Q0	7790983#7	0
3834637#0	Q0	4026569#0	1
3834637#0	Q0	1690916#0	1
3834637#0	Q0	3495659#0	0
3834637#0	Q0	6093858#1	0
3834637#0	Q0	3849665#0	0
3834637#0	Q0	12993409#2	0
3834637#0	Q0	1484053#5	0
3834637#0	Q0	14356030#2	0
3834637#0	Q0	4900488#3	0
3834637#0	Q0	14348643#1	0
3847756#0	Q0	4659462#0	1
3847756#0	Q0	4686720#0	1
3847756#0	Q0	4688146#0	0
3847756#0	Q0	181908#17	0
3847756#0	Q0	200245#0	0
3847756#0	Q0	4659462#9	0
3847756#0	Q0	4688146#8	0
3847756#0	Q0	4659462#4	0
3847756#0	Q0	452541#3	0
3847756#0	Q0	4659462#15	0
384779#0	Q0	101675#0	1
384779#0	Q0	101675#13	0
384779#0	Q0	101675#5	0
384779#0	Q0	975061#1	0
384779#0	Q0	45098#22	0
384779#0	Q0	2713#15	0
384779#0	Q0	45098#30	0
384779#0	Q0	1784455#1	0
384779#0	Q0	101675#15	0
384779#0	Q0	9834277#5	0
386057#0	Q0	5625017#0	1
386057#0	Q0	6599109#1	0
386057#0	Q0	5625017#47	0
386057#0	Q0	386057#2	0
386057#0	Q0	5625017#9	0
386057#0	Q0	386716#0	0
386057#0	Q0	4249626#0	0
386057#0	Q0	385412#0	0
386057#0	Q0	622130#0	0
386057#0	Q0	4207754#0	0
386345#0	Q0	2470467#1	1
386345#0	Q0	3679005#64	1
386345#0	Q0	3577481#2	0
386345#0	Q0	2470467#3	0
386345#0	Q0	181565#0	0
386345#0	Q0	62241#44	0
386345#0	Q0	562072#13	0
386345#0	Q0	2681#118	0
386345#0	Q0	3577481#0	0
386345#0	Q0	408458#183	0
3871180#0	Q0	3498857#5	1
3871180#0	Q0	4300305#2	0
3871180#0	Q0	6085585#2	0
3871180#0	Q0	8536477#3	0
3871180#0	Q0	13498081#9	0
3871180#0	Q0	4674531#8	0
3871180#0	Q0	44573#25	0
3871180#0	Q0	3059015#2	0
3871180#0	Q0	13860688#2	0
3871180#0	Q0	57210#6	0
3893563#0	Q0	737877#72	1
3893563#0	Q0	7180#8	1
3893563#0	Q0	7180#5	0
3893563#0	Q0	17529#6	0
3893563#0	Q0	17529#33	0
3893563#0	Q0	7180#1	0
3893563#0	Q0	17529#29	0
3893563#0	Q0	17529#0	0
3893563#0	Q0	17529#2	0
3893563#0	Q0	11033387#3	0
389968#0	Q0	186025#0	1
389968#0	Q0	186025#7	1
389968#0	Q0	142745#3	1
389968#0	Q0	142745#10	0
389968#0	Q0	1052912#4	0
389968#0	Q0	186025#5	0
389968#0	Q0	186025#6	0
389968#0	Q0	3141743#57	0
389968#0	Q0	186025#3	0
389968#0	Q0	186025#4	0
3900006#0	Q0	1536924#0	1
3900006#0	Q0	1536924#3	1
3900006#0	Q0	252854#2	1
3900006#0	Q0	5484512#0	0
3900006#0	Q0	5484512#4	0
3900006#0	Q0	5484512#2	0
3900006#0	Q0	5484512#6	0
3900006#0	Q0	2477774#1	0
3900006#0	Q0	5484512#8	0
3900006#0	Q0	5484512#7	0
391731#0	Q0	13988865#0	1
391731#0	Q0	28158#2	0
391731#0	Q0	37067#18	0
391731#0	Q0	3432#27	0
391731#0	Q0	28158#14	0
391731#0	Q0	4622306#0	0
391731#0	Q0	28158#0	0
391731#0	Q0	488706#0	0
391731#0	Q0	14155#72	0
391731#0	Q0	11062098#0	0
3925068#0	Q0	13821585#3	1
3925068#0	Q0	195167#2	1
3925068#0	Q0	3316886#0	0
3925068#0	Q0	6343#57	0
3925068#0	Q0	6343#59	0
3925068#0	Q0	16556#8	0
3925068#0	Q0	3316886#4	0
3925068#0	Q0	7673706#0	0
3925068#0	Q0	6343#65	0
3925068#0	Q0	3316886#2	0
3925866#0	Q0	3324146#54	1
3925866#0	Q0	3324146#55	1
3925866#0	Q0	7603138#0	0
3925866#0	Q0	3324146#71	0
3925866#0	Q0	1927810#93	0
3925866#0	Q0	1062298#2	0
3925866#0	Q0	96403#0	0
3925866#0	Q0	13773515#1	0
3925866#0	Q0	22603#13	0
3925866#0	Q0	732873#1	0
3929592#0	Q0	12922084#10	1
3929592#0	Q0	12922084#11	1
3929592#0	Q0	791724#2	0
3929592#0	Q0	13264376#23	0
3929592#0	Q0	12165333#4	0
3929592#0	Q0	380708#21	0
3929592#0	Q0	628178#134	0
3929592#0	Q0	3253099#6	0
3929592#0	Q0	12922084#1	0
3929592#0	Q0	1373375#25	0
393379#0	Q0	45004#4	1
393379#0	Q0	45004#0	0
393379#0	Q0	45004#24	0
393379#0	Q0	10718594#0	0
393379#0	Q0	45004#5	0
393379#0	Q0	10718594#1	0
393379#0	Q0	45004#30	0
393379#0	Q0	45004#27	0
393379#0	Q0	45004#6	0
393379#0	Q0	3499967#1	0
3944815#0	Q0	7373091#6	1
3944815#0	Q0	14629561#5	0
3944815#0	Q0	9822052#13	0
3944815#0	Q0	10355109#25	0
3944815#0	Q0	641184#76	0
3944815#0	Q0	249#76	0
3944815#0	Q0	128385#3	0
3944815#0	Q0	11580550#2	0
3944815#0	Q0	2020356#85	0
3944815#0	Q0	46656#35	0
3952094#0	Q0	3985104#2	1
3952094#0	Q0	442099#10	0
3952094#0	Q0	10100211#33	0
3952094#0	Q0	962786#7	0
3952094#0	Q0	999528#1	0
3952094#0	Q0	15729#103	0
3952094#0	Q0	6242985#1	0
3952094#0	Q0	962786#5	0
3952094#0	Q0	6242985#0	0
3952094#0	Q0	1127207#1	0
3955376#0	Q0	3886279#1	1
3955376#0	Q0	3886279#22	1
3955376#0	Q0	3886279#23	1
3955376#0	Q0	14255#53	1
3955376#0	Q0	3886279#33	1
3955376#0	Q0	3904362#17	0
3955376#0	Q0	3886279#5	0
3955376#0	Q0	3886279#20	0
3955376#0	Q0	3886279#4	0
3955376#0	Q0	3886279#2	0
3968386#0	Q0	16705#0	1
3968386#0	Q0	521919#12	1
3968386#0	Q0	3735324#79	1
3968386#0	Q0	54000#6	0
3968386#0	Q0	63564#2	0
3968386#0	Q0	8430043#0	0
3968386#0	Q0	4489288#8	0
3968386#0	Q0	3945035#5	0
3968386#0	Q0	1317861#0	0
3968386#0	Q0	3160#28	0
3984382#0	Q0	10159848#5	1
3984382#0	Q0	9408937#1	1
3984382#0	Q0	3984382#0	0
3984382#0	Q0	12176076#4	0
3984382#0	Q0	3984382#1	0
3984382#0	Q0	12418872#5	0
3984382#0	Q0	12901459#4	0
3984382#0	Q0	5464218#11	0
3984382#0	Q0	4787128#2	0
3984382#0	Q0	1973753#23	0
4007822#0	Q0	1093191#0	1
4007822#0	Q0	11051#0	1
4007822#0	Q0	1093191#1	0
4007822#0	Q0	1093191#3	0
4007822#0	Q0	3677707#24	0
4007822#0	Q0	1505556#0	0
4007822#0	Q0	10275278#24	0
4007822#0	Q0	45517#0	0
4007822#0	Q0	12000038#0	0
4007822#0	Q0	14440603#5	0
4010228#0	Q0	2381#70	1
4010228#0	Q0	3442661#7	0
4010228#0	Q0	3777540#0	0
4010228#0	Q0	6911794#0	0
4010228#0	Q0	2924530#19	0
4010228#0	Q0	2381#159	0
4010228#0	Q0	2036273#5	0
4010228#0	Q0	2381#4	0
4010228#0	Q0	2381#47	0
4010228#0	Q0	2036273#0	0
4029101#0	Q0	135117#0	1
4029101#0	Q0	135117#4	1
4029101#0	Q0	135117#10	0
4029101#0	Q0	3191966#12	0
4029101#0	Q0	135117#22	0
4029101#0	Q0	135117#8	0
4029101#0	Q0	135117#20	0
4029101#0	Q0	135117#43	0
4029101#0	Q0	135117#1	0
4029101#0	Q0	135117#21	0
4036689#0	Q0	14221#53	1
4036689#0	Q0	40365#116	0
4036689#0	Q0	8051321#3	0
4036689#0	Q0	14221#47	0
4036689#0	Q0	681159#237	0
4036689#0	Q0	623758#34	0
4036689#0	Q0	14221#48	0
4036689#0	Q0	14221#34	0
4036689#0	Q0	7832764#1	0
4036689#0	Q0	681159#245	0
4036758#0	Q0	91986#57	1
4036758#0	Q0	494437#9	0
4036758#0	Q0	4011875#0	0
4036758#0	Q0	61216#56	0
4036758#0	Q0	1477231#0	0
4036758#0	Q0	61216#49	0
4036758#0	Q0	9453#56	0
4036758#0	Q0	496096#0	0
4036758#0	Q0	2096430#1	0
4036758#0	Q0	61216#79	0
4038904#0	Q0	145105#5	1
4038904#0	Q0	91262#32	0
4038904#0	Q0	1024546#1	0
4038904#0	Q0	1323530#0	0
4038904#0	Q0	4328052#39	0
4038904#0	Q0	5375337#35	0
4038904#0	Q0	13586979#0	0
4038904#0	Q0	4906662#58	0
4038904#0	Q0	1323530#9	0
4038904#0	Q0	101085#70	0
4041681#0	Q0	10857#204	1
4041681#0	Q0	13590036#0	1
4041681#0	Q0	4530979#11	1
4041681#0	Q0	4077936#29	0
4041681#0	Q0	3385793#31	0
4041681#0	Q0	24513#9	0
4041681#0	Q0	5122851#3	0
4041681#0	Q0	1599064#3	0
4041681#0	Q0	3385793#45	0
4041681#0	Q0	1769510#78	0
404539#0	Q0	3066091#17	1
404539#0	Q0	315291#85	0
404539#0	Q0	606216#20	0
404539#0	Q0	1216870#1	0
404539#0	Q0	1446449#68	0
404539#0	Q0	13145749#7	0
404539#0	Q0	4831384#24	0
404539#0	Q0	729056#6	0
404539#0	Q0	1446449#59	0
404539#0	Q0	7832632#12	0
4049812#0	Q0	49475#12	1
4049812#0	Q0	49475#112	0
4049812#0	Q0	354491#2	0
4049812#0	Q0	3561522#16	0
4049812#0	Q0	812096#2	0
4049812#0	Q0	897648#19	0
4049812#0	Q0	354491#120	0
4049812#0	Q0	1027759#5	0
4049812#0	Q0	5733803#6	0
4049812#0	Q0	13211630#10	0
4050542#0	Q0	3672504#3	1
4050542#0	Q0	3672504#39	1
4050542#0	Q0	3672504#25	0
4050542#0	Q0	3672504#20	0
4050542#0	Q0	3672504#5	0
4050542#0	Q0	11745488#0	0
4050542#0	Q0	14072890#4	0
4050542#0	Q0	14629379#16	0
4050542#0	Q0	9472101#1	0
4050542#0	Q0	6286619#1	0
4050631#0	Q0	6539002#0	1
4050631#0	Q0	1408#27	0
4050631#0	Q0	3144#23	0
4050631#0	Q0	1408#35	0
4050631#0	Q0	11127018#0	0
4050631#0	Q0	1408#12	0
4050631#0	Q0	1408#40	0
4050631#0	Q0	3144#9	0
4050631#0	Q0	1408#2	0
4050631#0	Q0	1408#36	0
4062434#0	Q0	3981801#1	1
4062434#0	Q0	3981801#0	0
4062434#0	Q0	3981912#0	0
4062434#0	Q0	3981801#2	0
4062434#0	Q0	3981801#7	0
4062434#0	Q0	3981801#4	0
4062434#0	Q0	8238577#0	0
4062434#0	Q0	10812488#0	0
4062434#0	Q0	6089648#0	0
4062434#0	Q0	12332667#0	0
4063085#0	Q0	242773#3	1
4063085#0	Q0	6848326#1	0
4063085#0	Q0	6808070#1	0
4063085#0	Q0	242773#4	0
4063085#0	Q0	242773#2	0
4063085#0	Q0	242773#8	0
4063085#0	Q0	242773#1	0
4063085#0	Q0	9667809#1	0
4063085#0	Q0	784941#1	0
4063085#0	Q0	6212508#3	0
4074678#0	Q0	10317264#14	1
4074678#0	Q0	3314463#36	0
4074678#0	Q0	491096#2	0
4074678#0	Q0	32893#9	0
4074678#0	Q0	1058332#10	0
4074678#0	Q0	31573#48	0
4074678#0	Q0	3769308#4	0
4074678#0	Q0	5223681#0	0
4074678#0	Q0	3314463#129	0
4074678#0	Q0	723704#8	0
408817#0	Q0	1540950#85	1
408817#0	Q0	355864#2	1
408817#0	Q0	9822052#13	0
408817#0	Q0	307846#99	0
408817#0	Q0	9822052#117	0
408817#0	Q0	321337#1	0
408817#0	Q0	9822052#14	0
408817#0	Q0	13545522#1	0
408817#0	Q0	321337#100	0
408817#0	Q0	259613#42	0
4128547#0	Q0	4128547#0	1
4128547#0	Q0	4128547#1	0
4128547#0	Q0	4128547#10	0
4128547#0	Q0	10465844#2	0
4128547#0	Q0	4128547#6	0
4128547#0	Q0	4128547#2	0
4128547#0	Q0	2842060#0	0
4128547#0	Q0	3438748#1	0
4128547#0	Q0	12407666#0	0
4128547#0	Q0	12638299#11	0
41343#0	Q0	257812#109	1
41343#0	Q0	3176742#5	0
41343#0	Q0	122759#5	0
41343#0	Q0	5287214#7	0
41343#0	Q0	14518082#3	0
41343#0	Q0	1415490#36	0
41343#0	Q0	257812#89	0
41343#0	Q0	3078070#49	0
41343#0	Q0	13723147#9	0
41343#0	Q0	14518082#4	0
4145223#0	Q0	529938#14	1
4145223#0	Q0	9239299#0	1
4145223#0	Q0	4328640#0	1
4145223#0	Q0	529938#24	1
4145223#0	Q0	9267313#0	0
4145223#0	Q0	529938#20	0
4145223#0	Q0	1501898#1	0
4145223#0	Q0	3744799#0	0
4145223#0	Q0	9239299#6	0
4145223#0	Q0	4800938#4	0
4179708#0	Q0	260374#2	1
4179708#0	Q0	5016538#9	1
4179708#0	Q0	4684868#4	0
4179708#0	Q0	260374#7	0
4179708#0	Q0	5937345#3	0
4179708#0	Q0	8520190#11	0
4179708#0	Q0	12349815#24	0
4179708#0	Q0	1282065#2	0
4179708#0	Q0	5937345#0	0
4179708#0	Q0	5016538#2	0
4189219#0	Q0	33196#11	1
4189219#0	Q0	5176#1	1
4189219#0	Q0	723149#5	0
4189219#0	Q0	9869454#3	0
4189219#0	Q0	411527#2	0
4189219#0	Q0	12417125#10	0
4189219#0	Q0	5176#21	0
4189219#0	Q0	768886#10	0
4189219#0	Q0	925921#7	0
4189219#0	Q0	5481167#6	0
4230341#0	Q0	2699561#2	1
4230341#0	Q0	2699561#0	1
4230341#0	Q0	2699561#1	1
4230341#0	Q0	4140252#2	0
4230341#0	Q0	1236698#0	0
4230341#0	Q0	2699561#20	0
4230341#0	Q0	3388357#0	0
4230341#0	Q0	9127#185	0
4230341#0	Q0	9127#183	0
4230341#0	Q0	2699561#36	0
4244183#0	Q0	56762#1	1
4244183#0	Q0	56762#0	0
4244183#0	Q0	784697#1	0
4244183#0	Q0	56762#17	0
4244183#0	Q0	56762#8	0
4244183#0	Q0	7615#18	0
4244183#0	Q0	2907594#2	0
4244183#0	Q0	784697#5	0
4244183#0	Q0	581762#0	0
4244183#0	Q0	63357#10	0
4252#0	Q0	15766#0	1
4252#0	Q0	15766#2	1
4252#0	Q0	9367126#1	0
4252#0	Q0	9367126#0	0
4252#0	Q0	964562#0	0
4252#0	Q0	11242682#0	0
4252#0	Q0	11242682#1	0
4252#0	Q0	4874385#0	0
4252#0	Q0	6701394#0	0
4252#0	Q0	15766#11	0
4257508#0	Q0	6845#5	1
4257508#0	Q0	113524#3	0
4257508#0	Q0	1235611#1	0
4257508#0	Q0	330326#38	0
4257508#0	Q0	6845#2	0
4257508#0	Q0	6845#32	0
4257508#0	Q0	330326#22	0
4257508#0	Q0	6845#82	0
4257508#0	Q0	207138#0	0
4257508#0	Q0	236232#2	0
4277334#0	Q0	155390#15	1
4277334#0	Q0	1296341#2	1
4277334#0	Q0	451968#31	0
4277334#0	Q0	53356#20	0
4277334#0	Q0	451968#30	0
4277334#0	Q0	1102#7	0
4277334#0	Q0	77603#6	0
4277334#0	Q0	5676473#3	0
4277334#0	Q0	293872#12	0
4277334#0	Q0	108615#1	0
4283040#0	Q0	136288#2	1
4283040#0	Q0	136288#3	0
4283040#0	Q0	769#55	0
4283040#0	Q0	11378284#1	0
4283040#0	Q0	136288#0	0
4283040#0	Q0	2962290#19	0
4283040#0	Q0	3566456#22	0
4283040#0	Q0	189956#13	0
4283040#0	Q0	371997#20	0
4283040#0	Q0	1920442#1	0
4297463#0	Q0	170430#0	1
4297463#0	Q0	7582894#42	1
4297463#0	Q0	170430#10	1
4297463#0	Q0	5109332#18	1
4297463#0	Q0	170430#45	0
4297463#0	Q0	170430#34	0
4297463#0	Q0	12517707#16	0
4297463#0	Q0	170430#17	0
4297463#0	Q0	11067482#1	0
4297463#0	Q0	11027231#1	0
4300476#0	Q0	7968#9	1
4300476#0	Q0	7968#11	1
4300476#0	Q0	7968#0	1
4300476#0	Q0	12669884#0	0
4300476#0	Q0	7968#142	0
4300476#0	Q0	607848#0	0
4300476#0	Q0	109321#0	0
4300476#0	Q0	7968#257	0
4300476#0	Q0	12669884#12	0
4300476#0	Q0	7968#230	0
430547#0	Q0	68327#0	1
430547#0	Q0	1243624#3	0
430547#0	Q0	1246158#9	0
430547#0	Q0	3382219#1	0
430547#0	Q0	3277778#3	0
430547#0	Q0	50637#9	0
430547#0	Q0	5743883#8	0
430547#0	Q0	1054537#4	0
430547#0	Q0	30151#1	0
430547#0	Q0	138471#1	0
4325506#0	Q0	262649#0	1
4325506#0	Q0	9463#0	1
4325506#0	Q0	2598230#1	1
4325506#0	Q0	8088823#3	1
4325506#0	Q0	5705476#0	0
4325506#0	Q0	1403842#8	0
4325506#0	Q0	1403842#6	0
4325506#0	Q0	480301#5	0
4325506#0	Q0	9992970#4	0
4325506#0	Q0	626283#2	0
4332777#0	Q0	13993572#0	1
4332777#0	Q0	9862226#0	0
4332777#0	Q0	11461938#0	0
4332777#0	Q0	8751541#0	0
4332777#0	Q0	12713961#150	0
4332777#0	Q0	208163#62	0
4332777#0	Q0	10738415#0	0
4332777#0	Q0	208163#68	0
4332777#0	Q0	1219718#0	0
4332777#0	Q0	12385775#0	0
4335316#0	Q0	4335316#32	1
4335316#0	Q0	4335316#84	1
4335316#0	Q0	4335316#51	1
4335316#0	Q0	4335316#47	1
4335316#0	Q0	4335316#152	0
4335316#0	Q0	4335316#0	0
4335316#0	Q0	4335316#125	0
4335316#0	Q0	4335316#42	0
4335316#0	Q0	741158#13	0
4335316#0	Q0	4335316#91	0
4338091#0	Q0	261423#20	1
4338091#0	Q0	27400#0	1
4338091#0	Q0	27400#89	0
4338091#0	Q0	1119985#3	0
4338091#0	Q0	10703038#2	0
4338091#0	Q0	27400#104	0
4338091#0	Q0	907299#24	0
4338091#0	Q0	1443#90	0
4338091#0	Q0	740744#4	0
4338091#0	Q0	11217441#3	0
433924#0	Q0	8033815#1	1
433924#0	Q0	9990219#6	0
433924#0	Q0	381860#11	0
433924#0	Q0	739455#70	0
433924#0	Q0	67263#15	0
433924#0	Q0	21423#31	0
433924#0	Q0	13207912#6	0
433924#0	Q0	67263#0	0
433924#0	Q0	148924#20	0
433924#0	Q0	67263#1	0
4339442#0	Q0	4480622#0	1
4339442#0	Q0	4480622#1	1
4339442#0	Q0	7204486#0	0
4339442#0	Q0	7204486#1	0
4339442#0	Q0	6294779#9	0
4339442#0	Q0	4480622#2	0
4339442#0	Q0	812932#0	0
4339442#0	Q0	883703#0	0
4339442#0	Q0	885130#0	0
4339442#0	Q0	140872#3	0
4356532#0	Q0	10590653#2	1
4356532#0	Q0	10590638#1	1
4356532#0	Q0	10590653#3	1
4356532#0	Q0	1713#73	0
4356532#0	Q0	10590653#0	0
4356532#0	Q0	2673416#142	0
4356532#0	Q0	494423#2	0
4356532#0	Q0	10590664#0	0
4356532#0	Q0	3084#37	0
4356532#0	Q0	10590664#4	0
4377126#0	Q0	74481#14	1
4377126#0	Q0	513616#0	0
4377126#0	Q0	2482736#6	0
4377126#0	Q0	74481#1	0
4377126#0	Q0	621200#3	0
4377126#0	Q0	74481#0	0
4377126#0	Q0	513634#1	0
4377126#0	Q0	422143#55	0
4377126#0	Q0	10462515#2	0
4377126#0	Q0	14560569#0	0
4378353#0	Q0	83122#6	1
4378353#0	Q0	83122#0	1
4378353#0	Q0	83122#21	0
4378353#0	Q0	83122#10	0
4378353#0	Q0	83122#14	0
4378353#0	Q0	83122#7	0
4378353#0	Q0	83122#8	0
4378353#0	Q0	83122#3	0
4378353#0	Q0	83122#9	0
4378353#0	Q0	83122#15	0
4378934#0	Q0	5051756#78	1
4378934#0	Q0	406038#9	1
4378934#0	Q0	54249#29	1
4378934#0	Q0	135154#1	1
4378934#0	Q0	406038#7	1
4378934#0	Q0	406016#9	1
4378934#0	Q0	107958#5	0
4378934#0	Q0	4764262#0	0
4378934#0	Q0	4764264#2	0
4378934#0	Q0	963025#5	0
4380243#0	Q0	4165377#40	1
4380243#0	Q0	818393#0	0
4380243#0	Q0	5935258#0	0
4380243#0	Q0	5514853#2	0
4380243#0	Q0	216970#7	0
4380243#0	Q0	7249598#3	0
4380243#0	Q0	1472928#0	0
4380243#0	Q0	5935258#5	0
4380243#0	Q0	1081908#10	0
4380243#0	Q0	5993204#9	0
4401778#0	Q0	373743#8	1
4401778#0	Q0	4035325#15	0
4401778#0	Q0	3215069#2	0
4401778#0	Q0	3060430#15	0
4401778#0	Q0	4301431#2	0
4401778#0	Q0	38451#64	0
4401778#0	Q0	885303#3	0
4401778#0	Q0	5252774#3	0
4401778#0	Q0	3263981#5	0
4401778#0	Q0	61789#65	0
4404595#0	Q0	36349#1	1
4404595#0	Q0	4829622#0	0
4404595#0	Q0	143073#51	0
4404595#0	Q0	36349#14	0
4404595#0	Q0	6481111#1	0
4404595#0	Q0	143951#8	0
4404595#0	Q0	36349#15	0
4404595#0	Q0	569#42	0
4404595#0	Q0	4380157#2	0
4404595#0	Q0	1880435#1	0
4436683#0	Q0	23174#14	1
4436683#0	Q0	6913882#4	1
4436683#0	Q0	1930366#0	1
4436683#0	Q0	9264683#2	0
4436683#0	Q0	12264107#51	0
4436683#0	Q0	5211#85	0
4436683#0	Q0	2322#41	0
4436683#0	Q0	1287514#0	0
4436683#0	Q0	12799#9	0
4436683#0	Q0	15173#91	0
4439112#0	Q0	529532#6	1
4439112#0	Q0	14241#95	1
4439112#0	Q0	2024326#0	1
4439112#0	Q0	529532#0	1
4439112#0	Q0	529532#8	0
4439112#0	Q0	529532#1	0
4439112#0	Q0	529532#13	0
4439112#0	Q0	187464#85	0
4439112#0	Q0	529532#2	0
4439112#0	Q0	529532#9	0
4465417#0	Q0	681159#367	1
4465417#0	Q0	639500#6	1
4465417#0	Q0	130891#13	0
4465417#0	Q0	130891#7	0
4465417#0	Q0	1294164#0	0
4465417#0	Q0	130891#12	0
4465417#0	Q0	3163339#0	0
4465417#0	Q0	6910205#0	0
4465417#0	Q0	1721560#8	0
4465417#0	Q0	1294164#10	0
44701#0	Q0	1409#41	1
44701#0	Q0	3116183#141	1
44701#0	Q0	521205#5	1
44701#0	Q0	14239879#8	0
44701#0	Q0	31343#25	0
44701#0	Q0	1409#52	0
44701#0	Q0	1409#22	0
44701#0	Q0	1409#54	0
44701#0	Q0	1409#53	0
44701#0	Q0	1409#39	0
44776#0	Q0	74580#0	1
44776#0	Q0	74569#0	1
44776#0	Q0	876935#3	1
44776#0	Q0	3162411#0	0
44776#0	Q0	74580#10	0
44776#0	Q0	74580#7	0
44776#0	Q0	74867#6	0
44776#0	Q0	74580#1	0
44776#0	Q0	3800387#9	0
44776#0	Q0	14620988#1	0
4478124#0	Q0	4478124#8	1
4478124#0	Q0	4478124#15	0
4478124#0	Q0	4478124#18	0
4478124#0	Q0	4478124#0	0
4478124#0	Q0	4478124#14	0
4478124#0	Q0	4478124#11	0
4478124#0	Q0	53021#11	0
4478124#0	Q0	4478124#4	0
4478124#0	Q0	4478124#19	0
4478124#0	Q0	4693877#1	0
4482808#0	Q0	3913169#1	1
4482808#0	Q0	505852#3	0
4482808#0	Q0	429412#1	0
4482808#0	Q0	429412#3	0
4482808#0	Q0	429412#4	0
4482808#0	Q0	2192#13	0
4482808#0	Q0	2192#38	0
4482808#0	Q0	429412#13	0
4482808#0	Q0	429412#2	0
4482808#0	Q0	1283850#40	0
4493808#0	Q0	9005905#1	1
4493808#0	Q0	7154539#2	1
4493808#0	Q0	2439407#18	1
4493808#0	Q0	8979766#1	0
4493808#0	Q0	3687540#169	0
4493808#0	Q0	2439407#49	0
4493808#0	Q0	2439407#29	0
4493808#0	Q0	3687540#197	0
4493808#0	Q0	3043161#2	0
4493808#0	Q0	6127466#16	0
4495379#0	Q0	2780#117	1
4495379#0	Q0	2780#50	1
4495379#0	Q0	1377414#0	1
4495379#0	Q0	1512835#3	1
4495379#0	Q0	1377414#1	1
4495379#0	Q0	1377414#3	0
4495379#0	Q0	1377414#24	0
4495379#0	Q0	1377414#27	0
4495379#0	Q0	1463212#2	0
4495379#0	Q0	1377414#10	0
453841#0	Q0	6427621#1	1
453841#0	Q0	5327109#10	1
453841#0	Q0	13741838#0	0
453841#0	Q0	658498#13	0
453841#0	Q0	77273#21	0
453841#0	Q0	1663281#8	0
453841#0	Q0	857588#19	0
453841#0	Q0	2934583#11	0
453841#0	Q0	76529#25	0
453841#0	Q0	44937#1	0
4544946#0	Q0	2713122#3	1
4544946#0	Q0	329987#4	1
4544946#0	Q0	2713122#0	1
4544946#0	Q0	2713122#2	1
4544946#0	Q0	2713122#4	1
4544946#0	Q0	22131#8	0
4544946#0	Q0	329987#0	0
4544946#0	Q0	410657#7	0
4544946#0	Q0	2495250#0	0
4544946#0	Q0	2713122#1	0
4564660#0	Q0	133003#44	1
4564660#0	Q0	133003#0	0
4564660#0	Q0	133003#36	0
4564660#0	Q0	1415531#49	0
4564660#0	Q0	133003#2	0
4564660#0	Q0	133003#25	0
4564660#0	Q0	133003#34	0
4564660#0	Q0	133003#24	0
4564660#0	Q0	6832#10	0
4564660#0	Q0	133003#5	0
4584490#0	Q0	809925#2	1
4584490#0	Q0	640981#3	1
4584490#0	Q0	809925#7	0
4584490#0	Q0	1576996#5	0
4584490#0	Q0	3032136#2	0
4584490#0	Q0	4758164#4	0
4584490#0	Q0	5747705#6	0
4584490#0	Q0	4340885#2	0
4584490#0	Q0	967566#3	0
4584490#0	Q0	4467888#1	0
4593226#0	Q0	4593226#0	1
4593226#0	Q0	4741142#1	1
4593226#0	Q0	3105115#55	0
4593226#0	Q0	4596419#9	0
4593226#0	Q0	4593226#2	0
4593226#0	Q0	1248516#0	0
4593226#0	Q0	2002454#1	0
4593226#0	Q0	5968979#2	0
4593226#0	Q0	7595#7	0
4593226#0	Q0	4596419#7	0
4610245#0	Q0	3877497#29	1
4610245#0	Q0	5513348#67	0
4610245#0	Q0	855635#4	0
4610245#0	Q0	503760#17	0
4610245#0	Q0	14593620#5	0
4610245#0	Q0	8465382#5	0
4610245#0	Q0	12277621#0	0
4610245#0	Q0	855635#36	0
4610245#0	Q0	14661502#4	0
4610245#0	Q0	522665#16	0
46131#0	Q0	46131#0	1
46131#0	Q0	702817#0	1
46131#0	Q0	56785#1	1
46131#0	Q0	46131#6	0
46131#0	Q0	56785#56	0
46131#0	Q0	46131#8	0
46131#0	Q0	46131#20	0
46131#0	Q0	12902812#0	0
46131#0	Q0	116084#1	0
46131#0	Q0	12902812#1	0
462232#0	Q0	10811975#4	1
462232#0	Q0	10857#196	1
462232#0	Q0	4506484#7	1
462232#0	Q0	321963#9	0
462232#0	Q0	2696064#17	0
462232#0	Q0	385464#5	0
462232#0	Q0	1496956#2	0
462232#0	Q0	776546#4	0
462232#0	Q0	4495470#9	0
462232#0	Q0	152169#0	0
4634181#0	Q0	718492#3	1
4634181#0	Q0	239724#23	0
4634181#0	Q0	239724#22	0
4634181#0	Q0	239724#2	0
4634181#0	Q0	718492#1	0
4634181#0	Q0	239724#20	0
4634181#0	Q0	239724#8	0
4634181#0	Q0	718492#0	0
4634181#0	Q0	348803#18	0
4634181#0	Q0	239724#5	0
4646778#0	Q0	4598#32	1
4646778#0	Q0	4524432#0	0
4646778#0	Q0	4523002#1	0
4646778#0	Q0	4598#7	0
4646778#0	Q0	4523002#2	0
4646778#0	Q0	6507862#0	0
4646778#0	Q0	4524432#3	0
4646778#0	Q0	4524432#1	0
4646778#0	Q0	4524432#2	0
4646778#0	Q0	4524432#5	0
4653535#0	Q0	12998207#2	1
4653535#0	Q0	7075102#1	0
4653535#0	Q0	11397977#30	0
4653535#0	Q0	11397977#29	0
4653535#0	Q0	11397977#33	0
4653535#0	Q0	9618182#53	0
4653535#0	Q0	3429308#3	0
4653535#0	Q0	814607#7	0
4653535#0	Q0	12998207#12	0
4653535#0	Q0	7075102#6	0
4654770#0	Q0	4296903#0	1
4654770#0	Q0	339860#1	0
4654770#0	Q0	66096#4	0
4654770#0	Q0	597000#5	0
4654770#0	Q0	2285970#32	0
4654770#0	Q0	598053#3	0
4654770#0	Q0	2285970#3	0
4654770#0	Q0	1095#42	0
4654770#0	Q0	678770#32	0
4654770#0	Q0	9157042#32	0
4663043#0	Q0	32925#0	1
4663043#0	Q0	13372369#9	1
4663043#0	Q0	167743#0	1
4663043#0	Q0	272324#60	1
4663043#0	Q0	167747#1	0
4663043#0	Q0	6581574#0	0
4663043#0	Q0	6366135#0	0
4663043#0	Q0	7197590#0	0
4663043#0	Q0	14170697#1	0
4663043#0	Q0	10607703#7	0
4666901#0	Q0	1498393#43	1
4666901#0	Q0	372034#10	1
4666901#0	Q0	1597283#21	1
4666901#0	Q0	517503#36	0
4666901#0	Q0	27194#19	0
4666901#0	Q0	135650#17	0
4666901#0	Q0	635588#58	0
4666901#0	Q0	517503#0	0
4666901#0	Q0	4850031#6	0
4666901#0	Q0	635588#0	0
4708880#0	Q0	2881#0	1
4708880#0	Q0	154042#3	1
4708880#0	Q0	10352390#0	0
4708880#0	Q0	477227#2	0
4708880#0	Q0	429503#38	0
4708880#0	Q0	5324974#0	0
4708880#0	Q0	8627#82	0
4708880#0	Q0	2881#2	0
4708880#0	Q0	8627#56	0
4708880#0	Q0	3872811#0	0
4715639#0	Q0	9966376#8	1
4715639#0	Q0	2324#165	1
4715639#0	Q0	212188#62	1
4715639#0	Q0	212188#60	0
4715639#0	Q0	3146685#201	0
4715639#0	Q0	299566#1	0
4715639#0	Q0	398#260	0
4715639#0	Q0	398#266	0
4715639#0	Q0	77946#7	0
4715639#0	Q0	1922839#1	0
4718851#0	Q0	5304#0	1
4718851#0	Q0	14077626#19	1
4718851#0	Q0	5304#1	0
4718851#0	Q0	13635627#10	0
4718851#0	Q0	11715533#0	0
4718851#0	Q0	13567176#7	0
4718851#0	Q0	10546082#95	0
4718851#0	Q0	5304#8	0
4718851#0	Q0	3049709#0	0
4718851#0	Q0	11716833#0	0
4725915#0	Q0	136577#0	1
4725915#0	Q0	3216490#60	1
4725915#0	Q0	3627713#5	0
4725915#0	Q0	3627713#1	0
4725915#0	Q0	3627713#7	0
4725915#0	Q0	3627713#8	0
4725915#0	Q0	3627713#0	0
4725915#0	Q0	3627713#3	0
4725915#0	Q0	3640738#6	0
4725915#0	Q0	13329000#3	0
478164#0	Q0	13689#64	1
478164#0	Q0	1864618#0	1
478164#0	Q0	13689#38	0
478164#0	Q0	13689#57	0
478164#0	Q0	903378#0	0
478164#0	Q0	776772#0	0
478164#0	Q0	1476968#12	0
478164#0	Q0	675614#1	0
478164#0	Q0	4054954#0	0
478164#0	Q0	13689#45	0
4783832#0	Q0	5498215#3	1
4783832#0	Q0	5498215#2	1
4783832#0	Q0	14058851#1	0
4783832#0	Q0	3130819#13	0
4783832#0	Q0	9161785#1	0
4783832#0	Q0	12849829#11	0
4783832#0	Q0	4379863#9	0
4783832#0	Q0	656473#9	0
4783832#0	Q0	5498215#1	0
4783832#0	Q0	9161785#3	0
4808301#0	Q0	1249#17	1
4808301#0	Q0	12801372#0	0
4808301#0	Q0	2489885#28	0
4808301#0	Q0	7547396#2	0
4808301#0	Q0	2489885#31	0
4808301#0	Q0	4600574#0	0
4808301#0	Q0	1249#66	0
4808301#0	Q0	1249#2	0
4808301#0	Q0	12801372#7	0
4808301#0	Q0	14194223#42	0
481757#0	Q0	353698#7	1
481757#0	Q0	353698#5	1
481757#0	Q0	353698#16	1
481757#0	Q0	7177494#7	1
481757#0	Q0	353698#9	1
481757#0	Q0	7612289#2	1
481757#0	Q0	353698#51	0
481757#0	Q0	353698#4	0
481757#0	Q0	353698#3	0
481757#0	Q0	353698#12	0
4831257#0	Q0	285622#0	1
4831257#0	Q0	285622#6	0
4831257#0	Q0	285622#15	0
4831257#0	Q0	285622#75	0
4831257#0	Q0	285622#50	0
4831257#0	Q0	285622#37	0
4831257#0	Q0	285622#77	0
4831257#0	Q0	285622#76	0
4831257#0	Q0	285622#54	0
4831257#0	Q0	285622#55	0
4836562#0	Q0	14323099#0	1
4836562#0	Q0	13837799#2	0
4836562#0	Q0	14308002#3	0
4836562#0	Q0	14375268#2	0
4836562#0	Q0	630271#20	0
4836562#0	Q0	13969866#4	0
4836562#0	Q0	14302154#18	0
4836562#0	Q0	12409662#2	0
4836562#0	Q0	14250607#2	0
4836562#0	Q0	13768896#2	0
4837653#0	Q0	1134#105	1
4837653#0	Q0	12121357#2	1
4837653#0	Q0	3685636#11	0
4837653#0	Q0	1134#106	0
4837653#0	Q0	10191480#6	0
4837653#0	Q0	3685636#2	0
4837653#0	Q0	4151817#17	0
4837653#0	Q0	1134#94	0
4837653#0	Q0	3685636#14	0
4837653#0	Q0	10431034#1	0
4853676#0	Q0	4838137#1	1
4853676#0	Q0	4853676#0	1
4853676#0	Q0	4838137#12	0
4853676#0	Q0	141989#7	0
4853676#0	Q0	4838137#3	0
4853676#0	Q0	12478208#48	0
4853676#0	Q0	4838137#2	0
4853676#0	Q0	141989#2	0
4853676#0	Q0	4838137#17	0
4853676#0	Q0	6493353#0	0
4861129#0	Q0	7229#0	1
4861129#0	Q0	3105115#1	0
4861129#0	Q0	3511313#4	0
4861129#0	Q0	69581#1	0
4861129#0	Q0	69581#21	0
4861129#0	Q0	7590#7	0
4861129#0	Q0	4038948#1	0
4861129#0	Q0	17112#4	0
4861129#0	Q0	34255#3	0
4861129#0	Q0	15474#6	0
4865327#0	Q0	14635767#10	1
4865327#0	Q0	428362#2	0
4865327#0	Q0	14205414#1	0
4865327#0	Q0	11749189#19	0
4865327#0	Q0	2684526#41	0
4865327#0	Q0	10525954#3	0
4865327#0	Q0	14613013#32	0
4865327#0	Q0	8598#33	0
4865327#0	Q0	4263666#1	0
4865327#0	Q0	5445026#8	0
487025#0	Q0	4902804#1	1
487025#0	Q0	1293939#6	1
487025#0	Q0	53961#9	0
487025#0	Q0	6228533#5	0
487025#0	Q0	689369#1	0
487025#0	Q0	45448#24	0
487025#0	Q0	5253035#17	0
487025#0	Q0	5181#91	0
487025#0	Q0	972951#13	0
487025#0	Q0	1293939#8	0
4874217#0	Q0	3809432#0	1
4874217#0	Q0	3809432#4	0
4874217#0	Q0	3809432#93	0
4874217#0	Q0	3809432#5	0
4874217#0	Q0	5029288#1	0
4874217#0	Q0	3809432#1	0
4874217#0	Q0	6337038#0	0
4874217#0	Q0	3809432#97	0
4874217#0	Q0	3809432#24	0
4874217#0	Q0	3809432#6	0
4874981#0	Q0	13126317#2	1
4874981#0	Q0	13124095#3	1
4874981#0	Q0	940108#3	1
4874981#0	Q0	10542194#1	1
4874981#0	Q0	11606634#2	1
4874981#0	Q0	3917546#70	1
4874981#0	Q0	13377278#17	0
4874981#0	Q0	6090#14	0
4874981#0	Q0	1925230#1	0
4874981#0	Q0	574123#2	0
4881206#0	Q0	8852630#0	1
4881206#0	Q0	1698529#0	1
4881206#0	Q0	9239157#17	0
4881206#0	Q0	8852630#5	0
4881206#0	Q0	1698529#3	0
4881206#0	Q0	8852630#3	0
4881206#0	Q0	8802655#25	0
4881206#0	Q0	1066226#6	0
4881206#0	Q0	9239157#27	0
4881206#0	Q0	1698529#1	0
4887869#0	Q0	2664069#3	1
4887869#0	Q0	13210194#26	0
4887869#0	Q0	2921#39	0
4887869#0	Q0	13295015#1	0
4887869#0	Q0	14064723#34	0
4887869#0	Q0	1051694#1	0
4887869#0	Q0	7156078#3	0
4887869#0	Q0	173876#0	0
4887869#0	Q0	805039#0	0
4887869#0	Q0	7156078#7	0
490236#0	Q0	502213#0	1
490236#0	Q0	502213#1	1
490236#0	Q0	502213#2	0
490236#0	Q0	1448106#0	0
490236#0	Q0	2957345#0	0
490236#0	Q0	60787#0	0
490236#0	Q0	101496#50	0
490236#0	Q0	2923280#3	0
490236#0	Q0	1448103#0	0
490236#0	Q0	1448103#3	0
4912805#0	Q0	1654587#3	1
4912805#0	Q0	3029#11	0
4912805#0	Q0	3029#2	0
4912805#0	Q0	3029#3	0
4912805#0	Q0	241100#12	0
4912805#0	Q0	9634814#5	0
4912805#0	Q0	3029#5	0
4912805#0	Q0	13885896#3	0
4912805#0	Q0	3029#7	0
4912805#0	Q0	9634814#0	0
491731#0	Q0	5262#19	1
491731#0	Q0	282495#0	1
491731#0	Q0	33196#32	0
491731#0	Q0	39310#0	0
491731#0	Q0	3450871#1	0
491731#0	Q0	191094#0	0
491731#0	Q0	2495227#94	0
491731#0	Q0	236420#1	0
491731#0	Q0	6758298#0	0
491731#0	Q0	3450871#0	0
4920687#0	Q0	109287#4	1
4920687#0	Q0	109287#9	1
4920687#0	Q0	9666956#2	1
4920687#0	Q0	47025#27	0
4920687#0	Q0	109287#11	0
4920687#0	Q0	11290519#57	0
4920687#0	Q0	5008415#4	0
4920687#0	Q0	5370852#3	0
4920687#0	Q0	70372#22	0
4920687#0	Q0	14506072#3	0
4945034#0	Q0	249597#2	1
4945034#0	Q0	549362#11	1
4945034#0	Q0	3160638#24	0
4945034#0	Q0	5225598#6	0
4945034#0	Q0	9460283#1	0
4945034#0	Q0	9976109#8	0
4945034#0	Q0	12878139#0	0
4945034#0	Q0	5790856#2	0
4945034#0	Q0	12826977#0	0
4945034#0	Q0	875399#0	0
494611#0	Q0	643513#0	1
494611#0	Q0	164428#16	0
494611#0	Q0	1869012#2	0
494611#0	Q0	643513#27	0
494611#0	Q0	1869012#0	0
494611#0	Q0	907401#17	0
494611#0	Q0	12571781#0	0
494611#0	Q0	7549382#12	0
494611#0	Q0	1926013#0	0
494611#0	Q0	13254208#3	0
4948542#0	Q0	9264#41	1
4948542#0	Q0	9264#0	1
4948542#0	Q0	9264#69	0
4948542#0	Q0	84559#46	0
4948542#0	Q0	9264#1	0
4948542#0	Q0	9264#10	0
4948542#0	Q0	9264#42	0
4948542#0	Q0	9264#39	0
4948542#0	Q0	9264#62	0
4948542#0	Q0	9264#67	0
4958710#0	Q0	11352298#0	1
4958710#0	Q0	77239#0	0
4958710#0	Q0	11352298#5	0
4958710#0	Q0	5851948#12	0
4958710#0	Q0	77239#2	0
4958710#0	Q0	3561796#1	0
4958710#0	Q0	77239#1	0
4958710#0	Q0	180368#32	0
4958710#0	Q0	2888384#1	0
4958710#0	Q0	4469393#1	0
4960178#0	Q0	4575905#0	1
4960178#0	Q0	579286#1	1
4960178#0	Q0	4575905#2	1
4960178#0	Q0	2774605#2	0
4960178#0	Q0	4575905#4	0
4960178#0	Q0	4746227#0	0
4960178#0	Q0	1522#60	0
4960178#0	Q0	90346#0	0
4960178#0	Q0	27504#29	0
4960178#0	Q0	1029421#12	0
496656#0	Q0	65874#11	1
496656#0	Q0	14209208#14	0
496656#0	Q0	209185#14	0
496656#0	Q0	3424144#19	0
496656#0	Q0	2232304#24	0
496656#0	Q0	8548695#6	0
496656#0	Q0	3749529#10	0
496656#0	Q0	4833740#20	0
496656#0	Q0	193067#30	0
496656#0	Q0	246198#20	0
4998464#0	Q0	14761#0	1
4998464#0	Q0	14761#45	1
4998464#0	Q0	14761#3	1
4998464#0	Q0	11169610#3	0
4998464#0	Q0	14761#48	0
4998464#0	Q0	3665824#11	0
4998464#0	Q0	14761#49	0
4998464#0	Q0	14761#1	0
4998464#0	Q0	14761#5	0
4998464#0	Q0	14761#9	0
502129#0	Q0	1627760#4	1
502129#0	Q0	41869#0	0
502129#0	Q0	12463291#1	0
502129#0	Q0	41869#38	0
502129#0	Q0	41869#2	0
502129#0	Q0	47817#0	0
502129#0	Q0	41869#19	0
502129#0	Q0	194281#0	0
502129#0	Q0	41869#13	0
502129#0	Q0	79034#0	0
5027421#0	Q0	6295554#5	1
5027421#0	Q0	252751#33	1
5027421#0	Q0	1809#1	0
5027421#0	Q0	8407#3	0
5027421#0	Q0	6295554#4	0
5027421#0	Q0	6792630#8	0
5027421#0	Q0	1508#136	0
5027421#0	Q0	85505#19	0
5027421#0	Q0	9448621#0	0
5027421#0	Q0	9448621#4	0
5030187#0	Q0	13261264#22	1
5030187#0	Q0	3945274#18	1
5030187#0	Q0	3945274#65	0
5030187#0	Q0	8231#40	0
5030187#0	Q0	8231#35	0
5030187#0	Q0	391822#53	0
5030187#0	Q0	8231#0	0
5030187#0	Q0	13255944#5	0
5030187#0	Q0	8231#39	0
5030187#0	Q0	4109906#2	0
5047419#0	Q0	2782969#1	1
5047419#0	Q0	293693#4	0
5047419#0	Q0	293693#0	0
5047419#0	Q0	955330#1	0
5047419#0	Q0	293693#5	0
5047419#0	Q0	719139#1	0
5047419#0	Q0	293693#2	0
5047419#0	Q0	63271#4	0
5047419#0	Q0	1423945#0	0
5047419#0	Q0	6995399#1	0
5050562#0	Q0	5883#0	1
5050562#0	Q0	5883#22	1
5050562#0	Q0	5883#8	0
5050562#0	Q0	5883#67	0
5050562#0	Q0	5883#45	0
5050562#0	Q0	874804#0	0
5050562#0	Q0	13399152#8	0
5050562#0	Q0	3366129#21	0
5050562#0	Q0	14328447#28	0
5050562#0	Q0	1505349#29	0
50570#0	Q0	12797285#9	1
50570#0	Q0	11028524#6	0
50570#0	Q0	3588111#15	0
50570#0	Q0	847599#24	0
50570#0	Q0	313588#82	0
50570#0	Q0	37857#27	0
50570#0	Q0	254949#62	0
50570#0	Q0	384929#1	0
50570#0	Q0	6286739#28	0
50570#0	Q0	6286739#27	0
5062876#0	Q0	170765#0	1
5062876#0	Q0	844336#0	0
5062876#0	Q0	10195647#0	0
5062876#0	Q0	7724589#0	0
5062876#0	Q0	5494596#0	0
5062876#0	Q0	170765#17	0
5062876#0	Q0	11684514#0	0
5062876#0	Q0	170765#34	0
5062876#0	Q0	170765#29	0
5062876#0	Q0	170765#40	0
506288#0	Q0	49655#3	1
506288#0	Q0	5132168#0	0
506288#0	Q0	3753463#1	0
506288#0	Q0	5230500#0	0
506288#0	Q0	7294908#6	0
506288#0	Q0	5159889#0	0
506288#0	Q0	9398671#0	0
506288#0	Q0	6531500#1	0
506288#0	Q0	9400817#0	0
506288#0	Q0	5257679#0	0
5069140#0	Q0	4462930#34	1
5069140#0	Q0	73888#43	1
5069140#0	Q0	9985021#2	0
5069140#0	Q0	261423#51	0
5069140#0	Q0	7558153#2	0
5069140#0	Q0	902370#1	0
5069140#0	Q0	958304#72	0
5069140#0	Q0	14791#1	0
5069140#0	Q0	3767578#8	0
5069140#0	Q0	11054647#24	0
508971#0	Q0	3296985#0	1
508971#0	Q0	298530#0	1
508971#0	Q0	16901#57	1
508971#0	Q0	779232#0	1
508971#0	Q0	1166612#0	0
508971#0	Q0	13749133#38	0
508971#0	Q0	1166436#0	0
508971#0	Q0	6430522#0	0
508971#0	Q0	798027#1	0
508971#0	Q0	29917#0	0
5099103#0	Q0	5099103#1	1
5099103#0	Q0	9861114#6	0
5099103#0	Q0	1202112#6	0
5099103#0	Q0	5998327#7	0
5099103#0	Q0	12277420#4	0
5099103#0	Q0	5099103#0	0
5099103#0	Q0	4534301#1	0
5099103#0	Q0	13724458#15	0
5099103#0	Q0	13485206#2	0
5099103#0	Q0	5917812#8	0
5110219#0	Q0	4297728#0	1
5110219#0	Q0	200969#0	1
5110219#0	Q0	172665#0	1
5110219#0	Q0	3135#177	1
5110219#0	Q0	5725528#14	1
5110219#0	Q0	14433328#0	1
5110219#0	Q0	123940#0	1
5110219#0	Q0	4817190#4	0
5110219#0	Q0	4297728#11	0
5110219#0	Q0	12504276#0	0
51201#0	Q0	126019#2	1
51201#0	Q0	1544747#0	0
51201#0	Q0	1544747#3	0
51201#0	Q0	1544747#4	0
51201#0	Q0	1544747#2	0
51201#0	Q0	1544747#1	0
51201#0	Q0	6712700#8	0
51201#0	Q0	12385347#18	0
51201#0	Q0	7948009#13	0
51201#0	Q0	8863648#8	0
5162129#0	Q0	716068#18	1
5162129#0	Q0	3825888#0	1
5162129#0	Q0	13264571#3	0
5162129#0	Q0	13511511#2	0
5162129#0	Q0	731073#3	0
5162129#0	Q0	736589#0	0
5162129#0	Q0	716068#15	0
5162129#0	Q0	13163621#3	0
5162129#0	Q0	387#103	0
5162129#0	Q0	13726058#16	0
5174376#0	Q0	1206229#2	1
5174376#0	Q0	2929298#16	0
5174376#0	Q0	1206229#53	0
5174376#0	Q0	159537#65	0
5174376#0	Q0	7727#31	0
5174376#0	Q0	11158792#8	0
5174376#0	Q0	9644893#3	0
5174376#0	Q0	14478122#1	0
5174376#0	Q0	7727#212	0
5174376#0	Q0	1548771#11	0
5192#0	Q0	24440#15	1
5192#0	Q0	62746#11	1
5192#0	Q0	1677465#1	0
5192#0	Q0	6721#29	0
5192#0	Q0	226093#2	0
5192#0	Q0	62746#5	0
5192#0	Q0	62746#9	0
5192#0	Q0	226093#3	0
5192#0	Q0	962554#0	0
5192#0	Q0	1031687#3	0
522045#0	Q0	3864649#1	1
522045#0	Q0	406#1	1
522045#0	Q0	4248786#3	1
522045#0	Q0	148735#16	1
522045#0	Q0	14372144#1	0
522045#0	Q0	14142006#0	0
522045#0	Q0	148735#0	0
522045#0	Q0	148735#32	0
522045#0	Q0	219633#2	0
522045#0	Q0	148735#26	0
52495#0	Q0	815713#0	1
52495#0	Q0	81932#39	1
52495#0	Q0	1058788#13	0
52495#0	Q0	72036#0	0
52495#0	Q0	118269#0	0
52495#0	Q0	822369#164	0
52495#0	Q0	154361#0	0
52495#0	Q0	675354#12	0
52495#0	Q0	822369#90	0
52495#0	Q0	796517#12	0
5251652#0	Q0	75088#3	1
5251652#0	Q0	110301#8	1
5251652#0	Q0	75088#2	1
5251652#0	Q0	1444851#6	1
5251652#0	Q0	6605396#0	1
5251652#0	Q0	1175956#4	1
5251652#0	Q0	75088#4	1
5251652#0	Q0	110301#9	0
5251652#0	Q0	3354444#1	0
5251652#0	Q0	3354444#3	0
5260594#0	Q0	835065#2	1
5260594#0	Q0	2499918#2	1
5260594#0	Q0	835065#4	1
5260594#0	Q0	2772011#3	0
5260594#0	Q0	835065#0	0
5260594#0	Q0	835065#7	0
5260594#0	Q0	2772011#5	0
5260594#0	Q0	835065#5	0
5260594#0	Q0	835065#3	0
5260594#0	Q0	835065#9	0
5272813#0	Q0	866122#9	1
5272813#0	Q0	261453#6	0
5272813#0	Q0	14406#10	0
5272813#0	Q0	603476#1	0
5272813#0	Q0	54258#20	0
5272813#0	Q0	603476#23	0
5272813#0	Q0	603405#0	0
5272813#0	Q0	14406#74	0
5272813#0	Q0	4900462#2	0
5272813#0	Q0	54258#4	0
5280623#0	Q0	383#0	1
5280623#0	Q0	383#2	1
5280623#0	Q0	1638633#9	0
5280623#0	Q0	383#1	0
5280623#0	Q0	383#3	0
5280623#0	Q0	13030447#0	0
5280623#0	Q0	7768631#0	0
5280623#0	Q0	6887325#0	0
5280623#0	Q0	6526#0	0
5280623#0	Q0	55584#0	0
5304441#0	Q0	4867337#1	1
5304441#0	Q0	1711041#7	0
5304441#0	Q0	2673416#228	0
5304441#0	Q0	6431#6	0
5304441#0	Q0	304950#1	0
5304441#0	Q0	4867337#0	0
5304441#0	Q0	4521788#1	0
5304441#0	Q0	3739575#0	0
5304441#0	Q0	9470089#3	0
5304441#0	Q0	40732#0	0
530489#0	Q0	4938003#0	1
530489#0	Q0	1097013#0	1
530489#0	Q0	3119828#0	0
530489#0	Q0	1308496#2	0
530489#0	Q0	7876552#3	0
530489#0	Q0	14499952#3	0
530489#0	Q0	10920845#0	0
530489#0	Q0	14502116#2	0
530489#0	Q0	112209#0	0
530489#0	Q0	8015504#11	0
5305780#0	Q0	50915#0	1
5305780#0	Q0	6498976#0	0
5305780#0	Q0	5408098#0	0
5305780#0	Q0	5551428#0	0
5305780#0	Q0	50915#67	0
5305780#0	Q0	13353823#0	0
5305780#0	Q0	50915#84	0
5305780#0	Q0	4120092#0	0
5305780#0	Q0	50915#4	0
5305780#0	Q0	50915#39	0
5312697#0	Q0	11187806#1	1
5312697#0	Q0	11567392#4	0
5312697#0	Q0	12773671#14	0
5312697#0	Q0	13187238#0	0
5312697#0	Q0	12521360#0	0
5312697#0	Q0	12987150#0	0
5312697#0	Q0	7832910#6	0
5312697#0	Q0	12802660#0	0
5312697#0	Q0	5593184#17	0
5312697#0	Q0	13486081#0	0
5315228#0	Q0	13011365#2	1
5315228#0	Q0	7113#36	0
5315228#0	Q0	3025018#0	0
5315228#0	Q0	811924#21	0
5315228#0	Q0	4248491#2	0
5315228#0	Q0	468866#16	0
5315228#0	Q0	13286427#0	0
5315228#0	Q0	13950010#6	0
5315228#0	Q0	5193#20	0
5315228#0	Q0	4224692#27	0
5329189#0	Q0	5686673#0	1
5329189#0	Q0	5719688#0	0
5329189#0	Q0	5719688#6	0
5329189#0	Q0	5719688#3	0
5329189#0	Q0	5719688#8	0
5329189#0	Q0	7228533#0	0
5329189#0	Q0	5719688#2	0
5329189#0	Q0	5719688#7	0
5329189#0	Q0	5753686#2	0
5329189#0	Q0	8323409#0	0
5331234#0	Q0	3525573#18	1
5331234#0	Q0	1766497#0	1
5331234#0	Q0	42717#1	1
5331234#0	Q0	42717#19	1
5331234#0	Q0	548458#24	1
5331234#0	Q0	42717#0	0
5331234#0	Q0	42717#2	0
5331234#0	Q0	1231575#13	0
5331234#0	Q0	42717#15	0
5331234#0	Q0	42717#21	0
5336927#0	Q0	6884#42	1
5336927#0	Q0	131637#37	1
5336927#0	Q0	20143#38	0
5336927#0	Q0	181#307	0
5336927#0	Q0	20143#9	0
5336927#0	Q0	20143#39	0
5336927#0	Q0	20143#0	0
5336927#0	Q0	1038138#5	0
5336927#0	Q0	20143#50	0
5336927#0	Q0	20143#53	0
5347687#0	Q0	1858851#10	1
5347687#0	Q0	1486686#0	0
5347687#0	Q0	445747#1	0
5347687#0	Q0	13158065#55	0
5347687#0	Q0	13224973#1	0
5347687#0	Q0	38720#7	0
5347687#0	Q0	10752656#8	0
5347687#0	Q0	11299#2	0
5347687#0	Q0	6873389#8	0
5347687#0	Q0	8715471#0	0
5358559#0	Q0	2837813#0	1
5358559#0	Q0	1606#0	0
5358559#0	Q0	2884643#0	0
5358559#0	Q0	4948525#0	0
5358559#0	Q0	13020525#0	0
5358559#0	Q0	8571406#0	0
5358559#0	Q0	1606#102	0
5358559#0	Q0	9282261#2	0
5358559#0	Q0	9567225#3	0
5358559#0	Q0	1606#105	0
5363058#0	Q0	5495206#0	1
5363058#0	Q0	5495206#58	1
5363058#0	Q0	10042716#0	0
5363058#0	Q0	5495206#34	0
5363058#0	Q0	5495206#5	0
5363058#0	Q0	2474030#0	0
5363058#0	Q0	5495206#41	0
5363058#0	Q0	5495206#52	0
5363058#0	Q0	5495206#36	0
5363058#0	Q0	573024#87	0
5387004#0	Q0	42749#0	1
5387004#0	Q0	14348374#4	1
5387004#0	Q0	855649#0	0
5387004#0	Q0	42749#4	0
5387004#0	Q0	98097#18	0
5387004#0	Q0	42749#37	0
5387004#0	Q0	98097#0	0
5387004#0	Q0	42749#39	0
5387004#0	Q0	855649#1	0
5387004#0	Q0	42749#46	0
5390627#0	Q0	776823#0	1
5390627#0	Q0	776823#8	1
5390627#0	Q0	13231994#1	0
5390627#0	Q0	8730066#3	0
5390627#0	Q0	2134611#2	0
5390627#0	Q0	9242#1	0
5390627#0	Q0	11302298#0	0
5390627#0	Q0	14620839#1	0
5390627#0	Q0	776823#26	0
5390627#0	Q0	6734429#3	0
539455#0	Q0	2027924#0	1
539455#0	Q0	2027924#184	0
539455#0	Q0	12755507#6	0
539455#0	Q0	2027924#62	0
539455#0	Q0	2027924#185	0
539455#0	Q0	2027924#197	0
539455#0	Q0	2027924#5	0
539455#0	Q0	2027924#182	0
539455#0	Q0	2027924#156	0
539455#0	Q0	2027924#90	0
54441#0	Q0	4099272#1	1
54441#0	Q0	4099272#0	1
54441#0	Q0	4099272#2	0
54441#0	Q0	4099272#11	0
54441#0	Q0	4099272#10	0
54441#0	Q0	4099272#12	0
54441#0	Q0	4099272#6	0
54441#0	Q0	4099272#4	0
54441#0	Q0	9288092#20	0
54441#0	Q0	4099272#14	0
5447903#0	Q0	2165#0	1
5447903#0	Q0	2165#3	0
5447903#0	Q0	2165#7	0
5447903#0	Q0	1647795#2	0
5447903#0	Q0	2165#6	0
5447903#0	Q0	2165#26	0
5447903#0	Q0	2165#17	0
5447903#0	Q0	2165#21	0
5447903#0	Q0	1376#5	0
5447903#0	Q0	9926376#2	0
5452168#0	Q0	45317#8	1
5452168#0	Q0	1263981#3	0
5452168#0	Q0	6380407#3	0
5452168#0	Q0	45317#4	0
5452168#0	Q0	6044233#0	0
5452168#0	Q0	10818407#0	0
5452168#0	Q0	9981555#0	0
5452168#0	Q0	7235763#0	0
5452168#0	Q0	6044238#0	0
5452168#0	Q0	9981556#0	0
5460202#0	Q0	2326865#0	1
5460202#0	Q0	7968#2	1
5460202#0	Q0	1601185#0	0
5460202#0	Q0	1918775#25	0
5460202#0	Q0	7593059#0	0
5460202#0	Q0	351392#51	0
5460202#0	Q0	3050116#0	0
5460202#0	Q0	5431979#0	0
5460202#0	Q0	659191#15	0
5460202#0	Q0	114414#45	0
5488777#0	Q0	13232797#7	1
5488777#0	Q0	7037754#1	1
5488777#0	Q0	12707928#1	0
5488777#0	Q0	7789934#1	0
5488777#0	Q0	992810#2	0
5488777#0	Q0	12707928#0	0
5488777#0	Q0	10293405#1	0
5488777#0	Q0	12491421#0	0
5488777#0	Q0	13203088#1	0
5488777#0	Q0	12585740#0	0
5502469#0	Q0	157080#0	1
5502469#0	Q0	157080#4	1
5502469#0	Q0	3324146#7	1
5502469#0	Q0	155841#0	1
5502469#0	Q0	157080#1	1
5502469#0	Q0	157080#2	0
5502469#0	Q0	157080#8	0
5502469#0	Q0	6370034#3	0
5502469#0	Q0	157080#5	0
5502469#0	Q0	2704198#2	0
5518290#0	Q0	2546#0	1
5518290#0	Q0	56671#8	1
5518290#0	Q0	2546#2	0
5518290#0	Q0	622678#4	0
5518290#0	Q0	95802#6	0
5518290#0	Q0	2546#18	0
5518290#0	Q0	2546#10	0
5518290#0	Q0	2546#3	0
5518290#0	Q0	2546#1	0
5518290#0	Q0	54433#99	0
5522098#0	Q0	5522098#0	1
5522098#0	Q0	5522098#2	1
5522098#0	Q0	5522098#1	0
5522098#0	Q0	11029399#2	0
5522098#0	Q0	14240335#5	0
5522098#0	Q0	13097075#0	0
5522098#0	Q0	10955899#1	0
5522098#0	Q0	14240335#2	0
5522098#0	Q0	5404196#2	0
5522098#0	Q0	13097839#1	0
552420#0	Q0	1229717#0	1
552420#0	Q0	5981674#0	1
552420#0	Q0	449194#4	0
552420#0	Q0	6540083#28	0
552420#0	Q0	6540083#6	0
552420#0	Q0	681159#253	0
552420#0	Q0	144688#3	0
552420#0	Q0	6540083#0	0
552420#0	Q0	5981674#9	0
552420#0	Q0	6540083#36	0
5524458#0	Q0	2458854#13	1
5524458#0	Q0	2458854#2	1
5524458#0	Q0	7522210#4	0
5524458#0	Q0	6652367#0	0
5524458#0	Q0	81658#5	0
5524458#0	Q0	14993#79	0
5524458#0	Q0	305927#0	0
5524458#0	Q0	7522210#8	0
5524458#0	Q0	2458854#0	0
5524458#0	Q0	564724#1	0
5534610#0	Q0	54832#30	1
5534610#0	Q0	145677#12	0
5534610#0	Q0	555670#0	0
5534610#0	Q0	54832#17	0
5534610#0	Q0	54832#37	0
5534610#0	Q0	54832#25	0
5534610#0	Q0	2497492#11	0
5534610#0	Q0	93253#13	0
5534610#0	Q0	906389#0	0
5534610#0	Q0	1619820#6	0
5536114#0	Q0	1665136#0	1
5536114#0	Q0	1665136#3	1
5536114#0	Q0	97433#7	1
5536114#0	Q0	1665136#33	0
5536114#0	Q0	1665136#64	0
5536114#0	Q0	1665136#38	0
5536114#0	Q0	1665136#7	0
5536114#0	Q0	1665136#2	0
5536114#0	Q0	1665136#6	0
5536114#0	Q0	4462930#22	0
5537121#0	Q0	2435#41	1
5537121#0	Q0	20741#0	1
5537121#0	Q0	402748#3	0
5537121#0	Q0	6312832#2	0
5537121#0	Q0	601427#0	0
5537121#0	Q0	8580709#1	0
5537121#0	Q0	20741#20	0
5537121#0	Q0	14266092#1	0
5537121#0	Q0	7420998#2	0
5537121#0	Q0	402748#0	0
5540743#0	Q0	203859#0	1
5540743#0	Q0	746763#0	1
5540743#0	Q0	5371599#13	0
5540743#0	Q0	12204451#1	0
5540743#0	Q0	10694390#0	0
5540743#0	Q0	22929#34	0
5540743#0	Q0	621349#0	0
5540743#0	Q0	637643#0	0
5540743#0	Q0	12204451#21	0
5540743#0	Q0	30777#37	0
555991#0	Q0	17767#37	1
555991#0	Q0	17767#101	0
555991#0	Q0	17767#82	0
555991#0	Q0	17767#31	0
555991#0	Q0	5301785#0	0
555991#0	Q0	17767#105	0
555991#0	Q0	17767#1	0
555991#0	Q0	17767#66	0
555991#0	Q0	55505#0	0
555991#0	Q0	17767#55	0
5571296#0	Q0	104590#0	1
5571296#0	Q0	7475912#1	0
5571296#0	Q0	1931654#5	0
5571296#0	Q0	13075351#0	0
5571296#0	Q0	1092038#15	0
5571296#0	Q0	1931491#18	0
5571296#0	Q0	238777#2	0
5571296#0	Q0	7475912#7	0
5571296#0	Q0	123223#9	0
55810#0	Q0	17767#132	1
55810#0	Q0	17767#78	1
55810#0	Q0	17767#66	1
55810#0	Q0	4042575#3	0
55810#0	Q0	3652051#3	0
55810#0	Q0	1542316#1	0
55810#0	Q0	17767#126	0
55810#0	Q0	17767#44	0
55810#0	Q0	17767#121	0
55810#0	Q0	3634863#19	0
5593441#0	Q0	1858212#17	1
5593441#0	Q0	1101032#24	0
5593441#0	Q0	8993099#9	0
5593441#0	Q0	1101032#6	0
5593441#0	Q0	2768824#12	0
5593441#0	Q0	2768824#14	0
5593441#0	Q0	2768824#16	0
5593441#0	Q0	748870#23	0
5593441#0	Q0	1101032#8	0
5593441#0	Q0	1581740#2	0
560011#0	Q0	1049552#2	1
560011#0	Q0	2859968#0	0
560011#0	Q0	1048605#0	0
560011#0	Q0	1049552#1	0
560011#0	Q0	1049552#0	0
560011#0	Q0	1049552#6	0
560011#0	Q0	1048605#1	0
560011#0	Q0	560011#3	0
560011#0	Q0	5271423#1	0
560011#0	Q0	1049552#3	0
5617660#0	Q0	3115372#0	1
5617660#0	Q0	4994#42	1
5617660#0	Q0	126355#1	1
5617660#0	Q0	254943#163	1
5617660#0	Q0	126355#3	1
5617660#0	Q0	380592#19	0
5617660#0	Q0	3115372#1	0
5617660#0	Q0	126355#0	0
5617660#0	Q0	126355#4	0
5617660#0	Q0	126355#2	0
5627233#0	Q0	72706#4	1
5627233#0	Q0	3183449#24	0
5627233#0	Q0	46542#2	0
5627233#0	Q0	4487842#20	0
5627233#0	Q0	910321#4	0
5627233#0	Q0	14110850#5	0
5627233#0	Q0	72706#7	0
5627233#0	Q0	10168027#25	0
5627233#0	Q0	5826185#4	0
5627233#0	Q0	663438#23	0
5630749#0	Q0	4952055#14	1
5630749#0	Q0	180650#13	0
5630749#0	Q0	2030537#4	0
5630749#0	Q0	635780#11	0
5630749#0	Q0	318408#5	0
5630749#0	Q0	13059797#2	0
5630749#0	Q0	3270865#90	0
5630749#0	Q0	801285#4	0
5630749#0	Q0	592370#4	0
5630749#0	Q0	1197963#19	0
56407#0	Q0	2673416#232	1
56407#0	Q0	10787178#10	0
56407#0	Q0	456032#5	0
56407#0	Q0	304950#28	0
56407#0	Q0	10787178#0	0
56407#0	Q0	7981#28	0
56407#0	Q0	304950#24	0
56407#0	Q0	527650#7	0
56407#0	Q0	6774434#1	0
56407#0	Q0	10787178#6	0
5652144#0	Q0	8852630#3	1
5652144#0	Q0	9239157#5	0
5652144#0	Q0	8852630#7	0
5652144#0	Q0	8852630#0	0
5652144#0	Q0	8852630#5	0
5652144#0	Q0	44792#16	0
5652144#0	Q0	3133091#0	0
5652144#0	Q0	1698529#3	0
5652144#0	Q0	2939#21	0
5652144#0	Q0	8802655#23	0
5652886#0	Q0	27417#7	1
5652886#0	Q0	661927#126	0
5652886#0	Q0	27417#0	0
5652886#0	Q0	27417#2	0
5652886#0	Q0	1234133#2	0
5652886#0	Q0	70104#13	0
5652886#0	Q0	30611#15	0
5652886#0	Q0	3411652#33	0
5652886#0	Q0	27417#10	0
5652886#0	Q0	220670#43	0
5658767#0	Q0	5068#1	1
5658767#0	Q0	13111#3	0
5658767#0	Q0	747#22	0
5658767#0	Q0	68288#10	0
5658767#0	Q0	939696#41	0
5658767#0	Q0	640100#8	0
5658767#0	Q0	1560067#3	0
5658767#0	Q0	1200030#31	0
5658767#0	Q0	1150424#24	0
5658767#0	Q0	2036811#8	0
5663441#0	Q0	7870#10	1
5663441#0	Q0	1493#119	0
5663441#0	Q0	4995095#9	0
5663441#0	Q0	3239392#7	0
5663441#0	Q0	1786748#48	0
5663441#0	Q0	7870#14	0
5663441#0	Q0	400351#19	0
5663441#0	Q0	1396944#4	0
5663441#0	Q0	155615#26	0
5663441#0	Q0	13250111#9	0
5664023#0	Q0	36694#35	1
5664023#0	Q0	335154#4	1
5664023#0	Q0	12011812#51	1
5664023#0	Q0	580593#15	1
5664023#0	Q0	480605#9	0
5664023#0	Q0	13166118#5	0
5664023#0	Q0	12011812#49	0
5664023#0	Q0	26277#16	0
5664023#0	Q0	26277#74	0
5664023#0	Q0	4446521#49	0
5664731#0	Q0	168585#1	1
5664731#0	Q0	934829#0	1
5664731#0	Q0	25099#8	1
5664731#0	Q0	7010950#1	0
5664731#0	Q0	7011583#1	0
5664731#0	Q0	12942157#1	0
5664731#0	Q0	7010950#0	0
5664731#0	Q0	9139901#1	0
5664731#0	Q0	5863508#1	0
5664731#0	Q0	1205745#1	0
5668328#0	Q0	84847#2	1
5668328#0	Q0	5093739#0	1
5668328#0	Q0	84847#0	0
5668328#0	Q0	691201#36	0
5668328#0	Q0	84847#14	0
5668328#0	Q0	84847#8	0
5668328#0	Q0	84847#19	0
5668328#0	Q0	84847#22	0
5668328#0	Q0	84847#15	0
5668328#0	Q0	84847#13	0
5677823#0	Q0	4843946#2	1
5677823#0	Q0	221564#1	0
5677823#0	Q0	154901#126	0
5677823#0	Q0	25099#61	0
5677823#0	Q0	7680727#1	0
5677823#0	Q0	25099#28	0
5677823#0	Q0	7757724#0	0
5677823#0	Q0	168585#7	0
5677823#0	Q0	168585#5	0
5677823#0	Q0	2496277#2	0
56822#0	Q0	6364865#0	1
56822#0	Q0	1148159#28	0
56822#0	Q0	10138283#4	0
56822#0	Q0	14110767#0	0
56822#0	Q0	203169#2	0
56822#0	Q0	5030595#19	0
56822#0	Q0	116190#30	0
56822#0	Q0	6850123#5	0
56822#0	Q0	10194794#18	0
56822#0	Q0	1185746#9	0
5687474#0	Q0	13230671#7	1
5687474#0	Q0	12364035#0	1
5687474#0	Q0	239890#3	1
5687474#0	Q0	13230671#14	0
5687474#0	Q0	4925#71	0
5687474#0	Q0	12067264#43	0
5687474#0	Q0	2551#88	0
5687474#0	Q0	970131#13	0
5687474#0	Q0	9074469#37	0
5687474#0	Q0	3311864#7	0
5705737#0	Q0	3385793#45	1
5705737#0	Q0	1237902#40	1
5705737#0	Q0	1443382#9	0
5705737#0	Q0	24513#9	0
5705737#0	Q0	3917546#146	0
5705737#0	Q0	9263#9	0
5705737#0	Q0	991701#35	0
5705737#0	Q0	12030098#6	0
5705737#0	Q0	9263#6	0
5705737#0	Q0	9888720#7	0
5749145#0	Q0	3139838#53	1
5749145#0	Q0	117925#57	0
5749145#0	Q0	117925#55	0
5749145#0	Q0	117925#91	0
5749145#0	Q0	460976#18	0
5749145#0	Q0	8987105#6	0
5749145#0	Q0	421454#16	0
5749145#0	Q0	421182#10	0
5749145#0	Q0	9114615#8	0
5749145#0	Q0	802781#0	0
5754656#0	Q0	5375712#0	1
5754656#0	Q0	24887#21	0
5754656#0	Q0	24887#9	0
5754656#0	Q0	24887#0	0
5754656#0	Q0	4609981#0	0
5754656#0	Q0	241765#24	0
5754656#0	Q0	24887#13	0
5754656#0	Q0	9234358#13	0
5754656#0	Q0	24887#25	0
5754656#0	Q0	24887#1	0
5761890#0	Q0	1007519#24	1
5761890#0	Q0	5305#67	1
5761890#0	Q0	19639#76	1
5761890#0	Q0	1007519#25	0
5761890#0	Q0	1007519#18	0
5761890#0	Q0	1007519#23	0
5761890#0	Q0	1007519#0	0
5761890#0	Q0	14315849#31	0
5761890#0	Q0	1007519#5	0
5761890#0	Q0	1007519#12	0
5761964#0	Q0	11922393#18	1
5761964#0	Q0	11922393#0	1
5761964#0	Q0	322942#0	0
5761964#0	Q0	11922393#3	0
5761964#0	Q0	11922393#15	0
5761964#0	Q0	11922393#1	0
5761964#0	Q0	1556607#0	0
5761964#0	Q0	11922393#8	0
5761964#0	Q0	11922393#12	0
5761964#0	Q0	11922393#2	0
5765993#0	Q0	1263276#1	1
5765993#0	Q0	342566#3	0
5765993#0	Q0	552214#6	0
5765993#0	Q0	1342391#1	0
5765993#0	Q0	342566#1	0
5765993#0	Q0	1340967#1	0
5765993#0	Q0	1133833#8	0
5765993#0	Q0	342566#4	0
5765993#0	Q0	1263276#2	0
5765993#0	Q0	622100#1	0
5799571#0	Q0	12954473#7	1
5799571#0	Q0	1036307#100	1
5799571#0	Q0	12954473#3	1
5799571#0	Q0	12954473#1	0
5799571#0	Q0	7703218#18	0
5799571#0	Q0	5999597#2	0
5799571#0	Q0	7703218#17	0
5799571#0	Q0	12954473#8	0
5799571#0	Q0	4437751#1	0
5799571#0	Q0	12954473#10	0
5809522#0	Q0	5715564#0	1
5809522#0	Q0	331346#8	0
5809522#0	Q0	4119302#2	0
5809522#0	Q0	4240454#109	0
5809522#0	Q0	4487618#69	0
5809522#0	Q0	4380374#1	0
5809522#0	Q0	4380374#0	0
5809522#0	Q0	4240454#81	0
5809522#0	Q0	4240454#75	0
5809522#0	Q0	64045#57	0
58109#0	Q0	5453#45	1
58109#0	Q0	8033113#0	1
58109#0	Q0	5489051#7	0
58109#0	Q0	111178#4	0
58109#0	Q0	370546#7	0
58109#0	Q0	7119539#12	0
58109#0	Q0	7162696#8	0
58109#0	Q0	2191401#7	0
58109#0	Q0	8033113#1	0
58109#0	Q0	4956719#3	0
5813776#0	Q0	3187827#18	1
5813776#0	Q0	3187827#20	1
5813776#0	Q0	3187827#1	0
5813776#0	Q0	3187827#24	0
5813776#0	Q0	3187827#19	0
5813776#0	Q0	3839768#32	0
5813776#0	Q0	3187827#13	0
5813776#0	Q0	109395#73	0
5813776#0	Q0	3839768#7	0
5813776#0	Q0	3839768#2	0
583400#0	Q0	2403#99	1
583400#0	Q0	18447#0	0
583400#0	Q0	123780#34	0
583400#0	Q0	18447#71	0
583400#0	Q0	249489#113	0
583400#0	Q0	269275#7	0
583400#0	Q0	18447#51	0
583400#0	Q0	13759254#43	0
583400#0	Q0	18447#48	0
583400#0	Q0	2966860#5	0
5840494#0	Q0	132644#33	1
5840494#0	Q0	132644#35	1
5840494#0	Q0	132644#5	1
5840494#0	Q0	132644#37	0
5840494#0	Q0	214657#6	0
5840494#0	Q0	132644#36	0
5840494#0	Q0	132644#34	0
5840494#0	Q0	132644#32	0
5840494#0	Q0	236162#10	0
5840494#0	Q0	165509#30	0
585173#0	Q0	1358#17	1
585173#0	Q0	2704#44	1
585173#0	Q0	117354#4	1
585173#0	Q0	5212325#11	1
585173#0	Q0	1358#15	0
585173#0	Q0	117354#1	0
585173#0	Q0	117354#2	0
585173#0	Q0	117354#11	0
585173#0	Q0	278487#10	0
585173#0	Q0	291449#3	0
5852861#0	Q0	7254110#0	1
5852861#0	Q0	50597#7	1
5852861#0	Q0	2995456#53	1
5852861#0	Q0	7254110#1	0
5852861#0	Q0	7254110#5	0
5852861#0	Q0	2995456#55	0
5852861#0	Q0	2995456#54	0
5852861#0	Q0	7254110#2	0
5852861#0	Q0	621242#3	0
5852861#0	Q0	7254110#6	0
58618#0	Q0	12281156#15	1
58618#0	Q0	10910#9	1
58618#0	Q0	3170#71	1
58618#0	Q0	12022624#3	1
58618#0	Q0	14513043#0	0
58618#0	Q0	3497748#4	0
58618#0	Q0	918398#0	0
58618#0	Q0	91065#9	0
58618#0	Q0	12028184#8	0
58618#0	Q0	3170#59	0
586213#0	Q0	290615#9	1
586213#0	Q0	1012434#47	1
586213#0	Q0	5256266#0	0
586213#0	Q0	290615#29	0
586213#0	Q0	69714#95	0
586213#0	Q0	290615#12	0
586213#0	Q0	1196932#3	0
586213#0	Q0	9680881#6	0
586213#0	Q0	4360319#5	0
586213#0	Q0	6142924#9	0
5865703#0	Q0	548982#4	1
5865703#0	Q0	5134994#4	1
5865703#0	Q0	121263#8	0
5865703#0	Q0	14143570#4	0
5865703#0	Q0	1273606#3	0
5865703#0	Q0	9007864#1	0
5865703#0	Q0	12408019#7	0
5865703#0	Q0	13936002#1	0
5865703#0	Q0	4776664#8	0
5865703#0	Q0	6634435#0	0
5873198#0	Q0	36274#0	1
5873198#0	Q0	36274#69	1
5873198#0	Q0	231950#0	0
5873198#0	Q0	2682528#0	0
5873198#0	Q0	356445#0	0
5873198#0	Q0	231247#0	0
5873198#0	Q0	10801335#0	0
5873198#0	Q0	7933410#0	0
5873198#0	Q0	4307376#0	0
5873198#0	Q0	4153675#3	0
5885221#0	Q0	715048#2	1
5885221#0	Q0	89521#9	1
5885221#0	Q0	10724507#4	1
5885221#0	Q0	715048#0	0
5885221#0	Q0	715048#3	0
5885221#0	Q0	561165#0	0
5885221#0	Q0	561165#3	0
5885221#0	Q0	561165#14	0
5885221#0	Q0	561165#8	0
5885221#0	Q0	561165#2	0
5886091#0	Q0	173759#3	1
5886091#0	Q0	32864#16	1
5886091#0	Q0	32864#17	1
5886091#0	Q0	446448#5	1
5886091#0	Q0	32864#6	0
5886091#0	Q0	3437956#6	0
5886091#0	Q0	11657897#0	0
5886091#0	Q0	2158561#7	0
5886091#0	Q0	2030666#28	0
5886091#0	Q0	4703173#6	0
58884#0	Q0	24441#0	1
58884#0	Q0	1293939#0	1
58884#0	Q0	24441#3	1
58884#0	Q0	24441#2	0
58884#0	Q0	24441#1	0
58884#0	Q0	8057853#2	0
58884#0	Q0	24441#7	0
58884#0	Q0	25647#0	0
58884#0	Q0	8916#41	0
58884#0	Q0	2981338#1	0
5893747#0	Q0	4940486#42	1
5893747#0	Q0	3679005#64	1
5893747#0	Q0	414117#4	0
5893747#0	Q0	30306#25	0
5893747#0	Q0	1443#45	0
5893747#0	Q0	7781666#4	0
5893747#0	Q0	12537#114	0
5893747#0	Q0	1783700#8	0
5893747#0	Q0	5255297#69	0
5893747#0	Q0	5834532#184	0
5927550#0	Q0	285232#2	1
5927550#0	Q0	2800915#0	1
5927550#0	Q0	7636021#1	1
5927550#0	Q0	10857#81	0
5927550#0	Q0	10196746#3	0
5927550#0	Q0	10857#92	0
5927550#0	Q0	2934974#17	0
5927550#0	Q0	132604#67	0
5927550#0	Q0	9974471#20	0
5927550#0	Q0	10857#117	0
5927854#0	Q0	5927854#5	1
5927854#0	Q0	5927854#7	1
5927854#0	Q0	5927854#0	0
5927854#0	Q0	5927854#3	0
5927854#0	Q0	5927854#4	0
5927854#0	Q0	5927550#0	0
5927854#0	Q0	5921562#7	0
5927854#0	Q0	5909977#5	0
5927854#0	Q0	5927854#1	0
5927854#0	Q0	5927854#6	0
5934178#0	Q0	85587#0	1
5934178#0	Q0	85587#31	0
5934178#0	Q0	15042#77	0
5934178#0	Q0	15042#76	0
5934178#0	Q0	85587#12	0
5934178#0	Q0	170076#24	0
5934178#0	Q0	85587#28	0
5934178#0	Q0	85587#30	0
5934178#0	Q0	170076#25	0
5934178#0	Q0	15042#74	0
5938860#0	Q0	9994#20	1
5938860#0	Q0	887596#3	0
5938860#0	Q0	9994#27	0
5938860#0	Q0	2220483#6	0
5938860#0	Q0	14250132#3	0
5938860#0	Q0	14250132#4	0
5938860#0	Q0	6278806#14	0
5938860#0	Q0	2220483#7	0
5938860#0	Q0	2220483#3	0
5938860#0	Q0	14250132#39	0
594768#0	Q0	11819#1	1
594768#0	Q0	4483181#4	0
594768#0	Q0	11819#22	0
594768#0	Q0	3705140#5	0
594768#0	Q0	736372#3	0
594768#0	Q0	3705115#0	0
594768#0	Q0	3705093#0	0
594768#0	Q0	11819#23	0
594768#0	Q0	561815#0	0
594768#0	Q0	561815#2	0
5952400#0	Q0	1445#0	1
5952400#0	Q0	213496#31	1
5952400#0	Q0	7980278#0	0
5952400#0	Q0	4030356#2	0
5952400#0	Q0	4135951#61	0
5952400#0	Q0	1445#3	0
5952400#0	Q0	9245510#3	0
5952400#0	Q0	631978#2	0
5952400#0	Q0	9245510#2	0
5952400#0	Q0	4030356#4	0
595555#0	Q0	12782559#15	1
595555#0	Q0	25425#1	1
595555#0	Q0	12640743#43	0
595555#0	Q0	25425#40	0
595555#0	Q0	13687700#1	0
595555#0	Q0	12782559#16	0
595555#0	Q0	25425#38	0
595555#0	Q0	25425#43	0
595555#0	Q0	4484440#29	0
595555#0	Q0	12782559#36	0
5964422#0	Q0	1000250#27	1
5964422#0	Q0	12061#17	0
5964422#0	Q0	1063340#22	0
5964422#0	Q0	4504895#32	0
5964422#0	Q0	10692725#15	0
5964422#0	Q0	7901417#9	0
5964422#0	Q0	1035697#10	0
5964422#0	Q0	396388#12	0
5964422#0	Q0	63886#8	0
5964422#0	Q0	996299#16	0
5972375#0	Q0	38010#0	1
5972375#0	Q0	12058010#115	0
5972375#0	Q0	916292#0	0
5972375#0	Q0	50561#1	0
5972375#0	Q0	5063615#15	0
5972375#0	Q0	5483508#25	0
5972375#0	Q0	1061962#5	0
5972375#0	Q0	1061962#8	0
5972375#0	Q0	50561#2	0
5972375#0	Q0	11997764#3	0
598206#0	Q0	5985573#0	1
598206#0	Q0	1216738#0	1
598206#0	Q0	1216738#30	0
598206#0	Q0	752654#15	0
598206#0	Q0	1216738#27	0
598206#0	Q0	5985573#1	0
598206#0	Q0	1216738#4	0
598206#0	Q0	6616032#46	0
598206#0	Q0	522234#12	0
598206#0	Q0	5985573#3	0
5988127#0	Q0	270195#10	1
5988127#0	Q0	2494890#241	0
5988127#0	Q0	10749164#9	0
5988127#0	Q0	372034#70	0
5988127#0	Q0	8698440#8	0
5988127#0	Q0	1427363#12	0
5988127#0	Q0	4856569#6	0
5988127#0	Q0	7801548#24	0
5988127#0	Q0	7836165#66	0
5988127#0	Q0	8789503#122	0
599000#0	Q0	6776849#0	1
599000#0	Q0	109654#2	0
599000#0	Q0	13980121#11	0
599000#0	Q0	400258#39	0
599000#0	Q0	109654#3	0
599000#0	Q0	6763023#70	0
599000#0	Q0	13980121#13	0
599000#0	Q0	13985587#11	0
599000#0	Q0	13985587#9	0
599000#0	Q0	5682190#1	0
5994321#0	Q0	5329820#95	1
5994321#0	Q0	17749#23	1
5994321#0	Q0	1094426#10	0
5994321#0	Q0	13409025#17	0
5994321#0	Q0	2976455#25	0
5994321#0	Q0	134432#35	0
5994321#0	Q0	17749#13	0
5994321#0	Q0	9489763#3	0
5994321#0	Q0	4558967#2	0
5994321#0	Q0	7123069#7	0
6013447#0	Q0	27565#133	1
6013447#0	Q0	1299136#64	0
6013447#0	Q0	6093038#2	0
6013447#0	Q0	12464453#3	0
6013447#0	Q0	195598#28	0
6013447#0	Q0	1299136#16	0
6013447#0	Q0	455055#0	0
6013447#0	Q0	4143378#0	0
6013447#0	Q0	31351#258	0
6013447#0	Q0	195186#0	0
601462#0	Q0	35832#32	1
601462#0	Q0	113013#0	1
601462#0	Q0	113013#79	0
601462#0	Q0	113013#81	0
601462#0	Q0	407996#10	0
601462#0	Q0	4564824#0	0
601462#0	Q0	113013#74	0
601462#0	Q0	113013#1	0
601462#0	Q0	5943445#0	0
601462#0	Q0	192215#0	0
6022777#0	Q0	269#0	1
6022777#0	Q0	5925432#3	0
6022777#0	Q0	865409#0	0
6022777#0	Q0	109465#4	0
6022777#0	Q0	678470#0	0
6022777#0	Q0	675487#0	0
6022777#0	Q0	6025002#0	0
6022777#0	Q0	14257754#1	0
6022777#0	Q0	675488#0	0
6022777#0	Q0	675499#1	0
6023311#0	Q0	30403#0	1
6023311#0	Q0	30403#2	0
6023311#0	Q0	30403#55	0
6023311#0	Q0	30403#28	0
6023311#0	Q0	30403#19	0
6023311#0	Q0	30403#48	0
6023311#0	Q0	30403#16	0
6023311#0	Q0	30403#15	0
6023311#0	Q0	30403#49	0
6023311#0	Q0	30403#52	0
6026159#0	Q0	1166#0	1
6026159#0	Q0	9230555#1	1
6026159#0	Q0	1094#50	1
6026159#0	Q0	2862997#2	0
6026159#0	Q0	855660#9	0
6026159#0	Q0	1166#6	0
6026159#0	Q0	258149#12	0
6026159#0	Q0	1166#1	0
6026159#0	Q0	1166#41	0
6026159#0	Q0	1166#5	0
6036264#0	Q0	38738#2	1
6036264#0	Q0	1798479#4	0
6036264#0	Q0	9484739#2	0
6036264#0	Q0	699704#5	0
6036264#0	Q0	6255960#46	0
6036264#0	Q0	224437#11	0
6036264#0	Q0	3462631#16	0
6036264#0	Q0	12581629#16	0
6036264#0	Q0	38738#17	0
6036264#0	Q0	38738#32	0
6036524#0	Q0	1738#28	1
6036524#0	Q0	4102671#3	0
6036524#0	Q0	8220126#3	0
6036524#0	Q0	997967#9	0
6036524#0	Q0	5358134#4	0
6036524#0	Q0	1229278#1	0
6036524#0	Q0	8684501#0	0
6036524#0	Q0	480039#5	0
6036524#0	Q0	81622#0	0
6036524#0	Q0	6878799#14	0
6055314#0	Q0	1279043#0	1
6055314#0	Q0	4752611#0	1
6055314#0	Q0	2871524#16	1
6055314#0	Q0	2871524#3	1
6055314#0	Q0	28718#4	0
6055314#0	Q0	1279043#1	0
6055314#0	Q0	1279043#3	0
6055314#0	Q0	1279043#9	0
6055314#0	Q0	1279043#10	0
6055314#0	Q0	4752611#4	0
6059117#0	Q0	1005719#1	1
6059117#0	Q0	1005719#0	0
6059117#0	Q0	1005719#21	0
6059117#0	Q0	52968#5	0
6059117#0	Q0	1005719#8	0
6059117#0	Q0	1005719#12	0
6059117#0	Q0	1005719#6	0
6059117#0	Q0	1005719#5	0
6059117#0	Q0	1005719#20	0
6059117#0	Q0	1005719#3	0
608348#0	Q0	29015#2	1
608348#0	Q0	9952863#20	0
608348#0	Q0	106043#4	0
608348#0	Q0	6120556#3	0
608348#0	Q0	2774361#19	0
608348#0	Q0	293916#11	0
608348#0	Q0	106043#1	0
608348#0	Q0	1260282#1	0
608348#0	Q0	11081#3	0
608348#0	Q0	5451856#5	0
6084029#0	Q0	14519#3	1
6084029#0	Q0	14519#0	0
6084029#0	Q0	4861517#0	0
6084029#0	Q0	14519#9	0
6084029#0	Q0	1100797#0	0
6084029#0	Q0	14519#13	0
6084029#0	Q0	7964218#0	0
6084029#0	Q0	14519#17	0
6084029#0	Q0	14519#4	0
6084029#0	Q0	14519#6	0
6097224#0	Q0	3519801#50	1
6097224#0	Q0	4396063#31	1
6097224#0	Q0	5452188#5	1
6097224#0	Q0	94882#19	1
6097224#0	Q0	12921678#23	1
6097224#0	Q0	94882#20	0
6097224#0	Q0	156082#13	0
6097224#0	Q0	707348#12	0
6097224#0	Q0	1429296#3	0
6097224#0	Q0	3493174#21	0
6104797#0	Q0	8157500#32	1
6104797#0	Q0	8157500#2	1
6104797#0	Q0	2535#42	1
6104797#0	Q0	12323910#0	0
6104797#0	Q0	11638978#5	0
6104797#0	Q0	8157500#33	0
6104797#0	Q0	8157500#34	0
6104797#0	Q0	8157500#24	0
6104797#0	Q0	213496#32	0
6104797#0	Q0	11128495#9	0
61295#0	Q0	493#137	1
61295#0	Q0	493#177	1
61295#0	Q0	264908#22	0
61295#0	Q0	72078#36	0
61295#0	Q0	4818513#16	0
61295#0	Q0	493#141	0
61295#0	Q0	17258#48	0
61295#0	Q0	3554082#100	0
61295#0	Q0	6959508#14	0
61295#0	Q0	11781398#0	0
613059#0	Q0	84245#42	1
613059#0	Q0	613059#8	1
613059#0	Q0	26635#22	0
613059#0	Q0	392920#24	0
613059#0	Q0	5891521#0	0
613059#0	Q0	613059#7	0
613059#0	Q0	613059#0	0
613059#0	Q0	84245#29	0
613059#0	Q0	613059#4	0
613059#0	Q0	617657#0	0
6145472#0	Q0	135108#4	1
6145472#0	Q0	632555#0	1
6145472#0	Q0	5218226#1	0
6145472#0	Q0	5218226#0	0
6145472#0	Q0	23382#19	0
6145472#0	Q0	8422339#14	0
6145472#0	Q0	5979947#3	0
6145472#0	Q0	10293499#1	0
6145472#0	Q0	695308#1	0
6145472#0	Q0	4227860#6	0
615002#0	Q0	10929477#8	1
615002#0	Q0	10929477#1	1
615002#0	Q0	226706#13	1
615002#0	Q0	672082#17	0
615002#0	Q0	10929477#0	0
615002#0	Q0	13602048#0	0
615002#0	Q0	10929477#16	0
615002#0	Q0	10929477#18	0
615002#0	Q0	10929477#14	0
615002#0	Q0	672082#1	0
6174155#0	Q0	69785#1	1
6174155#0	Q0	129440#21	1
6174155#0	Q0	16669#7	0
6174155#0	Q0	173428#0	0
6174155#0	Q0	749008#6	0
6174155#0	Q0	129440#33	0
6174155#0	Q0	175677#18	0
6174155#0	Q0	5795547#38	0
6174155#0	Q0	175677#6	0
6174155#0	Q0	129440#25	0
6179229#0	Q0	11094#21	1
6179229#0	Q0	1217225#11	1
6179229#0	Q0	2306#35	1
6179229#0	Q0	10377597#13	1
6179229#0	Q0	109043#12	0
6179229#0	Q0	89067#15	0
6179229#0	Q0	11094#2	0
6179229#0	Q0	10308842#9	0
6179229#0	Q0	11094#6	0
6179229#0	Q0	11094#19	0
6207210#0	Q0	13896#0	1
6207210#0	Q0	645729#0	0
6207210#0	Q0	1283918#0	0
6207210#0	Q0	5708750#3	0
6207210#0	Q0	1253964#11	0
6207210#0	Q0	302583#17	0
6207210#0	Q0	100000#1	0
6207210#0	Q0	560111#2	0
6207210#0	Q0	8719028#1	0
6207210#0	Q0	301910#0	0
62189#0	Q0	13568302#1	1
62189#0	Q0	261865#16	0
62189#0	Q0	13568302#0	0
62189#0	Q0	1093218#0	0
62189#0	Q0	1093218#24	0
62189#0	Q0	17762#7	0
62189#0	Q0	17767#0	0
62189#0	Q0	4271230#1	0
62189#0	Q0	3190417#73	0
62189#0	Q0	444840#3	0
6256271#0	Q0	231769#0	1
6256271#0	Q0	13716083#1	0
6256271#0	Q0	149354#0	0
6256271#0	Q0	7480#3	0
6256271#0	Q0	13716083#2	0
6256271#0	Q0	10571103#0	0
6256271#0	Q0	13716083#3	0
6256271#0	Q0	13716083#0	0
6256271#0	Q0	149354#1	0
6256271#0	Q0	7480#10	0
6258170#0	Q0	497340#2	1
6258170#0	Q0	25470#11	1
6258170#0	Q0	2996769#1	0
6258170#0	Q0	1362048#7	0
6258170#0	Q0	12489050#55	0
6258170#0	Q0	504758#8	0
6258170#0	Q0	28584#12	0
6258170#0	Q0	65606#8	0
6258170#0	Q0	9630823#7	0
6258170#0	Q0	9039284#7	0
6258534#0	Q0	4246213#0	1
6258534#0	Q0	5688342#0	0
6258534#0	Q0	5688342#1	0
6258534#0	Q0	82639#0	0
6258534#0	Q0	2438406#0	0
6258534#0	Q0	2642388#39	0
6258534#0	Q0	147347#0	0
6258534#0	Q0	82639#1	0
6258534#0	Q0	5462327#10	0
6258534#0	Q0	2642388#2	0
626481#0	Q0	434#36	1
626481#0	Q0	568939#8	0
626481#0	Q0	568939#21	0
626481#0	Q0	434#2	0
626481#0	Q0	994881#3	0
626481#0	Q0	2760437#1	0
626481#0	Q0	11751989#2	0
626481#0	Q0	568939#4	0
626481#0	Q0	513#4	0
626481#0	Q0	1708#3	0
626840#0	Q0	248558#0	1
626840#0	Q0	3279253#16	1
626840#0	Q0	12107082#1	1
626840#0	Q0	152079#2	0
626840#0	Q0	12957232#0	0
626840#0	Q0	143352#26	0
626840#0	Q0	786#32	0
626840#0	Q0	786#1	0
626840#0	Q0	3833735#3	0
626840#0	Q0	786#161	0
6293667#0	Q0	729869#0	1
6293667#0	Q0	838761#42	1
6293667#0	Q0	2442293#294	1
6293667#0	Q0	729869#2	0
6293667#0	Q0	729869#1	0
6293667#0	Q0	729869#9	0
6293667#0	Q0	729869#14	0
6293667#0	Q0	729869#46	0
6293667#0	Q0	729869#39	0
6293667#0	Q0	729869#23	0
6302008#0	Q0	4940457#10	1
6302008#0	Q0	767916#14	0
6302008#0	Q0	1649387#1	0
6302008#0	Q0	250285#6	0
6302008#0	Q0	10947923#25	0
6302008#0	Q0	659#140	0
6302008#0	Q0	659#146	0
6302008#0	Q0	3428#86	0
6302008#0	Q0	879025#17	0
6302008#0	Q0	10351075#6	0
6315219#0	Q0	3304701#0	1
6315219#0	Q0	1109971#0	1
6315219#0	Q0	154383#4	0
6315219#0	Q0	4311509#2	0
6315219#0	Q0	13682769#7	0
6315219#0	Q0	9029497#5	0
6315219#0	Q0	12551#84	0
6315219#0	Q0	447253#2	0
6315219#0	Q0	154383#127	0
6315219#0	Q0	262358#2	0
632021#0	Q0	232008#0	1
632021#0	Q0	232008#2	1
632021#0	Q0	232008#3	0
632021#0	Q0	232008#17	0
632021#0	Q0	5492145#17	0
632021#0	Q0	3134242#7	0
632021#0	Q0	680505#47	0
632021#0	Q0	467427#26	0
632021#0	Q0	5492145#13	0
632021#0	Q0	232008#14	0
6334077#0	Q0	313793#0	1
6334077#0	Q0	14502161#2	0
6334077#0	Q0	12980327#11	0
6334077#0	Q0	313793#13	0
6334077#0	Q0	313793#14	0
6334077#0	Q0	313793#5	0
6334077#0	Q0	13199320#24	0
6334077#0	Q0	1210#5	0
6334077#0	Q0	1215#11	0
6334077#0	Q0	13199320#36	0
633493#0	Q0	50255#28	1
633493#0	Q0	229320#12	0
633493#0	Q0	5535#24	0
633493#0	Q0	7489908#3	0
633493#0	Q0	50255#37	0
633493#0	Q0	7489908#0	0
633493#0	Q0	2959096#1	0
633493#0	Q0	50255#34	0
633493#0	Q0	50255#20	0
633493#0	Q0	7489908#4	0
633946#0	Q0	117038#0	1
633946#0	Q0	11501312#2	0
633946#0	Q0	39296#37	0
633946#0	Q0	2777228#96	0
633946#0	Q0	7566717#36	0
633946#0	Q0	2338#72	0
633946#0	Q0	10429659#28	0
633946#0	Q0	1135983#5	0
633946#0	Q0	1122#9	0
633946#0	Q0	9924263#71	0
6341689#0	Q0	2974181#12	1
6341689#0	Q0	4636820#2	1
6341689#0	Q0	705352#0	1
6341689#0	Q0	3263550#0	0
6341689#0	Q0	656007#0	0
6341689#0	Q0	3263550#3	0
6341689#0	Q0	784613#0	0
6341689#0	Q0	11081786#2	0
6341689#0	Q0	3263550#1	0
6341689#0	Q0	13021965#0	0
634394#0	Q0	8037924#53	1
634394#0	Q0	3252212#25	0
634394#0	Q0	456999#180	0
634394#0	Q0	9842334#1	0
634394#0	Q0	456999#90	0
634394#0	Q0	9842334#2	0
634394#0	Q0	7795702#60	0
634394#0	Q0	10177925#96	0
634394#0	Q0	7536918#49	0
634394#0	Q0	838868#0	0
6349013#0	Q0	7555#0	1
6349013#0	Q0	9668720#10	0
6349013#0	Q0	7555#36	0
6349013#0	Q0	11734337#4	0
6349013#0	Q0	13431581#4	0
6349013#0	Q0	3048213#4	0
6349013#0	Q0	7555#33	0
6349013#0	Q0	13418766#0	0
6349013#0	Q0	3637601#3	0
6349013#0	Q0	11734337#0	0
63571#0	Q0	86399#0	1
63571#0	Q0	71408#1	1
63571#0	Q0	7290521#45	1
63571#0	Q0	13350287#0	0
63571#0	Q0	86399#1	0
63571#0	Q0	5422911#1	0
63571#0	Q0	1573580#0	0
63571#0	Q0	3541499#0	0
63571#0	Q0	86399#9	0
63571#0	Q0	5422911#0	0
6357780#0	Q0	973648#1	1
6357780#0	Q0	13708#0	1
6357780#0	Q0	13708#2	1
6357780#0	Q0	13708#70	0
6357780#0	Q0	3144781#2	0
6357780#0	Q0	7280216#22	0
6357780#0	Q0	34801#3	0
6357780#0	Q0	944562#15	0
6357780#0	Q0	16705#73	0
6357780#0	Q0	1042159#55	0
6361913#0	Q0	1277338#2	1
6361913#0	Q0	1277338#1	1
6361913#0	Q0	1277338#0	0
6361913#0	Q0	107885#12	0
6361913#0	Q0	12214704#1	0
6361913#0	Q0	2937657#5	0
6361913#0	Q0	148152#14	0
6361913#0	Q0	5580065#0	0
6361913#0	Q0	5315140#1	0
6361913#0	Q0	5721444#0	0
6363518#0	Q0	819042#6	1
6363518#0	Q0	4860#5	0
6363518#0	Q0	19275#10	0
6363518#0	Q0	264775#3	0
6363518#0	Q0	2673416#301	0
6363518#0	Q0	1967605#0	0
6363518#0	Q0	4860#22	0
6363518#0	Q0	141470#1	0
6363518#0	Q0	325495#1	0
6363518#0	Q0	4410261#17	0
6368373#0	Q0	52513#22	1
6368373#0	Q0	52513#21	0
6368373#0	Q0	7906786#38	0
6368373#0	Q0	7906786#2	0
6368373#0	Q0	7104735#1	0
6368373#0	Q0	7906786#34	0
6368373#0	Q0	6451177#2	0
6368373#0	Q0	9547416#6	0
6368373#0	Q0	2023773#2	0
6368373#0	Q0	9547416#5	0
6391801#0	Q0	6391801#4	1
6391801#0	Q0	6391801#6	1
6391801#0	Q0	6391801#3	0
6391801#0	Q0	6391801#8	0
6391801#0	Q0	6391801#0	0
6391801#0	Q0	6391801#11	0
6391801#0	Q0	6391801#2	0
6391801#0	Q0	6391801#7	0
6391801#0	Q0	6391801#10	0
6391801#0	Q0	6391801#12	0
6399077#0	Q0	140469#9	1
6399077#0	Q0	140469#0	1
6399077#0	Q0	140469#10	1
6399077#0	Q0	6913554#66	1
6399077#0	Q0	3111#21	0
6399077#0	Q0	140469#5	0
6399077#0	Q0	8324589#15	0
6399077#0	Q0	3111#11	0
6399077#0	Q0	2549#18	0
6399077#0	Q0	81268#0	0
6407947#0	Q0	11722175#44	1
6407947#0	Q0	46104#35	1
6407947#0	Q0	1779274#18	0
6407947#0	Q0	3648203#11	0
6407947#0	Q0	41561#65	0
6407947#0	Q0	120821#7	0
6407947#0	Q0	619960#1	0
6407947#0	Q0	12489673#1	0
6407947#0	Q0	7830796#24	0
6407947#0	Q0	13271712#2	0
6411870#0	Q0	13785774#15	1
6411870#0	Q0	883189#0	0
6411870#0	Q0	5476251#5	0
6411870#0	Q0	10501651#1	0
6411870#0	Q0	8126758#2	0
6411870#0	Q0	109395#10	0
6411870#0	Q0	26111#5	0
6411870#0	Q0	658166#6	0
6411870#0	Q0	1166250#5	0
6411870#0	Q0	325877#11	0
6426378#0	Q0	2275#0	1
6426378#0	Q0	126328#17	0
6426378#0	Q0	126328#12	0
6426378#0	Q0	7109531#0	0
6426378#0	Q0	126328#25	0
6426378#0	Q0	2275#10	0
6426378#0	Q0	12473510#0	0
6426378#0	Q0	13348413#0	0
6426378#0	Q0	126328#10	0
6426378#0	Q0	7109950#0	0
6429622#0	Q0	2732047#9	1
6429622#0	Q0	10523951#5	1
6429622#0	Q0	467646#5	0
6429622#0	Q0	2732047#7	0
6429622#0	Q0	467646#21	0
6429622#0	Q0	467646#1	0
6429622#0	Q0	467646#4	0
6429622#0	Q0	2732047#10	0
6429622#0	Q0	467646#26	0
6429622#0	Q0	2732047#15	0
6432833#0	Q0	56005#0	1
6432833#0	Q0	56005#31	1
6432833#0	Q0	56005#27	1
6432833#0	Q0	56005#34	0
6432833#0	Q0	56005#35	0
6432833#0	Q0	56005#30	0
6432833#0	Q0	56005#1	0
6432833#0	Q0	56005#29	0
6432833#0	Q0	56005#13	0
6432833#0	Q0	56005#40	0
6439278#0	Q0	6439278#1	1
6439278#0	Q0	119028#1	0
6439278#0	Q0	732368#3	0
6439278#0	Q0	28765#0	0
6439278#0	Q0	6439278#3	0
6439278#0	Q0	6439303#0	0
6439278#0	Q0	6439278#0	0
6439278#0	Q0	28765#38	0
6439278#0	Q0	249564#2	0
6439278#0	Q0	5118298#2	0
644214#0	Q0	105022#0	1
644214#0	Q0	105022#1	1
644214#0	Q0	105022#13	0
644214#0	Q0	105022#14	0
644214#0	Q0	105022#57	0
644214#0	Q0	105022#55	0
644214#0	Q0	105022#63	0
644214#0	Q0	105022#75	0
644214#0	Q0	105022#8	0
644214#0	Q0	105022#25	0
6447574#0	Q0	2639422#0	1
6447574#0	Q0	2639422#14	1
6447574#0	Q0	605810#4	0
6447574#0	Q0	2639422#13	0
6447574#0	Q0	2639422#10	0
6447574#0	Q0	2639422#2	0
6447574#0	Q0	2639422#12	0
6447574#0	Q0	7603386#7	0
6447574#0	Q0	2639422#8	0
6447574#0	Q0	127105#85	0
6451994#0	Q0	208852#5	1
6451994#0	Q0	644987#7	0
6451994#0	Q0	748530#8	0
6451994#0	Q0	367182#19	0
6451994#0	Q0	208852#1	0
6451994#0	Q0	43074#26	0
6451994#0	Q0	43074#0	0
6451994#0	Q0	12732893#1	0
6451994#0	Q0	208852#0	0
6451994#0	Q0	4232203#5	0
6459670#0	Q0	5800388#4	1
6459670#0	Q0	5800388#0	1
6459670#0	Q0	136311#0	1
6459670#0	Q0	129216#123	0
6459670#0	Q0	129216#128	0
6459670#0	Q0	136311#2	0
6459670#0	Q0	10898167#3	0
6459670#0	Q0	6805893#8	0
6459670#0	Q0	10898167#1	0
6459670#0	Q0	1083441#0	0
6463576#0	Q0	4685519#49	1
6463576#0	Q0	6463576#1	0
6463576#0	Q0	4685519#99	0
6463576#0	Q0	5442962#23	0
6463576#0	Q0	4685519#44	0
6463576#0	Q0	12744749#5	0
6463576#0	Q0	4685519#69	0
6463576#0	Q0	14370747#2	0
6463576#0	Q0	4685519#93	0
6463576#0	Q0	6463576#6	0
6471387#0	Q0	4939#11	1
6471387#0	Q0	166143#0	1
6471387#0	Q0	866122#8	0
6471387#0	Q0	566159#11	0
6471387#0	Q0	606599#7	0
6471387#0	Q0	606599#1	0
6471387#0	Q0	2604127#7	0
6471387#0	Q0	10932762#3	0
6471387#0	Q0	606599#6	0
6471387#0	Q0	8529732#24	0
6487706#0	Q0	1269799#17	1
6487706#0	Q0	5818079#1	0
6487706#0	Q0	1269799#28	0
6487706#0	Q0	1269799#34	0
6487706#0	Q0	1269799#15	0
6487706#0	Q0	6064314#8	0
6487706#0	Q0	1874688#1	0
6487706#0	Q0	1816312#1	0
6487706#0	Q0	1336365#21	0
6487706#0	Q0	9654538#11	0
649492#0	Q0	1668599#23	1
649492#0	Q0	1668599#24	1
649492#0	Q0	979262#1	0
649492#0	Q0	979262#5	0
649492#0	Q0	979262#2	0
649492#0	Q0	1668599#11	0
649492#0	Q0	979262#6	0
649492#0	Q0	979262#4	0
649492#0	Q0	979111#3	0
649492#0	Q0	310027#3	0
649723#0	Q0	8594438#37	1
649723#0	Q0	70179#0	1
649723#0	Q0	1228765#0	1
649723#0	Q0	7797#153	1
649723#0	Q0	7797#152	0
649723#0	Q0	7797#155	0
649723#0	Q0	5463060#4	0
649723#0	Q0	10081999#17	0
649723#0	Q0	421106#0	0
649723#0	Q0	421106#2	0
6497616#0	Q0	41821#0	1
6497616#0	Q0	11000#41	1
6497616#0	Q0	11000#2	0
6497616#0	Q0	11000#1	0
6497616#0	Q0	11000#40	0
6497616#0	Q0	13786882#112	0
6497616#0	Q0	4284079#27	0
6497616#0	Q0	4543955#14	0
6497616#0	Q0	2798987#4	0
6497616#0	Q0	7092436#44	0
6499602#0	Q0	7208#0	1
6499602#0	Q0	7208#75	1
6499602#0	Q0	718595#1	0
6499602#0	Q0	107500#0	0
6499602#0	Q0	718595#0	0
6499602#0	Q0	7208#50	0
6499602#0	Q0	718595#2	0
6499602#0	Q0	7208#26	0
6499602#0	Q0	11185448#1	0
6499602#0	Q0	821775#0	0
6504109#0	Q0	1123728#4	1
6504109#0	Q0	177866#1	0
6504109#0	Q0	452434#7	0
6504109#0	Q0	2979701#12	0
6504109#0	Q0	842307#2	0
6504109#0	Q0	415422#3	0
6504109#0	Q0	332078#2	0
6504109#0	Q0	3356698#72	0
6504109#0	Q0	339442#2	0
6504109#0	Q0	9008244#1	0
650426#0	Q0	1631035#2	1
650426#0	Q0	152174#0	0
650426#0	Q0	11865729#6	0
650426#0	Q0	4051837#0	0
650426#0	Q0	11094152#10	0
650426#0	Q0	4065993#9	0
650426#0	Q0	365997#28	0
650426#0	Q0	1799489#0	0
650426#0	Q0	31356#16	0
650426#0	Q0	1631035#1	0
6509110#0	Q0	253997#6	1
6509110#0	Q0	9765128#0	0
6509110#0	Q0	6954563#2	0
6509110#0	Q0	253997#7	0
6509110#0	Q0	10743700#3	0
6509110#0	Q0	253997#5	0
6509110#0	Q0	13636269#9	0
6509110#0	Q0	6970167#6	0
6509110#0	Q0	411837#24	0
6509110#0	Q0	6954563#3	0
6509855#0	Q0	13244995#0	1
6509855#0	Q0	3573292#67	1
6509855#0	Q0	99473#29	0
6509855#0	Q0	94349#64	0
6509855#0	Q0	49580#2	0
6509855#0	Q0	227141#13	0
6509855#0	Q0	4493845#1	0
6509855#0	Q0	1873791#30	0
6509855#0	Q0	84341#47	0
6509855#0	Q0	99473#1	0
6517576#0	Q0	231769#0	1
6517576#0	Q0	1212393#0	0
6517576#0	Q0	7222857#0	0
6517576#0	Q0	13716083#0	0
6517576#0	Q0	7570#24	0
6517576#0	Q0	205720#0	0
6517576#0	Q0	10571103#1	0
6517576#0	Q0	13613405#0	0
6517576#0	Q0	6762680#0	0
6517576#0	Q0	6523870#0	0
6521586#0	Q0	1665715#0	1
6521586#0	Q0	4841285#0	1
6521586#0	Q0	4481793#0	0
6521586#0	Q0	27498#1	0
6521586#0	Q0	3234438#7	0
6521586#0	Q0	26257#0	0
6521586#0	Q0	4481793#2	0
6521586#0	Q0	3234438#3	0
6521586#0	Q0	3234438#44	0
6521586#0	Q0	26257#62	0
6522308#0	Q0	8837655#2	1
6522308#0	Q0	8837655#163	0
6522308#0	Q0	8837655#160	0
6522308#0	Q0	8837655#148	0
6522308#0	Q0	569830#7	0
6522308#0	Q0	8837655#208	0
6522308#0	Q0	8837655#92	0
6522308#0	Q0	64302#1	0
6522308#0	Q0	64302#3	0
6522308#0	Q0	9645689#0	0
6523217#0	Q0	42692#141	1
6523217#0	Q0	42692#139	1
6523217#0	Q0	42692#154	0
6523217#0	Q0	42692#103	0
6523217#0	Q0	42692#156	0
6523217#0	Q0	42692#50	0
6523217#0	Q0	42692#52	0
6523217#0	Q0	4345111#0	0
6523217#0	Q0	42692#153	0
6523217#0	Q0	4345111#3	0
652917#0	Q0	2381432#18	1
652917#0	Q0	57105#5	1
652917#0	Q0	55398#0	1
652917#0	Q0	450419#4	0
652917#0	Q0	1452764#6	0
652917#0	Q0	265491#1	0
652917#0	Q0	450419#7	0
652917#0	Q0	9935938#13	0
652917#0	Q0	59639#8	0
652917#0	Q0	6954164#2	0
6546023#0	Q0	6707976#5	1
6546023#0	Q0	940009#1	0
6546023#0	Q0	1322834#0	0
6546023#0	Q0	4920#24	0
6546023#0	Q0	6586564#12	0
6546023#0	Q0	113565#7	0
6546023#0	Q0	113565#4	0
6546023#0	Q0	3677365#69	0
6546023#0	Q0	940009#0	0
6546023#0	Q0	3403563#2	0
65585#0	Q0	57420#0	1
65585#0	Q0	8238891#0	0
65585#0	Q0	57420#2	0
65585#0	Q0	8250975#0	0
65585#0	Q0	152989#0	0
65585#0	Q0	49380#7	0
65585#0	Q0	411702#11	0
65585#0	Q0	8238893#0	0
65585#0	Q0	36069#8	0
65585#0	Q0	57420#4	0
658645#0	Q0	149814#13	1
658645#0	Q0	1375335#3	0
658645#0	Q0	4754430#3	0
658645#0	Q0	149814#21	0
658645#0	Q0	11609643#3	0
658645#0	Q0	149814#0	0
658645#0	Q0	11537105#9	0
658645#0	Q0	992694#1	0
658645#0	Q0	1375335#4	0
658645#0	Q0	1056217#16	0
660453#0	Q0	359144#0	1
660453#0	Q0	359144#45	1
660453#0	Q0	8305230#0	0
660453#0	Q0	359144#69	0
660453#0	Q0	359144#59	0
660453#0	Q0	359144#61	0
660453#0	Q0	359144#21	0
660453#0	Q0	359144#60	0
660453#0	Q0	359144#32	0
660453#0	Q0	359144#70	0
6605067#0	Q0	1664930#34	1
6605067#0	Q0	2708678#0	0
6605067#0	Q0	2708678#19	0
6605067#0	Q0	2708678#18	0
6605067#0	Q0	2708678#1	0
6605067#0	Q0	2708678#7	0
6605067#0	Q0	1219912#162	0
6605067#0	Q0	650911#116	0
6605067#0	Q0	209327#4	0
6605067#0	Q0	1157686#1	0
6617270#0	Q0	25773#2	1
6617270#0	Q0	3384937#1	1
6617270#0	Q0	723254#0	0
6617270#0	Q0	25773#3	0
6617270#0	Q0	8660484#14	0
6617270#0	Q0	5533912#1	0
6617270#0	Q0	25773#0	0
6617270#0	Q0	13102535#5	0
6617270#0	Q0	249564#13	0
6617270#0	Q0	7129010#1	0
66254#0	Q0	66438#31	1
66254#0	Q0	10058926#2	0
66254#0	Q0	66438#29	0
66254#0	Q0	371363#7	0
66254#0	Q0	7542888#3	0
66254#0	Q0	4340221#74	0
66254#0	Q0	66438#30	0
66254#0	Q0	4918010#5	0
66254#0	Q0	990190#30	0
66254#0	Q0	4340221#57	0
663120#0	Q0	13437771#18	1
663120#0	Q0	370598#2	1
663120#0	Q0	9874030#1	0
663120#0	Q0	9934420#1	0
663120#0	Q0	276583#4	0
663120#0	Q0	681236#1	0
663120#0	Q0	415528#2	0
663120#0	Q0	6600275#3	0
663120#0	Q0	1272298#5	0
663120#0	Q0	664526#0	0
6648612#0	Q0	12306#51	1
6648612#0	Q0	145416#3	1
6648612#0	Q0	157178#3	0
6648612#0	Q0	12306#62	0
6648612#0	Q0	8443875#1	0
6648612#0	Q0	157178#12	0
6648612#0	Q0	12306#72	0
6648612#0	Q0	157178#11	0
6648612#0	Q0	12306#28	0
6648612#0	Q0	1231882#29	0
6663664#0	Q0	151763#0	1
6663664#0	Q0	52756#5	0
6663664#0	Q0	179564#3	0
6663664#0	Q0	448961#15	0
6663664#0	Q0	327085#4	0
6663664#0	Q0	79927#13	0
6663664#0	Q0	466088#0	0
6663664#0	Q0	722483#2	0
6663664#0	Q0	448961#24	0
6663664#0	Q0	3890522#2	0
667233#0	Q0	83713#6	1
667233#0	Q0	77030#0	1
667233#0	Q0	71465#59	0
667233#0	Q0	1152137#37	0
667233#0	Q0	5819269#21	0
667233#0	Q0	1901465#8	0
667233#0	Q0	2724374#2	0
667233#0	Q0	11098#0	0
667233#0	Q0	71465#50	0
667233#0	Q0	77030#7	0
6716453#0	Q0	17834#0	1
6716453#0	Q0	17834#17	1
6716453#0	Q0	13776779#7	0
6716453#0	Q0	17834#4	0
6716453#0	Q0	13768455#11	0
6716453#0	Q0	6989159#6	0
6716453#0	Q0	17834#16	0
6716453#0	Q0	618247#5	0
6716453#0	Q0	17834#12	0
6716453#0	Q0	44792#9	0
6718336#0	Q0	7435#41	1
6718336#0	Q0	7435#8	1
6718336#0	Q0	7435#18	0
6718336#0	Q0	7437#26	0
6718336#0	Q0	11127522#10	0
6718336#0	Q0	7435#46	0
6718336#0	Q0	3547249#0	0
6718336#0	Q0	7437#25	0
6718336#0	Q0	6774130#5	0
6718336#0	Q0	7437#23	0
6719223#0	Q0	1593#47	1
6719223#0	Q0	21383#7	1
6719223#0	Q0	4032116#49	1
6719223#0	Q0	4153617#3	0
6719223#0	Q0	2993920#0	0
6719223#0	Q0	2327#11	0
6719223#0	Q0	21383#8	0
6719223#0	Q0	4310#1	0
6719223#0	Q0	833542#5	0
6719223#0	Q0	4310#7	0
67227#0	Q0	6118590#0	1
67227#0	Q0	1992673#1	0
67227#0	Q0	3892714#0	0
67227#0	Q0	1128#125	0
67227#0	Q0	5881273#4	0
67227#0	Q0	1992673#8	0
67227#0	Q0	1992673#7	0
67227#0	Q0	1128#73	0
67227#0	Q0	1128#123	0
67227#0	Q0	1992673#2	0
673262#0	Q0	91869#16	1
673262#0	Q0	1257651#23	1
673262#0	Q0	114844#2	1
673262#0	Q0	60093#10	1
673262#0	Q0	6113383#0	0
673262#0	Q0	6113363#0	0
673262#0	Q0	2950223#1	0
673262#0	Q0	1038458#11	0
673262#0	Q0	203124#1	0
673262#0	Q0	610674#0	0
673437#0	Q0	4167800#44	1
673437#0	Q0	10162464#47	0
673437#0	Q0	691389#10	0
673437#0	Q0	3797718#28	0
673437#0	Q0	4948050#4	0
673437#0	Q0	2555468#11	0
673437#0	Q0	275483#13	0
673437#0	Q0	2902538#33	0
673437#0	Q0	214731#6	0
673437#0	Q0	2103957#2	0
6738652#0	Q0	493290#3	1
6738652#0	Q0	2757#0	0
6738652#0	Q0	8687571#6	0
6738652#0	Q0	1191278#19	0
6738652#0	Q0	14230149#2	0
6738652#0	Q0	597713#31	0
6738652#0	Q0	2757#4	0
6738652#0	Q0	7205487#16	0
6738652#0	Q0	10926993#2	0
6738652#0	Q0	14195278#1	0
6745005#0	Q0	244245#0	1
6745005#0	Q0	10678296#11	0
6745005#0	Q0	582388#32	0
6745005#0	Q0	145105#10	0
6745005#0	Q0	244245#1	0
6745005#0	Q0	13488144#0	0
6745005#0	Q0	9333705#4	0
6745005#0	Q0	244245#7	0
6745005#0	Q0	14328394#1	0
6745005#0	Q0	10488809#3	0
6765628#0	Q0	2560#0	1
6765628#0	Q0	1593#117	1
6765628#0	Q0	4516100#20	1
6765628#0	Q0	2560#3	0
6765628#0	Q0	2560#21	0
6765628#0	Q0	2560#17	0
6765628#0	Q0	2560#22	0
6765628#0	Q0	14584130#1	0
6765628#0	Q0	245088#71	0
6765628#0	Q0	2560#11	0
6813734#0	Q0	113862#1	1
6813734#0	Q0	75979#0	1
6813734#0	Q0	75979#3	0
6813734#0	Q0	12864355#7	0
6813734#0	Q0	12864355#0	0
6813734#0	Q0	12864355#3	0
6813734#0	Q0	75979#15	0
6813734#0	Q0	75979#5	0
6813734#0	Q0	777766#5	0
6813734#0	Q0	49495#48	0
681566#0	Q0	49436#4	1
681566#0	Q0	49436#41	1
681566#0	Q0	4701387#35	0
681566#0	Q0	49436#19	0
681566#0	Q0	9353168#3	0
681566#0	Q0	13040106#3	0
681566#0	Q0	125884#1	0
681566#0	Q0	49436#6	0
681566#0	Q0	12812097#3	0
681566#0	Q0	678770#12	0
68205#0	Q0	3075261#102	1
68205#0	Q0	3865930#5	0
68205#0	Q0	2420#5	0
68205#0	Q0	549044#4	0
68205#0	Q0	150628#0	0
68205#0	Q0	2420#88	0
68205#0	Q0	2420#48	0
68205#0	Q0	2434#32	0
68205#0	Q0	2434#17	0
68205#0	Q0	1025315#39	0
6822138#0	Q0	1175676#2	1
6822138#0	Q0	2225#29	1
6822138#0	Q0	3827510#2	1
6822138#0	Q0	8443054#3	1
6822138#0	Q0	6312852#3	1
6822138#0	Q0	20860#49	0
6822138#0	Q0	1893#103	0
6822138#0	Q0	1799344#3	0
6822138#0	Q0	6181807#3	0
6822138#0	Q0	1610509#1	0
68343#0	Q0	3594863#1	1
68343#0	Q0	1255786#112	1
68343#0	Q0	1960502#18	1
68343#0	Q0	114874#13	0
68343#0	Q0	172104#14	0
68343#0	Q0	1611437#0	0
68343#0	Q0	11635986#3	0
68343#0	Q0	1189577#1	0
68343#0	Q0	1195382#1	0
68343#0	Q0	208661#54	0
68393#0	Q0	4728120#0	1
68393#0	Q0	4728120#2	1
68393#0	Q0	4728120#1	0
68393#0	Q0	4728120#6	0
68393#0	Q0	4728120#8	0
68393#0	Q0	4728120#5	0
68393#0	Q0	1663508#8	0
68393#0	Q0	4728120#7	0
68393#0	Q0	4728120#4	0
68393#0	Q0	5685400#4	0
6844918#0	Q0	13917799#3	1
6844918#0	Q0	5887903#0	0
6844918#0	Q0	14362515#0	0
6844918#0	Q0	14675862#49	0
6844918#0	Q0	5887903#15	0
6844918#0	Q0	5887903#7	0
6844918#0	Q0	11385289#0	0
6844918#0	Q0	13917799#0	0
6844918#0	Q0	13917799#1	0
6844918#0	Q0	5887903#12	0
6862292#0	Q0	6780143#0	1
6862292#0	Q0	87802#4	0
6862292#0	Q0	6728529#0	0
6862292#0	Q0	3209829#27	0
6862292#0	Q0	208536#3	0
6862292#0	Q0	6615128#0	0
6862292#0	Q0	6736206#0	0
6862292#0	Q0	4504933#7	0
6862292#0	Q0	54420#12	0
6862292#0	Q0	66647#21	0
686396#0	Q0	7136#6	1
686396#0	Q0	7136#35	0
686396#0	Q0	4595290#7	0
686396#0	Q0	138255#55	0
686396#0	Q0	7136#177	0
686396#0	Q0	1423203#13	0
686396#0	Q0	4595244#1	0
686396#0	Q0	9795200#94	0
686396#0	Q0	7136#19	0
686396#0	Q0	55647#21	0
68762#0	Q0	42335#40	1
68762#0	Q0	6002172#9	1
68762#0	Q0	1464127#11	0
68762#0	Q0	1076203#4	0
68762#0	Q0	1797715#8	0
68762#0	Q0	1464127#3	0
68762#0	Q0	4212556#15	0
68762#0	Q0	14245723#146	0
68762#0	Q0	72285#84	0
68762#0	Q0	1079521#15	0
6876444#0	Q0	142104#32	1
6876444#0	Q0	3030967#0	1
6876444#0	Q0	7569290#68	0
6876444#0	Q0	512223#3	0
6876444#0	Q0	4095409#40	0
6876444#0	Q0	1098747#8	0
6876444#0	Q0	5638907#7	0
6876444#0	Q0	10698184#99	0
6876444#0	Q0	5062232#12	0
6876444#0	Q0	1270879#0	0
6900950#0	Q0	140063#7	1
6900950#0	Q0	140063#0	1
6900950#0	Q0	140063#5	1
6900950#0	Q0	10771939#0	0
6900950#0	Q0	5423014#3	0
6900950#0	Q0	140063#11	0
6900950#0	Q0	3858039#1	0
6900950#0	Q0	140063#4	0
6900950#0	Q0	140063#13	0
6900950#0	Q0	5423014#1	0
691178#0	Q0	13199320#5	1
691178#0	Q0	13756208#7	1
691178#0	Q0	13510566#4	0
691178#0	Q0	13553479#8	0
691178#0	Q0	38987#33	0
691178#0	Q0	13510566#9	0
691178#0	Q0	14402221#0	0
691178#0	Q0	14255656#5	0
691178#0	Q0	13288747#19	0
691178#0	Q0	14447293#4	0
6939858#0	Q0	6754611#2	1
6939858#0	Q0	6939858#0	0
6939858#0	Q0	822#49	0
6939858#0	Q0	6939858#3	0
6939858#0	Q0	8762700#0	0
6939858#0	Q0	6918878#4	0
6939858#0	Q0	2030239#1	0
6939858#0	Q0	14545947#0	0
6939858#0	Q0	7734204#11	0
6939858#0	Q0	11546027#2	0
6940830#0	Q0	8305062#0	1
6940830#0	Q0	2270#37	1
6940830#0	Q0	8305062#2	1
6940830#0	Q0	991124#1	0
6940830#0	Q0	197498#0	0
6940830#0	Q0	13094079#0	0
6940830#0	Q0	8305062#4	0
6940830#0	Q0	2721579#0	0
6940830#0	Q0	6008023#0	0
6940830#0	Q0	8305062#3	0
694281#0	Q0	173383#7	1
694281#0	Q0	145026#13	0
694281#0	Q0	173383#13	0
694281#0	Q0	694281#0	0
694281#0	Q0	173383#10	0
694281#0	Q0	3935194#1	0
694281#0	Q0	1510#55	0
694281#0	Q0	12360209#9	0
694281#0	Q0	5958631#0	0
694281#0	Q0	142132#0	0
6948128#0	Q0	63790#0	1
6948128#0	Q0	63790#17	1
6948128#0	Q0	63790#2	0
6948128#0	Q0	63790#21	0
6948128#0	Q0	171581#24	0
6948128#0	Q0	1680288#4	0
6948128#0	Q0	63790#16	0
6948128#0	Q0	63790#11	0
6948128#0	Q0	50501#1	0
6948128#0	Q0	627791#0	0
6969585#0	Q0	1095#184	1
6969585#0	Q0	681159#355	1
6969585#0	Q0	681159#208	1
6969585#0	Q0	36857#4	1
6969585#0	Q0	402485#2	0
6969585#0	Q0	2972390#8	0
6969585#0	Q0	3219903#2	0
6969585#0	Q0	36857#330	0
6969585#0	Q0	1606621#18	0
6969585#0	Q0	30682#45	0
6970053#0	Q0	64257#106	1
6970053#0	Q0	279760#18	1
6970053#0	Q0	10546082#80	1
6970053#0	Q0	64257#2	0
6970053#0	Q0	64257#123	0
6970053#0	Q0	8045474#53	0
6970053#0	Q0	8045474#137	0
6970053#0	Q0	64257#49	0
6970053#0	Q0	6970053#10	0
6970053#0	Q0	3617475#21	0
7010775#0	Q0	1542099#9	1
7010775#0	Q0	3499#29	1
7010775#0	Q0	3133208#3	0
7010775#0	Q0	909118#22	0
7010775#0	Q0	3133208#0	0
7010775#0	Q0	3133208#1	0
7010775#0	Q0	3133208#2	0
7010775#0	Q0	7010775#0	0
7010775#0	Q0	3133208#4	0
7010775#0	Q0	171721#22	0
7016984#0	Q0	41813#0	1
7016984#0	Q0	41813#31	1
7016984#0	Q0	41813#5	1
7016984#0	Q0	41813#11	0
7016984#0	Q0	41813#1	0
7016984#0	Q0	41813#7	0
7016984#0	Q0	41813#27	0
7016984#0	Q0	41813#10	0
7016984#0	Q0	41813#30	0
7016984#0	Q0	41813#16	0
7017696#0	Q0	428844#0	1
7017696#0	Q0	1187120#26	1
7017696#0	Q0	428844#36	0
7017696#0	Q0	428844#35	0
7017696#0	Q0	428844#39	0
7017696#0	Q0	428844#6	0
7017696#0	Q0	12438407#11	0
7017696#0	Q0	249489#73	0
7017696#0	Q0	206589#68	0
7017696#0	Q0	428844#31	0
701829#0	Q0	3168299#185	1
701829#0	Q0	3168299#3	1
701829#0	Q0	3168299#22	0
701829#0	Q0	223625#110	0
701829#0	Q0	9072440#0	0
701829#0	Q0	12321246#23	0
701829#0	Q0	3168299#191	0
701829#0	Q0	3168299#188	0
701829#0	Q0	3168299#183	0
701829#0	Q0	3168299#0	0
7036751#0	Q0	170771#1	1
7036751#0	Q0	361605#0	0
7036751#0	Q0	2690823#18	0
7036751#0	Q0	361605#1	0
7036751#0	Q0	170771#2	0
7036751#0	Q0	170771#4	0
7036751#0	Q0	1054102#1	0
7036751#0	Q0	170771#12	0
7036751#0	Q0	3279342#2	0
7036751#0	Q0	5175474#0	0
7037773#0	Q0	519475#32	1
7037773#0	Q0	434105#11	1
7037773#0	Q0	16#8	1
7037773#0	Q0	4265782#6	1
7037773#0	Q0	10152176#6	0
7037773#0	Q0	10704471#4	0
7037773#0	Q0	1564422#0	0
7037773#0	Q0	5516331#2	0
7037773#0	Q0	16#10	0
7037773#0	Q0	830922#3	0
7051999#0	Q0	12009569#0	1
7051999#0	Q0	116228#72	1
7051999#0	Q0	3555253#0	1
7051999#0	Q0	3555253#4	0
7051999#0	Q0	1377936#41	0
7051999#0	Q0	3393#0	0
7051999#0	Q0	1377936#0	0
7051999#0	Q0	3393#13	0
7051999#0	Q0	1377936#33	0
7051999#0	Q0	3393#6	0
70690#0	Q0	930436#10	1
70690#0	Q0	14635767#33	0
70690#0	Q0	14058989#1	0
70690#0	Q0	4609490#8	0
70690#0	Q0	70293#1	0
70690#0	Q0	922974#2	0
70690#0	Q0	2876882#4	0
70690#0	Q0	14613013#49	0
70690#0	Q0	5942417#3	0
70690#0	Q0	46416#12	0
7079811#0	Q0	44194#0	1
7079811#0	Q0	44194#3	1
7079811#0	Q0	44194#107	0
7079811#0	Q0	44194#4	0
7079811#0	Q0	44194#97	0
7079811#0	Q0	44194#101	0
7079811#0	Q0	44194#105	0
7079811#0	Q0	12781949#0	0
7079811#0	Q0	10610845#0	0
7079811#0	Q0	44194#106	0
7080690#0	Q0	10566387#141	1
7080690#0	Q0	45849#10	1
7080690#0	Q0	10566387#47	0
7080690#0	Q0	4302326#3	0
7080690#0	Q0	45849#36	0
7080690#0	Q0	10086003#2	0
7080690#0	Q0	45849#1	0
7080690#0	Q0	45849#35	0
7080690#0	Q0	10101628#14	0
7080690#0	Q0	10086003#6	0
7082376#0	Q0	259304#19	1
7082376#0	Q0	4374534#12	1
7082376#0	Q0	4374534#0	0
7082376#0	Q0	4374534#6	0
7082376#0	Q0	259304#21	0
7082376#0	Q0	4374534#25	0
7082376#0	Q0	5009959#5	0
7082376#0	Q0	4374534#5	0
7082376#0	Q0	4374534#1	0
7082376#0	Q0	4374534#16	0
7084458#0	Q0	2981714#9	1
7084458#0	Q0	373725#1	0
7084458#0	Q0	7772097#3	0
7084458#0	Q0	12057995#22	0
7084458#0	Q0	3738064#4	0
7084458#0	Q0	7718913#4	0
7084458#0	Q0	1377829#10	0
7084458#0	Q0	5193364#10	0
7084458#0	Q0	10947923#37	0
7084458#0	Q0	588158#2	0
7104582#0	Q0	9372145#1	1
7104582#0	Q0	80597#61	1
7104582#0	Q0	14991#31	1
7104582#0	Q0	5308#0	1
7104582#0	Q0	3490008#1	0
7104582#0	Q0	9372145#0	0
7104582#0	Q0	3490008#0	0
7104582#0	Q0	3490008#22	0
7104582#0	Q0	9909183#0	0
7104582#0	Q0	14991#28	0
7114143#0	Q0	7114143#1	1
7114143#0	Q0	7114143#4	1
7114143#0	Q0	556157#40	1
7114143#0	Q0	7114143#10	1
7114143#0	Q0	7114143#0	0
7114143#0	Q0	7114143#9	0
7114143#0	Q0	7114143#13	0
7114143#0	Q0	7114143#6	0
7114143#0	Q0	7114143#14	0
7114143#0	Q0	8096013#1	0
7116080#0	Q0	13319051#15	1
7116080#0	Q0	14062320#4	0
7116080#0	Q0	13922297#0	0
7116080#0	Q0	13789178#1	0
7116080#0	Q0	13743789#0	0
7116080#0	Q0	12974540#0	0
7116080#0	Q0	10029702#12	0
7116080#0	Q0	13896601#6	0
7116080#0	Q0	13376644#10	0
7116080#0	Q0	12974540#1	0
716068#0	Q0	2223900#15	1
716068#0	Q0	142240#2	0
716068#0	Q0	142240#3	0
716068#0	Q0	3770954#2	0
716068#0	Q0	5397266#15	0
716068#0	Q0	150429#1	0
716068#0	Q0	47765#27	0
716068#0	Q0	132618#1	0
716068#0	Q0	1369287#109	0
716068#0	Q0	1657623#10	0
718631#0	Q0	75960#0	1
718631#0	Q0	5234717#5	0
718631#0	Q0	58431#19	0
718631#0	Q0	58431#13	0
718631#0	Q0	268756#35	0
718631#0	Q0	70630#0	0
718631#0	Q0	1974970#8	0
718631#0	Q0	1613171#5	0
718631#0	Q0	2859421#4	0
718631#0	Q0	384965#0	0
7193830#0	Q0	66173#1	1
7193830#0	Q0	66173#26	0
7193830#0	Q0	1128530#97	0
7193830#0	Q0	1128530#41	0
7193830#0	Q0	13663401#7	0
7193830#0	Q0	1128530#31	0
7193830#0	Q0	105946#2	0
7193830#0	Q0	1128530#9	0
7193830#0	Q0	1128530#14	0
7193830#0	Q0	1128530#11	0
7194136#0	Q0	6900315#2	1
7194136#0	Q0	6900315#0	1
7194136#0	Q0	70327#9	1
7194136#0	Q0	16903#28	0
7194136#0	Q0	7141278#0	0
7194136#0	Q0	23074#35	0
7194136#0	Q0	6839021#0	0
7194136#0	Q0	3722774#4	0
7194136#0	Q0	158996#31	0
7194136#0	Q0	6900315#3	0
7194310#0	Q0	956042#0	1
7194310#0	Q0	826379#8	0
7194310#0	Q0	826379#10	0
7194310#0	Q0	826379#110	0
7194310#0	Q0	13415363#0	0
7194310#0	Q0	826379#107	0
7194310#0	Q0	826379#111	0
7194310#0	Q0	13275117#0	0
7194310#0	Q0	826379#12	0
7194310#0	Q0	7225369#2	0
720432#0	Q0	982920#30	1
720432#0	Q0	3986391#0	1
720432#0	Q0	7744806#9	1
720432#0	Q0	5111364#2	1
720432#0	Q0	1201467#16	1
720432#0	Q0	4614467#3	1
720432#0	Q0	5024370#24	1
720432#0	Q0	6885944#7	1
720432#0	Q0	8988820#5	1
720432#0	Q0	4399814#19	0
7220447#0	Q0	57147#1	1
7220447#0	Q0	57147#0	1
7220447#0	Q0	3542776#1	1
7220447#0	Q0	3408059#15	1
7220447#0	Q0	6141427#3	1
7220447#0	Q0	3408059#48	0
7220447#0	Q0	3408059#19	0
7220447#0	Q0	4495475#24	0
7220447#0	Q0	57147#29	0
7220447#0	Q0	57147#43	0
7243822#0	Q0	3725706#9	1
7243822#0	Q0	3725706#0	1
7243822#0	Q0	158807#38	1
7243822#0	Q0	145026#5	0
7243822#0	Q0	145026#46	0
7243822#0	Q0	3725706#89	0
7243822#0	Q0	3725706#79	0
7243822#0	Q0	145026#21	0
7243822#0	Q0	145026#19	0
7243822#0	Q0	145026#6	0
7249896#0	Q0	91708#15	1
7249896#0	Q0	714050#82	0
7249896#0	Q0	617357#12	0
7249896#0	Q0	12436211#6	0
7249896#0	Q0	617357#11	0
7249896#0	Q0	1858784#3	0
7249896#0	Q0	6272104#1	0
7249896#0	Q0	10868537#3	0
7249896#0	Q0	7866720#4	0
7249896#0	Q0	7561#24	0
7260414#0	Q0	1530239#0	1
7260414#0	Q0	1530239#11	1
7260414#0	Q0	5267689#3	1
7260414#0	Q0	5267689#4	1
7260414#0	Q0	1530239#44	0
7260414#0	Q0	2294463#23	0
7260414#0	Q0	1530239#21	0
7260414#0	Q0	5267689#30	0
7260414#0	Q0	1530239#40	0
7260414#0	Q0	791366#20	0
7283637#0	Q0	9992970#0	1
7283637#0	Q0	3999453#33	1
7283637#0	Q0	1403842#7	0
7283637#0	Q0	9992970#4	0
7283637#0	Q0	1403842#6	0
7283637#0	Q0	9463#10	0
7283637#0	Q0	9463#1	0
7283637#0	Q0	603310#0	0
7283637#0	Q0	610673#0	0
7283637#0	Q0	3999453#0	0
7311078#0	Q0	13783695#5	1
7311078#0	Q0	13783695#8	1
7311078#0	Q0	13783618#8	1
7311078#0	Q0	13234698#2	0
7311078#0	Q0	46757#20	0
7311078#0	Q0	13783695#10	0
7311078#0	Q0	8598#24	0
7311078#0	Q0	149281#2	0
7311078#0	Q0	3920799#0	0
7311078#0	Q0	13783618#3	0
7328317#0	Q0	6357352#19	1
7328317#0	Q0	12514028#5	0
7328317#0	Q0	4233825#3	0
7328317#0	Q0	9452567#0	0
7328317#0	Q0	6123#139	0
7328317#0	Q0	6118630#15	0
7328317#0	Q0	6123#129	0
7328317#0	Q0	6123#113	0
7328317#0	Q0	6357352#2	0
7328317#0	Q0	6123#133	0
7345554#0	Q0	66284#0	1
7345554#0	Q0	260374#0	1
7345554#0	Q0	66284#1	0
7345554#0	Q0	66284#5	0
7345554#0	Q0	66284#6	0
7345554#0	Q0	260374#6	0
7345554#0	Q0	80804#0	0
7345554#0	Q0	66284#7	0
7345554#0	Q0	66284#2	0
7345554#0	Q0	1880327#4	0
7359463#0	Q0	69008#0	1
7359463#0	Q0	69008#22	1
7359463#0	Q0	13954221#0	0
7359463#0	Q0	10421326#9	0
7359463#0	Q0	12427#6	0
7359463#0	Q0	69008#7	0
7359463#0	Q0	11094737#0	0
7359463#0	Q0	69008#34	0
7359463#0	Q0	505563#0	0
7359463#0	Q0	10797084#0	0
7371817#0	Q0	2215#0	1
7371817#0	Q0	2215#4	0
7371817#0	Q0	2215#20	0
7371817#0	Q0	2596#97	0
7371817#0	Q0	2215#8	0
7371817#0	Q0	2215#7	0
7371817#0	Q0	3689437#3	0
7371817#0	Q0	3517898#2	0
7371817#0	Q0	2215#18	0
7371817#0	Q0	366085#7	0
7376503#0	Q0	12990215#12	1
7376503#0	Q0	216637#4	1
7376503#0	Q0	12990215#3	0
7376503#0	Q0	12149605#5	0
7376503#0	Q0	11455143#5	0
7376503#0	Q0	12149605#0	0
7376503#0	Q0	12990215#0	0
7376503#0	Q0	12990215#1	0
7376503#0	Q0	12990215#6	0
7376503#0	Q0	12990215#8	0
7394593#0	Q0	1445#0	1
7394593#0	Q0	213496#31	1
7394593#0	Q0	7980278#0	0
7394593#0	Q0	4030356#2	0
7394593#0	Q0	4135951#61	0
7394593#0	Q0	1445#3	0
7394593#0	Q0	9245510#3	0
7394593#0	Q0	631978#2	0
7394593#0	Q0	9245510#2	0
7394593#0	Q0	4030356#4	0
7428260#0	Q0	2862997#2	1
7428260#0	Q0	9230555#1	1
7428260#0	Q0	1094#50	1
7428260#0	Q0	1166#0	0
7428260#0	Q0	855660#9	0
7428260#0	Q0	1166#6	0
7428260#0	Q0	258149#12	0
7428260#0	Q0	1166#1	0
7428260#0	Q0	1166#41	0
7428260#0	Q0	1166#5	0
7458078#0	Q0	976083#5	1
7458078#0	Q0	2952#23	0
7458078#0	Q0	769682#16	0
7458078#0	Q0	10791310#7	0
7458078#0	Q0	4769054#5	0
7458078#0	Q0	769682#17	0
7458078#0	Q0	1346314#18	0
7458078#0	Q0	5503281#1	0
7458078#0	Q0	3537133#41	0
7458078#0	Q0	10388811#1	0
7461181#0	Q0	4234975#49	1
7461181#0	Q0	4765477#3	0
7461181#0	Q0	6386905#3	0
7461181#0	Q0	4765477#8	0
7461181#0	Q0	7472021#2	0
7461181#0	Q0	4234975#12	0
7461181#0	Q0	4234975#119	0
7461181#0	Q0	4234975#27	0
7461181#0	Q0	13492511#5	0
7461181#0	Q0	7472021#3	0
748617#0	Q0	766624#11	1
748617#0	Q0	767989#24	0
748617#0	Q0	767730#20	0
748617#0	Q0	6907635#10	0
748617#0	Q0	767886#20	0
748617#0	Q0	102865#72	0
748617#0	Q0	10442026#8	0
748617#0	Q0	6019566#5	0
748617#0	Q0	102865#57	0
748617#0	Q0	284167#19	0
7501799#0	Q0	28721#18	1
7501799#0	Q0	582388#39	0
7501799#0	Q0	11813150#0	0
7501799#0	Q0	13661619#0	0
7501799#0	Q0	13661619#17	0
7501799#0	Q0	9996936#24	0
7501799#0	Q0	114922#27	0
7501799#0	Q0	1377936#14	0
7501799#0	Q0	214251#19	0
7501799#0	Q0	28721#22	0
7527887#0	Q0	66202#0	1
7527887#0	Q0	66202#6	1
7527887#0	Q0	66202#49	0
7527887#0	Q0	66202#13	0
7527887#0	Q0	66202#24	0
7527887#0	Q0	700968#9	0
7527887#0	Q0	700968#10	0
7527887#0	Q0	66202#7	0
7527887#0	Q0	706148#26	0
7527887#0	Q0	410686#0	0
753848#0	Q0	8498230#12	1
753848#0	Q0	6034060#0	0
753848#0	Q0	2962037#6	0
753848#0	Q0	3092609#1	0
753848#0	Q0	6034060#1	0
753848#0	Q0	6034060#7	0
753848#0	Q0	1821309#0	0
753848#0	Q0	714685#27	0
753848#0	Q0	3855769#51	0
753848#0	Q0	1896309#15	0
7566373#0	Q0	1815759#51	1
7566373#0	Q0	1815759#73	0
7566373#0	Q0	200675#29	0
7566373#0	Q0	67847#107	0
7566373#0	Q0	67847#78	0
7566373#0	Q0	1815759#71	0
7566373#0	Q0	81431#0	0
7566373#0	Q0	184232#2	0
7566373#0	Q0	1827201#6	0
7566373#0	Q0	1815759#70	0
7583962#0	Q0	3881707#29	1
7583962#0	Q0	255546#0	0
7583962#0	Q0	1946513#8	0
7583962#0	Q0	9701132#3	0
7583962#0	Q0	4543748#78	0
7583962#0	Q0	9453#33	0
7583962#0	Q0	64818#1	0
7583962#0	Q0	4965369#1	0
7583962#0	Q0	9413#124	0
7583962#0	Q0	2331#90	0
7604338#0	Q0	507663#1	1
7604338#0	Q0	4645213#18	0
7604338#0	Q0	13643930#3	0
7604338#0	Q0	247927#3	0
7604338#0	Q0	4768#93	0
7604338#0	Q0	3930455#8	0
7604338#0	Q0	3848391#14	0
7604338#0	Q0	6923#71	0
7604338#0	Q0	433831#8	0
7604338#0	Q0	1832#4	0
7614187#0	Q0	6271541#2	1
7614187#0	Q0	1654197#1	1
7614187#0	Q0	7871122#0	0
7614187#0	Q0	6271541#0	0
7614187#0	Q0	13291670#2	0
7614187#0	Q0	12697878#1	0
7614187#0	Q0	3136295#0	0
7614187#0	Q0	3552253#37	0
7614187#0	Q0	6271541#27	0
7614187#0	Q0	13270946#3	0
7642057#0	Q0	7560#20	1
7642057#0	Q0	13033053#0	1
7642057#0	Q0	269020#0	1
7642057#0	Q0	7560#13	1
7642057#0	Q0	7560#24	1
7642057#0	Q0	111092#0	0
7642057#0	Q0	116228#10	0
7642057#0	Q0	237122#0	0
7642057#0	Q0	111092#5	0
7642057#0	Q0	7560#1	0
7642949#0	Q0	5525#58	1
7642949#0	Q0	5525#0	1
7642949#0	Q0	754684#19	0
7642949#0	Q0	1325014#57	0
7642949#0	Q0	66004#23	0
7642949#0	Q0	207489#0	0
7642949#0	Q0	66004#0	0
7642949#0	Q0	65720#45	0
7642949#0	Q0	1325014#3	0
7642949#0	Q0	666627#19	0
7660589#0	Q0	5671518#4	1
7660589#0	Q0	570421#11	1
7660589#0	Q0	10388558#6	0
7660589#0	Q0	5671518#5	0
7660589#0	Q0	6978504#35	0
7660589#0	Q0	49574#33	0
7660589#0	Q0	197265#41	0
7660589#0	Q0	49574#12	0
7660589#0	Q0	686109#71	0
7660589#0	Q0	9197538#1	0
766136#0	Q0	455539#0	1
766136#0	Q0	455539#5	1
766136#0	Q0	455539#29	1
766136#0	Q0	455539#34	0
766136#0	Q0	455539#8	0
766136#0	Q0	557535#42	0
766136#0	Q0	455539#14	0
766136#0	Q0	455539#27	0
766136#0	Q0	455539#24	0
766136#0	Q0	455539#1	0
7699524#0	Q0	36386#0	1
7699524#0	Q0	10167659#0	0
7699524#0	Q0	10256574#0	0
7699524#0	Q0	4264437#0	0
7699524#0	Q0	3685617#0	0
7699524#0	Q0	3187813#0	0
7699524#0	Q0	1370998#10	0
7699524#0	Q0	13950436#0	0
7699524#0	Q0	5995793#0	0
7699524#0	Q0	11830818#0	0
7701269#0	Q0	3131683#4	1
7701269#0	Q0	4320219#14	1
7701269#0	Q0	12133909#3	1
7701269#0	Q0	7701269#4	0
7701269#0	Q0	7701269#0	0
7701269#0	Q0	6574575#8	0
7701269#0	Q0	12688539#8	0
7701269#0	Q0	7701269#3	0
7701269#0	Q0	12882514#4	0
7701269#0	Q0	4527407#11	0
771798#0	Q0	129561#24	1
771798#0	Q0	129561#21	0
771798#0	Q0	124791#0	0
771798#0	Q0	3871992#4	0
771798#0	Q0	129561#1	0
771798#0	Q0	7372783#9	0
771798#0	Q0	386616#2	0
771798#0	Q0	5846807#1	0
771798#0	Q0	14144254#14	0
771798#0	Q0	5304244#5	0
7734222#0	Q0	75960#6	1
7734222#0	Q0	20383#8	1
7734222#0	Q0	1004116#1	0
7734222#0	Q0	75960#10	0
7734222#0	Q0	4842211#3	0
7734222#0	Q0	75960#68	0
7734222#0	Q0	12994622#2	0
7734222#0	Q0	581838#0	0
7734222#0	Q0	75960#13	0
7734222#0	Q0	325561#13	0
7736143#0	Q0	1622739#1	1
7736143#0	Q0	65331#0	0
7736143#0	Q0	2461746#9	0
7736143#0	Q0	3964878#26	0
7736143#0	Q0	102322#4	0
7736143#0	Q0	3964878#3	0
7736143#0	Q0	2023477#6	0
7736143#0	Q0	14165957#19	0
7736143#0	Q0	2461746#1	0
7736143#0	Q0	4805104#9	0
77559#0	Q0	10378206#1	1
77559#0	Q0	835029#17	0
77559#0	Q0	6000019#0	0
77559#0	Q0	6000019#60	0
77559#0	Q0	6000019#40	0
77559#0	Q0	12121160#2	0
77559#0	Q0	6000019#24	0
77559#0	Q0	6000019#15	0
77559#0	Q0	1319#72	0
77559#0	Q0	6000019#61	0
77716#0	Q0	4337543#21	1
77716#0	Q0	145677#8	1
77716#0	Q0	2991917#94	0
77716#0	Q0	8861137#22	0
77716#0	Q0	477075#64	0
77716#0	Q0	8568700#1	0
77716#0	Q0	8568700#5	0
77716#0	Q0	8568700#10	0
77716#0	Q0	67165#18	0
77716#0	Q0	142519#86	0
7771908#0	Q0	70327#3	1
7771908#0	Q0	10594715#2	1
7771908#0	Q0	1150862#8	0
7771908#0	Q0	3116183#107	0
7771908#0	Q0	3116183#141	0
7771908#0	Q0	1409#3	0
7771908#0	Q0	839561#71	0
7771908#0	Q0	50291#15	0
7771908#0	Q0	1409#11	0
7771908#0	Q0	380650#0	0
779364#0	Q0	12367852#2	1
779364#0	Q0	229626#41	1
779364#0	Q0	14654600#5	0
779364#0	Q0	2707145#82	0
779364#0	Q0	1411702#5	0
779364#0	Q0	515061#18	0
779364#0	Q0	515061#19	0
779364#0	Q0	13533850#4	0
779364#0	Q0	9228853#4	0
779364#0	Q0	49929#18	0
7815#0	Q0	25863#79	1
7815#0	Q0	8368815#2	1
7815#0	Q0	13888176#16	0
7815#0	Q0	10573331#5	0
7815#0	Q0	83053#33	0
7815#0	Q0	158787#44	0
7815#0	Q0	13888176#34	0
7815#0	Q0	10573331#3	0
7815#0	Q0	18536#2	0
7815#0	Q0	10573331#0	0
7818525#0	Q0	5286141#8	1
7818525#0	Q0	498836#3	0
7818525#0	Q0	791910#10	0
7818525#0	Q0	791910#0	0
7818525#0	Q0	4671284#2	0
7818525#0	Q0	3818797#12	0
7818525#0	Q0	605289#2	0
7818525#0	Q0	681566#24	0
7818525#0	Q0	791910#8	0
7818525#0	Q0	681566#43	0
7825241#0	Q0	3215941#7	1
7825241#0	Q0	3265149#13	0
7825241#0	Q0	12776697#2	0
7825241#0	Q0	3265149#12	0
7825241#0	Q0	4710789#1	0
7825241#0	Q0	1449831#7	0
7825241#0	Q0	4045659#6	0
7825241#0	Q0	8110832#1	0
7825241#0	Q0	12999#15	0
7825241#0	Q0	5461352#2	0
7845461#0	Q0	92481#136	1
7845461#0	Q0	110380#0	1
7845461#0	Q0	700256#6	0
7845461#0	Q0	126067#11	0
7845461#0	Q0	2768#147	0
7845461#0	Q0	110380#1	0
7845461#0	Q0	387685#13	0
7845461#0	Q0	242812#12	0
7845461#0	Q0	2262949#1	0
7845461#0	Q0	13052544#3	0
7847474#0	Q0	92827#0	1
7847474#0	Q0	3537253#2	1
7847474#0	Q0	3571060#0	0
7847474#0	Q0	3537253#0	0
7847474#0	Q0	349303#0	0
7847474#0	Q0	12524473#1	0
7847474#0	Q0	4074366#0	0
7847474#0	Q0	3405766#0	0
7847474#0	Q0	5580048#1	0
7847474#0	Q0	3571060#1	0
7859297#0	Q0	1443260#4	1
7859297#0	Q0	417783#25	1
7859297#0	Q0	3053568#1	0
7859297#0	Q0	3980658#9	0
7859297#0	Q0	10724599#1	0
7859297#0	Q0	3554983#92	0
7859297#0	Q0	4925#92	0
7859297#0	Q0	13989532#2	0
7859297#0	Q0	3554983#94	0
7859297#0	Q0	8039823#24	0
7860837#0	Q0	5471079#1	1
7860837#0	Q0	102542#9	1
7860837#0	Q0	91986#49	1
7860837#0	Q0	12381994#1	0
7860837#0	Q0	187303#105	0
7860837#0	Q0	12530144#3	0
7860837#0	Q0	2855555#9	0
7860837#0	Q0	1109971#13	0
7860837#0	Q0	9290412#2	0
7860837#0	Q0	10927869#10	0
78745#0	Q0	8238553#6	1
78745#0	Q0	1064023#38	0
78745#0	Q0	3049484#5	0
78745#0	Q0	1170850#10	0
78745#0	Q0	232710#9	0
78745#0	Q0	10159181#15	0
78745#0	Q0	1064023#36	0
78745#0	Q0	1064023#6	0
78745#0	Q0	2825290#9	0
78745#0	Q0	12682490#4	0
7900035#0	Q0	12431#0	1
7900035#0	Q0	505317#3	1
7900035#0	Q0	6926608#5	0
7900035#0	Q0	12431#22	0
7900035#0	Q0	1195871#0	0
7900035#0	Q0	1463778#0	0
7900035#0	Q0	4661831#0	0
7900035#0	Q0	6479377#20	0
7900035#0	Q0	1463778#5	0
7900035#0	Q0	12431#2	0
792543#0	Q0	3392721#0	1
792543#0	Q0	3392721#1	0
792543#0	Q0	3392721#3	0
792543#0	Q0	3392721#12	0
792543#0	Q0	3392721#4	0
792543#0	Q0	544706#3	0
792543#0	Q0	4094483#98	0
792543#0	Q0	3392721#5	0
792543#0	Q0	1441129#2	0
792543#0	Q0	3021349#3	0
7934028#0	Q0	393638#0	1
7934028#0	Q0	287443#21	1
7934028#0	Q0	389648#0	1
7934028#0	Q0	8858837#0	0
7934028#0	Q0	8536588#7	0
7934028#0	Q0	393638#6	0
7934028#0	Q0	393638#2	0
7934028#0	Q0	389648#1	0
7934028#0	Q0	2676888#6	0
7934028#0	Q0	460663#18	0
7935189#0	Q0	3027478#0	1
7935189#0	Q0	3027478#5	1
7935189#0	Q0	446017#31	1
7935189#0	Q0	3027478#1	0
7935189#0	Q0	3027478#8	0
7935189#0	Q0	446017#30	0
7935189#0	Q0	3027478#4	0
7935189#0	Q0	446017#25	0
7935189#0	Q0	3027478#11	0
7935189#0	Q0	446017#35	0
7938052#0	Q0	7938052#2	1
7938052#0	Q0	1145488#21	0
7938052#0	Q0	4789354#0	0
7938052#0	Q0	14177079#3	0
7938052#0	Q0	280550#8	0
7938052#0	Q0	7938052#11	0
7938052#0	Q0	10306948#0	0
7938052#0	Q0	13557427#19	0
7938052#0	Q0	10306948#2	0
7938052#0	Q0	14413115#1	0
7940645#0	Q0	6209860#7	1
7940645#0	Q0	6713423#21	1
7940645#0	Q0	4069#0	1
7940645#0	Q0	6713423#16	1
7940645#0	Q0	6209860#0	0
7940645#0	Q0	6713423#10	0
7940645#0	Q0	6209860#3	0
7940645#0	Q0	6209860#1	0
7940645#0	Q0	10389417#2	0
7940645#0	Q0	6209860#8	0
7950745#0	Q0	8391#7	1
7950745#0	Q0	8391#0	1
7950745#0	Q0	3558853#43	0
7950745#0	Q0	814325#0	0
7950745#0	Q0	8391#3	0
7950745#0	Q0	89336#22	0
7950745#0	Q0	6013771#0	0
7950745#0	Q0	6939715#12	0
7950745#0	Q0	14809837#0	0
7950745#0	Q0	14809836#0	0
7974898#0	Q0	13493614#0	1
7974898#0	Q0	2724072#0	1
7974898#0	Q0	3539319#1	1
7974898#0	Q0	2724072#1	0
7974898#0	Q0	748456#6	0
7974898#0	Q0	5723445#1	0
7974898#0	Q0	180114#120	0
7974898#0	Q0	6203666#1	0
7974898#0	Q0	785928#0	0
7974898#0	Q0	2724072#27	0
7975567#0	Q0	7975567#4	1
7975567#0	Q0	21158#2	0
7975567#0	Q0	7892175#4	0
7975567#0	Q0	4230318#15	0
7975567#0	Q0	433883#13	0
7975567#0	Q0	17529#7	0
7975567#0	Q0	373073#1	0
7975567#0	Q0	11372522#1	0
7975567#0	Q0	2726635#4	0
7975567#0	Q0	14929#1	0
8000850#0	Q0	2223103#10	1
8000850#0	Q0	1040705#0	0
8000850#0	Q0	3135218#9	0
8000850#0	Q0	1393011#1	0
8000850#0	Q0	13758416#0	0
8000850#0	Q0	13758416#16	0
8000850#0	Q0	1669915#4	0
8000850#0	Q0	851656#0	0
8000850#0	Q0	12467010#3	0
8000850#0	Q0	1592345#0	0
8001241#0	Q0	217824#0	1
8001241#0	Q0	217824#1	1
8001241#0	Q0	217824#15	0
8001241#0	Q0	217824#16	0
8001241#0	Q0	217824#13	0
8001241#0	Q0	5320018#0	0
8001241#0	Q0	217824#31	0
8001241#0	Q0	2245970#0	0
8001241#0	Q0	217824#4	0
8001241#0	Q0	217824#34	0
8022634#0	Q0	2479618#0	1
8022634#0	Q0	13537729#0	0
8022634#0	Q0	13537729#20	0
8022634#0	Q0	13537729#2	0
8022634#0	Q0	13537729#12	0
8022634#0	Q0	13537729#25	0
8022634#0	Q0	13537729#24	0
8022634#0	Q0	13537729#30	0
8022634#0	Q0	13537729#27	0
8022634#0	Q0	13537729#1	0
803013#0	Q0	10538237#0	1
803013#0	Q0	254943#182	1
803013#0	Q0	1740086#1	1
803013#0	Q0	3198502#44	1
803013#0	Q0	10538237#4	0
803013#0	Q0	1014689#5	0
803013#0	Q0	3588111#63	0
803013#0	Q0	10538237#2	0
803013#0	Q0	10538237#10	0
803013#0	Q0	10538237#9	0
803104#0	Q0	1311184#0	1
803104#0	Q0	11661744#0	1
803104#0	Q0	3861649#0	0
803104#0	Q0	190013#56	0
803104#0	Q0	1073096#2	0
803104#0	Q0	268230#3	0
803104#0	Q0	3121302#0	0
803104#0	Q0	2179#182	0
803104#0	Q0	561606#56	0
803104#0	Q0	12993902#24	0
8042816#0	Q0	19424#49	1
8042816#0	Q0	19424#0	0
8042816#0	Q0	19424#233	0
8042816#0	Q0	947271#0	0
8042816#0	Q0	12514028#0	0
8042816#0	Q0	13267414#0	0
8042816#0	Q0	19424#232	0
8042816#0	Q0	12495993#5	0
8042816#0	Q0	3784549#15	0
8042816#0	Q0	12495993#95	0
8047779#0	Q0	1939#86	1
8047779#0	Q0	1271#5	0
8047779#0	Q0	3248105#0	0
8047779#0	Q0	1271#9	0
8047779#0	Q0	6590122#0	0
8047779#0	Q0	11656437#0	0
8047779#0	Q0	10654904#0	0
8047779#0	Q0	7570#18	0
8047779#0	Q0	11652736#0	0
8047779#0	Q0	1939#177	0
80898#0	Q0	80807#1	1
80898#0	Q0	80807#0	1
80898#0	Q0	3020#23	1
80898#0	Q0	3020#6	1
80898#0	Q0	15911#17	0
80898#0	Q0	79865#0	0
80898#0	Q0	5377749#2	0
80898#0	Q0	80807#2	0
80898#0	Q0	8837869#2	0
80898#0	Q0	15911#2	0
8089854#0	Q0	236882#1	1
8089854#0	Q0	8465464#9	0
8089854#0	Q0	518020#26	0
8089854#0	Q0	9042061#1	0
8089854#0	Q0	6569159#53	0
8089854#0	Q0	9485921#0	0
8089854#0	Q0	73632#1	0
8089854#0	Q0	9100683#1	0
8089854#0	Q0	204318#0	0
8089854#0	Q0	9393500#0	0
8112309#0	Q0	620357#3	1
8112309#0	Q0	7131864#52	0
8112309#0	Q0	24325#15	0
8112309#0	Q0	24325#21	0
8112309#0	Q0	11629487#2	0
8112309#0	Q0	620357#1	0
8112309#0	Q0	24325#29	0
8112309#0	Q0	82337#40	0
8112309#0	Q0	24325#26	0
8112309#0	Q0	24325#16	0
8117295#0	Q0	1474882#0	1
8117295#0	Q0	1474882#9	0
8117295#0	Q0	8475976#67	0
8117295#0	Q0	1342847#0	0
8117295#0	Q0	4828486#0	0
8117295#0	Q0	434116#7	0
8117295#0	Q0	1474882#5	0
8117295#0	Q0	7872621#0	0
8117295#0	Q0	7438721#2	0
8117295#0	Q0	4263459#1	0
81521#0	Q0	659984#14	1
81521#0	Q0	1711469#31	1
81521#0	Q0	15450#7	1
81521#0	Q0	11882#14	1
81521#0	Q0	12610528#6	1
81521#0	Q0	659984#16	0
81521#0	Q0	12804606#5	0
81521#0	Q0	5568908#20	0
81521#0	Q0	420670#1	0
81521#0	Q0	277477#0	0
817238#0	Q0	744302#1	1
817238#0	Q0	744302#11	1
817238#0	Q0	744302#0	0
817238#0	Q0	315613#3	0
817238#0	Q0	6079979#0	0
817238#0	Q0	2878372#0	0
817238#0	Q0	4021895#107	0
817238#0	Q0	744302#14	0
817238#0	Q0	1194919#14	0
817238#0	Q0	1100029#2	0
821799#0	Q0	1400292#10	1
821799#0	Q0	5128#69	1
821799#0	Q0	2813554#6	1
821799#0	Q0	10226577#0	1
821799#0	Q0	14051738#66	0
821799#0	Q0	85720#1	0
821799#0	Q0	1045708#9	0
821799#0	Q0	11374696#20	0
821799#0	Q0	5945991#6	0
821799#0	Q0	28514#20	0
8223285#0	Q0	3461107#7	1
8223285#0	Q0	11403076#1	0
8223285#0	Q0	2494890#262	0
8223285#0	Q0	3296582#132	0
8223285#0	Q0	2494890#263	0
8223285#0	Q0	3296582#0	0
8223285#0	Q0	813614#11	0
8223285#0	Q0	13878887#8	0
8223285#0	Q0	813614#10	0
8223285#0	Q0	13740988#7	0
8237481#0	Q0	12519811#1	1
8237481#0	Q0	12559458#24	1
8237481#0	Q0	9357444#16	0
8237481#0	Q0	9357444#3	0
8237481#0	Q0	14049017#3	0
8237481#0	Q0	9357444#18	0
8237481#0	Q0	14049032#3	0
8237481#0	Q0	6221240#2	0
8237481#0	Q0	13452335#9	0
8237481#0	Q0	7138984#25	0
8254267#0	Q0	7504848#67	1
8254267#0	Q0	7576720#88	0
8254267#0	Q0	7576720#68	0
8254267#0	Q0	7576720#43	0
8254267#0	Q0	7576720#70	0
8254267#0	Q0	7576720#48	0
8254267#0	Q0	7576720#85	0
8254267#0	Q0	7576720#30	0
8254267#0	Q0	7576720#53	0
8254267#0	Q0	7576720#13	0
8317837#0	Q0	9110153#0	1
8317837#0	Q0	297891#11	0
8317837#0	Q0	297891#0	0
8317837#0	Q0	8748803#0	0
8317837#0	Q0	8748803#1	0
8317837#0	Q0	297891#2	0
8317837#0	Q0	224289#0	0
8317837#0	Q0	340993#0	0
8317837#0	Q0	8748803#2	0
8317837#0	Q0	297891#45	0
8342740#0	Q0	164380#6	1
8342740#0	Q0	6567567#3	0
8342740#0	Q0	453752#2	0
8342740#0	Q0	148347#6	0
8342740#0	Q0	2549#20	0
8342740#0	Q0	164380#0	0
8342740#0	Q0	15739#2	0
8342740#0	Q0	60369#23	0
8342740#0	Q0	4658206#2	0
8342740#0	Q0	2696991#0	0
834740#0	Q0	4740069#43	1
834740#0	Q0	1508082#18	1
834740#0	Q0	270791#21	0
834740#0	Q0	11610238#0	0
834740#0	Q0	48662#46	0
834740#0	Q0	4740069#1	0
834740#0	Q0	11610238#1	0
834740#0	Q0	4740069#38	0
834740#0	Q0	861013#20	0
834740#0	Q0	158458#9	0
8363516#0	Q0	346317#21	1
8363516#0	Q0	13027554#1	0
8363516#0	Q0	12324876#0	0
8363516#0	Q0	346593#1	0
8363516#0	Q0	13131632#0	0
8363516#0	Q0	10780#0	0
8363516#0	Q0	158364#0	0
8363516#0	Q0	54448#1	0
8363516#0	Q0	346593#13	0
8363516#0	Q0	158364#2	0
8370225#0	Q0	2784#0	1
8370225#0	Q0	1600475#0	1
8370225#0	Q0	5220661#4	0
8370225#0	Q0	11719846#30	0
8370225#0	Q0	13447060#45	0
8370225#0	Q0	89574#6	0
8370225#0	Q0	10377678#4	0
8370225#0	Q0	5220661#5	0
8370225#0	Q0	12186#2	0
8370225#0	Q0	10377678#3	0
837221#0	Q0	12849612#10	1
837221#0	Q0	12849612#3	1
837221#0	Q0	12849612#13	0
837221#0	Q0	12849612#4	0
837221#0	Q0	12849612#2	0
837221#0	Q0	993580#1	0
837221#0	Q0	993580#11	0
837221#0	Q0	2642538#24	0
837221#0	Q0	2703474#14	0
837221#0	Q0	1213884#1	0
839721#0	Q0	13263947#6	1
839721#0	Q0	7265706#10	1
839721#0	Q0	13264517#1	1
839721#0	Q0	839721#0	0
839721#0	Q0	839721#5	0
839721#0	Q0	7141471#1	0
839721#0	Q0	10638653#18	0
839721#0	Q0	13263146#2	0
839721#0	Q0	839721#13	0
839721#0	Q0	839721#3	0
8401914#0	Q0	615861#0	1
8401914#0	Q0	313122#5	0
8401914#0	Q0	5533912#1	0
8401914#0	Q0	160728#0	0
8401914#0	Q0	350#4	0
8401914#0	Q0	13021452#0	0
8401914#0	Q0	10506478#0	0
8401914#0	Q0	9650375#1	0
8401914#0	Q0	8056517#0	0
8401914#0	Q0	2738578#0	0
84066#0	Q0	103229#5	1
84066#0	Q0	19320#7	1
84066#0	Q0	71269#11	1
84066#0	Q0	385#24	1
84066#0	Q0	205833#11	1
84066#0	Q0	380592#41	1
84066#0	Q0	12035336#0	0
84066#0	Q0	5332658#17	0
84066#0	Q0	5332658#31	0
84066#0	Q0	5332658#30	0
8422821#0	Q0	4328795#0	1
8422821#0	Q0	1998240#0	0
8422821#0	Q0	3068580#13	0
8422821#0	Q0	1998240#1	0
8422821#0	Q0	17681#100	0
8422821#0	Q0	7365937#8	0
8422821#0	Q0	14052559#57	0
8422821#0	Q0	742707#2	0
8422821#0	Q0	13792356#0	0
8422821#0	Q0	661864#1	0
842614#0	Q0	40612#0	1
842614#0	Q0	1625331#2	1
842614#0	Q0	141319#2	1
842614#0	Q0	2755#24	0
842614#0	Q0	40612#7	0
842614#0	Q0	40612#2	0
842614#0	Q0	2755#26	0
842614#0	Q0	40612#5	0
842614#0	Q0	7639951#0	0
842614#0	Q0	40612#4	0
842625#0	Q0	26327#74	1
842625#0	Q0	26327#0	1
842625#0	Q0	3231178#112	0
842625#0	Q0	26327#73	0
842625#0	Q0	125422#20	0
842625#0	Q0	1634181#26	0
842625#0	Q0	2719#0	0
842625#0	Q0	26327#72	0
842625#0	Q0	178911#0	0
842625#0	Q0	45352#6	0
843563#0	Q0	4003594#0	1
843563#0	Q0	4003594#2	0
843563#0	Q0	4003594#6	0
843563#0	Q0	4003594#3	0
843563#0	Q0	4003594#1	0
843563#0	Q0	4003594#10	0
843563#0	Q0	4003594#21	0
843563#0	Q0	4003594#12	0
843563#0	Q0	4003594#7	0
843563#0	Q0	4003594#24	0
8450571#0	Q0	10451652#1	1
8450571#0	Q0	146332#6	1
8450571#0	Q0	4165648#0	1
8450571#0	Q0	146332#15	1
8450571#0	Q0	146332#9	1
8450571#0	Q0	146332#20	1
8450571#0	Q0	146332#24	0
8450571#0	Q0	146332#17	0
8450571#0	Q0	4165648#52	0
8450571#0	Q0	3884006#27	0
8457610#0	Q0	6747247#7	1
8457610#0	Q0	6747247#0	1
8457610#0	Q0	792233#3	1
8457610#0	Q0	7308745#2	0
8457610#0	Q0	13760866#1	0
8457610#0	Q0	7308745#0	0
8457610#0	Q0	6800394#0	0
8457610#0	Q0	164931#20	0
8457610#0	Q0	6747247#1	0
8457610#0	Q0	13760866#2	0
8482396#0	Q0	1059466#4	1
8482396#0	Q0	1059466#0	1
8482396#0	Q0	10134868#1	1
8482396#0	Q0	1059466#7	0
8482396#0	Q0	1059466#1	0
8482396#0	Q0	10134868#2	0
8482396#0	Q0	10134868#0	0
8482396#0	Q0	5453#51	0
8482396#0	Q0	4630955#0	0
8482396#0	Q0	804507#19	0
8491623#0	Q0	9534821#4	1
8491623#0	Q0	52369#18	1
8491623#0	Q0	1148139#22	1
8491623#0	Q0	1533268#17	0
8491623#0	Q0	40509#20	0
8491623#0	Q0	1533268#5	0
8491623#0	Q0	12312374#4	0
8491623#0	Q0	40509#12	0
8491623#0	Q0	1030458#58	0
8491623#0	Q0	1533268#36	0
8501992#0	Q0	419244#1	1
8501992#0	Q0	5454027#0	0
8501992#0	Q0	8523810#1	0
8501992#0	Q0	8503741#1	0
8501992#0	Q0	8524197#1	0
8501992#0	Q0	8513713#1	0
8501992#0	Q0	8524487#1	0
8501992#0	Q0	8503487#0	0
8501992#0	Q0	8502151#1	0
8501992#0	Q0	8519726#1	0
8504969#0	Q0	148347#40	1
8504969#0	Q0	4258604#3	0
8504969#0	Q0	1383983#0	0
8504969#0	Q0	3415165#27	0
8504969#0	Q0	5349064#273	0
8504969#0	Q0	3171184#13	0
8504969#0	Q0	5267689#60	0
8504969#0	Q0	2472298#11	0
8504969#0	Q0	11495964#6	0
8504969#0	Q0	2472298#17	0
8564179#0	Q0	6506424#0	1
8564179#0	Q0	4598095#2	0
8564179#0	Q0	1938231#10	0
8564179#0	Q0	3649361#25	0
8564179#0	Q0	3649361#23	0
8564179#0	Q0	1455357#16	0
8564179#0	Q0	3649361#24	0
8564179#0	Q0	21376#25	0
8564179#0	Q0	165379#0	0
8564179#0	Q0	378934#3	0
8572185#0	Q0	3781050#0	1
8572185#0	Q0	3781050#44	1
8572185#0	Q0	6923#41	1
8572185#0	Q0	1456006#1	1
8572185#0	Q0	3781050#42	0
8572185#0	Q0	885649#20	0
8572185#0	Q0	8572185#0	0
8572185#0	Q0	1456006#18	0
8572185#0	Q0	10447223#1	0
8572185#0	Q0	324714#27	0
862758#0	Q0	46857#0	1
862758#0	Q0	13536414#5	0
862758#0	Q0	13536414#0	0
862758#0	Q0	13536414#4	0
862758#0	Q0	13536414#2	0
862758#0	Q0	13536414#6	0
862758#0	Q0	13536414#3	0
862758#0	Q0	9409485#1	0
862758#0	Q0	46857#72	0
862758#0	Q0	46857#26	0
8645642#0	Q0	4984#61	1
8645642#0	Q0	4984#62	1
8645642#0	Q0	5151035#0	1
8645642#0	Q0	149067#1	0
8645642#0	Q0	1354946#40	0
8645642#0	Q0	510318#9	0
8645642#0	Q0	123867#30	0
8645642#0	Q0	5439#5	0
8645642#0	Q0	6046666#0	0
8645642#0	Q0	9696021#0	0
8700#0	Q0	389342#0	1
8700#0	Q0	8700#32	1
8700#0	Q0	1930228#27	1
8700#0	Q0	100186#1	1
8700#0	Q0	380592#39	0
8700#0	Q0	94852#11	0
8700#0	Q0	987828#5	0
8700#0	Q0	3875646#0	0
8700#0	Q0	389342#2	0
8700#0	Q0	389342#8	0
8729873#0	Q0	97529#18	1
8729873#0	Q0	93845#0	0
8729873#0	Q0	5437762#4	0
8729873#0	Q0	1123133#6	0
8729873#0	Q0	97529#1	0
8729873#0	Q0	1381#29	0
8729873#0	Q0	824933#0	0
8729873#0	Q0	97529#9	0
8729873#0	Q0	4699566#8	0
8729873#0	Q0	435442#6	0
8753102#0	Q0	190322#0	1
8753102#0	Q0	505809#2	1
8753102#0	Q0	1285836#4	0
8753102#0	Q0	190322#189	0
8753102#0	Q0	258146#19	0
8753102#0	Q0	190322#195	0
8753102#0	Q0	190322#208	0
8753102#0	Q0	516816#1	0
8753102#0	Q0	3738170#123	0
8753102#0	Q0	13851946#7	0
8764675#0	Q0	1776901#3	1
8764675#0	Q0	86482#4	1
8764675#0	Q0	356902#5	0
8764675#0	Q0	45821#1	0
8764675#0	Q0	12398160#24	0
8764675#0	Q0	48198#19	0
8764675#0	Q0	45821#5	0
8764675#0	Q0	470#4	0
8764675#0	Q0	1377936#146	0
8764675#0	Q0	213357#1	0
8811877#0	Q0	237419#16	1
8811877#0	Q0	4706238#31	0
8811877#0	Q0	4706238#26	0
8811877#0	Q0	4706238#24	0
8811877#0	Q0	1377682#2	0
8811877#0	Q0	4706238#25	0
8811877#0	Q0	3812572#2	0
8811877#0	Q0	4706238#18	0
8811877#0	Q0	4706238#27	0
8811877#0	Q0	4706238#459	0
8811959#0	Q0	285558#8	1
8811959#0	Q0	2834283#4	1
8811959#0	Q0	13382268#4	1
8811959#0	Q0	285558#7	1
8811959#0	Q0	3668466#4	1
8811959#0	Q0	6279199#4	0
8811959#0	Q0	240353#9	0
8811959#0	Q0	2834304#3	0
8811959#0	Q0	5753588#0	0
8811959#0	Q0	5577500#0	0
8836427#0	Q0	11206854#0	1
8836427#0	Q0	12175#20	1
8836427#0	Q0	243216#30	0
8836427#0	Q0	236316#23	0
8836427#0	Q0	1063794#0	0
8836427#0	Q0	236316#20	0
8836427#0	Q0	11206854#1	0
8836427#0	Q0	236316#1	0
8836427#0	Q0	137371#35	0
8836427#0	Q0	236316#4	0
8848543#0	Q0	260374#6	1
8848543#0	Q0	4990486#6	1
8848543#0	Q0	1880327#4	0
8848543#0	Q0	11796280#0	0
8848543#0	Q0	66284#2	0
8848543#0	Q0	1311977#13	0
8848543#0	Q0	1384914#3	0
8848543#0	Q0	6455299#0	0
8848543#0	Q0	3125302#0	0
8848543#0	Q0	80804#0	0
885292#0	Q0	313793#19	1
885292#0	Q0	103496#7	1
885292#0	Q0	3579826#27	0
885292#0	Q0	12021923#9	0
885292#0	Q0	445276#8	0
885292#0	Q0	12021923#14	0
885292#0	Q0	12021923#10	0
885292#0	Q0	118444#39	0
885292#0	Q0	12464794#10	0
885292#0	Q0	518832#1	0
8866406#0	Q0	2697706#0	1
8866406#0	Q0	13558531#5	1
8866406#0	Q0	1384914#6	0
8866406#0	Q0	2697706#21	0
8866406#0	Q0	1223206#5	0
8866406#0	Q0	6414626#5	0
8866406#0	Q0	557535#112	0
8866406#0	Q0	2697706#12	0
8866406#0	Q0	2697706#5	0
8866406#0	Q0	132800#0	0
895989#0	Q0	393901#0	1
895989#0	Q0	444290#6	1
895989#0	Q0	6474041#3	0
895989#0	Q0	13139323#50	0
895989#0	Q0	21432#18	0
895989#0	Q0	14315215#12	0
895989#0	Q0	13133746#21	0
895989#0	Q0	575#0	0
895989#0	Q0	1508#108	0
895989#0	Q0	8978214#25	0
8963147#0	Q0	565#93	1
8963147#0	Q0	1188729#0	1
8963147#0	Q0	565#95	1
8963147#0	Q0	379249#0	1
8963147#0	Q0	2693379#4	1
8963147#0	Q0	7691466#1	0
8963147#0	Q0	7709919#15	0
8963147#0	Q0	4110171#11	0
8963147#0	Q0	1188729#1	0
8963147#0	Q0	1188729#4	0
8975588#0	Q0	27101#48	1
8975588#0	Q0	3476745#1	1
8975588#0	Q0	4871967#17	0
8975588#0	Q0	10762186#3	0
8975588#0	Q0	10177744#12	0
8975588#0	Q0	27101#13	0
8975588#0	Q0	352392#6	0
8975588#0	Q0	132675#23	0
8975588#0	Q0	132675#9	0
8975588#0	Q0	164475#8	0
8979010#0	Q0	358751#59	1
8979010#0	Q0	4175940#6	1
8979010#0	Q0	3045892#135	1
8979010#0	Q0	4873904#24	0
8979010#0	Q0	4873904#39	0
8979010#0	Q0	268902#2	0
8979010#0	Q0	22445#13	0
8979010#0	Q0	4873904#13	0
8979010#0	Q0	4873904#53	0
8979010#0	Q0	4873904#23	0
89978#0	Q0	12336272#0	1
89978#0	Q0	48165#127	1
89978#0	Q0	67411#3	0
89978#0	Q0	14516456#16	0
89978#0	Q0	9289538#9	0
89978#0	Q0	47553#3	0
89978#0	Q0	13553229#6	0
89978#0	Q0	6977122#2	0
89978#0	Q0	67411#10	0
89978#0	Q0	89579#2	0
9004891#0	Q0	181897#0	1
9004891#0	Q0	1316782#12	1
9004891#0	Q0	48182#9	1
9004891#0	Q0	48182#1	1
9004891#0	Q0	181897#50	0
9004891#0	Q0	181897#63	0
9004891#0	Q0	181897#30	0
9004891#0	Q0	181897#2	0
9004891#0	Q0	128808#12	0
9004891#0	Q0	352881#32	0
9021705#0	Q0	123157#21	1
9021705#0	Q0	64#2	0
9021705#0	Q0	7090898#1	0
9021705#0	Q0	1865586#0	0
9021705#0	Q0	973703#0	0
9021705#0	Q0	798#7	0
9021705#0	Q0	973703#68	0
9021705#0	Q0	10388540#7	0
9021705#0	Q0	10146714#1	0
9021705#0	Q0	973703#43	0
9026771#0	Q0	1956016#1	1
9026771#0	Q0	4011875#3	0
9026771#0	Q0	494437#11	0
9026771#0	Q0	8986235#0	0
9026771#0	Q0	7404310#0	0
9026771#0	Q0	4011875#6	0
9026771#0	Q0	494437#5	0
9026771#0	Q0	7404310#3	0
9026771#0	Q0	4011875#9	0
9026771#0	Q0	1956016#0	0
9031234#0	Q0	560011#1	1
9031234#0	Q0	835058#19	1
9031234#0	Q0	560011#4	0
9031234#0	Q0	5972475#15	0
9031234#0	Q0	817931#0	0
9031234#0	Q0	4110606#2	0
9031234#0	Q0	70269#1	0
9031234#0	Q0	70269#13	0
9031234#0	Q0	560011#0	0
9031234#0	Q0	642906#0	0
904200#0	Q0	3281726#2	1
904200#0	Q0	14302839#35	0
904200#0	Q0	13728915#7	0
904200#0	Q0	9337321#36	0
904200#0	Q0	9337321#11	0
904200#0	Q0	13491886#1	0
904200#0	Q0	14414809#1	0
904200#0	Q0	13306672#3	0
904200#0	Q0	12936109#15	0
904200#0	Q0	484079#11	0
90696#0	Q0	3714660#26	1
90696#0	Q0	5328777#32	1
90696#0	Q0	2543000#10	1
90696#0	Q0	3714660#4	0
90696#0	Q0	12249221#2	0
90696#0	Q0	2678787#2	0
90696#0	Q0	12249221#1	0
90696#0	Q0	3714660#19	0
90696#0	Q0	3360387#4	0
90696#0	Q0	3714660#21	0
9110586#0	Q0	3230700#7	1
9110586#0	Q0	5657708#0	0
9110586#0	Q0	797813#184	0
9110586#0	Q0	103790#13	0
9110586#0	Q0	468982#10	0
9110586#0	Q0	1624#6	0
9110586#0	Q0	1784027#22	0
9110586#0	Q0	3230700#11	0
9110586#0	Q0	468982#21	0
9110586#0	Q0	1624#5	0
9125794#0	Q0	2073460#0	1
9125794#0	Q0	618963#0	1
9125794#0	Q0	12617739#6	1
9125794#0	Q0	5138027#3	1
9125794#0	Q0	618963#3	1
9125794#0	Q0	8202464#4	1
9125794#0	Q0	2073460#1	0
9125794#0	Q0	117613#56	0
9125794#0	Q0	5140617#2	0
9125794#0	Q0	1329368#3	0
913349#0	Q0	26111#5	1
913349#0	Q0	13785774#15	1
913349#0	Q0	188937#3	1
913349#0	Q0	188937#4	1
913349#0	Q0	26111#1	1
913349#0	Q0	658166#6	0
913349#0	Q0	1166250#5	0
913349#0	Q0	883189#0	0
913349#0	Q0	13785774#12	0
913349#0	Q0	26111#90	0
9142098#0	Q0	1185432#4	1
9142098#0	Q0	1135283#2	1
9142098#0	Q0	13887534#14	1
9142098#0	Q0	13706574#2	1
9142098#0	Q0	3457063#6	1
9142098#0	Q0	1539134#6	0
9142098#0	Q0	1539134#8	0
9142098#0	Q0	8492321#8	0
9142098#0	Q0	11881072#10	0
9142098#0	Q0	13887534#9	0
9142572#0	Q0	864541#0	1
9142572#0	Q0	75061#64	1
9142572#0	Q0	2807997#4	0
9142572#0	Q0	1326183#0	0
9142572#0	Q0	853988#4	0
9142572#0	Q0	1420762#2	0
9142572#0	Q0	114657#45	0
9142572#0	Q0	864541#11	0
9142572#0	Q0	1326183#1	0
9142572#0	Q0	12541798#1	0
9194085#0	Q0	101557#0	1
9194085#0	Q0	101557#4	1
9194085#0	Q0	101557#1	0
9194085#0	Q0	101557#9	0
9194085#0	Q0	101557#16	0
9194085#0	Q0	2494890#346	0
9194085#0	Q0	101557#2	0
9194085#0	Q0	101557#3	0
9194085#0	Q0	31049#0	0
9194085#0	Q0	7696659#22	0
9194472#0	Q0	13873512#2	1
9194472#0	Q0	26654#58	0
9194472#0	Q0	26654#24	0
9194472#0	Q0	26654#33	0
9194472#0	Q0	26654#52	0
9194472#0	Q0	26654#30	0
9194472#0	Q0	26654#28	0
9194472#0	Q0	1407586#27	0
9194472#0	Q0	9715806#0	0
9194472#0	Q0	26654#72	0
9198219#0	Q0	1443382#29	1
9198219#0	Q0	81592#10	0
9198219#0	Q0	81592#0	0
9198219#0	Q0	81592#1	0
9198219#0	Q0	81592#16	0
9198219#0	Q0	1443382#25	0
9198219#0	Q0	606867#0	0
9198219#0	Q0	81592#38	0
9198219#0	Q0	81592#8	0
9198219#0	Q0	1443382#27	0
9202838#0	Q0	1998#11	1
9202838#0	Q0	39139#0	0
9202838#0	Q0	97413#6	0
9202838#0	Q0	26079#12	0
9202838#0	Q0	97413#1	0
9202838#0	Q0	160352#4	0
9202838#0	Q0	12956345#1	0
9202838#0	Q0	26079#3	0
9202838#0	Q0	9202838#0	0
9202838#0	Q0	95820#14	0
9207874#0	Q0	1450871#2	1
9207874#0	Q0	7060157#1	1
9207874#0	Q0	1094#79	0
9207874#0	Q0	5680892#1	0
9207874#0	Q0	13760541#3	0
9207874#0	Q0	13760541#0	0
9207874#0	Q0	1095#242	0
9207874#0	Q0	2915138#16	0
9207874#0	Q0	8321302#0	0
9207874#0	Q0	6764#130	0
9210473#0	Q0	1944069#0	1
9210473#0	Q0	1944069#4	1
9210473#0	Q0	1944069#11	1
9210473#0	Q0	5038777#40	0
9210473#0	Q0	1944069#7	0
9210473#0	Q0	1944069#6	0
9210473#0	Q0	1944069#9	0
9210473#0	Q0	1944069#5	0
9210473#0	Q0	9251402#0	0
9210473#0	Q0	1944069#25	0
9213449#0	Q0	182#6	1
9213449#0	Q0	3818659#5	0
9213449#0	Q0	413837#4	0
9213449#0	Q0	4291415#1	0
9213449#0	Q0	3818659#4	0
9213449#0	Q0	54892#37	0
9213449#0	Q0	3818659#13	0
9213449#0	Q0	852855#52	0
9213449#0	Q0	4852126#0	0
9213449#0	Q0	3818659#3	0
9214179#0	Q0	5186803#2	1
9214179#0	Q0	10510680#2	0
9214179#0	Q0	571322#5	0
9214179#0	Q0	8692163#5	0
9214179#0	Q0	241112#13	0
9214179#0	Q0	14025019#6	0
9214179#0	Q0	5849440#25	0
9214179#0	Q0	9103324#1	0
9214179#0	Q0	595142#86	0
9214179#0	Q0	1443#77	0
9215809#0	Q0	306946#3	1
9215809#0	Q0	11572256#0	0
9215809#0	Q0	11362330#2	0
9215809#0	Q0	14373531#2	0
9215809#0	Q0	11362330#1	0
9215809#0	Q0	11572256#1	0
9215809#0	Q0	11572256#3	0
9215809#0	Q0	834614#2	0
9215809#0	Q0	4050296#99	0
9215809#0	Q0	495043#11	0
9218325#0	Q0	612569#0	1
9218325#0	Q0	646249#0	1
9218325#0	Q0	9775027#4	1
9218325#0	Q0	644433#0	1
9218325#0	Q0	644375#0	1
9218325#0	Q0	9005616#0	1
9218325#0	Q0	3717683#40	1
9218325#0	Q0	11350454#22	1
9218325#0	Q0	4839754#0	0
9218325#0	Q0	615170#13	0
9232934#0	Q0	682306#3	1
9232934#0	Q0	45880#4	1
9232934#0	Q0	4955781#5	1
9232934#0	Q0	682306#4	1
9232934#0	Q0	1085075#11	1
9232934#0	Q0	2907522#15	0
9232934#0	Q0	3249244#3	0
9232934#0	Q0	457109#3	0
9232934#0	Q0	367237#0	0
9232934#0	Q0	13325621#23	0
9236110#0	Q0	27565#130	1
9236110#0	Q0	10458443#1	1
9236110#0	Q0	14012185#3	1
9236110#0	Q0	7205917#1	1
9236110#0	Q0	3888513#10	1
9236110#0	Q0	164592#7	0
9236110#0	Q0	3347014#4	0
9236110#0	Q0	7784609#6	0
9236110#0	Q0	9327270#15	0
9236110#0	Q0	38128#19	0
9248177#0	Q0	523#5	1
9248177#0	Q0	23995#82	0
9248177#0	Q0	760#5	0
9248177#0	Q0	23995#66	0
9248177#0	Q0	274658#4	0
9248177#0	Q0	803137#1	0
9248177#0	Q0	23995#36	0
9248177#0	Q0	322256#3	0
9248177#0	Q0	372872#2	0
9248177#0	Q0	4264345#4	0
9249392#0	Q0	6315253#0	1
9249392#0	Q0	9434695#10	1
9249392#0	Q0	9434695#3	1
9249392#0	Q0	6315253#36	0
9249392#0	Q0	9434695#0	0
9249392#0	Q0	6315253#16	0
9249392#0	Q0	9434695#6	0
9249392#0	Q0	6315253#2	0
9249392#0	Q0	7085157#0	0
9249392#0	Q0	2494890#290	0
926819#0	Q0	730092#1	1
926819#0	Q0	4547124#0	1
926819#0	Q0	13949119#0	1
926819#0	Q0	730092#16	0
926819#0	Q0	6749084#29	0
926819#0	Q0	730092#9	0
926819#0	Q0	730092#5	0
926819#0	Q0	199357#3	0
926819#0	Q0	730092#6	0
926819#0	Q0	4072688#0	0
9287385#0	Q0	827123#5	1
9287385#0	Q0	827123#0	0
9287385#0	Q0	664525#2	0
9287385#0	Q0	3998569#0	0
9287385#0	Q0	5939#3	0
9287385#0	Q0	602476#53	0
9287385#0	Q0	652128#4	0
9287385#0	Q0	827123#1	0
9287385#0	Q0	5939#1	0
9287385#0	Q0	5939#6	0
9289948#0	Q0	9289948#0	1
9289948#0	Q0	9289948#1	0
9289948#0	Q0	7263616#8	0
9289948#0	Q0	9289948#2	0
9289948#0	Q0	9289948#3	0
9289948#0	Q0	8326242#11	0
9289948#0	Q0	9733237#2	0
9289948#0	Q0	6615260#1	0
929393#0	Q0	1108459#1	1
929393#0	Q0	10974625#1	0
929393#0	Q0	4821019#0	0
929393#0	Q0	9593761#0	0
929393#0	Q0	1108459#4	0
929393#0	Q0	11192814#3	0
929393#0	Q0	13242600#1	0
929393#0	Q0	11361574#5	0
929393#0	Q0	7768947#1	0
929393#0	Q0	10974625#4	0
929396#0	Q0	5039287#0	1
929396#0	Q0	370958#65	1
929396#0	Q0	5481300#5	0
929396#0	Q0	5039287#106	0
929396#0	Q0	5039287#74	0
929396#0	Q0	5039287#3	0
929396#0	Q0	5039287#23	0
929396#0	Q0	5039287#2	0
929396#0	Q0	189#31	0
929396#0	Q0	5039287#15	0
9308132#0	Q0	7504#3	1
9308132#0	Q0	3401845#3	1
9308132#0	Q0	1051885#7	1
9308132#0	Q0	162051#2	0
9308132#0	Q0	162050#0	0
9308132#0	Q0	162051#3	0
9308132#0	Q0	162051#4	0
9308132#0	Q0	114680#8	0
9308132#0	Q0	162051#0	0
9308132#0	Q0	1125510#1	0
9308616#0	Q0	835029#17	1
9308616#0	Q0	6000019#24	1
9308616#0	Q0	6000019#15	1
9308616#0	Q0	1319#72	1
9308616#0	Q0	6000019#0	0
9308616#0	Q0	6000019#60	0
9308616#0	Q0	6000019#40	0
9308616#0	Q0	12121160#2	0
9308616#0	Q0	10378206#1	0
9308616#0	Q0	6000019#61	0
9315246#0	Q0	351429#2	1
9315246#0	Q0	12191325#1	0
9315246#0	Q0	4522022#3	0
9315246#0	Q0	3210480#3	0
9315246#0	Q0	13561886#0	0
9315246#0	Q0	13561886#4	0
9315246#0	Q0	2028185#2	0
9315246#0	Q0	14013286#1	0
9315246#0	Q0	780497#0	0
9315246#0	Q0	5622094#0	0
9339090#0	Q0	10191791#0	1
9339090#0	Q0	8749783#0	1
9339090#0	Q0	8202899#15	0
9339090#0	Q0	8770071#12	0
9339090#0	Q0	3909722#20	0
9339090#0	Q0	7258702#34	0
9339090#0	Q0	14391311#23	0
9339090#0	Q0	12745965#2	0
9339090#0	Q0	12748009#2	0
9339090#0	Q0	10957680#2	0
934918#0	Q0	3652037#27	1
934918#0	Q0	3588315#7	0
934918#0	Q0	13211630#10	0
934918#0	Q0	3512471#38	0
934918#0	Q0	12545372#26	0
934918#0	Q0	49475#12	0
934918#0	Q0	9596972#0	0
934918#0	Q0	1741922#34	0
934918#0	Q0	6011211#16	0
934918#0	Q0	3574820#60	0
9380079#0	Q0	11474316#8	1
9380079#0	Q0	10925#9	1
9380079#0	Q0	638308#1	0
9380079#0	Q0	10925#87	0
9380079#0	Q0	638308#0	0
9380079#0	Q0	10925#96	0
9380079#0	Q0	638308#17	0
9380079#0	Q0	638308#28	0
9380079#0	Q0	638308#23	0
9380079#0	Q0	10925#7	0
9381131#0	Q0	3316#6	1
9381131#0	Q0	3064448#30	0
9381131#0	Q0	4312342#8	0
9381131#0	Q0	4312342#7	0
9381131#0	Q0	1221026#7	0
9381131#0	Q0	847050#5	0
9381131#0	Q0	847344#3	0
9381131#0	Q0	3316#24	0
9381131#0	Q0	5766811#11	0
9381131#0	Q0	3316#8	0
9390314#0	Q0	1485929#4	1
9390314#0	Q0	4162032#6	0
9390314#0	Q0	13900800#0	0
9390314#0	Q0	13631252#2	0
9390314#0	Q0	4162032#0	0
9390314#0	Q0	155620#38	0
9390314#0	Q0	159137#37	0
9390314#0	Q0	8228676#7	0
9390314#0	Q0	13264390#4	0
9390314#0	Q0	5160084#1	0
9408677#0	Q0	23633#0	1
9408677#0	Q0	23633#29	0
9408677#0	Q0	401081#17	0
9408677#0	Q0	763707#5	0
9408677#0	Q0	275996#6	0
9408677#0	Q0	7163505#28	0
9408677#0	Q0	7310302#14	0
9408677#0	Q0	10671377#3	0
9408677#0	Q0	7268446#23	0
9408677#0	Q0	23633#1	0
9413986#0	Q0	4404838#190	1
9413986#0	Q0	4404838#119	1
9413986#0	Q0	4404838#107	0
9413986#0	Q0	3060066#10	0
9413986#0	Q0	5793801#20	0
9413986#0	Q0	4404838#108	0
9413986#0	Q0	90541#12	0
9413986#0	Q0	4404838#140	0
9413986#0	Q0	61570#41	0
9413986#0	Q0	4404838#95	0
942352#0	Q0	7546#2	1
942352#0	Q0	7546#3	0
942352#0	Q0	6102630#6	0
942352#0	Q0	7079194#3	0
942352#0	Q0	206381#1	0
942352#0	Q0	109973#2	0
942352#0	Q0	204911#2	0
942352#0	Q0	58685#9	0
942352#0	Q0	791373#1	0
942352#0	Q0	4053118#2	0
9425124#0	Q0	37947#1	1
9425124#0	Q0	12322#0	0
9425124#0	Q0	855635#53	0
9425124#0	Q0	12322#46	0
9425124#0	Q0	12322#40	0
9425124#0	Q0	12322#62	0
9425124#0	Q0	5861249#3	0
9425124#0	Q0	12322#9	0
9425124#0	Q0	12322#51	0
9425124#0	Q0	12322#59	0
9425436#0	Q0	997520#0	1
9425436#0	Q0	604770#0	1
9425436#0	Q0	1373831#3	1
9425436#0	Q0	1418798#0	0
9425436#0	Q0	2009#299	0
9425436#0	Q0	5867917#53	0
9425436#0	Q0	6020145#0	0
9425436#0	Q0	1418798#5	0
9425436#0	Q0	1373852#0	0
9425436#0	Q0	1418798#1	0
9461805#0	Q0	3191966#1	1
9461805#0	Q0	3204453#18	1
9461805#0	Q0	1561557#1	1
9461805#0	Q0	884861#26	1
9461805#0	Q0	884861#29	0
9461805#0	Q0	755233#3	0
9461805#0	Q0	1591328#44	0
9461805#0	Q0	1591328#8	0
9461805#0	Q0	641244#5	0
9461805#0	Q0	1591328#13	0
9467841#0	Q0	9662303#5	1
9467841#0	Q0	3387473#4	1
9467841#0	Q0	6460941#0	0
9467841#0	Q0	6460942#0	0
9467841#0	Q0	6460922#0	0
9467841#0	Q0	6460944#0	0
9467841#0	Q0	6460988#0	0
9467841#0	Q0	6460995#0	0
9467841#0	Q0	7558#10	0
9467841#0	Q0	78159#1	0
9474544#0	Q0	181#52	1
9474544#0	Q0	65701#9	1
9474544#0	Q0	13021528#1	0
9474544#0	Q0	895721#1	0
9474544#0	Q0	2751#32	0
9474544#0	Q0	809707#9	0
9474544#0	Q0	11860522#2	0
9474544#0	Q0	12682233#2	0
9474544#0	Q0	11322307#4	0
9474544#0	Q0	77811#8	0
94860#0	Q0	84210#0	1
94860#0	Q0	100763#40	1
94860#0	Q0	84210#7	0
94860#0	Q0	10639028#0	0
94860#0	Q0	84210#5	0
94860#0	Q0	84210#1	0
94860#0	Q0	84210#8	0
94860#0	Q0	84210#3	0
94860#0	Q0	84210#9	0
94860#0	Q0	84210#15	0
94888#0	Q0	100443#11	1
94888#0	Q0	9970#57	0
94888#0	Q0	499202#7	0
94888#0	Q0	100443#14	0
94888#0	Q0	1249543#15	0
94888#0	Q0	809934#31	0
94888#0	Q0	2768#81	0
94888#0	Q0	145421#4	0
94888#0	Q0	145421#1	0
94888#0	Q0	27195#36	0
9567602#0	Q0	40162#1	1
9567602#0	Q0	3921468#26	1
9567602#0	Q0	27525#18	1
9567602#0	Q0	227551#9	0
9567602#0	Q0	40162#19	0
9567602#0	Q0	618495#2	0
9567602#0	Q0	40162#20	0
9567602#0	Q0	40162#13	0
9567602#0	Q0	40162#4	0
9567602#0	Q0	1373879#5	0
9573917#0	Q0	17141#0	1
9573917#0	Q0	8784070#0	1
9573917#0	Q0	3801135#0	0
9573917#0	Q0	2680547#0	0
9573917#0	Q0	135920#0	0
9573917#0	Q0	13416559#0	0
9573917#0	Q0	1275516#0	0
9573917#0	Q0	17141#87	0
9573917#0	Q0	1444407#0	0
9573917#0	Q0	17141#102	0
9586912#0	Q0	7370593#4	1
9586912#0	Q0	42717#2	0
9586912#0	Q0	3525573#18	0
9586912#0	Q0	42717#20	0
9586912#0	Q0	42717#14	0
9586912#0	Q0	42717#15	0
9586912#0	Q0	42717#1	0
9586912#0	Q0	42717#21	0
9586912#0	Q0	42717#12	0
9586912#0	Q0	3525573#21	0
9588028#0	Q0	1018595#20	1
9588028#0	Q0	1018595#1	0
9588028#0	Q0	1018595#39	0
9588028#0	Q0	1018595#3	0
9588028#0	Q0	1018595#34	0
9588028#0	Q0	1018595#4	0
9588028#0	Q0	5211#75	0
9588028#0	Q0	2036768#1	0
9588028#0	Q0	1018595#25	0
9588028#0	Q0	120847#12	0
9604710#0	Q0	114153#5	1
9604710#0	Q0	1590005#61	1
9604710#0	Q0	114153#23	0
9604710#0	Q0	114153#0	0
9604710#0	Q0	2034942#1	0
9604710#0	Q0	96195#6	0
9604710#0	Q0	12571#19	0
9604710#0	Q0	96195#15	0
9604710#0	Q0	5335418#2	0
9604710#0	Q0	114153#42	0
9608008#0	Q0	2179#149	1
9608008#0	Q0	30305#61	1
9608008#0	Q0	2179#66	0
9608008#0	Q0	3623807#6	0
9608008#0	Q0	444091#3	0
9608008#0	Q0	1653733#0	0
9608008#0	Q0	7130728#0	0
9608008#0	Q0	495941#0	0
9608008#0	Q0	805157#1	0
9608008#0	Q0	1407366#4	0
9612292#0	Q0	32145#0	1
9612292#0	Q0	32145#1	0
9612292#0	Q0	32145#6	0
9612292#0	Q0	32148#0	0
9612292#0	Q0	9425#28	0
9612292#0	Q0	298619#2	0
9612292#0	Q0	199384#7	0
9612292#0	Q0	32145#71	0
9612292#0	Q0	32145#66	0
9612292#0	Q0	32145#8	0
961376#0	Q0	5564239#1	1
961376#0	Q0	1285217#3	1
961376#0	Q0	233380#31	0
961376#0	Q0	504567#8	0
961376#0	Q0	374360#19	0
961376#0	Q0	1285217#11	0
961376#0	Q0	1285217#5	0
961376#0	Q0	179383#20	0
961376#0	Q0	1285217#0	0
961376#0	Q0	1285217#4	0
962438#0	Q0	288913#1	1
962438#0	Q0	196689#1	1
962438#0	Q0	288913#7	1
962438#0	Q0	288913#10	1
962438#0	Q0	8666#78	1
962438#0	Q0	117137#25	0
962438#0	Q0	288913#5	0
962438#0	Q0	288913#6	0
962438#0	Q0	288913#17	0
962438#0	Q0	288913#2	0
9637458#0	Q0	52250#0	1
9637458#0	Q0	651325#76	1
9637458#0	Q0	9368064#1	0
9637458#0	Q0	13611488#0	0
9637458#0	Q0	9368064#0	0
9637458#0	Q0	14341291#0	0
9637458#0	Q0	8181427#0	0
9637458#0	Q0	5424266#0	0
9637458#0	Q0	11241999#0	0
9637458#0	Q0	5424266#1	0
9698354#0	Q0	3214304#9	1
9698354#0	Q0	13770290#0	0
9698354#0	Q0	13771070#0	0
9698354#0	Q0	13936209#1	0
9698354#0	Q0	13130455#0	0
9698354#0	Q0	12646308#0	0
9698354#0	Q0	12960527#0	0
9698354#0	Q0	3997814#25	0
9698354#0	Q0	10260175#16	0
9698354#0	Q0	10394301#17	0
970192#0	Q0	3500349#0	1
970192#0	Q0	970192#0	0
970192#0	Q0	1226259#1	0
970192#0	Q0	3488758#3	0
970192#0	Q0	142743#12	0
970192#0	Q0	2904513#0	0
970192#0	Q0	8150139#12	0
970192#0	Q0	7732277#4	0
970192#0	Q0	4138288#0	0
970192#0	Q0	9566050#4	0
97387#0	Q0	11474316#8	1
97387#0	Q0	10925#96	1
97387#0	Q0	10925#7	1
97387#0	Q0	638308#1	0
97387#0	Q0	10925#87	0
97387#0	Q0	638308#0	0
97387#0	Q0	638308#17	0
97387#0	Q0	638308#28	0
97387#0	Q0	638308#23	0
97387#0	Q0	10925#9	0
9744923#0	Q0	3588645#41	1
9744923#0	Q0	1508#145	1
9744923#0	Q0	1530165#5	0
9744923#0	Q0	20143#34	0
9744923#0	Q0	4404483#0	0
9744923#0	Q0	1265899#13	0
9744923#0	Q0	1021207#2	0
9744923#0	Q0	430529#7	0
9744923#0	Q0	1018661#7	0
9744923#0	Q0	10343575#123	0
9769495#0	Q0	303385#0	1
9769495#0	Q0	865440#0	0
9769495#0	Q0	865409#0	0
9769495#0	Q0	6012989#0	0
9769495#0	Q0	14665099#0	0
9769495#0	Q0	5203592#0	0
9769495#0	Q0	9733889#0	0
9769495#0	Q0	13135934#0	0
9769495#0	Q0	6086891#0	0
9769495#0	Q0	479687#2	0
977580#0	Q0	1091861#0	1
977580#0	Q0	4072#56	0
977580#0	Q0	6730456#0	0
977580#0	Q0	1091861#1	0
977580#0	Q0	1091861#2	0
977580#0	Q0	1092455#0	0
977580#0	Q0	2019191#4	0
977580#0	Q0	440842#18	0
977580#0	Q0	4404276#52	0
977580#0	Q0	2461102#0	0
9782043#0	Q0	1276998#114	1
9782043#0	Q0	2968042#0	1
9782043#0	Q0	4731928#59	0
9782043#0	Q0	13302380#2	0
9782043#0	Q0	2968042#16	0
9782043#0	Q0	1510#86	0
9782043#0	Q0	2968042#19	0
9782043#0	Q0	6423422#27	0
9782043#0	Q0	2968042#6	0
9782043#0	Q0	547730#5	0
9806677#0	Q0	9637004#0	1
9806677#0	Q0	9637004#1	0
9806677#0	Q0	7828679#1	0
9806677#0	Q0	7828679#2	0
9806677#0	Q0	7828679#0	0
9806677#0	Q0	4441156#1	0
9806677#0	Q0	112889#3	0
9806677#0	Q0	2442293#143	0
9806677#0	Q0	1086235#9	0
9806677#0	Q0	8060945#2	0
9806788#0	Q0	3915423#9	1
9806788#0	Q0	913309#15	0
9806788#0	Q0	3682433#21	0
9806788#0	Q0	12336666#3	0
9806788#0	Q0	8769690#13	0
9806788#0	Q0	9745144#2	0
9806788#0	Q0	3990542#27	0
9806788#0	Q0	1422887#25	0
9806788#0	Q0	645061#0	0
9806788#0	Q0	12095236#2	0
98245#0	Q0	12272#15	1
98245#0	Q0	45352#7	1
98245#0	Q0	12272#1	1
98245#0	Q0	26327#102	0
98245#0	Q0	12255#24	0
98245#0	Q0	12257#9	0
98245#0	Q0	12261#4	0
98245#0	Q0	12253#34	0
98245#0	Q0	12262#11	0
98245#0	Q0	12264#15	0
9834447#0	Q0	11742712#0	1
9834447#0	Q0	13242925#5	0
9834447#0	Q0	13229618#1	0
9834447#0	Q0	13229618#9	0
9834447#0	Q0	14387015#8	0
9834447#0	Q0	13242925#1	0
9834447#0	Q0	13240909#1	0
9834447#0	Q0	13238611#7	0
9834447#0	Q0	6769372#38	0
9834447#0	Q0	13238611#1	0
9859489#0	Q0	23012#0	1
9859489#0	Q0	23012#34	1
9859489#0	Q0	23012#7	0
9859489#0	Q0	23012#5	0
9859489#0	Q0	23012#8	0
9859489#0	Q0	41851#57	0
9859489#0	Q0	23012#25	0
9859489#0	Q0	23012#13	0
9859489#0	Q0	23012#14	0
9859489#0	Q0	23012#91	0
9863790#0	Q0	5870905#21	1
9863790#0	Q0	902968#23	1
9863790#0	Q0	1003535#1	0
9863790#0	Q0	14333957#23	0
9863790#0	Q0	14333957#1	0
9863790#0	Q0	847599#27	0
9863790#0	Q0	5606707#0	0
9863790#0	Q0	12583#18	0
9863790#0	Q0	8019780#2	0
9863790#0	Q0	358297#22	0
9910246#0	Q0	11571343#0	1
9910246#0	Q0	11571343#2	0
9910246#0	Q0	90610#1	0
9910246#0	Q0	445747#2	0
9910246#0	Q0	90610#2	0
9910246#0	Q0	90610#0	0
9910246#0	Q0	182311#1	0
9910246#0	Q0	13942#4	0
9910246#0	Q0	18341#9	0
9910246#0	Q0	121432#0	0
9913368#0	Q0	181897#0	1
9913368#0	Q0	5288773#3	0
9913368#0	Q0	48182#9	0
9913368#0	Q0	3655501#4	0
9913368#0	Q0	181897#16	0
9913368#0	Q0	5288773#10	0
9913368#0	Q0	181897#1	0
9913368#0	Q0	181897#15	0
9913368#0	Q0	8270526#6	0
9913368#0	Q0	181897#55	0
9922752#0	Q0	6325330#0	1
9922752#0	Q0	3586121#2	0
9922752#0	Q0	3586121#0	0
9922752#0	Q0	3586121#15	0
9922752#0	Q0	11872140#1	0
9922752#0	Q0	3586121#4	0
9922752#0	Q0	3586121#19	0
9922752#0	Q0	3586121#1	0
9922752#0	Q0	3586121#3	0
9922752#0	Q0	562592#16	0
9925182#0	Q0	1443382#27	1
9925182#0	Q0	143943#29	1
9925182#0	Q0	13441770#7	1
9925182#0	Q0	788389#9	1
9925182#0	Q0	143943#15	0
9925182#0	Q0	143943#0	0
9925182#0	Q0	143943#14	0
9925182#0	Q0	3357567#7	0
9925182#0	Q0	3007793#11	0
9925182#0	Q0	1382687#21	0
9930565#0	Q0	4321574#0	1
9930565#0	Q0	4321574#10	0
9930565#0	Q0	4321574#15	0
9930565#0	Q0	4321574#12	0
9930565#0	Q0	4321574#21	0
9930565#0	Q0	12515201#0	0
9930565#0	Q0	4321574#9	0
9930565#0	Q0	4321574#11	0
9930565#0	Q0	4321574#20	0
9930565#0	Q0	4321574#13	0
99416#0	Q0	5854383#2	1
99416#0	Q0	52457#6	0
99416#0	Q0	52457#0	0
99416#0	Q0	52457#4	0
99416#0	Q0	10956668#2	0
99416#0	Q0	11865868#6	0
99416#0	Q0	9120503#2	0
99416#0	Q0	11816423#8	0
99416#0	Q0	11101475#0	0
99416#0	Q0	1888364#5	0
9962495#0	Q0	101675#0	1
9962495#0	Q0	101675#14	0
9962495#0	Q0	101675#15	0
9962495#0	Q0	101675#5	0
9962495#0	Q0	12378549#4	0
9962495#0	Q0	130382#8	0
9962495#0	Q0	10190252#3	0
9962495#0	Q0	2713#15	0
9962495#0	Q0	9505225#25	0
9962495#0	Q0	45098#30	0
9963705#0	Q0	432696#8	1
9963705#0	Q0	432696#9	1
9963705#0	Q0	10853#186	1
9963705#0	Q0	632171#28	1
9963705#0	Q0	432696#38	0
9963705#0	Q0	432696#33	0
9963705#0	Q0	12906633#4	0
9963705#0	Q0	10853#185	0
9963705#0	Q0	287218#0	0
9963705#0	Q0	13398143#10	0
9968036#0	Q0	13086118#82	1
9968036#0	Q0	44232#63	0
9968036#0	Q0	13086118#3	0
9968036#0	Q0	14641443#66	0
9968036#0	Q0	2467290#0	0
9968036#0	Q0	2467290#27	0
9968036#0	Q0	13018715#1	0
9968036#0	Q0	13627476#4	0
9968036#0	Q0	2467290#14	0
9968036#0	Q0	14641443#41	0
9976992#0	Q0	2754078#175	1
9976992#0	Q0	8494723#1	1
9976992#0	Q0	4772193#18	0
9976992#0	Q0	5092779#30	0
9976992#0	Q0	4253863#0	0
9976992#0	Q0	4253863#2	0
9976992#0	Q0	4253863#20	0
9976992#0	Q0	7955982#1	0
9976992#0	Q0	4253863#11	0
9976992#0	Q0	1200#3	0
997968#0	Q0	7083554#3	1
997968#0	Q0	754314#5	1
997968#0	Q0	3006#148	1
997968#0	Q0	7083554#4	0
997968#0	Q0	7083554#0	0
997968#0	Q0	754314#7	0
997968#0	Q0	7083554#1	0
997968#0	Q0	924033#20	0
997968#0	Q0	7083554#10	0
997968#0	Q0	460079#0	0
998997#0	Q0	998997#1	1
998997#0	Q0	998997#0	0
998997#0	Q0	998997#3	0
998997#0	Q0	998997#5	0
998997#0	Q0	238606#5	0
998997#0	Q0	998997#7	0
998997#0	Q0	999042#4	0
998997#0	Q0	930834#4	0
998997#0	Q0	998997#4	0
998997#0	Q0	71269#10	0
