0	Q0	254561#0	1
0	Q0	9572#1	0
2	Q0	34783#28	1
2	Q0	34783#0	0
2	Q0	325124#2	0
2	Q0	34783#35	0
2	Q0	101524#1	0
2	Q0	34783#31	0
2	Q0	34783#10	0
2	Q0	34783#36	0
2	Q0	34783#33	0
2	Q0	34783#8	0
3	Q0	1123845#0	1
3	Q0	286815#0	1
3	Q0	286815#2	0
3	Q0	286815#1	0
3	Q0	1365433#0	0
3	Q0	286815#3	0
3	Q0	286583#0	0
3	Q0	286815#5	0
3	Q0	38066#15	0
3	Q0	224048#0	0
4	Q0	5522#1	1
5	Q0	5877#0	1
6	Q0	13690#0	1
7	Q0	44552#0	1
8	Q0	804794#0	1
9	Q0	37218#0	1
10	Q0	357229#0	1
11	Q0	64674#1	1
13	Q0	20544#2	1
14	Q0	1349241#0	1
15	Q0	56776#1	1
15	Q0	56776#0	1
15	Q0	472326#1	0
15	Q0	472326#0	0
15	Q0	56776#9	0
15	Q0	56776#8	0
15	Q0	56776#11	0
15	Q0	56776#4	0
15	Q0	56776#6	0
15	Q0	56776#5	0
16	Q0	22534#24	1
16	Q0	1491374#0	0
16	Q0	22534#0	0
16	Q0	22534#1	0
16	Q0	22534#2	0
16	Q0	22534#14	0
16	Q0	1464283#0	0
16	Q0	1452665#0	0
16	Q0	1466552#0	0
16	Q0	1475142#0	0
17	Q0	690580#0	1
17	Q0	39095#47	0
17	Q0	15051#0	0
17	Q0	39095#10	0
17	Q0	1055#2	0
17	Q0	15051#32	0
17	Q0	949462#0	0
17	Q0	15051#38	0
17	Q0	270919#0	0
17	Q0	15051#6	0
18	Q0	254756#0	1
18	Q0	12598#1	1
18	Q0	1311538#3	1
18	Q0	254752#0	0
18	Q0	252512#0	0
18	Q0	1320481#14	0
18	Q0	1320481#0	0
18	Q0	1459938#3	0
18	Q0	1279620#41	0
18	Q0	1396121#4	0
20	Q0	6833#2	1
20	Q0	6833#0	1
20	Q0	38706#1	0
20	Q0	6833#4	0
20	Q0	38706#3	0
20	Q0	6833#16	0
20	Q0	6833#3	0
20	Q0	281100#4	0
20	Q0	35672#11	0
20	Q0	6833#19	0
21	Q0	337823#0	1
21	Q0	89711#2	0
21	Q0	833138#3	0
21	Q0	364350#4	0
21	Q0	395658#1	0
21	Q0	97333#8	0
21	Q0	493864#12	0
21	Q0	1413001#2	0
21	Q0	752679#1	0
21	Q0	394914#0	0
21	Q0	757192#3	0
22	Q0	554844#0	1
22	Q0	554844#2	1
22	Q0	554844#1	0
22	Q0	554844#3	0
22	Q0	554844#12	0
22	Q0	554844#11	0
22	Q0	554844#6	0
22	Q0	554844#4	0
22	Q0	657374#1	0
22	Q0	88678#1	0
23	Q0	111100#2	1
23	Q0	1359828#1	0
23	Q0	111100#11	0
23	Q0	111100#1	0
23	Q0	111100#9	0
23	Q0	111100#4	0
23	Q0	1101962#2	0
23	Q0	625829#1	0
23	Q0	167975#3	0
23	Q0	1032776#1	0
24	Q0	280885#0	1
24	Q0	28678#6	1
24	Q0	975504#1	1
24	Q0	463937#77	1
24	Q0	79456#0	1
24	Q0	28678#0	1
24	Q0	49131#100	0
24	Q0	225047#0	0
24	Q0	914108#0	0
24	Q0	40525#3	0
24	Q0	28678#1	0
25	Q0	222201#0	1
25	Q0	984262#5	0
25	Q0	63060#0	0
25	Q0	587565#20	0
25	Q0	1315327#7	0
25	Q0	27746#4	0
25	Q0	845805#0	0
25	Q0	763561#0	0
25	Q0	13226#0	0
25	Q0	235323#0	0
25	Q0	116470#0	0
26	Q0	69#3	1
26	Q0	922661#2	0
26	Q0	69#19	0
26	Q0	1066020#0	0
26	Q0	434863#2	0
26	Q0	69#42	0
26	Q0	69#4	0
26	Q0	69#39	0
26	Q0	732724#11	0
26	Q0	69#50	0
26	Q0	69#12	0
27	Q0	4775#1	1
27	Q0	12350#4	1
27	Q0	4775#0	0
27	Q0	4775#2	0
27	Q0	876758#1	0
27	Q0	23043#4	0
27	Q0	4775#7	0
27	Q0	1011856#1	0
27	Q0	1272656#0	0
27	Q0	929845#0	0
28	Q0	13269#0	1
28	Q0	13226#7	0
28	Q0	191654#4	0
28	Q0	789#2	0
28	Q0	48812#4	0
28	Q0	1112671#1	0
28	Q0	8768#5	0
28	Q0	682592#21	0
28	Q0	256663#5	0
28	Q0	676143#1	0
28	Q0	184164#8	0
29	Q0	296956#1	1
29	Q0	296956#0	0
29	Q0	296956#19	0
29	Q0	296956#6	0
29	Q0	1049994#1	0
29	Q0	296956#18	0
29	Q0	28433#3	0
29	Q0	296956#16	0
29	Q0	296956#15	0
29	Q0	468403#0	0
30	Q0	20414#6	1
30	Q0	307524#1	1
30	Q0	20414#29	1
30	Q0	20414#8	0
30	Q0	145486#3	0
30	Q0	985795#1	0
30	Q0	116382#0	0
30	Q0	8905#5	0
34	Q0	29945#1	1
34	Q0	29944#0	1
34	Q0	234401#2	1
34	Q0	192972#0	0
34	Q0	234401#0	0
34	Q0	73192#0	0
34	Q0	28695#1	0
34	Q0	55170#1	0
34	Q0	29945#5	0
34	Q0	94615#0	0
34	Q0	167441#0	0
36	Q0	1173696#1	1
37	Q0	301663#0	1
39	Q0	1309484#1	1
40	Q0	791207#2	1
41	Q0	1206344#7	1
42	Q0	899503#31	1
44	Q0	168132#0	1
46	Q0	461736#2	1
47	Q0	16945#1	1
48	Q0	6042#26	1
49	Q0	14149#0	1
50	Q0	1180645#0	1
51	Q0	40204#0	1
54	Q0	23741#0	1
55	Q0	776476#3	1
56	Q0	28793#0	1
57	Q0	175289#1	1
58	Q0	1150#0	1
59	Q0	571049#11	1
60	Q0	1084795#0	1
61	Q0	41214#0	1
62	Q0	680869#0	1
64	Q0	131333#0	1
65	Q0	16962#0	1
66	Q0	1077223#0	1
67	Q0	43981#0	1
68	Q0	305128#0	1
69	Q0	43129#0	1
70	Q0	1013691#0	1
71	Q0	37717#0	1
72	Q0	85412#7	1
74	Q0	44055#0	1
75	Q0	521862#0	1
77	Q0	7698#19	1
78	Q0	11913#0	1
79	Q0	392424#4	1
80	Q0	209138#0	1
81	Q0	15543#0	1
82	Q0	15387#0	1
83	Q0	186954#0	1
84	Q0	11803#0	1
86	Q0	1490320#1	1
87	Q0	64227#0	1
88	Q0	625418#0	1
89	Q0	152593#4	1
90	Q0	48779#0	1
91	Q0	735144#0	1
93	Q0	24448#0	1
94	Q0	174675#0	1
95	Q0	9544#9	1
96	Q0	1424397#0	1
98	Q0	286591#2	1
100	Q0	387742#6	1
101	Q0	5959#0	1
103	Q0	19063#0	1
104	Q0	61134#1	1
105	Q0	3776#1	1
106	Q0	381543#0	1
107	Q0	172094#0	1
108	Q0	32035#25	1
109	Q0	5874#110	1
110	Q0	428764#0	1
113	Q0	640215#1	1
114	Q0	1092#75	1
115	Q0	8671#0	1
116	Q0	360665#0	1
118	Q0	29594#2	1
119	Q0	1338#0	1
121	Q0	735962#1	1
124	Q0	224829#13	1
125	Q0	35942#1	1
126	Q0	94302#0	1
128	Q0	196178#2	1
129	Q0	28809#0	1
130	Q0	36279#9	1
131	Q0	534443#0	1
132	Q0	332641#0	1
133	Q0	8667#0	1
135	Q0	64983#0	1
136	Q0	867622#17	1
137	Q0	1276362#0	1
138	Q0	8652#2	1
139	Q0	197#4	1
140	Q0	394117#0	1
141	Q0	1010311#0	1
143	Q0	38048#0	1
144	Q0	5524#17	1
145	Q0	1314443#2	1
145	Q0	1314443#1	1
145	Q0	1314443#0	0
145	Q0	1332#6	0
145	Q0	1314443#7	0
145	Q0	1314443#3	0
145	Q0	1314443#6	0
145	Q0	1314443#5	0
145	Q0	1156335#0	0
145	Q0	702124#2	0
147	Q0	26621#5	1
147	Q0	26621#2	0
147	Q0	26621#6	0
147	Q0	26621#0	0
147	Q0	26621#8	0
147	Q0	955306#0	0
147	Q0	383053#25	0
147	Q0	26621#23	0
147	Q0	26621#7	0
147	Q0	383053#0	0
148	Q0	937666#1	1
148	Q0	1276349#6	1
148	Q0	182738#1	0
148	Q0	937666#12	0
148	Q0	62608#1	0
148	Q0	937666#0	0
148	Q0	665325#1	0
148	Q0	1032949#12	0
148	Q0	937666#8	0
148	Q0	937666#14	0
149	Q0	6578#18	1
149	Q0	6578#15	1
149	Q0	584660#1	1
149	Q0	6578#0	1
149	Q0	6578#26	0
149	Q0	6578#20	0
149	Q0	71850#4	0
149	Q0	26958#0	0
149	Q0	26958#5	0
149	Q0	26958#6	0
149	Q0	417325#8	0
150	Q0	115310#15	1
150	Q0	115310#0	1
150	Q0	115310#8	0
150	Q0	115310#11	0
150	Q0	115310#5	0
150	Q0	115310#14	0
150	Q0	115310#1	0
150	Q0	115310#7	0
150	Q0	115310#4	0
150	Q0	65883#1	0
152	Q0	6814#1	1
152	Q0	835730#0	0
152	Q0	1443263#4	0
152	Q0	991102#2	0
152	Q0	16493#1	0
152	Q0	1443263#2	0
152	Q0	6814#0	0
152	Q0	991102#1	0
152	Q0	6814#7	0
152	Q0	6616#4	0
153	Q0	108391#0	1
153	Q0	347388#6	1
153	Q0	108391#3	0
153	Q0	108391#2	0
153	Q0	1492601#0	0
153	Q0	108391#1	0
153	Q0	1329667#0	0
153	Q0	522071#0	0
153	Q0	1216975#0	0
153	Q0	1116496#3	0
154	Q0	376129#0	1
154	Q0	27593#9	1
154	Q0	78838#20	1
154	Q0	376129#2	1
154	Q0	78838#2	1
154	Q0	1316239#8	0
154	Q0	373192#0	0
154	Q0	376129#11	0
154	Q0	376129#10	0
154	Q0	78838#22	0
155	Q0	96742#0	1
155	Q0	14665#35	1
155	Q0	1098934#0	1
155	Q0	96742#2	0
155	Q0	96742#1	0
155	Q0	96742#3	0
155	Q0	39926#10	0
155	Q0	153759#0	0
155	Q0	147520#5	0
155	Q0	14665#39	0
156	Q0	583493#33	1
156	Q0	72381#8	1
156	Q0	72381#2	1
156	Q0	605492#12	1
156	Q0	16980#10	1
156	Q0	1098503#63	1
156	Q0	853368#7	1
156	Q0	16980#0	1
156	Q0	958817#7	0
156	Q0	16980#11	0
156	Q0	16980#6	0
157	Q0	1285947#0	1
157	Q0	1285936#0	0
157	Q0	1350892#0	0
157	Q0	1288270#0	0
157	Q0	211785#2	0
157	Q0	1285947#2	0
157	Q0	1288273#1	0
157	Q0	1405183#0	0
157	Q0	1346352#0	0
157	Q0	1285947#1	0
158	Q0	537176#2	1
158	Q0	537176#0	0
158	Q0	537176#3	0
158	Q0	537176#18	0
158	Q0	537176#8	0
158	Q0	537176#20	0
158	Q0	537176#7	0
158	Q0	537176#17	0
158	Q0	537176#16	0
158	Q0	537176#15	0
160	Q0	441717#1	1
160	Q0	441717#0	1
160	Q0	441717#5	0
160	Q0	1280033#0	0
160	Q0	1108600#0	0
160	Q0	441717#7	0
160	Q0	576821#34	0
160	Q0	441717#4	0
160	Q0	441717#2	0
160	Q0	441717#12	0
162	Q0	72381#26	1
162	Q0	53826#26	0
162	Q0	53826#6	0
162	Q0	97442#11	0
162	Q0	755#23	0
162	Q0	72381#25	0
162	Q0	356174#0	0
162	Q0	580999#8	0
162	Q0	46858#4	0
162	Q0	580999#1	0
162	Q0	1176022#1	0
163	Q0	998385#0	1
163	Q0	998385#3	0
163	Q0	998385#1	0
163	Q0	261091#0	0
163	Q0	1112399#1	0
163	Q0	1448348#1	0
163	Q0	38719#0	0
163	Q0	189625#8	0
163	Q0	998385#4	0
163	Q0	998385#2	0
164	Q0	16542#0	1
164	Q0	227294#8	1
164	Q0	1295#4	1
164	Q0	16542#8	1
164	Q0	16542#2	1
164	Q0	1181336#1	0
164	Q0	4989#4	0
164	Q0	16542#18	0
164	Q0	1344715#0	0
164	Q0	16542#20	0
164	Q0	6737#14	0
165	Q0	1285877#4	1
165	Q0	1285877#0	0
165	Q0	1285877#13	0
165	Q0	1285877#1	0
165	Q0	1285877#6	0
165	Q0	1196851#2	0
165	Q0	248917#3	0
165	Q0	441308#0	0
165	Q0	199608#1	0
165	Q0	1124828#3	0
167	Q0	78838#11	1
167	Q0	78838#1	1
167	Q0	6934#5	0
167	Q0	32533#11	0
167	Q0	6478#5	0
167	Q0	325#7	0
167	Q0	727236#5	0
167	Q0	724986#4	0
167	Q0	6431#5	0
167	Q0	78838#12	0
168	Q0	457398#0	1
168	Q0	1147409#0	0
168	Q0	601079#0	0
168	Q0	604359#0	0
168	Q0	157621#0	0
168	Q0	11047#4	0
168	Q0	457323#0	0
168	Q0	970#16	0
168	Q0	315912#0	0
168	Q0	1333203#0	0
169	Q0	256#9	1
169	Q0	256#8	1
169	Q0	256#24	0
169	Q0	256#1	0
169	Q0	256#6	0
169	Q0	256#13	0
169	Q0	256#4	0
169	Q0	256#14	0
169	Q0	256#5	0
169	Q0	256#0	0
169	Q0	256#10	0
171	Q0	67800#2	1
171	Q0	67800#0	1
171	Q0	67800#8	1
171	Q0	67800#6	0
171	Q0	67800#7	0
171	Q0	67800#1	0
171	Q0	67800#5	0
171	Q0	809254#0	0
171	Q0	530115#2	0
171	Q0	580993#4	0
173	Q0	41886#1	1
173	Q0	41886#0	1
173	Q0	41886#5	1
173	Q0	41886#3	1
173	Q0	41886#2	0
173	Q0	41886#6	0
173	Q0	41886#4	0
173	Q0	34315#11	0
173	Q0	37244#1	0
173	Q0	34315#10	0
176	Q0	193446#0	1
176	Q0	193446#3	0
176	Q0	328439#17	0
176	Q0	193446#1	0
176	Q0	193446#4	0
176	Q0	193446#2	0
176	Q0	375#77	0
176	Q0	690929#2	0
176	Q0	272963#7	0
176	Q0	690929#44	0
177	Q0	66167#9	1
177	Q0	66167#0	1
177	Q0	66167#1	0
177	Q0	66167#12	0
177	Q0	66167#13	0
177	Q0	66167#4	0
177	Q0	66167#14	0
177	Q0	610875#0	0
177	Q0	66167#2	0
177	Q0	66167#7	0
178	Q0	777022#0	1
178	Q0	777022#1	0
178	Q0	777022#3	0
178	Q0	79375#15	0
178	Q0	379036#10	0
178	Q0	52997#13	0
178	Q0	1127953#6	0
178	Q0	331840#2	0
178	Q0	149721#25	0
178	Q0	349944#1	0
179	Q0	1339920#5	1
179	Q0	559316#7	0
179	Q0	1339920#0	0
179	Q0	1328243#1	0
179	Q0	48680#0	0
179	Q0	374996#3	0
179	Q0	1328243#0	0
179	Q0	1389523#1	0
179	Q0	1339920#2	0
179	Q0	674767#3	0
180	Q0	129957#5	1
180	Q0	827008#0	0
180	Q0	1174421#0	0
180	Q0	696034#0	0
180	Q0	129957#9	0
180	Q0	89286#0	0
180	Q0	1174550#0	0
180	Q0	1027520#0	0
180	Q0	1108622#3	0
180	Q0	45725#0	0
182	Q0	664623#1	1
182	Q0	304916#2	1
182	Q0	304916#1	1
182	Q0	674681#3	1
182	Q0	803163#2	0
182	Q0	304916#0	0
182	Q0	163625#21	0
182	Q0	241596#1	0
182	Q0	163625#26	0
182	Q0	16889#12	0
183	Q0	46564#0	1
183	Q0	46564#1	1
183	Q0	46564#8	0
183	Q0	46564#3	0
183	Q0	153114#0	0
183	Q0	46564#9	0
183	Q0	819488#2	0
183	Q0	12444#5	0
183	Q0	17273#17	0
183	Q0	195992#2	0
184	Q0	1189#8	1
184	Q0	1189#0	1
184	Q0	452989#0	1
184	Q0	1174905#21	1
184	Q0	1174905#20	0
184	Q0	1189#9	0
184	Q0	1189#1	0
184	Q0	1174905#23	0
184	Q0	164134#0	0
184	Q0	1388#42	0
184	Q0	1174905#0	0
186	Q0	43230#23	1
186	Q0	43230#8	1
186	Q0	147664#0	1
186	Q0	147664#1	1
186	Q0	147664#4	1
186	Q0	43230#25	1
186	Q0	43230#24	1
186	Q0	43230#4	0
186	Q0	1453300#1	0
186	Q0	43230#15	0
188	Q0	89491#0	1
188	Q0	316842#0	1
188	Q0	89491#1	0
188	Q0	89491#3	0
188	Q0	564614#13	0
188	Q0	89491#2	0
188	Q0	523664#0	0
188	Q0	1183221#0	0
188	Q0	541234#0	0
188	Q0	259577#0	0
189	Q0	16688#29	1
189	Q0	32755#5	1
189	Q0	639831#0	0
189	Q0	867388#54	0
189	Q0	1227502#5	0
189	Q0	32755#0	0
189	Q0	672729#0	0
189	Q0	770925#1	0
189	Q0	670682#0	0
189	Q0	211757#0	0
190	Q0	32056#0	1
190	Q0	32056#4	0
190	Q0	32056#10	0
190	Q0	32056#6	0
190	Q0	32056#1	0
190	Q0	32056#5	0
190	Q0	32056#3	0
190	Q0	32056#7	0
190	Q0	1037143#0	0
190	Q0	32056#2	0
191	Q0	5015#4	1
191	Q0	1057188#5	0
191	Q0	940873#9	0
191	Q0	27957#35	0
191	Q0	267425#2	0
191	Q0	978060#0	0
191	Q0	1057188#14	0
191	Q0	1057188#18	0
191	Q0	1057188#17	0
191	Q0	5015#22	0
191	Q0	1057188#0	0
192	Q0	25472#2	1
192	Q0	25472#7	1
192	Q0	1043#4	1
192	Q0	25472#22	0
192	Q0	25472#23	0
192	Q0	1043#6	0
192	Q0	122349#2	0
192	Q0	281274#6	0
192	Q0	683868#11	0
192	Q0	25472#21	0
192	Q0	282379#4	0
193	Q0	50581#0	1
193	Q0	1069802#1	0
193	Q0	50581#1	0
193	Q0	874163#2	0
193	Q0	771968#27	0
193	Q0	49785#1	0
193	Q0	69798#12	0
193	Q0	44946#2	0
193	Q0	571049#12	0
193	Q0	1154635#11	0
194	Q0	11449#2	1
194	Q0	11449#0	0
194	Q0	11449#11	0
194	Q0	667061#4	0
194	Q0	565177#9	0
194	Q0	1322526#0	0
194	Q0	11449#3	0
194	Q0	103188#21	0
194	Q0	11449#5	0
194	Q0	11449#10	0
195	Q0	329638#1	1
195	Q0	329638#0	0
195	Q0	329638#2	0
195	Q0	329638#3	0
195	Q0	329638#27	0
195	Q0	329638#22	0
195	Q0	329638#23	0
195	Q0	329638#25	0
195	Q0	329638#19	0
195	Q0	329638#24	0
196	Q0	233978#1	1
196	Q0	1349479#3	0
196	Q0	511255#1	0
196	Q0	354737#1	0
196	Q0	34765#37	0
196	Q0	450334#0	0
196	Q0	871477#0	0
196	Q0	541967#1	0
196	Q0	1449067#0	0
196	Q0	675317#1	0
197	Q0	220844#0	1
197	Q0	220844#3	0
197	Q0	220844#5	0
197	Q0	220844#6	0
197	Q0	220844#11	0
197	Q0	220844#9	0
197	Q0	220844#4	0
197	Q0	220844#7	0
197	Q0	220844#8	0
197	Q0	220844#2	0
199	Q0	175965#0	1
199	Q0	175965#1	0
199	Q0	175965#3	0
199	Q0	175965#4	0
199	Q0	175965#6	0
199	Q0	175965#5	0
199	Q0	175965#7	0
199	Q0	175965#8	0
199	Q0	175965#2	0
199	Q0	175965#9	0
200	Q0	205417#13	1
200	Q0	1390127#6	1
200	Q0	205417#10	0
200	Q0	1390127#8	0
200	Q0	1270552#5	0
200	Q0	1270552#1	0
200	Q0	205417#1	0
200	Q0	205417#0	0
200	Q0	1390127#0	0
200	Q0	1270552#0	0
202	Q0	26484#29	1
202	Q0	26484#30	1
202	Q0	26484#31	0
202	Q0	26484#90	0
202	Q0	26484#73	0
202	Q0	26484#37	0
202	Q0	26484#2	0
202	Q0	26484#74	0
202	Q0	344187#12	0
202	Q0	45637#9	0
205	Q0	315543#0	1
205	Q0	1144053#1	0
205	Q0	405763#1	0
205	Q0	60029#2	0
205	Q0	261192#0	0
205	Q0	698872#1	0
205	Q0	405007#1	0
205	Q0	635657#0	0
205	Q0	106962#5	0
205	Q0	997532#0	0
206	Q0	78236#1	1
206	Q0	803419#0	0
206	Q0	224148#18	0
206	Q0	653791#0	0
206	Q0	78236#11	0
206	Q0	224010#0	0
206	Q0	616553#0	0
206	Q0	61809#12	0
206	Q0	78236#13	0
206	Q0	78236#18	0
208	Q0	1339556#1	1
208	Q0	1346352#0	1
208	Q0	1339556#0	0
208	Q0	683928#4	0
208	Q0	1339556#2	0
208	Q0	1312135#0	0
208	Q0	1339550#1	0
208	Q0	1474057#1	0
208	Q0	1472123#0	0
208	Q0	1456046#1	0
209	Q0	15057#12	1
209	Q0	44071#21	1
209	Q0	636295#0	1
209	Q0	44071#2	1
209	Q0	44071#16	1
209	Q0	1054#7	0
209	Q0	31496#4	0
209	Q0	5331#12	0
209	Q0	947938#1	0
209	Q0	147576#1	0
209	Q0	1410797#20	0
209	Q0	497843#51	0
210	Q0	232927#0	1
210	Q0	232927#1	0
210	Q0	232927#3	0
210	Q0	232927#14	0
210	Q0	232927#4	0
210	Q0	232927#12	0
210	Q0	1374331#1	0
210	Q0	232927#13	0
210	Q0	12532#3	0
210	Q0	1083381#0	0
211	Q0	4999#2	1
211	Q0	4999#8	1
211	Q0	1309484#4	1
211	Q0	4999#1	1
211	Q0	65468#1	0
211	Q0	65468#10	0
211	Q0	4999#5	0
211	Q0	454380#0	0
211	Q0	65468#22	0
211	Q0	454380#1	0
211	Q0	65449#5	0
212	Q0	560888#2	1
212	Q0	54#13	1
212	Q0	1402108#2	0
212	Q0	1483456#7	0
212	Q0	1483456#6	0
212	Q0	1403930#2	0
212	Q0	1441376#3	0
212	Q0	1403906#2	0
212	Q0	665631#13	0
212	Q0	1402508#1	0
212	Q0	39366#2	0
214	Q0	554844#1	1
214	Q0	554844#2	1
214	Q0	554844#6	0
214	Q0	554844#12	0
214	Q0	554844#3	0
214	Q0	554844#0	0
214	Q0	554844#5	0
214	Q0	554844#8	0
214	Q0	554844#7	0
214	Q0	554844#11	0
215	Q0	230232#2	1
215	Q0	230232#4	0
215	Q0	1294611#1	0
215	Q0	1361175#1	0
215	Q0	822252#1	0
215	Q0	1492197#1	0
215	Q0	1304589#1	0
215	Q0	1294976#1	0
215	Q0	1357845#1	0
215	Q0	1351942#1	0
216	Q0	135134#2	1
216	Q0	70450#0	1
216	Q0	135134#13	0
216	Q0	135134#4	0
216	Q0	135134#10	0
216	Q0	135134#16	0
216	Q0	135134#6	0
216	Q0	1419241#1	0
216	Q0	216556#0	0
216	Q0	135134#11	0
219	Q0	40598#0	1
219	Q0	40598#3	0
219	Q0	40598#2	0
219	Q0	40598#1	0
219	Q0	308468#0	0
219	Q0	37518#9	0
219	Q0	122041#3	0
219	Q0	308468#4	0
219	Q0	415340#0	0
219	Q0	10210#19	0
220	Q0	5759#2	1
220	Q0	5759#7	0
220	Q0	5759#23	0
220	Q0	5759#8	0
220	Q0	5759#3	0
220	Q0	5759#57	0
220	Q0	17276#27	0
220	Q0	5759#77	0
220	Q0	821750#4	0
220	Q0	821750#0	0
221	Q0	168621#1	1
221	Q0	168621#3	0
221	Q0	8097#19	0
221	Q0	8023#11	0
221	Q0	8021#14	0
221	Q0	431273#4	0
221	Q0	887632#3	0
221	Q0	8023#3	0
221	Q0	168621#4	0
221	Q0	252059#16	0
223	Q0	109328#7	1
223	Q0	109328#0	0
223	Q0	959898#13	0
223	Q0	964796#0	0
223	Q0	959898#19	0
223	Q0	109328#5	0
223	Q0	647089#4	0
223	Q0	109328#10	0
223	Q0	597977#0	0
223	Q0	123760#7	0
224	Q0	870391#0	1
224	Q0	1042171#0	0
224	Q0	1042197#0	0
224	Q0	684376#1	0
224	Q0	1042197#4	0
224	Q0	610707#0	0
224	Q0	1431080#0	0
224	Q0	318852#0	0
224	Q0	57361#0	0
224	Q0	51672#8	0
224	Q0	1042171#3	0
225	Q0	1184712#0	1
225	Q0	382316#0	0
225	Q0	1041502#0	0
225	Q0	448492#0	0
225	Q0	57019#0	0
225	Q0	741762#0	0
225	Q0	313671#0	0
225	Q0	143387#0	0
225	Q0	1490731#0	0
225	Q0	17513#0	0
225	Q0	241364#0	0
226	Q0	84532#10	1
226	Q0	84532#0	1
226	Q0	460727#0	0
226	Q0	1439810#2	0
226	Q0	229504#0	0
226	Q0	1463699#0	0
226	Q0	742766#11	0
226	Q0	333945#0	0
226	Q0	265932#0	0
226	Q0	925510#2	0
229	Q0	774066#0	1
229	Q0	1263836#0	1
229	Q0	273042#0	1
229	Q0	251938#0	0
229	Q0	1283704#0	0
229	Q0	171915#0	0
229	Q0	86039#0	0
229	Q0	136935#0	0
229	Q0	146136#1	0
229	Q0	21748#0	0
231	Q0	6627#0	1
231	Q0	6627#1	1
231	Q0	543686#1	0
231	Q0	673234#1	0
231	Q0	41518#41	0
231	Q0	436667#3	0
231	Q0	469439#1	0
231	Q0	1431271#1	0
231	Q0	284042#0	0
231	Q0	482484#2	0
232	Q0	330331#0	1
232	Q0	565861#2	1
232	Q0	330331#2	0
232	Q0	330331#11	0
232	Q0	330331#4	0
232	Q0	600089#2	0
232	Q0	330334#1	0
232	Q0	854862#0	0
232	Q0	330331#8	0
232	Q0	1445508#2	0
233	Q0	794612#9	1
233	Q0	190433#2	0
233	Q0	1315162#2	0
233	Q0	794612#8	0
233	Q0	100716#3	0
233	Q0	629987#4	0
233	Q0	304720#6	0
233	Q0	677223#11	0
233	Q0	1455428#0	0
233	Q0	329898#1	0
234	Q0	1199532#2	1
234	Q0	22631#0	1
234	Q0	129612#7	0
234	Q0	129612#43	0
234	Q0	1072792#3	0
234	Q0	66203#5	0
234	Q0	66203#3	0
234	Q0	4947#18	0
234	Q0	22631#6	0
234	Q0	1199532#7	0
235	Q0	247631#0	1
235	Q0	305132#0	0
235	Q0	457929#0	0
235	Q0	247631#2	0
235	Q0	733234#0	0
235	Q0	1397112#0	0
235	Q0	34020#0	0
235	Q0	247631#1	0
235	Q0	387688#0	0
235	Q0	1072590#0	0
236	Q0	229705#0	1
236	Q0	17296#0	1
236	Q0	965692#1	0
236	Q0	287470#0	0
236	Q0	72685#0	0
236	Q0	1383295#0	0
236	Q0	131570#0	0
236	Q0	9118#4	0
236	Q0	9116#3	0
236	Q0	42151#1	0
236	Q0	601368#0	0
237	Q0	31528#1	1
237	Q0	31528#0	1
237	Q0	89250#6	0
237	Q0	31528#12	0
237	Q0	31528#4	0
237	Q0	1165454#1	0
237	Q0	31528#11	0
237	Q0	1092977#0	0
237	Q0	31528#3	0
237	Q0	333945#0	0
238	Q0	30681#3	1
238	Q0	30681#4	1
238	Q0	24547#14	1
238	Q0	24547#9	1
238	Q0	30681#6	0
238	Q0	114093#13	0
238	Q0	38956#3	0
238	Q0	30681#1	0
238	Q0	1218291#1	0
238	Q0	30681#11	0
239	Q0	921751#8	1
239	Q0	1033647#0	0
239	Q0	921751#1	0
239	Q0	981748#0	0
239	Q0	1333943#0	0
239	Q0	1185103#0	0
239	Q0	1185103#1	0
239	Q0	1459495#0	0
239	Q0	1395993#0	0
239	Q0	921751#6	0
239	Q0	981607#0	0
240	Q0	806388#15	1
240	Q0	10645#0	1
240	Q0	1297742#24	0
240	Q0	10645#5	0
240	Q0	806388#16	0
240	Q0	13443#0	0
240	Q0	10645#12	0
240	Q0	10645#14	0
240	Q0	10645#2	0
240	Q0	10645#7	0
240	Q0	457271#16	0
241	Q0	1213113#23	1
241	Q0	70381#8	1
241	Q0	59808#1	1
241	Q0	8725#8	0
241	Q0	8462#4	0
241	Q0	592996#4	0
241	Q0	861377#1	0
241	Q0	59808#2	0
241	Q0	9138#5	0
241	Q0	249#28	0
241	Q0	8428#23	0
242	Q0	231982#0	1
242	Q0	147010#9	0
242	Q0	12721#14	0
242	Q0	702037#1	0
242	Q0	661799#1	0
242	Q0	232062#0	0
242	Q0	881205#0	0
242	Q0	581242#1	0
242	Q0	753950#0	0
242	Q0	63699#1	0
243	Q0	1380791#2	1
243	Q0	1380791#0	1
243	Q0	1380791#1	0
243	Q0	1380791#15	0
243	Q0	1380791#5	0
243	Q0	1380791#16	0
243	Q0	1380791#19	0
243	Q0	1380791#14	0
243	Q0	1380791#17	0
243	Q0	1380791#8	0
244	Q0	41252#8	1
244	Q0	540776#29	1
244	Q0	1169018#14	1
244	Q0	83956#0	0
244	Q0	540776#26	0
244	Q0	88585#0	0
244	Q0	409177#1	0
244	Q0	123067#1	0
244	Q0	955#23	0
244	Q0	806051#0	0
246	Q0	533553#0	1
246	Q0	533553#4	1
246	Q0	329997#0	0
246	Q0	533553#3	0
246	Q0	533553#2	0
246	Q0	533553#1	0
246	Q0	953033#20	0
246	Q0	533553#5	0
246	Q0	138740#0	0
246	Q0	310097#14	0
247	Q0	295225#0	1
247	Q0	99207#0	1
247	Q0	160792#0	1
247	Q0	789#49	0
247	Q0	99207#36	0
247	Q0	787778#8	0
247	Q0	1165021#0	0
247	Q0	99207#33	0
247	Q0	99207#35	0
247	Q0	837144#3	0
248	Q0	15517#0	1
248	Q0	283304#0	0
248	Q0	847370#0	0
248	Q0	532191#2	0
248	Q0	693337#3	0
248	Q0	574941#1	0
248	Q0	725426#1	0
248	Q0	201335#4	0
248	Q0	910673#0	0
248	Q0	12869#3	0
249	Q0	1082486#0	1
249	Q0	1082486#1	0
249	Q0	1082486#2	0
249	Q0	1082486#4	0
249	Q0	115822#0	0
249	Q0	1082486#8	0
249	Q0	1082486#9	0
249	Q0	1082486#7	0
249	Q0	1082486#3	0
249	Q0	285956#0	0
250	Q0	455776#0	1
250	Q0	455776#3	0
250	Q0	455776#1	0
250	Q0	310323#2	0
250	Q0	455776#11	0
250	Q0	547994#1	0
250	Q0	455776#9	0
250	Q0	1440832#0	0
250	Q0	1409603#1	0
250	Q0	455776#12	0
251	Q0	315705#0	1
251	Q0	125382#12	1
251	Q0	45820#4	0
251	Q0	125382#2	0
251	Q0	956850#0	0
251	Q0	125382#1	0
251	Q0	318949#0	0
251	Q0	1445904#19	0
251	Q0	681513#0	0
251	Q0	318820#0	0
251	Q0	315828#0	0
252	Q0	8994#0	1
252	Q0	8994#13	1
252	Q0	8994#25	1
252	Q0	396218#0	0
252	Q0	1002533#0	0
252	Q0	46302#0	0
252	Q0	954936#0	0
252	Q0	1145770#0	0
252	Q0	439841#6	0
252	Q0	1476818#0	0
253	Q0	871833#113	1
253	Q0	221768#0	0
253	Q0	221768#2	0
253	Q0	221768#3	0
253	Q0	221768#6	0
253	Q0	221768#4	0
253	Q0	871833#6	0
253	Q0	871833#8	0
253	Q0	871833#97	0
253	Q0	689504#2	0
254	Q0	545617#0	1
254	Q0	545617#3	0
254	Q0	545617#2	0
254	Q0	545617#4	0
254	Q0	545617#1	0
254	Q0	504077#1	0
254	Q0	545617#6	0
254	Q0	545617#9	0
254	Q0	545617#10	0
254	Q0	1041749#2	0
255	Q0	404304#0	1
255	Q0	130848#0	1
255	Q0	1104246#0	0
255	Q0	910994#0	0
255	Q0	1474878#0	0
255	Q0	456615#0	0
255	Q0	612446#0	0
255	Q0	591586#0	0
255	Q0	278467#0	0
255	Q0	86144#0	0
256	Q0	921751#9	1
256	Q0	921751#2	1
256	Q0	1033647#2	1
256	Q0	921751#8	1
256	Q0	1033864#4	0
256	Q0	921751#13	0
256	Q0	981607#0	0
256	Q0	921751#12	0
256	Q0	921751#54	0
256	Q0	1333943#0	0
257	Q0	133996#1	1
257	Q0	66727#0	1
257	Q0	37746#2	1
257	Q0	66727#8	1
257	Q0	78726#0	1
257	Q0	1061949#47	0
257	Q0	1061949#49	0
257	Q0	215213#11	0
257	Q0	893664#0	0
257	Q0	135769#0	0
257	Q0	11414#0	0
258	Q0	1152184#7	1
258	Q0	1184985#1	1
258	Q0	7091#10	0
258	Q0	1152184#9	0
258	Q0	1152184#13	0
258	Q0	1152184#28	0
258	Q0	74946#3	0
258	Q0	875343#2	0
258	Q0	1152184#5	0
258	Q0	1130824#2	0
259	Q0	11769#0	1
259	Q0	892620#9	0
259	Q0	412661#0	0
259	Q0	757985#0	0
259	Q0	850048#1	0
259	Q0	27744#5	0
259	Q0	101077#0	0
259	Q0	5261#1	0
259	Q0	218655#0	0
259	Q0	762568#0	0
259	Q0	13721#4	0
260	Q0	128198#0	1
260	Q0	128198#1	1
260	Q0	128198#9	0
260	Q0	128198#17	0
260	Q0	128198#14	0
260	Q0	1209598#1	0
260	Q0	128198#4	0
260	Q0	1088928#0	0
260	Q0	128198#7	0
260	Q0	128198#3	0
261	Q0	152425#0	1
261	Q0	1325469#2	0
261	Q0	67083#2	0
261	Q0	23629#6	0
261	Q0	330670#2	0
261	Q0	187183#5	0
261	Q0	196242#0	0
261	Q0	34319#6	0
261	Q0	5005#14	0
261	Q0	1084631#8	0
263	Q0	935458#19	1
263	Q0	935458#0	1
263	Q0	935458#18	0
263	Q0	935458#12	0
263	Q0	935458#13	0
263	Q0	935458#4	0
263	Q0	935458#6	0
263	Q0	935458#8	0
263	Q0	935458#7	0
263	Q0	935458#1	0
264	Q0	26#1	1
264	Q0	1463574#4	0
264	Q0	26#4	0
264	Q0	1412106#2	0
264	Q0	1007941#1	0
264	Q0	19424#21	0
264	Q0	176660#0	0
264	Q0	324366#5	0
264	Q0	602575#0	0
264	Q0	111697#0	0
265	Q0	1173696#0	1
265	Q0	929811#16	0
265	Q0	3803#8	0
265	Q0	1285140#11	0
265	Q0	1064913#9	0
265	Q0	1173696#12	0
265	Q0	1285782#15	0
265	Q0	462438#3	0
265	Q0	1404186#1	0
265	Q0	1347181#6	0
266	Q0	1448492#0	1
266	Q0	1448492#7	1
266	Q0	1453988#1	1
266	Q0	1448492#3	1
266	Q0	1448492#11	0
266	Q0	9270#23	0
266	Q0	1448492#5	0
266	Q0	1448492#2	0
266	Q0	718511#3	0
266	Q0	773788#1	0
267	Q0	210274#1	1
267	Q0	28551#1	0
267	Q0	424113#1	0
267	Q0	878199#0	0
267	Q0	763441#0	0
267	Q0	28551#2	0
267	Q0	1390962#0	0
267	Q0	660389#0	0
267	Q0	1396513#2	0
267	Q0	93757#0	0
271	Q0	1397756#0	1
271	Q0	1397756#5	1
271	Q0	846204#0	1
271	Q0	846204#6	1
271	Q0	1397756#6	0
271	Q0	1397756#4	0
271	Q0	379579#12	0
271	Q0	1397756#3	0
271	Q0	379579#16	0
271	Q0	664910#0	0
272	Q0	880795#1	1
272	Q0	880795#0	0
272	Q0	880795#10	0
272	Q0	485840#1	0
272	Q0	415077#1	0
272	Q0	426717#1	0
272	Q0	1037839#1	0
272	Q0	671832#1	0
272	Q0	556821#1	0
272	Q0	1084606#1	0
273	Q0	12333#1	1
273	Q0	4538#19	1
273	Q0	14086#0	1
273	Q0	14086#2	0
273	Q0	1478174#5	0
273	Q0	7556#31	0
273	Q0	756407#8	0
273	Q0	14086#3	0
273	Q0	1097595#19	0
273	Q0	7556#12	0
274	Q0	26929#2	1
274	Q0	26929#0	1
274	Q0	26929#21	1
274	Q0	7446#54	1
274	Q0	26929#13	0
274	Q0	4639#21	0
274	Q0	9572#3	0
274	Q0	481#15	0
274	Q0	6820#21	0
274	Q0	6820#16	0
274	Q0	26929#17	0
275	Q0	440428#3	1
275	Q0	440428#4	0
275	Q0	440428#17	0
275	Q0	440428#0	0
275	Q0	440428#6	0
275	Q0	440428#1	0
275	Q0	440428#13	0
275	Q0	440428#14	0
275	Q0	440428#5	0
275	Q0	440428#12	0
276	Q0	1094638#0	1
276	Q0	1094638#8	1
276	Q0	1094638#9	0
276	Q0	1094638#6	0
276	Q0	1094638#5	0
276	Q0	1094638#10	0
276	Q0	1094638#12	0
276	Q0	1094638#3	0
276	Q0	1094638#11	0
276	Q0	1094638#4	0
277	Q0	7981#1	1
277	Q0	202438#0	0
277	Q0	775508#0	0
277	Q0	944298#6	0
277	Q0	202438#10	0
277	Q0	1479488#2	0
277	Q0	481601#4	0
277	Q0	902859#0	0
277	Q0	1297521#2	0
277	Q0	209099#0	0
278	Q0	4920#29	1
278	Q0	1243#36	1
278	Q0	4920#30	0
278	Q0	4920#33	0
278	Q0	4920#36	0
278	Q0	4920#0	0
278	Q0	4920#31	0
278	Q0	4920#32	0
278	Q0	833881#3	0
278	Q0	4920#37	0
280	Q0	78877#0	1
280	Q0	78877#1	0
280	Q0	78877#10	0
280	Q0	78877#2	0
280	Q0	78877#9	0
280	Q0	78877#7	0
280	Q0	78877#8	0
280	Q0	78877#3	0
280	Q0	78877#4	0
280	Q0	78877#6	0
281	Q0	9051#32	1
281	Q0	9051#0	1
281	Q0	9051#7	0
281	Q0	9051#9	0
281	Q0	9051#14	0
281	Q0	1000756#8	0
281	Q0	215390#1	0
281	Q0	1066409#8	0
281	Q0	451691#12	0
281	Q0	459181#1	0
282	Q0	1031#13	1
282	Q0	1031#4	1
282	Q0	331808#7	0
282	Q0	752225#12	0
282	Q0	705551#0	0
282	Q0	752225#11	0
282	Q0	338997#8	0
282	Q0	752225#20	0
282	Q0	752225#34	0
282	Q0	205552#0	0
282	Q0	752225#55	0
283	Q0	18942#0	1
283	Q0	7091#9	1
283	Q0	18942#3	1
283	Q0	1371134#1	0
283	Q0	473080#1	0
283	Q0	7091#11	0
283	Q0	328208#0	0
283	Q0	1399494#2	0
283	Q0	690559#3	0
283	Q0	13185#1	0
283	Q0	1448741#2	0
284	Q0	949711#13	1
284	Q0	949711#0	0
284	Q0	949711#7	0
284	Q0	1407927#3	0
284	Q0	949711#5	0
284	Q0	949711#8	0
284	Q0	74467#0	0
284	Q0	991921#1	0
284	Q0	949711#10	0
284	Q0	949711#1	0
285	Q0	177049#8	1
285	Q0	177049#0	1
285	Q0	177049#1	0
285	Q0	177049#3	0
285	Q0	177049#11	0
285	Q0	177049#7	0
285	Q0	177049#10	0
285	Q0	177049#16	0
285	Q0	177049#5	0
285	Q0	177049#15	0
286	Q0	571049#1	1
286	Q0	571049#12	0
286	Q0	27906#8	0
286	Q0	1035128#0	0
286	Q0	571049#13	0
286	Q0	18521#1	0
286	Q0	200310#0	0
286	Q0	749#19	0
286	Q0	571049#10	0
286	Q0	373833#1	0
289	Q0	1440387#0	1
289	Q0	1150#57	1
289	Q0	1442950#0	1
289	Q0	1150#68	1
289	Q0	1150#73	0
289	Q0	1150#82	0
289	Q0	348535#1	0
289	Q0	1349301#1	0
289	Q0	1488715#0	0
289	Q0	1150#112	0
289	Q0	1440387#3	0
290	Q0	5201#0	1
290	Q0	222#16	1
290	Q0	759476#2	1
290	Q0	670893#0	1
290	Q0	309026#0	0
290	Q0	1264441#0	0
290	Q0	1092394#3	0
290	Q0	1092394#7	0
290	Q0	41089#2	0
290	Q0	1463075#0	0
291	Q0	332489#0	1
291	Q0	332489#2	1
291	Q0	332489#1	0
291	Q0	332489#4	0
291	Q0	20212#34	0
291	Q0	1240#71	0
291	Q0	709277#0	0
291	Q0	9118#42	0
291	Q0	332489#5	0
291	Q0	240500#2	0
292	Q0	12730#0	1
292	Q0	46963#47	1
292	Q0	46963#48	0
292	Q0	727212#0	0
292	Q0	12730#5	0
292	Q0	11236#53	0
292	Q0	11236#52	0
292	Q0	12730#1	0
292	Q0	980866#14	0
292	Q0	727212#6	0
293	Q0	100847#0	1
293	Q0	89775#2	0
293	Q0	628648#2	0
293	Q0	89775#22	0
293	Q0	11320#29	0
293	Q0	89775#42	0
293	Q0	89775#80	0
293	Q0	89775#73	0
293	Q0	330751#2	0
293	Q0	89775#6	0
294	Q0	28793#1	1
294	Q0	28793#5	1
294	Q0	161716#0	1
294	Q0	151761#0	1
294	Q0	162714#1	1
294	Q0	28793#0	0
294	Q0	161222#12	0
294	Q0	832331#0	0
294	Q0	28793#9	0
294	Q0	28793#27	0
294	Q0	162714#0	0
296	Q0	676686#7	1
296	Q0	15127#0	1
296	Q0	4956#1	1
296	Q0	676686#8	0
296	Q0	676686#4	0
296	Q0	277752#26	0
296	Q0	676686#5	0
296	Q0	108724#19	0
296	Q0	677465#3	0
296	Q0	78525#0	0
296	Q0	12569#0	0
297	Q0	11940#0	1
297	Q0	11940#1	1
297	Q0	8256#3	1
297	Q0	8256#2	1
297	Q0	11940#4	0
297	Q0	11940#14	0
297	Q0	11940#11	0
297	Q0	133554#0	0
297	Q0	11936#1	0
297	Q0	11940#2	0
298	Q0	3768#1	1
298	Q0	3768#0	1
298	Q0	3768#4	0
298	Q0	3768#7	0
298	Q0	367216#68	0
298	Q0	3768#2	0
298	Q0	3768#6	0
298	Q0	3768#5	0
298	Q0	3768#3	0
298	Q0	3768#10	0
299	Q0	164416#8	1
299	Q0	326451#1	1
299	Q0	326451#0	1
299	Q0	326451#6	1
299	Q0	326451#5	1
299	Q0	10696#0	0
299	Q0	326451#2	0
299	Q0	326451#3	0
299	Q0	357197#0	0
299	Q0	1368832#0	0
300	Q0	772258#0	1
300	Q0	772258#8	0
300	Q0	772258#4	0
300	Q0	772258#7	0
300	Q0	1292841#2	0
300	Q0	1292841#1	0
300	Q0	772258#3	0
300	Q0	1290823#1	0
300	Q0	772258#6	0
300	Q0	1161213#1	0
301	Q0	1435373#0	1
301	Q0	1435373#3	1
301	Q0	1435373#7	0
301	Q0	1435373#4	0
301	Q0	1435373#5	0
301	Q0	1435373#10	0
301	Q0	1435373#1	0
301	Q0	1435373#9	0
301	Q0	1435373#2	0
301	Q0	1435373#6	0
302	Q0	144164#0	1
302	Q0	1429952#81	1
302	Q0	1429952#2	1
302	Q0	6058#65	0
302	Q0	1429952#20	0
302	Q0	256790#6	0
302	Q0	1429952#63	0
302	Q0	1429952#59	0
302	Q0	1429952#19	0
302	Q0	144164#3	0
302	Q0	1429952#51	0
303	Q0	45962#2	1
303	Q0	45962#0	1
303	Q0	45962#23	0
303	Q0	45962#12	0
303	Q0	382316#0	0
303	Q0	741762#0	0
303	Q0	45962#22	0
303	Q0	316912#0	0
303	Q0	62094#0	0
303	Q0	280769#1	0
304	Q0	35135#1	1
304	Q0	35135#0	1
304	Q0	35135#2	0
304	Q0	35135#3	0
304	Q0	37510#1	0
304	Q0	35135#5	0
304	Q0	35135#6	0
304	Q0	35135#24	0
304	Q0	1013871#0	0
304	Q0	35135#8	0
306	Q0	1094#0	1
306	Q0	1094#2	1
306	Q0	20507#7	0
306	Q0	1094#1	0
306	Q0	1094#8	0
306	Q0	1094#17	0
306	Q0	1094#26	0
306	Q0	1094#30	0
306	Q0	99888#0	0
306	Q0	1094#18	0
307	Q0	5654#0	1
307	Q0	5654#3	0
307	Q0	5654#5	0
307	Q0	5654#10	0
307	Q0	123686#1	0
307	Q0	5654#6	0
307	Q0	5654#4	0
307	Q0	5654#13	0
307	Q0	1024#67	0
307	Q0	5654#11	0
308	Q0	15141#1	1
308	Q0	3687#9	1
308	Q0	15141#2	0
308	Q0	91054#0	0
308	Q0	91054#2	0
308	Q0	15141#7	0
308	Q0	15141#0	0
308	Q0	15141#4	0
308	Q0	284282#2	0
308	Q0	15141#8	0
308	Q0	566540#0	0
310	Q0	203881#6	1
310	Q0	43059#5	1
310	Q0	1420847#10	0
310	Q0	1343242#7	0
310	Q0	669799#6	0
310	Q0	1290209#10	0
310	Q0	1136032#31	0
310	Q0	1136032#29	0
310	Q0	494157#0	0
310	Q0	1341139#5	0
310	Q0	431273#2	0
311	Q0	140568#0	1
311	Q0	140568#1	0
311	Q0	140568#4	0
311	Q0	140568#2	0
311	Q0	1440492#0	0
311	Q0	1130479#0	0
311	Q0	7297#0	0
311	Q0	172776#0	0
311	Q0	1445690#0	0
311	Q0	672976#0	0
312	Q0	1179857#21	1
312	Q0	51689#6	0
312	Q0	51850#13	0
312	Q0	233546#3	0
312	Q0	26485#1	0
312	Q0	926178#5	0
312	Q0	233546#0	0
312	Q0	1142369#10	0
312	Q0	925510#2	0
312	Q0	1142369#5	0
313	Q0	10816#0	1
313	Q0	501#30	1
313	Q0	17760#0	0
313	Q0	10816#1	0
313	Q0	327389#3	0
313	Q0	501#3	0
313	Q0	10816#23	0
313	Q0	10816#20	0
313	Q0	17760#3	0
313	Q0	10816#27	0
315	Q0	18508#33	1
315	Q0	416339#5	1
315	Q0	18508#21	0
315	Q0	16751#5	0
315	Q0	16751#0	0
315	Q0	18508#2	0
315	Q0	18508#17	0
315	Q0	281023#0	0
315	Q0	244383#0	0
315	Q0	18508#14	0
316	Q0	77280#0	1
316	Q0	567633#0	0
316	Q0	61850#0	0
316	Q0	61849#0	0
316	Q0	43544#0	0
316	Q0	561271#0	0
316	Q0	123234#0	0
316	Q0	325679#2	0
316	Q0	174490#0	0
316	Q0	1327227#1	0
317	Q0	32539#1	1
317	Q0	11770#31	0
317	Q0	783240#1	0
317	Q0	215226#6	0
317	Q0	160421#33	0
317	Q0	1292#99	0
317	Q0	1126325#5	0
317	Q0	197851#2	0
317	Q0	32606#4	0
317	Q0	130546#9	0
318	Q0	6578#1	1
318	Q0	6578#26	1
318	Q0	6828#57	1
318	Q0	71850#1	0
318	Q0	26958#0	0
318	Q0	1065#39	0
318	Q0	71850#4	0
318	Q0	6578#18	0
318	Q0	6578#0	0
318	Q0	6578#15	0
318	Q0	38257#0	0
320	Q0	261749#0	1
320	Q0	261749#1	1
320	Q0	31684#2	0
320	Q0	137279#0	0
320	Q0	504928#10	0
320	Q0	794151#0	0
320	Q0	691102#0	0
320	Q0	278686#3	0
320	Q0	868953#1	0
320	Q0	302901#0	0
321	Q0	20514#0	1
321	Q0	522401#4	0
321	Q0	20514#1	0
321	Q0	1417785#0	0
321	Q0	457785#0	0
321	Q0	42818#1	0
321	Q0	812317#0	0
321	Q0	978526#1	0
321	Q0	919831#0	0
321	Q0	1368737#0	0
322	Q0	501#1	1
322	Q0	1341037#0	1
322	Q0	335#0	1
322	Q0	501#6	1
322	Q0	501#4	0
322	Q0	335#23	0
322	Q0	538489#0	0
322	Q0	52118#0	0
322	Q0	279309#0	0
322	Q0	501#5	0
323	Q0	218260#0	1
323	Q0	218260#1	0
323	Q0	1410110#1	0
323	Q0	1316170#1	0
323	Q0	218260#2	0
323	Q0	87479#0	0
323	Q0	373494#1	0
323	Q0	106020#1	0
323	Q0	93763#2	0
323	Q0	68193#0	0
324	Q0	396759#1	1
324	Q0	396759#0	1
324	Q0	396759#2	0
324	Q0	396895#1	0
324	Q0	396759#6	0
324	Q0	397577#0	0
324	Q0	486295#0	0
324	Q0	486295#3	0
324	Q0	55608#4	0
324	Q0	942908#0	0
325	Q0	50445#2	1
325	Q0	217#33	1
325	Q0	177#0	0
325	Q0	633116#1	0
325	Q0	242112#10	0
325	Q0	527544#1	0
325	Q0	9375#41	0
325	Q0	217#19	0
325	Q0	777919#0	0
325	Q0	175#52	0
325	Q0	712283#1	0
326	Q0	103579#4	1
326	Q0	43091#5	1
326	Q0	43091#23	0
326	Q0	43091#6	0
326	Q0	43091#8	0
326	Q0	940444#2	0
326	Q0	1349903#9	0
326	Q0	396692#0	0
326	Q0	993919#1	0
326	Q0	1223212#1	0
326	Q0	278328#1	0
327	Q0	909137#0	1
327	Q0	342839#4	1
327	Q0	17378#11	1
327	Q0	342839#2	1
327	Q0	1436301#1	1
327	Q0	971341#4	1
327	Q0	1436301#0	0
327	Q0	971341#1	0
327	Q0	971389#0	0
327	Q0	971341#0	0
330	Q0	4907#2	1
330	Q0	6099#3	0
330	Q0	6099#4	0
330	Q0	92144#1	0
330	Q0	331737#5	0
330	Q0	13218#14	0
330	Q0	234962#4	0
330	Q0	793738#23	0
330	Q0	32257#0	0
330	Q0	405096#4	0
331	Q0	78030#22	1
331	Q0	78030#24	0
331	Q0	78030#33	0
331	Q0	159886#7	0
331	Q0	1254856#1	0
331	Q0	1254057#1	0
331	Q0	1359314#0	0
331	Q0	159886#14	0
331	Q0	78030#30	0
331	Q0	760309#0	0
331	Q0	78030#29	0
332	Q0	29013#2	1
332	Q0	29013#23	1
332	Q0	29013#30	0
332	Q0	29013#27	0
332	Q0	29013#32	0
332	Q0	29013#34	0
332	Q0	29013#9	0
332	Q0	29013#1	0
332	Q0	29013#26	0
332	Q0	358651#2	0
333	Q0	133702#0	1
333	Q0	244124#0	0
333	Q0	558121#0	0
333	Q0	8928#0	0
333	Q0	193472#3	0
333	Q0	1356014#7	0
333	Q0	1349500#2	0
333	Q0	1065#10	0
333	Q0	139318#0	0
333	Q0	1356014#8	0
334	Q0	1295442#0	1
334	Q0	254897#13	0
334	Q0	143723#16	0
334	Q0	240101#1	0
334	Q0	207294#17	0
334	Q0	392273#8	0
334	Q0	98117#0	0
334	Q0	1295442#1	0
334	Q0	178072#0	0
334	Q0	80568#0	0
335	Q0	203735#0	1
335	Q0	1325334#35	0
335	Q0	44777#11	0
335	Q0	17991#0	0
335	Q0	1325334#3	0
335	Q0	1325334#1	0
335	Q0	1325334#5	0
335	Q0	1325334#7	0
335	Q0	32425#11	0
335	Q0	259096#1	0
336	Q0	1015#2	1
336	Q0	1015#0	1
336	Q0	434572#1	0
336	Q0	434581#1	0
336	Q0	434588#1	0
336	Q0	434575#0	0
336	Q0	434584#0	0
336	Q0	438531#0	0
336	Q0	293938#1	0
336	Q0	438535#0	0
338	Q0	11211#5	1
338	Q0	151213#0	0
338	Q0	378758#1	0
338	Q0	11211#8	0
338	Q0	196266#1	0
338	Q0	474808#2	0
338	Q0	1345165#4	0
338	Q0	11211#7	0
338	Q0	11211#9	0
338	Q0	81150#4	0
339	Q0	131458#9	1
339	Q0	966363#66	1
339	Q0	1211#9	0
339	Q0	5383#17	0
339	Q0	902#9	0
339	Q0	165774#9	0
339	Q0	997121#2	0
339	Q0	131458#11	0
339	Q0	131458#10	0
339	Q0	131178#1	0
340	Q0	1381867#0	1
340	Q0	81303#9	0
340	Q0	840286#0	0
340	Q0	442143#36	0
340	Q0	96929#16	0
340	Q0	96929#24	0
340	Q0	96929#5	0
340	Q0	997787#5	0
340	Q0	669949#1	0
340	Q0	1119980#6	0
340	Q0	442143#31	0
341	Q0	452941#0	1
341	Q0	452941#10	1
341	Q0	452941#1	0
341	Q0	452941#8	0
341	Q0	55146#59	0
341	Q0	660357#3	0
341	Q0	760898#2	0
341	Q0	452941#2	0
341	Q0	452941#5	0
341	Q0	228508#4	0
342	Q0	904994#15	1
342	Q0	904994#19	0
342	Q0	904994#1	0
342	Q0	904994#0	0
342	Q0	1003724#0	0
342	Q0	904994#16	0
342	Q0	904994#17	0
342	Q0	904994#20	0
342	Q0	390848#0	0
342	Q0	909228#0	0
343	Q0	22017#3	1
343	Q0	20392#5	1
343	Q0	498#39	1
343	Q0	498#41	0
343	Q0	20392#4	0
343	Q0	5026#5	0
343	Q0	19930#5	0
343	Q0	1358803#10	0
343	Q0	498#40	0
343	Q0	15789#6	0
344	Q0	8685#22	1
344	Q0	69812#7	0
344	Q0	8685#21	0
344	Q0	1123806#7	0
344	Q0	71429#7	0
344	Q0	75029#13	0
344	Q0	8497#5	0
344	Q0	7376#10	0
344	Q0	442#11	0
344	Q0	71429#8	0
345	Q0	69#13	1
345	Q0	69#4	1
345	Q0	69#27	0
345	Q0	69#39	0
345	Q0	69#40	0
345	Q0	69#35	0
345	Q0	69#28	0
345	Q0	732724#11	0
345	Q0	69#32	0
345	Q0	69#19	0
346	Q0	8664#0	1
346	Q0	712506#0	0
346	Q0	8665#0	0
346	Q0	8664#11	0
346	Q0	712506#1	0
346	Q0	15843#1	0
346	Q0	712506#2	0
346	Q0	8664#6	0
346	Q0	8664#1	0
346	Q0	1464587#0	0
346	Q0	8664#28	0
347	Q0	50302#1	1
347	Q0	50302#0	1
347	Q0	1354814#0	0
347	Q0	1452468#0	0
347	Q0	1382988#0	0
347	Q0	1221879#0	0
347	Q0	1202134#0	0
347	Q0	1343856#0	0
347	Q0	1473936#0	0
347	Q0	7172#0	0
348	Q0	141943#0	1
348	Q0	141943#3	0
348	Q0	791207#3	0
348	Q0	141943#9	0
348	Q0	141943#11	0
348	Q0	141943#8	0
348	Q0	141943#4	0
348	Q0	141943#5	0
348	Q0	141943#7	0
348	Q0	141943#10	0
349	Q0	258758#2	1
349	Q0	258758#14	0
349	Q0	258758#1	0
349	Q0	258758#15	0
349	Q0	258758#4	0
349	Q0	258758#13	0
349	Q0	258758#3	0
349	Q0	258758#12	0
349	Q0	258758#0	0
349	Q0	258758#7	0
349	Q0	258758#9	0
352	Q0	116050#0	1
352	Q0	116050#3	0
352	Q0	116050#2	0
352	Q0	116050#38	0
352	Q0	116050#9	0
352	Q0	116050#13	0
352	Q0	116050#5	0
352	Q0	116050#20	0
352	Q0	116050#4	0
352	Q0	116050#22	0
352	Q0	116050#12	0
353	Q0	4905#0	1
353	Q0	1096628#3	1
353	Q0	995683#0	0
353	Q0	4905#7	0
353	Q0	4905#6	0
353	Q0	4905#3	0
353	Q0	4905#14	0
353	Q0	4905#13	0
353	Q0	4905#11	0
353	Q0	4905#16	0
354	Q0	27562#6	1
354	Q0	27562#0	1
354	Q0	27562#4	0
354	Q0	27562#1	0
354	Q0	27568#1	0
354	Q0	8550#80	0
354	Q0	8550#55	0
354	Q0	27562#3	0
354	Q0	8550#0	0
354	Q0	5561#10	0
355	Q0	13159#3	1
355	Q0	13159#12	0
355	Q0	13159#6	0
355	Q0	62404#3	0
355	Q0	808112#0	0
355	Q0	152919#5	0
355	Q0	13159#5	0
355	Q0	13159#46	0
355	Q0	211058#0	0
355	Q0	13158#1	0
356	Q0	32562#0	1
356	Q0	32562#1	0
356	Q0	32562#2	0
356	Q0	549229#1	0
356	Q0	29417#3	0
356	Q0	134371#1	0
356	Q0	400291#0	0
356	Q0	32562#15	0
356	Q0	26879#4	0
356	Q0	338541#1	0
357	Q0	1167138#7	1
357	Q0	1167138#0	1
357	Q0	1167138#4	0
357	Q0	1167138#6	0
357	Q0	1167138#2	0
357	Q0	1167138#3	0
357	Q0	1167138#1	0
357	Q0	1167138#5	0
357	Q0	40782#0	0
357	Q0	11156#20	0
358	Q0	187581#2	1
359	Q0	525505#0	1
360	Q0	4828#0	1
361	Q0	105976#0	1
362	Q0	12760#0	1
363	Q0	14734#0	1
364	Q0	487513#1	1
366	Q0	14833#0	1
367	Q0	8909#1	1
369	Q0	4907#0	1
371	Q0	49763#2	1
372	Q0	23987#0	1
373	Q0	29404#1	1
375	Q0	581#30	1
380	Q0	27002#1	1
381	Q0	1453176#2	1
382	Q0	177121#0	1
384	Q0	290903#0	1
387	Q0	759786#0	1
388	Q0	234101#0	1
389	Q0	65725#8	1
390	Q0	69809#2	1
391	Q0	231198#0	1
392	Q0	716666#0	1
393	Q0	310323#0	1
394	Q0	1333483#0	1
395	Q0	129263#10	1
396	Q0	1414739#8	1
398	Q0	642683#0	1
399	Q0	100420#0	1
401	Q0	102440#0	1
402	Q0	65770#2	1
404	Q0	540#4	1
405	Q0	28984#3	1
405	Q0	28984#6	0
406	Q0	885663#0	1
407	Q0	111019#1	1
408	Q0	17940#0	1
410	Q0	160962#3	1
411	Q0	131891#2	1
412	Q0	1381050#1	1
413	Q0	9242#45	1
414	Q0	402435#13	1
415	Q0	173518#7	1
416	Q0	173518#0	1
417	Q0	53188#11	1
418	Q0	1072208#0	1
420	Q0	32012#0	1
421	Q0	5906#0	1
422	Q0	925669#26	1
423	Q0	188389#1	1
424	Q0	152205#3	1
425	Q0	1261504#3	1
426	Q0	11904#1	1
427	Q0	865577#0	1
429	Q0	235575#0	1
430	Q0	1401114#7	1
431	Q0	4956#24	1
432	Q0	816205#2	1
433	Q0	118#18	1
434	Q0	7446#0	1
435	Q0	813529#0	1
436	Q0	4615#3	1
436	Q0	4615#0	0
437	Q0	72029#2	1
438	Q0	191#0	1
439	Q0	596124#1	1
440	Q0	32952#3	1
441	Q0	457669#0	1
444	Q0	1139394#1	1
445	Q0	103281#1	1
446	Q0	40476#0	1
447	Q0	933316#6	1
448	Q0	7985#8	1
450	Q0	1107171#0	1
451	Q0	42803#0	1
452	Q0	151161#3	1
453	Q0	36223#0	1
454	Q0	7647#0	1
455	Q0	41859#0	1
456	Q0	8671#0	1
457	Q0	74#4	1
458	Q0	165566#1	1
459	Q0	498164#1	1
462	Q0	1435373#11	1
463	Q0	1154710#2	1
464	Q0	224048#0	1
465	Q0	343274#11	1
466	Q0	493841#0	1
467	Q0	233722#0	1
468	Q0	21372#2	1
469	Q0	816993#0	1
471	Q0	65431#3	1
472	Q0	172236#3	1
473	Q0	37184#1	1
474	Q0	42450#3	1
475	Q0	1487926#3	1
477	Q0	415697#6	1
479	Q0	34783#27	1
480	Q0	18690#71	1
481	Q0	1191917#7	1
482	Q0	11904#0	1
483	Q0	123951#0	1
484	Q0	135164#1	1
485	Q0	55234#0	1
486	Q0	240186#1	1
487	Q0	223405#0	1
488	Q0	160158#1	1
489	Q0	83008#0	1
490	Q0	23325#0	1
491	Q0	47930#12	1
492	Q0	15563#0	1
493	Q0	14813#28	1
494	Q0	208022#6	1
496	Q0	57306#3	1
498	Q0	107850#2	1
499	Q0	199542#0	1
500	Q0	1227951#0	1
501	Q0	64930#0	1
502	Q0	1150#0	1
503	Q0	32734#0	1
506	Q0	46590#0	1
507	Q0	536003#1	1
508	Q0	57325#35	1
509	Q0	628309#0	1
511	Q0	9242#0	1
512	Q0	1270377#14	1
513	Q0	732781#1	1
514	Q0	34768#0	1
516	Q0	13525#30	1
518	Q0	100434#4	1
521	Q0	13305#0	1
522	Q0	17146#19	1
523	Q0	390226#0	1
524	Q0	31343#0	1
524	Q0	31343#4	1
524	Q0	31343#1	0
524	Q0	31343#5	0
525	Q0	20012#0	1
527	Q0	275839#1	1
528	Q0	58268#0	1
531	Q0	409298#0	1
533	Q0	49286#0	1
534	Q0	24162#0	1
536	Q0	1121996#0	1
536	Q0	1121996#2	1
537	Q0	1118946#1	1
539	Q0	59461#0	1
540	Q0	27412#0	1
541	Q0	614612#0	1
542	Q0	575466#2	1
543	Q0	67800#0	1
544	Q0	7379#0	1
545	Q0	603#0	1
548	Q0	168388#0	1
551	Q0	5731#0	1
552	Q0	1370703#0	1
554	Q0	529523#0	1
555	Q0	687801#0	1
556	Q0	1149256#0	1
557	Q0	160975#1	1
558	Q0	711462#1	1
559	Q0	35138#2	1
561	Q0	16688#18	1
562	Q0	20514#0	1
563	Q0	19525#1	1
564	Q0	984#3	1
566	Q0	826827#0	1
568	Q0	689622#0	1
569	Q0	6814#1	1
571	Q0	7294#13	1
572	Q0	156933#1	1
573	Q0	4639#2	1
575	Q0	236506#0	1
577	Q0	203347#0	1
578	Q0	573755#0	1
579	Q0	1103915#1	1
580	Q0	20166#53	1
581	Q0	542240#0	1
582	Q0	113087#0	1
583	Q0	3907#5	1
584	Q0	268169#0	1
585	Q0	578880#0	1
586	Q0	226015#0	1
587	Q0	16101#0	1
589	Q0	162#0	1
590	Q0	9301#4	1
596	Q0	137757#1	1
597	Q0	189688#0	1
598	Q0	144770#2	1
599	Q0	1197096#16	1
600	Q0	24421#0	1
602	Q0	407322#0	1
603	Q0	1130#1	1
604	Q0	1367837#2	1
604	Q0	1367837#11	1
605	Q0	26321#39	1
606	Q0	1072781#0	1
608	Q0	131891#0	1
609	Q0	468759#3	1
610	Q0	6444#0	1
611	Q0	5842#12	1
612	Q0	190245#0	1
613	Q0	400723#0	1
614	Q0	31684#0	1
616	Q0	213848#2	1
617	Q0	141277#0	1
619	Q0	121228#0	1
620	Q0	275839#2	1
621	Q0	31690#0	1
622	Q0	834830#3	1
623	Q0	277391#3	1
625	Q0	1232#49	1
626	Q0	604102#1	1
629	Q0	15432#0	1
630	Q0	9890#15	1
631	Q0	993737#2	1
632	Q0	17189#0	1
634	Q0	913107#5	1
635	Q0	1141855#0	1
636	Q0	1174902#0	1
637	Q0	158798#0	1
638	Q0	280784#0	1
639	Q0	1076463#0	1
640	Q0	10060#0	1
641	Q0	894960#0	1
644	Q0	76153#0	1
645	Q0	24106#0	1
646	Q0	47324#0	1
651	Q0	36882#2	1
652	Q0	238375#0	1
653	Q0	31540#0	1
654	Q0	722930#3	1
655	Q0	214407#0	1
656	Q0	5877#6	1
661	Q0	11150#0	1
663	Q0	57856#1	1
664	Q0	233423#0	1
665	Q0	75047#0	1
666	Q0	6204#7	1
667	Q0	5629#0	1
669	Q0	5046#0	1
669	Q0	5046#20	0
671	Q0	46417#0	1
672	Q0	1242#0	1
673	Q0	1116232#0	1
674	Q0	24064#0	1
676	Q0	19335#0	1
677	Q0	1193#1	1
678	Q0	59066#0	1
679	Q0	328439#0	1
680	Q0	10713#0	1
681	Q0	46057#0	1
683	Q0	292#1	1
686	Q0	890781#0	1
687	Q0	52346#0	1
690	Q0	17717#0	1
692	Q0	176322#22	1
693	Q0	33415#0	1
694	Q0	879428#1	1
695	Q0	54609#0	1
696	Q0	174327#2	1
697	Q0	19324#0	1
699	Q0	547585#19	1
700	Q0	331632#3	1
703	Q0	1128787#0	1
704	Q0	100472#11	1
705	Q0	649363#5	1
706	Q0	11727#16	1
709	Q0	962#4	1
710	Q0	5733#4	1
711	Q0	592229#0	1
712	Q0	29347#0	1
713	Q0	292708#0	1
714	Q0	30873#1	1
716	Q0	1262676#0	1
719	Q0	579782#0	1
719	Q0	579782#1	0
720	Q0	88433#0	1
721	Q0	626389#0	1
723	Q0	47#0	1
724	Q0	387742#0	1
725	Q0	5888#0	1
726	Q0	30804#7	1
727	Q0	23163#0	1
731	Q0	97391#0	1
732	Q0	116651#0	1
734	Q0	104815#9	1
735	Q0	67110#2	1
736	Q0	23083#0	1
737	Q0	600372#5	1
739	Q0	393890#1	1
740	Q0	58211#0	1
741	Q0	8937#0	1
742	Q0	8649#7	1
743	Q0	1164357#0	1
744	Q0	1325297#56	1
745	Q0	1401989#1	1
747	Q0	91#0	1
749	Q0	55477#8	1
750	Q0	18735#0	1
751	Q0	13389#0	1
755	Q0	52817#0	1
756	Q0	20307#0	1
757	Q0	72024#8	1
759	Q0	12744#0	1
760	Q0	17826#1	1
761	Q0	369082#1	1
762	Q0	22609#0	1
764	Q0	326892#1	1
766	Q0	11804#0	1
767	Q0	221#46	1
768	Q0	109880#0	1
769	Q0	13301#1	1
770	Q0	15170#0	1
771	Q0	291527#0	1
772	Q0	1178#1	1
773	Q0	360665#0	1
775	Q0	48532#0	1
776	Q0	23313#0	1
777	Q0	11727#0	1
778	Q0	134448#7	1
779	Q0	170593#0	1
781	Q0	1150#0	1
783	Q0	1488824#0	1
784	Q0	238808#0	1
785	Q0	1026306#4	1
786	Q0	8577#15	1
787	Q0	1298017#1	1
788	Q0	117484#0	1
791	Q0	364#0	1
791	Q0	364#1	0
792	Q0	23949#0	1
793	Q0	68231#0	1
794	Q0	15816#0	1
795	Q0	277228#0	1
796	Q0	18662#2	1
797	Q0	10784#0	1
799	Q0	45729#1	1
800	Q0	1195944#0	1
801	Q0	18434#41	1
803	Q0	8945#0	1
804	Q0	161215#0	1
806	Q0	6828#52	1
807	Q0	6766#0	1
809	Q0	56038#0	1
810	Q0	1299696#0	1
812	Q0	88913#0	1
813	Q0	280784#0	1
814	Q0	674707#0	1
815	Q0	79404#0	1
816	Q0	23491#1	1
817	Q0	428525#1	1
819	Q0	64647#0	1
820	Q0	7575#0	1
825	Q0	160315#0	1
826	Q0	545062#1	1
827	Q0	848965#1	1
828	Q0	211634#1	1
829	Q0	98810#1	1
832	Q0	29404#1	1
833	Q0	734936#1	1
834	Q0	65434#2	1
835	Q0	11049#8	1
836	Q0	234401#0	1
837	Q0	1358649#4	1
838	Q0	190#28	1
840	Q0	541611#11	1
841	Q0	1259261#1	1
842	Q0	1445642#10	1
843	Q0	46469#5	1
844	Q0	28652#0	1
845	Q0	4677#2	1
847	Q0	46834#1	1
850	Q0	31767#0	1
851	Q0	1079464#0	1
852	Q0	5877#0	1
854	Q0	341357#0	1
855	Q0	40246#0	1
857	Q0	741233#0	1
859	Q0	1242#54	1
861	Q0	11146#0	1
862	Q0	309614#0	1
863	Q0	180111#26	1
864	Q0	15058#0	1
865	Q0	5300#23	1
866	Q0	214400#4	1
866	Q0	214400#5	0
868	Q0	31997#0	1
869	Q0	33304#0	1
870	Q0	51497#36	1
871	Q0	1200390#9	1
872	Q0	988079#9	1
873	Q0	338971#0	1
874	Q0	25910#2	1
875	Q0	138480#0	1
877	Q0	4741#0	1
878	Q0	212149#34	1
880	Q0	587938#1	1
883	Q0	711462#1	1
884	Q0	14066#0	1
885	Q0	1153#1	1
886	Q0	5237#13	1
887	Q0	9207#2	1
888	Q0	627479#0	1
889	Q0	910800#3	1
890	Q0	32244#7	1
891	Q0	507924#1	1
892	Q0	39782#4	1
894	Q0	9818#0	1
895	Q0	15387#6	1
896	Q0	9431#2	1
897	Q0	1334886#0	1
898	Q0	946963#4	1
899	Q0	24889#0	1
900	Q0	161626#0	1
901	Q0	121612#0	1
902	Q0	11999#8	1
904	Q0	15387#0	1
905	Q0	5198#1	1
906	Q0	425947#0	1
908	Q0	1368351#0	1
909	Q0	22256#1	1
911	Q0	654#2	1
912	Q0	26287#0	1
914	Q0	208106#1	1
915	Q0	30237#0	1
916	Q0	357229#0	1
917	Q0	51850#4	1
918	Q0	48443#19	1
919	Q0	1370559#0	1
921	Q0	507447#0	1
923	Q0	15412#0	1
924	Q0	91#7	1
925	Q0	830629#1	1
926	Q0	11392#2	1
927	Q0	12366#11	1
929	Q0	39913#28	1
930	Q0	709883#58	1
931	Q0	176#0	1
933	Q0	121612#0	1
934	Q0	43981#6	1
935	Q0	13898#0	1
936	Q0	10284#4	1
937	Q0	1266430#1	1
938	Q0	231374#2	1
940	Q0	34783#0	1
941	Q0	371484#0	1
942	Q0	499#0	1
943	Q0	158361#0	1
945	Q0	1427953#0	1
949	Q0	7946#0	1
950	Q0	793#0	1
951	Q0	136583#0	1
952	Q0	275270#0	1
953	Q0	32934#1	1
954	Q0	198128#4	1
955	Q0	26778#1	1
957	Q0	5092#7	1
958	Q0	5523#1	1
959	Q0	356992#0	1
960	Q0	682592#2	1
963	Q0	9242#45	1
965	Q0	1215480#3	1
966	Q0	112851#0	1
967	Q0	5877#0	1
968	Q0	272495#0	1
969	Q0	662#0	1
970	Q0	953944#1	1
971	Q0	151057#1	1
972	Q0	1185056#0	1
974	Q0	755420#2	1
975	Q0	11113#1	1
975	Q0	11113#0	1
976	Q0	1472346#1	1
978	Q0	1299879#0	1
979	Q0	11211#0	1
979	Q0	11211#6	0
979	Q0	11211#5	0
979	Q0	11211#9	0
979	Q0	11211#7	0
981	Q0	49763#2	1
982	Q0	1110103#0	1
983	Q0	122309#6	1
985	Q0	6626#0	1
986	Q0	11392#0	1
987	Q0	32940#1	1
988	Q0	26101#2	1
990	Q0	298873#0	1
992	Q0	440100#0	1
993	Q0	15386#0	1
995	Q0	318157#0	1
995	Q0	318157#2	1
995	Q0	318157#1	0
996	Q0	34231#0	1
997	Q0	11217#0	1
998	Q0	152382#0	1
999	Q0	350240#0	1
1000	Q0	21817#4	1
1003	Q0	6779#15	1
1004	Q0	15387#8	1
1005	Q0	676139#1	1
1006	Q0	10078#0	1
1007	Q0	988628#0	1
1008	Q0	33037#0	1
1009	Q0	1213198#0	1
1011	Q0	300687#0	1
1012	Q0	7892#1	1
1013	Q0	300028#7	1
1014	Q0	30447#0	1
1015	Q0	1473400#1	1
1016	Q0	150313#0	1
1017	Q0	334102#0	1
1018	Q0	404304#0	1
1019	Q0	18297#0	1
1020	Q0	75#90	1
1021	Q0	445601#5	1
1022	Q0	50327#10	1
1023	Q0	12372#0	1
1024	Q0	222052#1	1
1025	Q0	40324#0	1
1028	Q0	426828#0	1
1029	Q0	11211#1	1
1030	Q0	7200#0	1
1031	Q0	190741#2	1
1034	Q0	232003#0	1
1035	Q0	96915#0	1
1036	Q0	128737#0	1
1037	Q0	152108#5	1
1038	Q0	539519#0	1
1039	Q0	56038#0	1
1040	Q0	9012#0	1
1041	Q0	14601#13	1
1042	Q0	676679#0	1
1043	Q0	8072#0	1
1046	Q0	102326#1	1
1047	Q0	414418#6	1
1048	Q0	27916#17	1
1050	Q0	223886#2	1
1051	Q0	796#6	1
1052	Q0	36965#1	1
1053	Q0	15543#0	1
1054	Q0	20760#0	1
1057	Q0	1003027#1	1
1059	Q0	20779#2	1
1060	Q0	444566#0	1
1062	Q0	461736#6	1
1063	Q0	13882#6	1
1064	Q0	13389#0	1
1065	Q0	112195#1	1
1066	Q0	8725#3	1
1067	Q0	408913#31	1
1068	Q0	19621#0	1
1069	Q0	209464#0	1
1070	Q0	8901#2	1
1071	Q0	12250#0	1
1072	Q0	807002#1	1
1074	Q0	1175236#14	1
1075	Q0	1387796#1	1
1076	Q0	16186#6	1
1077	Q0	7784#6	1
1078	Q0	196788#0	1
1079	Q0	380690#2	1
1080	Q0	125336#2	1
1081	Q0	993067#2	1
1082	Q0	1206344#4	1
1083	Q0	288474#0	1
1084	Q0	1287267#9	1
1085	Q0	50783#8	1
1086	Q0	72666#4	1
1087	Q0	431108#0	1
1088	Q0	8476#6	1
1090	Q0	36628#0	1
1091	Q0	193646#0	1
1093	Q0	100330#0	1
1094	Q0	1242#44	1
1095	Q0	65103#0	1
1097	Q0	33140#0	1
1098	Q0	949460#0	1
1099	Q0	366811#2	1
1100	Q0	152255#0	1
1101	Q0	96915#0	1
1103	Q0	777511#0	1
1104	Q0	165774#6	1
1105	Q0	5877#0	1
1107	Q0	560225#16	1
1108	Q0	178660#9	1
1109	Q0	71403#1	1
1110	Q0	40204#19	1
1111	Q0	973874#3	1
1112	Q0	187497#2	1
1114	Q0	690760#0	1
1115	Q0	20785#4	1
1116	Q0	689622#0	1
1117	Q0	1325297#0	1
1118	Q0	323052#0	1
1121	Q0	71186#1	1
1122	Q0	79743#0	1
1123	Q0	1215442#0	1
1124	Q0	14925#0	1
1127	Q0	196792#0	1
1129	Q0	402770#0	1
1130	Q0	31412#8	1
1131	Q0	80721#0	1
1132	Q0	38404#0	1
1133	Q0	8256#0	1
1134	Q0	20710#0	1
1135	Q0	107581#0	1
1136	Q0	825912#1	1
1139	Q0	708187#0	1
1140	Q0	125058#0	1
1141	Q0	5866#5	1
1142	Q0	5300#14	1
1144	Q0	818904#0	1
1145	Q0	1099177#0	1
1146	Q0	197967#21	1
1147	Q0	158871#0	1
1148	Q0	546536#1	1
1149	Q0	141901#0	1
1150	Q0	1149730#0	1
1151	Q0	521857#5	1
1154	Q0	23687#0	1
1155	Q0	283168#0	1
1156	Q0	8512#0	1
1157	Q0	3833#11	1
1158	Q0	64050#0	1
1160	Q0	20166#0	1
1161	Q0	29222#0	1
1162	Q0	1351862#0	1
1164	Q0	1013930#2	1
1166	Q0	15231#1	1
1168	Q0	754942#0	1
1169	Q0	445983#5	1
1170	Q0	1374240#0	1
1171	Q0	234349#0	1
1172	Q0	197344#0	1
1173	Q0	91#6	1
1174	Q0	955444#0	1
1176	Q0	584642#50	1
1178	Q0	738#0	1
1179	Q0	63532#1	1
1181	Q0	8671#1	1
1182	Q0	74#4	1
1184	Q0	12472#1	1
1185	Q0	23027#37	1
1186	Q0	5759#18	1
1187	Q0	17992#4	1
1188	Q0	339950#1	1
1189	Q0	60078#16	1
1190	Q0	1060#17	1
1191	Q0	1084795#0	1
1192	Q0	161215#1	1
1194	Q0	117303#0	1
1195	Q0	305128#0	1
1196	Q0	13345#6	1
1197	Q0	17717#0	1
1198	Q0	14629#1	1
1200	Q0	10282#23	1
1201	Q0	22532#1	1
1204	Q0	259705#2	1
1205	Q0	1299840#0	1
1206	Q0	27548#1	1
1207	Q0	1405485#1	1
1208	Q0	173013#0	1
1209	Q0	807730#1	1
1210	Q0	126914#0	1
1212	Q0	580288#0	1
1213	Q0	1058423#0	1
1214	Q0	18952#0	1
1215	Q0	869194#0	1
1217	Q0	4639#66	1
1218	Q0	5867#0	1
1220	Q0	253#0	1
1221	Q0	239832#0	1
1222	Q0	441717#0	1
1223	Q0	451337#0	1
1225	Q0	1008413#0	1
1226	Q0	1150#87	1
1227	Q0	8284#0	1
1228	Q0	1283#84	1
1229	Q0	734714#0	1
1230	Q0	73929#0	1
1231	Q0	66000#4	1
1232	Q0	170560#1	1
1234	Q0	127247#1	1
1235	Q0	45962#0	1
1237	Q0	8715#3	1
1238	Q0	45456#0	1
1239	Q0	397670#3	1
1240	Q0	885386#0	1
1242	Q0	694479#1	1
1244	Q0	4956#0	1
1247	Q0	376756#2	1
1248	Q0	337306#3	1
1249	Q0	1260#1	1
1251	Q0	5867#0	1
1253	Q0	20544#2	1
1255	Q0	224298#0	1
1257	Q0	13301#1	1
1259	Q0	20124#0	1
1260	Q0	717096#24	1
1261	Q0	291584#0	1
1262	Q0	18508#1	1
1263	Q0	149632#0	1
1264	Q0	685047#1	1
1265	Q0	645481#10	1
1267	Q0	675946#0	1
1270	Q0	334197#0	1
1271	Q0	8767#0	1
1273	Q0	20655#0	1
1274	Q0	801751#1	1
1275	Q0	32136#0	1
1276	Q0	1180255#0	1
1277	Q0	9798#0	1
1278	Q0	52638#0	1
1279	Q0	93046#0	1
1280	Q0	1445630#0	1
1281	Q0	6344#2	1
1282	Q0	5866#40	1
1283	Q0	17340#0	1
1284	Q0	498#21	1
1285	Q0	594588#3	1
1287	Q0	30248#0	1
1288	Q0	1299879#0	1
1289	Q0	161260#4	1
1290	Q0	1292640#0	1
1291	Q0	5524#1	1
1292	Q0	100420#2	1
1293	Q0	157056#0	1
1294	Q0	253716#0	1
1295	Q0	53#0	1
1296	Q0	4907#1	1
1296	Q0	4907#21	0
1297	Q0	1065#12	1
1298	Q0	11443#0	1
1299	Q0	37491#0	1
1302	Q0	238590#3	1
1303	Q0	882226#1	1
1304	Q0	72084#6	1
1305	Q0	18387#6	1
1306	Q0	989388#0	1
1307	Q0	883480#7	1
1308	Q0	9758#8	1
1309	Q0	272471#1	1
1311	Q0	1138#0	1
1312	Q0	7198#2	1
1313	Q0	692#0	1
1314	Q0	27599#0	1
1315	Q0	666746#2	1
1316	Q0	241652#4	1
1319	Q0	749#0	1
1320	Q0	306194#19	1
1321	Q0	1305035#9	1
1323	Q0	263154#0	1
1324	Q0	43091#2	1
1326	Q0	364468#2	1
1327	Q0	18266#20	1
1328	Q0	451790#1	1
1330	Q0	15345#0	1
1331	Q0	30523#0	1
1335	Q0	11692#3	1
1336	Q0	498#0	1
1337	Q0	24693#21	1
1338	Q0	72084#6	1
1339	Q0	1273818#2	1
1341	Q0	1299499#1	1
1342	Q0	6002#1	1
1344	Q0	20003#0	1
1345	Q0	989603#0	1
1346	Q0	337454#0	1
1347	Q0	698293#6	1
1348	Q0	837151#2	1
1350	Q0	13660#0	1
1351	Q0	1387796#0	1
1352	Q0	31539#0	1
1354	Q0	77393#0	1
1356	Q0	902415#6	1
1357	Q0	113572#17	1
1358	Q0	25893#0	1
1359	Q0	73757#2	1
1360	Q0	276381#10	1
1361	Q0	33514#0	1
1362	Q0	25872#15	1
1363	Q0	926120#10	1
1364	Q0	85764#0	1
1365	Q0	843664#0	1
1366	Q0	297650#2	1
1367	Q0	409703#0	1
1368	Q0	197344#0	1
1369	Q0	15523#21	1
1370	Q0	275115#3	1
1371	Q0	14641#1	1
1372	Q0	55887#6	1
1373	Q0	39609#0	1
1374	Q0	14609#54	1
1375	Q0	39920#0	1
1376	Q0	252660#0	1
1376	Q0	252660#2	0
1377	Q0	600257#0	1
1379	Q0	80360#0	1
1381	Q0	99810#1	1
1382	Q0	203312#0	1
1383	Q0	1215442#4	1
1385	Q0	11692#12	1
1386	Q0	682434#3	1
1387	Q0	8767#29	1
1388	Q0	11525#2	1
1390	Q0	1242#38	1
1392	Q0	6533#1	1
1394	Q0	20414#6	1
1396	Q0	143578#0	1
1397	Q0	907883#2	1
1398	Q0	38066#1	1
1400	Q0	62818#2	1
1402	Q0	660764#0	1
1403	Q0	5951#2	1
1404	Q0	121158#0	1
1405	Q0	445601#1	1
1406	Q0	978752#1	1
1409	Q0	16267#0	1
1412	Q0	642346#0	1
1413	Q0	1401114#1	1
1414	Q0	120983#0	1
1415	Q0	43467#1	1
1416	Q0	1326163#0	1
1417	Q0	38989#37	1
1419	Q0	5285#0	1
1420	Q0	14871#1	1
1421	Q0	233978#0	1
1422	Q0	57223#0	1
1423	Q0	1388#21	1
1425	Q0	856882#1	1
1426	Q0	1235#0	1
1428	Q0	128410#1	1
1429	Q0	1320#0	1
1430	Q0	27623#0	1
1431	Q0	1012556#0	1
1434	Q0	378#5	1
1435	Q0	175965#0	1
1437	Q0	7283#0	1
1438	Q0	6833#0	1
1439	Q0	27562#3	1
1440	Q0	244887#1	1
1441	Q0	596758#0	1
1442	Q0	32399#2	1
1442	Q0	32399#4	1
1442	Q0	32399#0	1
1442	Q0	32399#7	0
1442	Q0	32399#5	0
1442	Q0	42448#0	0
1442	Q0	44279#3	0
1442	Q0	42449#8	0
1442	Q0	44279#0	0
1442	Q0	44279#2	0
1442	Q0	32399#6	0
1444	Q0	61760#0	1
1444	Q0	61760#2	0
1444	Q0	1157031#1	0
1444	Q0	781645#1	0
1444	Q0	745798#0	0
1444	Q0	61760#10	0
1444	Q0	1352305#1	0
1444	Q0	836788#0	0
1444	Q0	61760#9	0
1444	Q0	1157031#2	0
1445	Q0	25718#13	1
1445	Q0	25718#9	1
1445	Q0	25718#0	0
1445	Q0	25718#11	0
1445	Q0	25718#6	0
1445	Q0	25718#5	0
1445	Q0	25718#14	0
1445	Q0	25718#2	0
1445	Q0	391202#0	0
1445	Q0	6021#76	0
1449	Q0	148913#4	1
1449	Q0	148913#0	0
1449	Q0	148913#54	0
1449	Q0	148913#6	0
1449	Q0	148913#34	0
1449	Q0	148913#51	0
1449	Q0	148913#52	0
1449	Q0	148913#31	0
1449	Q0	148913#2	0
1449	Q0	148913#7	0
1450	Q0	209774#2	1
1450	Q0	209774#0	1
1450	Q0	209774#4	0
1450	Q0	243722#0	0
1450	Q0	937863#0	0
1450	Q0	404113#0	0
1450	Q0	296961#0	0
1450	Q0	507843#0	0
1450	Q0	552792#1	0
1450	Q0	1393445#0	0
1451	Q0	5516#5	1
1451	Q0	5516#0	1
1451	Q0	7553#2	0
1451	Q0	5516#13	0
1451	Q0	5516#4	0
1451	Q0	5516#12	0
1451	Q0	5516#2	0
1451	Q0	5516#10	0
1451	Q0	5516#9	0
1451	Q0	5516#22	0
1452	Q0	642683#1	1
1452	Q0	1320606#1	0
1452	Q0	642683#0	0
1452	Q0	751457#1	0
1452	Q0	1418585#1	0
1452	Q0	42179#4	0
1452	Q0	940164#15	0
1452	Q0	141901#1	0
1452	Q0	273119#2	0
1452	Q0	894710#0	0
1453	Q0	465593#5	1
1453	Q0	465593#9	0
1453	Q0	465593#1	0
1453	Q0	465593#8	0
1453	Q0	465593#11	0
1453	Q0	1201673#1	0
1453	Q0	1195434#1	0
1453	Q0	465593#15	0
1453	Q0	465593#6	0
1453	Q0	465593#0	0
1454	Q0	101914#2	1
1454	Q0	101914#0	1
1454	Q0	101914#3	0
1454	Q0	101914#7	0
1454	Q0	996256#17	0
1454	Q0	101914#35	0
1454	Q0	101914#1	0
1454	Q0	101914#33	0
1454	Q0	101914#28	0
1454	Q0	101914#11	0
1455	Q0	16372#4	1
1455	Q0	16372#77	1
1455	Q0	16372#0	1
1455	Q0	16372#3	1
1455	Q0	16372#78	1
1455	Q0	16372#73	0
1455	Q0	16372#87	0
1455	Q0	788606#4	0
1455	Q0	158713#7	0
1455	Q0	16372#88	0
1456	Q0	233593#0	1
1456	Q0	9103#0	0
1456	Q0	9103#1	0
1456	Q0	98962#0	0
1456	Q0	216630#0	0
1456	Q0	233701#1	0
1456	Q0	1045137#3	0
1456	Q0	642654#0	0
1456	Q0	72315#0	0
1456	Q0	9103#2	0
1457	Q0	152871#2	1
1457	Q0	152871#0	1
1457	Q0	163844#1	1
1457	Q0	42511#4	0
1457	Q0	463882#0	0
1457	Q0	170241#1	0
1457	Q0	152871#1	0
1457	Q0	1290152#1	0
1457	Q0	99226#1	0
1457	Q0	1279661#1	0
1458	Q0	10092#6	1
1458	Q0	10092#0	1
1458	Q0	10092#8	1
1458	Q0	446589#3	1
1458	Q0	10092#9	0
1458	Q0	1340365#0	0
1458	Q0	801169#0	0
1458	Q0	10092#2	0
1458	Q0	70188#10	0
1458	Q0	10092#5	0
1459	Q0	445371#1	1
1459	Q0	92991#11	1
1459	Q0	92991#15	1
1459	Q0	54321#1	1
1459	Q0	277279#5	0
1459	Q0	11861#19	0
1459	Q0	11861#5	0
1459	Q0	495813#2	0
1459	Q0	1221247#9	0
1459	Q0	11861#9	0
1459	Q0	277309#11	0
1462	Q0	805846#2	1
1462	Q0	993067#1	1
1462	Q0	805846#18	0
1462	Q0	993067#7	0
1462	Q0	506235#61	0
1462	Q0	50039#2	0
1462	Q0	31082#1	0
1462	Q0	1318782#11	0
1462	Q0	523818#16	0
1462	Q0	37030#35	0
1462	Q0	37030#22	0
1463	Q0	13525#3	1
1463	Q0	70780#12	1
1463	Q0	13525#20	1
1463	Q0	13525#16	1
1463	Q0	133498#1	0
1463	Q0	13525#13	0
1463	Q0	13525#14	0
1463	Q0	13525#0	0
1463	Q0	70780#4	0
1463	Q0	147410#14	0
1465	Q0	259941#1	1
1465	Q0	1218792#2	0
1465	Q0	1022460#15	0
1465	Q0	72522#4	0
1465	Q0	556496#2	0
1465	Q0	860926#1	0
1465	Q0	554566#11	0
1465	Q0	147907#15	0
1465	Q0	302618#12	0
1465	Q0	262081#2	0
1465	Q0	860926#6	0
1466	Q0	5091#0	1
1466	Q0	782#4	1
1466	Q0	366346#0	0
1466	Q0	92367#17	0
1466	Q0	5091#1	0
1466	Q0	567633#0	0
1466	Q0	782#7	0
1466	Q0	1353761#3	0
1466	Q0	5091#3	0
1466	Q0	1265694#0	0
1467	Q0	684560#0	1
1467	Q0	684560#2	0
1467	Q0	684560#1	0
1467	Q0	684560#3	0
1467	Q0	509077#0	0
1467	Q0	572968#0	0
1467	Q0	481907#0	0
1467	Q0	1067901#0	0
1467	Q0	1115055#0	0
1467	Q0	963311#2	0
1468	Q0	632324#15	1
1468	Q0	645478#0	1
1468	Q0	902415#1	1
1468	Q0	645478#5	0
1468	Q0	645478#4	0
1468	Q0	645478#1	0
1468	Q0	645478#6	0
1468	Q0	160222#18	0
1468	Q0	160222#17	0
1468	Q0	1213068#1	0
1469	Q0	26932#0	1
1469	Q0	847790#22	1
1469	Q0	551775#0	0
1469	Q0	1341548#0	0
1469	Q0	1374020#1	0
1469	Q0	294706#1	0
1469	Q0	1422426#11	0
1469	Q0	26932#5	0
1469	Q0	1376692#1	0
1469	Q0	1354655#0	0
1470	Q0	672134#5	1
1470	Q0	573#6	1
1470	Q0	1141014#3	0
1470	Q0	10027#4	0
1470	Q0	202414#7	0
1470	Q0	234200#0	0
1470	Q0	728571#1	0
1470	Q0	198#97	0
1470	Q0	672130#1	0
1470	Q0	72357#65	0
1471	Q0	687064#1	1
1471	Q0	687064#8	1
1471	Q0	687064#4	0
1471	Q0	687064#9	0
1471	Q0	687064#7	0
1471	Q0	1275719#0	0
1471	Q0	687064#3	0
1471	Q0	309627#0	0
1471	Q0	58077#0	0
1471	Q0	113342#1	0
1472	Q0	367818#1	1
1472	Q0	367818#2	0
1472	Q0	367818#0	0
1472	Q0	686457#3	0
1472	Q0	655093#5	0
1472	Q0	339204#1	0
1472	Q0	754724#14	0
1472	Q0	634447#1	0
1472	Q0	109330#2	0
1472	Q0	1054057#2	0
1473	Q0	522#0	1
1473	Q0	364623#0	0
1473	Q0	926247#0	0
1473	Q0	1024400#57	0
1473	Q0	13185#15	0
1473	Q0	1259831#6	0
1473	Q0	520#10	0
1473	Q0	11790#15	0
1473	Q0	151943#0	0
1473	Q0	13185#14	0
1473	Q0	1024400#12	0
1474	Q0	604888#0	1
1474	Q0	1277356#23	0
1474	Q0	604888#9	0
1474	Q0	604888#17	0
1474	Q0	1277356#9	0
1474	Q0	604888#7	0
1474	Q0	1346975#1	0
1474	Q0	604888#1	0
1474	Q0	604888#2	0
1474	Q0	43892#10	0
1475	Q0	1359456#2	1
1475	Q0	1361300#5	1
1475	Q0	1359515#2	1
1475	Q0	1359456#9	0
1475	Q0	1359456#1	0
1475	Q0	1359456#8	0
1475	Q0	1359456#12	0
1475	Q0	1359456#4	0
1475	Q0	1359456#11	0
1475	Q0	1359456#3	0
1476	Q0	1125096#1	1
1476	Q0	1125096#5	0
1476	Q0	1125096#15	0
1476	Q0	1125096#12	0
1476	Q0	1125096#2	0
1476	Q0	1125096#18	0
1476	Q0	1125096#10	0
1476	Q0	1125096#8	0
1476	Q0	1125096#4	0
1476	Q0	413522#1	0
1477	Q0	31881#0	1
1477	Q0	41831#0	0
1477	Q0	1012130#0	0
1477	Q0	129935#0	0
1477	Q0	223189#0	0
1477	Q0	833362#0	0
1477	Q0	9431#3	0
1477	Q0	299013#0	0
1477	Q0	158838#0	0
1477	Q0	43826#2	0
1478	Q0	1142720#3	1
1478	Q0	94018#0	0
1478	Q0	42511#2	0
1478	Q0	60177#8	0
1478	Q0	292892#2	0
1478	Q0	349586#18	0
1478	Q0	500585#0	0
1478	Q0	18593#5	0
1478	Q0	50822#2	0
1478	Q0	422284#2	0
1479	Q0	867622#0	1
1479	Q0	64213#0	1
1479	Q0	64213#1	0
1479	Q0	651772#0	0
1479	Q0	1263696#0	0
1479	Q0	867622#1	0
1479	Q0	39463#0	0
1479	Q0	463556#0	0
1479	Q0	651776#0	0
1479	Q0	250654#0	0
1481	Q0	5708#0	1
1481	Q0	241#46	1
1481	Q0	14008#1	1
1481	Q0	5708#3	1
1481	Q0	5708#4	1
1481	Q0	5708#1	1
1481	Q0	24106#0	1
1481	Q0	24106#1	1
1481	Q0	14008#0	1
1481	Q0	1170170#0	0
1482	Q0	828431#0	1
1482	Q0	779817#9	0
1482	Q0	779817#0	0
1482	Q0	14370#2	0
1482	Q0	797472#0	0
1482	Q0	902059#0	0
1482	Q0	14370#6	0
1482	Q0	890916#0	0
1482	Q0	900775#0	0
1482	Q0	748883#5	0
1483	Q0	15264#8	1
1483	Q0	131458#11	1
1483	Q0	966399#57	1
1483	Q0	793#6	1
1483	Q0	793#0	1
1483	Q0	1357098#0	1
1483	Q0	1349493#6	0
1483	Q0	793#2	0
1483	Q0	7898#1	0
1483	Q0	1384485#14	0
1484	Q0	8512#2	1
1484	Q0	33214#30	1
1484	Q0	8512#0	0
1484	Q0	8512#4	0
1484	Q0	962964#0	0
1484	Q0	33214#26	0
1484	Q0	726168#0	0
1484	Q0	1169880#4	0
1484	Q0	1132767#7	0
1484	Q0	1276151#13	0
1486	Q0	455776#14	1
1486	Q0	455776#9	0
1486	Q0	455776#11	0
1486	Q0	455776#8	0
1486	Q0	455776#2	0
1486	Q0	455776#4	0
1486	Q0	455776#12	0
1486	Q0	455776#7	0
1486	Q0	455776#0	0
1486	Q0	455776#5	0
1486	Q0	455776#3	0
1487	Q0	797990#31	1
1487	Q0	37717#4	1
1487	Q0	404090#1	0
1487	Q0	37717#0	0
1487	Q0	37717#32	0
1487	Q0	37717#3	0
1487	Q0	37717#10	0
1487	Q0	1391489#1	0
1487	Q0	37717#16	0
1487	Q0	37717#27	0
1489	Q0	59467#5	1
1489	Q0	59467#0	1
1489	Q0	80712#4	1
1489	Q0	59467#7	1
1489	Q0	59467#6	1
1489	Q0	158656#0	1
1489	Q0	59467#10	0
1489	Q0	59467#9	0
1489	Q0	59467#8	0
1489	Q0	59467#4	0
1490	Q0	103523#2	1
1490	Q0	103523#12	0
1490	Q0	103523#0	0
1490	Q0	140701#10	0
1490	Q0	1224485#0	0
1490	Q0	436355#1	0
1490	Q0	103523#8	0
1490	Q0	103523#21	0
1490	Q0	14737#14	0
1490	Q0	848#131	0
1493	Q0	71260#1	1
1493	Q0	491417#5	0
1493	Q0	1318311#1	0
1493	Q0	244505#2	0
1493	Q0	71260#3	0
1493	Q0	799101#1	0
1493	Q0	1117217#4	0
1493	Q0	902148#3	0
1493	Q0	1355547#1	0
1493	Q0	1445529#2	0
1494	Q0	918776#0	1
1494	Q0	704443#0	1
1494	Q0	704443#18	0
1494	Q0	1426593#15	0
1494	Q0	149635#12	0
1494	Q0	704443#16	0
1494	Q0	704443#17	0
1494	Q0	704443#15	0
1494	Q0	918776#1	0
1494	Q0	704443#7	0
1494	Q0	704443#4	0
1495	Q0	377072#11	1
1495	Q0	293148#6	1
1495	Q0	377072#0	1
1495	Q0	377072#14	0
1495	Q0	377072#17	0
1495	Q0	377072#5	0
1495	Q0	377072#13	0
1495	Q0	377072#1	0
1495	Q0	377072#3	0
1495	Q0	129990#3	0
1496	Q0	116773#2	1
1496	Q0	116773#3	1
1496	Q0	116773#0	1
1496	Q0	116773#7	0
1496	Q0	116773#6	0
1496	Q0	116773#1	0
1496	Q0	294114#13	0
1496	Q0	116773#8	0
1496	Q0	1228754#11	0
1496	Q0	241606#1	0
1497	Q0	26215#26	1
1497	Q0	26215#0	1
1497	Q0	26215#24	0
1497	Q0	689605#16	0
1497	Q0	1290936#9	0
1497	Q0	710393#8	0
1497	Q0	977820#14	0
1497	Q0	1272165#1	0
1497	Q0	26215#1	0
1497	Q0	35984#6	0
1498	Q0	137120#0	1
1498	Q0	399800#2	0
1498	Q0	77461#2	0
1498	Q0	225386#0	0
1498	Q0	295505#1	0
1498	Q0	76141#5	0
1498	Q0	377161#0	0
1498	Q0	456569#0	0
1498	Q0	608670#1	0
1498	Q0	376317#0	0
1499	Q0	11152#2	1
1499	Q0	77500#34	1
1499	Q0	11152#0	1
1499	Q0	1164309#12	1
1499	Q0	505598#16	0
1499	Q0	29655#1	0
1499	Q0	505598#14	0
1499	Q0	11152#12	0
1499	Q0	29655#2	0
1499	Q0	11152#18	0
1500	Q0	46974#0	1
1500	Q0	46974#4	0
1500	Q0	52985#1	0
1500	Q0	53027#1	0
1500	Q0	52827#3	0
1500	Q0	46974#6	0
1500	Q0	53016#1	0
1500	Q0	53162#1	0
1500	Q0	26603#3	0
1500	Q0	46974#7	0
1501	Q0	204027#1	1
1501	Q0	204027#0	1
1501	Q0	204061#1	1
1501	Q0	204027#18	1
1501	Q0	204027#4	0
1501	Q0	204027#2	0
1501	Q0	204027#3	0
1501	Q0	204027#19	0
1501	Q0	55667#1	0
1501	Q0	204027#8	0
1502	Q0	82577#29	1
1502	Q0	19086#33	0
1502	Q0	82577#19	0
1502	Q0	977170#10	0
1502	Q0	980388#1	0
1502	Q0	250972#12	0
1502	Q0	7979#2	0
1502	Q0	847550#4	0
1502	Q0	13721#7	0
1502	Q0	1303297#0	0
1503	Q0	410556#0	1
1503	Q0	422440#9	1
1503	Q0	410556#9	0
1503	Q0	12919#7	0
1503	Q0	410556#6	0
1503	Q0	410556#2	0
1503	Q0	1370837#12	0
1503	Q0	410556#5	0
1503	Q0	839782#0	0
1503	Q0	410556#3	0
1504	Q0	334102#1	1
1504	Q0	334102#2	1
1504	Q0	334102#5	0
1504	Q0	334102#4	0
1504	Q0	334102#6	0
1504	Q0	1178940#1	0
1504	Q0	1168238#1	0
1504	Q0	26626#7	0
1504	Q0	334102#3	0
1504	Q0	1318683#1	0
1505	Q0	555308#0	1
1505	Q0	598790#1	0
1505	Q0	705031#0	0
1505	Q0	6311#4	0
1505	Q0	1435132#5	0
1505	Q0	276674#3	0
1505	Q0	144319#2	0
1505	Q0	14105#3	0
1505	Q0	44637#9	0
1505	Q0	464359#1	0
1506	Q0	168388#26	1
1506	Q0	168388#0	1
1506	Q0	168388#13	0
1506	Q0	168388#3	0
1506	Q0	168388#27	0
1506	Q0	973314#5	0
1506	Q0	168388#18	0
1506	Q0	168388#5	0
1506	Q0	168388#9	0
1506	Q0	1051934#0	0
1507	Q0	113#38	1
1507	Q0	234200#1	0
1507	Q0	110#17	0
1507	Q0	590950#2	0
1507	Q0	1488019#7	0
1507	Q0	409994#1	0
1507	Q0	11137#6	0
1507	Q0	592263#7	0
1507	Q0	367086#0	0
1507	Q0	6119#3	0
1508	Q0	54#1	1
1508	Q0	54#9	1
1508	Q0	54#11	1
1508	Q0	1173453#0	0
1508	Q0	1173459#0	0
1508	Q0	1184367#0	0
1508	Q0	1173457#0	0
1508	Q0	1173454#0	0
1508	Q0	1221844#1	0
1508	Q0	36405#0	0
1509	Q0	178195#3	1
1509	Q0	833702#1	1
1509	Q0	187308#9	1
1509	Q0	158862#0	1
1509	Q0	160864#0	0
1509	Q0	171758#1	0
1509	Q0	148538#1	0
1509	Q0	1258473#1	0
1509	Q0	330949#1	0
1509	Q0	1294744#1	0
1509	Q0	63273#0	0
1510	Q0	2751#23	1
1510	Q0	518389#10	1
1510	Q0	13597#29	1
1510	Q0	688942#1	0
1510	Q0	1306223#24	0
1510	Q0	1207215#6	0
1510	Q0	966363#20	0
1510	Q0	1000478#10	0
1510	Q0	54107#3	0
1510	Q0	975887#5	0
1510	Q0	6944#56	0
1511	Q0	712#1	1
1511	Q0	1275943#0	0
1511	Q0	180115#0	0
1511	Q0	1381579#0	0
1511	Q0	8724#0	0
1511	Q0	712#5	0
1511	Q0	70463#0	0
1511	Q0	1464730#0	0
1511	Q0	770047#0	0
1511	Q0	576836#29	0
1512	Q0	337454#11	1
1512	Q0	12693#0	1
1512	Q0	12693#7	1
1512	Q0	614778#8	1
1512	Q0	781017#2	1
1512	Q0	12693#6	0
1512	Q0	12693#1	0
1512	Q0	12693#9	0
1512	Q0	780835#2	0
1512	Q0	270329#8	0
1513	Q0	26746#0	1
1513	Q0	64443#3	0
1513	Q0	216742#9	0
1513	Q0	356566#0	0
1513	Q0	167478#11	0
1513	Q0	101722#0	0
1513	Q0	1298688#0	0
1513	Q0	1488820#6	0
1513	Q0	1356014#8	0
1513	Q0	43434#1	0
1513	Q0	1003225#11	0
1515	Q0	189249#0	1
1515	Q0	189249#3	1
1515	Q0	189249#9	0
1515	Q0	189249#2	0
1515	Q0	189249#11	0
1515	Q0	189249#12	0
1515	Q0	189249#4	0
1515	Q0	189249#1	0
1515	Q0	189249#7	0
1515	Q0	189249#5	0
1516	Q0	10000#5	1
1516	Q0	14547#5	1
1516	Q0	10000#0	0
1516	Q0	14547#14	0
1516	Q0	1376989#0	0
1516	Q0	89951#4	0
1516	Q0	14547#23	0
1516	Q0	21234#3	0
1516	Q0	52854#1	0
1516	Q0	403818#0	0
1517	Q0	190#31	1
1517	Q0	190#45	0
1517	Q0	362772#0	0
1517	Q0	386022#0	0
1517	Q0	336344#0	0
1517	Q0	97808#6	0
1517	Q0	556079#29	0
1517	Q0	159729#1	0
1517	Q0	190#35	0
1517	Q0	14388#9	0
1517	Q0	1113039#1	0
1520	Q0	1484473#2	1
1520	Q0	1083451#5	1
1520	Q0	1484473#1	0
1520	Q0	1083456#2	0
1520	Q0	57325#12	0
1520	Q0	1083456#1	0
1520	Q0	1082768#4	0
1520	Q0	1484473#3	0
1520	Q0	1083456#5	0
1520	Q0	1484473#0	0
1521	Q0	625653#1	1
1521	Q0	35#9	1
1521	Q0	534166#1	0
1521	Q0	359416#0	0
1521	Q0	380097#4	0
1521	Q0	1347146#0	0
1521	Q0	1335574#1	0
1521	Q0	1427312#1	0
1521	Q0	35#4	0
1521	Q0	1151116#0	0
1521	Q0	944353#3	0
1525	Q0	1286373#0	1
1525	Q0	1286366#0	1
1525	Q0	1286751#1	1
1525	Q0	1096#5	1
1525	Q0	1285497#0	0
1525	Q0	1288831#0	0
1525	Q0	594884#0	0
1525	Q0	1096#32	0
1525	Q0	287901#0	0
1525	Q0	276811#0	0
1525	Q0	64417#0	0
1528	Q0	52288#0	1
1528	Q0	60898#0	0
1528	Q0	52288#1	0
1528	Q0	52288#2	0
1528	Q0	52288#6	0
1528	Q0	370829#1	0
1528	Q0	52288#4	0
1528	Q0	26778#1	0
1528	Q0	18828#1	0
1528	Q0	52288#8	0
1529	Q0	998385#1	1
1529	Q0	998385#3	0
1529	Q0	998385#0	0
1529	Q0	1112399#1	0
1529	Q0	998385#4	0
1529	Q0	1448348#1	0
1529	Q0	189625#8	0
1529	Q0	320050#8	0
1529	Q0	261091#0	0
1529	Q0	556088#1	0
1530	Q0	12287#0	1
1530	Q0	5130#0	0
1530	Q0	1389643#3	0
1530	Q0	5130#2	0
1530	Q0	12287#28	0
1530	Q0	12287#24	0
1530	Q0	1395692#1	0
1530	Q0	12287#26	0
1530	Q0	12287#9	0
1530	Q0	649990#10	0
1531	Q0	1493843#0	1
1531	Q0	1404118#3	1
1531	Q0	1274975#5	0
1531	Q0	1274978#5	0
1531	Q0	158713#61	0
1531	Q0	1411711#16	0
1531	Q0	96409#7	0
1531	Q0	1274773#5	0
1531	Q0	217531#2	0
1531	Q0	1412854#3	0
1532	Q0	1487397#0	1
1532	Q0	1262379#1	0
1532	Q0	1487397#1	0
1532	Q0	1262551#1	0
1532	Q0	1487397#18	0
1532	Q0	1487397#9	0
1532	Q0	1487397#15	0
1532	Q0	1487397#12	0
1532	Q0	1487397#8	0
1532	Q0	1487397#14	0
1534	Q0	1333549#6	1
1534	Q0	1333549#0	0
1534	Q0	1333549#18	0
1534	Q0	1333549#9	0
1534	Q0	1333549#8	0
1534	Q0	1333549#4	0
1534	Q0	231994#1	0
1534	Q0	1333549#5	0
1534	Q0	386553#0	0
1534	Q0	1333549#1	0
1535	Q0	36839#10	1
1535	Q0	222965#0	1
1535	Q0	36839#11	0
1535	Q0	304016#2	0
1535	Q0	36839#20	0
1535	Q0	406900#1	0
1535	Q0	406900#2	0
1535	Q0	1035493#0	0
1535	Q0	43091#23	0
1535	Q0	170013#2	0
1535	Q0	862078#2	0
1537	Q0	1442702#3	1
1537	Q0	625870#0	0
1537	Q0	65658#0	0
1537	Q0	30231#4	0
1537	Q0	1112276#0	0
1537	Q0	1041084#0	0
1537	Q0	93763#16	0
1537	Q0	1442702#7	0
1537	Q0	945349#0	0
1537	Q0	318835#5	0
1538	Q0	57323#1	1
1538	Q0	225434#9	1
1538	Q0	48835#0	1
1538	Q0	452703#5	0
1538	Q0	38287#9	0
1538	Q0	1059779#1	0
1538	Q0	833#12	0
1538	Q0	57323#3	0
1538	Q0	259746#4	0
1538	Q0	178797#3	0
1539	Q0	490457#0	1
1539	Q0	490457#1	0
1539	Q0	490457#5	0
1539	Q0	490457#2	0
1539	Q0	490457#8	0
1539	Q0	373211#1	0
1539	Q0	490457#7	0
1539	Q0	490457#3	0
1539	Q0	490457#23	0
1539	Q0	312353#1	0
1540	Q0	11502#0	1
1540	Q0	289923#9	1
1540	Q0	11502#13	0
1540	Q0	11502#11	0
1540	Q0	11502#8	0
1540	Q0	11502#2	0
1540	Q0	476669#0	0
1540	Q0	337402#16	0
1540	Q0	11502#4	0
1540	Q0	903361#0	0
1541	Q0	8909#1	1
1541	Q0	8909#0	1
1541	Q0	675143#1	0
1541	Q0	8909#20	0
1541	Q0	8909#2	0
1541	Q0	8909#5	0
1541	Q0	8909#4	0
1541	Q0	8909#10	0
1541	Q0	847610#8	0
1541	Q0	225151#1	0
1542	Q0	571229#2	1
1542	Q0	19586#0	1
1542	Q0	19586#8	1
1542	Q0	18708#4	0
1542	Q0	19586#35	0
1542	Q0	19586#32	0
1542	Q0	19586#27	0
1542	Q0	19586#33	0
1542	Q0	19586#19	0
1542	Q0	705880#2	0
1543	Q0	1169072#9	1
1543	Q0	1169072#2	0
1543	Q0	1362798#20	0
1543	Q0	1169072#1	0
1543	Q0	1169072#0	0
1543	Q0	356129#3	0
1543	Q0	671138#4	0
1543	Q0	6816#33	0
1543	Q0	1002319#1	0
1543	Q0	1169072#7	0
1547	Q0	655093#0	1
1547	Q0	655093#8	1
1547	Q0	323927#0	0
1547	Q0	655093#5	0
1547	Q0	335309#0	0
1547	Q0	655093#9	0
1547	Q0	639989#0	0
1547	Q0	331762#1	0
1547	Q0	1418577#1	0
1547	Q0	1166008#0	0
1548	Q0	37289#1	1
1548	Q0	37289#0	1
1548	Q0	7818#1	0
1548	Q0	39878#1	0
1548	Q0	55110#1	0
1548	Q0	37289#13	0
1548	Q0	1440131#8	0
1548	Q0	45617#1	0
1548	Q0	348389#1	0
1548	Q0	23949#1	0
1548	Q0	26660#3	0
1549	Q0	1253423#1	1
1549	Q0	1327032#1	1
1549	Q0	1327009#1	0
1549	Q0	1416756#1	0
1549	Q0	1210805#1	0
1549	Q0	1490395#1	0
1549	Q0	1425524#1	0
1549	Q0	1388301#1	0
1549	Q0	1284743#1	0
1549	Q0	1479402#1	0
1549	Q0	1227112#1	0
1550	Q0	5269#0	1
1550	Q0	5269#2	1
1550	Q0	249430#0	1
1550	Q0	913987#7	0
1550	Q0	913987#5	0
1550	Q0	1071763#9	0
1550	Q0	913987#0	0
1550	Q0	913987#4	0
1550	Q0	245#2	0
1550	Q0	5269#19	0
1551	Q0	1406676#0	1
1551	Q0	17208#17	1
1551	Q0	971909#1	1
1551	Q0	303432#1	1
1551	Q0	56048#8	1
1551	Q0	971909#5	0
1551	Q0	17208#21	0
1551	Q0	437547#0	0
1551	Q0	17208#0	0
1551	Q0	17208#16	0
1552	Q0	719539#0	1
1552	Q0	719539#2	1
1552	Q0	719539#3	0
1552	Q0	397670#14	0
1552	Q0	719539#1	0
1552	Q0	719539#5	0
1552	Q0	1040755#2	0
1552	Q0	397670#8	0
1552	Q0	14387#8	0
1552	Q0	397670#4	0
1553	Q0	56889#1	1
1553	Q0	56889#0	0
1553	Q0	1374576#1	0
1553	Q0	56889#15	0
1553	Q0	56889#12	0
1553	Q0	56889#11	0
1553	Q0	1364826#1	0
1553	Q0	56889#10	0
1553	Q0	56889#22	0
1553	Q0	1492197#1	0
1555	Q0	1292#74	1
1555	Q0	1292#69	1
1555	Q0	346920#0	1
1555	Q0	75652#29	0
1555	Q0	346920#11	0
1555	Q0	579350#4	0
1555	Q0	1065#108	0
1555	Q0	1292#70	0
1555	Q0	106725#5	0
1555	Q0	111430#4	0
1555	Q0	1358931#0	0
1556	Q0	708187#0	1
1556	Q0	708187#5	1
1556	Q0	708187#1	0
1556	Q0	708187#14	0
1556	Q0	708187#3	0
1556	Q0	708187#20	0
1556	Q0	708187#17	0
1556	Q0	708187#13	0
1556	Q0	708187#19	0
1556	Q0	708187#2	0
1558	Q0	20003#0	1
1558	Q0	20003#5	1
1558	Q0	20003#1	1
1558	Q0	20003#4	1
1558	Q0	39670#38	1
1558	Q0	20003#2	0
1558	Q0	20003#3	0
1558	Q0	613312#2	0
1558	Q0	20003#9	0
1558	Q0	1041936#0	0
1559	Q0	498652#0	1
1559	Q0	31274#0	1
1559	Q0	144019#0	0
1559	Q0	277641#0	0
1559	Q0	157120#3	0
1559	Q0	1319908#0	0
1559	Q0	174490#0	0
1559	Q0	600939#0	0
1559	Q0	387006#0	0
1559	Q0	270463#3	0
1560	Q0	217#8	1
1560	Q0	7788#2	1
1560	Q0	177#2	0
1560	Q0	177#0	0
1560	Q0	25978#6	0
1560	Q0	1050381#1	0
1560	Q0	964940#0	0
1560	Q0	2954#12	0
1560	Q0	50433#3	0
1560	Q0	242112#10	0
1560	Q0	1334978#0	0
1561	Q0	33998#0	1
1561	Q0	33998#9	0
1561	Q0	839087#2	0
1561	Q0	613867#3	0
1561	Q0	133742#6	0
1561	Q0	19061#4	0
1561	Q0	161345#19	0
1561	Q0	33998#10	0
1561	Q0	33998#5	0
1561	Q0	79375#15	0
1562	Q0	57031#18	1
1562	Q0	57031#0	1
1562	Q0	57031#14	0
1562	Q0	57031#12	0
1562	Q0	57031#11	0
1562	Q0	61792#0	0
1562	Q0	57031#16	0
1562	Q0	1348530#0	0
1562	Q0	445516#7	0
1562	Q0	57031#13	0
1563	Q0	327288#0	1
1563	Q0	327288#23	1
1563	Q0	327288#4	0
1563	Q0	327288#21	0
1563	Q0	327288#22	0
1563	Q0	327288#20	0
1563	Q0	327288#19	0
1563	Q0	327288#6	0
1563	Q0	327288#7	0
1563	Q0	518255#0	0
1564	Q0	178195#0	1
1564	Q0	178195#1	0
1564	Q0	178195#2	0
1564	Q0	381558#0	0
1564	Q0	178195#3	0
1564	Q0	222548#26	0
1564	Q0	1380296#0	0
1564	Q0	921210#1	0
1564	Q0	187308#9	0
1564	Q0	664341#4	0
1565	Q0	69#49	1
1565	Q0	854604#11	0
1565	Q0	69#37	0
1565	Q0	69#39	0
1565	Q0	69#41	0
1565	Q0	69#40	0
1565	Q0	1066020#5	0
1565	Q0	1066020#3	0
1565	Q0	69#19	0
1565	Q0	69#34	0
1565	Q0	69#13	0
1567	Q0	65079#0	1
1567	Q0	2751#33	0
1567	Q0	65079#3	0
1567	Q0	65079#6	0
1567	Q0	1303709#13	0
1567	Q0	1303709#0	0
1567	Q0	301510#2	0
1567	Q0	701793#0	0
1567	Q0	1275170#0	0
1567	Q0	65079#29	0
1569	Q0	19239#0	1
1569	Q0	534068#6	1
1569	Q0	19239#8	0
1569	Q0	19239#9	0
1569	Q0	19239#3	0
1569	Q0	19239#2	0
1569	Q0	19239#6	0
1569	Q0	19239#1	0
1569	Q0	19239#10	0
1569	Q0	19239#7	0
1569	Q0	19239#11	0
1570	Q0	377072#1	1
1570	Q0	377072#0	1
1570	Q0	377072#11	0
1570	Q0	377072#2	0
1570	Q0	377072#3	0
1570	Q0	1302252#1	0
1570	Q0	377072#5	0
1570	Q0	584216#1	0
1570	Q0	377072#6	0
1570	Q0	377072#9	0
1571	Q0	1432101#0	1
1571	Q0	1432101#1	0
1571	Q0	1300901#0	0
1571	Q0	576836#79	0
1571	Q0	576836#52	0
1571	Q0	1432101#8	0
1571	Q0	576836#78	0
1571	Q0	576836#89	0
1571	Q0	576836#73	0
1571	Q0	12693#1	0
1572	Q0	30130#0	1
1572	Q0	30130#3	1
1572	Q0	364379#6	1
1572	Q0	30130#1	0
1572	Q0	30130#7	0
1572	Q0	30130#4	0
1572	Q0	60844#6	0
1572	Q0	30130#2	0
1572	Q0	30130#6	0
1572	Q0	154427#3	0
1573	Q0	554844#0	1
1573	Q0	554844#12	1
1573	Q0	554844#1	1
1573	Q0	554844#11	0
1573	Q0	554844#4	0
1573	Q0	554844#7	0
1573	Q0	554844#2	0
1573	Q0	554844#6	0
1573	Q0	554844#3	0
1573	Q0	554844#8	0
1574	Q0	20248#2	1
1574	Q0	20248#0	1
1574	Q0	421612#0	1
1574	Q0	392499#1	0
1574	Q0	421612#5	0
1574	Q0	230806#0	0
1574	Q0	680984#0	0
1574	Q0	196788#0	0
1574	Q0	132799#1	0
1574	Q0	189784#0	0
1575	Q0	15181#0	1
1575	Q0	18290#0	1
1575	Q0	15181#1	1
1575	Q0	861768#3	1
1575	Q0	15181#7	1
1575	Q0	15181#6	0
1575	Q0	15181#5	0
1575	Q0	15181#2	0
1575	Q0	93706#1	0
1575	Q0	15181#4	0
1576	Q0	19954#0	1
1576	Q0	25693#20	0
1576	Q0	25693#18	0
1576	Q0	111760#2	0
1576	Q0	25693#1	0
1576	Q0	1251085#9	0
1576	Q0	111760#1	0
1576	Q0	25693#2	0
1576	Q0	106071#4	0
1576	Q0	242864#2	0
1577	Q0	83426#0	1
1577	Q0	1242#17	1
1577	Q0	1196919#76	1
1577	Q0	483714#1	1
1577	Q0	80401#33	0
1577	Q0	10772#9	0
1577	Q0	83426#1	0
1577	Q0	80401#32	0
1577	Q0	26900#0	0
1577	Q0	1181950#1	0
1578	Q0	1215773#2	1
1578	Q0	9186#6	1
1578	Q0	9186#0	1
1578	Q0	596064#0	0
1578	Q0	1150#85	0
1578	Q0	250972#13	0
1578	Q0	88175#0	0
1578	Q0	250972#14	0
1578	Q0	1429793#0	0
1578	Q0	82403#0	0
1582	Q0	45183#0	1
1582	Q0	968182#0	1
1582	Q0	1000808#3	0
1582	Q0	45183#1	0
1582	Q0	968110#0	0
1582	Q0	75872#0	0
1582	Q0	302123#7	0
1582	Q0	418737#1	0
1582	Q0	45183#2	0
1582	Q0	449675#1	0
1584	Q0	45174#3	1
1584	Q0	45174#0	1
1584	Q0	45174#36	1
1584	Q0	45174#38	1
1584	Q0	45174#42	1
1584	Q0	45174#5	1
1584	Q0	45174#31	0
1584	Q0	45174#56	0
1584	Q0	45174#49	0
1584	Q0	45174#46	0
1586	Q0	12247#4	1
1586	Q0	12247#2	1
1586	Q0	669580#10	1
1586	Q0	12247#23	0
1586	Q0	70917#9	0
1586	Q0	70917#7	0
1586	Q0	70917#2	0
1586	Q0	70917#8	0
1586	Q0	12247#12	0
1586	Q0	11146#30	0
1587	Q0	609758#2	1
1587	Q0	1314439#2	1
1587	Q0	1155774#10	0
1587	Q0	1463545#6	0
1587	Q0	535343#2	0
1587	Q0	609758#6	0
1587	Q0	1219271#11	0
1587	Q0	1155774#0	0
1587	Q0	609758#8	0
1587	Q0	609758#5	0
1589	Q0	1318983#1	1
1589	Q0	560888#2	1
1589	Q0	54#13	1
1589	Q0	1402108#2	0
1589	Q0	1403930#2	0
1589	Q0	1402107#4	0
1589	Q0	560888#0	0
1589	Q0	242271#0	0
1589	Q0	54#17	0
1589	Q0	1403921#3	0
1589	Q0	1253072#1	0
1590	Q0	15367#0	1
1590	Q0	15367#24	1
1590	Q0	652486#13	1
1590	Q0	597365#0	0
1590	Q0	597361#0	0
1590	Q0	34588#37	0
1590	Q0	15367#20	0
1590	Q0	15367#7	0
1590	Q0	944#20	0
1590	Q0	846107#5	0
1591	Q0	1418973#0	1
1591	Q0	1343467#0	1
1591	Q0	1343467#1	1
1591	Q0	1346975#8	1
1591	Q0	13691#6	0
1591	Q0	13691#13	0
1591	Q0	1024676#3	0
1591	Q0	306140#0	0
1591	Q0	1240#81	0
1591	Q0	1024676#1	0
1592	Q0	197#19	1
1592	Q0	966372#3	0
1592	Q0	11806#1	0
1592	Q0	5001#3	0
1592	Q0	11624#11	0
1592	Q0	1091#34	0
1592	Q0	405728#2	0
1592	Q0	133524#22	0
1592	Q0	1098#3	0
1592	Q0	10908#1	0
1592	Q0	1268304#1	0
1593	Q0	86868#0	1
1593	Q0	206665#0	0
1593	Q0	609633#0	0
1593	Q0	1069665#0	0
1593	Q0	1461144#0	0
1593	Q0	225514#0	0
1593	Q0	132241#0	0
1593	Q0	1359695#1	0
1593	Q0	1288371#0	0
1593	Q0	14427#0	0
1596	Q0	60907#10	1
1596	Q0	9544#15	1
1596	Q0	60907#15	0
1596	Q0	60907#0	0
1596	Q0	60907#2	0
1596	Q0	60907#8	0
1596	Q0	9544#10	0
1596	Q0	60907#1	0
1596	Q0	1358118#1	0
1596	Q0	60907#18	0
1597	Q0	493#3	1
1597	Q0	4934#4	1
1597	Q0	415619#11	0
1597	Q0	299546#0	0
1597	Q0	4934#11	0
1597	Q0	19851#6	0
1597	Q0	14196#1	0
1597	Q0	197535#0	0
1597	Q0	53975#21	0
1597	Q0	4933#0	0
1598	Q0	94380#0	1
1598	Q0	392#23	1
1598	Q0	110941#0	1
1598	Q0	111264#0	1
1598	Q0	21808#4	0
1598	Q0	1488284#0	0
1598	Q0	430473#0	0
1598	Q0	111670#0	0
1598	Q0	110941#12	0
1598	Q0	509523#4	0
1599	Q0	748#0	1
1599	Q0	30037#9	0
1599	Q0	11147#65	0
1599	Q0	552048#3	0
1599	Q0	45952#3	0
1599	Q0	885889#1	0
1599	Q0	92371#0	0
1599	Q0	1199220#1	0
1599	Q0	14078#1	0
1599	Q0	378#24	0
1601	Q0	232#0	1
1601	Q0	840042#1	1
1601	Q0	16999#26	1
1601	Q0	16999#25	1
1601	Q0	321178#1	0
1601	Q0	232#1	0
1601	Q0	415397#1	0
1601	Q0	835556#0	0
1601	Q0	321178#4	0
1601	Q0	633610#19	0
1602	Q0	727489#34	1
1602	Q0	1256#102	0
1602	Q0	184715#6	0
1602	Q0	664648#3	0
1602	Q0	1256#81	0
1602	Q0	1256#98	0
1602	Q0	1256#18	0
1602	Q0	727489#37	0
1602	Q0	631505#10	0
1602	Q0	1256#9	0
1602	Q0	727489#3	0
1604	Q0	282880#18	1
1604	Q0	282880#2	1
1604	Q0	282880#0	0
1604	Q0	282880#20	0
1604	Q0	282880#1	0
1604	Q0	23274#6	0
1604	Q0	282880#16	0
1604	Q0	282880#9	0
1604	Q0	282880#11	0
1604	Q0	282880#19	0
1605	Q0	28449#1	1
1605	Q0	6944#31	1
1605	Q0	1145426#0	0
1605	Q0	28449#10	0
1605	Q0	28449#12	0
1605	Q0	953820#8	0
1605	Q0	28449#9	0
1605	Q0	28449#3	0
1605	Q0	28449#0	0
1605	Q0	28449#14	0
1609	Q0	16943#1	1
1609	Q0	16943#0	1
1609	Q0	31518#13	0
1609	Q0	42874#1	0
1609	Q0	763987#0	0
1609	Q0	16943#2	0
1609	Q0	104658#0	0
1609	Q0	52664#0	0
1609	Q0	633610#19	0
1609	Q0	633610#0	0
1610	Q0	1400236#15	1
1610	Q0	342230#8	1
1610	Q0	569732#10	0
1610	Q0	342230#3	0
1610	Q0	1400236#11	0
1610	Q0	342230#5	0
1610	Q0	342230#10	0
1610	Q0	342230#13	0
1610	Q0	458475#7	0
1610	Q0	1400236#16	0
1611	Q0	6058#0	1
1611	Q0	1429952#0	1
1611	Q0	490090#0	1
1611	Q0	98023#0	1
1611	Q0	6058#2	1
1611	Q0	6058#37	1
1611	Q0	6058#4	0
1611	Q0	1429952#21	0
1611	Q0	1429952#32	0
1611	Q0	1429952#59	0
1612	Q0	102390#1	1
1612	Q0	407291#0	0
1612	Q0	367136#0	0
1612	Q0	497850#0	0
1612	Q0	390682#0	0
1612	Q0	102390#11	0
1612	Q0	506953#0	0
1612	Q0	275633#0	0
1612	Q0	102390#0	0
1612	Q0	102390#12	0
1613	Q0	209241#0	1
1613	Q0	209241#1	0
1613	Q0	269077#2	0
1613	Q0	269077#3	0
1613	Q0	24437#0	0
1613	Q0	279400#0	0
1613	Q0	116467#6	0
1613	Q0	1166022#0	0
1613	Q0	178513#0	0
1613	Q0	299727#0	0
1615	Q0	931164#0	1
1615	Q0	476416#3	1
1615	Q0	931164#2	0
1615	Q0	931164#1	0
1615	Q0	137281#4	0
1615	Q0	931164#3	0
1615	Q0	931164#4	0
1615	Q0	931164#5	0
1615	Q0	821276#0	0
1615	Q0	821276#5	0
1616	Q0	1462883#0	1
1616	Q0	1483522#3	1
1616	Q0	1483522#2	1
1616	Q0	1462883#1	0
1616	Q0	1299498#0	0
1616	Q0	246621#0	0
1616	Q0	1462883#2	0
1616	Q0	864396#0	0
1616	Q0	617637#0	0
1616	Q0	21489#0	0
1616	Q0	153787#0	0
1616	Q0	734876#0	0
1617	Q0	65424#0	1
1617	Q0	65424#5	0
1617	Q0	1424872#0	0
1617	Q0	65424#1	0
1617	Q0	1226237#0	0
1617	Q0	65424#11	0
1617	Q0	65424#7	0
1617	Q0	930035#0	0
1617	Q0	65424#13	0
1617	Q0	65424#10	0
1618	Q0	217045#0	1
1618	Q0	991#0	0
1618	Q0	991#2	0
1618	Q0	955#1	0
1618	Q0	109225#0	0
1618	Q0	955#0	0
1618	Q0	1466014#0	0
1618	Q0	1184699#2	0
1618	Q0	148309#0	0
1618	Q0	991#8	0
1618	Q0	1214#1	0
1619	Q0	479#0	1
1619	Q0	1101480#0	1
1619	Q0	479#1	1
1619	Q0	1101480#1	0
1619	Q0	1255048#7	0
1619	Q0	19265#2	0
1619	Q0	238590#1	0
1619	Q0	950681#0	0
1619	Q0	22285#0	0
1619	Q0	40843#3	0
1621	Q0	954786#2	1
1621	Q0	8367#2	1
1621	Q0	18489#35	0
1621	Q0	1023909#8	0
1621	Q0	8367#75	0
1621	Q0	1269386#16	0
1621	Q0	499298#1	0
1621	Q0	913060#4	0
1621	Q0	24617#5	0
1621	Q0	51444#4	0
1621	Q0	720052#8	0
1622	Q0	43687#0	1
1622	Q0	1268288#3	0
1622	Q0	273009#8	0
1622	Q0	25888#9	0
1622	Q0	584208#2	0
1622	Q0	1055#22	0
1622	Q0	214201#12	0
1622	Q0	43687#1	0
1622	Q0	773137#1	0
1622	Q0	273009#7	0
1623	Q0	365647#1	1
1623	Q0	444048#0	1
1623	Q0	287987#8	0
1623	Q0	365647#5	0
1623	Q0	365647#8	0
1623	Q0	365647#7	0
1623	Q0	365647#2	0
1623	Q0	286714#27	0
1623	Q0	287342#2	0
1623	Q0	365647#6	0
1624	Q0	196204#0	1
1624	Q0	5821#3	1
1624	Q0	196204#3	0
1624	Q0	28507#5	0
1624	Q0	189646#1	0
1624	Q0	196204#2	0
1624	Q0	28507#2	0
1624	Q0	1292199#4	0
1624	Q0	196204#1	0
1624	Q0	189646#0	0
1625	Q0	72084#8	1
1625	Q0	59232#1	1
1625	Q0	1132403#1	1
1625	Q0	1382#11	1
1625	Q0	161260#4	0
1625	Q0	72084#13	0
1625	Q0	489257#31	0
1625	Q0	1467180#0	0
1625	Q0	78968#8	0
1625	Q0	1158900#1	0
1625	Q0	980149#30	0
1626	Q0	7985#16	1
1626	Q0	275508#6	1
1626	Q0	654087#0	0
1626	Q0	652938#21	0
1626	Q0	652938#2	0
1626	Q0	1173186#2	0
1626	Q0	368783#1	0
1626	Q0	652938#3	0
1626	Q0	7985#17	0
1626	Q0	258#5	0
1626	Q0	275185#7	0
1627	Q0	452941#0	1
1627	Q0	452941#1	0
1627	Q0	452941#8	0
1627	Q0	452941#2	0
1627	Q0	452941#5	0
1627	Q0	452941#10	0
1627	Q0	452941#9	0
1627	Q0	785164#3	0
1627	Q0	452941#4	0
1627	Q0	452941#7	0
1628	Q0	27864#4	1
1628	Q0	571972#60	1
1628	Q0	562457#1	1
1628	Q0	20831#0	1
1628	Q0	20831#43	0
1628	Q0	904978#1	0
1628	Q0	833727#1	0
1628	Q0	176621#3	0
1628	Q0	19323#5	0
1628	Q0	682592#8	0
1628	Q0	1278732#2	0
1629	Q0	936011#1	1
1629	Q0	59441#0	0
1629	Q0	296366#8	0
1629	Q0	1180212#0	0
1629	Q0	874426#0	0
1629	Q0	28488#0	0
1629	Q0	1218463#0	0
1629	Q0	564695#0	0
1629	Q0	839450#0	0
1629	Q0	1456308#0	0
1630	Q0	540#12	1
1630	Q0	153022#31	1
1630	Q0	58236#11	0
1630	Q0	29011#8	0
1630	Q0	129957#24	0
1630	Q0	6433#4	0
1630	Q0	124685#29	0
1630	Q0	36540#15	0
1630	Q0	591607#4	0
1630	Q0	540#13	0
1631	Q0	407505#3	1
1631	Q0	407505#15	0
1631	Q0	407505#0	0
1631	Q0	247609#51	0
1631	Q0	407505#19	0
1631	Q0	196854#6	0
1631	Q0	393087#1	0
1631	Q0	247609#46	0
1631	Q0	247609#19	0
1631	Q0	407505#18	0
1631	Q0	407505#11	0
1632	Q0	10292#8	1
1632	Q0	10292#4	1
1632	Q0	382338#1	0
1632	Q0	235875#5	0
1632	Q0	1172565#5	0
1632	Q0	1172565#6	0
1632	Q0	35688#1	0
1632	Q0	781443#3	0
1632	Q0	546277#4	0
1632	Q0	137747#7	0
1632	Q0	9270#24	0
1633	Q0	5559#0	1
1633	Q0	1251876#8	1
1633	Q0	5559#10	1
1633	Q0	259795#25	1
1633	Q0	5559#8	1
1633	Q0	259795#44	1
1633	Q0	5559#11	0
1633	Q0	5559#26	0
1633	Q0	5559#13	0
1633	Q0	5559#23	0
1634	Q0	55552#0	1
1634	Q0	55552#16	1
1634	Q0	55552#3	0
1634	Q0	55552#15	0
1634	Q0	55552#8	0
1634	Q0	135453#6	0
1634	Q0	55552#12	0
1634	Q0	55552#36	0
1634	Q0	135453#3	0
1634	Q0	55552#6	0
1636	Q0	13182#0	1
1636	Q0	1299358#0	1
1636	Q0	13182#5	0
1636	Q0	13182#12	0
1636	Q0	13182#33	0
1636	Q0	13182#22	0
1636	Q0	1090779#0	0
1636	Q0	1334971#3	0
1636	Q0	812345#1	0
1636	Q0	13182#6	0
1637	Q0	14493#0	1
1637	Q0	277907#0	0
1637	Q0	436243#1	0
1637	Q0	808673#0	0
1637	Q0	14493#2	0
1637	Q0	55419#1	0
1637	Q0	175782#0	0
1637	Q0	436243#2	0
1637	Q0	273001#0	0
1637	Q0	327547#0	0
1639	Q0	31401#2	1
1639	Q0	23797#22	1
1639	Q0	23797#8	1
1639	Q0	31401#15	1
1639	Q0	31401#11	0
1639	Q0	233763#0	0
1639	Q0	341346#5	0
1639	Q0	1054435#0	0
1639	Q0	107896#6	0
1639	Q0	39932#30	0
1640	Q0	5178#0	1
1640	Q0	250972#13	0
1640	Q0	250972#10	0
1640	Q0	1171279#6	0
1640	Q0	250972#11	0
1640	Q0	1328915#0	0
1640	Q0	4497#0	0
1640	Q0	119739#0	0
1640	Q0	629087#0	0
1640	Q0	682434#1	0
1640	Q0	166186#4	0
1642	Q0	53169#0	1
1642	Q0	1398537#0	0
1642	Q0	841602#0	0
1642	Q0	594759#0	0
1642	Q0	53169#7	0
1642	Q0	724984#4	0
1642	Q0	53169#10	0
1642	Q0	276674#1	0
1642	Q0	353832#7	0
1642	Q0	1132319#0	0
1643	Q0	81176#0	1
1643	Q0	81176#13	1
1643	Q0	81176#11	1
1643	Q0	81176#7	0
1643	Q0	81176#10	0
1643	Q0	81176#5	0
1643	Q0	81176#6	0
1643	Q0	81176#9	0
1643	Q0	162275#2	0
1643	Q0	81176#14	0
1644	Q0	151919#18	1
1644	Q0	151919#26	1
1644	Q0	151919#19	1
1644	Q0	151919#20	1
1644	Q0	151919#17	1
1644	Q0	151919#25	0
1644	Q0	151919#4	0
1644	Q0	151919#0	0
1644	Q0	151919#5	0
1644	Q0	151919#9	0
1644	Q0	151919#2	0
1645	Q0	74464#0	1
1645	Q0	74464#4	0
1645	Q0	74464#7	0
1645	Q0	74464#12	0
1645	Q0	74464#8	0
1645	Q0	1148155#1	0
1645	Q0	74464#1	0
1645	Q0	74464#10	0
1645	Q0	74464#5	0
1645	Q0	74464#2	0
1646	Q0	1196919#12	1
1646	Q0	74#5	1
1646	Q0	1064588#1	0
1646	Q0	1196919#1	0
1646	Q0	1196919#9	0
1646	Q0	297240#1	0
1646	Q0	74#7	0
1646	Q0	1196919#17	0
1646	Q0	74#10	0
1646	Q0	74#0	0
1647	Q0	1336383#17	1
1647	Q0	1336383#10	1
1647	Q0	1336383#1	0
1647	Q0	1336383#0	0
1647	Q0	1336383#15	0
1647	Q0	1336395#0	0
1647	Q0	311935#6	0
1647	Q0	1336383#6	0
1647	Q0	1336383#8	0
1647	Q0	1336395#3	0
1649	Q0	27769#6	1
1649	Q0	1211404#0	1
1649	Q0	27769#0	1
1649	Q0	522692#0	1
1649	Q0	27769#5	1
1649	Q0	27769#36	0
1649	Q0	27769#32	0
1649	Q0	1119496#1	0
1649	Q0	27769#35	0
1649	Q0	27769#42	0
1650	Q0	39886#0	1
1650	Q0	253222#1	1
1650	Q0	39886#1	1
1650	Q0	39886#4	0
1650	Q0	39886#5	0
1650	Q0	39886#6	0
1650	Q0	323259#1	0
1650	Q0	39886#7	0
1650	Q0	57389#48	0
1650	Q0	76898#14	0
1653	Q0	1270552#2	1
1653	Q0	1270552#0	1
1653	Q0	1270562#19	1
1653	Q0	1390127#0	0
1653	Q0	1390127#14	0
1653	Q0	1390127#1	0
1653	Q0	1270552#8	0
1653	Q0	205417#13	0
1653	Q0	1270552#1	0
1653	Q0	1270562#24	0
1655	Q0	30031#0	1
1655	Q0	8664#11	0
1655	Q0	30031#13	0
1655	Q0	1441376#3	0
1655	Q0	56826#20	0
1655	Q0	30031#5	0
1655	Q0	1483456#6	0
1655	Q0	456793#1	0
1655	Q0	665631#13	0
1655	Q0	121681#2	0
1655	Q0	713243#1	0
1656	Q0	710068#7	1
1656	Q0	70689#0	1
1656	Q0	262878#24	1
1656	Q0	710068#12	0
1656	Q0	102039#2	0
1656	Q0	96320#7	0
1656	Q0	70689#4	0
1656	Q0	1175542#0	0
1656	Q0	9115#4	0
1656	Q0	70689#15	0
1656	Q0	70689#5	0
1657	Q0	1221647#16	1
1657	Q0	292#14	1
1657	Q0	292#96	0
1657	Q0	13119#3	0
1657	Q0	199663#9	0
1657	Q0	5515#11	0
1657	Q0	75266#12	0
1657	Q0	19065#0	0
1657	Q0	292#6	0
1657	Q0	84012#3	0
1657	Q0	253270#45	0
1658	Q0	34480#0	1
1658	Q0	170439#0	0
1658	Q0	170485#0	0
1658	Q0	170469#0	0
1658	Q0	48812#48	0
1658	Q0	354198#0	0
1658	Q0	176967#0	0
1658	Q0	464853#0	0
1658	Q0	1401415#1	0
1658	Q0	1374454#0	0
1658	Q0	48812#47	0
1659	Q0	7766#17	1
1659	Q0	7766#16	1
1659	Q0	7766#0	1
1659	Q0	7766#1	1
1659	Q0	7766#29	1
1659	Q0	7766#23	0
1659	Q0	906815#0	0
1659	Q0	7766#21	0
1659	Q0	7766#4	0
1659	Q0	7766#37	0
1660	Q0	78053#7	1
1660	Q0	5005#14	1
1660	Q0	14276#9	0
1660	Q0	78053#0	0
1660	Q0	78053#13	0
1660	Q0	78053#3	0
1660	Q0	78053#20	0
1660	Q0	28736#5	0
1660	Q0	78053#5	0
1660	Q0	28736#1	0
1660	Q0	78053#16	0
1661	Q0	57888#0	1
1661	Q0	41183#2	1
1661	Q0	57888#2	0
1661	Q0	57888#1	0
1661	Q0	361072#6	0
1661	Q0	14864#4	0
1661	Q0	1270#1	0
1661	Q0	915375#1	0
1661	Q0	33780#1	0
1661	Q0	1393069#2	0
1663	Q0	265319#6	1
1663	Q0	265319#7	0
1663	Q0	423331#2	0
1663	Q0	26615#8	0
1663	Q0	214201#2	0
1663	Q0	265319#0	0
1663	Q0	134286#2	0
1663	Q0	26615#9	0
1663	Q0	423331#5	0
1663	Q0	808#16	0
1664	Q0	67580#20	1
1664	Q0	67580#0	1
1664	Q0	67580#1	1
1664	Q0	67580#11	0
1664	Q0	67580#4	0
1664	Q0	102825#9	0
1664	Q0	14511#4	0
1664	Q0	67580#2	0
1664	Q0	293042#5	0
1664	Q0	674414#8	0
1665	Q0	740856#1	1
1665	Q0	468998#2	1
1665	Q0	13559#31	1
1665	Q0	299072#1	1
1665	Q0	468998#1	1
1665	Q0	468998#10	1
1665	Q0	468998#4	0
1665	Q0	1117669#1	0
1665	Q0	1278818#27	0
1665	Q0	468998#13	0
1666	Q0	11502#10	1
1666	Q0	11502#11	0
1666	Q0	1315484#0	0
1666	Q0	1370837#16	0
1666	Q0	13814#1	0
1666	Q0	1217173#0	0
1666	Q0	1322147#4	0
1666	Q0	9855#64	0
1666	Q0	9338#1	0
1666	Q0	1412042#9	0
1667	Q0	733221#0	1
1667	Q0	47362#1	1
1667	Q0	852#0	1
1667	Q0	85453#2	0
1667	Q0	113635#37	0
1667	Q0	852#5	0
1667	Q0	110857#0	0
1667	Q0	5569#1	0
1667	Q0	691321#1	0
1667	Q0	852#52	0
1667	Q0	1298#112	0
1668	Q0	465943#0	1
1668	Q0	465943#1	0
1668	Q0	856414#0	0
1668	Q0	1098182#0	0
1668	Q0	965921#0	0
1668	Q0	1450900#0	0
1668	Q0	748367#2	0
1668	Q0	71392#0	0
1668	Q0	1447318#0	0
1668	Q0	124934#0	0
1669	Q0	349364#0	1
1669	Q0	349364#1	0
1669	Q0	379178#7	0
1669	Q0	349364#3	0
1669	Q0	349364#2	0
1669	Q0	379178#1	0
1669	Q0	51317#1	0
1669	Q0	349364#4	0
1669	Q0	349364#5	0
1669	Q0	349364#7	0
1670	Q0	7686#2	1
1670	Q0	1319652#1	0
1670	Q0	481601#4	0
1670	Q0	1105580#4	0
1670	Q0	1140484#2	0
1670	Q0	171568#4	0
1670	Q0	344401#0	0
1670	Q0	655093#5	0
1670	Q0	81174#0	0
1670	Q0	171568#1	0
1672	Q0	902#2	1
1672	Q0	1269219#0	1
1672	Q0	75697#2	0
1672	Q0	340686#0	0
1672	Q0	6559#13	0
1672	Q0	1128480#2	0
1672	Q0	418300#4	0
1672	Q0	6559#7	0
1672	Q0	1341838#0	0
1672	Q0	430260#0	0
1673	Q0	1150#6	1
1673	Q0	1415815#55	0
1673	Q0	1415815#18	0
1673	Q0	1347042#0	0
1673	Q0	1150#112	0
1673	Q0	11834#1	0
1673	Q0	1427385#5	0
1673	Q0	1415815#17	0
1673	Q0	1415815#33	0
1673	Q0	1415815#44	0
1673	Q0	694854#25	0
1675	Q0	990238#0	1
1675	Q0	1137#35	1
1675	Q0	1012452#0	0
1675	Q0	971992#1	0
1675	Q0	1182509#7	0
1675	Q0	82835#1	0
1675	Q0	1137#14	0
1675	Q0	1208380#2	0
1675	Q0	1137#9	0
1675	Q0	1137#28	0
1677	Q0	1195203#1	1
1677	Q0	1195203#3	0
1677	Q0	1195203#7	0
1677	Q0	1195203#8	0
1677	Q0	1195203#6	0
1677	Q0	1195203#10	0
1677	Q0	1195203#5	0
1677	Q0	1195203#2	0
1677	Q0	1195203#4	0
1677	Q0	1195203#0	0
1678	Q0	252264#0	1
1678	Q0	238383#4	0
1678	Q0	773137#1	0
1678	Q0	290546#0	0
1678	Q0	5092#23	0
1678	Q0	180268#0	0
1678	Q0	241#67	0
1678	Q0	648998#0	0
1678	Q0	21373#0	0
1678	Q0	370091#15	0
1678	Q0	11831#7	0
1678	Q0	11831#5	0
1679	Q0	67825#1	1
1679	Q0	67825#2	0
1679	Q0	67825#28	0
1679	Q0	67825#25	0
1679	Q0	880717#2	0
1679	Q0	638363#1	0
1679	Q0	67825#0	0
1679	Q0	159668#3	0
1679	Q0	1372853#1	0
1679	Q0	338143#0	0
1680	Q0	56826#30	1
1680	Q0	43798#31	0
1680	Q0	1411104#13	0
1680	Q0	56826#16	0
1680	Q0	97944#0	0
1680	Q0	1447598#5	0
1680	Q0	222351#0	0
1680	Q0	359137#0	0
1680	Q0	1176655#0	0
1680	Q0	1434903#37	0
1680	Q0	355881#1	0
1681	Q0	165709#1	1
1681	Q0	165709#10	0
1681	Q0	165709#11	0
1681	Q0	639093#0	0
1681	Q0	604888#7	0
1681	Q0	165709#4	0
1681	Q0	479990#15	0
1681	Q0	604888#4	0
1681	Q0	1043501#21	0
1681	Q0	165709#20	0
1683	Q0	388690#0	1
1683	Q0	807045#16	0
1683	Q0	388690#5	0
1683	Q0	388690#4	0
1683	Q0	388690#6	0
1683	Q0	388690#2	0
1683	Q0	1071714#0	0
1683	Q0	531380#0	0
1683	Q0	388690#8	0
1683	Q0	226905#0	0
1684	Q0	387#11	1
1684	Q0	1029#9	1
1684	Q0	1029#13	0
1684	Q0	387#1	0
1684	Q0	159207#42	0
1684	Q0	251711#33	0
1684	Q0	1029#0	0
1684	Q0	1029#1	0
1684	Q0	539243#0	0
1684	Q0	1380336#0	0
1684	Q0	1029#8	0
1685	Q0	39913#28	1
1685	Q0	569024#0	0
1685	Q0	105578#27	0
1685	Q0	376748#14	0
1685	Q0	312241#29	0
1685	Q0	1201902#0	0
1685	Q0	1272917#0	0
1685	Q0	1211404#0	0
1685	Q0	84826#0	0
1685	Q0	253576#0	0
1686	Q0	177892#2	1
1686	Q0	65134#0	1
1686	Q0	33177#5	1
1686	Q0	1070032#20	1
1686	Q0	33177#16	1
1686	Q0	173391#4	1
1686	Q0	65134#1	0
1686	Q0	33196#10	0
1686	Q0	1103127#1	0
1686	Q0	224657#1	0
1687	Q0	57144#0	1
1687	Q0	57144#38	0
1687	Q0	915091#11	0
1687	Q0	996972#2	0
1687	Q0	114610#5	0
1687	Q0	1285397#1	0
1687	Q0	68342#5	0
1687	Q0	996972#0	0
1687	Q0	7777#5	0
1687	Q0	501351#9	0
1687	Q0	966251#1	0
1688	Q0	230493#0	1
1688	Q0	105512#13	0
1688	Q0	182789#0	0
1688	Q0	222842#0	0
1688	Q0	842674#0	0
1688	Q0	1262750#0	0
1688	Q0	17491#24	0
1688	Q0	560442#4	0
1688	Q0	269189#0	0
1688	Q0	240968#0	0
1690	Q0	1089806#0	1
1690	Q0	1089905#0	0
1690	Q0	155857#3	0
1690	Q0	155857#30	0
1690	Q0	1089898#0	0
1690	Q0	155857#0	0
1690	Q0	1443979#0	0
1690	Q0	343199#5	0
1690	Q0	906660#4	0
1690	Q0	702836#0	0
1690	Q0	155857#9	0
1690	Q0	155857#7	0
1691	Q0	96409#4	1
1691	Q0	96409#3	1
1691	Q0	96409#0	1
1691	Q0	70711#7	1
1691	Q0	56682#4	1
1691	Q0	96409#6	1
1691	Q0	96409#21	0
1691	Q0	96409#24	0
1691	Q0	96409#18	0
1691	Q0	96409#5	0
1692	Q0	192257#2	1
1692	Q0	192257#0	0
1692	Q0	1476284#1	0
1692	Q0	192257#1	0
1692	Q0	192257#9	0
1692	Q0	1278350#2	0
1692	Q0	261168#0	0
1692	Q0	192257#3	0
1692	Q0	1442360#1	0
1692	Q0	285225#2	0
1693	Q0	882208#1	1
1693	Q0	53829#14	1
1693	Q0	1026111#6	0
1693	Q0	882208#11	0
1693	Q0	882208#10	0
1693	Q0	882208#4	0
1693	Q0	882208#2	0
1693	Q0	882208#7	0
1693	Q0	882208#12	0
1693	Q0	882208#14	0
1694	Q0	1194127#13	1
1694	Q0	127814#1	1
1694	Q0	34908#1	1
1694	Q0	127814#2	1
1694	Q0	127814#4	0
1694	Q0	34908#5	0
1694	Q0	164092#2	0
1694	Q0	34908#11	0
1694	Q0	95006#6	0
1694	Q0	8550#36	0
1695	Q0	244360#2	1
1695	Q0	114278#2	0
1695	Q0	892175#3	0
1695	Q0	29436#6	0
1695	Q0	995490#2	0
1695	Q0	1442353#0	0
1695	Q0	85692#2	0
1695	Q0	13666#14	0
1695	Q0	1482991#2	0
1695	Q0	766094#3	0
1695	Q0	38762#7	0
1696	Q0	95670#1	1
1696	Q0	29994#11	1
1696	Q0	6907#36	1
1696	Q0	95670#0	1
1696	Q0	95670#2	0
1696	Q0	356129#0	0
1696	Q0	211773#0	0
1696	Q0	656192#12	0
1696	Q0	807861#0	0
1696	Q0	356129#5	0
1697	Q0	159558#2	1
1697	Q0	159558#0	0
1697	Q0	285523#5	0
1697	Q0	159558#1	0
1697	Q0	159558#3	0
1697	Q0	159558#4	0
1697	Q0	159558#17	0
1697	Q0	1443053#3	0
1697	Q0	1443053#0	0
1697	Q0	290092#0	0
1698	Q0	45304#8	1
1698	Q0	66537#1	1
1698	Q0	66537#22	0
1698	Q0	66537#0	0
1698	Q0	1131235#0	0
1698	Q0	925510#2	0
1698	Q0	66537#12	0
1698	Q0	195050#1	0
1698	Q0	1036129#7	0
1698	Q0	66537#16	0
1700	Q0	1433348#0	1
1700	Q0	1433348#9	1
1700	Q0	1433348#8	0
1700	Q0	1433348#1	0
1700	Q0	1433348#5	0
1700	Q0	1427826#1	0
1700	Q0	1433348#3	0
1700	Q0	1433348#2	0
1700	Q0	1433348#6	0
1700	Q0	1426593#11	0
1701	Q0	8834#3	1
1701	Q0	8834#26	0
1701	Q0	837317#2	0
1701	Q0	385579#3	0
1701	Q0	8834#21	0
1701	Q0	1006069#2	0
1701	Q0	8834#23	0
1701	Q0	449915#19	0
1701	Q0	161302#0	0
1701	Q0	1110037#1	0
1701	Q0	1263886#0	0
1702	Q0	373#62	1
1702	Q0	149051#0	0
1702	Q0	862918#0	0
1702	Q0	1175540#0	0
1702	Q0	24144#14	0
1702	Q0	373#1	0
1702	Q0	39482#0	0
1702	Q0	968008#0	0
1702	Q0	2954#47	0
1702	Q0	148937#0	0
1703	Q0	53073#0	1
1703	Q0	1346051#10	1
1703	Q0	849523#14	1
1703	Q0	956880#5	0
1703	Q0	876311#1	0
1703	Q0	53073#9	0
1703	Q0	53073#8	0
1703	Q0	53073#1	0
1703	Q0	876311#0	0
1703	Q0	876311#2	0
1704	Q0	19011#0	1
1704	Q0	1180#6	1
1704	Q0	1178435#1	1
1704	Q0	6036#0	0
1704	Q0	19011#3	0
1704	Q0	102#0	0
1704	Q0	19011#1	0
1704	Q0	19011#2	0
1704	Q0	5805#20	0
1704	Q0	5805#0	0
1705	Q0	311924#1	1
1705	Q0	311924#2	0
1705	Q0	311924#18	0
1705	Q0	311924#0	0
1705	Q0	1471780#1	0
1705	Q0	11201#33	0
1705	Q0	311924#10	0
1705	Q0	1471780#4	0
1705	Q0	311924#12	0
1705	Q0	311924#14	0
1706	Q0	225518#0	1
1706	Q0	385762#1	0
1706	Q0	1120248#0	0
1706	Q0	385762#0	0
1706	Q0	553712#0	0
1706	Q0	279587#0	0
1706	Q0	870630#4	0
1706	Q0	249614#2	0
1706	Q0	1307990#0	0
1706	Q0	23407#0	0
1707	Q0	7963#11	1
1707	Q0	274367#1	0
1707	Q0	802595#3	0
1707	Q0	517596#2	0
1707	Q0	7963#18	0
1707	Q0	848196#12	0
1707	Q0	517596#1	0
1707	Q0	268515#2	0
1707	Q0	471386#0	0
1707	Q0	148538#1	0
1707	Q0	268515#1	0
1709	Q0	25977#0	1
1709	Q0	25977#3	0
1709	Q0	412291#1	0
1709	Q0	1341067#1	0
1709	Q0	89010#1	0
1709	Q0	1344738#0	0
1709	Q0	493874#0	0
1709	Q0	223417#1	0
1709	Q0	925510#2	0
1709	Q0	348175#1	0
1711	Q0	262433#1	1
1711	Q0	262433#32	0
1711	Q0	262433#3	0
1711	Q0	262433#4	0
1711	Q0	262433#2	0
1711	Q0	262433#10	0
1711	Q0	262433#52	0
1711	Q0	262433#16	0
1711	Q0	262433#9	0
1711	Q0	262433#44	0
1712	Q0	777022#1	1
1712	Q0	777022#0	0
1712	Q0	777022#3	0
1712	Q0	777022#4	0
1712	Q0	777022#11	0
1712	Q0	1062179#1	0
1712	Q0	70992#2	0
1712	Q0	402387#0	0
1712	Q0	777022#12	0
1712	Q0	777022#13	0
1713	Q0	16281#0	1
1713	Q0	16281#8	1
1713	Q0	16281#2	0
1713	Q0	16281#7	0
1713	Q0	16281#5	0
1713	Q0	439#43	0
1713	Q0	29594#18	0
1713	Q0	626394#3	0
1713	Q0	299092#5	0
1713	Q0	75143#1	0
1714	Q0	164746#3	1
1714	Q0	164746#0	1
1714	Q0	164746#13	0
1714	Q0	164746#9	0
1714	Q0	164746#8	0
1714	Q0	164746#6	0
1714	Q0	164746#11	0
1714	Q0	339342#1	0
1714	Q0	577696#2	0
1714	Q0	164746#5	0
1715	Q0	16947#9	1
1715	Q0	56528#1	0
1715	Q0	16947#7	0
1715	Q0	1142734#48	0
1715	Q0	21757#0	0
1715	Q0	405096#1	0
1715	Q0	16947#4	0
1715	Q0	129837#15	0
1715	Q0	715304#2	0
1715	Q0	1401989#2	0
1716	Q0	1338657#0	1
1716	Q0	1338657#9	0
1716	Q0	1338657#6	0
1716	Q0	1338657#1	0
1716	Q0	95906#2	0
1716	Q0	1212782#2	0
1716	Q0	1338657#2	0
1716	Q0	1338657#8	0
1716	Q0	1338657#3	0
1716	Q0	1338657#4	0
1717	Q0	931608#0	1
1717	Q0	20544#12	0
1717	Q0	20544#32	0
1717	Q0	270165#0	0
1717	Q0	20544#31	0
1717	Q0	20544#5	0
1717	Q0	20544#33	0
1717	Q0	20544#24	0
1717	Q0	1042706#0	0
1717	Q0	20544#38	0
1718	Q0	463994#1	1
1718	Q0	463994#5	0
1718	Q0	463994#3	0
1718	Q0	463994#15	0
1718	Q0	463994#12	0
1718	Q0	463994#2	0
1718	Q0	463994#21	0
1718	Q0	563869#5	0
1718	Q0	463994#17	0
1718	Q0	463994#6	0
1719	Q0	298230#0	1
1719	Q0	298230#5	1
1719	Q0	298230#1	1
1719	Q0	1181025#0	1
1719	Q0	298230#4	1
1719	Q0	331708#3	0
1719	Q0	136699#1	0
1719	Q0	31780#13	0
1719	Q0	787026#9	0
1719	Q0	272661#3	0
1720	Q0	1015018#0	1
1720	Q0	1015018#1	1
1720	Q0	840589#7	0
1720	Q0	835556#0	0
1720	Q0	948314#0	0
1720	Q0	56292#0	0
1720	Q0	583326#0	0
1720	Q0	1070347#0	0
1720	Q0	899503#2	0
1720	Q0	1068523#18	0
1721	Q0	35687#0	1
1721	Q0	35687#12	0
1721	Q0	35687#15	0
1721	Q0	95546#5	0
1721	Q0	35687#5	0
1721	Q0	728096#2	0
1721	Q0	1169122#0	0
1721	Q0	35687#10	0
1721	Q0	102552#3	0
1721	Q0	114189#21	0
1722	Q0	215627#0	1
1722	Q0	215627#12	1
1722	Q0	486451#3	1
1722	Q0	215627#5	0
1722	Q0	215627#7	0
1722	Q0	215627#1	0
1722	Q0	421332#6	0
1722	Q0	215627#11	0
1722	Q0	215627#13	0
1722	Q0	215627#10	0
1723	Q0	25496#0	1
1723	Q0	25496#2	1
1723	Q0	25496#1	0
1723	Q0	495973#8	0
1723	Q0	25496#7	0
1723	Q0	225672#0	0
1723	Q0	25496#11	0
1723	Q0	359032#0	0
1723	Q0	24117#0	0
1723	Q0	44186#0	0
1724	Q0	1210760#0	1
1724	Q0	296253#0	1
1724	Q0	307919#0	0
1724	Q0	1210760#2	0
1724	Q0	174490#0	0
1724	Q0	800818#1	0
1724	Q0	1217256#0	0
1724	Q0	61338#0	0
1724	Q0	95213#0	0
1724	Q0	1183367#0	0
1725	Q0	209312#0	1
1725	Q0	229743#2	1
1725	Q0	1407798#0	0
1725	Q0	1280379#27	0
1725	Q0	369366#0	0
1725	Q0	16412#3	0
1725	Q0	1351813#4	0
1725	Q0	70667#7	0
1725	Q0	186967#12	0
1725	Q0	1227859#5	0
1725	Q0	203312#0	0
1726	Q0	441945#0	1
1726	Q0	1483020#4	1
1726	Q0	10283#21	1
1726	Q0	441945#4	0
1726	Q0	441945#1	0
1726	Q0	441945#5	0
1726	Q0	97944#16	0
1726	Q0	441945#2	0
1726	Q0	441945#3	0
1726	Q0	441945#6	0
1727	Q0	595686#12	1
1727	Q0	595686#0	1
1727	Q0	1170256#4	0
1727	Q0	1170256#5	0
1727	Q0	934478#4	0
1727	Q0	934478#5	0
1727	Q0	1170256#26	0
1727	Q0	934478#0	0
1727	Q0	1170256#21	0
1727	Q0	595686#5	0
1728	Q0	90975#6	1
1728	Q0	929045#2	1
1728	Q0	90975#5	1
1728	Q0	1412706#2	0
1728	Q0	916909#0	0
1728	Q0	61338#1	0
1728	Q0	47227#1	0
1728	Q0	227457#1	0
1728	Q0	638615#1	0
1728	Q0	872799#5	0
1729	Q0	465619#0	1
1729	Q0	577148#27	0
1729	Q0	465619#1	0
1729	Q0	1339931#16	0
1729	Q0	1109560#6	0
1729	Q0	577148#10	0
1729	Q0	168621#4	0
1729	Q0	966363#14	0
1729	Q0	465619#2	0
1729	Q0	1488867#5	0
1729	Q0	465619#8	0
1730	Q0	178195#0	1
1730	Q0	178195#1	0
1730	Q0	178195#3	0
1730	Q0	178195#2	0
1730	Q0	381558#0	0
1730	Q0	1380296#0	0
1730	Q0	222548#26	0
1730	Q0	664341#4	0
1730	Q0	187308#9	0
1730	Q0	295306#1	0
1731	Q0	7985#10	1
1731	Q0	7985#8	1
1731	Q0	7985#1	1
1731	Q0	7985#11	0
1731	Q0	7985#9	0
1731	Q0	7985#16	0
1731	Q0	7985#17	0
1731	Q0	7985#5	0
1731	Q0	7985#73	0
1731	Q0	7985#42	0
1731	Q0	7985#14	0
1732	Q0	1066046#1	1
1732	Q0	1066046#0	1
1732	Q0	1066046#12	0
1732	Q0	1066046#14	0
1732	Q0	1066046#2	0
1732	Q0	1066046#4	0
1732	Q0	1066046#8	0
1732	Q0	1066046#10	0
1732	Q0	1066046#13	0
1732	Q0	1066046#9	0
1733	Q0	623267#2	1
1733	Q0	64674#2	1
1733	Q0	983657#18	0
1733	Q0	983657#9	0
1733	Q0	1472042#0	0
1733	Q0	1472042#12	0
1733	Q0	1472042#9	0
1733	Q0	473114#2	0
1733	Q0	983657#20	0
1733	Q0	1472042#6	0
1733	Q0	1472042#4	0
1735	Q0	7892#5	1
1735	Q0	37866#13	1
1735	Q0	37865#3	0
1735	Q0	7892#16	0
1735	Q0	7892#22	0
1735	Q0	179148#3	0
1735	Q0	761175#8	0
1735	Q0	17109#8	0
1735	Q0	67110#13	0
1735	Q0	75094#7	0
1736	Q0	35025#3	1
1736	Q0	79966#0	0
1736	Q0	14269#7	0
1736	Q0	7788#2	0
1736	Q0	5300#56	0
1736	Q0	160421#19	0
1736	Q0	5300#48	0
1736	Q0	665631#22	0
1736	Q0	29983#18	0
1736	Q0	14465#4	0
1737	Q0	5523#36	1
1737	Q0	88310#1	1
1737	Q0	5523#10	0
1737	Q0	5532#18	0
1737	Q0	5523#24	0
1737	Q0	501690#3	0
1737	Q0	5523#34	0
1737	Q0	5557#19	0
1737	Q0	5523#11	0
1737	Q0	5539#8	0
1738	Q0	42151#0	1
1738	Q0	42151#10	1
1738	Q0	300828#4	0
1738	Q0	300828#7	0
1738	Q0	300828#1	0
1738	Q0	300828#0	0
1738	Q0	42151#1	0
1738	Q0	300828#6	0
1738	Q0	1414832#0	0
1738	Q0	579792#0	0
1740	Q0	1040417#5	1
1740	Q0	537867#10	0
1740	Q0	1411751#4	0
1740	Q0	268189#4	0
1740	Q0	1417584#3	0
1740	Q0	5701#24	0
1740	Q0	517566#22	0
1740	Q0	67174#8	0
1740	Q0	1441334#4	0
1740	Q0	69356#17	0
1740	Q0	387226#4	0
1741	Q0	1134384#0	1
1741	Q0	41624#3	0
1741	Q0	1262221#1	0
1741	Q0	284901#0	0
1741	Q0	960032#0	0
1741	Q0	764037#0	0
1741	Q0	1297302#0	0
1741	Q0	1105677#0	0
1741	Q0	317620#0	0
1741	Q0	182152#0	0
1742	Q0	543663#3	1
1742	Q0	61809#10	1
1742	Q0	852#67	1
1742	Q0	224148#2	1
1742	Q0	25910#2	1
1742	Q0	335939#7	0
1742	Q0	543663#7	0
1742	Q0	623105#4	0
1742	Q0	543663#9	0
1742	Q0	543663#4	0
1742	Q0	14648#7	0
1743	Q0	733#4	1
1743	Q0	733#0	1
1743	Q0	17602#0	0
1743	Q0	733#10	0
1743	Q0	733#17	0
1743	Q0	733#15	0
1743	Q0	733#27	0
1743	Q0	733#5	0
1743	Q0	733#18	0
1743	Q0	54149#2	0
1744	Q0	912100#0	1
1744	Q0	675427#0	1
1744	Q0	339847#1	0
1744	Q0	46570#8	0
1744	Q0	675427#9	0
1744	Q0	676129#3	0
1744	Q0	447839#0	0
1744	Q0	336553#5	0
1744	Q0	80347#0	0
1744	Q0	309888#0	0
1744	Q0	1104235#2	0
1746	Q0	105976#2	1
1746	Q0	105976#3	0
1746	Q0	105976#0	0
1746	Q0	105976#1	0
1746	Q0	105976#7	0
1746	Q0	809728#1	0
1746	Q0	1357907#1	0
1746	Q0	288421#1	0
1746	Q0	105976#12	0
1746	Q0	105976#9	0
1747	Q0	53002#0	1
1747	Q0	454526#0	1
1747	Q0	53002#6	1
1747	Q0	548291#0	1
1747	Q0	962384#1	1
1747	Q0	8015#2	1
1747	Q0	295942#0	0
1747	Q0	8015#0	0
1747	Q0	962386#0	0
1747	Q0	295938#0	0
1747	Q0	1090521#0	0
1748	Q0	404#2	1
1748	Q0	643150#0	1
1748	Q0	31082#2	0
1748	Q0	973788#0	0
1748	Q0	1158325#0	0
1748	Q0	1051765#3	0
1748	Q0	838400#6	0
1748	Q0	875800#1	0
1748	Q0	953277#1	0
1748	Q0	112881#13	0
1750	Q0	5372#0	1
1750	Q0	116443#0	0
1750	Q0	101529#1	0
1750	Q0	1056212#0	0
1750	Q0	1006023#14	0
1750	Q0	1346959#1	0
1750	Q0	677741#3	0
1750	Q0	265917#13	0
1750	Q0	11459#0	0
1750	Q0	428918#0	0
1750	Q0	677741#2	0
1751	Q0	89141#0	1
1751	Q0	39970#0	1
1751	Q0	89155#0	0
1751	Q0	908916#0	0
1751	Q0	34790#29	0
1751	Q0	249#33	0
1751	Q0	88982#1	0
1751	Q0	34790#40	0
1751	Q0	34790#8	0
1751	Q0	1054968#0	0
1752	Q0	1213198#6	1
1752	Q0	1213198#0	1
1752	Q0	1213198#2	0
1752	Q0	627317#4	0
1752	Q0	1213198#7	0
1752	Q0	1213198#3	0
1752	Q0	1213198#4	0
1752	Q0	1213198#9	0
1752	Q0	1213198#5	0
1752	Q0	1213198#1	0
1753	Q0	19961#0	1
1753	Q0	1368963#0	1
1753	Q0	96074#0	0
1753	Q0	43788#0	0
1753	Q0	69396#0	0
1753	Q0	96074#2	0
1753	Q0	34858#0	0
1753	Q0	313034#1	0
1753	Q0	96074#4	0
1753	Q0	1316788#0	0
1755	Q0	140969#1	1
1755	Q0	80401#12	1
1755	Q0	74504#24	0
1755	Q0	5351#0	0
1755	Q0	12144#6	0
1755	Q0	139748#0	0
1755	Q0	1058663#5	0
1755	Q0	66315#0	0
1755	Q0	1397825#1	0
1755	Q0	74504#31	0
1756	Q0	1294017#0	1
1756	Q0	1472514#1	0
1756	Q0	354784#0	0
1756	Q0	1294017#1	0
1756	Q0	124054#2	0
1756	Q0	272564#2	0
1756	Q0	1280223#0	0
1756	Q0	638567#1	0
1756	Q0	397678#0	0
1756	Q0	215406#2	0
1757	Q0	40178#119	1
1757	Q0	12372#13	1
1757	Q0	888241#1	1
1757	Q0	40351#2	1
1757	Q0	12372#0	0
1757	Q0	12372#8	0
1757	Q0	373#25	0
1757	Q0	12372#1	0
1757	Q0	12372#11	0
1757	Q0	12372#12	0
1758	Q0	47740#1	1
1758	Q0	88310#16	0
1758	Q0	48158#5	0
1758	Q0	636931#3	0
1758	Q0	436339#2	0
1758	Q0	34315#18	0
1758	Q0	61849#1	0
1758	Q0	61849#0	0
1758	Q0	89125#6	0
1758	Q0	128998#29	0
1758	Q0	21103#1	0
1760	Q0	4538#0	1
1760	Q0	852#68	1
1760	Q0	12842#11	0
1760	Q0	195726#3	0
1760	Q0	1413961#15	0
1760	Q0	19116#32	0
1760	Q0	4538#16	0
1760	Q0	376883#0	0
1760	Q0	4538#8	0
1760	Q0	4538#2	0
1761	Q0	189688#14	1
1761	Q0	189688#0	1
1761	Q0	1406748#0	0
1761	Q0	1406748#2	0
1761	Q0	189688#8	0
1761	Q0	1406748#1	0
1761	Q0	30026#7	0
1761	Q0	1008896#0	0
1761	Q0	660357#3	0
1761	Q0	476186#0	0
1761	Q0	189688#10	0
1762	Q0	903543#2	1
1762	Q0	1070403#0	0
1762	Q0	903543#4	0
1762	Q0	903543#1	0
1762	Q0	903543#0	0
1762	Q0	903543#11	0
1762	Q0	903543#9	0
1762	Q0	903543#7	0
1762	Q0	903543#3	0
1762	Q0	903543#10	0
1763	Q0	952198#0	1
1763	Q0	1481929#0	1
1763	Q0	952198#1	0
1763	Q0	237546#0	0
1763	Q0	1332985#1	0
1763	Q0	1292445#0	0
1763	Q0	1186564#0	0
1763	Q0	951093#0	0
1763	Q0	79376#1	0
1763	Q0	1205260#0	0
1764	Q0	32678#1	1
1764	Q0	32678#0	1
1764	Q0	560442#4	0
1764	Q0	964088#0	0
1764	Q0	1129719#1	0
1764	Q0	690468#0	0
1764	Q0	1201102#0	0
1764	Q0	1302525#13	0
1764	Q0	825923#0	0
1764	Q0	179815#1	0
1765	Q0	949941#4	1
1765	Q0	187787#0	1
1765	Q0	187787#1	0
1765	Q0	301808#1	0
1765	Q0	271535#1	0
1765	Q0	1313#10	0
1765	Q0	1476654#1	0
1765	Q0	50887#5	0
1765	Q0	1453377#0	0
1765	Q0	1461031#1	0
1765	Q0	182963#3	0
1766	Q0	55434#2	1
1766	Q0	55434#26	1
1766	Q0	1031725#1	0
1766	Q0	1154488#2	0
1766	Q0	1154488#0	0
1766	Q0	607368#0	0
1766	Q0	1031725#3	0
1766	Q0	1031725#0	0
1766	Q0	11218#19	0
1766	Q0	296762#0	0
1766	Q0	27916#11	0
1767	Q0	20053#2	1
1767	Q0	9106#14	0
1767	Q0	815980#1	0
1767	Q0	754714#3	0
1767	Q0	455518#0	0
1767	Q0	1256#43	0
1767	Q0	93870#10	0
1767	Q0	815980#37	0
1767	Q0	16331#5	0
1767	Q0	815980#13	0
1768	Q0	445132#0	1
1768	Q0	445132#6	0
1768	Q0	445132#8	0
1768	Q0	720809#31	0
1768	Q0	445132#1	0
1768	Q0	445132#5	0
1768	Q0	1046690#1	0
1768	Q0	445132#3	0
1768	Q0	995037#0	0
1768	Q0	41624#3	0
1769	Q0	155765#0	1
1769	Q0	155765#2	0
1769	Q0	78720#4	0
1769	Q0	1037828#1	0
1769	Q0	1033665#1	0
1769	Q0	1096122#1	0
1769	Q0	1104347#1	0
1769	Q0	1289031#5	0
1769	Q0	1269754#1	0
1769	Q0	1108713#3	0
1770	Q0	1452703#1	1
1770	Q0	704202#1	0
1770	Q0	277921#1	0
1770	Q0	1452703#4	0
1770	Q0	1452703#5	0
1770	Q0	974539#1	0
1770	Q0	574276#2	0
1770	Q0	58624#1	0
1770	Q0	1452703#8	0
1770	Q0	887046#1	0
1772	Q0	560027#0	1
1772	Q0	8701#3	1
1772	Q0	161676#0	0
1772	Q0	326674#0	0
1772	Q0	326685#0	0
1772	Q0	50066#0	0
1772	Q0	326485#0	0
1772	Q0	170101#0	0
1772	Q0	1464878#0	0
1772	Q0	90823#0	0
1772	Q0	8701#0	0
1773	Q0	158003#15	1
1773	Q0	158003#16	1
1773	Q0	849019#0	0
1773	Q0	849019#1	0
1773	Q0	158003#17	0
1773	Q0	158003#19	0
1773	Q0	158003#4	0
1773	Q0	158003#2	0
1773	Q0	158003#18	0
1773	Q0	158003#9	0
1775	Q0	1292#1	1
1775	Q0	1292#2	0
1775	Q0	397750#1	0
1775	Q0	1292#7	0
1775	Q0	1292#3	0
1775	Q0	1292#0	0
1775	Q0	555085#1	0
1775	Q0	105864#4	0
1775	Q0	1292#6	0
1775	Q0	64530#0	0
1776	Q0	5566#0	1
1776	Q0	6220#1	0
1776	Q0	6220#0	0
1776	Q0	5566#3	0
1776	Q0	477205#1	0
1776	Q0	6220#2	0
1776	Q0	417934#1	0
1776	Q0	829#0	0
1776	Q0	36638#1	0
1776	Q0	37488#2	0
1777	Q0	244235#0	1
1777	Q0	426292#2	0
1777	Q0	605336#1	0
1777	Q0	1202017#1	0
1777	Q0	111473#1	0
1777	Q0	335929#1	0
1777	Q0	144237#2	0
1777	Q0	664163#2	0
1777	Q0	103901#6	0
1777	Q0	1258473#1	0
1778	Q0	30624#0	1
1778	Q0	47842#14	0
1778	Q0	24553#16	0
1778	Q0	1025633#23	0
1778	Q0	1480901#1	0
1778	Q0	1176911#1	0
1778	Q0	444370#0	0
1778	Q0	925510#2	0
1778	Q0	4883#9	0
1778	Q0	8231#14	0
1779	Q0	55568#0	1
1779	Q0	55564#0	1
1779	Q0	90359#4	1
1779	Q0	42002#0	1
1779	Q0	558122#0	0
1779	Q0	259795#26	0
1779	Q0	6458#3	0
1779	Q0	339041#5	0
1779	Q0	302193#0	0
1779	Q0	1399153#0	0
1779	Q0	55568#1	0
1780	Q0	159558#0	1
1780	Q0	159558#2	0
1780	Q0	285523#5	0
1780	Q0	159558#3	0
1780	Q0	159558#1	0
1780	Q0	159558#4	0
1780	Q0	1443053#0	0
1780	Q0	159558#17	0
1780	Q0	159558#7	0
1780	Q0	290092#0	0
1781	Q0	364379#14	1
1781	Q0	364379#0	0
1781	Q0	364379#10	0
1781	Q0	364379#15	0
1781	Q0	364379#21	0
1781	Q0	82414#2	0
1781	Q0	364379#11	0
1781	Q0	364379#12	0
1781	Q0	364379#5	0
1781	Q0	374946#2	0
1782	Q0	85521#1	1
1782	Q0	85521#6	1
1782	Q0	85521#7	0
1782	Q0	280476#0	0
1782	Q0	10187#2	0
1782	Q0	85521#0	0
1782	Q0	85521#15	0
1782	Q0	52825#15	0
1782	Q0	85521#53	0
1782	Q0	85521#10	0
1783	Q0	31577#0	1
1783	Q0	1435141#5	1
1783	Q0	16372#63	0
1783	Q0	31577#1	0
1783	Q0	23248#5	0
1783	Q0	31577#6	0
1783	Q0	31577#2	0
1783	Q0	31577#4	0
1783	Q0	31577#3	0
1783	Q0	41762#1	0
1784	Q0	880795#1	1
1784	Q0	880795#10	0
1784	Q0	727586#1	0
1784	Q0	724512#1	0
1784	Q0	408478#1	0
1784	Q0	886482#1	0
1784	Q0	880795#2	0
1784	Q0	721862#1	0
1784	Q0	880795#3	0
1784	Q0	202542#1	0
1785	Q0	6072#0	1
1785	Q0	1031447#2	0
1785	Q0	6072#15	0
1785	Q0	39067#6	0
1785	Q0	6072#22	0
1785	Q0	6072#18	0
1785	Q0	39932#30	0
1785	Q0	27957#0	0
1785	Q0	187105#10	0
1785	Q0	32943#19	0
1786	Q0	394241#1	1
1786	Q0	100#0	1
1786	Q0	127180#1	0
1786	Q0	157056#3	0
1786	Q0	829395#17	0
1786	Q0	51307#0	0
1786	Q0	764549#7	0
1786	Q0	70893#1	0
1786	Q0	34750#4	0
1786	Q0	71684#3	0
1786	Q0	616207#9	0
1787	Q0	842581#0	1
1787	Q0	389973#5	0
1787	Q0	387206#5	0
1787	Q0	227427#5	0
1787	Q0	389582#6	0
1787	Q0	68056#4	0
1787	Q0	386385#1	0
1787	Q0	704075#3	0
1787	Q0	706247#15	0
1787	Q0	842581#6	0
1787	Q0	438190#8	0
1788	Q0	1394#0	1
1788	Q0	1430726#0	1
1788	Q0	16128#13	0
1788	Q0	1394#4	0
1788	Q0	4741#5	0
1788	Q0	7647#31	0
1788	Q0	12721#5	0
1788	Q0	8035#11	0
1788	Q0	1275#53	0
1788	Q0	1069#3	0
1789	Q0	55364#15	1
1789	Q0	12439#0	1
1789	Q0	249076#7	1
1789	Q0	12439#6	1
1789	Q0	36882#14	1
1789	Q0	36882#6	1
1789	Q0	314384#2	1
1789	Q0	36882#7	1
1789	Q0	28511#2	1
1789	Q0	18045#19	0
1789	Q0	12439#1	0
1790	Q0	763338#0	1
1790	Q0	763338#3	0
1790	Q0	763338#2	0
1790	Q0	763338#1	0
1790	Q0	763338#7	0
1790	Q0	99769#4	0
1790	Q0	316795#4	0
1790	Q0	763338#8	0
1790	Q0	435744#0	0
1790	Q0	763338#9	0
1792	Q0	5874#127	1
1792	Q0	1388#27	1
1792	Q0	4639#18	1
1792	Q0	4639#2	1
1792	Q0	481#3	0
1792	Q0	108219#24	0
1792	Q0	108219#5	0
1792	Q0	944#11	0
1792	Q0	439001#1	0
1792	Q0	480#7	0
1792	Q0	29097#2	0
1793	Q0	12711#12	1
1793	Q0	12711#21	1
1793	Q0	184888#0	1
1793	Q0	12711#4	1
1793	Q0	12711#1	0
1793	Q0	12711#3	0
1793	Q0	12711#25	0
1793	Q0	12711#36	0
1793	Q0	12711#33	0
1793	Q0	28610#0	0
1793	Q0	474007#0	0
1794	Q0	145715#22	1
1794	Q0	22165#9	1
1794	Q0	22165#0	1
1794	Q0	22165#1	0
1794	Q0	6276#0	0
1794	Q0	22165#2	0
1794	Q0	48381#0	0
1794	Q0	1038#4	0
1794	Q0	48381#2	0
1794	Q0	1038#1	0
1795	Q0	307590#12	1
1795	Q0	302490#5	1
1795	Q0	307590#15	0
1795	Q0	1253746#6	0
1795	Q0	1442177#18	0
1795	Q0	1112323#2	0
1795	Q0	1355277#5	0
1795	Q0	305751#33	0
1795	Q0	96987#4	0
1795	Q0	452015#14	0
1796	Q0	8416#0	1
1796	Q0	698330#0	1
1796	Q0	8416#2	0
1796	Q0	771840#0	0
1796	Q0	8416#1	0
1796	Q0	8416#7	0
1796	Q0	1330406#0	0
1796	Q0	1388323#1	0
1796	Q0	8428#0	0
1796	Q0	1364528#1	0
1798	Q0	218464#0	1
1798	Q0	14690#2	1
1798	Q0	145722#0	0
1798	Q0	218464#1	0
1798	Q0	392368#0	0
1798	Q0	21581#2	0
1798	Q0	1463295#63	0
1798	Q0	1072667#0	0
1798	Q0	68722#0	0
1798	Q0	1369697#5	0
1798	Q0	106193#0	0
1799	Q0	58241#0	1
1799	Q0	58241#3	1
1799	Q0	58241#1	1
1799	Q0	58241#2	0
1799	Q0	91695#1	0
1799	Q0	1290312#0	0
1799	Q0	30855#0	0
1799	Q0	33064#0	0
1799	Q0	58241#7	0
1799	Q0	29897#0	0
1801	Q0	29131#2	1
1801	Q0	1062602#1	0
1801	Q0	989663#2	0
1801	Q0	1440486#1	0
1801	Q0	1450891#1	0
1801	Q0	288421#1	0
1801	Q0	820#5	0
1801	Q0	175703#0	0
1801	Q0	1395174#0	0
1801	Q0	871645#1	0
1802	Q0	89604#2	1
1802	Q0	89604#51	0
1802	Q0	89604#3	0
1802	Q0	89604#49	0
1802	Q0	89604#13	0
1802	Q0	89604#19	0
1802	Q0	89604#20	0
1802	Q0	89604#17	0
1802	Q0	89604#7	0
1802	Q0	89604#5	0
1804	Q0	97442#13	1
1804	Q0	97442#0	1
1804	Q0	97442#2	0
1804	Q0	97442#8	0
1804	Q0	97442#1	0
1804	Q0	97442#14	0
1804	Q0	97442#12	0
1804	Q0	97442#4	0
1804	Q0	91497#0	0
1804	Q0	97442#5	0
1806	Q0	100#0	1
1806	Q0	764549#7	0
1806	Q0	1421137#7	0
1806	Q0	753947#0	0
1806	Q0	160454#2	0
1806	Q0	1185#24	0
1806	Q0	1334265#0	0
1806	Q0	71684#3	0
1806	Q0	331511#0	0
1806	Q0	100#8	0
1806	Q0	157056#3	0
1807	Q0	578#0	1
1807	Q0	5105#0	1
1807	Q0	1065#3	0
1807	Q0	136032#0	0
1807	Q0	6461#5	0
1807	Q0	7026#3	0
1807	Q0	136032#1	0
1807	Q0	84012#1	0
1807	Q0	9264#0	0
1807	Q0	573883#6	0
1807	Q0	565193#11	0
1808	Q0	1316422#5	1
1808	Q0	1272056#0	1
1808	Q0	54562#20	1
1808	Q0	208503#3	1
1808	Q0	448677#2	0
1808	Q0	448677#22	0
1808	Q0	1316422#4	0
1808	Q0	1316422#2	0
1808	Q0	208503#40	0
1808	Q0	1134940#4	0
1808	Q0	964879#11	0
1809	Q0	29222#0	1
1809	Q0	29222#11	0
1809	Q0	251358#0	0
1809	Q0	315428#1	0
1809	Q0	29222#4	0
1809	Q0	65157#1	0
1809	Q0	46748#1	0
1809	Q0	29222#1	0
1809	Q0	53605#1	0
1809	Q0	706571#2	0
1810	Q0	892428#1	1
1810	Q0	924475#1	0
1810	Q0	892428#14	0
1810	Q0	687732#2	0
1810	Q0	827734#2	0
1810	Q0	1292500#1	0
1810	Q0	935240#1	0
1810	Q0	892428#2	0
1810	Q0	827732#1	0
1810	Q0	922204#1	0
1811	Q0	680122#0	1
1811	Q0	680122#1	0
1811	Q0	680122#3	0
1811	Q0	680122#4	0
1811	Q0	680122#2	0
1811	Q0	680122#6	0
1811	Q0	680122#5	0
1811	Q0	1218895#1	0
1811	Q0	1038780#1	0
1811	Q0	1402039#0	0
1812	Q0	82336#0	1
1812	Q0	1353802#1	0
1812	Q0	225199#36	0
1812	Q0	763987#0	0
1812	Q0	1037198#5	0
1812	Q0	886424#0	0
1812	Q0	237840#0	0
1812	Q0	104658#0	0
1812	Q0	90589#0	0
1812	Q0	31518#13	0
1812	Q0	13345#3	0
1813	Q0	67092#1	1
1813	Q0	37362#3	1
1813	Q0	239104#10	0
1813	Q0	911484#1	0
1813	Q0	124640#0	0
1813	Q0	30858#1	0
1813	Q0	101847#10	0
1813	Q0	1228068#2	0
1813	Q0	120377#9	0
1813	Q0	209303#9	0
1813	Q0	317626#1	0
1814	Q0	636444#1	1
1814	Q0	104828#6	1
1814	Q0	5556#13	0
1814	Q0	104828#2	0
1814	Q0	104828#4	0
1814	Q0	5562#11	0
1814	Q0	636051#6	0
1814	Q0	640825#10	0
1814	Q0	1129395#1	0
1814	Q0	5908#31	0
1815	Q0	10723#1	1
1815	Q0	380063#0	0
1815	Q0	32704#0	0
1815	Q0	372789#33	0
1815	Q0	771272#1	0
1815	Q0	193406#0	0
1815	Q0	58013#1	0
1815	Q0	881473#11	0
1815	Q0	10723#22	0
1815	Q0	10723#6	0
1816	Q0	6702#1	1
1816	Q0	652388#0	0
1816	Q0	1325867#1	0
1816	Q0	235037#4	0
1816	Q0	1348012#0	0
1816	Q0	1378795#5	0
1816	Q0	992911#15	0
1816	Q0	1383053#0	0
1816	Q0	1349191#0	0
1816	Q0	1344175#0	0
1816	Q0	1222645#1	0
1817	Q0	6653#5	1
1817	Q0	895988#10	0
1817	Q0	895988#8	0
1817	Q0	199150#7	0
1817	Q0	775971#1	0
1817	Q0	1349112#2	0
1817	Q0	261132#2	0
1817	Q0	283595#42	0
1817	Q0	895988#0	0
1817	Q0	8224#8	0
1817	Q0	895988#11	0
1818	Q0	59219#5	1
1818	Q0	59219#0	1
1818	Q0	8024#32	1
1818	Q0	765134#1	1
1818	Q0	8024#24	1
1818	Q0	59219#2	1
1818	Q0	48152#7	0
1818	Q0	1115264#0	0
1818	Q0	24849#0	0
1818	Q0	8024#27	0
1818	Q0	1297636#0	0
1819	Q0	284140#1	1
1819	Q0	284140#7	0
1819	Q0	9850#15	0
1819	Q0	1103174#4	0
1819	Q0	1047353#6	0
1819	Q0	614824#14	0
1819	Q0	61394#18	0
1819	Q0	614824#18	0
1819	Q0	284140#9	0
1819	Q0	750234#3	0
1821	Q0	1469781#0	1
1821	Q0	1469781#5	1
1821	Q0	1469781#6	1
1821	Q0	1469781#3	1
1821	Q0	1469781#14	0
1821	Q0	1469781#4	0
1821	Q0	1469781#1	0
1821	Q0	1469781#10	0
1821	Q0	1469781#12	0
1821	Q0	1469781#11	0
1822	Q0	45576#0	1
1822	Q0	45576#1	0
1822	Q0	45576#16	0
1822	Q0	45576#3	0
1822	Q0	45576#2	0
1822	Q0	45576#18	0
1822	Q0	45576#9	0
1822	Q0	283857#2	0
1822	Q0	124280#1	0
1822	Q0	50073#1	0
1823	Q0	779647#0	1
1823	Q0	1344121#1	1
1823	Q0	193369#0	0
1823	Q0	147444#1	0
1823	Q0	522523#1	0
1823	Q0	1353761#3	0
1823	Q0	147444#0	0
1823	Q0	788305#0	0
1823	Q0	30953#0	0
1823	Q0	827501#5	0
1824	Q0	20320#0	1
1824	Q0	562997#18	0
1824	Q0	5201#14	0
1824	Q0	120631#13	0
1824	Q0	20320#1	0
1824	Q0	21368#2	0
1824	Q0	169592#0	0
1824	Q0	21372#49	0
1824	Q0	10284#17	0
1824	Q0	562997#0	0
1825	Q0	1195203#1	1
1825	Q0	1195203#3	0
1825	Q0	1195203#8	0
1825	Q0	1195203#7	0
1825	Q0	1195203#10	0
1825	Q0	1195203#6	0
1825	Q0	1195203#5	0
1825	Q0	1195203#4	0
1825	Q0	1195203#2	0
1825	Q0	1195203#0	0
1826	Q0	187827#0	1
1826	Q0	103673#5	0
1826	Q0	135211#15	0
1826	Q0	136892#2	0
1826	Q0	103673#1	0
1826	Q0	31489#13	0
1826	Q0	39081#32	0
1826	Q0	79822#76	0
1826	Q0	102609#29	0
1826	Q0	187827#9	0
1826	Q0	79822#64	0
1828	Q0	11080#0	1
1828	Q0	32011#0	1
1828	Q0	419280#0	0
1828	Q0	32011#1	0
1828	Q0	748265#3	0
1828	Q0	89303#8	0
1828	Q0	29758#8	0
1828	Q0	1118537#15	0
1828	Q0	10978#7	0
1828	Q0	398017#11	0
1829	Q0	23948#0	1
1829	Q0	86854#0	1
1829	Q0	113233#1	1
1829	Q0	473754#2	1
1829	Q0	771885#0	1
1829	Q0	20178#0	1
1829	Q0	20178#9	0
1829	Q0	20201#1	0
1829	Q0	1164752#0	0
1829	Q0	217#0	0
1829	Q0	924199#1	0
1831	Q0	1148#2	1
1831	Q0	1148#10	0
1831	Q0	1148#9	0
1831	Q0	1148#8	0
1831	Q0	1148#5	0
1831	Q0	85213#2	0
1831	Q0	85213#1	0
1831	Q0	27957#2	0
1831	Q0	506235#20	0
1831	Q0	1148#13	0
1832	Q0	8794#2	1
1832	Q0	479606#3	1
1832	Q0	1030158#1	0
1832	Q0	650895#2	0
1832	Q0	585511#0	0
1832	Q0	8794#0	0
1832	Q0	8794#13	0
1832	Q0	1032553#1	0
1832	Q0	1042157#1	0
1832	Q0	8794#1	0
1833	Q0	249#29	1
1833	Q0	685761#0	0
1833	Q0	1085598#0	0
1833	Q0	1321848#1	0
1833	Q0	1335498#15	0
1833	Q0	1218648#0	0
1833	Q0	965761#0	0
1833	Q0	360813#1	0
1833	Q0	197184#0	0
1833	Q0	1293867#0	0
1833	Q0	1409750#2	0
1834	Q0	141884#0	1
1834	Q0	141884#1	0
1834	Q0	192872#3	0
1834	Q0	532912#1	0
1834	Q0	706571#2	0
1834	Q0	462750#1	0
1834	Q0	109984#1	0
1834	Q0	134882#1	0
1834	Q0	352097#1	0
1834	Q0	781290#0	0
1835	Q0	1314443#0	1
1835	Q0	326085#4	0
1835	Q0	394914#0	0
1835	Q0	1059017#2	0
1835	Q0	721457#1	0
1835	Q0	511303#0	0
1835	Q0	101937#1	0
1835	Q0	733955#1	0
1835	Q0	195007#1	0
1835	Q0	248572#0	0
1836	Q0	122423#2	1
1836	Q0	122423#0	1
1836	Q0	122423#4	0
1836	Q0	122423#3	0
1836	Q0	122423#5	0
1836	Q0	122423#1	0
1836	Q0	1307174#4	0
1836	Q0	190677#0	0
1836	Q0	1089238#0	0
1836	Q0	96487#1	0
1837	Q0	168827#1	1
1837	Q0	168827#3	0
1837	Q0	6148#69	0
1837	Q0	6148#71	0
1837	Q0	6148#79	0
1837	Q0	174455#7	0
1837	Q0	1270190#16	0
1837	Q0	1362798#48	0
1837	Q0	6148#49	0
1837	Q0	6148#99	0
1837	Q0	174455#6	0
1838	Q0	1299696#10	1
1838	Q0	1299696#0	0
1838	Q0	1299696#11	0
1838	Q0	1299696#9	0
1838	Q0	1299696#18	0
1838	Q0	1105333#3	0
1838	Q0	1299696#7	0
1838	Q0	1105333#1	0
1838	Q0	579202#2	0
1838	Q0	1299696#17	0
1841	Q0	1381867#0	1
1841	Q0	314167#8	0
1841	Q0	1381867#1	0
1841	Q0	1381867#2	0
1841	Q0	840286#0	0
1841	Q0	1381867#9	0
1841	Q0	1381867#11	0
1841	Q0	1381867#7	0
1841	Q0	1381867#3	0
1841	Q0	840286#4	0
1842	Q0	38917#6	1
1842	Q0	38917#16	1
1842	Q0	263471#3	0
1842	Q0	55671#8	0
1842	Q0	38917#27	0
1842	Q0	38917#12	0
1842	Q0	38917#11	0
1842	Q0	38847#0	0
1842	Q0	38917#8	0
1842	Q0	10874#36	0
1843	Q0	44513#0	1
1843	Q0	1232#37	1
1843	Q0	44513#9	1
1843	Q0	44513#1	1
1843	Q0	349902#1	1
1843	Q0	320069#0	1
1843	Q0	349902#0	0
1843	Q0	44513#3	0
1843	Q0	424799#0	0
1843	Q0	1334026#0	0
1844	Q0	621931#1	1
1844	Q0	124623#2	0
1844	Q0	621931#9	0
1844	Q0	621931#13	0
1844	Q0	621931#23	0
1844	Q0	621931#19	0
1844	Q0	621931#16	0
1844	Q0	621931#7	0
1844	Q0	1385649#0	0
1844	Q0	621931#2	0
1845	Q0	49628#8	1
1845	Q0	1257260#0	0
1845	Q0	49628#0	0
1845	Q0	266184#3	0
1845	Q0	1181837#0	0
1845	Q0	876432#0	0
1845	Q0	49628#29	0
1845	Q0	217054#2	0
1845	Q0	64520#5	0
1845	Q0	615016#1	0
1845	Q0	63234#5	0
1846	Q0	748#5	1
1846	Q0	1199220#2	1
1846	Q0	37724#2	1
1846	Q0	1256858#11	1
1846	Q0	407#14	0
1846	Q0	7386#20	0
1846	Q0	1199220#17	0
1846	Q0	582800#1	0
1846	Q0	746961#2	0
1846	Q0	1268170#1	0
1847	Q0	588333#0	1
1847	Q0	588333#1	0
1847	Q0	588333#4	0
1847	Q0	897697#1	0
1847	Q0	1413535#0	0
1847	Q0	733120#0	0
1847	Q0	949017#0	0
1847	Q0	588333#6	0
1847	Q0	584216#1	0
1847	Q0	733290#1	0
1848	Q0	958817#7	1
1848	Q0	16980#12	1
1848	Q0	15354#1	1
1848	Q0	1098503#63	1
1848	Q0	15354#3	1
1848	Q0	583493#33	0
1848	Q0	72381#2	0
1848	Q0	951931#44	0
1848	Q0	958817#10	0
1848	Q0	1388646#2	0
1848	Q0	605492#12	0
1849	Q0	9540#13	1
1849	Q0	1204856#0	1
1849	Q0	800619#0	0
1849	Q0	374597#0	0
1849	Q0	1383003#0	0
1849	Q0	1354814#0	0
1849	Q0	1276273#0	0
1849	Q0	20761#0	0
1849	Q0	1181006#0	0
1849	Q0	7172#0	0
1849	Q0	1328982#0	0
1850	Q0	1394#7	1
1850	Q0	14070#0	1
1850	Q0	1439030#4	1
1850	Q0	14070#2	1
1850	Q0	1439339#3	1
1850	Q0	14070#13	0
1850	Q0	1187#32	0
1850	Q0	1089700#5	0
1850	Q0	1176420#2	0
1850	Q0	1346846#0	0
1851	Q0	69358#2	1
1851	Q0	69358#12	1
1851	Q0	69358#27	0
1851	Q0	69358#23	0
1851	Q0	69358#0	0
1851	Q0	169241#6	0
1851	Q0	682615#12	0
1851	Q0	536172#2	0
1851	Q0	678673#4	0
1851	Q0	61000#7	0
1851	Q0	100472#0	0
1852	Q0	77021#12	1
1852	Q0	77021#10	0
1852	Q0	77021#1	0
1852	Q0	142242#6	0
1852	Q0	77021#0	0
1852	Q0	77021#14	0
1852	Q0	77021#5	0
1852	Q0	77021#8	0
1852	Q0	77021#15	0
1852	Q0	77021#3	0
1852	Q0	278229#6	0
1854	Q0	342770#3	1
1854	Q0	782324#3	0
1854	Q0	327153#6	0
1854	Q0	343199#2	0
1854	Q0	342770#1	0
1854	Q0	293663#4	0
1854	Q0	342770#0	0
1854	Q0	1165921#3	0
1854	Q0	293663#2	0
1854	Q0	293663#0	0
1855	Q0	153249#7	1
1855	Q0	14925#9	1
1855	Q0	83164#1	1
1855	Q0	153249#6	0
1855	Q0	153249#4	0
1855	Q0	153249#1	0
1855	Q0	153249#14	0
1855	Q0	1452655#2	0
1855	Q0	153249#16	0
1855	Q0	153249#19	0
1856	Q0	442#0	1
1856	Q0	442#37	1
1856	Q0	29012#17	0
1856	Q0	765667#0	0
1856	Q0	386161#0	0
1856	Q0	442#39	0
1856	Q0	1414924#0	0
1856	Q0	45937#0	0
1856	Q0	442#38	0
1856	Q0	69887#0	0
1857	Q0	627479#11	1
1857	Q0	627479#0	0
1857	Q0	627479#5	0
1857	Q0	803716#1	0
1857	Q0	627479#4	0
1857	Q0	197655#3	0
1857	Q0	178950#15	0
1857	Q0	1108219#3	0
1857	Q0	627479#3	0
1857	Q0	1108219#0	0
1858	Q0	215894#0	1
1858	Q0	215894#5	0
1858	Q0	364140#2	0
1858	Q0	215894#10	0
1858	Q0	215894#3	0
1858	Q0	1337881#0	0
1858	Q0	215894#4	0
1858	Q0	1137#5	0
1858	Q0	1359994#2	0
1858	Q0	285089#0	0
1859	Q0	210241#0	1
1859	Q0	990834#0	1
1859	Q0	5176#3	1
1859	Q0	787400#0	0
1859	Q0	1374423#0	0
1859	Q0	196932#0	0
1859	Q0	386639#0	0
1859	Q0	210241#1	0
1859	Q0	1271608#0	0
1859	Q0	570844#0	0
1859	Q0	180115#0	0
1860	Q0	117260#0	1
1860	Q0	117260#2	1
1860	Q0	117260#15	0
1860	Q0	188513#0	0
1860	Q0	1419104#0	0
1860	Q0	117260#9	0
1860	Q0	117260#6	0
1860	Q0	331365#0	0
1860	Q0	117260#8	0
1860	Q0	22145#0	0
1861	Q0	472712#0	1
1861	Q0	1242#62	1
1861	Q0	15170#0	1
1861	Q0	1349885#4	0
1861	Q0	379826#0	0
1861	Q0	136874#6	0
1861	Q0	489511#5	0
1861	Q0	124240#10	0
1861	Q0	679458#2	0
1861	Q0	28754#9	0
1861	Q0	237263#8	0
1862	Q0	931907#1	1
1862	Q0	8617#0	1
1862	Q0	8617#13	1
1862	Q0	1484492#5	0
1862	Q0	8611#2	0
1862	Q0	1089#0	0
1862	Q0	13160#5	0
1862	Q0	534343#8	0
1862	Q0	8617#5	0
1862	Q0	293770#39	0
1863	Q0	208407#0	1
1863	Q0	261191#0	1
1863	Q0	1480632#6	0
1863	Q0	261191#11	0
1863	Q0	1478911#1	0
1863	Q0	1191966#5	0
1863	Q0	1478911#2	0
1863	Q0	1191966#2	0
1863	Q0	17389#31	0
1863	Q0	1192030#1	0
1863	Q0	1478475#3	0
1864	Q0	6482#3	1
1864	Q0	6482#2	0
1864	Q0	565308#1	0
1864	Q0	929045#2	0
1864	Q0	144997#0	0
1864	Q0	119739#0	0
1864	Q0	1266125#1	0
1864	Q0	174490#0	0
1864	Q0	146428#0	0
1864	Q0	600969#1	0
1867	Q0	176083#3	1
1867	Q0	176083#0	1
1867	Q0	176083#7	0
1867	Q0	176083#4	0
1867	Q0	176083#41	0
1867	Q0	176083#14	0
1867	Q0	176083#27	0
1867	Q0	458159#3	0
1867	Q0	176083#9	0
1867	Q0	10934#2	0
1868	Q0	340721#30	1
1868	Q0	340721#13	0
1868	Q0	340721#6	0
1868	Q0	340721#20	0
1868	Q0	340721#15	0
1868	Q0	340721#22	0
1868	Q0	340721#29	0
1868	Q0	425372#1	0
1868	Q0	340721#28	0
1868	Q0	270718#0	0
1869	Q0	161054#25	1
1869	Q0	563049#1	0
1869	Q0	1311#8	0
1869	Q0	100381#7	0
1869	Q0	18646#58	0
1869	Q0	226834#1	0
1869	Q0	252407#2	0
1869	Q0	1095094#7	0
1869	Q0	61761#7	0
1869	Q0	19385#5	0
1870	Q0	1432097#1	1
1870	Q0	1432097#2	0
1870	Q0	1432097#0	0
1870	Q0	1432097#4	0
1870	Q0	1432097#5	0
1870	Q0	1432097#12	0
1870	Q0	221605#1	0
1870	Q0	1432097#3	0
1870	Q0	775513#2	0
1870	Q0	1131213#1	0
1871	Q0	67852#0	1
1871	Q0	82329#27	1
1871	Q0	82329#44	1
1871	Q0	67852#7	0
1871	Q0	67852#22	0
1871	Q0	67852#9	0
1871	Q0	67852#13	0
1871	Q0	67852#1	0
1871	Q0	67852#21	0
1871	Q0	67852#15	0
1872	Q0	390899#0	1
1872	Q0	390899#2	0
1872	Q0	107318#0	0
1872	Q0	1034542#0	0
1872	Q0	1333907#0	0
1872	Q0	1472039#0	0
1872	Q0	341614#0	0
1872	Q0	107318#1	0
1872	Q0	962113#0	0
1872	Q0	103353#0	0
1873	Q0	162013#0	1
1873	Q0	93820#14	1
1873	Q0	1321#16	1
1873	Q0	406142#9	1
1873	Q0	1062628#1	1
1873	Q0	162013#1	0
1873	Q0	190244#11	0
1873	Q0	190244#12	0
1873	Q0	561486#9	0
1873	Q0	224891#5	0
1873	Q0	93820#16	0
1874	Q0	499#0	1
1874	Q0	128530#6	1
1874	Q0	34588#24	1
1874	Q0	584642#63	1
1874	Q0	136874#7	1
1874	Q0	154618#17	1
1874	Q0	481#4	1
1874	Q0	499#13	0
1874	Q0	499#10	0
1874	Q0	499#15	0
1875	Q0	9285#38	1
1875	Q0	9285#0	1
1875	Q0	79594#0	0
1875	Q0	1024735#1	0
1875	Q0	1462004#1	0
1875	Q0	945779#0	0
1875	Q0	296417#0	0
1875	Q0	1443130#1	0
1875	Q0	945774#0	0
1875	Q0	977828#0	0
1876	Q0	364007#14	1
1876	Q0	23336#28	1
1876	Q0	364007#49	0
1876	Q0	527672#6	0
1876	Q0	364007#29	0
1876	Q0	364007#39	0
1876	Q0	364007#15	0
1876	Q0	364007#5	0
1876	Q0	364007#3	0
1876	Q0	364007#2	0
1876	Q0	364007#17	0
1877	Q0	24889#0	1
1877	Q0	24889#3	1
1877	Q0	24889#1	0
1877	Q0	24889#11	0
1877	Q0	24889#14	0
1877	Q0	24889#5	0
1877	Q0	24889#8	0
1877	Q0	24889#10	0
1877	Q0	408213#0	0
1877	Q0	24889#2	0
1878	Q0	847064#10	1
1878	Q0	34480#0	1
1878	Q0	1401415#2	1
1878	Q0	608982#1	0
1878	Q0	184164#26	0
1878	Q0	48812#0	0
1878	Q0	608982#2	0
1878	Q0	533378#2	0
1878	Q0	29400#17	0
1878	Q0	253270#45	0
1879	Q0	29664#0	1
1879	Q0	12848#6	1
1879	Q0	18232#8	0
1879	Q0	17008#2	0
1879	Q0	18232#3	0
1879	Q0	1007118#4	0
1879	Q0	355012#4	0
1879	Q0	29664#2	0
1879	Q0	29664#1	0
1879	Q0	355012#5	0
1880	Q0	12474#0	1
1880	Q0	6673#12	1
1880	Q0	5573#25	1
1880	Q0	1360375#14	1
1880	Q0	6673#0	1
1880	Q0	1219079#0	0
1880	Q0	714828#0	0
1880	Q0	714859#0	0
1880	Q0	4744#0	0
1880	Q0	716483#2	0
1880	Q0	1219079#5	0
1880	Q0	6673#1	0
1880	Q0	6673#8	0
1881	Q0	933316#1	1
1881	Q0	933316#4	0
1881	Q0	1344847#0	0
1881	Q0	1302734#1	0
1881	Q0	933317#1	0
1881	Q0	1301744#1	0
1881	Q0	933316#0	0
1881	Q0	933316#10	0
1881	Q0	1301756#1	0
1881	Q0	1296998#15	0
1882	Q0	29447#3	1
1882	Q0	29447#1	0
1882	Q0	29447#2	0
1882	Q0	31574#11	0
1882	Q0	29136#5	0
1882	Q0	362881#2	0
1882	Q0	1000805#3	0
1882	Q0	113065#3	0
1882	Q0	20672#4	0
1882	Q0	466511#8	0
1883	Q0	358253#0	1
1883	Q0	358253#3	0
1883	Q0	180215#0	0
1883	Q0	358253#1	0
1883	Q0	373682#0	0
1883	Q0	1212662#4	0
1883	Q0	12846#3	0
1883	Q0	11047#4	0
1883	Q0	1212662#5	0
1883	Q0	556308#0	0
1884	Q0	463048#13	1
1884	Q0	1300070#1	0
1884	Q0	706247#8	0
1884	Q0	463048#0	0
1884	Q0	1111291#7	0
1884	Q0	1111291#8	0
1884	Q0	1111291#0	0
1884	Q0	1300070#0	0
1884	Q0	444566#8	0
1884	Q0	444566#12	0
1885	Q0	72195#0	1
1885	Q0	72195#2	0
1885	Q0	27562#6	0
1885	Q0	72195#1	0
1885	Q0	210274#2	0
1885	Q0	27562#0	0
1885	Q0	110467#12	0
1885	Q0	8963#49	0
1885	Q0	208911#8	0
1885	Q0	72195#3	0
1886	Q0	306861#2	1
1886	Q0	306861#0	1
1886	Q0	306872#0	0
1886	Q0	306861#11	0
1886	Q0	306861#8	0
1886	Q0	306861#12	0
1886	Q0	306861#9	0
1886	Q0	306861#15	0
1886	Q0	306861#5	0
1886	Q0	306872#5	0
1887	Q0	485146#0	1
1887	Q0	485146#2	0
1887	Q0	485146#3	0
1887	Q0	485146#6	0
1887	Q0	485146#1	0
1887	Q0	485146#5	0
1887	Q0	485146#4	0
1887	Q0	99864#0	0
1887	Q0	333472#0	0
1887	Q0	358450#0	0
1889	Q0	11106#0	1
1889	Q0	21483#0	1
1889	Q0	11106#7	0
1889	Q0	28767#0	0
1889	Q0	28772#0	0
1889	Q0	28769#0	0
1889	Q0	28766#0	0
1889	Q0	11106#8	0
1889	Q0	35589#0	0
1889	Q0	47684#0	0
1890	Q0	393878#0	1
1890	Q0	1106308#0	1
1890	Q0	122911#5	0
1890	Q0	963294#0	0
1890	Q0	176800#8	0
1890	Q0	1174260#5	0
1890	Q0	1212674#4	0
1890	Q0	666639#0	0
1890	Q0	101429#3	0
1890	Q0	85947#8	0
1890	Q0	927963#1	0
1891	Q0	7698#52	1
1891	Q0	97537#5	1
1891	Q0	52721#3	1
1891	Q0	7698#2	1
1891	Q0	7698#45	0
1891	Q0	97537#11	0
1891	Q0	92554#6	0
1891	Q0	1297921#10	0
1891	Q0	7698#53	0
1891	Q0	441081#4	0
1891	Q0	97537#10	0
1892	Q0	358413#1	1
1892	Q0	592892#0	1
1892	Q0	31804#1	1
1892	Q0	76480#1	0
1892	Q0	31804#2	0
1892	Q0	31541#1	0
1892	Q0	76480#0	0
1892	Q0	54249#1	0
1892	Q0	76480#2	0
1892	Q0	31541#3	0
1892	Q0	31541#0	0
1893	Q0	123608#20	1
1893	Q0	426292#22	0
1893	Q0	426292#1	0
1893	Q0	426292#0	0
1893	Q0	426292#2	0
1893	Q0	426292#17	0
1893	Q0	87467#10	0
1893	Q0	640199#1	0
1893	Q0	456296#8	0
1893	Q0	926140#22	0
1895	Q0	587854#1	1
1895	Q0	574366#1	1
1895	Q0	158503#9	0
1895	Q0	158503#5	0
1895	Q0	1429793#11	0
1895	Q0	1150#99	0
1895	Q0	1150#93	0
1895	Q0	158503#1	0
1895	Q0	1150#95	0
1895	Q0	1150#98	0
1896	Q0	208078#0	1
1896	Q0	233773#3	0
1896	Q0	661837#0	0
1896	Q0	19461#2	0
1896	Q0	699178#1	0
1896	Q0	808767#0	0
1896	Q0	1003345#0	0
1896	Q0	1401512#1	0
1896	Q0	706571#2	0
1896	Q0	75167#2	0
1897	Q0	55477#1	1
1897	Q0	128410#6	1
1897	Q0	128410#0	0
1897	Q0	450822#1	0
1897	Q0	1224762#1	0
1897	Q0	55477#6	0
1897	Q0	207707#0	0
1897	Q0	55477#24	0
1897	Q0	84911#5	0
1897	Q0	580585#5	0
1897	Q0	800818#1	0
1898	Q0	1105671#6	1
1898	Q0	1109560#1	1
1898	Q0	936868#6	1
1898	Q0	11634#8	1
1898	Q0	5842#16	1
1898	Q0	5845#6	1
1898	Q0	1349112#0	0
1898	Q0	50740#2	0
1898	Q0	24094#13	0
1898	Q0	215310#1	0
1898	Q0	515474#5	0
1899	Q0	183827#0	1
1899	Q0	183827#1	0
1899	Q0	286683#0	0
1899	Q0	183827#4	0
1899	Q0	1393154#1	0
1899	Q0	1416727#1	0
1899	Q0	71186#1	0
1899	Q0	1431042#1	0
1899	Q0	206913#1	0
1899	Q0	8961#13	0
1900	Q0	115026#33	1
1900	Q0	630706#1	0
1900	Q0	24714#10	0
1900	Q0	379826#1	0
1900	Q0	115026#13	0
1900	Q0	115026#35	0
1900	Q0	115026#14	0
1900	Q0	115026#34	0
1900	Q0	1450048#0	0
1900	Q0	115026#27	0
1901	Q0	99207#0	1
1901	Q0	787462#0	1
1901	Q0	295225#0	1
1901	Q0	295225#1	1
1901	Q0	780105#1	0
1901	Q0	837144#1	0
1901	Q0	1165021#3	0
1901	Q0	461196#0	0
1901	Q0	787778#0	0
1901	Q0	99207#34	0
1902	Q0	400#0	1
1902	Q0	23491#0	1
1902	Q0	426185#0	0
1902	Q0	890420#0	0
1902	Q0	287971#0	0
1902	Q0	895311#0	0
1902	Q0	895312#0	0
1902	Q0	895439#0	0
1902	Q0	156000#0	0
1902	Q0	102014#0	0
1903	Q0	85287#2	1
1903	Q0	85287#0	1
1903	Q0	235920#0	0
1903	Q0	647100#8	0
1903	Q0	1041643#0	0
1903	Q0	552822#3	0
1903	Q0	1042171#0	0
1903	Q0	443696#0	0
1903	Q0	85287#1	0
1903	Q0	1299592#0	0
1906	Q0	672456#1	1
1906	Q0	672456#0	1
1906	Q0	46858#5	0
1906	Q0	7375#65	0
1906	Q0	298441#4	0
1906	Q0	672456#6	0
1906	Q0	65139#4	0
1906	Q0	46858#6	0
1906	Q0	672456#18	0
1906	Q0	46858#0	0
1906	Q0	1217164#2	0
1907	Q0	23285#0	1
1907	Q0	81404#2	1
1907	Q0	228248#0	1
1907	Q0	23285#2	0
1907	Q0	103016#0	0
1907	Q0	23285#5	0
1907	Q0	402867#14	0
1907	Q0	23285#4	0
1907	Q0	36649#0	0
1907	Q0	23285#1	0
1908	Q0	217#0	1
1908	Q0	110558#0	1
1908	Q0	803#0	1
1908	Q0	217#3	1
1908	Q0	872851#0	0
1908	Q0	566405#0	0
1908	Q0	28775#0	0
1908	Q0	17747#8	0
1908	Q0	35595#0	0
1908	Q0	9375#35	0
1909	Q0	1005541#3	1
1909	Q0	1005541#0	0
1909	Q0	1005541#7	0
1909	Q0	35678#5	0
1909	Q0	1399399#1	0
1909	Q0	776683#0	0
1909	Q0	656389#25	0
1909	Q0	1005541#5	0
1909	Q0	251691#43	0
1909	Q0	880029#19	0
1909	Q0	710519#3	0
1911	Q0	165016#0	1
1911	Q0	154938#1	1
1911	Q0	141524#0	1
1911	Q0	272831#5	1
1911	Q0	144293#1	0
1911	Q0	16413#3	0
1911	Q0	1282684#0	0
1911	Q0	561879#1	0
1911	Q0	5222#4	0
1911	Q0	272831#20	0
1911	Q0	125214#0	0
1914	Q0	1339556#0	1
1914	Q0	1346352#0	0
1914	Q0	1347395#0	0
1914	Q0	1304631#0	0
1914	Q0	583421#0	0
1914	Q0	1338828#0	0
1914	Q0	180178#1	0
1914	Q0	177033#0	0
1914	Q0	1339118#0	0
1914	Q0	1362729#0	0
1916	Q0	801751#1	1
1916	Q0	801751#3	0
1916	Q0	801751#15	0
1916	Q0	801751#21	0
1916	Q0	801751#10	0
1916	Q0	801751#8	0
1916	Q0	801751#17	0
1916	Q0	801751#11	0
1916	Q0	801751#2	0
1916	Q0	801751#9	0
1917	Q0	62357#0	1
1917	Q0	62357#1	1
1917	Q0	62357#12	0
1917	Q0	18204#11	0
1917	Q0	62357#13	0
1917	Q0	62357#6	0
1917	Q0	62357#10	0
1917	Q0	11446#28	0
1917	Q0	62357#11	0
1917	Q0	67852#16	0
1919	Q0	6149#8	1
1919	Q0	556079#16	1
1919	Q0	556079#17	0
1919	Q0	354426#0	0
1919	Q0	891715#0	0
1919	Q0	448364#0	0
1919	Q0	1474390#0	0
1919	Q0	1355429#0	0
1919	Q0	1112456#12	0
1919	Q0	556079#14	0
1919	Q0	1117305#0	0
1920	Q0	1282166#2	1
1920	Q0	1282166#0	1
1920	Q0	1282166#1	0
1920	Q0	649363#7	0
1920	Q0	649363#6	0
1920	Q0	1282166#3	0
1920	Q0	1349657#0	0
1920	Q0	778437#0	0
1920	Q0	1398375#0	0
1920	Q0	12076#0	0
1921	Q0	156327#1	1
1921	Q0	30953#2	1
1921	Q0	156327#0	0
1921	Q0	156327#11	0
1921	Q0	156327#2	0
1921	Q0	156327#14	0
1921	Q0	135579#5	0
1921	Q0	156327#12	0
1921	Q0	726373#71	0
1921	Q0	1194426#0	0
1921	Q0	156327#4	0
1922	Q0	1091#4	1
1922	Q0	1091#0	0
1922	Q0	1091#35	0
1922	Q0	5871#2	0
1922	Q0	1091#10	0
1922	Q0	414611#0	0
1922	Q0	1091#34	0
1922	Q0	159006#2	0
1922	Q0	195468#1	0
1922	Q0	295849#1	0
1923	Q0	431273#0	1
1923	Q0	484627#1	0
1923	Q0	640#34	0
1923	Q0	8274#38	0
1923	Q0	526381#8	0
1923	Q0	8274#37	0
1923	Q0	1136032#41	0
1923	Q0	1208050#46	0
1923	Q0	484627#0	0
1923	Q0	8485#122	0
1924	Q0	692996#0	1
1924	Q0	692996#1	0
1924	Q0	997922#0	0
1924	Q0	1151021#0	0
1924	Q0	448986#4	0
1924	Q0	123950#0	0
1924	Q0	1253913#0	0
1924	Q0	928016#0	0
1924	Q0	133#0	0
1924	Q0	1375414#0	0
1925	Q0	182855#2	1
1925	Q0	182239#6	1
1925	Q0	261431#0	1
1925	Q0	182285#2	0
1925	Q0	182855#1	0
1925	Q0	182855#3	0
1925	Q0	5285#0	0
1925	Q0	182166#4	0
1925	Q0	182855#0	0
1925	Q0	91472#4	0
1926	Q0	296146#0	1
1926	Q0	89286#1	0
1926	Q0	884764#0	0
1926	Q0	635937#0	0
1926	Q0	1270909#1	0
1926	Q0	636326#0	0
1926	Q0	253064#6	0
1926	Q0	646158#0	0
1926	Q0	844171#0	0
1926	Q0	636525#0	0
1926	Q0	1395999#0	0
1927	Q0	1328551#0	1
1927	Q0	30886#12	0
1927	Q0	956650#0	0
1927	Q0	125438#1	0
1927	Q0	163703#6	0
1927	Q0	1328551#1	0
1927	Q0	30231#4	0
1927	Q0	30886#0	0
1927	Q0	123742#3	0
1927	Q0	956650#1	0
1929	Q0	109092#0	1
1929	Q0	109092#9	0
1929	Q0	109092#4	0
1929	Q0	109092#7	0
1929	Q0	108390#2	0
1929	Q0	109092#1	0
1929	Q0	109092#3	0
1929	Q0	109092#10	0
1929	Q0	109092#2	0
1929	Q0	109092#15	0
1930	Q0	1144651#1	1
1930	Q0	1144651#7	0
1930	Q0	625552#1	0
1930	Q0	435934#1	0
1930	Q0	1479488#2	0
1930	Q0	408853#1	0
1930	Q0	188628#17	0
1930	Q0	1144651#4	0
1930	Q0	116754#5	0
1930	Q0	137158#6	0
1933	Q0	980149#3	1
1933	Q0	1485402#6	0
1933	Q0	88423#7	0
1933	Q0	980149#38	0
1933	Q0	1005015#2	0
1933	Q0	232077#4	0
1933	Q0	9852#14	0
1933	Q0	980149#35	0
1933	Q0	1034905#0	0
1933	Q0	326#11	0
1934	Q0	657855#1	1
1934	Q0	657855#4	0
1934	Q0	657855#8	0
1934	Q0	657855#3	0
1934	Q0	657855#2	0
1934	Q0	877276#1	0
1934	Q0	657855#0	0
1934	Q0	657855#7	0
1934	Q0	657855#9	0
1934	Q0	657855#5	0
1935	Q0	254561#10	1
1935	Q0	254561#0	1
1935	Q0	1285877#16	0
1935	Q0	211643#7	0
1935	Q0	26340#52	0
1935	Q0	1143568#3	0
1935	Q0	1448483#1	0
1935	Q0	1488445#2	0
1935	Q0	406206#16	0
1935	Q0	31882#0	0
1935	Q0	357909#3	0
1936	Q0	20948#0	1
1936	Q0	392294#7	1
1936	Q0	20948#1	1
1936	Q0	20948#3	0
1936	Q0	20948#2	0
1936	Q0	1456379#0	0
1936	Q0	1071889#0	0
1936	Q0	1454053#0	0
1936	Q0	1158674#0	0
1936	Q0	60673#4	0
1937	Q0	318157#0	1
1937	Q0	318157#2	1
1937	Q0	93839#0	0
1937	Q0	276772#0	0
1937	Q0	93839#2	0
1937	Q0	55344#1	0
1937	Q0	55344#2	0
1937	Q0	140359#2	0
1937	Q0	1390492#0	0
1937	Q0	183171#19	0
1937	Q0	927919#10	0
1937	Q0	619128#2	0
1937	Q0	318157#1	0
1938	Q0	194203#3	1
1938	Q0	1475781#3	0
1938	Q0	1143877#1	0
1938	Q0	1143852#0	0
1938	Q0	1475781#4	0
1938	Q0	1475778#1	0
1938	Q0	93509#3	0
1938	Q0	290822#7	0
1938	Q0	1475778#2	0
1938	Q0	223266#1	0
1939	Q0	71406#10	1
1939	Q0	1411403#3	1
1939	Q0	147241#3	1
1939	Q0	208022#5	1
1939	Q0	195813#1	0
1939	Q0	208022#6	0
1939	Q0	33801#5	0
1939	Q0	71406#1	0
1939	Q0	208022#0	0
1939	Q0	548397#7	0
1939	Q0	1342849#51	0
1940	Q0	833531#27	1
1940	Q0	35309#0	1
1940	Q0	1150714#1	1
1940	Q0	1275966#0	1
1940	Q0	35309#9	1
1940	Q0	70434#12	1
1940	Q0	704443#15	0
1940	Q0	1184368#0	0
1940	Q0	35309#79	0
1940	Q0	735957#0	0
1942	Q0	264579#0	1
1942	Q0	424742#3	1
1942	Q0	495724#2	0
1942	Q0	495724#6	0
1942	Q0	495724#4	0
1942	Q0	495724#12	0
1942	Q0	495724#7	0
1942	Q0	495724#0	0
1942	Q0	282598#2	0
1942	Q0	495724#17	0
1942	Q0	495724#11	0
1943	Q0	61394#1	1
1943	Q0	61394#0	1
1943	Q0	61394#15	0
1943	Q0	61394#35	0
1943	Q0	61394#18	0
1943	Q0	5814#25	0
1943	Q0	67035#6	0
1943	Q0	365737#3	0
1943	Q0	646917#1	0
1943	Q0	61394#21	0
1943	Q0	707142#2	0
1944	Q0	34783#0	1
1944	Q0	1029229#1	0
1944	Q0	463851#0	0
1944	Q0	1304137#1	0
1944	Q0	34783#3	0
1944	Q0	225434#4	0
1944	Q0	1170298#2	0
1944	Q0	557893#1	0
1944	Q0	1037976#1	0
1944	Q0	865903#0	0
1947	Q0	182589#7	1
1947	Q0	39081#0	1
1947	Q0	135211#15	0
1947	Q0	39081#32	0
1947	Q0	136892#2	0
1947	Q0	103673#5	0
1947	Q0	39081#30	0
1947	Q0	31489#13	0
1947	Q0	102609#29	0
1947	Q0	39081#20	0
1947	Q0	39081#1	0
1948	Q0	22534#1	1
1948	Q0	22534#0	1
1948	Q0	9207#0	1
1948	Q0	22534#2	0
1948	Q0	22534#14	0
1948	Q0	5144#2	0
1948	Q0	22534#15	0
1948	Q0	22534#32	0
1948	Q0	34185#0	0
1948	Q0	44401#0	0
1949	Q0	116115#0	1
1949	Q0	13946#1	1
1949	Q0	1444617#2	1
1949	Q0	1444617#0	1
1949	Q0	116115#1	0
1949	Q0	116115#8	0
1949	Q0	116115#3	0
1949	Q0	116115#5	0
1949	Q0	758705#0	0
1949	Q0	116115#4	0
1950	Q0	73852#0	1
1950	Q0	73852#1	1
1950	Q0	73852#9	1
1950	Q0	37862#0	1
1950	Q0	73852#4	0
1950	Q0	48292#4	0
1950	Q0	18999#3	0
1950	Q0	73852#2	0
1950	Q0	73852#5	0
1950	Q0	1480427#2	0
1950	Q0	617507#0	0
1952	Q0	709158#1	1
1952	Q0	709158#0	1
1952	Q0	709158#2	0
1952	Q0	709158#4	0
1952	Q0	161939#0	0
1952	Q0	1358580#1	0
1952	Q0	1007663#1	0
1952	Q0	315296#1	0
1952	Q0	1313628#1	0
1952	Q0	1346689#2	0
1953	Q0	9468#3	1
1953	Q0	9468#0	1
1953	Q0	9468#9	0
1953	Q0	9468#7	0
1953	Q0	9468#4	0
1953	Q0	9468#11	0
1953	Q0	9468#26	0
1953	Q0	9468#13	0
1953	Q0	9468#8	0
1953	Q0	9468#6	0
1953	Q0	35874#0	0
1954	Q0	61035#0	1
1954	Q0	71083#0	1
1954	Q0	61034#0	0
1954	Q0	13525#2	0
1954	Q0	13525#31	0
1954	Q0	274424#2	0
1954	Q0	98366#40	0
1954	Q0	1195694#0	0
1954	Q0	198501#1	0
1954	Q0	1018622#3	0
1955	Q0	9110#5	1
1955	Q0	280214#4	0
1955	Q0	23717#5	0
1955	Q0	389791#2	0
1955	Q0	95439#19	0
1955	Q0	1052836#1	0
1955	Q0	6774#8	0
1955	Q0	148538#1	0
1955	Q0	1258473#1	0
1955	Q0	9110#6	0
1956	Q0	220693#0	1
1956	Q0	100472#0	1
1956	Q0	100472#3	0
1956	Q0	1177496#1	0
1956	Q0	576836#29	0
1956	Q0	166936#2	0
1956	Q0	15579#4	0
1956	Q0	1283284#0	0
1956	Q0	308882#1	0
1956	Q0	1159077#0	0
1957	Q0	647221#3	1
1957	Q0	20843#0	1
1957	Q0	20843#15	0
1957	Q0	413284#0	0
1957	Q0	581157#1	0
1957	Q0	412367#0	0
1957	Q0	334354#0	0
1957	Q0	257800#0	0
1957	Q0	862993#0	0
1957	Q0	19061#4	0
1958	Q0	392#0	1
1958	Q0	323874#0	0
1958	Q0	113116#1	0
1958	Q0	100053#1	0
1958	Q0	392#45	0
1958	Q0	392#39	0
1958	Q0	118363#0	0
1958	Q0	124889#0	0
1958	Q0	397626#0	0
1958	Q0	124838#3	0
1959	Q0	538223#0	1
1959	Q0	538223#11	0
1959	Q0	538223#4	0
1959	Q0	538223#2	0
1959	Q0	538223#12	0
1959	Q0	538223#1	0
1959	Q0	538223#3	0
1959	Q0	538223#6	0
1959	Q0	538223#10	0
1959	Q0	538223#9	0
1960	Q0	89798#1	1
1960	Q0	89798#10	0
1960	Q0	190895#0	0
1960	Q0	1475531#0	0
1960	Q0	769172#8	0
1960	Q0	806315#0	0
1960	Q0	1276611#1	0
1960	Q0	30734#4	0
1960	Q0	358721#0	0
1960	Q0	789212#3	0
1960	Q0	46#17	0
1961	Q0	6220#45	1
1961	Q0	6220#0	0
1961	Q0	6220#21	0
1961	Q0	6220#14	0
1961	Q0	6220#31	0
1961	Q0	6220#15	0
1961	Q0	6220#23	0
1961	Q0	6220#5	0
1961	Q0	6220#12	0
1961	Q0	209083#1	0
1961	Q0	710157#0	0
1962	Q0	140994#0	1
1962	Q0	8428#8	1
1962	Q0	1319905#1	0
1962	Q0	171840#1	0
1962	Q0	140994#2	0
1962	Q0	234661#0	0
1962	Q0	1319905#7	0
1962	Q0	856453#1	0
1962	Q0	1319907#4	0
1962	Q0	924620#2	0
1963	Q0	59217#0	1
1963	Q0	890604#0	1
1963	Q0	1335318#0	0
1963	Q0	1335316#0	0
1963	Q0	1335319#0	0
1963	Q0	844491#1	0
1963	Q0	512662#0	0
1963	Q0	1257500#1	0
1963	Q0	20100#1	0
1963	Q0	21839#2	0
1964	Q0	61760#0	1
1964	Q0	61760#2	0
1964	Q0	1157031#1	0
1964	Q0	745798#0	0
1964	Q0	836788#0	0
1964	Q0	781645#1	0
1964	Q0	61760#10	0
1964	Q0	1352305#1	0
1964	Q0	1157031#2	0
1964	Q0	61760#9	0
1965	Q0	142516#0	1
1965	Q0	142516#1	0
1965	Q0	603#2	0
1965	Q0	852#44	0
1965	Q0	377108#10	0
1965	Q0	938494#0	0
1965	Q0	777455#3	0
1965	Q0	128658#44	0
1965	Q0	1039252#1	0
1965	Q0	1103885#1	0
1967	Q0	20053#9	1
1967	Q0	53688#2	1
1967	Q0	20053#11	0
1967	Q0	20053#10	0
1967	Q0	46564#2	0
1967	Q0	83813#9	0
1967	Q0	752679#1	0
1967	Q0	282543#3	0
1967	Q0	1161837#2	0
1967	Q0	1049713#5	0
1968	Q0	812696#1	1
1968	Q0	1164174#1	0
1968	Q0	1040568#1	0
1968	Q0	1149392#1	0
1968	Q0	599950#2	0
1968	Q0	332929#2	0
1968	Q0	1258473#1	0
1968	Q0	1037059#0	0
1968	Q0	917525#1	0
1968	Q0	1436765#10	0
1969	Q0	10874#39	1
1969	Q0	10874#7	1
1969	Q0	10874#29	1
1969	Q0	198994#16	1
1969	Q0	10874#4	1
1969	Q0	10874#5	0
1969	Q0	10874#143	0
1969	Q0	10874#142	0
1969	Q0	10874#60	0
1969	Q0	10874#45	0
1969	Q0	173478#0	0
1970	Q0	184669#1	1
1970	Q0	540#29	1
1970	Q0	1288227#0	1
1970	Q0	141924#0	0
1970	Q0	184669#0	0
1970	Q0	413511#1	0
1970	Q0	1015633#4	0
1970	Q0	200472#31	0
1970	Q0	540#28	0
1970	Q0	52197#0	0
1971	Q0	1092385#1	1
1971	Q0	1092385#12	0
1971	Q0	1092385#6	0
1971	Q0	1092385#9	0
1971	Q0	1092385#7	0
1971	Q0	1092385#10	0
1971	Q0	1092385#13	0
1971	Q0	1092385#4	0
1971	Q0	1092385#15	0
1971	Q0	1092385#16	0
1972	Q0	45931#0	1
1972	Q0	419873#0	0
1972	Q0	45943#8	0
1972	Q0	791766#0	0
1972	Q0	821794#2	0
1972	Q0	821794#4	0
1972	Q0	358180#1	0
1972	Q0	111168#0	0
1972	Q0	560442#4	0
1972	Q0	480267#0	0
1973	Q0	210413#1	1
1973	Q0	6604#2	0
1973	Q0	991331#13	0
1973	Q0	1251876#2	0
1973	Q0	329549#4	0
1973	Q0	1031984#2	0
1973	Q0	1040068#0	0
1973	Q0	439276#1	0
1973	Q0	19078#25	0
1973	Q0	1431014#3	0
1973	Q0	6982#4	0
1974	Q0	182946#1	1
1974	Q0	182946#4	0
1974	Q0	182946#3	0
1974	Q0	182946#0	0
1974	Q0	182946#21	0
1974	Q0	174327#15	0
1974	Q0	182946#2	0
1974	Q0	182946#8	0
1974	Q0	182946#18	0
1974	Q0	182946#5	0
1975	Q0	17095#1	1
1975	Q0	17095#2	0
1975	Q0	17095#0	0
1975	Q0	390219#2	0
1975	Q0	352557#6	0
1975	Q0	17095#6	0
1975	Q0	17095#16	0
1975	Q0	17095#4	0
1975	Q0	17095#17	0
1975	Q0	17095#5	0
1976	Q0	29847#11	1
1976	Q0	74542#7	1
1976	Q0	358987#0	1
1976	Q0	74542#0	1
1976	Q0	5005#3	0
1976	Q0	272831#53	0
1976	Q0	525865#0	0
1976	Q0	74542#16	0
1976	Q0	74542#10	0
1976	Q0	78294#9	0
1978	Q0	725992#1	1
1978	Q0	4994#10	0
1978	Q0	88651#11	0
1978	Q0	61100#9	0
1978	Q0	546760#5	0
1978	Q0	73028#9	0
1978	Q0	1349112#6	0
1978	Q0	4994#1	0
1978	Q0	697418#6	0
1978	Q0	725992#4	0
1978	Q0	216692#14	0
1979	Q0	240714#1	1
1979	Q0	240714#9	0
1979	Q0	240714#5	0
1979	Q0	240714#0	0
1979	Q0	177935#2	0
1979	Q0	240714#10	0
1979	Q0	625463#2	0
1979	Q0	240714#7	0
1979	Q0	592969#3	0
1979	Q0	450745#26	0
1980	Q0	738463#3	1
1980	Q0	738463#0	0
1980	Q0	738463#6	0
1980	Q0	738463#11	0
1980	Q0	1148758#0	0
1980	Q0	1379172#1	0
1980	Q0	16465#1	0
1980	Q0	769599#13	0
1980	Q0	1000627#1	0
1980	Q0	1113087#1	0
1982	Q0	36539#0	1
1982	Q0	17525#27	1
1982	Q0	14163#7	1
1982	Q0	36540#0	1
1982	Q0	443898#2	0
1982	Q0	37390#0	0
1982	Q0	243948#14	0
1982	Q0	443898#0	0
1982	Q0	36540#2	0
1982	Q0	37874#34	0
1983	Q0	73935#0	1
1983	Q0	46165#0	0
1983	Q0	32478#0	0
1983	Q0	19299#0	0
1983	Q0	98119#0	0
1983	Q0	971554#0	0
1983	Q0	832653#0	0
1983	Q0	551428#0	0
1983	Q0	208217#0	0
1983	Q0	971554#14	0
1983	Q0	35044#0	0
1984	Q0	200311#4	1
1984	Q0	8757#22	0
1984	Q0	494212#2	0
1984	Q0	1356788#3	0
1984	Q0	7062#17	0
1984	Q0	829863#1	0
1984	Q0	829863#3	0
1984	Q0	1333861#0	0
1984	Q0	822393#3	0
1984	Q0	184246#0	0
1986	Q0	1359456#16	1
1986	Q0	1359456#0	1
1986	Q0	1359456#3	1
1986	Q0	1359456#7	0
1986	Q0	1359456#12	0
1986	Q0	1359456#13	0
1986	Q0	1359456#1	0
1986	Q0	1359456#9	0
1986	Q0	1359515#5	0
1986	Q0	1359456#8	0
1987	Q0	26992#9	1
1987	Q0	1317963#13	1
1987	Q0	81259#2	1
1987	Q0	81259#8	0
1987	Q0	81259#13	0
1987	Q0	1411194#4	0
1987	Q0	81259#14	0
1987	Q0	377084#3	0
1987	Q0	81259#5	0
1987	Q0	81259#9	0
1987	Q0	1296219#9	0
1988	Q0	14220#10	1
1988	Q0	33830#1	1
1988	Q0	14220#18	0
1988	Q0	14220#2	0
1988	Q0	14220#8	0
1988	Q0	443547#0	0
1988	Q0	14220#17	0
1988	Q0	14220#13	0
1988	Q0	14220#9	0
1988	Q0	572160#2	0
1989	Q0	186611#23	1
1989	Q0	9846#0	1
1989	Q0	232320#1	0
1989	Q0	412305#3	0
1989	Q0	1035818#3	0
1989	Q0	845486#1	0
1989	Q0	1035818#0	0
1989	Q0	126850#6	0
1989	Q0	274500#4	0
1989	Q0	105055#5	0
1990	Q0	988418#1	1
1990	Q0	988418#0	1
1990	Q0	38404#17	1
1990	Q0	1443464#1	0
1990	Q0	856297#1	0
1990	Q0	968787#1	0
1990	Q0	1448136#1	0
1990	Q0	1101532#0	0
1990	Q0	200945#0	0
1990	Q0	256836#0	0
1990	Q0	844491#1	0
1991	Q0	301566#2	1
1991	Q0	55887#0	1
1991	Q0	245554#4	1
1991	Q0	214910#1	0
1991	Q0	498818#33	0
1991	Q0	500162#9	0
1991	Q0	217323#15	0
1991	Q0	138480#0	0
1991	Q0	217323#9	0
1991	Q0	465451#27	0
1992	Q0	12366#0	1
1992	Q0	12366#23	0
1992	Q0	12366#26	0
1992	Q0	12366#11	0
1992	Q0	12366#7	0
1992	Q0	12366#27	0
1992	Q0	12366#18	0
1992	Q0	12366#12	0
1992	Q0	1343649#23	0
1992	Q0	12366#15	0
1993	Q0	1298270#0	1
1993	Q0	969349#0	1
1993	Q0	888875#0	1
1993	Q0	1468922#0	0
1993	Q0	13936#1	0
1993	Q0	1473456#1	0
1993	Q0	240552#0	0
1993	Q0	1036552#1	0
1993	Q0	1439273#2	0
1993	Q0	1408726#2	0
1994	Q0	57553#1	1
1994	Q0	57553#3	1
1994	Q0	1424348#1	0
1994	Q0	55214#0	0
1994	Q0	218501#7	0
1994	Q0	196767#1	0
1994	Q0	1424348#3	0
1994	Q0	84072#0	0
1994	Q0	84072#23	0
1994	Q0	26757#0	0
1995	Q0	574170#1	1
1995	Q0	517171#0	0
1995	Q0	1461779#0	0
1995	Q0	200872#0	0
1995	Q0	1285431#0	0
1995	Q0	1224902#0	0
1995	Q0	97333#1	0
1995	Q0	79937#0	0
1995	Q0	111473#5	0
1995	Q0	176966#0	0
1995	Q0	479986#0	0
1996	Q0	8035#0	1
1996	Q0	8035#17	1
1996	Q0	8035#1	1
1996	Q0	8035#12	1
1996	Q0	145447#0	1
1996	Q0	1339850#0	1
1996	Q0	8035#11	1
1996	Q0	8035#19	1
1996	Q0	245229#1	1
1996	Q0	145447#1	0
1997	Q0	17273#11	1
1997	Q0	24525#4	0
1997	Q0	17273#31	0
1997	Q0	787149#0	0
1997	Q0	1164174#1	0
1997	Q0	1258473#1	0
1997	Q0	148538#1	0
1997	Q0	682918#4	0
1997	Q0	148538#2	0
1997	Q0	749427#1	0
1997	Q0	106748#3	0
1998	Q0	688734#2	1
1998	Q0	688734#0	0
1998	Q0	688734#16	0
1998	Q0	688734#7	0
1998	Q0	688734#6	0
1998	Q0	688734#8	0
1998	Q0	688734#9	0
1998	Q0	688734#10	0
1998	Q0	43026#4	0
1998	Q0	683957#0	0
1999	Q0	52285#2	1
1999	Q0	52285#5	0
1999	Q0	1306713#0	0
1999	Q0	435566#0	0
1999	Q0	407652#2	0
1999	Q0	96205#6	0
1999	Q0	489067#2	0
1999	Q0	52285#0	0
1999	Q0	932748#2	0
1999	Q0	133102#0	0
2000	Q0	1436863#1	1
2000	Q0	10888#1	1
2000	Q0	10888#4	1
2000	Q0	227127#20	0
2000	Q0	425547#0	0
2000	Q0	1184184#1	0
2000	Q0	1404121#1	0
2000	Q0	1481310#73	0
2000	Q0	365266#2	0
2000	Q0	1092117#1	0
2001	Q0	13711#0	1
2001	Q0	18288#1	1
2001	Q0	1441705#1	0
2001	Q0	18288#26	0
2001	Q0	13711#2	0
2001	Q0	1446738#9	0
2001	Q0	1448345#2	0
2001	Q0	18288#0	0
2001	Q0	1368828#2	0
2001	Q0	341498#12	0
2002	Q0	463035#2	1
2002	Q0	463035#0	0
2002	Q0	463035#4	0
2002	Q0	463035#20	0
2002	Q0	463035#5	0
2002	Q0	463035#27	0
2002	Q0	463035#18	0
2002	Q0	463035#26	0
2002	Q0	463035#6	0
2002	Q0	752552#0	0
2002	Q0	463035#1	0
2003	Q0	133440#1	1
2003	Q0	133440#0	1
2003	Q0	133440#7	0
2003	Q0	472327#15	0
2003	Q0	1451229#4	0
2003	Q0	1451229#0	0
2003	Q0	1401593#0	0
2003	Q0	1451229#6	0
2003	Q0	1451229#5	0
2003	Q0	1011291#0	0
2005	Q0	1170182#1	1
2005	Q0	1170182#0	1
2005	Q0	1170182#4	1
2005	Q0	1170182#2	0
2005	Q0	1170182#11	0
2005	Q0	1170182#9	0
2005	Q0	1170182#25	0
2005	Q0	1170182#14	0
2005	Q0	1170182#15	0
2005	Q0	1170182#6	0
2006	Q0	444575#19	1
2006	Q0	444575#16	1
2006	Q0	444575#0	1
2006	Q0	444575#20	1
2006	Q0	9849#15	0
2006	Q0	585737#5	0
2006	Q0	531409#0	0
2006	Q0	576832#53	0
2006	Q0	576844#68	0
2006	Q0	444575#4	0
2008	Q0	18662#5	1
2008	Q0	18662#0	0
2008	Q0	1353477#3	0
2008	Q0	86952#10	0
2008	Q0	1135334#0	0
2008	Q0	154039#5	0
2008	Q0	829477#0	0
2008	Q0	18662#1	0
2008	Q0	450748#3	0
2008	Q0	11862#21	0
2009	Q0	146213#0	1
2009	Q0	146213#2	0
2009	Q0	146213#1	0
2009	Q0	332790#1	0
2009	Q0	1365000#1	0
2009	Q0	1392322#1	0
2009	Q0	1193971#2	0
2009	Q0	935888#2	0
2009	Q0	669664#0	0
2009	Q0	1163230#4	0
2010	Q0	105439#0	1
2010	Q0	105439#6	1
2010	Q0	7#18	1
2010	Q0	105439#4	0
2010	Q0	135575#3	0
2010	Q0	732524#2	0
2010	Q0	300601#6	0
2010	Q0	105439#5	0
2010	Q0	105439#3	0
2010	Q0	38744#0	0
2010	Q0	885258#1	0
2011	Q0	75#12	1
2011	Q0	75#15	1
2011	Q0	367216#78	0
2011	Q0	75#85	0
2011	Q0	367216#80	0
2011	Q0	241#14	0
2011	Q0	75#23	0
2011	Q0	367216#84	0
2011	Q0	75#17	0
2011	Q0	75#21	0
2013	Q0	1257711#6	1
2013	Q0	1257711#0	1
2013	Q0	1257711#5	0
2013	Q0	1257711#1	0
2013	Q0	1257711#2	0
2013	Q0	1001943#1	0
2013	Q0	1257711#4	0
2013	Q0	1257711#3	0
2013	Q0	1136213#0	0
2013	Q0	1136050#1	0
2014	Q0	982#0	1
2014	Q0	957714#0	0
2014	Q0	982#1	0
2014	Q0	517548#0	0
2014	Q0	982#28	0
2014	Q0	238135#0	0
2014	Q0	844491#1	0
2014	Q0	277640#0	0
2014	Q0	982#69	0
2014	Q0	982#57	0
2015	Q0	1184179#1	1
2015	Q0	1184179#0	1
2015	Q0	507#12	1
2015	Q0	1184174#16	1
2015	Q0	1349646#14	1
2015	Q0	1349646#21	1
2015	Q0	35118#0	1
2015	Q0	1274553#0	1
2015	Q0	1274553#1	1
2015	Q0	35118#9	0
2017	Q0	177616#1	1
2017	Q0	177616#0	0
2017	Q0	660888#2	0
2017	Q0	34817#8	0
2017	Q0	67622#0	0
2017	Q0	80934#14	0
2017	Q0	1111#4	0
2017	Q0	1419824#9	0
2017	Q0	1349112#6	0
2017	Q0	101529#1	0
2018	Q0	38022#0	1
2018	Q0	38022#9	0
2018	Q0	38022#7	0
2018	Q0	38022#2	0
2018	Q0	38022#1	0
2018	Q0	38022#3	0
2018	Q0	446070#1	0
2018	Q0	38022#6	0
2018	Q0	491571#11	0
2018	Q0	443363#11	0
2019	Q0	70463#0	1
2019	Q0	572146#2	0
2019	Q0	479945#0	0
2019	Q0	1128214#0	0
2019	Q0	1316867#40	0
2019	Q0	312021#0	0
2019	Q0	382832#0	0
2019	Q0	410979#0	0
2019	Q0	1124095#0	0
2019	Q0	1213573#0	0
2021	Q0	27539#3	1
2021	Q0	944029#0	1
2021	Q0	27539#0	1
2021	Q0	183227#0	0
2021	Q0	1198051#7	0
2021	Q0	971667#4	0
2021	Q0	12746#4	0
2021	Q0	1361997#0	0
2021	Q0	12746#11	0
2021	Q0	183289#1	0
2021	Q0	1129615#8	0
2023	Q0	186139#0	1
2023	Q0	346922#1	0
2023	Q0	1320610#1	0
2023	Q0	833818#2	0
2023	Q0	377088#1	0
2023	Q0	725907#0	0
2023	Q0	410807#1	0
2023	Q0	842182#0	0
2023	Q0	440569#1	0
2023	Q0	706571#2	0
2023	Q0	380849#0	0
2024	Q0	57583#0	1
2024	Q0	272595#5	1
2024	Q0	272595#0	1
2024	Q0	272598#1	0
2024	Q0	1441912#0	0
2024	Q0	272598#7	0
2024	Q0	5111#36	0
2024	Q0	57583#1	0
2024	Q0	272595#4	0
2024	Q0	568650#1	0
2025	Q0	292708#0	1
2025	Q0	334078#3	0
2025	Q0	106915#0	0
2025	Q0	292708#9	0
2025	Q0	292708#7	0
2025	Q0	106915#2	0
2025	Q0	106915#1	0
2025	Q0	11660#8	0
2025	Q0	292708#1	0
2025	Q0	106668#6	0
2025	Q0	925849#6	0
2026	Q0	742606#10	1
2026	Q0	4615#15	1
2026	Q0	742606#0	1
2026	Q0	1068162#0	0
2026	Q0	1476981#1	0
2026	Q0	761026#0	0
2026	Q0	612835#1	0
2026	Q0	1074681#1	0
2026	Q0	471386#0	0
2026	Q0	742606#6	0
2026	Q0	148538#1	0
2027	Q0	39303#0	1
2027	Q0	39303#1	0
2027	Q0	41886#0	0
2027	Q0	907646#36	0
2027	Q0	230806#0	0
2027	Q0	39669#0	0
2027	Q0	1209679#26	0
2027	Q0	54210#0	0
2027	Q0	380#28	0
2027	Q0	196788#0	0
2028	Q0	55591#0	1
2028	Q0	55591#1	0
2028	Q0	1006133#0	0
2028	Q0	1374810#1	0
2028	Q0	499545#0	0
2028	Q0	925510#2	0
2028	Q0	333946#1	0
2028	Q0	115167#1	0
2028	Q0	333941#1	0
2028	Q0	319439#0	0
2029	Q0	650620#1	1
2029	Q0	650620#2	0
2029	Q0	650620#21	0
2029	Q0	650620#0	0
2029	Q0	650620#23	0
2029	Q0	724195#3	0
2029	Q0	187036#1	0
2029	Q0	1297011#2	0
2029	Q0	650620#17	0
2029	Q0	271789#17	0
2030	Q0	247375#14	1
2030	Q0	247375#1	1
2030	Q0	247375#8	0
2030	Q0	247375#6	0
2030	Q0	247375#13	0
2030	Q0	247375#9	0
2030	Q0	149789#6	0
2030	Q0	247375#2	0
2030	Q0	247375#11	0
2030	Q0	247375#4	0
2031	Q0	84116#1	1
2031	Q0	84116#0	1
2031	Q0	845767#0	0
2031	Q0	1327701#0	0
2031	Q0	1430908#0	0
2031	Q0	1470485#19	0
2031	Q0	46361#0	0
2031	Q0	380#21	0
2031	Q0	1439014#0	0
2031	Q0	421833#0	0
2032	Q0	241900#3	1
2032	Q0	241900#0	1
2032	Q0	1451489#3	0
2032	Q0	241900#4	0
2032	Q0	241900#1	0
2032	Q0	480389#0	0
2032	Q0	480389#2	0
2032	Q0	241900#2	0
2032	Q0	8476#74	0
2032	Q0	470214#107	0
2033	Q0	14289#0	1
2033	Q0	14289#2	0
2033	Q0	14289#9	0
2033	Q0	14289#1	0
2033	Q0	14289#6	0
2033	Q0	14289#8	0
2033	Q0	309598#1	0
2033	Q0	214860#0	0
2033	Q0	299719#12	0
2033	Q0	617935#0	0
2034	Q0	25087#3	1
2034	Q0	25087#0	1
2034	Q0	640309#1	0
2034	Q0	25087#1	0
2034	Q0	25087#4	0
2034	Q0	25087#16	0
2034	Q0	352097#1	0
2034	Q0	51185#0	0
2034	Q0	470913#1	0
2034	Q0	303967#1	0
2035	Q0	1450599#2	1
2035	Q0	1450599#10	1
2035	Q0	1450599#9	0
2035	Q0	1450599#13	0
2035	Q0	198101#4	0
2035	Q0	224088#5	0
2035	Q0	1450599#0	0
2035	Q0	1287318#0	0
2035	Q0	224088#3	0
2035	Q0	1292467#7	0
2036	Q0	225371#0	1
2036	Q0	856413#8	0
2036	Q0	7410#4	0
2036	Q0	55099#39	0
2036	Q0	211643#7	0
2036	Q0	225371#1	0
2036	Q0	32172#13	0
2036	Q0	201114#3	0
2036	Q0	7410#55	0
2036	Q0	602552#0	0
2040	Q0	14011#1	1
2040	Q0	14011#7	0
2040	Q0	54372#2	0
2040	Q0	186428#21	0
2040	Q0	360662#3	0
2040	Q0	311183#0	0
2040	Q0	185739#7	0
2040	Q0	386767#0	0
2040	Q0	14011#17	0
2040	Q0	1161408#1	0
2041	Q0	7985#16	1
2041	Q0	275508#6	1
2041	Q0	7985#11	0
2041	Q0	7985#1	0
2041	Q0	652938#3	0
2041	Q0	7985#14	0
2041	Q0	7985#17	0
2041	Q0	7985#19	0
2041	Q0	258#5	0
2041	Q0	652938#21	0
2042	Q0	72772#0	1
2042	Q0	72772#11	1
2042	Q0	72772#14	1
2042	Q0	72772#9	1
2042	Q0	72772#8	1
2042	Q0	72772#13	0
2042	Q0	72772#2	0
2042	Q0	72772#3	0
2042	Q0	72772#12	0
2042	Q0	72772#10	0
2043	Q0	1008#3	1
2043	Q0	139479#0	1
2043	Q0	527054#0	0
2043	Q0	1067073#11	0
2043	Q0	978752#0	0
2043	Q0	20438#9	0
2043	Q0	7827#4	0
2043	Q0	64930#0	0
2043	Q0	1008#5	0
2043	Q0	1065#10	0
2043	Q0	95521#0	0
2044	Q0	32446#0	1
2044	Q0	32446#6	0
2044	Q0	32446#2	0
2044	Q0	32446#9	0
2044	Q0	32446#1	0
2044	Q0	32446#7	0
2044	Q0	34110#4	0
2044	Q0	32446#8	0
2044	Q0	32446#3	0
2044	Q0	640376#0	0
2045	Q0	1340697#0	1
2045	Q0	347517#11	0
2045	Q0	82343#0	0
2045	Q0	13663#3	0
2045	Q0	90953#10	0
2045	Q0	64842#6	0
2045	Q0	82332#17	0
2045	Q0	82343#11	0
2045	Q0	82332#6	0
2045	Q0	739#0	0
2045	Q0	864915#29	0
2046	Q0	519#0	1
2046	Q0	519#15	0
2046	Q0	290903#0	0
2046	Q0	1274773#1	0
2046	Q0	519#2	0
2046	Q0	770047#0	0
2046	Q0	1453419#0	0
2046	Q0	1354814#0	0
2046	Q0	1190206#0	0
2046	Q0	986828#0	0
2047	Q0	3768#0	1
2047	Q0	838871#3	1
2047	Q0	3768#7	0
2047	Q0	3768#1	0
2047	Q0	367216#68	0
2047	Q0	3768#10	0
2047	Q0	3768#5	0
2047	Q0	1088571#0	0
2047	Q0	3768#6	0
2047	Q0	274152#2	0
2048	Q0	4639#86	1
2048	Q0	422613#0	1
2048	Q0	378666#2	0
2048	Q0	150444#14	0
2048	Q0	6285#15	0
2048	Q0	4639#0	0
2048	Q0	4639#13	0
2048	Q0	106#0	0
2048	Q0	481497#26	0
2048	Q0	1268642#0	0
2048	Q0	6336#12	0
2049	Q0	4905#0	1
2049	Q0	1096628#3	1
2049	Q0	4905#3	1
2049	Q0	4905#13	1
2049	Q0	995683#0	0
2049	Q0	4905#14	0
2049	Q0	4905#7	0
2049	Q0	4905#6	0
2049	Q0	4905#11	0
2049	Q0	4905#4	0
2051	Q0	23366#33	1
2051	Q0	23366#0	1
2051	Q0	23366#28	0
2051	Q0	1356592#1	0
2051	Q0	4668#26	0
2051	Q0	103500#26	0
2051	Q0	480#7	0
2051	Q0	547767#5	0
2051	Q0	23366#12	0
2051	Q0	23366#46	0
2052	Q0	30030#3	1
2052	Q0	30030#0	1
2052	Q0	1049276#8	1
2052	Q0	30030#9	0
2052	Q0	26193#2	0
2052	Q0	469700#0	0
2052	Q0	30030#1	0
2052	Q0	30030#19	0
2052	Q0	30030#10	0
2052	Q0	993467#3	0
2054	Q0	266359#0	1
2054	Q0	9285#0	0
2054	Q0	266359#2	0
2054	Q0	57856#10	0
2054	Q0	952117#0	0
2054	Q0	57856#0	0
2054	Q0	20345#0	0
2054	Q0	1402913#3	0
2054	Q0	355337#0	0
2054	Q0	952117#1	0
2055	Q0	295930#3	1
2055	Q0	1483669#0	1
2055	Q0	295930#17	1
2055	Q0	295930#10	0
2055	Q0	295930#27	0
2055	Q0	295930#9	0
2055	Q0	57568#9	0
2055	Q0	295930#38	0
2055	Q0	295930#23	0
2055	Q0	26226#10	0
2055	Q0	295930#29	0
2056	Q0	43234#0	1
2056	Q0	1250#0	0
2056	Q0	390150#0	0
2056	Q0	109322#0	0
2056	Q0	390150#1	0
2056	Q0	43234#4	0
2056	Q0	42874#1	0
2056	Q0	980765#8	0
2056	Q0	31518#13	0
2056	Q0	104658#0	0
2057	Q0	40405#0	1
2057	Q0	1419824#12	1
2057	Q0	1418681#5	1
2057	Q0	40405#20	0
2057	Q0	208#59	0
2057	Q0	40405#3	0
2057	Q0	40405#1	0
2057	Q0	1030600#1	0
2057	Q0	40405#4	0
2057	Q0	558086#2	0
2057	Q0	40405#15	0
2058	Q0	1092471#0	1
2058	Q0	1092471#1	0
2058	Q0	1092471#12	0
2058	Q0	1092471#3	0
2058	Q0	1092471#5	0
2058	Q0	130940#1	0
2058	Q0	1092471#10	0
2058	Q0	852346#0	0
2058	Q0	1092471#13	0
2058	Q0	1092471#4	0
2059	Q0	30804#0	1
2059	Q0	30804#6	0
2059	Q0	24094#8	0
2059	Q0	706882#3	0
2059	Q0	1076053#5	0
2059	Q0	30804#10	0
2059	Q0	30804#9	0
2059	Q0	30804#12	0
2059	Q0	30804#5	0
2059	Q0	24682#5	0
2060	Q0	2950#42	1
2060	Q0	671665#7	0
2060	Q0	1463699#0	0
2060	Q0	11051#0	0
2060	Q0	47191#0	0
2060	Q0	2950#15	0
2060	Q0	1068601#38	0
2060	Q0	160219#0	0
2060	Q0	1431977#1	0
2060	Q0	46464#1	0
2060	Q0	19083#2	0
2062	Q0	290903#1	1
2062	Q0	1463490#1	0
2062	Q0	290903#0	0
2062	Q0	290903#2	0
2062	Q0	1490188#1	0
2062	Q0	78533#1	0
2062	Q0	1344706#0	0
2062	Q0	290903#5	0
2062	Q0	1381579#0	0
2062	Q0	545461#0	0
2063	Q0	284897#0	1
2063	Q0	756817#0	0
2063	Q0	1150029#0	0
2063	Q0	907076#0	0
2063	Q0	11446#0	0
2063	Q0	1354707#1	0
2063	Q0	187956#0	0
2063	Q0	1354707#0	0
2063	Q0	238013#0	0
2063	Q0	1422381#0	0
2064	Q0	9337#18	1
2064	Q0	92839#13	0
2064	Q0	373905#0	0
2064	Q0	1440845#0	0
2064	Q0	36736#1	0
2064	Q0	1368318#8	0
2064	Q0	714429#1	0
2064	Q0	1435459#0	0
2064	Q0	491071#8	0
2064	Q0	491071#0	0
2064	Q0	1032800#1	0
2065	Q0	62702#0	1
2065	Q0	765096#0	1
2065	Q0	217#0	1
2065	Q0	1275943#0	0
2065	Q0	1432703#1	0
2065	Q0	229569#0	0
2065	Q0	1065784#0	0
2065	Q0	23540#8	0
2065	Q0	351415#0	0
2065	Q0	136183#0	0
2065	Q0	864946#0	0
2066	Q0	367575#0	1
2066	Q0	367575#7	0
2066	Q0	367575#5	0
2066	Q0	1020664#0	0
2066	Q0	367575#6	0
2066	Q0	367575#1	0
2066	Q0	367575#4	0
2066	Q0	1191159#0	0
2066	Q0	799978#0	0
2066	Q0	785343#3	0
2067	Q0	17612#33	1
2067	Q0	240407#0	1
2067	Q0	240407#13	1
2067	Q0	141696#13	1
2067	Q0	23632#0	1
2067	Q0	240407#1	0
2067	Q0	443924#2	0
2067	Q0	1022723#2	0
2067	Q0	240437#0	0
2067	Q0	127877#7	0
2067	Q0	23632#59	0
2068	Q0	32947#0	1
2068	Q0	32952#0	0
2068	Q0	367662#0	0
2068	Q0	32952#14	0
2068	Q0	32947#1	0
2068	Q0	32947#8	0
2068	Q0	32952#3	0
2068	Q0	32947#7	0
2068	Q0	360085#0	0
2068	Q0	175827#2	0
2069	Q0	104313#3	1
2069	Q0	104313#9	1
2069	Q0	104313#5	1
2069	Q0	1330366#7	0
2069	Q0	618632#0	0
2069	Q0	104313#0	0
2069	Q0	333946#1	0
2069	Q0	1128899#0	0
2069	Q0	302199#2	0
2069	Q0	265932#0	0
2069	Q0	38459#1	0
2069	Q0	71878#1	0
2069	Q0	266199#0	0
2069	Q0	104313#6	0
2069	Q0	104313#4	0
2069	Q0	104313#11	0
2069	Q0	104313#7	0
2069	Q0	104313#12	0
2069	Q0	104313#2	0
2070	Q0	261431#0	1
2070	Q0	5285#60	1
2070	Q0	35388#1	1
2070	Q0	261431#2	1
2070	Q0	5285#62	0
2070	Q0	5285#12	0
2070	Q0	182239#6	0
2070	Q0	5285#29	0
2070	Q0	166936#39	0
2070	Q0	261431#1	0
2071	Q0	31997#1	1
2071	Q0	31997#4	0
2071	Q0	31997#8	0
2071	Q0	33453#9	0
2071	Q0	31997#5	0
2071	Q0	31997#0	0
2071	Q0	31997#6	0
2071	Q0	1119013#3	0
2071	Q0	1119013#1	0
2071	Q0	31997#2	0
2074	Q0	6354#5	1
2074	Q0	6354#0	1
2074	Q0	352097#1	0
2074	Q0	6354#25	0
2074	Q0	359100#0	0
2074	Q0	6354#3	0
2074	Q0	37488#2	0
2074	Q0	57418#1	0
2074	Q0	6354#7	0
2074	Q0	207838#1	0
2076	Q0	4764#1	1
2076	Q0	9242#0	1
2076	Q0	160421#19	0
2076	Q0	880513#21	0
2076	Q0	26633#11	0
2076	Q0	9546#3	0
2076	Q0	1228055#4	0
2076	Q0	5300#0	0
2076	Q0	251691#24	0
2076	Q0	1029#7	0
2076	Q0	5300#32	0
2077	Q0	939295#1	1
2077	Q0	811866#0	0
2077	Q0	214550#2	0
2077	Q0	1257498#0	0
2077	Q0	283499#0	0
2077	Q0	1346976#1	0
2077	Q0	433238#0	0
2077	Q0	1287090#0	0
2077	Q0	585665#0	0
2077	Q0	996130#1	0
2078	Q0	585661#10	1
2078	Q0	130264#1	0
2078	Q0	1258473#1	0
2078	Q0	1430573#1	0
2078	Q0	648231#2	0
2078	Q0	45127#2	0
2078	Q0	96166#16	0
2078	Q0	50887#5	0
2078	Q0	902859#0	0
2078	Q0	602135#1	0
2078	Q0	955444#5	0
2079	Q0	79624#0	1
2079	Q0	1137802#0	0
2079	Q0	79624#5	0
2079	Q0	240263#0	0
2079	Q0	80783#24	0
2079	Q0	79624#4	0
2079	Q0	555536#0	0
2079	Q0	79624#6	0
2079	Q0	79624#8	0
2079	Q0	454463#6	0
2079	Q0	79624#1	0
2081	Q0	758291#3	1
2081	Q0	143472#17	1
2081	Q0	143472#0	1
2081	Q0	143472#1	1
2081	Q0	23892#15	1
2081	Q0	23892#17	1
2081	Q0	23892#22	1
2081	Q0	143472#25	1
2081	Q0	143472#23	1
2081	Q0	23892#0	1
2081	Q0	1331133#0	0
2082	Q0	599720#14	1
2082	Q0	599720#0	1
2082	Q0	599720#2	0
2082	Q0	599720#7	0
2082	Q0	599720#13	0
2082	Q0	599720#12	0
2082	Q0	599720#10	0
2082	Q0	1189678#59	0
2082	Q0	599720#11	0
2082	Q0	599720#9	0
2083	Q0	1304420#0	1
2083	Q0	1304420#5	0
2083	Q0	1019018#1	0
2083	Q0	1304420#2	0
2083	Q0	79479#0	0
2083	Q0	1304420#3	0
2083	Q0	770976#0	0
2083	Q0	1304420#4	0
2083	Q0	1019018#0	0
2083	Q0	1304420#1	0
2084	Q0	554084#0	1
2084	Q0	884571#0	1
2084	Q0	554084#5	0
2084	Q0	554084#1	0
2084	Q0	554084#8	0
2084	Q0	554084#4	0
2084	Q0	554084#3	0
2084	Q0	293663#0	0
2084	Q0	554084#7	0
2084	Q0	554084#2	0
2085	Q0	885386#1	1
2085	Q0	885386#2	0
2085	Q0	1026894#2	0
2085	Q0	1291138#1	0
2085	Q0	799216#1	0
2085	Q0	1292355#1	0
2085	Q0	1289482#1	0
2085	Q0	709790#2	0
2085	Q0	1289494#1	0
2085	Q0	1299096#1	0
2087	Q0	401731#6	1
2087	Q0	401731#0	1
2087	Q0	1044776#13	0
2087	Q0	401731#7	0
2087	Q0	401731#3	0
2087	Q0	369748#2	0
2087	Q0	401731#1	0
2087	Q0	401731#5	0
2087	Q0	101297#4	0
2087	Q0	418369#2	0
2088	Q0	34654#3	1
2088	Q0	481601#4	0
2088	Q0	1258473#1	0
2088	Q0	145195#0	0
2088	Q0	50887#5	0
2088	Q0	428327#0	0
2088	Q0	376784#2	0
2088	Q0	55019#1	0
2088	Q0	902859#0	0
2088	Q0	55019#3	0
2088	Q0	286760#0	0
2089	Q0	5518#1	1
2089	Q0	124797#15	1
2089	Q0	59246#5	1
2089	Q0	50284#10	0
2089	Q0	1251895#5	0
2089	Q0	5518#0	0
2089	Q0	50284#0	0
2089	Q0	59246#4	0
2089	Q0	124039#1	0
2089	Q0	1427387#8	0
2092	Q0	914386#2	1
2092	Q0	1041145#0	1
2092	Q0	7#5	1
2092	Q0	20053#3	0
2092	Q0	1450874#0	0
2092	Q0	753241#2	0
2092	Q0	953068#0	0
2092	Q0	815662#4	0
2092	Q0	146169#2	0
2092	Q0	867713#13	0
2093	Q0	195691#0	1
2093	Q0	195691#5	1
2093	Q0	195691#12	0
2093	Q0	195691#4	0
2093	Q0	195691#3	0
2093	Q0	195691#9	0
2093	Q0	195691#14	0
2093	Q0	195691#13	0
2093	Q0	195691#7	0
2093	Q0	195691#1	0
2094	Q0	1217968#6	1
2094	Q0	1217968#14	1
2094	Q0	1217968#13	1
2094	Q0	1217968#15	1
2094	Q0	1217968#4	1
2094	Q0	1217968#17	0
2094	Q0	1217968#12	0
2094	Q0	1217968#7	0
2094	Q0	1217968#10	0
2094	Q0	1217968#11	0
2094	Q0	457929#0	0
2095	Q0	8476#18	1
2095	Q0	8466#3	0
2095	Q0	8476#20	0
2095	Q0	8476#36	0
2095	Q0	8631#4	0
2095	Q0	10375#7	0
2095	Q0	8476#29	0
2095	Q0	8476#47	0
2095	Q0	8461#12	0
2095	Q0	440493#0	0
2096	Q0	129956#1	1
2096	Q0	164800#1	0
2096	Q0	344187#2	0
2096	Q0	129956#15	0
2096	Q0	344187#5	0
2096	Q0	344187#8	0
2096	Q0	1490395#6	0
2096	Q0	344187#0	0
2096	Q0	1490395#1	0
2096	Q0	344187#4	0
2096	Q0	1384355#1	0
2097	Q0	523000#0	1
2097	Q0	523000#1	0
2097	Q0	523000#2	0
2097	Q0	772580#1	0
2097	Q0	1062948#0	0
2097	Q0	25771#3	0
2097	Q0	1141183#0	0
2097	Q0	15131#6	0
2097	Q0	680869#14	0
2097	Q0	1070125#1	0
2098	Q0	446179#0	1
2098	Q0	14078#1	1
2098	Q0	1464126#4	0
2098	Q0	925510#4	0
2098	Q0	210657#0	0
2098	Q0	119588#3	0
2098	Q0	14078#13	0
2098	Q0	23815#3	0
2098	Q0	1199594#0	0
2098	Q0	825104#0	0
2098	Q0	14078#6	0
2099	Q0	1305035#0	1
2099	Q0	783763#5	1
2099	Q0	1304346#0	1
2099	Q0	1305035#4	0
2099	Q0	1304379#0	0
2099	Q0	8475#0	0
2099	Q0	1285010#17	0
2099	Q0	1304346#4	0
2099	Q0	1304164#0	0
2099	Q0	8475#14	0
2100	Q0	1023911#0	1
2100	Q0	96674#11	1
2100	Q0	4907#0	1
2100	Q0	55562#2	0
2100	Q0	1023911#7	0
2100	Q0	1123#3	0
2100	Q0	1023911#8	0
2100	Q0	961825#0	0
2100	Q0	1023911#6	0
2100	Q0	158470#0	0
2100	Q0	866284#0	0
2101	Q0	187581#2	1
2101	Q0	187581#6	1
2101	Q0	187581#9	0
2101	Q0	187581#12	0
2101	Q0	187581#7	0
2101	Q0	117552#2	0
2101	Q0	1300271#0	0
2101	Q0	187581#10	0
2101	Q0	187581#4	0
2101	Q0	1186185#0	0
2102	Q0	1325634#0	1
2102	Q0	71567#5	0
2102	Q0	898301#4	0
2102	Q0	1325634#1	0
2102	Q0	861573#0	0
2102	Q0	1165973#0	0
2102	Q0	142680#0	0
2102	Q0	421976#0	0
2102	Q0	1018412#0	0
2102	Q0	752326#5	0
2103	Q0	101618#0	1
2103	Q0	101618#2	1
2103	Q0	101618#11	0
2103	Q0	101618#5	0
2103	Q0	101618#3	0
2103	Q0	101618#9	0
2103	Q0	101618#13	0
2103	Q0	860809#0	0
2103	Q0	101618#1	0
2103	Q0	101618#4	0
2104	Q0	519021#0	1
2104	Q0	519021#4	1
2104	Q0	519021#2	0
2104	Q0	519021#7	0
2104	Q0	519021#11	0
2104	Q0	748703#0	0
2104	Q0	519021#9	0
2104	Q0	519021#1	0
2104	Q0	519021#12	0
2104	Q0	123143#3	0
2105	Q0	429263#0	1
2105	Q0	429263#8	0
2105	Q0	429263#1	0
2105	Q0	429263#6	0
2105	Q0	429263#4	0
2105	Q0	429263#5	0
2105	Q0	429263#2	0
2105	Q0	535601#4	0
2105	Q0	429263#3	0
2105	Q0	429263#7	0
2106	Q0	132313#0	1
2106	Q0	132313#1	1
2106	Q0	132313#3	0
2106	Q0	132313#12	0
2106	Q0	132313#8	0
2106	Q0	132313#15	0
2106	Q0	132313#7	0
2106	Q0	132313#6	0
2106	Q0	132313#2	0
2106	Q0	132313#9	0
2107	Q0	708187#1	1
2107	Q0	708187#0	1
2107	Q0	708187#5	0
2107	Q0	708187#3	0
2107	Q0	708187#19	0
2107	Q0	708187#2	0
2107	Q0	708187#20	0
2107	Q0	87318#1	0
2107	Q0	708187#14	0
2107	Q0	708187#8	0
2108	Q0	1374240#1	1
2108	Q0	1374240#0	1
2108	Q0	124623#2	0
2108	Q0	1374240#2	0
2108	Q0	1374240#7	0
2108	Q0	1374240#8	0
2108	Q0	1374240#12	0
2108	Q0	258026#1	0
2108	Q0	1374240#5	0
2108	Q0	1374240#4	0
2109	Q0	1251812#1	1
2109	Q0	1251812#2	0
2109	Q0	1027136#5	0
2109	Q0	1251812#5	0
2109	Q0	151161#5	0
2109	Q0	1027136#4	0
2109	Q0	1027136#9	0
2109	Q0	1027136#3	0
2109	Q0	932486#0	0
2109	Q0	1050377#3	0
2110	Q0	52288#0	1
2110	Q0	52288#1	0
2110	Q0	60898#0	0
2110	Q0	52288#6	0
2110	Q0	52288#2	0
2110	Q0	52288#8	0
2110	Q0	52288#4	0
2110	Q0	26778#1	0
2110	Q0	370829#1	0
2110	Q0	52288#7	0
2111	Q0	1422438#7	1
2111	Q0	48073#4	1
2111	Q0	1422438#6	1
2111	Q0	1422438#5	1
2111	Q0	385918#2	1
2111	Q0	1422438#4	1
2111	Q0	114477#11	0
2111	Q0	1322194#7	0
2111	Q0	89604#32	0
2111	Q0	683380#1	0
2111	Q0	48073#1	0
2112	Q0	97152#3	1
2112	Q0	97152#1	0
2112	Q0	97152#0	0
2112	Q0	97152#4	0
2112	Q0	227457#1	0
2112	Q0	60156#0	0
2112	Q0	26185#1	0
2112	Q0	625219#0	0
2112	Q0	729118#1	0
2112	Q0	48671#5	0
2113	Q0	7639#7	1
2113	Q0	1242#64	1
2113	Q0	7639#3	1
2113	Q0	17801#14	0
2113	Q0	7693#4	0
2113	Q0	697529#4	0
2113	Q0	392590#4	0
2113	Q0	375#33	0
2113	Q0	1029801#4	0
2113	Q0	1484096#3	0
2113	Q0	707474#17	0
2114	Q0	260761#23	1
2114	Q0	260761#22	1
2114	Q0	260761#26	1
2114	Q0	1289727#0	0
2114	Q0	260761#28	0
2114	Q0	737054#0	0
2114	Q0	198645#0	0
2114	Q0	260761#19	0
2114	Q0	157336#2	0
2114	Q0	1192777#1	0
2116	Q0	8967#3	1
2116	Q0	5893#2	1
2116	Q0	673788#0	0
2116	Q0	381695#0	0
2116	Q0	673788#17	0
2116	Q0	9131#2	0
2116	Q0	160620#0	0
2116	Q0	292868#1	0
2116	Q0	306675#0	0
2116	Q0	1299382#2	0
2117	Q0	28752#15	1
2117	Q0	28752#16	1
2117	Q0	28752#13	0
2117	Q0	28752#29	0
2117	Q0	28752#4	0
2117	Q0	28752#22	0
2117	Q0	28752#18	0
2117	Q0	28752#12	0
2117	Q0	295837#0	0
2117	Q0	28752#32	0
2118	Q0	7985#1	1
2118	Q0	273858#1	1
2118	Q0	7985#92	0
2118	Q0	71496#126	0
2118	Q0	290398#5	0
2118	Q0	7985#20	0
2118	Q0	7985#25	0
2118	Q0	7985#88	0
2118	Q0	7985#21	0
2118	Q0	7985#39	0
2120	Q0	1418156#2	1
2120	Q0	1418156#1	1
2120	Q0	1418156#9	1
2120	Q0	1418156#4	1
2120	Q0	1418156#5	0
2120	Q0	852069#5	0
2120	Q0	65645#17	0
2120	Q0	723061#2	0
2120	Q0	642061#3	0
2120	Q0	18237#10	0
2122	Q0	37805#0	1
2122	Q0	37805#2	0
2122	Q0	609135#0	0
2122	Q0	511128#0	0
2122	Q0	193086#0	0
2122	Q0	1315162#0	0
2122	Q0	1176320#0	0
2122	Q0	1478609#0	0
2122	Q0	37805#3	0
2122	Q0	1283534#0	0
2123	Q0	174571#1	1
2123	Q0	174571#0	1
2123	Q0	964879#0	0
2123	Q0	1486062#4	0
2123	Q0	57568#9	0
2123	Q0	102447#12	0
2123	Q0	129837#15	0
2123	Q0	964879#2	0
2123	Q0	20552#11	0
2123	Q0	964879#4	0
2125	Q0	174954#1	1
2125	Q0	174954#0	0
2125	Q0	162517#0	0
2125	Q0	242970#1	0
2125	Q0	1130802#1	0
2125	Q0	188314#3	0
2125	Q0	174954#3	0
2125	Q0	47758#4	0
2125	Q0	423230#5	0
2125	Q0	190582#23	0
2126	Q0	14299#1	1
2126	Q0	13180#13	1
2126	Q0	1412244#2	0
2126	Q0	14299#41	0
2126	Q0	4992#3	0
2126	Q0	1439695#3	0
2126	Q0	141719#2	0
2126	Q0	74172#5	0
2126	Q0	1413655#1	0
2126	Q0	58594#45	0
2127	Q0	272#1	1
2127	Q0	272#22	1
2127	Q0	272#20	0
2127	Q0	11466#0	0
2127	Q0	272#18	0
2127	Q0	11466#10	0
2127	Q0	11466#9	0
2127	Q0	268379#49	0
2127	Q0	123540#3	0
2127	Q0	272#40	0
2128	Q0	20652#11	1
2128	Q0	20652#0	1
2128	Q0	20652#6	0
2128	Q0	351693#2	0
2128	Q0	20652#7	0
2128	Q0	20652#1	0
2128	Q0	334382#2	0
2128	Q0	20652#5	0
2128	Q0	20652#4	0
2128	Q0	20652#3	0
2129	Q0	978700#1	1
2129	Q0	978700#0	1
2129	Q0	596236#1	0
2129	Q0	744106#1	0
2129	Q0	791563#1	0
2129	Q0	1192995#1	0
2129	Q0	596246#1	0
2129	Q0	353997#1	0
2129	Q0	1201835#1	0
2129	Q0	1192261#1	0
2130	Q0	625088#0	1
2130	Q0	26886#3	1
2130	Q0	1078867#0	0
2130	Q0	239425#0	0
2130	Q0	625088#3	0
2130	Q0	27002#14	0
2130	Q0	402123#1	0
2130	Q0	5845#5	0
2130	Q0	1242#0	0
2130	Q0	706943#12	0
2130	Q0	4497#0	0
2131	Q0	26883#1	1
2131	Q0	26883#0	1
2131	Q0	26883#2	0
2131	Q0	26883#14	0
2131	Q0	1144054#1	0
2131	Q0	26883#3	0
2131	Q0	26883#9	0
2131	Q0	26883#10	0
2131	Q0	26883#4	0
2131	Q0	26883#12	0
2132	Q0	263621#1	1
2132	Q0	791630#2	1
2132	Q0	263621#0	0
2132	Q0	290#1	0
2132	Q0	263621#6	0
2132	Q0	263621#7	0
2132	Q0	263621#3	0
2132	Q0	113735#1	0
2132	Q0	159078#1	0
2132	Q0	263621#2	0
2133	Q0	6720#0	1
2133	Q0	6720#3	1
2133	Q0	1194769#8	1
2133	Q0	6720#2	0
2133	Q0	6720#10	0
2133	Q0	6720#24	0
2133	Q0	6720#13	0
2133	Q0	6720#15	0
2133	Q0	1252439#2	0
2133	Q0	6720#8	0
2135	Q0	104997#5	1
2135	Q0	560225#11	1
2135	Q0	104997#6	0
2135	Q0	42217#5	0
2135	Q0	5821#10	0
2135	Q0	560225#8	0
2135	Q0	560225#7	0
2135	Q0	560225#14	0
2135	Q0	115913#9	0
2135	Q0	5950#5	0
2135	Q0	386263#1	0
2136	Q0	24064#0	1
2136	Q0	24064#1	1
2136	Q0	24064#22	0
2136	Q0	24064#8	0
2136	Q0	24064#24	0
2136	Q0	413938#0	0
2136	Q0	24064#12	0
2136	Q0	24064#7	0
2136	Q0	24064#19	0
2136	Q0	127665#2	0
2136	Q0	24064#5	0
2137	Q0	508794#14	1
2137	Q0	79044#5	0
2137	Q0	620326#2	0
2137	Q0	787510#0	0
2137	Q0	710242#2	0
2137	Q0	706190#2	0
2137	Q0	620317#2	0
2137	Q0	1059214#2	0
2137	Q0	768703#2	0
2137	Q0	539313#3	0
2137	Q0	280316#3	0
2138	Q0	144597#0	1
2138	Q0	144597#1	1
2138	Q0	637647#1	0
2138	Q0	1263201#1	0
2138	Q0	1277442#0	0
2138	Q0	1171275#1	0
2138	Q0	8438#14	0
2138	Q0	1263201#4	0
2138	Q0	11537#0	0
2138	Q0	1318300#1	0
2139	Q0	552822#1	1
2139	Q0	1041643#2	1
2139	Q0	552822#10	0
2139	Q0	552822#3	0
2139	Q0	552822#4	0
2139	Q0	552822#9	0
2139	Q0	552822#0	0
2139	Q0	337990#8	0
2139	Q0	38218#30	0
2139	Q0	6662#19	0
2139	Q0	37880#41	0
2140	Q0	220844#11	1
2140	Q0	220844#8	0
2140	Q0	220844#5	0
2140	Q0	220844#0	0
2140	Q0	220844#9	0
2140	Q0	220844#10	0
2140	Q0	220844#6	0
2140	Q0	220844#7	0
2140	Q0	220844#4	0
2140	Q0	220844#18	0
2141	Q0	1485300#1	1
2141	Q0	435476#17	0
2141	Q0	1485300#6	0
2141	Q0	1485300#3	0
2141	Q0	793896#4	0
2141	Q0	793896#5	0
2141	Q0	658137#5	0
2141	Q0	435476#14	0
2141	Q0	1176328#1	0
2141	Q0	6486#26	0
2142	Q0	59129#63	1
2142	Q0	59129#34	0
2142	Q0	59129#0	0
2142	Q0	59129#1	0
2142	Q0	59129#31	0
2142	Q0	59129#61	0
2142	Q0	59129#28	0
2142	Q0	59129#66	0
2142	Q0	59129#60	0
2142	Q0	59129#22	0
2144	Q0	8715#19	1
2144	Q0	5261#43	1
2144	Q0	7904#31	1
2144	Q0	21416#0	1
2144	Q0	11477#38	0
2144	Q0	21416#5	0
2144	Q0	21416#3	0
2144	Q0	130853#0	0
2144	Q0	47094#1	0
2144	Q0	105322#5	0
2144	Q0	11477#40	0
2145	Q0	562819#0	1
2145	Q0	12911#6	1
2145	Q0	562819#4	0
2145	Q0	549229#6	0
2145	Q0	562819#3	0
2145	Q0	562819#6	0
2145	Q0	32562#7	0
2145	Q0	562819#8	0
2145	Q0	178596#15	0
2145	Q0	562819#1	0
2146	Q0	221041#0	1
2146	Q0	221041#1	0
2146	Q0	584216#1	0
2146	Q0	609811#1	0
2146	Q0	1075540#2	0
2146	Q0	491378#1	0
2146	Q0	1318730#0	0
2146	Q0	73278#1	0
2146	Q0	7985#3	0
2146	Q0	507844#1	0
2147	Q0	32012#0	1
2147	Q0	200923#0	1
2147	Q0	32012#22	0
2147	Q0	14149#2	0
2147	Q0	32012#28	0
2147	Q0	1251547#1	0
2147	Q0	32012#21	0
2147	Q0	826363#1	0
2147	Q0	1255161#0	0
2147	Q0	32012#23	0
2148	Q0	8475#0	1
2148	Q0	8475#1	1
2148	Q0	1305035#1	1
2148	Q0	1304346#0	0
2148	Q0	1376967#1	0
2148	Q0	1303993#1	0
2148	Q0	1416660#1	0
2148	Q0	1294521#1	0
2148	Q0	1150759#4	0
2148	Q0	1490652#1	0
2149	Q0	17587#0	1
2149	Q0	9850#6	0
2149	Q0	268863#4	0
2149	Q0	1093108#1	0
2149	Q0	17586#2	0
2149	Q0	920363#1	0
2149	Q0	266971#3	0
2149	Q0	472407#5	0
2149	Q0	461843#10	0
2149	Q0	1390367#8	0
2149	Q0	1429793#13	0
2150	Q0	9890#1	1
2150	Q0	9890#0	0
2150	Q0	75066#0	0
2150	Q0	9890#3	0
2150	Q0	9890#11	0
2150	Q0	276020#5	0
2150	Q0	9890#19	0
2150	Q0	9890#12	0
2150	Q0	9890#5	0
2150	Q0	9890#2	0
2150	Q0	9890#8	0
2150	Q0	9890#14	0
2151	Q0	10284#19	1
2151	Q0	34567#8	0
2151	Q0	403029#3	0
2151	Q0	284435#17	0
2151	Q0	747551#0	0
2151	Q0	100397#23	0
2151	Q0	481392#18	0
2151	Q0	750998#5	0
2151	Q0	107896#6	0
2151	Q0	481392#1	0
2151	Q0	5201#11	0
2152	Q0	30886#0	1
2152	Q0	30886#9	0
2152	Q0	30886#12	0
2152	Q0	30886#8	0
2152	Q0	977#5	0
2152	Q0	125438#0	0
2152	Q0	30886#6	0
2152	Q0	501351#4	0
2152	Q0	956650#0	0
2152	Q0	30886#7	0
2153	Q0	1358157#0	1
2153	Q0	1358157#3	1
2153	Q0	1358157#2	1
2153	Q0	1358157#1	0
2153	Q0	1358157#10	0
2153	Q0	1358157#6	0
2153	Q0	1358157#4	0
2153	Q0	1358157#5	0
2153	Q0	1358157#8	0
2153	Q0	1358157#11	0
2154	Q0	318492#0	1
2154	Q0	318492#1	0
2154	Q0	190260#0	0
2154	Q0	1103020#0	0
2154	Q0	838847#2	0
2154	Q0	1178804#2	0
2154	Q0	171872#0	0
2154	Q0	1200204#0	0
2154	Q0	392367#0	0
2154	Q0	50326#3	0
2154	Q0	919831#0	0
2155	Q0	462#24	1
2155	Q0	462#33	1
2155	Q0	439#35	0
2155	Q0	462#29	0
2155	Q0	5255#26	0
2155	Q0	462#31	0
2155	Q0	462#35	0
2155	Q0	462#28	0
2155	Q0	462#30	0
2155	Q0	462#2	0
2156	Q0	17992#0	1
2156	Q0	17992#1	1
2156	Q0	17992#3	0
2156	Q0	17992#2	0
2156	Q0	918377#0	0
2156	Q0	17992#4	0
2156	Q0	17992#8	0
2156	Q0	304612#0	0
2156	Q0	918377#1	0
2156	Q0	1051642#1	0
2157	Q0	508023#0	1
2157	Q0	792017#1	0
2157	Q0	477558#1	0
2157	Q0	509963#13	0
2157	Q0	477558#2	0
2157	Q0	509963#8	0
2157	Q0	508023#11	0
2157	Q0	509963#1	0
2157	Q0	509963#2	0
2157	Q0	508023#12	0
2158	Q0	1052532#8	1
2158	Q0	209847#19	1
2158	Q0	209847#22	1
2158	Q0	209847#10	0
2158	Q0	209847#20	0
2158	Q0	1143568#3	0
2158	Q0	660357#3	0
2158	Q0	710513#7	0
2158	Q0	209847#13	0
2158	Q0	525637#1	0
2158	Q0	752363#2	0
2159	Q0	1325866#2	1
2159	Q0	672766#6	0
2159	Q0	454988#1	0
2159	Q0	36751#7	0
2159	Q0	36751#8	0
2159	Q0	944451#13	0
2159	Q0	447655#14	0
2159	Q0	13571#9	0
2159	Q0	1029825#1	0
2159	Q0	1054736#4	0
2159	Q0	855665#3	0
2160	Q0	1453317#1	1
2160	Q0	1453317#3	1
2160	Q0	1453317#2	1
2160	Q0	1453317#0	0
2160	Q0	1453317#7	0
2160	Q0	1453317#5	0
2160	Q0	1453317#4	0
2160	Q0	1453317#6	0
2160	Q0	1453317#9	0
2160	Q0	1325692#0	0
2161	Q0	1268896#0	1
2161	Q0	926120#10	1
2161	Q0	1101827#10	1
2161	Q0	1279620#52	0
2161	Q0	1268896#12	0
2161	Q0	1268896#22	0
2161	Q0	1268896#20	0
2161	Q0	1268896#18	0
2161	Q0	1268896#28	0
2161	Q0	1268896#9	0
2162	Q0	1316817#1	1
2162	Q0	1313479#1	1
2162	Q0	1313479#11	0
2162	Q0	1316817#17	0
2162	Q0	1316817#15	0
2162	Q0	1316817#2	0
2162	Q0	1316817#10	0
2162	Q0	1316817#14	0
2162	Q0	1316817#13	0
2162	Q0	1316817#5	0
2162	Q0	1316817#18	0
2163	Q0	104#26	1
2163	Q0	211741#8	1
2163	Q0	493091#4	0
2163	Q0	24106#9	0
2163	Q0	380050#1	0
2163	Q0	111939#9	0
2163	Q0	185194#6	0
2163	Q0	5515#32	0
2163	Q0	17208#30	0
2163	Q0	1292036#4	0
2163	Q0	117487#8	0
2165	Q0	404#2	1
2165	Q0	404#6	0
2165	Q0	404#0	0
2165	Q0	16199#51	0
2165	Q0	426292#2	0
2165	Q0	404#3	0
2165	Q0	31082#3	0
2165	Q0	1158325#0	0
2165	Q0	243471#1	0
2165	Q0	220228#2	0
2165	Q0	575625#1	0
2166	Q0	72401#1	1
2166	Q0	153352#2	0
2166	Q0	72401#19	0
2166	Q0	719726#13	0
2166	Q0	1286377#0	0
2166	Q0	72401#10	0
2166	Q0	1119434#1	0
2166	Q0	72401#21	0
2166	Q0	991967#58	0
2166	Q0	72401#7	0
2167	Q0	481544#5	1
2167	Q0	451790#0	1
2167	Q0	1375624#0	0
2167	Q0	149762#3	0
2167	Q0	1273086#6	0
2167	Q0	1111#0	0
2167	Q0	1382702#18	0
2167	Q0	1375624#1	0
2167	Q0	405171#15	0
2167	Q0	1111#7	0
2167	Q0	957088#10	0
2168	Q0	425#1	1
2168	Q0	1174230#0	0
2168	Q0	1090494#0	0
2168	Q0	371318#9	0
2168	Q0	425#45	0
2168	Q0	2946#0	0
2168	Q0	85607#0	0
2168	Q0	867968#0	0
2168	Q0	302051#0	0
2168	Q0	85392#0	0
2168	Q0	1193#22	0
2169	Q0	78022#1	1
2169	Q0	78022#0	0
2169	Q0	78022#7	0
2169	Q0	78022#2	0
2169	Q0	78022#3	0
2169	Q0	78022#9	0
2169	Q0	78022#6	0
2169	Q0	78022#8	0
2169	Q0	78022#5	0
2169	Q0	78022#4	0
2170	Q0	15087#0	1
2170	Q0	15087#3	0
2170	Q0	15087#17	0
2170	Q0	212404#0	0
2170	Q0	15087#45	0
2170	Q0	15087#29	0
2170	Q0	15087#6	0
2170	Q0	15087#26	0
2170	Q0	450942#1	0
2170	Q0	15087#35	0
2171	Q0	130848#0	1
2171	Q0	130848#4	0
2171	Q0	218271#0	0
2171	Q0	1187415#3	0
2171	Q0	245516#0	0
2171	Q0	1106790#0	0
2171	Q0	130848#3	0
2171	Q0	830676#0	0
2171	Q0	587188#0	0
2171	Q0	86144#0	0
2172	Q0	39896#0	1
2172	Q0	39896#1	1
2172	Q0	39896#12	0
2172	Q0	56111#1	0
2172	Q0	39896#16	0
2172	Q0	65820#1	0
2172	Q0	59143#23	0
2172	Q0	1488330#3	0
2172	Q0	459208#1	0
2172	Q0	39896#13	0
2173	Q0	417743#0	1
2173	Q0	78051#1	1
2173	Q0	156014#4	0
2173	Q0	981215#1	0
2173	Q0	1482745#4	0
2173	Q0	28640#2	0
2173	Q0	59846#1	0
2173	Q0	130772#1	0
2173	Q0	569024#0	0
2173	Q0	6479#45	0
2173	Q0	1083295#0	0
2174	Q0	1350321#8	1
2174	Q0	1074153#2	0
2174	Q0	1373571#2	0
2174	Q0	768566#5	0
2174	Q0	1373571#3	0
2174	Q0	45348#2	0
2174	Q0	1361161#1	0
2174	Q0	1098503#71	0
2174	Q0	1297534#1	0
2174	Q0	966372#49	0
2175	Q0	6720#1	1
2175	Q0	6720#18	0
2175	Q0	6720#20	0
2175	Q0	6720#15	0
2175	Q0	6720#7	0
2175	Q0	6720#13	0
2175	Q0	6720#24	0
2175	Q0	6720#23	0
2175	Q0	6720#12	0
2175	Q0	6720#22	0
2176	Q0	803715#0	1
2176	Q0	376630#0	0
2176	Q0	167180#0	0
2176	Q0	376632#0	0
2176	Q0	1397552#11	0
2176	Q0	1397552#10	0
2176	Q0	803715#1	0
2176	Q0	1397552#5	0
2176	Q0	363753#8	0
2176	Q0	377231#0	0
2177	Q0	151161#3	1
2177	Q0	1081485#5	1
2177	Q0	151161#5	0
2177	Q0	1136032#1	0
2177	Q0	151160#6	0
2177	Q0	151161#4	0
2177	Q0	151160#4	0
2177	Q0	791031#1	0
2177	Q0	398912#3	0
2177	Q0	13693#3	0
2178	Q0	169124#0	1
2178	Q0	169124#2	0
2178	Q0	169124#15	0
2178	Q0	169124#5	0
2178	Q0	169124#19	0
2178	Q0	169124#7	0
2178	Q0	169124#3	0
2178	Q0	25123#42	0
2178	Q0	374118#1	0
2178	Q0	169124#14	0
2179	Q0	1434300#0	1
2179	Q0	1426076#2	0
2179	Q0	1416699#3	0
2179	Q0	1426080#2	0
2179	Q0	1380959#0	0
2179	Q0	1433196#0	0
2179	Q0	1433187#0	0
2179	Q0	1434300#8	0
2179	Q0	1426079#2	0
2179	Q0	1426023#2	0
2180	Q0	22230#0	1
2180	Q0	481544#0	0
2180	Q0	54563#9	0
2180	Q0	1033840#1	0
2180	Q0	24437#0	0
2180	Q0	604359#0	0
2180	Q0	795154#0	0
2180	Q0	618220#1	0
2180	Q0	66798#0	0
2180	Q0	217464#5	0
2180	Q0	925510#2	0
2181	Q0	311792#0	1
2181	Q0	475527#1	0
2181	Q0	475527#0	0
2181	Q0	536723#5	0
2181	Q0	1216898#1	0
2181	Q0	1475307#4	0
2181	Q0	351542#4	0
2181	Q0	16670#12	0
2181	Q0	626394#3	0
2181	Q0	687827#10	0
2183	Q0	20314#0	1
2183	Q0	4956#30	1
2183	Q0	131557#0	0
2183	Q0	78525#0	0
2183	Q0	118662#0	0
2183	Q0	57940#0	0
2183	Q0	15127#0	0
2183	Q0	225961#0	0
2183	Q0	105866#0	0
2183	Q0	108724#0	0
2185	Q0	170107#5	1
2185	Q0	57612#3	1
2185	Q0	170107#0	1
2185	Q0	18593#9	1
2185	Q0	1403#13	1
2185	Q0	170107#7	1
2185	Q0	76531#4	1
2185	Q0	1403#8	0
2185	Q0	170107#6	0
2185	Q0	76531#9	0
2187	Q0	46490#2	1
2187	Q0	46490#12	0
2187	Q0	46490#7	0
2187	Q0	46490#0	0
2187	Q0	46490#11	0
2187	Q0	132777#5	0
2187	Q0	46490#6	0
2187	Q0	46490#9	0
2187	Q0	7720#4	0
2187	Q0	46490#3	0
2189	Q0	1202892#0	1
2189	Q0	1202892#7	0
2189	Q0	1202892#1	0
2189	Q0	1202892#3	0
2189	Q0	306897#8	0
2189	Q0	1202892#6	0
2189	Q0	1202892#2	0
2189	Q0	1202892#5	0
2189	Q0	1077173#1	0
2189	Q0	1202892#12	0
2190	Q0	96625#0	1
2190	Q0	96625#3	0
2190	Q0	96625#9	0
2190	Q0	96625#10	0
2190	Q0	96625#4	0
2190	Q0	313091#0	0
2190	Q0	1470853#0	0
2190	Q0	384086#0	0
2190	Q0	96625#2	0
2190	Q0	814761#0	0
2191	Q0	48787#4	1
2191	Q0	680406#0	0
2191	Q0	160528#2	0
2191	Q0	541480#1	0
2191	Q0	676196#2	0
2191	Q0	145393#1	0
2191	Q0	796546#0	0
2191	Q0	790141#5	0
2191	Q0	680775#2	0
2191	Q0	420087#3	0
2192	Q0	584642#29	1
2192	Q0	73584#3	1
2192	Q0	9207#11	1
2192	Q0	9207#12	1
2192	Q0	73584#4	0
2192	Q0	1376196#1	0
2192	Q0	82145#3	0
2192	Q0	1376196#10	0
2192	Q0	1376196#2	0
2192	Q0	9207#22	0
2192	Q0	9207#0	0
2194	Q0	969#3	1
2194	Q0	48835#0	1
2194	Q0	52755#0	1
2194	Q0	52755#4	0
2194	Q0	52755#1	0
2194	Q0	52755#6	0
2194	Q0	6204#17	0
2194	Q0	52755#5	0
2194	Q0	238571#6	0
2194	Q0	52755#16	0
2195	Q0	240808#0	1
2195	Q0	240808#2	0
2195	Q0	73329#4	0
2195	Q0	1047854#0	0
2195	Q0	145195#0	0
2195	Q0	1094548#0	0
2195	Q0	240808#6	0
2195	Q0	1007401#0	0
2195	Q0	1195327#2	0
2195	Q0	260302#0	0
2196	Q0	276020#4	1
2196	Q0	494509#5	0
2196	Q0	276020#2	0
2196	Q0	276020#1	0
2196	Q0	276020#0	0
2196	Q0	276020#6	0
2196	Q0	1144934#1	0
2196	Q0	1144402#16	0
2196	Q0	276020#11	0
2196	Q0	276020#12	0
2197	Q0	309531#0	1
2197	Q0	309531#1	1
2197	Q0	1317398#36	1
2197	Q0	131270#0	0
2197	Q0	1374799#3	0
2197	Q0	383451#0	0
2197	Q0	1394062#1	0
2197	Q0	820690#0	0
2197	Q0	153022#1	0
2197	Q0	105498#1	0
2197	Q0	19621#9	0
2198	Q0	11854#7	1
2198	Q0	26778#6	0
2198	Q0	51589#29	0
2198	Q0	398017#7	0
2198	Q0	22757#23	0
2198	Q0	18329#10	0
2198	Q0	18329#4	0
2198	Q0	846402#5	0
2198	Q0	26518#15	0
2198	Q0	277309#11	0
2198	Q0	250#17	0
2199	Q0	235127#4	1
2199	Q0	1175475#1	0
2199	Q0	1176241#0	0
2199	Q0	1193#0	0
2199	Q0	867968#0	0
2199	Q0	553957#1	0
2199	Q0	1343171#0	0
2199	Q0	243349#0	0
2199	Q0	588805#1	0
2199	Q0	936198#0	0
2200	Q0	70086#1	1
2200	Q0	70086#0	1
2200	Q0	444764#1	0
2200	Q0	70086#3	0
2200	Q0	605163#0	0
2200	Q0	70086#5	0
2200	Q0	1152495#1	0
2200	Q0	251358#0	0
2200	Q0	844491#1	0
2200	Q0	70086#4	0
2201	Q0	48752#1	1
2201	Q0	1242#0	1
2201	Q0	16453#1	0
2201	Q0	1349885#0	0
2201	Q0	1073461#10	0
2201	Q0	803537#2	0
2201	Q0	37172#2	0
2201	Q0	621911#0	0
2201	Q0	679233#0	0
2201	Q0	1073461#1	0
2201	Q0	5888#0	0
2203	Q0	168773#0	1
2203	Q0	168773#1	1
2203	Q0	1035128#0	0
2203	Q0	6897#0	0
2203	Q0	1425730#2	0
2203	Q0	1425644#2	0
2203	Q0	351765#0	0
2203	Q0	1164596#0	0
2203	Q0	1351155#0	0
2203	Q0	646632#0	0
2204	Q0	35600#0	1
2204	Q0	1334576#0	1
2204	Q0	35600#8	0
2204	Q0	35600#4	0
2204	Q0	35600#5	0
2204	Q0	291498#1	0
2204	Q0	254968#1	0
2204	Q0	46900#13	0
2204	Q0	79380#13	0
2204	Q0	35600#1	0
2205	Q0	31566#0	1
2205	Q0	96297#0	1
2205	Q0	85412#3	1
2205	Q0	1135162#3	0
2205	Q0	115136#0	0
2205	Q0	107469#0	0
2205	Q0	1216067#2	0
2205	Q0	31565#0	0
2205	Q0	213397#0	0
2205	Q0	244505#2	0
2206	Q0	176384#6	1
2206	Q0	361036#0	1
2206	Q0	361036#11	0
2206	Q0	361036#1	0
2206	Q0	14102#19	0
2206	Q0	216490#0	0
2206	Q0	361036#20	0
2206	Q0	211908#8	0
2206	Q0	212005#3	0
2206	Q0	144237#3	0
2206	Q0	139893#13	0
2207	Q0	373823#1	1
2207	Q0	373823#2	1
2207	Q0	373823#6	1
2207	Q0	373823#5	0
2207	Q0	390814#0	0
2207	Q0	1182166#0	0
2207	Q0	373823#3	0
2207	Q0	383827#0	0
2207	Q0	684583#2	0
2207	Q0	846494#0	0
2208	Q0	547012#0	1
2208	Q0	547012#3	1
2208	Q0	6679#4	1
2208	Q0	35686#7	1
2208	Q0	547012#11	1
2208	Q0	547012#6	0
2208	Q0	4639#70	0
2208	Q0	7946#1	0
2208	Q0	547012#4	0
2208	Q0	547012#9	0
2209	Q0	1189220#6	1
2209	Q0	44094#28	0
2209	Q0	210897#1	0
2209	Q0	672437#6	0
2209	Q0	210897#2	0
2209	Q0	285851#2	0
2209	Q0	422536#7	0
2209	Q0	203316#19	0
2209	Q0	419253#0	0
2209	Q0	925510#2	0
2211	Q0	48860#0	1
2211	Q0	48860#3	1
2211	Q0	778317#0	0
2211	Q0	48860#1	0
2211	Q0	1194982#2	0
2211	Q0	923425#0	0
2211	Q0	48860#2	0
2211	Q0	1194982#1	0
2211	Q0	117692#1	0
2211	Q0	110640#0	0
2213	Q0	617583#2	1
2213	Q0	376110#17	0
2213	Q0	1148547#3	0
2213	Q0	1427826#19	0
2213	Q0	8591#14	0
2213	Q0	1296902#13	0
2213	Q0	1420639#0	0
2213	Q0	1268371#1	0
2213	Q0	376110#14	0
2213	Q0	376110#13	0
2214	Q0	78294#0	1
2214	Q0	78294#7	1
2214	Q0	10032#1	1
2214	Q0	88363#25	0
2214	Q0	329613#2	0
2214	Q0	305266#3	0
2214	Q0	85505#2	0
2214	Q0	1350928#1	0
2214	Q0	1373257#7	0
2214	Q0	1373257#6	0
2215	Q0	146301#0	1
2215	Q0	25996#30	1
2215	Q0	771312#3	0
2215	Q0	889836#2	0
2215	Q0	683585#0	0
2215	Q0	10282#0	0
2215	Q0	947805#4	0
2215	Q0	698587#5	0
2215	Q0	731272#0	0
2215	Q0	983955#1	0
2217	Q0	174327#0	1
2217	Q0	6148#49	1
2217	Q0	174455#3	1
2217	Q0	6148#6	1
2217	Q0	174445#12	1
2217	Q0	650643#5	0
2217	Q0	650643#4	0
2217	Q0	6148#48	0
2217	Q0	763403#9	0
2217	Q0	174445#28	0
2218	Q0	1065795#0	1
2218	Q0	41876#0	0
2218	Q0	296259#0	0
2218	Q0	1066997#0	0
2218	Q0	72535#0	0
2218	Q0	101039#0	0
2218	Q0	374076#0	0
2218	Q0	400884#0	0
2218	Q0	53014#0	0
2218	Q0	101047#0	0
2218	Q0	59861#0	0
2219	Q0	29123#0	1
2219	Q0	973926#1	0
2219	Q0	29123#9	0
2219	Q0	61298#4	0
2219	Q0	20190#11	0
2219	Q0	698631#2	0
2219	Q0	29123#13	0
2219	Q0	730212#1	0
2219	Q0	142999#3	0
2219	Q0	1293827#3	0
2219	Q0	257660#1	0
2220	Q0	16431#1	1
2220	Q0	63760#1	0
2220	Q0	199766#1	0
2220	Q0	1436104#1	0
2220	Q0	275579#1	0
2220	Q0	169435#6	0
2220	Q0	66884#2	0
2220	Q0	199775#1	0
2220	Q0	76047#0	0
2220	Q0	84775#1	0
2221	Q0	17801#22	1
2221	Q0	11198#2	1
2221	Q0	567189#0	1
2221	Q0	375#59	1
2221	Q0	385529#0	0
2221	Q0	398895#0	0
2221	Q0	398855#0	0
2221	Q0	1421195#0	0
2221	Q0	596286#7	0
2221	Q0	122423#2	0
2221	Q0	690929#41	0
2222	Q0	1295133#0	1
2222	Q0	5260#0	1
2222	Q0	1155531#16	0
2222	Q0	700802#8	0
2222	Q0	1155531#0	0
2222	Q0	940827#0	0
2222	Q0	5260#1	0
2222	Q0	1155531#8	0
2222	Q0	5260#36	0
2222	Q0	1155531#18	0
2223	Q0	1136338#0	1
2223	Q0	1362283#1	0
2223	Q0	505564#9	0
2223	Q0	822300#4	0
2223	Q0	1364617#1	0
2223	Q0	1455127#1	0
2223	Q0	1455479#1	0
2223	Q0	822300#8	0
2223	Q0	1384265#1	0
2223	Q0	1416746#1	0
2224	Q0	1352800#0	1
2224	Q0	1352800#4	1
2224	Q0	1352800#3	0
2224	Q0	1352800#2	0
2224	Q0	1352800#1	0
2224	Q0	403932#3	0
2224	Q0	403932#0	0
2224	Q0	484758#1	0
2224	Q0	712276#1	0
2224	Q0	933324#1	0
2225	Q0	35030#0	1
2225	Q0	35030#17	1
2225	Q0	35030#11	0
2225	Q0	35030#15	0
2225	Q0	35030#7	0
2225	Q0	35030#9	0
2225	Q0	35030#1	0
2225	Q0	35030#4	0
2225	Q0	35030#3	0
2225	Q0	35030#16	0
2226	Q0	99625#6	1
2226	Q0	49553#0	1
2226	Q0	13901#0	1
2226	Q0	449738#3	0
2226	Q0	35240#5	0
2226	Q0	509913#1	0
2226	Q0	345877#8	0
2226	Q0	49553#1	0
2226	Q0	13901#8	0
2226	Q0	345877#13	0
2228	Q0	1325866#7	1
2228	Q0	672766#6	0
2228	Q0	454988#1	0
2228	Q0	658021#2	0
2228	Q0	13571#9	0
2228	Q0	36751#7	0
2228	Q0	855665#3	0
2228	Q0	36751#8	0
2228	Q0	447655#14	0
2228	Q0	530122#2	0
2228	Q0	545942#9	0
2229	Q0	264353#30	1
2229	Q0	34654#1	1
2229	Q0	1454213#0	0
2229	Q0	77150#9	0
2229	Q0	552397#1	0
2229	Q0	1271203#2	0
2229	Q0	35763#75	0
2229	Q0	860280#2	0
2229	Q0	10282#24	0
2229	Q0	473846#3	0
2229	Q0	264353#20	0
2233	Q0	127945#15	1
2233	Q0	232077#6	1
2233	Q0	1081071#1	0
2233	Q0	127945#3	0
2233	Q0	1081071#0	0
2233	Q0	127945#2	0
2233	Q0	1375604#1	0
2233	Q0	232077#4	0
2233	Q0	232077#8	0
2233	Q0	127945#17	0
2234	Q0	133462#0	1
2234	Q0	436416#5	0
2234	Q0	67577#13	0
2234	Q0	63707#21	0
2234	Q0	375544#7	0
2234	Q0	311409#2	0
2234	Q0	436672#2	0
2234	Q0	205772#7	0
2234	Q0	221293#3	0
2234	Q0	221673#9	0
2234	Q0	1138770#2	0
2235	Q0	97152#0	1
2235	Q0	97152#8	1
2235	Q0	97152#1	0
2235	Q0	122877#0	0
2235	Q0	97152#3	0
2235	Q0	97152#6	0
2235	Q0	97152#7	0
2235	Q0	594608#1	0
2235	Q0	919329#1	0
2235	Q0	26185#3	0
2236	Q0	1429952#6	1
2236	Q0	6058#4	1
2236	Q0	325357#0	0
2236	Q0	325357#19	0
2236	Q0	325357#13	0
2236	Q0	1460291#4	0
2236	Q0	325357#9	0
2236	Q0	325357#14	0
2236	Q0	325357#1	0
2236	Q0	325357#15	0
2237	Q0	1383079#11	1
2237	Q0	1383079#15	0
2237	Q0	547596#5	0
2237	Q0	547596#2	0
2237	Q0	1383079#13	0
2237	Q0	547596#3	0
2237	Q0	1275890#0	0
2237	Q0	116896#0	0
2237	Q0	88324#17	0
2237	Q0	297076#0	0
2238	Q0	1335018#0	1
2238	Q0	1335018#2	1
2238	Q0	1335018#10	0
2238	Q0	1335018#6	0
2238	Q0	1335018#5	0
2238	Q0	1335018#8	0
2238	Q0	1335018#7	0
2238	Q0	1335018#3	0
2238	Q0	1335018#4	0
2238	Q0	1335018#9	0
2240	Q0	1259261#0	1
2240	Q0	1259261#6	0
2240	Q0	1259261#3	0
2240	Q0	1259261#5	0
2240	Q0	804198#1	0
2240	Q0	1259261#7	0
2240	Q0	1259261#1	0
2240	Q0	1259261#2	0
2240	Q0	1259261#4	0
2240	Q0	1356066#0	0
2241	Q0	39005#6	1
2241	Q0	444940#7	0
2241	Q0	444940#0	0
2241	Q0	214787#0	0
2241	Q0	214787#2	0
2241	Q0	214787#17	0
2241	Q0	39005#11	0
2241	Q0	444940#1	0
2241	Q0	528250#0	0
2241	Q0	747652#1	0
2242	Q0	847790#4	1
2242	Q0	43946#13	1
2242	Q0	847790#0	1
2242	Q0	847790#1	1
2242	Q0	847790#3	0
2242	Q0	160421#17	0
2242	Q0	1285748#28	0
2242	Q0	1228055#5	0
2242	Q0	404557#3	0
2242	Q0	7654#17	0
2243	Q0	289094#0	1
2243	Q0	289094#1	0
2243	Q0	1354563#0	0
2243	Q0	245501#6	0
2243	Q0	93122#0	0
2243	Q0	289094#3	0
2243	Q0	962972#3	0
2243	Q0	289094#2	0
2243	Q0	65537#27	0
2243	Q0	289094#4	0
2244	Q0	92097#2	1
2244	Q0	882596#6	0
2244	Q0	55662#3	0
2244	Q0	206885#0	0
2244	Q0	133567#0	0
2244	Q0	89460#5	0
2244	Q0	78646#0	0
2244	Q0	1416118#1	0
2244	Q0	565309#2	0
2244	Q0	168631#2	0
2245	Q0	436#2	1
2245	Q0	436#0	1
2245	Q0	436#3	0
2245	Q0	436#5	0
2245	Q0	55706#0	0
2245	Q0	55224#0	0
2245	Q0	436#9	0
2245	Q0	436#7	0
2245	Q0	55711#0	0
2245	Q0	55873#0	0
2246	Q0	197967#3	1
2246	Q0	197967#12	0
2246	Q0	838882#5	0
2246	Q0	197967#17	0
2246	Q0	197967#24	0
2246	Q0	197967#18	0
2246	Q0	1351100#8	0
2246	Q0	838882#22	0
2246	Q0	838882#25	0
2246	Q0	86209#6	0
2246	Q0	197967#19	0
2249	Q0	57630#0	1
2249	Q0	421977#5	1
2249	Q0	421977#1	1
2249	Q0	63809#0	0
2249	Q0	421977#0	0
2249	Q0	63817#0	0
2249	Q0	421977#3	0
2249	Q0	32283#43	0
2249	Q0	232301#2	0
2249	Q0	596398#1	0
2249	Q0	42161#5	0
2250	Q0	105886#3	1
2250	Q0	105886#0	0
2250	Q0	34977#22	0
2250	Q0	373475#2	0
2250	Q0	570818#1	0
2250	Q0	34974#9	0
2250	Q0	13417#32	0
2250	Q0	18320#35	0
2250	Q0	1393307#10	0
2250	Q0	414894#0	0
2251	Q0	178617#8	1
2251	Q0	17095#5	1
2251	Q0	17095#0	1
2251	Q0	100940#17	0
2251	Q0	17095#3	0
2251	Q0	51831#18	0
2251	Q0	51831#13	0
2251	Q0	51831#0	0
2251	Q0	178617#15	0
2251	Q0	17095#6	0
2251	Q0	17095#2	0
2252	Q0	50012#0	1
2252	Q0	61130#19	0
2252	Q0	33095#0	0
2252	Q0	1131083#0	0
2252	Q0	530479#0	0
2252	Q0	35645#8	0
2252	Q0	33096#0	0
2252	Q0	33096#4	0
2252	Q0	33095#17	0
2252	Q0	903937#1	0
2253	Q0	1189220#9	1
2253	Q0	1189220#10	1
2253	Q0	1189220#7	1
2253	Q0	1189220#5	0
2253	Q0	1189220#12	0
2253	Q0	476516#10	0
2253	Q0	1125022#6	0
2253	Q0	1189220#11	0
2253	Q0	84868#6	0
2253	Q0	1189220#6	0
2254	Q0	14257#1	1
2254	Q0	14257#0	0
2254	Q0	20843#15	0
2254	Q0	1024#48	0
2254	Q0	49125#35	0
2254	Q0	16199#60	0
2254	Q0	278736#7	0
2254	Q0	24162#19	0
2254	Q0	14257#8	0
2254	Q0	986956#28	0
2255	Q0	1484012#1	1
2255	Q0	1484012#0	1
2255	Q0	622738#1	0
2255	Q0	1484012#2	0
2255	Q0	1484012#5	0
2255	Q0	1484012#6	0
2255	Q0	1484012#4	0
2255	Q0	1484012#7	0
2255	Q0	1484012#3	0
2255	Q0	1484012#8	0
2256	Q0	5046#0	1
2256	Q0	1020578#3	0
2256	Q0	5046#22	0
2256	Q0	5046#23	0
2256	Q0	752031#0	0
2256	Q0	1403174#0	0
2256	Q0	1402615#0	0
2256	Q0	603206#0	0
2256	Q0	545423#0	0
2256	Q0	14138#3	0
2256	Q0	1020578#10	0
2256	Q0	5046#20	0
2257	Q0	31906#11	1
2257	Q0	31906#1	1
2257	Q0	31906#8	1
2257	Q0	31906#4	0
2257	Q0	31906#0	0
2257	Q0	34748#2	0
2257	Q0	945726#2	0
2257	Q0	81851#11	0
2257	Q0	298337#0	0
2257	Q0	335380#1	0
2259	Q0	551307#13	1
2259	Q0	264353#71	0
2259	Q0	551307#5	0
2259	Q0	551307#0	0
2259	Q0	1108464#1	0
2259	Q0	288936#10	0
2259	Q0	551307#33	0
2259	Q0	551307#37	0
2259	Q0	551307#26	0
2259	Q0	551307#29	0
2259	Q0	551307#38	0
2261	Q0	94913#5	1
2261	Q0	646251#0	0
2261	Q0	962561#0	0
2261	Q0	757195#0	0
2261	Q0	646251#12	0
2261	Q0	646251#11	0
2261	Q0	414154#2	0
2261	Q0	646251#10	0
2261	Q0	204519#1	0
2261	Q0	646251#4	0
2261	Q0	844588#0	0
2262	Q0	32562#7	1
2262	Q0	32562#0	1
2262	Q0	32671#0	0
2262	Q0	549229#6	0
2262	Q0	400291#0	0
2262	Q0	32562#10	0
2262	Q0	400291#2	0
2262	Q0	147759#8	0
2262	Q0	400291#7	0
2262	Q0	549229#0	0
2265	Q0	8550#0	1
2265	Q0	8550#10	1
2265	Q0	8550#27	0
2265	Q0	8550#60	0
2265	Q0	196305#0	0
2265	Q0	273656#0	0
2265	Q0	38974#1	0
2265	Q0	70605#0	0
2265	Q0	784952#26	0
2265	Q0	27562#10	0
2267	Q0	667038#2	1
2267	Q0	12845#0	1
2267	Q0	13960#3	1
2267	Q0	17008#1	1
2267	Q0	694737#0	1
2267	Q0	17008#3	0
2267	Q0	17008#4	0
2267	Q0	44018#5	0
2267	Q0	12848#2	0
2267	Q0	13457#10	0
2268	Q0	52288#0	1
2268	Q0	52288#2	0
2268	Q0	60898#0	0
2268	Q0	52288#1	0
2268	Q0	52288#6	0
2268	Q0	52288#8	0
2268	Q0	52288#7	0
2268	Q0	304952#2	0
2268	Q0	52288#4	0
2268	Q0	1265788#2	0
2269	Q0	55477#4	1
2269	Q0	55477#12	0
2269	Q0	994992#1	0
2269	Q0	55477#6	0
2269	Q0	671316#0	0
2269	Q0	55477#18	0
2269	Q0	55477#24	0
2269	Q0	55477#14	0
2269	Q0	189353#0	0
2269	Q0	195127#0	0
2269	Q0	371524#1	0
2270	Q0	1370378#0	1
2270	Q0	1325262#0	0
2270	Q0	1416172#2	0
2270	Q0	1354785#1	0
2270	Q0	193787#1	0
2270	Q0	171203#64	0
2270	Q0	1255235#0	0
2270	Q0	1419348#0	0
2270	Q0	1283#103	0
2270	Q0	1208050#102	0
2271	Q0	4986#1	1
2271	Q0	4986#2	1
2271	Q0	1025#15	1
2271	Q0	4986#17	0
2271	Q0	4986#21	0
2271	Q0	4986#35	0
2271	Q0	4986#48	0
2271	Q0	4986#54	0
2271	Q0	4986#23	0
2271	Q0	537937#1	0
2272	Q0	670393#1	1
2272	Q0	670393#3	1
2272	Q0	670393#8	0
2272	Q0	670393#6	0
2272	Q0	670393#4	0
2272	Q0	670393#7	0
2272	Q0	1275341#6	0
2272	Q0	868473#0	0
2272	Q0	14011#7	0
2272	Q0	670393#0	0
2273	Q0	60655#0	1
2273	Q0	35386#3	0
2273	Q0	60655#2	0
2273	Q0	60655#9	0
2273	Q0	35386#0	0
2273	Q0	60655#3	0
2273	Q0	60655#7	0
2273	Q0	60655#5	0
2273	Q0	60655#10	0
2273	Q0	60655#1	0
2274	Q0	1142943#15	1
2274	Q0	1142943#0	0
2274	Q0	1142943#5	0
2274	Q0	1142943#6	0
2274	Q0	7395#4	0
2274	Q0	1142943#19	0
2274	Q0	1142943#21	0
2274	Q0	1142943#3	0
2274	Q0	1142943#2	0
2274	Q0	15036#66	0
2276	Q0	93698#0	1
2276	Q0	64624#7	0
2276	Q0	204070#0	0
2276	Q0	250341#13	0
2276	Q0	682607#13	0
2276	Q0	927098#22	0
2276	Q0	16242#5	0
2276	Q0	79375#15	0
2276	Q0	345534#0	0
2276	Q0	1445904#50	0
2277	Q0	21247#0	1
2277	Q0	328366#0	0
2277	Q0	1090086#0	0
2277	Q0	1439014#0	0
2277	Q0	21247#1	0
2277	Q0	7575#0	0
2277	Q0	996797#0	0
2277	Q0	6909#0	0
2277	Q0	1439014#5	0
2277	Q0	6885#3	0
2278	Q0	320084#0	1
2278	Q0	65599#4	0
2278	Q0	310624#0	0
2278	Q0	567707#1	0
2278	Q0	1292445#6	0
2278	Q0	1223771#1	0
2278	Q0	1082185#0	0
2278	Q0	656124#0	0
2278	Q0	308610#0	0
2278	Q0	1195794#0	0
2280	Q0	1041643#14	1
2280	Q0	1041643#13	0
2280	Q0	1041643#0	0
2280	Q0	1041643#11	0
2280	Q0	1041643#6	0
2280	Q0	1041643#2	0
2280	Q0	552822#6	0
2280	Q0	1032445#0	0
2280	Q0	1000553#4	0
2280	Q0	1370559#12	0
2282	Q0	70505#0	1
2282	Q0	70505#1	0
2282	Q0	70505#2	0
2282	Q0	70505#3	0
2282	Q0	17050#0	0
2282	Q0	1084752#0	0
2282	Q0	419424#3	0
2282	Q0	583480#0	0
2282	Q0	1257713#0	0
2282	Q0	476581#0	0
2283	Q0	14629#0	1
2283	Q0	49825#0	0
2283	Q0	14629#1	0
2283	Q0	14629#20	0
2283	Q0	14629#16	0
2283	Q0	14629#6	0
2283	Q0	14629#37	0
2283	Q0	14629#7	0
2283	Q0	14629#11	0
2283	Q0	14629#26	0
2284	Q0	20392#4	1
2284	Q0	20392#0	1
2284	Q0	5026#4	0
2284	Q0	1363425#3	0
2284	Q0	1363425#1	0
2284	Q0	20392#5	0
2284	Q0	20392#11	0
2284	Q0	20392#13	0
2284	Q0	20392#14	0
2284	Q0	20392#15	0
2285	Q0	54449#4	1
2285	Q0	54449#0	1
2285	Q0	54449#10	0
2285	Q0	54449#9	0
2285	Q0	54449#12	0
2285	Q0	54449#11	0
2285	Q0	572705#0	0
2285	Q0	54449#18	0
2285	Q0	1018524#0	0
2285	Q0	130313#0	0
2285	Q0	54449#6	0
2287	Q0	355881#0	1
2287	Q0	507#35	0
2287	Q0	1478648#4	0
2287	Q0	209727#8	0
2287	Q0	355881#1	0
2287	Q0	355881#23	0
2287	Q0	603753#18	0
2287	Q0	43798#40	0
2287	Q0	355881#21	0
2287	Q0	355881#24	0
2287	Q0	800920#1	0
2288	Q0	56779#2	1
2288	Q0	56779#5	1
2288	Q0	134752#3	1
2288	Q0	1224895#1	0
2288	Q0	19335#19	0
2288	Q0	1305337#1	0
2288	Q0	183653#3	0
2288	Q0	46907#1	0
2288	Q0	1116077#1	0
2288	Q0	55651#2	0
2289	Q0	109812#3	1
2289	Q0	109812#0	1
2289	Q0	109812#4	0
2289	Q0	109812#2	0
2289	Q0	109812#17	0
2289	Q0	109812#44	0
2289	Q0	109812#1	0
2289	Q0	109812#38	0
2289	Q0	109812#40	0
2289	Q0	109812#37	0
2290	Q0	1161644#5	1
2290	Q0	1161644#22	0
2290	Q0	1161644#14	0
2290	Q0	1161644#13	0
2290	Q0	1161644#7	0
2290	Q0	1161644#8	0
2290	Q0	837360#2	0
2290	Q0	1455068#5	0
2290	Q0	1161644#11	0
2290	Q0	258191#1	0
2291	Q0	8667#5	1
2291	Q0	8667#3	1
2291	Q0	219750#1	0
2291	Q0	8667#60	0
2291	Q0	8667#64	0
2291	Q0	8667#63	0
2291	Q0	8667#20	0
2291	Q0	8667#4	0
2291	Q0	414387#0	0
2291	Q0	8667#70	0
2291	Q0	95439#19	0
2292	Q0	26168#22	1
2292	Q0	26168#0	1
2292	Q0	26168#24	0
2292	Q0	26168#2	0
2292	Q0	26168#19	0
2292	Q0	100230#0	0
2292	Q0	26168#17	0
2292	Q0	1363714#1	0
2292	Q0	1221940#3	0
2292	Q0	26168#12	0
2293	Q0	7263#0	1
2293	Q0	7263#7	1
2293	Q0	7263#6	1
2293	Q0	7263#2	0
2293	Q0	410700#0	0
2293	Q0	7263#5	0
2293	Q0	7263#3	0
2293	Q0	7263#8	0
2293	Q0	7263#4	0
2293	Q0	114263#0	0
2294	Q0	53278#17	1
2294	Q0	53278#8	0
2294	Q0	53278#13	0
2294	Q0	53278#14	0
2294	Q0	53278#10	0
2294	Q0	53278#1	0
2294	Q0	53278#12	0
2294	Q0	53278#2	0
2294	Q0	53278#6	0
2294	Q0	53278#9	0
2295	Q0	36902#0	1
2295	Q0	875870#20	0
2295	Q0	575101#2	0
2295	Q0	9525#11	0
2295	Q0	314732#0	0
2295	Q0	386983#3	0
2295	Q0	305196#14	0
2295	Q0	1421589#1	0
2295	Q0	884729#3	0
2295	Q0	161333#1	0
2297	Q0	142172#0	1
2297	Q0	142172#6	1
2297	Q0	142172#3	1
2297	Q0	152314#0	0
2297	Q0	152314#8	0
2297	Q0	71250#9	0
2297	Q0	142172#5	0
2297	Q0	1358943#0	0
2297	Q0	171362#3	0
2297	Q0	152314#1	0
2299	Q0	50705#3	1
2299	Q0	50705#0	0
2299	Q0	50705#2	0
2299	Q0	50705#5	0
2299	Q0	196146#0	0
2299	Q0	1457832#0	0
2299	Q0	1457832#10	0
2299	Q0	1176630#0	0
2299	Q0	50705#4	0
2299	Q0	1457832#3	0
2300	Q0	1258122#0	1
2300	Q0	1128727#0	0
2300	Q0	1258122#1	0
2300	Q0	925510#2	0
2300	Q0	156408#0	0
2300	Q0	1258122#2	0
2300	Q0	265932#0	0
2300	Q0	266199#0	0
2300	Q0	925510#4	0
2300	Q0	265551#0	0
2301	Q0	131079#3	1
2301	Q0	299921#0	0
2301	Q0	56922#9	0
2301	Q0	68249#3	0
2301	Q0	141696#28	0
2301	Q0	702850#0	0
2301	Q0	61257#0	0
2301	Q0	702850#6	0
2301	Q0	13063#3	0
2301	Q0	687503#3	0
2302	Q0	208217#0	1
2302	Q0	19299#0	1
2302	Q0	190033#0	1
2302	Q0	208217#2	0
2302	Q0	208217#1	0
2302	Q0	290703#39	0
2302	Q0	98119#0	0
2302	Q0	290703#45	0
2302	Q0	290703#37	0
2302	Q0	290703#38	0
2302	Q0	19299#3	0
2303	Q0	1144636#0	1
2303	Q0	56038#12	1
2303	Q0	56038#0	1
2303	Q0	56038#11	0
2303	Q0	806128#3	0
2303	Q0	163434#7	0
2303	Q0	56038#1	0
2303	Q0	1330753#13	0
2303	Q0	56038#13	0
2303	Q0	56038#5	0
2305	Q0	64674#4	1
2305	Q0	64673#1	0
2305	Q0	1472042#12	0
2305	Q0	64674#2	0
2305	Q0	1316422#4	0
2305	Q0	473114#2	0
2305	Q0	1472042#0	0
2305	Q0	63623#6	0
2305	Q0	705202#5	0
2305	Q0	1398#10	0
2305	Q0	10691#9	0
2306	Q0	41706#0	1
2306	Q0	184166#0	1
2306	Q0	41706#6	1
2306	Q0	998776#1	0
2306	Q0	1330135#2	0
2306	Q0	1251667#1	0
2306	Q0	644056#2	0
2306	Q0	41706#20	0
2306	Q0	41706#9	0
2306	Q0	1169880#2	0
2307	Q0	103281#0	1
2307	Q0	173196#16	1
2307	Q0	103281#4	0
2307	Q0	481397#1	0
2307	Q0	38404#16	0
2307	Q0	481397#15	0
2307	Q0	417797#11	0
2307	Q0	481397#13	0
2307	Q0	948722#3	0
2307	Q0	103255#1	0
2309	Q0	546277#2	1
2309	Q0	518389#14	0
2309	Q0	546277#4	0
2309	Q0	1038894#0	0
2309	Q0	1149210#5	0
2309	Q0	1117052#10	0
2309	Q0	1488457#23	0
2309	Q0	76435#20	0
2309	Q0	306275#5	0
2309	Q0	1370837#5	0
2311	Q0	1009901#10	1
2311	Q0	1009901#2	1
2311	Q0	15677#12	1
2311	Q0	1009901#0	1
2311	Q0	474424#1	1
2311	Q0	191#0	1
2311	Q0	1311321#4	0
2311	Q0	323232#1	0
2311	Q0	191#20	0
2311	Q0	781647#20	0
2311	Q0	323232#2	0
2312	Q0	19957#18	1
2312	Q0	8901#0	1
2312	Q0	105864#7	0
2312	Q0	8901#2	0
2312	Q0	64623#4	0
2312	Q0	226688#6	0
2312	Q0	8901#13	0
2312	Q0	59129#52	0
2312	Q0	8901#21	0
2312	Q0	8901#20	0
2312	Q0	8901#17	0
2315	Q0	7446#55	1
2315	Q0	26929#2	1
2315	Q0	26929#0	1
2315	Q0	356804#1	0
2315	Q0	26929#12	0
2315	Q0	26929#4	0
2315	Q0	1227655#1	0
2315	Q0	484205#3	0
2315	Q0	277572#2	0
2315	Q0	1452772#2	0
2318	Q0	7060#1	1
2318	Q0	159535#0	0
2318	Q0	1352059#0	0
2318	Q0	264353#28	0
2318	Q0	259795#35	0
2318	Q0	198128#4	0
2318	Q0	911836#0	0
2318	Q0	340604#0	0
2318	Q0	38915#31	0
2318	Q0	1145132#1	0
2323	Q0	498#2	1
2323	Q0	546834#1	0
2323	Q0	20396#1	0
2323	Q0	498#9	0
2323	Q0	498#24	0
2323	Q0	153122#2	0
2323	Q0	498#44	0
2323	Q0	105431#0	0
2323	Q0	1089292#0	0
2323	Q0	63932#4	0
2324	Q0	737546#13	1
2324	Q0	1290633#0	1
2324	Q0	737546#0	0
2324	Q0	737546#14	0
2324	Q0	657130#2	0
2324	Q0	1303709#0	0
2324	Q0	737546#2	0
2324	Q0	1090250#0	0
2324	Q0	1266529#10	0
2324	Q0	1290633#2	0
2325	Q0	1368211#3	1
2325	Q0	1334559#0	1
2325	Q0	1334559#11	1
2325	Q0	1368211#0	0
2325	Q0	1368211#2	0
2325	Q0	1368211#16	0
2325	Q0	1368211#21	0
2325	Q0	1368211#19	0
2325	Q0	1334559#4	0
2325	Q0	1366030#2	0
2326	Q0	1227951#1	1
2326	Q0	1227951#2	0
2326	Q0	1227951#0	0
2326	Q0	1227951#3	0
2326	Q0	1227951#4	0
2326	Q0	1227951#5	0
2326	Q0	133773#7	0
2326	Q0	1493683#1	0
2326	Q0	21306#10	0
2326	Q0	1189678#38	0
2327	Q0	32944#1	1
2327	Q0	248489#0	1
2327	Q0	951#5	1
2327	Q0	8667#54	1
2327	Q0	32944#2	0
2327	Q0	13561#7	0
2327	Q0	951#15	0
2327	Q0	975887#6	0
2327	Q0	9855#6	0
2327	Q0	122762#0	0
2328	Q0	91688#4	1
2328	Q0	91688#0	1
2328	Q0	91688#2	1
2328	Q0	91688#1	1
2328	Q0	452626#7	0
2328	Q0	141306#2	0
2328	Q0	1395699#1	0
2328	Q0	1456711#5	0
2328	Q0	877475#0	0
2328	Q0	91688#3	0
2331	Q0	27769#42	1
2331	Q0	1119496#3	1
2331	Q0	15760#6	1
2331	Q0	27769#1	1
2331	Q0	365057#0	0
2331	Q0	27769#9	0
2331	Q0	27769#35	0
2331	Q0	27769#14	0
2331	Q0	27769#30	0
2331	Q0	360706#3	0
2331	Q0	1119496#1	0
2332	Q0	11429#7	1
2332	Q0	163055#2	1
2332	Q0	163055#1	0
2332	Q0	1066842#0	0
2332	Q0	163153#0	0
2332	Q0	163103#1	0
2332	Q0	1433676#0	0
2332	Q0	163055#0	0
2332	Q0	11429#12	0
2332	Q0	431752#1	0
2333	Q0	839853#13	1
2333	Q0	839853#0	1
2333	Q0	214400#6	1
2333	Q0	411927#1	1
2333	Q0	74520#2	0
2333	Q0	839853#10	0
2333	Q0	839853#14	0
2333	Q0	551307#40	0
2333	Q0	1108464#3	0
2333	Q0	1039636#2	0
2334	Q0	60122#2	1
2334	Q0	60122#1	1
2334	Q0	60122#4	0
2334	Q0	60122#8	0
2334	Q0	60122#5	0
2334	Q0	60122#9	0
2334	Q0	60122#3	0
2334	Q0	60122#14	0
2334	Q0	60122#7	0
2334	Q0	60122#0	0
2335	Q0	313443#0	1
2335	Q0	846204#0	1
2335	Q0	218260#8	1
2335	Q0	1098488#0	0
2335	Q0	846204#3	0
2335	Q0	288070#1	0
2335	Q0	609275#0	0
2335	Q0	352216#1	0
2335	Q0	313443#2	0
2335	Q0	70667#7	0
2336	Q0	200472#10	1
2336	Q0	184217#0	1
2336	Q0	200472#2	1
2336	Q0	540#1	1
2336	Q0	200472#1	1
2336	Q0	200472#18	0
2336	Q0	200472#11	0
2336	Q0	1143803#3	0
2336	Q0	623149#0	0
2336	Q0	200472#25	0
2336	Q0	1149008#3	0
2337	Q0	22534#1	1
2337	Q0	22534#2	0
2337	Q0	22534#0	0
2337	Q0	1452665#2	0
2337	Q0	168735#3	0
2337	Q0	168735#0	0
2337	Q0	31052#3	0
2337	Q0	1488233#2	0
2337	Q0	406294#0	0
2337	Q0	22534#3	0
2338	Q0	9921#0	1
2338	Q0	9921#34	1
2338	Q0	9921#2	0
2338	Q0	134846#1	0
2338	Q0	1255243#0	0
2338	Q0	1255239#0	0
2338	Q0	1255234#0	0
2338	Q0	1020572#0	0
2338	Q0	1255240#0	0
2338	Q0	9921#35	0
2339	Q0	63258#4	1
2339	Q0	63258#0	0
2339	Q0	63258#13	0
2339	Q0	496947#10	0
2339	Q0	498818#14	0
2339	Q0	416960#13	0
2339	Q0	416960#12	0
2339	Q0	496947#18	0
2339	Q0	500130#4	0
2339	Q0	63258#6	0
2339	Q0	55887#6	0
2341	Q0	64674#1	1
2341	Q0	171203#16	0
2341	Q0	61134#7	0
2341	Q0	1208050#0	0
2341	Q0	171203#28	0
2341	Q0	534136#83	0
2341	Q0	171203#9	0
2341	Q0	480071#0	0
2341	Q0	1019636#2	0
2341	Q0	469087#0	0
2341	Q0	230929#3	0
2342	Q0	495633#1	1
2342	Q0	495633#8	1
2342	Q0	495633#7	0
2342	Q0	495633#5	0
2342	Q0	495633#4	0
2342	Q0	495633#6	0
2342	Q0	55524#19	0
2342	Q0	495633#2	0
2342	Q0	55524#25	0
2342	Q0	495633#3	0
2343	Q0	1413748#15	1
2343	Q0	1179288#8	1
2343	Q0	1413748#0	1
2343	Q0	1413748#14	0
2343	Q0	338332#8	0
2343	Q0	1413748#4	0
2343	Q0	1413748#1	0
2343	Q0	162230#4	0
2343	Q0	112795#3	0
2343	Q0	1413748#13	0
2345	Q0	1113584#10	1
2345	Q0	6020#21	1
2345	Q0	101244#4	1
2345	Q0	6020#5	1
2345	Q0	28591#0	0
2345	Q0	6020#4	0
2345	Q0	6020#9	0
2345	Q0	962163#2	0
2345	Q0	191942#1	0
2345	Q0	502853#5	0
2345	Q0	1113584#9	0
2346	Q0	5560#2	1
2346	Q0	5560#13	0
2346	Q0	1222645#1	0
2346	Q0	234760#1	0
2346	Q0	382316#0	0
2346	Q0	1431977#1	0
2346	Q0	551780#0	0
2346	Q0	480265#0	0
2346	Q0	1222645#4	0
2346	Q0	746162#8	0
2346	Q0	337547#4	0
2347	Q0	184603#0	1
2347	Q0	184603#3	0
2347	Q0	184603#2	0
2347	Q0	184603#6	0
2347	Q0	184603#5	0
2347	Q0	184603#7	0
2347	Q0	184603#4	0
2347	Q0	184603#9	0
2347	Q0	184603#8	0
2347	Q0	184603#11	0
2348	Q0	316821#2	1
2348	Q0	428932#0	1
2348	Q0	1224044#0	1
2348	Q0	316821#0	0
2348	Q0	316821#1	0
2348	Q0	54#5	0
2348	Q0	560888#15	0
2348	Q0	356224#9	0
2348	Q0	562433#12	0
2348	Q0	316821#25	0
2349	Q0	33783#30	1
2349	Q0	33783#17	1
2349	Q0	33783#18	1
2349	Q0	33783#27	0
2349	Q0	33783#1	0
2349	Q0	954251#2	0
2349	Q0	328320#2	0
2349	Q0	1133639#0	0
2349	Q0	33783#7	0
2349	Q0	33783#29	0
2350	Q0	8498#0	1
2350	Q0	191468#0	1
2350	Q0	191468#1	1
2350	Q0	282880#20	0
2350	Q0	282594#0	0
2350	Q0	799984#3	0
2350	Q0	282880#2	0
2350	Q0	1016652#0	0
2350	Q0	282880#1	0
2350	Q0	282880#19	0
2350	Q0	8293#17	0
2350	Q0	191468#3	0
2351	Q0	407505#0	1
2351	Q0	407505#31	0
2351	Q0	27823#8	0
2351	Q0	407505#35	0
2351	Q0	149222#4	0
2351	Q0	491568#2	0
2351	Q0	1171392#1	0
2351	Q0	282212#3	0
2351	Q0	28590#5	0
2351	Q0	59023#2	0
2352	Q0	889827#0	1
2352	Q0	889827#8	0
2352	Q0	889827#6	0
2352	Q0	889827#5	0
2352	Q0	889827#4	0
2352	Q0	889827#1	0
2352	Q0	889827#3	0
2352	Q0	889827#2	0
2352	Q0	889827#10	0
2352	Q0	889827#11	0
2354	Q0	17273#1	1
2354	Q0	17273#0	1
2354	Q0	17273#32	0
2354	Q0	17273#2	0
2354	Q0	664623#1	0
2354	Q0	17273#3	0
2354	Q0	17273#31	0
2354	Q0	100656#1	0
2354	Q0	17273#6	0
2354	Q0	486107#0	0
2355	Q0	620271#1	1
2355	Q0	620271#0	0
2355	Q0	620271#15	0
2355	Q0	620271#9	0
2355	Q0	620271#5	0
2355	Q0	620271#2	0
2355	Q0	214509#17	0
2355	Q0	620271#4	0
2355	Q0	1211456#3	0
2355	Q0	1375791#11	0
2356	Q0	217855#5	1
2356	Q0	5890#2	1
2356	Q0	516411#2	0
2356	Q0	217855#1	0
2356	Q0	217855#15	0
2356	Q0	5890#5	0
2356	Q0	18691#23	0
2356	Q0	129236#0	0
2356	Q0	18691#13	0
2356	Q0	217855#2	0
2356	Q0	18691#12	0
2357	Q0	131891#0	1
2357	Q0	131891#20	0
2357	Q0	131891#8	0
2357	Q0	131891#25	0
2357	Q0	131891#24	0
2357	Q0	131891#18	0
2357	Q0	131891#28	0
2357	Q0	131891#2	0
2357	Q0	131891#1	0
2357	Q0	131891#13	0
2358	Q0	49785#1	1
2358	Q0	1431963#0	1
2358	Q0	633694#0	1
2358	Q0	430#0	1
2358	Q0	633694#2	0
2358	Q0	633694#1	0
2358	Q0	1433964#10	0
2358	Q0	166423#0	0
2358	Q0	1431963#5	0
2358	Q0	1431963#6	0
2358	Q0	1435646#0	0
2359	Q0	90664#0	1
2359	Q0	90664#9	1
2359	Q0	5052#7	1
2359	Q0	5052#0	0
2359	Q0	1024580#23	0
2359	Q0	1024580#1	0
2359	Q0	1024517#15	0
2359	Q0	50881#0	0
2359	Q0	7884#12	0
2359	Q0	5051#41	0
2360	Q0	200006#0	1
2360	Q0	51671#2	1
2360	Q0	145756#3	0
2360	Q0	51671#3	0
2360	Q0	542559#1	0
2360	Q0	226114#1	0
2360	Q0	172958#5	0
2360	Q0	369856#1	0
2360	Q0	264353#23	0
2360	Q0	1190103#0	0
2360	Q0	1212445#0	0
2361	Q0	990169#5	1
2361	Q0	990172#0	1
2361	Q0	990169#3	1
2361	Q0	990176#0	1
2361	Q0	990169#0	1
2361	Q0	1124886#0	1
2361	Q0	990169#1	1
2361	Q0	816205#4	1
2361	Q0	990172#3	0
2361	Q0	990169#2	0
2361	Q0	1276349#67	0
2362	Q0	38#6	1
2362	Q0	11224#0	1
2362	Q0	11224#5	1
2362	Q0	226392#2	1
2362	Q0	227297#16	0
2362	Q0	145364#0	0
2362	Q0	11224#2	0
2362	Q0	11224#1	0
2362	Q0	11224#8	0
2362	Q0	1278510#0	0
2363	Q0	9122#0	1
2363	Q0	683949#0	0
2363	Q0	1059327#0	0
2363	Q0	683949#3	0
2363	Q0	8644#0	0
2363	Q0	9122#48	0
2363	Q0	9122#47	0
2363	Q0	9122#1	0
2363	Q0	1022205#4	0
2363	Q0	683943#0	0
2364	Q0	30248#0	1
2364	Q0	30248#4	0
2364	Q0	30248#1	0
2364	Q0	30248#6	0
2364	Q0	30248#3	0
2364	Q0	250463#0	0
2364	Q0	330407#0	0
2364	Q0	823428#0	0
2364	Q0	885273#0	0
2364	Q0	466874#0	0
2365	Q0	53188#0	1
2365	Q0	53188#12	1
2365	Q0	53188#11	1
2365	Q0	53188#1	0
2365	Q0	53188#6	0
2365	Q0	203877#0	0
2365	Q0	53188#13	0
2365	Q0	506794#15	0
2365	Q0	53188#4	0
2365	Q0	53188#5	0
2366	Q0	8550#24	1
2366	Q0	715456#0	0
2366	Q0	8550#41	0
2366	Q0	145195#0	0
2366	Q0	8550#55	0
2366	Q0	673532#0	0
2366	Q0	422933#0	0
2366	Q0	790345#6	0
2366	Q0	1430573#1	0
2366	Q0	1479488#2	0
2366	Q0	987094#2	0
2367	Q0	46811#1	1
2367	Q0	252479#1	0
2367	Q0	156095#1	0
2367	Q0	46811#9	0
2367	Q0	131552#1	0
2367	Q0	962609#2	0
2367	Q0	983535#2	0
2367	Q0	304792#1	0
2367	Q0	110909#5	0
2368	Q0	80318#0	1
2368	Q0	80318#9	0
2368	Q0	80318#13	0
2368	Q0	80318#10	0
2368	Q0	80318#1	0
2368	Q0	923717#0	0
2368	Q0	80318#3	0
2368	Q0	443376#1	0
2368	Q0	80318#2	0
2368	Q0	443376#3	0
2370	Q0	16956#10	1
2370	Q0	16956#4	0
2370	Q0	447987#0	0
2370	Q0	445476#0	0
2370	Q0	16956#8	0
2370	Q0	18124#4	0
2370	Q0	308588#3	0
2370	Q0	6002#58	0
2370	Q0	6002#61	0
2370	Q0	219870#3	0
2371	Q0	241220#2	1
2371	Q0	241220#1	1
2371	Q0	1436929#5	0
2371	Q0	1436929#4	0
2371	Q0	241220#7	0
2371	Q0	241220#0	0
2371	Q0	241220#6	0
2371	Q0	241220#4	0
2371	Q0	1021120#4	0
2371	Q0	133754#1	0
2373	Q0	724148#0	1
2373	Q0	502007#0	1
2373	Q0	461736#0	1
2373	Q0	277554#0	1
2373	Q0	103431#6	0
2373	Q0	757861#0	0
2373	Q0	104416#4	0
2373	Q0	40832#11	0
2373	Q0	919495#6	0
2373	Q0	104416#8	0
2375	Q0	783149#0	1
2375	Q0	783149#17	1
2375	Q0	783149#1	0
2375	Q0	783149#4	0
2375	Q0	783149#2	0
2375	Q0	783149#13	0
2375	Q0	576225#1	0
2375	Q0	783149#3	0
2375	Q0	471767#0	0
2375	Q0	419448#0	0
2378	Q0	442670#2	1
2378	Q0	442670#0	1
2378	Q0	626544#1	0
2378	Q0	443207#1	0
2378	Q0	442670#6	0
2378	Q0	442670#5	0
2378	Q0	442670#3	0
2378	Q0	442670#4	0
2378	Q0	442670#1	0
2378	Q0	442670#8	0
2379	Q0	93046#0	1
2379	Q0	760951#0	1
2379	Q0	93046#6	0
2379	Q0	832904#0	0
2379	Q0	93046#1	0
2379	Q0	711462#3	0
2379	Q0	1049281#1	0
2379	Q0	147775#1	0
2379	Q0	1163275#0	0
2379	Q0	1209635#0	0
2380	Q0	1482666#2	1
2380	Q0	1013608#0	1
2380	Q0	1013608#4	0
2380	Q0	1013608#18	0
2380	Q0	1013608#19	0
2380	Q0	1013608#13	0
2380	Q0	1013608#3	0
2380	Q0	1013608#5	0
2380	Q0	1013608#20	0
2380	Q0	1013608#30	0
2382	Q0	13993#9	1
2382	Q0	101882#2	1
2382	Q0	184405#3	0
2382	Q0	362387#1	0
2382	Q0	18414#38	0
2382	Q0	89749#12	0
2382	Q0	1327326#2	0
2382	Q0	675615#2	0
2382	Q0	886303#5	0
2382	Q0	956910#1	0
2382	Q0	184395#1	0
2384	Q0	5654#0	1
2384	Q0	5654#20	1
2384	Q0	46963#16	1
2384	Q0	5654#13	0
2384	Q0	5654#5	0
2384	Q0	5654#2	0
2384	Q0	5654#18	0
2384	Q0	5654#1	0
2384	Q0	55295#9	0
2384	Q0	5654#4	0
2385	Q0	243839#0	1
2385	Q0	969329#0	0
2385	Q0	131529#0	0
2385	Q0	35921#0	0
2385	Q0	1183110#0	0
2385	Q0	67631#0	0
2385	Q0	1109884#0	0
2385	Q0	764782#0	0
2385	Q0	1301135#0	0
2385	Q0	35921#1	0
2386	Q0	12286#0	1
2386	Q0	736627#45	1
2386	Q0	736627#23	1
2386	Q0	12288#19	1
2386	Q0	700653#1	1
2386	Q0	398017#13	1
2386	Q0	736627#2	1
2386	Q0	12286#2	1
2386	Q0	151244#0	0
2386	Q0	12286#7	0
2387	Q0	45287#2	1
2387	Q0	1298940#2	1
2387	Q0	72354#1	1
2387	Q0	38287#20	1
2387	Q0	1307798#15	1
2387	Q0	1284049#5	1
2387	Q0	72354#2	0
2387	Q0	212308#1	0
2387	Q0	1397552#3	0
2387	Q0	1294526#3	0
2388	Q0	852#0	1
2388	Q0	47362#1	1
2388	Q0	143578#0	1
2388	Q0	113635#37	0
2388	Q0	852#30	0
2388	Q0	114067#2	0
2388	Q0	143578#16	0
2388	Q0	47362#2	0
2388	Q0	15989#2	0
2388	Q0	69647#1	0
2389	Q0	1484530#0	1
2389	Q0	1484530#17	1
2389	Q0	1484530#18	0
2389	Q0	1484530#10	0
2389	Q0	1484530#1	0
2389	Q0	1484530#14	0
2389	Q0	1484530#13	0
2389	Q0	1484530#15	0
2389	Q0	1484530#2	0
2389	Q0	1484530#12	0
2390	Q0	592892#0	1
2390	Q0	31541#1	1
2390	Q0	358413#0	1
2390	Q0	76480#2	0
2390	Q0	31541#6	0
2390	Q0	358413#1	0
2390	Q0	54249#3	0
2390	Q0	53968#1	0
2390	Q0	367040#21	0
2390	Q0	1133694#3	0
2390	Q0	636645#4	0
2391	Q0	38005#0	1
2391	Q0	38005#1	0
2391	Q0	1200841#0	0
2391	Q0	965842#0	0
2391	Q0	11671#0	0
2391	Q0	1453174#0	0
2391	Q0	1372501#0	0
2391	Q0	1422820#0	0
2391	Q0	104373#0	0
2391	Q0	510188#0	0
2392	Q0	82024#1	1
2392	Q0	298228#7	1
2392	Q0	10282#2	1
2392	Q0	289443#0	0
2392	Q0	10282#16	0
2392	Q0	13430#1	0
2392	Q0	299822#1	0
2392	Q0	160897#0	0
2392	Q0	298228#1	0
2392	Q0	826085#1	0
2392	Q0	10282#8	0
2393	Q0	48263#2	1
2393	Q0	1200852#3	0
2393	Q0	1200852#1	0
2393	Q0	1200852#11	0
2393	Q0	1207222#2	0
2393	Q0	1200820#2	0
2393	Q0	1200852#13	0
2393	Q0	1008439#11	0
2393	Q0	1404323#0	0
2393	Q0	1200852#0	0
2394	Q0	149634#0	1
2394	Q0	36909#1	1
2394	Q0	380#16	1
2394	Q0	149634#1	0
2394	Q0	5675#3	0
2394	Q0	206881#0	0
2394	Q0	223637#0	0
2394	Q0	480345#0	0
2394	Q0	158470#0	0
2394	Q0	53612#0	0
2395	Q0	569732#1	1
2395	Q0	1325209#1	0
2395	Q0	569732#0	0
2395	Q0	49670#9	0
2395	Q0	569732#7	0
2395	Q0	1435735#1	0
2395	Q0	289100#6	0
2395	Q0	313769#8	0
2395	Q0	1284328#68	0
2395	Q0	1226092#2	0
2396	Q0	8660#2	1
2396	Q0	8660#0	1
2396	Q0	8660#3	1
2396	Q0	8660#9	0
2396	Q0	8660#15	0
2396	Q0	1171071#1	0
2396	Q0	8660#13	0
2396	Q0	8660#23	0
2396	Q0	8660#5	0
2396	Q0	8660#37	0
2397	Q0	169124#0	1
2397	Q0	169124#22	1
2397	Q0	169124#2	0
2397	Q0	169124#19	0
2397	Q0	169124#5	0
2397	Q0	169124#15	0
2397	Q0	7671#12	0
2397	Q0	169124#7	0
2397	Q0	218350#4	0
2397	Q0	1285877#16	0
2398	Q0	26146#0	1
2398	Q0	6653#33	1
2398	Q0	895388#38	1
2398	Q0	5355#24	1
2398	Q0	487021#7	0
2398	Q0	26146#8	0
2398	Q0	26146#22	0
2398	Q0	26146#25	0
2398	Q0	26146#26	0
2398	Q0	26146#11	0
2398	Q0	26146#20	0
2400	Q0	1166208#1	1
2400	Q0	1299750#1	0
2400	Q0	1299752#1	0
2400	Q0	1166208#4	0
2400	Q0	1296998#6	0
2400	Q0	1299721#1	0
2400	Q0	1166308#1	0
2400	Q0	1299676#1	0
2400	Q0	1296998#5	0
2400	Q0	1310879#1	0
2401	Q0	847790#19	1
2401	Q0	1447383#17	1
2401	Q0	31550#0	1
2401	Q0	847790#17	0
2401	Q0	1341557#1	0
2401	Q0	1341557#0	0
2401	Q0	847790#21	0
2401	Q0	847790#2	0
2401	Q0	43946#14	0
2401	Q0	847790#15	0
2401	Q0	827689#0	0
2402	Q0	11572#0	1
2402	Q0	524333#2	1
2402	Q0	11572#4	0
2402	Q0	11572#2	0
2402	Q0	11572#1	0
2402	Q0	11572#3	0
2402	Q0	33911#0	0
2402	Q0	1153614#0	0
2402	Q0	78027#21	0
2402	Q0	963061#0	0
2403	Q0	142079#3	1
2403	Q0	792384#1	0
2403	Q0	142079#12	0
2403	Q0	142079#6	0
2403	Q0	142079#13	0
2403	Q0	279589#29	0
2403	Q0	994992#1	0
2403	Q0	142079#7	0
2403	Q0	1454804#1	0
2403	Q0	189353#0	0
2403	Q0	142079#2	0
2404	Q0	379579#7	1
2404	Q0	379579#24	1
2404	Q0	1397756#6	0
2404	Q0	1397756#0	0
2404	Q0	1397756#3	0
2404	Q0	1397756#4	0
2404	Q0	379579#1	0
2404	Q0	379579#12	0
2404	Q0	379579#20	0
2404	Q0	386001#2	0
2405	Q0	5980#0	1
2405	Q0	1237#14	1
2405	Q0	959989#10	1
2405	Q0	1237#0	1
2405	Q0	713754#0	0
2405	Q0	840928#0	0
2405	Q0	5980#17	0
2405	Q0	5980#11	0
2405	Q0	5980#6	0
2405	Q0	91208#12	0
2405	Q0	5980#2	0
2407	Q0	646613#9	1
2407	Q0	13597#1	1
2407	Q0	297362#1	0
2407	Q0	936868#17	0
2407	Q0	38122#3	0
2407	Q0	936868#10	0
2407	Q0	975887#6	0
2407	Q0	928394#5	0
2407	Q0	832579#0	0
2407	Q0	568351#3	0
2407	Q0	1220902#14	0
2408	Q0	10917#2	1
2408	Q0	20825#7	1
2408	Q0	10917#3	0
2408	Q0	10917#0	0
2408	Q0	65854#10	0
2408	Q0	5831#2	0
2408	Q0	659028#2	0
2408	Q0	290658#10	0
2408	Q0	1079069#2	0
2408	Q0	310557#2	0
2409	Q0	956989#1	1
2409	Q0	873407#0	0
2409	Q0	1383181#1	0
2409	Q0	956989#0	0
2409	Q0	956989#3	0
2409	Q0	1383181#0	0
2409	Q0	1401690#3	0
2409	Q0	956989#12	0
2409	Q0	142622#1	0
2409	Q0	1013691#3	0
2410	Q0	471013#5	1
2410	Q0	471013#20	1
2410	Q0	471013#29	1
2410	Q0	471013#4	1
2410	Q0	496944#10	1
2410	Q0	471013#26	0
2410	Q0	49034#2	0
2410	Q0	471029#3	0
2410	Q0	471013#9	0
2410	Q0	471013#0	0
2410	Q0	851#12	0
2413	Q0	275839#0	1
2413	Q0	275839#1	1
2413	Q0	275839#12	0
2413	Q0	275839#3	0
2413	Q0	275839#6	0
2413	Q0	1010957#23	0
2413	Q0	841172#0	0
2413	Q0	539163#0	0
2413	Q0	329032#0	0
2413	Q0	275839#2	0
2415	Q0	1341468#0	1
2415	Q0	1341468#4	1
2415	Q0	1304420#4	1
2415	Q0	1341468#1	0
2415	Q0	1341468#2	0
2415	Q0	1341468#3	0
2415	Q0	1341468#6	0
2415	Q0	419097#3	0
2415	Q0	1341468#5	0
2415	Q0	1341468#7	0
2416	Q0	540#0	1
2416	Q0	32743#0	1
2416	Q0	31809#0	0
2416	Q0	19621#1	0
2416	Q0	158625#0	0
2416	Q0	11145#0	0
2416	Q0	42086#23	0
2416	Q0	106322#0	0
2416	Q0	9249#0	0
2416	Q0	68543#0	0
2418	Q0	96770#0	1
2418	Q0	41145#29	0
2418	Q0	96769#0	0
2418	Q0	1344121#8	0
2418	Q0	286477#5	0
2418	Q0	724037#6	0
2418	Q0	458389#0	0
2418	Q0	286477#2	0
2418	Q0	286477#0	0
2418	Q0	1194458#1	0
2419	Q0	976065#0	1
2419	Q0	976065#1	0
2419	Q0	976065#5	0
2419	Q0	976065#6	0
2419	Q0	976065#3	0
2419	Q0	976065#4	0
2419	Q0	976065#2	0
2419	Q0	332857#3	0
2419	Q0	479428#3	0
2419	Q0	994766#2	0
2420	Q0	1321#16	1
2420	Q0	164530#1	0
2420	Q0	1321#10	0
2420	Q0	419180#2	0
2420	Q0	29855#0	0
2420	Q0	295161#2	0
2420	Q0	9379#33	0
2420	Q0	95439#19	0
2420	Q0	193642#28	0
2420	Q0	904993#2	0
2421	Q0	1109440#3	1
2421	Q0	1109440#1	0
2421	Q0	365987#3	0
2421	Q0	1109440#7	0
2421	Q0	1109440#0	0
2421	Q0	189291#15	0
2421	Q0	1312786#5	0
2421	Q0	203829#2	0
2421	Q0	507313#3	0
2421	Q0	1125269#0	0
2422	Q0	11275#1	1
2422	Q0	11275#12	0
2422	Q0	1225999#7	0
2422	Q0	127630#1	0
2422	Q0	202172#0	0
2422	Q0	582670#1	0
2422	Q0	476079#1	0
2422	Q0	156470#0	0
2422	Q0	98707#1	0
2422	Q0	628659#1	0
2423	Q0	909934#17	1
2423	Q0	1092#42	1
2423	Q0	587706#0	1
2423	Q0	466983#0	0
2423	Q0	551741#0	0
2423	Q0	427540#0	0
2423	Q0	292448#4	0
2423	Q0	155504#0	0
2423	Q0	236499#0	0
2423	Q0	829004#0	0
2424	Q0	183307#0	1
2424	Q0	506394#7	1
2424	Q0	1150#63	0
2424	Q0	1065#54	0
2424	Q0	411735#0	0
2424	Q0	8617#36	0
2424	Q0	352272#5	0
2424	Q0	1150#88	0
2424	Q0	1150#112	0
2424	Q0	1442950#0	0
2425	Q0	37715#3	1
2425	Q0	336880#0	1
2425	Q0	26#5	1
2425	Q0	26#6	0
2425	Q0	18#0	0
2425	Q0	607255#1	0
2425	Q0	287155#4	0
2425	Q0	176660#0	0
2425	Q0	133353#5	0
2425	Q0	588983#12	0
2426	Q0	984#41	1
2426	Q0	69657#0	1
2426	Q0	984#15	0
2426	Q0	984#40	0
2426	Q0	73466#8	0
2426	Q0	984#70	0
2426	Q0	323382#0	0
2426	Q0	984#13	0
2426	Q0	155394#0	0
2426	Q0	984#55	0
2427	Q0	1329#0	1
2427	Q0	1142017#0	1
2427	Q0	625516#1	0
2427	Q0	121315#5	0
2427	Q0	211923#1	0
2427	Q0	1316#8	0
2427	Q0	977596#3	0
2427	Q0	61425#15	0
2427	Q0	459583#2	0
2427	Q0	59603#5	0
2429	Q0	609537#17	1
2429	Q0	609537#0	1
2429	Q0	609537#7	0
2429	Q0	609537#10	0
2429	Q0	609537#1	0
2429	Q0	609537#2	0
2429	Q0	1259618#5	0
2429	Q0	501951#6	0
2429	Q0	1259618#0	0
2429	Q0	1259618#1	0
2430	Q0	795222#6	1
2430	Q0	1232#21	1
2430	Q0	1460110#1	0
2430	Q0	1232#2	0
2430	Q0	1258473#1	0
2430	Q0	1478593#1	0
2430	Q0	148562#2	0
2430	Q0	145195#0	0
2430	Q0	575625#1	0
2430	Q0	148538#1	0
2430	Q0	464332#1	0
2431	Q0	243168#0	1
2431	Q0	296313#0	0
2431	Q0	243168#1	0
2431	Q0	79589#0	0
2431	Q0	1117479#0	0
2431	Q0	871728#0	0
2431	Q0	794#0	0
2431	Q0	199877#0	0
2431	Q0	34326#4	0
2431	Q0	5515#50	0
2432	Q0	377521#0	1
2432	Q0	11775#7	1
2432	Q0	881205#0	0
2432	Q0	75774#2	0
2432	Q0	188504#0	0
2432	Q0	871819#0	0
2432	Q0	692240#0	0
2432	Q0	64673#0	0
2432	Q0	1350#16	0
2432	Q0	794421#0	0
2432	Q0	877035#0	0
2433	Q0	140555#3	1
2433	Q0	140555#0	1
2433	Q0	852320#0	0
2433	Q0	140555#20	0
2433	Q0	140555#41	0
2433	Q0	140555#11	0
2433	Q0	140555#12	0
2433	Q0	853437#0	0
2433	Q0	853450#0	0
2433	Q0	140555#37	0
2435	Q0	7918#1	1
2435	Q0	7918#0	1
2435	Q0	7918#7	0
2435	Q0	183629#1	0
2435	Q0	155905#1	0
2435	Q0	7918#3	0
2435	Q0	7918#11	0
2435	Q0	463136#0	0
2435	Q0	7918#4	0
2435	Q0	174327#22	0
2436	Q0	507#0	1
2436	Q0	54#0	1
2436	Q0	7172#0	0
2436	Q0	816240#1	0
2436	Q0	43622#0	0
2436	Q0	1202134#0	0
2436	Q0	1189977#0	0
2436	Q0	154164#0	0
2436	Q0	43678#0	0
2436	Q0	1184371#0	0
2437	Q0	145017#9	1
2437	Q0	27769#12	1
2437	Q0	27769#0	1
2437	Q0	1119496#3	1
2437	Q0	15760#6	1
2437	Q0	27769#6	1
2437	Q0	27769#36	0
2437	Q0	27769#33	0
2437	Q0	27769#30	0
2437	Q0	27769#35	0
2437	Q0	27769#18	0
2438	Q0	1482757#1	1
2438	Q0	1482757#9	0
2438	Q0	1482757#2	0
2438	Q0	1482757#0	0
2438	Q0	1482757#4	0
2438	Q0	1487297#1	0
2438	Q0	1482356#1	0
2438	Q0	1455525#1	0
2438	Q0	759182#1	0
2438	Q0	231261#0	0
2439	Q0	1096732#6	1
2439	Q0	31679#4	1
2439	Q0	31679#6	0
2439	Q0	578330#1	0
2439	Q0	31679#8	0
2439	Q0	529548#3	0
2439	Q0	702765#1	0
2439	Q0	510215#5	0
2439	Q0	1331770#1	0
2439	Q0	282801#1	0
2440	Q0	15417#0	1
2440	Q0	27864#12	1
2440	Q0	251691#55	1
2440	Q0	1121932#1	0
2440	Q0	15417#25	0
2440	Q0	15417#24	0
2440	Q0	1121932#3	0
2440	Q0	968721#0	0
2440	Q0	1121932#2	0
2440	Q0	1121932#0	0
2441	Q0	24881#11	1
2441	Q0	430172#0	0
2441	Q0	105067#0	0
2441	Q0	19466#1	0
2441	Q0	108864#4	0
2441	Q0	189648#0	0
2441	Q0	130621#15	0
2441	Q0	171609#2	0
2441	Q0	366846#0	0
2441	Q0	405#1	0
2442	Q0	17918#5	1
2442	Q0	486456#3	1
2442	Q0	106970#1	1
2442	Q0	9846#5	1
2442	Q0	17918#10	0
2442	Q0	5302#3	0
2442	Q0	35105#2	0
2442	Q0	204606#2	0
2442	Q0	269077#4	0
2442	Q0	506235#13	0
2442	Q0	400774#2	0
2443	Q0	143273#1	1
2443	Q0	85#53	0
2443	Q0	143273#14	0
2443	Q0	143273#12	0
2443	Q0	103326#0	0
2443	Q0	1033362#5	0
2443	Q0	23138#0	0
2443	Q0	1283656#6	0
2443	Q0	786839#5	0
2443	Q0	7947#35	0
2443	Q0	1032767#0	0
2446	Q0	63877#0	1
2446	Q0	531540#0	0
2446	Q0	848558#0	0
2446	Q0	63705#0	0
2446	Q0	397351#0	0
2446	Q0	13284#0	0
2446	Q0	1403906#1	0
2446	Q0	1378398#0	0
2446	Q0	339676#0	0
2446	Q0	63877#1	0
2448	Q0	16713#20	1
2448	Q0	1141592#3	1
2448	Q0	143578#4	1
2448	Q0	143578#2	1
2448	Q0	298144#4	0
2448	Q0	16892#22	0
2448	Q0	1222989#16	0
2448	Q0	579366#18	0
2448	Q0	1283#46	0
2448	Q0	579366#24	0
2448	Q0	1223002#16	0
2449	Q0	682956#2	1
2449	Q0	682956#1	0
2449	Q0	682956#3	0
2449	Q0	682956#14	0
2449	Q0	66027#4	0
2449	Q0	682956#16	0
2449	Q0	1005821#1	0
2449	Q0	53278#2	0
2449	Q0	952996#1	0
2449	Q0	399087#1	0
2452	Q0	759825#4	1
2452	Q0	504251#1	1
2452	Q0	5867#12	1
2452	Q0	5867#9	0
2452	Q0	759825#1	0
2452	Q0	10639#8	0
2452	Q0	5867#0	0
2452	Q0	10639#18	0
2452	Q0	5867#13	0
2452	Q0	149281#3	0
2453	Q0	261563#2	1
2453	Q0	261563#0	1
2453	Q0	1186968#1	0
2453	Q0	261563#15	0
2453	Q0	261563#19	0
2453	Q0	261563#16	0
2453	Q0	261563#21	0
2453	Q0	303935#2	0
2453	Q0	261563#7	0
2453	Q0	59381#3	0
2455	Q0	349131#7	1
2455	Q0	204606#3	1
2455	Q0	6224#2	1
2455	Q0	349131#8	0
2455	Q0	6224#5	0
2455	Q0	6224#3	0
2455	Q0	6224#1	0
2455	Q0	6224#4	0
2455	Q0	4902#3	0
2455	Q0	1354395#5	0
2455	Q0	17684#5	0
2456	Q0	91763#0	1
2456	Q0	310097#16	1
2456	Q0	575366#0	0
2456	Q0	91763#2	0
2456	Q0	91763#1	0
2456	Q0	94438#29	0
2456	Q0	427471#2	0
2456	Q0	423946#3	0
2456	Q0	91409#0	0
2456	Q0	576611#6	0
2457	Q0	39005#1	1
2457	Q0	39005#0	1
2457	Q0	39005#2	0
2457	Q0	39005#4	0
2457	Q0	1034127#0	0
2457	Q0	39005#17	0
2457	Q0	39005#9	0
2457	Q0	39005#16	0
2457	Q0	39005#3	0
2457	Q0	39005#10	0
2460	Q0	168621#7	1
2460	Q0	168621#4	0
2460	Q0	263131#29	0
2460	Q0	168621#5	0
2460	Q0	1121603#21	0
2460	Q0	560984#1	0
2460	Q0	559598#1	0
2460	Q0	935182#2	0
2460	Q0	1437225#0	0
2460	Q0	188389#4	0
2461	Q0	1200499#5	1
2461	Q0	1200499#9	1
2461	Q0	1200499#3	1
2461	Q0	1200499#10	0
2461	Q0	1200499#14	0
2461	Q0	1200499#11	0
2461	Q0	1200499#1	0
2461	Q0	1200499#6	0
2461	Q0	1200499#15	0
2461	Q0	1200499#2	0
2462	Q0	114375#0	1
2462	Q0	114375#2	1
2462	Q0	109328#16	1
2462	Q0	148650#8	0
2462	Q0	1403120#0	0
2462	Q0	1283760#0	0
2462	Q0	926718#0	0
2462	Q0	723508#0	0
2462	Q0	1384454#0	0
2462	Q0	676569#0	0
2463	Q0	34656#4	1
2463	Q0	34656#2	0
2463	Q0	134383#4	0
2463	Q0	488099#0	0
2463	Q0	24341#0	0
2463	Q0	34656#3	0
2463	Q0	34656#5	0
2463	Q0	976812#0	0
2463	Q0	89659#2	0
2463	Q0	488099#2	0
2464	Q0	76717#2	1
2464	Q0	76717#11	0
2464	Q0	174837#3	0
2464	Q0	1478504#0	0
2464	Q0	76717#0	0
2464	Q0	5217#0	0
2464	Q0	76717#9	0
2464	Q0	76717#20	0
2464	Q0	76717#8	0
2464	Q0	76717#17	0
2465	Q0	50324#0	1
2465	Q0	50324#4	1
2465	Q0	50324#1	1
2465	Q0	50324#10	0
2465	Q0	1058423#29	0
2465	Q0	5201#0	0
2465	Q0	50324#6	0
2465	Q0	15851#0	0
2465	Q0	897163#2	0
2465	Q0	1445281#27	0
2466	Q0	19648#0	1
2466	Q0	1092562#1	0
2466	Q0	1092562#0	0
2466	Q0	26151#0	0
2466	Q0	596160#10	0
2466	Q0	145891#16	0
2466	Q0	43833#4	0
2466	Q0	266000#7	0
2466	Q0	952758#1	0
2466	Q0	87180#0	0
2467	Q0	329638#1	1
2467	Q0	329638#0	1
2467	Q0	329638#2	0
2467	Q0	329638#3	0
2467	Q0	329638#22	0
2467	Q0	329638#27	0
2467	Q0	329638#18	0
2467	Q0	329638#19	0
2467	Q0	329638#23	0
2467	Q0	329638#17	0
2468	Q0	226333#33	1
2468	Q0	226333#1	1
2468	Q0	226333#0	1
2468	Q0	226333#12	1
2468	Q0	226333#31	0
2468	Q0	226333#8	0
2468	Q0	226333#6	0
2468	Q0	226333#26	0
2468	Q0	226333#7	0
2468	Q0	226333#30	0
2469	Q0	654325#1	1
2469	Q0	654325#0	1
2469	Q0	654325#7	1
2469	Q0	675#12	0
2469	Q0	16509#4	0
2469	Q0	8023#9	0
2469	Q0	205366#0	0
2469	Q0	1053353#0	0
2469	Q0	76051#6	0
2469	Q0	51623#1	0
2470	Q0	337925#2	1
2470	Q0	337915#0	0
2470	Q0	25867#2	0
2470	Q0	1357053#0	0
2470	Q0	332502#0	0
2470	Q0	337925#1	0
2470	Q0	354956#4	0
2470	Q0	337915#1	0
2470	Q0	332502#3	0
2470	Q0	337925#13	0
2470	Q0	25867#0	0
2472	Q0	70679#1	1
2472	Q0	70679#0	1
2472	Q0	70679#3	0
2472	Q0	72948#0	0
2472	Q0	70679#25	0
2472	Q0	70679#2	0
2472	Q0	70679#23	0
2472	Q0	70679#59	0
2472	Q0	70679#47	0
2472	Q0	70679#44	0
2473	Q0	220731#2	1
2473	Q0	821#27	0
2473	Q0	972073#13	0
2473	Q0	1356662#0	0
2473	Q0	420301#0	0
2473	Q0	235445#8	0
2473	Q0	1473620#0	0
2473	Q0	834232#8	0
2473	Q0	1061386#0	0
2473	Q0	1286649#0	0
2473	Q0	4615#1	0
2474	Q0	682607#36	1
2474	Q0	67694#0	1
2474	Q0	906943#12	1
2474	Q0	589896#15	0
2474	Q0	1125350#4	0
2474	Q0	222248#10	0
2474	Q0	1437225#0	0
2474	Q0	932886#0	0
2474	Q0	8891#10	0
2474	Q0	164843#12	0
2475	Q0	1332985#4	1
2475	Q0	608#13	1
2475	Q0	584642#29	1
2475	Q0	608#2	1
2475	Q0	273819#2	1
2475	Q0	11429#2	1
2475	Q0	793757#1	0
2475	Q0	273819#6	0
2475	Q0	1369#11	0
2475	Q0	532811#1	0
2476	Q0	11258#6	1
2476	Q0	1208050#62	1
2476	Q0	11258#4	0
2476	Q0	11259#1	0
2476	Q0	11258#7	0
2476	Q0	11258#15	0
2476	Q0	11258#11	0
2476	Q0	11258#12	0
2476	Q0	1375492#2	0
2476	Q0	11258#14	0
2477	Q0	82480#0	1
2477	Q0	82480#1	1
2477	Q0	475574#0	0
2477	Q0	82480#2	0
2477	Q0	82532#0	0
2477	Q0	24359#4	0
2477	Q0	82480#3	0
2477	Q0	115678#2	0
2477	Q0	415397#1	0
2477	Q0	92838#0	0
2478	Q0	940756#7	1
2478	Q0	940756#9	0
2478	Q0	940756#11	0
2478	Q0	940756#0	0
2478	Q0	940756#10	0
2478	Q0	940756#2	0
2478	Q0	940756#3	0
2478	Q0	8471#17	0
2478	Q0	8471#8	0
2478	Q0	1477966#4	0
2479	Q0	29447#3	1
2479	Q0	29447#1	0
2479	Q0	29447#2	0
2479	Q0	31574#11	0
2479	Q0	29136#5	0
2479	Q0	1000805#3	0
2479	Q0	113065#3	0
2479	Q0	466511#8	0
2479	Q0	1000805#0	0
2479	Q0	1000805#2	0
2480	Q0	500317#1	1
2480	Q0	500317#9	0
2480	Q0	500317#15	0
2480	Q0	500317#3	0
2480	Q0	500317#12	0
2480	Q0	1466339#6	0
2480	Q0	500317#2	0
2480	Q0	5901#25	0
2480	Q0	1420562#7	0
2480	Q0	825352#22	0
2481	Q0	181091#0	1
2481	Q0	181091#1	0
2481	Q0	181091#3	0
2481	Q0	181091#2	0
2481	Q0	181091#4	0
2481	Q0	334387#1	0
2481	Q0	181091#7	0
2481	Q0	181091#6	0
2481	Q0	310569#1	0
2481	Q0	181091#5	0
2482	Q0	347543#19	1
2482	Q0	347543#22	0
2482	Q0	347543#2	0
2482	Q0	347543#28	0
2482	Q0	347543#0	0
2482	Q0	347543#18	0
2482	Q0	347543#25	0
2482	Q0	347543#21	0
2482	Q0	347543#32	0
2482	Q0	347543#10	0
2482	Q0	347543#9	0
2484	Q0	204#1	1
2484	Q0	251711#0	1
2484	Q0	196#1	0
2484	Q0	1292#100	0
2484	Q0	1292#99	0
2484	Q0	26665#0	0
2484	Q0	179#16	0
2484	Q0	32606#4	0
2484	Q0	71913#0	0
2484	Q0	30702#0	0
2485	Q0	3908#0	1
2485	Q0	7246#45	1
2485	Q0	3908#2	1
2485	Q0	451337#0	1
2485	Q0	7246#1	1
2485	Q0	3908#1	0
2485	Q0	3908#10	0
2485	Q0	3908#7	0
2485	Q0	3908#12	0
2485	Q0	3908#5	0
2486	Q0	1343059#6	1
2486	Q0	39931#1	1
2486	Q0	1325#0	1
2486	Q0	1343059#3	0
2486	Q0	315919#7	0
2486	Q0	1338882#2	0
2486	Q0	1281369#2	0
2486	Q0	1312692#2	0
2486	Q0	1469322#4	0
2486	Q0	1344201#7	0
2486	Q0	1472238#7	0
2488	Q0	75047#1	1
2488	Q0	1203314#12	1
2488	Q0	24198#14	0
2488	Q0	5911#8	0
2488	Q0	75047#11	0
2488	Q0	75047#0	0
2488	Q0	55099#30	0
2488	Q0	203969#8	0
2488	Q0	287577#0	0
2488	Q0	165135#1	0
2488	Q0	980149#18	0
2489	Q0	422334#0	1
2489	Q0	106#0	0
2489	Q0	106#3	0
2489	Q0	7929#0	0
2489	Q0	693424#3	0
2489	Q0	1092#0	0
2489	Q0	594639#3	0
2489	Q0	927415#1	0
2489	Q0	1092#36	0
2489	Q0	410308#0	0
2489	Q0	751958#1	0
2491	Q0	12463#0	1
2491	Q0	12463#2	0
2491	Q0	12463#1	0
2491	Q0	12463#7	0
2491	Q0	12463#3	0
2491	Q0	1059020#1	0
2491	Q0	1012902#1	0
2491	Q0	33699#1	0
2491	Q0	1482426#0	0
2491	Q0	12463#6	0
2492	Q0	131333#0	1
2492	Q0	131333#6	0
2492	Q0	131333#5	0
2492	Q0	131333#18	0
2492	Q0	131333#8	0
2492	Q0	131333#19	0
2492	Q0	131333#10	0
2492	Q0	131333#12	0
2492	Q0	131333#7	0
2493	Q0	1418212#3	1
2493	Q0	1418212#6	0
2493	Q0	1418212#4	0
2493	Q0	1067040#4	0
2493	Q0	1418212#5	0
2493	Q0	1491589#4	0
2493	Q0	1418212#0	0
2493	Q0	1418212#2	0
2493	Q0	150911#6	0
2493	Q0	1418183#4	0
2494	Q0	35198#0	1
2494	Q0	583430#0	0
2494	Q0	929799#0	0
2494	Q0	686407#0	0
2494	Q0	982768#0	0
2494	Q0	176087#0	0
2494	Q0	921547#1	0
2494	Q0	5553#12	0
2494	Q0	5553#0	0
2494	Q0	166337#0	0
2494	Q0	939262#2	0
2495	Q0	1373927#1	1
2495	Q0	1329087#3	1
2495	Q0	912710#2	1
2495	Q0	925510#4	0
2495	Q0	240814#1	0
2495	Q0	912974#0	0
2495	Q0	906943#23	0
2495	Q0	980789#0	0
2495	Q0	1228754#2	0
2495	Q0	912974#10	0
2495	Q0	520554#2	0
2496	Q0	409936#1	1
2496	Q0	251711#24	0
2496	Q0	250#22	0
2496	Q0	52662#6	0
2496	Q0	26518#0	0
2496	Q0	26518#8	0
2496	Q0	626239#8	0
2496	Q0	50450#3	0
2496	Q0	251711#25	0
2496	Q0	50450#21	0
2497	Q0	137550#1	1
2497	Q0	726599#2	1
2497	Q0	1379#43	1
2497	Q0	392#1	1
2497	Q0	102757#7	1
2497	Q0	392#16	1
2497	Q0	1167285#1	0
2497	Q0	66809#5	0
2497	Q0	102757#5	0
2497	Q0	1162257#2	0
2497	Q0	1163261#0	0
2498	Q0	175#0	1
2498	Q0	175#52	0
2498	Q0	647346#2	0
2498	Q0	19153#2	0
2498	Q0	421948#6	0
2498	Q0	188389#0	0
2498	Q0	69812#14	0
2498	Q0	19149#1	0
2498	Q0	900070#7	0
2498	Q0	75029#42	0
2500	Q0	17751#13	1
2500	Q0	1434903#0	1
2500	Q0	387#10	1
2500	Q0	1382838#1	0
2500	Q0	17751#0	0
2500	Q0	78013#0	0
2500	Q0	17751#1	0
2500	Q0	1434903#4	0
2500	Q0	17751#14	0
2500	Q0	728389#0	0
2500	Q0	387#4	0
2502	Q0	32046#3	1
2502	Q0	54104#1	0
2502	Q0	54104#0	0
2502	Q0	32046#0	0
2502	Q0	54104#11	0
2502	Q0	54104#2	0
2502	Q0	32046#4	0
2502	Q0	32046#28	0
2502	Q0	1277#22	0
2502	Q0	109841#0	0
2505	Q0	24974#0	1
2505	Q0	24974#1	0
2505	Q0	24974#2	0
2505	Q0	24974#10	0
2505	Q0	24974#5	0
2505	Q0	24974#11	0
2505	Q0	24974#9	0
2505	Q0	24974#4	0
2505	Q0	411400#4	0
2505	Q0	24974#8	0
2506	Q0	808#9	1
2506	Q0	34815#2	1
2506	Q0	505631#2	1
2506	Q0	808#7	1
2506	Q0	808#24	0
2506	Q0	531672#0	0
2506	Q0	531373#0	0
2506	Q0	1134348#2	0
2506	Q0	237349#2	0
2506	Q0	966363#46	0
2506	Q0	808#22	0
2508	Q0	117683#0	1
2508	Q0	117683#4	0
2508	Q0	334759#7	0
2508	Q0	32172#13	0
2508	Q0	1012139#5	0
2508	Q0	193214#3	0
2508	Q0	16751#5	0
2508	Q0	18508#21	0
2508	Q0	17263#7	0
2508	Q0	1467228#3	0
2509	Q0	11009#0	1
2509	Q0	11009#3	1
2509	Q0	11009#1	1
2509	Q0	29396#15	1
2509	Q0	1096#2	1
2509	Q0	11009#6	0
2509	Q0	1345532#0	0
2509	Q0	148665#2	0
2509	Q0	1345532#10	0
2509	Q0	1345532#9	0
2509	Q0	1080#13	0
2511	Q0	1169554#1	1
2511	Q0	1169554#6	0
2511	Q0	1169554#4	0
2511	Q0	1169554#5	0
2511	Q0	1169554#0	0
2511	Q0	1169554#10	0
2511	Q0	1025076#1	0
2511	Q0	1169554#2	0
2511	Q0	148538#1	0
2511	Q0	1169554#7	0
2512	Q0	594569#41	1
2512	Q0	10004#23	1
2512	Q0	594569#53	0
2512	Q0	594569#9	0
2512	Q0	594569#55	0
2512	Q0	594569#0	0
2512	Q0	594569#40	0
2512	Q0	594569#7	0
2512	Q0	594569#4	0
2512	Q0	624868#2	0
2512	Q0	624868#5	0
2513	Q0	601370#0	1
2513	Q0	601370#3	0
2513	Q0	633116#8	0
2513	Q0	601370#4	0
2513	Q0	601370#1	0
2513	Q0	601370#5	0
2513	Q0	234691#3	0
2513	Q0	968646#2	0
2513	Q0	601370#2	0
2513	Q0	952049#0	0
2514	Q0	45574#14	1
2514	Q0	45574#0	1
2514	Q0	45574#1	0
2514	Q0	45574#13	0
2514	Q0	1103915#5	0
2514	Q0	660357#3	0
2514	Q0	1204304#0	0
2514	Q0	45574#10	0
2514	Q0	45574#6	0
2514	Q0	980983#0	0
2517	Q0	33461#0	1
2517	Q0	10727#9	0
2517	Q0	160421#42	0
2517	Q0	104658#0	0
2517	Q0	297490#1	0
2517	Q0	283171#2	0
2517	Q0	455552#0	0
2517	Q0	285074#0	0
2517	Q0	11224#0	0
2517	Q0	35142#3	0
2518	Q0	1292#100	1
2518	Q0	1292#101	1
2518	Q0	1292#99	0
2518	Q0	66246#10	0
2518	Q0	1381226#5	0
2518	Q0	1140079#0	0
2518	Q0	673382#0	0
2518	Q0	649569#3	0
2518	Q0	64530#2	0
2518	Q0	35778#22	0
2519	Q0	1393818#0	1
2519	Q0	1393818#8	0
2519	Q0	1393818#7	0
2519	Q0	1393818#3	0
2519	Q0	1393818#5	0
2519	Q0	1393818#4	0
2519	Q0	1270562#26	0
2519	Q0	1393818#6	0
2519	Q0	1264444#0	0
2519	Q0	1393818#1	0
2519	Q0	980517#0	0
2521	Q0	282490#2	1
2521	Q0	282490#0	1
2521	Q0	282490#5	1
2521	Q0	282490#3	1
2521	Q0	282490#4	0
2521	Q0	282490#9	0
2521	Q0	282490#10	0
2521	Q0	63329#1	0
2521	Q0	282490#12	0
2521	Q0	282490#11	0
2522	Q0	1080763#0	1
2522	Q0	1080763#4	0
2522	Q0	1080763#10	0
2522	Q0	1080763#1	0
2522	Q0	1080763#20	0
2522	Q0	1080763#23	0
2522	Q0	1080763#19	0
2522	Q0	1080763#18	0
2522	Q0	1080763#3	0
2522	Q0	1080763#17	0
2522	Q0	1080763#26	0
2523	Q0	478338#3	1
2523	Q0	478338#0	1
2523	Q0	478338#11	0
2523	Q0	478338#6	0
2523	Q0	478338#12	0
2523	Q0	478338#4	0
2523	Q0	478338#1	0
2523	Q0	478338#10	0
2523	Q0	478338#5	0
2523	Q0	478338#8	0
2524	Q0	604165#0	1
2524	Q0	604165#9	0
2524	Q0	604165#2	0
2524	Q0	604165#5	0
2524	Q0	604165#4	0
2524	Q0	116054#12	0
2524	Q0	604165#1	0
2524	Q0	509454#2	0
2524	Q0	604165#10	0
2524	Q0	604165#7	0
2525	Q0	633610#0	1
2525	Q0	633610#19	1
2525	Q0	633610#6	1
2525	Q0	633610#18	1
2525	Q0	633610#1	1
2525	Q0	633610#17	0
2525	Q0	633610#14	0
2525	Q0	633610#2	0
2525	Q0	633610#4	0
2525	Q0	633610#13	0
2526	Q0	15133#7	1
2526	Q0	15133#1	1
2526	Q0	14199#0	1
2526	Q0	54191#1	0
2526	Q0	14199#3	0
2526	Q0	231156#1	0
2526	Q0	283509#0	0
2526	Q0	35722#0	0
2526	Q0	15133#9	0
2526	Q0	15133#2	0
2527	Q0	1396203#0	1
2527	Q0	1396203#9	1
2527	Q0	139175#7	1
2527	Q0	1396203#5	1
2527	Q0	1396203#4	0
2527	Q0	1396203#13	0
2527	Q0	1396203#10	0
2527	Q0	1396203#6	0
2527	Q0	518756#0	0
2527	Q0	1396203#1	0
2529	Q0	27000#2	1
2529	Q0	27000#3	0
2529	Q0	27000#4	0
2529	Q0	1355186#8	0
2529	Q0	27000#5	0
2529	Q0	99340#5	0
2529	Q0	42711#2	0
2529	Q0	27000#8	0
2529	Q0	632010#6	0
2529	Q0	1449680#1	0
2530	Q0	7218#0	1
2530	Q0	5573#3	1
2530	Q0	26342#14	1
2530	Q0	5573#9	0
2530	Q0	5573#8	0
2530	Q0	5573#19	0
2530	Q0	5573#4	0
2530	Q0	1152844#1	0
2530	Q0	1412266#5	0
2530	Q0	1029386#2	0
2533	Q0	278368#0	1
2533	Q0	278368#2	0
2533	Q0	483232#0	0
2533	Q0	483232#4	0
2533	Q0	1374517#16	0
2533	Q0	278368#10	0
2533	Q0	278368#5	0
2533	Q0	278368#1	0
2533	Q0	78529#0	0
2533	Q0	486665#0	0
2534	Q0	704746#2	1
2534	Q0	15099#6	1
2534	Q0	507#3	1
2534	Q0	507#49	1
2534	Q0	15099#0	1
2534	Q0	1195#33	0
2534	Q0	978635#4	0
2534	Q0	978714#0	0
2534	Q0	190#47	0
2534	Q0	1292#62	0
2534	Q0	704746#3	0
2535	Q0	915091#0	1
2535	Q0	387140#0	1
2535	Q0	389081#0	1
2535	Q0	706247#3	0
2535	Q0	1136078#0	0
2535	Q0	915091#8	0
2535	Q0	706247#8	0
2535	Q0	706247#6	0
2535	Q0	387140#7	0
2535	Q0	559924#2	0
2536	Q0	55838#1	1
2536	Q0	55838#3	0
2536	Q0	55838#2	0
2536	Q0	55838#0	0
2536	Q0	55838#9	0
2536	Q0	55838#4	0
2536	Q0	1299736#3	0
2536	Q0	1026168#1	0
2536	Q0	55838#7	0
2536	Q0	117521#2	0
2538	Q0	12582#2	1
2538	Q0	12582#0	0
2538	Q0	1416668#3	0
2538	Q0	1385213#3	0
2538	Q0	1384269#1	0
2538	Q0	1154635#4	0
2538	Q0	1396426#2	0
2538	Q0	1438108#2	0
2538	Q0	1371870#1	0
2538	Q0	1438108#1	0
2539	Q0	32528#0	1
2539	Q0	789#38	0
2539	Q0	660888#7	0
2539	Q0	381#0	0
2539	Q0	22416#3	0
2539	Q0	1027151#2	0
2539	Q0	381#26	0
2539	Q0	395326#2	0
2539	Q0	553792#6	0
2539	Q0	1226539#3	0
2539	Q0	381#33	0
2540	Q0	787259#0	1
2540	Q0	787259#2	0
2540	Q0	787259#1	0
2540	Q0	787259#5	0
2540	Q0	787259#3	0
2540	Q0	1268956#2	0
2540	Q0	1082307#0	0
2540	Q0	1066159#0	0
2540	Q0	304142#2	0
2540	Q0	418508#0	0
2541	Q0	285#1	1
2541	Q0	1082109#0	1
2541	Q0	880029#32	1
2541	Q0	524798#9	1
2541	Q0	524798#15	0
2541	Q0	1261295#1	0
2541	Q0	329232#2	0
2541	Q0	14078#7	0
2541	Q0	605676#1	0
2541	Q0	34328#11	0
2541	Q0	1291212#2	0
2543	Q0	388500#0	1
2543	Q0	49131#36	1
2543	Q0	425#10	1
2543	Q0	388500#1	0
2543	Q0	237263#8	0
2543	Q0	115026#0	0
2543	Q0	115026#29	0
2543	Q0	371386#0	0
2543	Q0	475888#0	0
2543	Q0	1014320#0	0
2543	Q0	10757#0	0
2544	Q0	76818#0	1
2544	Q0	76818#2	1
2544	Q0	76818#10	0
2544	Q0	76818#1	0
2544	Q0	76818#4	0
2544	Q0	76818#11	0
2544	Q0	76818#3	0
2544	Q0	76818#12	0
2544	Q0	58596#39	0
2544	Q0	76818#6	0
2546	Q0	231198#1	1
2546	Q0	231198#2	0
2546	Q0	1013986#1	0
2546	Q0	538026#3	0
2546	Q0	231198#20	0
2546	Q0	209254#11	0
2546	Q0	209783#10	0
2546	Q0	311110#2	0
2546	Q0	231198#5	0
2546	Q0	231198#4	0
2547	Q0	11275#1	1
2547	Q0	11275#8	0
2547	Q0	127630#1	0
2547	Q0	1225999#7	0
2547	Q0	1360848#0	0
2547	Q0	11275#12	0
2547	Q0	1258473#1	0
2547	Q0	156470#0	0
2547	Q0	582670#1	0
2547	Q0	767378#0	0
2548	Q0	430681#0	1
2548	Q0	430681#2	1
2548	Q0	430681#4	1
2548	Q0	49451#0	1
2548	Q0	1488636#2	1
2548	Q0	1487856#2	0
2548	Q0	430681#1	0
2548	Q0	1487856#7	0
2548	Q0	430681#3	0
2548	Q0	430681#6	0
2549	Q0	70074#0	1
2549	Q0	1266271#4	1
2549	Q0	70074#12	1
2549	Q0	320687#7	1
2549	Q0	1327934#6	0
2549	Q0	70074#52	0
2549	Q0	70074#63	0
2549	Q0	48376#9	0
2549	Q0	70074#11	0
2549	Q0	70074#31	0
2550	Q0	41474#0	1
2550	Q0	225885#4	1
2550	Q0	300327#3	0
2550	Q0	41474#3	0
2550	Q0	41474#5	0
2550	Q0	711829#5	0
2550	Q0	133870#1	0
2550	Q0	781510#2	0
2550	Q0	203632#2	0
2550	Q0	133870#0	0
2550	Q0	633088#5	0
2551	Q0	38589#16	1
2551	Q0	239832#7	0
2551	Q0	15413#37	0
2551	Q0	38589#7	0
2551	Q0	38589#17	0
2551	Q0	38589#1	0
2551	Q0	38589#0	0
2551	Q0	235778#2	0
2551	Q0	38589#20	0
2551	Q0	46188#3	0
2553	Q0	1383173#1	1
2553	Q0	39078#4	0
2553	Q0	1383173#2	0
2553	Q0	459782#2	0
2553	Q0	27451#8	0
2553	Q0	477895#3	0
2553	Q0	1482221#1	0
2553	Q0	698716#2	0
2553	Q0	34786#9	0
2553	Q0	347727#1	0
2554	Q0	11146#3	1
2554	Q0	11146#6	0
2554	Q0	665631#16	0
2554	Q0	84831#0	0
2554	Q0	11146#8	0
2554	Q0	11146#12	0
2554	Q0	11146#1	0
2554	Q0	5681#3	0
2554	Q0	11146#16	0
2554	Q0	11146#55	0
2555	Q0	72960#1	1
2555	Q0	72960#0	1
2555	Q0	72960#2	0
2555	Q0	72960#9	0
2555	Q0	72960#15	0
2555	Q0	72960#5	0
2555	Q0	72960#28	0
2555	Q0	72960#16	0
2555	Q0	72960#8	0
2555	Q0	72960#10	0
2556	Q0	29447#3	1
2556	Q0	29447#1	0
2556	Q0	29447#2	0
2556	Q0	113065#3	0
2556	Q0	31574#11	0
2556	Q0	1000805#3	0
2556	Q0	29136#5	0
2556	Q0	504404#1	0
2556	Q0	30040#14	0
2556	Q0	1000805#2	0
2557	Q0	161023#9	1
2557	Q0	161023#4	1
2557	Q0	161023#0	0
2557	Q0	161023#3	0
2557	Q0	161023#7	0
2557	Q0	161023#1	0
2557	Q0	161023#10	0
2557	Q0	161023#5	0
2557	Q0	161023#12	0
2557	Q0	161023#11	0
2559	Q0	397733#3	1
2559	Q0	397733#2	1
2559	Q0	397733#25	1
2559	Q0	397733#24	1
2559	Q0	397733#11	1
2559	Q0	397733#23	1
2559	Q0	397733#1	1
2559	Q0	397733#0	1
2559	Q0	332954#4	0
2559	Q0	397733#8	0
2559	Q0	397733#28	0
2560	Q0	201155#9	1
2560	Q0	387226#2	1
2560	Q0	1068715#3	0
2560	Q0	105157#40	0
2560	Q0	8295#13	0
2560	Q0	11398#14	0
2560	Q0	938790#2	0
2560	Q0	201155#7	0
2560	Q0	201155#11	0
2560	Q0	410171#6	0
2561	Q0	29150#0	1
2561	Q0	935790#0	1
2561	Q0	29150#3	0
2561	Q0	29150#4	0
2561	Q0	452239#12	0
2561	Q0	29150#2	0
2561	Q0	935792#0	0
2561	Q0	29150#1	0
2561	Q0	484909#1	0
2561	Q0	625489#8	0
2562	Q0	502650#3	1
2562	Q0	502650#0	0
2562	Q0	502650#6	0
2562	Q0	502650#8	0
2562	Q0	502650#4	0
2562	Q0	502650#9	0
2562	Q0	502650#12	0
2562	Q0	502650#15	0
2562	Q0	502650#1	0
2562	Q0	502650#7	0
2563	Q0	214407#0	1
2563	Q0	214407#1	0
2563	Q0	214407#3	0
2563	Q0	1206474#1	0
2563	Q0	214407#4	0
2563	Q0	214407#8	0
2563	Q0	214407#6	0
2563	Q0	214407#12	0
2563	Q0	214407#9	0
2563	Q0	214407#11	0
2564	Q0	80032#4	1
2564	Q0	34996#5	1
2564	Q0	179724#0	1
2564	Q0	1031538#1	0
2564	Q0	298228#5	0
2564	Q0	1103091#0	0
2564	Q0	1075049#0	0
2564	Q0	1074740#0	0
2564	Q0	1075481#0	0
2564	Q0	1075156#0	0
2564	Q0	1031353#0	0
2566	Q0	1338779#1	1
2566	Q0	507#9	1
2566	Q0	1349646#19	1
2566	Q0	96839#0	1
2566	Q0	688847#2	0
2566	Q0	704443#4	0
2566	Q0	800619#1	0
2566	Q0	1351753#0	0
2566	Q0	1128901#4	0
2566	Q0	544370#0	0
2566	Q0	38960#2	0
2567	Q0	243670#0	1
2567	Q0	7105#24	0
2567	Q0	238014#0	0
2567	Q0	447921#0	0
2567	Q0	406187#0	0
2567	Q0	197679#0	0
2567	Q0	586701#0	0
2567	Q0	37093#0	0
2567	Q0	1088275#9	0
2567	Q0	158497#1	0
2569	Q0	185590#0	1
2569	Q0	441270#0	1
2569	Q0	201252#0	1
2569	Q0	440969#0	1
2569	Q0	1127342#0	0
2569	Q0	42308#0	0
2569	Q0	201252#6	0
2569	Q0	631059#0	0
2569	Q0	440969#6	0
2569	Q0	165135#3	0
2570	Q0	100912#1	1
2570	Q0	100912#0	0
2570	Q0	330751#3	0
2570	Q0	112858#15	0
2570	Q0	100912#13	0
2570	Q0	11320#17	0
2570	Q0	100912#7	0
2570	Q0	100912#10	0
2570	Q0	100912#2	0
2570	Q0	100912#9	0
2571	Q0	603#0	1
2571	Q0	603#6	0
2571	Q0	777455#3	0
2571	Q0	8867#12	0
2571	Q0	379948#2	0
2571	Q0	7985#11	0
2571	Q0	1369584#3	0
2571	Q0	603#7	0
2571	Q0	1453322#12	0
2571	Q0	1409763#1	0
2571	Q0	5882#1	0
2572	Q0	643992#0	1
2572	Q0	1189#3	1
2572	Q0	375839#2	0
2572	Q0	253302#2	0
2572	Q0	1189#2	0
2572	Q0	452989#1	0
2572	Q0	375839#0	0
2572	Q0	164134#0	0
2572	Q0	1189#8	0
2572	Q0	253302#5	0
2572	Q0	1479082#0	0
2573	Q0	171590#0	1
2573	Q0	171590#3	1
2573	Q0	171590#4	0
2573	Q0	89656#26	0
2573	Q0	171590#2	0
2573	Q0	19121#0	0
2573	Q0	34779#2	0
2573	Q0	414448#2	0
2573	Q0	304916#0	0
2573	Q0	50123#2	0
2574	Q0	6869#18	1
2574	Q0	31540#0	1
2574	Q0	131733#27	1
2574	Q0	165212#3	1
2574	Q0	664648#8	1
2574	Q0	31540#36	1
2574	Q0	31540#27	0
2574	Q0	229881#1	0
2574	Q0	8901#6	0
2574	Q0	31540#24	0
2574	Q0	59605#39	0
2575	Q0	807963#1	1
2575	Q0	309245#2	1
2575	Q0	1284476#0	0
2575	Q0	1181257#0	0
2575	Q0	1284476#5	0
2575	Q0	70974#3	0
2575	Q0	1451319#0	0
2575	Q0	1351155#3	0
2575	Q0	1180912#2	0
2575	Q0	1284476#6	0
2576	Q0	8185#0	1
2576	Q0	8185#4	1
2576	Q0	8185#35	0
2576	Q0	54566#0	0
2576	Q0	8185#5	0
2576	Q0	8185#10	0
2576	Q0	21979#0	0
2576	Q0	69516#0	0
2576	Q0	388446#1	0
2576	Q0	54566#1	0
2577	Q0	216581#13	1
2577	Q0	216581#10	0
2577	Q0	216581#9	0
2577	Q0	216581#30	0
2577	Q0	216581#31	0
2577	Q0	1104235#2	0
2577	Q0	216581#11	0
2577	Q0	216581#24	0
2577	Q0	1036325#2	0
2577	Q0	216581#26	0
2577	Q0	54562#20	0
2578	Q0	1429743#7	1
2578	Q0	1429743#0	0
2578	Q0	402794#8	0
2578	Q0	499749#1	0
2578	Q0	127636#2	0
2578	Q0	797089#2	0
2578	Q0	83788#3	0
2578	Q0	1223720#3	0
2578	Q0	299315#1	0
2578	Q0	1115951#1	0
2578	Q0	937658#4	0
2579	Q0	281992#0	1
2579	Q0	281992#34	1
2579	Q0	281992#2	1
2579	Q0	8765#14	1
2579	Q0	320712#34	0
2579	Q0	281992#26	0
2579	Q0	281992#25	0
2579	Q0	281992#1	0
2579	Q0	385426#4	0
2579	Q0	281428#0	0
2580	Q0	17189#0	1
2580	Q0	17189#10	1
2580	Q0	17189#18	1
2580	Q0	975277#2	0
2580	Q0	19762#0	0
2580	Q0	920303#1	0
2580	Q0	1467694#0	0
2580	Q0	17189#5	0
2580	Q0	423384#5	0
2580	Q0	17189#2	0
2581	Q0	943691#1	1
2581	Q0	18549#14	1
2581	Q0	1347169#1	1
2581	Q0	464040#1	0
2581	Q0	18549#1	0
2581	Q0	20808#41	0
2581	Q0	241462#7	0
2581	Q0	1033071#0	0
2581	Q0	30295#1	0
2581	Q0	18549#17	0
2582	Q0	15543#24	1
2582	Q0	15543#2	0
2582	Q0	15543#0	0
2582	Q0	15543#19	0
2582	Q0	15543#1	0
2582	Q0	217471#9	0
2582	Q0	15543#20	0
2582	Q0	15543#23	0
2582	Q0	15543#13	0
2582	Q0	15543#6	0
2583	Q0	214898#1	1
2583	Q0	244124#1	1
2583	Q0	1385585#1	0
2583	Q0	139318#0	0
2583	Q0	1432702#0	0
2583	Q0	1416746#1	0
2583	Q0	110943#1	0
2583	Q0	1425699#1	0
2583	Q0	891197#1	0
2583	Q0	139318#1	0
2583	Q0	1416744#1	0
2585	Q0	280784#0	1
2585	Q0	280784#1	1
2585	Q0	280784#4	1
2585	Q0	280784#37	0
2585	Q0	280784#25	0
2585	Q0	280784#33	0
2585	Q0	280784#26	0
2585	Q0	280784#8	0
2585	Q0	280784#7	0
2585	Q0	280784#35	0
2586	Q0	1124834#5	1
2586	Q0	1124834#1	1
2586	Q0	1124834#7	0
2586	Q0	1124834#9	0
2586	Q0	537348#2	0
2586	Q0	698975#5	0
2586	Q0	1118663#1	0
2586	Q0	1124834#8	0
2586	Q0	429275#7	0
2586	Q0	349131#1	0
2587	Q0	710623#4	1
2587	Q0	1399750#0	0
2587	Q0	616791#1	0
2587	Q0	856809#0	0
2587	Q0	206462#1	0
2587	Q0	76435#20	0
2587	Q0	1061966#24	0
2587	Q0	48642#1	0
2587	Q0	1000880#2	0
2587	Q0	710623#0	0
2588	Q0	1121603#4	1
2588	Q0	983657#3	1
2588	Q0	342839#7	0
2588	Q0	205437#3	0
2588	Q0	13184#6	0
2588	Q0	1218075#1	0
2588	Q0	983657#17	0
2588	Q0	171203#60	0
2588	Q0	171203#28	0
2588	Q0	672712#3	0
2588	Q0	1214415#1	0
2590	Q0	64559#1	1
2590	Q0	64559#3	0
2590	Q0	64559#4	0
2590	Q0	64559#9	0
2590	Q0	64559#10	0
2590	Q0	64559#8	0
2590	Q0	64559#7	0
2590	Q0	64559#0	0
2590	Q0	64559#6	0
2590	Q0	64559#12	0
2591	Q0	698293#4	1
2591	Q0	698293#1	1
2591	Q0	65382#1	0
2591	Q0	698293#5	0
2591	Q0	1093731#9	0
2591	Q0	810868#2	0
2591	Q0	698293#13	0
2591	Q0	810868#1	0
2591	Q0	1093731#1	0
2591	Q0	1093731#13	0
2592	Q0	18358#7	1
2592	Q0	136252#4	1
2592	Q0	50327#10	1
2592	Q0	27716#8	0
2592	Q0	9270#24	0
2592	Q0	259795#1	0
2592	Q0	45054#4	0
2592	Q0	12904#5	0
2592	Q0	1327664#4	0
2592	Q0	387819#2	0
2592	Q0	136252#11	0
2595	Q0	743675#3	1
2595	Q0	743675#5	0
2595	Q0	95196#10	0
2595	Q0	983657#14	0
2595	Q0	743675#16	0
2595	Q0	743675#11	0
2595	Q0	743675#17	0
2595	Q0	743675#7	0
2595	Q0	743675#1	0
2595	Q0	743675#0	0
2597	Q0	32940#1	1
2597	Q0	91540#0	1
2597	Q0	212202#2	1
2597	Q0	900576#2	0
2597	Q0	464095#1	0
2597	Q0	32940#7	0
2597	Q0	32940#8	0
2597	Q0	295016#4	0
2597	Q0	1139660#2	0
2597	Q0	23337#9	0
2598	Q0	47876#0	1
2598	Q0	11617#0	1
2598	Q0	538747#4	1
2598	Q0	567633#0	0
2598	Q0	14814#0	0
2598	Q0	436677#0	0
2598	Q0	937#0	0
2598	Q0	412834#0	0
2598	Q0	63884#2	0
2598	Q0	937#3	0
2599	Q0	84809#0	1
2599	Q0	84809#3	0
2599	Q0	30861#1	0
2599	Q0	27440#3	0
2599	Q0	254393#2	0
2599	Q0	440863#0	0
2599	Q0	65968#2	0
2599	Q0	375166#4	0
2599	Q0	388963#0	0
2599	Q0	85770#0	0
2601	Q0	96963#0	1
2601	Q0	96963#1	0
2601	Q0	96963#20	0
2601	Q0	107479#1	0
2601	Q0	29383#0	0
2601	Q0	45460#0	0
2601	Q0	19911#0	0
2601	Q0	209953#7	0
2601	Q0	234897#2	0
2601	Q0	96963#3	0
2603	Q0	260761#1	1
2603	Q0	1289727#0	0
2603	Q0	260761#19	0
2603	Q0	260761#7	0
2603	Q0	260761#28	0
2603	Q0	260761#11	0
2603	Q0	260761#23	0
2603	Q0	260761#8	0
2603	Q0	260761#25	0
2603	Q0	415883#11	0
2603	Q0	260761#2	0
2605	Q0	55671#11	1
2605	Q0	421708#3	0
2605	Q0	55671#12	0
2605	Q0	55671#0	0
2605	Q0	1318583#31	0
2605	Q0	55671#6	0
2605	Q0	55671#10	0
2605	Q0	1125124#0	0
2605	Q0	1318583#28	0
2605	Q0	51480#5	0
2606	Q0	1351106#0	1
2606	Q0	1351170#2	1
2606	Q0	8598#19	0
2606	Q0	1150#87	0
2606	Q0	1432133#0	0
2606	Q0	83136#3	0
2606	Q0	1432682#0	0
2606	Q0	1262157#0	0
2606	Q0	1488715#0	0
2606	Q0	1150#86	0
2607	Q0	1349630#0	1
2607	Q0	1349630#9	1
2607	Q0	1349630#10	0
2607	Q0	1349630#8	0
2607	Q0	1349630#11	0
2607	Q0	1349630#5	0
2607	Q0	1349630#7	0
2607	Q0	755927#0	0
2607	Q0	1349630#1	0
2607	Q0	1349630#12	0
2608	Q0	6559#3	1
2608	Q0	6559#2	0
2608	Q0	6559#0	0
2608	Q0	71400#6	0
2608	Q0	61338#1	0
2608	Q0	1439102#1	0
2608	Q0	784950#1	0
2608	Q0	6559#5	0
2608	Q0	144768#0	0
2608	Q0	8988#8	0
2609	Q0	421977#5	1
2609	Q0	545586#1	1
2609	Q0	32283#43	1
2609	Q0	63817#0	0
2609	Q0	32283#10	0
2609	Q0	421977#6	0
2609	Q0	421977#0	0
2609	Q0	63836#1	0
2609	Q0	92216#0	0
2609	Q0	58774#2	0
2611	Q0	440#2	1
2611	Q0	574366#26	1
2611	Q0	587884#31	1
2611	Q0	24197#0	1
2611	Q0	24197#2	0
2611	Q0	52099#6	0
2611	Q0	24197#30	0
2611	Q0	24197#38	0
2611	Q0	24197#39	0
2611	Q0	962165#46	0
2611	Q0	5843#47	0
2612	Q0	3039#0	1
2612	Q0	34851#14	0
2612	Q0	413#16	0
2612	Q0	30549#2	0
2612	Q0	117751#28	0
2612	Q0	92144#1	0
2612	Q0	764171#1	0
2612	Q0	1160322#2	0
2612	Q0	320424#2	0
2612	Q0	49709#0	0
2612	Q0	1141313#1	0
2613	Q0	11167#0	1
2613	Q0	11167#4	1
2613	Q0	69351#4	1
2613	Q0	369723#0	0
2613	Q0	790937#2	0
2613	Q0	12139#0	0
2613	Q0	193369#0	0
2613	Q0	244806#0	0
2613	Q0	488848#0	0
2613	Q0	707345#0	0
2615	Q0	93861#2	1
2615	Q0	95439#19	0
2615	Q0	21757#8	0
2615	Q0	190839#1	0
2615	Q0	680184#1	0
2615	Q0	8969#4	0
2615	Q0	721978#0	0
2615	Q0	902859#0	0
2615	Q0	1328603#2	0
2615	Q0	1356119#7	0
2616	Q0	18344#1	1
2616	Q0	18344#2	0
2616	Q0	18344#0	0
2616	Q0	125376#6	0
2616	Q0	18344#3	0
2616	Q0	14450#93	0
2616	Q0	18344#28	0
2616	Q0	18344#18	0
2616	Q0	56990#8	0
2616	Q0	916788#1	0
2617	Q0	9127#0	1
2617	Q0	1149831#0	1
2617	Q0	598440#0	1
2617	Q0	794441#4	0
2617	Q0	1129178#0	0
2617	Q0	1463792#0	0
2617	Q0	490166#0	0
2617	Q0	740934#0	0
2617	Q0	1149642#0	0
2617	Q0	8490#0	0
2618	Q0	1308757#3	1
2618	Q0	1308757#4	1
2618	Q0	1308757#22	1
2618	Q0	1308757#9	1
2618	Q0	1308757#0	0
2618	Q0	68280#12	0
2618	Q0	1308757#1	0
2618	Q0	1308757#19	0
2618	Q0	1308757#20	0
2618	Q0	1308757#21	0
2619	Q0	44766#1	1
2619	Q0	1131127#0	0
2619	Q0	718615#0	0
2619	Q0	971373#0	0
2619	Q0	1275170#0	0
2619	Q0	105771#1	0
2619	Q0	392646#0	0
2619	Q0	44766#2	0
2619	Q0	532923#0	0
2619	Q0	831070#0	0
2620	Q0	1155684#12	1
2620	Q0	15036#15	1
2620	Q0	1008#9	1
2620	Q0	8905#41	1
2620	Q0	1302#0	1
2620	Q0	1302#47	0
2620	Q0	1302#41	0
2620	Q0	1302#45	0
2620	Q0	1302#2	0
2620	Q0	1302#46	0
2620	Q0	402867#22	0
2621	Q0	1111#3	1
2621	Q0	503652#0	1
2621	Q0	405171#15	0
2621	Q0	957088#10	0
2621	Q0	1380294#12	0
2621	Q0	503652#8	0
2621	Q0	1380294#6	0
2621	Q0	1375624#0	0
2621	Q0	375807#2	0
2621	Q0	1117#3	0
2621	Q0	503652#4	0
2623	Q0	59794#1	1
2623	Q0	613609#4	0
2623	Q0	185739#8	0
2623	Q0	1478168#2	0
2623	Q0	613609#3	0
2623	Q0	1275#90	0
2623	Q0	1275#2	0
2623	Q0	297565#7	0
2623	Q0	669809#3	0
2623	Q0	576835#7	0
2623	Q0	613612#4	0
2624	Q0	25261#7	1
2624	Q0	1058969#1	0
2624	Q0	36609#6	0
2624	Q0	24308#2	0
2624	Q0	397534#3	0
2624	Q0	24879#3	0
2624	Q0	222922#13	0
2624	Q0	34957#3	0
2624	Q0	700267#3	0
2624	Q0	27262#9	0
2627	Q0	10644#5	1
2627	Q0	10644#0	1
2627	Q0	123951#2	0
2627	Q0	380#23	0
2627	Q0	123951#0	0
2627	Q0	123951#4	0
2627	Q0	1209679#26	0
2627	Q0	923597#0	0
2627	Q0	1209679#27	0
2627	Q0	98306#0	0
2628	Q0	1029471#2	1
2628	Q0	1029655#5	1
2628	Q0	13457#0	1
2628	Q0	13457#1	0
2628	Q0	13457#11	0
2628	Q0	16751#6	0
2628	Q0	1029643#3	0
2628	Q0	19344#3	0
2628	Q0	1338754#8	0
2628	Q0	1438522#3	0
2628	Q0	18508#16	0
2630	Q0	833702#1	1
2630	Q0	178195#3	1
2630	Q0	158862#0	1
2630	Q0	160864#0	0
2630	Q0	187308#9	0
2630	Q0	106071#4	0
2630	Q0	330949#1	0
2630	Q0	85870#0	0
2630	Q0	1206159#1	0
2630	Q0	36277#0	0
2631	Q0	827257#5	1
2631	Q0	625266#6	1
2631	Q0	565861#8	1
2631	Q0	827257#6	1
2631	Q0	827257#0	0
2631	Q0	659895#33	0
2631	Q0	827257#2	0
2631	Q0	827257#3	0
2631	Q0	827257#1	0
2631	Q0	827257#7	0
2632	Q0	551123#0	1
2632	Q0	1304310#1	0
2632	Q0	456212#2	0
2632	Q0	1304310#0	0
2632	Q0	551123#18	0
2632	Q0	456212#9	0
2632	Q0	1304310#3	0
2632	Q0	456212#6	0
2632	Q0	456212#12	0
2632	Q0	550572#0	0
2633	Q0	137590#11	1
2633	Q0	137590#0	0
2633	Q0	137590#5	0
2633	Q0	137590#6	0
2633	Q0	137590#1	0
2633	Q0	55099#39	0
2633	Q0	137590#3	0
2633	Q0	211643#7	0
2633	Q0	1099380#3	0
2633	Q0	1098784#0	0
2634	Q0	53285#4	1
2634	Q0	53285#6	1
2634	Q0	53285#49	0
2634	Q0	53285#2	0
2634	Q0	53285#5	0
2634	Q0	53285#43	0
2634	Q0	53285#0	0
2634	Q0	53285#34	0
2634	Q0	53285#28	0
2634	Q0	53285#7	0
2635	Q0	737932#0	1
2635	Q0	737932#2	0
2635	Q0	737932#7	0
2635	Q0	737932#3	0
2635	Q0	788305#0	0
2635	Q0	146369#0	0
2635	Q0	1134666#1	0
2635	Q0	1131083#0	0
2635	Q0	1134832#0	0
2635	Q0	13605#113	0
2636	Q0	56922#0	1
2636	Q0	56922#5	0
2636	Q0	56922#2	0
2636	Q0	56922#4	0
2636	Q0	56922#7	0
2636	Q0	56922#9	0
2636	Q0	56922#10	0
2636	Q0	56922#6	0
2636	Q0	56922#3	0
2636	Q0	56922#1	0
2637	Q0	1139#0	1
2637	Q0	1139#2	0
2637	Q0	1024255#1	0
2637	Q0	796004#0	0
2637	Q0	1139#3	0
2637	Q0	1139#7	0
2637	Q0	7737#2	0
2637	Q0	1289639#1	0
2637	Q0	826827#4	0
2637	Q0	188473#0	0
2638	Q0	9507#0	1
2638	Q0	9507#4	1
2638	Q0	9507#6	0
2638	Q0	9507#1	0
2638	Q0	1352338#15	0
2638	Q0	9507#7	0
2638	Q0	497534#1	0
2638	Q0	9507#2	0
2638	Q0	160143#0	0
2638	Q0	90625#9	0
2639	Q0	41527#0	1
2639	Q0	41527#1	0
2639	Q0	245501#6	0
2639	Q0	70074#12	0
2639	Q0	330549#0	0
2639	Q0	330545#1	0
2639	Q0	12067#0	0
2639	Q0	564385#2	0
2639	Q0	691043#3	0
2639	Q0	330553#1	0
2641	Q0	334254#12	1
2641	Q0	334254#0	1
2641	Q0	1334632#6	0
2641	Q0	1458169#0	0
2641	Q0	985352#1	0
2641	Q0	1003724#2	0
2641	Q0	1227323#1	0
2641	Q0	1040067#1	0
2641	Q0	1255132#0	0
2641	Q0	463667#3	0
2642	Q0	1436129#0	1
2642	Q0	1436129#1	0
2642	Q0	1436129#2	0
2642	Q0	1436129#8	0
2642	Q0	1436129#5	0
2642	Q0	1436129#10	0
2642	Q0	1436129#7	0
2642	Q0	1436129#3	0
2642	Q0	1436129#9	0
2642	Q0	1436129#6	0
2644	Q0	32947#0	1
2644	Q0	367662#0	0
2644	Q0	32947#1	0
2644	Q0	32947#8	0
2644	Q0	32952#0	0
2644	Q0	32952#14	0
2644	Q0	32952#3	0
2644	Q0	32947#7	0
2644	Q0	360085#0	0
2644	Q0	175827#2	0
2645	Q0	374974#0	1
2645	Q0	343199#4	1
2645	Q0	293663#10	0
2645	Q0	374974#14	0
2645	Q0	342770#1	0
2645	Q0	374974#10	0
2645	Q0	374974#12	0
2645	Q0	374974#18	0
2645	Q0	1263593#0	0
2645	Q0	927940#2	0
2646	Q0	933316#0	1
2646	Q0	933316#1	0
2646	Q0	1344847#0	0
2646	Q0	1302734#1	0
2646	Q0	1301756#1	0
2646	Q0	1302734#0	0
2646	Q0	1285010#15	0
2646	Q0	1296998#15	0
2646	Q0	1303748#0	0
2646	Q0	1303793#1	0
2647	Q0	625418#0	1
2647	Q0	625418#4	0
2647	Q0	625418#1	0
2647	Q0	625418#3	0
2647	Q0	686953#2	0
2647	Q0	391749#0	0
2647	Q0	625418#2	0
2647	Q0	625418#5	0
2647	Q0	437180#1	0
2647	Q0	625418#8	0
2649	Q0	623267#2	1
2649	Q0	64674#2	1
2649	Q0	983657#18	0
2649	Q0	983657#9	0
2649	Q0	1472042#0	0
2649	Q0	1472042#12	0
2649	Q0	1472042#9	0
2649	Q0	473114#2	0
2649	Q0	983657#20	0
2649	Q0	1472042#4	0
2649	Q0	1472042#6	0
2651	Q0	978012#2	1
2651	Q0	978012#1	1
2651	Q0	262878#51	0
2651	Q0	298059#7	0
2651	Q0	978012#34	0
2651	Q0	978012#119	0
2651	Q0	978012#85	0
2651	Q0	981407#2	0
2651	Q0	25199#1	0
2651	Q0	24084#15	0
2651	Q0	978012#16	0
2652	Q0	34159#2	1
2652	Q0	34159#0	1
2652	Q0	34159#7	0
2652	Q0	34159#3	0
2652	Q0	295714#0	0
2652	Q0	20652#1	0
2652	Q0	34159#6	0
2652	Q0	10653#1	0
2652	Q0	34159#4	0
2652	Q0	42818#1	0
2653	Q0	371681#1	1
2653	Q0	371671#0	1
2653	Q0	285388#0	1
2653	Q0	10784#0	1
2653	Q0	10784#51	0
2653	Q0	10784#1	0
2653	Q0	10784#64	0
2653	Q0	10784#22	0
2653	Q0	10784#53	0
2653	Q0	144364#4	0
2653	Q0	10816#31	0
2654	Q0	1040131#0	1
2654	Q0	1040131#1	0
2654	Q0	1040131#3	0
2654	Q0	425273#0	0
2654	Q0	732661#4	0
2654	Q0	1040131#2	0
2654	Q0	1214425#3	0
2654	Q0	1214425#2	0
2654	Q0	1214425#0	0
2654	Q0	732661#2	0
2655	Q0	40223#1	1
2655	Q0	40223#0	1
2655	Q0	40223#2	0
2655	Q0	40223#3	0
2655	Q0	40223#11	0
2655	Q0	40223#8	0
2655	Q0	40223#10	0
2655	Q0	40223#9	0
2655	Q0	939542#4	0
2655	Q0	40223#14	0
2656	Q0	184164#1	1
2656	Q0	1011635#2	1
2656	Q0	14460#1	1
2656	Q0	8659#6	0
2656	Q0	580629#25	0
2656	Q0	23291#36	0
2656	Q0	580629#8	0
2656	Q0	1316567#10	0
2656	Q0	1072973#2	0
2656	Q0	272228#1	0
2658	Q0	21744#0	1
2658	Q0	91896#23	1
2658	Q0	21744#1	1
2658	Q0	14433#1	1
2658	Q0	127594#11	1
2658	Q0	21744#13	0
2658	Q0	26940#1	0
2658	Q0	1029317#3	0
2658	Q0	21744#3	0
2658	Q0	161364#2	0
2659	Q0	129956#1	1
2659	Q0	53953#1	1
2659	Q0	344187#0	1
2659	Q0	344187#4	0
2659	Q0	1287267#14	0
2659	Q0	658060#3	0
2659	Q0	841233#1	0
2659	Q0	46505#3	0
2659	Q0	1227186#2	0
2659	Q0	134802#3	0
2660	Q0	8512#0	1
2660	Q0	55986#5	0
2660	Q0	962964#0	0
2660	Q0	1261110#4	0
2660	Q0	879#4	0
2660	Q0	1458195#2	0
2660	Q0	520502#15	0
2660	Q0	141428#6	0
2660	Q0	75796#4	0
2660	Q0	33159#1	0
2661	Q0	69358#4	1
2661	Q0	69358#0	1
2661	Q0	169241#2	0
2661	Q0	169241#6	0
2661	Q0	169241#0	0
2661	Q0	169241#5	0
2661	Q0	1366295#0	0
2661	Q0	69358#18	0
2661	Q0	69358#16	0
2661	Q0	69358#19	0
2662	Q0	1027093#1	1
2662	Q0	1432225#1	1
2662	Q0	1432225#8	0
2662	Q0	1432225#12	0
2662	Q0	1432225#3	0
2662	Q0	1432225#7	0
2662	Q0	1432225#4	0
2662	Q0	1432225#11	0
2662	Q0	215416#1	0
2662	Q0	1460774#1	0
2662	Q0	1432225#13	0
2663	Q0	11648#0	1
2663	Q0	11648#2	0
2663	Q0	1380417#2	0
2663	Q0	11648#11	0
2663	Q0	9193#7	0
2663	Q0	11648#18	0
2663	Q0	11648#17	0
2663	Q0	11648#8	0
2663	Q0	993#12	0
2663	Q0	11496#6	0
2664	Q0	920040#1	1
2664	Q0	920040#0	1
2664	Q0	449887#1	0
2664	Q0	618091#1	0
2664	Q0	11097#2	0
2664	Q0	450761#0	0
2664	Q0	546765#4	0
2664	Q0	973823#0	0
2664	Q0	600610#10	0
2664	Q0	1179354#2	0
2665	Q0	1011#3	1
2665	Q0	641460#0	1
2665	Q0	69341#0	0
2665	Q0	69341#15	0
2665	Q0	156341#0	0
2665	Q0	4#0	0
2665	Q0	46335#0	0
2665	Q0	1199838#15	0
2665	Q0	25#3	0
2665	Q0	173050#27	0
2665	Q0	269375#7	0
2666	Q0	1446907#2	1
2666	Q0	222072#16	0
2666	Q0	222072#15	0
2666	Q0	222072#18	0
2666	Q0	222072#0	0
2666	Q0	222072#17	0
2666	Q0	222072#3	0
2666	Q0	222072#10	0
2666	Q0	222072#22	0
2666	Q0	222072#13	0
2666	Q0	222072#8	0
2668	Q0	92970#0	1
2668	Q0	75415#16	1
2668	Q0	497145#0	1
2668	Q0	75415#14	1
2668	Q0	75415#0	0
2668	Q0	1201603#1	0
2668	Q0	75415#8	0
2668	Q0	522364#7	0
2668	Q0	1012558#6	0
2668	Q0	1201603#0	0
2669	Q0	1285432#0	1
2669	Q0	1285432#3	0
2669	Q0	1285432#9	0
2669	Q0	1285432#12	0
2669	Q0	1285432#1	0
2669	Q0	1285432#6	0
2669	Q0	1285432#5	0
2669	Q0	1285432#7	0
2669	Q0	1285432#8	0
2669	Q0	1285432#10	0
2670	Q0	14596#0	1
2670	Q0	14596#1	0
2670	Q0	1164165#0	0
2670	Q0	1464973#1	0
2670	Q0	14596#7	0
2670	Q0	1164262#5	0
2670	Q0	1031744#3	0
2670	Q0	14596#35	0
2670	Q0	14596#32	0
2670	Q0	14596#2	0
2672	Q0	56649#0	1
2672	Q0	190390#0	0
2672	Q0	418926#0	0
2672	Q0	32715#4	0
2672	Q0	56649#2	0
2672	Q0	56649#1	0
2672	Q0	56649#8	0
2672	Q0	56649#4	0
2672	Q0	56649#10	0
2672	Q0	56649#3	0
2673	Q0	24430#1	1
2673	Q0	24430#0	1
2673	Q0	1470363#0	1
2673	Q0	24430#3	0
2673	Q0	24430#6	0
2673	Q0	317123#3	0
2673	Q0	994727#3	0
2673	Q0	324223#5	0
2673	Q0	1193#50	0
2673	Q0	1064476#8	0
2674	Q0	1023911#2	1
2674	Q0	858082#1	0
2674	Q0	1023911#0	0
2674	Q0	864399#1	0
2674	Q0	99849#5	0
2674	Q0	864399#5	0
2674	Q0	433606#3	0
2674	Q0	1152005#2	0
2674	Q0	826968#2	0
2674	Q0	1023911#10	0
2676	Q0	12322#3	1
2676	Q0	1086183#2	1
2676	Q0	795#29	0
2676	Q0	6245#17	0
2676	Q0	1025607#2	0
2676	Q0	6245#3	0
2676	Q0	12721#8	0
2676	Q0	1189220#12	0
2676	Q0	747571#46	0
2676	Q0	28041#36	0
2677	Q0	40832#1	1
2677	Q0	40832#0	1
2677	Q0	40832#15	0
2677	Q0	71860#2	0
2677	Q0	40832#16	0
2677	Q0	40832#2	0
2677	Q0	40832#6	0
2677	Q0	40832#3	0
2677	Q0	1355674#1	0
2677	Q0	1355674#0	0
2678	Q0	66771#0	1
2678	Q0	66771#6	1
2678	Q0	66771#8	0
2678	Q0	66771#2	0
2678	Q0	66771#4	0
2678	Q0	66771#5	0
2678	Q0	306381#5	0
2678	Q0	66771#7	0
2678	Q0	1108049#3	0
2678	Q0	48815#11	0
2681	Q0	23300#0	1
2681	Q0	856144#0	0
2681	Q0	765590#1	0
2681	Q0	1225321#1	0
2681	Q0	477257#3	0
2681	Q0	299103#0	0
2681	Q0	765590#3	0
2681	Q0	1033007#2	0
2681	Q0	765601#1	0
2681	Q0	297348#2	0
2681	Q0	818362#4	0
2682	Q0	663589#12	1
2682	Q0	5806#12	0
2682	Q0	58298#1	0
2682	Q0	58298#8	0
2682	Q0	46591#15	0
2682	Q0	58298#10	0
2682	Q0	27622#30	0
2682	Q0	39932#18	0
2682	Q0	1382#38	0
2682	Q0	1382#39	0
2682	Q0	36857#14	0
2683	Q0	45574#0	1
2683	Q0	45574#1	0
2683	Q0	45574#10	0
2683	Q0	45574#2	0
2683	Q0	45574#4	0
2683	Q0	565163#0	0
2683	Q0	430055#2	0
2683	Q0	45574#33	0
2683	Q0	45574#6	0
2683	Q0	45574#40	0
2686	Q0	878686#9	1
2686	Q0	878686#10	0
2686	Q0	878686#6	0
2686	Q0	878686#12	0
2686	Q0	878686#3	0
2686	Q0	878686#2	0
2686	Q0	878686#5	0
2686	Q0	307621#1	0
2686	Q0	878686#1	0
2686	Q0	878686#4	0
2688	Q0	1362308#0	1
2688	Q0	71914#11	1
2688	Q0	195#5	1
2688	Q0	1334086#2	0
2688	Q0	1194132#4	0
2688	Q0	498#57	0
2688	Q0	19539#4	0
2688	Q0	680897#4	0
2688	Q0	55236#1	0
2688	Q0	924399#12	0
2688	Q0	265302#11	0
2689	Q0	1227315#1	1
2689	Q0	151813#1	0
2689	Q0	174173#0	0
2689	Q0	1487235#1	0
2689	Q0	1357900#0	0
2689	Q0	174173#1	0
2689	Q0	1133417#2	0
2689	Q0	1375739#0	0
2689	Q0	1487235#2	0
2689	Q0	1487235#0	0
2690	Q0	1171889#2	1
2690	Q0	1171889#9	0
2690	Q0	1171889#0	0
2690	Q0	1171889#5	0
2690	Q0	1171889#1	0
2690	Q0	886502#1	0
2690	Q0	1171889#4	0
2690	Q0	113849#1	0
2690	Q0	1171889#8	0
2690	Q0	1171889#6	0
2691	Q0	6109#0	1
2691	Q0	18489#28	1
2691	Q0	6109#2	1
2691	Q0	6109#3	1
2691	Q0	6143#25	0
2691	Q0	48812#19	0
2691	Q0	22080#24	0
2691	Q0	850960#3	0
2691	Q0	538#36	0
2691	Q0	18489#29	0
2691	Q0	65145#0	0
2691	Q0	6109#1	0
2692	Q0	580629#1	1
2692	Q0	1205992#9	0
2692	Q0	1205992#8	0
2692	Q0	580629#10	0
2692	Q0	580629#6	0
2692	Q0	580629#9	0
2692	Q0	8659#4	0
2692	Q0	580629#7	0
2692	Q0	56338#1	0
2692	Q0	580629#3	0
2693	Q0	464664#0	1
2693	Q0	464664#2	0
2693	Q0	464664#1	0
2693	Q0	576832#125	0
2693	Q0	464664#3	0
2693	Q0	167715#1	0
2693	Q0	385362#2	0
2693	Q0	1052940#0	0
2693	Q0	576832#142	0
2693	Q0	576832#57	0
2694	Q0	574787#0	1
2694	Q0	489511#1	1
2694	Q0	10757#11	1
2694	Q0	64213#9	0
2694	Q0	1060965#12	0
2694	Q0	852#17	0
2694	Q0	8611#1	0
2694	Q0	8901#14	0
2694	Q0	118810#6	0
2694	Q0	5645#9	0
2695	Q0	1272876#9	1
2695	Q0	1272876#16	1
2695	Q0	1272876#21	0
2695	Q0	1272876#7	0
2695	Q0	1272876#18	0
2695	Q0	1272876#3	0
2695	Q0	301706#1	0
2695	Q0	1272876#20	0
2695	Q0	130034#1	0
2695	Q0	1272876#17	0
2697	Q0	1292#0	1
2697	Q0	45180#2	1
2697	Q0	1179#0	1
2697	Q0	1358785#0	0
2697	Q0	346235#0	0
2697	Q0	1292#51	0
2697	Q0	1358785#1	0
2697	Q0	1292#52	0
2697	Q0	10764#0	0
2697	Q0	1360695#0	0
2700	Q0	8409#0	1
2700	Q0	7840#0	0
2700	Q0	1280745#1	0
2700	Q0	7840#7	0
2700	Q0	10375#0	0
2700	Q0	10375#4	0
2700	Q0	8658#0	0
2700	Q0	45607#5	0
2700	Q0	127500#0	0
2700	Q0	127500#3	0
2700	Q0	7384#0	0
2701	Q0	326277#0	1
2701	Q0	326277#2	0
2701	Q0	326277#1	0
2701	Q0	740185#0	0
2701	Q0	1164867#11	0
2701	Q0	1164867#13	0
2701	Q0	1164867#12	0
2701	Q0	1164867#0	0
2701	Q0	1164867#4	0
2701	Q0	1164867#8	0
2702	Q0	94184#1	1
2702	Q0	94184#0	0
2702	Q0	94184#4	0
2702	Q0	542115#1	0
2702	Q0	353541#0	0
2702	Q0	94184#2	0
2702	Q0	151431#2	0
2702	Q0	94184#8	0
2702	Q0	94184#10	0
2702	Q0	27759#9	0
2703	Q0	936694#1	1
2703	Q0	936694#0	1
2703	Q0	936694#2	0
2703	Q0	936694#12	0
2703	Q0	936694#3	0
2703	Q0	936694#4	0
2703	Q0	936694#6	0
2703	Q0	936694#9	0
2703	Q0	75167#2	0
2703	Q0	936694#5	0
2704	Q0	9311#23	1
2704	Q0	570818#1	0
2704	Q0	9311#7	0
2704	Q0	1164777#0	0
2704	Q0	126197#0	0
2704	Q0	267012#2	0
2704	Q0	9311#16	0
2704	Q0	34977#22	0
2704	Q0	221310#10	0
2704	Q0	1492607#6	0
2705	Q0	9818#2	1
2705	Q0	9818#14	1
2705	Q0	391#16	1
2705	Q0	507906#1	1
2705	Q0	9818#1	1
2705	Q0	534570#1	0
2705	Q0	139538#5	0
2705	Q0	9818#46	0
2705	Q0	32042#3	0
2705	Q0	534570#3	0
2705	Q0	534570#15	0
2707	Q0	35921#0	1
2707	Q0	35921#1	1
2707	Q0	387059#0	1
2707	Q0	387064#0	1
2707	Q0	387059#2	1
2707	Q0	35921#8	0
2707	Q0	35921#7	0
2707	Q0	35921#3	0
2707	Q0	35921#2	0
2707	Q0	15168#9	0
2708	Q0	84657#0	1
2708	Q0	84657#4	0
2708	Q0	84657#1	0
2708	Q0	84657#2	0
2708	Q0	84657#6	0
2708	Q0	84657#3	0
2708	Q0	84657#5	0
2708	Q0	214445#0	0
2708	Q0	975893#2	0
2708	Q0	236117#0	0
2709	Q0	207436#1	1
2709	Q0	858885#0	0
2709	Q0	207436#7	0
2709	Q0	130065#3	0
2709	Q0	344410#1	0
2709	Q0	489026#0	0
2709	Q0	366563#0	0
2709	Q0	761036#1	0
2709	Q0	489026#2	0
2709	Q0	359478#0	0
2711	Q0	734971#0	1
2711	Q0	451114#3	1
2711	Q0	738737#0	0
2711	Q0	734971#15	0
2711	Q0	450745#2	0
2711	Q0	734971#3	0
2711	Q0	734971#1	0
2711	Q0	450745#43	0
2711	Q0	173098#5	0
2711	Q0	654640#2	0
2711	Q0	450745#18	0
2712	Q0	9375#31	1
2712	Q0	188541#2	1
2712	Q0	9375#29	1
2712	Q0	9375#15	1
2712	Q0	9375#16	1
2712	Q0	9375#1	1
2712	Q0	9375#0	1
2712	Q0	9375#12	0
2712	Q0	9375#3	0
2712	Q0	9375#8	0
2712	Q0	9375#34	0
2713	Q0	294308#23	1
2713	Q0	294308#31	0
2713	Q0	294308#24	0
2713	Q0	294308#32	0
2713	Q0	294308#0	0
2713	Q0	294308#33	0
2713	Q0	294308#17	0
2713	Q0	294308#21	0
2713	Q0	971613#0	0
2713	Q0	294308#34	0
2714	Q0	608#1	1
2714	Q0	1485267#0	1
2714	Q0	608#5	1
2714	Q0	90842#0	0
2714	Q0	874#0	0
2714	Q0	503760#0	0
2714	Q0	608#2	0
2714	Q0	103965#0	0
2714	Q0	1429385#0	0
2714	Q0	82152#0	0
2715	Q0	1461654#7	1
2715	Q0	109328#3	1
2715	Q0	624022#11	0
2715	Q0	624022#13	0
2715	Q0	624022#15	0
2715	Q0	1290669#8	0
2715	Q0	624022#6	0
2715	Q0	624022#14	0
2715	Q0	624022#2	0
2715	Q0	624022#4	0
2716	Q0	64247#1	1
2716	Q0	64247#4	0
2716	Q0	323444#2	0
2716	Q0	64247#8	0
2716	Q0	26500#12	0
2716	Q0	64247#13	0
2716	Q0	64247#0	0
2716	Q0	64247#3	0
2716	Q0	64247#11	0
2716	Q0	64247#9	0
2718	Q0	257596#1	1
2718	Q0	284452#0	1
2718	Q0	284452#1	1
2718	Q0	580979#4	0
2718	Q0	1355780#30	0
2718	Q0	13780#3	0
2718	Q0	1370798#8	0
2718	Q0	1381957#31	0
2718	Q0	1460535#2	0
2718	Q0	1142292#2	0
2719	Q0	6171#0	1
2719	Q0	6171#3	1
2719	Q0	6170#2	1
2719	Q0	585661#5	1
2719	Q0	1329281#1	1
2719	Q0	198#7	1
2719	Q0	6171#2	0
2719	Q0	96166#16	0
2719	Q0	63698#0	0
2719	Q0	26340#45	0
2720	Q0	17918#0	1
2720	Q0	486456#3	1
2720	Q0	17918#6	1
2720	Q0	17918#1	0
2720	Q0	338551#2	0
2720	Q0	6900#19	0
2720	Q0	216034#0	0
2720	Q0	499747#0	0
2720	Q0	1072737#7	0
2720	Q0	61424#56	0
2721	Q0	826671#21	1
2721	Q0	92144#13	1
2721	Q0	22861#2	1
2721	Q0	22861#0	1
2721	Q0	22861#1	1
2721	Q0	1413637#0	0
2721	Q0	134206#0	0
2721	Q0	133347#0	0
2721	Q0	366218#0	0
2721	Q0	22861#4	0
2724	Q0	33719#2	1
2724	Q0	33719#14	0
2724	Q0	822713#9	0
2724	Q0	33719#7	0
2724	Q0	33719#9	0
2724	Q0	10078#10	0
2724	Q0	1362807#3	0
2724	Q0	193837#5	0
2724	Q0	8834#21	0
2724	Q0	255664#5	0
2727	Q0	11156#4	1
2727	Q0	11156#0	1
2727	Q0	1118750#1	1
2727	Q0	11156#1	0
2727	Q0	11156#28	0
2727	Q0	11156#34	0
2727	Q0	11156#6	0
2727	Q0	11156#11	0
2727	Q0	11156#16	0
2727	Q0	11156#14	0
2730	Q0	976584#0	1
2730	Q0	976584#10	0
2730	Q0	976584#5	0
2730	Q0	976584#7	0
2730	Q0	976584#9	0
2730	Q0	976584#3	0
2730	Q0	976584#6	0
2730	Q0	976584#2	0
2730	Q0	976584#8	0
2730	Q0	976584#4	0
2731	Q0	1354980#0	1
2731	Q0	1354980#3	0
2731	Q0	1354980#11	0
2731	Q0	1354980#7	0
2731	Q0	1354980#6	0
2731	Q0	1354980#10	0
2731	Q0	1354980#1	0
2731	Q0	1354980#5	0
2731	Q0	1354980#9	0
2731	Q0	307684#0	0
2732	Q0	982124#12	1
2732	Q0	59567#1	0
2732	Q0	966363#46	0
2732	Q0	210707#0	0
2732	Q0	1318782#11	0
2732	Q0	50039#1	0
2732	Q0	10704#38	0
2732	Q0	1318782#15	0
2732	Q0	16057#6	0
2732	Q0	982124#1	0
2733	Q0	108799#0	1
2733	Q0	979739#0	1
2733	Q0	1024#1	1
2733	Q0	1024#18	1
2733	Q0	925510#2	0
2733	Q0	6169#3	0
2733	Q0	333941#1	0
2733	Q0	333945#0	0
2733	Q0	319440#0	0
2733	Q0	265932#0	0
2733	Q0	319906#0	0
2733	Q0	115167#0	0
2734	Q0	20438#15	1
2734	Q0	1065#12	1
2734	Q0	57475#19	1
2734	Q0	259795#11	1
2734	Q0	57475#18	1
2734	Q0	20761#16	0
2734	Q0	387819#4	0
2734	Q0	57475#22	0
2734	Q0	520931#0	0
2734	Q0	57475#11	0
2734	Q0	37518#8	0
2735	Q0	11154#3	1
2735	Q0	748#11	1
2735	Q0	21368#2	1
2735	Q0	21368#5	0
2735	Q0	330935#0	0
2735	Q0	83298#1	0
2735	Q0	241#36	0
2735	Q0	773137#1	0
2735	Q0	370523#1	0
2735	Q0	120631#1	0
2735	Q0	120631#13	0
2736	Q0	189494#1	1
2736	Q0	682592#27	0
2736	Q0	940345#1	0
2736	Q0	68326#0	0
2736	Q0	101747#19	0
2736	Q0	140787#0	0
2736	Q0	831378#3	0
2736	Q0	1083169#56	0
2736	Q0	242065#7	0
2736	Q0	1406125#0	0
2736	Q0	278411#0	0
2737	Q0	932#7	1
2737	Q0	102447#16	1
2737	Q0	102447#1	1
2737	Q0	102447#5	0
2737	Q0	102447#20	0
2737	Q0	102447#22	0
2737	Q0	984870#23	0
2737	Q0	83586#35	0
2737	Q0	102447#19	0
2737	Q0	12679#12	0
2738	Q0	455274#6	1
2738	Q0	455274#0	1
2738	Q0	279079#9	0
2738	Q0	84524#2	0
2738	Q0	1150#129	0
2738	Q0	1194#38	0
2738	Q0	1413973#5	0
2738	Q0	1031342#3	0
2738	Q0	11182#19	0
2738	Q0	454045#21	0
2739	Q0	370776#0	1
2739	Q0	793100#0	0
2739	Q0	1034631#0	0
2739	Q0	756426#1	0
2739	Q0	257593#0	0
2739	Q0	78997#6	0
2739	Q0	678100#1	0
2739	Q0	874622#11	0
2739	Q0	111473#5	0
2739	Q0	91120#10	0
2740	Q0	12467#0	1
2740	Q0	12467#6	1
2740	Q0	12466#4	1
2740	Q0	12467#5	0
2740	Q0	12467#14	0
2740	Q0	12467#1	0
2740	Q0	12467#8	0
2740	Q0	12467#13	0
2740	Q0	12467#9	0
2740	Q0	12467#15	0
2743	Q0	993067#1	1
2743	Q0	993067#7	0
2743	Q0	993067#4	0
2743	Q0	52346#1	0
2743	Q0	588888#12	0
2743	Q0	833743#0	0
2743	Q0	370554#3	0
2743	Q0	4862#4	0
2743	Q0	588888#5	0
2743	Q0	588888#4	0
2745	Q0	1283472#0	1
2745	Q0	1414437#1	1
2745	Q0	1283472#2	1
2745	Q0	1283472#7	0
2745	Q0	1372965#1	0
2745	Q0	1372965#7	0
2745	Q0	1372965#6	0
2745	Q0	1283472#1	0
2745	Q0	1283472#4	0
2745	Q0	1372965#0	0
2746	Q0	100434#0	1
2746	Q0	100434#10	0
2746	Q0	100434#4	0
2746	Q0	100434#1	0
2746	Q0	100434#5	0
2746	Q0	100434#2	0
2746	Q0	100434#9	0
2746	Q0	100434#12	0
2746	Q0	1314702#0	0
2746	Q0	100434#7	0
2748	Q0	1410401#1	1
2748	Q0	1410401#0	0
2748	Q0	1410401#12	0
2748	Q0	1410401#6	0
2748	Q0	1410401#13	0
2748	Q0	1410401#18	0
2748	Q0	1410515#1	0
2748	Q0	1410401#8	0
2748	Q0	1410401#5	0
2748	Q0	1410401#10	0
2749	Q0	1007837#2	1
2749	Q0	623267#2	1
2749	Q0	983657#0	1
2749	Q0	64674#2	1
2749	Q0	983657#20	0
2749	Q0	983657#18	0
2749	Q0	1472042#3	0
2749	Q0	1472042#12	0
2749	Q0	197#21	0
2749	Q0	473114#2	0
2749	Q0	983657#6	0
2751	Q0	23300#0	1
2751	Q0	335929#1	0
2751	Q0	1258473#1	0
2751	Q0	144237#2	0
2751	Q0	148538#1	0
2751	Q0	1202017#1	0
2751	Q0	1430573#1	0
2751	Q0	184344#0	0
2751	Q0	575625#1	0
2751	Q0	987094#2	0
2751	Q0	902859#0	0
2753	Q0	41220#0	1
2753	Q0	13069#6	1
2753	Q0	11918#8	1
2753	Q0	1412425#8	1
2753	Q0	48609#0	1
2753	Q0	51873#0	1
2753	Q0	48165#0	1
2753	Q0	236514#0	1
2753	Q0	13069#1	0
2753	Q0	41220#23	0
2753	Q0	41220#8	0
2754	Q0	11813#13	1
2754	Q0	11813#0	0
2754	Q0	1142397#0	0
2754	Q0	11813#1	0
2754	Q0	1142397#2	0
2754	Q0	11813#4	0
2754	Q0	11813#9	0
2754	Q0	11813#2	0
2754	Q0	1299232#1	0
2754	Q0	11813#8	0
2755	Q0	57478#0	1
2755	Q0	57478#1	1
2755	Q0	57478#7	1
2755	Q0	57478#5	1
2755	Q0	57478#6	1
2755	Q0	57478#3	1
2755	Q0	57478#8	1
2755	Q0	57478#4	1
2755	Q0	898903#2	0
2755	Q0	23200#0	0
2757	Q0	634476#1	1
2757	Q0	634476#17	0
2757	Q0	943137#3	0
2757	Q0	634476#19	0
2757	Q0	1290689#1	0
2757	Q0	634476#5	0
2757	Q0	634476#7	0
2757	Q0	634476#10	0
2757	Q0	1310177#2	0
2757	Q0	634476#13	0
2760	Q0	77167#0	1
2760	Q0	77167#1	0
2760	Q0	77167#8	0
2760	Q0	77167#2	0
2760	Q0	77167#9	0
2760	Q0	77167#3	0
2760	Q0	77167#7	0
2760	Q0	77167#4	0
2760	Q0	77167#5	0
2760	Q0	230741#0	0
2762	Q0	44913#1	1
2762	Q0	246381#18	0
2762	Q0	58591#2	0
2762	Q0	29649#1	0
2762	Q0	19844#1	0
2762	Q0	790035#0	0
2762	Q0	609664#1	0
2762	Q0	790035#1	0
2762	Q0	107670#2	0
2762	Q0	784950#1	0
2764	Q0	6950#2	1
2764	Q0	38954#1	0
2764	Q0	412381#12	0
2764	Q0	724928#1	0
2764	Q0	6950#5	0
2764	Q0	1124117#3	0
2764	Q0	5556#10	0
2764	Q0	769599#13	0
2764	Q0	5005#5	0
2764	Q0	42179#33	0
2764	Q0	728246#1	0
2765	Q0	745543#0	1
2765	Q0	745543#6	0
2765	Q0	745543#1	0
2765	Q0	718274#0	0
2765	Q0	745543#2	0
2765	Q0	745543#10	0
2765	Q0	246473#7	0
2765	Q0	1311129#2	0
2765	Q0	245501#6	0
2765	Q0	745543#13	0
2766	Q0	87688#0	1
2766	Q0	87688#9	1
2766	Q0	1179309#1	1
2766	Q0	1179309#0	1
2766	Q0	87688#8	0
2766	Q0	1488467#4	0
2766	Q0	87688#7	0
2766	Q0	87688#3	0
2766	Q0	1152574#9	0
2766	Q0	87688#5	0
2767	Q0	881102#0	1
2767	Q0	881102#1	1
2767	Q0	881102#8	0
2767	Q0	881102#5	0
2767	Q0	881102#4	0
2767	Q0	881102#10	0
2767	Q0	881102#15	0
2767	Q0	881102#3	0
2767	Q0	8210#0	0
2767	Q0	881102#16	0
2768	Q0	43507#0	1
2768	Q0	1376511#2	1
2768	Q0	1316220#14	0
2768	Q0	43507#1	0
2768	Q0	20946#20	0
2768	Q0	1343625#10	0
2768	Q0	669555#2	0
2768	Q0	1343386#8	0
2768	Q0	1343625#0	0
2768	Q0	43507#2	0
2769	Q0	1491902#0	1
2769	Q0	872799#0	0
2769	Q0	872799#13	0
2769	Q0	90975#13	0
2769	Q0	872799#2	0
2769	Q0	872799#4	0
2769	Q0	1491902#2	0
2769	Q0	90975#2	0
2769	Q0	872799#15	0
2769	Q0	872799#17	0
2771	Q0	32715#10	1
2771	Q0	55233#4	1
2771	Q0	55233#2	0
2771	Q0	163625#23	0
2771	Q0	32715#7	0
2771	Q0	56153#7	0
2771	Q0	241629#0	0
2771	Q0	55233#1	0
2771	Q0	48397#5	0
2771	Q0	328676#1	0
2772	Q0	595686#6	1
2772	Q0	934478#6	0
2772	Q0	1170256#26	0
2772	Q0	934478#3	0
2772	Q0	595686#1	0
2772	Q0	595686#4	0
2772	Q0	1170256#21	0
2772	Q0	595686#10	0
2772	Q0	1170256#5	0
2772	Q0	595686#5	0
2773	Q0	77406#0	1
2773	Q0	77406#2	0
2773	Q0	77406#1	0
2773	Q0	1211794#1	0
2773	Q0	77406#11	0
2773	Q0	1314677#4	0
2773	Q0	1180172#0	0
2773	Q0	77406#7	0
2773	Q0	77406#10	0
2773	Q0	77406#3	0
2774	Q0	1375727#0	1
2774	Q0	247042#0	0
2774	Q0	1375727#15	0
2774	Q0	1375727#2	0
2774	Q0	1375727#16	0
2774	Q0	1375727#10	0
2774	Q0	1375727#13	0
2774	Q0	1375727#9	0
2774	Q0	1375727#5	0
2774	Q0	1375727#12	0
2775	Q0	139085#20	1
2775	Q0	139085#1	1
2775	Q0	139085#14	0
2775	Q0	139085#21	0
2775	Q0	139085#0	0
2775	Q0	139085#9	0
2775	Q0	139085#52	0
2775	Q0	139085#11	0
2775	Q0	139085#50	0
2775	Q0	1355902#1	0
2775	Q0	1424852#1	0
2776	Q0	113799#8	1
2776	Q0	88287#2	1
2776	Q0	35#12	1
2776	Q0	35#9	0
2776	Q0	359416#0	0
2776	Q0	1127199#9	0
2776	Q0	1347146#0	0
2776	Q0	793711#0	0
2776	Q0	298217#6	0
2776	Q0	1319497#2	0
2776	Q0	35#13	0
2777	Q0	154627#1	1
2777	Q0	154627#0	0
2777	Q0	1121519#0	0
2777	Q0	224700#1	0
2777	Q0	756#27	0
2777	Q0	968991#1	0
2777	Q0	1016195#0	0
2777	Q0	756#19	0
2777	Q0	968991#2	0
2777	Q0	185491#11	0
2778	Q0	310097#14	1
2778	Q0	533553#2	1
2778	Q0	533553#0	1
2778	Q0	533553#4	0
2778	Q0	533553#1	0
2778	Q0	92547#4	0
2778	Q0	342769#5	0
2778	Q0	1099729#8	0
2778	Q0	459327#2	0
2778	Q0	423893#2	0
2779	Q0	121084#0	1
2779	Q0	121084#1	0
2779	Q0	121084#5	0
2779	Q0	121084#7	0
2779	Q0	704654#0	0
2779	Q0	61849#1	0
2779	Q0	123234#0	0
2779	Q0	845802#0	0
2779	Q0	199384#0	0
2779	Q0	837251#0	0
2780	Q0	6002#0	1
2780	Q0	1189678#0	1
2780	Q0	511980#0	0
2780	Q0	6002#15	0
2780	Q0	1189678#23	0
2780	Q0	6002#43	0
2780	Q0	1000309#0	0
2780	Q0	1189678#62	0
2780	Q0	12842#9	0
2780	Q0	423959#0	0
2781	Q0	1375727#0	1
2781	Q0	1375727#12	1
2781	Q0	1375727#10	0
2781	Q0	1375727#4	0
2781	Q0	1375727#2	0
2781	Q0	1375727#5	0
2781	Q0	192787#3	0
2781	Q0	1375727#17	0
2781	Q0	1178867#0	0
2781	Q0	247042#0	0
2782	Q0	830612#2	1
2782	Q0	830612#7	0
2782	Q0	830612#24	0
2782	Q0	830612#10	0
2782	Q0	830612#22	0
2782	Q0	830612#5	0
2782	Q0	830612#16	0
2782	Q0	830612#19	0
2782	Q0	858081#6	0
2782	Q0	830612#17	0
2784	Q0	208407#0	1
2784	Q0	171118#0	1
2784	Q0	261191#11	1
2784	Q0	261191#0	1
2784	Q0	1191966#5	0
2784	Q0	261191#1	0
2784	Q0	1191966#2	0
2784	Q0	1192030#1	0
2784	Q0	17389#31	0
2784	Q0	261191#21	0
2784	Q0	1424413#1	0
2785	Q0	546277#1	1
2785	Q0	546277#4	0
2785	Q0	589059#11	0
2785	Q0	546277#3	0
2785	Q0	163910#1	0
2785	Q0	51672#36	0
2785	Q0	39932#48	0
2785	Q0	6959#34	0
2785	Q0	91802#14	0
2785	Q0	33404#17	0
2786	Q0	1350321#4	1
2786	Q0	70380#11	1
2786	Q0	515474#12	0
2786	Q0	1350321#7	0
2786	Q0	1146268#14	0
2786	Q0	567619#10	0
2786	Q0	171754#3	0
2786	Q0	1449640#10	0
2786	Q0	1350083#10	0
2787	Q0	308#0	1
2787	Q0	308#1	1
2787	Q0	308#2	0
2787	Q0	776989#0	0
2787	Q0	6016#19	0
2787	Q0	308#10	0
2787	Q0	1197606#4	0
2787	Q0	776989#5	0
2787	Q0	776989#4	0
2787	Q0	373#11	0
2788	Q0	16980#12	1
2788	Q0	958817#27	1
2788	Q0	15354#1	1
2788	Q0	1057792#0	1
2788	Q0	958817#6	1
2788	Q0	50061#0	1
2788	Q0	15354#0	0
2788	Q0	958817#21	0
2788	Q0	15354#4	0
2788	Q0	958817#12	0
2789	Q0	1166208#1	1
2789	Q0	1296998#2	0
2789	Q0	1299752#1	0
2789	Q0	1296998#3	0
2789	Q0	1299750#1	0
2789	Q0	1296998#0	0
2789	Q0	1296998#8	0
2789	Q0	1299721#1	0
2789	Q0	1166208#6	0
2789	Q0	1296998#1	0
2790	Q0	600372#0	1
2790	Q0	600372#3	0
2790	Q0	600372#13	0
2790	Q0	600372#12	0
2790	Q0	600372#1	0
2790	Q0	600372#8	0
2790	Q0	600372#6	0
2790	Q0	600372#2	0
2790	Q0	600372#9	0
2790	Q0	600372#5	0
2791	Q0	278786#0	1
2791	Q0	18690#55	1
2791	Q0	292#95	0
2791	Q0	8855#16	0
2791	Q0	7375#82	0
2791	Q0	722399#1	0
2791	Q0	7386#48	0
2791	Q0	264353#20	0
2791	Q0	1013748#2	0
2791	Q0	664629#0	0
2791	Q0	1342664#2	0
2792	Q0	190381#1	1
2792	Q0	190381#2	0
2792	Q0	938947#2	0
2792	Q0	761036#1	0
2792	Q0	190381#0	0
2792	Q0	580676#1	0
2792	Q0	612589#1	0
2792	Q0	1492007#0	0
2792	Q0	626584#0	0
2792	Q0	215633#4	0
2793	Q0	11521#0	1
2793	Q0	11521#5	0
2793	Q0	11521#9	0
2793	Q0	1288580#10	0
2793	Q0	176858#4	0
2793	Q0	1115052#1	0
2793	Q0	87688#9	0
2793	Q0	1353477#3	0
2793	Q0	1353477#0	0
2793	Q0	11521#3	0
2797	Q0	20983#1	1
2797	Q0	1478698#0	1
2797	Q0	20983#8	1
2797	Q0	574575#5	0
2797	Q0	20983#12	0
2797	Q0	941998#2	0
2797	Q0	1029693#1	0
2797	Q0	20983#13	0
2797	Q0	1006254#1	0
2797	Q0	835822#1	0
2797	Q0	1204868#0	0
2798	Q0	57268#1	1
2798	Q0	57268#0	1
2798	Q0	57268#2	0
2798	Q0	57139#1	0
2798	Q0	1033587#1	0
2798	Q0	1153411#1	0
2798	Q0	724379#1	0
2798	Q0	57268#3	0
2798	Q0	204547#8	0
2798	Q0	695746#3	0
2800	Q0	320718#1	1
2800	Q0	1023407#0	0
2800	Q0	12803#0	0
2800	Q0	1080947#0	0
2800	Q0	1190415#3	0
2800	Q0	320718#0	0
2800	Q0	964886#0	0
2800	Q0	984262#7	0
2800	Q0	274789#9	0
2800	Q0	866919#0	0
2801	Q0	1051388#3	1
2801	Q0	1051388#0	1
2801	Q0	6015#50	1
2801	Q0	6015#52	0
2801	Q0	6015#24	0
2801	Q0	1051388#1	0
2801	Q0	6638#10	0
2801	Q0	993896#20	0
2801	Q0	73257#22	0
2801	Q0	1319976#1	0
2803	Q0	204#0	1
2803	Q0	493490#0	0
2803	Q0	6172#4	0
2803	Q0	5105#0	0
2803	Q0	493490#3	0
2803	Q0	15099#0	0
2803	Q0	204#13	0
2803	Q0	204#14	0
2803	Q0	578#0	0
2803	Q0	122041#4	0
2804	Q0	959#5	1
2804	Q0	34661#44	1
2804	Q0	281239#4	1
2804	Q0	959#45	1
2804	Q0	34661#2	1
2804	Q0	9379#0	0
2804	Q0	34661#46	0
2804	Q0	299536#12	0
2804	Q0	959#4	0
2804	Q0	365015#2	0
2804	Q0	365015#7	0
2805	Q0	164419#1	1
2805	Q0	164419#2	0
2805	Q0	194993#11	0
2805	Q0	1150635#4	0
2805	Q0	86309#6	0
2805	Q0	27622#25	0
2805	Q0	593237#1	0
2805	Q0	237954#2	0
2805	Q0	891043#3	0
2805	Q0	32540#3	0
2806	Q0	734971#0	1
2806	Q0	738737#0	0
2806	Q0	450745#2	0
2806	Q0	734971#3	0
2806	Q0	738737#6	0
2806	Q0	734971#1	0
2806	Q0	654640#2	0
2806	Q0	734971#11	0
2806	Q0	173098#5	0
2806	Q0	450745#43	0
2807	Q0	997401#4	1
2807	Q0	767802#1	1
2807	Q0	1388190#1	1
2807	Q0	2950#83	1
2807	Q0	2950#84	1
2807	Q0	65057#8	0
2807	Q0	1060147#1	0
2807	Q0	1388190#14	0
2807	Q0	2950#97	0
2807	Q0	100992#34	0
2808	Q0	332298#1	1
2808	Q0	332298#0	1
2808	Q0	332298#5	0
2808	Q0	1431997#1	0
2808	Q0	217425#0	0
2808	Q0	879355#2	0
2808	Q0	1267115#1	0
2808	Q0	1386319#1	0
2808	Q0	822790#0	0
2808	Q0	1194683#1	0
2810	Q0	25825#0	1
2810	Q0	641079#0	0
2810	Q0	25825#4	0
2810	Q0	1412467#0	0
2810	Q0	419040#1	0
2810	Q0	485840#1	0
2810	Q0	1490687#0	0
2810	Q0	1386484#1	0
2810	Q0	342257#1	0
2810	Q0	1386488#1	0
2812	Q0	1449621#0	1
2812	Q0	1449621#6	1
2812	Q0	349133#5	0
2812	Q0	445238#0	0
2812	Q0	823771#0	0
2812	Q0	678429#9	0
2812	Q0	1144241#0	0
2812	Q0	23632#72	0
2812	Q0	1263282#3	0
2812	Q0	1449621#7	0
2815	Q0	44180#0	1
2815	Q0	562433#0	1
2815	Q0	562433#12	0
2815	Q0	562433#2	0
2815	Q0	562433#5	0
2815	Q0	1411711#7	0
2815	Q0	1259457#0	0
2815	Q0	1212662#4	0
2815	Q0	164754#0	0
2815	Q0	562433#13	0
2817	Q0	8767#2	1
2817	Q0	8767#0	0
2817	Q0	8767#29	0
2817	Q0	1428488#6	0
2817	Q0	8769#3	0
2817	Q0	1432645#0	0
2817	Q0	8887#2	0
2817	Q0	117493#1	0
2817	Q0	1005026#2	0
2817	Q0	9080#7	0
2818	Q0	86062#1	1
2818	Q0	86062#0	1
2818	Q0	1337699#2	0
2818	Q0	201040#0	0
2818	Q0	483096#2	0
2818	Q0	246570#0	0
2818	Q0	1330981#0	0
2818	Q0	415397#1	0
2818	Q0	86062#5	0
2818	Q0	410022#0	0
2819	Q0	12083#0	1
2819	Q0	852631#0	0
2819	Q0	124046#8	0
2819	Q0	728485#1	0
2819	Q0	1359909#2	0
2819	Q0	131519#3	0
2819	Q0	635866#0	0
2819	Q0	779099#3	0
2819	Q0	1075184#0	0
2819	Q0	405529#0	0
2820	Q0	7051#0	1
2820	Q0	7051#1	1
2820	Q0	7051#4	1
2820	Q0	7051#8	1
2820	Q0	466053#0	0
2820	Q0	284042#0	0
2820	Q0	975626#0	0
2820	Q0	334219#20	0
2820	Q0	1007040#0	0
2820	Q0	334219#18	0
2821	Q0	1359456#2	1
2821	Q0	1359456#8	0
2821	Q0	1359456#3	0
2821	Q0	1359456#5	0
2821	Q0	1359456#9	0
2821	Q0	1359456#11	0
2821	Q0	1359456#1	0
2821	Q0	1361300#5	0
2821	Q0	1357981#3	0
2821	Q0	1359456#16	0
2822	Q0	1008#0	1
2822	Q0	106687#0	0
2822	Q0	107311#0	0
2822	Q0	1473800#0	0
2822	Q0	910178#0	0
2822	Q0	1175759#0	0
2822	Q0	1307591#2	0
2822	Q0	520417#0	0
2822	Q0	14220#13	0
2822	Q0	136191#0	0
2822	Q0	618427#0	0
2823	Q0	46373#0	1
2823	Q0	387#22	1
2823	Q0	46373#3	1
2823	Q0	906453#0	0
2823	Q0	46373#2	0
2823	Q0	1089769#0	0
2823	Q0	225835#0	0
2823	Q0	181540#0	0
2823	Q0	46373#1	0
2823	Q0	904395#0	0
2823	Q0	904910#0	0
2824	Q0	9798#2	1
2824	Q0	272612#0	1
2824	Q0	9798#0	0
2824	Q0	9798#6	0
2824	Q0	9798#17	0
2824	Q0	272612#5	0
2824	Q0	9798#4	0
2824	Q0	900015#0	0
2824	Q0	9798#18	0
2824	Q0	9798#11	0
2825	Q0	403771#0	1
2825	Q0	422440#4	1
2825	Q0	113806#0	1
2825	Q0	1053302#0	1
2825	Q0	17540#1	1
2825	Q0	1053341#0	1
2825	Q0	403771#2	1
2825	Q0	852#52	1
2825	Q0	143578#6	1
2825	Q0	113806#2	0
2825	Q0	182716#1	0
2826	Q0	14312#7	1
2826	Q0	14312#0	1
2826	Q0	14312#1	0
2826	Q0	14312#3	0
2826	Q0	14312#17	0
2826	Q0	14312#2	0
2826	Q0	14312#19	0
2826	Q0	14312#4	0
2826	Q0	14312#9	0
2826	Q0	14312#13	0
2828	Q0	519021#2	1
2828	Q0	519021#0	0
2828	Q0	519021#11	0
2828	Q0	519021#4	0
2828	Q0	519021#1	0
2828	Q0	519021#3	0
2828	Q0	519021#7	0
2828	Q0	519021#10	0
2828	Q0	519021#9	0
2828	Q0	519021#8	0
2829	Q0	101659#63	1
2829	Q0	966363#19	0
2829	Q0	1292#67	0
2829	Q0	1270057#22	0
2829	Q0	1240#72	0
2829	Q0	955#42	0
2829	Q0	1065#88	0
2829	Q0	556079#42	0
2829	Q0	222277#4	0
2829	Q0	59834#10	0
2830	Q0	109476#0	1
2830	Q0	666585#0	0
2830	Q0	12530#0	0
2830	Q0	171550#1	0
2830	Q0	171550#0	0
2830	Q0	175813#0	0
2830	Q0	14884#0	0
2830	Q0	119334#1	0
2830	Q0	538631#23	0
2830	Q0	52082#1	0
2830	Q0	109476#3	0
2831	Q0	1166023#2	1
2831	Q0	1166023#0	1
2831	Q0	1166023#14	0
2831	Q0	1166023#4	0
2831	Q0	1166023#3	0
2831	Q0	1166023#6	0
2831	Q0	1166023#5	0
2831	Q0	1166023#7	0
2831	Q0	72194#7	0
2831	Q0	1166023#15	0
2832	Q0	64192#1	1
2832	Q0	212205#1	1
2832	Q0	1008#2	1
2832	Q0	1008#51	0
2832	Q0	100992#0	0
2832	Q0	8837#5	0
2832	Q0	192000#3	0
2832	Q0	16500#5	0
2832	Q0	366846#0	0
2832	Q0	1008#0	0
2832	Q0	696726#1	0
2833	Q0	720487#0	1
2833	Q0	720487#1	1
2833	Q0	720487#3	0
2833	Q0	1159958#22	0
2833	Q0	1159958#18	0
2833	Q0	1159958#1	0
2833	Q0	1159958#0	0
2833	Q0	720487#5	0
2833	Q0	720487#10	0
2833	Q0	720487#9	0
2835	Q0	34129#1	1
2835	Q0	746529#4	0
2835	Q0	364492#0	0
2835	Q0	259360#1	0
2835	Q0	5018#2	0
2835	Q0	418369#2	0
2835	Q0	99665#1	0
2835	Q0	1291607#0	0
2835	Q0	1113204#3	0
2835	Q0	117644#0	0
2836	Q0	1402786#0	1
2836	Q0	442#11	1
2836	Q0	976953#1	0
2836	Q0	1068964#0	0
2836	Q0	43249#11	0
2836	Q0	8474#3	0
2836	Q0	634594#0	0
2836	Q0	267617#0	0
2836	Q0	702350#0	0
2836	Q0	499174#3	0
2836	Q0	1033326#0	0
2838	Q0	15014#3	1
2838	Q0	15014#0	1
2838	Q0	854#11	1
2838	Q0	10617#9	0
2838	Q0	365836#0	0
2838	Q0	1452655#3	0
2838	Q0	516825#7	0
2838	Q0	444994#0	0
2838	Q0	15014#2	0
2838	Q0	909066#20	0
2839	Q0	123633#0	1
2839	Q0	599057#11	1
2839	Q0	1163692#1	0
2839	Q0	420790#0	0
2839	Q0	517634#0	0
2839	Q0	100099#1	0
2839	Q0	773374#0	0
2839	Q0	527228#0	0
2839	Q0	1095731#2	0
2839	Q0	510265#0	0
2841	Q0	102251#0	1
2841	Q0	102251#1	0
2841	Q0	102251#10	0
2841	Q0	102251#6	0
2841	Q0	102251#12	0
2841	Q0	11676#13	0
2841	Q0	923543#0	0
2841	Q0	102251#8	0
2841	Q0	1253982#0	0
2841	Q0	102251#2	0
2844	Q0	83754#6	1
2844	Q0	101659#20	1
2844	Q0	6648#34	0
2844	Q0	101659#6	0
2844	Q0	529389#6	0
2844	Q0	34917#16	0
2844	Q0	474862#7	0
2844	Q0	521#45	0
2844	Q0	1287179#23	0
2844	Q0	125542#41	0
2844	Q0	1125959#8	0
2845	Q0	216547#0	1
2845	Q0	216547#9	1
2845	Q0	216547#5	0
2845	Q0	216547#8	0
2845	Q0	216547#15	0
2845	Q0	1355684#2	0
2845	Q0	1354990#2	0
2845	Q0	1358796#2	0
2845	Q0	1353983#1	0
2845	Q0	545814#3	0
2846	Q0	9122#1	1
2846	Q0	148538#1	0
2846	Q0	1168137#5	0
2846	Q0	21252#4	0
2846	Q0	194713#0	0
2846	Q0	157304#0	0
2846	Q0	1430573#1	0
2846	Q0	288936#8	0
2846	Q0	148538#6	0
2846	Q0	480057#2	0
2846	Q0	480057#6	0
2847	Q0	15394#1	1
2847	Q0	15394#0	0
2847	Q0	15394#10	0
2847	Q0	15394#9	0
2847	Q0	33075#2	0
2847	Q0	38993#3	0
2847	Q0	15394#28	0
2847	Q0	1471127#1	0
2847	Q0	160421#36	0
2847	Q0	1180172#0	0
2848	Q0	53475#0	1
2848	Q0	53475#3	0
2848	Q0	53475#4	0
2848	Q0	53475#2	0
2848	Q0	53475#1	0
2848	Q0	53475#9	0
2848	Q0	53496#1	0
2848	Q0	183221#1	0
2848	Q0	307705#0	0
2848	Q0	53475#6	0
2850	Q0	5051#0	1
2850	Q0	607533#5	0
2850	Q0	5051#40	0
2850	Q0	5051#3	0
2850	Q0	5051#5	0
2850	Q0	1025663#3	0
2850	Q0	1024517#1	0
2850	Q0	1024580#18	0
2850	Q0	5051#38	0
2850	Q0	5051#2	0
2851	Q0	49043#2	1
2851	Q0	21372#2	1
2851	Q0	90127#2	0
2851	Q0	27812#6	0
2851	Q0	21041#26	0
2851	Q0	1101624#5	0
2851	Q0	322079#3	0
2851	Q0	107165#3	0
2851	Q0	306578#1	0
2851	Q0	826322#0	0
2851	Q0	23279#5	0
2852	Q0	230297#0	1
2852	Q0	230297#3	1
2852	Q0	334105#2	0
2852	Q0	68692#7	0
2852	Q0	1430973#5	0
2852	Q0	112795#3	0
2852	Q0	151250#17	0
2852	Q0	936710#1	0
2852	Q0	72744#15	0
2852	Q0	230297#2	0
2853	Q0	998350#5	1
2853	Q0	37164#0	1
2853	Q0	998350#1	1
2853	Q0	998350#4	0
2853	Q0	134275#1	0
2853	Q0	677867#3	0
2853	Q0	771968#46	0
2853	Q0	346754#1	0
2853	Q0	949409#6	0
2853	Q0	183171#19	0
2854	Q0	168388#26	1
2854	Q0	168388#13	0
2854	Q0	973314#5	0
2854	Q0	168388#27	0
2854	Q0	168388#3	0
2854	Q0	168388#18	0
2854	Q0	1051934#0	0
2854	Q0	168388#1	0
2854	Q0	168388#0	0
2854	Q0	168388#19	0
2855	Q0	943063#30	1
2856	Q0	28671#5	1
2856	Q0	405096#0	0
2856	Q0	870539#1	0
2856	Q0	1297521#2	0
2856	Q0	13218#4	0
2856	Q0	11537#20	0
2856	Q0	1404039#1	0
2856	Q0	13218#5	0
2856	Q0	28671#0	0
2856	Q0	28671#18	0
2857	Q0	764215#0	1
2857	Q0	764215#1	1
2857	Q0	111644#0	1
2857	Q0	764215#2	0
2857	Q0	1114775#1	0
2857	Q0	28028#4	0
2857	Q0	764215#3	0
2857	Q0	1364741#1	0
2857	Q0	301436#0	0
2857	Q0	107868#3	0
2859	Q0	9285#0	1
2859	Q0	9285#38	1
2859	Q0	944179#22	0
2859	Q0	9285#22	0
2859	Q0	296417#3	0
2859	Q0	598166#0	0
2859	Q0	1336395#3	0
2859	Q0	944179#14	0
2859	Q0	944179#12	0
2859	Q0	9285#14	0
2861	Q0	1321#31	1
2861	Q0	959#60	1
2861	Q0	959#61	1
2861	Q0	357642#51	0
2861	Q0	43381#63	0
2861	Q0	1187#40	0
2861	Q0	93820#31	0
2861	Q0	11446#28	0
2861	Q0	9379#74	0
2861	Q0	1321#29	0
2861	Q0	125542#10	0
2862	Q0	9849#15	1
2862	Q0	157500#66	1
2862	Q0	136099#0	1
2862	Q0	1097231#1	0
2862	Q0	556118#3	0
2862	Q0	136099#32	0
2862	Q0	6816#3	0
2862	Q0	393639#10	0
2862	Q0	6944#99	0
2862	Q0	1097231#0	0
2863	Q0	198#0	1
2863	Q0	891641#0	1
2863	Q0	585661#5	1
2863	Q0	151036#1	0
2863	Q0	477589#0	0
2863	Q0	20329#4	0
2863	Q0	6171#3	0
2863	Q0	691788#0	0
2863	Q0	6170#6	0
2863	Q0	6177#1	0
2863	Q0	891641#1	0
2864	Q0	1110113#0	1
2864	Q0	1110113#11	1
2864	Q0	1110113#1	0
2864	Q0	1110113#5	0
2864	Q0	1110113#4	0
2864	Q0	1110113#7	0
2864	Q0	1110113#10	0
2864	Q0	300236#1	0
2864	Q0	1110113#3	0
2864	Q0	1110113#12	0
2866	Q0	9808#0	1
2866	Q0	157500#75	1
2866	Q0	9808#10	0
2866	Q0	9808#7	0
2866	Q0	9808#16	0
2866	Q0	1005419#4	0
2866	Q0	9808#9	0
2866	Q0	9808#13	0
2866	Q0	9808#22	0
2866	Q0	9800#20	0
2866	Q0	1154609#2	0
2867	Q0	1491573#0	1
2867	Q0	65911#3	0
2867	Q0	771110#0	0
2867	Q0	761263#7	0
2867	Q0	10736#3	0
2867	Q0	155603#0	0
2867	Q0	383297#0	0
2867	Q0	65191#1	0
2867	Q0	65191#2	0
2867	Q0	1162#2	0
2868	Q0	860755#6	1
2868	Q0	154314#1	1
2868	Q0	22605#1	1
2868	Q0	421613#6	0
2868	Q0	702167#7	0
2868	Q0	421613#9	0
2868	Q0	860755#8	0
2868	Q0	575480#19	0
2868	Q0	727185#8	0
2868	Q0	371164#11	0
2868	Q0	1071583#1	0
2869	Q0	168160#0	1
2869	Q0	64085#0	0
2869	Q0	528917#0	0
2869	Q0	63795#21	0
2869	Q0	69990#1	0
2869	Q0	312600#0	0
2869	Q0	105103#0	0
2869	Q0	8421#55	0
2869	Q0	1288906#0	0
2869	Q0	1387782#1	0
2870	Q0	26215#1	1
2870	Q0	26215#0	1
2870	Q0	1272165#1	0
2870	Q0	26215#2	0
2870	Q0	17327#2	0
2870	Q0	65818#1	0
2870	Q0	26215#26	0
2870	Q0	1296536#0	0
2870	Q0	26215#30	0
2870	Q0	550478#3	0
2871	Q0	1208050#33	1
2871	Q0	5845#40	1
2871	Q0	198#66	1
2871	Q0	190#44	1
2871	Q0	101659#80	1
2871	Q0	190#40	1
2871	Q0	1065#91	1
2871	Q0	101659#13	1
2871	Q0	190#52	0
2871	Q0	190#37	0
2872	Q0	4670#1	1
2872	Q0	1324009#0	1
2872	Q0	4670#4	0
2872	Q0	4670#14	0
2872	Q0	1324009#8	0
2872	Q0	4670#13	0
2872	Q0	4670#2	0
2872	Q0	4670#9	0
2872	Q0	1320909#0	0
2872	Q0	4670#3	0
2875	Q0	181091#1	1
2875	Q0	181091#0	1
2875	Q0	181091#3	0
2875	Q0	181091#2	0
2875	Q0	985680#2	0
2875	Q0	181091#4	0
2875	Q0	977941#0	0
2875	Q0	146#2	0
2875	Q0	181091#5	0
2875	Q0	310569#1	0
2876	Q0	875456#3	1
2876	Q0	7246#3	0
2876	Q0	875456#4	0
2876	Q0	1442381#5	0
2876	Q0	7461#9	0
2876	Q0	875456#1	0
2876	Q0	1156804#4	0
2876	Q0	875456#9	0
2876	Q0	4999#9	0
2876	Q0	520525#1	0
2877	Q0	8223#0	1
2877	Q0	566363#0	0
2877	Q0	23425#6	0
2877	Q0	8223#4	0
2877	Q0	984262#5	0
2877	Q0	764574#3	0
2877	Q0	8223#1	0
2877	Q0	251929#15	0
2877	Q0	984262#7	0
2877	Q0	8223#7	0
2878	Q0	596758#6	1
2878	Q0	596758#0	0
2878	Q0	1253070#1	0
2878	Q0	1068095#3	0
2878	Q0	596758#5	0
2878	Q0	1149965#1	0
2878	Q0	1196669#1	0
2878	Q0	470056#2	0
2878	Q0	596758#2	0
2878	Q0	308670#11	0
2879	Q0	46340#1	1
2879	Q0	1112082#2	0
2879	Q0	1081275#1	0
2879	Q0	200676#0	0
2879	Q0	752738#0	0
2879	Q0	1081275#0	0
2879	Q0	552979#1	0
2879	Q0	393377#0	0
2879	Q0	738772#2	0
2879	Q0	624989#0	0
2880	Q0	100104#0	1
2880	Q0	100104#7	0
2880	Q0	100104#3	0
2880	Q0	1376388#1	0
2880	Q0	100104#4	0
2880	Q0	614417#2	0
2880	Q0	77713#0	0
2880	Q0	100104#1	0
2880	Q0	100104#10	0
2880	Q0	100104#8	0
2881	Q0	1141699#1	1
2881	Q0	506235#10	1
2881	Q0	1356798#1	0
2881	Q0	1059779#1	0
2881	Q0	310929#5	0
2881	Q0	732081#5	0
2881	Q0	833521#6	0
2881	Q0	81464#5	0
2881	Q0	5015#4	0
2881	Q0	833521#15	0
2881	Q0	1065358#4	0
2882	Q0	67110#19	1
2882	Q0	67110#0	1
2882	Q0	8905#41	1
2882	Q0	67110#4	1
2882	Q0	1395960#0	1
2882	Q0	67110#1	0
2882	Q0	67110#3	0
2882	Q0	67110#2	0
2882	Q0	293886#1	0
2882	Q0	67110#20	0
2883	Q0	149281#11	1
2883	Q0	149281#1	1
2883	Q0	149281#2	0
2883	Q0	1136050#4	0
2883	Q0	149281#0	0
2883	Q0	1257711#2	0
2883	Q0	1257711#6	0
2883	Q0	149281#5	0
2883	Q0	339155#0	0
2883	Q0	1282837#51	0
2885	Q0	15149#0	1
2885	Q0	15149#1	0
2885	Q0	15149#2	0
2885	Q0	941137#2	0
2885	Q0	15149#12	0
2885	Q0	1021828#1	0
2885	Q0	15515#3	0
2885	Q0	1019912#1	0
2885	Q0	1277356#1	0
2885	Q0	7730#2	0
2886	Q0	1125126#8	1
2886	Q0	395679#0	0
2886	Q0	705531#0	0
2886	Q0	409678#3	0
2886	Q0	523223#3	0
2886	Q0	1079450#6	0
2886	Q0	1182484#4	0
2886	Q0	455926#2	0
2886	Q0	946502#2	0
2886	Q0	1125126#7	0
2887	Q0	38148#24	1
2887	Q0	21849#2	0
2887	Q0	38148#25	0
2887	Q0	58414#10	0
2887	Q0	38148#26	0
2887	Q0	68018#1	0
2887	Q0	5531#8	0
2887	Q0	641951#9	0
2887	Q0	1088060#0	0
2887	Q0	38147#23	0
2888	Q0	14355#0	1
2888	Q0	732566#0	1
2888	Q0	165379#15	0
2888	Q0	17487#6	0
2888	Q0	14355#5	0
2888	Q0	14355#6	0
2888	Q0	14355#11	0
2888	Q0	165379#14	0
2888	Q0	14355#1	0
2888	Q0	240049#1	0
2889	Q0	27812#0	1
2889	Q0	1034#6	1
2889	Q0	349131#3	1
2889	Q0	1034#3	1
2889	Q0	233594#74	0
2889	Q0	1424440#2	0
2889	Q0	141428#6	0
2889	Q0	1262898#1	0
2889	Q0	115913#16	0
2889	Q0	34815#2	0
2889	Q0	141428#0	0
2890	Q0	125516#8	1
2890	Q0	807789#5	1
2890	Q0	125516#1	1
2890	Q0	26633#3	0
2890	Q0	538#25	0
2890	Q0	160421#17	0
2890	Q0	682592#8	0
2890	Q0	125516#29	0
2890	Q0	259848#4	0
2890	Q0	252052#5	0
2890	Q0	19323#5	0
2891	Q0	462567#1	1
2891	Q0	462567#0	0
2891	Q0	462567#7	0
2891	Q0	810648#0	0
2891	Q0	810648#1	0
2891	Q0	684185#0	0
2891	Q0	462567#9	0
2891	Q0	462567#11	0
2891	Q0	508345#1	0
2891	Q0	1024917#0	0
2893	Q0	6648#21	1
2893	Q0	463937#80	1
2893	Q0	33315#5	1
2893	Q0	463937#76	1
2893	Q0	463937#35	0
2893	Q0	456728#1	0
2893	Q0	168991#3	0
2893	Q0	655093#5	0
2893	Q0	1444548#1	0
2893	Q0	168991#8	0
2894	Q0	198969#26	1
2894	Q0	198969#7	0
2894	Q0	198969#0	0
2894	Q0	198969#23	0
2894	Q0	198969#17	0
2894	Q0	198969#13	0
2894	Q0	198969#14	0
2894	Q0	198969#3	0
2894	Q0	198969#10	0
2894	Q0	198969#20	0
2895	Q0	8476#74	1
2895	Q0	416504#0	0
2895	Q0	416496#0	0
2895	Q0	959764#0	0
2895	Q0	959762#0	0
2895	Q0	540605#3	0
2895	Q0	252177#1	0
2895	Q0	433750#0	0
2895	Q0	433750#4	0
2895	Q0	8477#2	0
2896	Q0	10934#0	1
2896	Q0	10934#2	1
2896	Q0	399617#1	1
2896	Q0	443723#0	0
2896	Q0	10934#21	0
2896	Q0	10934#24	0
2896	Q0	505092#2	0
2896	Q0	10934#29	0
2896	Q0	1491190#0	0
2896	Q0	399617#0	0
2897	Q0	142079#2	1
2897	Q0	792384#2	0
2897	Q0	843823#2	0
2897	Q0	6866#5	0
2897	Q0	677867#1	0
2897	Q0	796653#1	0
2897	Q0	804209#1	0
2897	Q0	798073#1	0
2897	Q0	396747#1	0
2897	Q0	768703#1	0
2898	Q0	596708#0	1
2898	Q0	1297125#1	0
2898	Q0	1303793#1	0
2898	Q0	1357845#1	0
2898	Q0	1340433#1	0
2898	Q0	596708#1	0
2898	Q0	490177#1	0
2898	Q0	1295924#1	0
2898	Q0	1060915#1	0
2898	Q0	1296042#1	0
2899	Q0	36231#0	1
2899	Q0	36231#1	1
2899	Q0	217#3	0
2899	Q0	1430343#2	0
2899	Q0	36234#2	0
2899	Q0	36234#0	0
2899	Q0	1373214#0	0
2899	Q0	32239#0	0
2899	Q0	4615#3	0
2899	Q0	222631#0	0
2900	Q0	528224#0	1
2900	Q0	528224#9	1
2900	Q0	528224#2	0
2900	Q0	528224#4	0
2900	Q0	528224#1	0
2900	Q0	528224#11	0
2900	Q0	528224#8	0
2900	Q0	528224#5	0
2900	Q0	1019758#4	0
2900	Q0	528224#3	0
2901	Q0	754942#0	1
2901	Q0	754911#3	0
2901	Q0	754904#0	0
2901	Q0	754942#6	0
2901	Q0	757257#0	0
2901	Q0	963794#42	0
2901	Q0	757265#0	0
2901	Q0	1199110#2	0
2901	Q0	754932#0	0
2901	Q0	765004#0	0
2903	Q0	10736#17	1
2903	Q0	922664#0	0
2903	Q0	10736#3	0
2903	Q0	31051#1	0
2903	Q0	10736#6	0
2903	Q0	10736#0	0
2903	Q0	146654#0	0
2903	Q0	10736#1	0
2903	Q0	82151#2	0
2903	Q0	27997#7	0
2904	Q0	462076#0	1
2904	Q0	90484#1	0
2904	Q0	462076#10	0
2904	Q0	462076#7	0
2904	Q0	462076#11	0
2904	Q0	462076#9	0
2904	Q0	462076#4	0
2904	Q0	462076#2	0
2904	Q0	462076#3	0
2904	Q0	105081#0	0
2905	Q0	26319#0	1
2905	Q0	649478#2	0
2905	Q0	1185013#0	0
2905	Q0	754888#1	0
2905	Q0	55524#5	0
2905	Q0	1324290#1	0
2905	Q0	26319#1	0
2905	Q0	649478#7	0
2905	Q0	1168520#0	0
2905	Q0	57227#1	0
2906	Q0	1344121#1	1
2906	Q0	779647#0	1
2906	Q0	1344121#0	1
2906	Q0	1344121#3	0
2906	Q0	1344121#8	0
2906	Q0	1344121#4	0
2906	Q0	1344121#7	0
2906	Q0	1344121#5	0
2906	Q0	1344121#11	0
2906	Q0	1344121#12	0
2908	Q0	57268#0	1
2908	Q0	57268#1	0
2908	Q0	24354#11	0
2908	Q0	57268#2	0
2908	Q0	57268#3	0
2908	Q0	929935#0	0
2908	Q0	1384920#0	0
2908	Q0	758923#6	0
2908	Q0	368002#3	0
2908	Q0	1486765#19	0
2909	Q0	1299#15	1
2909	Q0	1299#2	0
2909	Q0	579350#3	0
2909	Q0	1299#4	0
2909	Q0	1299#3	0
2909	Q0	2955#29	0
2909	Q0	1299#7	0
2909	Q0	1299#6	0
2909	Q0	35322#16	0
2909	Q0	1360020#5	0
2910	Q0	40832#1	1
2910	Q0	40832#0	1
2910	Q0	40832#15	0
2910	Q0	71860#2	0
2910	Q0	40832#16	0
2910	Q0	40832#2	0
2910	Q0	1355674#0	0
2910	Q0	1355674#1	0
2910	Q0	40832#3	0
2910	Q0	40832#5	0
2911	Q0	34654#3	1
2911	Q0	722930#8	1
2911	Q0	1222645#1	0
2911	Q0	1260297#42	0
2911	Q0	395935#7	0
2911	Q0	536697#1	0
2911	Q0	549309#5	0
2911	Q0	75424#16	0
2911	Q0	168986#3	0
2911	Q0	1226535#6	0
2911	Q0	523062#1	0
2912	Q0	161029#16	1
2912	Q0	161029#0	1
2912	Q0	161029#4	1
2912	Q0	161029#28	0
2912	Q0	161029#26	0
2912	Q0	933645#2	0
2912	Q0	301797#2	0
2912	Q0	161029#2	0
2912	Q0	161029#24	0
2912	Q0	161029#21	0
2913	Q0	51522#2	1
2913	Q0	501666#0	0
2913	Q0	56927#5	0
2913	Q0	18343#25	0
2913	Q0	1368199#1	0
2913	Q0	390082#10	0
2913	Q0	137563#2	0
2913	Q0	437003#5	0
2913	Q0	49043#3	0
2913	Q0	141428#6	0
2913	Q0	18840#3	0
2914	Q0	19058#26	1
2914	Q0	19058#3	1
2914	Q0	19058#24	1
2914	Q0	19058#18	0
2914	Q0	1030737#1	0
2914	Q0	19058#19	0
2914	Q0	19058#27	0
2914	Q0	19058#32	0
2914	Q0	19058#20	0
2914	Q0	19058#10	0
2914	Q0	19058#9	0
2917	Q0	17151#1	1
2917	Q0	1379744#4	1
2917	Q0	1379744#6	0
2917	Q0	790145#0	0
2917	Q0	1319429#1	0
2917	Q0	1258473#1	0
2917	Q0	367194#1	0
2917	Q0	1164174#1	0
2917	Q0	1005623#0	0
2917	Q0	1430573#1	0
2918	Q0	762533#3	1
2918	Q0	762533#0	1
2918	Q0	762533#7	0
2918	Q0	762533#4	0
2918	Q0	57756#2	0
2918	Q0	762533#11	0
2918	Q0	762533#10	0
2918	Q0	762533#8	0
2918	Q0	762533#12	0
2918	Q0	762533#9	0
2919	Q0	21570#0	1
2919	Q0	21570#1	0
2919	Q0	61253#8	0
2919	Q0	21570#2	0
2919	Q0	407460#1	0
2919	Q0	32283#62	0
2919	Q0	1431937#1	0
2919	Q0	882646#7	0
2919	Q0	21537#6	0
2919	Q0	256975#0	0
2920	Q0	332489#4	1
2920	Q0	332489#6	0
2920	Q0	199748#3	0
2920	Q0	459101#0	0
2920	Q0	152648#0	0
2920	Q0	1438424#0	0
2920	Q0	332489#2	0
2920	Q0	718658#2	0
2920	Q0	70875#2	0
2920	Q0	1394403#16	0
2921	Q0	591058#0	1
2921	Q0	590994#2	0
2921	Q0	81974#3	0
2921	Q0	330905#0	0
2921	Q0	862038#5	0
2921	Q0	49431#9	0
2921	Q0	1178#0	0
2921	Q0	323306#0	0
2921	Q0	330209#0	0
2921	Q0	327265#0	0
2922	Q0	1158#38	1
2922	Q0	101659#80	1
2922	Q0	966399#7	1
2922	Q0	4950#6	1
2922	Q0	689622#0	1
2922	Q0	128998#3	0
2922	Q0	565193#2	0
2922	Q0	601751#4	0
2922	Q0	610860#5	0
2922	Q0	1379744#5	0
2922	Q0	17151#17	0
2923	Q0	5943#4	1
2923	Q0	374597#3	0
2923	Q0	1406125#0	0
2923	Q0	925510#4	0
2923	Q0	1002901#5	0
2923	Q0	1195557#11	0
2923	Q0	1218278#1	0
2923	Q0	1222645#1	0
2923	Q0	27624#0	0
2923	Q0	98837#4	0
2923	Q0	925510#2	0
2924	Q0	169641#8	1
2924	Q0	171116#2	0
2924	Q0	169641#2	0
2924	Q0	169641#34	0
2924	Q0	169641#0	0
2924	Q0	171116#0	0
2924	Q0	4905#29	0
2924	Q0	169641#14	0
2924	Q0	169641#25	0
2924	Q0	14327#9	0
2925	Q0	1096#0	1
2925	Q0	994071#4	0
2925	Q0	1122#0	0
2925	Q0	1096#40	0
2925	Q0	1197401#8	0
2925	Q0	11320#17	0
2925	Q0	32056#8	0
2925	Q0	1096#29	0
2925	Q0	174402#6	0
2925	Q0	1285140#2	0
2925	Q0	1096#32	0
2926	Q0	710623#4	1
2926	Q0	456557#1	0
2926	Q0	461418#1	0
2926	Q0	1177726#2	0
2926	Q0	710623#6	0
2926	Q0	190409#1	0
2926	Q0	888215#2	0
2926	Q0	1178074#1	0
2926	Q0	503623#1	0
2926	Q0	1019016#3	0
2929	Q0	27614#0	1
2929	Q0	27614#4	0
2929	Q0	8789#0	0
2929	Q0	123000#0	0
2929	Q0	176537#6	0
2929	Q0	873462#0	0
2929	Q0	8514#0	0
2929	Q0	18690#24	0
2929	Q0	24496#0	0
2929	Q0	6598#9	0
2932	Q0	58418#0	1
2932	Q0	58418#1	1
2932	Q0	58418#6	1
2932	Q0	166626#5	0
2932	Q0	1300242#0	0
2932	Q0	322149#1	0
2932	Q0	599421#11	0
2932	Q0	1300242#3	0
2932	Q0	41906#4	0
2932	Q0	1300242#2	0
2933	Q0	65434#0	1
2933	Q0	65434#5	0
2933	Q0	377#34	0
2933	Q0	65434#9	0
2933	Q0	37880#22	0
2933	Q0	629545#34	0
2933	Q0	629545#19	0
2933	Q0	195642#0	0
2933	Q0	377#7	0
2933	Q0	377#26	0
2934	Q0	933069#1	1
2934	Q0	15600#0	1
2934	Q0	682865#1	0
2934	Q0	15600#4	0
2934	Q0	15600#2	0
2934	Q0	1098#45	0
2934	Q0	788975#1	0
2934	Q0	15600#11	0
2934	Q0	15600#16	0
2934	Q0	15600#3	0
2936	Q0	9566#0	1
2936	Q0	9566#30	1
2936	Q0	1358900#0	1
2936	Q0	9513#36	1
2936	Q0	334595#1	0
2936	Q0	9566#48	0
2936	Q0	9566#37	0
2936	Q0	9566#1	0
2936	Q0	645762#3	0
2936	Q0	9566#3	0
2937	Q0	56237#5	1
2937	Q0	917498#0	0
2937	Q0	1151146#1	0
2937	Q0	7391#6	0
2937	Q0	10723#7	0
2937	Q0	56237#7	0
2937	Q0	56237#6	0
2937	Q0	158965#13	0
2937	Q0	7956#14	0
2937	Q0	646637#1	0
2938	Q0	19083#1	1
2938	Q0	19083#0	1
2938	Q0	19083#2	0
2938	Q0	19083#11	0
2938	Q0	1086789#0	0
2938	Q0	141237#0	0
2938	Q0	244806#0	0
2938	Q0	18857#1	0
2938	Q0	51489#0	0
2938	Q0	784950#1	0
2939	Q0	36213#2	1
2939	Q0	36213#6	0
2939	Q0	833474#3	0
2939	Q0	71759#1	0
2939	Q0	356804#1	0
2939	Q0	55861#4	0
2939	Q0	153121#4	0
2939	Q0	36213#0	0
2939	Q0	1399413#1	0
2939	Q0	1005018#1	0
2940	Q0	6042#0	1
2940	Q0	1847#19	1
2940	Q0	851956#17	1
2940	Q0	6042#15	1
2940	Q0	662292#0	1
2940	Q0	6042#10	0
2940	Q0	1425037#1	0
2940	Q0	6042#13	0
2940	Q0	143053#0	0
2940	Q0	6042#14	0
2941	Q0	1164744#3	1
2941	Q0	921751#14	1
2941	Q0	1185103#5	1
2941	Q0	1033864#5	1
2941	Q0	981748#2	1
2941	Q0	1033647#4	1
2941	Q0	980512#5	1
2941	Q0	980512#0	1
2941	Q0	921751#21	0
2941	Q0	921751#19	0
2941	Q0	1033647#5	0
2943	Q0	1432097#4	1
2943	Q0	672456#4	0
2943	Q0	395843#0	0
2943	Q0	28981#8	0
2943	Q0	715329#2	0
2943	Q0	265302#2	0
2943	Q0	1260626#1	0
2943	Q0	1408636#1	0
2943	Q0	45357#0	0
2943	Q0	273129#1	0
2944	Q0	7675#0	1
2944	Q0	7675#28	1
2944	Q0	7675#2	1
2944	Q0	1299635#0	0
2944	Q0	7675#51	0
2944	Q0	258506#5	0
2944	Q0	383933#2	0
2944	Q0	7675#47	0
2944	Q0	7675#33	0
2944	Q0	450921#0	0
2944	Q0	7675#30	0
2945	Q0	6148#49	1
2945	Q0	174327#0	1
2945	Q0	763403#9	0
2945	Q0	6148#17	0
2945	Q0	650643#5	0
2945	Q0	6148#73	0
2945	Q0	6148#36	0
2945	Q0	650643#4	0
2945	Q0	174327#18	0
2945	Q0	174327#3	0
2945	Q0	174327#17	0
2947	Q0	580740#4	1
2947	Q0	93795#3	0
2947	Q0	422930#1	0
2947	Q0	8939#14	0
2947	Q0	351079#11	0
2947	Q0	137930#0	0
2947	Q0	127521#4	0
2947	Q0	796200#2	0
2947	Q0	1207888#2	0
2947	Q0	139769#14	0
2948	Q0	603478#1	1
2948	Q0	603478#0	1
2948	Q0	603478#2	0
2948	Q0	257418#0	0
2948	Q0	763585#0	0
2948	Q0	586158#27	0
2948	Q0	216718#0	0
2948	Q0	1336126#0	0
2948	Q0	186156#6	0
2948	Q0	242203#0	0
2949	Q0	615332#0	1
2949	Q0	145962#0	1
2949	Q0	130201#0	0
2949	Q0	20791#0	0
2949	Q0	828492#0	0
2949	Q0	1131321#0	0
2949	Q0	581242#1	0
2949	Q0	52528#1	0
2949	Q0	53314#0	0
2949	Q0	507023#0	0
2949	Q0	56292#0	0
2950	Q0	12069#3	1
2950	Q0	619762#0	1
2950	Q0	12069#2	1
2950	Q0	1484785#1	0
2950	Q0	619793#2	0
2950	Q0	64386#1	0
2950	Q0	53826#18	0
2950	Q0	323987#1	0
2950	Q0	620038#1	0
2950	Q0	773#14	0
2950	Q0	194993#11	0
2951	Q0	11836#1	1
2951	Q0	152#3	0
2951	Q0	14794#2	0
2951	Q0	14794#1	0
2951	Q0	14794#3	0
2951	Q0	944649#42	0
2951	Q0	151#3	0
2951	Q0	389769#1	0
2951	Q0	77103#8	0
2951	Q0	1369241#0	0
2951	Q0	14794#4	0
2952	Q0	890781#1	1
2952	Q0	145506#1	0
2952	Q0	96341#2	0
2952	Q0	441972#0	0
2952	Q0	96341#3	0
2952	Q0	890781#3	0
2952	Q0	1072332#0	0
2952	Q0	890781#2	0
2952	Q0	890781#0	0
2952	Q0	27812#2	0
2953	Q0	11069#0	1
2953	Q0	11069#1	0
2953	Q0	427018#1	0
2953	Q0	11069#24	0
2953	Q0	11069#9	0
2953	Q0	11069#46	0
2953	Q0	18438#1	0
2953	Q0	11069#3	0
2953	Q0	11069#51	0
2953	Q0	11069#39	0
2954	Q0	231059#0	1
2954	Q0	68923#1	1
2954	Q0	231059#30	1
2954	Q0	8685#32	1
2954	Q0	231059#22	0
2954	Q0	231053#2	0
2954	Q0	338629#9	0
2954	Q0	561549#0	0
2954	Q0	529650#2	0
2954	Q0	853238#6	0
2954	Q0	190170#6	0
2957	Q0	142860#1	1
2957	Q0	142860#0	0
2957	Q0	334219#11	0
2957	Q0	142860#5	0
2957	Q0	35778#4	0
2957	Q0	301911#0	0
2957	Q0	147387#28	0
2957	Q0	1107695#0	0
2957	Q0	1227674#0	0
2957	Q0	284803#98	0
2958	Q0	26381#0	1
2958	Q0	9118#6	1
2958	Q0	26381#1	0
2958	Q0	191081#0	0
2958	Q0	812491#1	0
2958	Q0	639850#0	0
2958	Q0	20647#0	0
2958	Q0	72029#22	0
2958	Q0	1240#20	0
2958	Q0	459718#1	0
2960	Q0	6946#6	1
2960	Q0	6946#11	0
2960	Q0	6946#25	0
2960	Q0	6946#0	0
2960	Q0	6946#8	0
2960	Q0	6946#7	0
2960	Q0	5559#11	0
2960	Q0	6946#15	0
2960	Q0	6946#24	0
2960	Q0	6946#23	0
2961	Q0	1204921#1	1
2961	Q0	801615#1	1
2961	Q0	1216115#1	0
2961	Q0	801615#4	0
2961	Q0	1468038#3	0
2961	Q0	1468038#1	0
2961	Q0	1252580#2	0
2961	Q0	1343939#1	0
2961	Q0	801615#3	0
2961	Q0	429025#0	0
2961	Q0	1468038#2	0
2965	Q0	491071#0	1
2965	Q0	491071#1	0
2965	Q0	491071#3	0
2965	Q0	491071#5	0
2965	Q0	491071#8	0
2965	Q0	491071#2	0
2965	Q0	491071#9	0
2965	Q0	491071#7	0
2965	Q0	491071#6	0
2965	Q0	491071#10	0
2967	Q0	26615#4	1
2967	Q0	26615#7	1
2967	Q0	1311805#22	0
2967	Q0	1311821#11	0
2967	Q0	219021#1	0
2967	Q0	1311821#18	0
2967	Q0	1305545#24	0
2967	Q0	182868#43	0
2967	Q0	335438#0	0
2967	Q0	76172#24	0
2967	Q0	365987#4	0
2968	Q0	30456#54	1
2968	Q0	281239#3	1
2968	Q0	959#46	1
2968	Q0	959#42	1
2968	Q0	112087#16	0
2968	Q0	42037#18	0
2968	Q0	1469375#1	0
2968	Q0	369922#39	0
2968	Q0	112087#14	0
2968	Q0	571972#52	0
2968	Q0	370233#33	0
2969	Q0	201299#7	1
2969	Q0	201299#17	0
2969	Q0	201299#0	0
2969	Q0	313528#6	0
2969	Q0	429904#29	0
2969	Q0	70642#71	0
2969	Q0	201299#9	0
2969	Q0	201299#5	0
2969	Q0	54036#5	0
2969	Q0	201299#12	0
2969	Q0	201299#4	0
2971	Q0	1445642#5	1
2971	Q0	1017514#1	0
2971	Q0	415883#5	0
2971	Q0	814302#3	0
2971	Q0	1445642#10	0
2971	Q0	267884#4	0
2971	Q0	1029952#2	0
2971	Q0	11594#92	0
2971	Q0	1332190#2	0
2971	Q0	935964#29	0
2972	Q0	420407#0	1
2972	Q0	341708#0	0
2972	Q0	420407#2	0
2972	Q0	420407#3	0
2972	Q0	420407#9	0
2972	Q0	420407#4	0
2972	Q0	842427#5	0
2972	Q0	691509#0	0
2972	Q0	1138770#1	0
2972	Q0	1003573#1	0
2973	Q0	1083922#0	1
2973	Q0	1083922#3	1
2973	Q0	1351644#0	0
2973	Q0	1164174#1	0
2973	Q0	5141#24	0
2973	Q0	844491#0	0
2973	Q0	1120245#0	0
2973	Q0	148538#1	0
2973	Q0	148538#2	0
2973	Q0	664163#2	0
2973	Q0	817417#1	0
2973	Q0	1345391#1	0
2975	Q0	197180#1	1
2975	Q0	197180#3	0
2975	Q0	18195#1	0
2975	Q0	197180#2	0
2975	Q0	197180#4	0
2975	Q0	197180#5	0
2975	Q0	17918#12	0
2975	Q0	518830#5	0
2975	Q0	477836#7	0
2975	Q0	495736#4	0
2979	Q0	380690#0	1
2979	Q0	380690#1	0
2979	Q0	380690#2	0
2979	Q0	1115316#1	0
2979	Q0	380690#11	0
2979	Q0	380690#4	0
2979	Q0	380690#6	0
2979	Q0	450280#1	0
2979	Q0	380690#10	0
2979	Q0	962503#0	0
2980	Q0	66763#0	1
2980	Q0	212802#1	1
2980	Q0	66763#3	0
2980	Q0	66763#11	0
2980	Q0	66763#1	0
2980	Q0	66763#4	0
2980	Q0	66763#17	0
2980	Q0	66763#7	0
2980	Q0	66763#12	0
2980	Q0	79653#0	0
2981	Q0	830629#23	1
2981	Q0	830629#4	0
2981	Q0	711462#19	0
2981	Q0	830629#21	0
2981	Q0	685041#1	0
2981	Q0	830629#9	0
2981	Q0	784209#10	0
2981	Q0	1283016#3	0
2981	Q0	900430#15	0
2981	Q0	989262#12	0
2983	Q0	8015#36	1
2983	Q0	290968#0	0
2983	Q0	176148#1	0
2983	Q0	1287790#1	0
2983	Q0	198#97	0
2983	Q0	23149#3	0
2983	Q0	172474#1	0
2983	Q0	7753#42	0
2983	Q0	1287790#0	0
2983	Q0	30250#5	0
2983	Q0	580640#0	0
2985	Q0	436339#34	1
2985	Q0	438610#0	1
2985	Q0	438610#2	0
2985	Q0	393914#2	0
2985	Q0	245545#0	0
2985	Q0	1213385#5	0
2985	Q0	1008029#0	0
2985	Q0	141464#24	0
2985	Q0	860926#1	0
2985	Q0	482701#9	0
2985	Q0	1477643#1	0
2987	Q0	34369#13	1
2987	Q0	34369#10	1
2987	Q0	34369#0	1
2987	Q0	115943#0	1
2987	Q0	36326#25	1
2987	Q0	34369#8	0
2987	Q0	36326#23	0
2987	Q0	271429#12	0
2987	Q0	34369#7	0
2987	Q0	34369#6	0
2988	Q0	9375#3	1
2988	Q0	9375#35	1
2988	Q0	55024#0	1
2988	Q0	17747#0	1
2988	Q0	9375#0	1
2988	Q0	566405#0	0
2988	Q0	9375#31	0
2988	Q0	9375#34	0
2988	Q0	55024#10	0
2988	Q0	1414211#0	0
2988	Q0	1424378#2	0
2991	Q0	13351#0	1
2991	Q0	963511#2	0
2991	Q0	1131757#2	0
2991	Q0	1142158#35	0
2991	Q0	902415#7	0
2991	Q0	343917#3	0
2991	Q0	13351#5	0
2991	Q0	390208#1	0
2991	Q0	13351#10	0
2991	Q0	1063343#30	0
2992	Q0	914386#2	1
2992	Q0	7#2	1
2992	Q0	7#4	0
2992	Q0	1221647#5	0
2992	Q0	1349646#4	0
2992	Q0	1065#8	0
2992	Q0	507#9	0
2992	Q0	193472#5	0
2992	Q0	134436#4	0
2992	Q0	15004#4	0
2993	Q0	356993#0	1
2993	Q0	333715#0	1
2993	Q0	356993#3	1
2993	Q0	856029#0	1
2993	Q0	356993#6	1
2993	Q0	356993#4	1
2993	Q0	356993#2	0
2993	Q0	544403#0	0
2993	Q0	356993#1	0
2993	Q0	333715#1	0
2994	Q0	14641#0	1
2994	Q0	14641#25	0
2994	Q0	763046#0	0
2994	Q0	599357#0	0
2994	Q0	1135926#0	0
2994	Q0	100206#0	0
2994	Q0	14641#18	0
2994	Q0	5255#23	0
2994	Q0	97277#0	0
2994	Q0	121194#0	0
2994	Q0	14641#13	0
2995	Q0	17231#0	1
2995	Q0	17231#16	0
2995	Q0	467375#6	0
2995	Q0	17231#15	0
2995	Q0	574941#0	0
2995	Q0	11537#2	0
2995	Q0	17231#8	0
2995	Q0	129837#16	0
2995	Q0	17231#11	0
2995	Q0	17231#13	0
2996	Q0	261563#17	1
2996	Q0	261563#0	1
2996	Q0	261563#19	0
2996	Q0	261563#13	0
2996	Q0	261563#12	0
2996	Q0	261563#11	0
2996	Q0	261563#16	0
2996	Q0	261563#1	0
2996	Q0	261563#2	0
2996	Q0	193214#3	0
2997	Q0	117916#2	1
2997	Q0	117916#0	0
2997	Q0	117916#1	0
2997	Q0	117916#3	0
2997	Q0	397381#4	0
2997	Q0	117916#4	0
2997	Q0	973154#1	0
2997	Q0	1135601#0	0
2997	Q0	533303#1	0
2997	Q0	1314764#2	0
2999	Q0	52617#2	1
2999	Q0	592780#0	0
2999	Q0	399768#1	0
2999	Q0	1493396#3	0
2999	Q0	52617#12	0
2999	Q0	1094734#1	0
2999	Q0	1268423#1	0
2999	Q0	85057#3	0
2999	Q0	220574#1	0
2999	Q0	182963#3	0
3000	Q0	20500#0	1
3000	Q0	20500#2	1
3000	Q0	20500#4	0
3000	Q0	20500#6	0
3000	Q0	20500#5	0
3000	Q0	20500#1	0
3000	Q0	20500#3	0
3000	Q0	20500#12	0
3000	Q0	20500#11	0
3000	Q0	20500#9	0
3001	Q0	216506#0	1
3001	Q0	7380#66	0
3001	Q0	594639#3	0
3001	Q0	780601#6	0
3001	Q0	106#0	0
3001	Q0	1125959#8	0
3001	Q0	106#3	0
3001	Q0	1283#82	0
3001	Q0	594637#4	0
3001	Q0	1223252#0	0
3001	Q0	426603#7	0
3002	Q0	8639#0	1
3002	Q0	385670#0	0
3002	Q0	801068#0	0
3002	Q0	8689#0	0
3002	Q0	8644#0	0
3002	Q0	8640#14	0
3002	Q0	7384#0	0
3002	Q0	9127#0	0
3002	Q0	8640#0	0
3002	Q0	302295#0	0
3004	Q0	1138#0	1
3004	Q0	1138#29	0
3004	Q0	1037037#0	0
3004	Q0	1138#28	0
3004	Q0	1138#22	0
3004	Q0	1138#21	0
3004	Q0	1138#17	0
3004	Q0	1138#30	0
3004	Q0	1138#16	0
3004	Q0	1138#23	0
3005	Q0	1074007#2	1
3005	Q0	1074007#0	0
3005	Q0	1074007#15	0
3005	Q0	1074007#1	0
3005	Q0	1074007#5	0
3005	Q0	1074007#18	0
3005	Q0	1074007#29	0
3005	Q0	1074007#3	0
3005	Q0	1074007#14	0
3005	Q0	1074007#12	0
3006	Q0	42521#0	1
3006	Q0	173692#0	0
3006	Q0	42521#1	0
3006	Q0	37476#8	0
3006	Q0	749328#4	0
3006	Q0	209647#1	0
3006	Q0	925510#2	0
3006	Q0	1374517#20	0
3006	Q0	820571#6	0
3006	Q0	266199#0	0
3007	Q0	49263#2	1
3007	Q0	1280313#34	1
3007	Q0	49263#0	0
3007	Q0	1083922#24	0
3007	Q0	28029#7	0
3007	Q0	401840#0	0
3007	Q0	953139#2	0
3007	Q0	1300611#2	0
3007	Q0	5254#6	0
3007	Q0	387207#0	0
3008	Q0	204061#0	1
3008	Q0	204061#8	1
3008	Q0	204061#9	1
3008	Q0	204061#5	0
3008	Q0	204061#4	0
3008	Q0	204061#3	0
3008	Q0	204061#1	0
3008	Q0	204061#13	0
3008	Q0	204061#7	0
3008	Q0	720166#1	0
3009	Q0	17615#1	1
3009	Q0	17615#0	1
3009	Q0	745607#5	1
3009	Q0	176491#1	0
3009	Q0	160421#33	0
3009	Q0	1260549#0	0
3009	Q0	96074#0	0
3009	Q0	673300#0	0
3009	Q0	1294208#0	0
3009	Q0	425594#0	0
3010	Q0	21212#7	1
3010	Q0	40952#1	1
3010	Q0	40952#15	0
3010	Q0	40952#8	0
3010	Q0	213#5	0
3010	Q0	40952#6	0
3010	Q0	56592#2	0
3010	Q0	213#6	0
3010	Q0	434768#24	0
3010	Q0	40952#14	0
3011	Q0	507#0	1
3011	Q0	507#63	1
3011	Q0	160421#52	0
3011	Q0	160421#48	0
3011	Q0	1216709#0	0
3011	Q0	145426#0	0
3011	Q0	1472459#0	0
3011	Q0	507#3	0
3011	Q0	1199000#0	0
3011	Q0	1184572#0	0
3013	Q0	29523#0	1
3013	Q0	231501#10	0
3013	Q0	323572#1	0
3013	Q0	1111#15	0
3013	Q0	23325#2	0
3013	Q0	83486#8	0
3013	Q0	118181#0	0
3013	Q0	724836#0	0
3013	Q0	1037#51	0
3013	Q0	208#15	0
3014	Q0	1330111#5	1
3014	Q0	1330111#0	1
3014	Q0	1303723#24	1
3014	Q0	1330111#10	0
3014	Q0	1330111#3	0
3014	Q0	1330111#1	0
3014	Q0	1330111#8	0
3014	Q0	1330111#4	0
3014	Q0	1330111#6	0
3014	Q0	1330111#2	0
3014	Q0	1330111#13	0
3015	Q0	10180#7	1
3015	Q0	17008#1	1
3015	Q0	693469#0	1
3015	Q0	12848#0	1
3015	Q0	18341#0	1
3015	Q0	68008#2	0
3015	Q0	12848#2	0
3015	Q0	544948#0	0
3015	Q0	693469#10	0
3015	Q0	92329#0	0
3015	Q0	12848#6	0
3016	Q0	73192#0	1
3016	Q0	28428#0	1
3016	Q0	190828#0	0
3016	Q0	826987#0	0
3016	Q0	73192#2	0
3016	Q0	651710#0	0
3016	Q0	93601#0	0
3016	Q0	28428#15	0
3016	Q0	55170#1	0
3016	Q0	29945#5	0
3018	Q0	59129#4	1
3018	Q0	59129#0	1
3018	Q0	59129#6	0
3018	Q0	59129#1	0
3018	Q0	59129#5	0
3018	Q0	59129#11	0
3018	Q0	59129#34	0
3018	Q0	59129#44	0
3018	Q0	365066#1	0
3018	Q0	59129#12	0
3019	Q0	27258#0	1
3019	Q0	28507#13	0
3019	Q0	28507#5	0
3019	Q0	27258#1	0
3019	Q0	28507#15	0
3019	Q0	27258#3	0
3019	Q0	27258#2	0
3019	Q0	27258#4	0
3019	Q0	93971#1	0
3019	Q0	27258#7	0
3020	Q0	19621#10	1
3020	Q0	19621#1	1
3020	Q0	704308#4	0
3020	Q0	704308#2	0
3020	Q0	185174#9	0
3020	Q0	704308#6	0
3020	Q0	540#46	0
3020	Q0	711040#3	0
3020	Q0	704308#1	0
3020	Q0	704308#0	0
3021	Q0	231059#0	1
3021	Q0	231062#10	1
3021	Q0	231062#1	1
3021	Q0	68923#1	0
3021	Q0	8685#32	0
3021	Q0	231059#12	0
3021	Q0	231062#3	0
3021	Q0	231059#13	0
3021	Q0	731653#11	0
3021	Q0	231059#14	0
3022	Q0	407622#0	1
3022	Q0	145195#0	0
3022	Q0	1186689#0	0
3022	Q0	525631#2	0
3022	Q0	71770#0	0
3022	Q0	1258473#1	0
3022	Q0	480057#0	0
3022	Q0	116754#5	0
3022	Q0	252179#1	0
3022	Q0	407622#16	0
3022	Q0	148538#1	0
3024	Q0	327#83	1
3024	Q0	327#82	1
3024	Q0	327#0	1
3024	Q0	127198#2	0
3024	Q0	327#24	0
3024	Q0	327#22	0
3024	Q0	209556#3	0
3024	Q0	327#25	0
3024	Q0	327#37	0
3024	Q0	327#10	0
3026	Q0	286575#19	1
3026	Q0	286575#21	0
3026	Q0	286575#29	0
3026	Q0	286575#33	0
3026	Q0	286575#4	0
3026	Q0	286575#6	0
3026	Q0	286575#36	0
3026	Q0	286575#20	0
3026	Q0	286575#31	0
3026	Q0	286575#15	0
3027	Q0	1352797#3	1
3027	Q0	146#8	1
3027	Q0	463#18	1
3027	Q0	463#0	0
3027	Q0	463#1	0
3027	Q0	463#13	0
3027	Q0	463#8	0
3027	Q0	463#16	0
3027	Q0	463#5	0
3027	Q0	463#24	0
3027	Q0	463#11	0
3028	Q0	142079#3	1
3028	Q0	142079#2	0
3028	Q0	792384#1	0
3028	Q0	90350#0	0
3028	Q0	136649#2	0
3028	Q0	65615#0	0
3028	Q0	93344#16	0
3028	Q0	240714#6	0
3028	Q0	7294#10	0
3028	Q0	142079#13	0
3029	Q0	327#3	1
3029	Q0	797#4	1
3029	Q0	33123#7	1
3029	Q0	327#6	0
3029	Q0	209556#3	0
3029	Q0	327#90	0
3029	Q0	327#57	0
3029	Q0	327#91	0
3029	Q0	797#16	0
3029	Q0	307381#7	0
3031	Q0	306872#0	1
3031	Q0	306861#0	0
3031	Q0	64696#5	0
3031	Q0	306872#1	0
3031	Q0	306872#6	0
3031	Q0	306876#2	0
3031	Q0	1476211#2	0
3031	Q0	241383#1	0
3031	Q0	295956#2	0
3031	Q0	17808#16	0
3032	Q0	564607#0	1
3032	Q0	1171204#2	0
3032	Q0	1024016#0	0
3032	Q0	1206#0	0
3032	Q0	1206#3	0
3032	Q0	1419079#0	0
3032	Q0	68921#0	0
3032	Q0	223189#0	0
3032	Q0	154597#0	0
3032	Q0	1040929#0	0
3033	Q0	32283#1	1
3033	Q0	32283#5	1
3033	Q0	1309550#1	0
3033	Q0	1309550#3	0
3033	Q0	1203394#2	0
3033	Q0	57856#5	0
3033	Q0	17801#3	0
3033	Q0	1203394#1	0
3033	Q0	222935#1	0
3033	Q0	167111#1	0
3034	Q0	796200#4	1
3034	Q0	5723#5	1
3034	Q0	376989#1	0
3034	Q0	376989#2	0
3034	Q0	1160786#15	0
3034	Q0	5723#17	0
3034	Q0	1160786#14	0
3034	Q0	68059#5	0
3034	Q0	1160786#16	0
3034	Q0	77398#1	0
3034	Q0	233594#66	0
3035	Q0	7079#0	1
3035	Q0	252847#0	1
3035	Q0	166268#3	0
3035	Q0	713175#1	0
3035	Q0	7079#5	0
3035	Q0	1163264#0	0
3035	Q0	742783#0	0
3035	Q0	705682#1	0
3035	Q0	742783#6	0
3035	Q0	108069#1	0
3036	Q0	33727#0	1
3036	Q0	1343386#2	1
3036	Q0	582078#25	1
3036	Q0	34067#0	0
3036	Q0	95203#6	0
3036	Q0	897262#0	0
3036	Q0	1030490#1	0
3036	Q0	33727#3	0
3036	Q0	1343386#7	0
3036	Q0	1343386#4	0
3037	Q0	11105#0	1
3037	Q0	1082291#2	1
3037	Q0	104658#0	0
3037	Q0	768798#9	0
3037	Q0	11105#1	0
3037	Q0	418301#0	0
3037	Q0	415397#1	0
3037	Q0	768798#8	0
3037	Q0	13654#31	0
3037	Q0	361943#1	0
3038	Q0	20961#3	1
3038	Q0	1203314#18	0
3038	Q0	1084222#3	0
3038	Q0	20961#25	0
3038	Q0	20961#23	0
3038	Q0	779817#1	0
3038	Q0	1400766#1	0
3038	Q0	1400770#3	0
3038	Q0	791654#3	0
3038	Q0	20961#15	0
3038	Q0	55099#24	0
3039	Q0	104767#19	1
3039	Q0	20040#65	1
3039	Q0	141652#1	1
3039	Q0	75652#34	1
3039	Q0	116202#66	1
3039	Q0	75652#37	1
3039	Q0	10142#62	0
3039	Q0	66486#12	0
3039	Q0	116202#34	0
3039	Q0	588228#1	0
3040	Q0	5589#0	1
3040	Q0	311593#22	0
3040	Q0	39932#43	0
3040	Q0	39932#0	0
3040	Q0	564704#21	0
3040	Q0	1251876#4	0
3040	Q0	39932#18	0
3040	Q0	6301#4	0
3040	Q0	589059#11	0
3040	Q0	1251876#5	0
3040	Q0	667045#4	0
3041	Q0	1280313#4	1
3041	Q0	1280313#0	1
3041	Q0	1280313#16	0
3041	Q0	91588#17	0
3041	Q0	1280313#12	0
3041	Q0	1280313#8	0
3041	Q0	1280313#9	0
3041	Q0	91588#1	0
3041	Q0	1487016#0	0
3041	Q0	186033#4	0
3041	Q0	158249#3	0
3043	Q0	4639#84	1
3043	Q0	4639#76	1
3043	Q0	616409#12	1
3043	Q0	150444#12	0
3043	Q0	111267#3	0
3043	Q0	4639#80	0
3043	Q0	6679#43	0
3043	Q0	426240#2	0
3043	Q0	746162#7	0
3043	Q0	4639#77	0
3044	Q0	236773#4	1
3044	Q0	111467#3	1
3044	Q0	236773#0	0
3044	Q0	236773#6	0
3044	Q0	236773#7	0
3044	Q0	236773#8	0
3044	Q0	236773#5	0
3044	Q0	236773#3	0
3044	Q0	236773#2	0
3044	Q0	236773#1	0
3045	Q0	507#13	1
3045	Q0	290174#0	1
3045	Q0	1349646#28	1
3045	Q0	1344508#1	1
3045	Q0	1344689#0	0
3045	Q0	684113#0	0
3045	Q0	7172#3	0
3045	Q0	1344666#0	0
3045	Q0	144350#0	0
3045	Q0	1275227#0	0
3046	Q0	1024#55	1
3046	Q0	2954#39	1
3046	Q0	540#54	1
3046	Q0	937601#1	1
3046	Q0	2954#38	1
3046	Q0	682417#47	1
3046	Q0	31809#1	1
3046	Q0	163620#0	0
3046	Q0	2954#1	0
3046	Q0	1286624#0	0
3047	Q0	61035#0	1
3047	Q0	92748#0	1
3047	Q0	52916#0	1
3047	Q0	13525#2	1
3047	Q0	9921#66	0
3047	Q0	60966#1	0
3047	Q0	198#97	0
3047	Q0	1050381#1	0
3047	Q0	1379#59	0
3047	Q0	9921#76	0
3048	Q0	233594#82	1
3048	Q0	72084#6	1
3048	Q0	5907#6	1
3048	Q0	1316925#0	0
3048	Q0	26081#1	0
3048	Q0	1316915#0	0
3048	Q0	50138#3	0
3048	Q0	998694#3	0
3048	Q0	241627#3	0
3048	Q0	1317060#0	0
3048	Q0	262393#0	0
3048	Q0	5907#50	0
3050	Q0	409304#11	1
3050	Q0	1036154#0	1
3050	Q0	467231#5	0
3050	Q0	129837#31	0
3050	Q0	217947#2	0
3050	Q0	198#112	0
3050	Q0	128998#15	0
3050	Q0	1390260#6	0
3050	Q0	95200#1	0
3050	Q0	45614#1	0
3052	Q0	14427#0	1
3052	Q0	14427#4	0
3052	Q0	14427#2	0
3052	Q0	14427#3	0
3052	Q0	14427#24	0
3052	Q0	14427#17	0
3052	Q0	63033#1	0
3052	Q0	14427#1	0
3052	Q0	485749#0	0
3052	Q0	14427#5	0
3053	Q0	29238#4	1
3053	Q0	966363#97	1
3053	Q0	6741#6	1
3053	Q0	966363#104	1
3053	Q0	6741#52	0
3053	Q0	146137#2	0
3053	Q0	103483#9	0
3053	Q0	6741#5	0
3053	Q0	64696#5	0
3053	Q0	990134#0	0
3054	Q0	11392#2	1
3054	Q0	1446907#10	0
3054	Q0	1147141#2	0
3054	Q0	200980#2	0
3054	Q0	11392#6	0
3054	Q0	11392#0	0
3054	Q0	144260#11	0
3054	Q0	355738#1	0
3054	Q0	664753#2	0
3054	Q0	1446907#0	0
3055	Q0	46490#2	1
3055	Q0	46490#12	0
3055	Q0	46490#11	0
3055	Q0	46490#7	0
3055	Q0	591905#0	0
3055	Q0	1166667#11	0
3055	Q0	7720#4	0
3055	Q0	999016#0	0
3055	Q0	1186924#0	0
3055	Q0	468175#2	0
3056	Q0	181309#11	1
3056	Q0	558460#7	0
3056	Q0	181309#7	0
3056	Q0	422089#8	0
3056	Q0	349394#1	0
3056	Q0	15087#45	0
3056	Q0	181309#8	0
3056	Q0	1149638#5	0
3056	Q0	181309#14	0
3056	Q0	181309#13	0
3057	Q0	93838#0	1
3057	Q0	93838#10	0
3057	Q0	93838#2	0
3057	Q0	93838#7	0
3057	Q0	1360665#2	0
3057	Q0	93838#9	0
3057	Q0	93838#1	0
3057	Q0	5436#59	0
3057	Q0	93838#4	0
3057	Q0	5436#5	0
3059	Q0	711752#0	1
3059	Q0	711752#10	0
3059	Q0	711752#2	0
3059	Q0	711752#4	0
3059	Q0	711752#13	0
3059	Q0	711752#1	0
3059	Q0	711872#0	0
3059	Q0	869953#1	0
3059	Q0	712673#0	0
3059	Q0	711752#12	0
3060	Q0	1435069#2	1
3060	Q0	1435069#6	0
3060	Q0	434303#0	0
3060	Q0	23708#3	0
3060	Q0	1435069#0	0
3060	Q0	1376549#0	0
3060	Q0	867135#1	0
3060	Q0	434303#2	0
3060	Q0	1435069#3	0
3060	Q0	1435069#15	0
3061	Q0	964650#0	1
3061	Q0	233960#0	0
3061	Q0	53767#3	0
3061	Q0	1344529#0	0
3061	Q0	1205992#15	0
3061	Q0	1375223#0	0
3061	Q0	561838#0	0
3061	Q0	53767#2	0
3061	Q0	684113#0	0
3061	Q0	480478#0	0
3062	Q0	446883#2	1
3062	Q0	14087#2	0
3062	Q0	1210836#0	0
3062	Q0	446883#6	0
3062	Q0	1299162#1	0
3062	Q0	446883#8	0
3062	Q0	1150847#2	0
3062	Q0	989172#1	0
3062	Q0	187893#1	0
3062	Q0	643159#1	0
3062	Q0	50515#3	0
3063	Q0	884666#0	1
3063	Q0	46938#57	0
3063	Q0	46938#62	0
3063	Q0	884666#14	0
3063	Q0	46938#36	0
3063	Q0	884666#17	0
3063	Q0	884666#19	0
3063	Q0	46938#0	0
3063	Q0	884666#18	0
3063	Q0	884666#10	0
3066	Q0	17963#2	1
3066	Q0	17963#8	1
3066	Q0	17963#12	1
3066	Q0	17963#1	0
3066	Q0	17963#19	0
3066	Q0	17963#15	0
3066	Q0	17963#7	0
3066	Q0	17963#5	0
3066	Q0	17963#11	0
3066	Q0	17963#17	0
3067	Q0	1065#4	1
3067	Q0	963769#0	0
3067	Q0	38645#5	0
3067	Q0	1221738#1	0
3067	Q0	534292#0	0
3067	Q0	251279#2	0
3067	Q0	2950#72	0
3067	Q0	1018154#1	0
3067	Q0	169435#10	0
3067	Q0	71074#5	0
3067	Q0	71074#4	0
3068	Q0	41342#0	1
3068	Q0	714914#0	1
3068	Q0	306735#0	1
3068	Q0	714688#0	1
3068	Q0	31540#0	1
3068	Q0	31540#36	0
3068	Q0	198853#0	0
3068	Q0	31540#39	0
3068	Q0	752738#0	0
3068	Q0	306735#1	0
3069	Q0	722065#0	1
3069	Q0	986617#6	0
3069	Q0	722065#8	0
3069	Q0	722065#7	0
3069	Q0	986617#5	0
3069	Q0	722294#1	0
3069	Q0	722065#10	0
3069	Q0	986617#3	0
3069	Q0	722065#9	0
3069	Q0	997386#2	0
3070	Q0	801615#0	1
3070	Q0	1343939#4	0
3070	Q0	397518#2	0
3070	Q0	1468038#5	0
3070	Q0	1343939#5	0
3070	Q0	1337266#1	0
3070	Q0	1252580#0	0
3070	Q0	429025#0	0
3070	Q0	1252580#1	0
3070	Q0	1416707#3	0
3071	Q0	84586#5	1
3071	Q0	84586#0	1
3071	Q0	955444#15	0
3071	Q0	1210092#2	0
3071	Q0	84586#11	0
3071	Q0	84586#4	0
3071	Q0	80137#2	0
3071	Q0	84586#1	0
3071	Q0	35418#5	0
3071	Q0	1210092#0	0
3072	Q0	4920#29	1
3072	Q0	4920#30	1
3072	Q0	4920#31	1
3072	Q0	4920#0	1
3072	Q0	72283#3	1
3072	Q0	4920#36	0
3072	Q0	4920#37	0
3072	Q0	154603#5	0
3072	Q0	4920#32	0
3072	Q0	924170#2	0
3075	Q0	6602#14	1
3075	Q0	896324#0	1
3075	Q0	834914#5	1
3075	Q0	896012#0	1
3075	Q0	6602#0	1
3075	Q0	491620#0	0
3075	Q0	164081#2	0
3075	Q0	149081#0	0
3075	Q0	491336#0	0
3075	Q0	164081#3	0
3075	Q0	925510#2	0
3076	Q0	299036#0	1
3076	Q0	7860#47	1
3076	Q0	299036#1	0
3076	Q0	299036#3	0
3076	Q0	47473#9	0
3076	Q0	735614#0	0
3076	Q0	591469#0	0
3076	Q0	1413386#1	0
3076	Q0	792270#0	0
3076	Q0	456793#1	0
3077	Q0	189625#0	1
3077	Q0	1177264#0	0
3077	Q0	5448#4	0
3077	Q0	1082#7	0
3077	Q0	5448#0	0
3077	Q0	1177264#1	0
3077	Q0	662860#7	0
3077	Q0	1266812#0	0
3077	Q0	27244#4	0
3077	Q0	1408179#2	0
3078	Q0	197#3	1
3078	Q0	197#2	1
3078	Q0	406596#2	0
3078	Q0	1362277#1	0
3078	Q0	406596#3	0
3078	Q0	122336#11	0
3078	Q0	111126#6	0
3078	Q0	101770#7	0
3078	Q0	383673#9	0
3078	Q0	147526#0	0
3079	Q0	425935#0	1
3079	Q0	425947#17	0
3079	Q0	425935#19	0
3079	Q0	425935#14	0
3079	Q0	425947#0	0
3079	Q0	425935#1	0
3079	Q0	425935#18	0
3079	Q0	425935#21	0
3079	Q0	425935#2	0
3079	Q0	425935#16	0
3080	Q0	1311538#0	1
3080	Q0	477053#0	1
3080	Q0	12598#31	0
3080	Q0	619478#1	0
3080	Q0	355795#0	0
3080	Q0	218066#2	0
3080	Q0	489303#0	0
3080	Q0	100613#0	0
3080	Q0	1311538#17	0
3080	Q0	12598#42	0
3082	Q0	1036176#0	1
3082	Q0	1036176#1	1
3082	Q0	461961#0	1
3082	Q0	1036176#5	0
3082	Q0	1036176#2	0
3082	Q0	461961#9	0
3082	Q0	1036176#4	0
3082	Q0	203252#0	0
3082	Q0	461961#10	0
3082	Q0	429922#0	0
3083	Q0	422294#1	1
3083	Q0	354180#2	0
3083	Q0	602609#2	0
3083	Q0	219727#0	0
3083	Q0	60700#9	0
3083	Q0	484035#3	0
3083	Q0	941237#0	0
3083	Q0	1187190#1	0
3083	Q0	451008#1	0
3083	Q0	153548#3	0
3083	Q0	1039115#0	0
3084	Q0	84944#0	1
3084	Q0	64754#0	1
3084	Q0	379854#1	0
3084	Q0	64754#1	0
3084	Q0	370803#1	0
3084	Q0	131037#0	0
3084	Q0	379854#3	0
3084	Q0	102035#0	0
3084	Q0	131033#0	0
3085	Q0	1251475#0	1
3085	Q0	1251475#12	1
3085	Q0	1141403#14	1
3085	Q0	1251475#2	1
3085	Q0	1251475#10	0
3085	Q0	1141403#6	0
3085	Q0	1251475#14	0
3085	Q0	296863#1	0
3085	Q0	1141403#12	0
3085	Q0	1260603#2	0
3085	Q0	526#10	0
3087	Q0	777022#0	1
3087	Q0	777022#1	0
3087	Q0	777022#3	0
3087	Q0	777022#12	0
3087	Q0	910800#13	0
3087	Q0	777022#15	0
3087	Q0	544334#4	0
3087	Q0	777022#13	0
3087	Q0	243857#3	0
3087	Q0	777022#4	0
3090	Q0	86923#1	1
3090	Q0	86923#13	1
3090	Q0	102609#29	0
3090	Q0	9487#53	0
3090	Q0	9660#9	0
3090	Q0	781302#9	0
3090	Q0	204306#0	0
3090	Q0	60817#2	0
3090	Q0	86923#0	0
3090	Q0	60817#28	0
3091	Q0	19982#2	1
3091	Q0	222#0	1
3091	Q0	1390133#0	0
3091	Q0	1390133#1	0
3091	Q0	897163#1	0
3091	Q0	208937#1	0
3091	Q0	759486#3	0
3091	Q0	222#35	0
3091	Q0	222#8	0
3091	Q0	222#19	0
3092	Q0	6599#4	1
3092	Q0	54502#3	0
3092	Q0	805859#0	0
3092	Q0	6599#0	0
3092	Q0	8150#1	0
3092	Q0	475699#0	0
3092	Q0	303133#1	0
3092	Q0	1317929#1	0
3092	Q0	942059#0	0
3092	Q0	715917#1	0
3093	Q0	2955#36	1
3093	Q0	2955#39	0
3093	Q0	29758#21	0
3093	Q0	37876#1	0
3093	Q0	29758#0	0
3093	Q0	2955#4	0
3093	Q0	2950#3	0
3093	Q0	1128714#4	0
3093	Q0	24682#5	0
3093	Q0	382148#1	0
3094	Q0	20647#4	1
3094	Q0	82524#0	1
3094	Q0	1221647#14	1
3094	Q0	20647#0	0
3094	Q0	20647#6	0
3094	Q0	892800#1	0
3094	Q0	20647#2	0
3094	Q0	8314#6	0
3094	Q0	820172#0	0
3094	Q0	774831#2	0
3095	Q0	275061#0	1
3095	Q0	275061#12	1
3095	Q0	275061#9	1
3095	Q0	1438565#2	0
3095	Q0	275061#3	0
3095	Q0	21041#15	0
3095	Q0	275061#6	0
3095	Q0	275061#2	0
3095	Q0	244103#0	0
3095	Q0	423160#3	0
3096	Q0	33415#0	1
3096	Q0	27759#9	1
3096	Q0	23370#3	1
3096	Q0	1269224#0	0
3096	Q0	148538#1	0
3096	Q0	148538#2	0
3096	Q0	587739#1	0
3096	Q0	33415#1	0
3096	Q0	1460929#1	0
3096	Q0	947202#0	0
3097	Q0	325062#0	1
3097	Q0	325062#3	0
3097	Q0	8867#18	0
3097	Q0	442535#1	0
3097	Q0	325062#12	0
3097	Q0	1137543#1	0
3097	Q0	933036#0	0
3097	Q0	995081#1	0
3097	Q0	1287812#0	0
3097	Q0	871273#1	0
3098	Q0	817903#0	1
3098	Q0	817903#2	1
3098	Q0	817903#9	0
3098	Q0	817903#3	0
3098	Q0	817903#1	0
3098	Q0	817903#10	0
3098	Q0	817903#5	0
3098	Q0	1298706#11	0
3098	Q0	3687#0	0
3098	Q0	817903#7	0
3099	Q0	177106#0	1
3099	Q0	177242#0	0
3099	Q0	1310229#1	0
3099	Q0	177143#3	0
3099	Q0	1320450#1	0
3099	Q0	1426022#1	0
3099	Q0	1416697#1	0
3099	Q0	177143#10	0
3099	Q0	1310948#1	0
3099	Q0	1294976#1	0
3101	Q0	17264#1	1
3101	Q0	94219#7	1
3101	Q0	17264#8	1
3101	Q0	17264#0	0
3101	Q0	17264#9	0
3101	Q0	17264#5	0
3101	Q0	17264#6	0
3101	Q0	17264#7	0
3101	Q0	17264#4	0
3101	Q0	157056#5	0
3102	Q0	132711#37	1
3102	Q0	132711#1	0
3102	Q0	132711#0	0
3102	Q0	132711#15	0
3102	Q0	132711#7	0
3102	Q0	132711#3	0
3102	Q0	132711#14	0
3102	Q0	132711#9	0
3102	Q0	40778#1	0
3102	Q0	10093#31	0
3103	Q0	21948#0	1
3103	Q0	826671#19	1
3103	Q0	21948#7	1
3103	Q0	21948#4	0
3103	Q0	114625#0	0
3103	Q0	21948#8	0
3103	Q0	1345848#0	0
3103	Q0	986828#0	0
3103	Q0	826671#21	0
3103	Q0	955303#0	0
3105	Q0	1349646#21	1
3105	Q0	1314580#0	1
3105	Q0	1349646#2	1
3105	Q0	507#5	1
3105	Q0	14100#3	1
3105	Q0	1184179#1	0
3105	Q0	1349646#22	0
3105	Q0	1314574#0	0
3105	Q0	1314575#0	0
3105	Q0	99988#3	0
3105	Q0	1184174#3	0
3106	Q0	291584#0	1
3106	Q0	1388731#3	0
3106	Q0	581242#1	0
3106	Q0	581242#5	0
3106	Q0	702037#1	0
3106	Q0	948314#0	0
3106	Q0	649928#0	0
3106	Q0	199079#21	0
3106	Q0	12642#2	0
3106	Q0	210832#9	0
3108	Q0	41214#0	1
3108	Q0	41214#6	1
3108	Q0	41214#8	1
3108	Q0	365165#3	1
3108	Q0	1031973#2	0
3108	Q0	383010#0	0
3108	Q0	957196#4	0
3108	Q0	957196#5	0
3108	Q0	41214#13	0
3108	Q0	4946#34	0
3109	Q0	5499#14	1
3109	Q0	1446439#2	0
3109	Q0	7654#1	0
3109	Q0	88170#8	0
3109	Q0	1166909#4	0
3109	Q0	5499#1	0
3109	Q0	1166909#3	0
3109	Q0	121407#6	0
3109	Q0	49662#6	0
3109	Q0	603753#4	0
3110	Q0	8175#7	1
3110	Q0	241418#2	1
3110	Q0	42629#3	1
3110	Q0	8175#4	1
3110	Q0	536#1	1
3110	Q0	13539#1	1
3110	Q0	13539#4	0
3110	Q0	5745#1	0
3110	Q0	5745#7	0
3110	Q0	241418#3	0
3110	Q0	5745#2	0
3111	Q0	1071279#0	1
3111	Q0	116192#5	1
3111	Q0	42113#27	1
3111	Q0	116192#0	0
3111	Q0	42113#16	0
3111	Q0	116192#6	0
3111	Q0	1073260#0	0
3111	Q0	42113#28	0
3111	Q0	1071279#1	0
3111	Q0	42113#25	0
3112	Q0	431069#4	1
3112	Q0	1065561#1	1
3112	Q0	1065561#0	0
3112	Q0	1065561#9	0
3112	Q0	431069#0	0
3112	Q0	1065561#13	0
3112	Q0	1065561#12	0
3112	Q0	431069#15	0
3112	Q0	431069#14	0
3112	Q0	431069#13	0
3113	Q0	231436#0	1
3113	Q0	231436#4	1
3113	Q0	10704#0	1
3113	Q0	231436#1	1
3113	Q0	231436#6	1
3113	Q0	10704#6	0
3113	Q0	10704#37	0
3113	Q0	231436#10	0
3113	Q0	284472#0	0
3113	Q0	262493#0	0
3116	Q0	430055#2	1
3116	Q0	430055#0	0
3116	Q0	430055#13	0
3116	Q0	430055#6	0
3116	Q0	430055#7	0
3116	Q0	430055#4	0
3116	Q0	430055#5	0
3116	Q0	430055#3	0
3116	Q0	430055#10	0
3116	Q0	430055#8	0
3117	Q0	19524#0	1
3117	Q0	33106#0	1
3117	Q0	191204#0	1
3117	Q0	19524#7	0
3117	Q0	19524#9	0
3117	Q0	19524#8	0
3117	Q0	19524#1	0
3117	Q0	1478564#0	0
3117	Q0	33106#4	0
3117	Q0	19524#4	0
3118	Q0	10018#48	1
3118	Q0	21591#0	1
3118	Q0	21591#1	0
3118	Q0	21591#2	0
3118	Q0	21591#5	0
3118	Q0	21591#4	0
3118	Q0	323440#0	0
3118	Q0	21591#7	0
3118	Q0	330667#0	0
3118	Q0	21591#6	0
3119	Q0	13159#3	1
3119	Q0	148538#1	0
3119	Q0	148538#2	0
3119	Q0	1174306#1	0
3119	Q0	752785#0	0
3119	Q0	13159#12	0
3119	Q0	332529#0	0
3119	Q0	1258473#1	0
3119	Q0	641112#0	0
3119	Q0	157304#0	0
3119	Q0	817417#1	0
3120	Q0	40638#5	1
3120	Q0	1300#30	1
3120	Q0	361231#10	1
3120	Q0	361231#1	1
3120	Q0	361356#0	1
3120	Q0	361356#4	0
3120	Q0	353832#2	0
3120	Q0	361356#3	0
3120	Q0	361356#2	0
3120	Q0	361231#5	0
3120	Q0	1300#25	0
3121	Q0	852069#5	1
3121	Q0	905328#1	1
3121	Q0	905328#12	1
3121	Q0	905328#16	1
3121	Q0	905328#17	1
3121	Q0	905328#29	0
3121	Q0	905328#13	0
3121	Q0	1080687#5	0
3121	Q0	381456#4	0
3121	Q0	905328#11	0
3121	Q0	38917#3	0
3122	Q0	1102828#0	1
3122	Q0	1102828#6	1
3122	Q0	1102828#3	0
3122	Q0	1102828#5	0
3122	Q0	1102828#1	0
3122	Q0	1102828#4	0
3122	Q0	1102828#2	0
3122	Q0	1102828#7	0
3122	Q0	1166133#2	0
3122	Q0	721288#2	0
3123	Q0	867848#0	1
3123	Q0	867848#1	0
3123	Q0	867848#3	0
3123	Q0	104879#0	0
3123	Q0	1084220#3	0
3123	Q0	420023#0	0
3123	Q0	1188588#0	0
3123	Q0	1180421#4	0
3123	Q0	925510#2	0
3123	Q0	1302362#1	0
3124	Q0	279037#0	1
3124	Q0	279037#4	1
3124	Q0	896608#0	1
3124	Q0	279037#2	0
3124	Q0	295594#0	0
3124	Q0	92200#2	0
3124	Q0	895439#0	0
3124	Q0	1353708#0	0
3124	Q0	1327147#1	0
3124	Q0	517297#0	0
3125	Q0	1239#2	1
3125	Q0	1239#35	1
3125	Q0	1239#31	0
3125	Q0	1239#33	0
3125	Q0	1239#29	0
3125	Q0	250990#3	0
3125	Q0	1270149#2	0
3125	Q0	250990#1	0
3125	Q0	115449#6	0
3125	Q0	383289#4	0
3126	Q0	20891#19	1
3126	Q0	466#0	1
3126	Q0	466#10	0
3126	Q0	117141#0	0
3126	Q0	11304#0	0
3126	Q0	977515#8	0
3126	Q0	466#13	0
3126	Q0	1196745#0	0
3126	Q0	1297929#4	0
3126	Q0	271316#23	0
3126	Q0	7915#2	0
3127	Q0	1076226#5	1
3127	Q0	31980#1	1
3127	Q0	502014#26	0
3127	Q0	1167#33	0
3127	Q0	1207085#1	0
3127	Q0	1167#34	0
3127	Q0	1006232#0	0
3127	Q0	502014#25	0
3127	Q0	1167#62	0
3127	Q0	511603#0	0
3127	Q0	587844#6	0
3128	Q0	100489#15	1
3128	Q0	416215#12	1
3128	Q0	266464#0	1
3128	Q0	266464#2	0
3128	Q0	266464#4	0
3128	Q0	416216#28	0
3128	Q0	495813#2	0
3128	Q0	227375#2	0
3128	Q0	361943#1	0
3128	Q0	495813#24	0
3128	Q0	521355#1	0
3131	Q0	583112#0	1
3131	Q0	1262472#0	0
3131	Q0	1201898#0	0
3131	Q0	235050#0	0
3131	Q0	812#32	0
3131	Q0	1472870#0	0
3131	Q0	796186#1	0
3131	Q0	1117580#0	0
3131	Q0	885732#0	0
3131	Q0	583112#1	0
3132	Q0	64317#0	1
3132	Q0	64317#2	1
3132	Q0	64317#1	0
3132	Q0	230288#5	0
3132	Q0	64317#3	0
3132	Q0	732724#13	0
3132	Q0	950331#1	0
3132	Q0	1077741#2	0
3132	Q0	96724#2	0
3132	Q0	1178624#0	0
3133	Q0	59783#1	1
3133	Q0	59783#2	0
3133	Q0	59783#3	0
3133	Q0	554407#2	0
3133	Q0	59783#5	0
3133	Q0	1288492#1	0
3133	Q0	59783#4	0
3133	Q0	1356477#0	0
3133	Q0	141797#2	0
3133	Q0	5908#35	0
3134	Q0	16670#5	1
3134	Q0	16670#0	0
3134	Q0	16670#9	0
3134	Q0	16670#2	0
3134	Q0	16670#14	0
3134	Q0	16670#1	0
3134	Q0	16670#7	0
3134	Q0	16670#3	0
3134	Q0	16670#4	0
3134	Q0	1060085#0	0
3135	Q0	115310#1	1
3135	Q0	115310#4	1
3135	Q0	115310#7	1
3135	Q0	115310#15	0
3135	Q0	115310#0	0
3135	Q0	20504#21	0
3135	Q0	493134#0	0
3135	Q0	71838#0	0
3135	Q0	571867#0	0
3135	Q0	115310#8	0
3136	Q0	16195#0	1
3136	Q0	230926#6	0
3136	Q0	230926#1	0
3136	Q0	16195#4	0
3136	Q0	230926#36	0
3136	Q0	230926#13	0
3136	Q0	531849#0	0
3136	Q0	230926#0	0
3136	Q0	16195#6	0
3136	Q0	1178461#1	0
3137	Q0	8112#0	1
3137	Q0	8112#5	1
3137	Q0	636399#6	0
3137	Q0	1175186#0	0
3137	Q0	335113#5	0
3137	Q0	674536#1	0
3137	Q0	16074#3	0
3137	Q0	395492#0	0
3137	Q0	834771#9	0
3137	Q0	16074#0	0
3138	Q0	1460986#0	1
3138	Q0	40178#99	1
3138	Q0	923026#1	1
3138	Q0	975#13	1
3138	Q0	1460986#1	0
3138	Q0	40178#111	0
3138	Q0	459799#3	0
3138	Q0	434872#2	0
3138	Q0	195545#3	0
3138	Q0	1035807#4	0
3138	Q0	614603#5	0
3140	Q0	938328#50	1
3140	Q0	938328#52	0
3140	Q0	161222#14	0
3140	Q0	1012049#6	0
3140	Q0	312907#0	0
3140	Q0	45551#3	0
3140	Q0	938328#0	0
3140	Q0	554452#6	0
3140	Q0	44376#14	0
3140	Q0	67439#5	0
3141	Q0	52288#0	1
3141	Q0	60898#0	0
3141	Q0	52288#2	0
3141	Q0	52288#1	0
3141	Q0	52288#6	0
3141	Q0	304952#2	0
3141	Q0	1265788#2	0
3141	Q0	428436#0	0
3141	Q0	1028462#5	0
3141	Q0	52288#4	0
3142	Q0	125243#0	1
3142	Q0	1341541#0	0
3142	Q0	1342135#0	0
3142	Q0	953033#20	0
3142	Q0	125243#10	0
3142	Q0	125243#4	0
3142	Q0	65683#0	0
3142	Q0	1452464#0	0
3142	Q0	125243#3	0
3142	Q0	1422224#8	0
3144	Q0	885663#0	1
3144	Q0	462794#349	0
3144	Q0	502014#25	0
3144	Q0	95424#16	0
3144	Q0	502014#11	0
3144	Q0	49351#38	0
3144	Q0	675617#8	0
3144	Q0	502014#26	0
3144	Q0	741233#20	0
3144	Q0	158458#4	0
3145	Q0	69#13	1
3145	Q0	69#4	1
3145	Q0	69#39	0
3145	Q0	69#27	0
3145	Q0	732724#11	0
3145	Q0	69#28	0
3145	Q0	69#35	0
3145	Q0	791575#1	0
3145	Q0	69#32	0
3145	Q0	69#40	0
3146	Q0	964879#1	1
3146	Q0	1142734#24	0
3146	Q0	964879#0	0
3146	Q0	527079#5	0
3146	Q0	964879#2	0
3146	Q0	116428#5	0
3146	Q0	8023#11	0
3146	Q0	8023#17	0
3146	Q0	31596#3	0
3146	Q0	112588#23	0
3147	Q0	65191#0	1
3147	Q0	1491573#0	0
3147	Q0	771110#0	0
3147	Q0	65191#1	0
3147	Q0	1491573#1	0
3147	Q0	20452#0	0
3147	Q0	404985#0	0
3147	Q0	65911#13	0
3147	Q0	138757#7	0
3147	Q0	91117#7	0
3150	Q0	354592#0	1
3150	Q0	354592#5	1
3150	Q0	354592#1	0
3150	Q0	1000180#3	0
3150	Q0	354592#2	0
3150	Q0	6021#76	0
3150	Q0	354592#4	0
3150	Q0	553706#0	0
3150	Q0	36281#8	0
3150	Q0	485869#0	0
3151	Q0	64673#1	1
3151	Q0	64674#1	1
3151	Q0	1472042#12	0
3151	Q0	64674#2	0
3151	Q0	1472042#0	0
3151	Q0	623267#2	0
3151	Q0	983657#9	0
3151	Q0	1472042#3	0
3151	Q0	983657#18	0
3151	Q0	1007837#2	0
3151	Q0	473114#2	0
3152	Q0	11502#7	1
3152	Q0	13294#2	0
3152	Q0	23184#0	0
3152	Q0	13294#5	0
3152	Q0	2751#36	0
3152	Q0	261479#2	0
3152	Q0	993#5	0
3152	Q0	18340#10	0
3152	Q0	230954#2	0
3152	Q0	48779#28	0
3154	Q0	152108#28	1
3154	Q0	931450#0	0
3154	Q0	107359#2	0
3154	Q0	617061#0	0
3154	Q0	308927#0	0
3154	Q0	139570#12	0
3154	Q0	431855#2	0
3154	Q0	22743#16	0
3154	Q0	58059#0	0
3154	Q0	926140#3	0
3154	Q0	93396#36	0
3155	Q0	7#24	1
3155	Q0	81810#0	1
3155	Q0	48152#6	1
3155	Q0	850299#0	1
3155	Q0	349093#0	1
3155	Q0	81810#1	1
3155	Q0	1440454#0	0
3155	Q0	1298302#1	0
3155	Q0	200453#0	0
3155	Q0	108528#4	0
3155	Q0	1318908#17	0
3156	Q0	387744#0	1
3156	Q0	387744#1	0
3156	Q0	387744#10	0
3156	Q0	387744#6	0
3156	Q0	387744#8	0
3156	Q0	387744#2	0
3156	Q0	387744#13	0
3156	Q0	181627#5	0
3156	Q0	387744#5	0
3156	Q0	387744#9	0
3157	Q0	6828#57	1
3157	Q0	173709#0	1
3157	Q0	71850#4	0
3157	Q0	71850#1	0
3157	Q0	72613#2	0
3157	Q0	349706#16	0
3157	Q0	1065#39	0
3157	Q0	56601#3	0
3157	Q0	420535#0	0
3157	Q0	8905#45	0
3158	Q0	1444811#0	1
3158	Q0	218#9	1
3158	Q0	244913#0	0
3158	Q0	1444811#7	0
3158	Q0	1444811#1	0
3158	Q0	104837#3	0
3158	Q0	104837#7	0
3158	Q0	1444811#3	0
3158	Q0	1444811#12	0
3158	Q0	104837#0	0
3159	Q0	7972#0	1
3159	Q0	7972#5	0
3159	Q0	7972#6	0
3159	Q0	7972#3	0
3159	Q0	407567#0	0
3159	Q0	424343#0	0
3159	Q0	7959#3	0
3159	Q0	63884#2	0
3159	Q0	947190#1	0
3159	Q0	7958#0	0
3160	Q0	900712#1	1
3160	Q0	900712#9	0
3160	Q0	900712#13	0
3160	Q0	900712#11	0
3160	Q0	900712#2	0
3160	Q0	900712#7	0
3160	Q0	905873#1	0
3160	Q0	900712#12	0
3160	Q0	900712#10	0
3160	Q0	900712#14	0
3161	Q0	57553#8	1
3161	Q0	57553#2	1
3161	Q0	55214#11	1
3161	Q0	57553#0	1
3161	Q0	55214#0	0
3161	Q0	41101#2	0
3161	Q0	218350#4	0
3161	Q0	57553#7	0
3161	Q0	84072#37	0
3161	Q0	660357#3	0
3161	Q0	218501#5	0
3162	Q0	1063430#0	1
3162	Q0	1063430#7	0
3162	Q0	1063430#4	0
3162	Q0	1063430#1	0
3162	Q0	1063430#3	0
3162	Q0	970262#0	0
3162	Q0	1063430#5	0
3162	Q0	1063430#2	0
3162	Q0	1063430#6	0
3162	Q0	1063430#8	0
3163	Q0	804#3	1
3163	Q0	438206#0	1
3163	Q0	1151135#1	1
3163	Q0	1189749#65	1
3163	Q0	804#12	0
3163	Q0	804#71	0
3163	Q0	1189749#54	0
3163	Q0	804#46	0
3163	Q0	804#81	0
3163	Q0	1206675#2	0
3163	Q0	1209768#7	0
3164	Q0	1109275#1	1
3164	Q0	1037092#0	0
3164	Q0	57055#0	0
3164	Q0	763220#0	0
3164	Q0	1109275#10	0
3164	Q0	1215965#0	0
3164	Q0	667583#2	0
3164	Q0	105186#0	0
3164	Q0	144014#0	0
3164	Q0	841477#0	0
3165	Q0	13926#0	1
3165	Q0	1264267#0	0
3165	Q0	13926#3	0
3165	Q0	843092#1	0
3165	Q0	245789#1	0
3165	Q0	13926#1	0
3165	Q0	843092#4	0
3165	Q0	40333#1	0
3165	Q0	153098#1	0
3165	Q0	245789#5	0
3166	Q0	46060#6	1
3166	Q0	46060#0	1
3166	Q0	1069#26	1
3166	Q0	46060#8	0
3166	Q0	13691#6	0
3166	Q0	32885#13	0
3166	Q0	288057#0	0
3166	Q0	1418880#1	0
3166	Q0	543727#1	0
3166	Q0	10764#34	0
3167	Q0	667885#4	1
3167	Q0	1397633#4	1
3167	Q0	15036#37	0
3167	Q0	330568#1	0
3167	Q0	1363382#3	0
3167	Q0	1067951#4	0
3167	Q0	336201#3	0
3167	Q0	5179#14	0
3167	Q0	479099#1	0
3167	Q0	153872#5	0
3168	Q0	424532#1	1
3168	Q0	424532#0	1
3168	Q0	517626#0	0
3168	Q0	424532#2	0
3168	Q0	28751#10	0
3168	Q0	704301#1	0
3168	Q0	743594#1	0
3168	Q0	422879#7	0
3168	Q0	1140234#0	0
3168	Q0	600813#1	0
3169	Q0	1062#4	1
3169	Q0	394#16	0
3169	Q0	1062#0	0
3169	Q0	1062#8	0
3169	Q0	6323#18	0
3169	Q0	11269#1	0
3169	Q0	10764#25	0
3169	Q0	1062#6	0
3169	Q0	1062#2	0
3169	Q0	1062#3	0
3170	Q0	20127#2	1
3170	Q0	1024816#0	0
3170	Q0	696012#1	0
3170	Q0	939357#0	0
3170	Q0	59676#2	0
3170	Q0	948470#0	0
3170	Q0	831080#0	0
3170	Q0	942848#0	0
3170	Q0	1102642#0	0
3170	Q0	755429#0	0
3171	Q0	33719#2	1
3171	Q0	33719#7	0
3171	Q0	33719#14	0
3171	Q0	33719#18	0
3171	Q0	10078#10	0
3171	Q0	33719#1	0
3171	Q0	33719#17	0
3171	Q0	33719#23	0
3171	Q0	33719#25	0
3171	Q0	33719#12	0
3172	Q0	223800#0	1
3172	Q0	10247#7	0
3172	Q0	59571#22	0
3172	Q0	294877#2	0
3172	Q0	5559#20	0
3172	Q0	663610#4	0
3172	Q0	51408#8	0
3172	Q0	31889#25	0
3172	Q0	31889#26	0
3172	Q0	63545#1	0
3173	Q0	221617#1	1
3173	Q0	987350#2	0
3173	Q0	1410426#1	0
3173	Q0	1040794#1	0
3173	Q0	609738#1	0
3173	Q0	398959#1	0
3173	Q0	281042#1	0
3173	Q0	457823#1	0
3173	Q0	984084#2	0
3173	Q0	1406176#1	0
3175	Q0	422582#4	1
3175	Q0	308954#7	0
3175	Q0	250341#13	0
3175	Q0	263357#3	0
3175	Q0	306872#8	0
3175	Q0	401399#4	0
3175	Q0	1107989#5	0
3175	Q0	1107989#2	0
3175	Q0	351240#10	0
3175	Q0	1337172#4	0
3175	Q0	1041572#4	0
3178	Q0	132814#0	1
3178	Q0	24525#4	0
3178	Q0	75486#1	0
3178	Q0	132814#2	0
3178	Q0	505306#0	0
3178	Q0	24525#0	0
3178	Q0	124375#1	0
3178	Q0	24525#15	0
3178	Q0	818420#0	0
3178	Q0	243471#1	0
3179	Q0	190078#17	1
3179	Q0	978984#0	1
3179	Q0	190078#2	0
3179	Q0	190078#11	0
3179	Q0	190078#1	0
3179	Q0	1205391#3	0
3179	Q0	190078#4	0
3179	Q0	190078#3	0
3179	Q0	1442364#1	0
3179	Q0	1205391#5	0
3180	Q0	142515#23	1
3180	Q0	142515#27	1
3180	Q0	142515#28	0
3180	Q0	579045#8	0
3180	Q0	762226#6	0
3180	Q0	142515#2	0
3180	Q0	1119558#10	0
3180	Q0	142515#7	0
3180	Q0	142515#19	0
3180	Q0	860926#10	0
3180	Q0	1228754#5	0
3181	Q0	5059#0	1
3181	Q0	9242#5	1
3181	Q0	1228055#4	0
3181	Q0	71741#1	0
3181	Q0	552192#0	0
3181	Q0	477616#0	0
3181	Q0	4764#1	0
3181	Q0	160421#19	0
3181	Q0	26633#11	0
3181	Q0	251711#28	0
3181	Q0	5300#0	0
3183	Q0	78294#3	1
3183	Q0	78294#2	0
3183	Q0	272831#1	0
3183	Q0	381#10	0
3183	Q0	7108#4	0
3183	Q0	1337642#4	0
3183	Q0	676211#1	0
3183	Q0	272831#32	0
3183	Q0	714312#3	0
3183	Q0	5717#14	0
3184	Q0	133702#0	1
3184	Q0	19447#0	0
3184	Q0	558121#0	0
3184	Q0	1349500#2	0
3184	Q0	244124#0	0
3184	Q0	19447#3	0
3184	Q0	1385786#2	0
3184	Q0	1356014#7	0
3184	Q0	1398750#7	0
3184	Q0	1307530#0	0
3184	Q0	251221#0	0
3185	Q0	23600#1	1
3185	Q0	23600#0	1
3185	Q0	23600#4	0
3185	Q0	23600#7	0
3185	Q0	83841#1	0
3185	Q0	23600#6	0
3185	Q0	66387#2	0
3185	Q0	2958#6	0
3185	Q0	13461#2	0
3185	Q0	10283#15	0
3187	Q0	268099#0	1
3187	Q0	536287#7	0
3187	Q0	1299253#1	0
3187	Q0	536287#13	0
3187	Q0	1060665#0	0
3187	Q0	536287#12	0
3187	Q0	63276#10	0
3187	Q0	909416#1	0
3187	Q0	1114210#1	0
3187	Q0	889395#0	0
3188	Q0	35942#15	1
3188	Q0	160639#0	1
3188	Q0	20355#34	1
3188	Q0	1314634#3	0
3188	Q0	72856#20	0
3188	Q0	1439021#3	0
3188	Q0	20682#0	0
3188	Q0	20669#16	0
3188	Q0	35942#5	0
3188	Q0	35942#1	0
3189	Q0	319803#0	1
3189	Q0	963481#0	1
3189	Q0	319803#6	0
3189	Q0	303408#3	0
3189	Q0	355738#1	0
3189	Q0	319803#3	0
3189	Q0	123824#0	0
3189	Q0	1183125#0	0
3189	Q0	319803#5	0
3189	Q0	249#13	0
3190	Q0	950180#0	1
3190	Q0	32943#5	0
3190	Q0	545903#5	0
3190	Q0	843560#0	0
3190	Q0	538157#3	0
3190	Q0	1382546#0	0
3190	Q0	29123#13	0
3190	Q0	910397#0	0
3190	Q0	910496#0	0
3190	Q0	234073#43	0
3191	Q0	11913#4	1
3191	Q0	11913#0	1
3191	Q0	341680#1	0
3191	Q0	11913#2	0
3191	Q0	11913#5	0
3191	Q0	11913#27	0
3191	Q0	11913#26	0
3191	Q0	11913#18	0
3191	Q0	1381956#0	0
3191	Q0	11913#6	0
3194	Q0	146140#0	1
3194	Q0	146140#1	0
3194	Q0	146140#2	0
3194	Q0	4768#1	0
3194	Q0	1212800#2	0
3194	Q0	1060#3	0
3194	Q0	848272#1	0
3194	Q0	484317#1	0
3194	Q0	1193878#0	0
3194	Q0	507844#1	0
3195	Q0	644593#0	1
3195	Q0	8082#4	1
3195	Q0	51672#8	1
3195	Q0	8082#31	0
3195	Q0	8082#24	0
3195	Q0	51672#12	0
3195	Q0	96484#7	0
3195	Q0	51672#13	0
3195	Q0	51672#43	0
3195	Q0	8082#20	0
3196	Q0	29385#0	1
3196	Q0	993067#26	1
3196	Q0	29385#3	1
3196	Q0	29385#4	1
3196	Q0	29385#5	1
3196	Q0	1057712#0	0
3196	Q0	29385#16	0
3196	Q0	1457967#0	0
3196	Q0	669946#0	0
3196	Q0	70318#5	0
3198	Q0	57968#6	1
3198	Q0	57968#0	1
3198	Q0	57968#1	0
3198	Q0	57968#7	0
3198	Q0	952282#25	0
3198	Q0	377#44	0
3198	Q0	672134#3	0
3198	Q0	35326#0	0
3198	Q0	67815#0	0
3198	Q0	57968#8	0
3198	Q0	57968#3	0
3202	Q0	11429#7	1
3202	Q0	163055#2	1
3202	Q0	1066842#11	0
3202	Q0	163055#1	0
3202	Q0	182479#0	0
3202	Q0	11429#12	0
3202	Q0	1066842#0	0
3202	Q0	163055#0	0
3202	Q0	1433676#0	0
3202	Q0	1066842#16	0
3203	Q0	1064770#1	1
3203	Q0	1064770#0	1
3203	Q0	1063962#4	1
3203	Q0	1064770#3	0
3203	Q0	1064770#8	0
3203	Q0	1063962#1	0
3203	Q0	1064770#9	0
3203	Q0	1064770#11	0
3203	Q0	1047931#13	0
3203	Q0	1064770#6	0
3204	Q0	11209#17	1
3204	Q0	11209#0	0
3204	Q0	11236#28	0
3204	Q0	11209#4	0
3204	Q0	11209#10	0
3204	Q0	24724#6	0
3204	Q0	11209#14	0
3204	Q0	11209#7	0
3204	Q0	11208#5	0
3204	Q0	11209#5	0
3205	Q0	918179#1	1
3205	Q0	789043#0	0
3205	Q0	789043#2	0
3205	Q0	918179#4	0
3205	Q0	76941#11	0
3205	Q0	918179#5	0
3205	Q0	789043#1	0
3205	Q0	918179#7	0
3205	Q0	918179#0	0
3205	Q0	918179#11	0
3206	Q0	1286421#9	1
3206	Q0	1279620#58	1
3206	Q0	1364761#5	1
3206	Q0	1380992#4	1
3206	Q0	1286421#0	1
3206	Q0	965243#15	1
3206	Q0	1286421#1	0
3206	Q0	1364761#1	0
3206	Q0	1364761#10	0
3206	Q0	1364761#31	0
3206	Q0	1364761#14	0
3207	Q0	853#2	1
3207	Q0	139796#1	0
3207	Q0	853#0	0
3207	Q0	853#4	0
3207	Q0	853#17	0
3207	Q0	853#6	0
3207	Q0	1365358#3	0
3207	Q0	853#5	0
3207	Q0	209831#1	0
3207	Q0	853#9	0
3208	Q0	157862#0	1
3208	Q0	788305#0	0
3208	Q0	147444#0	0
3208	Q0	11224#0	0
3208	Q0	193369#0	0
3208	Q0	11223#0	0
3208	Q0	31529#0	0
3208	Q0	144585#0	0
3208	Q0	31529#3	0
3208	Q0	98908#0	0
3209	Q0	54993#3	1
3209	Q0	83282#2	1
3209	Q0	54993#0	1
3209	Q0	54993#2	0
3209	Q0	891117#0	0
3209	Q0	1466106#0	0
3209	Q0	887667#0	0
3209	Q0	887667#5	0
3209	Q0	94192#0	0
3209	Q0	1463648#0	0
3209	Q0	7386#72	0
3210	Q0	1011172#3	1
3210	Q0	119348#0	1
3210	Q0	217#37	1
3210	Q0	206278#0	0
3210	Q0	119348#9	0
3210	Q0	119348#4	0
3210	Q0	119348#8	0
3210	Q0	119348#5	0
3210	Q0	1005302#0	0
3210	Q0	164#0	0
3211	Q0	508794#7	1
3211	Q0	52603#0	1
3211	Q0	52603#6	1
3211	Q0	367269#0	0
3211	Q0	1132212#7	0
3211	Q0	303186#0	0
3211	Q0	1150#132	0
3211	Q0	775529#10	0
3211	Q0	52603#3	0
3211	Q0	26270#10	0
3212	Q0	14199#0	1
3212	Q0	7262#2	0
3212	Q0	752785#0	0
3212	Q0	54191#1	0
3212	Q0	1002693#1	0
3212	Q0	273201#2	0
3212	Q0	817417#1	0
3212	Q0	157304#0	0
3212	Q0	145195#0	0
3212	Q0	148538#1	0
3212	Q0	112881#13	0
3214	Q0	7860#10	1
3214	Q0	7860#1	1
3214	Q0	47473#1	1
3214	Q0	1397207#2	1
3214	Q0	47473#33	0
3214	Q0	1384785#0	0
3214	Q0	7860#17	0
3214	Q0	138306#0	0
3214	Q0	1397207#3	0
3214	Q0	1227688#1	0
3214	Q0	47473#12	0
3216	Q0	46880#0	1
3216	Q0	128658#36	1
3216	Q0	849641#1	1
3216	Q0	849641#0	0
3216	Q0	1352#25	0
3216	Q0	1352#23	0
3216	Q0	468840#14	0
3216	Q0	1352#26	0
3216	Q0	1352#31	0
3216	Q0	849641#2	0
3216	Q0	1147087#2	0
3217	Q0	20314#0	1
3217	Q0	4956#30	1
3217	Q0	131557#0	0
3217	Q0	78525#0	0
3217	Q0	110#0	0
3217	Q0	57940#0	0
3217	Q0	15127#0	0
3217	Q0	118662#0	0
3217	Q0	225961#0	0
3217	Q0	78528#3	0
3218	Q0	39951#0	1
3218	Q0	38147#0	0
3218	Q0	28169#16	0
3218	Q0	1011788#0	0
3218	Q0	35682#0	0
3218	Q0	404419#3	0
3218	Q0	894655#18	0
3218	Q0	330186#0	0
3218	Q0	5780#40	0
3218	Q0	1118471#17	0
3220	Q0	601690#0	1
3220	Q0	155763#2	1
3220	Q0	17260#14	1
3220	Q0	52713#3	1
3220	Q0	64331#2	1
3220	Q0	26500#5	0
3220	Q0	601690#9	0
3220	Q0	47034#6	0
3220	Q0	601690#27	0
3220	Q0	52713#5	0
3221	Q0	353655#0	1
3221	Q0	1295#0	0
3221	Q0	935#0	0
3221	Q0	1132416#1	0
3221	Q0	1207#0	0
3221	Q0	118523#0	0
3221	Q0	113709#0	0
3221	Q0	30243#1	0
3221	Q0	860308#0	0
3221	Q0	1484852#4	0
3221	Q0	73#0	0
3223	Q0	936694#0	1
3223	Q0	936694#1	0
3223	Q0	936694#3	0
3223	Q0	936694#2	0
3223	Q0	936694#12	0
3223	Q0	936694#6	0
3223	Q0	936694#9	0
3223	Q0	936694#4	0
3223	Q0	41550#89	0
3223	Q0	936694#5	0
3227	Q0	1088592#0	1
3227	Q0	1088592#10	0
3227	Q0	71506#0	0
3227	Q0	58154#16	0
3227	Q0	1088592#19	0
3227	Q0	1088592#26	0
3227	Q0	1088592#7	0
3227	Q0	28200#7	0
3227	Q0	28200#3	0
3227	Q0	80621#0	0
3228	Q0	387742#0	1
3228	Q0	387742#3	0
3228	Q0	387742#15	0
3228	Q0	387742#4	0
3228	Q0	33699#1	0
3228	Q0	173118#2	0
3228	Q0	517886#1	0
3228	Q0	59475#2	0
3228	Q0	387742#7	0
3228	Q0	860707#0	0
3229	Q0	25706#3	1
3229	Q0	25160#3	1
3229	Q0	25706#0	1
3229	Q0	971056#0	1
3229	Q0	25160#0	1
3229	Q0	497#7	1
3229	Q0	25706#2	0
3229	Q0	6574#5	0
3229	Q0	26268#4	0
3229	Q0	1145141#0	0
3231	Q0	733339#17	1
3231	Q0	733339#0	0
3231	Q0	162700#5	0
3231	Q0	5237#13	0
3231	Q0	768986#4	0
3231	Q0	733339#4	0
3231	Q0	733339#12	0
3231	Q0	733339#15	0
3231	Q0	733339#8	0
3231	Q0	733339#11	0
3231	Q0	1045399#3	0
3233	Q0	1221647#19	1
3233	Q0	292#44	1
3233	Q0	292#0	1
3233	Q0	1085507#0	1
3233	Q0	1085183#3	1
3233	Q0	292#48	1
3233	Q0	69883#0	0
3233	Q0	72641#5	0
3233	Q0	673424#9	0
3233	Q0	84446#1	0
3233	Q0	1085179#3	0
3234	Q0	1456596#7	1
3234	Q0	1456596#8	1
3234	Q0	1456596#4	0
3234	Q0	1456596#9	0
3234	Q0	1456596#1	0
3234	Q0	1456596#0	0
3234	Q0	1456596#5	0
3234	Q0	1456596#15	0
3234	Q0	1456596#16	0
3234	Q0	1456596#12	0
3234	Q0	1456596#10	0
3236	Q0	6311#13	1
3236	Q0	572705#0	0
3236	Q0	630771#0	0
3236	Q0	1464587#0	0
3236	Q0	1292445#6	0
3236	Q0	1435822#0	0
3236	Q0	701704#0	0
3236	Q0	688189#0	0
3236	Q0	317466#0	0
3236	Q0	55913#0	0
3236	Q0	22634#0	0
3238	Q0	1226369#0	1
3238	Q0	1226369#10	0
3238	Q0	1226369#11	0
3238	Q0	1226369#8	0
3238	Q0	1226369#6	0
3238	Q0	1226369#1	0
3238	Q0	1480638#0	0
3238	Q0	1226369#13	0
3238	Q0	448673#94	0
3238	Q0	426604#2	0
3239	Q0	982#4	1
3239	Q0	39232#1	0
3239	Q0	982#5	0
3239	Q0	982#15	0
3239	Q0	982#9	0
3239	Q0	982#1	0
3239	Q0	982#17	0
3239	Q0	982#13	0
3239	Q0	982#12	0
3239	Q0	982#71	0
3240	Q0	23028#22	1
3240	Q0	23028#0	0
3240	Q0	23028#21	0
3240	Q0	23028#15	0
3240	Q0	23028#11	0
3240	Q0	23028#20	0
3240	Q0	23028#18	0
3240	Q0	23028#5	0
3240	Q0	23028#3	0
3240	Q0	23028#16	0
3241	Q0	113927#2	1
3241	Q0	1267997#0	1
3241	Q0	1062321#8	0
3241	Q0	1375448#4	0
3241	Q0	1345123#1	0
3241	Q0	164087#2	0
3241	Q0	1205053#2	0
3241	Q0	1307092#1	0
3241	Q0	1149885#2	0
3241	Q0	1362581#2	0
3242	Q0	1334804#0	1
3242	Q0	80452#5	0
3242	Q0	1294211#1	0
3242	Q0	1294211#2	0
3242	Q0	73849#21	0
3242	Q0	77145#1	0
3242	Q0	483066#3	0
3242	Q0	373618#0	0
3242	Q0	30183#0	0
3242	Q0	600793#1	0
3243	Q0	2958#0	1
3243	Q0	5498#63	1
3243	Q0	16240#4	1
3243	Q0	2958#6	1
3243	Q0	2950#7	1
3243	Q0	2958#18	1
3243	Q0	1277#0	1
3243	Q0	2958#2	0
3243	Q0	2958#16	0
3243	Q0	292136#0	0
3243	Q0	2958#7	0
3244	Q0	405#13	1
3244	Q0	20900#11	1
3244	Q0	140477#0	1
3244	Q0	726599#0	1
3244	Q0	1379#43	1
3244	Q0	193005#0	0
3244	Q0	102757#5	0
3244	Q0	699547#11	0
3244	Q0	401555#0	0
3244	Q0	405#1	0
3244	Q0	42450#0	0
3244	Q0	1379#17	0
3244	Q0	1379#0	0
3245	Q0	1388#43	1
3245	Q0	5111#20	1
3245	Q0	5111#28	1
3245	Q0	436732#18	1
3245	Q0	5111#2	1
3245	Q0	436732#11	0
3245	Q0	436732#10	0
3245	Q0	436732#5	0
3245	Q0	929987#2	0
3245	Q0	5111#18	0
3246	Q0	4923#0	1
3246	Q0	4923#9	0
3246	Q0	4923#1	0
3246	Q0	4923#2	0
3246	Q0	4923#7	0
3246	Q0	4923#13	0
3246	Q0	4923#3	0
3246	Q0	4923#14	0
3246	Q0	4923#6	0
3246	Q0	137757#18	0
3248	Q0	627143#10	1
3248	Q0	627143#0	1
3248	Q0	627143#13	1
3248	Q0	1120669#0	1
3248	Q0	627143#4	1
3248	Q0	40178#96	1
3248	Q0	1460291#17	1
3248	Q0	627143#9	0
3248	Q0	627143#12	0
3248	Q0	627143#14	0
3248	Q0	627143#11	0
3249	Q0	1280313#35	1
3249	Q0	1280313#0	1
3249	Q0	1280313#1	0
3249	Q0	1280313#18	0
3249	Q0	1280313#29	0
3249	Q0	1280313#4	0
3249	Q0	1280313#6	0
3249	Q0	1280313#2	0
3249	Q0	340101#10	0
3249	Q0	91588#10	0
3250	Q0	90589#0	1
3250	Q0	23274#0	1
3250	Q0	1307034#16	0
3250	Q0	236987#0	0
3250	Q0	1124636#1	0
3250	Q0	1292546#0	0
3250	Q0	23274#6	0
3250	Q0	1124636#0	0
3250	Q0	23274#4	0
3250	Q0	23274#2	0
3251	Q0	657598#0	1
3251	Q0	914970#0	0
3251	Q0	657598#3	0
3251	Q0	309093#0	0
3251	Q0	914970#3	0
3251	Q0	914970#11	0
3251	Q0	309093#8	0
3251	Q0	1344121#1	0
3251	Q0	21267#13	0
3251	Q0	218472#1	0
3253	Q0	176083#0	1
3253	Q0	176083#49	1
3253	Q0	114915#0	0
3253	Q0	176083#7	0
3253	Q0	176083#3	0
3253	Q0	1163045#2	0
3253	Q0	176083#44	0
3253	Q0	146421#2	0
3253	Q0	176083#34	0
3253	Q0	176083#27	0
3254	Q0	197943#11	1
3254	Q0	197943#1	1
3254	Q0	197943#8	0
3254	Q0	197943#2	0
3254	Q0	197943#7	0
3254	Q0	197943#6	0
3254	Q0	197943#28	0
3254	Q0	197943#0	0
3254	Q0	197943#4	0
3254	Q0	197943#26	0
3255	Q0	1115784#0	1
3255	Q0	1115784#10	0
3255	Q0	1115784#7	0
3255	Q0	1115784#3	0
3255	Q0	1115137#1	0
3255	Q0	1115784#11	0
3255	Q0	1115784#12	0
3255	Q0	1115784#9	0
3255	Q0	1115784#4	0
3255	Q0	12200#1	0
3256	Q0	425#1	1
3256	Q0	214799#1	0
3256	Q0	480908#16	0
3256	Q0	1461103#1	0
3256	Q0	375839#0	0
3256	Q0	867622#0	0
3256	Q0	315069#0	0
3256	Q0	1193#22	0
3256	Q0	375839#2	0
3256	Q0	129650#0	0
3256	Q0	471887#0	0
3257	Q0	175#0	1
3257	Q0	175#47	1
3257	Q0	175#1	0
3257	Q0	19153#2	0
3257	Q0	175#23	0
3257	Q0	175#41	0
3257	Q0	175#51	0
3257	Q0	307963#1	0
3257	Q0	19143#2	0
3257	Q0	80721#4	0
3258	Q0	47000#3	1
3258	Q0	47000#10	0
3258	Q0	47000#11	0
3258	Q0	447515#7	0
3258	Q0	1190276#2	0
3258	Q0	1047252#0	0
3258	Q0	95126#2	0
3258	Q0	1356126#1	0
3258	Q0	47000#5	0
3258	Q0	47000#0	0
3259	Q0	26011#0	1
3259	Q0	203845#0	1
3259	Q0	1345748#4	0
3259	Q0	26011#7	0
3259	Q0	385721#0	0
3259	Q0	26011#4	0
3259	Q0	232693#0	0
3259	Q0	26011#6	0
3259	Q0	258556#0	0
3259	Q0	57019#0	0
3260	Q0	38557#1	1
3260	Q0	28663#1	1
3260	Q0	99284#1	1
3260	Q0	156954#5	1
3260	Q0	28663#8	0
3260	Q0	418618#1	0
3260	Q0	28663#4	0
3260	Q0	28663#0	0
3260	Q0	39477#10	0
3260	Q0	1059#27	0
3261	Q0	589829#4	1
3261	Q0	589829#1	0
3261	Q0	589829#2	0
3261	Q0	589829#0	0
3261	Q0	549777#10	0
3261	Q0	589829#10	0
3261	Q0	589829#8	0
3261	Q0	164582#11	0
3261	Q0	46607#8	0
3261	Q0	38613#3	0
3261	Q0	452287#0	0
3262	Q0	303338#3	1
3262	Q0	303338#0	1
3262	Q0	303338#7	1
3262	Q0	363633#1	0
3262	Q0	303338#6	0
3262	Q0	508829#3	0
3262	Q0	336096#3	0
3262	Q0	1416790#0	0
3262	Q0	303338#25	0
3262	Q0	343924#8	0
3264	Q0	1452627#4	1
3264	Q0	26362#0	1
3264	Q0	26362#3	0
3264	Q0	26362#2	0
3264	Q0	26362#1	0
3264	Q0	50113#1	0
3264	Q0	857221#5	0
3264	Q0	20831#55	0
3264	Q0	1478564#0	0
3264	Q0	805777#16	0
3266	Q0	197#19	1
3266	Q0	1091#34	0
3266	Q0	54033#2	0
3266	Q0	11790#5	0
3266	Q0	376784#2	0
3266	Q0	534136#20	0
3266	Q0	133524#22	0
3266	Q0	11790#41	0
3266	Q0	1098#3	0
3266	Q0	13184#0	0
3266	Q0	966372#3	0
3267	Q0	1080763#1	1
3267	Q0	1080763#4	0
3267	Q0	1080763#0	0
3267	Q0	38839#1	0
3267	Q0	213792#1	0
3267	Q0	334082#2	0
3267	Q0	139854#12	0
3267	Q0	1034085#0	0
3267	Q0	149361#1	0
3267	Q0	185161#1	0
3268	Q0	194960#0	1
3268	Q0	503007#4	1
3268	Q0	808886#0	1
3268	Q0	194960#2	0
3268	Q0	194960#1	0
3268	Q0	194960#4	0
3268	Q0	886331#6	0
3268	Q0	1097535#3	0
3268	Q0	844389#0	0
3268	Q0	801261#0	0
3269	Q0	186954#0	1
3269	Q0	845042#0	1
3269	Q0	186954#1	0
3269	Q0	1210836#0	0
3269	Q0	108330#3	0
3269	Q0	341095#0	0
3269	Q0	1272881#0	0
3269	Q0	891310#1	0
3269	Q0	350323#7	0
3269	Q0	1321535#0	0
3270	Q0	316101#1	1
3270	Q0	316101#0	1
3270	Q0	316101#3	0
3270	Q0	316101#2	0
3270	Q0	304515#2	0
3270	Q0	316101#4	0
3270	Q0	316101#9	0
3270	Q0	316101#5	0
3270	Q0	848380#4	0
3270	Q0	316101#6	0
3272	Q0	20500#0	1
3272	Q0	20500#1	0
3272	Q0	20500#2	0
3272	Q0	20500#4	0
3272	Q0	20500#12	0
3272	Q0	20500#6	0
3272	Q0	20500#5	0
3272	Q0	20500#11	0
3272	Q0	20500#3	0
3272	Q0	20500#9	0
3274	Q0	1175830#0	1
3274	Q0	547767#13	1
3274	Q0	26420#0	1
3274	Q0	29983#21	0
3274	Q0	12540#1	0
3274	Q0	459509#0	0
3274	Q0	10248#15	0
3274	Q0	547767#2	0
3274	Q0	9546#6	0
3274	Q0	211616#0	0
3275	Q0	11429#0	1
3275	Q0	608#1	1
3275	Q0	1429385#0	0
3275	Q0	608#27	0
3275	Q0	65911#0	0
3275	Q0	1429172#0	0
3275	Q0	138755#0	0
3275	Q0	17695#0	0
3275	Q0	65911#13	0
3275	Q0	1485267#0	0
3276	Q0	646539#0	1
3276	Q0	1439563#0	0
3276	Q0	1073817#1	0
3276	Q0	702133#21	0
3276	Q0	1179074#7	0
3276	Q0	1029601#4	0
3276	Q0	1445777#1	0
3276	Q0	183641#0	0
3276	Q0	366821#3	0
3276	Q0	227617#3	0
3276	Q0	1038562#0	0
3277	Q0	18238#23	1
3277	Q0	18238#21	1
3277	Q0	18238#11	0
3277	Q0	18238#29	0
3277	Q0	18238#30	0
3277	Q0	18238#16	0
3277	Q0	1271627#0	0
3277	Q0	18238#14	0
3277	Q0	18238#28	0
3277	Q0	18238#15	0
3277	Q0	152126#0	0
3279	Q0	169766#2	1
3279	Q0	169766#0	1
3279	Q0	169766#4	1
3279	Q0	169766#1	1
3279	Q0	169766#5	1
3279	Q0	169766#6	1
3279	Q0	169766#9	1
3279	Q0	169766#8	1
3279	Q0	169766#3	0
3279	Q0	1198637#40	0
3283	Q0	160421#19	1
3283	Q0	251691#24	1
3283	Q0	4964#40	1
3283	Q0	5300#0	1
3283	Q0	1444568#4	1
3283	Q0	26633#11	0
3283	Q0	4964#10	0
3283	Q0	1029#7	0
3283	Q0	159207#4	0
3283	Q0	571972#21	0
3284	Q0	277534#0	1
3284	Q0	844491#1	0
3284	Q0	27812#2	0
3284	Q0	1410110#1	0
3284	Q0	1035354#1	0
3284	Q0	953524#1	0
3284	Q0	243241#3	0
3284	Q0	1216425#1	0
3284	Q0	285889#1	0
3284	Q0	706571#2	0
3285	Q0	8050#0	1
3285	Q0	134425#1	0
3285	Q0	1314235#0	0
3285	Q0	1258473#1	0
3285	Q0	586369#0	0
3285	Q0	270422#11	0
3285	Q0	8050#10	0
3285	Q0	252998#0	0
3285	Q0	157304#0	0
3285	Q0	1485985#2	0
3285	Q0	145195#0	0
3286	Q0	1200133#19	1
3286	Q0	134155#0	1
3286	Q0	1200501#2	0
3286	Q0	1200501#11	0
3286	Q0	1200501#43	0
3286	Q0	804#0	0
3286	Q0	1200501#0	0
3286	Q0	1200501#7	0
3286	Q0	1209768#3	0
3286	Q0	1200501#26	0
3287	Q0	560580#10	1
3287	Q0	28751#1	1
3287	Q0	560580#14	0
3287	Q0	560580#1	0
3287	Q0	560580#9	0
3287	Q0	560580#0	0
3287	Q0	422319#4	0
3287	Q0	422838#14	0
3287	Q0	1048262#2	0
3287	Q0	1111291#4	0
3288	Q0	686989#0	1
3288	Q0	941971#0	1
3288	Q0	941973#0	1
3288	Q0	686989#1	0
3288	Q0	33898#0	0
3288	Q0	294519#7	0
3288	Q0	294519#14	0
3288	Q0	867#6	0
3288	Q0	55366#2	0
3288	Q0	986073#0	0
3289	Q0	1251876#3	1
3289	Q0	5524#17	1
3289	Q0	262878#5	0
3289	Q0	1251876#1	0
3289	Q0	6607#9	0
3289	Q0	5561#22	0
3289	Q0	5562#16	0
3289	Q0	262878#18	0
3289	Q0	262878#0	0
3289	Q0	37105#45	0
3292	Q0	309464#0	1
3292	Q0	309464#3	0
3292	Q0	309464#1	0
3292	Q0	246901#0	0
3292	Q0	1185747#0	0
3292	Q0	435316#2	0
3292	Q0	11632#10	0
3292	Q0	309464#2	0
3292	Q0	797533#0	0
3292	Q0	757263#5	0
3294	Q0	5285#23	1
3294	Q0	574318#5	1
3294	Q0	5285#25	0
3294	Q0	143855#1	0
3294	Q0	5285#26	0
3294	Q0	5285#38	0
3294	Q0	143855#2	0
3294	Q0	5285#24	0
3294	Q0	1112399#2	0
3294	Q0	1274101#1	0
3296	Q0	204027#0	1
3296	Q0	204027#1	0
3296	Q0	204027#18	0
3296	Q0	204027#19	0
3296	Q0	204027#3	0
3296	Q0	204027#4	0
3296	Q0	204027#8	0
3296	Q0	204061#1	0
3296	Q0	204027#2	0
3296	Q0	25564#2	0
3297	Q0	1135824#0	1
3297	Q0	1135824#3	0
3297	Q0	579306#0	0
3297	Q0	1481660#1	0
3297	Q0	1135824#14	0
3297	Q0	1135824#9	0
3297	Q0	159959#1	0
3297	Q0	513978#1	0
3297	Q0	382435#1	0
3297	Q0	174738#1	0
3298	Q0	225969#2	1
3298	Q0	94305#3	0
3298	Q0	603529#0	0
3298	Q0	94305#1	0
3298	Q0	557126#0	0
3298	Q0	20760#11	0
3298	Q0	104682#0	0
3298	Q0	33415#0	0
3298	Q0	831418#1	0
3298	Q0	7375#82	0
3300	Q0	148096#1	1
3300	Q0	148096#0	0
3300	Q0	148096#29	0
3300	Q0	148096#33	0
3300	Q0	148096#6	0
3300	Q0	148096#9	0
3300	Q0	148096#5	0
3300	Q0	148096#2	0
3300	Q0	148096#18	0
3300	Q0	148096#17	0
3301	Q0	8007#0	1
3301	Q0	8007#5	1
3301	Q0	8007#9	0
3301	Q0	8007#7	0
3301	Q0	8007#4	0
3301	Q0	8007#6	0
3301	Q0	8007#8	0
3301	Q0	8007#14	0
3301	Q0	67040#13	0
3301	Q0	8007#12	0
3302	Q0	96166#1	1
3302	Q0	96166#0	1
3302	Q0	96166#32	0
3302	Q0	11422#2	0
3302	Q0	159773#1	0
3302	Q0	1452316#0	0
3302	Q0	96166#33	0
3302	Q0	664036#0	0
3302	Q0	260134#2	0
3302	Q0	96166#35	0
3303	Q0	12532#5	1
3303	Q0	12532#4	1
3303	Q0	14170#3	0
3303	Q0	16210#7	0
3303	Q0	12532#3	0
3303	Q0	289#55	0
3303	Q0	12532#9	0
3303	Q0	1298#35	0
3303	Q0	278217#0	0
3303	Q0	15543#3	0
3306	Q0	8901#0	1
3306	Q0	66486#25	1
3306	Q0	8901#13	1
3306	Q0	8901#2	1
3306	Q0	105864#0	1
3306	Q0	667000#3	0
3306	Q0	105864#7	0
3306	Q0	8901#17	0
3306	Q0	8901#11	0
3306	Q0	8901#20	0
3307	Q0	69262#0	1
3307	Q0	69262#15	1
3307	Q0	69262#10	0
3307	Q0	69262#6	0
3307	Q0	69262#5	0
3307	Q0	69262#13	0
3307	Q0	69262#11	0
3307	Q0	69262#16	0
3307	Q0	69262#1	0
3307	Q0	69262#12	0
3308	Q0	469658#0	1
3308	Q0	469658#1	0
3308	Q0	1053228#0	0
3308	Q0	1053231#0	0
3308	Q0	469658#12	0
3308	Q0	274447#0	0
3308	Q0	469658#11	0
3308	Q0	469658#3	0
3308	Q0	937096#0	0
3308	Q0	806733#0	0
3309	Q0	15687#0	1
3309	Q0	1205562#0	0
3309	Q0	1336768#4	0
3309	Q0	15687#11	0
3309	Q0	1447118#2	0
3309	Q0	80803#0	0
3309	Q0	15687#2	0
3309	Q0	15687#3	0
3309	Q0	71496#27	0
3309	Q0	1298#20	0
3310	Q0	332502#2	1
3310	Q0	17257#6	1
3310	Q0	405811#2	1
3310	Q0	17257#0	1
3310	Q0	17257#4	0
3310	Q0	1356584#1	0
3310	Q0	6702#5	0
3310	Q0	324964#0	0
3310	Q0	17257#8	0
3310	Q0	370593#27	0
3310	Q0	710107#2	0
3311	Q0	599#0	1
3311	Q0	199079#7	1
3311	Q0	599#3	0
3311	Q0	84324#0	0
3311	Q0	199079#9	0
3311	Q0	248835#1	0
3311	Q0	107217#0	0
3311	Q0	713599#0	0
3311	Q0	199079#18	0
3311	Q0	374621#3	0
3312	Q0	390789#0	1
3312	Q0	390789#4	0
3312	Q0	390789#8	0
3312	Q0	390789#7	0
3312	Q0	390789#9	0
3312	Q0	382729#9	0
3312	Q0	328499#0	0
3312	Q0	390789#5	0
3312	Q0	223437#0	0
3312	Q0	1176896#0	0
3313	Q0	37599#0	1
3313	Q0	37599#7	1
3313	Q0	37599#12	0
3313	Q0	37599#1	0
3313	Q0	37599#5	0
3313	Q0	37599#8	0
3313	Q0	37599#9	0
3313	Q0	37599#21	0
3313	Q0	37599#28	0
3313	Q0	37599#20	0
3314	Q0	319705#0	1
3314	Q0	1262285#0	1
3314	Q0	319705#2	0
3314	Q0	652255#0	0
3314	Q0	16715#33	0
3314	Q0	81765#3	0
3314	Q0	559906#3	0
3314	Q0	221472#0	0
3314	Q0	97333#1	0
3314	Q0	187840#2	0
3315	Q0	24197#0	1
3315	Q0	77030#10	0
3315	Q0	339864#6	0
3315	Q0	46540#26	0
3315	Q0	365677#0	0
3315	Q0	160975#20	0
3315	Q0	24197#38	0
3315	Q0	53475#3	0
3315	Q0	1445835#18	0
3315	Q0	19086#44	0
3316	Q0	201299#15	1
3316	Q0	740189#0	1
3316	Q0	201299#2	0
3316	Q0	201299#0	0
3316	Q0	201299#6	0
3316	Q0	503494#3	0
3316	Q0	201299#5	0
3316	Q0	201299#19	0
3316	Q0	201299#3	0
3316	Q0	201299#17	0
3319	Q0	1430112#1	1
3319	Q0	933316#2	0
3319	Q0	1430112#4	0
3319	Q0	1430112#8	0
3319	Q0	1430112#3	0
3319	Q0	1430112#2	0
3319	Q0	1427387#2	0
3319	Q0	118574#1	0
3319	Q0	1389434#2	0
3319	Q0	1206264#2	0
3320	Q0	112195#0	1
3320	Q0	112195#16	1
3320	Q0	112195#3	0
3320	Q0	112195#18	0
3320	Q0	112195#15	0
3320	Q0	112195#14	0
3320	Q0	112195#41	0
3320	Q0	112195#46	0
3320	Q0	112195#45	0
3320	Q0	112195#12	0
3321	Q0	5812#0	1
3321	Q0	665631#18	1
3321	Q0	5812#24	1
3321	Q0	5812#6	0
3321	Q0	5812#4	0
3321	Q0	195867#0	0
3321	Q0	607183#2	0
3321	Q0	51497#19	0
3321	Q0	5812#5	0
3321	Q0	313600#2	0
3321	Q0	5812#18	0
3322	Q0	43234#0	1
3322	Q0	1250#0	0
3322	Q0	390150#0	0
3322	Q0	109322#0	0
3322	Q0	390150#1	0
3322	Q0	42874#1	0
3322	Q0	43234#4	0
3322	Q0	104658#0	0
3322	Q0	980765#8	0
3322	Q0	31518#13	0
3323	Q0	92405#0	1
3323	Q0	92405#1	1
3323	Q0	92405#7	0
3323	Q0	92405#6	0
3323	Q0	47473#7	0
3323	Q0	552466#4	0
3323	Q0	227127#54	0
3323	Q0	552466#1	0
3323	Q0	92405#5	0
3323	Q0	698189#0	0
3325	Q0	1202#22	1
3325	Q0	1202#0	1
3325	Q0	1202#21	0
3325	Q0	1202#4	0
3325	Q0	1202#18	0
3325	Q0	1202#10	0
3325	Q0	1202#16	0
3325	Q0	1202#20	0
3325	Q0	852631#0	0
3325	Q0	1202#9	0
3325	Q0	1202#19	0
3326	Q0	69798#10	1
3326	Q0	69798#25	0
3326	Q0	36360#4	0
3326	Q0	36360#25	0
3326	Q0	27926#10	0
3326	Q0	318942#2	0
3326	Q0	1113615#0	0
3326	Q0	6040#6	0
3326	Q0	1355343#2	0
3326	Q0	338987#20	0
3327	Q0	171076#0	1
3327	Q0	32720#4	1
3327	Q0	103357#1	0
3327	Q0	32720#8	0
3327	Q0	106160#1	0
3327	Q0	858504#1	0
3327	Q0	117131#1	0
3327	Q0	171076#1	0
3327	Q0	92935#1	0
3327	Q0	174845#2	0
3328	Q0	60752#3	1
3328	Q0	14465#40	0
3328	Q0	60752#0	0
3328	Q0	60752#2	0
3328	Q0	60752#12	0
3328	Q0	16637#70	0
3328	Q0	29262#0	0
3328	Q0	14465#39	0
3328	Q0	113572#16	0
3328	Q0	1187100#1	0
3332	Q0	215894#0	1
3332	Q0	1040014#0	0
3332	Q0	215894#4	0
3332	Q0	215894#2	0
3332	Q0	215894#1	0
3332	Q0	605996#0	0
3332	Q0	215894#3	0
3332	Q0	130034#1	0
3332	Q0	364140#1	0
3332	Q0	397373#2	0
3333	Q0	706964#1	1
3333	Q0	1009701#1	0
3333	Q0	1276349#67	0
3333	Q0	266511#1	0
3333	Q0	26235#4	0
3333	Q0	1084697#0	0
3333	Q0	1081868#0	0
3333	Q0	76352#5	0
3333	Q0	512039#0	0
3333	Q0	252703#384	0
3337	Q0	1200390#5	1
3337	Q0	1200390#3	0
3337	Q0	1200390#4	0
3337	Q0	1200390#8	0
3337	Q0	446931#2	0
3337	Q0	1291901#1	0
3337	Q0	1200390#0	0
3337	Q0	681296#3	0
3337	Q0	1037679#0	0
3337	Q0	1200390#2	0
3338	Q0	789021#0	1
3338	Q0	789021#5	0
3338	Q0	789021#9	0
3338	Q0	789021#12	0
3338	Q0	789021#8	0
3338	Q0	789021#10	0
3338	Q0	789021#11	0
3338	Q0	789021#13	0
3338	Q0	789021#1	0
3338	Q0	789021#14	0
3339	Q0	111100#1	1
3339	Q0	1473558#2	1
3339	Q0	1473558#0	0
3339	Q0	874426#2	0
3339	Q0	288303#0	0
3339	Q0	199766#3	0
3339	Q0	158215#0	0
3339	Q0	8963#28	0
3339	Q0	482177#1	0
3339	Q0	874426#0	0
3340	Q0	46060#1	1
3340	Q0	46060#6	0
3340	Q0	46060#0	0
3340	Q0	428365#47	0
3340	Q0	46060#10	0
3340	Q0	264037#1	0
3340	Q0	11443#7	0
3340	Q0	46060#8	0
3340	Q0	301653#1	0
3340	Q0	5713#20	0
3340	Q0	123377#3	0
3341	Q0	13972#0	1
3341	Q0	8600#0	0
3341	Q0	8600#3	0
3341	Q0	13972#6	0
3341	Q0	8600#1	0
3341	Q0	8600#11	0
3341	Q0	13972#4	0
3341	Q0	45585#9	0
3341	Q0	13972#7	0
3341	Q0	20009#15	0
3342	Q0	24933#2	1
3342	Q0	1342664#2	0
3342	Q0	560696#1	0
3342	Q0	33240#3	0
3342	Q0	12769#2	0
3342	Q0	525542#3	0
3342	Q0	565152#0	0
3342	Q0	1184#80	0
3342	Q0	554729#0	0
3342	Q0	1445277#0	0
3342	Q0	48532#1	0
3343	Q0	28596#1	1
3343	Q0	1856#17	1
3343	Q0	273201#2	0
3343	Q0	1150737#1	0
3343	Q0	301808#1	0
3343	Q0	1436765#10	0
3343	Q0	1258473#1	0
3343	Q0	1427458#1	0
3343	Q0	735403#0	0
3343	Q0	664163#2	0
3345	Q0	159033#2	1
3345	Q0	159033#0	1
3345	Q0	1207865#2	0
3345	Q0	159033#3	0
3345	Q0	159033#1	0
3345	Q0	159033#10	0
3345	Q0	159033#20	0
3345	Q0	765268#2	0
3345	Q0	159033#23	0
3345	Q0	159033#18	0
3345	Q0	159033#15	0
3346	Q0	370018#0	1
3346	Q0	556882#0	1
3346	Q0	272172#0	1
3346	Q0	272172#3	0
3346	Q0	917852#2	0
3346	Q0	58298#1	0
3346	Q0	513246#1	0
3346	Q0	428918#9	0
3346	Q0	180337#0	0
3346	Q0	101741#0	0
3347	Q0	175#3	1
3347	Q0	1164174#1	0
3347	Q0	148538#1	0
3347	Q0	148538#2	0
3347	Q0	1411490#1	0
3347	Q0	1258473#1	0
3347	Q0	917525#1	0
3347	Q0	23277#3	0
3347	Q0	471386#0	0
3347	Q0	757542#1	0
3347	Q0	1042686#0	0
3348	Q0	1311080#0	1
3348	Q0	1311080#1	1
3348	Q0	816749#4	0
3348	Q0	5383#14	0
3348	Q0	11201#38	0
3348	Q0	458465#1	0
3348	Q0	1384485#24	0
3348	Q0	438287#3	0
3348	Q0	1144455#4	0
3348	Q0	292577#2	0
3348	Q0	316874#1	0
3350	Q0	72038#3	1
3350	Q0	567619#10	0
3350	Q0	1007837#4	0
3350	Q0	164779#2	0
3350	Q0	493874#0	0
3350	Q0	5771#7	0
3350	Q0	1354037#1	0
3350	Q0	164836#1	0
3350	Q0	727948#14	0
3350	Q0	418158#9	0
3350	Q0	966363#11	0
3351	Q0	588333#0	1
3351	Q0	588333#2	0
3351	Q0	588333#4	0
3351	Q0	733290#1	0
3351	Q0	959508#2	0
3351	Q0	588333#1	0
3351	Q0	733120#0	0
3351	Q0	588333#5	0
3351	Q0	949017#0	0
3351	Q0	1359964#4	0
3352	Q0	76507#0	1
3352	Q0	76507#3	0
3352	Q0	258591#1	0
3352	Q0	1227357#0	0
3352	Q0	1227357#1	0
3352	Q0	215226#0	0
3352	Q0	20707#10	0
3352	Q0	666938#12	0
3352	Q0	847790#28	0
3352	Q0	76502#0	0
3353	Q0	18340#1	1
3353	Q0	186023#5	0
3353	Q0	18340#6	0
3353	Q0	18340#4	0
3353	Q0	939525#3	0
3353	Q0	36766#5	0
3353	Q0	939525#1	0
3353	Q0	107183#1	0
3353	Q0	329232#2	0
3353	Q0	709717#4	0
3353	Q0	1356798#1	0
3354	Q0	1150#54	1
3354	Q0	5845#5	1
3354	Q0	1150#0	1
3354	Q0	1150#1	1
3354	Q0	1150#17	1
3354	Q0	1150#40	0
3354	Q0	1150#65	0
3354	Q0	1150#62	0
3354	Q0	1150#34	0
3354	Q0	1150#115	0
3356	Q0	426828#9	1
3356	Q0	426828#0	0
3356	Q0	426828#5	0
3356	Q0	426828#4	0
3356	Q0	602552#5	0
3356	Q0	143493#2	0
3356	Q0	61233#20	0
3356	Q0	932098#7	0
3356	Q0	1211414#4	0
3356	Q0	850981#5	0
3358	Q0	534437#6	1
3358	Q0	601690#31	0
3358	Q0	52713#7	0
3358	Q0	39768#4	0
3358	Q0	39768#21	0
3358	Q0	37682#2	0
3358	Q0	52713#5	0
3358	Q0	155763#6	0
3358	Q0	52719#8	0
3358	Q0	52720#9	0
3359	Q0	272495#0	1
3359	Q0	272495#1	0
3359	Q0	272495#15	0
3359	Q0	272495#4	0
3359	Q0	272495#16	0
3359	Q0	272495#14	0
3359	Q0	1041100#0	0
3359	Q0	577649#0	0
3359	Q0	1216232#1	0
3359	Q0	1216232#0	0
3360	Q0	1203684#2	1
3360	Q0	1142153#0	1
3360	Q0	20656#22	0
3360	Q0	130211#0	0
3360	Q0	756915#0	0
3360	Q0	1038869#0	0
3360	Q0	296051#0	0
3360	Q0	104658#0	0
3360	Q0	1330981#0	0
3360	Q0	11896#0	0
3360	Q0	1380122#0	0
3364	Q0	709158#0	1
3364	Q0	709158#2	1
3364	Q0	709158#3	0
3364	Q0	709158#4	0
3364	Q0	709158#9	0
3364	Q0	709158#11	0
3364	Q0	1334148#10	0
3364	Q0	1000540#0	0
3364	Q0	555797#8	0
3364	Q0	479300#0	0
3365	Q0	369082#31	1
3365	Q0	369082#14	1
3365	Q0	369082#28	0
3365	Q0	369082#30	0
3365	Q0	369082#1	0
3365	Q0	369082#2	0
3365	Q0	369082#29	0
3365	Q0	369082#37	0
3365	Q0	369082#3	0
3365	Q0	369082#35	0
3366	Q0	76909#0	1
3366	Q0	102600#0	0
3366	Q0	1106421#1	0
3366	Q0	13368#37	0
3366	Q0	819843#0	0
3366	Q0	215576#2	0
3366	Q0	130473#1	0
3366	Q0	599640#27	0
3366	Q0	137810#1	0
3366	Q0	5753#20	0
3367	Q0	66478#2	1
3367	Q0	333535#1	1
3367	Q0	725829#1	0
3367	Q0	796200#2	0
3367	Q0	66478#19	0
3367	Q0	66478#20	0
3367	Q0	13738#15	0
3367	Q0	66478#12	0
3367	Q0	66478#14	0
3367	Q0	352833#4	0
3368	Q0	687955#0	1
3368	Q0	687950#0	0
3368	Q0	687960#1	0
3368	Q0	290013#2	0
3368	Q0	378735#0	0
3368	Q0	768751#0	0
3368	Q0	102410#0	0
3368	Q0	471454#0	0
3368	Q0	557374#0	0
3368	Q0	925510#2	0
3369	Q0	820229#0	1
3369	Q0	32885#0	0
3369	Q0	134960#0	0
3369	Q0	851#12	0
3369	Q0	7947#34	0
3369	Q0	1408#1	0
3369	Q0	546339#0	0
3369	Q0	32885#4	0
3369	Q0	32885#7	0
3369	Q0	681464#3	0
3370	Q0	303#0	1
3370	Q0	1341054#2	0
3370	Q0	249546#14	0
3370	Q0	23824#19	0
3370	Q0	24027#3	0
3370	Q0	249546#12	0
3370	Q0	2958#8	0
3370	Q0	1088362#2	0
3370	Q0	965883#4	0
3370	Q0	1341054#7	0
3370	Q0	333578#1	0
3371	Q0	8164#0	1
3371	Q0	312659#0	1
3371	Q0	1479375#3	1
3371	Q0	40178#16	1
3371	Q0	627375#3	0
3371	Q0	1313366#1	0
3371	Q0	143149#18	0
3371	Q0	344133#0	0
3371	Q0	399137#0	0
3371	Q0	1163177#9	0
3372	Q0	450193#3	1
3372	Q0	1041502#0	0
3372	Q0	456279#0	0
3372	Q0	124626#0	0
3372	Q0	124626#2	0
3372	Q0	531147#1	0
3372	Q0	146275#0	0
3372	Q0	1424287#0	0
3372	Q0	1324902#0	0
3372	Q0	1429572#0	0
3373	Q0	47842#45	1
3373	Q0	47842#37	1
3373	Q0	82136#7	0
3373	Q0	498803#0	0
3373	Q0	45134#4	0
3373	Q0	1432602#13	0
3373	Q0	47842#3	0
3373	Q0	1340101#1	0
3373	Q0	5970#1	0
3373	Q0	197004#0	0
3374	Q0	534464#0	1
3374	Q0	1157586#0	1
3374	Q0	185423#0	1
3374	Q0	1269839#0	1
3374	Q0	1156817#0	1
3374	Q0	31769#39	1
3374	Q0	534464#1	0
3374	Q0	535452#1	0
3374	Q0	232169#1	0
3374	Q0	532647#0	0
3375	Q0	136524#0	1
3375	Q0	1292535#1	0
3375	Q0	58070#0	0
3375	Q0	423347#0	0
3375	Q0	148631#0	0
3375	Q0	66231#1	0
3375	Q0	8279#7	0
3375	Q0	148631#2	0
3375	Q0	320424#3	0
3375	Q0	99884#0	0
3375	Q0	1322794#1	0
3376	Q0	57055#0	1
3376	Q0	20761#29	1
3376	Q0	57055#4	0
3376	Q0	883306#0	0
3376	Q0	57055#1	0
3376	Q0	1282866#0	0
3376	Q0	434772#0	0
3376	Q0	68748#0	0
3376	Q0	1185315#1	0
3376	Q0	1014949#1	0
3376	Q0	57055#9	0
3377	Q0	310569#30	1
3377	Q0	71640#0	1
3377	Q0	71640#9	0
3377	Q0	71640#10	0
3377	Q0	310569#17	0
3377	Q0	310569#1	0
3377	Q0	310569#22	0
3377	Q0	71640#1	0
3377	Q0	310569#14	0
3377	Q0	71640#4	0
3378	Q0	36213#0	1
3378	Q0	36213#10	1
3378	Q0	833474#3	0
3378	Q0	140555#41	0
3378	Q0	140555#11	0
3378	Q0	1493417#0	0
3378	Q0	18951#1	0
3378	Q0	36213#12	0
3378	Q0	1355769#0	0
3378	Q0	1160212#4	0
3379	Q0	36280#1	1
3379	Q0	36280#0	1
3379	Q0	271429#89	0
3379	Q0	825407#1	0
3379	Q0	775899#0	0
3379	Q0	36280#4	0
3379	Q0	36280#2	0
3379	Q0	775914#0	0
3379	Q0	775906#0	0
3379	Q0	456746#0	0
3381	Q0	97261#16	1
3381	Q0	208424#1	0
3381	Q0	361067#1	0
3381	Q0	925510#2	0
3381	Q0	97263#2	0
3381	Q0	272840#13	0
3381	Q0	190267#1	0
3381	Q0	97261#17	0
3381	Q0	24617#5	0
3381	Q0	444057#0	0
3382	Q0	192000#1	1
3382	Q0	1220538#3	0
3382	Q0	1317642#0	0
3382	Q0	948780#0	0
3382	Q0	572538#0	0
3382	Q0	724417#1	0
3382	Q0	294043#7	0
3382	Q0	16500#37	0
3382	Q0	929214#2	0
3382	Q0	192000#10	0
3383	Q0	281992#23	1
3383	Q0	749550#3	0
3383	Q0	825021#13	0
3383	Q0	6833#25	0
3383	Q0	787861#8	0
3383	Q0	1126047#26	0
3383	Q0	15093#34	0
3383	Q0	343498#2	0
3383	Q0	68203#1	0
3383	Q0	313352#2	0
3384	Q0	35600#1	1
3384	Q0	679022#1	0
3384	Q0	1026111#12	0
3384	Q0	1025765#2	0
3384	Q0	291498#1	0
3384	Q0	151207#2	0
3384	Q0	134309#1	0
3384	Q0	35600#5	0
3384	Q0	1319666#2	0
3384	Q0	1029598#2	0
3384	Q0	277079#0	0
3385	Q0	580124#3	1
3385	Q0	591098#0	1
3385	Q0	580124#0	1
3385	Q0	483659#0	0
3385	Q0	330908#0	0
3385	Q0	8398#1	0
3385	Q0	739883#0	0
3385	Q0	252689#0	0
3385	Q0	327233#0	0
3385	Q0	569859#0	0
3386	Q0	144597#1	1
3386	Q0	144597#0	1
3386	Q0	637647#1	0
3386	Q0	1263201#1	0
3386	Q0	1277442#0	0
3386	Q0	8438#14	0
3386	Q0	1171275#1	0
3386	Q0	8438#17	0
3386	Q0	132582#1	0
3386	Q0	8438#16	0
3387	Q0	1299696#3	1
3387	Q0	1299696#0	1
3387	Q0	1299696#5	0
3387	Q0	1299696#18	0
3387	Q0	1299696#6	0
3387	Q0	1299696#11	0
3387	Q0	1299696#2	0
3387	Q0	1299696#1	0
3387	Q0	1299696#8	0
3387	Q0	1299696#4	0
3389	Q0	538758#0	1
3389	Q0	538758#2	0
3389	Q0	459396#0	0
3389	Q0	421313#0	0
3389	Q0	1182798#0	0
3389	Q0	1173626#0	0
3389	Q0	6344#66	0
3389	Q0	945081#0	0
3389	Q0	819108#0	0
3389	Q0	6344#67	0
3390	Q0	16813#0	1
3390	Q0	35902#7	1
3390	Q0	16813#5	0
3390	Q0	16813#6	0
3390	Q0	572323#1	0
3390	Q0	16813#7	0
3390	Q0	1128770#2	0
3390	Q0	16813#3	0
3390	Q0	16813#2	0
3390	Q0	16813#1	0
3391	Q0	809#2	1
3391	Q0	333400#2	1
3391	Q0	154981#33	1
3391	Q0	415883#21	0
3391	Q0	953097#7	0
3391	Q0	154981#19	0
3391	Q0	433750#24	0
3391	Q0	953097#2	0
3391	Q0	601476#1	0
3391	Q0	855540#4	0
3391	Q0	154985#0	0
3392	Q0	89175#0	1
3392	Q0	35041#0	1
3392	Q0	35041#19	0
3392	Q0	908539#0	0
3392	Q0	84443#0	0
3392	Q0	908541#0	0
3392	Q0	7374#5	0
3392	Q0	35041#11	0
3392	Q0	89155#0	0
3392	Q0	35041#4	0
3393	Q0	106912#0	1
3393	Q0	787610#0	0
3393	Q0	106912#3	0
3393	Q0	106912#6	0
3393	Q0	517062#0	0
3393	Q0	106912#1	0
3393	Q0	106912#5	0
3393	Q0	527864#1	0
3393	Q0	106912#4	0
3393	Q0	106912#2	0
3394	Q0	37510#1	1
3394	Q0	37510#0	1
3394	Q0	37509#1	0
3394	Q0	37502#1	0
3394	Q0	37509#3	0
3394	Q0	37510#2	0
3394	Q0	37510#4	0
3394	Q0	37502#2	0
3394	Q0	82819#3	0
3394	Q0	37510#6	0
3395	Q0	453342#0	1
3395	Q0	453342#1	0
3395	Q0	453342#3	0
3395	Q0	453342#4	0
3395	Q0	152989#2	0
3395	Q0	453342#5	0
3395	Q0	453342#2	0
3395	Q0	1399274#0	0
3395	Q0	280760#0	0
3395	Q0	752#0	0
3396	Q0	116602#1	1
3396	Q0	116602#8	1
3396	Q0	116602#9	1
3396	Q0	116602#16	0
3396	Q0	116602#10	0
3396	Q0	116602#3	0
3396	Q0	116602#5	0
3396	Q0	116602#15	0
3396	Q0	116602#11	0
3396	Q0	116602#2	0
3397	Q0	61940#1	1
3397	Q0	5907#6	1
3397	Q0	26081#1	0
3397	Q0	1299562#8	0
3397	Q0	1299562#6	0
3397	Q0	1025679#1	0
3397	Q0	1299562#9	0
3397	Q0	1299562#2	0
3397	Q0	1299562#7	0
3397	Q0	8070#25	0
3397	Q0	578170#2	0
3397	Q0	5907#50	0
3398	Q0	38148#39	1
3398	Q0	55171#2	1
3398	Q0	38148#29	1
3398	Q0	38148#47	1
3398	Q0	38148#49	1
3398	Q0	68018#1	0
3398	Q0	55209#1	0
3398	Q0	38148#48	0
3398	Q0	38148#0	0
3398	Q0	38148#10	0
3399	Q0	5566#0	1
3399	Q0	104031#0	1
3399	Q0	6220#0	0
3399	Q0	829#0	0
3399	Q0	9546#2	0
3399	Q0	186629#2	0
3399	Q0	20672#0	0
3399	Q0	36604#0	0
3399	Q0	15474#1	0
3399	Q0	15573#0	0
3401	Q0	55887#6	1
3401	Q0	55887#0	0
3401	Q0	55887#28	0
3401	Q0	55887#30	0
3401	Q0	81854#1	0
3401	Q0	55887#21	0
3401	Q0	500130#6	0
3401	Q0	55887#11	0
3401	Q0	55887#7	0
3401	Q0	55887#32	0
3402	Q0	678#0	1
3402	Q0	845755#1	0
3402	Q0	307616#0	0
3402	Q0	105162#8	0
3402	Q0	105162#0	0
3402	Q0	507026#3	0
3402	Q0	95676#0	0
3402	Q0	678#21	0
3402	Q0	678#2	0
3402	Q0	169564#0	0
3403	Q0	30873#0	1
3403	Q0	30873#23	0
3403	Q0	30873#13	0
3403	Q0	30873#17	0
3403	Q0	1488152#0	0
3403	Q0	34860#0	0
3403	Q0	30873#18	0
3403	Q0	815526#0	0
3403	Q0	30873#9	0
3403	Q0	30873#12	0
3405	Q0	783668#0	1
3405	Q0	29451#0	1
3405	Q0	29451#2	1
3405	Q0	783668#1	1
3405	Q0	18856#17	1
3405	Q0	88958#0	0
3405	Q0	99311#0	0
3405	Q0	299673#0	0
3405	Q0	35397#0	0
3405	Q0	794#0	0
3406	Q0	674681#2	1
3406	Q0	89656#23	1
3406	Q0	822835#6	1
3406	Q0	230926#0	0
3406	Q0	674681#3	0
3406	Q0	230926#15	0
3406	Q0	808767#2	0
3406	Q0	1391473#0	0
3406	Q0	230926#17	0
3406	Q0	89656#28	0
3406	Q0	698586#13	0
3409	Q0	9285#39	1
3409	Q0	445831#0	0
3409	Q0	313693#0	0
3409	Q0	308691#0	0
3409	Q0	471276#0	0
3409	Q0	296417#0	0
3409	Q0	28532#0	0
3409	Q0	547323#2	0
3409	Q0	9285#38	0
3409	Q0	1304631#0	0
3410	Q0	560225#8	1
3410	Q0	78810#1	1
3410	Q0	105183#4	1
3410	Q0	560225#15	1
3410	Q0	560225#0	1
3410	Q0	560225#1	0
3410	Q0	78810#3	0
3410	Q0	34319#7	0
3410	Q0	560225#4	0
3410	Q0	560225#5	0
3412	Q0	149275#0	1
3412	Q0	149275#5	1
3412	Q0	149275#9	1
3412	Q0	149275#3	0
3412	Q0	149275#2	0
3412	Q0	149275#8	0
3412	Q0	1345121#1	0
3412	Q0	1472878#1	0
3412	Q0	149275#7	0
3412	Q0	265777#1	0
3413	Q0	51562#9	1
3413	Q0	57031#9	0
3413	Q0	51562#7	0
3413	Q0	51562#1	0
3413	Q0	51562#3	0
3413	Q0	51562#0	0
3413	Q0	51562#4	0
3413	Q0	51562#10	0
3413	Q0	57031#13	0
3413	Q0	51562#2	0
3415	Q0	76480#0	1
3415	Q0	31804#0	1
3415	Q0	592892#0	1
3415	Q0	372685#0	1
3415	Q0	31541#0	1
3415	Q0	76480#2	0
3415	Q0	76480#1	0
3415	Q0	54249#1	0
3415	Q0	31804#2	0
3415	Q0	31541#5	0
3418	Q0	104658#30	1
3418	Q0	380#6	1
3418	Q0	771036#10	0
3418	Q0	769599#0	0
3418	Q0	287869#0	0
3418	Q0	1421229#0	0
3418	Q0	583430#0	0
3418	Q0	769599#4	0
3418	Q0	1421229#1	0
3418	Q0	8599#11	0
3418	Q0	774048#0	0
3419	Q0	25123#3	1
3419	Q0	25123#46	0
3419	Q0	25123#23	0
3419	Q0	753717#2	0
3419	Q0	25123#41	0
3419	Q0	328423#2	0
3419	Q0	1176993#5	0
3419	Q0	1176993#3	0
3419	Q0	608378#2	0
3419	Q0	1297440#1	0
3419	Q0	25123#47	0
3420	Q0	9105#1	1
3420	Q0	527082#0	1
3420	Q0	8754#7	1
3420	Q0	8653#5	1
3420	Q0	9109#1	1
3420	Q0	5665#11	1
3420	Q0	8618#2	1
3420	Q0	5665#2	1
3420	Q0	8613#10	1
3420	Q0	5664#13	1
3421	Q0	8950#0	1
3421	Q0	8950#3	0
3421	Q0	8950#5	0
3421	Q0	377301#0	0
3421	Q0	360506#0	0
3421	Q0	36965#7	0
3421	Q0	8959#0	0
3421	Q0	1253740#0	0
3421	Q0	1327378#3	0
3421	Q0	68188#12	0
3422	Q0	962814#6	1
3422	Q0	13241#0	1
3422	Q0	115913#30	1
3422	Q0	310700#2	0
3422	Q0	310700#0	0
3422	Q0	265417#3	0
3422	Q0	144361#0	0
3422	Q0	454818#4	0
3422	Q0	944407#0	0
3422	Q0	662882#5	0
3424	Q0	31598#0	1
3424	Q0	129011#0	1
3424	Q0	53503#4	1
3424	Q0	71496#55	0
3424	Q0	587936#0	0
3424	Q0	38585#0	0
3424	Q0	15687#0	0
3424	Q0	65332#0	0
3424	Q0	15701#27	0
3424	Q0	6944#72	0
3425	Q0	430055#2	1
3425	Q0	430055#0	1
3425	Q0	430055#4	0
3425	Q0	430055#7	0
3425	Q0	430055#13	0
3425	Q0	430055#6	0
3425	Q0	430055#3	0
3425	Q0	430055#8	0
3425	Q0	430055#5	0
3425	Q0	430055#10	0
3426	Q0	1166208#1	1
3426	Q0	1299682#1	0
3426	Q0	1313141#1	0
3426	Q0	1166208#4	0
3426	Q0	1167081#1	0
3426	Q0	1296998#8	0
3426	Q0	1314512#1	0
3426	Q0	1296998#1	0
3426	Q0	1296998#0	0
3426	Q0	1296998#15	0
3427	Q0	7675#0	1
3427	Q0	479680#4	1
3427	Q0	7675#32	0
3427	Q0	7675#66	0
3427	Q0	7675#33	0
3427	Q0	7675#18	0
3427	Q0	7675#51	0
3427	Q0	7675#29	0
3427	Q0	278427#47	0
3427	Q0	7675#22	0
3428	Q0	222658#0	1
3428	Q0	222658#3	0
3428	Q0	1283493#4	0
3428	Q0	222658#4	0
3428	Q0	556#0	0
3428	Q0	220622#1	0
3428	Q0	620319#0	0
3428	Q0	1114208#0	0
3428	Q0	594759#0	0
3428	Q0	220622#10	0
3430	Q0	5764#9	1
3430	Q0	5764#0	1
3430	Q0	98627#0	0
3430	Q0	98627#1	0
3430	Q0	306357#7	0
3430	Q0	528884#2	0
3430	Q0	1434903#13	0
3430	Q0	1404102#2	0
3430	Q0	355730#0	0
3430	Q0	1296968#2	0
3431	Q0	74237#2	1
3431	Q0	380#13	0
3431	Q0	20593#62	0
3431	Q0	123016#58	0
3431	Q0	123016#1	0
3431	Q0	19303#0	0
3431	Q0	19303#8	0
3431	Q0	942534#6	0
3431	Q0	20593#20	0
3431	Q0	20593#0	0
3431	Q0	20593#60	0
3432	Q0	7860#0	1
3432	Q0	7860#23	1
3432	Q0	133533#1	0
3432	Q0	7860#39	0
3432	Q0	7860#24	0
3432	Q0	7860#27	0
3432	Q0	478623#0	0
3432	Q0	1350103#0	0
3432	Q0	413499#0	0
3432	Q0	133533#0	0
3433	Q0	558898#0	1
3433	Q0	43798#1	1
3433	Q0	301115#0	0
3433	Q0	507#33	0
3433	Q0	507#36	0
3433	Q0	507#35	0
3433	Q0	507#28	0
3433	Q0	705218#3	0
3433	Q0	43798#31	0
3433	Q0	43798#33	0
3433	Q0	507#32	0
3434	Q0	61394#21	1
3434	Q0	61394#20	1
3434	Q0	61394#19	1
3434	Q0	61394#15	0
3434	Q0	61394#28	0
3434	Q0	646917#1	0
3434	Q0	61394#27	0
3434	Q0	61394#35	0
3434	Q0	1473249#1	0
3434	Q0	580740#36	0
3434	Q0	937151#9	0
3435	Q0	78953#0	1
3435	Q0	25292#0	1
3435	Q0	1352#39	0
3435	Q0	147832#6	0
3435	Q0	565940#4	0
3435	Q0	1146563#6	0
3435	Q0	775392#1	0
3435	Q0	1146563#8	0
3435	Q0	1298#66	0
3435	Q0	886323#0	0
3436	Q0	29404#0	1
3436	Q0	1297966#7	0
3436	Q0	1003160#1	0
3436	Q0	967964#0	0
3436	Q0	1003160#0	0
3436	Q0	1316824#0	0
3436	Q0	47453#0	0
3436	Q0	336344#0	0
3436	Q0	909243#2	0
3436	Q0	309500#0	0
3436	Q0	830327#0	0
3438	Q0	10282#23	1
3438	Q0	112278#1	0
3438	Q0	1222645#1	0
3438	Q0	1123733#0	0
3438	Q0	996212#0	0
3438	Q0	996212#4	0
3438	Q0	752651#2	0
3438	Q0	1122483#0	0
3438	Q0	1444638#4	0
3438	Q0	1222645#0	0
3438	Q0	1211984#4	0
3439	Q0	81345#2	1
3439	Q0	159227#2	1
3439	Q0	81345#0	1
3439	Q0	159227#3	0
3439	Q0	81345#1	0
3439	Q0	159227#1	0
3439	Q0	609664#5	0
3439	Q0	81345#3	0
3439	Q0	81345#5	0
3439	Q0	159227#11	0
3439	Q0	81345#4	0
3441	Q0	287091#3	1
3441	Q0	35293#31	0
3441	Q0	58270#2	0
3441	Q0	287091#18	0
3441	Q0	136689#3	0
3441	Q0	108069#8	0
3441	Q0	461654#2	0
3441	Q0	83136#1	0
3441	Q0	851893#4	0
3441	Q0	19235#2	0
3442	Q0	1472346#1	1
3442	Q0	680854#0	0
3442	Q0	975733#0	0
3442	Q0	1357845#1	0
3442	Q0	1472346#11	0
3442	Q0	1472346#4	0
3442	Q0	623437#0	0
3442	Q0	1284167#1	0
3442	Q0	1284124#1	0
3442	Q0	1472346#3	0
3443	Q0	682956#1	1
3443	Q0	682956#0	0
3443	Q0	682956#7	0
3443	Q0	682956#4	0
3443	Q0	682956#12	0
3443	Q0	682956#2	0
3443	Q0	682956#14	0
3443	Q0	682956#16	0
3443	Q0	682956#3	0
3443	Q0	682956#15	0
3444	Q0	766#0	1
3444	Q0	766#9	1
3444	Q0	1122705#5	1
3444	Q0	766#40	1
3444	Q0	1122705#1	1
3444	Q0	111761#3	0
3444	Q0	766#8	0
3444	Q0	1207#6	0
3444	Q0	1122705#0	0
3444	Q0	365139#5	0
3445	Q0	1250#0	1
3445	Q0	33908#0	1
3445	Q0	16064#0	0
3445	Q0	16064#7	0
3445	Q0	24724#9	0
3445	Q0	9429#6	0
3445	Q0	1433824#2	0
3445	Q0	277309#24	0
3445	Q0	11146#49	0
3445	Q0	374621#3	0
3445	Q0	980765#8	0
3447	Q0	100420#2	1
3447	Q0	100420#0	1
3447	Q0	295191#0	1
3447	Q0	100420#6	0
3447	Q0	100420#11	0
3447	Q0	100420#18	0
3447	Q0	166358#0	0
3447	Q0	100420#3	0
3447	Q0	295191#1	0
3447	Q0	100420#19	0
3448	Q0	173188#62	1
3448	Q0	7639#11	1
3448	Q0	323731#31	1
3448	Q0	7639#8	0
3448	Q0	7639#10	0
3448	Q0	7639#0	0
3448	Q0	7639#6	0
3448	Q0	7639#9	0
3448	Q0	215894#4	0
3448	Q0	54350#17	0
3448	Q0	1170215#3	0
3449	Q0	296962#18	1
3449	Q0	25670#1	1
3449	Q0	313912#1	0
3449	Q0	226034#5	0
3449	Q0	25670#16	0
3449	Q0	226034#4	0
3449	Q0	881377#3	0
3449	Q0	237#0	0
3449	Q0	173021#2	0
3449	Q0	546976#6	0
3449	Q0	226034#13	0
3450	Q0	1415815#19	1
3450	Q0	1415815#83	0
3450	Q0	101228#10	0
3450	Q0	1415815#21	0
3450	Q0	1415815#62	0
3450	Q0	1376419#6	0
3450	Q0	101228#6	0
3450	Q0	1415815#41	0
3450	Q0	450697#11	0
3450	Q0	182580#3	0
3452	Q0	5001#3	1
3452	Q0	64682#0	1
3452	Q0	1298607#11	1
3452	Q0	64682#5	0
3452	Q0	1121013#3	0
3452	Q0	428365#20	0
3452	Q0	64682#6	0
3452	Q0	421038#6	0
3452	Q0	8023#17	0
3452	Q0	91441#1	0
3454	Q0	409339#0	1
3454	Q0	409339#1	0
3454	Q0	463490#2	0
3454	Q0	5681#9	0
3454	Q0	551585#1	0
3454	Q0	27002#16	0
3454	Q0	6892#3	0
3454	Q0	38215#5	0
3454	Q0	409339#16	0
3454	Q0	559360#2	0
3455	Q0	15386#0	1
3455	Q0	1018485#0	0
3455	Q0	1072132#1	0
3455	Q0	1477658#2	0
3455	Q0	148538#1	0
3455	Q0	107168#6	0
3455	Q0	1072132#2	0
3455	Q0	107168#0	0
3455	Q0	144237#2	0
3455	Q0	774111#4	0
3456	Q0	1155684#12	1
3456	Q0	1307101#0	1
3456	Q0	1195#12	1
3456	Q0	1302#0	1
3456	Q0	1302#45	0
3456	Q0	55282#15	0
3456	Q0	1302#47	0
3456	Q0	996096#0	0
3456	Q0	1302#11	0
3456	Q0	1414655#0	0
3456	Q0	1162944#2	0
3457	Q0	32270#0	1
3457	Q0	159207#3	1
3457	Q0	32270#2	0
3457	Q0	32270#14	0
3457	Q0	32270#13	0
3457	Q0	32270#28	0
3457	Q0	32270#37	0
3457	Q0	32270#18	0
3457	Q0	32270#11	0
3457	Q0	32270#19	0
3458	Q0	233978#2	1
3458	Q0	229916#0	0
3458	Q0	276085#0	0
3458	Q0	233978#4	0
3458	Q0	1043637#1	0
3458	Q0	1088016#6	0
3458	Q0	1043637#0	0
3458	Q0	229916#6	0
3458	Q0	143272#6	0
3458	Q0	229916#8	0
3460	Q0	53188#0	1
3460	Q0	505750#0	0
3460	Q0	53188#13	0
3460	Q0	203877#0	0
3460	Q0	53188#6	0
3460	Q0	53188#1	0
3460	Q0	506794#0	0
3460	Q0	53188#4	0
3460	Q0	203877#2	0
3460	Q0	53188#12	0
3461	Q0	440428#0	1
3461	Q0	440428#14	0
3461	Q0	440428#3	0
3461	Q0	440428#17	0
3461	Q0	440428#13	0
3461	Q0	440428#12	0
3461	Q0	440428#6	0
3461	Q0	440428#4	0
3461	Q0	440428#7	0
3461	Q0	440428#10	0
3462	Q0	26437#2	1
3462	Q0	26437#3	0
3462	Q0	26437#4	0
3462	Q0	26437#6	0
3462	Q0	26437#25	0
3462	Q0	70220#2	0
3462	Q0	146902#21	0
3462	Q0	1458444#2	0
3462	Q0	39701#2	0
3462	Q0	26437#23	0
3463	Q0	507#47	1
3463	Q0	704746#1	1
3463	Q0	507#52	0
3463	Q0	507#1	0
3463	Q0	106#0	0
3463	Q0	1349646#0	0
3463	Q0	507#0	0
3463	Q0	1349646#17	0
3463	Q0	1349646#12	0
3463	Q0	1184174#11	0
3463	Q0	106#3	0
3466	Q0	58398#0	1
3466	Q0	58398#3	0
3466	Q0	58398#4	0
3466	Q0	58398#7	0
3466	Q0	58398#8	0
3466	Q0	147241#0	0
3466	Q0	58398#1	0
3466	Q0	58398#9	0
3466	Q0	58398#5	0
3466	Q0	58398#6	0
3467	Q0	682640#2	1
3467	Q0	682640#1	1
3467	Q0	682640#0	0
3467	Q0	682640#11	0
3467	Q0	682640#9	0
3467	Q0	682640#5	0
3467	Q0	682640#3	0
3467	Q0	682640#7	0
3467	Q0	682640#4	0
3467	Q0	451199#0	0
3467	Q0	682640#12	0
3468	Q0	128532#1	1
3468	Q0	128532#0	0
3468	Q0	128532#16	0
3468	Q0	128532#6	0
3468	Q0	128532#11	0
3468	Q0	128532#13	0
3468	Q0	128532#2	0
3468	Q0	128532#15	0
3468	Q0	128532#9	0
3468	Q0	128532#3	0
3469	Q0	373823#1	1
3469	Q0	517634#5	0
3469	Q0	668081#2	0
3469	Q0	373823#5	0
3469	Q0	1262478#0	0
3469	Q0	123633#0	0
3469	Q0	1254850#0	0
3469	Q0	164873#3	0
3469	Q0	1006931#0	0
3469	Q0	1253740#0	0
3470	Q0	1014939#1	1
3470	Q0	1014939#8	0
3470	Q0	1014939#4	0
3470	Q0	1014939#5	0
3470	Q0	1014939#6	0
3470	Q0	585#22	0
3470	Q0	716726#0	0
3470	Q0	112947#4	0
3470	Q0	178072#0	0
3470	Q0	425707#7	0
3471	Q0	362488#25	1
3471	Q0	362488#0	1
3471	Q0	362488#2	0
3471	Q0	362488#26	0
3471	Q0	20900#9	0
3471	Q0	362488#42	0
3471	Q0	362488#39	0
3471	Q0	251691#57	0
3471	Q0	20900#73	0
3471	Q0	1223198#0	0
3472	Q0	215315#0	1
3472	Q0	844491#1	0
3472	Q0	148538#1	0
3472	Q0	95126#2	0
3472	Q0	664163#2	0
3472	Q0	1042686#0	0
3472	Q0	1217866#0	0
3472	Q0	1258473#1	0
3472	Q0	111473#1	0
3472	Q0	817417#1	0
3472	Q0	365987#4	0
3473	Q0	688065#0	1
3473	Q0	688065#1	0
3473	Q0	1294744#1	0
3473	Q0	171758#1	0
3473	Q0	706571#7	0
3473	Q0	349162#1	0
3473	Q0	1258473#1	0
3473	Q0	881242#0	0
3473	Q0	148538#1	0
3473	Q0	1285500#4	0
3474	Q0	250#5	1
3474	Q0	250#0	1
3474	Q0	11854#0	1
3474	Q0	315079#10	0
3474	Q0	250#6	0
3474	Q0	398017#4	0
3474	Q0	250#49	0
3474	Q0	11854#7	0
3474	Q0	1262536#0	0
3474	Q0	8285#2	0
3475	Q0	46963#0	1
3475	Q0	27864#8	1
3475	Q0	6044#7	1
3475	Q0	251691#52	1
3475	Q0	46963#40	0
3475	Q0	46963#44	0
3475	Q0	46963#42	0
3475	Q0	46963#37	0
3475	Q0	372523#7	0
3475	Q0	46963#18	0
3477	Q0	439902#1	1
3477	Q0	1196919#104	0
3477	Q0	74#0	0
3477	Q0	439902#3	0
3477	Q0	74#24	0
3477	Q0	51381#3	0
3477	Q0	1196919#30	0
3477	Q0	1196919#0	0
3477	Q0	581271#3	0
3477	Q0	1379812#6	0
3479	Q0	529296#14	1
3479	Q0	137757#0	1
3479	Q0	137757#4	1
3479	Q0	137757#18	0
3479	Q0	137757#16	0
3479	Q0	137757#10	0
3479	Q0	137757#17	0
3479	Q0	137757#5	0
3479	Q0	137757#1	0
3479	Q0	137757#8	0
3480	Q0	17189#0	1
3480	Q0	19762#0	0
3480	Q0	920303#1	0
3480	Q0	1467694#0	0
3480	Q0	940617#0	0
3480	Q0	423384#5	0
3480	Q0	676661#0	0
3480	Q0	1272626#3	0
3480	Q0	17189#10	0
3480	Q0	17189#2	0
3481	Q0	16099#0	1
3481	Q0	270719#5	0
3481	Q0	270719#4	0
3481	Q0	16099#2	0
3481	Q0	1348230#1	0
3481	Q0	1387867#0	0
3481	Q0	16102#3	0
3481	Q0	667590#1	0
3481	Q0	563941#0	0
3481	Q0	16101#8	0
3484	Q0	330331#8	1
3484	Q0	814339#0	1
3484	Q0	753421#1	1
3484	Q0	565861#25	0
3484	Q0	565861#29	0
3484	Q0	535662#0	0
3484	Q0	535662#11	0
3484	Q0	621746#4	0
3484	Q0	753421#9	0
3484	Q0	625266#7	0
3484	Q0	330334#12	0
3485	Q0	588820#3	1
3485	Q0	588820#0	1
3485	Q0	588820#1	0
3485	Q0	200439#0	0
3485	Q0	410372#0	0
3485	Q0	531340#0	0
3485	Q0	707294#1	0
3485	Q0	744701#0	0
3485	Q0	588820#5	0
3485	Q0	1328216#0	0
3486	Q0	1110051#22	1
3486	Q0	1110051#0	0
3486	Q0	1110051#5	0
3486	Q0	1110051#23	0
3486	Q0	1110051#2	0
3486	Q0	1110051#16	0
3486	Q0	1110051#10	0
3486	Q0	850981#5	0
3486	Q0	1110051#6	0
3486	Q0	1110051#4	0
3487	Q0	42151#0	1
3487	Q0	7860#21	1
3487	Q0	818880#0	1
3487	Q0	1419619#0	1
3487	Q0	7860#0	0
3487	Q0	151922#0	0
3487	Q0	7860#23	0
3487	Q0	133533#0	0
3487	Q0	47473#33	0
3487	Q0	7860#47	0
3489	Q0	5888#10	1
3489	Q0	524333#2	1
3489	Q0	5888#2	1
3489	Q0	199776#2	0
3489	Q0	1008996#7	0
3489	Q0	199776#4	0
3489	Q0	5888#17	0
3489	Q0	193641#2	0
3489	Q0	9970#50	0
3489	Q0	160977#20	0
3489	Q0	928163#3	0
3491	Q0	1264208#4	1
3491	Q0	20900#73	1
3491	Q0	1264208#8	0
3491	Q0	1264208#0	0
3491	Q0	1264208#11	0
3491	Q0	1264208#5	0
3491	Q0	1264208#1	0
3491	Q0	1264208#9	0
3491	Q0	98580#19	0
3491	Q0	1264208#12	0
3491	Q0	1264208#14	0
3492	Q0	207141#2	1
3492	Q0	207141#9	1
3492	Q0	207141#1	0
3492	Q0	207141#13	0
3492	Q0	207141#5	0
3492	Q0	71772#23	0
3492	Q0	207141#17	0
3492	Q0	207139#1	0
3492	Q0	207141#4	0
3492	Q0	207141#6	0
3493	Q0	806388#16	1
3493	Q0	10645#5	1
3493	Q0	803292#15	1
3493	Q0	806388#15	0
3493	Q0	876095#2	0
3493	Q0	308577#4	0
3493	Q0	795957#2	0
3493	Q0	686668#0	0
3493	Q0	234188#0	0
3493	Q0	457271#4	0
3493	Q0	120404#3	0
3495	Q0	30523#3	1
3495	Q0	5285#0	1
3495	Q0	5285#6	0
3495	Q0	5285#38	0
3495	Q0	5285#58	0
3495	Q0	5285#22	0
3495	Q0	5285#59	0
3495	Q0	48692#20	0
3495	Q0	35388#2	0
3495	Q0	1484012#6	0
3495	Q0	5285#49	0
3496	Q0	14238#4	1
3496	Q0	145715#8	0
3496	Q0	145715#7	0
3496	Q0	145715#0	0
3496	Q0	145715#1	0
3496	Q0	14238#0	0
3496	Q0	7280#6	0
3496	Q0	460007#5	0
3496	Q0	6200#4	0
3496	Q0	55562#2	0
3496	Q0	95719#0	0
3498	Q0	1205316#0	1
3498	Q0	1205316#3	1
3498	Q0	1205316#2	1
3498	Q0	1205316#4	1
3498	Q0	618939#0	0
3498	Q0	1205316#15	0
3498	Q0	1205316#10	0
3498	Q0	1205316#9	0
3498	Q0	762101#0	0
3498	Q0	1206251#0	0
3499	Q0	809688#1	1
3499	Q0	809688#2	1
3499	Q0	32865#0	1
3499	Q0	809688#0	1
3499	Q0	809688#4	0
3499	Q0	809688#10	0
3499	Q0	809688#5	0
3499	Q0	809688#9	0
3499	Q0	809688#7	0
3499	Q0	809688#6	0
3499	Q0	809688#3	0
3500	Q0	18139#0	1
3500	Q0	18139#2	1
3500	Q0	18139#7	0
3500	Q0	100104#6	0
3500	Q0	18139#3	0
3500	Q0	18139#1	0
3500	Q0	206071#1	0
3500	Q0	18139#6	0
3500	Q0	624388#6	0
3500	Q0	18139#4	0
3500	Q0	100104#5	0
3501	Q0	186954#0	1
3501	Q0	1014925#3	0
3501	Q0	319164#5	0
3501	Q0	1377553#0	0
3501	Q0	905112#8	0
3501	Q0	905112#9	0
3501	Q0	319164#0	0
3501	Q0	67187#0	0
3501	Q0	218260#8	0
3501	Q0	1433378#3	0
3501	Q0	319164#4	0
3502	Q0	57027#0	1
3502	Q0	31540#0	1
3502	Q0	41342#0	0
3502	Q0	229881#1	0
3502	Q0	31540#35	0
3502	Q0	440#12	0
3502	Q0	31540#24	0
3502	Q0	544995#11	0
3502	Q0	750153#1	0
3502	Q0	19086#60	0
3504	Q0	25135#1	1
3504	Q0	825436#3	1
3504	Q0	63699#0	1
3504	Q0	11309#5	1
3504	Q0	1085153#0	0
3504	Q0	105892#11	0
3504	Q0	1347169#0	0
3504	Q0	46487#4	0
3504	Q0	222259#1	0
3504	Q0	11309#0	0
3504	Q0	925510#4	0
3506	Q0	84504#0	1
3506	Q0	84504#21	0
3506	Q0	84504#5	0
3506	Q0	84504#17	0
3506	Q0	84504#16	0
3506	Q0	84504#22	0
3506	Q0	84504#1	0
3506	Q0	84504#13	0
3506	Q0	84504#29	0
3506	Q0	84504#11	0
3506	Q0	84504#4	0
3507	Q0	1348270#2	1
3507	Q0	1185851#3	1
3507	Q0	884668#2	0
3507	Q0	33619#0	0
3507	Q0	97814#0	0
3507	Q0	962206#0	0
3507	Q0	224921#10	0
3507	Q0	843#4	0
3507	Q0	399151#13	0
3507	Q0	1458597#1	0
3508	Q0	76141#0	1
3508	Q0	76141#14	0
3508	Q0	310929#1	0
3508	Q0	76141#8	0
3508	Q0	1079246#0	0
3508	Q0	134383#6	0
3508	Q0	76141#5	0
3508	Q0	76141#9	0
3508	Q0	1079983#0	0
3508	Q0	310929#2	0
3508	Q0	310929#12	0
3509	Q0	430#0	1
3509	Q0	12452#1	0
3509	Q0	12452#4	0
3509	Q0	11983#0	0
3509	Q0	829593#0	0
3509	Q0	534001#3	0
3509	Q0	1268006#0	0
3509	Q0	422427#0	0
3509	Q0	22500#0	0
3509	Q0	295444#4	0
3510	Q0	595686#0	1
3510	Q0	338787#0	1
3510	Q0	1170256#26	0
3510	Q0	934478#3	0
3510	Q0	934478#1	0
3510	Q0	595686#9	0
3510	Q0	595686#7	0
3510	Q0	595686#12	0
3510	Q0	1170256#5	0
3510	Q0	595686#10	0
3511	Q0	267635#6	1
3511	Q0	267635#0	0
3511	Q0	267635#11	0
3511	Q0	267635#12	0
3511	Q0	1360995#0	0
3511	Q0	1027704#0	0
3511	Q0	267635#8	0
3511	Q0	267635#9	0
3511	Q0	267635#3	0
3511	Q0	267635#2	0
3512	Q0	196571#1	1
3512	Q0	713649#7	1
3512	Q0	1128876#2	0
3512	Q0	713649#32	0
3512	Q0	1184#76	0
3512	Q0	1370208#1	0
3512	Q0	1184#73	0
3512	Q0	1445277#0	0
3512	Q0	13571#5	0
3512	Q0	1050296#1	0
3512	Q0	1277356#22	0
3513	Q0	10713#0	1
3513	Q0	1270457#0	0
3513	Q0	8739#6	0
3513	Q0	10713#18	0
3513	Q0	92762#6	0
3513	Q0	593339#1	0
3513	Q0	892620#9	0
3513	Q0	89821#1	0
3513	Q0	1284171#1	0
3513	Q0	119739#0	0
3514	Q0	362725#30	1
3514	Q0	18442#15	1
3514	Q0	914733#1	0
3514	Q0	1456158#0	0
3514	Q0	914733#16	0
3514	Q0	568#2	0
3514	Q0	640962#16	0
3514	Q0	1008029#0	0
3514	Q0	1086657#1	0
3514	Q0	500#1	0
3514	Q0	396692#0	0
3516	Q0	120414#1	1
3516	Q0	120414#0	1
3516	Q0	120414#3	0
3516	Q0	120414#4	0
3516	Q0	82966#0	0
3516	Q0	1212798#2	0
3516	Q0	20357#15	0
3516	Q0	710818#3	0
3516	Q0	283837#30	0
3516	Q0	120414#6	0
3517	Q0	1417822#0	1
3517	Q0	1417822#1	0
3517	Q0	1417822#12	0
3517	Q0	1417822#4	0
3517	Q0	1417822#7	0
3517	Q0	1417822#6	0
3517	Q0	1417822#3	0
3517	Q0	1417822#9	0
3517	Q0	1417822#10	0
3517	Q0	1417822#8	0
3518	Q0	807730#1	1
3518	Q0	807730#0	1
3518	Q0	62527#0	0
3518	Q0	1494128#0	0
3518	Q0	570221#0	0
3518	Q0	200537#0	0
3518	Q0	1350047#0	0
3518	Q0	925510#2	0
3518	Q0	697626#0	0
3518	Q0	266199#0	0
3518	Q0	265932#0	0
3519	Q0	1281037#3	1
3519	Q0	1281037#0	1
3519	Q0	20217#2	1
3519	Q0	1320043#0	0
3519	Q0	1319998#0	0
3519	Q0	1281037#7	0
3519	Q0	20217#0	0
3519	Q0	1340599#0	0
3519	Q0	20217#4	0
3519	Q0	1340597#0	0
3520	Q0	1064588#1	1
3520	Q0	1196919#12	1
3520	Q0	74#5	1
3520	Q0	1196919#1	0
3520	Q0	266763#1	0
3520	Q0	19415#5	0
3520	Q0	278580#2	0
3520	Q0	46893#1	0
3520	Q0	444575#22	0
3520	Q0	74#7	0
3521	Q0	275917#0	1
3521	Q0	652938#0	1
3521	Q0	275917#2	1
3521	Q0	652938#6	1
3521	Q0	275917#7	1
3521	Q0	275917#1	0
3521	Q0	275917#4	0
3521	Q0	275917#9	0
3521	Q0	652938#20	0
3521	Q0	801731#0	0
3521	Q0	652938#5	0
3522	Q0	41498#0	1
3522	Q0	121199#0	1
3522	Q0	13070#0	1
3522	Q0	68194#0	1
3522	Q0	362324#0	0
3522	Q0	5296#0	0
3522	Q0	13513#0	0
3522	Q0	41498#5	0
3522	Q0	245837#0	0
3522	Q0	362324#1	0
3523	Q0	53955#0	1
3523	Q0	53955#3	0
3523	Q0	53955#2	0
3523	Q0	296956#14	0
3523	Q0	296956#8	0
3523	Q0	53955#6	0
3523	Q0	53955#8	0
3523	Q0	53955#4	0
3523	Q0	146945#0	0
3523	Q0	53955#5	0
3524	Q0	880795#1	1
3524	Q0	880795#10	0
3524	Q0	880795#7	0
3524	Q0	865427#2	0
3524	Q0	96532#3	0
3524	Q0	353250#2	0
3524	Q0	1440872#2	0
3524	Q0	177224#6	0
3524	Q0	369465#8	0
3524	Q0	333941#1	0
3526	Q0	27701#0	1
3526	Q0	27701#3	1
3526	Q0	481601#4	0
3526	Q0	112881#13	0
3526	Q0	752785#0	0
3526	Q0	987094#2	0
3526	Q0	365987#0	0
3526	Q0	88191#0	0
3526	Q0	1258473#1	0
3526	Q0	273201#2	0
3526	Q0	641127#0	0
3527	Q0	914386#1	1
3527	Q0	7#4	1
3527	Q0	914386#2	1
3527	Q0	134436#4	1
3527	Q0	7#11	1
3527	Q0	1065#8	0
3527	Q0	1221647#5	0
3527	Q0	901#9	0
3527	Q0	914386#7	0
3527	Q0	20438#4	0
3528	Q0	403494#0	1
3528	Q0	403494#2	0
3528	Q0	403494#3	0
3528	Q0	949941#1	0
3528	Q0	403494#7	0
3528	Q0	403494#8	0
3528	Q0	403494#4	0
3528	Q0	403494#1	0
3528	Q0	373494#1	0
3528	Q0	1356462#0	0
3529	Q0	152657#0	1
3529	Q0	152657#2	0
3529	Q0	225922#0	0
3529	Q0	126492#1	0
3529	Q0	1040568#1	0
3529	Q0	389637#2	0
3529	Q0	401744#8	0
3529	Q0	259577#3	0
3529	Q0	152657#1	0
3529	Q0	197184#0	0
3530	Q0	480#18	1
3530	Q0	4639#18	1
3530	Q0	4639#37	0
3530	Q0	5874#131	0
3530	Q0	7446#48	0
3530	Q0	7446#32	0
3530	Q0	480#20	0
3530	Q0	7446#31	0
3530	Q0	473731#1	0
3530	Q0	480#21	0
3530	Q0	1870#9	0
3531	Q0	21518#0	1
3531	Q0	17525#7	1
3531	Q0	36649#4	1
3531	Q0	26377#3	0
3531	Q0	1493991#22	0
3531	Q0	17525#0	0
3531	Q0	17525#33	0
3531	Q0	19844#1	0
3531	Q0	54#4	0
3531	Q0	1177078#0	0
3533	Q0	972626#1	1
3533	Q0	972626#18	0
3533	Q0	972626#14	0
3533	Q0	972626#4	0
3533	Q0	972626#2	0
3533	Q0	972626#9	0
3533	Q0	972626#0	0
3533	Q0	972626#10	0
3533	Q0	972626#15	0
3533	Q0	972626#16	0
3534	Q0	206477#7	1
3534	Q0	206477#8	1
3534	Q0	206477#0	0
3534	Q0	206477#4	0
3534	Q0	206477#2	0
3534	Q0	206477#1	0
3534	Q0	206477#5	0
3534	Q0	206477#9	0
3534	Q0	206477#11	0
3534	Q0	206477#3	0
3535	Q0	201299#2	1
3535	Q0	201299#3	0
3535	Q0	9118#45	0
3535	Q0	201299#0	0
3535	Q0	201299#4	0
3535	Q0	734829#2	0
3535	Q0	560807#1	0
3535	Q0	201299#7	0
3535	Q0	201299#6	0
3535	Q0	201299#19	0
3536	Q0	529991#0	1
3536	Q0	787222#0	1
3536	Q0	930875#0	1
3536	Q0	529991#1	0
3536	Q0	808165#1	0
3536	Q0	529991#8	0
3536	Q0	930949#3	0
3536	Q0	1483418#12	0
3536	Q0	1483418#0	0
3536	Q0	930875#3	0
3537	Q0	93163#0	1
3537	Q0	93163#2	1
3537	Q0	1376942#0	0
3537	Q0	853548#0	0
3537	Q0	547596#5	0
3537	Q0	25888#9	0
3537	Q0	29383#13	0
3537	Q0	230690#5	0
3537	Q0	782845#0	0
3537	Q0	547596#3	0
3539	Q0	6039#16	1
3539	Q0	6039#15	1
3539	Q0	6039#11	1
3539	Q0	6039#14	0
3539	Q0	6039#0	0
3539	Q0	6039#1	0
3539	Q0	6039#17	0
3539	Q0	6039#2	0
3539	Q0	6039#10	0
3539	Q0	6039#8	0
3540	Q0	751673#0	1
3540	Q0	290431#16	1
3540	Q0	156831#0	0
3540	Q0	885184#1	0
3540	Q0	595231#0	0
3540	Q0	960339#3	0
3540	Q0	1139394#1	0
3540	Q0	334595#1	0
3540	Q0	33075#1	0
3540	Q0	33075#16	0
3540	Q0	55105#0	0
3542	Q0	29676#0	1
3542	Q0	29676#10	0
3542	Q0	825024#3	0
3542	Q0	29676#6	0
3542	Q0	825024#0	0
3542	Q0	4862#10	0
3542	Q0	4862#1	0
3542	Q0	299583#0	0
3542	Q0	805846#0	0
3542	Q0	72153#0	0
3543	Q0	66771#0	1
3543	Q0	66771#6	1
3543	Q0	594524#4	0
3543	Q0	66771#2	0
3543	Q0	51672#19	0
3543	Q0	66771#8	0
3543	Q0	263131#15	0
3543	Q0	66771#4	0
3543	Q0	66771#1	0
3543	Q0	66771#7	0
3545	Q0	11521#0	1
3545	Q0	11521#1	1
3545	Q0	1488467#0	0
3545	Q0	1353477#0	0
3545	Q0	1353477#2	0
3545	Q0	11521#3	0
3545	Q0	11521#11	0
3545	Q0	725357#1	0
3545	Q0	11521#8	0
3545	Q0	957440#1	0
3546	Q0	19476#12	1
3546	Q0	19476#0	0
3546	Q0	19476#2	0
3546	Q0	19476#3	0
3546	Q0	19476#7	0
3546	Q0	19476#1	0
3546	Q0	19476#10	0
3546	Q0	19476#11	0
3546	Q0	19476#6	0
3546	Q0	19476#15	0
3546	Q0	19476#8	0
3546	Q0	19476#9	0
3546	Q0	19476#13	0
3547	Q0	12069#0	1
3547	Q0	991519#0	0
3547	Q0	403116#0	0
3547	Q0	491620#0	0
3547	Q0	1202278#1	0
3547	Q0	1092545#1	0
3547	Q0	377990#0	0
3547	Q0	872686#0	0
3547	Q0	206748#4	0
3547	Q0	1406125#0	0
3547	Q0	827053#10	0
3548	Q0	6591#0	1
3548	Q0	6591#18	1
3548	Q0	15099#0	1
3548	Q0	15099#10	0
3548	Q0	76453#0	0
3548	Q0	6591#38	0
3548	Q0	6591#17	0
3548	Q0	6591#15	0
3548	Q0	1151040#0	0
3548	Q0	6591#39	0
3548	Q0	6591#16	0
3549	Q0	438672#11	1
3549	Q0	971554#12	0
3549	Q0	480958#21	0
3549	Q0	1409686#11	0
3549	Q0	342770#12	0
3549	Q0	1342695#0	0
3549	Q0	108371#1	0
3549	Q0	826574#10	0
3549	Q0	675476#2	0
3549	Q0	48565#4	0
3551	Q0	89356#2	1
3551	Q0	142803#3	0
3551	Q0	359507#0	0
3551	Q0	171203#61	0
3551	Q0	329784#0	0
3551	Q0	493335#0	0
3551	Q0	193787#1	0
3551	Q0	359423#0	0
3551	Q0	142850#5	0
3551	Q0	121494#1	0
3551	Q0	134893#2	0
3552	Q0	14736#0	1
3552	Q0	14736#4	1
3552	Q0	14736#3	1
3552	Q0	14736#9	0
3552	Q0	14736#8	0
3552	Q0	180840#2	0
3552	Q0	1029261#0	0
3552	Q0	522523#1	0
3552	Q0	68274#0	0
3552	Q0	180840#1	0
3553	Q0	1008#13	1
3553	Q0	8617#0	1
3553	Q0	991718#3	0
3553	Q0	1072062#2	0
3553	Q0	122322#9	0
3553	Q0	851278#0	0
3553	Q0	172137#36	0
3553	Q0	739934#3	0
3553	Q0	71772#51	0
3553	Q0	126251#1	0
3553	Q0	439341#12	0
3555	Q0	69262#1	1
3555	Q0	69262#10	0
3555	Q0	69262#5	0
3555	Q0	69262#6	0
3555	Q0	69262#0	0
3555	Q0	69262#11	0
3555	Q0	121452#4	0
3555	Q0	69262#2	0
3555	Q0	69262#3	0
3555	Q0	512039#0	0
3557	Q0	1438347#0	1
3557	Q0	32049#5	0
3557	Q0	32049#0	0
3557	Q0	138306#0	0
3557	Q0	32049#2	0
3557	Q0	1172631#0	0
3557	Q0	848760#0	0
3557	Q0	64646#0	0
3557	Q0	950221#0	0
3557	Q0	265912#1	0
3560	Q0	794151#0	1
3560	Q0	1323018#1	0
3560	Q0	424699#1	0
3560	Q0	295023#1	0
3560	Q0	729858#1	0
3560	Q0	50221#1	0
3560	Q0	1447428#1	0
3560	Q0	376375#1	0
3560	Q0	1358165#1	0
3560	Q0	1271642#0	0
3561	Q0	279310#1	1
3561	Q0	279310#0	1
3561	Q0	726570#0	0
3561	Q0	687701#0	0
3561	Q0	234707#6	0
3561	Q0	726570#2	0
3561	Q0	285534#2	0
3561	Q0	361939#13	0
3561	Q0	23274#0	0
3561	Q0	361939#15	0
3563	Q0	34709#0	1
3563	Q0	1174512#0	1
3563	Q0	1189952#0	1
3563	Q0	1205273#1	1
3563	Q0	1205273#0	1
3563	Q0	1205240#0	1
3563	Q0	1174512#1	0
3563	Q0	34709#6	0
3563	Q0	34709#1	0
3563	Q0	34709#7	0
3563	Q0	1338805#0	0
3564	Q0	276381#0	1
3564	Q0	276381#1	1
3564	Q0	276381#5	1
3564	Q0	276381#7	1
3564	Q0	276381#22	1
3564	Q0	276381#11	0
3564	Q0	1111913#7	0
3564	Q0	276381#16	0
3564	Q0	276381#12	0
3564	Q0	276381#25	0
3566	Q0	210702#0	1
3566	Q0	545644#1	0
3566	Q0	418970#1	0
3566	Q0	964604#23	0
3566	Q0	570858#1	0
3566	Q0	31876#2	0
3566	Q0	637689#1	0
3566	Q0	661260#0	0
3566	Q0	1257498#1	0
3566	Q0	1132931#0	0
3566	Q0	964604#26	0
3567	Q0	1010311#0	1
3567	Q0	1010311#1	0
3567	Q0	1010311#10	0
3567	Q0	1010311#11	0
3567	Q0	1010311#9	0
3567	Q0	1010311#12	0
3567	Q0	1010311#3	0
3567	Q0	1010311#5	0
3567	Q0	1010311#8	0
3567	Q0	1010311#6	0
3568	Q0	23772#3	1
3568	Q0	279257#1	0
3568	Q0	1200148#2	0
3568	Q0	730213#0	0
3568	Q0	23772#7	0
3568	Q0	23772#6	0
3568	Q0	639655#4	0
3568	Q0	23772#2	0
3568	Q0	23772#1	0
3568	Q0	108791#0	0
3569	Q0	942513#8	1
3569	Q0	942513#1	1
3569	Q0	942513#9	0
3569	Q0	942513#12	0
3569	Q0	942513#10	0
3569	Q0	222118#2	0
3569	Q0	941244#9	0
3569	Q0	941244#0	0
3569	Q0	941244#3	0
3569	Q0	246761#7	0
3569	Q0	942513#11	0
3570	Q0	493#3	1
3570	Q0	4934#4	1
3570	Q0	549173#0	1
3570	Q0	415619#11	0
3570	Q0	4934#11	0
3570	Q0	13248#1	0
3570	Q0	19851#14	0
3570	Q0	8257#2	0
3570	Q0	862771#9	0
3570	Q0	12262#7	0
3571	Q0	935070#0	1
3571	Q0	935070#1	0
3571	Q0	643586#1	0
3571	Q0	393878#0	0
3571	Q0	391339#0	0
3571	Q0	401639#0	0
3571	Q0	376322#0	0
3571	Q0	1256296#0	0
3571	Q0	1091889#1	0
3571	Q0	445770#0	0
3572	Q0	136609#0	1
3572	Q0	106360#2	0
3572	Q0	106360#13	0
3572	Q0	118569#16	0
3572	Q0	106360#11	0
3572	Q0	295605#0	0
3572	Q0	106360#6	0
3572	Q0	6702#25	0
3572	Q0	106360#0	0
3572	Q0	755433#1	0
3573	Q0	31833#4	1
3574	Q0	1180255#0	1
3575	Q0	66537#1	1
3576	Q0	1026306#4	1
3577	Q0	215585#3	1
3579	Q0	15990#0	1
3580	Q0	145980#1	1
3582	Q0	866#4	1
3584	Q0	1072792#7	1
3585	Q0	5517#0	1
3587	Q0	30030#8	1
3589	Q0	88982#2	1
3590	Q0	52844#0	1
3592	Q0	418067#0	1
3593	Q0	271539#1	1
3596	Q0	1302#0	1
3597	Q0	989388#0	1
3598	Q0	78898#0	1
3600	Q0	497992#0	1
3601	Q0	1346445#10	1
3602	Q0	652837#1	1
3603	Q0	680414#0	1
3604	Q0	1177324#3	1
3606	Q0	4956#30	1
3607	Q0	9353#3	1
3608	Q0	1320539#1	1
3609	Q0	37700#1	1
3610	Q0	36287#0	1
3611	Q0	9207#0	1
3612	Q0	34159#1	1
3613	Q0	1283#11	1
3614	Q0	29505#3	1
3615	Q0	34207#0	1
3616	Q0	387#0	1
3617	Q0	396034#0	1
3618	Q0	160375#0	1
3619	Q0	92777#0	1
3620	Q0	24433#0	1
3621	Q0	551358#0	1
3623	Q0	26305#0	1
3624	Q0	57643#11	1
3625	Q0	4677#19	1
3625	Q0	4677#0	1
3788	Q0	12439#1	1
3788	Q0	12439#15	1
3825	Q0	1083922#0	1
3825	Q0	1083922#3	1
3832	Q0	473938#0	1
3832	Q0	473938#2	0
3937	Q0	5254#0	1
3937	Q0	5254#6	0
3937	Q0	5254#8	0
3937	Q0	5254#1	0
3937	Q0	5254#2	0
3959	Q0	13476#1	1
3959	Q0	13476#0	1
4054	Q0	424532#0	1
4054	Q0	424532#1	0
4105	Q0	54971#0	1
4105	Q0	54971#7	0
4157	Q0	21635#0	1
4157	Q0	21635#3	0
4157	Q0	21635#4	0
4315	Q0	186966#7	1
4315	Q0	186966#9	0
4315	Q0	186966#0	0
4315	Q0	186966#14	0
4332	Q0	12439#1	1
4332	Q0	12439#15	1
4348	Q0	864#0	1
4348	Q0	864#1	0
4586	Q0	280#0	1
4586	Q0	280#5	1
4743	Q0	872983#0	1
4743	Q0	872983#1	0
4787	Q0	1349630#1	1
4787	Q0	1349630#2	0
4937	Q0	29413#1	1
4937	Q0	29413#5	0
4952	Q0	424532#0	1
4952	Q0	424532#1	1
5010	Q0	72381#1	1
5010	Q0	72381#6	1
5101	Q0	16600#0	1
5101	Q0	16600#1	0
5141	Q0	496484#0	1
5141	Q0	496484#4	0
5188	Q0	5499#1	1
5188	Q0	5499#6	1
5210	Q0	78051#5	1
5210	Q0	78051#6	0
5258	Q0	171203#1	1
5258	Q0	171203#57	0
5280	Q0	569174#1	1
5280	Q0	569174#3	0
5371	Q0	496484#0	1
5371	Q0	496484#4	0
5395	Q0	13301#28	1
5395	Q0	13301#2	0
5395	Q0	13301#30	0
5395	Q0	13301#5	0
5668	Q0	386#0	1
5668	Q0	386#14	1
5690	Q0	178916#1	1
5690	Q0	178916#0	0
5690	Q0	178916#3	0
5690	Q0	178916#2	0
5707	Q0	1449640#5	1
5707	Q0	1449640#0	1
5707	Q0	1449640#23	0
5707	Q0	1449640#13	0
5707	Q0	1449640#9	0
5707	Q0	1449640#16	0
5755	Q0	58418#12	1
5755	Q0	58418#18	0
5755	Q0	58418#6	0
5755	Q0	58418#10	0
5755	Q0	58418#1	0
5755	Q0	58418#14	0
5755	Q0	58418#19	0
5755	Q0	58418#20	0
5755	Q0	58418#5	0
5755	Q0	58418#0	0
5779	Q0	6799#1	1
5779	Q0	6799#5	0
5802	Q0	67236#0	1
5802	Q0	67236#4	1
5869	Q0	569174#1	1
5869	Q0	569174#3	0
5925	Q0	905022#3	1
5925	Q0	905022#4	0
5925	Q0	905022#0	0
5962	Q0	279570#1	1
5962	Q0	279570#0	0
5962	Q0	279570#13	0
5962	Q0	279570#15	0
6057	Q0	43208#1	1
6057	Q0	43208#6	1
6244	Q0	1359997#0	1
6244	Q0	1359997#6	1
6323	Q0	74997#0	1
6323	Q0	74997#10	0
6397	Q0	9017#1	1
6397	Q0	9017#7	1
6776	Q0	171203#1	1
6776	Q0	171203#57	0
6789	Q0	15089#1	1
6789	Q0	15089#2	0
6789	Q0	15089#0	0
6889	Q0	501#0	1
6889	Q0	501#4	0
6961	Q0	350949#0	1
6961	Q0	350949#5	1
6961	Q0	350949#1	0
6965	Q0	24805#1	1
6965	Q0	24805#5	1
7062	Q0	16331#0	1
7062	Q0	16331#1	1
7062	Q0	16331#3	0
7119	Q0	572280#1	1
7119	Q0	572280#2	0
7125	Q0	1405#0	1
7125	Q0	1405#1	1
7125	Q0	1405#8	0
7125	Q0	1405#7	0
7151	Q0	594399#40	1
7151	Q0	594399#39	0
7160	Q0	872983#0	1
7160	Q0	872983#1	0
7328	Q0	952700#1	1
7328	Q0	952700#14	1
7328	Q0	952700#9	0
7396	Q0	605457#0	1
7396	Q0	605457#6	0
7439	Q0	12602#0	1
7439	Q0	12602#1	1
7592	Q0	16331#0	1
7592	Q0	16331#1	1
7592	Q0	16331#3	0
7671	Q0	688734#3	1
7671	Q0	688734#8	0
7736	Q0	86773#0	1
7736	Q0	86773#1	1
7736	Q0	86773#18	0
7736	Q0	86773#7	0
7736	Q0	86773#13	0
7737	Q0	1029#13	1
7737	Q0	1029#12	0
7824	Q0	139054#0	1
7824	Q0	139054#4	1
7854	Q0	233594#77	1
7854	Q0	233594#76	0
8100	Q0	52452#7	1
8100	Q0	52452#8	1
8205	Q0	9118#2	1
8205	Q0	9118#4	1
8237	Q0	241#27	1
8237	Q0	241#47	0
8256	Q0	31684#0	1
8256	Q0	31684#7	0
8256	Q0	31684#1	0
8256	Q0	31684#11	0
8271	Q0	16787#0	1
8271	Q0	16787#1	0
