1	Q0	119071#0	1
1	Q0	119071#3	0
1	Q0	2782457#1	0
1	Q0	16471#25	0
1	Q0	2980682#0	0
1	Q0	763674#0	0
1	Q0	575115#1	0
1	Q0	4968#8	0
1	Q0	3648674#0	0
1	Q0	3317224#0	0
2	Q0	81983#5	1
2	Q0	260483#0	0
2	Q0	1468#6	0
2	Q0	81983#1	0
2	Q0	1219062#13	0
2	Q0	3323384#5	0
2	Q0	1588951#0	0
2	Q0	260483#1	0
2	Q0	1870099#2	0
2	Q0	124534#1	0
6	Q0	136578#0	1
9	Q0	1214905#10	1
9	Q0	1214905#0	0
9	Q0	707783#3	0
9	Q0	1688699#2	0
9	Q0	2391524#4	0
9	Q0	340887#1	0
9	Q0	3103411#5	0
9	Q0	939146#16	0
9	Q0	1214905#8	0
9	Q0	3233928#1	0
11	Q0	2033313#2	1
11	Q0	347109#15	1
11	Q0	347109#23	0
11	Q0	2517469#2	0
11	Q0	347109#25	0
11	Q0	347109#28	0
11	Q0	347109#11	0
11	Q0	347109#48	0
11	Q0	347109#39	0
11	Q0	3375080#14	0
13	Q0	341668#2	1
13	Q0	341668#6	0
13	Q0	341668#15	0
13	Q0	1644733#6	0
13	Q0	341668#14	0
13	Q0	2263475#1	0
13	Q0	341668#17	0
13	Q0	1932451#0	0
13	Q0	301125#11	0
13	Q0	246825#0	0
15	Q0	18858#5	1
15	Q0	18858#8	1
15	Q0	18858#6	1
15	Q0	18858#3	1
15	Q0	18858#7	0
15	Q0	18858#11	0
15	Q0	18858#17	0
15	Q0	18858#4	0
15	Q0	18858#15	0
15	Q0	18858#10	0
17	Q0	27277#8	1
17	Q0	27277#17	0
17	Q0	27277#9	0
17	Q0	27277#13	0
17	Q0	256016#1	0
17	Q0	2022509#6	0
17	Q0	2022509#3	0
17	Q0	138595#3	0
17	Q0	27277#18	0
17	Q0	233229#10	0
18	Q0	507175#4	1
18	Q0	507175#24	1
18	Q0	2098940#3	0
18	Q0	1995045#16	0
18	Q0	1167184#8	0
18	Q0	342161#8	0
18	Q0	3209537#18	0
18	Q0	397559#10	0
18	Q0	3143824#1	0
18	Q0	390923#1	0
19	Q0	447070#3	1
19	Q0	447070#2	1
19	Q0	447070#0	0
19	Q0	447070#5	0
19	Q0	447070#14	0
19	Q0	447070#6	0
19	Q0	2627658#1	0
19	Q0	447070#18	0
19	Q0	447070#4	0
19	Q0	447070#8	0
20	Q0	1586036#0	1
20	Q0	2458286#1	1
20	Q0	1586036#2	0
20	Q0	3099291#23	0
20	Q0	1586036#7	0
20	Q0	1586036#11	0
20	Q0	1588314#2	0
20	Q0	1586036#9	0
20	Q0	2458286#3	0
20	Q0	2800858#4	0
21	Q0	2605040#1	1
21	Q0	2095499#0	0
21	Q0	2095499#10	0
21	Q0	2334292#0	0
21	Q0	2095499#2	0
21	Q0	2605040#0	0
21	Q0	2334292#1	0
21	Q0	2095499#3	0
21	Q0	2095499#1	0
21	Q0	2386093#3	0
21	Q0	2500765#1	0
23	Q0	299001#0	1
23	Q0	299001#17	0
23	Q0	299001#32	0
23	Q0	299001#36	0
23	Q0	299001#34	0
23	Q0	299001#5	0
23	Q0	3621914#9	0
23	Q0	299001#33	0
23	Q0	299001#29	0
23	Q0	299001#14	0
24	Q0	3519065#0	1
24	Q0	3519065#3	0
24	Q0	3492538#10	0
24	Q0	3492538#1	0
24	Q0	3492538#0	0
24	Q0	311805#6	0
24	Q0	3492538#11	0
24	Q0	3492538#3	0
24	Q0	3492538#2	0
24	Q0	666011#6	0
25	Q0	3450768#0	1
25	Q0	3450768#7	0
25	Q0	3450768#2	0
25	Q0	765107#14	0
25	Q0	201614#14	0
25	Q0	3450768#6	0
25	Q0	3450768#8	0
25	Q0	3450768#19	0
25	Q0	1624861#0	0
25	Q0	3450768#56	0
27	Q0	49047#3	1
27	Q0	49047#0	1
27	Q0	49047#27	0
27	Q0	605449#8	0
27	Q0	2518575#1	0
27	Q0	1488780#0	0
27	Q0	1663505#2	0
27	Q0	3530438#1	0
27	Q0	215237#1	0
27	Q0	3733784#0	0
28	Q0	26689#0	1
28	Q0	291248#5	1
28	Q0	10219#18	0
28	Q0	26689#23	0
28	Q0	2743862#1	0
28	Q0	3049471#2	0
28	Q0	3077624#1	0
28	Q0	372362#1	0
28	Q0	145289#3	0
28	Q0	1399609#0	0
29	Q0	18260#11	1
29	Q0	18260#26	0
29	Q0	18260#37	0
29	Q0	18260#27	0
29	Q0	18260#36	0
29	Q0	1296169#4	0
29	Q0	885947#2	0
29	Q0	18260#16	0
29	Q0	18260#2	0
29	Q0	2691986#0	0
29	Q0	574411#2	0
31	Q0	42514#5	1
31	Q0	42514#0	1
31	Q0	42514#57	0
31	Q0	42514#22	0
31	Q0	42514#9	0
31	Q0	42514#62	0
31	Q0	42514#20	0
31	Q0	42514#1	0
31	Q0	42514#18	0
31	Q0	42514#4	0
32	Q0	869375#0	1
32	Q0	3600745#6	0
32	Q0	869375#1	0
32	Q0	896002#2	0
32	Q0	972130#6	0
32	Q0	26047#7	0
32	Q0	869375#2	0
32	Q0	343371#2	0
32	Q0	866264#0	0
32	Q0	387805#0	0
34	Q0	1350422#5	1
34	Q0	1350422#4	0
34	Q0	1350422#6	0
34	Q0	1524749#3	0
34	Q0	1350422#26	0
34	Q0	2819687#1	0
34	Q0	1350422#3	0
34	Q0	1360560#0	0
34	Q0	378527#9	0
34	Q0	37740#88	0
35	Q0	20252#8	1
35	Q0	20252#0	0
35	Q0	969903#3	0
35	Q0	301531#0	0
35	Q0	20252#5	0
35	Q0	1470962#1	0
35	Q0	44151#1	0
35	Q0	729246#1	0
35	Q0	20252#6	0
35	Q0	2999783#0	0
35	Q0	2408625#1	0
36	Q0	703473#2	1
36	Q0	297945#4	1
36	Q0	703473#3	0
36	Q0	1224220#2	0
36	Q0	1242020#61	0
36	Q0	3879446#20	0
36	Q0	3571239#8	0
36	Q0	2687093#2	0
36	Q0	3863167#2	0
36	Q0	3639#8	0
36	Q0	394313#12	0
36	Q0	297945#3	0
36	Q0	297945#2	0
36	Q0	297945#6	0
37	Q0	4310#4	1
37	Q0	1864744#198	1
37	Q0	293501#44	1
37	Q0	580733#5	1
37	Q0	1921822#3	1
37	Q0	4310#1	1
37	Q0	3280176#1	1
37	Q0	293501#0	1
37	Q0	3521234#17	0
37	Q0	173719#15	0
37	Q0	523929#16	0
38	Q0	408840#10	1
38	Q0	3593040#21	1
38	Q0	174295#11	1
38	Q0	3381880#12	0
38	Q0	309122#3	0
38	Q0	2763635#3	0
38	Q0	3381880#0	0
38	Q0	3593040#0	0
38	Q0	174295#0	0
38	Q0	408840#0	0
39	Q0	3521122#5	1
39	Q0	3521122#0	1
39	Q0	3521122#6	0
39	Q0	2054529#0	0
39	Q0	3526489#2	0
39	Q0	3521122#1	0
39	Q0	772544#1	0
39	Q0	135965#1	0
39	Q0	2688900#0	0
39	Q0	327364#0	0
40	Q0	3059#19	1
40	Q0	184529#5	1
40	Q0	7806#4	1
40	Q0	952562#39	0
40	Q0	7806#14	0
40	Q0	7807#10	0
40	Q0	302778#24	0
40	Q0	7806#18	0
40	Q0	743795#7	0
40	Q0	1860790#2	0
41	Q0	24460#82	1
41	Q0	381#74	1
41	Q0	35309#1	1
41	Q0	35309#66	1
41	Q0	24245#11	0
41	Q0	35309#70	0
41	Q0	1347054#8	0
41	Q0	14465#46	0
41	Q0	35309#4	0
41	Q0	1347054#1	0
42	Q0	91994#0	1
42	Q0	91994#24	0
42	Q0	91994#23	0
42	Q0	91994#26	0
42	Q0	91994#14	0
42	Q0	91994#11	0
42	Q0	91994#20	0
42	Q0	42885#104	0
42	Q0	3626422#2	0
42	Q0	91994#5	0
43	Q0	2116218#31	1
43	Q0	1317867#12	1
43	Q0	1317867#0	1
43	Q0	1317867#1	0
43	Q0	1317867#14	0
43	Q0	1317867#15	0
43	Q0	1317867#60	0
43	Q0	1317867#83	0
43	Q0	1317867#44	0
43	Q0	1317867#84	0
43	Q0	1317867#69	0
43	Q0	1317867#64	0
43	Q0	1317867#68	0
43	Q0	1317867#57	0
44	Q0	1137512#55	1
44	Q0	1137512#3	1
44	Q0	414342#3	1
44	Q0	1137512#26	0
44	Q0	1137512#71	0
44	Q0	1137512#43	0
44	Q0	1137512#16	0
44	Q0	1137512#18	0
44	Q0	1137512#82	0
44	Q0	1137512#87	0
44	Q0	1137512#47	0
44	Q0	414342#19	0
44	Q0	414342#16	0
44	Q0	414342#15	0
45	Q0	1889745#0	1
45	Q0	1889745#3	0
45	Q0	2917901#2	0
45	Q0	1889085#221	0
45	Q0	1889085#220	0
45	Q0	417378#7	0
45	Q0	1889745#14	0
45	Q0	1889745#10	0
45	Q0	1889085#150	0
45	Q0	1889085#138	0
46	Q0	3259263#0	1
46	Q0	3259263#4	0
46	Q0	3259263#10	0
46	Q0	663889#2	0
46	Q0	9110#7	0
46	Q0	3259263#1	0
46	Q0	3259263#6	0
46	Q0	405714#4	0
46	Q0	3259263#3	0
46	Q0	9110#9	0
47	Q0	8132#6	1
47	Q0	553216#0	1
47	Q0	8132#0	0
47	Q0	1595703#2	0
47	Q0	3885224#12	0
47	Q0	6970#11	0
47	Q0	19277#2	0
47	Q0	2703812#3	0
47	Q0	1537989#1	0
47	Q0	48684#15	0
50	Q0	167527#2	1
50	Q0	1853594#3	0
50	Q0	129940#1	0
50	Q0	654243#64	0
50	Q0	531162#7	0
50	Q0	110886#5	0
50	Q0	1877496#0	0
50	Q0	209399#3	0
50	Q0	3523499#0	0
50	Q0	1839530#0	0
50	Q0	3706442#0	0
51	Q0	1359367#0	1
51	Q0	67309#19	0
51	Q0	550163#0	0
51	Q0	3065313#2	0
51	Q0	216531#18	0
51	Q0	789204#2	0
51	Q0	389997#2	0
51	Q0	1137945#1	0
51	Q0	1852183#3	0
51	Q0	67309#20	0
51	Q0	1562220#2	0
52	Q0	2904958#15	1
52	Q0	1681838#4	1
52	Q0	636481#0	1
52	Q0	11841#11	0
52	Q0	1390125#3	0
52	Q0	508667#4	0
52	Q0	44024#3	0
52	Q0	1681838#1	0
52	Q0	279181#28	0
52	Q0	281566#3	0
52	Q0	279181#1	0
52	Q0	279181#48	0
53	Q0	177337#5	1
53	Q0	177337#21	0
53	Q0	177337#52	0
53	Q0	487406#38	0
53	Q0	487406#1	0
53	Q0	190056#28	0
53	Q0	190517#28	0
53	Q0	190897#19	0
53	Q0	217611#23	0
53	Q0	17094#0	0
53	Q0	177337#27	0
54	Q0	411813#8	1
54	Q0	411813#17	1
54	Q0	411813#15	1
54	Q0	150527#9	0
54	Q0	1980134#4	0
54	Q0	1411539#6	0
54	Q0	656743#5	0
54	Q0	679286#11	0
54	Q0	146740#11	0
54	Q0	945575#2	0
55	Q0	1483532#0	1
55	Q0	765107#4	1
55	Q0	183441#1	1
55	Q0	123002#0	0
55	Q0	1483532#13	0
55	Q0	1483532#7	0
55	Q0	694025#1	0
55	Q0	2810000#2	0
55	Q0	1483532#9	0
55	Q0	183441#31	0
55	Q0	822955#56	0
56	Q0	94521#16	1
56	Q0	12135#1	0
56	Q0	1627440#3	0
56	Q0	217704#39	0
56	Q0	160811#8	0
56	Q0	160811#11	0
56	Q0	217704#41	0
56	Q0	3191346#5	0
56	Q0	217704#14	0
56	Q0	238405#4	0
56	Q0	12135#0	0
56	Q0	12135#2	0
56	Q0	12135#82	0
56	Q0	12135#40	0
57	Q0	384020#5	1
57	Q0	384020#7	0
57	Q0	384020#0	0
57	Q0	2897448#5	0
57	Q0	384020#12	0
57	Q0	384020#22	0
57	Q0	384020#17	0
57	Q0	384020#16	0
57	Q0	74382#8	0
57	Q0	384020#1	0
58	Q0	11396#16	1
58	Q0	2757338#5	0
58	Q0	11396#3	0
58	Q0	11396#7	0
58	Q0	828456#2	0
58	Q0	2600966#16	0
58	Q0	2757338#2	0
58	Q0	2815038#17	0
58	Q0	11396#19	0
58	Q0	1677484#1	0
60	Q0	544272#4	1
61	Q0	1964405#1	1
62	Q0	57272#0	1
62	Q0	57272#39	0
63	Q0	178871#2	1
66	Q0	298127#6	1
68	Q0	282862#12	1
69	Q0	1130023#1	1
70	Q0	3024541#0	1
72	Q0	1688454#1	1
74	Q0	53378#1	1
75	Q0	13505#2	1
76	Q0	241#1	1
77	Q0	15945#1	1
79	Q0	122979#1	1
79	Q0	403454#1	0
79	Q0	106790#1	0
79	Q0	1298980#1	0
79	Q0	935959#1	0
79	Q0	2277654#1	0
79	Q0	106790#0	0
79	Q0	1589772#2	0
79	Q0	47021#3	0
79	Q0	226586#1	0
81	Q0	1762828#3	1
81	Q0	1762828#0	0
81	Q0	1762828#2	0
81	Q0	3826861#4	0
81	Q0	1762828#11	0
81	Q0	3825381#2	0
81	Q0	1762828#9	0
81	Q0	1762828#4	0
81	Q0	3831435#2	0
81	Q0	1762828#1	0
81	Q0	1762828#16	0
82	Q0	10723#21	1
82	Q0	625300#7	0
82	Q0	625300#0	0
82	Q0	625300#1	0
82	Q0	625300#8	0
82	Q0	625300#4	0
82	Q0	3636671#1	0
82	Q0	625300#2	0
82	Q0	158181#2	0
82	Q0	625300#6	0
83	Q0	970811#2	1
83	Q0	970811#0	1
83	Q0	3892170#0	0
83	Q0	970811#5	0
83	Q0	2007407#1	0
83	Q0	3106560#4	0
83	Q0	2102363#2	0
83	Q0	3892221#2	0
83	Q0	3750221#1	0
83	Q0	970811#24	0
84	Q0	9920#5	1
84	Q0	9920#18	0
84	Q0	3890694#1	0
84	Q0	2568216#1	0
84	Q0	9920#6	0
84	Q0	12437#37	0
84	Q0	308614#1	0
84	Q0	2568216#2	0
84	Q0	9920#38	0
84	Q0	9985#7	0
85	Q0	56567#0	1
85	Q0	56567#3	1
85	Q0	9502#0	1
85	Q0	9502#11	1
85	Q0	121837#23	1
85	Q0	2248337#21	1
85	Q0	109#17	1
85	Q0	2553546#5	0
85	Q0	56567#2	0
85	Q0	56567#12	0
86	Q0	2536780#13	1
86	Q0	2536780#0	0
86	Q0	2536780#15	0
86	Q0	3490809#63	0
86	Q0	2536780#30	0
86	Q0	2536780#36	0
86	Q0	2546149#0	0
86	Q0	3490809#65	0
86	Q0	2536780#4	0
86	Q0	3490809#64	0
87	Q0	330031#4	1
87	Q0	493323#1	0
87	Q0	60024#1	0
87	Q0	680277#4	0
87	Q0	186460#41	0
87	Q0	621867#0	0
87	Q0	5172#50	0
87	Q0	58913#4	0
87	Q0	104464#1	0
87	Q0	1485852#4	0
87	Q0	2957535#3	0
89	Q0	3112131#1	1
89	Q0	297990#7	1
89	Q0	684212#21	0
89	Q0	684212#6	0
89	Q0	684212#3	0
89	Q0	6631#19	0
89	Q0	684212#5	0
89	Q0	684212#7	0
89	Q0	684212#4	0
89	Q0	684155#2	0
92	Q0	11282#33	1
92	Q0	2623197#11	0
92	Q0	453347#8	0
92	Q0	67332#24	0
92	Q0	273249#3	0
92	Q0	373284#54	0
92	Q0	11282#32	0
92	Q0	65772#9	0
92	Q0	2082676#14	0
92	Q0	254185#11	0
92	Q0	2623197#14	0
93	Q0	987368#3	1
93	Q0	1408191#34	1
93	Q0	1171532#2	0
93	Q0	794025#1	0
93	Q0	3060596#2	0
93	Q0	38445#3	0
93	Q0	38445#6	0
93	Q0	714047#0	0
93	Q0	714047#1	0
93	Q0	664222#1	0
93	Q0	106974#0	0
93	Q0	106974#4	0
95	Q0	53924#43	1
95	Q0	432414#1	1
95	Q0	53924#7	1
95	Q0	28430#1	0
95	Q0	432414#0	0
95	Q0	3629178#1	0
95	Q0	53924#9	0
95	Q0	427573#20	0
95	Q0	1227903#3	0
95	Q0	1441275#0	0
95	Q0	1880963#15	0
96	Q0	191734#2	1
96	Q0	191734#28	1
96	Q0	81589#1	0
96	Q0	1255534#1	0
96	Q0	1475893#0	0
96	Q0	1217717#1	0
96	Q0	1217717#3	0
96	Q0	344951#44	0
96	Q0	344951#45	0
96	Q0	1475893#1	0
96	Q0	1255534#4	0
96	Q0	191734#4	0
97	Q0	309233#1	1
97	Q0	2411039#0	0
97	Q0	309233#0	0
97	Q0	309233#7	0
97	Q0	309233#5	0
97	Q0	309233#16	0
97	Q0	309233#11	0
97	Q0	309233#4	0
97	Q0	309233#18	0
97	Q0	1690334#0	0
98	Q0	1059147#0	1
98	Q0	1059147#2	0
98	Q0	655693#4	0
98	Q0	3452864#2	0
98	Q0	1059147#5	0
98	Q0	1059147#4	0
98	Q0	1018372#1	0
98	Q0	827666#1	0
98	Q0	3581788#2	0
98	Q0	2520408#1	0
99	Q0	80641#10	1
99	Q0	1840666#54	1
99	Q0	80641#11	0
99	Q0	80641#3	0
99	Q0	15571#30	0
99	Q0	19164#46	0
99	Q0	17718#18	0
99	Q0	2278#51	0
99	Q0	3589525#4	0
99	Q0	749755#3	0
100	Q0	5331#61	1
100	Q0	106565#1	1
100	Q0	106565#0	0
100	Q0	106565#6	0
100	Q0	106565#4	0
100	Q0	106565#10	0
100	Q0	366589#12	0
100	Q0	3634507#41	0
100	Q0	106565#3	0
100	Q0	6364#15	0
104	Q0	280473#0	1
104	Q0	1280572#2	0
104	Q0	403579#6	0
104	Q0	1996109#28	0
104	Q0	2124422#6	0
104	Q0	2151725#3	0
104	Q0	2577520#3	0
104	Q0	2493241#4	0
104	Q0	1399793#2	0
104	Q0	378805#10	0
106	Q0	1814336#1	1
106	Q0	329736#3	0
106	Q0	1814336#0	0
106	Q0	1700130#0	0
106	Q0	3364666#1	0
106	Q0	3135269#3	0
106	Q0	518943#1	0
106	Q0	221465#0	0
106	Q0	20357#5	0
106	Q0	17978#3	0
107	Q0	368163#1	1
107	Q0	82817#1	1
107	Q0	485102#0	0
107	Q0	7764#53	0
107	Q0	1803778#1	0
107	Q0	82817#2	0
107	Q0	1803778#2	0
107	Q0	292676#3	0
107	Q0	1752036#5	0
107	Q0	81540#0	0
107	Q0	82817#7	0
108	Q0	48163#0	1
108	Q0	48637#44	1
108	Q0	48163#1	0
108	Q0	23648#2	0
108	Q0	3221598#1	0
108	Q0	48163#5	0
108	Q0	48163#6	0
108	Q0	48163#15	0
108	Q0	433161#0	0
108	Q0	2273194#1	0
109	Q0	182836#15	1
109	Q0	182836#2	0
109	Q0	182836#0	0
109	Q0	2553275#0	0
109	Q0	2088724#4	0
109	Q0	182836#56	0
109	Q0	66362#60	0
109	Q0	1167692#3	0
109	Q0	182836#59	0
109	Q0	891544#7	0
109	Q0	82790#16	0
111	Q0	336515#4	1
111	Q0	2721616#8	1
111	Q0	237493#2	1
111	Q0	550553#28	1
111	Q0	518449#8	1
111	Q0	318569#2	1
111	Q0	124907#21	0
111	Q0	1122109#4	0
111	Q0	114668#4	0
111	Q0	41944#6	0
112	Q0	789#11	1
112	Q0	1149#2	0
112	Q0	23956#48	0
112	Q0	1309485#3	0
112	Q0	1815#13	0
112	Q0	1769632#9	0
112	Q0	1799418#5	0
112	Q0	628392#9	0
112	Q0	1349683#0	0
112	Q0	2001#2	0
113	Q0	317601#13	1
113	Q0	1840670#2	1
113	Q0	3147294#40	0
113	Q0	317601#16	0
113	Q0	306777#39	0
113	Q0	317601#25	0
113	Q0	368349#5	0
113	Q0	577977#3	0
113	Q0	3147294#14	0
113	Q0	1238532#10	0
114	Q0	1053338#1	1
114	Q0	7724#6	1
114	Q0	7724#5	0
114	Q0	2345252#3	0
114	Q0	7724#11	0
114	Q0	1737791#2	0
114	Q0	2345252#1	0
114	Q0	7724#29	0
114	Q0	2345252#2	0
114	Q0	7724#32	0
116	Q0	2692399#7	1
116	Q0	101594#43	0
116	Q0	1638518#4	0
116	Q0	68101#51	0
116	Q0	530801#44	0
116	Q0	469722#10	0
116	Q0	31432#8	0
116	Q0	101594#39	0
116	Q0	2039933#36	0
116	Q0	65775#1	0
116	Q0	3052290#5	0
119	Q0	1483701#2	1
119	Q0	399471#2	1
119	Q0	1483701#48	1
119	Q0	1483701#19	0
119	Q0	2166735#8	0
119	Q0	83435#3	0
119	Q0	1483701#34	0
119	Q0	1483701#25	0
119	Q0	2166735#0	0
119	Q0	1483701#11	0
119	Q0	1483701#15	0
120	Q0	57058#0	1
120	Q0	3290263#10	1
120	Q0	1797133#0	1
120	Q0	173623#0	1
120	Q0	3296762#0	1
120	Q0	2773557#25	0
120	Q0	1905928#0	0
120	Q0	842037#4	0
120	Q0	3315102#1	0
120	Q0	5040#58	0
121	Q0	54179#4	1
121	Q0	3791524#288	0
121	Q0	2615401#0	0
121	Q0	2322357#9	0
121	Q0	54179#0	0
121	Q0	54179#95	0
121	Q0	5040#58	0
121	Q0	2370098#5	0
121	Q0	2322357#0	0
121	Q0	55409#24	0
123	Q0	3147294#1	1
123	Q0	3105000#5	0
123	Q0	3105000#8	0
123	Q0	3105000#3	0
123	Q0	2774992#22	0
123	Q0	3147294#40	0
123	Q0	74452#11	0
123	Q0	3147294#21	0
123	Q0	3105000#13	0
123	Q0	19164#66	0
123	Q0	2778535#4	0
124	Q0	86234#6	1
124	Q0	86234#0	1
124	Q0	86234#30	0
124	Q0	3265580#1	0
124	Q0	86234#36	0
124	Q0	3032180#3	0
124	Q0	3874781#0	0
124	Q0	1672978#2	0
124	Q0	1440398#2	0
124	Q0	86234#37	0
125	Q0	247#17	1
125	Q0	1970631#6	0
125	Q0	786#26	0
125	Q0	247#1	0
125	Q0	3208550#55	0
125	Q0	3815970#9	0
125	Q0	247#18	0
125	Q0	344215#22	0
125	Q0	247#24	0
125	Q0	247#21	0
125	Q0	505630#1	0
126	Q0	396073#0	1
126	Q0	23675#24	1
126	Q0	28642#6	1
126	Q0	135670#0	0
126	Q0	23675#18	0
126	Q0	993214#32	0
126	Q0	337777#3	0
126	Q0	129482#5	0
126	Q0	23675#23	0
126	Q0	140273#21	0
127	Q0	16342#0	1
127	Q0	1331464#0	1
127	Q0	16342#1	0
127	Q0	16342#7	0
127	Q0	1331464#11	0
127	Q0	16342#2	0
127	Q0	16342#12	0
127	Q0	111899#7	0
127	Q0	69635#4	0
127	Q0	92305#4	0
128	Q0	2472924#0	1
128	Q0	2472924#1	0
128	Q0	2472924#2	0
128	Q0	2472924#7	0
128	Q0	2472924#3	0
128	Q0	3331037#3	0
128	Q0	2472924#8	0
128	Q0	2472924#4	0
128	Q0	2472924#6	0
128	Q0	2472924#5	0
129	Q0	178258#0	1
129	Q0	278664#0	1
129	Q0	278105#0	1
129	Q0	26745#5	1
129	Q0	278105#2	0
129	Q0	3775797#0	0
129	Q0	278664#4	0
129	Q0	178258#3	0
129	Q0	1825700#0	0
129	Q0	2807902#0	0
129	Q0	278105#7	0
130	Q0	139859#56	1
130	Q0	48442#3	1
130	Q0	197175#5	1
130	Q0	2882#0	1
130	Q0	519512#23	0
130	Q0	1003846#2	0
130	Q0	1126824#3	0
130	Q0	431891#1	0
130	Q0	2882#119	0
130	Q0	519512#33	0
130	Q0	64434#2	0
131	Q0	3003875#4	1
131	Q0	3003875#0	0
131	Q0	3003875#26	0
131	Q0	613643#1	0
131	Q0	3003875#12	0
131	Q0	346241#2	0
131	Q0	2384300#1	0
131	Q0	3003875#11	0
131	Q0	3003875#5	0
131	Q0	2382833#1	0
134	Q0	2017729#4	1
134	Q0	2710182#0	1
134	Q0	2710182#59	1
134	Q0	2710182#2	1
134	Q0	2710182#57	0
134	Q0	2710182#21	0
134	Q0	1698838#123	0
134	Q0	682032#7	0
134	Q0	2710182#68	0
134	Q0	2710182#69	0
135	Q0	150714#4	1
135	Q0	1159349#0	0
135	Q0	150714#0	0
135	Q0	1159349#1	0
135	Q0	150714#8	0
135	Q0	2535652#1	0
135	Q0	150714#16	0
135	Q0	150714#3	0
135	Q0	3550245#0	0
135	Q0	3300108#1	0
136	Q0	1891064#14	1
136	Q0	1810989#16	0
136	Q0	1810989#12	0
136	Q0	1810989#29	0
136	Q0	1810989#28	0
136	Q0	1810989#27	0
136	Q0	1810989#17	0
136	Q0	2158095#1	0
136	Q0	16620#4	0
136	Q0	1810989#11	0
136	Q0	1810989#30	0
138	Q0	866056#0	1
138	Q0	927485#0	1
138	Q0	548891#2	0
138	Q0	1665989#0	0
138	Q0	548891#3	0
138	Q0	1681362#0	0
138	Q0	866056#4	0
138	Q0	1543519#3	0
138	Q0	2470657#12	0
138	Q0	1454901#10	0
139	Q0	1111920#6	1
139	Q0	2242#11	1
139	Q0	2242#0	1
139	Q0	125515#2	0
139	Q0	498249#2	0
139	Q0	1111920#19	0
139	Q0	2696810#4	0
139	Q0	582538#1	0
139	Q0	190329#0	0
139	Q0	578996#2	0
139	Q0	2242#7	0
140	Q0	765706#17	1
140	Q0	5146#8	1
140	Q0	362987#1	1
140	Q0	362987#0	0
140	Q0	898088#29	0
140	Q0	362987#2	0
140	Q0	362987#22	0
140	Q0	362987#10	0
140	Q0	1256684#0	0
140	Q0	2805668#23	0
140	Q0	481540#7	0
141	Q0	34096#0	1
141	Q0	1734059#1	0
141	Q0	1675680#1	0
141	Q0	112241#1	0
141	Q0	2201471#3	0
141	Q0	235432#2	0
141	Q0	3377288#1	0
141	Q0	425264#4	0
141	Q0	492863#5	0
141	Q0	34096#5	0
142	Q0	3772897#1	1
142	Q0	3772897#10	1
142	Q0	3772897#11	1
142	Q0	3772897#8	0
142	Q0	3772897#12	0
142	Q0	3772897#13	0
142	Q0	3772897#9	0
142	Q0	3772897#15	0
142	Q0	42743#7	0
142	Q0	803#2	0
143	Q0	281491#2	1
143	Q0	281491#20	0
143	Q0	281491#0	0
143	Q0	281491#25	0
143	Q0	9997#46	0
143	Q0	281491#13	0
143	Q0	281491#7	0
143	Q0	281491#18	0
143	Q0	1670788#3	0
143	Q0	281491#6	0
144	Q0	3886500#0	1
144	Q0	3890069#7	1
144	Q0	3886500#1	0
144	Q0	3886500#2	0
144	Q0	3886500#3	0
144	Q0	3886500#9	0
144	Q0	3886500#13	0
144	Q0	3886500#15	0
144	Q0	3886500#4	0
144	Q0	3886500#6	0
144	Q0	3886500#14	0
145	Q0	60036#0	1
145	Q0	240497#10	0
145	Q0	289286#20	0
145	Q0	60036#9	0
145	Q0	31315#2	0
145	Q0	3708611#3	0
145	Q0	134834#3	0
145	Q0	207262#1	0
145	Q0	60036#24	0
145	Q0	36791#16	0
146	Q0	2629981#1	1
146	Q0	46384#0	1
146	Q0	2473603#1	0
146	Q0	689702#1	0
146	Q0	1927266#28	0
146	Q0	211463#0	0
146	Q0	1911870#1	0
146	Q0	590181#18	0
146	Q0	3485441#2	0
146	Q0	209629#0	0
146	Q0	3305670#0	0
147	Q0	19273#2	1
147	Q0	19273#3	0
147	Q0	19273#14	0
147	Q0	19273#22	0
147	Q0	19273#13	0
147	Q0	19273#19	0
147	Q0	19273#4	0
147	Q0	3825623#3	0
147	Q0	19273#1	0
147	Q0	19273#8	0
149	Q0	2133714#0	1
149	Q0	440010#1	1
149	Q0	2133714#1	1
149	Q0	852413#5	1
149	Q0	2133714#6	0
149	Q0	440010#0	0
149	Q0	852413#0	0
149	Q0	2133714#25	0
149	Q0	2133714#35	0
149	Q0	261960#4	0
150	Q0	1071386#2	1
150	Q0	1071386#0	0
150	Q0	1071386#1	0
150	Q0	420196#1	0
150	Q0	1071386#6	0
150	Q0	3457803#1	0
150	Q0	2028424#0	0
150	Q0	3086120#0	0
150	Q0	1453882#1	0
150	Q0	723454#1	0
152	Q0	1717733#5	1
152	Q0	1717733#9	1
152	Q0	1717733#0	1
152	Q0	1717733#25	0
152	Q0	1717733#33	0
152	Q0	1717733#23	0
152	Q0	1717733#18	0
152	Q0	1717733#3	0
152	Q0	1717733#4	0
152	Q0	1717733#31	0
153	Q0	3630193#0	1
153	Q0	3628057#1	1
153	Q0	3630193#20	0
153	Q0	3630193#25	0
153	Q0	3630193#26	0
153	Q0	3630193#19	0
153	Q0	3630193#12	0
153	Q0	3630193#1	0
153	Q0	3630193#15	0
153	Q0	3630193#2	0
154	Q0	2590305#1	1
154	Q0	2971387#0	0
154	Q0	1993629#2	0
154	Q0	2971422#0	0
154	Q0	951442#8	0
154	Q0	1993629#0	0
154	Q0	2971411#0	0
154	Q0	2971385#2	0
154	Q0	2590305#0	0
154	Q0	2971397#0	0
154	Q0	2971402#0	0
155	Q0	1477055#1	1
155	Q0	27308#88	1
155	Q0	324388#2	0
155	Q0	176885#4	0
155	Q0	1475786#1	0
155	Q0	50030#40	0
155	Q0	5875#17	0
155	Q0	1477055#2	0
155	Q0	5875#11	0
155	Q0	2128772#3	0
156	Q0	144091#2	1
156	Q0	2206314#6	1
156	Q0	85202#1	1
156	Q0	2743160#4	0
156	Q0	56244#5	0
156	Q0	2661046#2	0
156	Q0	1497360#11	0
156	Q0	2743160#5	0
156	Q0	25002#9	0
156	Q0	2109624#1	0
157	Q0	518998#0	1
157	Q0	518998#3	1
157	Q0	2707482#2	0
157	Q0	518998#4	0
157	Q0	2150067#1	0
157	Q0	3119292#1	0
157	Q0	290045#1	0
157	Q0	36946#5	0
157	Q0	419406#1	0
157	Q0	518998#6	0
157	Q0	1007142#6	0
158	Q0	1074744#2	1
158	Q0	1074744#0	1
158	Q0	1074744#3	0
158	Q0	802328#1	0
158	Q0	3791849#0	0
158	Q0	3791849#1	0
158	Q0	297336#14	0
158	Q0	802328#0	0
158	Q0	129048#0	0
158	Q0	3580260#0	0
159	Q0	35622#1	1
159	Q0	35622#0	1
159	Q0	671704#2	0
159	Q0	35622#3	0
159	Q0	3507039#1	0
159	Q0	35622#14	0
159	Q0	2542221#0	0
159	Q0	2542221#2	0
159	Q0	3507039#2	0
159	Q0	1665760#2	0
160	Q0	3289639#1	1
160	Q0	3289639#6	0
160	Q0	2398779#2	0
160	Q0	3879446#16	0
160	Q0	3879446#22	0
160	Q0	1346954#4	0
160	Q0	3289639#4	0
160	Q0	3879446#1	0
160	Q0	3608261#73	0
160	Q0	476985#3	0
161	Q0	1373570#3	1
161	Q0	1210643#42	1
161	Q0	3049#7	1
161	Q0	1226090#13	0
161	Q0	1226090#14	0
161	Q0	532734#33	0
161	Q0	3335313#134	0
161	Q0	1794582#38	0
161	Q0	1154635#6	0
161	Q0	180147#16	0
161	Q0	1794582#45	0
163	Q0	1111920#6	1
163	Q0	2242#11	1
163	Q0	2242#0	1
163	Q0	125515#2	0
163	Q0	1111920#19	0
163	Q0	498249#2	0
163	Q0	190329#0	0
163	Q0	2696810#4	0
163	Q0	578996#2	0
163	Q0	582538#1	0
163	Q0	1041299#1	0
164	Q0	5937#0	1
164	Q0	709780#7	1
164	Q0	1940572#3	1
164	Q0	5937#15	1
164	Q0	5937#9	0
164	Q0	5937#31	0
164	Q0	709780#91	0
164	Q0	3449315#13	0
164	Q0	5937#36	0
164	Q0	1075333#47	0
164	Q0	299722#19	0
166	Q0	74664#1	1
166	Q0	74664#2	0
166	Q0	1131986#24	0
166	Q0	2254528#26	0
166	Q0	685237#5	0
166	Q0	410574#0	0
166	Q0	70595#1	0
166	Q0	15138#51	0
166	Q0	1374449#8	0
166	Q0	42246#18	0
167	Q0	304964#0	1
167	Q0	126501#0	0
167	Q0	126429#0	0
167	Q0	125954#0	0
167	Q0	1130577#0	0
167	Q0	350118#0	0
167	Q0	980268#0	0
167	Q0	125915#0	0
167	Q0	73346#0	0
167	Q0	336835#0	0
167	Q0	497273#0	0
167	Q0	304964#1	0
168	Q0	88655#29	1
168	Q0	88655#37	1
168	Q0	88681#12	1
168	Q0	88655#1	1
168	Q0	88655#39	0
168	Q0	88655#0	0
168	Q0	88655#8	0
168	Q0	360321#3	0
168	Q0	88655#10	0
168	Q0	364271#5	0
168	Q0	88655#36	0
168	Q0	88655#2	0
169	Q0	1443906#0	1
169	Q0	1443906#37	1
169	Q0	1769521#11	1
169	Q0	1032567#0	1
169	Q0	1443906#83	1
169	Q0	1443906#38	1
169	Q0	1398116#0	0
169	Q0	1443906#62	0
169	Q0	1639787#0	0
169	Q0	102688#2	0
170	Q0	11867#12	1
170	Q0	195067#24	1
170	Q0	11867#10	1
170	Q0	195067#1	0
170	Q0	11867#43	0
170	Q0	11867#16	0
170	Q0	195067#4	0
170	Q0	413735#2	0
170	Q0	195067#6	0
170	Q0	195067#5	0
171	Q0	47039#10	1
171	Q0	430514#10	0
171	Q0	511254#4	0
171	Q0	428777#2	0
171	Q0	237471#6	0
171	Q0	79132#47	0
171	Q0	446971#0	0
171	Q0	47039#14	0
171	Q0	47039#2	0
171	Q0	25598#20	0
172	Q0	559913#2	1
172	Q0	559913#0	1
172	Q0	561105#0	0
172	Q0	2478745#0	0
172	Q0	559913#31	0
172	Q0	2484252#2	0
172	Q0	559913#26	0
172	Q0	559913#27	0
172	Q0	559913#35	0
172	Q0	559913#29	0
175	Q0	262#6	1
175	Q0	262#0	1
175	Q0	262#8	0
175	Q0	428509#1	0
175	Q0	2929145#0	0
175	Q0	262#51	0
175	Q0	262#42	0
175	Q0	1855998#1	0
175	Q0	262#73	0
175	Q0	1678947#0	0
176	Q0	7826#42	1
176	Q0	1108468#0	1
176	Q0	4361#0	1
176	Q0	7826#0	1
176	Q0	2576601#7	0
176	Q0	7826#30	0
176	Q0	12232#44	0
176	Q0	7826#4	0
176	Q0	58699#0	0
176	Q0	7826#12	0
176	Q0	1108468#23	0
177	Q0	2816499#0	1
177	Q0	2514778#36	0
177	Q0	2816499#14	0
177	Q0	2522874#10	0
177	Q0	264147#58	0
177	Q0	1913325#0	0
177	Q0	1213012#5	0
177	Q0	1657375#24	0
177	Q0	2514778#25	0
177	Q0	1985438#0	0
179	Q0	19059#16	1
179	Q0	19066#10	1
179	Q0	2299839#3	0
179	Q0	2198099#5	0
179	Q0	3047587#1	0
179	Q0	2819643#2	0
179	Q0	2379994#2	0
179	Q0	2299839#13	0
179	Q0	1770557#96	0
179	Q0	3224599#3	0
179	Q0	19066#35	0
180	Q0	716368#1	1
180	Q0	716368#0	0
180	Q0	716368#4	0
180	Q0	1897434#1	0
180	Q0	1117358#0	0
180	Q0	1328803#1	0
180	Q0	107807#0	0
180	Q0	967236#5	0
180	Q0	464587#0	0
180	Q0	956005#0	0
183	Q0	120423#1	1
184	Q0	2139659#3	1
185	Q0	970811#1	1
188	Q0	79496#1	1
189	Q0	3715391#12	1
192	Q0	96387#0	1
192	Q0	859155#1	0
192	Q0	2010126#1	0
192	Q0	3471987#2	0
192	Q0	667414#1	0
192	Q0	1328803#1	0
192	Q0	1882055#1	0
192	Q0	1897434#1	0
192	Q0	1356#1	0
192	Q0	1638#3	0
193	Q0	3838572#0	1
193	Q0	3838572#2	0
193	Q0	3838572#25	0
193	Q0	3838572#11	0
193	Q0	3838572#12	0
193	Q0	542392#3	0
193	Q0	3838572#13	0
193	Q0	1779049#5	0
193	Q0	2172573#5	0
193	Q0	542392#0	0
193	Q0	3838572#3	0
194	Q0	276705#4	1
194	Q0	275378#2	0
194	Q0	4916#27	0
194	Q0	278166#2	0
194	Q0	4916#23	0
194	Q0	4916#42	0
194	Q0	4916#4	0
194	Q0	4916#3	0
194	Q0	4916#21	0
194	Q0	4916#29	0
194	Q0	4916#18	0
195	Q0	3638441#1	1
195	Q0	3638441#2	1
195	Q0	618765#34	1
195	Q0	3638441#15	1
195	Q0	423049#16	1
195	Q0	423049#11	0
195	Q0	1221547#2	0
195	Q0	3638441#0	0
195	Q0	17955#14	0
195	Q0	3038613#6	0
197	Q0	509026#4	1
197	Q0	509026#5	0
197	Q0	1093#9	0
197	Q0	1923849#2	0
197	Q0	2219202#1	0
197	Q0	70031#2	0
197	Q0	558977#5	0
197	Q0	644346#8	0
197	Q0	3798283#5	0
197	Q0	2331786#9	0
197	Q0	3779272#11	0
198	Q0	71564#1	1
198	Q0	3814291#1	0
198	Q0	11157#5	0
198	Q0	1245447#1	0
198	Q0	309395#2	0
198	Q0	335293#2	0
198	Q0	20391#2	0
198	Q0	445183#1	0
198	Q0	44202#1	0
198	Q0	25426#3	0
198	Q0	344306#1	0
199	Q0	7951#9	1
199	Q0	564369#0	1
199	Q0	1344003#8	0
199	Q0	2888395#0	0
199	Q0	349074#14	0
199	Q0	93937#50	0
199	Q0	350556#2	0
199	Q0	7951#36	0
199	Q0	663038#35	0
199	Q0	7951#52	0
200	Q0	449338#0	1
200	Q0	6202#105	0
200	Q0	337614#0	0
200	Q0	29007#21	0
200	Q0	86526#8	0
200	Q0	1469907#3	0
200	Q0	3091817#5	0
200	Q0	3231757#1	0
200	Q0	6268#8	0
200	Q0	1406011#35	0
201	Q0	67933#1	1
201	Q0	14484#1	0
201	Q0	2911708#5	0
201	Q0	2048361#1	0
201	Q0	67933#5	0
201	Q0	33752#9	0
201	Q0	2048361#2	0
201	Q0	2911708#15	0
201	Q0	67933#2	0
201	Q0	131712#2	0
202	Q0	141123#11	1
202	Q0	606225#0	1
202	Q0	35430#10	1
202	Q0	141123#5	1
202	Q0	414899#4	1
202	Q0	141123#0	1
202	Q0	141123#2	0
202	Q0	141123#9	0
202	Q0	1010946#1	0
202	Q0	141123#4	0
202	Q0	146845#1	0
203	Q0	171315#0	1
203	Q0	171315#1	0
203	Q0	4008#8	0
203	Q0	171315#13	0
203	Q0	171315#2	0
203	Q0	171315#4	0
203	Q0	1760414#1	0
203	Q0	72527#14	0
203	Q0	72527#294	0
203	Q0	171315#17	0
204	Q0	3473922#3	1
204	Q0	3473922#4	1
204	Q0	3473922#9	0
204	Q0	2354206#19	0
204	Q0	3473922#18	0
204	Q0	2998322#8	0
204	Q0	599194#7	0
204	Q0	3473922#22	0
204	Q0	3473922#2	0
204	Q0	3473922#1	0
205	Q0	687072#30	1
205	Q0	687072#0	0
205	Q0	687072#41	0
205	Q0	687072#13	0
205	Q0	687072#6	0
205	Q0	687072#1	0
205	Q0	325820#2	0
205	Q0	3873573#0	0
205	Q0	3873573#4	0
205	Q0	2994535#20	0
206	Q0	24198#3	1
206	Q0	1294174#9	0
206	Q0	3187996#8	0
206	Q0	24198#0	0
206	Q0	1368304#11	0
206	Q0	3772897#8	0
206	Q0	1294174#8	0
206	Q0	1384676#0	0
206	Q0	750458#0	0
206	Q0	24198#5	0
206	Q0	1294174#7	0
207	Q0	1752400#5	1
207	Q0	3563944#14	1
207	Q0	3563944#37	1
207	Q0	3563944#0	0
207	Q0	3563944#16	0
207	Q0	3563944#34	0
207	Q0	3563944#35	0
207	Q0	3563944#13	0
207	Q0	3563944#17	0
207	Q0	1752400#6	0
208	Q0	1784360#0	1
208	Q0	1784360#2	1
208	Q0	1784360#3	0
208	Q0	44701#2	0
208	Q0	2215555#1	0
208	Q0	65143#1	0
208	Q0	302121#0	0
208	Q0	745391#0	0
208	Q0	3844732#1	0
208	Q0	2683350#1	0
210	Q0	3556582#7	1
210	Q0	3556582#40	0
210	Q0	3556582#12	0
210	Q0	3556582#30	0
210	Q0	3556582#16	0
210	Q0	3556582#19	0
210	Q0	3556582#21	0
210	Q0	3556582#37	0
210	Q0	3556582#14	0
210	Q0	3556582#35	0
210	Q0	3556582#11	0
211	Q0	2744922#14	1
211	Q0	13204#34	1
211	Q0	13204#32	1
211	Q0	296491#0	0
211	Q0	2711951#2	0
211	Q0	915386#6	0
211	Q0	2745864#0	0
211	Q0	329499#0	0
211	Q0	13204#22	0
211	Q0	2750916#46	0
211	Q0	104728#3	0
212	Q0	1665807#5	1
212	Q0	140897#2	0
212	Q0	2686148#4	0
212	Q0	96393#9	0
212	Q0	1680001#4	0
212	Q0	92298#3	0
212	Q0	54209#18	0
212	Q0	136141#7	0
212	Q0	140921#1	0
212	Q0	1657816#4	0
212	Q0	54209#9	0
215	Q0	93358#1	1
215	Q0	3045592#0	1
215	Q0	2009#76	1
215	Q0	80115#7	1
215	Q0	1649112#14	1
215	Q0	252131#35	1
215	Q0	80115#0	1
215	Q0	1664426#1	0
215	Q0	93358#4	0
215	Q0	4533#10	0
215	Q0	984083#1	0
216	Q0	3609709#2	1
216	Q0	1605729#9	1
216	Q0	3609709#0	0
216	Q0	2849214#5	0
216	Q0	73311#13	0
216	Q0	2838608#1	0
216	Q0	3620891#0	0
216	Q0	2481909#23	0
216	Q0	2481909#20	0
216	Q0	3609709#29	0
217	Q0	1737226#2	1
217	Q0	815#10	0
217	Q0	3444248#2	0
217	Q0	815#7	0
217	Q0	566381#4	0
217	Q0	143557#7	0
217	Q0	815#12	0
217	Q0	69084#1	0
217	Q0	1170797#1	0
217	Q0	2057725#2	0
218	Q0	2116218#31	1
218	Q0	1317867#0	1
218	Q0	99#16	1
218	Q0	1317867#5	0
218	Q0	1317867#12	0
218	Q0	1317867#14	0
218	Q0	1317867#56	0
218	Q0	1317867#84	0
218	Q0	1317867#37	0
218	Q0	1317867#4	0
218	Q0	1317867#64	0
218	Q0	1317867#68	0
218	Q0	1317867#57	0
219	Q0	594506#0	1
219	Q0	594506#3	0
219	Q0	3418977#1	0
219	Q0	3418977#0	0
219	Q0	1681692#1	0
219	Q0	594506#4	0
219	Q0	3681130#1	0
219	Q0	594506#5	0
219	Q0	528124#1	0
219	Q0	3395857#3	0
220	Q0	1561457#10	1
220	Q0	1561457#3	1
220	Q0	1561457#0	1
220	Q0	1561457#19	0
220	Q0	1561457#1	0
220	Q0	1561457#8	0
220	Q0	1561457#26	0
220	Q0	29914#4	0
220	Q0	1561457#32	0
220	Q0	1561457#21	0
222	Q0	6370#0	1
222	Q0	1449853#12	1
222	Q0	419660#14	1
222	Q0	59251#40	1
222	Q0	6370#58	1
222	Q0	149418#4	0
222	Q0	443935#5	0
222	Q0	136570#11	0
222	Q0	1449853#5	0
222	Q0	2473401#0	0
223	Q0	299906#1	1
223	Q0	2052213#1	1
223	Q0	2052213#15	0
223	Q0	2052213#12	0
223	Q0	2052213#5	0
223	Q0	299906#8	0
223	Q0	2052213#10	0
223	Q0	477819#0	0
223	Q0	2052213#2	0
223	Q0	2052213#7	0
223	Q0	2052213#3	0
224	Q0	77247#9	1
224	Q0	142809#3	1
224	Q0	69717#6	0
224	Q0	818759#5	0
224	Q0	48667#42	0
224	Q0	31728#13	0
224	Q0	48518#5	0
224	Q0	222274#7	0
224	Q0	42180#4	0
224	Q0	382006#199	0
224	Q0	988558#7	0
225	Q0	3797563#0	1
225	Q0	3797563#16	0
225	Q0	1979050#25	0
225	Q0	1979050#10	0
225	Q0	2872#15	0
225	Q0	2960901#1	0
225	Q0	6370#14	0
225	Q0	27943#10	0
225	Q0	2866#4	0
225	Q0	1979050#11	0
226	Q0	2482300#2	1
226	Q0	2482300#0	1
226	Q0	2482300#5	0
226	Q0	2482300#3	0
226	Q0	2482300#11	0
226	Q0	2482300#6	0
226	Q0	2482300#21	0
226	Q0	2959324#1	0
226	Q0	3154777#0	0
226	Q0	2482300#24	0
227	Q0	60705#7	1
227	Q0	3465#49	0
227	Q0	2219156#8	0
227	Q0	1830659#23	0
227	Q0	2816841#0	0
227	Q0	407540#1	0
227	Q0	3448317#8	0
227	Q0	1729062#15	0
227	Q0	28543#7	0
227	Q0	3525140#14	0
232	Q0	2752890#50	1
232	Q0	2752890#31	1
232	Q0	2752890#47	1
232	Q0	2752890#37	1
232	Q0	990825#2	1
232	Q0	2752890#26	0
232	Q0	2752890#20	0
232	Q0	2752890#10	0
232	Q0	2752890#25	0
232	Q0	2752890#55	0
232	Q0	2752890#67	0
233	Q0	583884#1	1
233	Q0	583884#0	0
233	Q0	242389#3	0
233	Q0	114332#2	0
233	Q0	583884#2	0
233	Q0	1175028#2	0
233	Q0	1309330#1	0
233	Q0	1948484#0	0
233	Q0	1107808#0	0
233	Q0	673475#1	0
236	Q0	3551359#0	1
236	Q0	1577776#39	1
236	Q0	2972664#10	0
236	Q0	3551359#27	0
236	Q0	3551359#24	0
236	Q0	3689433#9	0
236	Q0	565697#18	0
236	Q0	3551359#5	0
236	Q0	3789130#8	0
236	Q0	3561594#8	0
236	Q0	3551359#3	0
237	Q0	120135#0	1
237	Q0	120135#13	1
237	Q0	143291#9	0
237	Q0	74920#21	0
237	Q0	120135#16	0
237	Q0	120135#6	0
237	Q0	120135#8	0
237	Q0	222118#3	0
237	Q0	15753#9	0
237	Q0	77588#6	0
237	Q0	30580#21	0
237	Q0	120135#11	0
237	Q0	120135#10	0
237	Q0	120135#3	0
238	Q0	362259#0	1
238	Q0	362259#36	1
238	Q0	362259#35	1
238	Q0	2711129#12	0
238	Q0	209188#16	0
238	Q0	362259#34	0
238	Q0	362259#71	0
238	Q0	2038093#1	0
238	Q0	362259#70	0
238	Q0	362259#43	0
238	Q0	2074164#0	0
238	Q0	362259#2	0
239	Q0	704306#0	1
239	Q0	704306#2	1
239	Q0	74668#15	0
239	Q0	2546899#2	0
239	Q0	393236#0	0
239	Q0	117687#9	0
239	Q0	75852#20	0
239	Q0	704306#26	0
239	Q0	116597#9	0
239	Q0	77015#11	0
239	Q0	704306#11	0
240	Q0	2634255#2	1
240	Q0	2634255#9	0
240	Q0	2634255#0	0
240	Q0	2855218#1	0
240	Q0	2634255#6	0
240	Q0	39570#15	0
240	Q0	5409#63	0
240	Q0	2634255#7	0
240	Q0	2692526#3	0
240	Q0	2634255#8	0
240	Q0	39570#17	0
243	Q0	69995#3	1
243	Q0	69995#28	0
243	Q0	69995#7	0
243	Q0	17313#47	0
243	Q0	3624997#1	0
243	Q0	2283197#1	0
243	Q0	749258#2	0
243	Q0	2865983#1	0
243	Q0	2315536#7	0
243	Q0	914483#1	0
244	Q0	3826047#1	1
244	Q0	53183#0	0
244	Q0	53183#14	0
244	Q0	193694#2	0
244	Q0	193694#0	0
244	Q0	196525#0	0
244	Q0	3553953#2	0
244	Q0	240973#3	0
244	Q0	3826047#3	0
244	Q0	3869613#6	0
244	Q0	3826047#5	0
245	Q0	133976#2	1
245	Q0	34714#5	1
245	Q0	1235614#14	0
245	Q0	133976#0	0
245	Q0	133976#1	0
245	Q0	523423#6	0
245	Q0	2394251#1	0
245	Q0	3509254#27	0
245	Q0	2036422#16	0
245	Q0	1954694#27	0
246	Q0	2087126#1	1
246	Q0	539320#9	0
246	Q0	1538134#1	0
246	Q0	539320#7	0
246	Q0	195876#2	0
246	Q0	539320#12	0
246	Q0	2087126#0	0
246	Q0	539320#15	0
246	Q0	539320#10	0
246	Q0	539320#18	0
247	Q0	3799358#4	1
247	Q0	3799358#5	0
247	Q0	3799358#14	0
247	Q0	3849584#1	0
247	Q0	3799358#8	0
247	Q0	2608011#9	0
247	Q0	3799358#1	0
247	Q0	3187996#8	0
247	Q0	3799358#7	0
247	Q0	3799358#0	0
248	Q0	3315#2	1
248	Q0	2230961#1	1
248	Q0	9751#2	0
248	Q0	1698878#120	0
248	Q0	3315#21	0
248	Q0	3315#49	0
248	Q0	3315#3	0
248	Q0	2854150#0	0
248	Q0	1752075#5	0
248	Q0	1972361#26	0
252	Q0	641486#1	1
252	Q0	28402#19	0
252	Q0	284064#4	0
252	Q0	1169998#40	0
252	Q0	1169998#39	0
252	Q0	1786124#6	0
252	Q0	161137#5	0
252	Q0	1169998#7	0
252	Q0	1169998#35	0
252	Q0	725095#155	0
252	Q0	1169998#8	0
255	Q0	154935#0	1
255	Q0	310942#8	1
255	Q0	513439#34	1
255	Q0	23978#133	1
255	Q0	310942#0	0
255	Q0	2204300#0	0
255	Q0	154935#2	0
255	Q0	456265#0	0
255	Q0	2420639#3	0
255	Q0	2398823#4	0
256	Q0	1790929#11	1
256	Q0	2781217#3	1
256	Q0	76873#86	1
256	Q0	1091806#3	0
256	Q0	416153#9	0
256	Q0	1790929#0	0
256	Q0	2777625#7	0
256	Q0	76873#0	0
256	Q0	28289#0	0
256	Q0	2602086#5	0
258	Q0	45510#4	1
258	Q0	45510#12	0
258	Q0	45510#22	0
258	Q0	3588795#3	0
258	Q0	45510#0	0
258	Q0	2191245#5	0
258	Q0	1844776#9	0
258	Q0	1747902#1	0
258	Q0	589168#2	0
258	Q0	3646342#3	0
259	Q0	967214#8	1
259	Q0	967214#2	1
259	Q0	967214#0	0
259	Q0	989733#2	0
259	Q0	2789131#82	0
259	Q0	967214#19	0
259	Q0	967214#23	0
259	Q0	967214#17	0
259	Q0	991261#1	0
259	Q0	967214#6	0
259	Q0	967214#22	0
260	Q0	18127#2	1
260	Q0	18127#4	1
260	Q0	3591688#3	1
260	Q0	18127#0	1
260	Q0	1233329#0	0
260	Q0	18127#7	0
260	Q0	18127#13	0
260	Q0	18127#5	0
260	Q0	18127#3	0
260	Q0	18127#36	0
261	Q0	422851#0	1
261	Q0	3481019#0	1
261	Q0	662845#0	0
261	Q0	3272455#1	0
261	Q0	585121#6	0
261	Q0	1297342#0	0
261	Q0	1248016#0	0
261	Q0	662845#6	0
261	Q0	585121#2	0
261	Q0	585121#3	0
263	Q0	284187#2	1
263	Q0	1436609#2	0
263	Q0	1245474#2	0
263	Q0	61394#3	0
263	Q0	1248177#3	0
263	Q0	1887723#2	0
263	Q0	837546#3	0
263	Q0	1643338#4	0
263	Q0	883503#3	0
263	Q0	682244#3	0
264	Q0	135461#3	1
264	Q0	366300#3	0
264	Q0	48434#8	0
264	Q0	761534#5	0
264	Q0	2505145#1	0
264	Q0	1703988#2	0
264	Q0	187130#2	0
264	Q0	1368164#8	0
264	Q0	135461#4	0
264	Q0	173692#2	0
264	Q0	1101734#1	0
267	Q0	858362#0	1
267	Q0	858362#23	0
267	Q0	858362#5	0
267	Q0	858362#4	0
267	Q0	858362#1	0
267	Q0	858362#25	0
267	Q0	858362#15	0
267	Q0	2691376#5	0
267	Q0	858362#21	0
267	Q0	219471#3	0
268	Q0	1049059#3	1
268	Q0	20149#5	1
268	Q0	491566#13	1
268	Q0	414342#24	0
268	Q0	414342#6	0
268	Q0	633156#2	0
268	Q0	414342#19	0
268	Q0	414342#20	0
268	Q0	491566#44	0
268	Q0	426827#2	0
268	Q0	414342#16	0
269	Q0	13204#89	1
269	Q0	13204#0	1
269	Q0	2723418#0	1
269	Q0	2775481#1	1
269	Q0	46335#0	1
269	Q0	2744814#24	1
269	Q0	1345332#0	0
269	Q0	1116686#0	0
269	Q0	1881758#0	0
269	Q0	2750916#52	0
270	Q0	20373#7	1
270	Q0	128996#2	1
270	Q0	20373#1	1
270	Q0	20373#162	0
270	Q0	76634#13	0
270	Q0	234286#81	0
270	Q0	2693788#11	0
270	Q0	2693788#1	0
270	Q0	347063#9	0
270	Q0	14985#24	0
270	Q0	13155#14	0
271	Q0	509293#1	1
271	Q0	509293#18	0
271	Q0	509293#11	0
271	Q0	6305#20	0
271	Q0	509293#0	0
271	Q0	509293#17	0
271	Q0	6305#22	0
271	Q0	509293#69	0
271	Q0	509293#10	0
271	Q0	509293#23	0
272	Q0	13325#13	1
272	Q0	13325#15	0
272	Q0	585193#24	0
272	Q0	13325#11	0
272	Q0	564928#10	0
272	Q0	534549#2	0
272	Q0	252479#0	0
272	Q0	2121344#0	0
272	Q0	2504718#2	0
272	Q0	13325#37	0
273	Q0	68020#0	1
273	Q0	1815931#0	0
273	Q0	68020#31	0
273	Q0	3487235#1	0
273	Q0	68020#14	0
273	Q0	589097#0	0
273	Q0	3502348#4	0
273	Q0	561914#5	0
273	Q0	3487235#0	0
273	Q0	427122#0	0
274	Q0	198310#0	1
274	Q0	1902974#0	1
274	Q0	14080#1	0
274	Q0	37029#26	0
274	Q0	2481456#2	0
274	Q0	198310#1	0
274	Q0	37029#29	0
274	Q0	20417#0	0
274	Q0	198310#38	0
274	Q0	9494#17	0
274	Q0	20417#3	0
276	Q0	1237953#4	1
276	Q0	1944#4	1
276	Q0	1944#8	0
276	Q0	1611960#2	0
276	Q0	4641#2	0
276	Q0	3715#40	0
276	Q0	1237953#3	0
276	Q0	9832#2	0
276	Q0	1237953#1	0
276	Q0	1524948#7	0
276	Q0	26977#21	0
277	Q0	294929#0	1
277	Q0	2904478#1	0
277	Q0	731906#0	0
277	Q0	3340816#0	0
277	Q0	376205#0	0
277	Q0	726492#5	0
277	Q0	2904478#0	0
277	Q0	2375843#1	0
277	Q0	522516#0	0
277	Q0	2904478#2	0
278	Q0	1698850#0	1
278	Q0	138112#0	1
278	Q0	345276#2	1
278	Q0	203957#5	1
278	Q0	2779519#34	0
278	Q0	1570764#0	0
278	Q0	3135037#6	0
278	Q0	1912124#0	0
278	Q0	3135037#26	0
278	Q0	390797#2	0
280	Q0	373944#5	1
280	Q0	1337392#2	1
280	Q0	1337392#4	0
280	Q0	3816030#0	0
280	Q0	42661#25	0
280	Q0	1777083#10	0
280	Q0	1777083#13	0
280	Q0	28642#11	0
280	Q0	3233062#22	0
280	Q0	410990#0	0
281	Q0	206653#5	1
281	Q0	206653#4	0
281	Q0	206653#15	0
281	Q0	206653#11	0
281	Q0	291925#3	0
281	Q0	206653#1	0
281	Q0	264660#8	0
281	Q0	1378043#1	0
281	Q0	74398#9	0
281	Q0	206653#0	0
282	Q0	348150#0	1
282	Q0	348150#2	0
282	Q0	348150#22	0
282	Q0	1485688#3	0
282	Q0	1485688#1	0
282	Q0	348150#8	0
282	Q0	223783#3	0
282	Q0	1773034#2	0
282	Q0	890163#2	0
282	Q0	3602024#1	0
284	Q0	951127#3	1
284	Q0	10402#16	1
284	Q0	10402#3	1
284	Q0	1402207#0	0
284	Q0	20245#103	0
284	Q0	1059059#0	0
284	Q0	3882088#2	0
284	Q0	20245#99	0
284	Q0	10402#19	0
284	Q0	10402#10	0
284	Q0	996500#17	0
285	Q0	1549340#0	1
285	Q0	1549340#1	1
285	Q0	979056#2	0
285	Q0	979056#0	0
285	Q0	1745253#27	0
285	Q0	979056#4	0
285	Q0	794743#8	0
285	Q0	1549340#16	0
285	Q0	1549340#3	0
285	Q0	1745253#75	0
286	Q0	53243#0	1
286	Q0	1978671#43	0
286	Q0	1978671#4	0
286	Q0	53243#1	0
286	Q0	53243#5	0
286	Q0	3233850#21	0
286	Q0	236529#4	0
286	Q0	1966031#2	0
286	Q0	1966031#0	0
286	Q0	53243#3	0
287	Q0	20085#0	1
287	Q0	20085#2	1
287	Q0	20085#1	0
287	Q0	20085#16	0
287	Q0	306910#1	0
287	Q0	1572428#1	0
287	Q0	2738970#1	0
287	Q0	259337#1	0
287	Q0	1878968#1	0
287	Q0	211533#3	0
287	Q0	138292#6	0
289	Q0	146372#4	1
289	Q0	36650#25	1
289	Q0	3722516#20	1
289	Q0	111038#7	1
289	Q0	36650#2	1
289	Q0	111038#36	0
289	Q0	37140#22	0
289	Q0	3722516#41	0
289	Q0	984365#5	0
289	Q0	36650#9	0
289	Q0	1627636#4	0
292	Q0	3802212#2	1
292	Q0	3802212#6	1
292	Q0	3802212#5	1
292	Q0	3802212#0	0
292	Q0	3802212#1	0
292	Q0	3802212#13	0
292	Q0	3802212#19	0
292	Q0	3802212#3	0
292	Q0	3802212#8	0
292	Q0	3802212#9	0
293	Q0	162242#1	1
293	Q0	551215#0	0
293	Q0	162242#5	0
293	Q0	1440#0	0
293	Q0	3519052#0	0
293	Q0	63671#0	0
293	Q0	112296#0	0
293	Q0	398618#0	0
293	Q0	162242#9	0
293	Q0	509235#0	0
294	Q0	122138#6	1
294	Q0	3675129#10	0
294	Q0	43436#1	0
294	Q0	52977#48	0
294	Q0	463330#12	0
294	Q0	2981595#5	0
294	Q0	8621#5	0
294	Q0	17943#12	0
294	Q0	3626422#2	0
294	Q0	85312#7	0
295	Q0	1079541#0	1
295	Q0	106629#12	1
295	Q0	1091631#8	0
295	Q0	1079541#13	0
295	Q0	1127979#1	0
295	Q0	2884773#0	0
295	Q0	1079541#10	0
295	Q0	792141#4	0
295	Q0	166440#10	0
295	Q0	1079541#6	0
297	Q0	1532168#4	1
297	Q0	1293788#2	0
297	Q0	511671#9	0
297	Q0	58091#3	0
297	Q0	2159905#1	0
297	Q0	900802#1	0
297	Q0	2159905#20	0
297	Q0	526449#7	0
297	Q0	2187775#1	0
297	Q0	785098#0	0
298	Q0	8745#7	1
298	Q0	3308645#1	0
298	Q0	8745#14	0
298	Q0	8745#16	0
298	Q0	8745#10	0
298	Q0	59423#3	0
298	Q0	8745#15	0
298	Q0	8745#6	0
298	Q0	2105835#1	0
298	Q0	75612#3	0
298	Q0	59423#19	0
299	Q0	46706#1	1
299	Q0	46706#0	0
299	Q0	46706#3	0
299	Q0	46706#4	0
299	Q0	46706#5	0
299	Q0	1647363#1	0
299	Q0	45658#0	0
299	Q0	304518#1	0
299	Q0	46706#6	0
299	Q0	2581991#1	0
300	Q0	671382#1	1
300	Q0	3403010#0	0
300	Q0	3403010#24	0
300	Q0	3393438#40	0
300	Q0	3427345#4	0
300	Q0	3403010#41	0
300	Q0	3440136#0	0
300	Q0	3403010#13	0
300	Q0	3403010#7	0
300	Q0	3403010#28	0
300	Q0	3393438#1	0
301	Q0	3417778#1	1
301	Q0	3417778#0	1
301	Q0	3417778#5	0
301	Q0	3417778#16	0
301	Q0	842292#2	0
301	Q0	3417778#9	0
301	Q0	3417778#21	0
301	Q0	3417778#7	0
301	Q0	380774#2	0
301	Q0	3417778#2	0
303	Q0	1121623#2	1
303	Q0	1904230#4	1
303	Q0	1121623#0	0
303	Q0	1121623#3	0
303	Q0	1121623#32	0
303	Q0	1121623#13	0
303	Q0	1121623#1	0
303	Q0	1121623#4	0
303	Q0	1121623#28	0
303	Q0	1121623#20	0
304	Q0	8455#0	1
304	Q0	130713#1	1
304	Q0	8731#16	0
304	Q0	1681833#11	0
304	Q0	682268#2	0
304	Q0	347228#19	0
304	Q0	4855#144	0
304	Q0	743884#2	0
304	Q0	1661801#47	0
304	Q0	2740#6	0
307	Q0	2804087#0	1
307	Q0	2804087#14	1
307	Q0	52145#0	1
307	Q0	453161#2	0
307	Q0	29280#1	0
307	Q0	2500707#6	0
307	Q0	115220#0	0
307	Q0	2804087#11	0
307	Q0	1974854#4	0
307	Q0	29112#0	0
308	Q0	2622470#3	1
308	Q0	2622470#19	0
308	Q0	2880253#7	0
308	Q0	2922753#4	0
308	Q0	1356216#5	0
308	Q0	2622470#8	0
308	Q0	2622470#0	0
308	Q0	2622470#20	0
308	Q0	3726793#4	0
308	Q0	2622470#9	0
308	Q0	3544262#5	0
308	Q0	2622470#23	0
309	Q0	2670615#0	1
309	Q0	2670615#7	0
309	Q0	2670615#5	0
309	Q0	2670615#31	0
309	Q0	2670615#70	0
309	Q0	2670615#9	0
309	Q0	2670615#59	0
309	Q0	2670615#15	0
309	Q0	2670615#1	0
309	Q0	2670615#16	0
310	Q0	386974#0	1
310	Q0	386974#5	1
310	Q0	1762003#3	0
310	Q0	1337121#62	0
310	Q0	1687283#0	0
310	Q0	852349#0	0
310	Q0	1635313#1	0
310	Q0	442562#3	0
310	Q0	1660394#0	0
310	Q0	784141#20	0
311	Q0	3789636#15	1
311	Q0	1629811#12	1
311	Q0	23404#8	1
311	Q0	3351547#21	0
311	Q0	1809899#26	0
311	Q0	2715552#11	0
311	Q0	3094866#15	0
311	Q0	778082#18	0
311	Q0	497566#34	0
311	Q0	1531229#7	0
313	Q0	6910#0	1
313	Q0	2009#162	1
313	Q0	6910#9	0
313	Q0	272330#4	0
313	Q0	501476#0	0
313	Q0	22225#2	0
313	Q0	406411#19	0
313	Q0	629150#4	0
313	Q0	6910#29	0
313	Q0	128037#20	0
314	Q0	186104#72	1
314	Q0	186104#48	1
314	Q0	2693#0	1
314	Q0	2693#87	0
314	Q0	436003#12	0
314	Q0	436003#0	0
314	Q0	3256865#0	0
314	Q0	186104#1	0
314	Q0	2074968#3	0
314	Q0	2693#55	0
314	Q0	436003#14	0
315	Q0	2124146#1	1
315	Q0	2124146#4	1
315	Q0	2912188#25	0
315	Q0	2912188#31	0
315	Q0	324075#13	0
315	Q0	2912188#0	0
315	Q0	26611#4	0
315	Q0	52581#27	0
315	Q0	2912188#28	0
315	Q0	2912188#33	0
315	Q0	324075#0	0
315	Q0	324075#2	0
315	Q0	324075#5	0
315	Q0	324075#10	0
316	Q0	187771#6	1
316	Q0	925156#1	1
316	Q0	750282#119	1
316	Q0	713880#0	1
316	Q0	686207#0	1
316	Q0	686030#1	0
316	Q0	1183400#3	0
316	Q0	612834#2	0
316	Q0	435425#1	0
316	Q0	716180#1	0
317	Q0	46706#0	1
317	Q0	45658#0	0
317	Q0	46706#5	0
317	Q0	8772#2	0
317	Q0	2581991#1	0
317	Q0	46706#4	0
317	Q0	46706#3	0
317	Q0	46706#1	0
317	Q0	3451173#1	0
317	Q0	350916#1	0
318	Q0	63846#0	1
318	Q0	63846#9	1
318	Q0	63846#21	0
318	Q0	63846#8	0
318	Q0	63846#14	0
318	Q0	29874#8	0
318	Q0	63846#31	0
318	Q0	63846#30	0
318	Q0	29874#9	0
318	Q0	63846#6	0
318	Q0	983250#6	0
319	Q0	16381#0	1
319	Q0	159639#1	1
319	Q0	170228#1	1
319	Q0	16381#6	1
319	Q0	109237#4	0
319	Q0	433818#3	0
319	Q0	2591028#0	0
319	Q0	109237#0	0
319	Q0	2591028#1	0
319	Q0	16381#17	0
319	Q0	1992489#1	0
320	Q0	749356#3	1
320	Q0	2762721#0	1
320	Q0	139978#40	0
320	Q0	155813#6	0
320	Q0	637012#19	0
320	Q0	3609538#1	0
320	Q0	1557404#0	0
320	Q0	68273#3	0
320	Q0	476267#3	0
320	Q0	2297216#26	0
320	Q0	3375080#4	0
321	Q0	45052#4	1
321	Q0	45052#0	1
321	Q0	45052#1	0
321	Q0	628959#1	0
321	Q0	1534533#1	0
321	Q0	142783#1	0
321	Q0	518226#1	0
321	Q0	1084524#1	0
321	Q0	3545160#1	0
321	Q0	1452508#1	0
321	Q0	3721179#1	0
322	Q0	149128#3	1
322	Q0	52575#0	0
322	Q0	52575#10	0
322	Q0	52575#22	0
322	Q0	52575#24	0
322	Q0	52575#8	0
322	Q0	52575#25	0
322	Q0	746418#1	0
322	Q0	52575#20	0
322	Q0	52575#21	0
322	Q0	52575#11	0
323	Q0	81692#0	1
323	Q0	81692#8	0
323	Q0	81692#14	0
323	Q0	443382#5	0
323	Q0	81692#6	0
323	Q0	81692#13	0
323	Q0	81692#2	0
323	Q0	81707#10	0
323	Q0	81692#11	0
323	Q0	1698846#46	0
324	Q0	32713#5	1
324	Q0	3407456#29	0
324	Q0	3407456#31	0
324	Q0	3407456#15	0
324	Q0	3407456#1	0
324	Q0	3428960#1	0
324	Q0	32713#26	0
324	Q0	3644383#3	0
324	Q0	3407456#30	0
324	Q0	3407456#16	0
324	Q0	3428960#4	0
325	Q0	6852#75	1
325	Q0	18281#1	0
325	Q0	2133715#17	0
325	Q0	18281#13	0
325	Q0	18281#9	0
325	Q0	3747#34	0
325	Q0	18281#5	0
325	Q0	1578084#0	0
325	Q0	18281#4	0
325	Q0	128060#91	0
326	Q0	1362070#10	1
326	Q0	441353#2	1
326	Q0	441353#3	0
326	Q0	988411#1	0
326	Q0	988411#0	0
326	Q0	988411#6	0
326	Q0	988411#9	0
326	Q0	515458#13	0
326	Q0	441353#4	0
326	Q0	1285139#3	0
326	Q0	2357247#12	0
327	Q0	3022068#6	1
327	Q0	3022068#34	0
327	Q0	3022068#42	0
327	Q0	3022068#1	0
327	Q0	3022068#0	0
327	Q0	3022068#26	0
327	Q0	3022068#10	0
327	Q0	3022068#5	0
327	Q0	3022068#36	0
327	Q0	57023#4	0
328	Q0	13314#111	1
328	Q0	497043#0	0
328	Q0	1019926#7	0
328	Q0	497043#4	0
328	Q0	13314#116	0
328	Q0	1019931#0	0
328	Q0	497043#3	0
328	Q0	13314#133	0
328	Q0	13314#113	0
328	Q0	2142438#5	0
328	Q0	497043#1	0
329	Q0	1261325#0	1
329	Q0	1261325#2	1
329	Q0	1261325#8	0
329	Q0	1261325#5	0
329	Q0	1261325#4	0
329	Q0	1261325#12	0
329	Q0	1261325#6	0
329	Q0	1261325#1	0
329	Q0	1261325#15	0
329	Q0	1821727#2	0
330	Q0	955877#1	1
330	Q0	955877#0	1
330	Q0	955877#7	0
330	Q0	955877#4	0
330	Q0	1795033#0	0
330	Q0	1639335#0	0
330	Q0	194577#2	0
330	Q0	3508068#0	0
330	Q0	1223022#9	0
330	Q0	2723033#2	0
331	Q0	366135#0	1
331	Q0	3417#10	1
331	Q0	166420#1	1
331	Q0	2323503#5	0
331	Q0	674964#4	0
331	Q0	3417#3	0
331	Q0	205321#20	0
331	Q0	2083904#2	0
331	Q0	1690923#1	0
331	Q0	3417#11	0
332	Q0	9856#16	1
332	Q0	282862#16	1
332	Q0	202395#2	0
332	Q0	9856#17	0
332	Q0	186306#66	0
332	Q0	597079#15	0
332	Q0	282862#29	0
332	Q0	254185#35	0
332	Q0	1661911#2	0
332	Q0	1141337#2	0
333	Q0	73996#9	1
333	Q0	73996#1	1
333	Q0	73996#22	0
333	Q0	283549#2	0
333	Q0	3602150#2	0
333	Q0	73996#13	0
333	Q0	1124969#6	0
333	Q0	73996#21	0
333	Q0	73758#7	0
333	Q0	284982#3	0
334	Q0	3335789#8	1
334	Q0	2086107#4	0
334	Q0	3221040#5	0
334	Q0	3108745#8	0
334	Q0	3335789#10	0
334	Q0	3335789#0	0
334	Q0	3108745#0	0
334	Q0	2340227#2	0
334	Q0	3335789#6	0
334	Q0	3335789#20	0
335	Q0	91408#0	1
335	Q0	454118#5	0
335	Q0	91408#22	0
335	Q0	1291853#9	0
335	Q0	91408#6	0
335	Q0	7363#12	0
335	Q0	189989#14	0
335	Q0	2819184#6	0
335	Q0	91408#23	0
335	Q0	18039#4	0
338	Q0	1954725#1	1
338	Q0	641713#14	1
338	Q0	2400#4	1
338	Q0	272645#0	1
338	Q0	12494#0	1
338	Q0	12494#6	1
338	Q0	85202#17	0
338	Q0	2516016#2	0
338	Q0	2709809#9	0
338	Q0	3636345#5	0
338	Q0	614110#11	0
338	Q0	507175#17	0
339	Q0	1723565#0	1
339	Q0	29093#1	1
339	Q0	29093#0	0
339	Q0	566178#0	0
339	Q0	29093#5	0
339	Q0	477650#1	0
339	Q0	3693774#0	0
339	Q0	494304#25	0
339	Q0	566178#14	0
339	Q0	14043#0	0
340	Q0	628911#0	1
340	Q0	628911#1	1
340	Q0	901890#4	0
340	Q0	901890#12	0
340	Q0	901890#20	0
340	Q0	901890#11	0
340	Q0	901890#23	0
340	Q0	901890#16	0
340	Q0	901890#1	0
340	Q0	628911#3	0
340	Q0	901890#7	0
341	Q0	3380049#9	1
341	Q0	3380049#1	0
341	Q0	3380049#7	0
341	Q0	3380049#54	0
341	Q0	2371690#1	0
341	Q0	2371690#0	0
341	Q0	3547428#3	0
341	Q0	2371690#7	0
341	Q0	3380049#61	0
341	Q0	3380049#6	0
341	Q0	2617829#1	0
342	Q0	2686148#0	1
342	Q0	2686148#1	1
342	Q0	1020071#0	0
342	Q0	2726946#0	0
342	Q0	1706259#0	0
342	Q0	505790#0	0
342	Q0	1799504#1	0
342	Q0	718320#1	0
342	Q0	767418#1	0
342	Q0	974199#1	0
344	Q0	1021501#0	1
344	Q0	55390#2	1
344	Q0	55390#21	0
344	Q0	1478271#0	0
344	Q0	2967919#0	0
344	Q0	2956186#0	0
344	Q0	2335872#1	0
344	Q0	3445446#0	0
344	Q0	3425061#1	0
344	Q0	2127871#0	0
344	Q0	2443507#0	0
346	Q0	1184316#31	1
346	Q0	3052007#50	0
346	Q0	3862688#38	0
346	Q0	195097#38	0
346	Q0	214988#72	0
346	Q0	1184316#1	0
346	Q0	1184316#47	0
346	Q0	3384942#36	0
346	Q0	517973#5	0
346	Q0	1184316#48	0
347	Q0	42239#0	1
347	Q0	171721#0	0
347	Q0	612195#0	0
347	Q0	26218#0	0
347	Q0	514853#3	0
347	Q0	291316#0	0
347	Q0	514853#0	0
347	Q0	26218#2	0
347	Q0	2331441#1	0
347	Q0	650057#2	0
347	Q0	2331441#8	0
348	Q0	1910113#21	1
348	Q0	5847#3	1
348	Q0	151169#17	0
348	Q0	296394#3	0
348	Q0	1594373#1	0
348	Q0	49870#5	0
348	Q0	151169#15	0
348	Q0	151169#3	0
348	Q0	3695832#0	0
348	Q0	50763#18	0
348	Q0	1919638#5	0
350	Q0	134626#3	1
350	Q0	134626#13	0
350	Q0	134626#5	0
350	Q0	2118623#4	0
350	Q0	2119350#4	0
350	Q0	2055173#4	0
350	Q0	2119477#4	0
350	Q0	72364#11	0
350	Q0	2118525#5	0
350	Q0	1838791#1	0
352	Q0	2823035#0	1
352	Q0	2823035#8	0
352	Q0	2823035#2	0
352	Q0	2823035#3	0
352	Q0	2823035#6	0
352	Q0	2802446#0	0
352	Q0	2802446#1	0
352	Q0	2823035#1	0
352	Q0	1414845#0	0
352	Q0	3493833#2	0
353	Q0	47291#3	1
353	Q0	1071579#1	0
353	Q0	1360345#1	0
353	Q0	572060#4	0
353	Q0	1852275#12	0
353	Q0	496293#3	0
353	Q0	1115371#0	0
353	Q0	2878#49	0
353	Q0	800937#7	0
353	Q0	3311#160	0
354	Q0	95689#1	1
354	Q0	95689#0	1
354	Q0	98682#1	0
354	Q0	94936#1	0
354	Q0	521487#1	0
354	Q0	101689#2	0
354	Q0	609255#1	0
354	Q0	3784518#0	0
354	Q0	94936#2	0
354	Q0	91783#1	0
355	Q0	3720#20	1
355	Q0	3720#28	0
355	Q0	3720#2	0
355	Q0	3720#73	0
355	Q0	472760#0	0
355	Q0	3720#34	0
355	Q0	3720#68	0
355	Q0	3720#25	0
355	Q0	3720#21	0
355	Q0	18905#14	0
355	Q0	1041376#2	0
356	Q0	788438#0	1
356	Q0	788438#2	0
356	Q0	788438#1	0
356	Q0	3122739#0	0
356	Q0	788438#7	0
356	Q0	10194#2	0
356	Q0	2313100#1	0
356	Q0	2067812#2	0
356	Q0	1596455#1	0
356	Q0	25773#2	0
356	Q0	1819405#8	0
357	Q0	26134#16	1
357	Q0	1308217#3	1
357	Q0	1308217#0	1
357	Q0	1308217#12	1
357	Q0	1308217#6	0
357	Q0	97501#5	0
357	Q0	1308217#14	0
357	Q0	1308217#13	0
357	Q0	1308217#15	0
357	Q0	1928759#0	0
358	Q0	911241#2	1
358	Q0	64028#0	1
358	Q0	64028#1	0
358	Q0	29112#37	0
358	Q0	29112#46	0
358	Q0	29112#32	0
358	Q0	3677025#20	0
358	Q0	1447358#2	0
358	Q0	3572898#14	0
358	Q0	1803295#9	0
358	Q0	620628#3	0
360	Q0	372573#38	1
360	Q0	372573#17	1
360	Q0	372573#20	1
360	Q0	372573#22	1
360	Q0	372573#2	1
360	Q0	372573#28	0
360	Q0	372573#45	0
360	Q0	372573#49	0
360	Q0	372573#5	0
360	Q0	372573#6	0
360	Q0	372573#0	0
361	Q0	3479165#0	1
361	Q0	78463#6	1
361	Q0	3478958#0	1
361	Q0	386880#1	0
361	Q0	78463#7	0
361	Q0	1225360#3	0
361	Q0	360311#0	0
361	Q0	3018478#11	0
361	Q0	360311#1	0
361	Q0	3031048#2	0
362	Q0	179778#1	1
362	Q0	179778#5	0
362	Q0	179778#10	0
362	Q0	179778#9	0
362	Q0	179778#11	0
362	Q0	179778#0	0
362	Q0	179778#12	0
362	Q0	177285#4	0
362	Q0	1684705#2	0
362	Q0	179778#6	0
362	Q0	179778#8	0
363	Q0	2222571#46	1
363	Q0	2222571#17	0
363	Q0	171316#0	0
363	Q0	527304#0	0
363	Q0	563444#0	0
363	Q0	2222571#57	0
363	Q0	126523#10	0
363	Q0	2222571#10	0
363	Q0	171162#4	0
363	Q0	126523#5	0
363	Q0	15467#19	0
364	Q0	3288008#0	1
364	Q0	3288008#26	0
364	Q0	3288008#2	0
364	Q0	3288008#7	0
364	Q0	3288008#27	0
364	Q0	657653#3	0
364	Q0	3288008#22	0
364	Q0	3288008#16	0
364	Q0	3288008#18	0
364	Q0	3288008#25	0
365	Q0	45597#21	1
365	Q0	449332#2	1
365	Q0	119510#1	1
365	Q0	3469868#37	0
365	Q0	7550#36	0
365	Q0	7550#37	0
365	Q0	7550#5	0
365	Q0	1102896#1	0
365	Q0	449332#1	0
365	Q0	168518#3	0
365	Q0	7550#35	0
366	Q0	3840832#56	1
366	Q0	3958#20	1
366	Q0	2182698#35	0
366	Q0	135306#11	0
366	Q0	175205#7	0
366	Q0	3958#26	0
366	Q0	3958#19	0
366	Q0	146553#28	0
366	Q0	3958#22	0
366	Q0	118863#6	0
367	Q0	641722#2	1
367	Q0	641708#2	1
367	Q0	641722#3	0
367	Q0	3503760#0	0
367	Q0	641722#4	0
367	Q0	641708#3	0
367	Q0	641722#0	0
367	Q0	641722#6	0
367	Q0	2153294#8	0
367	Q0	3503760#4	0
368	Q0	1026067#1	1
368	Q0	639598#2	0
368	Q0	639598#8	0
368	Q0	1026067#2	0
368	Q0	1011111#31	0
368	Q0	1026067#0	0
368	Q0	1011111#9	0
368	Q0	1978810#1	0
368	Q0	1011111#19	0
368	Q0	1896952#0	0
369	Q0	3964#18	1
369	Q0	87839#5	1
369	Q0	46604#3	0
369	Q0	82805#13	0
369	Q0	87839#2	0
369	Q0	160967#11	0
369	Q0	1511409#2	0
369	Q0	87839#6	0
369	Q0	1864744#74	0
369	Q0	625181#16	0
369	Q0	5157#27	0
373	Q0	2313661#1	1
373	Q0	1395834#2	0
373	Q0	24772#45	0
373	Q0	2313661#34	0
373	Q0	2224114#130	0
373	Q0	1298795#6	0
373	Q0	24769#6	0
373	Q0	7488#1	0
373	Q0	24772#35	0
373	Q0	3883833#2	0
373	Q0	31948#28	0
375	Q0	1454030#0	1
375	Q0	900050#2	1
375	Q0	650449#31	0
375	Q0	1556672#62	0
375	Q0	244949#23	0
375	Q0	312106#0	0
375	Q0	936001#0	0
375	Q0	934538#6	0
375	Q0	1852275#4	0
375	Q0	418199#49	0
376	Q0	3710953#2	1
376	Q0	3710953#10	0
376	Q0	3710953#11	0
376	Q0	3710953#12	0
376	Q0	3710953#13	0
376	Q0	3710953#0	0
376	Q0	3710953#21	0
376	Q0	3710953#7	0
376	Q0	3710953#9	0
376	Q0	31435#23	0
378	Q0	2339185#7	1
378	Q0	211904#7	0
378	Q0	2534189#32	0
378	Q0	2534189#35	0
378	Q0	2534189#36	0
378	Q0	2534189#33	0
378	Q0	2534189#29	0
378	Q0	2534189#37	0
378	Q0	122542#141	0
378	Q0	3778904#2	0
379	Q0	844703#6	1
379	Q0	844703#0	0
379	Q0	844703#7	0
379	Q0	844703#11	0
379	Q0	1809829#0	0
379	Q0	844703#14	0
379	Q0	844703#20	0
379	Q0	314870#1	0
379	Q0	844703#12	0
379	Q0	844703#19	0
381	Q0	99700#10	1
381	Q0	3524406#0	0
381	Q0	1570776#7	0
381	Q0	1619225#5	0
381	Q0	99700#19	0
381	Q0	1894682#1	0
381	Q0	138855#0	0
381	Q0	99700#16	0
381	Q0	302403#3	0
381	Q0	138855#2	0
382	Q0	2009#11	1
382	Q0	10334#4	1
382	Q0	10334#2	0
382	Q0	10334#14	0
382	Q0	423512#88	0
382	Q0	10334#34	0
382	Q0	3019423#7	0
382	Q0	3775#46	0
382	Q0	497381#13	0
382	Q0	2086262#7	0
382	Q0	10334#20	0
383	Q0	25040#4	1
383	Q0	129830#18	0
383	Q0	473286#118	0
383	Q0	25040#47	0
383	Q0	25040#5	0
383	Q0	1587493#5	0
383	Q0	3404094#4	0
383	Q0	53#15	0
383	Q0	3404094#3	0
383	Q0	331403#18	0
383	Q0	2995196#2	0
385	Q0	46671#2	1
385	Q0	46671#33	0
385	Q0	381602#0	0
385	Q0	3843346#0	0
385	Q0	910793#2	0
385	Q0	558193#0	0
385	Q0	523562#0	0
385	Q0	569098#0	0
385	Q0	2265922#1	0
385	Q0	2603298#1	0
386	Q0	1121623#1	1
386	Q0	1121623#2	0
386	Q0	1121623#3	0
386	Q0	1121623#0	0
386	Q0	1121623#32	0
386	Q0	1121623#18	0
386	Q0	1121623#13	0
386	Q0	1121623#28	0
386	Q0	1121623#14	0
386	Q0	1121623#10	0
386	Q0	1121623#20	0
387	Q0	6374#16	1
387	Q0	3609461#17	0
387	Q0	7087#8	0
387	Q0	1199598#0	0
387	Q0	274777#16	0
387	Q0	3610522#5	0
387	Q0	3609461#12	0
387	Q0	86473#1	0
387	Q0	6374#56	0
387	Q0	276417#6	0
390	Q0	951794#0	1
390	Q0	951794#12	1
390	Q0	951794#13	0
390	Q0	1234463#0	0
390	Q0	1159126#32	0
390	Q0	1120796#1	0
390	Q0	1164215#5	0
390	Q0	3688079#1	0
390	Q0	3608455#7	0
390	Q0	951794#19	0
391	Q0	6894#0	1
391	Q0	6894#3	1
391	Q0	6894#42	1
391	Q0	6894#30	0
391	Q0	6894#54	0
391	Q0	6894#50	0
391	Q0	21333#48	0
391	Q0	6894#28	0
391	Q0	6894#31	0
391	Q0	6894#39	0
393	Q0	44664#0	1
393	Q0	44664#2	1
393	Q0	3797886#15	0
393	Q0	3815234#0	0
393	Q0	294861#5	0
393	Q0	2978021#0	0
393	Q0	855412#4	0
393	Q0	316146#0	0
393	Q0	282267#4	0
393	Q0	320002#1	0
393	Q0	445006#4	0
393	Q0	3683#41	0
394	Q0	498249#2	1
394	Q0	578996#2	1
394	Q0	173344#7	1
394	Q0	2974346#5	1
394	Q0	3068183#1	0
394	Q0	173344#18	0
394	Q0	27083#25	0
394	Q0	3119911#2	0
394	Q0	447486#3	0
394	Q0	3068183#4	0
395	Q0	107331#0	1
395	Q0	107331#5	0
395	Q0	1457630#2	0
395	Q0	17388#0	0
395	Q0	718090#1	0
395	Q0	6452#0	0
395	Q0	2266887#37	0
395	Q0	6452#13	0
395	Q0	1457630#0	0
395	Q0	1796147#2	0
395	Q0	17388#23	0
396	Q0	6833#0	1
396	Q0	6833#6	0
396	Q0	486754#26	0
396	Q0	24175#0	0
396	Q0	16023#0	0
396	Q0	1864737#1	0
396	Q0	6833#49	0
396	Q0	609837#5	0
396	Q0	4134#10	0
396	Q0	1531320#2	0
397	Q0	1406290#4	1
397	Q0	10665#10	1
397	Q0	4434#0	1
397	Q0	650081#0	0
397	Q0	1204322#0	0
397	Q0	3587558#25	0
397	Q0	1528098#0	0
397	Q0	3308268#29	0
397	Q0	4434#2	0
397	Q0	2299029#10	0
399	Q0	799506#0	1
399	Q0	799506#1	1
399	Q0	799506#7	0
399	Q0	799506#2	0
399	Q0	48163#1	0
399	Q0	799506#4	0
399	Q0	799506#15	0
399	Q0	799506#11	0
399	Q0	799506#12	0
399	Q0	799506#3	0
400	Q0	113239#1	1
400	Q0	30249#81	1
400	Q0	2904958#17	1
400	Q0	639795#0	1
400	Q0	23865#9	1
400	Q0	30249#6	0
400	Q0	3485731#29	0
400	Q0	30249#83	0
400	Q0	3485731#34	0
400	Q0	1698859#13	0
401	Q0	2154210#6	1
401	Q0	2154210#0	0
401	Q0	1581631#35	0
401	Q0	2154210#20	0
401	Q0	2154210#19	0
401	Q0	2154210#16	0
401	Q0	2154210#8	0
401	Q0	2154210#2	0
401	Q0	2154210#7	0
401	Q0	2154210#5	0
402	Q0	142956#0	1
402	Q0	2350069#3	0
402	Q0	2770498#0	0
402	Q0	1992883#0	0
402	Q0	3340771#0	0
402	Q0	3155177#1	0
402	Q0	774181#0	0
402	Q0	3461551#1	0
402	Q0	3720503#0	0
402	Q0	2536231#0	0
403	Q0	28528#0	1
403	Q0	643727#2	1
403	Q0	1162303#29	1
403	Q0	28528#2	1
403	Q0	6344#5	0
403	Q0	1417037#10	0
403	Q0	1417037#3	0
403	Q0	2478412#2	0
403	Q0	28528#7	0
403	Q0	1607305#5	0
404	Q0	4906#1	1
404	Q0	806639#1	0
404	Q0	2896441#1	0
404	Q0	1197621#23	0
404	Q0	1254666#1	0
404	Q0	33194#2	0
404	Q0	1225364#6	0
404	Q0	4906#0	0
404	Q0	3863113#1	0
404	Q0	4906#8	0
405	Q0	1131986#17	1
405	Q0	3857070#1	1
405	Q0	1297881#1	1
405	Q0	3858669#1	1
405	Q0	8589#4	1
405	Q0	8589#0	0
405	Q0	328432#0	0
405	Q0	1807947#13	0
405	Q0	8589#38	0
405	Q0	8589#36	0
405	Q0	3469843#1	0
407	Q0	845217#125	1
407	Q0	845217#4	1
407	Q0	845217#92	0
407	Q0	845217#97	0
407	Q0	845217#121	0
407	Q0	845217#12	0
407	Q0	845217#39	0
407	Q0	845217#5	0
407	Q0	845217#124	0
407	Q0	845217#22	0
407	Q0	1087374#2	0
408	Q0	1516335#31	1
408	Q0	319401#15	1
408	Q0	370461#65	1
408	Q0	1516335#8	1
408	Q0	319401#1	1
408	Q0	319401#18	0
408	Q0	319401#10	0
408	Q0	319401#16	0
408	Q0	3617977#9	0
408	Q0	1476885#60	0
408	Q0	506#16	0
413	Q0	8792#4	1
413	Q0	8792#12	0
413	Q0	8792#10	0
413	Q0	886976#1	0
413	Q0	8792#13	0
413	Q0	8792#9	0
413	Q0	23088#1	0
413	Q0	186460#3	0
413	Q0	2930929#0	0
413	Q0	700849#3	0
414	Q0	164947#0	1
414	Q0	3103129#0	0
414	Q0	1406648#1	0
414	Q0	2089887#5	0
414	Q0	743294#1	0
414	Q0	1026044#4	0
414	Q0	3889614#0	0
414	Q0	146822#1	0
414	Q0	260266#18	0
414	Q0	1154739#160	0
414	Q0	669270#7	0
415	Q0	3551085#1	1
415	Q0	3551085#23	1
415	Q0	3551085#14	1
415	Q0	3551085#4	1
415	Q0	3551085#13	0
415	Q0	3551085#15	0
415	Q0	3537557#1	0
415	Q0	3538792#2	0
415	Q0	3551085#26	0
415	Q0	3527800#5	0
416	Q0	2761479#0	1
416	Q0	2751842#0	1
416	Q0	1943254#84	1
416	Q0	2699876#0	1
416	Q0	2923593#0	1
416	Q0	2698298#0	1
416	Q0	3013833#0	1
416	Q0	2744665#0	1
416	Q0	2327929#0	0
416	Q0	2720224#0	0
417	Q0	845113#34	1
417	Q0	13335#34	1
417	Q0	845113#6	1
417	Q0	668912#2	0
417	Q0	474604#4	0
417	Q0	460876#2	0
417	Q0	845113#32	0
417	Q0	1625262#6	0
417	Q0	337666#29	0
417	Q0	134022#2	0
417	Q0	46384#9	0
418	Q0	1486107#12	1
418	Q0	2872#15	0
418	Q0	2860097#1	0
418	Q0	2860097#2	0
418	Q0	44701#18	0
418	Q0	2860112#1	0
418	Q0	1486107#14	0
418	Q0	2860112#0	0
418	Q0	1008585#0	0
418	Q0	2872#14	0
418	Q0	2872#19	0
420	Q0	311877#1	1
420	Q0	311877#0	1
420	Q0	311877#47	0
420	Q0	311877#28	0
420	Q0	3852206#1	0
420	Q0	311877#8	0
420	Q0	3883698#4	0
420	Q0	3250782#1	0
420	Q0	1396393#1	0
420	Q0	2076041#1	0
421	Q0	369193#0	1
421	Q0	369204#0	1
421	Q0	369231#3	0
421	Q0	634052#4	0
421	Q0	3025998#3	0
421	Q0	2167040#12	0
421	Q0	29102#1	0
421	Q0	717229#1	0
421	Q0	2167040#3	0
421	Q0	634052#5	0
424	Q0	522460#2	1
424	Q0	522460#21	0
424	Q0	522460#11	0
424	Q0	2087126#1	0
424	Q0	3235482#8	0
424	Q0	522460#20	0
424	Q0	522460#23	0
424	Q0	2051891#1	0
424	Q0	522460#18	0
424	Q0	520777#21	0
425	Q0	151282#9	1
425	Q0	151282#35	0
425	Q0	281676#1	0
425	Q0	281063#2	0
425	Q0	151282#19	0
425	Q0	178397#25	0
425	Q0	151282#13	0
425	Q0	151282#0	0
425	Q0	151282#37	0
425	Q0	151282#18	0
426	Q0	133366#10	1
426	Q0	133408#17	0
426	Q0	428011#4	0
426	Q0	742850#5	0
426	Q0	252796#4	0
426	Q0	380504#9	0
426	Q0	62171#25	0
426	Q0	2845718#4	0
426	Q0	2750165#10	0
426	Q0	291396#7	0
426	Q0	428011#6	0
429	Q0	128802#16	1
429	Q0	344176#20	0
429	Q0	344176#0	0
429	Q0	344176#1	0
429	Q0	983976#14	0
429	Q0	802790#7	0
429	Q0	344149#0	0
429	Q0	2216280#12	0
429	Q0	470490#35	0
429	Q0	344176#96	0
429	Q0	983976#0	0
430	Q0	193200#0	1
430	Q0	307744#2	0
430	Q0	3376867#0	0
430	Q0	2166228#18	0
430	Q0	193200#7	0
430	Q0	3376867#1	0
430	Q0	2994190#0	0
430	Q0	2971477#2	0
430	Q0	2166228#11	0
430	Q0	3376867#9	0
431	Q0	14121#8	1
431	Q0	3154193#1	1
431	Q0	3109759#2	1
431	Q0	1231782#3	0
431	Q0	1240824#2	0
431	Q0	1201086#40	0
431	Q0	3154193#17	0
431	Q0	14121#11	0
431	Q0	3109759#9	0
431	Q0	3154193#22	0
431	Q0	3154193#10	0
432	Q0	3103413#0	1
432	Q0	3103413#7	0
432	Q0	3103413#5	0
432	Q0	3103413#14	0
432	Q0	3103413#8	0
432	Q0	1543898#1	0
432	Q0	3103413#10	0
432	Q0	3103413#13	0
432	Q0	309597#6	0
432	Q0	718454#2	0
433	Q0	801517#0	1
433	Q0	1920157#1	1
433	Q0	158509#44	1
433	Q0	2396644#0	1
433	Q0	158509#37	1
433	Q0	158509#72	0
433	Q0	1466665#1	0
433	Q0	158509#25	0
433	Q0	2243700#2	0
433	Q0	158509#45	0
434	Q0	2943542#0	1
434	Q0	50426#0	1
434	Q0	50426#21	0
434	Q0	2037129#3	0
434	Q0	57#47	0
434	Q0	2430994#0	0
434	Q0	76838#0	0
434	Q0	3346388#8	0
434	Q0	3327428#0	0
434	Q0	405523#0	0
434	Q0	3254887#0	0
435	Q0	3692547#1	1
435	Q0	3692547#10	1
435	Q0	3692547#4	0
435	Q0	3692547#0	0
435	Q0	3692547#6	0
435	Q0	3692547#18	0
435	Q0	3692547#13	0
435	Q0	3692547#7	0
435	Q0	3692547#59	0
435	Q0	3692547#33	0
437	Q0	245297#0	1
437	Q0	624991#0	1
437	Q0	86917#0	0
437	Q0	3358693#1	0
437	Q0	1229567#1	0
437	Q0	765014#1	0
437	Q0	1687971#1	0
437	Q0	615327#5	0
437	Q0	1166640#1	0
437	Q0	819947#1	0
437	Q0	1731749#5	0
438	Q0	2237#12	1
438	Q0	309202#1	1
438	Q0	1379390#3	1
438	Q0	1645781#1	1
438	Q0	2667923#0	0
438	Q0	2237#16	0
438	Q0	3869776#0	0
438	Q0	5330#2	0
438	Q0	1270229#8	0
438	Q0	2237#0	0
439	Q0	3727446#1	1
439	Q0	3727446#0	1
439	Q0	33201#19	1
439	Q0	1270957#2	1
439	Q0	742997#2	1
439	Q0	742997#0	0
439	Q0	2323324#0	0
439	Q0	1805910#0	0
439	Q0	2454021#2	0
439	Q0	742997#1	0
440	Q0	1682530#5	1
440	Q0	940437#31	1
440	Q0	10157#5	1
440	Q0	10157#27	0
440	Q0	31896#6	0
440	Q0	82790#32	0
440	Q0	897239#3	0
440	Q0	74660#6	0
440	Q0	1682530#56	0
440	Q0	15729#14	0
440	Q0	10157#14	0
441	Q0	1941090#25	1
441	Q0	2192518#0	1
441	Q0	2815362#8	0
441	Q0	15911#12	0
441	Q0	1941090#64	0
441	Q0	1941090#13	0
441	Q0	1369938#8	0
441	Q0	14867#30	0
441	Q0	14171#3	0
441	Q0	1693265#1	0
441	Q0	3453#6	0
441	Q0	2192518#19	0
442	Q0	1435270#9	1
442	Q0	1507573#7	1
442	Q0	1507573#10	1
442	Q0	783715#1	1
442	Q0	1507573#0	1
442	Q0	783715#22	0
442	Q0	1888184#102	0
442	Q0	1435270#21	0
442	Q0	2557767#73	0
442	Q0	6372#17	0
444	Q0	19069#0	1
444	Q0	99929#19	1
444	Q0	19069#14	0
444	Q0	19069#9	0
444	Q0	704334#0	0
444	Q0	298877#56	0
444	Q0	401002#9	0
444	Q0	19069#16	0
444	Q0	1752172#81	0
444	Q0	1752172#49	0
444	Q0	19069#2	0
448	Q0	842293#0	1
448	Q0	842293#2	0
448	Q0	2011174#4	0
448	Q0	1351152#3	0
448	Q0	842293#3	0
448	Q0	842293#4	0
448	Q0	3107832#1	0
448	Q0	1059147#2	0
448	Q0	1322339#1	0
448	Q0	906982#1	0
449	Q0	205937#0	1
449	Q0	205937#2	1
449	Q0	2967922#0	0
449	Q0	3784666#1	0
449	Q0	3589725#1	0
449	Q0	2331786#2	0
449	Q0	1955719#1	0
449	Q0	3589725#3	0
449	Q0	2361764#1	0
449	Q0	268845#0	0
451	Q0	21402#7	1
451	Q0	21402#2	1
451	Q0	21402#8	0
451	Q0	21402#0	0
451	Q0	135971#1	0
451	Q0	21402#12	0
451	Q0	21402#20	0
451	Q0	21402#10	0
451	Q0	2251191#6	0
451	Q0	21402#54	0
452	Q0	1744365#1	1
452	Q0	1744365#19	1
452	Q0	1744365#2	0
452	Q0	1744365#5	0
452	Q0	1744365#4	0
452	Q0	1744365#17	0
452	Q0	1744365#22	0
452	Q0	1744365#6	0
452	Q0	1744365#7	0
452	Q0	1744365#11	0
454	Q0	79729#1	1
454	Q0	79729#0	1
454	Q0	2341674#4	0
454	Q0	79729#2	0
454	Q0	79729#9	0
454	Q0	66310#2	0
454	Q0	79729#13	0
454	Q0	542463#4	0
454	Q0	776376#1	0
454	Q0	79729#7	0
455	Q0	7848#1	1
455	Q0	66724#0	0
455	Q0	987886#0	0
455	Q0	57#44	0
455	Q0	3083#8	0
455	Q0	65882#6	0
455	Q0	7848#0	0
455	Q0	7848#3	0
455	Q0	66730#1	0
455	Q0	1109#3	0
455	Q0	66727#0	0
456	Q0	199413#4	1
456	Q0	157784#0	1
456	Q0	9369#0	1
456	Q0	327593#2	0
456	Q0	327593#3	0
456	Q0	6202#139	0
456	Q0	3695022#3	0
456	Q0	6202#47	0
456	Q0	120921#23	0
456	Q0	6250#7	0
457	Q0	184537#0	1
457	Q0	184537#3	0
457	Q0	481101#3	0
457	Q0	2854570#3	0
457	Q0	2592291#6	0
457	Q0	184537#2	0
457	Q0	131666#5	0
457	Q0	1522988#6	0
457	Q0	184537#1	0
457	Q0	3559475#2	0
458	Q0	264801#1	1
458	Q0	264801#0	1
458	Q0	121837#71	1
458	Q0	86476#19	1
458	Q0	2741#114	1
458	Q0	3801266#2	0
458	Q0	818627#10	0
458	Q0	25153#71	0
458	Q0	3841608#14	0
458	Q0	121837#81	0
459	Q0	69387#3	1
459	Q0	2775838#1	1
459	Q0	849294#1	1
459	Q0	177646#1	1
459	Q0	177646#8	0
459	Q0	177646#10	0
459	Q0	177646#11	0
459	Q0	392369#22	0
459	Q0	392369#23	0
459	Q0	3448305#5	0
461	Q0	3661#15	1
461	Q0	699555#1	1
461	Q0	850665#12	1
461	Q0	400212#4	1
461	Q0	400212#27	0
461	Q0	400212#71	0
461	Q0	151689#5	0
461	Q0	400212#20	0
461	Q0	400212#99	0
461	Q0	130989#7	0
463	Q0	1725#0	1
463	Q0	6694#3	0
463	Q0	988027#6	0
463	Q0	16935#0	0
463	Q0	47754#3	0
463	Q0	3956#0	0
463	Q0	209133#0	0
463	Q0	483027#1	0
463	Q0	625181#0	0
463	Q0	1725#4	0
464	Q0	257585#0	1
464	Q0	2308844#0	1
464	Q0	81432#0	1
464	Q0	2157066#0	0
464	Q0	2306898#0	0
464	Q0	257585#4	0
464	Q0	566104#0	0
464	Q0	211359#1	0
464	Q0	167237#0	0
464	Q0	2303527#22	0
466	Q0	647284#4	1
466	Q0	3594008#1	0
466	Q0	3594008#0	0
466	Q0	647284#12	0
466	Q0	61064#1	0
466	Q0	391792#5	0
466	Q0	1370901#3	0
466	Q0	60910#1	0
466	Q0	1335854#1	0
466	Q0	2485811#1	0
467	Q0	378155#17	1
467	Q0	378155#5	1
467	Q0	378155#2	1
467	Q0	19484#2	1
467	Q0	378155#15	0
467	Q0	378155#4	0
467	Q0	2771647#10	0
467	Q0	378155#122	0
467	Q0	2771647#9	0
467	Q0	378155#31	0
468	Q0	2273681#2	1
468	Q0	2273681#7	0
468	Q0	2273681#0	0
468	Q0	2273681#19	0
468	Q0	2273681#18	0
468	Q0	2273681#4	0
468	Q0	2273681#25	0
468	Q0	3588423#2	0
468	Q0	2273681#21	0
468	Q0	2273681#15	0
468	Q0	2273681#26	0
469	Q0	17273#5	1
469	Q0	1881306#6	1
469	Q0	17273#1	1
469	Q0	1881306#2	0
469	Q0	488477#2	0
469	Q0	12246#4	0
469	Q0	17273#12	0
469	Q0	976836#3	0
469	Q0	17273#8	0
469	Q0	17273#26	0
470	Q0	8792#2	1
470	Q0	1536#0	1
470	Q0	8792#13	1
470	Q0	8792#3	1
470	Q0	8792#0	1
470	Q0	212067#0	0
470	Q0	8792#12	0
470	Q0	8792#1	0
470	Q0	1012341#0	0
470	Q0	126207#0	0
470	Q0	622202#0	0
471	Q0	2914593#5	1
471	Q0	2914593#6	0
471	Q0	2914593#7	0
471	Q0	2082513#6	0
471	Q0	3756025#2	0
471	Q0	1252329#2	0
471	Q0	2914593#22	0
471	Q0	2914593#47	0
471	Q0	2914593#16	0
471	Q0	2914593#17	0
473	Q0	1546072#1	1
473	Q0	1546072#3	1
473	Q0	1546072#0	0
473	Q0	1546072#17	0
473	Q0	1546072#9	0
473	Q0	1546072#18	0
473	Q0	1546072#2	0
473	Q0	1090185#1	0
473	Q0	1422922#1	0
473	Q0	368434#1	0
476	Q0	220558#22	1
476	Q0	100#63	1
476	Q0	1288375#1	0
476	Q0	31198#7	0
476	Q0	31198#19	0
476	Q0	2421178#57	0
476	Q0	31198#17	0
476	Q0	31198#31	0
476	Q0	3320434#0	0
476	Q0	220558#23	0
476	Q0	31198#2	0
477	Q0	171876#3	1
477	Q0	171876#0	0
477	Q0	129640#2	0
477	Q0	1570035#2	0
477	Q0	106915#2	0
477	Q0	2278567#20	0
477	Q0	171876#27	0
477	Q0	129640#0	0
477	Q0	171876#25	0
477	Q0	171876#20	0
479	Q0	2514887#1	1
479	Q0	2514887#10	0
479	Q0	2514887#8	0
479	Q0	2514887#6	0
479	Q0	2514887#12	0
479	Q0	2514887#28	0
479	Q0	2514887#7	0
479	Q0	2514887#18	0
479	Q0	2514887#19	0
479	Q0	506459#4	0
481	Q0	253110#0	1
481	Q0	1553901#1	1
481	Q0	253110#2	0
481	Q0	3114775#18	0
481	Q0	253110#4	0
481	Q0	802384#1	0
481	Q0	1114320#14	0
481	Q0	2045212#78	0
481	Q0	1553901#3	0
481	Q0	2580393#135	0
482	Q0	3218118#3	1
482	Q0	3218118#1	1
482	Q0	1317867#5	1
482	Q0	1317867#0	1
482	Q0	3218118#5	0
482	Q0	2116218#31	0
482	Q0	57038#90	0
482	Q0	1317867#44	0
482	Q0	1317867#42	0
482	Q0	1317867#49	0
482	Q0	1317867#64	0
482	Q0	1317867#84	0
482	Q0	1317867#68	0
482	Q0	1317867#57	0
483	Q0	195637#3	1
483	Q0	36907#1	1
483	Q0	36907#41	1
483	Q0	2735944#3	0
483	Q0	2742798#5	0
483	Q0	3076314#8	0
483	Q0	3371078#4	0
483	Q0	705938#6	0
483	Q0	2741786#9	0
483	Q0	705595#7	0
483	Q0	36907#4	0
484	Q0	41088#0	1
484	Q0	1815383#22	0
484	Q0	1815383#16	0
484	Q0	1815383#11	0
484	Q0	1815383#42	0
484	Q0	7363#10	0
484	Q0	1815383#14	0
484	Q0	2713932#4	0
484	Q0	41088#1	0
484	Q0	45764#4	0
486	Q0	1587887#0	1
486	Q0	1587871#0	0
486	Q0	438293#0	0
486	Q0	1639329#0	0
486	Q0	1299824#0	0
486	Q0	1631768#0	0
486	Q0	1137804#2	0
486	Q0	1639274#1	0
486	Q0	681843#25	0
486	Q0	2054552#13	0
487	Q0	68020#1	1
487	Q0	427122#0	0
487	Q0	1815931#0	0
487	Q0	68020#31	0
487	Q0	427122#3	0
487	Q0	68020#14	0
487	Q0	881334#2	0
487	Q0	68020#12	0
487	Q0	43841#1	0
487	Q0	589097#0	0
492	Q0	1995045#16	1
492	Q0	1995045#15	0
492	Q0	1995045#0	0
492	Q0	1995045#42	0
492	Q0	1995045#17	0
492	Q0	1995045#19	0
492	Q0	1995045#36	0
492	Q0	2263607#16	0
492	Q0	2260927#10	0
492	Q0	1995045#12	0
494	Q0	647284#4	1
494	Q0	391792#5	0
494	Q0	2487534#4	0
494	Q0	1370901#3	0
494	Q0	431262#15	0
494	Q0	1335854#1	0
494	Q0	2487965#3	0
494	Q0	431334#1	0
494	Q0	431262#6	0
494	Q0	60910#2	0
495	Q0	48651#2	1
495	Q0	27232#21	1
495	Q0	48651#5	0
495	Q0	2661723#3	0
495	Q0	24364#9	0
495	Q0	48697#1	0
495	Q0	27231#19	0
495	Q0	2676235#0	0
495	Q0	57062#54	0
495	Q0	27232#26	0
498	Q0	1753459#1	1
498	Q0	329718#0	0
498	Q0	330346#1	0
498	Q0	2549648#1	0
498	Q0	3811517#8	0
498	Q0	776112#0	0
498	Q0	480310#3	0
498	Q0	2363035#1	0
498	Q0	705209#1	0
498	Q0	257702#7	0
498	Q0	52187#6	0
499	Q0	55491#14	1
499	Q0	97749#6	1
499	Q0	97749#15	0
499	Q0	97749#8	0
499	Q0	957656#2	0
499	Q0	110821#11	0
499	Q0	48103#51	0
499	Q0	161879#3	0
499	Q0	379055#15	0
499	Q0	121796#48	0
500	Q0	1098952#1	1
500	Q0	266038#2	0
500	Q0	2553914#1	0
500	Q0	278240#4	0
500	Q0	199612#4	0
500	Q0	546225#1	0
500	Q0	2020012#39	0
500	Q0	244920#5	0
500	Q0	2271664#62	0
500	Q0	1530556#15	0
500	Q0	963181#4	0
501	Q0	8430#0	1
501	Q0	306571#1	0
501	Q0	85987#1	0
501	Q0	381602#4	0
501	Q0	25002#0	0
501	Q0	88629#3	0
501	Q0	3680681#0	0
501	Q0	29439#4	0
501	Q0	13901#32	0
501	Q0	840580#1	0
501	Q0	350752#1	0
502	Q0	36929#4	1
502	Q0	316604#2	0
502	Q0	705920#1	0
502	Q0	705931#1	0
502	Q0	705838#2	0
502	Q0	316600#2	0
502	Q0	316610#2	0
502	Q0	375764#2	0
502	Q0	1032353#2	0
502	Q0	1032444#3	0
502	Q0	199063#4	0
505	Q0	102412#1	1
505	Q0	102412#11	0
505	Q0	80634#36	0
505	Q0	102412#6	0
505	Q0	1031864#10	0
505	Q0	2084520#4	0
505	Q0	2937958#2	0
505	Q0	2539292#2	0
505	Q0	2718303#7	0
505	Q0	102412#25	0
506	Q0	761710#0	1
506	Q0	166208#0	1
506	Q0	47734#1	1
506	Q0	3021371#4	1
506	Q0	743029#0	1
506	Q0	47734#15	0
506	Q0	166208#16	0
506	Q0	761980#0	0
506	Q0	47734#0	0
506	Q0	59316#0	0
509	Q0	2180749#0	1
509	Q0	2180749#1	1
509	Q0	49951#5	1
509	Q0	2583247#32	0
509	Q0	1648018#3	0
509	Q0	2583247#7	0
509	Q0	549273#0	0
509	Q0	2180749#2	0
509	Q0	2583247#46	0
509	Q0	2583247#29	0
510	Q0	89895#3	1
510	Q0	924104#51	0
510	Q0	924104#52	0
510	Q0	3111575#7	0
510	Q0	3111575#0	0
510	Q0	3111575#3	0
510	Q0	3111575#8	0
510	Q0	3111575#10	0
510	Q0	3111575#2	0
510	Q0	3111575#6	0
510	Q0	3111575#11	0
511	Q0	190986#2	1
511	Q0	2495797#0	1
511	Q0	190986#18	0
511	Q0	190986#31	0
511	Q0	190986#9	0
511	Q0	2495797#3	0
511	Q0	190986#29	0
511	Q0	190986#30	0
511	Q0	2471011#32	0
511	Q0	739377#5	0
512	Q0	3492#2	1
512	Q0	1375193#1	0
512	Q0	589678#4	0
512	Q0	3492#9	0
512	Q0	3492#3	0
512	Q0	3492#11	0
512	Q0	3492#36	0
512	Q0	159049#1	0
512	Q0	3492#37	0
512	Q0	15092#19	0
512	Q0	3530801#3	0
514	Q0	294#0	1
514	Q0	294#43	0
514	Q0	294#26	0
514	Q0	10627#21	0
514	Q0	294#2	0
514	Q0	294#1	0
514	Q0	10627#17	0
514	Q0	351288#21	0
514	Q0	170216#7	0
514	Q0	992443#6	0
515	Q0	15706#0	1
515	Q0	16973#3	1
515	Q0	139357#4	1
515	Q0	1379180#0	1
515	Q0	573982#3	0
515	Q0	16973#2	0
515	Q0	16973#6	0
515	Q0	1023096#0	0
515	Q0	941059#0	0
515	Q0	940197#0	0
516	Q0	2643993#2	1
516	Q0	9393#0	1
516	Q0	9393#1	0
516	Q0	3281909#2	0
516	Q0	6694#7	0
516	Q0	6694#11	0
516	Q0	424173#16	0
516	Q0	6427#0	0
516	Q0	50042#5	0
516	Q0	6427#8	0
516	Q0	9393#11	0
516	Q0	9393#8	0
517	Q0	3473922#2	1
517	Q0	3473922#3	0
517	Q0	2998322#8	0
517	Q0	3473922#9	0
517	Q0	2354206#19	0
517	Q0	599194#7	0
517	Q0	3473922#22	0
517	Q0	3473922#12	0
517	Q0	599194#15	0
517	Q0	10050#42	0
518	Q0	45677#1	1
518	Q0	20061#0	1
518	Q0	733480#0	0
518	Q0	649466#1	0
518	Q0	736066#0	0
518	Q0	43835#1	0
518	Q0	2180282#0	0
518	Q0	2831013#0	0
518	Q0	5040#58	0
518	Q0	2792777#1	0
519	Q0	1087375#0	1
519	Q0	1087375#1	0
519	Q0	1087375#3	0
519	Q0	1087375#2	0
519	Q0	1087375#4	0
519	Q0	1590130#0	0
519	Q0	3525394#0	0
519	Q0	644610#18	0
519	Q0	897812#46	0
519	Q0	1337122#45	0
520	Q0	3881292#21	1
520	Q0	3881292#19	1
520	Q0	3881292#22	1
520	Q0	3881292#36	0
520	Q0	3881292#20	0
520	Q0	3876184#16	0
520	Q0	1577776#81	0
520	Q0	3870754#15	0
520	Q0	3881292#53	0
520	Q0	3384942#31	0
521	Q0	1633063#1	1
521	Q0	1633063#0	0
521	Q0	788868#1	0
521	Q0	819078#2	0
521	Q0	1639466#6	0
521	Q0	1633063#15	0
521	Q0	1633063#24	0
521	Q0	1633063#5	0
521	Q0	882663#27	0
521	Q0	164950#1	0
522	Q0	40090#8	1
522	Q0	40090#43	1
522	Q0	10145#134	1
522	Q0	40090#7	1
522	Q0	40090#23	0
522	Q0	40090#4	0
522	Q0	40090#5	0
522	Q0	40090#26	0
522	Q0	40090#3	0
522	Q0	82070#20	0
525	Q0	19726#4	1
525	Q0	19726#1	1
525	Q0	19726#0	0
525	Q0	19726#5	0
525	Q0	19726#52	0
525	Q0	19726#9	0
525	Q0	655693#4	0
525	Q0	19726#11	0
525	Q0	19726#7	0
525	Q0	19726#27	0
527	Q0	40090#8	1
527	Q0	41562#18	0
527	Q0	40090#7	0
527	Q0	40090#0	0
527	Q0	856738#1	0
527	Q0	40090#55	0
527	Q0	856738#3	0
527	Q0	40090#5	0
527	Q0	15740#4	0
527	Q0	125796#5	0
528	Q0	6557#6	1
528	Q0	2401443#2	0
528	Q0	6557#11	0
528	Q0	663038#35	0
528	Q0	6557#19	0
528	Q0	144455#4	0
528	Q0	6557#7	0
528	Q0	6557#17	0
528	Q0	997589#5	0
528	Q0	435738#5	0
528	Q0	2888395#0	0
529	Q0	494234#5	1
529	Q0	494234#3	1
529	Q0	493454#8	1
529	Q0	2777625#29	0
529	Q0	1628286#2	0
529	Q0	2473613#2	0
529	Q0	2821015#5	0
529	Q0	2779249#4	0
529	Q0	756353#3	0
529	Q0	1948267#2	0
530	Q0	1909548#11	1
530	Q0	1909548#12	0
530	Q0	1909548#20	0
530	Q0	1909548#0	0
530	Q0	1909548#59	0
530	Q0	187498#8	0
530	Q0	289990#0	0
530	Q0	1909548#33	0
530	Q0	1073750#4	0
530	Q0	2226263#9	0
533	Q0	235177#8	1
533	Q0	235177#22	0
533	Q0	235177#32	0
533	Q0	2725190#0	0
533	Q0	576554#8	0
533	Q0	1441#26	0
533	Q0	9648#14	0
533	Q0	235177#7	0
533	Q0	2041008#5	0
533	Q0	3706900#1	0
535	Q0	68317#12	1
535	Q0	120209#7	1
535	Q0	2663974#1	0
535	Q0	327761#12	0
535	Q0	239592#3	0
535	Q0	925163#2	0
535	Q0	3372790#4	0
535	Q0	595013#1	0
535	Q0	3248327#1	0
535	Q0	2826493#1	0
536	Q0	81460#4	1
536	Q0	81460#26	0
536	Q0	81460#13	0
536	Q0	81460#2	0
536	Q0	81460#20	0
536	Q0	153416#12	0
536	Q0	1500835#0	0
536	Q0	81460#5	0
536	Q0	1134221#1	0
536	Q0	3509254#3	0
538	Q0	732944#2	1
538	Q0	1188580#4	0
538	Q0	732944#22	0
538	Q0	732944#23	0
538	Q0	732944#6	0
538	Q0	732944#0	0
538	Q0	646556#5	0
538	Q0	488980#17	0
538	Q0	849094#10	0
538	Q0	732944#16	0
538	Q0	732944#25	0
539	Q0	317841#1	1
539	Q0	3122874#0	1
539	Q0	3146997#0	1
539	Q0	3154084#0	1
539	Q0	317841#13	0
539	Q0	2545193#4	0
539	Q0	1825181#0	0
539	Q0	7317#92	0
539	Q0	3044443#0	0
539	Q0	463482#3	0
541	Q0	462#8	1
541	Q0	1974854#19	1
541	Q0	1698878#1	1
541	Q0	1974854#18	1
541	Q0	1974854#4	0
541	Q0	29110#5	0
541	Q0	338302#11	0
541	Q0	1309756#0	0
541	Q0	654243#71	0
541	Q0	3324290#2	0
542	Q0	1592476#64	1
542	Q0	1849029#36	1
542	Q0	5230#4	1
542	Q0	664463#0	1
542	Q0	313875#19	0
542	Q0	534306#0	0
542	Q0	5230#3	0
542	Q0	74718#14	0
542	Q0	1194075#1	0
542	Q0	1153455#20	0
542	Q0	313885#26	0
543	Q0	3214375#27	1
543	Q0	1282144#34	1
543	Q0	3214375#3	1
543	Q0	3214375#0	0
543	Q0	136498#11	0
543	Q0	3214375#28	0
543	Q0	3214375#7	0
543	Q0	3214375#29	0
543	Q0	3214375#25	0
543	Q0	3214375#9	0
544	Q0	3206725#0	1
544	Q0	3672015#0	1
544	Q0	3672015#1	0
544	Q0	2171355#0	0
544	Q0	340932#5	0
544	Q0	169912#0	0
544	Q0	1023289#2	0
544	Q0	2323520#1	0
544	Q0	1465921#0	0
544	Q0	3052985#1	0
545	Q0	33148#34	1
545	Q0	33148#1	1
545	Q0	2743160#25	0
545	Q0	200606#11	0
545	Q0	993818#4	0
545	Q0	2934434#15	0
545	Q0	99839#82	0
545	Q0	3579642#0	0
545	Q0	18192#0	0
545	Q0	251705#0	0
545	Q0	99839#121	0
546	Q0	30933#4	1
546	Q0	30933#1	0
546	Q0	30933#12	0
546	Q0	30933#5	0
546	Q0	30933#7	0
546	Q0	30933#3	0
546	Q0	30933#0	0
546	Q0	30933#10	0
546	Q0	30933#6	0
546	Q0	30933#2	0
547	Q0	407334#1	1
547	Q0	1904161#0	0
547	Q0	407334#8	0
547	Q0	407334#15	0
547	Q0	22864#4	0
547	Q0	1327617#3	0
547	Q0	407334#13	0
547	Q0	2420112#11	0
547	Q0	70268#0	0
547	Q0	371810#18	0
548	Q0	320814#0	1
548	Q0	257593#0	0
548	Q0	320814#1	0
548	Q0	205174#1	0
548	Q0	1838478#0	0
548	Q0	209944#0	0
548	Q0	3853104#0	0
548	Q0	3825270#1	0
548	Q0	666691#0	0
548	Q0	2038351#0	0
549	Q0	321717#5	1
549	Q0	639689#22	1
549	Q0	772542#1	0
549	Q0	2904958#23	0
549	Q0	2582831#12	0
549	Q0	176266#5	0
549	Q0	1234974#38	0
549	Q0	2582831#10	0
549	Q0	2904958#16	0
549	Q0	2904958#8	0
550	Q0	69958#1	1
550	Q0	174207#1	0
550	Q0	155530#1	0
550	Q0	69958#2	0
550	Q0	1986038#1	0
550	Q0	882489#1	0
550	Q0	69958#4	0
550	Q0	87565#29	0
550	Q0	668121#1	0
550	Q0	69958#3	0
552	Q0	3715922#13	1
552	Q0	3397744#1	1
552	Q0	3715922#0	0
552	Q0	3715922#9	0
552	Q0	3715922#21	0
552	Q0	3715922#11	0
552	Q0	3341739#4	0
552	Q0	3715922#15	0
552	Q0	3715922#16	0
552	Q0	3715922#2	0
553	Q0	10334#9	1
553	Q0	10334#0	0
553	Q0	3775#46	0
553	Q0	35585#40	0
553	Q0	10334#33	0
553	Q0	2123857#8	0
553	Q0	10334#2	0
553	Q0	837138#35	0
553	Q0	2123857#6	0
553	Q0	10334#26	0
553	Q0	10334#28	0
554	Q0	17586#0	1
554	Q0	2023164#6	1
554	Q0	590085#1	0
554	Q0	2385661#4	0
554	Q0	2006458#0	0
554	Q0	2046388#3	0
554	Q0	1111109#0	0
554	Q0	32715#32	0
554	Q0	1111109#1	0
554	Q0	1017450#45	0
554	Q0	78697#6	0
555	Q0	194442#5	1
555	Q0	116748#9	1
555	Q0	2838807#1	1
555	Q0	1096251#4	1
555	Q0	2838807#13	1
555	Q0	2838807#7	0
555	Q0	2838807#27	0
555	Q0	7988#26	0
555	Q0	116788#8	0
555	Q0	2838807#2	0
555	Q0	2838807#31	0
555	Q0	2838807#16	0
555	Q0	2838807#17	0
556	Q0	439539#23	1
556	Q0	110454#6	1
556	Q0	110454#29	0
556	Q0	110454#0	0
556	Q0	122279#3	0
556	Q0	110454#28	0
556	Q0	128292#30	0
556	Q0	110454#4	0
556	Q0	66183#20	0
556	Q0	110454#26	0
556	Q0	110454#3	0
557	Q0	94110#1	1
557	Q0	23978#150	0
557	Q0	23918#40	0
557	Q0	622311#3	0
557	Q0	23893#19	0
557	Q0	1241645#9	0
557	Q0	57163#0	0
557	Q0	23236#36	0
557	Q0	3360498#12	0
557	Q0	330500#10	0
557	Q0	23893#0	0
558	Q0	321880#0	1
558	Q0	321880#11	0
558	Q0	321880#15	0
558	Q0	321880#14	0
558	Q0	321880#17	0
558	Q0	379288#32	0
558	Q0	3297404#10	0
558	Q0	321880#4	0
558	Q0	1449956#21	0
558	Q0	1396535#16	0
559	Q0	3019687#6	1
559	Q0	3019687#1	1
559	Q0	3019687#0	0
559	Q0	1578369#2	0
559	Q0	625582#3	0
559	Q0	3078493#8	0
559	Q0	519226#26	0
559	Q0	334986#34	0
559	Q0	2179742#5	0
559	Q0	3151583#1	0
560	Q0	904935#0	1
560	Q0	656292#0	0
560	Q0	789930#0	0
560	Q0	130384#29	0
560	Q0	130384#0	0
560	Q0	130384#31	0
560	Q0	656292#3	0
560	Q0	656292#5	0
560	Q0	130384#26	0
560	Q0	656292#2	0
561	Q0	3398037#0	1
561	Q0	3398037#3	1
561	Q0	3398037#9	0
561	Q0	3398037#1	0
561	Q0	3406639#7	0
561	Q0	3398037#11	0
561	Q0	3406639#6	0
561	Q0	3398037#8	0
561	Q0	3398037#14	0
561	Q0	3695497#5	0
561	Q0	3406639#5	0
562	Q0	203639#4	1
562	Q0	203639#1	0
562	Q0	203639#0	0
562	Q0	3350872#1	0
562	Q0	165874#1	0
562	Q0	2705073#2	0
562	Q0	2489006#0	0
562	Q0	2376289#2	0
562	Q0	2733580#1	0
562	Q0	3696840#0	0
562	Q0	2007936#1	0
563	Q0	8205#5	1
563	Q0	2680145#16	1
563	Q0	2016#30	1
563	Q0	8205#2	1
563	Q0	8205#27	0
563	Q0	8205#19	0
563	Q0	188753#61	0
563	Q0	4182#43	0
563	Q0	571982#153	0
563	Q0	153619#25	0
564	Q0	6376#30	1
564	Q0	154351#0	1
564	Q0	3874874#1	1
564	Q0	3874874#15	0
564	Q0	6376#3	0
564	Q0	8424#11	0
564	Q0	3874874#10	0
564	Q0	154351#3	0
564	Q0	3874874#9	0
564	Q0	1594862#0	0
564	Q0	3874874#36	0
565	Q0	15976#5	1
565	Q0	15976#6	1
565	Q0	15976#9	0
565	Q0	15976#32	0
565	Q0	469730#6	0
565	Q0	469730#14	0
565	Q0	2049001#1	0
565	Q0	775969#1	0
565	Q0	224919#9	0
565	Q0	27275#17	0
566	Q0	25068#14	1
566	Q0	25068#13	1
566	Q0	25068#15	1
566	Q0	265976#0	0
566	Q0	177991#8	0
566	Q0	265976#6	0
566	Q0	265976#1	0
566	Q0	25068#17	0
566	Q0	3042459#0	0
566	Q0	25068#12	0
567	Q0	723049#2	1
567	Q0	723049#0	1
567	Q0	723049#4	0
567	Q0	723049#1	0
567	Q0	2727465#1	0
567	Q0	731000#4	0
567	Q0	2567736#2	0
567	Q0	3061374#1	0
567	Q0	723049#3	0
567	Q0	723049#8	0
568	Q0	358548#1	1
568	Q0	2508973#0	1
568	Q0	1625815#1	1
568	Q0	2509151#0	0
568	Q0	2509072#0	0
568	Q0	2509190#0	0
568	Q0	1300371#0	0
568	Q0	2508956#0	0
568	Q0	3318226#1	0
568	Q0	2509271#0	0
568	Q0	2509238#0	0
570	Q0	2001340#14	1
570	Q0	2001340#27	0
570	Q0	2001340#25	0
570	Q0	2001340#0	0
570	Q0	2001340#17	0
570	Q0	2001340#28	0
570	Q0	2001340#38	0
570	Q0	2001340#18	0
570	Q0	2001340#46	0
570	Q0	2001340#42	0
571	Q0	72889#2	1
571	Q0	72889#5	1
571	Q0	72889#1	0
571	Q0	72889#31	0
571	Q0	72889#28	0
571	Q0	72889#36	0
571	Q0	48387#25	0
571	Q0	887551#6	0
571	Q0	72889#38	0
571	Q0	741905#3	0
571	Q0	72889#3	0
572	Q0	22142#4	1
572	Q0	147694#3	0
572	Q0	625121#2	0
572	Q0	689117#0	0
572	Q0	129210#1	0
572	Q0	1375677#0	0
572	Q0	1628692#11	0
572	Q0	689117#1	0
572	Q0	266#31	0
572	Q0	2826874#9	0
573	Q0	2222571#3	1
573	Q0	433651#0	0
573	Q0	1951477#2	0
573	Q0	565459#13	0
573	Q0	282862#1	0
573	Q0	113597#23	0
573	Q0	2222571#65	0
573	Q0	171756#0	0
573	Q0	1655475#8	0
573	Q0	433651#4	0
574	Q0	71797#1	1
574	Q0	1141757#1	0
574	Q0	1239453#1	0
574	Q0	152783#0	0
574	Q0	2745861#18	0
574	Q0	19032#1	0
574	Q0	2745861#17	0
574	Q0	2746562#4	0
574	Q0	1932576#4	0
574	Q0	150403#27	0
575	Q0	130905#0	1
575	Q0	130905#1	0
575	Q0	325338#6	0
575	Q0	949245#4	0
575	Q0	2673928#8	0
575	Q0	3710193#49	0
575	Q0	215213#52	0
575	Q0	3544979#0	0
575	Q0	3460803#2	0
575	Q0	1130121#81	0
576	Q0	3623503#0	1
576	Q0	2455943#1	0
576	Q0	3622937#4	0
576	Q0	2559116#0	0
576	Q0	2559116#1	0
576	Q0	3623503#23	0
576	Q0	2455943#0	0
576	Q0	3622937#0	0
576	Q0	3623503#3	0
576	Q0	3623503#22	0
579	Q0	2471011#4	1
579	Q0	190717#2	1
579	Q0	41989#6	0
579	Q0	872553#1	0
579	Q0	2347#11	0
579	Q0	106891#1	0
579	Q0	3480632#1	0
579	Q0	41989#5	0
579	Q0	3565770#1	0
579	Q0	2489891#3	0
583	Q0	69104#3	1
583	Q0	69104#5	0
583	Q0	538138#4	0
583	Q0	80018#5	0
583	Q0	69104#10	0
583	Q0	285877#1	0
583	Q0	69104#16	0
583	Q0	538138#6	0
583	Q0	1793526#3	0
583	Q0	1793526#1	0
583	Q0	1431571#2	0
584	Q0	393431#10	1
584	Q0	1449200#24	1
584	Q0	393431#13	0
584	Q0	319725#5	0
584	Q0	2221565#4	0
584	Q0	393431#6	0
584	Q0	516361#2	0
584	Q0	66305#27	0
584	Q0	744535#2	0
584	Q0	91986#17	0
585	Q0	510795#19	1
585	Q0	1834#0	1
585	Q0	408879#18	0
585	Q0	789#52	0
585	Q0	1149#2	0
585	Q0	510795#13	0
585	Q0	412687#1	0
585	Q0	510795#22	0
585	Q0	2146#2	0
585	Q0	765107#11	0
585	Q0	408879#17	0
586	Q0	3025535#5	1
586	Q0	3025535#144	0
586	Q0	3025535#0	0
586	Q0	3025535#200	0
586	Q0	3025535#188	0
586	Q0	3025535#141	0
586	Q0	3025535#64	0
586	Q0	3025535#176	0
586	Q0	3025535#16	0
586	Q0	3025535#172	0
587	Q0	2804084#7	1
587	Q0	9751#2	1
587	Q0	2638350#0	0
587	Q0	1989649#19	0
587	Q0	1532070#8	0
587	Q0	1655403#0	0
587	Q0	511030#4	0
587	Q0	1061529#3	0
587	Q0	1175850#4	0
587	Q0	2618564#2	0
589	Q0	3469855#3	1
589	Q0	1175219#0	1
589	Q0	3469855#6	0
589	Q0	1843081#2	0
589	Q0	3470130#4	0
589	Q0	368349#6	0
589	Q0	859535#7	0
589	Q0	3470130#6	0
589	Q0	974830#6	0
589	Q0	595313#1	0
591	Q0	1905817#1	1
591	Q0	1977768#1	1
591	Q0	1905817#0	0
591	Q0	2447811#1	0
591	Q0	1715236#0	0
591	Q0	1905817#7	0
591	Q0	1905817#3	0
591	Q0	1905817#13	0
591	Q0	1905817#18	0
591	Q0	1715236#1	0
592	Q0	15520#6	1
592	Q0	15520#0	1
592	Q0	3714245#16	0
592	Q0	1191558#1	0
592	Q0	594778#6	0
592	Q0	3311704#1	0
592	Q0	594776#0	0
592	Q0	177491#7	0
592	Q0	15520#5	0
592	Q0	2809899#1	0
596	Q0	767570#0	1
596	Q0	1420111#76	0
596	Q0	767570#26	0
596	Q0	512209#6	0
596	Q0	753624#0	0
596	Q0	767570#7	0
596	Q0	767570#6	0
596	Q0	493396#0	0
596	Q0	767570#41	0
596	Q0	2092467#0	0
598	Q0	1196361#2	1
598	Q0	1777003#7	0
598	Q0	1089231#2	0
598	Q0	7638#36	0
598	Q0	1978708#4	0
598	Q0	44100#9	0
598	Q0	491194#1	0
598	Q0	1499069#4	0
598	Q0	7638#35	0
598	Q0	3523248#6	0
598	Q0	214416#2	0
599	Q0	59332#9	1
600	Q0	1845615#0	1
601	Q0	1156222#3	1
601	Q0	1156222#10	1
602	Q0	100155#0	1
603	Q0	1104099#2	1
604	Q0	247#1	1
605	Q0	1259092#0	1
606	Q0	2591011#2	1
606	Q0	2591011#3	0
606	Q0	2591011#7	0
607	Q0	3742284#9	1
611	Q0	1180481#0	1
613	Q0	60192#4	1
614	Q0	242072#0	1
615	Q0	1993816#1	1
616	Q0	1487214#0	1
616	Q0	1487214#5	0
617	Q0	5149#0	1
622	Q0	544402#2	1
623	Q0	159656#1	1
624	Q0	181816#1	1
626	Q0	54473#1	1
627	Q0	97314#3	1
628	Q0	2903630#0	1
629	Q0	200962#0	1
630	Q0	216702#1	1
631	Q0	1790688#2	1
632	Q0	513710#0	1
633	Q0	367392#5	1
636	Q0	421079#2	1
637	Q0	1294407#3	1
638	Q0	2173#14	1
641	Q0	1580095#2	1
642	Q0	34668#10	1
643	Q0	3806472#0	1
644	Q0	2739864#0	1
645	Q0	858441#0	1
646	Q0	55484#0	1
650	Q0	2273#3	1
651	Q0	129753#0	1
652	Q0	70988#0	1
653	Q0	2058067#8	1
654	Q0	309220#1	1
654	Q0	309220#104	0
656	Q0	44334#4	1
657	Q0	104828#0	1
660	Q0	59554#0	1
662	Q0	3578860#0	1
666	Q0	2075#0	1
667	Q0	691439#5	1
668	Q0	351348#10	1
669	Q0	1698878#1	1
671	Q0	3387#2	1
672	Q0	2099182#3	1
675	Q0	190461#4	1
676	Q0	1029125#0	1
678	Q0	738583#0	1
679	Q0	79234#2	1
683	Q0	3407330#0	1
684	Q0	85202#13	1
686	Q0	342884#0	1
687	Q0	5261#5	1
688	Q0	232969#1	1
690	Q0	36907#2	1
691	Q0	6514#0	1
691	Q0	6514#7	0
693	Q0	53915#1	1
693	Q0	53915#97	0
694	Q0	416531#1	1
696	Q0	6566#2	1
697	Q0	1686991#1	1
699	Q0	222815#4	1
702	Q0	279181#8	1
703	Q0	166440#1	1
705	Q0	3012468#2	1
705	Q0	3012468#3	1
706	Q0	2692399#0	1
707	Q0	3344606#0	1
708	Q0	271934#0	1
710	Q0	11514#8	1
711	Q0	226293#2	1
713	Q0	485791#4	1
713	Q0	485791#2	0
713	Q0	485791#3	0
714	Q0	311877#0	1
715	Q0	860280#1	1
716	Q0	1065584#1	1
720	Q0	360327#0	1
721	Q0	679943#0	1
724	Q0	11282#12	1
725	Q0	350979#3	1
728	Q0	21403#0	1
729	Q0	8380#8	1
730	Q0	1114#3	1
732	Q0	985294#0	1
733	Q0	2487766#2	1
735	Q0	31162#8	1
737	Q0	512527#0	1
738	Q0	1002625#13	1
739	Q0	3240945#1	1
740	Q0	114101#8	1
742	Q0	27776#3	1
743	Q0	3233#0	1
743	Q0	3233#2	0
746	Q0	2038668#4	1
748	Q0	20711#0	1
749	Q0	896224#2	1
751	Q0	1741050#1	1
753	Q0	380413#1	1
756	Q0	2363096#0	1
758	Q0	2020271#2	1
760	Q0	637720#4	1
761	Q0	257875#0	1
762	Q0	164428#0	1
763	Q0	1723076#0	1
765	Q0	656948#2	1
766	Q0	80521#0	1
766	Q0	80521#5	0
766	Q0	80521#6	0
767	Q0	117560#2	1
769	Q0	99700#1	1
770	Q0	8754#0	1
771	Q0	3513674#0	1
772	Q0	30428#0	1
773	Q0	27539#0	1
774	Q0	53241#0	1
775	Q0	266871#6	1
776	Q0	34319#6	1
777	Q0	1443906#15	1
778	Q0	1803#0	1
779	Q0	790785#1	1
779	Q0	12648#13	0
779	Q0	25563#31	0
779	Q0	12648#9	0
779	Q0	868760#5	0
779	Q0	1440280#34	0
779	Q0	790785#4	0
779	Q0	790785#2	0
779	Q0	224669#4	0
779	Q0	722610#1	0
779	Q0	2045212#47	0
780	Q0	68180#6	1
780	Q0	62253#33	1
780	Q0	10723#1	1
780	Q0	10723#75	0
780	Q0	10723#62	0
780	Q0	173341#4	0
780	Q0	10985#12	0
780	Q0	1730996#5	0
780	Q0	246291#2	0
780	Q0	68180#0	0
780	Q0	68180#2	0
780	Q0	10723#65	0
782	Q0	2906774#3	1
782	Q0	2695011#4	1
782	Q0	173461#10	1
782	Q0	173461#9	1
782	Q0	173461#29	0
782	Q0	64409#10	0
782	Q0	173461#0	0
782	Q0	173461#13	0
782	Q0	173461#31	0
782	Q0	71661#2	0
782	Q0	173461#32	0
783	Q0	265931#0	1
783	Q0	3887635#7	1
783	Q0	265931#5	0
783	Q0	265931#3	0
783	Q0	265931#2	0
783	Q0	2472184#15	0
783	Q0	1164653#24	0
783	Q0	760875#0	0
783	Q0	692064#15	0
783	Q0	265931#1	0
784	Q0	54209#7	1
784	Q0	3071866#2	0
784	Q0	2875864#7	0
784	Q0	3022925#13	0
784	Q0	54209#0	0
784	Q0	54209#6	0
784	Q0	1035802#3	0
784	Q0	2450877#95	0
784	Q0	3022925#11	0
784	Q0	2450877#94	0
784	Q0	3289789#10	0
786	Q0	1861197#5	1
786	Q0	1988211#128	1
786	Q0	1001327#22	1
786	Q0	1861197#3	1
786	Q0	680277#1	0
786	Q0	2486527#31	0
786	Q0	2486527#54	0
786	Q0	2486527#60	0
786	Q0	2486527#70	0
786	Q0	2486527#43	0
786	Q0	2486527#20	0
787	Q0	453531#4	1
787	Q0	453531#6	1
787	Q0	335286#15	1
787	Q0	2271629#2	1
787	Q0	335286#16	0
787	Q0	453531#0	0
787	Q0	335286#13	0
787	Q0	3552393#2	0
787	Q0	453531#12	0
787	Q0	453531#7	0
788	Q0	86374#5	1
788	Q0	12110#6	1
788	Q0	16122#3	0
788	Q0	286332#1	0
788	Q0	12110#3	0
788	Q0	993090#2	0
788	Q0	12110#4	0
788	Q0	1518200#10	0
788	Q0	103282#1	0
788	Q0	11801#55	0
790	Q0	33206#3	1
790	Q0	33206#0	0
790	Q0	33206#1	0
790	Q0	3252440#2	0
790	Q0	33206#52	0
790	Q0	33206#6	0
790	Q0	3619323#1	0
790	Q0	1094341#5	0
790	Q0	938388#1	0
790	Q0	268385#0	0
790	Q0	1044482#1	0
791	Q0	964315#0	1
791	Q0	22333#15	0
791	Q0	1563151#17	0
791	Q0	39669#6	0
791	Q0	181500#27	0
791	Q0	39669#10	0
791	Q0	2410890#4	0
791	Q0	39669#9	0
791	Q0	880877#7	0
791	Q0	394476#18	0
792	Q0	3581495#1	1
792	Q0	3581495#0	1
792	Q0	3581495#23	0
792	Q0	3581495#9	0
792	Q0	3581495#7	0
792	Q0	3581495#18	0
792	Q0	3581495#11	0
792	Q0	3581495#12	0
792	Q0	3581495#6	0
792	Q0	3581495#15	0
793	Q0	3747#4	1
793	Q0	517695#3	0
793	Q0	17602#129	0
793	Q0	3962#4	0
793	Q0	86074#1	0
793	Q0	1578084#0	0
793	Q0	849572#2	0
793	Q0	86075#13	0
793	Q0	3747#57	0
793	Q0	17905#122	0
795	Q0	598374#1	1
795	Q0	598374#16	1
795	Q0	598374#15	1
795	Q0	598374#10	1
795	Q0	598374#11	0
795	Q0	598374#14	0
795	Q0	598374#5	0
795	Q0	598374#0	0
795	Q0	3766061#3	0
795	Q0	598374#18	0
796	Q0	1514#0	1
796	Q0	1514#18	0
796	Q0	1514#9	0
796	Q0	1514#28	0
796	Q0	1514#24	0
796	Q0	1514#29	0
796	Q0	1514#23	0
796	Q0	1514#14	0
796	Q0	1514#1	0
796	Q0	1514#2	0
797	Q0	1532168#3	1
797	Q0	2175662#1	0
797	Q0	1174960#4	0
797	Q0	1532168#14	0
797	Q0	1269008#4	0
797	Q0	1532168#6	0
797	Q0	1532168#0	0
797	Q0	511671#0	0
797	Q0	1532168#13	0
797	Q0	1532168#4	0
798	Q0	732154#1	1
798	Q0	732154#0	0
798	Q0	495955#1	0
798	Q0	1810544#1	0
798	Q0	113042#1	0
798	Q0	175134#1	0
798	Q0	596900#1	0
798	Q0	1096737#1	0
798	Q0	80349#1	0
798	Q0	7522#2	0
799	Q0	2887243#9	1
799	Q0	2887243#10	0
799	Q0	2887243#6	0
799	Q0	2887243#24	0
799	Q0	2887243#2	0
799	Q0	2887243#0	0
799	Q0	2887243#15	0
799	Q0	2887243#25	0
799	Q0	2887243#12	0
799	Q0	2887243#18	0
799	Q0	2887243#3	0
799	Q0	2887243#17	0
799	Q0	2887243#1	0
799	Q0	2887243#5	0
799	Q0	2887243#13	0
799	Q0	2887243#11	0
800	Q0	2361175#114	1
800	Q0	3132#2	1
800	Q0	63665#4	0
800	Q0	41876#9	0
800	Q0	2067606#39	0
800	Q0	3132#35	0
800	Q0	1303398#23	0
800	Q0	3132#3	0
800	Q0	35535#184	0
800	Q0	3341215#19	0
801	Q0	539319#10	1
801	Q0	1898520#4	1
801	Q0	479153#7	1
801	Q0	1898520#3	0
801	Q0	539319#19	0
801	Q0	2519707#80	0
801	Q0	108337#2	0
801	Q0	1303980#8	0
801	Q0	68521#7	0
801	Q0	68521#8	0
801	Q0	390184#2	0
804	Q0	497193#10	1
804	Q0	497193#38	0
804	Q0	1223115#3	0
804	Q0	497193#26	0
804	Q0	3545559#12	0
804	Q0	204111#1	0
804	Q0	476379#12	0
804	Q0	497193#11	0
804	Q0	1223115#2	0
804	Q0	311946#6	0
805	Q0	303297#0	1
805	Q0	111906#0	0
805	Q0	772458#12	0
805	Q0	91176#7	0
805	Q0	223095#17	0
805	Q0	1605984#5	0
805	Q0	987357#4	0
805	Q0	3506132#7	0
805	Q0	987357#2	0
805	Q0	288818#0	0
806	Q0	3255366#23	1
806	Q0	712199#24	1
806	Q0	2471#7	1
806	Q0	83513#2	0
806	Q0	83513#9	0
806	Q0	2471#8	0
806	Q0	2030#13	0
806	Q0	69669#3	0
806	Q0	60069#8	0
806	Q0	2033#0	0
806	Q0	2126071#6	0
807	Q0	892240#19	1
807	Q0	892240#3	1
807	Q0	892240#20	1
807	Q0	892240#12	1
807	Q0	892240#13	1
807	Q0	758809#3	0
807	Q0	873524#9	0
807	Q0	2327762#6	0
807	Q0	2053214#3	0
807	Q0	131493#5	0
808	Q0	12901#0	1
808	Q0	341717#0	1
808	Q0	12898#19	0
808	Q0	3119911#1	0
808	Q0	116346#7	0
808	Q0	305028#1	0
808	Q0	1819107#0	0
808	Q0	1975715#5	0
808	Q0	1851257#4	0
808	Q0	12898#10	0
809	Q0	58803#0	1
809	Q0	3624381#1	0
809	Q0	68242#0	0
809	Q0	59703#16	0
809	Q0	3789136#0	0
809	Q0	68242#4	0
809	Q0	1355237#10	0
809	Q0	58803#18	0
809	Q0	68242#3	0
809	Q0	3789136#3	0
809	Q0	68242#6	0
809	Q0	58803#5	0
810	Q0	1704993#1	1
810	Q0	1704993#0	1
810	Q0	655693#4	0
810	Q0	2791272#1	0
810	Q0	175989#1	0
810	Q0	1704993#3	0
810	Q0	568527#2	0
810	Q0	3881824#1	0
810	Q0	2259780#1	0
810	Q0	2197774#2	0
811	Q0	94238#1	1
811	Q0	1206778#1	0
811	Q0	2221#12	0
811	Q0	1182558#0	0
811	Q0	94238#9	0
811	Q0	2378302#5	0
811	Q0	94238#12	0
811	Q0	3105206#0	0
811	Q0	2221#20	0
811	Q0	94238#15	0
811	Q0	94238#7	0
812	Q0	1249205#3	1
812	Q0	1249205#23	0
812	Q0	1249205#0	0
812	Q0	1249205#5	0
812	Q0	1249205#7	0
812	Q0	1249205#9	0
812	Q0	1249205#6	0
812	Q0	1249205#19	0
812	Q0	1249205#22	0
812	Q0	1249205#10	0
813	Q0	3720798#2	1
813	Q0	2119633#7	0
813	Q0	3720798#10	0
813	Q0	3270682#4	0
813	Q0	2119633#1	0
813	Q0	1451039#0	0
813	Q0	3720798#6	0
813	Q0	1531#32	0
813	Q0	88464#26	0
813	Q0	1451039#3	0
814	Q0	1331124#0	1
814	Q0	67530#2	1
814	Q0	164183#96	1
814	Q0	164183#2	1
814	Q0	34134#7	0
814	Q0	1965755#0	0
814	Q0	798437#0	0
814	Q0	2392479#1	0
814	Q0	2392479#7	0
814	Q0	16600#2	0
815	Q0	2412072#0	1
815	Q0	2412072#3	0
815	Q0	2412072#1	0
815	Q0	1676338#1	0
815	Q0	448217#1	0
815	Q0	945631#1	0
815	Q0	3694898#4	0
815	Q0	2412072#5	0
815	Q0	3033013#3	0
815	Q0	2412072#7	0
815	Q0	189753#3	0
816	Q0	3238002#1	1
816	Q0	3238002#14	1
816	Q0	1137512#3	0
816	Q0	3238002#12	0
816	Q0	3238002#8	0
816	Q0	1137512#8	0
816	Q0	3238002#11	0
816	Q0	1137512#6	0
816	Q0	1137512#82	0
816	Q0	3238002#13	0
818	Q0	53328#4	1
818	Q0	53328#10	1
818	Q0	53634#11	1
818	Q0	53634#14	0
818	Q0	53328#30	0
818	Q0	53328#21	0
818	Q0	53328#31	0
818	Q0	53328#5	0
818	Q0	53328#3	0
818	Q0	53328#2	0
818	Q0	53328#0	0
819	Q0	141617#15	1
819	Q0	2196402#29	1
819	Q0	141617#20	1
819	Q0	141617#9	0
819	Q0	2503370#1	0
819	Q0	141617#5	0
819	Q0	2631788#26	0
819	Q0	2631788#27	0
819	Q0	141617#4	0
819	Q0	141617#21	0
821	Q0	376326#0	1
821	Q0	608736#0	0
821	Q0	1989835#21	0
821	Q0	49962#5	0
821	Q0	195211#1	0
821	Q0	313150#1	0
821	Q0	3449857#8	0
821	Q0	351786#1	0
821	Q0	1535861#3	0
821	Q0	2629870#2	0
822	Q0	944179#7	1
822	Q0	861168#0	1
822	Q0	3121218#3	1
822	Q0	1607313#5	1
822	Q0	1607313#20	1
822	Q0	861168#17	0
822	Q0	3431414#2	0
822	Q0	3121218#1	0
822	Q0	401913#7	0
822	Q0	3064704#2	0
824	Q0	3695832#16	1
824	Q0	3695832#0	0
824	Q0	151169#17	0
824	Q0	8622#12	0
824	Q0	3695832#19	0
824	Q0	3838815#0	0
824	Q0	3695832#5	0
824	Q0	3695832#6	0
824	Q0	3695832#12	0
824	Q0	50763#18	0
824	Q0	3695832#3	0
826	Q0	29280#7	1
826	Q0	3765177#0	1
826	Q0	2139260#0	1
826	Q0	2180445#0	1
826	Q0	29280#0	1
826	Q0	29280#6	0
826	Q0	29280#2	0
826	Q0	3645397#1	0
826	Q0	29280#13	0
826	Q0	29280#1	0
826	Q0	29280#5	0
828	Q0	6370#14	1
828	Q0	1486107#14	1
828	Q0	263490#0	1
828	Q0	2987862#2	0
828	Q0	329064#2	0
828	Q0	2863#6	0
828	Q0	3792108#0	0
828	Q0	3789347#0	0
828	Q0	263619#0	0
828	Q0	3797563#17	0
829	Q0	5149#10	1
829	Q0	2345606#5	0
829	Q0	677049#3	0
829	Q0	468958#5	0
829	Q0	677049#5	0
829	Q0	677049#1	0
829	Q0	2345606#1	0
829	Q0	5149#9	0
829	Q0	468958#0	0
829	Q0	677049#2	0
830	Q0	46723#2	1
830	Q0	46723#0	1
830	Q0	545704#0	0
830	Q0	529684#1	0
830	Q0	3329008#8	0
830	Q0	120101#0	0
830	Q0	122668#2	0
830	Q0	1619235#0	0
830	Q0	545745#2	0
830	Q0	13083#0	0
830	Q0	120107#4	0
834	Q0	3921#9	1
834	Q0	3921#8	1
834	Q0	3921#14	1
834	Q0	1807970#5	1
834	Q0	3921#28	0
834	Q0	3921#15	0
834	Q0	3921#21	0
834	Q0	3921#33	0
834	Q0	3921#11	0
834	Q0	2893720#6	0
835	Q0	53#35	1
835	Q0	53#28	1
835	Q0	53#32	1
835	Q0	53#24	1
835	Q0	53#42	1
835	Q0	53#1	1
835	Q0	1285297#4	0
835	Q0	53#27	0
835	Q0	1285297#3	0
835	Q0	53#76	0
835	Q0	8917#24	0
835	Q0	53#10	0
835	Q0	53#31	0
837	Q0	567064#2	1
837	Q0	2065331#2	1
837	Q0	309551#10	1
837	Q0	309551#81	0
837	Q0	2457706#1	0
837	Q0	3206620#6	0
837	Q0	309551#69	0
837	Q0	75257#4	0
837	Q0	309551#77	0
837	Q0	309551#47	0
837	Q0	309551#55	0
838	Q0	4008#8	1
838	Q0	1988410#6	0
838	Q0	3876252#7	0
838	Q0	3876252#1	0
838	Q0	4008#10	0
838	Q0	1988410#7	0
838	Q0	14064#3	0
838	Q0	4008#47	0
838	Q0	1257476#2	0
838	Q0	30854#1	0
839	Q0	3401612#29	1
839	Q0	3401612#0	0
839	Q0	3401612#4	0
839	Q0	3401612#8	0
839	Q0	3401612#3	0
839	Q0	3401612#49	0
839	Q0	3401612#47	0
839	Q0	3401612#18	0
839	Q0	3401612#55	0
839	Q0	3401612#36	0
841	Q0	401736#2	1
841	Q0	185522#4	1
841	Q0	862056#4	1
841	Q0	2456087#2	0
841	Q0	589272#3	0
841	Q0	2456087#1	0
841	Q0	1196063#1	0
841	Q0	2753450#2	0
841	Q0	144730#2	0
841	Q0	1311265#5	0
841	Q0	1439216#29	0
843	Q0	2998141#3	1
843	Q0	2998141#0	1
843	Q0	3472930#1	0
843	Q0	3472930#0	0
843	Q0	1031643#7	0
843	Q0	2895225#2	0
843	Q0	3044120#3	0
843	Q0	174819#1	0
843	Q0	1873289#1	0
843	Q0	159223#3	0
844	Q0	109421#0	1
844	Q0	2579699#0	0
844	Q0	2579699#1	0
844	Q0	2579699#4	0
844	Q0	1085996#4	0
844	Q0	109421#1	0
844	Q0	1114318#5	0
844	Q0	2579699#5	0
844	Q0	53266#4	0
844	Q0	706720#2	0
846	Q0	116282#0	1
846	Q0	116282#2	0
846	Q0	1211820#0	0
846	Q0	116282#9	0
846	Q0	116282#6	0
846	Q0	116282#7	0
846	Q0	116282#5	0
846	Q0	116282#4	0
846	Q0	2902088#3	0
846	Q0	2298730#2	0
847	Q0	337686#1	1
847	Q0	337686#2	0
847	Q0	958497#1	0
847	Q0	1320567#0	0
847	Q0	337686#0	0
847	Q0	2143192#1	0
847	Q0	458479#7	0
847	Q0	3091031#1	0
847	Q0	129674#11	0
847	Q0	25600#10	0
848	Q0	1023963#9	1
848	Q0	2921853#22	0
848	Q0	1480629#1	0
848	Q0	940634#183	0
848	Q0	2763561#14	0
848	Q0	50779#15	0
848	Q0	671990#2	0
848	Q0	2988381#1	0
848	Q0	3803556#123	0
848	Q0	1305481#7	0
848	Q0	88844#19	0
848	Q0	88844#36	0
848	Q0	88844#67	0
848	Q0	88844#33	0
848	Q0	88844#48	0
848	Q0	88844#32	0
848	Q0	88844#34	0
849	Q0	129753#0	1
849	Q0	74#37	1
849	Q0	929431#42	1
849	Q0	752649#7	1
849	Q0	129753#1	1
849	Q0	369994#4	0
849	Q0	3551359#2	0
849	Q0	113340#11	0
849	Q0	22961#16	0
849	Q0	129753#15	0
849	Q0	2585#2	0
850	Q0	64028#0	1
850	Q0	3071834#1	0
850	Q0	722802#6	0
850	Q0	482416#1	0
850	Q0	3071834#0	0
850	Q0	279288#0	0
850	Q0	9465#41	0
850	Q0	95660#1	0
850	Q0	131003#20	0
850	Q0	34866#1	0
851	Q0	754#0	1
851	Q0	754#1	0
851	Q0	754#2	0
851	Q0	274901#1	0
851	Q0	2438024#1	0
851	Q0	3799800#1	0
851	Q0	3346684#1	0
851	Q0	2944721#3	0
851	Q0	647023#0	0
851	Q0	506#3	0
852	Q0	96347#0	1
852	Q0	712470#2	0
852	Q0	712470#0	0
852	Q0	699486#3	0
852	Q0	712470#6	0
852	Q0	3518599#2	0
852	Q0	549045#1	0
852	Q0	290876#0	0
852	Q0	1238307#15	0
852	Q0	447594#0	0
852	Q0	358192#5	0
853	Q0	199940#2	1
853	Q0	199940#0	1
853	Q0	2482060#18	0
853	Q0	2110383#5	0
853	Q0	2110383#4	0
853	Q0	3010560#38	0
853	Q0	3043191#33	0
853	Q0	1566251#5	0
853	Q0	3010560#5	0
853	Q0	3010560#36	0
854	Q0	2991381#1	1
854	Q0	1718570#3	0
854	Q0	2991381#0	0
854	Q0	2781746#3	0
854	Q0	2781746#0	0
854	Q0	2165028#20	0
854	Q0	2616950#4	0
854	Q0	3312150#2	0
854	Q0	1718570#0	0
854	Q0	135060#0	0
855	Q0	1393894#3	1
855	Q0	1393894#1	0
855	Q0	1393894#13	0
855	Q0	726816#4	0
855	Q0	1393894#19	0
855	Q0	298977#7	0
855	Q0	316823#7	0
855	Q0	1393894#0	0
855	Q0	3860577#8	0
855	Q0	362211#9	0
859	Q0	3721188#2	1
859	Q0	131766#43	0
859	Q0	131766#0	0
859	Q0	131766#66	0
859	Q0	131766#19	0
859	Q0	15504#2	0
859	Q0	607663#1	0
859	Q0	1051194#0	0
859	Q0	1685784#3	0
859	Q0	15504#10	0
859	Q0	15504#6	0
859	Q0	15504#7	0
859	Q0	15504#14	0
860	Q0	2568469#0	1
860	Q0	421649#0	1
860	Q0	12756#2	1
860	Q0	421649#3	1
860	Q0	1039958#0	0
860	Q0	12756#37	0
860	Q0	426630#0	0
860	Q0	1718815#5	0
860	Q0	12756#9	0
860	Q0	1039958#1	0
861	Q0	359860#9	1
861	Q0	2804045#2	1
861	Q0	359860#29	0
861	Q0	961736#10	0
861	Q0	359860#24	0
861	Q0	626341#0	0
861	Q0	359860#20	0
861	Q0	359860#11	0
861	Q0	163365#12	0
861	Q0	359860#3	0
862	Q0	25360#2	1
862	Q0	25360#34	0
862	Q0	18420#1	0
862	Q0	25360#7	0
862	Q0	25360#26	0
862	Q0	25360#5	0
862	Q0	25360#4	0
862	Q0	25360#27	0
862	Q0	25360#23	0
862	Q0	25561#14	0
863	Q0	35512#1	1
863	Q0	35512#18	0
863	Q0	35512#4	0
863	Q0	2637891#1	0
863	Q0	35512#5	0
863	Q0	35512#17	0
863	Q0	35512#27	0
863	Q0	1582091#2	0
863	Q0	2826874#9	0
863	Q0	2382784#1	0
865	Q0	91976#1	1
865	Q0	2849440#14	0
865	Q0	702747#5	0
865	Q0	2849440#10	0
865	Q0	91976#83	0
865	Q0	91976#0	0
865	Q0	2852129#18	0
865	Q0	2852129#19	0
865	Q0	699391#2	0
865	Q0	2510459#5	0
866	Q0	2078110#0	1
866	Q0	1205500#3	0
866	Q0	402832#4	0
866	Q0	129533#8	0
866	Q0	1727652#414	0
866	Q0	1581631#35	0
866	Q0	733720#5	0
866	Q0	350456#22	0
866	Q0	304483#3	0
866	Q0	3012474#213	0
866	Q0	2600149#1	0
867	Q0	40717#0	1
867	Q0	40717#5	1
867	Q0	40717#8	0
867	Q0	1181121#1	0
867	Q0	3465238#0	0
867	Q0	40717#25	0
867	Q0	1181121#0	0
867	Q0	2047266#0	0
867	Q0	871749#0	0
867	Q0	1949372#1	0
868	Q0	2718740#0	1
868	Q0	2718740#2	0
868	Q0	2718740#1	0
868	Q0	2718740#11	0
868	Q0	2718740#3	0
868	Q0	108803#3	0
868	Q0	2718740#4	0
868	Q0	2718740#7	0
868	Q0	2718740#9	0
868	Q0	2902093#1	0
870	Q0	934028#0	1
870	Q0	12510#104	1
870	Q0	959180#0	0
870	Q0	934028#4	0
870	Q0	959180#1	0
870	Q0	163569#64	0
870	Q0	934028#6	0
870	Q0	959180#3	0
870	Q0	163569#62	0
870	Q0	959180#2	0
871	Q0	65118#3	1
871	Q0	65118#9	1
871	Q0	65118#26	0
871	Q0	65118#85	0
871	Q0	15509#243	0
871	Q0	65118#0	0
871	Q0	65118#34	0
871	Q0	65118#75	0
871	Q0	65118#100	0
871	Q0	3231572#3	0
871	Q0	3553234#2	0
872	Q0	846756#0	1
872	Q0	72659#0	1
872	Q0	72659#2	1
872	Q0	125810#1	0
872	Q0	2446666#0	0
872	Q0	194250#1	0
872	Q0	753647#1	0
872	Q0	3020946#1	0
872	Q0	2839116#1	0
872	Q0	72659#16	0
873	Q0	20476#0	1
873	Q0	2662793#126	1
873	Q0	20476#21	0
873	Q0	1539962#1	0
873	Q0	2011784#0	0
873	Q0	20476#19	0
873	Q0	20476#7	0
873	Q0	170822#0	0
873	Q0	408288#0	0
873	Q0	20476#18	0
873	Q0	20476#2	0
873	Q0	20476#10	0
874	Q0	4685#9	1
874	Q0	4685#6	0
874	Q0	4685#179	0
874	Q0	4685#16	0
874	Q0	4685#11	0
874	Q0	4685#184	0
874	Q0	4685#5	0
874	Q0	4685#1	0
874	Q0	3333225#0	0
874	Q0	2654778#8	0
874	Q0	4685#71	0
875	Q0	243243#0	1
875	Q0	243243#5	1
875	Q0	243243#7	0
875	Q0	243243#19	0
875	Q0	243243#1	0
875	Q0	243243#10	0
875	Q0	243243#26	0
875	Q0	243243#2	0
875	Q0	243243#23	0
875	Q0	243243#6	0
877	Q0	2051898#16	1
877	Q0	2051898#1	1
877	Q0	2051898#12	1
877	Q0	2051898#15	1
877	Q0	2051898#11	0
877	Q0	2051898#23	0
877	Q0	2051898#0	0
877	Q0	2051898#5	0
877	Q0	2051898#4	0
877	Q0	2051898#9	0
878	Q0	25653#22	1
878	Q0	1133148#23	1
878	Q0	25653#23	0
878	Q0	10328#40	0
878	Q0	4605#19	0
878	Q0	3228225#10	0
878	Q0	1133148#34	0
878	Q0	26284#10	0
878	Q0	25653#24	0
878	Q0	10328#7	0
879	Q0	2475646#1	1
879	Q0	9620#24	1
879	Q0	698665#5	0
879	Q0	9620#26	0
879	Q0	2007432#9	0
879	Q0	394287#5	0
879	Q0	2454309#2	0
879	Q0	9620#25	0
879	Q0	9620#0	0
879	Q0	1418#12	0
880	Q0	318991#1	1
880	Q0	48434#2	0
880	Q0	2623649#2	0
880	Q0	318991#32	0
880	Q0	318991#9	0
880	Q0	310406#15	0
880	Q0	498445#12	0
880	Q0	2955335#0	0
880	Q0	318991#25	0
880	Q0	318991#30	0
881	Q0	1225061#4	1
881	Q0	1225061#0	1
881	Q0	1225061#7	0
881	Q0	1225061#19	0
881	Q0	1225061#8	0
881	Q0	1225061#14	0
881	Q0	1225061#1	0
881	Q0	116282#2	0
881	Q0	297841#0	0
881	Q0	1225061#17	0
885	Q0	668340#14	1
885	Q0	2489758#2	1
885	Q0	497517#62	1
885	Q0	1065#7	1
885	Q0	2327537#12	0
885	Q0	270046#20	0
885	Q0	1469613#3	0
885	Q0	668340#13	0
885	Q0	1065#6	0
885	Q0	2316155#35	0
885	Q0	1065#0	0
886	Q0	57292#1	1
886	Q0	57292#3	1
886	Q0	63559#4	0
886	Q0	57292#5	0
886	Q0	63306#0	0
886	Q0	57292#9	0
886	Q0	63617#0	0
886	Q0	63075#3	0
886	Q0	1655011#5	0
886	Q0	3374#45	0
887	Q0	8754#6	1
887	Q0	842292#2	0
887	Q0	246049#3	0
887	Q0	2567736#2	0
887	Q0	376468#2	0
887	Q0	66310#2	0
887	Q0	2462336#1	0
887	Q0	130827#2	0
887	Q0	55087#1	0
887	Q0	1255110#1	0
888	Q0	11282#25	1
888	Q0	158451#4	1
888	Q0	11282#17	1
888	Q0	118152#10	0
888	Q0	11282#15	0
888	Q0	3024527#1	0
888	Q0	1062981#1	0
888	Q0	11282#13	0
888	Q0	11282#12	0
888	Q0	38337#3	0
889	Q0	3041653#0	1
889	Q0	3041653#1	0
889	Q0	3041653#22	0
889	Q0	3041653#12	0
889	Q0	3041653#20	0
889	Q0	3041653#23	0
889	Q0	3041653#21	0
889	Q0	287270#7	0
889	Q0	2297165#4	0
889	Q0	3041653#9	0
891	Q0	13626#1	1
891	Q0	30060#1	1
891	Q0	816333#5	0
891	Q0	1331#5	0
891	Q0	101556#10	0
891	Q0	30060#10	0
891	Q0	1219314#15	0
891	Q0	30060#17	0
891	Q0	1331#1	0
891	Q0	30060#3	0
891	Q0	30060#29	0
891	Q0	30060#47	0
891	Q0	30060#43	0
892	Q0	2611022#1	1
892	Q0	2572850#3	0
892	Q0	2611022#5	0
892	Q0	1271608#1	0
892	Q0	2611022#7	0
892	Q0	2611022#6	0
892	Q0	180432#24	0
892	Q0	3861289#6	0
892	Q0	605478#1	0
892	Q0	2709887#0	0
893	Q0	2845216#3	1
893	Q0	2845216#0	0
893	Q0	2845216#5	0
893	Q0	2845216#13	0
893	Q0	2845216#2	0
893	Q0	2845216#15	0
893	Q0	2845216#6	0
893	Q0	2845216#1	0
893	Q0	2845216#14	0
893	Q0	2845216#4	0
894	Q0	966950#10	1
894	Q0	339017#8	1
894	Q0	30569#12	1
894	Q0	639973#14	0
894	Q0	2165244#18	0
894	Q0	88725#42	0
894	Q0	339017#0	0
894	Q0	339017#17	0
894	Q0	966950#11	0
894	Q0	898627#0	0
896	Q0	2076498#2	1
896	Q0	2602500#5	0
896	Q0	1512829#2	0
896	Q0	3596050#9	0
896	Q0	2076498#0	0
896	Q0	355497#2	0
896	Q0	1512829#1	0
896	Q0	3809352#4	0
896	Q0	1813978#5	0
896	Q0	773046#4	0
897	Q0	116920#0	1
897	Q0	1471063#1	0
897	Q0	1590183#1	0
897	Q0	150928#2	0
897	Q0	2264352#3	0
897	Q0	1590183#2	0
897	Q0	3214242#1	0
897	Q0	2235826#1	0
897	Q0	61109#9	0
897	Q0	1613025#3	0
897	Q0	116920#2	0
898	Q0	913235#4	1
898	Q0	2030967#4	0
898	Q0	23110#15	0
898	Q0	15997#12	0
898	Q0	26473#150	0
898	Q0	22697#15	0
898	Q0	2051227#0	0
898	Q0	23091#18	0
898	Q0	1405781#1	0
898	Q0	2030967#6	0
898	Q0	913235#5	0
901	Q0	8575#10	1
901	Q0	8575#36	0
901	Q0	8575#24	0
901	Q0	8575#28	0
901	Q0	8575#14	0
901	Q0	8575#43	0
901	Q0	8575#0	0
901	Q0	8575#22	0
901	Q0	8575#30	0
901	Q0	8575#46	0
901	Q0	8575#40	0
902	Q0	24306#18	1
902	Q0	76758#12	0
902	Q0	24306#43	0
902	Q0	24306#47	0
902	Q0	2001134#11	0
902	Q0	520498#4	0
902	Q0	1347070#8	0
902	Q0	114633#2	0
902	Q0	24306#113	0
902	Q0	462564#0	0
902	Q0	90531#2	0
903	Q0	2776993#8	1
903	Q0	1388296#0	1
903	Q0	1388296#4	0
903	Q0	1388296#5	0
903	Q0	2366038#1	0
903	Q0	2507845#1	0
903	Q0	1388296#9	0
903	Q0	1114327#4	0
903	Q0	3070461#4	0
903	Q0	3113770#2	0
904	Q0	560366#6	1
904	Q0	70084#3	0
904	Q0	2393373#22	0
904	Q0	194647#48	0
904	Q0	2885#34	0
904	Q0	500406#9	0
904	Q0	2435033#5	0
904	Q0	501787#2	0
904	Q0	77750#12	0
904	Q0	56251#3	0
904	Q0	110218#15	0
905	Q0	3881325#6	1
905	Q0	3881325#0	0
905	Q0	3881325#11	0
905	Q0	3881325#9	0
905	Q0	3881325#17	0
905	Q0	3881325#16	0
905	Q0	3881325#19	0
905	Q0	3881325#5	0
905	Q0	3881325#14	0
905	Q0	3881325#18	0
906	Q0	1478431#1	1
906	Q0	13123#8	1
906	Q0	13123#35	0
906	Q0	1449515#46	0
906	Q0	13123#14	0
906	Q0	2615654#7	0
906	Q0	2347043#18	0
906	Q0	13123#13	0
906	Q0	13123#0	0
906	Q0	1932861#1	0
906	Q0	19320#41	0
907	Q0	1959480#0	1
907	Q0	43470#0	1
907	Q0	1959480#1	0
907	Q0	3850735#0	0
907	Q0	2146728#0	0
907	Q0	25671#7	0
907	Q0	2875923#0	0
907	Q0	3427746#0	0
907	Q0	25671#8	0
907	Q0	16893#0	0
907	Q0	25671#0	0
908	Q0	3869472#0	1
908	Q0	3869472#34	0
908	Q0	3869472#8	0
908	Q0	3869472#12	0
908	Q0	3869472#17	0
908	Q0	3869472#9	0
908	Q0	3869472#45	0
908	Q0	3869472#24	0
908	Q0	3869472#11	0
908	Q0	3869472#25	0
910	Q0	8855#0	1
910	Q0	3250714#1	0
910	Q0	193073#0	0
910	Q0	2763841#7	0
910	Q0	1629218#0	0
910	Q0	1169693#0	0
910	Q0	2763841#0	0
910	Q0	462#31	0
910	Q0	1222813#1	0
910	Q0	425119#1	0
910	Q0	1698824#0	0
912	Q0	176969#1	1
912	Q0	86929#2	0
912	Q0	176969#2	0
912	Q0	2345405#1	0
912	Q0	176969#36	0
912	Q0	176969#0	0
912	Q0	176969#46	0
912	Q0	176969#35	0
912	Q0	121722#11	0
912	Q0	176969#17	0
912	Q0	1121529#29	0
913	Q0	1096947#0	1
913	Q0	1096930#31	1
913	Q0	1096930#14	0
913	Q0	1096930#34	0
913	Q0	2826874#9	0
913	Q0	405593#8	0
913	Q0	405593#37	0
913	Q0	1096930#15	0
913	Q0	405593#31	0
913	Q0	143710#5	0
916	Q0	58501#11	1
916	Q0	14196#1	1
916	Q0	51310#1	1
916	Q0	14196#33	0
916	Q0	2350225#22	0
916	Q0	14196#10	0
916	Q0	3743708#0	0
916	Q0	14196#11	0
916	Q0	2350225#2	0
916	Q0	14196#24	0
916	Q0	319046#9	0
917	Q0	1632387#0	1
917	Q0	3055127#0	1
917	Q0	3055127#8	1
917	Q0	3055127#5	0
917	Q0	3837403#0	0
917	Q0	300350#0	0
917	Q0	3551643#0	0
917	Q0	1699769#0	0
917	Q0	3772257#0	0
917	Q0	3764634#3	0
917	Q0	460317#0	0
918	Q0	40090#11	1
918	Q0	15945#8	0
918	Q0	13738#7	0
918	Q0	596970#5	0
918	Q0	9284#29	0
918	Q0	203962#9	0
918	Q0	46197#89	0
918	Q0	581633#4	0
918	Q0	46198#3	0
918	Q0	40090#15	0
919	Q0	51605#6	1
919	Q0	51605#2	1
919	Q0	1780667#1	0
919	Q0	1780667#16	0
919	Q0	140098#7	0
919	Q0	254559#61	0
919	Q0	140098#1	0
919	Q0	2939168#80	0
919	Q0	1254458#1	0
919	Q0	140098#2	0
922	Q0	53393#0	1
922	Q0	47292#2	1
922	Q0	71837#34	0
922	Q0	605605#0	0
922	Q0	71837#1	0
922	Q0	47292#47	0
922	Q0	1595292#1	0
922	Q0	71837#27	0
922	Q0	2033670#1	0
922	Q0	71837#17	0
922	Q0	90668#0	0
923	Q0	36929#6	1
923	Q0	36929#1	1
923	Q0	36929#0	0
923	Q0	36929#8	0
923	Q0	55334#3	0
923	Q0	1508477#0	0
923	Q0	36929#9	0
923	Q0	153711#6	0
923	Q0	153711#7	0
923	Q0	2400073#2	0
924	Q0	3029704#0	1
924	Q0	3036676#1	1
924	Q0	2366577#13	1
924	Q0	99673#4	0
924	Q0	99673#3	0
924	Q0	2330413#2	0
924	Q0	1227178#1	0
924	Q0	99673#2	0
924	Q0	3029704#2	0
924	Q0	82970#35	0
927	Q0	6202#46	1
927	Q0	6202#83	1
927	Q0	1593435#2	1
927	Q0	6244#5	1
927	Q0	1247074#1	1
927	Q0	1188213#3	0
927	Q0	6244#15	0
927	Q0	6244#6	0
927	Q0	6244#9	0
927	Q0	6244#21	0
928	Q0	21004#72	1
928	Q0	214112#5	1
928	Q0	19973#17	0
928	Q0	119061#20	0
928	Q0	19973#21	0
928	Q0	21004#36	0
928	Q0	214112#14	0
928	Q0	304704#2	0
928	Q0	19973#15	0
928	Q0	302815#3	0
928	Q0	214112#7	0
929	Q0	86861#3	1
929	Q0	86861#0	1
929	Q0	86861#15	1
929	Q0	86861#1	0
929	Q0	86861#22	0
929	Q0	1876375#0	0
929	Q0	86861#4	0
929	Q0	86861#2	0
929	Q0	86861#16	0
929	Q0	517488#4	0
930	Q0	2458345#0	1
930	Q0	2458345#1	1
930	Q0	2458345#13	0
930	Q0	3871424#0	0
930	Q0	2458345#11	0
930	Q0	2408980#0	0
930	Q0	3324033#0	0
930	Q0	3869735#0	0
930	Q0	1564263#21	0
930	Q0	1003098#0	0
931	Q0	550495#2	1
931	Q0	550495#22	1
931	Q0	550495#8	1
931	Q0	550495#3	1
931	Q0	2408092#76	1
931	Q0	494004#22	1
931	Q0	494004#19	0
931	Q0	550495#11	0
931	Q0	550495#19	0
931	Q0	2256050#79	0
933	Q0	5498#0	1
933	Q0	3589899#0	0
933	Q0	3710193#11	0
933	Q0	817841#19	0
933	Q0	5498#3	0
933	Q0	3589899#46	0
933	Q0	5643#0	0
933	Q0	3589899#44	0
933	Q0	3589899#13	0
933	Q0	8771#16	0
934	Q0	21286#0	1
934	Q0	21286#3	0
934	Q0	685672#0	0
934	Q0	21286#2	0
934	Q0	1334067#0	0
934	Q0	342522#0	0
934	Q0	82946#4	0
934	Q0	2322823#0	0
934	Q0	2103471#0	0
934	Q0	2910258#0	0
935	Q0	6367#23	1
935	Q0	540092#9	1
935	Q0	2552273#3	1
935	Q0	6367#21	0
935	Q0	540092#7	0
935	Q0	513439#39	0
935	Q0	2432006#2	0
935	Q0	540092#2	0
935	Q0	540092#5	0
935	Q0	6344#2	0
936	Q0	785849#30	1
936	Q0	416153#9	1
936	Q0	404921#2	1
936	Q0	2777625#0	1
936	Q0	224508#15	0
936	Q0	86810#14	0
936	Q0	16627#36	0
936	Q0	1790929#16	0
936	Q0	397130#221	0
936	Q0	86810#86	0
937	Q0	180251#0	1
937	Q0	89505#13	1
937	Q0	2982620#7	0
937	Q0	180251#1	0
937	Q0	89505#16	0
937	Q0	89505#14	0
937	Q0	1353868#4	0
937	Q0	89505#17	0
937	Q0	77838#0	0
937	Q0	174638#5	0
937	Q0	443631#5	0
938	Q0	688021#1	1
938	Q0	688021#0	0
938	Q0	593399#8	0
938	Q0	7317#96	0
938	Q0	256609#19	0
938	Q0	2258029#1	0
938	Q0	2622029#22	0
938	Q0	256609#6	0
938	Q0	52483#6	0
938	Q0	2934409#5	0
939	Q0	34397#0	1
939	Q0	2486#22	0
939	Q0	291589#11	0
939	Q0	197895#6	0
939	Q0	1933350#0	0
939	Q0	3569460#1	0
939	Q0	992893#1	0
939	Q0	69180#9	0
939	Q0	3190243#0	0
939	Q0	36589#1	0
939	Q0	63416#86	0
940	Q0	195914#1	1
940	Q0	596952#1	0
940	Q0	1096140#0	0
940	Q0	3856650#1	0
940	Q0	526697#2	0
940	Q0	2941016#3	0
940	Q0	3119080#1	0
940	Q0	2023460#0	0
940	Q0	263487#1	0
940	Q0	194954#5	0
941	Q0	137005#0	1
941	Q0	137005#14	0
941	Q0	137005#221	0
941	Q0	137005#223	0
941	Q0	137005#3	0
941	Q0	1436264#6	0
941	Q0	137005#7	0
941	Q0	355130#10	0
941	Q0	137005#17	0
941	Q0	1863484#5	0
942	Q0	41717#3	1
942	Q0	9997#64	1
942	Q0	1698872#33	1
942	Q0	41717#6	0
942	Q0	3953#53	0
942	Q0	366573#2	0
942	Q0	11092#1	0
942	Q0	2414804#1	0
942	Q0	2540473#3	0
942	Q0	93358#2	0
946	Q0	36255#6	1
946	Q0	36255#13	0
946	Q0	36255#11	0
946	Q0	16876#1	0
946	Q0	36255#17	0
946	Q0	36255#15	0
946	Q0	833273#1	0
946	Q0	734794#1	0
946	Q0	16875#20	0
946	Q0	1753057#12	0
946	Q0	2381056#13	0
947	Q0	897379#6	1
947	Q0	897379#0	0
947	Q0	897379#2	0
947	Q0	897379#17	0
947	Q0	897379#7	0
947	Q0	3597862#2	0
947	Q0	897379#9	0
947	Q0	545231#3	0
947	Q0	897379#29	0
947	Q0	629827#5	0
947	Q0	61498#15	0
948	Q0	701939#5	1
948	Q0	683087#10	1
948	Q0	701939#0	0
948	Q0	701939#6	0
948	Q0	701939#7	0
948	Q0	701939#10	0
948	Q0	701939#37	0
948	Q0	701939#12	0
948	Q0	701939#8	0
948	Q0	65143#1	0
949	Q0	106629#8	1
949	Q0	50566#46	0
949	Q0	1137169#13	0
949	Q0	106629#12	0
949	Q0	1137169#12	0
949	Q0	106629#1	0
949	Q0	3415245#4	0
949	Q0	106629#10	0
949	Q0	1137169#0	0
949	Q0	1137169#2	0
950	Q0	3776025#4	1
950	Q0	1275702#2	0
950	Q0	2643791#5	0
950	Q0	492462#14	0
950	Q0	3322933#15	0
950	Q0	1275702#1	0
950	Q0	492462#13	0
950	Q0	1275702#0	0
950	Q0	688596#12	0
950	Q0	1275702#7	0
950	Q0	688596#0	0
951	Q0	1678894#0	1
951	Q0	1678894#2	0
951	Q0	1678894#19	0
951	Q0	1678894#22	0
951	Q0	3802212#1	0
951	Q0	1678894#3	0
951	Q0	3125176#3	0
951	Q0	3139546#3	0
951	Q0	185505#1	0
951	Q0	3863113#1	0
952	Q0	2629736#3	1
952	Q0	2448#42	1
952	Q0	1583445#4	1
952	Q0	2448#1	1
952	Q0	2448#0	1
952	Q0	3678927#1	0
952	Q0	2448#23	0
952	Q0	2448#35	0
952	Q0	523537#2	0
952	Q0	1511409#12	0
952	Q0	155921#15	0
954	Q0	320439#2	1
954	Q0	866213#2	1
954	Q0	717104#4	1
954	Q0	41968#0	1
954	Q0	99943#11	0
954	Q0	99943#2	0
954	Q0	99943#14	0
954	Q0	99943#16	0
954	Q0	319981#0	0
954	Q0	2536780#37	0
954	Q0	99943#4	0
955	Q0	56402#2	1
955	Q0	56402#5	0
955	Q0	56402#57	0
955	Q0	56402#6	0
955	Q0	1451068#1	0
955	Q0	756504#2	0
955	Q0	58421#12	0
955	Q0	56402#83	0
955	Q0	56402#87	0
955	Q0	2912188#108	0
955	Q0	2130645#12	0
956	Q0	33522#39	1
956	Q0	1206266#5	1
956	Q0	69717#7	0
956	Q0	1861777#27	0
956	Q0	818759#5	0
956	Q0	48667#42	0
956	Q0	36598#5	0
956	Q0	31728#13	0
956	Q0	69717#6	0
956	Q0	180009#3	0
956	Q0	48518#5	0
959	Q0	844910#3	1
959	Q0	844910#0	1
959	Q0	844910#4	0
959	Q0	844910#10	0
959	Q0	844910#16	0
959	Q0	1897618#2	0
959	Q0	1897576#1	0
959	Q0	1894164#1	0
959	Q0	1897576#2	0
959	Q0	1133620#1	0
960	Q0	51211#3	1
960	Q0	51211#1	0
960	Q0	51211#8	0
960	Q0	2318176#18	0
960	Q0	790747#8	0
960	Q0	1346954#48	0
960	Q0	928472#42	0
960	Q0	3450578#3	0
960	Q0	2318176#17	0
960	Q0	51211#10	0
962	Q0	654543#8	1
962	Q0	654543#17	0
962	Q0	654543#3	0
962	Q0	3151377#2	0
962	Q0	654543#6	0
962	Q0	654543#7	0
962	Q0	2333941#41	0
962	Q0	469566#18	0
962	Q0	2374178#16	0
962	Q0	1848084#1	0
963	Q0	274955#2	1
963	Q0	818647#14	1
963	Q0	155503#5	1
963	Q0	274955#0	0
963	Q0	274955#1	0
963	Q0	274955#4	0
963	Q0	274955#12	0
963	Q0	274955#3	0
963	Q0	11486#45	0
963	Q0	3332653#14	0
964	Q0	2775461#1	1
964	Q0	3029082#9	1
964	Q0	2775461#0	0
964	Q0	131943#68	0
964	Q0	2775461#2	0
964	Q0	295353#17	0
964	Q0	1889353#10	0
964	Q0	29071#9	0
964	Q0	3029082#0	0
964	Q0	295353#19	0
965	Q0	9416#48	1
965	Q0	268960#0	0
965	Q0	359544#0	0
965	Q0	1092763#0	0
965	Q0	1065970#0	0
965	Q0	1270768#0	0
965	Q0	161483#0	0
965	Q0	3778800#0	0
965	Q0	1398474#0	0
965	Q0	399857#0	0
965	Q0	15084#0	0
967	Q0	30933#3	1
967	Q0	30933#1	0
967	Q0	30933#0	0
967	Q0	1093929#0	0
967	Q0	30933#10	0
967	Q0	30933#5	0
967	Q0	3489535#0	0
967	Q0	30933#17	0
967	Q0	30933#14	0
967	Q0	30933#7	0
968	Q0	76892#0	1
968	Q0	1656091#2	0
968	Q0	76892#2	0
968	Q0	44251#3	0
968	Q0	577821#1	0
968	Q0	21403#3	0
968	Q0	1588299#0	0
968	Q0	2011722#3	0
968	Q0	168401#1	0
968	Q0	2293596#1	0
968	Q0	73941#5	0
969	Q0	2122740#17	1
969	Q0	2122740#6	1
969	Q0	1741655#6	0
969	Q0	268353#13	0
969	Q0	2122740#8	0
969	Q0	268353#3	0
969	Q0	2122740#38	0
969	Q0	486958#7	0
969	Q0	1715699#5	0
969	Q0	1811626#5	0
970	Q0	1503612#5	1
970	Q0	1503612#6	1
970	Q0	1503612#2	1
970	Q0	1503612#4	1
970	Q0	1503612#8	1
970	Q0	1503612#0	0
970	Q0	2522165#8	0
970	Q0	168605#7	0
970	Q0	1968745#7	0
970	Q0	1627784#1	0
971	Q0	1698859#0	1
971	Q0	451963#9	1
971	Q0	9467#0	1
971	Q0	161957#0	1
971	Q0	1656280#0	1
971	Q0	1964167#1	1
971	Q0	668480#0	1
971	Q0	161944#0	1
971	Q0	517550#0	1
971	Q0	178288#1	0
972	Q0	494884#14	1
972	Q0	1292284#3	0
972	Q0	81587#1	0
972	Q0	1092851#0	0
972	Q0	2935406#1	0
972	Q0	76264#6	0
972	Q0	117109#0	0
972	Q0	3384981#2	0
972	Q0	633715#13	0
972	Q0	139183#0	0
972	Q0	19045#20	0
974	Q0	3629#18	1
974	Q0	17975#3	1
974	Q0	17975#20	0
974	Q0	446643#2	0
974	Q0	858#5	0
974	Q0	1334887#1	0
974	Q0	1081169#14	0
974	Q0	33233#3	0
974	Q0	17975#0	0
974	Q0	2615948#0	0
974	Q0	3535#3	0
975	Q0	199745#1	1
975	Q0	108907#2	1
975	Q0	794617#1	0
975	Q0	2090854#1	0
975	Q0	1390047#9	0
975	Q0	3898008#3	0
975	Q0	261952#8	0
975	Q0	411944#3	0
975	Q0	9416#37	0
975	Q0	2242722#1	0
976	Q0	1096342#3	1
976	Q0	1096342#4	1
976	Q0	1096342#0	1
976	Q0	1096342#25	0
976	Q0	1096342#35	0
976	Q0	1096342#44	0
976	Q0	224019#8	0
976	Q0	1096342#33	0
976	Q0	1096342#36	0
976	Q0	381332#218	0
977	Q0	10174#0	1
977	Q0	10174#15	0
977	Q0	473514#18	0
977	Q0	969895#4	0
977	Q0	87362#5	0
977	Q0	2172431#4	0
977	Q0	10174#12	0
977	Q0	2233008#9	0
977	Q0	10174#3	0
977	Q0	10174#13	0
978	Q0	264093#0	1
978	Q0	1698838#10	1
978	Q0	264093#33	0
978	Q0	2572465#33	0
978	Q0	3492178#0	0
978	Q0	264093#28	0
978	Q0	264093#26	0
978	Q0	264093#14	0
978	Q0	3492178#1	0
978	Q0	1663049#16	0
978	Q0	264093#47	0
979	Q0	177939#6	1
979	Q0	177939#16	1
979	Q0	177939#2	1
979	Q0	177939#0	1
979	Q0	177939#7	0
979	Q0	3836798#0	0
979	Q0	2773483#0	0
979	Q0	177939#75	0
979	Q0	152351#0	0
979	Q0	177939#25	0
979	Q0	53196#57	0
980	Q0	1875071#1	1
980	Q0	137265#7	0
980	Q0	1875071#0	0
980	Q0	1858193#2	0
980	Q0	137265#4	0
980	Q0	3573939#4	0
980	Q0	2645837#2	0
980	Q0	2505835#12	0
980	Q0	9273#8	0
980	Q0	1875071#2	0
981	Q0	15012#3	1
981	Q0	15012#0	1
981	Q0	2585583#84	0
981	Q0	2585583#43	0
981	Q0	830966#6	0
981	Q0	2531922#6	0
981	Q0	2585583#96	0
981	Q0	625906#6	0
981	Q0	2585583#89	0
981	Q0	2416382#5	0
982	Q0	3779323#7	1
982	Q0	6202#5	1
982	Q0	6202#142	0
982	Q0	1624901#8	0
982	Q0	6202#8	0
982	Q0	6202#115	0
982	Q0	1624901#7	0
982	Q0	82660#0	0
982	Q0	6202#20	0
982	Q0	6202#132	0
982	Q0	1607889#5	0
983	Q0	236070#0	1
983	Q0	2966265#18	1
983	Q0	2966265#0	1
983	Q0	2966265#13	0
983	Q0	236070#39	0
983	Q0	2966265#5	0
983	Q0	236070#49	0
983	Q0	236070#1	0
983	Q0	3752960#6	0
983	Q0	236070#45	0
983	Q0	236070#5	0
984	Q0	298696#4	1
984	Q0	11919#10	1
984	Q0	11919#0	1
984	Q0	71937#0	0
984	Q0	2889896#3	0
984	Q0	52369#0	0
984	Q0	13567#1	0
984	Q0	1367465#2	0
984	Q0	1697993#1	0
984	Q0	1556310#2	0
985	Q0	1917527#6	1
985	Q0	8466#0	1
985	Q0	40571#2	1
985	Q0	662435#13	0
985	Q0	8466#53	0
985	Q0	165083#8	0
985	Q0	8466#15	0
985	Q0	1644176#2	0
985	Q0	8466#5	0
985	Q0	8466#22	0
987	Q0	2151#2	1
987	Q0	2151#10	1
987	Q0	2151#3	0
987	Q0	2953034#17	0
987	Q0	2173827#0	0
987	Q0	2340180#0	0
987	Q0	2953034#0	0
987	Q0	2687485#0	0
987	Q0	2151#9	0
987	Q0	1498616#0	0
988	Q0	2689500#0	1
988	Q0	2689500#3	0
988	Q0	2689500#1	0
988	Q0	2689500#4	0
988	Q0	2689500#7	0
988	Q0	2689500#8	0
988	Q0	2689500#5	0
988	Q0	2689500#10	0
988	Q0	2689500#6	0
988	Q0	2689500#12	0
989	Q0	775757#2	1
989	Q0	775757#0	1
989	Q0	3070721#1	0
989	Q0	1767237#1	0
989	Q0	1614307#2	0
989	Q0	3044931#4	0
989	Q0	1320118#1	0
989	Q0	3533385#1	0
989	Q0	3025672#4	0
989	Q0	775757#18	0
991	Q0	2872011#0	1
991	Q0	2872011#42	0
991	Q0	57795#12	0
991	Q0	2872011#37	0
991	Q0	2872011#35	0
991	Q0	2872011#32	0
991	Q0	57795#8	0
991	Q0	2872011#2	0
991	Q0	2872011#19	0
991	Q0	2872011#39	0
992	Q0	1449965#1	1
992	Q0	1449965#6	1
992	Q0	1449965#27	1
992	Q0	1449965#39	1
992	Q0	1449965#43	1
992	Q0	1506999#27	1
992	Q0	1449965#50	1
992	Q0	1449965#44	1
992	Q0	1449965#28	0
992	Q0	1449965#7	0
993	Q0	1883086#5	1
993	Q0	1881546#7	1
993	Q0	128782#2	1
993	Q0	1883086#0	1
993	Q0	1175394#2	0
993	Q0	1883086#10	0
993	Q0	564058#2	0
993	Q0	128782#1	0
993	Q0	136966#7	0
993	Q0	1883086#6	0
994	Q0	1974854#19	1
994	Q0	462#8	1
994	Q0	1698878#1	1
994	Q0	338302#11	0
994	Q0	1974854#4	0
994	Q0	654243#71	0
994	Q0	1698878#20	0
994	Q0	29110#5	0
994	Q0	296631#0	0
994	Q0	29112#0	0
995	Q0	101843#6	1
995	Q0	101843#2	1
995	Q0	101843#12	0
995	Q0	101843#11	0
995	Q0	101843#0	0
995	Q0	101843#4	0
995	Q0	101843#7	0
995	Q0	2108770#1	0
995	Q0	1881413#0	0
995	Q0	101843#3	0
995	Q0	101843#14	0
997	Q0	2609721#5	1
997	Q0	62310#6	1
997	Q0	38121#3	1
997	Q0	2609721#24	0
997	Q0	2609721#31	0
997	Q0	2609721#12	0
997	Q0	2609721#9	0
997	Q0	2609721#23	0
997	Q0	73718#3	0
997	Q0	2609721#18	0
999	Q0	61077#0	1
999	Q0	106399#22	1
999	Q0	61085#0	0
999	Q0	61077#3	0
999	Q0	61077#4	0
999	Q0	61077#2	0
999	Q0	61068#1	0
999	Q0	2981443#0	0
999	Q0	61077#9	0
999	Q0	61085#5	0
1000	Q0	212530#2	1
1000	Q0	212530#3	1
1000	Q0	3034261#4	1
1000	Q0	212530#0	1
1000	Q0	212530#9	0
1000	Q0	212530#12	0
1000	Q0	212530#13	0
1000	Q0	300991#8	0
1000	Q0	75165#27	0
1000	Q0	105460#26	0
1001	Q0	1346833#44	1
1001	Q0	45780#7	0
1001	Q0	45788#5	0
1001	Q0	45780#5	0
1001	Q0	45780#1	0
1001	Q0	116550#0	0
1001	Q0	45788#32	0
1001	Q0	45788#20	0
1001	Q0	45788#16	0
1001	Q0	45780#3	0
1002	Q0	51605#1	1
1002	Q0	2939168#80	0
1002	Q0	2016#53	0
1002	Q0	140098#7	0
1002	Q0	140098#1	0
1002	Q0	51605#6	0
1002	Q0	140098#2	0
1002	Q0	1780667#1	0
1002	Q0	541623#4	0
1002	Q0	1780667#16	0
1002	Q0	8205#12	0
1003	Q0	3635746#0	1
1003	Q0	3635746#20	1
1003	Q0	3635746#17	0
1003	Q0	3635746#21	0
1003	Q0	3635746#7	0
1003	Q0	3635746#3	0
1003	Q0	3635746#2	0
1003	Q0	3635746#6	0
1003	Q0	3635746#5	0
1003	Q0	3635746#9	0
1004	Q0	940779#1	1
1004	Q0	40333#27	1
1004	Q0	6139#5	1
1004	Q0	1226301#6	1
1004	Q0	1569212#2	1
1004	Q0	1238196#2	0
1004	Q0	940779#10	0
1004	Q0	9165#3	0
1004	Q0	940779#3	0
1004	Q0	1515304#2	0
1005	Q0	2415568#3	1
1005	Q0	2362#0	1
1005	Q0	2415568#2	1
1005	Q0	2415568#1	1
1005	Q0	53133#6	1
1005	Q0	38736#0	1
1005	Q0	2415568#5	0
1005	Q0	2415568#10	0
1005	Q0	61417#0	0
1005	Q0	1453919#4	0
1005	Q0	38736#6	0
1006	Q0	1952#6	1
1006	Q0	1952#4	1
1006	Q0	1952#7	0
1006	Q0	1952#9	0
1006	Q0	1952#11	0
1006	Q0	437438#2	0
1006	Q0	2086095#6	0
1006	Q0	865160#2	0
1006	Q0	1952#33	0
1006	Q0	1952#5	0
1006	Q0	764809#1	0
1007	Q0	460865#48	1
1007	Q0	460865#1	1
1007	Q0	460865#24	0
1007	Q0	460865#33	0
1007	Q0	460865#4	0
1007	Q0	460865#16	0
1007	Q0	460865#7	0
1007	Q0	460865#28	0
1007	Q0	460865#0	0
1007	Q0	460865#49	0
1007	Q0	460865#47	0
1008	Q0	368436#7	1
1008	Q0	368436#24	0
1008	Q0	368436#15	0
1008	Q0	368436#8	0
1008	Q0	368436#33	0
1008	Q0	368436#30	0
1008	Q0	368436#0	0
1008	Q0	368436#22	0
1008	Q0	368436#19	0
1008	Q0	368436#13	0
1009	Q0	2160294#11	1
1009	Q0	2160294#0	0
1009	Q0	2160294#10	0
1009	Q0	2160294#1	0
1009	Q0	2160294#26	0
1009	Q0	2160294#16	0
1009	Q0	2160294#15	0
1009	Q0	2160294#3	0
1009	Q0	2160294#13	0
1009	Q0	2160294#17	0
1010	Q0	14104#1	1
1010	Q0	276619#2	1
1010	Q0	14104#0	0
1010	Q0	14104#45	0
1010	Q0	49034#15	0
1010	Q0	1435941#209	0
1010	Q0	14104#44	0
1010	Q0	14104#27	0
1010	Q0	746377#4	0
1010	Q0	982590#0	0
1011	Q0	135795#1	1
1011	Q0	1672383#17	1
1011	Q0	622054#4	1
1011	Q0	1542239#1	0
1011	Q0	1899004#3	0
1011	Q0	3552517#4	0
1011	Q0	135795#0	0
1011	Q0	135795#2	0
1011	Q0	688690#1	0
1011	Q0	1258461#0	0
1011	Q0	135795#8	0
1012	Q0	1985467#16	1
1012	Q0	1985467#0	1
1012	Q0	1698878#1	1
1012	Q0	1698878#25	1
1012	Q0	734027#0	0
1012	Q0	305131#0	0
1012	Q0	1698878#0	0
1012	Q0	10193#12	0
1012	Q0	2205323#1	0
1012	Q0	3114875#8	0
1013	Q0	1838478#8	1
1013	Q0	1838478#5	0
1013	Q0	1838478#0	0
1013	Q0	1838478#7	0
1013	Q0	3514404#1	0
1013	Q0	1838478#6	0
1013	Q0	1838478#12	0
1013	Q0	3855874#1	0
1013	Q0	1838478#4	0
1013	Q0	205174#1	0
1014	Q0	2017#0	1
1014	Q0	1918877#3	0
1014	Q0	1109467#0	0
1014	Q0	383456#2	0
1014	Q0	2619095#5	0
1014	Q0	1582064#9	0
1014	Q0	1918877#2	0
1014	Q0	2118785#28	0
1014	Q0	849030#0	0
1014	Q0	2118785#21	0
1014	Q0	2017#1	0
1017	Q0	2504637#1	1
1017	Q0	2504637#0	1
1017	Q0	1882437#2	0
1017	Q0	2504637#7	0
1017	Q0	2504637#5	0
1017	Q0	2504637#17	0
1017	Q0	3611404#1	0
1017	Q0	2504637#4	0
1017	Q0	3568670#1	0
1017	Q0	2504637#9	0
1018	Q0	7723#0	1
1018	Q0	3778847#0	1
1018	Q0	2269863#1	0
1018	Q0	7723#3	0
1018	Q0	1522919#7	0
1018	Q0	1024562#3	0
1018	Q0	353185#16	0
1018	Q0	1024562#2	0
1018	Q0	193943#15	0
1018	Q0	6024#63	0
1019	Q0	1564871#0	1
1019	Q0	64107#14	1
1019	Q0	94314#0	1
1019	Q0	94314#2	0
1019	Q0	94314#40	0
1019	Q0	2849765#2	0
1019	Q0	94314#1	0
1019	Q0	94314#16	0
1019	Q0	94314#36	0
1019	Q0	2849765#0	0
1019	Q0	94314#9	0
1020	Q0	431536#0	1
1020	Q0	431536#2	1
1020	Q0	59408#3	0
1020	Q0	6339#25	0
1020	Q0	431536#9	0
1020	Q0	8854#11	0
1020	Q0	6339#27	0
1020	Q0	2417633#5	0
1020	Q0	1560594#0	0
1020	Q0	208043#45	0
1020	Q0	431536#3	0
1021	Q0	287227#0	1
1021	Q0	287227#1	1
1021	Q0	2220322#0	1
1021	Q0	2246870#1	0
1021	Q0	2227752#1	0
1021	Q0	381054#14	0
1021	Q0	287227#45	0
1021	Q0	287227#39	0
1021	Q0	2220322#8	0
1021	Q0	287227#37	0
1022	Q0	3502779#3	1
1022	Q0	23088#1	1
1022	Q0	173451#13	1
1022	Q0	3502779#1	1
1022	Q0	4434#4	1
1022	Q0	4434#1	0
1022	Q0	116748#6	0
1022	Q0	586589#4	0
1022	Q0	10665#10	0
1022	Q0	586589#6	0
1022	Q0	4434#3	0
1023	Q0	209971#0	1
1023	Q0	209971#1	0
1023	Q0	36851#5	0
1023	Q0	156540#1	0
1023	Q0	3102140#1	0
1023	Q0	38699#3	0
1023	Q0	3680481#1	0
1023	Q0	704414#1	0
1023	Q0	1745262#2	0
1023	Q0	616385#1	0
1024	Q0	3921#14	1
1024	Q0	3387#2	0
1024	Q0	3921#15	0
1024	Q0	750282#73	0
1024	Q0	3921#11	0
1024	Q0	3921#9	0
1024	Q0	2118110#2	0
1024	Q0	10989#1	0
1024	Q0	3921#23	0
1024	Q0	2118110#1	0
1024	Q0	3921#16	0
1025	Q0	226019#1	1
1025	Q0	247255#3	1
1025	Q0	1145376#3	1
1025	Q0	15615#29	0
1025	Q0	317241#3	0
1025	Q0	3706387#0	0
1025	Q0	399703#1	0
1025	Q0	2907230#5	0
1025	Q0	704732#2	0
1025	Q0	1960576#3	0
1025	Q0	253622#0	0
1026	Q0	371#0	1
1026	Q0	1050919#0	1
1026	Q0	155620#1	1
1026	Q0	318046#3	1
1026	Q0	3292046#1	1
1026	Q0	59087#0	1
1026	Q0	362435#0	0
1026	Q0	329810#0	0
1026	Q0	1213365#0	0
1026	Q0	2117153#0	0
1027	Q0	234359#2	1
1027	Q0	234359#3	0
1027	Q0	3970#12	0
1027	Q0	234359#8	0
1027	Q0	400932#2	0
1027	Q0	234359#0	0
1027	Q0	234359#10	0
1027	Q0	234359#38	0
1027	Q0	232949#3	0
1027	Q0	234359#19	0
1027	Q0	234359#12	0
1028	Q0	16155#4	1
1028	Q0	16155#0	1
1028	Q0	1067032#15	0
1028	Q0	16155#9	0
1028	Q0	16155#19	0
1028	Q0	16155#1	0
1028	Q0	3100963#0	0
1028	Q0	16155#17	0
1028	Q0	16155#27	0
1028	Q0	36460#18	0
1028	Q0	16155#26	0
1029	Q0	28358#1	1
1029	Q0	1451007#0	0
1029	Q0	242217#0	0
1029	Q0	63121#0	0
1029	Q0	234422#0	0
1029	Q0	241109#0	0
1029	Q0	1369623#5	0
1029	Q0	930826#0	0
1029	Q0	2409984#0	0
1029	Q0	176283#0	0
1029	Q0	843311#0	0
1030	Q0	47243#2	1
1030	Q0	47243#1	1
1030	Q0	2324165#2	0
1030	Q0	1528#10	0
1030	Q0	2148#1	0
1030	Q0	346087#7	0
1030	Q0	2148#49	0
1030	Q0	775467#13	0
1030	Q0	1528#24	0
1030	Q0	1528#11	0
1031	Q0	165224#46	1
1031	Q0	165224#5	0
1031	Q0	165224#4	0
1031	Q0	165224#49	0
1031	Q0	310629#5	0
1031	Q0	165224#3	0
1031	Q0	310629#0	0
1031	Q0	165224#0	0
1031	Q0	272256#1	0
1031	Q0	165224#2	0
1032	Q0	3059#19	1
1032	Q0	100847#5	1
1032	Q0	3287185#7	1
1032	Q0	8858#67	1
1032	Q0	706037#2	1
1032	Q0	3287185#4	1
1032	Q0	3287185#5	1
1032	Q0	7391#15	0
1032	Q0	1309812#1	0
1032	Q0	1497360#5	0
1032	Q0	3287185#1	0
1033	Q0	2677285#0	1
1033	Q0	870168#0	1
1033	Q0	2675260#1	1
1033	Q0	81660#0	1
1033	Q0	5045#20	1
1033	Q0	5045#0	1
1033	Q0	81660#4	0
1033	Q0	8147#7	0
1033	Q0	2320364#1	0
1033	Q0	2913853#1	0
1033	Q0	2680057#2	0
1034	Q0	231252#0	1
1034	Q0	679027#1	0
1034	Q0	1309440#2	0
1034	Q0	231252#13	0
1034	Q0	2968365#3	0
1034	Q0	231252#2	0
1034	Q0	2959920#1	0
1034	Q0	1225352#4	0
1034	Q0	1562003#0	0
1034	Q0	3501705#1	0
1035	Q0	2052460#2	1
1035	Q0	2052460#1	0
1035	Q0	195876#4	0
1035	Q0	1659500#2	0
1035	Q0	973189#3	0
1035	Q0	136401#11	0
1035	Q0	136401#29	0
1035	Q0	135795#8	0
1035	Q0	539320#9	0
1035	Q0	136401#27	0
1036	Q0	335708#0	1
1036	Q0	648705#24	1
1036	Q0	335708#4	0
1036	Q0	335708#3	0
1036	Q0	335708#1	0
1036	Q0	335708#5	0
1036	Q0	1644176#7	0
1036	Q0	1644176#6	0
1036	Q0	335709#2	0
1036	Q0	335708#2	0
1038	Q0	985835#20	1
1038	Q0	1290999#0	0
1038	Q0	985835#22	0
1038	Q0	1290999#8	0
1038	Q0	1290999#11	0
1038	Q0	1290999#2	0
1038	Q0	1651290#2	0
1038	Q0	1290999#3	0
1038	Q0	1290999#10	0
1038	Q0	985835#8	0
1038	Q0	985835#4	0
1039	Q0	234725#0	1
1039	Q0	234725#2	0
1039	Q0	234725#3	0
1039	Q0	57076#2	0
1039	Q0	2383762#0	0
1039	Q0	172088#45	0
1039	Q0	741998#0	0
1039	Q0	2468004#1	0
1039	Q0	21494#9	0
1039	Q0	2230476#8	0
1040	Q0	2381812#8	1
1040	Q0	3240223#27	0
1040	Q0	3240223#1	0
1040	Q0	3240223#23	0
1040	Q0	3240223#10	0
1040	Q0	3240223#7	0
1040	Q0	3240223#20	0
1040	Q0	3240223#26	0
1040	Q0	3240223#16	0
1040	Q0	3240223#28	0
1040	Q0	3240223#9	0
1041	Q0	8430#0	1
1041	Q0	381602#4	0
1041	Q0	85987#1	0
1041	Q0	88629#3	0
1041	Q0	29439#4	0
1041	Q0	25002#0	0
1041	Q0	350752#1	0
1041	Q0	306571#1	0
1041	Q0	3680681#0	0
1041	Q0	25616#0	0
1041	Q0	840580#1	0
1044	Q0	184446#0	1
1044	Q0	9408#5	1
1044	Q0	9408#7	0
1044	Q0	3359853#9	0
1044	Q0	9408#63	0
1044	Q0	9408#8	0
1044	Q0	6163#12	0
1044	Q0	6163#11	0
1044	Q0	9408#0	0
1044	Q0	2732689#10	0
1044	Q0	2324170#2	0
1045	Q0	3215574#0	1
1045	Q0	3215574#12	1
1045	Q0	3215574#16	0
1045	Q0	3215574#1	0
1045	Q0	3215574#19	0
1045	Q0	3215574#23	0
1045	Q0	2332659#20	0
1045	Q0	3519615#5	0
1045	Q0	1849213#4	0
1045	Q0	3215574#15	0
1045	Q0	1631536#10	0
1046	Q0	2351536#2	1
1046	Q0	2351536#24	1
1046	Q0	2351536#0	0
1046	Q0	2351536#6	0
1046	Q0	2351536#9	0
1046	Q0	3414881#1	0
1046	Q0	2351536#5	0
1046	Q0	16907#21	0
1046	Q0	2351536#25	0
1046	Q0	3414881#3	0
1047	Q0	2768117#1	1
1047	Q0	2768117#0	0
1047	Q0	2768117#5	0
1047	Q0	3268420#0	0
1047	Q0	2768117#3	0
1047	Q0	2768117#2	0
1047	Q0	2768117#23	0
1047	Q0	1156700#1	0
1047	Q0	3806829#0	0
1047	Q0	2768117#28	0
1048	Q0	26771#3	1
1048	Q0	27974#0	0
1048	Q0	121292#0	0
1048	Q0	51217#0	0
1048	Q0	15092#27	0
1048	Q0	28252#0	0
1048	Q0	160091#1	0
1048	Q0	1698859#68	0
1048	Q0	2480235#1	0
1048	Q0	3771333#2	0
1048	Q0	6384#0	0
1050	Q0	321880#2	1
1050	Q0	135357#16	0
1050	Q0	1572659#1	0
1050	Q0	1196143#1	0
1050	Q0	321880#6	0
1050	Q0	1266063#1	0
1050	Q0	140910#9	0
1050	Q0	1770751#2	0
1050	Q0	348760#4	0
1050	Q0	1221380#1	0
1050	Q0	321880#5	0
1052	Q0	1184316#4	1
1052	Q0	1184316#86	0
1052	Q0	1184316#79	0
1052	Q0	1184316#80	0
1052	Q0	1184316#2	0
1052	Q0	1184316#9	0
1052	Q0	1184316#78	0
1052	Q0	1138977#1	0
1052	Q0	1184316#41	0
1052	Q0	1184316#48	0
1053	Q0	252975#1	1
1053	Q0	252975#0	0
1053	Q0	3701709#0	0
1053	Q0	252975#4	0
1053	Q0	3240908#0	0
1053	Q0	252975#2	0
1053	Q0	47504#8	0
1053	Q0	3237365#5	0
1053	Q0	3701709#6	0
1053	Q0	2580126#5	0
1055	Q0	80755#7	1
1055	Q0	3030816#19	0
1055	Q0	1977217#0	0
1055	Q0	1740722#0	0
1055	Q0	2586843#0	0
1055	Q0	2388235#52	0
1055	Q0	2347375#5	0
1055	Q0	2803328#0	0
1055	Q0	862372#2	0
1055	Q0	3097041#5	0
1055	Q0	369314#0	0
1056	Q0	237970#4	1
1056	Q0	56758#39	0
1056	Q0	2113816#1	0
1056	Q0	56758#40	0
1056	Q0	1590445#6	0
1056	Q0	2151270#3	0
1056	Q0	265431#2	0
1056	Q0	9502#144	0
1056	Q0	2157910#2	0
1056	Q0	2010334#6	0
1056	Q0	102497#0	0
1058	Q0	1758130#2	1
1058	Q0	1758130#3	1
1058	Q0	1758130#1	0
1058	Q0	1758130#8	0
1058	Q0	1758130#4	0
1058	Q0	1263471#9	0
1058	Q0	2521020#14	0
1058	Q0	2185223#7	0
1058	Q0	1758130#10	0
1058	Q0	2430314#2	0
1061	Q0	523929#23	1
1061	Q0	8645#8	1
1061	Q0	4361#1	1
1061	Q0	181863#2	1
1061	Q0	3718099#4	1
1061	Q0	2493828#0	1
1061	Q0	712824#23	0
1061	Q0	4361#47	0
1061	Q0	90109#12	0
1061	Q0	4361#85	0
1063	Q0	3295223#3	1
1063	Q0	2243955#1	1
1063	Q0	849943#3	1
1063	Q0	3295223#4	1
1063	Q0	849943#4	1
1063	Q0	849943#0	0
1063	Q0	849943#10	0
1063	Q0	849943#2	0
1063	Q0	981455#1	0
1063	Q0	849943#19	0
1064	Q0	15353#2	1
1064	Q0	1126455#4	0
1064	Q0	114439#2	0
1064	Q0	972201#1	0
1064	Q0	566976#1	0
1064	Q0	1126455#44	0
1064	Q0	545305#1	0
1064	Q0	3493010#2	0
1064	Q0	972201#13	0
1064	Q0	1766716#1	0
1064	Q0	1126455#38	0
1065	Q0	103766#1	1
1065	Q0	103766#0	0
1065	Q0	951943#4	0
1065	Q0	829118#1	0
1065	Q0	2462360#1	0
1065	Q0	3756042#2	0
1065	Q0	1457233#3	0
1065	Q0	1114103#1	0
1065	Q0	66444#2	0
1065	Q0	387274#4	0
1066	Q0	18101#2	1
1066	Q0	18102#10	0
1066	Q0	18102#9	0
1066	Q0	18102#14	0
1066	Q0	18102#1	0
1066	Q0	21450#2	0
1066	Q0	13799#1	0
1066	Q0	20622#1	0
1066	Q0	1787717#2	0
1066	Q0	2632745#2	0
1069	Q0	2008660#13	1
1069	Q0	2008660#2	1
1069	Q0	2008660#22	0
1069	Q0	2008660#72	0
1069	Q0	1278146#81	0
1069	Q0	2008660#47	0
1069	Q0	2008660#33	0
1069	Q0	2008660#39	0
1069	Q0	2008660#55	0
1069	Q0	258853#38	0
1070	Q0	1116614#1	1
1070	Q0	1061909#0	1
1070	Q0	1907589#1	1
1070	Q0	235424#4	0
1070	Q0	2100456#1	0
1070	Q0	1061909#3	0
1070	Q0	2946180#2	0
1070	Q0	2744664#0	0
1070	Q0	2679269#0	0
1070	Q0	3644435#0	0
1070	Q0	3722251#1	0
1072	Q0	1861636#5	1
1072	Q0	1861636#8	1
1072	Q0	3433#182	0
1072	Q0	3433#181	0
1072	Q0	1861636#9	0
1072	Q0	1861636#11	0
1072	Q0	3433#11	0
1072	Q0	3433#2	0
1072	Q0	1861636#13	0
1072	Q0	1861636#34	0
1073	Q0	63690#3	1
1073	Q0	3188769#3	1
1073	Q0	63690#0	0
1073	Q0	63690#27	0
1073	Q0	63690#14	0
1073	Q0	63690#17	0
1073	Q0	683474#24	0
1073	Q0	63690#15	0
1073	Q0	683474#22	0
1073	Q0	216270#17	0
1074	Q0	389672#4	1
1074	Q0	389672#5	0
1074	Q0	389672#0	0
1074	Q0	107172#1	0
1074	Q0	859322#0	0
1074	Q0	313242#0	0
1074	Q0	2643380#0	0
1074	Q0	140596#1	0
1074	Q0	389672#9	0
1074	Q0	389672#6	0
1075	Q0	40224#3	1
1075	Q0	2886059#1	0
1075	Q0	1599785#9	0
1075	Q0	40224#21	0
1075	Q0	40224#13	0
1075	Q0	40224#4	0
1075	Q0	1704352#92	0
1075	Q0	3043730#4	0
1075	Q0	1578369#7	0
1075	Q0	40224#2	0
1075	Q0	40224#22	0
1077	Q0	2446202#0	1
1077	Q0	123318#6	1
1077	Q0	2446202#11	0
1077	Q0	629568#4	0
1077	Q0	2446202#5	0
1077	Q0	123318#5	0
1077	Q0	123324#23	0
1077	Q0	2446202#1	0
1077	Q0	123318#7	0
1077	Q0	2446202#9	0
1078	Q0	1073150#0	1
1078	Q0	1073150#46	0
1078	Q0	1073150#40	0
1078	Q0	1073150#14	0
1078	Q0	2964184#24	0
1078	Q0	1073150#25	0
1078	Q0	1073150#3	0
1078	Q0	1073150#47	0
1078	Q0	1073150#10	0
1078	Q0	1073150#41	0
1079	Q0	17703#16	1
1079	Q0	17703#32	0
1079	Q0	17703#17	0
1079	Q0	17703#36	0
1079	Q0	17703#19	0
1079	Q0	17703#18	0
1079	Q0	17703#30	0
1079	Q0	1487108#24	0
1079	Q0	17703#28	0
1079	Q0	17703#12	0
1081	Q0	1099424#0	1
1081	Q0	1099424#1	0
1081	Q0	1099439#1	0
1081	Q0	1874507#0	0
1081	Q0	97883#1	0
1081	Q0	1609411#0	0
1081	Q0	1099439#0	0
1081	Q0	1874494#1	0
1081	Q0	10194#2	0
1081	Q0	650151#1	0
1082	Q0	3557811#0	1
1082	Q0	3557811#2	0
1082	Q0	3557811#7	0
1082	Q0	3557811#14	0
1082	Q0	3557811#5	0
1082	Q0	3557051#4	0
1082	Q0	3539235#287	0
1082	Q0	1044917#3	0
1082	Q0	3539235#173	0
1082	Q0	3539235#54	0
1083	Q0	2752137#7	1
1083	Q0	2752137#79	0
1083	Q0	2752137#1	0
1083	Q0	860774#2	0
1083	Q0	2752137#26	0
1083	Q0	649217#34	0
1083	Q0	2752137#58	0
1083	Q0	1120226#1	0
1083	Q0	1435776#10	0
1083	Q0	2752137#5	0
1084	Q0	341039#12	1
1084	Q0	341039#24	0
1084	Q0	341039#26	0
1084	Q0	341039#0	0
1084	Q0	341039#5	0
1084	Q0	341039#27	0
1084	Q0	341039#21	0
1084	Q0	341039#15	0
1084	Q0	2223966#3	0
1084	Q0	3455269#11	0
1085	Q0	25144#0	1
1085	Q0	25144#1	0
1085	Q0	127221#0	0
1085	Q0	25144#4	0
1085	Q0	25144#3	0
1085	Q0	1340165#0	0
1085	Q0	25144#6	0
1085	Q0	25144#2	0
1085	Q0	27523#1	0
1085	Q0	19831#0	0
1086	Q0	3066128#2	1
1086	Q0	3066128#23	0
1086	Q0	3066128#0	0
1086	Q0	3830250#1	0
1086	Q0	617739#1	0
1086	Q0	3003875#4	0
1086	Q0	892987#1	0
1086	Q0	1114327#4	0
1086	Q0	3066128#6	0
1086	Q0	843942#1	0
1087	Q0	6471#8	1
1087	Q0	2323078#0	1
1087	Q0	6471#9	1
1087	Q0	960003#1	1
1087	Q0	2323078#1	1
1087	Q0	33426#1	1
1087	Q0	1369564#0	1
1087	Q0	6471#0	1
1087	Q0	7573#3	0
1087	Q0	2323078#2	0
1087	Q0	7573#10	0
1089	Q0	3779272#0	1
1089	Q0	3234594#9	0
1089	Q0	3779272#5	0
1089	Q0	3779272#6	0
1089	Q0	3779272#11	0
1089	Q0	2516133#15	0
1089	Q0	2516133#24	0
1089	Q0	3779272#1	0
1089	Q0	686584#17	0
1089	Q0	2516133#13	0
1090	Q0	379204#4	1
1090	Q0	379204#5	0
1090	Q0	19050#16	0
1090	Q0	379204#6	0
1090	Q0	379204#3	0
1090	Q0	379204#7	0
1090	Q0	379204#2	0
1090	Q0	379204#18	0
1090	Q0	2367420#2	0
1090	Q0	35325#1	0
1091	Q0	2809948#0	1
1091	Q0	2687684#3	1
1091	Q0	2809949#6	0
1091	Q0	2809948#17	0
1091	Q0	164641#4	0
1091	Q0	2809948#15	0
1091	Q0	2809948#10	0
1091	Q0	2809949#22	0
1091	Q0	2809949#3	0
1091	Q0	661794#5	0
1093	Q0	289754#2	1
1093	Q0	289754#3	0
1093	Q0	1169783#0	0
1093	Q0	397130#188	0
1093	Q0	314556#4	0
1093	Q0	3345486#1	0
1093	Q0	1234391#2	0
1093	Q0	289754#13	0
1093	Q0	289754#4	0
1093	Q0	1564497#1	0
1093	Q0	289754#0	0
1094	Q0	1684#2	1
1094	Q0	1562#2	1
1094	Q0	933573#0	1
1094	Q0	3153301#1	0
1094	Q0	933573#22	0
1094	Q0	1562#3	0
1094	Q0	3153301#6	0
1094	Q0	1684#11	0
1094	Q0	933573#29	0
1094	Q0	3153301#3	0
1094	Q0	236289#1	0
1096	Q0	3633564#3	1
1096	Q0	849762#123	1
1096	Q0	644288#1	1
1096	Q0	1347394#7	0
1096	Q0	1347394#1	0
1096	Q0	215347#6	0
1096	Q0	1103703#3	0
1096	Q0	74028#3	0
1096	Q0	1347394#8	0
1096	Q0	1347394#2	0
1096	Q0	1347394#0	0
1097	Q0	128468#8	1
1097	Q0	561261#0	1
1097	Q0	561261#20	1
1097	Q0	66781#14	1
1097	Q0	128468#7	1
1097	Q0	128468#11	1
1097	Q0	128468#10	1
1097	Q0	128468#0	1
1097	Q0	3564917#15	0
1097	Q0	2739811#11	0
1098	Q0	155999#10	1
1098	Q0	155999#12	0
1098	Q0	155999#9	0
1098	Q0	169077#12	0
1098	Q0	180414#17	0
1098	Q0	155999#26	0
1098	Q0	68007#7	0
1098	Q0	1246382#3	0
1098	Q0	1095341#8	0
1098	Q0	69862#11	0
1099	Q0	196830#3	1
1099	Q0	6990#0	1
1099	Q0	6990#14	1
1099	Q0	6991#0	0
1099	Q0	6991#6	0
1099	Q0	6991#8	0
1099	Q0	188705#2	0
1099	Q0	578996#63	0
1099	Q0	68871#90	0
1099	Q0	2223170#2	0
1099	Q0	3634787#35	0
1099	Q0	6991#7	0
1101	Q0	1784841#1	1
1101	Q0	139901#3	1
1101	Q0	139901#0	0
1101	Q0	664585#0	0
1101	Q0	1336392#2	0
1101	Q0	307962#4	0
1101	Q0	2937892#0	0
1101	Q0	1336392#0	0
1101	Q0	139901#15	0
1101	Q0	1980164#1	0
1102	Q0	1657472#0	1
1102	Q0	1132252#12	1
1102	Q0	1657472#15	1
1102	Q0	1657472#37	0
1102	Q0	858991#43	0
1102	Q0	1657472#43	0
1102	Q0	2567830#2	0
1102	Q0	1312727#17	0
1102	Q0	1657472#20	0
1102	Q0	1657472#34	0
1102	Q0	1657472#44	0
1103	Q0	623539#5	1
1103	Q0	623539#7	0
1103	Q0	623539#0	0
1103	Q0	1602639#17	0
1103	Q0	623539#12	0
1103	Q0	623539#10	0
1103	Q0	921603#11	0
1103	Q0	542844#13	0
1103	Q0	1404988#3	0
1103	Q0	623539#8	0
1104	Q0	1309363#1	1
1104	Q0	3306497#7	1
1104	Q0	3041602#0	0
1104	Q0	1954694#15	0
1104	Q0	3245134#2	0
1104	Q0	2466747#54	0
1104	Q0	1309363#33	0
1104	Q0	1954694#145	0
1104	Q0	2466747#70	0
1104	Q0	924859#8	0
1105	Q0	55087#1	1
1105	Q0	55087#0	1
1105	Q0	55087#6	0
1105	Q0	2054531#0	0
1105	Q0	130827#2	0
1105	Q0	55087#8	0
1105	Q0	2995210#1	0
1105	Q0	1113240#1	0
1105	Q0	252983#1	0
1105	Q0	3122871#1	0
1106	Q0	120686#1	1
1106	Q0	2372945#53	1
1106	Q0	113537#3	1
1106	Q0	138649#8	1
1106	Q0	2952940#8	1
1106	Q0	6305#0	1
1106	Q0	6305#67	0
1106	Q0	2372945#9	0
1106	Q0	6305#36	0
1106	Q0	2372945#1	0
1106	Q0	13325#13	0
1107	Q0	309208#1	1
1107	Q0	3953#17	0
1107	Q0	1608780#10	0
1107	Q0	104269#35	0
1107	Q0	1608780#11	0
1107	Q0	181273#25	0
1107	Q0	312605#2	0
1107	Q0	2716753#3	0
1107	Q0	1656237#2	0
1107	Q0	1004464#42	0
1108	Q0	3535890#9	1
1108	Q0	1074007#3	1
1108	Q0	7993#20	0
1108	Q0	7993#21	0
1108	Q0	26675#12	0
1108	Q0	104166#6	0
1108	Q0	20835#58	0
1108	Q0	1037333#3	0
1108	Q0	161088#8	0
1108	Q0	1286910#4	0
1108	Q0	22471#21	0
1109	Q0	750282#31	1
1109	Q0	547381#13	1
1109	Q0	547381#14	0
1109	Q0	547381#24	0
1109	Q0	2917028#1	0
1109	Q0	925156#1	0
1109	Q0	1587707#4	0
1109	Q0	750282#98	0
1109	Q0	547381#16	0
1109	Q0	547381#28	0
1109	Q0	5304#7	0
1113	Q0	44038#0	1
1113	Q0	28186#0	1
1113	Q0	543763#2	0
1113	Q0	9035#6	0
1113	Q0	2927580#0	0
1113	Q0	44038#15	0
1113	Q0	2337572#0	0
1113	Q0	243614#1	0
1113	Q0	60007#4	0
1113	Q0	44038#12	0
1115	Q0	163772#1	1
1115	Q0	5743#147	0
1115	Q0	1628913#1	0
1115	Q0	2259842#6	0
1115	Q0	1811086#0	0
1115	Q0	2752985#1	0
1115	Q0	2902980#0	0
1115	Q0	3601711#9	0
1115	Q0	1241900#5	0
1115	Q0	771127#1	0
1116	Q0	845113#6	1
1116	Q0	845113#18	0
1116	Q0	845113#22	0
1116	Q0	845113#19	0
1116	Q0	593599#16	0
1116	Q0	3601290#1	0
1116	Q0	845113#34	0
1116	Q0	1636387#1	0
1116	Q0	2722374#5	0
1116	Q0	2625422#22	0
1117	Q0	36877#3	1
1117	Q0	2247379#2	1
1117	Q0	47291#0	1
1117	Q0	139848#2	0
1117	Q0	2140871#1	0
1117	Q0	3526935#9	0
1117	Q0	81695#21	0
1117	Q0	581550#109	0
1117	Q0	2384104#4	0
1117	Q0	1918593#6	0
1122	Q0	509026#0	1
1122	Q0	509026#2	0
1122	Q0	509026#4	0
1122	Q0	2223591#0	0
1122	Q0	509026#5	0
1122	Q0	2223591#1	0
1122	Q0	509026#1	0
1122	Q0	205937#2	0
1122	Q0	1521770#1	0
1122	Q0	3138601#5	0
1123	Q0	232949#3	1
1123	Q0	2761468#0	1
1123	Q0	232949#27	0
1123	Q0	232949#14	0
1123	Q0	232949#15	0
1123	Q0	129448#40	0
1123	Q0	31473#66	0
1123	Q0	229354#9	0
1123	Q0	670212#21	0
1123	Q0	689783#3	0
1123	Q0	507456#9	0
1124	Q0	9465#0	1
1124	Q0	74#0	1
1124	Q0	3094120#0	1
1124	Q0	525324#0	1
1124	Q0	213994#5	1
1124	Q0	46728#0	0
1124	Q0	324573#0	0
1124	Q0	74#9	0
1124	Q0	2936313#2	0
1124	Q0	46678#14	0
1125	Q0	3589004#1	1
1125	Q0	3589004#12	0
1125	Q0	3002132#1	0
1125	Q0	3726960#3	0
1125	Q0	3703027#2	0
1125	Q0	1068096#4	0
1125	Q0	3703027#0	0
1125	Q0	3002132#2	0
1125	Q0	1777586#8	0
1125	Q0	1068096#14	0
1125	Q0	182653#20	0
1126	Q0	3802212#1	1
1126	Q0	3802212#0	1
1126	Q0	3802212#2	0
1126	Q0	3802212#19	0
1126	Q0	2849574#1	0
1126	Q0	3802212#13	0
1126	Q0	3802212#4	0
1126	Q0	3802212#10	0
1126	Q0	3802212#3	0
1126	Q0	1413280#3	0
1127	Q0	233725#1	1
1127	Q0	15999#26	1
1127	Q0	4598#3	1
1127	Q0	168146#11	0
1127	Q0	4597#1	0
1127	Q0	4597#7	0
1127	Q0	168146#12	0
1127	Q0	4597#4	0
1127	Q0	1089575#6	0
1127	Q0	4598#2	0
1127	Q0	4597#9	0
1128	Q0	2431889#0	1
1128	Q0	2431889#3	1
1128	Q0	2431889#24	1
1128	Q0	2431889#21	1
1128	Q0	2431889#10	1
1128	Q0	2431889#18	0
1128	Q0	2431889#1	0
1128	Q0	2431889#5	0
1128	Q0	2431889#8	0
1128	Q0	2431889#7	0
1128	Q0	2431889#12	0
1129	Q0	1041643#21	1
1129	Q0	1041643#1	1
1129	Q0	1041643#0	1
1129	Q0	1041643#17	0
1129	Q0	1041643#13	0
1129	Q0	12081#6	0
1129	Q0	1790394#1	0
1129	Q0	3554470#0	0
1129	Q0	694770#8	0
1129	Q0	1356158#5	0
1130	Q0	2457511#4	1
1130	Q0	3317#5	0
1130	Q0	3317#0	0
1130	Q0	2246#14	0
1130	Q0	57444#9	0
1130	Q0	3317#33	0
1130	Q0	1403017#1	0
1130	Q0	3317#8	0
1130	Q0	3317#14	0
1130	Q0	823#34	0
1131	Q0	421470#1	1
1131	Q0	1075235#1	1
1131	Q0	1179415#0	1
1131	Q0	1075235#12	0
1131	Q0	372325#15	0
1131	Q0	1552875#3	0
1131	Q0	1059437#6	0
1131	Q0	3049#22	0
1131	Q0	1092754#7	0
1131	Q0	11948#11	0
1131	Q0	1332284#4	0
1133	Q0	1949045#16	1
1133	Q0	3355437#9	1
1133	Q0	225012#16	1
1133	Q0	1528#79	1
1133	Q0	2068484#31	1
1133	Q0	3690303#5	1
1133	Q0	722915#0	1
1133	Q0	1149690#11	0
1133	Q0	322405#18	0
1133	Q0	3436751#10	0
1133	Q0	3574544#7	0
1134	Q0	200312#20	1
1134	Q0	2305568#7	1
1134	Q0	200312#2	0
1134	Q0	200312#25	0
1134	Q0	743328#16	0
1134	Q0	200312#8	0
1134	Q0	200312#10	0
1134	Q0	200312#26	0
1134	Q0	200312#0	0
1134	Q0	200312#27	0
1134	Q0	200312#9	0
1136	Q0	2016#30	1
1136	Q0	8205#6	1
1136	Q0	47312#3	0
1136	Q0	23903#8	0
1136	Q0	47312#6	0
1136	Q0	2294825#2	0
1136	Q0	8205#8	0
1136	Q0	403692#1	0
1136	Q0	8205#26	0
1136	Q0	2260641#27	0
1136	Q0	8205#27	0
1137	Q0	1982969#0	1
1137	Q0	891414#2	0
1137	Q0	795292#0	0
1137	Q0	2744130#195	0
1137	Q0	2825344#65	0
1137	Q0	601901#3	0
1137	Q0	19375#13	0
1137	Q0	98200#32	0
1137	Q0	795312#0	0
1137	Q0	795297#0	0
1137	Q0	20379#0	0
1138	Q0	1035279#3	1
1138	Q0	1035279#0	1
1138	Q0	1035279#5	0
1138	Q0	1035279#23	0
1138	Q0	1035279#34	0
1138	Q0	1035279#8	0
1138	Q0	1035279#26	0
1138	Q0	1035279#29	0
1138	Q0	1035279#20	0
1138	Q0	1035279#19	0
1139	Q0	3013333#1	1
1139	Q0	3013333#0	0
1139	Q0	1659933#0	0
1139	Q0	1889238#72	0
1139	Q0	1692063#9	0
1139	Q0	1110344#4	0
1139	Q0	3780115#11	0
1139	Q0	2577279#0	0
1139	Q0	1109518#3	0
1139	Q0	1427107#23	0
1140	Q0	3450768#9	1
1140	Q0	13974#41	0
1140	Q0	1395#7	0
1140	Q0	2146#3	0
1140	Q0	3792828#1	0
1140	Q0	697409#42	0
1140	Q0	1392226#4	0
1140	Q0	1551177#17	0
1140	Q0	587655#7	0
1140	Q0	534583#11	0
1140	Q0	256797#1	0
1141	Q0	1227187#0	1
1141	Q0	69268#49	0
1141	Q0	1227187#68	0
1141	Q0	1973267#2	0
1141	Q0	1227187#31	0
1141	Q0	110503#7	0
1141	Q0	1227187#41	0
1141	Q0	90999#18	0
1141	Q0	1227187#4	0
1141	Q0	163835#3	0
1142	Q0	149275#5	1
1142	Q0	149275#12	1
1142	Q0	73288#35	1
1142	Q0	202265#26	1
1142	Q0	149275#0	0
1142	Q0	3797248#15	0
1142	Q0	3132446#19	0
1142	Q0	149275#34	0
1142	Q0	149275#58	0
1142	Q0	3132446#20	0
1142	Q0	149275#55	0
1144	Q0	1046445#0	1
1144	Q0	1046445#1	1
1144	Q0	1046445#2	1
1144	Q0	12502#0	1
1144	Q0	234286#39	0
1144	Q0	234286#81	0
1144	Q0	1046445#3	0
1144	Q0	12502#26	0
1144	Q0	902708#104	0
1144	Q0	587641#6	0
1144	Q0	199314#0	0
1145	Q0	3387113#3	1
1145	Q0	2100456#1	0
1145	Q0	449849#0	0
1145	Q0	2946180#2	0
1145	Q0	3094670#9	0
1145	Q0	3442575#123	0
1145	Q0	2405285#0	0
1145	Q0	2998349#0	0
1145	Q0	1039985#4	0
1145	Q0	1104177#2	0
1146	Q0	52575#11	1
1146	Q0	746418#1	1
1146	Q0	52575#20	0
1146	Q0	52575#10	0
1146	Q0	52575#8	0
1146	Q0	52575#0	0
1146	Q0	52575#24	0
1146	Q0	52575#22	0
1146	Q0	52575#25	0
1146	Q0	1652295#2	0
1146	Q0	52575#1	0
1147	Q0	147180#5	1
1147	Q0	147180#1	1
1147	Q0	2846861#1	1
1147	Q0	1682757#0	1
1147	Q0	147180#6	0
1147	Q0	147180#10	0
1147	Q0	147180#0	0
1147	Q0	147180#3	0
1147	Q0	147180#19	0
1147	Q0	2846861#0	0
1149	Q0	820452#2	1
1149	Q0	820452#18	1
1149	Q0	820452#0	0
1149	Q0	820452#19	0
1149	Q0	820452#1	0
1149	Q0	2082038#19	0
1149	Q0	3524480#10	0
1149	Q0	2098815#37	0
1149	Q0	820452#22	0
1149	Q0	2143740#5	0
1151	Q0	95956#3	1
1151	Q0	95956#0	0
1151	Q0	95956#1	0
1151	Q0	95956#19	0
1151	Q0	95956#12	0
1151	Q0	95956#6	0
1151	Q0	288049#6	0
1151	Q0	2268799#4	0
1151	Q0	95956#8	0
1151	Q0	95956#21	0
1152	Q0	1266964#0	1
1152	Q0	54592#0	1
1152	Q0	2882996#2	0
1152	Q0	806579#38	0
1152	Q0	1760043#10	0
1152	Q0	2380722#0	0
1152	Q0	2030339#2	0
1152	Q0	1828132#43	0
1152	Q0	143899#34	0
1152	Q0	81203#108	0
1152	Q0	806579#36	0
1153	Q0	1944#4	1
1153	Q0	839902#4	0
1153	Q0	558750#6	0
1153	Q0	128183#20	0
1153	Q0	1661837#1	0
1153	Q0	71389#7	0
1153	Q0	239334#6	0
1153	Q0	1689399#11	0
1153	Q0	793237#1	0
1153	Q0	738377#9	0
1153	Q0	311946#6	0
1155	Q0	414626#8	1
1155	Q0	2373532#14	0
1155	Q0	689393#4	0
1155	Q0	299921#18	0
1155	Q0	414682#10	0
1155	Q0	1025333#10	0
1155	Q0	301401#8	0
1155	Q0	491694#10	0
1155	Q0	414682#11	0
1155	Q0	414626#12	0
1157	Q0	34259#17	1
1157	Q0	1793882#5	0
1157	Q0	146720#1	0
1157	Q0	146721#0	0
1157	Q0	28667#3	0
1157	Q0	2745861#18	0
1157	Q0	2745861#17	0
1157	Q0	2746562#3	0
1157	Q0	1141757#1	0
1157	Q0	2334160#1	0
1159	Q0	104362#0	1
1159	Q0	104362#4	0
1159	Q0	104362#2	0
1159	Q0	104362#3	0
1159	Q0	104362#6	0
1159	Q0	416558#36	0
1159	Q0	104362#5	0
1159	Q0	995612#4	0
1159	Q0	2842773#1	0
1159	Q0	104362#9	0
1160	Q0	96990#1	1
1160	Q0	982124#2	0
1160	Q0	377624#0	0
1160	Q0	871802#1	0
1160	Q0	181504#8	0
1160	Q0	96990#19	0
1160	Q0	1308235#8	0
1160	Q0	3046446#0	0
1160	Q0	2599593#5	0
1160	Q0	112882#9	0
1161	Q0	6853#20	1
1161	Q0	846420#4	1
1161	Q0	799228#0	1
1161	Q0	1424727#5	0
1161	Q0	477750#11	0
1161	Q0	1424727#12	0
1161	Q0	815889#2	0
1161	Q0	3641692#7	0
1161	Q0	538723#22	0
1161	Q0	2637926#0	0
1161	Q0	754696#6	0
1162	Q0	60788#0	1
1162	Q0	2843956#0	1
1162	Q0	135012#1	1
1162	Q0	135012#0	1
1162	Q0	1452812#1	1
1162	Q0	2977282#0	1
1162	Q0	3822793#11	0
1162	Q0	204102#0	0
1162	Q0	728100#0	0
1162	Q0	1497812#0	0
1164	Q0	3747#4	1
1164	Q0	17905#122	1
1164	Q0	517695#3	0
1164	Q0	3962#4	0
1164	Q0	17602#129	0
1164	Q0	86074#1	0
1164	Q0	3747#57	0
1164	Q0	86074#0	0
1164	Q0	86075#13	0
1164	Q0	19009#9	0
1165	Q0	442460#9	1
1165	Q0	2878#8	0
1165	Q0	28504#23	0
1165	Q0	28504#14	0
1165	Q0	11662#70	0
1165	Q0	28504#3	0
1165	Q0	28504#13	0
1165	Q0	28504#33	0
1165	Q0	28504#2	0
1165	Q0	2093023#0	0
1166	Q0	7878#0	1
1166	Q0	78483#3	0
1166	Q0	7878#3	0
1166	Q0	7878#10	0
1166	Q0	2650527#12	0
1166	Q0	7878#4	0
1166	Q0	7878#5	0
1166	Q0	7878#12	0
1166	Q0	1346663#0	0
1166	Q0	7878#9	0
1168	Q0	716151#10	1
1168	Q0	716151#11	1
1168	Q0	716151#8	0
1168	Q0	716151#3	0
1168	Q0	716151#17	0
1168	Q0	716151#6	0
1168	Q0	3093023#2	0
1168	Q0	716151#16	0
1168	Q0	5231#9	0
1168	Q0	79584#10	0
1168	Q0	1689042#3	0
1169	Q0	2117815#0	1
1169	Q0	1913325#16	0
1169	Q0	2509083#32	0
1169	Q0	1657375#12	0
1169	Q0	1657375#0	0
1169	Q0	2509072#0	0
1169	Q0	2509130#35	0
1169	Q0	2484305#3	0
1169	Q0	2913432#14	0
1169	Q0	2514727#0	0
1170	Q0	11099#20	1
1170	Q0	15934#4	1
1170	Q0	21004#8	1
1170	Q0	859156#5	1
1170	Q0	7187#17	1
1170	Q0	15934#0	1
1170	Q0	15934#13	0
1170	Q0	15934#14	0
1170	Q0	23899#46	0
1170	Q0	15934#9	0
1170	Q0	15934#24	0
1174	Q0	1280985#0	1
1174	Q0	3250362#0	1
1174	Q0	420584#0	1
1174	Q0	2707476#0	0
1174	Q0	1280985#8	0
1174	Q0	3250362#14	0
1174	Q0	3250362#1	0
1174	Q0	1280985#6	0
1174	Q0	3703071#0	0
1174	Q0	1280985#2	0
1174	Q0	3250362#4	0
1175	Q0	1723076#4	1
1175	Q0	1723076#0	0
1175	Q0	1414517#3	0
1175	Q0	1723076#10	0
1175	Q0	1723076#13	0
1175	Q0	3214712#0	0
1175	Q0	167014#1	0
1175	Q0	1723076#6	0
1175	Q0	1723076#5	0
1175	Q0	1723076#23	0
1176	Q0	77990#0	1
1176	Q0	77990#4	0
1176	Q0	77990#5	0
1176	Q0	77990#3	0
1176	Q0	77990#13	0
1176	Q0	77990#15	0
1176	Q0	77990#9	0
1176	Q0	77990#14	0
1176	Q0	77990#19	0
1176	Q0	77990#23	0
1177	Q0	146328#1	1
1177	Q0	69214#3	0
1177	Q0	400954#0	0
1177	Q0	146328#13	0
1177	Q0	146328#8	0
1177	Q0	69214#0	0
1177	Q0	38605#4	0
1177	Q0	146328#3	0
1177	Q0	146328#0	0
1177	Q0	146328#4	0
1178	Q0	3660097#0	1
1178	Q0	3660097#21	0
1178	Q0	3660097#28	0
1178	Q0	3660097#5	0
1178	Q0	3660097#1	0
1178	Q0	3660097#9	0
1178	Q0	3661043#0	0
1178	Q0	3660097#27	0
1178	Q0	198767#0	0
1178	Q0	3660097#16	0
1181	Q0	28627#2	1
1181	Q0	17391#4	1
1181	Q0	15576#3	1
1181	Q0	24507#10	1
1181	Q0	28632#6	1
1181	Q0	28627#5	0
1181	Q0	31440#1	0
1181	Q0	1453201#30	0
1181	Q0	6505#6	0
1181	Q0	24507#13	0
1182	Q0	1414308#1	1
1182	Q0	1414308#0	0
1182	Q0	1414308#2	0
1182	Q0	1414308#25	0
1182	Q0	1414308#13	0
1182	Q0	2235603#1	0
1182	Q0	46426#0	0
1182	Q0	3490463#0	0
1182	Q0	2804084#62	0
1182	Q0	2451365#0	0
1183	Q0	682590#4	1
1183	Q0	299721#7	1
1183	Q0	299721#16	1
1183	Q0	3142871#1	1
1183	Q0	299721#1	1
1183	Q0	299721#5	0
1183	Q0	299721#0	0
1183	Q0	299721#4	0
1183	Q0	1792761#0	0
1183	Q0	176817#5	0
1184	Q0	3835891#0	1
1184	Q0	2373024#1	0
1184	Q0	1354258#2	0
1184	Q0	431996#1	0
1184	Q0	3793917#0	0
1184	Q0	3002544#4	0
1184	Q0	331909#4	0
1184	Q0	1905123#1	0
1184	Q0	53124#4	0
1184	Q0	496921#1	0
1185	Q0	1527458#0	1
1185	Q0	140987#1	1
1185	Q0	1263066#4	1
1185	Q0	140897#9	1
1185	Q0	2020799#1	1
1185	Q0	140987#5	0
1185	Q0	140956#6	0
1185	Q0	140987#37	0
1185	Q0	1230361#1	0
1185	Q0	140987#11	0
1187	Q0	618913#13	1
1187	Q0	618913#4	1
1187	Q0	618913#5	1
1187	Q0	1766036#6	1
1187	Q0	618913#0	1
1187	Q0	618913#12	1
1187	Q0	1284180#0	0
1187	Q0	618913#11	0
1187	Q0	927828#2	0
1187	Q0	2041687#7	0
1187	Q0	572351#0	0
1187	Q0	618913#9	0
1188	Q0	47473#4	1
1188	Q0	1779313#2	1
1188	Q0	47475#0	1
1188	Q0	2199567#5	0
1188	Q0	437043#2	0
1188	Q0	352398#7	0
1188	Q0	2199567#10	0
1188	Q0	1864744#65	0
1188	Q0	6715#28	0
1188	Q0	47475#3	0
1191	Q0	2882565#0	1
1191	Q0	174209#0	1
1191	Q0	174209#21	0
1191	Q0	174209#1	0
1191	Q0	2882565#8	0
1191	Q0	2882565#9	0
1191	Q0	1518832#1	0
1191	Q0	587178#5	0
1191	Q0	2882565#1	0
1191	Q0	2882565#7	0
1192	Q0	41165#0	1
1192	Q0	41165#26	0
1192	Q0	1023646#0	0
1192	Q0	41165#44	0
1192	Q0	41165#25	0
1192	Q0	41165#28	0
1192	Q0	2362383#0	0
1192	Q0	1220965#1	0
1192	Q0	1023646#1	0
1192	Q0	2312250#1	0
1193	Q0	887128#1	1
1193	Q0	887128#4	1
1193	Q0	887128#0	1
1193	Q0	887128#3	0
1193	Q0	2786522#2	0
1193	Q0	574141#1	0
1193	Q0	2786540#1	0
1193	Q0	574141#5	0
1193	Q0	3215842#30	0
1193	Q0	887128#2	0
1194	Q0	8211#0	1
1194	Q0	1372931#2	0
1194	Q0	2724782#1	0
1194	Q0	8211#4	0
1194	Q0	8211#26	0
1194	Q0	17600#1	0
1194	Q0	830076#2	0
1194	Q0	1907205#18	0
1194	Q0	8211#7	0
1194	Q0	651009#18	0
1195	Q0	72659#0	1
1195	Q0	846756#0	1
1195	Q0	72659#2	1
1195	Q0	125810#1	0
1195	Q0	2446666#0	0
1195	Q0	194250#1	0
1195	Q0	2855655#3	0
1195	Q0	2430398#4	0
1195	Q0	72659#16	0
1195	Q0	3020946#1	0
1196	Q0	3848353#3	1
1196	Q0	3848353#0	0
1196	Q0	3848353#1	0
1196	Q0	3429859#4	0
1196	Q0	3848353#6	0
1196	Q0	3645305#1	0
1196	Q0	2667354#5	0
1196	Q0	3848353#5	0
1196	Q0	3848353#12	0
1196	Q0	2869815#1	0
1198	Q0	35345#0	1
1198	Q0	2057919#6	1
1198	Q0	520330#0	1
1198	Q0	2807206#0	0
1198	Q0	35345#1	0
1198	Q0	1038103#21	0
1198	Q0	1821243#5	0
1198	Q0	2528112#0	0
1198	Q0	463933#0	0
1198	Q0	3504997#3	0
1200	Q0	16627#5	1
1200	Q0	964315#0	1
1200	Q0	2215192#2	0
1200	Q0	38047#1	0
1200	Q0	1506751#22	0
1200	Q0	2410890#3	0
1200	Q0	1521786#0	0
1200	Q0	397130#112	0
1200	Q0	181500#7	0
1200	Q0	130619#1	0
1202	Q0	47281#3	1
1202	Q0	117385#2	0
1202	Q0	1577942#1	0
1202	Q0	47281#20	0
1202	Q0	47281#4	0
1202	Q0	117385#6	0
1202	Q0	47281#17	0
1202	Q0	2814673#3	0
1202	Q0	2790455#4	0
1202	Q0	47281#18	0
1204	Q0	924104#0	1
1204	Q0	541459#1	1
1204	Q0	924104#3	0
1204	Q0	924104#43	0
1204	Q0	924104#15	0
1204	Q0	795087#1	0
1204	Q0	3419441#1	0
1204	Q0	1543519#1	0
1204	Q0	924104#47	0
1204	Q0	924104#4	0
1206	Q0	1698872#0	1
1206	Q0	409478#0	0
1206	Q0	1698872#5	0
1206	Q0	93720#27	0
1206	Q0	1698872#91	0
1206	Q0	4447#42	0
1206	Q0	1402916#1	0
1206	Q0	52878#4	0
1206	Q0	5259#147	0
1206	Q0	52878#5	0
1206	Q0	1698872#60	0
1206	Q0	1698872#57	0
1207	Q0	13325#2	1
1207	Q0	252479#0	0
1207	Q0	13325#13	0
1207	Q0	252479#19	0
1207	Q0	2372945#21	0
1207	Q0	534549#2	0
1207	Q0	1768034#2	0
1207	Q0	13325#9	0
1207	Q0	2504718#2	0
1207	Q0	742097#35	0
1207	Q0	72109#106	0
1208	Q0	40131#0	1
1208	Q0	3340945#0	1
1208	Q0	40131#5	1
1208	Q0	1212849#3	1
1208	Q0	1178969#29	0
1208	Q0	1985975#0	0
1208	Q0	40131#38	0
1208	Q0	40131#53	0
1208	Q0	1111153#0	0
1208	Q0	3340945#3	0
1209	Q0	74545#2	1
1209	Q0	9764#8	1
1209	Q0	9764#16	0
1209	Q0	9764#34	0
1209	Q0	136453#4	0
1209	Q0	881285#0	0
1209	Q0	136453#7	0
1209	Q0	74545#0	0
1209	Q0	98406#9	0
1209	Q0	1621784#3	0
1210	Q0	23859#5	1
1210	Q0	23859#11	0
1210	Q0	1864744#74	0
1210	Q0	96175#9	0
1210	Q0	86602#19	0
1210	Q0	894969#7	0
1210	Q0	2427338#39	0
1210	Q0	42100#13	0
1210	Q0	23905#4	0
1210	Q0	291350#1	0
1211	Q0	20943#5	1
1211	Q0	2923770#1	0
1211	Q0	20943#8	0
1211	Q0	20943#12	0
1211	Q0	3826400#1	0
1211	Q0	2923770#0	0
1211	Q0	20943#7	0
1211	Q0	717821#0	0
1211	Q0	882585#8	0
1211	Q0	3886689#67	0
1211	Q0	3883090#8	0
1212	Q0	1417402#34	1
1212	Q0	375671#7	0
1212	Q0	2084889#2	0
1212	Q0	3419454#0	0
1212	Q0	19589#12	0
1212	Q0	814339#1	0
1212	Q0	710086#2	0
1212	Q0	80553#6	0
1212	Q0	80553#9	0
1212	Q0	710064#1	0
1212	Q0	710064#0	0
1213	Q0	17674#3	1
1213	Q0	252115#0	0
1213	Q0	15011#3	0
1213	Q0	236887#1	0
1213	Q0	17674#23	0
1213	Q0	272663#1	0
1213	Q0	1444889#0	0
1213	Q0	1774822#5	0
1213	Q0	68302#2	0
1213	Q0	2386087#0	0
1215	Q0	8574#2	1
1215	Q0	64754#2	0
1215	Q0	439744#2	0
1215	Q0	2029151#127	0
1215	Q0	8574#21	0
1215	Q0	199176#5	0
1215	Q0	163463#1	0
1215	Q0	100510#4	0
1215	Q0	8574#17	0
1215	Q0	2198665#3	0
1216	Q0	63195#46	1
1216	Q0	140316#13	1
1216	Q0	1192#0	1
1216	Q0	2826852#41	0
1216	Q0	1192#74	0
1216	Q0	1192#28	0
1216	Q0	3112256#0	0
1216	Q0	1192#77	0
1216	Q0	860385#20	0
1216	Q0	1833822#0	0
1217	Q0	1097593#0	1
1217	Q0	280639#0	1
1217	Q0	116988#0	0
1217	Q0	116988#14	0
1217	Q0	395128#7	0
1217	Q0	3637710#3	0
1217	Q0	799796#6	0
1217	Q0	280639#4	0
1217	Q0	1889714#2	0
1217	Q0	1578847#7	0
1217	Q0	681804#5	0
1218	Q0	659922#3	1
1218	Q0	58676#0	1
1218	Q0	58676#9	0
1218	Q0	996085#2	0
1218	Q0	58676#26	0
1218	Q0	110873#2	0
1218	Q0	771154#30	0
1218	Q0	3573879#3	0
1218	Q0	61109#23	0
1218	Q0	570530#0	0
1218	Q0	117383#0	0
1218	Q0	58676#24	0
1219	Q0	43957#0	1
1219	Q0	43957#1	1
1219	Q0	435470#0	1
1219	Q0	1539061#38	0
1219	Q0	1539061#3	0
1219	Q0	53327#10	0
1219	Q0	1539061#35	0
1219	Q0	1539061#36	0
1219	Q0	1539061#37	0
1219	Q0	1539061#28	0
1221	Q0	407334#8	1
1221	Q0	407334#2	1
1221	Q0	1018407#0	0
1221	Q0	920241#2	0
1221	Q0	407334#15	0
1221	Q0	407334#0	0
1221	Q0	407334#13	0
1221	Q0	407334#26	0
1221	Q0	920241#0	0
1221	Q0	407334#1	0
1221	Q0	70268#21	0
1222	Q0	156571#5	1
1222	Q0	2297192#8	1
1222	Q0	114959#2	0
1222	Q0	2592501#2	0
1222	Q0	2375860#21	0
1222	Q0	2592501#6	0
1222	Q0	2297192#9	0
1222	Q0	299673#2	0
1222	Q0	2375860#30	0
1222	Q0	2317787#3	0
1223	Q0	434872#0	1
1223	Q0	434872#2	0
1223	Q0	434872#12	0
1223	Q0	434872#15	0
1223	Q0	2502477#3	0
1223	Q0	2915368#13	0
1223	Q0	3837023#10	0
1223	Q0	1976199#5	0
1223	Q0	434872#9	0
1223	Q0	2530273#4	0
1224	Q0	351989#0	1
1224	Q0	351989#1	0
1224	Q0	1026392#1	0
1224	Q0	351989#13	0
1224	Q0	395662#1	0
1224	Q0	49826#4	0
1224	Q0	1905334#2	0
1224	Q0	655#8	0
1224	Q0	15048#3	0
1224	Q0	2457243#2	0
1227	Q0	30929#0	1
1227	Q0	530289#2	1
1227	Q0	120899#16	1
1227	Q0	530289#0	1
1227	Q0	591415#0	1
1227	Q0	15509#238	0
1227	Q0	617008#1	0
1227	Q0	2502485#0	0
1227	Q0	2949197#10	0
1227	Q0	617008#0	0
1230	Q0	58676#4	1
1230	Q0	58676#15	1
1230	Q0	58676#0	1
1230	Q0	58676#24	1
1230	Q0	1748327#1	0
1230	Q0	1748327#43	0
1230	Q0	58676#8	0
1230	Q0	1748327#35	0
1230	Q0	58676#14	0
1230	Q0	1748327#17	0
1230	Q0	58676#37	0
1230	Q0	58676#26	0
1231	Q0	75847#47	1
1231	Q0	1555290#9	1
1231	Q0	3881141#3	0
1231	Q0	318463#18	0
1231	Q0	1555290#7	0
1231	Q0	75847#48	0
1231	Q0	75847#660	0
1231	Q0	70013#30	0
1231	Q0	75847#95	0
1231	Q0	75847#50	0
1232	Q0	2239469#0	1
1232	Q0	1805#4	1
1232	Q0	543814#4	1
1232	Q0	1805#0	1
1232	Q0	3964#64	1
1232	Q0	2239469#1	0
1232	Q0	2246#32	0
1232	Q0	42260#24	0
1232	Q0	93553#1	0
1232	Q0	2239469#8	0
1233	Q0	3534#1	1
1233	Q0	3535#3	1
1233	Q0	3535#7	1
1233	Q0	3534#4	0
1233	Q0	3535#20	0
1233	Q0	3535#6	0
1233	Q0	3535#0	0
1233	Q0	3535#30	0
1233	Q0	3535#35	0
1233	Q0	3535#4	0
1234	Q0	252691#3	1
1234	Q0	252691#21	0
1234	Q0	252691#2	0
1234	Q0	252691#48	0
1234	Q0	70308#2	0
1234	Q0	987732#0	0
1234	Q0	2406327#1	0
1234	Q0	2406327#47	0
1234	Q0	2406327#5	0
1234	Q0	3304706#1	0
1234	Q0	924865#9	0
1235	Q0	17987#0	1
1235	Q0	2839016#1	0
1235	Q0	2839016#23	0
1235	Q0	136078#4	0
1235	Q0	6352#21	0
1235	Q0	428960#0	0
1235	Q0	17096#0	0
1235	Q0	18031#1	0
1235	Q0	2839016#2	0
1235	Q0	2839016#15	0
1236	Q0	54380#4	1
1236	Q0	241717#14	1
1236	Q0	697964#1	1
1236	Q0	1260765#1	1
1236	Q0	241717#12	1
1236	Q0	722635#2	1
1236	Q0	73277#1	1
1236	Q0	362868#3	1
1236	Q0	199843#2	0
1236	Q0	223013#17	0
1237	Q0	11109#2	1
1237	Q0	305092#7	1
1237	Q0	2819526#2	1
1237	Q0	305092#1	1
1237	Q0	1009228#0	1
1237	Q0	4435#11	1
1237	Q0	1009228#2	0
1237	Q0	4435#35	0
1237	Q0	227383#3	0
1237	Q0	421509#8	0
1237	Q0	414285#1	0
1238	Q0	2851973#0	1
1238	Q0	2851973#5	1
1238	Q0	2851973#17	1
1238	Q0	2851973#18	0
1238	Q0	2851973#3	0
1238	Q0	2851973#22	0
1238	Q0	2851973#14	0
1238	Q0	2851973#12	0
1238	Q0	2851973#21	0
1238	Q0	2851973#23	0
1240	Q0	1964391#1	1
1240	Q0	1964391#0	0
1240	Q0	2691307#0	0
1240	Q0	775005#1	0
1240	Q0	2230553#0	0
1240	Q0	1964391#12	0
1240	Q0	1964391#14	0
1240	Q0	1964391#19	0
1240	Q0	3479925#1	0
1240	Q0	1964391#13	0
1242	Q0	18551#0	1
1242	Q0	5146#2	0
1242	Q0	2589461#3	0
1242	Q0	2589461#0	0
1242	Q0	5146#80	0
1242	Q0	336304#0	0
1242	Q0	2711196#1	0
1242	Q0	2622475#0	0
1242	Q0	2282385#1	0
1242	Q0	2572205#10	0
1243	Q0	2460222#0	1
1243	Q0	34293#11	0
1243	Q0	34293#12	0
1243	Q0	34293#4	0
1243	Q0	34293#0	0
1243	Q0	2893720#76	0
1243	Q0	34293#20	0
1243	Q0	2893720#0	0
1243	Q0	223719#16	0
1243	Q0	2893720#14	0
1243	Q0	1730503#3	0
1245	Q0	744816#4	1
1245	Q0	744816#16	1
1245	Q0	744816#17	0
1245	Q0	744816#1	0
1245	Q0	744816#44	0
1245	Q0	744816#22	0
1245	Q0	744816#26	0
1245	Q0	323008#9	0
1245	Q0	744816#33	0
1245	Q0	744816#12	0
1245	Q0	744816#11	0
1245	Q0	744816#5	0
1246	Q0	221171#7	1
1246	Q0	221171#2	1
1246	Q0	1211953#1	0
1246	Q0	2631549#1	0
1246	Q0	774151#0	0
1246	Q0	117543#0	0
1246	Q0	2003330#0	0
1246	Q0	997284#1	0
1246	Q0	1634579#0	0
1246	Q0	221171#5	0
1246	Q0	156341#12	0
1247	Q0	1235614#15	1
1247	Q0	1235614#27	0
1247	Q0	1235614#1	0
1247	Q0	1235614#23	0
1247	Q0	1235614#13	0
1247	Q0	1235614#54	0
1247	Q0	1235614#12	0
1247	Q0	1235614#31	0
1247	Q0	1235614#28	0
1247	Q0	5743#27	0
1248	Q0	362900#7	1
1248	Q0	362900#13	1
1248	Q0	362900#6	1
1248	Q0	3112577#0	0
1248	Q0	3112510#0	0
1248	Q0	362900#18	0
1248	Q0	362900#0	0
1248	Q0	362900#15	0
1248	Q0	362900#2	0
1248	Q0	500890#1	0
1248	Q0	362900#17	0
1249	Q0	1615256#1	1
1249	Q0	1615256#0	0
1249	Q0	3139546#3	0
1249	Q0	678923#1	0
1249	Q0	946876#1	0
1249	Q0	2233315#1	0
1249	Q0	2551205#1	0
1249	Q0	1615256#2	0
1249	Q0	1740263#1	0
1249	Q0	1615256#3	0
1251	Q0	196355#10	1
1251	Q0	173394#1	1
1251	Q0	173394#32	1
1251	Q0	173394#29	1
1251	Q0	192059#13	0
1251	Q0	173394#0	0
1251	Q0	224683#6	0
1251	Q0	173394#64	0
1251	Q0	5856#22	0
1251	Q0	173394#27	0
1252	Q0	1266773#0	1
1252	Q0	57928#0	1
1252	Q0	2141#41	1
1252	Q0	350934#2	0
1252	Q0	350934#1	0
1252	Q0	213886#177	0
1252	Q0	1347958#30	0
1252	Q0	22283#1	0
1252	Q0	2141#1	0
1252	Q0	159560#1	0
1252	Q0	230604#1	0
1254	Q0	785589#1	1
1254	Q0	217647#15	1
1254	Q0	1857236#0	1
1254	Q0	1110335#2	0
1254	Q0	16070#28	0
1254	Q0	1879433#73	0
1254	Q0	16047#4	0
1254	Q0	1857236#55	0
1254	Q0	1857236#23	0
1254	Q0	1857236#16	0
1255	Q0	151144#2	1
1255	Q0	151144#27	0
1255	Q0	151144#21	0
1255	Q0	151144#19	0
1255	Q0	151144#0	0
1255	Q0	151144#8	0
1255	Q0	2677715#0	0
1255	Q0	151144#29	0
1255	Q0	151144#1	0
1255	Q0	151144#3	0
1256	Q0	1810638#0	1
1256	Q0	12502#0	1
1256	Q0	1698838#96	0
1256	Q0	234286#81	0
1256	Q0	994674#1	0
1256	Q0	108679#27	0
1256	Q0	902708#60	0
1256	Q0	902708#110	0
1256	Q0	12502#17	0
1256	Q0	2699686#34	0
1256	Q0	994674#0	0
1257	Q0	279713#0	1
1257	Q0	279713#1	0
1257	Q0	1094341#1	0
1257	Q0	3004186#1	0
1257	Q0	2928620#1	0
1257	Q0	3713234#1	0
1257	Q0	3813743#1	0
1257	Q0	2618411#1	0
1257	Q0	3713234#0	0
1257	Q0	3847585#0	0
1258	Q0	1970205#0	1
1258	Q0	1970205#6	1
1258	Q0	1970205#9	1
1258	Q0	1970205#1	0
1258	Q0	3075653#0	0
1258	Q0	2811207#0	0
1258	Q0	24893#0	0
1258	Q0	1066922#0	0
1258	Q0	3550879#6	0
1258	Q0	1987499#0	0
1258	Q0	2113302#0	0
1258	Q0	1970205#7	0
1258	Q0	217431#0	0
1259	Q0	3843859#2	1
1259	Q0	1988211#37	0
1259	Q0	397130#156	0
1259	Q0	2772949#2	0
1259	Q0	353186#4	0
1259	Q0	37277#9	0
1259	Q0	480462#10	0
1259	Q0	353186#6	0
1259	Q0	82790#25	0
1259	Q0	7090#23	0
1259	Q0	3674#44	0
1259	Q0	3843859#21	0
1261	Q0	2556419#0	1
1261	Q0	2556419#4	1
1261	Q0	2556419#9	0
1261	Q0	2556419#2	0
1261	Q0	2556419#8	0
1261	Q0	2556419#3	0
1261	Q0	2556419#1	0
1261	Q0	3065959#5	0
1261	Q0	2556419#7	0
1261	Q0	917515#1	0
1262	Q0	1688454#1	1
1262	Q0	1688454#0	1
1262	Q0	1688454#21	0
1262	Q0	3072851#1	0
1262	Q0	33740#2	0
1262	Q0	1688454#19	0
1262	Q0	1688454#7	0
1262	Q0	1688454#18	0
1262	Q0	1688454#20	0
1262	Q0	1688454#11	0
1263	Q0	3611337#9	1
1263	Q0	3612187#10	0
1263	Q0	3613679#0	0
1263	Q0	3611337#22	0
1263	Q0	3611337#25	0
1263	Q0	3611337#17	0
1263	Q0	3611337#10	0
1263	Q0	3611337#0	0
1263	Q0	3153652#3	0
1263	Q0	3611337#1	0
1265	Q0	223913#1	1
1265	Q0	3418645#1	1
1265	Q0	293274#2	0
1265	Q0	114909#4	0
1265	Q0	665021#1	0
1265	Q0	210605#4	0
1265	Q0	114909#8	0
1265	Q0	230640#0	0
1265	Q0	210605#1	0
1265	Q0	114909#2	0
1267	Q0	3503402#3	1
1267	Q0	19818#0	1
1267	Q0	5260#12	0
1267	Q0	19818#25	0
1267	Q0	134238#1	0
1267	Q0	102282#2	0
1267	Q0	2225713#8	0
1267	Q0	58899#10	0
1267	Q0	607426#0	0
1267	Q0	279659#2	0
1268	Q0	1630651#1	1
1268	Q0	57319#5	1
1268	Q0	317841#0	1
1268	Q0	317841#4	1
1268	Q0	622148#2	0
1268	Q0	1186846#0	0
1268	Q0	3208112#4	0
1268	Q0	1066281#0	0
1268	Q0	2874834#19	0
1268	Q0	1931902#1	0
1268	Q0	346287#1	0
1268	Q0	8659#2	0
1269	Q0	2331740#0	1
1269	Q0	140986#1	1
1269	Q0	1999275#1	0
1269	Q0	3287237#2	0
1269	Q0	231232#0	0
1269	Q0	3889050#1	0
1269	Q0	170977#2	0
1269	Q0	1767237#1	0
1269	Q0	1022442#1	0
1269	Q0	194250#1	0
1269	Q0	1875236#1	0
1270	Q0	45677#1	1
1270	Q0	45677#19	1
1270	Q0	20061#0	1
1270	Q0	45677#5	0
1270	Q0	2155295#13	0
1270	Q0	2792777#1	0
1270	Q0	2180282#0	0
1270	Q0	2826031#0	0
1270	Q0	657865#0	0
1270	Q0	2826264#0	0
1271	Q0	3709164#12	1
1271	Q0	3709164#6	0
1271	Q0	3709164#0	0
1271	Q0	3709164#17	0
1271	Q0	3709164#27	0
1271	Q0	3709164#15	0
1271	Q0	3709164#20	0
1271	Q0	3709164#29	0
1271	Q0	3709164#13	0
1271	Q0	3709164#11	0
1273	Q0	408520#0	1
1273	Q0	669839#0	0
1273	Q0	440084#9	0
1273	Q0	299850#1	0
1273	Q0	3837606#0	0
1273	Q0	2874911#0	0
1273	Q0	1284511#0	0
1273	Q0	1423540#0	0
1273	Q0	1208733#0	0
1273	Q0	2450315#1	0
1275	Q0	2712081#1	1
1275	Q0	874219#5	0
1275	Q0	2712081#3	0
1275	Q0	11#110	0
1275	Q0	108210#0	0
1275	Q0	108210#39	0
1275	Q0	108210#3	0
1275	Q0	36123#9	0
1275	Q0	108210#6	0
1275	Q0	874219#1	0
1275	Q0	11#109	0
1276	Q0	1058358#0	1
1276	Q0	1058358#46	0
1276	Q0	1058358#22	0
1276	Q0	1058358#16	0
1276	Q0	1058358#15	0
1276	Q0	1058358#39	0
1276	Q0	1058358#38	0
1276	Q0	2989918#11	0
1276	Q0	6040#17	0
1276	Q0	164081#10	0
1277	Q0	3217353#0	1
1277	Q0	3217353#2	1
1277	Q0	3217353#17	0
1277	Q0	3217353#7	0
1277	Q0	3217353#3	0
1277	Q0	3217353#1	0
1277	Q0	2467445#1	0
1277	Q0	3119080#1	0
1277	Q0	2944721#3	0
1277	Q0	1192753#0	0
1279	Q0	1317867#0	1
1279	Q0	1317867#5	1
1279	Q0	2116218#31	0
1279	Q0	1317867#42	0
1279	Q0	3218118#3	0
1279	Q0	1317867#1	0
1279	Q0	1317867#12	0
1279	Q0	3218118#5	0
1279	Q0	1317867#14	0
1279	Q0	1317867#49	0
1281	Q0	202265#0	1
1281	Q0	3775#23	1
1281	Q0	202265#1	1
1281	Q0	202265#2	1
1281	Q0	4617#40	0
1281	Q0	2586575#6	0
1281	Q0	202265#71	0
1281	Q0	202265#75	0
1281	Q0	1234113#14	0
1281	Q0	8205#8	0
1282	Q0	402478#2	1
1282	Q0	86810#25	1
1282	Q0	1662280#26	0
1282	Q0	397130#221	0
1282	Q0	498249#2	0
1282	Q0	21145#5	0
1282	Q0	320003#5	0
1282	Q0	44267#12	0
1282	Q0	2777625#28	0
1282	Q0	19056#1	0
1282	Q0	402478#0	0
1282	Q0	402478#10	0
1282	Q0	402478#9	0
1283	Q0	159806#0	1
1283	Q0	9502#17	1
1283	Q0	1983251#0	1
1283	Q0	56674#0	1
1283	Q0	9502#19	0
1283	Q0	265396#0	0
1283	Q0	2553546#14	0
1283	Q0	406737#0	0
1283	Q0	2553546#29	0
1283	Q0	2045316#7	0
1283	Q0	1957038#2	0
1283	Q0	56674#68	0
1284	Q0	540215#15	1
1284	Q0	540215#8	1
1284	Q0	540215#48	0
1284	Q0	819518#10	0
1284	Q0	3372452#10	0
1284	Q0	3366822#3	0
1284	Q0	3372452#8	0
1284	Q0	3372452#12	0
1284	Q0	1837169#0	0
1284	Q0	894040#0	0
1284	Q0	1029871#12	0
1286	Q0	2017#0	1
1286	Q0	2017#1	1
1286	Q0	2118785#2	1
1286	Q0	2017#12	0
1286	Q0	2461309#3	0
1286	Q0	8205#21	0
1286	Q0	2017#75	0
1286	Q0	2461309#5	0
1286	Q0	2619095#3	0
1286	Q0	2619095#5	0
1287	Q0	114113#0	1
1287	Q0	114113#12	0
1287	Q0	192873#0	0
1287	Q0	3306180#1	0
1287	Q0	154244#0	0
1287	Q0	30436#1	0
1287	Q0	2541697#0	0
1287	Q0	207480#0	0
1287	Q0	114113#10	0
1287	Q0	1727097#0	0
1288	Q0	170980#1	1
1288	Q0	170980#0	0
1288	Q0	2333623#1	0
1288	Q0	2666616#1	0
1288	Q0	194372#1	0
1288	Q0	138790#0	0
1288	Q0	169369#1	0
1288	Q0	194372#0	0
1288	Q0	170980#19	0
1288	Q0	170980#3	0
1289	Q0	578996#2	1
1289	Q0	498249#2	1
1289	Q0	2974346#5	1
1289	Q0	27083#25	0
1289	Q0	3068183#1	0
1289	Q0	173344#18	0
1289	Q0	3119911#2	0
1289	Q0	447486#3	0
1289	Q0	3068183#4	0
1289	Q0	419777#9	0
1290	Q0	74545#13	1
1290	Q0	74545#14	1
1290	Q0	2115490#7	1
1290	Q0	9752#24	1
1290	Q0	162415#1	1
1290	Q0	9752#21	0
1290	Q0	359539#15	0
1290	Q0	31304#20	0
1290	Q0	162415#5	0
1290	Q0	74545#35	0
1290	Q0	162415#3	0
1292	Q0	2689589#1	1
1292	Q0	196628#2	0
1292	Q0	1203149#14	0
1292	Q0	2578075#0	0
1292	Q0	2317226#0	0
1292	Q0	186701#0	0
1292	Q0	1610174#0	0
1292	Q0	679972#0	0
1292	Q0	2299158#1	0
1292	Q0	1801376#1	0
1292	Q0	254990#5	0
1293	Q0	3198729#6	1
1293	Q0	2177638#27	1
1293	Q0	4008#0	1
1293	Q0	4008#58	0
1293	Q0	4008#66	0
1293	Q0	4008#59	0
1293	Q0	5323#4	0
1293	Q0	1641446#2	0
1293	Q0	4008#55	0
1293	Q0	2353459#4	0
1293	Q0	1897232#7	0
1294	Q0	155623#0	1
1294	Q0	343321#37	1
1294	Q0	155623#8	1
1294	Q0	155623#22	0
1294	Q0	155623#15	0
1294	Q0	155623#16	0
1294	Q0	155623#10	0
1294	Q0	155623#13	0
1294	Q0	697296#7	0
1294	Q0	155623#23	0
1297	Q0	914109#0	1
1297	Q0	1146902#0	0
1297	Q0	651319#1	0
1297	Q0	3560974#101	0
1297	Q0	421517#8	0
1297	Q0	914109#1	0
1297	Q0	28651#58	0
1297	Q0	9605#9	0
1297	Q0	1523066#10	0
1297	Q0	6352#30	0
1297	Q0	96245#20	0
1298	Q0	2972651#1	1
1298	Q0	2972651#26	0
1298	Q0	2972651#0	0
1298	Q0	2972651#14	0
1298	Q0	2972651#19	0
1298	Q0	2972651#9	0
1298	Q0	2972651#17	0
1298	Q0	2972651#3	0
1298	Q0	2972651#20	0
1298	Q0	2972651#2	0
1298	Q0	2972651#15	0
1300	Q0	3381500#2	1
1300	Q0	3381500#0	0
1300	Q0	619840#4	0
1300	Q0	3381500#5	0
1300	Q0	3381500#12	0
1300	Q0	3135992#2	0
1300	Q0	2076117#7	0
1300	Q0	737900#2	0
1300	Q0	129711#7	0
1300	Q0	1182321#0	0
1302	Q0	1427932#1	1
1302	Q0	1552251#3	1
1302	Q0	1552251#0	0
1302	Q0	1552251#9	0
1302	Q0	1685095#0	0
1302	Q0	1268763#2	0
1302	Q0	3525607#3	0
1302	Q0	974577#3	0
1302	Q0	1443848#0	0
1302	Q0	215884#0	0
1303	Q0	2044947#12	1
1303	Q0	301255#49	1
1303	Q0	3558886#3	1
1303	Q0	301255#51	1
1303	Q0	2713022#6	1
1303	Q0	301255#4	1
1303	Q0	2044947#10	0
1303	Q0	2804084#62	0
1303	Q0	301255#50	0
1303	Q0	3133#78	0
1303	Q0	22242#9	0
1304	Q0	454577#2	1
1304	Q0	454577#0	0
1304	Q0	2118348#2	0
1304	Q0	134720#9	0
1304	Q0	454577#1	0
1304	Q0	2613656#2	0
1304	Q0	10690#6	0
1304	Q0	454577#30	0
1304	Q0	454577#3	0
1304	Q0	2118348#25	0
1305	Q0	1675500#0	1
1305	Q0	1675500#2	1
1305	Q0	1675500#5	0
1305	Q0	60527#4	0
1305	Q0	297336#7	0
1305	Q0	3198936#0	0
1305	Q0	2757105#1	0
1305	Q0	2161583#1	0
1305	Q0	3404574#2	0
1305	Q0	316961#0	0
1306	Q0	315600#2	1
1306	Q0	131785#2	1
1306	Q0	1216179#5	0
1306	Q0	131493#22	0
1306	Q0	3207012#0	0
1306	Q0	1692550#3	0
1306	Q0	805674#2	0
1306	Q0	131493#8	0
1306	Q0	2056235#8	0
1306	Q0	195284#16	0
1306	Q0	195284#25	0
1307	Q0	19791#0	1
1307	Q0	19791#2	0
1307	Q0	409529#1	0
1307	Q0	3446281#2	0
1307	Q0	149899#2	0
1307	Q0	453103#1	0
1307	Q0	867432#1	0
1307	Q0	3734788#1	0
1307	Q0	1378406#3	0
1307	Q0	655#8	0
1308	Q0	88651#5	1
1308	Q0	1246284#2	1
1308	Q0	303613#1	0
1308	Q0	733849#1	0
1308	Q0	950550#2	0
1308	Q0	609730#86	0
1308	Q0	1847227#6	0
1308	Q0	3697680#1	0
1308	Q0	3427345#4	0
1308	Q0	3372762#1	0
1309	Q0	309220#25	1
1309	Q0	3691000#6	1
1309	Q0	1843190#22	0
1309	Q0	584227#2	0
1309	Q0	321483#8	0
1309	Q0	2832952#1	0
1309	Q0	3462763#2	0
1309	Q0	1146882#4	0
1309	Q0	321483#5	0
1309	Q0	1417657#2	0
1311	Q0	123890#22	1
1311	Q0	123890#0	1
1311	Q0	123890#13	1
1311	Q0	123890#23	1
1311	Q0	123890#7	1
1311	Q0	3425724#3	1
1311	Q0	709042#7	0
1311	Q0	123890#4	0
1311	Q0	123890#2	0
1311	Q0	2537393#7	0
1312	Q0	58091#2	1
1312	Q0	1623546#2	1
1312	Q0	1087082#0	1
1312	Q0	18252#7	0
1312	Q0	1153033#0	0
1312	Q0	5524#13	0
1312	Q0	73484#5	0
1312	Q0	1190958#0	0
1312	Q0	18252#8	0
1312	Q0	2233651#2	0
1313	Q0	498249#2	1
1313	Q0	2974346#5	1
1313	Q0	352651#2	0
1313	Q0	173344#7	0
1313	Q0	2242#14	0
1313	Q0	419777#9	0
1313	Q0	578996#2	0
1313	Q0	10402#9	0
1313	Q0	498249#14	0
1313	Q0	3150160#3	0
1314	Q0	639647#0	1
1314	Q0	639647#31	0
1314	Q0	2709461#13	0
1314	Q0	366173#21	0
1314	Q0	639647#7	0
1314	Q0	639647#28	0
1314	Q0	639647#30	0
1314	Q0	366173#25	0
1314	Q0	639647#11	0
1314	Q0	501406#1	0
1315	Q0	330968#0	1
1315	Q0	330968#4	1
1315	Q0	330968#6	1
1315	Q0	330968#5	0
1315	Q0	330968#7	0
1315	Q0	330968#12	0
1315	Q0	330968#13	0
1315	Q0	330968#10	0
1315	Q0	330968#1	0
1315	Q0	330968#11	0
1315	Q0	1654631#3	0
1315	Q0	330968#2	0
1317	Q0	1721090#1	1
1317	Q0	1721090#0	0
1317	Q0	1721090#25	0
1317	Q0	1721090#14	0
1317	Q0	1721090#15	0
1317	Q0	1721090#2	0
1317	Q0	1721090#16	0
1317	Q0	459944#7	0
1317	Q0	1721090#7	0
1317	Q0	1721090#3	0
1318	Q0	31487#0	1
1318	Q0	3730110#1	1
1318	Q0	425637#1	1
1318	Q0	119079#6	1
1318	Q0	310410#7	1
1318	Q0	31487#81	0
1318	Q0	31487#10	0
1318	Q0	250113#11	0
1318	Q0	31487#8	0
1318	Q0	1568221#3	0
1319	Q0	3876512#4	1
1319	Q0	3876512#53	0
1319	Q0	3876512#12	0
1319	Q0	3876512#5	0
1319	Q0	3876512#0	0
1319	Q0	3876512#15	0
1319	Q0	3876512#42	0
1319	Q0	3876512#7	0
1319	Q0	3876512#2	0
1319	Q0	3876512#50	0
1320	Q0	8382#3	1
1320	Q0	8382#18	1
1320	Q0	8382#0	1
1320	Q0	8382#27	0
1320	Q0	8382#28	0
1320	Q0	3623339#1	0
1320	Q0	732370#1	0
1320	Q0	8382#17	0
1320	Q0	1454776#0	0
1320	Q0	8382#7	0
1320	Q0	1514054#1	0
1321	Q0	415332#0	1
1321	Q0	3237388#18	0
1321	Q0	819540#5	0
1321	Q0	3237388#0	0
1321	Q0	1445905#2	0
1321	Q0	950058#20	0
1321	Q0	98712#1	0
1321	Q0	3237388#22	0
1321	Q0	791295#2	0
1321	Q0	1595760#1	0
1321	Q0	3059302#23	0
1322	Q0	1385#9	1
1322	Q0	2585275#1	0
1322	Q0	1385#10	0
1322	Q0	1385#2	0
1322	Q0	1385#39	0
1322	Q0	2318052#0	0
1322	Q0	1385#23	0
1322	Q0	1646028#1	0
1322	Q0	1385#8	0
1322	Q0	2318052#2	0
1323	Q0	369879#5	1
1323	Q0	369879#13	1
1323	Q0	551240#4	0
1323	Q0	549176#3	0
1323	Q0	70072#20	0
1323	Q0	677235#6	0
1323	Q0	549176#2	0
1323	Q0	712178#15	0
1323	Q0	1824971#8	0
1323	Q0	357407#20	0
1324	Q0	340989#1	1
1324	Q0	1167642#5	1
1324	Q0	1353973#1	1
1324	Q0	11662#32	1
1324	Q0	858018#1	1
1324	Q0	92220#0	0
1324	Q0	1370905#56	0
1324	Q0	13849#2	0
1324	Q0	247492#73	0
1324	Q0	666926#1	0
1324	Q0	34238#1	0
1325	Q0	544384#4	1
1325	Q0	1625413#17	1
1325	Q0	2382#3	0
1325	Q0	109017#10	0
1325	Q0	544384#35	0
1325	Q0	869788#73	0
1325	Q0	544384#36	0
1325	Q0	558445#17	0
1325	Q0	1275087#3	0
1325	Q0	544384#7	0
1328	Q0	3234610#1	1
1328	Q0	3208#0	1
1328	Q0	3238321#1	0
1328	Q0	2436856#0	0
1328	Q0	2439021#0	0
1328	Q0	246099#1	0
1328	Q0	3234610#0	0
1328	Q0	246099#0	0
1328	Q0	246099#2	0
1328	Q0	3725523#0	0
1328	Q0	3208#1	0
1329	Q0	226724#0	1
1329	Q0	82340#0	0
1329	Q0	1292283#7	0
1329	Q0	226724#10	0
1329	Q0	114712#14	0
1329	Q0	82340#1	0
1329	Q0	82335#0	0
1329	Q0	226724#1	0
1329	Q0	1292283#0	0
1329	Q0	226724#14	0
1330	Q0	866136#9	1
1330	Q0	866136#20	1
1330	Q0	866136#22	1
1330	Q0	1037417#4	1
1330	Q0	866136#1	0
1330	Q0	866136#4	0
1330	Q0	866136#6	0
1330	Q0	866136#0	0
1330	Q0	3718686#1	0
1330	Q0	866136#5	0
1330	Q0	866136#8	0
1332	Q0	1807311#1	1
1332	Q0	1807311#2	1
1332	Q0	1807311#33	0
1332	Q0	1807311#17	0
1332	Q0	1807311#41	0
1332	Q0	899332#4	0
1332	Q0	1807311#9	0
1332	Q0	1807311#40	0
1332	Q0	1807311#36	0
1332	Q0	1807311#38	0
1332	Q0	889976#8	0
1332	Q0	1807311#24	0
1334	Q0	3567992#0	1
1334	Q0	3567992#2	1
1334	Q0	3567992#18	0
1334	Q0	890832#19	0
1334	Q0	890832#15	0
1334	Q0	3567992#4	0
1334	Q0	3567992#8	0
1334	Q0	3567992#16	0
1334	Q0	1645902#4	0
1334	Q0	3567992#13	0
1335	Q0	43459#110	1
1335	Q0	10985#20	0
1335	Q0	149158#22	0
1335	Q0	299146#7	0
1335	Q0	743306#13	0
1335	Q0	1025352#7	0
1335	Q0	46196#2	0
1335	Q0	21665#8	0
1335	Q0	3315015#3	0
1335	Q0	39035#9	0
1335	Q0	15878#15	0
1336	Q0	241588#0	1
1336	Q0	511236#11	0
1336	Q0	598269#4	0
1336	Q0	598269#0	0
1336	Q0	19852#48	0
1336	Q0	48994#78	0
1336	Q0	1664540#12	0
1336	Q0	591354#6	0
1336	Q0	241588#8	0
1336	Q0	591354#10	0
1338	Q0	3004846#1	1
1338	Q0	3004846#0	0
1338	Q0	3004846#2	0
1338	Q0	3004846#11	0
1338	Q0	3004846#15	0
1338	Q0	3004846#21	0
1338	Q0	3004846#25	0
1338	Q0	3004846#13	0
1338	Q0	2948431#11	0
1338	Q0	3010641#10	0
1338	Q0	997739#5	0
1339	Q0	20476#0	1
1339	Q0	20476#2	1
1339	Q0	20476#7	0
1339	Q0	20476#21	0
1339	Q0	2396370#1	0
1339	Q0	2500308#1	0
1339	Q0	3739471#1	0
1339	Q0	1255110#1	0
1339	Q0	20476#18	0
1339	Q0	313591#3	0
1339	Q0	1539962#1	0
1339	Q0	20476#10	0
1340	Q0	1185408#21	1
1340	Q0	1185408#0	1
1340	Q0	1006756#6	1
1340	Q0	1185408#24	0
1340	Q0	3704635#2	0
1340	Q0	1435965#130	0
1340	Q0	221580#4	0
1340	Q0	1185408#19	0
1340	Q0	1185408#27	0
1340	Q0	1185408#15	0
1341	Q0	257583#0	1
1341	Q0	257583#28	1
1341	Q0	1970748#0	1
1341	Q0	1698846#0	0
1341	Q0	14043#0	0
1341	Q0	1970585#0	0
1341	Q0	102706#0	0
1341	Q0	2575018#1	0
1341	Q0	1113843#0	0
1341	Q0	8596#22	0
1342	Q0	1875071#1	1
1342	Q0	1995112#6	0
1342	Q0	1875071#2	0
1342	Q0	1875071#4	0
1342	Q0	1863091#4	0
1342	Q0	1858193#2	0
1342	Q0	9273#91	0
1342	Q0	2505835#11	0
1342	Q0	2645837#2	0
1342	Q0	137265#7	0
1343	Q0	1201681#8	1
1343	Q0	1668357#1	1
1343	Q0	1670007#5	1
1343	Q0	2614507#17	1
1343	Q0	844679#4	1
1343	Q0	844679#6	1
1343	Q0	1201681#2	1
1343	Q0	1201681#9	0
1343	Q0	2727974#6	0
1343	Q0	2255212#1	0
1343	Q0	1939198#8	0
1344	Q0	2769198#13	1
1344	Q0	818798#0	1
1344	Q0	1466540#3	0
1344	Q0	818798#60	0
1344	Q0	818798#24	0
1344	Q0	818798#2	0
1344	Q0	818798#10	0
1344	Q0	818798#1	0
1344	Q0	2769198#17	0
1344	Q0	1040676#12	0
1347	Q0	1930933#0	1
1347	Q0	440689#3	0
1347	Q0	440689#9	0
1347	Q0	3572898#22	0
1347	Q0	440689#11	0
1347	Q0	440689#12	0
1347	Q0	26473#101	0
1347	Q0	440689#7	0
1347	Q0	440689#2	0
1347	Q0	440689#6	0
1347	Q0	440689#1	0
1347	Q0	1930933#3	0
1349	Q0	10078#32	1
1349	Q0	3562225#12	1
1349	Q0	10078#0	1
1349	Q0	10078#53	0
1349	Q0	10078#34	0
1349	Q0	3609044#6	0
1349	Q0	3863470#7	0
1349	Q0	157679#12	0
1349	Q0	700528#4	0
1349	Q0	1830384#7	0
1349	Q0	3609049#6	0
1350	Q0	41601#14	1
1350	Q0	41601#2	1
1350	Q0	41601#10	1
1350	Q0	41601#15	0
1350	Q0	863969#12	0
1350	Q0	41601#3	0
1350	Q0	345111#1	0
1350	Q0	863969#11	0
1350	Q0	2666165#0	0
1350	Q0	41601#13	0
1350	Q0	41601#11	0
1350	Q0	41601#7	0
1351	Q0	85016#0	1
1351	Q0	85016#1	1
1351	Q0	85016#29	0
1351	Q0	85016#9	0
1351	Q0	3416683#4	0
1351	Q0	85016#22	0
1351	Q0	85016#4	0
1351	Q0	85016#8	0
1351	Q0	85016#23	0
1351	Q0	85016#6	0
1352	Q0	722586#0	1
1352	Q0	2825111#23	1
1352	Q0	722586#7	0
1352	Q0	1913619#6	0
1352	Q0	1355837#12	0
1352	Q0	2964261#26	0
1352	Q0	58814#136	0
1352	Q0	1021501#23	0
1352	Q0	3785111#27	0
1352	Q0	3223108#7	0
1353	Q0	78265#0	1
1353	Q0	3425161#5	1
1353	Q0	78265#2	0
1353	Q0	78265#1	0
1353	Q0	2490527#1	0
1353	Q0	78265#8	0
1353	Q0	78265#20	0
1353	Q0	78265#17	0
1353	Q0	78265#14	0
1353	Q0	78265#3	0
1354	Q0	57163#0	1
1354	Q0	57163#4	1
1354	Q0	23893#0	1
1354	Q0	69881#7	1
1354	Q0	23893#20	0
1354	Q0	347488#6	0
1354	Q0	101689#101	0
1354	Q0	3881524#0	0
1354	Q0	101689#95	0
1354	Q0	57163#5	0
1355	Q0	18343#0	1
1355	Q0	15493#4	1
1355	Q0	3394273#26	0
1355	Q0	3394273#10	0
1355	Q0	860383#11	0
1355	Q0	5331#183	0
1355	Q0	3279540#4	0
1355	Q0	21185#9	0
1355	Q0	1314540#1	0
1355	Q0	589634#7	0
1355	Q0	248728#10	0
1357	Q0	3124113#1	1
1357	Q0	3124113#0	1
1357	Q0	1252417#0	0
1357	Q0	3124113#2	0
1357	Q0	2233315#1	0
1357	Q0	1513368#2	0
1357	Q0	312556#0	0
1357	Q0	3124113#3	0
1357	Q0	3412205#0	0
1357	Q0	1474324#0	0
1358	Q0	661266#2	1
1358	Q0	3606061#1	0
1358	Q0	182881#3	0
1358	Q0	369229#41	0
1358	Q0	887996#40	0
1358	Q0	2147#39	0
1358	Q0	940437#69	0
1358	Q0	795323#6	0
1358	Q0	1698872#140	0
1358	Q0	3452245#4	0
1360	Q0	257875#0	1
1360	Q0	1012347#1	0
1360	Q0	21006#15	0
1360	Q0	2329931#10	0
1360	Q0	257875#20	0
1360	Q0	257875#17	0
1360	Q0	301029#2	0
1360	Q0	1319737#7	0
1360	Q0	257875#4	0
1360	Q0	257875#3	0
1361	Q0	1908925#1	1
1361	Q0	1632036#1	0
1361	Q0	52145#10	0
1361	Q0	52145#7	0
1361	Q0	239497#2	0
1361	Q0	3310674#6	0
1361	Q0	3721931#1	0
1361	Q0	52145#9	0
1361	Q0	3031133#2	0
1361	Q0	3610808#2	0
1361	Q0	3746154#4	0
1362	Q0	2767376#35	1
1362	Q0	205504#8	0
1362	Q0	118832#1	0
1362	Q0	2882469#0	0
1362	Q0	1536638#0	0
1362	Q0	1536613#0	0
1362	Q0	1552067#0	0
1362	Q0	564588#0	0
1362	Q0	1628982#0	0
1362	Q0	1477387#0	0
1364	Q0	78686#0	1
1364	Q0	78686#2	0
1364	Q0	78686#7	0
1364	Q0	78686#14	0
1364	Q0	3769357#0	0
1364	Q0	78686#10	0
1364	Q0	78686#9	0
1364	Q0	78686#3	0
1364	Q0	78686#11	0
1364	Q0	78686#12	0
1364	Q0	3769357#1	0
1365	Q0	2809948#0	1
1365	Q0	2809948#15	0
1365	Q0	2809948#17	0
1365	Q0	1565780#24	0
1365	Q0	2809949#0	0
1365	Q0	2809948#11	0
1365	Q0	706279#45	0
1365	Q0	2809948#14	0
1365	Q0	2809948#13	0
1365	Q0	2809948#1	0
1370	Q0	3053506#17	1
1370	Q0	3053506#6	1
1370	Q0	3053506#18	0
1370	Q0	3053506#8	0
1370	Q0	3053506#11	0
1370	Q0	3053506#0	0
1370	Q0	3053506#15	0
1370	Q0	3053506#4	0
1370	Q0	3053506#20	0
1370	Q0	3031676#8	0
1371	Q0	1560938#15	1
1371	Q0	1560938#16	1
1371	Q0	1560938#1	1
1371	Q0	1560938#24	0
1371	Q0	1560938#13	0
1371	Q0	1560938#22	0
1371	Q0	1148105#5	0
1371	Q0	1560938#0	0
1371	Q0	1560938#4	0
1371	Q0	1784794#23	0
1373	Q0	8735#6	1
1373	Q0	1534#8	1
1373	Q0	8735#1	1
1373	Q0	1534#9	0
1373	Q0	2494696#0	0
1373	Q0	2840586#4	0
1373	Q0	8194#2	0
1373	Q0	2858081#9	0
1373	Q0	898689#3	0
1373	Q0	64214#3	0
1373	Q0	749709#2	0
1374	Q0	590138#0	1
1374	Q0	152505#0	1
1374	Q0	747839#0	0
1374	Q0	258756#0	0
1374	Q0	258099#0	0
1374	Q0	258750#0	0
1374	Q0	3400#0	0
1374	Q0	623186#11	0
1374	Q0	3050673#20	0
1374	Q0	379#7	0
1374	Q0	258752#0	0
1375	Q0	27766#5	1
1375	Q0	379229#0	0
1375	Q0	27766#7	0
1375	Q0	27766#8	0
1375	Q0	379229#1	0
1375	Q0	27766#4	0
1375	Q0	379229#9	0
1375	Q0	379229#13	0
1375	Q0	27766#12	0
1375	Q0	27766#22	0
1376	Q0	2675591#1	1
1376	Q0	2675591#4	1
1376	Q0	1912330#4	1
1376	Q0	1216288#37	0
1376	Q0	89138#6	0
1376	Q0	89138#14	0
1376	Q0	1840599#14	0
1376	Q0	1488794#0	0
1376	Q0	1488794#1	0
1376	Q0	206607#5	0
1376	Q0	1216288#11	0
1378	Q0	447070#0	1
1378	Q0	1351009#1	0
1378	Q0	3868991#1	0
1378	Q0	447070#2	0
1378	Q0	63199#4	0
1378	Q0	1347050#1	0
1378	Q0	209116#1	0
1378	Q0	694340#1	0
1378	Q0	3197920#1	0
1378	Q0	655#8	0
1379	Q0	2817197#0	1
1379	Q0	2817197#8	0
1379	Q0	2721249#2	0
1379	Q0	2817197#7	0
1379	Q0	2609703#1	0
1379	Q0	2817197#1	0
1379	Q0	2298500#0	0
1379	Q0	2817197#3	0
1379	Q0	2817197#6	0
1379	Q0	2955239#1	0
1380	Q0	585498#2	1
1380	Q0	585498#0	1
1380	Q0	585498#10	0
1380	Q0	585498#27	0
1380	Q0	585498#6	0
1380	Q0	585498#35	0
1380	Q0	585498#4	0
1380	Q0	585498#29	0
1380	Q0	585498#3	0
1380	Q0	585498#5	0
1381	Q0	3032180#1	1
1381	Q0	3032180#0	0
1381	Q0	3032180#22	0
1381	Q0	3032180#14	0
1381	Q0	3032180#3	0
1381	Q0	396342#1	0
1381	Q0	1480331#0	0
1381	Q0	3243925#14	0
1381	Q0	3032180#9	0
1381	Q0	3032180#10	0
1383	Q0	184075#0	1
1383	Q0	53177#39	0
1383	Q0	2862#107	0
1383	Q0	53177#4	0
1383	Q0	159114#8	0
1383	Q0	33156#0	0
1383	Q0	467881#0	0
1383	Q0	53177#3	0
1383	Q0	184075#1	0
1383	Q0	106#47	0
1384	Q0	2699686#47	1
1384	Q0	271496#14	0
1384	Q0	61684#3	0
1384	Q0	1827075#12	0
1384	Q0	1097318#25	0
1384	Q0	3868506#1	0
1384	Q0	88791#3	0
1384	Q0	5116#39	0
1384	Q0	3499982#12	0
1384	Q0	962447#11	0
1385	Q0	405125#1	1
1385	Q0	405125#0	1
1385	Q0	1314756#0	1
1385	Q0	3287353#0	1
1385	Q0	405125#2	0
1385	Q0	3308807#1	0
1385	Q0	405125#6	0
1385	Q0	1330097#1	0
1385	Q0	1040076#1	0
1385	Q0	277684#2	0
1386	Q0	920516#2	1
1386	Q0	67365#34	0
1386	Q0	90254#10	0
1386	Q0	203624#29	0
1386	Q0	220213#18	0
1386	Q0	600021#7	0
1386	Q0	600021#6	0
1386	Q0	203624#27	0
1386	Q0	90254#2	0
1386	Q0	93924#1	0
1387	Q0	1104098#19	1
1387	Q0	1104098#1	1
1387	Q0	1104098#28	0
1387	Q0	1104098#31	0
1387	Q0	1104100#2	0
1387	Q0	1104098#23	0
1387	Q0	1104099#30	0
1387	Q0	1104099#14	0
1387	Q0	1225364#104	0
1387	Q0	1104098#6	0
1390	Q0	2266887#13	1
1390	Q0	8080#0	1
1390	Q0	8080#11	1
1390	Q0	8080#8	0
1390	Q0	107331#0	0
1390	Q0	6452#2	0
1390	Q0	107331#5	0
1390	Q0	1649104#5	0
1390	Q0	6452#0	0
1390	Q0	2266887#9	0
1391	Q0	1516314#0	1
1391	Q0	1516314#63	0
1391	Q0	1516314#7	0
1391	Q0	2384549#0	0
1391	Q0	3608887#0	0
1391	Q0	174580#11	0
1391	Q0	1516314#4	0
1391	Q0	2492990#1	0
1391	Q0	1107055#2	0
1391	Q0	885183#1	0
1391	Q0	1516314#70	0
1392	Q0	3485751#1	1
1392	Q0	214988#0	0
1392	Q0	3517397#0	0
1392	Q0	3499662#0	0
1392	Q0	3521214#0	0
1392	Q0	3485751#0	0
1392	Q0	3485751#10	0
1392	Q0	2088535#0	0
1392	Q0	214988#39	0
1392	Q0	3534211#0	0
1393	Q0	326755#2	1
1393	Q0	326755#30	0
1393	Q0	3837606#0	0
1393	Q0	2447016#1	0
1393	Q0	2662154#1	0
1393	Q0	326755#28	0
1393	Q0	884946#1	0
1393	Q0	326755#4	0
1393	Q0	326755#7	0
1393	Q0	326755#9	0
1396	Q0	494143#3	1
1396	Q0	495733#6	0
1396	Q0	494143#6	0
1396	Q0	494143#5	0
1396	Q0	24770#1	0
1396	Q0	265522#5	0
1396	Q0	2754896#6	0
1396	Q0	26466#0	0
1396	Q0	494143#4	0
1396	Q0	313233#4	0
1397	Q0	94314#3	1
1397	Q0	2849765#0	0
1397	Q0	94314#40	0
1397	Q0	94314#1	0
1397	Q0	94314#2	0
1397	Q0	1564871#0	0
1397	Q0	94314#16	0
1397	Q0	94314#13	0
1397	Q0	94314#36	0
1397	Q0	2849765#2	0
1397	Q0	3785442#2	0
1398	Q0	1568490#15	1
1398	Q0	1568490#3	1
1398	Q0	1568490#25	1
1398	Q0	1568490#1	0
1398	Q0	1568490#0	0
1398	Q0	1568490#35	0
1398	Q0	1568490#26	0
1398	Q0	1568490#22	0
1398	Q0	1568490#2	0
1398	Q0	1568490#4	0
1399	Q0	1262239#0	1
1399	Q0	1262239#8	1
1399	Q0	1262239#3	0
1399	Q0	1262239#12	0
1399	Q0	1262239#9	0
1399	Q0	1262239#48	0
1399	Q0	1262239#7	0
1399	Q0	1262239#4	0
1399	Q0	142933#1	0
1399	Q0	1262239#38	0
1400	Q0	2890164#1	1
1400	Q0	2890164#6	1
1400	Q0	2890164#3	0
1400	Q0	2890164#5	0
1400	Q0	2890164#7	0
1400	Q0	2890164#0	0
1400	Q0	627747#2	0
1400	Q0	2444419#1	0
1400	Q0	1060680#3	0
1400	Q0	671157#3	0
1401	Q0	1435651#0	1
1401	Q0	1834317#4	0
1401	Q0	7244#11	0
1401	Q0	3400302#3	0
1401	Q0	2261796#0	0
1401	Q0	1589776#1	0
1401	Q0	64153#5	0
1401	Q0	1535613#11	0
1401	Q0	1789292#2	0
1401	Q0	710297#7	0
1401	Q0	796594#22	0
1402	Q0	96590#37	1
1402	Q0	96590#32	1
1402	Q0	96590#2	1
1402	Q0	1209613#16	0
1402	Q0	819640#1	0
1402	Q0	28248#2	0
1402	Q0	1976959#1	0
1402	Q0	644375#8	0
1402	Q0	15347#31	0
1402	Q0	46974#8	0
1402	Q0	491682#15	0
1403	Q0	1516335#0	1
1403	Q0	2412039#0	1
1403	Q0	2412039#2	0
1403	Q0	1409412#0	0
1403	Q0	1253377#0	0
1403	Q0	1356333#22	0
1403	Q0	3018741#15	0
1403	Q0	1239871#0	0
1403	Q0	1210653#2	0
1403	Q0	1236359#0	0
1403	Q0	1213143#0	0
1404	Q0	1039958#2	1
1404	Q0	1039962#21	1
1404	Q0	1039962#0	0
1404	Q0	1039958#0	0
1404	Q0	426630#4	0
1404	Q0	1114321#15	0
1404	Q0	411790#1	0
1404	Q0	411324#1	0
1404	Q0	421293#6	0
1404	Q0	1039962#11	0
1405	Q0	45216#34	1
1405	Q0	3689351#1	1
1405	Q0	953857#0	1
1405	Q0	138208#0	1
1405	Q0	273792#8	0
1405	Q0	1082565#2	0
1405	Q0	300096#4	0
1405	Q0	300096#3	0
1405	Q0	138208#1	0
1405	Q0	138204#9	0
1405	Q0	530345#2	0
1407	Q0	3784309#0	1
1407	Q0	3784309#3	0
1407	Q0	3726960#0	0
1407	Q0	1376955#26	0
1407	Q0	2946375#2	0
1407	Q0	3242143#27	0
1407	Q0	3137757#0	0
1407	Q0	3784309#2	0
1407	Q0	3242143#7	0
1407	Q0	654543#12	0
1408	Q0	2350117#0	1
1408	Q0	2350117#3	0
1408	Q0	2349894#1	0
1408	Q0	2437346#0	0
1408	Q0	2350117#5	0
1408	Q0	2349922#0	0
1408	Q0	902652#1	0
1408	Q0	2744585#1	0
1408	Q0	21131#1	0
1408	Q0	2328332#1	0
1410	Q0	23883#4	1
1410	Q0	8858#59	1
1410	Q0	46433#12	1
1410	Q0	464950#7	0
1410	Q0	2900446#3	0
1410	Q0	3639#35	0
1410	Q0	47482#10	0
1410	Q0	182027#12	0
1410	Q0	23883#5	0
1410	Q0	3639#7	0
1412	Q0	278270#4	1
1412	Q0	278270#2	0
1412	Q0	278270#3	0
1412	Q0	278270#0	0
1412	Q0	278270#9	0
1412	Q0	278270#6	0
1412	Q0	278270#5	0
1412	Q0	278270#7	0
1412	Q0	278270#8	0
1412	Q0	278266#1	0
1413	Q0	991986#1	1
1413	Q0	991986#0	0
1413	Q0	51207#12	0
1413	Q0	991986#3	0
1413	Q0	991986#6	0
1413	Q0	991986#2	0
1413	Q0	1049816#21	0
1413	Q0	991986#5	0
1413	Q0	2714462#2	0
1413	Q0	991986#4	0
1414	Q0	82961#0	1
1414	Q0	82961#20	0
1414	Q0	82961#18	0
1414	Q0	82961#2	0
1414	Q0	82961#17	0
1414	Q0	82961#8	0
1414	Q0	1164718#3	0
1414	Q0	1945837#3	0
1414	Q0	1134196#1	0
1414	Q0	337927#3	0
1415	Q0	3554413#4	1
1415	Q0	891470#8	1
1415	Q0	3554413#3	1
1415	Q0	3554413#59	0
1415	Q0	7910#46	0
1415	Q0	3590196#27	0
1415	Q0	3554413#39	0
1415	Q0	3554413#36	0
1415	Q0	335712#11	0
1415	Q0	3554413#51	0
1416	Q0	4156#0	1
1416	Q0	1841872#23	1
1416	Q0	4156#1	0
1416	Q0	2374893#2	0
1416	Q0	2219608#1	0
1416	Q0	4156#11	0
1416	Q0	1472225#3	0
1416	Q0	432706#1	0
1416	Q0	4156#13	0
1416	Q0	1841872#11	0
1417	Q0	986264#0	1
1417	Q0	25006#0	1
1417	Q0	25006#8	0
1417	Q0	25006#6	0
1417	Q0	25006#2	0
1417	Q0	1066429#0	0
1417	Q0	176928#2	0
1417	Q0	2645231#4	0
1417	Q0	1138#1	0
1417	Q0	986264#1	0
1419	Q0	94314#2	1
1419	Q0	120570#9	1
1419	Q0	1564871#0	0
1419	Q0	64107#14	0
1419	Q0	3785442#2	0
1419	Q0	94314#40	0
1419	Q0	2849765#0	0
1419	Q0	94314#16	0
1419	Q0	988639#2	0
1419	Q0	64107#9	0
1420	Q0	7317#42	1
1420	Q0	1902876#0	1
1420	Q0	784614#3	0
1420	Q0	2471400#1	0
1420	Q0	782049#26	0
1420	Q0	3605962#7	0
1420	Q0	3153652#6	0
1420	Q0	3580416#15	0
1420	Q0	26473#179	0
1420	Q0	3315546#1	0
1421	Q0	170947#0	1
1421	Q0	1794778#1	0
1421	Q0	170947#1	0
1421	Q0	3381051#1	0
1421	Q0	853275#1	0
1421	Q0	204565#1	0
1421	Q0	855673#1	0
1421	Q0	79492#4	0
1421	Q0	890777#5	0
1421	Q0	3338321#1	0
1422	Q0	509737#3	1
1422	Q0	3840506#1	0
1422	Q0	2036306#1	0
1422	Q0	22464#0	0
1422	Q0	3236411#1	0
1422	Q0	2475086#3	0
1422	Q0	3101692#1	0
1422	Q0	15333#4	0
1422	Q0	1549697#3	0
1422	Q0	1813219#3	0
1422	Q0	147874#1	0
1426	Q0	448797#20	1
1426	Q0	195449#0	1
1426	Q0	195449#4	0
1426	Q0	139923#4	0
1426	Q0	139923#0	0
1426	Q0	195449#5	0
1426	Q0	1160819#49	0
1426	Q0	2156641#3	0
1426	Q0	20416#12	0
1426	Q0	1329785#1	0
1428	Q0	37743#7	1
1428	Q0	1734737#2	1
1428	Q0	32868#6	1
1428	Q0	1734737#3	1
1428	Q0	1734737#1	1
1428	Q0	1734737#7	1
1428	Q0	1734737#27	0
1428	Q0	1734737#20	0
1428	Q0	1734737#24	0
1428	Q0	1734737#5	0
1428	Q0	1734737#26	0
1429	Q0	3215486#1	1
1429	Q0	287073#5	0
1429	Q0	3215486#14	0
1429	Q0	3214544#2	0
1429	Q0	3215486#0	0
1429	Q0	3215486#7	0
1429	Q0	3215486#16	0
1429	Q0	3219019#6	0
1429	Q0	3215486#15	0
1429	Q0	3215486#13	0
1430	Q0	7113#0	1
1430	Q0	2021382#0	1
1430	Q0	7113#52	0
1430	Q0	2140103#0	0
1430	Q0	7113#16	0
1430	Q0	164938#4	0
1430	Q0	7113#57	0
1430	Q0	3791445#0	0
1430	Q0	51657#5	0
1430	Q0	37364#0	0
1431	Q0	3864531#1	1
1431	Q0	3864531#0	1
1431	Q0	2075558#3	1
1431	Q0	2326835#1	0
1431	Q0	2756326#0	0
1431	Q0	3249950#13	0
1431	Q0	2770927#7	0
1431	Q0	45240#16	0
1431	Q0	101490#6	0
1431	Q0	2395628#0	0
1434	Q0	1403315#10	1
1434	Q0	771818#0	0
1434	Q0	4012#19	0
1434	Q0	771818#5	0
1434	Q0	771818#3	0
1434	Q0	139708#39	0
1434	Q0	848629#12	0
1434	Q0	2709966#11	0
1434	Q0	1393639#4	0
1434	Q0	771818#2	0
1434	Q0	340201#6	0
1435	Q0	7305#13	1
1435	Q0	83154#1	1
1435	Q0	2246710#4	1
1435	Q0	83154#9	0
1435	Q0	83154#10	0
1435	Q0	83154#32	0
1435	Q0	83154#34	0
1435	Q0	83154#16	0
1435	Q0	83154#23	0
1435	Q0	83154#31	0
1436	Q0	1241814#7	1
1436	Q0	1241814#33	0
1436	Q0	1241814#35	0
1436	Q0	1241814#1	0
1436	Q0	1936533#1	0
1436	Q0	1241814#22	0
1436	Q0	1241814#19	0
1436	Q0	1241814#45	0
1436	Q0	1241814#10	0
1436	Q0	1241814#18	0
1437	Q0	257017#0	1
1437	Q0	448041#0	1
1437	Q0	5331#18	1
1437	Q0	1518763#2	1
1437	Q0	813012#10	1
1437	Q0	263517#0	0
1437	Q0	257017#51	0
1437	Q0	257017#8	0
1437	Q0	1550692#22	0
1437	Q0	1211067#2	0
1438	Q0	1395218#0	1
1438	Q0	1395218#16	0
1438	Q0	2667908#0	0
1438	Q0	557460#12	0
1438	Q0	2667908#2	0
1438	Q0	1395218#15	0
1438	Q0	1395218#9	0
1438	Q0	145072#1	0
1438	Q0	144949#3	0
1438	Q0	2993494#1	0
1439	Q0	56817#22	1
1439	Q0	1429200#3	1
1439	Q0	1929594#7	1
1439	Q0	1929595#5	1
1439	Q0	867117#3	1
1439	Q0	1388574#2	0
1439	Q0	2866679#5	0
1439	Q0	1698893#47	0
1439	Q0	16627#13	0
1439	Q0	2586575#20	0
1439	Q0	867117#26	0
1440	Q0	10174#0	1
1440	Q0	10174#3	0
1440	Q0	2200047#0	0
1440	Q0	2062532#0	0
1440	Q0	3447437#1	0
1440	Q0	2015871#1	0
1440	Q0	969895#1	0
1440	Q0	1738331#1	0
1440	Q0	2464431#1	0
1440	Q0	2434582#0	0
1441	Q0	1349242#3	1
1441	Q0	3120454#16	0
1441	Q0	2545586#4	0
1441	Q0	1349242#4	0
1441	Q0	2546095#4	0
1441	Q0	2546095#0	0
1441	Q0	2546095#1	0
1441	Q0	1349242#51	0
1441	Q0	1349242#56	0
1441	Q0	2546095#3	0
1441	Q0	1349242#23	0
1441	Q0	1349242#36	0
1441	Q0	1349242#35	0
1441	Q0	1349242#39	0
1442	Q0	503327#7	1
1442	Q0	1117666#11	1
1442	Q0	1117666#3	1
1442	Q0	1117666#15	0
1442	Q0	279685#12	0
1442	Q0	5040#2	0
1442	Q0	1117666#22	0
1442	Q0	1117666#0	0
1442	Q0	1114321#3	0
1442	Q0	1117666#21	0
1442	Q0	440553#4	0
1443	Q0	1636310#8	1
1443	Q0	1636310#0	1
1443	Q0	1636310#22	0
1443	Q0	3080511#8	0
1443	Q0	2477457#2	0
1443	Q0	1636310#19	0
1443	Q0	63690#14	0
1443	Q0	3080511#9	0
1443	Q0	3080511#7	0
1443	Q0	683474#25	0
1446	Q0	97240#1	1
1446	Q0	1665807#5	1
1446	Q0	2377184#10	0
1446	Q0	2992069#2	0
1446	Q0	30336#33	0
1446	Q0	10050#64	0
1446	Q0	242642#4	0
1446	Q0	1517070#5	0
1446	Q0	97240#6	0
1446	Q0	181426#30	0
1447	Q0	55890#6	1
1447	Q0	55890#8	0
1447	Q0	55890#7	0
1447	Q0	55890#23	0
1447	Q0	276638#2	0
1447	Q0	909289#1	0
1447	Q0	55890#10	0
1447	Q0	55890#12	0
1447	Q0	1100445#0	0
1447	Q0	2805343#1	0
1448	Q0	1856#8	1
1448	Q0	1856#6	1
1448	Q0	1876682#3	0
1448	Q0	1856#20	0
1448	Q0	1793225#1	0
1448	Q0	1856#19	0
1448	Q0	6096#15	0
1448	Q0	8160#8	0
1448	Q0	254185#39	0
1448	Q0	6036#15	0
1448	Q0	1951#9	0
1449	Q0	179328#19	1
1449	Q0	1282290#14	1
1449	Q0	1861761#14	1
1449	Q0	2339185#21	1
1449	Q0	2347378#1	1
1449	Q0	3055468#2	1
1449	Q0	119531#15	1
1449	Q0	2339185#30	1
1449	Q0	3349943#1	0
1449	Q0	119531#14	0
1450	Q0	2794#7	1
1450	Q0	142543#16	1
1450	Q0	14065#40	1
1450	Q0	85839#27	1
1450	Q0	14065#18	1
1450	Q0	50638#0	1
1450	Q0	1351549#2	0
1450	Q0	5698#31	0
1450	Q0	14065#32	0
1450	Q0	72132#8	0
1450	Q0	744532#12	0
1451	Q0	9764#40	1
1451	Q0	1338105#0	0
1451	Q0	1413583#0	0
1451	Q0	356009#8	0
1451	Q0	7973#4	0
1451	Q0	2036755#3	0
1451	Q0	898389#1	0
1451	Q0	2036755#5	0
1451	Q0	159345#1	0
1451	Q0	3133#12	0
1451	Q0	9764#0	0
1452	Q0	243079#0	1
1452	Q0	2427338#36	1
1452	Q0	74624#33	1
1452	Q0	18508#82	1
1452	Q0	2569427#20	1
1452	Q0	243079#6	0
1452	Q0	243079#5	0
1452	Q0	243079#2	0
1452	Q0	243079#17	0
1452	Q0	243079#14	0
1453	Q0	117560#10	1
1453	Q0	117560#11	0
1453	Q0	2395133#4	0
1453	Q0	117560#3	0
1453	Q0	117560#18	0
1453	Q0	2714678#3	0
1453	Q0	117560#47	0
1453	Q0	117560#41	0
1453	Q0	117560#0	0
1453	Q0	2395133#22	0
1454	Q0	503118#0	1
1454	Q0	2856944#2	0
1454	Q0	2856546#0	0
1454	Q0	2858382#0	0
1454	Q0	2557556#5	0
1454	Q0	2860116#0	0
1454	Q0	2860116#1	0
1454	Q0	2838788#0	0
1454	Q0	2856944#3	0
1454	Q0	2860116#11	0
1454	Q0	2838788#20	0
1454	Q0	503118#5	0
1455	Q0	1204752#13	1
1455	Q0	1204752#1	1
1455	Q0	1204752#5	0
1455	Q0	1204752#9	0
1455	Q0	1204752#12	0
1455	Q0	1204752#7	0
1455	Q0	1204752#11	0
1455	Q0	1831482#2	0
1455	Q0	1064280#1	0
1455	Q0	227386#1	0
1457	Q0	104426#5	1
1457	Q0	33223#2	1
1457	Q0	835289#5	1
1457	Q0	613859#1	0
1457	Q0	33223#0	0
1457	Q0	676343#4	0
1457	Q0	208014#6	0
1457	Q0	33217#5	0
1457	Q0	1499675#65	0
1457	Q0	1925999#4	0
1458	Q0	1331377#1	1
1458	Q0	1944034#6	0
1458	Q0	1344217#1	0
1458	Q0	326747#28	0
1458	Q0	4588#31	0
1458	Q0	1944034#12	0
1458	Q0	1321693#3	0
1458	Q0	3930#23	0
1458	Q0	3930#43	0
1458	Q0	1944034#10	0
1459	Q0	120823#10	1
1459	Q0	1236803#7	1
1459	Q0	211666#1	0
1459	Q0	23704#9	0
1459	Q0	624312#7	0
1459	Q0	624312#16	0
1459	Q0	15178#1	0
1459	Q0	31222#3	0
1459	Q0	1370701#1	0
1459	Q0	19684#9	0
1460	Q0	1426930#0	1
1460	Q0	1426930#6	1
1460	Q0	1426930#1	1
1460	Q0	41139#0	0
1460	Q0	3964#67	0
1460	Q0	3123929#6	0
1460	Q0	35915#0	0
1460	Q0	41139#23	0
1460	Q0	2382#22	0
1460	Q0	43550#0	0
1461	Q0	1342752#0	1
1461	Q0	1631704#3	1
1461	Q0	409606#3	1
1461	Q0	1342752#6	0
1461	Q0	178291#2	0
1461	Q0	3354180#11	0
1461	Q0	1342752#7	0
1461	Q0	2367202#1	0
1461	Q0	82394#11	0
1461	Q0	1888704#6	0
1462	Q0	544990#7	1
1462	Q0	544990#0	1
1462	Q0	494#12	1
1462	Q0	544990#10	0
1462	Q0	544990#6	0
1462	Q0	587418#8	0
1462	Q0	544990#57	0
1462	Q0	544990#9	0
1462	Q0	544990#1	0
1462	Q0	35088#26	0
1463	Q0	74233#1	1
1463	Q0	74233#0	0
1463	Q0	1786942#1	0
1463	Q0	2277189#2	0
1463	Q0	74233#2	0
1463	Q0	2382805#0	0
1463	Q0	1277003#1	0
1463	Q0	2849574#1	0
1463	Q0	3508787#2	0
1463	Q0	6698#25	0
1465	Q0	1857246#0	1
1465	Q0	1854490#0	1
1465	Q0	1854470#0	1
1465	Q0	1854076#0	1
1465	Q0	1854171#0	1
1465	Q0	23493#0	1
1465	Q0	1854197#0	1
1465	Q0	1854156#0	1
1465	Q0	6588#0	1
1465	Q0	2526051#0	0
1465	Q0	1854076#2	0
1467	Q0	1413057#1	1
1467	Q0	12864#2	1
1467	Q0	45322#7	0
1467	Q0	12864#67	0
1467	Q0	1794197#1	0
1467	Q0	12864#70	0
1467	Q0	464386#1	0
1467	Q0	13155#3	0
1467	Q0	2436176#2	0
1467	Q0	14985#207	0
1468	Q0	20085#0	1
1468	Q0	20085#16	0
1468	Q0	2738970#1	0
1468	Q0	259337#1	0
1468	Q0	306910#1	0
1468	Q0	30854#1	0
1468	Q0	20085#12	0
1468	Q0	3772000#1	0
1468	Q0	20085#15	0
1468	Q0	20085#9	0
1470	Q0	3352284#0	1
1470	Q0	44100#69	1
1470	Q0	3352284#31	0
1470	Q0	3352284#94	0
1470	Q0	3352284#35	0
1470	Q0	3352284#64	0
1470	Q0	3352284#98	0
1470	Q0	3352284#95	0
1470	Q0	3352284#58	0
1470	Q0	3352284#6	0
1471	Q0	1336541#16	1
1471	Q0	257855#6	0
1471	Q0	2411#23	0
1471	Q0	1952#6	0
1471	Q0	1244156#4	0
1471	Q0	1130279#44	0
1471	Q0	2413#15	0
1471	Q0	2524844#3	0
1471	Q0	2416#5	0
1471	Q0	3837822#0	0
1471	Q0	1952#5	0
1472	Q0	153089#4	1
1472	Q0	737939#4	1
1472	Q0	154483#2	1
1472	Q0	2746562#0	1
1472	Q0	2746562#6	0
1472	Q0	28667#19	0
1472	Q0	2745861#15	0
1472	Q0	340989#7	0
1472	Q0	150403#5	0
1472	Q0	153089#5	0
1472	Q0	2334160#1	0
1473	Q0	2552790#2	1
1473	Q0	2552790#14	0
1473	Q0	2552790#16	0
1473	Q0	2327222#5	0
1473	Q0	2552790#12	0
1473	Q0	2552790#13	0
1473	Q0	2904483#17	0
1473	Q0	44231#18	0
1473	Q0	109226#18	0
1473	Q0	412659#38	0
1473	Q0	27608#16	0
1474	Q0	473514#0	1
1474	Q0	473514#2	0
1474	Q0	473514#3	0
1474	Q0	2341655#1	0
1474	Q0	22283#1	0
1474	Q0	2200047#0	0
1474	Q0	3371319#1	0
1474	Q0	1601230#3	0
1474	Q0	2477139#1	0
1474	Q0	3858223#1	0
1475	Q0	1115001#2	1
1475	Q0	1115001#5	0
1475	Q0	1115001#0	0
1475	Q0	1115001#17	0
1475	Q0	1115001#16	0
1475	Q0	1115001#4	0
1475	Q0	1115001#24	0
1475	Q0	1115001#18	0
1475	Q0	960967#5	0
1475	Q0	1353820#1	0
1475	Q0	1115001#13	0
1476	Q0	384035#5	1
1476	Q0	407762#4	0
1476	Q0	1369725#5	0
1476	Q0	66385#7	0
1476	Q0	66385#3	0
1476	Q0	66385#1	0
1476	Q0	1325125#0	0
1476	Q0	66385#19	0
1476	Q0	389314#3	0
1476	Q0	1244108#27	0
1477	Q0	1076206#0	1
1477	Q0	1211305#2	0
1477	Q0	1415649#1	0
1477	Q0	3520661#0	0
1477	Q0	3021573#1	0
1477	Q0	3119341#3	0
1477	Q0	971793#3	0
1477	Q0	1076206#3	0
1477	Q0	3352109#1	0
1477	Q0	3287237#2	0
1480	Q0	172192#15	1
1480	Q0	172192#13	1
1480	Q0	172192#18	0
1480	Q0	78409#17	0
1480	Q0	172192#6	0
1480	Q0	172192#20	0
1480	Q0	2591028#21	0
1480	Q0	172192#12	0
1480	Q0	172192#17	0
1480	Q0	172192#11	0
1481	Q0	1044340#0	1
1481	Q0	1044340#1	0
1481	Q0	1044340#2	0
1481	Q0	2960481#0	0
1481	Q0	1044340#3	0
1481	Q0	445183#1	0
1481	Q0	115364#12	0
1481	Q0	3309211#1	0
1481	Q0	30949#16	0
1481	Q0	223783#3	0
1482	Q0	5040#8	1
1482	Q0	682032#0	0
1482	Q0	5040#0	0
1482	Q0	5040#18	0
1482	Q0	507175#4	0
1482	Q0	2098940#3	0
1482	Q0	5040#6	0
1482	Q0	1588395#11	0
1482	Q0	5040#77	0
1482	Q0	1828794#0	0
1482	Q0	2831531#13	0
1484	Q0	1019163#2	1
1484	Q0	1019163#5	0
1484	Q0	1595650#1	0
1484	Q0	1019163#17	0
1484	Q0	1548979#4	0
1484	Q0	1019163#16	0
1484	Q0	992683#12	0
1484	Q0	1019163#20	0
1484	Q0	2878320#5	0
1484	Q0	61451#2	0
1485	Q0	23760#31	1
1485	Q0	23760#17	1
1485	Q0	23760#8	1
1485	Q0	23760#76	0
1485	Q0	23760#75	0
1485	Q0	1896960#8	0
1485	Q0	63111#13	0
1485	Q0	3628451#1	0
1485	Q0	23760#7	0
1485	Q0	1809601#2	0
1485	Q0	184621#14	0
1486	Q0	696622#2	1
1486	Q0	696622#34	0
1486	Q0	696622#27	0
1486	Q0	696622#40	0
1486	Q0	696622#17	0
1486	Q0	696622#48	0
1486	Q0	696622#6	0
1486	Q0	696622#19	0
1486	Q0	696622#24	0
1486	Q0	696622#4	0
1488	Q0	293887#12	1
1488	Q0	293887#13	1
1488	Q0	25607#2	0
1488	Q0	27558#0	0
1488	Q0	293887#29	0
1488	Q0	41734#56	0
1488	Q0	3453017#3	0
1488	Q0	188753#16	0
1488	Q0	173451#23	0
1488	Q0	1922570#7	0
1489	Q0	7848#0	1
1489	Q0	7848#4	1
1489	Q0	7848#2	0
1489	Q0	7848#12	0
1489	Q0	66724#0	0
1489	Q0	2522724#0	0
1489	Q0	66716#0	0
1489	Q0	987886#0	0
1489	Q0	57#44	0
1489	Q0	3303437#4	0
1490	Q0	456155#3	1
1490	Q0	456155#0	0
1490	Q0	456155#2	0
1490	Q0	456155#10	0
1490	Q0	456155#11	0
1490	Q0	456155#16	0
1490	Q0	456155#4	0
1490	Q0	3146848#1	0
1490	Q0	616746#1	0
1490	Q0	1004871#1	0
1490	Q0	3142860#2	0
1491	Q0	3226#4	1
1491	Q0	527304#29	0
1491	Q0	105492#2	0
1491	Q0	983976#55	0
1491	Q0	67141#24	0
1491	Q0	282862#79	0
1491	Q0	155036#9	0
1491	Q0	3330666#1	0
1491	Q0	13568#79	0
1491	Q0	196915#7	0
1495	Q0	408520#2	1
1495	Q0	408520#0	0
1495	Q0	408520#1	0
1495	Q0	11026#3	0
1495	Q0	3363475#2	0
1495	Q0	308508#1	0
1495	Q0	408520#4	0
1495	Q0	2260306#0	0
1495	Q0	397370#3	0
1495	Q0	2485660#1	0
1496	Q0	3460875#8	1
1496	Q0	3464209#0	1
1496	Q0	3416152#6	1
1496	Q0	3464209#3	1
1496	Q0	3416152#7	1
1496	Q0	3416152#1	0
1496	Q0	3464209#12	0
1496	Q0	3460875#1	0
1496	Q0	3464209#13	0
1496	Q0	3464209#8	0
1496	Q0	3416152#0	0
1497	Q0	136545#0	1
1497	Q0	136545#1	0
1497	Q0	136545#8	0
1497	Q0	301651#0	0
1497	Q0	136545#5	0
1497	Q0	136545#10	0
1497	Q0	136545#4	0
1497	Q0	3109725#0	0
1497	Q0	3293422#0	0
1497	Q0	1315077#0	0
1499	Q0	2662268#10	1
1499	Q0	2662268#9	1
1499	Q0	2662268#0	1
1499	Q0	2658274#2	1
1499	Q0	59717#61	1
1499	Q0	1941090#90	1
1499	Q0	2662255#72	1
1499	Q0	1825214#1	1
1499	Q0	1825214#2	1
1499	Q0	1941468#8	0
1499	Q0	2662268#11	0
1499	Q0	311805#148	0
1499	Q0	1825214#3	0
1499	Q0	1825214#4	0
1500	Q0	40835#9	1
1500	Q0	116988#3	0
1500	Q0	599255#5	0
1500	Q0	183342#3	0
1500	Q0	183339#2	0
1500	Q0	19887#2	0
1500	Q0	1695972#4	0
1500	Q0	20031#6	0
1500	Q0	1615251#13	0
1500	Q0	1886131#9	0
1501	Q0	12103#0	1
1501	Q0	13313#21	0
1501	Q0	2740#33	0
1501	Q0	12103#14	0
1501	Q0	13313#19	0
1501	Q0	2740#34	0
1501	Q0	119061#3	0
1501	Q0	2012172#3	0
1501	Q0	13313#23	0
1501	Q0	229055#7	0
1501	Q0	2012172#0	0
1502	Q0	252975#0	1
1502	Q0	252975#1	1
1502	Q0	47504#8	0
1502	Q0	252975#2	0
1502	Q0	3701709#6	0
1502	Q0	2567535#4	0
1502	Q0	3240908#0	0
1502	Q0	47504#129	0
1502	Q0	3701709#0	0
1502	Q0	3237365#5	0
1503	Q0	26550#12	1
1503	Q0	146721#0	0
1503	Q0	2745861#17	0
1503	Q0	127117#1	0
1503	Q0	1353973#0	0
1503	Q0	125905#0	0
1503	Q0	138790#0	0
1503	Q0	19032#1	0
1503	Q0	2745861#18	0
1503	Q0	2745861#0	0
1504	Q0	152505#0	1
1504	Q0	747839#0	0
1504	Q0	1445740#4	0
1504	Q0	3050673#20	0
1504	Q0	293487#36	0
1504	Q0	623186#0	0
1504	Q0	258099#0	0
1504	Q0	258750#0	0
1504	Q0	258805#0	0
1504	Q0	623186#2	0
1505	Q0	134007#1	1
1505	Q0	2395704#2	1
1505	Q0	288719#2	1
1505	Q0	153819#0	1
1505	Q0	153819#1	0
1505	Q0	1233954#1	0
1505	Q0	1957997#1	0
1505	Q0	171679#1	0
1505	Q0	30126#4	0
1505	Q0	176674#0	0
1505	Q0	2094204#2	0
1506	Q0	61401#3	1
1506	Q0	300509#6	0
1506	Q0	1819902#5	0
1506	Q0	61386#9	0
1506	Q0	217376#9	0
1506	Q0	2629271#4	0
1506	Q0	36522#21	0
1506	Q0	182424#2	0
1506	Q0	61387#12	0
1506	Q0	38736#7	0
1506	Q0	61394#0	0
1509	Q0	17145#0	1
1509	Q0	586041#8	1
1509	Q0	17147#4	0
1509	Q0	17145#3	0
1509	Q0	212420#16	0
1509	Q0	17145#1	0
1509	Q0	17145#2	0
1509	Q0	2610626#0	0
1509	Q0	1014859#1	0
1509	Q0	972200#1	0
1510	Q0	125403#3	1
1510	Q0	125403#2	0
1510	Q0	125373#1	0
1510	Q0	125403#8	0
1510	Q0	125403#10	0
1510	Q0	125403#7	0
1510	Q0	1077269#1	0
1510	Q0	1077446#1	0
1510	Q0	742850#1	0
1510	Q0	1077176#2	0
1512	Q0	1482#0	1
1512	Q0	650915#11	1
1512	Q0	1399#0	1
1512	Q0	1422#1	0
1512	Q0	970664#8	0
1512	Q0	970664#6	0
1512	Q0	1399#9	0
1512	Q0	1482#15	0
1512	Q0	1399#20	0
1512	Q0	1408577#0	0
1513	Q0	45510#23	1
1513	Q0	45510#19	1
1513	Q0	45510#12	1
1513	Q0	45510#13	1
1513	Q0	1935131#31	1
1513	Q0	45510#4	1
1513	Q0	45510#22	0
1513	Q0	45510#5	0
1513	Q0	1935131#28	0
1513	Q0	1850528#51	0
1513	Q0	45510#3	0
1514	Q0	3398947#4	1
1514	Q0	3398947#3	0
1514	Q0	3398947#0	0
1514	Q0	346795#1	0
1514	Q0	2388715#4	0
1514	Q0	2721861#0	0
1514	Q0	2577985#2	0
1514	Q0	3381880#12	0
1514	Q0	431425#1	0
1514	Q0	2577985#0	0
1515	Q0	192242#1	1
1515	Q0	192242#9	0
1515	Q0	523629#2	0
1515	Q0	192242#18	0
1515	Q0	192242#13	0
1515	Q0	192242#0	0
1515	Q0	1022090#0	0
1515	Q0	698187#35	0
1515	Q0	2613151#0	0
1515	Q0	192242#6	0
1515	Q0	35407#3	0
1516	Q0	268662#1	1
1516	Q0	268662#5	0
1516	Q0	268662#11	0
1516	Q0	268662#0	0
1516	Q0	268662#14	0
1516	Q0	268662#7	0
1516	Q0	3052281#1	0
1516	Q0	946611#2	0
1516	Q0	268662#6	0
1516	Q0	268662#8	0
1516	Q0	268662#10	0
1517	Q0	1803#0	1
1517	Q0	2246#32	0
1517	Q0	49021#0	0
1517	Q0	153949#5	0
1517	Q0	6463#62	0
1517	Q0	3123929#7	0
1517	Q0	4516#4	0
1517	Q0	1803#6	0
1517	Q0	8607#10	0
1517	Q0	51506#1	0
1518	Q0	58652#1	1
1518	Q0	100569#27	1
1518	Q0	516945#56	1
1518	Q0	457885#4	1
1518	Q0	3264885#62	0
1518	Q0	2013348#1	0
1518	Q0	58652#3	0
1518	Q0	64548#13	0
1518	Q0	3264885#63	0
1518	Q0	1240123#1	0
1518	Q0	58652#6	0
1519	Q0	91541#7	1
1519	Q0	2212943#20	0
1519	Q0	2212943#32	0
1519	Q0	2212943#14	0
1519	Q0	1593750#1	0
1519	Q0	2212943#17	0
1519	Q0	1923397#0	0
1519	Q0	2212943#6	0
1519	Q0	2212943#15	0
1519	Q0	91541#18	0
1520	Q0	179778#3	1
1520	Q0	179778#1	1
1520	Q0	179778#0	0
1520	Q0	179778#2	0
1520	Q0	179778#5	0
1520	Q0	179778#25	0
1520	Q0	179778#14	0
1520	Q0	179778#6	0
1520	Q0	179778#4	0
1520	Q0	179778#10	0
1521	Q0	52559#4	1
1521	Q0	86571#0	1
1521	Q0	86571#2	0
1521	Q0	31072#17	0
1521	Q0	86569#2	0
1521	Q0	52559#3	0
1521	Q0	31072#12	0
1521	Q0	86571#1	0
1521	Q0	1521#82	0
1521	Q0	200845#33	0
1522	Q0	659979#1	1
1522	Q0	72451#0	1
1522	Q0	72451#2	1
1522	Q0	203349#2	0
1522	Q0	2387091#0	0
1522	Q0	2353309#17	0
1522	Q0	2387091#2	0
1522	Q0	83952#22	0
1522	Q0	3626371#6	0
1522	Q0	72451#5	0
1523	Q0	252632#12	1
1523	Q0	2017295#0	0
1523	Q0	252632#0	0
1523	Q0	611146#3	0
1523	Q0	2810000#7	0
1523	Q0	2830063#79	0
1523	Q0	942889#0	0
1523	Q0	2810000#19	0
1523	Q0	3532737#16	0
1523	Q0	554637#4	0
1523	Q0	942889#2	0
1524	Q0	3021824#3	1
1524	Q0	3021824#0	1
1524	Q0	3021824#4	0
1524	Q0	3021824#1	0
1524	Q0	448564#0	0
1524	Q0	3021824#7	0
1524	Q0	3021824#18	0
1524	Q0	3044120#3	0
1524	Q0	2871183#1	0
1524	Q0	1942200#1	0
1524	Q0	3021824#10	0
1526	Q0	2206055#0	1
1526	Q0	2206055#2	0
1526	Q0	2713675#1	0
1526	Q0	3779272#1	0
1526	Q0	3013997#5	0
1526	Q0	3234594#1	0
1526	Q0	2206055#3	0
1526	Q0	3833789#1	0
1526	Q0	2206055#17	0
1526	Q0	2206055#13	0
1527	Q0	2663190#0	1
1527	Q0	182653#0	1
1527	Q0	3261648#1	1
1527	Q0	1508002#0	0
1527	Q0	2992736#0	0
1527	Q0	182653#51	0
1527	Q0	2262310#0	0
1527	Q0	182653#38	0
1527	Q0	1062921#13	0
1527	Q0	182653#27	0
1527	Q0	2992736#3	0
1529	Q0	289561#13	1
1529	Q0	82241#0	1
1529	Q0	289561#10	0
1529	Q0	289561#0	0
1529	Q0	289561#1	0
1529	Q0	801904#15	0
1529	Q0	289561#18	0
1529	Q0	3896356#0	0
1529	Q0	2021878#0	0
1529	Q0	801904#0	0
1529	Q0	289561#32	0
1530	Q0	442519#131	1
1530	Q0	8667#20	1
1530	Q0	2190755#15	1
1530	Q0	3605169#16	1
1530	Q0	992058#5	1
1530	Q0	2144348#0	1
1530	Q0	172894#4	1
1530	Q0	2144348#3	1
1530	Q0	9542#3	0
1530	Q0	970435#6	0
1530	Q0	2645554#2	0
1531	Q0	1470604#1	1
1531	Q0	1698838#72	0
1531	Q0	3774471#14	0
1531	Q0	2318675#12	0
1531	Q0	55390#75	0
1531	Q0	77658#90	0
1531	Q0	1273602#11	0
1531	Q0	3007375#0	0
1531	Q0	2580125#1	0
1531	Q0	55409#62	0
1532	Q0	53996#2	1
1532	Q0	130090#4	0
1532	Q0	637564#10	0
1532	Q0	2497457#0	0
1532	Q0	2318378#1	0
1532	Q0	1828540#4	0
1532	Q0	2904005#0	0
1532	Q0	491209#4	0
1532	Q0	2497767#0	0
1532	Q0	3552933#0	0
1534	Q0	4850#5	1
1534	Q0	4850#0	0
1534	Q0	4850#28	0
1534	Q0	16583#4	0
1534	Q0	116687#4	0
1534	Q0	4850#8	0
1534	Q0	571009#3	0
1534	Q0	4850#25	0
1534	Q0	4850#24	0
1534	Q0	4850#13	0
1534	Q0	3277983#4	0
1535	Q0	245734#0	1
1535	Q0	833358#2	0
1535	Q0	833358#7	0
1535	Q0	199228#2	0
1535	Q0	389944#0	0
1535	Q0	1514503#61	0
1535	Q0	833358#0	0
1535	Q0	833358#8	0
1535	Q0	148010#4	0
1535	Q0	389944#2	0
1537	Q0	1992770#1	1
1537	Q0	13991#2	0
1537	Q0	30949#16	0
1537	Q0	2612875#8	0
1537	Q0	1992770#0	0
1537	Q0	39548#4	0
1537	Q0	879597#1	0
1537	Q0	828069#1	0
1537	Q0	219174#1	0
1537	Q0	655#8	0
1538	Q0	696712#1	1
1538	Q0	53676#7	1
1538	Q0	2205634#4	1
1538	Q0	181229#7	1
1538	Q0	3296512#2	0
1538	Q0	995265#3	0
1538	Q0	53676#3	0
1538	Q0	464616#3	0
1538	Q0	382006#131	0
1538	Q0	53676#11	0
1539	Q0	790785#5	1
1539	Q0	2881548#9	1
1539	Q0	790785#6	1
1539	Q0	25316#2	1
1539	Q0	12648#17	1
1539	Q0	12648#14	0
1539	Q0	2881548#0	0
1539	Q0	12648#15	0
1539	Q0	3692547#63	0
1539	Q0	790785#4	0
1540	Q0	827377#6	1
1540	Q0	125398#6	1
1540	Q0	2683983#0	0
1540	Q0	827377#1	0
1540	Q0	2515382#1	0
1540	Q0	942128#37	0
1540	Q0	2683983#1	0
1540	Q0	2942447#0	0
1540	Q0	827377#7	0
1540	Q0	2067778#18	0
1541	Q0	8745#62	1
1541	Q0	212927#39	0
1541	Q0	1668070#35	0
1541	Q0	2103#21	0
1541	Q0	198887#28	0
1541	Q0	54179#15	0
1541	Q0	1290411#78	0
1541	Q0	1377394#108	0
1541	Q0	900818#4	0
1541	Q0	3869309#9	0
1541	Q0	173344#7	0
1542	Q0	120921#23	1
1542	Q0	9480#0	1
1542	Q0	327593#3	0
1542	Q0	327593#2	0
1542	Q0	120921#24	0
1542	Q0	6275#2	0
1542	Q0	1082776#4	0
1542	Q0	6275#3	0
1542	Q0	10161#4	0
1542	Q0	3728352#0	0
1542	Q0	6236#0	0
1544	Q0	86234#6	1
1544	Q0	86234#23	0
1544	Q0	1391100#1	0
1544	Q0	46470#2	0
1544	Q0	1340548#1	0
1544	Q0	683463#3	0
1544	Q0	86234#1	0
1544	Q0	2651765#1	0
1544	Q0	86234#4	0
1544	Q0	1935860#1	0
1545	Q0	55390#21	1
1545	Q0	38403#0	1
1545	Q0	38403#15	0
1545	Q0	1940080#6	0
1545	Q0	2643816#2	0
1545	Q0	1199560#0	0
1545	Q0	55390#11	0
1545	Q0	1151349#9	0
1545	Q0	55390#66	0
1545	Q0	1151349#0	0
1547	Q0	1128426#2	1
1547	Q0	1128426#0	1
1547	Q0	1128426#3	1
1547	Q0	1999#23	1
1547	Q0	1350730#0	0
1547	Q0	1588073#0	0
1547	Q0	1350730#2	0
1547	Q0	3336445#0	0
1547	Q0	1128426#1	0
1547	Q0	1128426#4	0
1550	Q0	13816#3	1
1550	Q0	38084#0	1
1550	Q0	36907#4	0
1550	Q0	842524#3	0
1550	Q0	1093228#0	0
1550	Q0	36907#0	0
1550	Q0	1408174#19	0
1550	Q0	1093228#1	0
1550	Q0	2610506#7	0
1550	Q0	1093228#5	0
1550	Q0	38084#25	0
1553	Q0	522460#2	1
1553	Q0	522460#21	0
1553	Q0	2978870#1	0
1553	Q0	59239#2	0
1553	Q0	1923928#2	0
1553	Q0	1492980#0	0
1553	Q0	522460#4	0
1553	Q0	175284#1	0
1553	Q0	522460#41	0
1553	Q0	1492980#32	0
1554	Q0	3102657#0	1
1554	Q0	3102657#2	0
1554	Q0	3102657#9	0
1554	Q0	3102657#1	0
1554	Q0	3102657#4	0
1554	Q0	3102657#5	0
1554	Q0	3102657#6	0
1554	Q0	3102657#7	0
1554	Q0	3102657#10	0
1554	Q0	3456836#3	0
1555	Q0	555358#1	1
1555	Q0	555358#4	0
1555	Q0	555358#0	0
1555	Q0	2812517#29	0
1555	Q0	46664#14	0
1555	Q0	555358#3	0
1555	Q0	2812517#0	0
1555	Q0	2814597#1	0
1555	Q0	853718#1	0
1555	Q0	587388#0	0
1556	Q0	1427892#0	1
1556	Q0	1427892#18	0
1556	Q0	74833#7	0
1556	Q0	209226#16	0
1556	Q0	1427892#2	0
1556	Q0	81547#12	0
1556	Q0	1427892#23	0
1556	Q0	1427892#8	0
1556	Q0	793930#10	0
1556	Q0	1427892#17	0
1557	Q0	7806#4	1
1557	Q0	2680145#90	1
1557	Q0	3887023#39	1
1557	Q0	5388#33	1
1557	Q0	3248660#1	0
1557	Q0	184529#5	0
1557	Q0	45590#5	0
1557	Q0	743795#7	0
1557	Q0	1890693#6	0
1557	Q0	7807#10	0
1560	Q0	220216#0	1
1560	Q0	220353#1	1
1560	Q0	220216#2	0
1560	Q0	220353#0	0
1560	Q0	328891#0	0
1560	Q0	220216#1	0
1560	Q0	220353#18	0
1560	Q0	3371047#0	0
1560	Q0	220353#17	0
1560	Q0	220353#6	0
1561	Q0	3806472#1	1
1561	Q0	3806472#0	1
1561	Q0	3806472#4	0
1561	Q0	3806472#3	0
1561	Q0	3806472#6	0
1561	Q0	3806472#8	0
1561	Q0	3806472#2	0
1561	Q0	3459157#0	0
1561	Q0	3806472#5	0
1561	Q0	1354173#1	0
1562	Q0	214949#9	1
1562	Q0	502780#8	1
1562	Q0	214949#0	0
1562	Q0	214949#53	0
1562	Q0	214949#8	0
1562	Q0	214949#36	0
1562	Q0	214949#23	0
1562	Q0	214949#17	0
1562	Q0	494251#0	0
1562	Q0	494213#0	0
1563	Q0	1794582#65	1
1563	Q0	265198#69	1
1563	Q0	1058192#8	1
1563	Q0	1058192#9	1
1563	Q0	265198#30	1
1563	Q0	265198#0	1
1563	Q0	265198#88	1
1563	Q0	265198#19	1
1563	Q0	1058192#19	0
1563	Q0	265198#31	0
1563	Q0	421470#1	0
1563	Q0	265198#66	0
1563	Q0	265198#78	0
1563	Q0	265198#72	0
1563	Q0	265198#70	0
1564	Q0	341785#1	1
1564	Q0	403131#0	1
1564	Q0	549102#5	1
1564	Q0	359725#2	1
1564	Q0	403131#14	0
1564	Q0	403131#5	0
1564	Q0	403131#4	0
1564	Q0	150126#0	0
1564	Q0	163352#1	0
1564	Q0	2545309#0	0
1565	Q0	1888184#71	1
1565	Q0	35630#2	1
1565	Q0	35630#0	0
1565	Q0	35630#23	0
1565	Q0	35630#13	0
1565	Q0	1888884#1	0
1565	Q0	1888184#18	0
1565	Q0	565451#3	0
1565	Q0	144175#1	0
1565	Q0	54693#2	0
1566	Q0	3625516#14	1
1566	Q0	3625516#3	1
1566	Q0	3619395#0	1
1566	Q0	3619395#5	1
1566	Q0	3625516#13	1
1566	Q0	3619395#2	1
1566	Q0	3627538#2	1
1566	Q0	28504#14	0
1566	Q0	28504#26	0
1566	Q0	28504#23	0
1567	Q0	146094#1	1
1567	Q0	2144675#6	0
1567	Q0	1735626#1	0
1567	Q0	252115#5	0
1567	Q0	126521#14	0
1567	Q0	15011#15	0
1567	Q0	27557#17	0
1567	Q0	68302#21	0
1567	Q0	185175#9	0
1567	Q0	2014302#28	0
1567	Q0	17674#1	0
1569	Q0	1997805#1	1
1569	Q0	751739#18	1
1569	Q0	1996760#2	0
1569	Q0	224669#4	0
1569	Q0	160554#2	0
1569	Q0	868760#14	0
1569	Q0	25563#31	0
1569	Q0	2869561#4	0
1569	Q0	106184#35	0
1569	Q0	868760#11	0
1569	Q0	3605169#2	0
1570	Q0	498590#2	1
1570	Q0	817202#0	1
1570	Q0	817202#7	1
1570	Q0	2555982#2	0
1570	Q0	321738#3	0
1570	Q0	1772907#1	0
1570	Q0	1786699#2	0
1570	Q0	817202#9	0
1570	Q0	321738#4	0
1570	Q0	3572572#1	0
1570	Q0	863759#6	0
1571	Q0	635863#2	1
1571	Q0	1416828#0	1
1571	Q0	1416828#1	1
1571	Q0	1356912#1	0
1571	Q0	635863#3	0
1571	Q0	1356912#2	0
1571	Q0	635863#11	0
1571	Q0	1629216#1	0
1571	Q0	1416828#5	0
1571	Q0	2514195#1	0
1572	Q0	247#0	1
1572	Q0	247#12	0
1572	Q0	1080674#0	0
1572	Q0	2614765#1	0
1572	Q0	1080674#1	0
1572	Q0	3084365#1	0
1572	Q0	915745#1	0
1572	Q0	484416#1	0
1572	Q0	253968#1	0
1572	Q0	2251019#1	0
1573	Q0	2266887#37	1
1573	Q0	107331#0	1
1573	Q0	2266887#9	1
1573	Q0	2266887#1	0
1573	Q0	2266887#5	0
1573	Q0	1599483#10	0
1573	Q0	3192942#2	0
1573	Q0	1796147#2	0
1573	Q0	17388#0	0
1573	Q0	6452#0	0
1573	Q0	17388#23	0
1574	Q0	1235614#1	1
1574	Q0	1235614#11	1
1574	Q0	1235614#45	0
1574	Q0	1235614#20	0
1574	Q0	1235614#29	0
1574	Q0	5743#27	0
1574	Q0	1235614#23	0
1574	Q0	1235614#27	0
1574	Q0	1235614#13	0
1574	Q0	1235614#50	0
1575	Q0	17388#0	1
1575	Q0	17388#19	0
1575	Q0	17388#20	0
1575	Q0	107331#5	0
1575	Q0	8080#0	0
1575	Q0	17388#22	0
1575	Q0	2309355#0	0
1575	Q0	17388#2	0
1575	Q0	1543524#1	0
1575	Q0	8080#12	0
1575	Q0	17388#23	0
1577	Q0	303012#25	1
1577	Q0	926765#0	1
1577	Q0	303012#0	1
1577	Q0	1684348#0	1
1577	Q0	57043#48	1
1577	Q0	1815991#0	1
1577	Q0	3011575#17	0
1577	Q0	303012#5	0
1577	Q0	2931218#4	0
1577	Q0	3011575#3	0
1578	Q0	221453#0	1
1578	Q0	221453#2	0
1578	Q0	3732236#3	0
1578	Q0	2972478#1	0
1578	Q0	221453#5	0
1578	Q0	221453#44	0
1578	Q0	271496#2	0
1578	Q0	221453#34	0
1578	Q0	221453#50	0
1578	Q0	221453#22	0
1579	Q0	206029#1	1
1579	Q0	149897#4	0
1579	Q0	84976#8	0
1579	Q0	2112546#1	0
1579	Q0	216857#2	0
1579	Q0	52745#39	0
1579	Q0	149897#1	0
1579	Q0	1792986#5	0
1579	Q0	90731#27	0
1579	Q0	52745#15	0
1580	Q0	2701453#0	1
1580	Q0	2701453#1	1
1580	Q0	870550#2	0
1580	Q0	1762879#1	0
1580	Q0	1616417#1	0
1580	Q0	2727465#1	0
1580	Q0	148346#2	0
1580	Q0	1179692#4	0
1580	Q0	3034592#1	0
1580	Q0	842292#2	0
1580	Q0	359866#1	0
1581	Q0	4495#1	1
1581	Q0	560629#1	0
1581	Q0	115364#14	0
1581	Q0	4495#3	0
1581	Q0	395285#1	0
1581	Q0	1605554#2	0
1581	Q0	814723#1	0
1581	Q0	156717#4	0
1581	Q0	156717#5	0
1581	Q0	1986431#2	0
1583	Q0	712399#0	1
1583	Q0	26594#3	1
1583	Q0	1634744#1	0
1583	Q0	26594#8	0
1583	Q0	26594#6	0
1583	Q0	1090335#0	0
1583	Q0	3543384#1	0
1583	Q0	272116#3	0
1583	Q0	712399#2	0
1583	Q0	3133064#1	0
1584	Q0	85032#0	1
1584	Q0	85032#20	0
1584	Q0	85032#10	0
1584	Q0	85032#34	0
1584	Q0	85032#13	0
1584	Q0	1923379#14	0
1584	Q0	85032#9	0
1584	Q0	85032#1	0
1584	Q0	85032#11	0
1584	Q0	2390861#1	0
1586	Q0	1875030#34	1
1586	Q0	1875030#3	1
1586	Q0	1875030#4	0
1586	Q0	434957#43	0
1586	Q0	2457243#2	0
1586	Q0	1293491#1	0
1586	Q0	3752273#1	0
1586	Q0	1431294#1	0
1586	Q0	2622369#0	0
1586	Q0	2072745#1	0
1586	Q0	976687#1	0
1587	Q0	1793384#2	1
1587	Q0	1793384#14	0
1587	Q0	1793384#16	0
1587	Q0	1265490#4	0
1587	Q0	26583#10	0
1587	Q0	329660#21	0
1587	Q0	2239469#29	0
1587	Q0	2741#56	0
1587	Q0	1793384#9	0
1587	Q0	90248#52	0
1588	Q0	100233#1	1
1588	Q0	683411#2	1
1588	Q0	1615101#1	1
1588	Q0	630982#0	1
1588	Q0	108550#4	1
1588	Q0	2352941#10	1
1588	Q0	106524#5	1
1588	Q0	1615101#0	0
1588	Q0	106524#3	0
1588	Q0	804531#61	0
1589	Q0	1564815#0	1
1589	Q0	8853#0	1
1589	Q0	1426345#9	0
1589	Q0	26507#0	0
1589	Q0	6953#0	0
1589	Q0	6364#29	0
1589	Q0	8853#32	0
1589	Q0	6364#0	0
1589	Q0	1426345#3	0
1589	Q0	3804536#0	0
1593	Q0	73299#10	1
1593	Q0	167106#1	0
1593	Q0	1757720#5	0
1593	Q0	73299#75	0
1593	Q0	267040#1	0
1593	Q0	2295357#2	0
1593	Q0	1391893#6	0
1593	Q0	2011936#6	0
1593	Q0	986343#0	0
1593	Q0	73299#16	0
1593	Q0	1267517#1	0
1594	Q0	129445#1	1
1594	Q0	129445#7	0
1594	Q0	152868#3	0
1594	Q0	2857360#2	0
1594	Q0	129445#8	0
1594	Q0	1441457#0	0
1594	Q0	1864741#1	0
1594	Q0	1864497#3	0
1594	Q0	129445#11	0
1594	Q0	2857360#1	0
1595	Q0	109226#8	1
1595	Q0	1280157#5	1
1595	Q0	109226#9	1
1595	Q0	91493#4	1
1595	Q0	131711#5	1
1595	Q0	1036297#8	1
1595	Q0	708363#10	0
1595	Q0	3309286#8	0
1595	Q0	301034#17	0
1595	Q0	246333#68	0
1596	Q0	29663#30	1
1596	Q0	29663#33	0
1596	Q0	2817824#2	0
1596	Q0	2817824#1	0
1596	Q0	28729#8	0
1596	Q0	2764177#1	0
1596	Q0	29663#26	0
1596	Q0	1152565#0	0
1596	Q0	1159154#1	0
1596	Q0	13783#36	0
1601	Q0	948273#1	1
1601	Q0	2347#14	1
1601	Q0	1234633#2	0
1601	Q0	438126#1	0
1601	Q0	2347#11	0
1601	Q0	199228#133	0
1601	Q0	123200#1	0
1601	Q0	1064#14	0
1601	Q0	41908#0	0
1601	Q0	438126#3	0
1601	Q0	438126#13	0
1601	Q0	2347#2	0
1602	Q0	36320#9	1
1602	Q0	36320#17	1
1602	Q0	36320#20	1
1602	Q0	36320#19	1
1602	Q0	36320#2	1
1602	Q0	36320#10	1
1602	Q0	36320#0	1
1602	Q0	36320#4	1
1602	Q0	36320#22	0
1602	Q0	36320#28	0
1603	Q0	2980682#0	1
1603	Q0	1065215#0	0
1603	Q0	3199163#1	0
1603	Q0	2507388#0	0
1603	Q0	2507388#2	0
1603	Q0	2502008#1	0
1603	Q0	3044120#3	0
1603	Q0	1017377#1	0
1603	Q0	1079433#2	0
1603	Q0	1627805#1	0
1604	Q0	66205#0	1
1604	Q0	3834943#0	1
1604	Q0	1796004#4	1
1604	Q0	220762#46	1
1604	Q0	66205#1	0
1604	Q0	66205#2	0
1604	Q0	3835001#2	0
1604	Q0	66205#4	0
1604	Q0	66205#14	0
1604	Q0	66205#3	0
1606	Q0	20260#4	1
1606	Q0	1125469#12	1
1606	Q0	20260#19	0
1606	Q0	20260#5	0
1606	Q0	1111708#19	0
1606	Q0	18665#8	0
1606	Q0	2990922#10	0
1606	Q0	2726414#3	0
1606	Q0	818418#25	0
1606	Q0	2327809#4	0
1607	Q0	13646#0	1
1607	Q0	22804#0	0
1607	Q0	13646#1	0
1607	Q0	13646#12	0
1607	Q0	13646#70	0
1607	Q0	13646#8	0
1607	Q0	13646#27	0
1607	Q0	13646#11	0
1607	Q0	915192#5	0
1607	Q0	13646#2	0
1608	Q0	411012#2	1
1608	Q0	411012#0	0
1608	Q0	411012#16	0
1608	Q0	771658#24	0
1608	Q0	411012#7	0
1608	Q0	3614971#1	0
1608	Q0	957953#0	0
1608	Q0	1926236#2	0
1608	Q0	411012#9	0
1608	Q0	1617209#1	0
1609	Q0	854263#0	1
1609	Q0	854263#14	0
1609	Q0	854263#15	0
1609	Q0	854263#1	0
1609	Q0	854263#13	0
1609	Q0	854263#9	0
1609	Q0	854263#16	0
1609	Q0	854263#21	0
1609	Q0	854263#2	0
1609	Q0	772610#1	0
1610	Q0	7571#3	1
1610	Q0	52410#2	0
1610	Q0	375802#7	0
1610	Q0	52410#12	0
1610	Q0	2477951#5	0
1610	Q0	414214#0	0
1610	Q0	2792536#5	0
1610	Q0	20959#33	0
1610	Q0	414214#10	0
1610	Q0	51292#22	0
1611	Q0	30053#27	1
1611	Q0	1507356#0	1
1611	Q0	63543#8	1
1611	Q0	1507356#18	0
1611	Q0	1507356#49	0
1611	Q0	1507356#28	0
1611	Q0	3876526#2	0
1611	Q0	1507356#39	0
1611	Q0	1507356#53	0
1611	Q0	1507356#19	0
1613	Q0	2697044#1	1
1613	Q0	127234#9	1
1613	Q0	127234#11	1
1613	Q0	1815386#11	1
1613	Q0	127234#0	1
1613	Q0	2697044#3	0
1613	Q0	127234#12	0
1613	Q0	2697044#4	0
1613	Q0	2697044#17	0
1613	Q0	127234#1	0
1613	Q0	127234#2	0
1614	Q0	372683#2	1
1614	Q0	372683#17	1
1614	Q0	372683#52	1
1614	Q0	60907#1	1
1614	Q0	372683#44	1
1614	Q0	372683#18	0
1614	Q0	372683#99	0
1614	Q0	2763393#21	0
1614	Q0	382164#28	0
1614	Q0	372683#19	0
1615	Q0	122537#3	1
1615	Q0	122537#0	1
1615	Q0	259574#9	0
1615	Q0	225906#12	0
1615	Q0	1975900#15	0
1615	Q0	3565858#5	0
1615	Q0	122537#7	0
1615	Q0	2080024#33	0
1615	Q0	106610#1	0
1615	Q0	2139298#3	0
1616	Q0	2744922#8	1
1616	Q0	2744415#14	1
1616	Q0	2735404#0	1
1616	Q0	2735404#2	1
1616	Q0	111709#0	1
1616	Q0	2735404#1	0
1616	Q0	2750916#48	0
1616	Q0	104728#3	0
1616	Q0	196639#0	0
1616	Q0	13204#84	0
1617	Q0	1361038#4	1
1617	Q0	1361038#3	0
1617	Q0	256207#16	0
1617	Q0	24160#0	0
1617	Q0	1335380#0	0
1617	Q0	69655#4	0
1617	Q0	1198010#0	0
1617	Q0	1361038#27	0
1617	Q0	1335380#29	0
1617	Q0	1361038#0	0
1617	Q0	24160#1	0
1618	Q0	219713#1	1
1618	Q0	219713#7	0
1618	Q0	219713#0	0
1618	Q0	219713#14	0
1618	Q0	219713#31	0
1618	Q0	219713#36	0
1618	Q0	219713#27	0
1618	Q0	219713#33	0
1618	Q0	219713#28	0
1618	Q0	219713#35	0
1619	Q0	20185#7	1
1619	Q0	20185#27	0
1619	Q0	20185#0	0
1619	Q0	20185#29	0
1619	Q0	20185#71	0
1619	Q0	20185#70	0
1619	Q0	20185#2	0
1619	Q0	20185#39	0
1619	Q0	20185#1	0
1619	Q0	20185#30	0
1619	Q0	3593355#0	0
1622	Q0	928737#33	1
1622	Q0	928737#0	1
1622	Q0	928737#101	0
1622	Q0	928737#9	0
1622	Q0	928737#92	0
1622	Q0	928737#96	0
1622	Q0	2915376#10	0
1622	Q0	928737#14	0
1622	Q0	707606#3	0
1622	Q0	928737#43	0
1623	Q0	52575#0	1
1623	Q0	52575#1	1
1623	Q0	52575#22	0
1623	Q0	52575#25	0
1623	Q0	52575#8	0
1623	Q0	52575#10	0
1623	Q0	52575#24	0
1623	Q0	52575#11	0
1623	Q0	746418#1	0
1623	Q0	1652295#2	0
1623	Q0	1652295#1	0
1625	Q0	167110#48	1
1625	Q0	167110#0	0
1625	Q0	1672388#5	0
1625	Q0	167110#32	0
1625	Q0	488836#5	0
1625	Q0	167110#2	0
1625	Q0	1672388#1	0
1625	Q0	167110#1	0
1625	Q0	167110#11	0
1625	Q0	307304#5	0
1626	Q0	134866#1	1
1626	Q0	279710#45	1
1626	Q0	32096#94	1
1626	Q0	9997#88	0
1626	Q0	1160819#37	0
1626	Q0	15571#32	0
1626	Q0	1354456#13	0
1626	Q0	1903#30	0
1626	Q0	3739230#2	0
1626	Q0	246801#3	0
1627	Q0	14310#30	1
1627	Q0	14310#0	1
1627	Q0	142512#2	1
1627	Q0	142512#0	1
1627	Q0	79519#0	1
1627	Q0	14310#47	0
1627	Q0	14310#24	0
1627	Q0	13505#3	0
1627	Q0	14310#11	0
1627	Q0	870433#0	0
1628	Q0	322246#58	1
1628	Q0	322246#13	1
1628	Q0	322246#63	0
1628	Q0	322246#65	0
1628	Q0	322246#59	0
1628	Q0	322246#64	0
1628	Q0	322246#17	0
1628	Q0	322246#61	0
1628	Q0	322246#60	0
1628	Q0	322246#26	0
1628	Q0	322246#15	0
1629	Q0	36955#5	1
1629	Q0	491659#4	1
1629	Q0	68198#0	0
1629	Q0	2937871#9	0
1629	Q0	68198#7	0
1629	Q0	3124801#1	0
1629	Q0	68198#3	0
1629	Q0	3483194#2	0
1629	Q0	1166823#7	0
1629	Q0	34537#19	0
1631	Q0	3626371#2	1
1631	Q0	3626371#6	0
1631	Q0	3626371#3	0
1631	Q0	3626371#17	0
1631	Q0	3626371#8	0
1631	Q0	3626371#5	0
1631	Q0	3626371#10	0
1631	Q0	3626371#13	0
1631	Q0	3626371#12	0
1631	Q0	3626371#4	0
1632	Q0	399615#7	1
1632	Q0	3041#18	1
1632	Q0	560366#4	1
1632	Q0	560366#0	1
1632	Q0	500406#36	0
1632	Q0	560366#5	0
1632	Q0	2902121#1	0
1632	Q0	345436#0	0
1632	Q0	500406#3	0
1632	Q0	63382#1	0
1632	Q0	2901141#1	0
1632	Q0	3797248#16	0
1633	Q0	223277#16	1
1633	Q0	290044#6	0
1633	Q0	223277#20	0
1633	Q0	3564917#8	0
1633	Q0	2025134#42	0
1633	Q0	1747778#1	0
1633	Q0	2025134#45	0
1633	Q0	223277#2	0
1633	Q0	3029969#1	0
1633	Q0	498249#2	0
1633	Q0	223277#1	0
1634	Q0	101630#0	1
1634	Q0	101630#2	0
1634	Q0	38439#4	0
1634	Q0	3776094#1	0
1634	Q0	2930737#34	0
1634	Q0	101630#1	0
1634	Q0	1536441#2	0
1634	Q0	59947#5	0
1634	Q0	1762517#0	0
1634	Q0	3620305#2	0
1635	Q0	52782#5	1
1635	Q0	52782#0	1
1635	Q0	52782#6	0
1635	Q0	52782#70	0
1635	Q0	52803#10	0
1635	Q0	52782#63	0
1635	Q0	52782#45	0
1635	Q0	52782#4	0
1635	Q0	9431#2	0
1635	Q0	52803#4	0
1636	Q0	202527#1	1
1636	Q0	202668#0	1
1636	Q0	202668#2	0
1636	Q0	202527#7	0
1636	Q0	202668#1	0
1636	Q0	202527#9	0
1636	Q0	202527#0	0
1636	Q0	823416#1	0
1636	Q0	202527#5	0
1636	Q0	2543099#1	0
1637	Q0	1115001#0	1
1637	Q0	1115001#5	0
1637	Q0	1115001#23	0
1637	Q0	1115001#24	0
1637	Q0	1115001#17	0
1637	Q0	1115001#22	0
1637	Q0	1115001#20	0
1637	Q0	1115001#18	0
1637	Q0	824399#1	0
1637	Q0	1115001#6	0
1638	Q0	153295#5	1
1638	Q0	79752#14	1
1638	Q0	747309#0	1
1638	Q0	1083336#1	1
1638	Q0	747309#3	1
1638	Q0	3699513#5	0
1638	Q0	3039156#4	0
1638	Q0	892383#12	0
1638	Q0	512174#15	0
1638	Q0	1188865#0	0
1638	Q0	3367565#3	0
1639	Q0	38403#13	1
1639	Q0	55390#17	1
1639	Q0	38403#1	1
1639	Q0	3791524#271	1
1639	Q0	38403#2	1
1639	Q0	55390#75	0
1639	Q0	55390#21	0
1639	Q0	994070#14	0
1639	Q0	38403#34	0
1639	Q0	38403#23	0
1640	Q0	309067#6	1
1640	Q0	1754573#0	0
1640	Q0	1754573#14	0
1640	Q0	1939084#15	0
1640	Q0	48579#89	0
1640	Q0	458386#0	0
1640	Q0	3351839#4	0
1640	Q0	587591#1	0
1640	Q0	2381669#8	0
1640	Q0	1754567#1	0
1640	Q0	361736#11	0
1641	Q0	53915#43	1
1641	Q0	41563#0	1
1641	Q0	142414#0	1
1641	Q0	53915#1	1
1641	Q0	378128#0	0
1641	Q0	2942700#0	0
1641	Q0	3131122#0	0
1641	Q0	1930114#1	0
1641	Q0	2498525#0	0
1641	Q0	2254155#0	0
1641	Q0	142042#2	0
1641	Q0	53915#97	0
1642	Q0	2030#13	1
1642	Q0	69669#3	1
1642	Q0	712199#24	1
1642	Q0	60069#8	1
1642	Q0	2471#8	1
1642	Q0	2471#7	1
1642	Q0	83513#2	0
1642	Q0	2030#15	0
1642	Q0	2030#17	0
1642	Q0	2030#0	0
1642	Q0	431775#58	0
1643	Q0	30021#2	1
1643	Q0	36567#3	0
1643	Q0	48730#1	0
1643	Q0	661186#3	0
1643	Q0	43227#1	0
1643	Q0	54950#1	0
1643	Q0	36567#4	0
1643	Q0	35424#11	0
1643	Q0	30021#3	0
1643	Q0	1713097#0	0
1644	Q0	306217#3	1
1644	Q0	306217#2	1
1644	Q0	44698#25	1
1644	Q0	44698#26	0
1644	Q0	306217#0	0
1644	Q0	306217#6	0
1644	Q0	45140#7	0
1644	Q0	673606#6	0
1644	Q0	1104754#5	0
1644	Q0	227493#3	0
1645	Q0	72825#19	1
1645	Q0	72825#1	1
1645	Q0	514469#0	0
1645	Q0	514469#9	0
1645	Q0	1403814#0	0
1645	Q0	72825#17	0
1645	Q0	514469#4	0
1645	Q0	72825#18	0
1645	Q0	514469#7	0
1645	Q0	6947#63	0
1645	Q0	1403814#3	0
1647	Q0	110592#28	1
1647	Q0	110592#23	0
1647	Q0	110592#31	0
1647	Q0	2271432#4	0
1647	Q0	110592#20	0
1647	Q0	110592#39	0
1647	Q0	110592#22	0
1647	Q0	110592#37	0
1647	Q0	278720#1	0
1647	Q0	110592#18	0
1647	Q0	100886#11	0
1648	Q0	3747#7	1
1648	Q0	17905#122	1
1648	Q0	55431#9	1
1648	Q0	432747#1	1
1648	Q0	86075#13	1
1648	Q0	3747#17	1
1648	Q0	86074#1	0
1648	Q0	17602#129	0
1648	Q0	18747#4	0
1648	Q0	255205#1	0
1648	Q0	1069#12	0
1648	Q0	3747#8	0
1649	Q0	11927#6	1
1649	Q0	3237370#10	0
1649	Q0	11927#9	0
1649	Q0	916814#6	0
1649	Q0	11927#13	0
1649	Q0	1716307#1	0
1649	Q0	3237370#8	0
1649	Q0	3237370#7	0
1649	Q0	1568551#1	0
1649	Q0	1943319#30	0
1649	Q0	3597153#1	0
1650	Q0	1599483#6	1
1650	Q0	25643#3	1
1650	Q0	2266887#19	1
1650	Q0	93913#7	0
1650	Q0	1599483#5	0
1650	Q0	1599483#7	0
1650	Q0	1599483#11	0
1650	Q0	197158#1	0
1650	Q0	197158#5	0
1650	Q0	2002894#0	0
1652	Q0	2615854#27	1
1652	Q0	2615854#0	1
1652	Q0	441257#26	0
1652	Q0	441257#0	0
1652	Q0	3472930#17	0
1652	Q0	2615854#5	0
1652	Q0	3098600#0	0
1652	Q0	2615854#1	0
1652	Q0	2615854#31	0
1652	Q0	3469827#0	0
1653	Q0	154351#0	1
1653	Q0	6376#30	1
1653	Q0	3874874#1	1
1653	Q0	3874874#25	1
1653	Q0	3874874#2	1
1653	Q0	2021818#15	0
1653	Q0	6376#3	0
1653	Q0	3874874#36	0
1653	Q0	3874874#9	0
1653	Q0	3874874#28	0
1653	Q0	3874874#4	0
1655	Q0	2392975#13	1
1655	Q0	707783#3	0
1655	Q0	3052457#9	0
1655	Q0	2191245#5	0
1655	Q0	2195746#4	0
1655	Q0	361220#5	0
1655	Q0	3077#1	0
1655	Q0	337150#3	0
1655	Q0	1620459#2	0
1655	Q0	150527#4	0
1656	Q0	271604#0	1
1656	Q0	271604#2	0
1656	Q0	221764#2	0
1656	Q0	1044399#7	0
1656	Q0	5172#36	0
1656	Q0	271604#6	0
1656	Q0	3373708#2	0
1656	Q0	591674#8	0
1656	Q0	3373708#0	0
1656	Q0	1930218#3	0
1657	Q0	94993#4	1
1657	Q0	1978861#43	0
1657	Q0	1978861#44	0
1657	Q0	3698143#114	0
1657	Q0	3610808#9	0
1657	Q0	2282974#15	0
1657	Q0	1391018#2	0
1657	Q0	3863711#18	0
1657	Q0	309959#35	0
1657	Q0	2041906#29	0
1658	Q0	370784#0	1
1658	Q0	41725#10	0
1658	Q0	270867#0	0
1658	Q0	2956757#1	0
1658	Q0	892851#2	0
1658	Q0	1757705#1	0
1658	Q0	1356707#0	0
1658	Q0	2602464#1	0
1658	Q0	800376#1	0
1658	Q0	1131911#14	0
1658	Q0	661031#2	0
1662	Q0	1870139#2	1
1662	Q0	1870139#24	1
1662	Q0	1870139#26	0
1662	Q0	1870139#25	0
1662	Q0	1870139#19	0
1662	Q0	243243#19	0
1662	Q0	4920#14	0
1662	Q0	4920#38	0
1662	Q0	3268299#9	0
1662	Q0	3308719#40	0
1663	Q0	486292#2	1
1663	Q0	649003#9	0
1663	Q0	2670887#1	0
1663	Q0	486292#3	0
1663	Q0	490689#6	0
1663	Q0	302403#3	0
1663	Q0	1704258#0	0
1663	Q0	486292#10	0
1663	Q0	1780669#0	0
1663	Q0	2670887#6	0
1664	Q0	334489#2	1
1664	Q0	334489#0	0
1664	Q0	334489#1	0
1664	Q0	334489#4	0
1664	Q0	334489#7	0
1664	Q0	88105#14	0
1664	Q0	320509#108	0
1664	Q0	334489#19	0
1664	Q0	1095331#30	0
1664	Q0	2909212#9	0
1664	Q0	20509#5	0
1666	Q0	808865#22	1
1666	Q0	858998#6	1
1666	Q0	199976#16	0
1666	Q0	135357#29	0
1666	Q0	808865#33	0
1666	Q0	2078928#17	0
1666	Q0	771662#11	0
1666	Q0	173532#9	0
1666	Q0	111524#9	0
1666	Q0	808865#40	0
1667	Q0	1865417#0	1
1667	Q0	472686#2	1
1667	Q0	1058057#9	1
1667	Q0	3806743#6	1
1667	Q0	1865417#15	0
1667	Q0	1865417#16	0
1667	Q0	1865417#11	0
1667	Q0	3459731#2	0
1667	Q0	207942#32	0
1667	Q0	1957327#2	0
1668	Q0	1039#0	1
1668	Q0	2116218#40	1
1668	Q0	509301#1	0
1668	Q0	3692384#8	0
1668	Q0	72931#49	0
1668	Q0	371824#0	0
1668	Q0	5743#86	0
1668	Q0	4494#6	0
1668	Q0	130868#6	0
1668	Q0	71554#9	0
1669	Q0	60202#0	1
1669	Q0	1328623#6	0
1669	Q0	1607054#1	0
1669	Q0	60202#3	0
1669	Q0	328880#7	0
1669	Q0	2900263#50	0
1669	Q0	420853#25	0
1669	Q0	642089#4	0
1669	Q0	785692#3	0
1669	Q0	3324935#9	0
1670	Q0	1266501#18	1
1670	Q0	103933#7	1
1670	Q0	103933#5	1
1670	Q0	2685156#4	0
1670	Q0	1756021#3	0
1670	Q0	219460#64	0
1670	Q0	1970258#0	0
1670	Q0	10157#14	0
1670	Q0	103933#37	0
1670	Q0	3411299#18	0
1670	Q0	1222924#10	0
1671	Q0	31846#0	1
1671	Q0	31846#2	0
1671	Q0	2819913#1	0
1671	Q0	3044120#3	0
1671	Q0	3347876#3	0
1671	Q0	1633438#1	0
1671	Q0	2119098#11	0
1671	Q0	932389#1	0
1671	Q0	3347876#1	0
1671	Q0	144049#2	0
1672	Q0	85202#13	1
1672	Q0	1698838#29	0
1672	Q0	1366772#3	0
1672	Q0	2762287#7	0
1672	Q0	2699686#64	0
1672	Q0	1435941#121	0
1672	Q0	2762287#3	0
1672	Q0	9997#34	0
1672	Q0	2125483#4	0
1672	Q0	2762287#86	0
1672	Q0	2156261#47	0
1673	Q0	309220#1	1
1673	Q0	2363180#20	0
1673	Q0	1789#49	0
1673	Q0	1879433#85	0
1673	Q0	1879433#79	0
1673	Q0	734467#25	0
1673	Q0	1879433#96	0
1673	Q0	1879433#0	0
1673	Q0	309220#0	0
1673	Q0	1879433#81	0
1673	Q0	288950#46	0
1673	Q0	309220#104	0
1674	Q0	379288#44	1
1674	Q0	379288#0	0
1674	Q0	379288#1	0
1674	Q0	379288#17	0
1674	Q0	379288#46	0
1674	Q0	379288#19	0
1674	Q0	379288#3	0
1674	Q0	379288#47	0
1674	Q0	379288#45	0
1674	Q0	379288#33	0
1674	Q0	379288#9	0
1675	Q0	1351646#9	1
1675	Q0	1351646#3	1
1675	Q0	2464538#0	0
1675	Q0	154814#0	0
1675	Q0	671009#0	0
1675	Q0	31179#0	0
1675	Q0	2249957#3	0
1675	Q0	1351646#6	0
1675	Q0	35998#3	0
1675	Q0	180098#0	0
1675	Q0	1825515#3	0
1676	Q0	1613237#5	1
1676	Q0	1613237#0	0
1676	Q0	1874026#3	0
1676	Q0	1613237#24	0
1676	Q0	1894356#1	0
1676	Q0	211065#3	0
1676	Q0	1613237#6	0
1676	Q0	1613237#3	0
1676	Q0	1613237#4	0
1676	Q0	1613237#2	0
1677	Q0	82253#1	1
1677	Q0	364864#1	1
1677	Q0	82253#2	0
1677	Q0	44334#14	0
1677	Q0	2444430#22	0
1677	Q0	82253#4	0
1677	Q0	2041687#1	0
1677	Q0	82253#5	0
1677	Q0	82253#10	0
1677	Q0	1020873#17	0
1678	Q0	1387#1	1
1678	Q0	1387#0	0
1678	Q0	143302#9	0
1678	Q0	1867#2	0
1678	Q0	888748#10	0
1678	Q0	2704264#2	0
1678	Q0	164730#1	0
1678	Q0	113416#8	0
1678	Q0	967173#8	0
1678	Q0	2409091#1	0
1679	Q0	432086#2	1
1679	Q0	384513#19	0
1679	Q0	432086#23	0
1679	Q0	256853#20	0
1679	Q0	432086#16	0
1679	Q0	384513#16	0
1679	Q0	432086#38	0
1679	Q0	628195#2	0
1679	Q0	432086#25	0
1679	Q0	432086#24	0
1679	Q0	384513#20	0
1680	Q0	38265#28	1
1680	Q0	3869990#4	1
1680	Q0	340353#24	1
1680	Q0	3869990#0	1
1680	Q0	3869990#1	1
1680	Q0	2206314#24	0
1680	Q0	38265#0	0
1680	Q0	38265#19	0
1680	Q0	38265#9	0
1680	Q0	3625516#11	0
1681	Q0	35630#0	1
1681	Q0	35630#4	0
1681	Q0	84085#1	0
1681	Q0	35630#5	0
1681	Q0	144175#0	0
1681	Q0	1006051#1	0
1681	Q0	2011722#3	0
1681	Q0	35630#13	0
1681	Q0	3570680#1	0
1681	Q0	1314939#0	0
1682	Q0	1368907#2	1
1682	Q0	8406#0	1
1682	Q0	2403912#0	1
1682	Q0	8406#30	1
1682	Q0	2835633#0	1
1682	Q0	57206#17	0
1682	Q0	6384#10	0
1682	Q0	1368390#5	0
1682	Q0	1321615#3	0
1682	Q0	216706#0	0
1683	Q0	1956433#0	1
1683	Q0	1956433#1	0
1683	Q0	1956433#3	0
1683	Q0	1956433#2	0
1683	Q0	1956433#10	0
1683	Q0	1956433#6	0
1683	Q0	1956433#5	0
1683	Q0	1956433#4	0
1683	Q0	2178653#3	0
1683	Q0	1956433#8	0
1684	Q0	1362131#1	1
1684	Q0	1362131#0	0
1684	Q0	1362131#5	0
1684	Q0	1362131#4	0
1684	Q0	1362131#14	0
1684	Q0	1362131#21	0
1684	Q0	1362131#19	0
1684	Q0	1362131#12	0
1684	Q0	1362131#3	0
1684	Q0	1362131#2	0
1685	Q0	525767#1	1
1685	Q0	494304#23	1
1685	Q0	1503521#4	1
1685	Q0	1698846#29	0
1685	Q0	1503521#19	0
1685	Q0	1698846#80	0
1685	Q0	1119369#25	0
1685	Q0	1871128#1	0
1685	Q0	2326594#3	0
1685	Q0	2265615#2	0
1685	Q0	839367#60	0
1686	Q0	9082#2	1
1686	Q0	153172#0	1
1686	Q0	720295#1	1
1686	Q0	1831960#8	1
1686	Q0	1460293#9	1
1686	Q0	1870075#1	1
1686	Q0	378895#1	0
1686	Q0	9082#3	0
1686	Q0	909308#8	0
1686	Q0	9082#5	0
1687	Q0	287395#9	1
1687	Q0	3838649#3	1
1687	Q0	287395#10	1
1687	Q0	3715922#8	0
1687	Q0	287395#7	0
1687	Q0	287395#11	0
1687	Q0	3394339#10	0
1687	Q0	287395#3	0
1687	Q0	3857989#55	0
1687	Q0	287395#14	0
1689	Q0	2774456#0	1
1689	Q0	1989835#17	0
1689	Q0	1698859#36	0
1689	Q0	3904#6	0
1689	Q0	1612153#0	0
1689	Q0	1088297#8	0
1689	Q0	1910393#1	0
1689	Q0	3559426#16	0
1689	Q0	3146486#4	0
1689	Q0	431585#1	0
1691	Q0	528261#0	1
1691	Q0	5846#3	1
1691	Q0	956614#8	0
1691	Q0	1682538#6	0
1691	Q0	666073#1	0
1691	Q0	67380#24	0
1691	Q0	94274#22	0
1691	Q0	2480012#1	0
1691	Q0	598065#7	0
1691	Q0	135621#1	0
1691	Q0	1776996#9	0
1693	Q0	646747#52	1
1693	Q0	6833#6	1
1693	Q0	6833#0	1
1693	Q0	750282#113	1
1693	Q0	90112#15	0
1693	Q0	2044354#1	0
1693	Q0	3326858#18	0
1693	Q0	16024#2	0
1693	Q0	750282#149	0
1693	Q0	2771123#39	0
1694	Q0	270926#15	1
1694	Q0	1883835#15	1
1694	Q0	856788#6	1
1694	Q0	210415#57	0
1694	Q0	270926#50	0
1694	Q0	270926#3	0
1694	Q0	270926#0	0
1694	Q0	270926#1	0
1694	Q0	270926#2	0
1694	Q0	270926#4	0
1695	Q0	2994535#9	1
1695	Q0	2994535#0	0
1695	Q0	23017#6	0
1695	Q0	2938425#4	0
1695	Q0	2994535#8	0
1695	Q0	23017#16	0
1695	Q0	2938425#2	0
1695	Q0	23017#22	0
1695	Q0	2994535#18	0
1695	Q0	2994535#4	0
1697	Q0	4012#1	1
1697	Q0	4012#0	1
1697	Q0	4012#19	0
1697	Q0	4012#5	0
1697	Q0	4012#9	0
1697	Q0	4012#7	0
1697	Q0	1706259#0	0
1697	Q0	3641308#1	0
1697	Q0	4012#10	0
1697	Q0	209168#2	0
1698	Q0	898300#11	1
1698	Q0	2189419#5	0
1698	Q0	1924633#1	0
1698	Q0	1924461#3	0
1698	Q0	898300#14	0
1698	Q0	898300#20	0
1698	Q0	2851259#2	0
1698	Q0	898300#5	0
1698	Q0	1924461#8	0
1698	Q0	898300#8	0
1699	Q0	526930#8	1
1699	Q0	24902#61	0
1699	Q0	2819262#0	0
1699	Q0	11737#177	0
1699	Q0	24902#64	0
1699	Q0	2162863#0	0
1699	Q0	3167#14	0
1699	Q0	24902#60	0
1699	Q0	11737#176	0
1699	Q0	2023297#0	0
1699	Q0	243267#0	0
1700	Q0	227395#4	1
1700	Q0	227395#0	1
1700	Q0	12864#2	1
1700	Q0	12864#38	0
1700	Q0	227395#16	0
1700	Q0	379450#4	0
1700	Q0	227395#17	0
1700	Q0	12864#18	0
1700	Q0	1073437#3	0
1700	Q0	471425#2	0
1701	Q0	8772#0	1
1701	Q0	8772#135	0
1701	Q0	8772#30	0
1701	Q0	8772#137	0
1701	Q0	8772#1	0
1701	Q0	8772#136	0
1701	Q0	3128387#1	0
1701	Q0	611731#2	0
1701	Q0	8772#11	0
1701	Q0	8772#103	0
1702	Q0	1984910#2	1
1702	Q0	2136342#0	1
1702	Q0	1984910#0	1
1702	Q0	2136342#2	0
1702	Q0	1654390#0	0
1702	Q0	736745#1	0
1702	Q0	537933#1	0
1702	Q0	171758#2	0
1702	Q0	101629#0	0
1702	Q0	576926#10	0
1703	Q0	19062#0	1
1703	Q0	128682#1	0
1703	Q0	321654#56	0
1703	Q0	19062#40	0
1703	Q0	321654#36	0
1703	Q0	20245#86	0
1703	Q0	684718#30	0
1703	Q0	20245#75	0
1703	Q0	321654#26	0
1703	Q0	181841#6	0
1704	Q0	9273#1	1
1704	Q0	1170519#4	0
1704	Q0	696676#0	0
1704	Q0	9273#7	0
1704	Q0	97665#0	0
1704	Q0	2645837#2	0
1704	Q0	553139#0	0
1704	Q0	9273#48	0
1704	Q0	137265#7	0
1704	Q0	1729631#0	0
1706	Q0	241075#23	1
1706	Q0	241075#1	1
1706	Q0	241075#14	0
1706	Q0	241075#0	0
1706	Q0	241075#29	0
1706	Q0	241075#26	0
1706	Q0	241075#12	0
1706	Q0	241075#27	0
1706	Q0	241075#15	0
1706	Q0	3812519#1	0
1707	Q0	1085099#1	1
1707	Q0	1085099#0	1
1707	Q0	2941016#3	0
1707	Q0	2737112#2	0
1707	Q0	1693333#0	0
1707	Q0	3350752#1	0
1707	Q0	1081955#1	0
1707	Q0	2927937#1	0
1707	Q0	2163848#1	0
1707	Q0	596986#1	0
1708	Q0	1335479#5	1
1708	Q0	1335479#0	0
1708	Q0	1335479#29	0
1708	Q0	1335479#1	0
1708	Q0	1335479#16	0
1708	Q0	2300425#6	0
1708	Q0	1335479#20	0
1708	Q0	1335479#23	0
1708	Q0	1335479#30	0
1708	Q0	1335479#9	0
1708	Q0	1335479#13	0
1709	Q0	1563347#0	1
1709	Q0	1563347#1	0
1709	Q0	2875236#1	0
1709	Q0	1563347#20	0
1709	Q0	81265#1	0
1709	Q0	1862298#0	0
1709	Q0	2233315#1	0
1709	Q0	1563347#2	0
1709	Q0	1563347#4	0
1709	Q0	1563347#3	0
1711	Q0	2966033#5	1
1711	Q0	2966033#46	1
1711	Q0	2966033#0	0
1711	Q0	2966033#37	0
1711	Q0	2966033#11	0
1711	Q0	2966033#4	0
1711	Q0	2966033#2	0
1711	Q0	2966033#24	0
1711	Q0	2966033#27	0
1711	Q0	2966033#29	0
1712	Q0	1867029#0	1
1712	Q0	1358444#21	0
1712	Q0	2353208#18	0
1712	Q0	2353208#21	0
1712	Q0	451708#2	0
1712	Q0	2052598#2	0
1712	Q0	2705680#0	0
1712	Q0	2154000#0	0
1712	Q0	1560534#2	0
1712	Q0	1883606#1	0
1712	Q0	603979#1	0
1713	Q0	1577682#0	1
1713	Q0	1577682#1	1
1713	Q0	1577682#18	1
1713	Q0	727067#14	0
1713	Q0	1577682#32	0
1713	Q0	1577682#33	0
1713	Q0	727067#9	0
1713	Q0	1577682#3	0
1713	Q0	1577682#23	0
1713	Q0	555021#10	0
1713	Q0	3136814#1	0
1713	Q0	1577682#16	0
1714	Q0	3791524#32	1
1714	Q0	1185408#0	1
1714	Q0	946174#5	1
1714	Q0	946174#0	1
1714	Q0	1185408#30	0
1714	Q0	6970#26	0
1714	Q0	1185408#58	0
1714	Q0	3477656#0	0
1714	Q0	688027#0	0
1714	Q0	2681043#0	0
1715	Q0	2345230#6	1
1715	Q0	1583233#76	0
1715	Q0	2338846#38	0
1715	Q0	2270869#3	0
1715	Q0	1583233#88	0
1715	Q0	3272935#49	0
1715	Q0	179471#11	0
1715	Q0	8956#6	0
1715	Q0	2345230#4	0
1715	Q0	2263607#26	0
1716	Q0	1542#8	1
1716	Q0	237471#9	0
1716	Q0	180414#19	0
1716	Q0	2011894#10	0
1716	Q0	2177#13	0
1716	Q0	180414#18	0
1716	Q0	1309#61	0
1716	Q0	1344#114	0
1716	Q0	358483#2	0
1716	Q0	1651540#32	0
1716	Q0	296550#3	0
1717	Q0	182836#12	1
1717	Q0	182836#0	0
1717	Q0	182836#46	0
1717	Q0	182836#37	0
1717	Q0	182836#15	0
1717	Q0	182836#52	0
1717	Q0	182836#44	0
1717	Q0	182836#38	0
1717	Q0	182836#21	0
1717	Q0	182836#2	0
1717	Q0	182836#3	0
1718	Q0	887481#6	1
1718	Q0	887481#0	1
1718	Q0	887481#23	1
1718	Q0	887481#22	0
1718	Q0	887481#9	0
1718	Q0	2105069#0	0
1718	Q0	887481#7	0
1718	Q0	2932585#0	0
1718	Q0	887481#24	0
1718	Q0	887481#4	0
1719	Q0	112569#18	1
1719	Q0	112569#17	1
1719	Q0	112569#42	0
1719	Q0	112569#8	0
1719	Q0	112569#25	0
1719	Q0	112569#19	0
1719	Q0	112569#41	0
1719	Q0	112569#33	0
1719	Q0	19870#31	0
1719	Q0	112569#10	0
1719	Q0	112569#27	0
1720	Q0	533041#2	1
1720	Q0	161745#4	1
1720	Q0	3058#17	0
1720	Q0	533041#18	0
1720	Q0	2734281#98	0
1720	Q0	765071#31	0
1720	Q0	2062955#5	0
1720	Q0	2734281#80	0
1720	Q0	765071#50	0
1720	Q0	2039963#44	0
1722	Q0	23088#1	1
1722	Q0	3502779#3	1
1722	Q0	173451#13	1
1722	Q0	4434#4	1
1722	Q0	4434#1	0
1722	Q0	116748#6	0
1722	Q0	10665#10	0
1722	Q0	586589#6	0
1722	Q0	1406290#4	0
1722	Q0	3502779#1	0
1722	Q0	4434#3	0
1723	Q0	267393#4	1
1723	Q0	267393#0	0
1723	Q0	267393#15	0
1723	Q0	267393#45	0
1723	Q0	496437#0	0
1723	Q0	267393#16	0
1723	Q0	444664#7	0
1723	Q0	1104339#1	0
1723	Q0	959941#1	0
1723	Q0	3835413#0	0
1724	Q0	2269708#4	1
1724	Q0	2269708#0	0
1724	Q0	2269708#3	0
1724	Q0	3357595#2	0
1724	Q0	65417#2	0
1724	Q0	1554483#2	0
1724	Q0	3283677#1	0
1724	Q0	2269708#5	0
1724	Q0	80979#51	0
1724	Q0	1554483#1	0
1726	Q0	2914593#5	1
1726	Q0	2914593#29	1
1726	Q0	2914593#6	0
1726	Q0	2914593#7	0
1726	Q0	3004505#14	0
1726	Q0	2914593#32	0
1726	Q0	1252329#2	0
1726	Q0	2914593#49	0
1726	Q0	3756025#2	0
1726	Q0	2914593#30	0
1728	Q0	2039173#1	1
1728	Q0	2004278#2	1
1728	Q0	2039173#2	1
1728	Q0	198047#1	1
1728	Q0	77351#1	0
1728	Q0	1449667#2	0
1728	Q0	77351#2	0
1728	Q0	362259#3	0
1728	Q0	2711129#6	0
1728	Q0	362259#1	0
1729	Q0	96990#1	1
1729	Q0	96990#2	1
1729	Q0	96990#9	0
1729	Q0	96990#0	0
1729	Q0	1106598#1	0
1729	Q0	96990#12	0
1729	Q0	96990#11	0
1729	Q0	12957#2	0
1729	Q0	1542#7	0
1729	Q0	96990#15	0
1730	Q0	79729#1	1
1730	Q0	79729#0	0
1730	Q0	79729#2	0
1730	Q0	79729#7	0
1730	Q0	79729#14	0
1730	Q0	79729#4	0
1730	Q0	79729#6	0
1730	Q0	2616447#10	0
1730	Q0	1813030#15	0
1730	Q0	2616447#9	0
1731	Q0	3672015#8	1
1731	Q0	3672015#2	1
1731	Q0	3672015#35	0
1731	Q0	3672015#36	0
1731	Q0	3672015#7	0
1731	Q0	3672015#17	0
1731	Q0	3672015#1	0
1731	Q0	3672015#5	0
1731	Q0	3672015#3	0
1731	Q0	3672015#27	0
1732	Q0	574204#15	1
1732	Q0	161#7	1
1732	Q0	574204#8	0
1732	Q0	574204#13	0
1732	Q0	574204#21	0
1732	Q0	712232#23	0
1732	Q0	574204#18	0
1732	Q0	574204#24	0
1732	Q0	574204#17	0
1732	Q0	574204#10	0
1732	Q0	85827#4	0
1733	Q0	36216#21	1
1733	Q0	36216#22	0
1733	Q0	518576#7	0
1733	Q0	36216#24	0
1733	Q0	36216#23	0
1733	Q0	1881779#9	0
1733	Q0	73540#5	0
1733	Q0	36258#4	0
1733	Q0	73523#0	0
1733	Q0	2077985#1	0
1734	Q0	282476#0	1
1734	Q0	19484#6	0
1734	Q0	165498#7	0
1734	Q0	842687#3	0
1734	Q0	3921#15	0
1734	Q0	1234204#5	0
1734	Q0	815#10	0
1734	Q0	3400281#4	0
1734	Q0	19484#7	0
1734	Q0	2996700#1	0
1735	Q0	1650100#0	1
1735	Q0	1650100#27	0
1735	Q0	1650100#39	0
1735	Q0	1650100#24	0
1735	Q0	1650100#54	0
1735	Q0	1650100#8	0
1735	Q0	1650100#3	0
1735	Q0	1650100#31	0
1735	Q0	1650100#6	0
1735	Q0	1007240#5	0
1736	Q0	561#2	1
1736	Q0	561#0	0
1736	Q0	3142203#3	0
1736	Q0	344863#24	0
1736	Q0	2155658#2	0
1736	Q0	373724#11	0
1736	Q0	376203#1	0
1736	Q0	376203#0	0
1736	Q0	1094648#0	0
1736	Q0	633002#4	0
1737	Q0	1362131#0	1
1737	Q0	1362131#12	1
1737	Q0	1362131#15	0
1737	Q0	1362131#14	0
1737	Q0	1362131#20	0
1737	Q0	1362131#4	0
1737	Q0	1362131#17	0
1737	Q0	512155#10	0
1737	Q0	1362131#21	0
1737	Q0	1362131#19	0
1737	Q0	1362131#24	0
1738	Q0	913235#4	1
1738	Q0	913235#22	0
1738	Q0	913235#0	0
1738	Q0	108719#27	0
1738	Q0	105505#23	0
1738	Q0	913235#25	0
1738	Q0	108719#73	0
1738	Q0	913235#23	0
1738	Q0	913235#5	0
1738	Q0	913235#38	0
1739	Q0	1758645#0	1
1739	Q0	1758645#1	0
1739	Q0	765861#1	0
1739	Q0	1656590#1	0
1739	Q0	2719275#1	0
1739	Q0	3552558#0	0
1739	Q0	365023#4	0
1739	Q0	1109358#0	0
1739	Q0	2721249#2	0
1739	Q0	2949971#1	0
1740	Q0	46307#2	1
1740	Q0	46307#4	0
1740	Q0	46307#7	0
1740	Q0	169922#6	0
1740	Q0	397176#3	0
1740	Q0	46307#0	0
1740	Q0	2372675#2	0
1740	Q0	2817771#2	0
1740	Q0	355546#1	0
1740	Q0	3814509#5	0
1741	Q0	29439#4	1
1741	Q0	3238002#2	1
1741	Q0	3238002#5	0
1741	Q0	29439#3	0
1741	Q0	29439#7	0
1741	Q0	625949#1	0
1741	Q0	3809744#7	0
1741	Q0	3238002#15	0
1741	Q0	3238002#6	0
1741	Q0	29439#8	0
1742	Q0	151282#3	1
1742	Q0	151282#6	1
1742	Q0	151282#7	1
1742	Q0	151282#37	0
1742	Q0	151282#13	0
1742	Q0	151282#0	0
1742	Q0	151282#9	0
1742	Q0	151282#36	0
1742	Q0	151282#16	0
1742	Q0	151282#2	0
1745	Q0	1659179#1	1
1745	Q0	1659179#0	0
1745	Q0	2385893#8	0
1745	Q0	142132#6	0
1745	Q0	1659179#8	0
1745	Q0	3380588#2	0
1745	Q0	2053153#12	0
1745	Q0	3049567#0	0
1745	Q0	2665593#8	0
1745	Q0	3670084#0	0
1748	Q0	542233#11	1
1748	Q0	542233#10	1
1748	Q0	255562#26	1
1748	Q0	542233#20	1
1748	Q0	156188#21	1
1748	Q0	1836803#5	1
1748	Q0	1916174#19	0
1748	Q0	105693#5	0
1748	Q0	542233#12	0
1748	Q0	156188#28	0
1749	Q0	78896#5	1
1749	Q0	857000#35	0
1749	Q0	857000#38	0
1749	Q0	857000#20	0
1749	Q0	857000#14	0
1749	Q0	857000#39	0
1749	Q0	78896#13	0
1749	Q0	857000#17	0
1749	Q0	84340#14	0
1749	Q0	857000#24	0
1750	Q0	68388#0	1
1750	Q0	68388#3	0
1750	Q0	68388#35	0
1750	Q0	68388#33	0
1750	Q0	68388#29	0
1750	Q0	76523#52	0
1750	Q0	68388#28	0
1750	Q0	76523#25	0
1750	Q0	76523#33	0
1750	Q0	454489#3	0
1752	Q0	1608849#0	1
1752	Q0	57767#4	0
1752	Q0	3215119#17	0
1752	Q0	1103467#21	0
1752	Q0	1441803#1	0
1752	Q0	1280362#0	0
1752	Q0	3081459#1	0
1752	Q0	57767#81	0
1752	Q0	1942823#6	0
1752	Q0	1497360#40	0
1754	Q0	1262159#1	1
1754	Q0	166035#0	0
1754	Q0	107263#0	0
1754	Q0	890561#0	0
1754	Q0	2515893#0	0
1754	Q0	432680#16	0
1754	Q0	502786#3	0
1754	Q0	502786#18	0
1754	Q0	1888715#0	0
1754	Q0	502786#2	0
1755	Q0	1871043#1	1
1755	Q0	61815#5	1
1755	Q0	2222571#18	1
1755	Q0	4900#0	1
1755	Q0	926859#1	1
1755	Q0	1342#34	0
1755	Q0	468905#7	0
1755	Q0	4900#4	0
1755	Q0	4900#3	0
1755	Q0	4900#40	0
1755	Q0	1342#0	0
1755	Q0	1342#26	0
1756	Q0	183525#0	1
1756	Q0	1455589#0	1
1756	Q0	211261#0	1
1756	Q0	1544791#9	1
1756	Q0	1282167#0	1
1756	Q0	2417487#0	1
1756	Q0	1607781#1	1
1756	Q0	211261#12	0
1756	Q0	2860#0	0
1756	Q0	3566255#0	0
1757	Q0	278266#0	1
1757	Q0	437681#0	1
1757	Q0	1690515#0	0
1757	Q0	449720#0	0
1757	Q0	3366361#0	0
1757	Q0	222522#0	0
1757	Q0	3073142#0	0
1757	Q0	464243#0	0
1757	Q0	2089248#0	0
1757	Q0	3300036#0	0
1759	Q0	29883#0	1
1759	Q0	29883#3	0
1759	Q0	1678998#4	0
1759	Q0	29883#5	0
1759	Q0	29883#4	0
1759	Q0	554880#16	0
1759	Q0	556122#1	0
1759	Q0	2308016#9	0
1759	Q0	1678998#5	0
1759	Q0	29883#13	0
1760	Q0	26800#6	1
1760	Q0	26800#82	0
1760	Q0	752474#2	0
1760	Q0	26800#5	0
1760	Q0	26800#7	0
1760	Q0	919142#0	0
1760	Q0	26800#11	0
1760	Q0	116345#1	0
1760	Q0	170927#6	0
1760	Q0	26800#10	0
1761	Q0	402263#3	1
1761	Q0	765071#16	1
1761	Q0	536026#5	0
1761	Q0	510795#2	0
1761	Q0	268263#1	0
1761	Q0	536026#1	0
1761	Q0	765071#37	0
1761	Q0	7951#52	0
1761	Q0	264976#5	0
1761	Q0	3631042#1	0
1761	Q0	245190#1	0
1762	Q0	177503#2	1
1762	Q0	177503#6	0
1762	Q0	177503#7	0
1762	Q0	177503#0	0
1762	Q0	177503#3	0
1762	Q0	3354397#0	0
1762	Q0	106891#6	0
1762	Q0	106891#3	0
1762	Q0	2769616#15	0
1762	Q0	177503#1	0
1763	Q0	2812727#3	1
1763	Q0	2812727#5	0
1763	Q0	1177412#7	0
1763	Q0	2812727#0	0
1763	Q0	2812727#13	0
1763	Q0	604621#3	0
1763	Q0	2812727#17	0
1763	Q0	2812727#15	0
1763	Q0	216388#7	0
1763	Q0	2415263#0	0
1764	Q0	689702#5	1
1764	Q0	46384#10	1
1764	Q0	590181#9	0
1764	Q0	721151#1	0
1764	Q0	46384#21	0
1764	Q0	185574#3	0
1764	Q0	1801440#0	0
1764	Q0	499781#12	0
1764	Q0	46384#38	0
1764	Q0	211463#58	0
1764	Q0	313856#14	0
1765	Q0	1520078#0	1
1765	Q0	1520078#1	1
1765	Q0	3830578#1	0
1765	Q0	407591#5	0
1765	Q0	279713#1	0
1765	Q0	2680878#1	0
1765	Q0	2040930#4	0
1765	Q0	762029#1	0
1765	Q0	3070676#1	0
1765	Q0	489275#1	0
1765	Q0	2228282#1	0
1767	Q0	218587#3	1
1767	Q0	218587#41	0
1767	Q0	218587#58	0
1767	Q0	218587#8	0
1767	Q0	965492#3	0
1767	Q0	218587#7	0
1767	Q0	218587#33	0
1767	Q0	218587#54	0
1767	Q0	218587#27	0
1767	Q0	218587#46	0
1767	Q0	218587#2	0
1768	Q0	314384#1	1
1768	Q0	314384#23	0
1768	Q0	314384#0	0
1768	Q0	314384#24	0
1768	Q0	314384#22	0
1768	Q0	1494165#1	0
1768	Q0	314384#5	0
1768	Q0	646831#3	0
1768	Q0	314384#8	0
1768	Q0	314384#6	0
1770	Q0	272971#2	1
1770	Q0	1365952#2	0
1770	Q0	1948267#2	0
1770	Q0	840729#4	0
1770	Q0	1948267#17	0
1770	Q0	2777625#46	0
1770	Q0	76873#80	0
1770	Q0	2779249#4	0
1770	Q0	76873#60	0
1770	Q0	12306#10	0
1770	Q0	840729#3	0
1771	Q0	8636#13	1
1771	Q0	8636#8	0
1771	Q0	1948245#1	0
1771	Q0	8636#15	0
1771	Q0	8636#10	0
1771	Q0	111540#2	0
1771	Q0	200013#9	0
1771	Q0	3024498#25	0
1771	Q0	2854725#2	0
1771	Q0	1730997#8	0
1772	Q0	3070807#9	1
1772	Q0	3070807#0	0
1772	Q0	3070807#29	0
1772	Q0	3070807#85	0
1772	Q0	3070807#1	0
1772	Q0	3070807#74	0
1772	Q0	3070807#62	0
1772	Q0	3070807#71	0
1772	Q0	3070807#26	0
1772	Q0	3070807#73	0
1772	Q0	3070807#56	0
1773	Q0	1101399#72	1
1773	Q0	1101399#90	1
1773	Q0	1101399#2	1
1773	Q0	1101399#0	0
1773	Q0	1101399#49	0
1773	Q0	1101399#53	0
1773	Q0	1101399#17	0
1773	Q0	1101399#16	0
1773	Q0	1101399#7	0
1773	Q0	1101399#71	0
1773	Q0	1100366#65	0
1774	Q0	843040#2	1
1774	Q0	843040#0	0
1774	Q0	843040#1	0
1774	Q0	171924#0	0
1774	Q0	171924#1	0
1774	Q0	3269146#1	0
1774	Q0	1308008#0	0
1774	Q0	843040#18	0
1774	Q0	843040#3	0
1774	Q0	69086#1	0
1774	Q0	3653747#11	0
1774	Q0	843040#5	0
1774	Q0	843040#6	0
1775	Q0	2616027#1	1
1775	Q0	2616027#0	1
1775	Q0	2616027#6	0
1775	Q0	2616027#9	0
1775	Q0	144741#1	0
1775	Q0	847250#2	0
1775	Q0	2616027#5	0
1775	Q0	3522918#0	0
1775	Q0	2616027#3	0
1775	Q0	2616027#4	0
1776	Q0	488741#2	1
1776	Q0	488741#7	1
1776	Q0	488741#10	1
1776	Q0	488741#0	0
1776	Q0	488741#5	0
1776	Q0	488741#8	0
1776	Q0	488741#1	0
1776	Q0	488741#15	0
1776	Q0	488741#14	0
1776	Q0	488741#3	0
1777	Q0	788438#2	1
1777	Q0	788438#1	0
1777	Q0	2313100#1	0
1777	Q0	3122739#0	0
1777	Q0	788438#7	0
1777	Q0	788438#0	0
1777	Q0	192261#2	0
1777	Q0	932125#1	0
1777	Q0	10194#2	0
1777	Q0	61637#1	0
1780	Q0	2594209#3	1
1780	Q0	348000#0	0
1780	Q0	912974#1	0
1780	Q0	558970#0	0
1780	Q0	2594209#2	0
1780	Q0	789472#0	0
1780	Q0	2594209#16	0
1780	Q0	2594209#12	0
1780	Q0	2265277#1	0
1780	Q0	2594209#0	0
1782	Q0	547381#13	1
1782	Q0	212057#1	1
1782	Q0	547381#14	0
1782	Q0	547381#16	0
1782	Q0	556606#5	0
1782	Q0	750282#149	0
1782	Q0	63665#4	0
1782	Q0	3958#22	0
1782	Q0	380585#2	0
1782	Q0	547381#35	0
1782	Q0	547381#12	0
1783	Q0	151711#2	1
1783	Q0	252474#42	1
1783	Q0	252474#0	1
1783	Q0	3707274#0	0
1783	Q0	252474#17	0
1783	Q0	252474#6	0
1783	Q0	252474#38	0
1783	Q0	252474#13	0
1783	Q0	3707274#7	0
1783	Q0	252474#36	0
1784	Q0	144964#47	1
1784	Q0	1439188#1	1
1784	Q0	3204852#3	0
1784	Q0	254427#2	0
1784	Q0	23852#46	0
1784	Q0	23852#65	0
1784	Q0	2728391#9	0
1784	Q0	3783778#8	0
1784	Q0	20959#15	0
1784	Q0	142841#4	0
1785	Q0	2621790#9	1
1785	Q0	3185013#3	1
1785	Q0	3184928#4	1
1785	Q0	3186935#5	1
1785	Q0	264613#4	1
1785	Q0	264613#28	0
1785	Q0	2621790#14	0
1785	Q0	2621790#32	0
1785	Q0	1936711#0	0
1785	Q0	264613#2	0
1785	Q0	264613#3	0
1786	Q0	403503#0	1
1786	Q0	26026#0	1
1786	Q0	7723#25	1
1786	Q0	26026#2	0
1786	Q0	3058818#16	0
1786	Q0	52672#0	0
1786	Q0	1632489#3	0
1786	Q0	7723#27	0
1786	Q0	3607883#0	0
1786	Q0	7723#0	0
1787	Q0	1941522#13	1
1787	Q0	1948267#0	0
1787	Q0	1948267#3	0
1787	Q0	1948267#22	0
1787	Q0	1948267#2	0
1787	Q0	2779249#6	0
1787	Q0	1948267#17	0
1787	Q0	1948267#15	0
1787	Q0	3224430#2	0
1787	Q0	8798#53	0
1788	Q0	2914092#3	1
1788	Q0	85259#13	1
1788	Q0	56779#11	1
1788	Q0	56779#10	0
1788	Q0	1730871#5	0
1788	Q0	492626#3	0
1788	Q0	56779#12	0
1788	Q0	2914092#4	0
1788	Q0	1740722#0	0
1788	Q0	345323#8	0
1791	Q0	46772#0	1
1791	Q0	46772#2	0
1791	Q0	926765#28	0
1791	Q0	8424#11	0
1791	Q0	2285488#11	0
1791	Q0	8854#40	0
1791	Q0	1177094#5	0
1791	Q0	46772#3	0
1791	Q0	3011575#14	0
1791	Q0	1974854#42	0
1792	Q0	62731#0	1
1792	Q0	1309815#6	0
1792	Q0	1531082#3	0
1792	Q0	2832042#118	0
1792	Q0	2825344#87	0
1792	Q0	174906#1	0
1792	Q0	505836#6	0
1792	Q0	3646186#4	0
1792	Q0	673581#4	0
1792	Q0	1927197#3	0
1792	Q0	817146#0	0
1794	Q0	196297#2	1
1794	Q0	193263#0	1
1794	Q0	8435#60	1
1794	Q0	3561770#5	1
1794	Q0	1736755#0	0
1794	Q0	1792382#0	0
1794	Q0	2980571#0	0
1794	Q0	183859#3	0
1794	Q0	2002202#0	0
1794	Q0	196297#1	0
1796	Q0	1032251#5	1
1796	Q0	2288597#0	1
1796	Q0	12780#25	1
1796	Q0	2652#0	1
1796	Q0	436742#3	0
1796	Q0	436742#18	0
1796	Q0	3888668#32	0
1796	Q0	138209#6	0
1796	Q0	3764018#61	0
1796	Q0	1645749#0	0
1796	Q0	650915#23	0
1797	Q0	1389237#0	1
1797	Q0	83465#0	1
1797	Q0	83465#1	0
1797	Q0	1988169#1	0
1797	Q0	2538804#0	0
1797	Q0	83465#5	0
1797	Q0	83465#2	0
1797	Q0	83465#47	0
1797	Q0	590465#0	0
1797	Q0	83465#29	0
1798	Q0	6975#0	1
1798	Q0	6975#23	1
1798	Q0	1895653#0	1
1798	Q0	1808376#0	1
1798	Q0	1373637#1	1
1798	Q0	173330#1	0
1798	Q0	2804490#0	0
1798	Q0	6975#4	0
1798	Q0	933271#0	0
1798	Q0	6975#7	0
1799	Q0	414862#0	1
1799	Q0	382006#21	1
1799	Q0	1971297#17	1
1799	Q0	907180#94	1
1799	Q0	120197#7	1
1799	Q0	382006#50	1
1799	Q0	414862#3	0
1799	Q0	1904949#0	0
1799	Q0	382006#59	0
1799	Q0	414862#4	0
1801	Q0	1326102#2	1
1801	Q0	1326102#3	1
1801	Q0	1326102#0	0
1801	Q0	1326102#4	0
1801	Q0	1326102#19	0
1801	Q0	1326102#1	0
1801	Q0	1326102#6	0
1801	Q0	721653#0	0
1801	Q0	1326102#7	0
1801	Q0	1326102#18	0
1803	Q0	3394273#29	1
1803	Q0	3394273#43	1
1803	Q0	3394273#31	1
1803	Q0	3394273#3	1
1803	Q0	3394273#27	0
1803	Q0	3394273#47	0
1803	Q0	3394273#2	0
1803	Q0	3394273#32	0
1803	Q0	3394273#8	0
1803	Q0	3394273#13	0
1804	Q0	1630893#0	1
1804	Q0	1630893#15	0
1804	Q0	1630893#5	0
1804	Q0	1630893#31	0
1804	Q0	1630893#34	0
1804	Q0	1630893#18	0
1804	Q0	1630893#16	0
1804	Q0	1630893#19	0
1804	Q0	1630893#29	0
1804	Q0	1630893#17	0
1805	Q0	2012#2	1
1805	Q0	2439909#1	0
1805	Q0	1335294#5	0
1805	Q0	1096045#1	0
1805	Q0	951024#0	0
1805	Q0	1096045#18	0
1805	Q0	396277#0	0
1805	Q0	174071#1	0
1805	Q0	2021908#1	0
1805	Q0	1491912#0	0
1807	Q0	103896#3	1
1807	Q0	1622041#0	0
1807	Q0	1594381#24	0
1807	Q0	849965#18	0
1807	Q0	2528300#8	0
1807	Q0	115350#1	0
1807	Q0	111367#14	0
1807	Q0	114715#2	0
1807	Q0	877398#1	0
1807	Q0	111367#9	0
1807	Q0	64169#4	0
1808	Q0	1308#0	1
1809	Q0	309208#1	1
1810	Q0	76854#1	1
1811	Q0	117699#9	1
1812	Q0	2471#1	1
1814	Q0	378155#0	1
1816	Q0	102871#0	1
1817	Q0	211609#0	1
1824	Q0	534006#8	1
1825	Q0	160584#0	1
1827	Q0	201669#1	1
1827	Q0	201669#0	0
1828	Q0	16992#0	1
1830	Q0	7951#8	1
1831	Q0	515954#7	1
1833	Q0	243243#2	1
1834	Q0	1041#1	1
1835	Q0	21145#2	1
1836	Q0	1249205#1	1
1837	Q0	1118518#3	1
1838	Q0	18551#0	1
1840	Q0	2144348#0	1
1840	Q0	2144348#3	0
1841	Q0	2316169#7	1
1842	Q0	27255#11	1
1843	Q0	103933#5	1
1846	Q0	101995#0	1
1847	Q0	607790#3	1
1851	Q0	63614#0	1
1853	Q0	55390#2	1
1854	Q0	384020#4	1
1855	Q0	1527439#2	1
1856	Q0	26811#3	1
1858	Q0	2926616#0	1
1863	Q0	958578#0	1
1863	Q0	958578#13	1
1863	Q0	958578#2	0
1864	Q0	1263410#0	1
1865	Q0	152172#3	1
1866	Q0	2217747#4	1
1868	Q0	48994#1	1
1868	Q0	48994#82	0
1869	Q0	232499#2	1
1871	Q0	162457#0	1
1874	Q0	3548578#9	1
1875	Q0	640617#20	1
1876	Q0	105999#1	1
1877	Q0	3720891#0	1
1878	Q0	3032180#3	1
1879	Q0	1581400#24	1
1883	Q0	3076314#8	1
1884	Q0	173300#2	1
1886	Q0	156419#6	1
1887	Q0	1698838#3	1
1889	Q0	6557#0	1
1889	Q0	6557#3	1
1892	Q0	3240576#1	1
1893	Q0	146782#0	1
1894	Q0	3459136#20	1
1896	Q0	58814#0	1
1897	Q0	115743#1	1
1899	Q0	1849029#36	1
1899	Q0	5230#4	1
1899	Q0	664463#0	1
1899	Q0	1592476#64	0
1899	Q0	5230#9	0
1899	Q0	1849029#37	0
1899	Q0	1849029#41	0
1899	Q0	1592476#49	0
1899	Q0	3894#1	0
1899	Q0	1849029#24	0
1899	Q0	74718#14	0
1900	Q0	3268299#6	1
1900	Q0	3268299#0	1
1900	Q0	3268299#7	0
1900	Q0	1704352#24	0
1900	Q0	1870139#20	0
1900	Q0	3268299#5	0
1900	Q0	1870139#22	0
1900	Q0	3554897#0	0
1900	Q0	3268299#8	0
1900	Q0	1870139#2	0
1901	Q0	5331#101	1
1901	Q0	2473709#5	0
1901	Q0	2473709#2	0
1901	Q0	735270#9	0
1901	Q0	2473709#40	0
1901	Q0	161363#40	0
1901	Q0	1482820#4	0
1901	Q0	5331#183	0
1901	Q0	2473709#4	0
1901	Q0	2473709#55	0
1904	Q0	2637814#0	1
1904	Q0	1596961#0	0
1904	Q0	740124#1	0
1904	Q0	9422#2	0
1904	Q0	2637790#0	0
1904	Q0	2637790#3	0
1904	Q0	2637814#4	0
1904	Q0	2063101#1	0
1904	Q0	2637814#3	0
1904	Q0	201780#7	0
1906	Q0	128468#0	1
1906	Q0	561261#0	1
1906	Q0	561261#1	1
1906	Q0	128468#8	0
1906	Q0	475118#6	0
1906	Q0	969912#0	0
1906	Q0	3241591#2	0
1906	Q0	2046500#1	0
1906	Q0	26726#2	0
1906	Q0	231299#1	0
1906	Q0	561261#24	0
1906	Q0	2072156#1	0
1908	Q0	287320#0	1
1908	Q0	287320#8	0
1908	Q0	287320#2	0
1908	Q0	682662#0	0
1908	Q0	506444#1	0
1908	Q0	338164#0	0
1908	Q0	631825#0	0
1908	Q0	520649#1	0
1908	Q0	2788782#0	0
1908	Q0	520649#0	0
1909	Q0	2737027#3	1
1909	Q0	3800842#2	0
1909	Q0	2737027#0	0
1909	Q0	1586822#10	0
1909	Q0	3083635#2	0
1909	Q0	3800842#1	0
1909	Q0	2737027#4	0
1909	Q0	2737027#30	0
1909	Q0	2737027#29	0
1909	Q0	2737027#8	0
1911	Q0	31315#10	1
1911	Q0	3837#6	1
1911	Q0	8992#53	0
1911	Q0	2518455#5	0
1911	Q0	3837#39	0
1911	Q0	3803947#16	0
1911	Q0	7800#36	0
1911	Q0	586589#46	0
1911	Q0	3837#75	0
1911	Q0	2450#1	0
1912	Q0	856901#0	1
1912	Q0	856901#1	0
1912	Q0	327348#2	0
1912	Q0	327348#0	0
1912	Q0	3333429#1	0
1912	Q0	456878#0	0
1912	Q0	246049#3	0
1912	Q0	856901#29	0
1912	Q0	3896721#1	0
1912	Q0	2486654#3	0
1914	Q0	38447#0	1
1914	Q0	38447#1	0
1914	Q0	38447#7	0
1914	Q0	3116765#0	0
1914	Q0	3843530#0	0
1914	Q0	38447#8	0
1914	Q0	2246663#0	0
1914	Q0	38447#5	0
1914	Q0	38447#4	0
1914	Q0	345967#1	0
1915	Q0	430501#2	1
1915	Q0	174233#16	1
1915	Q0	174233#17	0
1915	Q0	174233#0	0
1915	Q0	2585859#0	0
1915	Q0	2585859#1	0
1915	Q0	174233#6	0
1915	Q0	174233#15	0
1915	Q0	174233#22	0
1915	Q0	174233#24	0
1917	Q0	3538#0	1
1917	Q0	2669571#91	1
1917	Q0	103209#18	0
1917	Q0	2256162#1	0
1917	Q0	6530#1	0
1917	Q0	103209#40	0
1917	Q0	282591#35	0
1917	Q0	103166#0	0
1917	Q0	1807959#2	0
1917	Q0	1042829#1	0
1919	Q0	318443#1	1
1919	Q0	1490352#0	1
1919	Q0	2697139#1	0
1919	Q0	1490352#1	0
1919	Q0	318443#0	0
1919	Q0	318443#4	0
1919	Q0	2697139#0	0
1919	Q0	1490352#13	0
1919	Q0	1490352#2	0
1919	Q0	318443#11	0
1920	Q0	1898682#3	1
1920	Q0	53733#2	0
1920	Q0	1628629#4	0
1920	Q0	2188147#20	0
1920	Q0	1643068#0	0
1920	Q0	1627759#0	0
1920	Q0	1898900#3	0
1920	Q0	41492#10	0
1920	Q0	1698859#34	0
1920	Q0	3701916#1	0
1921	Q0	7910#10	1
1921	Q0	7910#7	1
1921	Q0	7910#5	1
1921	Q0	1952628#0	0
1921	Q0	7910#31	0
1921	Q0	7910#43	0
1921	Q0	7910#45	0
1921	Q0	780536#6	0
1921	Q0	7910#41	0
1921	Q0	7910#61	0
1923	Q0	2208533#0	1
1923	Q0	471336#21	0
1923	Q0	2238162#106	0
1923	Q0	531328#3	0
1923	Q0	201517#6	0
1923	Q0	2416777#2	0
1923	Q0	471336#10	0
1923	Q0	3813539#9	0
1923	Q0	63865#12	0
1923	Q0	13162#146	0
1923	Q0	270046#10	0
1923	Q0	2208533#14	0
1923	Q0	2208533#59	0
1923	Q0	2208533#16	0
1923	Q0	2208533#55	0
1924	Q0	476759#1	1
1924	Q0	476759#0	1
1924	Q0	67569#13	0
1924	Q0	1225352#30	0
1924	Q0	998555#1	0
1924	Q0	1235696#1	0
1924	Q0	383965#6	0
1924	Q0	2689373#1	0
1924	Q0	197503#8	0
1924	Q0	2762287#73	0
1924	Q0	224384#3	0
1925	Q0	1970816#0	1
1925	Q0	1970816#3	0
1925	Q0	1970816#8	0
1925	Q0	1970816#5	0
1925	Q0	1970816#9	0
1925	Q0	1970816#7	0
1925	Q0	1970816#14	0
1925	Q0	1970816#15	0
1925	Q0	1970816#12	0
1925	Q0	1970816#11	0
1926	Q0	2364#2	1
1926	Q0	2888395#0	1
1926	Q0	907176#7	0
1926	Q0	1489#5	0
1926	Q0	738688#5	0
1926	Q0	1744013#1	0
1926	Q0	1323896#10	0
1926	Q0	864924#3	0
1926	Q0	1688022#0	0
1926	Q0	2834822#3	0
1928	Q0	2084285#83	1
1928	Q0	1879433#0	1
1928	Q0	14171#0	1
1928	Q0	309220#0	1
1928	Q0	288950#33	0
1928	Q0	3453#3	0
1928	Q0	1941090#21	0
1928	Q0	1941090#46	0
1928	Q0	1369938#10	0
1928	Q0	6713#2	0
1928	Q0	1879433#56	0
1929	Q0	156419#0	1
1929	Q0	156419#18	0
1929	Q0	156419#16	0
1929	Q0	156419#20	0
1929	Q0	3255549#24	0
1929	Q0	3627355#3	0
1929	Q0	156419#19	0
1929	Q0	3726137#1	0
1929	Q0	2478113#2	0
1929	Q0	100931#11	0
1929	Q0	2478113#0	0
1931	Q0	820727#0	1
1931	Q0	820727#1	1
1931	Q0	19072#46	0
1931	Q0	19072#51	0
1931	Q0	2072745#1	0
1931	Q0	2996714#21	0
1931	Q0	820727#9	0
1931	Q0	19072#47	0
1931	Q0	923194#18	0
1931	Q0	820727#8	0
1932	Q0	1812761#5	1
1932	Q0	1812761#68	0
1932	Q0	1812761#61	0
1932	Q0	1812761#64	0
1932	Q0	1812761#0	0
1932	Q0	1812761#70	0
1932	Q0	1812761#69	0
1932	Q0	1812761#4	0
1932	Q0	1812761#18	0
1932	Q0	1812761#6	0
1933	Q0	6833#6	1
1933	Q0	6833#175	1
1933	Q0	6833#0	1
1933	Q0	570783#4	0
1933	Q0	6833#79	0
1933	Q0	71821#2	0
1933	Q0	282591#20	0
1933	Q0	8617#6	0
1933	Q0	2669571#82	0
1933	Q0	8582#32	0
1933	Q0	6833#81	0
1935	Q0	68317#12	1
1935	Q0	68317#1	1
1935	Q0	599709#3	0
1935	Q0	239592#3	0
1935	Q0	3372790#4	0
1935	Q0	197439#6	0
1935	Q0	327761#12	0
1935	Q0	68317#2	0
1935	Q0	77987#9	0
1935	Q0	554053#1	0
1937	Q0	3340688#1	1
1937	Q0	1508230#5	0
1937	Q0	913327#0	0
1937	Q0	2168276#0	0
1937	Q0	1169489#0	0
1937	Q0	3279931#0	0
1937	Q0	301782#0	0
1937	Q0	1802142#0	0
1937	Q0	143178#0	0
1937	Q0	3557926#0	0
1937	Q0	67294#0	0
1938	Q0	170477#2	1
1938	Q0	455868#2	1
1938	Q0	170477#0	0
1938	Q0	40418#9	0
1938	Q0	53946#9	0
1938	Q0	592008#2	0
1938	Q0	30969#6	0
1938	Q0	170477#16	0
1938	Q0	98574#5	0
1938	Q0	170477#1	0
1939	Q0	272130#0	1
1939	Q0	1100366#0	1
1939	Q0	1100366#5	0
1939	Q0	387#21	0
1939	Q0	268090#0	0
1939	Q0	1116484#1	0
1939	Q0	203893#3	0
1939	Q0	2302476#4	0
1939	Q0	13461#17	0
1939	Q0	71524#4	0
1940	Q0	3871688#4	1
1940	Q0	845653#3	0
1940	Q0	3871688#3	0
1940	Q0	845653#6	0
1940	Q0	3345991#1	0
1940	Q0	845653#5	0
1940	Q0	3871688#22	0
1940	Q0	845653#1	0
1940	Q0	3798458#3	0
1940	Q0	867817#1	0
1942	Q0	2446201#3	1
1942	Q0	61891#12	1
1942	Q0	53133#6	1
1942	Q0	53125#5	1
1942	Q0	2132452#3	1
1942	Q0	61891#14	0
1942	Q0	2132452#6	0
1942	Q0	2446201#11	0
1942	Q0	935645#12	0
1942	Q0	753874#5	0
1942	Q0	2362#0	0
1943	Q0	312418#1	1
1943	Q0	145033#9	1
1943	Q0	60677#0	0
1943	Q0	145033#0	0
1943	Q0	517120#1	0
1943	Q0	56619#12	0
1943	Q0	2731573#3	0
1943	Q0	1971325#1	0
1943	Q0	312418#2	0
1943	Q0	2731573#2	0
1943	Q0	312418#0	0
1944	Q0	842293#0	1
1944	Q0	842293#4	1
1944	Q0	1351152#25	0
1944	Q0	3255549#4	0
1944	Q0	446843#9	0
1944	Q0	738114#3	0
1944	Q0	2573652#14	0
1944	Q0	887996#243	0
1944	Q0	564131#12	0
1944	Q0	1371610#0	0
1946	Q0	19352#1	1
1946	Q0	19352#0	0
1946	Q0	19352#5	0
1946	Q0	40659#8	0
1946	Q0	19352#3	0
1946	Q0	1784529#2	0
1946	Q0	436544#1	0
1946	Q0	3589652#26	0
1946	Q0	19352#2	0
1946	Q0	3589652#1	0
1947	Q0	1527439#2	1
1947	Q0	1836360#1	0
1947	Q0	66232#7	0
1947	Q0	1473653#2	0
1947	Q0	1527439#11	0
1947	Q0	1511417#1	0
1947	Q0	1527439#17	0
1947	Q0	1473653#0	0
1947	Q0	1527439#10	0
1947	Q0	1475800#1	0
1948	Q0	712541#0	1
1948	Q0	279861#1	1
1948	Q0	159474#7	1
1948	Q0	8090#0	1
1948	Q0	73299#42	0
1948	Q0	73299#10	0
1948	Q0	73299#55	0
1948	Q0	208744#1	0
1948	Q0	814506#4	0
1948	Q0	73299#58	0
1948	Q0	8090#25	0
1948	Q0	8090#23	0
1950	Q0	1388146#0	1
1950	Q0	76614#24	1
1950	Q0	1473511#4	0
1950	Q0	3087688#2	0
1950	Q0	807100#0	0
1950	Q0	1473511#3	0
1950	Q0	346154#15	0
1950	Q0	1473511#0	0
1950	Q0	2831099#17	0
1950	Q0	807100#20	0
1950	Q0	807100#19	0
1951	Q0	1607538#1	1
1951	Q0	1607538#4	0
1951	Q0	1607538#2	0
1951	Q0	1607538#3	0
1951	Q0	1596475#0	0
1951	Q0	3138024#5	0
1951	Q0	3322632#4	0
1951	Q0	373235#18	0
1951	Q0	2609324#4	0
1951	Q0	996085#1	0
1952	Q0	507175#70	1
1952	Q0	517973#3	1
1952	Q0	2956845#2	1
1952	Q0	3143824#0	0
1952	Q0	3143824#3	0
1952	Q0	517973#10	0
1952	Q0	517973#5	0
1952	Q0	33798#5	0
1952	Q0	3090423#7	0
1952	Q0	1380515#5	0
1953	Q0	6751#0	1
1953	Q0	21026#2	0
1953	Q0	26133#0	0
1953	Q0	21026#4	0
1953	Q0	306254#35	0
1953	Q0	21026#5	0
1953	Q0	1429803#7	0
1953	Q0	505562#0	0
1953	Q0	2416739#6	0
1953	Q0	26133#8	0
1954	Q0	1456546#4	1
1954	Q0	299308#9	1
1954	Q0	133880#17	1
1954	Q0	2263818#7	1
1954	Q0	344337#34	0
1954	Q0	336582#6	0
1954	Q0	1287270#11	0
1954	Q0	344337#23	0
1954	Q0	20373#7	0
1954	Q0	344337#53	0
1954	Q0	20373#1	0
1955	Q0	2825496#5	1
1955	Q0	2825496#0	0
1955	Q0	2825496#9	0
1955	Q0	1742541#1	0
1955	Q0	2596632#14	0
1955	Q0	3533073#7	0
1955	Q0	2825496#12	0
1955	Q0	2825496#11	0
1955	Q0	139240#18	0
1955	Q0	20185#30	0
1956	Q0	1031553#0	1
1956	Q0	1067275#8	0
1956	Q0	2366011#2	0
1956	Q0	1031553#1	0
1956	Q0	1040877#0	0
1956	Q0	1031984#0	0
1956	Q0	953515#0	0
1956	Q0	1079813#0	0
1956	Q0	55513#29	0
1956	Q0	1083466#0	0
1958	Q0	721400#1	1
1958	Q0	721400#2	1
1958	Q0	1699336#1	0
1958	Q0	721400#0	0
1958	Q0	721400#13	0
1958	Q0	721400#5	0
1958	Q0	721400#6	0
1958	Q0	721400#3	0
1958	Q0	3014011#9	0
1958	Q0	721400#10	0
1959	Q0	2555948#0	1
1959	Q0	921138#1	0
1959	Q0	2555948#1	0
1959	Q0	1790394#1	0
1959	Q0	2766713#3	0
1959	Q0	25572#12	0
1959	Q0	323505#4	0
1959	Q0	573671#9	0
1959	Q0	3006390#3	0
1959	Q0	1583222#1	0
1960	Q0	8659#2	1
1960	Q0	354762#3	1
1960	Q0	2299891#4	1
1960	Q0	3916#21	1
1960	Q0	59865#0	0
1960	Q0	724223#4	0
1960	Q0	1131611#7	0
1960	Q0	85510#12	0
1960	Q0	3916#19	0
1960	Q0	47036#13	0
1962	Q0	2885#6	1
1962	Q0	70083#3	0
1962	Q0	378981#7	0
1962	Q0	93653#5	0
1962	Q0	1392161#4	0
1962	Q0	2885#38	0
1962	Q0	2465705#0	0
1962	Q0	464950#45	0
1962	Q0	7391#15	0
1962	Q0	464950#51	0
1963	Q0	30497#0	1
1963	Q0	91346#5	1
1963	Q0	1243288#3	1
1963	Q0	773599#5	1
1963	Q0	30497#8	1
1963	Q0	30487#4	1
1963	Q0	487613#1	0
1963	Q0	83340#2	0
1963	Q0	91234#1	0
1963	Q0	424074#0	0
1964	Q0	2594088#4	1
1964	Q0	2594088#28	0
1964	Q0	2594088#0	0
1964	Q0	2594088#12	0
1964	Q0	1647234#1	0
1964	Q0	77245#15	0
1964	Q0	67712#1	0
1964	Q0	694629#2	0
1964	Q0	38238#5	0
1964	Q0	2757660#0	0
1966	Q0	651539#0	1
1966	Q0	252544#2	1
1966	Q0	45993#3	1
1966	Q0	2465143#1	1
1966	Q0	2009#1	1
1966	Q0	50611#0	0
1966	Q0	50611#16	0
1966	Q0	3791524#50	0
1966	Q0	715957#0	0
1966	Q0	674703#0	0
1966	Q0	1829220#0	0
1967	Q0	3401519#0	1
1967	Q0	3401519#9	0
1967	Q0	2331144#5	0
1967	Q0	2111296#0	0
1967	Q0	3417752#36	0
1967	Q0	2620866#0	0
1967	Q0	1139682#10	0
1967	Q0	2227902#3	0
1967	Q0	3718470#1	0
1967	Q0	2179387#1	0
1969	Q0	69724#1	1
1969	Q0	69724#0	0
1969	Q0	1867#2	0
1969	Q0	69724#3	0
1969	Q0	418871#3	0
1969	Q0	1054012#0	0
1969	Q0	1385#9	0
1969	Q0	384376#12	0
1969	Q0	2046584#2	0
1969	Q0	2227#1	0
1969	Q0	104543#14	0
1970	Q0	597079#8	1
1970	Q0	765107#1	1
1970	Q0	63921#0	1
1970	Q0	229066#0	0
1970	Q0	942939#8	0
1970	Q0	1656863#2	0
1970	Q0	765107#14	0
1970	Q0	19750#0	0
1970	Q0	554641#3	0
1970	Q0	2308678#4	0
1970	Q0	1163604#4	0
1972	Q0	1451262#12	1
1972	Q0	1451262#185	1
1972	Q0	1451262#0	1
1972	Q0	1048011#1	0
1972	Q0	861376#2	0
1972	Q0	1451262#139	0
1972	Q0	1451262#155	0
1972	Q0	866690#2	0
1972	Q0	2732173#1	0
1972	Q0	3326590#3	0
1972	Q0	1451262#47	0
1973	Q0	56042#0	1
1973	Q0	56042#7	0
1973	Q0	56042#25	0
1973	Q0	56042#24	0
1973	Q0	1153262#6	0
1973	Q0	36275#1	0
1973	Q0	393754#0	0
1973	Q0	3459000#0	0
1973	Q0	56401#1	0
1973	Q0	36275#0	0
1974	Q0	358790#0	1
1974	Q0	358790#1	0
1974	Q0	358790#7	0
1974	Q0	390073#2	0
1974	Q0	363828#16	0
1974	Q0	358790#3	0
1974	Q0	3308807#1	0
1974	Q0	358790#2	0
1974	Q0	277684#2	0
1974	Q0	1225865#1	0
1976	Q0	502005#0	1
1976	Q0	502005#17	0
1976	Q0	502005#12	0
1976	Q0	502005#15	0
1976	Q0	502005#7	0
1976	Q0	502005#6	0
1976	Q0	502005#4	0
1976	Q0	502005#14	0
1976	Q0	502005#9	0
1976	Q0	502005#16	0
1978	Q0	1329#3	1
1978	Q0	1698893#113	0
1978	Q0	1236724#84	0
1978	Q0	3084338#2	0
1978	Q0	3146559#1	0
1978	Q0	1917129#17	0
1978	Q0	3542707#2	0
1978	Q0	831568#1	0
1978	Q0	1329#63	0
1978	Q0	59332#27	0
1978	Q0	1360097#1	0
1979	Q0	687072#4	1
1979	Q0	1788453#2	0
1979	Q0	687072#0	0
1979	Q0	1060163#1	0
1979	Q0	1090110#1	0
1979	Q0	971799#1	0
1979	Q0	687072#7	0
1979	Q0	1120986#1	0
1979	Q0	1264413#1	0
1979	Q0	687072#8	0
1980	Q0	3125186#12	1
1980	Q0	3125186#27	0
1980	Q0	3125186#15	0
1980	Q0	3125186#19	0
1980	Q0	3125186#26	0
1980	Q0	3127071#5	0
1980	Q0	3125186#21	0
1980	Q0	3125186#2	0
1980	Q0	3125186#31	0
1980	Q0	2978850#2	0
1981	Q0	44338#0	1
1981	Q0	31306#1	0
1981	Q0	791340#0	0
1981	Q0	3752638#1	0
1981	Q0	2534694#0	0
1981	Q0	2818231#1	0
1981	Q0	802377#1	0
1981	Q0	1368204#0	0
1981	Q0	167984#2	0
1981	Q0	3792952#5	0
1984	Q0	108679#43	1
1984	Q0	648705#72	1
1984	Q0	3147294#5	1
1984	Q0	128996#2	1
1984	Q0	144476#7	1
1984	Q0	20373#1	1
1984	Q0	20736#2	0
1984	Q0	14985#24	0
1984	Q0	13155#14	0
1984	Q0	1955069#1	0
1984	Q0	12502#10	0
1986	Q0	326755#2	1
1986	Q0	445183#1	0
1986	Q0	145289#3	0
1986	Q0	49826#4	0
1986	Q0	326755#30	0
1986	Q0	25434#2	0
1986	Q0	48103#5	0
1986	Q0	477558#2	0
1986	Q0	147410#2	0
1986	Q0	2236327#1	0
1988	Q0	2392975#14	1
1988	Q0	2392975#15	1
1988	Q0	2392975#18	0
1988	Q0	2392975#0	0
1988	Q0	709930#0	0
1988	Q0	2392975#1	0
1988	Q0	2392975#27	0
1988	Q0	2392975#26	0
1988	Q0	2392975#17	0
1988	Q0	3098960#10	0
1990	Q0	420605#4	1
1990	Q0	554842#3	1
1990	Q0	450059#2	1
1990	Q0	3040190#80	0
1990	Q0	3150160#24	0
1990	Q0	1265021#12	0
1990	Q0	877049#8	0
1990	Q0	24902#2	0
1990	Q0	3313555#13	0
1990	Q0	75039#17	0
1990	Q0	755971#58	0
1992	Q0	1666749#6	1
1992	Q0	1222924#13	1
1992	Q0	1418#7	1
1992	Q0	3083571#1	1
1992	Q0	496368#10	1
1992	Q0	1540040#1	0
1992	Q0	10145#111	0
1992	Q0	2326678#40	0
1992	Q0	444907#1	0
1992	Q0	2326678#2	0
1992	Q0	424451#7	0
1993	Q0	1640585#0	1
1993	Q0	2658505#5	1
1993	Q0	2675608#3	0
1993	Q0	2671555#2	0
1993	Q0	2700496#3	0
1993	Q0	2627856#1	0
1993	Q0	2912002#6	0
1993	Q0	2700484#1	0
1993	Q0	1144108#9	0
1993	Q0	2700484#2	0
1995	Q0	33901#2	1
1995	Q0	33901#0	1
1995	Q0	1658175#0	0
1995	Q0	33901#12	0
1995	Q0	1087589#1	0
1995	Q0	2831983#1	0
1995	Q0	33901#3	0
1995	Q0	161859#1	0
1995	Q0	33901#5	0
1995	Q0	33901#4	0
1996	Q0	657865#4	1
1996	Q0	1698830#0	1
1996	Q0	20061#14	1
1996	Q0	2129274#4	1
1996	Q0	654243#72	1
1996	Q0	1605079#0	1
1996	Q0	2827243#0	1
1996	Q0	45677#1	0
1996	Q0	11192#24	0
1996	Q0	1157501#1	0
1997	Q0	2399768#17	1
1997	Q0	46861#6	1
1997	Q0	782655#0	1
1997	Q0	782655#4	0
1997	Q0	763240#10	0
1997	Q0	782655#31	0
1997	Q0	1662204#9	0
1997	Q0	763240#3	0
1997	Q0	117870#0	0
1997	Q0	782655#23	0
1998	Q0	3276140#4	1
1998	Q0	3276140#5	0
1998	Q0	3276140#6	0
1998	Q0	3276140#11	0
1998	Q0	848280#2	0
1998	Q0	3276140#2	0
1998	Q0	3540774#7	0
1998	Q0	1969317#3	0
1998	Q0	339437#1	0
1998	Q0	2947729#4	0
1999	Q0	3578581#0	1
1999	Q0	1774444#3	1
1999	Q0	6376#9	1
1999	Q0	3883426#38	0
1999	Q0	441401#20	0
1999	Q0	2357939#1	0
1999	Q0	1531879#1	0
1999	Q0	3883426#62	0
1999	Q0	1968773#3	0
1999	Q0	3883426#1	0
1999	Q0	3883426#52	0
2000	Q0	200246#1	1
2000	Q0	19589#2	1
2000	Q0	1579045#3	0
2000	Q0	1120735#80	0
2000	Q0	2790100#10	0
2000	Q0	3272930#10	0
2000	Q0	1819902#7	0
2000	Q0	85149#1	0
2000	Q0	1723281#1	0
2000	Q0	3322069#7	0
2001	Q0	655992#0	1
2001	Q0	655992#1	1
2001	Q0	655992#3	0
2001	Q0	655992#13	0
2001	Q0	655992#8	0
2001	Q0	655992#6	0
2001	Q0	3241779#3	0
2001	Q0	3241779#0	0
2001	Q0	655992#5	0
2001	Q0	2594852#10	0
2002	Q0	3019774#0	1
2002	Q0	3019774#6	1
2002	Q0	3413568#1	0
2002	Q0	3131101#15	0
2002	Q0	2659873#41	0
2002	Q0	154558#1	0
2002	Q0	971831#2	0
2002	Q0	3091766#14	0
2002	Q0	3347876#15	0
2002	Q0	3559426#11	0
2003	Q0	543329#1	1
2003	Q0	3538#0	1
2003	Q0	2669571#91	1
2003	Q0	2669571#7	0
2003	Q0	6523#1	0
2003	Q0	750282#22	0
2003	Q0	2256162#1	0
2003	Q0	35409#7	0
2003	Q0	282591#35	0
2003	Q0	290196#4	0
2004	Q0	498249#2	1
2004	Q0	578996#2	1
2004	Q0	173344#7	1
2004	Q0	2974346#5	1
2004	Q0	3068183#1	0
2004	Q0	173344#18	0
2004	Q0	27083#25	0
2004	Q0	3119911#2	0
2004	Q0	447486#3	0
2004	Q0	3068183#4	0
2005	Q0	776388#0	1
2005	Q0	1212400#1	1
2005	Q0	776388#2	0
2005	Q0	3557926#11	0
2005	Q0	1214877#5	0
2005	Q0	776388#3	0
2005	Q0	1413583#2	0
2005	Q0	776388#1	0
2005	Q0	1212400#16	0
2005	Q0	1212816#1	0
2005	Q0	700861#1	0
2007	Q0	3382443#0	1
2007	Q0	681350#11	0
2007	Q0	3382443#21	0
2007	Q0	3382818#2	0
2007	Q0	3382443#5	0
2007	Q0	1413586#27	0
2007	Q0	18665#11	0
2007	Q0	104828#0	0
2007	Q0	3382443#8	0
2007	Q0	624397#0	0
2008	Q0	62013#24	1
2008	Q0	62013#1	1
2008	Q0	317215#5	0
2008	Q0	113379#11	0
2008	Q0	113150#56	0
2008	Q0	135856#79	0
2008	Q0	113150#4	0
2008	Q0	149477#9	0
2008	Q0	3376591#6	0
2008	Q0	40063#40	0
2009	Q0	3894740#2	1
2009	Q0	3894740#24	1
2009	Q0	3894740#0	0
2009	Q0	3894740#13	0
2009	Q0	3113278#0	0
2009	Q0	3894740#14	0
2009	Q0	617739#1	0
2009	Q0	2855655#3	0
2009	Q0	2304119#0	0
2009	Q0	3693434#1	0
2010	Q0	1391269#4	1
2010	Q0	1391269#7	0
2010	Q0	1391269#6	0
2010	Q0	1391269#11	0
2010	Q0	1391269#0	0
2010	Q0	1679428#2	0
2010	Q0	54473#7	0
2010	Q0	1391269#5	0
2010	Q0	190678#6	0
2010	Q0	1391269#17	0
2011	Q0	1339565#1	1
2011	Q0	1721103#1	1
2011	Q0	1339565#2	0
2011	Q0	3138024#8	0
2011	Q0	1824055#2	0
2011	Q0	744940#1	0
2011	Q0	1838436#0	0
2011	Q0	1358444#21	0
2011	Q0	249244#1	0
2011	Q0	1339565#5	0
2012	Q0	2156717#0	1
2012	Q0	2156717#2	1
2012	Q0	3442129#0	0
2012	Q0	1476450#2	0
2012	Q0	3540326#1	0
2012	Q0	3031041#1	0
2012	Q0	1171411#1	0
2012	Q0	1223343#0	0
2012	Q0	3141654#1	0
2012	Q0	132851#2	0
2013	Q0	205923#1	1
2013	Q0	39669#62	1
2013	Q0	203948#14	0
2013	Q0	1409380#0	0
2013	Q0	1935477#1	0
2013	Q0	672789#1	0
2013	Q0	39669#87	0
2013	Q0	3412127#2	0
2013	Q0	297670#1	0
2013	Q0	2732164#0	0
2014	Q0	167380#1	1
2014	Q0	167380#2	0
2014	Q0	167380#15	0
2014	Q0	142957#100	0
2014	Q0	167380#8	0
2014	Q0	167380#4	0
2014	Q0	167380#3	0
2014	Q0	167380#9	0
2014	Q0	142957#11	0
2014	Q0	142957#35	0
2015	Q0	1619210#1	1
2015	Q0	1619210#0	0
2015	Q0	2193883#4	0
2015	Q0	892735#9	0
2015	Q0	3380783#1	0
2015	Q0	537831#0	0
2015	Q0	261732#0	0
2015	Q0	2668137#0	0
2015	Q0	670550#0	0
2015	Q0	1459359#0	0
2015	Q0	2320588#1	0
2016	Q0	2613567#1	1
2016	Q0	1273602#24	1
2016	Q0	1785049#0	1
2016	Q0	507175#8	1
2016	Q0	1273602#22	0
2016	Q0	507175#67	0
2016	Q0	9548#3	0
2016	Q0	359187#0	0
2016	Q0	245412#0	0
2016	Q0	1273602#3	0
2016	Q0	641713#7	0
2018	Q0	389672#3	1
2018	Q0	389672#5	0
2018	Q0	107172#1	0
2018	Q0	389672#0	0
2018	Q0	893964#3	0
2018	Q0	894883#2	0
2018	Q0	894883#3	0
2018	Q0	1872505#1	0
2018	Q0	2643380#0	0
2018	Q0	971577#0	0
2018	Q0	1637379#0	0
2019	Q0	2762287#116	1
2019	Q0	3515432#1	1
2019	Q0	3515432#0	0
2019	Q0	2903807#3	0
2019	Q0	2672290#0	0
2019	Q0	355447#9	0
2019	Q0	85202#101	0
2019	Q0	1678326#9	0
2019	Q0	2753541#5	0
2019	Q0	355447#0	0
2019	Q0	96109#1	0
2020	Q0	299798#0	1
2020	Q0	8466#0	1
2020	Q0	40571#2	0
2020	Q0	1140861#1	0
2020	Q0	1537676#15	0
2020	Q0	8466#2	0
2020	Q0	248155#68	0
2020	Q0	1917527#6	0
2020	Q0	115892#1	0
2020	Q0	8466#20	0
2021	Q0	2375673#1	1
2021	Q0	2375673#0	0
2021	Q0	936686#2	0
2021	Q0	1377000#5	0
2021	Q0	219614#26	0
2021	Q0	936686#5	0
2021	Q0	3509005#1	0
2021	Q0	936686#3	0
2021	Q0	818951#2	0
2021	Q0	975514#1	0
2022	Q0	116392#9	1
2022	Q0	532458#0	0
2022	Q0	26919#8	0
2022	Q0	49734#5	0
2022	Q0	26919#6	0
2022	Q0	1462996#2	0
2022	Q0	26919#9	0
2022	Q0	26882#17	0
2022	Q0	2218796#33	0
2022	Q0	39574#18	0
2023	Q0	431460#1	1
2023	Q0	511656#0	0
2023	Q0	238935#5	0
2023	Q0	382711#11	0
2023	Q0	238935#6	0
2023	Q0	431460#9	0
2023	Q0	431460#16	0
2023	Q0	431460#7	0
2023	Q0	238935#4	0
2023	Q0	191281#1	0
2023	Q0	407929#3	0
2024	Q0	7688#1	1
2024	Q0	1916214#2	0
2024	Q0	1115670#0	0
2024	Q0	1967473#5	0
2024	Q0	1526810#4	0
2024	Q0	1754659#0	0
2024	Q0	302097#1	0
2024	Q0	1314255#7	0
2024	Q0	1969941#0	0
2024	Q0	4147#2	0
2024	Q0	2736055#2	0
2026	Q0	172451#17	1
2026	Q0	803147#0	1
2026	Q0	172451#12	0
2026	Q0	172451#7	0
2026	Q0	172451#9	0
2026	Q0	172451#8	0
2026	Q0	2015968#12	0
2026	Q0	293036#1	0
2026	Q0	172451#18	0
2026	Q0	2015968#3	0
2026	Q0	2379260#8	0
2027	Q0	28290#33	1
2027	Q0	1399795#0	1
2027	Q0	1347176#0	1
2027	Q0	3449325#1	1
2027	Q0	1315462#0	1
2027	Q0	1399795#1	1
2027	Q0	1324411#0	1
2027	Q0	269385#7	1
2027	Q0	1376970#0	1
2027	Q0	1384371#1	0
2028	Q0	208043#3	1
2028	Q0	451052#10	1
2028	Q0	208043#0	1
2028	Q0	208043#8	0
2028	Q0	9008#3	0
2028	Q0	1602022#2	0
2028	Q0	9008#4	0
2028	Q0	208043#45	0
2028	Q0	1944449#41	0
2028	Q0	208043#1	0
2028	Q0	208043#61	0
2029	Q0	2262203#2	1
2029	Q0	28906#6	0
2029	Q0	2040507#132	0
2029	Q0	1408058#20	0
2029	Q0	114594#5	0
2029	Q0	75847#69	0
2029	Q0	311786#23	0
2029	Q0	75847#767	0
2029	Q0	75847#787	0
2029	Q0	2888529#5	0
2030	Q0	117972#13	1
2030	Q0	439764#0	1
2030	Q0	439764#19	0
2030	Q0	3375080#13	0
2030	Q0	439764#17	0
2030	Q0	439764#24	0
2030	Q0	34515#27	0
2030	Q0	439764#16	0
2030	Q0	42716#10	0
2030	Q0	2969502#20	0
2031	Q0	3201057#5	1
2031	Q0	3201057#0	0
2031	Q0	3201057#9	0
2031	Q0	522429#33	0
2031	Q0	3201057#7	0
2031	Q0	3201057#10	0
2031	Q0	3196212#22	0
2031	Q0	3201057#3	0
2031	Q0	3017331#28	0
2031	Q0	2756019#2	0
2032	Q0	283899#16	1
2032	Q0	4381#0	1
2032	Q0	691288#23	1
2032	Q0	1087163#1	0
2032	Q0	26602#20	0
2032	Q0	1561900#5	0
2032	Q0	26440#3	0
2032	Q0	2051352#2	0
2032	Q0	1571048#3	0
2032	Q0	283899#1	0
2033	Q0	760304#11	1
2033	Q0	129664#17	1
2033	Q0	129664#19	0
2033	Q0	2234899#4	0
2033	Q0	2234899#6	0
2033	Q0	630609#37	0
2033	Q0	1241842#16	0
2033	Q0	32736#17	0
2033	Q0	1314164#5	0
2033	Q0	2819421#16	0
2033	Q0	166322#26	0
2034	Q0	3953#54	1
2034	Q0	5261#37	1
2034	Q0	3234376#2	1
2034	Q0	3491#5	1
2034	Q0	2858989#18	0
2034	Q0	2858989#1	0
2034	Q0	2858989#0	0
2034	Q0	28304#3	0
2034	Q0	2858989#11	0
2034	Q0	1999832#2	0
2034	Q0	3152962#0	0
2035	Q0	24902#50	1
2035	Q0	1377394#94	1
2035	Q0	24902#49	1
2035	Q0	186702#35	1
2035	Q0	1377394#89	1
2035	Q0	1377394#92	1
2035	Q0	1377394#31	1
2035	Q0	1377394#93	0
2035	Q0	76210#16	0
2035	Q0	2547398#1	0
2035	Q0	1966961#2	0
2036	Q0	2601532#5	1
2036	Q0	2601532#4	1
2036	Q0	2601532#0	0
2036	Q0	2601532#19	0
2036	Q0	2601532#8	0
2036	Q0	2601532#6	0
2036	Q0	47020#2	0
2036	Q0	2601532#2	0
2036	Q0	2601532#7	0
2036	Q0	1346954#77	0
2038	Q0	9743#0	1
2038	Q0	9743#8	0
2038	Q0	9743#30	0
2038	Q0	9743#2	0
2038	Q0	9743#1	0
2038	Q0	9743#27	0
2038	Q0	9743#34	0
2038	Q0	9743#31	0
2038	Q0	1668165#0	0
2038	Q0	9743#23	0
2039	Q0	331909#0	1
2039	Q0	331909#4	1
2039	Q0	331909#11	0
2039	Q0	331909#16	0
2039	Q0	2318406#1	0
2039	Q0	543761#1	0
2039	Q0	1343935#0	0
2039	Q0	331909#10	0
2039	Q0	331909#7	0
2039	Q0	2709900#0	0
2040	Q0	948273#1	1
2040	Q0	2347#2	1
2040	Q0	1911100#1	0
2040	Q0	1773544#2	0
2040	Q0	2128925#4	0
2040	Q0	2733879#11	0
2040	Q0	2347#11	0
2040	Q0	2347#14	0
2040	Q0	44282#5	0
2040	Q0	4666#5	0
2043	Q0	1093093#14	1
2043	Q0	2853834#2	1
2043	Q0	1206238#0	1
2043	Q0	1093093#13	1
2043	Q0	2209390#19	1
2043	Q0	1206238#28	0
2043	Q0	2209390#33	0
2043	Q0	1206238#14	0
2043	Q0	1206238#15	0
2043	Q0	2853834#9	0
2044	Q0	622000#2	1
2044	Q0	622000#0	1
2044	Q0	1295626#0	1
2044	Q0	161215#0	1
2044	Q0	1727348#0	0
2044	Q0	2138707#1	0
2044	Q0	1441#23	0
2044	Q0	1441#24	0
2044	Q0	3871657#2	0
2044	Q0	287360#3	0
2044	Q0	815734#1	0
2047	Q0	125013#2	1
2047	Q0	3216075#1	0
2047	Q0	1963787#59	0
2047	Q0	3627299#12	0
2047	Q0	1963787#43	0
2047	Q0	1963787#60	0
2047	Q0	1114119#0	0
2047	Q0	2276392#0	0
2047	Q0	1804425#0	0
2047	Q0	2193534#0	0
2047	Q0	2724790#0	0
2048	Q0	324094#21	1
2048	Q0	1475984#0	1
2048	Q0	3855712#0	0
2048	Q0	1323896#19	0
2048	Q0	121861#10	0
2048	Q0	498800#1	0
2048	Q0	498800#12	0
2048	Q0	2294745#3	0
2048	Q0	360036#0	0
2048	Q0	190907#2	0
2048	Q0	806814#1	0
2049	Q0	238480#13	1
2049	Q0	2064176#7	1
2049	Q0	103896#3	0
2049	Q0	2064176#6	0
2049	Q0	2064176#30	0
2049	Q0	2064176#5	0
2049	Q0	238480#17	0
2049	Q0	2256840#0	0
2049	Q0	1865611#7	0
2049	Q0	421019#6	0
2050	Q0	235540#8	1
2050	Q0	235540#0	0
2050	Q0	235540#3	0
2050	Q0	235540#9	0
2050	Q0	1698576#2	0
2050	Q0	235540#1	0
2050	Q0	235540#14	0
2050	Q0	1706033#2	0
2050	Q0	235540#16	0
2050	Q0	235540#15	0
2051	Q0	53322#8	1
2051	Q0	53309#9	1
2051	Q0	750282#111	0
2051	Q0	2571899#31	0
2051	Q0	53322#6	0
2051	Q0	15291#102	0
2051	Q0	53322#16	0
2051	Q0	90112#140	0
2051	Q0	72795#7	0
2051	Q0	15291#125	0
2053	Q0	292164#2	1
2053	Q0	292164#0	1
2053	Q0	292164#22	0
2053	Q0	3957#20	0
2053	Q0	850170#27	0
2053	Q0	2318389#9	0
2053	Q0	23900#2	0
2053	Q0	850170#25	0
2053	Q0	2244969#2	0
2053	Q0	2491637#8	0
2053	Q0	19597#52	0
2054	Q0	633797#3	1
2054	Q0	633797#0	0
2054	Q0	633797#1	0
2054	Q0	633797#25	0
2054	Q0	633797#4	0
2054	Q0	633797#20	0
2054	Q0	633797#26	0
2054	Q0	2778271#14	0
2054	Q0	3012474#235	0
2054	Q0	633797#30	0
2055	Q0	271496#0	1
2055	Q0	271496#1	1
2055	Q0	271496#2	0
2055	Q0	271496#6	0
2055	Q0	1551715#0	0
2055	Q0	271496#7	0
2055	Q0	271496#37	0
2055	Q0	1769077#3	0
2055	Q0	271496#41	0
2055	Q0	66601#0	0
2057	Q0	10641#0	1
2057	Q0	10641#2	1
2057	Q0	10641#16	0
2057	Q0	10641#18	0
2057	Q0	2461200#7	0
2057	Q0	10641#15	0
2057	Q0	10641#8	0
2057	Q0	4763#19	0
2057	Q0	2613205#17	0
2057	Q0	10641#3	0
2059	Q0	165499#2	1
2059	Q0	409478#3	1
2059	Q0	52868#1	1
2059	Q0	52868#9	0
2059	Q0	1658878#2	0
2059	Q0	1904791#3	0
2059	Q0	1549647#1	0
2059	Q0	1653654#14	0
2059	Q0	629612#0	0
2059	Q0	1653654#7	0
2060	Q0	1942029#18	1
2060	Q0	89926#3	1
2060	Q0	3765672#5	0
2060	Q0	2504501#1	0
2060	Q0	2221129#1	0
2060	Q0	89587#7	0
2060	Q0	8667#12	0
2060	Q0	1133275#1	0
2060	Q0	107999#4	0
2060	Q0	1927873#0	0
2060	Q0	488566#0	0
2062	Q0	286048#3	1
2062	Q0	1903551#1	1
2062	Q0	1124421#4	1
2062	Q0	147308#27	1
2062	Q0	985678#12	1
2062	Q0	53#27	1
2062	Q0	53#28	1
2062	Q0	53#35	1
2062	Q0	53#17	1
2062	Q0	455505#5	0
2062	Q0	1082#26	0
2062	Q0	794469#5	0
2062	Q0	457194#4	0
2062	Q0	368349#28	0
2062	Q0	53#68	0
2062	Q0	53#38	0
2062	Q0	53#58	0
2063	Q0	518998#0	1
2063	Q0	2707482#2	0
2063	Q0	518998#9	0
2063	Q0	1007142#6	0
2063	Q0	518998#3	0
2063	Q0	3036019#3	0
2063	Q0	1452097#1	0
2063	Q0	683447#1	0
2063	Q0	2150067#1	0
2063	Q0	419406#1	0
2065	Q0	1085615#3	1
2065	Q0	1610912#11	0
2065	Q0	1577752#2	0
2065	Q0	168812#20	0
2065	Q0	168812#0	0
2065	Q0	168812#7	0
2065	Q0	168812#5	0
2065	Q0	1577752#1	0
2065	Q0	269711#5	0
2065	Q0	2931881#5	0
2066	Q0	382333#0	1
2066	Q0	7692#12	1
2066	Q0	389967#24	1
2066	Q0	382333#1	0
2066	Q0	382333#2	0
2066	Q0	379392#1	0
2066	Q0	382333#3	0
2066	Q0	205436#0	0
2066	Q0	866242#3	0
2066	Q0	379392#2	0
2067	Q0	59294#4	1
2067	Q0	3561960#1	1
2067	Q0	1141144#1	1
2067	Q0	59294#5	1
2067	Q0	59294#6	0
2067	Q0	306567#1	0
2067	Q0	3525166#1	0
2067	Q0	3561960#2	0
2067	Q0	59294#32	0
2067	Q0	1237593#0	0
2067	Q0	59294#7	0
2068	Q0	377#42	1
2068	Q0	1359224#23	1
2068	Q0	15700#33	1
2068	Q0	15700#8	1
2068	Q0	1359224#17	0
2068	Q0	15700#13	0
2068	Q0	15700#14	0
2068	Q0	377#57	0
2068	Q0	457929#7	0
2068	Q0	902101#10	0
2068	Q0	902101#8	0
2068	Q0	15700#25	0
2068	Q0	15700#9	0
2069	Q0	2966265#18	1
2069	Q0	236070#0	1
2069	Q0	236070#3	1
2069	Q0	266871#25	0
2069	Q0	3752960#6	0
2069	Q0	236070#13	0
2069	Q0	236070#55	0
2069	Q0	236070#7	0
2069	Q0	236070#39	0
2069	Q0	236070#1	0
2069	Q0	236070#45	0
2070	Q0	2497#1	1
2070	Q0	2497#18	1
2070	Q0	2497#97	0
2070	Q0	2497#43	0
2070	Q0	2856460#136	0
2070	Q0	65409#1	0
2070	Q0	2497#80	0
2070	Q0	2497#30	0
2070	Q0	496351#0	0
2070	Q0	2497#96	0
2073	Q0	3332281#1	1
2073	Q0	3332281#15	1
2073	Q0	3332281#20	1
2073	Q0	3332281#0	0
2073	Q0	3332281#22	0
2073	Q0	3332281#5	0
2073	Q0	3332281#21	0
2073	Q0	3332281#4	0
2073	Q0	3332281#6	0
2073	Q0	3332281#2	0
2074	Q0	441042#13	1
2074	Q0	441042#2	0
2074	Q0	441042#0	0
2074	Q0	441042#1	0
2074	Q0	441042#6	0
2074	Q0	3883423#1	0
2074	Q0	441042#11	0
2074	Q0	441042#8	0
2074	Q0	441042#12	0
2074	Q0	441042#4	0
2074	Q0	441042#3	0
2075	Q0	1130653#2	1
2075	Q0	1130653#12	0
2075	Q0	978462#3	0
2075	Q0	1090271#53	0
2075	Q0	978462#1	0
2075	Q0	1090271#24	0
2075	Q0	1130653#21	0
2075	Q0	1130653#30	0
2075	Q0	2006780#13	0
2075	Q0	1130653#10	0
2075	Q0	1130653#24	0
2078	Q0	16642#0	1
2078	Q0	16642#4	1
2078	Q0	16642#1	0
2078	Q0	16642#2	0
2078	Q0	16642#9	0
2078	Q0	16642#5	0
2078	Q0	16635#11	0
2078	Q0	2900226#17	0
2078	Q0	12242#9	0
2078	Q0	3889151#3	0
2079	Q0	80634#4	1
2079	Q0	2251191#2	1
2079	Q0	80634#39	1
2079	Q0	80634#40	1
2079	Q0	2251191#16	1
2079	Q0	3242970#5	1
2079	Q0	80634#42	1
2079	Q0	80634#28	0
2079	Q0	80634#41	0
2079	Q0	80634#14	0
2080	Q0	53924#1	1
2080	Q0	28430#0	1
2080	Q0	5040#58	0
2080	Q0	180440#1	0
2080	Q0	2146769#0	0
2080	Q0	9228#13	0
2080	Q0	2956312#2	0
2080	Q0	55409#24	0
2080	Q0	1951015#0	0
2080	Q0	53924#30	0
2081	Q0	1206266#12	1
2081	Q0	1366311#3	0
2081	Q0	352973#3	0
2081	Q0	194112#0	0
2081	Q0	40395#3	0
2081	Q0	49167#7	0
2081	Q0	1366311#8	0
2081	Q0	25281#2	0
2081	Q0	140910#4	0
2081	Q0	678431#1	0
2081	Q0	1206266#57	0
2082	Q0	32868#6	1
2082	Q0	1734737#1	1
2082	Q0	37743#7	0
2082	Q0	1734737#24	0
2082	Q0	6427#13	0
2082	Q0	1734737#20	0
2082	Q0	1734737#5	0
2082	Q0	37743#39	0
2082	Q0	1734737#26	0
2082	Q0	37743#10	0
2083	Q0	2876785#1	1
2083	Q0	2876785#0	0
2083	Q0	2876785#7	0
2083	Q0	2876785#2	0
2083	Q0	2876785#15	0
2083	Q0	2876785#17	0
2083	Q0	2876785#19	0
2083	Q0	2876785#20	0
2083	Q0	2876785#24	0
2083	Q0	2876785#6	0
2084	Q0	77190#4	1
2084	Q0	77190#2	1
2084	Q0	77190#27	0
2084	Q0	77190#3	0
2084	Q0	77190#10	0
2084	Q0	77190#11	0
2084	Q0	77190#8	0
2084	Q0	1439460#1	0
2084	Q0	77190#12	0
2084	Q0	77190#18	0
2085	Q0	407852#0	1
2085	Q0	1297133#0	0
2085	Q0	272436#0	0
2085	Q0	2293080#10	0
2085	Q0	111014#0	0
2085	Q0	994047#0	0
2085	Q0	1726975#0	0
2085	Q0	1772113#0	0
2085	Q0	3439453#0	0
2085	Q0	1808322#0	0
2086	Q0	1130653#2	1
2086	Q0	1130653#12	0
2086	Q0	56991#4	0
2086	Q0	978462#1	0
2086	Q0	56991#3	0
2086	Q0	1130653#0	0
2086	Q0	1090271#53	0
2086	Q0	1090271#42	0
2086	Q0	1090271#26	0
2086	Q0	1130653#21	0
2086	Q0	1130653#33	0
2087	Q0	2429537#0	1
2087	Q0	2429452#0	1
2087	Q0	2188#0	1
2087	Q0	2429452#2	0
2087	Q0	2429537#1	0
2087	Q0	2429537#3	0
2087	Q0	2429452#9	0
2087	Q0	532900#3	0
2087	Q0	2188#15	0
2087	Q0	1543#12	0
2088	Q0	3533#51	1
2088	Q0	3533#3	1
2088	Q0	3533#61	1
2088	Q0	3529144#3	0
2088	Q0	3533#52	0
2088	Q0	370227#33	0
2088	Q0	3529144#4	0
2088	Q0	3529144#2	0
2088	Q0	3533#47	0
2088	Q0	3130714#2	0
2088	Q0	579680#4	0
2089	Q0	30933#0	1
2089	Q0	30933#3	0
2089	Q0	30933#1	0
2089	Q0	30933#15	0
2089	Q0	30933#12	0
2089	Q0	30933#10	0
2089	Q0	30933#8	0
2089	Q0	30933#4	0
2089	Q0	30933#7	0
2089	Q0	30933#6	0
2090	Q0	22333#0	1
2090	Q0	350528#3	0
2090	Q0	350528#1	0
2090	Q0	22333#1	0
2090	Q0	132730#0	0
2090	Q0	2082751#21	0
2090	Q0	22333#4	0
2090	Q0	37690#4	0
2090	Q0	22333#6	0
2090	Q0	350528#4	0
2091	Q0	1275#22	1
2091	Q0	1275#15	1
2091	Q0	2093089#0	0
2091	Q0	3189211#0	0
2091	Q0	993495#7	0
2091	Q0	1342716#0	0
2091	Q0	1145165#2	0
2091	Q0	2667347#0	0
2091	Q0	850170#7	0
2091	Q0	2091302#0	0
2091	Q0	436079#2	0
2092	Q0	325739#0	1
2092	Q0	325739#1	0
2092	Q0	490403#6	0
2092	Q0	2105935#1	0
2092	Q0	325739#4	0
2092	Q0	2539398#1	0
2092	Q0	21405#3	0
2092	Q0	1332#8	0
2092	Q0	208182#3	0
2092	Q0	1479088#0	0
2093	Q0	2363432#9	1
2093	Q0	2363432#41	1
2093	Q0	2372493#0	1
2093	Q0	2363432#1	1
2093	Q0	2372493#8	1
2093	Q0	2363432#8	1
2093	Q0	2817417#6	1
2093	Q0	2817417#49	1
2093	Q0	2363432#2	1
2093	Q0	2363432#0	1
2093	Q0	2363432#11	0
2095	Q0	3242678#2	1
2095	Q0	3242678#0	0
2095	Q0	3242678#10	0
2095	Q0	3242678#11	0
2095	Q0	5269#13	0
2095	Q0	190271#10	0
2095	Q0	681843#27	0
2095	Q0	2345246#2	0
2095	Q0	1877583#4	0
2095	Q0	1137867#3	0
2097	Q0	114436#1	1
2097	Q0	114436#0	1
2097	Q0	1736182#1	0
2097	Q0	114436#23	0
2097	Q0	3257204#0	0
2097	Q0	3503776#0	0
2097	Q0	3754455#0	0
2097	Q0	3871088#1	0
2097	Q0	157371#4	0
2097	Q0	196764#1	0
2098	Q0	3848353#1	1
2098	Q0	3848353#0	1
2098	Q0	3848353#2	0
2098	Q0	3848353#9	0
2098	Q0	3848353#7	0
2098	Q0	3848353#8	0
2098	Q0	3848353#3	0
2098	Q0	7978#2	0
2098	Q0	590527#0	0
2098	Q0	3848353#10	0
2100	Q0	36946#6	1
2100	Q0	885926#1	0
2100	Q0	36946#0	0
2100	Q0	1112576#5	0
2100	Q0	1069837#0	0
2100	Q0	1131140#3	0
2100	Q0	1137236#0	0
2100	Q0	886024#1	0
2100	Q0	3266541#1	0
2100	Q0	1112576#8	0
2100	Q0	1141169#0	0
2101	Q0	1205385#3	1
2101	Q0	2089617#1	1
2101	Q0	2025559#4	1
2101	Q0	1435965#124	1
2101	Q0	1903#2	1
2101	Q0	607160#5	1
2101	Q0	1081426#1	0
2101	Q0	3870680#7	0
2101	Q0	9494#87	0
2101	Q0	207108#2	0
2102	Q0	3747#59	1
2102	Q0	44209#3	1
2102	Q0	143557#3	1
2102	Q0	3839966#2	0
2102	Q0	750282#58	0
2102	Q0	3304706#1	0
2102	Q0	1384627#83	0
2102	Q0	44426#31	0
2102	Q0	86074#1	0
2102	Q0	517695#3	0
2102	Q0	143557#0	0
2104	Q0	297228#0	1
2104	Q0	297228#1	0
2104	Q0	57386#2	0
2104	Q0	159223#3	0
2104	Q0	3056751#3	0
2104	Q0	543817#5	0
2104	Q0	159223#0	0
2104	Q0	3472930#1	0
2104	Q0	4644#5	0
2104	Q0	496921#1	0
2105	Q0	25002#0	1
2105	Q0	2249210#4	1
2105	Q0	1176008#37	0
2105	Q0	59316#23	0
2105	Q0	25002#1	0
2105	Q0	212989#0	0
2105	Q0	25002#19	0
2105	Q0	630382#0	0
2105	Q0	1596848#0	0
2105	Q0	717562#0	0
2106	Q0	2622470#0	1
2106	Q0	2622470#25	1
2106	Q0	3877716#0	0
2106	Q0	2622470#4	0
2106	Q0	2622470#44	0
2106	Q0	2650616#0	0
2106	Q0	2622470#32	0
2106	Q0	2622470#40	0
2106	Q0	562046#9	0
2106	Q0	2282467#0	0
2107	Q0	58814#0	1
2107	Q0	152393#1	0
2107	Q0	58814#41	0
2107	Q0	2098940#3	0
2107	Q0	3220602#4	0
2107	Q0	2098940#0	0
2107	Q0	5040#58	0
2107	Q0	5040#1	0
2107	Q0	507175#4	0
2107	Q0	2920598#0	0
2109	Q0	309233#1	1
2109	Q0	2411039#0	0
2109	Q0	309233#6	0
2109	Q0	309233#0	0
2109	Q0	309233#4	0
2109	Q0	309233#9	0
2109	Q0	3719450#6	0
2109	Q0	309233#11	0
2109	Q0	309233#5	0
2109	Q0	309233#2	0
2110	Q0	1562147#2	1
2110	Q0	1562147#3	1
2110	Q0	1562147#4	0
2110	Q0	1562147#33	0
2110	Q0	1562147#5	0
2110	Q0	1562147#6	0
2110	Q0	1562147#17	0
2110	Q0	1562147#7	0
2110	Q0	1562147#16	0
2110	Q0	1562147#29	0
2111	Q0	3264039#0	1
2111	Q0	3264039#1	0
2111	Q0	3264039#5	0
2111	Q0	3264039#7	0
2111	Q0	3264039#9	0
2111	Q0	3264039#10	0
2111	Q0	3264039#2	0
2111	Q0	3264039#8	0
2111	Q0	3264039#11	0
2111	Q0	3264039#3	0
2112	Q0	12601#0	1
2112	Q0	2880494#0	1
2112	Q0	2148473#2	1
2112	Q0	300546#7	1
2112	Q0	12601#16	1
2112	Q0	12601#19	0
2112	Q0	1667448#0	0
2112	Q0	12601#23	0
2112	Q0	12601#18	0
2112	Q0	12601#1	0
2112	Q0	12601#21	0
2113	Q0	170448#0	1
2113	Q0	170448#1	0
2113	Q0	3589725#1	0
2113	Q0	170448#2	0
2113	Q0	1602003#1	0
2113	Q0	1142948#1	0
2113	Q0	293449#2	0
2113	Q0	2011722#3	0
2113	Q0	3589725#0	0
2113	Q0	2940617#5	0
2114	Q0	417337#3	1
2114	Q0	417337#26	1
2114	Q0	417337#29	0
2114	Q0	3215976#8	0
2114	Q0	820626#10	0
2114	Q0	2933681#22	0
2114	Q0	644300#2	0
2114	Q0	754895#3	0
2114	Q0	196840#6	0
2114	Q0	2859476#0	0
2115	Q0	1866838#3	1
2115	Q0	1866838#0	0
2115	Q0	1866838#9	0
2115	Q0	112945#5	0
2115	Q0	2673829#0	0
2115	Q0	3287702#1	0
2115	Q0	3228964#11	0
2115	Q0	1383665#2	0
2115	Q0	3862580#0	0
2115	Q0	1377434#2	0
2115	Q0	2605223#1	0
2116	Q0	3210775#3	1
2116	Q0	3210775#0	1
2116	Q0	3612722#1	0
2116	Q0	1847140#1	0
2116	Q0	2192055#1	0
2116	Q0	3469666#2	0
2116	Q0	1789383#1	0
2116	Q0	2206142#1	0
2116	Q0	31299#3	0
2116	Q0	2746498#1	0
2117	Q0	39310#2	1
2117	Q0	39310#6	1
2117	Q0	1759715#3	0
2117	Q0	39310#1	0
2117	Q0	39310#0	0
2117	Q0	1622041#22	0
2117	Q0	39310#3	0
2117	Q0	1040459#22	0
2117	Q0	87647#20	0
2117	Q0	145282#6	0
2118	Q0	1432460#0	1
2118	Q0	66821#11	0
2118	Q0	1423382#47	0
2118	Q0	321030#6	0
2118	Q0	1432460#4	0
2118	Q0	1423382#46	0
2118	Q0	321030#9	0
2118	Q0	2796037#21	0
2118	Q0	321030#11	0
2118	Q0	1423382#0	0
2118	Q0	1432460#1	0
2119	Q0	1918083#1	1
2119	Q0	3882050#28	0
2119	Q0	3882050#32	0
2119	Q0	3882050#24	0
2119	Q0	2666841#1	0
2119	Q0	3888848#2	0
2119	Q0	20006#1	0
2119	Q0	3598840#0	0
2119	Q0	3882050#45	0
2119	Q0	3306970#7	0
2119	Q0	1073990#2	0
2120	Q0	117733#1	1
2120	Q0	3747#4	1
2120	Q0	801000#29	1
2120	Q0	20252#0	1
2120	Q0	517695#3	0
2120	Q0	86074#1	0
2120	Q0	3747#57	0
2120	Q0	86074#0	0
2120	Q0	3747#62	0
2120	Q0	17193#1	0
2120	Q0	3747#59	0
2121	Q0	1977023#4	1
2121	Q0	1977023#13	1
2121	Q0	3815970#3	1
2121	Q0	1977023#32	1
2121	Q0	1977023#15	1
2121	Q0	3815970#2	0
2121	Q0	3815970#4	0
2121	Q0	1977023#0	0
2121	Q0	1977023#24	0
2121	Q0	3815970#7	0
2122	Q0	3428960#9	1
2122	Q0	3405103#2	1
2122	Q0	6760#14	0
2122	Q0	3642456#45	0
2122	Q0	3642456#97	0
2122	Q0	6760#1	0
2122	Q0	1068460#3	0
2122	Q0	3428960#10	0
2122	Q0	6760#11	0
2122	Q0	3642456#85	0
2124	Q0	1682530#62	1
2124	Q0	6833#0	1
2124	Q0	6833#6	0
2124	Q0	16024#24	0
2124	Q0	8617#6	0
2124	Q0	3326858#18	0
2124	Q0	1823374#30	0
2124	Q0	1531320#2	0
2124	Q0	612961#2	0
2124	Q0	6833#116	0
2124	Q0	1863095#77	0
2125	Q0	159674#3	1
2125	Q0	159674#2	0
2125	Q0	405#0	0
2125	Q0	268248#1	0
2125	Q0	377453#0	0
2125	Q0	172395#0	0
2125	Q0	264815#1	0
2125	Q0	1267737#0	0
2125	Q0	284386#0	0
2125	Q0	366430#5	0
2126	Q0	1665959#0	1
2126	Q0	1665959#5	0
2126	Q0	1665959#7	0
2126	Q0	3044120#3	0
2126	Q0	1665959#35	0
2126	Q0	1665959#45	0
2126	Q0	1665959#15	0
2126	Q0	1665959#11	0
2126	Q0	1225865#1	0
2126	Q0	1665959#28	0
2127	Q0	1309421#0	1
2127	Q0	1309421#2	0
2127	Q0	1309421#4	0
2127	Q0	1309421#36	0
2127	Q0	1309421#3	0
2127	Q0	3052429#3	0
2127	Q0	2507388#0	0
2127	Q0	3386508#2	0
2127	Q0	3025672#4	0
2127	Q0	3880388#1	0
2128	Q0	157045#8	1
2128	Q0	157045#18	0
2128	Q0	3826020#3	0
2128	Q0	1221448#4	0
2128	Q0	1504378#26	0
2128	Q0	3102#2	0
2128	Q0	157045#9	0
2128	Q0	3102#8	0
2128	Q0	2924373#6	0
2128	Q0	2924373#8	0
2129	Q0	106304#6	1
2129	Q0	106304#10	0
2129	Q0	106304#7	0
2129	Q0	394414#1	0
2129	Q0	2536992#4	0
2129	Q0	650090#2	0
2129	Q0	106304#0	0
2129	Q0	2514195#3	0
2129	Q0	1784529#2	0
2129	Q0	1215984#2	0
2130	Q0	2347#3	1
2130	Q0	2347#2	1
2130	Q0	2228290#6	0
2130	Q0	2347#38	0
2130	Q0	2228290#4	0
2130	Q0	2228290#3	0
2130	Q0	2228290#9	0
2130	Q0	2228290#12	0
2130	Q0	2228290#1	0
2130	Q0	2228290#2	0
2130	Q0	44282#7	0
2130	Q0	2881987#15	0
2131	Q0	27776#3	1
2131	Q0	168820#1	0
2131	Q0	29303#10	0
2131	Q0	1969944#12	0
2131	Q0	368349#5	0
2131	Q0	1532456#2	0
2131	Q0	1044399#8	0
2131	Q0	27776#27	0
2131	Q0	1967880#0	0
2131	Q0	155611#12	0
2132	Q0	1542610#0	1
2132	Q0	1048011#1	0
2132	Q0	1268415#1	0
2132	Q0	42514#5	0
2132	Q0	1268415#0	0
2132	Q0	1268415#21	0
2132	Q0	3701723#1	0
2132	Q0	161234#1	0
2132	Q0	2215262#0	0
2132	Q0	1689971#1	0
2134	Q0	3245887#2	1
2134	Q0	3783068#2	0
2134	Q0	3245887#7	0
2134	Q0	3245887#0	0
2134	Q0	3245887#11	0
2134	Q0	3425077#2	0
2134	Q0	3245887#3	0
2134	Q0	1970642#22	0
2134	Q0	3245887#8	0
2134	Q0	3245887#14	0
2135	Q0	3103411#1	1
2135	Q0	3103411#8	1
2135	Q0	3103411#0	0
2135	Q0	3103411#7	0
2135	Q0	2558294#8	0
2135	Q0	3103411#12	0
2135	Q0	175342#5	0
2135	Q0	3103411#9	0
2135	Q0	657622#8	0
2135	Q0	3103411#11	0
2137	Q0	331412#13	1
2137	Q0	331412#2	1
2137	Q0	331412#0	0
2137	Q0	331412#10	0
2137	Q0	2641313#2	0
2137	Q0	919646#1	0
2137	Q0	2641313#0	0
2137	Q0	2641313#1	0
2137	Q0	331412#3	0
2137	Q0	628079#0	0
2138	Q0	1194958#3	1
2138	Q0	1194958#1	0
2138	Q0	1194958#8	0
2138	Q0	1194958#2	0
2138	Q0	269711#10	0
2138	Q0	1194785#3	0
2138	Q0	1194958#13	0
2138	Q0	3546558#1	0
2138	Q0	372325#4	0
2138	Q0	1402073#16	0
2139	Q0	167611#2	1
2139	Q0	170810#0	1
2139	Q0	1148602#5	0
2139	Q0	1474766#11	0
2139	Q0	1704941#0	0
2139	Q0	170810#1	0
2139	Q0	2631059#3	0
2139	Q0	710782#1	0
2139	Q0	1148602#3	0
2139	Q0	170810#8	0
2140	Q0	1974854#19	1
2140	Q0	462#8	1
2140	Q0	654243#71	1
2140	Q0	1698878#1	1
2140	Q0	29110#5	1
2140	Q0	1974854#18	1
2140	Q0	1974854#0	1
2140	Q0	1974854#4	0
2140	Q0	338302#11	0
2140	Q0	1309756#0	0
2142	Q0	2815999#2	1
2142	Q0	2509140#3	0
2142	Q0	2508836#2	0
2142	Q0	1331632#1	0
2142	Q0	2509136#3	0
2142	Q0	1069138#1	0
2142	Q0	1913325#5	0
2142	Q0	834931#2	0
2142	Q0	2509130#2	0
2142	Q0	2508934#2	0
2142	Q0	2509072#0	0
2143	Q0	2435970#0	1
2143	Q0	2435970#19	0
2143	Q0	2435970#2	0
2143	Q0	2103092#8	0
2143	Q0	3352109#13	0
2143	Q0	2980682#25	0
2143	Q0	3441620#13	0
2143	Q0	2763608#5	0
2143	Q0	2435970#18	0
2143	Q0	2435970#14	0
2144	Q0	282800#3	1
2144	Q0	8483#3	1
2144	Q0	50858#6	1
2144	Q0	8761#7	1
2144	Q0	329348#17	1
2144	Q0	159440#3	1
2144	Q0	1960338#3	0
2144	Q0	32908#12	0
2144	Q0	1370905#48	0
2144	Q0	2457594#2	0
2145	Q0	3019774#19	1
2145	Q0	3019774#10	1
2145	Q0	3019774#13	1
2145	Q0	3019774#20	1
2145	Q0	3019774#1	1
2145	Q0	3019774#0	0
2145	Q0	2511341#0	0
2145	Q0	3019774#22	0
2145	Q0	3019774#9	0
2145	Q0	3019774#11	0
2148	Q0	892240#6	1
2148	Q0	892240#19	0
2148	Q0	1090587#1	0
2148	Q0	341623#2	0
2148	Q0	892240#3	0
2148	Q0	2768647#8	0
2148	Q0	892240#21	0
2148	Q0	3386380#1	0
2148	Q0	117453#10	0
2148	Q0	892240#16	0
2149	Q0	2453583#1	1
2149	Q0	2453583#3	1
2149	Q0	2453583#0	0
2149	Q0	2453583#14	0
2149	Q0	122498#8	0
2149	Q0	2453583#2	0
2149	Q0	131906#3	0
2149	Q0	2453583#17	0
2149	Q0	2453645#2	0
2149	Q0	224363#29	0
2151	Q0	1688112#1	1
2151	Q0	348150#8	1
2151	Q0	1485688#3	0
2151	Q0	348150#14	0
2151	Q0	348150#3	0
2151	Q0	146182#4	0
2151	Q0	3071053#0	0
2151	Q0	348150#16	0
2151	Q0	3023032#0	0
2151	Q0	3473208#1	0
2152	Q0	6833#6	1
2152	Q0	6833#0	1
2152	Q0	8657#4	1
2152	Q0	2571899#19	0
2152	Q0	83209#3	0
2152	Q0	8617#6	0
2152	Q0	24175#0	0
2152	Q0	2571899#0	0
2152	Q0	8582#4	0
2152	Q0	8582#1	0
2154	Q0	425837#1	1
2154	Q0	425837#25	0
2154	Q0	425836#6	0
2154	Q0	2371852#19	0
2154	Q0	3853628#7	0
2154	Q0	3841236#4	0
2154	Q0	3766414#2	0
2154	Q0	425837#14	0
2154	Q0	425837#6	0
2154	Q0	3853628#2	0
2154	Q0	1847686#5	0
2155	Q0	3964#61	1
2155	Q0	1803#0	1
2155	Q0	4516#4	0
2155	Q0	1803#6	0
2155	Q0	12284#20	0
2155	Q0	1880396#7	0
2155	Q0	85675#7	0
2155	Q0	2638450#6	0
2155	Q0	2239469#0	0
2155	Q0	3964#67	0
2157	Q0	523929#16	1
2157	Q0	293501#65	1
2157	Q0	1577338#5	1
2157	Q0	293501#0	1
2157	Q0	5259#62	1
2157	Q0	293501#12	1
2157	Q0	48695#6	0
2157	Q0	3521234#14	0
2157	Q0	60788#52	0
2157	Q0	805805#21	0
2158	Q0	59537#0	1
2158	Q0	1666603#30	0
2158	Q0	59537#12	0
2158	Q0	59537#2	0
2158	Q0	1068988#2	0
2158	Q0	59537#7	0
2158	Q0	64538#25	0
2158	Q0	59640#0	0
2158	Q0	59537#6	0
2158	Q0	291678#0	0
2159	Q0	172346#0	1
2159	Q0	172346#4	0
2159	Q0	53124#4	0
2159	Q0	3044120#3	0
2159	Q0	1614307#2	0
2159	Q0	45806#2	0
2159	Q0	2862858#1	0
2159	Q0	1845022#0	0
2159	Q0	272116#3	0
2159	Q0	3003102#2	0
2161	Q0	3267258#11	1
2161	Q0	3267258#3	1
2161	Q0	3267258#0	0
2161	Q0	3267258#5	0
2161	Q0	3267258#9	0
2161	Q0	3267258#4	0
2161	Q0	3267258#18	0
2161	Q0	3267258#6	0
2161	Q0	3267258#1	0
2161	Q0	3267258#7	0
2164	Q0	267645#0	1
2164	Q0	267645#4	0
2164	Q0	267645#15	0
2164	Q0	267645#8	0
2164	Q0	267645#12	0
2164	Q0	267645#17	0
2164	Q0	267645#22	0
2164	Q0	267645#6	0
2164	Q0	3046410#1	0
2164	Q0	267645#2	0
2165	Q0	2502472#0	1
2165	Q0	2502472#11	1
2165	Q0	2502472#5	1
2165	Q0	2502472#59	0
2165	Q0	2502472#8	0
2165	Q0	2502472#21	0
2165	Q0	2502472#68	0
2165	Q0	2502472#65	0
2165	Q0	2502472#16	0
2165	Q0	2502472#24	0
2165	Q0	2502472#20	0
2166	Q0	162853#0	1
2166	Q0	1215353#10	1
2166	Q0	7501#1	0
2166	Q0	7501#0	0
2166	Q0	303832#40	0
2166	Q0	1877182#0	0
2166	Q0	3136368#0	0
2166	Q0	34857#4	0
2166	Q0	828891#0	0
2166	Q0	3136368#2	0
2167	Q0	870743#43	1
2167	Q0	1498144#4	1
2167	Q0	3394207#3	1
2167	Q0	870743#1	1
2167	Q0	870743#9	0
2167	Q0	870743#12	0
2167	Q0	3628612#6	0
2167	Q0	3394207#5	0
2167	Q0	3052775#11	0
2167	Q0	870743#25	0
2167	Q0	3617315#2	0
2169	Q0	609316#0	1
2169	Q0	609316#1	0
2169	Q0	609316#5	0
2169	Q0	609316#11	0
2169	Q0	2011722#3	0
2169	Q0	2518575#1	0
2169	Q0	609316#6	0
2169	Q0	609316#12	0
2169	Q0	609316#4	0
2169	Q0	1238315#1	0
2170	Q0	160093#0	1
2170	Q0	689702#2	0
2170	Q0	209629#0	0
2170	Q0	689702#1	0
2170	Q0	1927266#29	0
2170	Q0	2473603#1	0
2170	Q0	2659709#1	0
2170	Q0	590181#18	0
2170	Q0	160093#7	0
2170	Q0	1927266#28	0
2172	Q0	131285#0	1
2172	Q0	66210#59	0
2172	Q0	113434#3	0
2172	Q0	121837#39	0
2172	Q0	2995328#40	0
2172	Q0	181500#39	0
2172	Q0	702553#4	0
2172	Q0	3825745#1	0
2172	Q0	39771#24	0
2172	Q0	2480751#4	0
2173	Q0	279713#2	1
2173	Q0	279713#3	1
2173	Q0	279713#1	0
2173	Q0	279713#0	0
2173	Q0	279713#5	0
2173	Q0	2618411#1	0
2173	Q0	3713234#1	0
2173	Q0	3004186#1	0
2173	Q0	1893520#0	0
2173	Q0	3004186#0	0
2175	Q0	390043#2	1
2175	Q0	390043#1	1
2175	Q0	390043#0	0
2175	Q0	390043#14	0
2175	Q0	390043#3	0
2175	Q0	390043#32	0
2175	Q0	390043#13	0
2175	Q0	390043#17	0
2175	Q0	389258#0	0
2175	Q0	390043#28	0
2176	Q0	3349633#3	1
2176	Q0	3349633#0	1
2176	Q0	3349633#5	0
2176	Q0	3349633#4	0
2176	Q0	3349633#7	0
2176	Q0	3349633#32	0
2176	Q0	3349633#25	0
2176	Q0	3349633#6	0
2176	Q0	3349633#8	0
2176	Q0	3349633#9	0
2177	Q0	3138460#3	1
2177	Q0	3138460#0	0
2177	Q0	1749645#1	0
2177	Q0	51640#3	0
2177	Q0	51640#4	0
2177	Q0	3190780#3	0
2177	Q0	3454897#3	0
2177	Q0	3613440#1	0
2177	Q0	2795308#1	0
2177	Q0	1348903#0	0
2178	Q0	2265226#0	1
2178	Q0	2412087#1	0
2178	Q0	3766511#2	0
2178	Q0	786219#1	0
2178	Q0	776037#1	0
2178	Q0	522019#1	0
2178	Q0	776037#7	0
2178	Q0	1397732#79	0
2178	Q0	894353#2	0
2178	Q0	475219#2	0
2179	Q0	1354569#0	1
2179	Q0	1168995#0	0
2179	Q0	2478763#0	0
2179	Q0	4165#2	0
2179	Q0	686449#0	0
2179	Q0	2757328#0	0
2179	Q0	3200759#5	0
2179	Q0	1621467#2	0
2179	Q0	2704683#1	0
2179	Q0	241843#2	0
2180	Q0	1563347#1	1
2180	Q0	1563347#0	1
2180	Q0	396097#1	0
2180	Q0	1563347#20	0
2180	Q0	1563347#8	0
2180	Q0	1563347#6	0
2180	Q0	1563347#10	0
2180	Q0	14615#1	0
2180	Q0	1563347#4	0
2180	Q0	1563347#3	0
2181	Q0	887839#1	1
2181	Q0	887839#0	0
2181	Q0	887839#7	0
2181	Q0	887839#10	0
2181	Q0	887839#3	0
2181	Q0	887839#11	0
2181	Q0	3291236#1	0
2181	Q0	887839#8	0
2181	Q0	2482901#1	0
2181	Q0	2378131#1	0
2182	Q0	3376793#0	1
2182	Q0	2807634#2	0
2182	Q0	3892581#2	0
2182	Q0	871200#0	0
2182	Q0	2822158#4	0
2182	Q0	1861857#0	0
2182	Q0	3525656#2	0
2182	Q0	827646#0	0
2182	Q0	2086974#18	0
2182	Q0	3094230#12	0
2182	Q0	7618#2	0
2182	Q0	7618#21	0
2183	Q0	34112#2	1
2183	Q0	39801#14	0
2183	Q0	3528257#1	0
2183	Q0	95254#1	0
2183	Q0	2227124#2	0
2183	Q0	1235867#3	0
2183	Q0	106510#5	0
2183	Q0	596504#7	0
2183	Q0	1441794#10	0
2183	Q0	2090724#20	0
2183	Q0	39801#1	0
2185	Q0	560825#9	1
2185	Q0	560825#1	1
2185	Q0	560825#16	0
2185	Q0	560825#10	0
2185	Q0	560825#13	0
2185	Q0	560825#0	0
2185	Q0	560825#11	0
2185	Q0	560825#6	0
2185	Q0	560825#7	0
2185	Q0	560825#3	0
2188	Q0	373026#0	1
2188	Q0	373026#2	0
2188	Q0	2745079#2	0
2188	Q0	733742#18	0
2188	Q0	373026#22	0
2188	Q0	995550#0	0
2188	Q0	733742#4	0
2188	Q0	373026#10	0
2188	Q0	373026#1	0
2188	Q0	373026#21	0
2189	Q0	31294#3	1
2189	Q0	31294#4	0
2189	Q0	31294#7	0
2189	Q0	621327#1	0
2189	Q0	306524#8	0
2189	Q0	83653#8	0
2189	Q0	212849#6	0
2189	Q0	83653#11	0
2189	Q0	621295#1	0
2189	Q0	3855024#15	0
2190	Q0	44701#0	1
2190	Q0	2120182#2	1
2190	Q0	44701#26	1
2190	Q0	44701#23	0
2190	Q0	3788954#37	0
2190	Q0	44701#2	0
2190	Q0	3788954#1	0
2190	Q0	3788954#31	0
2190	Q0	44701#24	0
2190	Q0	44701#3	0
2191	Q0	3208#8	1
2191	Q0	306978#4	1
2191	Q0	11736#12	1
2191	Q0	21705#20	1
2191	Q0	307012#0	0
2191	Q0	306978#3	0
2191	Q0	3421827#1	0
2191	Q0	2946180#2	0
2191	Q0	210295#1	0
2191	Q0	3125841#1	0
2191	Q0	306978#5	0
2192	Q0	1189205#5	1
2192	Q0	2844300#1	0
2192	Q0	631465#28	0
2192	Q0	631465#2	0
2192	Q0	631465#4	0
2192	Q0	631465#7	0
2192	Q0	631465#22	0
2192	Q0	631465#19	0
2192	Q0	631465#5	0
2192	Q0	631465#8	0
2193	Q0	666355#12	1
2193	Q0	123515#1	0
2193	Q0	123515#3	0
2193	Q0	127855#0	0
2193	Q0	279533#2	0
2193	Q0	909744#2	0
2193	Q0	254933#0	0
2193	Q0	123515#2	0
2193	Q0	123515#6	0
2193	Q0	123515#0	0
2195	Q0	3848165#2	1
2195	Q0	3848165#0	0
2195	Q0	3848165#3	0
2195	Q0	3848165#7	0
2195	Q0	3848165#5	0
2195	Q0	3848165#4	0
2195	Q0	3848165#1	0
2195	Q0	3848165#6	0
2195	Q0	2342273#3	0
2195	Q0	3249286#14	0
2196	Q0	2115905#102	1
2196	Q0	1542118#27	1
2196	Q0	1153455#15	1
2196	Q0	2115905#0	1
2196	Q0	2846541#5	0
2196	Q0	2115905#6	0
2196	Q0	2632789#5	0
2196	Q0	2999621#3	0
2196	Q0	2632789#3	0
2196	Q0	2094162#13	0
2197	Q0	128881#0	1
2197	Q0	3071062#0	0
2197	Q0	2264830#1	0
2197	Q0	3846237#0	0
2197	Q0	2201206#1	0
2197	Q0	128881#1	0
2197	Q0	1261204#1	0
2197	Q0	3234400#2	0
2197	Q0	3011631#1	0
2197	Q0	3021573#1	0
2198	Q0	285366#0	1
2198	Q0	2500948#11	1
2198	Q0	2500948#20	1
2198	Q0	1795213#1	0
2198	Q0	1252401#19	0
2198	Q0	31772#5	0
2198	Q0	285366#1	0
2198	Q0	285366#3	0
2198	Q0	533041#19	0
2198	Q0	1795213#5	0
2199	Q0	1141924#0	1
2199	Q0	1141924#25	0
2199	Q0	1141924#1	0
2199	Q0	1141924#2	0
2199	Q0	1141924#3	0
2199	Q0	1141924#7	0
2199	Q0	1141924#15	0
2199	Q0	1141924#22	0
2199	Q0	1141924#5	0
2199	Q0	1141924#10	0
2200	Q0	269243#1	1
2200	Q0	264253#1	1
2200	Q0	269243#28	0
2200	Q0	269243#0	0
2200	Q0	269243#8	0
2200	Q0	269243#7	0
2200	Q0	269243#6	0
2200	Q0	269243#19	0
2200	Q0	269243#53	0
2200	Q0	269243#29	0
2201	Q0	2335554#28	1
2201	Q0	2335554#1	1
2201	Q0	962154#8	0
2201	Q0	2335554#23	0
2201	Q0	2335554#18	0
2201	Q0	2331065#15	0
2201	Q0	2335554#19	0
2201	Q0	962154#7	0
2201	Q0	2335554#14	0
2201	Q0	2331065#7	0
2202	Q0	585498#2	1
2202	Q0	585498#0	1
2202	Q0	585498#10	0
2202	Q0	585498#35	0
2202	Q0	585498#3	0
2202	Q0	585498#6	0
2202	Q0	585498#29	0
2202	Q0	585498#4	0
2202	Q0	585498#33	0
2202	Q0	3847518#1	0
2204	Q0	3003102#0	1
2204	Q0	3003102#2	0
2204	Q0	3003102#3	0
2204	Q0	3004846#2	0
2204	Q0	1468376#2	0
2204	Q0	515416#1	0
2204	Q0	1481798#3	0
2204	Q0	3003102#16	0
2204	Q0	1975679#3	0
2204	Q0	2718495#0	0
2205	Q0	53#48	1
2205	Q0	1536283#37	1
2205	Q0	794469#7	1
2205	Q0	53#46	1
2205	Q0	3275150#2	1
2205	Q0	144279#9	1
2205	Q0	53#47	1
2205	Q0	53#45	1
2205	Q0	161#19	1
2205	Q0	53#35	0
2205	Q0	191#19	0
2207	Q0	650316#3	1
2207	Q0	385083#7	0
2207	Q0	1589858#1	0
2207	Q0	520777#5	0
2207	Q0	468309#10	0
2207	Q0	2246292#8	0
2207	Q0	204685#4	0
2207	Q0	2637499#8	0
2207	Q0	2905575#4	0
2207	Q0	2893727#34	0
2208	Q0	502663#2	1
2208	Q0	120636#0	0
2208	Q0	120636#4	0
2208	Q0	1131895#16	0
2208	Q0	1052095#3	0
2208	Q0	64653#22	0
2208	Q0	2015719#4	0
2208	Q0	893935#6	0
2208	Q0	120636#1	0
2208	Q0	1196925#1	0
2211	Q0	181974#2	1
2211	Q0	181974#6	1
2211	Q0	181974#9	0
2211	Q0	181974#14	0
2211	Q0	848019#2	0
2211	Q0	3835102#2	0
2211	Q0	181974#12	0
2211	Q0	180060#1	0
2211	Q0	181974#17	0
2211	Q0	181974#8	0
2212	Q0	1361038#2	1
2212	Q0	73835#17	0
2212	Q0	24160#0	0
2212	Q0	1361038#7	0
2212	Q0	1335380#29	0
2212	Q0	1361038#18	0
2212	Q0	1335380#25	0
2212	Q0	1335380#28	0
2212	Q0	1361038#11	0
2212	Q0	1198010#16	0
2212	Q0	1198010#10	0
2213	Q0	1124819#4	1
2213	Q0	103155#2	0
2213	Q0	3084978#3	0
2213	Q0	612561#3	0
2213	Q0	21936#4	0
2213	Q0	2820931#7	0
2213	Q0	1003846#2	0
2213	Q0	50039#5	0
2213	Q0	37262#12	0
2213	Q0	1659276#3	0
2213	Q0	2882#0	0
2214	Q0	9008#4	1
2214	Q0	208043#45	1
2214	Q0	1602022#2	1
2214	Q0	208043#0	1
2214	Q0	259005#24	1
2214	Q0	208043#8	0
2214	Q0	208043#67	0
2214	Q0	208043#83	0
2214	Q0	1568576#1	0
2214	Q0	9008#0	0
2214	Q0	208043#61	0
2216	Q0	297228#1	1
2216	Q0	57386#2	0
2216	Q0	297228#2	0
2216	Q0	159223#3	0
2216	Q0	496921#1	0
2216	Q0	2631263#1	0
2216	Q0	543817#5	0
2216	Q0	3805624#2	0
2216	Q0	2998141#3	0
2216	Q0	1873289#1	0
2217	Q0	3533#0	1
2217	Q0	579680#1	0
2217	Q0	3533#90	0
2217	Q0	1271653#1	0
2217	Q0	3533#10	0
2217	Q0	378608#1	0
2217	Q0	3533#2	0
2217	Q0	3533#26	0
2217	Q0	3533#49	0
2217	Q0	626018#2	0
2218	Q0	2730#5	1
2218	Q0	1130279#14	0
2218	Q0	148616#15	0
2218	Q0	3895992#1	0
2218	Q0	1391#7	0
2218	Q0	2730#4	0
2218	Q0	1724994#2	0
2218	Q0	1983#8	0
2218	Q0	1898520#3	0
2218	Q0	1773622#1	0
2218	Q0	1435965#30	0
2220	Q0	29883#3	1
2220	Q0	1678998#6	1
2220	Q0	29883#4	1
2220	Q0	29883#5	1
2220	Q0	1678998#4	1
2220	Q0	29883#0	1
2220	Q0	29883#8	0
2220	Q0	556122#1	0
2220	Q0	554880#16	0
2220	Q0	29883#1	0
2221	Q0	17388#0	1
2221	Q0	107331#0	1
2221	Q0	107331#5	1
2221	Q0	1796147#2	1
2221	Q0	1457630#2	0
2221	Q0	1457630#0	0
2221	Q0	718090#1	0
2221	Q0	17388#2	0
2221	Q0	6452#0	0
2221	Q0	17388#23	0
2222	Q0	1881013#3	1
2222	Q0	1881013#31	0
2222	Q0	1881013#24	0
2222	Q0	278618#14	0
2222	Q0	691853#6	0
2222	Q0	1881013#11	0
2222	Q0	278618#18	0
2222	Q0	1881013#27	0
2222	Q0	1881013#26	0
2222	Q0	1881013#1	0
2222	Q0	1881013#36	0
2223	Q0	957175#0	1
2223	Q0	957175#6	0
2223	Q0	3723728#0	0
2223	Q0	957175#1	0
2223	Q0	957175#8	0
2223	Q0	3723728#1	0
2223	Q0	957175#7	0
2223	Q0	1283525#0	0
2223	Q0	1283525#6	0
2223	Q0	3038851#4	0
2224	Q0	198786#2	1
2224	Q0	54449#2	1
2224	Q0	948826#18	1
2224	Q0	948826#6	0
2224	Q0	948826#5	0
2224	Q0	45912#1	0
2224	Q0	57784#1	0
2224	Q0	57784#0	0
2224	Q0	115833#9	0
2224	Q0	657256#0	0
2224	Q0	1001297#19	0
2225	Q0	3889582#8	1
2225	Q0	3889582#11	1
2225	Q0	3889582#1	1
2225	Q0	3889582#9	1
2225	Q0	3889582#19	1
2225	Q0	159075#3	1
2225	Q0	3889582#12	0
2225	Q0	297314#1	0
2225	Q0	253953#30	0
2225	Q0	414462#1	0
2226	Q0	242629#0	1
2226	Q0	1006972#2	1
2226	Q0	242629#20	0
2226	Q0	242629#17	0
2226	Q0	242629#25	0
2226	Q0	346577#78	0
2226	Q0	242629#22	0
2226	Q0	242629#3	0
2226	Q0	242629#13	0
2226	Q0	242629#6	0
2226	Q0	242629#5	0
2227	Q0	14925#4	1
2227	Q0	14925#1	1
2227	Q0	14925#35	0
2227	Q0	84288#2	0
2227	Q0	2126481#2	0
2227	Q0	467702#5	0
2227	Q0	818551#12	0
2227	Q0	1306744#4	0
2227	Q0	2126481#4	0
2227	Q0	234474#1	0
2227	Q0	1426296#1	0
2228	Q0	3578595#0	1
2228	Q0	3578595#16	0
2228	Q0	3578595#7	0
2228	Q0	3578595#10	0
2228	Q0	3578595#21	0
2228	Q0	3578595#14	0
2228	Q0	3578595#3	0
2228	Q0	3578595#36	0
2228	Q0	3578595#20	0
2228	Q0	3578595#12	0
2229	Q0	21286#1	1
2229	Q0	21286#3	1
2229	Q0	384376#12	0
2229	Q0	21286#0	0
2229	Q0	2834475#1	0
2229	Q0	332594#2	0
2229	Q0	1060852#4	0
2229	Q0	172088#47	0
2229	Q0	2646861#1	0
2229	Q0	1334067#0	0
2230	Q0	1797830#0	1
2230	Q0	1797830#4	1
2230	Q0	138112#27	1
2230	Q0	1797830#3	0
2230	Q0	1797830#6	0
2230	Q0	1382965#3	0
2230	Q0	1797830#5	0
2230	Q0	1797830#19	0
2230	Q0	750901#4	0
2230	Q0	317841#4	0
2231	Q0	35512#4	1
2231	Q0	35512#1	1
2231	Q0	35512#18	0
2231	Q0	35512#5	0
2231	Q0	35512#27	0
2231	Q0	35512#19	0
2231	Q0	35512#8	0
2231	Q0	1437239#0	0
2231	Q0	1582091#2	0
2231	Q0	35512#2	0
2232	Q0	2526235#0	1
2232	Q0	2526235#13	0
2232	Q0	2526235#1	0
2232	Q0	2526235#4	0
2232	Q0	2526235#12	0
2232	Q0	2526235#9	0
2232	Q0	2526235#20	0
2232	Q0	2711231#1	0
2232	Q0	2526235#3	0
2232	Q0	2526235#11	0
2233	Q0	190051#1	1
2233	Q0	1672#2	1
2233	Q0	973359#16	1
2233	Q0	190051#5	0
2233	Q0	3506859#14	0
2233	Q0	155360#5	0
2233	Q0	190051#11	0
2233	Q0	2549541#1	0
2233	Q0	2549541#0	0
2233	Q0	190051#3	0
2234	Q0	111480#19	1
2234	Q0	111480#17	1
2234	Q0	111480#25	1
2234	Q0	111480#8	0
2234	Q0	111480#15	0
2234	Q0	111480#1	0
2234	Q0	111480#0	0
2234	Q0	111480#24	0
2234	Q0	111480#16	0
2234	Q0	111480#31	0
2235	Q0	618991#41	1
2235	Q0	875395#5	1
2235	Q0	1121560#21	1
2235	Q0	1121560#11	1
2235	Q0	1121560#3	1
2235	Q0	1121560#10	1
2235	Q0	1121560#4	1
2235	Q0	146553#46	0
2235	Q0	411695#10	0
2235	Q0	1526#19	0
2235	Q0	1121560#25	0
2235	Q0	261486#8	0
2235	Q0	1210054#24	0
2235	Q0	1121560#2	0
2235	Q0	1121560#1	0
2235	Q0	1121560#44	0
2235	Q0	1121560#9	0
2237	Q0	15931#7	1
2237	Q0	493258#23	1
2237	Q0	15931#8	1
2237	Q0	212057#1	0
2237	Q0	191177#16	0
2237	Q0	15931#6	0
2237	Q0	283919#10	0
2237	Q0	83441#27	0
2237	Q0	22831#30	0
2237	Q0	13901#85	0
2238	Q0	6422#10	1
2238	Q0	6422#0	1
2238	Q0	6422#19	0
2238	Q0	6355#28	0
2238	Q0	6422#7	0
2238	Q0	6422#8	0
2238	Q0	6422#6	0
2238	Q0	6422#4	0
2238	Q0	6422#16	0
2238	Q0	6422#24	0
2239	Q0	1208671#3	1
2239	Q0	61068#0	1
2239	Q0	61068#5	1
2239	Q0	61085#1	1
2239	Q0	61068#11	1
2239	Q0	1208671#4	1
2239	Q0	93021#0	1
2239	Q0	1208671#1	1
2239	Q0	61068#1	1
2239	Q0	1208671#5	0
2239	Q0	61068#2	0
2240	Q0	3659095#0	1
2240	Q0	1908912#3	1
2240	Q0	3126927#8	0
2240	Q0	1908912#23	0
2240	Q0	2814854#36	0
2240	Q0	2358369#4	0
2240	Q0	3116754#34	0
2240	Q0	1968050#3	0
2240	Q0	2362078#1	0
2240	Q0	157371#2	0
2240	Q0	3117020#19	0
2241	Q0	40573#0	1
2241	Q0	2585613#0	1
2241	Q0	772442#0	1
2241	Q0	1435850#0	0
2241	Q0	584642#0	0
2241	Q0	40573#2	0
2241	Q0	2904648#0	0
2241	Q0	3038806#1	0
2241	Q0	772442#1	0
2241	Q0	3038895#0	0
2242	Q0	1304356#18	1
2242	Q0	1562147#23	1
2242	Q0	149144#4	1
2242	Q0	6245#0	1
2242	Q0	3566640#10	0
2242	Q0	6202#70	0
2242	Q0	118766#1	0
2242	Q0	1549240#4	0
2242	Q0	1409650#3	0
2242	Q0	298449#4	0
2242	Q0	6202#79	0
2243	Q0	105785#0	1
2243	Q0	2680145#46	0
2243	Q0	915709#3	0
2243	Q0	1166421#5	0
2243	Q0	2680145#79	0
2243	Q0	105785#9	0
2243	Q0	2680145#89	0
2243	Q0	2680145#19	0
2243	Q0	2266469#4	0
2243	Q0	2582332#5	0
2244	Q0	10740#11	1
2244	Q0	46670#20	0
2244	Q0	82812#20	0
2244	Q0	1346833#48	0
2244	Q0	45788#32	0
2244	Q0	2159402#3	0
2244	Q0	45788#36	0
2244	Q0	45788#20	0
2244	Q0	10740#20	0
2244	Q0	1346833#44	0
2246	Q0	6970#26	1
2246	Q0	6970#0	1
2246	Q0	6970#5	1
2246	Q0	6972#9	0
2246	Q0	6970#27	0
2246	Q0	2165031#2	0
2246	Q0	6972#0	0
2246	Q0	3885224#28	0
2246	Q0	730106#2	0
2246	Q0	3027679#1	0
2247	Q0	440884#5	1
2247	Q0	1259588#1	0
2247	Q0	440884#14	0
2247	Q0	440884#2	0
2247	Q0	440884#19	0
2247	Q0	440884#7	0
2247	Q0	1259588#5	0
2247	Q0	3583522#0	0
2247	Q0	440884#0	0
2247	Q0	2984366#8	0
2248	Q0	3044120#0	1
2248	Q0	3044120#1	1
2248	Q0	3044120#3	0
2248	Q0	3044120#35	0
2248	Q0	3044120#36	0
2248	Q0	3044120#7	0
2248	Q0	3044120#37	0
2248	Q0	3044120#2	0
2248	Q0	3044120#14	0
2248	Q0	3044120#11	0
2248	Q0	3044120#5	0
2249	Q0	2540473#1	1
2249	Q0	274970#7	0
2249	Q0	29058#6	0
2249	Q0	993135#36	0
2249	Q0	1181273#0	0
2249	Q0	203579#1	0
2249	Q0	2540473#3	0
2249	Q0	221166#3	0
2249	Q0	1212224#0	0
2249	Q0	899946#16	0
2250	Q0	3315892#6	1
2250	Q0	3315892#7	1
2250	Q0	3315892#8	0
2250	Q0	3315892#0	0
2250	Q0	3315892#9	0
2250	Q0	3315892#12	0
2250	Q0	3315892#18	0
2250	Q0	3315892#3	0
2250	Q0	3315892#4	0
2250	Q0	3315892#5	0
2251	Q0	1095478#20	1
2251	Q0	397249#0	1
2251	Q0	63586#0	1
2251	Q0	397255#0	1
2251	Q0	5697#1	0
2251	Q0	5697#14	0
2251	Q0	5697#241	0
2251	Q0	447543#0	0
2251	Q0	106511#8	0
2251	Q0	203684#0	0
2253	Q0	44251#0	1
2253	Q0	44251#2	0
2253	Q0	915559#1	0
2253	Q0	1858526#4	0
2253	Q0	1858526#0	0
2253	Q0	85437#8	0
2253	Q0	44251#12	0
2253	Q0	44251#3	0
2253	Q0	44251#6	0
2253	Q0	1994881#0	0
2254	Q0	3290277#0	1
2254	Q0	3101123#1	0
2254	Q0	2933773#4	0
2254	Q0	526658#3	0
2254	Q0	2933811#2	0
2254	Q0	751444#1	0
2254	Q0	330705#3	0
2254	Q0	14765#4	0
2254	Q0	3219471#3	0
2254	Q0	1133373#2	0
2255	Q0	2116218#31	1
2255	Q0	1317867#5	1
2255	Q0	3218118#1	1
2255	Q0	3218118#3	1
2255	Q0	1317867#0	1
2255	Q0	3218118#5	0
2255	Q0	57038#90	0
2255	Q0	1317867#19	0
2255	Q0	174252#15	0
2255	Q0	2780658#10	0
2257	Q0	523562#0	1
2257	Q0	2556511#13	1
2257	Q0	523562#1	0
2257	Q0	2569305#5	0
2257	Q0	2367131#0	0
2257	Q0	569098#0	0
2257	Q0	523562#3	0
2257	Q0	523562#5	0
2257	Q0	523562#4	0
2257	Q0	523562#2	0
2258	Q0	754593#1	1
2258	Q0	1240567#89	0
2258	Q0	3102112#2	0
2258	Q0	754593#2	0
2258	Q0	1005735#3	0
2258	Q0	754593#3	0
2258	Q0	3226768#3	0
2258	Q0	3102112#4	0
2258	Q0	2302460#11	0
2258	Q0	1240567#11	0
2258	Q0	161974#8	0
2259	Q0	3694578#6	1
2259	Q0	3694578#5	1
2259	Q0	3694578#2	0
2259	Q0	3694578#10	0
2259	Q0	3694578#13	0
2259	Q0	3694578#15	0
2259	Q0	3694578#8	0
2259	Q0	3694578#0	0
2259	Q0	1026379#3	0
2259	Q0	3694578#16	0
2259	Q0	3694578#14	0
2260	Q0	241588#26	1
2260	Q0	3634652#2	0
2260	Q0	2453918#3	0
2260	Q0	1014010#8	0
2260	Q0	2860116#10	0
2260	Q0	3564909#32	0
2260	Q0	710015#5	0
2260	Q0	2397291#4	0
2260	Q0	1300452#43	0
2260	Q0	2397291#5	0
2260	Q0	2397291#6	0
2260	Q0	2397291#7	0
2261	Q0	3793505#1	1
2261	Q0	789188#13	0
2261	Q0	264442#2	0
2261	Q0	4992#14	0
2261	Q0	324429#10	0
2261	Q0	764090#6	0
2261	Q0	560559#1	0
2261	Q0	1376955#9	0
2261	Q0	2408785#12	0
2261	Q0	10904#0	0
2261	Q0	3859566#1	0
2262	Q0	607173#0	1
2262	Q0	607173#7	1
2262	Q0	607173#10	1
2262	Q0	607173#32	0
2262	Q0	607173#14	0
2262	Q0	2982930#14	0
2262	Q0	607173#22	0
2262	Q0	607173#20	0
2262	Q0	607173#5	0
2262	Q0	607173#30	0
2263	Q0	168164#4	1
2263	Q0	407591#2	1
2263	Q0	203948#3	1
2263	Q0	407591#3	0
2263	Q0	168164#53	0
2263	Q0	407591#0	0
2263	Q0	407591#10	0
2263	Q0	1354258#8	0
2263	Q0	168164#54	0
2263	Q0	168164#18	0
2264	Q0	25061#0	1
2264	Q0	3618465#0	1
2264	Q0	25061#28	0
2264	Q0	25061#16	0
2264	Q0	25061#24	0
2264	Q0	3480101#9	0
2264	Q0	3480101#11	0
2264	Q0	25061#15	0
2264	Q0	3532044#17	0
2264	Q0	25061#5	0
2266	Q0	114959#2	1
2266	Q0	1943254#22	1
2266	Q0	1943254#25	0
2266	Q0	2761479#1	0
2266	Q0	2317787#3	0
2266	Q0	1943254#23	0
2266	Q0	1943254#84	0
2266	Q0	2592501#2	0
2266	Q0	2812899#2	0
2266	Q0	2592501#6	0
2266	Q0	299673#2	0
2268	Q0	2733151#0	1
2268	Q0	2733151#1	0
2268	Q0	78664#1	0
2268	Q0	2733151#5	0
2268	Q0	1951394#1	0
2268	Q0	1247639#2	0
2268	Q0	2733151#3	0
2268	Q0	2733151#6	0
2268	Q0	2733151#2	0
2268	Q0	3038208#20	0
2270	Q0	990202#0	1
2270	Q0	3636986#3	0
2270	Q0	990202#1	0
2270	Q0	990202#6	0
2270	Q0	31739#0	0
2270	Q0	990202#5	0
2270	Q0	990202#7	0
2270	Q0	990202#13	0
2270	Q0	990202#8	0
2270	Q0	2105753#1	0
2271	Q0	561#0	1
2271	Q0	561#2	0
2271	Q0	711200#1	0
2271	Q0	3633295#1	0
2271	Q0	1318546#0	0
2271	Q0	2384715#2	0
2271	Q0	445183#1	0
2271	Q0	2910222#4	0
2271	Q0	561#1	0
2271	Q0	2131924#1	0
2272	Q0	3882433#4	1
2272	Q0	3882433#3	1
2272	Q0	3882433#0	1
2272	Q0	3882433#13	0
2272	Q0	3882433#1	0
2272	Q0	3882433#9	0
2272	Q0	3882433#7	0
2272	Q0	3882433#6	0
2272	Q0	3882433#2	0
2272	Q0	3882433#5	0
2273	Q0	1898682#3	1
2273	Q0	6376#1	0
2273	Q0	1898682#1	0
2273	Q0	2188147#15	0
2273	Q0	780313#2	0
2273	Q0	53733#2	0
2273	Q0	1698859#34	0
2273	Q0	2928109#0	0
2273	Q0	1898682#4	0
2273	Q0	147836#16	0
2274	Q0	2662255#53	1
2274	Q0	1825214#2	1
2274	Q0	1825214#1	1
2274	Q0	1825214#4	1
2274	Q0	13420#156	0
2274	Q0	460876#9	0
2274	Q0	115643#25	0
2274	Q0	622221#4	0
2274	Q0	622221#9	0
2274	Q0	2662255#138	0
2274	Q0	3552724#21	0
2274	Q0	69360#47	0
2274	Q0	69360#19	0
2274	Q0	1825214#3	0
2275	Q0	434064#32	1
2275	Q0	35630#1	1
2275	Q0	1568226#6	0
2275	Q0	35630#0	0
2275	Q0	2753541#74	0
2275	Q0	35630#13	0
2275	Q0	115827#2	0
2275	Q0	196525#5	0
2275	Q0	285002#16	0
2275	Q0	35630#26	0
2275	Q0	1568226#0	0
2276	Q0	1296632#2	1
2276	Q0	55405#5	0
2276	Q0	747070#1	0
2276	Q0	2458120#3	0
2276	Q0	347816#1	0
2276	Q0	372573#31	0
2276	Q0	55405#2	0
2276	Q0	1331464#141	0
2276	Q0	55405#11	0
2276	Q0	769590#9	0
2277	Q0	74014#3	1
2277	Q0	118500#4	0
2277	Q0	74014#6	0
2277	Q0	2459898#16	0
2277	Q0	286365#9	0
2277	Q0	74382#8	0
2277	Q0	504488#6	0
2277	Q0	74014#1	0
2277	Q0	1617856#16	0
2277	Q0	3529605#9	0
2277	Q0	74014#8	0
2278	Q0	927961#8	1
2278	Q0	927961#52	0
2278	Q0	3752472#102	0
2278	Q0	48712#17	0
2278	Q0	2966174#2	0
2278	Q0	501078#10	0
2278	Q0	108296#3	0
2278	Q0	686577#1	0
2278	Q0	503622#2	0
2278	Q0	491511#5	0
2278	Q0	2375860#51	0
2282	Q0	376650#1	1
2282	Q0	46898#0	1
2282	Q0	46898#14	1
2282	Q0	46898#8	0
2282	Q0	1011181#1	0
2282	Q0	1032398#1	0
2282	Q0	46898#10	0
2282	Q0	46898#1	0
2282	Q0	2469716#8	0
2282	Q0	218237#5	0
2283	Q0	10445#2	1
2283	Q0	33298#3	0
2283	Q0	211356#10	0
2283	Q0	507563#18	0
2283	Q0	1310743#5	0
2283	Q0	1045057#8	0
2283	Q0	10445#28	0
2283	Q0	8205#8	0
2283	Q0	10446#13	0
2283	Q0	1115659#17	0
2283	Q0	832386#2	0
2284	Q0	218090#2	1
2284	Q0	218090#10	1
2284	Q0	218090#9	1
2284	Q0	218090#1	1
2284	Q0	218090#5	1
2284	Q0	218090#3	0
2284	Q0	218090#14	0
2284	Q0	218090#18	0
2284	Q0	218090#11	0
2284	Q0	218090#6	0
2285	Q0	13325#13	1
2285	Q0	534549#2	1
2285	Q0	13325#2	1
2285	Q0	252479#0	0
2285	Q0	13325#28	0
2285	Q0	2320840#1	0
2285	Q0	252479#19	0
2285	Q0	585193#22	0
2285	Q0	13325#37	0
2285	Q0	13325#9	0
2285	Q0	2504718#2	0
2286	Q0	272196#1	1
2286	Q0	272196#8	1
2286	Q0	272196#0	0
2286	Q0	272196#7	0
2286	Q0	272196#2	0
2286	Q0	272196#3	0
2286	Q0	510818#0	0
2286	Q0	13991#4	0
2286	Q0	921789#0	0
2286	Q0	13991#2	0
2287	Q0	6130#10	1
2287	Q0	1818451#2	1
2287	Q0	67488#34	1
2287	Q0	67488#21	1
2287	Q0	67488#3	1
2287	Q0	67488#43	0
2287	Q0	684371#38	0
2287	Q0	1916932#5	0
2287	Q0	1690591#2	0
2287	Q0	1690591#0	0
2287	Q0	1690591#14	0
2289	Q0	205863#24	1
2289	Q0	205863#2	0
2289	Q0	205863#9	0
2289	Q0	7317#28	0
2289	Q0	205863#0	0
2289	Q0	7317#32	0
2289	Q0	7317#23	0
2289	Q0	205863#23	0
2289	Q0	205863#5	0
2289	Q0	2560886#0	0
2290	Q0	1040676#0	1
2290	Q0	1040676#2	0
2290	Q0	1040676#29	0
2290	Q0	950762#1	0
2290	Q0	2902093#1	0
2290	Q0	48861#1	0
2290	Q0	2817303#0	0
2290	Q0	1040676#25	0
2290	Q0	818798#3	0
2290	Q0	1225865#1	0
2291	Q0	1413280#3	1
2291	Q0	1413280#0	1
2291	Q0	2776993#7	1
2291	Q0	1413280#5	0
2291	Q0	1413280#4	0
2291	Q0	3863113#1	0
2291	Q0	1225364#6	0
2291	Q0	1349206#0	0
2291	Q0	1413280#16	0
2291	Q0	2741286#2	0
2292	Q0	1315263#0	1
2292	Q0	418967#2	0
2292	Q0	418080#2	0
2292	Q0	418082#2	0
2292	Q0	1315263#36	0
2292	Q0	1307136#2	0
2292	Q0	1568111#1	0
2292	Q0	1315263#32	0
2292	Q0	1315263#10	0
2292	Q0	1315263#2	0
2292	Q0	918498#1	0
2292	Q0	918498#0	0
2292	Q0	918498#4	0
2294	Q0	58814#0	1
2294	Q0	754637#1	1
2294	Q0	1935817#0	1
2294	Q0	420574#0	1
2294	Q0	2098940#16	1
2294	Q0	5040#74	0
2294	Q0	5040#1	0
2294	Q0	2622264#3	0
2294	Q0	58814#41	0
2294	Q0	3234272#0	0
2295	Q0	126414#0	1
2295	Q0	86122#0	0
2295	Q0	425264#4	0
2295	Q0	126414#4	0
2295	Q0	1967216#1	0
2295	Q0	356746#0	0
2295	Q0	116188#1	0
2295	Q0	3148908#2	0
2295	Q0	3715401#1	0
2295	Q0	1843204#0	0
2298	Q0	17193#1	1
2298	Q0	1430461#0	0
2298	Q0	20245#45	0
2298	Q0	2386007#2	0
2298	Q0	532742#2	0
2298	Q0	3360544#1	0
2298	Q0	3382145#1	0
2298	Q0	569633#9	0
2298	Q0	3747#4	0
2298	Q0	716105#2	0
2299	Q0	45612#1	1
2299	Q0	45612#0	0
2299	Q0	45612#3	0
2299	Q0	2063812#6	0
2299	Q0	506757#0	0
2299	Q0	2344205#0	0
2299	Q0	15004#2	0
2299	Q0	2216983#7	0
2299	Q0	371400#1	0
2299	Q0	164730#1	0
2300	Q0	57329#3	1
2300	Q0	57329#25	0
2300	Q0	3272244#1	0
2300	Q0	307187#1	0
2300	Q0	650174#1	0
2300	Q0	381187#1	0
2300	Q0	358687#2	0
2300	Q0	3865994#1	0
2300	Q0	848218#2	0
2300	Q0	112035#1	0
2301	Q0	123890#0	1
2301	Q0	123890#2	1
2301	Q0	709042#8	0
2301	Q0	123890#9	0
2301	Q0	123890#7	0
2301	Q0	123890#13	0
2301	Q0	123890#4	0
2301	Q0	123890#21	0
2301	Q0	123890#3	0
2301	Q0	608653#7	0
2302	Q0	13236#0	1
2302	Q0	13236#2	1
2302	Q0	13236#81	0
2302	Q0	13236#1	0
2302	Q0	13236#23	0
2302	Q0	499016#2	0
2302	Q0	242602#1	0
2302	Q0	95531#2	0
2302	Q0	3633527#2	0
2302	Q0	409759#1	0
2302	Q0	1978645#1	0
2303	Q0	1708528#0	1
2303	Q0	1708528#1	0
2303	Q0	1708528#3	0
2303	Q0	519399#2	0
2303	Q0	1708528#15	0
2303	Q0	902652#1	0
2303	Q0	2651765#1	0
2303	Q0	1998734#0	0
2303	Q0	519399#3	0
2303	Q0	1942200#1	0
2304	Q0	30781#1	1
2304	Q0	510564#59	0
2304	Q0	44061#19	0
2304	Q0	1954227#10	0
2304	Q0	3692035#5	0
2304	Q0	3269212#8	0
2304	Q0	536393#73	0
2304	Q0	3506098#25	0
2304	Q0	2125129#19	0
2304	Q0	1584892#1	0
2304	Q0	34694#13	0
2305	Q0	2747#2	1
2305	Q0	630597#8	0
2305	Q0	1198914#0	0
2305	Q0	1198914#2	0
2305	Q0	2747#0	0
2305	Q0	2747#5	0
2305	Q0	2682097#2	0
2305	Q0	221313#2	0
2305	Q0	960310#6	0
2305	Q0	1144404#0	0
2306	Q0	80243#0	1
2306	Q0	16054#4	0
2306	Q0	717628#0	0
2306	Q0	80243#35	0
2306	Q0	361141#0	0
2306	Q0	80243#36	0
2306	Q0	13570#0	0
2306	Q0	2687750#2	0
2306	Q0	16044#4	0
2306	Q0	16044#1	0
2307	Q0	1926832#1	1
2307	Q0	1926832#6	1
2307	Q0	1926832#7	0
2307	Q0	1926832#9	0
2307	Q0	1926832#13	0
2307	Q0	1926832#0	0
2307	Q0	1926832#11	0
2307	Q0	1926832#20	0
2307	Q0	1926832#23	0
2307	Q0	1926832#12	0
2309	Q0	9416#52	1
2309	Q0	320566#1	1
2309	Q0	9416#48	0
2309	Q0	9416#0	0
2309	Q0	5821#0	0
2309	Q0	255643#5	0
2309	Q0	52189#8	0
2309	Q0	15706#0	0
2309	Q0	52189#6	0
2309	Q0	573982#3	0
2310	Q0	75847#817	1
2310	Q0	970349#3	1
2310	Q0	75847#790	1
2310	Q0	121334#60	1
2310	Q0	75847#458	0
2310	Q0	23852#21	0
2310	Q0	705296#82	0
2310	Q0	311786#37	0
2310	Q0	27449#10	0
2310	Q0	30576#4	0
2310	Q0	863524#3	0
2311	Q0	32967#0	1
2311	Q0	15558#24	1
2311	Q0	43032#19	0
2311	Q0	32967#6	0
2311	Q0	3474935#0	0
2311	Q0	239932#12	0
2311	Q0	32967#10	0
2311	Q0	32967#2	0
2311	Q0	32967#21	0
2311	Q0	32967#13	0
2314	Q0	290828#0	1
2314	Q0	816474#15	0
2314	Q0	1636#15	0
2314	Q0	290828#7	0
2314	Q0	816474#19	0
2314	Q0	290828#12	0
2314	Q0	3326007#65	0
2314	Q0	290828#6	0
2314	Q0	816474#16	0
2314	Q0	2300847#2	0
2315	Q0	35915#0	1
2315	Q0	2329977#1	0
2315	Q0	2439977#63	0
2315	Q0	2329977#5	0
2315	Q0	2329977#11	0
2315	Q0	2329977#10	0
2315	Q0	648762#1	0
2315	Q0	648762#0	0
2315	Q0	2329977#15	0
2315	Q0	2439977#57	0
2316	Q0	940779#4	1
2316	Q0	725095#287	0
2316	Q0	2543844#3	0
2316	Q0	725095#5	0
2316	Q0	2635667#1	0
2316	Q0	1605159#16	0
2316	Q0	180147#9	0
2316	Q0	3580114#49	0
2316	Q0	6139#22	0
2316	Q0	1605159#67	0
2316	Q0	2635667#15	0
2319	Q0	234422#0	1
2319	Q0	1369623#5	1
2319	Q0	3112427#12	1
2319	Q0	180318#4	1
2319	Q0	180252#0	0
2319	Q0	2282793#3	0
2319	Q0	57206#5	0
2319	Q0	1778392#4	0
2319	Q0	1764652#0	0
2319	Q0	180318#8	0
2319	Q0	1764652#10	0
2321	Q0	1546072#0	1
2321	Q0	1546072#5	0
2321	Q0	1546072#1	0
2321	Q0	1546072#2	0
2321	Q0	1546072#3	0
2321	Q0	1546072#4	0
2321	Q0	1546072#13	0
2321	Q0	1546072#11	0
2321	Q0	1546072#12	0
2321	Q0	1761962#19	0
2322	Q0	204240#2	1
2322	Q0	204240#0	1
2322	Q0	2895225#2	0
2322	Q0	1750670#1	0
2322	Q0	423593#1	0
2322	Q0	3836257#1	0
2322	Q0	3390702#1	0
2322	Q0	1579070#1	0
2322	Q0	3145938#2	0
2322	Q0	2123799#1	0
2323	Q0	373659#2	1
2323	Q0	373659#16	0
2323	Q0	2402317#2	0
2323	Q0	1204972#2	0
2323	Q0	373659#3	0
2323	Q0	663246#1	0
2323	Q0	2490577#1	0
2323	Q0	373659#0	0
2323	Q0	506#12	0
2323	Q0	516749#70	0
2323	Q0	925599#0	0
2325	Q0	17975#1	1
2325	Q0	17975#6	1
2325	Q0	17975#20	0
2325	Q0	17975#7	0
2325	Q0	657544#9	0
2325	Q0	17975#21	0
2325	Q0	34150#2	0
2325	Q0	132968#6	0
2325	Q0	33233#3	0
2325	Q0	330952#5	0
2326	Q0	3800121#16	1
2326	Q0	10053#1	1
2326	Q0	160786#7	0
2326	Q0	9951#6	0
2326	Q0	170966#40	0
2326	Q0	291496#3	0
2326	Q0	1249801#49	0
2326	Q0	369822#0	0
2326	Q0	2729055#1	0
2326	Q0	333358#8	0
2326	Q0	3116229#1	0
2327	Q0	187068#1	1
2327	Q0	1727652#169	0
2327	Q0	412084#20	0
2327	Q0	2826216#7	0
2327	Q0	842053#21	0
2327	Q0	1896846#3	0
2327	Q0	3359262#4	0
2327	Q0	1500787#4	0
2327	Q0	1727652#157	0
2327	Q0	3539429#4	0
2328	Q0	3528620#0	1
2328	Q0	3528620#3	0
2328	Q0	3528620#15	0
2328	Q0	3528620#26	0
2328	Q0	3528620#4	0
2328	Q0	986949#1	0
2328	Q0	922595#0	0
2328	Q0	1186034#0	0
2328	Q0	3528620#23	0
2328	Q0	3528620#1	0
2329	Q0	1914258#0	1
2329	Q0	1914258#6	0
2329	Q0	1914258#8	0
2329	Q0	1914258#13	0
2329	Q0	1914258#17	0
2329	Q0	1914258#15	0
2329	Q0	1914258#18	0
2329	Q0	1914258#4	0
2329	Q0	1914258#7	0
2329	Q0	1914258#12	0
2330	Q0	1029125#0	1
2330	Q0	3814918#10	0
2330	Q0	2909856#4	0
2330	Q0	687074#1	0
2330	Q0	3289932#0	0
2330	Q0	3628732#6	0
2330	Q0	3451023#3	0
2330	Q0	898497#1	0
2330	Q0	172130#10	0
2330	Q0	2920709#1	0
2331	Q0	75514#9	1
2331	Q0	75514#0	0
2331	Q0	75514#14	0
2331	Q0	75514#6	0
2331	Q0	1774643#6	0
2331	Q0	75514#22	0
2331	Q0	3237360#19	0
2331	Q0	3392821#1	0
2331	Q0	75514#20	0
2331	Q0	75514#3	0
2332	Q0	6947#33	1
2332	Q0	3009662#0	1
2332	Q0	6947#0	1
2332	Q0	37030#0	1
2332	Q0	525487#0	1
2332	Q0	2515217#0	1
2332	Q0	3133860#0	1
2332	Q0	6947#39	0
2332	Q0	189568#0	0
2332	Q0	189568#3	0
2333	Q0	2799063#0	1
2333	Q0	116831#10	1
2333	Q0	116831#22	0
2333	Q0	978827#1	0
2333	Q0	262017#3	0
2333	Q0	303524#3	0
2333	Q0	359820#4	0
2333	Q0	116831#19	0
2333	Q0	123850#1	0
2333	Q0	116831#11	0
2335	Q0	1625815#1	1
2335	Q0	1657375#12	0
2335	Q0	2509130#35	0
2335	Q0	314339#11	0
2335	Q0	358548#1	0
2335	Q0	1913325#16	0
2335	Q0	2509252#1	0
2335	Q0	314339#9	0
2335	Q0	2509083#32	0
2335	Q0	314339#34	0
2335	Q0	2509083#34	0
2336	Q0	8636#14	1
2336	Q0	8451#18	1
2336	Q0	8636#2	1
2336	Q0	304960#13	0
2336	Q0	679286#11	0
2336	Q0	134579#5	0
2336	Q0	56779#12	0
2336	Q0	29172#12	0
2336	Q0	366231#8	0
2336	Q0	591751#14	0
2337	Q0	744621#2	1
2337	Q0	744621#27	0
2337	Q0	744621#60	0
2337	Q0	744621#55	0
2337	Q0	744621#68	0
2337	Q0	744621#19	0
2337	Q0	744621#124	0
2337	Q0	744621#76	0
2337	Q0	744621#30	0
2337	Q0	744621#106	0
2341	Q0	194766#0	1
2341	Q0	194766#6	1
2341	Q0	8855#9	1
2341	Q0	873879#1	1
2341	Q0	194766#9	0
2341	Q0	8855#15	0
2341	Q0	194766#2	0
2341	Q0	194766#7	0
2341	Q0	8685#11	0
2341	Q0	1598950#5	0
2342	Q0	1231582#0	1
2342	Q0	1222099#3	1
2342	Q0	1231582#11	0
2342	Q0	1231582#6	0
2342	Q0	1231582#5	0
2342	Q0	1231582#4	0
2342	Q0	1231582#12	0
2342	Q0	1231582#7	0
2342	Q0	1222099#6	0
2342	Q0	1231582#8	0
2343	Q0	1767261#2	1
2343	Q0	1767261#0	1
2343	Q0	1767261#1	0
2343	Q0	1767261#19	0
2343	Q0	1767261#8	0
2343	Q0	1767261#9	0
2343	Q0	1767261#6	0
2343	Q0	1767261#3	0
2343	Q0	1767261#12	0
2343	Q0	1767261#7	0
2344	Q0	2740876#3	1
2344	Q0	2267653#1	1
2344	Q0	1159154#1	1
2344	Q0	13783#261	1
2344	Q0	13783#5	1
2344	Q0	13783#260	0
2344	Q0	902752#8	0
2344	Q0	30075#5	0
2344	Q0	2770252#2	0
2344	Q0	13783#278	0
2344	Q0	29663#31	0
2345	Q0	3895537#1	1
2345	Q0	3895537#15	0
2345	Q0	3895537#16	0
2345	Q0	3895537#10	0
2345	Q0	3895537#18	0
2345	Q0	1679762#17	0
2345	Q0	3895537#25	0
2345	Q0	66628#20	0
2345	Q0	1653412#11	0
2345	Q0	3895537#7	0
2346	Q0	588593#10	1
2346	Q0	2373532#14	0
2346	Q0	414682#10	0
2346	Q0	491694#29	0
2346	Q0	3516812#8	0
2346	Q0	588593#14	0
2346	Q0	451737#12	0
2346	Q0	689393#4	0
2346	Q0	1025333#10	0
2346	Q0	2373532#15	0
2347	Q0	5937#0	1
2347	Q0	299722#1	1
2347	Q0	3118983#22	0
2347	Q0	299722#7	0
2347	Q0	299722#15	0
2347	Q0	571982#28	0
2347	Q0	5937#32	0
2347	Q0	5937#36	0
2347	Q0	5937#9	0
2347	Q0	3465#0	0
2347	Q0	3133591#4	0
2348	Q0	1952#7	1
2348	Q0	864891#21	0
2348	Q0	1952#11	0
2348	Q0	633092#2	0
2348	Q0	1952#9	0
2348	Q0	437438#2	0
2348	Q0	1952#47	0
2348	Q0	1952#5	0
2348	Q0	65558#15	0
2348	Q0	2086095#6	0
2349	Q0	58814#0	1
2349	Q0	754637#1	1
2349	Q0	1935817#0	1
2349	Q0	420574#0	1
2349	Q0	2098940#16	1
2349	Q0	5040#74	0
2349	Q0	2622264#3	0
2349	Q0	58814#41	0
2349	Q0	152393#1	0
2349	Q0	65008#0	0
2350	Q0	783717#4	1
2350	Q0	695053#2	1
2350	Q0	2342714#0	0
2350	Q0	783717#0	0
2350	Q0	783717#5	0
2350	Q0	502852#6	0
2350	Q0	682741#5	0
2350	Q0	2258413#4	0
2350	Q0	2904293#0	0
2350	Q0	2904293#1	0
2351	Q0	264801#0	1
2351	Q0	121837#71	1
2351	Q0	264801#1	1
2351	Q0	86476#19	1
2351	Q0	3801266#2	0
2351	Q0	818627#10	0
2351	Q0	25153#71	0
2351	Q0	3841608#14	0
2351	Q0	121837#81	0
2351	Q0	508655#4	0
2352	Q0	27246#0	1
2352	Q0	27149#1	1
2352	Q0	27246#6	0
2352	Q0	27149#35	0
2352	Q0	27149#20	0
2352	Q0	991725#4	0
2352	Q0	27246#4	0
2352	Q0	27246#3	0
2352	Q0	3524899#10	0
2352	Q0	1891526#0	0
2353	Q0	3855#1	1
2353	Q0	3659095#0	0
2353	Q0	3659095#10	0
2353	Q0	3659095#13	0
2353	Q0	3607606#16	0
2353	Q0	2346979#26	0
2353	Q0	2346979#3	0
2353	Q0	3367180#2	0
2353	Q0	2346979#19	0
2353	Q0	3607606#8	0
2354	Q0	820064#2	1
2354	Q0	820064#14	0
2354	Q0	820064#1	0
2354	Q0	820064#9	0
2354	Q0	820064#6	0
2354	Q0	820064#0	0
2354	Q0	820064#11	0
2354	Q0	1003186#344	0
2354	Q0	538282#3	0
2354	Q0	505743#4	0
2356	Q0	1467632#0	1
2356	Q0	442460#5	1
2356	Q0	1467632#7	0
2356	Q0	1467632#9	0
2356	Q0	1467632#3	0
2356	Q0	1467632#4	0
2356	Q0	1467632#14	0
2356	Q0	1467632#10	0
2356	Q0	1467632#1	0
2356	Q0	1467632#28	0
2356	Q0	1467632#12	0
2357	Q0	41173#4	1
2357	Q0	2270342#1	0
2357	Q0	57#23	0
2357	Q0	32922#33	0
2357	Q0	41173#18	0
2357	Q0	41173#19	0
2357	Q0	2271499#1	0
2357	Q0	358252#0	0
2357	Q0	43052#19	0
2357	Q0	905368#1	0
2360	Q0	1163462#0	1
2360	Q0	1163462#67	0
2360	Q0	2956854#0	0
2360	Q0	1163462#13	0
2360	Q0	14096#4	0
2360	Q0	468138#5	0
2360	Q0	2930714#2	0
2360	Q0	1163462#17	0
2360	Q0	2930709#4	0
2360	Q0	1163462#14	0
2364	Q0	1315451#0	1
2364	Q0	2345653#2	1
2364	Q0	1315451#4	1
2364	Q0	1315451#16	0
2364	Q0	365706#6	0
2364	Q0	1315451#5	0
2364	Q0	1315451#21	0
2364	Q0	1315451#8	0
2364	Q0	1315451#3	0
2364	Q0	365706#4	0
2364	Q0	1315451#23	0
2366	Q0	450848#10	1
2366	Q0	112959#0	1
2366	Q0	82997#1	0
2366	Q0	3581922#0	0
2366	Q0	1783479#0	0
2366	Q0	174580#11	0
2366	Q0	2237702#1	0
2366	Q0	112959#51	0
2366	Q0	242111#14	0
2366	Q0	1154700#0	0
2366	Q0	392386#5	0
2367	Q0	3446758#0	1
2367	Q0	1340758#0	0
2367	Q0	3416317#0	0
2367	Q0	1340758#8	0
2367	Q0	3446758#11	0
2367	Q0	3569595#2	0
2367	Q0	1340758#6	0
2367	Q0	3446758#12	0
2367	Q0	3446758#6	0
2367	Q0	1340758#12	0
2368	Q0	402478#7	1
2368	Q0	402478#14	0
2368	Q0	41268#12	0
2368	Q0	2895714#9	0
2368	Q0	2895766#11	0
2368	Q0	402478#10	0
2368	Q0	2895749#9	0
2368	Q0	402478#6	0
2368	Q0	1438959#58	0
2368	Q0	2891666#7	0
2368	Q0	3013713#3	0
2369	Q0	12110#4	1
2369	Q0	86374#5	0
2369	Q0	1518200#10	0
2369	Q0	12110#3	0
2369	Q0	286332#1	0
2369	Q0	530532#2	0
2369	Q0	12110#6	0
2369	Q0	12110#0	0
2369	Q0	735468#5	0
2369	Q0	12110#8	0
2369	Q0	993090#2	0
2370	Q0	3025535#5	1
2370	Q0	3025535#163	1
2370	Q0	3025535#144	0
2370	Q0	3025535#200	0
2370	Q0	3025535#0	0
2370	Q0	3025535#141	0
2370	Q0	3025535#188	0
2370	Q0	3025535#39	0
2370	Q0	3025535#41	0
2370	Q0	3025535#206	0
2371	Q0	335643#0	1
2371	Q0	335643#12	1
2371	Q0	335643#3	1
2371	Q0	1406173#26	1
2371	Q0	335643#7	1
2371	Q0	335643#30	1
2371	Q0	335643#19	0
2371	Q0	335643#17	0
2371	Q0	335643#21	0
2371	Q0	335643#10	0
2372	Q0	3525166#4	1
2372	Q0	3525166#33	0
2372	Q0	3643901#39	0
2372	Q0	3530328#2	0
2372	Q0	3530328#1	0
2372	Q0	3525166#0	0
2372	Q0	3525166#3	0
2372	Q0	3525166#20	0
2372	Q0	3525166#24	0
2372	Q0	3525166#7	0
2374	Q0	2222929#0	1
2374	Q0	2222929#3	0
2374	Q0	3192619#1	0
2374	Q0	528655#5	0
2374	Q0	1705217#1	0
2374	Q0	1024851#1	0
2374	Q0	2222929#4	0
2374	Q0	902247#1	0
2374	Q0	3865661#1	0
2374	Q0	241075#3	0
2375	Q0	2710182#4	1
2375	Q0	2349130#6	1
2375	Q0	777485#5	0
2375	Q0	2349130#14	0
2375	Q0	8956#34	0
2375	Q0	2349130#8	0
2375	Q0	8956#33	0
2375	Q0	2349130#15	0
2375	Q0	2349130#9	0
2375	Q0	2349130#39	0
2376	Q0	99550#7	1
2376	Q0	15119#2	0
2376	Q0	112570#1	0
2376	Q0	1558650#5	0
2376	Q0	212677#8	0
2376	Q0	1738652#13	0
2376	Q0	250495#4	0
2376	Q0	111866#1	0
2376	Q0	1253165#6	0
2376	Q0	1936467#1	0
2376	Q0	15119#0	0
2377	Q0	2110067#2	1
2377	Q0	188282#6	1
2377	Q0	21044#1	0
2377	Q0	2384201#1	0
2377	Q0	2615654#10	0
2377	Q0	1735230#2	0
2377	Q0	2615656#41	0
2377	Q0	1725854#4	0
2377	Q0	2378811#2	0
2377	Q0	1860790#1	0
2377	Q0	3212473#2	0
2378	Q0	8863#7	1
2378	Q0	140098#1	1
2378	Q0	140098#7	1
2378	Q0	541623#4	0
2378	Q0	51605#6	0
2378	Q0	1780667#1	0
2378	Q0	2377890#39	0
2378	Q0	1278146#76	0
2378	Q0	3478961#8	0
2378	Q0	996#10	0
2378	Q0	51605#5	0
2379	Q0	1068762#55	1
2379	Q0	1058358#0	1
2379	Q0	1058358#2	0
2379	Q0	1058358#3	0
2379	Q0	1058358#18	0
2379	Q0	645125#1	0
2379	Q0	834186#5	0
2379	Q0	1415649#1	0
2379	Q0	265558#3	0
2379	Q0	3119341#3	0
2380	Q0	144091#2	1
2380	Q0	2206314#6	1
2380	Q0	85202#1	1
2380	Q0	2743160#5	0
2380	Q0	2743160#4	0
2380	Q0	56244#5	0
2380	Q0	2661046#2	0
2380	Q0	50566#39	0
2380	Q0	1497360#11	0
2380	Q0	2109624#1	0
2381	Q0	91994#0	1
2381	Q0	42885#116	0
2381	Q0	42885#6	0
2381	Q0	91994#11	0
2381	Q0	91994#4	0
2381	Q0	91994#13	0
2381	Q0	1023400#5	0
2381	Q0	91994#23	0
2381	Q0	91994#29	0
2381	Q0	91994#3	0
2382	Q0	1393894#1	1
2382	Q0	1393894#19	0
2382	Q0	1003108#1	0
2382	Q0	1923928#2	0
2382	Q0	298977#11	0
2382	Q0	362211#8	0
2382	Q0	333667#7	0
2382	Q0	1549253#1	0
2382	Q0	98257#7	0
2382	Q0	1393894#7	0
2383	Q0	46384#6	1
2383	Q0	590181#1	1
2383	Q0	79689#7	0
2383	Q0	991907#3	0
2383	Q0	209629#1	0
2383	Q0	131993#2	0
2383	Q0	209629#9	0
2383	Q0	1164601#2	0
2383	Q0	648603#3	0
2383	Q0	387664#2	0
2385	Q0	556062#44	1
2385	Q0	630609#1	1
2385	Q0	865589#3	0
2385	Q0	457516#12	0
2385	Q0	198206#2	0
2385	Q0	1016203#9	0
2385	Q0	3080893#13	0
2385	Q0	3625892#4	0
2385	Q0	907240#2	0
2385	Q0	556062#6	0
2385	Q0	1518297#8	0
2386	Q0	136141#1	1
2386	Q0	1530762#1	1
2386	Q0	2024277#1	1
2386	Q0	136141#3	1
2386	Q0	25572#12	1
2386	Q0	1920108#12	0
2386	Q0	136141#5	0
2386	Q0	277135#0	0
2386	Q0	1858692#96	0
2386	Q0	1858692#55	0
2388	Q0	67933#1	1
2388	Q0	14484#1	0
2388	Q0	322333#7	0
2388	Q0	137581#4	0
2388	Q0	182987#2	0
2388	Q0	522532#6	0
2388	Q0	20031#7	0
2388	Q0	2566403#6	0
2388	Q0	1775817#1	0
2388	Q0	522532#7	0
2389	Q0	76546#0	1
2389	Q0	2557552#2	1
2389	Q0	3878718#1	1
2389	Q0	2556622#2	1
2389	Q0	1895821#2	1
2389	Q0	1629242#1	1
2389	Q0	3849867#0	0
2389	Q0	2859990#10	0
2389	Q0	3250154#1	0
2389	Q0	158004#15	0
2390	Q0	1581400#0	1
2390	Q0	2844994#0	0
2390	Q0	455505#1	0
2390	Q0	455497#1	0
2390	Q0	204705#7	0
2390	Q0	1257172#6	0
2390	Q0	1581400#7	0
2390	Q0	3510827#1	0
2390	Q0	1869724#3	0
2390	Q0	1581400#13	0
2391	Q0	456066#0	1
2391	Q0	412567#7	1
2391	Q0	456066#4	1
2391	Q0	412567#10	0
2391	Q0	456066#12	0
2391	Q0	441401#7	0
2391	Q0	412567#8	0
2391	Q0	443081#7	0
2391	Q0	456066#17	0
2391	Q0	1792991#8	0
2391	Q0	1698895#4	0
2392	Q0	1698838#175	1
2392	Q0	1964499#1	1
2392	Q0	1483532#13	0
2392	Q0	3792828#1	0
2392	Q0	19750#18	0
2392	Q0	601901#11	0
2392	Q0	19750#20	0
2392	Q0	2707455#3	0
2392	Q0	565000#94	0
2392	Q0	183441#31	0
2394	Q0	2137532#0	1
2394	Q0	195847#4	1
2394	Q0	3099291#3	0
2394	Q0	3099291#25	0
2394	Q0	195847#1	0
2394	Q0	195847#7	0
2394	Q0	1664554#0	0
2394	Q0	2137532#3	0
2394	Q0	3099291#28	0
2394	Q0	3099291#1	0
2394	Q0	3099291#29	0
2395	Q0	684682#4	1
2395	Q0	3102854#1	0
2395	Q0	42661#2	0
2395	Q0	1073146#2	0
2395	Q0	44360#0	0
2395	Q0	1585112#6	0
2395	Q0	28642#7	0
2395	Q0	1585112#5	0
2395	Q0	993214#6	0
2395	Q0	42661#0	0
2396	Q0	2844748#10	1
2396	Q0	2662602#6	0
2396	Q0	1912014#37	0
2396	Q0	2021517#3	0
2396	Q0	81430#61	0
2396	Q0	2046745#7	0
2396	Q0	1898413#7	0
2396	Q0	214776#4	0
2396	Q0	5961#47	0
2396	Q0	2667219#1	0
2397	Q0	268662#5	1
2397	Q0	268662#0	1
2397	Q0	268662#11	0
2397	Q0	268662#14	0
2397	Q0	3052281#1	0
2397	Q0	268662#7	0
2397	Q0	268662#8	0
2397	Q0	268662#6	0
2397	Q0	2254164#5	0
2397	Q0	268662#10	0
2399	Q0	1309363#2	1
2399	Q0	3041602#0	1
2399	Q0	1309363#1	1
2399	Q0	924859#8	0
2399	Q0	265291#5	0
2399	Q0	2594338#3	0
2399	Q0	2466747#70	0
2399	Q0	2580393#20	0
2399	Q0	1954694#15	0
2399	Q0	1954694#138	0
2399	Q0	879934#1	0
2401	Q0	2682361#6	1
2401	Q0	2682361#3	1
2401	Q0	2682361#0	0
2401	Q0	2984649#2	0
2401	Q0	3123836#0	0
2401	Q0	2984649#0	0
2401	Q0	2682361#17	0
2401	Q0	3489374#33	0
2401	Q0	3031370#3	0
2401	Q0	251372#11	0
2404	Q0	1646417#2	1
2404	Q0	1646417#1	0
2404	Q0	1646417#29	0
2404	Q0	1644073#4	0
2404	Q0	176833#1	0
2404	Q0	1646417#0	0
2404	Q0	544692#0	0
2404	Q0	517377#2	0
2404	Q0	1646417#19	0
2404	Q0	499476#2	0
2404	Q0	2071565#0	0
2406	Q0	2342353#4	1
2406	Q0	20587#0	1
2406	Q0	20587#1	0
2406	Q0	20587#32	0
2406	Q0	2342353#52	0
2406	Q0	2627054#2	0
2406	Q0	183832#1	0
2406	Q0	183823#1	0
2406	Q0	20587#8	0
2406	Q0	2342353#6	0
2406	Q0	2342353#19	0
2408	Q0	307691#10	1
2408	Q0	2161699#40	1
2408	Q0	146835#4	1
2408	Q0	1988762#9	1
2408	Q0	1224055#11	1
2408	Q0	2752002#29	0
2408	Q0	216412#20	0
2408	Q0	1213851#17	0
2408	Q0	1424263#6	0
2408	Q0	135961#8	0
2408	Q0	147020#4	0
2409	Q0	1076176#0	1
2409	Q0	1091631#0	0
2409	Q0	1137169#13	0
2409	Q0	106629#8	0
2409	Q0	1063567#4	0
2409	Q0	1137169#0	0
2409	Q0	106629#0	0
2409	Q0	1076176#10	0
2409	Q0	1091631#8	0
2409	Q0	106629#26	0
2410	Q0	3287947#0	1
2410	Q0	3287947#3	0
2410	Q0	3287947#9	0
2410	Q0	3287947#2	0
2410	Q0	3287947#8	0
2410	Q0	3287947#16	0
2410	Q0	3287947#1	0
2410	Q0	3287947#11	0
2410	Q0	3287947#17	0
2410	Q0	3287947#32	0
2411	Q0	12978#21	1
2411	Q0	500406#71	1
2411	Q0	795064#22	1
2411	Q0	2162067#8	1
2411	Q0	2162067#1	1
2411	Q0	12978#19	0
2411	Q0	12978#33	0
2411	Q0	2162067#7	0
2411	Q0	12978#34	0
2411	Q0	840793#4	0
2411	Q0	6245#7	0
2412	Q0	538929#0	1
2412	Q0	538929#2	0
2412	Q0	385773#6	0
2412	Q0	2916761#3	0
2412	Q0	517973#5	0
2412	Q0	33206#16	0
2412	Q0	2956845#2	0
2412	Q0	603598#9	0
2412	Q0	3141758#2	0
2412	Q0	33798#2	0
2413	Q0	1229184#0	1
2413	Q0	1229184#2	0
2413	Q0	5409#5	0
2413	Q0	2393054#1	0
2413	Q0	1267196#2	0
2413	Q0	655#8	0
2413	Q0	66019#2	0
2413	Q0	49826#4	0
2413	Q0	14402#6	0
2413	Q0	3576922#1	0
2416	Q0	583884#0	1
2416	Q0	583884#1	0
2416	Q0	1309330#1	0
2416	Q0	242389#3	0
2416	Q0	909337#2	0
2416	Q0	583884#2	0
2416	Q0	1773034#2	0
2416	Q0	928737#1	0
2416	Q0	2810206#1	0
2416	Q0	947282#3	0
2417	Q0	106158#0	1
2417	Q0	1803391#1	0
2417	Q0	106158#1	0
2417	Q0	1751420#11	0
2417	Q0	3259015#2	0
2417	Q0	106158#2	0
2417	Q0	106158#4	0
2417	Q0	88189#15	0
2417	Q0	934894#7	0
2417	Q0	106158#8	0
2418	Q0	1395820#87	1
2418	Q0	1607869#16	1
2418	Q0	1395820#46	1
2418	Q0	955603#13	1
2418	Q0	1395820#25	1
2418	Q0	1395820#75	0
2418	Q0	2726128#39	0
2418	Q0	2811619#13	0
2418	Q0	1395820#54	0
2418	Q0	2811619#63	0
2418	Q0	1395820#53	0
2419	Q0	843040#2	1
2419	Q0	171924#4	0
2419	Q0	171924#0	0
2419	Q0	843040#4	0
2419	Q0	843040#18	0
2419	Q0	431455#2	0
2419	Q0	405296#2	0
2419	Q0	1087008#2	0
2419	Q0	2674005#4	0
2419	Q0	843040#0	0
2419	Q0	843040#3	0
2419	Q0	843040#5	0
2419	Q0	843040#6	0
2419	Q0	843040#1	0
2420	Q0	76611#0	1
2420	Q0	76611#2	0
2420	Q0	1853527#4	0
2420	Q0	1636087#4	0
2420	Q0	76611#1	0
2420	Q0	1185326#0	0
2420	Q0	56185#6	0
2420	Q0	1185326#1	0
2420	Q0	56185#1	0
2420	Q0	2693568#6	0
2421	Q0	50203#33	1
2421	Q0	50203#31	1
2421	Q0	50203#41	1
2421	Q0	50203#3	1
2421	Q0	50203#42	0
2421	Q0	50203#32	0
2421	Q0	50203#21	0
2421	Q0	50203#29	0
2421	Q0	50203#12	0
2421	Q0	50203#4	0
2421	Q0	50203#10	0
2422	Q0	136453#51	1
2422	Q0	57386#22	1
2422	Q0	136453#1	1
2422	Q0	10282#28	1
2422	Q0	755998#0	0
2422	Q0	136453#0	0
2422	Q0	136453#3	0
2422	Q0	948881#0	0
2422	Q0	3766570#1	0
2422	Q0	136453#52	0
2423	Q0	2116218#31	1
2423	Q0	1317867#12	1
2423	Q0	1317867#0	1
2423	Q0	1317867#1	0
2423	Q0	1317867#14	0
2423	Q0	1317867#15	0
2423	Q0	1317867#60	0
2423	Q0	1317867#44	0
2423	Q0	1317867#83	0
2423	Q0	3318392#0	0
2423	Q0	1317867#13	0
2423	Q0	1317867#64	0
2423	Q0	1317867#84	0
2423	Q0	1317867#68	0
2423	Q0	1317867#57	0
2425	Q0	640642#1	1
2425	Q0	640642#2	0
2425	Q0	640642#21	0
2425	Q0	1146287#1	0
2425	Q0	3441620#1	0
2425	Q0	2928546#3	0
2425	Q0	25574#4	0
2425	Q0	617739#1	0
2425	Q0	2133386#2	0
2425	Q0	144494#2	0
2426	Q0	15467#12	1
2426	Q0	18151#0	1
2426	Q0	392881#0	1
2426	Q0	971284#1	1
2426	Q0	18151#17	0
2426	Q0	18151#26	0
2426	Q0	18151#24	0
2426	Q0	18151#23	0
2426	Q0	2191956#1	0
2426	Q0	419567#5	0
2427	Q0	12983#0	1
2427	Q0	605747#9	1
2427	Q0	1317227#0	0
2427	Q0	3623224#0	0
2427	Q0	3674252#3	0
2427	Q0	12983#4	0
2427	Q0	1397732#16	0
2427	Q0	1397732#48	0
2427	Q0	1397732#47	0
2427	Q0	158704#0	0
2428	Q0	2071#0	1
2428	Q0	702016#0	0
2428	Q0	2071#24	0
2428	Q0	2826289#2	0
2428	Q0	468295#0	0
2428	Q0	2190658#0	0
2428	Q0	2029702#0	0
2428	Q0	1450979#1	0
2428	Q0	2809948#0	0
2428	Q0	1443900#1	0
2429	Q0	811744#1	1
2429	Q0	1530766#85	1
2429	Q0	412802#5	0
2429	Q0	811744#0	0
2429	Q0	811744#8	0
2429	Q0	811744#29	0
2429	Q0	1530766#12	0
2429	Q0	493258#99	0
2429	Q0	811744#25	0
2429	Q0	811744#30	0
2430	Q0	1796293#0	1
2430	Q0	1796293#3	1
2430	Q0	1796293#4	0
2430	Q0	1796293#7	0
2430	Q0	1796293#10	0
2430	Q0	1796293#1	0
2430	Q0	1796293#11	0
2430	Q0	1796293#5	0
2430	Q0	1796293#2	0
2430	Q0	1796293#13	0
2431	Q0	454923#0	1
2431	Q0	454923#9	1
2431	Q0	454923#36	0
2431	Q0	454923#1	0
2431	Q0	454923#23	0
2431	Q0	454923#2	0
2431	Q0	454923#4	0
2431	Q0	454923#14	0
2431	Q0	454923#11	0
2431	Q0	454923#29	0
2432	Q0	3476#0	1
2432	Q0	3476#3	0
2432	Q0	3476#8	0
2432	Q0	2883291#0	0
2432	Q0	3476#1	0
2432	Q0	3476#6	0
2432	Q0	3269663#34	0
2432	Q0	7423#20	0
2432	Q0	7423#47	0
2432	Q0	3476#5	0
2432	Q0	417911#1	0
2433	Q0	755971#6	1
2433	Q0	755971#8	1
2433	Q0	755971#5	1
2433	Q0	755971#14	0
2433	Q0	755971#11	0
2433	Q0	755971#12	0
2433	Q0	755971#17	0
2433	Q0	755971#65	0
2433	Q0	755971#9	0
2433	Q0	755971#4	0
2433	Q0	755971#48	0
2435	Q0	1916174#15	1
2435	Q0	542233#6	1
2435	Q0	2914593#28	1
2435	Q0	17068#56	1
2435	Q0	17068#9	1
2435	Q0	1916174#16	0
2435	Q0	1916174#14	0
2435	Q0	542233#5	0
2435	Q0	3185704#2	0
2435	Q0	1690459#7	0
2437	Q0	51939#11	1
2437	Q0	51939#13	1
2437	Q0	51939#1	1
2437	Q0	51939#5	1
2437	Q0	1731263#1	1
2437	Q0	681373#8	1
2437	Q0	2577176#0	0
2437	Q0	2946531#0	0
2437	Q0	2532059#1	0
2437	Q0	57274#0	0
2437	Q0	1499070#4	0
2438	Q0	177337#6	1
2438	Q0	177337#52	0
2438	Q0	89828#4	0
2438	Q0	26370#9	0
2438	Q0	177337#21	0
2438	Q0	141320#7	0
2438	Q0	83719#8	0
2438	Q0	2120876#7	0
2438	Q0	301400#5	0
2438	Q0	691780#9	0
2439	Q0	2722233#0	1
2439	Q0	2722233#5	0
2439	Q0	2722233#7	0
2439	Q0	2722233#1	0
2439	Q0	2722233#8	0
2439	Q0	2722233#4	0
2439	Q0	2722233#3	0
2439	Q0	2722233#2	0
2439	Q0	2722233#6	0
2439	Q0	1738767#0	0
2440	Q0	55405#2	1
2440	Q0	1620634#1	0
2440	Q0	55405#15	0
2440	Q0	114288#11	0
2440	Q0	747070#6	0
2440	Q0	747070#1	0
2440	Q0	55405#14	0
2440	Q0	1095374#4	0
2440	Q0	77695#28	0
2440	Q0	36273#6	0
2441	Q0	2187758#5	1
2441	Q0	2591569#1	1
2441	Q0	4182#32	0
2441	Q0	1898#11	0
2441	Q0	2587821#2	0
2441	Q0	2970547#4	0
2441	Q0	3322114#2	0
2441	Q0	100#13	0
2441	Q0	213161#15	0
2441	Q0	22468#16	0
2441	Q0	62980#12	0
2442	Q0	1844464#5	1
2442	Q0	1844464#4	1
2442	Q0	1844464#0	1
2442	Q0	3337602#3	1
2442	Q0	1844464#2	0
2442	Q0	3337602#16	0
2442	Q0	1844464#1	0
2442	Q0	1476970#28	0
2442	Q0	1844464#14	0
2442	Q0	1844464#10	0
2443	Q0	96631#3	1
2443	Q0	3386016#9	0
2443	Q0	1734183#2	0
2443	Q0	759507#19	0
2443	Q0	151257#2	0
2443	Q0	150926#5	0
2443	Q0	96631#34	0
2443	Q0	839618#1	0
2443	Q0	759086#1	0
2443	Q0	656744#3	0
2444	Q0	1996839#2	1
2444	Q0	16627#40	1
2444	Q0	2538209#6	1
2444	Q0	2562287#1	1
2444	Q0	2562287#4	0
2444	Q0	2562287#14	0
2444	Q0	136191#18	0
2444	Q0	2571839#13	0
2444	Q0	2387914#1	0
2444	Q0	2538259#0	0
2446	Q0	45792#2	1
2446	Q0	386035#2	1
2446	Q0	849762#1	0
2446	Q0	45792#0	0
2446	Q0	1146613#1	0
2446	Q0	266004#1	0
2446	Q0	89102#4	0
2446	Q0	1323432#2	0
2446	Q0	251634#1	0
2446	Q0	849762#4	0
2447	Q0	1478329#0	1
2447	Q0	1478329#3	0
2447	Q0	1478329#2	0
2447	Q0	1485702#2	0
2447	Q0	1478329#1	0
2447	Q0	1478774#0	0
2447	Q0	3046694#0	0
2447	Q0	1489059#0	0
2447	Q0	2837999#0	0
2447	Q0	2885560#0	0
2448	Q0	3861813#3	1
2448	Q0	6471#8	1
2448	Q0	3123861#21	1
2448	Q0	1346833#49	1
2448	Q0	226573#5	1
2448	Q0	3528056#8	1
2448	Q0	175712#20	1
2448	Q0	2995913#5	1
2448	Q0	902456#11	0
2448	Q0	2915#21	0
2449	Q0	235041#1	1
2449	Q0	3637740#0	1
2449	Q0	1679372#1	0
2449	Q0	1351152#3	0
2449	Q0	244220#1	0
2449	Q0	695175#0	0
2449	Q0	2946454#3	0
2449	Q0	1657385#1	0
2449	Q0	138745#1	0
2449	Q0	1035851#0	0
2450	Q0	6999#3	1
2450	Q0	6244#8	1
2450	Q0	6244#5	0
2450	Q0	6202#46	0
2450	Q0	80584#10	0
2450	Q0	6244#9	0
2450	Q0	6202#83	0
2450	Q0	6244#6	0
2450	Q0	1996971#2	0
2450	Q0	1116177#1	0
2450	Q0	2281093#2	0
2451	Q0	173312#5	1
2451	Q0	3401452#0	0
2451	Q0	3309241#1	0
2451	Q0	173312#6	0
2451	Q0	173312#8	0
2451	Q0	2553415#0	0
2451	Q0	3116444#0	0
2451	Q0	173312#7	0
2451	Q0	769476#5	0
2451	Q0	639511#0	0
2453	Q0	2276369#1	1
2453	Q0	2276369#0	0
2453	Q0	2946454#3	0
2453	Q0	2757105#1	0
2453	Q0	1942200#1	0
2453	Q0	2195773#1	0
2453	Q0	2163848#1	0
2453	Q0	1429524#2	0
2453	Q0	2651765#1	0
2453	Q0	2928141#1	0
2453	Q0	1205930#6	0
2454	Q0	186104#0	1
2454	Q0	186104#9	1
2454	Q0	186104#72	0
2454	Q0	2693#87	0
2454	Q0	2693#55	0
2454	Q0	186104#2	0
2454	Q0	186104#11	0
2454	Q0	186104#91	0
2454	Q0	2302088#0	0
2454	Q0	3721626#0	0
2454	Q0	186104#20	0
2454	Q0	186104#31	0
2454	Q0	186104#1	0
2454	Q0	186104#17	0
2455	Q0	391976#1	1
2455	Q0	2205196#29	0
2455	Q0	2205196#8	0
2455	Q0	1662791#3	0
2455	Q0	2205196#21	0
2455	Q0	1331464#101	0
2455	Q0	2205196#9	0
2455	Q0	2205196#1	0
2455	Q0	2361088#65	0
2455	Q0	391976#3	0
2456	Q0	2741#80	1
2456	Q0	2692399#7	1
2456	Q0	2692399#47	1
2456	Q0	2692399#21	0
2456	Q0	2692399#77	0
2456	Q0	2692399#12	0
2456	Q0	2692399#221	0
2456	Q0	2692399#179	0
2456	Q0	2692399#214	0
2456	Q0	2692399#87	0
2456	Q0	2692399#114	0
2457	Q0	63631#12	1
2457	Q0	24298#1	1
2457	Q0	24298#4	0
2457	Q0	2414757#1	0
2457	Q0	856261#4	0
2457	Q0	1960049#20	0
2457	Q0	24298#3	0
2457	Q0	221166#8	0
2457	Q0	2431178#3	0
2457	Q0	1167842#5	0
2457	Q0	24298#14	0
2458	Q0	1226090#65	1
2458	Q0	1794582#70	1
2458	Q0	290836#32	1
2458	Q0	1376031#1	1
2458	Q0	3049#4	1
2458	Q0	1086860#1	0
2458	Q0	1226090#66	0
2458	Q0	1226090#77	0
2458	Q0	583417#5	0
2458	Q0	1499960#7	0
2458	Q0	177939#36	0
2459	Q0	1263#0	1
2459	Q0	2018701#0	0
2459	Q0	1263#1	0
2459	Q0	1736091#0	0
2459	Q0	3364853#0	0
2459	Q0	1263#34	0
2459	Q0	1306087#1	0
2459	Q0	2726902#1	0
2459	Q0	49826#4	0
2459	Q0	562470#1	0
2460	Q0	32650#11	1
2460	Q0	32650#25	0
2460	Q0	32650#2	0
2460	Q0	32650#4	0
2460	Q0	32650#3	0
2460	Q0	1944592#0	0
2460	Q0	32650#0	0
2460	Q0	1944592#11	0
2460	Q0	32650#32	0
2460	Q0	32650#12	0
2461	Q0	2266887#19	1
2461	Q0	93913#5	1
2461	Q0	1746575#0	1
2461	Q0	1385#16	1
2461	Q0	1599483#6	1
2461	Q0	197158#1	0
2461	Q0	1599483#7	0
2461	Q0	93913#7	0
2461	Q0	197158#5	0
2461	Q0	1599483#8	0
2461	Q0	197158#0	0
2462	Q0	47317#28	1
2462	Q0	47317#3	1
2462	Q0	47317#44	0
2462	Q0	47317#26	0
2462	Q0	47317#25	0
2462	Q0	47317#11	0
2462	Q0	47317#7	0
2462	Q0	3422183#3	0
2462	Q0	3422183#6	0
2462	Q0	3422183#0	0
2462	Q0	3422183#7	0
2463	Q0	4763#0	1
2463	Q0	4763#3	0
2463	Q0	4763#9	0
2463	Q0	4763#32	0
2463	Q0	4763#6	0
2463	Q0	4763#5	0
2463	Q0	4763#2	0
2463	Q0	4763#4	0
2463	Q0	4763#24	0
2463	Q0	3283677#1	0
2464	Q0	34760#6	1
2464	Q0	888701#0	1
2464	Q0	130034#0	0
2464	Q0	33414#1	0
2464	Q0	3890069#27	0
2464	Q0	1698872#112	0
2464	Q0	3884349#0	0
2464	Q0	34760#15	0
2464	Q0	2022332#10	0
2464	Q0	1698872#114	0
2465	Q0	3826846#10	1
2465	Q0	3826846#14	0
2465	Q0	3826846#2	0
2465	Q0	3826846#72	0
2465	Q0	3826846#8	0
2465	Q0	3826846#0	0
2465	Q0	3826846#9	0
2465	Q0	3826846#5	0
2465	Q0	3826846#3	0
2465	Q0	3361050#8	0
2465	Q0	3826846#13	0
2466	Q0	2824467#0	1
2466	Q0	2242733#8	1
2466	Q0	3407559#2	0
2466	Q0	2242733#14	0
2466	Q0	3382982#1	0
2466	Q0	2540001#0	0
2466	Q0	2242733#24	0
2466	Q0	2242733#25	0
2466	Q0	1185408#45	0
2466	Q0	2242733#18	0
2466	Q0	2242733#22	0
2467	Q0	42514#45	1
2467	Q0	42514#57	0
2467	Q0	42514#0	0
2467	Q0	42514#42	0
2467	Q0	42514#11	0
2467	Q0	42514#20	0
2467	Q0	42514#38	0
2467	Q0	42514#59	0
2467	Q0	42514#7	0
2467	Q0	42514#4	0
2467	Q0	42514#19	0
2468	Q0	262147#0	1
2468	Q0	262147#1	1
2468	Q0	3338739#0	0
2468	Q0	262147#2	0
2468	Q0	1067500#1	0
2468	Q0	262147#3	0
2468	Q0	3337576#1	0
2468	Q0	3648729#1	0
2468	Q0	3345836#0	0
2468	Q0	49280#1	0
2471	Q0	108679#43	1
2471	Q0	108679#14	1
2471	Q0	128996#2	1
2471	Q0	20373#7	1
2471	Q0	20373#1	1
2471	Q0	1864744#140	0
2471	Q0	108679#45	0
2471	Q0	1456399#31	0
2471	Q0	108679#67	0
2471	Q0	80345#1	0
2471	Q0	1955069#1	0
2473	Q0	658216#3	1
2473	Q0	658216#10	0
2473	Q0	862124#3	0
2473	Q0	3753869#2	0
2473	Q0	658216#9	0
2473	Q0	658216#7	0
2473	Q0	658216#0	0
2473	Q0	658216#19	0
2473	Q0	658216#28	0
2473	Q0	658216#2	0
2474	Q0	2998141#6	1
2474	Q0	2998141#14	1
2474	Q0	2998141#2	1
2474	Q0	2996686#12	0
2474	Q0	2998141#0	0
2474	Q0	3000940#1	0
2474	Q0	2998141#10	0
2474	Q0	2998141#12	0
2474	Q0	2998141#3	0
2474	Q0	2998141#1	0
2476	Q0	1087873#1	1
2476	Q0	2956845#0	0
2476	Q0	1087873#0	0
2476	Q0	2956845#1	0
2476	Q0	1326398#1	0
2476	Q0	1340748#1	0
2476	Q0	813978#1	0
2476	Q0	1157033#1	0
2476	Q0	2212001#1	0
2476	Q0	3616270#1	0
2477	Q0	1948315#2	1
2477	Q0	1948315#0	1
2477	Q0	1948315#24	0
2477	Q0	1948315#4	0
2477	Q0	1145861#7	0
2477	Q0	1145861#1	0
2477	Q0	1781637#4	0
2477	Q0	2855655#3	0
2477	Q0	394551#2	0
2477	Q0	2904932#1	0
2478	Q0	503118#2	1
2478	Q0	2841632#10	0
2478	Q0	2824018#1	0
2478	Q0	3414545#0	0
2478	Q0	2846978#2	0
2478	Q0	559004#5	0
2478	Q0	2854727#2	0
2478	Q0	2856944#2	0
2478	Q0	2856546#2	0
2478	Q0	2852005#2	0
2478	Q0	2841362#1	0
2479	Q0	1778999#3	1
2479	Q0	1779010#18	0
2479	Q0	2232670#21	0
2479	Q0	1779010#53	0
2479	Q0	1779010#10	0
2479	Q0	2232670#31	0
2479	Q0	14974#17	0
2479	Q0	33149#2	0
2479	Q0	285002#1	0
2479	Q0	1779010#17	0
2480	Q0	890777#0	1
2480	Q0	890777#3	0
2480	Q0	890777#53	0
2480	Q0	890777#10	0
2480	Q0	890777#5	0
2480	Q0	66211#28	0
2480	Q0	810759#4	0
2480	Q0	129664#35	0
2480	Q0	30441#17	0
2480	Q0	30492#17	0
2483	Q0	2568378#0	1
2483	Q0	580586#0	1
2483	Q0	580586#2	1
2483	Q0	970966#0	0
2483	Q0	30993#1	0
2483	Q0	3134090#0	0
2483	Q0	2260793#0	0
2483	Q0	3578082#3	0
2483	Q0	1281743#0	0
2483	Q0	30993#3	0
2483	Q0	208055#0	0
2484	Q0	1390380#5	1
2484	Q0	1076269#11	0
2484	Q0	576454#8	0
2484	Q0	1229920#3	0
2484	Q0	227185#36	0
2484	Q0	186002#7	0
2484	Q0	3496285#11	0
2484	Q0	576454#6	0
2484	Q0	1243079#1	0
2484	Q0	2737453#1	0
2484	Q0	15871#8	0
2485	Q0	2555948#0	1
2485	Q0	2555948#2	1
2485	Q0	1141902#0	0
2485	Q0	199652#4	0
2485	Q0	559957#0	0
2485	Q0	1555546#3	0
2485	Q0	2555948#1	0
2485	Q0	4673#9	0
2485	Q0	1345196#0	0
2485	Q0	2822998#1	0
2488	Q0	2304897#2	1
2488	Q0	619706#6	0
2488	Q0	619706#3	0
2488	Q0	2304897#0	0
2488	Q0	2304897#3	0
2488	Q0	2304897#1	0
2488	Q0	74089#13	0
2488	Q0	3806131#5	0
2488	Q0	1643759#5	0
2488	Q0	619706#4	0
2489	Q0	41601#7	1
2489	Q0	98981#17	1
2489	Q0	41601#11	0
2489	Q0	345113#1	0
2489	Q0	41601#1	0
2489	Q0	41601#21	0
2489	Q0	41601#2	0
2489	Q0	345111#2	0
2489	Q0	345113#0	0
2489	Q0	345111#1	0
2489	Q0	345113#2	0
2489	Q0	98981#16	0
2490	Q0	219867#28	1
2490	Q0	219867#37	1
2490	Q0	219867#8	0
2490	Q0	219867#44	0
2490	Q0	219867#9	0
2490	Q0	219867#0	0
2490	Q0	3620520#1	0
2490	Q0	880344#48	0
2490	Q0	1303398#28	0
2490	Q0	880344#69	0
2491	Q0	1606901#2	1
2491	Q0	1606901#19	0
2491	Q0	1606901#12	0
2491	Q0	1606901#11	0
2491	Q0	20148#19	0
2491	Q0	1606901#6	0
2491	Q0	1606901#18	0
2491	Q0	1606901#20	0
2491	Q0	1606901#16	0
2491	Q0	2440616#1	0
2493	Q0	3315892#0	1
2493	Q0	3315892#1	0
2493	Q0	3315892#6	0
2493	Q0	3315892#4	0
2493	Q0	3315892#9	0
2493	Q0	3315892#18	0
2493	Q0	3315892#13	0
2493	Q0	3315892#2	0
2493	Q0	3315892#5	0
2493	Q0	90814#0	0
2495	Q0	700705#6	1
2495	Q0	230604#9	1
2495	Q0	89416#11	1
2495	Q0	179984#8	1
2495	Q0	22283#4	0
2495	Q0	89416#15	0
2495	Q0	1813030#11	0
2495	Q0	22283#7	0
2495	Q0	89416#6	0
2495	Q0	775490#8	0
2495	Q0	186895#6	0
2496	Q0	27435#2	1
2496	Q0	26856#6	1
2496	Q0	26856#14	0
2496	Q0	27435#0	0
2496	Q0	27435#16	0
2496	Q0	27435#7	0
2496	Q0	27435#3	0
2496	Q0	704310#5	0
2496	Q0	27435#17	0
2496	Q0	27435#5	0
2498	Q0	12103#1	1
2498	Q0	12148#3	0
2498	Q0	12148#0	0
2498	Q0	1573106#0	0
2498	Q0	12148#6	0
2498	Q0	12103#15	0
2498	Q0	58376#2	0
2498	Q0	12148#4	0
2498	Q0	389053#5	0
2498	Q0	344564#35	0
2499	Q0	1549621#2	1
2499	Q0	144721#12	0
2499	Q0	1911108#19	0
2499	Q0	1549621#4	0
2499	Q0	8074#32	0
2499	Q0	144721#13	0
2499	Q0	173694#1	0
2499	Q0	8074#1	0
2499	Q0	8074#0	0
2499	Q0	118785#2	0
2501	Q0	229011#1	1
2501	Q0	88373#1	1
2501	Q0	1467353#6	0
2501	Q0	2768959#0	0
2501	Q0	88373#0	0
2501	Q0	1911549#0	0
2501	Q0	449728#14	0
2501	Q0	836885#7	0
2501	Q0	3796159#0	0
2501	Q0	74231#17	0
2501	Q0	1049816#61	0
2503	Q0	155864#0	1
2503	Q0	155864#2	0
2503	Q0	736522#137	0
2503	Q0	736522#0	0
2503	Q0	736522#15	0
2503	Q0	736522#181	0
2503	Q0	736522#38	0
2503	Q0	736522#99	0
2503	Q0	61452#13	0
2503	Q0	109623#0	0
2504	Q0	149659#1	1
2504	Q0	149659#0	0
2504	Q0	149659#4	0
2504	Q0	1448136#23	0
2504	Q0	149659#2	0
2504	Q0	743535#11	0
2504	Q0	83580#23	0
2504	Q0	42226#31	0
2504	Q0	149659#31	0
2504	Q0	149659#19	0
2505	Q0	57795#1	1
2505	Q0	3289810#1	0
2505	Q0	3289810#0	0
2505	Q0	57795#2	0
2505	Q0	2872011#2	0
2505	Q0	57795#0	0
2505	Q0	57795#6	0
2505	Q0	57795#17	0
2505	Q0	18127#6	0
2505	Q0	1632100#0	0
2509	Q0	2132452#3	1
2509	Q0	229354#35	0
2509	Q0	3643131#6	0
2509	Q0	234408#3	0
2509	Q0	165937#15	0
2509	Q0	2648238#2	0
2509	Q0	530194#14	0
2509	Q0	248287#3	0
2509	Q0	3095904#1	0
2509	Q0	3566252#1	0
2510	Q0	1797038#0	1
2510	Q0	1011375#22	0
2510	Q0	42860#10	0
2510	Q0	1651798#6	0
2510	Q0	1128178#0	0
2510	Q0	156012#7	0
2510	Q0	272278#2	0
2510	Q0	2902114#3	0
2510	Q0	110874#1	0
2510	Q0	1811490#5	0
2511	Q0	6597#16	1
2511	Q0	15142#1	1
2511	Q0	126564#5	0
2511	Q0	1161959#2	0
2511	Q0	775849#2	0
2511	Q0	6597#10	0
2511	Q0	142938#2	0
2511	Q0	36643#4	0
2511	Q0	493659#3	0
2511	Q0	52561#5	0
2512	Q0	1292122#1	1
2512	Q0	2671577#1	1
2512	Q0	2671585#2	0
2512	Q0	2671585#1	0
2512	Q0	1304152#5	0
2512	Q0	1280302#0	0
2512	Q0	2671585#5	0
2512	Q0	1120680#6	0
2512	Q0	1142440#11	0
2512	Q0	2671585#4	0
2513	Q0	41077#10	1
2513	Q0	41077#4	1
2513	Q0	50072#3	0
2513	Q0	41077#7	0
2513	Q0	159207#5	0
2513	Q0	1127560#7	0
2513	Q0	41077#6	0
2513	Q0	41077#11	0
2513	Q0	1886615#3	0
2513	Q0	615695#56	0
2513	Q0	1990840#3	0
2514	Q0	116920#0	1
2514	Q0	3884482#1	0
2514	Q0	2825132#1	0
2514	Q0	3315769#1	0
2514	Q0	2677247#2	0
2514	Q0	1490342#2	0
2514	Q0	133346#1	0
2514	Q0	1428596#1	0
2514	Q0	963876#1	0
2514	Q0	3222380#0	0
2515	Q0	45677#1	1
2515	Q0	20061#0	1
2515	Q0	45677#19	0
2515	Q0	45677#5	0
2515	Q0	2155295#13	0
2515	Q0	953050#0	0
2515	Q0	2826031#0	0
2515	Q0	918706#0	0
2515	Q0	2792777#1	0
2515	Q0	651974#0	0
2517	Q0	2018265#10	1
2517	Q0	488782#3	0
2517	Q0	488782#2	0
2517	Q0	640079#2	0
2517	Q0	58899#110	0
2517	Q0	640079#5	0
2517	Q0	640079#7	0
2517	Q0	1860790#70	0
2517	Q0	1158449#6	0
2517	Q0	38483#5	0
2517	Q0	87319#2	0
2518	Q0	3036019#3	1
2518	Q0	3036019#0	1
2518	Q0	2676342#1	0
2518	Q0	3624898#1	0
2518	Q0	2203463#2	0
2518	Q0	1101423#1	0
2518	Q0	24334#2	0
2518	Q0	1615320#0	0
2518	Q0	1113382#4	0
2518	Q0	18260#3	0
2518	Q0	380722#1	0
2518	Q0	3036019#35	0
2518	Q0	3036019#51	0
2520	Q0	1290999#0	1
2520	Q0	1290999#1	0
2520	Q0	1290999#5	0
2520	Q0	1290999#10	0
2520	Q0	1651292#1	0
2520	Q0	1290999#2	0
2520	Q0	1290999#8	0
2520	Q0	1290999#3	0
2520	Q0	166213#1	0
2520	Q0	1651292#2	0
2521	Q0	2906427#0	1
2521	Q0	2906427#1	0
2521	Q0	2906427#9	0
2521	Q0	2906427#7	0
2521	Q0	2906427#13	0
2521	Q0	2906427#2	0
2521	Q0	2906427#8	0
2521	Q0	2906427#3	0
2521	Q0	3314456#1	0
2521	Q0	2906427#5	0
2522	Q0	2142502#6	1
2522	Q0	2142502#11	0
2522	Q0	2142502#2	0
2522	Q0	2142502#12	0
2522	Q0	2142502#5	0
2522	Q0	2142502#19	0
2522	Q0	2142502#3	0
2522	Q0	2142502#13	0
2522	Q0	2142502#0	0
2522	Q0	2142502#46	0
2524	Q0	276370#1	1
2524	Q0	130769#22	1
2524	Q0	182526#30	1
2524	Q0	1134801#0	1
2524	Q0	276370#2	1
2524	Q0	280496#2	1
2524	Q0	280496#1	0
2524	Q0	1984128#17	0
2524	Q0	49963#1	0
2524	Q0	1193334#8	0
2524	Q0	276370#3	0
2526	Q0	36946#5	1
2526	Q0	36946#0	0
2526	Q0	2252305#0	0
2526	Q0	346241#1	0
2526	Q0	713522#9	0
2526	Q0	241910#1	0
2526	Q0	376064#6	0
2526	Q0	36946#6	0
2526	Q0	382943#15	0
2526	Q0	1294239#1	0
2528	Q0	2885714#7	1
2528	Q0	456900#26	1
2528	Q0	2885714#6	1
2528	Q0	3092345#8	0
2528	Q0	936334#5	0
2528	Q0	2885714#13	0
2528	Q0	3101678#4	0
2528	Q0	2885714#15	0
2528	Q0	2232639#7	0
2528	Q0	2885714#3	0
2530	Q0	873512#6	1
2530	Q0	873512#22	0
2530	Q0	873512#1	0
2530	Q0	873512#3	0
2530	Q0	873512#7	0
2530	Q0	873512#18	0
2530	Q0	873512#4	0
2530	Q0	2855001#25	0
2530	Q0	873512#12	0
2530	Q0	873512#13	0
2531	Q0	326341#2	1
2531	Q0	326341#9	0
2531	Q0	326341#19	0
2531	Q0	326341#10	0
2531	Q0	326341#22	0
2531	Q0	326341#4	0
2531	Q0	326341#35	0
2531	Q0	2384258#1	0
2531	Q0	380774#23	0
2531	Q0	1179682#0	0
2532	Q0	789#11	1
2532	Q0	628392#9	1
2532	Q0	44244#7	1
2532	Q0	231#20	0
2532	Q0	510795#2	0
2532	Q0	1309485#3	0
2532	Q0	789#12	0
2532	Q0	1149#2	0
2532	Q0	821939#8	0
2532	Q0	24916#2	0
2533	Q0	5788#3	1
2533	Q0	817841#4	1
2533	Q0	284296#9	1
2533	Q0	5788#6	0
2533	Q0	5788#8	0
2533	Q0	5788#0	0
2533	Q0	3589899#2	0
2533	Q0	3434708#13	0
2533	Q0	5788#1	0
2533	Q0	5788#7	0
2534	Q0	2887243#0	1
2534	Q0	2887243#2	1
2534	Q0	2887243#10	0
2534	Q0	2887243#4	0
2534	Q0	2887243#12	0
2534	Q0	2887243#15	0
2534	Q0	2887243#5	0
2534	Q0	2887243#7	0
2534	Q0	2887243#17	0
2534	Q0	2887243#6	0
2538	Q0	33201#0	1
2538	Q0	33201#10	0
2538	Q0	841453#5	0
2538	Q0	2762287#93	0
2538	Q0	33201#11	0
2538	Q0	33201#6	0
2538	Q0	2865656#6	0
2538	Q0	3895672#1	0
2538	Q0	2745488#33	0
2538	Q0	27943#33	0
2539	Q0	1672#2	1
2539	Q0	1643#57	1
2539	Q0	41147#37	1
2539	Q0	155360#9	1
2539	Q0	190051#5	0
2539	Q0	467151#15	0
2539	Q0	378008#9	0
2539	Q0	1672#9	0
2539	Q0	1676#81	0
2539	Q0	3698037#1	0
2540	Q0	94695#5	1
2540	Q0	130185#0	1
2540	Q0	130185#3	1
2540	Q0	2014958#8	0
2540	Q0	130185#5	0
2540	Q0	986654#2	0
2540	Q0	2567830#2	0
2540	Q0	2014958#14	0
2540	Q0	1257204#10	0
2540	Q0	1246131#5	0
2541	Q0	413#0	1
2541	Q0	1842138#49	1
2541	Q0	413#27	1
2541	Q0	19838#2	0
2541	Q0	19838#10	0
2541	Q0	366567#0	0
2541	Q0	19838#11	0
2541	Q0	413#1	0
2541	Q0	413#9	0
2541	Q0	725956#0	0
2543	Q0	3379#0	1
2543	Q0	2009#174	1
2543	Q0	3711#0	1
2543	Q0	3583044#9	0
2543	Q0	3379#5	0
2543	Q0	2674395#6	0
2543	Q0	3379#7	0
2543	Q0	1226301#5	0
2543	Q0	3379#3	0
2543	Q0	2768663#0	0
2544	Q0	360380#1	1
2544	Q0	1042719#13	0
2544	Q0	436#11	0
2544	Q0	436#27	0
2544	Q0	218889#5	0
2544	Q0	436#24	0
2544	Q0	436#10	0
2544	Q0	1418759#1	0
2544	Q0	29887#3	0
2544	Q0	363417#0	0
2544	Q0	34134#1	0
2544	Q0	34134#4	0
2545	Q0	2141#22	1
2545	Q0	951623#4	0
2545	Q0	2141#35	0
2545	Q0	5243#7	0
2545	Q0	89416#4	0
2545	Q0	2141#15	0
2545	Q0	1112056#2	0
2545	Q0	3306540#1	0
2545	Q0	2141#23	0
2545	Q0	17393#30	0
2547	Q0	12233#36	1
2547	Q0	12398#6	1
2547	Q0	1871877#0	1
2547	Q0	1775735#24	0
2547	Q0	1871877#1	0
2547	Q0	12233#25	0
2547	Q0	39756#7	0
2547	Q0	132869#2	0
2547	Q0	31397#14	0
2547	Q0	71467#30	0
2547	Q0	2379109#4	0
2548	Q0	81233#7	1
2548	Q0	106136#0	1
2548	Q0	1512163#5	0
2548	Q0	106136#13	0
2548	Q0	669713#6	0
2548	Q0	3427868#11	0
2548	Q0	1501400#1	0
2548	Q0	106136#16	0
2548	Q0	3427877#1	0
2548	Q0	100148#2	0
2550	Q0	49015#0	1
2550	Q0	95276#0	0
2550	Q0	48705#0	0
2550	Q0	93553#1	0
2550	Q0	96379#0	0
2550	Q0	48001#0	0
2550	Q0	48704#0	0
2550	Q0	48702#0	0
2550	Q0	150323#0	0
2550	Q0	95515#0	0
2551	Q0	573075#15	1
2551	Q0	573075#6	1
2551	Q0	573075#5	1
2551	Q0	4684#33	0
2551	Q0	573075#0	0
2551	Q0	573075#16	0
2551	Q0	573075#14	0
2551	Q0	573075#29	0
2551	Q0	573075#2	0
2551	Q0	573075#10	0
2552	Q0	173344#7	1
2552	Q0	2242#14	1
2552	Q0	578996#2	1
2552	Q0	498249#2	1
2552	Q0	2974346#5	1
2552	Q0	498249#11	0
2552	Q0	2456498#3	0
2552	Q0	3068183#1	0
2552	Q0	578996#21	0
2552	Q0	498249#14	0
2553	Q0	1959536#0	1
2553	Q0	11894#0	1
2553	Q0	1420858#0	1
2553	Q0	1835282#0	1
2553	Q0	2194901#0	0
2553	Q0	3010678#0	0
2553	Q0	2403435#1	0
2553	Q0	866118#0	0
2553	Q0	3669085#0	0
2553	Q0	3708435#0	0
2555	Q0	2955869#0	1
2555	Q0	2955869#6	0
2555	Q0	153619#36	0
2555	Q0	603739#5	0
2555	Q0	2862#9	0
2555	Q0	192152#2	0
2555	Q0	44825#4	0
2555	Q0	30106#3	0
2555	Q0	2743160#4	0
2555	Q0	3775797#1	0
2555	Q0	2955869#4	0
2556	Q0	2015750#14	1
2556	Q0	2015750#3	1
2556	Q0	3146193#7	0
2556	Q0	2015750#39	0
2556	Q0	2015750#38	0
2556	Q0	2015750#5	0
2556	Q0	2015750#0	0
2556	Q0	2341058#48	0
2556	Q0	1528#45	0
2556	Q0	15610#8	0
2556	Q0	2148#12	0
2557	Q0	42#20	1
2557	Q0	23900#19	1
2557	Q0	41633#3	1
2557	Q0	4035#38	1
2557	Q0	1765#21	0
2557	Q0	186104#91	0
2557	Q0	31473#69	0
2557	Q0	41633#1	0
2557	Q0	1765#2	0
2557	Q0	3313716#3	0
2558	Q0	28275#4	1
2558	Q0	28275#6	0
2558	Q0	1737324#1	0
2558	Q0	1583468#1	0
2558	Q0	84288#2	0
2558	Q0	805956#1	0
2558	Q0	500557#2	0
2558	Q0	2755079#7	0
2558	Q0	2741440#1	0
2558	Q0	15771#1	0
2559	Q0	21517#2	1
2559	Q0	377#0	1
2559	Q0	377#61	0
2559	Q0	333679#0	0
2559	Q0	377#62	0
2559	Q0	377#31	0
2559	Q0	15700#1	0
2559	Q0	377#16	0
2559	Q0	15700#46	0
2559	Q0	482972#1	0
2559	Q0	377#1	0
2560	Q0	584894#0	1
2560	Q0	371214#0	0
2560	Q0	30854#9	0
2560	Q0	30854#42	0
2560	Q0	473477#0	0
2560	Q0	186895#6	0
2560	Q0	910604#0	0
2560	Q0	30854#13	0
2560	Q0	387688#0	0
2560	Q0	649786#12	0
2562	Q0	2801511#4	1
2562	Q0	1312076#2	0
2562	Q0	1374860#1	0
2562	Q0	3510193#1	0
2562	Q0	140935#4	0
2562	Q0	1618828#1	0
2562	Q0	2801511#5	0
2562	Q0	1312076#3	0
2562	Q0	208822#6	0
2562	Q0	1690946#2	0
2563	Q0	7624#3	1
2563	Q0	7624#0	1
2563	Q0	375156#1	0
2563	Q0	287002#0	0
2563	Q0	374174#1	0
2563	Q0	3108288#1	0
2563	Q0	7624#12	0
2563	Q0	3820818#0	0
2563	Q0	7624#22	0
2563	Q0	2637486#5	0
2566	Q0	1744365#10	1
2566	Q0	1744365#22	0
2566	Q0	1744365#11	0
2566	Q0	1744365#15	0
2566	Q0	1744365#7	0
2566	Q0	1744365#17	0
2566	Q0	1744365#6	0
2566	Q0	1744365#0	0
2566	Q0	1744365#12	0
2566	Q0	1744365#2	0
2567	Q0	3561279#0	1
2567	Q0	857136#19	1
2567	Q0	159656#1	1
2567	Q0	159656#9	0
2567	Q0	159656#6	0
2567	Q0	159656#8	0
2567	Q0	159656#7	0
2567	Q0	746858#16	0
2567	Q0	159656#13	0
2567	Q0	159656#5	0
2567	Q0	263762#10	0
2568	Q0	2208139#5	1
2568	Q0	5330#14	0
2568	Q0	5330#2	0
2568	Q0	5330#5	0
2568	Q0	106766#0	0
2568	Q0	2248971#2	0
2568	Q0	2208139#6	0
2568	Q0	5330#1	0
2568	Q0	2208139#3	0
2568	Q0	8858#43	0
2569	Q0	1041643#21	1
2569	Q0	1041643#1	1
2569	Q0	1041643#0	1
2569	Q0	1041643#17	0
2569	Q0	1041643#13	0
2569	Q0	3554470#0	0
2569	Q0	3295231#2	0
2569	Q0	468718#24	0
2569	Q0	1356158#5	0
2569	Q0	3133#26	0
2570	Q0	34714#20	1
2570	Q0	2421510#26	0
2570	Q0	2611022#1	0
2570	Q0	1565742#4	0
2570	Q0	239226#8	0
2570	Q0	34714#10	0
2570	Q0	34714#50	0
2570	Q0	1271608#1	0
2570	Q0	1750013#2	0
2570	Q0	1153281#15	0
2571	Q0	54520#2	1
2571	Q0	54520#1	1
2571	Q0	54520#0	1
2571	Q0	57#36	0
2571	Q0	400168#4	0
2571	Q0	7265#3	0
2571	Q0	2361429#8	0
2571	Q0	54520#19	0
2571	Q0	54520#8	0
2571	Q0	5071#13	0
2571	Q0	57#35	0
2572	Q0	83967#0	1
2572	Q0	83967#1	0
2572	Q0	52550#2	0
2572	Q0	1755091#1	0
2572	Q0	1941556#2	0
2572	Q0	2895225#2	0
2572	Q0	83967#16	0
2572	Q0	3070240#3	0
2572	Q0	29007#1	0
2572	Q0	83967#14	0
2573	Q0	195933#0	1
2573	Q0	195933#15	0
2573	Q0	533775#0	0
2573	Q0	195933#37	0
2573	Q0	2191996#3	0
2573	Q0	819246#1	0
2573	Q0	195933#60	0
2573	Q0	183841#7	0
2573	Q0	195933#28	0
2573	Q0	183841#9	0
2574	Q0	7394#17	1
2574	Q0	636319#0	0
2574	Q0	2561518#4	0
2574	Q0	10015#34	0
2574	Q0	1377498#2	0
2574	Q0	3578863#1	0
2574	Q0	3061304#13	0
2574	Q0	7394#9	0
2574	Q0	5352#2	0
2574	Q0	3036019#3	0
2574	Q0	2276215#1	0
2575	Q0	54796#4	1
2575	Q0	54796#5	0
2575	Q0	240976#4	0
2575	Q0	54796#0	0
2575	Q0	54796#6	0
2575	Q0	54796#20	0
2575	Q0	57795#1	0
2575	Q0	609730#86	0
2575	Q0	54796#35	0
2575	Q0	54796#33	0
2577	Q0	282476#0	1
2577	Q0	378155#17	0
2577	Q0	2771647#9	0
2577	Q0	378155#15	0
2577	Q0	2771647#10	0
2577	Q0	378155#5	0
2577	Q0	941104#4	0
2577	Q0	941104#0	0
2577	Q0	378155#0	0
2577	Q0	19484#2	0
2578	Q0	4156#0	1
2578	Q0	139450#0	1
2578	Q0	4156#1	0
2578	Q0	139450#2	0
2578	Q0	139448#4	0
2578	Q0	1841872#23	0
2578	Q0	2374893#2	0
2578	Q0	2219608#1	0
2578	Q0	139450#4	0
2578	Q0	4156#12	0
2579	Q0	5261#2	1
2579	Q0	860280#0	0
2579	Q0	860280#1	0
2579	Q0	860280#16	0
2579	Q0	860280#36	0
2579	Q0	119867#8	0
2579	Q0	860280#29	0
2579	Q0	860280#55	0
2579	Q0	1075333#33	0
2579	Q0	106439#7	0
2580	Q0	387895#3	1
2580	Q0	2090344#8	1
2580	Q0	2090344#10	0
2580	Q0	2090344#2	0
2580	Q0	2090344#27	0
2580	Q0	2090344#33	0
2580	Q0	497517#23	0
2580	Q0	2090344#14	0
2580	Q0	2090344#9	0
2580	Q0	3860612#2	0
2580	Q0	1765#5	0
2581	Q0	1642829#3	1
2581	Q0	1642829#0	1
2581	Q0	1642829#2	0
2581	Q0	1642829#8	0
2581	Q0	1642829#4	0
2581	Q0	1642829#43	0
2581	Q0	1642829#21	0
2581	Q0	1642829#7	0
2581	Q0	1642829#41	0
2581	Q0	1642829#6	0
2583	Q0	378765#0	1
2583	Q0	378778#0	1
2583	Q0	1226581#20	0
2583	Q0	378778#2	0
2583	Q0	378778#41	0
2583	Q0	1730340#7	0
2583	Q0	378778#33	0
2583	Q0	533791#1	0
2583	Q0	1575688#32	0
2583	Q0	1575688#27	0
2584	Q0	240865#8	1
2584	Q0	150028#6	1
2584	Q0	150028#5	1
2584	Q0	3513512#1	0
2584	Q0	1875991#3	0
2584	Q0	150028#10	0
2584	Q0	351541#14	0
2584	Q0	97512#9	0
2584	Q0	631152#8	0
2584	Q0	33464#0	0
2585	Q0	1971274#26	1
2585	Q0	1971274#1	1
2585	Q0	1397762#6	0
2585	Q0	1971274#37	0
2585	Q0	142549#6	0
2585	Q0	3974#82	0
2585	Q0	1971274#33	0
2585	Q0	1971274#45	0
2585	Q0	1397762#8	0
2585	Q0	1971274#50	0
2585	Q0	1971274#34	0
2586	Q0	79188#0	1
2586	Q0	79188#2	0
2586	Q0	79188#13	0
2586	Q0	79188#8	0
2586	Q0	79188#3	0
2586	Q0	79188#1	0
2586	Q0	417384#1	0
2586	Q0	245171#1	0
2586	Q0	44251#3	0
2586	Q0	1525325#0	0
2587	Q0	31948#0	1
2587	Q0	31948#27	0
2587	Q0	31948#4	0
2587	Q0	2011722#3	0
2587	Q0	1960885#1	0
2587	Q0	31948#5	0
2587	Q0	1567987#3	0
2587	Q0	1640228#1	0
2587	Q0	1716489#0	0
2587	Q0	58868#0	0
2588	Q0	801904#2	1
2588	Q0	801904#3	1
2588	Q0	801904#25	0
2588	Q0	801904#24	0
2588	Q0	801904#16	0
2588	Q0	801904#15	0
2588	Q0	801904#9	0
2588	Q0	801904#6	0
2588	Q0	801904#49	0
2588	Q0	99897#8	0
2589	Q0	146780#4	1
2589	Q0	4182#28	1
2589	Q0	4182#3	1
2589	Q0	2118785#27	0
2589	Q0	573105#9	0
2589	Q0	8205#10	0
2589	Q0	1166421#1	0
2589	Q0	1898#5	0
2589	Q0	4182#32	0
2589	Q0	4182#36	0
2590	Q0	2110241#1	1
2590	Q0	328891#0	0
2590	Q0	1737324#1	0
2590	Q0	3371047#0	0
2590	Q0	839541#0	0
2590	Q0	642173#0	0
2590	Q0	3860577#8	0
2590	Q0	449035#0	0
2590	Q0	561329#0	0
2590	Q0	438191#5	0
2590	Q0	485819#6	0
2591	Q0	1757158#1	1
2591	Q0	1757158#4	0
2591	Q0	1757158#2	0
2591	Q0	1757158#0	0
2591	Q0	2168456#0	0
2591	Q0	1757158#7	0
2591	Q0	263046#2	0
2591	Q0	1454179#2	0
2591	Q0	2349233#0	0
2591	Q0	2105686#3	0
2593	Q0	3034824#0	1
2593	Q0	3034824#12	0
2593	Q0	3034824#18	0
2593	Q0	3034824#2	0
2593	Q0	3034824#11	0
2593	Q0	3034824#14	0
2593	Q0	3034824#17	0
2593	Q0	738792#3	0
2593	Q0	3034824#20	0
2593	Q0	3034824#15	0
2594	Q0	895353#9	1
2594	Q0	895353#4	1
2594	Q0	895353#13	0
2594	Q0	895353#26	0
2594	Q0	895353#6	0
2594	Q0	2265617#2	0
2594	Q0	895353#21	0
2594	Q0	3348623#3	0
2594	Q0	895353#3	0
2594	Q0	895353#22	0
2595	Q0	1689496#3	1
2595	Q0	2817197#9	1
2595	Q0	2817197#21	0
2595	Q0	2817197#20	0
2595	Q0	2817197#23	0
2595	Q0	2609703#5	0
2595	Q0	2817197#0	0
2595	Q0	2423635#3	0
2595	Q0	1753296#8	0
2595	Q0	2817197#30	0
2595	Q0	2817197#29	0
2596	Q0	2160294#4	1
2596	Q0	2160294#1	0
2596	Q0	2160294#0	0
2596	Q0	2160294#3	0
2596	Q0	2160294#16	0
2596	Q0	2160294#15	0
2596	Q0	2160294#10	0
2596	Q0	2160294#26	0
2596	Q0	2160294#9	0
2596	Q0	2160294#12	0
2597	Q0	183525#0	1
2597	Q0	1568576#0	0
2597	Q0	1568551#0	0
2597	Q0	3505#0	0
2597	Q0	1677187#0	0
2597	Q0	1568576#1	0
2597	Q0	1568551#1	0
2597	Q0	183525#9	0
2597	Q0	329284#4	0
2597	Q0	51217#9	0
2598	Q0	2153939#6	1
2598	Q0	2153939#8	0
2598	Q0	2153939#25	0
2598	Q0	2153939#0	0
2598	Q0	2153939#1	0
2598	Q0	2153939#2	0
2598	Q0	2153939#7	0
2598	Q0	2153939#5	0
2598	Q0	2153939#11	0
2598	Q0	2153939#3	0
2598	Q0	2153939#10	0
2599	Q0	15498#3	1
2599	Q0	10594#0	1
2599	Q0	330545#1	0
2599	Q0	22089#0	0
2599	Q0	1200699#6	0
2599	Q0	1860180#0	0
2599	Q0	22089#8	0
2599	Q0	248544#2	0
2599	Q0	759208#0	0
2599	Q0	1052479#0	0
2600	Q0	2847698#3	1
2600	Q0	1753918#4	0
2600	Q0	2847698#18	0
2600	Q0	2847698#17	0
2600	Q0	2847698#0	0
2600	Q0	2847698#2	0
2600	Q0	2847698#6	0
2600	Q0	2847698#16	0
2600	Q0	2847698#15	0
2600	Q0	2852499#4	0
2602	Q0	10690#0	1
2602	Q0	10690#1	0
2602	Q0	3122654#2	0
2602	Q0	10690#11	0
2602	Q0	3122654#4	0
2602	Q0	22283#1	0
2602	Q0	10690#3	0
2602	Q0	131222#4	0
2602	Q0	209168#2	0
2602	Q0	905686#23	0
2603	Q0	1127560#1	1
2603	Q0	1127560#32	0
2603	Q0	54258#30	0
2603	Q0	2349130#38	0
2603	Q0	8197#60	0
2603	Q0	2017729#23	0
2603	Q0	2619073#41	0
2603	Q0	56556#53	0
2603	Q0	5040#28	0
2603	Q0	13816#36	0
2605	Q0	124296#1	1
2605	Q0	2737994#2	0
2605	Q0	2737994#29	0
2605	Q0	3112414#11	0
2605	Q0	2651325#7	0
2605	Q0	340932#14	0
2605	Q0	2711605#10	0
2605	Q0	853882#17	0
2605	Q0	440757#4	0
2605	Q0	2506450#11	0
2605	Q0	2008215#0	0
2606	Q0	3138460#1	1
2606	Q0	3138460#0	0
2606	Q0	3138460#11	0
2606	Q0	3138460#12	0
2606	Q0	3138460#13	0
2606	Q0	3138460#15	0
2606	Q0	3138460#21	0
2606	Q0	3138460#14	0
2606	Q0	3533904#35	0
2606	Q0	3122638#0	0
2606	Q0	3138460#16	0
2607	Q0	732664#35	1
2607	Q0	732664#2	1
2607	Q0	732664#27	0
2607	Q0	732664#33	0
2607	Q0	732664#34	0
2607	Q0	732664#12	0
2607	Q0	732664#9	0
2607	Q0	732664#20	0
2607	Q0	732664#10	0
2607	Q0	732664#16	0
2607	Q0	732664#17	0
2608	Q0	9465#0	1
2608	Q0	74#0	1
2608	Q0	3094120#0	1
2608	Q0	213994#5	1
2608	Q0	46728#0	0
2608	Q0	74#9	0
2608	Q0	46678#14	0
2608	Q0	213994#1	0
2608	Q0	74#70	0
2608	Q0	2936313#2	0
2609	Q0	32#2	1
2609	Q0	3336477#7	0
2609	Q0	641713#13	0
2609	Q0	158302#4	0
2609	Q0	3336477#0	0
2609	Q0	8510#3	0
2609	Q0	3336477#4	0
2609	Q0	392405#4	0
2609	Q0	8510#6	0
2609	Q0	3335046#3	0
2609	Q0	8510#5	0
2610	Q0	41493#38	1
2610	Q0	41493#42	1
2610	Q0	2365483#15	1
2610	Q0	1065#13	1
2610	Q0	41493#43	1
2610	Q0	41493#4	1
2610	Q0	41493#40	0
2610	Q0	41493#37	0
2610	Q0	1986723#2	0
2610	Q0	41493#21	0
2610	Q0	1986723#7	0
2611	Q0	3268299#6	1
2611	Q0	1870139#24	0
2611	Q0	3268299#7	0
2611	Q0	3268299#5	0
2611	Q0	1870139#22	0
2611	Q0	3268299#0	0
2611	Q0	1870139#20	0
2611	Q0	1704352#24	0
2611	Q0	1870139#2	0
2611	Q0	1870139#28	0
2613	Q0	144622#1	1
2613	Q0	8245#7	1
2613	Q0	141682#0	1
2613	Q0	5453#24	0
2613	Q0	5453#20	0
2613	Q0	128791#8	0
2613	Q0	141682#22	0
2613	Q0	973034#9	0
2613	Q0	141682#1	0
2613	Q0	5453#22	0
2613	Q0	5453#19	0
2614	Q0	1163448#0	1
2614	Q0	1163448#1	1
2614	Q0	3847637#0	0
2614	Q0	3847637#1	0
2614	Q0	112594#0	0
2614	Q0	415641#6	0
2614	Q0	112594#3	0
2614	Q0	1163448#50	0
2614	Q0	1163448#9	0
2614	Q0	1163448#52	0
2615	Q0	29174#22	1
2615	Q0	153656#12	1
2615	Q0	29174#0	1
2615	Q0	29174#3	1
2615	Q0	29174#12	1
2615	Q0	29174#56	0
2615	Q0	808970#26	0
2615	Q0	29174#23	0
2615	Q0	808970#24	0
2615	Q0	3579942#1	0
2615	Q0	29174#5	0
2615	Q0	29174#26	0
2615	Q0	29174#1	0
2615	Q0	29174#8	0
2615	Q0	29174#6	0
2616	Q0	171445#1	1
2616	Q0	2028320#4	1
2616	Q0	3627#42	0
2616	Q0	3627#56	0
2616	Q0	3627#55	0
2616	Q0	3627#66	0
2616	Q0	5149#66	0
2616	Q0	2028320#1	0
2616	Q0	2028320#3	0
2616	Q0	1065762#4	0
2617	Q0	740117#7	1
2617	Q0	740117#1	1
2617	Q0	740117#0	0
2617	Q0	740117#6	0
2617	Q0	231635#1	0
2617	Q0	740117#16	0
2617	Q0	740117#5	0
2617	Q0	740117#19	0
2617	Q0	740117#12	0
2617	Q0	740117#3	0
2618	Q0	1656863#0	1
2618	Q0	526505#11	0
2618	Q0	359815#4	0
2618	Q0	364197#5	0
2618	Q0	3617589#1	0
2618	Q0	1504244#2	0
2618	Q0	71389#4	0
2618	Q0	1409981#8	0
2618	Q0	85908#11	0
2618	Q0	1583943#3	0
2618	Q0	129293#8	0
2619	Q0	136453#0	1
2619	Q0	136453#51	0
2619	Q0	136453#7	0
2619	Q0	755998#0	0
2619	Q0	136453#1	0
2619	Q0	136453#11	0
2619	Q0	136453#9	0
2619	Q0	136453#6	0
2619	Q0	136453#4	0
2619	Q0	136453#49	0
2619	Q0	3786530#0	0
2620	Q0	532953#0	1
2620	Q0	42635#1	0
2620	Q0	532953#2	0
2620	Q0	532953#146	0
2620	Q0	532953#11	0
2620	Q0	74200#1	0
2620	Q0	532953#115	0
2620	Q0	532953#128	0
2620	Q0	74200#7	0
2620	Q0	963543#1	0
2621	Q0	3835106#1	1
2621	Q0	3835106#45	1
2621	Q0	3835106#7	0
2621	Q0	3835106#4	0
2621	Q0	3835106#25	0
2621	Q0	3835106#40	0
2621	Q0	3835106#0	0
2621	Q0	3835106#42	0
2621	Q0	1125284#1	0
2621	Q0	3835106#10	0
2623	Q0	4008#8	1
2623	Q0	1988410#6	0
2623	Q0	3876252#1	0
2623	Q0	3876252#7	0
2623	Q0	1988410#7	0
2623	Q0	4008#10	0
2623	Q0	2353459#0	0
2623	Q0	4008#12	0
2623	Q0	4008#47	0
2623	Q0	3876252#5	0
2624	Q0	1044917#3	1
2624	Q0	299933#5	0
2624	Q0	2091619#2	0
2624	Q0	171119#8	0
2624	Q0	311946#6	0
2624	Q0	245190#1	0
2624	Q0	417952#1	0
2624	Q0	3871688#5	0
2624	Q0	1582849#6	0
2624	Q0	1748504#2	0
2624	Q0	359815#2	0
2625	Q0	1399872#0	1
2625	Q0	1399872#1	0
2625	Q0	2949971#1	0
2625	Q0	3070240#3	0
2625	Q0	1399872#5	0
2625	Q0	64324#2	0
2625	Q0	7978#2	0
2625	Q0	3559202#2	0
2625	Q0	2786472#1	0
2625	Q0	1934844#1	0
2626	Q0	1413280#0	1
2626	Q0	2776993#7	1
2626	Q0	1225364#48	0
2626	Q0	1413280#14	0
2626	Q0	1413280#3	0
2626	Q0	1413280#16	0
2626	Q0	2125162#8	0
2626	Q0	2950578#3	0
2626	Q0	1413280#4	0
2626	Q0	520184#6	0
2626	Q0	2080024#1	0
2628	Q0	4763#6	1
2628	Q0	2657266#0	0
2628	Q0	4763#33	0
2628	Q0	4763#32	0
2628	Q0	4763#0	0
2628	Q0	316035#14	0
2628	Q0	4763#5	0
2628	Q0	2657266#5	0
2628	Q0	4763#4	0
2628	Q0	4763#9	0
2630	Q0	25878#31	1
2630	Q0	1129152#4	1
2630	Q0	25878#32	0
2630	Q0	465708#53	0
2630	Q0	1129152#3	0
2630	Q0	1391#7	0
2630	Q0	25878#37	0
2630	Q0	206772#14	0
2630	Q0	25824#14	0
2630	Q0	27614#14	0
2630	Q0	25878#41	0
2631	Q0	360360#5	1
2631	Q0	2983818#0	1
2631	Q0	360326#0	1
2631	Q0	155519#3	0
2631	Q0	155519#6	0
2631	Q0	9139#5	0
2631	Q0	2983818#3	0
2631	Q0	5186#17	0
2631	Q0	5186#18	0
2631	Q0	2279589#1	0
2632	Q0	661976#0	1
2632	Q0	5697#14	0
2632	Q0	205804#2	0
2632	Q0	97120#1	0
2632	Q0	5697#161	0
2632	Q0	2990787#2	0
2632	Q0	2210444#1	0
2632	Q0	45761#22	0
2632	Q0	98093#2	0
2632	Q0	46465#10	0
2632	Q0	1003136#9	0
2633	Q0	2785445#5	1
2633	Q0	3414982#1	1
2633	Q0	2785445#1	0
2633	Q0	2785445#3	0
2633	Q0	2785445#35	0
2633	Q0	2785445#18	0
2633	Q0	418680#2	0
2633	Q0	1778237#3	0
2633	Q0	2785445#9	0
2633	Q0	297963#4	0
2634	Q0	840126#1	1
2634	Q0	15892#61	1
2634	Q0	988123#1	0
2634	Q0	118891#11	0
2634	Q0	840126#5	0
2634	Q0	141280#4	0
2634	Q0	2664194#3	0
2634	Q0	2607228#2	0
2634	Q0	64429#19	0
2634	Q0	141280#12	0
2634	Q0	2607228#0	0
2636	Q0	1776479#10	1
2636	Q0	85202#13	1
2636	Q0	2064617#55	0
2636	Q0	85202#16	0
2636	Q0	1698838#18	0
2636	Q0	2036422#7	0
2636	Q0	1660832#8	0
2636	Q0	2098096#0	0
2636	Q0	2098096#17	0
2636	Q0	83517#28	0
2636	Q0	1625615#5	0
2637	Q0	347109#0	1
2637	Q0	347109#39	0
2637	Q0	347109#61	0
2637	Q0	347109#1	0
2637	Q0	2033313#2	0
2637	Q0	347109#11	0
2637	Q0	347109#33	0
2637	Q0	347109#12	0
2637	Q0	347109#28	0
2637	Q0	1785243#0	0
2638	Q0	54990#30	1
2638	Q0	31949#36	1
2638	Q0	1825214#1	1
2638	Q0	54990#6	1
2638	Q0	1825214#2	1
2638	Q0	1825214#3	0
2638	Q0	54990#28	0
2638	Q0	1397079#6	0
2638	Q0	54990#36	0
2638	Q0	311805#148	0
2638	Q0	1825214#4	0
2639	Q0	47972#75	1
2639	Q0	14445#2	1
2639	Q0	40880#3	0
2639	Q0	1713724#43	0
2639	Q0	14445#5	0
2639	Q0	736978#4	0
2639	Q0	1379309#2	0
2639	Q0	14445#1	0
2639	Q0	3812700#1	0
2639	Q0	15803#5	0
2641	Q0	113877#2	1
2641	Q0	113877#8	0
2641	Q0	1102896#3	0
2641	Q0	113877#15	0
2641	Q0	7550#37	0
2641	Q0	113877#12	0
2641	Q0	113877#17	0
2641	Q0	325190#2	0
2641	Q0	710322#1	0
2641	Q0	7550#36	0
2643	Q0	442460#0	1
2643	Q0	2088585#5	0
2643	Q0	106184#33	0
2643	Q0	2088585#2	0
2643	Q0	1222813#3	0
2643	Q0	54258#4	0
2643	Q0	1583233#6	0
2643	Q0	765706#5	0
2643	Q0	868760#11	0
2643	Q0	2800978#5	0
2643	Q0	783193#7	0
2644	Q0	1382559#0	1
2644	Q0	71584#0	1
2644	Q0	1532168#1	1
2644	Q0	2159905#1	1
2644	Q0	789138#4	0
2644	Q0	3265319#1	0
2644	Q0	71584#2	0
2644	Q0	11407#0	0
2644	Q0	789138#1	0
2644	Q0	1082215#21	0
2646	Q0	65239#23	1
2646	Q0	392569#3	1
2646	Q0	65239#45	0
2646	Q0	207114#14	0
2646	Q0	1994609#3	0
2646	Q0	65243#15	0
2646	Q0	65243#31	0
2646	Q0	73314#3	0
2646	Q0	3356041#4	0
2646	Q0	4901#18	0
2646	Q0	65243#1	0
2646	Q0	392569#4	0
2646	Q0	392569#2	0
2647	Q0	303073#4	1
2647	Q0	1990615#4	0
2647	Q0	1076704#0	0
2647	Q0	19199#3	0
2647	Q0	3050378#1	0
2647	Q0	2001377#3	0
2647	Q0	402825#13	0
2647	Q0	33581#14	0
2647	Q0	697#25	0
2647	Q0	33581#12	0
2648	Q0	889367#1	1
2648	Q0	426656#2	0
2648	Q0	426656#7	0
2648	Q0	2633086#8	0
2648	Q0	426656#0	0
2648	Q0	426656#4	0
2648	Q0	1014437#1	0
2648	Q0	426656#1	0
2648	Q0	426656#3	0
2648	Q0	1014437#30	0
2648	Q0	1014437#5	0
2649	Q0	130747#2	1
2649	Q0	4069#7	1
2649	Q0	17051#10	1
2649	Q0	17051#14	0
2649	Q0	17051#13	0
2649	Q0	1099726#2	0
2649	Q0	12087#2	0
2649	Q0	623539#6	0
2649	Q0	17051#17	0
2649	Q0	3471#2	0
2651	Q0	107845#2	1
2651	Q0	1997397#23	1
2651	Q0	433293#7	0
2651	Q0	433293#9	0
2651	Q0	185029#18	0
2651	Q0	97399#0	0
2651	Q0	433293#15	0
2651	Q0	208852#0	0
2651	Q0	433293#14	0
2651	Q0	1997397#32	0
2652	Q0	1984910#2	1
2652	Q0	3004284#54	1
2652	Q0	2136342#0	1
2652	Q0	1984981#7	0
2652	Q0	2785207#2	0
2652	Q0	2785207#1	0
2652	Q0	1984925#3	0
2652	Q0	3249950#2	0
2652	Q0	2136342#2	0
2652	Q0	3004284#55	0
2652	Q0	3004187#1	0
2653	Q0	3968#54	1
2653	Q0	507456#9	1
2653	Q0	232949#20	1
2653	Q0	232949#27	1
2653	Q0	232949#25	1
2653	Q0	232949#3	1
2653	Q0	232949#14	1
2653	Q0	7366#48	0
2653	Q0	232949#19	0
2653	Q0	232949#17	0
2654	Q0	82176#0	1
2654	Q0	40063#10	0
2654	Q0	201420#27	0
2654	Q0	2715064#1	0
2654	Q0	58538#9	0
2654	Q0	431344#1	0
2654	Q0	170833#0	0
2654	Q0	3361942#2	0
2654	Q0	3256679#0	0
2654	Q0	149473#0	0
2654	Q0	2264350#0	0
2655	Q0	878370#1	1
2655	Q0	878370#6	1
2655	Q0	2366572#1	0
2655	Q0	1570451#2	0
2655	Q0	878370#19	0
2655	Q0	878370#0	0
2655	Q0	878370#5	0
2655	Q0	878370#3	0
2655	Q0	89926#4	0
2655	Q0	878370#8	0
2656	Q0	238427#4	1
2656	Q0	713372#3	0
2656	Q0	713372#7	0
2656	Q0	238427#0	0
2656	Q0	1128261#1	0
2656	Q0	1740842#2	0
2656	Q0	2255034#4	0
2656	Q0	484744#8	0
2656	Q0	238427#10	0
2656	Q0	2400426#3	0
2657	Q0	3805239#1	1
2657	Q0	3805239#2	1
2657	Q0	3805239#6	1
2657	Q0	3805239#13	1
2657	Q0	3805239#8	1
2657	Q0	3805239#7	1
2657	Q0	3805239#0	0
2657	Q0	3805239#4	0
2657	Q0	3805239#14	0
2657	Q0	3805239#15	0
2658	Q0	2776037#1	1
2658	Q0	392441#1	0
2658	Q0	3475567#13	0
2658	Q0	1462102#1	0
2658	Q0	341484#10	0
2658	Q0	3351839#4	0
2658	Q0	34132#5	0
2658	Q0	1455724#6	0
2658	Q0	925490#10	0
2658	Q0	2828576#2	0
2662	Q0	271496#2	1
2662	Q0	1769077#3	1
2662	Q0	271496#6	0
2662	Q0	271496#0	0
2662	Q0	271496#37	0
2662	Q0	1551715#0	0
2662	Q0	271496#7	0
2662	Q0	271496#1	0
2662	Q0	271496#38	0
2662	Q0	271496#3	0
2662	Q0	271496#11	0
2662	Q0	271496#55	0
2664	Q0	2562477#1	1
2664	Q0	2562477#0	1
2664	Q0	3769907#8	0
2664	Q0	1755088#0	0
2664	Q0	1833503#0	0
2664	Q0	42377#6	0
2664	Q0	2562477#14	0
2664	Q0	23308#2	0
2664	Q0	2830010#1	0
2664	Q0	1389618#0	0
2665	Q0	1633013#1	1
2665	Q0	2509056#0	0
2665	Q0	1633013#12	0
2665	Q0	3002815#0	0
2665	Q0	3231983#0	0
2665	Q0	2815999#22	0
2665	Q0	1661897#0	0
2665	Q0	3484619#1	0
2665	Q0	2381756#1	0
2665	Q0	993374#0	0
2665	Q0	141329#0	0
2666	Q0	412937#14	1
2666	Q0	751086#21	1
2666	Q0	412937#13	1
2666	Q0	412937#8	1
2666	Q0	412937#10	0
2666	Q0	412937#17	0
2666	Q0	2538478#5	0
2666	Q0	1747617#5	0
2666	Q0	720670#5	0
2666	Q0	1060624#13	0
2666	Q0	412937#15	0
2667	Q0	30089#2	1
2667	Q0	698624#2	1
2667	Q0	1614137#8	0
2667	Q0	1505430#1	0
2667	Q0	698624#6	0
2667	Q0	101414#8	0
2667	Q0	1964822#4	0
2667	Q0	232258#1	0
2667	Q0	1946238#24	0
2667	Q0	4069#1	0
2667	Q0	2782#5	0
2668	Q0	11417#2	1
2668	Q0	1811435#15	0
2668	Q0	1811435#16	0
2668	Q0	83510#9	0
2668	Q0	479485#3	0
2668	Q0	1811435#7	0
2668	Q0	1811435#14	0
2668	Q0	83510#32	0
2668	Q0	525252#14	0
2668	Q0	525252#12	0
2669	Q0	1443401#0	1
2669	Q0	1327364#3	0
2669	Q0	3207931#1	0
2669	Q0	130410#1	0
2669	Q0	3363475#2	0
2669	Q0	422280#5	0
2669	Q0	164730#1	0
2669	Q0	50191#3	0
2669	Q0	143302#9	0
2669	Q0	417849#1	0
2670	Q0	3273593#0	1
2670	Q0	3273593#5	1
2670	Q0	3273593#7	0
2670	Q0	1887434#2	0
2670	Q0	3103411#5	0
2670	Q0	873205#2	0
2670	Q0	236040#2	0
2670	Q0	3588795#3	0
2670	Q0	3892411#1	0
2670	Q0	154728#3	0
2672	Q0	3964#21	1
2672	Q0	40571#2	0
2672	Q0	23859#4	0
2672	Q0	1864744#17	0
2672	Q0	1275087#3	0
2672	Q0	293887#12	0
2672	Q0	1841540#1	0
2672	Q0	1681833#11	0
2672	Q0	364#12	0
2672	Q0	504544#0	0
2672	Q0	5157#0	0
2673	Q0	166079#0	1
2673	Q0	414912#0	1
2673	Q0	3395258#0	1
2673	Q0	3566533#0	0
2673	Q0	1573098#4	0
2673	Q0	1573098#0	0
2673	Q0	166079#13	0
2673	Q0	166079#16	0
2673	Q0	166079#4	0
2673	Q0	166079#14	0
2674	Q0	498249#2	1
2674	Q0	2974346#0	1
2674	Q0	1360345#1	0
2674	Q0	635187#2	0
2674	Q0	578996#2	0
2674	Q0	352651#2	0
2674	Q0	3001369#0	0
2674	Q0	2974346#5	0
2674	Q0	3040190#5	0
2674	Q0	1528#24	0
2675	Q0	778993#0	1
2675	Q0	835427#0	0
2675	Q0	778993#5	0
2675	Q0	48#12	0
2675	Q0	48#10	0
2675	Q0	3660535#2	0
2675	Q0	656478#0	0
2675	Q0	10665#11	0
2675	Q0	696594#0	0
2675	Q0	743509#0	0
2679	Q0	1459624#0	1
2679	Q0	1459624#1	1
2679	Q0	1459624#18	0
2679	Q0	1459624#2	0
2679	Q0	3878805#0	0
2679	Q0	2259780#1	0
2679	Q0	1459624#5	0
2679	Q0	1459624#20	0
2679	Q0	1459624#13	0
2679	Q0	1459624#3	0
2680	Q0	6374#0	1
2680	Q0	274777#14	0
2680	Q0	6374#51	0
2680	Q0	6374#52	0
2680	Q0	3610522#8	0
2680	Q0	3421123#0	0
2680	Q0	6956#37	0
2680	Q0	274777#5	0
2680	Q0	342870#0	0
2680	Q0	274777#8	0
2682	Q0	145013#5	1
2682	Q0	2589726#2	1
2682	Q0	2589726#1	1
2682	Q0	426967#0	0
2682	Q0	2644191#0	0
2682	Q0	10050#0	0
2682	Q0	1286061#2	0
2682	Q0	1659068#0	0
2682	Q0	948273#1	0
2682	Q0	2644191#2	0
2682	Q0	2905555#38	0
2684	Q0	16115#34	1
2684	Q0	13496#9	0
2684	Q0	1174812#42	0
2684	Q0	63665#4	0
2684	Q0	16091#25	0
2684	Q0	15163#1	0
2684	Q0	6505#6	0
2684	Q0	13496#34	0
2684	Q0	13496#37	0
2684	Q0	18463#87	0
2685	Q0	26800#10	1
2685	Q0	2625607#1	1
2685	Q0	26800#5	0
2685	Q0	1336541#16	0
2685	Q0	1540233#1	0
2685	Q0	26577#11	0
2685	Q0	2438527#1	0
2685	Q0	695680#2	0
2685	Q0	649217#12	0
2685	Q0	26800#7	0
2686	Q0	2500948#20	1
2686	Q0	285366#0	1
2686	Q0	417468#0	0
2686	Q0	1795213#1	0
2686	Q0	3572096#0	0
2686	Q0	1252401#19	0
2686	Q0	334432#2	0
2686	Q0	417468#1	0
2686	Q0	285366#3	0
2686	Q0	1252401#14	0
2687	Q0	32836#0	1
2687	Q0	674139#0	1
2687	Q0	32836#2	1
2687	Q0	32836#7	0
2687	Q0	2773#19	0
2687	Q0	32836#5	0
2687	Q0	141856#2	0
2687	Q0	1633118#0	0
2687	Q0	2926844#0	0
2687	Q0	141856#3	0
2688	Q0	8406#11	1
2688	Q0	34297#5	1
2688	Q0	455799#4	1
2688	Q0	2282793#3	0
2688	Q0	2282793#10	0
2688	Q0	1764652#9	0
2688	Q0	1764652#0	0
2688	Q0	1888184#104	0
2688	Q0	1764652#4	0
2688	Q0	8406#21	0
2688	Q0	1247224#6	0
2689	Q0	28528#5	1
2689	Q0	1331508#2	1
2689	Q0	28528#0	0
2689	Q0	28528#4	0
2689	Q0	1417037#12	0
2689	Q0	28528#9	0
2689	Q0	28528#7	0
2689	Q0	2316988#1	0
2689	Q0	643727#2	0
2689	Q0	28528#6	0
2690	Q0	30574#2	1
2690	Q0	30574#14	0
2690	Q0	30574#12	0
2690	Q0	1353495#14	0
2690	Q0	285002#38	0
2690	Q0	1761391#12	0
2690	Q0	1210470#2	0
2690	Q0	194667#14	0
2690	Q0	1770442#3	0
2690	Q0	30574#25	0
2690	Q0	30574#10	0
2691	Q0	2674504#4	1
2691	Q0	1555470#8	1
2691	Q0	2674504#0	0
2691	Q0	1555201#5	0
2691	Q0	2674504#11	0
2691	Q0	3769752#3	0
2691	Q0	2674504#2	0
2691	Q0	2674504#6	0
2691	Q0	78275#8	0
2691	Q0	2674504#5	0
2693	Q0	53327#45	1
2693	Q0	53327#2	1
2693	Q0	53327#4	0
2693	Q0	34319#3	0
2693	Q0	53327#94	0
2693	Q0	57959#45	0
2693	Q0	38732#15	0
2693	Q0	57959#46	0
2693	Q0	53327#79	0
2693	Q0	53327#28	0
2693	Q0	53634#17	0
2694	Q0	473286#10	1
2694	Q0	3012468#3	1
2694	Q0	2054387#11	0
2694	Q0	473286#99	0
2694	Q0	473286#86	0
2694	Q0	2149324#0	0
2694	Q0	2054387#5	0
2694	Q0	473286#85	0
2694	Q0	2149140#1	0
2694	Q0	1597554#6	0
2694	Q0	4980#52	0
2695	Q0	2113880#2	1
2695	Q0	7724#0	1
2695	Q0	7724#1	0
2695	Q0	7724#2	0
2695	Q0	7724#3	0
2695	Q0	68984#3	0
2695	Q0	49826#4	0
2695	Q0	1343717#1	0
2695	Q0	208631#1	0
2695	Q0	33175#6	0
2695	Q0	55416#1	0
2696	Q0	2201506#1	1
2696	Q0	81703#0	1
2696	Q0	2201506#10	0
2696	Q0	2201506#0	0
2696	Q0	2201506#9	0
2696	Q0	2201506#4	0
2696	Q0	2201506#12	0
2696	Q0	3334249#1	0
2696	Q0	2201506#8	0
2696	Q0	6235#8	0
2698	Q0	19062#0	1
2698	Q0	321654#56	0
2698	Q0	128682#1	0
2698	Q0	2402463#0	0
2698	Q0	321654#28	0
2698	Q0	321654#26	0
2698	Q0	20245#75	0
2698	Q0	321654#27	0
2698	Q0	181841#6	0
2698	Q0	321654#33	0
2699	Q0	311877#2	1
2699	Q0	311877#8	0
2699	Q0	311877#4	0
2699	Q0	311877#3	0
2699	Q0	311877#0	0
2699	Q0	311877#22	0
2699	Q0	311877#43	0
2699	Q0	311877#40	0
2699	Q0	311877#1	0
2699	Q0	301971#6	0
2700	Q0	2316155#7	1
2700	Q0	1172729#5	0
2700	Q0	6926#52	0
2700	Q0	1114318#111	0
2700	Q0	2316155#14	0
2700	Q0	760740#1	0
2700	Q0	489581#8	0
2700	Q0	716448#5	0
2700	Q0	6452#10	0
2700	Q0	497517#15	0
2702	Q0	2254796#2	1
2702	Q0	2254796#4	0
2702	Q0	2254796#0	0
2702	Q0	2254796#9	0
2702	Q0	2254796#25	0
2702	Q0	2254796#27	0
2702	Q0	2266272#0	0
2702	Q0	2955239#1	0
2702	Q0	56851#5	0
2702	Q0	2254796#11	0
2702	Q0	56851#16	0
2703	Q0	2016107#18	1
2703	Q0	2771081#0	1
2703	Q0	414905#1	0
2703	Q0	798979#10	0
2703	Q0	3192863#3	0
2703	Q0	137591#4	0
2703	Q0	975633#3	0
2703	Q0	2771081#25	0
2703	Q0	2744594#0	0
2703	Q0	1193430#1	0
2703	Q0	2955273#3	0
2704	Q0	112172#3	1
2704	Q0	185303#3	1
2704	Q0	1290864#1	0
2704	Q0	185303#8	0
2704	Q0	185303#7	0
2704	Q0	431703#4	0
2704	Q0	22385#8	0
2704	Q0	26586#8	0
2704	Q0	92178#15	0
2704	Q0	820194#12	0
2704	Q0	419124#1	0
2706	Q0	338229#0	1
2706	Q0	201095#0	1
2706	Q0	1642689#1	1
2706	Q0	907300#1	0
2706	Q0	1110618#0	0
2706	Q0	2708121#15	0
2706	Q0	3204007#1	0
2706	Q0	1890640#1	0
2706	Q0	2862189#0	0
2706	Q0	2774470#0	0
2707	Q0	4850#0	1
2707	Q0	4850#3	0
2707	Q0	4850#22	0
2707	Q0	4850#1	0
2707	Q0	2683653#1	0
2707	Q0	2428467#1	0
2707	Q0	136500#1	0
2707	Q0	217647#1	0
2707	Q0	4850#19	0
2707	Q0	1224247#2	0
2709	Q0	66860#0	1
2709	Q0	66860#4	0
2709	Q0	3618384#4	0
2709	Q0	66860#5	0
2709	Q0	3725411#0	0
2709	Q0	1948609#6	0
2709	Q0	66860#14	0
2709	Q0	66860#3	0
2709	Q0	1948609#7	0
2709	Q0	66860#13	0
2709	Q0	972210#0	0
2710	Q0	1342391#0	1
2710	Q0	1765732#1	0
2710	Q0	1342391#3	0
2710	Q0	3052214#8	0
2710	Q0	1342391#1	0
2710	Q0	1342391#2	0
2710	Q0	1342391#23	0
2710	Q0	3052214#4	0
2710	Q0	1342391#28	0
2710	Q0	3052214#9	0
2710	Q0	1342391#20	0
2712	Q0	2026832#2	1
2712	Q0	2026832#0	1
2712	Q0	2026832#9	0
2712	Q0	2026832#26	0
2712	Q0	2026832#4	0
2712	Q0	2026832#29	0
2712	Q0	2026832#11	0
2712	Q0	2026832#3	0
2712	Q0	544752#1	0
2712	Q0	2026832#19	0
2715	Q0	648691#0	1
2715	Q0	3732236#3	0
2715	Q0	666558#0	0
2715	Q0	648691#41	0
2715	Q0	666558#2	0
2715	Q0	648691#39	0
2715	Q0	648691#40	0
2715	Q0	3728012#2	0
2715	Q0	664384#3	0
2715	Q0	648691#9	0
2716	Q0	4602#5	1
2716	Q0	187378#11	0
2716	Q0	630683#9	0
2716	Q0	1314801#3	0
2716	Q0	630683#138	0
2716	Q0	7391#15	0
2716	Q0	630683#7	0
2716	Q0	630683#5	0
2716	Q0	980268#16	0
2716	Q0	4602#11	0
2716	Q0	630683#38	0
2717	Q0	187222#5	1
2717	Q0	57272#16	1
2717	Q0	57272#17	1
2717	Q0	2471101#0	1
2717	Q0	57272#1	1
2717	Q0	57272#21	0
2717	Q0	57272#15	0
2717	Q0	81550#4	0
2717	Q0	2096279#1	0
2717	Q0	2471101#6	0
2717	Q0	57272#13	0
2718	Q0	6885#29	1
2718	Q0	6885#28	1
2718	Q0	2725373#19	1
2718	Q0	6885#17	1
2718	Q0	6885#8	1
2718	Q0	6885#31	0
2718	Q0	6885#15	0
2718	Q0	6885#21	0
2718	Q0	2363432#17	0
2718	Q0	6885#30	0
2718	Q0	6885#35	0
2720	Q0	783715#1	1
2720	Q0	1438184#2	1
2720	Q0	783715#25	0
2720	Q0	783715#0	0
2720	Q0	783715#23	0
2720	Q0	783715#20	0
2720	Q0	2557767#88	0
2720	Q0	783715#27	0
2720	Q0	740124#2	0
2720	Q0	783715#19	0
2721	Q0	6833#6	1
2721	Q0	6833#0	1
2721	Q0	6833#99	1
2721	Q0	90112#15	0
2721	Q0	646747#52	0
2721	Q0	3326858#18	0
2721	Q0	474096#4	0
2721	Q0	2771123#39	0
2721	Q0	159990#7	0
2721	Q0	13496#9	0
2722	Q0	8745#7	1
2722	Q0	3308645#1	0
2722	Q0	8745#14	0
2722	Q0	8745#16	0
2722	Q0	59423#3	0
2722	Q0	8745#10	0
2722	Q0	8745#6	0
2722	Q0	2105835#1	0
2722	Q0	8745#15	0
2722	Q0	75612#3	0
2722	Q0	2246431#0	0
2723	Q0	1676126#18	1
2723	Q0	1676126#43	1
2723	Q0	1676126#2	0
2723	Q0	127394#2	0
2723	Q0	1676126#42	0
2723	Q0	1676126#1	0
2723	Q0	1676126#9	0
2723	Q0	1676126#3	0
2723	Q0	1676126#46	0
2723	Q0	1676126#4	0
2724	Q0	55826#0	1
2724	Q0	55826#5	0
2724	Q0	55826#39	0
2724	Q0	177147#4	0
2724	Q0	63356#17	0
2724	Q0	65488#2	0
2724	Q0	55826#1	0
2724	Q0	55826#2	0
2724	Q0	66684#1	0
2724	Q0	1303220#0	0
2725	Q0	19967#2	1
2725	Q0	19967#4	0
2725	Q0	1041376#2	0
2725	Q0	19967#3	0
2725	Q0	1947962#0	0
2725	Q0	435210#53	0
2725	Q0	19967#0	0
2725	Q0	702101#4	0
2725	Q0	19967#6	0
2725	Q0	72535#8	0
2725	Q0	19967#1	0
2726	Q0	16012#0	1
2726	Q0	16012#2	0
2726	Q0	16012#13	0
2726	Q0	16012#8	0
2726	Q0	16012#12	0
2726	Q0	16012#11	0
2726	Q0	16012#17	0
2726	Q0	1888734#21	0
2726	Q0	16012#10	0
2726	Q0	16012#3	0
2727	Q0	1969138#0	1
2727	Q0	1050761#0	1
2727	Q0	407626#0	1
2727	Q0	1969138#1	0
2727	Q0	1969138#2	0
2727	Q0	1151349#29	0
2727	Q0	407304#1	0
2727	Q0	1488609#0	0
2727	Q0	2694911#20	0
2727	Q0	1969138#11	0
2728	Q0	112#25	1
2728	Q0	804773#3	1
2728	Q0	7423#6	1
2728	Q0	804773#1	1
2728	Q0	7423#19	0
2728	Q0	689#18	0
2728	Q0	4008#3	0
2728	Q0	3285197#6	0
2728	Q0	252547#8	0
2728	Q0	3837742#8	0
2728	Q0	3852692#80	0
2729	Q0	393521#1	1
2729	Q0	207548#8	1
2729	Q0	701939#22	0
2729	Q0	393521#0	0
2729	Q0	1214831#2	0
2729	Q0	1990202#1	0
2729	Q0	602935#1	0
2729	Q0	423277#3	0
2729	Q0	127047#4	0
2729	Q0	926898#8	0
2730	Q0	3359836#0	1
2730	Q0	3359836#2	0
2730	Q0	3359836#16	0
2730	Q0	3359836#5	0
2730	Q0	2707205#1	0
2730	Q0	2740613#1	0
2730	Q0	3359836#14	0
2730	Q0	3359836#20	0
2730	Q0	3745796#1	0
2730	Q0	3359836#9	0
2731	Q0	184154#8	1
2731	Q0	324256#4	0
2731	Q0	964371#6	0
2731	Q0	98795#6	0
2731	Q0	52220#33	0
2731	Q0	3888272#4	0
2731	Q0	661031#2	0
2731	Q0	361399#13	0
2731	Q0	728569#4	0
2731	Q0	650081#4	0
2732	Q0	3289645#2	1
2732	Q0	1660219#0	0
2732	Q0	2263804#0	0
2732	Q0	1178216#1	0
2732	Q0	1466192#1	0
2732	Q0	3289645#8	0
2732	Q0	3289645#7	0
2732	Q0	3289645#10	0
2732	Q0	1641168#3	0
2732	Q0	2762#28	0
2734	Q0	1214892#1	1
2734	Q0	120939#0	1
2734	Q0	1629692#3	0
2734	Q0	1629692#2	0
2734	Q0	120786#2	0
2734	Q0	1435337#9	0
2734	Q0	925557#9	0
2734	Q0	3679885#10	0
2734	Q0	192322#33	0
2734	Q0	1435336#1	0
2734	Q0	1435336#2	0
2735	Q0	1505265#3	1
2735	Q0	236887#1	1
2735	Q0	40578#5	1
2735	Q0	39699#9	0
2735	Q0	2585613#0	0
2735	Q0	40578#2	0
2735	Q0	854066#3	0
2735	Q0	709978#5	0
2735	Q0	879752#1	0
2735	Q0	183336#4	0
2735	Q0	43553#59	0
2736	Q0	3869954#3	1
2736	Q0	3869954#0	0
2736	Q0	2825091#3	0
2736	Q0	802992#1	0
2736	Q0	389894#38	0
2736	Q0	2330424#1	0
2736	Q0	3833632#0	0
2736	Q0	413638#8	0
2736	Q0	1022990#4	0
2736	Q0	1163439#1	0
2736	Q0	3869954#13	0
2737	Q0	41952#11	1
2737	Q0	127757#2	1
2737	Q0	51749#23	1
2737	Q0	494411#4	0
2737	Q0	426011#3	0
2737	Q0	86944#8	0
2737	Q0	1683766#1	0
2737	Q0	1765349#3	0
2737	Q0	1038317#13	0
2737	Q0	434584#3	0
2737	Q0	63275#2	0
2738	Q0	2007936#1	1
2738	Q0	2007936#0	0
2738	Q0	1365276#1	0
2738	Q0	2869544#0	0
2738	Q0	338666#1	0
2738	Q0	3482306#1	0
2738	Q0	352395#1	0
2738	Q0	3637751#14	0
2738	Q0	3637751#4	0
2738	Q0	3637751#0	0
2739	Q0	129402#21	1
2739	Q0	65348#9	1
2739	Q0	35760#1	1
2739	Q0	2473709#88	1
2739	Q0	15493#47	1
2739	Q0	683587#13	1
2739	Q0	15493#48	1
2739	Q0	15493#0	1
2739	Q0	302831#35	0
2739	Q0	15559#6	0
2739	Q0	1863665#4	0
2740	Q0	359238#1	1
2740	Q0	184507#7	0
2740	Q0	359238#8	0
2740	Q0	359238#6	0
2740	Q0	359238#19	0
2740	Q0	359238#14	0
2740	Q0	2979326#6	0
2740	Q0	261777#3	0
2740	Q0	359238#7	0
2740	Q0	161329#3	0
2740	Q0	22080#20	0
2741	Q0	2383582#0	1
2741	Q0	119757#2	0
2741	Q0	2383582#2	0
2741	Q0	1951923#1	0
2741	Q0	2383582#6	0
2741	Q0	2383582#8	0
2741	Q0	2383582#5	0
2741	Q0	2383582#3	0
2741	Q0	2383582#12	0
2741	Q0	2144419#1	0
2742	Q0	36907#1	1
2742	Q0	36907#41	1
2742	Q0	2735944#3	0
2742	Q0	2742798#5	0
2742	Q0	195637#3	0
2742	Q0	3076314#8	0
2742	Q0	36907#4	0
2742	Q0	3371078#4	0
2742	Q0	36907#0	0
2742	Q0	705595#7	0
2742	Q0	705938#6	0
2744	Q0	742097#1	1
2744	Q0	2952940#2	1
2744	Q0	1081169#0	1
2744	Q0	1081169#4	0
2744	Q0	2320840#1	0
2744	Q0	715346#2	0
2744	Q0	1066226#3	0
2744	Q0	3842149#1	0
2744	Q0	850906#0	0
2744	Q0	1589113#16	0
2744	Q0	534549#2	0
2745	Q0	6339#25	1
2745	Q0	431536#0	1
2745	Q0	431536#4	0
2745	Q0	431536#5	0
2745	Q0	59408#3	0
2745	Q0	431536#3	0
2745	Q0	6339#27	0
2745	Q0	431536#9	0
2745	Q0	208043#45	0
2745	Q0	2417633#5	0
2746	Q0	9807#10	1
2746	Q0	50695#3	1
2746	Q0	2134613#84	1
2746	Q0	256600#7	1
2746	Q0	562885#1	1
2746	Q0	50695#0	1
2746	Q0	1848134#0	0
2746	Q0	2116218#21	0
2746	Q0	848021#9	0
2746	Q0	1170866#2	0
2746	Q0	50695#2	0
2748	Q0	3266585#7	1
2748	Q0	3266585#9	0
2748	Q0	3266585#37	0
2748	Q0	3266585#2	0
2748	Q0	3266585#17	0
2748	Q0	3266585#5	0
2748	Q0	3266585#30	0
2748	Q0	3266585#35	0
2748	Q0	3266585#0	0
2748	Q0	3266585#24	0
2750	Q0	751739#4	1
2750	Q0	25002#9	0
2750	Q0	144091#6	0
2750	Q0	3295244#5	0
2750	Q0	1334165#1	0
2750	Q0	2862#9	0
2750	Q0	2743160#4	0
2750	Q0	2658505#20	0
2750	Q0	252152#12	0
2750	Q0	96245#12	0
2750	Q0	2919185#2	0
2752	Q0	902548#17	1
2752	Q0	902548#0	1
2752	Q0	902548#16	0
2752	Q0	902548#10	0
2752	Q0	902548#1	0
2752	Q0	902548#24	0
2752	Q0	902548#38	0
2752	Q0	67380#1	0
2752	Q0	902548#27	0
2752	Q0	902548#9	0
2752	Q0	902548#30	0
2753	Q0	6368#7	1
2753	Q0	6368#30	1
2753	Q0	6368#31	1
2753	Q0	2901145#11	0
2753	Q0	19527#71	0
2753	Q0	2901145#13	0
2753	Q0	2762335#1	0
2753	Q0	2901145#6	0
2753	Q0	154035#1	0
2753	Q0	201597#3	0
2754	Q0	5937#0	1
2754	Q0	299722#1	0
2754	Q0	3118983#22	0
2754	Q0	299722#15	0
2754	Q0	3465#0	0
2754	Q0	299722#19	0
2754	Q0	13615#4	0
2754	Q0	2094066#2	0
2754	Q0	51605#3	0
2754	Q0	3118983#21	0
2756	Q0	3097283#0	1
2756	Q0	3097283#21	0
2756	Q0	384978#1	0
2756	Q0	1028012#1	0
2756	Q0	3318467#1	0
2756	Q0	13535#11	0
2756	Q0	2752707#0	0
2756	Q0	2032590#1	0
2756	Q0	439438#7	0
2756	Q0	13535#13	0
2757	Q0	3208#104	1
2757	Q0	66491#2	1
2757	Q0	66491#37	0
2757	Q0	2268952#29	0
2757	Q0	66491#36	0
2757	Q0	66491#34	0
2757	Q0	69962#3	0
2757	Q0	935702#8	0
2757	Q0	76889#17	0
2757	Q0	161146#1	0
2757	Q0	935702#6	0
2758	Q0	4012#0	1
2758	Q0	4012#1	0
2758	Q0	4012#7	0
2758	Q0	4012#19	0
2758	Q0	4012#9	0
2758	Q0	4012#5	0
2758	Q0	2838992#1	0
2758	Q0	60#3	0
2758	Q0	505442#1	0
2758	Q0	4012#10	0
2759	Q0	117560#0	1
2759	Q0	2395133#4	0
2759	Q0	117560#10	0
2759	Q0	117560#11	0
2759	Q0	117560#3	0
2759	Q0	655450#0	0
2759	Q0	2714678#3	0
2759	Q0	117560#18	0
2759	Q0	2395133#22	0
2759	Q0	117560#41	0
2760	Q0	191577#0	1
2760	Q0	191577#3	1
2760	Q0	191577#1	0
2760	Q0	191577#28	0
2760	Q0	3881918#0	0
2760	Q0	3426453#19	0
2760	Q0	2633138#0	0
2760	Q0	191577#6	0
2760	Q0	2157996#0	0
2760	Q0	3035098#0	0
2761	Q0	301769#0	1
2761	Q0	301769#1	1
2761	Q0	2939619#3	0
2761	Q0	301769#2	0
2761	Q0	316760#1	0
2761	Q0	3139828#1	0
2761	Q0	2867412#1	0
2761	Q0	1652641#1	0
2761	Q0	3300481#7	0
2761	Q0	78419#2	0
2762	Q0	3110495#1	1
2762	Q0	3110495#18	0
2762	Q0	3110495#19	0
2762	Q0	3110495#4	0
2762	Q0	3110496#1	0
2762	Q0	3110495#10	0
2762	Q0	3110495#12	0
2762	Q0	3110496#4	0
2762	Q0	3110495#13	0
2762	Q0	3110495#5	0
2763	Q0	407990#8	1
2763	Q0	8853#26	0
2763	Q0	2860421#0	0
2763	Q0	8853#24	0
2763	Q0	596559#0	0
2763	Q0	644594#11	0
2763	Q0	1863411#41	0
2763	Q0	1553707#0	0
2763	Q0	2865656#6	0
2763	Q0	2072000#2	0
2764	Q0	151282#6	1
2764	Q0	151282#7	0
2764	Q0	151282#16	0
2764	Q0	151282#0	0
2764	Q0	151282#45	0
2764	Q0	151282#5	0
2764	Q0	151282#18	0
2764	Q0	151282#13	0
2764	Q0	151282#3	0
2764	Q0	178397#32	0
2765	Q0	73764#4	1
2765	Q0	73764#0	0
2765	Q0	73764#5	0
2765	Q0	73764#10	0
2765	Q0	229630#3	0
2765	Q0	73764#13	0
2765	Q0	73764#2	0
2765	Q0	202670#7	0
2765	Q0	2826845#9	0
2765	Q0	1361159#0	0
2765	Q0	2730873#1	0
2766	Q0	27332#28	1
2766	Q0	156317#4	0
2766	Q0	247258#0	0
2766	Q0	306698#0	0
2766	Q0	1134494#0	0
2766	Q0	668959#1	0
2766	Q0	668959#10	0
2766	Q0	156317#25	0
2766	Q0	1875946#27	0
2766	Q0	247258#3	0
2767	Q0	3367189#5	1
2767	Q0	3367189#2	1
2767	Q0	3367189#12	0
2767	Q0	3367189#0	0
2767	Q0	3367189#77	0
2767	Q0	3367189#35	0
2767	Q0	3367189#116	0
2767	Q0	1749#2	0
2767	Q0	3367189#31	0
2767	Q0	3367189#4	0
2769	Q0	992717#4	1
2769	Q0	12110#3	0
2769	Q0	86374#5	0
2769	Q0	993090#2	0
2769	Q0	286332#1	0
2769	Q0	103282#1	0
2769	Q0	12110#6	0
2769	Q0	1568612#2	0
2769	Q0	3837932#1	0
2769	Q0	271306#3	0
2770	Q0	3751383#1	1
2770	Q0	3751383#29	0
2770	Q0	3751383#0	0
2770	Q0	3751383#27	0
2770	Q0	3751383#24	0
2770	Q0	3751383#28	0
2770	Q0	3751383#22	0
2770	Q0	3751383#2	0
2770	Q0	3751383#4	0
2770	Q0	3770861#0	0
2771	Q0	149506#3	1
2771	Q0	149506#0	0
2771	Q0	2920719#1	0
2771	Q0	900306#4	0
2771	Q0	52803#45	0
2771	Q0	149506#7	0
2771	Q0	52782#55	0
2771	Q0	149506#2	0
2771	Q0	52878#10	0
2771	Q0	52782#57	0
2771	Q0	52803#8	0
2772	Q0	1185408#21	1
2772	Q0	1185408#0	1
2772	Q0	1006756#6	1
2772	Q0	1185408#14	0
2772	Q0	3420855#5	0
2772	Q0	1185408#15	0
2772	Q0	1185408#19	0
2772	Q0	221580#4	0
2772	Q0	86459#1	0
2772	Q0	1185408#18	0
2773	Q0	11650#6	1
2773	Q0	11650#1	1
2773	Q0	11650#55	0
2773	Q0	198146#39	0
2773	Q0	1302977#2	0
2773	Q0	199510#14	0
2773	Q0	11650#23	0
2773	Q0	11650#64	0
2773	Q0	237595#3	0
2773	Q0	2156261#1	0
2773	Q0	3554618#2	0
2774	Q0	1589297#1	1
2774	Q0	544307#0	1
2774	Q0	10720#41	1
2774	Q0	1731005#0	1
2774	Q0	1449200#1	1
2774	Q0	544307#7	0
2774	Q0	1449200#130	0
2774	Q0	107110#75	0
2774	Q0	1449200#8	0
2774	Q0	1449200#108	0
2774	Q0	544307#4	0
2775	Q0	8689#0	1
2775	Q0	25167#2	1
2775	Q0	25167#5	0
2775	Q0	1746#6	0
2775	Q0	9148#0	0
2775	Q0	8689#5	0
2775	Q0	8727#2	0
2775	Q0	109#68	0
2775	Q0	2371#1	0
2775	Q0	8689#6	0
2775	Q0	21706#2	0
2776	Q0	651480#0	1
2776	Q0	494#0	1
2776	Q0	651480#1	0
2776	Q0	1443309#0	0
2776	Q0	2971517#1	0
2776	Q0	463538#1	0
2776	Q0	217647#1	0
2776	Q0	1588588#1	0
2776	Q0	231580#1	0
2776	Q0	463538#2	0
2777	Q0	138736#1	1
2777	Q0	138736#11	0
2777	Q0	3847376#1	0
2777	Q0	138736#13	0
2777	Q0	138736#12	0
2777	Q0	411620#5	0
2777	Q0	2439253#4	0
2777	Q0	138736#3	0
2777	Q0	2514441#0	0
2777	Q0	3265814#1	0
2777	Q0	101418#10	0
2778	Q0	173300#0	1
2778	Q0	173300#5	1
2778	Q0	173300#35	0
2778	Q0	173300#36	0
2778	Q0	173300#13	0
2778	Q0	173300#37	0
2778	Q0	173300#31	0
2778	Q0	173300#32	0
2778	Q0	364#28	0
2778	Q0	45301#15	0
2778	Q0	301313#16	0
2779	Q0	209938#0	1
2779	Q0	209938#10	0
2779	Q0	209938#3	0
2779	Q0	1016891#0	0
2779	Q0	1038886#2	0
2779	Q0	1740491#0	0
2779	Q0	209938#4	0
2779	Q0	1809297#0	0
2779	Q0	81233#15	0
2779	Q0	763533#1	0
2782	Q0	2275868#2	1
2782	Q0	2275868#6	1
2782	Q0	2388930#1	0
2782	Q0	3257758#3	0
2782	Q0	2388731#3	0
2782	Q0	483562#3	0
2782	Q0	3450397#0	0
2782	Q0	3149516#3	0
2782	Q0	1003758#0	0
2782	Q0	1045834#2	0
2783	Q0	8601#0	1
2783	Q0	100#0	1
2783	Q0	2866776#0	1
2783	Q0	3298312#0	1
2783	Q0	1037256#0	1
2783	Q0	3413142#0	0
2783	Q0	1739286#3	0
2783	Q0	1500447#1	0
2783	Q0	8601#19	0
2783	Q0	277446#0	0
2784	Q0	120193#2	1
2784	Q0	97211#37	0
2784	Q0	751767#7	0
2784	Q0	978879#7	0
2784	Q0	15576#3	0
2784	Q0	114496#61	0
2784	Q0	62164#37	0
2784	Q0	2506030#10	0
2784	Q0	580236#9	0
2784	Q0	35141#47	0
2786	Q0	11361#0	1
2786	Q0	67301#1	1
2786	Q0	387#1	1
2786	Q0	645174#0	0
2786	Q0	65079#2	0
2786	Q0	828360#0	0
2786	Q0	365907#0	0
2786	Q0	1246243#1	0
2786	Q0	29885#3	0
2786	Q0	866608#0	0
2786	Q0	1174723#0	0
2787	Q0	1185408#0	1
2787	Q0	3791524#32	1
2787	Q0	946174#5	1
2787	Q0	821813#2	0
2787	Q0	1671197#7	0
2787	Q0	1371340#7	0
2787	Q0	1032884#0	0
2787	Q0	6970#26	0
2787	Q0	1185408#30	0
2787	Q0	118742#0	0
2788	Q0	33559#0	1
2788	Q0	33559#1	1
2788	Q0	3096259#4	0
2788	Q0	33559#10	0
2788	Q0	33559#25	0
2788	Q0	6853#20	0
2788	Q0	33559#5	0
2788	Q0	7692#20	0
2788	Q0	33559#38	0
2788	Q0	33559#7	0
2789	Q0	545467#0	1
2789	Q0	2130307#1	0
2789	Q0	39548#20	0
2789	Q0	174530#14	0
2789	Q0	3898060#11	0
2789	Q0	545467#3	0
2789	Q0	905309#2	0
2789	Q0	59685#48	0
2789	Q0	3117721#23	0
2789	Q0	1386370#25	0
2794	Q0	93937#1	1
2794	Q0	93937#80	1
2794	Q0	93937#83	0
2794	Q0	93937#0	0
2794	Q0	93937#35	0
2794	Q0	93937#47	0
2794	Q0	93937#43	0
2794	Q0	93937#85	0
2794	Q0	93937#45	0
2794	Q0	93937#32	0
2795	Q0	2071#0	1
2795	Q0	702016#0	0
2795	Q0	2071#24	0
2795	Q0	2826289#2	0
2795	Q0	2190658#0	0
2795	Q0	468295#0	0
2795	Q0	394691#2	0
2795	Q0	1450979#1	0
2795	Q0	2029702#0	0
2795	Q0	2809948#0	0
2797	Q0	1017450#0	1
2797	Q0	1017450#51	0
2797	Q0	1017450#47	0
2797	Q0	1017450#55	0
2797	Q0	1017450#41	0
2797	Q0	1017450#45	0
2797	Q0	1017450#44	0
2797	Q0	1017450#3	0
2797	Q0	1017450#28	0
2797	Q0	1017450#5	0
2798	Q0	3895935#8	1
2798	Q0	3895935#0	1
2798	Q0	3895935#5	0
2798	Q0	3895935#24	0
2798	Q0	3895935#7	0
2798	Q0	3895935#10	0
2798	Q0	3895935#28	0
2798	Q0	3895935#47	0
2798	Q0	3895935#1	0
2798	Q0	3895935#14	0
2799	Q0	2077656#4	1
2799	Q0	256421#1	1
2799	Q0	256421#11	0
2799	Q0	256421#14	0
2799	Q0	3386016#145	0
2799	Q0	2822108#18	0
2799	Q0	256421#10	0
2799	Q0	419313#25	0
2799	Q0	2822108#9	0
2799	Q0	256421#31	0
2800	Q0	2118357#0	1
2800	Q0	2118357#7	0
2800	Q0	1742725#44	0
2800	Q0	1666603#18	0
2800	Q0	1666603#10	0
2800	Q0	1666603#0	0
2800	Q0	167581#15	0
2800	Q0	1666603#25	0
2800	Q0	2118357#14	0
2800	Q0	1666603#21	0
2800	Q0	167581#21	0
2800	Q0	167581#30	0
2801	Q0	1175850#11	1
2801	Q0	1175850#7	1
2801	Q0	301536#6	1
2801	Q0	1175850#5	0
2801	Q0	1175850#13	0
2801	Q0	1175850#4	0
2801	Q0	1175850#0	0
2801	Q0	1175850#8	0
2801	Q0	1175850#2	0
2801	Q0	1728014#7	0
2803	Q0	33901#0	1
2803	Q0	33901#2	0
2803	Q0	33901#1	0
2803	Q0	1658175#0	0
2803	Q0	33901#16	0
2803	Q0	3805797#3	0
2803	Q0	3279715#2	0
2803	Q0	33901#15	0
2803	Q0	33901#3	0
2803	Q0	33901#12	0
2804	Q0	3889582#8	1
2804	Q0	3889582#11	1
2804	Q0	3889582#1	1
2804	Q0	3889582#9	1
2804	Q0	3889582#12	0
2804	Q0	297314#1	0
2804	Q0	3889582#19	0
2804	Q0	414462#1	0
2804	Q0	159075#3	0
2804	Q0	253953#30	0
2806	Q0	55890#0	1
2806	Q0	55890#6	0
2806	Q0	1225865#1	0
2806	Q0	55890#27	0
2806	Q0	55890#14	0
2806	Q0	55890#5	0
2806	Q0	55890#30	0
2806	Q0	2760877#1	0
2806	Q0	55890#13	0
2806	Q0	2982471#3	0
2808	Q0	202351#0	1
2808	Q0	282862#1	1
2808	Q0	282862#85	0
2808	Q0	1655475#6	0
2808	Q0	282862#4	0
2808	Q0	282862#82	0
2808	Q0	282862#90	0
2808	Q0	124957#3	0
2808	Q0	282862#81	0
2808	Q0	282862#57	0
2808	Q0	2894852#20	0
2809	Q0	527883#6	1
2809	Q0	111028#0	1
2809	Q0	202985#1	1
2809	Q0	1455864#0	1
2809	Q0	163973#2	1
2809	Q0	527883#7	0
2809	Q0	180386#11	0
2809	Q0	1455864#1	0
2809	Q0	530106#4	0
2809	Q0	1611378#1	0
2810	Q0	1698893#36	1
2810	Q0	1698893#30	0
2810	Q0	3237380#0	0
2810	Q0	17096#0	0
2810	Q0	145983#10	0
2810	Q0	1698893#0	0
2810	Q0	3289653#3	0
2810	Q0	661977#2	0
2810	Q0	16627#0	0
2810	Q0	1476261#8	0
2811	Q0	75492#2	1
2811	Q0	75492#0	1
2811	Q0	75492#5	1
2811	Q0	491006#5	1
2811	Q0	75492#3	1
2811	Q0	3695338#7	1
2811	Q0	616594#4	1
2811	Q0	75492#1	0
2811	Q0	2392362#11	0
2811	Q0	75492#4	0
2812	Q0	22939#9	1
2812	Q0	22939#8	0
2812	Q0	22939#6	0
2812	Q0	22939#7	0
2812	Q0	1807311#21	0
2812	Q0	3356#1	0
2812	Q0	3356#3	0
2812	Q0	2301268#4	0
2812	Q0	76544#10	0
2812	Q0	949498#1	0
2812	Q0	22939#4	0
2815	Q0	58020#0	1
2815	Q0	312449#0	1
2815	Q0	1006244#9	1
2815	Q0	1009543#0	1
2815	Q0	1032230#1	0
2815	Q0	58020#8	0
2815	Q0	58020#6	0
2815	Q0	58020#15	0
2815	Q0	312449#3	0
2815	Q0	63308#2	0
2816	Q0	78008#3	1
2816	Q0	78008#0	1
2816	Q0	78008#17	0
2816	Q0	78008#4	0
2816	Q0	78008#12	0
2816	Q0	78008#19	0
2816	Q0	78008#15	0
2816	Q0	78008#18	0
2816	Q0	78008#20	0
2816	Q0	78008#6	0
2817	Q0	3349633#3	1
2817	Q0	3349633#32	0
2817	Q0	3349633#0	0
2817	Q0	3349633#4	0
2817	Q0	805800#4	0
2817	Q0	1225352#9	0
2817	Q0	3020379#4	0
2817	Q0	3359248#3	0
2817	Q0	3578860#15	0
2817	Q0	53463#5	0
2819	Q0	131766#0	1
2819	Q0	131766#2	1
2819	Q0	3721188#2	0
2819	Q0	103739#35	0
2819	Q0	131766#66	0
2819	Q0	131766#25	0
2819	Q0	131766#70	0
2819	Q0	1209125#1	0
2819	Q0	480695#17	0
2819	Q0	1209125#2	0
2820	Q0	252775#0	1
2820	Q0	149390#5	0
2820	Q0	3070461#4	0
2820	Q0	3033013#3	0
2820	Q0	1632377#1	0
2820	Q0	3096309#3	0
2820	Q0	3288881#2	0
2820	Q0	1207293#4	0
2820	Q0	1040206#1	0
2820	Q0	3534070#1	0
2821	Q0	222193#0	1
2821	Q0	222193#3	0
2821	Q0	222193#1	0
2821	Q0	230837#1	0
2821	Q0	1088682#1	0
2821	Q0	1088670#1	0
2821	Q0	479854#0	0
2821	Q0	1039273#1	0
2821	Q0	243502#1	0
2821	Q0	236289#1	0
2822	Q0	184232#11	1
2822	Q0	184232#2	1
2822	Q0	184232#4	0
2822	Q0	3088232#9	0
2822	Q0	184232#1	0
2822	Q0	184232#9	0
2822	Q0	184232#13	0
2822	Q0	117967#2	0
2822	Q0	371892#27	0
2822	Q0	3088232#6	0
2823	Q0	36529#0	1
2823	Q0	324517#12	0
2823	Q0	1073150#3	0
2823	Q0	1891861#1	0
2823	Q0	1073150#0	0
2823	Q0	3703027#0	0
2823	Q0	930533#6	0
2823	Q0	3740385#14	0
2823	Q0	3724296#0	0
2823	Q0	3740385#4	0
2823	Q0	930533#7	0
2824	Q0	19947#1	1
2824	Q0	227898#2	0
2824	Q0	19947#4	0
2824	Q0	290196#2	0
2824	Q0	227929#8	0
2824	Q0	415371#2	0
2824	Q0	587534#11	0
2824	Q0	587137#1	0
2824	Q0	19947#50	0
2824	Q0	19947#40	0
2825	Q0	1163462#2	1
2825	Q0	1114323#22	0
2825	Q0	1163462#21	0
2825	Q0	1163462#27	0
2825	Q0	1163462#24	0
2825	Q0	597236#3	0
2825	Q0	597236#0	0
2825	Q0	1163462#67	0
2825	Q0	991720#16	0
2825	Q0	1114323#0	0
2825	Q0	388745#4	0
2826	Q0	1648966#2	1
2826	Q0	1443906#62	1
2826	Q0	8600#8	1
2826	Q0	1648966#3	0
2826	Q0	2384928#4	0
2826	Q0	1648966#0	0
2826	Q0	1971320#3	0
2826	Q0	1648966#4	0
2826	Q0	1648966#1	0
2826	Q0	44214#8	0
2827	Q0	1745116#0	1
2827	Q0	3210775#13	0
2827	Q0	34714#50	0
2827	Q0	182987#2	0
2827	Q0	3391977#1	0
2827	Q0	2053560#1	0
2827	Q0	67948#1	0
2827	Q0	721503#0	0
2827	Q0	560749#1	0
2827	Q0	432780#2	0
2829	Q0	421662#0	1
2829	Q0	361499#4	0
2829	Q0	2247844#7	0
2829	Q0	421662#4	0
2829	Q0	863590#0	0
2829	Q0	421189#3	0
2829	Q0	2346#1	0
2829	Q0	530043#0	0
2829	Q0	421662#3	0
2829	Q0	361499#0	0
2830	Q0	720#1	1
2830	Q0	720#0	0
2830	Q0	720#4	0
2830	Q0	2696846#6	0
2830	Q0	720#5	0
2830	Q0	720#7	0
2830	Q0	1003661#0	0
2830	Q0	72535#8	0
2830	Q0	720#6	0
2830	Q0	1041376#2	0
2831	Q0	114436#0	1
2831	Q0	95883#2	0
2831	Q0	114436#1	0
2831	Q0	114436#26	0
2831	Q0	114436#28	0
2831	Q0	114436#23	0
2831	Q0	40333#29	0
2831	Q0	854998#6	0
2831	Q0	3732236#10	0
2831	Q0	3732236#9	0
2834	Q0	136936#12	1
2834	Q0	55575#8	1
2834	Q0	467938#4	1
2834	Q0	469783#5	1
2834	Q0	136936#9	0
2834	Q0	469783#10	0
2834	Q0	469783#28	0
2834	Q0	469783#24	0
2834	Q0	469783#15	0
2834	Q0	1189395#15	0
2834	Q0	469783#25	0
2835	Q0	3557754#1	1
2835	Q0	3421620#0	1
2835	Q0	521509#0	1
2835	Q0	793867#2	1
2835	Q0	496053#33	1
2835	Q0	1667996#2	1
2835	Q0	148439#0	1
2835	Q0	1228585#1	0
2835	Q0	525139#1	0
2835	Q0	972050#2	0
2835	Q0	378632#4	0
2836	Q0	121334#0	1
2836	Q0	121334#49	0
2836	Q0	2129361#26	0
2836	Q0	196681#42	0
2836	Q0	121334#3	0
2836	Q0	46470#12	0
2836	Q0	121334#2	0
2836	Q0	121334#45	0
2836	Q0	3396#11	0
2836	Q0	121334#41	0
2837	Q0	21402#41	1
2837	Q0	545155#1	1
2837	Q0	545155#23	0
2837	Q0	545155#8	0
2837	Q0	545155#19	0
2837	Q0	545155#18	0
2837	Q0	545155#25	0
2837	Q0	2543064#25	0
2837	Q0	545155#16	0
2837	Q0	545155#14	0
2838	Q0	20706#0	1
2838	Q0	2475253#0	1
2838	Q0	20706#2	1
2838	Q0	20706#1	0
2838	Q0	20706#11	0
2838	Q0	3063759#2	0
2838	Q0	20706#3	0
2838	Q0	2538834#3	0
2838	Q0	20706#16	0
2838	Q0	20706#10	0
2838	Q0	2708500#1	0
2839	Q0	160594#0	1
2839	Q0	2239#1	0
2839	Q0	3450391#5	0
2839	Q0	289170#14	0
2839	Q0	2239#25	0
2839	Q0	2239#4	0
2839	Q0	413313#2	0
2839	Q0	2239#2	0
2839	Q0	2239#0	0
2839	Q0	2239#82	0
2839	Q0	97211#0	0
2840	Q0	725673#2	1
2840	Q0	3679044#8	0
2840	Q0	2850187#0	0
2840	Q0	3679044#9	0
2840	Q0	2850187#1	0
2840	Q0	6370#8	0
2840	Q0	3679044#0	0
2840	Q0	106533#0	0
2840	Q0	3679044#14	0
2840	Q0	3679044#11	0
2841	Q0	30655#2	1
2841	Q0	382006#158	1
2841	Q0	334619#4	1
2841	Q0	2648081#19	1
2841	Q0	30655#17	1
2841	Q0	30655#0	1
2841	Q0	334154#3	0
2841	Q0	30655#18	0
2841	Q0	30655#4	0
2841	Q0	206892#21	0
2841	Q0	50638#14	0
2843	Q0	131087#7	1
2843	Q0	515057#0	1
2843	Q0	174984#1	1
2843	Q0	1178777#3	0
2843	Q0	515773#9	0
2843	Q0	131087#1	0
2843	Q0	131087#3	0
2843	Q0	467971#0	0
2843	Q0	3842404#1	0
2843	Q0	335248#2	0
2844	Q0	56299#17	1
2844	Q0	56299#0	1
2844	Q0	3423668#0	0
2844	Q0	56299#5	0
2844	Q0	490531#4	0
2844	Q0	386867#1	0
2844	Q0	1837814#2	0
2844	Q0	1717576#5	0
2844	Q0	3185318#0	0
2844	Q0	56299#1	0
2846	Q0	1803#15	1
2846	Q0	26065#1	1
2846	Q0	26065#3	0
2846	Q0	90078#5	0
2846	Q0	90078#4	0
2846	Q0	26065#4	0
2846	Q0	302145#11	0
2846	Q0	19881#3	0
2846	Q0	2271128#1	0
2846	Q0	1588250#1	0
2847	Q0	1487708#1	1
2847	Q0	41920#10	0
2847	Q0	41920#6	0
2847	Q0	41920#3	0
2847	Q0	41920#70	0
2847	Q0	41920#45	0
2847	Q0	1687920#31	0
2847	Q0	41920#41	0
2847	Q0	41920#17	0
2847	Q0	41920#85	0
2849	Q0	25204#26	1
2849	Q0	25204#22	1
2849	Q0	933114#2	1
2849	Q0	25204#9	1
2849	Q0	25204#17	1
2849	Q0	25204#4	1
2849	Q0	25204#20	0
2849	Q0	25204#10	0
2849	Q0	25204#16	0
2849	Q0	25204#8	0
2849	Q0	25204#27	0
2851	Q0	100569#27	1
2851	Q0	516945#56	1
2851	Q0	58652#1	1
2851	Q0	101671#16	0
2851	Q0	58222#9	0
2851	Q0	58421#12	0
2851	Q0	2081240#1	0
2851	Q0	75614#10	0
2851	Q0	69678#10	0
2851	Q0	454489#2	0
2851	Q0	1872028#16	0
2851	Q0	58652#0	0
2852	Q0	3492#34	1
2852	Q0	3492#13	1
2852	Q0	30004#5	1
2852	Q0	3492#35	0
2852	Q0	3492#33	0
2852	Q0	3492#3	0
2852	Q0	3492#0	0
2852	Q0	3492#36	0
2852	Q0	3673145#69	0
2852	Q0	1375193#1	0
2853	Q0	3303946#1	1
2853	Q0	3845963#1	0
2853	Q0	3303946#3	0
2853	Q0	1462102#1	0
2853	Q0	1648140#5	0
2853	Q0	39103#4	0
2853	Q0	2768877#1	0
2853	Q0	3303946#4	0
2853	Q0	988083#4	0
2853	Q0	667992#1	0
2854	Q0	71661#0	1
2854	Q0	144986#1	0
2854	Q0	71661#4	0
2854	Q0	71661#1	0
2854	Q0	3331063#1	0
2854	Q0	661545#4	0
2854	Q0	3332253#1	0
2854	Q0	1768367#1	0
2854	Q0	141357#1	0
2854	Q0	3333549#1	0
2856	Q0	578993#2	1
2856	Q0	43408#1	1
2856	Q0	3264885#41	0
2856	Q0	578993#1	0
2856	Q0	3264885#1	0
2856	Q0	493890#4	0
2856	Q0	1397672#25	0
2856	Q0	3264885#45	0
2856	Q0	320852#2	0
2856	Q0	1124421#28	0
2856	Q0	1140563#1	0
2858	Q0	480550#2	1
2858	Q0	480550#5	1
2858	Q0	263765#61	0
2858	Q0	263765#40	0
2858	Q0	263765#39	0
2858	Q0	263765#60	0
2858	Q0	952715#10	0
2858	Q0	263765#36	0
2858	Q0	263765#43	0
2858	Q0	3727513#1	0
2858	Q0	480550#9	0
2858	Q0	263765#66	0
2861	Q0	152550#0	1
2861	Q0	152550#2	1
2861	Q0	127229#22	0
2861	Q0	1486785#19	0
2861	Q0	195528#3	0
2861	Q0	3707989#0	0
2861	Q0	2440079#5	0
2861	Q0	310532#0	0
2861	Q0	1698859#0	0
2861	Q0	475617#0	0
2861	Q0	555124#0	0
2861	Q0	262680#0	0
2862	Q0	2913136#1	1
2862	Q0	2913136#0	0
2862	Q0	560087#3	0
2862	Q0	902130#0	0
2862	Q0	507179#4	0
2862	Q0	860175#9	0
2862	Q0	1254364#2	0
2862	Q0	860175#0	0
2862	Q0	2423444#4	0
2862	Q0	1058110#2	0
2863	Q0	209544#0	1
2863	Q0	209544#8	0
2863	Q0	2580460#0	0
2863	Q0	209544#42	0
2863	Q0	209544#2	0
2863	Q0	209544#5	0
2863	Q0	209544#40	0
2863	Q0	209544#6	0
2863	Q0	2580901#21	0
2863	Q0	209544#7	0
2864	Q0	892240#2	1
2864	Q0	141599#0	0
2864	Q0	93732#1	0
2864	Q0	224666#0	0
2864	Q0	323603#2	0
2864	Q0	137957#1	0
2864	Q0	3576863#1	0
2864	Q0	1342152#0	0
2864	Q0	91534#0	0
2864	Q0	3099804#0	0
2865	Q0	24264#0	1
2865	Q0	1114329#17	0
2865	Q0	179934#12	0
2865	Q0	2110701#12	0
2865	Q0	2142424#4	0
2865	Q0	229879#7	0
2865	Q0	3559202#17	0
2865	Q0	2173376#7	0
2865	Q0	217105#20	0
2865	Q0	2063250#6	0
2865	Q0	817972#13	0
2866	Q0	1748372#1	1
2866	Q0	185281#5	0
2866	Q0	719129#0	0
2866	Q0	2846301#0	0
2866	Q0	2846296#0	0
2866	Q0	179970#18	0
2866	Q0	3745895#3	0
2866	Q0	107561#0	0
2866	Q0	1630328#6	0
2866	Q0	185281#6	0
2866	Q0	107561#2	0
2868	Q0	8636#10	1
2868	Q0	466743#3	0
2868	Q0	3869139#2	0
2868	Q0	2330918#9	0
2868	Q0	500406#9	0
2868	Q0	3845#3	0
2868	Q0	606981#1	0
2868	Q0	3772743#4	0
2868	Q0	1935131#31	0
2868	Q0	20428#24	0
2870	Q0	3227530#57	1
2870	Q0	3227530#29	0
2870	Q0	3227530#17	0
2870	Q0	3227530#21	0
2870	Q0	3227530#82	0
2870	Q0	3227530#88	0
2870	Q0	3227530#32	0
2870	Q0	3227530#1	0
2870	Q0	3227530#15	0
2870	Q0	3227530#121	0
2870	Q0	3227530#125	0
2872	Q0	2659429#0	1
2872	Q0	337647#2	0
2872	Q0	2659429#1	0
2872	Q0	743737#0	0
2872	Q0	34767#3	0
2872	Q0	447681#3	0
2872	Q0	2606238#1	0
2872	Q0	1338105#0	0
2872	Q0	18146#3	0
2872	Q0	2610216#1	0
2873	Q0	242204#0	1
2873	Q0	374095#9	1
2873	Q0	19221#31	1
2873	Q0	1767004#3	1
2873	Q0	2863570#8	1
2873	Q0	465920#0	1
2873	Q0	242204#2	1
2873	Q0	29380#0	1
2873	Q0	172194#0	0
2873	Q0	3716543#15	0
2873	Q0	29380#25	0
2874	Q0	89505#22	1
2874	Q0	89505#21	1
2874	Q0	180261#0	1
2874	Q0	379765#0	0
2874	Q0	321249#0	0
2874	Q0	174638#5	0
2874	Q0	180261#7	0
2874	Q0	237747#10	0
2874	Q0	413409#0	0
2874	Q0	180251#0	0
2875	Q0	196681#1	1
2875	Q0	196681#0	1
2875	Q0	3187202#1	0
2875	Q0	1298485#1	0
2875	Q0	3841553#1	0
2875	Q0	473298#1	0
2875	Q0	1235574#1	0
2875	Q0	3605621#1	0
2875	Q0	1730395#1	0
2875	Q0	1150120#1	0
2876	Q0	2099803#0	1
2876	Q0	2704293#1	0
2876	Q0	3373484#4	0
2876	Q0	2457218#1	0
2876	Q0	3352109#1	0
2876	Q0	1677282#1	0
2876	Q0	1242931#0	0
2876	Q0	3070461#4	0
2876	Q0	129050#4	0
2876	Q0	1225330#5	0
2877	Q0	1545304#0	1
2877	Q0	1545304#7	0
2877	Q0	22283#1	0
2877	Q0	6427#1	0
2877	Q0	1601230#3	0
2877	Q0	375306#2	0
2877	Q0	1545304#8	0
2877	Q0	2108851#27	0
2877	Q0	2532151#1	0
2877	Q0	131222#4	0
2878	Q0	57220#20	1
2878	Q0	373589#6	1
2878	Q0	57220#1	1
2878	Q0	306777#28	1
2878	Q0	1789#56	1
2878	Q0	3302041#1	1
2878	Q0	373589#7	0
2878	Q0	57220#6	0
2878	Q0	3319884#4	0
2878	Q0	2278#10	0
2878	Q0	17132#25	0
2879	Q0	48994#3	1
2879	Q0	48994#2	0
2879	Q0	3138053#1	0
2879	Q0	1216559#1	0
2879	Q0	48994#25	0
2879	Q0	508762#1	0
2879	Q0	2524704#1	0
2879	Q0	1216555#1	0
2879	Q0	1294831#9	0
2879	Q0	3137208#1	0
2880	Q0	303073#4	1
2880	Q0	1797584#0	0
2880	Q0	879448#1	0
2880	Q0	364743#5	0
2880	Q0	3041214#4	0
2880	Q0	364743#8	0
2880	Q0	3894082#0	0
2880	Q0	2549633#7	0
2880	Q0	3617781#2	0
2880	Q0	831875#16	0
2880	Q0	248155#12	0
2881	Q0	195097#0	1
2881	Q0	195097#21	1
2881	Q0	195097#43	1
2881	Q0	197583#0	1
2881	Q0	3896718#1	0
2881	Q0	195097#22	0
2881	Q0	195097#47	0
2881	Q0	195097#29	0
2881	Q0	195097#49	0
2881	Q0	195097#68	0
2882	Q0	1833460#6	1
2882	Q0	1833460#33	0
2882	Q0	1833460#14	0
2882	Q0	1833460#23	0
2882	Q0	1833460#16	0
2882	Q0	1833460#38	0
2882	Q0	1833460#37	0
2882	Q0	1833460#42	0
2882	Q0	341929#8	0
2882	Q0	440081#1	0
2883	Q0	115827#11	1
2883	Q0	104387#0	1
2883	Q0	1451262#38	1
2883	Q0	797151#0	0
2883	Q0	796649#3	0
2883	Q0	25169#46	0
2883	Q0	797151#2	0
2883	Q0	104387#7	0
2883	Q0	104387#3	0
2883	Q0	493895#6	0
2883	Q0	589254#6	0
2884	Q0	117754#0	1
2884	Q0	1698826#34	1
2884	Q0	3687016#1	1
2884	Q0	49474#11	1
2884	Q0	1312295#0	0
2884	Q0	513214#0	0
2884	Q0	1503198#5	0
2884	Q0	117754#16	0
2884	Q0	81233#29	0
2884	Q0	117754#19	0
2885	Q0	143336#3	1
2885	Q0	143336#10	1
2885	Q0	143336#8	0
2885	Q0	53676#6	0
2885	Q0	143336#1	0
2885	Q0	143336#16	0
2885	Q0	143336#0	0
2885	Q0	143336#15	0
2885	Q0	3801239#0	0
2885	Q0	589742#17	0
2886	Q0	1055837#0	1
2886	Q0	1055837#1	1
2886	Q0	2561245#1	0
2886	Q0	1256185#1	0
2886	Q0	964670#1	0
2886	Q0	465171#3	0
2886	Q0	104402#1	0
2886	Q0	313841#2	0
2886	Q0	1035537#8	0
2886	Q0	2046388#1	0
2888	Q0	21132#7	1
2888	Q0	57100#13	0
2888	Q0	21132#12	0
2888	Q0	21132#0	0
2888	Q0	39864#33	0
2888	Q0	3347569#0	0
2888	Q0	396213#2	0
2888	Q0	13313#26	0
2888	Q0	1920811#0	0
2888	Q0	52925#1	0
2889	Q0	1997090#1	1
2889	Q0	1997090#0	0
2889	Q0	3430464#4	0
2889	Q0	42788#1	0
2889	Q0	1866038#4	0
2889	Q0	1520028#5	0
2889	Q0	20927#21	0
2889	Q0	126282#13	0
2889	Q0	505267#14	0
2889	Q0	2730615#0	0
2889	Q0	1517906#12	0
2890	Q0	3838572#0	1
2890	Q0	3838572#2	0
2890	Q0	542392#0	0
2890	Q0	13973#45	0
2890	Q0	131514#3	0
2890	Q0	3838572#25	0
2890	Q0	3838572#11	0
2890	Q0	3838572#13	0
2890	Q0	131514#21	0
2890	Q0	131514#17	0
2890	Q0	3838572#3	0
2891	Q0	19791#2	1
2891	Q0	19791#4	0
2891	Q0	3734788#1	0
2891	Q0	19791#0	0
2891	Q0	374932#1	0
2891	Q0	3821081#1	0
2891	Q0	19791#3	0
2891	Q0	3234880#8	0
2891	Q0	1041376#2	0
2891	Q0	2423843#2	0
2894	Q0	2058067#10	1
2894	Q0	760740#1	0
2894	Q0	2020012#85	0
2894	Q0	2259879#5	0
2894	Q0	6926#52	0
2894	Q0	716448#5	0
2894	Q0	1266501#45	0
2894	Q0	1887116#0	0
2894	Q0	2058067#8	0
2894	Q0	3274285#2	0
2894	Q0	768346#1	0
2896	Q0	1602639#0	1
2896	Q0	1602639#29	0
2896	Q0	1602639#2	0
2896	Q0	3416171#1	0
2896	Q0	3069966#1	0
2896	Q0	230767#1	0
2896	Q0	3772696#1	0
2896	Q0	3252228#3	0
2896	Q0	1602639#30	0
2896	Q0	1602639#28	0
2897	Q0	1641397#4	1
2897	Q0	1641397#11	0
2897	Q0	1641397#14	0
2897	Q0	1641397#6	0
2897	Q0	1641397#15	0
2897	Q0	1641397#0	0
2897	Q0	1641397#8	0
2897	Q0	1641397#10	0
2897	Q0	1641397#13	0
2897	Q0	1641397#5	0
2899	Q0	2693#56	1
2899	Q0	55197#0	1
2899	Q0	2020012#10	1
2899	Q0	234359#14	0
2899	Q0	2693#59	0
2899	Q0	50463#0	0
2899	Q0	2693#67	0
2899	Q0	44205#12	0
2899	Q0	3318381#12	0
2899	Q0	2693#46	0
2900	Q0	25167#1	1
2900	Q0	25167#5	0
2900	Q0	1746#6	0
2900	Q0	109#68	0
2900	Q0	8689#10	0
2900	Q0	49#48	0
2900	Q0	8689#0	0
2900	Q0	8742#1	0
2900	Q0	101488#4	0
2900	Q0	8689#1	0
2900	Q0	57151#1	0
2902	Q0	2706831#2	1
2902	Q0	2706831#0	1
2902	Q0	3534070#1	0
2902	Q0	2501601#1	0
2902	Q0	2693839#1	0
2902	Q0	3694898#8	0
2902	Q0	1085996#4	0
2902	Q0	1163476#2	0
2902	Q0	1085720#1	0
2902	Q0	945631#1	0
2903	Q0	3036390#1	1
2903	Q0	3036390#0	0
2903	Q0	3036390#2	0
2903	Q0	3036390#9	0
2903	Q0	3036390#8	0
2903	Q0	3036390#3	0
2903	Q0	3036390#4	0
2903	Q0	3036390#13	0
2903	Q0	3036390#5	0
2903	Q0	3036390#6	0
2904	Q0	2832055#4	1
2904	Q0	6771#7	1
2904	Q0	2832055#0	1
2904	Q0	2872862#1	0
2904	Q0	151244#2	0
2904	Q0	101357#2	0
2904	Q0	40420#5	0
2904	Q0	2178675#2	0
2904	Q0	590247#4	0
2904	Q0	40420#0	0
2904	Q0	209006#8	0
2906	Q0	8609#15	1
2906	Q0	2559185#0	0
2906	Q0	58280#2	0
2906	Q0	2195221#0	0
2906	Q0	8609#24	0
2906	Q0	44213#3	0
2906	Q0	422081#0	0
2906	Q0	3707528#0	0
2906	Q0	2606110#0	0
2906	Q0	2768117#0	0
2906	Q0	3055787#2	0
2907	Q0	1136949#1	1
2907	Q0	1136949#0	0
2907	Q0	3757274#0	0
2907	Q0	1136949#5	0
2907	Q0	3013189#42	0
2907	Q0	3031676#8	0
2907	Q0	1136949#4	0
2907	Q0	3732881#31	0
2907	Q0	391423#11	0
2907	Q0	3757274#1	0
2910	Q0	1591117#7	1
2910	Q0	1591117#3	1
2910	Q0	1591117#0	0
2910	Q0	1591117#23	0
2910	Q0	1591117#15	0
2910	Q0	1591117#8	0
2910	Q0	1591117#9	0
2910	Q0	1591117#17	0
2910	Q0	1591117#12	0
2910	Q0	1591117#10	0
2911	Q0	1826222#3	1
2911	Q0	1152517#0	1
2911	Q0	1060864#1	0
2911	Q0	2232670#31	0
2911	Q0	54905#19	0
2911	Q0	52906#27	0
2911	Q0	49563#32	0
2911	Q0	2615656#40	0
2911	Q0	2575792#40	0
2911	Q0	54905#18	0
2911	Q0	17167#13	0
2912	Q0	109421#1	1
2912	Q0	2579699#0	0
2912	Q0	109421#0	0
2912	Q0	2579699#1	0
2912	Q0	2655140#1	0
2912	Q0	2578827#4	0
2912	Q0	2189425#3	0
2912	Q0	1722978#1	0
2912	Q0	3152814#2	0
2912	Q0	706720#2	0
2913	Q0	384376#17	1
2913	Q0	1906#2	1
2913	Q0	889654#4	0
2913	Q0	889654#11	0
2913	Q0	1949129#0	0
2913	Q0	594673#4	0
2913	Q0	271700#5	0
2913	Q0	95857#1	0
2913	Q0	1410#29	0
2913	Q0	1082902#5	0
2913	Q0	2266689#0	0
2915	Q0	13959#0	1
2915	Q0	44858#0	0
2915	Q0	13959#23	0
2915	Q0	3564845#3	0
2915	Q0	468943#16	0
2915	Q0	13959#18	0
2915	Q0	13959#36	0
2915	Q0	13959#20	0
2915	Q0	798304#1	0
2915	Q0	2086526#9	0
2916	Q0	3793862#0	1
2916	Q0	3793862#7	0
2916	Q0	3793862#12	0
2916	Q0	3793862#4	0
2916	Q0	3793862#11	0
2916	Q0	3793862#13	0
2916	Q0	3793862#2	0
2916	Q0	3793862#5	0
2916	Q0	3793862#3	0
2916	Q0	3793862#9	0
2918	Q0	693598#0	1
2918	Q0	1517218#5	1
2918	Q0	693598#3	0
2918	Q0	693598#10	0
2918	Q0	693598#13	0
2918	Q0	693598#14	0
2918	Q0	693598#9	0
2918	Q0	693598#12	0
2918	Q0	693598#1	0
2918	Q0	693598#5	0
2919	Q0	82106#1	1
2919	Q0	192271#18	0
2919	Q0	1752206#1	0
2919	Q0	93473#5	0
2919	Q0	1908041#2	0
2919	Q0	1605035#0	0
2919	Q0	439409#0	0
2919	Q0	2476632#1	0
2919	Q0	101500#3	0
2919	Q0	245407#0	0
2919	Q0	221821#0	0
2921	Q0	1160819#0	1
2921	Q0	1903#1	1
2921	Q0	134866#1	0
2921	Q0	1160819#11	0
2921	Q0	16368#29	0
2921	Q0	1160819#37	0
2921	Q0	226963#8	0
2921	Q0	279710#45	0
2921	Q0	1903#16	0
2921	Q0	207108#12	0
2921	Q0	1160819#29	0
2922	Q0	302600#4	1
2922	Q0	351976#6	0
2922	Q0	3367615#8	0
2922	Q0	2889556#2	0
2922	Q0	600671#1	0
2922	Q0	2181194#7	0
2922	Q0	351976#2	0
2922	Q0	12536#4	0
2922	Q0	995385#30	0
2922	Q0	3367615#29	0
2925	Q0	291789#0	1
2925	Q0	291789#4	0
2925	Q0	3442092#0	0
2925	Q0	1614307#2	0
2925	Q0	2161835#0	0
2925	Q0	3004846#2	0
2925	Q0	291789#5	0
2925	Q0	2791272#1	0
2925	Q0	3127847#11	0
2925	Q0	1172404#1	0
2926	Q0	48701#1	1
2926	Q0	1784902#0	0
2926	Q0	72117#0	0
2926	Q0	854269#1	0
2926	Q0	3854231#1	0
2926	Q0	85812#0	0
2926	Q0	190678#6	0
2926	Q0	2577592#2	0
2926	Q0	85490#9	0
2926	Q0	1750349#2	0
2927	Q0	3641692#7	1
2927	Q0	84687#19	1
2927	Q0	84687#20	1
2927	Q0	150913#3	1
2927	Q0	808345#9	0
2927	Q0	1615917#18	0
2927	Q0	2696297#3	0
2927	Q0	6853#20	0
2927	Q0	804267#31	0
2927	Q0	53729#38	0
2927	Q0	1615917#11	0
2928	Q0	1982841#0	1
2928	Q0	66628#1	0
2928	Q0	1982841#3	0
2928	Q0	47364#0	0
2928	Q0	1417248#0	0
2928	Q0	1734961#9	0
2928	Q0	839541#0	0
2928	Q0	3352013#0	0
2928	Q0	3061819#6	0
2928	Q0	1666772#4	0
2928	Q0	968378#0	0
2929	Q0	56603#1	1
2929	Q0	189442#23	0
2929	Q0	3093465#2	0
2929	Q0	224354#7	0
2929	Q0	15394#29	0
2929	Q0	31307#4	0
2929	Q0	15394#30	0
2929	Q0	3093465#3	0
2929	Q0	483320#4	0
2929	Q0	166160#63	0
2929	Q0	2868344#21	0
2930	Q0	20149#17	1
2930	Q0	61497#0	1
2930	Q0	61497#2	1
2930	Q0	414329#2	0
2930	Q0	20149#31	0
2930	Q0	62003#12	0
2930	Q0	437859#2	0
2930	Q0	1501324#0	0
2930	Q0	547515#9	0
2930	Q0	436479#4	0
2930	Q0	436303#1	0
2930	Q0	3619571#10	0
2930	Q0	61497#1	0
2931	Q0	65011#2	1
2931	Q0	65011#0	1
2931	Q0	1802705#2	0
2931	Q0	2027372#25	0
2931	Q0	481561#22	0
2931	Q0	2027372#10	0
2931	Q0	487156#0	0
2931	Q0	222285#4	0
2931	Q0	65011#1	0
2931	Q0	65011#10	0
2931	Q0	222285#7	0
2933	Q0	2228143#8	1
2933	Q0	279181#97	0
2933	Q0	2228143#10	0
2933	Q0	2228143#19	0
2933	Q0	2228143#12	0
2933	Q0	2228143#9	0
2933	Q0	2228143#18	0
2933	Q0	279181#95	0
2933	Q0	178829#70	0
2933	Q0	279181#102	0
2934	Q0	196297#2	1
2934	Q0	193263#0	1
2934	Q0	1736755#0	0
2934	Q0	8435#60	0
2934	Q0	1792382#0	0
2934	Q0	3561770#5	0
2934	Q0	2980571#0	0
2934	Q0	183859#3	0
2934	Q0	196297#1	0
2934	Q0	2002202#0	0
2939	Q0	378155#5	1
2939	Q0	378155#2	1
2939	Q0	378155#17	0
2939	Q0	378155#4	0
2939	Q0	378155#15	0
2939	Q0	2771647#10	0
2939	Q0	345703#2	0
2939	Q0	378155#31	0
2939	Q0	378155#3	0
2939	Q0	19484#6	0
2940	Q0	3578460#0	1
2940	Q0	3578460#1	0
2940	Q0	3578460#3	0
2940	Q0	3578460#26	0
2940	Q0	3578460#19	0
2940	Q0	3578460#25	0
2940	Q0	3578460#18	0
2940	Q0	3578460#16	0
2940	Q0	2879253#1	0
2940	Q0	3578460#20	0
2941	Q0	7113#12	1
2941	Q0	37178#63	0
2941	Q0	7113#1	0
2941	Q0	923801#9	0
2941	Q0	2229836#2	0
2941	Q0	2100708#4	0
2941	Q0	765025#4	0
2941	Q0	109117#3	0
2941	Q0	79467#37	0
2941	Q0	2581701#62	0
2942	Q0	242325#45	1
2942	Q0	242325#37	0
2942	Q0	2292318#0	0
2942	Q0	242325#35	0
2942	Q0	242325#55	0
2942	Q0	242325#60	0
2942	Q0	635105#28	0
2942	Q0	242325#46	0
2942	Q0	242325#41	0
2942	Q0	819730#7	0
2942	Q0	136562#7	0
2944	Q0	196355#10	1
2944	Q0	173394#4	1
2944	Q0	192059#13	0
2944	Q0	173394#62	0
2944	Q0	173394#0	0
2944	Q0	173394#9	0
2944	Q0	173394#29	0
2944	Q0	173394#12	0
2944	Q0	173394#63	0
2944	Q0	3283972#5	0
2945	Q0	2873469#1	1
2945	Q0	2438041#29	0
2945	Q0	2873469#0	0
2945	Q0	840700#28	0
2945	Q0	84259#12	0
2945	Q0	978078#19	0
2945	Q0	2438041#30	0
2945	Q0	2873469#5	0
2945	Q0	2414608#7	0
2945	Q0	1060873#47	0
2946	Q0	117972#13	1
2946	Q0	42716#4	1
2946	Q0	439764#19	0
2946	Q0	439764#24	0
2946	Q0	34515#27	0
2946	Q0	3375080#13	0
2946	Q0	439764#16	0
2946	Q0	439764#17	0
2946	Q0	42716#11	0
2946	Q0	34515#30	0
2946	Q0	42716#10	0
2949	Q0	1624396#12	1
2949	Q0	3602376#3	0
2949	Q0	3602376#0	0
2949	Q0	2312066#2	0
2949	Q0	19590#7	0
2949	Q0	1610985#2	0
2949	Q0	6717#8	0
2949	Q0	3784098#9	0
2949	Q0	2312066#4	0
2949	Q0	2312066#0	0
2949	Q0	19590#5	0
2949	Q0	19590#6	0
2950	Q0	3868#2	1
2950	Q0	20260#19	0
2950	Q0	1111708#19	0
2950	Q0	20260#4	0
2950	Q0	701533#4	0
2950	Q0	1554812#1	0
2950	Q0	1125469#12	0
2950	Q0	3868#4	0
2950	Q0	2544676#2	0
2950	Q0	809231#5	0
2950	Q0	809603#0	0
2953	Q0	1723565#0	1
2953	Q0	3530722#8	1
2953	Q0	29093#1	1
2953	Q0	29093#0	0
2953	Q0	3693774#0	0
2953	Q0	566178#0	0
2953	Q0	477650#1	0
2953	Q0	29093#5	0
2953	Q0	1723557#0	0
2953	Q0	766322#0	0
2955	Q0	1324556#2	1
2955	Q0	378548#19	1
2955	Q0	48306#1	1
2955	Q0	1324556#1	1
2955	Q0	18800#0	1
2955	Q0	334154#24	0
2955	Q0	2794#14	0
2955	Q0	1518679#3	0
2955	Q0	220416#8	0
2955	Q0	2794#13	0
2955	Q0	1324556#16	0
2956	Q0	200714#3	1
2956	Q0	3528740#1	1
2956	Q0	200714#18	0
2956	Q0	3070090#1	0
2956	Q0	200714#80	0
2956	Q0	200714#4	0
2956	Q0	3325442#1	0
2956	Q0	200714#6	0
2956	Q0	644703#6	0
2956	Q0	200714#9	0
2957	Q0	87612#0	1
2957	Q0	87612#2	1
2957	Q0	136512#13	0
2957	Q0	91347#2	0
2957	Q0	11514#2	0
2957	Q0	87612#4	0
2957	Q0	87606#3	0
2957	Q0	1279614#7	0
2957	Q0	961539#4	0
2957	Q0	184574#5	0
2958	Q0	1810638#0	1
2958	Q0	12502#0	1
2958	Q0	12502#41	0
2958	Q0	12502#26	0
2958	Q0	1810638#3	0
2958	Q0	1046445#4	0
2958	Q0	1698838#96	0
2958	Q0	902708#104	0
2958	Q0	108679#27	0
2958	Q0	12502#42	0
2960	Q0	3153947#1	1
2960	Q0	15615#11	1
2960	Q0	2682095#5	0
2960	Q0	3153980#1	0
2960	Q0	15615#19	0
2960	Q0	1352622#2	0
2960	Q0	181330#3	0
2960	Q0	36146#3	0
2960	Q0	1368514#1	0
2960	Q0	3154007#1	0
2960	Q0	229470#1	0
2961	Q0	902910#0	1
2961	Q0	3122243#2	0
2961	Q0	902910#1	0
2961	Q0	902910#2	0
2961	Q0	96572#15	0
2961	Q0	1176999#1	0
2961	Q0	594560#6	0
2961	Q0	1625448#1	0
2961	Q0	2780153#1	0
2961	Q0	902910#3	0
2962	Q0	6352#21	1
2962	Q0	18031#1	1
2962	Q0	3533753#0	0
2962	Q0	1068768#1	0
2962	Q0	3289653#3	0
2962	Q0	18031#0	0
2962	Q0	3238996#3	0
2962	Q0	1698893#31	0
2962	Q0	2706426#0	0
2962	Q0	3101600#1	0
2963	Q0	3032180#3	1
2963	Q0	3032180#0	1
2963	Q0	1420440#1	0
2963	Q0	3243925#2	0
2963	Q0	320111#1	0
2963	Q0	3874781#0	0
2963	Q0	1480331#1	0
2963	Q0	1320118#1	0
2963	Q0	320111#0	0
2963	Q0	3720180#3	0
2965	Q0	2759014#3	1
2965	Q0	521642#1	1
2965	Q0	521642#2	0
2965	Q0	3048212#1	0
2965	Q0	521642#0	0
2965	Q0	1353667#1	0
2965	Q0	521642#8	0
2965	Q0	2063309#2	0
2965	Q0	3040264#1	0
2965	Q0	244619#1	0
2966	Q0	2766605#0	1
2966	Q0	20491#0	1
2966	Q0	2770631#0	0
2966	Q0	86810#14	0
2966	Q0	2806741#0	0
2966	Q0	2770631#1	0
2966	Q0	2725544#1	0
2966	Q0	683474#43	0
2966	Q0	2770631#4	0
2966	Q0	2821015#12	0
2967	Q0	11918#7	1
2967	Q0	22682#46	1
2967	Q0	11918#9	1
2967	Q0	11918#10	1
2967	Q0	11918#1	1
2967	Q0	11918#21	0
2967	Q0	3475326#3	0
2967	Q0	11918#19	0
2967	Q0	11918#24	0
2967	Q0	11918#0	0
2967	Q0	11919#0	0
2968	Q0	125323#1	1
2968	Q0	351021#14	0
2968	Q0	878395#1	0
2968	Q0	2558504#17	0
2968	Q0	1782186#2	0
2968	Q0	2223561#7	0
2968	Q0	1782186#1	0
2968	Q0	6294#22	0
2968	Q0	221563#10	0
2968	Q0	270974#18	0
2969	Q0	708712#0	1
2969	Q0	708712#6	1
2969	Q0	708712#5	0
2969	Q0	708712#12	0
2969	Q0	708712#13	0
2969	Q0	155630#4	0
2969	Q0	337258#5	0
2969	Q0	155630#9	0
2969	Q0	478978#7	0
2969	Q0	708712#15	0
2970	Q0	2738359#1	1
2970	Q0	2738359#0	0
2970	Q0	1747274#1	0
2970	Q0	210058#5	0
2970	Q0	2336306#2	0
2970	Q0	3771001#3	0
2970	Q0	2738359#2	0
2970	Q0	197983#1	0
2970	Q0	2738359#3	0
2970	Q0	3032759#3	0
2970	Q0	18589#0	0
2972	Q0	2674179#0	1
2972	Q0	1073990#2	0
2972	Q0	1330051#7	0
2972	Q0	3652322#30	0
2972	Q0	673369#2	0
2972	Q0	2345852#2	0
2972	Q0	78226#8	0
2972	Q0	1247028#1	0
2972	Q0	1328242#1	0
2972	Q0	1350304#1	0
2973	Q0	1155#15	1
2973	Q0	29173#3	1
2973	Q0	36028#2	0
2973	Q0	40551#3	0
2973	Q0	3489089#6	0
2973	Q0	29173#6	0
2973	Q0	2528300#1	0
2973	Q0	3889582#3	0
2973	Q0	419349#10	0
2973	Q0	2528300#73	0
2973	Q0	2528300#27	0
2976	Q0	1610912#2	1
2976	Q0	20946#6	1
2976	Q0	6235#11	1
2976	Q0	19863#12	0
2976	Q0	6202#80	0
2976	Q0	46966#9	0
2976	Q0	3292023#1	0
2976	Q0	6202#81	0
2976	Q0	427600#2	0
2976	Q0	6235#42	0
2976	Q0	6235#40	0
2977	Q0	1799384#0	1
2977	Q0	1089338#18	0
2977	Q0	906922#6	0
2977	Q0	156801#0	0
2977	Q0	758240#3	0
2977	Q0	595005#2	0
2977	Q0	3479734#6	0
2977	Q0	778035#22	0
2977	Q0	1003224#1	0
2977	Q0	1525845#1	0
2978	Q0	988302#0	1
2978	Q0	1607313#5	1
2978	Q0	988302#6	1
2978	Q0	2053628#17	0
2978	Q0	44505#21	0
2978	Q0	988302#9	0
2978	Q0	3617963#5	0
2978	Q0	54081#70	0
2978	Q0	846193#0	0
2978	Q0	988302#8	0
2978	Q0	988302#2	0
2979	Q0	3059#19	1
2979	Q0	100847#5	1
2979	Q0	8858#67	1
2979	Q0	3287185#7	1
2979	Q0	706037#2	1
2979	Q0	3287185#4	1
2979	Q0	3287185#5	1
2979	Q0	7391#15	0
2979	Q0	3287185#1	0
2979	Q0	1309812#1	0
2979	Q0	58913#4	0
2980	Q0	1517445#0	1
2980	Q0	3329163#3	1
2980	Q0	3316269#5	1
2980	Q0	3326086#2	1
2980	Q0	3323292#0	1
2980	Q0	1517445#1	1
2980	Q0	3323292#3	0
2980	Q0	1895538#3	0
2980	Q0	1507778#23	0
2980	Q0	1517445#26	0
2980	Q0	3313137#4	0
2982	Q0	36216#54	1
2982	Q0	36216#2	1
2982	Q0	36216#53	0
2982	Q0	36216#0	0
2982	Q0	1267245#0	0
2982	Q0	36258#12	0
2982	Q0	36216#12	0
2982	Q0	36216#23	0
2982	Q0	36216#9	0
2982	Q0	36216#24	0
2982	Q0	3112461#2	0
2983	Q0	206592#0	1
2983	Q0	206592#16	1
2983	Q0	206592#17	1
2983	Q0	206592#1	1
2983	Q0	2330942#5	0
2983	Q0	134967#6	0
2983	Q0	3427284#2	0
2983	Q0	3819163#9	0
2983	Q0	2390048#3	0
2983	Q0	39965#0	0
2983	Q0	3573144#0	0
2983	Q0	1471662#3	0
2983	Q0	3714977#5	0
2983	Q0	3834417#1	0
2983	Q0	206592#7	0
2984	Q0	1698878#138	1
2984	Q0	493454#3	1
2984	Q0	449174#1	0
2984	Q0	485303#1	0
2984	Q0	485303#5	0
2984	Q0	485303#2	0
2984	Q0	560572#3	0
2984	Q0	206136#2	0
2984	Q0	485303#13	0
2984	Q0	2885095#35	0
2984	Q0	288053#5	0
2985	Q0	1182866#0	1
2985	Q0	889145#13	1
2985	Q0	889145#11	1
2985	Q0	889145#1	1
2985	Q0	889145#19	1
2985	Q0	1182866#2	0
2985	Q0	889145#7	0
2985	Q0	889145#2	0
2985	Q0	3460563#0	0
2985	Q0	889145#5	0
2988	Q0	23670#0	1
2988	Q0	1698893#5	1
2988	Q0	661977#2	1
2988	Q0	1698893#14	1
2988	Q0	2492478#0	0
2988	Q0	18759#0	0
2988	Q0	38047#0	0
2988	Q0	1004110#0	0
2988	Q0	1429200#8	0
2988	Q0	3631795#1	0
2988	Q0	1698893#0	0
2989	Q0	75158#5	1
2989	Q0	798435#1	1
2989	Q0	730287#3	1
2989	Q0	940106#1	1
2989	Q0	75158#1	1
2989	Q0	2937985#1	0
2989	Q0	75158#6	0
2989	Q0	110907#1	0
2989	Q0	3361846#6	0
2989	Q0	3144856#1	0
2989	Q0	3551754#16	0
2991	Q0	3139#2	1
2991	Q0	2025504#3	1
2991	Q0	2928079#2	0
2991	Q0	3139#0	0
2991	Q0	2271473#6	0
2991	Q0	2786378#3	0
2991	Q0	2674914#4	0
2991	Q0	56175#40	0
2991	Q0	2918311#1	0
2991	Q0	53905#25	0
2992	Q0	144091#6	1
2992	Q0	8757#44	1
2992	Q0	2787615#1	1
2992	Q0	85202#5	1
2992	Q0	85202#8	0
2992	Q0	2108572#3	0
2992	Q0	1948741#4	0
2992	Q0	2862#9	0
2992	Q0	1395056#5	0
2992	Q0	166440#3	0
2993	Q0	2628972#0	1
2993	Q0	10078#0	1
2993	Q0	10078#32	0
2993	Q0	10078#53	0
2993	Q0	700528#4	0
2993	Q0	1886536#16	0
2993	Q0	2063250#6	0
2993	Q0	3065140#10	0
2993	Q0	84682#17	0
2993	Q0	113441#10	0
2994	Q0	144091#6	1
2994	Q0	1724144#2	1
2994	Q0	85202#2	1
2994	Q0	25002#9	0
2994	Q0	85202#8	0
2994	Q0	2862#9	0
2994	Q0	38265#13	0
2994	Q0	166440#3	0
2994	Q0	85202#5	0
2994	Q0	2787615#1	0
2994	Q0	2178169#1	0
2995	Q0	2206314#15	1
2995	Q0	1409114#5	1
2995	Q0	25002#8	1
2995	Q0	1420848#1	1
2995	Q0	1409114#0	1
2995	Q0	56244#4	1
2995	Q0	85202#4	1
2995	Q0	1497360#6	0
2995	Q0	56556#3	0
2995	Q0	1409114#1	0
2995	Q0	2206314#16	0
2996	Q0	474515#0	1
2996	Q0	967206#10	0
2996	Q0	490182#1	0
2996	Q0	1038695#0	0
2996	Q0	3013924#0	0
2996	Q0	2137768#1	0
2996	Q0	3050088#1	0
2996	Q0	1339901#1	0
2996	Q0	3691043#1	0
2996	Q0	2246803#0	0
2997	Q0	131666#1	1
2997	Q0	2808566#13	0
2997	Q0	800069#0	0
2997	Q0	131666#6	0
2997	Q0	3145797#3	0
2997	Q0	3047716#0	0
2997	Q0	131666#4	0
2997	Q0	131666#9	0
2997	Q0	131666#3	0
2997	Q0	1284629#1	0
2998	Q0	14175#8	1
2998	Q0	14175#9	1
2998	Q0	14175#10	0
2998	Q0	844093#3	0
2998	Q0	844093#0	0
2998	Q0	844093#7	0
2998	Q0	844093#4	0
2998	Q0	1453803#3	0
2998	Q0	14175#13	0
2998	Q0	844093#1	0
2999	Q0	20149#9	1
2999	Q0	414342#2	0
2999	Q0	20149#11	0
2999	Q0	20149#10	0
2999	Q0	491566#19	0
2999	Q0	493258#24	0
2999	Q0	443063#2	0
2999	Q0	2373532#5	0
2999	Q0	414044#7	0
2999	Q0	20149#12	0
3002	Q0	1652634#1	1
3002	Q0	1652634#0	1
3002	Q0	21405#3	0
3002	Q0	2105935#1	0
3002	Q0	1652634#3	0
3002	Q0	1652634#10	0
3002	Q0	1652634#9	0
3002	Q0	13802#2	0
3002	Q0	2975630#0	0
3002	Q0	1652634#4	0
3003	Q0	641393#4	1
3003	Q0	641393#0	0
3003	Q0	641393#5	0
3003	Q0	641393#6	0
3003	Q0	509073#21	0
3003	Q0	641393#7	0
3003	Q0	2014837#3	0
3003	Q0	641393#18	0
3003	Q0	1230600#1	0
3003	Q0	641393#12	0
3005	Q0	483080#0	1
3005	Q0	202336#15	0
3005	Q0	3625516#11	0
3005	Q0	815449#6	0
3005	Q0	38265#19	0
3005	Q0	277487#0	0
3005	Q0	2206314#24	0
3005	Q0	38265#0	0
3005	Q0	1743868#3	0
3005	Q0	98795#0	0
3006	Q0	1912724#8	1
3006	Q0	1912724#24	0
3006	Q0	1912724#25	0
3006	Q0	1912724#4	0
3006	Q0	1912724#14	0
3006	Q0	1912724#33	0
3006	Q0	1912724#12	0
3006	Q0	1912724#0	0
3006	Q0	1912724#16	0
3006	Q0	1912724#30	0
3007	Q0	86882#0	1
3007	Q0	86882#3	0
3007	Q0	335490#4	0
3007	Q0	335490#3	0
3007	Q0	467021#1	0
3007	Q0	2794070#2	0
3007	Q0	2971517#1	0
3007	Q0	336639#1	0
3007	Q0	2915203#1	0
3007	Q0	3874684#1	0
3008	Q0	431460#1	1
3008	Q0	431460#2	1
3008	Q0	238935#5	0
3008	Q0	1354049#3	0
3008	Q0	407929#3	0
3008	Q0	431460#6	0
3008	Q0	238935#0	0
3008	Q0	511656#3	0
3008	Q0	431460#16	0
3008	Q0	431460#22	0
3008	Q0	431460#0	0
3009	Q0	1904254#7	1
3009	Q0	62435#21	1
3009	Q0	143996#1	1
3009	Q0	1828756#7	0
3009	Q0	907180#2	0
3009	Q0	2493722#0	0
3009	Q0	437468#7	0
3009	Q0	143600#3	0
3009	Q0	1828756#3	0
3009	Q0	2157328#6	0
3009	Q0	6493#50	0
3011	Q0	2526746#2	1
3011	Q0	2778057#21	0
3011	Q0	2526746#4	0
3011	Q0	2526746#3	0
3011	Q0	2526746#7	0
3011	Q0	2395468#0	0
3011	Q0	2526746#5	0
3011	Q0	3553566#6	0
3011	Q0	2567830#2	0
3011	Q0	2526746#6	0
3012	Q0	70991#4	1
3012	Q0	2368624#1	0
3012	Q0	2916573#3	0
3012	Q0	3108141#0	0
3012	Q0	2149266#1	0
3012	Q0	2916573#0	0
3012	Q0	1614307#2	0
3012	Q0	3092773#2	0
3012	Q0	878804#1	0
3012	Q0	2237362#1	0
3013	Q0	20185#0	1
3013	Q0	20185#3	1
3013	Q0	2080698#0	0
3013	Q0	20185#79	0
3013	Q0	1903474#0	0
3013	Q0	20185#4	0
3013	Q0	958302#1	0
3013	Q0	2801765#1	0
3013	Q0	3743037#1	0
3013	Q0	2945600#16	0
3014	Q0	175687#0	1
3014	Q0	175687#2	1
3014	Q0	175687#9	0
3014	Q0	33015#3	0
3014	Q0	175687#10	0
3014	Q0	175687#1	0
3014	Q0	55087#1	0
3014	Q0	2878165#5	0
3014	Q0	3133645#1	0
3014	Q0	1543519#1	0
3015	Q0	824281#2	1
3015	Q0	831423#1	1
3015	Q0	831423#3	0
3015	Q0	1742725#39	0
3015	Q0	1666603#58	0
3015	Q0	831423#9	0
3015	Q0	846420#4	0
3015	Q0	1742725#41	0
3015	Q0	1666603#21	0
3015	Q0	799228#1	0
3015	Q0	2956809#0	0
3016	Q0	3386408#0	1
3016	Q0	3288808#18	0
3016	Q0	3288808#15	0
3016	Q0	3288808#0	0
3016	Q0	3288808#22	0
3016	Q0	3288808#19	0
3016	Q0	3288808#24	0
3016	Q0	3386408#57	0
3016	Q0	1702016#13	0
3016	Q0	3288808#25	0
3017	Q0	3871688#4	1
3017	Q0	845653#3	0
3017	Q0	845653#5	0
3017	Q0	845653#6	0
3017	Q0	3345991#1	0
3017	Q0	136675#7	0
3017	Q0	3871688#22	0
3017	Q0	1876037#2	0
3017	Q0	3798458#3	0
3017	Q0	3871688#24	0
3018	Q0	646650#2	1
3018	Q0	646650#0	1
3018	Q0	1471218#1	0
3018	Q0	1324862#1	0
3018	Q0	1604174#0	0
3018	Q0	1604174#6	0
3018	Q0	2802399#2	0
3018	Q0	1324862#0	0
3018	Q0	2680958#1	0
3018	Q0	646650#18	0
3019	Q0	1514406#0	1
3019	Q0	1514406#2	0
3019	Q0	3863372#4	0
3019	Q0	1515375#0	0
3019	Q0	3194052#0	0
3019	Q0	1514428#0	0
3019	Q0	221678#3	0
3019	Q0	192093#6	0
3019	Q0	2040405#9	0
3019	Q0	2341713#2	0
3020	Q0	2017#14	1
3020	Q0	1370905#12	1
3020	Q0	197916#3	1
3020	Q0	13959#6	1
3020	Q0	732641#11	0
3020	Q0	13959#11	0
3020	Q0	13959#1	0
3020	Q0	421789#3	0
3020	Q0	13959#0	0
3020	Q0	365173#0	0
3021	Q0	1001327#30	1
3021	Q0	3860518#0	0
3021	Q0	1001327#0	0
3021	Q0	2500278#28	0
3021	Q0	2352900#11	0
3021	Q0	1001327#71	0
3021	Q0	2966729#1	0
3021	Q0	1001327#54	0
3021	Q0	2593589#236	0
3021	Q0	1001327#15	0
3021	Q0	1001327#29	0
3022	Q0	3401612#0	1
3022	Q0	3401612#49	1
3022	Q0	3401612#18	0
3022	Q0	3401612#47	0
3022	Q0	507541#5	0
3022	Q0	3401612#4	0
3022	Q0	3401612#46	0
3022	Q0	3401612#1	0
3022	Q0	3401612#8	0
3022	Q0	3401612#36	0
3024	Q0	1603682#1	1
3024	Q0	1603682#4	1
3024	Q0	1603682#0	0
3024	Q0	2644309#0	0
3024	Q0	19732#3	0
3024	Q0	1603682#2	0
3024	Q0	653519#0	0
3024	Q0	848194#0	0
3024	Q0	706758#2	0
3024	Q0	1923514#0	0
3025	Q0	556782#0	1
3025	Q0	2454#42	0
3025	Q0	186884#9	0
3025	Q0	2454#47	0
3025	Q0	1853594#3	0
3025	Q0	1763384#0	0
3025	Q0	2291752#5	0
3025	Q0	1341889#36	0
3025	Q0	2015079#4	0
3025	Q0	397120#1	0
3026	Q0	3538#0	1
3026	Q0	103166#0	1
3026	Q0	103028#0	1
3026	Q0	103209#0	1
3026	Q0	103000#0	1
3026	Q0	2256162#1	1
3026	Q0	75431#0	1
3026	Q0	1096769#0	1
3026	Q0	159834#0	1
3026	Q0	808689#0	1
3027	Q0	2553546#115	1
3027	Q0	1982684#1	1
3027	Q0	560916#1	1
3027	Q0	560916#11	1
3027	Q0	2528325#0	0
3027	Q0	3833104#0	0
3027	Q0	456066#8	0
3027	Q0	1531879#1	0
3027	Q0	25150#11	0
3027	Q0	25150#22	0
3027	Q0	15131#6	0
3028	Q0	370247#2	1
3028	Q0	370247#5	1
3028	Q0	370247#9	0
3028	Q0	410285#4	0
3028	Q0	391131#2	0
3028	Q0	370247#13	0
3028	Q0	2403987#2	0
3028	Q0	398166#2	0
3028	Q0	370247#7	0
3028	Q0	386880#2	0
3029	Q0	163465#15	1
3029	Q0	121837#75	1
3029	Q0	52724#16	0
3029	Q0	52724#14	0
3029	Q0	52724#15	0
3029	Q0	195894#2	0
3029	Q0	52724#26	0
3029	Q0	2301690#2	0
3029	Q0	3742306#1	0
3029	Q0	52724#3	0
3030	Q0	3003875#0	1
3030	Q0	3003875#1	1
3030	Q0	3003875#5	0
3030	Q0	3003875#6	0
3030	Q0	3056751#12	0
3030	Q0	3003875#16	0
3030	Q0	3003875#10	0
3030	Q0	3003875#11	0
3030	Q0	3058703#5	0
3030	Q0	3003875#2	0
3031	Q0	2736687#0	1
3031	Q0	2814735#7	1
3031	Q0	2736687#22	0
3031	Q0	2736687#21	0
3031	Q0	3666161#24	0
3031	Q0	12877#0	0
3031	Q0	77795#23	0
3031	Q0	12877#32	0
3031	Q0	12877#39	0
3031	Q0	12877#36	0
3032	Q0	1114318#0	1
3032	Q0	1114318#3	0
3032	Q0	2743207#0	0
3032	Q0	3190835#0	0
3032	Q0	3190835#19	0
3032	Q0	187068#0	0
3032	Q0	1399458#18	0
3032	Q0	1114318#190	0
3032	Q0	1114318#186	0
3032	Q0	187068#88	0
3032	Q0	187068#4	0
3033	Q0	99943#2	1
3033	Q0	2855655#3	0
3033	Q0	2469419#1	0
3033	Q0	3535653#1	0
3033	Q0	2995213#1	0
3033	Q0	623991#2	0
3033	Q0	559384#0	0
3033	Q0	5306#6	0
3033	Q0	519763#6	0
3033	Q0	901611#2	0
3033	Q0	1369736#1	0
3034	Q0	430787#0	1
3034	Q0	87901#4	1
3034	Q0	430787#2	0
3034	Q0	430787#1	0
3034	Q0	430787#3	0
3034	Q0	497517#18	0
3034	Q0	430787#4	0
3034	Q0	20711#5	0
3034	Q0	903117#0	0
3034	Q0	902214#14	0
3035	Q0	70931#2	1
3035	Q0	70931#0	1
3035	Q0	2240045#2	1
3035	Q0	361165#6	0
3035	Q0	515092#1	0
3035	Q0	70931#6	0
3035	Q0	320423#0	0
3035	Q0	133865#15	0
3035	Q0	2907307#13	0
3035	Q0	68321#23	0
3037	Q0	3266998#0	1
3037	Q0	1282828#1	0
3037	Q0	653319#9	0
3037	Q0	97355#0	0
3037	Q0	1980049#2	0
3037	Q0	3796460#1	0
3037	Q0	9110#54	0
3037	Q0	22697#14	0
3037	Q0	3103#4	0
3037	Q0	3833897#1	0
3038	Q0	1395103#1	1
3038	Q0	1395103#20	1
3038	Q0	1395103#18	0
3038	Q0	1395103#17	0
3038	Q0	1395103#10	0
3038	Q0	1395103#15	0
3038	Q0	1395103#12	0
3038	Q0	1395103#21	0
3038	Q0	1395103#8	0
3038	Q0	1395103#11	0
3039	Q0	782057#5	1
3039	Q0	1697322#3	0
3039	Q0	1695106#2	0
3039	Q0	724762#1	0
3039	Q0	662847#4	0
3039	Q0	3714245#12	0
3039	Q0	2790724#3	0
3039	Q0	2900263#9	0
3039	Q0	1204531#1	0
3039	Q0	1697322#2	0
3039	Q0	1695106#1	0
3040	Q0	309220#0	1
3042	Q0	2646592#0	1
3042	Q0	2646592#4	1
3042	Q0	2646592#3	0
3042	Q0	2646592#1	0
3042	Q0	2646592#2	0
3042	Q0	2646592#6	0
3042	Q0	2646592#10	0
3042	Q0	2646592#9	0
3042	Q0	2646592#7	0
3042	Q0	2646592#12	0
3043	Q0	1269037#0	1
3043	Q0	1269037#27	1
3043	Q0	2901528#0	1
3043	Q0	1269037#28	0
3043	Q0	1269037#4	0
3043	Q0	1269037#1	0
3043	Q0	484227#2	0
3043	Q0	1269037#19	0
3043	Q0	1269037#29	0
3043	Q0	1269037#21	0
3045	Q0	3875010#0	1
3045	Q0	3875010#3	0
3045	Q0	3875010#14	0
3045	Q0	3875010#25	0
3045	Q0	1603648#42	0
3045	Q0	1603648#22	0
3045	Q0	3716543#46	0
3045	Q0	3716543#4	0
3045	Q0	3716543#48	0
3045	Q0	14426#16	0
3045	Q0	136651#6	0
3046	Q0	2796037#0	1
3046	Q0	2796037#4	0
3046	Q0	2796037#1	0
3046	Q0	3501705#1	0
3046	Q0	2890253#3	0
3046	Q0	241075#3	0
3046	Q0	1682065#5	0
3046	Q0	611686#3	0
3046	Q0	2796037#8	0
3046	Q0	195886#1	0
3047	Q0	5255#0	1
3047	Q0	5255#11	1
3047	Q0	3583718#11	0
3047	Q0	429292#1	0
3047	Q0	8534#1	0
3047	Q0	2228653#0	0
3047	Q0	2437079#2	0
3047	Q0	3898755#0	0
3047	Q0	847696#0	0
3047	Q0	919142#0	0
3047	Q0	2091302#0	0
3047	Q0	1579414#0	0
3048	Q0	3763740#0	1
3048	Q0	3763740#6	0
3048	Q0	3784098#0	0
3048	Q0	3763740#1	0
3048	Q0	3763740#17	0
3048	Q0	3763740#2	0
3048	Q0	3763740#16	0
3048	Q0	3763740#8	0
3048	Q0	3763740#7	0
3048	Q0	3784098#22	0
3049	Q0	41944#6	1
3049	Q0	1418#38	0
3049	Q0	1013803#12	0
3049	Q0	487814#1	0
3049	Q0	865601#0	0
3049	Q0	1209433#11	0
3049	Q0	1013803#7	0
3049	Q0	158299#0	0
3049	Q0	132522#1	0
3049	Q0	58224#1	0
3049	Q0	2680140#7	0
3050	Q0	595005#3	1
3050	Q0	595005#0	1
3050	Q0	595005#2	0
3050	Q0	595005#11	0
3050	Q0	595005#12	0
3050	Q0	3126532#1	0
3050	Q0	595005#4	0
3050	Q0	595005#20	0
3050	Q0	343672#0	0
3050	Q0	1579403#0	0
3051	Q0	23675#24	1
3051	Q0	26811#2	1
3051	Q0	26811#3	0
3051	Q0	23675#20	0
3051	Q0	26811#6	0
3051	Q0	50657#24	0
3051	Q0	26811#10	0
3051	Q0	993214#15	0
3051	Q0	23675#57	0
3051	Q0	28650#8	0
3051	Q0	26811#5	0
3052	Q0	24120#1	1
3052	Q0	2948453#4	0
3052	Q0	24120#0	0
3052	Q0	2948453#3	0
3052	Q0	3254689#3	0
3052	Q0	3501802#2	0
3052	Q0	3243405#1	0
3052	Q0	2185769#0	0
3052	Q0	3204846#7	0
3052	Q0	562464#3	0
3052	Q0	1041376#2	0
3054	Q0	324429#32	1
3054	Q0	484756#0	1
3054	Q0	156394#23	1
3054	Q0	484756#49	0
3054	Q0	484756#6	0
3054	Q0	194426#7	0
3054	Q0	484756#3	0
3054	Q0	116277#2	0
3054	Q0	484756#7	0
3054	Q0	521#4	0
3055	Q0	6422#18	1
3055	Q0	206095#1	1
3055	Q0	6427#13	0
3055	Q0	6355#28	0
3055	Q0	206095#0	0
3055	Q0	3623052#3	0
3055	Q0	37743#41	0
3055	Q0	206095#5	0
3055	Q0	206095#4	0
3055	Q0	725095#10	0
3056	Q0	1477834#3	1
3056	Q0	2173#14	1
3056	Q0	2173#89	0
3056	Q0	2173#20	0
3056	Q0	683695#2	0
3056	Q0	462235#30	0
3056	Q0	665544#9	0
3056	Q0	962963#0	0
3056	Q0	2173#73	0
3056	Q0	1194615#0	0
3057	Q0	211680#2	1
3057	Q0	2736537#6	0
3057	Q0	9200#21	0
3057	Q0	3832636#10	0
3057	Q0	914387#2	0
3057	Q0	1165984#4	0
3057	Q0	201189#1	0
3057	Q0	2736537#3	0
3057	Q0	40705#20	0
3057	Q0	3843859#14	0
3058	Q0	1789#92	1
3058	Q0	1888184#4	1
3058	Q0	1698838#43	1
3058	Q0	11650#34	1
3058	Q0	31315#13	0
3058	Q0	742032#2	0
3058	Q0	11650#3	0
3058	Q0	2125483#3	0
3058	Q0	20959#15	0
3058	Q0	3427#4	0
3058	Q0	2593589#280	0
3059	Q0	3753602#0	1
3059	Q0	3753602#4	0
3059	Q0	3753602#7	0
3059	Q0	1391269#4	0
3059	Q0	3753602#6	0
3059	Q0	3753602#17	0
3059	Q0	190678#6	0
3059	Q0	3753602#13	0
3059	Q0	3753602#16	0
3059	Q0	3753602#5	0
3060	Q0	355163#5	1
3060	Q0	355163#6	1
3060	Q0	355163#23	0
3060	Q0	355163#26	0
3060	Q0	1803723#0	0
3060	Q0	84097#3	0
3060	Q0	207490#42	0
3060	Q0	3875383#0	0
3060	Q0	355163#4	0
3060	Q0	1561187#8	0
3061	Q0	225420#3	1
3061	Q0	25570#4	1
3061	Q0	25570#12	0
3061	Q0	341173#1	0
3061	Q0	477378#1	0
3061	Q0	108458#2	0
3061	Q0	25570#9	0
3061	Q0	25570#0	0
3061	Q0	467049#1	0
3061	Q0	466253#1	0
3062	Q0	13338#20	1
3062	Q0	3464586#8	0
3062	Q0	1844405#6	0
3062	Q0	636#4	0
3062	Q0	13338#21	0
3062	Q0	3717605#1	0
3062	Q0	442519#158	0
3062	Q0	206028#44	0
3062	Q0	26748#9	0
3062	Q0	2588316#7	0
3063	Q0	53905#1	1
3063	Q0	951004#2	1
3063	Q0	3557885#0	0
3063	Q0	53905#9	0
3063	Q0	3557885#5	0
3063	Q0	3557885#7	0
3063	Q0	53905#8	0
3063	Q0	3529930#10	0
3063	Q0	54197#1	0
3063	Q0	2466747#34	0
3064	Q0	3673265#12	1
3064	Q0	3673265#9	0
3064	Q0	712817#2	0
3064	Q0	1234833#2	0
3064	Q0	873205#2	0
3064	Q0	366231#3	0
3064	Q0	78839#4	0
3064	Q0	490041#4	0
3064	Q0	3673265#19	0
3064	Q0	495723#2	0
3066	Q0	679460#0	1
3066	Q0	950090#104	0
3066	Q0	1579520#3	0
3066	Q0	950090#114	0
3066	Q0	1559378#11	0
3066	Q0	572809#1	0
3066	Q0	971821#3	0
3066	Q0	4644#29	0
3066	Q0	954220#5	0
3066	Q0	950090#113	0
3066	Q0	1502403#4	0
3068	Q0	802008#0	1
3068	Q0	802008#2	0
3068	Q0	802008#7	0
3068	Q0	802008#5	0
3068	Q0	802008#10	0
3068	Q0	2158937#0	0
3068	Q0	427573#11	0
3068	Q0	802008#3	0
3068	Q0	427538#5	0
3068	Q0	3799664#1	0
3071	Q0	189174#1	1
3071	Q0	189174#17	0
3071	Q0	320387#0	0
3071	Q0	1255078#20	0
3071	Q0	189174#0	0
3071	Q0	189174#12	0
3071	Q0	3843727#1	0
3071	Q0	2666582#0	0
3071	Q0	1655826#6	0
3071	Q0	189174#18	0
3072	Q0	304749#0	1
3072	Q0	304749#38	0
3072	Q0	304749#37	0
3072	Q0	304749#14	0
3072	Q0	304749#40	0
3072	Q0	304749#81	0
3072	Q0	304749#91	0
3072	Q0	304749#1	0
3072	Q0	304749#82	0
3072	Q0	304749#20	0
3072	Q0	304749#32	0
3074	Q0	659991#35	1
3074	Q0	3010183#34	1
3074	Q0	1268474#4	0
3074	Q0	659991#1	0
3074	Q0	1228704#55	0
3074	Q0	3004505#2	0
3074	Q0	659991#13	0
3074	Q0	24697#308	0
3074	Q0	475661#19	0
3074	Q0	3004505#9	0
3074	Q0	659991#15	0
3075	Q0	518574#3	1
3075	Q0	1985438#3	1
3075	Q0	3897223#15	0
3075	Q0	520090#1	0
3075	Q0	2058035#1	0
3075	Q0	1058322#19	0
3075	Q0	518574#5	0
3075	Q0	518574#16	0
3075	Q0	518574#12	0
3075	Q0	2632003#1	0
3077	Q0	2666448#4	1
3077	Q0	3802212#1	0
3077	Q0	2800502#1	0
3077	Q0	505534#1	0
3077	Q0	2133386#2	0
3077	Q0	25574#4	0
3077	Q0	1628241#4	0
3077	Q0	1627593#1	0
3077	Q0	2451803#2	0
3077	Q0	1965487#1	0
3078	Q0	3865244#0	1
3078	Q0	289135#0	1
3078	Q0	38084#27	1
3078	Q0	373335#1	1
3078	Q0	289135#1	0
3078	Q0	3247433#1	0
3078	Q0	289135#12	0
3078	Q0	289135#3	0
3078	Q0	3254830#1	0
3078	Q0	3245267#19	0
3079	Q0	2752137#6	1
3079	Q0	238975#34	0
3079	Q0	2752137#1	0
3079	Q0	171778#8	0
3079	Q0	57982#111	0
3079	Q0	2752137#79	0
3079	Q0	2752137#7	0
3079	Q0	649217#34	0
3079	Q0	649217#72	0
3079	Q0	21352#36	0
3079	Q0	2752137#63	0
3081	Q0	516461#3	1
3081	Q0	1020933#0	1
3081	Q0	516461#5	0
3081	Q0	516461#4	0
3081	Q0	516461#8	0
3081	Q0	516461#17	0
3081	Q0	516461#6	0
3081	Q0	3143123#1	0
3081	Q0	516461#41	0
3081	Q0	516461#27	0
3082	Q0	56561#1	1
3082	Q0	56561#3	0
3082	Q0	51605#42	0
3082	Q0	3285299#10	0
3082	Q0	56561#5	0
3082	Q0	56561#2	0
3082	Q0	2377890#37	0
3082	Q0	393810#0	0
3082	Q0	3574797#6	0
3082	Q0	56564#0	0
3083	Q0	178895#42	1
3083	Q0	2817417#16	1
3083	Q0	2749712#66	1
3083	Q0	2725373#20	1
3083	Q0	178895#46	1
3083	Q0	2817417#15	1
3083	Q0	2372493#6	1
3083	Q0	2725373#21	1
3083	Q0	2818801#29	1
3083	Q0	2363432#21	1
3087	Q0	128802#16	1
3087	Q0	28122#21	1
3087	Q0	983976#2	1
3087	Q0	983976#21	1
3087	Q0	341382#14	0
3087	Q0	983976#29	0
3087	Q0	344176#20	0
3087	Q0	344176#1	0
3087	Q0	983976#14	0
3087	Q0	344149#77	0
3087	Q0	344215#65	0
3087	Q0	983976#36	0
3088	Q0	73393#9	1
3088	Q0	222355#7	0
3088	Q0	46515#93	0
3088	Q0	171050#2	0
3088	Q0	73393#7	0
3088	Q0	270867#0	0
3088	Q0	691366#1	0
3088	Q0	454489#0	0
3088	Q0	3480998#0	0
3088	Q0	435258#0	0
3088	Q0	197884#3	0
3090	Q0	2500348#6	1
3090	Q0	2500348#0	0
3090	Q0	2500348#13	0
3090	Q0	2500348#1	0
3090	Q0	2500348#3	0
3090	Q0	2500348#15	0
3090	Q0	2500348#8	0
3090	Q0	2500348#10	0
3090	Q0	2500348#9	0
3090	Q0	2500348#5	0
3091	Q0	31717#1	1
3091	Q0	1124851#1	0
3091	Q0	31717#11	0
3091	Q0	3359308#1	0
3091	Q0	196104#3	0
3091	Q0	1126148#1	0
3091	Q0	705349#2	0
3091	Q0	76873#60	0
3091	Q0	1126173#4	0
3091	Q0	1918500#2	0
3091	Q0	609186#2	0
3092	Q0	486616#10	1
3092	Q0	15394#2	1
3092	Q0	15394#34	0
3092	Q0	982526#2	0
3092	Q0	15394#0	0
3092	Q0	31307#4	0
3092	Q0	15394#44	0
3092	Q0	3577483#9	0
3092	Q0	31307#5	0
3092	Q0	1968621#3	0
3094	Q0	717562#0	1
3094	Q0	3567824#0	0
3094	Q0	717562#5	0
3094	Q0	3686827#0	0
3094	Q0	297837#1	0
3094	Q0	2080445#0	0
3094	Q0	2689136#5	0
3094	Q0	717562#10	0
3094	Q0	1361562#0	0
3094	Q0	717562#15	0
3095	Q0	2171990#1	1
3095	Q0	1343507#5	1
3095	Q0	2933809#3	0
3095	Q0	146214#7	0
3095	Q0	2171990#7	0
3095	Q0	30106#3	0
3095	Q0	5330#31	0
3095	Q0	1844776#3	0
3095	Q0	2171990#4	0
3095	Q0	8757#44	0
3096	Q0	2804087#0	1
3096	Q0	2804087#14	1
3096	Q0	453161#2	0
3096	Q0	2804087#9	0
3096	Q0	2804087#11	0
3096	Q0	1447053#2	0
3096	Q0	115220#0	0
3096	Q0	52150#0	0
3096	Q0	2804087#6	0
3096	Q0	1974854#19	0
3097	Q0	155788#0	1
3097	Q0	155788#2	0
3097	Q0	1632491#1	0
3097	Q0	1632491#0	0
3097	Q0	3552585#0	0
3097	Q0	155788#4	0
3097	Q0	58415#2	0
3097	Q0	155788#7	0
3097	Q0	1774390#6	0
3097	Q0	3195368#1	0
3099	Q0	54179#4	1
3099	Q0	2615401#0	0
3099	Q0	3791524#288	0
3099	Q0	2322357#9	0
3099	Q0	2370098#5	0
3099	Q0	54179#95	0
3099	Q0	54179#0	0
3099	Q0	5040#58	0
3099	Q0	2334702#1	0
3099	Q0	2322357#0	0
3100	Q0	1630003#0	1
3100	Q0	5040#74	1
3100	Q0	5040#1	1
3100	Q0	9548#1	1
3100	Q0	5040#58	0
3100	Q0	5040#7	0
3100	Q0	507175#4	0
3100	Q0	439987#12	0
3100	Q0	5040#0	0
3100	Q0	1933343#1	0
3102	Q0	65995#2	1
3102	Q0	685523#2	1
3102	Q0	2136397#0	0
3102	Q0	65995#23	0
3102	Q0	65995#0	0
3102	Q0	65995#10	0
3102	Q0	65995#28	0
3102	Q0	65995#9	0
3102	Q0	1465013#19	0
3102	Q0	1485771#1	0
3104	Q0	2150006#3	1
3104	Q0	2150006#52	1
3104	Q0	2150006#31	0
3104	Q0	2150006#8	0
3104	Q0	2150006#4	0
3104	Q0	2150006#0	0
3104	Q0	2150006#26	0
3104	Q0	322718#20	0
3104	Q0	2150006#20	0
3104	Q0	2150006#29	0
3106	Q0	2707205#0	1
3106	Q0	2707205#1	0
3106	Q0	2707205#7	0
3106	Q0	2707205#6	0
3106	Q0	2707205#5	0
3106	Q0	2707205#22	0
3106	Q0	2707205#15	0
3106	Q0	2707205#4	0
3106	Q0	1657091#10	0
3106	Q0	2707205#17	0
3107	Q0	38441#8	1
3107	Q0	38441#2	1
3107	Q0	38441#1	1
3107	Q0	140979#2	0
3107	Q0	38441#20	0
3107	Q0	3060596#12	0
3107	Q0	38441#24	0
3107	Q0	38441#25	0
3107	Q0	1408191#39	0
3107	Q0	38441#6	0
3107	Q0	38441#4	0
3108	Q0	13901#47	1
3108	Q0	96478#11	1
3108	Q0	96478#0	1
3108	Q0	96478#3	0
3108	Q0	96478#17	0
3108	Q0	96478#26	0
3108	Q0	96478#7	0
3108	Q0	96478#22	0
3108	Q0	96478#2	0
3108	Q0	96478#23	0
3108	Q0	412813#3	0
3109	Q0	13615#2	1
3109	Q0	13615#0	0
3109	Q0	8764#2	0
3109	Q0	184941#10	0
3109	Q0	13615#6	0
3109	Q0	571982#12	0
3109	Q0	2967013#9	0
3109	Q0	1171889#2	0
3109	Q0	1698878#107	0
3109	Q0	6147#4	0
3109	Q0	13615#4	0
3112	Q0	15654#3	1
3112	Q0	15654#0	1
3112	Q0	15654#18	0
3112	Q0	15654#11	0
3112	Q0	15654#13	0
3112	Q0	15654#20	0
3112	Q0	15654#4	0
3112	Q0	15654#6	0
3112	Q0	15654#8	0
3112	Q0	15654#49	0
3113	Q0	1133148#41	1
3113	Q0	10328#40	1
3113	Q0	1133148#34	1
3113	Q0	1133148#16	1
3113	Q0	10328#42	1
3113	Q0	1133148#15	1
3113	Q0	1133148#13	1
3113	Q0	25653#23	1
3113	Q0	2015287#10	1
3113	Q0	1133148#35	1
3113	Q0	1133148#3	1
3114	Q0	865800#1	1
3114	Q0	865800#3	1
3114	Q0	865800#0	1
3114	Q0	3671112#0	0
3114	Q0	3394347#39	0
3114	Q0	3282738#2	0
3114	Q0	1343544#0	0
3114	Q0	1343544#1	0
3114	Q0	1343544#2	0
3114	Q0	3394347#32	0
3115	Q0	127160#2	1
3115	Q0	63015#1	1
3115	Q0	106174#4	0
3115	Q0	127160#7	0
3115	Q0	3534798#41	0
3115	Q0	50477#8	0
3115	Q0	127160#1	0
3115	Q0	9751#2	0
3115	Q0	18854#4	0
3115	Q0	3896546#4	0
3116	Q0	34259#17	1
3116	Q0	146721#0	0
3116	Q0	146720#1	0
3116	Q0	1793882#5	0
3116	Q0	28667#3	0
3116	Q0	2745861#17	0
3116	Q0	146713#0	0
3116	Q0	2745861#18	0
3116	Q0	1141757#1	0
3116	Q0	1796012#0	0
3118	Q0	12110#4	1
3118	Q0	286332#1	0
3118	Q0	1116534#3	0
3118	Q0	86374#5	0
3118	Q0	1104900#2	0
3118	Q0	12110#3	0
3118	Q0	1568612#2	0
3118	Q0	1116534#7	0
3118	Q0	655815#16	0
3118	Q0	395414#2	0
3118	Q0	1956768#8	0
3120	Q0	38699#25	1
3120	Q0	17718#12	1
3120	Q0	4516#16	0
3120	Q0	2382#18	0
3120	Q0	2789694#2	0
3120	Q0	1608233#1	0
3120	Q0	176170#1	0
3120	Q0	2278#93	0
3120	Q0	1864744#68	0
3120	Q0	2382#22	0
3120	Q0	2382#0	0
3122	Q0	1059998#4	1
3122	Q0	1059998#0	0
3122	Q0	2775246#20	0
3122	Q0	473630#23	0
3122	Q0	69617#51	0
3122	Q0	1659555#22	0
3122	Q0	1124421#53	0
3122	Q0	1767579#4	0
3122	Q0	34717#12	0
3122	Q0	911055#31	0
3123	Q0	3570142#4	1
3123	Q0	132858#6	1
3123	Q0	268086#11	1
3123	Q0	78896#7	1
3123	Q0	3570142#7	0
3123	Q0	312046#13	0
3123	Q0	3534047#11	0
3123	Q0	857000#14	0
3123	Q0	153474#26	0
3123	Q0	28359#18	0
3123	Q0	3570138#10	0
3124	Q0	86234#2	1
3124	Q0	86234#0	1
3124	Q0	86234#35	0
3124	Q0	86234#30	0
3124	Q0	201841#4	0
3124	Q0	1883074#0	0
3124	Q0	62274#0	0
3124	Q0	86234#7	0
3124	Q0	86234#10	0
3124	Q0	3326511#0	0
3126	Q0	1113375#0	1
3126	Q0	1113375#5	0
3126	Q0	1113375#1	0
3126	Q0	191589#17	0
3126	Q0	1113375#4	0
3126	Q0	191589#5	0
3126	Q0	1589110#3	0
3126	Q0	1501887#6	0
3126	Q0	1866843#3	0
3126	Q0	1113375#3	0
3127	Q0	973563#3	1
3127	Q0	973563#31	0
3127	Q0	2278230#4	0
3127	Q0	973563#29	0
3127	Q0	2759622#1	0
3127	Q0	7955#2	0
3127	Q0	973563#0	0
3127	Q0	3881244#1	0
3127	Q0	2553989#2	0
3127	Q0	3475567#13	0
3127	Q0	973563#1	0
3128	Q0	731517#2	1
3128	Q0	161#15	0
3128	Q0	100752#2	0
3128	Q0	600067#1	0
3128	Q0	299722#15	0
3128	Q0	3771110#10	0
3128	Q0	191#6	0
3128	Q0	161#11	0
3128	Q0	626127#7	0
3128	Q0	161#2	0
3129	Q0	1356158#0	1
3129	Q0	424730#1	0
3129	Q0	424730#4	0
3129	Q0	1032951#0	0
3129	Q0	2582057#0	0
3129	Q0	1356158#1	0
3129	Q0	3719249#1	0
3129	Q0	3462649#0	0
3129	Q0	2562785#2	0
3129	Q0	1356158#3	0
3131	Q0	2274498#2	1
3131	Q0	2274498#1	1
3131	Q0	2295268#1	0
3131	Q0	421425#0	0
3131	Q0	1913479#1	0
3131	Q0	1608533#0	0
3131	Q0	6974#4	0
3131	Q0	2274498#0	0
3131	Q0	2443421#3	0
3131	Q0	1609424#2	0
3132	Q0	3099676#1	1
3132	Q0	97785#2	1
3132	Q0	97785#0	0
3132	Q0	166687#2	0
3132	Q0	2626064#0	0
3132	Q0	3616630#1	0
3132	Q0	3617107#0	0
3132	Q0	3147542#1	0
3132	Q0	964835#7	0
3132	Q0	3001765#0	0
3133	Q0	50143#0	1
3133	Q0	3247372#1	0
3133	Q0	3193467#31	0
3133	Q0	498463#8	0
3133	Q0	45857#0	0
3133	Q0	50143#19	0
3133	Q0	115071#0	0
3133	Q0	50143#16	0
3133	Q0	50143#5	0
3133	Q0	45857#7	0
3134	Q0	81123#10	1
3134	Q0	444720#0	1
3134	Q0	1745723#0	1
3134	Q0	3582200#0	1
3134	Q0	132834#7	0
3134	Q0	3110#76	0
3134	Q0	2568273#11	0
3134	Q0	1745724#10	0
3134	Q0	132834#1	0
3134	Q0	132834#27	0
3134	Q0	3110#66	0
3135	Q0	729015#9	1
3135	Q0	729015#0	0
3135	Q0	621978#1	0
3135	Q0	729015#14	0
3135	Q0	729015#2	0
3135	Q0	1154745#9	0
3135	Q0	925429#0	0
3135	Q0	1154745#0	0
3135	Q0	2952281#21	0
3135	Q0	644885#0	0
3136	Q0	15661#0	1
3136	Q0	15661#3	1
3136	Q0	71422#0	0
3136	Q0	15661#5	0
3136	Q0	15661#6	0
3136	Q0	15661#14	0
3136	Q0	2679220#25	0
3136	Q0	15661#15	0
3136	Q0	15661#35	0
3136	Q0	15661#27	0
3136	Q0	15661#1	0
3137	Q0	699348#1	1
3137	Q0	34317#21	0
3137	Q0	34317#5	0
3137	Q0	57358#4	0
3137	Q0	23978#91	0
3137	Q0	3360620#3	0
3137	Q0	34317#32	0
3137	Q0	34317#18	0
3137	Q0	3689262#7	0
3137	Q0	2109930#4	0
3137	Q0	1997001#1	0
3138	Q0	44934#23	1
3138	Q0	2637214#2	0
3138	Q0	2637214#1	0
3138	Q0	44934#3	0
3138	Q0	44934#20	0
3138	Q0	2507634#0	0
3138	Q0	44934#8	0
3138	Q0	2507634#1	0
3138	Q0	44934#33	0
3138	Q0	2152486#1	0
3140	Q0	14393#3	1
3140	Q0	14393#4	0
3140	Q0	1897232#1	0
3140	Q0	66905#5	0
3140	Q0	14393#0	0
3140	Q0	263404#2	0
3140	Q0	2198576#1	0
3140	Q0	280180#1	0
3140	Q0	874828#5	0
3140	Q0	2944202#1	0
3142	Q0	117967#0	1
3142	Q0	2785837#27	0
3142	Q0	180456#2	0
3142	Q0	416502#0	0
3142	Q0	3646033#6	0
3142	Q0	117967#4	0
3142	Q0	2587445#4	0
3142	Q0	3551178#9	0
3142	Q0	2587445#3	0
3142	Q0	2558920#0	0
3143	Q0	24762#1	1
3143	Q0	2204964#0	0
3143	Q0	1480728#0	0
3143	Q0	24762#15	0
3143	Q0	24762#23	0
3143	Q0	24762#27	0
3143	Q0	535008#2	0
3143	Q0	1806470#2	0
3143	Q0	510564#49	0
3143	Q0	2193064#0	0
3143	Q0	2021279#1	0
3144	Q0	3303157#19	1
3144	Q0	1808930#4	1
3144	Q0	3303157#24	0
3144	Q0	3303157#23	0
3144	Q0	2376582#12	0
3144	Q0	3303157#22	0
3144	Q0	7204#2	0
3144	Q0	3425086#6	0
3144	Q0	7114#2	0
3144	Q0	497517#15	0
3145	Q0	96387#0	1
3145	Q0	96387#5	0
3145	Q0	96387#7	0
3145	Q0	956005#0	0
3145	Q0	1867#2	0
3145	Q0	96387#2	0
3145	Q0	803627#2	0
3145	Q0	1356#1	0
3145	Q0	3898000#0	0
3145	Q0	2558554#4	0
3146	Q0	3528620#8	1
3146	Q0	3528620#3	0
3146	Q0	3528620#0	0
3146	Q0	3528620#25	0
3146	Q0	922595#0	0
3146	Q0	1614435#0	0
3146	Q0	1186034#0	0
3146	Q0	447084#0	0
3146	Q0	1897198#0	0
3146	Q0	513762#0	0
3146	Q0	1186034#1	0
3147	Q0	16986#6	1
3147	Q0	2406980#0	1
3147	Q0	3147514#2	0
3147	Q0	17096#0	0
3147	Q0	17096#4	0
3147	Q0	2591166#29	0
3147	Q0	2591166#1	0
3147	Q0	2591166#25	0
3147	Q0	2406980#18	0
3147	Q0	2591166#19	0
3147	Q0	2405285#0	0
3149	Q0	131943#24	1
3149	Q0	1745249#93	1
3149	Q0	131943#5	0
3149	Q0	1120566#17	0
3149	Q0	131943#39	0
3149	Q0	3528004#3	0
3149	Q0	1120566#6	0
3149	Q0	1120566#10	0
3149	Q0	85952#9	0
3149	Q0	75458#142	0
3150	Q0	2369533#1	1
3150	Q0	2369533#0	0
3150	Q0	2369533#19	0
3150	Q0	2369533#2	0
3150	Q0	2369533#7	0
3150	Q0	2369533#4	0
3150	Q0	2369533#12	0
3150	Q0	2369533#13	0
3150	Q0	2369533#6	0
3150	Q0	2369533#11	0
3151	Q0	1563999#79	1
3151	Q0	799228#0	1
3151	Q0	1575737#1	0
3151	Q0	1575737#0	0
3151	Q0	799228#3	0
3151	Q0	25668#2	0
3151	Q0	3069406#2	0
3151	Q0	1742725#39	0
3151	Q0	25668#5	0
3151	Q0	286474#12	0
3151	Q0	25668#1	0
3152	Q0	2743272#0	1
3152	Q0	2743272#39	0
3152	Q0	2743272#2	0
3152	Q0	2743272#34	0
3152	Q0	2743272#24	0
3152	Q0	2743272#40	0
3152	Q0	2743272#8	0
3152	Q0	2743272#37	0
3152	Q0	2743272#28	0
3152	Q0	2743272#36	0
3153	Q0	11201#0	1
3153	Q0	11201#1	1
3153	Q0	11201#7	0
3153	Q0	11201#4	0
3153	Q0	11201#5	0
3153	Q0	793237#3	0
3153	Q0	99#14	0
3153	Q0	2116218#31	0
3153	Q0	17771#16	0
3153	Q0	99#16	0
3154	Q0	7325#46	1
3154	Q0	6244#0	1
3154	Q0	6235#0	1
3154	Q0	6202#38	0
3154	Q0	6235#40	0
3154	Q0	6202#79	0
3154	Q0	2668747#0	0
3154	Q0	6202#37	0
3154	Q0	169678#3	0
3154	Q0	6236#0	0
3154	Q0	3779323#39	0
3155	Q0	1397732#11	1
3155	Q0	173451#13	1
3155	Q0	1397732#2	1
3155	Q0	312#6	0
3155	Q0	1397732#5	0
3155	Q0	1534#7	0
3155	Q0	173451#12	0
3155	Q0	2700905#12	0
3155	Q0	1397732#48	0
3155	Q0	1397732#28	0
3155	Q0	2352717#9	0
3156	Q0	1901548#15	1
3156	Q0	1976959#7	1
3156	Q0	1901548#0	1
3156	Q0	22417#4	0
3156	Q0	11208#25	0
3156	Q0	11208#21	0
3156	Q0	11208#33	0
3156	Q0	1901548#6	0
3156	Q0	1901548#5	0
3156	Q0	1901548#13	0
3156	Q0	17290#3	0
3157	Q0	139718#9	1
3157	Q0	2548803#0	1
3157	Q0	2626160#4	1
3157	Q0	2624242#2	0
3157	Q0	2624534#4	0
3157	Q0	2624242#0	0
3157	Q0	2627846#4	0
3157	Q0	2624994#7	0
3157	Q0	2627070#4	0
3157	Q0	2625462#2	0
3158	Q0	1551715#0	1
3158	Q0	271496#0	1
3158	Q0	271496#1	1
3158	Q0	271496#3	1
3158	Q0	271496#2	0
3158	Q0	271496#6	0
3158	Q0	1769077#3	0
3158	Q0	66601#0	0
3158	Q0	1769077#0	0
3158	Q0	271496#53	0
3158	Q0	66601#2	0
3160	Q0	3882812#10	1
3160	Q0	3882812#0	1
3160	Q0	3882812#5	1
3160	Q0	3882812#4	0
3160	Q0	3882812#17	0
3160	Q0	82253#8	0
3160	Q0	3882812#3	0
3160	Q0	3882812#21	0
3160	Q0	3882812#12	0
3160	Q0	3882812#24	0
3160	Q0	3882812#20	0
3162	Q0	2849765#0	1
3162	Q0	1564871#0	1
3162	Q0	94314#0	1
3162	Q0	94314#40	0
3162	Q0	94314#2	0
3162	Q0	94314#1	0
3162	Q0	94314#4	0
3162	Q0	94314#13	0
3162	Q0	94314#36	0
3162	Q0	94314#16	0
3162	Q0	94314#3	0
3163	Q0	17488#0	1
3163	Q0	17488#4	0
3163	Q0	17488#1	0
3163	Q0	17488#2	0
3163	Q0	174496#0	0
3163	Q0	1413026#8	0
3163	Q0	17488#5	0
3163	Q0	1193051#0	0
3163	Q0	3665123#15	0
3163	Q0	17488#10	0
3164	Q0	167047#0	1
3164	Q0	167047#4	0
3164	Q0	167047#3	0
3164	Q0	167047#5	0
3164	Q0	167047#1	0
3164	Q0	167047#10	0
3164	Q0	146197#1	0
3164	Q0	2114678#1	0
3164	Q0	704414#1	0
3164	Q0	145289#3	0
3166	Q0	9752#0	1
3166	Q0	9752#24	0
3166	Q0	9752#18	0
3166	Q0	9752#16	0
3166	Q0	3212512#88	0
3166	Q0	3766570#1	0
3166	Q0	74545#12	0
3166	Q0	2164758#1	0
3166	Q0	126990#0	0
3166	Q0	640085#0	0
3167	Q0	807844#10	1
3167	Q0	807844#2	0
3167	Q0	355306#0	0
3167	Q0	807844#8	0
3167	Q0	807844#0	0
3167	Q0	3634102#9	0
3167	Q0	645415#5	0
3167	Q0	3094375#18	0
3167	Q0	355306#2	0
3167	Q0	173202#9	0
3168	Q0	618815#2	1
3168	Q0	618784#2	1
3168	Q0	618777#1	1
3168	Q0	1441#11	0
3168	Q0	2590662#9	0
3168	Q0	252672#6	0
3168	Q0	252672#23	0
3168	Q0	2590662#0	0
3168	Q0	618777#21	0
3168	Q0	1441#26	0
3168	Q0	1441#12	0
3170	Q0	1729743#12	1
3170	Q0	1729743#1	1
3170	Q0	1729743#18	0
3170	Q0	1729743#15	0
3170	Q0	1729743#13	0
3170	Q0	1172#5	0
3170	Q0	1729743#10	0
3170	Q0	1861313#6	0
3170	Q0	1729743#8	0
3170	Q0	2903#16	0
3171	Q0	23759#0	1
3171	Q0	14974#33	1
3171	Q0	23759#6	0
3171	Q0	15509#71	0
3171	Q0	975241#4	0
3171	Q0	15509#72	0
3171	Q0	1779010#21	0
3171	Q0	23759#2	0
3171	Q0	15509#247	0
3171	Q0	15509#80	0
3173	Q0	3301224#5	1
3173	Q0	3857635#2	1
3173	Q0	47734#0	1
3173	Q0	166440#17	1
3173	Q0	457688#2	1
3173	Q0	90#14	1
3173	Q0	3088514#5	1
3173	Q0	47734#30	0
3173	Q0	3857635#1	0
3173	Q0	108281#2	0
3174	Q0	1359986#2	1
3174	Q0	1359986#42	0
3174	Q0	1359986#4	0
3174	Q0	2712529#3	0
3174	Q0	1359986#8	0
3174	Q0	1359986#52	0
3174	Q0	317456#11	0
3174	Q0	1359986#25	0
3174	Q0	2034461#0	0
3174	Q0	2703788#0	0
3175	Q0	594237#36	1
3175	Q0	820386#5	1
3175	Q0	11266#6	1
3175	Q0	8685#9	0
3175	Q0	2709904#0	0
3175	Q0	2709904#17	0
3175	Q0	820386#27	0
3175	Q0	8435#23	0
3175	Q0	2206918#6	0
3175	Q0	2471101#3	0
3175	Q0	8435#24	0
3176	Q0	186689#9	1
3176	Q0	13039#22	1
3176	Q0	186689#0	1
3176	Q0	186689#1	0
3176	Q0	119306#13	0
3176	Q0	186689#14	0
3176	Q0	500431#0	0
3176	Q0	186692#0	0
3176	Q0	186689#8	0
3176	Q0	1435337#5	0
3176	Q0	186689#17	0
3177	Q0	70988#2	1
3177	Q0	70988#0	0
3177	Q0	945917#0	0
3177	Q0	469169#1	0
3177	Q0	940907#0	0
3177	Q0	943591#1	0
3177	Q0	3749134#1	0
3177	Q0	469169#0	0
3177	Q0	941180#0	0
3177	Q0	1354216#1	0
3178	Q0	1449200#5	1
3178	Q0	2943237#1	1
3178	Q0	97606#9	1
3178	Q0	2888350#0	0
3178	Q0	151546#18	0
3178	Q0	3702399#1	0
3178	Q0	77983#18	0
3178	Q0	1449200#105	0
3178	Q0	2930870#1	0
3178	Q0	1449200#97	0
3180	Q0	3556492#1	1
3180	Q0	3556492#2	1
3180	Q0	3556492#0	1
3180	Q0	3556492#3	0
3180	Q0	3527800#19	0
3180	Q0	3527800#3	0
3180	Q0	3527800#0	0
3180	Q0	3527800#1	0
3180	Q0	3525166#20	0
3180	Q0	3527800#23	0
3182	Q0	3022068#9	1
3182	Q0	3022068#2	1
3182	Q0	3022068#41	0
3182	Q0	3022068#12	0
3182	Q0	3022068#18	0
3182	Q0	3022068#10	0
3182	Q0	3022068#14	0
3182	Q0	3022068#46	0
3182	Q0	3022068#42	0
3182	Q0	3022068#25	0
3183	Q0	16851#0	1
3183	Q0	19025#2	0
3183	Q0	683177#19	0
3183	Q0	67569#13	0
3183	Q0	19072#23	0
3183	Q0	13155#2	0
3183	Q0	191939#13	0
3183	Q0	3681209#18	0
3183	Q0	109987#4	0
3183	Q0	13155#3	0
3184	Q0	2674828#0	1
3184	Q0	2936053#4	0
3184	Q0	2674828#8	0
3184	Q0	2645038#2	0
3184	Q0	3041150#14	0
3184	Q0	751620#9	0
3184	Q0	1623430#3	0
3184	Q0	1648737#3	0
3184	Q0	1648737#4	0
3184	Q0	563354#2	0
3186	Q0	2658516#1	1
3186	Q0	2658516#0	0
3186	Q0	2658516#2	0
3186	Q0	873747#0	0
3186	Q0	2658516#8	0
3186	Q0	2658516#13	0
3186	Q0	2658516#4	0
3186	Q0	2658516#6	0
3186	Q0	2658516#11	0
3186	Q0	2658516#7	0
3187	Q0	317330#0	1
3187	Q0	1623877#0	1
3187	Q0	317330#38	0
3187	Q0	1623877#2	0
3187	Q0	3702405#3	0
3187	Q0	733825#5	0
3187	Q0	1623877#1	0
3187	Q0	317330#3	0
3187	Q0	957936#5	0
3187	Q0	1623877#4	0
3187	Q0	19336#8	0
3188	Q0	3139070#8	1
3188	Q0	826598#3	1
3188	Q0	826598#0	0
3188	Q0	826598#1	0
3188	Q0	826598#12	0
3188	Q0	826598#4	0
3188	Q0	186753#21	0
3188	Q0	826598#18	0
3188	Q0	826598#15	0
3188	Q0	826598#13	0
3189	Q0	3877489#9	1
3189	Q0	3877489#5	1
3189	Q0	3877489#12	0
3189	Q0	3877489#3	0
3189	Q0	3877489#0	0
3189	Q0	3877489#6	0
3189	Q0	3895979#3	0
3189	Q0	3877489#10	0
3189	Q0	2613764#3	0
3189	Q0	3877489#13	0
3190	Q0	206653#15	1
3190	Q0	206653#11	1
3190	Q0	206653#4	0
3190	Q0	206653#5	0
3190	Q0	206653#1	0
3190	Q0	264660#8	0
3190	Q0	1378043#1	0
3190	Q0	206653#0	0
3190	Q0	632810#5	0
3190	Q0	195244#11	0
3191	Q0	974076#4	1
3191	Q0	974076#12	1
3191	Q0	2724577#1	0
3191	Q0	506316#3	0
3191	Q0	974074#46	0
3191	Q0	974074#88	0
3191	Q0	580372#1	0
3191	Q0	2382965#18	0
3191	Q0	974077#8	0
3191	Q0	974074#51	0
3191	Q0	1128009#1	0
3191	Q0	3827414#5	0
3192	Q0	349169#0	1
3192	Q0	350350#5	0
3192	Q0	2308475#0	0
3192	Q0	3398716#9	0
3192	Q0	1067581#0	0
3192	Q0	1625519#0	0
3192	Q0	497088#7	0
3192	Q0	3418538#13	0
3192	Q0	232773#11	0
3192	Q0	2308475#2	0
3194	Q0	1416828#0	1
3194	Q0	635863#0	1
3194	Q0	1356912#1	0
3194	Q0	635863#2	0
3194	Q0	1416828#1	0
3194	Q0	1445259#1	0
3194	Q0	1629216#1	0
3194	Q0	635863#11	0
3194	Q0	587135#0	0
3194	Q0	1416828#2	0
3195	Q0	2020012#13	1
3195	Q0	2905720#0	1
3195	Q0	336508#9	1
3195	Q0	2680902#5	1
3195	Q0	3888856#0	1
3195	Q0	2700905#0	1
3195	Q0	88091#4	0
3195	Q0	120323#3	0
3195	Q0	11706#31	0
3195	Q0	2907083#1	0
3196	Q0	3261517#2	1
3196	Q0	3261517#1	1
3196	Q0	3261517#4	1
3196	Q0	3261517#6	1
3196	Q0	3261517#8	1
3196	Q0	3261517#10	1
3196	Q0	3261517#11	1
3196	Q0	3261517#5	0
3196	Q0	3261517#0	0
3196	Q0	3261517#7	0
3197	Q0	114677#0	1
3197	Q0	329475#0	0
3197	Q0	114677#1	0
3197	Q0	1204191#1	0
3197	Q0	1794838#0	0
3197	Q0	454080#0	0
3197	Q0	2181198#1	0
3197	Q0	1204183#1	0
3197	Q0	952599#2	0
3197	Q0	454080#2	0
3198	Q0	506796#0	1
3198	Q0	7630#5	1
3198	Q0	7630#23	1
3198	Q0	3225743#19	0
3198	Q0	7630#24	0
3198	Q0	7630#43	0
3198	Q0	684577#2	0
3198	Q0	506795#5	0
3198	Q0	506795#1	0
3198	Q0	382006#154	0
3199	Q0	3003102#2	1
3199	Q0	3003102#0	0
3199	Q0	3004846#2	0
3199	Q0	1502588#2	0
3199	Q0	453522#1	0
3199	Q0	2953058#1	0
3199	Q0	3417247#1	0
3199	Q0	3353923#10	0
3199	Q0	732962#1	0
3199	Q0	328235#1	0
3202	Q0	56546#50	1
3202	Q0	1940091#0	1
3202	Q0	443935#1	1
3202	Q0	443935#5	1
3202	Q0	443935#0	1
3202	Q0	3332311#0	1
3202	Q0	3353210#5	1
3202	Q0	3334613#11	1
3202	Q0	56546#2	1
3202	Q0	2126593#0	0
3202	Q0	3350059#0	0
3204	Q0	68020#0	1
3204	Q0	68020#3	1
3204	Q0	1815931#0	0
3204	Q0	68020#31	0
3204	Q0	3487235#1	0
3204	Q0	68020#14	0
3204	Q0	589097#0	0
3204	Q0	3502348#4	0
3204	Q0	561914#5	0
3204	Q0	427122#0	0
3204	Q0	3487235#0	0
3205	Q0	898088#0	1
3205	Q0	898088#4	0
3205	Q0	898088#2	0
3205	Q0	1858692#0	0
3205	Q0	1858692#70	0
3205	Q0	896820#0	0
3205	Q0	1891939#42	0
3205	Q0	898088#29	0
3205	Q0	765706#17	0
3205	Q0	898088#41	0
3205	Q0	1271417#1	0
3206	Q0	4001#18	1
3206	Q0	547381#6	1
3206	Q0	1806510#7	0
3206	Q0	750282#31	0
3206	Q0	547381#13	0
3206	Q0	547381#16	0
3206	Q0	547381#41	0
3206	Q0	1629982#31	0
3206	Q0	547381#12	0
3206	Q0	269441#16	0
3206	Q0	212057#1	0
3207	Q0	2744638#0	1
3207	Q0	2744638#3	1
3207	Q0	2744638#12	0
3207	Q0	2744638#24	0
3207	Q0	2744638#23	0
3207	Q0	2744638#9	0
3207	Q0	2609423#15	0
3207	Q0	2744638#7	0
3207	Q0	2609423#13	0
3207	Q0	23256#56	0
3208	Q0	1898520#3	1
3208	Q0	539319#19	1
3208	Q0	539319#10	1
3208	Q0	479153#7	1
3208	Q0	2519707#80	0
3208	Q0	1898520#4	0
3208	Q0	108337#2	0
3208	Q0	1303980#8	0
3208	Q0	68521#7	0
3208	Q0	390184#2	0
3208	Q0	68521#8	0
3209	Q0	177396#22	1
3209	Q0	1665474#0	1
3209	Q0	57058#0	1
3209	Q0	1665397#0	1
3209	Q0	1797133#0	1
3209	Q0	3608625#0	0
3209	Q0	180432#0	0
3209	Q0	2774070#6	0
3209	Q0	918706#0	0
3209	Q0	3315202#0	0
3210	Q0	341752#0	1
3210	Q0	341752#1	0
3210	Q0	42377#6	0
3210	Q0	3294475#4	0
3210	Q0	1836907#1	0
3210	Q0	3056751#3	0
3210	Q0	1217328#1	0
3210	Q0	52382#4	0
3210	Q0	1828050#1	0
3210	Q0	3830578#1	0
3210	Q0	341752#8	0
3211	Q0	1502588#4	1
3211	Q0	1502588#0	0
3211	Q0	1502588#6	0
3211	Q0	1502588#1	0
3211	Q0	1502588#5	0
3211	Q0	1502588#16	0
3211	Q0	1502588#23	0
3211	Q0	1502588#2	0
3211	Q0	1502588#11	0
3211	Q0	1502588#20	0
3214	Q0	287395#3	1
3214	Q0	287395#10	1
3214	Q0	3838649#3	1
3214	Q0	287395#7	0
3214	Q0	3715922#8	0
3214	Q0	3391250#2	0
3214	Q0	287395#9	0
3214	Q0	3394339#10	0
3214	Q0	287395#11	0
3214	Q0	3391998#6	0
3215	Q0	73687#3	1
3215	Q0	3726287#5	0
3215	Q0	3726287#0	0
3215	Q0	3726287#17	0
3215	Q0	3726287#2	0
3215	Q0	3726287#13	0
3215	Q0	3726287#4	0
3215	Q0	3726287#1	0
3215	Q0	2060983#11	0
3215	Q0	3879407#4	0
3216	Q0	711456#0	1
3216	Q0	1667820#0	0
3216	Q0	1311429#1	0
3216	Q0	1075766#1	0
3216	Q0	1075766#5	0
3216	Q0	574988#7	0
3216	Q0	510795#1	0
3216	Q0	1250960#1	0
3216	Q0	1849946#0	0
3216	Q0	3827150#1	0
3217	Q0	2767627#0	1
3217	Q0	30487#2	1
3217	Q0	30487#1	1
3217	Q0	30487#0	1
3217	Q0	2565328#2	0
3217	Q0	768656#1	0
3217	Q0	30497#0	0
3217	Q0	30487#4	0
3217	Q0	2840996#1	0
3217	Q0	2767627#1	0
3218	Q0	3611913#3	1
3218	Q0	3611913#5	0
3218	Q0	3611913#1	0
3218	Q0	3611913#7	0
3218	Q0	500406#42	0
3218	Q0	2805719#2	0
3218	Q0	3611913#4	0
3218	Q0	2811805#0	0
3218	Q0	3611913#6	0
3218	Q0	2760801#3	0
3218	Q0	2819184#6	0
3219	Q0	17488#1	1
3219	Q0	17488#2	0
3219	Q0	17488#4	0
3219	Q0	3665123#7	0
3219	Q0	17488#5	0
3219	Q0	652637#2	0
3219	Q0	8012#10	0
3219	Q0	3607227#4	0
3219	Q0	275216#5	0
3219	Q0	1247884#9	0
3221	Q0	2235501#2	1
3221	Q0	2071#6	1
3221	Q0	2071#22	0
3221	Q0	2071#8	0
3221	Q0	2071#5	0
3221	Q0	2071#12	0
3221	Q0	1768367#0	0
3221	Q0	3682892#2	0
3221	Q0	2071#21	0
3221	Q0	2071#11	0
3222	Q0	32912#4	1
3222	Q0	32898#10	1
3222	Q0	32912#0	1
3222	Q0	626463#4	0
3222	Q0	32912#19	0
3222	Q0	32912#21	0
3222	Q0	32912#17	0
3222	Q0	1068762#61	0
3222	Q0	32912#18	0
3222	Q0	419399#3	0
3222	Q0	32912#25	0
3222	Q0	32912#13	0
3224	Q0	1938888#0	1
3224	Q0	1991960#5	1
3224	Q0	1991960#3	1
3224	Q0	13546#5	1
3224	Q0	1938888#2	0
3224	Q0	1938888#1	0
3224	Q0	1991960#4	0
3224	Q0	1991960#7	0
3224	Q0	6972#0	0
3224	Q0	1390707#9	0
3225	Q0	12437#1	1
3225	Q0	12437#0	1
3225	Q0	137651#66	0
3225	Q0	12437#11	0
3225	Q0	2441540#0	0
3225	Q0	12437#13	0
3225	Q0	137651#10	0
3225	Q0	1145122#2	0
3225	Q0	137651#2	0
3225	Q0	3142320#0	0
3226	Q0	1388071#5	1
3226	Q0	7212#4	0
3226	Q0	1388071#14	0
3226	Q0	1154927#2	0
3226	Q0	1388071#18	0
3226	Q0	774362#15	0
3226	Q0	7171#16	0
3226	Q0	7212#28	0
3226	Q0	1388071#15	0
3226	Q0	1388071#16	0
3227	Q0	6157#0	1
3227	Q0	6157#2	1
3227	Q0	22406#0	0
3227	Q0	6157#5	0
3227	Q0	6157#4	0
3227	Q0	6157#1	0
3227	Q0	322191#0	0
3227	Q0	19536#4	0
3227	Q0	130863#0	0
3227	Q0	1542177#0	0
3229	Q0	2984493#2	1
3229	Q0	2984493#0	1
3229	Q0	2984493#29	0
3229	Q0	2984493#1	0
3229	Q0	3422703#1	0
3229	Q0	2984493#23	0
3229	Q0	2984493#24	0
3229	Q0	1812366#1	0
3229	Q0	1464655#1	0
3229	Q0	2818421#1	0
3231	Q0	262667#6	1
3231	Q0	2129204#0	1
3231	Q0	3627995#38	0
3231	Q0	3627995#24	0
3231	Q0	2126374#2	0
3231	Q0	3627995#3	0
3231	Q0	1751839#0	0
3231	Q0	3314700#4	0
3231	Q0	2266827#4	0
3231	Q0	2901464#2	0
3231	Q0	33184#30	0
3233	Q0	3268015#6	1
3233	Q0	3268015#28	0
3233	Q0	3268015#13	0
3233	Q0	3268015#29	0
3233	Q0	3268015#20	0
3233	Q0	3268015#27	0
3233	Q0	3268015#12	0
3233	Q0	3268015#4	0
3233	Q0	1368304#22	0
3233	Q0	785067#1	0
3233	Q0	90585#3	0
3235	Q0	1698859#0	1
3235	Q0	451963#0	0
3235	Q0	510465#5	0
3235	Q0	1698859#51	0
3235	Q0	127229#13	0
3235	Q0	1128071#0	0
3235	Q0	1698859#19	0
3235	Q0	3800443#3	0
3235	Q0	195528#3	0
3235	Q0	451963#29	0
3236	Q0	1192775#2	1
3236	Q0	1658302#8	1
3236	Q0	18508#28	1
3236	Q0	2423209#0	1
3236	Q0	2570459#17	0
3236	Q0	185163#10	0
3236	Q0	1312990#5	0
3236	Q0	2354874#16	0
3236	Q0	3606135#4	0
3236	Q0	2314334#5	0
3236	Q0	1658302#9	0
3237	Q0	1081750#2	1
3237	Q0	661453#7	1
3237	Q0	44244#0	1
3237	Q0	661453#0	1
3237	Q0	44244#24	0
3237	Q0	156717#17	0
3237	Q0	1142#31	0
3237	Q0	156717#19	0
3237	Q0	44244#18	0
3237	Q0	1323896#19	0
3237	Q0	21175#8	0
3238	Q0	1031864#1	1
3238	Q0	1031864#0	0
3238	Q0	1031864#66	0
3238	Q0	1031864#54	0
3238	Q0	1031864#3	0
3238	Q0	1031864#60	0
3238	Q0	1031864#49	0
3238	Q0	1031864#70	0
3238	Q0	1031864#48	0
3238	Q0	1031864#67	0
3239	Q0	325542#16	1
3239	Q0	325542#141	0
3239	Q0	325542#109	0
3239	Q0	325542#108	0
3239	Q0	325542#0	0
3239	Q0	325542#119	0
3239	Q0	325542#27	0
3239	Q0	325542#13	0
3239	Q0	325542#82	0
3239	Q0	325542#110	0
3239	Q0	325542#134	0
3240	Q0	2973668#0	1
3240	Q0	2973668#1	0
3240	Q0	2973668#3	0
3240	Q0	2465585#1	0
3240	Q0	3766532#1	0
3240	Q0	1689971#1	0
3240	Q0	3702870#1	0
3240	Q0	3003875#4	0
3240	Q0	3153485#4	0
3240	Q0	3028220#1	0
3241	Q0	2121#7	1
3241	Q0	2121#11	1
3241	Q0	2121#2	1
3241	Q0	636294#11	1
3241	Q0	2121#0	1
3241	Q0	1877301#87	0
3241	Q0	272962#58	0
3241	Q0	535833#14	0
3241	Q0	2121#12	0
3241	Q0	2121#10	0
3241	Q0	535833#16	0
3242	Q0	9856#16	1
3242	Q0	282862#16	1
3242	Q0	9856#17	0
3242	Q0	9856#15	0
3242	Q0	186306#66	0
3242	Q0	597079#15	0
3242	Q0	254185#35	0
3242	Q0	45767#10	0
3242	Q0	202395#2	0
3242	Q0	282862#29	0
3242	Q0	282862#63	0
3242	Q0	282862#25	0
3242	Q0	282862#27	0
3242	Q0	282862#33	0
3243	Q0	2722233#0	1
3243	Q0	2581698#1	0
3243	Q0	2722233#8	0
3243	Q0	402630#9	0
3243	Q0	2722233#1	0
3243	Q0	2722233#7	0
3243	Q0	2722233#2	0
3243	Q0	1278545#1	0
3243	Q0	1858424#9	0
3243	Q0	2252110#1	0
3244	Q0	1163452#29	1
3244	Q0	54054#3	1
3244	Q0	54054#11	0
3244	Q0	54054#12	0
3244	Q0	3274855#2	0
3244	Q0	2906115#5	0
3244	Q0	2024030#9	0
3244	Q0	4683#46	0
3244	Q0	54054#0	0
3244	Q0	77336#24	0
3244	Q0	311435#6	0
3244	Q0	54054#17	0
3244	Q0	54054#16	0
3246	Q0	544666#4	1
3246	Q0	120323#3	0
3246	Q0	924149#3	0
3246	Q0	88091#4	0
3246	Q0	960856#3	0
3246	Q0	958758#7	0
3246	Q0	1085119#1	0
3246	Q0	2460204#17	0
3246	Q0	267403#17	0
3246	Q0	11706#31	0
3246	Q0	11706#0	0
3246	Q0	11706#1	0
3248	Q0	1427691#1	1
3248	Q0	1427691#0	0
3248	Q0	1427691#20	0
3248	Q0	1427691#5	0
3248	Q0	1427691#2	0
3248	Q0	1427691#15	0
3248	Q0	1781299#0	0
3248	Q0	1427691#12	0
3248	Q0	1427691#13	0
3248	Q0	3860780#6	0
3248	Q0	1427691#6	0
3249	Q0	194041#1	1
3249	Q0	2889212#4	0
3249	Q0	414490#2	0
3249	Q0	1525377#3	0
3249	Q0	1343153#5	0
3249	Q0	107187#3	0
3249	Q0	459439#72	0
3249	Q0	3543641#0	0
3249	Q0	3339815#33	0
3249	Q0	1076667#1	0
3250	Q0	1639#1	1
3250	Q0	1639#8	0
3250	Q0	1639#4	0
3250	Q0	13190#29	0
3250	Q0	40664#7	0
3250	Q0	29611#2	0
3250	Q0	551641#1	0
3250	Q0	655728#2	0
3250	Q0	43699#1	0
3250	Q0	2607863#1	0
3250	Q0	655728#1	0
3251	Q0	1074744#8	1
3251	Q0	1074744#3	1
3251	Q0	1074744#4	1
3251	Q0	1074744#0	0
3251	Q0	1074744#2	0
3251	Q0	3791849#0	0
3251	Q0	1074744#9	0
3251	Q0	635368#12	0
3251	Q0	1074744#5	0
3251	Q0	1512255#1	0
3252	Q0	2628972#0	1
3252	Q0	10078#0	1
3252	Q0	10078#6	0
3252	Q0	10078#3	0
3252	Q0	10078#53	0
3252	Q0	154840#2	0
3252	Q0	2778581#14	0
3252	Q0	10078#74	0
3252	Q0	666347#7	0
3252	Q0	193699#2	0
3254	Q0	90734#1	1
3254	Q0	90734#20	0
3254	Q0	90734#0	0
3254	Q0	90734#33	0
3254	Q0	3087488#1	0
3254	Q0	90734#34	0
3254	Q0	344188#8	0
3254	Q0	490296#31	0
3254	Q0	90734#23	0
3254	Q0	2142047#58	0
3255	Q0	264801#1	1
3255	Q0	264801#0	1
3255	Q0	3801266#71	1
3255	Q0	447561#18	1
3255	Q0	121837#71	1
3255	Q0	2741#114	1
3255	Q0	139299#12	1
3255	Q0	198146#40	1
3255	Q0	27449#44	0
3255	Q0	27449#4	0
3258	Q0	1670539#0	1
3258	Q0	1270168#0	0
3258	Q0	3442614#1	0
3258	Q0	2444902#1	0
3258	Q0	3246724#1	0
3258	Q0	1670539#1	0
3258	Q0	578625#2	0
3258	Q0	1608849#13	0
3258	Q0	72179#8	0
3258	Q0	3423134#0	0
3260	Q0	2254796#2	1
3260	Q0	2254796#0	1
3260	Q0	2254796#4	0
3260	Q0	2254796#25	0
3260	Q0	2266272#0	0
3260	Q0	2254796#27	0
3260	Q0	2955239#1	0
3260	Q0	2254796#26	0
3260	Q0	2254796#5	0
3260	Q0	2254796#11	0
3261	Q0	2711917#4	1
3261	Q0	2711917#1	1
3261	Q0	2711917#10	0
3261	Q0	236265#3	0
3261	Q0	1227761#1	0
3261	Q0	996932#48	0
3261	Q0	1369533#15	0
3261	Q0	2162387#1	0
3261	Q0	372885#1	0
3261	Q0	285986#18	0
3262	Q0	1125469#12	1
3262	Q0	3868#2	1
3262	Q0	3868#1	1
3262	Q0	8619#5	0
3262	Q0	1447370#5	0
3262	Q0	2768686#3	0
3262	Q0	818418#25	0
3262	Q0	426123#1	0
3262	Q0	20260#4	0
3262	Q0	29002#21	0
3262	Q0	3868#11	0
3262	Q0	3868#0	0
3263	Q0	449885#20	1
3263	Q0	32#2	1
3263	Q0	1985467#0	1
3263	Q0	641713#13	0
3263	Q0	12475#7	0
3263	Q0	2963215#2	0
3263	Q0	346577#104	0
3263	Q0	1698878#1	0
3263	Q0	1698872#85	0
3263	Q0	1435941#178	0
3266	Q0	23826#1	1
3266	Q0	23826#0	1
3266	Q0	3010183#4	1
3266	Q0	1228704#44	1
3266	Q0	1228704#4	1
3266	Q0	24509#15	1
3266	Q0	2749712#10	1
3266	Q0	23826#2	0
3266	Q0	17068#11	0
3266	Q0	23826#3	0
3267	Q0	790865#0	1
3267	Q0	835427#0	0
3267	Q0	790865#20	0
3267	Q0	708125#1	0
3267	Q0	800583#0	0
3267	Q0	685115#4	0
3267	Q0	48#16	0
3267	Q0	2679354#0	0
3267	Q0	648922#9	0
3267	Q0	48#9	0
3268	Q0	264801#1	1
3268	Q0	264801#0	1
3268	Q0	3801266#71	1
3268	Q0	447561#18	1
3268	Q0	139299#12	1
3268	Q0	121837#71	1
3268	Q0	2741#114	1
3268	Q0	198146#40	1
3268	Q0	27449#44	0
3268	Q0	27449#4	0
3269	Q0	3309254#1	1
3269	Q0	651762#1	1
3269	Q0	830955#2	0
3269	Q0	301259#4	0
3269	Q0	205991#5	0
3269	Q0	226504#1	0
3269	Q0	656966#4	0
3269	Q0	1228#12	0
3269	Q0	3836036#2	0
3269	Q0	1999658#2	0
3270	Q0	849965#18	1
3270	Q0	94063#9	1
3270	Q0	849965#5	1
3270	Q0	387602#1	0
3270	Q0	717123#4	0
3270	Q0	3229900#8	0
3270	Q0	94063#7	0
3270	Q0	493#51	0
3270	Q0	849965#19	0
3270	Q0	553223#6	0
3272	Q0	305091#22	1
3272	Q0	14067#8	1
3272	Q0	3503032#3	1
3272	Q0	14067#5	1
3272	Q0	20194#8	1
3272	Q0	93919#69	1
3272	Q0	103836#2	1
3272	Q0	3503032#2	0
3272	Q0	3503032#5	0
3272	Q0	14067#4	0
3273	Q0	1889745#0	1
3273	Q0	2917901#2	1
3273	Q0	1889745#3	0
3273	Q0	1889745#14	0
3273	Q0	2593589#98	0
3273	Q0	72527#202	0
3273	Q0	121332#36	0
3273	Q0	1889085#221	0
3273	Q0	1889085#150	0
3273	Q0	1102160#5	0
3274	Q0	52001#1	1
3274	Q0	52001#0	1
3274	Q0	52001#65	0
3274	Q0	52001#5	0
3274	Q0	52001#47	0
3274	Q0	52001#9	0
3274	Q0	52001#2	0
3274	Q0	52001#10	0
3274	Q0	457408#1	0
3274	Q0	52001#7	0
3275	Q0	287395#10	1
3275	Q0	3838649#20	0
3275	Q0	287395#14	0
3275	Q0	2594660#1	0
3275	Q0	3391998#6	0
3275	Q0	287395#13	0
3275	Q0	3392142#16	0
3275	Q0	3420059#11	0
3275	Q0	3420059#0	0
3275	Q0	3412390#0	0
3275	Q0	3412457#0	0
3276	Q0	709930#2	1
3276	Q0	707783#3	1
3276	Q0	337150#17	1
3276	Q0	818144#2	1
3276	Q0	25665#1	1
3276	Q0	112444#2	1
3276	Q0	2458968#0	0
3276	Q0	97028#3	0
3276	Q0	3487666#0	0
3276	Q0	2458968#5	0
3276	Q0	1229998#0	0
3277	Q0	81692#8	1
3277	Q0	81692#14	0
3277	Q0	81692#10	0
3277	Q0	81695#27	0
3277	Q0	81692#15	0
3277	Q0	81707#10	0
3277	Q0	81695#39	0
3277	Q0	81692#2	0
3277	Q0	35118#1	0
3277	Q0	1698846#46	0
3279	Q0	210694#2	1
3279	Q0	526403#2	0
3279	Q0	210694#4	0
3279	Q0	3448845#3	0
3279	Q0	393897#1	0
3279	Q0	210694#17	0
3279	Q0	210694#7	0
3279	Q0	6468#29	0
3279	Q0	210694#0	0
3279	Q0	1187529#1	0
3280	Q0	2253879#2	1
3280	Q0	2602974#0	1
3280	Q0	2253879#6	0
3280	Q0	5331#17	0
3280	Q0	2253879#3	0
3280	Q0	2253879#4	0
3280	Q0	2253879#17	0
3280	Q0	2253879#8	0
3280	Q0	2253879#13	0
3280	Q0	2828541#1	0
3280	Q0	609292#4	0
3281	Q0	8205#6	1
3281	Q0	47312#3	0
3281	Q0	47312#6	0
3281	Q0	2294825#2	0
3281	Q0	23903#8	0
3281	Q0	8205#26	0
3281	Q0	8205#8	0
3281	Q0	8205#27	0
3281	Q0	2016#30	0
3281	Q0	2260641#27	0
3281	Q0	403692#1	0
3283	Q0	861241#6	1
3283	Q0	3248515#7	1
3283	Q0	3887023#30	1
3283	Q0	20233#5	1
3283	Q0	1816050#4	1
3283	Q0	3578719#1	1
3283	Q0	1816050#6	0
3283	Q0	196652#4	0
3283	Q0	20233#4	0
3283	Q0	1816050#1	0
3284	Q0	2833882#3	1
3284	Q0	52999#2	1
3284	Q0	2833882#1	0
3284	Q0	3691014#3	0
3284	Q0	3673473#0	0
3284	Q0	3282406#24	0
3284	Q0	2877392#5	0
3284	Q0	2833882#0	0
3284	Q0	2833882#7	0
3284	Q0	3673473#10	0
3286	Q0	1375908#0	1
3286	Q0	1269315#0	1
3286	Q0	1766096#13	0
3286	Q0	1766096#0	0
3286	Q0	432086#0	0
3286	Q0	1246723#0	0
3286	Q0	1766096#2	0
3286	Q0	1954615#0	0
3286	Q0	600936#0	0
3286	Q0	2970236#2	0
3287	Q0	2328979#0	1
3287	Q0	2328979#1	0
3287	Q0	303233#2	0
3287	Q0	394481#0	0
3287	Q0	569818#1	0
3287	Q0	3347681#1	0
3287	Q0	213710#1	0
3287	Q0	921073#0	0
3287	Q0	921073#1	0
3287	Q0	3220434#0	0
3288	Q0	25380#7	1
3288	Q0	795528#5	1
3288	Q0	795528#0	1
3288	Q0	8941#10	1
3288	Q0	3130843#0	0
3288	Q0	795528#3	0
3288	Q0	3730584#0	0
3288	Q0	25171#3	0
3288	Q0	25171#2	0
3288	Q0	3130843#6	0
3289	Q0	1959991#9	1
3289	Q0	1959991#26	0
3289	Q0	1959991#19	0
3289	Q0	1959991#0	0
3289	Q0	1959991#32	0
3289	Q0	1959991#33	0
3289	Q0	1959991#23	0
3289	Q0	1959991#14	0
3289	Q0	1959991#37	0
3289	Q0	1959991#28	0
3291	Q0	2058600#0	1
3291	Q0	2058600#2	1
3291	Q0	2058600#18	0
3291	Q0	2058600#7	0
3291	Q0	2058600#15	0
3291	Q0	2058600#13	0
3291	Q0	2058600#8	0
3291	Q0	2058600#4	0
3291	Q0	2058600#16	0
3291	Q0	2058600#12	0
3292	Q0	208176#0	1
3292	Q0	208176#4	0
3292	Q0	208176#8	0
3292	Q0	1742772#1	0
3292	Q0	208176#16	0
3292	Q0	78008#3	0
3292	Q0	53216#4	0
3292	Q0	208176#3	0
3292	Q0	923913#4	0
3292	Q0	3192991#1	0
3293	Q0	154854#0	1
3293	Q0	154854#1	0
3293	Q0	89097#1	0
3293	Q0	2774325#1	0
3293	Q0	328733#0	0
3293	Q0	55141#1	0
3293	Q0	3416037#1	0
3293	Q0	2683895#3	0
3293	Q0	2616169#1	0
3293	Q0	3871501#1	0
3294	Q0	3229735#7	1
3294	Q0	2330494#3	1
3294	Q0	2330494#12	0
3294	Q0	2330494#1	0
3294	Q0	2330494#11	0
3294	Q0	2330494#14	0
3294	Q0	2330494#0	0
3294	Q0	2330494#10	0
3294	Q0	2330494#5	0
3294	Q0	2330494#4	0
3295	Q0	6670#4	1
3295	Q0	809915#4	0
3295	Q0	37018#8	0
3295	Q0	1288334#8	0
3295	Q0	1309530#2	0
3295	Q0	3101420#6	0
3295	Q0	1309530#5	0
3295	Q0	1309530#7	0
3295	Q0	3691744#0	0
3295	Q0	1309530#9	0
3295	Q0	2830995#8	0
3296	Q0	673081#7	1
3296	Q0	17148#3	1
3296	Q0	527438#0	0
3296	Q0	490341#4	0
3296	Q0	2553084#0	0
3296	Q0	645787#3	0
3296	Q0	1435965#15	0
3296	Q0	2395#8	0
3296	Q0	1176047#0	0
3296	Q0	376517#0	0
3297	Q0	1717467#3	1
3297	Q0	1254247#2	0
3297	Q0	2159998#6	0
3297	Q0	1717467#6	0
3297	Q0	2063250#0	0
3297	Q0	1180521#3	0
3297	Q0	544624#0	0
3297	Q0	3296762#2	0
3297	Q0	1717467#10	0
3297	Q0	3212985#1	0
3297	Q0	1354911#30	0
3298	Q0	2832959#0	1
3298	Q0	2832959#9	0
3298	Q0	1752855#12	0
3298	Q0	2609637#9	0
3298	Q0	2988977#36	0
3298	Q0	1659099#18	0
3298	Q0	2988977#34	0
3298	Q0	2926194#8	0
3298	Q0	577#92	0
3298	Q0	1658372#25	0
3299	Q0	603184#0	1
3299	Q0	326530#4	0
3299	Q0	603184#21	0
3299	Q0	1347061#3	0
3299	Q0	338820#2	0
3299	Q0	1568438#1	0
3299	Q0	3878288#3	0
3299	Q0	1103059#1	0
3299	Q0	520777#5	0
3299	Q0	1021087#1	0
3299	Q0	603184#3	0
3300	Q0	1747108#11	1
3300	Q0	1747108#2	1
3300	Q0	17388#7	1
3300	Q0	1666384#4	1
3300	Q0	3349482#0	1
3300	Q0	1602477#25	0
3300	Q0	2422817#2	0
3300	Q0	3349482#3	0
3300	Q0	1747108#6	0
3300	Q0	1747108#0	0
3301	Q0	2660642#0	1
3301	Q0	1342391#2	1
3301	Q0	3052214#8	0
3301	Q0	1342391#0	0
3301	Q0	1342391#10	0
3301	Q0	3052214#4	0
3301	Q0	3052214#9	0
3301	Q0	1342391#34	0
3301	Q0	2490714#1	0
3301	Q0	1342391#33	0
3302	Q0	32100#0	1
3302	Q0	32100#3	0
3302	Q0	1524834#0	0
3302	Q0	32101#2	0
3302	Q0	2658461#1	0
3302	Q0	14043#24	0
3302	Q0	31400#1	0
3302	Q0	3764856#1	0
3302	Q0	1689688#0	0
3302	Q0	1242700#13	0
3303	Q0	2625259#1	1
3303	Q0	2625259#3	1
3303	Q0	2625259#2	0
3303	Q0	2625259#0	0
3303	Q0	2625259#8	0
3303	Q0	2625259#17	0
3303	Q0	2625259#31	0
3303	Q0	2625259#4	0
3303	Q0	2625259#36	0
3303	Q0	2625259#35	0
3304	Q0	1976222#68	1
3304	Q0	1976222#0	0
3304	Q0	35219#96	0
3304	Q0	35219#82	0
3304	Q0	1976222#54	0
3304	Q0	1976222#70	0
3304	Q0	2384438#3	0
3304	Q0	1976222#9	0
3304	Q0	3708571#0	0
3304	Q0	1976222#24	0
3305	Q0	1830659#24	1
3305	Q0	140098#1	1
3305	Q0	2939168#80	1
3305	Q0	51605#2	1
3305	Q0	51605#6	0
3305	Q0	541623#4	0
3305	Q0	1780667#1	0
3305	Q0	996#10	0
3305	Q0	140098#7	0
3305	Q0	1278146#76	0
3305	Q0	51605#4	0
3306	Q0	1651834#0	1
3306	Q0	704414#1	0
3306	Q0	1651834#1	0
3306	Q0	400184#2	0
3306	Q0	5409#5	0
3306	Q0	608296#1	0
3306	Q0	1911482#1	0
3306	Q0	424208#1	0
3306	Q0	3292012#2	0
3306	Q0	23902#9	0
3307	Q0	1951349#0	1
3307	Q0	1951349#2	0
3307	Q0	1951349#4	0
3307	Q0	1951349#9	0
3307	Q0	1951349#18	0
3307	Q0	1951349#21	0
3307	Q0	1951349#6	0
3307	Q0	1951349#24	0
3307	Q0	1951349#5	0
3307	Q0	1951349#20	0
3308	Q0	28252#0	1
3308	Q0	28252#31	1
3308	Q0	135002#0	1
3308	Q0	28252#32	0
3308	Q0	569644#1	0
3308	Q0	8596#22	0
3308	Q0	569644#0	0
3308	Q0	2165031#2	0
3308	Q0	6970#12	0
3308	Q0	1147822#0	0
3309	Q0	80243#0	1
3309	Q0	16054#4	0
3309	Q0	80243#35	0
3309	Q0	717628#0	0
3309	Q0	80243#36	0
3309	Q0	361141#0	0
3309	Q0	2687750#2	0
3309	Q0	13570#0	0
3309	Q0	16044#1	0
3309	Q0	16044#4	0
3311	Q0	983060#0	1
3311	Q0	983060#1	1
3311	Q0	3692547#4	0
3311	Q0	512651#1	0
3311	Q0	617739#1	0
3311	Q0	2826878#2	0
3311	Q0	2784235#1	0
3311	Q0	2678509#1	0
3311	Q0	644425#3	0
3311	Q0	3184860#1	0
3312	Q0	157605#2	1
3312	Q0	2920156#3	1
3312	Q0	3271408#2	1
3312	Q0	16981#24	1
3312	Q0	157605#4	0
3312	Q0	2869548#1	0
3312	Q0	1868341#10	0
3312	Q0	23675#13	0
3312	Q0	684682#2	0
3312	Q0	16981#20	0
3313	Q0	344176#44	1
3313	Q0	344215#7	0
3313	Q0	344176#0	0
3313	Q0	344176#89	0
3313	Q0	344149#0	0
3313	Q0	344176#7	0
3313	Q0	344176#57	0
3313	Q0	43257#25	0
3313	Q0	344176#81	0
3313	Q0	2621947#12	0
3317	Q0	14175#17	1
3317	Q0	14175#13	1
3317	Q0	2167790#0	1
3317	Q0	2167790#1	1
3317	Q0	95964#0	0
3317	Q0	1435941#152	0
3317	Q0	3835454#0	0
3317	Q0	1098414#0	0
3317	Q0	1298909#5	0
3317	Q0	7723#17	0
3317	Q0	6748#15	0
3317	Q0	1908645#0	0
3318	Q0	1814298#9	1
3318	Q0	1814298#10	0
3318	Q0	1814298#0	0
3318	Q0	1814298#22	0
3318	Q0	1814298#20	0
3318	Q0	1814298#45	0
3318	Q0	1814298#31	0
3318	Q0	1814298#27	0
3318	Q0	1814298#32	0
3318	Q0	1814298#1	0
3318	Q0	1814298#2	0
3319	Q0	102056#21	1
3319	Q0	102056#0	0
3319	Q0	102056#12	0
3319	Q0	102056#28	0
3319	Q0	102056#5	0
3319	Q0	102056#1	0
3319	Q0	2882#52	0
3319	Q0	102056#2	0
3319	Q0	102056#10	0
3319	Q0	102056#13	0
3320	Q0	2839196#1	1
3320	Q0	2809687#0	1
3320	Q0	3481817#0	1
3320	Q0	2809687#11	0
3320	Q0	2809687#14	0
3320	Q0	2865616#14	0
3320	Q0	3633160#0	0
3320	Q0	3250676#0	0
3320	Q0	3443454#0	0
3320	Q0	3473534#0	0
3321	Q0	2811207#6	1
3321	Q0	2811207#0	0
3321	Q0	2811207#3	0
3321	Q0	2811207#48	0
3321	Q0	2811207#1	0
3321	Q0	2811207#7	0
3321	Q0	2811207#2	0
3321	Q0	2811207#5	0
3321	Q0	1028253#0	0
3321	Q0	3034165#5	0
3322	Q0	1452264#11	1
3322	Q0	1452264#14	0
3322	Q0	1452264#18	0
3322	Q0	1452264#12	0
3322	Q0	1356008#6	0
3322	Q0	1452264#21	0
3322	Q0	1566875#10	0
3322	Q0	2709640#4	0
3322	Q0	7078#11	0
3322	Q0	23236#30	0
3323	Q0	1969138#0	1
3323	Q0	3340675#19	1
3323	Q0	3340675#21	1
3323	Q0	3269180#28	1
3323	Q0	1285126#39	0
3323	Q0	407626#0	0
3323	Q0	1151349#29	0
3323	Q0	3318058#14	0
3323	Q0	3299140#22	0
3323	Q0	1925236#46	0
3324	Q0	2887246#3	1
3324	Q0	20491#10	1
3324	Q0	1594772#8	0
3324	Q0	196683#3	0
3324	Q0	196683#5	0
3324	Q0	2950159#0	0
3324	Q0	2641665#0	0
3324	Q0	2642275#0	0
3324	Q0	2641918#0	0
3324	Q0	2642069#0	0
3324	Q0	2950451#0	0
3325	Q0	1211771#0	1
3325	Q0	1211771#1	1
3325	Q0	2761456#11	0
3325	Q0	2761456#4	0
3325	Q0	1211771#18	0
3325	Q0	2761456#5	0
3325	Q0	1211771#3	0
3325	Q0	1211771#12	0
3325	Q0	1211771#20	0
3325	Q0	1609437#0	0
3328	Q0	8642#26	1
3328	Q0	357803#25	1
3328	Q0	3149047#22	1
3328	Q0	116423#26	0
3328	Q0	8642#21	0
3328	Q0	1773374#2	0
3328	Q0	116423#4	0
3328	Q0	357803#23	0
3328	Q0	1773374#1	0
3328	Q0	2915#21	0
3328	Q0	357803#32	0
3328	Q0	357803#21	0
3330	Q0	1360097#6	1
3330	Q0	114715#2	0
3330	Q0	40261#0	0
3330	Q0	2271909#2	0
3330	Q0	562217#20	0
3330	Q0	3484619#1	0
3330	Q0	785572#3	0
3330	Q0	30784#18	0
3330	Q0	3763799#1	0
3330	Q0	122523#0	0
3330	Q0	1760952#6	0
3331	Q0	1812761#4	1
3331	Q0	1812761#0	0
3331	Q0	1812761#7	0
3331	Q0	1812761#6	0
3331	Q0	1812761#68	0
3331	Q0	1812761#50	0
3331	Q0	1812761#70	0
3331	Q0	1812761#18	0
3331	Q0	1812761#9	0
3331	Q0	1812761#5	0
3333	Q0	2976479#3	1
3333	Q0	2976479#0	1
3333	Q0	2976479#5	0
3333	Q0	2976479#4	0
3333	Q0	2976479#19	0
3333	Q0	2976479#14	0
3333	Q0	2976479#12	0
3333	Q0	2976479#18	0
3333	Q0	2976479#15	0
3333	Q0	2976479#7	0
3334	Q0	1496156#0	1
3334	Q0	2678540#11	0
3334	Q0	3524376#0	0
3334	Q0	3285244#0	0
3334	Q0	1993488#0	0
3334	Q0	110555#19	0
3334	Q0	1496156#41	0
3334	Q0	2001611#20	0
3334	Q0	2814614#11	0
3334	Q0	249480#17	0
3334	Q0	923421#25	0
3335	Q0	143996#0	1
3335	Q0	907180#44	0
3335	Q0	3714680#0	0
3335	Q0	907180#45	0
3335	Q0	3768798#0	0
3335	Q0	1828756#3	0
3335	Q0	55983#33	0
3335	Q0	1828756#20	0
3335	Q0	1828756#4	0
3335	Q0	83891#0	0
3336	Q0	58814#0	1
3336	Q0	754637#1	1
3336	Q0	1935817#0	1
3336	Q0	420574#0	1
3336	Q0	2098940#16	1
3336	Q0	5040#74	0
3336	Q0	152393#1	0
3336	Q0	58814#41	0
3336	Q0	3356192#20	0
3336	Q0	65008#0	0
3337	Q0	29047#0	1
3337	Q0	20835#0	0
3337	Q0	6807#49	0
3337	Q0	20865#0	0
3337	Q0	23032#0	0
3337	Q0	878425#0	0
3337	Q0	845874#19	0
3337	Q0	11494#0	0
3337	Q0	152540#0	0
3337	Q0	11494#2	0
3337	Q0	143986#0	0
3340	Q0	135856#0	1
3340	Q0	161653#0	1
3340	Q0	90033#0	0
3340	Q0	37029#1	0
3340	Q0	101379#0	0
3340	Q0	27551#4	0
3340	Q0	135856#1	0
3340	Q0	319046#12	0
3340	Q0	384990#8	0
3340	Q0	2612952#18	0
3342	Q0	486097#11	1
3342	Q0	318864#0	0
3342	Q0	2156261#38	0
3342	Q0	1238912#6	0
3342	Q0	3398037#7	0
3342	Q0	2015025#13	0
3342	Q0	56556#18	0
3342	Q0	3776452#22	0
3342	Q0	3776451#3	0
3342	Q0	1546366#7	0
3343	Q0	6367#9	1
3343	Q0	457688#3	1
3343	Q0	92543#2	0
3343	Q0	492834#1	0
3343	Q0	1698859#81	0
3343	Q0	92543#0	0
3343	Q0	34093#17	0
3343	Q0	2500245#6	0
3343	Q0	3277593#0	0
3343	Q0	538563#1	0
3345	Q0	14426#4	1
3345	Q0	2237#31	1
3345	Q0	1875888#2	1
3345	Q0	8858#30	1
3345	Q0	2727634#7	0
3345	Q0	111367#25	0
3345	Q0	83527#11	0
3345	Q0	14426#17	0
3345	Q0	2572550#72	0
3345	Q0	14426#14	0
3346	Q0	214246#2	1
3346	Q0	1616832#1	1
3346	Q0	3040044#1	0
3346	Q0	214246#3	0
3346	Q0	3586589#9	0
3346	Q0	1552328#3	0
3346	Q0	3634106#12	0
3346	Q0	282267#4	0
3346	Q0	10090#5	0
3346	Q0	364811#1	0
3348	Q0	166687#0	1
3348	Q0	166687#1	1
3348	Q0	213430#1	0
3348	Q0	43835#11	0
3348	Q0	501564#0	0
3348	Q0	501564#1	0
3348	Q0	3350694#7	0
3348	Q0	3376867#10	0
3348	Q0	2700596#1	0
3348	Q0	3376867#9	0
3350	Q0	389213#3	1
3350	Q0	389213#26	0
3350	Q0	3032599#5	0
3350	Q0	273307#7	0
3350	Q0	389213#0	0
3350	Q0	389213#5	0
3350	Q0	389213#18	0
3350	Q0	389213#28	0
3350	Q0	389213#25	0
3350	Q0	389213#11	0
3351	Q0	65083#14	1
3351	Q0	11867#22	0
3351	Q0	104426#4	0
3351	Q0	1269557#5	0
3351	Q0	1848360#2	0
3351	Q0	21257#6	0
3351	Q0	33223#20	0
3351	Q0	33202#10	0
3351	Q0	2868419#9	0
3351	Q0	562677#6	0
3352	Q0	46907#1	1
3352	Q0	3048078#14	0
3352	Q0	46907#0	0
3352	Q0	2811376#0	0
3352	Q0	1282144#21	0
3352	Q0	3288848#14	0
3352	Q0	3143426#2	0
3352	Q0	213873#3	0
3352	Q0	46907#2	0
3352	Q0	453427#2	0
3353	Q0	731353#4	1
3353	Q0	1386574#22	1
3353	Q0	1778637#0	1
3353	Q0	84845#6	1
3353	Q0	2069022#16	0
3353	Q0	731353#0	0
3353	Q0	731353#8	0
3353	Q0	814315#1	0
3353	Q0	1778637#7	0
3353	Q0	1778637#6	0
3355	Q0	28697#1	1
3355	Q0	2561514#9	0
3355	Q0	2561514#1	0
3355	Q0	28697#4	0
3355	Q0	2561514#12	0
3355	Q0	2561514#5	0
3355	Q0	161748#9	0
3355	Q0	28697#7	0
3355	Q0	28697#0	0
3355	Q0	2561514#2	0
3357	Q0	410237#0	1
3357	Q0	1198803#2	0
3357	Q0	3009718#1	0
3357	Q0	2216912#1	0
3357	Q0	2300217#1	0
3357	Q0	1526047#1	0
3357	Q0	2655140#1	0
3357	Q0	3515203#1	0
3357	Q0	2926254#1	0
3357	Q0	2864561#3	0
3359	Q0	76210#1	1
3359	Q0	2690324#2	1
3359	Q0	76210#14	0
3359	Q0	3084965#5	0
3359	Q0	1249801#39	0
3359	Q0	3084946#4	0
3359	Q0	1249801#41	0
3359	Q0	447903#0	0
3359	Q0	76210#12	0
3359	Q0	2914593#49	0
3362	Q0	772544#0	1
3362	Q0	772544#1	0
3362	Q0	136018#1	0
3362	Q0	1017377#1	0
3362	Q0	1320118#1	0
3362	Q0	136018#0	0
3362	Q0	45806#1	0
3362	Q0	3352109#1	0
3362	Q0	3038328#3	0
3362	Q0	1639875#1	0
3363	Q0	1090847#2	1
3363	Q0	1090847#9	0
3363	Q0	1090847#20	0
3363	Q0	1090847#17	0
3363	Q0	1090847#12	0
3363	Q0	408745#2	0
3363	Q0	1090847#16	0
3363	Q0	1090847#19	0
3363	Q0	1090847#0	0
3363	Q0	1090847#7	0
3364	Q0	334168#54	1
3364	Q0	125522#20	1
3364	Q0	3824256#0	1
3364	Q0	3065934#1	1
3364	Q0	334168#39	0
3364	Q0	334168#44	0
3364	Q0	334168#42	0
3364	Q0	334168#46	0
3364	Q0	125522#39	0
3364	Q0	125522#64	0
3364	Q0	334168#9	0
3365	Q0	1901613#0	1
3365	Q0	1901613#1	0
3365	Q0	1901613#10	0
3365	Q0	1901613#25	0
3365	Q0	1901613#13	0
3365	Q0	1901613#6	0
3365	Q0	1901613#11	0
3365	Q0	1901613#31	0
3365	Q0	1901613#9	0
3365	Q0	1901613#2	0
3368	Q0	58431#0	1
3368	Q0	63546#0	1
3368	Q0	64939#0	1
3368	Q0	57292#7	0
3368	Q0	63617#4	0
3368	Q0	63546#10	0
3368	Q0	63546#18	0
3368	Q0	63546#2	0
3368	Q0	63546#7	0
3368	Q0	194279#8	0
3369	Q0	3849806#0	1
3369	Q0	899964#20	1
3369	Q0	3859577#2	1
3369	Q0	3849806#19	0
3369	Q0	3848391#1	0
3369	Q0	3849806#7	0
3369	Q0	3849806#11	0
3369	Q0	3849806#12	0
3369	Q0	3849806#23	0
3369	Q0	3849806#14	0
3370	Q0	9327#3	1
3370	Q0	9764#14	1
3370	Q0	9764#16	1
3370	Q0	9764#11	1
3370	Q0	6202#138	1
3370	Q0	9327#0	1
3370	Q0	1621368#0	0
3370	Q0	2604105#0	0
3370	Q0	9331#8	0
3370	Q0	1598130#5	0
3370	Q0	1621402#0	0
3371	Q0	418199#14	1
3371	Q0	418199#26	1
3371	Q0	1171738#7	1
3371	Q0	181229#10	1
3371	Q0	418199#28	1
3371	Q0	418199#4	0
3371	Q0	2700#57	0
3371	Q0	418199#20	0
3371	Q0	2700#59	0
3371	Q0	181229#14	0
3372	Q0	3877385#0	1
3372	Q0	3877385#8	0
3372	Q0	3877385#10	0
3372	Q0	3877385#3	0
3372	Q0	3877385#6	0
3372	Q0	3877385#26	0
3372	Q0	3877385#24	0
3372	Q0	3877385#25	0
3372	Q0	5741#14	0
3372	Q0	3877385#41	0
3373	Q0	48423#2	1
3373	Q0	464950#31	0
3373	Q0	206548#6	0
3373	Q0	13949#12	0
3373	Q0	146639#5	0
3373	Q0	48423#15	0
3373	Q0	2084256#0	0
3373	Q0	1095860#1	0
3373	Q0	328770#45	0
3373	Q0	2084256#8	0
3373	Q0	8858#35	0
3376	Q0	73111#22	1
3376	Q0	73111#0	0
3376	Q0	2043842#4	0
3376	Q0	73111#15	0
3376	Q0	73111#14	0
3376	Q0	73111#18	0
3376	Q0	73111#20	0
3376	Q0	2028678#6	0
3376	Q0	241699#3	0
3376	Q0	73111#21	0
3377	Q0	2325508#1	1
3377	Q0	27048#5	1
3377	Q0	264452#1	0
3377	Q0	27048#6	0
3377	Q0	27048#7	0
3377	Q0	27048#0	0
3377	Q0	993719#1	0
3377	Q0	27048#17	0
3377	Q0	27048#2	0
3377	Q0	27048#3	0
3378	Q0	2601532#0	1
3378	Q0	47020#3	1
3378	Q0	339418#6	1
3378	Q0	47020#9	1
3378	Q0	47020#0	0
3378	Q0	47020#2	0
3378	Q0	47020#23	0
3378	Q0	2601532#5	0
3378	Q0	47020#11	0
3378	Q0	3463311#0	0
3378	Q0	2601532#19	0
3379	Q0	907259#0	1
3379	Q0	907259#39	0
3379	Q0	907259#36	0
3379	Q0	907259#37	0
3379	Q0	907259#42	0
3379	Q0	907259#32	0
3379	Q0	2960160#0	0
3379	Q0	1272528#39	0
3379	Q0	1255#3	0
3379	Q0	1272528#12	0
3380	Q0	480607#2	1
3380	Q0	3726340#0	0
3380	Q0	480607#26	0
3380	Q0	480607#1	0
3380	Q0	480607#16	0
3380	Q0	480607#0	0
3380	Q0	3726340#1	0
3380	Q0	480607#8	0
3380	Q0	2316075#7	0
3380	Q0	480607#28	0
3381	Q0	2712290#7	1
3381	Q0	3530625#30	1
3381	Q0	3530625#15	1
3381	Q0	3530625#36	0
3381	Q0	3530625#124	0
3381	Q0	3530625#113	0
3381	Q0	3530625#72	0
3381	Q0	3530625#28	0
3381	Q0	3530625#25	0
3381	Q0	3530625#27	0
3381	Q0	967186#0	0
3383	Q0	52819#0	1
3383	Q0	52782#5	0
3383	Q0	52782#63	0
3383	Q0	52819#2	0
3383	Q0	52803#4	0
3383	Q0	52782#0	0
3383	Q0	1260543#2	0
3383	Q0	2920719#1	0
3383	Q0	52782#74	0
3383	Q0	2463720#1	0
3383	Q0	52854#1	0
3384	Q0	122537#0	1
3384	Q0	122537#1	1
3384	Q0	1975900#4	0
3384	Q0	122537#5	0
3384	Q0	3060041#0	0
3384	Q0	313585#1	0
3384	Q0	2778859#2	0
3384	Q0	256037#1	0
3384	Q0	633657#1	0
3384	Q0	888156#0	0
3385	Q0	2592746#0	1
3385	Q0	2592746#4	1
3385	Q0	2592746#1	1
3385	Q0	136191#18	0
3385	Q0	1996839#2	0
3385	Q0	2538209#6	0
3385	Q0	2574474#2	0
3385	Q0	2592746#3	0
3385	Q0	2571839#1	0
3385	Q0	2574474#1	0
3385	Q0	2538259#2	0
3385	Q0	2574234#2	0
3386	Q0	15997#12	1
3386	Q0	2051227#0	1
3386	Q0	15999#2	0
3386	Q0	986973#2	0
3386	Q0	884560#1	0
3386	Q0	1443294#0	0
3386	Q0	15999#3	0
3386	Q0	2218964#6	0
3386	Q0	1732#50	0
3386	Q0	26473#150	0
3386	Q0	46276#12	0
3386	Q0	46276#43	0
3387	Q0	1506751#20	1
3387	Q0	111700#16	1
3387	Q0	2477643#20	1
3387	Q0	1004650#16	0
3387	Q0	2038133#2	0
3387	Q0	23813#1	0
3387	Q0	2038133#7	0
3387	Q0	84339#20	0
3387	Q0	431767#0	0
3387	Q0	3377#30	0
3388	Q0	14576#93	1
3388	Q0	14576#39	0
3388	Q0	14576#42	0
3388	Q0	14576#23	0
3388	Q0	14576#8	0
3388	Q0	14576#41	0
3388	Q0	14576#83	0
3388	Q0	14576#69	0
3388	Q0	14576#81	0
3388	Q0	14576#37	0
3388	Q0	14576#47	0
3388	Q0	14576#6	0
3388	Q0	14576#3	0
3388	Q0	14576#18	0
3388	Q0	14576#20	0
3388	Q0	14576#10	0
3388	Q0	14576#16	0
3388	Q0	14576#12	0
3388	Q0	14576#7	0
3389	Q0	643147#0	1
3389	Q0	4999#0	1
3389	Q0	4999#2	0
3389	Q0	4999#1	0
3389	Q0	15661#24	0
3389	Q0	4999#40	0
3389	Q0	4999#27	0
3389	Q0	4999#46	0
3389	Q0	4999#20	0
3389	Q0	15661#25	0
3390	Q0	2777625#51	1
3390	Q0	174078#9	1
3390	Q0	3190418#0	0
3390	Q0	542229#0	0
3390	Q0	1789174#0	0
3390	Q0	174078#1	0
3390	Q0	174078#3	0
3390	Q0	174078#10	0
3390	Q0	76565#0	0
3390	Q0	3190425#0	0
3391	Q0	1035279#3	1
3391	Q0	1035279#5	0
3391	Q0	1035279#4	0
3391	Q0	1035279#26	0
3391	Q0	1847968#0	0
3391	Q0	1035279#25	0
3391	Q0	1035279#20	0
3391	Q0	1035279#18	0
3391	Q0	1035279#23	0
3391	Q0	1035279#34	0
3392	Q0	117733#1	1
3392	Q0	3747#4	1
3392	Q0	801000#29	1
3392	Q0	20252#0	1
3392	Q0	517695#3	0
3392	Q0	86074#1	0
3392	Q0	3747#57	0
3392	Q0	86074#0	0
3392	Q0	3747#62	0
3392	Q0	17193#1	0
3392	Q0	697096#1	0
3393	Q0	3052007#7	1
3393	Q0	3052007#44	0
3393	Q0	3052007#8	0
3393	Q0	3052007#1	0
3393	Q0	3052007#3	0
3393	Q0	3041461#58	0
3393	Q0	3052007#20	0
3393	Q0	3052007#72	0
3393	Q0	3052007#69	0
3393	Q0	3052007#5	0
3394	Q0	771696#5	1
3394	Q0	2415099#5	0
3394	Q0	2415099#3	0
3394	Q0	2165638#1	0
3394	Q0	771696#0	0
3394	Q0	2030245#2	0
3394	Q0	2030245#3	0
3394	Q0	2165611#1	0
3394	Q0	2165611#3	0
3394	Q0	2677626#2	0
3395	Q0	2129043#4	1
3395	Q0	2129043#0	0
3395	Q0	2129043#5	0
3395	Q0	2129043#9	0
3395	Q0	2129043#24	0
3395	Q0	2129043#7	0
3395	Q0	2129043#2	0
3395	Q0	2129043#16	0
3395	Q0	2129043#27	0
3395	Q0	2129043#36	0
3396	Q0	11650#1	1
3396	Q0	494936#33	1
3396	Q0	1831730#6	0
3396	Q0	11650#64	0
3396	Q0	2156261#1	0
3396	Q0	11650#6	0
3396	Q0	2125483#13	0
3396	Q0	2125483#3	0
3396	Q0	1508#13	0
3396	Q0	11650#36	0
3397	Q0	208043#9	1
3397	Q0	9008#13	0
3397	Q0	208043#23	0
3397	Q0	312249#1	0
3397	Q0	1600792#9	0
3397	Q0	2557767#91	0
3397	Q0	208043#49	0
3397	Q0	451239#31	0
3397	Q0	312249#2	0
3397	Q0	312249#0	0
3397	Q0	2067382#4	0
3400	Q0	3477238#1	1
3400	Q0	3477238#0	0
3400	Q0	3477238#23	0
3400	Q0	3477238#22	0
3400	Q0	3477238#24	0
3400	Q0	3477238#3	0
3400	Q0	3477238#18	0
3400	Q0	3477238#16	0
3400	Q0	3477238#4	0
3400	Q0	3477238#25	0
3401	Q0	1122847#7	1
3401	Q0	3322933#11	1
3401	Q0	3776025#4	1
3401	Q0	688596#0	1
3401	Q0	688596#7	0
3401	Q0	1107291#2	0
3401	Q0	1107291#23	0
3401	Q0	2384357#9	0
3401	Q0	252152#22	0
3401	Q0	3776025#16	0
3401	Q0	3776025#6	0
3402	Q0	2703332#13	1
3402	Q0	2703332#9	0
3402	Q0	2703332#0	0
3402	Q0	2703332#34	0
3402	Q0	2703332#11	0
3402	Q0	2703332#43	0
3402	Q0	2703332#17	0
3402	Q0	2703332#20	0
3402	Q0	2703332#5	0
3402	Q0	2703332#36	0
3402	Q0	2703332#24	0
3402	Q0	2703332#30	0
3402	Q0	2703332#15	0
3402	Q0	2703332#18	0
3402	Q0	2703332#29	0
3402	Q0	2703332#23	0
3402	Q0	2703332#14	0
3403	Q0	3564917#7	1
3403	Q0	4599#66	1
3403	Q0	3564917#9	0
3403	Q0	3564917#10	0
3403	Q0	561261#24	0
3403	Q0	3564917#13	0
3403	Q0	887763#12	0
3403	Q0	1463849#8	0
3403	Q0	66913#3	0
3403	Q0	3581230#1	0
3404	Q0	765071#16	1
3404	Q0	765071#59	0
3404	Q0	1716440#1	0
3404	Q0	3058#12	0
3404	Q0	2724577#1	0
3404	Q0	765071#17	0
3404	Q0	2297135#0	0
3404	Q0	2297135#5	0
3404	Q0	2500948#16	0
3404	Q0	3861421#1	0
3404	Q0	765071#0	0
3407	Q0	14865#0	1
3407	Q0	14865#2	0
3407	Q0	12901#104	0
3407	Q0	95265#1	0
3407	Q0	2824017#12	0
3407	Q0	12901#7	0
3407	Q0	14865#3	0
3407	Q0	1949155#2	0
3407	Q0	2105023#6	0
3407	Q0	448812#1	0
3408	Q0	157966#5	1
3408	Q0	546639#5	1
3408	Q0	546639#11	0
3408	Q0	546639#8	0
3408	Q0	546639#18	0
3408	Q0	2004216#2	0
3408	Q0	1816462#4	0
3408	Q0	546639#9	0
3408	Q0	2718478#48	0
3408	Q0	546639#13	0
3408	Q0	2305314#1	0
3409	Q0	858444#5	1
3409	Q0	286636#1	1
3409	Q0	9620#4	1
3409	Q0	9620#5	1
3409	Q0	3083571#1	0
3409	Q0	1790929#16	0
3409	Q0	2501346#1	0
3409	Q0	1213492#5	0
3409	Q0	1426296#2	0
3409	Q0	1091806#1	0
3409	Q0	3209962#2	0
3409	Q0	941010#0	0
3410	Q0	2511639#0	1
3410	Q0	2511639#1	0
3410	Q0	2670215#2	0
3410	Q0	2511639#13	0
3410	Q0	2511639#8	0
3410	Q0	2511639#7	0
3410	Q0	49191#3	0
3410	Q0	1093#1	0
3410	Q0	2511639#5	0
3410	Q0	2511639#3	0
3411	Q0	1889238#97	1
3411	Q0	2874031#0	1
3411	Q0	2672463#41	1
3411	Q0	2874031#2	1
3411	Q0	2874031#3	0
3411	Q0	1682278#14	0
3411	Q0	2743833#5	0
3411	Q0	1889238#9	0
3411	Q0	142579#9	0
3411	Q0	1889238#78	0
3411	Q0	638008#3	0
3412	Q0	5826#1	1
3412	Q0	1400423#0	0
3412	Q0	174303#77	0
3412	Q0	3380658#0	0
3412	Q0	2808423#4	0
3412	Q0	1300590#0	0
3412	Q0	771154#30	0
3412	Q0	2277654#5	0
3412	Q0	439107#1	0
3412	Q0	490341#4	0
3413	Q0	709780#7	1
3413	Q0	5937#15	1
3413	Q0	5937#0	0
3413	Q0	5937#9	0
3413	Q0	5937#36	0
3413	Q0	5937#31	0
3413	Q0	5937#5	0
3413	Q0	103719#3	0
3413	Q0	299722#1	0
3413	Q0	3465#1	0
3414	Q0	2020012#10	1
3414	Q0	234359#35	1
3414	Q0	336508#8	0
3414	Q0	649180#10	0
3414	Q0	336508#9	0
3414	Q0	2164465#5	0
3414	Q0	2020012#12	0
3414	Q0	1085119#2	0
3414	Q0	1392#2	0
3414	Q0	88091#3	0
3416	Q0	3449616#0	1
3416	Q0	1653167#3	1
3416	Q0	3456087#1	1
3416	Q0	3449616#13	0
3416	Q0	3449616#12	0
3416	Q0	3449616#7	0
3416	Q0	3525459#6	0
3416	Q0	1653167#2	0
3416	Q0	3449616#8	0
3416	Q0	3449616#11	0
3416	Q0	3449616#14	0
3417	Q0	8638#0	1
3417	Q0	127813#1	1
3417	Q0	1643231#0	0
3417	Q0	1747#3	0
3417	Q0	517721#2	0
3417	Q0	1954762#1	0
3417	Q0	1015613#1	0
3417	Q0	183856#0	0
3417	Q0	8638#29	0
3417	Q0	194504#32	0
3418	Q0	385789#5	1
3418	Q0	385789#1	1
3418	Q0	385789#0	0
3418	Q0	385789#16	0
3418	Q0	385789#4	0
3418	Q0	3021746#2	0
3418	Q0	385789#7	0
3418	Q0	73936#21	0
3418	Q0	385789#11	0
3418	Q0	385789#10	0
3418	Q0	385789#9	0
3419	Q0	1231335#1	1
3419	Q0	2230642#1	0
3419	Q0	323002#1	0
3419	Q0	3324376#1	0
3419	Q0	3062351#8	0
3419	Q0	1231335#0	0
3419	Q0	2958489#1	0
3419	Q0	2419096#1	0
3419	Q0	2962192#10	0
3419	Q0	1551461#2	0
3420	Q0	264093#28	1
3420	Q0	1388574#2	1
3420	Q0	81133#20	1
3420	Q0	1698838#65	1
3420	Q0	3492178#0	1
3420	Q0	7685#20	1
3420	Q0	1649112#24	0
3420	Q0	111334#6	0
3420	Q0	1178197#4	0
3420	Q0	2365164#1	0
3422	Q0	336620#2	1
3422	Q0	223450#4	1
3422	Q0	863539#3	0
3422	Q0	223450#1	0
3422	Q0	20562#54	0
3422	Q0	128936#5	0
3422	Q0	1789#22	0
3422	Q0	336620#5	0
3422	Q0	109966#13	0
3422	Q0	223450#2	0
3422	Q0	76745#1	0
3423	Q0	156317#8	1
3423	Q0	1134494#0	0
3423	Q0	668959#1	0
3423	Q0	668959#10	0
3423	Q0	1875946#27	0
3423	Q0	156317#25	0
3423	Q0	247258#3	0
3423	Q0	156317#19	0
3423	Q0	156317#15	0
3423	Q0	247258#7	0
3423	Q0	306698#1	0
3424	Q0	1156#6	1
3424	Q0	1156#0	1
3424	Q0	737058#0	0
3424	Q0	1156#31	0
3424	Q0	1156#24	0
3424	Q0	946021#0	0
3424	Q0	1156#25	0
3424	Q0	1963794#1	0
3424	Q0	1156#16	0
3424	Q0	1156#37	0
3424	Q0	1156#32	0
3425	Q0	1660832#8	1
3425	Q0	357881#29	1
3425	Q0	1660832#26	0
3425	Q0	1660832#0	0
3425	Q0	1660832#39	0
3425	Q0	1660832#38	0
3425	Q0	534227#2	0
3425	Q0	2337572#5	0
3425	Q0	1660832#16	0
3425	Q0	1660832#10	0
3428	Q0	421049#7	1
3428	Q0	3050378#1	0
3428	Q0	1076704#0	0
3428	Q0	402825#13	0
3428	Q0	1990615#4	0
3428	Q0	1033344#2	0
3428	Q0	329459#6	0
3428	Q0	34438#1	0
3428	Q0	33581#12	0
3428	Q0	2001377#3	0
3428	Q0	33581#14	0
3429	Q0	25653#0	1
3429	Q0	25653#4	0
3429	Q0	3255773#17	0
3429	Q0	25653#20	0
3429	Q0	25653#30	0
3429	Q0	25653#23	0
3429	Q0	25653#26	0
3429	Q0	25653#15	0
3429	Q0	25653#17	0
3429	Q0	25653#29	0
3429	Q0	25653#12	0
3430	Q0	274209#0	1
3430	Q0	2698129#2	1
3430	Q0	847543#3	0
3430	Q0	274209#2	0
3430	Q0	971284#4	0
3430	Q0	351492#1	0
3430	Q0	971284#3	0
3430	Q0	274209#3	0
3430	Q0	971284#5	0
3430	Q0	351492#2	0
3432	Q0	2361830#1	1
3432	Q0	2361830#2	1
3432	Q0	25904#2	0
3432	Q0	49179#21	0
3432	Q0	170670#2	0
3432	Q0	42861#22	0
3432	Q0	331778#15	0
3432	Q0	49179#14	0
3432	Q0	72765#4	0
3432	Q0	428537#47	0
3432	Q0	2557359#0	0
3432	Q0	327394#1	0
3433	Q0	1458774#0	1
3433	Q0	511588#3	0
3433	Q0	902643#3	0
3433	Q0	1458774#5	0
3433	Q0	3351058#0	0
3433	Q0	3351058#1	0
3433	Q0	2795295#0	0
3433	Q0	334980#9	0
3433	Q0	1458774#3	0
3433	Q0	511588#2	0
3433	Q0	1458774#1	0
3434	Q0	2113536#4	1
3434	Q0	2113536#22	0
3434	Q0	2113536#0	0
3434	Q0	2113536#8	0
3434	Q0	2113536#26	0
3434	Q0	2113536#7	0
3434	Q0	3888127#2	0
3434	Q0	2113536#25	0
3434	Q0	2113536#23	0
3434	Q0	2113536#10	0
3435	Q0	45505#0	1
3435	Q0	1092802#1	0
3435	Q0	100350#7	0
3435	Q0	45505#2	0
3435	Q0	65882#6	0
3435	Q0	18250#0	0
3435	Q0	584699#0	0
3435	Q0	1180#0	0
3435	Q0	676920#0	0
3435	Q0	112#0	0
3437	Q0	1698872#138	1
3437	Q0	16753#0	1
3437	Q0	1833980#8	1
3437	Q0	1510274#1	1
3437	Q0	16753#13	1
3437	Q0	1754573#5	0
3437	Q0	1528#16	0
3437	Q0	567596#1	0
3437	Q0	799505#0	0
3437	Q0	1091854#13	0
3437	Q0	922405#1	0
3438	Q0	455462#0	1
3438	Q0	1349404#0	0
3438	Q0	1349404#15	0
3438	Q0	455462#5	0
3438	Q0	1349404#1	0
3438	Q0	1349404#9	0
3438	Q0	455462#2	0
3438	Q0	1349404#2	0
3438	Q0	1349404#18	0
3438	Q0	1349404#20	0
3441	Q0	66607#1	1
3441	Q0	923259#0	0
3441	Q0	709525#0	0
3441	Q0	2319253#0	0
3441	Q0	66607#6	0
3441	Q0	66607#4	0
3441	Q0	709525#1	0
3441	Q0	596913#3	0
3441	Q0	3435095#4	0
3441	Q0	3435095#0	0
3442	Q0	1556310#2	1
3442	Q0	11919#0	1
3442	Q0	11919#10	1
3442	Q0	373238#10	0
3442	Q0	1324581#70	0
3442	Q0	32099#24	0
3442	Q0	37597#21	0
3442	Q0	361636#15	0
3442	Q0	50019#5	0
3442	Q0	1435429#13	0
3442	Q0	361636#5	0
3443	Q0	1534073#6	1
3443	Q0	1534073#1	1
3443	Q0	3700335#25	0
3443	Q0	3700335#19	0
3443	Q0	522259#1	0
3443	Q0	1534073#0	0
3443	Q0	1534073#12	0
3443	Q0	1534073#10	0
3443	Q0	1116635#0	0
3443	Q0	1534073#3	0
3444	Q0	10078#6	1
3444	Q0	10078#0	1
3444	Q0	1017450#5	0
3444	Q0	6511#4	0
3444	Q0	10078#53	0
3444	Q0	2021402#3	0
3444	Q0	3799800#1	0
3444	Q0	2778581#14	0
3444	Q0	48891#1	0
3444	Q0	3617057#1	0
3444	Q0	2063250#2	0
3446	Q0	2804087#9	1
3446	Q0	71565#0	0
3446	Q0	63049#0	0
3446	Q0	2932787#0	0
3446	Q0	381419#0	0
3446	Q0	138345#1	0
3446	Q0	2253905#3	0
3446	Q0	23524#0	0
3446	Q0	361029#0	0
3446	Q0	2932787#1	0
3446	Q0	11687#2	0
3447	Q0	58078#0	1
3447	Q0	58078#1	0
3447	Q0	3333302#0	0
3447	Q0	137578#5	0
3447	Q0	217553#0	0
3447	Q0	117948#1	0
3447	Q0	3620778#10	0
3447	Q0	155203#3	0
3447	Q0	3333302#1	0
3447	Q0	3434697#1	0
3448	Q0	82524#0	1
3448	Q0	82524#5	0
3448	Q0	1935348#1	0
3448	Q0	3737072#1	0
3448	Q0	1129589#1	0
3448	Q0	2649638#1	0
3448	Q0	1082879#1	0
3448	Q0	628959#1	0
3448	Q0	3032931#1	0
3448	Q0	581926#1	0
3449	Q0	2687415#2	1
3449	Q0	2687415#0	1
3449	Q0	3719450#6	0
3449	Q0	100287#2	0
3449	Q0	743435#2	0
3449	Q0	1682065#5	0
3449	Q0	1416362#0	0
3449	Q0	1229385#1	0
3449	Q0	383184#1	0
3449	Q0	2687415#3	0
3450	Q0	18923#3	1
3450	Q0	18923#2	0
3450	Q0	18923#1	0
3450	Q0	1188168#0	0
3450	Q0	18923#0	0
3450	Q0	94755#2	0
3450	Q0	1413583#2	0
3450	Q0	180758#6	0
3450	Q0	1037638#2	0
3450	Q0	2307279#0	0
3452	Q0	480695#27	1
3452	Q0	133381#0	1
3452	Q0	73111#14	0
3452	Q0	73111#13	0
3452	Q0	2639453#3	0
3452	Q0	3317226#1	0
3452	Q0	241699#3	0
3452	Q0	119446#0	0
3452	Q0	73111#10	0
3452	Q0	73111#0	0
3453	Q0	3816562#0	1
3453	Q0	3816562#13	0
3453	Q0	2472408#7	0
3453	Q0	1147613#2	0
3453	Q0	2267223#23	0
3453	Q0	2177935#1	0
3453	Q0	3816562#21	0
3453	Q0	3585318#1	0
3453	Q0	2542144#5	0
3453	Q0	2267223#24	0
3454	Q0	1156598#1	1
3454	Q0	1156598#0	1
3454	Q0	1156598#2	0
3454	Q0	3757920#0	0
3454	Q0	1156598#17	0
3454	Q0	1156598#7	0
3454	Q0	2332793#2	0
3454	Q0	1156598#5	0
3454	Q0	1156598#8	0
3454	Q0	1156598#6	0
3455	Q0	632283#0	1
3455	Q0	632283#31	0
3455	Q0	1673368#1	0
3455	Q0	632283#32	0
3455	Q0	1563347#4	0
3455	Q0	3892627#1	0
3455	Q0	508735#8	0
3455	Q0	1459624#8	0
3455	Q0	1482485#25	0
3455	Q0	3582142#5	0
3456	Q0	2591136#7	1
3456	Q0	2591136#14	1
3456	Q0	316753#2	1
3456	Q0	341807#11	1
3456	Q0	2591136#17	0
3456	Q0	2591136#22	0
3456	Q0	2591136#18	0
3456	Q0	2591136#21	0
3456	Q0	2591136#12	0
3456	Q0	246528#6	0
3456	Q0	111039#8	0
3457	Q0	254809#0	1
3457	Q0	924834#2	0
3457	Q0	17358#2	0
3457	Q0	254809#7	0
3457	Q0	392424#3	0
3457	Q0	2944343#8	0
3457	Q0	60840#7	0
3457	Q0	295890#37	0
3457	Q0	116882#1	0
3457	Q0	2590550#8	0
3457	Q0	176421#3	0
3458	Q0	1421698#0	1
3458	Q0	1421698#1	0
3458	Q0	1421698#8	0
3458	Q0	1421698#19	0
3458	Q0	1421698#23	0
3458	Q0	1421698#7	0
3458	Q0	1421698#2	0
3458	Q0	1421698#35	0
3458	Q0	1421698#32	0
3458	Q0	1421698#14	0
3460	Q0	200714#3	1
3460	Q0	3528740#1	1
3460	Q0	200714#18	0
3460	Q0	3070090#1	0
3460	Q0	3591688#24	0
3460	Q0	644703#0	0
3460	Q0	3325442#1	0
3460	Q0	200714#67	0
3460	Q0	644703#6	0
3460	Q0	200714#20	0
3461	Q0	234359#35	1
3461	Q0	234359#0	1
3461	Q0	234359#14	0
3461	Q0	44205#12	0
3461	Q0	234359#8	0
3461	Q0	234359#19	0
3461	Q0	234359#10	0
3461	Q0	2693#59	0
3461	Q0	234359#32	0
3461	Q0	234359#1	0
3463	Q0	2907759#1	1
3463	Q0	143996#1	1
3463	Q0	6493#50	0
3463	Q0	1904254#7	0
3463	Q0	1828756#3	0
3463	Q0	907180#2	0
3463	Q0	2493722#5	0
3463	Q0	1488793#6	0
3463	Q0	1828756#7	0
3463	Q0	3411532#1	0
3463	Q0	3411532#2	0
3465	Q0	2448#0	1
3465	Q0	2448#13	0
3465	Q0	2448#23	0
3465	Q0	479777#1	0
3465	Q0	5157#27	0
3465	Q0	2448#11	0
3465	Q0	3678927#1	0
3465	Q0	2448#30	0
3465	Q0	2448#27	0
3465	Q0	408275#6	0
3465	Q0	2986241#1	0
3468	Q0	185426#10	1
3468	Q0	2264705#7	1
3468	Q0	185426#0	0
3468	Q0	2194983#5	0
3468	Q0	185426#17	0
3468	Q0	185426#12	0
3468	Q0	2194983#23	0
3468	Q0	2799562#0	0
3468	Q0	185426#30	0
3468	Q0	185426#11	0
3469	Q0	1032251#5	1
3469	Q0	12780#25	1
3469	Q0	436742#87	1
3469	Q0	650915#23	1
3469	Q0	2652#0	1
3469	Q0	3764018#61	0
3469	Q0	1645749#0	0
3469	Q0	3888668#32	0
3469	Q0	436742#3	0
3469	Q0	2401942#1	0
3469	Q0	436742#18	0
3470	Q0	25878#32	1
3470	Q0	25878#31	1
3470	Q0	1129152#4	1
3470	Q0	465708#53	0
3470	Q0	1129152#3	0
3470	Q0	1391#7	0
3470	Q0	25878#37	0
3470	Q0	206772#14	0
3470	Q0	25824#14	0
3470	Q0	25878#41	0
3470	Q0	1130279#17	0
3471	Q0	1263410#8	1
3471	Q0	1263410#0	0
3471	Q0	2738073#0	0
3471	Q0	3807159#0	0
3471	Q0	3121583#6	0
3471	Q0	3807159#13	0
3471	Q0	156717#4	0
3471	Q0	120069#0	0
3471	Q0	3102910#10	0
3471	Q0	1605554#2	0
3472	Q0	50960#33	1
3472	Q0	26102#5	1
3472	Q0	522584#5	0
3472	Q0	558756#0	0
3472	Q0	1986389#3	0
3472	Q0	56823#5	0
3472	Q0	10436#23	0
3472	Q0	55334#15	0
3472	Q0	558890#0	0
3472	Q0	164702#132	0
3472	Q0	50960#1	0
3473	Q0	31846#0	1
3473	Q0	31846#12	0
3473	Q0	31846#23	0
3473	Q0	31846#11	0
3473	Q0	31846#7	0
3473	Q0	31846#4	0
3473	Q0	63195#41	0
3473	Q0	31846#2	0
3473	Q0	31846#13	0
3473	Q0	31846#9	0
3475	Q0	128283#0	1
3475	Q0	263558#2	0
3475	Q0	128283#4	0
3475	Q0	47731#1	0
3475	Q0	128283#5	0
3475	Q0	688648#0	0
3475	Q0	56175#0	0
3475	Q0	1097597#0	0
3475	Q0	33148#0	0
3475	Q0	128283#3	0
3477	Q0	722810#1	1
3477	Q0	722810#4	1
3477	Q0	3829344#2	0
3477	Q0	3775954#2	0
3477	Q0	722810#5	0
3477	Q0	3829344#1	0
3477	Q0	3829344#10	0
3477	Q0	722810#2	0
3477	Q0	722810#3	0
3477	Q0	2625558#1	0
3478	Q0	190051#1	1
3478	Q0	1672#2	1
3478	Q0	2549541#0	0
3478	Q0	190051#11	0
3478	Q0	190051#5	0
3478	Q0	3506859#14	0
3478	Q0	2549541#1	0
3478	Q0	3888608#3	0
3478	Q0	946020#1	0
3478	Q0	3481650#1	0
3479	Q0	318245#6	1
3479	Q0	1914980#3	0
3479	Q0	3471300#4	0
3479	Q0	2648840#2	0
3479	Q0	1000088#2	0
3479	Q0	1011676#0	0
3479	Q0	2069882#6	0
3479	Q0	3322195#1	0
3479	Q0	457533#4	0
3479	Q0	3515701#4	0
3479	Q0	3344398#0	0
3480	Q0	8856#0	1
3480	Q0	520042#0	0
3480	Q0	2473114#0	0
3480	Q0	2028113#0	0
3480	Q0	21708#5	0
3480	Q0	46983#1	0
3480	Q0	2455658#0	0
3480	Q0	1149130#1	0
3480	Q0	519984#0	0
3480	Q0	1149130#0	0
3481	Q0	1660914#14	1
3481	Q0	1660268#11	1
3481	Q0	1662481#13	1
3481	Q0	1664240#15	1
3481	Q0	1660268#17	1
3481	Q0	1664240#16	1
3481	Q0	1660268#19	0
3481	Q0	1660268#9	0
3481	Q0	1663966#12	0
3481	Q0	1660268#1	0
3484	Q0	57534#0	1
3484	Q0	2695842#0	1
3484	Q0	2691443#0	1
3484	Q0	2691390#0	1
3484	Q0	583056#0	1
3484	Q0	678284#0	0
3484	Q0	2180261#0	0
3484	Q0	195457#0	0
3484	Q0	57534#13	0
3484	Q0	57534#42	0
3485	Q0	2703497#1	1
3485	Q0	2703497#3	0
3485	Q0	2703497#2	0
3485	Q0	2703497#0	0
3485	Q0	2703497#12	0
3485	Q0	2703497#4	0
3485	Q0	2703497#5	0
3485	Q0	2703497#18	0
3485	Q0	2703497#11	0
3485	Q0	2703497#15	0
3485	Q0	2703497#22	0
3486	Q0	79408#1	1
3486	Q0	79408#0	0
3486	Q0	83447#1	0
3486	Q0	630509#3	0
3486	Q0	79408#53	0
3486	Q0	2824045#1	0
3486	Q0	345969#1	0
3486	Q0	3143116#1	0
3486	Q0	1655222#2	0
3486	Q0	3109845#4	0
3487	Q0	2352717#6	1
3487	Q0	2352717#3	1
3487	Q0	112#18	0
3487	Q0	3927#1	0
3487	Q0	2352717#8	0
3487	Q0	112#17	0
3487	Q0	173451#17	0
3487	Q0	2352717#2	0
3487	Q0	1864644#23	0
3487	Q0	2352717#5	0
3490	Q0	1698878#101	1
3490	Q0	3870#11	1
3490	Q0	3870#16	1
3490	Q0	3870#0	1
3490	Q0	3870#8	0
3490	Q0	1698878#102	0
3490	Q0	71469#5	0
3490	Q0	1434142#0	0
3490	Q0	485030#2	0
3490	Q0	74#81	0
3490	Q0	3356351#0	0
3491	Q0	3249170#1	1
3491	Q0	3247521#4	1
3491	Q0	84596#7	1
3491	Q0	3241652#0	1
3491	Q0	3247733#4	0
3491	Q0	3247820#0	0
3491	Q0	423482#7	0
3491	Q0	84596#0	0
3491	Q0	3246911#3	0
3491	Q0	25506#1	0
3492	Q0	492863#0	1
3492	Q0	492863#2	1
3492	Q0	492863#5	0
3492	Q0	1377498#1	0
3492	Q0	3738888#1	0
3492	Q0	1377498#0	0
3492	Q0	492863#6	0
3492	Q0	2268694#0	0
3492	Q0	492863#4	0
3492	Q0	1114318#5	0
3492	Q0	1295549#1	0
3496	Q0	614618#1	1
3496	Q0	3079847#3	0
3496	Q0	9110#48	0
3496	Q0	2040082#111	0
3496	Q0	232897#1	0
3496	Q0	1271790#1	0
3496	Q0	827347#13	0
3496	Q0	4516#40	0
3496	Q0	2309502#2	0
3496	Q0	151808#5	0
3497	Q0	1869578#1	1
3497	Q0	1113#42	1
3497	Q0	31466#30	0
3497	Q0	412696#4	0
3497	Q0	7548#9	0
3497	Q0	31466#15	0
3497	Q0	527304#28	0
3497	Q0	2111973#12	0
3497	Q0	3625703#1	0
3497	Q0	40395#1	0
3497	Q0	845207#4	0
3498	Q0	232499#0	1
3498	Q0	2384300#1	0
3498	Q0	557460#1	0
3498	Q0	3404574#2	0
3498	Q0	232499#2	0
3498	Q0	1079#26	0
3498	Q0	3687926#1	0
3498	Q0	60527#4	0
3498	Q0	232499#7	0
3498	Q0	878804#1	0
3500	Q0	1280159#1	1
3500	Q0	1280159#7	0
3500	Q0	1280159#0	0
3500	Q0	1280159#8	0
3500	Q0	798098#2	0
3500	Q0	2041157#58	0
3500	Q0	1280159#6	0
3500	Q0	1280159#2	0
3500	Q0	3692027#6	0
3500	Q0	2041157#29	0
3501	Q0	496053#6	1
3501	Q0	2279806#5	0
3501	Q0	2429811#1	0
3501	Q0	1989920#15	0
3501	Q0	496053#14	0
3501	Q0	3339051#1	0
3501	Q0	13783#290	0
3501	Q0	496053#30	0
3501	Q0	496053#31	0
3501	Q0	3261634#1	0
3502	Q0	1889085#197	1
3502	Q0	1792693#6	1
3502	Q0	1889085#174	0
3502	Q0	1792693#7	0
3502	Q0	1889085#196	0
3502	Q0	34537#56	0
3502	Q0	1889745#11	0
3502	Q0	940836#23	0
3502	Q0	1889085#42	0
3502	Q0	1889745#9	0
3504	Q0	1625815#0	1
3504	Q0	2508836#2	0
3504	Q0	2509140#3	0
3504	Q0	2509136#3	0
3504	Q0	1662145#3	0
3504	Q0	1913325#5	0
3504	Q0	834931#2	0
3504	Q0	2509130#2	0
3504	Q0	2509502#0	0
3504	Q0	2514625#1	0
3506	Q0	1328876#0	1
3506	Q0	655955#7	1
3506	Q0	1328876#1	0
3506	Q0	1328876#6	0
3506	Q0	1328876#8	0
3506	Q0	1328876#4	0
3506	Q0	728997#2	0
3506	Q0	1328876#3	0
3506	Q0	1328876#5	0
3506	Q0	1328876#9	0
3507	Q0	69893#0	1
3507	Q0	69893#21	0
3507	Q0	69893#20	0
3507	Q0	69893#2	0
3507	Q0	69893#36	0
3507	Q0	1301773#1	0
3507	Q0	64091#31	0
3507	Q0	69893#35	0
3507	Q0	69893#22	0
3507	Q0	220634#2	0
3508	Q0	205240#3	1
3508	Q0	3584702#1	1
3508	Q0	1449853#28	1
3508	Q0	6370#28	1
3508	Q0	3117772#1	0
3508	Q0	205240#0	0
3508	Q0	389343#1	0
3508	Q0	205240#28	0
3508	Q0	136570#11	0
3508	Q0	205240#4	0
3509	Q0	47243#2	1
3509	Q0	47243#3	0
3509	Q0	47243#1	0
3509	Q0	346087#3	0
3509	Q0	2148#1	0
3509	Q0	1528#39	0
3509	Q0	346087#7	0
3509	Q0	840630#3	0
3509	Q0	775467#13	0
3509	Q0	1342615#7	0
3510	Q0	176166#0	1
3510	Q0	624991#0	1
3510	Q0	615305#2	0
3510	Q0	168856#1	0
3510	Q0	750191#1	0
3510	Q0	1229567#1	0
3510	Q0	245297#5	0
3510	Q0	1124257#5	0
3510	Q0	176166#7	0
3510	Q0	765014#1	0
3510	Q0	176166#2	0
3512	Q0	549464#11	1
3512	Q0	549464#1	0
3512	Q0	549464#62	0
3512	Q0	894281#13	0
3512	Q0	448912#21	0
3512	Q0	448912#31	0
3512	Q0	448912#1	0
3512	Q0	549464#4	0
3512	Q0	549464#18	0
3512	Q0	448912#25	0
3512	Q0	448912#30	0
3514	Q0	2254528#25	1
3514	Q0	1412896#2	0
3514	Q0	305092#1	0
3514	Q0	25058#2	0
3514	Q0	3673786#2	0
3514	Q0	11109#2	0
3514	Q0	1926136#5	0
3514	Q0	1649112#4	0
3514	Q0	87066#7	0
3514	Q0	305415#13	0
3516	Q0	8205#2	1
3516	Q0	3372742#17	0
3516	Q0	5938#4	0
3516	Q0	2939168#5	0
3516	Q0	4182#41	0
3516	Q0	4182#40	0
3516	Q0	2939168#61	0
3516	Q0	2939168#24	0
3516	Q0	2936726#1	0
3516	Q0	2349130#41	0
3517	Q0	12110#1	1
3517	Q0	4128#22	1
3517	Q0	12110#0	0
3517	Q0	12110#3	0
3517	Q0	983744#6	0
3517	Q0	1104900#2	0
3517	Q0	12110#6	0
3517	Q0	137224#1	0
3517	Q0	1075968#1	0
3517	Q0	12110#8	0
3518	Q0	190044#0	1
3518	Q0	190044#14	0
3518	Q0	190044#7	0
3518	Q0	102719#0	0
3518	Q0	3813158#5	0
3518	Q0	190044#1	0
3518	Q0	190044#8	0
3518	Q0	1262239#0	0
3518	Q0	190044#9	0
3518	Q0	115419#2	0
3519	Q0	17021#5	1
3519	Q0	17021#9	1
3519	Q0	180581#48	0
3519	Q0	17021#10	0
3519	Q0	17021#15	0
3519	Q0	843310#4	0
3519	Q0	1634499#0	0
3519	Q0	17021#12	0
3519	Q0	9902#10	0
3519	Q0	17021#11	0
3521	Q0	3255343#0	1
3521	Q0	197987#0	1
3521	Q0	197987#1	0
3521	Q0	197987#12	0
3521	Q0	197987#14	0
3521	Q0	197987#2	0
3521	Q0	1265596#1	0
3521	Q0	197987#9	0
3521	Q0	197987#3	0
3521	Q0	1929782#2	0
3522	Q0	65778#0	1
3522	Q0	65778#6	0
3522	Q0	654062#8	0
3522	Q0	3133416#0	0
3522	Q0	65778#2	0
3522	Q0	124314#8	0
3522	Q0	65778#3	0
3522	Q0	65778#1	0
3522	Q0	359428#15	0
3522	Q0	3134764#4	0
3523	Q0	82466#2	1
3523	Q0	82466#0	1
3523	Q0	18471#2	1
3523	Q0	719964#0	0
3523	Q0	770580#0	0
3523	Q0	443935#0	0
3523	Q0	443935#1	0
3523	Q0	12510#39	0
3523	Q0	56546#50	0
3523	Q0	711526#0	0
3523	Q0	2493438#8	0
3524	Q0	8812#5	1
3524	Q0	48092#31	0
3524	Q0	629698#1	0
3524	Q0	8812#8	0
3524	Q0	485323#1	0
3524	Q0	24320#7	0
3524	Q0	263689#1	0
3524	Q0	2242643#0	0
3524	Q0	941602#2	0
3524	Q0	154593#5	0
3525	Q0	785589#1	1
3525	Q0	217647#15	1
3525	Q0	1857236#0	1
3525	Q0	1110335#2	0
3525	Q0	1879433#73	0
3525	Q0	16070#28	0
3525	Q0	1857236#23	0
3525	Q0	16047#4	0
3525	Q0	1857236#55	0
3525	Q0	1857236#16	0
3525	Q0	1488316#5	0
3526	Q0	40019#0	1
3526	Q0	130863#0	0
3526	Q0	126654#6	0
3526	Q0	126654#3	0
3526	Q0	40019#3	0
3526	Q0	2636#13	0
3526	Q0	126654#4	0
3526	Q0	126654#1	0
3526	Q0	124034#1	0
3526	Q0	3694471#0	0
3527	Q0	864804#7	1
3527	Q0	2986207#4	0
3527	Q0	117847#6	0
3527	Q0	864804#10	0
3527	Q0	3390992#36	0
3527	Q0	958790#5	0
3527	Q0	1978671#58	0
3527	Q0	3107080#1	0
3527	Q0	2574015#1	0
3527	Q0	2191998#0	0
3527	Q0	927847#1	0
3528	Q0	47734#1	1
3528	Q0	761980#0	0
3528	Q0	3695770#0	0
3528	Q0	575093#16	0
3528	Q0	234408#3	0
3528	Q0	47734#15	0
3528	Q0	3059269#5	0
3528	Q0	2847165#3	0
3528	Q0	166208#0	0
3528	Q0	761583#1	0
3529	Q0	6342#24	1
3529	Q0	3049#5	1
3529	Q0	1794582#45	1
3529	Q0	1226090#11	1
3529	Q0	3049#1	1
3529	Q0	1600811#0	0
3529	Q0	904120#10	0
3529	Q0	1600792#0	0
3529	Q0	1226090#6	0
3529	Q0	6342#0	0
3529	Q0	1226090#7	0
3529	Q0	3049#22	0
3531	Q0	34227#8	1
3531	Q0	2282358#5	1
3531	Q0	34227#28	1
3531	Q0	1353761#2	1
3531	Q0	35430#3	1
3531	Q0	35430#11	1
3531	Q0	298491#2	1
3531	Q0	34227#1	1
3531	Q0	34227#7	0
3531	Q0	34227#6	0
3531	Q0	174046#6	0
3533	Q0	17388#0	1
3533	Q0	107331#5	0
3533	Q0	17388#2	0
3533	Q0	17388#19	0
3533	Q0	2266887#37	0
3533	Q0	1004887#6	0
3533	Q0	17388#20	0
3533	Q0	8080#0	0
3533	Q0	107331#0	0
3533	Q0	17388#3	0
3533	Q0	17388#23	0
3534	Q0	2110579#30	1
3534	Q0	2163221#1	0
3534	Q0	2888940#5	0
3534	Q0	1631423#1	0
3534	Q0	2868996#11	0
3534	Q0	2934807#26	0
3534	Q0	2163221#0	0
3534	Q0	2084773#6	0
3534	Q0	2269009#13	0
3534	Q0	213886#91	0
3535	Q0	3149047#21	1
3535	Q0	357803#0	1
3535	Q0	357803#22	0
3535	Q0	399081#2	0
3535	Q0	357803#3	0
3535	Q0	357803#40	0
3535	Q0	357803#38	0
3535	Q0	357803#5	0
3535	Q0	357803#11	0
3535	Q0	1565273#2	0
3537	Q0	8337#0	1
3537	Q0	1757155#15	1
3537	Q0	8337#4	1
3537	Q0	8337#23	0
3537	Q0	2351810#0	0
3537	Q0	8337#8	0
3537	Q0	2351810#1	0
3537	Q0	1622162#25	0
3537	Q0	2061950#1	0
3537	Q0	3719294#13	0
3537	Q0	8337#41	0
3538	Q0	2650243#6	1
3538	Q0	19787#10	1
3538	Q0	868864#27	1
3538	Q0	19787#2	1
3538	Q0	1202811#2	0
3538	Q0	19787#24	0
3538	Q0	93005#5	0
3538	Q0	460876#5	0
3538	Q0	19787#20	0
3538	Q0	19787#5	0
3539	Q0	505297#3	1
3539	Q0	329702#46	1
3539	Q0	3231599#1	1
3539	Q0	329702#61	1
3539	Q0	3231599#9	1
3539	Q0	329702#5	1
3539	Q0	329702#56	1
3539	Q0	3231599#10	0
3539	Q0	17861#3	0
3539	Q0	83620#2	0
3540	Q0	287934#0	1
3540	Q0	2044741#1	0
3540	Q0	1606928#0	0
3540	Q0	2243069#0	0
3540	Q0	3239633#0	0
3540	Q0	106008#0	0
3540	Q0	1909625#78	0
3540	Q0	106008#1	0
3540	Q0	529115#26	0
3540	Q0	2605664#4	0
3541	Q0	3337602#1	1
3541	Q0	3337602#5	1
3541	Q0	1476962#7	0
3541	Q0	171410#2	0
3541	Q0	3337602#2	0
3541	Q0	3337602#29	0
3541	Q0	171410#9	0
3541	Q0	581768#1	0
3541	Q0	3337602#26	0
3541	Q0	1845319#7	0
3541	Q0	1476962#6	0
3544	Q0	1081955#0	1
3544	Q0	1081955#1	0
3544	Q0	2789033#4	0
3544	Q0	2737112#2	0
3544	Q0	2941016#3	0
3544	Q0	1081955#16	0
3544	Q0	1081955#13	0
3544	Q0	3359870#5	0
3544	Q0	3206608#1	0
3544	Q0	1081955#20	0
3545	Q0	119715#1	1
3545	Q0	13377#5	1
3545	Q0	6956#10	0
3545	Q0	875048#11	0
3545	Q0	6956#7	0
3545	Q0	6956#20	0
3545	Q0	875048#25	0
3545	Q0	1426443#1	0
3545	Q0	1428931#4	0
3545	Q0	1742747#1	0
3546	Q0	1797660#0	1
3546	Q0	1871607#1	1
3546	Q0	1797660#4	1
3546	Q0	65968#2	1
3546	Q0	65968#9	0
3546	Q0	1871607#2	0
3546	Q0	1536043#11	0
3546	Q0	65968#12	0
3546	Q0	2034463#6	0
3546	Q0	1797660#1	0
3546	Q0	1871607#33	0
3547	Q0	196826#8	1
3547	Q0	48598#4	1
3547	Q0	1265132#6	0
3547	Q0	48598#19	0
3547	Q0	48598#0	0
3547	Q0	48598#23	0
3547	Q0	696140#5	0
3547	Q0	1464040#9	0
3547	Q0	48598#11	0
3547	Q0	575152#17	0
3547	Q0	48614#15	0
3549	Q0	1726624#24	1
3549	Q0	1726624#0	0
3549	Q0	1726624#22	0
3549	Q0	1726624#91	0
3549	Q0	1726624#37	0
3549	Q0	1726624#90	0
3549	Q0	1726624#82	0
3549	Q0	1726624#51	0
3549	Q0	593361#11	0
3549	Q0	1726624#1	0
3550	Q0	104957#1	1
3550	Q0	1119022#0	0
3550	Q0	104957#3	0
3550	Q0	104957#9	0
3550	Q0	1952975#1	0
3550	Q0	1432797#2	0
3550	Q0	1687068#1	0
3550	Q0	241419#2	0
3550	Q0	104957#2	0
3550	Q0	505088#2	0
3551	Q0	3095730#0	1
3551	Q0	433382#0	1
3551	Q0	433382#5	0
3551	Q0	655333#3	0
3551	Q0	433382#1	0
3551	Q0	655333#4	0
3551	Q0	433382#4	0
3551	Q0	1579458#2	0
3551	Q0	3739777#16	0
3551	Q0	2368741#0	0
3552	Q0	1338745#0	1
3552	Q0	1338745#1	0
3552	Q0	1736930#0	0
3552	Q0	3358432#2	0
3552	Q0	2283807#1	0
3552	Q0	1338745#7	0
3552	Q0	316760#1	0
3552	Q0	1338745#12	0
3552	Q0	1338745#4	0
3552	Q0	1338745#10	0
3553	Q0	47036#0	1
3553	Q0	2700#5	0
3553	Q0	5270#33	0
3553	Q0	3311#11	0
3553	Q0	5564#21	0
3553	Q0	1824125#112	0
3553	Q0	3569306#2	0
3553	Q0	135675#36	0
3553	Q0	46782#11	0
3553	Q0	1821914#12	0
3554	Q0	2352569#0	1
3554	Q0	2352569#2	0
3554	Q0	2352569#7	0
3554	Q0	992704#4	0
3554	Q0	2352569#3	0
3554	Q0	2352569#5	0
3554	Q0	2352569#12	0
3554	Q0	2352569#8	0
3554	Q0	1079385#1	0
3554	Q0	1549697#3	0
3555	Q0	2858081#0	1
3555	Q0	8735#0	1
3555	Q0	2494696#0	0
3555	Q0	1534#0	0
3555	Q0	8434#3	0
3555	Q0	8735#6	0
3555	Q0	1534#9	0
3555	Q0	3549517#0	0
3555	Q0	1115374#0	0
3555	Q0	64214#3	0
3556	Q0	170105#0	1
3556	Q0	1461946#0	0
3556	Q0	1373916#0	0
3556	Q0	3476527#0	0
3556	Q0	3224412#0	0
3556	Q0	2007728#0	0
3556	Q0	1753015#0	0
3556	Q0	2871455#1	0
3556	Q0	2287351#0	0
3556	Q0	617502#0	0
3556	Q0	170105#2	0
3558	Q0	276274#2	1
3558	Q0	701860#116	0
3558	Q0	3812519#14	0
3558	Q0	701860#74	0
3558	Q0	187068#21	0
3558	Q0	701860#19	0
3558	Q0	1179835#0	0
3558	Q0	187068#26	0
3558	Q0	1228835#0	0
3558	Q0	3217198#3	0
3559	Q0	3790534#2	1
3559	Q0	69028#0	1
3559	Q0	69028#10	0
3559	Q0	69028#3	0
3559	Q0	69028#7	0
3559	Q0	69028#1	0
3559	Q0	69028#4	0
3559	Q0	69028#5	0
3559	Q0	69028#2	0
3559	Q0	3790534#1	0
3560	Q0	45110#1	1
3560	Q0	39926#2	0
3560	Q0	45110#13	0
3560	Q0	2754251#5	0
3560	Q0	2753730#1	0
3560	Q0	1436167#24	0
3560	Q0	43973#5	0
3560	Q0	8745#3	0
3560	Q0	17531#19	0
3560	Q0	1673#4	0
3560	Q0	45802#1	0
3561	Q0	2312#77	1
3561	Q0	808282#8	1
3561	Q0	2312#4	1
3561	Q0	901820#14	0
3561	Q0	2312#91	0
3561	Q0	1368858#19	0
3561	Q0	801481#9	0
3561	Q0	808287#20	0
3561	Q0	901820#15	0
3561	Q0	2312#16	0
3562	Q0	663038#35	1
3562	Q0	7952#3	1
3562	Q0	7952#5	0
3562	Q0	1540715#2	0
3562	Q0	2339544#0	0
3562	Q0	7952#25	0
3562	Q0	7952#26	0
3562	Q0	7952#22	0
3562	Q0	966039#1	0
3562	Q0	1630814#1	0
3564	Q0	3423#4	1
3564	Q0	3423#2	0
3564	Q0	1796537#1	0
3564	Q0	1796537#0	0
3564	Q0	19891#1	0
3564	Q0	19891#2	0
3564	Q0	809313#1	0
3564	Q0	354567#1	0
3564	Q0	3423#5	0
3564	Q0	3423#6	0
3565	Q0	1460303#1	1
3565	Q0	645884#1	1
3565	Q0	136152#1	1
3565	Q0	1657098#5	0
3565	Q0	1297558#1	0
3565	Q0	136152#8	0
3565	Q0	1307762#1	0
3565	Q0	136152#6	0
3565	Q0	645811#1	0
3565	Q0	424266#1	0
3565	Q0	136152#10	0
3566	Q0	2817417#15	1
3566	Q0	2363432#4	1
3566	Q0	2338939#42	1
3566	Q0	178895#46	1
3566	Q0	276680#1	1
3566	Q0	2372493#6	0
3566	Q0	178895#51	0
3566	Q0	2372493#7	0
3566	Q0	2358517#50	0
3566	Q0	2363432#22	0
3566	Q0	2817417#33	0
3567	Q0	85888#0	1
3567	Q0	85888#3	1
3567	Q0	85888#1	1
3567	Q0	85888#7	1
3567	Q0	85888#25	1
3567	Q0	85888#4	1
3567	Q0	85888#2	1
3567	Q0	85888#26	1
3567	Q0	85888#5	1
3567	Q0	2030830#5	1
3568	Q0	2650527#0	1
3568	Q0	2650527#3	0
3568	Q0	2650527#13	0
3568	Q0	2650527#4	0
3568	Q0	2650527#12	0
3568	Q0	2650527#5	0
3568	Q0	2650527#11	0
3568	Q0	2650527#9	0
3568	Q0	2650527#10	0
3568	Q0	1285267#0	0
3569	Q0	2025134#13	1
3569	Q0	2025134#20	1
3569	Q0	225394#2	1
3569	Q0	2025134#94	1
3569	Q0	2025134#0	1
3569	Q0	223277#16	1
3569	Q0	2025134#4	1
3569	Q0	2025134#3	1
3569	Q0	2025134#41	1
3569	Q0	2025134#43	0
3569	Q0	223277#18	0
3569	Q0	2025134#46	0
3569	Q0	2025134#17	0
3570	Q0	472760#0	1
3570	Q0	3552469#29	0
3570	Q0	472760#11	0
3570	Q0	3720#4	0
3570	Q0	472760#8	0
3570	Q0	472760#7	0
3570	Q0	3552469#33	0
3570	Q0	472760#10	0
3570	Q0	1666574#2	0
3570	Q0	2796386#0	0
3572	Q0	497148#0	1
3572	Q0	427122#0	0
3572	Q0	1815931#0	0
3572	Q0	427122#3	0
3572	Q0	881334#2	0
3572	Q0	68020#31	0
3572	Q0	728409#7	0
3572	Q0	561914#5	0
3572	Q0	427122#4	0
3572	Q0	68020#14	0
3572	Q0	3502348#7	0
3573	Q0	1360097#1	1
3573	Q0	54167#4	0
3573	Q0	14634#8	0
3573	Q0	1165417#8	0
3573	Q0	853211#6	0
3573	Q0	142689#1	0
3573	Q0	877398#1	0
3573	Q0	287881#2	0
3573	Q0	2173479#1	0
3573	Q0	785572#3	0
3573	Q0	577812#7	0
3574	Q0	36216#1	1
3574	Q0	36216#0	0
3574	Q0	73211#2	0
3574	Q0	1610329#1	0
3574	Q0	150734#2	0
3574	Q0	625498#0	0
3574	Q0	1000964#1	0
3574	Q0	36216#9	0
3574	Q0	1078947#1	0
3574	Q0	2615948#76	0
3575	Q0	173296#4	1
3575	Q0	307012#6	1
3575	Q0	341204#2	1
3575	Q0	2843687#0	1
3575	Q0	2892576#6	0
3575	Q0	64854#0	0
3575	Q0	2510197#1	0
3575	Q0	1541544#1	0
3575	Q0	2313665#7	0
3575	Q0	1335479#16	0
3575	Q0	7005#27	0
3576	Q0	187490#0	1
3576	Q0	187490#3	0
3576	Q0	187490#10	0
3576	Q0	655#8	0
3576	Q0	187490#1	0
3576	Q0	3344669#1	0
3576	Q0	187490#4	0
3576	Q0	259356#0	0
3576	Q0	25426#3	0
3576	Q0	314869#2	0
3577	Q0	2098096#0	1
3577	Q0	1776479#10	1
3577	Q0	85202#16	1
3577	Q0	2036422#7	0
3577	Q0	117743#1	0
3577	Q0	1063567#0	0
3577	Q0	1435941#118	0
3577	Q0	870530#6	0
3577	Q0	1698838#18	0
3577	Q0	998103#0	0
3578	Q0	3740213#0	1
3578	Q0	3740213#3	0
3578	Q0	3740213#11	0
3578	Q0	3740213#12	0
3578	Q0	3740213#1	0
3578	Q0	3740213#9	0
3578	Q0	3740213#6	0
3578	Q0	2038668#1	0
3578	Q0	2069176#0	0
3578	Q0	3777175#2	0
3579	Q0	1434034#5	1
3579	Q0	12102#1	1
3579	Q0	1228317#2	0
3579	Q0	12102#11	0
3579	Q0	698946#7	0
3579	Q0	403808#0	0
3579	Q0	689915#51	0
3579	Q0	689915#14	0
3579	Q0	191856#2	0
3579	Q0	1318118#3	0
3579	Q0	3533335#1	0
3580	Q0	650990#45	1
3580	Q0	3322673#1	1
3580	Q0	196195#1	1
3580	Q0	2307193#4	1
3580	Q0	2761624#19	1
3580	Q0	517097#18	1
3580	Q0	2761624#0	1
3580	Q0	2761624#20	0
3580	Q0	103617#2	0
3580	Q0	2761624#12	0
3580	Q0	2761624#36	0
3582	Q0	2022546#0	1
3582	Q0	2022546#3	0
3582	Q0	2022546#6	0
3582	Q0	3247742#1	0
3582	Q0	2022546#4	0
3582	Q0	2022546#8	0
3582	Q0	2022546#10	0
3582	Q0	2022546#16	0
3582	Q0	1206346#2	0
3582	Q0	317556#1	0
3583	Q0	253586#3	1
3583	Q0	15078#35	1
3583	Q0	1777067#1	0
3583	Q0	878394#0	0
3583	Q0	454727#3	0
3583	Q0	13039#18	0
3583	Q0	3531692#5	0
3583	Q0	148398#2	0
3583	Q0	253586#4	0
3583	Q0	82685#6	0
3584	Q0	2740597#12	1
3584	Q0	2740597#2	1
3584	Q0	2740597#51	0
3584	Q0	2740597#56	0
3584	Q0	2740597#48	0
3584	Q0	2740597#38	0
3584	Q0	2740597#3	0
3584	Q0	2740597#63	0
3584	Q0	2740597#47	0
3584	Q0	2740597#8	0
3584	Q0	2740597#50	0
3585	Q0	3269758#1	1
3585	Q0	2404213#1	0
3585	Q0	422280#5	0
3585	Q0	3269758#0	0
3585	Q0	764307#0	0
3585	Q0	648477#1	0
3585	Q0	3869418#0	0
3585	Q0	1356216#2	0
3585	Q0	1078568#5	0
3585	Q0	2350121#0	0
3586	Q0	126508#3	1
3586	Q0	1844482#1	1
3586	Q0	361434#5	1
3586	Q0	126508#11	0
3586	Q0	126508#4	0
3586	Q0	126508#0	0
3586	Q0	126508#5	0
3586	Q0	497579#5	0
3586	Q0	171785#17	0
3586	Q0	126508#2	0
3587	Q0	3083#8	1
3587	Q0	66730#1	1
3587	Q0	3083#0	1
3587	Q0	322191#0	0
3587	Q0	66724#0	0
3587	Q0	216211#0	0
3587	Q0	6157#0	0
3587	Q0	6157#4	0
3587	Q0	216211#21	0
3587	Q0	3083#9	0
3587	Q0	216211#1	0
3588	Q0	54975#4	1
3588	Q0	548248#11	0
3588	Q0	54975#19	0
3588	Q0	97866#10	0
3588	Q0	2779347#1	0
3588	Q0	54975#29	0
3588	Q0	54975#11	0
3588	Q0	54975#13	0
3588	Q0	54975#17	0
3588	Q0	54975#8	0
3588	Q0	54975#12	0
3588	Q0	54975#5	0
3589	Q0	1111920#6	1
3589	Q0	1041299#1	1
3589	Q0	2242#11	1
3589	Q0	2242#0	1
3589	Q0	1698893#111	0
3589	Q0	498249#2	0
3589	Q0	1111920#19	0
3589	Q0	190329#0	0
3589	Q0	3119911#3	0
3589	Q0	578996#2	0
3589	Q0	125515#2	0
3590	Q0	48994#5	1
3590	Q0	48994#3	1
3590	Q0	1216559#1	0
3590	Q0	3738749#2	0
3590	Q0	1283442#10	0
3590	Q0	1294831#9	0
3590	Q0	1216555#1	0
3590	Q0	503634#6	0
3590	Q0	3336080#2	0
3590	Q0	129343#10	0
3591	Q0	1623507#0	1
3591	Q0	1623507#1	0
3591	Q0	1623507#5	0
3591	Q0	1623507#2	0
3591	Q0	351021#6	0
3591	Q0	1623507#3	0
3591	Q0	2559024#2	0
3591	Q0	215#1	0
3591	Q0	1746#0	0
3591	Q0	1623507#4	0
3592	Q0	65118#3	1
3592	Q0	65118#1	1
3592	Q0	65118#0	0
3592	Q0	529369#2	0
3592	Q0	65118#26	0
3592	Q0	3553234#0	0
3592	Q0	159562#107	0
3592	Q0	3553234#1	0
3592	Q0	65118#6	0
3592	Q0	65118#103	0
3592	Q0	351978#54	0
3593	Q0	2772611#0	1
3593	Q0	3609481#6	0
3593	Q0	463498#8	0
3593	Q0	2098340#2	0
3593	Q0	2345526#34	0
3593	Q0	601701#1	0
3593	Q0	3233999#4	0
3593	Q0	3708124#10	0
3593	Q0	2989412#2	0
3593	Q0	212818#8	0
3594	Q0	56991#22	1
3594	Q0	1130653#12	0
3594	Q0	1130653#33	0
3594	Q0	1130653#21	0
3594	Q0	1130653#24	0
3594	Q0	1130653#19	0
3594	Q0	1090271#53	0
3594	Q0	1090271#26	0
3594	Q0	1130653#30	0
3594	Q0	978462#3	0
3594	Q0	1130653#2	0
3595	Q0	2869544#0	1
3595	Q0	229096#0	1
3595	Q0	514091#1	1
3595	Q0	925899#1	0
3595	Q0	3371333#1	0
3595	Q0	3049725#1	0
3595	Q0	3448305#3	0
3595	Q0	2996686#1	0
3595	Q0	2752247#1	0
3595	Q0	3213342#2	0
3596	Q0	389213#5	1
3596	Q0	389213#6	0
3596	Q0	389213#26	0
3596	Q0	389213#22	0
3596	Q0	389213#3	0
3596	Q0	3216268#5	0
3596	Q0	738789#71	0
3596	Q0	389213#8	0
3596	Q0	201913#2	0
3596	Q0	389213#11	0
3597	Q0	180335#0	1
3597	Q0	3811224#0	1
3597	Q0	327746#0	1
3597	Q0	180335#6	0
3597	Q0	180335#5	0
3597	Q0	180335#7	0
3597	Q0	180335#1	0
3597	Q0	3516784#0	0
3597	Q0	1832471#0	0
3597	Q0	2975498#0	0
3598	Q0	62250#1	1
3598	Q0	792546#0	0
3598	Q0	1542052#0	0
3598	Q0	1044097#3	0
3598	Q0	915587#3	0
3598	Q0	2942874#1	0
3598	Q0	1040121#0	0
3598	Q0	2942874#0	0
3598	Q0	202860#2	0
3598	Q0	3627560#20	0
3598	Q0	1040109#0	0
3600	Q0	250980#0	1
3600	Q0	250980#3	0
3600	Q0	736705#1	0
3600	Q0	250980#16	0
3600	Q0	250980#5	0
3600	Q0	733862#3	0
3600	Q0	3210775#3	0
3600	Q0	250980#11	0
3600	Q0	1017547#0	0
3600	Q0	3469666#2	0
3601	Q0	140927#11	1
3601	Q0	68825#2	1
3601	Q0	140927#0	1
3601	Q0	2115741#0	1
3601	Q0	6361#6	1
3601	Q0	36606#1	1
3601	Q0	140927#26	0
3601	Q0	68825#0	0
3601	Q0	1488981#9	0
3601	Q0	68825#1	0
3603	Q0	3079#12	1
3603	Q0	44100#41	1
3603	Q0	44100#2	1
3603	Q0	733026#6	1
3603	Q0	2353291#1	1
3603	Q0	733026#20	1
3603	Q0	44100#15	0
3603	Q0	44100#38	0
3603	Q0	44100#39	0
3603	Q0	127271#27	0
3605	Q0	205923#0	1
3605	Q0	1695791#19	0
3605	Q0	1695791#3	0
3605	Q0	1695791#17	0
3605	Q0	1695791#11	0
3605	Q0	297670#1	0
3605	Q0	1068944#6	0
3605	Q0	1695791#23	0
3605	Q0	66195#5	0
3605	Q0	1695791#12	0
3605	Q0	1940823#0	0
3606	Q0	1065584#0	1
3606	Q0	1062671#3	1
3606	Q0	1065584#3	1
3606	Q0	1065584#2	0
3606	Q0	2316252#6	0
3606	Q0	139718#9	0
3606	Q0	2558926#9	0
3606	Q0	1457256#23	0
3606	Q0	2026328#15	0
3606	Q0	1065584#4	0
3606	Q0	1139185#4	0
3607	Q0	1133146#1	1
3607	Q0	1115983#1	1
3607	Q0	3351547#2	0
3607	Q0	1980410#1	0
3607	Q0	23404#21	0
3607	Q0	1133148#41	0
3607	Q0	10328#39	0
3607	Q0	2136396#1	0
3607	Q0	10328#6	0
3607	Q0	3272935#1	0
3609	Q0	983800#3	1
3609	Q0	983800#0	1
3609	Q0	983800#21	0
3609	Q0	983800#6	0
3609	Q0	983800#22	0
3609	Q0	983800#23	0
3609	Q0	983800#26	0
3609	Q0	983800#8	0
3609	Q0	983800#11	0
3609	Q0	983800#17	0
3610	Q0	214949#0	1
3610	Q0	3468649#23	1
3610	Q0	214949#9	1
3610	Q0	22468#12	0
3610	Q0	495115#5	0
3610	Q0	1496156#21	0
3610	Q0	146797#17	0
3610	Q0	3540894#7	0
3610	Q0	214949#8	0
3610	Q0	214949#5	0
3610	Q0	529115#13	0
3611	Q0	54796#4	1
3611	Q0	57795#1	0
3611	Q0	54796#5	0
3611	Q0	148930#1	0
3611	Q0	2162#15	0
3611	Q0	54796#2	0
3611	Q0	1084966#0	0
3611	Q0	54796#0	0
3611	Q0	54796#6	0
3611	Q0	3591688#6	0
3612	Q0	38403#13	1
3612	Q0	38403#1	1
3612	Q0	55390#75	0
3612	Q0	55390#17	0
3612	Q0	3791524#271	0
3612	Q0	38403#34	0
3612	Q0	41077#14	0
3612	Q0	55390#21	0
3612	Q0	994070#14	0
3612	Q0	38403#2	0
3613	Q0	131618#9	1
3613	Q0	131618#11	0
3613	Q0	131618#30	0
3613	Q0	17703#16	0
3613	Q0	1303561#13	0
3613	Q0	131618#5	0
3613	Q0	150059#8	0
3613	Q0	2819526#14	0
3613	Q0	131618#6	0
3613	Q0	1632031#9	0
3614	Q0	1225364#48	1
3614	Q0	520184#6	0
3614	Q0	1225364#106	0
3614	Q0	1225364#11	0
3614	Q0	3530498#7	0
3614	Q0	3036786#4	0
3614	Q0	1912673#13	0
3614	Q0	1225364#6	0
3614	Q0	1225364#113	0
3614	Q0	1225364#100	0
3616	Q0	3252534#38	1
3616	Q0	575660#3	1
3616	Q0	1704352#27	0
3616	Q0	243243#7	0
3616	Q0	2607228#1	0
3616	Q0	1704352#24	0
3616	Q0	3554897#0	0
3616	Q0	1870139#20	0
3616	Q0	1783544#11	0
3616	Q0	1132044#7	0
3617	Q0	1097318#21	1
3617	Q0	1097318#30	1
3617	Q0	1097318#24	1
3617	Q0	1097318#2	1
3617	Q0	1097318#12	1
3617	Q0	102#66	0
3617	Q0	1097318#48	0
3617	Q0	1313624#9	0
3617	Q0	418199#25	0
3617	Q0	1097318#49	0
3618	Q0	1315382#8	1
3618	Q0	15343#0	1
3618	Q0	3789175#0	1
3618	Q0	13559#38	1
3618	Q0	2983241#0	0
3618	Q0	1315382#16	0
3618	Q0	1315382#30	0
3618	Q0	15343#11	0
3618	Q0	106602#2	0
3618	Q0	2067037#1	0
3619	Q0	6506#20	1
3619	Q0	58229#1	1
3619	Q0	312767#5	1
3619	Q0	15700#58	1
3619	Q0	58229#3	0
3619	Q0	20820#13	0
3619	Q0	2774319#5	0
3619	Q0	312767#24	0
3619	Q0	2918601#20	0
3619	Q0	329639#0	0
3620	Q0	571748#0	1
3620	Q0	571748#1	0
3620	Q0	571748#7	0
3620	Q0	571748#2	0
3620	Q0	571748#6	0
3620	Q0	3827043#0	0
3620	Q0	195862#2	0
3620	Q0	571748#3	0
3620	Q0	3311801#0	0
3620	Q0	2046388#1	0
3621	Q0	56674#29	1
3621	Q0	56674#0	1
3621	Q0	1041327#23	0
3621	Q0	56674#68	0
3621	Q0	1041327#3	0
3621	Q0	260248#6	0
3621	Q0	792472#16	0
3621	Q0	94110#19	0
3621	Q0	9502#17	0
3621	Q0	340909#6	0
3622	Q0	1476885#0	1
3622	Q0	56949#7	0
3622	Q0	1498097#11	0
3622	Q0	60588#50	0
3622	Q0	147530#8	0
3622	Q0	485819#6	0
3622	Q0	7291#13	0
3622	Q0	578759#0	0
3622	Q0	3865308#8	0
3622	Q0	2105741#4	0
3622	Q0	511689#1	0
3623	Q0	2968365#10	1
3623	Q0	2968365#1	1
3623	Q0	2969814#8	1
3623	Q0	2968365#11	0
3623	Q0	2968365#0	0
3623	Q0	2968365#20	0
3623	Q0	2952198#20	0
3623	Q0	2968365#8	0
3623	Q0	2968365#7	0
3623	Q0	112169#5	0
3624	Q0	340353#18	1
3624	Q0	172823#0	1
3624	Q0	1909625#2	0
3624	Q0	1647263#10	0
3624	Q0	7618#11	0
3624	Q0	1909625#117	0
3624	Q0	1673124#10	0
3624	Q0	172823#26	0
3624	Q0	1489627#5	0
3624	Q0	2613205#8	0
3624	Q0	9819#4	0
3625	Q0	1046480#11	1
3625	Q0	1797660#0	1
3625	Q0	65968#2	1
3625	Q0	1536043#11	0
3625	Q0	65968#18	0
3625	Q0	51217#10	0
3625	Q0	1426345#5	0
3625	Q0	1046480#24	0
3625	Q0	1797660#1	0
3625	Q0	1871607#48	0
3625	Q0	65968#26	0
3626	Q0	22142#4	1
3626	Q0	147694#3	0
3626	Q0	129210#1	0
3626	Q0	625121#2	0
3626	Q0	689117#0	0
3626	Q0	1628692#11	0
3626	Q0	689117#1	0
3626	Q0	255#51	0
3626	Q0	342278#5	0
3626	Q0	2826874#9	0
3627	Q0	2151#2	1
3627	Q0	3871484#0	0
3627	Q0	346380#10	0
3627	Q0	840075#20	0
3627	Q0	1360345#12	0
3627	Q0	1802049#16	0
3627	Q0	167465#21	0
3627	Q0	2243646#0	0
3627	Q0	1360345#22	0
3627	Q0	2540749#0	0
3627	Q0	370349#0	0
3628	Q0	1692008#0	1
3628	Q0	58587#0	1
3628	Q0	1692008#8	0
3628	Q0	1727920#0	0
3628	Q0	1692008#7	0
3628	Q0	1790049#0	0
3628	Q0	1437484#5	0
3628	Q0	2812966#2	0
3628	Q0	1437484#0	0
3628	Q0	817041#0	0
3628	Q0	1692008#1	0
3629	Q0	27070#1	1
3629	Q0	1903#23	1
3629	Q0	3676450#2	1
3629	Q0	1698838#105	0
3629	Q0	279710#48	0
3629	Q0	1903#4	0
3629	Q0	2039626#0	0
3629	Q0	3676450#16	0
3629	Q0	26723#1	0
3629	Q0	3676450#3	0
3630	Q0	167218#0	1
3630	Q0	2221045#1	0
3630	Q0	1565493#0	0
3630	Q0	167218#1	0
3630	Q0	1150120#1	0
3630	Q0	2172830#1	0
3630	Q0	52550#2	0
3630	Q0	714018#1	0
3630	Q0	3025533#1	0
3630	Q0	613016#1	0
3630	Q0	167218#16	0
3631	Q0	92519#0	1
3631	Q0	92519#13	0
3631	Q0	92519#17	0
3631	Q0	92519#7	0
3631	Q0	92519#16	0
3631	Q0	92519#1	0
3631	Q0	92519#2	0
3631	Q0	92519#3	0
3631	Q0	92519#12	0
3631	Q0	92519#6	0
3632	Q0	30249#26	1
3632	Q0	30249#4	0
3632	Q0	30249#5	0
3632	Q0	30249#57	0
3632	Q0	30249#2	0
3632	Q0	486692#2	0
3632	Q0	30249#6	0
3632	Q0	113239#1	0
3632	Q0	30249#10	0
3632	Q0	635279#0	0
3632	Q0	635279#24	0
3632	Q0	30249#21	0
3632	Q0	30249#51	0
3633	Q0	17388#0	1
3633	Q0	369993#10	0
3633	Q0	1180328#7	0
3633	Q0	8080#0	0
3633	Q0	3552691#1	0
3633	Q0	2309355#0	0
3633	Q0	2202411#0	0
3633	Q0	2354559#1	0
3633	Q0	3793868#13	0
3633	Q0	143433#53	0
3633	Q0	3851066#1	0
3633	Q0	17388#23	0
3634	Q0	1773824#1	1
3634	Q0	1773824#0	0
3634	Q0	1773824#7	0
3634	Q0	1773824#5	0
3634	Q0	1773824#4	0
3634	Q0	1773824#6	0
3634	Q0	1773824#2	0
3634	Q0	1019088#11	0
3634	Q0	1773824#3	0
3634	Q0	2044929#1	0
3635	Q0	153480#3	1
3635	Q0	1008463#12	1
3635	Q0	148648#11	1
3635	Q0	153480#0	0
3635	Q0	542314#9	0
3635	Q0	153480#51	0
3635	Q0	965504#28	0
3635	Q0	909936#10	0
3635	Q0	909936#8	0
3635	Q0	2627612#3	0
3636	Q0	142956#0	1
3636	Q0	774181#0	0
3636	Q0	685005#0	0
3636	Q0	2770498#0	0
3636	Q0	3340771#0	0
3636	Q0	1992883#0	0
3636	Q0	3814291#1	0
3636	Q0	94320#0	0
3636	Q0	3720503#0	0
3636	Q0	704290#0	0
3637	Q0	353574#10	1
3637	Q0	1476885#0	1
3637	Q0	72941#3	0
3637	Q0	2039503#4	0
3637	Q0	72941#13	0
3637	Q0	3731108#36	0
3637	Q0	127271#41	0
3637	Q0	1534940#29	0
3637	Q0	1255#3	0
3637	Q0	1180744#3	0
3637	Q0	22768#30	0
3638	Q0	73224#1	1
3638	Q0	73224#0	1
3638	Q0	1808711#0	0
3638	Q0	73224#19	0
3638	Q0	73224#2	0
3638	Q0	73224#3	0
3638	Q0	73224#7	0
3638	Q0	1808711#2	0
3638	Q0	73224#9	0
3638	Q0	94470#20	0
3639	Q0	266464#27	1
3639	Q0	510387#5	0
3639	Q0	327844#11	0
3639	Q0	3222081#8	0
3639	Q0	266469#21	0
3639	Q0	662833#7	0
3639	Q0	109017#4	0
3639	Q0	1440599#5	0
3639	Q0	12509#15	0
3639	Q0	1193400#9	0
3639	Q0	266464#13	0
3639	Q0	266464#20	0
3639	Q0	266464#12	0
3639	Q0	266464#15	0
3640	Q0	36572#10	1
3640	Q0	46196#0	0
3640	Q0	10145#72	0
3640	Q0	102733#13	0
3640	Q0	46196#10	0
3640	Q0	45961#7	0
3640	Q0	46196#1	0
3640	Q0	46196#21	0
3640	Q0	46196#15	0
3640	Q0	46196#22	0
3640	Q0	40090#32	0
3641	Q0	3380395#0	1
3641	Q0	3380395#14	0
3641	Q0	3380395#2	0
3641	Q0	3380395#28	0
3641	Q0	3380395#13	0
3641	Q0	3380395#24	0
3641	Q0	3380395#21	0
3641	Q0	3380395#1	0
3641	Q0	3380395#19	0
3641	Q0	3380395#16	0
3643	Q0	1439214#53	1
3643	Q0	1439214#3	1
3643	Q0	1439214#0	0
3643	Q0	1439214#7	0
3643	Q0	2621535#6	0
3643	Q0	3435138#24	0
3643	Q0	1439214#51	0
3643	Q0	626718#0	0
3643	Q0	663355#0	0
3643	Q0	2969858#4	0
3644	Q0	948826#4	1
3644	Q0	2958346#2	0
3644	Q0	948826#5	0
3644	Q0	948826#20	0
3644	Q0	948826#6	0
3644	Q0	948826#0	0
3644	Q0	948826#2	0
3644	Q0	948826#35	0
3644	Q0	1085942#6	0
3644	Q0	57784#1	0
3645	Q0	27766#5	1
3645	Q0	27766#7	0
3645	Q0	379229#0	0
3645	Q0	27766#8	0
3645	Q0	1903#80	0
3645	Q0	27766#24	0
3645	Q0	27766#23	0
3645	Q0	27766#12	0
3645	Q0	27766#1	0
3645	Q0	27766#31	0
3646	Q0	73499#0	1
3646	Q0	73499#1	0
3646	Q0	2636635#7	0
3646	Q0	73499#6	0
3646	Q0	2636635#5	0
3646	Q0	1599213#1	0
3646	Q0	1250895#2	0
3646	Q0	3440343#0	0
3646	Q0	3797452#4	0
3646	Q0	73499#10	0
3648	Q0	119536#17	1
3648	Q0	2020401#0	1
3648	Q0	3043266#33	0
3648	Q0	19995#42	0
3648	Q0	119536#5	0
3648	Q0	119536#15	0
3648	Q0	119536#20	0
3648	Q0	1702189#9	0
3648	Q0	19812#6	0
3648	Q0	491720#3	0
3651	Q0	1746#8	1
3651	Q0	8689#0	1
3651	Q0	272489#2	0
3651	Q0	93653#2	0
3651	Q0	8679#0	0
3651	Q0	8727#6	0
3651	Q0	101488#8	0
3651	Q0	665035#1	0
3651	Q0	1746#7	0
3651	Q0	8742#1	0
3651	Q0	13949#14	0
3652	Q0	82823#13	1
3652	Q0	82823#19	0
3652	Q0	82823#12	0
3652	Q0	82823#4	0
3652	Q0	82823#18	0
3652	Q0	82823#16	0
3652	Q0	82823#15	0
3652	Q0	82823#9	0
3652	Q0	82823#3	0
3652	Q0	9605#9	0
3652	Q0	82823#22	0
3653	Q0	208960#0	1
3653	Q0	2627119#0	1
3653	Q0	208960#2	0
3653	Q0	1130813#1	0
3653	Q0	3756229#8	0
3653	Q0	3004186#1	0
3653	Q0	279713#1	0
3653	Q0	208960#14	0
3653	Q0	2508897#1	0
3653	Q0	1130813#5	0
3654	Q0	1306539#12	1
3654	Q0	3590196#15	0
3654	Q0	2724041#1	0
3654	Q0	1242020#34	0
3654	Q0	1242020#2	0
3654	Q0	1242020#10	0
3654	Q0	1242020#64	0
3654	Q0	71364#3	0
3654	Q0	297945#2	0
3654	Q0	297945#0	0
3655	Q0	15877#1	1
3655	Q0	2502839#32	0
3655	Q0	15877#8	0
3655	Q0	15877#35	0
3655	Q0	996812#1	0
3655	Q0	400212#27	0
3655	Q0	858141#2	0
3655	Q0	3838144#7	0
3655	Q0	3004589#4	0
3655	Q0	15877#15	0
3655	Q0	15877#13	0
3656	Q0	1409114#3	1
3656	Q0	1409114#0	0
3656	Q0	56556#3	0
3656	Q0	25002#8	0
3656	Q0	1497360#6	0
3656	Q0	2206314#15	0
3656	Q0	1409114#1	0
3656	Q0	56244#4	0
3656	Q0	38648#5	0
3656	Q0	1409114#12	0
3656	Q0	1409114#9	0
3657	Q0	382006#187	1
3657	Q0	1642305#17	1
3657	Q0	1642305#1	1
3657	Q0	1642305#29	0
3657	Q0	1642305#16	0
3657	Q0	1642305#18	0
3657	Q0	39771#55	0
3657	Q0	2040082#83	0
3657	Q0	1642305#7	0
3657	Q0	113285#8	0
3657	Q0	152351#20	0
3658	Q0	91758#4	1
3658	Q0	91758#1	1
3658	Q0	91758#0	0
3658	Q0	91758#12	0
3658	Q0	91758#25	0
3658	Q0	91758#23	0
3658	Q0	91758#7	0
3658	Q0	91758#3	0
3658	Q0	91758#6	0
3658	Q0	91758#9	0
3659	Q0	19199#5	1
3659	Q0	19199#10	0
3659	Q0	264289#3	0
3659	Q0	264289#8	0
3659	Q0	3421574#11	0
3659	Q0	264289#5	0
3659	Q0	3421574#4	0
3659	Q0	264289#0	0
3659	Q0	264289#6	0
3659	Q0	697#1	0
3659	Q0	264289#9	0
3660	Q0	2961239#2	1
3660	Q0	2961239#26	0
3660	Q0	2963215#8	0
3660	Q0	923421#15	0
3660	Q0	1334850#5	0
3660	Q0	3340548#2	0
3660	Q0	2814614#19	0
3660	Q0	1756284#15	0
3660	Q0	5860#5	0
3660	Q0	3340548#1	0
3661	Q0	547381#13	1
3661	Q0	547381#16	0
3661	Q0	547381#14	0
3661	Q0	58768#7	0
3661	Q0	556606#5	0
3661	Q0	750282#149	0
3661	Q0	1587707#4	0
3661	Q0	547381#41	0
3661	Q0	547381#42	0
3661	Q0	547381#35	0
3661	Q0	547381#30	0
3662	Q0	180356#1	1
3662	Q0	2046117#0	0
3662	Q0	3869685#2	0
3662	Q0	1981138#0	0
3662	Q0	1984401#0	0
3662	Q0	1973802#0	0
3662	Q0	1986571#1	0
3662	Q0	1984400#0	0
3662	Q0	1351979#0	0
3662	Q0	180356#4	0
3663	Q0	137802#3	1
3663	Q0	371518#1	1
3663	Q0	80641#12	1
3663	Q0	3378#21	1
3663	Q0	3374#24	1
3663	Q0	878114#10	1
3663	Q0	63872#19	1
3663	Q0	3374#5	1
3663	Q0	2314608#33	0
3663	Q0	137802#68	0
3663	Q0	137802#110	0
3664	Q0	3615314#0	1
3664	Q0	3615314#4	0
3664	Q0	3615314#1	0
3664	Q0	3615314#12	0
3664	Q0	3615314#6	0
3664	Q0	3615314#8	0
3664	Q0	3615314#14	0
3664	Q0	3615314#9	0
3664	Q0	3615314#10	0
3664	Q0	3615314#3	0
3665	Q0	570934#2	1
3665	Q0	26300#14	1
3665	Q0	177473#6	0
3665	Q0	2133714#0	0
3665	Q0	177473#2	0
3665	Q0	177473#5	0
3665	Q0	1646128#1	0
3665	Q0	177473#1	0
3665	Q0	959991#0	0
3665	Q0	440010#0	0
3665	Q0	440010#1	0
3666	Q0	284286#0	1
3666	Q0	200512#2	0
3666	Q0	1289417#3	0
3666	Q0	284286#1	0
3666	Q0	797017#1	0
3666	Q0	1171787#2	0
3666	Q0	186302#11	0
3666	Q0	84549#0	0
3666	Q0	1463357#1	0
3666	Q0	730590#1	0
3667	Q0	1864744#68	1
3667	Q0	1426930#18	1
3667	Q0	1426930#6	1
3667	Q0	2382#1	1
3667	Q0	544384#21	0
3667	Q0	136292#6	0
3667	Q0	2278#93	0
3667	Q0	2382#22	0
3667	Q0	35205#6	0
3667	Q0	2382#76	0
3667	Q0	2278#134	0
3667	Q0	2382#0	0
3670	Q0	2328979#0	1
3670	Q0	2001340#37	1
3670	Q0	2001340#55	1
3670	Q0	2328979#15	0
3670	Q0	2328979#10	0
3670	Q0	2328979#7	0
3670	Q0	2328979#13	0
3670	Q0	2328979#11	0
3670	Q0	2328979#4	0
3670	Q0	2328979#1	0
3673	Q0	493#17	1
3673	Q0	951010#6	0
3673	Q0	3521816#0	0
3673	Q0	849460#21	0
3673	Q0	2247411#11	0
3673	Q0	216386#9	0
3673	Q0	122479#2	0
3673	Q0	849460#22	0
3673	Q0	1809350#4	0
3673	Q0	493#2	0
3673	Q0	34956#3	0
3674	Q0	4850#3	1
3674	Q0	2136224#6	1
3674	Q0	4850#0	0
3674	Q0	2190494#0	0
3674	Q0	4850#22	0
3674	Q0	3469153#2	0
3674	Q0	4850#1	0
3674	Q0	1119170#3	0
3674	Q0	4850#10	0
3674	Q0	4850#19	0
3676	Q0	1234198#0	1
3676	Q0	3204860#1	1
3676	Q0	564852#0	1
3676	Q0	3306184#0	1
3676	Q0	2571172#0	1
3676	Q0	359172#0	1
3676	Q0	858137#0	1
3676	Q0	859633#0	1
3676	Q0	1413862#1	0
3676	Q0	1783915#0	0
3678	Q0	130865#5	1
3678	Q0	130865#4	0
3678	Q0	5631#33	0
3678	Q0	1891567#8	0
3678	Q0	2037311#2	0
3678	Q0	3828378#2	0
3678	Q0	315313#24	0
3678	Q0	3869309#9	0
3678	Q0	130865#2	0
3678	Q0	12539#35	0
3678	Q0	2811619#41	0
3679	Q0	17393#0	1
3679	Q0	17393#27	1
3679	Q0	17393#52	0
3679	Q0	17393#25	0
3679	Q0	3427#147	0
3679	Q0	1154216#27	0
3679	Q0	17393#51	0
3679	Q0	1261166#0	0
3679	Q0	17393#30	0
3679	Q0	370608#3	0
3680	Q0	19352#0	1
3680	Q0	1129890#0	0
3680	Q0	3034730#1	0
3680	Q0	19352#1	0
3680	Q0	1721610#0	0
3680	Q0	19352#5	0
3680	Q0	19352#7	0
3680	Q0	771709#0	0
3680	Q0	948343#1	0
3680	Q0	259313#1	0
3681	Q0	1038644#0	1
3681	Q0	1013704#3	0
3681	Q0	1013704#0	0
3681	Q0	3044303#7	0
3681	Q0	322927#3	0
3681	Q0	410568#32	0
3681	Q0	13802#32	0
3681	Q0	1013704#7	0
3681	Q0	31#84	0
3681	Q0	3044303#5	0
3681	Q0	410568#6	0
3682	Q0	3097#0	1
3682	Q0	38720#10	0
3682	Q0	529891#10	0
3682	Q0	1230603#1	0
3682	Q0	3102549#3	0
3682	Q0	341016#19	0
3682	Q0	1819902#15	0
3682	Q0	65497#7	0
3682	Q0	1474765#2	0
3682	Q0	2587560#0	0
3682	Q0	470889#8	0
3683	Q0	99554#1	1
3683	Q0	99550#1	0
3683	Q0	99550#7	0
3683	Q0	1985467#16	0
3683	Q0	360317#1	0
3683	Q0	181514#12	0
3683	Q0	2112739#17	0
3683	Q0	2344329#2	0
3683	Q0	192589#1	0
3683	Q0	3273985#1	0
3684	Q0	603929#5	1
3684	Q0	603929#6	1
3684	Q0	603929#8	0
3684	Q0	603929#9	0
3684	Q0	603929#7	0
3684	Q0	603929#3	0
3684	Q0	603929#0	0
3684	Q0	603929#19	0
3684	Q0	603929#10	0
3684	Q0	603929#11	0
3685	Q0	278238#1	1
3685	Q0	3860518#3	0
3685	Q0	278238#32	0
3685	Q0	278238#53	0
3685	Q0	278238#24	0
3685	Q0	278238#6	0
3685	Q0	278238#2	0
3685	Q0	278238#38	0
3685	Q0	278238#46	0
3685	Q0	278313#4	0
3685	Q0	2080546#2	0
3686	Q0	1642#1	1
3686	Q0	1044097#3	0
3686	Q0	2702975#1	0
3686	Q0	215262#3	0
3686	Q0	1601806#2	0
3686	Q0	1799418#5	0
3686	Q0	1396418#1	0
3686	Q0	3495237#2	0
3686	Q0	996097#3	0
3686	Q0	529418#8	0
3686	Q0	2492812#3	0
3688	Q0	8838#2	1
3688	Q0	1361864#4	0
3688	Q0	1528#20	0
3688	Q0	1360345#1	0
3688	Q0	97303#2	0
3688	Q0	1360345#7	0
3688	Q0	2324165#2	0
3688	Q0	160556#9	0
3688	Q0	1360345#6	0
3688	Q0	272962#61	0
3688	Q0	69479#8	0
3689	Q0	48127#0	1
3689	Q0	48127#55	1
3689	Q0	48163#0	1
3689	Q0	48127#47	0
3689	Q0	48127#51	0
3689	Q0	48127#48	0
3689	Q0	48127#11	0
3689	Q0	48127#54	0
3689	Q0	48127#29	0
3689	Q0	48127#33	0
3691	Q0	559014#2	1
3691	Q0	968411#2	1
3691	Q0	3054903#3	1
3691	Q0	2525020#5	0
3691	Q0	559168#3	0
3691	Q0	2549128#1	0
3691	Q0	1639630#4	0
3691	Q0	558995#3	0
3691	Q0	1639630#3	0
3691	Q0	3268015#29	0
3692	Q0	2674973#1	1
3692	Q0	1065#12	1
3692	Q0	497517#40	1
3692	Q0	3832766#1	1
3692	Q0	768346#0	1
3692	Q0	768346#10	1
3692	Q0	1626769#3	0
3692	Q0	144797#0	0
3692	Q0	2346#62	0
3692	Q0	361499#0	0
3692	Q0	1074#55	0
3692	Q0	2346#32	0
3694	Q0	7965#9	1
3694	Q0	2592574#3	1
3694	Q0	1998759#12	1
3694	Q0	7966#9	1
3694	Q0	50853#18	0
3694	Q0	1909625#68	0
3694	Q0	3551085#2	0
3694	Q0	7965#12	0
3694	Q0	3551085#40	0
3694	Q0	7966#8	0
3695	Q0	1775735#3	1
3695	Q0	26350#2	1
3695	Q0	26350#7	0
3695	Q0	625181#27	0
3695	Q0	3059865#3	0
3695	Q0	501720#13	0
3695	Q0	26715#0	0
3695	Q0	2042693#1	0
3695	Q0	26350#9	0
3695	Q0	3066406#1	0
3696	Q0	1940080#0	1
3696	Q0	160797#0	1
3696	Q0	55390#2	1
3696	Q0	3444912#0	0
3696	Q0	2964724#0	0
3696	Q0	2682344#0	0
3696	Q0	1940080#7	0
3696	Q0	2443507#0	0
3696	Q0	2680122#0	0
3696	Q0	3444912#16	0
3696	Q0	55390#0	0
3700	Q0	179398#9	1
3700	Q0	179398#19	0
3700	Q0	357250#10	0
3700	Q0	179398#0	0
3700	Q0	210415#58	0
3700	Q0	2219237#0	0
3700	Q0	1657025#0	0
3700	Q0	425968#0	0
3700	Q0	179398#14	0
3700	Q0	270926#0	0
3700	Q0	437368#17	0
3704	Q0	1534533#1	1
3704	Q0	1534533#29	0
3704	Q0	30949#16	0
3704	Q0	3111926#0	0
3704	Q0	1139461#3	0
3704	Q0	1534533#0	0
3704	Q0	3708457#2	0
3704	Q0	3750851#1	0
3704	Q0	1039255#1	0
3704	Q0	81336#1	0
3705	Q0	102756#22	1
3705	Q0	102756#54	1
3705	Q0	102756#53	0
3705	Q0	102756#40	0
3705	Q0	59611#9	0
3705	Q0	248155#49	0
3705	Q0	102756#17	0
3705	Q0	102756#21	0
3705	Q0	102756#2	0
3705	Q0	102756#27	0
3706	Q0	2946454#3	1
3706	Q0	2946454#0	0
3706	Q0	2946454#1	0
3706	Q0	2855655#3	0
3706	Q0	2195773#1	0
3706	Q0	1949372#1	0
3706	Q0	2254514#6	0
3706	Q0	2946454#21	0
3706	Q0	3813942#1	0
3706	Q0	2941951#1	0
3707	Q0	2334#3	1
3707	Q0	2334#0	1
3707	Q0	2334#1	0
3707	Q0	2334#2	0
3707	Q0	2334#6	0
3707	Q0	2334#17	0
3707	Q0	2334#13	0
3707	Q0	2334#10	0
3707	Q0	2334#5	0
3707	Q0	2334#7	0
3708	Q0	1218009#1	1
3708	Q0	1218009#2	1
3708	Q0	1218009#20	0
3708	Q0	1218009#3	0
3708	Q0	85603#12	0
3708	Q0	1218009#10	0
3708	Q0	1218009#7	0
3708	Q0	1218009#14	0
3708	Q0	1259667#0	0
3708	Q0	1218009#0	0
3710	Q0	2904399#4	1
3710	Q0	2904399#0	1
3710	Q0	1284890#2	1
3710	Q0	3608839#9	0
3710	Q0	2658505#0	0
3710	Q0	2675626#1	0
3710	Q0	2658505#5	0
3710	Q0	100#73	0
3710	Q0	3969#16	0
3710	Q0	2143467#1	0
3711	Q0	1604749#0	1
3711	Q0	1625478#0	1
3711	Q0	26301#2	1
3711	Q0	26301#36	0
3711	Q0	26301#39	0
3711	Q0	54796#16	0
3711	Q0	2465181#6	0
3711	Q0	26301#4	0
3711	Q0	26301#33	0
3711	Q0	457347#9	0
3711	Q0	1475055#0	0
3712	Q0	130972#0	1
3712	Q0	34586#0	1
3712	Q0	34586#1	0
3712	Q0	34586#4	0
3712	Q0	1564632#28	0
3712	Q0	1272191#5	0
3712	Q0	34586#3	0
3712	Q0	1251434#0	0
3712	Q0	15945#42	0
3712	Q0	1855049#13	0
3713	Q0	32930#0	1
3713	Q0	219672#1	0
3713	Q0	7900#4	0
3713	Q0	3704705#1	0
3713	Q0	1621647#0	0
3713	Q0	1437446#2	0
3713	Q0	290193#7	0
3713	Q0	1555470#24	0
3713	Q0	5464#23	0
3713	Q0	1413583#0	0
3713	Q0	82660#0	0
3715	Q0	587943#8	1
3715	Q0	882663#133	0
3715	Q0	137791#62	0
3715	Q0	152351#22	0
3715	Q0	27103#4	0
3715	Q0	2670136#2	0
3715	Q0	43674#62	0
3715	Q0	882663#91	0
3715	Q0	3596094#14	0
3715	Q0	54357#51	0
3716	Q0	894212#1	1
3716	Q0	894212#21	0
3716	Q0	618580#89	0
3716	Q0	894212#17	0
3716	Q0	894212#16	0
3716	Q0	894212#6	0
3716	Q0	2980412#2	0
3716	Q0	894212#15	0
3716	Q0	42931#31	0
3716	Q0	894212#9	0
3716	Q0	808777#3	0
3717	Q0	105750#0	1
3717	Q0	677558#2	0
3717	Q0	105750#19	0
3717	Q0	105750#1	0
3717	Q0	105750#8	0
3717	Q0	49270#1	0
3717	Q0	2689957#1	0
3717	Q0	470402#21	0
3717	Q0	89333#3	0
3717	Q0	2921745#0	0
3718	Q0	338994#0	1
3718	Q0	338994#1	0
3718	Q0	338994#8	0
3718	Q0	485778#1	0
3718	Q0	338994#4	0
3718	Q0	338994#10	0
3718	Q0	338994#14	0
3718	Q0	338994#16	0
3718	Q0	338994#2	0
3718	Q0	291410#0	0
3719	Q0	66172#0	1
3719	Q0	112569#4	0
3719	Q0	3506284#1	0
3719	Q0	436393#2	0
3719	Q0	2721646#13	0
3719	Q0	29439#4	0
3719	Q0	625949#1	0
3719	Q0	88181#4	0
3719	Q0	3053098#1	0
3719	Q0	56185#1	0
3720	Q0	2482997#1	1
3720	Q0	2483552#5	0
3720	Q0	1028368#8	0
3720	Q0	2482997#81	0
3720	Q0	2482997#28	0
3720	Q0	1021600#111	0
3720	Q0	2482997#23	0
3720	Q0	2483552#1	0
3720	Q0	2482997#0	0
3720	Q0	2482997#97	0
3722	Q0	59525#19	1
3722	Q0	3830851#0	0
3722	Q0	3836039#2	0
3722	Q0	3781719#0	0
3722	Q0	3779293#1	0
3722	Q0	3549133#10	0
3722	Q0	1228847#8	0
3722	Q0	3796417#7	0
3722	Q0	177481#16	0
3722	Q0	2773390#2	0
3722	Q0	173#79	0
3723	Q0	12187#9	1
3723	Q0	18072#2	1
3723	Q0	1806226#8	0
3723	Q0	66157#4	0
3723	Q0	113393#0	0
3723	Q0	1428415#0	0
3723	Q0	3442566#1	0
3723	Q0	686734#1	0
3723	Q0	2239#14	0
3723	Q0	107712#1	0
3724	Q0	3327883#2	1
3724	Q0	3327883#3	0
3724	Q0	1306457#2	0
3724	Q0	3144276#2	0
3724	Q0	3031093#1	0
3724	Q0	645946#3	0
3724	Q0	3327883#0	0
3724	Q0	1743550#0	0
3724	Q0	3144276#1	0
3724	Q0	3327883#19	0
3726	Q0	3122014#0	1
3726	Q0	3122014#1	0
3726	Q0	3122014#9	0
3726	Q0	3122014#2	0
3726	Q0	3122014#3	0
3726	Q0	3122014#7	0
3726	Q0	3122014#8	0
3726	Q0	3122014#11	0
3726	Q0	3122014#6	0
3726	Q0	22283#1	0
3728	Q0	189753#3	1
3728	Q0	189753#0	1
3728	Q0	189753#4	0
3728	Q0	189753#23	0
3728	Q0	189753#11	0
3728	Q0	189753#6	0
3728	Q0	1399036#1	0
3728	Q0	189753#1	0
3728	Q0	1676338#1	0
3728	Q0	172608#5	0
3731	Q0	186104#72	1
3731	Q0	2693#0	1
3731	Q0	436003#12	0
3731	Q0	2693#87	0
3731	Q0	186104#1	0
3731	Q0	3256865#0	0
3731	Q0	2693#55	0
3731	Q0	436003#0	0
3731	Q0	186104#48	0
3731	Q0	2074968#3	0
3731	Q0	436003#14	0
3732	Q0	20476#0	1
3732	Q0	20476#2	1
3732	Q0	20476#21	0
3732	Q0	20476#7	0
3732	Q0	2011784#0	0
3732	Q0	20476#18	0
3732	Q0	313591#3	0
3732	Q0	1539962#1	0
3732	Q0	20476#19	0
3732	Q0	2175951#1	0
3732	Q0	20476#22	0
3732	Q0	20476#10	0
3733	Q0	3118307#0	1
3733	Q0	113299#8	0
3733	Q0	788775#0	0
3733	Q0	1363477#33	0
3733	Q0	3185863#8	0
3733	Q0	113299#0	0
3733	Q0	1969711#2	0
3733	Q0	1297035#72	0
3733	Q0	945658#43	0
3733	Q0	1297035#22	0
3733	Q0	3118307#5	0
3735	Q0	449792#1	1
3735	Q0	449792#0	1
3735	Q0	962121#0	0
3735	Q0	344832#0	0
3735	Q0	449792#2	0
3735	Q0	449792#26	0
3735	Q0	1525940#1	0
3735	Q0	2944721#3	0
3735	Q0	344832#3	0
3735	Q0	459410#0	0
3736	Q0	205035#7	1
3736	Q0	323682#2	1
3736	Q0	323682#0	0
3736	Q0	326899#0	0
3736	Q0	1400348#3	0
3736	Q0	39946#18	0
3736	Q0	37477#0	0
3736	Q0	1334887#2	0
3736	Q0	323682#7	0
3736	Q0	168426#7	0
3737	Q0	12787#15	1
3737	Q0	12787#0	0
3737	Q0	12787#16	0
3737	Q0	65606#1	0
3737	Q0	12787#19	0
3737	Q0	1561965#61	0
3737	Q0	12787#7	0
3737	Q0	100669#22	0
3737	Q0	12787#3	0
3737	Q0	12787#12	0
3737	Q0	149263#12	0
3738	Q0	2873324#0	1
3738	Q0	2873324#4	1
3738	Q0	2873324#6	0
3738	Q0	2961254#0	0
3738	Q0	2873324#7	0
3738	Q0	2873324#25	0
3738	Q0	2873324#15	0
3738	Q0	2873324#5	0
3738	Q0	858074#1	0
3738	Q0	1061495#2	0
3739	Q0	74664#2	1
3739	Q0	74664#1	1
3739	Q0	2254528#20	0
3739	Q0	2139659#26	0
3739	Q0	74664#18	0
3739	Q0	74664#19	0
3739	Q0	2239469#28	0
3739	Q0	74664#9	0
3739	Q0	398280#26	0
3739	Q0	133865#1	0
3739	Q0	2139659#27	0
3740	Q0	2705569#7	1
3740	Q0	3519919#0	0
3740	Q0	2705569#8	0
3740	Q0	658774#2	0
3740	Q0	3424551#0	0
3740	Q0	2705569#1	0
3740	Q0	3369108#1	0
3740	Q0	2599702#1	0
3740	Q0	2121942#23	0
3740	Q0	2705569#16	0
3742	Q0	61961#13	1
3742	Q0	3087027#0	1
3742	Q0	252154#0	1
3742	Q0	111701#0	1
3742	Q0	3277#0	1
3742	Q0	3339595#7	0
3742	Q0	252154#6	0
3742	Q0	3339595#6	0
3742	Q0	8372#3	0
3742	Q0	848538#5	0
3742	Q0	3339595#8	0
3743	Q0	2435970#0	1
3743	Q0	2435970#2	0
3743	Q0	3441620#1	0
3743	Q0	3441620#4	0
3743	Q0	2435970#19	0
3743	Q0	1127771#1	0
3743	Q0	3395857#3	0
3743	Q0	2435970#4	0
3743	Q0	3352109#1	0
3743	Q0	2435970#18	0
3745	Q0	1698826#0	1
3745	Q0	1197790#7	0
3745	Q0	136570#0	0
3745	Q0	272939#3	0
3745	Q0	3544604#0	0
3745	Q0	3558786#0	0
3745	Q0	357846#1	0
3745	Q0	3591688#11	0
3745	Q0	573216#3	0
3745	Q0	92546#2	0
3746	Q0	122531#4	1
3746	Q0	1605798#2	0
3746	Q0	2331441#9	0
3746	Q0	880781#3	0
3746	Q0	2775734#0	0
3746	Q0	3458481#4	0
3746	Q0	880781#6	0
3746	Q0	104319#3	0
3746	Q0	3040300#2	0
3746	Q0	135457#5	0
3746	Q0	122531#8	0
3747	Q0	2173#14	1
3747	Q0	1477834#3	1
3747	Q0	3205798#39	0
3747	Q0	792633#1	0
3747	Q0	3888448#29	0
3747	Q0	462235#30	0
3747	Q0	665544#9	0
3747	Q0	701054#1	0
3747	Q0	746859#3	0
3747	Q0	134039#47	0
3748	Q0	8792#4	1
3748	Q0	177494#7	1
3748	Q0	8792#6	1
3748	Q0	1356098#1	0
3748	Q0	2107112#1	0
3748	Q0	8792#10	0
3748	Q0	8792#13	0
3748	Q0	613584#1	0
3748	Q0	8792#12	0
3748	Q0	3136125#0	0
3748	Q0	8792#2	0
3749	Q0	35191#0	1
3749	Q0	35191#19	0
3749	Q0	35191#7	0
3749	Q0	35191#14	0
3749	Q0	35191#3	0
3749	Q0	2367234#0	0
3749	Q0	35191#9	0
3749	Q0	35191#10	0
3749	Q0	35191#8	0
3749	Q0	35191#15	0
3752	Q0	154437#2	1
3752	Q0	169189#3	0
3752	Q0	154437#0	0
3752	Q0	394229#0	0
3752	Q0	154437#3	0
3752	Q0	310087#7	0
3752	Q0	2106811#2	0
3752	Q0	3771032#0	0
3752	Q0	1731027#8	0
3752	Q0	2942472#2	0
3753	Q0	1356338#1	1
3753	Q0	26838#21	0
3753	Q0	1428934#6	0
3753	Q0	149254#2	0
3753	Q0	1205372#1	0
3753	Q0	1215264#34	0
3753	Q0	597079#95	0
3753	Q0	6807#23	0
3753	Q0	797345#22	0
3753	Q0	71062#3	0
3753	Q0	811908#4	0
3754	Q0	3538816#0	1
3754	Q0	3538816#2	0
3754	Q0	3538816#5	0
3754	Q0	3538816#9	0
3754	Q0	3538816#7	0
3754	Q0	3538816#4	0
3754	Q0	3538816#10	0
3754	Q0	2170900#5	0
3754	Q0	3538816#8	0
3754	Q0	3538816#12	0
3756	Q0	3503760#1	1
3756	Q0	3503760#0	0
3756	Q0	3503760#17	0
3756	Q0	3503760#3	0
3756	Q0	3503760#11	0
3756	Q0	3503760#4	0
3756	Q0	3503760#6	0
3756	Q0	3503760#7	0
3756	Q0	3503760#2	0
3756	Q0	3503760#8	0
3758	Q0	46432#4	1
3758	Q0	46432#0	0
3758	Q0	1667545#0	0
3758	Q0	635368#12	0
3758	Q0	2808222#1	0
3758	Q0	2468553#11	0
3758	Q0	2808222#2	0
3758	Q0	3195762#0	0
3758	Q0	333309#1	0
3758	Q0	27227#3	0
3759	Q0	3637740#0	1
3759	Q0	235041#0	1
3759	Q0	235041#1	1
3759	Q0	235041#11	0
3759	Q0	1686544#0	0
3759	Q0	1679372#1	0
3759	Q0	3637740#2	0
3759	Q0	2975056#9	0
3759	Q0	1573775#10	0
3759	Q0	235041#4	0
3760	Q0	3055176#2	1
3760	Q0	35294#1	1
3760	Q0	1136949#3	1
3760	Q0	391423#14	1
3760	Q0	102660#10	0
3760	Q0	3055176#37	0
3760	Q0	3055176#0	0
3760	Q0	3013189#0	0
3760	Q0	52382#24	0
3760	Q0	4395#17	0
3760	Q0	35294#0	0
3761	Q0	511488#5	1
3761	Q0	1880062#4	1
3761	Q0	511488#4	0
3761	Q0	511488#0	0
3761	Q0	511488#1	0
3761	Q0	511488#26	0
3761	Q0	511488#25	0
3761	Q0	511488#22	0
3761	Q0	1883943#0	0
3761	Q0	511488#10	0
3762	Q0	370247#0	1
3762	Q0	370247#5	1
3762	Q0	2403987#2	0
3762	Q0	370247#9	0
3762	Q0	410285#4	0
3762	Q0	1309926#3	0
3762	Q0	1416268#1	0
3762	Q0	370247#7	0
3762	Q0	370247#13	0
3762	Q0	391131#2	0
3763	Q0	173719#3	1
3763	Q0	10270#2	1
3763	Q0	1462102#1	0
3763	Q0	2681779#19	0
3763	Q0	382918#1	0
3763	Q0	727828#0	0
3763	Q0	184190#3	0
3763	Q0	2389021#4	0
3763	Q0	143082#4	0
3763	Q0	27009#36	0
3763	Q0	308438#22	0
3764	Q0	959725#14	1
3764	Q0	31949#5	1
3764	Q0	31949#18	0
3764	Q0	31949#16	0
3764	Q0	2662255#139	0
3764	Q0	959725#1	0
3764	Q0	2662255#63	0
3764	Q0	723302#29	0
3764	Q0	6715#1	0
3764	Q0	2580895#3	0
3765	Q0	39735#0	1
3765	Q0	1079355#3	1
3765	Q0	15514#1	1
3765	Q0	39735#19	0
3765	Q0	344704#8	0
3765	Q0	3100846#3	0
3765	Q0	15517#21	0
3765	Q0	1483754#14	0
3765	Q0	3701061#9	0
3765	Q0	39735#21	0
3765	Q0	39735#2	0
3766	Q0	2959003#0	1
3766	Q0	2959003#17	0
3766	Q0	349382#17	0
3766	Q0	23256#58	0
3766	Q0	2959003#21	0
3766	Q0	2959003#2	0
3766	Q0	2959003#12	0
3766	Q0	2959003#22	0
3766	Q0	2959003#23	0
3766	Q0	2959003#19	0
3767	Q0	41412#0	1
3767	Q0	41412#2	1
3767	Q0	3440143#1	1
3767	Q0	41412#17	0
3767	Q0	41412#21	0
3767	Q0	41412#16	0
3767	Q0	41412#26	0
3767	Q0	2272526#1	0
3767	Q0	41412#8	0
3767	Q0	41412#13	0
3768	Q0	2963244#3	1
3768	Q0	1912724#2	1
3768	Q0	1912724#24	0
3768	Q0	1912724#15	0
3768	Q0	1912724#4	0
3768	Q0	1912724#16	0
3768	Q0	1912724#22	0
3768	Q0	20621#4	0
3768	Q0	1912724#21	0
3768	Q0	3064552#9	0
3768	Q0	1912724#18	0
3769	Q0	153619#20	1
3769	Q0	580733#3	1
3769	Q0	9808#0	1
3769	Q0	188753#65	1
3769	Q0	1864744#198	1
3769	Q0	1921822#2	1
3769	Q0	2680145#14	0
3769	Q0	357870#9	0
3769	Q0	9808#45	0
3769	Q0	9808#35	0
3769	Q0	9808#1	0
3771	Q0	8992#0	1
3771	Q0	3893862#2	1
3771	Q0	1909625#111	0
3771	Q0	3877588#5	0
3771	Q0	2514968#6	0
3771	Q0	3645849#133	0
3771	Q0	2514968#8	0
3771	Q0	3877588#1	0
3771	Q0	3378338#6	0
3771	Q0	3236523#10	0
3771	Q0	3893862#48	0
3772	Q0	2195#12	1
3772	Q0	2195#16	0
3772	Q0	1896731#4	0
3772	Q0	2195#17	0
3772	Q0	2953398#2	0
3772	Q0	1199089#5	0
3772	Q0	2195#15	0
3772	Q0	2195#14	0
3772	Q0	698031#5	0
3772	Q0	3528716#1	0
3773	Q0	2448412#0	1
3773	Q0	2446080#0	0
3773	Q0	294741#0	0
3773	Q0	2738702#0	0
3773	Q0	34654#0	0
3773	Q0	170118#33	0
3773	Q0	282487#0	0
3773	Q0	2221105#0	0
3773	Q0	11549#0	0
3773	Q0	329950#0	0
3774	Q0	1816050#4	1
3774	Q0	1816050#12	1
3774	Q0	1816050#11	1
3774	Q0	2465000#3	1
3774	Q0	61498#35	0
3774	Q0	61498#38	0
3774	Q0	3052794#4	0
3774	Q0	1816050#16	0
3774	Q0	2335402#1	0
3774	Q0	3574461#3	0
3775	Q0	109181#0	1
3775	Q0	109181#3	1
3775	Q0	109181#5	1
3775	Q0	109181#11	0
3775	Q0	109181#9	0
3775	Q0	109181#4	0
3775	Q0	109181#7	0
3775	Q0	109181#15	0
3775	Q0	81529#0	0
3775	Q0	109181#6	0
3776	Q0	11650#1	1
3776	Q0	2741#22	1
3776	Q0	11650#6	0
3776	Q0	11650#64	0
3776	Q0	2699686#14	0
3776	Q0	2125483#13	0
3776	Q0	11650#55	0
3776	Q0	11650#23	0
3776	Q0	3246875#4	0
3776	Q0	2156261#1	0
3777	Q0	1598638#1	1
3777	Q0	790566#16	0
3777	Q0	1598638#0	0
3777	Q0	3083922#5	0
3777	Q0	790566#15	0
3777	Q0	790566#17	0
3777	Q0	2455912#0	0
3777	Q0	3070156#0	0
3777	Q0	2510513#23	0
3777	Q0	3311639#1	0
3777	Q0	790566#2	0
3778	Q0	2317299#14	1
3778	Q0	644460#1	1
3778	Q0	1094539#0	1
3778	Q0	69689#4	0
3778	Q0	1421#12	0
3778	Q0	3696477#4	0
3778	Q0	990811#0	0
3778	Q0	1186334#0	0
3778	Q0	682172#7	0
3778	Q0	1384013#0	0
3778	Q0	21145#4	0
3779	Q0	92013#0	1
3779	Q0	92013#2	0
3779	Q0	92013#66	0
3779	Q0	92013#3	0
3779	Q0	92013#26	0
3779	Q0	92013#5	0
3779	Q0	92013#62	0
3779	Q0	445183#1	0
3779	Q0	20328#2	0
3779	Q0	92013#25	0
3780	Q0	31812#18	1
3780	Q0	31812#4	1
3780	Q0	31812#15	1
3780	Q0	31812#12	1
3780	Q0	31812#19	0
3780	Q0	31812#42	0
3780	Q0	31812#22	0
3780	Q0	31812#48	0
3780	Q0	31812#11	0
3780	Q0	31812#32	0
3781	Q0	2852499#4	1
3781	Q0	2852499#1	0
3781	Q0	2852499#7	0
3781	Q0	2852499#6	0
3781	Q0	2852499#5	0
3781	Q0	2852499#0	0
3781	Q0	2222067#21	0
3781	Q0	2852499#19	0
3781	Q0	1854384#11	0
3781	Q0	2852499#2	0
3783	Q0	870433#1	1
3783	Q0	79519#0	1
3783	Q0	14310#0	1
3783	Q0	13505#2	1
3783	Q0	3315#9	0
3783	Q0	13505#21	0
3783	Q0	870433#0	0
3783	Q0	14310#24	0
3783	Q0	14310#38	0
3783	Q0	2005391#7	0
3783	Q0	2005391#6	0
3784	Q0	1206266#5	1
3784	Q0	42914#5	0
3784	Q0	19999#4	0
3784	Q0	2215032#2	0
3784	Q0	103739#2	0
3784	Q0	103279#9	0
3784	Q0	72760#1	0
3784	Q0	11282#55	0
3784	Q0	840126#4	0
3784	Q0	1122658#13	0
3784	Q0	254185#4	0
3785	Q0	1126593#112	1
3785	Q0	1126593#32	1
3785	Q0	1126593#1	0
3785	Q0	1126593#10	0
3785	Q0	1126593#37	0
3785	Q0	1126593#13	0
3785	Q0	1126593#113	0
3785	Q0	1126593#75	0
3785	Q0	1126593#60	0
3785	Q0	1126593#87	0
3785	Q0	1126593#116	0
3786	Q0	2112568#0	1
3786	Q0	2112568#24	1
3786	Q0	33464#0	1
3786	Q0	2112568#10	1
3786	Q0	240865#8	0
3786	Q0	2272885#1	0
3786	Q0	1947621#5	0
3786	Q0	150028#10	0
3786	Q0	2301268#1	0
3786	Q0	958232#3	0
3788	Q0	39570#2	1
3788	Q0	2852631#0	0
3788	Q0	39570#17	0
3788	Q0	39570#22	0
3788	Q0	39570#3	0
3788	Q0	39570#24	0
3788	Q0	272008#5	0
3788	Q0	39570#4	0
3788	Q0	39570#6	0
3788	Q0	370388#8	0
3789	Q0	41895#9	1
3789	Q0	41895#23	0
3789	Q0	150136#9	0
3789	Q0	150136#5	0
3789	Q0	150136#12	0
3789	Q0	41895#36	0
3789	Q0	41895#12	0
3789	Q0	150136#7	0
3789	Q0	48994#40	0
3789	Q0	41895#7	0
3792	Q0	1723076#4	1
3792	Q0	1723076#0	0
3792	Q0	1723076#29	0
3792	Q0	1723076#26	0
3792	Q0	2984493#9	0
3792	Q0	3891139#35	0
3792	Q0	1525078#22	0
3792	Q0	1723076#10	0
3792	Q0	1723076#23	0
3792	Q0	2505713#4	0
3793	Q0	1918028#23	1
3793	Q0	555633#1	1
3793	Q0	34667#2	1
3793	Q0	34667#0	1
3793	Q0	34667#3	0
3793	Q0	34667#6	0
3793	Q0	34667#1	0
3793	Q0	49594#0	0
3793	Q0	50988#3	0
3793	Q0	26363#2	0
3793	Q0	1099839#18	0
3794	Q0	429714#0	1
3794	Q0	99597#37	1
3794	Q0	3100427#11	0
3794	Q0	429714#1	0
3794	Q0	1131248#2	0
3794	Q0	429714#2	0
3794	Q0	2570691#0	0
3794	Q0	2570691#5	0
3794	Q0	915843#5	0
3794	Q0	2441546#1	0
3795	Q0	1309815#2	1
3795	Q0	164580#15	1
3795	Q0	602396#5	1
3795	Q0	1192651#1	1
3795	Q0	1192651#10	1
3795	Q0	3646186#32	0
3795	Q0	1192651#33	0
3795	Q0	3646186#31	0
3795	Q0	3646186#30	0
3795	Q0	1309815#19	0
3795	Q0	2404971#31	0
3796	Q0	13552#4	1
3796	Q0	13552#6	0
3796	Q0	13552#97	0
3796	Q0	13552#56	0
3796	Q0	1101216#43	0
3796	Q0	13552#53	0
3796	Q0	2293579#9	0
3796	Q0	764090#73	0
3796	Q0	1101216#2	0
3796	Q0	13552#28	0
3797	Q0	531162#0	1
3797	Q0	531162#7	0
3797	Q0	2886777#5	0
3797	Q0	185426#28	0
3797	Q0	2886777#28	0
3797	Q0	2319142#10	0
3797	Q0	2886777#6	0
3797	Q0	3889582#9	0
3797	Q0	3474385#2	0
3797	Q0	253953#30	0
3798	Q0	59902#1	1
3798	Q0	59902#0	0
3798	Q0	59902#52	0
3798	Q0	59902#2	0
3798	Q0	59902#6	0
3798	Q0	704414#1	0
3798	Q0	59902#25	0
3798	Q0	89575#3	0
3798	Q0	2026184#3	0
3798	Q0	3787237#1	0
3798	Q0	105785#18	0
3800	Q0	647284#4	1
3800	Q0	63628#3	1
3800	Q0	431262#15	0
3800	Q0	393113#9	0
3800	Q0	1044454#2	0
3800	Q0	1370901#3	0
3800	Q0	647284#12	0
3800	Q0	391792#5	0
3800	Q0	1335854#1	0
3800	Q0	2460777#5	0
3801	Q0	173960#8	1
3801	Q0	1050068#1	1
3801	Q0	1050068#15	0
3801	Q0	1528#10	0
3801	Q0	1050068#16	0
3801	Q0	471539#0	0
3801	Q0	1698872#140	0
3801	Q0	1050068#29	0
3801	Q0	1050068#22	0
3801	Q0	1050068#10	0
3804	Q0	302517#2	1
3804	Q0	1682515#6	0
3804	Q0	302517#0	0
3804	Q0	2225821#2	0
3804	Q0	2180370#21	0
3804	Q0	3699926#4	0
3804	Q0	3303845#3	0
3804	Q0	2912092#7	0
3804	Q0	2073258#1	0
3804	Q0	930904#3	0
3806	Q0	290109#23	1
3806	Q0	434957#0	1
3806	Q0	1347773#1	0
3806	Q0	816089#9	0
3806	Q0	434957#11	0
3806	Q0	1863026#1	0
3806	Q0	1032053#7	0
3806	Q0	1366636#2	0
3806	Q0	16851#27	0
3806	Q0	2341143#2	0
3806	Q0	53548#128	0
3807	Q0	383424#0	1
3807	Q0	383424#10	1
3807	Q0	383424#7	1
3807	Q0	383424#27	0
3807	Q0	383424#21	0
3807	Q0	383424#37	0
3807	Q0	1468879#4	0
3807	Q0	383424#14	0
3807	Q0	3583027#14	0
3807	Q0	43674#51	0
3807	Q0	383424#23	0
3808	Q0	2607228#2	1
3808	Q0	20208#11	0
3808	Q0	2822108#49	0
3808	Q0	2822108#4	0
3808	Q0	2822108#0	0
3808	Q0	15892#58	0
3808	Q0	2822108#26	0
3808	Q0	2822108#20	0
3808	Q0	2607228#5	0
3808	Q0	2822108#10	0
3809	Q0	68020#0	1
3809	Q0	1815931#0	0
3809	Q0	68020#31	0
3809	Q0	3487235#1	0
3809	Q0	68020#14	0
3809	Q0	589097#0	0
3809	Q0	3502348#4	0
3809	Q0	427122#0	0
3809	Q0	561914#5	0
3809	Q0	881334#2	0
3811	Q0	987995#0	1
3811	Q0	987995#1	0
3811	Q0	1415059#1	0
3811	Q0	1890201#4	0
3811	Q0	987995#3	0
3811	Q0	141673#2	0
3811	Q0	2500813#0	0
3811	Q0	1257218#1	0
3811	Q0	3472472#3	0
3811	Q0	3194180#0	0
3813	Q0	650316#2	1
3813	Q0	222995#0	0
3813	Q0	2989231#0	0
3813	Q0	1022518#6	0
3813	Q0	622942#8	0
3813	Q0	650316#6	0
3813	Q0	2702034#0	0
3813	Q0	1560155#16	0
3813	Q0	583697#22	0
3813	Q0	725356#1	0
3814	Q0	13783#1	1
3814	Q0	13783#260	0
3814	Q0	176917#3	0
3814	Q0	2882058#2	0
3814	Q0	82685#6	0
3814	Q0	3371073#0	0
3814	Q0	84288#2	0
3814	Q0	2350503#1	0
3814	Q0	2632369#0	0
3814	Q0	429260#2	0
3814	Q0	2221501#1	0
3815	Q0	523562#0	1
3815	Q0	46671#2	1
3815	Q0	3843346#0	0
3815	Q0	46671#33	0
3815	Q0	569098#0	0
3815	Q0	2367131#0	0
3815	Q0	2839016#15	0
3815	Q0	3327372#0	0
3815	Q0	523562#5	0
3815	Q0	523562#1	0
3815	Q0	523562#4	0
3817	Q0	62013#0	1
3817	Q0	62013#2	0
3817	Q0	62013#23	0
3817	Q0	1822658#0	0
3817	Q0	147320#2	0
3817	Q0	1935348#1	0
3817	Q0	13959#11	0
3817	Q0	2612952#95	0
3817	Q0	3048354#1	0
3817	Q0	3750851#1	0
3817	Q0	1935555#1	0
3819	Q0	10852#21	1
3819	Q0	2714103#0	0
3819	Q0	191178#32	0
3819	Q0	85202#16	0
3819	Q0	3252520#5	0
3819	Q0	1425424#5	0
3819	Q0	2098096#3	0
3819	Q0	2762287#7	0
3819	Q0	1371496#6	0
3819	Q0	2098096#24	0
3820	Q0	12898#18	1
3820	Q0	868864#39	1
3820	Q0	341717#0	1
3820	Q0	12773#14	1
3820	Q0	76183#8	1
3820	Q0	1361179#54	1
3820	Q0	456781#46	1
3820	Q0	12901#5	1
3820	Q0	2269863#1	0
3820	Q0	12901#7	0
3820	Q0	305028#1	0
3820	Q0	12901#25	0
3821	Q0	46384#6	1
3821	Q0	590181#1	1
3821	Q0	79689#7	0
3821	Q0	991907#3	0
3821	Q0	209629#1	0
3821	Q0	131993#2	0
3821	Q0	209629#9	0
3821	Q0	1164601#2	0
3821	Q0	648603#3	0
3821	Q0	313856#14	0
3823	Q0	129711#7	1
3823	Q0	619840#3	1
3823	Q0	2076117#7	0
3823	Q0	619840#0	0
3823	Q0	619840#9	0
3823	Q0	886950#0	0
3823	Q0	3135992#2	0
3823	Q0	3348304#43	0
3823	Q0	1182321#0	0
3823	Q0	1958957#2	0
3823	Q0	1086323#0	0
3824	Q0	6566#0	1
3824	Q0	6566#2	1
3824	Q0	3580360#0	0
3824	Q0	3117367#1	0
3824	Q0	1608780#1	0
3824	Q0	5207#1	0
3824	Q0	188662#1	0
3824	Q0	1564776#1	0
3824	Q0	3062351#2	0
3824	Q0	1441086#1	0
3824	Q0	543817#5	0
3825	Q0	2280805#1	1
3825	Q0	2280805#0	0
3825	Q0	644957#1	0
3825	Q0	2845255#7	0
3825	Q0	406878#18	0
3825	Q0	2423843#2	0
3825	Q0	2321621#0	0
3825	Q0	2222929#32	0
3825	Q0	2940946#1	0
3825	Q0	2416649#1	0
3826	Q0	3141758#3	1
3826	Q0	517973#5	1
3826	Q0	3141758#2	0
3826	Q0	3141758#5	0
3826	Q0	2916761#3	0
3826	Q0	505884#0	0
3826	Q0	517973#9	0
3826	Q0	2956845#2	0
3826	Q0	1327788#97	0
3826	Q0	2958909#8	0
3828	Q0	56603#1	1
3828	Q0	666768#2	0
3828	Q0	959545#2	0
3828	Q0	7631#4	0
3828	Q0	1236491#0	0
3828	Q0	224354#2	0
3828	Q0	1419885#3	0
3828	Q0	8042#0	0
3828	Q0	790293#0	0
3828	Q0	3473636#0	0
3828	Q0	3473637#0	0
3829	Q0	1762828#9	1
3829	Q0	1762828#4	1
3829	Q0	1762828#0	0
3829	Q0	1762828#2	0
3829	Q0	3826861#4	0
3829	Q0	1762828#11	0
3829	Q0	3813593#9	0
3829	Q0	1762828#1	0
3829	Q0	3825381#2	0
3829	Q0	3825381#8	0
3830	Q0	51605#18	1
3830	Q0	7800#28	1
3830	Q0	2313661#3	0
3830	Q0	3645849#0	0
3830	Q0	2313661#2	0
3830	Q0	82660#6	0
3830	Q0	51605#15	0
3830	Q0	3645849#26	0
3830	Q0	3645849#55	0
3830	Q0	27539#5	0
3831	Q0	65118#0	1
3831	Q0	65118#26	1
3831	Q0	3553234#0	1
3831	Q0	65118#3	0
3831	Q0	65118#58	0
3831	Q0	65118#15	0
3831	Q0	65118#1	0
3831	Q0	65118#75	0
3831	Q0	3293507#7	0
3831	Q0	351978#54	0
3833	Q0	21795#2	1
3833	Q0	70143#2	0
3833	Q0	738377#36	0
3833	Q0	2421831#1	0
3833	Q0	22237#11	0
3833	Q0	66491#37	0
3833	Q0	1501692#1	0
3833	Q0	113023#2	0
3833	Q0	35777#7	0
3833	Q0	509697#2	0
3834	Q0	1921956#4	1
3834	Q0	1921956#5	0
3834	Q0	1921956#6	0
3834	Q0	1921956#0	0
3834	Q0	1921956#20	0
3834	Q0	1921956#18	0
3834	Q0	1250587#9	0
3834	Q0	1921956#21	0
3834	Q0	1921956#10	0
3834	Q0	1921956#22	0
3834	Q0	2804087#15	0
3835	Q0	150122#2	1
3835	Q0	150122#1	0
3835	Q0	150122#0	0
3835	Q0	150122#6	0
3835	Q0	150122#5	0
3835	Q0	150122#4	0
3835	Q0	1954318#1	0
3835	Q0	2804082#1	0
3835	Q0	895157#3	0
3835	Q0	1828279#1	0
3836	Q0	372989#0	1
3836	Q0	372989#1	0
3836	Q0	2167586#2	0
3836	Q0	2957848#3	0
3836	Q0	372989#25	0
3836	Q0	3069966#1	0
3836	Q0	3465096#2	0
3836	Q0	230767#1	0
3836	Q0	372989#5	0
3836	Q0	630459#1	0
3837	Q0	1591404#2	1
3837	Q0	1591404#8	0
3837	Q0	1591404#9	0
3837	Q0	1559367#3	0
3837	Q0	1591404#1	0
3837	Q0	1591404#6	0
3837	Q0	1356311#0	0
3837	Q0	409923#5	0
3837	Q0	587178#3	0
3837	Q0	322435#4	0
3838	Q0	523929#23	1
3838	Q0	8645#8	1
3838	Q0	3718099#4	1
3838	Q0	4361#1	1
3838	Q0	181863#2	1
3838	Q0	2493828#0	1
3838	Q0	4361#85	0
3838	Q0	712824#23	0
3838	Q0	4361#51	0
3838	Q0	2012479#6	0
3838	Q0	4361#47	0
3839	Q0	2904958#15	1
3839	Q0	1017686#4	0
3839	Q0	321717#5	0
3839	Q0	3468994#25	0
3839	Q0	811808#2	0
3839	Q0	3468994#3	0
3839	Q0	3485731#29	0
3839	Q0	96129#16	0
3839	Q0	3468994#4	0
3839	Q0	147530#1	0
3839	Q0	279181#1	0
3839	Q0	279181#48	0
3842	Q0	338112#0	1
3842	Q0	757983#0	0
3842	Q0	610503#3	0
3842	Q0	2252513#9	0
3842	Q0	2252513#2	0
3842	Q0	1663693#0	0
3842	Q0	3097785#17	0
3842	Q0	2172963#0	0
3842	Q0	284336#5	0
3842	Q0	2724138#3	0
3843	Q0	1094341#5	1
3843	Q0	695814#2	1
3843	Q0	3252440#2	0
3843	Q0	803208#1	0
3843	Q0	1094341#4	0
3843	Q0	1815587#1	0
3843	Q0	33206#4	0
3843	Q0	3892170#1	0
3843	Q0	1327869#1	0
3843	Q0	33206#3	0
3845	Q0	209503#0	1
3845	Q0	180274#1	0
3845	Q0	253776#2	0
3845	Q0	3697439#1	0
3845	Q0	180274#0	0
3845	Q0	16093#9	0
3845	Q0	3104752#9	0
3845	Q0	2697629#1	0
3845	Q0	3697439#3	0
3845	Q0	1419375#0	0
3846	Q0	8430#0	1
3846	Q0	8430#3	0
3846	Q0	905829#0	0
3846	Q0	8430#16	0
3846	Q0	8430#4	0
3846	Q0	905829#1	0
3846	Q0	267398#7	0
3846	Q0	8430#1	0
3846	Q0	29439#4	0
3846	Q0	80675#28	0
3847	Q0	691288#23	1
3847	Q0	4381#0	1
3847	Q0	283899#1	0
3847	Q0	7996#35	0
3847	Q0	290535#0	0
3847	Q0	106008#2	0
3847	Q0	1561900#5	0
3847	Q0	26602#20	0
3847	Q0	283899#16	0
3847	Q0	1494164#6	0
3848	Q0	366135#0	1
3848	Q0	912125#1	0
3848	Q0	86270#19	0
3848	Q0	759037#46	0
3848	Q0	205321#20	0
3848	Q0	139307#6	0
3848	Q0	406327#5	0
3848	Q0	1804635#3	0
3848	Q0	1638666#1	0
3848	Q0	13680#4	0
3848	Q0	3417#10	0
3848	Q0	3417#12	0
3849	Q0	41412#10	1
3849	Q0	1233679#0	1
3849	Q0	591454#0	0
3849	Q0	202022#0	0
3849	Q0	41412#11	0
3849	Q0	591454#3	0
3849	Q0	1294022#0	0
3849	Q0	329513#0	0
3849	Q0	41412#8	0
3849	Q0	3301532#5	0
3850	Q0	591583#74	1
3850	Q0	591583#24	1
3850	Q0	591583#76	1
3850	Q0	591583#1	1
3850	Q0	591583#82	0
3850	Q0	591583#78	0
3850	Q0	591583#80	0
3850	Q0	591583#30	0
3850	Q0	591583#28	0
3850	Q0	591583#46	0
3850	Q0	591583#16	0
3851	Q0	3288008#0	1
3851	Q0	3288008#26	0
3851	Q0	3288008#2	0
3851	Q0	657653#3	0
3851	Q0	3288008#22	0
3851	Q0	3288008#18	0
3851	Q0	3288008#16	0
3851	Q0	3288008#7	0
3851	Q0	3288008#27	0
3851	Q0	3288008#3	0
3852	Q0	11650#0	1
3852	Q0	11650#1	1
3852	Q0	531365#0	1
3852	Q0	11650#6	0
3852	Q0	11650#64	0
3852	Q0	11650#74	0
3852	Q0	1781997#7	0
3852	Q0	1010#5	0
3852	Q0	1302977#14	0
3852	Q0	11650#27	0
3853	Q0	1096249#0	1
3853	Q0	68561#0	0
3853	Q0	43811#3	0
3853	Q0	43811#0	0
3853	Q0	43811#2	0
3853	Q0	204361#2	0
3853	Q0	1530766#12	0
3853	Q0	43811#11	0
3853	Q0	811744#1	0
3853	Q0	811744#9	0
3854	Q0	145142#9	1
3854	Q0	145142#15	0
3854	Q0	145142#7	0
3854	Q0	145142#10	0
3854	Q0	145142#14	0
3854	Q0	929645#13	0
3854	Q0	145142#18	0
3854	Q0	145142#8	0
3854	Q0	74779#10	0
3854	Q0	325409#22	0
3855	Q0	2417329#0	1
3855	Q0	1632887#1	0
3855	Q0	2518886#1	0
3855	Q0	3425156#1	0
3855	Q0	78260#6	0
3855	Q0	1031834#1	0
3855	Q0	3032532#1	0
3855	Q0	3085030#3	0
3855	Q0	1668044#1	0
3855	Q0	78260#8	0
3856	Q0	2210841#2	1
3856	Q0	2210841#0	0
3856	Q0	3155193#1	0
3856	Q0	2782247#1	0
3856	Q0	1886685#1	0
3856	Q0	455807#1	0
3856	Q0	3195527#1	0
3856	Q0	2745861#3	0
3856	Q0	2634090#1	0
3856	Q0	2754437#1	0
3857	Q0	744621#10	1
3857	Q0	744621#20	1
3857	Q0	744621#27	0
3857	Q0	744621#95	0
3857	Q0	744621#112	0
3857	Q0	744621#109	0
3857	Q0	744621#116	0
3857	Q0	744621#14	0
3857	Q0	744621#108	0
3857	Q0	744621#129	0
3857	Q0	744621#107	0
3857	Q0	744621#17	0
3857	Q0	744621#19	0
3858	Q0	845755#0	1
3858	Q0	1527602#0	0
3858	Q0	2907680#0	0
3858	Q0	3552499#2	0
3858	Q0	1809400#1	0
3858	Q0	887763#7	0
3858	Q0	2331103#79	0
3858	Q0	2877021#5	0
3858	Q0	3003022#0	0
3858	Q0	1527602#23	0
3858	Q0	845755#9	0
3860	Q0	151146#0	1
3860	Q0	2782819#0	1
3860	Q0	1767815#11	1
3860	Q0	586219#0	0
3860	Q0	1767815#2	0
3860	Q0	202213#0	0
3860	Q0	15628#20	0
3860	Q0	3335150#0	0
3860	Q0	2782819#2	0
3860	Q0	1767815#0	0
3860	Q0	2510913#0	0
3861	Q0	1288420#0	1
3861	Q0	1288420#19	0
3861	Q0	1288420#6	0
3861	Q0	1288420#11	0
3861	Q0	1288420#2	0
3861	Q0	1288420#8	0
3861	Q0	1288420#3	0
3861	Q0	1288420#1	0
3861	Q0	1288420#18	0
3861	Q0	1288420#17	0
3862	Q0	19506#23	1
3862	Q0	426163#0	0
3862	Q0	431104#0	0
3862	Q0	19506#0	0
3862	Q0	431104#15	0
3862	Q0	1213690#11	0
3862	Q0	431104#16	0
3862	Q0	1967996#1	0
3862	Q0	426163#14	0
3862	Q0	1213690#7	0
3862	Q0	426163#7	0
3863	Q0	75216#0	1
3863	Q0	2934295#2	0
3863	Q0	1459977#1	0
3863	Q0	3687331#2	0
3863	Q0	900552#15	0
3863	Q0	3736392#29	0
3863	Q0	23011#16	0
3863	Q0	1259788#2	0
3863	Q0	3736392#26	0
3863	Q0	23021#9	0
3863	Q0	2662793#67	0
3863	Q0	75216#2	0
3864	Q0	221142#5	1
3864	Q0	221142#4	1
3864	Q0	33963#5	0
3864	Q0	221142#0	0
3864	Q0	221142#11	0
3864	Q0	2282358#7	0
3864	Q0	221142#22	0
3864	Q0	221142#8	0
3864	Q0	221142#1	0
3864	Q0	1072145#1	0
3865	Q0	117972#13	1
3865	Q0	439764#19	0
3865	Q0	3375080#13	0
3865	Q0	42716#4	0
3865	Q0	439764#16	0
3865	Q0	1266501#26	0
3865	Q0	439764#36	0
3865	Q0	1295747#1	0
3865	Q0	1991735#8	0
3865	Q0	646260#0	0
3865	Q0	42716#10	0
3866	Q0	73544#0	1
3866	Q0	73544#5	0
3866	Q0	73544#16	0
3866	Q0	73544#4	0
3866	Q0	73544#15	0
3866	Q0	73544#3	0
3866	Q0	73544#7	0
3866	Q0	73544#1	0
3866	Q0	73544#13	0
3866	Q0	73544#12	0
3868	Q0	517739#2	1
3868	Q0	517739#14	0
3868	Q0	517739#10	0
3868	Q0	166883#1	0
3868	Q0	418720#7	0
3868	Q0	517739#0	0
3868	Q0	517739#6	0
3868	Q0	39228#5	0
3868	Q0	2922700#1	0
3868	Q0	1935583#2	0
3869	Q0	3627057#1	1
3869	Q0	3627057#0	1
3869	Q0	1447516#1	0
3869	Q0	156717#5	0
3869	Q0	662147#2	0
3869	Q0	2554736#0	0
3869	Q0	20698#43	0
3869	Q0	2199742#1	0
3869	Q0	2784563#1	0
3869	Q0	3754967#16	0
3870	Q0	510795#19	1
3870	Q0	1834#0	1
3870	Q0	339966#1	0
3870	Q0	408879#17	0
3870	Q0	1569#8	0
3870	Q0	408879#18	0
3870	Q0	3886961#1	0
3870	Q0	236179#4	0
3870	Q0	2027591#4	0
3870	Q0	2444394#2	0
3873	Q0	2400#4	1
3873	Q0	12494#7	1
3873	Q0	12494#3	1
3873	Q0	12494#14	0
3873	Q0	12494#88	0
3873	Q0	12494#90	0
3873	Q0	12494#32	0
3873	Q0	12494#42	0
3873	Q0	12494#85	0
3873	Q0	12494#72	0
3873	Q0	12494#109	0
3874	Q0	1480540#1	1
3874	Q0	815417#5	1
3874	Q0	1480540#0	0
3874	Q0	5046#22	0
3874	Q0	1041376#2	0
3874	Q0	815417#2	0
3874	Q0	3223695#1	0
3874	Q0	416210#1	0
3874	Q0	1210934#2	0
3874	Q0	1847968#3	0
3878	Q0	205937#0	1
3878	Q0	205937#2	1
3878	Q0	205937#21	0
3878	Q0	268845#0	0
3878	Q0	205937#22	0
3878	Q0	2967922#0	0
3878	Q0	1955719#1	0
3878	Q0	2305484#0	0
3878	Q0	3589725#1	0
3878	Q0	205937#23	0
3879	Q0	1448136#0	1
3879	Q0	39974#6	1
3879	Q0	297912#6	0
3879	Q0	2716346#1	0
3879	Q0	1448136#28	0
3879	Q0	1448136#31	0
3879	Q0	1448136#25	0
3879	Q0	8205#7	0
3879	Q0	188753#9	0
3879	Q0	8205#8	0
3880	Q0	23432#0	1
3880	Q0	192028#4	0
3880	Q0	9876#2	0
3880	Q0	3888068#4	0
3880	Q0	2671444#0	0
3880	Q0	9876#0	0
3880	Q0	914428#4	0
3880	Q0	1736533#0	0
3880	Q0	1513091#2	0
3880	Q0	668556#0	0
3880	Q0	44161#4	0
3881	Q0	12978#21	1
3881	Q0	500406#71	1
3881	Q0	795064#22	1
3881	Q0	2162067#8	1
3881	Q0	173451#12	1
3881	Q0	12978#19	0
3881	Q0	12978#33	0
3881	Q0	30103#14	0
3881	Q0	2162067#7	0
3881	Q0	6245#7	0
3882	Q0	527438#0	1
3882	Q0	7099#0	0
3882	Q0	2253868#5	0
3882	Q0	490341#4	0
3882	Q0	2553084#0	0
3882	Q0	67846#3	0
3882	Q0	645787#3	0
3882	Q0	2088578#0	0
3882	Q0	2512678#1	0
3882	Q0	18192#0	0
3885	Q0	50960#2	1
3885	Q0	388125#1	0
3885	Q0	50960#26	0
3885	Q0	85557#1	0
3885	Q0	389649#1	0
3885	Q0	167045#1	0
3885	Q0	711629#1	0
3885	Q0	34737#20	0
3885	Q0	3596904#4	0
3885	Q0	3561069#1	0
3885	Q0	3698057#1	0
3886	Q0	2329977#11	1
3886	Q0	870530#6	0
3886	Q0	257000#11	0
3886	Q0	2329977#5	0
3886	Q0	80218#31	0
3886	Q0	35532#10	0
3886	Q0	1082842#1	0
3886	Q0	418442#8	0
3886	Q0	1657353#18	0
3886	Q0	2329977#1	0
3886	Q0	2329977#12	0
3887	Q0	2884020#8	1
3887	Q0	2884020#0	0
3887	Q0	2884020#9	0
3887	Q0	2884020#2	0
3887	Q0	2884020#7	0
3887	Q0	2884020#16	0
3887	Q0	2884020#1	0
3887	Q0	2884020#13	0
3887	Q0	2884020#10	0
3887	Q0	2884020#4	0
3888	Q0	1102020#29	1
3888	Q0	692155#0	1
3888	Q0	1102020#27	0
3888	Q0	698926#4	0
3888	Q0	823990#0	0
3888	Q0	1102020#22	0
3888	Q0	33522#4	0
3888	Q0	1102020#23	0
3888	Q0	102812#1	0
3888	Q0	700878#1	0
3888	Q0	1102020#30	0
3889	Q0	114528#1	1
3889	Q0	114528#0	0
3889	Q0	114528#19	0
3889	Q0	114528#13	0
3889	Q0	114528#21	0
3889	Q0	114528#5	0
3889	Q0	223463#2	0
3889	Q0	1554757#1	0
3889	Q0	217053#1	0
3889	Q0	570058#3	0
3890	Q0	134215#0	1
3890	Q0	144881#0	0
3890	Q0	2279973#1	0
3890	Q0	379040#24	0
3890	Q0	379040#0	0
3890	Q0	1965494#0	0
3890	Q0	741638#2	0
3890	Q0	1965494#29	0
3890	Q0	83763#1	0
3890	Q0	3552604#0	0
3890	Q0	24412#1	0
3892	Q0	315620#6	1
3892	Q0	315620#0	0
3892	Q0	315620#7	0
3892	Q0	315620#10	0
3892	Q0	315620#16	0
3892	Q0	3288136#9	0
3892	Q0	315620#11	0
3892	Q0	315620#14	0
3892	Q0	315620#21	0
3892	Q0	315620#23	0
3893	Q0	289561#13	1
3893	Q0	82241#0	1
3893	Q0	3896721#1	1
3893	Q0	1890322#1	0
3893	Q0	631056#6	0
3893	Q0	289561#10	0
3893	Q0	801904#15	0
3893	Q0	2031954#12	0
3893	Q0	801904#12	0
3893	Q0	801904#29	0
3894	Q0	2081927#5	1
3894	Q0	2280810#1	1
3894	Q0	7394#18	1
3894	Q0	34317#4	0
3894	Q0	34317#33	0
3894	Q0	2081927#6	0
3894	Q0	3543766#3	0
3894	Q0	3677025#3	0
3894	Q0	3360620#8	0
3894	Q0	7394#19	0
3894	Q0	725095#19	0
3897	Q0	567369#3	1
3897	Q0	567369#27	0
3897	Q0	567369#15	0
3897	Q0	567369#22	0
3897	Q0	567369#2	0
3897	Q0	851074#2	0
3897	Q0	2670528#6	0
3897	Q0	19063#2	0
3897	Q0	2893346#4	0
3897	Q0	567369#11	0
3897	Q0	241025#12	0
3900	Q0	231089#6	1
3900	Q0	231089#16	0
3900	Q0	231089#22	0
3900	Q0	231089#23	0
3900	Q0	231089#11	0
3900	Q0	231089#0	0
3900	Q0	1121529#9	0
3900	Q0	231089#4	0
3900	Q0	231089#12	0
3900	Q0	231089#15	0
3903	Q0	2394761#7	1
3903	Q0	2394761#6	0
3903	Q0	2249#46	0
3903	Q0	2394761#19	0
3903	Q0	2394761#1	0
3903	Q0	2498317#2	0
3903	Q0	2394761#18	0
3903	Q0	2394761#10	0
3903	Q0	2394761#0	0
3903	Q0	993135#90	0
3904	Q0	372683#41	1
3904	Q0	3981#67	1
3904	Q0	372683#40	0
3904	Q0	128207#11	0
3904	Q0	372683#42	0
3904	Q0	372683#47	0
3904	Q0	372683#52	0
3904	Q0	125049#130	0
3904	Q0	36736#10	0
3904	Q0	126939#89	0
3906	Q0	405440#0	1
3906	Q0	2351334#0	1
3906	Q0	3726790#0	0
3906	Q0	3390702#1	0
3906	Q0	2527760#1	0
3906	Q0	3600107#1	0
3906	Q0	405440#1	0
3906	Q0	1766642#1	0
3906	Q0	405440#23	0
3906	Q0	2280970#1	0
3907	Q0	2387568#1	1
3907	Q0	254185#4	0
3907	Q0	1198418#28	0
3907	Q0	74046#1	0
3907	Q0	102362#59	0
3907	Q0	93473#1	0
3907	Q0	981783#2	0
3907	Q0	31466#18	0
3907	Q0	7548#9	0
3907	Q0	224616#17	0
3907	Q0	1857703#3	0
3908	Q0	1770964#17	1
3908	Q0	110454#0	0
3908	Q0	110454#29	0
3908	Q0	110454#28	0
3908	Q0	110454#26	0
3908	Q0	122279#3	0
3908	Q0	110454#21	0
3908	Q0	110454#10	0
3908	Q0	110454#18	0
3908	Q0	110454#4	0
3908	Q0	539528#2	0
3909	Q0	155634#3	1
3909	Q0	1152517#5	1
3909	Q0	1152509#3	1
3909	Q0	1563579#9	1
3909	Q0	155634#20	0
3909	Q0	155634#19	0
3909	Q0	155634#45	0
3909	Q0	155634#39	0
3909	Q0	155634#25	0
3909	Q0	155634#47	0
3911	Q0	3032763#5	1
3911	Q0	3032763#9	1
3911	Q0	3032763#13	0
3911	Q0	3032763#1	0
3911	Q0	3032763#17	0
3911	Q0	1914793#75	0
3911	Q0	196456#27	0
3911	Q0	2136946#1	0
3911	Q0	3032763#19	0
3911	Q0	3032763#8	0
3912	Q0	1359986#5	1
3912	Q0	1359986#42	0
3912	Q0	1359986#31	0
3912	Q0	1359986#52	0
3912	Q0	2712529#3	0
3912	Q0	1359986#4	0
3912	Q0	1660320#0	0
3912	Q0	1292215#3	0
3912	Q0	681350#1	0
3912	Q0	1359986#8	0
3914	Q0	1349242#3	1
3914	Q0	2151253#1	1
3914	Q0	2545586#4	0
3914	Q0	1349242#34	0
3914	Q0	2545174#5	0
3914	Q0	3120454#16	0
3914	Q0	2546095#4	0
3914	Q0	2546095#0	0
3914	Q0	2546095#3	0
3914	Q0	2545586#0	0
3914	Q0	1349242#4	0
3915	Q0	1914056#0	1
3915	Q0	1914056#18	0
3915	Q0	1914056#17	0
3915	Q0	1899068#0	0
3915	Q0	1914056#13	0
3915	Q0	1914056#19	0
3915	Q0	1914056#8	0
3915	Q0	1914056#11	0
3915	Q0	1914056#6	0
3915	Q0	1914056#2	0
3917	Q0	2984493#0	1
3917	Q0	2984493#2	0
3917	Q0	2984493#29	0
3917	Q0	3243925#2	0
3917	Q0	3422703#1	0
3917	Q0	3577639#1	0
3917	Q0	3441620#1	0
3917	Q0	2984493#4	0
3917	Q0	3441620#4	0
3917	Q0	617739#1	0
3918	Q0	2334#10	1
3918	Q0	2334#0	1
3918	Q0	2334#11	0
3918	Q0	2334#9	0
3918	Q0	2334#12	0
3918	Q0	2334#28	0
3918	Q0	2334#7	0
3918	Q0	733889#7	0
3918	Q0	2334#13	0
3918	Q0	2334#20	0
3919	Q0	1625815#0	1
3919	Q0	2815999#2	1
3919	Q0	2509140#3	0
3919	Q0	2508836#2	0
3919	Q0	1331632#1	0
3919	Q0	2509130#2	0
3919	Q0	2509072#0	0
3919	Q0	2509502#0	0
3919	Q0	2509136#3	0
3919	Q0	2508973#0	0
3919	Q0	2509151#0	0
3921	Q0	86234#6	1
3921	Q0	3265580#1	0
3921	Q0	2944721#3	0
3921	Q0	86234#36	0
3921	Q0	2735089#2	0
3921	Q0	86234#30	0
3921	Q0	1440398#0	0
3921	Q0	284846#8	0
3921	Q0	1028726#1	0
3921	Q0	2875587#2	0
3922	Q0	1883086#5	1
3922	Q0	564058#2	1
3922	Q0	128782#1	1
3922	Q0	1636672#5	1
3922	Q0	1883086#10	0
3922	Q0	1175394#2	0
3922	Q0	1881546#7	0
3922	Q0	128782#2	0
3922	Q0	1864271#5	0
3922	Q0	964948#13	0
3924	Q0	3554034#4	1
3924	Q0	128434#27	0
3924	Q0	136209#5	0
3924	Q0	1534092#1	0
3924	Q0	111486#7	0
3924	Q0	1313670#1	0
3924	Q0	3149343#1	0
3924	Q0	54209#11	0
3924	Q0	3149343#2	0
3924	Q0	286800#7	0
3924	Q0	54209#9	0
3924	Q0	54209#16	0
3924	Q0	54209#13	0
3925	Q0	358929#0	1
3925	Q0	358929#3	0
3925	Q0	646359#0	0
3925	Q0	358929#1	0
3925	Q0	3090958#0	0
3925	Q0	358929#2	0
3925	Q0	700268#37	0
3925	Q0	94229#49	0
3925	Q0	775972#2	0
3925	Q0	646359#1	0
3927	Q0	491694#10	1
3927	Q0	1886646#10	1
3927	Q0	687692#6	1
3927	Q0	493258#85	1
3927	Q0	1530766#53	1
3927	Q0	493258#108	1
3927	Q0	611193#8	1
3927	Q0	414776#11	0
3927	Q0	491694#29	0
3927	Q0	3516812#8	0
3928	Q0	74682#5	1
3928	Q0	74682#8	1
3928	Q0	74682#12	0
3928	Q0	74682#4	0
3928	Q0	74682#17	0
3928	Q0	74682#11	0
3928	Q0	74682#20	0
3928	Q0	74682#15	0
3928	Q0	74682#19	0
3928	Q0	74682#7	0
3929	Q0	1183491#0	1
3929	Q0	242339#12	0
3929	Q0	2395#8	0
3929	Q0	645787#13	0
3929	Q0	490341#4	0
3929	Q0	2512678#1	0
3929	Q0	264636#44	0
3929	Q0	79781#7	0
3929	Q0	2361219#2	0
3929	Q0	252399#23	0
3930	Q0	390313#7	1
3930	Q0	390313#8	0
3930	Q0	1290762#4	0
3930	Q0	390313#9	0
3930	Q0	390313#6	0
3930	Q0	1287767#1	0
3930	Q0	306350#5	0
3930	Q0	390313#43	0
3930	Q0	1291941#1	0
3930	Q0	306350#2	0
3930	Q0	1942678#1	0
3931	Q0	2448635#2	1
3931	Q0	5148#26	1
3931	Q0	5148#98	0
3931	Q0	2745861#118	0
3931	Q0	5148#132	0
3931	Q0	5148#140	0
3931	Q0	5148#28	0
3931	Q0	2745861#33	0
3931	Q0	2448635#10	0
3931	Q0	5148#30	0
3932	Q0	33206#0	1
3932	Q0	33206#1	0
3932	Q0	33206#6	0
3932	Q0	33206#52	0
3932	Q0	980571#3	0
3932	Q0	2734673#1	0
3932	Q0	2908031#1	0
3932	Q0	1094341#7	0
3932	Q0	1094341#5	0
3932	Q0	2080024#1	0
3933	Q0	527189#1	1
3933	Q0	52745#12	1
3933	Q0	178899#8	0
3933	Q0	1076529#0	0
3933	Q0	2615948#141	0
3933	Q0	2612952#134	0
3933	Q0	3751325#1	0
3933	Q0	40633#26	0
3933	Q0	178899#6	0
3933	Q0	91764#3	0
3934	Q0	15661#0	1
3934	Q0	15661#3	1
3934	Q0	71422#0	0
3934	Q0	15661#5	0
3934	Q0	15661#6	0
3934	Q0	15661#14	0
3934	Q0	15661#2	0
3934	Q0	2679220#25	0
3934	Q0	15661#15	0
3934	Q0	15661#29	0
3935	Q0	2361175#22	1
3935	Q0	2392553#3	1
3935	Q0	2502206#8	0
3935	Q0	2502206#9	0
3935	Q0	2502206#12	0
3935	Q0	2392553#13	0
3935	Q0	1484340#9	0
3935	Q0	2392553#11	0
3935	Q0	2392553#6	0
3935	Q0	2431391#4	0
3936	Q0	186313#1	1
3936	Q0	186313#2	1
3936	Q0	186313#0	1
3936	Q0	1775735#0	1
3936	Q0	3896729#0	0
3936	Q0	1775735#66	0
3936	Q0	3888602#0	0
3936	Q0	3888602#1	0
3936	Q0	3885450#6	0
3936	Q0	1965365#0	0
3937	Q0	89646#0	1
3937	Q0	137887#2	1
3937	Q0	853252#0	0
3937	Q0	1685784#3	0
3937	Q0	607663#1	0
3937	Q0	1241935#5	0
3937	Q0	15504#2	0
3937	Q0	89646#18	0
3937	Q0	15504#14	0
3937	Q0	1175641#3	0
3938	Q0	3199911#0	1
3938	Q0	674180#0	0
3938	Q0	3198729#0	0
3938	Q0	674180#2	0
3938	Q0	3199826#1	0
3938	Q0	3198729#1	0
3938	Q0	1490342#2	0
3938	Q0	1592976#1	0
3938	Q0	3198729#5	0
3938	Q0	885714#0	0
3940	Q0	6367#0	1
3940	Q0	179758#0	1
3940	Q0	1120078#0	1
3940	Q0	3231786#0	1
3940	Q0	6367#32	1
3940	Q0	180335#5	0
3940	Q0	180335#0	0
3940	Q0	3674957#0	0
3940	Q0	2059356#4	0
3940	Q0	2395780#11	0
3941	Q0	218027#1	1
3941	Q0	2523768#12	0
3941	Q0	218027#9	0
3941	Q0	1619251#1	0
3941	Q0	1351288#2	0
3941	Q0	1179308#3	0
3941	Q0	369502#38	0
3941	Q0	395013#4	0
3941	Q0	749950#2	0
3941	Q0	632283#5	0
3941	Q0	1179308#5	0
3942	Q0	374231#0	1
3942	Q0	2387623#2	0
3942	Q0	3452864#2	0
3942	Q0	2626160#1	0
3942	Q0	374231#34	0
3942	Q0	3273034#15	0
3942	Q0	374231#2	0
3942	Q0	557460#1	0
3942	Q0	3273034#1	0
3942	Q0	1870770#1	0
3944	Q0	1932939#18	1
3944	Q0	637012#132	1
3944	Q0	637012#0	1
3944	Q0	637012#57	0
3944	Q0	637012#53	0
3944	Q0	637012#119	0
3944	Q0	637012#69	0
3944	Q0	1101008#4	0
3944	Q0	110709#50	0
3944	Q0	637012#58	0
3944	Q0	637012#37	0
3945	Q0	603771#0	1
3945	Q0	830667#2	0
3945	Q0	31487#0	0
3945	Q0	56949#7	0
3945	Q0	1669590#4	0
3945	Q0	3354985#0	0
3945	Q0	7291#13	0
3945	Q0	3865308#8	0
3945	Q0	1003758#0	0
3945	Q0	1091806#13	0
3946	Q0	206074#8	1
3946	Q0	448046#3	1
3946	Q0	1074486#18	1
3946	Q0	20431#25	1
3946	Q0	206074#12	1
3946	Q0	1524795#26	0
3946	Q0	2138655#8	0
3946	Q0	206074#2	0
3946	Q0	206074#18	0
3946	Q0	206074#13	0
3946	Q0	1651278#7	0
3947	Q0	3083853#12	1
3947	Q0	3083853#64	0
3947	Q0	3083853#78	0
3947	Q0	3083853#1	0
3947	Q0	3083853#0	0
3947	Q0	3390072#6	0
3947	Q0	3083853#13	0
3947	Q0	3083853#37	0
3947	Q0	3083853#21	0
3947	Q0	3083853#22	0
3948	Q0	3393755#0	1
3948	Q0	3393755#3	0
3948	Q0	3393755#4	0
3948	Q0	3393755#5	0
3948	Q0	3393755#8	0
3948	Q0	3393755#1	0
3948	Q0	114744#2	0
3948	Q0	3393755#7	0
3948	Q0	26215#16	0
3948	Q0	3393755#2	0
3949	Q0	3087156#7	1
3949	Q0	3087156#0	0
3949	Q0	3087156#13	0
3949	Q0	3087156#18	0
3949	Q0	3087156#11	0
3949	Q0	3087156#8	0
3949	Q0	3087156#4	0
3949	Q0	361220#7	0
3949	Q0	3087156#5	0
3949	Q0	112444#11	0
3950	Q0	24264#0	1
3950	Q0	2110701#12	0
3950	Q0	217105#20	0
3950	Q0	1114329#17	0
3950	Q0	3559202#17	0
3950	Q0	195404#21	0
3950	Q0	178102#23	0
3950	Q0	2063250#6	0
3950	Q0	817972#13	0
3950	Q0	2976212#9	0
3950	Q0	3388830#21	0
3951	Q0	42447#1	1
3951	Q0	2699439#2	0
3951	Q0	42447#0	0
3951	Q0	2699439#7	0
3951	Q0	42447#4	0
3951	Q0	2559901#0	0
3951	Q0	249461#1	0
3951	Q0	201477#6	0
3951	Q0	2699439#19	0
3951	Q0	3510189#1	0
3953	Q0	106766#0	1
3953	Q0	9570#0	1
3953	Q0	5330#14	0
3953	Q0	9570#11	0
3953	Q0	2208139#6	0
3953	Q0	9570#9	0
3953	Q0	9570#8	0
3953	Q0	2208139#5	0
3953	Q0	62980#2	0
3953	Q0	9570#38	0
3953	Q0	2208139#3	0
3954	Q0	48103#5	1
3954	Q0	48103#1	1
3954	Q0	3207#45	0
3954	Q0	34534#2	0
3954	Q0	2265751#6	0
3954	Q0	48103#6	0
3954	Q0	3470883#1	0
3954	Q0	1067909#2	0
3954	Q0	48103#2	0
3954	Q0	103155#1	0
3956	Q0	56758#8	1
3956	Q0	56758#35	0
3956	Q0	2010334#7	0
3956	Q0	2010334#8	0
3956	Q0	56825#3	0
3956	Q0	1954173#3	0
3956	Q0	2010334#6	0
3956	Q0	2010334#14	0
3956	Q0	56758#9	0
3956	Q0	1992821#1	0
3956	Q0	2010334#4	0
3958	Q0	789#1	1
3958	Q0	2364#2	1
3958	Q0	3187996#8	0
3958	Q0	3022061#5	0
3958	Q0	789#2	0
3958	Q0	2643528#3	0
3958	Q0	14376#2	0
3958	Q0	7952#3	0
3958	Q0	3631042#1	0
3958	Q0	1489#5	0
3959	Q0	706790#0	1
3959	Q0	304598#17	1
3959	Q0	706790#29	0
3959	Q0	706790#37	0
3959	Q0	101405#47	0
3959	Q0	304598#32	0
3959	Q0	101405#7	0
3959	Q0	1146732#0	0
3959	Q0	506166#0	0
3959	Q0	706790#40	0
3960	Q0	2058165#1	1
3960	Q0	3155061#6	0
3960	Q0	2058165#0	0
3960	Q0	518178#15	0
3960	Q0	2851594#3	0
3960	Q0	98458#51	0
3960	Q0	3269279#0	0
3960	Q0	253367#10	0
3960	Q0	2911966#6	0
3960	Q0	2058165#2	0
3962	Q0	1317064#0	1
3962	Q0	1059820#9	0
3962	Q0	1059820#10	0
3962	Q0	1705996#12	0
3962	Q0	1317064#3	0
3962	Q0	1317064#7	0
3962	Q0	1705996#0	0
3962	Q0	646954#0	0
3962	Q0	1059820#8	0
3962	Q0	1705151#5	0
3963	Q0	36958#0	1
3963	Q0	16312#8	1
3963	Q0	415329#1	1
3963	Q0	57366#0	0
3963	Q0	3482340#0	0
3963	Q0	57367#0	0
3963	Q0	57367#20	0
3963	Q0	36958#23	0
3963	Q0	1776609#0	0
3963	Q0	36958#22	0
3964	Q0	7910#5	1
3964	Q0	7910#10	1
3964	Q0	7910#57	0
3964	Q0	7910#58	0
3964	Q0	309220#101	0
3964	Q0	7910#0	0
3964	Q0	7910#79	0
3964	Q0	7910#7	0
3964	Q0	7910#96	0
3964	Q0	7910#78	0
3965	Q0	2740133#1	1
3965	Q0	2740133#0	0
3965	Q0	2740133#3	0
3965	Q0	2740133#2	0
3965	Q0	2740133#121	0
3965	Q0	46996#6	0
3965	Q0	2740133#155	0
3965	Q0	2740133#13	0
3965	Q0	2740133#101	0
3965	Q0	2740133#30	0
3968	Q0	38084#10	1
3968	Q0	2819183#0	0
3968	Q0	459006#7	0
3968	Q0	2819183#15	0
3968	Q0	38084#14	0
3968	Q0	3247433#15	0
3968	Q0	2816238#3	0
3968	Q0	1978671#15	0
3968	Q0	3254830#11	0
3968	Q0	2341681#2	0
3969	Q0	141849#34	1
3969	Q0	141849#7	1
3969	Q0	96245#25	1
3969	Q0	141849#35	0
3969	Q0	141849#0	0
3969	Q0	141849#10	0
3969	Q0	141849#36	0
3969	Q0	141849#37	0
3969	Q0	57132#13	0
3969	Q0	1777845#4	0
3970	Q0	147501#0	1
3970	Q0	9917#0	1
3970	Q0	1892285#0	1
3970	Q0	9917#9	0
3970	Q0	147501#2	0
3970	Q0	9917#37	0
3970	Q0	147501#9	0
3970	Q0	9917#1	0
3970	Q0	2936322#3	0
3970	Q0	1931799#9	0
3972	Q0	2098096#0	1
3972	Q0	1215757#0	1
3972	Q0	1215757#3	1
3972	Q0	2159780#5	1
3972	Q0	85202#13	1
3972	Q0	1215757#47	0
3972	Q0	1589430#1	0
3972	Q0	72732#4	0
3972	Q0	1194180#20	0
3972	Q0	3580114#42	0
3972	Q0	1435941#118	0
3973	Q0	2772632#0	1
3973	Q0	519401#0	1
3973	Q0	1432302#14	0
3973	Q0	519401#3	0
3973	Q0	519401#6	0
3973	Q0	1432302#13	0
3973	Q0	1432302#6	0
3973	Q0	3387041#1	0
3973	Q0	519401#5	0
3973	Q0	1853275#4	0
3974	Q0	194577#0	1
3974	Q0	194577#2	1
3974	Q0	194577#30	0
3974	Q0	194577#33	0
3974	Q0	194577#32	0
3974	Q0	194577#34	0
3974	Q0	1639335#0	0
3974	Q0	2723033#2	0
3974	Q0	3038328#3	0
3974	Q0	1088978#0	0
3975	Q0	2824680#3	1
3975	Q0	2540372#3	1
3975	Q0	2540372#24	0
3975	Q0	1299287#1	0
3975	Q0	2541156#0	0
3975	Q0	2540372#22	0
3975	Q0	2540372#23	0
3975	Q0	2540372#6	0
3975	Q0	2540372#12	0
3975	Q0	2540372#0	0
3975	Q0	2540372#7	0
3977	Q0	204240#8	1
3977	Q0	176817#5	1
3977	Q0	1599785#2	1
3977	Q0	204240#3	0
3977	Q0	204240#9	0
3977	Q0	204240#22	0
3977	Q0	204240#14	0
3977	Q0	204240#20	0
3977	Q0	204240#6	0
3977	Q0	204240#28	0
3978	Q0	235110#7	1
3978	Q0	6974#19	1
3978	Q0	6974#8	0
3978	Q0	3581827#24	0
3978	Q0	1799623#1	0
3978	Q0	2413207#0	0
3978	Q0	919023#7	0
3978	Q0	2413207#3	0
3978	Q0	6974#5	0
3978	Q0	3228171#2	0
3978	Q0	1314040#3	0
3979	Q0	722851#3	1
3979	Q0	722851#18	0
3979	Q0	722851#12	0
3979	Q0	722851#0	0
3979	Q0	722851#11	0
3979	Q0	722851#16	0
3979	Q0	722851#6	0
3979	Q0	752130#11	0
3979	Q0	722851#4	0
3979	Q0	793609#13	0
3980	Q0	46898#0	1
3980	Q0	376650#1	1
3980	Q0	510847#7	0
3980	Q0	46898#14	0
3980	Q0	46898#8	0
3980	Q0	1161992#0	0
3980	Q0	1011181#1	0
3980	Q0	46898#10	0
3980	Q0	1161992#1	0
3980	Q0	948397#0	0
3981	Q0	72625#0	1
3981	Q0	72625#4	0
3981	Q0	72625#38	0
3981	Q0	603174#1	0
3981	Q0	72625#25	0
3981	Q0	3800848#0	0
3981	Q0	72625#35	0
3981	Q0	2920601#0	0
3981	Q0	1219949#20	0
3981	Q0	72625#43	0
3982	Q0	32922#27	1
3982	Q0	43052#4	1
3982	Q0	43052#3	1
3982	Q0	32922#0	1
3982	Q0	796620#2	0
3982	Q0	987886#0	0
3982	Q0	32922#47	0
3982	Q0	585675#2	0
3982	Q0	57#36	0
3982	Q0	43052#6	0
3982	Q0	1798974#0	0
3983	Q0	565000#42	1
3983	Q0	108780#1	0
3983	Q0	554637#29	0
3983	Q0	565000#67	0
3983	Q0	108780#13	0
3983	Q0	646622#10	0
3983	Q0	565000#68	0
3983	Q0	565000#85	0
3983	Q0	565000#72	0
3983	Q0	565000#38	0
3983	Q0	108780#0	0
3984	Q0	302564#0	1
3984	Q0	550558#4	1
3984	Q0	2828613#0	0
3984	Q0	1114378#0	0
3984	Q0	1890640#0	0
3984	Q0	302564#2	0
3984	Q0	302564#1	0
3984	Q0	2675513#0	0
3984	Q0	3637869#6	0
3984	Q0	106673#6	0
3985	Q0	106663#0	1
3985	Q0	106665#4	0
3985	Q0	115201#0	0
3985	Q0	2801405#1	0
3985	Q0	106663#2	0
3985	Q0	106663#8	0
3985	Q0	15702#0	0
3985	Q0	106438#7	0
3985	Q0	75381#14	0
3985	Q0	29740#0	0
3986	Q0	133917#7	1
3986	Q0	133917#49	0
3986	Q0	133917#45	0
3986	Q0	133917#3	0
3986	Q0	133917#28	0
3986	Q0	133917#16	0
3986	Q0	133917#5	0
3986	Q0	133917#40	0
3986	Q0	133917#13	0
3986	Q0	133917#21	0
3986	Q0	133917#30	0
3987	Q0	308581#0	1
3987	Q0	1694897#2	0
3987	Q0	250529#15	0
3987	Q0	1108498#6	0
3987	Q0	30758#14	0
3987	Q0	1942029#5	0
3987	Q0	24697#328	0
3987	Q0	83449#14	0
3987	Q0	2177976#3	0
3987	Q0	75434#98	0
3987	Q0	2504285#12	0
3988	Q0	1408058#0	1
3988	Q0	1408058#39	0
3988	Q0	1408058#52	0
3988	Q0	1408058#5	0
3988	Q0	1408058#10	0
3988	Q0	1408058#53	0
3988	Q0	1408058#66	0
3988	Q0	1408058#29	0
3988	Q0	1408058#15	0
3988	Q0	1408058#32	0
3988	Q0	1408058#8	0
3989	Q0	80243#0	1
3989	Q0	361141#0	1
3989	Q0	80243#36	0
3989	Q0	80243#35	0
3989	Q0	16054#4	0
3989	Q0	717628#0	0
3989	Q0	80243#2	0
3989	Q0	2687750#2	0
3989	Q0	16044#4	0
3989	Q0	80243#4	0
3990	Q0	1567781#0	1
3990	Q0	1567781#11	0
3990	Q0	1567781#15	0
3990	Q0	1567781#16	0
3990	Q0	1567781#17	0
3990	Q0	1567781#14	0
3990	Q0	1567781#1	0
3990	Q0	1567781#8	0
3990	Q0	1567781#12	0
3990	Q0	1567781#5	0
3992	Q0	426898#10	1
3992	Q0	426898#13	1
3992	Q0	426898#11	1
3992	Q0	426898#15	0
3992	Q0	426898#8	0
3992	Q0	426898#9	0
3992	Q0	426898#14	0
3992	Q0	426898#5	0
3992	Q0	3218054#10	0
3992	Q0	2203640#11	0
3994	Q0	3964#61	1
3994	Q0	1803#0	1
3994	Q0	1803#6	0
3994	Q0	2239469#1	0
3994	Q0	1051957#2	0
3994	Q0	12284#20	0
3994	Q0	3964#67	0
3994	Q0	2239469#0	0
3994	Q0	1324581#75	0
3994	Q0	507617#2	0
3994	Q0	2584#0	0
3995	Q0	3887613#1	1
3995	Q0	139845#0	1
3995	Q0	3887613#3	0
3995	Q0	3887613#6	0
3995	Q0	3887613#15	0
3995	Q0	3887613#17	0
3995	Q0	3887613#11	0
3995	Q0	3887613#16	0
3995	Q0	3887613#13	0
3995	Q0	3887613#14	0
3996	Q0	339399#9	1
3996	Q0	819329#1	1
3996	Q0	339399#18	0
3996	Q0	339399#1	0
3996	Q0	339399#36	0
3996	Q0	252689#8	0
3996	Q0	339399#12	0
3996	Q0	339399#20	0
3996	Q0	252689#7	0
3996	Q0	339399#37	0
3997	Q0	1276018#1	1
3997	Q0	1276018#2	1
3997	Q0	3887023#59	1
3997	Q0	1724144#2	0
3997	Q0	1724144#1	0
3997	Q0	2661046#2	0
3997	Q0	144091#6	0
3997	Q0	1276018#15	0
3997	Q0	390855#10	0
3997	Q0	2200205#1	0
3999	Q0	1329#31	1
3999	Q0	281076#0	1
3999	Q0	1329#32	0
3999	Q0	2847718#16	0
3999	Q0	1329#33	0
3999	Q0	255644#16	0
3999	Q0	2896331#6	0
3999	Q0	1329#38	0
3999	Q0	416810#0	0
3999	Q0	94244#6	0
3999	Q0	1614925#8	0
4000	Q0	406220#1	1
4000	Q0	38048#17	0
4000	Q0	38048#1	0
4000	Q0	38048#4	0
4000	Q0	38048#13	0
4000	Q0	406220#5	0
4000	Q0	715379#12	0
4000	Q0	38048#6	0
4000	Q0	406220#34	0
4000	Q0	38048#12	0
4001	Q0	58464#0	1
4001	Q0	283716#0	0
4001	Q0	3477632#1	0
4001	Q0	160251#1	0
4001	Q0	2182993#1	0
4001	Q0	2734673#1	0
4001	Q0	58464#2	0
4001	Q0	2586930#1	0
4001	Q0	58464#4	0
4001	Q0	878804#1	0
4002	Q0	619706#1	1
4002	Q0	468865#2	0
4002	Q0	888748#10	0
4002	Q0	619706#4	0
4002	Q0	619706#2	0
4002	Q0	2874344#0	0
4002	Q0	418871#3	0
4002	Q0	347#1	0
4002	Q0	49233#1	0
4002	Q0	728#2	0
4004	Q0	1073990#0	1
4004	Q0	2674179#0	0
4004	Q0	1073990#2	0
4004	Q0	460067#2	0
4004	Q0	1888290#0	0
4004	Q0	3652322#30	0
4004	Q0	3853078#5	0
4004	Q0	1330051#0	0
4004	Q0	1867029#0	0
4004	Q0	1549757#3	0
4004	Q0	2705680#0	0
4005	Q0	1675500#11	1
4005	Q0	1675500#7	1
4005	Q0	297336#44	0
4005	Q0	1675500#3	0
4005	Q0	1675500#0	0
4005	Q0	519203#23	0
4005	Q0	2753918#31	0
4005	Q0	1899649#0	0
4005	Q0	5222#6	0
4005	Q0	3498053#0	0
4007	Q0	3014846#9	1
4007	Q0	3034165#5	0
4007	Q0	3014846#3	0
4007	Q0	3014846#11	0
4007	Q0	3014846#1	0
4007	Q0	3014846#0	0
4007	Q0	3014846#8	0
4007	Q0	3014846#13	0
4007	Q0	3014846#6	0
4007	Q0	3014846#47	0
4008	Q0	3723569#1	1
4008	Q0	3723569#0	1
4008	Q0	3723569#2	0
4008	Q0	3723569#5	0
4008	Q0	3723569#4	0
4008	Q0	3677004#1	0
4008	Q0	2804605#6	0
4008	Q0	1013035#0	0
4008	Q0	2041844#0	0
4008	Q0	3685778#2	0
4009	Q0	2869680#0	1
4009	Q0	2869681#1	0
4009	Q0	2869680#7	0
4009	Q0	2869680#1	0
4009	Q0	2869680#2	0
4009	Q0	2869680#5	0
4009	Q0	2869681#0	0
4009	Q0	2869680#8	0
4009	Q0	2869680#30	0
4009	Q0	6833#150	0
4010	Q0	1503707#0	1
4010	Q0	1503707#1	0
4010	Q0	1503707#2	0
4010	Q0	1503707#4	0
4010	Q0	1503707#5	0
4010	Q0	1503707#7	0
4010	Q0	921582#1	0
4010	Q0	1503707#3	0
4010	Q0	2875989#1	0
4010	Q0	1503707#6	0
4010	Q0	2875989#0	0
4011	Q0	8211#4	1
4011	Q0	8211#6	1
4011	Q0	667647#1	0
4011	Q0	1372931#2	0
4011	Q0	8211#7	0
4011	Q0	17600#1	0
4011	Q0	1359224#26	0
4011	Q0	8211#29	0
4011	Q0	2257829#2	0
4011	Q0	2868693#2	0
4011	Q0	8211#26	0
4015	Q0	2809948#0	1
4015	Q0	2809949#0	1
4015	Q0	342147#0	1
4015	Q0	706279#45	1
4015	Q0	2809948#14	0
4015	Q0	2809948#15	0
4015	Q0	2809948#17	0
4015	Q0	2809949#6	0
4015	Q0	1565780#24	0
4015	Q0	2809949#22	0
4016	Q0	278238#6	1
4016	Q0	1240522#6	0
4016	Q0	278238#57	0
4016	Q0	278238#51	0
4016	Q0	278238#19	0
4016	Q0	2800050#20	0
4016	Q0	278238#0	0
4016	Q0	203367#29	0
4016	Q0	236838#4	0
4016	Q0	278238#24	0
4018	Q0	301255#0	1
4018	Q0	2804084#62	1
4018	Q0	301255#23	1
4018	Q0	301255#6	1
4018	Q0	3022576#0	0
4018	Q0	2013503#4	0
4018	Q0	3511137#1	0
4018	Q0	2908328#1	0
4018	Q0	3022578#0	0
4018	Q0	3122854#2	0
4019	Q0	1350696#5	1
4019	Q0	47216#4	1
4019	Q0	1349831#3	1
4019	Q0	47216#3	1
4019	Q0	1350696#0	0
4019	Q0	2869988#1	0
4019	Q0	1443161#0	0
4019	Q0	2273609#2	0
4019	Q0	1901757#1	0
4019	Q0	1350420#3	0
4019	Q0	47216#16	0
4021	Q0	169863#9	1
4021	Q0	3727597#1	0
4021	Q0	2982975#3	0
4021	Q0	169863#8	0
4021	Q0	3597695#1	0
4021	Q0	423063#17	0
4021	Q0	727698#4	0
4021	Q0	890241#2	0
4021	Q0	2483533#3	0
4021	Q0	1727554#4	0
4022	Q0	6244#0	1
4022	Q0	6244#23	1
4022	Q0	1283371#3	1
4022	Q0	6244#3	0
4022	Q0	6244#18	0
4022	Q0	6244#8	0
4022	Q0	1188213#3	0
4022	Q0	6244#24	0
4022	Q0	6244#10	0
4022	Q0	6244#9	0
4023	Q0	75434#10	1
4023	Q0	1976222#1	1
4023	Q0	883657#11	0
4023	Q0	883657#0	0
4023	Q0	1976222#14	0
4023	Q0	883657#25	0
4023	Q0	1976222#17	0
4023	Q0	883657#23	0
4023	Q0	883657#18	0
4023	Q0	1976222#39	0
4023	Q0	172540#3	0
4024	Q0	586345#3	1
4024	Q0	586345#4	0
4024	Q0	2207118#9	0
4024	Q0	3609300#0	0
4024	Q0	240572#0	0
4024	Q0	1873701#4	0
4024	Q0	1937530#1	0
4024	Q0	586345#5	0
4024	Q0	2656587#1	0
4024	Q0	10493#2	0
4024	Q0	1838090#3	0
4025	Q0	1435941#57	1
4025	Q0	2187644#7	1
4025	Q0	102968#1	1
4025	Q0	2808389#0	0
4025	Q0	102968#31	0
4025	Q0	102968#33	0
4025	Q0	128457#2	0
4025	Q0	442519#23	0
4025	Q0	2960901#1	0
4025	Q0	442519#65	0
4026	Q0	1978281#2	1
4026	Q0	66470#4	0
4026	Q0	66470#13	0
4026	Q0	238915#3	0
4026	Q0	922099#1	0
4026	Q0	66470#10	0
4026	Q0	890783#6	0
4026	Q0	3234749#1	0
4026	Q0	3457865#0	0
4026	Q0	911293#4	0
4026	Q0	1067687#1	0
4028	Q0	2058582#3	1
4028	Q0	2058582#0	0
4028	Q0	2058582#35	0
4028	Q0	2058582#5	0
4028	Q0	2058582#20	0
4028	Q0	2058582#1	0
4028	Q0	2058582#4	0
4028	Q0	2058582#16	0
4028	Q0	2058582#18	0
4028	Q0	2058582#19	0
4029	Q0	2508973#0	1
4029	Q0	358548#1	1
4029	Q0	1625815#1	1
4029	Q0	2509151#0	0
4029	Q0	2509072#0	0
4029	Q0	2509190#0	0
4029	Q0	3318226#1	0
4029	Q0	1300371#0	0
4029	Q0	2509271#0	0
4029	Q0	2509502#0	0
4029	Q0	2508956#0	0
4030	Q0	23832#33	1
4030	Q0	966941#44	1
4030	Q0	1435941#194	1
4030	Q0	2673682#1	0
4030	Q0	1154553#1	0
4030	Q0	1746#27	0
4030	Q0	3599482#7	0
4030	Q0	9547#12	0
4030	Q0	1119369#6	0
4030	Q0	3390950#8	0
4032	Q0	27776#3	1
4032	Q0	1156222#17	0
4032	Q0	1518334#2	0
4032	Q0	1966991#3	0
4032	Q0	1044399#8	0
4032	Q0	2183086#2	0
4032	Q0	1138631#1	0
4032	Q0	108679#14	0
4032	Q0	27776#8	0
4032	Q0	299308#9	0
4033	Q0	505222#2	1
4033	Q0	32675#60	1
4033	Q0	346154#23	0
4033	Q0	346154#2	0
4033	Q0	346154#19	0
4033	Q0	81778#15	0
4033	Q0	346154#1	0
4033	Q0	81778#16	0
4033	Q0	346154#0	0
4033	Q0	346154#16	0
4034	Q0	389213#0	1
4034	Q0	389213#3	0
4034	Q0	389213#5	0
4034	Q0	389213#6	0
4034	Q0	389213#22	0
4034	Q0	389213#14	0
4034	Q0	3216268#5	0
4034	Q0	389213#19	0
4034	Q0	389213#11	0
4034	Q0	389213#8	0
4035	Q0	1551177#17	1
4035	Q0	2130109#0	1
4035	Q0	1551177#18	0
4035	Q0	2130109#16	0
4035	Q0	1551177#25	0
4035	Q0	2130109#20	0
4035	Q0	1551177#31	0
4035	Q0	2130109#12	0
4035	Q0	1551177#23	0
4035	Q0	19750#48	0
4035	Q0	1551177#33	0
4036	Q0	1204522#0	1
4036	Q0	1875883#4	1
4036	Q0	245748#6	1
4036	Q0	1924904#0	0
4036	Q0	1875883#5	0
4036	Q0	1875883#0	0
4036	Q0	3587136#1	0
4036	Q0	1875883#2	0
4036	Q0	3188013#173	0
4036	Q0	3199542#4	0
4037	Q0	951756#0	1
4037	Q0	83854#0	0
4037	Q0	951756#4	0
4037	Q0	1443508#0	0
4037	Q0	3139101#2	0
4037	Q0	2906240#2	0
4037	Q0	3283677#1	0
4037	Q0	3791343#1	0
4037	Q0	3709515#9	0
4037	Q0	3366382#1	0
4038	Q0	2811030#1	1
4038	Q0	54357#5	1
4038	Q0	2811030#0	0
4038	Q0	2811030#20	0
4038	Q0	2811030#15	0
4038	Q0	3486576#1	0
4038	Q0	2943423#2	0
4038	Q0	2811030#9	0
4038	Q0	2819276#2	0
4038	Q0	2811030#8	0
4039	Q0	63121#0	1
4039	Q0	127162#5	1
4039	Q0	57098#5	1
4039	Q0	574922#0	0
4039	Q0	1812201#6	0
4039	Q0	1812201#10	0
4039	Q0	242217#0	0
4039	Q0	119795#0	0
4039	Q0	58008#53	0
4039	Q0	223878#26	0
4039	Q0	75877#0	0
4040	Q0	1815931#0	1
4040	Q0	427122#0	1
4040	Q0	561914#5	1
4040	Q0	68020#0	1
4040	Q0	68020#31	0
4040	Q0	68020#12	0
4040	Q0	589097#0	0
4040	Q0	68020#14	0
4040	Q0	1837710#1	0
4040	Q0	3487235#1	0
4042	Q0	3038892#0	1
4042	Q0	415795#3	1
4042	Q0	415795#4	0
4042	Q0	1009232#0	0
4042	Q0	415795#0	0
4042	Q0	161724#3	0
4042	Q0	407752#2	0
4042	Q0	2946063#0	0
4042	Q0	635831#0	0
4042	Q0	558909#1	0
4044	Q0	8195#1	1
4044	Q0	8195#0	0
4044	Q0	3269096#3	0
4044	Q0	1325463#0	0
4044	Q0	1261204#1	0
4044	Q0	1083778#3	0
4044	Q0	223781#1	0
4044	Q0	22283#1	0
4044	Q0	979151#1	0
4044	Q0	8195#3	0
4045	Q0	1650409#0	1
4045	Q0	63097#1	0
4045	Q0	63097#46	0
4045	Q0	2706622#1	0
4045	Q0	2593610#2	0
4045	Q0	763642#2	0
4045	Q0	2491558#8	0
4045	Q0	2367022#5	0
4045	Q0	1749718#0	0
4045	Q0	2626811#2	0
4045	Q0	63097#45	0
4046	Q0	1308#2	1
4046	Q0	2443212#0	0
4046	Q0	418871#3	0
4046	Q0	3315806#21	0
4046	Q0	599#1	0
4046	Q0	648477#1	0
4046	Q0	860385#7	0
4046	Q0	1187036#1	0
4046	Q0	2409091#1	0
4046	Q0	384376#12	0
4046	Q0	888748#10	0
4047	Q0	1219363#6	1
4047	Q0	2942903#1	1
4047	Q0	1219363#0	0
4047	Q0	1219363#4	0
4047	Q0	1390265#10	0
4047	Q0	1219363#1	0
4047	Q0	2947280#5	0
4047	Q0	2944297#1	0
4047	Q0	456402#15	0
4047	Q0	1219363#2	0
4048	Q0	124711#1	1
4048	Q0	719514#9	1
4048	Q0	2148588#1	0
4048	Q0	378227#1	0
4048	Q0	987397#1	0
4048	Q0	124711#2	0
4048	Q0	3553149#3	0
4048	Q0	1428284#2	0
4048	Q0	2563253#0	0
4048	Q0	148408#5	0
4049	Q0	2386093#2	1
4049	Q0	2605040#0	1
4049	Q0	2386093#0	0
4049	Q0	2846286#0	0
4049	Q0	730855#0	0
4049	Q0	2386093#1	0
4049	Q0	2386093#5	0
4049	Q0	2231006#1	0
4049	Q0	2867972#43	0
4049	Q0	2334292#18	0
4050	Q0	2723211#15	1
4050	Q0	144730#2	0
4050	Q0	144730#6	0
4050	Q0	75332#12	0
4050	Q0	999996#4	0
4050	Q0	334777#5	0
4050	Q0	334777#9	0
4050	Q0	236070#6	0
4050	Q0	97952#24	0
4050	Q0	2966265#24	0
4050	Q0	334777#4	0
4052	Q0	1039#0	1
4052	Q0	5743#86	0
4052	Q0	1039#14	0
4052	Q0	3692384#5	0
4052	Q0	1698893#102	0
4052	Q0	1039#9	0
4052	Q0	4721#1	0
4052	Q0	17771#61	0
4052	Q0	2301395#45	0
4052	Q0	99#14	0
4055	Q0	79869#1	1
4055	Q0	1174320#21	1
4055	Q0	1524490#0	0
4055	Q0	79869#0	0
4055	Q0	79869#5	0
4055	Q0	79869#9	0
4055	Q0	79869#3	0
4055	Q0	1524490#1	0
4055	Q0	79869#8	0
4055	Q0	104680#1	0
4056	Q0	115721#1	1
4056	Q0	115721#0	0
4056	Q0	571081#10	0
4056	Q0	115721#3	0
4056	Q0	3771215#1	0
4056	Q0	115721#10	0
4056	Q0	2608256#0	0
4056	Q0	2443434#3	0
4056	Q0	2607311#0	0
4056	Q0	868327#0	0
4058	Q0	38403#14	1
4058	Q0	38403#15	0
4058	Q0	1683710#4	0
4058	Q0	2127871#5	0
4058	Q0	1151349#10	0
4058	Q0	38403#1	0
4058	Q0	3440197#5	0
4058	Q0	2230610#11	0
4058	Q0	3371558#8	0
4058	Q0	1199560#0	0
4060	Q0	1414823#1	1
4060	Q0	1414823#0	0
4060	Q0	1414823#6	0
4060	Q0	1414823#8	0
4060	Q0	1414823#2	0
4060	Q0	1414823#7	0
4060	Q0	1414823#11	0
4060	Q0	1414823#32	0
4060	Q0	1414823#22	0
4060	Q0	1414823#25	0
4062	Q0	2148#1	1
4062	Q0	2666727#0	0
4062	Q0	2179868#0	0
4062	Q0	2668354#0	0
4062	Q0	1228776#1	0
4062	Q0	3529750#0	0
4062	Q0	2250021#0	0
4062	Q0	47243#2	0
4062	Q0	47243#31	0
4062	Q0	3732230#0	0
4063	Q0	3010988#38	1
4063	Q0	3010988#14	0
4063	Q0	3010988#73	0
4063	Q0	3010988#70	0
4063	Q0	3010988#63	0
4063	Q0	3010988#37	0
4063	Q0	3010988#42	0
4063	Q0	3010988#0	0
4063	Q0	3010988#69	0
4063	Q0	3010988#18	0
4063	Q0	3010988#29	0
4064	Q0	41545#6	1
4064	Q0	38610#30	1
4064	Q0	41545#59	1
4064	Q0	41545#56	1
4064	Q0	41545#51	1
4064	Q0	41545#44	1
4064	Q0	41545#5	1
4064	Q0	97650#7	0
4064	Q0	41545#34	0
4064	Q0	41545#8	0
4064	Q0	41545#75	0
4065	Q0	49557#21	1
4065	Q0	1274124#9	1
4065	Q0	49557#10	0
4065	Q0	49557#14	0
4065	Q0	49557#22	0
4065	Q0	49557#0	0
4065	Q0	49557#13	0
4065	Q0	49557#24	0
4065	Q0	49557#20	0
4065	Q0	49557#18	0
4065	Q0	49557#23	0
4066	Q0	7687#0	1
4066	Q0	4985#51	1
4066	Q0	4985#78	0
4066	Q0	4985#50	0
4066	Q0	7687#7	0
4066	Q0	3118983#52	0
4066	Q0	3118983#51	0
4066	Q0	4985#48	0
4066	Q0	356397#59	0
4066	Q0	27539#8	0
4067	Q0	1884971#0	1
4067	Q0	1884971#17	0
4067	Q0	1884971#21	0
4067	Q0	1884971#10	0
4067	Q0	1884971#12	0
4067	Q0	1884971#6	0
4067	Q0	1884971#8	0
4067	Q0	1884971#18	0
4067	Q0	1884971#13	0
4067	Q0	1884971#20	0
4068	Q0	117560#10	1
4068	Q0	117560#3	0
4068	Q0	2395133#4	0
4068	Q0	117560#18	0
4068	Q0	117560#11	0
4068	Q0	2714678#3	0
4068	Q0	117560#53	0
4068	Q0	117560#42	0
4068	Q0	117560#41	0
4068	Q0	2395133#22	0
4069	Q0	239360#0	1
4069	Q0	3617172#5	1
4069	Q0	914122#71	0
4069	Q0	71087#0	0
4069	Q0	1428932#0	0
4069	Q0	3891393#0	0
4069	Q0	239360#50	0
4069	Q0	914122#0	0
4069	Q0	3891393#25	0
4069	Q0	71087#34	0
4071	Q0	29069#0	1
4071	Q0	2383871#0	0
4071	Q0	518063#0	0
4071	Q0	191577#0	0
4071	Q0	29069#16	0
4071	Q0	29069#1	0
4071	Q0	1796869#0	0
4071	Q0	2967589#0	0
4071	Q0	1913075#1	0
4071	Q0	3736836#1	0
4072	Q0	7021#0	1
4072	Q0	1478434#1	1
4072	Q0	7020#9	1
4072	Q0	7021#8	0
4072	Q0	7021#3	0
4072	Q0	7021#1	0
4072	Q0	7021#5	0
4072	Q0	1832808#4	0
4072	Q0	1980211#1	0
4072	Q0	2801742#0	0
4075	Q0	180560#0	1
4075	Q0	180560#34	0
4075	Q0	180560#33	0
4075	Q0	180560#2	0
4075	Q0	180560#13	0
4075	Q0	180560#14	0
4075	Q0	180560#11	0
4075	Q0	180560#7	0
4075	Q0	180560#17	0
4075	Q0	180560#23	0
4076	Q0	2681119#1	1
4076	Q0	2681119#0	1
4076	Q0	1113239#4	0
4076	Q0	1113240#1	0
4076	Q0	2681119#4	0
4076	Q0	74195#3	0
4076	Q0	2681119#3	0
4076	Q0	228061#0	0
4076	Q0	967971#1	0
4076	Q0	2681119#2	0
4077	Q0	12648#9	1
4077	Q0	12648#71	0
4077	Q0	12648#13	0
4077	Q0	790785#3	0
4077	Q0	790785#4	0
4077	Q0	40131#10	0
4077	Q0	791441#2	0
4077	Q0	497566#22	0
4077	Q0	751739#30	0
4077	Q0	497566#13	0
4078	Q0	30755#0	1
4078	Q0	30755#1	0
4078	Q0	3138460#3	0
4078	Q0	74195#3	0
4078	Q0	1597772#2	0
4078	Q0	30755#2	0
4078	Q0	3860985#2	0
4078	Q0	630788#1	0
4078	Q0	1420440#1	0
4078	Q0	2864561#3	0
4080	Q0	2804087#0	1
4080	Q0	2804087#14	1
4080	Q0	2778057#9	1
4080	Q0	1097660#0	1
4080	Q0	52145#0	1
4080	Q0	453161#2	0
4080	Q0	2804087#5	0
4080	Q0	2804087#9	0
4080	Q0	2778057#1	0
4080	Q0	2804087#11	0
4080	Q0	678262#0	0
4081	Q0	195841#2	1
4081	Q0	195841#0	0
4081	Q0	195841#3	0
4081	Q0	195841#5	0
4081	Q0	3449805#3	0
4081	Q0	2593541#22	0
4081	Q0	195841#7	0
4081	Q0	195841#8	0
4081	Q0	3729804#0	0
4081	Q0	195841#11	0
4081	Q0	195841#4	0
4083	Q0	370663#3	1
4083	Q0	370663#14	0
4083	Q0	370663#10	0
4083	Q0	370663#8	0
4083	Q0	370663#0	0
4083	Q0	370663#2	0
4083	Q0	370663#20	0
4083	Q0	370663#21	0
4083	Q0	370663#11	0
4083	Q0	370663#1	0
4083	Q0	370663#9	0
4084	Q0	28275#4	1
4084	Q0	1737324#1	0
4084	Q0	167905#9	0
4084	Q0	3817588#3	0
4084	Q0	1817#1	0
4084	Q0	3481650#1	0
4084	Q0	2154714#2	0
4084	Q0	14468#9	0
4084	Q0	28275#6	0
4084	Q0	805956#1	0
4085	Q0	21123#1	1
4085	Q0	185202#4	0
4085	Q0	21123#0	0
4085	Q0	21123#6	0
4085	Q0	21123#7	0
4085	Q0	21123#4	0
4085	Q0	3322388#1	0
4085	Q0	3518633#0	0
4085	Q0	2560245#54	0
4085	Q0	21123#8	0
4086	Q0	2475187#3	1
4086	Q0	2591932#0	0
4086	Q0	2591932#18	0
4086	Q0	2892238#21	0
4086	Q0	1023208#5	0
4086	Q0	2591932#2	0
4086	Q0	2591932#19	0
4086	Q0	2697902#13	0
4086	Q0	2892238#6	0
4086	Q0	2591932#6	0
4086	Q0	2591932#13	0
4087	Q0	4360#0	1
4087	Q0	3816474#1	1
4087	Q0	4360#9	0
4087	Q0	4360#8	0
4087	Q0	2935334#0	0
4087	Q0	1954388#0	0
4087	Q0	3816475#1	0
4087	Q0	3814508#1	0
4087	Q0	1954424#0	0
4087	Q0	3815247#0	0
4088	Q0	1572788#1	1
4088	Q0	718376#15	1
4088	Q0	1572788#7	0
4088	Q0	1572788#4	0
4088	Q0	1572788#3	0
4088	Q0	1572788#8	0
4088	Q0	1572788#6	0
4088	Q0	1572788#0	0
4088	Q0	423576#1	0
4088	Q0	2900607#1	0
4089	Q0	1650941#0	1
4089	Q0	49027#0	1
4089	Q0	53577#0	0
4089	Q0	66684#0	0
4089	Q0	32099#23	0
4089	Q0	41780#0	0
4089	Q0	16054#0	0
4089	Q0	30032#20	0
4089	Q0	155166#0	0
4089	Q0	41780#5	0
4090	Q0	286048#3	1
4090	Q0	53#36	1
4090	Q0	53#22	1
4090	Q0	53#35	1
4090	Q0	1903551#1	1
4090	Q0	53#28	1
4090	Q0	53#1	1
4090	Q0	794469#5	0
4090	Q0	8917#24	0
4090	Q0	455505#5	0
4090	Q0	53#56	0
4090	Q0	53#10	0
4090	Q0	53#31	0
4091	Q0	623212#3	1
4091	Q0	59082#7	1
4091	Q0	59082#4	0
4091	Q0	57548#3	0
4091	Q0	59082#21	0
4091	Q0	59082#17	0
4091	Q0	3748684#7	0
4091	Q0	948826#22	0
4091	Q0	59082#49	0
4091	Q0	59082#52	0
4093	Q0	53183#0	1
4093	Q0	53183#2	0
4093	Q0	3826047#1	0
4093	Q0	3826046#1	0
4093	Q0	1505949#2	0
4093	Q0	1333673#1	0
4093	Q0	196525#0	0
4093	Q0	2011722#3	0
4093	Q0	1931325#0	0
4093	Q0	604420#0	0
4094	Q0	538956#1	1
4094	Q0	538956#4	1
4094	Q0	538956#0	0
4094	Q0	538956#17	0
4094	Q0	538956#7	0
4094	Q0	538956#11	0
4094	Q0	538956#14	0
4094	Q0	538956#15	0
4094	Q0	538956#6	0
4094	Q0	538956#16	0
4095	Q0	2775395#1	1
4095	Q0	2775395#0	1
4095	Q0	2776681#1	0
4095	Q0	3287237#0	0
4095	Q0	2775395#4	0
4095	Q0	2777663#1	0
4095	Q0	2775395#2	0
4095	Q0	2775395#3	0
4095	Q0	3324510#1	0
4095	Q0	2777063#1	0
4096	Q0	2141#19	1
4096	Q0	370608#3	1
4096	Q0	498893#4	1
4096	Q0	281979#4	0
4096	Q0	1999875#8	0
4096	Q0	5243#10	0
4096	Q0	496342#6	0
4096	Q0	10743#16	0
4096	Q0	2141#21	0
4096	Q0	157190#27	0
4097	Q0	28697#1	1
4097	Q0	2561514#12	0
4097	Q0	2561514#9	0
4097	Q0	28697#8	0
4097	Q0	28697#0	0
4097	Q0	227493#1	0
4097	Q0	2298273#0	0
4097	Q0	28697#2	0
4097	Q0	2561514#2	0
4097	Q0	28697#4	0
4098	Q0	83756#0	1
4098	Q0	55164#7	0
4098	Q0	55164#0	0
4098	Q0	55164#3	0
4098	Q0	83756#7	0
4098	Q0	55164#4	0
4098	Q0	83756#5	0
4098	Q0	83756#6	0
4098	Q0	83756#4	0
4098	Q0	83756#10	0
4099	Q0	1073728#0	1
4099	Q0	50566#40	1
4099	Q0	1073728#62	0
4099	Q0	1582561#0	0
4099	Q0	1073728#14	0
4099	Q0	1073728#39	0
4099	Q0	1073728#4	0
4099	Q0	1073728#55	0
4099	Q0	1073728#63	0
4099	Q0	1073728#31	0
4102	Q0	17362#5	1
4102	Q0	2994595#7	0
4102	Q0	2358330#1	0
4102	Q0	2334654#4	0
4102	Q0	3716452#7	0
4102	Q0	3808959#6	0
4102	Q0	2994595#5	0
4102	Q0	3520724#13	0
4102	Q0	3017139#1	0
4102	Q0	3814587#0	0
4103	Q0	565492#0	1
4103	Q0	565492#1	0
4103	Q0	565492#5	0
4103	Q0	981677#0	0
4103	Q0	2745765#1	0
4103	Q0	572932#1	0
4103	Q0	1785236#1	0
4103	Q0	1794605#2	0
4103	Q0	1109358#0	0
4103	Q0	565492#3	0
4104	Q0	185426#0	1
4104	Q0	2194983#5	0
4104	Q0	2230136#1	0
4104	Q0	185426#29	0
4104	Q0	2900387#8	0
4104	Q0	185426#7	0
4104	Q0	185426#17	0
4104	Q0	185426#10	0
4104	Q0	185426#24	0
4104	Q0	8133#11	0
4106	Q0	2307172#7	1
4106	Q0	2307172#15	1
4106	Q0	2307172#0	0
4106	Q0	2307172#2	0
4106	Q0	2307172#16	0
4106	Q0	2307172#12	0
4106	Q0	2307172#13	0
4106	Q0	2307172#18	0
4106	Q0	2307172#22	0
4106	Q0	2307172#26	0
4107	Q0	459439#9	1
4107	Q0	565642#3	0
4107	Q0	1399809#1	0
4107	Q0	412373#2	0
4107	Q0	3339815#10	0
4107	Q0	3921#28	0
4107	Q0	3543641#0	0
4107	Q0	565642#2	0
4107	Q0	2889212#4	0
4107	Q0	565642#4	0
4108	Q0	3780750#2	1
4108	Q0	3780750#12	0
4108	Q0	3780750#24	0
4108	Q0	3780750#14	0
4108	Q0	3780750#1	0
4108	Q0	3780750#11	0
4108	Q0	3780750#0	0
4108	Q0	3780750#8	0
4108	Q0	3780750#6	0
4108	Q0	3780750#4	0
4108	Q0	3780750#3	0
4109	Q0	193325#1	1
4109	Q0	9920#1	0
4109	Q0	9920#2	0
4109	Q0	9920#46	0
4109	Q0	9920#51	0
4109	Q0	9920#0	0
4109	Q0	1536164#2	0
4109	Q0	9920#28	0
4109	Q0	2032816#3	0
4109	Q0	9920#16	0
4110	Q0	1476885#0	1
4110	Q0	1476885#34	0
4110	Q0	2203463#4	0
4110	Q0	1881417#3	0
4110	Q0	3843185#2	0
4110	Q0	1982201#33	0
4110	Q0	1476885#17	0
4110	Q0	1476885#7	0
4110	Q0	95141#10	0
4110	Q0	1114323#16	0
4113	Q0	3605866#3	1
4113	Q0	3605866#15	0
4113	Q0	3605866#0	0
4113	Q0	3605866#2	0
4113	Q0	3605866#13	0
4113	Q0	3605866#1	0
4113	Q0	3605866#16	0
4113	Q0	3605866#5	0
4113	Q0	3605866#12	0
4113	Q0	3605866#6	0
4114	Q0	117247#0	1
4114	Q0	39771#10	0
4114	Q0	117247#2	0
4114	Q0	3765332#1	0
4114	Q0	3139828#1	0
4114	Q0	2532536#1	0
4114	Q0	2732894#1	0
4114	Q0	3549589#1	0
4114	Q0	1768959#1	0
4114	Q0	524717#2	0
4115	Q0	1107294#2	1
4115	Q0	490252#1	1
4115	Q0	6266#0	1
4115	Q0	1319201#1	1
4115	Q0	2664225#0	0
4115	Q0	6237#1	0
4115	Q0	163950#0	0
4115	Q0	163950#4	0
4115	Q0	1099357#2	0
4115	Q0	1328654#3	0
4116	Q0	377743#1	1
4116	Q0	377743#21	0
4116	Q0	377743#0	0
4116	Q0	377743#18	0
4116	Q0	377743#20	0
4116	Q0	812266#1	0
4116	Q0	3466254#1	0
4116	Q0	377743#15	0
4116	Q0	809336#1	0
4116	Q0	206810#1	0
4117	Q0	294592#21	1
4117	Q0	907180#2	1
4117	Q0	5260#67	0
4117	Q0	2522923#9	0
4117	Q0	3311011#5	0
4117	Q0	1372762#21	0
4117	Q0	524978#9	0
4117	Q0	143996#9	0
4117	Q0	10959#2	0
4117	Q0	2157328#6	0
4118	Q0	1269894#2	1
4118	Q0	1269894#5	0
4118	Q0	240626#4	0
4118	Q0	606915#17	0
4118	Q0	240626#0	0
4118	Q0	801158#17	0
4118	Q0	1269894#6	0
4118	Q0	801158#1	0
4118	Q0	668943#10	0
4118	Q0	801158#26	0
4119	Q0	425201#10	1
4119	Q0	425201#22	0
4119	Q0	2038231#35	0
4119	Q0	2038231#34	0
4119	Q0	425201#27	0
4119	Q0	425201#12	0
4119	Q0	425201#32	0
4119	Q0	425201#14	0
4119	Q0	425201#55	0
4119	Q0	425201#18	0
4119	Q0	425201#19	0
4120	Q0	1340758#0	1
4120	Q0	3569595#2	1
4120	Q0	1340758#6	1
4120	Q0	3446758#11	1
4120	Q0	3446758#0	0
4120	Q0	1340758#12	0
4120	Q0	1340758#8	0
4120	Q0	1340758#2	0
4120	Q0	3446758#12	0
4120	Q0	3416317#0	0
4121	Q0	459279#9	1
4121	Q0	459279#0	0
4121	Q0	459279#7	0
4121	Q0	459279#27	0
4121	Q0	459279#33	0
4121	Q0	459279#31	0
4121	Q0	459279#10	0
4121	Q0	459279#28	0
4121	Q0	459279#12	0
4121	Q0	459279#18	0
4121	Q0	459279#39	0
4122	Q0	2514968#2	1
4122	Q0	617756#6	0
4122	Q0	617756#29	0
4122	Q0	617756#4	0
4122	Q0	105567#2	0
4122	Q0	617756#19	0
4122	Q0	1989316#1	0
4122	Q0	617756#28	0
4122	Q0	82611#8	0
4122	Q0	617756#24	0
4123	Q0	269685#4	1
4123	Q0	9782#0	1
4123	Q0	6557#8	1
4123	Q0	965821#1	1
4123	Q0	9782#17	1
4123	Q0	2892379#1	0
4123	Q0	530574#0	0
4123	Q0	1108409#3	0
4123	Q0	9782#23	0
4123	Q0	330280#12	0
4123	Q0	1534223#0	0
4124	Q0	927961#8	1
4124	Q0	927961#52	0
4124	Q0	225283#6	0
4124	Q0	1174812#42	0
4124	Q0	48712#17	0
4124	Q0	686577#1	0
4124	Q0	3752472#102	0
4124	Q0	948918#1	0
4124	Q0	3142957#32	0
4124	Q0	927961#35	0
4124	Q0	927961#32	0
4124	Q0	927961#21	0
4124	Q0	927961#9	0
4126	Q0	15740#0	1
4126	Q0	12052#1	1
4126	Q0	778159#0	0
4126	Q0	12520#3	0
4126	Q0	15732#11	0
4126	Q0	10717#1	0
4126	Q0	15732#1	0
4126	Q0	10717#26	0
4126	Q0	1543354#3	0
4126	Q0	778159#4	0
4127	Q0	140987#0	1
4127	Q0	68818#27	1
4127	Q0	2356191#10	1
4127	Q0	171182#0	1
4127	Q0	171182#3	0
4127	Q0	140987#28	0
4127	Q0	140956#6	0
4127	Q0	140987#2	0
4127	Q0	171182#1	0
4127	Q0	140987#6	0
4128	Q0	1041643#1	1
4128	Q0	1041643#17	0
4128	Q0	137705#6	0
4128	Q0	1041643#21	0
4128	Q0	1375677#77	0
4128	Q0	1375677#70	0
4128	Q0	1041643#13	0
4128	Q0	505783#20	0
4128	Q0	2094714#4	0
4128	Q0	505783#1	0
4129	Q0	2737994#29	1
4129	Q0	70286#0	1
4129	Q0	880822#1	1
4129	Q0	70286#23	0
4129	Q0	2506450#11	0
4129	Q0	70286#24	0
4129	Q0	2077656#4	0
4129	Q0	910546#136	0
4129	Q0	70286#29	0
4129	Q0	2930133#14	0
4130	Q0	2755772#18	1
4130	Q0	2755772#1	1
4130	Q0	2755772#17	1
4130	Q0	2755772#5	1
4130	Q0	2755772#16	1
4130	Q0	2755772#0	0
4130	Q0	2755772#2	0
4130	Q0	2755772#12	0
4130	Q0	2756839#7	0
4130	Q0	2755772#8	0
4132	Q0	1610248#1	1
4132	Q0	1610248#0	0
4132	Q0	1610248#15	0
4132	Q0	1610248#10	0
4132	Q0	1610248#3	0
4132	Q0	1610248#6	0
4132	Q0	1610248#2	0
4132	Q0	1610248#8	0
4132	Q0	872572#4	0
4132	Q0	1652987#2	0
4132	Q0	717116#3	0
4133	Q0	1932213#0	1
4133	Q0	567417#0	1
4133	Q0	1936523#0	1
4133	Q0	31466#39	1
4133	Q0	773443#0	0
4133	Q0	1669#19	0
4133	Q0	1932213#1	0
4133	Q0	1745991#4	0
4133	Q0	821797#2	0
4133	Q0	3069966#0	0
4134	Q0	30960#2	1
4134	Q0	11527#17	0
4134	Q0	31481#4	0
4134	Q0	395909#1	0
4134	Q0	425947#7	0
4134	Q0	1583233#51	0
4134	Q0	40575#2	0
4134	Q0	431681#0	0
4134	Q0	30960#7	0
4134	Q0	19879#15	0
4134	Q0	30960#5	0
4135	Q0	213893#3	1
4135	Q0	2100764#0	0
4135	Q0	166397#1	0
4135	Q0	183700#0	0
4135	Q0	562722#1	0
4135	Q0	1114172#8	0
4135	Q0	6236#21	0
4135	Q0	3275804#1	0
4135	Q0	360666#2	0
4135	Q0	439257#8	0
4136	Q0	1523623#2	1
4136	Q0	2580393#45	1
4136	Q0	1163462#1	1
4136	Q0	1163462#24	0
4136	Q0	1163462#7	0
4136	Q0	1163462#14	0
4136	Q0	1163462#32	0
4136	Q0	2762287#3	0
4136	Q0	33117#13	0
4136	Q0	1163462#8	0
4136	Q0	1163462#22	0
4137	Q0	6852#10	1
4137	Q0	15114#19	1
4137	Q0	2989152#4	0
4137	Q0	394236#7	0
4137	Q0	253872#14	0
4137	Q0	1474797#28	0
4137	Q0	15877#13	0
4137	Q0	14637#76	0
4137	Q0	110276#54	0
4137	Q0	378155#120	0
4138	Q0	142957#0	1
4138	Q0	167380#0	1
4138	Q0	225673#14	0
4138	Q0	142957#94	0
4138	Q0	427444#8	0
4138	Q0	142957#99	0
4138	Q0	167380#15	0
4138	Q0	3809303#4	0
4138	Q0	142957#7	0
4138	Q0	87384#24	0
4138	Q0	2996597#3	0
4140	Q0	101448#1	1
4140	Q0	67666#22	1
4140	Q0	3647331#0	1
4140	Q0	67666#0	1
4140	Q0	52745#0	1
4140	Q0	389867#10	1
4140	Q0	52745#93	1
4140	Q0	118742#0	0
4140	Q0	273710#0	0
4140	Q0	3409550#2	0
4141	Q0	145330#3	1
4141	Q0	145330#4	1
4141	Q0	84148#13	1
4141	Q0	145330#5	0
4141	Q0	310532#4	0
4141	Q0	145330#22	0
4141	Q0	145330#8	0
4141	Q0	209041#3	0
4141	Q0	145330#9	0
4141	Q0	364674#0	0
4144	Q0	22237#11	1
4144	Q0	22237#9	0
4144	Q0	22237#10	0
4144	Q0	22237#8	0
4144	Q0	2754944#1	0
4144	Q0	3729555#32	0
4144	Q0	22237#3	0
4144	Q0	22237#1	0
4144	Q0	260579#0	0
4144	Q0	22237#2	0
4149	Q0	69995#4	1
4149	Q0	2806871#14	0
4149	Q0	2806871#0	0
4149	Q0	2806871#27	0
4149	Q0	2806871#5	0
4149	Q0	3400634#12	0
4149	Q0	2806871#19	0
4149	Q0	1596556#2	0
4149	Q0	3400634#13	0
4149	Q0	2806871#29	0
4149	Q0	3400634#8	0
4150	Q0	11514#14	1
4150	Q0	126621#1	1
4150	Q0	11514#1	1
4150	Q0	266154#0	0
4150	Q0	11514#2	0
4150	Q0	88093#0	0
4150	Q0	255704#0	0
4150	Q0	11514#0	0
4150	Q0	167764#0	0
4150	Q0	416406#0	0
4150	Q0	70926#0	0
4151	Q0	20149#31	1
4151	Q0	20149#17	1
4151	Q0	1501324#0	1
4151	Q0	61497#0	1
4151	Q0	414329#2	0
4151	Q0	62003#12	0
4151	Q0	437859#2	0
4151	Q0	547515#9	0
4151	Q0	436303#1	0
4151	Q0	3619571#10	0
4151	Q0	647294#3	0
4152	Q0	1600079#27	1
4152	Q0	485778#1	0
4152	Q0	209980#2	0
4152	Q0	209980#12	0
4152	Q0	1630217#4	0
4152	Q0	397072#4	0
4152	Q0	3487908#1	0
4152	Q0	3457540#2	0
4152	Q0	209980#1	0
4152	Q0	2620736#4	0
4152	Q0	136155#15	0
4152	Q0	1600079#1	0
4153	Q0	42514#15	1
4153	Q0	42514#42	0
4153	Q0	42514#22	0
4153	Q0	42514#17	0
4153	Q0	115174#5	0
4153	Q0	42514#20	0
4153	Q0	2246530#3	0
4153	Q0	3468007#6	0
4153	Q0	42514#60	0
4153	Q0	2121695#1	0
4153	Q0	42514#12	0
4154	Q0	31717#0	1
4154	Q0	1072094#0	0
4154	Q0	2687#31	0
4154	Q0	55201#73	0
4154	Q0	31717#3	0
4154	Q0	55201#74	0
4154	Q0	1124851#1	0
4154	Q0	3842565#0	0
4154	Q0	2809507#0	0
4154	Q0	31717#1	0
4155	Q0	10715#0	1
4155	Q0	10715#3	1
4155	Q0	10715#25	0
4155	Q0	10715#9	0
4155	Q0	1452909#2	0
4155	Q0	2693488#0	0
4155	Q0	330#6	0
4155	Q0	10715#28	0
4155	Q0	12#8	0
4155	Q0	10715#29	0
4156	Q0	3094120#0	1
4156	Q0	74#0	1
4156	Q0	9465#0	1
4156	Q0	213994#5	1
4156	Q0	525324#0	1
4156	Q0	693436#0	1
4156	Q0	46728#0	0
4156	Q0	46678#14	0
4156	Q0	2936313#2	0
4156	Q0	213994#1	0
4157	Q0	520160#0	1
4157	Q0	2190195#0	0
4157	Q0	1302427#0	0
4157	Q0	2139606#0	0
4157	Q0	1375188#1	0
4157	Q0	634256#0	0
4157	Q0	2508288#0	0
4157	Q0	2073075#0	0
4157	Q0	764783#2	0
4157	Q0	3406909#2	0
4157	Q0	164996#10	0
4157	Q0	164996#11	0
4158	Q0	23110#0	1
4158	Q0	366639#0	1
4158	Q0	23110#9	0
4158	Q0	23110#22	0
4158	Q0	1431790#10	0
4158	Q0	23110#41	0
4158	Q0	3152025#2	0
4158	Q0	23110#7	0
4158	Q0	452239#4	0
4158	Q0	23110#8	0
4160	Q0	103963#5	1
4160	Q0	103382#8	0
4160	Q0	103963#23	0
4160	Q0	103963#22	0
4160	Q0	103963#10	0
4160	Q0	103963#6	0
4160	Q0	103963#9	0
4160	Q0	103963#41	0
4160	Q0	103382#20	0
4160	Q0	103963#37	0
4160	Q0	103963#7	0
4161	Q0	3289#5	1
4161	Q0	1679#30	1
4161	Q0	561010#1	1
4161	Q0	3289#1	1
4161	Q0	3289#3	0
4161	Q0	3289#4	0
4161	Q0	322299#1	0
4161	Q0	773443#0	0
4161	Q0	2519707#70	0
4161	Q0	1163#0	0
4162	Q0	87148#3	1
4162	Q0	1730873#21	0
4162	Q0	87148#21	0
4162	Q0	2685000#3	0
4162	Q0	2015748#3	0
4162	Q0	87148#0	0
4162	Q0	872223#13	0
4162	Q0	872223#8	0
4162	Q0	3150535#8	0
4162	Q0	87148#35	0
4164	Q0	1239339#14	1
4164	Q0	1239339#23	1
4164	Q0	1455935#49	1
4164	Q0	1239339#29	1
4164	Q0	1239339#24	1
4164	Q0	1239339#6	1
4164	Q0	700472#18	0
4164	Q0	2565972#2	0
4164	Q0	2190262#37	0
4164	Q0	1239339#1	0
4164	Q0	751427#8	0
4166	Q0	940437#2	1
4166	Q0	940437#0	0
4166	Q0	940437#79	0
4166	Q0	940437#7	0
4166	Q0	940437#52	0
4166	Q0	940437#65	0
4166	Q0	22722#7	0
4166	Q0	22722#1	0
4166	Q0	940437#66	0
4166	Q0	940437#64	0
4167	Q0	173652#1	1
4167	Q0	6340#59	0
4167	Q0	173652#3	0
4167	Q0	1170408#8	0
4167	Q0	53241#60	0
4167	Q0	55390#75	0
4167	Q0	2849402#7	0
4167	Q0	919756#7	0
4167	Q0	195097#42	0
4167	Q0	3434507#24	0
4168	Q0	80372#4	1
4168	Q0	756590#5	0
4168	Q0	527516#4	0
4168	Q0	527518#3	0
4168	Q0	2499724#1	0
4168	Q0	164896#25	0
4168	Q0	161063#3	0
4168	Q0	169751#19	0
4168	Q0	1478929#13	0
4168	Q0	164017#43	0
4169	Q0	1888734#4	1
4169	Q0	509301#1	0
4169	Q0	5743#122	0
4169	Q0	2808140#1	0
4169	Q0	99943#17	0
4169	Q0	99943#2	0
4169	Q0	1026508#0	0
4169	Q0	1888734#26	0
4169	Q0	451868#2	0
4169	Q0	1888734#2	0
4169	Q0	1888734#3	0
4170	Q0	473286#164	1
4170	Q0	473286#1	1
4170	Q0	104974#6	1
4170	Q0	473286#24	1
4170	Q0	473286#122	1
4170	Q0	473286#179	1
4170	Q0	473286#128	0
4170	Q0	473286#74	0
4170	Q0	785869#2	0
4170	Q0	3558481#5	0
4171	Q0	5040#58	1
4171	Q0	1630003#0	1
4171	Q0	5040#74	1
4171	Q0	5040#1	1
4171	Q0	9548#1	1
4171	Q0	5040#7	0
4171	Q0	507175#4	0
4171	Q0	1933343#1	0
4171	Q0	439987#12	0
4171	Q0	5040#0	0
4172	Q0	38609#0	1
4172	Q0	38609#12	0
4172	Q0	38609#1	0
4172	Q0	38609#3	0
4172	Q0	3395838#5	0
4172	Q0	38609#4	0
4172	Q0	3756899#2	0
4172	Q0	38609#11	0
4172	Q0	78019#3	0
4172	Q0	3383028#1	0
4173	Q0	1258540#1	1
4173	Q0	1258540#9	0
4173	Q0	1258540#3	0
4173	Q0	1258540#12	0
4173	Q0	1258540#14	0
4173	Q0	1258540#2	0
4173	Q0	1258540#13	0
4173	Q0	1258540#5	0
4173	Q0	1258540#7	0
4173	Q0	1258540#0	0
4175	Q0	655#8	1
4175	Q0	655#1	1
4175	Q0	655#2	1
4175	Q0	3146839#0	0
4175	Q0	655#38	0
4175	Q0	655#66	0
4175	Q0	1014326#7	0
4175	Q0	1014326#2	0
4175	Q0	1117032#0	0
4175	Q0	1314734#10	0
4176	Q0	72931#19	1
4176	Q0	72931#20	0
4176	Q0	299276#0	0
4176	Q0	72931#21	0
4176	Q0	8197#73	0
4176	Q0	3098308#2	0
4176	Q0	584236#0	0
4176	Q0	72931#31	0
4176	Q0	3194354#7	0
4176	Q0	2063735#9	0
4177	Q0	941153#0	1
4177	Q0	639566#8	0
4177	Q0	1548518#1	0
4177	Q0	1338535#0	0
4177	Q0	2022792#6	0
4177	Q0	2133934#1	0
4177	Q0	2133934#0	0
4177	Q0	776790#5	0
4177	Q0	941153#104	0
4177	Q0	941153#140	0
4178	Q0	39581#4	1
4178	Q0	22511#166	1
4178	Q0	39581#3	1
4178	Q0	22511#67	0
4178	Q0	22511#65	0
4178	Q0	22511#68	0
4178	Q0	484944#25	0
4178	Q0	354658#47	0
4178	Q0	291805#5	0
4178	Q0	38817#6	0
4179	Q0	468655#0	1
4179	Q0	768388#0	0
4179	Q0	720#0	0
4179	Q0	1714871#0	0
4179	Q0	468655#42	0
4179	Q0	256340#0	0
4179	Q0	2425799#1	0
4179	Q0	2899537#0	0
4179	Q0	468655#12	0
4179	Q0	408175#1	0
4181	Q0	18151#0	1
4181	Q0	852413#60	1
4181	Q0	18151#17	0
4181	Q0	18151#24	0
4181	Q0	18151#21	0
4181	Q0	392881#0	0
4181	Q0	971284#1	0
4181	Q0	465902#4	0
4181	Q0	61853#15	0
4181	Q0	18151#26	0
4182	Q0	819307#2	1
4182	Q0	819307#16	0
4182	Q0	819307#65	0
4182	Q0	819307#0	0
4182	Q0	819307#3	0
4182	Q0	819307#62	0
4182	Q0	819307#80	0
4182	Q0	819307#58	0
4182	Q0	819307#82	0
4182	Q0	819307#54	0
4183	Q0	1426345#3	1
4183	Q0	8853#0	1
4183	Q0	1426345#0	0
4183	Q0	1426345#9	0
4183	Q0	1569425#0	0
4183	Q0	1920009#0	0
4183	Q0	12868#0	0
4183	Q0	6364#0	0
4183	Q0	3804536#4	0
4183	Q0	1836379#2	0
4183	Q0	1920009#5	0
4185	Q0	310537#2	1
4185	Q0	310537#13	1
4185	Q0	310537#28	0
4185	Q0	344000#10	0
4185	Q0	955012#5	0
4185	Q0	310537#21	0
4185	Q0	435563#7	0
4185	Q0	2064760#6	0
4185	Q0	248158#2	0
4185	Q0	2064358#2	0
4186	Q0	564058#6	1
4186	Q0	137506#5	1
4186	Q0	5743#54	1
4186	Q0	137506#2	1
4186	Q0	2017729#14	1
4186	Q0	163#19	0
4186	Q0	507175#41	0
4186	Q0	964948#35	0
4186	Q0	141682#2	0
4186	Q0	146024#6	0
4187	Q0	3789101#0	1
4187	Q0	201565#1	1
4187	Q0	201565#0	1
4187	Q0	1205129#19	1
4187	Q0	201565#7	0
4187	Q0	201565#3	0
4187	Q0	201565#29	0
4187	Q0	201565#26	0
4187	Q0	902984#3	0
4187	Q0	201565#20	0
4188	Q0	3652322#0	1
4188	Q0	3652322#2	0
4188	Q0	3652322#25	0
4188	Q0	3652322#15	0
4188	Q0	1677687#21	0
4188	Q0	3652322#24	0
4188	Q0	3652322#28	0
4188	Q0	3652322#30	0
4188	Q0	3652322#26	0
4188	Q0	3652322#17	0
4191	Q0	65015#2	1
4191	Q0	434053#3	0
4191	Q0	65015#3	0
4191	Q0	40640#0	0
4191	Q0	65015#20	0
4191	Q0	44202#1	0
4191	Q0	400184#2	0
4191	Q0	2099926#0	0
4191	Q0	65015#10	0
4191	Q0	1255358#0	0
4192	Q0	450345#4	1
4192	Q0	302861#6	1
4192	Q0	3811265#0	0
4192	Q0	302861#10	0
4192	Q0	3811266#1	0
4192	Q0	3858155#0	0
4192	Q0	674097#16	0
4192	Q0	550664#0	0
4192	Q0	302861#9	0
4192	Q0	256853#3	0
4193	Q0	205029#3	1
4193	Q0	205029#0	0
4193	Q0	1177862#1	0
4193	Q0	1871535#0	0
4193	Q0	205029#5	0
4193	Q0	205029#7	0
4193	Q0	1871535#4	0
4193	Q0	205029#6	0
4193	Q0	1177862#2	0
4193	Q0	261803#0	0
4195	Q0	74286#2	1
4195	Q0	2821900#4	0
4195	Q0	46783#0	0
4195	Q0	2821893#1	0
4195	Q0	133803#2	0
4195	Q0	46783#16	0
4195	Q0	46783#12	0
4195	Q0	46783#11	0
4195	Q0	46783#13	0
4195	Q0	2499733#2	0
4198	Q0	3882608#13	1
4198	Q0	2683830#2	1
4198	Q0	976575#4	1
4198	Q0	904370#1	1
4198	Q0	733439#0	1
4198	Q0	1399274#0	0
4198	Q0	460839#5	0
4198	Q0	2278599#1	0
4198	Q0	2727146#0	0
4198	Q0	166440#12	0
4198	Q0	2481405#1	0
4199	Q0	127770#15	1
4199	Q0	12217#1	1
4199	Q0	1903#28	1
4199	Q0	1449515#1	0
4199	Q0	4447#38	0
4199	Q0	9494#65	0
4199	Q0	1449515#31	0
4199	Q0	13123#27	0
4199	Q0	1413026#16	0
4199	Q0	4450#42	0
4202	Q0	10935#5	1
4202	Q0	486754#45	0
4202	Q0	2365845#10	0
4202	Q0	645787#3	0
4202	Q0	278281#15	0
4202	Q0	10935#11	0
4202	Q0	3139120#1	0
4202	Q0	2030#33	0
4202	Q0	3813207#2	0
4202	Q0	2162320#30	0
4203	Q0	411871#9	1
4203	Q0	411871#13	1
4203	Q0	411871#7	1
4203	Q0	2005103#5	1
4203	Q0	411871#23	0
4203	Q0	411871#26	0
4203	Q0	411871#24	0
4203	Q0	411871#1	0
4203	Q0	411871#5	0
4203	Q0	411871#25	0
4204	Q0	402961#0	1
4204	Q0	96928#1	1
4204	Q0	958578#0	1
4204	Q0	958578#13	1
4204	Q0	254639#21	0
4204	Q0	1262809#22	0
4204	Q0	2136996#97	0
4204	Q0	317749#10	0
4204	Q0	47771#4	0
4204	Q0	5260#63	0
4204	Q0	2136996#1	0
4204	Q0	402961#27	0
4204	Q0	958578#2	0
4205	Q0	1985467#16	1
4205	Q0	1985467#0	1
4205	Q0	1698878#25	1
4205	Q0	1698878#1	1
4205	Q0	2205323#1	0
4205	Q0	2205323#2	0
4205	Q0	1898682#3	0
4205	Q0	2208546#1	0
4205	Q0	1328888#22	0
4205	Q0	3289653#3	0
4206	Q0	2017#0	1
4206	Q0	2118785#2	1
4206	Q0	8205#21	0
4206	Q0	2619095#5	0
4206	Q0	2017#75	0
4206	Q0	2461309#19	0
4206	Q0	2017#1	0
4206	Q0	1918877#3	0
4206	Q0	1918877#1	0
4206	Q0	252695#26	0
4207	Q0	27206#8	1
4207	Q0	27206#30	0
4207	Q0	27206#3	0
4207	Q0	27206#10	0
4207	Q0	65575#7	0
4207	Q0	1929843#2	0
4207	Q0	27206#9	0
4207	Q0	782691#11	0
4207	Q0	58431#18	0
4207	Q0	72228#26	0
4207	Q0	27206#0	0
4208	Q0	23110#0	1
4208	Q0	23110#19	0
4208	Q0	1702705#4	0
4208	Q0	1063165#10	0
4208	Q0	23110#33	0
4208	Q0	101#128	0
4208	Q0	1357411#6	0
4208	Q0	1438204#11	0
4208	Q0	23110#22	0
4208	Q0	436619#0	0
4209	Q0	8280#1	1
4209	Q0	351976#8	1
4209	Q0	302600#13	0
4209	Q0	2161656#24	0
4209	Q0	2161656#5	0
4209	Q0	8280#11	0
4209	Q0	2161656#16	0
4209	Q0	2161656#20	0
4209	Q0	2302816#14	0
4209	Q0	2161656#29	0
4210	Q0	477191#2	1
4210	Q0	477191#1	0
4210	Q0	477191#12	0
4210	Q0	477191#4	0
4210	Q0	477191#9	0
4210	Q0	977363#5	0
4210	Q0	477191#5	0
4210	Q0	477191#7	0
4210	Q0	2372851#1	0
4210	Q0	477191#6	0
4212	Q0	1698872#138	1
4212	Q0	16753#0	1
4212	Q0	1510274#1	1
4212	Q0	1074850#6	0
4212	Q0	1414604#0	0
4212	Q0	3306204#0	0
4212	Q0	1413032#0	0
4212	Q0	1387390#1	0
4212	Q0	1414469#0	0
4212	Q0	799505#0	0
4213	Q0	15509#126	1
4213	Q0	878114#10	0
4213	Q0	137802#90	0
4213	Q0	57098#5	0
4213	Q0	63121#20	0
4213	Q0	3374#24	0
4213	Q0	65689#55	0
4213	Q0	330119#4	0
4213	Q0	1355237#2	0
4213	Q0	3436026#0	0
4213	Q0	137802#0	0
4214	Q0	13039#0	1
4214	Q0	13783#260	1
4214	Q0	82404#16	1
4214	Q0	13039#9	0
4214	Q0	13039#3	0
4214	Q0	13039#18	0
4214	Q0	13039#97	0
4214	Q0	13039#1	0
4214	Q0	379#13	0
4214	Q0	13039#13	0
4216	Q0	1764652#3	1
4216	Q0	1764652#10	1
4216	Q0	34297#9	1
4216	Q0	57206#5	0
4216	Q0	1361179#44	0
4216	Q0	1764652#0	0
4216	Q0	1764652#13	0
4216	Q0	33834#6	0
4216	Q0	23978#85	0
4216	Q0	180318#9	0
4218	Q0	1081955#0	1
4218	Q0	1081955#1	1
4218	Q0	1081955#13	0
4218	Q0	1081955#16	0
4218	Q0	2737112#2	0
4218	Q0	2941016#3	0
4218	Q0	1081955#4	0
4218	Q0	1081955#20	0
4218	Q0	2789033#4	0
4218	Q0	1693333#0	0
4219	Q0	29590#0	1
4219	Q0	29590#22	0
4219	Q0	29590#116	0
4219	Q0	29590#52	0
4219	Q0	29590#54	0
4219	Q0	445098#13	0
4219	Q0	364200#6	0
4219	Q0	29590#53	0
4219	Q0	29590#50	0
4219	Q0	29590#33	0
4220	Q0	181816#0	1
4220	Q0	181816#30	0
4220	Q0	181816#23	0
4220	Q0	181816#32	0
4220	Q0	181816#27	0
4220	Q0	181816#52	0
4220	Q0	181816#11	0
4220	Q0	148108#8	0
4220	Q0	2482453#13	0
4220	Q0	181816#1	0
4221	Q0	177303#1	1
4221	Q0	177303#5	0
4221	Q0	177303#12	0
4221	Q0	3103135#1	0
4221	Q0	177303#10	0
4221	Q0	3136623#1	0
4221	Q0	1444572#4	0
4221	Q0	177303#28	0
4221	Q0	177303#22	0
4221	Q0	174756#11	0
4222	Q0	55314#6	1
4222	Q0	588009#0	0
4222	Q0	791067#16	0
4222	Q0	3373944#23	0
4222	Q0	1978973#6	0
4222	Q0	1099839#10	0
4222	Q0	2543064#23	0
4222	Q0	3474177#4	0
4222	Q0	3498228#0	0
4222	Q0	975285#3	0
4224	Q0	605865#4	1
4224	Q0	605865#21	0
4224	Q0	605865#0	0
4224	Q0	605865#3	0
4224	Q0	305183#2	0
4224	Q0	605865#22	0
4224	Q0	605865#33	0
4224	Q0	605865#35	0
4224	Q0	605865#18	0
4224	Q0	605865#28	0
4224	Q0	605865#30	0
4226	Q0	45612#0	1
4226	Q0	489971#3	0
4226	Q0	2038197#1	0
4226	Q0	131314#1	0
4226	Q0	970491#1	0
4226	Q0	210824#2	0
4226	Q0	3435263#0	0
4226	Q0	1810790#1	0
4226	Q0	3814291#1	0
4226	Q0	79871#1	0
4228	Q0	774371#0	1
4228	Q0	774371#1	1
4228	Q0	264878#0	0
4228	Q0	7212#0	0
4228	Q0	960656#0	0
4228	Q0	2857440#17	0
4228	Q0	774362#0	0
4228	Q0	2237747#1	0
4228	Q0	7212#1	0
4228	Q0	2857440#0	0
4228	Q0	7212#50	0
4229	Q0	990202#0	1
4229	Q0	3636986#3	0
4229	Q0	990202#4	0
4229	Q0	990202#1	0
4229	Q0	990202#5	0
4229	Q0	990202#6	0
4229	Q0	990202#13	0
4229	Q0	990202#8	0
4229	Q0	3202869#1	0
4229	Q0	990202#3	0
4230	Q0	527438#0	1
4230	Q0	3135241#6	1
4230	Q0	1902109#1	1
4230	Q0	18192#2	0
4230	Q0	169505#4	0
4230	Q0	1318490#1	0
4230	Q0	998157#1	0
4230	Q0	656196#1	0
4230	Q0	987390#1	0
4230	Q0	3230518#1	0
4231	Q0	1572259#2	1
4231	Q0	1572259#0	0
4231	Q0	1422#13	0
4231	Q0	12780#25	0
4231	Q0	1422#4	0
4231	Q0	1506016#5	0
4231	Q0	3764018#51	0
4231	Q0	2376973#3	0
4231	Q0	5756#2	0
4231	Q0	1572259#1	0
4231	Q0	339416#16	0
4232	Q0	799#0	1
4232	Q0	230#60	1
4232	Q0	799#1	0
4232	Q0	799#3	0
4232	Q0	799#11	0
4232	Q0	12918#2	0
4232	Q0	799#6	0
4232	Q0	799#5	0
4232	Q0	803#0	0
4232	Q0	799#4	0
4234	Q0	67362#3	1
4234	Q0	649217#43	0
4234	Q0	3238450#1	0
4234	Q0	3238450#6	0
4234	Q0	1860790#48	0
4234	Q0	649217#44	0
4234	Q0	649217#59	0
4234	Q0	2239684#1	0
4234	Q0	639097#2	0
4234	Q0	2744558#1	0
4234	Q0	1122847#2	0
4235	Q0	992574#1	1
4235	Q0	992574#29	1
4235	Q0	992574#21	1
4235	Q0	992574#31	1
4235	Q0	992574#26	1
4235	Q0	992574#25	1
4235	Q0	992574#8	0
4235	Q0	992574#3	0
4235	Q0	992574#32	0
4235	Q0	55390#27	0
4236	Q0	434972#0	1
4236	Q0	642408#11	0
4236	Q0	6279#49	0
4236	Q0	81403#1	0
4236	Q0	89917#28	0
4236	Q0	2809465#5	0
4236	Q0	89917#7	0
4236	Q0	89917#11	0
4236	Q0	6279#22	0
4236	Q0	795517#29	0
4236	Q0	4606#10	0
4238	Q0	3141758#3	1
4238	Q0	517973#5	1
4238	Q0	3141758#5	0
4238	Q0	3141758#2	0
4238	Q0	3141758#0	0
4238	Q0	3209141#6	0
4238	Q0	517973#10	0
4238	Q0	2916761#3	0
4238	Q0	1327788#97	0
4238	Q0	517973#9	0
4240	Q0	538956#0	1
4240	Q0	538956#1	0
4240	Q0	3049980#1	0
4240	Q0	53124#4	0
4240	Q0	538956#17	0
4240	Q0	538956#4	0
4240	Q0	3324376#1	0
4240	Q0	758507#1	0
4240	Q0	3891139#10	0
4240	Q0	1378112#1	0
4241	Q0	868864#2	1
4241	Q0	3050673#14	0
4241	Q0	3143816#1	0
4241	Q0	2733168#1	0
4241	Q0	1122847#2	0
4241	Q0	3264885#31	0
4241	Q0	649217#61	0
4241	Q0	13313#61	0
4241	Q0	2558254#3	0
4241	Q0	3143816#6	0
4241	Q0	1279083#3	0
4242	Q0	415135#4	1
4242	Q0	415135#0	1
4242	Q0	415135#1	0
4242	Q0	415135#5	0
4242	Q0	415135#14	0
4242	Q0	415135#21	0
4242	Q0	2100531#0	0
4242	Q0	415135#7	0
4242	Q0	1670894#1	0
4242	Q0	25862#4	0
4244	Q0	1350422#5	1
4244	Q0	2314388#6	1
4244	Q0	1350422#4	0
4244	Q0	1350422#13	0
4244	Q0	2819687#1	0
4244	Q0	1350422#6	0
4244	Q0	1350422#1	0
4244	Q0	542167#1	0
4244	Q0	1350422#27	0
4244	Q0	3138078#1	0
4245	Q0	1111331#0	1
4245	Q0	1111331#4	0
4245	Q0	1111331#16	0
4245	Q0	1111331#8	0
4245	Q0	1111331#13	0
4245	Q0	1111331#18	0
4245	Q0	1225339#2	0
4245	Q0	1111331#21	0
4245	Q0	1111331#7	0
4245	Q0	1111331#9	0
4248	Q0	2746562#0	1
4248	Q0	28667#19	0
4248	Q0	2746562#9	0
4248	Q0	578152#1	0
4248	Q0	234527#3	0
4248	Q0	171471#1	0
4248	Q0	2746562#3	0
4248	Q0	2746562#10	0
4248	Q0	154465#3	0
4248	Q0	69147#2	0
4248	Q0	157576#4	0
4249	Q0	1331124#0	1
4249	Q0	164183#96	1
4249	Q0	67530#2	1
4249	Q0	16600#0	1
4249	Q0	34134#7	0
4249	Q0	1965755#0	0
4249	Q0	798437#0	0
4249	Q0	16600#2	0
4249	Q0	1705775#0	0
4249	Q0	800403#0	0
4250	Q0	5258#8	1
4250	Q0	795064#28	1
4250	Q0	3872#11	1
4250	Q0	5258#13	0
4250	Q0	5258#10	0
4250	Q0	3858381#0	0
4250	Q0	5258#9	0
4250	Q0	13335#6	0
4250	Q0	449891#3	0
4250	Q0	1682530#2	0
4251	Q0	312938#1	1
4251	Q0	368472#2	0
4251	Q0	1360097#29	0
4251	Q0	1802081#0	0
4251	Q0	167465#19	0
4251	Q0	1185876#19	0
4251	Q0	405330#4	0
4251	Q0	2544639#56	0
4251	Q0	1368654#0	0
4251	Q0	327712#10	0
4252	Q0	2108977#1	1
4252	Q0	627177#1	1
4252	Q0	627177#11	0
4252	Q0	3201455#1	0
4252	Q0	627177#4	0
4252	Q0	3085418#1	0
4252	Q0	627177#2	0
4252	Q0	627177#3	0
4252	Q0	2073478#1	0
4252	Q0	627177#0	0
4252	Q0	1041376#2	0
4253	Q0	2121854#0	1
4253	Q0	536#1	1
4253	Q0	345197#33	1
4253	Q0	2952046#2	1
4253	Q0	2121854#2	1
4253	Q0	3188#4	0
4253	Q0	2987025#6	0
4253	Q0	354836#18	0
4253	Q0	2299411#35	0
4253	Q0	1518519#4	0
4253	Q0	536#72	0
4254	Q0	2777625#0	1
4254	Q0	2602086#5	1
4254	Q0	416153#9	0
4254	Q0	397130#221	0
4254	Q0	16627#36	0
4254	Q0	785849#30	0
4254	Q0	1790929#16	0
4254	Q0	1790929#18	0
4254	Q0	86810#14	0
4254	Q0	224508#15	0
4255	Q0	688224#23	1
4255	Q0	2248036#2	1
4255	Q0	1063177#2	1
4255	Q0	23903#8	0
4255	Q0	928737#49	0
4255	Q0	928737#81	0
4255	Q0	23903#0	0
4255	Q0	928737#43	0
4255	Q0	928737#80	0
4255	Q0	928737#111	0
4255	Q0	1502322#6	0
4256	Q0	105750#5	1
4256	Q0	105750#6	0
4256	Q0	105750#18	0
4256	Q0	470402#0	0
4256	Q0	470402#21	0
4256	Q0	2459017#2	0
4256	Q0	470402#5	0
4256	Q0	105750#8	0
4256	Q0	470402#10	0
4256	Q0	470402#2	0
4257	Q0	241951#0	1
4257	Q0	97314#9	1
4257	Q0	95861#4	0
4257	Q0	241951#8	0
4257	Q0	97314#2	0
4257	Q0	217522#1	0
4257	Q0	97314#14	0
4257	Q0	676364#4	0
4257	Q0	3751538#18	0
4257	Q0	97314#23	0
4258	Q0	1995045#15	1
4258	Q0	1995045#0	1
4258	Q0	1995045#36	0
4258	Q0	2263607#5	0
4258	Q0	1995045#12	0
4258	Q0	2691047#0	0
4258	Q0	209331#0	0
4258	Q0	2686926#0	0
4258	Q0	1995045#24	0
4258	Q0	1995045#4	0
4258	Q0	1995045#41	0
4260	Q0	26807#6	1
4260	Q0	26807#0	0
4260	Q0	26807#7	0
4260	Q0	26807#8	0
4260	Q0	3830578#1	0
4260	Q0	793392#1	0
4260	Q0	778574#5	0
4260	Q0	533791#1	0
4260	Q0	246049#3	0
4260	Q0	2897371#1	0
4262	Q0	42663#17	1
4262	Q0	42663#5	1
4262	Q0	1773315#4	0
4262	Q0	2209481#6	0
4262	Q0	42663#13	0
4262	Q0	42663#8	0
4262	Q0	42663#10	0
4262	Q0	804635#3	0
4262	Q0	98792#1	0
4262	Q0	42663#7	0
4262	Q0	2546923#2	0
4263	Q0	115743#2	1
4263	Q0	2064595#2	1
4263	Q0	2064595#5	0
4263	Q0	2071337#5	0
4263	Q0	115743#0	0
4263	Q0	115743#7	0
4263	Q0	115743#5	0
4263	Q0	115743#13	0
4263	Q0	115743#6	0
4263	Q0	115743#4	0
4265	Q0	150714#3	1
4265	Q0	956648#1	1
4265	Q0	150714#0	1
4265	Q0	1159349#0	0
4265	Q0	42267#3	0
4265	Q0	150714#12	0
4265	Q0	294592#19	0
4265	Q0	150714#7	0
4265	Q0	2535652#1	0
4265	Q0	1394375#0	0
4266	Q0	890777#10	1
4266	Q0	890777#5	0
4266	Q0	890777#0	0
4266	Q0	890777#36	0
4266	Q0	890777#3	0
4266	Q0	1046504#4	0
4266	Q0	922603#1	0
4266	Q0	890777#58	0
4266	Q0	890777#59	0
4266	Q0	30492#18	0
4267	Q0	6255#24	1
4267	Q0	30411#26	1
4267	Q0	6255#7	1
4267	Q0	6255#6	0
4267	Q0	2912188#0	0
4267	Q0	6255#28	0
4267	Q0	2912188#205	0
4267	Q0	3958#22	0
4267	Q0	30720#6	0
4267	Q0	1171074#6	0
4270	Q0	2457240#11	1
4270	Q0	2457240#0	0
4270	Q0	3049694#0	0
4270	Q0	865951#0	0
4270	Q0	810895#0	0
4270	Q0	817041#0	0
4270	Q0	870226#0	0
4270	Q0	867281#0	0
4270	Q0	866085#0	0
4270	Q0	1692008#0	0
4270	Q0	865951#3	0
4271	Q0	83512#8	1
4271	Q0	1128551#1	1
4271	Q0	81384#1	0
4271	Q0	83512#0	0
4271	Q0	83512#32	0
4271	Q0	83512#31	0
4271	Q0	84677#2	0
4271	Q0	2112546#23	0
4271	Q0	1629255#3	0
4271	Q0	83512#10	0
4273	Q0	40224#2	1
4273	Q0	1704352#92	0
4273	Q0	40224#0	0
4273	Q0	40224#1	0
4273	Q0	2796403#2	0
4273	Q0	1077207#0	0
4273	Q0	1580564#0	0
4273	Q0	1927968#1	0
4273	Q0	40224#3	0
4273	Q0	40224#43	0
4274	Q0	1643046#0	1
4274	Q0	1719236#5	1
4274	Q0	1643046#14	0
4274	Q0	1643046#5	0
4274	Q0	1719236#14	0
4274	Q0	208111#8	0
4274	Q0	6339#12	0
4274	Q0	451239#31	0
4274	Q0	1643046#17	0
4274	Q0	1602022#7	0
4274	Q0	1602022#3	0
4279	Q0	706720#0	1
4279	Q0	298493#1	0
4279	Q0	706720#2	0
4279	Q0	370663#8	0
4279	Q0	66089#3	0
4279	Q0	428606#10	0
4279	Q0	22160#14	0
4279	Q0	1114318#53	0
4279	Q0	375318#21	0
4279	Q0	1871555#16	0
4282	Q0	1039958#0	1
4282	Q0	1039962#11	1
4282	Q0	1039962#55	0
4282	Q0	1039962#14	0
4282	Q0	3592916#1	0
4282	Q0	1802934#16	0
4282	Q0	1039962#54	0
4282	Q0	1340887#0	0
4282	Q0	1039962#57	0
4282	Q0	1340887#2	0
4282	Q0	1039962#16	0
4284	Q0	81124#1	1
4284	Q0	1778640#27	1
4284	Q0	120925#3	0
4284	Q0	120931#2	0
4284	Q0	86820#1	0
4284	Q0	58270#3	0
4284	Q0	213179#2	0
4284	Q0	58949#2	0
4284	Q0	77964#0	0
4284	Q0	121303#0	0
4286	Q0	591045#2	1
4286	Q0	591045#0	1
4286	Q0	322364#1	0
4286	Q0	72646#6	0
4286	Q0	245199#4	0
4286	Q0	226616#2	0
4286	Q0	1520582#11	0
4286	Q0	591045#13	0
4286	Q0	591045#36	0
4286	Q0	2705043#0	0
4286	Q0	245199#0	0
4287	Q0	155999#7	1
4287	Q0	155999#14	0
4287	Q0	155999#32	0
4287	Q0	155999#13	0
4287	Q0	2745627#18	0
4287	Q0	1630439#3	0
4287	Q0	103845#14	0
4287	Q0	155999#0	0
4287	Q0	155999#24	0
4287	Q0	155999#26	0
4289	Q0	732154#1	1
4289	Q0	732154#0	0
4289	Q0	495955#1	0
4289	Q0	127912#3	0
4289	Q0	1810544#1	0
4289	Q0	899468#0	0
4289	Q0	3829899#1	0
4289	Q0	175134#1	0
4289	Q0	3847781#1	0
4289	Q0	333499#3	0
4290	Q0	3262868#2	1
4290	Q0	1277629#0	1
4290	Q0	4152#0	1
4290	Q0	146530#2	1
4290	Q0	109937#1	1
4290	Q0	3105692#6	0
4290	Q0	480159#1	0
4290	Q0	1391447#5	0
4290	Q0	1239515#8	0
4290	Q0	8305#5	0
4291	Q0	1777878#6	1
4291	Q0	152384#52	0
4291	Q0	2546491#5	0
4291	Q0	2563061#9	0
4291	Q0	1284057#7	0
4291	Q0	2192618#4	0
4291	Q0	1777878#0	0
4291	Q0	491469#17	0
4291	Q0	54164#49	0
4291	Q0	1357438#7	0
4291	Q0	54164#14	0
4292	Q0	523759#1	1
4292	Q0	523759#0	0
4292	Q0	523759#7	0
4292	Q0	523759#10	0
4292	Q0	3012497#3	0
4292	Q0	523759#14	0
4292	Q0	2737468#0	0
4292	Q0	3791854#6	0
4292	Q0	523759#8	0
4292	Q0	1079682#2	0
4292	Q0	2500713#28	0
4293	Q0	66470#4	1
4293	Q0	66470#17	0
4293	Q0	2279949#1	0
4293	Q0	79441#1	0
4293	Q0	3791345#2	0
4293	Q0	3775797#27	0
4293	Q0	66470#10	0
4293	Q0	3253240#1	0
4293	Q0	922099#1	0
4293	Q0	382352#11	0
4294	Q0	25169#0	1
4294	Q0	832322#1	1
4294	Q0	75847#650	0
4294	Q0	121837#39	0
4294	Q0	1761391#5	0
4294	Q0	797473#0	0
4294	Q0	25169#3	0
4294	Q0	797473#30	0
4294	Q0	3757509#1	0
4294	Q0	2553546#79	0
4295	Q0	144682#6	1
4295	Q0	1889745#0	1
4295	Q0	1889745#15	0
4295	Q0	72527#202	0
4295	Q0	1889745#3	0
4295	Q0	1889085#221	0
4295	Q0	1756216#9	0
4295	Q0	1889745#6	0
4295	Q0	114594#13	0
4295	Q0	1889085#42	0
4295	Q0	1889745#13	0
4296	Q0	15931#6	1
4296	Q0	15931#5	1
4296	Q0	491566#22	0
4296	Q0	1530766#78	0
4296	Q0	2500278#14	0
4296	Q0	134039#29	0
4296	Q0	134039#44	0
4296	Q0	134039#7	0
4296	Q0	412802#3	0
4296	Q0	3702710#3	0
4296	Q0	493258#23	0
4297	Q0	68778#1	1
4297	Q0	68778#19	0
4297	Q0	68778#6	0
4297	Q0	2741#43	0
4297	Q0	68778#5	0
4297	Q0	2690760#4	0
4297	Q0	68778#16	0
4297	Q0	68778#13	0
4297	Q0	277338#10	0
4297	Q0	331402#4	0
4297	Q0	2055158#19	0
4298	Q0	3420059#5	1
4298	Q0	3420059#11	0
4298	Q0	3420059#2	0
4298	Q0	2350427#2	0
4298	Q0	3420059#12	0
4298	Q0	3838649#26	0
4298	Q0	2618239#4	0
4298	Q0	2098940#45	0
4298	Q0	3414977#0	0
4298	Q0	3838649#25	0
4298	Q0	2594660#1	0
4299	Q0	3049#0	1
4299	Q0	1373549#7	1
4299	Q0	3049#17	0
4299	Q0	1373549#8	0
4299	Q0	1628135#6	0
4299	Q0	628769#17	0
4299	Q0	1794582#57	0
4299	Q0	3049#1	0
4299	Q0	1210643#67	0
4299	Q0	1794582#38	0
4300	Q0	1875030#4	1
4300	Q0	1875027#3	0
4300	Q0	1431294#1	0
4300	Q0	1173946#1	0
4300	Q0	1875043#2	0
4300	Q0	1293491#1	0
4300	Q0	879597#1	0
4300	Q0	2457243#2	0
4300	Q0	2622369#0	0
4300	Q0	3752273#1	0
4301	Q0	168280#0	1
4301	Q0	2553546#103	0
4301	Q0	1967064#2	0
4301	Q0	1944630#0	0
4301	Q0	701016#1	0
4301	Q0	456066#8	0
4301	Q0	185060#86	0
4301	Q0	340909#9	0
4301	Q0	6355#43	0
4301	Q0	6355#38	0
4302	Q0	31728#9	1
4302	Q0	31728#11	1
4302	Q0	1198418#28	0
4302	Q0	113108#1	0
4302	Q0	49677#10	0
4302	Q0	102362#59	0
4302	Q0	61148#18	0
4302	Q0	31009#2	0
4302	Q0	1192296#23	0
4302	Q0	981783#2	0
4303	Q0	3227786#0	1
4303	Q0	2910049#5	0
4303	Q0	2421554#3	0
4303	Q0	2910049#45	0
4303	Q0	2910049#46	0
4303	Q0	1663067#0	0
4303	Q0	2627524#2	0
4303	Q0	1385520#7	0
4303	Q0	535826#11	0
4303	Q0	813528#4	0
4304	Q0	440689#2	1
4304	Q0	440689#9	0
4304	Q0	440689#3	0
4304	Q0	440689#1	0
4304	Q0	440689#11	0
4304	Q0	440689#6	0
4304	Q0	440689#4	0
4304	Q0	440689#7	0
4304	Q0	440689#12	0
4304	Q0	440689#8	0
4305	Q0	389167#3	1
4305	Q0	389167#0	0
4305	Q0	389167#6	0
4305	Q0	389167#10	0
4305	Q0	389167#4	0
4305	Q0	389167#1	0
4305	Q0	585150#1	0
4305	Q0	2912188#179	0
4305	Q0	537175#8	0
4305	Q0	295015#9	0
4306	Q0	6202#38	1
4306	Q0	3779323#18	0
4306	Q0	3779323#7	0
4306	Q0	6202#89	0
4306	Q0	6202#112	0
4306	Q0	6202#139	0
4306	Q0	6202#18	0
4306	Q0	221576#17	0
4306	Q0	6241#1	0
4306	Q0	1376955#10	0
4306	Q0	169678#3	0
4307	Q0	707184#0	1
4307	Q0	2233374#2	1
4307	Q0	1827445#5	0
4307	Q0	1745179#6	0
4307	Q0	707184#5	0
4307	Q0	1745179#7	0
4307	Q0	301029#2	0
4307	Q0	257875#20	0
4307	Q0	1745179#5	0
4307	Q0	707184#6	0
4308	Q0	54473#7	1
4308	Q0	3893862#1	1
4308	Q0	1476668#4	0
4308	Q0	54473#6	0
4308	Q0	886475#1	0
4308	Q0	1501369#0	0
4308	Q0	3893862#16	0
4308	Q0	54473#8	0
4308	Q0	54473#9	0
4308	Q0	3893862#22	0
4310	Q0	386767#3	1
4310	Q0	1192#32	1
4310	Q0	1192#55	0
4310	Q0	1192#54	0
4310	Q0	802064#23	0
4310	Q0	2008#27	0
4310	Q0	2541129#7	0
4310	Q0	1192#74	0
4310	Q0	120570#6	0
4310	Q0	505921#16	0
4310	Q0	176383#6	0
4313	Q0	74#0	1
4313	Q0	2246385#24	0
4313	Q0	179758#0	0
4313	Q0	1795727#0	0
4313	Q0	1068762#7	0
4313	Q0	1078551#6	0
4313	Q0	1795728#0	0
4313	Q0	74#70	0
4313	Q0	882761#5	0
4313	Q0	307566#0	0
4314	Q0	503797#2	1
4314	Q0	503797#5	1
4314	Q0	45660#12	0
4314	Q0	329321#2	0
4314	Q0	7391#37	0
4314	Q0	40210#0	0
4314	Q0	45660#15	0
4314	Q0	7342#9	0
4314	Q0	1307787#2	0
4314	Q0	969514#2	0
4314	Q0	86422#4	0
4314	Q0	1355007#6	0
4314	Q0	503797#19	0
4314	Q0	503797#8	0
4314	Q0	503797#13	0
4314	Q0	503797#11	0
4314	Q0	503797#14	0
4315	Q0	1949541#2	1
4315	Q0	1949541#47	0
4315	Q0	1949541#11	0
4315	Q0	1949541#95	0
4315	Q0	1949541#45	0
4315	Q0	1949541#4	0
4315	Q0	1949541#104	0
4315	Q0	1949541#60	0
4315	Q0	73090#24	0
4315	Q0	3233247#0	0
4315	Q0	1001402#23	0
4317	Q0	60202#0	1
4317	Q0	60202#1	0
4317	Q0	3452864#2	0
4317	Q0	1854800#1	0
4317	Q0	3883252#1	0
4317	Q0	421168#1	0
4317	Q0	35623#1	0
4317	Q0	2100489#0	0
4317	Q0	269384#1	0
4317	Q0	60202#8	0
4318	Q0	7548#7	1
4318	Q0	3820833#0	1
4318	Q0	7548#9	1
4318	Q0	157487#0	0
4318	Q0	93473#1	0
4318	Q0	339876#0	0
4318	Q0	2464306#1	0
4318	Q0	2882#23	0
4318	Q0	466346#2	0
4318	Q0	476900#1	0
4319	Q0	259401#0	1
4319	Q0	92220#2	0
4319	Q0	922058#0	0
4319	Q0	714018#0	0
4319	Q0	159918#4	0
4319	Q0	84743#1	0
4319	Q0	241366#0	0
4319	Q0	714018#1	0
4319	Q0	3883698#4	0
4319	Q0	3784518#0	0
4320	Q0	9807#11	1
4320	Q0	46011#52	1
4320	Q0	223878#23	1
4320	Q0	10048#59	1
4320	Q0	1307275#0	1
4320	Q0	3865962#6	0
4320	Q0	3865962#1	0
4320	Q0	3584814#0	0
4320	Q0	2427715#3	0
4320	Q0	3413623#2	0
4323	Q0	21044#1	1
4323	Q0	2615654#5	1
4323	Q0	87260#20	1
4323	Q0	8205#10	0
4323	Q0	2626586#7	0
4323	Q0	1898#11	0
4323	Q0	2615656#0	0
4323	Q0	2384201#1	0
4323	Q0	21044#4	0
4323	Q0	2615653#2	0
4324	Q0	17193#1	1
4324	Q0	3747#4	1
4324	Q0	510679#1	1
4324	Q0	20252#0	1
4324	Q0	266728#6	0
4324	Q0	306669#8	0
4324	Q0	357106#2	0
4324	Q0	545651#11	0
4324	Q0	3747#59	0
4324	Q0	3747#57	0
4324	Q0	1738276#3	0
4326	Q0	1276064#2	1
4326	Q0	6471#32	1
4326	Q0	1369564#0	1
4326	Q0	6471#0	1
4326	Q0	2524826#5	0
4326	Q0	184768#3	0
4326	Q0	2524826#3	0
4326	Q0	615749#0	0
4326	Q0	604791#10	0
4326	Q0	1483088#3	0
4326	Q0	615750#0	0
4327	Q0	1524786#5	1
4327	Q0	1524786#3	0
4327	Q0	1095341#14	0
4327	Q0	456158#10	0
4327	Q0	1095341#21	0
4327	Q0	1856969#17	0
4327	Q0	65587#11	0
4327	Q0	1671427#10	0
4327	Q0	1630789#30	0
4327	Q0	1856969#5	0
4328	Q0	2061795#0	1
4328	Q0	1061151#1	1
4328	Q0	3270671#0	0
4328	Q0	2269892#0	0
4328	Q0	1165012#1	0
4328	Q0	902247#1	0
4328	Q0	3616148#1	0
4328	Q0	1253172#1	0
4328	Q0	1399036#1	0
4328	Q0	172608#5	0
4329	Q0	2647347#4	1
4329	Q0	384376#7	1
4329	Q0	2933034#0	1
4329	Q0	119480#13	1
4329	Q0	384376#20	0
4329	Q0	384376#12	0
4329	Q0	384376#21	0
4329	Q0	3831053#3	0
4329	Q0	1385#3	0
4329	Q0	864467#1	0
4330	Q0	647284#4	1
4330	Q0	431262#15	0
4330	Q0	393113#9	0
4330	Q0	391792#5	0
4330	Q0	1335854#1	0
4330	Q0	431262#6	0
4330	Q0	443307#9	0
4330	Q0	1370901#3	0
4330	Q0	375516#105	0
4330	Q0	2460777#5	0
4331	Q0	848472#2	1
4331	Q0	848472#1	1
4331	Q0	326151#17	1
4331	Q0	848472#18	0
4331	Q0	848472#0	0
4331	Q0	848472#3	0
4331	Q0	848472#8	0
4331	Q0	3226371#3	0
4331	Q0	848472#6	0
4331	Q0	1210812#9	0
4333	Q0	3881325#5	1
4333	Q0	3881325#1	1
4333	Q0	3881325#16	0
4333	Q0	3881325#13	0
4333	Q0	3881325#11	0
4333	Q0	3881325#20	0
4333	Q0	3881325#6	0
4333	Q0	3881325#14	0
4333	Q0	3881325#10	0
4333	Q0	3881325#12	0
4334	Q0	3484#3	1
4334	Q0	1725962#7	0
4334	Q0	309153#3	0
4334	Q0	1725962#3	0
4334	Q0	3484#4	0
4334	Q0	2557826#10	0
4334	Q0	1075829#2	0
4334	Q0	540915#1	0
4334	Q0	1725962#1	0
4334	Q0	1726882#3	0
4335	Q0	2809949#3	1
4335	Q0	2809949#0	0
4335	Q0	2809948#0	0
4335	Q0	2809948#14	0
4335	Q0	617546#4	0
4335	Q0	55696#32	0
4335	Q0	393200#18	0
4335	Q0	3773134#1	0
4335	Q0	3393028#79	0
4335	Q0	160839#17	0
4336	Q0	41563#45	1
4336	Q0	3692027#2	1
4336	Q0	3692027#1	1
4336	Q0	3692027#0	0
4336	Q0	3692027#6	0
4336	Q0	3692027#10	0
4336	Q0	3692027#9	0
4336	Q0	3692027#12	0
4336	Q0	3700015#17	0
4336	Q0	3692027#11	0
4336	Q0	3692027#5	0
4337	Q0	211420#0	1
4337	Q0	4494#10	0
4337	Q0	3692384#5	0
4337	Q0	451868#2	0
4337	Q0	1536635#3	0
4337	Q0	2264198#4	0
4337	Q0	55339#37	0
4337	Q0	99943#11	0
4337	Q0	1466441#5	0
4337	Q0	55339#14	0
4338	Q0	20641#2	1
4338	Q0	690319#34	0
4338	Q0	697068#0	0
4338	Q0	690319#40	0
4338	Q0	2904958#15	0
4338	Q0	690319#26	0
4338	Q0	44024#13	0
4338	Q0	321717#5	0
4338	Q0	3485731#29	0
4338	Q0	254639#71	0
4338	Q0	3468994#3	0
4338	Q0	20641#15	0
4338	Q0	20641#7	0
4338	Q0	20641#5	0
4338	Q0	20641#3	0
4340	Q0	416558#0	1
4340	Q0	822955#9	1
4340	Q0	822955#5	0
4340	Q0	31466#2	0
4340	Q0	1595775#25	0
4340	Q0	416558#28	0
4340	Q0	137506#2	0
4340	Q0	1322420#2	0
4340	Q0	822955#17	0
4340	Q0	416558#25	0
4340	Q0	416558#36	0
4341	Q0	292968#14	1
4341	Q0	2139659#30	1
4341	Q0	2254528#9	0
4341	Q0	2254528#10	0
4341	Q0	2254528#20	0
4341	Q0	2139659#27	0
4341	Q0	954701#17	0
4341	Q0	20297#1	0
4341	Q0	1580357#35	0
4341	Q0	2139659#26	0
4341	Q0	1445982#2	0
4342	Q0	631111#4	1
4342	Q0	631111#0	0
4342	Q0	631042#2	0
4342	Q0	12532#15	0
4342	Q0	3430857#7	0
4342	Q0	631111#5	0
4342	Q0	923784#4	0
4342	Q0	631111#1	0
4342	Q0	10959#1	0
4342	Q0	1190501#8	0
4343	Q0	62164#25	1
4343	Q0	38905#1	1
4343	Q0	38905#17	0
4343	Q0	38905#2	0
4343	Q0	134624#14	0
4343	Q0	1568104#2	0
4343	Q0	1095350#4	0
4343	Q0	38905#5	0
4343	Q0	38905#28	0
4343	Q0	1060918#11	0
4343	Q0	19991#6	0
4344	Q0	3311731#6	1
4344	Q0	3311731#8	0
4344	Q0	3311731#34	0
4344	Q0	3311731#7	0
4344	Q0	3311731#35	0
4344	Q0	3311731#32	0
4344	Q0	3311731#36	0
4344	Q0	3311731#37	0
4344	Q0	3311731#14	0
4344	Q0	3311731#5	0
4345	Q0	1540715#2	1
4345	Q0	355950#1	0
4345	Q0	1213734#0	0
4345	Q0	842436#5	0
4345	Q0	2688129#1	0
4345	Q0	1540715#0	0
4345	Q0	3609541#4	0
4345	Q0	826733#6	0
4345	Q0	363725#1	0
4345	Q0	160972#2	0
4346	Q0	609433#23	1
4346	Q0	609433#16	1
4346	Q0	609433#2	1
4346	Q0	609433#1	1
4346	Q0	609433#17	1
4346	Q0	168200#8	1
4346	Q0	1286258#5	1
4346	Q0	609433#19	1
4346	Q0	609433#0	0
4346	Q0	609433#15	0
4347	Q0	73996#11	1
4347	Q0	73996#13	0
4347	Q0	73996#12	0
4347	Q0	73996#22	0
4347	Q0	3602150#2	0
4347	Q0	73996#9	0
4347	Q0	3302271#2	0
4347	Q0	73996#2	0
4347	Q0	205733#4	0
4347	Q0	817453#6	0
4348	Q0	21145#2	1
4348	Q0	21145#3	1
4348	Q0	21145#1	1
4348	Q0	11420#19	0
4348	Q0	45519#10	0
4348	Q0	21145#43	0
4348	Q0	194543#1	0
4348	Q0	1732#27	0
4348	Q0	21145#5	0
4348	Q0	1673124#13	0
4348	Q0	3289631#6	0
4350	Q0	32083#0	1
4350	Q0	32083#2	0
4350	Q0	1610097#1	0
4350	Q0	3460931#1	0
4350	Q0	3138384#1	0
4350	Q0	242867#1	0
4350	Q0	3264751#1	0
4350	Q0	53111#0	0
4350	Q0	32083#5	0
4350	Q0	1735261#1	0
4351	Q0	2998141#3	1
4351	Q0	2998141#0	1
4351	Q0	3472930#0	0
4351	Q0	3472930#1	0
4351	Q0	2782247#1	0
4351	Q0	3000940#1	0
4351	Q0	1873289#1	0
4351	Q0	3080794#1	0
4351	Q0	1031643#2	0
4351	Q0	30943#0	0
4352	Q0	2046602#1	1
4352	Q0	3494286#11	0
4352	Q0	3816530#45	0
4352	Q0	221166#17	0
4352	Q0	1106730#8	0
4352	Q0	53548#121	0
4352	Q0	2580393#34	0
4352	Q0	1234440#83	0
4352	Q0	767047#5	0
4352	Q0	2753541#53	0
4352	Q0	2046602#8	0
4352	Q0	2046602#7	0
4353	Q0	183691#0	1
4353	Q0	183691#11	0
4353	Q0	183691#3	0
4353	Q0	183691#1	0
4353	Q0	183691#19	0
4353	Q0	45946#6	0
4353	Q0	183691#17	0
4353	Q0	183691#16	0
4353	Q0	3071477#1	0
4353	Q0	183691#15	0
4354	Q0	4306#0	1
4354	Q0	3015188#0	0
4354	Q0	3223806#1	0
4354	Q0	846798#2	0
4354	Q0	3806839#1	0
4354	Q0	386675#2	0
4354	Q0	1171131#1	0
4354	Q0	1969731#1	0
4354	Q0	2390001#1	0
4354	Q0	944449#0	0
4355	Q0	1065#7	1
4355	Q0	497517#62	1
4355	Q0	3380576#0	1
4355	Q0	2316155#8	1
4355	Q0	2316155#34	1
4355	Q0	3380658#0	1
4355	Q0	1065#8	0
4355	Q0	1065#2	0
4355	Q0	1065#6	0
4355	Q0	1065#1	0
4355	Q0	1065#0	0
4356	Q0	2206433#8	1
4356	Q0	2206433#21	0
4356	Q0	2206433#0	0
4356	Q0	2206433#18	0
4356	Q0	2206433#42	0
4356	Q0	2206433#15	0
4356	Q0	2206433#48	0
4356	Q0	2206433#46	0
4356	Q0	2206433#45	0
4356	Q0	2206433#13	0
4356	Q0	2206433#43	0
4357	Q0	1814336#0	1
4357	Q0	1814336#1	0
4357	Q0	25862#4	0
4357	Q0	3364666#1	0
4357	Q0	3135269#3	0
4357	Q0	329736#3	0
4357	Q0	3694898#4	0
4357	Q0	20357#5	0
4357	Q0	65143#1	0
4357	Q0	2951724#1	0
4358	Q0	1789#81	1
4358	Q0	85202#74	1
4358	Q0	177473#1	1
4358	Q0	26300#14	0
4358	Q0	177473#2	0
4358	Q0	177473#5	0
4358	Q0	36882#17	0
4358	Q0	986542#37	0
4358	Q0	494022#11	0
4358	Q0	306777#34	0
4358	Q0	541436#2	0
4360	Q0	890391#0	1
4360	Q0	1174289#8	1
4360	Q0	3005799#8	1
4360	Q0	552874#3	1
4360	Q0	890391#3	0
4360	Q0	890391#4	0
4360	Q0	2851683#3	0
4360	Q0	1411512#2	0
4360	Q0	137164#30	0
4360	Q0	890391#2	0
4362	Q0	1046795#44	1
4362	Q0	194337#0	1
4362	Q0	266703#7	0
4362	Q0	1046795#46	0
4362	Q0	1386574#126	0
4362	Q0	1472876#16	0
4362	Q0	194337#2	0
4362	Q0	2780169#8	0
4362	Q0	1736282#7	0
4362	Q0	2784473#3	0
4362	Q0	194337#1	0
4363	Q0	1698893#113	1
4363	Q0	2324165#2	1
4363	Q0	28772#1	0
4363	Q0	2544639#3	0
4363	Q0	1342615#12	0
4363	Q0	169250#1	0
4363	Q0	1528#10	0
4363	Q0	127411#6	0
4363	Q0	2055780#1	0
4363	Q0	65491#1	0
4364	Q0	683587#11	1
4364	Q0	459622#16	1
4364	Q0	683587#30	1
4364	Q0	540779#2	0
4364	Q0	683587#33	0
4364	Q0	683587#21	0
4364	Q0	683587#31	0
4364	Q0	683587#28	0
4364	Q0	683587#44	0
4364	Q0	683587#29	0
4365	Q0	995612#1	1
4365	Q0	995612#0	1
4365	Q0	2724402#1	0
4365	Q0	136650#1	0
4365	Q0	39270#2	0
4365	Q0	3692547#4	0
4365	Q0	213710#1	0
4365	Q0	2891787#5	0
4365	Q0	2507845#1	0
4365	Q0	3470091#2	0
4366	Q0	1844918#5	1
4366	Q0	1844918#22	0
4366	Q0	3009653#4	0
4366	Q0	1850120#1	0
4366	Q0	336895#4	0
4366	Q0	1850025#1	0
4366	Q0	33522#26	0
4366	Q0	1844918#10	0
4366	Q0	1844918#77	0
4366	Q0	797091#2	0
4366	Q0	139859#56	0
4368	Q0	2847698#37	1
4368	Q0	2847698#1	1
4368	Q0	1753918#210	1
4368	Q0	1753918#203	0
4368	Q0	1753918#225	0
4368	Q0	1753918#224	0
4368	Q0	770835#7	0
4368	Q0	815922#14	0
4368	Q0	2847698#12	0
4368	Q0	1753918#4	0
4369	Q0	53793#0	1
4369	Q0	1186105#1	1
4369	Q0	411920#7	0
4369	Q0	411897#5	0
4369	Q0	425950#0	0
4369	Q0	1258876#0	0
4369	Q0	53793#25	0
4369	Q0	1258876#2	0
4369	Q0	29439#4	0
4369	Q0	1186105#31	0
4370	Q0	723211#0	1
4370	Q0	1930918#0	1
4370	Q0	723230#1	0
4370	Q0	723211#1	0
4370	Q0	723211#4	0
4370	Q0	723211#3	0
4370	Q0	1026245#0	0
4370	Q0	2532887#0	0
4370	Q0	370036#10	0
4370	Q0	723211#2	0
4371	Q0	1284#0	1
4371	Q0	1983361#0	0
4371	Q0	1983389#0	0
4371	Q0	1983389#1	0
4371	Q0	1284#20	0
4371	Q0	706522#14	0
4371	Q0	245577#3	0
4371	Q0	698422#0	0
4371	Q0	2181#10	0
4371	Q0	2469313#0	0
4376	Q0	644079#0	1
4376	Q0	644079#4	1
4376	Q0	644079#6	0
4376	Q0	644079#5	0
4376	Q0	3138460#3	0
4376	Q0	477816#3	0
4376	Q0	644079#16	0
4376	Q0	1525038#1	0
4376	Q0	644079#17	0
4376	Q0	644079#2	0
4377	Q0	15892#61	1
4377	Q0	840126#1	0
4377	Q0	2664194#3	0
4377	Q0	118891#11	0
4377	Q0	2664194#4	0
4377	Q0	988123#1	0
4377	Q0	840126#5	0
4377	Q0	1874092#5	0
4377	Q0	141280#4	0
4377	Q0	339958#6	0
4377	Q0	2607228#2	0
4378	Q0	1777196#1	1
4378	Q0	144196#2	1
4378	Q0	91337#9	0
4378	Q0	39270#10	0
4378	Q0	1777196#4	0
4378	Q0	1340389#3	0
4378	Q0	1777196#2	0
4378	Q0	285002#49	0
4378	Q0	91337#5	0
4378	Q0	2609589#8	0
4378	Q0	91337#11	0
4379	Q0	116136#1	1
4379	Q0	116136#6	0
4379	Q0	116079#19	0
4379	Q0	1804975#33	0
4379	Q0	13162#11	0
4379	Q0	116136#0	0
4379	Q0	18532#45	0
4379	Q0	116136#7	0
4379	Q0	116136#8	0
4379	Q0	70013#47	0
4380	Q0	261905#1	1
4380	Q0	15558#8	1
4380	Q0	328384#20	1
4380	Q0	910263#23	1
4380	Q0	72898#0	1
4380	Q0	15558#7	0
4380	Q0	15615#16	0
4380	Q0	32967#0	0
4380	Q0	1088189#17	0
4380	Q0	2657756#2	0
4380	Q0	1935350#21	0
4381	Q0	325216#0	1
4381	Q0	325216#2	1
4381	Q0	2201206#1	0
4381	Q0	678613#0	0
4381	Q0	3034824#2	0
4381	Q0	2304585#1	0
4381	Q0	1003733#1	0
4381	Q0	551717#2	0
4381	Q0	317180#1	0
4381	Q0	1940973#0	0
4382	Q0	119437#0	1
4382	Q0	119437#1	1
4382	Q0	119437#2	0
4382	Q0	119437#8	0
4382	Q0	119437#6	0
4382	Q0	119437#7	0
4382	Q0	2173267#66	0
4382	Q0	119437#11	0
4382	Q0	119437#12	0
4382	Q0	119437#30	0
4382	Q0	119437#18	0
4383	Q0	790039#4	1
4383	Q0	790039#5	1
4383	Q0	937208#3	0
4383	Q0	790039#9	0
4383	Q0	110707#34	0
4383	Q0	2666560#3	0
4383	Q0	44160#7	0
4383	Q0	2694742#3	0
4383	Q0	790039#8	0
4383	Q0	7643#6	0
4385	Q0	27206#7	1
4385	Q0	27206#0	0
4385	Q0	656657#1	0
4385	Q0	2682623#3	0
4385	Q0	882935#2	0
4385	Q0	661838#22	0
4385	Q0	3836605#1	0
4385	Q0	27206#9	0
4385	Q0	2320963#2	0
4385	Q0	65575#6	0
4386	Q0	252479#0	1
4386	Q0	534549#2	0
4386	Q0	13325#13	0
4386	Q0	252479#19	0
4386	Q0	2504718#2	0
4386	Q0	252479#18	0
4386	Q0	86165#8	0
4386	Q0	252479#5	0
4386	Q0	13325#28	0
4386	Q0	92150#2	0
4387	Q0	3217353#0	1
4387	Q0	3217353#2	0
4387	Q0	3217353#1	0
4387	Q0	3217353#17	0
4387	Q0	2467445#1	0
4387	Q0	2338806#3	0
4387	Q0	3217353#7	0
4387	Q0	3217353#10	0
4387	Q0	3217353#3	0
4387	Q0	3217353#4	0
4388	Q0	1317867#5	1
4388	Q0	3218118#3	1
4388	Q0	1317867#0	1
4388	Q0	1317867#42	0
4388	Q0	2116218#31	0
4388	Q0	3218118#5	0
4388	Q0	1317867#49	0
4388	Q0	1901768#1	0
4388	Q0	57038#90	0
4388	Q0	1317867#44	0
4390	Q0	199420#5	1
4390	Q0	3692306#3	0
4390	Q0	199420#7	0
4390	Q0	818798#4	0
4390	Q0	199420#27	0
4390	Q0	199420#25	0
4390	Q0	2682311#3	0
4390	Q0	215860#5	0
4390	Q0	199420#1	0
4390	Q0	199420#4	0
4392	Q0	3031370#3	1
4392	Q0	396080#6	1
4392	Q0	3031370#4	0
4392	Q0	340166#14	0
4392	Q0	396080#10	0
4392	Q0	795323#6	0
4392	Q0	148526#21	0
4392	Q0	2860326#33	0
4392	Q0	1901768#2	0
4392	Q0	340166#7	0
4394	Q0	27773#0	1
4394	Q0	27773#5	0
4394	Q0	27773#1	0
4394	Q0	27773#9	0
4394	Q0	3481320#0	0
4394	Q0	12901#92	0
4394	Q0	882663#35	0
4394	Q0	6470#10	0
4394	Q0	27773#6	0
4394	Q0	1984721#15	0
4395	Q0	528888#0	1
4395	Q0	528888#3	0
4395	Q0	1870139#3	0
4395	Q0	528888#26	0
4395	Q0	1870139#0	0
4395	Q0	528888#11	0
4395	Q0	528888#16	0
4395	Q0	407844#18	0
4395	Q0	528888#9	0
4395	Q0	611956#1	0
4396	Q0	73764#4	1
4396	Q0	73764#13	0
4396	Q0	951696#7	0
4396	Q0	73764#7	0
4396	Q0	73764#0	0
4396	Q0	73764#5	0
4396	Q0	202670#7	0
4396	Q0	73764#10	0
4396	Q0	73764#17	0
4396	Q0	247336#4	0
4396	Q0	202965#8	0
4398	Q0	216702#0	1
4398	Q0	2607702#42	1
4398	Q0	1830672#36	1
4398	Q0	62980#3	1
4398	Q0	121784#4	1
4398	Q0	216702#5	0
4398	Q0	125188#3	0
4398	Q0	1830672#19	0
4398	Q0	1830672#0	0
4398	Q0	125188#4	0
4399	Q0	1017867#0	1
4399	Q0	925229#4	1
4399	Q0	225203#3	1
4399	Q0	225203#0	0
4399	Q0	145330#22	0
4399	Q0	23978#134	0
4399	Q0	131003#9	0
4399	Q0	985820#2	0
4399	Q0	752649#6	0
4399	Q0	1018432#3	0
4399	Q0	225203#1	0
4400	Q0	2687415#0	1
4400	Q0	2687415#2	0
4400	Q0	2687415#17	0
4400	Q0	2558565#3	0
4400	Q0	46470#12	0
4400	Q0	878804#18	0
4400	Q0	3751602#10	0
4400	Q0	468138#5	0
4400	Q0	287450#24	0
4400	Q0	1682065#64	0
4401	Q0	40563#1	1
4401	Q0	40563#2	0
4401	Q0	331927#1	0
4401	Q0	84051#11	0
4401	Q0	372661#4	0
4401	Q0	251520#6	0
4401	Q0	2812733#5	0
4401	Q0	1622966#2	0
4401	Q0	363699#1	0
4401	Q0	1039112#2	0
4402	Q0	1451262#50	1
4402	Q0	29120#0	1
4402	Q0	29120#34	0
4402	Q0	1811342#6	0
4402	Q0	29120#22	0
4402	Q0	1451262#47	0
4402	Q0	219622#4	0
4402	Q0	3578938#2	0
4402	Q0	605026#2	0
4402	Q0	2187753#10	0
4402	Q0	1890032#21	0
4403	Q0	23759#0	1
4403	Q0	975241#4	1
4403	Q0	23759#17	0
4403	Q0	28489#6	0
4403	Q0	1380367#4	0
4403	Q0	2253071#2	0
4403	Q0	23759#6	0
4403	Q0	3356712#5	0
4403	Q0	14985#32	0
4403	Q0	4412#26	0
4404	Q0	1835309#1	1
4404	Q0	1835309#0	1
4404	Q0	1835309#2	0
4404	Q0	1237949#3	0
4404	Q0	927394#0	0
4404	Q0	1835309#16	0
4404	Q0	1835309#19	0
4404	Q0	1835309#3	0
4404	Q0	1835309#15	0
4404	Q0	1835309#13	0
4406	Q0	2372191#0	1
4406	Q0	737456#0	1
4406	Q0	737456#1	0
4406	Q0	737456#3	0
4406	Q0	100262#16	0
4406	Q0	121966#13	0
4406	Q0	2372147#1	0
4406	Q0	100262#14	0
4406	Q0	1331464#138	0
4406	Q0	2682199#5	0
4406	Q0	100262#8	0
4408	Q0	100133#8	1
4408	Q0	7744#1	0
4408	Q0	3079004#10	0
4408	Q0	862151#15	0
4408	Q0	3079004#14	0
4408	Q0	273619#15	0
4408	Q0	316759#16	0
4408	Q0	13159#5	0
4408	Q0	862151#12	0
4408	Q0	7744#21	0
4408	Q0	3079004#16	0
4409	Q0	31832#0	1
4409	Q0	31832#1	1
4409	Q0	3767225#10	1
4409	Q0	31832#2	0
4409	Q0	31832#5	0
4409	Q0	31832#19	0
4409	Q0	31832#16	0
4409	Q0	31832#21	0
4409	Q0	31832#6	0
4409	Q0	380722#1	0
4410	Q0	135754#38	1
4410	Q0	122582#7	1
4410	Q0	806541#5	0
4410	Q0	913876#6	0
4410	Q0	3850975#20	0
4410	Q0	371768#12	0
4410	Q0	1706144#34	0
4410	Q0	673851#6	0
4410	Q0	122582#8	0
4410	Q0	3148261#6	0
4411	Q0	1449200#1	1
4411	Q0	1589297#1	0
4411	Q0	544307#7	0
4411	Q0	762634#4	0
4411	Q0	1731005#6	0
4411	Q0	544307#4	0
4411	Q0	1449200#8	0
4411	Q0	10720#41	0
4411	Q0	175501#6	0
4411	Q0	1731005#0	0
4411	Q0	175501#4	0
4412	Q0	476213#9	1
4412	Q0	16706#6	0
4412	Q0	215376#6	0
4412	Q0	2424150#11	0
4412	Q0	128318#13	0
4412	Q0	476213#4	0
4412	Q0	408513#18	0
4412	Q0	925172#2	0
4412	Q0	132294#29	0
4412	Q0	384825#5	0
4415	Q0	6040#17	1
4415	Q0	1157270#0	1
4415	Q0	2849070#1	0
4415	Q0	203627#0	0
4415	Q0	3865551#0	0
4415	Q0	198438#3	0
4415	Q0	59685#71	0
4415	Q0	2697699#1	0
4415	Q0	1157270#91	0
4415	Q0	259031#14	0
4415	Q0	490769#4	0
4416	Q0	14121#2	1
4416	Q0	329457#7	0
4416	Q0	3201907#1	0
4416	Q0	3201907#2	0
4416	Q0	2814825#4	0
4416	Q0	3201907#95	0
4416	Q0	1584170#1	0
4416	Q0	2341150#9	0
4416	Q0	3202487#0	0
4416	Q0	1625969#7	0
4416	Q0	814339#1	0
4417	Q0	2141#3	1
4417	Q0	1472797#1	0
4417	Q0	2371713#1	0
4417	Q0	7878#1	0
4417	Q0	437173#1	0
4417	Q0	2252721#1	0
4417	Q0	1347958#32	0
4417	Q0	2862620#5	0
4417	Q0	2602071#1	0
4417	Q0	348570#2	0
4418	Q0	866136#4	1
4418	Q0	866136#9	0
4418	Q0	866136#1	0
4418	Q0	866136#5	0
4418	Q0	866136#0	0
4418	Q0	866136#20	0
4418	Q0	866136#21	0
4418	Q0	866136#22	0
4418	Q0	866136#23	0
4418	Q0	3650023#3	0
4420	Q0	2216982#1	1
4420	Q0	659417#2	1
4420	Q0	2216982#7	1
4420	Q0	2216982#11	0
4420	Q0	2216982#20	0
4420	Q0	2216982#19	0
4420	Q0	2216982#9	0
4420	Q0	2216982#4	0
4420	Q0	2952539#2	0
4420	Q0	2216982#14	0
4421	Q0	8216#8	1
4421	Q0	8217#6	1
4421	Q0	17179#4	0
4421	Q0	7368#2	0
4421	Q0	7716#15	0
4421	Q0	399637#3	0
4421	Q0	9646#3	0
4421	Q0	7716#1	0
4421	Q0	9083#6	0
4421	Q0	33590#22	0
4422	Q0	380774#0	1
4422	Q0	380774#2	0
4422	Q0	1149200#0	0
4422	Q0	380774#7	0
4422	Q0	380774#8	0
4422	Q0	2105753#5	0
4422	Q0	380774#9	0
4422	Q0	1977367#1	0
4422	Q0	1008215#1	0
4422	Q0	2120921#2	0
4424	Q0	175687#2	1
4424	Q0	175687#0	0
4424	Q0	175687#1	0
4424	Q0	431733#0	0
4424	Q0	1410019#1	0
4424	Q0	175687#6	0
4424	Q0	55087#1	0
4424	Q0	3119417#3	0
4424	Q0	128787#3	0
4424	Q0	431733#1	0
4425	Q0	3104765#3	1
4425	Q0	3104765#6	0
4425	Q0	3104765#7	0
4425	Q0	2784321#0	0
4425	Q0	2162403#0	0
4425	Q0	1476885#0	0
4425	Q0	3104765#16	0
4425	Q0	1476885#7	0
4425	Q0	1287370#3	0
4425	Q0	3104765#0	0
4426	Q0	630829#2	1
4426	Q0	309341#35	0
4426	Q0	309341#0	0
4426	Q0	309341#3	0
4426	Q0	309341#29	0
4426	Q0	309341#22	0
4426	Q0	309341#2	0
4426	Q0	309341#14	0
4426	Q0	2936726#5	0
4426	Q0	1483472#9	0
4426	Q0	309341#5	0
4427	Q0	57710#0	1
4427	Q0	57710#3	1
4427	Q0	57710#15	0
4427	Q0	1011992#8	0
4427	Q0	57710#6	0
4427	Q0	57710#14	0
4427	Q0	404336#1	0
4427	Q0	434425#5	0
4427	Q0	57710#9	0
4427	Q0	1011992#1	0
4428	Q0	498686#10	1
4428	Q0	498686#2	0
4428	Q0	1052490#1	0
4428	Q0	266871#10	0
4428	Q0	7325#47	0
4428	Q0	1623730#0	0
4428	Q0	1631926#1	0
4428	Q0	498686#12	0
4428	Q0	369492#3	0
4428	Q0	270046#36	0
4429	Q0	85785#0	1
4429	Q0	39574#1	1
4429	Q0	85785#1	1
4429	Q0	1326098#0	0
4429	Q0	39574#0	0
4429	Q0	2212464#16	0
4429	Q0	3388522#7	0
4429	Q0	43541#16	0
4429	Q0	1326098#2	0
4429	Q0	2212464#15	0
4429	Q0	2226431#40	0
4430	Q0	240572#4	1
4430	Q0	240572#0	0
4430	Q0	956938#0	0
4430	Q0	2673403#0	0
4430	Q0	1485161#0	0
4430	Q0	240572#3	0
4430	Q0	956938#33	0
4430	Q0	240572#17	0
4430	Q0	1883405#0	0
4430	Q0	3459333#0	0
4430	Q0	240572#1	0
4432	Q0	97749#3	1
4432	Q0	97749#7	0
4432	Q0	69898#5	0
4432	Q0	97749#5	0
4432	Q0	261323#13	0
4432	Q0	1740476#4	0
4432	Q0	1316722#4	0
4432	Q0	2101#5	0
4432	Q0	69898#32	0
4432	Q0	261323#61	0
4432	Q0	3245215#11	0
4434	Q0	3116754#14	1
4434	Q0	3116754#12	0
4434	Q0	3116754#16	0
4434	Q0	3116754#15	0
4434	Q0	3116754#9	0
4434	Q0	3116754#17	0
4434	Q0	3810906#14	0
4434	Q0	3810970#12	0
4434	Q0	3116754#29	0
4434	Q0	3116754#13	0
4434	Q0	3116754#3	0
4435	Q0	2777625#0	1
4435	Q0	1790929#16	0
4435	Q0	785849#30	0
4435	Q0	2686504#18	0
4435	Q0	20491#9	0
4435	Q0	1790929#27	0
4435	Q0	1625591#4	0
4435	Q0	195284#26	0
4435	Q0	404433#2	0
4435	Q0	2777625#28	0
4436	Q0	957180#2	1
4436	Q0	402254#3	0
4436	Q0	146197#1	0
4436	Q0	159485#2	0
4436	Q0	229917#5	0
4436	Q0	379267#0	0
4436	Q0	2336790#0	0
4436	Q0	437752#0	0
4436	Q0	1057108#2	0
4436	Q0	1192200#2	0
4437	Q0	3322926#0	1
4437	Q0	202265#70	1
4437	Q0	3322926#6	0
4437	Q0	2761242#22	0
4437	Q0	2545347#8	0
4437	Q0	2195#12	0
4437	Q0	2024233#4	0
4437	Q0	3375002#4	0
4437	Q0	1206159#0	0
4437	Q0	484413#7	0
4438	Q0	20311#3	1
4438	Q0	20314#8	0
4438	Q0	20314#9	0
4438	Q0	20311#0	0
4438	Q0	20311#5	0
4438	Q0	20311#18	0
4438	Q0	20311#4	0
4438	Q0	20314#4	0
4438	Q0	20314#6	0
4438	Q0	20314#11	0
4439	Q0	2857360#2	1
4439	Q0	80979#23	1
4439	Q0	129445#7	0
4439	Q0	129445#1	0
4439	Q0	129445#8	0
4439	Q0	1864497#3	0
4439	Q0	152868#3	0
4439	Q0	2857360#1	0
4439	Q0	1864741#1	0
4439	Q0	2034157#1	0
4440	Q0	685627#9	1
4440	Q0	158874#5	0
4440	Q0	70262#4	0
4440	Q0	1908750#7	0
4440	Q0	1908750#27	0
4440	Q0	34145#0	0
4440	Q0	1908750#25	0
4440	Q0	2331103#153	0
4440	Q0	34145#2	0
4440	Q0	1908750#19	0
4442	Q0	127160#1	1
4442	Q0	127160#6	1
4442	Q0	127160#2	0
4442	Q0	127160#7	0
4442	Q0	2545347#31	0
4442	Q0	5260#118	0
4442	Q0	265286#14	0
4442	Q0	127160#0	0
4442	Q0	2794#14	0
4442	Q0	3313873#2	0
4443	Q0	18691#0	1
4443	Q0	29280#1	0
4443	Q0	323135#2	0
4443	Q0	323135#0	0
4443	Q0	3765177#0	0
4443	Q0	29280#9	0
4443	Q0	29280#2	0
4443	Q0	2134613#81	0
4443	Q0	29280#7	0
4443	Q0	2180445#0	0
4443	Q0	3749063#0	0
4444	Q0	4588#0	1
4444	Q0	1944034#6	0
4444	Q0	1944034#1	0
4444	Q0	4588#1	0
4444	Q0	586589#66	0
4444	Q0	2156261#13	0
4444	Q0	35903#11	0
4444	Q0	586589#54	0
4444	Q0	2700309#77	0
4444	Q0	5868#15	0
4444	Q0	4419#0	0
4444	Q0	4419#1	0
4445	Q0	110709#30	1
4445	Q0	3546948#0	1
4445	Q0	110709#53	0
4445	Q0	299419#9	0
4445	Q0	110709#31	0
4445	Q0	77757#26	0
4445	Q0	77755#15	0
4445	Q0	243541#4	0
4445	Q0	323775#6	0
4445	Q0	297341#10	0
4448	Q0	1764904#1	1
4448	Q0	1764904#0	1
4448	Q0	1764904#19	1
4448	Q0	1764904#24	1
4448	Q0	1800159#5	1
4448	Q0	1764904#21	0
4448	Q0	1764904#28	0
4448	Q0	1764904#15	0
4448	Q0	1800159#6	0
4448	Q0	1764904#26	0
4450	Q0	1031864#0	1
4450	Q0	1031864#48	0
4450	Q0	1031864#54	0
4450	Q0	1031864#49	0
4450	Q0	1031864#52	0
4450	Q0	1031864#66	0
4450	Q0	1031864#60	0
4450	Q0	1031864#57	0
4450	Q0	1031864#1	0
4450	Q0	1031864#50	0
4451	Q0	201877#5	1
4451	Q0	1973179#24	1
4451	Q0	201877#2	0
4451	Q0	201877#9	0
4451	Q0	201877#16	0
4451	Q0	2197495#1	0
4451	Q0	201877#18	0
4451	Q0	201877#7	0
4451	Q0	13164#9	0
4451	Q0	201877#1	0
4452	Q0	1808508#11	1
4452	Q0	317841#0	1
4452	Q0	7317#92	1
4452	Q0	7317#93	1
4452	Q0	3122874#0	1
4452	Q0	2545193#3	1
4452	Q0	1825181#27	1
4452	Q0	2704320#0	1
4452	Q0	317841#3	1
4452	Q0	1808508#0	1
4452	Q0	317841#4	1
4454	Q0	253354#3	1
4454	Q0	351635#19	1
4454	Q0	24057#19	1
4454	Q0	253354#0	1
4454	Q0	19848#5	1
4454	Q0	253354#6	0
4454	Q0	253354#1	0
4454	Q0	43436#19	0
4454	Q0	669496#0	0
4454	Q0	43436#0	0
4454	Q0	253354#21	0
4455	Q0	3236947#7	1
4455	Q0	1332507#0	1
4455	Q0	406141#5	0
4455	Q0	3236947#0	0
4455	Q0	6805#14	0
4455	Q0	1332507#1	0
4455	Q0	3236947#6	0
4455	Q0	120823#10	0
4455	Q0	1370701#2	0
4455	Q0	1588614#1	0
4456	Q0	7113#0	1
4456	Q0	7113#54	0
4456	Q0	7113#52	0
4456	Q0	26807#6	0
4456	Q0	7113#58	0
4456	Q0	3554537#0	0
4456	Q0	3830578#1	0
4456	Q0	3637582#0	0
4456	Q0	3300481#7	0
4456	Q0	3554537#1	0
4457	Q0	3796234#62	1
4457	Q0	3796234#18	1
4457	Q0	3796234#61	0
4457	Q0	3796234#103	0
4457	Q0	3796234#34	0
4457	Q0	3796234#0	0
4457	Q0	3796234#17	0
4457	Q0	3796234#19	0
4457	Q0	3796234#3	0
4457	Q0	3796234#2	0
4459	Q0	76477#10	1
4459	Q0	59742#4	1
4459	Q0	59742#6	0
4459	Q0	2124422#14	0
4459	Q0	59742#5	0
4459	Q0	59742#14	0
4459	Q0	59742#16	0
4459	Q0	2183551#2	0
4459	Q0	248077#6	0
4459	Q0	59742#13	0
4461	Q0	55087#0	1
4461	Q0	55087#1	0
4461	Q0	55087#6	0
4461	Q0	2054531#0	0
4461	Q0	3425957#0	0
4461	Q0	55087#8	0
4461	Q0	55087#3	0
4461	Q0	3122871#1	0
4461	Q0	1113240#1	0
4461	Q0	55087#4	0
4462	Q0	2148#5	1
4462	Q0	768538#1	0
4462	Q0	322405#18	0
4462	Q0	2148#6	0
4462	Q0	1284868#5	0
4462	Q0	2668882#2	0
4462	Q0	3335459#10	0
4462	Q0	2668882#3	0
4462	Q0	2668354#1	0
4462	Q0	782869#13	0
4462	Q0	66628#66	0
4463	Q0	3827553#0	1
4463	Q0	3827553#1	0
4463	Q0	3827553#5	0
4463	Q0	3052429#3	0
4463	Q0	116188#1	0
4463	Q0	3577639#1	0
4463	Q0	3827553#7	0
4463	Q0	1942200#1	0
4463	Q0	3025672#4	0
4463	Q0	1793379#1	0
4464	Q0	208051#0	1
4464	Q0	208051#16	0
4464	Q0	208051#5	0
4464	Q0	208051#18	0
4464	Q0	203948#3	0
4464	Q0	101182#0	0
4464	Q0	208051#8	0
4464	Q0	208051#14	0
4464	Q0	208051#9	0
4464	Q0	208051#13	0
4465	Q0	234915#7	1
4465	Q0	234915#0	1
4465	Q0	234915#6	0
4465	Q0	234915#3	0
4465	Q0	234915#2	0
4465	Q0	234915#5	0
4465	Q0	234915#4	0
4465	Q0	234915#11	0
4465	Q0	234915#1	0
4465	Q0	234915#12	0
4466	Q0	1341327#3	1
4466	Q0	1341327#0	1
4466	Q0	855813#2	0
4466	Q0	8777#26	0
4466	Q0	8777#34	0
4466	Q0	1913355#4	0
4466	Q0	1913355#6	0
4466	Q0	3467967#2	0
4466	Q0	284729#7	0
4466	Q0	1913355#5	0
4466	Q0	8777#71	0
4466	Q0	1913355#1	0
4466	Q0	1341327#5	0
4466	Q0	1341327#2	0
4467	Q0	1012310#3	1
4467	Q0	328229#35	0
4467	Q0	1012310#11	0
4467	Q0	1012310#10	0
4467	Q0	1012310#8	0
4467	Q0	1012310#6	0
4467	Q0	1012310#24	0
4467	Q0	1012310#19	0
4467	Q0	1012310#14	0
4467	Q0	146840#1	0
4468	Q0	299533#0	1
4468	Q0	299533#3	1
4468	Q0	1911088#1	0
4468	Q0	142227#0	0
4468	Q0	191113#0	0
4468	Q0	2125317#17	0
4468	Q0	1467852#1	0
4468	Q0	3425220#0	0
4468	Q0	582722#1	0
4468	Q0	228339#3	0
4469	Q0	3411486#4	1
4469	Q0	3411486#5	0
4469	Q0	3411486#0	0
4469	Q0	3411486#3	0
4469	Q0	3411486#11	0
4469	Q0	3886689#22	0
4469	Q0	3411486#14	0
4469	Q0	19196#37	0
4469	Q0	3411486#6	0
4469	Q0	3411486#9	0
4470	Q0	1662283#5	1
4470	Q0	1662283#11	0
4470	Q0	3010021#7	0
4470	Q0	3636345#1	0
4470	Q0	757920#0	0
4470	Q0	1662283#8	0
4470	Q0	357881#25	0
4470	Q0	1662283#7	0
4470	Q0	1737381#8	0
4470	Q0	2894180#6	0
4474	Q0	8601#0	1
4474	Q0	100#0	1
4474	Q0	3298312#0	1
4474	Q0	1037256#0	1
4474	Q0	2206548#0	1
4474	Q0	2866776#0	0
4474	Q0	3413142#0	0
4474	Q0	1739286#3	0
4474	Q0	50611#16	0
4474	Q0	9570#14	0
4475	Q0	1515901#0	1
4475	Q0	505190#5	0
4475	Q0	338665#1	0
4475	Q0	2565243#2	0
4475	Q0	2083193#1	0
4475	Q0	3289266#1	0
4475	Q0	3549426#1	0
4475	Q0	2236340#1	0
4475	Q0	1171563#1	0
4475	Q0	628959#1	0
4476	Q0	1914000#1	1
4476	Q0	170810#0	0
4476	Q0	171919#6	0
4476	Q0	1660896#7	0
4476	Q0	170810#3	0
4476	Q0	1908268#1	0
4476	Q0	185060#40	0
4476	Q0	1289265#14	0
4476	Q0	170810#2	0
4476	Q0	653724#5	0
4476	Q0	2058379#2	0
4480	Q0	291789#4	1
4480	Q0	291789#0	1
4480	Q0	3442092#0	0
4480	Q0	2161835#0	0
4480	Q0	2791272#1	0
4480	Q0	3004846#2	0
4480	Q0	1172404#1	0
4480	Q0	1253627#3	0
4480	Q0	1650864#1	0
4480	Q0	3877417#0	0
4482	Q0	35191#3	1
4482	Q0	35191#7	1
4482	Q0	35191#24	0
4482	Q0	35191#0	0
4482	Q0	35191#25	0
4482	Q0	35191#9	0
4482	Q0	44276#9	0
4482	Q0	263404#5	0
4482	Q0	139360#34	0
4482	Q0	142200#10	0
4483	Q0	2254796#0	1
4483	Q0	2254796#2	0
4483	Q0	2254796#25	0
4483	Q0	2254796#4	0
4483	Q0	2955239#1	0
4483	Q0	2254796#26	0
4483	Q0	2254796#27	0
4483	Q0	56851#5	0
4483	Q0	2254796#24	0
4483	Q0	2254936#0	0
4485	Q0	1424413#2	1
4485	Q0	1424413#0	0
4485	Q0	2361175#16	0
4485	Q0	89721#21	0
4485	Q0	1635419#13	0
4485	Q0	3280320#7	0
4485	Q0	2755516#3	0
4485	Q0	1424413#3	0
4485	Q0	1450987#0	0
4485	Q0	1635419#7	0
4487	Q0	2585583#15	1
4487	Q0	387684#18	1
4487	Q0	2585583#1	1
4487	Q0	2277172#1	0
4487	Q0	23765#23	0
4487	Q0	2585583#74	0
4487	Q0	2585583#94	0
4487	Q0	257607#2	0
4487	Q0	2585583#67	0
4487	Q0	2585583#70	0
4487	Q0	2585583#7	0
4488	Q0	59902#28	1
4488	Q0	3256941#2	1
4488	Q0	1568612#100	0
4488	Q0	3430120#2	0
4488	Q0	235114#1	0
4488	Q0	27912#28	0
4488	Q0	235114#2	0
4488	Q0	3256941#11	0
4488	Q0	12443#16	0
4488	Q0	25156#4	0
4488	Q0	25156#3	0
4489	Q0	338994#0	1
4489	Q0	338994#1	1
4489	Q0	291410#0	1
4489	Q0	48162#1	0
4489	Q0	338994#2	0
4489	Q0	338994#16	0
4489	Q0	338994#8	0
4489	Q0	338994#4	0
4489	Q0	338994#14	0
4489	Q0	338994#12	0
4492	Q0	1978671#15	1
4492	Q0	2004445#6	1
4492	Q0	2627991#0	0
4492	Q0	1999640#2	0
4492	Q0	3243222#0	0
4492	Q0	1653429#20	0
4492	Q0	3239534#4	0
4492	Q0	719373#4	0
4492	Q0	396440#12	0
4492	Q0	3210693#20	0
4494	Q0	2919034#0	1
4494	Q0	1454099#18	0
4494	Q0	2660912#3	0
4494	Q0	2919034#15	0
4494	Q0	1931588#2	0
4494	Q0	2919034#3	0
4494	Q0	2436344#0	0
4494	Q0	1454099#15	0
4494	Q0	1454099#21	0
4494	Q0	524517#2	0
4495	Q0	117743#8	1
4495	Q0	8385#3	1
4495	Q0	4533#6	1
4495	Q0	1625615#17	0
4495	Q0	1625615#13	0
4495	Q0	114384#20	0
4495	Q0	72732#18	0
4495	Q0	65363#17	0
4495	Q0	3415245#1	0
4495	Q0	334772#1	0
4496	Q0	3792753#0	1
4496	Q0	3010300#1	0
4496	Q0	3792753#1	0
4496	Q0	3139798#1	0
4496	Q0	2303232#0	0
4496	Q0	790025#0	0
4496	Q0	3140290#1	0
4496	Q0	2889375#0	0
4496	Q0	3750840#1	0
4496	Q0	3007587#1	0
4498	Q0	2722928#8	1
4498	Q0	2733151#1	0
4498	Q0	2094745#2	0
4498	Q0	2722928#10	0
4498	Q0	3872565#1	0
4498	Q0	1883688#1	0
4498	Q0	1076732#1	0
4498	Q0	1883607#1	0
4498	Q0	363059#1	0
4498	Q0	2722928#24	0
4499	Q0	28430#1	1
4499	Q0	53924#9	0
4499	Q0	2479693#7	0
4499	Q0	53924#10	0
4499	Q0	2479693#6	0
4499	Q0	2147210#2	0
4499	Q0	1558309#2	0
4499	Q0	53924#14	0
4499	Q0	1567081#9	0
4499	Q0	432236#1	0
4499	Q0	53924#7	0
4501	Q0	5149#10	1
4501	Q0	677049#3	0
4501	Q0	2345606#5	0
4501	Q0	677049#5	0
4501	Q0	2345606#1	0
4501	Q0	468958#5	0
4501	Q0	468958#0	0
4501	Q0	677049#1	0
4501	Q0	3295244#3	0
4501	Q0	5149#9	0
4502	Q0	95403#8	1
4502	Q0	857442#6	1
4502	Q0	857442#0	1
4502	Q0	2868893#6	0
4502	Q0	69027#3	0
4502	Q0	69033#15	0
4502	Q0	95403#42	0
4502	Q0	857442#4	0
4502	Q0	95403#12	0
4502	Q0	69027#7	0
4502	Q0	95403#47	0
4502	Q0	857442#3	0
4503	Q0	3847#0	1
4503	Q0	3847#2	1
4503	Q0	614600#0	1
4503	Q0	830745#8	0
4503	Q0	3564220#1	0
4503	Q0	3564220#20	0
4503	Q0	3564220#11	0
4503	Q0	896206#6	0
4503	Q0	253452#7	0
4503	Q0	3564220#12	0
4503	Q0	629619#2	0
4506	Q0	3395857#6	1
4506	Q0	3395857#3	0
4506	Q0	3395857#16	0
4506	Q0	3395857#46	0
4506	Q0	3395857#0	0
4506	Q0	3753377#0	0
4506	Q0	3395857#4	0
4506	Q0	3395857#8	0
4506	Q0	3395857#2	0
4506	Q0	3395857#37	0
4508	Q0	2846978#0	1
4508	Q0	2856944#2	0
4508	Q0	2856546#0	0
4508	Q0	2858382#0	0
4508	Q0	2846978#2	0
4508	Q0	2557556#5	0
4508	Q0	2860116#0	0
4508	Q0	2838788#0	0
4508	Q0	2838788#20	0
4508	Q0	2856546#6	0
4509	Q0	99918#2	1
4509	Q0	99918#0	1
4509	Q0	3259#35	1
4509	Q0	99918#5	0
4509	Q0	320321#3	0
4509	Q0	99918#16	0
4509	Q0	99918#8	0
4509	Q0	3748553#3	0
4509	Q0	99918#3	0
4509	Q0	749203#1	0
4509	Q0	636184#2	0
4510	Q0	8430#0	1
4510	Q0	85987#1	0
4510	Q0	29439#4	0
4510	Q0	108501#1	0
4510	Q0	1118700#0	0
4510	Q0	1118688#0	0
4510	Q0	1671229#2	0
4510	Q0	1452136#2	0
4510	Q0	3195637#1	0
4510	Q0	8430#3	0
4512	Q0	72625#0	1
4512	Q0	2597137#1	1
4512	Q0	72625#38	1
4512	Q0	72625#4	0
4512	Q0	3800848#0	0
4512	Q0	603174#1	0
4512	Q0	72625#5	0
4512	Q0	999669#0	0
4512	Q0	72625#18	0
4512	Q0	1491807#1	0
4513	Q0	4435#0	1
4513	Q0	23933#1	1
4513	Q0	2819526#14	0
4513	Q0	1177247#2	0
4513	Q0	340129#2	0
4513	Q0	1414692#3	0
4513	Q0	1883052#1	0
4513	Q0	2714103#0	0
4513	Q0	1736073#6	0
4513	Q0	56995#30	0
4513	Q0	3108582#2	0
4514	Q0	2761242#13	1
4514	Q0	2761242#2	1
4514	Q0	2761242#18	1
4514	Q0	2761242#21	1
4514	Q0	2761242#12	0
4514	Q0	2761242#0	0
4514	Q0	2761242#5	0
4514	Q0	2761242#1	0
4514	Q0	2761242#22	0
4514	Q0	2761242#7	0
4515	Q0	1914054#1	1
4515	Q0	1914054#0	1
4515	Q0	1914054#7	0
4515	Q0	1914054#22	0
4515	Q0	1914054#10	0
4515	Q0	1914054#28	0
4515	Q0	1914054#3	0
4515	Q0	1914054#31	0
4515	Q0	1914054#32	0
4515	Q0	1914054#17	0
4516	Q0	720#0	1
4516	Q0	768388#0	0
4516	Q0	1538045#0	0
4516	Q0	256340#0	0
4516	Q0	2513920#0	0
4516	Q0	2425799#1	0
4516	Q0	2994224#0	0
4516	Q0	344603#0	0
4516	Q0	1714871#0	0
4516	Q0	945627#0	0
4517	Q0	203639#0	1
4517	Q0	203639#1	0
4517	Q0	3693210#0	0
4517	Q0	2772942#0	0
4517	Q0	3845806#0	0
4517	Q0	2966620#0	0
4517	Q0	3317464#0	0
4517	Q0	2705073#0	0
4517	Q0	2228212#0	0
4517	Q0	3154824#20	0
4520	Q0	3884349#2	1
4520	Q0	3884349#0	1
4520	Q0	3884349#8	0
4520	Q0	3884349#6	0
4520	Q0	1014269#0	0
4520	Q0	3884349#16	0
4520	Q0	3884349#10	0
4520	Q0	3884349#7	0
4520	Q0	3884349#9	0
4520	Q0	3884349#11	0
4521	Q0	554519#1	1
4521	Q0	43834#6	1
4521	Q0	178706#4	1
4521	Q0	314332#0	1
4521	Q0	206622#0	1
4521	Q0	166967#0	0
4521	Q0	112948#1	0
4521	Q0	2090299#0	0
4521	Q0	1306161#3	0
4521	Q0	112948#0	0
4522	Q0	2804087#6	1
4522	Q0	868579#0	1
4522	Q0	3031133#0	0
4522	Q0	1542018#49	0
4522	Q0	1395617#1	0
4522	Q0	2167040#12	0
4522	Q0	321565#0	0
4522	Q0	321565#3	0
4522	Q0	1753622#1	0
4522	Q0	2087441#3	0
4524	Q0	3799358#4	1
4524	Q0	3799358#14	0
4524	Q0	3799358#6	0
4524	Q0	3799358#0	0
4524	Q0	3799358#5	0
4524	Q0	2608011#9	0
4524	Q0	3799358#2	0
4524	Q0	3799358#8	0
4524	Q0	3799358#12	0
4524	Q0	93937#50	0
4525	Q0	400348#0	1
4525	Q0	3283659#1	0
4525	Q0	1414819#0	0
4525	Q0	3447055#1	0
4525	Q0	2699796#33	0
4525	Q0	3291261#1	0
4525	Q0	1324556#26	0
4525	Q0	195765#6	0
4525	Q0	1275087#3	0
4525	Q0	129316#4	0
4526	Q0	1563481#11	1
4526	Q0	341764#14	1
4526	Q0	341764#0	0
4526	Q0	341764#21	0
4526	Q0	341764#15	0
4526	Q0	341764#2	0
4526	Q0	341764#4	0
4526	Q0	341764#19	0
4526	Q0	341764#24	0
4526	Q0	341764#25	0
4526	Q0	341764#41	0
4527	Q0	951127#3	1
4527	Q0	10402#3	1
4527	Q0	20245#99	0
4527	Q0	20245#103	0
4527	Q0	1402207#0	0
4527	Q0	2438976#1	0
4527	Q0	1059059#0	0
4527	Q0	10402#10	0
4527	Q0	707951#3	0
4527	Q0	10402#16	0
4527	Q0	1265277#0	0
4528	Q0	188467#7	1
4528	Q0	486958#30	0
4528	Q0	2120876#10	0
4528	Q0	2599216#3	0
4528	Q0	21382#22	0
4528	Q0	339486#20	0
4528	Q0	177337#6	0
4528	Q0	487433#16	0
4528	Q0	487406#29	0
4528	Q0	2599216#5	0
4528	Q0	55523#18	0
4529	Q0	40090#0	1
4529	Q0	606940#0	1
4529	Q0	40090#7	0
4529	Q0	40090#37	0
4529	Q0	40090#31	0
4529	Q0	40090#23	0
4529	Q0	40090#53	0
4529	Q0	40090#5	0
4529	Q0	40090#8	0
4529	Q0	40090#56	0
4530	Q0	493258#23	1
4530	Q0	15931#7	1
4530	Q0	15931#8	1
4530	Q0	149460#4	1
4530	Q0	134039#29	0
4530	Q0	491566#22	0
4530	Q0	212057#1	0
4530	Q0	15931#6	0
4530	Q0	134039#6	0
4530	Q0	3722633#8	0
4531	Q0	1948695#0	1
4531	Q0	1948695#1	0
4531	Q0	98156#17	0
4531	Q0	1948695#4	0
4531	Q0	1948695#2	0
4531	Q0	83770#4	0
4531	Q0	3699687#0	0
4531	Q0	2080337#13	0
4531	Q0	337509#1	0
4531	Q0	3061059#1	0
4533	Q0	276457#8	1
4533	Q0	1874976#8	0
4533	Q0	276457#39	0
4533	Q0	276457#27	0
4533	Q0	276457#35	0
4533	Q0	276457#24	0
4533	Q0	276457#16	0
4533	Q0	276457#19	0
4533	Q0	1698562#2	0
4533	Q0	276457#26	0
4533	Q0	1552363#3	0
4534	Q0	359907#1	1
4534	Q0	57619#0	1
4534	Q0	57626#25	1
4534	Q0	57626#24	0
4534	Q0	57626#26	0
4534	Q0	57619#6	0
4534	Q0	57626#0	0
4534	Q0	57626#2	0
4534	Q0	57626#1	0
4534	Q0	57619#7	0
4534	Q0	896786#5	0
4535	Q0	2454439#0	1
4535	Q0	2454439#3	1
4535	Q0	16944#0	1
4535	Q0	2454439#2	0
4535	Q0	2454439#15	0
4535	Q0	16944#25	0
4535	Q0	16944#24	0
4535	Q0	2454439#9	0
4535	Q0	2454439#4	0
4535	Q0	2454439#12	0
4536	Q0	62194#33	1
4536	Q0	183349#4	1
4536	Q0	287134#31	0
4536	Q0	62194#11	0
4536	Q0	62194#34	0
4536	Q0	6554#2	0
4536	Q0	739685#1	0
4536	Q0	183349#0	0
4536	Q0	62194#35	0
4536	Q0	183349#3	0
4539	Q0	1318703#4	1
4539	Q0	1318703#0	1
4539	Q0	1318703#17	0
4539	Q0	1318703#3	0
4539	Q0	1318703#16	0
4539	Q0	1318703#2	0
4539	Q0	1318703#5	0
4539	Q0	1318703#6	0
4539	Q0	1318703#1	0
4539	Q0	1318703#15	0
4540	Q0	359820#9	1
4540	Q0	116831#3	1
4540	Q0	116831#22	0
4540	Q0	262017#3	0
4540	Q0	978827#1	0
4540	Q0	394507#4	0
4540	Q0	303524#3	0
4540	Q0	185805#1	0
4540	Q0	116831#1	0
4540	Q0	393489#1	0
4541	Q0	1480831#20	1
4541	Q0	1480831#0	0
4541	Q0	1480831#67	0
4541	Q0	1480831#22	0
4541	Q0	1480831#61	0
4541	Q0	1480831#55	0
4541	Q0	1480831#31	0
4541	Q0	1480831#43	0
4541	Q0	1480831#52	0
4541	Q0	7026#3	0
4541	Q0	1480831#29	0
4542	Q0	1141404#1	1
4542	Q0	1141404#0	0
4542	Q0	1141404#3	0
4542	Q0	1141404#28	0
4542	Q0	805652#10	0
4542	Q0	1141404#15	0
4542	Q0	1141404#4	0
4542	Q0	1141404#7	0
4542	Q0	1141404#5	0
4542	Q0	805652#11	0
4543	Q0	3034165#5	1
4543	Q0	3034165#3	0
4543	Q0	3034165#0	0
4543	Q0	3034165#1	0
4543	Q0	3034165#18	0
4543	Q0	3034165#30	0
4543	Q0	3416221#6	0
4543	Q0	3034165#49	0
4543	Q0	3034165#39	0
4543	Q0	2811207#6	0
4544	Q0	8575#5	1
4544	Q0	8575#0	1
4544	Q0	8575#13	0
4544	Q0	8575#24	0
4544	Q0	8575#46	0
4544	Q0	8575#7	0
4544	Q0	8575#25	0
4544	Q0	8575#54	0
4544	Q0	8575#19	0
4544	Q0	8575#10	0
4545	Q0	1934351#2	1
4545	Q0	1934351#21	1
4545	Q0	1934351#0	0
4545	Q0	1934351#1	0
4545	Q0	1934351#25	0
4545	Q0	1934351#3	0
4545	Q0	1934351#26	0
4545	Q0	1934351#4	0
4545	Q0	97287#0	0
4545	Q0	1934351#52	0
4547	Q0	190051#1	1
4547	Q0	1672#2	1
4547	Q0	2549541#0	0
4547	Q0	190051#5	0
4547	Q0	190051#11	0
4547	Q0	946020#1	0
4547	Q0	2549541#1	0
4547	Q0	1108916#8	0
4547	Q0	3888608#3	0
4547	Q0	190051#3	0
4549	Q0	3545559#1	1
4549	Q0	3542707#1	1
4549	Q0	311878#0	0
4549	Q0	311878#2	0
4549	Q0	3542289#1	0
4549	Q0	3542289#13	0
4549	Q0	6122#0	0
4549	Q0	3542289#11	0
4549	Q0	2023460#4	0
4549	Q0	311878#5	0
4550	Q0	3296#65	1
4550	Q0	3296#0	1
4550	Q0	1128009#1	0
4550	Q0	3296#15	0
4550	Q0	2874134#22	0
4550	Q0	974074#46	0
4550	Q0	1730243#0	0
4550	Q0	3296#22	0
4550	Q0	930950#7	0
4550	Q0	3827414#5	0
4550	Q0	2874134#0	0
4551	Q0	3544960#0	1
4551	Q0	3544960#1	0
4551	Q0	1922798#3	0
4551	Q0	45806#1	0
4551	Q0	2928620#1	0
4551	Q0	3544960#4	0
4551	Q0	3544960#5	0
4551	Q0	1951923#1	0
4551	Q0	991574#1	0
4551	Q0	3225520#1	0
4552	Q0	138208#1	1
4552	Q0	45216#34	0
4552	Q0	138208#5	0
4552	Q0	3689351#1	0
4552	Q0	300096#3	0
4552	Q0	138208#20	0
4552	Q0	324429#28	0
4552	Q0	300096#5	0
4552	Q0	1080648#4	0
4552	Q0	138208#2	0
4553	Q0	151336#0	1
4553	Q0	870911#1	0
4553	Q0	496293#1	0
4553	Q0	236289#1	0
4553	Q0	504227#1	0
4553	Q0	49826#4	0
4553	Q0	2612875#8	0
4553	Q0	151336#7	0
4553	Q0	151336#2	0
4553	Q0	245601#1	0
4554	Q0	833251#0	1
4554	Q0	833251#4	0
4554	Q0	833251#11	0
4554	Q0	2819184#6	0
4554	Q0	259574#4	0
4554	Q0	3349352#7	0
4554	Q0	3261497#6	0
4554	Q0	3351839#4	0
4554	Q0	3616868#4	0
4554	Q0	3641101#1	0
4555	Q0	386567#7	1
4555	Q0	144039#2	0
4555	Q0	2639228#9	0
4555	Q0	1595581#1	0
4555	Q0	386567#0	0
4555	Q0	1569870#2	0
4555	Q0	1922708#2	0
4555	Q0	2426181#18	0
4555	Q0	518449#16	0
4555	Q0	386567#9	0
4556	Q0	260536#7	1
4556	Q0	120007#1	1
4556	Q0	386296#0	1
4556	Q0	23855#17	0
4556	Q0	2041091#12	0
4556	Q0	386296#1	0
4556	Q0	2697273#20	0
4556	Q0	2697273#16	0
4556	Q0	120007#14	0
4556	Q0	2306042#6	0
4556	Q0	23855#83	0
4557	Q0	497109#0	1
4557	Q0	1412565#0	1
4557	Q0	2546555#2	1
4557	Q0	497109#12	0
4557	Q0	1046886#0	0
4557	Q0	1525668#0	0
4557	Q0	2350448#2	0
4557	Q0	1412565#45	0
4557	Q0	497109#3	0
4557	Q0	715794#1	0
4557	Q0	497109#1	0
4558	Q0	1577303#2	1
4558	Q0	1577303#119	0
4558	Q0	849209#2	0
4558	Q0	86419#18	0
4558	Q0	1577303#118	0
4558	Q0	1577303#78	0
4558	Q0	1577303#61	0
4558	Q0	374431#9	0
4558	Q0	1090378#16	0
4558	Q0	1577303#65	0
4558	Q0	542233#3	0
4559	Q0	3304178#1	1
4559	Q0	2600569#61	1
4559	Q0	15878#60	1
4559	Q0	496368#23	1
4559	Q0	255660#2	1
4559	Q0	379831#2	1
4559	Q0	15878#1	1
4559	Q0	3304706#1	0
4559	Q0	441232#9	0
4559	Q0	3602039#1	0
4559	Q0	1770277#5	0
4560	Q0	162242#0	1
4560	Q0	1859558#2	0
4560	Q0	162242#1	0
4560	Q0	655#8	0
4560	Q0	3519052#0	0
4560	Q0	162242#2	0
4560	Q0	63671#0	0
4560	Q0	162242#9	0
4560	Q0	298409#1	0
4560	Q0	162242#3	0
4562	Q0	2251966#4	1
4562	Q0	1797800#4	1
4562	Q0	1797800#16	1
4562	Q0	1545413#4	0
4562	Q0	1566845#3	0
4562	Q0	1797800#91	0
4562	Q0	1797800#59	0
4562	Q0	1995754#11	0
4562	Q0	3128726#250	0
4562	Q0	1797800#93	0
4562	Q0	1797800#1	0
4563	Q0	3037579#9	1
4563	Q0	623932#3	0
4563	Q0	623932#1	0
4563	Q0	623932#2	0
4563	Q0	1639784#1	0
4563	Q0	69128#4	0
4563	Q0	3234787#1	0
4563	Q0	2162822#3	0
4563	Q0	528006#5	0
4563	Q0	3131376#2	0
4564	Q0	2600740#24	1
4564	Q0	2316959#0	1
4564	Q0	2313483#0	1
4564	Q0	2313483#4	0
4564	Q0	2313483#45	0
4564	Q0	2316959#1	0
4564	Q0	2316959#39	0
4564	Q0	511012#3	0
4564	Q0	2316959#32	0
4564	Q0	2313483#47	0
4565	Q0	3260530#0	1
4565	Q0	3260530#8	0
4565	Q0	3260530#11	0
4565	Q0	3260530#6	0
4565	Q0	3260530#4	0
4565	Q0	3260530#13	0
4565	Q0	3195188#4	0
4565	Q0	3260530#9	0
4565	Q0	3260530#24	0
4565	Q0	3260530#1	0
4566	Q0	12983#2	1
4566	Q0	1543045#0	1
4566	Q0	12983#4	0
4566	Q0	2217731#0	0
4566	Q0	14987#1	0
4566	Q0	2401165#0	0
4566	Q0	640873#1	0
4566	Q0	1171411#1	0
4566	Q0	174220#2	0
4566	Q0	369712#1	0
4568	Q0	6665#0	1
4568	Q0	3524005#5	0
4568	Q0	504292#0	0
4568	Q0	3597#25	0
4568	Q0	744573#2	0
4568	Q0	6665#14	0
4568	Q0	6665#1	0
4568	Q0	744573#6	0
4568	Q0	6665#6	0
4568	Q0	2279152#1	0
4570	Q0	257590#0	1
4570	Q0	257590#49	0
4570	Q0	5171#0	0
4570	Q0	2768686#10	0
4570	Q0	27974#31	0
4570	Q0	8424#10	0
4570	Q0	6956#37	0
4570	Q0	257590#1	0
4570	Q0	3113305#0	0
4570	Q0	6976#32	0
4572	Q0	201614#14	1
4572	Q0	406902#2	1
4572	Q0	2701845#1	0
4572	Q0	821488#5	0
4572	Q0	3809379#3	0
4572	Q0	704585#3	0
4572	Q0	101319#7	0
4572	Q0	3498502#2	0
4572	Q0	19750#2	0
4572	Q0	215426#1	0
4573	Q0	125836#1	1
4573	Q0	571087#1	0
4573	Q0	9416#88	0
4573	Q0	9415#6	0
4573	Q0	9416#87	0
4573	Q0	125836#11	0
4573	Q0	570596#8	0
4573	Q0	145954#3	0
4573	Q0	2880001#2	0
4573	Q0	145954#24	0
4575	Q0	378155#17	1
4575	Q0	378155#5	1
4575	Q0	378155#2	1
4575	Q0	378155#15	0
4575	Q0	2771647#10	0
4575	Q0	378155#4	0
4575	Q0	2771647#9	0
4575	Q0	378155#122	0
4575	Q0	2639444#1	0
4575	Q0	378155#103	0
4576	Q0	233985#0	1
4576	Q0	2415#0	0
4576	Q0	66607#11	0
4576	Q0	2415#43	0
4576	Q0	2415#30	0
4576	Q0	3194#9	0
4576	Q0	2415#19	0
4576	Q0	2411#14	0
4576	Q0	2415#23	0
4576	Q0	864891#21	0
4576	Q0	2415#35	0
4577	Q0	252975#0	1
4577	Q0	3701709#0	0
4577	Q0	2567535#4	0
4577	Q0	47504#228	0
4577	Q0	3701709#6	0
4577	Q0	47504#8	0
4577	Q0	3240908#0	0
4577	Q0	252975#2	0
4577	Q0	47504#129	0
4577	Q0	47504#188	0
4578	Q0	52819#2	1
4578	Q0	3741787#1	1
4578	Q0	52782#5	0
4578	Q0	52782#63	0
4578	Q0	52782#6	0
4578	Q0	203202#1	0
4578	Q0	9431#2	0
4578	Q0	753224#1	0
4578	Q0	52803#4	0
4578	Q0	2463720#1	0
4581	Q0	434957#5	1
4581	Q0	3682176#3	1
4581	Q0	290109#23	0
4581	Q0	672789#6	0
4581	Q0	434957#56	0
4581	Q0	210935#4	0
4581	Q0	329718#0	0
4581	Q0	434957#1	0
4581	Q0	297670#1	0
4581	Q0	718715#0	0
4582	Q0	52782#5	1
4582	Q0	52782#0	1
4582	Q0	52803#4	0
4582	Q0	52782#63	0
4582	Q0	52794#3	0
4582	Q0	52782#56	0
4582	Q0	52803#10	0
4582	Q0	52782#74	0
4582	Q0	52794#7	0
4582	Q0	52782#6	0
4583	Q0	372573#2	1
4583	Q0	537319#2	1
4583	Q0	372573#17	1
4583	Q0	372573#0	0
4583	Q0	372573#23	0
4583	Q0	372573#6	0
4583	Q0	372573#8	0
4583	Q0	372573#20	0
4583	Q0	372573#67	0
4583	Q0	372573#10	0
4583	Q0	372573#11	0
4584	Q0	1912724#1	1
4584	Q0	1912724#24	0
4584	Q0	1912724#4	0
4584	Q0	1912724#33	0
4584	Q0	1912724#16	0
4584	Q0	1912724#22	0
4584	Q0	1912724#15	0
4584	Q0	3881824#8	0
4584	Q0	1912724#25	0
4584	Q0	1912724#12	0
4585	Q0	3369684#0	1
4585	Q0	3369684#17	0
4585	Q0	3369684#10	0
4585	Q0	3369684#19	0
4585	Q0	3369684#14	0
4585	Q0	3369684#18	0
4585	Q0	3369684#21	0
4585	Q0	3369684#16	0
4585	Q0	3369684#15	0
4585	Q0	3369684#7	0
4586	Q0	1698878#20	1
4586	Q0	23852#0	0
4586	Q0	314146#0	0
4586	Q0	1439188#1	0
4586	Q0	314146#6	0
4586	Q0	23852#6	0
4586	Q0	144964#47	0
4586	Q0	65327#51	0
4586	Q0	2380284#15	0
4586	Q0	80641#13	0
4586	Q0	1542018#49	0
4590	Q0	780981#2	1
4590	Q0	3032170#1	1
4590	Q0	955753#2	0
4590	Q0	3032170#15	0
4590	Q0	1113#78	0
4590	Q0	2756160#3	0
4590	Q0	3032170#6	0
4590	Q0	3032170#17	0
4590	Q0	2520631#0	0
4590	Q0	955745#2	0
4591	Q0	1603263#1	1
4591	Q0	1760414#1	0
4591	Q0	237984#1	0
4591	Q0	1603263#0	0
4591	Q0	660720#1	0
4591	Q0	3108640#1	0
4591	Q0	102424#1	0
4591	Q0	180093#1	0
4591	Q0	4008#8	0
4591	Q0	375306#2	0
4593	Q0	1602022#2	1
4593	Q0	182893#1	0
4593	Q0	1671462#30	0
4593	Q0	208043#9	0
4593	Q0	59408#1	0
4593	Q0	208043#47	0
4593	Q0	2853468#0	0
4593	Q0	208043#1	0
4593	Q0	182893#11	0
4593	Q0	208111#13	0
4593	Q0	208043#0	0
4593	Q0	208043#61	0
4594	Q0	150159#7	1
4594	Q0	150159#18	1
4594	Q0	150159#1	1
4594	Q0	150159#16	1
4594	Q0	150159#6	1
4594	Q0	150159#23	1
4594	Q0	150159#12	1
4594	Q0	150159#0	0
4594	Q0	150159#9	0
4594	Q0	150159#14	0
4597	Q0	3344906#17	1
4597	Q0	3344906#0	1
4597	Q0	3344906#1	1
4597	Q0	3344906#5	0
4597	Q0	3344906#14	0
4597	Q0	1406482#6	0
4597	Q0	3344906#6	0
4597	Q0	3344906#3	0
4597	Q0	3344906#16	0
4597	Q0	3344906#9	0
4598	Q0	2350448#2	1
4598	Q0	497109#3	0
4598	Q0	497109#12	0
4598	Q0	2350448#5	0
4598	Q0	1931590#0	0
4598	Q0	497109#2	0
4598	Q0	3753121#0	0
4598	Q0	391513#0	0
4598	Q0	1046886#0	0
4598	Q0	150491#3	0
4599	Q0	1239339#1	1
4599	Q0	1239339#14	0
4599	Q0	1239339#23	0
4599	Q0	2190262#37	0
4599	Q0	1455935#49	0
4599	Q0	2565972#2	0
4599	Q0	751427#8	0
4599	Q0	1239339#8	0
4599	Q0	1239339#24	0
4599	Q0	1239339#29	0
4600	Q0	2976479#3	1
4600	Q0	2976479#5	0
4600	Q0	2976479#19	0
4600	Q0	2976479#4	0
4600	Q0	2976479#14	0
4600	Q0	2976479#18	0
4600	Q0	2976479#15	0
4600	Q0	2976479#12	0
4600	Q0	2976479#7	0
4600	Q0	2976479#0	0
4601	Q0	57548#10	1
4601	Q0	128748#2	0
4601	Q0	3019262#2	0
4601	Q0	1195814#10	0
4601	Q0	194504#34	0
4601	Q0	4753#27	0
4601	Q0	2446216#2	0
4601	Q0	1325114#6	0
4601	Q0	3773269#2	0
4601	Q0	2821900#20	0
4601	Q0	436105#1	0
4602	Q0	1120735#8	1
4602	Q0	1120735#0	0
4602	Q0	1120735#9	0
4602	Q0	1120735#3	0
4602	Q0	1120735#40	0
4602	Q0	1120735#1	0
4602	Q0	1120735#5	0
4602	Q0	3371558#8	0
4602	Q0	837251#3	0
4602	Q0	1120735#55	0
4603	Q0	2022546#3	1
4603	Q0	2022546#6	0
4603	Q0	317556#1	0
4603	Q0	1206346#2	0
4603	Q0	2022546#16	0
4603	Q0	2022546#19	0
4603	Q0	2721142#1	0
4603	Q0	2453823#1	0
4603	Q0	1320438#1	0
4603	Q0	2022546#4	0
4604	Q0	1427691#5	1
4604	Q0	1427691#0	0
4604	Q0	1427691#20	0
4604	Q0	1427691#2	0
4604	Q0	1427691#15	0
4604	Q0	1427691#18	0
4604	Q0	1427691#6	0
4604	Q0	1388296#18	0
4604	Q0	1427691#13	0
4604	Q0	1427691#12	0
4605	Q0	60036#0	1
4605	Q0	60036#5	1
4605	Q0	60036#9	0
4605	Q0	60036#20	0
4605	Q0	60036#10	0
4605	Q0	60036#11	0
4605	Q0	60036#7	0
4605	Q0	60036#24	0
4605	Q0	31315#2	0
4605	Q0	113981#6	0
4606	Q0	39284#2	1
4606	Q0	25061#0	0
4606	Q0	662205#4	0
4606	Q0	25061#30	0
4606	Q0	3480101#9	0
4606	Q0	25061#15	0
4606	Q0	3555566#61	0
4606	Q0	3555566#0	0
4606	Q0	3555566#5	0
4606	Q0	33892#10	0
4606	Q0	3555566#2	0
4610	Q0	23858#4	1
4610	Q0	3870913#0	0
4610	Q0	23858#0	0
4610	Q0	1625615#15	0
4610	Q0	242339#12	0
4610	Q0	86599#1	0
4610	Q0	3414#9	0
4610	Q0	3776919#18	0
4610	Q0	414116#5	0
4610	Q0	3424#5	0
4611	Q0	3776919#18	1
4611	Q0	3776919#15	1
4611	Q0	3776919#1	1
4611	Q0	3776919#17	1
4611	Q0	3776919#12	0
4611	Q0	3776919#0	0
4611	Q0	3776919#16	0
4611	Q0	3776919#14	0
4611	Q0	3776919#23	0
4611	Q0	3776919#11	0
4612	Q0	3542920#1	1
4612	Q0	78756#15	1
4612	Q0	3542471#0	0
4612	Q0	3542920#0	0
4612	Q0	3542471#36	0
4612	Q0	3542471#3	0
4612	Q0	3542471#28	0
4612	Q0	3542471#25	0
4612	Q0	263517#0	0
4612	Q0	3542471#11	0
4613	Q0	103896#3	1
4613	Q0	206772#14	0
4613	Q0	2173#73	0
4613	Q0	61148#18	0
4613	Q0	7090#21	0
4613	Q0	20238#9	0
4613	Q0	493258#23	0
4613	Q0	18916#13	0
4613	Q0	2959043#0	0
4613	Q0	1465811#7	0
4613	Q0	2173#20	0
4614	Q0	988302#0	1
4614	Q0	988302#6	1
4614	Q0	1607313#5	1
4614	Q0	988302#9	0
4614	Q0	44505#21	0
4614	Q0	2053628#17	0
4614	Q0	3617963#5	0
4614	Q0	54081#70	0
4614	Q0	988302#8	0
4614	Q0	988302#2	0
4616	Q0	27682#6	1
4616	Q0	1088189#17	0
4616	Q0	1064809#0	0
4616	Q0	27682#14	0
4616	Q0	1383069#20	0
4616	Q0	1167016#9	0
4616	Q0	1049867#1	0
4616	Q0	1777390#42	0
4616	Q0	626421#3	0
4616	Q0	233125#25	0
4616	Q0	719783#1	0
4617	Q0	1429200#1	1
4617	Q0	1929594#7	0
4617	Q0	2599710#13	0
4617	Q0	1241842#6	0
4617	Q0	2614686#35	0
4617	Q0	1429200#10	0
4617	Q0	1429200#2	0
4617	Q0	1984128#22	0
4617	Q0	1429200#5	0
4617	Q0	1241842#4	0
4617	Q0	1429200#4	0
4618	Q0	2422541#2	1
4618	Q0	2422541#0	1
4618	Q0	582246#0	1
4618	Q0	1276626#4	0
4618	Q0	528160#0	0
4618	Q0	2905555#35	0
4618	Q0	931028#2	0
4618	Q0	174303#77	0
4618	Q0	526007#11	0
4618	Q0	1980586#2	0
4618	Q0	414302#3	0
4619	Q0	1369623#1	1
4619	Q0	1369623#22	0
4619	Q0	1369623#23	0
4619	Q0	1369623#0	0
4619	Q0	1369623#5	0
4619	Q0	1369623#34	0
4619	Q0	463926#0	0
4619	Q0	1369623#33	0
4619	Q0	1369623#29	0
4619	Q0	463926#7	0
4620	Q0	247#0	1
4620	Q0	247#12	0
4620	Q0	1080674#0	0
4620	Q0	915745#1	0
4620	Q0	1080674#1	0
4620	Q0	55113#2	0
4620	Q0	2614765#1	0
4620	Q0	253968#1	0
4620	Q0	1300230#1	0
4620	Q0	484416#1	0
4621	Q0	2742072#9	1
4621	Q0	55201#1	1
4621	Q0	817155#0	1
4621	Q0	55201#39	1
4621	Q0	1680294#0	1
4621	Q0	3272926#2	1
4621	Q0	2072169#5	0
4621	Q0	3312260#3	0
4621	Q0	2847763#2	0
4621	Q0	1983505#21	0
4622	Q0	255001#0	1
4622	Q0	255001#1	0
4622	Q0	3707566#4	0
4622	Q0	2707482#2	0
4622	Q0	3036019#3	0
4622	Q0	834186#5	0
4622	Q0	1101423#1	0
4622	Q0	1428962#1	0
4622	Q0	3249410#1	0
4622	Q0	350916#1	0
4623	Q0	19787#0	1
4623	Q0	119873#2	0
4623	Q0	3411299#0	0
4623	Q0	40650#5	0
4623	Q0	11342#11	0
4623	Q0	3492738#5	0
4623	Q0	341827#10	0
4623	Q0	1661801#2	0
4623	Q0	1661801#47	0
4623	Q0	1446668#2	0
4623	Q0	434#35	0
4624	Q0	1275#11	1
4624	Q0	31480#0	1
4624	Q0	147135#5	0
4624	Q0	2733307#0	0
4624	Q0	1931258#5	0
4624	Q0	1959151#2	0
4624	Q0	2841002#4	0
4624	Q0	3721626#39	0
4624	Q0	2610177#6	0
4624	Q0	2767481#2	0
4624	Q0	2792080#7	0
4626	Q0	2016#30	1
4626	Q0	8205#2	1
4626	Q0	8205#19	0
4626	Q0	848639#21	0
4626	Q0	2901503#3	0
4626	Q0	8205#8	0
4626	Q0	8205#10	0
4626	Q0	94646#1	0
4626	Q0	8205#27	0
4626	Q0	3372742#17	0
4627	Q0	1797601#1	1
4627	Q0	2232263#3	1
4627	Q0	520728#1	1
4627	Q0	1127255#3	0
4627	Q0	1485658#7	0
4627	Q0	1797601#4	0
4627	Q0	3121933#0	0
4627	Q0	1797601#2	0
4627	Q0	1871607#46	0
4627	Q0	65968#19	0
4628	Q0	262147#0	1
4628	Q0	262147#1	0
4628	Q0	262147#3	0
4628	Q0	3338739#0	0
4628	Q0	262147#2	0
4628	Q0	360299#0	0
4628	Q0	360299#1	0
4628	Q0	3896891#1	0
4628	Q0	3337576#1	0
4628	Q0	49280#1	0
4630	Q0	28677#2	1
4630	Q0	1921402#1	0
4630	Q0	3203319#7	0
4630	Q0	263487#1	0
4630	Q0	65143#1	0
4630	Q0	253699#1	0
4630	Q0	2651817#1	0
4630	Q0	1533277#1	0
4630	Q0	10531#1	0
4630	Q0	3846925#1	0
