1	ما هي المسألة الشرقية ؟
2	كم تبعد بيت لحم على القدس؟
3	متى ظهرت جماعة الاخوان المسلمين في سوريا؟
5	ما هي ضريبة الدخل ؟
6	ماهي وظيفة الهايبوثالامس ؟
7	متى بدأت سياسة الطفل الواحد في الصين؟
8	ما هو الدوبامين ؟
10	متى نشأ حزب العمال الكردستاني؟
11	متى تولى البابا فرنسيس المنصب؟
12	ماهو الأمن البشري ؟
13	ما هي درجة حموضة التربة؟
14	أين يقع نهر سانت لورانس؟
15	كم يبلغ ارتقاع مأذنة مسجد الحسن الثاني؟
16	ما هي حساسية الجلوتين؟
17	أين وقعت معركة المنصورة؟
18	ما هي اللغة الرسمية في إمارة أندورا؟
19	متى ولد  المغني دكتور دري؟
20	هل يمكن ان ينقل البعوض الامراض ؟
22	في أي عام توفي العالم هايزنبيرغ؟
23	أين تقع منظمة حقوق الإنسان؟
24	هل دمرت القنبلة الذرية مدينة هيروشيما؟
25	ما هي الهندسة الداخلية؟
26	من هو مؤسس الاحمدية؟
27	ما هو الأرخبيل ؟
28	ما مساحة قطاع بولندا ؟
33	ما هي القومية التي تشكل غالبية سكان محافظة دياربكر؟
36	متى تأسست أكاديمية التنمية التعليمية؟
37	متى وقع انقلاب أديب الشيشكلي في سوريا؟
38	ما هي المسافة بين مكّة و المدينة؟
39	أين تقع أفغانيستان ؟
40	من هو مبعوث الامم المتحدة إلى سوريا ؟
41	متى ولد تشارلز داروين ؟
43	متى تم انتاج اول محرك نفاث؟
44	من هو امل دنقل ؟
45	أين تقع بلدة شونينغن؟
46	متى عاش بريمو دي ريفيرا؟
48	متى تأسس إتحاد كأس العالم لكرة القدم ؟
49	من هو مؤسس الفكر العلماني ؟
50	في أي عام تم إسقاط القنبلة النووية علي مدينة هيروشيما ؟
51	ماهي الدول المجاورة لي بلغاريا؟
53	كم طول السواحل الأردنية؟
54	متى تأسست شركة إرماتشي الإيطالية؟
55	ما نسبة المسيحيين في  التشيك؟
56	ما هي المدرسة الطبيعية ؟
58	ماهو أكبر الشرايين حجما ًفي جسم الإنسان؟
59	أين تقع الغدة الزعترية؟
61	ماهي مساحة  الـجمهورية البولندية؟
62	متى حصل ثيودور روزفلت على جائزة نوبل للسلام؟
63	ما هو الجهاز الهضمي ؟
64	ما هي الديانة الصابئية؟
66	متى تم انفصال سوريا و مصر ؟
68	هل رسالة بطرس الثانية هي أحد أسفار العهد الجديد؟
69	متى تم تهجير يهود اليمن الى اسرائيل ؟
71	هل يسبب نقص فيتامين K خلل في تخثر الدم؟
72	ما هي عاصمة تيمور الشرقية؟
74	متى ولدة فراوكه بيتري ؟
75	تحت سيطرة من كانت الشام قبل دخول العرب المسلمين إليها؟
76	متى ولد بيل غيتس؟
78	متى تم اغتيال الصحفي والإعلامي السعودي جمال خاشقجي؟
79	ما هي مقدونيا القديمة ؟
80	من هو رئيس منظمة اليونسكو ؟
81	هل القصف الذرّي على هيروشيما وناجازاكي  هو السبب  الرئيسي لإنهاء  الحرب العالمية الثانية؟
82	هل النساء أكثر عرضة للإصابة بهشاشة العظام؟
83	ماهو اسم أول صحيفة عربية؟
86	متى ولد ابن النفيس ؟
87	اين يوجد متحف سفينة الفاسا؟
89	كم إمتدت الحضارة  الإغريقية القديمة؟
90	أين يقع وادي مِنى؟
91	مدرسة طليطلة للمترجمين؟
92	أين ولد نابليون بونابرت الأول ؟
94	متى تأسس حزب الاستقلال الفلسطيني؟
95	كم متر يوجد في واحد كيلومتر ؟
96	متى وقعت حرب فيتنام ؟
99	في أية سورة توجد أية الكرسي؟
100	من رئيس الولايات المتحدة الأميريكية الذي غزى العراق؟
101	ماهي رائداة الشركة الأوروبية للصناعات الجوية في عام 2009 ؟
102	أي معركة قادها موحا أوحمو الزياني  التي أباد فيها الكثير من قوات الجيش الفرنسي؟
103	ماهى كيمياء الكم التقديرة ؟
105	اين تقع جزر السيشل؟
106	متى تأسست شركة أتاري لإنتاج أجهزة الالعاب الإلكترونية؟
109	أين تقع جبال الألب؟
111	كم عدد الدول التي شاركت في الحرب العالمية الثانية؟
113	ما هو مرض الكوليرا ؟
114	ما هي الوان علم البوسنة و الهرسك ؟
115	كيف يتم توليد الطاقة بالرياح ؟
116	ما هو الحثّ الكهرومغناطيسي ؟
117	متى ولد أوتو إدوارد بسمارك ؟
119	الستيرويد هو مركب عضوي؟
120	ما هو الموطن الأصلي للنعامة؟
121	من هو أول نائب عربي في الكونغرس الأمريكي؟
122	متى  تولت  أول  إمرأة  الرئاسة في دولة  إفريقية؟
123	من هو ياقوت الحموي؟
124	في أي دولة تقع مدينة ميناب؟
127	من هو رأفت الهجان ؟
128	هل توجد احصائية رسيمة لعدد اليهود في المغرب ؟
129	من هي سامية عبو؟
130	أين تقع مدينة ناغاساكي؟
131	ما هي البلاستيد؟
132	متى ولد ولي العهد السعودي محمد بن سلمان؟
133	ما هو شعار حزب حركة مجتمع السلم  في الجزائر؟
136	من هو الحكم بن أبي العاص؟
138	اين وقع حادث المدمرة كول؟
139	متى بدأت الحملة الصليبية؟
140	من هو دالمبير؟
141	ما هو الجيش الأحمر؟
142	متى تم افتتاح جسر البرج في لندن ؟
144	متى حدثت الحرب العراقية-الأمريكية ؟
145	من هو عزيز بو دربالة؟
146	ما هي الأشعة تحت الحمراء؟
148	ما هي قارة البانجيا؟
149	ما هي حرب العصابات؟
152	متى توفي الممثل السوري خالد تاجا؟
154	في أي عام تأسس حزب الكتائب اللبنانية؟
155	ما هي دائرة الفقر في مجال الاقتصاد؟
156	ماهو أسم آخر أربعة أسنان التي  تنمو لدى الإنسان ؟
157	متي ولد إبن الهيثم؟
158	ما هو عدد الحديد الذري؟
159	هل الهيروغليفية لغة محكية؟
161	أين كنت عاصمت الدولة الأموية؟
166	متى ولد الممثل يوسف وهبي؟
167	أين تقع مدينة شيراز؟
168	من هم بنو النضير؟
169	اين توجد كنيسة القديس بطرس؟
170	أين يقع إقليم تارودانت؟
171	ما هي أول ناطحة سحاب في تركيا؟
172	ما هو التكلم البطني؟
174	كم دولة عربية منخرطة بجامعة الدول العربية؟
175	ما هي عملية الهضم؟
176	هل كانت تونس جزءً من الإمبراطورية الرومانية القديمة ؟
177	ماهى تقلص الاطوال في الفيزياء ؟
178	ما هي جنسية الكاتبة غادة السمان؟
179	متى أطلقت خدمة جوجل اتصال الأصدقاء؟
181	من هو صاحب النظرية النفعية؟
182	ما هي عاصمة بورتوريكو؟
185	أين تقع مسعد ؟
189	من فاز بسباق الفورميلا ون في عام 2006 ؟
190	ما هو الانحراف الأليلي ؟
191	ما هي القدم السكرية؟
192	من هو مبتكر عملية البسترة؟
194	من قام بوضع إختبار الذكاء ؟
198	في أي عام تأسست المؤسسة الأمريكية للأسماك والحياة البرية؟
199	ما هي نسبة تعليم الفتيات في اليمن ؟
200	من هي الحركة التي أسرت الجندي الإسرائيلي جلعاد شاليط؟
201	في أي عام قامت إسرائيل بإحتلال الضفة الغربية وقطاع غزة؟
202	متى نشأة المماليك ؟
203	ما هو طائر السمان ؟
205	ما هو مصطلح العلوم الاجتماعية؟
208	في أي فترة تأسس تنظيم القاعدة؟
209	كم عدد سكان عين بن فهيد ؟
212	ما هو أصل نجيب إلياس ريحانة  ؟
213	هل امارة موناكو مستقلة عن فرنسا؟
214	هل خير الدين الزركلي سوري؟
215	في أي سن تولي ألفونسو الثالث عشر العرش؟
216	من هو أريستوفان؟
219	أين قامت مملكة أرغون؟
220	هل يحتوي الغلاف الجوي على غاز النيتروجين؟
221	هل الكاكاو نبات؟
223	متى ولد محي الدين بن عربي؟
224	هل يحتوي الغلاف الجوي على غاز الهيدروجين؟
226	ما هو اللف المغزلي للالكترونات ؟
227	ما هي جنسية المعماري حسن فتحي؟
229	ماهو تاريخ استقلال سوريا عن فرنسا؟
230	من هو كليم الله ؟
231	ما هي القارة السمراء؟
232	كم يبلغ وزن الكبد ؟
233	متى تم تأسيس إتحاد كرة القدم المصري ؟
234	من هو جبران غسان تويني؟
235	متى تأسست شركة برايس ووترهاوس كوبرز؟
236	لماذا تم سحب الثقة من الرئيسة الكورية السابقة باك غن ؟
237	متي ولد عبد الكريم الجيلي ؟
241	ما جنسية الناشطة الكسندرا شيفشينكو؟
242	متى أقيمت أول لعبة رغبي؟
245	ما هي القبيلة التي ينتمي إليها النبي محمد عليه الصلاة والسلام؟
246	ما نظام الحكم في النمسا ؟
247	متى تأسست الخلافة العثمانية؟
248	متى كان الربيع العربي؟
249	متى تم بدأ بث قناة سبيس تون الفضائية ؟
250	في أي سنة تأسست مجلة آوت ؟
251	من وزير خارجية المملكة العربية السعودية حاليا؟
252	ما النظام السياسي في الدولة الهولندية؟
253	ما الاسم الحقيقي لفيروز؟
254	ما هي لغة التيفيناغ؟
255	في أي عام طرح اقليم جنوب العراق ؟
257	ماهو الفشل الكلوي؟
258	كم تبلغ مساحة اليابان؟
259	أين تقع مدينة كفر صقر؟
260	ماهى الوذمة الدماغية ؟
261	ما هي أكبر الجزر اليمنية؟
263	من هو رئيس الحكومة الإسرائلية عام 2005 ؟
264	ما نسبة  المسيحية في   مالي حاليا؟
265	يقع المقر الرئيسي لمكتب الأمم المتحدة المعني بالمخدرات والجريمة؟
266	من هو خشايارشا الأول؟
267	كم عدد فقرات عنقية  في رقبة الإنسان؟
268	كم طول نهر القاش؟
269	أين يقع مقر جامعة بافيا؟
270	متى تم بناء قصر الحمراء؟
271	من هو رئيس إيطاليا ؟
272	هل العلمانية طريقة تفكير أم ديانة ؟
273	ماذا تسمى الرقصة الشعبية في سوريا ؟
274	متى بدأت حرب الخليج الأولى ؟
275	متى إستلم حسن نصر الله رئاسة حزب الله اللبناني ؟
277	من هو القس؟
278	هل وجود الأكوان المتوازية ممكن فيزيائيًا ؟
279	هل توجد قبائل طوراق في المغرب؟
280	ماهو تعداد سكان مدينة رشيد ؟
281	ما هو الإيديوجرام؟
282	من هو الجنرال باتون ؟
283	ما هي أول عملية اغتيال في العهد القديم؟
285	من أين ينبع نهر دجلة؟
286	ماهو العنف ؟
287	من هو أحمد بن طولون؟
288	متى إنتهت حرب الخليج الثانية ؟
289	من هو الأب الروحي لجائزة نوبل؟
291	أين حكم  الملك الإسكندر الثالث المقدوني؟
292	أين تقع مقاطعة أفيلينو؟
293	هل يعتبر الأخطبوط من اللافقاريات؟
294	أين ولد البابا فرنسيس؟
295	ما هو التَشْخيصٌ التَفْريقِي؟
296	من هي أم عمار بن ياسر؟
297	ما نسبة  المسيحية في النيجر حاليا؟
298	ما هي المنطقة الملقبة ب آسيا الصغرى؟
300	على من نزلت رسالة الإسلام ؟
301	أين أنهى تشارلز داروين دراسته ؟
303	متى حصلت فضيحة ووتر جيت؟
304	ما هي الحمية النباتية ؟
305	ما هي حمى النفاس؟
307	من هو القائد المغولي الذي غزى بغداد؟
309	هل سبق وتوج الترجي الرياضي التونسي ببطولة دوري أبطال افريقيا؟
311	اين ولد هنري كيسنجر؟
312	متى ولد باتوفي شاندور ؟
313	ما هي حركة الإصلاح المضاد؟
314	أين تقع مدينة نوري التاريخية؟
316	ماهى نظرية الأنانية ؟
317	من هم الخمير الحمر؟
318	متى عاش  سيد قطب؟
319	ما هي الإستروجينات؟
320	هل تستعمل الألياف الضوئية في نقل الإنترنات؟
321	متى تأسست الهيئة الحكومية الدولية المعنية بتغير المناخ (IPCC)؟
322	من وضع نظرية الإنتفاع التقدمية؟
325	ماهو إجمالي عدد الدول التي تقع في قارة آسيا؟
328	هل تنتج  سلمونيلا كبريت الهيدروجين؟
329	من هو الشاعر السوري الذي لقب بشاعر المرأة؟
330	أين تقع مدينة قُم ؟
331	متى تم اغتيال مارتن لوثر كينغ الابن؟
332	من هم ذوات الدم الحار؟
333	من هو الدربندي؟
334	في أي عام تأسست جامعة لايبتزغ الألمانية؟
335	متى ولد الشيخ صباح الأحمد الجابر المبارك ؟
336	أين تقع منطقة الجوف؟
337	ما هو المذهب الزيدي ؟
338	ما هو الأمير الناخب؟
339	متى تم إعلان دولة المجر جمهورية مستقلة ؟
340	في أي عام قامت ثورة معادية للسوفيت في المجر؟
342	ما هي الإندولجنتيا بحسب المعتقدات الدينية الكاثوليكية؟
343	ما هي الديانة السائدة في نيجيريا؟
344	اين توجد مدينة نينوى؟
345	في أي عام تأسس الحزب النازي؟
346	هل الفيتامين سي قابلة للانحلال في الكحول؟
347	ماهي الأمطارالحامضية؟
348	من أول مصور صحفي في العالم؟
349	متى بدأ  الإحتلال البريطاني لفلسطين؟
350	من هو جعفر المقتدر بالله؟
351	من هو الفيزيائي الذي اكتشف الاشعة فوق البنفسجية ؟
352	متى وقع تفجير مبنى الأمن القومي السوري؟
353	ما هي الشبكة العصبونية الحيوية ؟
357	ما عدد آيات سورة الملك؟
358	من هو الملك محمد إدريس السنوسي؟
359	ماهى مساحة بولندا ؟
361	ما هي عملية زراعة القوقعة؟
362	في أي منطقة سورية ولد الرئيس السوري بشار الأسد؟
365	من قائل انا افكر انا موجود؟
366	ما أصل كلمة بيولوجي "علم الأحياء "؟
367	كم كان عدد الخلفاء الراشدين ؟
369	متي قامت الثورة سوريا ؟
373	متى حدث تفجير ميناء بيرل من قبل اليابانين ؟
374	كيف توفيت خديجة بنت خويلد ؟
375	متى تم إعلان استقلال فنلندا؟
376	كم طول الأشعة تحت الحمراء؟
379	اين تقع اكبر صحراء في العالم ؟
380	ما هي العملة الرسمية في جزر فيجي؟
381	متى وصلت المسيحية إلى فرنسا؟
382	أين يقع البحر الأسود؟
383	من هو ماركوس أوريليوس؟
384	ما هي اشعة بيتا؟
386	أين تقع بيت محيسر ؟
387	متى تأسس نادي تشيلسي لكرة القدم؟
388	اين تقع تيمور الشرقية؟
389	هل سائل العصارة الصفرواية مر الطعم؟
390	كم استمر حكم "شجرة الدر" لمصر؟
391	ماهو تعداد سكان جمهورية الصين ؟
392	من هو الرئيس  العراقي الحالي؟
393	ما هي جنسية الروائي ماريو فارغاس يوسا؟
394	من هو اول رئيس تحرير لمجلة فوربس الأمريكية؟
395	متى أنشأت  جائزة الأوسكار؟
396	من هو مصمم متحف جوجنهايم بلباو؟
397	ما جنسية هيلاري كلينتون؟
399	من هي نازك الملائكة؟
400	من هو أبو بكر بن أبي داود؟
401	متى تأسس أول ماك دونالز؟
402	هل يعتبر الجنس الفموي ضار بالصحة ؟
403	ماهو إسم الشركة المسؤولة عن الصرف الصحي في السعودية ؟
406	هل تعتبر الشمس نجم أم كوكب ؟
407	كيف توفي الرئيس ويليام ماكينلي ؟
408	متى بدأة فترة رئاسة جورج بوش الأبن ؟
409	من هو إبراهيم بن الأشتر النخعي؟
410	هل يمكن علاج متلازمة توريت؟
411	ما هو القولون السيني؟
412	ما هي عاصمة قرقل باغستان؟
413	متى تأسست شركة أمازون ؟
414	ما هي مدة مرحلة التعليم الأساسي؟
415	ما هي قوى فان دير فالس؟
417	في أي عام تأسس حزب العمال الكردستاني؟
420	كم دولة يضم تحالف الناتو؟
422	ما هو مؤشر داو جونز ؟
424	ما هي الضفادع الثعبانية؟
425	كم تبلغ مساحة تايوان ؟
426	متى ولد محمود الغزنوي ؟
428	ما اللّغات الرسمية المعتمدة في كندا؟
429	كم يبلغ طول قناة السويس؟
430	أين يقع المقر الرئيسي لمنظمة الدولية للمعايير؟
432	متى تم ولد فيليبوس الثاني المقدوني؟
433	ما هو معدل دقات القلب الطبيعي عند الرجال؟
436	كم تبلغ مساحة الجامع الكبير في صنعاء ؟
438	ما هي زكاة الفطرة؟
439	متى توفي المغني الأمريكي مايكل جاكسون ؟
441	ماهو السحر الأسود ؟
442	اين يقع بركان كراكاتو؟
443	كيف يمكن الوقاية من مرض الانسداد الرئوي ؟
444	ما هو الإنفاق الحكومي؟
445	ماهو العصب المسؤول عن نقل الصوت من الأذن الداخلية إلى الدماغ في جسم الإنسان؟
448	ماهى الخاطرة الإجتماعية ؟
450	من هو مؤسس حزب العدالة والتنمية في تركيا ؟
451	ما هي الشاذلية؟
452	ما هو أقدم مجمع للغة العربية في الوطن العربي؟
453	من هو مؤسس الحزب الشيوعي السوري؟
454	متى حاولت روسيا إحتلال جزيرة القرم ؟
457	ما هي المجرة؟
458	كم عدد سفن أسطول بحرية الولايات المتحدة ؟
461	هل يساعد الكالسيوم في تقوية العظام؟
463	ما هو علم الوراثة ؟
464	أين دفن الملك فاروق ؟
465	من هو مخرج فيلم " تايتانيك " ؟
467	متى وصل الاسلام إلى روسيا ؟
468	في أي عام ولد الأميرعبد القادر الجزائري؟
469	من هو صاحب فكرة البريد الإلكتروني؟
473	متى انشئت جائزة نوبل للسلام ؟
474	ما هي موسيقا الراي؟
475	متى تاسس المنتخب الايراني لكرة القدم؟
476	متى توفي العالم  الرياضي والفلكي ابن سمعون؟
477	كم عدد سكان  ألمانيا حاليا؟
479	متى تم انشاء جامعة سلامنكا ؟
480	ما هي إنكارتا؟
481	متى تأسس نادي الكرامة السوري لكرة القدم؟
482	متى تم عزل المشير طنطاوي؟
483	في أي عام  تأسس محرك البحث ياهو؟
484	متي تم صناعة أول شفرة للحلاقة ؟
486	هل من المفيد إستهلاك الفيتامينات يوميا ؟
487	ما هو النهر الذي يفصل بين جبال البلقان و جبال الكارابات؟
488	من هو مؤسس دولة السلاجقة؟
489	متى تم تطبيق بروتوكول معلومات التوجيه لأول مرة ؟
490	هل سقراط فيلسوف يوناني؟
491	متى تولى جون كندي الرئاسة؟
493	من هو مخترع لغة الصم والبكم؟
494	ما هي عاصمة ايسلندا؟
495	من هو جاليليو؟
496	من هو عتبة بن ربيعة؟
498	كم يبلغ ارتفاع سد بين الويدان في المغرب؟
499	في أي عام قامت الثورة الكوبية أو ثورة فيديل كاسترو؟
500	ما هو الأسبست؟
501	هل الطفح  من أعراض الالتهاب المفصلي؟
502	متى تم اكتشاف مرض الزهري؟
503	ما هو علم الوراثة العرقي؟
504	أين تقع مدينة بريتوريا ؟
505	متى تم عرض فيلم سكر بنات لأول مرة؟
506	من هو أبو حيان التوحيدي؟
507	من هوعماد عبد السلام رؤوف؟
508	في أي عام عقد مؤتمر باريس للسلام؟
509	ما هو العظم الإسفنجي؟
510	متى توفي مصطفى كمال أتاتورك؟
511	ما معنى كلمة جزيء في الكيمياء ؟
512	اين توجد كنيسة ساغرادا فاميليا؟
513	ما هو اللون الأخصف؟
514	ماهى الإحصاء الحيوية ؟
515	ما هو الشعور؟
516	اين يقع مضيق البسفور؟
517	من هو الظاهر قطز ؟
523	هل يعتبر الإيدز من الأمراض المنتقلة جنسياً ؟
524	ما هو توقيت غرينيتش؟
525	اين يوجد مرقد الامام الحسين؟
526	أين يجري نهر الزاب الكبير؟
527	متي تأسست جامعة صنعاء ؟
528	اين تقع مدينة جبلة ؟
529	من فاز بالانتخابات الرئاسية المصرية للعام 2018 ؟
530	من هو راشد الغنوشي؟
531	من هو الحاج مالك الشباز؟
532	متى تاسست مجلة فوربس الامريكية؟
533	في أي عام ولد ديكارت؟
534	هل يوجد تنظيم جماعة الاخوان المسلمين في لبنان؟
535	ماهي الجيولوجيا ؟
536	ما مساحة مدريد؟
537	متى تولى عثمان بن عفان الخلافة؟
538	أين يقع بحر الجبل؟
539	ما هي الميتوكوندريا؟
540	أين ولد نعوم تشومسكي ؟
541	من هو إسحق عظيموف؟
542	متي تم عرض آخر حلقة من أنمي ناروتو شيبودن؟
543	من هو مؤسس سلسلة مطاعم هارديز؟
544	متى طرحت نيلي فرتادو ألبومها الثالث؟
546	ماهو أول أول فيلم في عالم مارفل السينمائي؟
547	متى اندلعت حرب الاستنزاف؟
549	كم يبلغ وزن الجاموس الأفريقي البالغ ؟
550	في أي سنة تأستت ساعة بيغ بن؟
552	هل الكويت عضو في منظّمة الدول المصدرة للبترول - أوبك؟
553	من هو إبيفانيوس السلاميسي؟
554	متى تأسست وكالة الفضاء الأوروبية؟
556	من هو ماو تسي تونغ؟
557	متى ولدت بيرين سات الممثلة التركية؟
558	متى ولد الشاعر الانجليزي ميلتون؟
560	متى تأسس الحزب الشيوعي الفرنسي؟
562	متى صنع أول هاتف جوال ذكي؟
565	أين تقع جبال ردفان ؟
566	متى تم اندلاع إنتفاضة الأقصى في فلسطين؟
567	متى تأسست جامعة القديس يوسف؟
568	اين توجد مدينة كلوج نابوكا؟
569	ما هو مرض النوم؟
573	متى عاش أبو حنيفة النعمان بن ثابت الكوفيّ؟
574	من هو شيانج كاي شيك؟
575	ما هيي الديانة السائدة في الهند ونيبال؟
576	من هو  محمد بهاء الدين نقشبند ؟
579	ما معنى العلمانية ؟
580	من هو محمد برهان الدين؟
582	من هي ريم بنا؟
583	من هو الفراهيدي؟
584	ما هو الأسبرين؟
585	متى تأسست فرقة باك ستريت بويز؟
586	ما هو الجهاز التناسلي؟
587	متى بدأة الحملات العربية الإسلامية علي إسبانيا ؟
588	اين تقع محمية حوف؟
589	من هم عرب 48؟
592	متى ولد ريتشارد فيليبس فاينمان  ؟
594	متى تم انتاج أول فلم هندي (بوليوود)؟
596	ماذا يسمى الزي الشعبي الياباني ؟
598	من أنشأ نظرية الزمر في الرياضيات؟
599	ما هو حيوان اللايجر ؟
600	هل يعتبر حيوان الليمور من الرئيسيات؟
601	متى إتحدّت الألمانيتين؟
602	ماهي حقيقة الخالق في الديانة اليهودية ؟
604	ما هي السافانا؟
607	ما هو داء ويلسون؟
608	من قام بإنشاء شخصية "الفانوس الأخضر" ؟
609	أين دفن الحُسين بن علي بن أبي طالب ؟
610	متى تأسس  نادي ليفربول؟
612	متي سقط جدار برلين؟
613	كم عدد أحرف اللغة العربية ؟
614	من هي حتشبسوت؟
615	أين يقع متحف الأقصر؟
616	هل العصب الثلاثي التوائم من الأعصاب القحفية؟
619	ما هو عدد الدول الأعضاء في الأمم المتحدة؟
620	كم دا مت فترة الخلافة لعلي بن أبي طالب؟
623	ما هو التركيب اللولبي المزدوج؟
624	من هي الدولة التي تنتج الصاروخ الباليستي "أسكندر"؟
625	أين تقع مدينة دَمَنْهُور؟
626	هل تؤدي البُرْفيرِيَّةٌ إلى الهلوسة والاكتئاب والقلق؟
631	هل تأكل أفعى الأصلة فريستها دفعة واحدة؟
633	متى حدثت الانتفاضة الفلسطينية الثانية؟
635	من هو هوغو تشافيز؟
637	ما هو علم البيولوجيا ؟
638	من هو نيكيتا خروتشوف؟
640	ما أهمية المرارة في جسم الإنسان؟
641	ما هي حقبة الحياة الحديثة؟
642	اين توجد محافظة ذي قار؟
643	متى تولى جورج واشنطن رئاسة اميركا ؟
644	من هي الملكة بياتريكس؟
645	ما هو الضوء الأحادي اللون؟
646	متى وقعت ذات الصواري؟
647	متى توفي جان سيبيليوس ؟
648	من هي أول رئيسة لقسم الأخوات المسلمات في جماعة الإخوان المسلمين؟
650	متى اندلعت الحرب الأهلية اللبنانية الأولى ؟
651	متى أصبحت كوريا الشمالية بلداً نووياً؟
652	من هو أنطوان لافوازييه؟
653	ما هو أصل كلمة الدبلوماسية؟
654	ماهو الثلج؟
655	من هو وينفيلد سكوت؟
656	من هو فهد بن عبد العزيز آل سعود؟
658	ما هي الدولة الفيدرالية؟
661	ما هو تواتر الأليل؟
662	متى ولد رئيس الوزراء الكندي جاستن ترودو؟
663	متى تاسس سوق الأسهم السعودي؟
664	كم تبلغ مساحة ولاية بافاريا الالمانية؟
665	متى شاركت النرويج أول مرة في كأس العالم لكرة القدم ؟
666	أين تقع جزيرة تاسمانيا؟
667	اين عاش ابو حنيفة؟
668	من هو آله البحار في الأساطير اليونانية ؟
669	هل شاركت أليسا ميلانو في نشر هاشتاج "أنا أيضا" ؟
670	من هو هانز سلون؟
671	كيف يمكن تجنب الآفات الضارة ؟
672	ما أضخم حيوان في العالم؟
673	من هو صاحب ديوان "ترجمة رملية لأعراس الغبار"؟
674	ما هو هرمون منبه للجريب ؟
676	ما هي عاصمة جمهورية هايتي؟
677	ما هو عدد ولايات الهند؟
678	متى تم بناء السد العالي؟
679	من هو مكتشف مانع الصواعق؟
680	متى نشأة الإمبراطورية البيزنطينية ؟
681	ما هي رئاسة هيئة الأركان العامة للقوات المسلحة (السعودية) ؟
682	اين توجد قبائل الزولو ؟
683	كم كان عدد الدول الأطراف في حرب الخليج الثانية ؟
684	ما هو اختبار سالي-آن؟
685	كم عدد اعضاء منظمة رابطة العالم الاسلامي؟
686	كم عدد عظام الجمجمة لدى الإنسان ؟
687	متى تأسست جريدة لوس أنجلوس تايمز؟
688	متى تأسست الأمانة العامة لدور وهيئات الإفتاء فى العالم؟
691	أين تقع صحراء النوبة ؟
693	هل تقع كولومبيا البريطانية في كندا؟
694	ما مساحة قطاع عزة ؟
695	متى تمّ صنع مواد التجميل؟
698	من هو خوسيه ماريا أثنار؟
699	من هو الأمير سلطان بن عبد العزيز آل سعود ؟
702	كيف يمكن تمييز ذكر المُحاكي الشِّماليّ ؟
703	ما هي اللغة الرسمية في أرمينية ؟
704	أين ولد جورج بوش الأب ؟
705	كم عدد فقرات العمود الفقري ؟
706	في أي سنة اشتعل حريق الرايخستاج في ألمانيا؟
707	من بنى الكعبة الشريفة؟
708	من هو رئيس جمهورية كازاخستان ؟
709	متى ظهرت العلمانية في الشرق الاوسط ؟
711	ما هي اللغة الرسمية في الكاميرون؟
712	من هو البابا الحالي؟
713	كم تبلغ مساحة مالي ؟
714	من هي أسرة تيودور؟
715	ما جنسية الشاعر نزار قباني؟
717	ما نسبة  المسيحية في  السينغال حاليا؟
720	متى تاسس مصرف الراجحي؟
721	ما هو عصر التنوير؟
722	متى دخلت الديانة المسيحية إلى شمال أفريقيا ؟
725	ما هو الإيثانول ؟
726	هل العليق شجيرة شائكة؟
727	من هو فضل الله زاهدي؟
728	متى تم تشكيل قوات الحماية الرئاسية في اليمن؟
729	متى غادر الإنسان غلاف الأرض الجوي لأول مرة ؟
730	اين توجد مدينة مكناس؟
731	متى حصلت معركة لينينغراد ؟
732	متى ظهرت الشخصية الكارتونية باتمان؟
734	متى نشأ المجلس الوطني الفلسطيني؟
735	متى نالت رائدة فضاء فالنتينا تريشكوفا شهادة الدكتوراة في الهندسة؟
737	من هو محمد نور الكتبي؟
738	ماذا كانت تدعى صبراته في الماضي ؟
739	كم يبلغ طول نهر الغانج؟
741	ما هي جنسية مصممة الأزياء برونوين بانكروفت؟
742	كم عدد مواسم مسلسل هاو اي ميت يور ماذر ؟
743	هل تنقل الشرايين الدم لكل الجسم؟
744	من هو توماس وودرو ويلسون؟
748	من هو الواقدي؟
749	من هو الامبراطور مـِنـِليك الثاني؟
751	هل طائر الباشق أوراسي مهدد بالإنقراض ؟
753	ما هو الهرم الوطواط؟
754	ما هو حمض الكبريتيك؟
755	متى تاسست اوكرانيا؟
756	ما هو حمض البولة؟
757	هل تمنع الديانة اليهودية  المثلية ؟
758	متى تم تأسيس شركة سامسونج؟
760	متى ولد كارل ماركس ؟
764	متى دخل الايوبيون مدينة صنعاء؟
766	من هو رئيس جمهورية تشاد الحالي ؟
768	من هي كريستيان ديروش نوبلكور؟
769	هل دفن الرسول محمد في المسجد النبوي؟
773	هل تتوفر قطارات من الجزائر العاصمة إلى ضواحى البلد ؟
775	ما هو حزب بشار الأسد؟
776	متى ولدت المطربة اللبنانية فيروز؟
777	أين تقع سيوداد خواريز؟
778	أين تقع مملكة كمبوديا ؟
779	ما هي البصمة الوراثية؟
780	هل كان نجيب إلياس ريحانة كوميديا ؟
781	ما هي عاصمة مُحافظة أذربيجان الشرقيَّة؟
782	في أي عام طرحت أغنية أول غود ثينغز (كوم تو أن إند) للمغنية نيللي فرتادو؟
783	ما مساحة ملعب التنس القياسي؟
784	ما جنسية العالم جيمس واتسون؟
786	ما هي اللغة الرسمية لساحل العاج؟
787	من هو بومبيوس الكبير؟
788	كم تبلغ مساحة المكسيك ؟
789	متى افتتح متحف اللوفر؟
790	في أي عام تم إنتاج مسلسل PK الهندي؟
791	ما هي دراسة حركة المقذوفات ؟
793	هل يمكن الزواج بامرأتين  في المسيحية؟
794	كم دامت الفترة الأغريقية؟
795	ما هي المافيا؟
796	من هو أبو الحسن الشاذلي ؟
797	هل كان عَبدِ المُطَّلِب هو جدّ الرسول محمد؟
798	ماهو طريق الحرير؟
799	من مؤلف رواية الخيميائي ؟
800	من هو لطفي دوبل كانون؟
801	من هم الرونين ؟
803	في اي عام أعلنت إمبراطورية اليابان من خلال الإذاعة استسلامها في الحرب العالمية الثانية؟
804	من هو الشاذلي القليبي؟
805	متى وقع أول تفجيرارهابي في العراق بعد سقوط حكم صدام حسين؟
806	ماهو تعداد سكان مدينة يافا ؟
807	هل يتحمل المطاط السيليكوني درجة حرارة منخفضة؟
808	ما هو عامل الخطر؟
809	من هو هايام وروك؟
811	كم يبلغ وزن الأسد البربري ؟
814	ما هي العاصمة الألمانية؟
815	ما هي سمكة نطاط الطين؟
816	متى ولد لينين ؟
817	هل يعد الكهرمان من الأحجار الكريمة؟
818	متى اندلعت الحرب التركية اليونانية؟
819	متى كان إعصار كاترينا؟
821	من هو مخرج مسلسل طاش ما طاش ؟
822	أين يقع مقر اللجنة الأولمبية الدولية؟
825	متى تأسست الأكاديمية الوطنية الأمريكية للعلوم ؟
826	اين يقع جبل صبر ؟
827	من هي مارغريت آتوود؟
828	أين تقع قرية مسعدة؟
829	هل نوع الخط الفارسي هو أحد الخطوط العربية؟
830	كم يبلغ وزن الأسد البالغ ؟
833	أين يقع مضيق أطرانط؟
834	من هو أدولف هتلر؟
835	ما هو داء الملوك؟
836	متى انضم محمد صلاح لنادي ليفربول؟
837	متى تاسست فرقة غنز آن روزز؟
838	متى تولى محمد بن سلمان ولاية العهد ؟
841	ما هو الاسم التجاري؟
843	ما هوالغشاء البلازمي؟
844	متى أسندت أول جائزة نوبل للطب؟
845	ما هو عدد طبقات الغلاف الجوي؟
846	ماهو التكاثر اللاجنسي ؟
848	متى ولد كارلوس الخامس هابسبورغ ؟
851	اين توجد محمية بُرع؟
852	متى يحتفل بعيد الحب؟
854	ما هي عاصمة محافظة هاتاي التركية؟
855	ما هي علامة إعراب الفاعل في اللغة العربية؟
856	اين يوجد مقر شركة هيتاشي؟
858	ما معنى كلمة نبتون بالإغريقية؟
859	متى كان أول ظهور شخصية باتمان في الأفلام؟
861	متى ولد ميغيل بريمو دي ريفيرا ؟
862	ماهو تعداد سكان ماليزيا الحالي ؟
863	هل يعتبر زواج المثليين في تركيا مشرعا ؟
865	من هو  جوزيف سميث؟
869	ما هي أكبر مؤسسة تعليم عالي في أوغندا؟
871	متى توفي تشارلز تاونسند اللواء البريطاني؟
872	كم يبلغ ارتفاع نيويورك عن سطح البحر؟
874	ما هو الاقتصاد البيولوجي؟
876	ماهو رمز مادة الزرنيخ الكيميائي ؟
877	متى تمّ تشييد برج خليفة؟
879	ماهو تعداد سكان كولومبيا ؟
880	أين تقع جزيرة فيلكا؟
881	ما هي المواد العضوية ؟
882	هل شارك المنتخب العراقي في اي بطولة لكاس العالم لكرة القدم؟
884	متى توفي رائد الفضاء الأمريكي نيل آرمسترونغ؟
885	ما هو أطول نهر في الولايات المتحدة الأمريكية؟
886	من هو مخرج فلم الشفق (توايلايت)؟
887	اين يوجد خط الاستواء ؟
888	متى تسلم حسني مبارك الرئاسة ؟
891	متى توفي علي بن أبي طالب ؟
892	في أي عام تأسست منظمة حلف شمال الأطلسي؟
893	ما هي الاصول المتحركة؟
894	كم يبلغ طول نهر النيجر  ؟
895	ما هي الدولة الشمولية؟
896	من هو مؤسس شركة فورد لتصنيع السيارات؟
898	في أي عام نال أليخاندرو غونزاليز إيناريتو جائزة أوسكار عن فيلم العائد ؟
899	متى يتم احياء اليوم العالمي للسكري؟
900	اين تقع قرية يبنا؟
901	متى تم إنتاج المسلسل الكرتوني فيكي الفايكنج؟
903	من كان الملك الثالث للمملكة العربية السعودية؟
905	من هو الطفل إقبال مسيح؟
906	اين توجد مدينة الاحساء؟
907	ما هو هيكل آرتميس؟
908	من هو رئيس  إسرائيل الحالي؟
909	هل تختلف لغة الإشارة بإختلاف البلد ؟
910	ما هي الحركة الصهيونية؟
913	ما هو الرقم الذري لليورانيوم؟
914	كم سورة في القرآن الكريم؟
915	من هو فينت سيرف؟
916	كم تبعد القدس عن قطاع غزة ؟
917	من هو خير الدين الزركلي؟
918	من هم الساميون؟
919	متي سقطة القسطنطينية؟
920	ماهى مساحة آيسلندا ؟
921	متي بدأة أودري هيبورن التمثيل في هوليوود ؟
922	ما هي معاهدة لاتران؟
923	ما هو مقياس النانومتر؟
924	كم استمر الحكم الاسلامي لجزيرة صقلية ؟
925	من هو مكتشف بكتيريا الإشريكية القولونية؟
927	أين يقع سهل البقاع؟
930	كم عدد الدول الأعضاء في منظمة التعاون الإسلامي؟
931	ما هو العصر الميوسيني؟
932	ما هو السيتوبلازم؟
933	اين تقع مدينة خان يونس ؟
934	من هو إسرافيل ؟
936	ما هو القمر الصناعي ؟
937	من هم الخلفاء الراشدين؟
938	ماهو تعداد السكان في بورما ؟
939	أين يقع جسر ووترلو؟
941	كم عدد المسلمين في تركيا؟
942	متى ولدة سيمون بوليفار ؟
944	ما هو معامل القدرة؟
945	ما هي عاصمة ولاية أريزونا الأمريكية؟
946	متى كانت الفترة الطباشيري المتأخر؟
947	متى قام الجيش السوري بغارة صلاح الدين ؟
948	أين ولد مايكل شوماخر؟
949	متى تم إنشاء جامعة باريس ؟
950	ما عدد الفقرات القطنية؟
951	متى أحدث أول مقهى ستاربكس ؟
952	ما هي اكبر مدن اسكتلندا ؟
954	أي يقع نهر الوادي الكبير؟
955	ما هي اللغة الرسمية في مدغشقر؟
956	كم عدد البلدان الخاضعة للتاج البريطاني ؟
957	متى حدثة الهجرة النبوية من مكة إلى المدينة ؟
959	متى تم بث مسلسل لاختلال الضال لأول مرة؟
961	متى انشأت منظمة (هيومن رايتس ووتش التابعة) للأمم المتحدة؟
962	متى تأسست دولة الكويت ؟
963	من هو مؤسس دجاج كنتاكي؟
964	من هو اخر قيصر روسي؟
965	ما هي مباراة الرجل الحديدي؟
966	من هو مؤسس شركة دي سي ؟
968	من كانت الأطراف المشاركة في غزوة الخندق ؟
969	في أي عام ولد فريد الأطرش؟
972	اين اقيمت اول بطولة كاس عالم لطرة القدم للنساء؟
974	متى نشأ الكنغرس الأمريكي؟
975	في أي قارة تقع جمهورية فيتنام الديمقراطية؟
977	ما هي سرعة الهروب من الجاذبية الأرضية ؟
978	أين تقع أكبر محمية طبيعية في افريقيا؟
980	من هو زعيم تنظيم داعش ؟
982	ما أكبر كنيسة في العالم؟
983	هل تسبب اشعة غاما السرطان؟
984	متى قامت الجمعية الأمريكية للطب النفسي بإزالة "المثلية الجنسية" من الدليل التشخيصي للأمراض العقلية؟
985	متى نالت الصومال استقلالها عن الاحتلال البريطاني؟
986	متى أنتج أول الباص ذو الطابقين في لندن؟
988	متى أنشأ قصرالعظم ؟
990	ما هو الرعد ؟
991	ما هي الكروموسومات؟
992	أين تقع الكعبة ؟
993	من هو مؤسس شركة سامسونج؟
994	في أي عام وقعت معركة ترموبيل؟
995	أين يقع قصر فرساي؟
996	ما هي العدالة الاجتماعية؟
997	متى تاسس متحف اللوفر ؟
1001	هل يؤدي الاحتباس الحراري إلى ارتفاع غير طبيعي في درجات الحرارة؟
1002	ماهو التسويق الهرمي ؟
1003	ما هو تدرّج الحرارة الأرضية؟
1004	ما هي البرافينات؟
1005	ما هي السورة التي لا تبتدأ بالبسملة؟
1006	أين تقع مدينة دسوق؟
1008	لماذا يحدث الحيض عند الاناث؟
1009	متى بدأ برنامج تعليم مقاومة تعاطي المخدرات في لوس أنجيلوس ؟
1010	متى بدأت حروب الهند الصينية؟
1011	ما هي المنظمة الموسيقية التي تقدم جائزة غرامي؟
1012	متي تولت أنغيلا دوروتيا ميركل رئاسة ألمانيا ؟
1013	ماهو تعداد سكان الروهينغا في ميانمار ؟
1014	من هو مؤلف رواية " الجريمة و العقاب " ؟
1015	من هو خليفة حفتر؟
1016	متى تم إنتاج المسلسل الكرتوني (سكوبي دو)؟
1017	أين يقع إقليم الباسك؟
1018	في أي عام تأسس مجلس التعاون لدول الخليج العربية؟
1019	متى تأسست الجامعة الإسلامية بالمدينة المنورة؟
1020	كم مرة تأهل المنتخب الايراني لكأس العالم لكرة القدم؟
1021	كم تحصلت الأردن على ميدالية أولمبية في تاريخها؟
1022	ما هي الحوسبة السحابية؟
1024	من هو أفرام السرياني؟
1025	ما هي جنسية الفيلسوف لودفيغ فيتغنشتاين؟
1026	متى تم أول ظهور لمنظمة كو كلوكس كلان؟
1027	متى تولى محمد البرادعي منصب مدير الوكالة الدولية للطاقة الذرية؟
1028	ما جنسية الكاتب نزار فرنسيس؟
1029	ما هو الأديم الباطن؟
1032	ما هو صندوق باندورا؟
1033	ماهو الجسد الفلكي ؟
1034	ما هي متلازمة الحيز؟
1036	متى وقعت معركة أبي قير البحرية؟
1037	أين ولد السلطان الغازي سليم الأوّل القاطع  ؟
1038	متى إندلعت حرب التشاد ؟
1039	أين تقع منطقة لا ريوخا؟
1040	من هو عبد القادر الجيلاني؟
1041	هل يمكن لمن يعانون من إنفصام الشخصية معرفة أنهم يتوهمون ؟
1043	ما هي سحابة ماجلان الكبرى؟
1045	في أي عام ولدت برونوين بانكروفت؟
1046	ما هو القطب الشمالي المغناطيسي؟
1047	متى تم تاسيس مجلس التعاون الخليجي؟
1050	ما هي عاصمة فنلندا؟
1052	من هو مصطفى كمال أتاتورك ؟
1053	متى وقع  الفتح الإسلامي للشام؟
1054	هل يعد مرض الزهري من الأمراض المنقولة جنسياً؟
1055	ما اسم رئيس الصين الحالي؟
1056	من هم فرسان الهيكل؟
1057	متى تم إنتاج فيلم المصير ؟
1058	من هو أبو الوفاء بن عقيل؟
1059	ما هو الإيثانول؟
1061	متى حدثت معركة القادسية؟
1063	هل يعتر فقر الدم المنجلي قاتلاً؟
1065	متى وقعت حادثة احتلال الحرم المكي؟
1066	كم تبلغ مساحة جمهورية آيسلندا؟
1067	هل أقرّت روسيا زواج المثليين؟
1068	من هو مؤلف كتاب "هاري بوتر وحجر الفيلسوف "؟
1069	أين تقع مدينة ليون؟
1071	هل توجد نطرية تثبت وجود اكوان متعددة؟
1072	ماهو السائل الموجود بين الخلايا في جسم الإنسان ؟
1073	متى انعقد مؤتمر باريس للمناخ؟
1074	من هو دينيس أونيل؟
1076	هل الحوت الأزرق آكل لحوم ؟
1077	كم عدد الجزر الأندونيسيه؟
1079	ما هي مدة الحمل انثى الأرنب البري؟
1080	ماهو العدد الذري لغاز الزينون ؟
1081	ما هي وحدة قياس الحرارة؟
1082	من هو والد سعود الفيصل؟
1083	متى نشأت حضارة وادي السند؟
1084	ما هو بلد المنشأ لسيارة لاند روفر؟
1085	هل سبق وزار الرئيس السوري بشار الأسد السعودية؟
1086	ما هو المخيخ؟
1087	متى توفي الروائي اليمني زيد مطيع دماج؟
1088	ما هو مرض فيروس إيبولا ؟
1089	من هو الميرزا التبريزي؟
1091	ما هي نظرية العدالة الإلهية ؟
1092	متى تم اكتشاف الاشعة فوق البنفسجية ؟
1094	ما هي عاصمة طاجيكستان ؟
1095	هل يمكن لجسم صلب ان يتحرك بسرعة الضوء؟
1097	هل التنين حقيقي ؟
1098	أين تقع كنيسة القديس أسطفان (أم الرصاص)؟
1099	متى تمت عملية إستنساخ النعجة دولي ؟
1100	أين تقع أحجار ستونهنج التاريخية؟
1101	من هو النبي إبن  إبراهيم و أب المسلمين؟
1103	اين غرقت سفينة التايتنك؟
1105	متى تم إصدار جريدة الوقائع المصرية؟
1107	متى تم انشاء جامعة بولونيا؟
1108	هل كان للعالم المسلم أبو الريحان البيروني اهتمام بعلن الجيولوجيا؟
1109	أين تقع منطقة إقليم الباسك؟
1110	متى ظهرت المملكة الساسانية؟
1111	هل يستخدم الأسبرين لتجنب تكون الجلطات؟
1112	هل يسبب التوتر الحاد الارق؟
1114	في أي عام سقطت بغداد تحت الاحتلال الأمريكي؟
1115	من هو رودولف الأول؟
1116	أين تقع ولاية كوينزلاند؟
1117	أين تقع محافظة خوزستان؟
1118	ما هي الديانة السائدة في المكسيك؟
1119	ماهي مساحة سوريا؟
1120	متى صدر فيلم تأثير الفراشة؟
1121	من هو إريك دين برنس؟
1122	متى حصل محمد البرادعي على جائزة نوبل ؟
1123	من هم البوير?
1125	كم عدد السعي الذي يقوم به المسلمون بين الصفا والمروة ؟
1126	متى توفي أنطون سعادة؟
1127	كم استمرت الفاشية في ايطاليا؟
1129	ماهو تعداد سكان جُمْهُوريَّةُ فِنْلَنْدَا ؟
1131	كم يبلغ طول نهر التايمز؟
1132	من أين ينبع نهر تورنز؟
1134	أين يقع دير سانت كاترين؟
1135	ما نظام الحكم في الصومال؟
1137	كم يبلغ طول نهر الشانون؟
1139	ما هي المُتَلاَزِمَة أو التَّنَاذُر؟
1141	من مخترع الطرق المعبدة ؟
1142	ما هي عاصمة أستراليا؟
1145	ما هي الأبوكريفا؟
1146	من ألف رواية الكونت دي مونت كريستو؟
1147	متى كان عهد لينين؟
1149	متى توفي الشيخ زايد؟
1150	متى أنهى أبراهام لينكولن رئاسة الولايات المتحدة لأمريكية؟
1152	ما اسم الهرمونات الجنسية عند الإناث ؟
1154	ما هي المسيرة الخضراء؟
1155	من هم الموارنة؟
1156	متى تم انتاج الاطعمة المعلبة اول مرة؟
1157	متى ولد المصارع جون سينا؟
1158	متى وضع كارل ماركس كتاب (بيان الحزب الشيوعي)؟
1159	متى تأسس الكونغرس العالمي الأمازيغي؟
1160	متى توفيت الأميرة ديانا؟
1161	متى استلم بنیامین نتانیاهو رئاسة وزراء اسرائيل؟
1162	على اي بحر تطل كوريا الشمالية؟
1164	متى صُمم برج لندن ؟
1165	إلى اي ولاية أمريكية تعود جزيرة ميامي؟
1166	متى يحتفل المسيحون بعيد الغطاس؟
1167	في أي مدينة عراقية تقع كنيسة اللاتين الكاثوليك؟
1168	ما هو الانسولين؟
1169	من هو ابن الكلبي؟
1170	ما هي ديانة الصابئة؟
1173	من هو صاحب نظرية الانفجار الكبير؟
1174	متى ولد الرسام جان ليون جيروم؟
1175	ما هو العدد الذري للفضة؟
1176	متى توفي أنطونيو دي بوتشيو بيسانو ؟
1177	هل كانت أوكرانيا من دول الاتحاد السوفيتي؟
1178	متى توفي الفيسلوف جون لوك؟
1179	من هو ممنون حسين؟
1180	هل هناك رابط بين العِرق والذكاء ؟
1181	متى وصل الهون-المجريون- إلى الأراضي الكارباتية ؟
1182	ماذا يعني مصطلح "أنشطة المعجبين" ؟
1183	ما هو الحجر النيزكي؟
1184	متى كان الظهورالأول لبريانكا تشوبرا في الأفلام؟
1186	ما هي أول دولة في العالم وفي قارة أوروبا تسمح بزواج المثليين؟
1187	كم بلغت ايرادات فيلم" قراصنة الكاريبي" في امريكا؟
1188	متى وقعت غزوة مؤتة أو سرية مؤتة؟
1189	ما هو علم البرديات؟
1190	ما هو اضطراب الشخصيّة الحدّي؟
1191	متى حفرت قناة السويس؟
1192	متي قامت الثورة السورية ؟
1193	من هو مايكل فلين؟
1195	متى ولد رودولف ديزل ؟
1196	ما هي السباحة المتزامنة؟
1199	هل يأكل الاسكيمو معظم طعامهم نيئاً؟
1200	ما هي متلازمة صدمة الاغتصاب؟
1201	متى تاسست مؤسسة الاتصالات المصرية؟
1202	ما هو اصل هانيبال ؟
1203	أين ولد الممثل يوسف وهبي؟
1204	في أي عام تأسست منظمة الشرطة الجنائية الدولية الإنتربول؟
1205	ما هي المقاومة الكهربائية؟
1206	من هو الرئيس الأول لفيتنام الشمالية ؟
1208	ما هو سرطان المبيض ذات الخلايا الصافية؟
1209	كم عمرمدينة  صنعاء القديمة ؟
1210	اين تقغ مدينة شبام ؟
1211	من هو صاحب رواية "مرتفعات ويذرنج"؟
1212	ما هو الربيع العربي ؟
1213	متي إندلعة الثورة اليمنية ؟
1214	متى حدثة النكبة الفليسطينية ؟
1215	من هي كايلي مينوغ؟
1216	متى حصلت ثورة العشرين في كربلاء؟
1218	ما هو الحجاب الحاجز؟
1219	أين توجد قلعة قايتباي؟
1220	متى إنتهى عهد سوريا العثمانية ؟
1221	في أي عهدٍ عاش جلال الدين الرومي ؟
1222	متى ولد الملك الناصر ناصر الدين محمد ؟
1223	لماذا سمي جعفر بن أبي طالب بجعفر الطيار ؟
1224	من رئيس مصر في حرب أكتوبر1973؟
1226	في أي عام أنتج الفيلم السوري "
1228	ماذا يعني مصطلح "الآي بي" ؟
1229	ما هي متلازمة تيرنر؟
1230	كم يبلغ طول نهر دجلة ؟
1231	كم تبلغ نسبة اليهود في المغرب؟
1232	من هو  ديفيد فينشر؟
1233	أين تقع منطقة تهامة؟
1234	ما اسم برنامج دونالد جون ترامب التلفزيوني؟
1236	من هو حورس؟
1241	ماهى عاصمة كوريا الشمالية ؟
1242	ماهو أول بلد تأسست فيه شركة نستله ؟
1243	ما هو الكافيار ؟
1248	من هو مؤسس مشروع غوتنبرغ الرقمي؟
1249	اين توجد مدينة نيوكاسل أبون تاين؟
1250	كم استمرت الانتفاضة الفلسطينية الثانية؟
1254	في اي عام تم التوقيع على الاعلان العالمي لحقوق الانسان؟
1255	من هو مبتكر الجدول الدوري الحديث ؟
1256	متى يحدث الشفق القطبي ؟
1257	متى صدر مسلسل الانمي افاتار:أسطورة كورا ؟
1259	كيف توفي صدام حسين؟
1260	هل كاتدرائية كولونيا مبنية على الطراز القوطي؟
1261	متى تأسست كوريا الشمالية؟
1262	متى ولدة ماريا شارابوفا ؟
1263	متى قامت معركة مرج دابق؟
1264	في أي عام تم إنتاج فيلم مذكرات بريدجيت جونز؟
1265	متى عاش إد جين القاتل الأمريكي؟
1266	ما هو الاسم الكامل للمطرب محمد فؤاد؟
1267	ما كانت عاصمة الدولة الطولونية ؟
1268	ما هي كثافة الزئبق؟
1269	متى حازت  اللجنة الدولية للتغيرات المناخية على جائزة نوبل للسلام؟
1271	ما هو فحص الزغابات المشيمية؟
1272	ما هي مجموعة المجرات المحلية؟
1273	متى شيّد شارع الرشيد من أقدم وأشهر شوارع بغداد؟
1274	متى نشأة مدرسة الهندسة بالقلعة ؟
1275	متى وصلت المسيحية إلى تونس؟
1276	أين تقع عاصمة سورية ؟
1277	كم عدد البلدان التي كانت تقع على خط الحجاز؟
1278	ما هو الكساد الكبير؟
1279	بماذا سميت طريق التجارة العربية في الماضي ؟
1280	ما هي أكبر مطبعة في العالم لطباعة المصحف؟
1283	ما هي منظمة ويكيليكس؟
1285	ماهي مساحة الـمملكة العربية الـسعودية؟
1287	من هو صاحب النظرية النسبية ؟
1289	متي يحتفل بعيد الفصح ؟
1290	كم استمرت فترة رئاسة عبد الكريم قاسم؟
1291	ما هو عدد الزمر الدموية ؟
1292	متى تأسس المتحف العراقى الوطنى ؟
1294	أين تقع مدينة النجف؟
1295	متى تم اختراع معجون الاسنان ؟
1297	من هو بابا الكنيسة الرومانية البلجيكية ؟
1299	ما هي النظرية النسبية ؟
1300	أين يقع مرج ابن عامر أو سهل زرعين؟
1301	ما هو مبدأ استبعاد باولي؟
1302	بماذا إشتهر وليد بن سامي ؟
1303	متى ولد الماريشال بيجو؟
1304	من هي أول شاعرة تلقي قصيدة في حفل تنصيب رئاسي؟
1305	ما هي العوالق أو البلانكتون؟
1306	اين ولد الشيخ بطرس الخوري؟
1307	كم عدد أفراد عائلة سيمبسون ؟
1309	ما هي اللغة الرسمية في لبنان؟
1311	هل محافظة شبوة هي أكبر محافظات اليمن؟
1312	من هو مؤسس نستله؟
1313	من هو المؤرخ الوحيد حتى الآن الذي حاز على جائزة نوبل؟
1314	أين ولد شكري القوتلي؟
1315	من هو أبو حنيفة النعمان؟
1316	من هم الأدَارِسَة ؟
1317	كم عدد أبناء صالح محمد صالح عبد العزيز العجيري ؟
1318	متى تولى  نجيب الربيعي رئاسة العراق؟
1319	كم يبلغ قطر القصبة الهوائية عند الإنسان؟
1321	كم تبلغ مساحو كوريا الشمالية؟
1322	من هو أحمد بن حنبل؟
1323	هل جمهورية البوسنة والهرسك ساحلية؟
1324	أين يقع المقر الرئيسي للجائزة العالمية للرواية العربية؟
1325	ماهو الشوباكابرا ؟
1326	متى ولد رفيق الحريري؟
1328	ما هي سرعة الضوء ؟
1329	من هو ألفونسو العاشر؟
1330	ما هي تجارة الفوركس ؟
1331	من هو مؤسس دولة باكستان؟
1332	كم تبلغ مساحة كوبا ؟
1335	كم عاماً إستمرت حرب لبنان الأولى ؟
1336	ما هي مدة النفاس للمرأة بعد الولادة ؟
1337	كم يبلغ ارتفاع جبال الألب ؟
1338	ما هو الوقود الحيوي؟
1339	ما هي وحدة شدة قياس الزلازل ؟
1340	ما هي حساسية اللاكتوز ؟
1341	من هو مؤلف مسلسل "غزلان في غابة الذئاب" ؟
1343	من مؤلف رواية " الجريمة النائمة " ؟
1345	ما هو تعريف البروتوكول؟
1346	أين تقع قلعة سمارة؟
1348	أين يقع الصرح الشهير تاج محل؟
1349	ما هو أول ناطحة سحاب في تركيا؟
1350	ما هو الكراتون أو المِجَن؟
1365	ما هو علم أصول الفقة ؟
1367	ما هو الحث الكهرومغناطيسي؟
1497	في أي عام ولدت المغنية البريطانية أديل؟
1517	متى كانت أول ألعاب البحر الأبيض المتوسط؟
1539	ماهو نظام الحكم في نظام الحكم في تركمانستان ؟
1550	ما هو عدد دول الاتحاد السوفييتي السابق؟
1564	هل يمكن استخدام صدف المحار كآلة موسيقية؟
1602	من هي حضارة قتبان ؟
1615	ماهى مساحة طرابلس اللبنانية ؟
1632	أين يحدث الانقسام الخلوي المتساوي ؟
1770	ماهى الطاقة ؟
1801	ما هو المشبك العصبي؟
1878	ما هي درجة الصفر مطلق؟
1889	هل الزكام  مرض جرثومي؟
2163	ما هو أعلى خزان مائي؟
2175	أين تقع ولاية جيجل؟
2206	متى تحصلت الأوروغواي على كأس العالم لكرة القدم لأول مرة؟
2213	من هي والدة النبي محمد؟
2229	ما هو شكل الحويصلة الهوائية؟
2230	متى توفى أبي موسى الأشعري ؟
2259	ما هي الجُمهُورِيَّة الهِيلِينِيَّة؟
2274	هل تطل الإمارات العربية المتحدة على الخليج العربي؟
2296	متى ولد إيريك ارون بيشوف رجل الأعمال الأمريكي؟
2311	ماهو فقر الدم ؟
2317	متى ولد جون كيري؟
2332	ما هي طائفة البهرة؟
2354	في أي دولة يقع ضريح هارون الرشيد؟
2362	من هي الشركة المصنعة للطائرة المقاتلة أباتشي ؟
2417	من هو اول ملوك العراق من الأسرة الهاشمية؟
2436	من هو صاحب كتاب الموجز في الشعر العربي؟
2443	ما هي عاصمة البيرو؟
2463	كم عدد الحروف الأبجدية في اللغة الألمانية؟
2469	أين يقع المقر الرئيسي للجنة الأمم المتحدة الاقتصادية والاجتماعية لغربي آسيا (الإسكوا)؟
2476	ما هو السهم التجاري؟
2522	ما هو الاثناعشر؟
2525	متى تأسس مجمع اللغة العربية بالقاهرة؟
2538	ما هي رابطة مسلمي عموم الهند؟
2546	متي بدأ إستعمال أول آلة حياكه ؟
2557	ما هي الإسكوا ؟
2577	ما هي الدوالي المريئية ؟
2639	من الوزير البريطاني الذي وعد اليهود بأرض؟
2644	اين يقام مهرجان جرش ؟
2649	ما اسم ملك الأردن لعام 2017 ؟
2672	كم تبلغ مساحة شبه جزيرة سيناء؟
2673	من حاز على لقب كأس العالم لكرة القدم 2010 ؟
2708	في أي عام أنشئ معهد المخطوطات العربية؟
2736	ما هو عدد حلقات مسلسل أبطال الديجيتال (الجزء الأول)؟
2774	ما هي اقرب مجرة الى الارض؟
2776	من هم السكان الاصلين لي أمريكا الشمالية ؟
2781	متى يحتفل بعيد الفطر ؟
2821	ما هي المحكمة العرفية؟
2844	متى تأسس الجيش الأمريكيّ ؟
2855	ما اسم والدة الرسول صلى الله عليه وسلم ؟
2859	ما هو الجبر الخطي ؟
2863	ما هو  الوقود الأحفوري؟
2866	اين يوجد حي الاعظمية؟
2929	متى تولى بوتين الرئاسة؟
2941	ماهو رمز الرمل الكيمائي ؟
2966	متى عاش جيرولامو سافونارولا؟
2996	ألى أي محافظة تنتمي الكوفة العراقية؟
3017	ماهو اسم أكبر صحاري السعودية؟
3024	من هو آرثر نيفيل تشامبرلين؟
3043	ما هو الفشل الكلوي؟
3075	ما هو مصل الدم؟
3078	هل يعد الديوتريوم أحد النظائرالطبيعية للهيدروجين؟
3091	متى تم توقيع اتفاقية جنيف لتحسين حال الجرحى والمرضى من القوات المسلحة في الميدان؟
3108	ما هي مساحة ليبيا؟
3152	كم تبلغ مساحة سيناء ؟
3186	كم يبلغ عدد دوائر العرض الجغرافية؟
3202	كم عدد البطولات التي فاز بها نادي أرسنال لكرة القدم ؟
3223	ما هو عدد دول منظمة التعاون الاقتصادي للبحر الأسود؟
3228	هل تقع الكروموسومات في نواة الخلية ؟
3264	متى تأسست جريدة الثورة اليمنية؟
3283	متي تحصلة جمهورية سريلانكا علي إستقلالها؟
3305	ما هي الفيزياء الطبية؟
3334	متى أول مرّة شاركت كرواتيا في كأس العالم  لكرة القدم؟
3340	من هو الفريق الفائز بكأس العالم لعام 2006 ؟
3350	أين تقع قاعدة تفتناز الجوية العسكرية؟
3363	ما هي النزارية؟
3367	ما هي نسبة المسلمين في أوروبا ؟
3373	متى يحتفل مسيحيو سوريا بعيد القديسة بربارة؟
3408	اين تقع كنيسة سيستينا؟
3446	أين نشأت حضارة وادي السند؟
3553	متى توحدّت  الجمهورية اليمنية؟
3567	اين تقع مدينة الحوامدية؟
3572	ما هو العَصَبُون؟
3589	كم عدد أنواع الطيور في جزيرة سقطرى ؟
3603	من كان أول رئيس للجمهورية التونسية؟
3617	متى تأسس نادي أهلي دبي لكرة القدم؟
3648	ما هي الإسكيمية؟
3693	ما هي عاصمة فنزويلا؟
3771	هل الدوس لغة برمجة؟
3799	أين يتواحد الدواسر؟
3803	أين كانت أول كأس العالم لكرة القدم؟
3821	الى أي حزب ينتمي السياسي الفلسطيني اسماعيل هنية؟
3830	من بنى مدينة القيروان؟
3867	من أسّس السلطنة الكثيرية الحضرمية؟
3885	ماهو أكبر مسسب لسرطان الجلد ؟
3891	من قام ببناء مدينة بغداد ؟
3924	أين يقع مطار شارل دوغول ؟
3944	ما هي صلاة قيام الليل؟
3947	أين يقع مضيق ماجلان؟
3984	في أي عام تأسس حزب البعث العربي الاشتراكي في سوريا؟
4046	متى حدث هجوم شمال سيناء ؟
4100	ما هو الزراعة المستدامة؟
4163	ماهى الصفائح الدموية ؟
4182	متى صدر وعد بلفور؟
4192	متى وصلت اول مركبة فضائية إلى سطح القمر ؟
4249	متى تم اصدار قانون الصحافة والمطبوعات في اليمن؟
4272	ما هو الماء المسوس ؟
4278	ما هو الديربي مانشستر؟
4282	هل يسبب  عدوى فيروس الهربس البسيط التهاب القرنية ؟
4289	متى تأسست أكاديمية اتيس لعلوم الطيران؟
4292	ما هو جذع الدماغ؟
4299	كم عدد الأعضاء الأصليين في الأمم المتحدة ؟
4308	متى تم تأسيس شركة ماكدونالدز الأمريكية؟
4364	ما هو أكبر عضو في جسم الإنسان؟
4412	هل يمكن للمثليين والمثليات الزواج في بولندا ؟
4426	ماهي أقسام الأذن الثلاثة؟
4428	متى إندلعت الحرب الأهلية الأمريكية ؟
4437	هل كان الماموث من فصيلة الفيلة؟
4452	في عهد اي خليفة تم بناء القصر العباسي؟
4520	متى توفي الملك فاروق ؟
4526	متى كان أول كأس أوروبا للأمم ؟
4571	ما هو عدد الكم الثانوي أو عدد الكم المداري في ميكانيكا الكم؟
4582	كيف تنتج الطاقة النووية ؟
4637	في أي عام تأسس جهاز المخابرات الوطني العراقي؟
4666	من هو رئيس الإمارات العربية المتحدة ؟
4745	ما هي نقطة الغليان؟
4767	متى تأسست مجموعة ماجد الفطيم ؟
4768	ما اسم ام النبي يوسف ؟
4769	من هو الظافر بن ذي النون؟
4775	هل الكاميرون بلد ساحلي؟
4825	متى ولدت ماري أميرة الدنمارك؟
4841	متى سمحت المانيا بزواج المثليين؟
4860	متى تولى الملك عبد الله الثاني بن الحسين الحكم في الأردن؟
4879	ما هي الدول المجاورة لليمن ؟
4881	متى تأسس كأس العالم للأندية ؟
4883	متى يتم الاحتفال بيوم النصر في روسيا؟
4977	هل الكتابات على الجواز الجزائري فرنسية ؟
4991	هل يقع الفص الجبهي في الجزء الأمامي لنصف الكرة الدماغية؟
5025	متى استلم عبد الملك الحوثي زعامة حركة أنصار الله اليمنية؟
5067	متى تاسست منظمة الاسكوا ؟
5089	ما هو تخصيب اليورانيوم ؟
5148	أين تقع تطوان؟
5175	ماهي الدول المشتركه في حدودها مع الكويت ؟
5255	من كان حاكم السعودية في معركة الرياض 1902؟
5258	ما نسبة المسلمين في جمهورية البوسنة والهرسك؟
5268	من هو مؤلف قاموس المورد؟
5304	ما هو الحمل خارج الرحم ؟
5400	متى حدث وعد بلفور؟
5440	ما هي جنسية مصممة دمية باربي: روث هاندلر؟
5446	متى تاسست جامعة اكسفورد؟
5474	متى كانت أول كأس العالم لكرة القدم؟
5509	من هو صاحب رواية البحث عن وليد مسعود؟
5517	من فاز بكأس العالم 2006 ؟
5670	كم تبلغ مساحة ميناء الملك عبد العزيز؟
5685	ما هو اسم ملكة مملكة سبأ الوارد ذكرها في الكتاب المقدس والقرآن؟
5713	في أي عام نالت تونس استقلالها؟
5755	ما هو حق الفيتو؟
5769	أين تقع محمية طابا؟
5780	اين تقع تبوك ؟
5803	هل إلتحق عبد الحليم وهبه حسن سعفان بالأزهر؟
5829	أين يقع المسجد الأقصى ؟
5839	كم يبلغ الحجم المطلق لمجرة درب التبانة؟
5846	أين تقع مدينة شبين الكوم؟
5884	أين وقعت معركة مرج دابق؟
5905	متى تم اغتيال الملك فيصل ؟
5916	ما هو الوريد القطني الصاعد ؟
5931	ما هو عدد الفقرات الصدرية؟
5937	كم يبلغ تعداد سكان شبه جزيرة سيناء ؟
5940	ما هي الغدة الدرقية ؟
5988	ما هي الإمارات العربية المتحدة ؟
6012	ما اسم الشركة التي صممت لعبة الباربي؟
6029	ما هي الوذمة الدماغية؟
6047	متى تم عرض فيلم قلباً وقالباً ؟
6122	هل يحتوي المحار على فيتامين ب 12؟
6138	من هو رئيس الجمهورية التونسية ؟
6158	ما هي دورة الشريان التاجي؟
6172	ما هو أكبر محيط مساحةً ؟
6262	من كم طبقة تتركب العين ؟
6284	هل سبق وفاز مارادونا بالكرة الذهبية لأفضل لاعب بالعالم؟
6309	ما هي المبيدات الحشرية ؟
6310	من كان زعيم حركة أنصار الله اليمنية قبل تولي عبد الملك الحوثي للزعامة؟
6329	كم عدد الدول الخليجية العربية؟
6330	متى تاسس حزب البعث في سوريا؟
6338	اين توجد بقعة جرافنبرج؟
6406	هل غلقت  الحكومة  المصرية الأنترنات في ثورة 2011؟
6534	متى لعب دييغو مارادونا مع نادي نابولي الايطالي؟
6559	ما هي عاصمة ولاية هاواي ؟
6569	متى وقعت الحرب الاهلية الامريكية ؟
6620	كم محافظة في الكويت؟
6622	أين عقد المؤتمر الصهيوني الأول؟
6626	اين تقع مدينة الزرقاء ؟
6647	ما هو الفشل الكلوي ؟
6663	متى تولت هيلاري كلينتون منصب وزير الخارجية الأمريكي؟
6674	كم عدد أركان الإيمان ؟
6721	متى تولى الأمير التميم الحكم في قطر؟
6750	ما هي الكائنات وحيدة الخلية؟
6757	أين تم اكتشاف الايريديوم؟
6773	من هو فاروق حسني؟
6797	كم استمرت الحرب الاهلية الامريكية؟
6803	من هي اول دولة قامت بصنع القنبلة النووية؟
6804	ما هي متلازمة كوشينغ؟
6809	اين توجد مدينة عفرين؟
6815	متى تأسس المنتخب المغربي ؟
6842	كم لتر في المتر مكعب؟
6882	من هو جمال الدين الافغاني؟
6893	كم عدد دول الخليج العربي ؟
6898	من هو كاتب مانغا هجوم العمالقة ؟
6900	كم يبلغ تعداد المسلمين في أوروبا ؟
6923	متى تأسس مركز محمد بن راشد للفضاء؟
6929	من هو مؤسس الفيس بوك؟
6930	أين تقع مدينة لوزان؟
6958	متى كانت أول كأس أوروبا للأمم في كرة القدم؟
7080	ماهو علم النبات ؟
7083	من هو حمد بن ثامر آل ثاني؟
7291	ما الكتاب السماوي الذي نزل على النبي  داود؟
7312	أين تقع ليبيا ؟
7324	كم عدد طبقات جلد الانسان؟
7328	ما هو أقدم ناد رياضي بمدينة صفاقس التونسية؟
7332	ما هي الخلايا النبوتية؟
7335	ما هو اقصى تردد يمكن للأذن البشرية سماعها؟
7359	من هو صاحب تفسير المنار؟
7368	ما عدد الفقرات الصدرية؟
7369	متى تأسس المنتخب العراقي لكرة القدم؟
7379	كم عدد الدول التي تمتلك حق التصويت الفيتو ؟
7384	ماهى العقارات ؟
7387	مما تتكون العظام؟
7388	من كانت أطراف النزاع في معركة مراوي ؟
7402	كم تبلغ مساحة سيناء؟
7464	أين تقع مدينة الحسكة؟
7469	في أي فترة وقعت الحرب الأهلية الأمريكية؟
7488	ما هو غاز الميثان ؟
7495	ما هو السهم (في التجارة)؟
7561	أين تقع مدينة هيبون؟
7569	ماهى مساحة ليبيا ؟
7572	من بنى قلعة صاحبة الجلالة الشهير باسم برج لندن؟
7596	متى تأسس نادي تشيلسي ؟
7601	كم عدد رؤوس نجمة داود؟
7604	ماهو عدد ألقاب الدوري الأنجليزي  التي توج بها نادي أرسنال لكرة القدم ؟
7700	متى قام الإسكندر الأكبر بغزو مصر؟
7728	هل شاركت  الولايات المتحدة في الحرب العالمية الأولى؟
7734	متى  بدأ أول بث تلفزيوني أرضي من واشنطن؟
7758	ما هو الفتق الحجابي؟
7790	ما هو بروتوكول الانترنت IPv4 ؟
7798	متى توفي إلفثيريوس فينيزيلوس ؟
7799	متى تم إنشاء القوات المسلحة الكويتية ؟
7829	ما هي فترة الحمل للأخدر  أو الأحقب؟
7835	من هو ملك المملكة الأردنية؟
7882	متى وقعت معركة مرج دابق؟
7910	في أي قارة تقع شبه جزيرة سيناء؟
7911	كم عدد صمامات القلب ؟
7920	في أي عام تأسس نادي تشيلسي لكرة القدم ؟
7922	أين تقع الكويت ؟
7979	من هم الجرمانيون؟
8008	أين تأسست الجامعة العالمية للعلوم الإسلامية؟
8045	اين تفع جزيرة هاوي ؟
8060	ماهو العدد الذري لعنصر المنغنيز ؟
8091	كم تبعد المسافة بين البحرين و قطر؟
8098	في أي عام تأسس مجلس التعاون الخليجي؟
8154	أين يحدث الانقسام الخلوي الاختزالي؟
8245	كم عدد مواسم مسلسل "أسطورة كورا" ؟
8302	كم تبلغ مساحة  جزر هاواي؟
8328	هل توجد رابطة حقوق الإنسان في البحرين؟
8400	من هو مؤلف رواية ملائكة و شياطين ؟
8405	ماهو تعداد سكان حِمص ؟
8408	من هو منتج فيلم الرسالة؟
8431	هل تعد ويلز جزءاً من بريطانيا العظمى؟
8445	أين تقع جبال البابور ؟
8467	من هو مؤسس شركة بوما الرياضية ؟
8505	كم عدد مواسم مسلسل بريزن بريك ؟
8587	كم عدد أبناء وبنات الملكة صافيناز ذو الفقار ؟
8614	من هي ملكة سبأ المذكورة في القرآن ؟
8670	في أي عام تأسست شركة ماكدونالدز؟
8704	ما معنى زواج المثليين؟
8741	ما هو فريق الدرع (كلاب العدالة)؟
8762	في أي عام تفككت دولة يوغوسلافيا؟
8790	متى تاسست الدولة السعودية الثالثة ؟
8837	من هو الأمير خليفة بن سلمان آل خليفة؟
8862	اين توجد مدينة بنغلور؟
8892	من هم الهنود الحمر ؟
8894	أين تقع روتردام؟
8898	ما هي اللغة الرسمية في البرازيل ؟
8911	ماهوالمضيق البحري الذي يشرف عليه اليمن؟
8949	من كم دولة يتكون مجلس التعاون لدول الخليج العربية؟
9041	من هو فيلهلم الثاني؟
9043	كم يوم بين عيد العنصرة و عيد القيامة؟
9060	من هم فقهاء الصحابة ؟
9066	أين تم العثورعلى مستحاثة (لوسي) لأول مرة؟
9076	متى تم اطلاق اول مركبة فضائية ؟
9099	متى تم نشر خطاب جيتيسبيرغ ؟
9101	في أي عام تأسست الجامعة العالمية للعلوم الإسلامية؟
9104	في أي عام ولد الملك عبدالله بن الحسين؟
9131	كم عدد القاب نادي موناكو بالدوري الفرنسي؟
9140	ما هو العظم الزورقي؟
9151	ما هو علم النفس الاجتماعي؟
9177	ماذا حدث في تفجيرات مدريد 2004؟
9199	كم عدد اعضاء البرلمان المصري؟
9270	ما هي  فلسفة الأخلاق؟
9274	متى تم تأسيس إتحاد كرة القدم الليبي ؟
9356	متى تأسست جمعية الهلال الأحمر الكويتي؟
9368	متى ولد المسيح ؟
9384	من هو رئيس روسيا البيضاء عام 2014 ؟
9434	من هو الرئيس الحالي  في روسيا البيضاء؟
9437	هل يذوب فيتامين بي 12 في الماء؟
9525	من هو جايوس فلامينيوس نيبوس؟
9582	في أي عام تأسست الصحيفة الأمريكية واشنطن بوست؟
9649	متى تأسست شركة الإنفيديا ؟
9681	ما هي أقدم مكتبة إسلامية؟
9682	متى تأسس حزب البعث العربي الاشتراكي العراقي؟
9719	أين تقع محافظة حضرموت؟
9733	أين تقع السويد ؟
9736	من كم قسمٍ يتكون الجهاز العصبي ؟
9785	ما هي المدرسة النقدية؟
9807	كم عدد مرات فوز نادي ارسنال بالدوري الإنجليزي الممتاز لكرة القدم؟
9830	متى تم اقامة اول اولمبياد ذوي الأحتياجات الخاصة ؟
9840	ما هي الظهارة؟
9869	متى تأسس نادي تشيلسي الانجليزي؟
9887	ما هو اعتلال الأعصاب السكري؟
9911	ما هو احدث نطام تشغيل من شركة مايكروسوفت ؟
9925	كم بلغت فترة تدريب المدرب الفرنسي ارسين فينغر لنادي ارسنال؟
9930	متى فُجرت أول قنبلة نووية للاختبار؟
9943	ماهي الأمراض المنقولة جنسيا؟
9946	متى تم توقيع اتفاقية جنيف الأولى؟
9949	من هو خير الدين التونسي؟
10001	من هو نورمان شوارتسكوف؟
10002	هل ثلاثي الغليسريد مفيدة للجسم؟
10004	اين تقع قلعة الحصن؟
10005	ما هو الحكم الرشيد؟
10006	ماهي جنسية اللاعب الافريقي ساديو ماني؟
10007	ما هو الاضطراب الجيني؟
10008	أين يلتقي نهري الدجلة والفرات ؟
10009	ما هو عدد العظام في جسم الإنسان البالغ ؟
10010	ما هي الزيدية؟
10012	متى قامت ويكيليكس بنشر أول وثيقة على موقعها؟
10013	متى تم افتتاح حلبة فورمولا ون في البحرين؟
10014	ما هو مجمع خلقيدونية؟
10015	أين تقع ولاية أيداهو؟
10016	ما هو الكربون النشط؟
10017	من هو مؤسس هيئة البيعة السعودية؟
10018	من هي ستيفاني مكمان؟
10019	متى بدأ حكم المماليك لمصر ؟
10020	متى بدأ عصر النهضة ؟
10021	أين ولد أبو عبد الله حمود عقلا الشعيبي ؟
10022	هل  تقع  مدينة هرمز القديمة البرية على سواحل البحر؟
10024	من هو مختار التتش؟
10025	مما يتركب الهواء الجوي ؟
10026	متى أُنشئ البرلمان النرويجي؟
10028	أين ولد رينيه ديكارت ؟
10030	ماهو كره الرجال ؟
10032	في أي عام أنتج مسلسل الأطفال كان يا ما كان المكتشفون؟
10033	متى تأسست اللجنة الدولية للصليب الأحمر؟
10035	ما هو معتقد الماسونين
10036	أين تقع اوتاوا؟
10037	ما معنى الجيوسياسية؟
10041	من هو مايكل ريتشارد بنس؟
10044	ما هو الهيم؟
10045	كم سنة استمرت الثورة الفرنسية؟
10046	أين تقع مدينة تازولت؟
10047	في أي عام ولد الفنان عمرو دياب؟
10048	ما هو نظام الحكم في اليابان؟
10049	متى تاسس جهاز الشرطة الانجليزي ؟
10050	ما هي وكالة المخابرات المركزية؟
10051	في أي عام عقدت قمة اللاءات الثلاثة في العاصمة السودانية الخرطوم ؟
10052	ماهو السعال الديكي؟
10053	اين تقع مدينة تريم؟
10054	متى بدأت الحرب الباردة ؟
10055	اين توجد جزيرة ماكاو؟
10056	متى أصدر دستور الإمارات؟
10058	متى شاركت كوريا الجنوبية أول مرة في كأس العالم لكرة القدم ؟
10059	ما هي عاصمة ويلز؟
10060	أين تقع مدينة سيرتا؟
10062	ماذا كان حنبعل في الدولة القرطاجية؟
10063	متى تسلم ملك البحرين حمد بن عيسى آل خليفة الحكم؟
10064	من هو نصير الدين همايون؟
10065	من كم مقعد يتألف مجلس النواب الأمريكي؟
10066	متى تم توحيد إيطاليا ؟
10067	متى توفي محمود الغزنوي ؟
10068	من هي ماريا كريستينا دي هابسبورغ؟
10069	ما هي العقد اللمفاوية ؟
10072	ما هي الهجرة الداخلية؟
10073	من هو الإمبراطور تيتوس؟
10077	أين تقع  البحيرات المرة؟
10080	متى ولد ماريا إيلين كانتويل ؟
10083	من هو ابو الاسود الدؤلي ؟
10084	متى تم اغتيال الصحفي الفلسطيني غسان كنفاني؟
10085	من هو راجح بن غالب لبوزة؟
10086	من هو مؤسس حركة فتح؟
10089	متى تأسس حزب العمال الكردستاني؟
10091	ما هو الإِثْمِد؟
10092	ما هو العنف؟
10093	ماهو وزن القرش الأبيض الكبير البالغ ؟
10094	متى توفي جوزيف بينسون فوراكر ؟
10095	أين تقع مدينة الدرعية؟
10096	من هو غيرهارد شرودر؟
10097	من كان القائد الأعلى والزعيم الروحي لطالبان الأفغانية حتى وفاته؟
10098	ماذا تعني بورتوريكو بالإسبانية؟
10099	اين ولد جبران خليل جبران ؟
10100	متى ولدت هيلاري كلينتون؟
10101	متى تاسست الجمعية الملكية ؟
10105	اين ولد سيجموند فرويد ؟
10106	ما هي العملة الرسمية في موريتانيا؟
10107	هل شاركت اليابان بالحرب العالمية الأولى؟
10108	أين يقع إقليم تارودانت ؟
10109	من هو مؤسس حركة طالبان؟
10133	متى بدأ إستخدام نظام الويندوز في أجهزة  الحاسوب؟
10134	أين تقع منطقة دلتا الدانوب؟
10135	أين تقع صنعاء جغرافيا ؟
10136	من هو  المستعر الأعظم؟
10138	كم تبلغ مساحة  البحر الأسود؟
10139	هل يمكن توليد الطاقة باستخدام النفايات؟
10140	ما هي الدبكة؟
10146	أين تقع منطقة الجلجثة؟
10147	هل توجد أقليات غير مسلمة وغير سنية في المملكة العربية السعودية؟
10149	من هو الامبراطور جستينيان الأول؟
10154	أين تقع قرية نصيب السورية؟
10156	ما هي الماركسية اللينينية؟
10158	من هو منشئ دوقية فنلندا العظمى ؟
10159	من أول رئيس للجزائر بعد الاستعمار الفرنسي؟
10160	من هو الرئيس السادس لجمهورية مصر العربية؟
10161	من هو رئيس رئيس مرصد حقوق الإنسان في السعودية ؟
10163	ماهو أسم أقدم جامعة بريطانية؟
10164	ما هو حكم تعدد الزوجات في الدين الإسلامي ؟
10167	هل الغدة الدرقية غدة صماء؟
10168	متى عاش علي الوردي عالم الإجتماع العراقي؟
10170	ما معنى سد الذرائع ؟
10173	كم تبعد سرت الليبية على العاصمة طرابلس؟
10176	أين يقع مقر شركة تاتا موتورز المحدودة متعددة الجنسيات؟
10177	أين تقع جمهورية باكستان الإسلامية ؟
10178	في أي عام تأسست شركة جوجل؟
10179	أين تقع جبال القوقاز؟
10180	ما هي تقنية الواقع المعزز؟
10181	كيف يمكن التعرض لفيروس الإلتهاب الكبدي ؟
10182	ما هو العصر الفيكتوري ؟
10184	ما هي اللوثرية؟
10186	كم عدد الدول التي كانت تحت سيطرة الإتحاد السوفياتي؟
10187	في أي متحف يوجد حجر رشيد؟
10188	متى تأسست جامعة برلين للتكنولوجيا؟
10191	متى انتهت الحرب العالمية الثانية؟
10193	ما هو مذهب الإمام أبو حنيفة النعمان بن ثابت؟
10195	في أي عام تأسس نادي برشلونة؟
10196	متى أنتج الفيلم الوثائقي إعدام فرعون؟
10197	ماهو تعداد سكان جمهورية السلفادور؟
10199	ماهى مساحة موريتانيا ؟
10200	ما هو علم اللسانيات الاجتماعية؟
10201	هل يحمي قانون حماية العسكريين كاشفي الفساد في الولايات المتحدة ؟
10202	ما هو تاريخ آخر بث لقناة ارتينز؟
10204	ما هى عملية التحول الجنسي ؟
10206	من هو فينسنت برايس؟
10207	من هو ورقة بن نوفل الأسدي القرشي؟
10210	اين توجد ولاية القابل؟
10211	ما هو علم ميكانيكا الهاميلتوني؟
10213	ما هي عاصمة كوبا؟
10214	من هو هاوارد هبوز ؟
10215	هل الاسم الآخر لدمشق هو الشام؟
10216	من قام بإختراع العلاج الكيماوي للسرطان ؟
10219	من هو مصطفى بن بولعيد؟
10220	ما هي بوابة الويب؟
10221	أين تقع جامعة روتشستر؟
10222	من ألّف كتاب شيفرة دافنشي ؟
10223	متى إستقلت الفلبين؟
10224	من هو مؤسس المدرسة التكعيبية؟
10225	أين يعيش حيوان الروبيان؟
10227	متى توفي بدر شاكر السياب ؟
10228	من هو محمد الأمين باي؟
10229	من قام اغتيال الرئيس الأمريكي أبراهام لينكون؟
10231	متى تاسس علم الأقتصاد؟
10233	متى عين داود راحجة في منصب وزيرًا للدفاع في سورية؟
10234	أين تقع مدينة روبيرفال؟
10235	في أي عام تم توحيد شبه الجزيرة الإيطالية ؟
10236	هل كان نابليون بونابرت ملك إيطاليا؟
10238	متى توفي أنور السادات؟
10239	متى عين أحمد معاذ الخطيب رئيسا للائتلاف الوطني السوري المعارض؟
10240	كم عدد أسماء الله الحسنى؟
10241	ما هو سبت النور؟
10243	من كان أول من طرح فكرة التوقيت الصيفي؟
10244	ما هو قسم التبنيج و الإنعاش في المستشفى؟
10245	ما هي الميتافيزيقيا؟
10246	في أي عام قسمت كوريا إلى كوريتين؟
10248	ما هي الغرغرينا ؟
10249	من هو أب بشار الأسد؟
10252	متى تم اختراع اشعة الليزر؟
10255	هل نجحت عملية الهجوم على بيرل هاربر ؟
10256	من هو عبد الرحمن بدوي؟
10258	من مكتشف الحاسوب؟
10261	ما هي أكثر الدول إنتاجاً لقصب السكر في العالم ؟
10263	ماهى وحيدات الخلية ؟
10264	من هو مؤسس المدرسة السريالية؟
10266	ما هو العدد الذري للهيليوم؟
10268	اين تقع كينشاسا ؟
10273	متى صدرت مجلة النيويوركر لأول مرة؟
10275	من هو مجاهد بن جبر؟
10277	كم عدد الإلكترونات الموجودة في أغلفة التكافؤ في عنصر اليورانيوم ؟
10279	ما هو إسقاط مركاتور؟
10280	ما هو النوكلياز الداخلي؟
10281	متى صدر فيلم هالوين ؟
10282	من هم الإخوان المسلمون ؟
10283	ما هو المحيط الذي كان يُعرف باسم البحر الكاهل؟
10285	ما هو موطن الشاي السيلاني؟
10288	ما هو نظام الحزب الواحد؟
10289	من هو موسى الكاظم؟
10293	أين يوجد مختبر الدفع النفاث في الولايات المتحدة؟
10298	ما هي جنسية هيديو كوجيما؟
10299	ماهو تعداد سكان جمهورية تشاد ؟
10300	ماهو السليولوز النباتي؟
10302	هل ممكن ان تسبب الموجات الكهرومغناطيسية الامراض للانسان؟
10303	أين تأسست فرقة أببا ؟
10304	كم بلغ التعداد السكاني للأردن في 2016م؟
10305	متى ولد اللمثل بروس ويلس ؟
10307	في أي عام تأسست رابطة العالم الإسلامي؟
10308	في أي عام توفي الشاعر السوري نزار قباني؟
10309	من هو مؤلف رواية الخيميائي ؟
10310	متى يحتفل الأكراد بعيد النوروز ؟
10311	متى تم افتتاح متحف متحف التاريخ الطبيعي في النمسا؟
10312	متى أصدرت  أول أغاني جورج ر. ر. مارتن؟
10313	في أي مقاطعة أيرلندية تقع منحدرات موهير؟
10315	أين يقع هرم زوسر؟
10316	متى بدأ النزاع على اقليم كشمير؟
10317	متى بدأة حرب الخليج الثانية ؟
10318	هل سيتمكن الإنسان من إستيطان الفضاء في المستقبل القريب ؟
10319	متى ولد الكاتب ويليام غولدنغ؟
10321	أين تقع الولايات المتحدة ؟
10322	مما تتكون شبكية العين ؟
10323	من هو عبد الله بن أبي بن سلول؟
10324	من هي فضيلة الفاروق؟
10325	متى تم إكتشاف قبر توت عنخ آمون ؟
10326	ما هي اكبر مدن المانيا؟
10327	ما هي السنة الكبيسة ؟
10328	من هو ديزموند توتو؟
10336	أين تقع العقبة؟
10337	هل الصرع هو مرض وراثي؟
10339	متى حدثة الثورة اليمنية لعام 2012 ؟
10341	متى توفي كارل غوستاف إميل مانرهايم ؟
10343	كم عدد مرات فوز أرنولد شوارزنيجر ببطولة مستر أولومبيا ؟
10344	أين تقع موناكو؟
10345	ما هو اسم اول دبابة المانية؟
10346	من هو مبتكر الشخصيات الخيالية (السنافر)؟
10347	متى تولى كوفي عنان منصب امين عام الامم المتحدة؟
10348	ما هي الشقيقة؟
10349	ما هو الهلال الخصيب؟
10350	ماذا يسمى علم دراسة الصخور ؟
10351	ما هي المادة الذكية ؟
10352	متى استخدم البارود في الحروب ؟
10353	ما هو العمق الطبيعي للتلم اللثوي؟
10355	من بدأة فتوحات الشام ؟
10358	من قام بانقلاب أو ثورة 14 تموز 1958 في العراق؟
10359	كم تبلغ مساحة ولاية ميلة؟
10360	من أين يقع مسجد سلمان الفارسي؟
10362	أين تقع بازيليكا القديس أوغسطينوس؟
10364	من هو الشريف حسين؟
10365	متى أُعلنت الجمهورية الإسبانية الأولى؟
10369	ما هي ناطوري كارتا؟
10370	ما هي الخوارزمية؟
10371	ماهي أعلى قمة في جبال القوقاز ؟
10372	كيف يتم قياس سرعة الرياح ؟
10376	ماذا يحد أوكرانيا جنوباً؟
10377	ماهو الغسيل الكلوي ؟
10381	ماهو مبدأ التعقيم ؟
10383	ماهو عرض سكة حديد الحجاز ؟
10384	ما هو الخشخاش المنوم ؟
10386	أين تم اكتشاف حجر الرشيد؟
10387	أين ولد كوينتن تارانتينو ؟
10388	متى تأسس نادي الأهلي طرابلس الرياضي ؟
10389	من هم السلوقيون؟
10390	من هو فيليكس دهيريل؟
10391	ماهو الوسواس القهري ؟
10393	هل كل الكائنات الحية تمتلك جهازاً عصبياً؟
10397	ما اسم أول فيلم شاركت فيه كريستين ستيوارت ؟
10399	ما هو الترانزستور؟
10400	ما هي جنسية المخرج بسام الملا؟
10402	متى تأسست القوات المسلحة السعودية ؟
10406	من هو جيروم برونر؟
10408	هل يمكن رؤية مجرة أندروميدا بالعين المجردة؟
10409	ما هي المدينة التي قتل فيها الحسين حفيد الرسول محمد صلى االله عليه وسلم ؟
10410	ما هي الكونفوشية ؟
10411	ما هي الذاكرة قصيرة الأمد ؟
10412	في أي عام أسس بيل غيتس شركة مايكروسوفت؟
10413	متى يصادف يوم الشهيد في الجزائر؟
10414	كم عدد الكواكب الموجودة في مجموعتنا الشمسية ؟
10417	متى تم تأسيس وكالة المخابرات المركزية (سي آي أيه)؟
10419	اين ولد مهاتير محمد ؟
10420	هل تقر الكنيسة الكاثوليكية الزواج المثلي ؟
10423	أين يقع نهر جيحون؟
10424	ما هو الترادف لغوياً ؟
10425	من هو مؤسس الدَّوْلَةُ الفَاطِمِيَّةُ؟
10426	ما هي موقعة صفين؟
10428	متى أصدر فيلم مجزرة منشار تكساس؟
10430	كم عاماً استمر الاحتلال الفرنسي للجزائر ؟
10432	ما هو عدد العضلات الهيكلية في جسم الإنسان؟
10434	من هو مخترع  الدراجة النارية ؟
10435	أين يقع نهر العوجا؟
10436	ماهو هدف الحركة النسوية ؟
10437	من سرق بنك تفليس 1907؟
10439	كم هو عدد ولايات الهند؟
10440	من كم فص يتركب الكبد ؟
10441	اين يوجد متنزه يلوستون الوطني؟
10442	متى تأسست شركة الفابيت؟
10443	من هو لورن دالمبير؟
10445	من هو محمد بن الحسن المهدي؟
10447	من هو البابا فرنسيس؟
10448	متى صنع  أول جهاز حاسوب الكتروني للأغراض العامة؟
10450	ماهى عاصمة مصر ؟
10452	من هم الخوارج في الإسلام؟
10453	متى أُقيمت الألعاب الأولمبية؟
10454	كم يبلغ عدد جزر هاواي؟
10455	من أين ينبع النهر الأصفر؟
10457	هل كان (بومباي) الاسم السابق لمدينة (مومباي) الهندية؟
10458	كم تبلغ مساحة بولندا؟
10460	متى حدثت الحرب الأهلية الفنلندية؟
10462	من هو مخترع التلغراف؟
10463	ماهو إختبار الذكاء ؟
10464	هل موسيقى المالوف هي من أصل جزائري؟
10465	من هو مصمم برج بيزا المائل ؟
10466	في اي مدينة تم توقيع اتفاق الطائف؟
10467	ما هو كيس الصفن؟
10468	أين تقع مدينة كالغاري؟
10469	كم كانت مدة حكم إبراهيم باشا لمصر؟
10470	هل يمكن للمصاب بمتلازمة أسبرجر الإنخراط إجتماعيا ؟
10472	متى طهرت السيخية ؟
10475	من هو عبدالله بن حسين الأحمر ؟
10477	أين ظهرت مملكة الرها؟
10478	متى ولدت الأم تريزا؟
10479	ما هي المجموعة الإثنية ؟
10481	ما هي معركة أجنادين؟
10482	ما هي العمارة القوطية؟
10484	ماهو تعداد سكان محافظة هرمزغان ؟
10485	كم تبلغ مساحة كشمير؟
10487	من هو صاحب رواية "عوليس"؟
10488	ما هو الجلكوز؟
10489	ما هو الجيش السوري الحر ؟
10491	من هو سلطان بن سيف اليعربي؟
10492	من هو مؤلف رواية " حقيقة الخديعة " ؟
10493	متى تم إنتاج فلم (العراب)؟
10494	من هو إبن بطوطة؟
10495	من هم بنو قريظة؟
10496	ما هو الغزو النورماندي؟
10497	في أي عام  ولد دونالد رامسفيلد؟
10498	من أنشأ الدولة الأموية؟
10499	من هي رابعة العدوية؟
10500	هل كانت الكعبة موجودة قبل الإسلام؟
10501	ما هو الشخص الاعتباري؟
10502	من كان أول من أبحر حول أستراليا؟
10503	ما هو الهومو؟
10504	هل يوجد لقاح  للإنفلونزا ؟
10505	هل يؤدي ورم العصب السمعي للصداع؟
10507	من هو هنري فورد؟
10508	متى بدأت التجارة الإلكترونية؟
10509	ما هي الحكومة الفيدرالية للولايات المتحدة؟
10510	من هو ابن باجة؟
10511	هل مشكلات تمييز الألوان من أعراض التنكس البقعي؟
10512	متى تأسست  جامعة الزيتونة؟
10513	ماهي النظرية النفعية ؟
10517	متى تأسست اليونيسف؟
10518	هل كان ميلتون فريدمان مستشارًا للرئيس الجمهوري رونالد ريغان؟
10519	ما هو اول فيلم ظهر فيه الممثل شيا سيد لابوف ؟
10520	ما هو تاريخ الأفكار؟
10521	أين تقع مدينة البطحاء؟
10523	ما هو الشريان؟
10524	ما هو القس؟
10525	هل قامت الأمم المتحدة بوضع «يومًا عالميا لرفض ختان الإناث»؟
10528	ما هو عدد الأناجيل في بداية العهد الجديد ؟
10530	متى استلم فلورنتينو بيريز رئاسة نادي ريال مدريد؟
10531	كم عدد مواسم مسلسل لوست ؟
10532	متى بني اول مفاعل نووي في الولايات المتحدة الأمريكية؟
10533	من هو ديسقوريدوس؟
10534	متى عاشت ماري سكوودوفسكا كوري؟
10536	متى إستقلت الكويت؟
10537	هل الأبيض لون؟
10538	من هو عدد الدول التي تنتمي لشبه الجزيرة العربية؟
10540	أين ولد طانيوس شاهين ؟
10541	ما هي نسبة المياه على الكرة الأرضية؟
10545	كم يبلغ وزن فرس النهر البالغ ؟
10546	ما هو علم النفس التحليلي ؟
10547	متى توفي جمال أحمد حمزة خاشقجي ؟
10549	ما هي الرابطة الببتيدية؟
10550	ما هي متلازمة السيروتونين؟
10551	متى أصدر فيلم حكاية لعبة 3؟
10555	هل يجرّم التحرش في قطر؟
10556	هل أصبحت الخطب الدينية وسائل سياسية في يومنا الحاضر ؟
10557	متى تم إكتشاف ايسلندا ؟
10559	أين ولد أبو بكر الصديق ؟
10560	ما هو الداء التنكسي؟
10561	ما هي الميتافيزيقا؟
10564	من أول من اكتشف النشاط الإشعاعي؟
10565	متى سقطت الأندلس من يد المسلمين؟
10566	ما هي الديانة السائدة في ارمينيا ؟
10568	من هو فل جاكسون؟
10569	هل يشير دراسة البشر وسلوك الإنسان والمجتمعات الماضية والحاضرة إلى الأنثروبولوجيا؟
10571	ما هي الملكية الفكرية؟
10572	متى ولد جوليان أسانج؟
10577	من هوأول رؤساء الولايات المتحدة؟
10578	ماهو المكون الأساسي للعظام ؟
10579	ما هو القانون الكنسي للكنيسة الكاثوليكية ؟
10580	ما هو مرض إصبع القدم المطرقية؟
10581	ما هو العصر الجليدي ؟
10583	ماهي أعلى رتبة عسكرية في سلم الرتب العسكرية المصري؟
10584	اين توجد ام القيوين؟
10585	ما هي اللغة الأولى في اليونان؟
10586	ماهو الخيال ؟
10587	من أنشأ شخصية روبن حليف باتمان ؟
10588	ما هي اخوية سيون؟
10589	ما هو الذكاء العاطفي؟
10591	ما هو النظام البيئي؟
10592	ماهو تعداد سكان ميانمار  ؟
10594	متى ولد سلفادور دالي؟
10598	هل  السكريات هي  الكربوهيدرات؟
10599	هل يحرم الدين المسيحي المثلية الجنسية ؟
10604	ما هي رتبة الأدميرال؟
10607	متى وقعت حادثة حفلة شاي بوسطن؟
10608	من هو فيودور دوستويفسكي؟
10611	كم كان عدد أولاد كارل ماركس؟
10612	متى حصل الخلاف الحدودي البحريني القطري ؟
10613	اين تقع شبة جزيرة القرم ؟
10614	ما معنى تسمية الانوناكي؟
10615	كم تبلغ درجة حرارة القمر ؟
10617	أين تقع بلاد الغال؟
10620	من كان مخرج فيلم شرلوك هولمز؟
10621	هل كان فيدل كاسترو ملحداً ؟
10622	أين تقع الغالاباغوس ؟
10623	متى صدر فيلم عازف البيانو؟
10625	هل تعد الهند جمهورية فيدرالية؟
10626	ما وظيفة  المصارع  بطل المسلسل الكرتوني النمر المقنع ؟
10627	متى يقام كأس العالم ؟
10628	متى ظهر الاسلوب الباروكي في البناء؟
10630	ماهو الفيروس المصفر ؟
10631	ما هو انحسار اللثة؟
10632	أين تقع جمهورية اتحاد ميانمار ؟
10633	متى تأسست  جامعة كامبردج؟
10634	هل مصدر المشروبات الغازية كوكاكولا أمريكي؟
10635	أين يقع نهر دجلة؟
10636	ماهو الألزهايمر؟
10637	ما هي السنوريات؟
10638	من مؤلف رواية اولاد حارتنا ؟
10639	هل النرجسية مرض من أمراض اضطراب الشخصية؟
10640	ما هو الكروموسوم؟
10642	من إكتشف سرعة الضوء؟
10643	أين ولد كارل غوستاف إميل مانرهايم ؟
10644	من هو الممثل الذي قام ببطولة مسلسل دكتور هاوس ؟
10645	من هى ماريا تريزا ؟
10646	مم تتألف شبه الجملة في اللغة العربية ؟
10648	ما هو داء غريفز؟
10652	ما هو العقل الباطن ؟
10655	ما هي الحبكة في الأدب؟
10657	ما هي الكوليرا؟
10659	اين ولد الدكتور ابراهيم الفقي ؟
10660	هل تدخل ديناميكية الهواء في تصميم السيارات ؟
10661	ما هي العملة الرسمية في فنلندا؟
10662	متى حصل الغزو الأمريكي للعراق ؟
10663	أين تقع الأندلس ؟
10667	ما عاصمة بنغلاديش؟
10668	أين يقع سد شاحك؟
10669	ما هي العملة الرسمية في السودان؟
10671	أين تقع جزيرة القرم الاوكرانية ؟
10673	ما هي مدينة فيليبوبولس ؟
10674	في أي عام تم إنتاج فيلم أسد الصحراء (عمر المختار) ؟
10675	كم ع المسيحيون في الولايات المتحدة عام 2010؟
10676	من هو الشريف محمد أمزيان؟
10678	اين يوجد مختبر لوس ألاموس؟
10684	من هو محمد بن ماجة؟
10686	متى حفرت قناة  السويس؟
10687	متى انتهت سياسة الفصل العنصري في جنوب افريقيا؟
10688	متي ولد حمود بن عبد الله بن عقلاء؟
10689	ما هي أول دولة في تاريخ الشعب الكوري؟
10690	متى تأسست فرقة الفور كاتس اللبنانية؟
10693	كم يبلغ طول نهر هدسون؟
10694	هل يذوب حمض الكبريتيك في الماء ؟
10695	ما هو الوريد؟
10696	أين تقع مقاطعة بافاريا؟
10697	ما هي الرمال المتحركة ؟
10699	من هو الممثل صاحب شخصية (هومر) في مسلسل عائلة سيمبسون؟
10701	ما هو اسم الطبقة المستقبلة للضوء في العين؟
10702	من هو وصفي التل؟
10703	متى تم إكتشاف حبوب الكاكاو ؟
10704	اين يصب نهر لَكّة؟
10706	من هي روزا باركس؟
10707	ماهي جنسية الفنان العالمي شكسبير؟
10708	كم عدد الأحبال صوتية للإنسان؟
10709	متى زار الإدريسي مدينة حمص؟
10711	من هى زوجة محمد البرادعي ؟
10712	من هو مؤلف موسيقا شهرزاد؟
10713	متى عين يوسف السباعي رئيساً لمجلس إدارة دار الهلال؟
10715	ما هي مبادرة روجرز؟
10716	هل تعتبر البتراء في الأردن من مدن الحضارة النبطية؟
10718	متى صدر فيلم "انسبشن"؟
10719	من هو محمد علي جناح ؟
10720	كم تبلغ مدة الحمل الطبيعي عند الانسان؟
10721	ما هي الأناضول؟
10726	اين ولد الموسيقار محمد عبد الوهاب ؟
10727	هل نزار قباني سوري؟
10730	من إكتشف لقاح الحصبة؟
10731	ما هي أكبر جامعة في فنلندا؟
10733	متى تم عرض أول حلقة من أنمي "ناروتوا شيبودن" ؟
10736	هل الجزر يقوي النظر؟
10740	كم عدد أبواب دمشق؟
10741	متى إستقلت تونس من فرنسا؟
10744	ما هو المذهب الجعفري؟
10745	متى حدثت غزوة تبوك؟
10747	ما هو الخط السيناوي الأولي؟
10748	اين توجد المحكمة العليا الأمريكية ؟
10750	متى تأسس معهد مهندسي الكهرباء والإلكترونيات؟
10751	كم عدد أعضاء فرقة كاريوكي ؟
10753	متى تاسس موقع إيديكس للتعليم عن بعد ؟
10755	ماهى النسبة الذهبية ؟
10756	هل اللقاح ضروري لكل رضيع عند الولادة؟
10757	من هو توت عنخ آمون؟
10758	من هو منشئ موقع فيسبوك ؟
10763	ما هي الكهرباء الساكنة؟
10765	متى وقعت الحرب الأذربيجانية والأرمينية؟
10769	هل كان يقع سوق عكاظ التاريخي في مدينة الطائف؟
10770	في أي عام تأسس الجيش الإسرائيلي؟
10771	ما هو القرص الصلب الحاسوبي؟
10773	ما هي قضمة الصقيع؟
10775	كم عدد الحلقات مسلسل الرسوم المتحركة فلة والأقزام السبعة ؟
10777	ماذا تسمى المسافة من مركز الدائرة إلى أية نقطة من محيطها ؟
10778	هل يوجد فصيلة من حيوان وحيد القرن لونها أبيض؟
10779	متى ولد الدب القطبي كنوت؟
10780	من هم الطوارق ؟
10782	ماهي مجريات أمور المحاكاة؟
10783	ما هو تعريف كلمة الإشعاع؟
10784	أين تقع الشبكية العينية ؟
10787	أين تقع  مدينة زاخو ؟
10788	ما هي عاصمة الزنجبار ؟
10789	ما هو أعلى أهرامات الرئيسية الثلاث في دهشور؟
10790	ما هو حيوان اللايقر ؟
10792	هل طراغونة تعد احد مقاطعات اقليم كاتالونيا؟
10793	متى تأسست بي بي مصر؟
10794	ما هو مرض التوحّد؟
10795	متى تولى رئاسة محمد مرسي ؟
10796	ما هي رابع مدن تركيا سكاناً ؟
10797	من هو القائد التركي الذي أعدم الأحرار في 6 أيار عام 1916 م ؟
10799	متى استضافت روسيا كأس العالم لأول مرة؟
10800	ما هو التفكير المزدوج؟
10801	هل يعد الطحالب عشب بحري صالح للأكل؟
10802	من هم آل بوربون؟
10803	ماهو المخيخ ؟
10804	ما هو عدد أقاليم  تنزانيا؟
10805	ما هو سرطان الثدي ؟
10807	متى قامت حرب تشرين بين العرب واسرائيل؟
10808	كم يبلغ عدد الجزر اليابانية؟
10809	ماهى موسيقى الردحة ؟
10810	متى توفي تشارلز ديكنز؟
10813	أين ولد  النبي المسيح عيسى بن مريم ؟
10814	ما طول نهر دجلة؟
10815	أين ولد تشارلز داروين ؟
10816	متى احتل الجيش الإسرائيلي هضبة الجولان؟
10817	ماهى آلية عمل جهاز الإنجما ؟
10818	من هم جماعة الإخوان المسلمين ؟
10819	أين توجد جامعة شانغهاي جياو تونغ؟
10820	هل كان كارل ماركس يهودياً؟
10821	متى توفي المصارع ايدي جريرو؟
10822	من هو بالدوين الأول؟
10826	من هو دارويين؟
10827	من هو صاحب كتاب جزيرة الكنز؟
10829	متى بدأ عهد حكم أسرة سونغ في الصين ؟
10830	بماذا تشتهر جامعة جنوب فلوريدا ؟
10831	متى ولد جورج أورويل؟
10832	ما هي كتائب القسام؟
10833	من هو محمود عباس؟
10834	ما هو حامل الأيون؟
10835	متى تأسس صندوق الأمم المتحدة الإنمائي ؟
10836	أين عاش  الروائي الأمريكي جورج ر. ر. مارتن؟
10837	ما هو الأَيُون؟
10838	متى بدأ استخدام سيف الكاتانا؟
10839	من هو اول ممثل يفوز بجائزة الأوسكار ؟
10840	من هو مؤلف رواية البخلاء؟
10842	متى ولد أبو عبد الله سفيان بن سعيد بن مسروق الثوري ؟
10843	ما هي جنسية الكاتبة مارغريت آتوود؟
10844	متى ولدة إيمي لو آدمز ؟
10847	هل يمكن استخراج زيت من بذور العنب؟
10850	هل هناك أوز أسود اللون؟
10851	اين يقع قصرغمدان ؟
10853	متى تم إطلاق أول قمر صناعي عربي؟
10855	متى عاش جورج وينت هينسلي؟
10856	من هو المهندس المعماري الذي قام ببناء مسجد  آيا صوفيا ؟
10857	ماهو تعريف علم التوحيد؟
10858	من هم السكان الأصليين لإستراليا ؟
10859	كم استمرت احداث الثورة الشبابية اليمنية؟
10860	من أسس مدينة الخليل في العصر البرونزي المبكر؟
10861	هل يمكن زراعة الكلى؟
10863	ما النظام السياسي في النمسا؟
10864	أين تقع واشنطن؟
10866	كم عدد الدول الأعضاء في الجمعية العامة للأمم المتحدة ؟
10867	ما هو الكحول البوتيلي؟
10871	متى اختراع اول جهاز رنين مغناطيسي؟
10872	أين يقع نهر هدسون؟
10873	متى تم إستخدام السفينة البخارية لأول مرة؟
10875	متى تاسست كرواتيا ؟
10877	ماهو اسم المنطقة اللبنانية الذي ولدت فيه فيروز؟
10879	ما هي معاهدة راستات؟
10882	كيف توفي مالكوم إكس ؟
10883	من هو تعداد سكان بلغاريا ؟
10884	من مؤلف كتاب الكوميديا الإلهية؟
10885	من هو خوفو؟
10886	بماذا يعنى علم الأمراض التجريبي ؟
10887	ماهى حالات المادة الثلاثة ؟
10888	متى تم إطلاق أول قمر صناعي إلى الفضاء الخارجي ؟
10890	متى اندلعت ثورة الشباب اليمنية؟
10891	متى إنفصلت الكورياتين عن بعضهما ؟
10893	لماذا قام الإله زيوس بتحويل آيو إلى بقرة ؟
10894	من هو آرثر واسكو؟
10895	متى انطلق برنامج موقع التراث عالمي ؟
10896	ما أصل  تسمية الشيعة؟
10898	اين يقع اقليم البنجاب ؟
10900	متى إنطلقت الثورة في سوريا؟
10901	من هم البحارنة؟
10904	ما هى أجسام جولجي ؟
10905	ما هي أكاديمية خان؟
10906	ما هي عاصمة بنقلادش؟
10907	أين تقع مدينة إرفاين؟
10908	متى تأسس نادي مانشستر يونايتد ؟
10909	لماذا سمي وادي حضر الموت بهاذا الإسم ؟
10910	متى قتل تشي جيفارا؟
10911	متى كانت مسرحية مدرسة المشاغبين؟
10914	كم عدد أبواب مدينة دمشق القديمة؟
10916	ما هو الاحتباس الحراري ؟
10917	هل تشكل الأجرام القريبة من الأرض خطورة على كوكب  الأرض؟
10920	متى تم تاسيس شركة ليغو ؟
10921	من هو كريستوفر هيتشنز؟
10923	متى تأسس صندوق الأمم المتحدة الإنمائي للمرأة؟
10924	ماهو اسم الجامعة التي تخرج منها العالم المصري (أحمد زويل)؟
10928	كم عدد أبناء جاكلين لي " جاكي" ؟
10929	متى تأسّس نادي الوداد البيضاوي؟
10931	من هو فلندرز بيتري؟
10933	متى تأسست صحيفة لوفيغارو الفرنسية؟
10934	متى أنشأت مدينة مرسية في الأندلس؟
10937	كم عدد اعضاء مجلس النواب الاردني ؟
10938	متى توفي الطبيب فردريك بانتنغ؟
10939	متى تاسست جماعة الجهاد الاسلامي ؟
10940	كم تبلغ مساحة دمشق ؟
10941	متي نشأت دولة إسرائيل؟
10942	ما هو الجهاز العصبي الودي؟
10943	ما هو استخدام تقنية السونار؟
10944	ما هو التعداد السكاني في مصر ؟
10950	في أي عام تأسس الاتحاد الديمقراطي المسيحي؟
10951	من هو صاحب النظرية النفعية ؟
10952	هل النبتون رابع أكبر الكواكب الشمسية؟
10954	ما معنى اسم زكريّا؟
10955	من هو مؤلف كتاب المراقبة والمعاقبة؟
10956	متى أصدرت لعبة كاونتر سترايك قو على نظام الستيم ؟
10957	ما عاصمة اليونان؟
10958	كم يبلغ تعداد سكان الجزائر ؟
10959	متى توفي خادم الحرمين الشريفين الملك عبد الله بن عبد العزيز آل سعود؟
10960	أين يقع وادي أوستا؟
10961	ما هي أول محطة تلفزيونية مسيحية في لبنان؟
10962	متي ولد اليسوع المسيح ؟
10964	مما يصنع الزيت النباتي ؟
10967	من هي آيو في الميثولوجيا اليونانية؟
10969	ما هي المحمية الطبيعية ؟
10970	هل يحتوي باطن النبتون على الجليد؟
10972	متى تأسست الامبراطورية المغولية؟
10973	في أي عام تولى هاري ترومان  رئاسة الولايات المتحدة؟
10975	ما هو الكاثود ؟
10976	في أي عام تأسس نادي رينجرز؟
10978	متى ولد بيل كوسبي ؟
10980	من هي صاحبة رواية برهان العسل؟
10982	من هو صاحب كتاب الإسلام دين المستقبل؟
10983	أين بدأ برنامج الأمم المتحدة الإنمائي؟
10984	في أي عام وقـِّع ميثاق الأمم المتحدة؟
10985	لماذا إنقرض الأسد البربري من البراري ؟
10986	من رئيس روسيا لعام 2011؟
10988	ما هي مملكة نبرة؟
10989	ما هي المصالح المرسلة في علم أصول الفقه؟
10990	في أي عام أُقيم سباق الفورمولا 1 لأول مرة في بلد عربي (البحرين)؟
10991	من هم الهون؟
10992	من هم الفرنجة؟
10993	متى ولد كلود أدريان هلفتيوس؟
10994	ما هي الغدة التي تفرز السكر في الدم؟
10997	متى أنشأ أول برلمان جورجي؟
10998	كيف  تنتقل عدوى داء المشعرات؟
10999	هل الببر السومطري هو من السنوريات؟
11002	من هُم السكان الأصليون لقارة أمريكا؟
11003	من هو الإسكندر الأكبر ؟
11005	ما هو النظام الرأسمالي ؟
11007	من هو مخترع  المولد الكهربائي؟
11009	ما هي الشيزوفرينيا؟
11010	متى ولد الشيخ زايد بن سلطان ؟
11011	ماهي جنسيى الفنان العالمي مايكل أنجلو؟
11012	ماهو تاريخ تأسيس كندا؟
11014	ما هي أعلى قمة في جبال الأنديز؟
11015	اين اقيمت بطولة كاس العالم 1930 ؟
11017	كم نسمة سكّان مدينة تفليس؟
11018	في أي قرن عاش فرويد؟
11019	ما هي عاصمة بوليفيا؟
11020	كم سنة استمرت الحرب الأهلية الأمريكية؟
11021	من هو موسى الصدر؟
11023	هل قامت الحكومة الامريكية باختبارات اشعاعية على مواطنيها؟
11026	كيف عرَّف "دونالد ستون" الخصخصة؟
11027	ما هي الزنمردة ؟
11030	ماهي أقدم عظام تم إكتشافها ؟
11031	ما هو الطيف المرئي؟
11034	ما هي المعلقات؟
11038	ما هو فشل نخاع العظم؟
11040	هل الإناث أكثر عرضة من الرجال للإصابة بمرض هشاشة العظام؟
11042	متى إنتشرة المسيحية في كوريا الجنوبية ؟
11043	ماهو السيال العصبي ؟
11045	ما هي جنسية الشمس التبريزي؟
11047	اين تقع جزيرة ابو موسى ؟
11048	في اي مدينة ولد الروائي اليمني محمد عبد الولي؟
11050	من هو مارتن فان بيورين؟
11051	أين تقع جزيرة سانتا كلارا؟
11053	ماهى مساحة مدينة مانيلا ؟
11056	متى صدرت اول رواية من سلسلة هاري بوتر؟
11057	في أي عام أنتج المسلسل السوري " الندم " ؟
11060	من هو فيليب العربي؟
11061	ما هي سياسة الحل الأخير؟
11062	أين تقع جبال القوقاز السفلية؟
11063	ماهى عاصمة اليابان ؟
11066	ما هي متقلبات ألفا؟
11068	هل من الخطر إعطاء الستاتينات لمرضي القلب ؟
11071	متى بنيت العاصمة  المجرية بودابست ؟
11073	متى نشأت دولة البرتغال؟
11074	ما هو مفهوم أخلاق العمل البروتستانتية؟
11077	من مؤسس  كنيسة يسوع المسيح لقديسي الأيام الأخيرة؟
11078	من هو ويليام شوكلي؟
11079	ما أهمية إدارة مراقبة الحسابات في تونس؟
11080	أين تقع جامعة الزقازيق؟
11083	متى تم تحرير جنوب لبنان ؟
11085	هل تملك الرخويات جهاز العصبي؟
11086	متى كانت بداية الرباعي ورواده؟
11087	ما هما الحزبين السياسيين الرئيسيين في أمريكا؟
11088	ما هي طبقة الغلاف الجوي التي تبدأ من سطح الأرض وتمتد إلى ارتفاع حوالي 10كم؟
11090	أين تقع مدينة توزلا؟
11091	من هو ألكسندر كيرينسكي؟
11094	أين ولد راجح بن غالب؟
11096	من القائد المسلم الأمازيغي الذي فتح الأندلس؟
11097	متى تأسس الحرس الثوري الايراني؟
11098	كم عدد سكان وهران؟
11099	متى تم تأسيس مجلس الشيوخ الأمريكي؟
11101	متى ولد باروخ سبينوزا ؟
11102	ما هو تقمص الروح أو التناسخ ؟
11103	ما هو الإحرام؟
11104	هل يعد مرض التوحد من الأمراض العصبية؟
11105	ما هي النواقل العصبية؟
11106	ما هي دول العالم الثالث ؟
11107	ما هي عاصمة المملكة العربية السعودية؟
11109	في أي عام تأسست كلية الأركان المشتركة العراقية؟
11110	ما هي السريالية ؟
11111	كم يبلغ طول القصبة الهوائية ؟
11112	ما نظام الحكم في هولندا حاليا؟
11114	من هو ماك سينيت؟
11118	من هو بات روبرتسون؟
11120	متى تاسست دولة فيتنام ؟
11122	متى وقعت معركة نيو أورليانز؟
11123	متي قامت الثورة تونس ؟
11125	ماهو تاريخ خروج العرب من اسبانيا؟
11126	أين تقع جامعة غلاسكو؟
11128	متى ولد الشيخ الشعراوي ؟
11130	ما هي الدولة الرسولية؟
11134	متى تولى جورج بوش الإبن رئاسة الولايات المتحدة الأمريكية؟
11135	متى أصبح  فيدل كاسترو رئيس مجلس الدولة ومجلس الوزراء؟
11136	ما هي الصفيحات الدموية ؟
11137	ما هو داء ترسب الاصبغة الدموية؟
11138	ماهى مساحة داغستان ؟
11139	متى تأسست الجريدة السعودية (جزيرة)؟
11142	ما هي البعثات الفضائية المأهولة ؟
11143	في أي عام توفي الزعيم الليبي السابق معمر القذافي؟
11144	متى نزل القرآن الكريم؟
11145	من هو مؤلف رواية القوقعة ؟
11147	متى إنفصلت السودان إلي قسمين ؟
11148	كم يبلغ طول نهر الراين ؟
11150	كم استمرت فترة حكم الرئيس السابق لليمن أبراهيم الحمدي ؟
11152	متى انتهى عصر الدولة الفاطمية؟
11155	متى عاش  جلالُ الدين يلدرم بايزيد خان الأوَّل بن مُراد بن أورخان العُثماني؟
11157	ما أول حضارة في سوريا؟
11158	ما هي  الفصيلة البقولية؟
11159	هل مضادات الفيروسات  تتعرض لما يعرف في مجال الطب باسم مقاومة الدواء؟
11160	كم عدد آيات سورة الرعد؟
11162	من هو أبو أيوب الأنصاري؟
11163	أين يقع إقيلم ماين؟
11165	من هو جون مينارد كينز؟
11167	من هو مؤلف كتاب أفكار حول تعليم البنات ؟
11168	من هم المثليين؟
11169	من أكتشف أول محرك نفاث؟
11170	متى تم تأسيس جامعة دمشق؟
11174	ما معنى اقتصاد روبنسون كروزو؟
11176	من هم الإشكناز ؟
11180	من هي حليمة السعدية؟
11181	ما هي مدة حمل الخيل؟
11182	متى زار إبن بطوطة مدينة بغداد ؟
11185	من هي ملكة بريطانيا الحالية؟
11189	من هو مالكولم نولز؟
11190	متى توفي عبد العزيز بن عبد الله بن باز؟
11191	لماذا تدفن النعامة رأسها في الرمال؟
11192	ما اسم زوجة راغب علامة؟
11194	من قام بتصميم مجلس شيكاغو للتجارة ؟
11197	أين تقع مدينة القيروان؟
11199	في أي عام ولد الإمام الخميني؟
11201	متى تأسس الجوجل بلاي؟
11203	في أي مقاطعة تقع بوغوتا الكولومبية؟
11207	من هو ريتشارد قلب الاسد؟
11209	من كان الابن الحادي عشر من أبناء سيدنا يعقوب الاثنى عشر؟
11212	ما هو اقصى عمق للبحر الأسود؟
11214	من هي كارولين هيرشل؟
11217	ما هو الليبريتو؟
11218	ما هو القداس الإلهي عند المسيحيين؟
11221	متى تاسست فرقة كوين؟
11223	متى ولد المغني والشاعر وعازف الجيتار الأمريكي جون لينون؟
11225	كم يبلغ عدد افراد الجيش الهندي ؟
11227	من يُعتقد أنه مؤلف الملحمتين الإغريقيتين الإلياذة والأوديسة؟
11228	هل تعاني ألمانيا من ظاهرة تشغيل الأطفال ؟
11231	ما هو نقش بيستون؟
11232	في أي عام تأسست مملكة سنار؟
11233	ماهو اسم القبيلة التي ولد فيها امرؤ القيس؟
11236	كم يبلغ طول القصبة الهوائية عند الإنسان؟
11238	ما هو إنسان النياندرتال ؟
11240	من هو الرئيس الحالي لحزب العمال الأسترالي ؟
11241	في أي عام عقد اتفاق الجزائر بين العراق وإيران؟
11242	بم يعرف الخيال العلمي في قاموس المعاني ؟
11243	من هو يعقوب الباحسين؟
11244	متى قامت الثورة الإيرانية الإسلامية ؟
11245	ما اسم  ألبوم أفيتشي الأول؟
11248	أين تقع محافظة المخواة؟
11249	هل حازت الويكيليكس على جائزة سام آدامز؟
11250	متى إستقلت الجزائر؟
11252	متى ولد اللاعب المصري محمد صلاح ؟
11255	ما هو عدد ولايات ألمانيا؟
11256	من هو مبتكر التصوير بالرنين المغناطيسي ؟
11259	كم إستمرت عمران أحمد خان نيازي في لعب الكريكيت ؟
11261	من هو أمنمحات الأول؟
11262	متي توفي فيلهلم رايش؟
11265	متى عرض أول فيلم سينمائي؟
11267	من ملكة بريطانيا؟
11269	من هو مولوي محمد يونس خالص؟
11271	ما هى ديانة فريدي ميركوري ؟
11272	في أي عام ولد إبراهيم أصلان؟
11274	متى توفي ستيفن هوكينج؟
11275	متى توفي نزار قباني ؟
11279	ما هو العلاج بالموجات الفوق صوتية ؟
11281	من أول مرأة عربية  تحصلت على ميدالية في الألعاب الأولمبية؟
11283	مما يتركب البلغم ؟
11284	بماذا تشتهر مدينة ذهب المصرية ؟
11285	متى يتم الاحتفال باليوم العالمي للقضاء على العنف ضد المرأة؟
11286	ما هي أكبر بحيرة في كندا؟
11288	من هو مؤسس فيسبوك ؟
11291	من هو مؤلف مانجا ناروتو ؟
11292	متى تاسست فرقة آبا؟
11293	متى تم إنتاج المسلسل التركي المدبلج فاطمة؟
11294	متى تأسس التجمع الوطني الديمقراطي في الجزائر؟
11295	متى توفي كريستوفر مارلو ؟
11296	أين يقع جامع القرويين؟
11297	من هم العدنانيون ؟
11299	من هو أول عالم اكتشف عنصر الأكسجين كعنصر كيميائي مستقل؟
11300	ما هي الماتريدية؟
11301	من هم اصحاب الاخدود ؟
11302	من هو سلافوي جيجك ؟
11303	ما هي أقرب المجرات لدرب التبانة؟
11304	من هو ولي عهد البحرين ؟
11307	متى تأسست الكويت ؟
11308	ما هي الكيمياء الكهربائية؟
11309	ما هي جائزة الغولدن غلوب أو الكرة الذهبية؟
11310	متى تم اختراع سماعة الطبيب ؟
11311	هل يساعد لاموتريجين في علاج الاعتلال العصبي؟
11312	ماهو أصل الممثل السوري ياسين بقوش؟
11314	ما هي جنسية الإعلامية علا فارس؟
11315	من أين ينبع نهر النيل ؟
11316	متى تولى نيكسن رئاسة امريكا؟
11317	ما هي اكبر صحراء في شبه الجزيرة العربية ؟
11320	متى تأسس نادي الوحدات الاردني لكرة القدم؟
11321	متى قامت حركة الإصلاح البروتستانتي؟
11322	متى بدأت صنعة الأفلام الإباحية؟
11323	متى تم بناء سد هوفر؟
11324	أين  وقعت أول جريمة قتل في البشرية؟
11325	ماهى البكتريا المسببة في عدوى الجهاز البولي ؟
11326	من مؤسس الدولة المرابطية؟
11327	اين توفي العالم النحوي ابن جني؟
11328	من هو مكتشف فصائل الدم؟
11329	كم عاماً ترأس جورج دبليو بوش الولايات المتحدة؟
11330	متى تعقد القمة العربية  ؟
11331	من هو زينون الإيلي؟
11332	متى بدأت بطولة كاس العالم لكرة القدم للنساء؟
11334	ما هو الكذب المرضي؟
11336	من أول من إفترض أن القارات تتزحزح من مكانها ؟
11337	في علم الأحياء ما هي الأم الجافية ؟
11338	متى غزا الإسكندر الأكبر المقدوني سوريا؟
11339	متى تم إقرار أول زواج المثليين في العالم؟
11342	ما هي عاصمة اذربيجان؟
11343	ما النظام السياسي في الهند؟
11344	ما هي اللغات الرسمية في كندا؟
11345	من هم القوط الشرقيون؟
11346	هل شجرة الكاجو هي شجرة دائمة الخضرة؟
11347	متى أقيمت مملكة فرنسا؟
11348	ما عدد الخُلَفاءُ الرَّاشِدين؟
11349	من كان منافس محمد مرسي في أول إنتخابات مصرية؟
11350	ما هي المادة القابضة؟
11351	مما يتركب الهواء ؟
11352	ما هي ظاهرة التعرية ؟
11356	ما هو الطربيد؟
11357	متى توفي كونراد أديناور ؟
11361	ما هي اقصى عقوبة للأغتصاب في القانون اليمني ؟
11362	متى توفى فينسنت ويليم فان غوخ ؟
11364	متى وقعت معركة اللاذقية؟
11365	من هو أوليفر كرومويل؟
11367	اين توجد مدينة اسيوط؟
11370	ما هي البوابة المنطقية؟
11372	من هو سند راشد دخيل؟
11373	ما هو كربون أسود؟
11375	من هم الشيشان؟
11376	ما هو العصر النحاسي؟
11377	متى تم الإعلان الرسمي عن تشكيل الحكومة الجزائرية المؤقتة؟
11378	ما هي اللغة الرسمية في جمهورية بنين؟
11379	متى أطلقت الكيندر جوي؟
11380	ما هو الاقتصاد الجزئي؟
11381	ما هو الحمض النووي الريبوزي (RNA )؟
11382	من هو جون سينا؟
11383	في أي عام تم فتح إسبانيا من قبل المسلمين؟
11384	من هو مبتكر الفنون القتالية المختلطة  ؟
11385	كم تبعد العقبة على عمّان؟
11386	ما هو نادي باريس ؟
11388	متى ولد عَبْدُ اللهِ العَلَايلِيّ؟
11391	متى ولد ويليام ويتشرلي؟
11394	ما هي عاصمة جزر البهاما؟
11396	متى عرض أول جزء من سلسلة أفلام هاري بوتر ؟
11397	ما هي الملاريا؟
11398	من هو روبرت كوتشاريان؟
11399	ماهى مساحة مدينة رشيد ؟
11400	من أي مدينة المقاوم موحا أوحمو الزياني؟
11402	من هو اول شخص وصل الى القمر ؟
11405	متى ولد أبو القاسم الرافعي القزويني ؟
11406	من هم الموحدون دروز؟
11407	متى بدأت الثورة التونسية ؟
11408	متى ولد الشيف غوردن رامزي ؟
11409	أين تقع مدينة الرمثا (إربد)؟
11412	ما هو هرمون الإستروجين؟
11413	ما هي الخوارزمية ؟
11416	أين تقع مدينة بصر الحرير السورية؟
11420	ما هو علم المواقيت؟
11421	ماهي أقدم لغة برمجة حاسوبية؟
11422	ما هي التغراي؟
11423	ما هو الإصلاح السياسي ؟
11424	أين تقع  مدينة أوكلاهوما ؟
11425	أين تقع محافظة خليص؟
11426	ما هي اكبر المدن الانجليزية؟
11428	من هو يوحنا الأول زيمسكي؟
11431	ما هي عاصمة أستراليا ؟
11433	ماهى الربى ؟
11436	كم يبلغ طول نهر إبرة ؟
11437	متى اعتنق أبو هريرة الإسلام؟
11438	متى تخرج جورج دبليو بوش كلية هارفرد للأعمال؟
11439	هل إسرائيل هي دولة دينية ؟
11440	من هي جلنار كريموفا؟
11441	أين ولد توماس ستيفن ساس؟
11442	من هو شهاب الدين النويري؟
11444	ما هو جدري الماء؟
11445	من هو كريغ رايت؟
11446	من رسم ناروتو؟
11447	كم تبلغ مساحة مدينة الرياض السعودية؟
11449	من هو مخرج المسلسل المصري رأفت الهجان؟
11450	من هو بول باران؟
11452	ما هي الجزر التي تفصل بحر أوخوتسك عن المحيط الهادئ؟
11453	أين تقع مدينة مستغانم؟
11454	متى وقعت معركة القادسية؟
11455	من هو مؤسس الحركة الكشفية؟
11458	أين يقع مسرح البرودواي؟
11460	من هو اول ملك بولندي؟
11462	متى وقعت غزوة الاحزاب ؟
11463	ما مساحة شبه جزيرة سيناء؟
11464	كم عاماً استمرت الحرب التركية اليونانية؟
11465	ماذا يعني شخص مصاب بتوهم حاد ؟
11467	من هو أرخميدس؟
11468	من هو عبد الله بن الحارث؟
11471	أين تقع ولاية كجرات؟
11472	متى تأسست عصائب أهل الحق ؟
11474	من أنشأ غوغل؟
11475	متى ولد نشوان بن سعيد الحميري ؟
11477	ما هو المُسْتَعِرُ الأعظم (سوبرنوفا) ؟
11478	من هو مخرج فيلم لورنس العرب ؟
11480	متى صدر فيلم 12 عاما من العبودية؟
11482	ما هو علم الإحصاء؟
11483	ما جنسية الممثل قصي خولي؟
11484	في أي عام نالت الهند استقلالها؟
11485	مما يتركب غشاء الخلايا عادة في الإنسان ؟
11486	هل الإتجار الجنسي قانوني في الفليبين ؟
11487	كم عدد الركاب والطاقم الذين كانوا على سفينة التيتانيك ؟
11490	ما هو العدد الطبيعي للكروموسومات؟
11491	ما هو تخصيب اليورانيوم؟
11492	من هم المحافظون الجدد ؟
11493	متى تمت أول عملية زراعة عضو بشري؟
11494	متى وقعت مجزرة رواندا ؟
11495	متى كانت حرب البسوس؟
11496	من هو قاتل فرانز فيرديناند؟
11497	من هو يعقوب بن إسحاق الكندي؟
11499	كم سنة دراسة للطبيب المساعد في الولايات المتحدة ؟
11501	ما هي المدرسة التنقيطية؟
11504	من هو الممثل صاحب صوت (حسان) المدبلج في المسلسل الكرتوني سلام دانك؟
11505	متى قامت ناسا بإطلاق مرصد سويفت الفضائي؟
11506	أين تقع غدة بارتولين؟
11508	اين ولد ثيودور هرتزل ؟
11510	ماهو تعريف  تقنية المعلومات؟
11513	من هو مؤلف رواية " قواعد العشق الأربعون" ؟
11516	كم تبعد  مدينة بني وليد الليبيَّة على طرايلس؟
11517	ما هي جنسية أحمد حسن زويل؟
11518	ما هي احزاب اليمين ؟
11519	من هو شهاب الدين المرعشي النجفي؟
11520	متى بدأت بطولة كأس الخليج لكرة القدم؟
11523	ما هي الهندسة النووية؟
11525	ما هي عملية الإخراج الخلوي؟
11526	متى طبع أول كتاب للصغار؟
11527	ما هي عملية التقطير بالتجزئة؟
11529	كم هي النسبة الطبيعية للتبرع بالدم ؟
11534	أين تقع مدينة مورمانسك؟
11535	كم تبلغ مساحة القارة القطبية ؟
11536	ما هي أكبر قارة في الأرض وأكثرها سكانًا؟
11537	كيف تحسب الكثافة السكانية ؟
11538	ما نسبة  المسلمين في ألبانيا   حاليا؟
11539	هل أرسطو هو معلم الإسكندر الأكبر؟
11540	ما هو العدد الذري للهيدروجين ؟
11541	متى بني متحف الآثار الأردني؟
11545	ما هو عام الفيل؟
11548	هل كانت معركة الزاب هي آخر معارك الدولة الأموية قبل سقوطها؟
11550	كم تبلغ مساحة جزيرة سقطرى ؟
11551	متى تم التوقيع على معاهدة پورتسموث ؟
11552	متى ولد عبد ربه منصور هادي الفضلي؟
11553	ماهو اسم أعلى قمة بجبال الألب؟
11555	متى زار البابا يوحنا بولس الثاني دمشق؟
11556	من هو صاحب رواية اليهودي الحالي؟
11558	متى حصلت أوزبكستان على استقلالها عن الاتحاد السوفياتي؟
11562	ممّا تتكون الأمطار؟
11564	ما هو نظام الحكم في فنلندا؟
11565	هل تقشير البشرة فعال ؟
11571	ما هو البيمارستان ؟
11572	أين تقع الهند ؟
11574	متى ظهرت الطابعة الليزرية؟
11576	من هو كاتب رواية مدام بوفاري؟
11577	ما هي جزر لانغرهانس؟
11578	اين تقع مدينة عكا؟
11581	ماهي مواليد الممثل روبرت باتينسون بطل فلم الشفق (توايلايت)؟
11582	ما هي قادسية صدام؟
11585	هل تشكل اللوزة الدماغية جزءا من الجهاز الحوفي؟
11586	ما هو الرابط التشعبي؟
11588	ما هى الشرايين ؟
11589	ماهي الديانة الوثنية ؟
11591	كم رتبة جامعة جنوب فلوريدا في الولايات المتحدة سنة 2019؟
11595	متى انفصل الاتحاد السوفيتي؟
11599	ما هو الموطن الأصلي لشجرة الكاكاو؟
11600	متي توفي مالكوم إكس؟
11601	ماهو متوسط عمر فرس النهر ؟
11602	من هم الحلفاء في الحرب العالمية الثانية ؟
11604	كم عدد الفلسطينين خارج فلسطين ؟
11606	أين تقع جمهورية أفغانستان الإسلامية؟
11607	ما هي جنسية شيرين عبد الوهاب؟
11608	من هو أرسنيو مارتينيث كامبوس؟
11615	من هو مؤسس الإمبراطورية الروسية؟
11617	في أي عام تم دخول أدولف هتلر للسجن؟
11618	ما هي عاصمة جمهورية أفريقيا الوسطى ؟
11620	متى حصلت المرأة السعودية على حقها في التصويت ؟
11621	من هو مؤلف كتاب النبي؟
11622	من هي والدة الأمير فيليب، دوق ادنبرة ؟
11623	كم كان عمر محمد الدرة عند وفاته ؟
11627	أين تقع مدينة الجهراء؟
11629	ما هي النيكروفيليا؟
11630	ماهو اسم الجزيرة التي تقع عليها محافظة أوساكا اليابانية؟
11631	في أي عام حازة فيفيان ماري هارتلي على جائزة الأوسكار ؟
11632	من هو إدوارد بيرنت تايلور؟
11633	في أي عام تأسست منظمة التعاون الإسلامي؟
11635	ما هو اسم إله القمر في بلاد بابل وآشور؟
11636	من هو سارتر ؟
11637	متى تأسست  مدينة سبيطلة في العهد الروماني؟
11638	من هو آريوس؟
11639	ما هي قمة العشرين ؟
11640	من كان مكتشف التخديرفي العمليات الجراحية؟
11641	متى ولد الرسام الفرنسي بابلو رويز بيكاسو؟
11644	ما هو النسيج الطلائي؟
11645	متى سقطت الدولة العثمانية؟
11646	متي تم إكتشاف موجات الراديوا ؟
11647	متى كانت أول غزوة للمسلمين ضد  اليهود؟
11648	ما هي الخسائر المادية لإعصار كارول؟
11650	كم يبلغ وزن قرون ذكر الأيْل البالغ ؟
11651	كم عاماً استمرت الحرب الأهلية الإسبانية؟
11654	ما هي عاصمة الأرجنتين ؟
11656	ماذا يحد خليج البنغال من الشرق؟
11657	ما هي عاصمة مقاطعة فاريزي في إيطاليا؟
11658	متى يحتفل باليوم الدولي للقضاء على العنف ضد المرأة؟
11659	ما هو سر الأفخارستيا ؟
11661	ما هو سابع أكبر بلد من حيث المساحة الجغرافية؟
11665	ما هو هجوم دون انتظار الالكتروني؟
11667	أين تقع القسنطينة ؟
11671	هل هاجر  الرسول محمد للطائف؟
11674	هل يمكن ان ينتقل فيروس الجدري عن طريق الهواء؟
11675	متى تاسس حزب البعث السوري العربي ؟
11676	أين تقع جزيرة مان؟
11678	اين توجد جزيرة بالي؟
11681	أين أُُنشأت دولة المماليك؟
11684	هل شعب المجر من أصول أوروبية ؟
11685	ما هي المحكمة الابتدائية ؟
11686	متى تأسس المركز المصري لحقوق المرأة؟
11688	ما عدد مقاطعات هولندا؟
11689	أين يوجد الشريان التاجي ؟
11690	هل تتبع شجيرة الياسمين للفصيلة الزيتونية؟
11692	من هو مشروع سبيس اكس؟
11694	أين تقع كلية إيتون؟
11695	من هو الممثل الذي لعب دور كريم ف االمسلسل التركي المدبلج فاطمة؟
11696	متى بدأت الأزمة الاقتصادية في اليونان؟
11697	ما هو اقصى عرض لخليج العقبة؟
11701	من أول أمير كويتي؟
11702	هل المركبات العضوية الفلافونويد قابلة للانحلال في الماء؟
11704	ما هو الوريد السري؟
11705	متى تم تنصيب تمثال الحرية في أمريكا؟
11706	كم يشكل الدم من كتلة الجسم؟
11707	من هو مؤسس ويكيبيديا؟
11710	ما هي الهيئة العامة للثورة السورية؟
11711	ما معدل طول القرش الأبيض الكبير؟
11713	ما أول رئيس لليمن بعد الإستقلال؟
11714	ما هي المنجنيق ؟
11715	ما هو مقر قناة سبيستون؟
11716	ما جنسية فرانسيسكو سواريز؟
11717	ماهي الإعاقة الفكرية ؟
11718	متى وقع الكساد الكبير؟
11719	ما هي مساحة بولندا؟
11720	ما هو الجزر المثاني الحالبي؟
11721	كم عدد سلسلة أفلام باتمان للمخرج كريستفور نولان ؟
11722	في اي مدينة ولد السيد المسيح؟
11723	من بنى المسجد الأقصى ؟
11724	كم عاماً استمرت الحرب البيلوبونيسية؟
11725	متى تم الاعلان عن حقوق الطفل في الامم المتحدة ؟
11726	من هو الملك الإسباني الوحيد من عائلة سفويا؟
11728	هل فقدان المهارات الحركية من أعراض الخزل شقي ؟
11729	هل تعد التنس من الألعاب الأولومبية؟
11731	ما هو دهر البشائر؟
11732	من هم الفلستيون؟
11733	من هو عبد الجليل السنكيس؟
11735	من متى تم إختراع البنسليين ؟
11737	متى تأسس  الاتحاد الأفريقي لكرة القدم؟
11740	من هو بول بوت؟
11741	ما هي اكبر كنيسة في العالم ؟
11742	ما هي عاصمة البيرو ؟
11744	في أي منطقة سورية كانت تقع مملكة آرام معكا؟
11747	أين تقع  جزيرة بوبيان؟
11749	من القائد الإسلامي الذي فتح مصر ؟
11750	كم يبلغ ارتفاع الكعبة ؟
11751	ما هو رمز الصوديوم الكيميائي ؟
11754	متى تأسست منظمة اليونيسكو للتراث العالمي؟
11756	ماذا تعني الليبرالية؟
11757	هل الصخور النارية أصل تكوينها يرجع للحمم البركانية الذائبة؟
11758	متى تولى بيل كلينتون رئاسة الولايات المتحدة الأمريكية؟
11759	متى تم اختراع أول بطارية كهربائية؟
11760	متى تم إكتشاف الحُصَافُ البلاغرا  ؟
11761	أين تقع أنقرة ؟
11762	ما هي البازية؟
11763	ماهى اللغة التي تكلم بها في حضارة حضرموت ؟
11767	ما هو مرسوم ميلانو؟
11768	ما هو عدد ولايات أستراليا؟
11771	هل تعتبر اليهودية ديانة توحيدية؟
11772	ما هو الألومنيوم؟
11773	من هو إله البحار عند الإغريق؟
11774	ما هي الفيزياء الكهرومغناطيسية؟
11775	ما هي أم الدم الأبهرية الصدرية؟
11776	أين تقع الأيكة الساحلية ؟
11777	هل للكلوروفورم  لون؟
11778	من هم الخوذ البيضاء ؟
11779	من هو أبو هريرة؟
11780	متى تاسس حزب العدالة و التنمية التركي ؟
11781	أين تقع بلاد ما بين النهرين ؟
11782	ما هو الموت الرحيم؟
11783	كم إمارة بالإمارات العربية المتحدة؟
11784	في الديناميكا الحرارية ما هي العَمَلِيَّة الكَظِيمَة؟
11785	كم عدد النجوم في مجرة المرأة المسلسلة؟
11786	هل الفياجرا هو دواء يعالج المشاكل الجنسية؟
11790	متى تولت ماري الأولى حكم إسكتلندا؟
11792	ما هو حيوان الرَنّة؟
11793	متى تأسست منظمة الإخوان المسلمين ؟
11794	ما هو العصر الرباعي؟
11795	ما هي قوى تشتت لندن؟
11796	متى انضمت ايطاليا للاتحاد الأوربي؟
11797	ماهي الجامعة التي تخرج منها العالم البناني مصطفى شاهين؟
11798	هل تزوج  الرسول محمد من مرأة مسيحية؟
11799	متى نشأت  جمهورية الصين الشعبية؟
11800	من هو عبد السلام عارف؟
11801	من هو والد محمد الدرة ؟
11802	من وعد اليهود بأرض فلسطين أثناء الحرب العالمية الأولى ؟
11804	اين توجد براكين جزيرة القيامة؟
11805	أين قامت حضارة دلمون؟
11806	مما يصنع النبيذ الأحمر ؟
11808	مامعنى إختصار ال"RAM" ؟
11811	في أي عام إنفصلت الكورياتين ؟
11812	اين ولدت الكاتبة الأفريقية-الأمريكية مايا أنجيلو؟
11813	في أي عام بدأ عرض الانمي أوجاماجو دوريمي في الوطن العربي؟
11815	ما هي جنسية الشاعر محمد مهدي الجواهري؟
11817	من هو بروتاغوراس؟
11818	أين ولد محمد البرادعي ؟
11819	أين تقع جبال روكي؟
11823	هل مولدوفا من دول الاتحاد السوفييتي السابق؟
11825	متى ولدة الملكة إيزابيل الثانية ؟
11826	متى تم تأليف رواية (الغريب) لـ ألبير كامو؟
11827	كم عاما استمرت الحرب الأهلية الإسبانية؟
11830	في أي عام تأسست اللجنة الكهروتقنية الدولية؟
11832	أين ولد سعد الدين رفيق الحريري ؟
11835	ما هو الموت الأسود؟
11837	متى وقعت معركة سالاميس؟
11838	من هو العادل بدر الدين سلامش؟
11839	ما هي الإسترات ؟
11840	على اي بحر تطل مدينة برشلونة؟
11841	أين تقع مدينة طليطلة؟
11843	متى ولد السلطان سليم القانوني ؟
11844	متى حدثت الثورة المجيدة في إسبانيا؟
11845	ما مساحة مدينة المحلة الكبرى؟
11846	في أي عام نالت دولة الكويت استقلالها؟
11848	أين انتشر العموريون  منذ نهاية الألف الثالث ق.م؟
11849	اين قامت الحضارة الإتروسكانية؟
11850	من هو اول خليفة أموي ؟
11854	أين تقع مدينة تشيتشن إيتزا؟
11855	متى ولد خوان مانويل دي روساس؟
11856	ماذا كان الغرض من تجربة ديفيز في الفيزياء؟
11858	متى نشأ موقع ويكيبيديا ؟
11859	متي تأسس نادي الهلال السعودي ؟
11861	كيف قتل  الرئيس الجزائري السابق  محمد بوضياف؟
11862	اين توجد مدينة ديترويت؟
11863	متى حدثت الحرب اليابانية الصينية الأولى؟
11864	أين تقع مدينة تفير؟
11866	متى توفي (ابن خلدون)؟
11867	ما هي اللغة الرسمية في بورتوريكو؟
11868	أين ولد ظَهيرْ اَلَدّين مُحَمَّدْ بَابُرْ؟
11870	ما هو نقش ميشع؟
11872	ما هي الطاقة النووية ؟
11875	متى كانت أول طائرة شراعية؟
11877	كم يبعد يبعد نجم الشمال عن الأرض؟
11878	متى اعتزل محمد أيو تريكة كرة القدم؟
11880	هل هناك لقاح لمرض شلل الأطفال؟
11881	متى تم اكتشاف النفط في المملكة العربية السعودية ؟
11883	متى حصلت فضيحة ايران كونترا؟
11885	ماهي الدول المجاورة للإمارات؟
11886	من تولى رئاسة مصر بعد جمال عبد الناصر؟
11887	أين تقع ولاية نيوهامبشير؟
11888	ما هي اللُّويحة السنية؟
11889	ما هي حقيقة الحياة ؟
11891	من هو كعب الاحبار ؟
11892	ما هي "الام الجافية"؟
11893	من هو والت ديزني؟
11896	ما هي حروف العلة في اللغة العربية ؟
11897	هل هناك لقاح لجدري الماء ؟
11898	كم عدد الأبراج المستخدمة في علم التنجيم؟
11899	متى توفي محمد أنور محمد السادات؟
11900	ما هي المنظمة العالمية للحركة الكشفية ؟
11901	ما هو الجُمْرُك؟
11903	أين تقع منطقة نينغشيا؟
11904	هل تستعمل الطاقة الشمسية لتوليد ل الطاقة الكهربائية في ألمانيا؟
11906	ما هي المذراة ؟
11910	من هو جورج باتون؟
11912	متى تم إغتيال جمال أحمد حمزة خاشقجي ؟
11913	متى تم إطلاق أول جهاز أيفون ؟
11914	ما هو مؤشر الديمقراطية؟
11915	ما هي جنسية مارك توين؟
11917	متى تم إختراع الأسبريين ؟
11921	ما هي علامة إعراب الفعل الماض في اللغة العربية؟
11923	لأي محافظة تتبع مدينة معضمية الشام؟
11924	متى تأسست كلية دفاع الناتو؟
11926	في أي عام احتلت ألمانيا النازية الدنمارك؟
11927	ما هي اللغة الرسمية في الهند؟
11928	في أي عام حصل وعد بلفور؟
11929	متى ولد محمد حسني مبارك ؟
11932	كم تبلغ مساحة صحراء النقب؟
11933	متى أصدرت  فرقة  المونكيز أول ألبوم لها؟
11934	من هو علي بن عشوان؟
11936	كيف يتم تحديد عمر الصخور؟
11937	هل توجد أقليات غير مسلمة وغير سنية في تركيا ؟
11938	أين تقع مدينة البيضاء؟
11939	هل يعد هيكل سليمان من الأماكن المقدسة عند اليهود؟
11940	ماهو فن الرزيف ؟
11941	متى وقعت معركة ذات الصواري؟
11945	متى وقعت ثورة التحرير الجزائرية؟
11946	من هم الغساسنة؟
11947	متى ولد محمد بن الحسن الثاني ؟
11950	أين تقع مدينة سرقسطة؟
11951	في أي عام تأسست شركة دايهاتسو؟
11953	ماهي أفضل جامعة في صنعاء ؟
11954	متى تاسست شركة بي بي البريطانية؟
11955	في أي عام  تم بناء أول خلية ضوئية ؟
11956	ما هو الشريان التاجي؟
11958	من صمم برج لندن ؟
11959	ما  كانت مساحة إمارة الشوف  في لبنان؟
11960	ما هي الكرستولوجيا ؟
11961	متى تولى سوار الذهب الحكم في السودان؟
11962	هل فرض الحجاب في الإسلام؟
11963	ما هي عملية التقطير الإتلافي؟
11965	متي تم إنشاء الشركة الأوروبية للصناعات الجوية ؟
11967	هل كان الشاعر موليير فرنسياً؟
11968	متى ولد ارثر ميلر؟
11969	من هو جان كوكتو؟
11970	أين تقع الغدة النخامية؟
11972	ما هي الهيغلية؟
11973	ما هو أيض الحديد لدى الإنسان؟
11974	هل يمكن انتقال عدوى الحصبة عن طريق العطاس؟
11976	هل يعد العصب الحائر (العصب المبهم) من الأعصاب القحفية؟
11977	كم تبلغ مساحة اسكتلندا؟
11978	ما معنى مصطلح الحرية الاقتصادية؟
11979	ما هي قوات البشمركة الكردية ؟
11981	ماهو اسم أطول ناقلة نفط في العالم؟
11983	من هو هرتزل؟
11985	كم عدد حلقات مسلسل "بوابة النجوم: أطلنطس" ؟
11986	ما هي عاصمة إسرائيل ؟
11990	ماهو إختصار إسم وكالة مشاريع الأبحاث المتقدمة ؟
11991	اين ولد روجيه جارودي؟
11995	من هو مخرج فيلم سايكو ؟
11998	متى تأسست اليونسكو؟
12003	متى بدأ استخدام الإنترنت في تونس؟
12004	ما هو الفصع أو الاستئصال التام؟
12005	متى تاسس حزب الاصلاح اليمني؟
12008	ما هي عاصمة الرتغال؟
12010	اين ولد الشاعر اليا ابو ماضش؟
12013	ماهو أقدم مسرح في أوروبا ؟
12016	ما هو حوت العنبر؟
12018	من هو مؤسس شبكة تويتر؟
12019	متى صدر العدد الأول من مجلة أسامة السورية؟
12020	كم بلغت ايرادات فيلم" افاتار" في امريكا؟
12021	متى تم إكتشاف النحاس ؟
12023	ما هو الأوزون؟
12024	متى تاسست شركة اوتوديسك ؟
12025	متى تاسست شركة آبل ؟
12026	من كانت زوجة أوجست ستريندبرج؟
12027	متى ولد ميلتون فريدمان ؟
12028	أين تقع مدينة سفنتو جيورجي؟
12029	ما هي عاصمة أوزبكستان؟
12031	ما معنى اسم فلوريدا بالإسبانية؟
12032	من هو ملك البحرين ؟
12033	من هو مؤسس دي سي كوميكس؟
12035	من هم الخمير الحمر ؟
12038	من هو توما الأكويني؟
12040	من جسّد شخصية رأفت الهجان في مسلسل؟
12042	متى حازت جوليا روبرتس على جائزة الأوسكار كأفضل ممثلة؟
12043	ما هو فَنُّ السَّوْقِيَّات أو اللوجستية؟
12045	متى تاسست الدولة السورية؟
12047	من هو مصطفى الزرقا؟
12048	أين ولد الحسين بن علي شريف مكة؟
12049	ما هي جنسية حسن الشافعي؟
12053	ما هي أقسام الجهاز العصبي؟
12056	ما هي عاصمة جمهورية سيراليون؟
12058	هل يوجد سورة النساء في القرآن؟
12059	أين تقع أفغانستان ؟
12060	ماذا كان اسم أم الامبراطور قسطنطين العظيم؟
12061	ما هو أول بلد في العالم يمنح حقوقا قانونية للعلاقات المثلية كشراكة مسجلة؟
12062	ما هي العلامة التجارية؟
12064	متى ولدت أمل علم الدين المحامية الناشطة الحقوقية والكاتبة الإنجليزية ؟
12067	ما هي السلفية؟
12068	من ابتكر شخصية شرلوك هولمز؟
12069	من هم عرب 1948 ؟
12070	متى انتقل الكولومبي خاميس رودريغيز لنادي ريال مديد؟
12071	متى أقيمت أول بطولة عالمية بالتنس؟
12072	كم عدد مرات فوز الهلال السعودي بكاس اسيا ؟
12074	ما هو الابستاق؟
12077	متى ولد  ناجي أبو نوار ؟
12079	ما هو السماد العضوي ؟
12081	ما هي بنات نعش الكبرى؟
12083	من هم الشيعة ؟
12084	ما هي سروات الحجاز؟
12085	متى تأسست شركة أبل؟
12086	ماهي شرارة الثورة التونسية ؟
12087	من أول فيسلوف اغريقي؟
12088	متى ولد زين الدين زيدان ؟
12089	متى تمت أول عملية ولادة قيصرية ؟
12091	ما هو التقمص الوجداني؟
12092	أين تقع قرية أم الرصاص ؟
12093	من هي الغدة التي تفرز هرمون الأدرينالين؟
12095	ما هي فرق الموت؟
12096	متى تأسس نادي حطين في سوريا؟
12097	متى ولد موسى بن نصير؟
12099	متى استلم محمود عباس رئاسة السلطة الوطنية الفلسطينية؟
12100	متى وقعت احداث ضرب البرلمان الروسي بالدبابات؟
12101	أين تقع منطقة البانتانال ؟
12102	ماهو العصيان المدني ؟
12103	متي تأسست مملكة المجر ؟
12105	متى ولد العالم جيمس واطسون ؟
12106	ما هو سبب  الفتوحات الاسلامية ؟
12107	ما هو ارتفاع جبل الكرمل؟
12108	كم نوع للطائر دوري أوراسي؟
12109	متى بدأت الثورة الهادئة؟
12110	متى ولد راشد الخزاعي ؟
12111	متى صدر اول موسم من مسلسل هجوم العمالقة؟
12112	ما هو نظام الحكم في إسبانيا ؟
12113	ماهى عملية الإستشراب ؟
12115	ما هي السلطة التشريعية؟
12117	اين تقع مدينة كانكون ؟
12119	متى فتحت شبكة ب ب س للتلفزيون الفضائي؟
12121	متى تأسست مؤسسة الكويت للتقدم العلمي؟
12122	لماذا أطلق على متلازمة ستوكهولم هذا الاسم ؟
12123	أين اخترعت الكتابة الهيروغليفية؟
12124	من هو ويليام هيرشل؟
12125	كم بلغة مساحة الدمار التي تسبب بها الصاروخ النووي في مدينة هيروشيما ؟
12126	أين عاش زرادشت؟
12127	ما هي الأرثوذكسية الشرقية ؟
12130	هل يمكن زيارة كوريا الشمالية ؟
12131	من هو صاحب كتاب " رأس المال" ؟
12132	اين يقع ميناء المخا ؟
12133	في أي عام تم منح جائزة نوبل للسلام لمنظمة حظر الأسلحة الكيميائية؟
12134	ما هي عاصمة السلفادور ؟
12135	متى ولد مرعي باشا الملاّح ؟
12136	متى تم السماح رسميا ًللمرأة السعودية بقيادة السيارة؟
12137	ما هو الالاه الفرعوني آمون؟
12140	هل تنتمي  فنلندا للإتحاد الأوروبي؟
12141	أين ولد الأب سمير خليل اليسوعي؟
12142	من هو ياسر عرفات ؟
12143	إلى كم قسم ينقسم القلب ؟
12144	بماذا يؤمن المسيحيون الأقباط ؟
12145	من هو أوسكار وايلد؟
12146	من هو مؤلف كتاب "بحث في طبيعة ثروة الأمم وأسبابها"؟
12147	ماهى مساحة شبه الجزيرة العربية ؟
12148	في أي قارة تقع التشاد؟
12149	ما هو نقص حجم الدم؟
12150	من ألف رواية الفرسان الثلاثة؟
12152	ما هو مصدر مادة العاج؟
12153	أين تقع مقاطعة كلير؟
12154	متى أنتج الجزء الأول من برنامج الأطفال افتح يا سمسم؟
12155	متى توفي سيغموند فرويد ؟
12156	متى حصلت الحرب الاهلية اليونانية ؟
12158	ماهى لغات البرمجة ؟
12159	متى تأسست جامعة غلاسكو؟
12161	ما هو الذيفان؟
12163	متى تأسست مدرسة الطب في أبي زعبل ؟
12164	ما هي حمى الضنك ؟
12167	متى توفي سيرغي سيرغييفيتش بروكوفييف ؟
12168	كم يبلغ عدد المسلمين في الصين حسب آخر احصائية رسمية ؟
12170	متى تأسس حزب الحق اليمني؟
12171	متى تم بناء مسجد الشيخ زايد؟
12176	من هو فيصل عجب السواداني؟
12177	متى تأسس المنتخب التونسي لكرة القدم ؟
12179	متى تأسست الجائزة العالمية للرواية العربية؟
12180	اين يوجد مقراللجنة الدولية للصليب الأحمر؟
12181	هل توجد مشاريع  حماية من الأجرام القريبة من الأرض؟
12182	كم يبلغ ارتفاع هرم زوسر؟
12183	متى انتهت الحرب الأهلية الرواندية؟
12185	متى تنظم دولة قطر كأس العالم لكرة القدم؟
12186	ما هو الجرافيت ؟
12188	متى حدث المؤتمر الصهيوني الأول؟
12189	أين تقع مدينة أرزينجان؟
12190	من هى ملكة سبأ التي تم  ذكرها في القرآن الكريم  ؟
12192	ما هو كتاب التناخ؟
12194	ما الموقع الرئيسي لشركة ماكينزي؟
12195	متى تم إطلاق قناة طيور الجنة؟
12197	متى توفي مارتن لوثر ؟
12199	متى افتتاح برج خليفة؟
12200	متى ولد ماركوس اوريليوس؟
12201	متى ارسل الجيش المصري قوات إلى اليمن ؟
12207	ما هو عدد آيات سورة النساء ؟
12210	في أي دولة عربية تم استحداث منصب وزير دولة للتسامح لأول مرة؟
12211	متى انشئت دولة أسرائيل ؟
12212	متى تأسست رابطة الدول المستقلة؟
12214	ما هو مدار الجدي؟
12215	ما هي المقاومة السلمية أو المقاومة الشعبية؟
12216	أين يقع مطار هارتسفيلد جاكسون أتلانتا الدولي؟
12217	هل يوجد في الحنجرة عضلات؟
12218	ما هي مساحة جمهورية سريلانكا؟
12219	في أي عام كان انضمام إمارة رأس الخيمة إلى دولة الإمارات العربية المتحدة؟
12222	من هو ماردونيوس؟
12223	متى ولد أبو السعود أفندي ؟
12227	هل كانت مارثا ليان كولينز أول محافظ إمرأة في ولاية كنتاكي الأمريكية؟
12228	متى تم إقرار قانون استقلال الهند؟
12229	أين تقع أنغولا ؟
12230	متى أكتشف مرض فيروس ماربورغ؟
12231	متى تأسست الجمهورية الصينية ؟
12232	متى تأسست قناة ناشينوال جيوغرافيك أبوظبي؟
12233	ما هي الطحالب؟
12235	متى عاش توماس ستيفن ساس؟
12236	ماهو الذكاء العاطفي؟
12237	ما هي الخلية اللمفية البائية؟
12238	لماذا سميت الكاظمية في العراق بهذا الاسم؟
12239	ما هو الصرع ؟
12240	متى تم اكتشاف قبر توت عنخ امون ؟
12241	هل أوكرانيا بلد ساحلي ؟
12244	أين تقع ولاية مستغانم ؟
12245	هل يحتوي الرمل على عنصر السيليكا؟
12247	ما هو الهاتف الذكي؟
12248	ما هو الجوجل دودل؟
12250	ماهي مساحة نيوزيلندا؟
12251	ما هي مدة حمل الفيل الاسيوي؟
12252	اين ولد ابن النفيس ؟
12254	ما هي نسبة المياه العذبة على الكرة الأرضية؟
12255	من أول من تمكن من الحصول على فلز الصوديوم الحر؟
12256	ما هو اقتصاد الرفاه؟
12257	متى ولد الجاحظ؟
12258	في اي جزء من الآذن توجد القوقعة؟
12261	من إستعمر نيجيريا؟
12263	هل تقع منطقة سافوا في غربي الألب؟
12269	ما هي عين حورس؟
12270	متى تأسس نادي نابولي الايطالي؟
12271	ما هي اعلى رتبة في الجيش الهندي؟
12272	ما هي الديانة الرئيسية في البرازيل؟
12273	كم يبلغ وزن باشق أوراسي ؟
12274	ما هو اكبر صندوق سيادي في العالم؟
12275	أين ولدة إيميليا كلارك ؟
12276	ما العملة الرسمية في نيجيريا ؟
12277	ما هي الجمهورية الفرنسية الرابعة؟
12278	أين ولدة زهراء كاظمي ؟
12280	من هو يوري هنريك فون فريكت؟
12281	هل توجد شعائر للحج في الهندوسية؟
12284	ما هي المادة الرئيسية المكونة للعظام؟
12286	أين كانت الحضارة الإغريقية؟
12287	كم عدد الإمارات في دولة الإمارات العربية؟
12289	ما هو مثلث التعريض؟
12291	في أي عام أنتج فيلم خلف الأضواء؟
12292	متى عاش الكنعان ؟
12294	في أي عام كانت بداية التعامل بالعملة الأوروبية المشتركة / يورو؟
12297	ما هو بلد المنشأ لشركة سامسونج؟
12299	أين تقع جزيرة بينانغ ؟
12301	متى ولد الممثل جورج كلوني؟
12302	ما هي النيكتوفوبيا ؟
12305	ما هي الشورى؟
12306	من قام بالدور الرئيسي في فيلم صمت الحملان ؟
12308	في أي عام بدأت جائزة الغولدن غلوب ؟
12309	ما هي خلايا شوان ؟
12310	أين يعيش سمك السلمون؟
12311	ما هي الماركسية اللينينية الماوية؟
12313	من هو مؤسس شخصية الرجل العنكبوت؟
12315	ما هو نوع صخر الدولوميت؟
12316	ماهي أنواع العلوم الشرعية ؟
12318	من ابتكر سلطة السيزر ؟
12319	ما هي الكيمياء الصيدلانية؟
12322	من هو أول سلطان عثماني؟
12323	ما هي قبيلة همدان ؟
12325	ما هو الخط الأخضر في فلسطين؟
12326	ما هي الإسعافات الأولية للصحة النفسية؟
12327	ماهي أول أول الكتابات التي أبتكرها المصريون القدماء؟
12328	ما هو هرمون الميلاتونين؟
12332	من قاد ثورة الإستقلال  في العراق؟
12334	من هم يهود الفلاشا؟
12336	هل توجد آية صريحة في القرآن تبين حكم حد الرجم؟
12337	أين تقع الأرجنتين ؟
12339	أين تقع مدينة تدمر الأثرية؟
12341	متى اندلعت ثورة التحرير الجزائرية؟
12342	متى ترأس صدام حسين حزب البعث في العراق؟
12344	متى تأسست دولة إسرائيل ؟
12345	أين يقع مصب نهر شط العرب؟
12346	متى تم عرض مسلسل الرسوم المتحركة لوز وسكر لأول مرة في اليابان؟
12350	هل الحصبة الألمانية هي نفسها الحميراء؟
12352	ما هي الكتابة المسمارية؟
12353	ما هي الاثنولوجيا؟
12354	أين تقع طوس؟
12357	من هو جوردون براون؟
12358	ما هي منطقة الهلال الخصيب؟
12360	في أي عام للهجرة وقعت غزوة بني قينقاع؟
12361	من انشا قصر العظم؟
12363	ما هو الخط الكرشوني؟
12364	متى قامت امريكا بالقاء القنبلة النووية على اليابان ؟
12365	من هي آلهة عشتار؟
12367	هل يختلف شكل وحجم انثى الدب عن الذكر؟
12370	متى تم تقسيم العالم العربي إلي دول ؟
12372	هل يتمتع النحاس الأصفر بقدرة تحمل أعلى من الزنك؟
12374	اين توجد مدينة صرواح؟
12375	في أي عام تم اختراع الهاتف ؟
12376	ما هو جدار الفصل العنصري؟
12377	ما هو المجلس الأمريكي الأدنى؟
12378	من هو جان بياجيه؟
12381	متى تأسست منظمة الدول المصدرة للنفط؟
12382	ما هي وحدة قياس الإشعاع؟
12383	متى تم عرض مسلسل "High school musical" ؟
12385	من هم المازندرانيون؟
12386	من هو زعيم كوريا الشمالية ؟
12387	اين توجد محكمة العدل الدولية ؟
12389	إلى فصيلة تنتمى فاكهة البرتقال ؟
12390	متى تزوج الرئيس بشار الاسد؟
12391	هل تتم عملية التخمر بوجود الأوكسيجين ؟
12393	في أي عام تأسست الأمم المتحدة؟
12395	اين يوجد جبل عيبان؟
12397	ما هي أول عاصمة للإمبراطورية البيزنطية؟
12398	متى بدأت الحروب الصليبية ؟
12400	في أي عام اخترع العامل الكهربائي التقني الأمريكي صمويل مورس التلغراف؟
12401	مما يتكون صمغ الأذن ؟
12402	ما هي جنسية طبيب الأطفال هانز آسبرجر؟
12403	أين تقع المغرب ؟
12404	متى نزل القرآن؟
12405	أين ولد الزبير بن العوام ؟
12406	ما هو النجاح التناسلي أو النجاح التكاثري؟
12409	متى تأسست قناة سبيس تون ؟
12413	ماهى وظيفة الصفراء ؟
12414	ما هي جنسية جورج قرداحي؟
12416	من هو جورج بومبيدو؟
12417	متى تأسست منظمة التحرير الفلسطينية؟
12418	من هم الأحباش؟
12420	متى ولد المحامي والزعيم السياسي اللبناني ريمون إميل إده؟
12422	متى تاسس بنك سيتي بنك؟
12423	متى تاسست بطولة دوري ابطال اوروبا؟
12427	ما هي حياة البرزخ؟
12428	متى تم إكتشاف النفط الكويتي؟
12429	أين يجري نهر بوتوماك؟
12430	ما هي أقطانيا؟
12432	أين كانت المدينة التي يعيش فيها باتمان؟
12433	ما هي الديانة السائدة في المغرب؟
12434	أين تقع مدينة سبتة؟
12435	كم تبلغ مساحة الدلتا المصرية؟
12436	من مؤسس دولة الكويت ؟
12437	ماذا كانت النية خلف تفجير فندق برايتون في بريطانيا عام 1984؟
12438	من اكتشف القهوة؟
12441	ما هي مساحة ألبانيا ؟
12443	متى أنشئت مجلة المقتطف في مصر؟
12444	ما هي الراديكالية  أو الأصولية؟
12445	من هو دانييل ديفو؟
12446	ما هي الثيوديسيا؟
12447	ما هي عاصمة جامايكا؟
12448	ماهو علم الإجتماع ؟
12449	ما هو الصمّام القفّاز؟
12450	متى تم ترجمة القران الكريم إلى الأنجليزية ؟
12452	ما هو العدد الذري لغاز الهيليوم؟
12453	ماهى شخصية المصباح الأخضر ؟
12456	أين تأسس فن المانغا؟
12457	متي ولد تشارلز داروين؟
12458	متى توفي موليير؟
12460	متى سقطت الأندلس؟
12461	متى ولد أبي منصور الماتريدي ؟
12462	ما هو طول المعي الدقيق في جسم الإنسان ؟
12463	متى قامت التيتانيك بأول رحلاتها؟
12465	ما هي أكبر مدينة اسكتلندية؟
12468	ما هو اليرقان؟
12469	من هو مؤلف النشيد الوطني اليمني؟
12470	ماهي القلويات ؟
12473	متى تأسست شركة أبل ؟
12474	في أي عام ولدت الفنانة وردة الجزائرية؟
12475	ما هو الليبيد ثنائي الطبقة؟
12477	ماهو الراهب ؟
12478	من هو عبد الله الأحمر؟
12479	اين تقع جزيرة صقلية ؟
12484	على ماذا يعتمد اقتصاد هولندا؟
12489	متى إحتلت فرنسا التشاد؟
12491	في أي عام تأسست الجمعية العامة للأمم المتحدة؟
12492	أين ولدة جانيت جوزيف ؟
12493	من هو مخرج مسلسل الجوارح ؟
12494	هل موناكو إمارة؟
12495	أين قامت مملكة أكسوم؟
12496	أين ولد روبرت كوخ؟
12497	ما هو عدد سكان القاهرة لعام 2018 ؟
12498	هل يمكن  إستخرج  السماد العضوي من فضلات الإنسان؟
12501	ماهو تعداد سكان مدينة مانيلا ؟
12503	متي ولدة مايا أنجيلو؟
12504	من ألف كتاب صور الأقاليم؟
12505	أين يقع نهر أرنو؟
12506	متى ولد الاديب الروسي ليو تولستوي؟
12508	متى توفي ألفونسو الثالث عشر ؟
12511	متى تم استخدام الأسلحة الكيميائية لأول مرة بالتاريخ؟
12512	ماهي عاصمة كينيا؟
12514	من أمير الكويت؟
12516	ما هي جنسية اللاعب نيمار ؟
12517	في أي عام وقعت الحملة الفرنسية على مصر؟
12518	ما هو الفقر المطلق؟
12520	ماذا كانت عاصمة الدولة الغزنوية؟
12521	من هو صاحب لوحة مدرسة أثينا؟
12522	من هو إكليمندس الإسكندري؟
12523	متى تأسست شركة وارنر برذرز الترفيهية المدمجة؟
12525	من هي اول ممثلة تفوز بجائزة الأوسكار ؟
12532	من هو مؤسس شركة فورد لصناعة السيارات؟
12533	من هو ابن خالويه؟
12534	ما هي التعاليم الاجتماعية الكاثوليكية؟
12537	من كم بحيرة تتكون البحيرات العظمى في أمريكا الشمالية؟
12538	ما هي المياه الراكدة ؟
12539	متى تاسست شركة دي سي كوميكس؟
12541	متى تم تطبيق القانون العام في السعودي ؟
12543	من هي أسماء بنت أبي بكر؟
12546	ما هو ايلول الاسود ؟
12547	في أي عام وقعت معاهدة السلام المصرية الإسرائيلية؟
12548	متى أصبحت إيطاليا جمهورية؟
12551	ما هي حبوب الطلع؟
12555	في أي عام تم اكتشاف القارة الأمريكية؟
12557	ما هي المياه الجوفية؟
12558	كم تبلغ مساحة الأردن ؟
12559	متى ولدت المغنية سيا؟
12561	متى أعفي أحمد بن حسن محمد عسيري من منصبه نائبًا لرئيس الاستخبارات العامة؟
12562	اين توجد مدينة قم؟
12564	متى ولد روبرت كوخ؟
12565	ما هو القمر الصناعي؟
12566	متى صدر فيلم  "ساحر أوز"؟
12567	كم عدد الدول التي تشارك النيجر حدودها ؟
12570	ما هي الميكانيكا الإحصائية؟
12573	ما هي العضلة المأبضية؟
12575	متى ولدت الروائية التركية ألف شفق؟
12576	متى تأسست إيه تي آند تي؟
12578	ما هو انفلونز الطيور ؟
12580	متى وصل الإسلام إلي الهند ؟
12582	ماهى اللغة المتكلم بها في سيناء ؟
12587	هل يوجد نهر في الكونغو؟
12588	متى تأسست شركة الإلكترونيات العالمية فيليبس؟
12589	ماهو الإغراق المائي ؟
12592	كم تبلغ مساحة قارة أمريكا الجنوبية ؟
12593	متى عاش أبو محمد عز الدين عبد العزيز بن عبد السلام ؟
12595	ما هي الحكم العطائية؟
12596	ما هي الغرغرينا؟
12599	ماهو تعداد سكان إسرائيل ؟
12600	ما هو المقراب الانكساري؟
12601	متى إنتهت الحرب العالمية الثانية؟
12603	كم سورة توجد في القرآن الكريم ؟
12604	ما هي داحس و الغبراء ؟
12609	من هو البخاري؟
12610	ماهي وحدة الطن ؟
12613	متى توفي مالكوم إكس ؟
12614	هل بدأت الكوميديا  مع الإغريقيين؟
12616	هل كل اليهود صهاينة؟
12617	متى ولد مارتن لوثر كينغ ؟
12619	متى ولد عزمي بشارة ؟
12620	أين تقع منطقة القبائل في الجزائر ؟
12622	متى صدر فيلم انترستيلر ؟
12623	من هو مؤلف رواية " الأجنحة المتكسرة " ؟
12624	ما هو العدد الذري للبلوتونيوم؟
12627	هل تعد رقصة البرع من الرقصات الشعبية اليمنية القديمة؟
12629	متى بدأ إستعمال الكينين أو الكوينين؟
12630	ما هي الرواقية ؟
12631	ما هي عاصمة جرينلاند؟
12633	متى يحصل الضابط على رتبة ملازم؟
12634	هل يمكن ان يتم إعطاء لقاح شلل الاطفال عن طريق الحقن؟
12635	كم عدد سكان  وادي قديد؟
12636	من هو سنقر الأشقر؟
12638	أين يقع جامع بايزيد الأول؟
12639	ما هي العملة الرسمية في لبنان؟
12640	متى تم استخدام الطيار الآلي؟
12641	ما هو أطول الانهر اللبنانية؟
12642	ماهى البيبتيدات ؟
12645	ماهو عقار الفياغرا ؟
12648	متى توفي أمير المؤمنين أبو المُطرّف عبد الرحمن الناصر لدين الله ؟
12650	كيف مات الروائي الأمريكي إرنست همينغوي؟
12653	متى تم العثور على حجر روزيتا ؟
12654	متى تم تأسيس لجنة الأمم المتحدة لحقوق الطفل؟
12658	هل علاج السرطان بإستخدام الأشعة خالي من الخطورة ؟
12659	في أي عام استخدم لقاح الحصبة لأول مرة؟
12661	ماهو علم النفس التحليلي ؟
12662	هل يحوي المحار فيتامين بي 12؟
12663	ما عدد اللاعبين في فريق الرغبي؟
12664	متى تأسست جمعية العون المباشر؟
12666	أين تقع ولاية كونيتيكت؟
12667	من هو مؤلف رواية العودة من الشمال؟
12668	مما تتكون الخميرة؟
12675	كم تبعد موناكو مدينة نيس الفرنسية؟
12676	ماهو معني أودي بالاتينية؟
12677	هل مرض الإيدز مرض معدي؟
12678	ما هي المستحلبات؟
12679	متى صدر فيلم سنودن ؟
12682	من هو ميخائيل باكونين؟
12683	متى تم بناء الجامع الكبير في صنعاء ؟
12684	متى بث مسلسل البواسل  لأول مرة؟
12685	متى كانت القسطنطينية عاصمة للإمبراطورية الرومانية؟
12686	متى حدثت معركة خانوه؟
12687	هل زرافة غرب أفريقيَّة مهددة بالانقراض؟
12689	متى تم إنشاء شركة روكستار نورث ؟
12690	من هو يوسف القرضاوي؟
12694	أين كانت أول صحيفة في العالم؟
12695	ماذا تسمى نكسة حزيران في إسرائيل؟
12696	ما هي أول مدرسة نظامية في تاريخ الكويت؟
12697	هل يتم ذكر مريم العذراء في سورة مريم ؟
12698	متى إستقلت كوريا الجنوبية؟
12699	ضمن أي محافظة إيرانية يقع دير القديس إستبانوس؟
12700	ما هي الغازات الدفيئة؟
12702	من هو محمد البوعزيزي ؟
12703	ماهو علم الأحياء ؟
12704	كم تبلغ مساحة الصحراء الكبرى؟
12708	هل  يحدث مرض حمى الضنك إنخفاض خطير في ضغط الدم؟
12711	متى وقعت معاهدة أوترخت؟
12716	من هو منشئ إتحاد الجمهوريات السوفيتية الاشتراكية ؟
12717	ما هي اللغة البشكنشية؟
12718	ما هي الرباعيات؟
12719	ماهى الشركة القابضة ؟
12722	ما يعني الإضراب العام؟
12724	هل نجحت المملكة اليابانية في إحتلال الإمبراطورية الصينية خلال الحرب العالمية الثانية ؟
12725	ما معدل السكري العادي في جسم الإنسان؟
12726	هل تعتبر الصين دولة شيوعية ؟
12728	في أي عام نشأ حزب المحافظين البريطاني رسميا"؟
12732	من هم الغجَر أو الكاولية؟
12733	هل برنامج أوتوكاد هو برنامج هندسة التصنيع؟
12735	من كان مؤسس الدولة الموحدية في المغرب العربي؟
12736	متى حدثت غزوة حنين ؟
12738	ماهى نظرية الذيل الطويل ؟
12740	متى تأسست وكالة ناسا ؟
12741	ما هو البحر الذي يفصل شبه الجزيرة الإيطالية عن شبه جزيرة البلقان ؟
12746	من ابتكر الشخصية الكرتونية ياقوت؟
12747	من هو أرثر ميلر؟
12749	من هو عباس حلمي الأول؟
12751	كم تبلغ مساحة موزمبيق؟
12752	كم تبلغ مساحة الكاميرون؟
12753	متى صنع نظام الأندرويد؟
12756	متى انطلقت بطولة أستراليا المفتوحة للتنس؟
12757	ما هي نظرية السلف المشترك في التطور؟
12760	اين يوجد معبد ديبود؟
12761	متى تم إعلان جمهورية الصين الشعبية؟
12762	مما يصنع ركاب الحصان ؟
12763	اين توجد مدينة العريش؟
12765	اين يوجد نهر الوادي الابيض؟
12767	ما هي الخلايا الجذعية ؟
12768	ما هي عاصمة البرتغال؟
12770	متى أغتيل رفيق الحريري؟
12771	ما هي الإنيادة؟
12773	كم هو عدد أقاليم باكستان؟
12774	من هو إبليس ؟
12775	ماهى مساحة الرياض ؟
12776	أين توفي مارتن لوثر ؟
12777	كم عدد سكان بلغاريا ؟
12778	أين تقع منطقة أرغون؟
12779	أين يقع متحف العمارة والتراث؟
12780	متى توفي جمال عبد الناصر؟
12781	من هو مخرج فيلم " 12 عاماً من العبودية؟
12788	أين ولد بان كي مون؟
12789	متى تأسست جامعة ميتشيغان الأمريكية؟
12791	في أي عام أنشئت شركة كيوتو أنيميشن اليابانية؟
12792	هل الإرتباك من أعراض متلازمة فيرنيك-كورساكوف ؟
12794	ما هي أكبر مدن الضفة الغربية  الفلسطينية؟
12796	هل توجد براكين في اليمن ؟
12797	من هو جيمس غامبل؟
12798	متى صدرت اول مؤلفات عباس محمود العقاد؟
12799	ما هو المجلس المركزي الفلسطيني؟
12801	أين يقع المقر الرئيسي للنادي الإفريقي؟
12802	كم كانت تزن التيتانيك ؟
12803	متى تم انتاج أول مواسم المسلسل الكرتوني الأمريكي عائلة سيمبسون؟
12806	مما تتكون التربة ؟
12808	متى تم خلع الرئيس حسني مبارك عن السلطة ؟
12809	متى ولد آلفونس غابرييل كابوني ؟
12810	هل يشكل التغير المناخي خطرا علي القطبين المتجمدين ؟
12813	هل تراجُع الحلمة من المظاهر التقليدية للتثدي؟
12814	من هي ماريا كريستينا دي بوربون؟
12817	أين تقع مدينة الغردقة السياحية ؟
12818	متى ولد عبد الوهاب محمد المسيري ؟
12819	هل تسبب مبيدات الآفات التسمم البشري؟
12820	هل لشجرة الجنكو ذو الفصين رائحة نتنة ؟
12822	ما هي متلازمة داون؟
12823	هل سويسرا من الدول المنضمة للاتحاد الأوربي؟
12824	من كان الفائز بكأس العالم 2002 ؟
12825	ما هي  عاصمة البيرو؟
12826	ما هي مادة الفورمالدهيد؟
12827	ما هي العلوم الاجتماعية؟
12830	أين يقع نهر النيل؟
12831	كم فازت الجزائر بميدالية بدورة الألعاب الأولمبية 2012 ؟
12832	متى تم إصدار لعبة جراند ثفت أوتو الجزء الخامس ؟
12833	من هو عبدالله اوجلان ؟
12834	هل كان للفيلسوف أفلاطون مؤلفات بمجال الرياضيات؟
12837	متى تأسست جمعية الاتحاد والترقي في تركيا؟
12839	ما هي الأساطير الإسكندنافية
12840	في أي عام  توفي ألبرت ميكلسون
12843	ما هي مقاومة الإنسولين؟
12844	من أخرج فيلم سكر بنات؟
12845	من نفذ عملية (الهجوم على بيرل هاربر)؟
12846	من هم الشعراء الصعاليك ؟
12848	متى توفي البيروني؟
12850	متى تأسس نادي بروسيا دورتموند؟
12851	متى تم ت أول رحلة للفضاء  الخارجي؟
12855	مما تتشكل الأورام السرطانية ؟
12856	اين توجد مدينة قم ؟
12858	ما هو التضخم في الائتمان المصرفي؟
12859	متى إكتسبت الهند القنبلة الذّرية؟
12860	ماهي الهضبة  ؟
12861	من هو مؤلف كتاب الطبقات الكبير؟
12862	ما المادة المكونة لأنياب الفيل؟
12863	في أي عام انتهت حرب السنوات السبع؟
12864	ما هي الهندسة الكسيرية؟
12865	من هم آل صباح ؟
12868	ما هو السائل الخلالي أو السائل النسيجي؟
12869	متى صدر مسلسل ساوث بارك؟
12870	كم طول الحدود بين سوريا  وتركيا ؟
12871	ما هي الاشتراكية؟
12873	ماهو العنصر المهدئ في البنزوديازيبين ؟
12874	كم عدد صمامات القلب؟
12876	ما هي البلعمة؟
12877	من هو فريدريش شليجل؟
12879	ما هو الإتجار بالجنس من أجل البقاء؟
12881	أين يقع متحف مدام توسو؟
12882	هل يسبب الإجهاد  فقدان الذاكرة؟
12883	متى تأسست مملكة باغان ؟
12885	متى أطلق فيلم السمكة نيمو 1؟
12886	أين تقع البحيرات المرة؟
12887	متى بدأت جائزة نوبل في علم الوظائف  التي تمنحها الأكاديمية الملكية السويدية للعلوم؟
12888	ما هي  الحجرات الأربع في القلب البشري؟
12891	ما هي نجمة الصباح؟
12893	هل بوسيدون هو إله البحار؟
12895	كم كان عمر أكبر أبناء عائلة سودر ؟
12896	متى تأسس تنظيم طالبان ؟
12897	ما هو السليولوز؟
12899	ما هو اكبر كواكب المجموعة الشمسية ؟
12900	ما هي اكبر المدن المغربية من حيث الكثافة السكانية ؟
12901	أين تقع قلقيلية ؟
12903	متى حدث قصف لندن ضمن أحداث الحرب العالمية الثانية ؟
12904	ما هي مساحة كوريا الجنوبية؟
12906	من هو أول خليفة عثماني؟
12907	ما هو أكبر سد في العالم؟
12908	أين تقع بلدة شاموني؟
12909	من هو والد رفيق الحريري ؟
12911	لمن يعود ملعب الامارات ؟
12912	متى توفي الرئيس هواري بومدين؟
12913	متى ولد دانتي أليغييري ؟
12914	متى تم الاتفاق على معاهدة ماستريخت؟
12915	أين تقع جزيرة ساموس؟
12916	اين تقع مدينة السويداء؟
12917	ما هو الخط الأسطرنجيلي؟
12919	ما هي درجة الانصهار؟
12922	ما هو مبدأ موجة إليوت؟
12923	أين تقع مدينة ينشوان؟
12924	ما هو الكنيست الإسرائيلي؟
12926	من هو إريك إريكسون؟
12928	ما هي القوة النابذة؟
12929	إلى كم فرع تنقسم دراسات العلوم الإسلامية ؟
12930	ما هي دول البنلوكس؟
12931	متى تم العدوان الثلاثي على مصر؟
12932	من هو أول ملوك فارس ؟
12933	متي إندلعة الثورة في سوريا ضمن ثورات الربيع العربي؟
12934	أين يقع المبيض في جسم الإنسان ؟
12936	ما هو عدد حروف العطف في اللغة العربية ؟
12937	متى يُحتفل بشهر تاريخ المرأة؟
12938	من هو غوشو أوياما؟
12942	ما هو الكبد؟
12943	متى أطلقت روتانا شبكة قنواتها التلفزيونية ؟
12945	أين يقع مطار بن غوريون؟
12946	أين توفي جمال خاشقجي؟
12948	ما هو الفقة ؟
12950	هل يمكن أن تكون هنالك أسباب وراثية وأسرية وراء لإصابة بمرض جنون العظمة؟
12951	من هو رئيس إيطاليا الحالي؟
12953	في أي عام حُكم على صدام حسين بالإعدام؟
12954	هل يرجم الزاني في الإسلام ؟
12955	هل تعد فنلندا جزءاً من اسكندنافيا؟
12958	ما هي فلورة الماء؟
12959	أين تقع الأناضول؟
12960	من هو جيوفاني ليوني؟
12961	من هو أديتيا روي كابور؟
12962	متى تمت بداية إستعمال  اللغة العربية ؟
12965	هل يعد جورج واشنطن من مؤسسي الولايات المتحدة الأميركية؟
12966	متى افتتحت جامعة جونز هوبكينز؟
12969	ما هي الشهادة الجامعية التي حملتها ماريا إيلين كانتويل ؟
12970	كم يمثل الدم من إجمالي وزن الجسم؟
12972	ما هي نظرية العقل؟
12974	متى انطلقت الثورة السورية الكبرى؟
12975	اين يوجد اكبر مسجد في روسيا ؟
12976	متى ولد الامام أحمد بن محمد بن حنبل؟
12977	من رئيس الإتحاد الدولي للمصارعة المحترفة؟
12979	ما هو فن الفتاة السيئة؟
12980	هل تملك أستراليا رئيسا؟
12984	من هو كلمنس فون برنتانو؟
12986	متى صدرمسلسل الانمي كابتن ماجد؟
12988	كم عدد أفراد عائلة سيمبسون في المسلسل الكرتوني (عائلة سيمبسون)؟
12989	ما هي جنسية المغني فريدي ميركوري؟
12991	متى توفي سَعْد بن أَبي وقاص؟
12992	متى توفي إسحاق شامير ؟
12993	في أي عام ظهرت صناعة مواد الكربيد الملبدة ؟
12994	ما هي الألوان الأساسية الثلاث؟
12995	ما جنسية الرسام ليوناردو دافنشي؟
12997	ما هو الاسم الأصلي لشركة تويوتا؟
12998	من هو ابو العلاء المعري ؟
12999	اين تقع بروسيا؟
13000	هل يوجد نباتات لاحمة؟
13001	من هو تشارلز إدوارد ستيوارت؟
13002	متى تم توقيع معاهدة لوزان؟
13003	من هو سعيد كواشي؟
13004	من هو مؤسس علم النفس الحديث؟
13007	في أي عام تأسس الحزب الديمقراطي في ليبيا؟
13008	متى ولدت الممثلة الأميركية أنجيلينا جولي؟
13009	متي ولد سعود الفيصل؟
13010	في أي عام أنتج فيلم نيفي سيلز؟
13015	ما هي الهيراطيقية؟
13016	كم يبلغ متوسط طول  فخذ الإنسان البالغ ؟
13017	هل يمكن صنع النبيذ من فواكه أخرى غير العنب؟
13019	من هو العالم الذي اكتشف أول إنزيم؟
13020	ماهو اسم أول رئيس للولايات المتحدة الأمريكية؟
13021	من كان أول حاكم من بوربون لإسبانيا ؟
13022	ماهو إلتهاب السحايا ؟
13023	من أين ينبع نهر التمز؟
13026	ما هو المسبار الفضائي ؟
13028	متى تولى حزب العدالة والتنمية السلطة في تركيا؟
13029	متى صدر فيلم الريشات؟
13030	ما هى طريقة توزيع الذيل ؟
13032	من مؤسس مجتمع الأرض المسطحة ؟
13033	ما هو اول تاريخ الحروب العربية الاسرائيلية؟
13035	أين تقع السودان؟
13036	ما هي أوروبا الجرمانية؟
13037	ما سماكة طبقة الميزوسفير؟
13040	متى تأسست جامعة شيكاغو الأميركية؟
13044	أين تقع مدينة حائل؟
13045	ما هو الاسم الحقيقي للمطربة اللبنانية يارا؟
13048	أين تقع الخرطوم ؟
13050	متى عاش أبو العلاء المعري؟
13051	ما هو المبلمر؟
13054	متى وصل الإحتلال العثماني لسوريا ؟
13055	ما هو جيش المهدي؟
13058	ما هو حجر رشيد؟
13060	متى تأسس مركز محمد بن راشد للفضاء ؟
13061	متى تاسست شركة سامسونج الكورية ؟
13063	من هو الإمبراطور الذي أحرق روما ؟
13065	هل الخلية بانية العظم هي خلية ذات نواة واحدة؟
13068	متى تم بدأ بث قناة المجد ؟
13070	ما هو عدد زوجات الرسول محمد (ص) ؟
13071	ماهي العملة المستعملة في إسبانيا؟
13072	متى توفي صلاح الدين الأيوبي ؟
13074	أين تقع مدينة أنطاكيا؟
13075	أين تقع محافظة سعرد ؟
13076	أين يقع جبل أحد ؟
13079	في أي عام ولدت أنغيلا ميركل؟
13080	ما هي عاصمة كردستان؟
13081	كم تبلغ مساحة البحر الميت ؟
13084	في أي عام فاز إيهود باراك لرئاسة وزراء إسرائيل؟
13086	أين تقع آخن؟
13087	اين تقع مدينة سطيف؟
13088	اين توجد شجرة دم الاخوين ؟
13089	أين ولد أرخميدس ؟
13091	متى تم إستقلال سوريا ؟
13093	ماهى عاصمة بورتوريكو؟
13095	ما هو مستوى المعيشة؟
13098	ما هي القبيلة الذهبية؟
13100	من هو محمد فوزي العظم؟
13103	هل مملكة الفطريات هي ضمن نطاق حقيقية النوى؟
13104	ما هي وظيفة الرحم؟
13105	هل الماغنيسيوم من الفلزات أو اللافلازات ؟
13107	اين يقع المسجد النبوي ؟
13109	ما هي الأشعة السينية؟
13111	كيف يحصل تسوس الأسنان  ؟
13116	هل البازلت صخور بركاني؟
13117	مامعنى الحرب على الإرهاب ؟
13119	أين يقع برج خليفة؟
13120	اين توجد مدينة مشهد؟
13121	هل تستطيع الكلاب سماع الموجات دون السمعية ؟
13122	متى انشئت شركة تويتر ؟
13123	ما هي جوائز الشاشة الذهبية؟
13124	ما هو فرط كالسيوم البول؟
13125	ما هي السنة البسيطة ؟
13126	من اكتشف قارة أمريكا الجنوبية ؟
13129	من اي ماده يستخرج الالمنيوم؟
13130	أين ولد ألفونسو الثالث عشر ؟
13132	هل يمكن التخلص من حصي الكلى بدون إجراء عملية جراحية ؟
13135	من هو أقدم متحف عسكري ؟
13137	ما هي متلازمة التعب المزمن؟
13138	في أي سنة تم خلع الزعيم المصري السابق حسني مبارك عن السلطة؟
13139	متى انضمت بولندا للاتحاد الأوربي؟
13140	ما هي الوثنية ؟
13141	من هي جيانغ كينغ؟
13144	اين تقع الفاتيكان؟
13145	ما هي الإشابة أو التطعيم في الإلكترونيات؟
13146	متى تم غزو العراق على الكويت في حرب الخليج؟
13148	متى استقلت تونس ؟
13150	ما هو المستعر الأعظم؟
13151	اين ولد الشاعر ايليا ابو ماضي ؟
13152	كم يبلغ طول القرش الأبيض الكبير البالغ ؟
13153	هل يسبب ألإكثار من تناول الملح ضغط الدمّ؟
13154	من هو مخترع جهاز التنفس تحت الماء ؟
13156	متى تأسست دومينوز بيتزا؟
13157	من هو ألفونسو الثالث عشر؟
13158	من كان قائد ثورة الفاتح من سبتمبر 1969 ؟
13159	متى ولد الممثل  جيوفري راش؟
13160	كم عدد مواسم تيمون وبومبا ؟
13162	كم كان عدد الأعاصير في عام 2003 ؟
13164	متى تاسس طيران اليمنية؟
13165	من هو مؤلف كتاب تاريخ بغداد؟
13166	ما هي العملة النقدية في الكويت؟
13167	أين يقع خليج ماساشوستس؟
13169	اين توجد مدينة العدين ؟
13170	ما هي الآريوسية؟
13171	ما هو الحث كهروستاتيكي؟
13172	ما هو الرعد؟
13174	متى كان زواج أنجلينا جولي؟
13176	من هو الروائي الذي وصفته مجلة التايم أنه جورج هو تولكين الأمريكي؟
13177	من هو مؤلف رواية قصة مدينتين ؟
13180	مامعنى معالجة البيانات ؟
13182	ماهى مساحة إثيوبيا ؟
13184	ماهو اسم شركة الطيران السورية الرسمية؟
13187	متى ولدت العالمة السعودية غادة المطيري؟
13188	ماهو أضخم مخلوق في العالم؟
13189	متى تم انشاء شبكة سي ان ان الأخبارية؟
13190	من هى زها حديد ؟
13191	من هو ظافر العابدين؟
13192	هل يمكن للصوت أن ينتقل في الفضاء الخارجي؟
13193	ما دور الواقي الذكري؟
13196	متى فاز حزب العمال الأسترالي أول مرة بالإنتخابات؟
13197	في أي عام أنشئت شركة آبل؟
13202	هل للقصص الواقعية من الحياة نظرية تربوية؟
13204	كم عدد الضحايا في مذبحة وهران عام 1962؟
13205	متى تأسست الجمعية الملكية للكيمياء؟
13206	متى بدأت خدمة الجي ميل؟
13208	متى كان أول حفل لجوائز فيلم فير؟
13209	متى ولد ويليام فورد جيبسون ؟
13210	أين ولد إدوارد وديع سعيد مُنظر ؟
13211	ما هي اهم المحاصيل الزراعية العراقية ؟
13212	اين ولد بابلو إسكوبار ؟
13214	ما هي معركة مدنين؟
13216	ما علاقة حزمة بروتوكولات الإنترنت ببروتوكول معلومات التوجيه؟
13218	متى ظهر بطوط لأول مرة؟
13220	من هي دليلة ؟
13221	ماهي أشهر ثلاث ديانات في العالم العري؟
13222	ما هي رسائل تل العمارنة؟
13225	متى توفي الشيخ تقي الدين السبكي؟
13226	أين تصدر صحيفة هآرتس ؟
13227	متى هاجر الفيسلوف جون لوك إلى هولندا؟
13228	ما هي أول حكومة شيوعية تتشكل في أوروبا بعد ثورة أكتوبر في روسيا؟
13229	ما مساحة برشلونة؟
13230	متى ولد الممثل الصيني جاكي شان ؟
13233	ما هي الأشعة الكونية؟
13238	اين يوجد مرقد أحمد بن علوان؟
13239	ما هو التصنيف الدولي للأمراض؟
13240	ما هو الأمن القومي؟
13241	من هو كريس هارمن؟
13242	من هو جلال الدين الرومي؟
13244	ما هي عاصمة جزر القمر ؟
13246	كم ولاية تضم الولايات المتحدة؟
13247	متى عاش مروان حديد؟
13249	متى توفي طلعت حرب؟
13250	متى ولد  الشيخ عبد الله السالم الصباح؟
13251	ما جنسية ماجدة الرومي؟
13252	أين تقع مدينة عدن ؟
13257	أين تقع مدينة سطيف؟
13258	ما هي الساعة الذرية ؟
13260	متى حصل السادات على جائزة نوبل للسلام؟
13261	هل متلازمة أسبرجر طيف من أطياف التوحد ؟
13262	متى توفي الحكيم ألفونسو العاشر ؟
13263	ما هو تواتر الألعاب الأولمبية؟
13266	ما هي أسترالوبيثِكُس أو القردة الجنوبية؟
13268	من هو هادي العبدالله؟
13270	متى وقعت الثورة الفلسطينية الكبرى؟
13271	ما هي الغازات النبيلة ؟
13272	متى تم تأسيس مجلس الامن ؟
13273	ما حزب فلاديمير لينين؟
13274	في أي عام ولد بابلو بيكاسو؟
13277	متى ولد جعفر العسكري ؟
13279	من هم أتراك الأوغوز؟
13282	من هو المازري؟
13284	في أي عام ولدت غادة شعاع؟
13287	أين ولد المخرج ستيف أندرسون؟
13288	ما هي عاصمة الجزائر؟
13289	متى تاسس جهاز المخابرات المصري؟
13290	ما هي حركة تموز 1958؟
13292	في أي مدينة باحث العراقي جمال الدين فالح الكيلاني؟
13294	من هو جنكيز خان؟
13297	ما عدد اللاعبين في لعبة كرة السلة ؟
13298	أين تقع بحيرة هرون؟
13300	اين ولد الدكتور صبحي رجب محمصاني؟
13315	متى إنضمت إسبانيا إلي الإتحاد الأوروبي ؟
13357	ما هي الشركة المنتجة لفيلم مجزرة منشار تكساس 2؟
13406	أين تقع منطقة  القوقاز ؟
13412	متى توفي الملك فاروق الأول ؟
13415	ما هو الكلوروكين؟
13451	كم عدد أيام عيد الفطر ؟
13524	اين يوجد مقر قوات درع الجزيرة؟
13542	من هو مؤلف كتاب الفيل الأزرق ؟
13578	متى ولد الرئيس الروسي فلاديمير بوتين؟
13585	ما هي  الأعصاب القحفية  ؟
13593	من هو رئيس مجلس وزراء البحرين منذ الاستقلال سنة 1971؟
13602	متى صدرت أول لعبة باربي؟
13611	كيف يتم قياس عزم الدوران؟
13653	ما هما اللغتان الرسميتان في الكاميرون؟
13659	ما هو الببتيد ؟
13661	أين تقع جزر البليار؟
13732	من كانت أول زوجة للنبي محمد إبن عبدالله ؟
13741	من هو مؤسس قناة ال آر تي ؟
13784	هل حزب الله هوالجيش النظامي للجمهورية اللبنانية؟
13794	اين يوجد مقر منظمة الاسكوا ؟
13798	كم طول السواحل  الإماراتية؟
13836	من هو اله حورس؟
13855	ماهى موسيقى السامري ؟
13863	من هو مخترع التلفاز؟
13900	متى تاسس حزب المستقبل اللبناني؟
13958	هل نظام الحكم في أستراليا نظام ملكي ؟
13983	متى تم إطلاق نظام تشغيل ويندوز إكس بي ؟
13990	من أدى صوت إلسا في فيلم "فروزن"؟
14048	في أي عام قامت معركة مرج دابق؟
14058	هل ترتبط السويد بالدنمارك بجسر؟
14091	متى تأسست جمهورية الصين ؟
14097	متى إستقلّت اليمن؟
14113	في أي عام وقعت غزوة مؤتة؟
14144	ما هو القصور الكلوي؟
14160	كم عدد اسفار العهد الجديد ؟
14197	ما هي الحرب الأهلية الأمريكية؟
14200	من الدولة التي أنتجت أول قنبلة نووية في العالم؟
14218	من ألف الكتاب الجغرافي مسالك الممالك؟
14221	ما هي نسبة الزنك في جسم الانسان؟
14223	ما هو خزان النفط؟
14239	من أين ينبع نهر الكونغو؟
14293	ماهى المسيحية السريانية ؟
14295	ماهي اسم المعركة التي هزم فيها العثمانيون المماليك؟
14407	في أي عام  تأسس نادي إيفرتون الإنكليزي ؟
14420	من هي الجهة المانحة لجائزة الأوسكار؟
14440	ما هي الديانة السائدة في البيرو؟
14447	متى تم إطلاق أول تطبيق ويندز ؟
14456	ما اسم والدة النبي محمد (ص) ؟
14507	متى تأسست نادي تشيلسي لكرة القدم؟
14544	ما هو أكبر جيش في العالم؟
14570	ما هو إسم ملكة سبأ ؟
14576	ما هو الكونغرس؟
14625	متى تاسست شركة انفيديا؟
14635	ما هي العدوى الانتهازية؟
14674	من هو أمير قطر؟
14718	متى تم إنشاء الجمهورية التركية؟
14739	هل تقع عظمة الكعبرة على يسار عظمة الزند؟
14761	ما هي المحفظة المفصلية؟
14842	ما هي القبطية ؟
14854	من هو مؤسس مجموعة ماجد الفطيم ؟
14866	من هو أبو موسى الأشعري؟
14969	متى تأسس نادي شيلسي الانجليزي؟
15009	ماهو تعداد سكان مدينة حمص ؟
15064	ما هي الأنا العليا كما وصفها فرويد؟
15071	من مالك  الشبكة الإعلامية السعودية؟
15072	كم كان عدد دول الاتحاد السوفييتي؟
15103	ما هو التوزيع الإلكتروني ؟
15135	من هى والدة النبي محمد بن عبدالله ؟
15163	أين يقع المقر الرئيسي للإسكوا ؟
15179	كم طول سواحل اليمن ؟
15206	من هو مؤلف كتاب ملائكة وشياطين ؟
15235	متى عقد المؤتمر الصهيوني الأول؟
15271	متى أعلنت إيطاليا الحرب على الدولة العثمانية؟
15334	ما هي أكبر المدن جزر هاواي؟
15336	أين تم بناء جسر لندن ؟
15374	ما هو الوقود الأحفوري؟
15394	أين تقع هاواي؟
15441	ما هو القُصُور الكُلْوِي؟
15480	من الذي تسبب في نشوب معركة مؤتة بين المسلمين والروم بعد قتله لرسول النبي محمد؟
15481	من قاد الثورة العرابية في مصر؟
