5	siapakah orang tua John Fitzgerald Kennedy?
6	Apakah nama ilmiah Kucing pasir?
7	Apa makanan khas dari probolinggo ?
9	Siapa yang mengembangkan video game Pokémon pertama kali ?
10	Apakah Melissa Brannen telah ditemukan ?
12	Apa kepercyaan dalam karya Mahabharata?
13	Siapa yang mengetuai Operation Just Cause?
14	Siapakah penulis Kitab Yosua?
16	Siapakah ketua Partai Nazi?
23	Kapan  Operasi hari Kiamat terjadi ?
24	Apa itu peptida anionik?
26	Berapa lama Yustinus II menjadi kaisar ?
28	kapankah Kerajaan Goguryeo didirikan pertama kali?
29	Kapan Aristoteles lahir?
31	apakah bahasa asli yang digunakan di Mahabharata?
32	Apa yang dimaksud dengan zaman Meiji ?
33	Siapa pemeran utama film Spirited Away?
35	Apakah definisi dari budaya ?
36	Kapan Kerajaan Sambas kuno berakhir?
37	Dimana Kimia analisis dapat diaplikasikan?
39	Apa kota terbesar di Korea Selatan ?
42	Kapan Robert Kevin Rose mendirikan Revision3 ?
43	Kapan Dinasti Utsmaniyah mulai menguasai Yunani?
44	Kapan Nur ad-Din meninggal?
45	Apakah agama Tatianus?
47	Berapa jumlah stasiun pada Copenhagen Metro?
48	Apakah gereja terbesar di Kota Roma?
49	Dimana letak daerah "Pardembanan"?
50	apakah yang dimaksud dengan militer?
51	Berapakah Luas Gurun Sahara ?
52	Kepada siapakah istilah Boys' Love ditujukan?
54	Kapan serial Transformers mulai muncul di televisi ?
56	Siapa yang memproduksi The Powerpuff Girls?
57	berapakah luas Republik Afrika Selatan?
59	umur berapakah saat Mayor Jenderal TNI Basuki Rahmat masuk TNI?
61	Apa isi di dalam lubang hitam?
62	Apa makna restorasionis?
63	Kapan Vasco da Gama meninggal ?
64	Kapan Red Hot Chili Peppers dibentuk?
66	Siapa pendiri Gereja Asiria Timur?
67	berapakah luas kota Ternate ?
68	Apakah kepanjangan dari BASF SE?
69	Di mana  Leonardo da Vinci meninggal?
70	siapakah yang menciptakan Mesin cetak?
71	Dimanakah jalur Kereta api Argo Parahyangan dimulai?
72	dimanakah alamat kantor DPR RI?
73	berapakah jumlah kecamatan di Jambi?
74	Apa album pertama band Metallica?
75	berapakah tinggi gunung ciremai?
77	Kapan Cānakya meninggal?
80	Berapa luas Kabupaten Pesawaran?
82	Apa yang dimaksud dengan adat ?
83	berapakah luas Aceh?
84	Darimana asal Robert Heinrich Herman Koch?
85	Hewan apakah yang memiliki Hermafrodit?
87	Kapan Uganda merdeka?
88	Apakah yang dimaksud dengan Rasisme Individu?
89	Kapan Valentinius meninggal?
90	Apakah peralatan yang digunakan dalam permainan Petanque?
91	Kapan Antivirus pertama dikembangkan?
92	berapakah nomor atom dalam hidrogen?
93	Dimana Force India F1 didirikan?
94	Kapan serial Accel World pertama kali terbit ?
97	Kapan industri film di Indonesia dimulai ?
100	Apakah perakam ketikan dapat menyebabkan pencurian kata sandi?
101	Apakah bahasa rakyat Maluku?
102	dimanakah letak Napoli?
103	Di manakah letak menara Monas?
105	apakah nama mata uang negara Thailand?
106	Berapa luas Laut Karibia?
107	Apakah gagasan utama Muhammad bin ʿAbd al-Wahhāb?
110	Berapakah luas Kabupaten Kendal ?
112	berapakah luas Arab Saudi?
114	Kapan serial Scream ketiga dirilis ?
115	Kapankah PETA  berdiri ?
116	Mengapa Aksi 9 September 1796 berakhir mengambang?
117	negara manakah yang paling lama menjajah Indonesia?
118	Siapakah mangaka Masashi Kishimoto?
119	Kapan gerakan Kepanduan didirikan?
122	siapakah karakter antagonis utama wiracarita Mahabharata?
125	Apaakh kaset menggunakan pita magnetik?
126	Adakah monyet termasuk hominini?
127	apakah yang dimaksudkan dengan piksel ?
129	apakah Joseph Patrick "Joe" Kennedy masih hidup?
130	Kapan Indonesia mengikuti Olimpiade pertama kali?
132	tahun berapakah Gillie dilahirkan?
135	Siapa pihak yang menang dalam Perang Diponegoro?
138	Berapa lama perayaan Paskah berlangsung?
139	Dimanakah tempat pengurusan paspor ?
140	Apakah yang dimaksud dengan ilmu genetika ?
141	siapakah pendiri ajang Miss Universe?
142	siapakah pendiri Rolling stones?
143	Kapan Rovio Entertainment berdiri ?
144	Bagaimana Cara kerja BJT?
145	Apakah serial pokemon berasal dari komik ?
146	siapakah yang menciptakan Tes MMPI?
147	siapakah sutradara Hachiko: A Dog's Story?
148	berapakah umur negara  Kanada?
151	apakah Spam termasuk tindakan kriminal?
152	Dimana Yasser Arafat meninggal?
153	Apakah yang dimaksud dengan konsumen?
154	Apa yang dimaksud dengan Nagarakretagama ?
155	Apakah yang dimaksud dengan Generasi Z?
158	Dimanakah Kesultanan Utsmaniyah berkuasa ?
159	Apa definis dari sastra?
160	berapakah jenis statistika?
162	apakah nama Kitab Yahudi?
164	Bagaimana cara mengobati Tuberkulosis?
165	Apa itu poliester ?
168	Siapakah ayah Li Jiancheng?
173	Berapa jumlah suku di Tiongkok?
174	apakah nama mata uang Korea Selatan?
175	berapakah jumlah  planet ekstrasurya yang telah ditemukan manusia?
177	Dimana letak Uzbekistan?
179	Apakah mata uang Korea?
180	Apakah nama tarian tradisional daerah Sunda?
201	kapankah Belanda pertama kali masuk untuk menjajah Indonesia?
202	Apakah bahasa yang digunakan mayoritas penduduk Kanada ?
208	Apa bahasa mayoritas yang digunakan penduduk Belgia ?
209	Apa arti kata Balocci ?
210	kapankah Super Junior dibentuk?
212	berapakah luas kota jepara?
214	Siapakah Spence?
215	Kapan kesultanan Kanoman berdiri ?
216	Apa itu astronomi?
217	berapakah jumlah walisongo?
219	Bagaimanakah rata-rata bentuk kerucut gunung api Indonesia ?
221	berapakah luas Kalimantan Selatan?
222	Apa rumah adat Kalimantan Timur?
223	siapakah yang menciptakan Transformers?
227	Apa yang dimaksud denga de facto ?
233	Apakah sumber aliran genre Death metal?
234	Kapan Summly diluncurkan ?
236	Berapa luas kekuasaan kerajaan Persia ?
240	Kapan ideologi komunis muncul di dunia ?
241	siapakah orang tua Sri Susuhunan Amangkurat II?
243	siapakah pencipta Holografi?
245	Siapakah yang mengembangkan  Adobe Flash?
247	Apakah gereja protestan berbeda dengan katolik?
248	Kapan Joko Widodo dilantik menjadi presiden ?
252	Apakah alat yang berfungsi berdasarkan prinsip pembiasan cahaya?
253	Siapakah yang menaklukkan Konstantinopel dari pihak islam ?
256	Apakah fungsi utama CPU ?
258	siapakah pendiri Dropbox?
259	Apakah band punk rock pertama di Inggris ?
260	Berapa luas Provinsi  Papua ?
261	berapakah jumlah anggota boyband Super Junior?
262	Kapan Dmoz didirikan?
264	Apa itu fisika atom?
267	Di masa pemerintahan siapa Penaklukan Suriah terjadi?
268	Kenapa Topa disebut dengan Negeri Sejuta Mata Air?
269	Berapa lama Hồ Chí Minh menjabat menjadi presiden ?
270	Apa yang dimaksud dengan  perangkat lunak?
271	Siapakah pendiri PT KAI?
273	apakah perusahaan kereta api pertama di Jepang?
274	Kapan Naruto mulai difilmkan ?
275	Apakah yang dimaksud Gelombang gravitasi?
277	Apakah tujuan dibangunnya Algemeene Middelbare School?
281	Apa bahasa yang digunakan masyarakat Tiongkok?
282	Apakah yang dimaksud dengan sinetron ?
283	Berapa luas kota Jayapura ?
284	Apakah definisi dari peradaban ?
285	Apa itu mutasi genetik ?
286	Apakah peristiwa terbesar yang pernah terjadi di Pompeii ?
288	Apa latar belakang utama munculnya musik rock ?
289	Apakah famili Haver?
290	Berapakah suhu matahari ?
291	Dimanakah suku Mandailing tersebar ?
292	apakah 5 tingktan ekologi?
294	Dimana letak Sungai Han?
295	Siapa suami Custanza?
296	Apa itu Kimia organik?
299	Apa itu unsur kimia?
300	Kapan Peperangan Napoleon terjadi ?
301	Kapan Cina masuk ke Indonesia pertama kali ?
302	Apa yang dimaksud dengan psikologi ?
303	Kapan istilah Konformitas muncul ?
305	Apakah fungsi karbohidrat bagi tubuh ?
306	siapakah yang di anggap sebagai figur ilmu fisika?
307	Kapan Captain America: Civil War diproduksi ?
308	Siapa penemu Aljabar?
311	Apa nama badan pemerintah yang menanggulangi terjadinya bencana alam di Indonesia ?
313	Siapa penulis Naruto ?
314	Siapa yang menggunakan Teorema monyet takhingga?
315	tahun berapakah Kerajaan Majapahit didirikan?
317	Dimana letak anak sungai Vorderrhein?
318	Apa itu atom karbon?
321	Apa ibukota provinsi Papua Barat?
322	apakah  perjalanan waktu secara ilmiah bisa dilakukan?
323	Agama apakah yang memiliki  Alkitab Ibrani ?
325	siapakah jaksa penuntut umum dalam kasus Kasus suap daging sapi impor 2013?
326	Apakah Skizofrenia  bisa diturunkan melalui gen ?
328	Dimanakah letak Tibet ?
329	Dimankah letak Konstantinopel ?
330	Negara apa yang terlibat dengan Restorasi Meiji?
331	Berapa ketinggian Burj Khalifa?
333	Dinasti apa yang berkuasa paling lama di Tiongkok ?
334	Apakah kode Bandar Udara Internasional OR Tambo?
335	apaka mata uang yang digunakan di negara swiss?
336	Bagaimana bentuk Kursi lontar?
337	Siapa yang menemukan teori Evolusi ?
338	Berapa luas provinsi Gorontalo?
339	Apa nama lagu kebangsaan Finlandia?
340	Apakah nama ibukota Malaysia?
341	Apa itu Gereja Ortodoks?
343	apakah yang di maksud dengan Jaringan?
344	Siapakah ketua umum PDI tahun 2018 ?
347	berapakah luas Sumenep?
348	Kapan perusahaan majalah Kartini didirikan?
349	dimanakah Joseph Patrick "Joe" Kennedy dilahirkan?
350	Siapa raja terakhir Kerajaan Mataram?
351	Siapa saja yang terlibat dalam Pertempuran Laut Karang
352	Apa nomor atom Aluminium?
353	siapakah yang membuat konsep Desa Global?
354	Kapan Purnawarman meninggal?
355	Apa itu pura?
356	Apakah Awan Cirrus?
357	Apakah yang dimaksud dengan antiseptik?
359	Apakah penyebab dari autisme ?
360	berapakah jumlah karakter/alfabet pada aksara han?
362	Berapa tinggi Gunung Raung?
365	Berapa luas kota Raha ?
366	Kapan teori evolusi ditemukan ?
368	Kapan Al-Idrisi lahir ?
370	Apa yang dimaksud dengan hormon ?
371	Apakah etnis terbesar di Albania?
372	Ada berapakah Juz dalam Al-Quran ?
373	Siapa yang menciptakan musik rock pertama kali ?
374	Apakah hukum penawaran dalam ekonomi?
375	Apa nama perang yang pertama kali menggunkan tank?
376	Berapa jumlah golongan dalam tabel periodik?
377	Apakah pengertian sederhana dari DNA ?
378	Siapa yang memenangkan Perang Ōnin?
380	Kapan Tjong A Fie lahir ?
381	Apa yang diceritakan dalam wiracarita Ramayana.?
383	Siapa yang menciptakan anime Naruto?
385	Dari manakah asal kata Kriptografi?
387	Siapa yang pertama kali menemukan UFO ?
388	Apa itu paroki?
390	Apakah yang dimaksud dengan Prefek Apostolik?
391	Dimana habitat Hering Raja?
392	Apakah kepanjangan dari POLRI ?
393	Berapakah jarak  Neptunus dengan Matahari?
394	Dimana habitat Tarsius tarsier?
395	Apa warna bendera Skotlandia ?
396	Kapankah Dinasti Ming berdiri ?
397	Dimana John meninggal?
398	Apakah fungsi gendang telinga pada manusia ?
399	Apa nama suku asli masyarakat Banyuwangi ?
400	Kapan PT Kereta api Indonesia berdiri?
401	Kapan Revolusi Nasional Indonesia dimulai?
402	Apakah Gunung Tandikat termasuk gunung api aktif ?
403	siapakah istri Tuanku Panglima Gocah Pahlawan?
404	Apakah Gerak inersia?
406	Apa pengertian Fenomena ?
407	Apakah definisi dari elektron ?
408	Siapa nama arsitek Stade Roland Garros ?
410	Ada berapa bahasa yang digunakan di Kanada ?
412	Siapa pengisi suara Robert "SpongeBob" SquarePants?
413	Kapan Abraham Lincoln meninggal?
414	berapakah luas Praha?
416	Kapan Dinasti Qing Manchu berdiri ?
417	apakah Marga Raja Basa adalah marga kerajaan?
418	Apakah Masjid Al-Aqsa dan Kubah Batu termasuk situs-situs suci Yerusalem?
420	Kapankah Pemberontakan Taiping terjadi ?
421	kapankah organisasi pemuda pancasila didirikan?
422	Siapa itu Arjuna dalam Mahabharata?
424	apakah nama mata uang jerman?
426	Apa defini dari sistem demokrasi ?
428	berapakah luas Spanyol?
430	Apakah definisi dari maskulinitas ?
431	Apa tugas utama dari Dewi Sri atau Dewi Shri?
432	Siapa pemimpin Pertempuran Pertama Bud Dajo?
433	Kapan kerajaan Majapahit berdiri ?
434	apakah mata uang Etiopia ?
435	Apa agama mayoritas penduduk Tiongkok ?
436	apakah Cirebon mempunyai bandara?
437	Berapa luas kota Klungkung?
438	kapankah papua new guinea melepaskan diri dari Indonesia?
440	berapakah jumlah elemen pada tabel periodik?
441	Dimanakah produksi film pertama dilakukan ?
442	Kapan konstitusi Weimar ditetapkan?
443	Adakah depresi bisa menyebabkan seseorang bubuh diri?
444	Apakah maksud julukan Bao Qingtian?
445	Apa itu intranet?
446	siapakah pencipta novel Narnia?
447	Apakah Hindia Belanda sekarang disebut Indonesia?
449	apakah nama mata uang yang digunakan di India?
451	Berapa luas Provinsi Lampung ?
452	dimanakah letak Brussel ?
453	Apakah lagenda Robin Hood berasal dari Nottingham?
454	apakah yang dimaksud dengan serial tokusatsu?
456	siapakah yang menciptakan IELTS?
457	Berapa lama dinasti Han berdiri ?
459	tahun berapakah Alfred Bernhard Nobel dilahirkan?
460	Apa bahasa resmi Republik Gambia?
461	Ada berapa jenis gulma ?
462	Kapan Bolesław  meninggal ?
463	berapakah luas pelabuhan Sunda kelapa?
465	Mengapa KMP Tampomas II mengalami kebakaran?
468	Berapa luas Universitas Filipina?
469	Apakah kekuatan yang dimiliki Gaara dalam anime Naruto?
470	Kapan Petualangan Tintin diterbitkan pertama kali ?
472	Apa ibukota Islandia?
473	Apa mata uang Tiongkok ?
474	Kapan  Universitas Indonesia berdiri ?
475	Apa itu berhala ?
477	Siapakah anak nabi Ibrahim yang dicatat dalam AlQuran?
479	Apa itu DNA?
481	Apa itu Pemberontakan Trunajaya?
482	Kapan Playstation pertama dirilis ?
483	Apa nama hari raya etnis tionghoa ?
484	Kapan Donald Trump menjadi Presiden Amerika Serikat?
485	apakah nama mobil pertama Hyundai?
487	Apakh nama Windows pertama?
490	dari manakah asal Kentang hitam?
491	Apakah pengertian dari ion poliatomik?
493	apakah nama mata uang Tunisia?
495	Dimana letak Jam Gadang?
498	Apa manfaat dari Temu lawak?
499	apakah nama karya lukis terakhir Michelangelo Buonarroti?
500	Apa tujuan hidup dalam Islam?
503	Berapakah ketinggian Menara eiffel?
504	kapankah isaac newton dilahirkan?
505	Berapa luas Kecamatan Turi?
507	apa lambang merkuri di tabel periodik?
509	Apakah hubungan hormon dan menstruasi?
510	Untuk apa cultuurstelsel diciptakan?
512	Apa yang dimaksud dengan Tata Surya?
513	dimanakah Fiber optik pertama kali diciptakan?
514	Berapa jumlah zat kimia dalam tabel periodik ?
515	berapakah luas Kabupaten Ketapang?
517	Apa itu nukleofil?
519	Berapa penduduk Kabupaten Konawe tahun 2000?
520	Dimanakah letak danau Toba?
522	apakah presiden soeharto menjalankan sistem diktatur di saat menjabat?
523	Kapan televisi pertama kali masuk ke Indonesia?
524	Kapan hari Pancasila ?
526	Apa itu produksi?
527	aoakah yang dimaksud dengan GMT?
528	dimanakah  Al-Fadhil Al-Alim Syekh Haji Hasanuddin bin Muhammad Ma'shum dilahirkan?
529	Dimana Formula 1 pertama kali diselenggarakan ?
530	apakah yang dimaksud dengan teknologi komunikasi analog?
531	Berapa lama Restorasi Meiji terjadi?
532	Kapankah Tembok Berlin dibangun ?
533	siapakah pengarang buku Harry Potter?
534	kapankah lagu Heavy Rotation diciptakan?
535	Apa nama televisi yang menyiarkan Britain's Got Talent?
536	Dimana letak daerah Swahili?
537	Kapan Peperangan Romawi Timur-Bulgaria dimulai?
538	Siapakah pemimpin Gereja Katolik Roma pertama ?
540	Apakah nama ibukota Australia ?
542	Kapan android pertama diciptakan?
545	Apakah pengertian dari fiksi ?
546	Apa nama ibukota Argentina?
547	siapakah penemu ilmu Geografi ?
548	Apa yang dimaksud dengan software ?
549	Berapa luas kota Kendal?
550	Dimanakah letak Songdo ?
551	Kapan tabel periodik diciptakan ?
553	Dimanakah jalur Kereta api Argo Parahyangan berakhir?
554	Apakah yang dimaksud dengan radar?
556	apakah penyebab utama dinasti Tang berakhir?
557	siapakah pendiri Subaru ?
560	Dimana pabrik PT Bintang Toedjoe?
561	Kapan parfum pertama kali ditemukan ?
562	Kapankah hari kemerdekaan Amerika Serikat?
564	apakah nama ibukota indonesia?
565	siapakah yang menemukan teori bilangan?
566	Apa yang dimaksud dengan Uskup?
569	Siapakah yang menemukan tabel periodik?
570	Kapan Osamu Dazai mulai menjadi penulis novel?
572	apakah yang di maksud dengan isotop?
573	apakah Edmontosaurus pemakan tumbuhan?
574	Apa yang dimaksud dengan molekul ?
576	Apa itu Kadipaten Prusia?
578	Apa makna kata Minangkabau ?
579	Apakah perbedaan mesin pembakaran dalam dan mesin pembakaran luar?
580	berapakah luas Jepara?
581	apakah seorang uskup harus lelaki?
582	kapankah Kekaisaran Romawi pertama kali dibangun?
583	Berapa luas Kabupaten Ogan Komering Ulu Selatan ?
584	Apa tujuan utama Menara London didirikan?
585	Apakah pengaruh Renaisans dalam bidang politik?
586	apakah dr. Oen Boen Ing masih hidup?
587	apakah jenis semut terbesar ?
588	Dimana kantor pusat perusahaan Nike, Inc.?
589	Apakah kota terbesar di Iran?
590	Apakah Kerajaan Mataram merupakan kerajaan Hindu ?
591	Siapa pencipta lirik lagu Don't Forget ?
592	Berapa orang yang menghadiri Kongres Partai Buruh Korea ke-6?
594	Berapa jumlah episode serial televisi Criminal Minds?
595	Kapan Radioaktivitas pertama kali ditemukan?
597	Kapan Pertempuran Okinawa terjadi?
600	Tanggal berapa Finding Nemo resmi dirilis?
601	Apa yang dimaksud dengan Bodhisattva ?
602	tahun berapakah The Mercy’s dan The Ge&Ge dibentuk?
603	Apa yang dimaksud dengan tokoh punakawan ?
604	Apa yang dimaksud dengan linguistik?
605	Apa itu Fonetik?
606	Berapa luas benua Eropa?
607	Kapan RCTI berdiri ?
608	Kapan Golda Meir mendirikan Israel?
610	Mengapa Nicola Sacco dan Bartolomeo Vanzetti dihukum mati?
612	Apakah pengganti teknologi mesin ketik?
615	Kapan PT Kereta Api Indonesia mulai beroperasi?
616	apakah yang dimaksud dengan toksikologi ?
618	Kapan Queen Mary 2 mulai beroperasi ?
619	Kapan menara Eiffel dibangun ?
620	Apa fungsi torium ?
621	Apa itu kondensasi?
624	siapakah nama vokalis Dream Theater?
625	berapakah jumlah buku sekuel Harry Potter?
627	Apakah Babilonia sekarang disebut Iraq?
629	Kapan Kursi lontar pertama kali digunakan?
631	Apa pengertian Seni menurut Alexander Baum Garton?
634	Apa yang dimaksud dengan psikolog?
635	apakah nama ibukota negara Tunisia?
637	Dari manakah Garry Kasparov berasal ?
638	apa yang di pelajari dalam kurikulum tersembunyi?
641	Dimana letak Pulau Solomon ?
643	Tahun berapakah Bangladesh merdeka?
644	Mengapa Amelia Elizabeth Dyer née Hobley membunuh peternakan bayi?
645	Apakah musik keroncong terkenal sampai keluar negeri ?
646	Apa itu algoritma?
647	kapankah Singapura diresmikan menjadi negara?
648	Kapan Kampanye Kép dilakukan?
649	Siapa pemimpin Revolusi Nasional Indonesia?
650	Beraliran apakah genre musik Bee Gees?
651	Siapakah nama lengkap  Leonardo da Vinci?
653	Apa yang dimaksud dengan zaman Paleolitik?
654	Apakah Islam Nusantara mempertimbangkan unsur budaya Indonesia dalam merumuskan fikih?
655	Apakah nama museum nasional di Washington, D.C?
656	Dimana letak Okinawa?
657	kapan kapitalisme muncul ?
660	Siapa penemu ilmu Psikologi olahraga?
661	Dimana penggambaran film Alice in Wonderland  dilakukan?
663	kapankah Yesus Kristus dilahirkan?
664	Siapakah raja pertama Dinasti Tang?
665	berapakah jenis Gitar di dunia?
666	Siapkah yang menciptakan Sistem Tanam Paksa?
667	Apakah sebutan bagi penganut Ideologi Anarkisme?
668	apakah teh mengandung kafein?
669	apakah penyebab krisis ekonomi indonesia tahun 1998?
670	Apakah fungsi utama bank dunia?
671	Kapan tradisi Carok dimulai ?
674	apakah yang dimaksud dengan gelar Pangeran Dipati?
677	Siapakah ibu dari Putri Aleksandra Friederike Henriette?
678	Apa pengertian Teknologi Informasi?
680	Apakah bahan bakar nuklir?
681	Apa pengertian dari banjir bandang ?
682	Apakah nama album pertama White Rose?
683	Kapan Windows 7 mulai dirilis ?
685	ada berapakah jenis Perilaku konsumen ?
686	Berapa luas kecamatan Poso Kota Utara?
687	berapakah luas benua Afrika?
689	Apa fungsi protein pada Gen?
690	berapakah jumlah personil Dream Theater?
691	Siapa nama sutradara Merdeka 17805?
692	Apa nama album pertama Simple Plan?
693	Kapankah pemekaran Kabupaten Pasaman terjadi ?
699	kapankah negara Korea utara didirikan?
702	Apakah Konversi dibolehkan di dalam Islam?
703	Apa Bandara terbesar di India?
704	Siapa bapak ilmu ekonomi dunia?
705	berapakah luas Kanada?
707	Siapakah yang mendirikan PT Aqua Golden Mississippi ?
710	Siapakah yang memenangi F1 pertama ?
714	Apakah yang dimaksud dengan jaringan ?
715	siapakah raja pertama dari kerajaan Singasari?
716	Dimanakah tambang emas terbesar di Indonesia ?
717	Siapkah raja pertama Bizantium ?
718	Kapan Luca Guadagnino lahir ?
719	Siapakah suami dari Kristiani Herawati ?
720	Dimana habitat gajah?
722	Apa nama bandara di Kepulauan Bangka ?
723	kapan hotel Luxor dibangun ?
725	Apa fungsi Peptida antimikrobial?
726	Apakah Ferit Orhan Pamuk pernah meraih penghargaan?
727	Kapankah komputer ditemukan ?
728	dari manakah karate berasal?
729	apakah Clair Cameron Patterson masih hidup?
732	Apakah fungsi utama vitamin B?
733	Berapa penutur Bahasa Romansh di Swiss tahun 2012?
735	Siapakah Raja Franka yang pertama?
737	Siapakah Hayam Wuruk?
738	Kapan Lin Zexu diangkat menjadi pejabat ?
739	apakah ada manusia yang tinggal di Kepulauan kutub Svalbard?
740	kapan yahudi masuk ke Indonesia pertama kali?
742	Apa itu dokumen hiperteks ?
743	Kapan serial Scream pertama dirilis ?
744	Apa itu Academy of Motion Picture Arts and Sciences?
745	Siapakah yang menemukan internet ?
747	Siapa pendiri Church of God?
748	Siapakah nama kaisar pertama Dinasti Ming?
749	Dikenal dengan sebutan apakah pulau bali ?
750	Berapa luas Laut Sulawesi?
752	dari manakah asal Yahudi ?
753	Dimana letak Northumbria ?
754	Apakah Rosela dapat dijadikan minuman Jus?
755	siapakah gubernur pertama kota jakarta?
756	darimanakah Michael Phelps berasal?
757	Apakah Kalsium hipoklorit berbahay jika tertelan manusia ?
761	Kapankah Ikhwanul Muslimin berdiri ?
762	dimanakah letak Kesultanan Paser?
763	Kapankah manga muncul pertama di Jepang ?
764	Kapan Joseph Kam lahir ?
765	apakah nama mata uang Maladewa?
766	Apakah kandungan yang terdapat pada tanah liat?
768	Bagaimanakah sistem pemerintahan Malaysia ?
769	Apakah pengertian dari etnomusikologi?
770	apakah vietnam menganut sitem demokrasi?
771	Apakah masyarakat Jerman memakan roti sebagai sarapan?
772	Apa tujuan utama Yayasan Majlis Tafsir Al-Qur’an didirikan?
774	Apakah kaum mardiker terdapat di Indonesia?
775	Dimanakah letak negara Sumeria?
777	Siapa yang dimaksud dengan orang Farisi ?
780	Apa yang dimaksud dengan logam mulia?
783	Kapan Dilema Triffin terjadi?
784	apakah penyebab Uni Soviet dibubarkan?
786	berapakah jumlah musim yang dimiliki  Jepang?
788	apakah WWE sebuah pertunjukan Gulat?
790	Apakah nama Konstantinopel sekarang ?
791	Kapan Yahoo! Inc. berdiri ?
792	Siapakah raja pertama Kerajaan Taruman?
793	tahun berapakah Frida Kahlo dilahirkan?
794	Apakah yang dimaksud dengan ritual ?
795	Apa itu dualisme?
796	dimanakah letak Tesalonika ?
797	Berapakah ketinggian menara Monas?
798	kapankah organisasi palang merah indonesia didirikan?
799	Dimana Zohra Andi Baso lahir?
801	Kapan Chang Yu-Sheng mulai bermain musik ?
802	Ada berapa tipe dasar transistor?
803	Apa jenis ular terbesar di dunia ?
805	apakah yang di maksud dengan Bani Abbasiyah?
806	Kapan NEONOMORA lahir?
807	Dimanakah letak Iwo Jima?
809	apakah bilangan ganjil?
811	Apa nama pulau terbesar di Indonesia ?
812	Kapan Stand Up Comedy Indonesia pertama kali ditayangkan?
813	berapakah luas Masjid Sultan Riau?
814	dimanakah letak gereja tertua di dunia?
815	Apakah yang dimaksud dengan transduser ?
817	Siapa pendiri AdSense?
818	Kapan Uesugi Kenshin meninggal?
819	Berapa jumlah negara di Benuar Afrika ?
820	Berapakah luas Ukraina ?
822	Siapa pemimpin Pertempuran Yerikho?
823	Apakah pekerjaan pertama Prof. Daniel M. Rosyid PhD, M.RINA?
824	Apa itu Alkuna?
825	Kapan Kerajaan Medang didirikan?
827	Kapan Raja Carlo I lahir?
828	Kapan serial Kamen Rider pertama kali muncul di TV?
829	Berapa jumlah negara di Asia Tenggara ?
831	Berapa lama Saul menjabat sebagai raja Israel ?
833	Apakah tujuan utama berdirinya Ikhwanul Muslimin?
834	Apakah ibukota negara Jepang ?
835	mengapa kultur dan manusia tak dapat dipisahkan?
836	apakah yang dimaksud dengan budaya?
837	Apa yang dimaksud dengan daerah subtropis ?
838	Dari manakah asal kata "Karikatur" ?
839	Dari manakah proses identifikasi forensik dimulai ?
842	Kapan tvOne mulai beroperasi ?
843	Tahun berapa Seminari Garum didirikan?
844	Siapa pencipta wiracarita Mahabharata?
847	apakah yang dimaksudkan dengan psikoanalis ?
848	Siapakah nama arsitek Eiffel?
851	siapakah karakter uatama anime One Piece?
852	apakah penyebab kematian Nabi Muhammad SAW?
853	Kapan kereta pertama kali beroperasi di Indonesia ?
854	Kapan Al-Hallaj lahir ?
855	kapankah Islam masuk ke malaysia?
856	Kapan Bendungan Tiga dibangun?
857	Kapan riau menjadi sebuah provinsi ?
858	Berapa jarak bumi dengan matahari ?
860	Berapakah luas kawasan Masjid Agung Jawa Tengah?
861	Dari mana kata morfem berasal ?
863	Apa ibukota Israel ?
864	Apakah ibukota Sri Lanka ?
865	Kapan Hitler dinyatakan meninggal ?
866	Kapan Iron Man dirilis?
870	Siapa yang menciptakan wiracarita Ramayana?
871	Bahasa apa yang digunakan oleh Wayang Golek Menak?
872	berapakah luas Ponorogo ?
873	apa yang dimaksud dengan Hanzi tradisional?
874	Siapakah anak pertama Herodes Agung ?
875	Apa definisi dari organisasi ?
876	apakah kelebihan/mukjizat nabi Yunus menurut Islam?
877	Apa yang dimaksud dengan filsafat?
878	Kapan Pemberontakan Heiji terjadi ?
880	Siapa presiden pertama Indonesia?
882	Kapan Utsmani  berdiri ?
883	Berapa luas Malaysia?
884	Kapan Uni Soviet memulai industri pembuatan nuklir ?
886	Siapa yang menciptakan karakter Autobots?
887	tahun berapakah Cinta Fitri dimulai?
888	kapankah RCTI didirikan?
890	siapakah orang tua Djoko Suryo?
891	Kapan perang saudara di Korea terjadi ?
892	Berapa luas Kota Ternate?
895	kapankah chealsea FC didirikan?
897	Siapa nama raja Hongaria pertama ?
898	Apa penyebab kematian Salim Kancil?
900	Kapan Howard Kingsbury Smith mulai menjadi wartawan ?
901	Kapan Perjanjian Lisboa terjadi ?
903	kapankah Google didirikan pertama kali?
906	Kapan Meliana Cessy Goeslaw menikah?
907	Apa pengertian dari sel ?
908	Siapa yang menemukan Tabel periodik?
912	Apa fungsi gigi pada ular?
914	berapakah berat komputer pertama kali?
915	Kapan Fang Qiao meninggal ?
916	Siapa raja Demak pertama ?
917	Berapakah kedalaman laut yang disebut dengan laut dalam?
918	Kapan Justus Heurnius  lahir ?
920	Siapakah pendiri Red Hat?
922	apakah nama mata uang Israel?
923	Apakah Tuak nira memabukkan?
924	apakah kalsium termasuk mineral?
925	Siapakah pencipta novel Harry Potter?
926	Kapan Aceh diangkat menjadi daerah Istimewa ?
928	Kapan Leonardo Pisano lahir?
929	Siapa nama vokalis The Beatles?
930	Siapakah yang memerankan karakter Ron Weasley dalam Harry Potter ?
931	Dari manakah pasukan Manchu berasal ?
932	Apa yang dimaksud dengan padukuhan ?
933	tahun berapakah Nabi Muhammad SAW dilahirkan
934	Apa definisi dari hukum internasional ?
936	Ada berapa banyak sel dalam tubuh manusia ?
937	kapankah Kerajaan Medang didirikan?
938	Siapa itu Subadra dalam Mahabharata?
939	Apakah kegunaan dari Google Chrome?
941	apa yang dimaksud dengan industri?
942	Apa arti dari gelar Adipati ?
943	apakah pendidikan terakhir Gladys Emerson'?
944	Apakah obat luka bakar tradisional ?
945	Apa definisi dari musyawarah ?
947	berapakah luas Kalimantan Barat?
949	Kapan Raden Adipati Aria Soeroadiningrat V lahir?
950	Darimanakah asal Rotan lilin?
951	Apakah bahasa yang digunakan masyarakat Surakarta?
953	siapakah Ibu dari Yesus Kristus?
954	ada berapa kah jenis demokrasi?
956	Kapan ASEAN dibentuk ?
958	Teknologi apa yang digunakan dalam sistem Linguatronik?
960	Kapan Harry Potter pertama kali tayang ?
961	Apakah yang dimaksud dengan Energi ?
962	Dimana Persekutuan Advent dibentuk?
963	Apa arti kata shōgatsu?
967	Apakah isi persamaan Maxwell?
968	Apa kuliner yang terkenal di Amerika Serikat ?
969	kapankah DC Comics didirikan?
970	Apa mata uang negara India ?
972	Apa itu kromosom?
973	Apa definisi dari energi ?
974	Berapa panjang sungai Nil?
975	Apakah planet yang terkecil di tatasurya?
976	Apakah nama jalan tol pertama di Indonesia ?
977	Siapa pendiri Dinasti Pahlavi?
978	Apakah film pertama  Dorothy Dell?
979	Berapa jumlah sekuel  Star Wars?
982	berapakah luas New York?
983	Di mana Mao Zedong tinggal?
985	Kapan JAWS dirilis?
986	dimanakah Santo Fransiskus dilahirkan?
987	siapakah pendiri pramuka di Indonesia?
988	siapakah pemenang Rising Star Indonesia pertama?
989	Bahasa apa yang digunakan pada masa Kekaisaran Mali?
990	Apa pengertian Seni menurut Aristoteles?
991	Kapan CIA dibentuk ?
994	Dimana Perjamuan Kudus harus dilakukan?
996	Siapa penerbit novel The Bartimaeus Trilogy?
997	Apa itu siklus hidrologi?
998	Apa itu  biologi molekuler?
999	Kapan SpeXial dibentuk ?
1000	Apakah ibukota negara Polandia?
1003	Siapakah CEO pertama perusahaan Windows?
1004	berapakah jumlah puisi yang diciptakan chairil anwar?
1005	siapakah ayah Utsman bin Affan?
1007	Apa arti kata nori ?
1008	Bagaimana cara mengukur kemurnian emas?
1011	Dimana Soeharto meninggal?
1012	Apakah nama ilmiah Gandum?
1013	kapankah telepon genggam pertama ditemukan?
1014	Apakah William Adams masih hidup?
1016	Kapan sepeda pertama kali diciptakan ?
1017	Kapan Olimpiade Yunani Kuno diadakan?
1018	Di wilayah mana Perjantanan Kreta kreta terjadi ?
1019	Apakah penyebab utama Penyakit Crohn?
1020	Dimana kantor pusat PBB?
1021	dari manakah asal suku Sunda ?
1022	Kapankah Raja Henry VII Tudor mulai memerintah ?
1023	Kapan Gulag didirikan?
1025	Apa itu protektorat?
1027	siapakah pendiri chealsea FC?
1028	Siapa penemu paham Marxisme?
1029	Zat apa yang terkandung dalam Temu lawak?
1030	apakah yang di maksud dengan rasional?
1033	siapakah ibu Utsman bin Affan?
1034	kapankah Radio pertama kali diciptakan?
1036	Kapan buku komik Iron man dirilis?
1037	Kapan Zaman Nanboku-cho dimulai?
1039	Siapa yang menciptakan komputer pertama kali?
1040	Apa kepanjagan dari NKCP?
1042	Kapan Perang Dunia I  terjadi?
1043	Ada berapa bahasa daerah di Indonesia?
1046	Kapan Kerajaan Hongaria didirikan?
1047	apakah nama single pertama Super Junior?
1049	Apa fungsi bangunan gynaeceum?
1050	Kapankah PT First Media Tbk berdiri ?
1052	Dimana ASEAN didirikan?
1054	Apa nama ibukota provinsi Gorontalo?
1055	Kapan Persekutuan Advent dibentuk?
1056	apakah hari raya utama agama budha?
1058	Apa yang dimaksud dengan manga?
1059	Siapa yang menemukan benua Amerika ?
1060	siapakah yang menciptakan istilah Masyarakat Jaringan?
1061	Dimana Edward lahir?
1062	dimanakah Yerusalem terletak?
1063	Apa maksud produksi dalam Ekonomi?
1066	Apa penyebab tipisnya lapisan ozon?
1067	Kapan Edward lahir?
1068	kapankah PSM Makassar dibentuk?
1070	Kapan Makedonia  bergabung ke dalam wilayah UE ?
1071	Siapa istri kedua Kaisar Gojong?
1072	apakah nama kitab suci Kristen?
1074	Kapan Manor Motorsport Ltd dibentuk ?
1075	apakah arti dari Al-Kahf ?
1077	Kapan PKI di Indonesia berdiri ?
1078	Apa maksud dengan biokimia ?
1081	pernahkah amerika mengalami krisis ekonomi?
1083	apakah Deinococcus radiodurans terdapat dalam hewan?
1085	berapakah luas Brunei Darussalam?
1087	Kapan Kerajaan Joseon berakhir?
1089	apakah Dollar berpengaruh pada krisis ekonomi?
1090	Kapan film Harry Potter pertama dirilis?
1093	Berapa jumlah negara anggota Uni Eropa ?
1094	Siapakah yang mengembangkan aplikasi SimSimi?
1095	Siapa yang menemukan komputer ?
1096	Siapa itu Kyrus Muda ?
1098	siapakah karakter utama dalam serial  Dragon Ball?
1099	Siapakah yang mendirikan Dinasti Shāng?
1100	apakah yang dimaksudkan dengan vegetasi ?
1101	Apa itu kartografi?
1102	Apa arti kata oxus dalam bahasa Yunani ?
1103	Siapa itu Daendels?
1104	apakah Bianca Maria Visconti keturunan Raja?
1107	Apa yang dimaksud dengan atom fosforus?
1108	Apa nama ilmiah dari kepiting ?
1111	apakah dinosaurus sudah hidup pada zaman Mesozoikum?
1113	apakah yang dimaksudkan dengan agama monoteistik?
1114	Apa itu fonem vokal?
1115	Apa itu peptida antimikrobial?
1118	Apakah Material butiran berwujud zat padat?
1121	kapankah Internet masuk ke Indonesia pertama kali?
1123	Kapan olahraga balap pertama kali muncul ?
1125	apakah nama ibukota Jerman ?
1126	Siapa pendiri Boeing Commercial Airplanes?
1129	Apakah nama penyakit yang disebabkan sesak nafas?
1132	apakah nama mata uang Bosnia ?
1134	Apa itu "Fathah"?
1135	Siapa raja ke-25 dari Dinasti Joseon?
1136	Berapa lamakah kekaisaran Romawi berdiri ?
1137	Dimana Dinasti Han Barat berasal ?
1138	Kapan Hirohito lahir?
1139	Apakah makna dari Bintang Daud agama Yahudi ?
1140	Apakah suku yang mendiami wilayah Surakarta ?
1142	berapkah jumlah fakultas di Universitas Gadjah Mada?
1146	Berapa luas wilayah kekuasan Romawi pada zaman dahulu ?
1147	siapakah karakter utama Assassin's Creed?
1148	Pada umur berapakah Muhammad diangkat menjadi nabi ?
1149	Siapa yang menemukan ilmu arkeoastronomi ?
1150	Apakah yang dimaksud dengan peranti lunak ?
1151	Kapan musik dangdut pertama kali muncul ?
1152	berapakah jumlah korban dalam  Pembantaian Yangzhou?
1153	Apa nama badan pemerintah yang mengurus tentang sumber daya manusiadi Indonesia ?
1154	Apakah nama bandara Perancis?
1155	Apa penyebab spesifik penyakit TB?
1156	Berapa luas kekuasaan kesultanan mataram ?
1157	Berapa kedalaman maksimum Laut Hitam?
1159	Apa nama alat untuk mengukur temperatur?
1162	Apa yang dimaksud dengan gizi ?
1163	Apakah yang dimaksud dengan Kristus ?
1164	Apa yang dimaksud dengan Buddhisme?
1166	Kapankah Jepang pertama kali masuk ke Indonesia ?
1169	Kapan Antonie Aris van de Loosdrecht masuk ke Indonesia ?
1170	Kapan al-quran mulai dibukukan ?
1171	Apa definisi dari gelombang ?
1173	Apa mata uang negara Jepang ?
1174	Siapa penerbit film Ada Apa dengan Cinta?
1175	Kapan Nur ad-Din lahir?
1176	Kapan Murasaki Shikibu lahir?
1178	Siapa yang menciptakan istilah Teologi tubuh?
1179	Apakah nama makanan terkenal dari Belgia ?
1180	Apa itu Comtesse Provence?
1181	Apa yang menyebabkan terjadinya perang Pasifik ?
1182	Kapankah Pasukan Garuda pertama kali dibentuk ?
1183	Apa pengertian dari monisme ?
1184	berapakah luas britania raya?
1185	Kapan Patung Liberty diresmikan?
1186	apakah yang dimaksud dengan frater ?
1188	siapakah pemeran antagonis utama dalam filem The Hunger Games?
1189	Kapan majalah Tempo meluncurkan Tempo Interaktif?
1190	Kapan Perang Diponegoro terjadi ?
1191	Dimana Muhammad bin ʿAbd al-Wahhāb dilahirkan?
1192	Siapa nama 3 karakter The Powerpuff Girls?
1194	berapakah luas benua eropa?
1196	Apa karakteristik utama resistor?
1197	Apakah fungsi gelandang dalam sepak bola ?
1199	apakah elemen yang pertama kali ditemukan dan diletakan di tabel periodik?
1200	Kapankah PT. Kereta Api Indonesia berdiri ?
1201	siapakah orang tua Kaisar Akihito?
1205	Apa hukum permintaan ekonomi?
1206	Siapa yang menemukan istilah mikrofotografi?
1207	Kapan John meninggal?
1209	siapakah karakter utama Avatar: The Legend of Aang?
1211	apakah penyebab kematian Syngman Rhee ?
1212	apa yang dimaksud dengan hormon estrogen?
1213	Siapa nama personil The Jimi Hendrix Experience?
1216	Siapa suami Meliana Cessy Goeslaw?
1217	Dari manakah asal wiracarita Mahabharata?
1218	Kapan Tentara Nasional Indonesia Angkatan Laut dibentuk?
1219	Ada berapa terminal pada Transistor?
1220	Kapan Katholieke Kweekschool didirikan?
1221	Kapankah Portugis pertama kali masuk ke Indonesia ?
1222	Dimana Ngô Đình Diệm lahir ?
1224	Siapa yang memimpin Operasi Gagak?
1225	Apa makanan khas dari Kota Payakumbuh?
1228	Apakah yang dimaksud dengan alamat IP?
1231	Dari manakah olahraga sumo berasal ?
1235	dari manakah Makhluk mitologis bernama genderuwo berasal?
1237	Dimana Kerajaan Kuru didirikan?
1238	Apakah maksud dari musik punk rock ?
1240	Apakah hukuman yang diterima oleh Antasari Azhar ?
1241	apakah yang dimaksud dengan gastronomi ?
1243	darimanakah asal kata massa
1245	Siapakah yang menemukan ilmu Matematika?
1246	Apakah ciri khas dari Arsitektur Jawa ?
1247	Apakah yang dimaksud media massa?
1248	berapa lamakah perang aceh terhadap belanda berlangsung?
1249	Dimana letak wilayah Minangkabau ?
1250	berapakah luas Korea selatan?
1253	Siapa yang memproduseri  Terminator 2: Judgment Day?
1254	apakah kristen protestan juga melakukan perayaan misa?
1255	Apakah nama ibukota Belgia ?
1256	Berapa luas negara Malaysia ?
1258	Kapan pasukan Komponen cadangan diperlukan perang?
1260	Di manakah makam Shahanshah Akbar-e-Azam?
1261	Siapa pendiri Sekolah Tinggi Agama Islam Nahdlatul Ulama Temanggung?
1264	kapan kah Bahasa Sanskerta masuk ke idnonesia?
1267	berapakah jumlah populasi penduduk Pakistan tahun 2015?
1273	apakah spam dapat dihindari?
1275	Kapan Gereja Masehi Injili didirikan?
1276	Apakah nama Ibukota Indonesia ?
1277	Apakah yang dimaksud dengan film fiksi ilmiah ?
1279	Apa nama ibu kota Provinsi Kalimantan Selatan?
1280	berapakah luas Kabupaten Demak?
1281	Siapakah pemimpin perang Jepang saat Invasi Tulagi ?
1282	kapankah agama Islam muncul pertama kali?
1283	Apa arti dari An-Naml ?
1284	siapakah yang menciptakan kartun Naruto ?
1285	apakah babi omnivora?
1286	kapankah komputer pertama kali diciptakan?
1288	Kapan Yesus lahir ?
1289	Apa pengertian Invasi ?
1290	Berapakah panjang jalan tol Jakarta-Cikampek ?
1291	Apa yang dimaksud dengan ion atom?
1293	Kapan seri Petualangan Tintin pertama kali diterbitkan?
1295	Mengapa emas batangan digunakan untuk tujuan investasi?
1299	apakah mata uang yang digunakan di Somalia?
1300	Siapa penulis serial komiki Naruto?
1301	Apakah alat yang digunakan untuk mengukur gelombang radio?
1302	siapakah perancang Tugu Monas?
1303	Dimana habitat katak Coquí?
1304	Siapa pemeran utama dalam sinetron Bella Vista?
1306	dimanakah letak Kabupaten Pidie?
1307	dimanakah letak Wina?
1308	Siapakah penulis anime naruto ?
1309	berapakah luas Sydney?
1311	Siapa yang pertama kali memperkenalkan musik keroncong ?
1312	Kapan kerajaan Medang berdiri?
1313	Berapa luas pulau jawa ?
1315	Siapa nama ibu Muhammad SAW?
1316	Berapa luas Kota Soppeng?
1317	kapankah Universitas Indonesia didirikan?
1319	Apa itu logam ?
1320	Kapankah tabel periodik diciptakan ?
1321	apakah kegunaan utama Asam tereftalat?
1323	Apa yang dimaksud dengan Arkeologi ?
1325	Siapa yang memenagkan Pertempuran Tassafaronga?
1326	Siapakah pendiri Burger King?
1329	berapakah luas Jambi?
1331	Apa nama alat untuk melihat bintang?
1332	apakah Wikipedia situs yang di akses secara gratis?
1333	Dimana Fox Broadcasting Company berlokasi ?
1336	dari manakah krav maga berasal?
1337	Dimana William Shakespeare lahir ?
1338	Siapa yang menemukan Lubang hitam?
1339	Apakah masakan Jerman yang paling terkenal?
1343	Kapan Dinasti Tang berdiri?
1344	Kapankah Vereenigde Oostindische Compagnie berdiri ?
1346	Apa maksud kata daimyo?
1347	berapakah luas Provinsi Banten?
1349	Ada berapa jenis sel?
1350	Kapan agama Buddha wujud?
1351	siapakah pencipta game Love Nikki-Dress Up Queen?
1353	siapakah pencipta radio ?
1354	Apa nama tempat wisata yang terkenal di Pangandaran?
1355	Apa yang dimaksud dengan ilmu Antropologi ?
1356	berapakah jumlah kecamatan Kota Palopo?
1357	Apakah yang dimaksud dengan radiasi elektromagnetik?
1358	Siapakah Yesus?
1360	Kapan Pertempuran Okinawa berakhir?
1363	Apakah bisa Ular bangkai laut mematian ?
1364	Adakah komet anggota tata surya?
1365	Apa itu Tarekat Syadziliyah?
1366	dimanakah letak Nusa Tenggara Timur?
1368	Kapan senter pertama kali diciptakan ?
1369	Disebut apakah orang yang ahli dalam arkeologi ?
1370	siapakah rektor atau kepala Universitas Sintuwu Maroso yang pertama?
1371	dari manakah asal Mahabharata?
1372	berapakah luas PEKALONGAN ?
1373	tahun berapakah Universitas Gadjah Mada didirikan?
1375	Ada berapa juz dalam al-Qur'an?
1376	Apa itu RNA?
1377	Siapa pendiri Dinasti Sui?
1378	apakah yang di maksud dengan kakawin ?
1379	berapakah luas kekuasaan Dinasti Qing?
1382	Apa gejala utama dari Penyakit Parkinson?
1383	Apa itu Operasi Eliminasi Gauss-Jordan?
1384	Berapa luas kota Kendari ?
1385	Siapa penulis karya Diatessaron?
1386	Berapa luas Denmark ?
1388	Berapa jumlah dewa dalam mitologi China?
1389	Adakah Bintang merek bir?
1392	Apakah yang menyebabkan tumor ?
1393	Apakah yang dimaksud dengan seni ninjutsu ?
1394	Apa itu "Kasrah"?
1395	Apa itu planet ?
1397	dimanakah wiracarita Mahabharata berasal?
1400	Berapa luas kekuasaan Kesultanan Mataram?
1405	dimanakah makam Pangeran Diponegoro?
1406	Berapa jumlah fakultas di Universitas Brawijaya?
1409	Dimanakah letak Jembatan Suramadu?
1413	Di klub sepak bola manakah Jürgen Klinsmann tergabung ?
1415	Kapan Martin Luther lahir ?
1416	dimanakah letak kota Sawahlunto?
1417	apakah candi borobudur terletak di Provinsi Jawa Tengah?
1418	Apakah itu densitas?
1421	Kapan Bouraq Indonesia Airlines beroperasi ?
1422	Siapakah yang menciptakan pesawat pertama kali ?
1423	dari manakah kata globalisasi berasal?
1424	Kapankah pemerintahan orde baru dimulai ?
1426	Dimana kantor pusat Uni Eropa?
1427	Apakah bahasa resmi Republik Rakyat Tiongkok?
1429	Kapan Toyota Kijang masuk di Indonesia?
1430	Apa bahan atau alat yang dijadikan kemenyan ?
1431	siapakah produser Phineas dan Ferb?
1432	Siapa yang merumuskan Pancasila ?
1433	Apa mata uang Norwegia ?
1434	Siapa penemu Uranus?
1435	Berapa luas provinsi Aceh?
1436	Berapa luas Kepulauan Pitcarin?
1437	Bisakah SARS disembuhkan ?
1438	Dimanakah balap sepeda professional Eropa pertama diadakan ?
1439	Kapam Taoisme muncul pertama kali ?
1440	Apa nama ilmiah Haver?
1441	Siapa juara pembalap mobil Formula Satu yang pertama?
1442	Berapakah tahap dalam melaksanakan Manajemen strategis?
1447	Apakah bahasa resmi Sri Lanka?
1451	Berapa luas kekuasaan Kerajaan Sriwijaya?
1452	di negara manakah Mont Blanc terletak?
1453	Apa penyebab munculnya Gerakan Non-Blok?
1457	Apakah bahasa kebangsaan Republik Dominika?
1458	Kapan e-mail mulai dikembangkan ?
1459	Apa itu Torah ?
1460	Kapan perang Israel-Palestina dimulai ?
1461	Apakah nama kelainan yang memiliki kepribadian ganda ?
1464	Adakah bendungan dapat dijadikan tempat rekreasi?
1465	Apa pengertian migrasi ?
1466	Apa itu DVD?
1469	Berapa luas Masjid Al-Aqsha?
1470	kapankah Jerman resmi menjadi negara?
1471	siapakah yang penulis serial Transformers?
1473	Apa tujuan utama pembentukan Liga Delos?
1474	Berapa jumlah surah dalam Al-Qur'an?
1476	Kapan Keshogunan Tokugawa didirikan?
1481	Apakah yang dimaksud dengan FAT
1482	Kapan Koninklijke Paketvaart Maatschappij  berdiri ?
1483	Apa fungsi dari mesin tik ?
1484	Apa mata uang korea selatan ?
1485	kapankah opec didirikan?
1486	Kapan Garuda Indonesia mulai beroperasi ?
1487	Kapan Zohra Andi Baso lahir?
1488	apakah yang dimaksud oleh karbon?
1489	Apa itu Sosiolinguistik?
1491	Apakah tujuan dibentuknya Huria Kristen Indonesia?
1494	berapakah jumlah sekuel dari novel Twilight?
1495	Apa agama mayoritas yang dianut oleh masyarakat Bali ?
1498	Apa yang dimaksud dengan prasasti ?
1500	Apa itu karies gigi?
1501	siapakah drummer Dream Theater ?
1502	Apa yang dimaksud dengan zat disinfektan?
1503	Apa itu alotrop karbon?
1504	berapakah luas Jombang ?
1506	Apa yang disebut dengan radiasi ?
1507	Apakah teknik Modulasi pada EDGE?
1508	Apa itu kata kerja transitif?
1509	Kenapa John Wilkes Booth membunuh Abraham Lincoln?
1511	Berapa hari siklus menstruasi normal?
1512	Siapakah yang dikenal dengan bapak ekonomi ?
1514	Dimana letak Banyumas ?
1515	dimanakah telepon pertama diciptakan?
1516	Siapa penulis novel Ketika Cinta Bertasbih?
1520	kapankah The beatles dibentuk?
1521	Kapan Stade Roland Garros  dibangun ?
1522	Milik agama apakah Alkitab Ibrani?
1523	Berapa luas lapangan Sepak bola Amerika?
1524	Kapan George McTurnan Kahin lahir ?
1525	Dimanakah letak Islandia ?
1526	Apakah simbol satuan volume?
1527	Kapan kerajaan Francia Barat berdiri ?
1529	dimnakah Carl Barks meninggal?
1530	Siapakah dalang pertama Wayang Golek Menak?
1531	Kapankah klub FC Barcelona berdiri ?
1532	Apakah yang dimaksud siklus hidrologi?
1533	Berapa jumlah suku di Indonesia?
1535	Dimana Kaisar Tang Gaozu lahir ?
1536	Apa yang dimaksud dengan Pararaton?
1537	Apakah penyebab kematian Károly Róbert?
1538	Apa pendidikan terakhir Kobe Bean Bryant'?
1539	Dimana Super Idola Band didirikan?
1540	mengapa May Day dijatuhkan pada tanggal 1 mei?
1541	Apakah maksud unsur "A" pada Jalur ABG?
1542	kapankah Tembok Raksasa Tiongkok masuk ke daftar keajaiban dunia?
1543	Apa pengertian arkeoastronomi  ?
1544	Ada berapa sila dalam Pancasila ?
1546	Siapakah pendiri Al-Jami' al-Aqsha?
1547	Kapan Pangeran Harya Natakusuma lahir?
1550	berapakah luas Lamongan?
1551	apakah yang dimaksud dengan subtropika ?
1552	Tanggal berapa Henri Laurent Rivière lahir?
1553	Berapakah negara yang menjadi anggota Liga Arab?
1555	Dimana Zubin Mehta lahir?
1556	Kapan Christoph Blocher menjabat Menteri hukum Swiss?
1560	Siapa yang mengetuai Pembantaian Sabra dan Shatila?
1564	Kapan Perang Banjar terjadi ?
1565	Apakah kepribadian Y.A. Mahawiku Dharma-aji Uggadhammo?
1566	Dimana Raja Richard I. John lahir?
1567	Kapan Kesultanan mataram berdiri ?
1569	Ada berapa suku bangsa di Indonesia?
1572	Dari mana kata Pancasila berasal ?
1573	Apa yang dimaksud dengan batuan sedimen ?
1575	Kapan Ibnu Taimiyah lahir?
1576	Kapan musik rock pertama kali muncul ?
1577	Siapa pendiri Marvel Comics?
1579	siapakah pencipta teknologi berbagi berkas?
1580	siapakah karakter utama wiracarita Mahabharata?
1581	Apakah Yesus memiliki Ibu?
1582	kapankah fisika modern pertama kali dipraktekan?
1584	Apa yang dimaksud depresi ?
1586	apakah kekuatan Pokémon Pikachu?
1587	Kapan Partai Sosialis Britania dibubarkan?
1588	dimanakah Mandala Sindangkasih ditemukan?
1589	Kapan Kesultanan Yogyakarta didirikan?
1590	Dimana letak Dai Cồ Việt?
1591	Apakah Imam Mahdī muncul sebelum Dajjal ?
1592	Siapakah yang menemukan tabel periodik ?
1593	berapakah jumlah kecamatan di kabupaten Solok Selatan?
1595	Siapa presiden Argentina pertama?
1597	Apa maksud kata Minamoto?
1598	Apa lambang negara Rusia?
1599	Kapan James Gregory lahir?
1608	Kapan karate masuk mulai dikenal di Indonesia ?
1609	Dimana letak geografis Denmark ?
1610	apakah suku terbanyak di Indonesia?
1611	Ada berapa surah dalam Al quran ?
1613	Apa candi terbesar di Yogyakarta ?
1614	berapakah jarak bumi ke bulan?
1615	Kapan Church of God didirikan?
1616	siapakah orang tua Leonardo DiCaprio?
1618	Apakah nama Ibu kota Vietnam?
1620	Kapan Grand Prix Amerika Serikat pertama diadakan?
1621	Apa yang disebut dengan pemerintahan republik ?
1623	Siapa pemimpin pertama Utsmani ?
1624	Apakah itu Skizofrenia?
1627	Berapa panjang Sungai Kuning?
1629	Pada umur berapa Muhammad diangkat menjadi nabi ?
1630	apakah Permaisuri Dugu Qieluo mempunyai anak?
1632	dimanakah letak Sibuhuan?
1634	Apa itu kromosom ?
1635	Berapa luas kekuasaan Romawi ?
1638	dimanakah Martin Luther dilahirkan?
1639	dimanakah letak Roma?
1640	Kapan Pangeran Fumimaro Konoe melibatkan diri dalam politik?
1641	siapakah pencipta Telepon genggam pertama didunia?
1642	Apa itu molekul protein?
1643	Kapan Allen Lawrence Pope lahir ?
1644	Kapan Susilo Bambang Yudhoyono menikah?
1645	apakah mata uang negara rusia?
1646	siapakah pendiri Naughty Dog?
1647	apakah Plutarkhos  nama seorang dewa?
1652	Apakah obat sakit kepala dapat menyababkan kantuk?
1653	Berapa jenis industri pengrajin ?
1654	berapakah luas Barcelona?
1655	Kapan alfabet Latin mulai digunakan pertama kali?
1656	Siapakah Santo Petrus?
1657	apakah nama tempat sembahyang untuk agama budha?
1658	siapakah pencipta Dragon Ball ?
1659	apakah yang dimaksudkan dengan evangelis Kristen?
1660	Dari mana asal kata organisme ?
1662	Dimana William Adams lahir?
1664	Berapa suhu salju meleleh?
1665	Apa itu unsur nitrogen?
1667	siapakah yang menmukan Batu Rosetta?
1668	Kapankah Amerika serikat merdeka?
1671	Di mana letak British Museum?
1672	dimanakah letak Jepang ?
1673	apakah mata uang yang digunakan negara spanyol?
1674	Siapakah nama nabi yang membangun ka'bah ?
1675	Siapa penulis komik Detektif Conan?
1676	Apa peran penting yang pernah dilakukan Siti Aisyah We Tenriolle?
1677	Kapan Indonesia bergabung dengan PBB?
1678	darimanakah asal kata baja?
1679	Siapakah juara kedua D'Academy (Musim 3)?
1682	kapankah plato meninggal?
1684	Kapan Indonesia merdeka?
1685	Apa maksud perkataan Judo?
1687	Apakah yang dimaksud dengan migrasi?
1688	Bagaimana menentukan garis sempadan jalan?
1689	berapakah luas Kalimantan Timur?
1691	Apa penyebab digulingkannya presiden Soeharto?
1692	Kapan Dinasti Qing didirikan?
1694	Kapan Peperangan Qing–Dzungar terjadi ?
1696	Dimana wilayah masyarakat sunda ?
1698	dimanakah letak Cilacap ?
1699	Kapan Pangeran Antasari meninggal?
1700	Kapan Yusak Pakage lahir ?
1704	Kapan Eiffel... I'm in Love 2 diproduksi ?
1705	apakah arti kata Minangkabau ?
1706	berapa lamakah Kerajaan Buton berkuasa?
1708	Mengapa Arius menolak ajaran mengenai keilahian Kristus?
1709	berapakah luas Jakarta Timur?
1711	Apakah bahasa resmi rakyat Tiongkok?
1712	apakah nama ibukota Amerika Serikat?
1714	Siapa yang mengembangkan Teori Penggunaan dan Pemenuhan Kebutuhan?
1715	Apa bahan dasar utama pembuatan porselen?
1716	Apa itu Injil Lukas?
1717	Apakah definisi dari Al Quran ?
1720	Berapakah jumlah Rasul di Islam?
1722	siapakah kaisar pertama Kekaisaran Aksum?
1723	Apa lambang agama Yahudi ?
1726	Apa faktor utama kebakaran hutan?
1727	Apa fungsi utama usus besar?
1728	siapakah orang tua Charles Darwin?
1729	Apa itu lesbian?
1732	Berapa lama Majapahit berkuasa ?
1734	Kapankah Pesawat Ulang-Alik Challenger pertama diciptakan ?
1735	Siapakah yang menemukan rumus Phytagoras ?
1736	Di Provinsi apa Zumi Zola menjabat menjadi gubernur ?
1737	apakah yang di maksud dengan uskup ?
1738	Kapan kamera ditemukan ?
1739	berapakah berat Telepon genggam pertama didunia?
1740	kapankah program Microsoft Access diluncurkan pertama kali?
1741	Kapan Gainax didirikan?
1742	Apa nama ibukota Jerman ?
1743	Berapa luas kota Chaozhou?
1744	Apakah Binokular sebuah teleskop?
1745	Apakah bahasa Suku Meybrat?
1746	Kapan dinasti Chandragupta berdiri ?
1749	Kpan pemilu pertama dilakukan di Indonesia?
1751	dimanakah kantor pusat bursa efek Indonesia?
1753	Apa nama mata uang China ?
1754	berapa lamakah Paleozoikum Era?
1755	Apa yang dimaksud dengan pemerintahan monarki ?
1756	Apa tujuan pembentukan Gerakan kepanduan?
1758	Siapakah pendiri Kompas Gramedia?
1759	apakah nama mata uang Pakistan?
1760	Berasla dari bahasa apakah Artropoda?
1761	Dimana alat musik Theremin pertama ditemukan?
1762	Apa mata uang Jerman?
1763	Siapakah ayah ratu Beatrix?
1766	apakah yang di maksud dengan ekologi?
1768	Berapa luas Kabupaten Probolinggo?
1772	apakah nama ibukota Polandia ?
1773	Kapan sms pertama ditemukan?
1774	kapankah film merantau dirilis?
1775	Apakah K'tut Tantri seorang penulis buku?
1776	berapakah luas Sulawesi Selatan?
1777	Dimanakah letak Pulau Okinawa?
1778	Mengapa Li Jiancheng tak pernah berkesempatan menduduki tahtanya?
1779	Kapan dr. Tjipto Mangoenkoesoemo meninggal ?
1782	Apakah internet sudah digunakan sebagai medium pembelajaran di sekolah dasar?
1783	Siapa tokoh wali yang menyebarkan Islam di tanah Jawa?
1784	Apa itu kata majmuk?
1785	kapankah Archimedes dilahirkan?
1786	Apakah yang dimaksud dengan era Paleolitikum?
1787	Apakah yang dimaksud dengan gelombang ?
1788	Apa tugas utama seorang Adipati?
1789	Dimanakah letak MIS Miftahul Jannah?
1790	Dengan siapa Jerman berkonflik dalam Perang Tiga Puluh Tahun?
1791	Kapan Yang Longyan lahir?
1792	apakah nama mata uang Jepang ?
1796	Berapakah banyak surah dalam Al-Quran ?
1797	apakah kerajaan romawi menggunakan  bahasa Yunani?
1805	Dimanakah letak Nikaragua?
1815	Dimana pusat pemerintahan Toyotomi?
1818	Berapa jumlah naskah Naskah Laut Mati secara keseluruhan?
1825	Apa itu bilangan Ganjil?
1828	Berapa luas wilayah Mesir ?
1833	berapakah luas Pulau Bangka?
1849	Apa kepanjangan dari PRRI ?
1864	Apakah suku asli penduduk Aceh ?
1870	siapakah pencipta Phineas dan Ferb?
1880	Apakah itu kumpulan Naskah Laut Mati?
1897	Dimanakah leteak area Turkistan ?
1900	Kapan  Adobe Flash dirilis ?
1925	Berapa anak Grace Patricia Kelly?
1943	Apa nama rumat adat Sumatra barat?
1947	Apa sebutan bagi Wilayah pengguna mata uang Euro  ?
1949	berapakah luas Belgia?
1958	Apa nama tarian dari sunda ?
1965	apakah yang dimaksud dengan keuskupan?
2004	Apakah penyebab kematian kaisar Gojong?
2012	Apakah nama kerajaan Ratu Kastila dan León?
2013	Apa yang dimaksud dengan zaman Meiji?
2015	Apa itu prokariota?
2016	Apa pengertian kasta ?
2017	kapankah bom atom pertama kali ditemukan?
2019	kapankah Internet Indonesia mempunyai jaringan 3G pertama kali?
2022	Apakah pekerjaan pertama K. Ragnar Alm?
2023	Apakah fungsi konsulat jenderal di suatu negara?
2024	siapakah pendiri Sony PlayStation?
2025	berapakah luas kota Sawahlunto?
2026	apakah nama ibukota Swedia ?
2028	Kapan pesawat terbang ditemukan ?
2029	Berasal dari manakah grup musik Bee Gees?
2030	Apa itu wiracarita Mahabharata?
2033	Kapan Petualangan Tintin terbit ?
2034	siapakah yang membuat Batu Rosetta?
2037	Kapan Dinasti Han Timur berakhir?
2038	Dimana letak Dataran Chengdu?
2042	Dimana peristiwa Geger Cilegon terjadi?
2043	Tentang apakah film Star Trek bercerita ?
2044	Kapan Partai Nasional Indonesia berdiri ?
2046	berapakah luas kekuasaan Kerajaan Medang?
2047	berapakah panjang Boeing 747-8?
2048	Siapakah yang mendirikan Organisasi Pembebasan Palestina?
2050	Apa nama perusahaan farmasi terbesar di Indonesia ?
2051	dimanakah letak pulau Flores?
2052	Berapa panjang jalur pantura ?
2053	Kapan Final Fantasy VII dirilis di Jepang?
2055	Dimana Ya’juj dan Ma’juj akan muncul?
2057	Apakah tujuan utama didirikannya PATTIRO ?
2058	Dimana Taylor Swift dibesarkan?
2063	Negara apa yang menghasilkan Panzer I?
2064	Siapa pendidri Kutha Lasêm-Argasoka?
2065	Apakah nama Bandara São Paulo ?
2066	Apakah agama utama di Iran?
2067	Dari mana kata Patogen berasal ?
2068	Kapan Gereja Methodist Indonesia didirikan?
2070	apakah yang dimaksud dengan frekuensi VHF/UHF?
2071	dimanakah letak Sachsen-Coburg?
2072	Apa ibukota Maluku Tengah?
2073	Daun apakah yang digunakan untuk membungkus tape?
2074	Kapan Reza Shah lahir?
2075	Darimanakah genre Death metal berasal?
2078	Apa nama ilmiah dari jamur kuping ?
2081	berapakah luas Belgia ?
2082	Apakah nama mobil pertama yang diproduksi Volkswagen ?
2083	apakah Cirebon mempunyai pelabuhan?
2085	siapakah pencipta Peluit ?
2086	Apa definisi dari atom ?
2089	Kapan  Abraham Lincoln dibunuh ?
2090	Dimana anjing Hachikō dimakamkan?
2091	apakah nama ibukota Brunei?
2092	dimanakah letak kota Yogyakarta?
2094	dimanakah kantor pusat SCTV ?
2095	Siapa yang layak menerima gelar Adipati di Inggris?
2096	dimanakah letak Kalimantan Timur?
2097	apakah yang dimaksud oleh atom?
2098	Kapan Sir Winston Leonard Spencer Churchill  menjabat sebagai Perdana Menteri Britania Raya?
2099	berapakah luas negara Irak?
2103	kapankah Singapura resmi didirikan sebagai negara?
2104	Apa itu teori orbital?
2106	Apa itu Mazhab Frankfurt?
2107	Apakah nama jembatan yang terkenal di Palembang ?
2108	Dimana pabrik General Electric Transportation?
2110	Apakah mata uang Kamboja?
2111	Dimana kantor pusat Adobe Systems?
2112	Dimana karya Mahabharata pertama ditampilkan?
2113	siapakah aleksander agung?
2114	Kapan musik blues ditemukan ?
2115	Kapan Pengepungan Baler berakhir?
2116	Apakah sistem pemerintahan  Afganistan?
2118	Di daerah mana Disneyland Hong Kong berlokasi ?
2121	berapakah jenis palem?
2122	Siapa pendiri partai Golkar?
2123	Siapakah nama tokoh utama dalam film Dragon Ball Z
2124	dari manakah Hendra Gunawan belajar melukis?
2125	Apa nama pulau yang terletak di tengah danau Toba ?
2127	Hewan apa yang dapat hidup di Kutub Selatan?
2128	Dimanakah letak tembok Berlin ?
2129	Apakah yang dimaksud dengan Iftar?
2130	Berapa kapasitas CD pertama ?
2131	Apakah kota kelahiran Tsushima Shūji?
2133	Siapakah raja pertama Dinasti Goryeo?
2134	dari manakah asal suku sunda?
2135	Darimana anime Naruto berasal?
2141	Kapan Sima Qian lahir?
2143	siapakah yang menciptakan Lampu pintar LED Wi-Fi?
2145	Kapan Konstantin Sergejevitch Stanislavski lahir?
2146	Kapan Bandara Juanda dibangun ?
2147	Apakah perjuangan Raden Wijaya pada Kerajaan Majapahit?
2149	Berapa luas kota Ponorogo?
2150	dimanakah Isaac newton lahir?
2151	Berapa luas kekuasaan kerajaan Banjar?
2152	berapakah luas negara Belgium?
2156	berapakah jumlah elemen/unsur dalam tabel periodik?
2160	apakah nama mata uang Kamboja?
2162	Apakah Jalur informasi super cepat memerlukan koneksi internet?
2163	dimanakah kantor pusat Facebook ?
2164	Berapa luas Amerika Serikat ?
2165	Berapa lama Gempa bumi Lisboa 1755 terjadi?
2166	apakah kecanduan alkohol memungkinkan untuk terjadi?
2167	Apakah definisi bangsa Melayu?
2168	berapakah luas Denmark ?
2169	Apa yang dimaksud dengan Prokariota ?
2172	Dimana Pertempuran Tassafaronga terjadi ?
2174	Berapa kali Microchip Smartball digunakan dalam ajang resmi FIFA?
2175	Adakah matahari itu bintang?
2176	Kapan Pertempuran Pulau Rennell berakhir?
2178	Siapa pendiri Banteay Kdei?
2179	Apa mayoritas agama penduduk Jepang ?
2181	berapakah luas pulau Bali?
2182	Kapan Partai Fasis Nasional dibentuk ?
2183	siapakah orang tua Bhikkhu Ashin Jinarakkhita?
2184	Apa itu asma?
2185	Siapa Istri Raja Stephen?
2187	Kapan Kristen Protestan pertama kali muncul ?
2190	Kapan ilmu psikologi dimulai?
2191	kapankah Kromatografi pertama kali diperkenalkan?
2192	tahun berapakah John Fitzgerald Kennedy menjadi presiden?
2193	apakah Bruce Lee murid dari Ip Man?
2194	dari manakah Konro berasal?
2196	Mengapa badan terasa sakit pada saat PMS?
2197	Siapa yang menciptakan televisi ?
2198	berapakah Luas kota Palembang?
2199	Berapa luas wilayah Norwegia ?
2200	Apakah yang dimaksud dengan parasit?
2201	Apa warna bendera Jepang ?
2202	Siapa bapak ilmu Ekonomi?
2203	Kapan pertandingan renang Indah pertama kali dimulai ?
2205	apakah nama mata ibukota Provinsi jawa tengah?
2206	Kapan film Phobia dirilis?
2207	Berapa lama Paus Benediktus XV menjabat sebagai kepala gereja ?
2208	dimanakah letak Jepang?
2209	siapakah penulis/pencipta serial anime manga Naruto?
2212	Bidang ilmu apakah yang mengalami kemajuan sains pada masa kesultanan Utsmaniyah?
2217	kapankah Abu Bakar Ash-Shiddiq dilahirkan?
2218	Apa itu tumbuhan monokotil?
2219	siapakah pelopor Jurnalisme sastra di indonesia?
2221	Apa yang dimaksud dengan eskatologi Kristen?
2222	Apa kepanjangan dari RoIP?
2224	Dimanakah letak Babilonia ?
2226	apakah Illuminati benar benar ada?
2229	kapankah hari Natal dirayakan?
2230	Dimanakah pusat pemerintahan dinasti Qing ?
2235	tahun berapakah kah soviet union terpecah?
2238	Dari mana asal kata Monastisisme?
2239	apakah badak hewan omnivora?
2240	berapakah luas kota Padang?
2241	umur berapakah Nabi Muhammad SAW menerima wahyu pertama kali?
2243	kapankah buku Harry Potter pertama dirilis?
2244	Kapan dokter Alexis Carrel lahir ?
2245	Apakah nomor atom hidrogen?
2246	Kapan Uni Soviet didirikan?
2247	Apakah kitab agama kristen ?
2248	Apa definisi dari Urbanisasi ?
2253	Apakah Tahun Baru Imlek termasuk libur nasional?
2255	Dimanakah letak pusat pemerintahan Malaysia ?
2257	Kapan Pengeboman Masjid Al-Rawdah terjadi ?
2258	Apakah bahasa masyarakat desa Sepatnunggal?
2263	Siapakah Keshogunan Tokugawa?
2265	Siapakah Tuan Guru yang terkenal di Lombok?
2266	Dimana letak negara Papua Nugini?
2268	Berapakah pulau yang terdapat di Laut Karibia?
2269	Dimanakah letak Pulau Buru?
2270	berapakah jumlah air pada manusia?
2271	Kapankah Kepulauan Bangka Belitung diresmikan menjadi sebuah provinsi ?
2273	Apa nama museum pertama di Indonesia ?
2274	Siapa pengarang Kitab Yosua?
2275	Apa yang dimaksud dengan Nekrosis ?
2276	Apakah manusia bisa tinggal di Mars?
2277	Berapa jumlah pemain dalam satu tim rugbi ?
2278	Berapa lama diperlukan untuk memproduksi Tuak nira?
2279	Dimana Soeharto lahir?
2281	Berapa luas kota Bandung ?
2283	Berapakah berat kapal tempur Bismarck?
2285	apakah yang di maksud dengan forensik?
2287	Kapan RPG Squaresoft Final Fantasy VIII dirilis?
2289	Apa yang dimaksud dengan sinode ?
2290	Siapa suami permaisuri Yin Lihua?
2292	Apakah nama makanan khas dari Palembang ?
2293	Apakah lapisan kulit Dermis?
2295	apakah arti uskup ?
2299	Siapa pendiri Keraton Kasunanan Surakarta?
2300	dimanakah pusat kekaisaran rusia?
2301	Apa penyebab kematian Paus Benediktus XV?
2302	Apakah suku asli penduduk jawa ?
2303	Dimana letak wilayah Boston ?
2305	apakah ibukota Mesir?
2306	Dimana habitat Ular tambang?
2307	Bagaimanakah sistem pemerintahan Uni Soviet ?
2309	Apakah anak sungai terbesar pertama pada hilir Sungai Yordan?
2310	Apa penyebab utama Vertigo ?
2311	Kapan musik keroncong pertama kali muncul ?
2312	Apakah nabi Sulaiman memiliki mukjizat?
2313	Apakah kontribusi Chatib Sulaiman sebagai pejuang kemerdekaan Indonesia?
2314	Apa nama ahli dalam Arkeologi ?
2317	Apakah ibu kota Sulawesi Selatan?
2318	siapakah pencipta karakter SpongeBob?
2319	apakah yang dimaksud dengan monarki?
2320	Dimanakah letak masjidil Aqsa di Palestina ?
2322	berapakah jumlah negara yang berada dalam Uni Soviet?
2323	apakah Jean Todt pernah menjadi pembalap professional?
2324	tahun berapkah Masjid Syuhada didirikan?
2325	apakah kontribusi Galenus terhadap dunia kedokteran?
2326	berapakah awak kapal segel merah?
2330	Kapan Johann Sebastian Bach lahir ?
2331	Siapa personil The Beatles?
2332	berdasarkan apakah penilaian prasangka?
2333	apakah kerajaan tertua di kepulauan maluku?
2334	Apa pengertian dari industrialis ?
2336	Kapankah kerajaan Majapahit berdiri ?
2337	Apa nama bandar udara Bali ?
2339	dimanakah Sunan Kudus meninggal?
2340	dimanakah Durante degli Alighieri meninggal dunia?
2343	dimanakah letak Edom ?
2344	Kapan surat kabar pertama kali ditemukan ?
2347	apakah nama ibukota Afganistan?
2348	Apakah ibukota Kolombia?
2349	apakah Guillaume IX pernah menikah?
2351	Apakah masjid terbesar di Jerman?
2352	Kapan kekaisaran Bizantium runtuh ?
2353	siapakah pengganti David Ben-Gurion?
2354	kapankah roket pertama kali diciptakan?
2355	Kapan Yesus kristus disalib?
2356	Dimana Rembrandt Harmenszoon lahir?
2363	Apakah yang dimaksud dengan Bodhisattva Mahasattva?
2364	Apa pengertian dari Hukum kemanusiaan internasional?
2365	Apakah bahasa resmi Arab Saudi?
2367	dimanakah letak pulau Sulawesi?
2368	siapakah isteri John Winston Lennon ?
2370	Apa itu mitologi?
2373	apakah warna almamater Universitas Indonesia?
2374	apakah di Indonesia terdapat Lamun?
2375	berapakah luas provinsi Sulawesi Selatan?
2376	Apa yang dimaksud dengan gen ?
2378	Apa itu ateisme?
2379	Kapan Ajaran Siwa-Buddha muncul ?
2380	apakah nama mata uang Jerman ?
2384	Apa yang dimaksud dengan komponen biologis?
2385	Siapa pendiri Toyota Motor Corporation ?
2386	berapakah luas wilayah Tonga di Oseania?
2387	Apakah faktor yang menyebabkan perbedaan dialek bahasa Arab?
2388	Kapankah nuzul quran diperingati ?
2389	Apakah pengertian dari media massa?
2390	siapakah karakter antagonis wiracarita Mahabharata?
2393	siapakah yang menggantikan posisi Koresh Agung pada kekaisaran persia?
2394	Kapan Puncak Abad Pertengahan di Eropa?
2396	Siapakah yang menemukan pistol pertama kali ?
2399	bagaimana sistem pemerintahan Amerika Serikat?
2400	Apa yang dimaksud Hokage dalam serial komik Naruto ?
2405	Apakah rumah adat Maluku?
2406	kapankah  pramuka didirikan pertama kali?
2407	Kapankah kapitalisme muncul pertama kali ?
2408	Dimana William Sydney Porter lahir?
2410	Siapakah yang menciptakan mobil pertama kali?
2411	Berapa luas pulau Halmahera?
2412	Kapan Pertempuran Breslau terjadi?
2413	Apa bahan utama pembuatan roti ?
2414	berapakah tinggi Candi Penataran?
2415	berapakah luas kota Lampung?
2416	apakah yang dimaksud dengan nukleosintesis ?
2418	Apakah definisi dari eksploitasi ?
2420	Siapa pemilik anjing Hachikō?
2421	siapakah yang menciptakan serial Pokémon?
2422	Kapan Kamaruzaman Sjam mulai melibatkan diri dalam politik?
2423	Kapan IBM didirikan?
2424	Apakah nama ilmiah pohon kosambi ?
2425	siapakah yang mengkudeta Angkatan Perang Ratu Adil?
2427	Kapan website ditemukan ?
2429	siapakah penggagas ilmu Kromatografi?
2431	Apa itu ilmu Ekonomi?
2432	Siapa yang menulis manga Dragon Ball ?
2433	Apakah ibukota Israel ?
2434	Siapakah dewa Ganesha ?
2435	berapakah luas ibukota negara Tunisia?
2436	kapankah PKI didirikan?
2437	Di mana letak tembok Berlin?
2438	Apa genre novel The Prestige?
2440	apakah nama lagu pertama Band Element?
2441	siapakah Pandawa Lima?
2443	apakah nama ibukota Thailand ?
2448	Apakah definisi dari lahar ?
2449	Apakah Bahasa resmi Pulau Paskah?
2450	apakah limbah fosfat berbahaya bagi hewan?
2451	Apakah Dildo terbuat dari Batu?
2452	Apakah arus listrik searah?
2453	apakah yang dimaksudkan dengan sistem ?
2455	kapankah J. K. Rowling mulai menulis novel harry potter?
2456	Siapakah penemu 1I/‘Oumuamua?
2458	Dimanakah kantor pusat Google ?
2459	Apa yang dimaksud dengan monarki?
2460	Siapa juara Mamamia Show pertama ?
2461	Apakah rute utama Kereta api Patas Bandung Raya?
2462	apakah yang dikaji dalam ilmu linguistik?
2464	Dimanakah suku Sunda tersebar ?
2465	Apa itu pseudopodia?
2466	Kapan manga pertama kali muncul di Jepang ?
2469	Siapakah yang menemukan alarm pertama kali ?
2470	apakah yang membuat Koran Sinar Harapan tutup pada tahun 1986?
2471	Apa penegertian dari seorang musisi?
2472	Bagaimana cara manusia berkembang biak?
2474	Dimana letak Taj Mahal?
2475	Apakah nama kelompok yang tidak mempercayai adanya tuhan ?
2476	Apa kandungan terbesar dari keju ?
2477	Apa maksud Tollywood?
2478	Kapan internet pertama masuk ke Indonesia?
2479	apakah alat komunikasi pertama di dunia?
2482	apakah bahasa utama masyarakat swiss?
2483	kapankah Lumpur Lapindo di Sidoarjo pertama kali muncul?
2484	siapakah yang menemukan fosil Anak Mojokerto?
2485	Berapa luas Taman Nasional Ujung Kulon?
2486	Siapa yang menciptakan internet pertama kali ?
2487	Kapan etnis Tionghoa  pertama kali masuk ke Indonesia ?
2488	Berapa lama Perang Dingin berlangsung?
2489	berapakah luas Provinsi Jawa Tengah?
2490	Siapakah pendiri taksi Blue Bird di Indonesia?
2491	Ada berapakah sila dalam Pancasila ?
2492	Siapakah ibu Yesus Kristus?
2493	Apa yang dimaksud dengan mitos ?
2494	Apakah bilangan ganjil?
2495	berapakah berat USS Saratoga (CV-3)?
2496	Adakah tank menggunakan peluru?
2497	Kapan musik rock pertama kali masuk ke Indonesia?
2499	siapakah karakter utama Dragon Ball Z?
2500	Berapa jenis Mikroskop elektron?
2501	Kapan abad penjelajahan di Eropa?
2502	apakah seurakarta memiliki kerajaan?
2503	Berapa luas negara Swiss ?
2504	Kapan The Amazing Race dirilis?
2505	Apakah nama stasiun TV milik swasta pertama di Indonesia ?
2506	Apakah fungsi dari Badan Nasional Penempatan dan Perlindungan Tenaga Kerja Indonesia ?
2507	Apakah nama ilmiah dari melinjo ?
2508	Berapa luas kota Berlin?
2509	Apa nama universitas tertua di Mesir ?
2510	kapankah kerajaan Mughal didirikan?
2511	Apa mata uang Georgia ?
2512	Pada tahun berapa bangsa Eropa mulai masuk ke Indonesia?
2514	Apakah sistem pemerintahan Republik Panama?
2515	siapakah ratu pertama Imperium Britania?
2516	Apakah sistem kasta berlaku di India?
2517	Apa warna bendera Jerman ?
2518	Kapankah pemilu pertama dilakukan ?
2519	apakah nama ibu kota Turki?
2520	Apa itu Sekularisme?
2522	apakah makanan khas Banyuwangi ?
2523	apakah karya terbesar Archimedes untuk bidang matematika?
2524	Kapankah Lampung diresmikan menjad Provinsi ?
2528	Berapakah suhu rata-rata kota Bandung ?
2529	Siapakah pelopor ajaran satanisme modern?
2530	Apa sebutan provinsi di Jepang ?
2531	Kapan grup Koes Bersaudara dibentuk?
2534	Apa yang dimaksud dengan artileri ?
2535	Siapa pemimpin pertama Permesta ?
2537	Apakah mata uang korea selatan?
2538	Berapa luas benua Afrikan ?
2539	apakah nama ibukota Swiss?
2540	Apa itu lubang hitam supermasif?
2541	Ada berapa negara yang tergabung dalam  Uni Eropa?
2543	Apakah musik Okinawa merupakan musik tradisional ?
2544	Siapakah penulis anime Dragon Ball ?
2545	kapankah manga Naruto pertama kali dirilis?
2546	Kapan Soeharto lahir?
2548	kapankah Pertamina didirikan pertama kali?
2550	Berapakah jumlah walisongo ?
2551	Dimanakah kantor pusat PBB ?
2552	Apakah band pertama Prinzes Amanda Surya?
2557	apakah penyebab utama Knud IV meninggal?
2558	Siapakah pencipta anime Naruto?
2560	Siapakah pendiri American Broadcasting Company ?
2561	Apa itu Teknologi informasi?
2563	Siapa yang mengembangkan Blip.fm?
2565	Apakah yang dimaksud dengan algoritme?
2566	Kapan Aliénor lahir?
2568	Siapakah pendiri PBB?
2569	dimanakah letak Brasil ?
2570	siapakah yang membuat Tabel periodik pertama kali?
2573	Siapakah yang menemukan UFO pertama kali
2574	Siapa yang memenangi Pertempuran Dien Bien Phu?
2575	kapan Kerajaan mataram islam berdiri ?
2578	Apakah merek telepon genggam pertama di dunia?
2579	berapakah luas kota Barcelona?
2581	Apa pengertian jabatan SS?
2582	Apakah nama rumah adat Suku Sunda?
2583	Kapan Archimedes meninggal?
2585	Apa ayat pertama Surah Asy-Syu'ara ?
2587	Kapan Jenderal Giulio Douhet lahir?
2588	berapakah jumlah fakultas di Universitas Indonesia?
2590	Berapa lama Dinasti Utsmaniyah berkuasa ?
2594	Berapa hari Jakarta International Film Festival yang pertama diadakan?
2595	Apa yang dimaksud dengan reaktor ?
2596	Apakah isi Naskah Komentari Kitab Habakuk ?
2597	apakah Minangkabau suku yang berasal dari Pulau Sumatra?
2599	Siapa Sultan Banjar pertama?
2600	provinsi jawa apakah yang terpadat tahun 2015?
2602	Apa bahan bakar motor pertama kali ?
2603	Apakah nama kota Jakarta pada zaman kolonial ?
2604	Kapankah tembok Berlin dibangun ?
2605	Ada berapa baris dalam tabel periodik?
2606	apakah nama mata uang Thailand?
2609	Kapan Mikrofon pertama kali diciptakan ?
2611	Apakah Nicolas Erik Rosberg pernah menjuarai F1 ?
2612	Kapan ilmu filsafat ditemukan ?
2613	Kapan GT Interactive berdiri ?
2614	Apakah mata uang Meksiko ?
2615	berapakah luas Islandia?
2616	Kapan Afrahat meninggal?
2618	Alat apakah yang menggunakan Time-Division Multiplexing?
2620	Siapa pendiri Dinasti Tang?
2623	apakah bahasa Tokharia sudah punah?
2624	Apakah mata uang negara Korea?
2625	Adakah bendungan dapat digunakan untuk PLTA?
2626	Apa yang dimaksud dengan neutron?
2627	Siapakah pendiri dinasti Han Timur?
2628	Berapa luas wilayah New York ?
2629	kapankah Isaac Newton meninggal?
2630	Kapan Roket V-2 dibuat ?
2631	Termasuk ke dalam galaksi apakah bumi?
2633	Apa nama mi instan pertama yang diciptakan Nissin Food Products?
2634	Kapan perusahaan Yahoo! berdiri ?
2635	Siapakah pendiri klan Toyotomi?
2636	Berapakah luas wilayah Islandia ?
2639	apakah yang di maksud dengan Mahabharata?
2640	berapakah jumlah jenis bahasa Sunda ?
2641	Aapakah merokok penyebab utama penyakit jantung koroner?
2642	Apa bahan utama pembuatan keju ?
2643	Apaka film pertama Cinta Laura?
2644	siapakah karakter utama dari game Uncharted 3: Drake's Deception?
2645	Apa nama buku Aristoteles di bidang seni?
2646	dari manakah asal kata Maladewa?
2647	Siapa itu Dajjal ?
2655	Siapa raja pertama Goguryeo?
2656	Siapakah raja pertama Dinasti Han?
2657	dari manakah asal senjata AK-47?
2658	berapakah panjang Sungai Mississippi ?
2659	Organisasi apakah Nahdhatul Ulama?
2660	Siapakah yang dimaksud dengan politikus ?
2661	dimanakah letak Korea Selatan?
2663	Berapakah suhu planet Mars ?
2664	apakah lagu pertama yang dirilis GoodBoyBadminton?
2665	siapakah penemu telepon genggam pertama?
2666	Dimanakah letak Italo-Norman?
2667	Siapa yang disebut dengan sastrawan ?
2670	Apakah nama puncak Gunung Semeru?
2671	Berapa luas kekuasaan Dinasti Shāng?
2672	siapakah raja/kaisar terlama pada Dinasti Han?
2676	Apa nama ibukota Swedia ?
2677	Kapan Idi Amin lahir?
2678	Kapan Masashi Kishimoto pertama kali berkarya?
2679	Berapa jumlah kabupaten di Jawa Tengah?
2680	kapankah Musik dangdut di perkenalkan di indonesia?
2681	Kapan parabola ditemukan ?
2682	Siapa yang membangun Gereja Santa Perawan Maria Lourdes Promasan?
2684	Dimana Kekaisaran Trebizond didirikan?
2685	Dimankah letak Bizantium ?
2686	Siapa nama raja pertama kerajaan Medang ?
2687	Kapan Valentinius lahir?
2688	Apakah lambang bendera Nazi ?
2690	Apa itu Cairan anorganik ?
2691	Kapan Ludwig van Beethoven lahir ?
2693	Kapan Formula 1 pertama kali diselenggarakan ?
2694	Siapakah Markus dalam agama Kristen?
2695	dimanakah Konstantinus Agung dilahirkan?
2697	Berapa jumlah suku yang ada di Taiwan?
2698	Dimana Pengepungan Damaskus terjadi?
2704	Apakah dosa yang dilakukan Adam dan Hawa?
2705	Siapakah penulis anime Naruto ?
2706	Dimana letak Candi Prambanan ?
2707	apakah yang di maksud dengan bioma ?
2708	tahun berapakah Austria didirikan sebagai negara pertama kali?
2711	Kapan film The Lord of the Rings mulai diproduksi ?
2712	apakah Foto esei digunakan untuk bidang jurnalisme fotografi?
2713	Apakah makanan tradisional Maluku?
2715	berapakah luas Provinsi Sulawesi Utara?
2716	Apakah Kamera Perekam pertama yang di dunia ?
2717	apakah handphone termasuk teknologi komunikasi?
2718	Apakah produk pertama Toyota?
2720	Berapa lama Jepang menjajah Indonesia?
2722	Apa mata uang Tanzania ?
2723	Apa nama bandara di Okinawa?
2725	siapakah pencipta Harry Potter?
2727	kapankah Kristen masuk ke Indonesia?
2729	Siapa nama ibu nabi Muhammad?
2730	Siapakah vokalis band Arwana?
2732	Siapakah pendiri Google?
2734	Kapan Formula one pertama kali diselenggarakan ?
2735	kapankah jenderal Soeharto di angkat jadi presiden?
2737	Apakah agama mayoritas penduduk Italia ?
2741	Kapan pesawat pertama kali diciptakan ?
2742	Apa itu plasma nutfah?
2743	Siapakah raja pertama  Majapahit?
2745	Kapan John Locke lahir?
2747	Mengapa Keraton Sumenep didirikan?
2748	Ada berapa bagian Usus halus?
2749	siapakah pendiri NASA ?
2750	apakah nama ibu kota Jerman ?
2753	berapakah kode telepon Argentina?
2756	Pada umur berapakah Teddy Park mulai menjadi rapper ?
2757	Kapan universitas Sriwijaya berdiri ?
2758	kapankah organisasi Nahdlatul Ulama Indonesia didirikan?
2759	Apakah watak yang dimainkan Lois Lane?
2761	Apakah ada upacara untuk memperingati Hari Anzac?
2764	berapakah luas Kabupaten Kampar?
2765	Kapan manga Naruto dirilis?
2766	siapakah vokalis Dream Theater?
2767	Berapa luas Danau Huron?
2769	Mengapa Perang Ōnin terjadi?
2770	Dimana letak Kepulauan Ryukyu?
2772	apakah schizophrenia penyakit psikologi?
2774	Kapan teknologi digital mulai berkembang?
2775	apakah nama mata uang dari Serbia ?
2777	Kapan PBB dibentuk ?
2778	Siapa penulis lagu kebangsaan Iran?
2783	Apakah definisi Alelopati?
2784	Kapan Kerusuhan Poso terjadi?
2785	Kapankah Dinasti Tang berdiri ?
2788	kapankah The Hunger Games pertama kali dirilis?
2789	Apakah fungsi utama protein untuk tubuh manusia ?
2790	Berapa suhu terendah di planet mars ?
2791	apakah manga pertama yang dibuat oleh Masashi Kishimoto?
2793	Apa itu gulma ?
2796	Apakah yang dimaksud dengan teknologi ?
2800	Apakah album pertama Avril Lavigne ?
2801	apakah bilangan riil?
2802	Kapan Muhammad diangkat menjadi nabi ?
2803	Siapa pendiri Masjid Agung Bandung?
2804	dari manakah asal Tionghoa?
2806	ada berapakah jenis Tauhid ?
2808	Apa itu RNA ?
2809	Apakah nama pulau ditengah danau Toba ?
2810	Apa nama candi terbesar di Indonesia ?
2811	siapakah orang tua Catherine Middleton?
2812	Apa gejala utama Rinitis alergi?
2818	Kapan Formula Satu pertama diadakan?
2819	apakah agama hindu melakukan  Penitensi?
2820	Dimanakah Dinasti Tang berkuasa ?
2821	Vitamin apa yang terdapat dalam kentang?
2822	Siapa pendiri Kerajaan Romawi?
2823	Berapa banyak tokoh protagonis dalam seri novel ringan Sword Art Online?
2824	Apa nama bandara di Kota Medan?
2828	Kapan istana keraton Yogyakarta dibangun ?
2829	apakah Xiao Baojuan mempunyai anak?
2830	Apa arti kata gegana ?
2831	Berapa lama masa kekuasaan Dinasti Qing?
2833	Apakah suku asli masyarakat tapanuli ?
2834	Apa itu Diomedeidae?
2836	Kapan Bruno Senna Lalli mulai enjadi pembalap?
2837	Apakah pengertian dari pendidikan ?
2838	Siapa yang menciptakan program Chatterbot?
2839	Apakah keris termasuk senjata?
2841	Apa nama gunung api yang berada di Kabupaten Malang?
2844	Siapakah yang memenangi Invasi Lü Meng?
2845	Apa itu Orde Baru?
2846	Dimana Kazimierz II meninggal?
2848	siapakah karakter utama dalam Kamen Rider?
2849	Apa itu Mursyid?
2852	Kapan Pulau Pitcairn menjadi koloni Inggris?
2853	di kota apakah Ashin Kheminda dilahirkan?
2854	berapakah luas negara Brunei?
2855	Siapa produser fillm Scream ?
2856	Apakah yang dimaksud dengan mitologi ?
2857	apakah lagu pertama Marcell Siahaan?
2858	Ada berapa jumlah season SpongeBob SquarePants?
2859	Dimanakah letak Vatikan ?
2862	Kapan Minecraft pertama kali diciptakan?
2868	Siapa penerbit serial televisi animasi Phineas dan Ferb?
2869	Pada hari apa PBB didirikan?
2873	siapakah pemeran karakter utama Ishq Mein Marjawan?
2874	Apakah Kungfu termasuk bidang olahraga?
2875	Berapa luas Pulau Paskah?
2879	Dimana Olimpiade Yunani Kuno diadakan?
2880	Darimana asal Jayanagara?
2881	Kapan Perang Salib 1 terjadi ?
2882	Apa nama ibukota Malaysia ?
2883	Berapa jumlah negara yang tergabung dalam uni eropa ?
2885	dimanakah Van gogh dilahirkan?
2888	siapakah orang tua K.H. Ahmad Rifa'i Arief?
2889	Kapan Sastra Anglo-Saxon pertama kali ditulis?
2890	Siapa itu Bimasena?
2892	Dari manakah asal  Haji Samanhudi?
2895	apa nama stadium New York Yankees?
2896	Siapakah yang dikenal dengan bapak filsafat ?
2899	dimanakah kanon Muratori ditemukan?
2901	Apakah faktor penyebab evolusi Industri?
2903	Kapan Pesawat kepresidenan Indonesia boleh digunakan?
2904	Siapa raja pertama Kerajaan Romawi ?
2909	siapakah vokalis Bad Religion?
2911	Ada berapa jenis kitab Injil?
2912	Apa lambang negara Indonesia ?
2913	Berapa luas Okinawa?
2914	apakah seorang detektif harus mempelajari dasar ilmu Kimia forensik?
2916	Apa perbedaan emas perhiasan dan emas batangan?
2917	Apakah yang dimaksud dengan Ekaristi ?
2918	Apa yang dimaksud dengan struktur sosial?
2920	Berapa luas Rusia?
2921	Kapan Ibn Khaldun lahir?
2922	Apakah Satuan internasional (SI) untuk pengukuran peluruhan radioaktif?
2923	Apa yang dimaksud dengan perangkat lunak ?
2924	Apa mata uang Hong kong ?
2925	apakah John Winston Lennon mempunyai anak?
2927	apakah nama ibukota Nigeria?
2928	apakah nama ibukota di Finlandia ?
2930	Apakah yang dimaksud dengan sel ?
2931	Apa itu Kimia analitik?
2934	apakah mata uang yang digunakan negara Pakistan?
2937	siapakah penemu Telegrafi ?
2939	Apakah obat Antihistamin dapat menyebabkan rasa kantuk?
2940	Berapakah populasi Kristen di Indonesia tahun 2010 ?
2943	Apakah Urraca pernah menikah ?
2944	apakah Yesus meninggal karena disalip?
2945	Dimanakah letak Kerajaan Singhasari ?
2948	Siapakah yang presiden Indonesia pada masa Orde Baru?
2949	Apa anatomi otak burung?
2950	berapakah jumlah karakter huruf pada bahasa Arab ?
2951	kapankah agama Kristen pertama kali muncul?
2952	Apa nama tempat ibadah Khonghucu?
2953	Kapan bahasa Persia kuno ditemukan?
2955	berapakah jumlah jenis fauna yang ada di Indonesia?
2956	siapakah nabi terakhir dalam Islam?
2957	siapakah persiden/PM pertama Swedia ?
2959	Apa alamat kantor Astra International?
2964	dimanakah Durante degli Alighieri dilahirkan?
2966	Apa nama suku asli australia ?
2967	Apakah Tuberkulosis dapat menular?
2968	Apakah fungsi utama vitamin A?
2969	Kapan gereja pertama kali didirikan di Indonesia ?
2970	Kapan Satuan Bravo 90 dibentuk?
2973	Apakah pengertian dari energi ?
2975	apa yang dimaksud dengan alat elektronik ?
2976	Apa itu stimulus netral?
2977	Apakah Kristen mempercayai Kehidupan setelah kematian?
2979	Dari manakah perusahaan Nissan Motors berasal ?
2981	Siapa yang menciptakan sepeda motor ?
2982	Kapan Pemberontakan Jeju berakhir?
2983	Siapa itu Aleksander Agung?
2984	Kapan Ahmad bin Syu'aib Al Khurasany meninggal ?
2985	Siapa nama ayah Pangeran Wallachia?
2986	apakah agama Utama masyarakat provinsi Aceh?
2988	dari manakah asal kata Kabinet?
2989	Apa warna bendera Portugal ?
2990	Kapan India merdeka ?
2991	tahun berapakah Masjid At-Tin dibangun?
2992	Di daerah manakah tumbuhan kapas tumbuh?
2993	Berapa lama Dinasti Ming berkuasa ?
2995	Dari daerah mana asal musik keroncong berasal ?
2997	tahun berapakah Frédéric François Chopin dilahirkan?
2999	Apa nama organisasi yang dibentuk dr. Tjipto Mangoenkoesoemo ?
3000	Kapan Joshua Benjamin Jeyaretnam lahir?
3001	Apakah serai boleh dijadikan minuman?
3002	tahun berapakah koran kompas didirikan?
3003	Kapan Romain Grosjean menjadi pembalap ?
3006	Perusahaan apa yang membuat Accuracy International Arctic Warfare?
3008	kapankah burung dodo terakhir hidup?
3010	Dimanakah habitat ular Welang?
3011	siapakah pencipta Avatar: The Legend of aang?
3012	tahun berapakah Digimon Adventure tri dirilis pertama kali?
3013	Kapan Sense and Sensibility ditulis?
3014	Apa yang dimaksud dengan Virtualisasi ?
3015	Siapa pendiri Keraton Sumenep?
3018	Adakah minum bir dapat menyebabkan kecanduan?
3020	Apa itu antigen ?
3021	siapakah orang tua Fadli Zon?
3022	Siapa yang menemukan istilah Kriptomnesia ?
3023	Kapan Televisi berwarna muncul ?
3024	Siapa yang membawa islam ke Sri Lanka ?
3025	Kapan Dr. Moewardi lahir ?
3026	Apakah warna bendera Zambia?
3027	Apakah ibukota Tatarstan?
3028	Apa itu Alkana?
3029	Apakah yang dimaksud dengan kapasitansi ?
3030	pernahkah Thaksin Shinawatra membeli klub sepakbola?
3032	berapakah luas Denmark?
3034	apakah palem memiliki buah?
3036	Apa pengertian ilmu geologi ?
3037	apakah jenis pemerintahan yang digunakan kerajaan Mughal?
3039	Kapan PT Kereta Api Indonesia didirikan?
3040	berapakah jumlah lagu karagan  Is Haryanto?
3043	Berapa populasi Yahudi di Indonesia ?
3044	Apakah bahasa yang digunakan di Austria ?
3047	tahun berapakah Ernest Hemingway dilahirkan?
3049	kapan Syekh Ibnu Atha'illah lahir ?
3050	Apa fungsi bangunan Empire State Building?
3053	tahun berapakah Akademi Seni Karawitan Indonesia Surakarta didirikan?
3056	berapakah jumlah musim di Indonesia ?
3058	Apakah Perusahaan Jawatan Kereta Api termasuk BUMN?
3059	Kapan Perang Dunia II dimulai ?
3061	apa yang dimaksud dengan atom?
3062	Siapa yang menciptakan Reog?
3063	Dimana letak Sinagoge tertua di dunia ?
3064	Kapan Kerajaan Singasari berdiri ?
3067	Dari pegunungan apa sungai Rhein berasal?
3068	Di negara mana letak Provinsi Sichuan?
3069	berapakah kapasitas penumpang untuk Boeing 747-8?
3070	berapakah jumlah album Tantowi Yahya?
3072	siapakah yang mendesain Taj Mahal?
3073	Apakah agama Shinto percaya terhadap dewa ?
3074	Kapan Singapura merdeka?
3076	Apakah yang dimaksud dengan merger ?
3077	apakah Telepon video bisa dilakukan dengan koneksi 3G?
3078	kapankah Ordo Fransiskan didirikan?
3079	siapakah Kresna?
3080	apakah yang dimaksud dengan penghulu?
3081	kapankah Indonesia merdeka?
3082	Siapakah permaisuri raja Asyur?
3085	Siapakah nama orang tua Zumi Zola?
3086	Dari mana asal kata dangdut ?
3092	Apa itu denominasi Kristen?
3093	Siapa pemimpin pertama Front Pembebasan Nasional Farabundo Martí?
3094	Kapankah kekaisaran Roma runtuh ?
3096	apa yang dimaksud Putera Allah?
3097	Berapa luas negara Jepang ?
3098	apakah UUD 1945 dibuat berdasarkan Pancasila?
3099	Kapan Ratu Juliana menikah?
3100	Berapa panjang Sungai Han?
3101	Dari manakah suku mandailing berasal ?
3102	Apa yang dimaksud dengan tunarungu?
3103	Apa nama mata uang Jepang ?
3105	Kapan istilah Anomie diperkenalkan ?
3106	Siapa raja pertama yang tinggal di Istana Osaka?
3107	Kapan tim Nadeshiko Japan dibentuk?
3108	Apa maksud kata jutsu dalam bahasa Jepang?
3111	kapankah Amerika Serikat menjadi sebuah negara?
3112	berapakah luas Yogyakarta?
3116	Dimana Imam Al-Faqih Muqaddam Muhammad bin ‘Ali Ba’Alawiy lahir?
3117	apakah smartphone termasuk Pocket PC Phone?
3118	berapa lamakah Iskandar Shah menjadi raja?
3120	Berapa jarak matahari dengan bumi ?
3123	Apa pengertian de facto ?
3124	Siapa pendiri Partai Nazi?
3125	Berapa lama dinasti Joseon berkuasa di Korea ?
3126	Apa definisi dari naskah ?
3127	Berapa lama Dinasti Qin berkuasa di Tiongkok ?
3129	Apa isi kandungan utama Surah Asy-Syu'ara ?
3130	Dimana letak Rumah Pengasingan Bung Hatta?
3132	Siapakah tokoh utama dalam novel The Prestige?
3133	Apakah nama negara terkecil di Afrika ?
3134	Apakah yang dimaksud dengan ideologi ?
3135	Dimana letak Universitas Kristen Satya Wacana?
3136	Apa pengertian hominini?
3137	Dimana letak Armenia?
3138	apakah Slamet Gundono masih hidup?
3140	Apakah kuliner khas dari Yogyakarta?
3142	Apakah aplikasi VSCOCAM berbayar?
3143	apakah Baitul Maqdis tempat Ibadah umat Yahudi?
3144	Berapa kecamatan di Kabupaten Bangli?
3145	Dimana letak Kurukshetra ?
3147	Dari manakah asal suku Batak ?
3148	apakah penyebab kematian Ashikaga Takauji?
3149	berapa kalikah New York Yankees memenangi turnamen liga bisbol amerika?
3150	tahun berapakah QR Code pertama kali muncul?
3151	Siapakah Cokorda Gede Agung Sukawati?
3152	Berapa luas kepulauan Solomon?
3154	Kapan Partai Komunis Indonesia didirikan?
3155	berapakah luas wilayah mesir?
3156	apakah yang dimaksud Delta sungai?
3159	Kapan Juan Carlos menikah dengan Sophia Margaret Victoria Frederica?
3160	Kapankah Haji Samanhudi meninggal ?
3162	Kapan Kekaisaran Karoling mulai berkuasa?
3163	Berapakah luas dataran pulau jawa ?
3164	Siapakah yang menemukan Kamera pertama kali ?
3165	Apakah tanaman Nilam dapat dikonsumsi manusia?
3166	Apa itu fisikalisme?
3167	dimanakah letak kota surakarta?
3168	apa yang dimaksud dengan kebudayaan?
3169	kapankah aristoteles lahir?
3170	Kapan Gereja Santa Perawan Maria Lourdes Promasan dibangun ?
3171	Siapa yang berwenang melakukan Hisab pada suatu negara?
3172	Apakah bahaya cahaya laser pada mata?
3173	Apa yang dimaksud dengan CIA ?
3174	Apa nama ibukota Vietnam ?
3176	kapankah Windows XP pertama kali diciptakan?
3177	Apa simbol hidrogen dalam tabel periodik ?
3179	Siapa pendiri SMK Muhammadiyah 1 Bantul ?
3184	Kapankah radio masuk ke Indonesia ?
3185	Kapan Napoleon Bonaparte lahir ?
3187	apakah rusia mempunyai bom nuklir?
3188	Kapan Kekaisaran Qing berdiri ?
3189	Apakah definisi dari mitologi ?
3195	Kapan colosseum dibangun ?
3196	Kapan Menara London didirikan?
3197	siapakah Ibunda Yesus ?
3198	Apakah nama lagu kebangsaan Bangladesh?
3199	siapakah pencipta Kereta rel listrik pertama?
3200	Apa nama dinasti yang berkuasa terlama di Tiongkok ?
3205	Apa yang dimaksud dengan anatomi ?
3206	Kapan Vladimir Sviatoslavich pindah agama menjadi Kristen ?
3207	Berapa luas Kota Malang?
3208	Apa nama candi terbesar di Indonesia?
3210	kapankah Amerika Serikat berdiri sebagai negara pertama kali?
3215	Apa mayoritas bahasa yang digunakan masyarakat Riau ?
3218	apakah penyebab utama runtuh nya Dinasti Tang?
3220	apakah bilangan cacah?
3221	berapakah jumlah bahasa daerah d Indonesia?
3222	Kapan pertandingan catur dunia pertama diadakan ?
3224	Apa tempat wisata terkenal di  Hong kong ?
3225	apa yang dimaksud dengan ion hidronium?
3226	Apakah nama band Adam David Willard pertama ?
3229	Apa itu kerja rodi?
3230	Apakah pengertian multimedia ?
3231	Kapankah Kerajaan Hawaii berdiri ?
3232	Apakah pengertian dari mitologi ?
3233	Apa yang dimaksud dengan Budaya ?
3234	Ada berapakah partai politik yang ikut dalam pemilu pertama Indonesia ?
3236	Kapan tabel periodik diciptakan?
3237	Siapa pendiri KMBPalembang?
3238	Adakah HIV penyakit Pandemik?
3239	Berapa luas kawasan Observatorium Bosscha?
3240	dimanakah letak kota Bandung ?
3242	kapankah Rising Star Indonesia dimulai pertama kali?
3243	Dimanakah letak Mesir?
3245	Kapankah alarm pertama kali ditemukan ?
3246	apakah nama mata uang India?
3247	siapakah bos dari James Bond?
3248	ada berapakah jenis semut ?
3252	Berapa besar suku Ya’juj dan Ma’juj?
3253	Berapa jumlah korban dalam kebakaran KMP Tampomas II?
3255	Apakah penyebab terjadinya perang dunia II ?
3257	apakah August Theis masih hidup?
3259	Siapakah Ridley Scott?
3261	Ada berapa jumlah negara yang tergabung dalam Uni Eropa ?
3262	Berapa luas kota Jepara?
3263	berapakah luas Manokwari?
3267	apakah yang dimaksud dengan teknologi komunikasi digital?
3268	Kapan pesawat pertama diciptakan?
3269	Kapan industri film muncul pertama kali ?
3270	Siapa yang memilih majlis lageslatif Kuwait?
3271	Kapankah Nahdlatul Ulama berdiri ?
3274	Kapan alat musik Theremin pertama kali digunakan?
3275	Apa yang dimaksud dengan gravitasi?
3278	Apa yang dimaksud dengan sistem tiga domain?
3279	apakah nama kitab suci Budha?
3280	Siapa yang membawa Kristen ke Indonesia ?
3281	Kapan Kolonel HR. Soedirman Mertoadikoesoemo lahir ?
3282	Apa tanda Ya’juj dan Ma’juj muncul?
3283	Apakah Hepatitis B bisa disembuhkan ?
3285	Kapan Pertempuran Dien Bien Phu berakhir?
3289	Apa nama alat untuk mengetahui arah mata angin ?
3290	apakah arti kata Rongi?
3292	dimanakah TV pertama kali diciptakan?
3293	Siapakah CEO pertama Kompas Gramedia?
3297	Apa itu osmium tetroksida?
3298	Darimana asal Rizal Mantovani?
3301	dimanakah letah Universitas Indonesia?
3302	Siapa pendiri Square Enix?
3303	Kapan Prey Nokor berubah nama menjadi Kota Ho Chi Minh?
3304	Kapan jaringan teleks ditemukan ?
3305	Siapa ibu Yesus kristus?
3307	kapankah Rusia didirikan menjadi sebuah negara?
3308	siapakah presiden pertama Indonesia?
3311	Siapakah penerbit sinetron Tutur Tinular versi 2011?
3312	siapakah gitaris Dream Theater ?
3313	Kapankah Piala FA pertama kali diselenggarakan ?
3314	Kapan ajaran Setanisme ditemukan?
3316	siapakah penggagas Internet yang pertama?
3317	Kapan Ordo mendikan pertama muncul?
3318	Kapan Robert Guiscard  menaklukan Italia Selatan ?
3319	Dari manakah asal perusahaan Nissan Motors?
3320	Apa itu Naskah Wangsakerta?
3322	apakah ada  kerajaan di kota Singaraja?
3324	Berapa jumlah Gereja Protestan Indonesia?
3325	Apa nama ibukota Austria ?
3326	tahun berapakah Gereja Katolik Siro-Malankara dibangun?
3327	dari manakah asla bunga Kenanga ?
3328	Kapan Bandara Juanda diresmikan ?
3329	Siapa yang menang dalam perang Goguryeo-Su?
3330	siapakah pendiri  Lembaga Survei Indonesia?
3331	Kapan industri pesawat terbang dimulai di Indonesia ?
3334	Apa yang dimaksud dengan LAN?
3335	Kapan Konsili Ekumenis kedua terjadi?
3337	Kapan Suster Ngesot dirilis ?
3338	apakah LTE evolusi dari 3G?
3340	Di mana habitat Artropoda?
3341	Kapan masa pemerintahan Dinasti Sui berakhir ?
3342	Dari mana asal bahan velum?
3343	Kapan Yunani mulai menggunakan mata uang Euro?
3346	berapakah luas Riau?
3347	Apakah Windows Explorer menggunakan  Nama NetBIOS?
3349	Dimanakah letak Dinasti Qing?
3350	Apakah nama kaum nabi Musa ?
3351	Berapa jumlah seperhero dalam komik marvel  ?
3352	Apakah pakaian adat masyarakat Dayak ?
3353	Apakah definisi dari organisasi ?
3356	Kapan windows pertama kali dirilis ?
3357	Dimana letak Jawadwipa?
3359	Siapa produser film Merdeka 17805?
3360	Kapan Prof. K.H.R. Muhammad Adnan mendirikan PTAIN
3362	Apakah Hermafrodit juga terjadi pada manusia?
3363	Berapa anggota dalam Band The Misfits?
3364	dimanakah letak Provinsi Bali?
3367	Apa yang dimaksud dengan binatang mamalia ?
3368	berapakah jumlah surah dalam al-Qur'an?
3371	Berapa jumlah pulau di Kepulauan Hawaii ?
3372	Berapa luas Samudra Pasifik?
3374	Berapa luas provinsi Riau?
3375	Apakah Gen dapat mempengaruhi warna kulit?
3377	Siapa vokalis band Metallica?
3378	Siapakah Bapak sosiologi?
3379	Berapakah anak Susilo Bambang Yudhoyono?
3381	Bagaimana menentukan garis sempadan bangunan?
3384	apakah Ordnungspolizei  bekerja dibawah Nazi?
3385	Apakah Myanmar dulunya disebut Burma ?
3387	Apa itu Proteaceae ?
3388	Berapakah tinggi gunung Ciremai?
3389	Kapan Pertempuran Kepulauan Stewart terjadi ?
3391	Apa ibukota Malaysia?
3392	Dimana Kekhalifahan Abbasiyah berkuasa ?
3394	Apa nama tempat wisata di Jepara?
3395	Kapan Reformasi Protestan berakhir?
3396	berapakah luas ibukota Mesir ?
3397	Kapan Glenn Danzig lahir?
3398	Siapa yang memerankan karakter Iron man ?
3399	Siapakah tokoh yang memulai sistem kapitalisme?
3400	dimanakah letak wilayah Tonga di Oseania?
3401	Berapa lama masa kekuasaan Ruggeru II?
3403	Apa tujuan dibangunnya Colosseum ?
3404	siapakah pencipta anime Bleach?
3405	kapankah vaksin polio ditemukan?
3408	Berapa luas kecamatan Rowosari ?
3409	Kapan PT. Kereta Api Indonesia berdiri ?
3410	Di hari apakah Amstel Gold Race diadakan pertama kali?
3411	darimanakah taekwondo berasal?
3412	berapakah luas Ternate ?
3413	Apakah maksud Renaisans dalam Bahasa Indonesia?
3414	Kapan era Republik Federal Jerman dimulai ?
3416	meneliti apakah percobaan Stern-Gerlach?
3418	apa yang dimaksud dengan mekanika statistik?
3425	siapakah yang menemukan vaksin polio?
3426	Apakah pengertian dari Diplomasi ?
3429	Kapan Mochtar Riady lahir?
3430	apakah yang di maksud Tanakh ?
3433	Apakah yang dimaksud dengan masyarakat Madani?
3435	Apakah Buddha mempercayai Kehidupan setelah kematian?
3436	dari manakah asal kecipir?
3437	Apakah  peristiwa perubahan wujud dari zat padat menjadi cair?
3438	Kapan Theophile de Backere CM diangkat menjadi pastor Katolik?
3439	Apa definisi energi ?
3442	berapakah jenis Bahasa daerah di Indonesia?
3443	Kapan Samaun Bakri meninggal ?
3444	apa yang dimaksud dengan episkopal?
3445	Dimana letak Observatorium Bosscha?
3446	Apa nama ilmiah Hering Raja?
3447	siapakah pemimpin vietnam saat perang vietnam terjadi?
3449	Dimana sekolah dasar Najelaa Shihab?
3453	Siapa yang memerankan Captain America dalam film Avengers?
3454	Siapakah Raden Fatah?
3455	Kapan Leonardo Pisano meninggal?
3457	Berapa jumlah mata angin ?
3458	dimanakah letak candi bercorak Hindu terbesar di Indonesia?
3462	berapakah luas Provinsi Riau?
3463	Siapakah bapak fisika modern?
3465	Dimana Pertempuran Manzikert terjadi?
3466	Siapakah yang disebut dengan sufi ?
3469	Kapan Kolonel Ahmad Husein diangkat menjadi pemimpin PRRI?
3470	Berapa luas kekuasaan dinasti Utsmaniyah ?
3471	Siapakah yang menciptakan alat Terowongan angin?
3473	Apa itu uskup?
3474	dimanakah letak Tondano?
3475	Kapankah hari kelahiran Yesus diperingati oleh umat Kristiani ?
3476	apakah kepercayaan Taoisme ada di Indonesia?
3477	apakah nama mata uang Belanda ?
3478	dimanakah letak Polandia ?
3479	apakah nama ibukota Kalimantan Timur?
3481	Kapan band Koes Plus dibentuk ?
3485	Apa kepanjangan dari PWI?
3486	Apakah nama huruf yang digunakan oleh para tunanetra ?
3488	Kapan Serbuan Yuan-Mongol ke Jawa terjadi?
3490	siapakah orang tua Freddie Mercury?
3491	kapankah Sultan Mahmud Badaruddin II dilahir kan?
3492	Kapan Perang penyatuan Qin perakhir?
3493	Berapa luas Masjid Agung Bandung?
3494	dimanakah gereja pertama di indonesia?
3497	Apa karya pertama Wolfgang Amadeus Mozart ?
3498	Kapan Festival Istiqlal  pertama kali dimulai ?
3499	siapakah tokoh utama dalam Mahabharata?
3500	Apa maksud renal calyx?
3502	Kapankah Yogyakarta menjadi Daerah Istimewa?
3504	Siapakah Richard III?
3506	siapakah yang menciptakan tabel periodik?
3507	Berapa populasi Kristen Indonesia tahun 2010 ?
3508	apakah yang di maksud dengan hati nurani?
3509	Kapan Museum Rudana dibangun ?
3512	siapakah pencipta SpongeBob SquarePants?
3513	Siapa yang memenangkan Pertempuran Tanjung Esperance?
3515	Kapan Honda Mobilio pertama kali diproduksi?
3516	Apa ibukota provinsi Kalimantan Tengah?
3517	siapakah pendiri Rotary International?
3518	Dari manakah asal air yang menjadi bahan utama pembuatan Aqua?
3519	Kapan Kekaisaran Trebizond didirikan?
3520	Dimana Samantha Louise Lewthwaite lahir?
3521	Siapakah yang menemukan ilmu ekonomi?
3522	Berapa luas Kabupaten Bekasi?
3523	Apakah Jamur kuping bisa dimakan ?
3525	Siapa yang menemukan internet?
3526	Berapa jumlah penduduk Provinsi Jawa Tengah tahun 2015?
3529	Apa yang dimaksud dengan negara Balkan?
3530	Apa nama gunung berapi di Kepulauan Hawaii ?
3531	Siapa pendiri Partai Fasis Nasional?
3534	Apa tujuan utama Proyek lahan gambut satu juta hektar?
3538	apakah tanggapan budha tentang ketuhanan?
3540	Dimanakah lokasi kantor DPR RI ?
3541	Berapa luas wilayah Hong kong ?
3542	Dimana L.B. Moerdani lahir?
3543	Siapa yang mengembangkan Windows XP?
3544	apakah yang di maksud dengan inti-inti atom?
3545	apakah Dana desa masuk dalam Undang-Undang Desa?
3546	Apa yang dimaksud dengan Kitab Ayub?
3547	Apa yang dimaksud dengan proses fotosintesis?
3549	Siapakah yang memerankan Umbridge pada film Harry Potter ?
3550	Dimana Grafena dapat ditemukan?
3551	Dimana letak negara Serbia ?
3552	Kapan Permesta dibentuk ?
3553	Siapakah tokoh utama dalam Mahabharata?
3554	tahun berapakah Tugu Monas mulai dibangun?
3556	Kapan Archimedes lahir?
3557	Apakah bentuk pemerintahan Kekaisaran Persia Akhaimenia?
3559	Darimana asal kopi luwak?
3560	Apa yang dimaksud dengan Amnesia ?
3561	Di umur berapa Avril Lavigne mulai menyanyi?
3562	Berapa jumlah peserta Olimpiade Musim Panas 1952?
3563	Apakah faktor kemunculan zaman pencerahan di eropah?
3564	Ada berapakah lapisan kulit manusia ?
3567	Kapan istilah teknologi muncul ?
3568	Kapan Yin Lihua menikah?
3569	Berapakah jumlah surah dalam al-Qur'an?
3571	Apaakh Nuzi nama daerah di Mesopotamia?
3572	Apa itu virus ?
3573	Kapan Giambattista Pittoni lahir?
3574	Siapa pendiri PT Bintang Toedjoe?
3575	siapakah pangeran zuko di Avatar: The Last Airbender?
3576	apakah penyebab kematian Han Xin?
3580	Berapa jumlah aliran dalam agama Buddha?
3581	Siapa pencipta manga One Piece?
3584	Apa itu sumberdaya terbarukan ?
3585	berapakah jumlah kecamatan di Kabupaten Ciamis?
3586	Kapan Elektroboote dirancang ?
3587	Berapa jumlah cabang dalam ilmu astronomi?
3588	berapakah luas jawa barat?
3590	Kapan Heroes of Newerth dirilis ?
3592	berapakah laus Vietnam?
3593	Apa ibukota Kalimantan Timur?
3595	Apa pengertian dari teologi ?
3596	kapankah Metro TV didirikan pertama kali?
3599	Darimana asal Rinto Harahap?
3601	Siapakah nama kapten yang petama kali menggunakan tank?
3602	Siapakah yang menulis Ihya Ulumuddin?
3604	Kapankah agama Kristen masuk ke Indonesia ?
3606	Apakah Seni Jaranan menggunakan musik latar?
3608	siapakah raja pertama Kasunanan Kartasura?
3610	Apa genre dari The Da Vinci Code?
3611	siapakah pencipta Pesawat pertama kali?
3612	Berapakah ukuran terbesar ular Sanca kembang?
3613	Apa yang dimaksud dengan hutan sekunder ?
3617	Siapakah nabi terakhir dalam Islam?
3618	apakah homoseksualitas di thailand di legalkan?
3619	Berapa luas negara Uni Soviet?
3622	dimanakah Semen ditemukan pertama kali?
3623	Apa ibukota Sri Lanka ?
3624	apakah yang dimaksud dengan gampong ?
3625	apakah nama album pertama The Killers?
3626	Kapan negara Belize berdiri ?
3627	siapakah nama Kaisar Jepang yang terlama?
3629	Apakah definisi sederhana dari reproduksi
3630	ada berapakah rasi bintang yang telah ditemukan?
3631	Apa penyebab terjadinya longsor salju?
3632	apakah nama ibukota Israel?
3633	Siapakah pendiri perusahaan Google ?
3634	Apa itu Pestisida?
3635	Dimana Ludwig van Beethoven dimakamkan ?
3636	Berapa luas wilayah Banyumas ?
3637	Kapan Gereja Asiria Timur didirikan?
3638	Siapa yang menciptakan radio ?
3639	tahun berapakah Elizabeth Angela Marguerite Bowes-Lyon meninggal?
3641	tahun berapakah isaac newton menemukan teori grafitasi?
3643	Apa yang dimaksud dengan villa ?
3644	dimanakah negara yang mempunyai ras tionghoa terbanyak didunia?
3645	Kapan U2 dibentuk ?
3646	berapakah luas kota Lampung ?
3647	Kapan Peperangan Romawi Timur-Bulgaria berakhir?
3648	Siapakah yang menciptakan server pertama kali ?
3649	Apakah peristiwa perubahan wujud dari zat cair menjadi padat?
3652	Apa nama Bandara di Bali ?
3653	Apakah ajaran inti anarko-komunis?
3654	Apakah definisi dari sistem ?
3655	apakah kekuatan Ditto?
3656	berapakah jumlah negara yang menganut sistem demokrasi?
3657	Dari manakah Yudie Chaniago berasal ?
3658	Kapan Custanza lahir?
3659	Apakah nomor atom Karbon?
3660	Dari manakah paham komunis berasal ?
3663	Siapa nama arsitek menara Eiffel ?
3664	Kapan Kiai Haji Zainul Arifin diangkat menjadi wakil perdana menteri Indonesia?
3665	Apa yang dimaksud dengan energi kinetik?
3667	Apa jabatan terakhir Antasari Azhar sebelum didakwa ?
3669	Apakah fungsi resistor arus listrik?
3670	berapakah luas Daerah Istimewa Yogyakarta?
3671	Kapan Battle Realms mulai dirilis ?
3672	Apakah satuan internasional untuk arus listrik?
3673	kapankah Indosiar didirikan pertama kali?
3674	Siapakah pendiri Google ?
3675	siapakah pencipta Kamen Rider?
3678	Dari mana asal film Kamen Rider?
3680	dimanakah kantor pusat PBB?
3682	siapakah karakter utama Dragon Ball ?
3683	Kapan Johann Friedrich Blumenbach lahir ?
3685	Dimana jam terbesar di dunia?
3686	tahun berapakah Ip Man dilahirkan?
3687	apakah nama mata uang  Islandia?
3688	apakah ada cara lain dalam menghasilkan listrik menggunakan lautan?
3689	Bagaimana sistem pemerintahan Jerman ?
3691	apakah penyebab kematian Sargon II?
3693	Kapan televisi mulai digunakan di Indonesia ?
3697	Kapan tembok Berlin dibangun?
3698	Apakah yang dimaksud Injil Sinoptik?
3699	Berapa luas Kabupaten Pemalang?
3700	Kapan Jürgen Klinsmann lahir ?
3702	Kapan  Liga Champions UEFA pertama kali dimulai ?
3703	Dimana letak Skotlandia?
3704	siapakah yang menciptakan Golongan darah?
3705	Kapan pembunuhan Ngô Đình Diệm terjadi ?
3706	berapakah luas area Kesultanan Seljuk?
3707	Dimana letak wilayah Thuringia?
3711	Apakah bahaya longsor salju pada manusia?
3712	Kapan Zhang Liang meninggal ?
3713	Dimana Masashi Kishimoto lahir?
3714	Siapa pendiri Dinasti Ming?
3715	dimanakah Ibnu Rusyd dilahirkan?
3716	Dimana Jayanagara meninggal?
3717	Siapa ketua Partai Demokrasi Rakyat Afganistan?
3719	Pada umur berapa Muhammad menerima wahyu pertama ?
3721	Apa penyebab Li Gui melakukan pemberontakan terhadap Dinasti Sui ?
3722	Siapa yang menciptakan Feromon pertama kali ?
3723	Apa yang dimaksud dengan makhluk hidup ?
3724	Berapa luas Kecamatan Cigugur?
3725	Apa yang dimaksud dengan optik ?
3726	Kapan istilah teknologi ditemukan ?
3729	Berapa luas Sulawesi Utara?
3732	siapakah Gubernur Jambi yang pertama?
3733	berapakah jumlah kerajaan di Yunani?
3734	Berapa lama kekaisaran Romawi berkuasa ?
3735	apakah mata uang Korea Utara?
3736	Tahun berapa Kabupaten Aceh Barat Daya resmi berdiri ?
3737	berapakah jumlah lagu yang diciptakan Is Haryanto?
3739	Dimanakah letak dinasti Joseon ?
3740	dimanakah letak Ethiopia ?
3742	Apakah nama ibukota Jerman ?
3743	apakah nama kitab utama agama Yahudi?
3744	Apakah yang dimaksud dengan konseling ?
3745	Apakah wabah demam Zika dapat menyebabkan kematian?
3746	berapakah luas Kerajaan Madagaskar?
3749	berapakah jenis jahe yang sudah ditemukan?
3751	berapakah besar Matahari ?
3752	Apakah maksud kata Ksitigarbha?
3754	Apa siklus hidrologi?
3755	berapakah luas Kalimantan Selatan ?
3756	Apakah pengertian dari infanteri ?
3757	apakah definisi dari teknologi?
3758	Siapakah nama raja pertama Kerajaan Amanuban?
3760	Berapa luas wilayah Israel ?
3762	dimanakah letak Yunani?
3763	apakah bahan bakar roket?
3764	Ada berapa tuhan dalam Kristen?
3765	Apa yang dimaksud dengan telepon ?
3768	Siapa suami Teungku Fakinah?
3769	Kapan kereta api mulai beroperasi di Indonesia ?
3770	Siapakah Eurysondhy Andrean John Imanuel Mangempis?
3771	Siapa vokalis boyband Beast?
3772	Berapa lama Park Geun-hye  menjabat sebagai presiden ?
3773	berapakah luas kota Mataram ?
3776	Berapa tinggi Menara London?
3777	Kapan Georgy Konstantinovich Zhukov diangkat menjadi komandan militer Uni Soviet ?
3778	Ada berapa cerita pendek yang terdapat dalam Kisah Aneh Liaozha?
3781	Kapan Ay meninggal?
3783	Kapan Telkom Indonesia berdiri ?
3784	apakah Masakan khas Kazakhstan menggunakan daging kuda?
3785	Kapan Aristoteles meninggal?
3786	Apakah beda komputer dan tab?
3789	Berapa luas negara Jerman?
3790	apakah yang dimaksud dengan Kredo Nicea?
3791	Siapa penemu Gaya London?
3792	dimanakah letak Kerajaan Zulu?
3793	Kapan PriPara pertama dirilis?
3794	Kapan Nero Claudius Caesar Germanicus lahir?
3795	Apakah nama dinasti yang berkuasa paling lama di Tiongkok?
3796	Berapa jumlah sastra Inggris Kuno yang ditemukan?
3797	apakah yang dimaksud dengan Nukleon?
3798	dimanakah letak Gereja pertama di Indonesia?
3799	Kapan Kode Etik Jurnalistik Indonesia diwujudkan?
3801	Siapakah ibu nabi Muhammad?
3802	Siapakah istri Soeharto?
3803	Berapakah luas uni soviet ?
3805	Kapan Dinasti Tang berdiri ?
3806	Apakah syarat menjadi pasukan Komponen cadangan?
3810	Di mana letak Taj Mahal?
3812	Apa yang dimaksud dengan  perangkat keras?
3813	apakah yang di maksud dengan suara elektronik?
3814	Kapankah The Beatles berdiri ?
3815	Apa peninggalan sejarah kerajaan Budha terbesar di Indonesia ?
3816	apakah ada standar pisau yang di gunakan dalam seni  Lempar pisau?
3819	umur berapakah Niklas Koppernigk meninggal?
3822	Siapakah istri Baladewa?
3824	apakah mata uang negara india?
3827	Pada umur berapakah nabi Muhammad wafat ?
3829	Siapa raja pertama Dinasti Ottonian?
3831	Apa nama suku asli penduduk Nias ?
3833	kapankah Partai Nasional Indonesia didirikan?
3835	berapakah luas  Republik Tiongkok?
3836	Berapakah luas Samudra Atlantik ?
3837	Apa itu reseptor serpentin?
3838	Apakah pengertian dari Invasi ?
3839	apakah mata uang yang di gunakan di Norwegia?
3840	Adakah bendungan dapat mencegah banjir?
3841	Apa rumah adat Padang?
3842	dimanakah Peristiwa Kudeta Angkatan Perang Ratu Adil terjadi pertama kali?
3844	Apa pengertian dari batuan peridotit?
3845	Dinasti apakah yang terlama di Tiongkok ?
3846	Dimana Festival Film Indonesia 2007 diadakan
3847	Kapan L.B. Moerdani lahir?
3848	Siapa yang menciptakan teori kapitalis ?
3849	Apakah ibukota negara Jerman ?
3850	Apakah yang dimaksud dengan monumen ?
3851	apakah kegunaan tabel Trigonometri?
3854	Apa bahasa yang digunakan mayoritas penduduk spanyol ?
3855	Apa penyebab Kekaisaran Mali jatuh?
3856	apa yang dimaksud dengan kalibrasi?
3857	Kapan perusahaan nokia berdiri ?
3858	apakah pulau Flores memiliki gunung api aktif?
3860	Apakah masjid terbesar di Lampung?
3862	Apakah yang dimaksud dengan ilmu teologi?
3863	Kapan internet mulai digunakan di Indonesia ?
3864	Apa itu alga ?
3866	Siapa penulis Hikayat Völsunga?
3867	Adakah Angkor Wat tercatat dalam UNESCO?
3868	di provinsi manakah Makassar terletak?
3869	Siapa yang membangun  Gereja Pohsarang?
3870	apakah Mahabharata dari kepercayaan Hindu?
3871	Dimana Nissin Food Products lahir ?
3872	Dimana kantor pusat Gainax?
3873	Apakah The Longest Ride film adaptasi novel?
3874	Apakah yang dimaksud dengan Ekspor ?
3875	berapakah jumlah ayat dalam Al Qur'an?
3876	Kapan episode pertama Ultra Maniac ditayangkan?
3879	Apakah makanan khas dari Belgia ?
3880	Kapan Paul Leonard Newman meraih Piala Golden Globe pertama kali?
3881	apakah nama ibukota Vietnam?
3883	Kapan Michael Gerard Tyson mulai menjadi petinju ?
3885	apakah yang dimaksudkan dengan parsec ?
3886	Kapan ilmu psikologi pertama kali ditemukan ?
3889	Apakah Handphone pertama ditemukan?
3890	Apakah yang dikaji dalam ilmu biokimia
3891	apakah nama mata uang negara cina?
3893	apakah Sunan Kudus pernah menikah?
3894	Apakah nama rumah tradisional Minangkabau ?
3895	dimanakah Holografi pertama kali dilakukan?
3897	Apakah GSM pada sistem telepon menggunakan Time-Division Multiplexing?
3898	Pernahkah tim sepak bola Jepang ikut dalam Piala dunia ?
3899	Apa pengertian dari invasi ?
3900	Apakah komik sama dengan manga?
3902	Apakah ambien bisa disembuhkan ?
3903	berapakah batas kadar alkohol yang bisa diminum manusia?
3904	Darimana manga berasal?
3905	Kapankah Kristen masuk ke Indonesia ?
3907	Di kota mana markas Liverpool F.C?
3908	Siapakah Aristoteles ?
3909	Kapan Ernest Miller Hemingway lahir?
3910	Apakah Stasiun TV swasta pertama di Indonesia?
3912	apakah simpol hidrogen dalam tabel periodik?
3913	apakah Moldova memiliki wilayah laut?
3914	Apa itu algoritme?
3916	dari manakah asal wiracarita Mahabharata?
3918	Kapan Raden Wijaya meninggal?
3919	apakah nama kitab utama agama Kristen?
3920	dimanakah letak Maluku?
3921	Siapa yang menemukan istilah teknologi ?
3922	Kapan Pangeran Wallachia lahir ?
3923	Berapa jumlah surah dalam Alquran ?
3927	Apakah isi teori Big Bang?
3929	diamanakah kantor pusat Dana Moneter Internasional ?
3931	Apakah mata uang Portugal?
3932	Apa tujuan dibentuknya Kaum Quaker ?
3933	Apa yang dimaksud dengan pasukan sekutu ?
3935	Kapan Pengepungan Damaskus berakhir?
3936	Bahasa apa yang digunakan pada Epos Gilgames?
3938	kapankah PT KAI di dirikan?
3940	berapakah luas Kamboja?
3941	Siapa pendiri perusahaan Nike, Inc.?
3943	siapakah ratu yang menjabat paling lama di Imperium Britania?
3944	Apa mata uang Spanyol ?
3945	Apa nama lain dari Batavia?
3946	Apakah tugas utama Badan Standardisasi Nasional?
3947	Apa sifat cairan?
3948	diamanakah kantor pusat Google ?
3949	Siapa produser serial tokusatsu?
3950	Siapakah yang menulis cerita Kamen Rider ?
3951	Apa stasiun radio pertama di Indonesia?
3954	Berapa jumlah anggota DPR periode 2009 - 2014?
3955	Apa nama pakaian tradisional jepang ?
3958	Berapa lama Dinasti Qing Manchu berkuasa ?
3959	Apa nama jembatan terkenal di Palembang ?
3960	Apa itu Ligia?
3961	Apakah nama pulau ditengah danau toba ?
3962	Kapan Sima Qian meninggal?
3963	Kapan perusahaan Google Inc didirikan?
3966	Apa yang dimaksud dengan cerita fiksi ?
3967	dimanakah letak Mesir ?
3971	Siapa yang memenangkan Pertempuran Kepulauan Stewart?
3972	Kapan Kereta api Argo Parahyangan pertama kali beroperasi?
3973	Siapakah yang menetapkan Pengukuran Kerja dalam sebuah perusahaan?
3974	berapakah luas Korea Selatan?
3975	Siapa pendiri Metro TV?
3978	siapakah orang tua Pythagoras?
3979	Kapan Nahdlatul Ulama berdiri ?
3980	Berapa luas kota Palembang?
3981	Siapa yang menciptakan keyboard pertama kali ?
3982	Siapa ketua umum pertama Partai Nasional Indonesia ?
3983	Berapa jumlah negara di Afrika Selatan ?
3985	Kapan Salahuddin Ayyubi lahir ?
3986	Bagaimanakah ciri utama Sindrom ovarium polikistik ?
3987	Kapan Naruto pertama kali difilmkan?
3988	Kapan album 1989 dirilis ?
3990	Kapan Karlmann lahir?
3993	Siapa nama putra Custanza?
3994	Apa warna bendera Austria ?
3995	dimanakah letak Turki ?
3996	Berapa jumlah pasal dalam Konstitusi Jepang?
3999	pernahkah Israel diserang negara lain?
4000	Apakah PT Kimia Farma Tbk. adalah perusahaan BUMN?
4001	berapakah berat Panzerkampfwagen VIII Maus?
4002	Kapan Kazimierz II lahir?
4003	berapakah luas Maros?
4004	Berapa lama Perang Diponegoro berlangsung ?
4005	Kapan Cen Wenben lahir?
4006	Apakah yang dimaksud dengan istilah "pekan"?
4007	berapakah jumlah kecamatan yang ada di Yogyakarta?
4008	Kapan Taman Nasional Ujung Kulon diresmikan ?
4009	Kapan Sverre Sigurdsson lahir?
4011	Apakah nama ilmiah pohon mara?
4012	Apakah pesawat pertama yang diproduksi Boeing Commercial Airplanes?
4014	Kapan Pesawat kepresidenan Indonesia pertama terbang?
4016	tahun berapakah AC Milan didirikan?
4017	Apakah Bebandung sebuah puisi?
4018	Apa yang dimaksud dengan unsur kimia ?
4019	Kapankah Gichin Funakoshi lahir ?
4020	berapakah panjang sungai kuning?
4021	siapakah yang menciptakan anime Naruto?
4022	Berapa luas kekuasaan Majapahit ?
4023	siapakah orang tua Erasmus?
4024	Kapan grup Guns N ‘Roses didirikan?
4025	dimanakah agama Islam muncul pertama kali?
4027	Apa itu Konstitusi Apostolik?
4028	Siapa pendiri Dinasti Han Timur?
4029	Kapan kelahiran Nabi Muhammad SAW diperingati ?
4033	Kapan Parlindoengan Loebis lahir?
4034	Di manakah Yusuf bin Najmuddin al-Ayyubi lahir?
4035	berapakah jenis senjata mesin yang digunakan di PD II?
4036	Berapa jumlah korban Perang Vietnam?
4037	Apakah dukun bisa menyembuhkan orang sakit ?
4038	Apa ibukota Jepang ?
4039	Berapa jumlah unsur kimia ?
4040	Dimana Operasi Boomerang terjadi?
4041	apakah nama karya puisi terakhir Michelangelo Buonarroti?
4042	Dimanakah habitat Tapir asia?
4043	Apakah nama national museum di Bagdad?
4044	Dimana letak negara Israel ?
4045	apakah yang di maksud dengan  Insiden Amakasu?
4047	kapankah hari kemerdekaan Korea Selatan?
4048	dari manakah asal Wushu?
4049	Dimanakah letak Timor Timur?
4050	Berapa luas Pulau Misool?
4051	Berapakah panjang gelombang ultra violet?
4052	Apakah satuan SI untuk energi?
4053	siapakah orang tua Ibnu Sina?
4054	kapankah provinsi Sulawesi Barat diresmikan?
4055	Kapan Hayao Miyazaki mulai menjadi sutradara ?
4056	Kapan Kekaisaran Romawi mengalami masa jaya?
4060	Apakah sistem politik Indonesia pada masa Orde Baru?
4061	dimanakah pablo picasso dilahirkan?
4062	Apakah Muhammad bin ʿAbd al-Wahhāb berpaham Wahhabi?
4063	apakah berbicara kepada diri sendiri termasuk salah satu bentuk Komunikasi intrapribadi ?
4064	Apa yang dimaksud dengan lensa ?
4065	Apakah unsur Hidrogen?
4066	Apakah bahasa masyarakat Nepal?
4067	Kapan Kim Dae-jung dilahirkan?
4068	Berapa luas Kecamatan Trucuk?
4070	Apa yang dimaksud dengan sufi?
4071	berapakah luas Uzbekistan?
4072	apakah penyebab Marsekal Philippe Pétain meninggal?
4073	Kapan Masjid Al-Aqsha didirikan?
4074	apakah yang di maksud dengan vestimentum ?
4075	Kapan Dinasti Tang berakhir?
4076	siapakah karakter utama dalam wiracarita Mahabharata?
4077	Siapakah yang menemukan istilah Metafisika pertama?
4080	Kapan pertama kali telepon genggam ditemukan?
4081	Kapan Ani Idrus mulai menjadi wartawati ?
4082	Berapakah mujizat yang dimiliki oleh Yesus?
4083	dimanakah Albert einstein lahir?
4084	siapakah penulis cerita Harry Potter?
4085	dimanakah letak Yogyakarta?
4086	Adakah laptop termasuk teknologi Informasi?
4087	Apa yang dimaksud dengan zaman batu ?
4088	Kapan kristen masuk ke Indonesia ?
4089	Apakah makanan khas dari tegal ?
4090	Apakah ibukota Jerman Barat?
4091	apakah enzim amilase?
4093	agama apakah yang melakukan Penitensi?
4095	apakah Kerajaan Medang sebuah kerajaan Hindu?
4096	Kapan NAMRU-2 didirikan?
4097	Apakah yang dimaksud dengan kromosom ?
4098	negara manakah yang memiliki pemeluk agama Yahudi terbesar kedua di dunia?
4099	berapakah luas Skotlandia?
4101	Apakah penyakit Hepatitis C dapat disembuhkan?
4102	terbuat dari apakah Kertas pertama didunia?
4103	Siapakah tokoh utama dalam wiracarita Ramayana.?
4104	berapakah umur pemeran Harry Potter?
4108	Berapa luas Kalimantan Barat?
4109	Apakah film Dragon Ball Z diangkat dari anime ?
4110	Dimana Patung Buddha dari Bamiyan didirikan?
4113	Selama berapa lama Pyotr I berkuasa?
4115	Apa nama mata uang Brasil ?
4117	Dimana letak Yerusalem?
4119	bisakah Pemanfaatan mikroorganisme digunakan untuk kesehatan manusia?
4120	Apa itu senyawa kimia?
4121	Kapan Mariah  lahir ?
4122	Siapa pendiri koran Jawa pos?
4124	siapakah pengarang novel Siti Nurbaya?
4125	Apa album pertama Arctic Monkeys?
4126	Apa yang dimaksud dengan kesusastraan ?
4127	berapakah luas danau toba?
4128	tahun berapakah Hyundai didirikan?
4130	Apakah aliran musik grup band Arwana ?
4132	Apa bahasa mayoritas yang digunakan masyarakat Kanada ?
4134	Apakah itu aerodinamika?
4135	Apakah ordo Haver?
4138	Berapa luas wilayah Pamona Barat ?
4139	Berapa luas Bolivia?
4142	Apa nama alat pengukur suhu tubuh ?
4143	Siapakah yang membukukan alkitab pertama kali ?
4144	Siapa pencipta karakter Robert "SpongeBob" SquarePants?
4146	Kapankah Babilon direbut oleh kekaisaran Persia ?
4149	siapakah karakter utama Grisaia no Kajitsu?
4152	Kapan Model Rutherford pertama kali diterapkan?
4153	apakah simbol hidrogen di dalam tabel periodik?
4154	Kapan Peristiwa Woyla terjadi ?
4157	Dimana koran Jawa Pos diproduksi?
4158	Apakah ibukota Polandia ?
4159	Kapan filem Ada apa dengan Cinta dirilis?
4160	Darimana asal Erasmus Darwin?
4162	Siapa yang menciptakan baterai ?
4163	apakah bima termasuk karakter antagonis?
4164	Dimana Ernest Miller Hemingway lahir?
4167	Dimana letak Mallorca?
4172	apakah PKI membantu kemerdekaan Indonesia?
4173	Bagaimana terbentuknya Jurang Rhein?
4174	Apa penyebab berakhirnya perang dingin?
4175	Apakah yang dimaksud dengan Sahur?
4178	Kapan Wangsa Piast berdiri ?
4179	Apakah nama ibukota Provinsi Maluku Utara?
4182	Apa nama pantai yang terletak di kabupaten Pangandaran?
4187	buku Harry Potter manakah yang paling banyak halaman nya?
4188	Apakah bahan bakar Balon udara panas?
4189	Berapa luas Kabupaten Klaten?
4190	Apakah mata uang Islandia ?
4191	Kapan Dinasti Ming didirikan?
4192	Siapa pendiri Dinasti Han?
4193	Apa itu energi solar?
4194	Berapa luas Jepara ?
4195	berapakah jumlah anggota The Beatles?
4196	Apakah nahasa yang digunakan di korea selatan?
4197	Siapa yang menggagas cultuurstelsel di Indonesia?
4200	berapakah luas  Kotabaru?
4204	Kapan Esri  berdiri ?
4205	berapakah luas Cirebon?
4206	dimanakah letak Polandia?
4208	apakah yang dimkasud dengan Madaniyah?
4212	Apakah Panggilan konferensi memerlukan koneksi internet?
4213	Dari mana istilah pornografi berasal?
4218	Apa stasiun TV yang menyiarkan Indonesian Idol?
4219	Berapa luas Kota Jambi?
4220	Kapan Dinasti Qing berakhir?
4222	Siapa yang dimaksud dengan politikus ?
4223	Apakah nama ibukota Kalimantan Timur?
4224	Kapan Pertempuran Moskwa terjadi ?
4225	Darimana asal Kopi Toraja Robusta?
4228	apakah nama mata uang korea utara?
4229	Apakah ibukota Israel?
4230	Tanggal berapa Dan Duniapun Tersenyum dirilis?
4231	Dari manakah sumber air Irigasi?
4233	Apa itu tanam paksa?
4234	dimanakah letak  Karang Penghalang Besar?
4235	Apakah ibukota Papua Nugini?
4236	Apakah singkatan dari MIDI?
4237	Kapan pembentukan Liga Arab?
4238	Apakah pengertian fisika kuantum?
4239	Apa itu Power Line Communication?
4240	dimanakah koran pertama kali diciptakan?
4241	Siapakah raja pertama Kesultanan Mataram?
4242	Kapan tim balap Scuderia Ferrari didirikan?
4243	Siapa yang memenangi Pertempuran Laut Karang ?
4244	Apa itu semantik?
4245	untuk apa lemak paus digunakan?
4246	Kapankah ilmu ekonomi pertama kali ditemukan ?
4247	apakah jejaring sosial pertama di dunia?
4249	Kapan Paul Simon lahir ?
4250	berapakah luas Kota Depok?
4253	Dikenal sebagai apakah Henry Dunant?
4255	Siapa pendiri Esri ?
4256	kapankah J.K. Rowling menciptakan Harry Potter?
4257	Siapa ayah Bolesław I Chrobry?
4258	Kapan Indonesia merdeka ?
4262	Apakah judul single pertama girlband Secret?
4263	berapakah jarak bumi ke Bulan?
4264	berapakah luas benua afrika?
4266	siapakah pencipta Lego ?
4267	apakah makanan khas Minangkabau ?
4268	berapakah luas kota Payakumbuh?
4269	Berapa luas daerah kekuasan Turki Seljuk ?
4270	Ada berapakah sel dalam tubuh manusia ?
4271	Kapan Toyotomi Hideyori lahir?
4272	Dimanakah letak Laut Mati ?
4273	Apakah pengertian Skisma Timur–Barat?
4274	Kapan nabi Muhammad lahir ?
4275	berapakah luas Kabupaten Sekadau?
4276	Kapan pemerintahan Gugghiermu I dimulai?
4277	Apa tujuan Kampanye Selat Sunda?
4278	Kapan teks pertama kali ditemukan ?
4279	apakah yang dimaksud dengan Liberalisme?
4280	Kapan pemerintahan Orde Baru dimulai ?
4282	kapankah The Beatles dibentuk?
4283	Kapan film Frozen dirilis?
4285	Apakah yang dimaksud dengan sistem pemerintahan Demokratik?
4286	Apa nama brand handphone pertama yang menggunakan sistem layar sentuh ?
4287	Dimana kota kelahiran René Descartes?
4289	Bagaimana cara reproduksi hewan vertebrata?
4290	Kapan Republik Ghana merdeka?
4291	Siapa ibu Li Bian?
4293	Dari mana istilah Olibanum berasal ?
4294	Ada berapa jumlah suku di Indonesia?
4295	Kapan Idi Amin mulai menjadi anggota militer?
4296	Apa itu distribusi?
4297	Apakah Peter Jackson mensutradarai semua serial film The Lord of the Rings?
4298	dimanakah letak India ?
4300	Tanaman apa yang digunakan untuk menghasilkan Pewarna indigo?
4301	Dimanakah letak pusat pemerintahan negara Malaysia ?
4302	Siapakah yang menciptakan telegraf ?
4305	Berapakah luas wilayah Myanmar ?
4306	Kapan Haile Selassie I menjadi kaisar Ethiopia?
4308	Dimana letak Candi Borobudur?
4309	Siapa raja pertama Dinasti Ming?
4310	Apakah nama organisasi terbesar bagi negara-negara Asean ?
4312	Dimana letak Keraton Yogyakarta?
4313	Dimana kantor pusat Google Inc?
4314	apa yang di maksud dengan Makkiyah?
4316	berapakah luas  Samudra Pasifik?
4317	Apakah orang yang mengeluarkan nifas boleh melakukan hubungan suami istri?
4321	Siapa nama istri Dato’ Sri Tahir ?
4322	apakah nama ibukota Suriah?
4323	Kapan F1 pertama kali diadakan ?
4325	Siapa yang menciptakan tabel periodik ?
4326	kapankah provinsi Sulawesi Barat diresmikan pertama kali?
4327	kelahiran tahun berapakah orang-orang yang lahir pada generasi Baby boomers ?
4328	Dimanakah letak kekaisaran Commagene ?
4329	Dimana Salomo meninggal?
4330	Kapan Ban Ki-moon menjabat menjadi diplomat Korea Selatan ?
4331	Kapan Paus Yohanes XXIII lahir?
4333	dimanakah Munir Said Thalib dilahirkan?
4335	Kapan nabi Muhammad meninggal ?
4336	Apakah semua tumbuhan mengalami fotosintesis?
4337	Apa yang dimaksud dengan web ?
4339	Apakah ibukota Jepang?
4341	Dari manakah agama yahudi berasal ?
4342	Apakah iklim di Samudra Arktik ?
4343	Apakah siklus nitrogen dapat terjadi secara nonbiologis?
4345	Kapan Madrasah Aliyah Negeri Insan Cendekia pertama dibangun ?
4347	Kapan papua resmi menjadi sebuah provinsi ?
4348	Apa warna benderea Serbia ?
4349	berapakah luas Benua Asia?
4350	Apakah produk pertama dari Dagadu ?
4351	Dimana Edward dibesarkan?
4352	Siapakah Yesus dalam Kristen?
4353	Dimana Nicola Sacco dan Bartolomeo Vanzetti ditangkap?
4354	Kapan hari kemerdekaan Serbia  ?
4355	Apa nama gereja terbesar di Roma ?
4357	siapakah yang menciptakan mesin uap pertama kali?
4360	Bagaimanakah sistem keturunan dalam budaya sunda ?
4361	Berapa ketinggian Empire State Building?
4363	apakah penyebab kematian Teuku Umar?
4364	Apa faktor utama penyebab Peperangan Romawi Timur-Bulgaria?
4365	berapakah jumlah kabupaten di Provinsi Jawa Tengah?
4366	Apa pendidikan terakhir LetJend. Arthur Ernest Percival?
4367	Kapan kerajaan Yudea berdiri ?
4368	Kapan Perjanjian Kemitraan Ekonomi Menyeluruh Indonesia dan Uni Eropa ditandatangani?
4370	Siapa pemeran utama Tutur Tinular versi 2011?
4371	Apa nama universitas pertama di Bandung?
4372	Apakah Candy Candy pernah difilmkan ?
4373	Siapa yang mendirikan MIS Miftahul Jannah?
4374	Ada berapa pulau di Kepulauan Bangka Belitung?
4376	Apakah  mesin jet dan mesin roket termasuk dalam mesin pembakaran dalam?
4377	Dimana Rodosena dapat ditemukan?
4378	Siapakah tokoh utama serial Friends ?
4379	berapakah luas Situs Karangkamulyan?
4380	Siapakah yang menciptakan telepon pertama kali  ?
4382	Apa nama album pertama Taylor Swift ?
4383	Dimana Albatros pertama ditemukan?
4384	Apa itu Kontes Lagu Eurovision ?
4385	Apakah nama koran pertama di Indonesia?
4386	Apakah fungsi asli uang?
4388	Kapan Wu Zetian lahir?
4389	berapakah jumlah karakter huruf pada bahasa arab?
4390	Apakah warna bendera Jepang ?
4391	Siapa pendiri Universitas Cambridge?
4392	Berapa kecepatan cahaya ?
4394	Apa itu Fonologi?
4395	kapankah India resmi menjadi negara?
4396	negara manakah yang mempunyai jaringan Internet pertama kali?
4397	Apa kepercayaan masyarakat Minahasa?
4398	berapakah luas Kabupaten Sambas?
4399	Dari manakah asal Dinasti Sui?
4400	Kapan Vasco da Gama pertama kali mulai menjelajah ?
4402	Dimana George McTurnan Kahin lahir ?
4403	Kapan olahraga Sumo pertama kali muncul ?
4404	Dimana kapitalisme pertama kali muncul ?
4406	Berapakah luas dataran Pulau Jawa?
4407	Berapa luas Kekaisaran Qing?
4408	Apakah hubungan PBB denagn Perdamaian dunia?
4409	Kapan Hiroshima di Bom?
4410	Pada tahun orang Turki pertama kali masuk ke Jerman ?
4411	apakah Wasabi pedas?
4412	Apakah arti dari kata Minangkabau ?
4416	Siapa yang terlibat dalam Perjanjian Lisboa?
4418	Disebut apakah penulis berita ?
4419	Berapa jumlah cabang dalam klan Minamoto?
4420	siapakah pencipta komputer?
4422	Kapan Toyota Motor Corporation didirikan?
4423	Kapankah Windows diciptakan ?
4424	Siapa yang memerankan Hulk dalam serial Avengers ?
4425	Apa ibukota Polandia?
4426	Apakah pengertian dari komunisme ?
4427	Apa yang dimaksud dengan radikal bebas?
4428	siapakah pencipta internet?
4429	Kapan Kaisar Tang Gaozu meninggal ?
4430	Kapankah kelahiran nabi Muhammad ?
4431	Berapa jumlah provinsi di Sulawesi ?
4432	apakah kode telepon belanda?
4433	siapakah penerus Erlangga?
4434	Berapa luas Provinsi Lampung?
4437	apakah MSDM mencakup ilmu komunikasi?
4438	Apakah ibukota Pulau Paskah?
4439	Berapa luas kerajaan Banjar?
4440	Siapakah pendiri Apple Computer?
4441	Apakah prinsip dasar Ekonomi ?
4448	apakah Garuda Indonesia mempunyai kerja sama dengan Airbus S.A.S?
4450	berapa lamakah Ikan asin bisa mengalami kadaluarsa?
4453	Berapa luas samudera Pasifik ?
4455	siapakah penemu inframerah?
4456	apakah Hidayat Martaatmaja pernah menikah?
4457	Apakah yang dimaksud dengan planet ?
4458	Berapa jenis Vitamin?
4459	Apakah moto Satuan Bravo 90?
4461	Siapa yang menciptakan kamera pertama ?
4462	berapakah luas matahari?
4463	apakah nama ibukota Afganistan ?
4464	Kamera jenis apakah yang digunakan oleh Operator kamera?
4465	dimanakah letak Pulau Halmahera?
4466	Siapa yang memerankan karakter Arini ?
4468	Apa yang dimaksud dengan budaya ?
4469	kapankah dinosaurus punah?
4470	Siapa pendiri PT Indonesia Asahan Aluminium?
4473	Apa ibukota negara Italia?
4476	apakah nama ibukota Kalimantan Barat?
4477	Kapan Dinasti Tang runtuh?
4479	Kapan abad milenium dimulai ?
4480	Siapa pendiri perusahaan Windows?
4482	apakah penyakit HIV/AIDS menyerang sistem imun?
4483	Kapan Perang Salib Pertama terjadi ?
4484	berapakah kekuatan bom atom di hiroshima dan nagasaki?
4486	siapakah pencipta mesin uap?
4490	siapakah murid yesus yang berhianat?
4491	berapakah kerugian indonesia atas kasus e-KTP?
4493	Siapa saja personil dari Arctic Monkeys?
4494	Darimana gamelan berasal ?
4495	Bagaimana cara kucing berkembang biak ?
4496	Apakah candi Borobudur candi agama Hindu?
4497	Kapan Manga pertama kali ditemukan ?
4498	Apakah kepercayaan mayoritas penduduk Bangkok?
4499	apakah negara berpopulasi Islam terbesar kedua di dunia?
4501	Apa yang dimaksud dengan rasi bintang ?
4502	Kapan siaran SCTV pertama kali muncul ?
4504	Apa pekerjaan Émile Durkheim?
4505	Siapa penulis komik Marvel  ?
4507	Kapan Hipotesis Bumi Bola Salju pertama diterapkan?
4508	berapakah luas kota Paris?
4511	Apa maksud kata Giroskop?
4513	Siapa pendiri candi Borobudur?
4515	Siapa penemu telepon genggam?
4518	kapankah Isaac newton meninggal dunia?
4521	Dimanakah sunan kalijaga menyebarkan Islam ?
4522	Apakah genre musik Adam David Willard ?
4523	apakah yang dimaksud dengan atom ?
4524	Apa itu cultuurstelsel?
4525	Dimana Amelia Elizabeth Dyer née Hobley diadili?
4530	bisakah etanol dikonsumsi manusia?
4531	apakah nama mata uang yang digunakan oleh Estonia?
4532	berapakah luas negara Afganistan?
4533	Apakah Ibnu Taimiyah seorang ilmuwan Islam?
4534	Ada berapa aspek dalam kontrol diri?
4535	Apakah definisi dari kebudayaan ?
4538	apakah nama ibukota belanda?
4539	Kapan PlayStation pertama kali dirilis ?
4540	Kapan William Godwin lahir?
4541	Apa mata uang jepang?
4542	kapankah radio pertama kali diciptakan?
4543	kapankah Gedung Sate dibangun pertama kali?
4544	Apa nama peristiwa besar yang terjadi pada saat presiden Soeharto diturunkan ?
4545	apakah agama mayoritas di Israel?
4546	Apa simbol hidrogen dalam tabel perodik ?
4547	Kapan Kristen pertama masuk di Indonesia?
4548	siapakah arsitek Gedung Sate?
4550	Apa nama mata uang Ukraina ?
4552	Siapa pemimpin Gereja Protestan Indonesia di Donggala?
4553	Apa yang dimaksud dengan intranet?
4554	Dimanakah letak Sisilia ?
4555	Siapakah yang mendirikan  John F. Kennedy Space Center?
4556	Siapa pencipta seni bela diri Jeet Kune Do?
4557	apakah yang dimaksud dengan peradaban ?
4558	Apa itu DNA ?
4559	berapakah luas El Salvador?
4560	kapankah Serikat Yesus didirikan?
4561	Dimanakah Pertempuran Iwo Jima berlangsung ?
4562	Apakah ibukota Korea Selatan?
4563	siapakah pendiri koran kompas?
4565	berapakah luas Yerusalem?
4566	Berapa besar wilayah kekuasaan Dinasti Tang?
4568	Berapa hari dalam satu tahun?
4570	Apa yang dimaksud dengan otonomi daerah?
4571	apakah yang dimaksudkan dengan surah makkiyah?
4573	berapakah jumlah episode Garuda BIMA-X?
4575	Apa fungsi AdSense?
4576	kapankah Beauty and the Beast pertama kali dirilis?
4577	Apakah matahari termasuk bintang?
4578	Apa jenis kucing terkecil di dunia ?
4580	Apa film pertama Bruce Lee?
4581	Apa nama tempat wisata terkenal di Kota Payakumbuh?
4583	Apakah warna kostum Goku?
4584	Kapan Proyek lahan gambut satu juta hektar dijalankan?
4585	Kapan Raden Mas Soewardi Soerjaningrat memasuki dunia politik?
4587	berapakah luas negara vietnam?
4588	apakah ras kucing terkecil didunia?
4591	Berapa luas Sarawak?
4592	siapakah pemimpin partai Gerindra tahun 2015?
4594	apakah Marcell Siahaan pernah menikah?
4595	Apakah yang dimaksud dengan konduksi ?
4597	Apa itu gangguan Bipolar?
4602	Kapan Daisetz Teitaro Suzuki mulai menulis buku ?
4606	Apa yang dimaksud dengan gambar tiga dimensi ?
4607	Apakah nama ilmiah pisang ?
4609	Apakah agama Bahá'í percaya pada tuhan?
4610	apakah Tama masih hidup?
4611	Apakah bahasa resmi Bolivia?
4612	Apa itu Schutzstaffel Jerman?
4614	Siapa yang menemukan pesawat terbang pertama kali ?
4615	Kapan gunung Mauna Loa pertama meletus?
4616	siapakah penemu telepon pertama?
4618	berapakah luas Azerbaijan?
4619	Berapa luas wilayah Semarang?
4620	Siapakah nama pemimpin umat dalam agama Yahudi ?
4621	Apa yang dimaksud dengan pigmen ?
4622	Siapakah kaum minoritas di Turki ?
4623	Kapan kitab taurat diturunkan ?
4624	Apa yang dimaksud dengan Waveface Casa?
4625	Apakah Islam mempercayai Kehidupan setelah kematian?
4626	tahun berapakah Illumination Entertainment didirikan?
4627	Siapa yang menemukan ilmu biokimia ?
4629	Apakah pertunjukan Reog menggunakan musik latar?
4630	Apakah serial gundam merupakan tokoh robot ?
4631	Siapa yang meliris JAWS?
4632	apakah agama mayoritas di Jepang ?
4635	Apa fungsi dupa ?
4636	Berapa luas negara Uzbekistan ?
4637	Dimana pembentukan Liga Delos?
4638	Dimanakah kerajaan Vandal berkuasa?
4641	Berapa populasi kota Bekasi tahun 2014?
4642	Apakah warna bendera Kolombia?
4643	Kapan Irma Hardisurya mulai menjadi jurnalis?
4644	Kapan Windows 3.1 x pertama dirilis?
4645	dimanakah letak Habsburg ?
4646	Kapan Kenshiro Abbe memperkenalkan aikido ke Inggris?
4649	Apa yang dimaksud dengan Persemakmuran ?
4651	Berapa suhu normal tubuh manusia sehat ?
4652	Kapankah Universitas Indonesia dibangun ?
4653	Dari mana asal Wolfgang Amadeus Mozart ?
4654	Dimana letak anak sungai Hinterrhein?
4655	kapankah Pengeboman Pearl Harbor terjadi?
4656	apakah Koran yang pertama di Indonesia?
4657	Kapan Audre Lorde meninggal?
4659	Berapa lama presiden Soeharto menjabat ?
4660	Kapan Dinasti Han berdiri ?
4661	Dimanakah leteak Algemene Middelbare School?
4662	Kapan belanda masuk ke Indonesia ?
4664	Apakah pengertian filsafat proses?
4666	Dimanakah letak Hutan Kabaty?
4667	Kapan PT Kereta Api Indonesia berdiri ?
4668	Berapakah luas wilayah Skotlandia?
4670	berapakah luas Kazakhstan ?
4671	dimanakah kantor pusat Sony PlayStation?
4672	Siapa pendiri Uni Eropa?
4673	Dimana Ludwig Ingwer Nommensen meninggal?
4674	dari manakah asal daging wagyu?
4675	Adakah E-commerce termasuk teknologi Informasi?
4676	Dimankah letak Asyur ?
4680	Kapan Yang Pu lahir?
4681	Apa yang dimaksud dengan fosil ?
4682	Kapan Invasi Jerman terjadi?
4683	Kapan Candi Prambanan dibangun ?
4684	Apa mata uang Malaysia?
4686	tahun berapakah ajang ajang Miss Universe didirikan pertama kali?
4687	apa yang dimaksud dengan Etnografi ?
4688	Apakah nama ibukota Israel ?
4689	Siapa pengisi suara Maleficent?
4691	kapankah gitar listrik pertama kali diciptakan?
4692	apakah penyebab kematian Isaac newton?
4694	Dimana kantor pusat Lippo Group?
4696	dari manakah asal daging kobe?
4697	Dari manakah agama Kristen protestan berasal ?
4698	Kapan ilmu psikologi pertama kali muncul ?
4702	dimanakah kantor pusat Walt Disney Animation Studios?
4703	Kapan kerajaan Negeri Sembilan  terbentuk ?
4704	Ada berapa serial Naruto ?
4705	Siapa nama pendiri Yahoo! Inc.?
4706	Siapa ibu Teungku Fakinah?
4707	siapakah rektor  pertama Universitas Islam Negeri Antasari ?
4708	Apa itu proses fototrof?
4709	Apa itu hominini?
4710	Berapa luas  masjid Istiqlal?
4711	Apa manfaat dari Helium ?
4715	Berapa luas  Desa Tana Toa?
4717	siapakah orang tua Catherine Parr?
4718	Kapan Mac OS X dirilis ?
4719	Apa yang dimaksud dengan kanselir ?
4720	Dimana Pangeran Xia meninggal?
4721	Kapan Dinasti Qing berdiri ?
4722	berapakah laus pulau jawa?
4724	Apakah peran Moeffreni Moe’min dalam mencapai kemerdekaan Indonesia?
4725	Kapan latar belakang terjadinya Pertempuran Tassafaronga?
4726	apakah kekuatan Pokemon Pikachu?
4727	apakah arti Fussilat?
4728	apa nama video game pertama di dunia ?
4730	Kapan Hindu masuk ke Indonesia ?
4734	Kapan Clifford Geertz lahir?
4737	siapakah uskup yang pertama di Indonesia?
4738	apakah arti kata Boven Digoel?
4739	Siapa pemain utama Ishq Subhan Allah?
4740	Kapan Muhammad Saleh Werdisastro lahir ?
4741	kapankah negara Israel didirikan?
4743	tahun berapakah David Archuleta masuk American Idol?
4744	apakah nama mata uang albania?
4747	Abad ke berapa Penaklukan Hispania terjadi?
4748	berapakah luas Bandar Udara Internasional Kualanamu?
4749	apakah Yogyakarta terletak di Provinsi Jawa Tengah?
4750	Siapakah yang mengembangkan Call of Duty: Black Ops?
4751	kapankah Fakultas Hukum Universitas Indonesia didirikan?
4752	Kapan program transmigrasi pertama kali dimulai ?
4753	berapakah luas Candi Ijo?
4754	Berapa luas wilayah Sardinia?
4755	Kapan Drs. Cornelis, M.H lahir ?
4756	Kapan Bluetooth pertama kali diciptakan ?
4757	Berapa lama masa pemerintahan Dinasti Tang?
4758	Dimana letak wilayah Sisilia ?
4759	Siapakah pemenang The Amazing Race?
4762	Siapa sultan Kayu Tangi pertama?
4763	siapakah orang tua Avram Noam Chomsky ?
4764	tahun berapakah Masashi Kishimoto dilahirkan?
4765	Kapan radio pertama kali digunakan di Indonesia ?
4766	Siap raja pertama Kesultanan Serdang?
4767	Kapan Indosiar berdiri ?
4768	Siapakah yang terbunuh dalam pembunuhan keluarga Sakamoto?
4770	Dimana letak Tanjungkarang?
4771	apakah yang dimaksudkan dengan  negara Nordik?
4772	Apa genre komik Detektif Conan?
4773	Berapa lamakah presiden Soeharto menjabat ?
4774	kapankah VOC didirikan?
4775	Kapan PHIS  didirikan ?
4777	Kapan Al-Quran diturunkan?
4778	Apa yang dimaksud dengan kelasi ?
4780	Apa yang dimaksud dengan tunanetra?
4781	Kapan Kamen Ride pertama kali tayang di TV?
4782	Kapan kereta api pertama kali beroperasi di Indonesia ?
4783	apakah nama Komputer tablet pertama ?
4785	Apakah Skype memiliki fitur Panggilan konferensi?
4786	apakah yang di maksud teks masoret?
4787	Kapan perusahaan Ubisoft berdiri ?
4789	Apakah yang dimaksud distribusi?
4790	Berapa lama Perang Banjar terjadi?
4791	Kapan telegraf pertama kali ditemukan ?
4792	Di channel apa siaran Stand Up Comedy Indonesia ditayangkan?
4794	Apa itu Wii ?
4795	Berapakah jumlah huruf pada alfabet rusia?
4796	Apakah agama Kristen menyakini kehidupan setelah mati?
4801	apakah penyebab kematian Mieszko I?
4803	Kapan Biola pertama kali ditemukan?
4804	Siapa yang menemukan ilmu gravitasi?
4806	Dimana letak stasiun Gambir?
4807	Adakah proses Fotosintesis memerlukan cahaya matahari?
4809	Siapakah ayah nabi Muhammad?
4810	Berapa luas Turki?
4812	Apakah kepercayaan bangsa Kerinci?
4813	apakah jenis mesin yang digunakan Mikoyan-Gurevich MiG-23?
4814	Apakah kelemahan konsep Waveface?
4815	Siapakah yang mendirikan Olympic Airlines?
4817	Apa warna bendera Italia ?
4820	Siapa presiden pertama indonesia ?
4821	Dari manakah asal komik Detektif Conan?
4822	Dimana letak Banteay Kdei?
4823	Apa itu ekosistem?
4826	apakah Michael Schumacher masih mengikuti Grand Prix F1 Kanada 2005?
4827	Termasuk kedalam provinsi apakah Kepulauan Raja Ampat?
4828	Kapan PT Indonesia Asahan Aluminium didirikan?
4829	Apakah makanan tradisional kota Garut?
4830	Dimana kantor pusat Walt Disney Animation Studios?
4831	Siapakah Presiden Meksiko pertama >
4832	apakah ada kerajaan Minangkabau?
4833	Pada suhu berapa salju meleleh?
4834	Berapakah daya tampung Masjidil Haram ?
4835	Apakah ibukota Thailand ?
4837	Di wilayah mana danau Toba berlokasi ?
4839	Kapan anime muncul di Jepang ?
4841	berapakah luas Spanyol ?
4843	Kapan Emigrasi  pertama Jepang terjadi ?
4844	Apa yang dimaksud dengan shogun?
4845	dimanakah  Nicholshon  dilahirkan?
4846	Apa itu hewan copepoda?
4847	siapakah Grandmaster termuda di dunia?
4848	Apakah jasa Ranggalawe pada Kerajaan Majapahit?
4849	apakah yang dimaksud dengan Cendawan ?
4851	Berapa luas wilayah Probolinggo?
4853	Siapa nama juri  Mamamia Show pertama ?
4854	Apakah ibukota Yugoslavia?
4855	apakah fungsi sunat terhadap Penis manusia?
4856	Apakah pekerjaan Timothy John Russert sebelum menjadi jurnalis?
4859	Berapa luas Jepang ?
4863	Apa itu Sintaks?
4866	Dari mana istilah UFO berasal ?
4867	Siapakah pendiri Mc.Donald?
4869	apakah Joseph Patrick "Joe" Kennedy mempunyai isteri?
4870	dimanakah danau Toba?
4871	Apa pengertian dari filsuf ?
4873	Apakah yang dimaksud dengan karya sastra ?
4875	Apa itu surrah Makkiyah?
4878	Apakah ibukota Skotlandia ?
4879	Apa nama band Hillel Slovak?
4880	Apa yang dimaksud dengan RNA?
4882	berapakah dana APBN yang digunakan untuk e-KTP?
4884	kapankah Kerajaan Melayu pertama kali berdiri di sumatera?
4885	Berapa umur Aljaž Bedene pertama kali main tenis?
4887	Kapan istilah bank pertama kali muncul di dunia ?
4890	Dimana letak Turki Seljuk ?
4892	apakah komunikasi hewan bisa dipelajari oleh manusia?
4894	Mengapa Kerajaan Joseon berakhir?
4895	Siapa ibu Toyotomi Hideyori?
4896	Di manakah letak Howard University?
4899	siapakah pencipta Gundam?
4900	Ada berapa jumlah negara di Uni Eropa?
4901	Apakah sistem pemerintahan Amerika Serikat?
4902	Dimana letak Pantai Gading?
4903	berapakah episode anime Bleach?
4904	tahun berapakah M.net didirikan?
4905	Berapa luas wilayah Eropa?
4907	Adakah Pandemik sebuah virus?
4908	berapakah panjang  jalur kereta api di Tokyo?
4909	siapakah karakter utama dalam Avatar: The Legend of aang?
4910	Berapa luas Papua?
4911	Kapan istana pagaruyung dibangun ?
4913	Siapakah yang memproduksi serial Supernatural ?
4914	kapan Michael Gerard Tyson  lahir ?
4915	Siapakah yang menulis Detektif Conan?
4916	Apakah salah satu peninggalan besar era Paleolitikum ?
4917	Apa yang dimaksud devisa negara?
4918	Apakah kepanjangan dari daring ?
4920	berapakah luas provinsi Jawa Tengah?
4923	Apakah kegunaan Dihidroksilasi asimetris Sharpless?
4926	siapakah penerus Konstantinus Agung?
4927	berapakah luas kota Kebumen?
4930	apakah penyebab kematian Martin Luther?
4933	Kapan Asmara Nababan menjadi anggota  Komnas HAM?
4934	Siapa tokoh utama dalam kisah Percy Jackson & Dewa-Dewi Olympia?
4936	Siapakah yang memerankan tokoh Hermione dalam film Harry Potter ?
4939	berapakah luas Pulau Jawa?
4941	Berapakah jumlah Desa di kota Malang?
4942	siapakah isteri Joko Widodo?
4943	Apa itu Kampanye Gurun Barat?
4944	Apakah nama lain dari Sungai Kongo?
4945	Apa suku asli penduduk  Jawa Tengah?
4947	Dari partai apakah Donald Trump berasal ?
4949	Apakah kepanjangan dari IAIN?
4950	Dari mana kisah Ramayana berasal ?
4951	apakah Nasi jollof bisa menggunakan nasi basmati?
4953	Kapan Pertempuran Tassafaronga terjadi ?
4954	Berapa lama Napoleon Bonaparte memerintah Prancis ?
4955	Kapan Raja Prajadhipok lahir?
4957	berapakah luas Kabupaten Blitar?
4959	Kapan PT Bintang Toedjoe didirikan?
4961	berapakah luas korea utara?
4963	Kapan Jagatara Oharu meninggal?
4965	Apa jabatan Joko Widodo sebelum menjadi presiden ?
4967	Kapan Kerajaan Majapahit didirikan?
4969	Dimana letak gudang Sinagoge Ben Ezra?
4970	Kapan  Ikatan Arsitek Indonesia dibentuk ?
4971	Berapa lama Perang Korea berlangsung ?
4972	Apakah agama yang memepengaruhi pembangunan  Angkor Wat?
4973	Apakah perbedaan Marxisme dan Anarkisme?
4974	Kapan Santo Petrus meninggal?
4975	Siapakah pencipta karya Mahabharata?
4976	Kapan Achmad Djajadiningrat diangkat menjadi bupati Serang?
4978	apakah nama mata uang Irak?
4980	dimanakah kantor pusat PT Kertas Kraft Aceh?
4981	Apakah Alamat IP versi 4 digunakan pada komputer?
4983	Apa itu aktinida?
4987	Dari manakah asal pasukan Trunajaya ?
4988	apakah yang dimaksud dengan Teologi Kristiani?
4989	Berapa tahun Portugis menjajah Indonesia?
4990	Berapa luas Kecamatan Bojonggenteng?
4992	Apakah sistem pemerintahan negara Taiwan?
4993	Apa peninggalan Hindu terbesar di Indonesia ?
4995	Siapakah Ibu Andreas Soewijata Henrisoesanta?
4998	Kapan Dinasti Nguyễn berakhir?
4999	siapakah sutradara dari serial animasi Phineas dan Ferb?
5001	Kapankah hari kemerdekaan Israel ?
5002	Berapa luas wilayah Laut Hitam?
5004	Apa bahan dasar utama pembuatan keju ?
5005	Kapan China berubah menjadi negara Republik ?
5006	Apakah Seoul dilalui Sungai Han?
5008	Apa pengertian Seni menurut Sudarmaji?
5011	kapankah Kristen masuk di Indonesia?
5012	Kapan episode Extraordinary Merry Christmas dari serial Glee dirilis ?
5013	apakah nama Pesawat yang terbesar pernah dibuat?
5015	Kapan industri perfilman muncul di dunia ?
5016	Di manakah habitat hewan reptil?
5018	Apa itu manga ?
5019	apakah penyebab kematian Du Ruhui?
5020	Dimanakah Pameran kedirgantaraan pertama dilakukan ?
5021	Kapan Nazi mulai berkuasa di Jerman ?
5022	Apa itu Gastronomi praktis?
5023	Apakah teknologi yang menggantikan Compact Cassette?
5024	apakah nama kitab suci Yahudi ?
5025	Darimana kata Parmalim berasal?
5026	apakah mata uang mesir?
5027	Berapa lama Dinasti Tang berkuasa ?
5029	siapakah isteri Utsman bin Affan?
5030	berapakah luas provinsi Jambi?
5032	Apa itu kasino ?
5033	kapankah Uni Eropa didirikan?
5034	berapakah luas negara Jerman ?
5035	Siapakah penanyi reggae yang terkenal di dunia ?
5036	Apa itu EHF ?
5038	Berapakah umur Shafiyah binti Huyay ketika menikah dengan nabi Muhammad ??
5039	Apakah yang dimaksud dengan resistor listrik?
5041	Apakah ibukota Kanada ?
5042	Apa yang dimaksud dengan Opera Komedi?
5043	Apa cabang specialis dokter pembuatan gigi palsu?
5045	Dari manakah asal Stola ?
5046	siapakah yang menemukan molekul pertama kali?
5048	Apakah warna bendera korea selatan ?
5049	Apakah nama tujuh kepala badan pengambil keputusan dari Uni Eropa?
5050	Apa yang dimaksud dengan ideologi konservatif?
5052	Apakah nama ibukota Jepang?
5054	apakah mata uang  Korea Utara?
5055	Apa ciri-ciri tumbuhan lumut?
5056	Apa pengertian dari organisme ?
5057	Apa itu Teologi?
5058	berapakah sekuel Harry Potter yang telah difilemkan?
5060	Apa itu Stroke hemorragik?
5061	kapankah ilmu kimia dipelajari oleh manusia?
5062	Berapa luas kota Kampar?
5063	berapakah jumlah Negara-Negara Persemakmuran?
5065	Siapakah penulis Petualangan Tintin?
5066	Apa nama ibukota Provinsi Sulawesi Utara?
5068	Apaka yang dimaksud dengan kimia organik?
5069	Siapakah yang menemukan istilah frekuensi ?
5070	Apakah nama film pertama buatan Indonesia ?
5072	apakah nama mata uang Pakistan ?
5073	Apa itu unsur silikon?
5076	berapakah luas negara Israel?
5077	berapakah saraf yang terdapat pada otak?
5078	apakah fungsi utama VOC?
5080	Berapa tahun sistem wajib sekolah di Indonesia ?
5081	Dimana Benito Mussolini lahir ?
5082	siapakah penerus tahta Sultan Iskandar Muda?
5083	Apakah nama lagu kebangsaan Turki?
5085	siapakah pendiri lembaga survei Indonesia?
5088	Kapan Yang Pu meninggal?
5089	Bagaimana bentuk bola kriket?
5090	siapakah yang mendirikan Symbian Ltd?
5091	apakah ada kerajaan yang berasal dari Jambi?
5092	Kapan Kesultanan Utsmaniyah runtuh ?
5093	Apakah depresi membahayakan kesehatan?
5094	siapakah karakter utama dalam serial Pokémon ?
5095	Berapa lama masa pemerintahan Dinasti Han?
5097	Apakah bahan dasar utama pembuatan roti ?
5098	berapakah luas kekuasaan Kerajaan Swedia?
5099	Apakah sakit gigi dapat disembuhkan?
5100	apakah nama benua terkecil didunia?
5101	apakah Tubagus Alipan seorang anggota PKI?
5102	Berapa jumlah dinasti yang pernah berkuasa di Tiongkok ?
5103	Apakah nama ibukota Skotlandia?
5105	Kapan Lambertia formosa pertama kali ditemukan ?
5107	Apa itu reaksi substitusi?
5111	Kapan hari kemerdekaan Kamboja
5112	Ada berapa negara yang masuk ke dalam negara bangsa Arab ?
5113	Siapa yang menyebarkan agama Children of God?
5114	Apakah tumbuhan Talas dapat dimakan manusia?
5115	Kapan Bernard Wilhelm Lapian lahir?
5116	Apakah yang dimaksud dengan distributor?
5118	Apa nama kota terbesar di Korea Selatan ?
5119	Dimana Nigel Ernest James Mansell OBE kuliah?
5120	Apa yang dimaksud dengan daimyo ?
5121	Apa yang dimaksud dengan pH ?
5122	Apakah bahasa yang digunakan mayoritas masyarakat Riau?
5123	Kapan Republik Gambia merdeka?
5124	Kapan Vladimir Sviatoslavich meninggal ?
5127	Berapa luas kota Riga?
5128	siapakah penemu world wide web?
5129	Siapa raja pertama kerajaan Banjar ?
5130	siapakah rektor/ketua pertama dari Universitas Lambung Mangkurat?
5131	Apakah maksud surah Makkiyah?
5132	Berapa tahun dalam satu abad?
5134	Siapa yang memperkenalkan konsep Ketuanan Melayu?
5136	Apakah lambang negara Indonesia ?
5137	Berapa luas wilayah Papua Nugini?
5138	siapakah yang membuat manga Naruto?
5139	Kapan Zaman Keemasan Islam berakhir?
5140	Dimana ajang NASCAR pertama kali diadakan ?
5141	bisakah baja berkarat?
5142	Siapakah raja pertama dinasti Joseon ?
5143	berapakah luas Mesir ?
5144	Apakah nama alat komunikasi pertama yang diciptakan manusia ?
5145	Apakah lapisan kulit Hipodermis?
5146	apa yang di maksud dengan Hellenistik?
5148	siapakah orang tua Zhangsun Wuji?
5149	Kapan organisasi PBB didirikan?
5150	Apakah definisi dari bakteri?
5151	Apa agama mayoritas Aljazair?
5153	apakah yang dimaksud dengan kecepatan suara?
5154	Siapakah Raja pertama Kerajaan Belanda?
5155	Pada suhu berapa air mendidih ?
5156	Kapan Universitas Delhi berdiri ?
5157	Kapan bahasa Pascal pertama kali ditemukan?
5158	apakah yang dimaksud dengan nirlaba?
5159	Apakah Penyakit Crohn perlu dioperasi?
5162	Berapa luas wilayah Roma ?
5163	Siapa raja pertama Kekaisaran Persia?
5164	berapakah luas Rusia ?
5165	apakah Uni Soviet mengikuti perang dunia II?
5166	Berapakah luas wilayah Surakarta ?
5167	Dimana Gereja Ritus Timur?
5168	Apakah definisi Samuel Francis terhadap konservatisme?
5169	Kapan merek otomotif Chevrolet didirikan?
5174	dimanakah letak Persia ?
5177	Apakah PES sama dengan FIFA ?
5179	Siapa raja pertama Turki Seljuk ?
5180	Kapan Kerajaan Sriwijaya berdiri?
5181	apakah yang dimaksudkan dengan humaniora?
5182	Kapan Rudolf Rocker lahir ?
5184	Kapan internet pertama kali diciptakan ?
5185	Apa warna bendera Denmark?
5186	Berapa jumlah provinsi di pulau Jawa ?
5187	kapankah agama kristen muncul pertama?
5188	Berapa tahun Jepang menjajah Indonesia?
5190	Ada berapa bulan dalam kalender Gregorian?
5191	Siapakah raja pertama kerajaan Majapahit ?
5192	Berapakah luas wilayah Republik Rakyat Tiongkok?
5193	Dimanakah letak pulau Pulau Inaccessible?
5194	siapakah yang membuat tabel periodik?
5196	Apakah ibukota Filipina ?
5197	Apa nama ibukota Skotlandia ?
5199	Kapan Sony Corporation berdiri ?
5200	Apakah peran Liga Arab?
5201	Siapa penemu teori atom?
5203	apakah penyebab  Dipati Ukur meninggal?
5204	dimanakah Gazi Mustafa Kemal Paşa dilahirkan?
5205	Apakah nama bandara terbesar di Afrika Selatan?
5206	Dimanakah letak kantor Emaar Properties di Dubai?
5207	apakah yang dimaksudkan dengan indeks glikemik?
5208	Kapan PT Telekomunikasi Indonesia, Tbk didirikan?
5213	Kapan Liverpool F.C dibentuk ?
5214	Siapakah  Dalai Lama?
5216	apakah nama ibukota Mesir ?
5217	Apakah tujuan dari Tujuan dari pedagogi kritis?
5219	berapa lamakah Zaman Batu?
5221	Apakah yang dimaksud dengan akhirat dalam Islam?
5222	Apa yang dimaksud dengan aplikasi iOS?
5223	Apa mata uang meksiko ?
5224	Kapan Giancarlo Fisichella mulai menjadi pembalap ?
5227	Siapa pencipta android?
5228	kapankah Rusia resmi menjadi sebuah negara?
5230	dimanakah microsoft didirikan?
5231	darimanakah olahraga Parkour berasal?
5232	Kapan pesawat Garuda Indonesia Penerbangan GA 152  jatuh di Buah Nabar?
5233	Apa maksud kata gynaeceum?
5235	Apakah kartu sim pertama di Indonesia?
5237	Apakah yang dimaksud Irigasi lokal?
5238	negara apa sajakah yang terlibat dalam perang vietnam?
5239	Apakah Ludwig II pernah menjabat sebagai raja ?
5240	berapakah nomor atom dalam Oksigen?
5242	Apa yang dimaksud dengan sel ?
5243	Siapa nama orang tua Dion Momongan?
5244	Apa yang dimaksud dengan gereja Katolik Oriental ?
5246	siapakah yang menemukan Semen pertama kali?
5248	Apakah Turki dan Turkistan adalah negara yang sama ?
5251	Apakah Pasar Beringharjo termasuk pasar tradisional?
5252	Ada berapa negara yang tergabung dalam UE ?
5254	Apa itu suku Cyperaceae?
5255	Apa definisi dari bakteri ?
5256	kapankah Bioteknologi ditemukan?
5257	Apa mata uang Korea Selatan?
5259	Bagaimana bentuk komponen pengeras suara?
5260	Berapa luas Kabupaten Bone Bolango?
5261	Kapan Dr. Moewardi meninggal ?
5264	Apakah perbedaan manga dan anime?
5266	Apakah nama stasiun kereta terbesar di Malang ?
5267	Mengapa pesawat U-2 ditembak jatuh oleh Uni Soviet?
5271	Kapankah Windows 10 pertama kali dirilis ?
5272	Berapakah usia wajib belajar di Indonesia ?
5273	tahun berapakah Tugu Monas selesai dibangun?
5274	Berapa luas Kabupaten Kolaka ?
5275	Apa yang dimaksud dengan pendidikan ?
5277	dari manakah Makhluk mitologis bernama tuyul berasal?
5279	Apa yang dimaksud dengan satelit ?
5280	Kapan Ahmad bin Syu'aib Al Khurasany lahir ?
5281	Apakah kata dengan kalimat sama ?
5285	Apakah yang dimaksud dengan perangkat lunak ?
5287	Dimanakah letak Kraków ?
5289	siapakah yang menggantikan Sun Yat-Sen?
5290	Apakah sistem politik negara Taiwan?
5291	umur berapakah saat David Émile Durkheim mendirikan fakultas sosiologi pertama di Eropa?
5292	apakah jerman pernah menjuarai liga sepakbola dunia?
5293	Kapan Afrahat lahir?
5294	Kapan alat Giroskop digunakan?
5295	apakah sistem pemerintahan di Amerika Serikat?
5296	siapakah yang menciptakan Radio pertama kali?
5297	kapankah amerika serikat menjadi suatu negara?
5299	Apa yang dimaksud dengan Injil Markus ?
5300	dimanakah Pierluigi Collina menjadi penasehat keuangan?
5301	Kapan Lippo Group didirikan?
5302	apakah bahasa Indonesia dari Kimi no Shiranai Monogatari?
5303	Dari mana nama Washington DC berasal ?
5304	Berapa minimal lagu dalam sebuah Album ?
5305	Dimanakah letak Babilonia?
5306	apakah klub bola tertua yang ada di Portugal?
5307	Dimana Laskar Sedekah dibentuk?
5308	kapankah Nabi Muhammad SAW dilahirkan?
5310	Apa itu Mitologi?
5313	Dimana kantor pusat perusahaan mobil Ferrari?
5314	Kapankah Raja Kertanagara diangkat menjadi raja ?
5315	Siapa Joko Widodo?
5316	siapakah pembunuh John Winston Lennon?
5317	apakah dorce adalah seorang laki-laki?
5319	Apa yang dimaksud dengan mitologi ?
5320	negara apakah yang mempunyai curah hujan terbanyak didunia?
5321	Dimana habitat Albatros?
5322	Siapa pendiri Kesultanan Serdang?
5324	Kapan Hold On to Sixteen pertama kali ditayangakn?
5325	berapakah jenis bakteri pada liur komodo?
5326	berapakah jumlah korban Serangan Umum Surakarta?
5329	kapan Kerajaan Hongaria berdiri ?
5331	Kapan Papan ketik proyektor ditemukan ?
5334	Dimana kota kelahiran Theodore Beza?
5335	Apa yang dimaksud dengan Pancasila ?
5336	Berapa luas negara Vietnam?
5338	Darimana asal mangaka Masashi Kishimoto?
5339	Siapa raja pertama Dinasti Han Barat?
5340	Siapa yang menciptakan senter ?
5341	Apakah mata uang Meksiko?
5342	Kapan Stanisława Walasiewicz lahir?
5345	Apa nama bandara Aceh?
5346	Siapakah gitaris grup musik rock Linkin Park?
5350	Apakah Penanda sosial sebuah software?
5353	Kapan Restorasi Meiji terjadi?
5355	Apakah ibukota negara Uganda?
5356	Dimana letak Estonia ?
5357	dari manakah gado-gado berasal?
5359	Siapakah presiden Indonesia pertama?
5361	berapakah luas jerman ?
5362	siapakah pendiri koran Sinar Harapan?
5363	Apakah Yesus disalib?
5364	Tanggal berapa Uranus ditemukan?
5368	berapakah jumlah unsur kimia yang ada?
5369	Berapa penduduk Kota Malang 2017?
5371	berapakah luas Samudra Pasifik?
5373	Apakah bahasa yang digunakan Orang Krowe?
5374	Dimana Salahuddin Ayyubi lahir ?
5375	Apakah gejala utama hepatitis B?
5377	siapakah pemenang pemilu tahun 2014 di Indonesia?
5378	Apa suku asli masyarakat Medan ?
5379	Apa itu Edom ?
5381	Siapakah yang menciptakan Compact Cassette?
5382	Apakah Nina Wang adalah seorang pengusaha ?
5383	Dimana kantor pusat Dirgantara Air Service?
5384	Dimana letak jam Gadang?
5385	Apa yang dimaksud dengan Invasi ?
5386	Berapa luas kota Roma ?
5387	Apakah yang dimaksud dengan ekspor?
5388	Siapa nama nabi yang mendirikan ka'bah ?
5389	Apa itu Trinitas dalam Kristen?
5393	Apa maksud kata denominasi?
5394	Apa mata uang Israel ?
5396	Kapan serial Transformers pertama kali tayang ?
5397	Kapan Videoteks  dikembangkan ?
5398	Siapa pendiri pabrikan Italia Alfa Romeo?
5399	kapankah Indonesia pertama kali merdeka?
5400	Kapan Google berdiri ?
5403	Di manakah letak Samudra hindia?
5404	Apa kepanjangan dari GPS?
5405	Apakah Cabang ilmu pengetahuan alam yang mempelajari tentang reptil?
5407	Apa nama kota terbesar di Vietnam?
5409	bisakah kita mengganti  Alamat IP pada komputer personal kita?
5412	Apa itu ilmu trigonometri?
5415	Apa yang dimaksud dengan kaum Muhajirin?
5416	Siapakah Friedrich Nietzsche?
5417	Apa bahasa resmi Republik Rakyat Tiongkok?
5418	berapakah puncak tertinggi di pegunungan alpen?
5420	Siapa pembentuk Konfederasi Jerman?
5422	Apa nama grup musik Tony Waluyo Sukmoasih?
5423	Berapa lama Tahun Baru Imlek?
5424	Apakah jenis hiu terbesar di dunia ?
5425	Kapan seni Renaissance dimulai di Florence?
5426	apakah yang dimaksudkan dengan kardinal uskup agung?
5427	Apakah yang dimaksud dengan ilmu mitologi?
5428	Apakah sumber hukum di Indonesia?
5429	dimanakah letak suku Sunda berasal?
5430	kapankah Sultan Agung Adi Prabu Hanyakrakusuma meninggal?
5433	Aapakah stasiun pertama di Indonesia?
5434	Apa nama bandara di Bali ?
5435	Apa yang dimaksud dengan homeostatis ?
5439	Apakah maksud istilah hominid?
5440	Apakah maksud dari kata Basilika?
5441	Kapankah tembok berlin diruntuhkan ?
5442	Kapan Kiai Haji Achmad Abdul Hamid Kendal lahir ?
5443	kapankah SBY mememnangi pemilu Indonesia pertama kali?
5444	Berapa luas Kanada ?
5445	Apa yang menyebabkan usus buntu?
5446	Kapan zaman Milenium dimulai ?
5447	Siapakah yang disebut dengan Paus ?
5449	Kapankah Inggris meninggalkan Malaysia ?
5450	Dimana letak El Salvador?
5451	tahun berapakah kepercayaan Taoisme muncul?
5453	Siapa yang memimpin Ekspedisi Chitral ?
5454	kapankah Partai Komunis Cekoslowakia didirikan?
5455	dimanakah televisi pertama diciptakan?
5456	Siapakah yang menciptakan wiracarita Mahabharata?
5457	Apa yang dimaksud dengan sepuluh Suku Israel ?
5458	Dimana Robert Bellarmine lahir?
5462	Apakah agama islam termasuk agama Monoteisme ?
5463	Apakah Observatorium Bosscha dibuka untuk tempat wisata?
5464	Kapan paham komunis mulai masuk ke Indonesia ?
5466	Apa sebutan lain untuk klan Minamoto?
5467	Kapan paham kapitalisme  pertama kali muncul?
5468	Kapan AdSense dirilis?
5469	Berapakah luas Kabupaten Pasaman Barat?
5471	Dimana letak Kota Jambi?
5472	Apakah peran medan listrik dalam Radiasi elektromagnetik?
5473	Apakah Ya’juj dan Ma’juj manusia?
5474	Apa maksud konsumsi dalam Ekonomi?
5476	Apakah yang dimaksud dengan Fusi nuklir?
5477	Berapa jumlah kecamatan di kabupaten Serang?
5478	berapakah luas  Provinsi Sulawesi Utara?
5479	Apakah mata uang  Skotlandia ?
5480	apakah MSDM mencakup ilmu psikologi?
5481	Kapan pemerintahan pusat Mesir runtuh?
5484	Apakah cabang ilmu islam yang dikuasai Ibnu Taimiyah?
5485	Apa pengertian pasar dalam ilmu ekonomi ?
5486	Apa yang dimaksud dengan tokoh punakawan?
5487	Apa bahasa mayoritas penduduk Australia ?
5488	dimanakah letak Bourgogne ?
5489	apakah cahaya matahari meberikan efek pada proses pigmentasi?
5490	Apa mata uang Jepang ?
5492	Apakah yang dimaksud dengan perayaan Obon?
5493	Dimana letak Pulau Pitcairn ?
5494	Dimanakah letak Kabupaten Subang?
5495	Siapa yang mengetuai Pengepungan Damaskus?
5496	Apa yang dimaksud dengan digital ?
5497	Adakah Iran termasuk dalam Liga Arab?
5498	Kapan Konvensi Jenewa diciptakan?
5500	Berapa luas daerah Tomohon?
5501	Dimanakah markas FC Barcelona?
5506	Apakah orang yang mengeluarkan nifas dibolehkan melakukan hubungan suami istri?
5507	siapakah orang tua Mahasthavira Vajragiri?
5508	Apakah bentuk sistem pemerintahan Malaysia?
5509	apakah ada populasi manusia di Pulau Selaru?
5511	Apakah yang dimaksud dengan Teleskop ?
5512	siapakah yang menciptakan Kamen Rider pertama kali?
5513	dimanakah letak County Edessa?
5514	Kapan Invasi Polandia dimulai ?
5516	Apakah definisi dari Gempa Vulkanik?
5517	apakah perubahan yang terjadi pada sektor manufaktur pada saat Revolusi Industri pertama terjadi?
5519	apakah mayoritas Iran adalah Syi'ah?
5520	Apakah rumus kelajuan cahaya?
5521	Siapa pendiri perusahaan Yahoo!?
5523	Dimanakah letak Jombang ?
5524	apakah yang dimaksud dengan Islam Sunni?
5526	Dimanakah letak delta mahakam?
5527	Kapan musik rock pertama kali diciptakan ?
5529	apakah Plutarkhos masih hidup?
5531	Apakah yang dimaksud dengan desa ?
5532	berapakah luas Kabupaten Ogan Komering Ilir?
5533	Siapa itu Pandawa?
5534	Apakah Laut Aegea masuk kedalam wilayah Yunani ?
5536	apakah Kenneth Ray "Kenny" Rogers mempunyai anak ?
5537	Kapan ilmu kimia pertama kali ditemukan ?
5538	Kapan Hydatius lahir ?
5539	Apa nama asli Uesugi Kenshin?
5540	dimanakah Santo Fransiskus Xaverius dilahirkan?
5541	Kapan Joko Widodo diangkat sebagai Presiden Indonesia?
5542	Apakah tarian tradisional masyarakat Sunda?
5543	dimanakah letak benua Asia?
5545	Berapa luas lahan kelapa sawit di daerah kalimantan ?
5546	Apakah mata uang Korea Selatan?
5547	Siapakah pemeran utama The Longest Ride?
5549	Apakah maksud reptil dalam bahasa Latin?
5550	Berapa lama masa kekuasaan Dinasti Tang?
5551	Dimana letak kerajaan Romawi?
5552	Kapan Kaisar Zhongzong lahir?
5553	Kapankah zaman prasejarah nerakhir ?
5554	Dimana torium bisa ditemukan ?
5555	Dimanakah letak Kepulauan Tanimbar?
5556	Apakah yang dimaksud dengan bakteri ?
5558	Apakah ibukota Italia ?
5559	Apakah heliocentric model dikenalkan oleh Galileo Galilei?
5561	Berapa jumlah pasukan islam pada masa Penaklukan Hispania?
5562	berapakah luas Singapura ?
5564	Apakah jenis sistem politik negara Vietnam?
5565	apakah penyebab kematian Pavel I?
5566	Apakah radiasi yang dihasilkan dari reaksi nuklir?
5568	Siapakah yang menghapuskan perbudakan di Amerika Serikat ?
5569	apakah yang dimaksud dengan kosmologi?
5571	Siapa yang melantik Raden Said Soekanto Tjokrodiatmodjo sebagai Kepala Kepolisian RI ?
5572	Dimana menara Eiffel  terletak ?
5574	Apakah ibukota Malaysia?
5576	Kapan film Harry Potter serial pertama dirilis ?
5578	kapankah tabel periodik dibuat pertama kali?
5580	Berapa jumlah desa di kecamatan Kaliwungu Selatan?
5581	berapakah jumlah episode Clannad ?
5582	Dimana letak candi Borobudur?
5588	Apakah pekerjaan pertama  Billy Boen?
5589	siapakah raja/sultan pertama Kesultanan Palembang Darussalam?
5591	Apa nama pakaian tradisional Jepang ?
5593	bisakah semut berkomunikasi?
5594	Siapakah Santo George?
5596	Apakah yang dimaksud dengan kalimat majemuk ?
5598	Apakah kesultanan Utsmaniyah termasuk zaman keemasan Islam?
5599	apakah Badak jawa terancam punah?
5600	Siapakah Komando Pengebom XX Pasukan Udara Angkatan Darat Amerika?
5601	Kapankah Organisasi Pembebasan Palestina dibentuk?
5602	Apa maksud kata Gulag?
5603	Berapa kali Maumoon Abdul Gayoom menjadi presiden?
5604	apakah David Émile Durkheim masih hidup?
5606	Apakah motif khas batik Solo?
5607	berapakah luas  Museum Fatahillah?
5611	Siapa pemimpin pertama Dinasti Tang?
5613	dimanakah Archimedes meninggal?
5614	berapakah jumlah negara di benua afrika?
5615	Apakah pendidikan tertinggi Christoph Blocher?
5617	apakah yangdimaksud dengan Decepticons?
5619	Berapa jumlah kitab Perjanjian Lama Kristen?
5620	Berapa anggota Parlemen Eropa?
5621	Berapa luas wilayah kekaisaran Romawi?
5622	dimanakah letak Jepara?
5624	Kapan partai komunis pertama kali berdiri di Tiongkok ?
5625	umur berapakah Meester in de Rechten Herman Willem Daendels menjabat sebagai gubernur Hindia Belanda?
5626	Kapan The Washington Post berdiri ?
5627	Apakah hepatitis B sejenis penyakit?
5630	Apakah kode Bandar Udara Internasional Ibu Kota Beijing?
5632	berapakah luas kekuasaan kekaisaran Romawi?
5633	Siapakah bapak biologi dunia?
5634	Siapakah yang menulis serial Naruto ?
5635	Kapan Taylor Swift lahir ?
5636	Apa itu elektron?
5638	Apa pengertian dari perangkat keras?
5639	kapankah sekuel pertama The Hunger Games dirilis?
5641	Siapa yang memproduksi acara Britain's Got Talent?
5642	Apakah watak Petruk seorang laki laki?
5643	Buah apa yang berkulit tajam?
5645	Kapan RSUD Dr. Moewardi diresmikan ?
5648	Apakah bunyi hukum penawaran dalam ilmu ekonomi?
5650	Kapan novel We Need to Talk About Kevin dirilis?
5651	Apa yang dimaksud dengan cause célèbre?
5654	Apakah judul cerita rakyat yang dimainkan Calon Arang?
5655	apakah Pangeran Arya Jepara mempunyai anak?
5656	Apakah dewa brahmana berasal dari kepercayaan Hindu ?
5657	Kapan Fly to the Sky mulai debut ?
5658	Kapan Rinto Harahap lahir?
5659	Apa yang dimaksud dengan Pesawat Ulang-Alik ?
5660	Berapa tahun Ronald Wilson Reagan menjadi Presiden Amerika Serikat ke-40?
5661	Apakah kepanjangan dari KKI?
5662	berapakah jumlah negara di Uni Eropa?
5663	Kepada siapa kitab taurat diturunkan ?
5664	Apakah warna bendera Jerman?
5665	Apa suku asli penduduk jawa Barat ?
5666	Apa mata uang Papua Nugini?
5667	kapankah Sony PlayStation 3 dirilis?
5670	Apakah bahasa resmi yang digunakan di Malaysia ?
5671	Apakah mata uang negara Indonesia?
5672	Kapan jalur ABG mulai digunakan?
5674	Dimana Partai Nazi didirikan?
5676	siapakah pencipta kereta listrik?
5677	Kapan Perserikatan Bangsa-Bangsa dibentuk?
5678	apakah nama mata uang Singapura?
5684	Kapankah manga mulai berkembang di Jepang ?
5687	Apakah kandungan molekul yang terdapat dalam lemak ?
5688	Adakah Kashmir dilalui oleh Sungai Indus?
5689	Kapan mesin tik pertama kali ditemukan ?
5690	siapakah orang tua Jacques Lacan?
5691	Apa itu Biokimia?
5693	siapakah yang menciptakan serial Transformers?
5694	Siapa yang merancang Summly ?
5695	Apa itu bahasa Aram?
5696	Dimana lokasi Burj Khalifa?
5697	Apa yang dimaksud dengan keadaan geomorfologis ?
5698	kapankah kerajaan Thailand pertama kali didirikan?
5699	Di manakah letak pembangkit listrik nuklir pertama di dunia?
5700	kapankah agama kristen masuk ke negara indonesia?
5702	Siapakah yang membentuk grup Potret?
5703	Apa saja string pada biola?
5704	dinasti apa kah yang membangun Tembok Raksasa Tiongkok?
5708	Dari mana bahasa Sanskerta  berasal ?
5709	Kapan Televisi ditemukan ?
5710	dimanakah letak Gereja Katolik tertua di dunia?
5711	Apakah mata uang Albania ?
5718	apa lambang nitrogen dalam tabel periodik?
5720	dari manakah asal kata vegetasi ?
5722	Kapan Bahasa Tionghoa ditemukan?
5723	Kapan terjadinya tsunami di Aceh ?
5725	Siapa nama orang tua Harry Potter ?
5727	Apa yang dimaksud dengan kritikus sastra ?
5728	Kapan Władysław I diberi gelar adipati ?
5729	Apakah kesenian yang terkenal dari wilayah Jawa tengah ?
5733	kapankah Internet pertama kali dibuat?
5735	Di umur berapa Charles-Camille Saint-Saëns mulai menjadi komponis?
5736	apa definisi dari molekul ?
5738	Apakah Binokular digunakan untuk mengamati Planet?
5739	Ada berapakah serial Dragon Ball?
5741	dari manakah hapkido berasal?
5742	Siapa itu Tu Di Gong ?
5743	Apa yang dimaksud dengan ELO?
5744	Berapakah luas pulau Jeju ?
5745	Apakah ibukota Suriah?
5746	Berapa jumlah kolom dalam tabel periodik?
5747	Bagaimana cara mencegah Tuberkulosis?
5748	Dimana Ban Ki-moon lahir ?
5750	Dimana letak universitas Harvard?
5752	Berapa luas Samudera Pasifik?
5753	Kapan Fransiskus diangkat menjadi Paus ?
5754	Siapa pendiri Gereja Methodist Indonesia?
5755	Dari manakah asal kata Matematika?
5756	Berapa lama Belanda menjajah Indonesia ?
5758	Berapa luas Kota Jepara?
5759	Apa itu anarkisme?
5760	Kapan Yoweri Kaguta Museveni lahir?
5761	Berapakah luas wilayah kekuasaan Kesultanan Utsmaniyah ?
5762	Kapan manga pertama kali diciptakan ?
5763	berapakah luas Kota Pariaman?
5765	Berapa luas kabupaten Biak?
5766	Apa nama tempat wisata alam paling terkenal di Pemalang ?
5767	Apa novel pertama yang ditulis Ernest Miller Hemingway?
5768	Apakah sistem politik Afrika Selatan?
5770	Berapakah luas perairan Samudera Hindia ?
5771	Kapan The Hunger Games diterbitkan?
5773	kapan Sunan Giri lahir ?
5774	kapan industri perfilman dimulai di Indonesia ?
5775	Kapan Spirited Away pertama kali ditayangkan?
5776	Apakah perusahaan produksi Roti terbesar di Indonesia ?
5777	Apakah definisi sederhana dari sains ?
5779	Siapa yang mneyusun tabel periodik?
5781	Kapan Kerajaan Shilla berdiri ?
5782	Kapan HootSuite didirikan?
5783	pernahkah Putri Di Dalam Petung menikah?
5784	Apakah jenis sistem pemerintahan Malaysia?
5785	apakah yang dimaksud dengan BigBang?
5786	apakah alasan Jhon lennon keluar dari the beatles?
5787	Kapan telepon pertama kali digunakan di Indonesia ?
5788	siapakah orang tua Harry Potter?
5789	Apakah sifat umum Haloalkana?
5790	apakah bima termasuk karakter protagonis?
5791	Apa pengertian unsur kimia ?
5792	Apa itu LGBT?
5793	Kapan Arnulf menjadi seorang Adipati ?
5795	Siapa pemimpin pertama NKCP?
5796	Kapan Kamen Rider pertama diproduksi ?
5799	Apakah orang yang mengeluarkan nifas dibolehkan puasa?
5800	Kapan Detektif Conan mulai difilmkan ?
5802	tahun berapakah Huo Yuanjia meninggal?
5803	Kapan Bani Ayyubiyah berdiri ?
5804	apakah nama ibukota Argentina?
5805	Apa definisi dari filsafat ?
5806	Apa penyebab dari Meningitis ?
5808	Siapakah yang menemukan kamera?
5810	apakah bahasa Jawa Kuno masih digunakan?
5814	Apakah nama ilmiah buah keras?
5815	berapakah jumlah album Red Hot Chili Peppers?
5816	Berapa lama bumi mengitari matahari ?
5822	Apa penghasilan utama masyarakat Dharmasraya ?
5823	Berapa jumlah putri Raja Kasi dalam wiracarita Mahabharata?
5825	apakah arti kata Romusha?
5828	Apakah nama ibukota Thailand?
5830	Darimana asal L.B. Moerdani?
5831	Menceritakan tentang apakah Surah Luqman?
5832	Dimanakah letak Yerusalem ?
5833	Dimana kantor pusat South African Airways?
5835	apakah fosil bisa dijadikan energi terbaharui?
5837	Kapan rusia memulai industri senjata nuklir ?
5838	Apa nama PT yang memproduksi bir Bintang?
5839	Dari manakah asal penduduk yang menjadi budak di Amerika Serikat ?
5840	Apakah nama klub golf tertua di Skotlandia?
5841	Apa yang dimaksud dengan proses fermentasi ?
5843	Berapa lama Deng Xiaoping menjadi pemimpin revolusi dalam Partai Komunis Tiongkok?
5845	Dimana batuan metamorf  bisa ditemukan ?
5846	apakah yang dimaksud dengan mutasi ?
5847	berapakah luas denmark?
5848	Siapa nama ibu Bolesław ?
5849	Kapan Dragon Ball ditayangkan di TV pertama kali ?
5851	Dimanakah letak IPDN pertama ?
5852	dimanakah letak Mesir?
5853	Apakah yang dilakukan dalam upacara Belian sentiu?
5854	Apa definisi dari dimensi ?
5857	Berapa lama Belanda menjajah Indonesia?
5859	berapakah jalur kereta Yang di miliki PT KAI?
5860	Aapakah stasiun televisi pertama di Indonesia?
5862	Kapan industri dirgantara dimulai di Indonesia?
5864	Siapa raja pertama Dinasti Candra?
5865	Dimanakah letak Birma ?
5867	berapakah luas Kabupaten Murung Raya?
5868	Dari manakah Shahanshah Akbar-e-Azam berasal?
5869	kapankah Internet  masuk ke Indonesia pertama kali?
5871	Apakah yang dimaksud dengan demografi ?
5872	Siapa yang memenangi Pertempuran Manzikert?
5873	Kapan Ernest Miller Hemingway pertama kali menulis novel?
5876	Apa nama tempat wisata di Pemalang?
5877	apa sajakah aliran agama budha didunia?
5878	siapakah pemimpin terakhir Kerajaan Majapahit?
5880	Apa fungsi klorofil pada tumbuhan?
5881	Dimana letak Korintus ?
5882	Tahun berapa filem Ayat Ayat cinta pertama kali ditayangkan?
5883	Kapan stasiun luar angkasa Mir berhenti beroperasi?
5884	siapakah orang tua?
5886	tahun berapakah Candi Penataran dibangun?
5887	Apakah permainan rugbi membutuhkan wasit ?
5888	Dari manakah asal kitah tentang Ratu Laut Selatan?
5889	Berapa luas Kabupaten Tabalong?
5890	dimanakah letak Minangkabau ?
5891	Siapakah kompetitor Honda?
5893	Apa itu algoritme ?
5894	Apakah Dildo terbuat dari Kayu?
5895	Berapakah luas kota Medan?
5896	Kapan zaman Meiji dimulai ?
5897	Kapankah radio ditemukan ?
5898	siapakah musuh utama Harry Potter?
5899	Kapan istilah Kriptografi ditemukan ?
5900	Siapa raja Raja Hongaria pertama?
5901	apakah yang di maksud dengan protestan?
5902	Apakah nama tempat wisata yang terkenal di Magelang ?
5903	Berapa jumlah surah dalam al-Qur'an?
5905	Siapa juri Britain's Got Talent pertama ?
5906	apakah yang dimaksudkan dengan surah  Makkiyah?
5907	berapakah luas Kota Ternate?
5909	Berapa minggu jumlah masa kehamilan ?
5910	Apa nama perusahaan pembuat handphone pertama di Indonesia ?
5911	Dari manakah suku Pamona berasal ?
5913	apakah nama mata uang Rusia?
5914	Dimana lokasi Sony Entertainment Television?
5915	Apa ibukota Provinsi Maluku Utara?
5916	Berapa jumlah desa di Kabupaten Gresik?
5917	Apakah definisi pelanggan dalam ekonomi?
5919	Siapa ibu Yesus?
5920	apakah makanan khas Makassar?
5921	Adakah Gilgames seorang Raja?
5922	kapankah Cartoon Network didirikan?
5923	Kapan Ke' Lesap lahir?
5924	apakah Michael Dell mendirikan perusahaan nya dengan menggunakan dana investor?
5925	Apa pengertian dari hewan herbivora ?
5926	berapakah luas kota surakarta?
5927	Kapan Toko Gunung Agung didirikan?
5929	berapakah luas negara Israel ?
5930	Kapan serial Dragon Ball pertam kali tayang di TV ?
5931	Berapa jumlah sel dalam tubuh manusia ?
5932	Apakah masakan Belanda banyak menggunakan produk susu?
5933	Kapan Vladimir Sviatoslavich lahir ?
5934	apakah kerajaan Persia terletak di negara Iran?
5935	Apakah Meningitis bisa disembuhkan?
5937	Mengapa São Paulo merupakan sebuah hub transportasi internasional di Amerika Selatan?
5938	Siapakah perintis BPUPKI ?
5939	Bagaimana sistem pemerintahan Korea Selatan ?
5942	Apa judul pertama Serial Detektif Conan?
5944	Jamur apa yang tidak dapat dikonsumsi oleh manusia?
5945	Dimana Mandar dengkur pertama ditemukan?
5946	Kapan masyarakat Tionghoa merayakan Tahun Baru Imlek?
5949	Apa penyebab Pertempuran Pertama Bud Dajo?
5950	Siapa pengisi suara Elsa dalam film Frozen?
5954	Berapa luas negara Denmark?
5955	Berapakah luas Kabupaten Ketapang?
5956	Apa yang dimaksud dengan tokoh protagonis ?
5957	Bagaimanakah sistem pemerintahan Arab saudi ?
5959	Bagaimana proses pembentukan jamur?
5961	Dimana letak candi Prambanan?
5962	apakah Daspletosaurus bertelur?
5963	Apa itu Falintil ?
5964	Apa itu stalakmit?
5966	tahun berapakah kapal segel merah berlayar?
5967	apakah mata uang yang digunakan di  Jepang?
5969	Mengapa Pertempuran Breslau terjadi?
5970	Siapa itu al-Ikhshīd ?
5972	apa yang di maksud molekul?
5975	Siapa raja pertama Kesultanan Kacirebonan ?
5977	Siapa yang memproduksi Kamen Rider?
5978	kapankah serial anime manga Naruto dimulai pertama kali?
5981	Apakah prinsip dasar dari ekonomi ?
5982	Dari mana asal pohon durian?
5985	Siapa raja pertama Arab Saudi?
5986	Siapa nama pemimpin gereja ?
5987	Apakah yang dimaksud dengan spesies ?
5988	Kapan perang Dunia II dimulai ?
5989	dari manakah asal Tantowi Yahya?
5990	berapakah jenis kapal yang ada dalam Perang Dunia II?
5991	Apa itu manga?
5992	Apa nama ibukota Belgia ?
5994	Apa itu Vereenigde Oostindische Compagnie?
5995	kapankah rumus gravitasi pertama kali diciptakan?
5996	Apakah rumus kimia Pewarna indigo?
5997	Apa nama bandara pertama di Indonesia?
5999	kapankah One Piece pertama kali dirilis?
6000	berapakah jumlah sekuel novel Harry Potter?
6001	apakah nama ibukota Sri lanka?
6002	Siapakah penulis komik Marvel?
6003	siapakah pendiri Marvel Comics?
6004	Berapa luas Kalimantan Selatan?
6006	Apakah nama pakaian tradisional Jepang?
6008	Dimana Pemilu di Palestina dilakukan?
6009	Kapan website pertama kali diciptakan ?
6010	Apa itu lembaga supranasional?
6011	Siapa nama vokalis The Jimi Hendrix Experience?
6012	Kapan Kekhalifahan Abbasiyah berdiri ?
6013	negara manakah yang melakukan Revolusi Industri pertama kali?
6014	Kapan Abad Pertengahan dimulai ?
6015	Apakah  peristiwa perubahan wujud dari zat padat menjadi gas?
6016	Apa itu format digital?
6017	berapakah luas Los Angeles?
6018	Di manakah letak Menara eiffel?
6019	Siapakah nama vokalis The Beatles?
6022	Apa yang disebut kebutuhan papan ?
6023	Kapan film James Bond pertama dirilis ?
6024	Apakah mata uang meksiko ?
6026	Siapakah presiden pada masa orde baru?
6027	Ada berapa serial komik Detektif Conan?
6028	Kapan Marvel Comics diciptakan?
6029	Kapan Windows 2000 dirilis?
6030	Kapan Oven surya diciptakan ?
6031	apakah Raden Adjeng Kartinipernah menikah?
6032	Apakah ibukota Serbia?
6035	Berapa lama Manusia bertopeng besi dipenjara?
6036	Apa yang dimaksud dengan vestimentum ?
6037	Berapa lama Kekaisaran Daoguang berkuasa ?
6038	Kapan perusahaan Sony berdiri ?
6040	umur berapakah Albert einstein meninggal?
6041	Kapan Partai Demokrasi Rakyat Afganistan didirikan?
6044	Siapakah presiden pertama Republik Indonesia ?
6045	Siapa sultan pertama keraton Yogyakarta ?
6046	Berapa jumlah kecamatan di Kabupaten Situbondo?
6047	Berapakah suhu terendah Jeju di musim dingin ?
6048	Apakah fungsi utama seorang pemimpin dalam komunitas?
6049	berapakah jumlah provinsi di pulau Jawa?
6050	Kapan Observatorium Bosscha dibangun ?
6051	Mengapa Gereja Kebangunan Kalam Allah Indonesia didirikan?
6053	Siapa pendiri Kekaisaran Romawi?
6054	siapakah pendiri Windows microsoft?
6055	Apakah karakter Avatar seorang laki laki?
6056	Siapa pendiri kerajaan Kahuripan?
6057	Apa nama mata uang Korea Selatan ?
6058	siapakah penerus Asoka yang Agung?
6059	Apa yang dimaksud dengan multipemain masif ?
6060	Apakah gejala migrain?
6061	kapankah Naruto masuk dalam siaran tv Indonesia?
6062	Siapa nama istri Abimanyu ?
6064	Kapan Fansub pertama kali dilakukan?
6065	Apa yang dimaksud dengan surah Madaniyah ?
6067	Siapa raja kedua Kesultanan Mataram?
6068	kapankah Amerika Serikat menjadi negara?
6069	Kapan Metal Gear Solid dirilis?
6070	Siapa sutradara serial televisi Lost?
6071	Apakah ibukota Turki ?
6072	Dimana Daisetz Teitaro Suzuki lahir ?
6073	Berapa jumlah anggota International Institute for Democracy and Electoral Assistance ?
6074	Apa pengertian pasar dalam ilmu ekonomi?
6075	Kapan tahun hijriyah dimulai ?
6076	apakah agama mayoritas di Filipina?
6077	Apakah bahasa yang digunakan mayoritas penduduk Republik Tiongkok?
6078	Kapan Kekhalifahan Kordoba berdiri ?
6079	Darimanakah jeruk sitrun berasal?
6080	Dari mana pasukan Keshogunan Tokugawa berasal ?
6083	berapakah luas pulau Jawa?
6084	Berapa luas kabupaten Lombok Timur?
6086	Berapa luas wilayah Jawa Barat?
6088	tahun berapakah film Posesif dirilis?
6089	Apakah hukum gravitasi Newton?
6090	Kapan mata uang Euro secara fisik baru dipakai?
6091	Apakah bandara terbesar di Singapore?
6092	Siapakah yang tergolong konsumen?
6093	berapakah luas Jember?
6094	Siapakah penulis komik Marvel ?
6095	Di daerah mana islam pertama kali disebarkan di Indonesia?
6097	Apa itu ilmu geometri?
6098	Dimana letak provinsi Jambi?
6099	Siapa itu keluarga Korawa?
6100	berapakah luas Kota Cirebon?
6101	Siapa pendiri Koninklijke Paketvaart Maatschappij ?
6102	Apakah negara yang pertama berhasil melakukan uji coba senjata nuklir?
6103	Apa itu perangkat keras ?
6104	umur berapakah Bhikkhu Ashin Jinarakkhita diangkat sebagai biksu?
6106	kapankah papua nugini melepaskan diri dari indonesia?
6107	Berapa luas Kansas City?
6108	Siapa nama kaisar pertama Dinasti Ming ?
6109	Berapa luas Skotlandia?
6111	Kapan Vesna Vulović mulai perjadi Pramugari?
6112	berapakah jumlah sekuel buku Harry Potter?
6113	berapakah jumlah ayat di dalam Bible?
6114	Apa yang dimaksud dengan fungi ?
6117	Apa nama museum terbesar di Indonesia ?
6118	Kapan Permaisuri  Ana lahir ?
6119	Mengapa Faisal bin Musaid membunuh Raja Saudi Arabia Faisal Bin 'Abdul 'Aziz?
6120	Apa nama negara terkecil di Eropa ?
6121	Kapan Bakrie Telecom berdiri ?
6122	Dimana Paus Yohanes XXIII meninggal?
6123	berapakah tinggi Gunung Rinjani?
6124	Darimana karya Mahabharata berasal?
6125	apakah nama ibukota Myanmar?
6126	Siapa nama pemimipin perang Goguryeo-Su Dinasti Sui pertama ?
6127	Apa nama stasiun TV pertama di Indonesia ?
6130	Berapa luas kekuasaan kekaisaran Romawi?
6131	Siapa yang mengkonsepkan Kanal Banjir Jakarta?
6132	Apakah pengertian dari Konvergensi ?
6134	Kapankah telepon pertama kali masuk ke Indonesia ?
6135	apakah yang dimaksud dengan dunia maya?
6136	Apakah mata uang negara Thailand?
6137	dimankah gereja katolik tertua asia tenggara?
6139	Kapan internet mulai masuk ke Indonesia?
6140	Siapakah yang mendirikan Nissan Motors?
6141	Apa nama tempat bersejarah yang paling terkenal di Jerman ?
6143	Siapa yang menyusun tabel periodik?
6144	apakah nama ibukota Bosnia ?
6145	Kapan PT Kereta api Indonesia  berdiri ?
6146	Dari manakah asal dunia persilatan ?
6147	Kapan Kaisar Tang Gaozu mulai menjabat ?
